data,ticker,fechamento
2019-01-02,ABEV3,16.15
2019-01-02,ALPA4,17.5
2019-01-02,ARZZ3,55.31
2019-01-02,AZUL4,36.33
2019-01-02,B3SA3,27.79
2019-01-02,BBAS3,48.6
2019-01-02,BBDC3,35.77
2019-01-02,BBDC4,40.39
2019-01-02,BBSE3,28.32
2019-01-02,BEEF3,5.08
2019-01-02,BIDI4,39.46
2019-01-02,BPAC11,24.9
2019-01-02,BPAN4,2.0
2019-01-02,BRAP4,31.09
2019-01-02,BRDT3,26.0
2019-01-02,BRFS3,22.38
2019-01-02,BRKM5,48.31
2019-01-02,BRML3,13.46
2019-01-02,BTOW3,43.0
2019-01-02,CCRO3,12.0
2019-01-02,CIEL3,9.63
2019-01-02,CMIG4,14.3
2019-01-02,CPFE3,28.94
2019-01-02,CPLE3,30.0
2019-01-02,CPLE6,30.85
2019-01-02,CRFB3,18.95
2019-01-02,CSAN3,35.7
2019-01-02,CSMG3,63.8
2019-01-02,CSNA3,9.21
2019-01-02,CVCB3,61.1
2019-01-02,CYRE3,15.87
2019-01-02,DIRR3,8.18
2019-01-02,ECOR3,9.72
2019-01-02,EGIE3,34.14
2019-01-02,ELET3,29.25
2019-01-02,ELET6,32.26
2019-01-02,EMBR3,21.54
2019-01-02,ENBR3,14.18
2019-01-02,ENEV3,16.71
2019-01-02,ENGI11,38.0
2019-01-02,EQTL3,74.91
2019-01-02,ESTC3,24.85
2019-01-02,EZTC3,25.78
2019-01-02,FLRY3,20.15
2019-01-02,GGBR4,15.2
2019-01-02,GNDI3,29.56
2019-01-02,GOAU4,7.16
2019-01-02,GOLL4,25.45
2019-01-02,HAPV3,31.1
2019-01-02,HGTX3,30.21
2019-01-02,HYPE3,31.15
2019-01-02,IGTA3,42.43
2019-01-02,IRBR3,83.3
2019-01-02,ITSA4,12.65
2019-01-02,ITUB4,37.0
2019-01-02,JBSS3,12.04
2019-01-02,JHSF3,2.0
2019-01-02,KLBN11,16.31
2019-01-02,KROT3,9.25
2019-01-02,LAME4,19.72
2019-01-02,LCAM3,38.77
2019-01-02,LOGG3,16.85
2019-01-02,LREN3,43.55
2019-01-02,MGLU3,185.99
2019-01-02,MRFG3,5.65
2019-01-02,MRVE3,12.64
2019-01-02,MULT3,24.92
2019-01-02,NATU3,46.4
2019-01-02,PCAR4,82.77
2019-01-02,PETR3,26.65
2019-01-02,PETR4,24.06
2019-01-02,POMO4,4.24
2019-01-02,PRIO3,103.56
2019-01-02,PSSA3,52.01
2019-01-02,QUAL3,13.64
2019-01-02,RADL3,56.7
2019-01-02,RAIL3,16.95
2019-01-02,RENT3,30.87
2019-01-02,SANB11,45.74
2019-01-02,SBSP3,34.37
2019-01-02,SLCE3,44.43
2019-01-02,SMLS3,43.5
2019-01-02,SMTO3,18.5
2019-01-02,STBP3,4.25
2019-01-02,SULA11,28.1
2019-01-02,SUZB3,38.6
2019-01-02,TAEE11,24.21
2019-01-02,TEND3,32.37
2019-01-02,TIMP3,12.15
2019-01-02,TOTS3,28.65
2019-01-02,TRPL4,70.0
2019-01-02,UGPA3,54.34
2019-01-02,USIM5,9.76
2019-01-02,VALE3,51.09
2019-01-02,VIVT3,41.91
2019-01-02,VIVT4,47.18
2019-01-02,VVAR3,4.38
2019-01-02,WEGE3,17.98
2019-01-03,ABEV3,16.33
2019-01-03,ALPA4,17.53
2019-01-03,ARZZ3,55.58
2019-01-03,AZUL4,36.37
2019-01-03,B3SA3,29.0
2019-01-03,BBAS3,48.8
2019-01-03,BBDC3,36.5
2019-01-03,BBDC4,40.78
2019-01-03,BBSE3,28.63
2019-01-03,BEEF3,5.2
2019-01-03,BIDI4,38.32
2019-01-03,BPAC11,25.93
2019-01-03,BPAN4,1.94
2019-01-03,BRAP4,29.9
2019-01-03,BRDT3,26.6
2019-01-03,BRFS3,21.49
2019-01-03,BRKM5,48.6
2019-01-03,BRML3,13.55
2019-01-03,BTOW3,43.44
2019-01-03,CCRO3,12.39
2019-01-03,CIEL3,9.4
2019-01-03,CMIG4,14.0
2019-01-03,CPFE3,28.59
2019-01-03,CPLE3,30.2
2019-01-03,CPLE6,31.2
2019-01-03,CRFB3,19.76
2019-01-03,CSAN3,36.24
2019-01-03,CSMG3,64.9
2019-01-03,CSNA3,9.32
2019-01-03,CVCB3,60.71
2019-01-03,CYRE3,16.13
2019-01-03,DIRR3,8.17
2019-01-03,ECOR3,9.92
2019-01-03,EGIE3,35.26
2019-01-03,ELET3,31.0
2019-01-03,ELET6,34.2
2019-01-03,EMBR3,21.9
2019-01-03,ENBR3,14.77
2019-01-03,ENEV3,16.8
2019-01-03,ENGI11,38.2
2019-01-03,EQTL3,77.0
2019-01-03,ESTC3,24.83
2019-01-03,EZTC3,25.86
2019-01-03,FLRY3,20.45
2019-01-03,GGBR4,15.1
2019-01-03,GNDI3,29.5
2019-01-03,GOAU4,7.19
2019-01-03,GOLL4,25.63
2019-01-03,HAPV3,30.39
2019-01-03,HGTX3,30.62
2019-01-03,HYPE3,31.6
2019-01-03,IGTA3,42.82
2019-01-03,IRBR3,82.32
2019-01-03,ITSA4,12.76
2019-01-03,ITUB4,37.61
2019-01-03,JBSS3,12.23
2019-01-03,JHSF3,1.98
2019-01-03,KLBN11,16.73
2019-01-03,KROT3,9.36
2019-01-03,LAME4,19.66
2019-01-03,LCAM3,38.4
2019-01-03,LOGG3,16.6
2019-01-03,LREN3,43.0
2019-01-03,MGLU3,184.0
2019-01-03,MRFG3,5.69
2019-01-03,MRVE3,12.63
2019-01-03,MULT3,25.1
2019-01-03,NATU3,46.76
2019-01-03,PCAR4,84.2
2019-01-03,PETR3,27.2
2019-01-03,PETR4,24.65
2019-01-03,POMO4,4.25
2019-01-03,PRIO3,103.79
2019-01-03,PSSA3,50.36
2019-01-03,QUAL3,13.72
2019-01-03,RADL3,56.57
2019-01-03,RAIL3,17.44
2019-01-03,RENT3,30.36
2019-01-03,SANB11,47.25
2019-01-03,SBSP3,37.02
2019-01-03,SLCE3,42.5
2019-01-03,SMLS3,44.0
2019-01-03,SMTO3,18.14
2019-01-03,STBP3,4.37
2019-01-03,SULA11,27.35
2019-01-03,SUZB3,36.95
2019-01-03,TAEE11,24.28
2019-01-03,TEND3,32.39
2019-01-03,TIMP3,11.92
2019-01-03,TOTS3,29.31
2019-01-03,TRPL4,71.0
2019-01-03,UGPA3,53.33
2019-01-03,USIM5,9.55
2019-01-03,VALE3,49.0
2019-01-03,VIVT3,41.4
2019-01-03,VIVT4,47.6
2019-01-03,VVAR3,4.31
2019-01-03,WEGE3,18.39
2019-01-04,ABEV3,16.55
2019-01-04,ALPA4,17.4
2019-01-04,ARZZ3,53.33
2019-01-04,AZUL4,36.25
2019-01-04,B3SA3,27.95
2019-01-04,BBAS3,48.8
2019-01-04,BBDC3,35.7
2019-01-04,BBDC4,40.46
2019-01-04,BBSE3,28.35
2019-01-04,BEEF3,5.4
2019-01-04,BIDI4,37.85
2019-01-04,BPAC11,26.85
2019-01-04,BPAN4,1.97
2019-01-04,BRAP4,31.92
2019-01-04,BRDT3,26.7
2019-01-04,BRFS3,21.45
2019-01-04,BRKM5,48.06
2019-01-04,BRML3,13.29
2019-01-04,BTOW3,42.0
2019-01-04,CCRO3,12.25
2019-01-04,CIEL3,10.15
2019-01-04,CMIG4,13.86
2019-01-04,CPFE3,28.65
2019-01-04,CPLE3,29.28
2019-01-04,CPLE6,30.17
2019-01-04,CRFB3,19.2
2019-01-04,CSAN3,36.03
2019-01-04,CSMG3,65.4
2019-01-04,CSNA3,9.75
2019-01-04,CVCB3,59.95
2019-01-04,CYRE3,15.99
2019-01-04,DIRR3,8.14
2019-01-04,ECOR3,9.96
2019-01-04,EGIE3,35.52
2019-01-04,ELET3,30.53
2019-01-04,ELET6,33.96
2019-01-04,EMBR3,20.8
2019-01-04,ENBR3,14.88
2019-01-04,ENEV3,16.95
2019-01-04,ENGI11,38.5
2019-01-04,EQTL3,78.0
2019-01-04,ESTC3,25.21
2019-01-04,EZTC3,25.76
2019-01-04,FLRY3,20.85
2019-01-04,GGBR4,15.5
2019-01-04,GNDI3,29.51
2019-01-04,GOAU4,7.37
2019-01-04,GOLL4,25.0
2019-01-04,HAPV3,30.5
2019-01-04,HGTX3,29.43
2019-01-04,HYPE3,31.45
2019-01-04,IGTA3,41.75
2019-01-04,IRBR3,81.4
2019-01-04,ITSA4,12.72
2019-01-04,ITUB4,36.98
2019-01-04,JBSS3,12.55
2019-01-04,JHSF3,1.94
2019-01-04,KLBN11,17.0
2019-01-04,KROT3,9.37
2019-01-04,LAME4,19.41
2019-01-04,LCAM3,38.2
2019-01-04,LOGG3,16.09
2019-01-04,LREN3,41.35
2019-01-04,MGLU3,178.4
2019-01-04,MRFG3,5.68
2019-01-04,MRVE3,12.45
2019-01-04,MULT3,24.59
2019-01-04,NATU3,47.3
2019-01-04,PCAR4,83.0
2019-01-04,PETR3,27.51
2019-01-04,PETR4,24.72
2019-01-04,POMO4,4.3
2019-01-04,PRIO3,104.66
2019-01-04,PSSA3,48.22
2019-01-04,QUAL3,13.48
2019-01-04,RADL3,57.38
2019-01-04,RAIL3,17.2
2019-01-04,RENT3,30.05
2019-01-04,SANB11,47.2
2019-01-04,SBSP3,37.86
2019-01-04,SLCE3,42.78
2019-01-04,SMLS3,43.96
2019-01-04,SMTO3,17.92
2019-01-04,STBP3,4.28
2019-01-04,SULA11,26.12
2019-01-04,SUZB3,37.57
2019-01-04,TAEE11,25.24
2019-01-04,TEND3,33.16
2019-01-04,TIMP3,11.98
2019-01-04,TOTS3,30.12
2019-01-04,TRPL4,73.6
2019-01-04,UGPA3,52.97
2019-01-04,USIM5,10.11
2019-01-04,VALE3,52.19
2019-01-04,VIVT3,41.09
2019-01-04,VIVT4,47.5
2019-01-04,VVAR3,4.27
2019-01-04,WEGE3,18.6
2019-01-07,ABEV3,16.48
2019-01-07,ALPA4,17.36
2019-01-07,ARZZ3,52.53
2019-01-07,AZUL4,35.3
2019-01-07,B3SA3,27.8
2019-01-07,BBAS3,48.48
2019-01-07,BBDC3,36.0
2019-01-07,BBDC4,40.94
2019-01-07,BBSE3,27.93
2019-01-07,BEEF3,5.37
2019-01-07,BIDI4,38.0
2019-01-07,BPAC11,27.4
2019-01-07,BPAN4,1.95
2019-01-07,BRAP4,32.17
2019-01-07,BRDT3,26.85
2019-01-07,BRFS3,21.59
2019-01-07,BRKM5,47.72
2019-01-07,BRML3,13.21
2019-01-07,BTOW3,40.14
2019-01-07,CCRO3,11.9
2019-01-07,CIEL3,10.06
2019-01-07,CMIG4,13.45
2019-01-07,CPFE3,28.28
2019-01-07,CPLE3,29.58
2019-01-07,CPLE6,30.49
2019-01-07,CRFB3,18.85
2019-01-07,CSAN3,35.5
2019-01-07,CSMG3,63.43
2019-01-07,CSNA3,9.77
2019-01-07,CVCB3,60.7
2019-01-07,CYRE3,15.9
2019-01-07,DIRR3,8.2
2019-01-07,ECOR3,9.84
2019-01-07,EGIE3,35.3
2019-01-07,ELET3,29.0
2019-01-07,ELET6,32.5
2019-01-07,EMBR3,21.23
2019-01-07,ENBR3,14.45
2019-01-07,ENEV3,16.98
2019-01-07,ENGI11,38.0
2019-01-07,EQTL3,78.5
2019-01-07,ESTC3,24.71
2019-01-07,EZTC3,25.23
2019-01-07,FLRY3,21.15
2019-01-07,GGBR4,15.54
2019-01-07,GNDI3,29.1
2019-01-07,GOAU4,7.42
2019-01-07,GOLL4,23.9
2019-01-07,HAPV3,30.96
2019-01-07,HGTX3,28.45
2019-01-07,HYPE3,30.95
2019-01-07,IGTA3,41.1
2019-01-07,IRBR3,82.22
2019-01-07,ITSA4,12.71
2019-01-07,ITUB4,37.05
2019-01-07,JBSS3,12.11
2019-01-07,JHSF3,1.99
2019-01-07,KLBN11,17.0
2019-01-07,KROT3,9.13
2019-01-07,LAME4,19.98
2019-01-07,LCAM3,36.68
2019-01-07,LOGG3,15.62
2019-01-07,LREN3,40.4
2019-01-07,MGLU3,181.17
2019-01-07,MRFG3,5.58
2019-01-07,MRVE3,12.56
2019-01-07,MULT3,24.24
2019-01-07,NATU3,45.47
2019-01-07,PCAR4,83.5
2019-01-07,PETR3,28.4
2019-01-07,PETR4,25.11
2019-01-07,POMO4,4.29
2019-01-07,PRIO3,104.57
2019-01-07,PSSA3,49.19
2019-01-07,QUAL3,13.08
2019-01-07,RADL3,56.1
2019-01-07,RAIL3,16.9
2019-01-07,RENT3,29.49
2019-01-07,SANB11,47.99
2019-01-07,SBSP3,37.0
2019-01-07,SLCE3,42.43
2019-01-07,SMLS3,42.26
2019-01-07,SMTO3,17.86
2019-01-07,STBP3,4.23
2019-01-07,SULA11,26.54
2019-01-07,SUZB3,35.85
2019-01-07,TAEE11,24.95
2019-01-07,TEND3,34.26
2019-01-07,TIMP3,12.37
2019-01-07,TOTS3,29.47
2019-01-07,TRPL4,73.0
2019-01-07,UGPA3,51.35
2019-01-07,USIM5,10.13
2019-01-07,VALE3,51.91
2019-01-07,VIVT3,41.2
2019-01-07,VIVT4,47.9
2019-01-07,VVAR3,4.24
2019-01-07,WEGE3,18.31
2019-01-08,ABEV3,16.15
2019-01-08,ALPA4,17.7
2019-01-08,ARZZ3,54.05
2019-01-08,AZUL4,34.72
2019-01-08,B3SA3,27.88
2019-01-08,BBAS3,47.93
2019-01-08,BBDC3,36.4
2019-01-08,BBDC4,41.19
2019-01-08,BBSE3,27.52
2019-01-08,BEEF3,5.31
2019-01-08,BIDI4,39.81
2019-01-08,BPAC11,26.21
2019-01-08,BPAN4,1.95
2019-01-08,BRAP4,31.94
2019-01-08,BRDT3,25.95
2019-01-08,BRFS3,22.93
2019-01-08,BRKM5,47.69
2019-01-08,BRML3,13.23
2019-01-08,BTOW3,42.0
2019-01-08,CCRO3,12.24
2019-01-08,CIEL3,9.72
2019-01-08,CMIG4,13.38
2019-01-08,CPFE3,28.3
2019-01-08,CPLE3,29.8
2019-01-08,CPLE6,31.0
2019-01-08,CRFB3,18.66
2019-01-08,CSAN3,35.89
2019-01-08,CSMG3,64.03
2019-01-08,CSNA3,9.8
2019-01-08,CVCB3,58.71
2019-01-08,CYRE3,15.79
2019-01-08,DIRR3,8.14
2019-01-08,ECOR3,9.82
2019-01-08,EGIE3,35.7
2019-01-08,ELET3,30.48
2019-01-08,ELET6,33.59
2019-01-08,EMBR3,21.36
2019-01-08,ENBR3,14.5
2019-01-08,ENEV3,16.99
2019-01-08,ENGI11,37.8
2019-01-08,EQTL3,78.7
2019-01-08,ESTC3,24.94
2019-01-08,EZTC3,24.86
2019-01-08,FLRY3,21.4
2019-01-08,GGBR4,15.56
2019-01-08,GNDI3,29.5
2019-01-08,GOAU4,7.37
2019-01-08,GOLL4,23.59
2019-01-08,HAPV3,30.5
2019-01-08,HGTX3,28.39
2019-01-08,HYPE3,30.9
2019-01-08,IGTA3,40.55
2019-01-08,IRBR3,83.0
2019-01-08,ITSA4,12.88
2019-01-08,ITUB4,37.52
2019-01-08,JBSS3,12.3
2019-01-08,JHSF3,1.98
2019-01-08,KLBN11,17.07
2019-01-08,KROT3,9.2
2019-01-08,LAME4,20.01
2019-01-08,LCAM3,35.45
2019-01-08,LOGG3,15.87
2019-01-08,LREN3,41.7
2019-01-08,MGLU3,179.71
2019-01-08,MRFG3,5.56
2019-01-08,MRVE3,13.05
2019-01-08,MULT3,24.07
2019-01-08,NATU3,44.36
2019-01-08,PCAR4,84.01
2019-01-08,PETR3,28.25
2019-01-08,PETR4,24.96
2019-01-08,POMO4,4.19
2019-01-08,PRIO3,107.07
2019-01-08,PSSA3,50.4
2019-01-08,QUAL3,13.3
2019-01-08,RADL3,58.15
2019-01-08,RAIL3,17.12
2019-01-08,RENT3,29.51
2019-01-08,SANB11,46.36
2019-01-08,SBSP3,37.14
2019-01-08,SLCE3,41.51
2019-01-08,SMLS3,41.87
2019-01-08,SMTO3,17.81
2019-01-08,STBP3,4.22
2019-01-08,SULA11,27.15
2019-01-08,SUZB3,36.2
2019-01-08,TAEE11,24.8
2019-01-08,TEND3,34.78
2019-01-08,TIMP3,12.84
2019-01-08,TOTS3,28.27
2019-01-08,TRPL4,72.79
2019-01-08,UGPA3,50.5
2019-01-08,USIM5,9.77
2019-01-08,VALE3,52.41
2019-01-08,VIVT3,40.3
2019-01-08,VIVT4,48.01
2019-01-08,VVAR3,4.04
2019-01-08,WEGE3,18.16
2019-01-09,ABEV3,16.38
2019-01-09,ALPA4,18.94
2019-01-09,ARZZ3,55.28
2019-01-09,AZUL4,35.15
2019-01-09,B3SA3,28.01
2019-01-09,BBAS3,47.8
2019-01-09,BBDC3,37.16
2019-01-09,BBDC4,41.9
2019-01-09,BBSE3,26.65
2019-01-09,BEEF3,5.4
2019-01-09,BIDI4,39.95
2019-01-09,BPAC11,26.25
2019-01-09,BPAN4,1.96
2019-01-09,BRAP4,32.8
2019-01-09,BRDT3,26.01
2019-01-09,BRFS3,23.55
2019-01-09,BRKM5,48.01
2019-01-09,BRML3,13.44
2019-01-09,BTOW3,44.78
2019-01-09,CCRO3,12.7
2019-01-09,CIEL3,10.13
2019-01-09,CMIG4,13.59
2019-01-09,CPFE3,28.6
2019-01-09,CPLE3,30.03
2019-01-09,CPLE6,31.51
2019-01-09,CRFB3,19.11
2019-01-09,CSAN3,38.82
2019-01-09,CSMG3,63.53
2019-01-09,CSNA3,9.88
2019-01-09,CVCB3,59.07
2019-01-09,CYRE3,15.85
2019-01-09,DIRR3,8.22
2019-01-09,ECOR3,10.01
2019-01-09,EGIE3,36.65
2019-01-09,ELET3,30.6
2019-01-09,ELET6,33.93
2019-01-09,EMBR3,21.28
2019-01-09,ENBR3,14.59
2019-01-09,ENEV3,17.08
2019-01-09,ENGI11,37.95
2019-01-09,EQTL3,79.95
2019-01-09,ESTC3,26.71
2019-01-09,EZTC3,24.9
2019-01-09,FLRY3,21.08
2019-01-09,GGBR4,16.0
2019-01-09,GNDI3,30.93
2019-01-09,GOAU4,7.55
2019-01-09,GOLL4,23.48
2019-01-09,HAPV3,31.0
2019-01-09,HGTX3,29.4
2019-01-09,HYPE3,30.6
2019-01-09,IGTA3,41.12
2019-01-09,IRBR3,82.78
2019-01-09,ITSA4,13.05
2019-01-09,ITUB4,38.09
2019-01-09,JBSS3,12.2
2019-01-09,JHSF3,1.91
2019-01-09,KLBN11,17.41
2019-01-09,KROT3,9.58
2019-01-09,LAME4,20.8
2019-01-09,LCAM3,36.0
2019-01-09,LOGG3,16.24
2019-01-09,LREN3,42.6
2019-01-09,MGLU3,179.11
2019-01-09,MRFG3,5.59
2019-01-09,MRVE3,13.59
2019-01-09,MULT3,24.37
2019-01-09,NATU3,45.27
2019-01-09,PCAR4,85.11
2019-01-09,PETR3,28.82
2019-01-09,PETR4,25.48
2019-01-09,POMO4,4.23
2019-01-09,PRIO3,108.35
2019-01-09,PSSA3,50.2
2019-01-09,QUAL3,13.64
2019-01-09,RADL3,61.11
2019-01-09,RAIL3,17.2
2019-01-09,RENT3,30.2
2019-01-09,SANB11,47.0
2019-01-09,SBSP3,37.6
2019-01-09,SLCE3,40.54
2019-01-09,SMLS3,41.6
2019-01-09,SMTO3,18.23
2019-01-09,STBP3,4.23
2019-01-09,SULA11,27.41
2019-01-09,SUZB3,38.37
2019-01-09,TAEE11,24.8
2019-01-09,TEND3,34.45
2019-01-09,TIMP3,12.99
2019-01-09,TOTS3,29.36
2019-01-09,TRPL4,73.07
2019-01-09,UGPA3,52.12
2019-01-09,USIM5,10.09
2019-01-09,VALE3,53.69
2019-01-09,VIVT3,40.72
2019-01-09,VIVT4,48.74
2019-01-09,VVAR3,4.01
2019-01-09,WEGE3,18.36
2019-01-10,ABEV3,16.85
2019-01-10,ALPA4,19.0
2019-01-10,ARZZ3,55.1
2019-01-10,AZUL4,35.91
2019-01-10,B3SA3,28.27
2019-01-10,BBAS3,48.5
2019-01-10,BBDC3,37.27
2019-01-10,BBDC4,41.77
2019-01-10,BBSE3,27.4
2019-01-10,BEEF3,5.44
2019-01-10,BIDI4,39.3
2019-01-10,BPAC11,25.93
2019-01-10,BPAN4,2.04
2019-01-10,BRAP4,32.7
2019-01-10,BRDT3,25.75
2019-01-10,BRFS3,23.45
2019-01-10,BRKM5,47.51
2019-01-10,BRML3,13.34
2019-01-10,BTOW3,46.5
2019-01-10,CCRO3,12.91
2019-01-10,CIEL3,11.09
2019-01-10,CMIG4,13.83
2019-01-10,CPFE3,28.5
2019-01-10,CPLE3,30.11
2019-01-10,CPLE6,31.36
2019-01-10,CRFB3,19.28
2019-01-10,CSAN3,39.74
2019-01-10,CSMG3,63.4
2019-01-10,CSNA3,9.98
2019-01-10,CVCB3,60.0
2019-01-10,CYRE3,16.1
2019-01-10,DIRR3,8.3
2019-01-10,ECOR3,10.2
2019-01-10,EGIE3,36.22
2019-01-10,ELET3,31.0
2019-01-10,ELET6,34.37
2019-01-10,EMBR3,20.99
2019-01-10,ENBR3,14.73
2019-01-10,ENEV3,17.29
2019-01-10,ENGI11,38.77
2019-01-10,EQTL3,80.99
2019-01-10,ESTC3,27.1
2019-01-10,EZTC3,25.51
2019-01-10,FLRY3,21.48
2019-01-10,GGBR4,15.59
2019-01-10,GNDI3,31.8
2019-01-10,GOAU4,7.52
2019-01-10,GOLL4,23.25
2019-01-10,HAPV3,31.69
2019-01-10,HGTX3,29.15
2019-01-10,HYPE3,30.9
2019-01-10,IGTA3,40.76
2019-01-10,IRBR3,81.08
2019-01-10,ITSA4,12.96
2019-01-10,ITUB4,37.83
2019-01-10,JBSS3,12.16
2019-01-10,JHSF3,1.93
2019-01-10,KLBN11,17.39
2019-01-10,KROT3,9.66
2019-01-10,LAME4,20.78
2019-01-10,LCAM3,36.0
2019-01-10,LOGG3,17.49
2019-01-10,LREN3,42.66
2019-01-10,MGLU3,180.85
2019-01-10,MRFG3,5.51
2019-01-10,MRVE3,13.46
2019-01-10,MULT3,24.17
2019-01-10,NATU3,45.54
2019-01-10,PCAR4,85.76
2019-01-10,PETR3,28.68
2019-01-10,PETR4,25.26
2019-01-10,POMO4,4.2
2019-01-10,PRIO3,108.96
2019-01-10,PSSA3,51.05
2019-01-10,QUAL3,13.68
2019-01-10,RADL3,63.52
2019-01-10,RAIL3,17.47
2019-01-10,RENT3,30.05
2019-01-10,SANB11,47.49
2019-01-10,SBSP3,37.83
2019-01-10,SLCE3,40.88
2019-01-10,SMLS3,42.9
2019-01-10,SMTO3,18.21
2019-01-10,STBP3,4.33
2019-01-10,SULA11,27.9
2019-01-10,SUZB3,38.86
2019-01-10,TAEE11,25.0
2019-01-10,TEND3,33.75
2019-01-10,TIMP3,12.5
2019-01-10,TOTS3,29.9
2019-01-10,TRPL4,73.95
2019-01-10,UGPA3,53.47
2019-01-10,USIM5,10.33
2019-01-10,VALE3,53.1
2019-01-10,VIVT3,40.0
2019-01-10,VIVT4,48.45
2019-01-10,VVAR3,4.42
2019-01-10,WEGE3,18.5
2019-01-11,ABEV3,17.29
2019-01-11,ALPA4,18.99
2019-01-11,ARZZ3,53.21
2019-01-11,AZUL4,37.2
2019-01-11,B3SA3,28.87
2019-01-11,BBAS3,48.7
2019-01-11,BBDC3,37.12
2019-01-11,BBDC4,41.5
2019-01-11,BBSE3,27.75
2019-01-11,BEEF3,5.4
2019-01-11,BIDI4,39.0
2019-01-11,BPAC11,25.9
2019-01-11,BPAN4,2.05
2019-01-11,BRAP4,32.59
2019-01-11,BRDT3,25.8
2019-01-11,BRFS3,22.95
2019-01-11,BRKM5,48.18
2019-01-11,BRML3,13.23
2019-01-11,BTOW3,45.08
2019-01-11,CCRO3,13.4
2019-01-11,CIEL3,10.71
2019-01-11,CMIG4,13.86
2019-01-11,CPFE3,28.3
2019-01-11,CPLE3,30.76
2019-01-11,CPLE6,33.01
2019-01-11,CRFB3,19.3
2019-01-11,CSAN3,38.95
2019-01-11,CSMG3,63.03
2019-01-11,CSNA3,9.86
2019-01-11,CVCB3,59.0
2019-01-11,CYRE3,16.55
2019-01-11,DIRR3,8.44
2019-01-11,ECOR3,10.45
2019-01-11,EGIE3,36.82
2019-01-11,ELET3,30.96
2019-01-11,ELET6,34.3
2019-01-11,EMBR3,21.53
2019-01-11,ENBR3,14.79
2019-01-11,ENEV3,17.37
2019-01-11,ENGI11,38.5
2019-01-11,EQTL3,81.33
2019-01-11,ESTC3,27.37
2019-01-11,EZTC3,25.62
2019-01-11,FLRY3,21.35
2019-01-11,GGBR4,15.22
2019-01-11,GNDI3,31.85
2019-01-11,GOAU4,7.34
2019-01-11,GOLL4,24.96
2019-01-11,HAPV3,31.34
2019-01-11,HGTX3,28.91
2019-01-11,HYPE3,32.98
2019-01-11,IGTA3,40.08
2019-01-11,IRBR3,79.45
2019-01-11,ITSA4,12.8
2019-01-11,ITUB4,37.6
2019-01-11,JBSS3,12.48
2019-01-11,JHSF3,1.95
2019-01-11,KLBN11,17.16
2019-01-11,KROT3,9.85
2019-01-11,LAME4,20.5
2019-01-11,LCAM3,36.18
2019-01-11,LOGG3,19.6
2019-01-11,LREN3,41.71
2019-01-11,MGLU3,177.6
2019-01-11,MRFG3,5.55
2019-01-11,MRVE3,13.34
2019-01-11,MULT3,23.69
2019-01-11,NATU3,44.71
2019-01-11,PCAR4,88.87
2019-01-11,PETR3,28.5
2019-01-11,PETR4,24.99
2019-01-11,POMO4,4.09
2019-01-11,PRIO3,110.29
2019-01-11,PSSA3,53.81
2019-01-11,QUAL3,14.2
2019-01-11,RADL3,64.0
2019-01-11,RAIL3,17.42
2019-01-11,RENT3,29.48
2019-01-11,SANB11,47.39
2019-01-11,SBSP3,39.49
2019-01-11,SLCE3,42.28
2019-01-11,SMLS3,43.0
2019-01-11,SMTO3,18.28
2019-01-11,STBP3,4.33
2019-01-11,SULA11,28.92
2019-01-11,SUZB3,38.86
2019-01-11,TAEE11,25.49
2019-01-11,TEND3,33.85
2019-01-11,TIMP3,12.46
2019-01-11,TOTS3,30.19
2019-01-11,TRPL4,75.01
2019-01-11,UGPA3,53.19
2019-01-11,USIM5,10.18
2019-01-11,VALE3,52.38
2019-01-11,VIVT3,40.45
2019-01-11,VIVT4,47.8
2019-01-11,VVAR3,4.51
2019-01-11,WEGE3,18.69
2019-01-14,ABEV3,17.54
2019-01-14,ALPA4,19.0
2019-01-14,ARZZ3,52.05
2019-01-14,AZUL4,37.47
2019-01-14,B3SA3,29.51
2019-01-14,BBAS3,49.83
2019-01-14,BBDC3,37.16
2019-01-14,BBDC4,41.99
2019-01-14,BBSE3,28.0
2019-01-14,BEEF3,5.44
2019-01-14,BIDI4,40.6
2019-01-14,BPAC11,25.64
2019-01-14,BPAN4,2.03
2019-01-14,BRAP4,32.71
2019-01-14,BRDT3,26.3
2019-01-14,BRFS3,22.67
2019-01-14,BRKM5,48.28
2019-01-14,BRML3,13.3
2019-01-14,BTOW3,45.6
2019-01-14,CCRO3,14.0
2019-01-14,CIEL3,10.9
2019-01-14,CMIG4,13.94
2019-01-14,CPFE3,28.11
2019-01-14,CPLE3,31.65
2019-01-14,CPLE6,34.2
2019-01-14,CRFB3,19.57
2019-01-14,CSAN3,39.2
2019-01-14,CSMG3,64.95
2019-01-14,CSNA3,9.77
2019-01-14,CVCB3,59.01
2019-01-14,CYRE3,16.85
2019-01-14,DIRR3,8.5
2019-01-14,ECOR3,10.71
2019-01-14,EGIE3,37.31
2019-01-14,ELET3,30.94
2019-01-14,ELET6,34.09
2019-01-14,EMBR3,21.62
2019-01-14,ENBR3,14.96
2019-01-14,ENEV3,17.55
2019-01-14,ENGI11,39.2
2019-01-14,EQTL3,83.21
2019-01-14,ESTC3,28.6
2019-01-14,EZTC3,25.59
2019-01-14,FLRY3,22.2
2019-01-14,GGBR4,15.2
2019-01-14,GNDI3,32.46
2019-01-14,GOAU4,7.34
2019-01-14,GOLL4,25.16
2019-01-14,HAPV3,32.11
2019-01-14,HGTX3,28.8
2019-01-14,HYPE3,33.01
2019-01-14,IGTA3,39.5
2019-01-14,IRBR3,79.1
2019-01-14,ITSA4,12.99
2019-01-14,ITUB4,37.88
2019-01-14,JBSS3,12.69
2019-01-14,JHSF3,1.94
2019-01-14,KLBN11,17.82
2019-01-14,KROT3,10.2
2019-01-14,LAME4,20.49
2019-01-14,LCAM3,36.27
2019-01-14,LOGG3,20.4
2019-01-14,LREN3,40.95
2019-01-14,MGLU3,179.0
2019-01-14,MRFG3,5.72
2019-01-14,MRVE3,13.88
2019-01-14,MULT3,23.71
2019-01-14,NATU3,44.0
2019-01-14,PCAR4,90.11
2019-01-14,PETR3,28.4
2019-01-14,PETR4,24.85
2019-01-14,POMO4,4.18
2019-01-14,PRIO3,109.49
2019-01-14,PSSA3,54.85
2019-01-14,QUAL3,14.8
2019-01-14,RADL3,63.77
2019-01-14,RAIL3,18.0
2019-01-14,RENT3,29.37
2019-01-14,SANB11,48.1
2019-01-14,SBSP3,41.6
2019-01-14,SLCE3,44.35
2019-01-14,SMLS3,43.9
2019-01-14,SMTO3,18.89
2019-01-14,STBP3,4.4
2019-01-14,SULA11,28.92
2019-01-14,SUZB3,39.0
2019-01-14,TAEE11,25.4
2019-01-14,TEND3,34.39
2019-01-14,TIMP3,12.46
2019-01-14,TOTS3,31.07
2019-01-14,TRPL4,74.57
2019-01-14,UGPA3,53.57
2019-01-14,USIM5,9.87
2019-01-14,VALE3,52.6
2019-01-14,VIVT3,40.1
2019-01-14,VIVT4,48.21
2019-01-14,VVAR3,4.82
2019-01-14,WEGE3,18.9
2019-01-15,ABEV3,17.7
2019-01-15,ALPA4,18.95
2019-01-15,ARZZ3,52.1
2019-01-15,AZUL4,37.0
2019-01-15,B3SA3,29.22
2019-01-15,BBAS3,49.25
2019-01-15,BBDC3,37.3
2019-01-15,BBDC4,41.91
2019-01-15,BBSE3,28.13
2019-01-15,BEEF3,5.46
2019-01-15,BIDI4,39.81
2019-01-15,BPAC11,25.6
2019-01-15,BPAN4,2.02
2019-01-15,BRAP4,32.41
2019-01-15,BRDT3,26.07
2019-01-15,BRFS3,22.43
2019-01-15,BRKM5,48.33
2019-01-15,BRML3,13.28
2019-01-15,BTOW3,46.25
2019-01-15,CCRO3,13.46
2019-01-15,CIEL3,10.5
2019-01-15,CMIG4,13.83
2019-01-15,CPFE3,27.99
2019-01-15,CPLE3,31.4
2019-01-15,CPLE6,33.42
2019-01-15,CRFB3,19.7
2019-01-15,CSAN3,39.61
2019-01-15,CSMG3,65.94
2019-01-15,CSNA3,9.62
2019-01-15,CVCB3,59.46
2019-01-15,CYRE3,16.5
2019-01-15,DIRR3,8.5
2019-01-15,ECOR3,10.54
2019-01-15,EGIE3,37.16
2019-01-15,ELET3,30.08
2019-01-15,ELET6,32.86
2019-01-15,EMBR3,21.76
2019-01-15,ENBR3,15.3
2019-01-15,ENEV3,17.6
2019-01-15,ENGI11,39.15
2019-01-15,EQTL3,83.56
2019-01-15,ESTC3,29.0
2019-01-15,EZTC3,25.5
2019-01-15,FLRY3,21.71
2019-01-15,GGBR4,14.9
2019-01-15,GNDI3,33.32
2019-01-15,GOAU4,7.2
2019-01-15,GOLL4,24.37
2019-01-15,HAPV3,31.7
2019-01-15,HGTX3,27.95
2019-01-15,HYPE3,33.01
2019-01-15,IGTA3,40.5
2019-01-15,IRBR3,80.0
2019-01-15,ITSA4,12.91
2019-01-15,ITUB4,37.29
2019-01-15,JBSS3,12.62
2019-01-15,JHSF3,1.9
2019-01-15,KLBN11,18.34
2019-01-15,KROT3,10.09
2019-01-15,LAME4,20.35
2019-01-15,LCAM3,35.95
2019-01-15,LOGG3,19.9
2019-01-15,LREN3,40.8
2019-01-15,MGLU3,176.97
2019-01-15,MRFG3,5.72
2019-01-15,MRVE3,13.8
2019-01-15,MULT3,24.15
2019-01-15,NATU3,43.72
2019-01-15,PCAR4,90.47
2019-01-15,PETR3,28.31
2019-01-15,PETR4,24.83
2019-01-15,POMO4,4.18
2019-01-15,PRIO3,110.0
2019-01-15,PSSA3,54.1
2019-01-15,QUAL3,14.65
2019-01-15,RADL3,64.72
2019-01-15,RAIL3,17.85
2019-01-15,RENT3,28.83
2019-01-15,SANB11,47.0
2019-01-15,SBSP3,41.6
2019-01-15,SLCE3,46.7
2019-01-15,SMLS3,43.75
2019-01-15,SMTO3,18.98
2019-01-15,STBP3,4.4
2019-01-15,SULA11,29.85
2019-01-15,SUZB3,42.3
2019-01-15,TAEE11,25.15
2019-01-15,TEND3,34.0
2019-01-15,TIMP3,12.48
2019-01-15,TOTS3,32.02
2019-01-15,TRPL4,72.65
2019-01-15,UGPA3,53.1
2019-01-15,USIM5,9.74
2019-01-15,VALE3,52.35
2019-01-15,VIVT3,40.36
2019-01-15,VIVT4,47.6
2019-01-15,VVAR3,4.98
2019-01-15,WEGE3,18.53
2019-01-16,ABEV3,17.8
2019-01-16,ALPA4,18.9
2019-01-16,ARZZ3,51.7
2019-01-16,AZUL4,37.0
2019-01-16,B3SA3,29.85
2019-01-16,BBAS3,48.78
2019-01-16,BBDC3,37.5
2019-01-16,BBDC4,42.11
2019-01-16,BBSE3,28.4
2019-01-16,BEEF3,5.43
2019-01-16,BIDI4,40.3
2019-01-16,BPAC11,26.0
2019-01-16,BPAN4,1.97
2019-01-16,BRAP4,32.52
2019-01-16,BRDT3,26.33
2019-01-16,BRFS3,22.22
2019-01-16,BRKM5,48.2
2019-01-16,BRML3,13.2
2019-01-16,BTOW3,47.91
2019-01-16,CCRO3,13.45
2019-01-16,CIEL3,10.24
2019-01-16,CMIG4,13.66
2019-01-16,CPFE3,28.16
2019-01-16,CPLE3,30.98
2019-01-16,CPLE6,32.5
2019-01-16,CRFB3,19.8
2019-01-16,CSAN3,41.55
2019-01-16,CSMG3,64.48
2019-01-16,CSNA3,9.94
2019-01-16,CVCB3,59.5
2019-01-16,CYRE3,16.35
2019-01-16,DIRR3,8.48
2019-01-16,ECOR3,10.35
2019-01-16,EGIE3,37.0
2019-01-16,ELET3,30.65
2019-01-16,ELET6,33.52
2019-01-16,EMBR3,21.5
2019-01-16,ENBR3,15.45
2019-01-16,ENEV3,17.68
2019-01-16,ENGI11,39.25
2019-01-16,EQTL3,83.56
2019-01-16,ESTC3,29.0
2019-01-16,EZTC3,25.3
2019-01-16,FLRY3,21.2
2019-01-16,GGBR4,14.93
2019-01-16,GNDI3,34.0
2019-01-16,GOAU4,7.16
2019-01-16,GOLL4,23.89
2019-01-16,HAPV3,33.4
2019-01-16,HGTX3,28.0
2019-01-16,HYPE3,32.76
2019-01-16,IGTA3,40.65
2019-01-16,IRBR3,83.0
2019-01-16,ITSA4,12.92
2019-01-16,ITUB4,37.18
2019-01-16,JBSS3,13.15
2019-01-16,JHSF3,1.9
2019-01-16,KLBN11,18.37
2019-01-16,KROT3,10.25
2019-01-16,LAME4,20.38
2019-01-16,LCAM3,35.85
2019-01-16,LOGG3,19.2
2019-01-16,LREN3,41.7
2019-01-16,MGLU3,175.0
2019-01-16,MRFG3,5.65
2019-01-16,MRVE3,13.65
2019-01-16,MULT3,24.2
2019-01-16,NATU3,43.29
2019-01-16,PCAR4,90.53
2019-01-16,PETR3,28.54
2019-01-16,PETR4,24.82
2019-01-16,POMO4,4.13
2019-01-16,PRIO3,109.8
2019-01-16,PSSA3,53.1
2019-01-16,QUAL3,14.41
2019-01-16,RADL3,64.2
2019-01-16,RAIL3,18.22
2019-01-16,RENT3,29.04
2019-01-16,SANB11,46.7
2019-01-16,SBSP3,40.77
2019-01-16,SLCE3,47.7
2019-01-16,SMLS3,43.08
2019-01-16,SMTO3,19.83
2019-01-16,STBP3,4.37
2019-01-16,SULA11,29.8
2019-01-16,SUZB3,44.16
2019-01-16,TAEE11,25.26
2019-01-16,TEND3,34.0
2019-01-16,TIMP3,12.24
2019-01-16,TOTS3,31.7
2019-01-16,TRPL4,73.47
2019-01-16,UGPA3,53.06
2019-01-16,USIM5,9.99
2019-01-16,VALE3,52.65
2019-01-16,VIVT3,40.06
2019-01-16,VIVT4,46.85
2019-01-16,VVAR3,5.05
2019-01-16,WEGE3,18.92
2019-01-17,ABEV3,17.85
2019-01-17,ALPA4,18.85
2019-01-17,ARZZ3,51.15
2019-01-17,AZUL4,37.05
2019-01-17,B3SA3,30.0
2019-01-17,BBAS3,48.96
2019-01-17,BBDC3,37.65
2019-01-17,BBDC4,42.25
2019-01-17,BBSE3,29.03
2019-01-17,BEEF3,5.65
2019-01-17,BIDI4,41.9
2019-01-17,BPAC11,26.7
2019-01-17,BPAN4,2.0
2019-01-17,BRAP4,33.59
2019-01-17,BRDT3,26.5
2019-01-17,BRFS3,23.66
2019-01-17,BRKM5,47.37
2019-01-17,BRML3,13.49
2019-01-17,BTOW3,46.75
2019-01-17,CCRO3,13.6
2019-01-17,CIEL3,10.48
2019-01-17,CMIG4,14.06
2019-01-17,CPFE3,28.9
2019-01-17,CPLE3,31.7
2019-01-17,CPLE6,33.3
2019-01-17,CRFB3,19.8
2019-01-17,CSAN3,42.18
2019-01-17,CSMG3,64.1
2019-01-17,CSNA3,9.92
2019-01-17,CVCB3,59.9
2019-01-17,CYRE3,17.05
2019-01-17,DIRR3,8.63
2019-01-17,ECOR3,10.5
2019-01-17,EGIE3,37.56
2019-01-17,ELET3,30.95
2019-01-17,ELET6,33.92
2019-01-17,EMBR3,20.47
2019-01-17,ENBR3,15.45
2019-01-17,ENEV3,17.74
2019-01-17,ENGI11,39.7
2019-01-17,EQTL3,83.52
2019-01-17,ESTC3,30.75
2019-01-17,EZTC3,26.45
2019-01-17,FLRY3,21.44
2019-01-17,GGBR4,15.05
2019-01-17,GNDI3,33.99
2019-01-17,GOAU4,7.26
2019-01-17,GOLL4,24.02
2019-01-17,HAPV3,33.68
2019-01-17,HGTX3,28.11
2019-01-17,HYPE3,33.1
2019-01-17,IGTA3,41.13
2019-01-17,IRBR3,83.6
2019-01-17,ITSA4,12.94
2019-01-17,ITUB4,37.18
2019-01-17,JBSS3,13.4
2019-01-17,JHSF3,1.93
2019-01-17,KLBN11,18.2
2019-01-17,KROT3,10.47
2019-01-17,LAME4,20.47
2019-01-17,LCAM3,36.37
2019-01-17,LOGG3,18.2
2019-01-17,LREN3,43.25
2019-01-17,MGLU3,174.48
2019-01-17,MRFG3,5.78
2019-01-17,MRVE3,13.9
2019-01-17,MULT3,24.35
2019-01-17,NATU3,43.52
2019-01-17,PCAR4,89.75
2019-01-17,PETR3,28.78
2019-01-17,PETR4,25.16
2019-01-17,POMO4,4.17
2019-01-17,PRIO3,110.03
2019-01-17,PSSA3,53.05
2019-01-17,QUAL3,15.28
2019-01-17,RADL3,63.02
2019-01-17,RAIL3,18.81
2019-01-17,RENT3,30.86
2019-01-17,SANB11,47.29
2019-01-17,SBSP3,41.18
2019-01-17,SLCE3,45.7
2019-01-17,SMLS3,43.34
2019-01-17,SMTO3,20.32
2019-01-17,STBP3,4.49
2019-01-17,SULA11,29.81
2019-01-17,SUZB3,42.97
2019-01-17,TAEE11,25.06
2019-01-17,TEND3,34.79
2019-01-17,TIMP3,12.27
2019-01-17,TOTS3,32.5
2019-01-17,TRPL4,73.0
2019-01-17,UGPA3,55.0
2019-01-17,USIM5,9.98
2019-01-17,VALE3,54.23
2019-01-17,VIVT3,40.09
2019-01-17,VIVT4,46.4
2019-01-17,VVAR3,4.93
2019-01-17,WEGE3,18.8
2019-01-18,ABEV3,18.0
2019-01-18,ALPA4,18.8
2019-01-18,ARZZ3,51.5
2019-01-18,AZUL4,36.36
2019-01-18,B3SA3,30.4
2019-01-18,BBAS3,48.55
2019-01-18,BBDC3,38.1
2019-01-18,BBDC4,42.68
2019-01-18,BBSE3,29.64
2019-01-18,BEEF3,5.73
2019-01-18,BIDI4,42.34
2019-01-18,BPAC11,27.89
2019-01-18,BPAN4,2.03
2019-01-18,BRAP4,34.15
2019-01-18,BRDT3,26.43
2019-01-18,BRFS3,24.05
2019-01-18,BRKM5,46.29
2019-01-18,BRML3,13.59
2019-01-18,BTOW3,46.0
2019-01-18,CCRO3,13.5
2019-01-18,CIEL3,10.42
2019-01-18,CMIG4,13.88
2019-01-18,CPFE3,30.5
2019-01-18,CPLE3,31.07
2019-01-18,CPLE6,32.76
2019-01-18,CRFB3,19.8
2019-01-18,CSAN3,42.18
2019-01-18,CSMG3,61.44
2019-01-18,CSNA3,9.84
2019-01-18,CVCB3,60.01
2019-01-18,CYRE3,17.06
2019-01-18,DIRR3,8.6
2019-01-18,ECOR3,10.34
2019-01-18,EGIE3,38.49
2019-01-18,ELET3,32.36
2019-01-18,ELET6,35.69
2019-01-18,EMBR3,19.85
2019-01-18,ENBR3,15.67
2019-01-18,ENEV3,17.51
2019-01-18,ENGI11,39.61
2019-01-18,EQTL3,82.8
2019-01-18,ESTC3,30.3
2019-01-18,EZTC3,26.72
2019-01-18,FLRY3,22.29
2019-01-18,GGBR4,15.49
2019-01-18,GNDI3,34.9
2019-01-18,GOAU4,7.36
2019-01-18,GOLL4,24.21
2019-01-18,HAPV3,34.2
2019-01-18,HGTX3,28.38
2019-01-18,HYPE3,33.02
2019-01-18,IGTA3,41.12
2019-01-18,IRBR3,86.21
2019-01-18,ITSA4,12.93
2019-01-18,ITUB4,37.66
2019-01-18,JBSS3,13.53
2019-01-18,JHSF3,1.92
2019-01-18,KLBN11,18.2
2019-01-18,KROT3,10.18
2019-01-18,LAME4,20.43
2019-01-18,LCAM3,36.07
2019-01-18,LOGG3,18.76
2019-01-18,LREN3,43.85
2019-01-18,MGLU3,174.2
2019-01-18,MRFG3,6.03
2019-01-18,MRVE3,13.92
2019-01-18,MULT3,24.28
2019-01-18,NATU3,46.05
2019-01-18,PCAR4,89.65
2019-01-18,PETR3,29.15
2019-01-18,PETR4,25.4
2019-01-18,POMO4,4.2
2019-01-18,PRIO3,111.8
2019-01-18,PSSA3,54.4
2019-01-18,QUAL3,15.6
2019-01-18,RADL3,63.37
2019-01-18,RAIL3,18.57
2019-01-18,RENT3,31.18
2019-01-18,SANB11,48.43
2019-01-18,SBSP3,40.67
2019-01-18,SLCE3,44.5
2019-01-18,SMLS3,42.2
2019-01-18,SMTO3,19.99
2019-01-18,STBP3,4.47
2019-01-18,SULA11,30.4
2019-01-18,SUZB3,44.37
2019-01-18,TAEE11,25.4
2019-01-18,TEND3,35.35
2019-01-18,TIMP3,12.35
2019-01-18,TOTS3,33.99
2019-01-18,TRPL4,73.89
2019-01-18,UGPA3,56.02
2019-01-18,USIM5,9.94
2019-01-18,VALE3,54.76
2019-01-18,VIVT3,40.45
2019-01-18,VIVT4,47.09
2019-01-18,VVAR3,4.88
2019-01-18,WEGE3,18.7
2019-01-21,ABEV3,18.0
2019-01-21,ALPA4,18.9
2019-01-21,ARZZ3,51.3
2019-01-21,AZUL4,36.18
2019-01-21,B3SA3,30.5
2019-01-21,BBAS3,48.29
2019-01-21,BBDC3,37.44
2019-01-21,BBDC4,42.19
2019-01-21,BBSE3,29.1
2019-01-21,BEEF3,5.67
2019-01-21,BIDI4,43.2
2019-01-21,BPAC11,27.6
2019-01-21,BPAN4,2.15
2019-01-21,BRAP4,34.35
2019-01-21,BRDT3,26.2
2019-01-21,BRFS3,24.49
2019-01-21,BRKM5,46.92
2019-01-21,BRML3,13.52
2019-01-21,BTOW3,44.5
2019-01-21,CCRO3,13.49
2019-01-21,CIEL3,10.65
2019-01-21,CMIG4,14.1
2019-01-21,CPFE3,30.73
2019-01-21,CPLE3,31.35
2019-01-21,CPLE6,32.9
2019-01-21,CRFB3,20.03
2019-01-21,CSAN3,40.91
2019-01-21,CSMG3,61.87
2019-01-21,CSNA3,9.93
2019-01-21,CVCB3,59.53
2019-01-21,CYRE3,17.19
2019-01-21,DIRR3,8.6
2019-01-21,ECOR3,10.5
2019-01-21,EGIE3,38.67
2019-01-21,ELET3,32.49
2019-01-21,ELET6,35.86
2019-01-21,EMBR3,20.14
2019-01-21,ENBR3,15.6
2019-01-21,ENEV3,17.45
2019-01-21,ENGI11,40.2
2019-01-21,EQTL3,84.15
2019-01-21,ESTC3,28.75
2019-01-21,EZTC3,26.64
2019-01-21,FLRY3,21.99
2019-01-21,GGBR4,15.5
2019-01-21,GNDI3,34.5
2019-01-21,GOAU4,7.4
2019-01-21,GOLL4,23.62
2019-01-21,HAPV3,34.4
2019-01-21,HGTX3,28.36
2019-01-21,HYPE3,32.7
2019-01-21,IGTA3,40.74
2019-01-21,IRBR3,86.05
2019-01-21,ITSA4,12.88
2019-01-21,ITUB4,37.35
2019-01-21,JBSS3,13.7
2019-01-21,JHSF3,1.92
2019-01-21,KLBN11,18.45
2019-01-21,KROT3,10.1
2019-01-21,LAME4,19.97
2019-01-21,LCAM3,37.45
2019-01-21,LOGG3,19.14
2019-01-21,LREN3,43.0
2019-01-21,MGLU3,167.0
2019-01-21,MRFG3,6.03
2019-01-21,MRVE3,13.85
2019-01-21,MULT3,24.26
2019-01-21,NATU3,45.82
2019-01-21,PCAR4,90.0
2019-01-21,PETR3,29.29
2019-01-21,PETR4,25.53
2019-01-21,POMO4,4.1
2019-01-21,PRIO3,116.71
2019-01-21,PSSA3,54.09
2019-01-21,QUAL3,15.87
2019-01-21,RADL3,62.38
2019-01-21,RAIL3,18.6
2019-01-21,RENT3,32.3
2019-01-21,SANB11,48.35
2019-01-21,SBSP3,41.51
2019-01-21,SLCE3,46.7
2019-01-21,SMLS3,41.79
2019-01-21,SMTO3,20.22
2019-01-21,STBP3,4.7
2019-01-21,SULA11,30.22
2019-01-21,SUZB3,45.6
2019-01-21,TAEE11,25.26
2019-01-21,TEND3,35.1
2019-01-21,TIMP3,12.54
2019-01-21,TOTS3,33.3
2019-01-21,TRPL4,73.89
2019-01-21,UGPA3,55.04
2019-01-21,USIM5,10.05
2019-01-21,VALE3,55.28
2019-01-21,VIVT3,40.5
2019-01-21,VIVT4,46.7
2019-01-21,VVAR3,4.8
2019-01-21,WEGE3,18.82
2019-01-22,ABEV3,17.54
2019-01-22,ALPA4,19.59
2019-01-22,ARZZ3,51.89
2019-01-22,AZUL4,35.5
2019-01-22,B3SA3,29.77
2019-01-22,BBAS3,48.2
2019-01-22,BBDC3,37.41
2019-01-22,BBDC4,42.0
2019-01-22,BBSE3,29.15
2019-01-22,BEEF3,5.49
2019-01-22,BIDI4,43.2
2019-01-22,BPAC11,27.4
2019-01-22,BPAN4,2.19
2019-01-22,BRAP4,34.24
2019-01-22,BRDT3,25.44
2019-01-22,BRFS3,23.26
2019-01-22,BRKM5,48.35
2019-01-22,BRML3,13.51
2019-01-22,BTOW3,43.99
2019-01-22,CCRO3,13.4
2019-01-22,CIEL3,10.4
2019-01-22,CMIG4,14.07
2019-01-22,CPFE3,30.99
2019-01-22,CPLE3,31.65
2019-01-22,CPLE6,33.4
2019-01-22,CRFB3,19.6
2019-01-22,CSAN3,40.87
2019-01-22,CSMG3,61.69
2019-01-22,CSNA3,9.79
2019-01-22,CVCB3,59.6
2019-01-22,CYRE3,17.04
2019-01-22,DIRR3,8.34
2019-01-22,ECOR3,10.58
2019-01-22,EGIE3,38.94
2019-01-22,ELET3,32.18
2019-01-22,ELET6,35.8
2019-01-22,EMBR3,19.48
2019-01-22,ENBR3,15.6
2019-01-22,ENEV3,17.7
2019-01-22,ENGI11,40.2
2019-01-22,EQTL3,82.0
2019-01-22,ESTC3,29.25
2019-01-22,EZTC3,26.3
2019-01-22,FLRY3,21.67
2019-01-22,GGBR4,15.47
2019-01-22,GNDI3,33.7
2019-01-22,GOAU4,7.19
2019-01-22,GOLL4,22.81
2019-01-22,HAPV3,34.02
2019-01-22,HGTX3,28.1
2019-01-22,HYPE3,32.5
2019-01-22,IGTA3,40.8
2019-01-22,IRBR3,86.59
2019-01-22,ITSA4,12.82
2019-01-22,ITUB4,37.29
2019-01-22,JBSS3,13.6
2019-01-22,JHSF3,1.92
2019-01-22,KLBN11,18.33
2019-01-22,KROT3,10.1
2019-01-22,LAME4,19.52
2019-01-22,LCAM3,37.8
2019-01-22,LOGG3,19.16
2019-01-22,LREN3,42.4
2019-01-22,MGLU3,162.05
2019-01-22,MRFG3,5.7
2019-01-22,MRVE3,13.93
2019-01-22,MULT3,24.44
2019-01-22,NATU3,45.08
2019-01-22,PCAR4,89.9
2019-01-22,PETR3,28.85
2019-01-22,PETR4,25.13
2019-01-22,POMO4,4.08
2019-01-22,PRIO3,114.39
2019-01-22,PSSA3,54.53
2019-01-22,QUAL3,15.66
2019-01-22,RADL3,61.45
2019-01-22,RAIL3,18.6
2019-01-22,RENT3,31.8
2019-01-22,SANB11,48.25
2019-01-22,SBSP3,41.37
2019-01-22,SLCE3,45.1
2019-01-22,SMLS3,41.0
2019-01-22,SMTO3,19.93
2019-01-22,STBP3,4.5
2019-01-22,SULA11,30.63
2019-01-22,SUZB3,44.48
2019-01-22,TAEE11,25.4
2019-01-22,TEND3,35.15
2019-01-22,TIMP3,12.46
2019-01-22,TOTS3,33.85
2019-01-22,TRPL4,74.27
2019-01-22,UGPA3,54.4
2019-01-22,USIM5,9.76
2019-01-22,VALE3,55.08
2019-01-22,VIVT3,40.0
2019-01-22,VIVT4,46.16
2019-01-22,VVAR3,4.93
2019-01-22,WEGE3,18.56
2019-01-23,ABEV3,17.18
2019-01-23,ALPA4,19.9
2019-01-23,ARZZ3,51.9
2019-01-23,AZUL4,36.0
2019-01-23,B3SA3,31.16
2019-01-23,BBAS3,49.2
2019-01-23,BBDC3,38.12
2019-01-23,BBDC4,42.72
2019-01-23,BBSE3,29.65
2019-01-23,BEEF3,5.44
2019-01-23,BIDI4,43.44
2019-01-23,BPAC11,28.0
2019-01-23,BPAN4,2.18
2019-01-23,BRAP4,34.72
2019-01-23,BRDT3,26.35
2019-01-23,BRFS3,23.75
2019-01-23,BRKM5,48.67
2019-01-23,BRML3,13.84
2019-01-23,BTOW3,44.45
2019-01-23,CCRO3,13.53
2019-01-23,CIEL3,10.21
2019-01-23,CMIG4,14.23
2019-01-23,CPFE3,31.0
2019-01-23,CPLE3,32.25
2019-01-23,CPLE6,34.0
2019-01-23,CRFB3,19.98
2019-01-23,CSAN3,42.55
2019-01-23,CSMG3,62.45
2019-01-23,CSNA3,10.32
2019-01-23,CVCB3,61.68
2019-01-23,CYRE3,17.16
2019-01-23,DIRR3,8.66
2019-01-23,ECOR3,10.61
2019-01-23,EGIE3,41.05
2019-01-23,ELET3,33.01
2019-01-23,ELET6,36.5
2019-01-23,EMBR3,19.46
2019-01-23,ENBR3,16.09
2019-01-23,ENEV3,17.7
2019-01-23,ENGI11,40.9
2019-01-23,EQTL3,83.0
2019-01-23,ESTC3,29.48
2019-01-23,EZTC3,26.96
2019-01-23,FLRY3,22.21
2019-01-23,GGBR4,15.65
2019-01-23,GNDI3,33.8
2019-01-23,GOAU4,7.42
2019-01-23,GOLL4,23.21
2019-01-23,HAPV3,33.67
2019-01-23,HGTX3,28.3
2019-01-23,HYPE3,32.58
2019-01-23,IGTA3,41.94
2019-01-23,IRBR3,86.51
2019-01-23,ITSA4,12.99
2019-01-23,ITUB4,37.54
2019-01-23,JBSS3,14.08
2019-01-23,JHSF3,1.9
2019-01-23,KLBN11,18.37
2019-01-23,KROT3,10.84
2019-01-23,LAME4,20.0
2019-01-23,LCAM3,38.43
2019-01-23,LOGG3,19.2
2019-01-23,LREN3,43.19
2019-01-23,MGLU3,169.6
2019-01-23,MRFG3,5.72
2019-01-23,MRVE3,14.5
2019-01-23,MULT3,24.96
2019-01-23,NATU3,45.37
2019-01-23,PCAR4,93.59
2019-01-23,PETR3,29.15
2019-01-23,PETR4,25.43
2019-01-23,POMO4,4.15
2019-01-23,PRIO3,113.89
2019-01-23,PSSA3,54.77
2019-01-23,QUAL3,15.89
2019-01-23,RADL3,61.89
2019-01-23,RAIL3,18.66
2019-01-23,RENT3,32.08
2019-01-23,SANB11,49.8
2019-01-23,SBSP3,42.15
2019-01-23,SLCE3,44.64
2019-01-23,SMLS3,41.55
2019-01-23,SMTO3,19.8
2019-01-23,STBP3,4.65
2019-01-23,SULA11,30.01
2019-01-23,SUZB3,45.84
2019-01-23,TAEE11,25.35
2019-01-23,TEND3,35.57
2019-01-23,TIMP3,12.61
2019-01-23,TOTS3,34.04
2019-01-23,TRPL4,74.9
2019-01-23,UGPA3,56.27
2019-01-23,USIM5,9.72
2019-01-23,VALE3,55.65
2019-01-23,VIVT3,40.8
2019-01-23,VIVT4,46.97
2019-01-23,VVAR3,5.16
2019-01-23,WEGE3,18.77
2019-01-24,ABEV3,17.16
2019-01-24,ALPA4,20.2
2019-01-24,ARZZ3,52.36
2019-01-24,AZUL4,36.06
2019-01-24,B3SA3,31.65
2019-01-24,BBAS3,48.95
2019-01-24,BBDC3,38.68
2019-01-24,BBDC4,43.15
2019-01-24,BBSE3,29.99
2019-01-24,BEEF3,5.55
2019-01-24,BIDI4,41.25
2019-01-24,BPAC11,29.5
2019-01-24,BPAN4,2.17
2019-01-24,BRAP4,35.0
2019-01-24,BRDT3,26.66
2019-01-24,BRFS3,24.19
2019-01-24,BRKM5,49.45
2019-01-24,BRML3,14.26
2019-01-24,BTOW3,45.61
2019-01-24,CCRO3,14.28
2019-01-24,CIEL3,10.68
2019-01-24,CMIG4,14.49
2019-01-24,CPFE3,31.0
2019-01-24,CPLE3,33.15
2019-01-24,CPLE6,35.62
2019-01-24,CRFB3,20.01
2019-01-24,CSAN3,43.44
2019-01-24,CSMG3,62.33
2019-01-24,CSNA3,10.37
2019-01-24,CVCB3,61.99
2019-01-24,CYRE3,17.35
2019-01-24,DIRR3,8.94
2019-01-24,ECOR3,11.17
2019-01-24,EGIE3,42.0
2019-01-24,ELET3,33.98
2019-01-24,ELET6,36.95
2019-01-24,EMBR3,19.67
2019-01-24,ENBR3,16.54
2019-01-24,ENEV3,17.93
2019-01-24,ENGI11,41.59
2019-01-24,EQTL3,83.99
2019-01-24,ESTC3,30.1
2019-01-24,EZTC3,27.8
2019-01-24,FLRY3,22.0
2019-01-24,GGBR4,15.99
2019-01-24,GNDI3,34.61
2019-01-24,GOAU4,7.54
2019-01-24,GOLL4,23.43
2019-01-24,HAPV3,33.33
2019-01-24,HGTX3,29.45
2019-01-24,HYPE3,32.47
2019-01-24,IGTA3,41.81
2019-01-24,IRBR3,87.93
2019-01-24,ITSA4,13.2
2019-01-24,ITUB4,37.49
2019-01-24,JBSS3,14.47
2019-01-24,JHSF3,1.92
2019-01-24,KLBN11,18.84
2019-01-24,KROT3,11.44
2019-01-24,LAME4,20.46
2019-01-24,LCAM3,38.75
2019-01-24,LOGG3,18.8
2019-01-24,LREN3,44.44
2019-01-24,MGLU3,167.48
2019-01-24,MRFG3,5.87
2019-01-24,MRVE3,14.85
2019-01-24,MULT3,25.1
2019-01-24,NATU3,46.45
2019-01-24,PCAR4,94.78
2019-01-24,PETR3,29.46
2019-01-24,PETR4,25.54
2019-01-24,POMO4,4.14
2019-01-24,PRIO3,111.76
2019-01-24,PSSA3,54.64
2019-01-24,QUAL3,15.85
2019-01-24,RADL3,62.29
2019-01-24,RAIL3,19.31
2019-01-24,RENT3,32.22
2019-01-24,SANB11,49.57
2019-01-24,SBSP3,43.18
2019-01-24,SLCE3,44.9
2019-01-24,SMLS3,41.9
2019-01-24,SMTO3,19.84
2019-01-24,STBP3,4.59
2019-01-24,SULA11,31.01
2019-01-24,SUZB3,47.95
2019-01-24,TAEE11,25.85
2019-01-24,TEND3,36.16
2019-01-24,TIMP3,12.55
2019-01-24,TOTS3,33.6
2019-01-24,TRPL4,76.69
2019-01-24,UGPA3,57.71
2019-01-24,USIM5,9.8
2019-01-24,VALE3,56.15
2019-01-24,VIVT3,41.49
2019-01-24,VIVT4,47.77
2019-01-24,VVAR3,5.49
2019-01-24,WEGE3,18.82
2019-01-28,ABEV3,17.95
2019-01-28,ALPA4,20.07
2019-01-28,ARZZ3,51.78
2019-01-28,AZUL4,35.06
2019-01-28,B3SA3,32.23
2019-01-28,BBAS3,48.32
2019-01-28,BBDC3,39.59
2019-01-28,BBDC4,43.5
2019-01-28,BBSE3,30.06
2019-01-28,BEEF3,5.54
2019-01-28,BIDI4,39.55
2019-01-28,BPAC11,29.3
2019-01-28,BPAN4,2.13
2019-01-28,BRAP4,26.43
2019-01-28,BRDT3,27.1
2019-01-28,BRFS3,24.45
2019-01-28,BRKM5,50.36
2019-01-28,BRML3,14.33
2019-01-28,BTOW3,45.97
2019-01-28,CCRO3,14.68
2019-01-28,CIEL3,10.89
2019-01-28,CMIG4,14.07
2019-01-28,CPFE3,31.19
2019-01-28,CPLE3,33.4
2019-01-28,CPLE6,36.0
2019-01-28,CRFB3,19.97
2019-01-28,CSAN3,43.52
2019-01-28,CSMG3,60.8
2019-01-28,CSNA3,9.78
2019-01-28,CVCB3,62.2
2019-01-28,CYRE3,17.19
2019-01-28,DIRR3,9.22
2019-01-28,ECOR3,11.47
2019-01-28,EGIE3,43.6
2019-01-28,ELET3,34.32
2019-01-28,ELET6,37.02
2019-01-28,EMBR3,19.26
2019-01-28,ENBR3,16.77
2019-01-28,ENEV3,18.3
2019-01-28,ENGI11,42.16
2019-01-28,EQTL3,84.1
2019-01-28,ESTC3,29.37
2019-01-28,EZTC3,27.8
2019-01-28,FLRY3,21.52
2019-01-28,GGBR4,15.64
2019-01-28,GNDI3,33.99
2019-01-28,GOAU4,7.29
2019-01-28,GOLL4,23.17
2019-01-28,HAPV3,33.0
2019-01-28,HGTX3,30.0
2019-01-28,HYPE3,33.03
2019-01-28,IGTA3,42.4
2019-01-28,IRBR3,88.18
2019-01-28,ITSA4,13.49
2019-01-28,ITUB4,38.16
2019-01-28,JBSS3,14.8
2019-01-28,JHSF3,1.91
2019-01-28,KLBN11,18.81
2019-01-28,KROT3,11.47
2019-01-28,LAME4,20.43
2019-01-28,LCAM3,38.8
2019-01-28,LOGG3,18.85
2019-01-28,LREN3,45.27
2019-01-28,MGLU3,167.38
2019-01-28,MRFG3,5.8
2019-01-28,MRVE3,15.32
2019-01-28,MULT3,25.06
2019-01-28,NATU3,47.57
2019-01-28,PCAR3,94.01
2019-01-28,PCAR4,97.92
2019-01-28,PETR3,28.42
2019-01-28,PETR4,24.77
2019-01-28,POMO4,4.15
2019-01-28,PRIO3,107.3
2019-01-28,PSSA3,54.63
2019-01-28,QUAL3,15.33
2019-01-28,RADL3,65.11
2019-01-28,RAIL3,19.75
2019-01-28,RENT3,32.01
2019-01-28,SANB11,49.7
2019-01-28,SBSP3,43.79
2019-01-28,SLCE3,45.07
2019-01-28,SMLS3,41.49
2019-01-28,SMTO3,19.98
2019-01-28,STBP3,4.63
2019-01-28,SULA11,30.73
2019-01-28,SUZB3,49.08
2019-01-28,TAEE11,25.75
2019-01-28,TEND3,36.85
2019-01-28,TIMP3,12.35
2019-01-28,TOTS3,32.4
2019-01-28,TRPL4,77.39
2019-01-28,UGPA3,58.19
2019-01-28,USIM5,9.72
2019-01-28,VALE3,42.38
2019-01-28,VIVT3,41.9
2019-01-28,VIVT4,48.36
2019-01-28,VVAR3,5.35
2019-01-28,WEGE3,19.12
2019-01-29,ABEV3,17.87
2019-01-29,ALPA4,19.99
2019-01-29,ARZZ3,53.47
2019-01-29,AZUL4,34.8
2019-01-29,B3SA3,31.55
2019-01-29,BBAS3,49.93
2019-01-29,BBDC3,38.51
2019-01-29,BBDC4,42.94
2019-01-29,BBSE3,30.05
2019-01-29,BEEF3,5.75
2019-01-29,BIDI4,40.15
2019-01-29,BPAC11,29.0
2019-01-29,BPAN4,2.15
2019-01-29,BRAP4,26.62
2019-01-29,BRDT3,26.79
2019-01-29,BRFS3,23.85
2019-01-29,BRKM5,50.31
2019-01-29,BRML3,14.5
2019-01-29,BTOW3,47.8
2019-01-29,CCRO3,15.65
2019-01-29,CIEL3,11.42
2019-01-29,CMIG4,14.08
2019-01-29,CPFE3,31.18
2019-01-29,CPLE3,33.75
2019-01-29,CPLE6,36.5
2019-01-29,CRFB3,19.9
2019-01-29,CSAN3,44.22
2019-01-29,CSMG3,60.8
2019-01-29,CSNA3,10.04
2019-01-29,CVCB3,62.71
2019-01-29,CYRE3,17.07
2019-01-29,DIRR3,9.0
2019-01-29,ECOR3,12.0
2019-01-29,EGIE3,42.6
2019-01-29,ELET3,36.75
2019-01-29,ELET6,38.81
2019-01-29,EMBR3,19.16
2019-01-29,ENBR3,16.7
2019-01-29,ENEV3,18.66
2019-01-29,ENGI11,42.26
2019-01-29,EQTL3,86.6
2019-01-29,ESTC3,30.99
2019-01-29,EZTC3,27.46
2019-01-29,FLRY3,22.38
2019-01-29,GGBR4,15.64
2019-01-29,GNDI3,32.75
2019-01-29,GOAU4,7.36
2019-01-29,GOLL4,23.05
2019-01-29,HAPV3,33.02
2019-01-29,HGTX3,30.62
2019-01-29,HYPE3,32.47
2019-01-29,IGTA3,43.29
2019-01-29,IRBR3,86.41
2019-01-29,ITSA4,13.27
2019-01-29,ITUB4,37.88
2019-01-29,JBSS3,14.7
2019-01-29,JHSF3,1.89
2019-01-29,KLBN11,18.59
2019-01-29,KROT3,11.33
2019-01-29,LAME4,20.67
2019-01-29,LCAM3,39.0
2019-01-29,LOGG3,18.72
2019-01-29,LREN3,45.59
2019-01-29,MGLU3,178.1
2019-01-29,MRFG3,5.91
2019-01-29,MRVE3,14.93
2019-01-29,MULT3,25.35
2019-01-29,NATU3,47.91
2019-01-29,PCAR4,95.99
2019-01-29,PETR3,29.04
2019-01-29,PETR4,25.37
2019-01-29,POMO4,4.11
2019-01-29,PRIO3,108.69
2019-01-29,PSSA3,52.74
2019-01-29,QUAL3,15.64
2019-01-29,RADL3,63.1
2019-01-29,RAIL3,19.55
2019-01-29,RENT3,31.9
2019-01-29,SANB11,49.0
2019-01-29,SBSP3,44.4
2019-01-29,SLCE3,45.06
2019-01-29,SMLS3,41.8
2019-01-29,SMTO3,19.5
2019-01-29,STBP3,4.59
2019-01-29,SULA11,30.71
2019-01-29,SUZB3,48.01
2019-01-29,TAEE11,25.81
2019-01-29,TEND3,36.78
2019-01-29,TIMP3,12.1
2019-01-29,TOTS3,32.78
2019-01-29,TRPL4,77.7
2019-01-29,UGPA3,57.05
2019-01-29,USIM5,9.7
2019-01-29,VALE3,42.74
2019-01-29,VIVT3,41.2
2019-01-29,VIVT4,47.81
2019-01-29,VVAR3,5.67
2019-01-29,WEGE3,19.21
2019-01-30,ABEV3,17.97
2019-01-30,ALPA4,20.15
2019-01-30,ARZZ3,55.0
2019-01-30,AZUL4,35.95
2019-01-30,B3SA3,31.47
2019-01-30,BBAS3,50.58
2019-01-30,BBDC3,38.82
2019-01-30,BBDC4,42.84
2019-01-30,BBSE3,30.66
2019-01-30,BEEF3,6.15
2019-01-30,BIDI4,40.7
2019-01-30,BPAC11,29.28
2019-01-30,BPAN4,2.17
2019-01-30,BRAP4,28.72
2019-01-30,BRDT3,26.6
2019-01-30,BRFS3,23.68
2019-01-30,BRKM5,51.78
2019-01-30,BRML3,14.5
2019-01-30,BTOW3,48.12
2019-01-30,CCRO3,15.2
2019-01-30,CIEL3,11.59
2019-01-30,CMIG4,14.0
2019-01-30,CPFE3,32.05
2019-01-30,CPLE3,33.5
2019-01-30,CPLE6,36.12
2019-01-30,CRFB3,19.85
2019-01-30,CSAN3,44.95
2019-01-30,CSMG3,59.73
2019-01-30,CSNA3,10.38
2019-01-30,CVCB3,64.69
2019-01-30,CYRE3,17.12
2019-01-30,DIRR3,9.08
2019-01-30,ECOR3,11.75
2019-01-30,EGIE3,42.46
2019-01-30,ELET3,37.3
2019-01-30,ELET6,39.78
2019-01-30,EMBR3,19.42
2019-01-30,ENBR3,17.0
2019-01-30,ENEV3,18.85
2019-01-30,ENGI11,42.07
2019-01-30,EQTL3,88.0
2019-01-30,ESTC3,32.5
2019-01-30,EZTC3,27.57
2019-01-30,FLRY3,22.52
2019-01-30,GGBR4,16.15
2019-01-30,GNDI3,33.84
2019-01-30,GOAU4,7.65
2019-01-30,GOLL4,24.06
2019-01-30,HAPV3,33.5
2019-01-30,HGTX3,30.81
2019-01-30,HYPE3,32.0
2019-01-30,IGTA3,43.61
2019-01-30,IRBR3,85.8
2019-01-30,ITSA4,13.42
2019-01-30,ITUB4,38.12
2019-01-30,JBSS3,15.3
2019-01-30,JHSF3,1.88
2019-01-30,KLBN11,18.85
2019-01-30,KROT3,11.94
2019-01-30,LAME4,20.57
2019-01-30,LCAM3,40.0
2019-01-30,LOGG3,19.4
2019-01-30,LREN3,45.42
2019-01-30,MGLU3,176.15
2019-01-30,MRFG3,6.25
2019-01-30,MRVE3,14.9
2019-01-30,MULT3,25.7
2019-01-30,NATU3,48.6
2019-01-30,PCAR4,98.14
2019-01-30,PETR3,29.44
2019-01-30,PETR4,25.62
2019-01-30,POMO4,4.1
2019-01-30,PRIO3,118.0
2019-01-30,PSSA3,55.0
2019-01-30,QUAL3,15.78
2019-01-30,RADL3,62.36
2019-01-30,RAIL3,19.78
2019-01-30,RENT3,33.2
2019-01-30,SANB11,48.0
2019-01-30,SBSP3,43.01
2019-01-30,SLCE3,46.07
2019-01-30,SMLS3,43.4
2019-01-30,SMTO3,19.6
2019-01-30,STBP3,4.4
2019-01-30,SULA11,31.75
2019-01-30,SUZB3,46.6
2019-01-30,TAEE11,25.67
2019-01-30,TEND3,37.35
2019-01-30,TIMP3,12.03
2019-01-30,TOTS3,32.87
2019-01-30,TRPL4,78.4
2019-01-30,UGPA3,56.68
2019-01-30,USIM5,9.9
2019-01-30,VALE3,46.6
2019-01-30,VIVT3,41.5
2019-01-30,VIVT4,48.27
2019-01-30,VVAR3,5.77
2019-01-30,WEGE3,19.42
2019-01-31,ABEV3,17.51
2019-01-31,ALPA4,20.06
2019-01-31,ARZZ3,55.0
2019-01-31,AZUL4,37.11
2019-01-31,B3SA3,31.47
2019-01-31,BBAS3,51.86
2019-01-31,BBDC3,40.26
2019-01-31,BBDC4,45.26
2019-01-31,BBSE3,31.06
2019-01-31,BEEF3,6.1
2019-01-31,BIDI4,41.9
2019-01-31,BPAC11,29.59
2019-01-31,BPAN4,2.18
2019-01-31,BRAP4,28.13
2019-01-31,BRDT3,26.65
2019-01-31,BRFS3,23.54
2019-01-31,BRKM5,52.26
2019-01-31,BRML3,14.55
2019-01-31,BTOW3,50.0
2019-01-31,CCRO3,14.88
2019-01-31,CIEL3,11.94
2019-01-31,CMIG4,13.85
2019-01-31,CPFE3,32.6
2019-01-31,CPLE3,33.06
2019-01-31,CPLE6,35.31
2019-01-31,CRFB3,19.99
2019-01-31,CSAN3,44.39
2019-01-31,CSMG3,59.61
2019-01-31,CSNA3,10.2
2019-01-31,CVCB3,64.0
2019-01-31,CYRE3,17.01
2019-01-31,DIRR3,9.2
2019-01-31,ECOR3,11.39
2019-01-31,EGIE3,41.85
2019-01-31,ELET3,37.4
2019-01-31,ELET6,40.7
2019-01-31,EMBR3,19.34
2019-01-31,ENBR3,16.79
2019-01-31,ENEV3,18.51
2019-01-31,ENGI11,41.7
2019-01-31,EQTL3,88.15
2019-01-31,ESTC3,31.1
2019-01-31,EZTC3,27.69
2019-01-31,FLRY3,22.28
2019-01-31,GGBR4,15.65
2019-01-31,GNDI3,33.58
2019-01-31,GOAU4,7.45
2019-01-31,GOLL4,24.72
2019-01-31,HAPV3,34.24
2019-01-31,HGTX3,31.2
2019-01-31,HYPE3,31.85
2019-01-31,IGTA3,44.55
2019-01-31,IRBR3,85.26
2019-01-31,ITSA4,13.5
2019-01-31,ITUB4,38.78
2019-01-31,JBSS3,15.09
2019-01-31,JHSF3,1.87
2019-01-31,KLBN11,18.59
2019-01-31,KROT3,11.43
2019-01-31,LAME4,21.07
2019-01-31,LCAM3,40.4
2019-01-31,LOGG3,19.25
2019-01-31,LREN3,45.5
2019-01-31,MGLU3,179.07
2019-01-31,MRFG3,6.08
2019-01-31,MRVE3,15.0
2019-01-31,MULT3,26.03
2019-01-31,NATU3,47.43
2019-01-31,PCAR4,97.28
2019-01-31,PETR3,29.55
2019-01-31,PETR4,25.58
2019-01-31,POMO4,4.08
2019-01-31,PRIO3,115.0
2019-01-31,PSSA3,56.08
2019-01-31,QUAL3,15.85
2019-01-31,RADL3,62.0
2019-01-31,RAIL3,19.65
2019-01-31,RENT3,33.3
2019-01-31,SANB11,48.07
2019-01-31,SBSP3,43.37
2019-01-31,SLCE3,44.3
2019-01-31,SMLS3,44.7
2019-01-31,SMTO3,19.24
2019-01-31,STBP3,4.48
2019-01-31,SULA11,32.1
2019-01-31,SUZB3,46.0
2019-01-31,TAEE11,25.72
2019-01-31,TEND3,36.99
2019-01-31,TIMP3,12.4
2019-01-31,TOTS3,33.26
2019-01-31,TRPL4,78.61
2019-01-31,UGPA3,57.2
2019-01-31,USIM5,9.81
2019-01-31,VALE3,45.5
2019-01-31,VIVT3,41.6
2019-01-31,VIVT4,48.69
2019-01-31,VVAR3,6.0
2019-01-31,WEGE3,18.84
2019-02-01,ABEV3,18.11
2019-02-01,ALPA4,20.14
2019-02-01,ARZZ3,55.6
2019-02-01,AZUL4,37.2
2019-02-01,B3SA3,31.94
2019-02-01,BBAS3,52.11
2019-02-01,BBDC3,39.78
2019-02-01,BBDC4,44.7
2019-02-01,BBSE3,31.4
2019-02-01,BEEF3,6.12
2019-02-01,BIDI4,41.83
2019-02-01,BPAC11,29.68
2019-02-01,BPAN4,2.18
2019-02-01,BRAP4,28.75
2019-02-01,BRDT3,26.61
2019-02-01,BRFS3,23.89
2019-02-01,BRKM5,52.3
2019-02-01,BRML3,14.3
2019-02-01,BTOW3,48.08
2019-02-01,CCRO3,14.8
2019-02-01,CIEL3,12.03
2019-02-01,CMIG4,13.71
2019-02-01,CPFE3,31.1
2019-02-01,CPLE3,33.2
2019-02-01,CPLE6,36.0
2019-02-01,CRFB3,19.93
2019-02-01,CSAN3,44.35
2019-02-01,CSMG3,60.23
2019-02-01,CSNA3,10.1
2019-02-01,CVCB3,64.8
2019-02-01,CYRE3,16.73
2019-02-01,DIRR3,9.04
2019-02-01,ECOR3,11.48
2019-02-01,EGIE3,42.66
2019-02-01,ELET3,37.6
2019-02-01,ELET6,40.96
2019-02-01,EMBR3,19.27
2019-02-01,ENBR3,17.26
2019-02-01,ENEV3,18.9
2019-02-01,ENGI11,42.2
2019-02-01,EQTL3,88.21
2019-02-01,ESTC3,30.3
2019-02-01,EZTC3,27.86
2019-02-01,FLRY3,22.19
2019-02-01,GGBR4,15.8
2019-02-01,GNDI3,34.0
2019-02-01,GOAU4,7.51
2019-02-01,GOLL4,24.92
2019-02-01,HAPV3,34.0
2019-02-01,HGTX3,32.16
2019-02-01,HYPE3,31.33
2019-02-01,IGTA3,44.59
2019-02-01,IRBR3,86.81
2019-02-01,ITSA4,13.54
2019-02-01,ITUB4,38.81
2019-02-01,JBSS3,14.87
2019-02-01,JHSF3,1.91
2019-02-01,KLBN11,19.05
2019-02-01,KROT3,11.61
2019-02-01,LAME4,20.57
2019-02-01,LCAM3,39.66
2019-02-01,LOGG3,19.8
2019-02-01,LREN3,45.66
2019-02-01,MGLU3,178.8
2019-02-01,MRFG3,6.4
2019-02-01,MRVE3,14.8
2019-02-01,MULT3,26.12
2019-02-01,NATU3,48.09
2019-02-01,PCAR4,96.6
2019-02-01,PETR3,30.02
2019-02-01,PETR4,25.8
2019-02-01,POMO4,4.05
2019-02-01,PRIO3,112.0
2019-02-01,PSSA3,56.57
2019-02-01,QUAL3,16.21
2019-02-01,RADL3,62.45
2019-02-01,RAIL3,19.34
2019-02-01,RENT3,32.8
2019-02-01,SANB11,48.75
2019-02-01,SBSP3,44.23
2019-02-01,SLCE3,43.5
2019-02-01,SMLS3,44.5
2019-02-01,SMTO3,19.12
2019-02-01,STBP3,4.5
2019-02-01,SULA11,33.03
2019-02-01,SUZB3,46.61
2019-02-01,TAEE11,25.72
2019-02-01,TEND3,36.07
2019-02-01,TIMP3,12.59
2019-02-01,TOTS3,33.15
2019-02-01,TRPL4,78.74
2019-02-01,UGPA3,55.98
2019-02-01,USIM5,9.69
2019-02-01,VALE3,46.25
2019-02-01,VIVT3,42.59
2019-02-01,VIVT4,49.2
2019-02-01,VVAR3,5.96
2019-02-01,WEGE3,19.63
2019-02-04,ABEV3,18.45
2019-02-04,ALPA4,20.34
2019-02-04,ARZZ3,55.85
2019-02-04,AZUL4,38.04
2019-02-04,B3SA3,32.27
2019-02-04,BBAS3,53.1
2019-02-04,BBDC3,40.63
2019-02-04,BBDC4,45.67
2019-02-04,BBSE3,31.62
2019-02-04,BEEF3,6.16
2019-02-04,BIDI4,42.67
2019-02-04,BPAC11,30.57
2019-02-04,BPAN4,2.27
2019-02-04,BRAP4,27.97
2019-02-04,BRDT3,26.85
2019-02-04,BRFS3,23.7
2019-02-04,BRKM5,52.8
2019-02-04,BRML3,14.4
2019-02-04,BTOW3,47.95
2019-02-04,CCRO3,14.84
2019-02-04,CIEL3,11.72
2019-02-04,CMIG4,13.6
2019-02-04,CPFE3,31.12
2019-02-04,CPLE3,33.04
2019-02-04,CPLE6,35.7
2019-02-04,CRFB3,19.97
2019-02-04,CSAN3,44.5
2019-02-04,CSMG3,60.75
2019-02-04,CSNA3,9.9
2019-02-04,CVCB3,63.85
2019-02-04,CYRE3,17.15
2019-02-04,DIRR3,8.96
2019-02-04,ECOR3,11.55
2019-02-04,EGIE3,43.83
2019-02-04,ELET3,36.81
2019-02-04,ELET6,40.28
2019-02-04,EMBR3,19.43
2019-02-04,ENBR3,17.28
2019-02-04,ENEV3,18.81
2019-02-04,ENGI11,42.33
2019-02-04,EQTL3,87.95
2019-02-04,ESTC3,30.14
2019-02-04,EZTC3,28.0
2019-02-04,FLRY3,22.28
2019-02-04,GGBR4,15.99
2019-02-04,GNDI3,34.7
2019-02-04,GOAU4,7.5
2019-02-04,GOLL4,26.98
2019-02-04,HAPV3,34.02
2019-02-04,HGTX3,31.97
2019-02-04,HYPE3,32.0
2019-02-04,IGTA3,44.86
2019-02-04,IRBR3,87.5
2019-02-04,ITSA4,13.8
2019-02-04,ITUB4,39.69
2019-02-04,JBSS3,15.02
2019-02-04,JHSF3,2.04
2019-02-04,KLBN11,19.32
2019-02-04,KROT3,11.75
2019-02-04,LAME4,20.63
2019-02-04,LCAM3,39.8
2019-02-04,LOGG3,20.05
2019-02-04,LREN3,46.0
2019-02-04,MGLU3,177.07
2019-02-04,MRFG3,6.6
2019-02-04,MRVE3,14.65
2019-02-04,MULT3,26.65
2019-02-04,NATU3,48.23
2019-02-04,PCAR4,96.15
2019-02-04,PETR3,30.36
2019-02-04,PETR4,26.03
2019-02-04,POMO4,4.12
2019-02-04,PRIO3,110.63
2019-02-04,PSSA3,57.47
2019-02-04,QUAL3,16.19
2019-02-04,RADL3,62.5
2019-02-04,RAIL3,19.34
2019-02-04,RENT3,32.85
2019-02-04,SANB11,50.34
2019-02-04,SBSP3,43.61
2019-02-04,SLCE3,44.37
2019-02-04,SMLS3,45.23
2019-02-04,SMTO3,19.27
2019-02-04,STBP3,4.51
2019-02-04,SULA11,33.3
2019-02-04,SUZB3,47.01
2019-02-04,TAEE11,25.88
2019-02-04,TEND3,36.4
2019-02-04,TIMP3,12.62
2019-02-04,TOTS3,33.4
2019-02-04,TRPL4,78.31
2019-02-04,UGPA3,56.79
2019-02-04,USIM5,9.78
2019-02-04,VALE3,44.68
2019-02-04,VIVT3,42.8
2019-02-04,VIVT4,49.2
2019-02-04,VVAR3,5.99
2019-02-04,WEGE3,19.7
2019-02-05,ABEV3,18.64
2019-02-05,ALPA4,20.58
2019-02-05,ARZZ3,55.08
2019-02-05,AZUL4,38.59
2019-02-05,B3SA3,32.98
2019-02-05,BBAS3,54.65
2019-02-05,BBDC3,40.6
2019-02-05,BBDC4,45.69
2019-02-05,BBSE3,31.5
2019-02-05,BEEF3,6.16
2019-02-05,BIDI4,43.14
2019-02-05,BPAC11,30.1
2019-02-05,BPAN4,2.27
2019-02-05,BRAP4,28.24
2019-02-05,BRDT3,26.99
2019-02-05,BRFS3,25.24
2019-02-05,BRKM5,53.79
2019-02-05,BRML3,14.38
2019-02-05,BTOW3,46.0
2019-02-05,CCRO3,14.79
2019-02-05,CIEL3,11.18
2019-02-05,CMIG4,13.66
2019-02-05,CPFE3,31.0
2019-02-05,CPLE3,32.72
2019-02-05,CPLE6,35.05
2019-02-05,CRFB3,19.74
2019-02-05,CSAN3,45.0
2019-02-05,CSMG3,61.0
2019-02-05,CSNA3,9.88
2019-02-05,CVCB3,62.85
2019-02-05,CYRE3,17.15
2019-02-05,DIRR3,8.84
2019-02-05,ECOR3,11.53
2019-02-05,EGIE3,43.8
2019-02-05,ELET3,36.87
2019-02-05,ELET6,39.5
2019-02-05,EMBR3,19.63
2019-02-05,ENBR3,17.39
2019-02-05,ENEV3,18.81
2019-02-05,ENGI11,41.8
2019-02-05,EQTL3,86.86
2019-02-05,ESTC3,29.42
2019-02-05,EZTC3,28.32
2019-02-05,FLRY3,22.46
2019-02-05,GGBR4,15.92
2019-02-05,GNDI3,34.7
2019-02-05,GOAU4,7.49
2019-02-05,GOLL4,27.59
2019-02-05,HAPV3,33.5
2019-02-05,HGTX3,32.99
2019-02-05,HYPE3,32.25
2019-02-05,IGTA3,44.96
2019-02-05,IRBR3,86.75
2019-02-05,ITSA4,13.37
2019-02-05,ITUB4,38.0
2019-02-05,JBSS3,14.98
2019-02-05,JHSF3,2.1
2019-02-05,KLBN11,19.9
2019-02-05,KROT3,11.67
2019-02-05,LAME4,20.7
2019-02-05,LCAM3,39.15
2019-02-05,LOGG3,19.7
2019-02-05,LREN3,45.47
2019-02-05,MGLU3,175.5
2019-02-05,MRFG3,6.69
2019-02-05,MRVE3,14.87
2019-02-05,MULT3,26.35
2019-02-05,NATU3,47.65
2019-02-05,PCAR4,97.07
2019-02-05,PETR3,30.55
2019-02-05,PETR4,26.05
2019-02-05,POMO4,4.1
2019-02-05,PRIO3,109.22
2019-02-05,PSSA3,58.19
2019-02-05,QUAL3,16.45
2019-02-05,RADL3,61.32
2019-02-05,RAIL3,19.51
2019-02-05,RENT3,32.2
2019-02-05,SANB11,49.81
2019-02-05,SBSP3,43.06
2019-02-05,SLCE3,44.07
2019-02-05,SMLS3,46.9
2019-02-05,SMTO3,19.75
2019-02-05,STBP3,4.47
2019-02-05,SULA11,32.28
2019-02-05,SUZB3,47.29
2019-02-05,TAEE11,26.25
2019-02-05,TEND3,37.39
2019-02-05,TIMP3,12.58
2019-02-05,TOTS3,34.43
2019-02-05,TRPL4,78.48
2019-02-05,UGPA3,57.0
2019-02-05,USIM5,9.8
2019-02-05,VALE3,44.64
2019-02-05,VIVT3,42.79
2019-02-05,VIVT4,49.24
2019-02-05,VVAR3,5.64
2019-02-05,WEGE3,20.05
2019-02-06,ABEV3,18.09
2019-02-06,ALPA4,19.95
2019-02-06,ARZZ3,52.56
2019-02-06,AZUL4,37.3
2019-02-06,B3SA3,32.2
2019-02-06,BBAS3,51.32
2019-02-06,BBDC3,38.67
2019-02-06,BBDC4,43.54
2019-02-06,BBSE3,30.12
2019-02-06,BEEF3,5.9
2019-02-06,BIDI4,43.06
2019-02-06,BPAC11,29.43
2019-02-06,BPAN4,2.34
2019-02-06,BRAP4,27.02
2019-02-06,BRDT3,25.7
2019-02-06,BRFS3,24.18
2019-02-06,BRKM5,53.12
2019-02-06,BRML3,14.1
2019-02-06,BTOW3,44.45
2019-02-06,CCRO3,13.87
2019-02-06,CIEL3,10.35
2019-02-06,CMIG4,13.13
2019-02-06,CPFE3,30.69
2019-02-06,CPLE3,31.79
2019-02-06,CPLE6,33.92
2019-02-06,CRFB3,19.17
2019-02-06,CSAN3,43.29
2019-02-06,CSMG3,59.28
2019-02-06,CSNA3,9.31
2019-02-06,CVCB3,60.0
2019-02-06,CYRE3,16.87
2019-02-06,DIRR3,8.85
2019-02-06,ECOR3,11.11
2019-02-06,EGIE3,41.8
2019-02-06,ELET3,35.56
2019-02-06,ELET6,37.89
2019-02-06,EMBR3,18.99
2019-02-06,ENBR3,16.95
2019-02-06,ENEV3,18.45
2019-02-06,ENGI11,41.85
2019-02-06,EQTL3,86.46
2019-02-06,ESTC3,28.41
2019-02-06,EZTC3,27.85
2019-02-06,FLRY3,21.31
2019-02-06,GGBR4,15.33
2019-02-06,GNDI3,33.35
2019-02-06,GOAU4,7.12
2019-02-06,GOLL4,26.79
2019-02-06,HAPV3,33.07
2019-02-06,HGTX3,32.15
2019-02-06,HYPE3,31.46
2019-02-06,IGTA3,44.21
2019-02-06,IRBR3,86.0
2019-02-06,ITSA4,12.8
2019-02-06,ITUB4,36.4
2019-02-06,JBSS3,14.03
2019-02-06,JHSF3,2.02
2019-02-06,KLBN11,19.35
2019-02-06,KROT3,11.22
2019-02-06,LAME4,20.1
2019-02-06,LCAM3,38.43
2019-02-06,LOGG3,19.25
2019-02-06,LREN3,43.21
2019-02-06,MGLU3,169.7
2019-02-06,MRFG3,6.26
2019-02-06,MRVE3,14.41
2019-02-06,MULT3,25.55
2019-02-06,NATU3,45.56
2019-02-06,PCAR4,94.5
2019-02-06,PETR3,30.01
2019-02-06,PETR4,25.49
2019-02-06,POMO4,3.98
2019-02-06,PRIO3,115.98
2019-02-06,PSSA3,57.55
2019-02-06,QUAL3,16.09
2019-02-06,RADL3,59.73
2019-02-06,RAIL3,18.96
2019-02-06,RENT3,31.36
2019-02-06,SANB11,47.73
2019-02-06,SBSP3,41.11
2019-02-06,SLCE3,42.48
2019-02-06,SMLS3,46.15
2019-02-06,SMTO3,19.04
2019-02-06,STBP3,4.34
2019-02-06,SULA11,31.82
2019-02-06,SUZB3,47.85
2019-02-06,TAEE11,25.31
2019-02-06,TEND3,36.43
2019-02-06,TIMP3,12.1
2019-02-06,TOTS3,33.72
2019-02-06,TRPL4,77.62
2019-02-06,UGPA3,54.6
2019-02-06,USIM5,9.35
2019-02-06,VALE3,42.46
2019-02-06,VIVT3,40.49
2019-02-06,VIVT4,47.62
2019-02-06,VVAR3,5.29
2019-02-06,WEGE3,19.34
2019-02-07,ABEV3,18.75
2019-02-07,ALPA4,19.75
2019-02-07,ARZZ3,51.87
2019-02-07,AZUL4,36.18
2019-02-07,B3SA3,31.0
2019-02-07,BBAS3,51.66
2019-02-07,BBDC3,39.23
2019-02-07,BBDC4,44.2
2019-02-07,BBSE3,30.22
2019-02-07,BEEF3,5.74
2019-02-07,BIDI4,42.9
2019-02-07,BPAC11,30.6
2019-02-07,BPAN4,2.53
2019-02-07,BRAP4,26.21
2019-02-07,BRDT3,25.01
2019-02-07,BRFS3,23.21
2019-02-07,BRKM5,52.3
2019-02-07,BRML3,13.85
2019-02-07,BTOW3,44.1
2019-02-07,CCRO3,14.0
2019-02-07,CIEL3,10.7
2019-02-07,CMIG4,13.28
2019-02-07,CPFE3,30.35
2019-02-07,CPLE3,31.92
2019-02-07,CPLE6,33.64
2019-02-07,CRFB3,19.13
2019-02-07,CSAN3,42.9
2019-02-07,CSMG3,57.25
2019-02-07,CSNA3,9.52
2019-02-07,CVCB3,60.73
2019-02-07,CYRE3,16.34
2019-02-07,DIRR3,8.32
2019-02-07,ECOR3,11.25
2019-02-07,EGIE3,42.4
2019-02-07,ELET3,35.2
2019-02-07,ELET6,37.43
2019-02-07,EMBR3,18.4
2019-02-07,ENBR3,17.33
2019-02-07,ENEV3,18.52
2019-02-07,ENGI11,40.75
2019-02-07,EQTL3,85.37
2019-02-07,ESTC3,28.8
2019-02-07,EZTC3,27.12
2019-02-07,FLRY3,21.0
2019-02-07,GGBR4,15.23
2019-02-07,GNDI3,33.55
2019-02-07,GOAU4,7.17
2019-02-07,GOLL4,26.36
2019-02-07,HAPV3,32.95
2019-02-07,HGTX3,31.25
2019-02-07,HYPE3,31.55
2019-02-07,IGTA3,43.73
2019-02-07,IRBR3,85.8
2019-02-07,ITSA4,12.82
2019-02-07,ITUB4,36.53
2019-02-07,JBSS3,14.33
2019-02-07,JHSF3,1.99
2019-02-07,KLBN11,19.6
2019-02-07,KROT3,11.18
2019-02-07,LAME4,20.21
2019-02-07,LCAM3,37.91
2019-02-07,LOGG3,18.4
2019-02-07,LREN3,43.35
2019-02-07,MGLU3,166.8
2019-02-07,MRFG3,6.03
2019-02-07,MRVE3,14.23
2019-02-07,MULT3,25.38
2019-02-07,NATU3,45.5
2019-02-07,PCAR4,93.98
2019-02-07,PETR3,29.48
2019-02-07,PETR4,25.09
2019-02-07,POMO4,3.92
2019-02-07,PRIO3,113.2
2019-02-07,PSSA3,57.87
2019-02-07,QUAL3,15.61
2019-02-07,RADL3,60.25
2019-02-07,RAIL3,18.82
2019-02-07,RENT3,31.76
2019-02-07,SANB11,47.82
2019-02-07,SBSP3,39.77
2019-02-07,SLCE3,41.05
2019-02-07,SMLS3,45.37
2019-02-07,SMTO3,18.85
2019-02-07,STBP3,4.35
2019-02-07,SULA11,31.6
2019-02-07,SUZB3,48.62
2019-02-07,TAEE11,25.28
2019-02-07,TEND3,34.86
2019-02-07,TIMP3,11.9
2019-02-07,TOTS3,32.72
2019-02-07,TRPL4,76.98
2019-02-07,UGPA3,53.93
2019-02-07,USIM5,9.44
2019-02-07,VALE3,41.59
2019-02-07,VIVT3,41.96
2019-02-07,VIVT4,47.49
2019-02-07,VVAR3,5.45
2019-02-07,WEGE3,19.17
2019-02-08,ABEV3,18.22
2019-02-08,ALPA4,19.82
2019-02-08,ARZZ3,52.4
2019-02-08,AZUL4,37.0
2019-02-08,B3SA3,31.33
2019-02-08,BBAS3,51.73
2019-02-08,BBDC3,40.25
2019-02-08,BBDC4,44.67
2019-02-08,BBSE3,30.24
2019-02-08,BEEF3,5.92
2019-02-08,BIDI4,40.75
2019-02-08,BPAC11,32.0
2019-02-08,BPAN4,2.84
2019-02-08,BRAP4,27.12
2019-02-08,BRDT3,25.12
2019-02-08,BRFS3,23.5
2019-02-08,BRKM5,52.08
2019-02-08,BRML3,13.91
2019-02-08,BTOW3,44.99
2019-02-08,CCRO3,14.17
2019-02-08,CIEL3,10.6
2019-02-08,CMIG4,13.4
2019-02-08,CPFE3,30.28
2019-02-08,CPLE3,32.15
2019-02-08,CPLE6,33.97
2019-02-08,CRFB3,19.26
2019-02-08,CSAN3,43.12
2019-02-08,CSMG3,60.47
2019-02-08,CSNA3,9.85
2019-02-08,CVCB3,61.0
2019-02-08,CYRE3,16.63
2019-02-08,DIRR3,8.61
2019-02-08,ECOR3,11.13
2019-02-08,EGIE3,43.41
2019-02-08,ELET3,35.79
2019-02-08,ELET6,37.4
2019-02-08,EMBR3,18.94
2019-02-08,ENBR3,17.72
2019-02-08,ENEV3,18.2
2019-02-08,ENGI11,40.65
2019-02-08,EQTL3,84.9
2019-02-08,ESTC3,29.21
2019-02-08,EZTC3,27.02
2019-02-08,FLRY3,21.5
2019-02-08,GGBR4,15.35
2019-02-08,GNDI3,33.51
2019-02-08,GOAU4,7.17
2019-02-08,GOLL4,27.03
2019-02-08,HAPV3,32.97
2019-02-08,HGTX3,31.63
2019-02-08,HYPE3,31.6
2019-02-08,IGTA3,44.15
2019-02-08,IRBR3,89.21
2019-02-08,ITSA4,13.23
2019-02-08,ITUB4,37.31
2019-02-08,JBSS3,14.25
2019-02-08,JHSF3,2.08
2019-02-08,KLBN11,19.26
2019-02-08,KROT3,11.16
2019-02-08,LAME4,20.43
2019-02-08,LCAM3,38.19
2019-02-08,LOGG3,18.05
2019-02-08,LREN3,43.5
2019-02-08,MGLU3,170.0
2019-02-08,MRFG3,5.93
2019-02-08,MRVE3,14.48
2019-02-08,MULT3,25.34
2019-02-08,NATU3,45.13
2019-02-08,PCAR4,93.58
2019-02-08,PETR3,29.27
2019-02-08,PETR4,25.13
2019-02-08,POMO4,3.89
2019-02-08,PRIO3,112.05
2019-02-08,PSSA3,60.71
2019-02-08,QUAL3,15.16
2019-02-08,RADL3,60.23
2019-02-08,RAIL3,19.44
2019-02-08,RENT3,33.28
2019-02-08,SANB11,49.0
2019-02-08,SBSP3,42.19
2019-02-08,SLCE3,43.01
2019-02-08,SMLS3,46.25
2019-02-08,SMTO3,18.25
2019-02-08,STBP3,4.3
2019-02-08,SULA11,32.42
2019-02-08,SUZB3,47.96
2019-02-08,TAEE11,25.8
2019-02-08,TEND3,35.5
2019-02-08,TIMP3,11.79
2019-02-08,TOTS3,32.3
2019-02-08,TRPL4,78.0
2019-02-08,UGPA3,53.94
2019-02-08,USIM5,9.62
2019-02-08,VALE3,43.16
2019-02-08,VIVT3,41.72
2019-02-08,VIVT4,47.79
2019-02-08,VVAR3,5.56
2019-02-08,WEGE3,19.0
2019-02-11,ABEV3,18.71
2019-02-11,ALPA4,19.56
2019-02-11,ARZZ3,51.61
2019-02-11,AZUL4,37.2
2019-02-11,B3SA3,30.78
2019-02-11,BBAS3,50.2
2019-02-11,BBDC3,39.47
2019-02-11,BBDC4,44.41
2019-02-11,BBSE3,29.55
2019-02-11,BEEF3,5.76
2019-02-11,BIDI4,40.49
2019-02-11,BPAC11,32.05
2019-02-11,BPAN4,2.91
2019-02-11,BRAP4,26.2
2019-02-11,BRDT3,25.6
2019-02-11,BRFS3,23.12
2019-02-11,BRKM5,53.97
2019-02-11,BRML3,13.74
2019-02-11,BTOW3,44.35
2019-02-11,CCRO3,14.15
2019-02-11,CIEL3,11.06
2019-02-11,CMIG4,13.09
2019-02-11,CPFE3,29.8
2019-02-11,CPLE3,32.05
2019-02-11,CPLE6,34.05
2019-02-11,CRFB3,19.02
2019-02-11,CSAN3,42.88
2019-02-11,CSMG3,58.1
2019-02-11,CSNA3,9.62
2019-02-11,CVCB3,61.16
2019-02-11,CYRE3,16.69
2019-02-11,DIRR3,8.7
2019-02-11,ECOR3,11.01
2019-02-11,EGIE3,43.37
2019-02-11,ELET3,35.81
2019-02-11,ELET6,38.11
2019-02-11,EMBR3,18.67
2019-02-11,ENBR3,17.71
2019-02-11,ENEV3,18.0
2019-02-11,ENGI11,41.3
2019-02-11,EQTL3,83.5
2019-02-11,ESTC3,29.78
2019-02-11,EZTC3,27.75
2019-02-11,FLRY3,21.35
2019-02-11,GGBR4,15.45
2019-02-11,GNDI3,32.45
2019-02-11,GOAU4,7.17
2019-02-11,GOLL4,27.82
2019-02-11,HAPV3,33.3
2019-02-11,HGTX3,31.0
2019-02-11,HYPE3,30.77
2019-02-11,IGTA3,43.62
2019-02-11,IRBR3,89.24
2019-02-11,ITSA4,13.14
2019-02-11,ITUB4,36.89
2019-02-11,JBSS3,14.35
2019-02-11,JHSF3,2.03
2019-02-11,KLBN11,18.74
2019-02-11,KROT3,11.4
2019-02-11,LAME4,20.57
2019-02-11,LCAM3,38.0
2019-02-11,LOGG3,18.18
2019-02-11,LREN3,43.0
2019-02-11,MGLU3,165.33
2019-02-11,MRFG3,5.71
2019-02-11,MRVE3,14.44
2019-02-11,MULT3,25.17
2019-02-11,NATU3,44.76
2019-02-11,PCAR3,82.02
2019-02-11,PCAR4,93.0
2019-02-11,PETR3,28.9
2019-02-11,PETR4,24.84
2019-02-11,POMO4,3.84
2019-02-11,PRIO3,116.0
2019-02-11,PSSA3,60.13
2019-02-11,QUAL3,14.84
2019-02-11,RADL3,59.25
2019-02-11,RAIL3,19.3
2019-02-11,RENT3,32.71
2019-02-11,SANB11,48.32
2019-02-11,SBSP3,38.25
2019-02-11,SLCE3,42.73
2019-02-11,SMLS3,47.35
2019-02-11,SMTO3,18.35
2019-02-11,STBP3,4.2
2019-02-11,SULA11,32.36
2019-02-11,SUZB3,46.69
2019-02-11,TAEE11,25.49
2019-02-11,TEND3,34.58
2019-02-11,TIMP3,11.74
2019-02-11,TOTS3,32.38
2019-02-11,TRPL4,77.86
2019-02-11,UGPA3,53.9
2019-02-11,USIM5,9.58
2019-02-11,VALE3,42.02
2019-02-11,VIVT3,42.01
2019-02-11,VIVT4,47.75
2019-02-11,VVAR3,5.52
2019-02-11,WEGE3,18.89
2019-02-12,ABEV3,18.67
2019-02-12,ALPA4,19.86
2019-02-12,ARZZ3,51.58
2019-02-12,AZUL4,38.26
2019-02-12,B3SA3,31.12
2019-02-12,BBAS3,53.29
2019-02-12,BBDC3,40.32
2019-02-12,BBDC4,45.3
2019-02-12,BBSE3,28.92
2019-02-12,BEEF3,5.71
2019-02-12,BIDI4,39.05
2019-02-12,BPAC11,33.05
2019-02-12,BPAN4,3.06
2019-02-12,BRAP4,27.48
2019-02-12,BRDT3,25.52
2019-02-12,BRFS3,23.3
2019-02-12,BRKM5,54.94
2019-02-12,BRML3,13.56
2019-02-12,BTOW3,46.4
2019-02-12,CCRO3,14.19
2019-02-12,CIEL3,11.07
2019-02-12,CMIG4,13.28
2019-02-12,CPFE3,29.89
2019-02-12,CPLE3,32.22
2019-02-12,CPLE6,34.4
2019-02-12,CRFB3,19.44
2019-02-12,CSAN3,42.54
2019-02-12,CSMG3,58.97
2019-02-12,CSNA3,9.88
2019-02-12,CVCB3,63.24
2019-02-12,CYRE3,16.44
2019-02-12,DIRR3,8.66
2019-02-12,ECOR3,11.08
2019-02-12,EGIE3,43.72
2019-02-12,ELET3,35.74
2019-02-12,ELET6,37.73
2019-02-12,EMBR3,18.63
2019-02-12,ENBR3,18.11
2019-02-12,ENEV3,18.06
2019-02-12,ENGI11,41.8
2019-02-12,EQTL3,83.21
2019-02-12,ESTC3,29.33
2019-02-12,EZTC3,27.35
2019-02-12,FLRY3,21.19
2019-02-12,GGBR4,15.5
2019-02-12,GNDI3,32.31
2019-02-12,GOAU4,7.29
2019-02-12,GOLL4,28.54
2019-02-12,HAPV3,33.1
2019-02-12,HGTX3,31.23
2019-02-12,HYPE3,30.07
2019-02-12,IGTA3,43.45
2019-02-12,IRBR3,92.9
2019-02-12,ITSA4,13.36
2019-02-12,ITUB4,37.77
2019-02-12,JBSS3,14.55
2019-02-12,JHSF3,2.01
2019-02-12,KLBN11,18.21
2019-02-12,KROT3,11.33
2019-02-12,LAME4,19.92
2019-02-12,LCAM3,38.69
2019-02-12,LOGG3,18.15
2019-02-12,LREN3,44.66
2019-02-12,MGLU3,164.8
2019-02-12,MRFG3,5.58
2019-02-12,MRVE3,14.15
2019-02-12,MULT3,25.11
2019-02-12,NATU3,45.5
2019-02-12,PCAR3,93.5
2019-02-12,PCAR4,96.39
2019-02-12,PETR3,29.94
2019-02-12,PETR4,25.72
2019-02-12,POMO4,3.67
2019-02-12,PRIO3,115.89
2019-02-12,PSSA3,62.98
2019-02-12,QUAL3,15.25
2019-02-12,RADL3,59.27
2019-02-12,RAIL3,19.6
2019-02-12,RENT3,33.27
2019-02-12,SANB11,49.05
2019-02-12,SBSP3,38.15
2019-02-12,SLCE3,42.7
2019-02-12,SMLS3,47.29
2019-02-12,SMTO3,18.62
2019-02-12,STBP3,4.2
2019-02-12,SULA11,33.1
2019-02-12,SUZB3,45.35
2019-02-12,TAEE11,25.3
2019-02-12,TEND3,35.5
2019-02-12,TIMP3,11.63
2019-02-12,TOTS3,31.49
2019-02-12,TRPL4,77.37
2019-02-12,UGPA3,53.69
2019-02-12,USIM5,9.58
2019-02-12,VALE3,44.3
2019-02-12,VIVT3,41.88
2019-02-12,VIVT4,48.07
2019-02-12,VVAR3,5.56
2019-02-12,WEGE3,18.87
2019-02-13,ABEV3,18.39
2019-02-13,ALPA4,19.78
2019-02-13,ARZZ3,51.8
2019-02-13,AZUL4,38.4
2019-02-13,B3SA3,31.04
2019-02-13,BBAS3,52.08
2019-02-13,BBDC3,39.98
2019-02-13,BBDC4,44.6
2019-02-13,BBSE3,28.39
2019-02-13,BEEF3,5.8
2019-02-13,BIDI4,38.8
2019-02-13,BPAC11,34.0
2019-02-13,BPAN4,3.48
2019-02-13,BRAP4,27.82
2019-02-13,BRDT3,26.26
2019-02-13,BRFS3,22.55
2019-02-13,BRKM5,55.38
2019-02-13,BRML3,13.6
2019-02-13,BTOW3,46.37
2019-02-13,CCRO3,13.75
2019-02-13,CIEL3,10.98
2019-02-13,CMIG4,13.5
2019-02-13,CPFE3,31.65
2019-02-13,CPLE3,32.25
2019-02-13,CPLE6,34.31
2019-02-13,CRFB3,19.3
2019-02-13,CSAN3,42.53
2019-02-13,CSMG3,59.56
2019-02-13,CSNA3,9.98
2019-02-13,CVCB3,62.37
2019-02-13,CYRE3,16.33
2019-02-13,DIRR3,8.75
2019-02-13,ECOR3,10.86
2019-02-13,EGIE3,43.02
2019-02-13,ELET3,36.81
2019-02-13,ELET6,38.8
2019-02-13,EMBR3,18.77
2019-02-13,ENBR3,18.05
2019-02-13,ENEV3,18.05
2019-02-13,ENGI11,41.61
2019-02-13,EQTL3,84.39
2019-02-13,ESTC3,30.03
2019-02-13,EZTC3,27.0
2019-02-13,FLRY3,21.03
2019-02-13,GGBR4,15.63
2019-02-13,GNDI3,32.83
2019-02-13,GOAU4,7.33
2019-02-13,GOLL4,28.65
2019-02-13,HAPV3,33.5
2019-02-13,HGTX3,29.97
2019-02-13,HYPE3,30.15
2019-02-13,IGTA3,43.18
2019-02-13,IRBR3,90.66
2019-02-13,ITSA4,13.07
2019-02-13,ITUB4,36.91
2019-02-13,JBSS3,14.38
2019-02-13,JHSF3,2.03
2019-02-13,KLBN11,18.11
2019-02-13,KROT3,11.27
2019-02-13,LAME4,19.51
2019-02-13,LCAM3,39.02
2019-02-13,LOGG3,18.3
2019-02-13,LREN3,43.5
2019-02-13,MGLU3,161.3
2019-02-13,MRFG3,5.61
2019-02-13,MRVE3,13.95
2019-02-13,MULT3,25.3
2019-02-13,NATU3,45.2
2019-02-13,PCAR4,94.99
2019-02-13,PETR3,30.65
2019-02-13,PETR4,26.05
2019-02-13,POMO4,3.8
2019-02-13,PRIO3,126.2
2019-02-13,PSSA3,60.45
2019-02-13,QUAL3,15.47
2019-02-13,RADL3,58.06
2019-02-13,RAIL3,19.06
2019-02-13,RENT3,33.46
2019-02-13,SANB11,48.16
2019-02-13,SBSP3,38.32
2019-02-13,SLCE3,43.7
2019-02-13,SMLS3,47.87
2019-02-13,SMTO3,18.3
2019-02-13,STBP3,4.15
2019-02-13,SULA11,33.0
2019-02-13,SUZB3,45.87
2019-02-13,TAEE11,25.67
2019-02-13,TEND3,35.31
2019-02-13,TIMP3,11.6
2019-02-13,TOTS3,31.8
2019-02-13,TRPL4,78.0
2019-02-13,UGPA3,55.2
2019-02-13,USIM5,9.62
2019-02-13,VALE3,45.49
2019-02-13,VIVT3,42.19
2019-02-13,VIVT4,48.45
2019-02-13,VVAR3,5.45
2019-02-13,WEGE3,18.66
2019-02-14,ABEV3,18.59
2019-02-14,ALPA4,19.75
2019-02-14,ARZZ3,52.49
2019-02-14,AZUL4,38.6
2019-02-14,B3SA3,32.36
2019-02-14,BBAS3,54.74
2019-02-14,BBDC3,41.34
2019-02-14,BBDC4,46.3
2019-02-14,BBSE3,28.66
2019-02-14,BEEF3,5.96
2019-02-14,BIDI4,38.84
2019-02-14,BPAC11,34.2
2019-02-14,BPAN4,3.85
2019-02-14,BRAP4,27.98
2019-02-14,BRDT3,26.54
2019-02-14,BRFS3,22.82
2019-02-14,BRKM5,55.73
2019-02-14,BRML3,13.9
2019-02-14,BTOW3,47.5
2019-02-14,CCRO3,14.12
2019-02-14,CIEL3,11.3
2019-02-14,CMIG4,13.72
2019-02-14,CPFE3,31.97
2019-02-14,CPLE3,32.7
2019-02-14,CPLE6,35.25
2019-02-14,CRFB3,19.62
2019-02-14,CSAN3,42.7
2019-02-14,CSMG3,60.23
2019-02-14,CSNA3,10.13
2019-02-14,CVCB3,63.0
2019-02-14,CYRE3,16.71
2019-02-14,DIRR3,8.61
2019-02-14,ECOR3,11.14
2019-02-14,EGIE3,43.59
2019-02-14,ELET3,37.13
2019-02-14,ELET6,39.83
2019-02-14,EMBR3,19.3
2019-02-14,ENBR3,18.66
2019-02-14,ENEV3,18.6
2019-02-14,ENGI11,41.76
2019-02-14,EQTL3,84.3
2019-02-14,ESTC3,31.51
2019-02-14,EZTC3,26.98
2019-02-14,FLRY3,21.42
2019-02-14,GGBR4,15.73
2019-02-14,GNDI3,32.75
2019-02-14,GOAU4,7.4
2019-02-14,GOLL4,28.5
2019-02-14,HAPV3,33.13
2019-02-14,HGTX3,30.9
2019-02-14,HYPE3,30.11
2019-02-14,IGTA3,43.66
2019-02-14,IRBR3,92.0
2019-02-14,ITSA4,13.4
2019-02-14,ITUB4,37.89
2019-02-14,JBSS3,14.5
2019-02-14,JHSF3,2.09
2019-02-14,KLBN11,18.15
2019-02-14,KROT3,11.6
2019-02-14,LAME4,19.9
2019-02-14,LCAM3,39.8
2019-02-14,LOGG3,18.33
2019-02-14,LREN3,44.66
2019-02-14,MGLU3,170.69
2019-02-14,MRFG3,5.58
2019-02-14,MRVE3,14.43
2019-02-14,MULT3,25.73
2019-02-14,NATU3,45.38
2019-02-14,PCAR4,97.0
2019-02-14,PETR3,31.29
2019-02-14,PETR4,26.95
2019-02-14,POMO4,3.82
2019-02-14,PRIO3,134.96
2019-02-14,PSSA3,60.0
2019-02-14,QUAL3,15.64
2019-02-14,RADL3,58.78
2019-02-14,RAIL3,19.64
2019-02-14,RENT3,34.39
2019-02-14,SANB11,49.45
2019-02-14,SBSP3,40.36
2019-02-14,SLCE3,44.83
2019-02-14,SMLS3,48.61
2019-02-14,SMTO3,18.4
2019-02-14,STBP3,4.2
2019-02-14,SULA11,33.45
2019-02-14,SUZB3,45.05
2019-02-14,TAEE11,25.75
2019-02-14,TEND3,36.0
2019-02-14,TIMP3,11.72
2019-02-14,TOTS3,32.58
2019-02-14,TRPL4,78.25
2019-02-14,UGPA3,56.02
2019-02-14,USIM5,9.67
2019-02-14,VALE3,45.66
2019-02-14,VIVT3,42.3
2019-02-14,VIVT4,48.49
2019-02-14,VVAR3,5.45
2019-02-14,WEGE3,18.84
2019-02-15,ABEV3,18.49
2019-02-15,ALPA4,19.3
2019-02-15,ARZZ3,52.46
2019-02-15,AZUL4,38.5
2019-02-15,B3SA3,32.32
2019-02-15,BBAS3,54.81
2019-02-15,BBDC3,40.79
2019-02-15,BBDC4,46.0
2019-02-15,BBSE3,27.68
2019-02-15,BEEF3,5.95
2019-02-15,BIDI4,40.11
2019-02-15,BPAC11,34.0
2019-02-15,BPAN4,3.5
2019-02-15,BRAP4,28.08
2019-02-15,BRDT3,26.23
2019-02-15,BRFS3,22.66
2019-02-15,BRKM5,55.58
2019-02-15,BRML3,13.82
2019-02-15,BTOW3,47.35
2019-02-15,CCRO3,14.0
2019-02-15,CIEL3,10.96
2019-02-15,CMIG4,13.8
2019-02-15,CPFE3,31.65
2019-02-15,CPLE3,32.43
2019-02-15,CPLE6,35.02
2019-02-15,CRFB3,19.75
2019-02-15,CSAN3,42.9
2019-02-15,CSMG3,60.46
2019-02-15,CSNA3,10.14
2019-02-15,CVCB3,62.62
2019-02-15,CYRE3,16.5
2019-02-15,DIRR3,8.78
2019-02-15,ECOR3,11.07
2019-02-15,EGIE3,43.18
2019-02-15,ELET3,36.31
2019-02-15,ELET6,39.45
2019-02-15,EMBR3,19.33
2019-02-15,ENBR3,18.98
2019-02-15,ENEV3,18.88
2019-02-15,ENGI11,42.04
2019-02-15,EQTL3,84.0
2019-02-15,ESTC3,29.87
2019-02-15,EZTC3,26.32
2019-02-15,FLRY3,21.24
2019-02-15,GGBR4,15.48
2019-02-15,GNDI3,32.7
2019-02-15,GOAU4,7.32
2019-02-15,GOLL4,28.91
2019-02-15,HAPV3,33.73
2019-02-15,HGTX3,30.69
2019-02-15,HYPE3,29.93
2019-02-15,IGTA3,43.5
2019-02-15,IRBR3,91.15
2019-02-15,ITSA4,13.23
2019-02-15,ITUB4,37.5
2019-02-15,JBSS3,14.82
2019-02-15,JHSF3,2.23
2019-02-15,KLBN11,18.33
2019-02-15,KROT3,10.88
2019-02-15,LAME4,19.51
2019-02-15,LCAM3,39.85
2019-02-15,LOGG3,18.03
2019-02-15,LREN3,44.15
2019-02-15,MGLU3,163.97
2019-02-15,MRFG3,5.8
2019-02-15,MRVE3,14.0
2019-02-15,MULT3,25.47
2019-02-15,NATU3,46.7
2019-02-15,PCAR4,96.65
2019-02-15,PETR3,31.05
2019-02-15,PETR4,26.84
2019-02-15,POMO4,3.82
2019-02-15,PRIO3,135.0
2019-02-15,PSSA3,59.04
2019-02-15,QUAL3,15.62
2019-02-15,RADL3,58.51
2019-02-15,RAIL3,19.77
2019-02-15,RENT3,34.18
2019-02-15,SANB11,49.2
2019-02-15,SBSP3,39.64
2019-02-15,SLCE3,44.52
2019-02-15,SMLS3,49.0
2019-02-15,SMTO3,18.6
2019-02-15,STBP3,4.23
2019-02-15,SULA11,33.77
2019-02-15,SUZB3,45.68
2019-02-15,TAEE11,25.76
2019-02-15,TEND3,35.9
2019-02-15,TIMP3,11.95
2019-02-15,TOTS3,33.34
2019-02-15,TRPL4,77.72
2019-02-15,UGPA3,57.05
2019-02-15,USIM5,9.4
2019-02-15,VALE3,45.88
2019-02-15,VIVT3,42.37
2019-02-15,VIVT4,48.15
2019-02-15,VVAR3,5.28
2019-02-15,WEGE3,18.9
2019-02-18,ABEV3,18.19
2019-02-18,ALPA4,19.61
2019-02-18,ARZZ3,53.52
2019-02-18,AZUL4,38.88
2019-02-18,B3SA3,31.97
2019-02-18,BBAS3,54.27
2019-02-18,BBDC3,39.85
2019-02-18,BBDC4,44.95
2019-02-18,BBSE3,27.65
2019-02-18,BEEF3,6.04
2019-02-18,BIDI4,40.89
2019-02-18,BPAC11,34.3
2019-02-18,BPAN4,3.25
2019-02-18,BRAP4,27.95
2019-02-18,BRDT3,25.31
2019-02-18,BRFS3,22.26
2019-02-18,BRKM5,54.87
2019-02-18,BRML3,13.85
2019-02-18,BTOW3,47.47
2019-02-18,CCRO3,14.21
2019-02-18,CIEL3,10.66
2019-02-18,CMIG4,13.95
2019-02-18,CPFE3,31.6
2019-02-18,CPLE3,32.4
2019-02-18,CPLE6,34.85
2019-02-18,CRFB3,19.69
2019-02-18,CSAN3,42.2
2019-02-18,CSMG3,60.0
2019-02-18,CSNA3,10.29
2019-02-18,CVCB3,61.94
2019-02-18,CYRE3,16.8
2019-02-18,DIRR3,8.71
2019-02-18,ECOR3,11.17
2019-02-18,EGIE3,42.64
2019-02-18,ELET3,35.43
2019-02-18,ELET6,38.69
2019-02-18,EMBR3,18.89
2019-02-18,ENBR3,19.01
2019-02-18,ENEV3,18.71
2019-02-18,ENGI11,42.23
2019-02-18,EQTL3,83.99
2019-02-18,ESTC3,29.23
2019-02-18,EZTC3,26.48
2019-02-18,FLRY3,20.9
2019-02-18,GGBR4,15.55
2019-02-18,GNDI3,33.8
2019-02-18,GOAU4,7.31
2019-02-18,GOLL4,28.26
2019-02-18,HAPV3,34.0
2019-02-18,HGTX3,30.79
2019-02-18,HYPE3,29.87
2019-02-18,IGTA3,43.1
2019-02-18,IRBR3,91.7
2019-02-18,ITSA4,12.96
2019-02-18,ITUB4,36.9
2019-02-18,JBSS3,15.0
2019-02-18,JHSF3,2.23
2019-02-18,KLBN11,18.1
2019-02-18,KROT3,10.8
2019-02-18,LAME4,19.75
2019-02-18,LCAM3,40.82
2019-02-18,LOGG3,17.8
2019-02-18,LREN3,44.24
2019-02-18,MGLU3,168.54
2019-02-18,MRFG3,5.65
2019-02-18,MRVE3,14.0
2019-02-18,MULT3,25.4
2019-02-18,NATU3,46.12
2019-02-18,PCAR4,96.56
2019-02-18,PETR3,30.69
2019-02-18,PETR4,26.76
2019-02-18,POMO4,3.86
2019-02-18,PRIO3,134.9
2019-02-18,PSSA3,59.18
2019-02-18,QUAL3,15.15
2019-02-18,RADL3,57.58
2019-02-18,RAIL3,19.87
2019-02-18,RENT3,34.29
2019-02-18,SANB11,48.59
2019-02-18,SBSP3,39.23
2019-02-18,SLCE3,46.02
2019-02-18,SMLS3,49.47
2019-02-18,SMTO3,18.99
2019-02-18,STBP3,4.24
2019-02-18,SULA11,33.45
2019-02-18,SUZB3,45.9
2019-02-18,TAEE11,25.6
2019-02-18,TEND3,35.45
2019-02-18,TIMP3,11.85
2019-02-18,TOTS3,33.9
2019-02-18,TRPL4,77.22
2019-02-18,UGPA3,55.72
2019-02-18,USIM5,9.37
2019-02-18,VALE3,45.25
2019-02-18,VIVT3,42.2
2019-02-18,VIVT4,47.99
2019-02-18,VVAR3,5.47
2019-02-18,WEGE3,19.08
2019-02-19,ABEV3,18.32
2019-02-19,ALPA4,20.0
2019-02-19,ARZZ3,54.41
2019-02-19,AZUL4,38.66
2019-02-19,B3SA3,32.8
2019-02-19,BBAS3,54.5
2019-02-19,BBDC3,40.5
2019-02-19,BBDC4,45.33
2019-02-19,BBSE3,28.0
2019-02-19,BEEF3,6.4
2019-02-19,BIDI4,40.4
2019-02-19,BPAC11,33.65
2019-02-19,BPAN4,3.61
2019-02-19,BRAP4,27.94
2019-02-19,BRDT3,25.14
2019-02-19,BRFS3,22.16
2019-02-19,BRKM5,55.86
2019-02-19,BRML3,13.92
2019-02-19,BTOW3,47.55
2019-02-19,CCRO3,14.31
2019-02-19,CIEL3,10.82
2019-02-19,CMIG4,14.01
2019-02-19,CPFE3,31.78
2019-02-19,CPLE3,32.0
2019-02-19,CPLE6,34.85
2019-02-19,CRFB3,19.85
2019-02-19,CSAN3,43.52
2019-02-19,CSMG3,59.5
2019-02-19,CSNA3,10.16
2019-02-19,CVCB3,61.89
2019-02-19,CYRE3,16.63
2019-02-19,DIRR3,8.61
2019-02-19,ECOR3,11.25
2019-02-19,EGIE3,44.5
2019-02-19,ELET3,35.7
2019-02-19,ELET6,38.7
2019-02-19,EMBR3,19.28
2019-02-19,ENBR3,19.14
2019-02-19,ENEV3,19.03
2019-02-19,ENGI11,42.05
2019-02-19,EQTL3,84.82
2019-02-19,ESTC3,29.39
2019-02-19,EZTC3,26.09
2019-02-19,FLRY3,21.0
2019-02-19,GGBR4,15.54
2019-02-19,GNDI3,33.37
2019-02-19,GOAU4,7.23
2019-02-19,GOLL4,28.02
2019-02-19,HAPV3,33.4
2019-02-19,HGTX3,30.68
2019-02-19,HYPE3,30.07
2019-02-19,IGTA3,43.47
2019-02-19,IRBR3,92.1
2019-02-19,ITSA4,13.23
2019-02-19,ITUB4,37.75
2019-02-19,JBSS3,14.79
2019-02-19,JHSF3,2.28
2019-02-19,KLBN11,18.48
2019-02-19,KROT3,11.04
2019-02-19,LAME4,19.84
2019-02-19,LCAM3,40.76
2019-02-19,LOGG3,17.58
2019-02-19,LREN3,44.6
2019-02-19,MGLU3,169.66
2019-02-19,MRFG3,5.68
2019-02-19,MRVE3,14.12
2019-02-19,MULT3,25.63
2019-02-19,NATU3,47.67
2019-02-19,PCAR4,98.1
2019-02-19,PETR3,31.26
2019-02-19,PETR4,27.38
2019-02-19,POMO4,3.93
2019-02-19,PRIO3,135.63
2019-02-19,PSSA3,59.23
2019-02-19,QUAL3,15.52
2019-02-19,RADL3,59.24
2019-02-19,RAIL3,19.63
2019-02-19,RENT3,34.17
2019-02-19,SANB11,49.5
2019-02-19,SBSP3,38.99
2019-02-19,SLCE3,46.42
2019-02-19,SMLS3,49.2
2019-02-19,SMTO3,19.08
2019-02-19,STBP3,4.31
2019-02-19,SULA11,33.71
2019-02-19,SUZB3,46.55
2019-02-19,TAEE11,25.75
2019-02-19,TEND3,35.59
2019-02-19,TIMP3,11.95
2019-02-19,TOTS3,33.55
2019-02-19,TRPL4,77.31
2019-02-19,UGPA3,55.9
2019-02-19,USIM5,9.22
2019-02-19,VALE3,45.49
2019-02-19,VIVT3,43.22
2019-02-19,VIVT4,48.64
2019-02-19,VVAR3,5.28
2019-02-19,WEGE3,19.39
2019-02-20,ABEV3,18.15
2019-02-20,ALPA4,19.5
2019-02-20,ARZZ3,54.22
2019-02-20,AZUL4,38.15
2019-02-20,B3SA3,32.55
2019-02-20,BBAS3,52.96
2019-02-20,BBDC3,39.72
2019-02-20,BBDC4,44.58
2019-02-20,BBSE3,27.39
2019-02-20,BEEF3,6.2
2019-02-20,BIDI4,40.0
2019-02-20,BPAC11,32.65
2019-02-20,BPAN4,3.5
2019-02-20,BRAP4,28.18
2019-02-20,BRDT3,24.96
2019-02-20,BRFS3,22.66
2019-02-20,BRKM5,55.36
2019-02-20,BRML3,13.52
2019-02-20,BTOW3,45.0
2019-02-20,CCRO3,13.95
2019-02-20,CIEL3,11.1
2019-02-20,CMIG4,13.95
2019-02-20,CPFE3,31.5
2019-02-20,CPLE3,31.77
2019-02-20,CPLE6,34.65
2019-02-20,CRFB3,20.0
2019-02-20,CSAN3,44.73
2019-02-20,CSMG3,59.37
2019-02-20,CSNA3,10.54
2019-02-20,CVCB3,61.26
2019-02-20,CYRE3,16.63
2019-02-20,DIRR3,8.71
2019-02-20,ECOR3,11.01
2019-02-20,EGIE3,42.0
2019-02-20,ELET3,35.02
2019-02-20,ELET6,37.46
2019-02-20,EMBR3,19.1
2019-02-20,ENBR3,18.9
2019-02-20,ENEV3,18.8
2019-02-20,ENGI11,41.87
2019-02-20,EQTL3,84.35
2019-02-20,ESTC3,27.76
2019-02-20,EZTC3,26.0
2019-02-20,FLRY3,20.67
2019-02-20,GGBR4,15.8
2019-02-20,GNDI3,32.9
2019-02-20,GOAU4,7.34
2019-02-20,GOLL4,28.25
2019-02-20,HAPV3,33.0
2019-02-20,HGTX3,30.05
2019-02-20,HYPE3,29.47
2019-02-20,IGTA3,42.85
2019-02-20,IRBR3,92.75
2019-02-20,ITSA4,13.2
2019-02-20,ITUB4,37.27
2019-02-20,JBSS3,14.23
2019-02-20,JHSF3,2.17
2019-02-20,KLBN11,18.53
2019-02-20,KROT3,10.62
2019-02-20,LAME4,19.38
2019-02-20,LCAM3,40.0
2019-02-20,LOGG3,17.49
2019-02-20,LREN3,43.4
2019-02-20,MGLU3,162.5
2019-02-20,MRFG3,5.62
2019-02-20,MRVE3,13.73
2019-02-20,MULT3,25.02
2019-02-20,NATU3,45.59
2019-02-20,PCAR4,96.97
2019-02-20,PETR3,31.26
2019-02-20,PETR4,27.04
2019-02-20,POMO4,3.88
2019-02-20,PRIO3,138.0
2019-02-20,PSSA3,58.33
2019-02-20,QUAL3,15.23
2019-02-20,RADL3,58.15
2019-02-20,RAIL3,19.41
2019-02-20,RENT3,33.57
2019-02-20,SANB11,48.52
2019-02-20,SBSP3,38.68
2019-02-20,SLCE3,43.76
2019-02-20,SMLS3,47.31
2019-02-20,SMTO3,18.59
2019-02-20,STBP3,4.29
2019-02-20,SULA11,33.05
2019-02-20,SUZB3,46.94
2019-02-20,TAEE11,25.74
2019-02-20,TEND3,35.01
2019-02-20,TIMP3,12.25
2019-02-20,TOTS3,34.36
2019-02-20,TRPL4,76.99
2019-02-20,UGPA3,54.69
2019-02-20,USIM5,9.28
2019-02-20,VALE3,45.8
2019-02-20,VIVT3,43.29
2019-02-20,VIVT4,47.76
2019-02-20,VVAR3,5.21
2019-02-20,WEGE3,18.79
2019-02-21,ABEV3,18.32
2019-02-21,ALPA4,19.62
2019-02-21,ARZZ3,53.76
2019-02-21,AZUL4,37.49
2019-02-21,B3SA3,32.35
2019-02-21,BBAS3,53.2
2019-02-21,BBDC3,40.2
2019-02-21,BBDC4,44.97
2019-02-21,BBSE3,27.14
2019-02-21,BEEF3,6.15
2019-02-21,BIDI4,39.9
2019-02-21,BPAC11,32.75
2019-02-21,BPAN4,3.4
2019-02-21,BRAP4,27.92
2019-02-21,BRDT3,24.57
2019-02-21,BRFS3,22.07
2019-02-21,BRKM5,55.0
2019-02-21,BRML3,13.49
2019-02-21,BTOW3,44.26
2019-02-21,CCRO3,14.07
2019-02-21,CIEL3,10.9
2019-02-21,CMIG4,13.9
2019-02-21,CPFE3,31.79
2019-02-21,CPLE3,31.55
2019-02-21,CPLE6,34.46
2019-02-21,CRFB3,20.05
2019-02-21,CSAN3,44.28
2019-02-21,CSMG3,60.25
2019-02-21,CSNA3,11.53
2019-02-21,CVCB3,61.89
2019-02-21,CYRE3,16.46
2019-02-21,DIRR3,8.49
2019-02-21,ECOR3,10.99
2019-02-21,EGIE3,41.96
2019-02-21,ELET3,36.6
2019-02-21,ELET6,38.76
2019-02-21,EMBR3,19.49
2019-02-21,ENBR3,18.6
2019-02-21,ENEV3,18.67
2019-02-21,ENGI11,41.89
2019-02-21,EQTL3,83.8
2019-02-21,ESTC3,28.43
2019-02-21,EZTC3,26.03
2019-02-21,FLRY3,20.38
2019-02-21,GGBR4,15.1
2019-02-21,GNDI3,32.84
2019-02-21,GOAU4,7.09
2019-02-21,GOLL4,27.3
2019-02-21,HAPV3,32.5
2019-02-21,HGTX3,30.14
2019-02-21,HYPE3,28.9
2019-02-21,IGTA3,42.77
2019-02-21,IRBR3,94.86
2019-02-21,ITSA4,13.56
2019-02-21,ITUB4,37.95
2019-02-21,JBSS3,13.92
2019-02-21,JHSF3,2.09
2019-02-21,KLBN11,18.3
2019-02-21,KROT3,11.18
2019-02-21,LAME4,19.22
2019-02-21,LCAM3,39.8
2019-02-21,LOGG3,17.48
2019-02-21,LREN3,43.3
2019-02-21,MGLU3,161.1
2019-02-21,MRFG3,5.58
2019-02-21,MRVE3,13.78
2019-02-21,MULT3,24.85
2019-02-21,NATU3,46.85
2019-02-21,PCAR4,96.0
2019-02-21,PETR3,31.43
2019-02-21,PETR4,27.4
2019-02-21,POMO4,3.89
2019-02-21,PRIO3,138.65
2019-02-21,PSSA3,58.4
2019-02-21,QUAL3,15.0
2019-02-21,RADL3,58.95
2019-02-21,RAIL3,19.44
2019-02-21,RENT3,34.0
2019-02-21,SANB11,48.7
2019-02-21,SBSP3,39.75
2019-02-21,SLCE3,43.49
2019-02-21,SMLS3,49.98
2019-02-21,SMTO3,18.2
2019-02-21,STBP3,4.2
2019-02-21,SULA11,32.17
2019-02-21,SUZB3,47.64
2019-02-21,TAEE11,25.07
2019-02-21,TEND3,35.13
2019-02-21,TIMP3,12.25
2019-02-21,TOTS3,33.5
2019-02-21,TRPL4,77.0
2019-02-21,UGPA3,52.0
2019-02-21,USIM5,9.5
2019-02-21,VALE3,45.38
2019-02-21,VIVT3,42.94
2019-02-21,VIVT4,47.86
2019-02-21,VVAR3,4.67
2019-02-21,WEGE3,18.88
2019-02-22,ABEV3,18.32
2019-02-22,ALPA4,19.07
2019-02-22,ARZZ3,54.35
2019-02-22,AZUL4,37.9
2019-02-22,B3SA3,33.19
2019-02-22,BBAS3,53.09
2019-02-22,BBDC3,40.12
2019-02-22,BBDC4,44.6
2019-02-22,BBSE3,27.4
2019-02-22,BEEF3,6.1
2019-02-22,BIDI4,40.22
2019-02-22,BPAC11,32.75
2019-02-22,BPAN4,3.28
2019-02-22,BRAP4,28.9
2019-02-22,BRDT3,24.88
2019-02-22,BRFS3,22.29
2019-02-22,BRKM5,55.95
2019-02-22,BRML3,13.52
2019-02-22,BTOW3,46.47
2019-02-22,CCRO3,14.09
2019-02-22,CIEL3,11.35
2019-02-22,CMIG4,14.05
2019-02-22,CPFE3,31.87
2019-02-22,CPLE3,31.5
2019-02-22,CPLE6,34.39
2019-02-22,CRFB3,20.27
2019-02-22,CSAN3,45.08
2019-02-22,CSMG3,62.42
2019-02-22,CSNA3,12.4
2019-02-22,CVCB3,60.8
2019-02-22,CYRE3,16.95
2019-02-22,DIRR3,8.64
2019-02-22,ECOR3,10.95
2019-02-22,EGIE3,41.85
2019-02-22,ELET3,37.89
2019-02-22,ELET6,39.82
2019-02-22,EMBR3,19.51
2019-02-22,ENBR3,18.48
2019-02-22,ENEV3,18.64
2019-02-22,ENGI11,41.56
2019-02-22,EQTL3,84.35
2019-02-22,ESTC3,28.8
2019-02-22,EZTC3,26.18
2019-02-22,FLRY3,20.36
2019-02-22,GGBR4,15.18
2019-02-22,GNDI3,32.64
2019-02-22,GOAU4,7.27
2019-02-22,GOLL4,27.6
2019-02-22,HAPV3,31.51
2019-02-22,HGTX3,31.1
2019-02-22,HYPE3,27.78
2019-02-22,IGTA3,43.32
2019-02-22,IRBR3,93.4
2019-02-22,ITSA4,12.9
2019-02-22,ITUB4,36.66
2019-02-22,JBSS3,14.21
2019-02-22,JHSF3,2.23
2019-02-22,KLBN11,18.15
2019-02-22,KROT3,11.39
2019-02-22,LAME4,19.43
2019-02-22,LCAM3,39.95
2019-02-22,LOGG3,17.5
2019-02-22,LREN3,44.7
2019-02-22,MGLU3,177.9
2019-02-22,MRFG3,5.48
2019-02-22,MRVE3,13.71
2019-02-22,MULT3,25.45
2019-02-22,NATU3,49.63
2019-02-22,PCAR4,95.33
2019-02-22,PETR3,31.25
2019-02-22,PETR4,27.13
2019-02-22,POMO4,3.91
2019-02-22,PRIO3,142.61
2019-02-22,PSSA3,59.67
2019-02-22,QUAL3,15.07
2019-02-22,RADL3,59.32
2019-02-22,RAIL3,19.7
2019-02-22,RENT3,34.67
2019-02-22,SANB11,48.64
2019-02-22,SBSP3,40.61
2019-02-22,SLCE3,42.85
2019-02-22,SMLS3,50.0
2019-02-22,SMTO3,18.25
2019-02-22,STBP3,4.06
2019-02-22,SULA11,32.0
2019-02-22,SUZB3,47.5
2019-02-22,TAEE11,25.0
2019-02-22,TEND3,33.58
2019-02-22,TIMP3,12.4
2019-02-22,TOTS3,33.91
2019-02-22,TRPL4,77.38
2019-02-22,UGPA3,53.5
2019-02-22,USIM5,9.92
2019-02-22,VALE3,46.99
2019-02-22,VIVT3,43.44
2019-02-22,VIVT4,48.34
2019-02-22,VVAR3,4.72
2019-02-22,WEGE3,19.05
2019-02-25,ABEV3,18.39
2019-02-25,ALPA4,19.32
2019-02-25,ARZZ3,53.93
2019-02-25,AZUL4,38.2
2019-02-25,B3SA3,33.45
2019-02-25,BBAS3,52.22
2019-02-25,BBDC3,39.84
2019-02-25,BBDC4,44.15
2019-02-25,BBSE3,27.62
2019-02-25,BEEF3,6.35
2019-02-25,BIDI4,39.49
2019-02-25,BPAC11,32.63
2019-02-25,BPAN4,3.18
2019-02-25,BRAP4,29.02
2019-02-25,BRDT3,24.52
2019-02-25,BRFS3,22.24
2019-02-25,BRKM5,55.94
2019-02-25,BRML3,13.67
2019-02-25,BTOW3,47.23
2019-02-25,CCRO3,13.96
2019-02-25,CIEL3,10.9
2019-02-25,CMIG4,14.26
2019-02-25,CPFE3,31.75
2019-02-25,CPLE3,31.66
2019-02-25,CPLE6,34.4
2019-02-25,CRFB3,20.65
2019-02-25,CSAN3,44.1
2019-02-25,CSMG3,62.02
2019-02-25,CSNA3,13.1
2019-02-25,CVCB3,60.4
2019-02-25,CYRE3,17.06
2019-02-25,DIRR3,8.65
2019-02-25,ECOR3,10.95
2019-02-25,EGIE3,42.11
2019-02-25,ELET3,37.35
2019-02-25,ELET6,39.49
2019-02-25,EMBR3,19.4
2019-02-25,ENBR3,18.54
2019-02-25,ENEV3,18.71
2019-02-25,ENGI11,41.65
2019-02-25,EQTL3,83.99
2019-02-25,ESTC3,28.26
2019-02-25,EZTC3,25.98
2019-02-25,FLRY3,20.37
2019-02-25,GGBR4,15.27
2019-02-25,GNDI3,33.3
2019-02-25,GOAU4,7.27
2019-02-25,GOLL4,27.0
2019-02-25,HAPV3,32.37
2019-02-25,HGTX3,30.21
2019-02-25,HYPE3,27.11
2019-02-25,IGTA3,43.4
2019-02-25,IRBR3,93.5
2019-02-25,ITSA4,12.81
2019-02-25,ITUB4,36.1
2019-02-25,JBSS3,13.97
2019-02-25,JHSF3,2.15
2019-02-25,KLBN11,18.32
2019-02-25,KROT3,11.23
2019-02-25,LAME4,19.03
2019-02-25,LCAM3,40.0
2019-02-25,LOGG3,17.35
2019-02-25,LREN3,44.39
2019-02-25,MGLU3,173.7
2019-02-25,MRFG3,5.49
2019-02-25,MRVE3,13.84
2019-02-25,MULT3,25.35
2019-02-25,NATU3,49.87
2019-02-25,PCAR4,95.84
2019-02-25,PETR3,30.5
2019-02-25,PETR4,26.7
2019-02-25,POMO4,3.94
2019-02-25,PRIO3,142.9
2019-02-25,PSSA3,59.0
2019-02-25,QUAL3,15.12
2019-02-25,RADL3,59.0
2019-02-25,RAIL3,19.33
2019-02-25,RENT3,34.84
2019-02-25,SANB11,47.67
2019-02-25,SBSP3,39.89
2019-02-25,SLCE3,42.25
2019-02-25,SMLS3,48.5
2019-02-25,SMTO3,18.69
2019-02-25,STBP3,3.96
2019-02-25,SULA11,32.64
2019-02-25,SUZB3,48.0
2019-02-25,TAEE11,25.05
2019-02-25,TEND3,34.3
2019-02-25,TIMP3,12.27
2019-02-25,TOTS3,34.4
2019-02-25,TRPL4,77.63
2019-02-25,UGPA3,54.47
2019-02-25,USIM5,10.21
2019-02-25,VALE3,47.12
2019-02-25,VIVT3,43.27
2019-02-25,VIVT4,47.91
2019-02-25,VVAR3,4.97
2019-02-25,WEGE3,18.46
2019-02-26,ABEV3,18.49
2019-02-26,ALPA4,19.15
2019-02-26,ARZZ3,54.3
2019-02-26,AZUL4,38.5
2019-02-26,B3SA3,33.85
2019-02-26,BBAS3,52.5
2019-02-26,BBDC3,40.01
2019-02-26,BBDC4,44.94
2019-02-26,BBSE3,27.47
2019-02-26,BEEF3,6.25
2019-02-26,BIDI4,39.0
2019-02-26,BPAC11,32.6
2019-02-26,BPAN4,3.13
2019-02-26,BRAP4,28.95
2019-02-26,BRDT3,24.65
2019-02-26,BRFS3,21.88
2019-02-26,BRKM5,56.03
2019-02-26,BRML3,13.6
2019-02-26,BTOW3,47.13
2019-02-26,CCRO3,14.0
2019-02-26,CIEL3,11.36
2019-02-26,CMIG4,14.35
2019-02-26,CPFE3,31.44
2019-02-26,CPLE3,31.8
2019-02-26,CPLE6,34.8
2019-02-26,CRFB3,20.75
2019-02-26,CSAN3,45.15
2019-02-26,CSMG3,62.29
2019-02-26,CSNA3,13.19
2019-02-26,CVCB3,59.97
2019-02-26,CYRE3,17.01
2019-02-26,DIRR3,8.76
2019-02-26,ECOR3,11.0
2019-02-26,EGIE3,41.48
2019-02-26,ELET3,37.21
2019-02-26,ELET6,39.32
2019-02-26,EMBR3,19.7
2019-02-26,ENBR3,18.03
2019-02-26,ENEV3,18.63
2019-02-26,ENGI11,41.44
2019-02-26,EQTL3,83.61
2019-02-26,ESTC3,28.05
2019-02-26,EZTC3,25.9
2019-02-26,FLRY3,20.2
2019-02-26,GGBR4,15.48
2019-02-26,GNDI3,33.81
2019-02-26,GOAU4,7.31
2019-02-26,GOLL4,27.5
2019-02-26,HAPV3,32.28
2019-02-26,HGTX3,30.27
2019-02-26,HYPE3,26.8
2019-02-26,IGTA3,43.48
2019-02-26,IRBR3,93.75
2019-02-26,ITSA4,12.82
2019-02-26,ITUB4,36.23
2019-02-26,JBSS3,13.7
2019-02-26,JHSF3,2.15
2019-02-26,KLBN11,18.76
2019-02-26,KROT3,11.02
2019-02-26,LAME4,19.26
2019-02-26,LCAM3,39.48
2019-02-26,LOGG3,17.3
2019-02-26,LREN3,44.4
2019-02-26,MGLU3,178.5
2019-02-26,MRFG3,5.45
2019-02-26,MRVE3,13.36
2019-02-26,MULT3,25.25
2019-02-26,NATU3,49.1
2019-02-26,PCAR4,94.8
2019-02-26,PETR3,30.51
2019-02-26,PETR4,26.58
2019-02-26,POMO4,3.97
2019-02-26,PRIO3,141.8
2019-02-26,PSSA3,57.55
2019-02-26,QUAL3,15.01
2019-02-26,RADL3,60.94
2019-02-26,RAIL3,19.31
2019-02-26,RENT3,35.1
2019-02-26,SANB11,47.35
2019-02-26,SBSP3,40.17
2019-02-26,SLCE3,41.75
2019-02-26,SMLS3,49.07
2019-02-26,SMTO3,18.65
2019-02-26,STBP3,3.89
2019-02-26,SULA11,32.68
2019-02-26,SUZB3,50.3
2019-02-26,TAEE11,24.99
2019-02-26,TEND3,33.62
2019-02-26,TIMP3,12.31
2019-02-26,TOTS3,35.09
2019-02-26,TRPL4,77.13
2019-02-26,UGPA3,54.02
2019-02-26,USIM5,10.06
2019-02-26,VALE3,47.2
2019-02-26,VIVT3,43.48
2019-02-26,VIVT4,48.27
2019-02-26,VVAR3,4.77
2019-02-26,WEGE3,18.33
2019-02-27,ABEV3,18.36
2019-02-27,ALPA4,19.27
2019-02-27,ARZZ3,53.8
2019-02-27,AZUL4,37.9
2019-02-27,B3SA3,33.33
2019-02-27,BBAS3,51.9
2019-02-27,BBDC3,39.75
2019-02-27,BBDC4,44.44
2019-02-27,BBSE3,27.78
2019-02-27,BEEF3,6.31
2019-02-27,BIDI4,38.64
2019-02-27,BPAC11,34.25
2019-02-27,BPAN4,3.05
2019-02-27,BRAP4,28.85
2019-02-27,BRDT3,24.62
2019-02-27,BRFS3,21.6
2019-02-27,BRKM5,55.22
2019-02-27,BRML3,13.52
2019-02-27,BTOW3,48.3
2019-02-27,CCRO3,14.31
2019-02-27,CIEL3,11.13
2019-02-27,CMIG4,14.69
2019-02-27,CPFE3,31.06
2019-02-27,CPLE3,32.25
2019-02-27,CPLE6,35.77
2019-02-27,CRFB3,19.76
2019-02-27,CSAN3,44.5
2019-02-27,CSMG3,63.38
2019-02-27,CSNA3,12.68
2019-02-27,CVCB3,59.26
2019-02-27,CYRE3,17.46
2019-02-27,DIRR3,8.93
2019-02-27,ECOR3,11.2
2019-02-27,EGIE3,42.1
2019-02-27,ELET3,38.98
2019-02-27,ELET6,40.75
2019-02-27,EMBR3,19.35
2019-02-27,ENBR3,18.61
2019-02-27,ENEV3,18.77
2019-02-27,ENGI11,41.29
2019-02-27,EQTL3,82.98
2019-02-27,ESTC3,28.13
2019-02-27,EZTC3,26.67
2019-02-27,FLRY3,20.62
2019-02-27,GGBR4,15.43
2019-02-27,GNDI3,33.45
2019-02-27,GOAU4,7.36
2019-02-27,GOLL4,27.3
2019-02-27,HAPV3,32.47
2019-02-27,HGTX3,30.4
2019-02-27,HYPE3,27.47
2019-02-27,IGTA3,42.4
2019-02-27,IRBR3,90.0
2019-02-27,ITSA4,12.64
2019-02-27,ITUB4,35.91
2019-02-27,JBSS3,13.76
2019-02-27,JHSF3,2.28
2019-02-27,KLBN11,18.27
2019-02-27,KROT3,11.09
2019-02-27,LAME4,19.81
2019-02-27,LCAM3,38.8
2019-02-27,LOGG3,17.4
2019-02-27,LREN3,44.05
2019-02-27,MGLU3,176.0
2019-02-27,MRFG3,5.38
2019-02-27,MRVE3,13.66
2019-02-27,MULT3,25.33
2019-02-27,NATU3,48.2
2019-02-27,PCAR4,94.08
2019-02-27,PETR3,30.67
2019-02-27,PETR4,27.08
2019-02-27,POMO4,3.98
2019-02-27,PRIO3,152.44
2019-02-27,PSSA3,57.29
2019-02-27,QUAL3,15.51
2019-02-27,RADL3,65.49
2019-02-27,RAIL3,19.2
2019-02-27,RENT3,34.61
2019-02-27,SANB11,46.88
2019-02-27,SBSP3,40.28
2019-02-27,SLCE3,41.92
2019-02-27,SMLS3,49.68
2019-02-27,SMTO3,18.7
2019-02-27,STBP3,3.87
2019-02-27,SULA11,31.25
2019-02-27,SUZB3,48.12
2019-02-27,TAEE11,25.16
2019-02-27,TEND3,33.5
2019-02-27,TIMP3,12.05
2019-02-27,TOTS3,35.77
2019-02-27,TRPL4,78.0
2019-02-27,UGPA3,55.11
2019-02-27,USIM5,9.88
2019-02-27,VALE3,46.83
2019-02-27,VIVT3,43.56
2019-02-27,VIVT4,47.64
2019-02-27,VVAR3,4.64
2019-02-27,WEGE3,18.58
2019-02-28,ABEV3,17.23
2019-02-28,ALPA4,19.18
2019-02-28,ARZZ3,53.97
2019-02-28,AZUL4,37.65
2019-02-28,B3SA3,32.79
2019-02-28,BBAS3,50.6
2019-02-28,BBDC3,38.53
2019-02-28,BBDC4,43.27
2019-02-28,BBSE3,27.3
2019-02-28,BEEF3,6.38
2019-02-28,BIDI4,38.2
2019-02-28,BPAC11,34.15
2019-02-28,BPAN4,3.0
2019-02-28,BRAP4,28.82
2019-02-28,BRDT3,24.45
2019-02-28,BRFS3,20.57
2019-02-28,BRKM5,54.4
2019-02-28,BRML3,13.39
2019-02-28,BTOW3,48.35
2019-02-28,CCRO3,14.23
2019-02-28,CIEL3,10.87
2019-02-28,CMIG4,14.4
2019-02-28,CPFE3,30.69
2019-02-28,CPLE3,32.52
2019-02-28,CPLE6,35.74
2019-02-28,CRFB3,19.52
2019-02-28,CSAN3,43.7
2019-02-28,CSMG3,61.95
2019-02-28,CSNA3,13.08
2019-02-28,CVCB3,58.4
2019-02-28,CYRE3,17.1
2019-02-28,DIRR3,8.71
2019-02-28,ECOR3,11.32
2019-02-28,EGIE3,41.16
2019-02-28,ELET3,36.98
2019-02-28,ELET6,38.97
2019-02-28,EMBR3,19.08
2019-02-28,ENBR3,17.3
2019-02-28,ENEV3,18.69
2019-02-28,ENGI11,40.3
2019-02-28,EQTL3,82.13
2019-02-28,ESTC3,27.55
2019-02-28,EZTC3,26.67
2019-02-28,FLRY3,20.0
2019-02-28,GGBR4,15.14
2019-02-28,GNDI3,33.22
2019-02-28,GOAU4,7.18
2019-02-28,GOLL4,26.66
2019-02-28,HAPV3,32.59
2019-02-28,HGTX3,30.19
2019-02-28,HYPE3,26.9
2019-02-28,IGTA3,42.0
2019-02-28,IRBR3,89.0
2019-02-28,ITSA4,12.37
2019-02-28,ITUB4,35.23
2019-02-28,JBSS3,13.43
2019-02-28,JHSF3,2.29
2019-02-28,KLBN11,18.04
2019-02-28,KROT3,10.97
2019-02-28,LAME4,19.91
2019-02-28,LCAM3,39.4
2019-02-28,LOGG3,17.47
2019-02-28,LREN3,43.28
2019-02-28,MGLU3,173.46
2019-02-28,MRFG3,5.5
2019-02-28,MRVE3,13.59
2019-02-28,MULT3,25.17
2019-02-28,NATU3,48.38
2019-02-28,PCAR4,93.11
2019-02-28,PETR3,29.86
2019-02-28,PETR4,27.06
2019-02-28,POMO4,4.05
2019-02-28,PRIO3,150.98
2019-02-28,PSSA3,56.04
2019-02-28,QUAL3,15.49
2019-02-28,RADL3,65.41
2019-02-28,RAIL3,19.46
2019-02-28,RENT3,34.55
2019-02-28,SANB11,44.94
2019-02-28,SBSP3,39.35
2019-02-28,SLCE3,41.02
2019-02-28,SMLS3,48.0
2019-02-28,SMTO3,18.78
2019-02-28,STBP3,3.77
2019-02-28,SULA11,30.4
2019-02-28,SUZB3,47.66
2019-02-28,TAEE11,24.96
2019-02-28,TEND3,33.5
2019-02-28,TIMP3,11.82
2019-02-28,TOTS3,36.45
2019-02-28,TRPL4,77.2
2019-02-28,UGPA3,53.41
2019-02-28,USIM5,9.66
2019-02-28,VALE3,47.1
2019-02-28,VIVT3,43.13
2019-02-28,VIVT4,46.79
2019-02-28,VVAR3,4.58
2019-02-28,WEGE3,18.42
2019-03-01,ABEV3,16.83
2019-03-01,ALPA4,19.94
2019-03-01,ARZZ3,52.9
2019-03-01,AZUL4,36.75
2019-03-01,B3SA3,31.88
2019-03-01,BBAS3,51.31
2019-03-01,BBDC3,37.4
2019-03-01,BBDC4,42.55
2019-03-01,BBSE3,26.86
2019-03-01,BEEF3,6.39
2019-03-01,BIDI4,40.07
2019-03-01,BPAC11,34.0
2019-03-01,BPAN4,3.1
2019-03-01,BRAP4,28.66
2019-03-01,BRDT3,24.1
2019-03-01,BRFS3,20.52
2019-03-01,BRKM5,55.05
2019-03-01,BRML3,13.11
2019-03-01,BTOW3,49.31
2019-03-01,CCRO3,13.95
2019-03-01,CIEL3,10.8
2019-03-01,CMIG4,14.06
2019-03-01,CPFE3,30.6
2019-03-01,CPLE3,32.0
2019-03-01,CPLE6,35.3
2019-03-01,CRFB3,19.26
2019-03-01,CSAN3,42.66
2019-03-01,CSMG3,61.75
2019-03-01,CSNA3,13.85
2019-03-01,CVCB3,57.9
2019-03-01,CYRE3,16.95
2019-03-01,DIRR3,8.91
2019-03-01,ECOR3,11.1
2019-03-01,EGIE3,40.36
2019-03-01,ELET3,35.64
2019-03-01,ELET6,37.49
2019-03-01,EMBR3,18.96
2019-03-01,ENBR3,17.46
2019-03-01,ENEV3,18.5
2019-03-01,ENGI11,39.99
2019-03-01,EQTL3,82.47
2019-03-01,ESTC3,27.42
2019-03-01,EZTC3,26.48
2019-03-01,FLRY3,20.0
2019-03-01,GGBR4,15.03
2019-03-01,GNDI3,32.53
2019-03-01,GOAU4,7.1
2019-03-01,GOLL4,26.42
2019-03-01,HAPV3,32.38
2019-03-01,HGTX3,30.64
2019-03-01,HYPE3,26.79
2019-03-01,IGTA3,41.43
2019-03-01,IRBR3,90.07
2019-03-01,ITSA4,12.26
2019-03-01,ITUB4,34.84
2019-03-01,JBSS3,14.12
2019-03-01,JHSF3,2.24
2019-03-01,KLBN11,17.91
2019-03-01,KROT3,10.87
2019-03-01,LAME4,19.67
2019-03-01,LCAM3,38.68
2019-03-01,LOGG3,17.66
2019-03-01,LREN3,43.33
2019-03-01,MGLU3,175.22
2019-03-01,MRFG3,5.59
2019-03-01,MRVE3,13.88
2019-03-01,MULT3,24.64
2019-03-01,NATU3,47.5
2019-03-01,PCAR4,93.45
2019-03-01,PETR3,29.2
2019-03-01,PETR4,26.7
2019-03-01,POMO4,4.15
2019-03-01,PRIO3,168.0
2019-03-01,PSSA3,55.69
2019-03-01,QUAL3,15.25
2019-03-01,RADL3,63.85
2019-03-01,RAIL3,19.1
2019-03-01,RENT3,33.6
2019-03-01,SANB11,44.3
2019-03-01,SBSP3,39.4
2019-03-01,SLCE3,42.2
2019-03-01,SMLS3,47.41
2019-03-01,SMTO3,18.69
2019-03-01,STBP3,3.77
2019-03-01,SULA11,30.61
2019-03-01,SUZB3,48.56
2019-03-01,TAEE11,24.61
2019-03-01,TEND3,33.9
2019-03-01,TIMP3,11.61
2019-03-01,TOTS3,36.87
2019-03-01,TRPL4,79.5
2019-03-01,UGPA3,51.4
2019-03-01,USIM5,9.7
2019-03-01,VALE3,46.74
2019-03-01,VIVT3,42.48
2019-03-01,VIVT4,46.08
2019-03-01,VVAR3,4.54
2019-03-01,WEGE3,18.34
2019-03-06,ABEV3,16.37
2019-03-06,ALPA4,19.55
2019-03-06,ARZZ3,52.2
2019-03-06,AZUL4,36.7
2019-03-06,B3SA3,31.61
2019-03-06,BBAS3,50.6
2019-03-06,BBDC3,37.18
2019-03-06,BBDC4,42.21
2019-03-06,BBSE3,26.61
2019-03-06,BEEF3,6.3
2019-03-06,BIDI4,40.07
2019-03-06,BPAC11,33.6
2019-03-06,BPAN4,3.12
2019-03-06,BRAP4,29.47
2019-03-06,BRDT3,24.54
2019-03-06,BRFS3,19.7
2019-03-06,BRKM5,54.65
2019-03-06,BRML3,12.9
2019-03-06,BTOW3,48.47
2019-03-06,CCRO3,13.51
2019-03-06,CIEL3,10.69
2019-03-06,CMIG4,13.86
2019-03-06,CPFE3,30.43
2019-03-06,CPLE3,31.4
2019-03-06,CPLE6,34.89
2019-03-06,CRFB3,19.3
2019-03-06,CSAN3,41.42
2019-03-06,CSMG3,60.1
2019-03-06,CSNA3,15.15
2019-03-06,CVCB3,56.67
2019-03-06,CYRE3,16.72
2019-03-06,DIRR3,8.7
2019-03-06,ECOR3,10.57
2019-03-06,EGIE3,39.8
2019-03-06,ELET3,35.24
2019-03-06,ELET6,37.26
2019-03-06,EMBR3,19.17
2019-03-06,ENBR3,17.23
2019-03-06,ENEV3,18.75
2019-03-06,ENGI11,39.21
2019-03-06,EQTL3,80.85
2019-03-06,ESTC3,26.39
2019-03-06,EZTC3,26.25
2019-03-06,FLRY3,20.0
2019-03-06,GGBR4,15.03
2019-03-06,GNDI3,34.05
2019-03-06,GOAU4,7.13
2019-03-06,GOLL4,26.4
2019-03-06,HAPV3,32.49
2019-03-06,HGTX3,30.4
2019-03-06,HYPE3,26.62
2019-03-06,IGTA3,40.39
2019-03-06,IRBR3,87.39
2019-03-06,ITSA4,12.08
2019-03-06,ITUB4,34.85
2019-03-06,JBSS3,13.4
2019-03-06,JHSF3,2.25
2019-03-06,KLBN11,17.65
2019-03-06,KROT3,10.53
2019-03-06,LAME4,19.51
2019-03-06,LCAM3,37.7
2019-03-06,LOGG3,17.42
2019-03-06,LREN3,43.49
2019-03-06,MGLU3,171.61
2019-03-06,MRFG3,5.6
2019-03-06,MRVE3,13.84
2019-03-06,MULT3,24.21
2019-03-06,NATU3,47.13
2019-03-06,PCAR4,91.89
2019-03-06,PETR3,29.48
2019-03-06,PETR4,26.76
2019-03-06,POMO4,4.16
2019-03-06,PRIO3,17.03
2019-03-06,PSSA3,55.6
2019-03-06,QUAL3,14.92
2019-03-06,RADL3,63.18
2019-03-06,RAIL3,19.27
2019-03-06,RENT3,33.75
2019-03-06,SANB11,43.57
2019-03-06,SBSP3,39.15
2019-03-06,SLCE3,41.05
2019-03-06,SMLS3,46.31
2019-03-06,SMTO3,18.2
2019-03-06,STBP3,3.63
2019-03-06,SULA11,29.8
2019-03-06,SUZB3,48.19
2019-03-06,TAEE11,24.72
2019-03-06,TEND3,33.23
2019-03-06,TIMP3,11.46
2019-03-06,TOTS3,37.9
2019-03-06,TRPL4,79.39
2019-03-06,UGPA3,51.2
2019-03-06,USIM5,9.62
2019-03-06,VALE3,48.05
2019-03-06,VIVT3,42.06
2019-03-06,VIVT4,45.55
2019-03-06,VVAR3,4.39
2019-03-06,WEGE3,18.58
2019-03-07,ABEV3,16.69
2019-03-07,ALPA4,19.42
2019-03-07,ARZZ3,51.47
2019-03-07,AZUL4,36.4
2019-03-07,B3SA3,31.09
2019-03-07,BBAS3,50.43
2019-03-07,BBDC3,37.44
2019-03-07,BBDC4,42.51
2019-03-07,BBSE3,26.49
2019-03-07,BEEF3,6.4
2019-03-07,BIDI4,40.6
2019-03-07,BPAC11,32.59
2019-03-07,BPAN4,3.08
2019-03-07,BRAP4,29.86
2019-03-07,BRDT3,24.75
2019-03-07,BRFS3,19.49
2019-03-07,BRKM5,54.5
2019-03-07,BRML3,12.96
2019-03-07,BTOW3,48.02
2019-03-07,CCRO3,12.7
2019-03-07,CIEL3,10.67
2019-03-07,CMIG4,13.77
2019-03-07,CPFE3,30.15
2019-03-07,CPLE3,30.94
2019-03-07,CPLE6,33.97
2019-03-07,CRFB3,19.19
2019-03-07,CSAN3,41.43
2019-03-07,CSMG3,58.9
2019-03-07,CSNA3,14.74
2019-03-07,CVCB3,56.6
2019-03-07,CYRE3,16.96
2019-03-07,DIRR3,8.63
2019-03-07,ECOR3,9.98
2019-03-07,EGIE3,39.49
2019-03-07,ELET3,33.19
2019-03-07,ELET6,35.1
2019-03-07,EMBR3,19.11
2019-03-07,ENBR3,17.21
2019-03-07,ENEV3,18.5
2019-03-07,ENGI11,38.97
2019-03-07,EQTL3,80.35
2019-03-07,ESTC3,26.0
2019-03-07,EZTC3,25.87
2019-03-07,FLRY3,19.36
2019-03-07,GGBR4,14.73
2019-03-07,GNDI3,34.24
2019-03-07,GOAU4,7.0
2019-03-07,GOLL4,26.63
2019-03-07,HAPV3,32.61
2019-03-07,HGTX3,30.66
2019-03-07,HYPE3,26.3
2019-03-07,IGTA3,40.64
2019-03-07,IRBR3,86.5
2019-03-07,ITSA4,12.29
2019-03-07,ITUB4,35.33
2019-03-07,JBSS3,13.07
2019-03-07,JHSF3,2.24
2019-03-07,KLBN11,17.67
2019-03-07,KROT3,10.37
2019-03-07,LAME4,19.36
2019-03-07,LCAM3,37.29
2019-03-07,LOGG3,17.23
2019-03-07,LREN3,42.81
2019-03-07,MGLU3,177.15
2019-03-07,MRFG3,5.66
2019-03-07,MRVE3,13.96
2019-03-07,MULT3,23.71
2019-03-07,NATU3,46.68
2019-03-07,PCAR4,90.78
2019-03-07,PETR3,29.22
2019-03-07,PETR4,26.77
2019-03-07,POMO4,4.05
2019-03-07,PRIO3,18.12
2019-03-07,PSSA3,54.63
2019-03-07,QUAL3,14.9
2019-03-07,RADL3,62.78
2019-03-07,RAIL3,19.43
2019-03-07,RENT3,33.12
2019-03-07,SANB11,44.01
2019-03-07,SBSP3,38.6
2019-03-07,SLCE3,40.65
2019-03-07,SMLS3,46.54
2019-03-07,SMTO3,17.88
2019-03-07,STBP3,3.56
2019-03-07,SULA11,29.97
2019-03-07,SUZB3,48.63
2019-03-07,TAEE11,24.58
2019-03-07,TEND3,33.45
2019-03-07,TIMP3,11.41
2019-03-07,TOTS3,36.88
2019-03-07,TRPL4,77.32
2019-03-07,UGPA3,51.9
2019-03-07,USIM5,9.63
2019-03-07,VALE3,48.86
2019-03-07,VIVT3,42.58
2019-03-07,VIVT4,45.8
2019-03-07,VVAR3,4.41
2019-03-07,WEGE3,18.52
2019-03-08,ABEV3,16.59
2019-03-08,ALPA4,20.38
2019-03-08,ARZZ3,52.2
2019-03-08,AZUL4,37.06
2019-03-08,B3SA3,31.61
2019-03-08,BBAS3,52.2
2019-03-08,BBDC3,37.8
2019-03-08,BBDC4,43.1
2019-03-08,BBSE3,26.6
2019-03-08,BEEF3,6.47
2019-03-08,BIDI4,41.45
2019-03-08,BPAC11,32.7
2019-03-08,BPAN4,3.12
2019-03-08,BRAP4,29.8
2019-03-08,BRDT3,24.9
2019-03-08,BRFS3,19.86
2019-03-08,BRKM5,54.98
2019-03-08,BRML3,13.24
2019-03-08,BTOW3,49.9
2019-03-08,CCRO3,12.79
2019-03-08,CIEL3,10.84
2019-03-08,CMIG4,14.1
2019-03-08,CPFE3,30.41
2019-03-08,CPLE3,31.59
2019-03-08,CPLE6,35.37
2019-03-08,CRFB3,19.22
2019-03-08,CSAN3,42.06
2019-03-08,CSMG3,59.89
2019-03-08,CSNA3,13.76
2019-03-08,CVCB3,57.03
2019-03-08,CYRE3,17.24
2019-03-08,DIRR3,8.8
2019-03-08,ECOR3,10.06
2019-03-08,EGIE3,40.17
2019-03-08,ELET3,34.41
2019-03-08,ELET6,35.89
2019-03-08,EMBR3,19.29
2019-03-08,ENBR3,17.59
2019-03-08,ENEV3,18.56
2019-03-08,ENGI11,39.66
2019-03-08,EQTL3,82.5
2019-03-08,ESTC3,28.1
2019-03-08,EZTC3,27.2
2019-03-08,FLRY3,19.85
2019-03-08,GGBR4,14.71
2019-03-08,GNDI3,33.43
2019-03-08,GOAU4,7.05
2019-03-08,GOLL4,27.05
2019-03-08,HAPV3,32.79
2019-03-08,HGTX3,31.25
2019-03-08,HYPE3,26.19
2019-03-08,IGTA3,41.6
2019-03-08,IRBR3,91.1
2019-03-08,ITSA4,12.51
2019-03-08,ITUB4,35.75
2019-03-08,JBSS3,13.15
2019-03-08,JHSF3,2.27
2019-03-08,KLBN11,18.01
2019-03-08,KROT3,11.17
2019-03-08,LAME4,19.8
2019-03-08,LCAM3,38.09
2019-03-08,LOGG3,17.15
2019-03-08,LREN3,43.86
2019-03-08,MGLU3,180.82
2019-03-08,MRFG3,5.63
2019-03-08,MRVE3,14.34
2019-03-08,MULT3,24.33
2019-03-08,NATU3,48.09
2019-03-08,PCAR4,92.3
2019-03-08,PETR3,29.0
2019-03-08,PETR4,26.67
2019-03-08,POMO4,4.13
2019-03-08,PRIO3,17.5
2019-03-08,PSSA3,55.0
2019-03-08,QUAL3,15.56
2019-03-08,RADL3,66.8
2019-03-08,RAIL3,19.72
2019-03-08,RENT3,33.85
2019-03-08,SANB11,44.4
2019-03-08,SBSP3,39.21
2019-03-08,SLCE3,41.26
2019-03-08,SMLS3,47.3
2019-03-08,SMTO3,18.37
2019-03-08,STBP3,3.58
2019-03-08,SULA11,30.27
2019-03-08,SUZB3,47.04
2019-03-08,TAEE11,24.96
2019-03-08,TEND3,34.55
2019-03-08,TIMP3,11.75
2019-03-08,TOTS3,36.57
2019-03-08,TRPL4,78.25
2019-03-08,UGPA3,52.5
2019-03-08,USIM5,9.67
2019-03-08,VALE3,48.85
2019-03-08,VIVT3,42.73
2019-03-08,VIVT4,46.5
2019-03-08,VVAR3,4.68
2019-03-08,WEGE3,18.8
2019-03-11,ABEV3,17.11
2019-03-11,ALPA4,20.58
2019-03-11,ARZZ3,53.59
2019-03-11,AZUL4,39.45
2019-03-11,B3SA3,32.9
2019-03-11,BBAS3,53.8
2019-03-11,BBDC3,39.34
2019-03-11,BBDC4,44.85
2019-03-11,BBSE3,27.72
2019-03-11,BEEF3,6.75
2019-03-11,BIDI4,43.0
2019-03-11,BPAC11,33.8
2019-03-11,BPAN4,3.24
2019-03-11,BRAP4,30.51
2019-03-11,BRDT3,24.2
2019-03-11,BRFS3,20.33
2019-03-11,BRKM5,55.29
2019-03-11,BRML3,13.52
2019-03-11,BTOW3,50.48
2019-03-11,CCRO3,12.88
2019-03-11,CIEL3,11.12
2019-03-11,CMIG4,14.35
2019-03-11,CPFE3,30.5
2019-03-11,CPLE3,32.3
2019-03-11,CPLE6,35.89
2019-03-11,CRFB3,19.58
2019-03-11,CSAN3,43.88
2019-03-11,CSMG3,60.34
2019-03-11,CSNA3,14.56
2019-03-11,CVCB3,58.3
2019-03-11,CYRE3,17.35
2019-03-11,DIRR3,8.9
2019-03-11,ECOR3,10.2
2019-03-11,EGIE3,40.22
2019-03-11,ELET3,35.37
2019-03-11,ELET6,37.87
2019-03-11,EMBR3,19.22
2019-03-11,ENBR3,17.75
2019-03-11,ENEV3,18.6
2019-03-11,ENGI11,39.6
2019-03-11,EQTL3,81.4
2019-03-11,ESTC3,28.19
2019-03-11,EZTC3,27.4
2019-03-11,FLRY3,20.37
2019-03-11,GGBR4,14.9
2019-03-11,GNDI3,32.8
2019-03-11,GOAU4,7.08
2019-03-11,GOLL4,26.35
2019-03-11,HAPV3,33.02
2019-03-11,HGTX3,32.4
2019-03-11,HYPE3,26.43
2019-03-11,IGTA3,41.85
2019-03-11,IRBR3,91.0
2019-03-11,ITSA4,12.86
2019-03-11,ITUB4,36.92
2019-03-11,JBSS3,13.25
2019-03-11,JHSF3,2.38
2019-03-11,KLBN11,17.89
2019-03-11,KROT3,11.48
2019-03-11,LAME4,20.28
2019-03-11,LCAM3,38.5
2019-03-11,LOGG3,17.1
2019-03-11,LREN3,45.63
2019-03-11,MGLU3,182.57
2019-03-11,MRFG3,5.63
2019-03-11,MRVE3,14.61
2019-03-11,MULT3,24.88
2019-03-11,NATU3,47.99
2019-03-11,PCAR4,93.82
2019-03-11,PETR3,30.64
2019-03-11,PETR4,27.75
2019-03-11,POMO4,4.2
2019-03-11,PRIO3,18.21
2019-03-11,PSSA3,55.32
2019-03-11,QUAL3,15.55
2019-03-11,RADL3,67.0
2019-03-11,RAIL3,19.78
2019-03-11,RENT3,35.19
2019-03-11,SANB11,46.0
2019-03-11,SBSP3,40.9
2019-03-11,SLCE3,40.45
2019-03-11,SMLS3,47.01
2019-03-11,SMTO3,18.51
2019-03-11,STBP3,3.59
2019-03-11,SULA11,30.63
2019-03-11,SUZB3,47.35
2019-03-11,TAEE11,25.51
2019-03-11,TEND3,35.2
2019-03-11,TIMP3,11.98
2019-03-11,TOTS3,36.38
2019-03-11,TRPL4,78.81
2019-03-11,UGPA3,53.36
2019-03-11,USIM5,10.0
2019-03-11,VALE3,49.88
2019-03-11,VIVT3,43.3
2019-03-11,VIVT4,47.09
2019-03-11,VVAR3,4.76
2019-03-11,WEGE3,18.98
2019-03-12,ABEV3,17.0
2019-03-12,ALPA4,20.32
2019-03-12,ARZZ3,53.38
2019-03-12,AZUL4,40.21
2019-03-12,B3SA3,33.05
2019-03-12,BBAS3,53.34
2019-03-12,BBDC3,39.77
2019-03-12,BBDC4,44.98
2019-03-12,BBSE3,27.8
2019-03-12,BEEF3,6.82
2019-03-12,BIDI4,43.8
2019-03-12,BPAC11,33.47
2019-03-12,BPAN4,3.28
2019-03-12,BRAP4,30.86
2019-03-12,BRDT3,24.54
2019-03-12,BRFS3,20.05
2019-03-12,BRKM5,54.45
2019-03-12,BRML3,13.46
2019-03-12,BTOW3,47.9
2019-03-12,CCRO3,13.17
2019-03-12,CIEL3,10.97
2019-03-12,CMIG4,14.61
2019-03-12,CPFE3,30.77
2019-03-12,CPLE3,33.1
2019-03-12,CPLE6,37.2
2019-03-12,CRFB3,19.61
2019-03-12,CSAN3,43.84
2019-03-12,CSMG3,60.56
2019-03-12,CSNA3,14.17
2019-03-12,CVCB3,57.55
2019-03-12,CYRE3,16.85
2019-03-12,DIRR3,9.04
2019-03-12,ECOR3,10.22
2019-03-12,EGIE3,41.14
2019-03-12,ELET3,34.89
2019-03-12,ELET6,37.16
2019-03-12,EMBR3,18.85
2019-03-12,ENBR3,17.37
2019-03-12,ENEV3,18.9
2019-03-12,ENGI11,40.5
2019-03-12,EQTL3,82.49
2019-03-12,ESTC3,28.3
2019-03-12,EZTC3,27.07
2019-03-12,FLRY3,20.39
2019-03-12,GGBR4,14.67
2019-03-12,GNDI3,32.82
2019-03-12,GOAU4,7.06
2019-03-12,GOLL4,26.55
2019-03-12,HAPV3,33.0
2019-03-12,HGTX3,32.52
2019-03-12,HYPE3,27.1
2019-03-12,IGTA3,41.7
2019-03-12,IRBR3,90.15
2019-03-12,ITSA4,12.9
2019-03-12,ITUB4,37.0
2019-03-12,JBSS3,13.7
2019-03-12,JHSF3,2.34
2019-03-12,KLBN11,17.66
2019-03-12,KROT3,11.23
2019-03-12,LAME4,19.8
2019-03-12,LCAM3,38.49
2019-03-12,LOGG3,17.26
2019-03-12,LREN3,45.15
2019-03-12,MGLU3,178.85
2019-03-12,MRFG3,5.99
2019-03-12,MRVE3,14.69
2019-03-12,MULT3,24.7
2019-03-12,NATU3,49.15
2019-03-12,PCAR4,92.6
2019-03-12,PETR3,30.13
2019-03-12,PETR4,27.5
2019-03-12,POMO4,4.15
2019-03-12,PRIO3,17.6
2019-03-12,PSSA3,55.75
2019-03-12,QUAL3,15.82
2019-03-12,RADL3,67.09
2019-03-12,RAIL3,19.78
2019-03-12,RENT3,34.98
2019-03-12,SANB11,45.7
2019-03-12,SBSP3,42.69
2019-03-12,SLCE3,40.15
2019-03-12,SMLS3,46.78
2019-03-12,SMTO3,18.6
2019-03-12,STBP3,3.54
2019-03-12,SULA11,30.96
2019-03-12,SUZB3,46.22
2019-03-12,TAEE11,25.84
2019-03-12,TEND3,35.97
2019-03-12,TIMP3,11.93
2019-03-12,TOTS3,36.2
2019-03-12,TRPL4,79.86
2019-03-12,UGPA3,53.7
2019-03-12,USIM5,10.02
2019-03-12,VALE3,49.97
2019-03-12,VIVT3,42.46
2019-03-12,VIVT4,46.72
2019-03-12,VVAR3,4.84
2019-03-12,WEGE3,19.01
2019-03-13,ABEV3,16.9
2019-03-13,ALPA4,20.0
2019-03-13,ARZZ3,53.35
2019-03-13,AZUL4,40.5
2019-03-13,B3SA3,33.28
2019-03-13,BBAS3,54.16
2019-03-13,BBDC3,39.75
2019-03-13,BBDC4,45.41
2019-03-13,BBSE3,28.1
2019-03-13,BEEF3,6.78
2019-03-13,BIDI4,43.8
2019-03-13,BPAC11,34.25
2019-03-13,BPAN4,3.4
2019-03-13,BRAP4,31.34
2019-03-13,BRDT3,24.56
2019-03-13,BRFS3,20.3
2019-03-13,BRKM5,54.67
2019-03-13,BRML3,13.61
2019-03-13,BTOW3,46.28
2019-03-13,CCRO3,13.42
2019-03-13,CIEL3,10.79
2019-03-13,CMIG4,14.7
2019-03-13,CPFE3,31.0
2019-03-13,CPLE3,33.65
2019-03-13,CPLE6,38.04
2019-03-13,CRFB3,20.02
2019-03-13,CSAN3,44.0
2019-03-13,CSMG3,60.96
2019-03-13,CSNA3,15.49
2019-03-13,CVCB3,56.0
2019-03-13,CYRE3,17.28
2019-03-13,DIRR3,9.7
2019-03-13,ECOR3,10.42
2019-03-13,EGIE3,42.41
2019-03-13,ELET3,35.3
2019-03-13,ELET6,37.62
2019-03-13,EMBR3,18.82
2019-03-13,ENBR3,17.96
2019-03-13,ENEV3,18.86
2019-03-13,ENGI11,42.0
2019-03-13,EQTL3,82.45
2019-03-13,ESTC3,28.1
2019-03-13,EZTC3,27.25
2019-03-13,FLRY3,20.62
2019-03-13,GGBR4,14.98
2019-03-13,GNDI3,32.35
2019-03-13,GOAU4,7.21
2019-03-13,GOLL4,27.43
2019-03-13,HAPV3,32.5
2019-03-13,HGTX3,32.0
2019-03-13,HYPE3,28.0
2019-03-13,IGTA3,42.0
2019-03-13,IRBR3,89.23
2019-03-13,ITSA4,12.98
2019-03-13,ITUB4,37.4
2019-03-13,JBSS3,14.12
2019-03-13,JHSF3,2.35
2019-03-13,KLBN11,17.95
2019-03-13,KROT3,11.1
2019-03-13,LAME4,19.84
2019-03-13,LCAM3,38.0
2019-03-13,LOGG3,17.4
2019-03-13,LREN3,44.36
2019-03-13,MGLU3,177.28
2019-03-13,MRFG3,5.91
2019-03-13,MRVE3,14.76
2019-03-13,MULT3,24.77
2019-03-13,NATU3,48.7
2019-03-13,PCAR4,93.55
2019-03-13,PETR3,30.94
2019-03-13,PETR4,28.1
2019-03-13,POMO4,4.08
2019-03-13,PRIO3,17.85
2019-03-13,PSSA3,56.02
2019-03-13,QUAL3,16.28
2019-03-13,RADL3,70.1
2019-03-13,RAIL3,20.16
2019-03-13,RENT3,34.35
2019-03-13,SANB11,47.1
2019-03-13,SBSP3,43.02
2019-03-13,SLCE3,41.5
2019-03-13,SMLS3,47.61
2019-03-13,SMTO3,18.59
2019-03-13,STBP3,3.57
2019-03-13,SULA11,30.9
2019-03-13,SUZB3,46.1
2019-03-13,TAEE11,26.18
2019-03-13,TEND3,35.39
2019-03-13,TIMP3,12.38
2019-03-13,TOTS3,37.0
2019-03-13,TRPL4,79.51
2019-03-13,UGPA3,54.41
2019-03-13,USIM5,10.1
2019-03-13,VALE3,50.7
2019-03-13,VIVT3,43.23
2019-03-13,VIVT4,47.43
2019-03-13,VVAR3,4.62
2019-03-13,WEGE3,19.18
2019-03-14,ABEV3,16.66
2019-03-14,ALPA4,19.9
2019-03-14,ARZZ3,52.96
2019-03-14,AZUL4,41.28
2019-03-14,B3SA3,33.18
2019-03-14,BBAS3,53.75
2019-03-14,BBDC3,39.61
2019-03-14,BBDC4,45.51
2019-03-14,BBSE3,27.52
2019-03-14,BEEF3,6.84
2019-03-14,BIDI4,43.73
2019-03-14,BPAC11,34.08
2019-03-14,BPAN4,3.45
2019-03-14,BRAP4,31.13
2019-03-14,BRDT3,24.69
2019-03-14,BRFS3,20.75
2019-03-14,BRKM5,55.35
2019-03-14,BRML3,13.47
2019-03-14,BTOW3,47.65
2019-03-14,CCRO3,13.35
2019-03-14,CIEL3,10.69
2019-03-14,CMIG4,14.62
2019-03-14,CPFE3,30.74
2019-03-14,CPLE3,33.75
2019-03-14,CPLE6,39.01
2019-03-14,CRFB3,20.0
2019-03-14,CSAN3,43.7
2019-03-14,CSMG3,61.17
2019-03-14,CSNA3,15.4
2019-03-14,CVCB3,55.75
2019-03-14,CYRE3,17.25
2019-03-14,DIRR3,9.54
2019-03-14,ECOR3,10.35
2019-03-14,EGIE3,42.92
2019-03-14,ELET3,35.09
2019-03-14,ELET6,37.6
2019-03-14,EMBR3,18.79
2019-03-14,ENBR3,17.88
2019-03-14,ENEV3,19.13
2019-03-14,ENGI11,41.9
2019-03-14,EQTL3,82.0
2019-03-14,ESTC3,27.8
2019-03-14,EZTC3,27.35
2019-03-14,FLRY3,20.5
2019-03-14,GGBR4,14.76
2019-03-14,GNDI3,32.4
2019-03-14,GOAU4,7.15
2019-03-14,GOLL4,26.8
2019-03-14,HAPV3,30.9
2019-03-14,HGTX3,31.75
2019-03-14,HYPE3,27.75
2019-03-14,IGTA3,41.73
2019-03-14,IRBR3,89.0
2019-03-14,ITSA4,12.77
2019-03-14,ITUB4,36.81
2019-03-14,JBSS3,14.4
2019-03-14,JHSF3,2.46
2019-03-14,KLBN11,17.61
2019-03-14,KROT3,11.05
2019-03-14,LAME4,19.62
2019-03-14,LCAM3,37.8
2019-03-14,LOGG3,17.34
2019-03-14,LREN3,44.2
2019-03-14,MGLU3,176.5
2019-03-14,MRFG3,5.91
2019-03-14,MRVE3,14.56
2019-03-14,MULT3,24.4
2019-03-14,NATU3,47.23
2019-03-14,PCAR4,93.8
2019-03-14,PETR3,31.29
2019-03-14,PETR4,28.19
2019-03-14,POMO4,4.04
2019-03-14,PRIO3,18.56
2019-03-14,PSSA3,55.02
2019-03-14,QUAL3,16.29
2019-03-14,RADL3,69.05
2019-03-14,RAIL3,20.3
2019-03-14,RENT3,34.66
2019-03-14,SANB11,46.56
2019-03-14,SBSP3,43.67
2019-03-14,SLCE3,42.09
2019-03-14,SMLS3,50.89
2019-03-14,SMTO3,18.4
2019-03-14,STBP3,3.56
2019-03-14,SULA11,30.59
2019-03-14,SUZB3,46.0
2019-03-14,TAEE11,25.85
2019-03-14,TEND3,35.22
2019-03-14,TIMP3,12.42
2019-03-14,TOTS3,37.85
2019-03-14,TRPL4,81.49
2019-03-14,UGPA3,54.39
2019-03-14,USIM5,10.44
2019-03-14,VALE3,50.71
2019-03-14,VIVT3,43.14
2019-03-14,VIVT4,47.26
2019-03-14,VVAR3,4.64
2019-03-14,WEGE3,19.09
2019-03-15,ABEV3,16.76
2019-03-15,ALPA4,20.22
2019-03-15,ARZZ3,52.1
2019-03-15,AZUL4,41.5
2019-03-15,B3SA3,33.87
2019-03-15,BBAS3,54.21
2019-03-15,BBDC3,39.8
2019-03-15,BBDC4,45.7
2019-03-15,BBSE3,28.1
2019-03-15,BEEF3,6.72
2019-03-15,BIDI4,44.23
2019-03-15,BPAC11,35.47
2019-03-15,BPAN4,3.44
2019-03-15,BRAP4,31.37
2019-03-15,BRDT3,25.21
2019-03-15,BRFS3,22.22
2019-03-15,BRKM5,54.61
2019-03-15,BRML3,13.17
2019-03-15,BTOW3,46.95
2019-03-15,CCRO3,13.07
2019-03-15,CIEL3,10.53
2019-03-15,CMIG4,14.72
2019-03-15,CPFE3,30.49
2019-03-15,CPLE3,34.0
2019-03-15,CPLE6,38.34
2019-03-15,CRFB3,20.2
2019-03-15,CSAN3,44.28
2019-03-15,CSMG3,62.56
2019-03-15,CSNA3,15.61
2019-03-15,CVCB3,54.23
2019-03-15,CYRE3,17.15
2019-03-15,DIRR3,9.07
2019-03-15,ECOR3,10.06
2019-03-15,EGIE3,43.2
2019-03-15,ELET3,36.45
2019-03-15,ELET6,38.65
2019-03-15,EMBR3,19.75
2019-03-15,ENBR3,18.11
2019-03-15,ENEV3,18.3
2019-03-15,ENGI11,42.69
2019-03-15,EQTL3,82.35
2019-03-15,ESTC3,27.0
2019-03-15,EZTC3,27.42
2019-03-15,FLRY3,20.79
2019-03-15,GGBR4,15.11
2019-03-15,GNDI3,33.5
2019-03-15,GOAU4,7.28
2019-03-15,GOLL4,27.6
2019-03-15,HAPV3,30.3
2019-03-15,HGTX3,31.14
2019-03-15,HYPE3,28.14
2019-03-15,IGTA3,41.79
2019-03-15,IRBR3,88.09
2019-03-15,ITSA4,12.8
2019-03-15,ITUB4,36.8
2019-03-15,JBSS3,14.85
2019-03-15,JHSF3,2.56
2019-03-15,KLBN11,17.81
2019-03-15,KROT3,10.78
2019-03-15,LAME4,19.73
2019-03-15,LCAM3,37.51
2019-03-15,LOGG3,17.5
2019-03-15,LREN3,43.99
2019-03-15,MGLU3,177.19
2019-03-15,MRFG3,6.0
2019-03-15,MRVE3,14.35
2019-03-15,MULT3,24.65
2019-03-15,NATU3,46.66
2019-03-15,PCAR4,93.07
2019-03-15,PETR3,31.62
2019-03-15,PETR4,28.25
2019-03-15,POMO4,4.08
2019-03-15,PRIO3,20.03
2019-03-15,PSSA3,55.09
2019-03-15,QUAL3,16.2
2019-03-15,RADL3,68.66
2019-03-15,RAIL3,20.54
2019-03-15,RENT3,34.4
2019-03-15,SANB11,46.78
2019-03-15,SBSP3,43.75
2019-03-15,SLCE3,42.97
2019-03-15,SMLS3,49.55
2019-03-15,SMTO3,18.6
2019-03-15,STBP3,3.7
2019-03-15,SULA11,30.59
2019-03-15,SUZB3,46.7
2019-03-15,TAEE11,26.22
2019-03-15,TEND3,36.3
2019-03-15,TIMP3,12.8
2019-03-15,TOTS3,37.11
2019-03-15,TRPL4,81.14
2019-03-15,UGPA3,55.02
2019-03-15,USIM5,10.15
2019-03-15,VALE3,50.55
2019-03-15,VIVT3,44.98
2019-03-15,VIVT4,48.27
2019-03-15,VVAR3,4.54
2019-03-15,WEGE3,19.26
2019-03-18,ABEV3,17.31
2019-03-18,ALPA4,19.8
2019-03-18,ARZZ3,53.03
2019-03-18,AZUL4,42.22
2019-03-18,B3SA3,34.36
2019-03-18,BBAS3,53.8
2019-03-18,BBDC3,40.09
2019-03-18,BBDC4,45.94
2019-03-18,BBSE3,27.87
2019-03-18,BEEF3,7.13
2019-03-18,BIDI4,44.89
2019-03-18,BPAC11,36.2
2019-03-18,BPAN4,3.4
2019-03-18,BRAP4,31.25
2019-03-18,BRDT3,25.3
2019-03-18,BRFS3,23.29
2019-03-18,BRKM5,54.66
2019-03-18,BRML3,13.01
2019-03-18,BTOW3,48.56
2019-03-18,CCRO3,12.96
2019-03-18,CIEL3,10.8
2019-03-18,CMIG4,14.88
2019-03-18,CPFE3,30.6
2019-03-18,CPLE3,34.5
2019-03-18,CPLE6,39.03
2019-03-18,CRFB3,20.69
2019-03-18,CSAN3,45.0
2019-03-18,CSMG3,62.5
2019-03-18,CSNA3,16.3
2019-03-18,CVCB3,56.64
2019-03-18,CYRE3,17.28
2019-03-18,DIRR3,9.04
2019-03-18,ECOR3,9.95
2019-03-18,EGIE3,43.29
2019-03-18,ELET3,36.52
2019-03-18,ELET6,39.0
2019-03-18,EMBR3,19.74
2019-03-18,ENBR3,18.18
2019-03-18,ENEV3,18.68
2019-03-18,ENGI11,42.6
2019-03-18,EQTL3,82.94
2019-03-18,ESTC3,27.2
2019-03-18,EZTC3,27.2
2019-03-18,FLRY3,20.71
2019-03-18,GGBR4,15.52
2019-03-18,GNDI3,33.4
2019-03-18,GOAU4,7.45
2019-03-18,GOLL4,28.86
2019-03-18,HAPV3,29.4
2019-03-18,HGTX3,30.71
2019-03-18,HYPE3,28.1
2019-03-18,IGTA3,41.44
2019-03-18,IRBR3,89.79
2019-03-18,ITSA4,12.89
2019-03-18,ITUB4,36.86
2019-03-18,JBSS3,15.55
2019-03-18,JHSF3,2.64
2019-03-18,KLBN11,17.86
2019-03-18,KROT3,10.99
2019-03-18,LAME4,19.59
2019-03-18,LCAM3,37.75
2019-03-18,LOGG3,17.91
2019-03-18,LREN3,44.58
2019-03-18,MGLU3,180.42
2019-03-18,MRFG3,6.24
2019-03-18,MRVE3,14.48
2019-03-18,MULT3,24.52
2019-03-18,NATU3,46.48
2019-03-18,PCAR4,95.25
2019-03-18,PETR3,32.26
2019-03-18,PETR4,28.74
2019-03-18,POMO4,4.17
2019-03-18,PRIO3,20.3
2019-03-18,PSSA3,55.51
2019-03-18,QUAL3,16.3
2019-03-18,RADL3,67.92
2019-03-18,RAIL3,20.46
2019-03-18,RENT3,34.6
2019-03-18,SANB11,46.89
2019-03-18,SBSP3,44.01
2019-03-18,SLCE3,44.1
2019-03-18,SMLS3,49.33
2019-03-18,SMTO3,18.25
2019-03-18,STBP3,3.8
2019-03-18,SULA11,30.65
2019-03-18,SUZB3,47.54
2019-03-18,TAEE11,26.17
2019-03-18,TEND3,36.39
2019-03-18,TIMP3,12.79
2019-03-18,TOTS3,37.69
2019-03-18,TRPL4,80.0
2019-03-18,UGPA3,54.5
2019-03-18,USIM5,10.37
2019-03-18,VALE3,50.46
2019-03-18,VIVT3,44.49
2019-03-18,VIVT4,48.5
2019-03-18,VVAR3,4.59
2019-03-18,WEGE3,19.09
2019-03-19,ABEV3,17.19
2019-03-19,ALPA4,19.6
2019-03-19,ARZZ3,52.3
2019-03-19,AZUL4,42.07
2019-03-19,B3SA3,34.68
2019-03-19,BBAS3,52.65
2019-03-19,BBDC3,39.3
2019-03-19,BBDC4,44.95
2019-03-19,BBSE3,27.79
2019-03-19,BEEF3,7.12
2019-03-19,BIDI4,46.52
2019-03-19,BPAC11,36.3
2019-03-19,BPAN4,3.42
2019-03-19,BRAP4,32.0
2019-03-19,BRDT3,25.87
2019-03-19,BRFS3,23.06
2019-03-19,BRKM5,53.75
2019-03-19,BRML3,12.88
2019-03-19,BTOW3,49.9
2019-03-19,CCRO3,12.56
2019-03-19,CIEL3,11.12
2019-03-19,CMIG4,14.83
2019-03-19,CPFE3,30.75
2019-03-19,CPLE3,35.1
2019-03-19,CPLE6,39.54
2019-03-19,CRFB3,20.6
2019-03-19,CSAN3,45.79
2019-03-19,CSMG3,62.2
2019-03-19,CSNA3,15.68
2019-03-19,CVCB3,58.05
2019-03-19,CYRE3,18.0
2019-03-19,DIRR3,9.19
2019-03-19,ECOR3,9.81
2019-03-19,EGIE3,43.2
2019-03-19,ELET3,36.85
2019-03-19,ELET6,39.2
2019-03-19,EMBR3,19.46
2019-03-19,ENBR3,17.85
2019-03-19,ENEV3,18.92
2019-03-19,ENGI11,42.3
2019-03-19,EQTL3,81.83
2019-03-19,ESTC3,27.15
2019-03-19,EZTC3,27.35
2019-03-19,FLRY3,20.64
2019-03-19,GGBR4,15.85
2019-03-19,GNDI3,35.44
2019-03-19,GOAU4,7.62
2019-03-19,GOLL4,30.42
2019-03-19,HAPV3,30.34
2019-03-19,HGTX3,30.4
2019-03-19,HYPE3,27.1
2019-03-19,IGTA3,41.27
2019-03-19,IRBR3,91.0
2019-03-19,ITSA4,12.69
2019-03-19,ITUB4,36.0
2019-03-19,JBSS3,14.99
2019-03-19,JHSF3,2.59
2019-03-19,KLBN11,17.55
2019-03-19,KROT3,10.89
2019-03-19,LAME4,19.84
2019-03-19,LCAM3,38.0
2019-03-19,LOGG3,18.09
2019-03-19,LREN3,44.44
2019-03-19,MGLU3,180.7
2019-03-19,MRFG3,6.12
2019-03-19,MRVE3,14.5
2019-03-19,MULT3,24.22
2019-03-19,NATU3,46.65
2019-03-19,PCAR4,96.7
2019-03-19,PETR3,32.77
2019-03-19,PETR4,29.2
2019-03-19,POMO4,4.11
2019-03-19,PRIO3,19.5
2019-03-19,PSSA3,56.32
2019-03-19,QUAL3,16.19
2019-03-19,RADL3,68.5
2019-03-19,RAIL3,19.46
2019-03-19,RENT3,34.25
2019-03-19,SANB11,46.13
2019-03-19,SBSP3,43.65
2019-03-19,SLCE3,44.3
2019-03-19,SMLS3,49.61
2019-03-19,SMTO3,18.74
2019-03-19,STBP3,3.87
2019-03-19,SULA11,30.65
2019-03-19,SUZB3,45.38
2019-03-19,TAEE11,25.86
2019-03-19,TEND3,36.08
2019-03-19,TIMP3,12.75
2019-03-19,TOTS3,36.8
2019-03-19,TRPL4,78.9
2019-03-19,UGPA3,53.25
2019-03-19,USIM5,10.92
2019-03-19,VALE3,51.9
2019-03-19,VIVT3,44.19
2019-03-19,VIVT4,48.4
2019-03-19,VVAR3,4.64
2019-03-19,WEGE3,19.09
2019-03-20,ABEV3,17.0
2019-03-20,ALPA4,19.3
2019-03-20,ARZZ3,50.5
2019-03-20,AZUL4,41.17
2019-03-20,B3SA3,34.05
2019-03-20,BBAS3,51.47
2019-03-20,BBDC3,38.56
2019-03-20,BBDC4,43.73
2019-03-20,BBSE3,27.35
2019-03-20,BEEF3,7.28
2019-03-20,BIDI4,48.45
2019-03-20,BPAC11,36.15
2019-03-20,BPAN4,3.37
2019-03-20,BRAP4,31.28
2019-03-20,BRDT3,24.9
2019-03-20,BRFS3,22.95
2019-03-20,BRKM5,53.07
2019-03-20,BRML3,12.86
2019-03-20,BTOW3,49.9
2019-03-20,CCRO3,12.4
2019-03-20,CIEL3,10.79
2019-03-20,CMIG4,14.43
2019-03-20,CPFE3,30.59
2019-03-20,CPLE3,34.37
2019-03-20,CPLE6,38.05
2019-03-20,CRFB3,20.35
2019-03-20,CSAN3,45.93
2019-03-20,CSMG3,62.16
2019-03-20,CSNA3,15.9
2019-03-20,CVCB3,57.74
2019-03-20,CYRE3,17.87
2019-03-20,DIRR3,9.15
2019-03-20,ECOR3,9.9
2019-03-20,EGIE3,42.51
2019-03-20,ELET3,35.95
2019-03-20,ELET6,38.93
2019-03-20,EMBR3,19.22
2019-03-20,ENBR3,17.4
2019-03-20,ENEV3,18.36
2019-03-20,ENGI11,41.95
2019-03-20,EQTL3,81.25
2019-03-20,ESTC3,27.05
2019-03-20,EZTC3,27.75
2019-03-20,FLRY3,20.37
2019-03-20,GGBR4,15.62
2019-03-20,GNDI3,33.09
2019-03-20,GOAU4,7.43
2019-03-20,GOLL4,30.69
2019-03-20,HAPV3,30.08
2019-03-20,HGTX3,29.74
2019-03-20,HYPE3,27.0
2019-03-20,IGTA3,40.7
2019-03-20,IRBR3,91.0
2019-03-20,ITSA4,12.47
2019-03-20,ITUB4,35.19
2019-03-20,JBSS3,14.98
2019-03-20,JHSF3,2.59
2019-03-20,KLBN11,17.3
2019-03-20,KROT3,11.02
2019-03-20,LAME4,19.35
2019-03-20,LCAM3,39.3
2019-03-20,LOGG3,18.0
2019-03-20,LREN3,44.0
2019-03-20,MGLU3,181.63
2019-03-20,MRFG3,6.1
2019-03-20,MRVE3,14.19
2019-03-20,MULT3,24.23
2019-03-20,NATU3,46.09
2019-03-20,PCAR4,95.5
2019-03-20,PETR3,32.97
2019-03-20,PETR4,28.97
2019-03-20,POMO4,4.1
2019-03-20,PRIO3,20.27
2019-03-20,PSSA3,55.0
2019-03-20,QUAL3,16.1
2019-03-20,RADL3,66.0
2019-03-20,RAIL3,19.35
2019-03-20,RENT3,33.6
2019-03-20,SANB11,45.18
2019-03-20,SBSP3,42.98
2019-03-20,SLCE3,44.4
2019-03-20,SMLS3,49.65
2019-03-20,SMTO3,18.4
2019-03-20,STBP3,3.98
2019-03-20,SULA11,29.43
2019-03-20,SUZB3,43.87
2019-03-20,TAEE11,25.38
2019-03-20,TEND3,35.5
2019-03-20,TIMP3,12.52
2019-03-20,TOTS3,36.9
2019-03-20,TRPL4,77.84
2019-03-20,UGPA3,52.63
2019-03-20,USIM5,10.72
2019-03-20,VALE3,50.56
2019-03-20,VIVT3,43.99
2019-03-20,VIVT4,48.3
2019-03-20,VVAR3,4.58
2019-03-20,WEGE3,18.76
2019-03-21,ABEV3,16.98
2019-03-21,ALPA4,15.42
2019-03-21,ARZZ3,50.79
2019-03-21,AZUL4,40.95
2019-03-21,B3SA3,33.47
2019-03-21,BBAS3,50.39
2019-03-21,BBDC3,37.35
2019-03-21,BBDC4,42.77
2019-03-21,BBSE3,26.9
2019-03-21,BEEF3,7.16
2019-03-21,BIDI4,48.72
2019-03-21,BPAC11,35.5
2019-03-21,BPAN4,3.35
2019-03-21,BRAP4,31.35
2019-03-21,BRDT3,24.5
2019-03-21,BRFS3,22.7
2019-03-21,BRKM5,52.19
2019-03-21,BRML3,12.73
2019-03-21,BTOW3,46.75
2019-03-21,CCRO3,12.3
2019-03-21,CIEL3,10.36
2019-03-21,CMIG4,14.15
2019-03-21,CPFE3,30.18
2019-03-21,CPLE3,34.1
2019-03-21,CPLE6,37.6
2019-03-21,CRFB3,19.79
2019-03-21,CSAN3,46.44
2019-03-21,CSMG3,61.23
2019-03-21,CSNA3,15.58
2019-03-21,CVCB3,57.14
2019-03-21,CYRE3,17.2
2019-03-21,DIRR3,8.83
2019-03-21,ECOR3,9.64
2019-03-21,EGIE3,41.75
2019-03-21,ELET3,35.35
2019-03-21,ELET6,37.8
2019-03-21,EMBR3,19.1
2019-03-21,ENBR3,17.45
2019-03-21,ENEV3,18.52
2019-03-21,ENGI11,41.4
2019-03-21,EQTL3,80.75
2019-03-21,ESTC3,26.65
2019-03-21,EZTC3,27.4
2019-03-21,FLRY3,20.12
2019-03-21,GGBR4,15.66
2019-03-21,GNDI3,33.0
2019-03-21,GOAU4,7.39
2019-03-21,GOLL4,29.15
2019-03-21,HAPV3,29.99
2019-03-21,HGTX3,29.63
2019-03-21,HYPE3,26.69
2019-03-21,IGTA3,40.68
2019-03-21,IRBR3,90.61
2019-03-21,ITSA4,12.28
2019-03-21,ITUB4,34.57
2019-03-21,JBSS3,14.65
2019-03-21,JHSF3,2.54
2019-03-21,KLBN11,17.32
2019-03-21,KROT3,10.83
2019-03-21,LAME4,18.27
2019-03-21,LCAM3,39.35
2019-03-21,LOGG3,17.8
2019-03-21,LREN3,43.06
2019-03-21,MGLU3,182.25
2019-03-21,MRFG3,5.94
2019-03-21,MRVE3,13.79
2019-03-21,MULT3,23.99
2019-03-21,NATU3,45.0
2019-03-21,PCAR4,93.65
2019-03-21,PETR3,32.31
2019-03-21,PETR4,28.56
2019-03-21,POMO4,3.97
2019-03-21,PRIO3,20.5
2019-03-21,PSSA3,53.99
2019-03-21,QUAL3,15.95
2019-03-21,RADL3,66.5
2019-03-21,RAIL3,19.3
2019-03-21,RENT3,33.14
2019-03-21,SANB11,44.39
2019-03-21,SBSP3,41.95
2019-03-21,SLCE3,44.07
2019-03-21,SMLS3,49.0
2019-03-21,SMTO3,18.39
2019-03-21,STBP3,3.95
2019-03-21,SULA11,29.33
2019-03-21,SUZB3,45.25
2019-03-21,TAEE11,24.9
2019-03-21,TEND3,34.9
2019-03-21,TIMP3,12.58
2019-03-21,TOTS3,36.8
2019-03-21,TRPL4,75.95
2019-03-21,UGPA3,51.15
2019-03-21,USIM5,10.45
2019-03-21,VALE3,50.89
2019-03-21,VIVT3,44.39
2019-03-21,VIVT4,47.8
2019-03-21,VVAR3,4.55
2019-03-21,WEGE3,18.56
2019-03-22,ABEV3,16.72
2019-03-22,ALPA4,15.17
2019-03-22,ARZZ3,49.92
2019-03-22,AZUL4,39.45
2019-03-22,B3SA3,32.55
2019-03-22,BBAS3,47.65
2019-03-22,BBDC3,36.36
2019-03-22,BBDC4,41.26
2019-03-22,BBSE3,26.22
2019-03-22,BEEF3,6.95
2019-03-22,BIDI4,48.09
2019-03-22,BPAC11,34.95
2019-03-22,BPAN4,3.26
2019-03-22,BRAP4,30.6
2019-03-22,BRDT3,23.7
2019-03-22,BRFS3,22.2
2019-03-22,BRKM5,51.89
2019-03-22,BRML3,12.51
2019-03-22,BTOW3,42.5
2019-03-22,CCRO3,11.69
2019-03-22,CIEL3,9.95
2019-03-22,CMIG4,13.78
2019-03-22,CPFE3,30.32
2019-03-22,CPLE3,32.35
2019-03-22,CPLE6,36.1
2019-03-22,CRFB3,19.63
2019-03-22,CSAN3,45.19
2019-03-22,CSMG3,59.8
2019-03-22,CSNA3,14.96
2019-03-22,CVCB3,54.41
2019-03-22,CYRE3,16.24
2019-03-22,DIRR3,8.67
2019-03-22,ECOR3,9.18
2019-03-22,EGIE3,40.88
2019-03-22,ELET3,33.73
2019-03-22,ELET6,36.06
2019-03-22,EMBR3,18.7
2019-03-22,ENBR3,17.13
2019-03-22,ENEV3,18.54
2019-03-22,ENGI11,40.87
2019-03-22,EQTL3,79.75
2019-03-22,ESTC3,25.83
2019-03-22,EZTC3,25.83
2019-03-22,FLRY3,19.8
2019-03-22,GGBR4,14.94
2019-03-22,GNDI3,32.11
2019-03-22,GOAU4,7.05
2019-03-22,GOLL4,27.26
2019-03-22,HAPV3,29.8
2019-03-22,HGTX3,29.03
2019-03-22,HYPE3,26.15
2019-03-22,IGTA3,39.4
2019-03-22,IRBR3,89.12
2019-03-22,ITSA4,11.93
2019-03-22,ITUB4,33.55
2019-03-22,JBSS3,14.29
2019-03-22,JHSF3,2.36
2019-03-22,KLBN11,17.16
2019-03-22,KROT3,10.87
2019-03-22,LAME4,16.79
2019-03-22,LCAM3,38.91
2019-03-22,LOGG3,17.1
2019-03-22,LREN3,42.65
2019-03-22,MGLU3,173.3
2019-03-22,MRFG3,5.72
2019-03-22,MRVE3,13.4
2019-03-22,MULT3,23.51
2019-03-22,NATU3,41.5
2019-03-22,PCAR4,91.69
2019-03-22,PETR3,30.77
2019-03-22,PETR4,27.0
2019-03-22,POMO4,3.91
2019-03-22,PRIO3,19.8
2019-03-22,PSSA3,53.54
2019-03-22,QUAL3,15.35
2019-03-22,RADL3,66.41
2019-03-22,RAIL3,18.52
2019-03-22,RENT3,32.23
2019-03-22,SANB11,43.26
2019-03-22,SBSP3,40.12
2019-03-22,SLCE3,42.19
2019-03-22,SMLS3,47.92
2019-03-22,SMTO3,18.14
2019-03-22,STBP3,3.74
2019-03-22,SULA11,29.0
2019-03-22,SUZB3,45.79
2019-03-22,TAEE11,24.46
2019-03-22,TEND3,33.33
2019-03-22,TIMP3,12.3
2019-03-22,TOTS3,38.05
2019-03-22,TRPL4,75.19
2019-03-22,UGPA3,49.3
2019-03-22,USIM5,10.04
2019-03-22,VALE3,50.05
2019-03-22,VIVT3,43.75
2019-03-22,VIVT4,47.67
2019-03-22,VVAR3,4.33
2019-03-22,WEGE3,18.22
2019-03-25,ABEV3,16.52
2019-03-25,ALPA4,15.0
2019-03-25,ARZZ3,49.75
2019-03-25,AZUL4,39.02
2019-03-25,B3SA3,32.48
2019-03-25,BBAS3,47.99
2019-03-25,BBDC3,36.5
2019-03-25,BBDC4,41.35
2019-03-25,BBSE3,26.46
2019-03-25,BEEF3,6.89
2019-03-25,BIDI4,49.0
2019-03-25,BPAC11,35.08
2019-03-25,BPAN4,3.26
2019-03-25,BRAP4,30.53
2019-03-25,BRDT3,23.8
2019-03-25,BRFS3,21.85
2019-03-25,BRKM5,51.2
2019-03-25,BRML3,12.63
2019-03-25,BTOW3,41.19
2019-03-25,CCRO3,11.69
2019-03-25,CIEL3,9.6
2019-03-25,CMIG4,14.14
2019-03-25,CPFE3,30.45
2019-03-25,CPLE3,32.73
2019-03-25,CPLE6,36.8
2019-03-25,CRFB3,19.92
2019-03-25,CSAN3,43.48
2019-03-25,CSMG3,60.4
2019-03-25,CSNA3,14.9
2019-03-25,CVCB3,54.03
2019-03-25,CYRE3,15.92
2019-03-25,DIRR3,8.59
2019-03-25,ECOR3,9.33
2019-03-25,EGIE3,41.44
2019-03-25,ELET3,34.6
2019-03-25,ELET6,36.43
2019-03-25,EMBR3,18.55
2019-03-25,ENBR3,17.4
2019-03-25,ENEV3,18.35
2019-03-25,ENGI11,40.0
2019-03-25,EQTL3,80.0
2019-03-25,ESTC3,26.38
2019-03-25,EZTC3,26.1
2019-03-25,FLRY3,19.69
2019-03-25,GGBR4,14.87
2019-03-25,GNDI3,32.3
2019-03-25,GOAU4,7.06
2019-03-25,GOLL4,27.64
2019-03-25,HAPV3,29.7
2019-03-25,HGTX3,29.44
2019-03-25,HYPE3,25.78
2019-03-25,IGTA3,39.6
2019-03-25,IRBR3,90.4
2019-03-25,ITSA4,11.96
2019-03-25,ITUB4,33.6
2019-03-25,JBSS3,14.44
2019-03-25,JHSF3,2.45
2019-03-25,KLBN11,16.78
2019-03-25,KROT3,11.21
2019-03-25,LAME4,16.49
2019-03-25,LCAM3,39.2
2019-03-25,LOGG3,17.01
2019-03-25,LREN3,42.02
2019-03-25,MGLU3,173.11
2019-03-25,MRFG3,5.84
2019-03-25,MRVE3,13.37
2019-03-25,MULT3,23.36
2019-03-25,NATU3,40.1
2019-03-25,PCAR4,91.7
2019-03-25,PETR3,30.65
2019-03-25,PETR4,27.34
2019-03-25,POMO4,3.89
2019-03-25,PRIO3,19.3
2019-03-25,PSSA3,53.58
2019-03-25,QUAL3,15.15
2019-03-25,RADL3,65.09
2019-03-25,RAIL3,18.55
2019-03-25,RENT3,32.37
2019-03-25,SANB11,43.76
2019-03-25,SBSP3,40.5
2019-03-25,SLCE3,42.65
2019-03-25,SMLS3,47.41
2019-03-25,SMTO3,18.36
2019-03-25,STBP3,3.78
2019-03-25,SULA11,29.07
2019-03-25,SUZB3,46.63
2019-03-25,TAEE11,24.65
2019-03-25,TEND3,33.46
2019-03-25,TIMP3,12.18
2019-03-25,TOTS3,38.0
2019-03-25,TRPL4,76.58
2019-03-25,UGPA3,48.71
2019-03-25,USIM5,10.23
2019-03-25,VALE3,49.55
2019-03-25,VIVT3,42.68
2019-03-25,VIVT4,46.83
2019-03-25,VVAR3,4.33
2019-03-25,WEGE3,18.06
2019-03-26,ABEV3,16.99
2019-03-26,ALPA4,15.35
2019-03-26,ARZZ3,50.41
2019-03-26,AZUL4,39.77
2019-03-26,B3SA3,33.3
2019-03-26,BBAS3,49.12
2019-03-26,BBDC3,36.62
2019-03-26,BBDC4,41.62
2019-03-26,BBSE3,26.24
2019-03-26,BEEF3,7.1
2019-03-26,BIDI4,54.0
2019-03-26,BPAC11,36.25
2019-03-26,BPAN4,3.35
2019-03-26,BRAP4,31.11
2019-03-26,BRDT3,24.65
2019-03-26,BRFS3,22.34
2019-03-26,BRKM5,51.58
2019-03-26,BRML3,12.64
2019-03-26,BTOW3,42.21
2019-03-26,CCRO3,11.75
2019-03-26,CIEL3,9.6
2019-03-26,CMIG4,14.26
2019-03-26,CPFE3,30.87
2019-03-26,CPLE3,32.93
2019-03-26,CPLE6,37.6
2019-03-26,CRFB3,20.21
2019-03-26,CSAN3,43.75
2019-03-26,CSMG3,62.97
2019-03-26,CSNA3,15.84
2019-03-26,CVCB3,54.84
2019-03-26,CYRE3,16.25
2019-03-26,DIRR3,8.79
2019-03-26,ECOR3,9.59
2019-03-26,EGIE3,42.09
2019-03-26,ELET3,36.11
2019-03-26,ELET6,37.92
2019-03-26,EMBR3,18.65
2019-03-26,ENBR3,17.65
2019-03-26,ENEV3,18.6
2019-03-26,ENGI11,40.8
2019-03-26,EQTL3,80.73
2019-03-26,ESTC3,26.65
2019-03-26,EZTC3,26.69
2019-03-26,FLRY3,20.37
2019-03-26,GGBR4,15.24
2019-03-26,GNDI3,32.75
2019-03-26,GOAU4,7.15
2019-03-26,GOLL4,27.55
2019-03-26,HAPV3,30.39
2019-03-26,HGTX3,29.4
2019-03-26,HYPE3,25.59
2019-03-26,IGTA3,39.11
2019-03-26,IRBR3,90.52
2019-03-26,ITSA4,12.03
2019-03-26,ITUB4,33.95
2019-03-26,JBSS3,15.12
2019-03-26,JHSF3,2.5
2019-03-26,KLBN11,17.02
2019-03-26,KROT3,11.1
2019-03-26,LAME4,16.55
2019-03-26,LCAM3,39.35
2019-03-26,LOGG3,17.15
2019-03-26,LREN3,42.31
2019-03-26,MGLU3,176.59
2019-03-26,MRFG3,5.97
2019-03-26,MRVE3,13.94
2019-03-26,MULT3,23.55
2019-03-26,NATU3,44.0
2019-03-26,PCAR4,93.06
2019-03-26,PETR3,31.93
2019-03-26,PETR4,28.63
2019-03-26,POMO4,3.91
2019-03-26,PRIO3,19.62
2019-03-26,PSSA3,54.49
2019-03-26,QUAL3,15.47
2019-03-26,RADL3,66.16
2019-03-26,RAIL3,18.43
2019-03-26,RENT3,32.62
2019-03-26,SANB11,43.71
2019-03-26,SBSP3,41.54
2019-03-26,SLCE3,43.0
2019-03-26,SMLS3,48.91
2019-03-26,SMTO3,18.06
2019-03-26,STBP3,3.76
2019-03-26,SULA11,29.15
2019-03-26,SUZB3,46.6
2019-03-26,TAEE11,24.68
2019-03-26,TEND3,17.21
2019-03-26,TIMP3,12.29
2019-03-26,TOTS3,39.01
2019-03-26,TRPL4,76.81
2019-03-26,UGPA3,48.3
2019-03-26,USIM5,10.25
2019-03-26,VALE3,50.28
2019-03-26,VIVT3,43.6
2019-03-26,VIVT4,47.0
2019-03-26,VVAR3,4.36
2019-03-26,WEGE3,18.02
2019-03-27,ABEV3,16.54
2019-03-27,ALPA4,14.96
2019-03-27,ARZZ3,49.6
2019-03-27,AZUL4,37.69
2019-03-27,B3SA3,31.27
2019-03-27,BBAS3,46.4
2019-03-27,BBDC3,35.46
2019-03-27,BBDC4,40.18
2019-03-27,BBSE3,25.96
2019-03-27,BEEF3,6.82
2019-03-27,BIDI4,52.99
2019-03-27,BPAC11,33.8
2019-03-27,BPAN4,3.3
2019-03-27,BRAP4,30.67
2019-03-27,BRDT3,23.4
2019-03-27,BRFS3,21.94
2019-03-27,BRKM5,49.93
2019-03-27,BRML3,12.15
2019-03-27,BTOW3,39.16
2019-03-27,CCRO3,11.3
2019-03-27,CIEL3,9.34
2019-03-27,CMIG4,13.27
2019-03-27,CPFE3,30.68
2019-03-27,CPLE3,31.5
2019-03-27,CPLE6,35.24
2019-03-27,CRFB3,19.55
2019-03-27,CSAN3,42.14
2019-03-27,CSMG3,60.0
2019-03-27,CSNA3,15.03
2019-03-27,CVCB3,52.68
2019-03-27,CYRE3,15.49
2019-03-27,DIRR3,8.56
2019-03-27,ECOR3,9.38
2019-03-27,EGIE3,41.19
2019-03-27,ELET3,33.5
2019-03-27,ELET6,35.7
2019-03-27,EMBR3,18.39
2019-03-27,ENBR3,16.67
2019-03-27,ENEV3,17.9
2019-03-27,ENGI11,39.77
2019-03-27,EQTL3,77.95
2019-03-27,ESTC3,25.16
2019-03-27,EZTC3,25.75
2019-03-27,FLRY3,19.75
2019-03-27,GGBR4,14.65
2019-03-27,GNDI3,32.0
2019-03-27,GOAU4,6.85
2019-03-27,GOLL4,25.15
2019-03-27,HAPV3,29.48
2019-03-27,HGTX3,28.31
2019-03-27,HYPE3,25.57
2019-03-27,IGTA3,37.76
2019-03-27,IRBR3,89.28
2019-03-27,ITSA4,11.43
2019-03-27,ITUB4,32.8
2019-03-27,JBSS3,14.62
2019-03-27,JHSF3,2.38
2019-03-27,KLBN11,17.01
2019-03-27,KROT3,10.36
2019-03-27,LAME4,15.79
2019-03-27,LCAM3,37.5
2019-03-27,LOGG3,16.75
2019-03-27,LREN3,41.01
2019-03-27,MGLU3,168.0
2019-03-27,MRFG3,5.73
2019-03-27,MRVE3,13.4
2019-03-27,MULT3,22.75
2019-03-27,NATU3,43.68
2019-03-27,PCAR4,88.04
2019-03-27,PETR3,30.45
2019-03-27,PETR4,27.34
2019-03-27,POMO4,3.82
2019-03-27,PRIO3,19.25
2019-03-27,PSSA3,53.15
2019-03-27,QUAL3,14.57
2019-03-27,RADL3,64.33
2019-03-27,RAIL3,17.95
2019-03-27,RENT3,31.39
2019-03-27,SANB11,41.6
2019-03-27,SBSP3,40.0
2019-03-27,SLCE3,41.0
2019-03-27,SMLS3,45.84
2019-03-27,SMTO3,17.6
2019-03-27,STBP3,3.58
2019-03-27,SULA11,28.96
2019-03-27,SUZB3,47.47
2019-03-27,TAEE11,24.05
2019-03-27,TEND3,16.6
2019-03-27,TIMP3,11.7
2019-03-27,TOTS3,38.42
2019-03-27,TRPL4,75.42
2019-03-27,UGPA3,46.5
2019-03-27,USIM5,9.49
2019-03-27,VALE3,49.6
2019-03-27,VIVT3,42.79
2019-03-27,VIVT4,46.1
2019-03-27,VVAR3,4.11
2019-03-27,WEGE3,17.45
2019-03-28,ABEV3,16.75
2019-03-28,ALPA4,15.06
2019-03-28,ARZZ3,49.23
2019-03-28,AZUL4,37.25
2019-03-28,B3SA3,32.07
2019-03-28,BBAS3,48.02
2019-03-28,BBDC3,37.0
2019-03-28,BBDC4,42.22
2019-03-28,BBSE3,26.3
2019-03-28,BEEF3,6.99
2019-03-28,BIDI4,51.7
2019-03-28,BPAC11,34.53
2019-03-28,BPAN4,3.28
2019-03-28,BRAP4,30.58
2019-03-28,BRDT3,24.14
2019-03-28,BRFS3,22.6
2019-03-28,BRKM5,51.4
2019-03-28,BRML3,12.45
2019-03-28,BTOW3,41.46
2019-03-28,CCRO3,11.79
2019-03-28,CIEL3,9.57
2019-03-28,CMIG4,13.62
2019-03-28,CPFE3,30.75
2019-03-28,CPLE3,31.5
2019-03-28,CPLE6,35.9
2019-03-28,CRFB3,20.01
2019-03-28,CSAN3,42.15
2019-03-28,CSMG3,60.62
2019-03-28,CSNA3,15.68
2019-03-28,CVCB3,54.5
2019-03-28,CYRE3,16.04
2019-03-28,DIRR3,8.6
2019-03-28,ECOR3,9.72
2019-03-28,EGIE3,42.66
2019-03-28,ELET3,35.89
2019-03-28,ELET6,37.25
2019-03-28,EMBR3,18.53
2019-03-28,ENBR3,17.31
2019-03-28,ENEV3,18.23
2019-03-28,ENGI11,40.59
2019-03-28,EQTL3,79.0
2019-03-28,ESTC3,27.21
2019-03-28,EZTC3,26.3
2019-03-28,FLRY3,20.1
2019-03-28,GGBR4,14.88
2019-03-28,GNDI3,32.4
2019-03-28,GOAU4,7.05
2019-03-28,GOLL4,25.61
2019-03-28,HAPV3,30.55
2019-03-28,HGTX3,29.38
2019-03-28,HYPE3,25.9
2019-03-28,IGTA3,38.9
2019-03-28,IRBR3,89.0
2019-03-28,ITSA4,12.05
2019-03-28,ITUB4,34.1
2019-03-28,JBSS3,15.47
2019-03-28,JHSF3,2.41
2019-03-28,KLBN11,17.23
2019-03-28,KROT3,10.91
2019-03-28,LAME4,16.17
2019-03-28,LCAM3,37.65
2019-03-28,LOGG3,17.4
2019-03-28,LREN3,42.3
2019-03-28,MGLU3,170.79
2019-03-28,MRFG3,5.98
2019-03-28,MRVE3,13.76
2019-03-28,MULT3,23.54
2019-03-28,NATU3,44.58
2019-03-28,PCAR4,91.24
2019-03-28,PETR3,30.96
2019-03-28,PETR4,28.06
2019-03-28,POMO4,3.87
2019-03-28,PRIO3,18.99
2019-03-28,PSSA3,53.72
2019-03-28,QUAL3,15.34
2019-03-28,RADL3,65.0
2019-03-28,RAIL3,18.64
2019-03-28,RENT3,32.39
2019-03-28,SANB11,43.14
2019-03-28,SBSP3,41.0
2019-03-28,SLCE3,41.3
2019-03-28,SMLS3,47.34
2019-03-28,SMTO3,17.89
2019-03-28,STBP3,3.66
2019-03-28,SULA11,29.0
2019-03-28,SUZB3,46.4
2019-03-28,TAEE11,24.63
2019-03-28,TEND3,17.07
2019-03-28,TIMP3,11.77
2019-03-28,TOTS3,39.4
2019-03-28,TRPL4,76.99
2019-03-28,UGPA3,47.4
2019-03-28,USIM5,9.68
2019-03-28,VALE3,49.3
2019-03-28,VIVT3,43.75
2019-03-28,VIVT4,47.21
2019-03-28,VVAR3,4.18
2019-03-28,WEGE3,18.05
2019-03-29,ABEV3,16.83
2019-03-29,ALPA4,15.38
2019-03-29,ARZZ3,49.98
2019-03-29,AZUL4,38.27
2019-03-29,B3SA3,32.12
2019-03-29,BBAS3,48.72
2019-03-29,BBDC3,37.85
2019-03-29,BBDC4,42.94
2019-03-29,BBSE3,26.52
2019-03-29,BEEF3,7.03
2019-03-29,BIDI4,52.91
2019-03-29,BPAC11,36.2
2019-03-29,BPAN4,3.26
2019-03-29,BRAP4,31.9
2019-03-29,BRDT3,23.15
2019-03-29,BRFS3,22.65
2019-03-29,BRKM5,50.9
2019-03-29,BRML3,12.57
2019-03-29,BTOW3,42.22
2019-03-29,CCRO3,11.74
2019-03-29,CIEL3,9.49
2019-03-29,CMIG4,13.9
2019-03-29,CPFE3,30.48
2019-03-29,CPLE3,32.1
2019-03-29,CPLE6,36.4
2019-03-29,CRFB3,20.09
2019-03-29,CSAN3,42.65
2019-03-29,CSMG3,61.07
2019-03-29,CSNA3,16.25
2019-03-29,CVCB3,54.75
2019-03-29,CYRE3,16.27
2019-03-29,DIRR3,8.67
2019-03-29,ECOR3,9.59
2019-03-29,EGIE3,42.71
2019-03-29,ELET3,36.69
2019-03-29,ELET6,37.86
2019-03-29,EMBR3,18.45
2019-03-29,ENBR3,16.98
2019-03-29,ENEV3,18.5
2019-03-29,ENGI11,40.55
2019-03-29,EQTL3,80.0
2019-03-29,ESTC3,26.6
2019-03-29,EZTC3,26.8
2019-03-29,FLRY3,20.4
2019-03-29,GGBR4,15.14
2019-03-29,GNDI3,32.8
2019-03-29,GOAU4,7.11
2019-03-29,GOLL4,25.9
2019-03-29,HAPV3,30.76
2019-03-29,HGTX3,29.89
2019-03-29,HYPE3,25.9
2019-03-29,IGTA3,38.92
2019-03-29,IRBR3,91.25
2019-03-29,ITSA4,11.98
2019-03-29,ITUB4,34.43
2019-03-29,JBSS3,15.92
2019-03-29,JHSF3,2.45
2019-03-29,KLBN11,17.03
2019-03-29,KROT3,10.6
2019-03-29,LAME4,16.77
2019-03-29,LCAM3,38.99
2019-03-29,LOGG3,16.98
2019-03-29,LREN3,43.8
2019-03-29,MGLU3,172.85
2019-03-29,MRFG3,5.98
2019-03-29,MRVE3,13.99
2019-03-29,MULT3,23.39
2019-03-29,NATU3,45.39
2019-03-29,PCAR4,91.46
2019-03-29,PETR3,31.15
2019-03-29,PETR4,28.06
2019-03-29,POMO4,3.9
2019-03-29,PRIO3,18.9
2019-03-29,PSSA3,53.83
2019-03-29,QUAL3,15.68
2019-03-29,RADL3,65.3
2019-03-29,RAIL3,19.15
2019-03-29,RENT3,33.06
2019-03-29,SANB11,43.97
2019-03-29,SBSP3,42.0
2019-03-29,SLCE3,41.06
2019-03-29,SMLS3,47.7
2019-03-29,SMTO3,18.34
2019-03-29,STBP3,4.01
2019-03-29,SULA11,29.8
2019-03-29,SUZB3,46.55
2019-03-29,TAEE11,24.8
2019-03-29,TEND3,16.88
2019-03-29,TIMP3,11.79
2019-03-29,TOTS3,39.4
2019-03-29,TRPL4,77.14
2019-03-29,UGPA3,47.0
2019-03-29,USIM5,10.04
2019-03-29,VALE3,50.93
2019-03-29,VIVT3,44.0
2019-03-29,VIVT4,47.5
2019-03-29,VVAR3,4.22
2019-03-29,WEGE3,18.0
2019-04-01,ABEV3,16.82
2019-04-01,ALPA4,15.39
2019-04-01,ARZZ3,50.72
2019-04-01,AZUL4,38.94
2019-04-01,B3SA3,32.58
2019-04-01,BBAS3,49.2
2019-04-01,BBDC3,31.6
2019-04-01,BBDC4,36.07
2019-04-01,BBSE3,26.38
2019-04-01,BEEF3,7.09
2019-04-01,BIDI4,53.4
2019-04-01,BPAC11,36.25
2019-04-01,BPAN4,3.29
2019-04-01,BRAP4,32.99
2019-04-01,BRDT3,23.45
2019-04-01,BRFS3,23.0
2019-04-01,BRKM5,51.73
2019-04-01,BRML3,12.46
2019-04-01,BTOW3,42.0
2019-04-01,CCRO3,11.74
2019-04-01,CIEL3,9.61
2019-04-01,CMIG4,13.89
2019-04-01,CPFE3,29.7
2019-04-01,CPLE3,32.15
2019-04-01,CPLE6,36.2
2019-04-01,CRFB3,20.1
2019-04-01,CSAN3,43.61
2019-04-01,CSMG3,61.79
2019-04-01,CSNA3,16.92
2019-04-01,CVCB3,54.32
2019-04-01,CYRE3,16.12
2019-04-01,DIRR3,8.66
2019-04-01,ECOR3,9.4
2019-04-01,EGIE3,43.33
2019-04-01,ELET3,37.25
2019-04-01,ELET6,38.85
2019-04-01,EMBR3,18.7
2019-04-01,ENBR3,17.52
2019-04-01,ENEV3,18.6
2019-04-01,ENGI11,40.55
2019-04-01,EQTL3,80.0
2019-04-01,ESTC3,26.7
2019-04-01,EZTC3,27.18
2019-04-01,FLRY3,20.55
2019-04-01,GGBR4,16.08
2019-04-01,GNDI3,33.4
2019-04-01,GOAU4,7.55
2019-04-01,GOLL4,25.65
2019-04-01,HAPV3,30.84
2019-04-01,HGTX3,30.35
2019-04-01,HYPE3,26.29
2019-04-01,IGTA3,38.55
2019-04-01,IRBR3,92.0
2019-04-01,ITSA4,11.98
2019-04-01,ITUB4,34.16
2019-04-01,JBSS3,16.23
2019-04-01,JHSF3,2.54
2019-04-01,KLBN11,17.57
2019-04-01,KROT3,10.35
2019-04-01,LAME4,17.01
2019-04-01,LCAM3,40.0
2019-04-01,LOGG3,17.0
2019-04-01,LREN3,43.79
2019-04-01,MGLU3,171.29
2019-04-01,MRFG3,6.05
2019-04-01,MRVE3,14.15
2019-04-01,MULT3,23.21
2019-04-01,NATU3,45.48
2019-04-01,PCAR4,91.59
2019-04-01,PETR3,30.87
2019-04-01,PETR4,28.0
2019-04-01,POMO4,3.83
2019-04-01,PRIO3,19.38
2019-04-01,PSSA3,53.31
2019-04-01,QUAL3,15.59
2019-04-01,RADL3,64.59
2019-04-01,RAIL3,18.73
2019-04-01,RENT3,33.04
2019-04-01,SANB11,44.55
2019-04-01,SBSP3,42.16
2019-04-01,SLCE3,42.02
2019-04-01,SMLS3,46.95
2019-04-01,SMTO3,18.39
2019-04-01,STBP3,3.81
2019-04-01,SULA11,30.55
2019-04-01,SUZB3,47.87
2019-04-01,TAEE11,24.92
2019-04-01,TEND3,17.11
2019-04-01,TIMP3,11.8
2019-04-01,TOTS3,39.25
2019-04-01,TRPL4,77.54
2019-04-01,UGPA3,47.1
2019-04-01,USIM5,10.22
2019-04-01,VALE3,52.6
2019-04-01,VIVT3,43.96
2019-04-01,VIVT4,47.62
2019-04-01,VVAR3,4.27
2019-04-01,WEGE3,18.07
2019-04-02,ABEV3,16.77
2019-04-02,ALPA4,15.24
2019-04-02,ARZZ3,50.4
2019-04-02,AZUL4,38.8
2019-04-02,B3SA3,32.66
2019-04-02,BBAS3,48.77
2019-04-02,BBDC3,31.3
2019-04-02,BBDC4,35.59
2019-04-02,BBSE3,27.25
2019-04-02,BEEF3,7.22
2019-04-02,BIDI4,55.49
2019-04-02,BPAC11,36.25
2019-04-02,BPAN4,3.29
2019-04-02,BRAP4,32.1
2019-04-02,BRDT3,23.48
2019-04-02,BRFS3,22.95
2019-04-02,BRKM5,49.7
2019-04-02,BRML3,12.64
2019-04-02,BTOW3,41.29
2019-04-02,CCRO3,11.83
2019-04-02,CIEL3,9.14
2019-04-02,CMIG4,13.5
2019-04-02,CPFE3,29.5
2019-04-02,CPLE3,31.78
2019-04-02,CPLE6,35.97
2019-04-02,CRFB3,20.13
2019-04-02,CSAN3,43.03
2019-04-02,CSMG3,61.33
2019-04-02,CSNA3,16.88
2019-04-02,CVCB3,54.05
2019-04-02,CYRE3,16.05
2019-04-02,DIRR3,8.74
2019-04-02,ECOR3,9.17
2019-04-02,EGIE3,42.5
2019-04-02,ELET3,35.78
2019-04-02,ELET6,37.35
2019-04-02,EMBR3,18.61
2019-04-02,ENBR3,17.3
2019-04-02,ENEV3,18.8
2019-04-02,ENGI11,40.89
2019-04-02,EQTL3,80.32
2019-04-02,ESTC3,27.19
2019-04-02,EZTC3,27.06
2019-04-02,FLRY3,21.0
2019-04-02,GGBR4,16.08
2019-04-02,GNDI3,33.0
2019-04-02,GOAU4,7.49
2019-04-02,GOLL4,25.32
2019-04-02,HAPV3,31.11
2019-04-02,HGTX3,30.22
2019-04-02,HYPE3,26.12
2019-04-02,IGTA3,38.75
2019-04-02,IRBR3,92.2
2019-04-02,ITSA4,11.87
2019-04-02,ITUB4,33.62
2019-04-02,JBSS3,15.86
2019-04-02,JHSF3,2.57
2019-04-02,KLBN11,17.55
2019-04-02,KROT3,10.34
2019-04-02,LAME4,16.78
2019-04-02,LCAM3,39.9
2019-04-02,LOGG3,17.24
2019-04-02,LREN3,43.27
2019-04-02,MGLU3,166.15
2019-04-02,MRFG3,5.91
2019-04-02,MRVE3,13.96
2019-04-02,MULT3,23.37
2019-04-02,NATU3,45.59
2019-04-02,PCAR4,92.54
2019-04-02,PETR3,31.0
2019-04-02,PETR4,28.29
2019-04-02,POMO4,3.88
2019-04-02,PRIO3,19.4
2019-04-02,PSSA3,53.22
2019-04-02,QUAL3,15.72
2019-04-02,RADL3,65.68
2019-04-02,RAIL3,19.16
2019-04-02,RENT3,33.15
2019-04-02,SANB11,43.91
2019-04-02,SBSP3,40.41
2019-04-02,SLCE3,42.0
2019-04-02,SMLS3,47.83
2019-04-02,SMTO3,18.79
2019-04-02,STBP3,3.69
2019-04-02,SULA11,30.47
2019-04-02,SUZB3,48.05
2019-04-02,TAEE11,24.98
2019-04-02,TEND3,16.91
2019-04-02,TIMP3,11.67
2019-04-02,TOTS3,39.0
2019-04-02,TRPL4,76.58
2019-04-02,UGPA3,46.49
2019-04-02,USIM5,9.7
2019-04-02,VALE3,51.63
2019-04-02,VIVT3,44.2
2019-04-02,VIVT4,47.07
2019-04-02,VVAR3,4.55
2019-04-02,WEGE3,18.25
2019-04-03,ABEV3,16.84
2019-04-03,ALPA4,15.07
2019-04-03,ARZZ3,49.95
2019-04-03,AZUL4,38.96
2019-04-03,B3SA3,31.56
2019-04-03,BBAS3,48.25
2019-04-03,BBDC3,30.9
2019-04-03,BBDC4,35.19
2019-04-03,BBSE3,27.79
2019-04-03,BEEF3,7.1
2019-04-03,BIDI4,56.2
2019-04-03,BPAC11,36.68
2019-04-03,BPAN4,3.28
2019-04-03,BRAP4,32.25
2019-04-03,BRDT3,23.9
2019-04-03,BRFS3,23.0
2019-04-03,BRKM5,48.7
2019-04-03,BRML3,12.26
2019-04-03,BTOW3,40.85
2019-04-03,CCRO3,11.68
2019-04-03,CIEL3,8.84
2019-04-03,CMIG4,13.69
2019-04-03,CPFE3,29.2
2019-04-03,CPLE3,31.66
2019-04-03,CPLE6,35.71
2019-04-03,CRFB3,20.15
2019-04-03,CSAN3,44.11
2019-04-03,CSMG3,61.92
2019-04-03,CSNA3,17.13
2019-04-03,CVCB3,52.8
2019-04-03,CYRE3,15.73
2019-04-03,DIRR3,8.74
2019-04-03,ECOR3,9.0
2019-04-03,EGIE3,43.34
2019-04-03,ELET3,35.46
2019-04-03,ELET6,36.9
2019-04-03,EMBR3,18.46
2019-04-03,ENBR3,17.18
2019-04-03,ENEV3,18.7
2019-04-03,ENGI11,40.36
2019-04-03,EQTL3,79.52
2019-04-03,ESTC3,27.13
2019-04-03,EZTC3,26.8
2019-04-03,FLRY3,21.39
2019-04-03,GGBR4,16.0
2019-04-03,GNDI3,33.9
2019-04-03,GOAU4,7.48
2019-04-03,GOLL4,25.4
2019-04-03,HAPV3,30.16
2019-04-03,HGTX3,29.83
2019-04-03,HYPE3,26.04
2019-04-03,IGTA3,38.7
2019-04-03,IRBR3,93.5
2019-04-03,ITSA4,11.75
2019-04-03,ITUB4,33.32
2019-04-03,JBSS3,15.6
2019-04-03,JHSF3,2.63
2019-04-03,KLBN11,17.4
2019-04-03,KROT3,10.24
2019-04-03,LAME4,16.51
2019-04-03,LCAM3,39.25
2019-04-03,LOGG3,17.41
2019-04-03,LREN3,43.2
2019-04-03,MGLU3,169.07
2019-04-03,MRFG3,5.9
2019-04-03,MRVE3,13.74
2019-04-03,MULT3,23.33
2019-04-03,NATU3,45.28
2019-04-03,PCAR4,91.62
2019-04-03,PETR3,30.35
2019-04-03,PETR4,27.54
2019-04-03,POMO4,3.81
2019-04-03,PRIO3,19.0
2019-04-03,PSSA3,54.17
2019-04-03,QUAL3,15.46
2019-04-03,RADL3,65.5
2019-04-03,RAIL3,18.84
2019-04-03,RENT3,31.94
2019-04-03,SANB11,43.5
2019-04-03,SBSP3,40.81
2019-04-03,SLCE3,40.75
2019-04-03,SMLS3,47.4
2019-04-03,SMTO3,18.7
2019-04-03,STBP3,3.9
2019-04-03,SULA11,30.45
2019-04-03,SUZB3,46.9
2019-04-03,TAEE11,24.92
2019-04-03,TEND3,16.35
2019-04-03,TIMP3,11.77
2019-04-03,TOTS3,40.21
2019-04-03,TRPL4,77.12
2019-04-03,UGPA3,45.8
2019-04-03,USIM5,9.69
2019-04-03,VALE3,51.78
2019-04-03,VIVT3,43.28
2019-04-03,VIVT4,47.51
2019-04-03,VVAR3,4.38
2019-04-03,WEGE3,18.47
2019-04-04,ABEV3,17.32
2019-04-04,ALPA4,15.29
2019-04-04,ARZZ3,49.3
2019-04-04,AZUL4,38.79
2019-04-04,B3SA3,32.74
2019-04-04,BBAS3,48.83
2019-04-04,BBDC3,31.4
2019-04-04,BBDC4,36.1
2019-04-04,BBSE3,28.0
2019-04-04,BEEF3,7.16
2019-04-04,BIDI4,55.99
2019-04-04,BPAC11,38.5
2019-04-04,BPAN4,3.27
2019-04-04,BRAP4,32.81
2019-04-04,BRDT3,24.8
2019-04-04,BRFS3,23.56
2019-04-04,BRKM5,48.85
2019-04-04,BRML3,12.5
2019-04-04,BTOW3,41.08
2019-04-04,CCRO3,12.32
2019-04-04,CIEL3,9.35
2019-04-04,CMIG4,13.98
2019-04-04,CPFE3,28.99
2019-04-04,CPLE3,32.0
2019-04-04,CPLE6,36.4
2019-04-04,CRFB3,20.24
2019-04-04,CSAN3,43.94
2019-04-04,CSMG3,62.5
2019-04-04,CSNA3,16.98
2019-04-04,CVCB3,52.6
2019-04-04,CYRE3,16.17
2019-04-04,DIRR3,8.7
2019-04-04,ECOR3,9.34
2019-04-04,EGIE3,43.84
2019-04-04,ELET3,36.16
2019-04-04,ELET6,37.84
2019-04-04,EMBR3,18.8
2019-04-04,ENBR3,17.55
2019-04-04,ENEV3,18.5
2019-04-04,ENGI11,40.43
2019-04-04,EQTL3,81.1
2019-04-04,ESTC3,28.22
2019-04-04,EZTC3,26.8
2019-04-04,FLRY3,22.6
2019-04-04,GGBR4,16.2
2019-04-04,GNDI3,34.05
2019-04-04,GOAU4,7.65
2019-04-04,GOLL4,25.7
2019-04-04,HAPV3,29.3
2019-04-04,HGTX3,29.63
2019-04-04,HYPE3,26.17
2019-04-04,IGTA3,39.08
2019-04-04,IRBR3,92.03
2019-04-04,ITSA4,11.8
2019-04-04,ITUB4,33.82
2019-04-04,JBSS3,15.78
2019-04-04,JHSF3,2.51
2019-04-04,KLBN11,16.81
2019-04-04,KROT3,10.86
2019-04-04,LAME4,16.71
2019-04-04,LCAM3,39.0
2019-04-04,LOGG3,17.95
2019-04-04,LREN3,44.0
2019-04-04,MGLU3,169.0
2019-04-04,MRFG3,6.23
2019-04-04,MRVE3,13.95
2019-04-04,MULT3,23.66
2019-04-04,NATU3,45.88
2019-04-04,PCAR4,93.35
2019-04-04,PETR3,31.35
2019-04-04,PETR4,28.47
2019-04-04,POMO4,3.85
2019-04-04,PRIO3,18.94
2019-04-04,PSSA3,53.53
2019-04-04,QUAL3,15.7
2019-04-04,RADL3,67.35
2019-04-04,RAIL3,18.89
2019-04-04,RENT3,31.9
2019-04-04,SANB11,44.88
2019-04-04,SBSP3,41.28
2019-04-04,SLCE3,41.0
2019-04-04,SMLS3,48.54
2019-04-04,SMTO3,18.84
2019-04-04,STBP3,3.87
2019-04-04,SULA11,30.09
2019-04-04,SUZB3,45.44
2019-04-04,TAEE11,25.01
2019-04-04,TEND3,17.0
2019-04-04,TIMP3,12.3
2019-04-04,TOTS3,42.23
2019-04-04,TRPL4,79.2
2019-04-04,UGPA3,47.2
2019-04-04,USIM5,9.68
2019-04-04,VALE3,52.16
2019-04-04,VIVT3,43.9
2019-04-04,VIVT4,48.87
2019-04-04,VVAR3,4.38
2019-04-04,WEGE3,18.81
2019-04-05,ABEV3,17.44
2019-04-05,ALPA4,15.98
2019-04-05,ARZZ3,49.48
2019-04-05,AZUL4,37.45
2019-04-05,B3SA3,32.9
2019-04-05,BBAS3,49.11
2019-04-05,BBDC3,31.57
2019-04-05,BBDC4,36.4
2019-04-05,BBSE3,28.31
2019-04-05,BEEF3,7.48
2019-04-05,BIDI4,57.95
2019-04-05,BPAC11,37.95
2019-04-05,BPAN4,3.25
2019-04-05,BRAP4,32.31
2019-04-05,BRDT3,24.51
2019-04-05,BRFS3,23.82
2019-04-05,BRKM5,48.73
2019-04-05,BRML3,12.53
2019-04-05,BTOW3,41.2
2019-04-05,CCRO3,12.32
2019-04-05,CIEL3,9.3
2019-04-05,CMIG4,14.05
2019-04-05,CPFE3,29.44
2019-04-05,CPLE3,32.86
2019-04-05,CPLE6,37.35
2019-04-05,CRFB3,20.0
2019-04-05,CSAN3,46.0
2019-04-05,CSMG3,62.0
2019-04-05,CSNA3,16.81
2019-04-05,CVCB3,53.12
2019-04-05,CYRE3,16.38
2019-04-05,DIRR3,8.87
2019-04-05,ECOR3,9.27
2019-04-05,EGIE3,44.01
2019-04-05,ELET3,35.75
2019-04-05,ELET6,37.51
2019-04-05,EMBR3,19.38
2019-04-05,ENBR3,17.69
2019-04-05,ENEV3,19.39
2019-04-05,ENGI11,40.6
2019-04-05,EQTL3,82.8
2019-04-05,ESTC3,28.57
2019-04-05,EZTC3,27.23
2019-04-05,FLRY3,22.64
2019-04-05,GGBR4,15.77
2019-04-05,GNDI3,34.0
2019-04-05,GOAU4,7.51
2019-04-05,GOLL4,25.38
2019-04-05,HAPV3,28.75
2019-04-05,HGTX3,29.44
2019-04-05,HYPE3,26.5
2019-04-05,IGTA3,39.0
2019-04-05,IRBR3,95.08
2019-04-05,ITSA4,12.07
2019-04-05,ITUB4,34.55
2019-04-05,JBSS3,16.6
2019-04-05,JHSF3,2.45
2019-04-05,KLBN11,17.2
2019-04-05,KROT3,10.65
2019-04-05,LAME4,16.7
2019-04-05,LCAM3,39.0
2019-04-05,LOGG3,18.17
2019-04-05,LREN3,44.0
2019-04-05,MGLU3,169.99
2019-04-05,MRFG3,6.66
2019-04-05,MRVE3,14.27
2019-04-05,MULT3,23.83
2019-04-05,NATU3,46.11
2019-04-05,PCAR4,93.0
2019-04-05,PETR3,32.05
2019-04-05,PETR4,28.78
2019-04-05,POMO4,3.82
2019-04-05,PRIO3,18.89
2019-04-05,PSSA3,55.0
2019-04-05,QUAL3,15.97
2019-04-05,RADL3,68.85
2019-04-05,RAIL3,18.5
2019-04-05,RENT3,31.88
2019-04-05,SANB11,45.96
2019-04-05,SBSP3,40.42
2019-04-05,SLCE3,41.41
2019-04-05,SMLS3,48.86
2019-04-05,SMTO3,18.75
2019-04-05,STBP3,3.85
2019-04-05,SULA11,31.21
2019-04-05,SUZB3,45.2
2019-04-05,TAEE11,25.56
2019-04-05,TEND3,17.1
2019-04-05,TIMP3,12.45
2019-04-05,TOTS3,41.6
2019-04-05,TRPL4,20.3
2019-04-05,UGPA3,47.0
2019-04-05,USIM5,9.64
2019-04-05,VALE3,51.98
2019-04-05,VIVT3,44.5
2019-04-05,VIVT4,49.63
2019-04-05,VVAR3,4.53
2019-04-05,WEGE3,19.07
2019-04-08,ABEV3,17.35
2019-04-08,ALPA4,15.36
2019-04-08,ARZZ3,49.16
2019-04-08,AZUL4,36.05
2019-04-08,B3SA3,33.0
2019-04-08,BBAS3,49.19
2019-04-08,BBDC3,31.68
2019-04-08,BBDC4,36.45
2019-04-08,BBSE3,28.25
2019-04-08,BEEF3,7.47
2019-04-08,BIDI4,57.3
2019-04-08,BPAC11,37.99
2019-04-08,BPAN4,3.24
2019-04-08,BRAP4,33.24
2019-04-08,BRDT3,23.9
2019-04-08,BRFS3,24.08
2019-04-08,BRKM5,48.54
2019-04-08,BRML3,12.23
2019-04-08,BTOW3,39.15
2019-04-08,CCRO3,12.59
2019-04-08,CIEL3,9.21
2019-04-08,CMIG4,14.35
2019-04-08,CPFE3,29.32
2019-04-08,CPLE3,33.08
2019-04-08,CPLE6,38.25
2019-04-08,CRFB3,20.15
2019-04-08,CSAN3,46.28
2019-04-08,CSMG3,63.67
2019-04-08,CSNA3,17.15
2019-04-08,CVCB3,51.7
2019-04-08,CYRE3,16.2
2019-04-08,DIRR3,8.75
2019-04-08,ECOR3,9.38
2019-04-08,EGIE3,44.3
2019-04-08,ELET3,34.65
2019-04-08,ELET6,36.21
2019-04-08,EMBR3,19.35
2019-04-08,ENBR3,17.85
2019-04-08,ENEV3,19.3
2019-04-08,ENGI11,40.53
2019-04-08,EQTL3,82.47
2019-04-08,ESTC3,28.6
2019-04-08,EZTC3,26.89
2019-04-08,FLRY3,22.75
2019-04-08,GGBR4,15.85
2019-04-08,GNDI3,32.9
2019-04-08,GOAU4,7.56
2019-04-08,GOLL4,24.2
2019-04-08,HAPV3,28.0
2019-04-08,HGTX3,29.23
2019-04-08,HYPE3,26.0
2019-04-08,IGTA3,38.04
2019-04-08,IRBR3,96.57
2019-04-08,ITSA4,12.06
2019-04-08,ITUB4,34.34
2019-04-08,JBSS3,17.25
2019-04-08,JHSF3,2.47
2019-04-08,KLBN11,17.3
2019-04-08,KROT3,10.56
2019-04-08,LAME4,16.09
2019-04-08,LCAM3,37.85
2019-04-08,LOGG3,18.28
2019-04-08,LREN3,42.81
2019-04-08,MGLU3,166.74
2019-04-08,MRFG3,6.8
2019-04-08,MRVE3,14.0
2019-04-08,MULT3,23.32
2019-04-08,NATU3,45.43
2019-04-08,PCAR4,92.82
2019-04-08,PETR3,32.74
2019-04-08,PETR4,29.25
2019-04-08,POMO4,3.82
2019-04-08,PRIO3,18.75
2019-04-08,PSSA3,55.79
2019-04-08,QUAL3,15.97
2019-04-08,RADL3,67.99
2019-04-08,RAIL3,18.17
2019-04-08,RENT3,31.36
2019-04-08,SANB11,45.49
2019-04-08,SBSP3,40.64
2019-04-08,SLCE3,43.0
2019-04-08,SMLS3,48.2
2019-04-08,SMTO3,19.08
2019-04-08,STBP3,3.78
2019-04-08,SULA11,31.89
2019-04-08,SUZB3,45.39
2019-04-08,TAEE11,25.9
2019-04-08,TEND3,16.7
2019-04-08,TIMP3,12.48
2019-04-08,TOTS3,41.86
2019-04-08,TRPL4,20.6
2019-04-08,UGPA3,45.6
2019-04-08,USIM5,9.49
2019-04-08,VALE3,53.39
2019-04-08,VIVT3,45.14
2019-04-08,VIVT4,50.02
2019-04-08,VVAR3,4.37
2019-04-08,WEGE3,18.75
2019-04-09,ABEV3,17.69
2019-04-09,ALPA4,15.03
2019-04-09,ARZZ3,49.03
2019-04-09,AZUL4,35.75
2019-04-09,B3SA3,32.02
2019-04-09,BBAS3,48.45
2019-04-09,BBDC3,31.49
2019-04-09,BBDC4,36.31
2019-04-09,BBSE3,27.7
2019-04-09,BEEF3,7.45
2019-04-09,BIDI4,57.2
2019-04-09,BPAC11,37.45
2019-04-09,BPAN4,3.18
2019-04-09,BRAP4,32.69
2019-04-09,BRDT3,23.63
2019-04-09,BRFS3,24.47
2019-04-09,BRKM5,47.71
2019-04-09,BRML3,12.11
2019-04-09,BTOW3,38.0
2019-04-09,CCRO3,12.57
2019-04-09,CIEL3,9.36
2019-04-09,CMIG4,14.07
2019-04-09,CPFE3,29.0
2019-04-09,CPLE3,32.74
2019-04-09,CPLE6,37.99
2019-04-09,CRFB3,19.9
2019-04-09,CSAN3,45.0
2019-04-09,CSMG3,62.97
2019-04-09,CSNA3,16.72
2019-04-09,CVCB3,50.6
2019-04-09,CYRE3,16.14
2019-04-09,DIRR3,8.82
2019-04-09,ECOR3,9.45
2019-04-09,EGIE3,42.88
2019-04-09,ELET3,33.27
2019-04-09,ELET6,35.0
2019-04-09,EMBR3,18.87
2019-04-09,ENBR3,17.6
2019-04-09,ENEV3,19.6
2019-04-09,ENGI11,40.0
2019-04-09,EQTL3,80.6
2019-04-09,ESTC3,27.88
2019-04-09,EZTC3,26.37
2019-04-09,FLRY3,23.0
2019-04-09,GGBR4,15.6
2019-04-09,GNDI3,32.55
2019-04-09,GOAU4,7.4
2019-04-09,GOLL4,23.7
2019-04-09,HAPV3,28.1
2019-04-09,HGTX3,28.71
2019-04-09,HYPE3,25.7
2019-04-09,IGTA3,37.21
2019-04-09,IRBR3,95.2
2019-04-09,ITSA4,11.88
2019-04-09,ITUB4,34.15
2019-04-09,JBSS3,16.9
2019-04-09,JHSF3,2.49
2019-04-09,KLBN11,16.9
2019-04-09,KROT3,10.29
2019-04-09,LAME4,15.69
2019-04-09,LCAM3,36.9
2019-04-09,LOGG3,18.19
2019-04-09,LREN3,42.54
2019-04-09,MGLU3,166.31
2019-04-09,MRFG3,6.77
2019-04-09,MRVE3,13.8
2019-04-09,MULT3,22.87
2019-04-09,NATU3,44.6
2019-04-09,PCAR4,91.55
2019-04-09,PETR3,32.45
2019-04-09,PETR4,29.16
2019-04-09,POMO4,3.72
2019-04-09,PRIO3,18.01
2019-04-09,PSSA3,54.44
2019-04-09,QUAL3,16.05
2019-04-09,RADL3,67.3
2019-04-09,RAIL3,18.03
2019-04-09,RENT3,30.6
2019-04-09,SANB11,44.77
2019-04-09,SBSP3,39.97
2019-04-09,SLCE3,42.59
2019-04-09,SMLS3,47.5
2019-04-09,SMTO3,19.39
2019-04-09,STBP3,3.7
2019-04-09,SULA11,31.77
2019-04-09,SUZB3,44.7
2019-04-09,TAEE11,25.64
2019-04-09,TEND3,16.45
2019-04-09,TIMP3,12.36
2019-04-09,TOTS3,41.72
2019-04-09,TRPL4,20.14
2019-04-09,UGPA3,45.23
2019-04-09,USIM5,9.4
2019-04-09,VALE3,52.35
2019-04-09,VIVT3,43.1
2019-04-09,VIVT4,48.6
2019-04-09,VVAR3,4.34
2019-04-09,WEGE3,18.51
2019-04-10,ABEV3,17.55
2019-04-10,ALPA4,15.11
2019-04-10,ARZZ3,49.0
2019-04-10,AZUL4,36.05
2019-04-10,B3SA3,32.14
2019-04-10,BBAS3,48.81
2019-04-10,BBDC3,31.2
2019-04-10,BBDC4,35.79
2019-04-10,BBSE3,27.58
2019-04-10,BEEF3,7.5
2019-04-10,BIDI4,56.15
2019-04-10,BPAC11,38.0
2019-04-10,BPAN4,3.22
2019-04-10,BRAP4,32.39
2019-04-10,BRDT3,23.4
2019-04-10,BRFS3,24.98
2019-04-10,BRKM5,47.62
2019-04-10,BRML3,12.34
2019-04-10,BTOW3,36.65
2019-04-10,CCRO3,12.45
2019-04-10,CIEL3,9.72
2019-04-10,CMIG4,14.67
2019-04-10,CPFE3,29.0
2019-04-10,CPLE3,32.5
2019-04-10,CPLE6,37.4
2019-04-10,CRFB3,20.03
2019-04-10,CSAN3,46.3
2019-04-10,CSMG3,63.97
2019-04-10,CSNA3,16.11
2019-04-10,CVCB3,51.8
2019-04-10,CYRE3,16.45
2019-04-10,DIRR3,8.7
2019-04-10,ECOR3,9.75
2019-04-10,EGIE3,42.76
2019-04-10,ELET3,33.94
2019-04-10,ELET6,36.15
2019-04-10,EMBR3,18.79
2019-04-10,ENBR3,17.1
2019-04-10,ENEV3,19.6
2019-04-10,ENGI11,40.0
2019-04-10,EQTL3,80.0
2019-04-10,ESTC3,26.98
2019-04-10,EZTC3,26.37
2019-04-10,FLRY3,22.54
2019-04-10,GGBR4,15.53
2019-04-10,GNDI3,32.62
2019-04-10,GOAU4,7.28
2019-04-10,GOLL4,24.24
2019-04-10,HAPV3,28.3
2019-04-10,HGTX3,28.73
2019-04-10,HYPE3,25.29
2019-04-10,IGTA3,37.95
2019-04-10,IRBR3,93.42
2019-04-10,ITSA4,11.82
2019-04-10,ITUB4,34.09
2019-04-10,JBSS3,17.11
2019-04-10,JHSF3,2.59
2019-04-10,KLBN11,16.45
2019-04-10,KROT3,10.37
2019-04-10,LAME4,15.4
2019-04-10,LCAM3,37.07
2019-04-10,LOGG3,17.9
2019-04-10,LREN3,42.69
2019-04-10,MGLU3,168.7
2019-04-10,MRFG3,6.8
2019-04-10,MRVE3,14.1
2019-04-10,MULT3,23.0
2019-04-10,NATU3,46.46
2019-04-10,PCAR4,91.85
2019-04-10,PETR3,32.27
2019-04-10,PETR4,28.78
2019-04-10,POMO4,3.7
2019-04-10,PRIO3,18.92
2019-04-10,PSSA3,53.14
2019-04-10,QUAL3,16.1
2019-04-10,RADL3,66.55
2019-04-10,RAIL3,18.16
2019-04-10,RENT3,31.58
2019-04-10,SANB11,45.16
2019-04-10,SBSP3,40.0
2019-04-10,SLCE3,42.54
2019-04-10,SMLS3,47.7
2019-04-10,SMTO3,19.54
2019-04-10,STBP3,3.65
2019-04-10,SULA11,31.37
2019-04-10,SUZB3,43.13
2019-04-10,TAEE11,25.7
2019-04-10,TEND3,17.0
2019-04-10,TIMP3,12.41
2019-04-10,TOTS3,41.88
2019-04-10,TRPL4,20.31
2019-04-10,UGPA3,45.52
2019-04-10,USIM5,9.42
2019-04-10,VALE3,51.76
2019-04-10,VIVT3,42.99
2019-04-10,VIVT4,48.28
2019-04-10,VVAR3,4.31
2019-04-10,WEGE3,18.33
2019-04-11,ABEV3,17.25
2019-04-11,ALPA4,15.25
2019-04-11,ARZZ3,48.7
2019-04-11,AZUL4,34.78
2019-04-11,B3SA3,31.42
2019-04-11,BBAS3,48.26
2019-04-11,BBDC3,30.87
2019-04-11,BBDC4,35.22
2019-04-11,BBSE3,27.31
2019-04-11,BEEF3,7.48
2019-04-11,BIDI4,55.0
2019-04-11,BPAC11,37.3
2019-04-11,BPAN4,3.2
2019-04-11,BRAP4,32.41
2019-04-11,BRDT3,22.94
2019-04-11,BRFS3,25.2
2019-04-11,BRKM5,49.26
2019-04-11,BRML3,11.9
2019-04-11,BTOW3,38.6
2019-04-11,CCRO3,12.75
2019-04-11,CIEL3,9.38
2019-04-11,CMIG4,14.46
2019-04-11,CPFE3,28.44
2019-04-11,CPLE3,31.89
2019-04-11,CPLE6,36.8
2019-04-11,CRFB3,19.85
2019-04-11,CSAN3,45.0
2019-04-11,CSMG3,63.21
2019-04-11,CSNA3,15.6
2019-04-11,CVCB3,52.05
2019-04-11,CYRE3,15.92
2019-04-11,DIRR3,8.55
2019-04-11,ECOR3,9.74
2019-04-11,EGIE3,42.0
2019-04-11,ELET3,33.04
2019-04-11,ELET6,35.8
2019-04-11,EMBR3,18.6
2019-04-11,ENBR3,16.76
2019-04-11,ENEV3,19.32
2019-04-11,ENGI11,39.49
2019-04-11,EQTL3,79.5
2019-04-11,ESTC3,26.95
2019-04-11,EZTC3,25.99
2019-04-11,FLRY3,22.3
2019-04-11,GGBR4,15.19
2019-04-11,GNDI3,33.86
2019-04-11,GOAU4,7.15
2019-04-11,GOLL4,23.4
2019-04-11,HAPV3,28.62
2019-04-11,HGTX3,28.5
2019-04-11,HYPE3,25.24
2019-04-11,IGTA3,37.28
2019-04-11,IRBR3,94.5
2019-04-11,ITSA4,11.67
2019-04-11,ITUB4,33.3
2019-04-11,JBSS3,16.89
2019-04-11,JHSF3,2.57
2019-04-11,KLBN11,16.54
2019-04-11,KROT3,10.48
2019-04-11,LAME4,15.55
2019-04-11,LCAM3,37.74
2019-04-11,LOGG3,18.02
2019-04-11,LREN3,41.9
2019-04-11,MGLU3,166.0
2019-04-11,MRFG3,6.72
2019-04-11,MRVE3,13.59
2019-04-11,MULT3,22.4
2019-04-11,NATU3,45.51
2019-04-11,PCAR4,91.46
2019-04-11,PETR3,31.85
2019-04-11,PETR4,28.0
2019-04-11,POMO4,3.68
2019-04-11,PRIO3,18.13
2019-04-11,PSSA3,53.62
2019-04-11,QUAL3,15.9
2019-04-11,RADL3,66.0
2019-04-11,RAIL3,18.05
2019-04-11,RENT3,31.8
2019-04-11,SANB11,44.6
2019-04-11,SBSP3,40.0
2019-04-11,SLCE3,42.95
2019-04-11,SMLS3,47.0
2019-04-11,SMTO3,19.65
2019-04-11,STBP3,3.64
2019-04-11,SULA11,31.81
2019-04-11,SUZB3,42.89
2019-04-11,TAEE11,25.3
2019-04-11,TEND3,16.56
2019-04-11,TIMP3,12.37
2019-04-11,TOTS3,42.15
2019-04-11,TRPL4,20.0
2019-04-11,UGPA3,44.53
2019-04-11,USIM5,9.26
2019-04-11,VALE3,51.79
2019-04-11,VIVT3,42.98
2019-04-11,VIVT4,48.55
2019-04-11,VVAR3,4.29
2019-04-11,WEGE3,18.23
2019-04-12,ABEV3,17.06
2019-04-12,ALPA4,15.2
2019-04-12,ARZZ3,48.5
2019-04-12,AZUL4,33.75
2019-04-12,B3SA3,30.68
2019-04-12,BBAS3,46.73
2019-04-12,BBDC3,30.5
2019-04-12,BBDC4,34.9
2019-04-12,BBSE3,27.4
2019-04-12,BEEF3,7.16
2019-04-12,BIDI4,55.2
2019-04-12,BPAC11,37.39
2019-04-12,BPAN4,3.11
2019-04-12,BRAP4,32.2
2019-04-12,BRDT3,22.0
2019-04-12,BRFS3,25.63
2019-04-12,BRKM5,49.08
2019-04-12,BRML3,11.41
2019-04-12,BTOW3,37.6
2019-04-12,CCRO3,12.38
2019-04-12,CIEL3,9.25
2019-04-12,CMIG4,14.01
2019-04-12,CPFE3,28.84
2019-04-12,CPLE3,30.99
2019-04-12,CPLE6,36.01
2019-04-12,CRFB3,19.59
2019-04-12,CSAN3,44.04
2019-04-12,CSMG3,61.64
2019-04-12,CSNA3,16.15
2019-04-12,CVCB3,51.0
2019-04-12,CYRE3,15.76
2019-04-12,DIRR3,8.31
2019-04-12,ECOR3,9.19
2019-04-12,EGIE3,42.01
2019-04-12,ELET3,31.31
2019-04-12,ELET6,34.02
2019-04-12,EMBR3,18.57
2019-04-12,ENBR3,16.81
2019-04-12,ENEV3,19.22
2019-04-12,ENGI11,38.9
2019-04-12,EQTL3,78.71
2019-04-12,ESTC3,26.61
2019-04-12,EZTC3,24.77
2019-04-12,FLRY3,21.9
2019-04-12,GGBR4,15.01
2019-04-12,GNDI3,33.28
2019-04-12,GOAU4,7.12
2019-04-12,GOLL4,23.25
2019-04-12,HAPV3,28.07
2019-04-12,HGTX3,28.45
2019-04-12,HYPE3,25.16
2019-04-12,IGTA3,36.21
2019-04-12,IRBR3,95.5
2019-04-12,ITSA4,11.55
2019-04-12,ITUB4,32.95
2019-04-12,JBSS3,17.64
2019-04-12,JHSF3,2.49
2019-04-12,KLBN11,16.33
2019-04-12,KROT3,10.32
2019-04-12,LAME4,15.25
2019-04-12,LCAM3,36.6
2019-04-12,LOGG3,17.35
2019-04-12,LREN3,41.56
2019-04-12,MGLU3,164.83
2019-04-12,MRFG3,6.51
2019-04-12,MRVE3,13.4
2019-04-12,MULT3,21.8
2019-04-12,NATU3,46.1
2019-04-12,PCAR4,91.09
2019-04-12,PETR3,29.13
2019-04-12,PETR4,25.83
2019-04-12,POMO4,3.64
2019-04-12,PRIO3,18.2
2019-04-12,PSSA3,53.62
2019-04-12,QUAL3,15.64
2019-04-12,RADL3,66.0
2019-04-12,RAIL3,18.19
2019-04-12,RENT3,31.75
2019-04-12,SANB11,44.69
2019-04-12,SBSP3,38.85
2019-04-12,SLCE3,42.66
2019-04-12,SMLS3,48.0
2019-04-12,SMTO3,19.06
2019-04-12,STBP3,3.53
2019-04-12,SULA11,32.06
2019-04-12,SUZB3,42.49
2019-04-12,TAEE11,24.87
2019-04-12,TEND3,16.6
2019-04-12,TIMP3,12.08
2019-04-12,TOTS3,42.3
2019-04-12,TRPL4,19.87
2019-04-12,UGPA3,44.0
2019-04-12,USIM5,9.18
2019-04-12,VALE3,51.48
2019-04-12,VIVT3,41.58
2019-04-12,VIVT4,46.53
2019-04-12,VVAR3,4.16
2019-04-12,WEGE3,18.24
2019-04-15,ABEV3,17.42
2019-04-15,ALPA4,15.35
2019-04-15,ARZZ3,48.4
2019-04-15,AZUL4,32.7
2019-04-15,B3SA3,31.15
2019-04-15,BBAS3,46.86
2019-04-15,BBDC3,30.26
2019-04-15,BBDC4,34.82
2019-04-15,BBSE3,27.28
2019-04-15,BEEF3,7.11
2019-04-15,BIDI4,54.4
2019-04-15,BPAC11,37.69
2019-04-15,BPAN4,3.23
2019-04-15,BRAP4,32.15
2019-04-15,BRDT3,22.9
2019-04-15,BRFS3,26.05
2019-04-15,BRKM5,48.74
2019-04-15,BRML3,11.67
2019-04-15,BTOW3,36.93
2019-04-15,CCRO3,12.05
2019-04-15,CIEL3,9.02
2019-04-15,CMIG4,14.08
2019-04-15,CPFE3,28.95
2019-04-15,CPLE3,30.5
2019-04-15,CPLE6,36.14
2019-04-15,CRFB3,19.82
2019-04-15,CSAN3,44.97
2019-04-15,CSMG3,62.03
2019-04-15,CSNA3,16.22
2019-04-15,CVCB3,50.9
2019-04-15,CYRE3,15.79
2019-04-15,DIRR3,8.23
2019-04-15,ECOR3,8.8
2019-04-15,EGIE3,42.32
2019-04-15,ELET3,31.8
2019-04-15,ELET6,34.05
2019-04-15,EMBR3,18.21
2019-04-15,ENBR3,17.3
2019-04-15,ENEV3,19.39
2019-04-15,ENGI11,39.4
2019-04-15,EQTL3,79.85
2019-04-15,ESTC3,27.16
2019-04-15,EZTC3,25.61
2019-04-15,FLRY3,21.94
2019-04-15,GGBR4,14.78
2019-04-15,GNDI3,32.94
2019-04-15,GOAU4,7.1
2019-04-15,GOLL4,22.7
2019-04-15,HAPV3,28.49
2019-04-15,HGTX3,28.88
2019-04-15,HYPE3,25.0
2019-04-15,IGTA3,36.7
2019-04-15,IRBR3,95.28
2019-04-15,ITSA4,11.53
2019-04-15,ITUB4,32.93
2019-04-15,JBSS3,17.93
2019-04-15,JHSF3,2.39
2019-04-15,KLBN11,15.92
2019-04-15,KROT3,10.15
2019-04-15,LAME4,15.3
2019-04-15,LCAM3,36.5
2019-04-15,LOGG3,17.35
2019-04-15,LREN3,41.3
2019-04-15,MGLU3,163.5
2019-04-15,MRFG3,6.74
2019-04-15,MRVE3,13.66
2019-04-15,MULT3,22.05
2019-04-15,NATU3,46.0
2019-04-15,PCAR4,91.8
2019-04-15,PETR3,29.11
2019-04-15,PETR4,25.93
2019-04-15,POMO4,3.64
2019-04-15,PRIO3,18.05
2019-04-15,PSSA3,54.28
2019-04-15,QUAL3,15.7
2019-04-15,RADL3,65.88
2019-04-15,RAIL3,18.21
2019-04-15,RENT3,32.5
2019-04-15,SANB11,44.61
2019-04-15,SBSP3,39.62
2019-04-15,SLCE3,40.77
2019-04-15,SMLS3,49.1
2019-04-15,SMTO3,18.99
2019-04-15,STBP3,3.65
2019-04-15,SULA11,32.04
2019-04-15,SUZB3,42.45
2019-04-15,TAEE11,25.52
2019-04-15,TEND3,16.95
2019-04-15,TIMP3,11.96
2019-04-15,TOTS3,42.26
2019-04-15,TRPL4,20.3
2019-04-15,UGPA3,44.62
2019-04-15,USIM5,9.07
2019-04-15,VALE3,51.33
2019-04-15,VIVT3,41.01
2019-04-15,VIVT4,46.35
2019-04-15,VVAR3,4.15
2019-04-15,WEGE3,18.4
2019-04-16,ABEV3,17.53
2019-04-16,ALPA4,15.25
2019-04-16,ARZZ3,47.11
2019-04-16,AZUL4,33.18
2019-04-16,B3SA3,31.45
2019-04-16,BBAS3,47.83
2019-04-16,BBDC3,30.24
2019-04-16,BBDC4,34.76
2019-04-16,BBSE3,27.62
2019-04-16,BEEF3,7.31
2019-04-16,BIDI4,54.23
2019-04-16,BPAC11,37.7
2019-04-16,BPAN4,3.19
2019-04-16,BRAP4,33.17
2019-04-16,BRDT3,22.74
2019-04-16,BRFS3,27.68
2019-04-16,BRKM5,48.66
2019-04-16,BRML3,12.06
2019-04-16,BTOW3,35.58
2019-04-16,CCRO3,11.9
2019-04-16,CIEL3,9.03
2019-04-16,CMIG4,14.05
2019-04-16,CPFE3,28.51
2019-04-16,CPLE3,31.1
2019-04-16,CPLE6,36.6
2019-04-16,CRFB3,20.0
2019-04-16,CSAN3,45.95
2019-04-16,CSMG3,63.41
2019-04-16,CSNA3,15.62
2019-04-16,CVCB3,49.92
2019-04-16,CYRE3,15.65
2019-04-16,DIRR3,8.23
2019-04-16,ECOR3,8.65
2019-04-16,EGIE3,42.83
2019-04-16,ELET3,31.92
2019-04-16,ELET6,34.28
2019-04-16,EMBR3,18.7
2019-04-16,ENBR3,17.02
2019-04-16,ENEV3,19.4
2019-04-16,ENGI11,39.64
2019-04-16,EQTL3,79.35
2019-04-16,ESTC3,27.0
2019-04-16,EZTC3,25.55
2019-04-16,FLRY3,21.78
2019-04-16,GGBR4,15.08
2019-04-16,GNDI3,32.95
2019-04-16,GOAU4,7.19
2019-04-16,GOLL4,22.73
2019-04-16,HAPV3,28.36
2019-04-16,HGTX3,28.63
2019-04-16,HYPE3,25.02
2019-04-16,IGTA3,36.7
2019-04-16,IRBR3,94.99
2019-04-16,ITSA4,11.63
2019-04-16,ITUB4,32.9
2019-04-16,JBSS3,19.45
2019-04-16,JHSF3,2.4
2019-04-16,KLBN11,15.99
2019-04-16,KROT3,9.95
2019-04-16,LAME4,15.18
2019-04-16,LCAM3,36.99
2019-04-16,LOGG3,17.14
2019-04-16,LREN3,41.28
2019-04-16,MGLU3,162.7
2019-04-16,MRFG3,7.24
2019-04-16,MRVE3,13.71
2019-04-16,MULT3,22.24
2019-04-16,NATU3,45.96
2019-04-16,PCAR4,92.86
2019-04-16,PETR3,30.15
2019-04-16,PETR4,26.72
2019-04-16,POMO4,3.69
2019-04-16,PRIO3,17.91
2019-04-16,PSSA3,56.0
2019-04-16,QUAL3,15.59
2019-04-16,RADL3,66.8
2019-04-16,RAIL3,18.15
2019-04-16,RENT3,32.68
2019-04-16,SANB11,45.36
2019-04-16,SBSP3,41.05
2019-04-16,SLCE3,40.42
2019-04-16,SMLS3,49.96
2019-04-16,SMTO3,19.2
2019-04-16,STBP3,3.6
2019-04-16,SULA11,32.25
2019-04-16,SUZB3,41.56
2019-04-16,TAEE11,25.69
2019-04-16,TEND3,16.96
2019-04-16,TIMP3,12.34
2019-04-16,TOTS3,42.12
2019-04-16,TRPL4,20.55
2019-04-16,UGPA3,45.34
2019-04-16,USIM5,8.95
2019-04-16,VALE3,53.1
2019-04-16,VIVT3,41.14
2019-04-16,VIVT4,47.0
2019-04-16,VVAR3,4.01
2019-04-16,WEGE3,18.75
2019-04-17,ABEV3,17.05
2019-04-17,ALPA4,15.15
2019-04-17,ARZZ3,46.2
2019-04-17,AZUL4,31.7
2019-04-17,B3SA3,31.1
2019-04-17,BBAS3,47.2
2019-04-17,BBDC3,30.08
2019-04-17,BBDC4,34.28
2019-04-17,BBSE3,27.84
2019-04-17,BEEF3,7.3
2019-04-17,BIDI4,56.3
2019-04-17,BPAC11,37.96
2019-04-17,BPAN4,3.19
2019-04-17,BRAP4,32.75
2019-04-17,BRDT3,22.25
2019-04-17,BRFS3,28.23
2019-04-17,BRKM5,48.87
2019-04-17,BRML3,12.11
2019-04-17,BTOW3,36.28
2019-04-17,CCRO3,11.57
2019-04-17,CIEL3,8.9
2019-04-17,CMIG4,13.78
2019-04-17,CPFE3,28.5
2019-04-17,CPLE3,31.15
2019-04-17,CPLE6,36.7
2019-04-17,CRFB3,19.9
2019-04-17,CSAN3,44.85
2019-04-17,CSMG3,63.26
2019-04-17,CSNA3,15.35
2019-04-17,CVCB3,49.4
2019-04-17,CYRE3,15.6
2019-04-17,DIRR3,8.15
2019-04-17,ECOR3,8.44
2019-04-17,EGIE3,42.31
2019-04-17,ELET3,31.41
2019-04-17,ELET6,33.57
2019-04-17,EMBR3,19.03
2019-04-17,ENBR3,17.01
2019-04-17,ENEV3,19.39
2019-04-17,ENGI11,39.0
2019-04-17,EQTL3,78.1
2019-04-17,ESTC3,27.09
2019-04-17,EZTC3,25.16
2019-04-17,FLRY3,21.47
2019-04-17,GGBR4,14.98
2019-04-17,GNDI3,32.5
2019-04-17,GOAU4,7.16
2019-04-17,GOLL4,21.92
2019-04-17,HAPV3,28.05
2019-04-17,HGTX3,27.91
2019-04-17,HYPE3,25.1
2019-04-17,IGTA3,36.92
2019-04-17,IRBR3,95.0
2019-04-17,ITSA4,11.47
2019-04-17,ITUB4,32.39
2019-04-17,JBSS3,19.1
2019-04-17,JHSF3,2.42
2019-04-17,KLBN11,16.54
2019-04-17,KROT3,9.79
2019-04-17,LAME4,14.96
2019-04-17,LCAM3,36.8
2019-04-17,LOGG3,17.38
2019-04-17,LREN3,40.89
2019-04-17,MGLU3,159.82
2019-04-17,MRFG3,7.11
2019-04-17,MRVE3,14.0
2019-04-17,MULT3,22.3
2019-04-17,NATU3,45.6
2019-04-17,PCAR4,91.5
2019-04-17,PETR3,30.18
2019-04-17,PETR4,26.75
2019-04-17,POMO4,3.61
2019-04-17,PRIO3,18.1
2019-04-17,PSSA3,56.41
2019-04-17,QUAL3,15.81
2019-04-17,RADL3,64.75
2019-04-17,RAIL3,17.61
2019-04-17,RENT3,32.48
2019-04-17,SANB11,43.97
2019-04-17,SBSP3,40.8
2019-04-17,SLCE3,39.85
2019-04-17,SMLS3,49.17
2019-04-17,SMTO3,18.85
2019-04-17,STBP3,3.67
2019-04-17,SULA11,31.4
2019-04-17,SUZB3,41.3
2019-04-17,TAEE11,25.63
2019-04-17,TEND3,17.0
2019-04-17,TIMP3,11.88
2019-04-17,TOTS3,42.38
2019-04-17,TRPL4,20.35
2019-04-17,UGPA3,44.47
2019-04-17,USIM5,8.81
2019-04-17,VALE3,52.25
2019-04-17,VIVT3,40.67
2019-04-17,VIVT4,46.5
2019-04-17,VVAR3,3.92
2019-04-17,WEGE3,18.51
2019-04-18,ABEV3,17.08
2019-04-18,ALPA4,15.35
2019-04-18,ARZZ3,47.4
2019-04-18,AZUL4,33.63
2019-04-18,B3SA3,31.95
2019-04-18,BBAS3,48.85
2019-04-18,BBDC3,30.45
2019-04-18,BBDC4,34.75
2019-04-18,BBSE3,27.3
2019-04-18,BEEF3,7.2
2019-04-18,BIDI4,59.99
2019-04-18,BPAC11,37.96
2019-04-18,BPAN4,3.21
2019-04-18,BRAP4,32.81
2019-04-18,BRDT3,22.54
2019-04-18,BRFS3,27.61
2019-04-18,BRKM5,48.32
2019-04-18,BRML3,12.23
2019-04-18,BTOW3,37.9
2019-04-18,CCRO3,11.98
2019-04-18,CIEL3,8.25
2019-04-18,CMIG4,14.09
2019-04-18,CPFE3,28.65
2019-04-18,CPLE3,32.5
2019-04-18,CPLE6,37.8
2019-04-18,CRFB3,20.2
2019-04-18,CSAN3,46.4
2019-04-18,CSMG3,62.5
2019-04-18,CSNA3,15.27
2019-04-18,CVCB3,52.32
2019-04-18,CYRE3,15.91
2019-04-18,DIRR3,8.25
2019-04-18,ECOR3,8.8
2019-04-18,EGIE3,42.37
2019-04-18,ELET3,32.35
2019-04-18,ELET6,34.47
2019-04-18,EMBR3,19.32
2019-04-18,ENBR3,17.03
2019-04-18,ENEV3,19.5
2019-04-18,ENGI11,39.73
2019-04-18,EQTL3,79.9
2019-04-18,ESTC3,27.95
2019-04-18,EZTC3,25.5
2019-04-18,FLRY3,21.66
2019-04-18,GGBR4,14.93
2019-04-18,GNDI3,32.47
2019-04-18,GOAU4,7.18
2019-04-18,GOLL4,23.8
2019-04-18,HAPV3,28.5
2019-04-18,HGTX3,28.79
2019-04-18,HYPE3,24.87
2019-04-18,IGTA3,37.4
2019-04-18,IRBR3,92.88
2019-04-18,ITSA4,11.59
2019-04-18,ITUB4,32.83
2019-04-18,JBSS3,18.24
2019-04-18,JHSF3,2.37
2019-04-18,KLBN11,16.35
2019-04-18,KROT3,9.88
2019-04-18,LAME4,15.19
2019-04-18,LCAM3,37.31
2019-04-18,LOGG3,17.23
2019-04-18,LREN3,43.02
2019-04-18,MGLU3,170.8
2019-04-18,MRFG3,6.93
2019-04-18,MRVE3,14.39
2019-04-18,MULT3,23.1
2019-04-18,NATU3,46.0
2019-04-18,PCAR4,93.8
2019-04-18,PETR3,30.76
2019-04-18,PETR4,27.6
2019-04-18,POMO4,3.65
2019-04-18,PRIO3,17.95
2019-04-18,PSSA3,55.32
2019-04-18,QUAL3,15.95
2019-04-18,RADL3,65.08
2019-04-18,RAIL3,17.86
2019-04-18,RENT3,32.76
2019-04-18,SANB11,45.32
2019-04-18,SBSP3,41.34
2019-04-18,SLCE3,40.3
2019-04-18,SMLS3,51.22
2019-04-18,SMTO3,19.26
2019-04-18,STBP3,3.82
2019-04-18,SULA11,31.06
2019-04-18,SUZB3,41.03
2019-04-18,TAEE11,26.02
2019-04-18,TEND3,17.26
2019-04-18,TIMP3,12.11
2019-04-18,TOTS3,40.7
2019-04-18,TRPL4,20.55
2019-04-18,UGPA3,22.63
2019-04-18,USIM5,9.02
2019-04-18,VALE3,52.58
2019-04-18,VIVT3,41.3
2019-04-18,VIVT4,47.2
2019-04-18,VVAR3,3.95
2019-04-18,WEGE3,18.63
2019-04-22,ABEV3,17.5
2019-04-22,ALPA4,15.2
2019-04-22,ARZZ3,46.8
2019-04-22,AZUL4,33.98
2019-04-22,B3SA3,31.95
2019-04-22,BBAS3,48.34
2019-04-22,BBDC3,30.44
2019-04-22,BBDC4,35.04
2019-04-22,BBSE3,27.59
2019-04-22,BEEF3,7.34
2019-04-22,BIDI4,63.6
2019-04-22,BPAC11,38.0
2019-04-22,BPAN4,3.24
2019-04-22,BRAP4,32.35
2019-04-22,BRDT3,23.2
2019-04-22,BRFS3,28.0
2019-04-22,BRKM5,48.72
2019-04-22,BRML3,12.37
2019-04-22,BTOW3,37.1
2019-04-22,CCRO3,11.82
2019-04-22,CIEL3,8.02
2019-04-22,CMIG4,14.31
2019-04-22,CPFE3,28.88
2019-04-22,CPLE3,33.27
2019-04-22,CPLE6,38.43
2019-04-22,CRFB3,20.9
2019-04-22,CSAN3,46.5
2019-04-22,CSMG3,62.75
2019-04-22,CSNA3,14.86
2019-04-22,CVCB3,53.7
2019-04-22,CYRE3,16.02
2019-04-22,DIRR3,8.18
2019-04-22,ECOR3,8.57
2019-04-22,EGIE3,42.85
2019-04-22,ELET3,32.6
2019-04-22,ELET6,34.82
2019-04-22,EMBR3,19.51
2019-04-22,ENBR3,17.19
2019-04-22,ENEV3,19.31
2019-04-22,ENGI11,40.45
2019-04-22,EQTL3,79.99
2019-04-22,ESTC3,27.34
2019-04-22,EZTC3,25.46
2019-04-22,FLRY3,21.74
2019-04-22,GGBR4,14.95
2019-04-22,GNDI3,33.15
2019-04-22,GOAU4,7.1
2019-04-22,GOLL4,23.11
2019-04-22,HAPV3,28.7
2019-04-22,HGTX3,28.5
2019-04-22,HYPE3,25.15
2019-04-22,IGTA3,37.26
2019-04-22,IRBR3,94.66
2019-04-22,ITSA4,11.55
2019-04-22,ITUB4,32.74
2019-04-22,JBSS3,18.99
2019-04-22,JHSF3,2.36
2019-04-22,KLBN11,16.2
2019-04-22,KROT3,10.08
2019-04-22,LAME4,15.44
2019-04-22,LCAM3,37.2
2019-04-22,LOGG3,17.36
2019-04-22,LREN3,43.7
2019-04-22,MGLU3,167.2
2019-04-22,MRFG3,7.03
2019-04-22,MRVE3,14.56
2019-04-22,MULT3,23.36
2019-04-22,NATU3,44.55
2019-04-22,PCAR4,96.03
2019-04-22,PETR3,30.87
2019-04-22,PETR4,27.44
2019-04-22,POMO4,3.62
2019-04-22,PRIO3,19.31
2019-04-22,PSSA3,55.9
2019-04-22,QUAL3,16.06
2019-04-22,RADL3,66.0
2019-04-22,RAIL3,17.35
2019-04-22,RENT3,33.02
2019-04-22,SANB11,46.0
2019-04-22,SBSP3,41.6
2019-04-22,SLCE3,40.75
2019-04-22,SMLS3,52.3
2019-04-22,SMTO3,19.33
2019-04-22,STBP3,3.86
2019-04-22,SULA11,30.72
2019-04-22,SUZB3,40.65
2019-04-22,TAEE11,26.29
2019-04-22,TEND3,17.33
2019-04-22,TIMP3,12.16
2019-04-22,TOTS3,41.6
2019-04-22,TRPL4,20.57
2019-04-22,UGPA3,22.19
2019-04-22,USIM5,8.97
2019-04-22,VALE3,51.3
2019-04-22,VIVT3,41.38
2019-04-22,VIVT4,46.95
2019-04-22,VVAR3,3.84
2019-04-22,WEGE3,18.75
2019-04-23,ABEV3,17.67
2019-04-23,ALPA4,15.2
2019-04-23,ARZZ3,48.5
2019-04-23,AZUL4,34.17
2019-04-23,B3SA3,32.84
2019-04-23,BBAS3,49.31
2019-04-23,BBDC3,31.0
2019-04-23,BBDC4,35.89
2019-04-23,BBSE3,27.62
2019-04-23,BEEF3,7.99
2019-04-23,BIDI4,62.39
2019-04-23,BPAC11,39.45
2019-04-23,BPAN4,3.24
2019-04-23,BRAP4,32.65
2019-04-23,BRDT3,24.34
2019-04-23,BRFS3,29.92
2019-04-23,BRKM5,48.6
2019-04-23,BRML3,12.53
2019-04-23,BTOW3,39.14
2019-04-23,CCRO3,11.98
2019-04-23,CIEL3,8.35
2019-04-23,CMIG4,14.5
2019-04-23,CPFE3,29.0
2019-04-23,CPLE3,33.75
2019-04-23,CPLE6,39.0
2019-04-23,CRFB3,21.02
2019-04-23,CSAN3,47.32
2019-04-23,CSMG3,62.78
2019-04-23,CSNA3,15.19
2019-04-23,CVCB3,54.64
2019-04-23,CYRE3,16.61
2019-04-23,DIRR3,8.45
2019-04-23,ECOR3,8.72
2019-04-23,EGIE3,43.4
2019-04-23,ELET3,33.7
2019-04-23,ELET6,35.42
2019-04-23,EMBR3,19.18
2019-04-23,ENBR3,17.68
2019-04-23,ENEV3,19.95
2019-04-23,ENGI11,40.24
2019-04-23,EQTL3,80.02
2019-04-23,ESTC3,26.9
2019-04-23,EZTC3,25.99
2019-04-23,FLRY3,22.3
2019-04-23,GGBR4,14.73
2019-04-23,GNDI3,33.88
2019-04-23,GOAU4,6.99
2019-04-23,GOLL4,23.89
2019-04-23,HAPV3,29.15
2019-04-23,HGTX3,29.16
2019-04-23,HYPE3,25.0
2019-04-23,IGTA3,37.83
2019-04-23,IRBR3,97.84
2019-04-23,ITSA4,11.85
2019-04-23,ITUB4,33.16
2019-04-23,JBSS3,19.72
2019-04-23,JHSF3,2.36
2019-04-23,KLBN11,16.35
2019-04-23,KROT3,9.85
2019-04-23,LAME4,15.21
2019-04-23,LCAM3,37.5
2019-04-23,LOGG3,17.57
2019-04-23,LREN3,43.7
2019-04-23,MGLU3,171.0
2019-04-23,MRFG3,7.52
2019-04-23,MRVE3,14.75
2019-04-23,MULT3,23.41
2019-04-23,NATU3,43.85
2019-04-23,PCAR4,96.64
2019-04-23,PETR3,31.12
2019-04-23,PETR4,27.68
2019-04-23,POMO4,3.61
2019-04-23,PRIO3,19.81
2019-04-23,PSSA3,56.28
2019-04-23,QUAL3,16.23
2019-04-23,RADL3,67.0
2019-04-23,RAIL3,17.13
2019-04-23,RENT3,34.07
2019-04-23,SANB11,46.12
2019-04-23,SBSP3,42.0
2019-04-23,SLCE3,40.5
2019-04-23,SMLS3,49.0
2019-04-23,SMTO3,19.58
2019-04-23,STBP3,3.85
2019-04-23,SULA11,32.14
2019-04-23,SUZB3,41.01
2019-04-23,TAEE11,26.15
2019-04-23,TEND3,17.81
2019-04-23,TIMP3,12.06
2019-04-23,TOTS3,42.79
2019-04-23,TRPL4,20.66
2019-04-23,UGPA3,22.55
2019-04-23,USIM5,8.91
2019-04-23,VALE3,51.92
2019-04-23,VIVT3,41.39
2019-04-23,VIVT4,47.0
2019-04-23,VVAR3,3.93
2019-04-23,WEGE3,19.25
2019-04-24,ABEV3,17.72
2019-04-24,ALPA4,15.24
2019-04-24,ARZZ3,49.98
2019-04-24,AZUL4,33.48
2019-04-24,B3SA3,33.5
2019-04-24,BBAS3,48.31
2019-04-24,BBDC3,31.01
2019-04-24,BBDC4,35.65
2019-04-24,BBSE3,27.8
2019-04-24,BEEF3,7.95
2019-04-24,BIDI4,63.58
2019-04-24,BPAC11,39.67
2019-04-24,BPAN4,3.21
2019-04-24,BRAP4,31.71
2019-04-24,BRDT3,23.75
2019-04-24,BRFS3,29.82
2019-04-24,BRKM5,47.92
2019-04-24,BRML3,12.52
2019-04-24,BTOW3,37.65
2019-04-24,CCRO3,11.83
2019-04-24,CIEL3,7.98
2019-04-24,CMIG4,14.29
2019-04-24,CPFE3,28.9
2019-04-24,CPLE3,33.9
2019-04-24,CPLE6,38.91
2019-04-24,CRFB3,20.64
2019-04-24,CSAN3,46.6
2019-04-24,CSMG3,63.37
2019-04-24,CSNA3,14.75
2019-04-24,CVCB3,53.45
2019-04-24,CYRE3,16.33
2019-04-24,DIRR3,8.27
2019-04-24,ECOR3,8.42
2019-04-24,EGIE3,43.19
2019-04-24,ELET3,32.35
2019-04-24,ELET6,34.68
2019-04-24,EMBR3,19.31
2019-04-24,ENBR3,17.4
2019-04-24,ENEV3,19.56
2019-04-24,ENGI11,40.32
2019-04-24,EQTL3,79.7
2019-04-24,ESTC3,27.85
2019-04-24,EZTC3,25.6
2019-04-24,FLRY3,22.12
2019-04-24,GGBR4,14.6
2019-04-24,GNDI3,35.01
2019-04-24,GOAU4,6.94
2019-04-24,GOLL4,23.13
2019-04-24,HAPV3,29.23
2019-04-24,HGTX3,28.95
2019-04-24,HYPE3,25.0
2019-04-24,IGTA3,37.8
2019-04-24,IRBR3,97.3
2019-04-24,ITSA4,11.85
2019-04-24,ITUB4,33.21
2019-04-24,JBSS3,19.02
2019-04-24,JHSF3,2.31
2019-04-24,KLBN11,16.26
2019-04-24,KROT3,9.7
2019-04-24,LAME4,14.95
2019-04-24,LCAM3,36.9
2019-04-24,LOGG3,17.55
2019-04-24,LREN3,43.34
2019-04-24,MGLU3,172.46
2019-04-24,MRFG3,7.08
2019-04-24,MRVE3,14.31
2019-04-24,MULT3,23.49
2019-04-24,NATU3,44.78
2019-04-24,PCAR4,96.35
2019-04-24,PETR3,30.58
2019-04-24,PETR4,27.6
2019-04-24,POMO4,3.64
2019-04-24,PRIO3,19.35
2019-04-24,PSSA3,56.15
2019-04-24,QUAL3,16.05
2019-04-24,RADL3,66.62
2019-04-24,RAIL3,17.22
2019-04-24,RENT3,33.52
2019-04-24,SANB11,45.15
2019-04-24,SBSP3,42.64
2019-04-24,SLCE3,41.5
2019-04-24,SMLS3,48.92
2019-04-24,SMTO3,19.6
2019-04-24,STBP3,3.8
2019-04-24,SULA11,31.85
2019-04-24,SUZB3,41.69
2019-04-24,TAEE11,26.31
2019-04-24,TEND3,17.65
2019-04-24,TIMP3,11.87
2019-04-24,TOTS3,43.2
2019-04-24,TRPL4,20.7
2019-04-24,UGPA3,21.38
2019-04-24,USIM5,8.59
2019-04-24,VALE3,50.36
2019-04-24,VIVT3,41.9
2019-04-24,VIVT4,46.46
2019-04-24,VVAR3,3.93
2019-04-24,WEGE3,18.8
2019-04-25,ABEV3,18.31
2019-04-25,ALPA4,15.85
2019-04-25,ARZZ3,50.57
2019-04-25,AZUL4,33.25
2019-04-25,B3SA3,34.77
2019-04-25,BBAS3,49.1
2019-04-25,BBDC3,31.0
2019-04-25,BBDC4,36.07
2019-04-25,BBSE3,28.53
2019-04-25,BEEF3,8.16
2019-04-25,BIDI4,63.9
2019-04-25,BPAC11,39.9
2019-04-25,BPAN4,3.2
2019-04-25,BRAP4,31.83
2019-04-25,BRDT3,22.27
2019-04-25,BRFS3,30.72
2019-04-25,BRKM5,47.3
2019-04-25,BRML3,12.5
2019-04-25,BTOW3,37.14
2019-04-25,CCRO3,11.82
2019-04-25,CIEL3,7.93
2019-04-25,CMIG4,14.53
2019-04-25,CPFE3,29.1
2019-04-25,CPLE3,35.79
2019-04-25,CPLE6,39.9
2019-04-25,CRFB3,21.06
2019-04-25,CSAN3,45.96
2019-04-25,CSMG3,66.0
2019-04-25,CSNA3,14.51
2019-04-25,CVCB3,55.0
2019-04-25,CYRE3,16.83
2019-04-25,DIRR3,8.3
2019-04-25,ECOR3,8.45
2019-04-25,EGIE3,43.85
2019-04-25,ELET3,33.23
2019-04-25,ELET6,35.72
2019-04-25,EMBR3,19.17
2019-04-25,ENBR3,17.52
2019-04-25,ENEV3,19.75
2019-04-25,ENGI11,40.8
2019-04-25,EQTL3,80.75
2019-04-25,ESTC3,28.11
2019-04-25,EZTC3,26.23
2019-04-25,FLRY3,22.55
2019-04-25,GGBR4,14.58
2019-04-25,GNDI3,36.0
2019-04-25,GOAU4,7.04
2019-04-25,GOLL4,23.17
2019-04-25,HAPV3,29.7
2019-04-25,HGTX3,30.05
2019-04-25,HYPE3,25.8
2019-04-25,IGTA3,37.82
2019-04-25,IRBR3,98.0
2019-04-25,ITSA4,12.04
2019-04-25,ITUB4,33.72
2019-04-25,JBSS3,20.49
2019-04-25,JHSF3,2.45
2019-04-25,KLBN11,17.12
2019-04-25,KROT3,9.85
2019-04-25,LAME4,15.37
2019-04-25,LCAM3,38.19
2019-04-25,LOGG3,17.6
2019-04-25,LREN3,45.85
2019-04-25,MGLU3,175.0
2019-04-25,MRFG3,7.45
2019-04-25,MRVE3,14.51
2019-04-25,MULT3,23.78
2019-04-25,NATU3,49.28
2019-04-25,PCAR4,98.43
2019-04-25,PETR3,30.66
2019-04-25,PETR4,27.8
2019-04-25,POMO4,3.59
2019-04-25,PRIO3,18.99
2019-04-25,PSSA3,56.22
2019-04-25,QUAL3,17.11
2019-04-25,RADL3,67.95
2019-04-25,RAIL3,17.22
2019-04-25,RENT3,34.3
2019-04-25,SANB11,45.69
2019-04-25,SBSP3,44.3
2019-04-25,SLCE3,41.39
2019-04-25,SMLS3,48.99
2019-04-25,SMTO3,19.38
2019-04-25,STBP3,3.86
2019-04-25,SULA11,31.99
2019-04-25,SUZB3,43.34
2019-04-25,TAEE11,26.11
2019-04-25,TEND3,17.8
2019-04-25,TIMP3,11.77
2019-04-25,TOTS3,43.27
2019-04-25,TRPL4,20.78
2019-04-25,UGPA3,21.25
2019-04-25,USIM5,8.7
2019-04-25,VALE3,50.33
2019-04-25,VIVT3,41.72
2019-04-25,VIVT4,46.7
2019-04-25,VVAR3,4.02
2019-04-25,WEGE3,19.05
2019-04-26,ABEV3,18.29
2019-04-26,ALPA4,15.63
2019-04-26,ARZZ3,50.82
2019-04-26,AZUL4,33.61
2019-04-26,B3SA3,34.12
2019-04-26,BBAS3,49.35
2019-04-26,BBDC3,31.0
2019-04-26,BBDC4,35.96
2019-04-26,BBSE3,28.29
2019-04-26,BEEF3,7.93
2019-04-26,BIDI4,64.4
2019-04-26,BPAC11,40.13
2019-04-26,BPAN4,3.24
2019-04-26,BRAP4,32.12
2019-04-26,BRDT3,21.85
2019-04-26,BRFS3,30.5
2019-04-26,BRKM5,46.45
2019-04-26,BRML3,12.5
2019-04-26,BTOW3,37.26
2019-04-26,CCRO3,11.99
2019-04-26,CIEL3,7.7
2019-04-26,CMIG4,14.5
2019-04-26,CPFE3,29.0
2019-04-26,CPLE3,36.0
2019-04-26,CPLE6,39.48
2019-04-26,CRFB3,21.11
2019-04-26,CSAN3,45.57
2019-04-26,CSMG3,67.19
2019-04-26,CSNA3,14.83
2019-04-26,CVCB3,55.71
2019-04-26,CYRE3,16.94
2019-04-26,DIRR3,8.39
2019-04-26,ECOR3,8.46
2019-04-26,EGIE3,44.28
2019-04-26,ELET3,33.25
2019-04-26,ELET6,35.81
2019-04-26,EMBR3,19.23
2019-04-26,ENBR3,17.8
2019-04-26,ENEV3,19.8
2019-04-26,ENGI11,40.55
2019-04-26,EQTL3,80.86
2019-04-26,ESTC3,27.95
2019-04-26,EZTC3,26.62
2019-04-26,FLRY3,21.02
2019-04-26,GGBR4,14.37
2019-04-26,GNDI3,35.79
2019-04-26,GOAU4,6.88
2019-04-26,GOLL4,23.0
2019-04-26,HAPV3,29.55
2019-04-26,HGTX3,31.55
2019-04-26,HYPE3,26.7
2019-04-26,IGTA3,37.73
2019-04-26,IRBR3,94.66
2019-04-26,ITSA4,12.02
2019-04-26,ITUB4,33.8
2019-04-26,JBSS3,19.32
2019-04-26,JHSF3,2.41
2019-04-26,KLBN11,17.02
2019-04-26,KROT3,9.85
2019-04-26,LAME4,15.44
2019-04-26,LCAM3,39.4
2019-04-26,LOGG3,17.53
2019-04-26,LREN3,46.25
2019-04-26,MGLU3,178.95
2019-04-26,MRFG3,7.2
2019-04-26,MRVE3,14.53
2019-04-26,MULT3,24.14
2019-04-26,NATU3,50.1
2019-04-26,PCAR4,97.51
2019-04-26,PETR3,30.39
2019-04-26,PETR4,27.25
2019-04-26,POMO4,3.57
2019-04-26,PRIO3,18.7
2019-04-26,PSSA3,56.59
2019-04-26,QUAL3,17.4
2019-04-26,RADL3,67.75
2019-04-26,RAIL3,17.65
2019-04-26,RENT3,35.87
2019-04-26,SANB11,45.67
2019-04-26,SBSP3,46.39
2019-04-26,SLCE3,40.7
2019-04-26,SMLS3,49.98
2019-04-26,SMTO3,19.35
2019-04-26,STBP3,3.87
2019-04-26,SULA11,31.99
2019-04-26,SUZB3,42.75
2019-04-26,TAEE11,26.0
2019-04-26,TEND3,17.76
2019-04-26,TIMP3,11.75
2019-04-26,TOTS3,43.6
2019-04-26,TRPL4,20.73
2019-04-26,UGPA3,20.58
2019-04-26,USIM5,8.61
2019-04-26,VALE3,50.42
2019-04-26,VIVT3,41.64
2019-04-26,VIVT4,46.65
2019-04-26,VVAR3,4.03
2019-04-26,WEGE3,19.08
2019-04-29,ABEV3,18.35
2019-04-29,ALPA4,15.5
2019-04-29,ARZZ3,50.08
2019-04-29,AZUL4,33.66
2019-04-29,B3SA3,34.4
2019-04-29,BBAS3,49.37
2019-04-29,BBDC3,30.91
2019-04-29,BBDC4,35.49
2019-04-29,BBSE3,28.6
2019-04-29,BEEF3,8.28
2019-04-29,BIDI4,64.0
2019-04-29,BPAC11,40.6
2019-04-29,BPAN4,3.35
2019-04-29,BRAP4,31.84
2019-04-29,BRDT3,22.71
2019-04-29,BRFS3,30.48
2019-04-29,BRKM5,47.97
2019-04-29,BRML3,12.34
2019-04-29,BTOW3,37.61
2019-04-29,CCRO3,11.55
2019-04-29,CIEL3,7.92
2019-04-29,CMIG4,14.45
2019-04-29,CPFE3,29.1
2019-04-29,CPLE3,37.15
2019-04-29,CPLE6,40.7
2019-04-29,CRFB3,21.2
2019-04-29,CSAN3,46.22
2019-04-29,CSMG3,67.68
2019-04-29,CSNA3,14.45
2019-04-29,CVCB3,56.24
2019-04-29,CYRE3,17.21
2019-04-29,DIRR3,8.28
2019-04-29,ECOR3,8.25
2019-04-29,EGIE3,44.62
2019-04-29,ELET3,33.05
2019-04-29,ELET6,35.79
2019-04-29,EMBR3,19.57
2019-04-29,ENBR3,17.59
2019-04-29,ENEV3,19.6
2019-04-29,ENGI11,40.95
2019-04-29,EQTL3,80.8
2019-04-29,ESTC3,27.15
2019-04-29,EZTC3,21.78
2019-04-29,FLRY3,21.02
2019-04-29,GGBR4,14.39
2019-04-29,GNDI3,34.5
2019-04-29,GOAU4,6.92
2019-04-29,GOLL4,23.0
2019-04-29,HAPV3,29.6
2019-04-29,HGTX3,31.63
2019-04-29,HYPE3,28.29
2019-04-29,IGTA3,37.69
2019-04-29,IRBR3,94.9
2019-04-29,ITSA4,11.8
2019-04-29,ITUB4,33.53
2019-04-29,JBSS3,19.35
2019-04-29,JHSF3,2.42
2019-04-29,KLBN11,16.8
2019-04-29,KROT3,9.81
2019-04-29,LAME4,15.46
2019-04-29,LCAM3,40.2
2019-04-29,LOGG3,17.64
2019-04-29,LREN3,46.55
2019-04-29,MGLU3,178.51
2019-04-29,MRFG3,7.2
2019-04-29,MRVE3,14.7
2019-04-29,MULT3,24.15
2019-04-29,NATU3,52.35
2019-04-29,PCAR4,98.38
2019-04-29,PETR3,30.25
2019-04-29,PETR4,27.37
2019-04-29,POMO4,3.57
2019-04-29,PRIO3,18.3
2019-04-29,PSSA3,55.3
2019-04-29,QUAL3,17.74
2019-04-29,RADL3,68.25
2019-04-29,RAIL3,17.56
2019-04-29,RENT3,36.25
2019-04-29,SANB11,45.8
2019-04-29,SBSP3,47.57
2019-04-29,SLCE3,40.25
2019-04-29,SMLS3,49.3
2019-04-29,SMTO3,19.25
2019-04-29,STBP3,3.8
2019-04-29,SULA11,31.14
2019-04-29,SUZB3,42.51
2019-04-29,TAEE11,26.15
2019-04-29,TEND3,17.78
2019-04-29,TIMP3,11.78
2019-04-29,TOTS3,44.1
2019-04-29,TRPL4,21.34
2019-04-29,UGPA3,21.04
2019-04-29,USIM5,8.61
2019-04-29,VALE3,50.25
2019-04-29,VIVT3,41.51
2019-04-29,VIVT4,46.75
2019-04-29,VVAR3,4.12
2019-04-29,WEGE3,18.75
2019-04-30,ABEV3,18.47
2019-04-30,ALPA4,15.65
2019-04-30,ARZZ3,51.0
2019-04-30,AZUL4,34.0
2019-04-30,B3SA3,34.45
2019-04-30,BBAS3,49.68
2019-04-30,BBDC3,31.0
2019-04-30,BBDC4,35.58
2019-04-30,BBSE3,28.26
2019-04-30,BEEF3,8.4
2019-04-30,BIDI4,64.86
2019-04-30,BPAC11,41.38
2019-04-30,BPAN4,3.39
2019-04-30,BRAP4,31.9
2019-04-30,BRDT3,23.7
2019-04-30,BRFS3,31.05
2019-04-30,BRKM5,47.78
2019-04-30,BRML3,12.3
2019-04-30,BTOW3,38.25
2019-04-30,CCRO3,11.69
2019-04-30,CIEL3,7.68
2019-04-30,CMIG4,14.74
2019-04-30,CPFE3,29.82
2019-04-30,CPLE3,38.09
2019-04-30,CPLE6,41.2
2019-04-30,CRFB3,21.2
2019-04-30,CSAN3,46.87
2019-04-30,CSMG3,69.0
2019-04-30,CSNA3,14.54
2019-04-30,CVCB3,56.79
2019-04-30,CYRE3,17.78
2019-04-30,DIRR3,8.24
2019-04-30,ECOR3,8.11
2019-04-30,EGIE3,44.49
2019-04-30,ELET3,32.7
2019-04-30,ELET6,34.65
2019-04-30,EMBR3,19.64
2019-04-30,ENBR3,17.51
2019-04-30,ENEV3,19.87
2019-04-30,ENGI11,41.8
2019-04-30,EQTL3,82.1
2019-04-30,ESTC3,27.18
2019-04-30,EZTC3,21.61
2019-04-30,FLRY3,20.75
2019-04-30,GGBR4,14.15
2019-04-30,GNDI3,35.12
2019-04-30,GOAU4,6.8
2019-04-30,GOLL4,22.78
2019-04-30,HAPV3,30.26
2019-04-30,HGTX3,31.93
2019-04-30,HYPE3,28.08
2019-04-30,IGTA3,38.18
2019-04-30,IRBR3,93.9
2019-04-30,ITSA4,11.91
2019-04-30,ITUB4,33.83
2019-04-30,JBSS3,19.77
2019-04-30,JHSF3,2.44
2019-04-30,KLBN11,16.6
2019-04-30,KROT3,9.75
2019-04-30,LAME4,15.72
2019-04-30,LCAM3,41.0
2019-04-30,LOGG3,17.54
2019-04-30,LREN3,46.88
2019-04-30,MGLU3,191.26
2019-04-30,MRFG3,7.32
2019-04-30,MRVE3,14.51
2019-04-30,MULT3,23.96
2019-04-30,NATU3,52.24
2019-04-30,PCAR4,96.5
2019-04-30,PETR3,29.96
2019-04-30,PETR4,27.11
2019-04-30,POMO4,3.52
2019-04-30,PRIO3,18.45
2019-04-30,PSSA3,54.12
2019-04-30,QUAL3,17.2
2019-04-30,RADL3,69.14
2019-04-30,RAIL3,18.1
2019-04-30,RENT3,36.2
2019-04-30,SANB11,45.01
2019-04-30,SBSP3,47.0
2019-04-30,SLCE3,41.1
2019-04-30,SMLS3,49.0
2019-04-30,SMTO3,19.09
2019-04-30,STBP3,3.81
2019-04-30,SULA11,31.2
2019-04-30,SUZB3,40.73
2019-04-30,TAEE11,26.25
2019-04-30,TEND3,17.97
2019-04-30,TIMP3,11.69
2019-04-30,TOTS3,44.55
2019-04-30,TRPL4,21.0
2019-04-30,UGPA3,21.0
2019-04-30,USIM5,8.63
2019-04-30,VALE3,50.1
2019-04-30,VIVT3,41.7
2019-04-30,VIVT4,46.57
2019-04-30,VVAR3,4.1
2019-04-30,WEGE3,18.58
2019-05-02,ABEV3,17.95
2019-05-02,ALPA4,15.65
2019-05-02,ARZZ3,50.0
2019-05-02,AZUL4,34.6
2019-05-02,B3SA3,33.9
2019-05-02,BBAS3,49.79
2019-05-02,BBDC3,31.12
2019-05-02,BBDC4,35.6
2019-05-02,BBSE3,28.42
2019-05-02,BEEF3,8.65
2019-05-02,BIDI4,63.68
2019-05-02,BPAC11,40.85
2019-05-02,BPAN4,3.28
2019-05-02,BRAP4,30.29
2019-05-02,BRDT3,23.82
2019-05-02,BRFS3,30.76
2019-05-02,BRKM5,46.08
2019-05-02,BRML3,12.12
2019-05-02,BTOW3,36.8
2019-05-02,CCRO3,11.83
2019-05-02,CIEL3,7.49
2019-05-02,CMIG4,14.75
2019-05-02,CPFE3,29.79
2019-05-02,CPLE3,38.55
2019-05-02,CPLE6,41.85
2019-05-02,CRFB3,21.4
2019-05-02,CSAN3,46.74
2019-05-02,CSMG3,67.85
2019-05-02,CSNA3,13.89
2019-05-02,CVCB3,57.35
2019-05-02,CYRE3,17.08
2019-05-02,DIRR3,8.27
2019-05-02,ECOR3,8.05
2019-05-02,EGIE3,43.4
2019-05-02,ELET3,32.27
2019-05-02,ELET6,34.13
2019-05-02,EMBR3,19.71
2019-05-02,ENBR3,17.5
2019-05-02,ENEV3,20.35
2019-05-02,ENGI11,42.0
2019-05-02,EQTL3,81.1
2019-05-02,ESTC3,27.05
2019-05-02,EZTC3,21.4
2019-05-02,FLRY3,20.16
2019-05-02,GGBR4,14.0
2019-05-02,GNDI3,35.42
2019-05-02,GOAU4,6.71
2019-05-02,GOLL4,22.56
2019-05-02,HAPV3,30.35
2019-05-02,HGTX3,31.55
2019-05-02,HYPE3,28.0
2019-05-02,IGTA3,37.29
2019-05-02,IRBR3,96.5
2019-05-02,ITSA4,11.95
2019-05-02,ITUB4,34.04
2019-05-02,JBSS3,19.52
2019-05-02,JHSF3,2.41
2019-05-02,KLBN11,16.7
2019-05-02,KROT3,9.55
2019-05-02,LAME4,15.56
2019-05-02,LCAM3,40.8
2019-05-02,LOGG3,17.52
2019-05-02,LREN3,41.56
2019-05-02,MGLU3,190.74
2019-05-02,MRFG3,7.16
2019-05-02,MRVE3,14.23
2019-05-02,MULT3,23.31
2019-05-02,NATU3,50.47
2019-05-02,PCAR4,95.73
2019-05-02,PETR3,29.51
2019-05-02,PETR4,26.73
2019-05-02,POMO4,3.55
2019-05-02,PRIO3,17.65
2019-05-02,PSSA3,54.33
2019-05-02,QUAL3,17.2
2019-05-02,RADL3,69.1
2019-05-02,RAIL3,17.54
2019-05-02,RENT3,35.96
2019-05-02,SANB11,45.3
2019-05-02,SBSP3,46.34
2019-05-02,SLCE3,20.1
2019-05-02,SMLS3,49.03
2019-05-02,SMTO3,19.4
2019-05-02,STBP3,3.83
2019-05-02,SULA11,30.6
2019-05-02,SUZB3,41.94
2019-05-02,TAEE11,26.45
2019-05-02,TEND3,17.95
2019-05-02,TIMP3,11.55
2019-05-02,TOTS3,44.04
2019-05-02,TRPL4,21.01
2019-05-02,UGPA3,21.47
2019-05-02,USIM5,8.45
2019-05-02,VALE3,48.94
2019-05-02,VIVT3,41.31
2019-05-02,VIVT4,45.91
2019-05-02,VVAR3,4.14
2019-05-02,WEGE3,18.77
2019-05-03,ABEV3,17.92
2019-05-03,ALPA4,15.75
2019-05-03,ARZZ3,51.18
2019-05-03,AZUL4,36.08
2019-05-03,B3SA3,34.07
2019-05-03,BBAS3,50.08
2019-05-03,BBDC3,31.73
2019-05-03,BBDC4,35.96
2019-05-03,BBSE3,28.03
2019-05-03,BEEF3,8.77
2019-05-03,BIDI4,64.35
2019-05-03,BPAC11,40.55
2019-05-03,BPAN4,3.33
2019-05-03,BRAP4,31.39
2019-05-03,BRDT3,22.81
2019-05-03,BRFS3,30.72
2019-05-03,BRKM5,46.09
2019-05-03,BRML3,12.65
2019-05-03,BTOW3,38.12
2019-05-03,CCRO3,11.98
2019-05-03,CIEL3,7.38
2019-05-03,CMIG4,14.47
2019-05-03,CPFE3,29.63
2019-05-03,CPLE3,40.7
2019-05-03,CPLE6,44.25
2019-05-03,CRFB3,21.47
2019-05-03,CSAN3,45.19
2019-05-03,CSMG3,67.85
2019-05-03,CSNA3,14.3
2019-05-03,CVCB3,56.85
2019-05-03,CYRE3,16.78
2019-05-03,DIRR3,8.17
2019-05-03,ECOR3,8.25
2019-05-03,EGIE3,42.57
2019-05-03,ELET3,32.2
2019-05-03,ELET6,34.28
2019-05-03,EMBR3,19.51
2019-05-03,ENBR3,17.53
2019-05-03,ENEV3,19.85
2019-05-03,ENGI11,41.87
2019-05-03,EQTL3,80.14
2019-05-03,ESTC3,26.44
2019-05-03,EZTC3,20.65
2019-05-03,FLRY3,20.64
2019-05-03,GGBR4,14.23
2019-05-03,GNDI3,35.3
2019-05-03,GOAU4,6.84
2019-05-03,GOLL4,23.69
2019-05-03,HAPV3,30.48
2019-05-03,HGTX3,31.75
2019-05-03,HYPE3,28.08
2019-05-03,IGTA3,38.27
2019-05-03,IRBR3,100.1
2019-05-03,ITSA4,11.77
2019-05-03,ITUB4,33.71
2019-05-03,JBSS3,20.52
2019-05-03,JHSF3,2.4
2019-05-03,KLBN11,16.63
2019-05-03,KROT3,9.44
2019-05-03,LAME4,15.7
2019-05-03,LCAM3,42.2
2019-05-03,LOGG3,17.12
2019-05-03,LREN3,41.3
2019-05-03,MGLU3,196.25
2019-05-03,MRFG3,7.11
2019-05-03,MRVE3,14.46
2019-05-03,MULT3,24.17
2019-05-03,NATU3,49.99
2019-05-03,PCAR4,95.4
2019-05-03,PETR3,29.56
2019-05-03,PETR4,26.85
2019-05-03,POMO4,3.6
2019-05-03,PRIO3,17.58
2019-05-03,PSSA3,52.35
2019-05-03,QUAL3,17.25
2019-05-03,RADL3,69.26
2019-05-03,RAIL3,17.65
2019-05-03,RENT3,35.85
2019-05-03,SANB11,44.87
2019-05-03,SBSP3,46.7
2019-05-03,SLCE3,20.1
2019-05-03,SMLS3,48.14
2019-05-03,SMTO3,19.48
2019-05-03,STBP3,3.79
2019-05-03,SULA11,29.5
2019-05-03,SUZB3,41.99
2019-05-03,TAEE11,26.2
2019-05-03,TEND3,17.96
2019-05-03,TIMP3,11.48
2019-05-03,TOTS3,42.49
2019-05-03,TRPL4,20.6
2019-05-03,UGPA3,21.21
2019-05-03,USIM5,8.87
2019-05-03,VALE3,50.4
2019-05-03,VIVT3,41.09
2019-05-03,VIVT4,45.92
2019-05-03,VVAR3,4.52
2019-05-03,WEGE3,18.65
2019-05-06,ABEV3,18.06
2019-05-06,ALPA4,15.67
2019-05-06,ARZZ3,50.2
2019-05-06,AZUL4,35.0
2019-05-06,B3SA3,33.7
2019-05-06,BBAS3,49.37
2019-05-06,BBDC3,30.7
2019-05-06,BBDC4,34.99
2019-05-06,BBSE3,28.52
2019-05-06,BEEF3,8.87
2019-05-06,BIDI4,63.32
2019-05-06,BPAC11,40.3
2019-05-06,BPAN4,3.3
2019-05-06,BRAP4,30.76
2019-05-06,BRDT3,22.83
2019-05-06,BRFS3,31.05
2019-05-06,BRKM5,45.17
2019-05-06,BRML3,12.44
2019-05-06,BTOW3,38.8
2019-05-06,CCRO3,12.29
2019-05-06,CIEL3,7.59
2019-05-06,CMIG4,14.01
2019-05-06,CPFE3,29.77
2019-05-06,CPLE3,41.29
2019-05-06,CPLE6,45.24
2019-05-06,CRFB3,21.24
2019-05-06,CSAN3,44.86
2019-05-06,CSMG3,67.01
2019-05-06,CSNA3,14.24
2019-05-06,CVCB3,56.23
2019-05-06,CYRE3,16.81
2019-05-06,DIRR3,8.11
2019-05-06,ECOR3,8.54
2019-05-06,EGIE3,42.66
2019-05-06,ELET3,32.62
2019-05-06,ELET6,34.34
2019-05-06,EMBR3,19.3
2019-05-06,ENBR3,17.57
2019-05-06,ENEV3,20.0
2019-05-06,ENGI11,42.07
2019-05-06,EQTL3,79.41
2019-05-06,ESTC3,26.1
2019-05-06,EZTC3,21.04
2019-05-06,FLRY3,20.38
2019-05-06,GGBR4,14.08
2019-05-06,GNDI3,34.79
2019-05-06,GOAU4,6.75
2019-05-06,GOLL4,23.3
2019-05-06,HAPV3,30.59
2019-05-06,HGTX3,31.9
2019-05-06,HYPE3,28.36
2019-05-06,IGTA3,37.96
2019-05-06,IRBR3,98.5
2019-05-06,ITSA4,11.44
2019-05-06,ITUB4,32.97
2019-05-06,JBSS3,20.3
2019-05-06,JHSF3,2.44
2019-05-06,KLBN11,16.28
2019-05-06,KROT3,9.35
2019-05-06,LAME4,15.58
2019-05-06,LCAM3,42.22
2019-05-06,LOGG3,17.39
2019-05-06,LREN3,40.97
2019-05-06,MGLU3,200.21
2019-05-06,MRFG3,7.0
2019-05-06,MRVE3,14.48
2019-05-06,MULT3,24.08
2019-05-06,NATU3,50.93
2019-05-06,PCAR4,94.99
2019-05-06,PETR3,29.54
2019-05-06,PETR4,26.77
2019-05-06,POMO4,3.65
2019-05-06,PRIO3,17.45
2019-05-06,PSSA3,52.25
2019-05-06,QUAL3,17.04
2019-05-06,RADL3,68.55
2019-05-06,RAIL3,17.61
2019-05-06,RENT3,35.3
2019-05-06,SANB11,44.0
2019-05-06,SBSP3,46.44
2019-05-06,SLCE3,20.6
2019-05-06,SMLS3,47.26
2019-05-06,SMTO3,19.59
2019-05-06,STBP3,3.82
2019-05-06,SULA11,30.47
2019-05-06,SUZB3,41.33
2019-05-06,TAEE11,25.95
2019-05-06,TEND3,17.85
2019-05-06,TIMP3,11.43
2019-05-06,TOTS3,42.1
2019-05-06,TRPL4,20.77
2019-05-06,UGPA3,21.26
2019-05-06,USIM5,8.78
2019-05-06,VALE3,49.66
2019-05-06,VIVT3,41.06
2019-05-06,VIVT4,45.51
2019-05-06,VVAR3,4.56
2019-05-06,WEGE3,18.36
2019-05-07,ABEV3,17.65
2019-05-07,ALPA4,15.8
2019-05-07,ARZZ3,50.66
2019-05-07,AZUL4,35.28
2019-05-07,B3SA3,33.66
2019-05-07,BBAS3,49.49
2019-05-07,BBDC3,30.27
2019-05-07,BBDC4,34.77
2019-05-07,BBSE3,27.58
2019-05-07,BEEF3,8.7
2019-05-07,BIDI4,63.29
2019-05-07,BPAC11,40.1
2019-05-07,BPAN4,3.29
2019-05-07,BRAP4,30.98
2019-05-07,BRDT3,23.63
2019-05-07,BRFS3,31.05
2019-05-07,BRKM5,44.07
2019-05-07,BRML3,12.1
2019-05-07,BTOW3,37.08
2019-05-07,CCRO3,12.2
2019-05-07,CIEL3,7.5
2019-05-07,CMIG4,13.91
2019-05-07,CPFE3,29.9
2019-05-07,CPLE3,41.0
2019-05-07,CPLE6,44.84
2019-05-07,CRFB3,20.8
2019-05-07,CSAN3,44.56
2019-05-07,CSMG3,67.0
2019-05-07,CSNA3,14.18
2019-05-07,CVCB3,56.6
2019-05-07,CYRE3,16.98
2019-05-07,DIRR3,8.14
2019-05-07,ECOR3,8.28
2019-05-07,EGIE3,42.2
2019-05-07,ELET3,32.51
2019-05-07,ELET6,34.05
2019-05-07,EMBR3,19.2
2019-05-07,ENBR3,17.63
2019-05-07,ENEV3,20.49
2019-05-07,ENGI11,42.35
2019-05-07,EQTL3,79.6
2019-05-07,ESTC3,26.65
2019-05-07,EZTC3,21.38
2019-05-07,FLRY3,20.19
2019-05-07,GGBR4,14.22
2019-05-07,GNDI3,34.42
2019-05-07,GOAU4,6.72
2019-05-07,GOLL4,23.5
2019-05-07,HAPV3,32.75
2019-05-07,HGTX3,31.53
2019-05-07,HYPE3,28.76
2019-05-07,IGTA3,37.81
2019-05-07,IRBR3,99.5
2019-05-07,ITSA4,11.44
2019-05-07,ITUB4,32.6
2019-05-07,JBSS3,19.77
2019-05-07,JHSF3,2.45
2019-05-07,KLBN11,15.95
2019-05-07,KROT3,9.25
2019-05-07,LAME4,15.08
2019-05-07,LCAM3,42.29
2019-05-07,LOGG3,17.8
2019-05-07,LREN3,41.23
2019-05-07,MGLU3,192.15
2019-05-07,MRFG3,6.82
2019-05-07,MRVE3,14.8
2019-05-07,MULT3,23.78
2019-05-07,NATU3,51.29
2019-05-07,PCAR4,94.83
2019-05-07,PETR3,29.22
2019-05-07,PETR4,26.35
2019-05-07,POMO4,3.47
2019-05-07,PRIO3,17.3
2019-05-07,PSSA3,53.08
2019-05-07,QUAL3,17.27
2019-05-07,RADL3,68.03
2019-05-07,RAIL3,17.6
2019-05-07,RENT3,35.03
2019-05-07,SANB11,43.7
2019-05-07,SBSP3,48.1
2019-05-07,SLCE3,20.29
2019-05-07,SMLS3,44.45
2019-05-07,SMTO3,19.15
2019-05-07,STBP3,3.75
2019-05-07,SULA11,31.3
2019-05-07,SUZB3,40.99
2019-05-07,TAEE11,26.07
2019-05-07,TEND3,18.62
2019-05-07,TIMP3,11.47
2019-05-07,TOTS3,40.9
2019-05-07,TRPL4,21.0
2019-05-07,UGPA3,21.4
2019-05-07,USIM5,8.46
2019-05-07,VALE3,49.7
2019-05-07,VIVT3,40.95
2019-05-07,VIVT4,45.85
2019-05-07,VVAR3,4.72
2019-05-07,WEGE3,18.14
2019-05-08,ABEV3,17.92
2019-05-08,ALPA4,16.12
2019-05-08,ARZZ3,50.9
2019-05-08,AZUL4,37.0
2019-05-08,B3SA3,34.35
2019-05-08,BBAS3,50.59
2019-05-08,BBDC3,30.98
2019-05-08,BBDC4,35.49
2019-05-08,BBSE3,27.43
2019-05-08,BEEF3,8.71
2019-05-08,BIDI4,62.44
2019-05-08,BPAC11,39.85
2019-05-08,BPAN4,3.31
2019-05-08,BRAP4,30.58
2019-05-08,BRDT3,23.9
2019-05-08,BRFS3,30.39
2019-05-08,BRKM5,43.75
2019-05-08,BRML3,12.19
2019-05-08,BTOW3,37.4
2019-05-08,CCRO3,12.16
2019-05-08,CIEL3,7.82
2019-05-08,CMIG4,13.97
2019-05-08,CPFE3,30.19
2019-05-08,CPLE3,41.44
2019-05-08,CPLE6,45.05
2019-05-08,CRFB3,21.2
2019-05-08,CSAN3,45.27
2019-05-08,CSMG3,65.92
2019-05-08,CSNA3,14.27
2019-05-08,CVCB3,58.65
2019-05-08,CYRE3,17.11
2019-05-08,DIRR3,8.33
2019-05-08,ECOR3,8.35
2019-05-08,EGIE3,42.15
2019-05-08,ELET3,32.9
2019-05-08,ELET6,34.23
2019-05-08,EMBR3,19.18
2019-05-08,ENBR3,17.44
2019-05-08,ENEV3,20.75
2019-05-08,ENGI11,42.53
2019-05-08,EQTL3,79.81
2019-05-08,ESTC3,27.31
2019-05-08,EZTC3,21.42
2019-05-08,FLRY3,20.69
2019-05-08,GGBR4,14.5
2019-05-08,GNDI3,33.99
2019-05-08,GOAU4,6.84
2019-05-08,GOLL4,24.52
2019-05-08,HAPV3,34.58
2019-05-08,HGTX3,32.4
2019-05-08,HYPE3,29.26
2019-05-08,IGTA3,39.0
2019-05-08,IRBR3,99.5
2019-05-08,ITSA4,11.54
2019-05-08,ITUB4,32.97
2019-05-08,JBSS3,20.16
2019-05-08,JHSF3,2.47
2019-05-08,KLBN11,15.89
2019-05-08,KROT3,9.4
2019-05-08,LAME4,15.3
2019-05-08,LCAM3,42.01
2019-05-08,LOGG3,17.9
2019-05-08,LREN3,42.19
2019-05-08,MGLU3,193.5
2019-05-08,MRFG3,6.75
2019-05-08,MRVE3,14.93
2019-05-08,MULT3,24.3
2019-05-08,NATU3,51.2
2019-05-08,PCAR4,87.78
2019-05-08,PETR3,30.22
2019-05-08,PETR4,27.37
2019-05-08,POMO4,3.59
2019-05-08,PRIO3,17.8
2019-05-08,PSSA3,53.52
2019-05-08,QUAL3,17.71
2019-05-08,RADL3,69.12
2019-05-08,RAIL3,17.63
2019-05-08,RENT3,36.7
2019-05-08,SANB11,44.6
2019-05-08,SBSP3,48.2
2019-05-08,SLCE3,20.12
2019-05-08,SMLS3,44.35
2019-05-08,SMTO3,19.44
2019-05-08,STBP3,3.85
2019-05-08,SULA11,31.58
2019-05-08,SUZB3,41.28
2019-05-08,TAEE11,26.39
2019-05-08,TEND3,18.9
2019-05-08,TIMP3,10.95
2019-05-08,TOTS3,39.5
2019-05-08,TRPL4,21.38
2019-05-08,UGPA3,21.73
2019-05-08,USIM5,8.58
2019-05-08,VALE3,49.0
2019-05-08,VIVT3,41.1
2019-05-08,VIVT4,45.75
2019-05-08,VVAR3,4.53
2019-05-08,WEGE3,18.61
2019-05-09,ABEV3,17.49
2019-05-09,ALPA4,16.1
2019-05-09,ARZZ3,49.56
2019-05-09,AZUL4,38.0
2019-05-09,B3SA3,33.9
2019-05-09,BBAS3,51.03
2019-05-09,BBDC3,30.37
2019-05-09,BBDC4,34.87
2019-05-09,BBSE3,27.62
2019-05-09,BEEF3,8.65
2019-05-09,BIDI4,61.25
2019-05-09,BPAC11,40.14
2019-05-09,BPAN4,3.32
2019-05-09,BRAP4,30.5
2019-05-09,BRDT3,24.49
2019-05-09,BRFS3,30.73
2019-05-09,BRKM5,40.53
2019-05-09,BRML3,12.25
2019-05-09,BTOW3,36.15
2019-05-09,CCRO3,12.12
2019-05-09,CIEL3,7.69
2019-05-09,CMIG4,13.89
2019-05-09,CPFE3,30.35
2019-05-09,CPLE3,42.1
2019-05-09,CPLE6,46.0
2019-05-09,CRFB3,20.56
2019-05-09,CSAN3,44.25
2019-05-09,CSMG3,65.85
2019-05-09,CSNA3,14.25
2019-05-09,CVCB3,58.65
2019-05-09,CYRE3,17.25
2019-05-09,DIRR3,8.27
2019-05-09,ECOR3,8.53
2019-05-09,EGIE3,42.35
2019-05-09,ELET3,32.55
2019-05-09,ELET6,33.9
2019-05-09,EMBR3,19.21
2019-05-09,ENBR3,17.6
2019-05-09,ENEV3,20.35
2019-05-09,ENGI11,42.71
2019-05-09,EQTL3,80.6
2019-05-09,ESTC3,27.91
2019-05-09,EZTC3,21.7
2019-05-09,FLRY3,20.25
2019-05-09,GGBR4,14.24
2019-05-09,GNDI3,33.5
2019-05-09,GOAU4,6.75
2019-05-09,GOLL4,24.84
2019-05-09,HAPV3,35.55
2019-05-09,HGTX3,32.25
2019-05-09,HYPE3,28.83
2019-05-09,IGTA3,38.5
2019-05-09,IRBR3,99.5
2019-05-09,ITSA4,11.49
2019-05-09,ITUB4,32.56
2019-05-09,JBSS3,20.8
2019-05-09,JHSF3,2.39
2019-05-09,KLBN11,16.48
2019-05-09,KROT3,9.61
2019-05-09,LAME4,15.75
2019-05-09,LCAM3,41.71
2019-05-09,LOGG3,18.32
2019-05-09,LREN3,41.1
2019-05-09,MGLU3,185.9
2019-05-09,MRFG3,6.5
2019-05-09,MRVE3,15.6
2019-05-09,MULT3,24.21
2019-05-09,NATU3,51.0
2019-05-09,PCAR4,83.99
2019-05-09,PETR3,29.36
2019-05-09,PETR4,26.83
2019-05-09,POMO4,3.62
2019-05-09,PRIO3,17.43
2019-05-09,PSSA3,52.14
2019-05-09,QUAL3,17.97
2019-05-09,RADL3,68.34
2019-05-09,RAIL3,17.35
2019-05-09,RENT3,36.32
2019-05-09,SANB11,43.81
2019-05-09,SBSP3,47.8
2019-05-09,SLCE3,20.03
2019-05-09,SMLS3,44.35
2019-05-09,SMTO3,19.22
2019-05-09,STBP3,3.83
2019-05-09,SULA11,33.59
2019-05-09,SUZB3,44.16
2019-05-09,TAEE11,26.34
2019-05-09,TEND3,18.9
2019-05-09,TIMP3,10.93
2019-05-09,TOTS3,40.2
2019-05-09,TRPL4,21.4
2019-05-09,UGPA3,21.8
2019-05-09,USIM5,8.51
2019-05-09,VALE3,48.54
2019-05-09,VIVT3,40.8
2019-05-09,VIVT4,45.5
2019-05-09,VVAR3,4.74
2019-05-09,WEGE3,18.55
2019-05-10,ABEV3,17.3
2019-05-10,ALPA4,16.58
2019-05-10,ARZZ3,48.5
2019-05-10,AZUL4,38.09
2019-05-10,B3SA3,33.3
2019-05-10,BBAS3,50.16
2019-05-10,BBDC3,30.06
2019-05-10,BBDC4,34.56
2019-05-10,BBSE3,28.1
2019-05-10,BEEF3,8.42
2019-05-10,BIDI4,59.32
2019-05-10,BPAC11,41.75
2019-05-10,BPAN4,3.31
2019-05-10,BRAP4,31.19
2019-05-10,BRDT3,23.95
2019-05-10,BRFS3,29.88
2019-05-10,BRKM5,40.05
2019-05-10,BRML3,12.2
2019-05-10,BTOW3,33.8
2019-05-10,CCRO3,12.35
2019-05-10,CIEL3,7.54
2019-05-10,CMIG4,13.78
2019-05-10,CPFE3,30.75
2019-05-10,CPLE3,41.95
2019-05-10,CPLE6,45.8
2019-05-10,CRFB3,20.0
2019-05-10,CSAN3,44.76
2019-05-10,CSMG3,63.5
2019-05-10,CSNA3,14.39
2019-05-10,CVCB3,53.62
2019-05-10,CYRE3,17.15
2019-05-10,DIRR3,8.3
2019-05-10,ECOR3,8.7
2019-05-10,EGIE3,42.57
2019-05-10,ELET3,31.7
2019-05-10,ELET6,32.94
2019-05-10,EMBR3,19.29
2019-05-10,ENBR3,17.39
2019-05-10,ENEV3,20.69
2019-05-10,ENGI11,41.8
2019-05-10,EQTL3,81.03
2019-05-10,ESTC3,28.5
2019-05-10,EZTC3,21.9
2019-05-10,FLRY3,19.96
2019-05-10,GGBR4,14.15
2019-05-10,GNDI3,34.29
2019-05-10,GOAU4,6.75
2019-05-10,GOLL4,25.5
2019-05-10,HAPV3,35.0
2019-05-10,HGTX3,32.4
2019-05-10,HYPE3,29.6
2019-05-10,IGTA3,38.32
2019-05-10,IRBR3,101.08
2019-05-10,ITSA4,11.45
2019-05-10,ITUB4,32.41
2019-05-10,JBSS3,20.03
2019-05-10,JHSF3,2.34
2019-05-10,KLBN11,16.4
2019-05-10,KROT3,10.1
2019-05-10,LAME4,15.16
2019-05-10,LCAM3,41.25
2019-05-10,LOGG3,18.3
2019-05-10,LREN3,41.4
2019-05-10,MGLU3,186.5
2019-05-10,MRFG3,6.37
2019-05-10,MRVE3,15.59
2019-05-10,MULT3,23.92
2019-05-10,NATU3,52.99
2019-05-10,PCAR4,83.74
2019-05-10,PETR3,29.35
2019-05-10,PETR4,26.68
2019-05-10,POMO4,3.59
2019-05-10,PRIO3,17.52
2019-05-10,PSSA3,52.0
2019-05-10,QUAL3,18.04
2019-05-10,RADL3,68.07
2019-05-10,RAIL3,17.28
2019-05-10,RENT3,36.74
2019-05-10,SANB11,43.44
2019-05-10,SBSP3,45.8
2019-05-10,SLCE3,19.4
2019-05-10,SMLS3,44.4
2019-05-10,SMTO3,19.61
2019-05-10,STBP3,3.85
2019-05-10,SULA11,32.5
2019-05-10,SUZB3,40.31
2019-05-10,TAEE11,25.99
2019-05-10,TEND3,19.3
2019-05-10,TIMP3,10.89
2019-05-10,TOTS3,41.25
2019-05-10,TRPL4,21.11
2019-05-10,UGPA3,21.7
2019-05-10,USIM5,8.43
2019-05-10,VALE3,49.46
2019-05-10,VIVT3,41.39
2019-05-10,VIVT4,45.33
2019-05-10,VVAR3,4.61
2019-05-10,WEGE3,18.43
2019-05-13,ABEV3,17.01
2019-05-13,ALPA4,16.48
2019-05-13,ARZZ3,48.27
2019-05-13,AZUL4,36.6
2019-05-13,B3SA3,32.34
2019-05-13,BBAS3,48.37
2019-05-13,BBDC3,29.2
2019-05-13,BBDC4,33.7
2019-05-13,BBSE3,28.0
2019-05-13,BEEF3,7.75
2019-05-13,BIDI4,56.8
2019-05-13,BPAC11,41.75
2019-05-13,BPAN4,3.37
2019-05-13,BRAP4,29.75
2019-05-13,BRDT3,23.58
2019-05-13,BRFS3,29.98
2019-05-13,BRKM5,37.25
2019-05-13,BRML3,11.8
2019-05-13,BTOW3,32.3
2019-05-13,CCRO3,12.14
2019-05-13,CIEL3,7.36
2019-05-13,CMIG4,13.23
2019-05-13,CPFE3,30.44
2019-05-13,CPLE3,40.9
2019-05-13,CPLE6,43.88
2019-05-13,CRFB3,19.8
2019-05-13,CSAN3,44.49
2019-05-13,CSMG3,60.0
2019-05-13,CSNA3,13.71
2019-05-13,CVCB3,49.5
2019-05-13,CYRE3,16.7
2019-05-13,DIRR3,8.65
2019-05-13,ECOR3,8.33
2019-05-13,EGIE3,42.34
2019-05-13,ELET3,30.1
2019-05-13,ELET6,32.14
2019-05-13,EMBR3,18.91
2019-05-13,ENBR3,17.12
2019-05-13,ENEV3,20.59
2019-05-13,ENGI11,41.41
2019-05-13,EQTL3,79.31
2019-05-13,ESTC3,28.3
2019-05-13,EZTC3,20.98
2019-05-13,FLRY3,19.6
2019-05-13,GGBR4,13.81
2019-05-13,GNDI3,34.95
2019-05-13,GOAU4,6.53
2019-05-13,GOLL4,23.71
2019-05-13,HAPV3,34.8
2019-05-13,HGTX3,31.69
2019-05-13,HYPE3,29.15
2019-05-13,IGTA3,37.91
2019-05-13,IRBR3,97.85
2019-05-13,ITSA4,11.25
2019-05-13,ITUB4,31.9
2019-05-13,JBSS3,19.74
2019-05-13,JHSF3,2.29
2019-05-13,KLBN11,15.78
2019-05-13,KROT3,10.0
2019-05-13,LAME4,14.9
2019-05-13,LCAM3,40.2
2019-05-13,LOGG3,18.0
2019-05-13,LREN3,40.45
2019-05-13,MGLU3,180.02
2019-05-13,MRFG3,6.32
2019-05-13,MRVE3,15.39
2019-05-13,MULT3,23.19
2019-05-13,NATU3,51.9
2019-05-13,PCAR4,80.41
2019-05-13,PETR3,28.51
2019-05-13,PETR4,25.9
2019-05-13,POMO4,3.54
2019-05-13,PRIO3,16.59
2019-05-13,PSSA3,51.4
2019-05-13,QUAL3,17.45
2019-05-13,RADL3,67.55
2019-05-13,RAIL3,17.11
2019-05-13,RENT3,35.0
2019-05-13,SANB11,42.4
2019-05-13,SBSP3,42.6
2019-05-13,SLCE3,18.4
2019-05-13,SMLS3,42.9
2019-05-13,SMTO3,19.38
2019-05-13,STBP3,3.8
2019-05-13,SULA11,32.03
2019-05-13,SUZB3,38.13
2019-05-13,TAEE11,25.38
2019-05-13,TEND3,19.0
2019-05-13,TIMP3,10.6
2019-05-13,TOTS3,41.38
2019-05-13,TRPL4,20.77
2019-05-13,UGPA3,21.0
2019-05-13,USIM5,8.18
2019-05-13,VALE3,47.43
2019-05-13,VIVT3,40.5
2019-05-13,VIVT4,44.9
2019-05-13,VVAR3,4.73
2019-05-13,WEGE3,18.0
2019-05-14,ABEV3,16.94
2019-05-14,ALPA4,16.85
2019-05-14,ARZZ3,48.0
2019-05-14,AZUL4,35.15
2019-05-14,B3SA3,32.6
2019-05-14,BBAS3,47.9
2019-05-14,BBDC3,28.95
2019-05-14,BBDC4,33.6
2019-05-14,BBSE3,28.6
2019-05-14,BEEF3,8.1
2019-05-14,BIDI4,55.2
2019-05-14,BPAC11,40.79
2019-05-14,BPAN4,3.31
2019-05-14,BRAP4,29.7
2019-05-14,BRDT3,22.95
2019-05-14,BRFS3,31.26
2019-05-14,BRKM5,38.59
2019-05-14,BRML3,11.92
2019-05-14,BTOW3,32.0
2019-05-14,CCRO3,12.22
2019-05-14,CIEL3,7.39
2019-05-14,CMIG4,13.38
2019-05-14,CPFE3,30.02
2019-05-14,CPLE3,40.95
2019-05-14,CPLE6,43.25
2019-05-14,CRFB3,20.04
2019-05-14,CSAN3,44.2
2019-05-14,CSMG3,60.0
2019-05-14,CSNA3,14.33
2019-05-14,CVCB3,51.17
2019-05-14,CYRE3,16.6
2019-05-14,DIRR3,8.92
2019-05-14,ECOR3,8.38
2019-05-14,EGIE3,41.8
2019-05-14,ELET3,32.16
2019-05-14,ELET6,33.45
2019-05-14,EMBR3,18.93
2019-05-14,ENBR3,17.25
2019-05-14,ENEV3,20.69
2019-05-14,ENGI11,42.79
2019-05-14,EQTL3,80.02
2019-05-14,ESTC3,28.15
2019-05-14,EZTC3,21.36
2019-05-14,FLRY3,19.74
2019-05-14,GGBR4,13.95
2019-05-14,GNDI3,36.5
2019-05-14,GOAU4,6.64
2019-05-14,GOLL4,23.05
2019-05-14,HAPV3,34.81
2019-05-14,HGTX3,30.9
2019-05-14,HYPE3,29.1
2019-05-14,IGTA3,37.6
2019-05-14,IRBR3,98.49
2019-05-14,ITSA4,11.27
2019-05-14,ITUB4,31.75
2019-05-14,JBSS3,21.39
2019-05-14,JHSF3,2.31
2019-05-14,KLBN11,15.64
2019-05-14,KROT3,9.96
2019-05-14,LAME4,15.1
2019-05-14,LCAM3,41.81
2019-05-14,LOGG3,18.0
2019-05-14,LREN3,40.05
2019-05-14,MGLU3,178.25
2019-05-14,MRFG3,6.49
2019-05-14,MRVE3,15.6
2019-05-14,MULT3,22.99
2019-05-14,NATU3,52.27
2019-05-14,PCAR4,82.9
2019-05-14,PETR3,28.52
2019-05-14,PETR4,26.0
2019-05-14,POMO4,3.43
2019-05-14,PRIO3,17.05
2019-05-14,PSSA3,51.3
2019-05-14,QUAL3,17.68
2019-05-14,RADL3,67.55
2019-05-14,RAIL3,17.15
2019-05-14,RENT3,35.97
2019-05-14,SANB11,43.5
2019-05-14,SBSP3,43.21
2019-05-14,SLCE3,18.6
2019-05-14,SMLS3,41.55
2019-05-14,SMTO3,19.05
2019-05-14,STBP3,3.85
2019-05-14,SULA11,32.3
2019-05-14,SUZB3,37.45
2019-05-14,TAEE11,25.7
2019-05-14,TEND3,19.3
2019-05-14,TIMP3,10.64
2019-05-14,TOTS3,40.01
2019-05-14,TRPL4,20.9
2019-05-14,UGPA3,21.25
2019-05-14,USIM5,8.15
2019-05-14,VALE3,47.59
2019-05-14,VIVT3,40.72
2019-05-14,VIVT4,44.9
2019-05-14,VVAR3,4.55
2019-05-14,WEGE3,18.01
2019-05-15,ABEV3,16.61
2019-05-15,ALPA4,17.0
2019-05-15,ARZZ3,47.88
2019-05-15,AZUL4,34.63
2019-05-15,B3SA3,32.5
2019-05-15,BBAS3,47.11
2019-05-15,BBDC3,28.69
2019-05-15,BBDC4,33.24
2019-05-15,BBSE3,28.25
2019-05-15,BEEF3,8.05
2019-05-15,BIDI4,56.5
2019-05-15,BPAC11,40.0
2019-05-15,BPAN4,3.23
2019-05-15,BRAP4,29.81
2019-05-15,BRDT3,22.75
2019-05-15,BRFS3,31.53
2019-05-15,BRKM5,38.55
2019-05-15,BRML3,11.79
2019-05-15,BTOW3,32.33
2019-05-15,CCRO3,12.05
2019-05-15,CIEL3,7.41
2019-05-15,CMIG4,13.08
2019-05-15,CPFE3,29.72
2019-05-15,CPLE3,42.3
2019-05-15,CPLE6,45.13
2019-05-15,CRFB3,20.2
2019-05-15,CSAN3,43.8
2019-05-15,CSMG3,59.28
2019-05-15,CSNA3,14.33
2019-05-15,CVCB3,50.0
2019-05-15,CYRE3,15.95
2019-05-15,DIRR3,8.95
2019-05-15,ECOR3,8.27
2019-05-15,EGIE3,42.0
2019-05-15,ELET3,31.99
2019-05-15,ELET6,33.39
2019-05-15,EMBR3,18.14
2019-05-15,ENBR3,17.1
2019-05-15,ENEV3,20.44
2019-05-15,ENGI11,42.85
2019-05-15,EQTL3,82.09
2019-05-15,ESTC3,27.38
2019-05-15,EZTC3,20.77
2019-05-15,FLRY3,19.86
2019-05-15,GGBR4,13.92
2019-05-15,GNDI3,37.2
2019-05-15,GOAU4,6.51
2019-05-15,GOLL4,22.66
2019-05-15,HAPV3,35.0
2019-05-15,HGTX3,29.91
2019-05-15,HYPE3,28.73
2019-05-15,IGTA3,36.95
2019-05-15,IRBR3,97.0
2019-05-15,ITSA4,11.25
2019-05-15,ITUB4,31.85
2019-05-15,JBSS3,22.01
2019-05-15,JHSF3,2.23
2019-05-15,KLBN11,15.49
2019-05-15,KROT3,9.44
2019-05-15,LAME4,15.12
2019-05-15,LCAM3,41.65
2019-05-15,LOGG3,17.5
2019-05-15,LREN3,40.71
2019-05-15,MGLU3,173.0
2019-05-15,MRFG3,6.35
2019-05-15,MRVE3,15.48
2019-05-15,MULT3,22.66
2019-05-15,NATU3,52.0
2019-05-15,PCAR4,82.4
2019-05-15,PETR3,28.32
2019-05-15,PETR4,25.88
2019-05-15,POMO4,3.3
2019-05-15,PRIO3,17.11
2019-05-15,PSSA3,50.4
2019-05-15,QUAL3,18.24
2019-05-15,RADL3,66.32
2019-05-15,RAIL3,16.94
2019-05-15,RENT3,35.99
2019-05-15,SANB11,43.07
2019-05-15,SBSP3,42.22
2019-05-15,SLCE3,18.09
2019-05-15,SMLS3,41.07
2019-05-15,SMTO3,19.03
2019-05-15,STBP3,3.72
2019-05-15,SULA11,32.07
2019-05-15,SUZB3,36.8
2019-05-15,TAEE11,25.1
2019-05-15,TEND3,19.0
2019-05-15,TIMP3,10.66
2019-05-15,TOTS3,39.87
2019-05-15,TRPL4,20.75
2019-05-15,UGPA3,21.19
2019-05-15,USIM5,7.95
2019-05-15,VALE3,47.95
2019-05-15,VIVT3,41.1
2019-05-15,VIVT4,44.85
2019-05-15,VVAR3,4.3
2019-05-15,WEGE3,18.0
2019-05-16,ABEV3,16.64
2019-05-16,ALPA4,17.26
2019-05-16,ARZZ3,47.42
2019-05-16,AZUL4,33.3
2019-05-16,B3SA3,31.9
2019-05-16,BBAS3,45.64
2019-05-16,BBDC3,28.17
2019-05-16,BBDC4,32.85
2019-05-16,BBSE3,28.38
2019-05-16,BEEF3,7.88
2019-05-16,BIDI4,59.0
2019-05-16,BPAC11,39.94
2019-05-16,BPAN4,3.22
2019-05-16,BRAP4,28.82
2019-05-16,BRDT3,21.9
2019-05-16,BRFS3,32.07
2019-05-16,BRKM5,37.69
2019-05-16,BRML3,11.62
2019-05-16,BTOW3,32.02
2019-05-16,CCRO3,11.91
2019-05-16,CIEL3,7.15
2019-05-16,CMIG4,12.7
2019-05-16,CPFE3,29.48
2019-05-16,CPLE3,41.2
2019-05-16,CPLE6,44.15
2019-05-16,CRFB3,19.9
2019-05-16,CSAN3,43.6
2019-05-16,CSMG3,56.56
2019-05-16,CSNA3,14.99
2019-05-16,CVCB3,47.9
2019-05-16,CYRE3,15.54
2019-05-16,DIRR3,8.95
2019-05-16,ECOR3,8.25
2019-05-16,EGIE3,41.56
2019-05-16,ELET3,31.03
2019-05-16,ELET6,32.53
2019-05-16,EMBR3,17.43
2019-05-16,ENBR3,16.99
2019-05-16,ENEV3,20.49
2019-05-16,ENGI11,42.79
2019-05-16,EQTL3,81.0
2019-05-16,ESTC3,26.7
2019-05-16,EZTC3,20.2
2019-05-16,FLRY3,19.6
2019-05-16,GGBR4,13.74
2019-05-16,GNDI3,36.85
2019-05-16,GOAU4,6.38
2019-05-16,GOLL4,20.98
2019-05-16,HAPV3,34.66
2019-05-16,HGTX3,29.4
2019-05-16,HYPE3,28.38
2019-05-16,IGTA3,36.02
2019-05-16,IRBR3,96.77
2019-05-16,ITSA4,11.08
2019-05-16,ITUB4,31.44
2019-05-16,JBSS3,22.69
2019-05-16,JHSF3,2.17
2019-05-16,KLBN11,15.29
2019-05-16,KROT3,9.05
2019-05-16,LAME4,14.75
2019-05-16,LCAM3,40.36
2019-05-16,LOGG3,17.69
2019-05-16,LREN3,39.7
2019-05-16,MGLU3,167.0
2019-05-16,MRFG3,6.85
2019-05-16,MRVE3,14.99
2019-05-16,MULT3,22.19
2019-05-16,NATU3,52.2
2019-05-16,PCAR4,80.04
2019-05-16,PETR3,27.78
2019-05-16,PETR4,25.27
2019-05-16,POMO4,3.21
2019-05-16,PRIO3,18.8
2019-05-16,PSSA3,49.5
2019-05-16,QUAL3,18.24
2019-05-16,RADL3,64.34
2019-05-16,RAIL3,16.72
2019-05-16,RENT3,35.7
2019-05-16,SANB11,41.95
2019-05-16,SBSP3,39.85
2019-05-16,SLCE3,17.33
2019-05-16,SMLS3,39.82
2019-05-16,SMTO3,19.04
2019-05-16,STBP3,3.6
2019-05-16,SULA11,31.64
2019-05-16,SUZB3,35.82
2019-05-16,TAEE11,24.8
2019-05-16,TEND3,18.47
2019-05-16,TIMP3,10.54
2019-05-16,TOTS3,39.0
2019-05-16,TRPL4,20.13
2019-05-16,UGPA3,20.24
2019-05-16,USIM5,7.7
2019-05-16,VALE3,46.4
2019-05-16,VIVT3,40.9
2019-05-16,VIVT4,44.6
2019-05-16,VVAR3,4.09
2019-05-16,WEGE3,18.0
2019-05-17,ABEV3,16.49
2019-05-17,ALPA4,17.3
2019-05-17,ARZZ3,46.44
2019-05-17,AZUL4,32.66
2019-05-17,B3SA3,31.7
2019-05-17,BBAS3,44.85
2019-05-17,BBDC3,28.4
2019-05-17,BBDC4,33.1
2019-05-17,BBSE3,27.82
2019-05-17,BEEF3,7.87
2019-05-17,BIDI4,57.81
2019-05-17,BPAC11,39.2
2019-05-17,BPAN4,3.4
2019-05-17,BRAP4,29.37
2019-05-17,BRDT3,21.41
2019-05-17,BRFS3,31.65
2019-05-17,BRKM5,36.69
2019-05-17,BRML3,11.46
2019-05-17,BTOW3,32.39
2019-05-17,CCRO3,11.77
2019-05-17,CIEL3,6.84
2019-05-17,CMIG4,12.49
2019-05-17,CPFE3,28.9
2019-05-17,CPLE3,40.35
2019-05-17,CPLE6,43.7
2019-05-17,CRFB3,19.85
2019-05-17,CSAN3,42.27
2019-05-17,CSMG3,54.99
2019-05-17,CSNA3,15.39
2019-05-17,CVCB3,46.43
2019-05-17,CYRE3,15.26
2019-05-17,DIRR3,8.87
2019-05-17,ECOR3,8.27
2019-05-17,EGIE3,40.25
2019-05-17,ELET3,30.61
2019-05-17,ELET6,32.28
2019-05-17,EMBR3,18.15
2019-05-17,ENBR3,17.28
2019-05-17,ENEV3,20.45
2019-05-17,ENGI11,43.0
2019-05-17,EQTL3,79.61
2019-05-17,ESTC3,26.4
2019-05-17,EZTC3,19.97
2019-05-17,FLRY3,19.1
2019-05-17,GGBR4,13.74
2019-05-17,GNDI3,37.0
2019-05-17,GOAU4,6.41
2019-05-17,GOLL4,20.5
2019-05-17,HAPV3,34.79
2019-05-17,HGTX3,27.83
2019-05-17,HYPE3,28.47
2019-05-17,IGTA3,35.6
2019-05-17,IRBR3,99.5
2019-05-17,ITSA4,11.08
2019-05-17,ITUB4,31.5
2019-05-17,JBSS3,23.57
2019-05-17,JHSF3,2.17
2019-05-17,KLBN11,15.59
2019-05-17,KROT3,8.8
2019-05-17,LAME4,14.58
2019-05-17,LCAM3,39.81
2019-05-17,LOGG3,17.7
2019-05-17,LREN3,39.4
2019-05-17,MGLU3,168.82
2019-05-17,MRFG3,6.75
2019-05-17,MRVE3,14.8
2019-05-17,MULT3,21.57
2019-05-17,NATU3,53.8
2019-05-17,PCAR4,79.14
2019-05-17,PETR3,27.56
2019-05-17,PETR4,24.68
2019-05-17,POMO4,3.12
2019-05-17,PRIO3,18.69
2019-05-17,PSSA3,49.19
2019-05-17,QUAL3,18.21
2019-05-17,RADL3,63.77
2019-05-17,RAIL3,16.9
2019-05-17,RENT3,34.86
2019-05-17,SANB11,41.82
2019-05-17,SBSP3,40.14
2019-05-17,SLCE3,17.66
2019-05-17,SMLS3,39.32
2019-05-17,SMTO3,18.86
2019-05-17,STBP3,3.61
2019-05-17,SULA11,32.95
2019-05-17,SUZB3,38.0
2019-05-17,TAEE11,24.24
2019-05-17,TEND3,18.35
2019-05-17,TIMP3,10.64
2019-05-17,TOTS3,38.5
2019-05-17,TRPL4,19.87
2019-05-17,UGPA3,19.37
2019-05-17,USIM5,7.89
2019-05-17,VALE3,47.72
2019-05-17,VIVT3,41.05
2019-05-17,VIVT4,44.98
2019-05-17,VVAR3,4.03
2019-05-17,WEGE3,18.13
2019-05-20,ABEV3,16.49
2019-05-20,ALPA4,17.61
2019-05-20,ARZZ3,47.05
2019-05-20,AZUL4,33.41
2019-05-20,B3SA3,32.71
2019-05-20,BBAS3,46.57
2019-05-20,BBDC3,29.38
2019-05-20,BBDC4,34.0
2019-05-20,BBSE3,28.35
2019-05-20,BEEF3,7.95
2019-05-20,BIDI4,60.97
2019-05-20,BPAC11,39.38
2019-05-20,BPAN4,3.79
2019-05-20,BRAP4,29.29
2019-05-20,BRDT3,22.48
2019-05-20,BRFS3,31.82
2019-05-20,BRKM5,40.4
2019-05-20,BRML3,11.86
2019-05-20,BTOW3,33.91
2019-05-20,CCRO3,12.27
2019-05-20,CIEL3,6.95
2019-05-20,CMIG4,13.2
2019-05-20,CPFE3,29.1
2019-05-20,CPLE3,41.35
2019-05-20,CPLE6,44.9
2019-05-20,CRFB3,20.09
2019-05-20,CSAN3,44.35
2019-05-20,CSMG3,56.91
2019-05-20,CSNA3,15.39
2019-05-20,CVCB3,47.3
2019-05-20,CYRE3,16.31
2019-05-20,DIRR3,9.0
2019-05-20,ECOR3,8.44
2019-05-20,EGIE3,41.9
2019-05-20,ELET3,32.01
2019-05-20,ELET6,33.37
2019-05-20,EMBR3,18.61
2019-05-20,ENBR3,17.94
2019-05-20,ENEV3,20.3
2019-05-20,ENGI11,43.23
2019-05-20,EQTL3,82.3
2019-05-20,ESTC3,27.53
2019-05-20,EZTC3,20.85
2019-05-20,FLRY3,19.02
2019-05-20,GGBR4,13.78
2019-05-20,GNDI3,37.0
2019-05-20,GOAU4,6.49
2019-05-20,GOLL4,20.85
2019-05-20,HAPV3,35.5
2019-05-20,HGTX3,28.15
2019-05-20,HYPE3,29.15
2019-05-20,IGTA3,37.13
2019-05-20,IRBR3,104.21
2019-05-20,ITSA4,11.44
2019-05-20,ITUB4,32.32
2019-05-20,JBSS3,24.01
2019-05-20,JHSF3,2.27
2019-05-20,KLBN11,15.77
2019-05-20,KROT3,9.08
2019-05-20,LAME4,15.3
2019-05-20,LCAM3,40.15
2019-05-20,LOGG3,17.75
2019-05-20,LREN3,40.88
2019-05-20,MGLU3,173.0
2019-05-20,MRFG3,7.18
2019-05-20,MRVE3,15.62
2019-05-20,MULT3,22.95
2019-05-20,NATU3,56.0
2019-05-20,PCAR4,81.12
2019-05-20,PETR3,28.07
2019-05-20,PETR4,25.52
2019-05-20,POMO4,3.31
2019-05-20,PRIO3,18.83
2019-05-20,PSSA3,49.7
2019-05-20,QUAL3,18.75
2019-05-20,RADL3,65.0
2019-05-20,RAIL3,17.1
2019-05-20,RENT3,36.4
2019-05-20,SANB11,43.07
2019-05-20,SBSP3,41.09
2019-05-20,SLCE3,18.09
2019-05-20,SMLS3,40.62
2019-05-20,SMTO3,19.12
2019-05-20,STBP3,3.66
2019-05-20,SULA11,33.1
2019-05-20,SUZB3,37.27
2019-05-20,TAEE11,24.89
2019-05-20,TEND3,18.86
2019-05-20,TIMP3,10.72
2019-05-20,TOTS3,38.65
2019-05-20,TRPL4,20.6
2019-05-20,UGPA3,19.75
2019-05-20,USIM5,8.01
2019-05-20,VALE3,46.75
2019-05-20,VIVT3,40.85
2019-05-20,VIVT4,45.72
2019-05-20,VVAR3,4.11
2019-05-20,WEGE3,18.48
2019-05-21,ABEV3,17.09
2019-05-21,ALPA4,18.0
2019-05-21,ARZZ3,49.0
2019-05-21,AZUL4,35.24
2019-05-21,B3SA3,34.32
2019-05-21,BBAS3,49.23
2019-05-21,BBDC3,30.65
2019-05-21,BBDC4,35.4
2019-05-21,BBSE3,28.34
2019-05-21,BEEF3,7.84
2019-05-21,BIDI4,64.2
2019-05-21,BPAC11,42.56
2019-05-21,BPAN4,3.86
2019-05-21,BRAP4,29.69
2019-05-21,BRDT3,23.43
2019-05-21,BRFS3,30.04
2019-05-21,BRKM5,43.15
2019-05-21,BRML3,12.21
2019-05-21,BTOW3,34.6
2019-05-21,CCRO3,12.8
2019-05-21,CIEL3,7.09
2019-05-21,CMIG4,13.89
2019-05-21,CPFE3,30.0
2019-05-21,CPLE3,41.9
2019-05-21,CPLE6,45.35
2019-05-21,CRFB3,20.45
2019-05-21,CSAN3,45.25
2019-05-21,CSMG3,57.43
2019-05-21,CSNA3,16.62
2019-05-21,CVCB3,50.3
2019-05-21,CYRE3,16.74
2019-05-21,DIRR3,9.43
2019-05-21,ECOR3,8.79
2019-05-21,EGIE3,42.28
2019-05-21,ELET3,33.6
2019-05-21,ELET6,34.75
2019-05-21,EMBR3,18.87
2019-05-21,ENBR3,18.8
2019-05-21,ENEV3,20.7
2019-05-21,ENGI11,43.99
2019-05-21,EQTL3,83.8
2019-05-21,ESTC3,28.1
2019-05-21,EZTC3,21.08
2019-05-21,FLRY3,19.56
2019-05-21,GGBR4,14.29
2019-05-21,GNDI3,38.6
2019-05-21,GOAU4,6.73
2019-05-21,GOLL4,22.3
2019-05-21,HAPV3,36.61
2019-05-21,HGTX3,29.46
2019-05-21,HYPE3,30.0
2019-05-21,IGTA3,38.11
2019-05-21,IRBR3,103.9
2019-05-21,ITSA4,11.79
2019-05-21,ITUB4,33.56
2019-05-21,JBSS3,22.44
2019-05-21,JHSF3,2.35
2019-05-21,KLBN11,16.4
2019-05-21,KROT3,9.5
2019-05-21,LAME4,15.55
2019-05-21,LCAM3,40.4
2019-05-21,LOGG3,17.75
2019-05-21,LREN3,42.0
2019-05-21,MGLU3,179.41
2019-05-21,MRFG3,7.04
2019-05-21,MRVE3,15.95
2019-05-21,MULT3,23.3
2019-05-21,NATU3,56.2
2019-05-21,PCAR4,83.34
2019-05-21,PETR3,28.8
2019-05-21,PETR4,26.49
2019-05-21,POMO4,3.46
2019-05-21,PRIO3,18.64
2019-05-21,PSSA3,50.71
2019-05-21,QUAL3,19.41
2019-05-21,RADL3,67.0
2019-05-21,RAIL3,17.49
2019-05-21,RENT3,36.31
2019-05-21,SANB11,44.58
2019-05-21,SBSP3,40.9
2019-05-21,SLCE3,17.55
2019-05-21,SMLS3,41.25
2019-05-21,SMTO3,19.6
2019-05-21,STBP3,3.75
2019-05-21,SULA11,33.78
2019-05-21,SUZB3,36.98
2019-05-21,TAEE11,25.05
2019-05-21,TEND3,19.05
2019-05-21,TIMP3,10.75
2019-05-21,TOTS3,41.02
2019-05-21,TRPL4,20.76
2019-05-21,UGPA3,20.71
2019-05-21,USIM5,8.43
2019-05-21,VALE3,47.41
2019-05-21,VIVT3,41.3
2019-05-21,VIVT4,46.2
2019-05-21,VVAR3,4.31
2019-05-21,WEGE3,18.8
2019-05-22,ABEV3,17.21
2019-05-22,ALPA4,17.75
2019-05-22,ARZZ3,49.09
2019-05-22,AZUL4,35.68
2019-05-22,B3SA3,33.98
2019-05-22,BBAS3,48.82
2019-05-22,BBDC3,30.21
2019-05-22,BBDC4,34.77
2019-05-22,BBSE3,28.3
2019-05-22,BEEF3,7.65
2019-05-22,BIDI4,63.24
2019-05-22,BPAC11,43.95
2019-05-22,BPAN4,4.76
2019-05-22,BRAP4,29.54
2019-05-22,BRDT3,23.0
2019-05-22,BRFS3,30.59
2019-05-22,BRKM5,42.5
2019-05-22,BRML3,12.1
2019-05-22,BTOW3,33.3
2019-05-22,CCRO3,12.57
2019-05-22,CIEL3,7.3
2019-05-22,CMIG4,13.82
2019-05-22,CPFE3,30.13
2019-05-22,CPLE3,41.99
2019-05-22,CPLE6,45.65
2019-05-22,CRFB3,20.85
2019-05-22,CSAN3,45.87
2019-05-22,CSMG3,59.36
2019-05-22,CSNA3,17.14
2019-05-22,CVCB3,49.6
2019-05-22,CYRE3,16.78
2019-05-22,DIRR3,9.48
2019-05-22,ECOR3,8.58
2019-05-22,EGIE3,42.15
2019-05-22,ELET3,33.0
2019-05-22,ELET6,34.58
2019-05-22,EMBR3,19.0
2019-05-22,ENBR3,19.12
2019-05-22,ENEV3,20.85
2019-05-22,ENGI11,44.35
2019-05-22,EQTL3,83.34
2019-05-22,ESTC3,28.7
2019-05-22,EZTC3,20.77
2019-05-22,FLRY3,19.41
2019-05-22,GGBR4,14.29
2019-05-22,GNDI3,38.5
2019-05-22,GOAU4,6.71
2019-05-22,GOLL4,23.55
2019-05-22,HAPV3,36.98
2019-05-22,HGTX3,29.29
2019-05-22,HYPE3,29.67
2019-05-22,IGTA3,38.01
2019-05-22,IRBR3,103.22
2019-05-22,ITSA4,11.72
2019-05-22,ITUB4,33.6
2019-05-22,JBSS3,22.65
2019-05-22,JHSF3,2.36
2019-05-22,KLBN11,16.45
2019-05-22,KROT3,9.47
2019-05-22,LAME4,15.37
2019-05-22,LCAM3,40.44
2019-05-22,LOGG3,17.9
2019-05-22,LREN3,41.44
2019-05-22,MGLU3,180.25
2019-05-22,MRFG3,6.83
2019-05-22,MRVE3,15.97
2019-05-22,MULT3,22.88
2019-05-22,NATU3,61.5
2019-05-22,PCAR4,84.74
2019-05-22,PETR3,28.77
2019-05-22,PETR4,26.29
2019-05-22,POMO4,3.47
2019-05-22,PRIO3,18.37
2019-05-22,PSSA3,51.02
2019-05-22,QUAL3,19.74
2019-05-22,RADL3,66.45
2019-05-22,RAIL3,17.59
2019-05-22,RENT3,36.0
2019-05-22,SANB11,43.85
2019-05-22,SBSP3,42.5
2019-05-22,SLCE3,17.15
2019-05-22,SMLS3,41.59
2019-05-22,SMTO3,19.5
2019-05-22,STBP3,3.7
2019-05-22,SULA11,34.11
2019-05-22,SUZB3,37.35
2019-05-22,TAEE11,25.13
2019-05-22,TEND3,19.4
2019-05-22,TIMP3,10.69
2019-05-22,TOTS3,41.3
2019-05-22,TRPL4,20.99
2019-05-22,UGPA3,20.66
2019-05-22,USIM5,8.45
2019-05-22,VALE3,47.46
2019-05-22,VIVT3,41.6
2019-05-22,VIVT4,46.6
2019-05-22,VVAR3,4.32
2019-05-22,WEGE3,18.77
2019-05-23,ABEV3,17.21
2019-05-23,ALPA4,18.12
2019-05-23,ARZZ3,49.06
2019-05-23,AZUL4,35.31
2019-05-23,B3SA3,34.34
2019-05-23,BBAS3,48.9
2019-05-23,BBDC3,30.22
2019-05-23,BBDC4,34.6
2019-05-23,BBSE3,28.71
2019-05-23,BEEF3,7.96
2019-05-23,BIDI4,64.45
2019-05-23,BPAC11,43.97
2019-05-23,BPAN4,5.5
2019-05-23,BRAP4,29.59
2019-05-23,BRDT3,23.09
2019-05-23,BRFS3,30.9
2019-05-23,BRKM5,42.82
2019-05-23,BRML3,12.1
2019-05-23,BTOW3,31.5
2019-05-23,CCRO3,12.55
2019-05-23,CIEL3,7.5
2019-05-23,CMIG4,13.73
2019-05-23,CPFE3,30.03
2019-05-23,CPLE3,41.62
2019-05-23,CPLE6,44.86
2019-05-23,CRFB3,21.21
2019-05-23,CSAN3,45.85
2019-05-23,CSMG3,57.42
2019-05-23,CSNA3,16.95
2019-05-23,CVCB3,48.0
2019-05-23,CYRE3,16.5
2019-05-23,DIRR3,9.64
2019-05-23,ECOR3,8.65
2019-05-23,EGIE3,41.62
2019-05-23,ELET3,32.75
2019-05-23,ELET6,34.61
2019-05-23,EMBR3,18.74
2019-05-23,ENBR3,19.0
2019-05-23,ENEV3,21.1
2019-05-23,ENGI11,43.7
2019-05-23,EQTL3,82.5
2019-05-23,ESTC3,28.1
2019-05-23,EZTC3,20.7
2019-05-23,FLRY3,19.61
2019-05-23,GGBR4,13.95
2019-05-23,GNDI3,38.67
2019-05-23,GOAU4,6.52
2019-05-23,GOLL4,23.64
2019-05-23,HAPV3,37.5
2019-05-23,HGTX3,28.89
2019-05-23,HYPE3,30.09
2019-05-23,IGTA3,37.99
2019-05-23,IRBR3,102.8
2019-05-23,ITSA4,11.68
2019-05-23,ITUB4,33.53
2019-05-23,JBSS3,22.27
2019-05-23,JHSF3,2.37
2019-05-23,KLBN11,16.03
2019-05-23,KROT3,9.6
2019-05-23,LAME4,15.1
2019-05-23,LCAM3,40.75
2019-05-23,LOGG3,18.0
2019-05-23,LREN3,41.31
2019-05-23,MGLU3,180.45
2019-05-23,MRFG3,6.79
2019-05-23,MRVE3,15.96
2019-05-23,MULT3,23.03
2019-05-23,NATU3,56.25
2019-05-23,PCAR4,84.07
2019-05-23,PETR3,28.27
2019-05-23,PETR4,25.84
2019-05-23,POMO4,3.45
2019-05-23,PRIO3,17.53
2019-05-23,PSSA3,52.06
2019-05-23,QUAL3,19.64
2019-05-23,RADL3,65.69
2019-05-23,RAIL3,17.81
2019-05-23,RENT3,36.36
2019-05-23,SANB11,42.6
2019-05-23,SBSP3,41.3
2019-05-23,SLCE3,17.11
2019-05-23,SMLS3,43.97
2019-05-23,SMTO3,19.5
2019-05-23,STBP3,3.78
2019-05-23,SULA11,33.73
2019-05-23,SUZB3,36.81
2019-05-23,TAEE11,25.24
2019-05-23,TEND3,19.1
2019-05-23,TIMP3,10.55
2019-05-23,TOTS3,39.84
2019-05-23,TRPL4,20.78
2019-05-23,UGPA3,19.95
2019-05-23,USIM5,8.15
2019-05-23,VALE3,47.82
2019-05-23,VIVT3,40.96
2019-05-23,VIVT4,47.0
2019-05-23,VVAR3,4.2
2019-05-23,WEGE3,18.5
2019-05-24,ABEV3,17.06
2019-05-24,ALPA4,17.86
2019-05-24,ARZZ3,48.45
2019-05-24,AZUL4,35.45
2019-05-24,B3SA3,34.2
2019-05-24,BBAS3,49.62
2019-05-24,BBDC3,30.02
2019-05-24,BBDC4,34.26
2019-05-24,BBSE3,28.6
2019-05-24,BEEF3,7.88
2019-05-24,BIDI4,64.6
2019-05-24,BPAC11,43.7
2019-05-24,BPAN4,5.08
2019-05-24,BRAP4,30.21
2019-05-24,BRDT3,23.03
2019-05-24,BRFS3,31.85
2019-05-24,BRKM5,41.15
2019-05-24,BRML3,12.07
2019-05-24,BTOW3,30.43
2019-05-24,CCRO3,12.8
2019-05-24,CIEL3,7.58
2019-05-24,CMIG4,13.5
2019-05-24,CPFE3,29.9
2019-05-24,CPLE3,41.4
2019-05-24,CPLE6,44.17
2019-05-24,CRFB3,21.05
2019-05-24,CSAN3,44.5
2019-05-24,CSMG3,56.5
2019-05-24,CSNA3,17.23
2019-05-24,CVCB3,47.3
2019-05-24,CYRE3,16.38
2019-05-24,DIRR3,9.34
2019-05-24,ECOR3,8.64
2019-05-24,EGIE3,41.76
2019-05-24,ELET3,33.03
2019-05-24,ELET6,34.68
2019-05-24,EMBR3,18.51
2019-05-24,ENBR3,18.62
2019-05-24,ENEV3,21.1
2019-05-24,ENGI11,42.9
2019-05-24,EQTL3,81.26
2019-05-24,ESTC3,28.2
2019-05-24,EZTC3,20.3
2019-05-24,FLRY3,19.44
2019-05-24,GGBR4,13.85
2019-05-24,GNDI3,38.38
2019-05-24,GOAU4,6.52
2019-05-24,GOLL4,24.86
2019-05-24,HAPV3,37.3
2019-05-24,HGTX3,28.25
2019-05-24,HYPE3,29.53
2019-05-24,IGTA3,37.63
2019-05-24,IRBR3,99.9
2019-05-24,ITSA4,11.55
2019-05-24,ITUB4,33.03
2019-05-24,JBSS3,23.22
2019-05-24,JHSF3,2.32
2019-05-24,KLBN11,15.32
2019-05-24,KROT3,9.5
2019-05-24,LAME4,15.1
2019-05-24,LCAM3,41.2
2019-05-24,LOGG3,17.75
2019-05-24,LREN3,41.0
2019-05-24,MGLU3,176.85
2019-05-24,MRFG3,7.01
2019-05-24,MRVE3,15.97
2019-05-24,MULT3,22.76
2019-05-24,NATU3,58.38
2019-05-24,PCAR4,83.0
2019-05-24,PETR3,28.33
2019-05-24,PETR4,26.09
2019-05-24,POMO4,3.46
2019-05-24,PRIO3,17.37
2019-05-24,PSSA3,51.6
2019-05-24,QUAL3,19.55
2019-05-24,RADL3,65.6
2019-05-24,RAIL3,18.1
2019-05-24,RENT3,36.35
2019-05-24,SANB11,42.7
2019-05-24,SBSP3,40.37
2019-05-24,SLCE3,16.95
2019-05-24,SMLS3,45.0
2019-05-24,SMTO3,19.5
2019-05-24,STBP3,3.78
2019-05-24,SULA11,33.5
2019-05-24,SUZB3,34.09
2019-05-24,TAEE11,25.1
2019-05-24,TEND3,19.2
2019-05-24,TIMP3,10.66
2019-05-24,TOTS3,40.0
2019-05-24,TRPL4,21.05
2019-05-24,UGPA3,19.45
2019-05-24,USIM5,8.2
2019-05-24,VALE3,48.31
2019-05-24,VIVT3,41.48
2019-05-24,VIVT4,46.34
2019-05-24,VVAR3,4.2
2019-05-24,WEGE3,18.19
2019-05-27,ABEV3,17.22
2019-05-27,ALPA4,17.96
2019-05-27,ARZZ3,48.16
2019-05-27,AZUL4,36.45
2019-05-27,B3SA3,34.71
2019-05-27,BBAS3,50.59
2019-05-27,BBDC3,30.45
2019-05-27,BBDC4,34.75
2019-05-27,BBSE3,29.29
2019-05-27,BEEF3,8.01
2019-05-27,BIDI4,65.54
2019-05-27,BPAC11,44.2
2019-05-27,BPAN4,5.35
2019-05-27,BRAP4,31.07
2019-05-27,BRDT3,23.1
2019-05-27,BRFS3,31.5
2019-05-27,BRKM5,41.3
2019-05-27,BRML3,12.13
2019-05-27,BTOW3,30.45
2019-05-27,CCRO3,13.15
2019-05-27,CIEL3,7.25
2019-05-27,CMIG4,13.71
2019-05-27,CPFE3,29.8
2019-05-27,CPLE3,42.35
2019-05-27,CPLE6,44.85
2019-05-27,CRFB3,21.25
2019-05-27,CSAN3,45.07
2019-05-27,CSMG3,57.48
2019-05-27,CSNA3,18.2
2019-05-27,CVCB3,47.7
2019-05-27,CYRE3,16.78
2019-05-27,DIRR3,9.66
2019-05-27,ECOR3,9.08
2019-05-27,EGIE3,41.92
2019-05-27,ELET3,33.39
2019-05-27,ELET6,34.71
2019-05-27,EMBR3,18.82
2019-05-27,ENBR3,18.7
2019-05-27,ENEV3,21.19
2019-05-27,ENGI11,43.3
2019-05-27,EQTL3,81.99
2019-05-27,ESTC3,29.35
2019-05-27,EZTC3,20.75
2019-05-27,FLRY3,19.6
2019-05-27,GGBR4,13.82
2019-05-27,GNDI3,38.75
2019-05-27,GOAU4,6.5
2019-05-27,GOLL4,25.5
2019-05-27,HAPV3,37.15
2019-05-27,HGTX3,28.2
2019-05-27,HYPE3,29.99
2019-05-27,IGTA3,38.13
2019-05-27,IRBR3,99.26
2019-05-27,ITSA4,11.58
2019-05-27,ITUB4,33.15
2019-05-27,JBSS3,22.51
2019-05-27,JHSF3,2.35
2019-05-27,KLBN11,15.41
2019-05-27,KROT3,9.98
2019-05-27,LAME4,15.29
2019-05-27,LCAM3,42.26
2019-05-27,LOGG3,17.91
2019-05-27,LREN3,41.58
2019-05-27,MGLU3,178.0
2019-05-27,MRFG3,7.08
2019-05-27,MRVE3,16.65
2019-05-27,MULT3,23.16
2019-05-27,NATU3,61.35
2019-05-27,PCAR4,83.76
2019-05-27,PETR3,28.74
2019-05-27,PETR4,26.24
2019-05-27,POMO4,3.53
2019-05-27,PRIO3,17.98
2019-05-27,PSSA3,51.19
2019-05-27,QUAL3,19.53
2019-05-27,RADL3,65.72
2019-05-27,RAIL3,18.3
2019-05-27,RENT3,37.22
2019-05-27,SANB11,43.65
2019-05-27,SBSP3,42.0
2019-05-27,SLCE3,17.29
2019-05-27,SMLS3,45.7
2019-05-27,SMTO3,19.57
2019-05-27,STBP3,3.75
2019-05-27,SULA11,33.33
2019-05-27,SUZB3,34.41
2019-05-27,TAEE11,25.19
2019-05-27,TEND3,19.94
2019-05-27,TIMP3,10.71
2019-05-27,TOTS3,40.0
2019-05-27,TRPL4,21.2
2019-05-27,UGPA3,19.65
2019-05-27,USIM5,8.23
2019-05-27,VALE3,50.19
2019-05-27,VIVT3,40.92
2019-05-27,VIVT4,46.75
2019-05-27,VVAR3,4.26
2019-05-27,WEGE3,18.29
2019-05-28,ABEV3,17.31
2019-05-28,ALPA4,18.17
2019-05-28,ARZZ3,47.85
2019-05-28,AZUL4,38.25
2019-05-28,B3SA3,35.74
2019-05-28,BBAS3,51.25
2019-05-28,BBDC3,31.47
2019-05-28,BBDC4,35.71
2019-05-28,BBSE3,29.73
2019-05-28,BEEF3,7.9
2019-05-28,BIDI4,68.5
2019-05-28,BPAC11,43.67
2019-05-28,BPAN4,5.35
2019-05-28,BRAP4,31.02
2019-05-28,BRDT3,23.64
2019-05-28,BRFS3,30.4
2019-05-28,BRKM5,42.18
2019-05-28,BRML3,12.41
2019-05-28,BTOW3,32.45
2019-05-28,CCRO3,13.15
2019-05-28,CIEL3,7.06
2019-05-28,CMIG4,14.0
2019-05-28,CPFE3,29.72
2019-05-28,CPLE3,43.0
2019-05-28,CPLE6,45.22
2019-05-28,CRFB3,22.4
2019-05-28,CSAN3,45.95
2019-05-28,CSMG3,58.31
2019-05-28,CSNA3,17.43
2019-05-28,CVCB3,48.8
2019-05-28,CYRE3,16.71
2019-05-28,DIRR3,9.86
2019-05-28,ECOR3,9.03
2019-05-28,EGIE3,42.57
2019-05-28,ELET3,33.45
2019-05-28,ELET6,34.7
2019-05-28,EMBR3,19.31
2019-05-28,ENBR3,19.11
2019-05-28,ENEV3,21.28
2019-05-28,ENGI11,43.57
2019-05-28,EQTL3,82.77
2019-05-28,ESTC3,28.84
2019-05-28,EZTC3,20.98
2019-05-28,FLRY3,20.03
2019-05-28,GGBR4,14.14
2019-05-28,GNDI3,40.28
2019-05-28,GOAU4,6.59
2019-05-28,GOLL4,26.49
2019-05-28,HAPV3,36.93
2019-05-28,HGTX3,30.04
2019-05-28,HYPE3,30.72
2019-05-28,IGTA3,38.51
2019-05-28,IRBR3,102.09
2019-05-28,ITSA4,11.87
2019-05-28,ITUB4,34.08
2019-05-28,JBSS3,22.6
2019-05-28,JHSF3,2.37
2019-05-28,KLBN11,15.42
2019-05-28,KROT3,10.03
2019-05-28,LAME4,15.69
2019-05-28,LCAM3,43.27
2019-05-28,LOGG3,18.29
2019-05-28,LREN3,43.07
2019-05-28,MGLU3,189.0
2019-05-28,MRFG3,6.94
2019-05-28,MRVE3,17.08
2019-05-28,MULT3,23.48
2019-05-28,NATU3,61.36
2019-05-28,PCAR4,85.86
2019-05-28,PETR3,29.13
2019-05-28,PETR4,26.8
2019-05-28,POMO4,3.61
2019-05-28,PRIO3,18.48
2019-05-28,PSSA3,52.41
2019-05-28,QUAL3,19.38
2019-05-28,RADL3,67.71
2019-05-28,RAIL3,18.51
2019-05-28,RENT3,37.83
2019-05-28,SANB11,44.59
2019-05-28,SBSP3,42.61
2019-05-28,SLCE3,17.95
2019-05-28,SMLS3,46.82
2019-05-28,SMTO3,19.62
2019-05-28,STBP3,3.89
2019-05-28,SULA11,33.84
2019-05-28,SUZB3,34.48
2019-05-28,TAEE11,25.74
2019-05-28,TEND3,20.37
2019-05-28,TIMP3,10.89
2019-05-28,TOTS3,40.07
2019-05-28,TRPL4,21.4
2019-05-28,UGPA3,19.42
2019-05-28,USIM5,8.26
2019-05-28,VALE3,50.25
2019-05-28,VIVT3,41.88
2019-05-28,VIVT4,47.0
2019-05-28,VVAR3,4.41
2019-05-28,WEGE3,18.85
2019-05-29,ABEV3,17.26
2019-05-29,ALPA4,18.25
2019-05-29,ARZZ3,49.11
2019-05-29,AZUL4,38.15
2019-05-29,B3SA3,36.11
2019-05-29,BBAS3,51.2
2019-05-29,BBDC3,32.05
2019-05-29,BBDC4,36.42
2019-05-29,BBSE3,29.39
2019-05-29,BEEF3,8.05
2019-05-29,BIDI4,69.6
2019-05-29,BPAC11,46.0
2019-05-29,BPAN4,5.8
2019-05-29,BRAP4,30.9
2019-05-29,BRDT3,24.6
2019-05-29,BRFS3,28.73
2019-05-29,BRKM5,42.31
2019-05-29,BRML3,12.61
2019-05-29,BTOW3,32.23
2019-05-29,CCRO3,13.12
2019-05-29,CIEL3,6.76
2019-05-29,CMIG4,14.3
2019-05-29,CPFE3,29.75
2019-05-29,CPLE3,43.6
2019-05-29,CPLE6,46.06
2019-05-29,CRFB3,22.55
2019-05-29,CSAN3,46.4
2019-05-29,CSMG3,60.5
2019-05-29,CSNA3,16.71
2019-05-29,CVCB3,48.85
2019-05-29,CYRE3,16.91
2019-05-29,DIRR3,9.83
2019-05-29,ECOR3,9.05
2019-05-29,EGIE3,43.0
2019-05-29,ELET3,33.64
2019-05-29,ELET6,35.01
2019-05-29,EMBR3,19.28
2019-05-29,ENBR3,18.95
2019-05-29,ENEV3,21.4
2019-05-29,ENGI11,43.0
2019-05-29,EQTL3,83.48
2019-05-29,ESTC3,28.82
2019-05-29,EZTC3,21.0
2019-05-29,FLRY3,20.02
2019-05-29,GGBR4,14.05
2019-05-29,GNDI3,40.85
2019-05-29,GOAU4,6.59
2019-05-29,GOLL4,26.49
2019-05-29,HAPV3,37.14
2019-05-29,HGTX3,29.76
2019-05-29,HYPE3,30.54
2019-05-29,IGTA3,38.8
2019-05-29,IRBR3,102.91
2019-05-29,ITSA4,12.16
2019-05-29,ITUB4,34.72
2019-05-29,JBSS3,21.17
2019-05-29,JHSF3,2.4
2019-05-29,KLBN11,15.48
2019-05-29,KROT3,10.02
2019-05-29,LAME4,16.18
2019-05-29,LCAM3,44.4
2019-05-29,LOGG3,18.24
2019-05-29,LREN3,43.1
2019-05-29,MGLU3,189.27
2019-05-29,MRFG3,6.78
2019-05-29,MRVE3,17.0
2019-05-29,MULT3,23.84
2019-05-29,NATU3,60.95
2019-05-29,PCAR4,85.16
2019-05-29,PETR3,28.9
2019-05-29,PETR4,26.5
2019-05-29,POMO4,3.66
2019-05-29,PRIO3,18.0
2019-05-29,PSSA3,51.4
2019-05-29,QUAL3,19.2
2019-05-29,RADL3,69.4
2019-05-29,RAIL3,19.17
2019-05-29,RENT3,38.13
2019-05-29,SANB11,44.99
2019-05-29,SBSP3,44.44
2019-05-29,SLCE3,18.77
2019-05-29,SMLS3,46.8
2019-05-29,SMTO3,19.77
2019-05-29,STBP3,4.14
2019-05-29,SULA11,33.4
2019-05-29,SUZB3,33.25
2019-05-29,TAEE11,25.6
2019-05-29,TEND3,20.23
2019-05-29,TIMP3,10.84
2019-05-29,TOTS3,40.29
2019-05-29,TRPL4,21.63
2019-05-29,UGPA3,20.05
2019-05-29,USIM5,8.26
2019-05-29,VALE3,49.7
2019-05-29,VIVT3,42.0
2019-05-29,VIVT4,46.84
2019-05-29,VVAR3,4.58
2019-05-29,WEGE3,19.09
2019-05-30,ABEV3,17.43
2019-05-30,ALPA4,18.48
2019-05-30,ARZZ3,49.66
2019-05-30,AZUL4,39.3
2019-05-30,B3SA3,36.7
2019-05-30,BBAS3,51.95
2019-05-30,BBDC3,32.55
2019-05-30,BBDC4,37.09
2019-05-30,BBSE3,29.59
2019-05-30,BEEF3,7.99
2019-05-30,BIDI4,69.49
2019-05-30,BPAC11,48.01
2019-05-30,BPAN4,6.94
2019-05-30,BRAP4,30.89
2019-05-30,BRDT3,24.9
2019-05-30,BRFS3,29.01
2019-05-30,BRKM5,41.11
2019-05-30,BRML3,12.84
2019-05-30,BTOW3,32.42
2019-05-30,CCRO3,13.2
2019-05-30,CIEL3,6.76
2019-05-30,CMIG4,14.6
2019-05-30,CPFE3,30.3
2019-05-30,CPLE3,44.54
2019-05-30,CPLE6,46.79
2019-05-30,CRFB3,23.18
2019-05-30,CSAN3,46.71
2019-05-30,CSMG3,61.5
2019-05-30,CSNA3,16.9
2019-05-30,CVCB3,51.53
2019-05-30,CYRE3,17.17
2019-05-30,DIRR3,9.83
2019-05-30,ECOR3,9.36
2019-05-30,EGIE3,44.21
2019-05-30,ELET3,33.93
2019-05-30,ELET6,34.75
2019-05-30,EMBR3,19.15
2019-05-30,ENBR3,19.1
2019-05-30,ENEV3,21.5
2019-05-30,ENGI11,43.41
2019-05-30,EQTL3,85.4
2019-05-30,ESTC3,28.93
2019-05-30,EZTC3,21.55
2019-05-30,FLRY3,20.14
2019-05-30,GGBR4,13.95
2019-05-30,GNDI3,41.4
2019-05-30,GOAU4,6.55
2019-05-30,GOLL4,27.09
2019-05-30,HAPV3,36.39
2019-05-30,HGTX3,29.25
2019-05-30,HYPE3,30.47
2019-05-30,IGTA3,39.75
2019-05-30,IRBR3,104.3
2019-05-30,ITSA4,12.33
2019-05-30,ITUB4,35.08
2019-05-30,JBSS3,22.27
2019-05-30,JHSF3,2.51
2019-05-30,KLBN11,15.27
2019-05-30,KROT3,10.07
2019-05-30,LAME4,16.42
2019-05-30,LCAM3,43.99
2019-05-30,LOGG3,18.35
2019-05-30,LREN3,43.95
2019-05-30,MGLU3,192.89
2019-05-30,MRFG3,6.78
2019-05-30,MRVE3,16.8
2019-05-30,MULT3,24.51
2019-05-30,NATU3,60.4
2019-05-30,PCAR4,86.75
2019-05-30,PETR3,28.85
2019-05-30,PETR4,26.15
2019-05-30,POMO4,3.63
2019-05-30,PRIO3,17.74
2019-05-30,PSSA3,52.29
2019-05-30,QUAL3,19.84
2019-05-30,RADL3,69.75
2019-05-30,RAIL3,19.36
2019-05-30,RENT3,38.16
2019-05-30,SANB11,46.1
2019-05-30,SBSP3,44.22
2019-05-30,SLCE3,19.3
2019-05-30,SMLS3,47.9
2019-05-30,SMTO3,19.77
2019-05-30,STBP3,4.18
2019-05-30,SULA11,34.04
2019-05-30,SUZB3,33.3
2019-05-30,TAEE11,25.67
2019-05-30,TEND3,20.3
2019-05-30,TIMP3,10.89
2019-05-30,TOTS3,39.5
2019-05-30,TRPL4,21.81
2019-05-30,UGPA3,19.91
2019-05-30,USIM5,8.33
2019-05-30,VALE3,50.01
2019-05-30,VIVT3,42.7
2019-05-30,VIVT4,47.45
2019-05-30,VVAR3,4.8
2019-05-30,WEGE3,19.06
2019-05-31,ABEV3,17.55
2019-05-31,ALPA4,18.36
2019-05-31,ARZZ3,50.5
2019-05-31,AZUL4,39.2
2019-05-31,B3SA3,36.57
2019-05-31,BBAS3,51.85
2019-05-31,BBDC3,32.65
2019-05-31,BBDC4,37.0
2019-05-31,BBSE3,29.84
2019-05-31,BEEF3,8.2
2019-05-31,BIDI4,67.24
2019-05-31,BPAC11,46.73
2019-05-31,BPAN4,8.05
2019-05-31,BRAP4,30.7
2019-05-31,BRDT3,25.55
2019-05-31,BRFS3,27.7
2019-05-31,BRKM5,42.78
2019-05-31,BRML3,12.81
2019-05-31,BTOW3,31.4
2019-05-31,CCRO3,13.37
2019-05-31,CIEL3,6.7
2019-05-31,CMIG4,14.76
2019-05-31,CPFE3,30.74
2019-05-31,CPLE3,46.1
2019-05-31,CPLE6,48.0
2019-05-31,CRFB3,23.15
2019-05-31,CSAN3,47.14
2019-05-31,CSMG3,62.14
2019-05-31,CSNA3,16.54
2019-05-31,CVCB3,51.62
2019-05-31,CYRE3,17.44
2019-05-31,DIRR3,9.95
2019-05-31,ECOR3,9.46
2019-05-31,EGIE3,46.32
2019-05-31,ELET3,34.41
2019-05-31,ELET6,35.67
2019-05-31,EMBR3,18.95
2019-05-31,ENBR3,19.84
2019-05-31,ENEV3,22.75
2019-05-31,ENGI11,45.01
2019-05-31,EQTL3,86.15
2019-05-31,ESTC3,29.45
2019-05-31,EZTC3,22.0
2019-05-31,FLRY3,19.8
2019-05-31,GGBR4,13.87
2019-05-31,GNDI3,41.0
2019-05-31,GOAU4,6.48
2019-05-31,GOLL4,26.98
2019-05-31,HAPV3,36.78
2019-05-31,HGTX3,29.39
2019-05-31,HYPE3,30.22
2019-05-31,IGTA3,40.0
2019-05-31,IRBR3,101.88
2019-05-31,ITSA4,12.39
2019-05-31,ITUB4,35.0
2019-05-31,JBSS3,21.86
2019-05-31,JHSF3,2.47
2019-05-31,KLBN11,15.55
2019-05-31,KROT3,10.34
2019-05-31,LAME4,16.14
2019-05-31,LCAM3,44.5
2019-05-31,LOGG3,18.99
2019-05-31,LREN3,44.04
2019-05-31,MGLU3,196.0
2019-05-31,MRFG3,6.83
2019-05-31,MRVE3,17.2
2019-05-31,MULT3,24.84
2019-05-31,NATU3,59.98
2019-05-31,PCAR4,87.21
2019-05-31,PETR3,28.23
2019-05-31,PETR4,25.55
2019-05-31,POMO4,3.64
2019-05-31,PRIO3,17.37
2019-05-31,PSSA3,53.0
2019-05-31,QUAL3,20.15
2019-05-31,RADL3,69.42
2019-05-31,RAIL3,19.36
2019-05-31,RENT3,38.04
2019-05-31,SANB11,45.7
2019-05-31,SBSP3,44.21
2019-05-31,SLCE3,19.5
2019-05-31,SMLS3,47.65
2019-05-31,SMTO3,19.55
2019-05-31,STBP3,4.16
2019-05-31,SULA11,34.91
2019-05-31,SUZB3,32.08
2019-05-31,TAEE11,26.53
2019-05-31,TEND3,20.43
2019-05-31,TIMP3,11.0
2019-05-31,TOTS3,39.5
2019-05-31,TRPL4,22.6
2019-05-31,UGPA3,20.68
2019-05-31,USIM5,8.2
2019-05-31,VALE3,49.0
2019-05-31,VIVT3,42.76
2019-05-31,VIVT4,48.05
2019-05-31,VVAR3,4.7
2019-05-31,WEGE3,19.05
2019-06-03,ABEV3,17.42
2019-06-03,ALPA4,17.95
2019-06-03,ARZZ3,50.14
2019-06-03,AZUL4,39.69
2019-06-03,B3SA3,36.5
2019-06-03,BBAS3,52.09
2019-06-03,BBDC3,32.77
2019-06-03,BBDC4,36.88
2019-06-03,BBSE3,30.3
2019-06-03,BEEF3,7.97
2019-06-03,BIDI4,66.1
2019-06-03,BPAC11,46.69
2019-06-03,BPAN4,7.1
2019-06-03,BRAP4,30.59
2019-06-03,BRDT3,25.14
2019-06-03,BRFS3,27.6
2019-06-03,BRKM5,41.2
2019-06-03,BRML3,12.69
2019-06-03,BTOW3,30.7
2019-06-03,CCRO3,13.16
2019-06-03,CIEL3,6.73
2019-06-03,CMIG4,14.7
2019-06-03,CPFE3,30.7
2019-06-03,CPLE3,46.0
2019-06-03,CPLE6,47.51
2019-06-03,CRFB3,22.95
2019-06-03,CSAN3,47.49
2019-06-03,CSMG3,62.0
2019-06-03,CSNA3,16.08
2019-06-03,CVCB3,51.2
2019-06-03,CYRE3,17.5
2019-06-03,DIRR3,10.04
2019-06-03,ECOR3,9.44
2019-06-03,EGIE3,47.11
2019-06-03,ELET3,34.77
2019-06-03,ELET6,35.97
2019-06-03,EMBR3,18.91
2019-06-03,ENBR3,19.61
2019-06-03,ENEV3,22.7
2019-06-03,ENGI11,44.79
2019-06-03,EQTL3,86.9
2019-06-03,ESTC3,28.92
2019-06-03,EZTC3,21.7
2019-06-03,FLRY3,19.9
2019-06-03,GGBR4,13.94
2019-06-03,GNDI3,41.0
2019-06-03,GOAU4,6.48
2019-06-03,GOLL4,27.31
2019-06-03,HAPV3,37.12
2019-06-03,HGTX3,29.63
2019-06-03,HYPE3,30.1
2019-06-03,IGTA3,40.08
2019-06-03,IRBR3,99.9
2019-06-03,ITSA4,12.42
2019-06-03,ITUB4,35.08
2019-06-03,JBSS3,21.22
2019-06-03,JHSF3,2.45
2019-06-03,KLBN11,15.29
2019-06-03,KROT3,10.39
2019-06-03,LAME4,15.72
2019-06-03,LCAM3,44.36
2019-06-03,LOGG3,18.9
2019-06-03,LREN3,43.9
2019-06-03,MGLU3,194.74
2019-06-03,MRFG3,6.54
2019-06-03,MRVE3,16.55
2019-06-03,MULT3,24.76
2019-06-03,NATU3,57.65
2019-06-03,PCAR4,87.76
2019-06-03,PETR3,28.85
2019-06-03,PETR4,25.99
2019-06-03,POMO4,3.71
2019-06-03,PRIO3,17.5
2019-06-03,PSSA3,53.93
2019-06-03,QUAL3,20.34
2019-06-03,RADL3,69.6
2019-06-03,RAIL3,19.52
2019-06-03,RENT3,38.28
2019-06-03,SANB11,45.3
2019-06-03,SBSP3,44.06
2019-06-03,SLCE3,19.63
2019-06-03,SMLS3,48.3
2019-06-03,SMTO3,19.51
2019-06-03,STBP3,4.3
2019-06-03,SULA11,34.83
2019-06-03,SUZB3,31.25
2019-06-03,TAEE11,26.44
2019-06-03,TEND3,20.85
2019-06-03,TIMP3,11.11
2019-06-03,TOTS3,39.12
2019-06-03,TRPL4,22.59
2019-06-03,UGPA3,20.48
2019-06-03,USIM5,8.0
2019-06-03,VALE3,48.83
2019-06-03,VIVT3,42.06
2019-06-03,VIVT4,49.0
2019-06-03,VVAR3,4.96
2019-06-03,WEGE3,19.14
2019-06-04,ABEV3,17.35
2019-06-04,ALPA4,17.65
2019-06-04,ARZZ3,48.5
2019-06-04,AZUL4,40.0
2019-06-04,B3SA3,36.35
2019-06-04,BBAS3,52.94
2019-06-04,BBDC3,32.7
2019-06-04,BBDC4,37.05
2019-06-04,BBSE3,30.56
2019-06-04,BEEF3,8.12
2019-06-04,BIDI4,64.0
2019-06-04,BPAC11,46.71
2019-06-04,BPAN4,7.15
2019-06-04,BRAP4,30.71
2019-06-04,BRDT3,25.0
2019-06-04,BRFS3,28.06
2019-06-04,BRKM5,34.15
2019-06-04,BRML3,12.95
2019-06-04,BTOW3,30.5
2019-06-04,CCRO3,13.19
2019-06-04,CIEL3,6.6
2019-06-04,CMIG4,14.9
2019-06-04,CPFE3,30.88
2019-06-04,CPLE3,45.84
2019-06-04,CPLE6,47.8
2019-06-04,CRFB3,23.0
2019-06-04,CSAN3,48.27
2019-06-04,CSMG3,66.4
2019-06-04,CSNA3,16.79
2019-06-04,CVCB3,50.22
2019-06-04,CYRE3,17.83
2019-06-04,DIRR3,9.9
2019-06-04,ECOR3,9.48
2019-06-04,EGIE3,46.51
2019-06-04,ELET3,35.2
2019-06-04,ELET6,36.35
2019-06-04,EMBR3,18.68
2019-06-04,ENBR3,20.56
2019-06-04,ENEV3,23.24
2019-06-04,ENGI11,45.26
2019-06-04,EQTL3,86.04
2019-06-04,ESTC3,28.61
2019-06-04,EZTC3,22.0
2019-06-04,FLRY3,19.9
2019-06-04,GGBR4,13.86
2019-06-04,GNDI3,40.9
2019-06-04,GOAU4,6.45
2019-06-04,GOLL4,28.11
2019-06-04,HAPV3,36.21
2019-06-04,HGTX3,29.6
2019-06-04,HYPE3,29.2
2019-06-04,IGTA3,41.01
2019-06-04,IRBR3,101.31
2019-06-04,ITSA4,12.45
2019-06-04,ITUB4,35.02
2019-06-04,JBSS3,22.37
2019-06-04,JHSF3,2.4
2019-06-04,KLBN11,15.13
2019-06-04,KROT3,10.65
2019-06-04,LAME4,15.85
2019-06-04,LCAM3,44.89
2019-06-04,LOGG3,18.9
2019-06-04,LREN3,43.26
2019-06-04,MGLU3,194.52
2019-06-04,MRFG3,6.77
2019-06-04,MRVE3,16.8
2019-06-04,MULT3,25.19
2019-06-04,NATU3,57.41
2019-06-04,PCAR4,89.45
2019-06-04,PETR3,29.02
2019-06-04,PETR4,26.2
2019-06-04,POMO4,3.59
2019-06-04,PRIO3,17.38
2019-06-04,PSSA3,53.7
2019-06-04,QUAL3,20.38
2019-06-04,RADL3,70.42
2019-06-04,RAIL3,19.3
2019-06-04,RENT3,38.0
2019-06-04,SANB11,45.32
2019-06-04,SBSP3,48.89
2019-06-04,SLCE3,20.69
2019-06-04,SMLS3,48.85
2019-06-04,SMTO3,19.5
2019-06-04,STBP3,4.24
2019-06-04,SULA11,33.97
2019-06-04,SUZB3,30.74
2019-06-04,TAEE11,26.55
2019-06-04,TEND3,20.85
2019-06-04,TIMP3,11.04
2019-06-04,TOTS3,39.92
2019-06-04,TRPL4,22.91
2019-06-04,UGPA3,20.32
2019-06-04,USIM5,8.28
2019-06-04,VALE3,49.11
2019-06-04,VIVT3,43.2
2019-06-04,VIVT4,49.9
2019-06-04,VVAR3,4.86
2019-06-04,WEGE3,19.02
2019-06-05,ABEV3,17.41
2019-06-05,ALPA4,17.3
2019-06-05,ARZZ3,49.2
2019-06-05,AZUL4,40.62
2019-06-05,B3SA3,35.92
2019-06-05,BBAS3,51.48
2019-06-05,BBDC3,32.32
2019-06-05,BBDC4,36.48
2019-06-05,BBSE3,30.79
2019-06-05,BEEF3,8.09
2019-06-05,BIDI4,59.56
2019-06-05,BPAC11,45.15
2019-06-05,BPAN4,6.76
2019-06-05,BRAP4,30.28
2019-06-05,BRDT3,24.51
2019-06-05,BRFS3,27.1
2019-06-05,BRKM5,34.1
2019-06-05,BRML3,12.69
2019-06-05,BTOW3,29.98
2019-06-05,CCRO3,13.05
2019-06-05,CIEL3,6.66
2019-06-05,CMIG4,14.75
2019-06-05,CPFE3,30.3
2019-06-05,CPLE3,46.2
2019-06-05,CPLE6,48.1
2019-06-05,CRFB3,23.16
2019-06-05,CSAN3,46.95
2019-06-05,CSMG3,65.59
2019-06-05,CSNA3,16.18
2019-06-05,CVCB3,48.78
2019-06-05,CYRE3,17.87
2019-06-05,DIRR3,10.19
2019-06-05,ECOR3,9.46
2019-06-05,EGIE3,46.64
2019-06-05,ELET3,34.76
2019-06-05,ELET6,35.9
2019-06-05,EMBR3,18.46
2019-06-05,ENBR3,20.11
2019-06-05,ENEV3,23.35
2019-06-05,ENGI11,44.55
2019-06-05,EQTL3,85.99
2019-06-05,ESTC3,28.29
2019-06-05,EZTC3,22.4
2019-06-05,FLRY3,19.69
2019-06-05,GGBR4,13.71
2019-06-05,GNDI3,40.0
2019-06-05,GOAU4,6.35
2019-06-05,GOLL4,28.27
2019-06-05,HAPV3,36.79
2019-06-05,HGTX3,29.5
2019-06-05,HYPE3,29.02
2019-06-05,IGTA3,40.95
2019-06-05,IRBR3,97.18
2019-06-05,ITSA4,12.15
2019-06-05,ITUB4,34.34
2019-06-05,JBSS3,22.07
2019-06-05,JHSF3,2.4
2019-06-05,KLBN11,15.35
2019-06-05,KROT3,10.49
2019-06-05,LAME4,15.44
2019-06-05,LCAM3,44.14
2019-06-05,LOGG3,18.52
2019-06-05,LREN3,42.67
2019-06-05,MGLU3,191.19
2019-06-05,MRFG3,6.59
2019-06-05,MRVE3,16.83
2019-06-05,MULT3,24.85
2019-06-05,NATU3,56.19
2019-06-05,PCAR4,88.07
2019-06-05,PETR3,28.61
2019-06-05,PETR4,25.86
2019-06-05,POMO4,3.55
2019-06-05,PRIO3,16.95
2019-06-05,PSSA3,54.6
2019-06-05,QUAL3,20.49
2019-06-05,RADL3,69.2
2019-06-05,RAIL3,18.94
2019-06-05,RENT3,37.55
2019-06-05,SANB11,44.35
2019-06-05,SBSP3,48.85
2019-06-05,SLCE3,21.12
2019-06-05,SMLS3,48.7
2019-06-05,SMTO3,19.62
2019-06-05,STBP3,4.2
2019-06-05,SULA11,34.44
2019-06-05,SUZB3,30.45
2019-06-05,TAEE11,26.66
2019-06-05,TEND3,20.89
2019-06-05,TIMP3,10.64
2019-06-05,TOTS3,40.76
2019-06-05,TRPL4,23.01
2019-06-05,UGPA3,19.74
2019-06-05,USIM5,8.26
2019-06-05,VALE3,48.39
2019-06-05,VIVT3,42.65
2019-06-05,VIVT4,49.7
2019-06-05,VVAR3,4.65
2019-06-05,WEGE3,18.89
2019-06-06,ABEV3,17.64
2019-06-06,ALPA4,17.73
2019-06-06,ARZZ3,49.0
2019-06-06,AZUL4,42.69
2019-06-06,B3SA3,37.3
2019-06-06,BBAS3,52.79
2019-06-06,BBDC3,32.75
2019-06-06,BBDC4,37.28
2019-06-06,BBSE3,31.25
2019-06-06,BEEF3,8.01
2019-06-06,BIDI4,62.49
2019-06-06,BPAC11,47.83
2019-06-06,BPAN4,6.65
2019-06-06,BRAP4,30.64
2019-06-06,BRDT3,25.31
2019-06-06,BRFS3,27.41
2019-06-06,BRKM5,33.3
2019-06-06,BRML3,12.83
2019-06-06,BTOW3,30.83
2019-06-06,CCRO3,13.18
2019-06-06,CIEL3,6.9
2019-06-06,CMIG4,15.25
2019-06-06,CPFE3,29.75
2019-06-06,CPLE3,45.9
2019-06-06,CPLE6,48.0
2019-06-06,CRFB3,23.03
2019-06-06,CSAN3,47.77
2019-06-06,CSMG3,65.8
2019-06-06,CSNA3,16.6
2019-06-06,CVCB3,49.0
2019-06-06,CYRE3,18.05
2019-06-06,DIRR3,10.4
2019-06-06,ECOR3,9.63
2019-06-06,EGIE3,46.08
2019-06-06,ELET3,36.05
2019-06-06,ELET6,36.98
2019-06-06,EMBR3,18.42
2019-06-06,ENBR3,20.1
2019-06-06,ENEV3,23.35
2019-06-06,ENGI11,44.6
2019-06-06,EQTL3,86.4
2019-06-06,ESTC3,27.41
2019-06-06,EZTC3,22.9
2019-06-06,FLRY3,20.28
2019-06-06,GGBR4,13.65
2019-06-06,GNDI3,40.67
2019-06-06,GOAU4,6.35
2019-06-06,GOLL4,29.25
2019-06-06,HAPV3,36.74
2019-06-06,HGTX3,28.61
2019-06-06,HYPE3,28.97
2019-06-06,IGTA3,40.81
2019-06-06,IRBR3,94.85
2019-06-06,ITSA4,12.29
2019-06-06,ITUB4,34.7
2019-06-06,JBSS3,21.99
2019-06-06,JHSF3,2.48
2019-06-06,KLBN11,15.5
2019-06-06,KROT3,10.22
2019-06-06,LAME4,15.53
2019-06-06,LCAM3,44.01
2019-06-06,LOGG3,18.46
2019-06-06,LREN3,43.1
2019-06-06,MGLU3,190.01
2019-06-06,MRFG3,6.59
2019-06-06,MRVE3,17.5
2019-06-06,MULT3,25.21
2019-06-06,NATU3,56.7
2019-06-06,PCAR4,88.0
2019-06-06,PETR3,29.06
2019-06-06,PETR4,26.28
2019-06-06,POMO4,3.52
2019-06-06,PRIO3,16.89
2019-06-06,PSSA3,54.51
2019-06-06,QUAL3,20.45
2019-06-06,RADL3,69.6
2019-06-06,RAIL3,19.04
2019-06-06,RENT3,38.3
2019-06-06,SANB11,44.62
2019-06-06,SBSP3,48.66
2019-06-06,SLCE3,21.08
2019-06-06,SMLS3,48.07
2019-06-06,SMTO3,19.6
2019-06-06,STBP3,4.29
2019-06-06,SULA11,33.98
2019-06-06,SUZB3,29.95
2019-06-06,TAEE11,27.21
2019-06-06,TEND3,21.66
2019-06-06,TIMP3,10.83
2019-06-06,TOTS3,40.19
2019-06-06,TRPL4,23.53
2019-06-06,UGPA3,20.0
2019-06-06,USIM5,8.24
2019-06-06,VALE3,48.8
2019-06-06,VIVT3,42.1
2019-06-06,VIVT4,49.5
2019-06-06,VVAR3,4.95
2019-06-06,WEGE3,18.89
2019-06-07,ABEV3,17.61
2019-06-07,ALPA4,18.15
2019-06-07,ARZZ3,49.6
2019-06-07,AZUL4,43.66
2019-06-07,B3SA3,37.09
2019-06-07,BBAS3,52.36
2019-06-07,BBDC3,32.95
2019-06-07,BBDC4,37.29
2019-06-07,BBSE3,30.99
2019-06-07,BEEF3,8.07
2019-06-07,BIDI4,63.49
2019-06-07,BPAC11,48.6
2019-06-07,BPAN4,6.96
2019-06-07,BRAP4,30.67
2019-06-07,BRDT3,24.81
2019-06-07,BRFS3,26.16
2019-06-07,BRKM5,32.76
2019-06-07,BRML3,13.38
2019-06-07,BTOW3,31.07
2019-06-07,CCRO3,13.62
2019-06-07,CIEL3,6.7
2019-06-07,CMIG4,15.15
2019-06-07,CPFE3,29.1
2019-06-07,CPLE3,45.49
2019-06-07,CPLE6,47.61
2019-06-07,CRFB3,23.37
2019-06-07,CSAN3,47.32
2019-06-07,CSMG3,64.67
2019-06-07,CSNA3,16.59
2019-06-07,CVCB3,49.25
2019-06-07,CYRE3,18.78
2019-06-07,DIRR3,10.84
2019-06-07,ECOR3,9.65
2019-06-07,EGIE3,46.2
2019-06-07,ELET3,35.97
2019-06-07,ELET6,36.98
2019-06-07,EMBR3,18.54
2019-06-07,ENBR3,19.82
2019-06-07,ENEV3,23.35
2019-06-07,ENGI11,44.75
2019-06-07,EQTL3,88.12
2019-06-07,ESTC3,29.45
2019-06-07,EZTC3,23.58
2019-06-07,FLRY3,20.69
2019-06-07,GGBR4,13.9
2019-06-07,GNDI3,41.79
2019-06-07,GOAU4,6.53
2019-06-07,GOLL4,29.98
2019-06-07,HAPV3,37.37
2019-06-07,HGTX3,27.67
2019-06-07,HYPE3,28.05
2019-06-07,IGTA3,41.65
2019-06-07,IRBR3,98.54
2019-06-07,ITSA4,12.4
2019-06-07,ITUB4,35.07
2019-06-07,JBSS3,21.65
2019-06-07,JHSF3,2.5
2019-06-07,KLBN11,15.42
2019-06-07,KROT3,10.5
2019-06-07,LAME4,15.9
2019-06-07,LCAM3,45.0
2019-06-07,LOGG3,18.8
2019-06-07,LREN3,44.36
2019-06-07,MGLU3,198.45
2019-06-07,MRFG3,6.56
2019-06-07,MRVE3,17.45
2019-06-07,MULT3,26.1
2019-06-07,NATU3,57.17
2019-06-07,PCAR4,87.25
2019-06-07,PETR3,29.85
2019-06-07,PETR4,26.76
2019-06-07,POMO4,3.53
2019-06-07,PRIO3,16.8
2019-06-07,PSSA3,55.51
2019-06-07,QUAL3,20.29
2019-06-07,RADL3,71.55
2019-06-07,RAIL3,19.1
2019-06-07,RENT3,38.8
2019-06-07,SANB11,45.1
2019-06-07,SBSP3,47.65
2019-06-07,SLCE3,20.17
2019-06-07,SMLS3,47.77
2019-06-07,SMTO3,19.58
2019-06-07,STBP3,4.3
2019-06-07,SULA11,34.24
2019-06-07,SUZB3,30.36
2019-06-07,TAEE11,27.45
2019-06-07,TEND3,22.04
2019-06-07,TIMP3,11.09
2019-06-07,TOTS3,41.05
2019-06-07,TRPL4,23.7
2019-06-07,UGPA3,20.21
2019-06-07,USIM5,8.6
2019-06-07,VALE3,48.66
2019-06-07,VIVT3,41.96
2019-06-07,VIVT4,49.47
2019-06-07,VVAR3,5.0
2019-06-07,WEGE3,19.2
2019-06-10,ABEV3,17.65
2019-06-10,ALPA4,18.3
2019-06-10,ARZZ3,49.36
2019-06-10,AZUL4,44.1
2019-06-10,B3SA3,37.25
2019-06-10,BBAS3,51.87
2019-06-10,BBDC3,32.65
2019-06-10,BBDC4,36.85
2019-06-10,BBSE3,30.78
2019-06-10,BEEF3,8.06
2019-06-10,BIDI4,64.4
2019-06-10,BPAC11,47.35
2019-06-10,BPAN4,6.96
2019-06-10,BRAP4,30.63
2019-06-10,BRDT3,24.35
2019-06-10,BRFS3,27.2
2019-06-10,BRKM5,32.87
2019-06-10,BRML3,13.35
2019-06-10,BTOW3,31.91
2019-06-10,CCRO3,13.71
2019-06-10,CIEL3,6.57
2019-06-10,CMIG4,14.7
2019-06-10,CPFE3,28.3
2019-06-10,CPLE3,45.53
2019-06-10,CPLE6,47.49
2019-06-10,CRFB3,23.22
2019-06-10,CSAN3,47.01
2019-06-10,CSMG3,64.2
2019-06-10,CSNA3,17.24
2019-06-10,CVCB3,48.61
2019-06-10,CYRE3,18.55
2019-06-10,DIRR3,10.69
2019-06-10,ECOR3,9.61
2019-06-10,EGIE3,45.09
2019-06-10,ELET3,35.42
2019-06-10,ELET6,36.42
2019-06-10,EMBR3,18.48
2019-06-10,ENBR3,19.36
2019-06-10,ENEV3,22.87
2019-06-10,ENGI11,43.98
2019-06-10,EQTL3,87.0
2019-06-10,ESTC3,29.85
2019-06-10,EZTC3,23.23
2019-06-10,FLRY3,21.0
2019-06-10,GGBR4,14.15
2019-06-10,GNDI3,42.16
2019-06-10,GOAU4,6.69
2019-06-10,GOLL4,30.87
2019-06-10,HAPV3,38.65
2019-06-10,HGTX3,27.81
2019-06-10,HYPE3,29.02
2019-06-10,IGTA3,41.77
2019-06-10,IRBR3,98.57
2019-06-10,ITSA4,12.21
2019-06-10,ITUB4,34.63
2019-06-10,JBSS3,22.02
2019-06-10,JHSF3,2.51
2019-06-10,KLBN11,15.58
2019-06-10,KROT3,10.44
2019-06-10,LAME4,16.23
2019-06-10,LCAM3,45.2
2019-06-10,LOGG3,18.8
2019-06-10,LREN3,44.77
2019-06-10,MGLU3,202.5
2019-06-10,MRFG3,6.57
2019-06-10,MRVE3,17.28
2019-06-10,MULT3,26.14
2019-06-10,NATU3,55.83
2019-06-10,PCAR4,87.0
2019-06-10,PETR3,29.35
2019-06-10,PETR4,26.65
2019-06-10,POMO4,3.56
2019-06-10,PRIO3,16.73
2019-06-10,PSSA3,55.5
2019-06-10,QUAL3,20.61
2019-06-10,RADL3,72.61
2019-06-10,RAIL3,19.13
2019-06-10,RENT3,38.73
2019-06-10,SANB11,44.2
2019-06-10,SBSP3,47.4
2019-06-10,SLCE3,20.0
2019-06-10,SMLS3,47.41
2019-06-10,SMTO3,19.64
2019-06-10,STBP3,4.22
2019-06-10,SULA11,33.75
2019-06-10,SUZB3,30.77
2019-06-10,TAEE11,27.4
2019-06-10,TEND3,21.93
2019-06-10,TIMP3,11.07
2019-06-10,TOTS3,42.44
2019-06-10,TRPL4,23.65
2019-06-10,UGPA3,20.18
2019-06-10,USIM5,8.7
2019-06-10,VALE3,48.34
2019-06-10,VIVT3,43.3
2019-06-10,VIVT4,49.58
2019-06-10,VVAR3,5.06
2019-06-10,WEGE3,19.23
2019-06-11,ABEV3,17.72
2019-06-11,ALPA4,18.43
2019-06-11,ARZZ3,48.86
2019-06-11,AZUL4,43.74
2019-06-11,B3SA3,38.02
2019-06-11,BBAS3,52.9
2019-06-11,BBDC3,32.73
2019-06-11,BBDC4,37.02
2019-06-11,BBSE3,31.15
2019-06-11,BEEF3,8.0
2019-06-11,BIDI4,64.1
2019-06-11,BPAC11,47.29
2019-06-11,BPAN4,6.95
2019-06-11,BRAP4,32.34
2019-06-11,BRDT3,24.9
2019-06-11,BRFS3,27.0
2019-06-11,BRKM5,34.1
2019-06-11,BRML3,13.29
2019-06-11,BTOW3,33.3
2019-06-11,CCRO3,14.21
2019-06-11,CIEL3,6.6
2019-06-11,CMIG4,15.0
2019-06-11,CPFE3,28.54
2019-06-11,CPLE3,45.69
2019-06-11,CPLE6,47.4
2019-06-11,CRFB3,23.12
2019-06-11,CSAN3,49.0
2019-06-11,CSMG3,65.04
2019-06-11,CSNA3,18.22
2019-06-11,CVCB3,49.1
2019-06-11,CYRE3,18.95
2019-06-11,DIRR3,10.65
2019-06-11,ECOR3,9.88
2019-06-11,EGIE3,44.95
2019-06-11,ELET3,36.48
2019-06-11,ELET6,37.29
2019-06-11,EMBR3,18.5
2019-06-11,ENBR3,19.2
2019-06-11,ENEV3,23.06
2019-06-11,ENGI11,44.33
2019-06-11,EQTL3,88.31
2019-06-11,ESTC3,29.5
2019-06-11,EZTC3,23.6
2019-06-11,FLRY3,21.34
2019-06-11,GGBR4,14.57
2019-06-11,GNDI3,42.27
2019-06-11,GOAU4,6.91
2019-06-11,GOLL4,30.95
2019-06-11,HAPV3,37.5
2019-06-11,HGTX3,28.12
2019-06-11,HYPE3,29.08
2019-06-11,IGTA3,41.8
2019-06-11,IRBR3,96.9
2019-06-11,ITSA4,12.24
2019-06-11,ITUB4,34.8
2019-06-11,JBSS3,21.8
2019-06-11,JHSF3,2.52
2019-06-11,KLBN11,15.62
2019-06-11,KROT3,10.4
2019-06-11,LAME4,16.09
2019-06-11,LCAM3,45.4
2019-06-11,LOGG3,18.75
2019-06-11,LREN3,45.27
2019-06-11,MGLU3,207.19
2019-06-11,MRFG3,6.52
2019-06-11,MRVE3,17.3
2019-06-11,MULT3,26.0
2019-06-11,NATU3,58.26
2019-06-11,PCAR4,86.85
2019-06-11,PETR3,29.95
2019-06-11,PETR4,27.16
2019-06-11,POMO4,3.62
2019-06-11,PRIO3,16.3
2019-06-11,PSSA3,53.88
2019-06-11,QUAL3,20.4
2019-06-11,RADL3,72.87
2019-06-11,RAIL3,19.28
2019-06-11,RENT3,39.3
2019-06-11,SANB11,44.18
2019-06-11,SBSP3,47.14
2019-06-11,SLCE3,19.63
2019-06-11,SMLS3,47.73
2019-06-11,SMTO3,19.58
2019-06-11,STBP3,4.25
2019-06-11,SULA11,33.3
2019-06-11,SUZB3,30.85
2019-06-11,TAEE11,27.09
2019-06-11,TEND3,21.91
2019-06-11,TIMP3,11.05
2019-06-11,TOTS3,42.95
2019-06-11,TRPL4,23.7
2019-06-11,UGPA3,21.1
2019-06-11,USIM5,9.01
2019-06-11,VALE3,51.43
2019-06-11,VIVT3,43.3
2019-06-11,VIVT4,49.41
2019-06-11,VVAR3,5.0
2019-06-11,WEGE3,19.37
2019-06-12,ABEV3,17.68
2019-06-12,ALPA4,18.4
2019-06-12,ARZZ3,47.95
2019-06-12,AZUL4,43.62
2019-06-12,B3SA3,37.64
2019-06-12,BBAS3,52.26
2019-06-12,BBDC3,32.79
2019-06-12,BBDC4,36.59
2019-06-12,BBSE3,31.08
2019-06-12,BEEF3,8.01
2019-06-12,BIDI4,62.0
2019-06-12,BPAC11,47.25
2019-06-12,BPAN4,6.8
2019-06-12,BRAP4,32.14
2019-06-12,BRDT3,24.65
2019-06-12,BRFS3,27.0
2019-06-12,BRKM5,34.24
2019-06-12,BRML3,13.4
2019-06-12,BTOW3,31.81
2019-06-12,CCRO3,14.09
2019-06-12,CIEL3,6.4
2019-06-12,CMIG4,14.61
2019-06-12,CPFE3,28.94
2019-06-12,CPLE3,45.45
2019-06-12,CPLE6,46.7
2019-06-12,CRFB3,22.59
2019-06-12,CSAN3,48.17
2019-06-12,CSMG3,64.83
2019-06-12,CSNA3,17.2
2019-06-12,CVCB3,48.67
2019-06-12,CYRE3,18.71
2019-06-12,DIRR3,10.6
2019-06-12,ECOR3,9.89
2019-06-12,EGIE3,44.0
2019-06-12,ELET3,36.06
2019-06-12,ELET6,36.85
2019-06-12,EMBR3,18.63
2019-06-12,ENBR3,19.29
2019-06-12,ENEV3,22.69
2019-06-12,ENGI11,44.98
2019-06-12,EQTL3,87.4
2019-06-12,ESTC3,29.1
2019-06-12,EZTC3,23.62
2019-06-12,FLRY3,21.16
2019-06-12,GGBR4,14.46
2019-06-12,GNDI3,42.33
2019-06-12,GOAU4,6.8
2019-06-12,GOLL4,30.67
2019-06-12,HAPV3,36.8
2019-06-12,HGTX3,27.46
2019-06-12,HYPE3,29.0
2019-06-12,IGTA3,41.58
2019-06-12,IRBR3,96.78
2019-06-12,ITSA4,12.18
2019-06-12,ITUB4,34.6
2019-06-12,JBSS3,22.13
2019-06-12,JHSF3,2.5
2019-06-12,KLBN11,15.55
2019-06-12,KROT3,10.35
2019-06-12,LAME4,15.78
2019-06-12,LCAM3,44.95
2019-06-12,LOGG3,18.5
2019-06-12,LREN3,45.4
2019-06-12,MGLU3,203.12
2019-06-12,MRFG3,6.51
2019-06-12,MRVE3,16.84
2019-06-12,MULT3,26.18
2019-06-12,NATU3,56.65
2019-06-12,PCAR4,87.2
2019-06-12,PETR3,29.51
2019-06-12,PETR4,26.85
2019-06-12,POMO4,3.64
2019-06-12,PRIO3,15.72
2019-06-12,PSSA3,53.43
2019-06-12,QUAL3,20.96
2019-06-12,RADL3,74.0
2019-06-12,RAIL3,19.3
2019-06-12,RENT3,38.99
2019-06-12,SANB11,44.11
2019-06-12,SBSP3,46.68
2019-06-12,SLCE3,18.97
2019-06-12,SMLS3,46.8
2019-06-12,SMTO3,19.5
2019-06-12,STBP3,4.25
2019-06-12,SULA11,33.9
2019-06-12,SUZB3,30.26
2019-06-12,TAEE11,26.85
2019-06-12,TEND3,21.9
2019-06-12,TIMP3,11.07
2019-06-12,TOTS3,43.05
2019-06-12,TRPL4,23.28
2019-06-12,UGPA3,20.67
2019-06-12,USIM5,8.8
2019-06-12,VALE3,51.49
2019-06-12,VIVT3,43.62
2019-06-12,VIVT4,49.96
2019-06-12,VVAR3,4.84
2019-06-12,WEGE3,19.69
2019-06-13,ABEV3,17.85
2019-06-13,ALPA4,18.48
2019-06-13,ARZZ3,49.47
2019-06-13,AZUL4,44.25
2019-06-13,B3SA3,37.76
2019-06-13,BBAS3,51.43
2019-06-13,BBDC3,32.44
2019-06-13,BBDC4,36.19
2019-06-13,BBSE3,30.98
2019-06-13,BEEF3,8.02
2019-06-13,BIDI4,60.8
2019-06-13,BPAC11,47.4
2019-06-13,BPAN4,6.75
2019-06-13,BRAP4,32.61
2019-06-13,BRDT3,24.9
2019-06-13,BRFS3,28.57
2019-06-13,BRKM5,35.25
2019-06-13,BRML3,13.97
2019-06-13,BTOW3,32.29
2019-06-13,CCRO3,14.18
2019-06-13,CIEL3,6.66
2019-06-13,CMIG4,14.78
2019-06-13,CPFE3,29.85
2019-06-13,CPLE3,46.34
2019-06-13,CPLE6,48.63
2019-06-13,CRFB3,22.8
2019-06-13,CSAN3,48.6
2019-06-13,CSMG3,65.6
2019-06-13,CSNA3,17.12
2019-06-13,CVCB3,49.99
2019-06-13,CYRE3,18.99
2019-06-13,DIRR3,10.8
2019-06-13,ECOR3,10.21
2019-06-13,EGIE3,44.39
2019-06-13,ELET3,35.31
2019-06-13,ELET6,36.06
2019-06-13,EMBR3,19.02
2019-06-13,ENBR3,19.1
2019-06-13,ENEV3,23.5
2019-06-13,ENGI11,45.46
2019-06-13,EQTL3,88.75
2019-06-13,ESTC3,30.0
2019-06-13,EZTC3,24.24
2019-06-13,FLRY3,21.28
2019-06-13,GGBR4,14.65
2019-06-13,GNDI3,42.3
2019-06-13,GOAU4,6.92
2019-06-13,GOLL4,30.81
2019-06-13,HAPV3,38.47
2019-06-13,HGTX3,28.7
2019-06-13,HYPE3,29.43
2019-06-13,IGTA3,43.5
2019-06-13,IRBR3,96.0
2019-06-13,ITSA4,12.02
2019-06-13,ITUB4,33.98
2019-06-13,JBSS3,21.55
2019-06-13,JHSF3,2.52
2019-06-13,KLBN11,15.99
2019-06-13,KROT3,10.55
2019-06-13,LAME4,16.09
2019-06-13,LCAM3,45.41
2019-06-13,LOGG3,18.42
2019-06-13,LREN3,45.75
2019-06-13,MGLU3,209.61
2019-06-13,MRFG3,6.8
2019-06-13,MRVE3,16.99
2019-06-13,MULT3,27.0
2019-06-13,NATU3,56.91
2019-06-13,PCAR4,88.2
2019-06-13,PETR3,29.91
2019-06-13,PETR4,27.18
2019-06-13,POMO4,3.69
2019-06-13,PRIO3,16.15
2019-06-13,PSSA3,53.0
2019-06-13,QUAL3,21.39
2019-06-13,RADL3,73.64
2019-06-13,RAIL3,19.84
2019-06-13,RENT3,39.42
2019-06-13,SANB11,43.52
2019-06-13,SBSP3,47.87
2019-06-13,SLCE3,18.7
2019-06-13,SMLS3,46.55
2019-06-13,SMTO3,19.65
2019-06-13,STBP3,4.26
2019-06-13,SULA11,33.61
2019-06-13,SUZB3,31.93
2019-06-13,TAEE11,26.87
2019-06-13,TEND3,21.7
2019-06-13,TIMP3,11.24
2019-06-13,TOTS3,44.13
2019-06-13,TRPL4,23.44
2019-06-13,UGPA3,21.65
2019-06-13,USIM5,8.93
2019-06-13,VALE3,51.85
2019-06-13,VIVT3,43.75
2019-06-13,VIVT4,50.3
2019-06-13,VVAR3,5.04
2019-06-13,WEGE3,20.0
2019-06-14,ABEV3,17.64
2019-06-14,ALPA4,18.87
2019-06-14,ARZZ3,49.05
2019-06-14,AZUL4,43.79
2019-06-14,B3SA3,35.75
2019-06-14,BBAS3,50.52
2019-06-14,BBDC3,32.0
2019-06-14,BBDC4,36.13
2019-06-14,BBSE3,30.88
2019-06-14,BEEF3,8.17
2019-06-14,BIDI4,61.0
2019-06-14,BPAC11,46.8
2019-06-14,BPAN4,7.12
2019-06-14,BRAP4,32.27
2019-06-14,BRDT3,24.64
2019-06-14,BRFS3,29.1
2019-06-14,BRKM5,34.55
2019-06-14,BRML3,14.08
2019-06-14,BTOW3,31.15
2019-06-14,CCRO3,14.0
2019-06-14,CIEL3,6.6
2019-06-14,CMIG4,14.53
2019-06-14,CPFE3,29.58
2019-06-14,CPLE3,45.74
2019-06-14,CPLE6,48.09
2019-06-14,CRFB3,22.5
2019-06-14,CSAN3,47.28
2019-06-14,CSMG3,65.73
2019-06-14,CSNA3,16.77
2019-06-14,CVCB3,50.55
2019-06-14,CYRE3,19.0
2019-06-14,DIRR3,10.55
2019-06-14,ECOR3,10.37
2019-06-14,EGIE3,43.61
2019-06-14,ELET3,35.3
2019-06-14,ELET6,36.18
2019-06-14,EMBR3,18.67
2019-06-14,ENBR3,18.96
2019-06-14,ENEV3,23.16
2019-06-14,ENGI11,45.32
2019-06-14,EQTL3,89.4
2019-06-14,ESTC3,29.38
2019-06-14,EZTC3,25.0
2019-06-14,FLRY3,20.9
2019-06-14,GGBR4,14.35
2019-06-14,GNDI3,40.9
2019-06-14,GOAU4,6.76
2019-06-14,GOLL4,30.32
2019-06-14,HAPV3,37.82
2019-06-14,HGTX3,28.04
2019-06-14,HYPE3,29.0
2019-06-14,IGTA3,43.7
2019-06-14,IRBR3,93.6
2019-06-14,ITSA4,11.98
2019-06-14,ITUB4,33.99
2019-06-14,JBSS3,21.13
2019-06-14,JHSF3,2.49
2019-06-14,KLBN11,15.78
2019-06-14,KROT3,10.48
2019-06-14,LAME4,16.08
2019-06-14,LCAM3,45.0
2019-06-14,LOGG3,18.46
2019-06-14,LREN3,45.84
2019-06-14,MGLU3,211.57
2019-06-14,MRFG3,6.71
2019-06-14,MRVE3,17.3
2019-06-14,MULT3,27.2
2019-06-14,NATU3,57.15
2019-06-14,PCAR4,86.36
2019-06-14,PETR3,30.19
2019-06-14,PETR4,27.06
2019-06-14,POMO4,3.65
2019-06-14,PRIO3,16.02
2019-06-14,PSSA3,52.9
2019-06-14,QUAL3,21.89
2019-06-14,RADL3,74.3
2019-06-14,RAIL3,19.77
2019-06-14,RENT3,39.38
2019-06-14,SANB11,43.38
2019-06-14,SBSP3,46.64
2019-06-14,SLCE3,18.27
2019-06-14,SMLS3,46.09
2019-06-14,SMTO3,19.7
2019-06-14,STBP3,4.26
2019-06-14,SULA11,33.09
2019-06-14,SUZB3,32.5
2019-06-14,TAEE11,26.58
2019-06-14,TEND3,21.7
2019-06-14,TIMP3,11.04
2019-06-14,TOTS3,45.28
2019-06-14,TRPL4,23.25
2019-06-14,UGPA3,21.5
2019-06-14,USIM5,8.66
2019-06-14,VALE3,51.4
2019-06-14,VIVT3,43.87
2019-06-14,VIVT4,50.26
2019-06-14,VVAR3,4.97
2019-06-14,WEGE3,19.93
2019-06-17,ABEV3,17.8
2019-06-17,ALPA4,19.7
2019-06-17,ARZZ3,49.25
2019-06-17,AZUL4,44.78
2019-06-17,B3SA3,35.5
2019-06-17,BBAS3,50.47
2019-06-17,BBDC3,31.82
2019-06-17,BBDC4,36.04
2019-06-17,BBSE3,30.9
2019-06-17,BEEF3,8.27
2019-06-17,BIDI4,59.21
2019-06-17,BPAC11,47.75
2019-06-17,BPAN4,7.5
2019-06-17,BRAP4,31.64
2019-06-17,BRDT3,24.1
2019-06-17,BRFS3,28.7
2019-06-17,BRKM5,33.95
2019-06-17,BRML3,14.0
2019-06-17,BTOW3,31.43
2019-06-17,CCRO3,13.82
2019-06-17,CIEL3,6.62
2019-06-17,CMIG4,14.71
2019-06-17,CPFE3,29.9
2019-06-17,CPLE3,45.08
2019-06-17,CPLE6,47.42
2019-06-17,CRFB3,22.31
2019-06-17,CSAN3,46.1
2019-06-17,CSMG3,67.0
2019-06-17,CSNA3,16.37
2019-06-17,CVCB3,51.05
2019-06-17,CYRE3,18.95
2019-06-17,DIRR3,10.47
2019-06-17,ECOR3,10.33
2019-06-17,EGIE3,43.06
2019-06-17,ELET3,34.43
2019-06-17,ELET6,35.21
2019-06-17,EMBR3,18.77
2019-06-17,ENBR3,18.6
2019-06-17,ENEV3,23.2
2019-06-17,ENGI11,45.0
2019-06-17,EQTL3,89.03
2019-06-17,ESTC3,28.81
2019-06-17,EZTC3,25.18
2019-06-17,FLRY3,20.59
2019-06-17,GGBR4,14.21
2019-06-17,GNDI3,41.76
2019-06-17,GOAU4,6.69
2019-06-17,GOLL4,31.0
2019-06-17,HAPV3,37.19
2019-06-17,HGTX3,27.3
2019-06-17,HYPE3,28.92
2019-06-17,IGTA3,43.27
2019-06-17,IRBR3,96.4
2019-06-17,ITSA4,11.97
2019-06-17,ITUB4,33.95
2019-06-17,JBSS3,20.88
2019-06-17,JHSF3,2.49
2019-06-17,KLBN11,15.65
2019-06-17,KROT3,10.19
2019-06-17,LAME4,15.9
2019-06-17,LCAM3,45.75
2019-06-17,LOGG3,18.6
2019-06-17,LREN3,46.25
2019-06-17,MGLU3,207.5
2019-06-17,MRFG3,6.72
2019-06-17,MRVE3,17.7
2019-06-17,MULT3,26.53
2019-06-17,NATU3,57.0
2019-06-17,PCAR4,87.11
2019-06-17,PETR3,30.15
2019-06-17,PETR4,27.11
2019-06-17,POMO4,3.68
2019-06-17,PRIO3,16.12
2019-06-17,PSSA3,53.56
2019-06-17,QUAL3,21.7
2019-06-17,RADL3,75.0
2019-06-17,RAIL3,19.31
2019-06-17,RENT3,39.75
2019-06-17,SANB11,43.07
2019-06-17,SBSP3,47.22
2019-06-17,SLCE3,19.0
2019-06-17,SMLS3,46.38
2019-06-17,SMTO3,19.7
2019-06-17,STBP3,4.33
2019-06-17,SULA11,32.9
2019-06-17,SUZB3,32.9
2019-06-17,TAEE11,26.5
2019-06-17,TEND3,21.81
2019-06-17,TIMP3,10.79
2019-06-17,TOTS3,44.99
2019-06-17,TRPL4,23.45
2019-06-17,UGPA3,21.6
2019-06-17,USIM5,8.6
2019-06-17,VALE3,50.2
2019-06-17,VIVT3,42.61
2019-06-17,VIVT4,49.35
2019-06-17,VVAR3,5.07
2019-06-17,WEGE3,20.3
2019-06-18,ABEV3,18.05
2019-06-18,ALPA4,20.35
2019-06-18,ARZZ3,49.0
2019-06-18,AZUL4,45.25
2019-06-18,B3SA3,38.11
2019-06-18,BBAS3,51.65
2019-06-18,BBDC3,32.19
2019-06-18,BBDC4,36.35
2019-06-18,BBSE3,32.05
2019-06-18,BEEF3,8.2
2019-06-18,BIDI4,59.82
2019-06-18,BPAC11,48.87
2019-06-18,BPAN4,7.89
2019-06-18,BRAP4,32.99
2019-06-18,BRDT3,24.72
2019-06-18,BRFS3,28.2
2019-06-18,BRKM5,35.55
2019-06-18,BRML3,14.09
2019-06-18,BTOW3,33.23
2019-06-18,CCRO3,14.0
2019-06-18,CIEL3,6.75
2019-06-18,CMIG4,14.59
2019-06-18,CPFE3,29.95
2019-06-18,CPLE3,45.54
2019-06-18,CPLE6,47.64
2019-06-18,CRFB3,22.71
2019-06-18,CSAN3,46.7
2019-06-18,CSMG3,66.66
2019-06-18,CSNA3,16.89
2019-06-18,CVCB3,50.79
2019-06-18,CYRE3,19.45
2019-06-18,DIRR3,10.94
2019-06-18,ECOR3,10.48
2019-06-18,EGIE3,43.68
2019-06-18,ELET3,34.45
2019-06-18,ELET6,35.26
2019-06-18,EMBR3,18.73
2019-06-18,ENBR3,18.56
2019-06-18,ENEV3,23.39
2019-06-18,ENGI11,44.88
2019-06-18,EQTL3,89.61
2019-06-18,ESTC3,28.62
2019-06-18,EZTC3,25.0
2019-06-18,FLRY3,20.69
2019-06-18,GGBR4,14.74
2019-06-18,GNDI3,41.68
2019-06-18,GOAU4,6.99
2019-06-18,GOLL4,31.95
2019-06-18,HAPV3,38.0
2019-06-18,HGTX3,27.5
2019-06-18,HYPE3,28.79
2019-06-18,IGTA3,44.0
2019-06-18,IRBR3,98.23
2019-06-18,ITSA4,12.2
2019-06-18,ITUB4,34.83
2019-06-18,JBSS3,20.59
2019-06-18,JHSF3,2.65
2019-06-18,KLBN11,15.93
2019-06-18,KROT3,10.25
2019-06-18,LAME4,15.98
2019-06-18,LCAM3,47.05
2019-06-18,LOGG3,19.01
2019-06-18,LREN3,46.5
2019-06-18,MGLU3,208.1
2019-06-18,MRFG3,6.61
2019-06-18,MRVE3,18.35
2019-06-18,MULT3,27.06
2019-06-18,NATU3,56.71
2019-06-18,PCAR4,86.77
2019-06-18,PETR3,30.61
2019-06-18,PETR4,27.45
2019-06-18,POMO4,3.75
2019-06-18,PRIO3,16.05
2019-06-18,PSSA3,53.78
2019-06-18,QUAL3,22.08
2019-06-18,RADL3,74.98
2019-06-18,RAIL3,19.75
2019-06-18,RENT3,40.12
2019-06-18,SANB11,44.17
2019-06-18,SBSP3,46.9
2019-06-18,SLCE3,18.6
2019-06-18,SMLS3,46.1
2019-06-18,SMTO3,19.76
2019-06-18,STBP3,4.39
2019-06-18,SULA11,33.49
2019-06-18,SUZB3,33.38
2019-06-18,TAEE11,26.7
2019-06-18,TEND3,22.3
2019-06-18,TIMP3,11.21
2019-06-18,TOTS3,44.75
2019-06-18,TRPL4,23.99
2019-06-18,UGPA3,21.34
2019-06-18,USIM5,8.78
2019-06-18,VALE3,52.0
2019-06-18,VIVT3,41.91
2019-06-18,VIVT4,50.14
2019-06-18,VVAR3,5.07
2019-06-18,WEGE3,20.64
2019-06-19,ABEV3,18.2
2019-06-19,ALPA4,20.32
2019-06-19,ARZZ3,49.99
2019-06-19,AZUL4,45.4
2019-06-19,B3SA3,37.39
2019-06-19,BBAS3,52.5
2019-06-19,BBDC3,32.94
2019-06-19,BBDC4,36.8
2019-06-19,BBSE3,31.73
2019-06-19,BEEF3,8.02
2019-06-19,BIDI4,59.7
2019-06-19,BPAC11,49.6
2019-06-19,BPAN4,7.86
2019-06-19,BRAP4,33.12
2019-06-19,BRDT3,24.62
2019-06-19,BRFS3,28.6
2019-06-19,BRKM5,35.8
2019-06-19,BRML3,14.07
2019-06-19,BTOW3,34.15
2019-06-19,CCRO3,14.03
2019-06-19,CIEL3,6.85
2019-06-19,CMIG4,14.6
2019-06-19,CPFE3,29.8
2019-06-19,CPLE3,46.68
2019-06-19,CPLE6,49.0
2019-06-19,CRFB3,22.59
2019-06-19,CSAN3,46.7
2019-06-19,CSMG3,67.59
2019-06-19,CSNA3,16.6
2019-06-19,CVCB3,51.95
2019-06-19,CYRE3,19.7
2019-06-19,DIRR3,10.85
2019-06-19,ECOR3,10.5
2019-06-19,EGIE3,43.36
2019-06-19,ELET3,35.31
2019-06-19,ELET6,35.68
2019-06-19,EMBR3,18.59
2019-06-19,ENBR3,18.65
2019-06-19,ENEV3,23.61
2019-06-19,ENGI11,45.2
2019-06-19,EQTL3,90.5
2019-06-19,ESTC3,29.18
2019-06-19,EZTC3,25.2
2019-06-19,FLRY3,20.8
2019-06-19,GGBR4,14.96
2019-06-19,GNDI3,40.98
2019-06-19,GOAU4,7.11
2019-06-19,GOLL4,32.82
2019-06-19,HAPV3,38.98
2019-06-19,HGTX3,27.76
2019-06-19,HYPE3,29.0
2019-06-19,IGTA3,44.14
2019-06-19,IRBR3,98.31
2019-06-19,ITSA4,12.38
2019-06-19,ITUB4,35.38
2019-06-19,JBSS3,21.25
2019-06-19,JHSF3,2.7
2019-06-19,KLBN11,16.19
2019-06-19,KROT3,10.49
2019-06-19,LAME4,16.2
2019-06-19,LCAM3,47.6
2019-06-19,LOGG3,18.99
2019-06-19,LREN3,47.85
2019-06-19,MGLU3,210.0
2019-06-19,MRFG3,6.52
2019-06-19,MRVE3,18.44
2019-06-19,MULT3,27.44
2019-06-19,NATU3,59.7
2019-06-19,PCAR4,87.37
2019-06-19,PETR3,30.84
2019-06-19,PETR4,27.52
2019-06-19,POMO4,3.74
2019-06-19,PRIO3,15.91
2019-06-19,PSSA3,53.85
2019-06-19,QUAL3,22.35
2019-06-19,RADL3,76.0
2019-06-19,RAIL3,20.48
2019-06-19,RENT3,40.96
2019-06-19,SANB11,44.6
2019-06-19,SBSP3,47.89
2019-06-19,SLCE3,18.34
2019-06-19,SMLS3,44.19
2019-06-19,SMTO3,20.23
2019-06-19,STBP3,4.41
2019-06-19,SULA11,33.99
2019-06-19,SUZB3,33.0
2019-06-19,TAEE11,26.95
2019-06-19,TEND3,22.3
2019-06-19,TIMP3,11.51
2019-06-19,TOTS3,44.99
2019-06-19,TRPL4,24.25
2019-06-19,UGPA3,20.95
2019-06-19,USIM5,8.66
2019-06-19,VALE3,52.3
2019-06-19,VIVT3,42.0
2019-06-19,VIVT4,49.71
2019-06-19,VVAR3,5.06
2019-06-19,WEGE3,21.17
2019-06-21,ABEV3,18.45
2019-06-21,ALPA4,20.78
2019-06-21,ARZZ3,50.27
2019-06-21,AZUL4,44.26
2019-06-21,B3SA3,39.75
2019-06-21,BBAS3,52.91
2019-06-21,BBDC3,33.7
2019-06-21,BBDC4,37.63
2019-06-21,BBSE3,32.2
2019-06-21,BEEF3,7.95
2019-06-21,BIDI4,60.19
2019-06-21,BPAC11,50.35
2019-06-21,BPAN4,7.99
2019-06-21,BRAP4,33.03
2019-06-21,BRDT3,25.0
2019-06-21,BRFS3,28.66
2019-06-21,BRKM5,35.5
2019-06-21,BRML3,14.62
2019-06-21,BTOW3,34.55
2019-06-21,CCRO3,14.52
2019-06-21,CIEL3,7.28
2019-06-21,CMIG4,14.74
2019-06-21,CPFE3,29.78
2019-06-21,CPLE3,46.47
2019-06-21,CPLE6,48.75
2019-06-21,CRFB3,21.95
2019-06-21,CSAN3,46.22
2019-06-21,CSMG3,66.24
2019-06-21,CSNA3,16.5
2019-06-21,CVCB3,53.27
2019-06-21,CYRE3,19.85
2019-06-21,DIRR3,10.94
2019-06-21,ECOR3,10.89
2019-06-21,EGIE3,43.19
2019-06-21,ELET3,34.73
2019-06-21,ELET6,35.15
2019-06-21,EMBR3,19.13
2019-06-21,ENBR3,18.7
2019-06-21,ENEV3,23.48
2019-06-21,ENGI11,45.6
2019-06-21,EQTL3,91.19
2019-06-21,ESTC3,29.85
2019-06-21,EZTC3,25.8
2019-06-21,FLRY3,21.0
2019-06-21,GGBR4,15.22
2019-06-21,GNDI3,41.02
2019-06-21,GOAU4,7.17
2019-06-21,GOLL4,32.2
2019-06-21,HAPV3,39.35
2019-06-21,HGTX3,28.42
2019-06-21,HYPE3,29.7
2019-06-21,IGTA3,45.01
2019-06-21,IRBR3,99.48
2019-06-21,ITSA4,12.6
2019-06-21,ITUB4,36.18
2019-06-21,JBSS3,22.07
2019-06-21,JHSF3,2.7
2019-06-21,KLBN11,16.18
2019-06-21,KROT3,10.87
2019-06-21,LAME4,16.57
2019-06-21,LCAM3,48.28
2019-06-21,LOGG3,19.33
2019-06-21,LREN3,46.98
2019-06-21,MGLU3,212.65
2019-06-21,MRFG3,6.55
2019-06-21,MRVE3,19.38
2019-06-21,MULT3,27.99
2019-06-21,NATU3,59.17
2019-06-21,PCAR4,88.11
2019-06-21,PETR3,31.79
2019-06-21,PETR4,28.28
2019-06-21,POMO4,3.79
2019-06-21,PRIO3,16.33
2019-06-21,PSSA3,54.15
2019-06-21,QUAL3,22.3
2019-06-21,RADL3,74.45
2019-06-21,RAIL3,20.88
2019-06-21,RENT3,40.9
2019-06-21,SANB11,45.7
2019-06-21,SBSP3,46.75
2019-06-21,SLCE3,17.87
2019-06-21,SMLS3,42.8
2019-06-21,SMTO3,20.3
2019-06-21,STBP3,4.43
2019-06-21,SULA11,34.2
2019-06-21,SUZB3,33.76
2019-06-21,TAEE11,26.83
2019-06-21,TEND3,22.77
2019-06-21,TIMP3,11.86
2019-06-21,TOTS3,43.49
2019-06-21,TRPL4,24.19
2019-06-21,UGPA3,21.4
2019-06-21,USIM5,8.69
2019-06-21,VALE3,52.44
2019-06-21,VIVT3,42.0
2019-06-21,VIVT4,49.88
2019-06-21,VVAR3,5.1
2019-06-21,WEGE3,21.43
2019-06-24,ABEV3,18.3
2019-06-24,ALPA4,20.37
2019-06-24,ARZZ3,50.1
2019-06-24,AZUL4,43.57
2019-06-24,B3SA3,39.7
2019-06-24,BBAS3,53.04
2019-06-24,BBDC3,33.85
2019-06-24,BBDC4,37.93
2019-06-24,BBSE3,32.11
2019-06-24,BEEF3,7.95
2019-06-24,BIDI4,59.7
2019-06-24,BPAC11,49.8
2019-06-24,BPAN4,7.78
2019-06-24,BRAP4,33.19
2019-06-24,BRDT3,25.0
2019-06-24,BRFS3,28.89
2019-06-24,BRKM5,36.17
2019-06-24,BRML3,14.47
2019-06-24,BTOW3,33.9
2019-06-24,CCRO3,14.25
2019-06-24,CIEL3,7.17
2019-06-24,CMIG4,14.77
2019-06-24,CPFE3,29.59
2019-06-24,CPLE3,46.0
2019-06-24,CPLE6,48.3
2019-06-24,CRFB3,22.1
2019-06-24,CSAN3,46.44
2019-06-24,CSMG3,66.0
2019-06-24,CSNA3,16.44
2019-06-24,CVCB3,53.54
2019-06-24,CYRE3,20.0
2019-06-24,DIRR3,11.3
2019-06-24,ECOR3,10.8
2019-06-24,EGIE3,42.94
2019-06-24,ELET3,34.33
2019-06-24,ELET6,34.8
2019-06-24,EMBR3,19.42
2019-06-24,ENBR3,18.71
2019-06-24,ENEV3,23.83
2019-06-24,ENGI11,44.96
2019-06-24,EQTL3,90.74
2019-06-24,ESTC3,29.65
2019-06-24,EZTC3,25.88
2019-06-24,FLRY3,21.13
2019-06-24,GGBR4,15.13
2019-06-24,GNDI3,40.75
2019-06-24,GOAU4,7.19
2019-06-24,GOLL4,31.93
2019-06-24,HAPV3,39.37
2019-06-24,HGTX3,29.12
2019-06-24,HYPE3,30.22
2019-06-24,IGTA3,45.13
2019-06-24,IRBR3,101.05
2019-06-24,ITSA4,12.65
2019-06-24,ITUB4,36.1
2019-06-24,JBSS3,21.79
2019-06-24,JHSF3,2.82
2019-06-24,KLBN11,16.32
2019-06-24,KROT3,10.93
2019-06-24,LAME4,16.55
2019-06-24,LCAM3,48.75
2019-06-24,LOGG3,19.63
2019-06-24,LREN3,47.4
2019-06-24,MGLU3,209.98
2019-06-24,MRFG3,6.62
2019-06-24,MRVE3,19.5
2019-06-24,MULT3,27.96
2019-06-24,NATU3,58.22
2019-06-24,PCAR4,87.3
2019-06-24,PETR3,31.66
2019-06-24,PETR4,28.25
2019-06-24,POMO4,3.85
2019-06-24,PRIO3,16.01
2019-06-24,PSSA3,53.83
2019-06-24,QUAL3,22.57
2019-06-24,RADL3,75.32
2019-06-24,RAIL3,20.75
2019-06-24,RENT3,41.57
2019-06-24,SANB11,45.89
2019-06-24,SBSP3,46.5
2019-06-24,SLCE3,17.66
2019-06-24,SMLS3,42.59
2019-06-24,SMTO3,20.35
2019-06-24,STBP3,4.4
2019-06-24,SULA11,34.93
2019-06-24,SUZB3,34.52
2019-06-24,TAEE11,27.15
2019-06-24,TEND3,23.0
2019-06-24,TIMP3,11.91
2019-06-24,TOTS3,43.59
2019-06-24,TRPL4,24.54
2019-06-24,UGPA3,21.47
2019-06-24,USIM5,8.74
2019-06-24,VALE3,52.4
2019-06-24,VIVT3,43.22
2019-06-24,VIVT4,50.28
2019-06-24,VVAR3,5.11
2019-06-24,WEGE3,21.58
2019-06-25,ABEV3,18.17
2019-06-25,ALPA4,20.29
2019-06-25,ARZZ3,49.35
2019-06-25,AZUL4,42.6
2019-06-25,B3SA3,37.66
2019-06-25,BBAS3,52.55
2019-06-25,BBDC3,33.27
2019-06-25,BBDC4,37.61
2019-06-25,BBSE3,31.75
2019-06-25,BEEF3,7.94
2019-06-25,BIDI4,59.99
2019-06-25,BPAC11,49.5
2019-06-25,BPAN4,7.65
2019-06-25,BRAP4,32.3
2019-06-25,BRDT3,24.29
2019-06-25,BRFS3,28.75
2019-06-25,BRKM5,35.69
2019-06-25,BRML3,14.15
2019-06-25,BTOW3,32.8
2019-06-25,CCRO3,13.95
2019-06-25,CIEL3,6.95
2019-06-25,CMIG4,14.39
2019-06-25,CPFE3,29.1
2019-06-25,CPLE3,45.0
2019-06-25,CPLE6,47.25
2019-06-25,CRFB3,21.81
2019-06-25,CSAN3,45.17
2019-06-25,CSMG3,65.58
2019-06-25,CSNA3,16.08
2019-06-25,CVCB3,51.51
2019-06-25,CYRE3,19.4
2019-06-25,DIRR3,11.17
2019-06-25,ECOR3,10.51
2019-06-25,EGIE3,42.43
2019-06-25,ELET3,33.03
2019-06-25,ELET6,34.2
2019-06-25,EMBR3,18.93
2019-06-25,ENBR3,18.2
2019-06-25,ENEV3,23.25
2019-06-25,ENGI11,44.15
2019-06-25,EQTL3,89.16
2019-06-25,ESTC3,28.49
2019-06-25,EZTC3,25.14
2019-06-25,FLRY3,20.98
2019-06-25,GGBR4,14.75
2019-06-25,GNDI3,40.36
2019-06-25,GOAU4,6.99
2019-06-25,GOLL4,31.4
2019-06-25,HAPV3,38.68
2019-06-25,HGTX3,28.64
2019-06-25,HYPE3,29.09
2019-06-25,IGTA3,44.26
2019-06-25,IRBR3,98.82
2019-06-25,ITSA4,12.58
2019-06-25,ITUB4,35.65
2019-06-25,JBSS3,21.9
2019-06-25,JHSF3,2.78
2019-06-25,KLBN11,16.12
2019-06-25,KROT3,10.66
2019-06-25,LAME4,16.12
2019-06-25,LCAM3,47.72
2019-06-25,LOGG3,19.7
2019-06-25,LREN3,46.23
2019-06-25,MGLU3,206.51
2019-06-25,MRFG3,6.53
2019-06-25,MRVE3,18.77
2019-06-25,MULT3,27.39
2019-06-25,NATU3,56.75
2019-06-25,PCAR4,85.9
2019-06-25,PETR3,30.7
2019-06-25,PETR4,27.51
2019-06-25,POMO4,3.75
2019-06-25,PRIO3,15.68
2019-06-25,PSSA3,52.84
2019-06-25,QUAL3,22.15
2019-06-25,RADL3,73.0
2019-06-25,RAIL3,20.29
2019-06-25,RENT3,40.29
2019-06-25,SANB11,45.16
2019-06-25,SBSP3,46.2
2019-06-25,SLCE3,17.75
2019-06-25,SMLS3,41.3
2019-06-25,SMTO3,19.77
2019-06-25,STBP3,4.39
2019-06-25,SULA11,34.9
2019-06-25,SUZB3,33.6
2019-06-25,TAEE11,26.8
2019-06-25,TEND3,22.48
2019-06-25,TIMP3,11.75
2019-06-25,TOTS3,42.68
2019-06-25,TRPL4,24.24
2019-06-25,UGPA3,20.81
2019-06-25,USIM5,8.47
2019-06-25,VALE3,51.38
2019-06-25,VIVT3,42.88
2019-06-25,VIVT4,49.69
2019-06-25,VVAR3,5.04
2019-06-25,WEGE3,21.17
2019-06-26,ABEV3,18.1
2019-06-26,ALPA4,20.29
2019-06-26,ARZZ3,48.85
2019-06-26,AZUL4,42.39
2019-06-26,B3SA3,36.9
2019-06-26,BBAS3,53.69
2019-06-26,BBDC3,33.4
2019-06-26,BBDC4,38.08
2019-06-26,BBSE3,32.47
2019-06-26,BEEF3,7.97
2019-06-26,BIDI4,58.83
2019-06-26,BPAC11,49.0
2019-06-26,BPAN4,7.92
2019-06-26,BRAP4,32.68
2019-06-26,BRDT3,25.0
2019-06-26,BRFS3,28.52
2019-06-26,BRKM5,35.73
2019-06-26,BRML3,14.11
2019-06-26,BTOW3,32.79
2019-06-26,CCRO3,13.89
2019-06-26,CIEL3,6.94
2019-06-26,CMIG4,14.33
2019-06-26,CPFE3,29.2
2019-06-26,CPLE3,45.37
2019-06-26,CPLE6,47.3
2019-06-26,CRFB3,21.65
2019-06-26,CSAN3,46.4
2019-06-26,CSMG3,65.71
2019-06-26,CSNA3,16.16
2019-06-26,CVCB3,50.75
2019-06-26,CYRE3,19.69
2019-06-26,DIRR3,11.19
2019-06-26,ECOR3,10.53
2019-06-26,EGIE3,42.49
2019-06-26,ELET3,33.89
2019-06-26,ELET6,34.91
2019-06-26,EMBR3,19.02
2019-06-26,ENBR3,18.4
2019-06-26,ENEV3,23.69
2019-06-26,ENGI11,44.15
2019-06-26,EQTL3,89.0
2019-06-26,ESTC3,28.27
2019-06-26,EZTC3,25.31
2019-06-26,FLRY3,21.1
2019-06-26,GGBR4,15.09
2019-06-26,GNDI3,39.9
2019-06-26,GOAU4,7.15
2019-06-26,GOLL4,31.45
2019-06-26,HAPV3,38.22
2019-06-26,HGTX3,29.04
2019-06-26,HYPE3,29.24
2019-06-26,IGTA3,44.5
2019-06-26,IRBR3,100.0
2019-06-26,ITSA4,12.98
2019-06-26,ITUB4,36.5
2019-06-26,JBSS3,21.24
2019-06-26,JHSF3,2.89
2019-06-26,KLBN11,16.37
2019-06-26,KROT3,10.61
2019-06-26,LAME4,16.32
2019-06-26,LCAM3,47.0
2019-06-26,LOGG3,19.95
2019-06-26,LREN3,46.64
2019-06-26,MGLU3,208.45
2019-06-26,MRFG3,6.48
2019-06-26,MRVE3,19.2
2019-06-26,MULT3,27.42
2019-06-26,NATU3,56.3
2019-06-26,PCAR4,84.61
2019-06-26,PETR3,30.55
2019-06-26,PETR4,27.67
2019-06-26,POMO4,3.81
2019-06-26,PRIO3,15.7
2019-06-26,PSSA3,52.4
2019-06-26,QUAL3,22.44
2019-06-26,RADL3,73.4
2019-06-26,RAIL3,20.0
2019-06-26,RENT3,40.34
2019-06-26,SANB11,45.75
2019-06-26,SBSP3,45.86
2019-06-26,SLCE3,17.6
2019-06-26,SMLS3,41.0
2019-06-26,SMTO3,19.8
2019-06-26,STBP3,4.34
2019-06-26,SULA11,35.23
2019-06-26,SUZB3,33.39
2019-06-26,TAEE11,26.97
2019-06-26,TEND3,23.05
2019-06-26,TIMP3,11.7
2019-06-26,TOTS3,43.39
2019-06-26,TRPL4,24.28
2019-06-26,UGPA3,20.85
2019-06-26,USIM5,8.59
2019-06-26,VALE3,51.58
2019-06-26,VIVT3,43.09
2019-06-26,VIVT4,49.95
2019-06-26,VVAR3,4.98
2019-06-26,WEGE3,21.15
2019-06-27,ABEV3,18.05
2019-06-27,ALPA4,20.54
2019-06-27,ARZZ3,48.85
2019-06-27,AZUL4,42.47
2019-06-27,B3SA3,37.59
2019-06-27,BBAS3,53.8
2019-06-27,BBDC3,33.5
2019-06-27,BBDC4,37.9
2019-06-27,BBSE3,32.43
2019-06-27,BEEF3,7.91
2019-06-27,BIDI4,60.83
2019-06-27,BPAC11,49.7
2019-06-27,BPAN4,8.5
2019-06-27,BRAP4,32.81
2019-06-27,BRDT3,25.0
2019-06-27,BRFS3,29.1
2019-06-27,BRKM5,34.9
2019-06-27,BRML3,14.03
2019-06-27,BTOW3,32.64
2019-06-27,CCRO3,13.72
2019-06-27,CIEL3,6.89
2019-06-27,CMIG4,14.66
2019-06-27,CPFE3,29.68
2019-06-27,CPLE3,45.59
2019-06-27,CPLE6,47.3
2019-06-27,CRFB3,21.7
2019-06-27,CSAN3,46.2
2019-06-27,CSMG3,65.53
2019-06-27,CSNA3,16.47
2019-06-27,CVCB3,50.25
2019-06-27,CYRE3,20.05
2019-06-27,DIRR3,11.26
2019-06-27,ECOR3,10.6
2019-06-27,EGIE3,42.69
2019-06-27,ELET3,34.1
2019-06-27,ELET6,35.09
2019-06-27,EMBR3,18.96
2019-06-27,ENBR3,19.06
2019-06-27,ENEV3,24.0
2019-06-27,ENGI11,45.18
2019-06-27,EQTL3,90.57
2019-06-27,ESTC3,29.01
2019-06-27,EZTC3,25.42
2019-06-27,FLRY3,21.4
2019-06-27,GGBR4,14.99
2019-06-27,GNDI3,39.96
2019-06-27,GOAU4,7.1
2019-06-27,GOLL4,31.61
2019-06-27,HAPV3,38.95
2019-06-27,HGTX3,29.61
2019-06-27,HYPE3,29.35
2019-06-27,IGTA3,44.75
2019-06-27,IRBR3,99.4
2019-06-27,ITSA4,12.94
2019-06-27,ITUB4,36.25
2019-06-27,JBSS3,21.09
2019-06-27,JHSF3,2.86
2019-06-27,KLBN11,16.51
2019-06-27,KROT3,10.94
2019-06-27,LAME4,16.39
2019-06-27,LCAM3,47.44
2019-06-27,LOGG3,19.75
2019-06-27,LREN3,46.86
2019-06-27,MGLU3,208.65
2019-06-27,MRFG3,6.35
2019-06-27,MRVE3,19.24
2019-06-27,MULT3,27.21
2019-06-27,NATU3,56.47
2019-06-27,PCAR4,94.14
2019-06-27,PETR3,29.89
2019-06-27,PETR4,27.23
2019-06-27,POMO4,3.84
2019-06-27,PRIO3,15.45
2019-06-27,PSSA3,51.82
2019-06-27,QUAL3,22.68
2019-06-27,RADL3,75.93
2019-06-27,RAIL3,20.4
2019-06-27,RENT3,40.27
2019-06-27,SANB11,45.58
2019-06-27,SBSP3,46.26
2019-06-27,SLCE3,17.69
2019-06-27,SMLS3,41.85
2019-06-27,SMTO3,20.35
2019-06-27,STBP3,4.29
2019-06-27,SULA11,36.41
2019-06-27,SUZB3,33.78
2019-06-27,TAEE11,27.1
2019-06-27,TEND3,22.9
2019-06-27,TIMP3,11.6
2019-06-27,TOTS3,43.6
2019-06-27,TRPL4,24.52
2019-06-27,UGPA3,20.5
2019-06-27,USIM5,8.67
2019-06-27,VALE3,51.7
2019-06-27,VIVT3,42.99
2019-06-27,VIVT4,50.2
2019-06-27,VVAR3,4.97
2019-06-27,WEGE3,21.36
2019-06-28,ABEV3,17.89
2019-06-28,ALPA4,20.41
2019-06-28,ARZZ3,50.2
2019-06-28,AZUL4,43.29
2019-06-28,B3SA3,37.46
2019-06-28,BBAS3,53.94
2019-06-28,BBDC3,33.45
2019-06-28,BBDC4,37.74
2019-06-28,BBSE3,32.38
2019-06-28,BEEF3,7.95
2019-06-28,BIDI4,60.91
2019-06-28,BPAC11,50.88
2019-06-28,BPAN4,8.93
2019-06-28,BRAP4,32.85
2019-06-28,BRDT3,25.0
2019-06-28,BRFS3,29.52
2019-06-28,BRKM5,35.03
2019-06-28,BRML3,14.33
2019-06-28,BTOW3,32.72
2019-06-28,CCRO3,13.66
2019-06-28,CIEL3,6.72
2019-06-28,CMIG4,14.85
2019-06-28,CPFE3,30.43
2019-06-28,CPLE3,46.87
2019-06-28,CPLE6,48.6
2019-06-28,CRFB3,22.0
2019-06-28,CSAN3,46.15
2019-06-28,CSMG3,67.04
2019-06-28,CSNA3,16.71
2019-06-28,CVCB3,49.8
2019-06-28,CYRE3,20.8
2019-06-28,DIRR3,11.2
2019-06-28,ECOR3,10.76
2019-06-28,EGIE3,43.47
2019-06-28,ELET3,35.25
2019-06-28,ELET6,36.0
2019-06-28,EMBR3,19.41
2019-06-28,ENBR3,18.9
2019-06-28,ENEV3,24.12
2019-06-28,ENGI11,46.08
2019-06-28,EQTL3,91.8
2019-06-28,ESTC3,29.0
2019-06-28,EZTC3,25.7
2019-06-28,FLRY3,21.35
2019-06-28,GGBR4,15.2
2019-06-28,GNDI3,40.32
2019-06-28,GOAU4,7.24
2019-06-28,GOLL4,32.6
2019-06-28,HAPV3,39.43
2019-06-28,HGTX3,29.74
2019-06-28,HYPE3,29.99
2019-06-28,IGTA3,45.95
2019-06-28,IRBR3,98.5
2019-06-28,ITSA4,12.89
2019-06-28,ITUB4,36.26
2019-06-28,JBSS3,21.22
2019-06-28,JHSF3,2.88
2019-06-28,KLBN11,16.35
2019-06-28,KROT3,10.97
2019-06-28,LAME4,16.47
2019-06-28,LCAM3,48.88
2019-06-28,LOGG3,19.93
2019-06-28,LREN3,47.16
2019-06-28,MGLU3,211.12
2019-06-28,MRFG3,6.29
2019-06-28,MRVE3,19.57
2019-06-28,MULT3,27.76
2019-06-28,NATU3,56.49
2019-06-28,PCAR4,94.68
2019-06-28,PETR3,30.02
2019-06-28,PETR4,27.41
2019-06-28,POMO4,3.85
2019-06-28,PRIO3,15.77
2019-06-28,PSSA3,51.68
2019-06-28,QUAL3,22.97
2019-06-28,RADL3,76.1
2019-06-28,RAIL3,20.73
2019-06-28,RENT3,40.98
2019-06-28,SANB11,45.46
2019-06-28,SBSP3,47.27
2019-06-28,SLCE3,17.67
2019-06-28,SMLS3,42.0
2019-06-28,SMTO3,20.14
2019-06-28,STBP3,4.36
2019-06-28,SULA11,37.52
2019-06-28,SUZB3,32.85
2019-06-28,TAEE11,27.16
2019-06-28,TEND3,23.9
2019-06-28,TIMP3,11.63
2019-06-28,TOTS3,43.97
2019-06-28,TRPL4,24.74
2019-06-28,UGPA3,20.1
2019-06-28,USIM5,8.94
2019-06-28,VALE3,51.82
2019-06-28,VIVT3,42.25
2019-06-28,VIVT4,49.91
2019-06-28,VVAR3,5.07
2019-06-28,WEGE3,21.36
2019-07-01,ABEV3,17.81
2019-07-01,ALPA4,20.62
2019-07-01,ARZZ3,49.82
2019-07-01,AZUL4,42.09
2019-07-01,B3SA3,38.15
2019-07-01,BBAS3,53.88
2019-07-01,BBDC3,33.5
2019-07-01,BBDC4,37.63
2019-07-01,BBSE3,32.8
2019-07-01,BEEF3,8.1
2019-07-01,BIDI4,61.8
2019-07-01,BPAC11,50.05
2019-07-01,BPAN4,9.65
2019-07-01,BRAP4,33.64
2019-07-01,BRDT3,24.5
2019-07-01,BRFS3,32.08
2019-07-01,BRKM5,35.03
2019-07-01,BRML3,14.12
2019-07-01,BTOW3,32.01
2019-07-01,CCRO3,13.6
2019-07-01,CIEL3,6.68
2019-07-01,CMIG4,14.96
2019-07-01,CPFE3,30.29
2019-07-01,CPLE3,46.4
2019-07-01,CPLE6,48.19
2019-07-01,CRFB3,21.52
2019-07-01,CSAN3,47.7
2019-07-01,CSMG3,67.41
2019-07-01,CSNA3,16.99
2019-07-01,CVCB3,49.12
2019-07-01,CYRE3,20.93
2019-07-01,DIRR3,11.23
2019-07-01,ECOR3,10.58
2019-07-01,EGIE3,43.5
2019-07-01,ELET3,35.46
2019-07-01,ELET6,36.3
2019-07-01,EMBR3,19.5
2019-07-01,ENBR3,18.66
2019-07-01,ENEV3,24.89
2019-07-01,ENGI11,45.59
2019-07-01,EQTL3,90.29
2019-07-01,ESTC3,28.35
2019-07-01,EZTC3,25.96
2019-07-01,FLRY3,21.5
2019-07-01,GGBR4,15.03
2019-07-01,GNDI3,40.25
2019-07-01,GOAU4,7.15
2019-07-01,GOLL4,31.91
2019-07-01,HAPV3,38.54
2019-07-01,HGTX3,29.24
2019-07-01,HYPE3,29.12
2019-07-01,IGTA3,45.4
2019-07-01,IRBR3,101.25
2019-07-01,ITSA4,12.92
2019-07-01,ITUB4,36.08
2019-07-01,JBSS3,22.39
2019-07-01,JHSF3,2.86
2019-07-01,KLBN11,16.35
2019-07-01,KROT3,10.85
2019-07-01,LAME4,16.0
2019-07-01,LCAM3,48.11
2019-07-01,LOGG3,20.24
2019-07-01,LREN3,46.43
2019-07-01,MGLU3,210.2
2019-07-01,MRFG3,6.48
2019-07-01,MRVE3,19.12
2019-07-01,MULT3,27.09
2019-07-01,NATU3,57.74
2019-07-01,PCAR4,93.7
2019-07-01,PETR3,29.92
2019-07-01,PETR4,27.26
2019-07-01,POMO4,3.95
2019-07-01,PRIO3,15.91
2019-07-01,PSSA3,51.5
2019-07-01,QUAL3,22.21
2019-07-01,RADL3,77.2
2019-07-01,RAIL3,20.65
2019-07-01,RENT3,40.8
2019-07-01,SANB11,45.72
2019-07-01,SBSP3,48.12
2019-07-01,SLCE3,18.2
2019-07-01,SMLS3,40.6
2019-07-01,SMTO3,19.87
2019-07-01,STBP3,4.4
2019-07-01,SULA11,37.57
2019-07-01,SUZB3,31.57
2019-07-01,TAEE11,27.4
2019-07-01,TEND3,23.94
2019-07-01,TIMP3,11.45
2019-07-01,TOTS3,43.7
2019-07-01,TRPL4,24.55
2019-07-01,UGPA3,19.75
2019-07-01,USIM5,8.88
2019-07-01,VALE3,53.65
2019-07-01,VIVT3,41.6
2019-07-01,VIVT4,48.91
2019-07-01,VVAR3,5.12
2019-07-01,WEGE3,21.58
2019-07-02,ABEV3,18.13
2019-07-02,ALPA4,21.1
2019-07-02,ARZZ3,49.9
2019-07-02,AZUL4,42.41
2019-07-02,B3SA3,37.55
2019-07-02,BBAS3,53.19
2019-07-02,BBDC3,33.45
2019-07-02,BBDC4,37.73
2019-07-02,BBSE3,32.6
2019-07-02,BEEF3,8.2
2019-07-02,BIDI4,62.5
2019-07-02,BPAC11,50.09
2019-07-02,BPAN4,10.61
2019-07-02,BRAP4,32.3
2019-07-02,BRDT3,23.6
2019-07-02,BRFS3,33.2
2019-07-02,BRKM5,35.09
2019-07-02,BRML3,14.06
2019-07-02,BTOW3,31.84
2019-07-02,CCRO3,13.79
2019-07-02,CIEL3,6.55
2019-07-02,CMIG4,14.7
2019-07-02,CPFE3,30.24
2019-07-02,CPLE3,45.9
2019-07-02,CPLE6,47.32
2019-07-02,CRFB3,21.35
2019-07-02,CSAN3,47.07
2019-07-02,CSMG3,67.79
2019-07-02,CSNA3,16.43
2019-07-02,CVCB3,48.9
2019-07-02,CYRE3,21.1
2019-07-02,DIRR3,11.48
2019-07-02,ECOR3,10.48
2019-07-02,EGIE3,43.71
2019-07-02,ELET3,34.57
2019-07-02,ELET6,35.45
2019-07-02,EMBR3,19.45
2019-07-02,ENBR3,18.85
2019-07-02,ENEV3,24.67
2019-07-02,ENGI11,45.39
2019-07-02,EQTL3,90.13
2019-07-02,ESTC3,28.86
2019-07-02,EZTC3,26.4
2019-07-02,FLRY3,21.66
2019-07-02,GGBR4,14.64
2019-07-02,GNDI3,40.25
2019-07-02,GOAU4,6.95
2019-07-02,GOLL4,32.34
2019-07-02,HAPV3,37.21
2019-07-02,HGTX3,29.02
2019-07-02,HYPE3,29.3
2019-07-02,IGTA3,45.5
2019-07-02,IRBR3,97.0
2019-07-02,ITSA4,12.78
2019-07-02,ITUB4,35.95
2019-07-02,JBSS3,23.1
2019-07-02,JHSF3,2.9
2019-07-02,KLBN11,16.3
2019-07-02,KROT3,11.1
2019-07-02,LAME4,15.9
2019-07-02,LCAM3,47.4
2019-07-02,LOGG3,20.63
2019-07-02,LREN3,46.72
2019-07-02,MGLU3,212.46
2019-07-02,MRFG3,6.45
2019-07-02,MRVE3,19.4
2019-07-02,MULT3,27.26
2019-07-02,NATU3,57.11
2019-07-02,PCAR4,91.5
2019-07-02,PETR3,29.47
2019-07-02,PETR4,26.82
2019-07-02,POMO4,3.96
2019-07-02,PRIO3,15.67
2019-07-02,PSSA3,51.99
2019-07-02,QUAL3,22.83
2019-07-02,RADL3,76.19
2019-07-02,RAIL3,20.65
2019-07-02,RENT3,41.09
2019-07-02,SANB11,45.96
2019-07-02,SBSP3,47.63
2019-07-02,SLCE3,18.06
2019-07-02,SMLS3,39.98
2019-07-02,SMTO3,19.6
2019-07-02,STBP3,4.57
2019-07-02,SULA11,39.16
2019-07-02,SUZB3,31.0
2019-07-02,TAEE11,27.4
2019-07-02,TEND3,23.9
2019-07-02,TIMP3,11.43
2019-07-02,TOTS3,45.2
2019-07-02,TRPL4,24.41
2019-07-02,UGPA3,19.45
2019-07-02,USIM5,8.78
2019-07-02,VALE3,51.39
2019-07-02,VIVT3,42.72
2019-07-02,VIVT4,50.0
2019-07-02,VVAR3,5.45
2019-07-02,WEGE3,21.56
2019-07-03,ABEV3,18.87
2019-07-03,ALPA4,21.1
2019-07-03,ARZZ3,50.28
2019-07-03,AZUL4,44.16
2019-07-03,B3SA3,38.4
2019-07-03,BBAS3,54.3
2019-07-03,BBDC3,34.08
2019-07-03,BBDC4,38.24
2019-07-03,BBSE3,32.77
2019-07-03,BEEF3,8.2
2019-07-03,BIDI4,64.5
2019-07-03,BPAC11,51.0
2019-07-03,BPAN4,10.1
2019-07-03,BRAP4,32.55
2019-07-03,BRDT3,24.0
2019-07-03,BRFS3,34.0
2019-07-03,BRKM5,35.29
2019-07-03,BRML3,14.25
2019-07-03,BTOW3,32.31
2019-07-03,CCRO3,13.93
2019-07-03,CIEL3,6.9
2019-07-03,CMIG4,14.84
2019-07-03,CPFE3,31.12
2019-07-03,CPLE3,46.9
2019-07-03,CPLE6,48.57
2019-07-03,CRFB3,21.94
2019-07-03,CSAN3,47.67
2019-07-03,CSMG3,67.85
2019-07-03,CSNA3,16.85
2019-07-03,CVCB3,48.74
2019-07-03,CYRE3,22.01
2019-07-03,DIRR3,11.72
2019-07-03,ECOR3,10.39
2019-07-03,EGIE3,44.06
2019-07-03,ELET3,35.2
2019-07-03,ELET6,36.28
2019-07-03,EMBR3,19.34
2019-07-03,ENBR3,19.3
2019-07-03,ENEV3,24.94
2019-07-03,ENGI11,46.1
2019-07-03,EQTL3,92.99
2019-07-03,ESTC3,29.01
2019-07-03,EZTC3,26.87
2019-07-03,FLRY3,21.64
2019-07-03,GGBR4,14.88
2019-07-03,GNDI3,40.18
2019-07-03,GOAU4,7.05
2019-07-03,GOLL4,35.44
2019-07-03,HAPV3,37.0
2019-07-03,HGTX3,29.3
2019-07-03,HYPE3,29.14
2019-07-03,IGTA3,46.04
2019-07-03,IRBR3,96.24
2019-07-03,ITSA4,12.98
2019-07-03,ITUB4,36.57
2019-07-03,JBSS3,23.1
2019-07-03,JHSF3,2.94
2019-07-03,KLBN11,16.51
2019-07-03,KROT3,11.27
2019-07-03,LAME4,15.9
2019-07-03,LCAM3,48.0
2019-07-03,LOGG3,21.0
2019-07-03,LREN3,47.11
2019-07-03,MGLU3,220.85
2019-07-03,MRFG3,6.49
2019-07-03,MRVE3,19.1
2019-07-03,MULT3,27.84
2019-07-03,NATU3,57.1
2019-07-03,PCAR4,92.48
2019-07-03,PETR3,29.77
2019-07-03,PETR4,27.13
2019-07-03,POMO4,4.05
2019-07-03,PRIO3,16.09
2019-07-03,PSSA3,52.06
2019-07-03,QUAL3,22.68
2019-07-03,RADL3,77.0
2019-07-03,RAIL3,21.19
2019-07-03,RENT3,41.81
2019-07-03,SANB11,46.5
2019-07-03,SBSP3,48.17
2019-07-03,SLCE3,18.27
2019-07-03,SMLS3,40.6
2019-07-03,SMTO3,19.6
2019-07-03,STBP3,4.67
2019-07-03,SULA11,39.3
2019-07-03,SUZB3,31.2
2019-07-03,TAEE11,27.67
2019-07-03,TEND3,23.85
2019-07-03,TIMP3,11.77
2019-07-03,TOTS3,45.75
2019-07-03,TRPL4,24.08
2019-07-03,UGPA3,19.5
2019-07-03,USIM5,9.07
2019-07-03,VALE3,51.29
2019-07-03,VIVT3,43.0
2019-07-03,VIVT4,50.63
2019-07-03,VVAR3,5.93
2019-07-03,WEGE3,21.7
2019-07-04,ABEV3,19.0
2019-07-04,ALPA4,21.29
2019-07-04,ARZZ3,51.0
2019-07-04,AZUL4,46.75
2019-07-04,B3SA3,39.74
2019-07-04,BBAS3,55.18
2019-07-04,BBDC3,34.84
2019-07-04,BBDC4,39.07
2019-07-04,BBSE3,33.09
2019-07-04,BEEF3,8.32
2019-07-04,BIDI4,11.86
2019-07-04,BPAC11,52.99
2019-07-04,BPAN4,10.25
2019-07-04,BRAP4,32.43
2019-07-04,BRDT3,24.51
2019-07-04,BRFS3,34.23
2019-07-04,BRKM5,36.55
2019-07-04,BRML3,14.49
2019-07-04,BTOW3,34.28
2019-07-04,CCRO3,13.96
2019-07-04,CIEL3,7.0
2019-07-04,CMIG4,14.99
2019-07-04,CPFE3,31.44
2019-07-04,CPLE3,47.0
2019-07-04,CPLE6,48.41
2019-07-04,CRFB3,22.92
2019-07-04,CSAN3,48.47
2019-07-04,CSMG3,66.98
2019-07-04,CSNA3,16.92
2019-07-04,CVCB3,48.2
2019-07-04,CYRE3,22.5
2019-07-04,DIRR3,11.86
2019-07-04,ECOR3,10.9
2019-07-04,EGIE3,44.34
2019-07-04,ELET3,36.21
2019-07-04,ELET6,37.42
2019-07-04,EMBR3,19.34
2019-07-04,ENBR3,19.62
2019-07-04,ENEV3,25.47
2019-07-04,ENGI11,47.1
2019-07-04,EQTL3,94.09
2019-07-04,ESTC3,29.93
2019-07-04,EZTC3,28.03
2019-07-04,FLRY3,22.0
2019-07-04,GGBR4,15.3
2019-07-04,GNDI3,39.92
2019-07-04,GOAU4,7.22
2019-07-04,GOLL4,38.03
2019-07-04,HAPV3,38.39
2019-07-04,HGTX3,29.59
2019-07-04,HYPE3,29.53
2019-07-04,IGTA3,46.66
2019-07-04,IRBR3,96.04
2019-07-04,ITSA4,13.15
2019-07-04,ITUB4,36.99
2019-07-04,JBSS3,23.48
2019-07-04,JHSF3,2.95
2019-07-04,KLBN11,16.57
2019-07-04,KROT3,11.57
2019-07-04,LAME4,16.38
2019-07-04,LCAM3,48.2
2019-07-04,LOGG3,21.39
2019-07-04,LREN3,47.7
2019-07-04,MGLU3,221.1
2019-07-04,MRFG3,6.65
2019-07-04,MRVE3,19.17
2019-07-04,MULT3,28.02
2019-07-04,NATU3,58.5
2019-07-04,PCAR4,92.68
2019-07-04,PETR3,30.16
2019-07-04,PETR4,27.39
2019-07-04,POMO4,4.05
2019-07-04,PRIO3,16.05
2019-07-04,PSSA3,53.5
2019-07-04,QUAL3,23.28
2019-07-04,RADL3,80.6
2019-07-04,RAIL3,21.42
2019-07-04,RENT3,42.65
2019-07-04,SANB11,47.68
2019-07-04,SBSP3,49.39
2019-07-04,SLCE3,18.57
2019-07-04,SMLS3,41.15
2019-07-04,SMTO3,19.8
2019-07-04,STBP3,4.72
2019-07-04,SULA11,40.87
2019-07-04,SUZB3,31.75
2019-07-04,TAEE11,27.78
2019-07-04,TEND3,23.8
2019-07-04,TIMP3,12.18
2019-07-04,TOTS3,46.7
2019-07-04,TRPL4,24.07
2019-07-04,UGPA3,19.65
2019-07-04,USIM5,9.45
2019-07-04,VALE3,51.67
2019-07-04,VIVT3,44.03
2019-07-04,VIVT4,51.17
2019-07-04,VVAR3,6.24
2019-07-04,WEGE3,22.2
2019-07-05,ABEV3,19.0
2019-07-05,ALPA4,21.45
2019-07-05,ARZZ3,52.02
2019-07-05,AZUL4,48.45
2019-07-05,B3SA3,40.4
2019-07-05,BBAS3,55.0
2019-07-05,BBDC3,35.11
2019-07-05,BBDC4,39.41
2019-07-05,BBSE3,33.85
2019-07-05,BEEF3,8.52
2019-07-05,BIDI4,12.98
2019-07-05,BPAC11,56.11
2019-07-05,BPAN4,10.2
2019-07-05,BRAP4,31.54
2019-07-05,BRDT3,24.75
2019-07-05,BRFS3,34.2
2019-07-05,BRKM5,37.31
2019-07-05,BRML3,14.8
2019-07-05,BTOW3,35.78
2019-07-05,CCRO3,14.15
2019-07-05,CIEL3,6.87
2019-07-05,CMIG4,15.04
2019-07-05,CPFE3,31.43
2019-07-05,CPLE3,46.2
2019-07-05,CPLE6,47.5
2019-07-05,CRFB3,22.64
2019-07-05,CSAN3,48.79
2019-07-05,CSMG3,67.18
2019-07-05,CSNA3,16.7
2019-07-05,CVCB3,48.67
2019-07-05,CYRE3,22.86
2019-07-05,DIRR3,12.17
2019-07-05,ECOR3,11.1
2019-07-05,EGIE3,44.55
2019-07-05,ELET3,36.15
2019-07-05,ELET6,37.32
2019-07-05,EMBR3,19.48
2019-07-05,ENBR3,19.48
2019-07-05,ENEV3,25.72
2019-07-05,ENGI11,46.4
2019-07-05,EQTL3,94.3
2019-07-05,ESTC3,30.24
2019-07-05,EZTC3,28.85
2019-07-05,FLRY3,22.72
2019-07-05,GGBR4,15.37
2019-07-05,GNDI3,40.51
2019-07-05,GOAU4,7.23
2019-07-05,GOLL4,40.4
2019-07-05,HAPV3,39.54
2019-07-05,HGTX3,29.77
2019-07-05,HYPE3,29.5
2019-07-05,IGTA3,47.52
2019-07-05,IRBR3,96.73
2019-07-05,ITSA4,13.27
2019-07-05,ITUB4,37.4
2019-07-05,JBSS3,24.29
2019-07-05,JHSF3,2.95
2019-07-05,KLBN11,16.81
2019-07-05,KROT3,11.7
2019-07-05,LAME4,16.62
2019-07-05,LCAM3,50.5
2019-07-05,LOGG3,21.45
2019-07-05,LREN3,48.5
2019-07-05,MGLU3,226.08
2019-07-05,MRFG3,6.7
2019-07-05,MRVE3,19.35
2019-07-05,MULT3,28.2
2019-07-05,NATU3,57.61
2019-07-05,PCAR4,92.2
2019-07-05,PETR3,30.03
2019-07-05,PETR4,27.4
2019-07-05,POMO4,4.1
2019-07-05,PRIO3,16.4
2019-07-05,PSSA3,54.5
2019-07-05,QUAL3,23.26
2019-07-05,RADL3,81.32
2019-07-05,RAIL3,21.59
2019-07-05,RENT3,42.88
2019-07-05,SANB11,47.41
2019-07-05,SBSP3,48.97
2019-07-05,SLCE3,18.69
2019-07-05,SMLS3,41.65
2019-07-05,SMTO3,19.9
2019-07-05,STBP3,4.7
2019-07-05,SULA11,40.97
2019-07-05,SUZB3,32.7
2019-07-05,TAEE11,28.03
2019-07-05,TEND3,24.28
2019-07-05,TIMP3,12.15
2019-07-05,TOTS3,49.04
2019-07-05,TRPL4,24.48
2019-07-05,UGPA3,19.61
2019-07-05,USIM5,9.68
2019-07-05,VALE3,50.36
2019-07-05,VIVT3,43.65
2019-07-05,VIVT4,50.7
2019-07-05,VVAR3,6.35
2019-07-05,WEGE3,22.4
2019-07-08,ABEV3,18.94
2019-07-08,ALPA4,21.0
2019-07-08,ARZZ3,52.15
2019-07-08,AZUL4,48.73
2019-07-08,B3SA3,40.3
2019-07-08,BBAS3,54.95
2019-07-08,BBDC3,35.34
2019-07-08,BBDC4,39.23
2019-07-08,BBSE3,33.51
2019-07-08,BEEF3,8.53
2019-07-08,BIDI4,14.39
2019-07-08,BPAC11,56.74
2019-07-08,BPAN4,10.08
2019-07-08,BRAP4,32.06
2019-07-08,BRDT3,25.45
2019-07-08,BRFS3,34.37
2019-07-08,BRKM5,37.32
2019-07-08,BRML3,14.87
2019-07-08,BTOW3,36.47
2019-07-08,CCRO3,14.54
2019-07-08,CIEL3,7.01
2019-07-08,CMIG4,15.11
2019-07-08,CPFE3,31.56
2019-07-08,CPLE3,46.32
2019-07-08,CPLE6,47.46
2019-07-08,CRFB3,22.66
2019-07-08,CSAN3,48.85
2019-07-08,CSMG3,66.95
2019-07-08,CSNA3,17.24
2019-07-08,CVCB3,49.08
2019-07-08,CYRE3,23.1
2019-07-08,DIRR3,12.58
2019-07-08,ECOR3,11.4
2019-07-08,EGIE3,45.17
2019-07-08,ELET3,35.77
2019-07-08,ELET6,37.27
2019-07-08,EMBR3,19.39
2019-07-08,ENBR3,19.65
2019-07-08,ENEV3,26.0
2019-07-08,ENGI11,47.1
2019-07-08,EQTL3,96.3
2019-07-08,ESTC3,31.68
2019-07-08,EZTC3,29.5
2019-07-08,FLRY3,23.27
2019-07-08,GGBR4,15.35
2019-07-08,GNDI3,42.51
2019-07-08,GOAU4,7.27
2019-07-08,GOLL4,40.91
2019-07-08,HAPV3,41.02
2019-07-08,HGTX3,29.65
2019-07-08,HYPE3,29.1
2019-07-08,IGTA3,49.11
2019-07-08,IRBR3,95.0
2019-07-08,ITSA4,13.28
2019-07-08,ITUB4,37.3
2019-07-08,JBSS3,24.51
2019-07-08,JHSF3,2.99
2019-07-08,KLBN11,16.6
2019-07-08,KROT3,12.38
2019-07-08,LAME4,16.69
2019-07-08,LCAM3,51.8
2019-07-08,LOGG3,21.94
2019-07-08,LREN3,48.07
2019-07-08,MGLU3,229.4
2019-07-08,MRFG3,6.68
2019-07-08,MRVE3,19.63
2019-07-08,MULT3,28.62
2019-07-08,NATU3,56.45
2019-07-08,PCAR4,91.47
2019-07-08,PETR3,30.61
2019-07-08,PETR4,27.65
2019-07-08,POMO4,4.03
2019-07-08,PRIO3,18.0
2019-07-08,PSSA3,54.76
2019-07-08,QUAL3,23.78
2019-07-08,RADL3,81.5
2019-07-08,RAIL3,21.7
2019-07-08,RENT3,43.5
2019-07-08,SANB11,46.52
2019-07-08,SBSP3,49.21
2019-07-08,SLCE3,18.66
2019-07-08,SMLS3,40.97
2019-07-08,SMTO3,19.54
2019-07-08,STBP3,4.9
2019-07-08,SULA11,42.1
2019-07-08,SUZB3,32.55
2019-07-08,TAEE11,28.34
2019-07-08,TEND3,24.72
2019-07-08,TIMP3,11.99
2019-07-08,TOTS3,48.7
2019-07-08,TRPL4,25.12
2019-07-08,UGPA3,19.7
2019-07-08,USIM5,9.65
2019-07-08,VALE3,50.95
2019-07-08,VIVT3,44.33
2019-07-08,VIVT4,50.7
2019-07-08,VVAR3,6.75
2019-07-08,WEGE3,22.53
2019-07-10,ABEV3,19.02
2019-07-10,ALPA4,22.2
2019-07-10,ARZZ3,53.28
2019-07-10,AZUL4,49.99
2019-07-10,B3SA3,42.1
2019-07-10,BBAS3,54.26
2019-07-10,BBDC3,35.1
2019-07-10,BBDC4,39.05
2019-07-10,BBSE3,33.74
2019-07-10,BEEF3,8.69
2019-07-10,BIDI4,13.99
2019-07-10,BPAC11,56.32
2019-07-10,BPAN4,10.11
2019-07-10,BRAP4,32.92
2019-07-10,BRDT3,26.6
2019-07-10,BRFS3,34.98
2019-07-10,BRKM5,36.94
2019-07-10,BRML3,15.46
2019-07-10,BTOW3,39.21
2019-07-10,CCRO3,14.85
2019-07-10,CIEL3,7.3
2019-07-10,CMIG4,15.4
2019-07-10,CPFE3,31.86
2019-07-10,CPLE3,48.6
2019-07-10,CPLE6,49.5
2019-07-10,CRFB3,23.49
2019-07-10,CSAN3,50.87
2019-07-10,CSMG3,68.5
2019-07-10,CSNA3,17.24
2019-07-10,CVCB3,52.3
2019-07-10,CYRE3,23.86
2019-07-10,DIRR3,12.75
2019-07-10,ECOR3,11.67
2019-07-10,EGIE3,46.16
2019-07-10,ELET3,36.3
2019-07-10,ELET6,37.68
2019-07-10,EMBR3,19.42
2019-07-10,ENBR3,19.96
2019-07-10,ENEV3,26.1
2019-07-10,ENGI11,48.94
2019-07-10,EQTL3,97.14
2019-07-10,ESTC3,32.17
2019-07-10,EZTC3,29.89
2019-07-10,FLRY3,23.79
2019-07-10,GGBR4,15.31
2019-07-10,GNDI3,42.75
2019-07-10,GOAU4,7.23
2019-07-10,GOLL4,40.73
2019-07-10,HAPV3,43.08
2019-07-10,HGTX3,31.38
2019-07-10,HYPE3,29.62
2019-07-10,IGTA3,50.2
2019-07-10,IRBR3,101.45
2019-07-10,ITSA4,13.34
2019-07-10,ITUB4,37.2
2019-07-10,JBSS3,25.37
2019-07-10,JHSF3,2.96
2019-07-10,KLBN11,16.8
2019-07-10,KROT3,12.33
2019-07-10,LAME4,17.38
2019-07-10,LCAM3,51.6
2019-07-10,LOGG3,22.59
2019-07-10,LREN3,48.84
2019-07-10,MGLU3,233.5
2019-07-10,MRFG3,6.88
2019-07-10,MRVE3,20.09
2019-07-10,MULT3,29.54
2019-07-10,NATU3,58.25
2019-07-10,PCAR3,91.0
2019-07-10,PCAR4,92.56
2019-07-10,PETR3,30.72
2019-07-10,PETR4,28.07
2019-07-10,POMO4,4.0
2019-07-10,PRIO3,18.17
2019-07-10,PSSA3,55.0
2019-07-10,QUAL3,23.4
2019-07-10,RADL3,83.5
2019-07-10,RAIL3,21.97
2019-07-10,RENT3,44.13
2019-07-10,SANB11,46.59
2019-07-10,SBSP3,49.5
2019-07-10,SLCE3,18.1
2019-07-10,SMLS3,40.86
2019-07-10,SMTO3,19.61
2019-07-10,STBP3,4.91
2019-07-10,SULA11,42.35
2019-07-10,SUZB3,31.5
2019-07-10,TAEE11,28.69
2019-07-10,TEND3,25.3
2019-07-10,TIMP3,12.15
2019-07-10,TOTS3,49.0
2019-07-10,TRPL4,25.56
2019-07-10,UGPA3,20.85
2019-07-10,USIM5,9.56
2019-07-10,VALE3,52.13
2019-07-10,VIVT3,45.9
2019-07-10,VIVT4,52.0
2019-07-10,VVAR3,6.73
2019-07-10,WEGE3,23.69
2019-07-11,ABEV3,18.69
2019-07-11,ALPA4,21.9
2019-07-11,ARZZ3,52.46
2019-07-11,AZUL4,49.47
2019-07-11,B3SA3,41.16
2019-07-11,BBAS3,53.2
2019-07-11,BBDC3,34.7
2019-07-11,BBDC4,38.72
2019-07-11,BBSE3,33.17
2019-07-11,BEEF3,8.59
2019-07-11,BIDI4,13.9
2019-07-11,BPAC11,58.21
2019-07-11,BPAN4,9.52
2019-07-11,BRAP4,32.96
2019-07-11,BRDT3,26.7
2019-07-11,BRFS3,33.93
2019-07-11,BRKM5,36.73
2019-07-11,BRML3,14.93
2019-07-11,BTOW3,39.52
2019-07-11,CCRO3,14.65
2019-07-11,CIEL3,7.46
2019-07-11,CMIG4,15.29
2019-07-11,CPFE3,31.83
2019-07-11,CPLE3,48.6
2019-07-11,CPLE6,49.45
2019-07-11,CRFB3,23.47
2019-07-11,CSAN3,49.85
2019-07-11,CSMG3,69.42
2019-07-11,CSNA3,17.18
2019-07-11,CVCB3,53.15
2019-07-11,CYRE3,22.84
2019-07-11,DIRR3,12.6
2019-07-11,ECOR3,11.5
2019-07-11,EGIE3,46.03
2019-07-11,ELET3,38.97
2019-07-11,ELET6,39.5
2019-07-11,EMBR3,19.2
2019-07-11,ENBR3,19.9
2019-07-11,ENEV3,26.24
2019-07-11,ENGI11,48.8
2019-07-11,EQTL3,98.77
2019-07-11,ESTC3,31.91
2019-07-11,EZTC3,29.3
2019-07-11,FLRY3,23.67
2019-07-11,GGBR4,14.94
2019-07-11,GNDI3,43.0
2019-07-11,GOAU4,7.05
2019-07-11,GOLL4,40.37
2019-07-11,HAPV3,41.44
2019-07-11,HGTX3,31.18
2019-07-11,HYPE3,29.44
2019-07-11,IGTA3,49.2
2019-07-11,IRBR3,96.17
2019-07-11,ITSA4,13.2
2019-07-11,ITUB4,37.15
2019-07-11,JBSS3,24.4
2019-07-11,JHSF3,2.96
2019-07-11,KLBN11,16.58
2019-07-11,KROT3,11.82
2019-07-11,LAME4,17.25
2019-07-11,LCAM3,51.84
2019-07-11,LOGG3,22.45
2019-07-11,LREN3,48.45
2019-07-11,MGLU3,230.77
2019-07-11,MRFG3,6.79
2019-07-11,MRVE3,19.98
2019-07-11,MULT3,28.99
2019-07-11,NATU3,56.03
2019-07-11,PCAR4,93.22
2019-07-11,PETR3,31.3
2019-07-11,PETR4,28.4
2019-07-11,POMO4,3.98
2019-07-11,PRIO3,18.28
2019-07-11,PSSA3,55.0
2019-07-11,QUAL3,23.52
2019-07-11,RADL3,83.65
2019-07-11,RAIL3,21.7
2019-07-11,RENT3,43.11
2019-07-11,SANB11,46.5
2019-07-11,SBSP3,51.81
2019-07-11,SLCE3,17.69
2019-07-11,SMLS3,40.64
2019-07-11,SMTO3,19.85
2019-07-11,STBP3,4.99
2019-07-11,SULA11,42.03
2019-07-11,SUZB3,31.05
2019-07-11,TAEE11,28.96
2019-07-11,TEND3,25.14
2019-07-11,TIMP3,12.17
2019-07-11,TOTS3,49.57
2019-07-11,TRPL4,25.63
2019-07-11,UGPA3,20.68
2019-07-11,USIM5,9.46
2019-07-11,VALE3,52.05
2019-07-11,VIVT3,45.06
2019-07-11,VIVT4,52.4
2019-07-11,VVAR3,6.5
2019-07-11,WEGE3,23.6
2019-07-12,ABEV3,18.2
2019-07-12,ALPA4,21.72
2019-07-12,ARZZ3,52.65
2019-07-12,AZUL4,49.09
2019-07-12,B3SA3,39.7
2019-07-12,BBAS3,52.0
2019-07-12,BBDC3,34.01
2019-07-12,BBDC4,38.0
2019-07-12,BBSE3,33.42
2019-07-12,BEEF3,8.38
2019-07-12,BIDI4,13.67
2019-07-12,BPAC11,57.99
2019-07-12,BPAN4,9.5
2019-07-12,BRAP4,32.72
2019-07-12,BRDT3,26.4
2019-07-12,BRFS3,33.55
2019-07-12,BRKM5,36.71
2019-07-12,BRML3,14.88
2019-07-12,BTOW3,38.24
2019-07-12,CCRO3,15.05
2019-07-12,CIEL3,7.23
2019-07-12,CMIG4,15.12
2019-07-12,CPFE3,31.5
2019-07-12,CPLE3,48.4
2019-07-12,CPLE6,49.43
2019-07-12,CRFB3,23.12
2019-07-12,CSAN3,49.67
2019-07-12,CSMG3,68.12
2019-07-12,CSNA3,17.07
2019-07-12,CVCB3,52.97
2019-07-12,CYRE3,22.2
2019-07-12,DIRR3,12.35
2019-07-12,ECOR3,11.53
2019-07-12,EGIE3,46.5
2019-07-12,ELET3,39.4
2019-07-12,ELET6,40.0
2019-07-12,EMBR3,19.29
2019-07-12,ENBR3,19.64
2019-07-12,ENEV3,25.6
2019-07-12,ENGI11,47.91
2019-07-12,EQTL3,96.35
2019-07-12,ESTC3,31.53
2019-07-12,EZTC3,29.08
2019-07-12,FLRY3,23.75
2019-07-12,GGBR4,14.72
2019-07-12,GNDI3,42.58
2019-07-12,GOAU4,6.96
2019-07-12,GOLL4,39.11
2019-07-12,HAPV3,41.99
2019-07-12,HGTX3,31.16
2019-07-12,HYPE3,29.1
2019-07-12,IGTA3,48.88
2019-07-12,IRBR3,94.03
2019-07-12,ITSA4,13.0
2019-07-12,ITUB4,36.46
2019-07-12,JBSS3,23.85
2019-07-12,JHSF3,2.99
2019-07-12,KLBN11,16.6
2019-07-12,KROT3,11.45
2019-07-12,LAME4,17.01
2019-07-12,LCAM3,51.64
2019-07-12,LOGG3,22.53
2019-07-12,LREN3,47.54
2019-07-12,MGLU3,232.05
2019-07-12,MRFG3,6.79
2019-07-12,MRVE3,19.43
2019-07-12,MULT3,28.37
2019-07-12,NATU3,55.09
2019-07-12,PCAR3,94.5
2019-07-12,PCAR4,93.95
2019-07-12,PETR3,31.5
2019-07-12,PETR4,28.53
2019-07-12,POMO4,3.98
2019-07-12,PRIO3,18.77
2019-07-12,PSSA3,53.26
2019-07-12,QUAL3,22.95
2019-07-12,RADL3,80.13
2019-07-12,RAIL3,21.49
2019-07-12,RENT3,42.25
2019-07-12,SANB11,46.05
2019-07-12,SBSP3,51.86
2019-07-12,SLCE3,17.35
2019-07-12,SMLS3,40.39
2019-07-12,SMTO3,20.1
2019-07-12,STBP3,4.98
2019-07-12,SULA11,41.34
2019-07-12,SUZB3,32.0
2019-07-12,TAEE11,28.48
2019-07-12,TEND3,24.69
2019-07-12,TIMP3,12.1
2019-07-12,TOTS3,48.27
2019-07-12,TRPL4,25.61
2019-07-12,UGPA3,20.48
2019-07-12,USIM5,9.43
2019-07-12,VALE3,51.81
2019-07-12,VIVT3,44.83
2019-07-12,VIVT4,52.09
2019-07-12,VVAR3,6.52
2019-07-12,WEGE3,23.09
2019-07-15,ABEV3,18.25
2019-07-15,ALPA4,21.33
2019-07-15,ARZZ3,51.8
2019-07-15,AZUL4,49.36
2019-07-15,B3SA3,39.74
2019-07-15,BBAS3,51.69
2019-07-15,BBDC3,34.02
2019-07-15,BBDC4,37.84
2019-07-15,BBSE3,33.37
2019-07-15,BEEF3,8.38
2019-07-15,BIDI4,13.1
2019-07-15,BPAC11,57.6
2019-07-15,BPAN4,9.4
2019-07-15,BRAP4,33.1
2019-07-15,BRDT3,26.06
2019-07-15,BRFS3,33.45
2019-07-15,BRKM5,36.81
2019-07-15,BRML3,14.73
2019-07-15,BTOW3,37.13
2019-07-15,CCRO3,14.56
2019-07-15,CIEL3,7.04
2019-07-15,CMIG4,14.87
2019-07-15,CPFE3,31.19
2019-07-15,CPLE3,48.81
2019-07-15,CPLE6,50.5
2019-07-15,CRFB3,23.25
2019-07-15,CSAN3,50.56
2019-07-15,CSMG3,65.9
2019-07-15,CSNA3,17.3
2019-07-15,CVCB3,51.07
2019-07-15,CYRE3,21.96
2019-07-15,DIRR3,12.41
2019-07-15,ECOR3,11.29
2019-07-15,EGIE3,45.99
2019-07-15,ELET3,37.5
2019-07-15,ELET6,38.23
2019-07-15,EMBR3,19.32
2019-07-15,ENBR3,19.4
2019-07-15,ENEV3,25.47
2019-07-15,ENGI11,48.0
2019-07-15,EQTL3,95.9
2019-07-15,ESTC3,32.0
2019-07-15,EZTC3,29.0
2019-07-15,FLRY3,23.65
2019-07-15,GGBR4,14.93
2019-07-15,GNDI3,41.65
2019-07-15,GOAU4,7.09
2019-07-15,GOLL4,38.16
2019-07-15,HAPV3,40.9
2019-07-15,HGTX3,30.76
2019-07-15,HYPE3,29.3
2019-07-15,IGTA3,48.3
2019-07-15,IRBR3,92.8
2019-07-15,ITSA4,12.95
2019-07-15,ITUB4,36.36
2019-07-15,JBSS3,24.61
2019-07-15,JHSF3,3.32
2019-07-15,KLBN11,16.71
2019-07-15,KROT3,11.66
2019-07-15,LAME4,16.8
2019-07-15,LCAM3,50.76
2019-07-15,LOGG3,22.53
2019-07-15,LREN3,47.84
2019-07-15,MGLU3,230.65
2019-07-15,MRFG3,6.65
2019-07-15,MRVE3,19.27
2019-07-15,MULT3,27.96
2019-07-15,NATU3,55.2
2019-07-15,PCAR4,92.55
2019-07-15,PETR3,30.97
2019-07-15,PETR4,28.18
2019-07-15,POMO4,3.98
2019-07-15,PRIO3,19.26
2019-07-15,PSSA3,52.3
2019-07-15,QUAL3,23.0
2019-07-15,RADL3,80.39
2019-07-15,RAIL3,21.66
2019-07-15,RENT3,41.98
2019-07-15,SANB11,46.28
2019-07-15,SBSP3,51.48
2019-07-15,SLCE3,17.15
2019-07-15,SMLS3,38.53
2019-07-15,SMTO3,20.2
2019-07-15,STBP3,5.06
2019-07-15,SULA11,41.59
2019-07-15,SUZB3,32.9
2019-07-15,TAEE11,28.03
2019-07-15,TEND3,24.66
2019-07-15,TIMP3,12.38
2019-07-15,TOTS3,47.72
2019-07-15,TRPL4,25.2
2019-07-15,UGPA3,20.57
2019-07-15,USIM5,9.32
2019-07-15,VALE3,52.69
2019-07-15,VIVT3,45.74
2019-07-15,VIVT4,53.7
2019-07-15,VVAR3,7.03
2019-07-15,WEGE3,22.4
2019-07-16,ABEV3,18.1
2019-07-16,ALPA4,21.3
2019-07-16,ARZZ3,52.57
2019-07-16,AZUL4,50.0
2019-07-16,B3SA3,41.0
2019-07-16,BBAS3,51.77
2019-07-16,BBDC3,33.72
2019-07-16,BBDC4,37.85
2019-07-16,BBSE3,33.39
2019-07-16,BEEF3,8.27
2019-07-16,BIDI4,13.89
2019-07-16,BPAC11,58.5
2019-07-16,BPAN4,10.3
2019-07-16,BRAP4,33.28
2019-07-16,BRDT3,25.88
2019-07-16,BRFS3,32.72
2019-07-16,BRKM5,35.93
2019-07-16,BRML3,14.54
2019-07-16,BTOW3,35.83
2019-07-16,CCRO3,14.78
2019-07-16,CIEL3,7.01
2019-07-16,CMIG4,14.9
2019-07-16,CPFE3,31.17
2019-07-16,CPLE3,48.9
2019-07-16,CPLE6,50.52
2019-07-16,CRFB3,22.94
2019-07-16,CSAN3,49.79
2019-07-16,CSMG3,66.25
2019-07-16,CSNA3,17.6
2019-07-16,CVCB3,50.44
2019-07-16,CYRE3,22.15
2019-07-16,DIRR3,12.39
2019-07-16,ECOR3,11.35
2019-07-16,EGIE3,46.4
2019-07-16,ELET3,38.8
2019-07-16,ELET6,39.18
2019-07-16,EMBR3,19.26
2019-07-16,ENBR3,19.15
2019-07-16,ENEV3,25.49
2019-07-16,ENGI11,48.85
2019-07-16,EQTL3,94.95
2019-07-16,ESTC3,31.22
2019-07-16,EZTC3,29.58
2019-07-16,FLRY3,23.52
2019-07-16,GGBR4,14.79
2019-07-16,GNDI3,41.5
2019-07-16,GOAU4,7.06
2019-07-16,GOLL4,39.94
2019-07-16,HAPV3,41.77
2019-07-16,HGTX3,30.79
2019-07-16,HYPE3,28.6
2019-07-16,IGTA3,48.5
2019-07-16,IRBR3,92.73
2019-07-16,ITSA4,12.89
2019-07-16,ITUB4,36.5
2019-07-16,JBSS3,23.85
2019-07-16,JHSF3,3.29
2019-07-16,KLBN11,16.72
2019-07-16,KROT3,11.75
2019-07-16,LAME4,16.46
2019-07-16,LCAM3,51.9
2019-07-16,LOGG3,21.8
2019-07-16,LREN3,47.99
2019-07-16,MGLU3,234.0
2019-07-16,MRFG3,6.5
2019-07-16,MRVE3,19.55
2019-07-16,MULT3,28.0
2019-07-16,NATU3,55.25
2019-07-16,PCAR4,92.0
2019-07-16,PETR3,30.6
2019-07-16,PETR4,27.83
2019-07-16,POMO4,3.85
2019-07-16,PRIO3,18.3
2019-07-16,PSSA3,52.0
2019-07-16,QUAL3,23.05
2019-07-16,RADL3,78.11
2019-07-16,RAIL3,21.76
2019-07-16,RENT3,43.0
2019-07-16,SANB11,46.37
2019-07-16,SBSP3,50.91
2019-07-16,SLCE3,16.9
2019-07-16,SMLS3,38.36
2019-07-16,SMTO3,20.01
2019-07-16,STBP3,5.05
2019-07-16,SULA11,41.65
2019-07-16,SUZB3,33.67
2019-07-16,TAEE11,27.82
2019-07-16,TEND3,24.8
2019-07-16,TIMP3,12.44
2019-07-16,TOTS3,47.88
2019-07-16,TRPL4,25.35
2019-07-16,UGPA3,20.19
2019-07-16,USIM5,9.4
2019-07-16,VALE3,53.05
2019-07-16,VIVT3,46.17
2019-07-16,VIVT4,54.14
2019-07-16,VVAR3,7.13
2019-07-16,WEGE3,22.51
2019-07-17,ABEV3,17.99
2019-07-17,ALPA4,21.82
2019-07-17,ARZZ3,52.32
2019-07-17,AZUL4,49.64
2019-07-17,B3SA3,41.29
2019-07-17,BBAS3,51.78
2019-07-17,BBDC3,33.84
2019-07-17,BBDC4,37.65
2019-07-17,BBSE3,33.81
2019-07-17,BEEF3,8.41
2019-07-17,BIDI4,13.59
2019-07-17,BPAC11,58.49
2019-07-17,BPAN4,9.9
2019-07-17,BRAP4,33.3
2019-07-17,BRDT3,26.37
2019-07-17,BRFS3,32.93
2019-07-17,BRKM5,35.9
2019-07-17,BRML3,14.72
2019-07-17,BTOW3,36.87
2019-07-17,CCRO3,14.87
2019-07-17,CIEL3,6.95
2019-07-17,CMIG4,14.99
2019-07-17,CPFE3,31.06
2019-07-17,CPLE3,49.0
2019-07-17,CPLE6,50.6
2019-07-17,CRFB3,23.02
2019-07-17,CSAN3,49.6
2019-07-17,CSMG3,66.5
2019-07-17,CSNA3,17.27
2019-07-17,CVCB3,50.26
2019-07-17,CYRE3,22.03
2019-07-17,DIRR3,12.19
2019-07-17,ECOR3,11.45
2019-07-17,EGIE3,46.7
2019-07-17,ELET3,40.35
2019-07-17,ELET6,40.7
2019-07-17,EMBR3,19.3
2019-07-17,ENBR3,19.25
2019-07-17,ENEV3,25.85
2019-07-17,ENGI11,48.32
2019-07-17,EQTL3,94.79
2019-07-17,ESTC3,31.9
2019-07-17,EZTC3,29.45
2019-07-17,FLRY3,23.82
2019-07-17,GGBR4,14.61
2019-07-17,GNDI3,42.28
2019-07-17,GOAU4,7.0
2019-07-17,GOLL4,38.3
2019-07-17,HAPV3,42.6
2019-07-17,HGTX3,31.86
2019-07-17,HYPE3,28.9
2019-07-17,IGTA3,49.45
2019-07-17,IRBR3,91.4
2019-07-17,ITSA4,12.93
2019-07-17,ITUB4,36.4
2019-07-17,JBSS3,23.49
2019-07-17,JHSF3,3.45
2019-07-17,KLBN11,16.83
2019-07-17,KROT3,12.0
2019-07-17,LAME4,17.06
2019-07-17,LCAM3,51.8
2019-07-17,LOGG3,22.65
2019-07-17,LREN3,48.25
2019-07-17,MGLU3,244.39
2019-07-17,MRFG3,6.57
2019-07-17,MRVE3,19.32
2019-07-17,MULT3,28.88
2019-07-17,NATU3,56.16
2019-07-17,PCAR4,92.75
2019-07-17,PETR3,30.4
2019-07-17,PETR4,27.68
2019-07-17,POMO4,3.85
2019-07-17,PRIO3,18.23
2019-07-17,PSSA3,52.2
2019-07-17,QUAL3,22.81
2019-07-17,RADL3,77.55
2019-07-17,RAIL3,22.01
2019-07-17,RENT3,43.19
2019-07-17,SANB11,46.8
2019-07-17,SBSP3,51.68
2019-07-17,SLCE3,17.77
2019-07-17,SMLS3,37.63
2019-07-17,SMTO3,19.59
2019-07-17,STBP3,5.1
2019-07-17,SULA11,42.05
2019-07-17,SUZB3,34.75
2019-07-17,TAEE11,27.88
2019-07-17,TEND3,24.44
2019-07-17,TIMP3,12.3
2019-07-17,TOTS3,48.11
2019-07-17,TRPL4,25.4
2019-07-17,UGPA3,20.29
2019-07-17,USIM5,9.37
2019-07-17,VALE3,52.69
2019-07-17,VIVT3,46.65
2019-07-17,VIVT4,54.0
2019-07-17,VVAR3,7.31
2019-07-17,WEGE3,22.53
2019-07-18,ABEV3,18.25
2019-07-18,ALPA4,21.85
2019-07-18,ARZZ3,52.03
2019-07-18,AZUL4,49.85
2019-07-18,B3SA3,41.03
2019-07-18,BBAS3,52.66
2019-07-18,BBDC3,34.46
2019-07-18,BBDC4,38.47
2019-07-18,BBSE3,33.6
2019-07-18,BEEF3,8.41
2019-07-18,BIDI4,13.6
2019-07-18,BPAC11,57.95
2019-07-18,BPAN4,10.05
2019-07-18,BRAP4,33.07
2019-07-18,BRDT3,26.5
2019-07-18,BRFS3,32.96
2019-07-18,BRKM5,36.1
2019-07-18,BRML3,14.64
2019-07-18,BTOW3,36.92
2019-07-18,CCRO3,14.84
2019-07-18,CIEL3,6.7
2019-07-18,CMIG4,14.86
2019-07-18,CPFE3,30.97
2019-07-18,CPLE3,49.2
2019-07-18,CPLE6,50.6
2019-07-18,CRFB3,23.3
2019-07-18,CSAN3,50.28
2019-07-18,CSMG3,67.95
2019-07-18,CSNA3,17.61
2019-07-18,CVCB3,49.0
2019-07-18,CYRE3,22.55
2019-07-18,DIRR3,12.22
2019-07-18,ECOR3,11.5
2019-07-18,EGIE3,46.74
2019-07-18,ELET3,40.59
2019-07-18,ELET6,40.89
2019-07-18,EMBR3,19.26
2019-07-18,ENBR3,19.24
2019-07-18,ENEV3,25.75
2019-07-18,ENGI11,48.72
2019-07-18,EQTL3,95.36
2019-07-18,ESTC3,33.64
2019-07-18,EZTC3,31.19
2019-07-18,FLRY3,23.67
2019-07-18,GGBR4,14.49
2019-07-18,GNDI3,42.0
2019-07-18,GOAU4,6.91
2019-07-18,GOLL4,39.1
2019-07-18,HAPV3,43.7
2019-07-18,HGTX3,31.86
2019-07-18,HYPE3,29.45
2019-07-18,IGTA3,48.6
2019-07-18,IRBR3,90.0
2019-07-18,ITSA4,13.21
2019-07-18,ITUB4,37.37
2019-07-18,JBSS3,23.8
2019-07-18,JHSF3,3.6
2019-07-18,KLBN11,16.75
2019-07-18,KROT3,12.6
2019-07-18,LAME4,17.5
2019-07-18,LCAM3,52.0
2019-07-18,LOGG3,23.0
2019-07-18,LREN3,48.6
2019-07-18,MGLU3,247.0
2019-07-18,MRFG3,6.54
2019-07-18,MRVE3,19.87
2019-07-18,MULT3,28.37
2019-07-18,NATU3,56.2
2019-07-18,PCAR4,92.0
2019-07-18,PETR3,30.07
2019-07-18,PETR4,27.51
2019-07-18,POMO4,3.95
2019-07-18,PRIO3,18.17
2019-07-18,PSSA3,52.61
2019-07-18,QUAL3,22.99
2019-07-18,RADL3,78.0
2019-07-18,RAIL3,22.46
2019-07-18,RENT3,43.6
2019-07-18,SANB11,47.9
2019-07-18,SBSP3,53.98
2019-07-18,SLCE3,17.5
2019-07-18,SMLS3,37.02
2019-07-18,SMTO3,19.57
2019-07-18,STBP3,5.19
2019-07-18,SULA11,43.37
2019-07-18,SUZB3,34.48
2019-07-18,TAEE11,28.15
2019-07-18,TEND3,25.15
2019-07-18,TIMP3,12.35
2019-07-18,TOTS3,47.4
2019-07-18,TRPL4,25.65
2019-07-18,UGPA3,20.83
2019-07-18,USIM5,9.38
2019-07-18,VALE3,52.59
2019-07-18,VIVT3,45.74
2019-07-18,VIVT4,53.69
2019-07-18,VVAR3,7.38
2019-07-18,WEGE3,22.75
2019-07-19,ABEV3,18.09
2019-07-19,ALPA4,21.69
2019-07-19,ARZZ3,52.43
2019-07-19,AZUL4,49.7
2019-07-19,B3SA3,40.38
2019-07-19,BBAS3,52.0
2019-07-19,BBDC3,34.03
2019-07-19,BBDC4,37.6
2019-07-19,BBSE3,32.7
2019-07-19,BEEF3,8.49
2019-07-19,BIDI11,42.69
2019-07-19,BIDI4,13.77
2019-07-19,BPAC11,56.9
2019-07-19,BPAN4,9.92
2019-07-19,BRAP4,33.11
2019-07-19,BRDT3,26.25
2019-07-19,BRFS3,33.45
2019-07-19,BRKM5,35.95
2019-07-19,BRML3,14.45
2019-07-19,BTOW3,35.98
2019-07-19,CCRO3,14.67
2019-07-19,CIEL3,6.68
2019-07-19,CMIG4,14.5
2019-07-19,CPFE3,30.91
2019-07-19,CPLE3,47.7
2019-07-19,CPLE6,49.48
2019-07-19,CRFB3,23.1
2019-07-19,CSAN3,49.5
2019-07-19,CSMG3,66.96
2019-07-19,CSNA3,17.57
2019-07-19,CVCB3,48.44
2019-07-19,CYRE3,21.94
2019-07-19,DIRR3,12.07
2019-07-19,ECOR3,11.41
2019-07-19,EGIE3,46.9
2019-07-19,ELET3,39.41
2019-07-19,ELET6,39.84
2019-07-19,EMBR3,19.33
2019-07-19,ENBR3,19.19
2019-07-19,ENEV3,25.74
2019-07-19,ENGI11,48.7
2019-07-19,EQTL3,94.26
2019-07-19,ESTC3,33.02
2019-07-19,EZTC3,30.3
2019-07-19,FLRY3,23.51
2019-07-19,GGBR4,14.34
2019-07-19,GNDI3,42.26
2019-07-19,GOAU4,6.9
2019-07-19,GOLL4,38.5
2019-07-19,HAPV3,42.73
2019-07-19,HGTX3,31.36
2019-07-19,HYPE3,28.86
2019-07-19,IGTA3,48.01
2019-07-19,IRBR3,88.6
2019-07-19,ITSA4,13.05
2019-07-19,ITUB4,36.4
2019-07-19,JBSS3,23.9
2019-07-19,JHSF3,3.51
2019-07-19,KLBN11,16.5
2019-07-19,KROT3,12.6
2019-07-19,LAME4,17.17
2019-07-19,LCAM3,50.9
2019-07-19,LOGG3,23.57
2019-07-19,LREN3,47.15
2019-07-19,MGLU3,238.05
2019-07-19,MRFG3,6.45
2019-07-19,MRVE3,19.02
2019-07-19,MULT3,28.07
2019-07-19,NATU3,56.78
2019-07-19,PCAR4,91.14
2019-07-19,PETR3,30.06
2019-07-19,PETR4,27.44
2019-07-19,POMO4,3.9
2019-07-19,PRIO3,17.9
2019-07-19,PSSA3,51.43
2019-07-19,QUAL3,22.74
2019-07-19,RADL3,77.5
2019-07-19,RAIL3,22.38
2019-07-19,RENT3,42.86
2019-07-19,SANB11,46.66
2019-07-19,SBSP3,53.0
2019-07-19,SLCE3,17.25
2019-07-19,SMLS3,36.55
2019-07-19,SMTO3,19.61
2019-07-19,STBP3,5.12
2019-07-19,SULA11,42.87
2019-07-19,SUZB3,33.08
2019-07-19,TAEE11,28.17
2019-07-19,TEND3,24.62
2019-07-19,TIMP3,12.2
2019-07-19,TOTS3,47.9
2019-07-19,TRPL4,25.6
2019-07-19,UGPA3,20.19
2019-07-19,USIM5,9.38
2019-07-19,VALE3,52.72
2019-07-19,VIVT3,45.37
2019-07-19,VIVT4,53.75
2019-07-19,VVAR3,7.15
2019-07-19,WEGE3,22.79
2019-07-22,ABEV3,17.99
2019-07-22,ALPA4,21.12
2019-07-22,ARZZ3,51.0
2019-07-22,AZUL4,49.9
2019-07-22,B3SA3,41.35
2019-07-22,BBAS3,52.01
2019-07-22,BBDC3,34.39
2019-07-22,BBDC4,38.12
2019-07-22,BBSE3,33.12
2019-07-22,BEEF3,8.56
2019-07-22,BIDI11,43.2
2019-07-22,BIDI4,13.76
2019-07-22,BPAC11,56.35
2019-07-22,BPAN4,9.72
2019-07-22,BRAP4,32.93
2019-07-22,BRDT3,25.5
2019-07-22,BRFS3,34.55
2019-07-22,BRKM5,35.29
2019-07-22,BRML3,14.3
2019-07-22,BTOW3,35.74
2019-07-22,CCRO3,14.8
2019-07-22,CIEL3,7.0
2019-07-22,CMIG4,14.43
2019-07-22,CPFE3,31.08
2019-07-22,CPLE3,47.47
2019-07-22,CPLE6,48.95
2019-07-22,CRFB3,22.99
2019-07-22,CSAN3,50.1
2019-07-22,CSMG3,66.5
2019-07-22,CSNA3,17.36
2019-07-22,CVCB3,47.16
2019-07-22,CYRE3,21.83
2019-07-22,DIRR3,12.0
2019-07-22,ECOR3,11.44
2019-07-22,EGIE3,47.05
2019-07-22,ELET3,38.63
2019-07-22,ELET6,39.17
2019-07-22,EMBR3,19.31
2019-07-22,ENBR3,19.62
2019-07-22,ENEV3,25.68
2019-07-22,ENGI11,48.85
2019-07-22,EQTL3,94.86
2019-07-22,ESTC3,33.52
2019-07-22,EZTC3,30.3
2019-07-22,FLRY3,23.15
2019-07-22,GGBR4,14.01
2019-07-22,GNDI3,42.6
2019-07-22,GOAU4,6.77
2019-07-22,GOLL4,38.9
2019-07-22,HAPV3,42.88
2019-07-22,HGTX3,30.95
2019-07-22,HYPE3,28.88
2019-07-22,IGTA3,47.79
2019-07-22,IRBR3,92.25
2019-07-22,ITSA4,13.25
2019-07-22,ITUB4,37.02
2019-07-22,JBSS3,24.85
2019-07-22,JHSF3,3.44
2019-07-22,KLBN11,16.26
2019-07-22,KROT3,12.52
2019-07-22,LAME4,17.02
2019-07-22,LCAM3,50.89
2019-07-22,LOGG3,22.96
2019-07-22,LREN3,47.55
2019-07-22,MGLU3,247.35
2019-07-22,MRFG3,6.36
2019-07-22,MRVE3,18.47
2019-07-22,MULT3,28.18
2019-07-22,NATU3,56.2
2019-07-22,PCAR4,90.2
2019-07-22,PETR3,30.1
2019-07-22,PETR4,27.49
2019-07-22,POMO4,3.86
2019-07-22,PRIO3,17.92
2019-07-22,PSSA3,50.97
2019-07-22,QUAL3,23.1
2019-07-22,RADL3,77.59
2019-07-22,RAIL3,22.27
2019-07-22,RENT3,43.07
2019-07-22,SANB11,46.67
2019-07-22,SBSP3,52.7
2019-07-22,SLCE3,17.13
2019-07-22,SMLS3,36.26
2019-07-22,SMTO3,19.39
2019-07-22,STBP3,5.2
2019-07-22,SULA11,42.39
2019-07-22,SUZB3,32.69
2019-07-22,TAEE11,28.42
2019-07-22,TEND3,24.41
2019-07-22,TIMP3,12.16
2019-07-22,TOTS3,48.0
2019-07-22,TRPL4,26.11
2019-07-22,UGPA3,19.35
2019-07-22,USIM5,9.19
2019-07-22,VALE3,52.45
2019-07-22,VIVT3,45.28
2019-07-22,VIVT4,53.6
2019-07-22,VVAR3,7.05
2019-07-22,WEGE3,22.6
2019-07-23,ABEV3,18.03
2019-07-23,ALPA4,21.22
2019-07-23,ARZZ3,50.0
2019-07-23,AZUL4,49.03
2019-07-23,B3SA3,40.75
2019-07-23,BBAS3,51.4
2019-07-23,BBDC3,34.4
2019-07-23,BBDC4,38.25
2019-07-23,BBSE3,32.87
2019-07-23,BEEF3,8.57
2019-07-23,BIDI11,42.6
2019-07-23,BIDI4,14.08
2019-07-23,BPAC11,56.0
2019-07-23,BPAN4,9.62
2019-07-23,BRAP4,32.87
2019-07-23,BRDT3,26.01
2019-07-23,BRFS3,33.75
2019-07-23,BRKM5,35.1
2019-07-23,BRML3,14.19
2019-07-23,BTOW3,35.02
2019-07-23,CCRO3,14.6
2019-07-23,CIEL3,6.75
2019-07-23,CMIG4,14.45
2019-07-23,CPFE3,30.99
2019-07-23,CPLE3,47.87
2019-07-23,CPLE6,49.6
2019-07-23,CRFB3,23.21
2019-07-23,CSAN3,49.58
2019-07-23,CSMG3,66.47
2019-07-23,CSNA3,17.08
2019-07-23,CVCB3,46.39
2019-07-23,CYRE3,22.34
2019-07-23,DIRR3,12.13
2019-07-23,ECOR3,11.2
2019-07-23,EGIE3,46.6
2019-07-23,ELET3,38.34
2019-07-23,ELET6,38.61
2019-07-23,EMBR3,19.41
2019-07-23,ENBR3,19.67
2019-07-23,ENEV3,25.65
2019-07-23,ENGI11,49.42
2019-07-23,EQTL3,95.83
2019-07-23,EZTC3,30.53
2019-07-23,FLRY3,23.21
2019-07-23,GGBR4,14.06
2019-07-23,GNDI3,43.0
2019-07-23,GOAU4,6.81
2019-07-23,GOLL4,38.62
2019-07-23,HAPV3,42.08
2019-07-23,HGTX3,30.43
2019-07-23,HYPE3,28.6
2019-07-23,IGTA3,47.35
2019-07-23,IRBR3,95.24
2019-07-23,ITSA4,13.32
2019-07-23,ITUB4,37.38
2019-07-23,JBSS3,25.62
2019-07-23,JHSF3,3.75
2019-07-23,KLBN11,16.06
2019-07-23,KROT3,12.45
2019-07-23,LAME4,16.77
2019-07-23,LCAM3,50.75
2019-07-23,LOGG3,23.11
2019-07-23,LREN3,46.55
2019-07-23,MGLU3,242.0
2019-07-23,MRFG3,6.42
2019-07-23,MRVE3,18.73
2019-07-23,MULT3,27.7
2019-07-23,NATU3,55.48
2019-07-23,PCAR4,88.24
2019-07-23,PETR3,30.25
2019-07-23,PETR4,27.52
2019-07-23,POMO4,3.87
2019-07-23,PRIO3,17.9
2019-07-23,PSSA3,51.07
2019-07-23,QUAL3,22.48
2019-07-23,RADL3,77.57
2019-07-23,RAIL3,22.16
2019-07-23,RENT3,42.5
2019-07-23,SANB11,46.43
2019-07-23,SBSP3,52.5
2019-07-23,SLCE3,16.9
2019-07-23,SMLS3,35.26
2019-07-23,SMTO3,19.45
2019-07-23,STBP3,5.12
2019-07-23,SULA11,41.92
2019-07-23,SUZB3,32.07
2019-07-23,TAEE11,28.43
2019-07-23,TEND3,24.9
2019-07-23,TIMP3,12.18
2019-07-23,TOTS3,48.13
2019-07-23,TRPL4,26.07
2019-07-23,UGPA3,19.85
2019-07-23,USIM5,9.1
2019-07-23,VALE3,51.76
2019-07-23,VIVT3,46.39
2019-07-23,VIVT4,53.5
2019-07-23,VVAR3,6.92
2019-07-23,WEGE3,22.58
2019-07-23,YDUQ3,34.36
2019-07-24,ABEV3,17.96
2019-07-24,ALPA4,21.0
2019-07-24,ARZZ3,50.1
2019-07-24,AZUL4,49.45
2019-07-24,B3SA3,42.53
2019-07-24,BBAS3,52.33
2019-07-24,BBDC3,35.03
2019-07-24,BBDC4,38.97
2019-07-24,BBSE3,32.53
2019-07-24,BEEF3,8.61
2019-07-24,BIDI11,42.83
2019-07-24,BIDI4,13.71
2019-07-24,BPAC11,55.65
2019-07-24,BPAN4,9.64
2019-07-24,BRAP4,32.04
2019-07-24,BRDT3,26.32
2019-07-24,BRFS3,34.06
2019-07-24,BRKM5,34.99
2019-07-24,BRML3,14.32
2019-07-24,BTOW3,35.86
2019-07-24,CCRO3,14.76
2019-07-24,CIEL3,7.62
2019-07-24,CMIG4,14.23
2019-07-24,CPFE3,30.9
2019-07-24,CPLE3,47.6
2019-07-24,CPLE6,49.16
2019-07-24,CRFB3,23.5
2019-07-24,CSAN3,50.53
2019-07-24,CSMG3,66.47
2019-07-24,CSNA3,16.41
2019-07-24,CVCB3,46.99
2019-07-24,CYRE3,22.65
2019-07-24,DIRR3,12.06
2019-07-24,ECOR3,11.13
2019-07-24,EGIE3,46.95
2019-07-24,ELET3,38.48
2019-07-24,ELET6,38.9
2019-07-24,EMBR3,19.5
2019-07-24,ENBR3,19.55
2019-07-24,ENEV3,25.55
2019-07-24,ENGI11,48.2
2019-07-24,EQTL3,92.66
2019-07-24,EZTC3,31.01
2019-07-24,FLRY3,23.6
2019-07-24,GGBR4,13.85
2019-07-24,GNDI3,43.0
2019-07-24,GOAU4,6.69
2019-07-24,GOLL4,38.95
2019-07-24,HAPV3,43.36
2019-07-24,HGTX3,29.74
2019-07-24,HYPE3,29.15
2019-07-24,IGTA3,47.07
2019-07-24,IRBR3,95.5
2019-07-24,ITSA4,13.3
2019-07-24,ITUB4,37.35
2019-07-24,JBSS3,25.94
2019-07-24,JHSF3,3.7
2019-07-24,KLBN11,16.16
2019-07-24,KROT3,12.3
2019-07-24,LAME4,16.88
2019-07-24,LCAM3,50.02
2019-07-24,LOGG3,23.2
2019-07-24,LREN3,46.72
2019-07-24,MGLU3,245.81
2019-07-24,MRFG3,6.5
2019-07-24,MRVE3,18.8
2019-07-24,MULT3,27.65
2019-07-24,NATU3,55.65
2019-07-24,PCAR4,88.0
2019-07-24,PETR3,30.0
2019-07-24,PETR4,27.35
2019-07-24,POMO4,3.85
2019-07-24,PRIO3,18.27
2019-07-24,PSSA3,51.63
2019-07-24,QUAL3,22.65
2019-07-24,RADL3,79.87
2019-07-24,RAIL3,22.21
2019-07-24,RENT3,43.22
2019-07-24,SANB11,45.93
2019-07-24,SBSP3,52.66
2019-07-24,SLCE3,16.85
2019-07-24,SMLS3,35.34
2019-07-24,SMTO3,19.41
2019-07-24,STBP3,5.13
2019-07-24,SULA11,42.38
2019-07-24,SUZB3,32.05
2019-07-24,TAEE11,28.38
2019-07-24,TEND3,24.3
2019-07-24,TIMP3,12.25
2019-07-24,TOTS3,48.57
2019-07-24,TRPL4,25.95
2019-07-24,UGPA3,20.75
2019-07-24,USIM5,8.97
2019-07-24,VALE3,50.65
2019-07-24,VIVT3,45.4
2019-07-24,VIVT4,53.72
2019-07-24,VVAR3,7.32
2019-07-24,WEGE3,23.0
2019-07-24,YDUQ3,34.35
2019-07-25,ABEV3,19.49
2019-07-25,ALPA4,20.62
2019-07-25,ARZZ3,49.65
2019-07-25,AZUL4,50.89
2019-07-25,B3SA3,41.9
2019-07-25,BBAS3,50.12
2019-07-25,BBDC3,33.31
2019-07-25,BBDC4,36.7
2019-07-25,BBSE3,32.49
2019-07-25,BEEF3,8.63
2019-07-25,BIDI11,42.5
2019-07-25,BIDI4,13.84
2019-07-25,BPAC11,54.9
2019-07-25,BPAN4,9.5
2019-07-25,BRAP4,32.1
2019-07-25,BRDT3,26.35
2019-07-25,BRFS3,33.35
2019-07-25,BRKM5,34.9
2019-07-25,BRML3,14.24
2019-07-25,BTOW3,35.49
2019-07-25,CCRO3,14.81
2019-07-25,CIEL3,7.51
2019-07-25,CMIG4,14.07
2019-07-25,CPFE3,30.66
2019-07-25,CPLE3,46.9
2019-07-25,CPLE6,48.72
2019-07-25,CRFB3,23.1
2019-07-25,CSAN3,49.89
2019-07-25,CSMG3,64.5
2019-07-25,CSNA3,16.33
2019-07-25,CVCB3,47.0
2019-07-25,CYRE3,22.51
2019-07-25,DIRR3,11.7
2019-07-25,ECOR3,11.13
2019-07-25,EGIE3,46.73
2019-07-25,ELET3,37.72
2019-07-25,ELET6,38.16
2019-07-25,EMBR3,19.3
2019-07-25,ENBR3,19.07
2019-07-25,ENEV3,25.08
2019-07-25,ENGI11,48.02
2019-07-25,EQTL3,91.5
2019-07-25,EZTC3,31.02
2019-07-25,FLRY3,23.75
2019-07-25,GGBR4,13.72
2019-07-25,GNDI3,42.5
2019-07-25,GOAU4,6.63
2019-07-25,GOLL4,38.25
2019-07-25,HAPV3,42.55
2019-07-25,HGTX3,29.77
2019-07-25,HYPE3,29.83
2019-07-25,IGTA3,46.89
2019-07-25,IRBR3,95.5
2019-07-25,ITSA4,12.9
2019-07-25,ITUB4,36.2
2019-07-25,JBSS3,25.39
2019-07-25,JHSF3,3.7
2019-07-25,KLBN11,15.93
2019-07-25,KROT3,12.24
2019-07-25,LAME4,16.86
2019-07-25,LCAM3,49.47
2019-07-25,LOGG3,22.55
2019-07-25,LREN3,46.1
2019-07-25,MGLU3,244.48
2019-07-25,MRFG3,6.55
2019-07-25,MRVE3,18.6
2019-07-25,MULT3,27.3
2019-07-25,NATU3,55.7
2019-07-25,PCAR4,92.9
2019-07-25,PETR3,29.46
2019-07-25,PETR4,26.89
2019-07-25,POMO4,3.84
2019-07-25,PRIO3,17.8
2019-07-25,PSSA3,51.77
2019-07-25,QUAL3,22.36
2019-07-25,RADL3,79.81
2019-07-25,RAIL3,21.91
2019-07-25,RENT3,43.3
2019-07-25,SANB11,45.0
2019-07-25,SBSP3,52.16
2019-07-25,SLCE3,17.61
2019-07-25,SMLS3,35.4
2019-07-25,SMTO3,19.49
2019-07-25,STBP3,5.1
2019-07-25,SULA11,42.11
2019-07-25,SUZB3,31.72
2019-07-25,TAEE11,28.1
2019-07-25,TEND3,24.13
2019-07-25,TIMP3,11.9
2019-07-25,TOTS3,48.25
2019-07-25,TRPL4,25.7
2019-07-25,UGPA3,20.57
2019-07-25,USIM5,8.7
2019-07-25,VALE3,50.49
2019-07-25,VIVT3,44.96
2019-07-25,VIVT4,52.7
2019-07-25,VVAR3,7.1
2019-07-25,WEGE3,22.79
2019-07-25,YDUQ3,33.95
2019-07-26,ABEV3,19.8
2019-07-26,ALPA4,20.67
2019-07-26,ARZZ3,50.18
2019-07-26,AZUL4,51.89
2019-07-26,B3SA3,42.14
2019-07-26,BBAS3,50.0
2019-07-26,BBDC3,32.77
2019-07-26,BBDC4,36.23
2019-07-26,BBSE3,32.6
2019-07-26,BEEF3,8.52
2019-07-26,BIDI11,42.0
2019-07-26,BIDI4,13.87
2019-07-26,BPAC11,55.0
2019-07-26,BPAN4,9.63
2019-07-26,BRAP4,31.65
2019-07-26,BRDT3,27.04
2019-07-26,BRFS3,34.0
2019-07-26,BRKM5,34.85
2019-07-26,BRML3,14.25
2019-07-26,BTOW3,36.12
2019-07-26,CCRO3,14.99
2019-07-26,CIEL3,7.38
2019-07-26,CMIG4,14.11
2019-07-26,CPFE3,31.03
2019-07-26,CPLE3,46.25
2019-07-26,CPLE6,47.72
2019-07-26,CRFB3,22.85
2019-07-26,CSAN3,49.97
2019-07-26,CSMG3,64.49
2019-07-26,CSNA3,16.45
2019-07-26,CVCB3,47.98
2019-07-26,CYRE3,23.45
2019-07-26,DIRR3,12.08
2019-07-26,ECOR3,11.44
2019-07-26,EGIE3,47.81
2019-07-26,ELET3,38.5
2019-07-26,ELET6,38.86
2019-07-26,EMBR3,19.37
2019-07-26,ENBR3,19.26
2019-07-26,ENEV3,25.03
2019-07-26,ENGI11,48.11
2019-07-26,EQTL3,91.77
2019-07-26,EZTC3,32.03
2019-07-26,FLRY3,23.63
2019-07-26,GGBR4,13.76
2019-07-26,GNDI3,43.0
2019-07-26,GOAU4,6.7
2019-07-26,GOLL4,40.68
2019-07-26,HAPV3,42.28
2019-07-26,HGTX3,30.3
2019-07-26,HYPE3,30.46
2019-07-26,IGTA3,46.8
2019-07-26,IRBR3,95.24
2019-07-26,ITSA4,13.01
2019-07-26,ITUB4,36.85
2019-07-26,JBSS3,25.22
2019-07-26,JHSF3,3.63
2019-07-26,KLBN11,15.89
2019-07-26,KROT3,12.54
2019-07-26,LAME4,17.21
2019-07-26,LCAM3,49.17
2019-07-26,LOGG3,23.01
2019-07-26,LREN3,47.37
2019-07-26,MGLU3,252.0
2019-07-26,MRFG3,6.59
2019-07-26,MRVE3,19.33
2019-07-26,MULT3,27.6
2019-07-26,NATU3,57.58
2019-07-26,PCAR4,90.91
2019-07-26,PETR3,28.54
2019-07-26,PETR4,26.14
2019-07-26,POMO4,3.84
2019-07-26,PRIO3,17.76
2019-07-26,PSSA3,51.51
2019-07-26,QUAL3,22.33
2019-07-26,RADL3,82.5
2019-07-26,RAIL3,22.12
2019-07-26,RENT3,43.23
2019-07-26,SANB11,45.06
2019-07-26,SBSP3,52.6
2019-07-26,SLCE3,18.0
2019-07-26,SMLS3,37.25
2019-07-26,SMTO3,19.84
2019-07-26,STBP3,5.08
2019-07-26,SULA11,41.76
2019-07-26,SUZB3,31.2
2019-07-26,TAEE11,27.88
2019-07-26,TEND3,24.54
2019-07-26,TIMP3,12.04
2019-07-26,TOTS3,48.6
2019-07-26,TRPL4,24.75
2019-07-26,UGPA3,20.13
2019-07-26,USIM5,8.82
2019-07-26,VALE3,50.23
2019-07-26,VIVT3,44.7
2019-07-26,VIVT4,52.22
2019-07-26,VVAR3,7.34
2019-07-26,WEGE3,23.36
2019-07-26,YDUQ3,35.14
2019-07-29,ABEV3,20.5
2019-07-29,ALPA4,20.6
2019-07-29,ARZZ3,49.91
2019-07-29,AZUL4,52.92
2019-07-29,B3SA3,42.62
2019-07-29,BBAS3,50.45
2019-07-29,BBDC3,32.77
2019-07-29,BBDC4,36.15
2019-07-29,BBSE3,32.61
2019-07-29,BEEF3,8.68
2019-07-29,BIDI11,40.35
2019-07-29,BIDI4,13.54
2019-07-29,BPAC11,56.29
2019-07-29,BPAN4,9.65
2019-07-29,BRAP4,31.66
2019-07-29,BRDT3,26.71
2019-07-29,BRFS3,33.7
2019-07-29,BRKM5,34.14
2019-07-29,BRML3,14.92
2019-07-29,BTOW3,36.95
2019-07-29,CCRO3,15.23
2019-07-29,CIEL3,7.3
2019-07-29,CMIG4,14.05
2019-07-29,CPFE3,31.57
2019-07-29,CPLE3,45.64
2019-07-29,CPLE6,47.17
2019-07-29,CRFB3,22.93
2019-07-29,CSAN3,49.3
2019-07-29,CSMG3,65.91
2019-07-29,CSNA3,16.37
2019-07-29,CVCB3,47.6
2019-07-29,CYRE3,23.75
2019-07-29,DIRR3,12.47
2019-07-29,ECOR3,11.5
2019-07-29,EGIE3,48.53
2019-07-29,ELET3,38.37
2019-07-29,ELET6,38.87
2019-07-29,EMBR3,19.5
2019-07-29,ENBR3,19.3
2019-07-29,ENEV3,25.33
2019-07-29,ENGI11,48.6
2019-07-29,EQTL3,93.98
2019-07-29,EZTC3,32.18
2019-07-29,FLRY3,23.55
2019-07-29,GGBR4,13.9
2019-07-29,GNDI3,43.75
2019-07-29,GOAU4,6.71
2019-07-29,GOLL4,41.0
2019-07-29,HAPV3,42.4
2019-07-29,HGTX3,31.43
2019-07-29,HYPE3,32.0
2019-07-29,IGTA3,47.25
2019-07-29,IRBR3,94.72
2019-07-29,ITSA4,12.99
2019-07-29,ITUB4,37.0
2019-07-29,JBSS3,25.06
2019-07-29,JHSF3,3.82
2019-07-29,KLBN11,16.0
2019-07-29,KROT3,12.42
2019-07-29,LAME4,17.5
2019-07-29,LCAM3,49.86
2019-07-29,LOGG3,23.32
2019-07-29,LREN3,48.44
2019-07-29,MGLU3,263.8
2019-07-29,MRFG3,6.57
2019-07-29,MRVE3,19.59
2019-07-29,MULT3,28.17
2019-07-29,NATU3,57.31
2019-07-29,PCAR4,90.71
2019-07-29,PETR3,28.89
2019-07-29,PETR4,26.38
2019-07-29,POMO4,3.83
2019-07-29,PRIO3,17.66
2019-07-29,PSSA3,51.7
2019-07-29,QUAL3,22.14
2019-07-29,RADL3,84.1
2019-07-29,RAIL3,22.16
2019-07-29,RENT3,43.8
2019-07-29,SANB11,45.15
2019-07-29,SBSP3,52.0
2019-07-29,SLCE3,18.25
2019-07-29,SMLS3,37.28
2019-07-29,SMTO3,19.95
2019-07-29,STBP3,5.18
2019-07-29,SULA11,42.61
2019-07-29,SUZB3,30.67
2019-07-29,TAEE11,27.68
2019-07-29,TEND3,24.9
2019-07-29,TIMP3,12.03
2019-07-29,TOTS3,48.87
2019-07-29,TRPL4,24.46
2019-07-29,UGPA3,19.99
2019-07-29,USIM5,8.85
2019-07-29,VALE3,50.26
2019-07-29,VIVT3,44.27
2019-07-29,VIVT4,52.7
2019-07-29,VVAR3,7.68
2019-07-29,WEGE3,23.58
2019-07-29,YDUQ3,34.8
2019-07-30,ABEV3,20.34
2019-07-30,ALPA4,21.05
2019-07-30,ARZZ3,49.88
2019-07-30,AZUL4,53.01
2019-07-30,B3SA3,43.13
2019-07-30,BBAS3,49.94
2019-07-30,BBDC3,32.2
2019-07-30,BBDC4,35.4
2019-07-30,BBSE3,32.52
2019-07-30,BEEF3,8.78
2019-07-30,BIDI11,47.4
2019-07-30,BIDI4,15.75
2019-07-30,BPAC11,59.5
2019-07-30,BPAN4,9.5
2019-07-30,BRAP4,31.81
2019-07-30,BRDT3,26.4
2019-07-30,BRFS3,33.65
2019-07-30,BRKM5,34.12
2019-07-30,BRML3,15.21
2019-07-30,BTOW3,36.59
2019-07-30,CCRO3,15.16
2019-07-30,CIEL3,7.39
2019-07-30,CMIG4,14.18
2019-07-30,CPFE3,31.9
2019-07-30,CPLE3,47.2
2019-07-30,CPLE6,48.45
2019-07-30,CRFB3,23.33
2019-07-30,CSAN3,51.08
2019-07-30,CSMG3,68.06
2019-07-30,CSNA3,16.4
2019-07-30,CVCB3,50.05
2019-07-30,CYRE3,24.27
2019-07-30,DIRR3,12.51
2019-07-30,ECOR3,11.73
2019-07-30,EGIE3,48.85
2019-07-30,ELET3,38.95
2019-07-30,ELET6,39.42
2019-07-30,EMBR3,19.37
2019-07-30,ENBR3,19.28
2019-07-30,ENEV3,25.59
2019-07-30,ENGI11,49.18
2019-07-30,EQTL3,94.24
2019-07-30,EZTC3,32.79
2019-07-30,FLRY3,23.62
2019-07-30,GGBR4,14.09
2019-07-30,GNDI3,43.08
2019-07-30,GOAU4,6.82
2019-07-30,GOLL4,41.02
2019-07-30,HAPV3,41.85
2019-07-30,HGTX3,32.76
2019-07-30,HYPE3,31.2
2019-07-30,IGTA3,48.23
2019-07-30,IRBR3,93.67
2019-07-30,ITSA4,12.78
2019-07-30,ITUB4,35.77
2019-07-30,JBSS3,25.3
2019-07-30,JHSF3,3.78
2019-07-30,KLBN11,16.11
2019-07-30,KROT3,12.28
2019-07-30,LAME4,17.43
2019-07-30,LCAM3,49.98
2019-07-30,LOGG3,23.4
2019-07-30,LREN3,48.56
2019-07-30,MGLU3,264.55
2019-07-30,MRFG3,6.69
2019-07-30,MRVE3,20.06
2019-07-30,MULT3,28.6
2019-07-30,NATU3,59.74
2019-07-30,PCAR4,94.21
2019-07-30,PETR3,28.7
2019-07-30,PETR4,26.24
2019-07-30,POMO4,3.86
2019-07-30,PRIO3,17.84
2019-07-30,PSSA3,51.74
2019-07-30,QUAL3,22.51
2019-07-30,RADL3,83.5
2019-07-30,RAIL3,22.1
2019-07-30,RENT3,44.0
2019-07-30,SANB11,43.75
2019-07-30,SBSP3,53.45
2019-07-30,SLCE3,18.51
2019-07-30,SMLS3,37.8
2019-07-30,SMTO3,20.25
2019-07-30,STBP3,5.22
2019-07-30,SULA11,42.66
2019-07-30,SUZB3,31.09
2019-07-30,TAEE11,27.97
2019-07-30,TEND3,25.15
2019-07-30,TIMP3,12.01
2019-07-30,TOTS3,48.36
2019-07-30,TRPL4,24.5
2019-07-30,UGPA3,20.15
2019-07-30,USIM5,8.82
2019-07-30,VALE3,50.01
2019-07-30,VIVT3,44.2
2019-07-30,VIVT4,52.47
2019-07-30,VVAR3,7.62
2019-07-30,WEGE3,24.0
2019-07-30,YDUQ3,34.2
2019-07-31,ABEV3,20.13
2019-07-31,ALPA4,20.75
2019-07-31,ARZZ3,50.39
2019-07-31,AZUL4,51.78
2019-07-31,B3SA3,42.19
2019-07-31,BBAS3,49.22
2019-07-31,BBDC3,31.11
2019-07-31,BBDC4,34.5
2019-07-31,BBSE3,32.45
2019-07-31,BEEF3,8.62
2019-07-31,BIDI11,50.6
2019-07-31,BIDI4,16.45
2019-07-31,BPAC11,59.76
2019-07-31,BPAN4,9.45
2019-07-31,BRAP4,31.62
2019-07-31,BRDT3,26.6
2019-07-31,BRFS3,33.41
2019-07-31,BRKM5,34.04
2019-07-31,BRML3,15.01
2019-07-31,BTOW3,37.94
2019-07-31,CCRO3,14.95
2019-07-31,CIEL3,7.24
2019-07-31,CMIG4,14.14
2019-07-31,CPFE3,32.23
2019-07-31,CPLE3,48.24
2019-07-31,CPLE6,49.15
2019-07-31,CRFB3,23.41
2019-07-31,CSAN3,50.88
2019-07-31,CSMG3,67.4
2019-07-31,CSNA3,16.53
2019-07-31,CVCB3,50.87
2019-07-31,CYRE3,24.4
2019-07-31,DIRR3,12.59
2019-07-31,ECOR3,11.78
2019-07-31,EGIE3,48.27
2019-07-31,ELET3,39.39
2019-07-31,ELET6,39.6
2019-07-31,EMBR3,19.31
2019-07-31,ENBR3,19.29
2019-07-31,ENEV3,25.88
2019-07-31,ENGI11,49.4
2019-07-31,EQTL3,94.5
2019-07-31,EZTC3,32.85
2019-07-31,FLRY3,23.33
2019-07-31,GGBR4,13.75
2019-07-31,GNDI3,43.7
2019-07-31,GOAU4,6.65
2019-07-31,GOLL4,40.97
2019-07-31,HAPV3,41.8
2019-07-31,HGTX3,32.0
2019-07-31,HYPE3,30.18
2019-07-31,IGTA3,48.09
2019-07-31,IRBR3,95.0
2019-07-31,ITSA4,12.47
2019-07-31,ITUB4,34.82
2019-07-31,JBSS3,24.9
2019-07-31,JHSF3,3.82
2019-07-31,KLBN11,16.04
2019-07-31,KROT3,12.56
2019-07-31,LAME4,18.15
2019-07-31,LCAM3,50.0
2019-07-31,LOGG3,23.53
2019-07-31,LREN3,47.46
2019-07-31,MGLU3,263.72
2019-07-31,MRFG3,6.63
2019-07-31,MRVE3,20.28
2019-07-31,MULT3,28.39
2019-07-31,NATU3,61.17
2019-07-31,PCAR4,93.55
2019-07-31,PETR3,28.79
2019-07-31,PETR4,26.08
2019-07-31,POMO4,3.81
2019-07-31,PRIO3,17.6
2019-07-31,PSSA3,52.1
2019-07-31,QUAL3,22.22
2019-07-31,RADL3,83.01
2019-07-31,RAIL3,21.92
2019-07-31,RENT3,44.0
2019-07-31,SANB11,42.85
2019-07-31,SBSP3,53.4
2019-07-31,SLCE3,18.04
2019-07-31,SMLS3,39.43
2019-07-31,SMTO3,20.21
2019-07-31,STBP3,5.28
2019-07-31,SULA11,42.02
2019-07-31,SUZB3,30.67
2019-07-31,TAEE11,27.82
2019-07-31,TEND3,25.34
2019-07-31,TIMP3,12.22
2019-07-31,TOTS3,48.5
2019-07-31,TRPL4,24.2
2019-07-31,UGPA3,19.89
2019-07-31,USIM5,8.75
2019-07-31,VALE3,49.81
2019-07-31,VIVT3,45.0
2019-07-31,VIVT4,52.3
2019-07-31,VVAR3,7.72
2019-07-31,WEGE3,23.82
2019-07-31,YDUQ3,34.3
2019-08-01,ABEV3,20.42
2019-08-01,ALPA4,21.1
2019-08-01,ARZZ3,51.98
2019-08-01,AZUL4,54.13
2019-08-01,B3SA3,42.85
2019-08-01,BBAS3,48.75
2019-08-01,BBDC3,30.84
2019-08-01,BBDC4,34.2
2019-08-01,BBSE3,32.18
2019-08-01,BEEF3,8.55
2019-08-01,BIDI11,55.0
2019-08-01,BIDI4,17.66
2019-08-01,BPAC11,61.33
2019-08-01,BPAN4,9.59
2019-08-01,BRAP4,30.65
2019-08-01,BRDT3,27.1
2019-08-01,BRFS3,34.15
2019-08-01,BRKM5,33.62
2019-08-01,BRML3,14.95
2019-08-01,BTOW3,38.05
2019-08-01,CCRO3,15.44
2019-08-01,CIEL3,8.35
2019-08-01,CMIG4,14.37
2019-08-01,CPFE3,33.0
2019-08-01,CPLE3,48.25
2019-08-01,CPLE6,50.0
2019-08-01,CRFB3,23.07
2019-08-01,CSAN3,51.57
2019-08-01,CSMG3,68.99
2019-08-01,CSNA3,16.23
2019-08-01,CVCB3,51.8
2019-08-01,CYRE3,25.51
2019-08-01,DIRR3,12.91
2019-08-01,ECOR3,11.91
2019-08-01,EGIE3,48.1
2019-08-01,ELET3,42.11
2019-08-01,ELET6,41.85
2019-08-01,EMBR3,19.36
2019-08-01,ENBR3,19.6
2019-08-01,ENEV3,26.15
2019-08-01,ENGI11,50.17
2019-08-01,EQTL3,94.75
2019-08-01,EZTC3,34.25
2019-08-01,FLRY3,23.74
2019-08-01,GGBR4,13.5
2019-08-01,GNDI3,42.94
2019-08-01,GOAU4,6.57
2019-08-01,GOLL4,43.79
2019-08-01,HAPV3,41.27
2019-08-01,HGTX3,33.4
2019-08-01,HYPE3,31.21
2019-08-01,IGTA3,48.39
2019-08-01,IRBR3,91.83
2019-08-01,ITSA4,12.55
2019-08-01,ITUB4,34.88
2019-08-01,JBSS3,26.1
2019-08-01,JHSF3,3.74
2019-08-01,KLBN11,15.65
2019-08-01,KROT3,13.17
2019-08-01,LAME4,18.86
2019-08-01,LCAM3,51.99
2019-08-01,LOGG3,23.3
2019-08-01,LREN3,48.82
2019-08-01,MGLU3,276.5
2019-08-01,MRFG3,6.69
2019-08-01,MRVE3,20.95
2019-08-01,MULT3,28.27
2019-08-01,NATU3,63.15
2019-08-01,PCAR3,95.0
2019-08-01,PCAR4,93.46
2019-08-01,PETR3,28.35
2019-08-01,PETR4,25.6
2019-08-01,POMO4,3.76
2019-08-01,PRIO3,17.15
2019-08-01,PSSA3,52.9
2019-08-01,QUAL3,22.18
2019-08-01,RADL3,84.82
2019-08-01,RAIL3,21.65
2019-08-01,RENT3,44.88
2019-08-01,SANB11,42.76
2019-08-01,SBSP3,55.31
2019-08-01,SLCE3,17.88
2019-08-01,SMLS3,39.01
2019-08-01,SMTO3,20.1
2019-08-01,STBP3,5.45
2019-08-01,SULA11,41.96
2019-08-01,SUZB3,30.65
2019-08-01,TAEE11,28.31
2019-08-01,TEND3,26.1
2019-08-01,TIMP3,12.27
2019-08-01,TOTS3,49.16
2019-08-01,TRPL4,24.55
2019-08-01,UGPA3,19.89
2019-08-01,USIM5,8.5
2019-08-01,VALE3,48.4
2019-08-01,VIVT3,45.01
2019-08-01,VIVT4,52.44
2019-08-01,VVAR3,8.2
2019-08-01,WEGE3,23.43
2019-08-01,YDUQ3,35.4
2019-08-02,ABEV3,20.49
2019-08-02,ALPA4,21.05
2019-08-02,ARZZ3,51.35
2019-08-02,AZUL4,53.6
2019-08-02,B3SA3,43.12
2019-08-02,BBAS3,48.76
2019-08-02,BBDC3,30.75
2019-08-02,BBDC4,34.28
2019-08-02,BBSE3,32.4
2019-08-02,BEEF3,8.49
2019-08-02,BIDI11,54.2
2019-08-02,BIDI4,17.63
2019-08-02,BPAC11,61.9
2019-08-02,BPAN4,9.76
2019-08-02,BRAP4,30.45
2019-08-02,BRDT3,27.25
2019-08-02,BRFS3,34.1
2019-08-02,BRKM5,33.15
2019-08-02,BRML3,15.06
2019-08-02,BTOW3,38.35
2019-08-02,CCRO3,15.24
2019-08-02,CIEL3,7.99
2019-08-02,CMIG4,14.36
2019-08-02,CPFE3,33.17
2019-08-02,CPLE3,47.89
2019-08-02,CPLE6,49.11
2019-08-02,CRFB3,23.4
2019-08-02,CSAN3,51.11
2019-08-02,CSMG3,69.73
2019-08-02,CSNA3,15.86
2019-08-02,CVCB3,52.81
2019-08-02,CYRE3,25.35
2019-08-02,DIRR3,12.71
2019-08-02,ECOR3,11.85
2019-08-02,EGIE3,48.33
2019-08-02,ELET3,42.95
2019-08-02,ELET6,42.69
2019-08-02,EMBR3,19.41
2019-08-02,ENBR3,19.85
2019-08-02,ENEV3,26.0
2019-08-02,ENGI11,50.25
2019-08-02,EQTL3,94.81
2019-08-02,EZTC3,33.84
2019-08-02,FLRY3,23.47
2019-08-02,GGBR4,13.57
2019-08-02,GNDI3,43.22
2019-08-02,GOAU4,6.56
2019-08-02,GOLL4,42.45
2019-08-02,HAPV3,41.75
2019-08-02,HGTX3,35.28
2019-08-02,HYPE3,31.4
2019-08-02,IGTA3,48.34
2019-08-02,IRBR3,91.5
2019-08-02,ITSA4,12.46
2019-08-02,ITUB4,34.93
2019-08-02,JBSS3,26.26
2019-08-02,JHSF3,3.81
2019-08-02,KLBN11,15.59
2019-08-02,KROT3,13.66
2019-08-02,LAME4,18.94
2019-08-02,LCAM3,51.4
2019-08-02,LOGG3,23.3
2019-08-02,LREN3,49.7
2019-08-02,MGLU3,283.55
2019-08-02,MRFG3,6.81
2019-08-02,MRVE3,20.9
2019-08-02,MULT3,28.41
2019-08-02,NATU3,63.83
2019-08-02,PCAR4,94.5
2019-08-02,PETR3,29.21
2019-08-02,PETR4,26.52
2019-08-02,POMO4,3.79
2019-08-02,PRIO3,17.8
2019-08-02,PSSA3,53.05
2019-08-02,QUAL3,21.74
2019-08-02,RADL3,88.0
2019-08-02,RAIL3,21.95
2019-08-02,RENT3,45.71
2019-08-02,SANB11,42.49
2019-08-02,SBSP3,55.93
2019-08-02,SLCE3,18.12
2019-08-02,SMLS3,38.61
2019-08-02,SMTO3,20.0
2019-08-02,STBP3,5.75
2019-08-02,SULA11,42.09
2019-08-02,SUZB3,30.21
2019-08-02,TAEE11,28.3
2019-08-02,TEND3,25.75
2019-08-02,TIMP3,12.59
2019-08-02,TOTS3,49.0
2019-08-02,TRPL4,24.74
2019-08-02,UGPA3,19.89
2019-08-02,USIM5,8.5
2019-08-02,VALE3,47.84
2019-08-02,VIVT3,45.59
2019-08-02,VIVT4,52.8
2019-08-02,VVAR3,8.19
2019-08-02,WEGE3,23.74
2019-08-02,YDUQ3,34.66
2019-08-05,ABEV3,20.16
2019-08-05,ALPA4,20.8
2019-08-05,ARZZ3,50.73
2019-08-05,AZUL4,51.65
2019-08-05,B3SA3,41.47
2019-08-05,BBAS3,47.85
2019-08-05,BBDC3,30.11
2019-08-05,BBDC4,33.66
2019-08-05,BBSE3,31.59
2019-08-05,BEEF3,8.5
2019-08-05,BIDI11,52.3
2019-08-05,BIDI4,17.03
2019-08-05,BPAC11,59.59
2019-08-05,BPAN4,10.62
2019-08-05,BRAP4,29.06
2019-08-05,BRDT3,26.89
2019-08-05,BRFS3,33.66
2019-08-05,BRKM5,32.67
2019-08-05,BRML3,14.69
2019-08-05,BTOW3,36.49
2019-08-05,CCRO3,14.85
2019-08-05,CIEL3,7.79
2019-08-05,CMIG4,14.06
2019-08-05,CPFE3,32.74
2019-08-05,CPLE3,47.2
2019-08-05,CPLE6,47.8
2019-08-05,CRFB3,23.1
2019-08-05,CSAN3,49.48
2019-08-05,CSMG3,69.32
2019-08-05,CSNA3,14.91
2019-08-05,CVCB3,51.86
2019-08-05,CYRE3,24.6
2019-08-05,DIRR3,12.38
2019-08-05,ECOR3,11.61
2019-08-05,EGIE3,47.4
2019-08-05,ELET3,42.44
2019-08-05,ELET6,41.79
2019-08-05,EMBR3,19.02
2019-08-05,ENBR3,19.76
2019-08-05,ENEV3,25.52
2019-08-05,ENGI11,49.5
2019-08-05,EQTL3,92.99
2019-08-05,EZTC3,32.62
2019-08-05,FLRY3,23.08
2019-08-05,GGBR4,13.1
2019-08-05,GNDI3,43.09
2019-08-05,GOAU4,6.37
2019-08-05,GOLL4,40.75
2019-08-05,HAPV3,41.52
2019-08-05,HGTX3,35.18
2019-08-05,HYPE3,30.71
2019-08-05,IGTA3,47.25
2019-08-05,IRBR3,91.63
2019-08-05,ITSA4,12.26
2019-08-05,ITUB4,34.45
2019-08-05,JBSS3,25.86
2019-08-05,JHSF3,3.75
2019-08-05,KLBN11,15.55
2019-08-05,KROT3,12.98
2019-08-05,LAME4,18.2
2019-08-05,LCAM3,51.0
2019-08-05,LOGG3,23.37
2019-08-05,LREN3,48.63
2019-08-05,MGLU3,276.0
2019-08-05,MRFG3,6.88
2019-08-05,MRVE3,20.37
2019-08-05,MULT3,27.5
2019-08-05,NATU3,63.42
2019-08-05,PCAR3,96.0
2019-08-05,PCAR4,93.0
2019-08-05,PETR3,28.0
2019-08-05,PETR4,25.55
2019-08-05,POMO4,3.66
2019-08-05,PRIO3,17.62
2019-08-05,PSSA3,51.88
2019-08-05,QUAL3,21.52
2019-08-05,RADL3,84.0
2019-08-05,RAIL3,21.67
2019-08-05,RENT3,44.1
2019-08-05,SANB11,41.88
2019-08-05,SBSP3,53.73
2019-08-05,SLCE3,18.12
2019-08-05,SMLS3,37.45
2019-08-05,SMTO3,19.98
2019-08-05,STBP3,5.69
2019-08-05,SULA11,41.26
2019-08-05,SUZB3,30.15
2019-08-05,TAEE11,28.01
2019-08-05,TEND3,25.4
2019-08-05,TIMP3,12.24
2019-08-05,TOTS3,48.59
2019-08-05,TRPL4,23.97
2019-08-05,UGPA3,19.05
2019-08-05,USIM5,8.22
2019-08-05,VALE3,46.0
2019-08-05,VIVT3,44.01
2019-08-05,VIVT4,51.66
2019-08-05,VVAR3,7.92
2019-08-05,WEGE3,23.3
2019-08-05,YDUQ3,33.72
2019-08-06,ABEV3,20.48
2019-08-06,ALPA4,21.18
2019-08-06,ALSO3,35.0
2019-08-06,ARZZ3,52.03
2019-08-06,AZUL4,52.97
2019-08-06,B3SA3,42.8
2019-08-06,BBAS3,48.5
2019-08-06,BBDC3,30.86
2019-08-06,BBDC4,34.17
2019-08-06,BBSE3,32.36
2019-08-06,BEEF3,8.82
2019-08-06,BIDI11,52.45
2019-08-06,BIDI4,17.05
2019-08-06,BPAC11,63.07
2019-08-06,BPAN4,12.05
2019-08-06,BRAP4,29.31
2019-08-06,BRDT3,27.1
2019-08-06,BRFS3,34.56
2019-08-06,BRKM5,32.49
2019-08-06,BRML3,15.08
2019-08-06,BTOW3,37.11
2019-08-06,CCRO3,15.05
2019-08-06,CIEL3,7.93
2019-08-06,CMIG4,14.5
2019-08-06,CPFE3,33.83
2019-08-06,CPLE3,48.7
2019-08-06,CPLE6,49.45
2019-08-06,CRFB3,23.0
2019-08-06,CSAN3,49.49
2019-08-06,CSMG3,69.3
2019-08-06,CSNA3,14.83
2019-08-06,CVCB3,52.35
2019-08-06,CYRE3,25.46
2019-08-06,DIRR3,12.79
2019-08-06,ECOR3,11.5
2019-08-06,EGIE3,48.5
2019-08-06,ELET3,42.63
2019-08-06,ELET6,42.0
2019-08-06,EMBR3,19.46
2019-08-06,ENBR3,20.3
2019-08-06,ENEV3,26.05
2019-08-06,ENGI11,49.38
2019-08-06,EQTL3,95.0
2019-08-06,EZTC3,33.91
2019-08-06,FLRY3,23.2
2019-08-06,GGBR4,13.09
2019-08-06,GNDI3,44.25
2019-08-06,GOAU4,6.41
2019-08-06,GOLL4,40.94
2019-08-06,HAPV3,42.6
2019-08-06,HGTX3,35.1
2019-08-06,HYPE3,31.52
2019-08-06,IGTA3,48.0
2019-08-06,IRBR3,97.0
2019-08-06,ITSA4,12.66
2019-08-06,ITUB4,35.49
2019-08-06,JBSS3,26.82
2019-08-06,JHSF3,3.84
2019-08-06,KLBN11,15.34
2019-08-06,KROT3,13.21
2019-08-06,LAME4,18.35
2019-08-06,LCAM3,53.69
2019-08-06,LOGG3,23.2
2019-08-06,LREN3,50.4
2019-08-06,MGLU3,36.6
2019-08-06,MRFG3,7.39
2019-08-06,MRVE3,21.35
2019-08-06,MULT3,27.85
2019-08-06,NATU3,66.13
2019-08-06,PCAR3,96.0
2019-08-06,PCAR4,92.05
2019-08-06,PETR3,28.47
2019-08-06,PETR4,25.88
2019-08-06,POMO4,3.9
2019-08-06,PRIO3,17.6
2019-08-06,PSSA3,52.73
2019-08-06,QUAL3,22.16
2019-08-06,RADL3,86.5
2019-08-06,RAIL3,22.03
2019-08-06,RENT3,44.9
2019-08-06,SANB11,42.28
2019-08-06,SBSP3,54.57
2019-08-06,SLCE3,17.92
2019-08-06,SMLS3,38.13
2019-08-06,SMTO3,19.97
2019-08-06,STBP3,5.89
2019-08-06,SULA11,43.06
2019-08-06,SUZB3,30.27
2019-08-06,TAEE11,28.79
2019-08-06,TEND3,26.6
2019-08-06,TIMP3,12.5
2019-08-06,TOTS3,48.97
2019-08-06,TRPL4,24.32
2019-08-06,UGPA3,19.3
2019-08-06,USIM5,8.17
2019-08-06,VALE3,46.62
2019-08-06,VIVT3,44.59
2019-08-06,VIVT4,52.51
2019-08-06,VVAR3,8.18
2019-08-06,WEGE3,23.9
2019-08-06,YDUQ3,35.2
2019-08-07,ABEV3,20.63
2019-08-07,ALPA4,21.4
2019-08-07,ALSO3,36.82
2019-08-07,ARZZ3,50.5
2019-08-07,AZUL4,53.12
2019-08-07,B3SA3,43.44
2019-08-07,BBAS3,48.45
2019-08-07,BBDC3,31.3
2019-08-07,BBDC4,34.89
2019-08-07,BBSE3,33.02
2019-08-07,BEEF3,8.83
2019-08-07,BIDI11,53.95
2019-08-07,BIDI4,17.42
2019-08-07,BPAC11,63.42
2019-08-07,BPAN4,11.35
2019-08-07,BRAP4,29.2
2019-08-07,BRDT3,26.82
2019-08-07,BRFS3,34.61
2019-08-07,BRKM5,31.98
2019-08-07,BRML3,15.45
2019-08-07,BTOW3,35.35
2019-08-07,CCRO3,15.23
2019-08-07,CIEL3,7.91
2019-08-07,CMIG4,14.0
2019-08-07,CPFE3,34.0
2019-08-07,CPLE3,49.5
2019-08-07,CPLE6,50.33
2019-08-07,CRFB3,23.14
2019-08-07,CSAN3,51.3
2019-08-07,CSMG3,69.6
2019-08-07,CSNA3,14.59
2019-08-07,CVCB3,51.01
2019-08-07,CYRE3,25.38
2019-08-07,DIRR3,13.01
2019-08-07,ECOR3,11.54
2019-08-07,EGIE3,47.4
2019-08-07,ELET3,41.75
2019-08-07,ELET6,40.92
2019-08-07,EMBR3,19.5
2019-08-07,ENBR3,20.25
2019-08-07,ENEV3,26.39
2019-08-07,ENGI11,49.26
2019-08-07,EQTL3,95.0
2019-08-07,EZTC3,35.43
2019-08-07,FLRY3,23.04
2019-08-07,GGBR4,12.97
2019-08-07,GNDI3,44.75
2019-08-07,GOAU4,6.3
2019-08-07,GOLL4,39.5
2019-08-07,HAPV3,43.24
2019-08-07,HGTX3,34.45
2019-08-07,HYPE3,31.89
2019-08-07,IGTA3,48.25
2019-08-07,IRBR3,98.98
2019-08-07,ITSA4,12.99
2019-08-07,ITUB4,36.8
2019-08-07,JBSS3,26.74
2019-08-07,JHSF3,4.0
2019-08-07,KLBN11,15.31
2019-08-07,KROT3,12.95
2019-08-07,LAME4,17.91
2019-08-07,LCAM3,54.69
2019-08-07,LOGG3,22.9
2019-08-07,LREN3,50.05
2019-08-07,MGLU3,36.31
2019-08-07,MRFG3,7.51
2019-08-07,MRVE3,21.65
2019-08-07,MULT3,28.29
2019-08-07,NATU3,65.51
2019-08-07,PCAR3,100.0
2019-08-07,PCAR4,93.42
2019-08-07,PETR3,28.2
2019-08-07,PETR4,25.6
2019-08-07,POMO4,3.91
2019-08-07,PRIO3,17.43
2019-08-07,PSSA3,54.25
2019-08-07,QUAL3,22.03
2019-08-07,RADL3,94.5
2019-08-07,RAIL3,22.0
2019-08-07,RENT3,43.49
2019-08-07,SANB11,43.49
2019-08-07,SBSP3,54.86
2019-08-07,SLCE3,18.25
2019-08-07,SMLS3,37.5
2019-08-07,SMTO3,20.27
2019-08-07,STBP3,5.91
2019-08-07,SULA11,46.4
2019-08-07,SUZB3,30.4
2019-08-07,TAEE11,28.69
2019-08-07,TEND3,26.28
2019-08-07,TIMP3,12.65
2019-08-07,TOTS3,49.59
2019-08-07,TRPL4,24.53
2019-08-07,UGPA3,19.04
2019-08-07,USIM5,7.98
2019-08-07,VALE3,46.48
2019-08-07,VIVT3,45.24
2019-08-07,VIVT4,53.12
2019-08-07,VVAR3,8.44
2019-08-07,WEGE3,24.31
2019-08-07,YDUQ3,34.55
2019-08-08,ABEV3,20.17
2019-08-08,ALPA4,22.17
2019-08-08,ALSO3,36.85
2019-08-08,ARZZ3,50.91
2019-08-08,AZUL4,54.55
2019-08-08,B3SA3,45.33
2019-08-08,BBAS3,48.8
2019-08-08,BBDC3,31.47
2019-08-08,BBDC4,35.06
2019-08-08,BBSE3,34.44
2019-08-08,BEEF3,9.08
2019-08-08,BIDI11,57.0
2019-08-08,BIDI4,19.28
2019-08-08,BPAC11,64.9
2019-08-08,BPAN4,11.8
2019-08-08,BRAP4,29.69
2019-08-08,BRDT3,27.04
2019-08-08,BRFS3,36.32
2019-08-08,BRKM5,31.25
2019-08-08,BRML3,14.68
2019-08-08,BTOW3,37.41
2019-08-08,CCRO3,15.32
2019-08-08,CIEL3,7.67
2019-08-08,CMIG4,14.5
2019-08-08,CPFE3,33.98
2019-08-08,CPLE3,50.54
2019-08-08,CPLE6,51.03
2019-08-08,CRFB3,23.06
2019-08-08,CSAN3,52.82
2019-08-08,CSMG3,70.97
2019-08-08,CSNA3,14.95
2019-08-08,CVCB3,51.8
2019-08-08,CYRE3,26.08
2019-08-08,DIRR3,13.3
2019-08-08,ECOR3,11.68
2019-08-08,EGIE3,47.5
2019-08-08,ELET3,43.35
2019-08-08,ELET6,41.88
2019-08-08,EMBR3,19.6
2019-08-08,ENBR3,20.56
2019-08-08,ENEV3,26.75
2019-08-08,ENGI11,50.4
2019-08-08,EQTL3,95.69
2019-08-08,EZTC3,35.41
2019-08-08,FLRY3,23.4
2019-08-08,GGBR4,13.39
2019-08-08,GNDI3,47.0
2019-08-08,GOAU4,6.59
2019-08-08,GOLL4,39.99
2019-08-08,HAPV3,44.38
2019-08-08,HGTX3,34.81
2019-08-08,HYPE3,31.35
2019-08-08,IGTA3,48.53
2019-08-08,IRBR3,96.85
2019-08-08,ITSA4,13.12
2019-08-08,ITUB4,37.0
2019-08-08,JBSS3,26.8
2019-08-08,JHSF3,4.15
2019-08-08,KLBN11,15.65
2019-08-08,KROT3,13.05
2019-08-08,LAME4,18.0
2019-08-08,LCAM3,57.29
2019-08-08,LOGG3,23.8
2019-08-08,LREN3,50.52
2019-08-08,MGLU3,37.14
2019-08-08,MRFG3,7.68
2019-08-08,MRVE3,22.64
2019-08-08,MULT3,28.11
2019-08-08,NATU3,65.13
2019-08-08,PCAR4,93.24
2019-08-08,PETR3,28.87
2019-08-08,PETR4,26.35
2019-08-08,POMO4,3.85
2019-08-08,PRIO3,17.48
2019-08-08,PSSA3,54.76
2019-08-08,QUAL3,22.0
2019-08-08,RADL3,91.85
2019-08-08,RAIL3,22.78
2019-08-08,RENT3,45.0
2019-08-08,SANB11,44.69
2019-08-08,SBSP3,56.55
2019-08-08,SLCE3,18.27
2019-08-08,SMLS3,37.49
2019-08-08,SMTO3,20.51
2019-08-08,STBP3,6.04
2019-08-08,SULA11,47.52
2019-08-08,SUZB3,31.1
2019-08-08,TAEE11,28.83
2019-08-08,TEND3,27.2
2019-08-08,TIMP3,12.6
2019-08-08,TOTS3,53.5
2019-08-08,TRPL4,24.55
2019-08-08,UGPA3,19.38
2019-08-08,USIM5,8.3
2019-08-08,VALE3,47.18
2019-08-08,VIVT3,45.6
2019-08-08,VIVT4,53.26
2019-08-08,VVAR3,8.53
2019-08-08,WEGE3,24.44
2019-08-08,YDUQ3,34.55
2019-08-09,ABEV3,20.07
2019-08-09,ALPA4,23.2
2019-08-09,ALSO3,37.09
2019-08-09,ARZZ3,50.35
2019-08-09,AZUL4,55.47
2019-08-09,B3SA3,45.5
2019-08-09,BBAS3,48.65
2019-08-09,BBDC3,30.82
2019-08-09,BBDC4,34.48
2019-08-09,BBSE3,35.45
2019-08-09,BEEF3,9.05
2019-08-09,BIDI11,60.0
2019-08-09,BIDI4,20.38
2019-08-09,BPAC11,64.25
2019-08-09,BPAN4,11.59
2019-08-09,BRAP4,29.44
2019-08-09,BRDT3,27.34
2019-08-09,BRFS3,38.16
2019-08-09,BRKM5,31.07
2019-08-09,BRML3,15.12
2019-08-09,BTOW3,44.05
2019-08-09,CCRO3,15.45
2019-08-09,CIEL3,7.71
2019-08-09,CMIG4,14.6
2019-08-09,CPFE3,33.86
2019-08-09,CPLE3,51.9
2019-08-09,CPLE6,52.09
2019-08-09,CRFB3,23.32
2019-08-09,CSAN3,53.33
2019-08-09,CSMG3,70.99
2019-08-09,CSNA3,14.65
2019-08-09,CVCB3,56.6
2019-08-09,CYRE3,25.5
2019-08-09,DIRR3,12.95
2019-08-09,ECOR3,11.89
2019-08-09,EGIE3,47.86
2019-08-09,ELET3,44.28
2019-08-09,ELET6,42.87
2019-08-09,EMBR3,19.55
2019-08-09,ENBR3,20.61
2019-08-09,ENEV3,27.0
2019-08-09,ENGI11,51.0
2019-08-09,EQTL3,97.48
2019-08-09,EZTC3,35.65
2019-08-09,FLRY3,23.47
2019-08-09,GGBR4,13.29
2019-08-09,GNDI3,47.15
2019-08-09,GOAU4,6.48
2019-08-09,GOLL4,40.56
2019-08-09,HAPV3,44.25
2019-08-09,HGTX3,34.91
2019-08-09,HYPE3,31.95
2019-08-09,IGTA3,48.44
2019-08-09,IRBR3,99.7
2019-08-09,ITSA4,13.06
2019-08-09,ITUB4,36.72
2019-08-09,JBSS3,27.42
2019-08-09,JHSF3,4.16
2019-08-09,KLBN11,15.26
2019-08-09,KROT3,13.32
2019-08-09,LAME4,19.19
2019-08-09,LCAM3,56.1
2019-08-09,LOGG3,24.31
2019-08-09,LREN3,50.46
2019-08-09,MGLU3,37.78
2019-08-09,MRFG3,7.8
2019-08-09,MRVE3,21.25
2019-08-09,MULT3,28.0
2019-08-09,NATU3,65.85
2019-08-09,PCAR4,91.98
2019-08-09,PETR3,28.62
2019-08-09,PETR4,26.28
2019-08-09,POMO4,3.89
2019-08-09,PRIO3,17.61
2019-08-09,PSSA3,55.63
2019-08-09,QUAL3,30.06
2019-08-09,RADL3,92.0
2019-08-09,RAIL3,22.9
2019-08-09,RENT3,44.6
2019-08-09,SANB11,44.13
2019-08-09,SBSP3,57.59
2019-08-09,SLCE3,18.83
2019-08-09,SMLS3,37.0
2019-08-09,SMTO3,20.75
2019-08-09,STBP3,6.06
2019-08-09,SULA11,47.07
2019-08-09,SUZB3,30.46
2019-08-09,TAEE11,28.25
2019-08-09,TEND3,26.26
2019-08-09,TIMP3,12.35
2019-08-09,TOTS3,56.37
2019-08-09,TRPL4,24.83
2019-08-09,UGPA3,19.36
2019-08-09,USIM5,8.1
2019-08-09,VALE3,45.49
2019-08-09,VIVT3,44.83
2019-08-09,VIVT4,52.4
2019-08-09,VVAR3,8.53
2019-08-09,WEGE3,24.18
2019-08-09,YDUQ3,34.45
2019-08-12,ABEV3,19.48
2019-08-12,ALPA4,23.8
2019-08-12,ALSO3,36.5
2019-08-12,ARZZ3,49.4
2019-08-12,AZUL4,54.3
2019-08-12,B3SA3,44.24
2019-08-12,BBAS3,47.0
2019-08-12,BBDC3,30.1
2019-08-12,BBDC4,33.76
2019-08-12,BBSE3,33.7
2019-08-12,BEEF3,8.74
2019-08-12,BIDI11,60.9
2019-08-12,BIDI4,20.8
2019-08-12,BPAC11,62.5
2019-08-12,BPAN4,11.54
2019-08-12,BRAP4,28.82
2019-08-12,BRDT3,27.25
2019-08-12,BRFS3,38.63
2019-08-12,BRKM5,30.94
2019-08-12,BRML3,14.93
2019-08-12,BTOW3,43.15
2019-08-12,CCRO3,14.98
2019-08-12,CIEL3,7.52
2019-08-12,CMIG4,14.53
2019-08-12,CPFE3,33.64
2019-08-12,CPLE3,51.3
2019-08-12,CPLE6,51.0
2019-08-12,CRFB3,22.92
2019-08-12,CSAN3,52.11
2019-08-12,CSMG3,71.02
2019-08-12,CSNA3,14.52
2019-08-12,CVCB3,54.89
2019-08-12,CYRE3,24.7
2019-08-12,DIRR3,12.87
2019-08-12,ECOR3,11.63
2019-08-12,EGIE3,47.2
2019-08-12,ELET3,42.95
2019-08-12,ELET6,41.6
2019-08-12,EMBR3,19.43
2019-08-12,ENBR3,20.42
2019-08-12,ENEV3,26.68
2019-08-12,ENGI11,50.21
2019-08-12,EQTL3,95.6
2019-08-12,EZTC3,35.51
2019-08-12,FLRY3,23.5
2019-08-12,GGBR4,12.93
2019-08-12,GNDI3,46.63
2019-08-12,GOAU4,6.33
2019-08-12,GOLL4,37.64
2019-08-12,HAPV3,44.14
2019-08-12,HGTX3,34.78
2019-08-12,HYPE3,31.02
2019-08-12,IGTA3,47.38
2019-08-12,IRBR3,98.23
2019-08-12,ITSA4,12.6
2019-08-12,ITUB4,35.2
2019-08-12,JBSS3,29.0
2019-08-12,JHSF3,4.09
2019-08-12,KLBN11,15.17
2019-08-12,KROT3,13.1
2019-08-12,LAME4,18.65
2019-08-12,LCAM3,55.0
2019-08-12,LOGG3,24.96
2019-08-12,LREN3,49.8
2019-08-12,MGLU3,36.42
2019-08-12,MRFG3,8.08
2019-08-12,MRVE3,21.08
2019-08-12,MULT3,27.95
2019-08-12,NATU3,64.08
2019-08-12,PCAR4,89.27
2019-08-12,PETR3,27.85
2019-08-12,PETR4,25.65
2019-08-12,POMO4,3.75
2019-08-12,PRIO3,17.39
2019-08-12,PSSA3,55.79
2019-08-12,QUAL3,28.81
2019-08-12,RADL3,89.9
2019-08-12,RAIL3,22.47
2019-08-12,RENT3,43.92
2019-08-12,SANB11,43.46
2019-08-12,SBSP3,57.7
2019-08-12,SLCE3,18.53
2019-08-12,SMLS3,36.13
2019-08-12,SMTO3,20.57
2019-08-12,STBP3,6.06
2019-08-12,SULA11,46.3
2019-08-12,SUZB3,30.84
2019-08-12,TAEE11,28.29
2019-08-12,TEND3,26.09
2019-08-12,TIMP3,12.07
2019-08-12,TOTS3,54.9
2019-08-12,TRPL4,24.85
2019-08-12,UGPA3,19.02
2019-08-12,USIM5,7.96
2019-08-12,VALE3,45.16
2019-08-12,VIVT3,44.99
2019-08-12,VIVT4,51.85
2019-08-12,VVAR3,8.28
2019-08-12,WEGE3,23.75
2019-08-12,YDUQ3,33.52
2019-08-13,ABEV3,19.38
2019-08-13,ALPA4,24.19
2019-08-13,ALSO3,36.9
2019-08-13,ARZZ3,49.14
2019-08-13,AZUL4,53.55
2019-08-13,B3SA3,45.86
2019-08-13,BBAS3,47.55
2019-08-13,BBDC3,30.47
2019-08-13,BBDC4,34.1
2019-08-13,BBSE3,34.07
2019-08-13,BEEF3,8.64
2019-08-13,BIDI11,66.37
2019-08-13,BIDI4,22.1
2019-08-13,BPAC11,64.06
2019-08-13,BPAN4,11.56
2019-08-13,BRAP4,29.6
2019-08-13,BRDT3,27.25
2019-08-13,BRFS3,39.0
2019-08-13,BRKM5,31.63
2019-08-13,BRML3,14.93
2019-08-13,BTOW3,44.33
2019-08-13,CCRO3,15.46
2019-08-13,CIEL3,7.63
2019-08-13,CMIG4,14.84
2019-08-13,CPFE3,33.62
2019-08-13,CPLE3,52.4
2019-08-13,CPLE6,51.76
2019-08-13,CRFB3,23.2
2019-08-13,CSAN3,51.4
2019-08-13,CSMG3,72.18
2019-08-13,CSNA3,14.98
2019-08-13,CVCB3,54.72
2019-08-13,CYRE3,24.98
2019-08-13,DIRR3,12.54
2019-08-13,ECOR3,12.1
2019-08-13,EGIE3,47.9
2019-08-13,ELET3,43.57
2019-08-13,ELET6,41.47
2019-08-13,EMBR3,19.5
2019-08-13,ENBR3,20.42
2019-08-13,ENEV3,26.82
2019-08-13,ENGI11,50.41
2019-08-13,EQTL3,97.25
2019-08-13,EZTC3,35.5
2019-08-13,FLRY3,24.0
2019-08-13,GGBR4,13.27
2019-08-13,GNDI3,46.65
2019-08-13,GOAU4,6.57
2019-08-13,GOLL4,38.1
2019-08-13,HAPV3,44.1
2019-08-13,HGTX3,34.84
2019-08-13,HYPE3,31.15
2019-08-13,IGTA3,47.6
2019-08-13,IRBR3,100.57
2019-08-13,ITSA4,12.92
2019-08-13,ITUB4,35.89
2019-08-13,JBSS3,27.97
2019-08-13,JHSF3,4.28
2019-08-13,KLBN11,15.67
2019-08-13,KROT3,12.9
2019-08-13,LAME4,18.66
2019-08-13,LCAM3,55.2
2019-08-13,LOGG3,24.6
2019-08-13,LREN3,50.25
2019-08-13,MGLU3,37.85
2019-08-13,MRFG3,7.9
2019-08-13,MRVE3,20.27
2019-08-13,MULT3,28.23
2019-08-13,NATU3,66.1
2019-08-13,PCAR4,88.86
2019-08-13,PETR3,27.96
2019-08-13,PETR4,25.79
2019-08-13,POMO4,3.81
2019-08-13,PRIO3,17.55
2019-08-13,PSSA3,54.93
2019-08-13,QUAL3,27.9
2019-08-13,RADL3,90.39
2019-08-13,RAIL3,22.95
2019-08-13,RENT3,44.98
2019-08-13,SANB11,43.64
2019-08-13,SBSP3,57.7
2019-08-13,SLCE3,18.54
2019-08-13,SMLS3,36.05
2019-08-13,SMTO3,20.57
2019-08-13,STBP3,6.1
2019-08-13,SULA11,45.71
2019-08-13,SUZB3,32.65
2019-08-13,TAEE11,28.78
2019-08-13,TEND3,25.88
2019-08-13,TIMP3,12.1
2019-08-13,TOTS3,54.7
2019-08-13,TRPL4,24.99
2019-08-13,UGPA3,18.8
2019-08-13,USIM5,8.18
2019-08-13,VALE3,46.5
2019-08-13,VIVT3,44.18
2019-08-13,VIVT4,52.25
2019-08-13,VVAR3,8.46
2019-08-13,WEGE3,24.28
2019-08-13,YDUQ3,33.78
2019-08-14,ABEV3,19.01
2019-08-14,ALPA4,23.99
2019-08-14,ALSO3,36.5
2019-08-14,ARZZ3,48.1
2019-08-14,AZUL4,50.97
2019-08-14,B3SA3,43.7
2019-08-14,BBAS3,45.89
2019-08-14,BBDC3,29.66
2019-08-14,BBDC4,33.43
2019-08-14,BBSE3,33.38
2019-08-14,BEEF3,8.29
2019-08-14,BIDI11,70.8
2019-08-14,BIDI4,23.5
2019-08-14,BPAC11,62.37
2019-08-14,BPAN4,10.8
2019-08-14,BRAP4,28.85
2019-08-14,BRDT3,27.1
2019-08-14,BRFS3,38.0
2019-08-14,BRKM5,30.78
2019-08-14,BRML3,14.54
2019-08-14,BTOW3,44.2
2019-08-14,CCRO3,15.06
2019-08-14,CIEL3,7.51
2019-08-14,CMIG4,14.5
2019-08-14,CPFE3,33.0
2019-08-14,CPLE3,51.18
2019-08-14,CPLE6,49.5
2019-08-14,CRFB3,22.64
2019-08-14,CSAN3,48.6
2019-08-14,CSMG3,71.5
2019-08-14,CSNA3,14.36
2019-08-14,CVCB3,54.35
2019-08-14,CYRE3,24.1
2019-08-14,DIRR3,12.45
2019-08-14,ECOR3,11.64
2019-08-14,EGIE3,46.17
2019-08-14,ELET3,41.09
2019-08-14,ELET6,39.67
2019-08-14,EMBR3,18.36
2019-08-14,ENBR3,19.9
2019-08-14,ENEV3,26.6
2019-08-14,ENGI11,49.14
2019-08-14,EQTL3,94.71
2019-08-14,EZTC3,34.48
2019-08-14,FLRY3,23.51
2019-08-14,GGBR4,12.71
2019-08-14,GNDI3,46.1
2019-08-14,GOAU4,6.25
2019-08-14,GOLL4,36.4
2019-08-14,HAPV3,46.1
2019-08-14,HGTX3,34.19
2019-08-14,HYPE3,30.74
2019-08-14,IGTA3,46.25
2019-08-14,IRBR3,100.53
2019-08-14,ITSA4,12.75
2019-08-14,ITUB4,35.1
2019-08-14,JBSS3,27.35
2019-08-14,JHSF3,4.1
2019-08-14,KLBN11,15.02
2019-08-14,KROT3,11.41
2019-08-14,LAME4,17.86
2019-08-14,LCAM3,53.81
2019-08-14,LOGG3,24.2
2019-08-14,LREN3,48.5
2019-08-14,MGLU3,36.95
2019-08-14,MRFG3,7.82
2019-08-14,MRVE3,19.36
2019-08-14,MULT3,27.53
2019-08-14,NATU3,64.0
2019-08-14,PCAR4,85.11
2019-08-14,PETR3,27.1
2019-08-14,PETR4,24.92
2019-08-14,POMO4,3.78
2019-08-14,PRIO3,17.13
2019-08-14,PSSA3,53.75
2019-08-14,QUAL3,27.15
2019-08-14,RADL3,88.01
2019-08-14,RAIL3,21.97
2019-08-14,RENT3,44.07
2019-08-14,SANB11,42.33
2019-08-14,SBSP3,55.96
2019-08-14,SLCE3,17.47
2019-08-14,SMLS3,35.85
2019-08-14,SMTO3,20.13
2019-08-14,STBP3,6.08
2019-08-14,SULA11,44.7
2019-08-14,SUZB3,32.06
2019-08-14,TAEE11,28.07
2019-08-14,TEND3,25.36
2019-08-14,TIMP3,11.93
2019-08-14,TOTS3,54.53
2019-08-14,TRPL4,24.78
2019-08-14,UGPA3,18.43
2019-08-14,USIM5,7.78
2019-08-14,VALE3,44.88
2019-08-14,VIVT3,43.2
2019-08-14,VIVT4,51.24
2019-08-14,VVAR3,8.11
2019-08-14,WEGE3,23.09
2019-08-14,YDUQ3,32.19
2019-08-15,ABEV3,18.78
2019-08-15,ALPA4,23.8
2019-08-15,ALSO3,35.99
2019-08-15,ARZZ3,46.68
2019-08-15,AZUL4,50.56
2019-08-15,B3SA3,43.35
2019-08-15,BBAS3,45.85
2019-08-15,BBDC3,29.51
2019-08-15,BBDC4,33.2
2019-08-15,BBSE3,33.1
2019-08-15,BEEF3,8.24
2019-08-15,BIDI11,62.5
2019-08-15,BIDI4,21.1
2019-08-15,BPAC11,61.85
2019-08-15,BPAN4,9.78
2019-08-15,BRAP4,28.34
2019-08-15,BRDT3,26.67
2019-08-15,BRFS3,38.16
2019-08-15,BRKM5,30.3
2019-08-15,BRML3,14.39
2019-08-15,BTOW3,42.06
2019-08-15,CCRO3,15.05
2019-08-15,CIEL3,7.4
2019-08-15,CMIG4,14.11
2019-08-15,CPFE3,32.4
2019-08-15,CPLE3,50.94
2019-08-15,CPLE6,48.97
2019-08-15,CRFB3,22.45
2019-08-15,CSAN3,48.54
2019-08-15,CSMG3,69.67
2019-08-15,CSNA3,13.9
2019-08-15,CVCB3,52.96
2019-08-15,CYRE3,23.36
2019-08-15,DIRR3,12.14
2019-08-15,ECOR3,11.61
2019-08-15,EGIE3,45.35
2019-08-15,ELET3,40.35
2019-08-15,ELET6,39.78
2019-08-15,EMBR3,18.05
2019-08-15,ENBR3,19.48
2019-08-15,ENEV3,26.15
2019-08-15,ENGI11,48.55
2019-08-15,EQTL3,94.2
2019-08-15,EZTC3,34.3
2019-08-15,FLRY3,22.71
2019-08-15,GGBR4,12.28
2019-08-15,GNDI3,46.42
2019-08-15,GOAU4,6.1
2019-08-15,GOLL4,35.71
2019-08-15,HAPV3,47.16
2019-08-15,HGTX3,32.98
2019-08-15,HYPE3,30.08
2019-08-15,IGTA3,45.62
2019-08-15,IRBR3,99.58
2019-08-15,ITSA4,12.8
2019-08-15,ITUB4,35.0
2019-08-15,JBSS3,28.62
2019-08-15,JHSF3,3.9
2019-08-15,KLBN11,14.95
2019-08-15,KROT3,10.75
2019-08-15,LAME4,17.63
2019-08-15,LCAM3,52.78
2019-08-15,LOGG3,23.23
2019-08-15,LREN3,48.23
2019-08-15,MGLU3,36.31
2019-08-15,MRFG3,7.77
2019-08-15,MRVE3,18.72
2019-08-15,MULT3,26.94
2019-08-15,NATU3,64.19
2019-08-15,PCAR4,84.69
2019-08-15,PETR3,26.5
2019-08-15,PETR4,24.23
2019-08-15,POMO4,3.6
2019-08-15,PRIO3,16.7
2019-08-15,PSSA3,52.9
2019-08-15,QUAL3,26.55
2019-08-15,RADL3,87.2
2019-08-15,RAIL3,22.17
2019-08-15,RENT3,43.45
2019-08-15,SANB11,42.4
2019-08-15,SBSP3,52.64
2019-08-15,SLCE3,17.55
2019-08-15,SMLS3,35.65
2019-08-15,SMTO3,19.0
2019-08-15,STBP3,6.0
2019-08-15,SULA11,44.18
2019-08-15,SUZB3,31.84
2019-08-15,TAEE11,27.6
2019-08-15,TEND3,24.8
2019-08-15,TIMP3,11.68
2019-08-15,TOTS3,53.7
2019-08-15,TRPL4,23.93
2019-08-15,UGPA3,16.88
2019-08-15,USIM5,7.44
2019-08-15,VALE3,43.89
2019-08-15,VIVT3,43.3
2019-08-15,VIVT4,51.67
2019-08-15,VVAR3,7.69
2019-08-15,WEGE3,22.35
2019-08-15,YDUQ3,31.6
2019-08-16,ABEV3,18.9
2019-08-16,ALPA4,24.02
2019-08-16,ALSO3,36.5
2019-08-16,ARZZ3,46.97
2019-08-16,AZUL4,50.47
2019-08-16,B3SA3,44.5
2019-08-16,BBAS3,45.73
2019-08-16,BBDC3,29.59
2019-08-16,BBDC4,33.27
2019-08-16,BBSE3,33.24
2019-08-16,BEEF3,8.23
2019-08-16,BIDI11,59.7
2019-08-16,BIDI4,19.7
2019-08-16,BPAC11,61.45
2019-08-16,BPAN4,10.0
2019-08-16,BRAP4,28.08
2019-08-16,BRDT3,27.78
2019-08-16,BRFS3,38.57
2019-08-16,BRKM5,29.6
2019-08-16,BRML3,14.36
2019-08-16,BTOW3,42.45
2019-08-16,CCRO3,15.38
2019-08-16,CIEL3,7.33
2019-08-16,CMIG4,14.54
2019-08-16,CPFE3,32.99
2019-08-16,CPLE3,53.41
2019-08-16,CPLE6,51.35
2019-08-16,CRFB3,22.55
2019-08-16,CSAN3,49.59
2019-08-16,CSMG3,71.2
2019-08-16,CSNA3,14.11
2019-08-16,CVCB3,53.15
2019-08-16,CYRE3,24.0
2019-08-16,DIRR3,12.12
2019-08-16,ECOR3,11.93
2019-08-16,EGIE3,45.15
2019-08-16,ELET3,41.4
2019-08-16,ELET6,40.71
2019-08-16,EMBR3,18.0
2019-08-16,ENBR3,19.85
2019-08-16,ENEV3,26.17
2019-08-16,ENGI11,49.49
2019-08-16,EQTL3,97.0
2019-08-16,EZTC3,35.95
2019-08-16,FLRY3,23.54
2019-08-16,GGBR4,12.68
2019-08-16,GNDI3,47.4
2019-08-16,GOAU4,6.28
2019-08-16,GOLL4,34.98
2019-08-16,HAPV3,49.0
2019-08-16,HGTX3,33.0
2019-08-16,HYPE3,31.87
2019-08-16,IGTA3,45.94
2019-08-16,IRBR3,101.88
2019-08-16,ITSA4,12.51
2019-08-16,ITUB4,34.35
2019-08-16,JBSS3,29.1
2019-08-16,JHSF3,3.91
2019-08-16,KLBN11,14.9
2019-08-16,KROT3,10.72
2019-08-16,LAME4,17.98
2019-08-16,LCAM3,53.31
2019-08-16,LOGG3,22.71
2019-08-16,LREN3,49.56
2019-08-16,MGLU3,37.56
2019-08-16,MRFG3,7.74
2019-08-16,MRVE3,18.4
2019-08-16,MULT3,26.9
2019-08-16,NATU3,63.5
2019-08-16,PCAR4,85.81
2019-08-16,PETR3,26.38
2019-08-16,PETR4,23.91
2019-08-16,POMO4,3.62
2019-08-16,PRIO3,16.08
2019-08-16,PSSA3,53.8
2019-08-16,QUAL3,27.5
2019-08-16,RADL3,88.55
2019-08-16,RAIL3,23.2
2019-08-16,RENT3,44.99
2019-08-16,SANB11,42.65
2019-08-16,SBSP3,52.5
2019-08-16,SLCE3,18.05
2019-08-16,SMLS3,35.25
2019-08-16,SMTO3,18.4
2019-08-16,STBP3,6.05
2019-08-16,SULA11,45.35
2019-08-16,SUZB3,32.04
2019-08-16,TAEE11,27.6
2019-08-16,TEND3,24.98
2019-08-16,TIMP3,12.08
2019-08-16,TOTS3,53.29
2019-08-16,TRPL4,24.05
2019-08-16,UGPA3,16.5
2019-08-16,USIM5,7.3
2019-08-16,VALE3,43.69
2019-08-16,VIVT3,43.5
2019-08-16,VIVT4,52.91
2019-08-16,VVAR3,7.12
2019-08-16,WEGE3,22.8
2019-08-16,YDUQ3,31.41
2019-08-19,ABEV3,19.11
2019-08-19,ALPA4,23.95
2019-08-19,ALSO3,36.39
2019-08-19,ARZZ3,47.6
2019-08-19,AZUL4,49.83
2019-08-19,B3SA3,45.5
2019-08-19,BBAS3,44.83
2019-08-19,BBDC3,29.1
2019-08-19,BBDC4,32.79
2019-08-19,BBSE3,33.15
2019-08-19,BEEF3,8.23
2019-08-19,BIDI11,55.0
2019-08-19,BIDI4,18.65
2019-08-19,BPAC11,63.8
2019-08-19,BPAN4,9.23
2019-08-19,BRAP4,27.71
2019-08-19,BRDT3,28.0
2019-08-19,BRFS3,38.26
2019-08-19,BRKM5,29.01
2019-08-19,BRML3,14.05
2019-08-19,BTOW3,42.25
2019-08-19,CCRO3,15.31
2019-08-19,CIEL3,7.26
2019-08-19,CMIG4,14.75
2019-08-19,CPFE3,32.76
2019-08-19,CPLE3,54.1
2019-08-19,CPLE6,52.6
2019-08-19,CRFB3,22.57
2019-08-19,CSAN3,49.6
2019-08-19,CSMG3,71.2
2019-08-19,CSNA3,13.87
2019-08-19,CVCB3,53.71
2019-08-19,CYRE3,23.69
2019-08-19,DIRR3,12.63
2019-08-19,ECOR3,11.75
2019-08-19,EGIE3,45.15
2019-08-19,ELET3,40.65
2019-08-19,ELET6,40.42
2019-08-19,EMBR3,17.95
2019-08-19,ENBR3,19.75
2019-08-19,ENEV3,25.79
2019-08-19,ENGI11,48.76
2019-08-19,EQTL3,96.57
2019-08-19,EZTC3,36.0
2019-08-19,FLRY3,23.2
2019-08-19,GGBR4,12.26
2019-08-19,GNDI3,47.24
2019-08-19,GOAU4,6.1
2019-08-19,GOLL4,34.9
2019-08-19,HAPV3,47.74
2019-08-19,HGTX3,33.0
2019-08-19,HYPE3,31.71
2019-08-19,IGTA3,45.5
2019-08-19,IRBR3,100.6
2019-08-19,ITSA4,12.29
2019-08-19,ITUB4,34.2
2019-08-19,JBSS3,28.9
2019-08-19,JHSF3,3.86
2019-08-19,KLBN11,14.79
2019-08-19,KROT3,10.79
2019-08-19,LAME4,17.75
2019-08-19,LCAM3,52.02
2019-08-19,LOGG3,22.54
2019-08-19,LREN3,49.4
2019-08-19,MGLU3,37.83
2019-08-19,MRFG3,7.65
2019-08-19,MRVE3,18.1
2019-08-19,MULT3,27.0
2019-08-19,NATU3,63.3
2019-08-19,PCAR4,87.12
2019-08-19,PETR3,26.74
2019-08-19,PETR4,24.03
2019-08-19,POMO4,3.61
2019-08-19,PRIO3,16.2
2019-08-19,PSSA3,53.51
2019-08-19,QUAL3,27.04
2019-08-19,RADL3,89.29
2019-08-19,RAIL3,23.04
2019-08-19,RENT3,44.75
2019-08-19,SANB11,42.33
2019-08-19,SBSP3,52.58
2019-08-19,SLCE3,18.07
2019-08-19,SMLS3,35.5
2019-08-19,SMTO3,18.72
2019-08-19,STBP3,6.27
2019-08-19,SULA11,44.75
2019-08-19,SUZB3,31.93
2019-08-19,TAEE11,27.38
2019-08-19,TEND3,24.63
2019-08-19,TIMP3,11.98
2019-08-19,TOTS3,53.35
2019-08-19,TRPL4,24.15
2019-08-19,UGPA3,15.85
2019-08-19,USIM5,7.06
2019-08-19,VALE3,43.65
2019-08-19,VIVT3,43.1
2019-08-19,VIVT4,52.41
2019-08-19,VVAR3,6.73
2019-08-19,WEGE3,22.54
2019-08-19,YDUQ3,31.28
2019-08-20,ABEV3,18.94
2019-08-20,ALPA4,23.5
2019-08-20,ALSO3,36.89
2019-08-20,ARZZ3,47.27
2019-08-20,AZUL4,49.68
2019-08-20,B3SA3,45.76
2019-08-20,BBAS3,44.79
2019-08-20,BBDC3,28.8
2019-08-20,BBDC4,32.47
2019-08-20,BBSE3,33.08
2019-08-20,BEEF3,8.09
2019-08-20,BIDI11,58.0
2019-08-20,BIDI4,19.91
2019-08-20,BPAC11,65.5
2019-08-20,BPAN4,9.77
2019-08-20,BRAP4,27.98
2019-08-20,BRDT3,28.53
2019-08-20,BRFS3,37.89
2019-08-20,BRKM5,28.26
2019-08-20,BRML3,14.06
2019-08-20,BTOW3,43.55
2019-08-20,CCRO3,16.0
2019-08-20,CIEL3,7.59
2019-08-20,CMIG4,14.76
2019-08-20,CPFE3,32.8
2019-08-20,CPLE3,53.22
2019-08-20,CPLE6,52.48
2019-08-20,CRFB3,22.97
2019-08-20,CSAN3,48.74
2019-08-20,CSMG3,71.81
2019-08-20,CSNA3,14.37
2019-08-20,CVCB3,54.0
2019-08-20,CYRE3,23.3
2019-08-20,DIRR3,12.51
2019-08-20,ECOR3,12.06
2019-08-20,EGIE3,44.31
2019-08-20,ELET3,40.04
2019-08-20,ELET6,40.25
2019-08-20,EMBR3,18.0
2019-08-20,ENBR3,19.35
2019-08-20,ENEV3,25.54
2019-08-20,ENGI11,48.0
2019-08-20,EQTL3,95.72
2019-08-20,EZTC3,35.32
2019-08-20,FLRY3,23.71
2019-08-20,GGBR4,12.31
2019-08-20,GNDI3,48.0
2019-08-20,GOAU4,6.16
2019-08-20,GOLL4,35.4
2019-08-20,HAPV3,48.79
2019-08-20,HGTX3,32.43
2019-08-20,HYPE3,31.45
2019-08-20,IGTA3,45.65
2019-08-20,IRBR3,100.64
2019-08-20,ITSA4,12.1
2019-08-20,ITUB4,33.82
2019-08-20,JBSS3,28.64
2019-08-20,JHSF3,3.89
2019-08-20,KLBN11,14.66
2019-08-20,KROT3,11.13
2019-08-20,LAME4,17.87
2019-08-20,LCAM3,52.51
2019-08-20,LOGG3,22.88
2019-08-20,LREN3,49.3
2019-08-20,MGLU3,36.53
2019-08-20,MRFG3,7.64
2019-08-20,MRVE3,17.81
2019-08-20,MULT3,26.55
2019-08-20,NATU3,62.36
2019-08-20,PCAR4,88.75
2019-08-20,PETR3,26.49
2019-08-20,PETR4,24.02
2019-08-20,POMO4,3.67
2019-08-20,PRIO3,15.68
2019-08-20,PSSA3,53.78
2019-08-20,QUAL3,27.5
2019-08-20,RADL3,89.91
2019-08-20,RAIL3,23.18
2019-08-20,RENT3,44.28
2019-08-20,SANB11,41.75
2019-08-20,SBSP3,52.9
2019-08-20,SLCE3,17.99
2019-08-20,SMLS3,36.03
2019-08-20,SMTO3,18.56
2019-08-20,STBP3,6.18
2019-08-20,SULA11,44.92
2019-08-20,SUZB3,31.15
2019-08-20,TAEE11,27.0
2019-08-20,TEND3,24.38
2019-08-20,TIMP3,11.84
2019-08-20,TOTS3,53.71
2019-08-20,TRPL4,23.69
2019-08-20,UGPA3,15.84
2019-08-20,USIM5,7.27
2019-08-20,VALE3,43.84
2019-08-20,VIVT3,44.73
2019-08-20,VIVT4,53.1
2019-08-20,VVAR3,7.06
2019-08-20,WEGE3,22.6
2019-08-20,YDUQ3,32.71
2019-08-21,ABEV3,18.8
2019-08-21,ALPA4,24.17
2019-08-21,ALSO3,36.95
2019-08-21,ARZZ3,48.3
2019-08-21,AZUL4,50.85
2019-08-21,B3SA3,45.82
2019-08-21,BBAS3,47.35
2019-08-21,BBDC3,29.51
2019-08-21,BBDC4,33.11
2019-08-21,BBSE3,33.29
2019-08-21,BEEF3,8.12
2019-08-21,BIDI11,62.0
2019-08-21,BIDI4,21.03
2019-08-21,BPAC11,66.01
2019-08-21,BPAN4,9.69
2019-08-21,BRAP4,28.12
2019-08-21,BRDT3,29.0
2019-08-21,BRFS3,38.36
2019-08-21,BRKM5,28.35
2019-08-21,BRML3,14.2
2019-08-21,BTOW3,44.0
2019-08-21,CCRO3,16.3
2019-08-21,CIEL3,7.95
2019-08-21,CMIG4,15.38
2019-08-21,CPFE3,33.06
2019-08-21,CPLE3,53.37
2019-08-21,CPLE6,51.92
2019-08-21,CRFB3,23.07
2019-08-21,CSAN3,49.4
2019-08-21,CSMG3,73.99
2019-08-21,CSNA3,14.05
2019-08-21,CVCB3,55.89
2019-08-21,CYRE3,25.2
2019-08-21,DIRR3,12.98
2019-08-21,ECOR3,12.3
2019-08-21,EGIE3,44.57
2019-08-21,ELET3,45.0
2019-08-21,ELET6,45.0
2019-08-21,EMBR3,18.14
2019-08-21,ENBR3,19.59
2019-08-21,ENEV3,25.95
2019-08-21,ENGI11,48.0
2019-08-21,EQTL3,97.26
2019-08-21,EZTC3,36.99
2019-08-21,FLRY3,24.21
2019-08-21,GGBR4,12.55
2019-08-21,GNDI3,49.05
2019-08-21,GOAU4,6.27
2019-08-21,GOLL4,35.18
2019-08-21,HAPV3,49.99
2019-08-21,HGTX3,32.9
2019-08-21,HYPE3,32.32
2019-08-21,IGTA3,46.0
2019-08-21,IRBR3,102.12
2019-08-21,ITSA4,12.25
2019-08-21,ITUB4,34.08
2019-08-21,JBSS3,29.25
2019-08-21,JHSF3,4.09
2019-08-21,KLBN11,14.69
2019-08-21,KROT3,11.15
2019-08-21,LAME4,17.79
2019-08-21,LCAM3,53.0
2019-08-21,LOGG3,23.29
2019-08-21,LREN3,50.13
2019-08-21,MGLU3,36.54
2019-08-21,MRFG3,7.86
2019-08-21,MRVE3,18.88
2019-08-21,MULT3,26.79
2019-08-21,NATU3,62.87
2019-08-21,PCAR4,90.7
2019-08-21,PETR3,27.9
2019-08-21,PETR4,25.45
2019-08-21,POMO4,3.65
2019-08-21,PRIO3,16.13
2019-08-21,PSSA3,53.5
2019-08-21,QUAL3,29.55
2019-08-21,RADL3,89.5
2019-08-21,RAIL3,23.57
2019-08-21,RENT3,45.4
2019-08-21,SANB11,42.19
2019-08-21,SBSP3,55.38
2019-08-21,SLCE3,18.05
2019-08-21,SMLS3,37.67
2019-08-21,SMTO3,18.2
2019-08-21,STBP3,6.18
2019-08-21,SULA11,44.9
2019-08-21,SUZB3,30.4
2019-08-21,TAEE11,27.53
2019-08-21,TEND3,25.55
2019-08-21,TIMP3,11.97
2019-08-21,TOTS3,54.43
2019-08-21,TRPL4,23.77
2019-08-21,UGPA3,16.72
2019-08-21,USIM5,7.43
2019-08-21,VALE3,44.15
2019-08-21,VIVT3,45.18
2019-08-21,VIVT4,53.59
2019-08-21,VVAR3,7.18
2019-08-21,WEGE3,23.06
2019-08-21,YDUQ3,32.85
2019-08-22,ABEV3,18.47
2019-08-22,ALPA4,24.24
2019-08-22,ALSO3,36.4
2019-08-22,ARZZ3,47.2
2019-08-22,AZUL4,48.94
2019-08-22,B3SA3,45.47
2019-08-22,BBAS3,46.65
2019-08-22,BBDC3,28.9
2019-08-22,BBDC4,32.68
2019-08-22,BBSE3,32.6
2019-08-22,BEEF3,8.4
2019-08-22,BIDI11,61.99
2019-08-22,BIDI4,20.73
2019-08-22,BPAC11,67.2
2019-08-22,BPAN4,9.61
2019-08-22,BRAP4,28.1
2019-08-22,BRDT3,28.47
2019-08-22,BRFS3,39.56
2019-08-22,BRKM5,27.89
2019-08-22,BRML3,14.08
2019-08-22,BTOW3,43.06
2019-08-22,CCRO3,16.04
2019-08-22,CIEL3,7.62
2019-08-22,CMIG4,15.03
2019-08-22,CPFE3,32.71
2019-08-22,CPLE3,53.43
2019-08-22,CPLE6,51.61
2019-08-22,CRFB3,22.28
2019-08-22,CSAN3,49.15
2019-08-22,CSMG3,73.88
2019-08-22,CSNA3,13.76
2019-08-22,CVCB3,55.5
2019-08-22,CYRE3,24.48
2019-08-22,DIRR3,13.02
2019-08-22,ECOR3,12.3
2019-08-22,EGIE3,44.01
2019-08-22,ELET3,46.83
2019-08-22,ELET6,46.81
2019-08-22,EMBR3,18.15
2019-08-22,ENBR3,19.6
2019-08-22,ENEV3,25.47
2019-08-22,ENGI11,48.0
2019-08-22,EQTL3,97.0
2019-08-22,EZTC3,37.1
2019-08-22,FLRY3,24.52
2019-08-22,GGBR4,12.61
2019-08-22,GNDI3,50.25
2019-08-22,GOAU4,6.28
2019-08-22,GOLL4,33.4
2019-08-22,HAPV3,49.98
2019-08-22,HGTX3,31.98
2019-08-22,HYPE3,31.6
2019-08-22,IGTA3,45.62
2019-08-22,IRBR3,100.8
2019-08-22,ITSA4,12.05
2019-08-22,ITUB4,33.54
2019-08-22,JBSS3,29.06
2019-08-22,JHSF3,4.05
2019-08-22,KLBN11,14.66
2019-08-22,KROT3,10.66
2019-08-22,LAME4,17.24
2019-08-22,LCAM3,52.99
2019-08-22,LOGG3,24.9
2019-08-22,LREN3,49.06
2019-08-22,MGLU3,34.43
2019-08-22,MRFG3,8.18
2019-08-22,MRVE3,19.2
2019-08-22,MULT3,26.31
2019-08-22,NATU3,61.5
2019-08-22,PCAR4,88.4
2019-08-22,PETR3,27.63
2019-08-22,PETR4,25.22
2019-08-22,POMO4,3.59
2019-08-22,PRIO3,16.1
2019-08-22,PSSA3,53.5
2019-08-22,QUAL3,30.35
2019-08-22,RADL3,89.3
2019-08-22,RAIL3,22.8
2019-08-22,RENT3,44.63
2019-08-22,SANB11,41.67
2019-08-22,SBSP3,54.69
2019-08-22,SLCE3,17.95
2019-08-22,SMLS3,36.81
2019-08-22,SMTO3,17.9
2019-08-22,STBP3,6.18
2019-08-22,SULA11,46.1
2019-08-22,SUZB3,29.4
2019-08-22,TAEE11,27.67
2019-08-22,TEND3,25.5
2019-08-22,TIMP3,11.86
2019-08-22,TOTS3,53.3
2019-08-22,TRPL4,23.97
2019-08-22,UGPA3,17.14
2019-08-22,USIM5,7.51
2019-08-22,VALE3,43.89
2019-08-22,VIVT3,45.1
2019-08-22,VIVT4,52.6
2019-08-22,VVAR3,6.9
2019-08-22,WEGE3,22.73
2019-08-22,YDUQ3,32.51
2019-08-23,ABEV3,18.33
2019-08-23,ALPA4,23.58
2019-08-23,ALSO3,35.79
2019-08-23,ARZZ3,46.0
2019-08-23,AZUL4,47.3
2019-08-23,B3SA3,43.83
2019-08-23,BBAS3,44.95
2019-08-23,BBDC3,28.15
2019-08-23,BBDC4,31.97
2019-08-23,BBSE3,32.19
2019-08-23,BEEF3,8.0
2019-08-23,BIDI11,59.3
2019-08-23,BIDI4,19.99
2019-08-23,BPAC11,56.99
2019-08-23,BPAN4,9.2
2019-08-23,BRAP4,27.15
2019-08-23,BRDT3,28.15
2019-08-23,BRFS3,38.59
2019-08-23,BRKM5,26.8
2019-08-23,BRML3,13.8
2019-08-23,BTOW3,41.88
2019-08-23,CCRO3,15.67
2019-08-23,CIEL3,7.24
2019-08-23,CMIG4,14.57
2019-08-23,CPFE3,32.39
2019-08-23,CPLE3,52.0
2019-08-23,CPLE6,49.5
2019-08-23,CRFB3,21.7
2019-08-23,CSAN3,47.99
2019-08-23,CSMG3,72.22
2019-08-23,CSNA3,13.62
2019-08-23,CVCB3,52.59
2019-08-23,CYRE3,23.84
2019-08-23,DIRR3,12.25
2019-08-23,ECOR3,11.96
2019-08-23,EGIE3,43.73
2019-08-23,ELET3,45.2
2019-08-23,ELET6,46.16
2019-08-23,EMBR3,17.85
2019-08-23,ENBR3,19.08
2019-08-23,ENEV3,25.44
2019-08-23,ENGI11,47.12
2019-08-23,EQTL3,94.82
2019-08-23,EZTC3,36.14
2019-08-23,FLRY3,24.03
2019-08-23,GGBR4,12.29
2019-08-23,GNDI3,49.93
2019-08-23,GOAU4,6.05
2019-08-23,GOLL4,33.4
2019-08-23,HAPV3,48.21
2019-08-23,HGTX3,31.84
2019-08-23,HYPE3,31.26
2019-08-23,IGTA3,45.34
2019-08-23,IRBR3,100.5
2019-08-23,ITSA4,11.88
2019-08-23,ITUB4,33.15
2019-08-23,JBSS3,27.65
2019-08-23,JHSF3,3.94
2019-08-23,KLBN11,14.34
2019-08-23,KROT3,10.27
2019-08-23,LAME4,16.65
2019-08-23,LCAM3,52.21
2019-08-23,LOGG3,23.5
2019-08-23,LREN3,48.05
2019-08-23,MGLU3,33.78
2019-08-23,MRFG3,7.98
2019-08-23,MRVE3,18.73
2019-08-23,MULT3,25.8
2019-08-23,NATU3,61.11
2019-08-23,PCAR4,87.22
2019-08-23,PETR3,26.76
2019-08-23,PETR4,24.28
2019-08-23,POMO4,3.51
2019-08-23,PRIO3,15.15
2019-08-23,PSSA3,54.63
2019-08-23,QUAL3,29.7
2019-08-23,RADL3,89.0
2019-08-23,RAIL3,21.95
2019-08-23,RENT3,43.76
2019-08-23,SANB11,41.03
2019-08-23,SBSP3,52.43
2019-08-23,SLCE3,17.36
2019-08-23,SMLS3,37.85
2019-08-23,SMTO3,17.5
2019-08-23,STBP3,6.16
2019-08-23,SULA11,48.6
2019-08-23,SUZB3,28.0
2019-08-23,TAEE11,27.24
2019-08-23,TEND3,24.41
2019-08-23,TIMP3,11.76
2019-08-23,TOTS3,53.39
2019-08-23,TRPL4,23.27
2019-08-23,UGPA3,16.02
2019-08-23,USIM5,7.23
2019-08-23,VALE3,43.28
2019-08-23,VIVT3,44.78
2019-08-23,VIVT4,52.2
2019-08-23,VVAR3,6.79
2019-08-23,WEGE3,22.22
2019-08-23,YDUQ3,30.78
2019-08-26,ABEV3,18.09
2019-08-26,ALPA4,23.2
2019-08-26,ALSO3,35.5
2019-08-26,ARZZ3,45.74
2019-08-26,AZUL4,46.0
2019-08-26,B3SA3,42.3
2019-08-26,BBAS3,44.74
2019-08-26,BBDC3,28.03
2019-08-26,BBDC4,31.64
2019-08-26,BBSE3,31.88
2019-08-26,BEEF3,8.09
2019-08-26,BIDI11,58.4
2019-08-26,BIDI4,19.56
2019-08-26,BPAC11,46.46
2019-08-26,BPAN4,8.45
2019-08-26,BRAP4,26.94
2019-08-26,BRDT3,27.78
2019-08-26,BRFS3,37.88
2019-08-26,BRKM5,26.34
2019-08-26,BRML3,13.55
2019-08-26,BTOW3,41.06
2019-08-26,CCRO3,15.69
2019-08-26,CIEL3,7.3
2019-08-26,CMIG4,14.37
2019-08-26,CPFE3,32.2
2019-08-26,CPLE3,51.49
2019-08-26,CPLE6,49.02
2019-08-26,CRFB3,21.31
2019-08-26,CSAN3,47.55
2019-08-26,CSMG3,69.15
2019-08-26,CSNA3,13.53
2019-08-26,CVCB3,52.49
2019-08-26,CYRE3,23.14
2019-08-26,DIRR3,11.87
2019-08-26,ECOR3,11.85
2019-08-26,EGIE3,43.03
2019-08-26,ELET3,43.8
2019-08-26,ELET6,45.61
2019-08-26,EMBR3,17.66
2019-08-26,ENBR3,19.29
2019-08-26,ENEV3,25.0
2019-08-26,ENGI11,46.26
2019-08-26,EQTL3,93.6
2019-08-26,EZTC3,34.94
2019-08-26,FLRY3,23.43
2019-08-26,GGBR4,12.01
2019-08-26,GNDI3,49.45
2019-08-26,GOAU4,5.89
2019-08-26,GOLL4,32.39
2019-08-26,HAPV3,48.3
2019-08-26,HGTX3,30.95
2019-08-26,HYPE3,30.8
2019-08-26,IGTA3,44.22
2019-08-26,IRBR3,98.5
2019-08-26,ITSA4,11.83
2019-08-26,ITUB4,33.14
2019-08-26,JBSS3,27.73
2019-08-26,JHSF3,3.79
2019-08-26,KLBN11,14.3
2019-08-26,KROT3,9.85
2019-08-26,LAME4,16.6
2019-08-26,LCAM3,51.48
2019-08-26,LOGG3,22.36
2019-08-26,LREN3,47.05
2019-08-26,MGLU3,33.7
2019-08-26,MRFG3,7.8
2019-08-26,MRVE3,17.65
2019-08-26,MULT3,25.57
2019-08-26,NATU3,60.5
2019-08-26,PCAR4,85.69
2019-08-26,PETR3,26.41
2019-08-26,PETR4,23.96
2019-08-26,POMO4,3.42
2019-08-26,PRIO3,14.57
2019-08-26,PSSA3,54.46
2019-08-26,QUAL3,28.07
2019-08-26,RADL3,87.98
2019-08-26,RAIL3,21.6
2019-08-26,RENT3,42.91
2019-08-26,SANB11,40.62
2019-08-26,SBSP3,51.7
2019-08-26,SLCE3,16.12
2019-08-26,SMLS3,36.4
2019-08-26,SMTO3,17.3
2019-08-26,STBP3,6.08
2019-08-26,SULA11,49.0
2019-08-26,SUZB3,28.04
2019-08-26,TAEE11,26.85
2019-08-26,TEND3,23.88
2019-08-26,TIMP3,11.72
2019-08-26,TOTS3,52.37
2019-08-26,TRPL4,23.21
2019-08-26,UGPA3,15.6
2019-08-26,USIM5,7.14
2019-08-26,VALE3,42.8
2019-08-26,VIVT3,43.5
2019-08-26,VIVT4,51.1
2019-08-26,VVAR3,6.48
2019-08-26,WEGE3,21.55
2019-08-26,YDUQ3,30.83
2019-08-27,ABEV3,18.17
2019-08-27,ALPA4,24.13
2019-08-27,ALSO3,35.99
2019-08-27,ARZZ3,45.83
2019-08-27,AZUL4,45.98
2019-08-27,B3SA3,43.0
2019-08-27,BBAS3,44.38
2019-08-27,BBDC3,28.38
2019-08-27,BBDC4,32.04
2019-08-27,BBSE3,32.1
2019-08-27,BEEF3,8.13
2019-08-27,BIDI11,60.19
2019-08-27,BIDI4,19.8
2019-08-27,BPAC11,54.53
2019-08-27,BPAN4,8.38
2019-08-27,BRAP4,26.89
2019-08-27,BRDT3,27.99
2019-08-27,BRFS3,38.01
2019-08-27,BRKM5,26.12
2019-08-27,BRML3,13.65
2019-08-27,BTOW3,41.33
2019-08-27,CCRO3,15.86
2019-08-27,CIEL3,7.22
2019-08-27,CMIG4,14.46
2019-08-27,CPFE3,32.25
2019-08-27,CPLE3,51.1
2019-08-27,CPLE6,48.45
2019-08-27,CRFB3,21.69
2019-08-27,CSAN3,47.19
2019-08-27,CSMG3,69.15
2019-08-27,CSNA3,13.36
2019-08-27,CVCB3,51.8
2019-08-27,CYRE3,23.79
2019-08-27,DIRR3,12.22
2019-08-27,ECOR3,11.92
2019-08-27,EGIE3,42.97
2019-08-27,ELET3,42.69
2019-08-27,ELET6,44.05
2019-08-27,EMBR3,17.55
2019-08-27,ENBR3,19.44
2019-08-27,ENEV3,25.56
2019-08-27,ENGI11,46.73
2019-08-27,EQTL3,92.39
2019-08-27,EZTC3,35.34
2019-08-27,FLRY3,23.34
2019-08-27,GGBR4,11.77
2019-08-27,GNDI3,50.28
2019-08-27,GOAU4,5.78
2019-08-27,GOLL4,32.82
2019-08-27,HAPV3,48.95
2019-08-27,HGTX3,31.49
2019-08-27,HYPE3,30.77
2019-08-27,IGTA3,45.2
2019-08-27,IRBR3,100.2
2019-08-27,ITSA4,12.02
2019-08-27,ITUB4,33.53
2019-08-27,JBSS3,27.85
2019-08-27,JHSF3,3.88
2019-08-27,KLBN11,14.32
2019-08-27,KROT3,9.76
2019-08-27,LAME4,16.95
2019-08-27,LCAM3,51.99
2019-08-27,LOGG3,22.59
2019-08-27,LREN3,47.44
2019-08-27,MGLU3,34.21
2019-08-27,MRFG3,7.69
2019-08-27,MRVE3,18.31
2019-08-27,MULT3,25.83
2019-08-27,NATU3,63.04
2019-08-27,PCAR4,85.89
2019-08-27,PETR3,26.91
2019-08-27,PETR4,24.34
2019-08-27,POMO4,3.41
2019-08-27,PRIO3,14.44
2019-08-27,PSSA3,54.27
2019-08-27,QUAL3,28.89
2019-08-27,RADL3,89.3
2019-08-27,RAIL3,21.72
2019-08-27,RENT3,44.7
2019-08-27,SANB11,40.61
2019-08-27,SBSP3,50.8
2019-08-27,SLCE3,16.62
2019-08-27,SMLS3,36.96
2019-08-27,SMTO3,17.25
2019-08-27,STBP3,6.1
2019-08-27,SULA11,48.3
2019-08-27,SUZB3,28.52
2019-08-27,TAEE11,27.33
2019-08-27,TEND3,24.69
2019-08-27,TIMP3,11.89
2019-08-27,TOTS3,51.99
2019-08-27,TRPL4,23.37
2019-08-27,UGPA3,15.58
2019-08-27,USIM5,7.0
2019-08-27,VALE3,43.32
2019-08-27,VIVT3,43.0
2019-08-27,VIVT4,51.65
2019-08-27,VVAR3,6.85
2019-08-27,WEGE3,21.68
2019-08-27,YDUQ3,30.2
2019-08-28,ABEV3,18.15
2019-08-28,ALPA4,24.5
2019-08-28,ALSO3,35.99
2019-08-28,ARZZ3,46.0
2019-08-28,AZUL4,46.54
2019-08-28,B3SA3,43.63
2019-08-28,BBAS3,44.01
2019-08-28,BBDC3,28.22
2019-08-28,BBDC4,31.85
2019-08-28,BBSE3,32.51
2019-08-28,BEEF3,8.23
2019-08-28,BIDI11,61.39
2019-08-28,BIDI4,20.7
2019-08-28,BPAC11,53.32
2019-08-28,BPAN4,8.38
2019-08-28,BRAP4,27.36
2019-08-28,BRDT3,28.45
2019-08-28,BRFS3,39.09
2019-08-28,BRKM5,27.8
2019-08-28,BRML3,13.79
2019-08-28,BTOW3,44.41
2019-08-28,CCRO3,15.87
2019-08-28,CIEL3,7.26
2019-08-28,CMIG4,14.02
2019-08-28,CPFE3,32.07
2019-08-28,CPLE3,51.89
2019-08-28,CPLE6,49.31
2019-08-28,CRFB3,21.75
2019-08-28,CSAN3,49.0
2019-08-28,CSMG3,68.49
2019-08-28,CSNA3,13.42
2019-08-28,CVCB3,51.58
2019-08-28,CYRE3,23.72
2019-08-28,DIRR3,12.3
2019-08-28,ECOR3,12.15
2019-08-28,EGIE3,43.45
2019-08-28,ELET3,44.2
2019-08-28,ELET6,45.06
2019-08-28,EMBR3,17.72
2019-08-28,ENBR3,19.36
2019-08-28,ENEV3,25.73
2019-08-28,ENGI11,46.3
2019-08-28,EQTL3,92.6
2019-08-28,EZTC3,36.0
2019-08-28,FLRY3,23.31
2019-08-28,GGBR4,11.91
2019-08-28,GNDI3,51.35
2019-08-28,GOAU4,5.81
2019-08-28,GOLL4,32.32
2019-08-28,HAPV3,49.0
2019-08-28,HGTX3,32.0
2019-08-28,HYPE3,31.0
2019-08-28,IGTA3,45.31
2019-08-28,IRBR3,99.5
2019-08-28,ITSA4,12.2
2019-08-28,ITUB4,33.91
2019-08-28,JBSS3,28.69
2019-08-28,JHSF3,3.94
2019-08-28,KLBN11,14.55
2019-08-28,KROT3,9.86
2019-08-28,LAME4,17.23
2019-08-28,LCAM3,52.98
2019-08-28,LOGG3,23.1
2019-08-28,LREN3,48.61
2019-08-28,MGLU3,34.91
2019-08-28,MRFG3,7.67
2019-08-28,MRVE3,18.29
2019-08-28,MULT3,26.15
2019-08-28,NATU3,65.76
2019-08-28,PCAR4,85.9
2019-08-28,PETR3,27.1
2019-08-28,PETR4,24.59
2019-08-28,POMO4,3.42
2019-08-28,PRIO3,15.5
2019-08-28,PSSA3,54.6
2019-08-28,QUAL3,29.21
2019-08-28,RADL3,93.58
2019-08-28,RAIL3,22.22
2019-08-28,RENT3,45.07
2019-08-28,SANB11,41.29
2019-08-28,SBSP3,50.81
2019-08-28,SLCE3,16.43
2019-08-28,SMLS3,37.4
2019-08-28,SMTO3,17.5
2019-08-28,STBP3,6.1
2019-08-28,SULA11,49.28
2019-08-28,SUZB3,28.72
2019-08-28,TAEE11,27.41
2019-08-28,TEND3,24.48
2019-08-28,TIMP3,11.82
2019-08-28,TOTS3,52.71
2019-08-28,TRPL4,23.65
2019-08-28,UGPA3,15.97
2019-08-28,USIM5,7.01
2019-08-28,VALE3,43.48
2019-08-28,VIVT3,44.4
2019-08-28,VIVT4,52.2
2019-08-28,VVAR3,7.0
2019-08-28,WEGE3,22.09
2019-08-28,YDUQ3,30.54
2019-08-29,ABEV3,18.55
2019-08-29,ALPA4,24.9
2019-08-29,ALSO3,36.2
2019-08-29,ARZZ3,47.86
2019-08-29,AZUL4,48.55
2019-08-29,B3SA3,44.29
2019-08-29,BBAS3,45.08
2019-08-29,BBDC3,29.12
2019-08-29,BBDC4,32.45
2019-08-29,BBSE3,32.88
2019-08-29,BEEF3,8.49
2019-08-29,BIDI11,61.2
2019-08-29,BIDI4,20.5
2019-08-29,BPAC11,56.2
2019-08-29,BPAN4,8.65
2019-08-29,BRAP4,28.46
2019-08-29,BRDT3,28.8
2019-08-29,BRFS3,38.87
2019-08-29,BRKM5,28.94
2019-08-29,BRML3,13.79
2019-08-29,BTOW3,45.76
2019-08-29,CCRO3,16.4
2019-08-29,CIEL3,7.49
2019-08-29,CMIG4,14.46
2019-08-29,CPFE3,32.2
2019-08-29,CPLE3,53.5
2019-08-29,CPLE6,50.3
2019-08-29,CRFB3,22.42
2019-08-29,CSAN3,49.6
2019-08-29,CSMG3,69.0
2019-08-29,CSNA3,14.21
2019-08-29,CVCB3,53.15
2019-08-29,CYRE3,24.39
2019-08-29,DIRR3,12.7
2019-08-29,ECOR3,12.57
2019-08-29,EGIE3,44.02
2019-08-29,ELET3,45.47
2019-08-29,ELET6,46.2
2019-08-29,EMBR3,18.01
2019-08-29,ENBR3,19.45
2019-08-29,ENEV3,25.69
2019-08-29,ENGI11,46.88
2019-08-29,EQTL3,93.9
2019-08-29,EZTC3,37.32
2019-08-29,FLRY3,24.08
2019-08-29,GGBR4,12.53
2019-08-29,GNDI3,53.85
2019-08-29,GOAU4,6.07
2019-08-29,GOLL4,33.76
2019-08-29,HAPV3,50.5
2019-08-29,HGTX3,32.25
2019-08-29,HYPE3,32.36
2019-08-29,IGTA3,45.7
2019-08-29,IRBR3,104.0
2019-08-29,ITSA4,12.26
2019-08-29,ITUB4,34.09
2019-08-29,JBSS3,29.45
2019-08-29,JHSF3,4.02
2019-08-29,KLBN11,14.86
2019-08-29,KROT3,10.19
2019-08-29,LAME4,18.01
2019-08-29,LCAM3,54.0
2019-08-29,LOGG3,23.0
2019-08-29,LREN3,50.18
2019-08-29,MGLU3,37.26
2019-08-29,MRFG3,8.19
2019-08-29,MRVE3,19.69
2019-08-29,MULT3,26.26
2019-08-29,NATU3,66.94
2019-08-29,PCAR4,87.5
2019-08-29,PETR3,28.12
2019-08-29,PETR4,25.5
2019-08-29,POMO4,3.5
2019-08-29,PRIO3,16.1
2019-08-29,PSSA3,55.0
2019-08-29,QUAL3,29.23
2019-08-29,RADL3,92.11
2019-08-29,RAIL3,22.51
2019-08-29,RENT3,46.2
2019-08-29,SANB11,42.51
2019-08-29,SBSP3,51.2
2019-08-29,SLCE3,17.22
2019-08-29,SMLS3,37.65
2019-08-29,SMTO3,17.82
2019-08-29,STBP3,6.41
2019-08-29,SULA11,48.07
2019-08-29,SUZB3,29.0
2019-08-29,TAEE11,27.74
2019-08-29,TEND3,25.29
2019-08-29,TIMP3,12.21
2019-08-29,TOTS3,53.2
2019-08-29,TRPL4,23.8
2019-08-29,UGPA3,16.84
2019-08-29,USIM5,7.65
2019-08-29,VALE3,45.1
2019-08-29,VIVT3,44.2
2019-08-29,VIVT4,52.24
2019-08-29,VVAR3,7.31
2019-08-29,WEGE3,22.4
2019-08-29,YDUQ3,32.35
2019-08-30,ABEV3,18.72
2019-08-30,ALPA4,24.78
2019-08-30,ALSO3,37.59
2019-08-30,ARZZ3,49.48
2019-08-30,AZUL4,47.1
2019-08-30,B3SA3,44.8
2019-08-30,BBAS3,46.24
2019-08-30,BBDC3,30.3
2019-08-30,BBDC4,32.95
2019-08-30,BBSE3,32.67
2019-08-30,BEEF3,8.49
2019-08-30,BIDI11,61.12
2019-08-30,BIDI4,19.85
2019-08-30,BPAC11,58.58
2019-08-30,BPAN4,9.76
2019-08-30,BRAP4,28.43
2019-08-30,BRDT3,28.8
2019-08-30,BRFS3,38.14
2019-08-30,BRKM5,28.22
2019-08-30,BRML3,13.48
2019-08-30,BTOW3,47.0
2019-08-30,CCRO3,16.25
2019-08-30,CIEL3,7.75
2019-08-30,CMIG4,14.76
2019-08-30,CPFE3,32.4
2019-08-30,CPLE3,56.34
2019-08-30,CPLE6,52.1
2019-08-30,CRFB3,22.3
2019-08-30,CSAN3,49.99
2019-08-30,CSMG3,69.36
2019-08-30,CSNA3,14.36
2019-08-30,CVCB3,53.07
2019-08-30,CYRE3,25.19
2019-08-30,DIRR3,12.99
2019-08-30,ECOR3,12.4
2019-08-30,EGIE3,44.98
2019-08-30,ELET3,45.94
2019-08-30,ELET6,46.95
2019-08-30,EMBR3,17.95
2019-08-30,ENBR3,20.1
2019-08-30,ENEV3,26.85
2019-08-30,ENGI11,47.49
2019-08-30,EQTL3,95.77
2019-08-30,EZTC3,39.06
2019-08-30,FLRY3,24.0
2019-08-30,GGBR4,12.87
2019-08-30,GNDI3,56.08
2019-08-30,GOAU4,6.25
2019-08-30,GOLL4,33.2
2019-08-30,HAPV3,51.71
2019-08-30,HGTX3,33.15
2019-08-30,HYPE3,32.17
2019-08-30,IGTA3,46.0
2019-08-30,IRBR3,108.5
2019-08-30,ITSA4,12.29
2019-08-30,ITUB4,33.94
2019-08-30,JBSS3,29.64
2019-08-30,JHSF3,4.04
2019-08-30,KLBN11,15.06
2019-08-30,KROT3,10.08
2019-08-30,LAME4,18.73
2019-08-30,LCAM3,55.05
2019-08-30,LOGG3,24.5
2019-08-30,LREN3,50.55
2019-08-30,MGLU3,36.29
2019-08-30,MRFG3,8.35
2019-08-30,MRVE3,19.7
2019-08-30,MULT3,25.99
2019-08-30,NATU3,65.98
2019-08-30,PCAR4,87.56
2019-08-30,PETR3,28.27
2019-08-30,PETR4,25.5
2019-08-30,POMO4,3.62
2019-08-30,PRIO3,16.9
2019-08-30,PSSA3,56.0
2019-08-30,QUAL3,28.59
2019-08-30,RADL3,92.04
2019-08-30,RAIL3,22.1
2019-08-30,RENT3,47.04
2019-08-30,SANB11,42.6
2019-08-30,SBSP3,51.7
2019-08-30,SLCE3,17.33
2019-08-30,SMLS3,37.0
2019-08-30,SMTO3,17.84
2019-08-30,STBP3,6.78
2019-08-30,SULA11,48.45
2019-08-30,SUZB3,29.08
2019-08-30,TAEE11,28.1
2019-08-30,TEND3,25.34
2019-08-30,TIMP3,12.3
2019-08-30,TOTS3,53.88
2019-08-30,TRPL4,24.8
2019-08-30,UGPA3,16.42
2019-08-30,USIM5,7.9
2019-08-30,VALE3,45.57
2019-08-30,VIVT3,45.97
2019-08-30,VIVT4,53.67
2019-08-30,VVAR3,7.73
2019-08-30,WEGE3,22.5
2019-08-30,YDUQ3,31.46
2019-09-02,ABEV3,18.38
2019-09-02,ALPA4,24.6
2019-09-02,ALSO3,37.04
2019-09-02,ARZZ3,48.2
2019-09-02,AZUL4,47.14
2019-09-02,B3SA3,43.94
2019-09-02,BBAS3,45.65
2019-09-02,BBDC3,29.62
2019-09-02,BBDC4,32.61
2019-09-02,BBSE3,32.65
2019-09-02,BEEF3,8.1
2019-09-02,BIDI11,61.2
2019-09-02,BIDI4,20.15
2019-09-02,BPAC11,58.8
2019-09-02,BPAN4,9.65
2019-09-02,BRAP4,28.74
2019-09-02,BRDT3,28.75
2019-09-02,BRFS3,38.41
2019-09-02,BRKM5,28.05
2019-09-02,BRML3,13.8
2019-09-02,BTOW3,46.8
2019-09-02,CCRO3,16.3
2019-09-02,CIEL3,7.59
2019-09-02,CMIG4,14.9
2019-09-02,CPFE3,32.67
2019-09-02,CPLE3,57.94
2019-09-02,CPLE6,54.16
2019-09-02,CRFB3,22.25
2019-09-02,CSAN3,49.69
2019-09-02,CSMG3,69.98
2019-09-02,CSNA3,14.35
2019-09-02,CVCB3,53.7
2019-09-02,CYRE3,25.82
2019-09-02,DIRR3,13.28
2019-09-02,ECOR3,12.53
2019-09-02,EGIE3,44.25
2019-09-02,ELET3,46.11
2019-09-02,ELET6,47.27
2019-09-02,EMBR3,17.71
2019-09-02,ENBR3,20.15
2019-09-02,ENEV3,26.75
2019-09-02,ENGI11,47.85
2019-09-02,EQTL3,98.2
2019-09-02,EZTC3,41.05
2019-09-02,FLRY3,24.0
2019-09-02,GGBR4,12.66
2019-09-02,GNDI3,57.0
2019-09-02,GOAU4,6.16
2019-09-02,GOLL4,32.64
2019-09-02,HAPV3,52.2
2019-09-02,HGTX3,32.89
2019-09-02,HYPE3,32.6
2019-09-02,IGTA3,46.04
2019-09-02,IRBR3,104.7
2019-09-02,ITSA4,12.14
2019-09-02,ITUB4,33.5
2019-09-02,JBSS3,29.16
2019-09-02,JHSF3,4.04
2019-09-02,KLBN11,14.97
2019-09-02,KROT3,10.07
2019-09-02,LAME4,18.6
2019-09-02,LCAM3,56.25
2019-09-02,LOGG3,23.57
2019-09-02,LREN3,50.34
2019-09-02,MGLU3,36.61
2019-09-02,MRFG3,8.34
2019-09-02,MRVE3,19.9
2019-09-02,MULT3,26.2
2019-09-02,NATU3,66.27
2019-09-02,PCAR4,86.6
2019-09-02,PETR3,27.97
2019-09-02,PETR4,25.3
2019-09-02,POMO4,3.49
2019-09-02,PRIO3,16.65
2019-09-02,PSSA3,57.0
2019-09-02,QUAL3,29.5
2019-09-02,RADL3,90.2
2019-09-02,RAIL3,22.76
2019-09-02,RENT3,46.9
2019-09-02,SANB11,42.01
2019-09-02,SBSP3,51.99
2019-09-02,SLCE3,17.37
2019-09-02,SMLS3,37.08
2019-09-02,SMTO3,17.57
2019-09-02,STBP3,6.89
2019-09-02,SULA11,48.17
2019-09-02,SUZB3,29.14
2019-09-02,TAEE11,27.98
2019-09-02,TEND3,26.38
2019-09-02,TIMP3,12.35
2019-09-02,TOTS3,54.02
2019-09-02,TRPL4,24.75
2019-09-02,UGPA3,16.6
2019-09-02,USIM5,7.82
2019-09-02,VALE3,46.01
2019-09-02,VIVT3,45.6
2019-09-02,VIVT4,54.33
2019-09-02,VVAR3,7.79
2019-09-02,WEGE3,22.78
2019-09-02,YDUQ3,31.99
2019-09-03,ABEV3,18.52
2019-09-03,ALPA4,23.86
2019-09-03,ALSO3,36.5
2019-09-03,ARZZ3,47.6
2019-09-03,AZUL4,45.96
2019-09-03,B3SA3,43.75
2019-09-03,BBAS3,44.8
2019-09-03,BBDC3,28.97
2019-09-03,BBDC4,32.06
2019-09-03,BBSE3,32.22
2019-09-03,BEEF3,7.84
2019-09-03,BIDI11,60.0
2019-09-03,BIDI4,19.91
2019-09-03,BPAC11,55.99
2019-09-03,BPAN4,9.18
2019-09-03,BRAP4,28.38
2019-09-03,BRDT3,28.33
2019-09-03,BRFS3,37.72
2019-09-03,BRKM5,27.48
2019-09-03,BRML3,13.61
2019-09-03,BTOW3,45.9
2019-09-03,CCRO3,16.3
2019-09-03,CIEL3,7.7
2019-09-03,CMIG4,14.61
2019-09-03,CPFE3,32.31
2019-09-03,CPLE3,56.88
2019-09-03,CPLE6,52.81
2019-09-03,CRFB3,22.14
2019-09-03,CSAN3,49.55
2019-09-03,CSMG3,69.75
2019-09-03,CSNA3,13.93
2019-09-03,CVCB3,53.24
2019-09-03,CYRE3,25.08
2019-09-03,DIRR3,13.07
2019-09-03,ECOR3,12.48
2019-09-03,EGIE3,43.94
2019-09-03,ELET3,44.6
2019-09-03,ELET6,46.46
2019-09-03,EMBR3,17.88
2019-09-03,ENBR3,19.83
2019-09-03,ENEV3,26.1
2019-09-03,ENGI11,47.41
2019-09-03,EQTL3,97.5
2019-09-03,EZTC3,38.9
2019-09-03,FLRY3,24.0
2019-09-03,GGBR4,12.58
2019-09-03,GNDI3,57.4
2019-09-03,GOAU4,6.13
2019-09-03,GOLL4,31.56
2019-09-03,HAPV3,52.0
2019-09-03,HGTX3,32.5
2019-09-03,HYPE3,32.78
2019-09-03,IGTA3,45.55
2019-09-03,IRBR3,103.07
2019-09-03,ITSA4,11.95
2019-09-03,ITUB4,32.86
2019-09-03,JBSS3,28.95
2019-09-03,JHSF3,4.0
2019-09-03,KLBN11,14.8
2019-09-03,KROT3,10.05
2019-09-03,LAME4,18.63
2019-09-03,LCAM3,54.8
2019-09-03,LOGG3,23.21
2019-09-03,LREN3,49.75
2019-09-03,MGLU3,35.88
2019-09-03,MRFG3,8.5
2019-09-03,MRVE3,18.94
2019-09-03,MULT3,26.04
2019-09-03,NATU3,64.4
2019-09-03,PCAR4,85.48
2019-09-03,PETR3,28.11
2019-09-03,PETR4,25.6
2019-09-03,POMO4,3.53
2019-09-03,PRIO3,16.85
2019-09-03,PSSA3,56.85
2019-09-03,QUAL3,28.61
2019-09-03,RADL3,90.7
2019-09-03,RAIL3,22.38
2019-09-03,RENT3,46.56
2019-09-03,SANB11,41.11
2019-09-03,SBSP3,50.87
2019-09-03,SLCE3,17.21
2019-09-03,SMLS3,36.5
2019-09-03,SMTO3,17.79
2019-09-03,STBP3,6.61
2019-09-03,SULA11,46.15
2019-09-03,SUZB3,28.62
2019-09-03,TAEE11,28.0
2019-09-03,TEND3,25.69
2019-09-03,TIMP3,12.04
2019-09-03,TOTS3,52.6
2019-09-03,TRPL4,24.5
2019-09-03,UGPA3,16.99
2019-09-03,USIM5,7.74
2019-09-03,VALE3,45.52
2019-09-03,VIVT3,45.55
2019-09-03,VIVT4,54.06
2019-09-03,VVAR3,7.56
2019-09-03,WEGE3,22.19
2019-09-03,YDUQ3,32.97
2019-09-04,ABEV3,18.8
2019-09-04,ALPA4,23.75
2019-09-04,ALSO3,36.5
2019-09-04,ARZZ3,48.09
2019-09-04,AZUL4,47.11
2019-09-04,B3SA3,44.63
2019-09-04,BBAS3,45.86
2019-09-04,BBDC3,29.41
2019-09-04,BBDC4,32.46
2019-09-04,BBSE3,32.62
2019-09-04,BEEF3,7.92
2019-09-04,BIDI11,59.23
2019-09-04,BIDI4,19.69
2019-09-04,BPAC11,55.6
2019-09-04,BPAN4,9.13
2019-09-04,BRAP4,28.95
2019-09-04,BRDT3,28.13
2019-09-04,BRFS3,37.89
2019-09-04,BRKM5,28.87
2019-09-04,BRML3,13.58
2019-09-04,BTOW3,47.07
2019-09-04,CCRO3,16.75
2019-09-04,CIEL3,7.91
2019-09-04,CMIG4,14.69
2019-09-04,CPFE3,32.39
2019-09-04,CPLE3,57.2
2019-09-04,CPLE6,52.5
2019-09-04,CRFB3,22.1
2019-09-04,CSAN3,50.66
2019-09-04,CSMG3,69.97
2019-09-04,CSNA3,14.12
2019-09-04,CVCB3,52.2
2019-09-04,CYRE3,23.8
2019-09-04,DIRR3,12.58
2019-09-04,ECOR3,12.82
2019-09-04,EGIE3,44.22
2019-09-04,ELET3,45.7
2019-09-04,ELET6,46.88
2019-09-04,EMBR3,18.05
2019-09-04,ENBR3,19.82
2019-09-04,ENEV3,26.09
2019-09-04,ENGI11,48.0
2019-09-04,EQTL3,99.3
2019-09-04,EZTC3,38.0
2019-09-04,FLRY3,23.94
2019-09-04,GGBR4,12.58
2019-09-04,GNDI3,56.0
2019-09-04,GOAU4,6.09
2019-09-04,GOLL4,32.0
2019-09-04,HAPV3,50.29
2019-09-04,HGTX3,32.43
2019-09-04,HYPE3,33.29
2019-09-04,IGTA3,45.9
2019-09-04,IRBR3,103.5
2019-09-04,ITSA4,12.14
2019-09-04,ITUB4,33.09
2019-09-04,JBSS3,29.9
2019-09-04,JHSF3,3.94
2019-09-04,KLBN11,15.1
2019-09-04,KROT3,10.28
2019-09-04,LAME4,19.04
2019-09-04,LCAM3,54.4
2019-09-04,LOGG3,23.15
2019-09-04,LREN3,50.52
2019-09-04,MGLU3,37.2
2019-09-04,MRFG3,8.52
2019-09-04,MRVE3,17.72
2019-09-04,MULT3,26.3
2019-09-04,NATU3,64.86
2019-09-04,PCAR4,86.7
2019-09-04,PETR3,28.82
2019-09-04,PETR4,26.26
2019-09-04,POMO4,3.5
2019-09-04,PRIO3,16.92
2019-09-04,PSSA3,55.9
2019-09-04,QUAL3,29.0
2019-09-04,RADL3,91.5
2019-09-04,RAIL3,22.88
2019-09-04,RENT3,47.18
2019-09-04,SANB11,41.79
2019-09-04,SBSP3,51.53
2019-09-04,SLCE3,17.74
2019-09-04,SMLS3,37.08
2019-09-04,SMTO3,18.07
2019-09-04,STBP3,6.43
2019-09-04,SULA11,46.8
2019-09-04,SUZB3,28.75
2019-09-04,TAEE11,28.5
2019-09-04,TEND3,24.5
2019-09-04,TIMP3,11.99
2019-09-04,TOTS3,53.58
2019-09-04,TRPL4,24.9
2019-09-04,UGPA3,17.6
2019-09-04,USIM5,7.65
2019-09-04,VALE3,46.52
2019-09-04,VIVT3,46.19
2019-09-04,VIVT4,55.0
2019-09-04,VVAR3,7.62
2019-09-04,WEGE3,22.63
2019-09-04,YDUQ3,33.08
2019-09-05,ABEV3,18.69
2019-09-05,ALPA4,23.6
2019-09-05,ALSO3,36.65
2019-09-05,ARZZ3,48.43
2019-09-05,AZUL4,49.22
2019-09-05,B3SA3,45.3
2019-09-05,BBAS3,47.46
2019-09-05,BBDC3,30.13
2019-09-05,BBDC4,33.21
2019-09-05,BBSE3,32.82
2019-09-05,BEEF3,7.96
2019-09-05,BIDI11,59.9
2019-09-05,BIDI4,19.74
2019-09-05,BPAC11,54.5
2019-09-05,BPAN4,9.16
2019-09-05,BRAP4,29.15
2019-09-05,BRDT3,28.2
2019-09-05,BRFS3,38.06
2019-09-05,BRKM5,28.55
2019-09-05,BRML3,13.69
2019-09-05,BTOW3,46.6
2019-09-05,CCRO3,17.34
2019-09-05,CIEL3,7.75
2019-09-05,CMIG4,14.82
2019-09-05,CPFE3,32.07
2019-09-05,CPLE3,57.48
2019-09-05,CPLE6,52.22
2019-09-05,CRFB3,21.86
2019-09-05,CSAN3,51.23
2019-09-05,CSMG3,70.65
2019-09-05,CSNA3,14.25
2019-09-05,CVCB3,51.8
2019-09-05,CYRE3,23.9
2019-09-05,DIRR3,12.7
2019-09-05,ECOR3,12.78
2019-09-05,EGIE3,44.69
2019-09-05,ELET3,46.0
2019-09-05,ELET6,47.2
2019-09-05,EMBR3,18.4
2019-09-05,ENBR3,19.88
2019-09-05,ENEV3,26.11
2019-09-05,ENGI11,48.14
2019-09-05,EQTL3,97.97
2019-09-05,EZTC3,38.6
2019-09-05,FLRY3,23.77
2019-09-05,GGBR4,12.67
2019-09-05,GNDI3,55.3
2019-09-05,GOAU4,6.15
2019-09-05,GOLL4,34.01
2019-09-05,HAPV3,50.22
2019-09-05,HGTX3,32.14
2019-09-05,HYPE3,33.46
2019-09-05,IGTA3,46.35
2019-09-05,IRBR3,102.34
2019-09-05,ITSA4,12.58
2019-09-05,ITUB4,34.03
2019-09-05,JBSS3,30.24
2019-09-05,JHSF3,3.93
2019-09-05,KLBN11,14.99
2019-09-05,KROT3,10.33
2019-09-05,LAME4,18.98
2019-09-05,LCAM3,53.0
2019-09-05,LOGG3,22.93
2019-09-05,LREN3,50.25
2019-09-05,MGLU3,36.7
2019-09-05,MRFG3,8.57
2019-09-05,MRVE3,17.97
2019-09-05,MULT3,26.57
2019-09-05,NATU3,64.72
2019-09-05,PCAR4,87.1
2019-09-05,PETR3,29.0
2019-09-05,PETR4,26.39
2019-09-05,POMO4,3.53
2019-09-05,PRIO3,16.85
2019-09-05,PSSA3,55.55
2019-09-05,QUAL3,29.05
2019-09-05,RADL3,90.97
2019-09-05,RAIL3,23.24
2019-09-05,RENT3,47.25
2019-09-05,SANB11,42.97
2019-09-05,SBSP3,52.11
2019-09-05,SLCE3,17.81
2019-09-05,SMLS3,37.04
2019-09-05,SMTO3,18.39
2019-09-05,STBP3,6.75
2019-09-05,SULA11,47.0
2019-09-05,SUZB3,29.55
2019-09-05,TAEE11,28.4
2019-09-05,TEND3,24.63
2019-09-05,TIMP3,11.95
2019-09-05,TOTS3,53.89
2019-09-05,TRPL4,24.96
2019-09-05,UGPA3,17.89
2019-09-05,USIM5,7.7
2019-09-05,VALE3,46.52
2019-09-05,VIVT3,46.69
2019-09-05,VIVT4,55.64
2019-09-05,VVAR3,7.55
2019-09-05,WEGE3,22.78
2019-09-05,YDUQ3,32.44
2019-09-06,ABEV3,18.72
2019-09-06,ALPA4,23.0
2019-09-06,ALSO3,36.45
2019-09-06,ARZZ3,47.99
2019-09-06,AZUL4,49.35
2019-09-06,B3SA3,45.9
2019-09-06,BBAS3,49.39
2019-09-06,BBDC3,31.3
2019-09-06,BBDC4,34.6
2019-09-06,BBSE3,32.73
2019-09-06,BEEF3,7.87
2019-09-06,BIDI11,58.68
2019-09-06,BIDI4,19.29
2019-09-06,BPAC11,52.8
2019-09-06,BPAN4,9.09
2019-09-06,BRAP4,28.95
2019-09-06,BRDT3,28.34
2019-09-06,BRFS3,37.38
2019-09-06,BRKM5,28.6
2019-09-06,BRML3,13.58
2019-09-06,BTOW3,46.1
2019-09-06,CCRO3,16.6
2019-09-06,CIEL3,7.75
2019-09-06,CMIG4,14.71
2019-09-06,CPFE3,31.9
2019-09-06,CPLE3,56.79
2019-09-06,CPLE6,51.67
2019-09-06,CRFB3,21.55
2019-09-06,CSAN3,51.71
2019-09-06,CSMG3,69.34
2019-09-06,CSNA3,14.07
2019-09-06,CVCB3,50.83
2019-09-06,CYRE3,23.4
2019-09-06,DIRR3,12.62
2019-09-06,ECOR3,12.98
2019-09-06,EGIE3,44.0
2019-09-06,ELET3,45.0
2019-09-06,ELET6,46.24
2019-09-06,EMBR3,18.01
2019-09-06,ENBR3,19.71
2019-09-06,ENEV3,26.13
2019-09-06,ENGI11,48.32
2019-09-06,EQTL3,97.5
2019-09-06,EZTC3,37.71
2019-09-06,FLRY3,23.8
2019-09-06,GGBR4,12.43
2019-09-06,GNDI3,54.42
2019-09-06,GOAU4,6.12
2019-09-06,GOLL4,34.06
2019-09-06,HAPV3,49.2
2019-09-06,HGTX3,32.0
2019-09-06,HYPE3,33.04
2019-09-06,IGTA3,45.93
2019-09-06,IRBR3,101.22
2019-09-06,ITSA4,12.95
2019-09-06,ITUB4,35.17
2019-09-06,JBSS3,30.06
2019-09-06,JHSF3,3.92
2019-09-06,KLBN11,15.0
2019-09-06,KROT3,10.4
2019-09-06,LAME4,18.75
2019-09-06,LCAM3,53.33
2019-09-06,LOGG3,22.85
2019-09-06,LREN3,49.97
2019-09-06,MGLU3,36.0
2019-09-06,MRFG3,8.57
2019-09-06,MRVE3,17.45
2019-09-06,MULT3,26.3
2019-09-06,NATU3,65.0
2019-09-06,PCAR4,84.1
2019-09-06,PETR3,29.19
2019-09-06,PETR4,26.52
2019-09-06,POMO4,3.44
2019-09-06,PRIO3,17.02
2019-09-06,PSSA3,57.02
2019-09-06,QUAL3,28.55
2019-09-06,RADL3,90.81
2019-09-06,RAIL3,23.32
2019-09-06,RENT3,46.83
2019-09-06,SANB11,44.0
2019-09-06,SBSP3,51.6
2019-09-06,SLCE3,18.14
2019-09-06,SMLS3,37.4
2019-09-06,SMTO3,18.3
2019-09-06,STBP3,6.7
2019-09-06,SULA11,45.99
2019-09-06,SUZB3,29.67
2019-09-06,TAEE11,28.36
2019-09-06,TEND3,25.0
2019-09-06,TIMP3,11.8
2019-09-06,TOTS3,53.4
2019-09-06,TRPL4,24.7
2019-09-06,UGPA3,18.04
2019-09-06,USIM5,7.67
2019-09-06,VALE3,46.45
2019-09-06,VIVT3,46.23
2019-09-06,VIVT4,54.65
2019-09-06,VVAR3,7.38
2019-09-06,WEGE3,22.84
2019-09-06,YDUQ3,32.24
2019-09-09,ABEV3,18.87
2019-09-09,ALPA4,22.55
2019-09-09,ALSO3,35.8
2019-09-09,ARZZ3,47.93
2019-09-09,AZUL4,48.39
2019-09-09,B3SA3,43.82
2019-09-09,BBAS3,50.0
2019-09-09,BBDC3,31.72
2019-09-09,BBDC4,35.04
2019-09-09,BBSE3,32.43
2019-09-09,BEEF3,8.3
2019-09-09,BIDI11,54.5
2019-09-09,BIDI4,18.32
2019-09-09,BPAC11,50.56
2019-09-09,BPAN4,9.8
2019-09-09,BRAP4,29.79
2019-09-09,BRDT3,27.68
2019-09-09,BRFS3,36.95
2019-09-09,BRKM5,29.74
2019-09-09,BRML3,13.23
2019-09-09,BTOW3,43.5
2019-09-09,CCRO3,16.41
2019-09-09,CIEL3,7.49
2019-09-09,CMIG4,14.47
2019-09-09,CPFE3,31.03
2019-09-09,CPLE3,54.97
2019-09-09,CPLE6,49.77
2019-09-09,CRFB3,20.74
2019-09-09,CSAN3,52.48
2019-09-09,CSMG3,67.7
2019-09-09,CSNA3,14.52
2019-09-09,CVCB3,51.7
2019-09-09,CYRE3,21.9
2019-09-09,DIRR3,12.15
2019-09-09,ECOR3,12.9
2019-09-09,EGIE3,43.75
2019-09-09,ELET3,44.98
2019-09-09,ELET6,46.33
2019-09-09,EMBR3,18.31
2019-09-09,ENBR3,19.24
2019-09-09,ENEV3,25.51
2019-09-09,ENGI11,45.85
2019-09-09,EQTL3,94.55
2019-09-09,EZTC3,35.35
2019-09-09,FLRY3,23.46
2019-09-09,GGBR4,13.11
2019-09-09,GNDI3,52.49
2019-09-09,GOAU4,6.38
2019-09-09,GOLL4,32.7
2019-09-09,HAPV3,48.08
2019-09-09,HGTX3,30.94
2019-09-09,HYPE3,32.54
2019-09-09,IGTA3,44.0
2019-09-09,IRBR3,103.56
2019-09-09,ITSA4,13.11
2019-09-09,ITUB4,36.03
2019-09-09,JBSS3,29.0
2019-09-09,JHSF3,3.95
2019-09-09,KLBN11,15.2
2019-09-09,KROT3,10.35
2019-09-09,LAME4,18.45
2019-09-09,LCAM3,51.1
2019-09-09,LOGG3,22.94
2019-09-09,LREN3,49.49
2019-09-09,MGLU3,34.2
2019-09-09,MRFG3,8.9
2019-09-09,MRVE3,16.83
2019-09-09,MULT3,25.54
2019-09-09,NATU3,64.78
2019-09-09,PCAR4,83.23
2019-09-09,PETR3,29.77
2019-09-09,PETR4,26.93
2019-09-09,POMO4,3.48
2019-09-09,PRIO3,17.03
2019-09-09,PSSA3,56.09
2019-09-09,QUAL3,27.36
2019-09-09,RADL3,90.82
2019-09-09,RAIL3,23.16
2019-09-09,RENT3,45.52
2019-09-09,SANB11,44.69
2019-09-09,SBSP3,49.56
2019-09-09,SLCE3,18.04
2019-09-09,SMLS3,36.62
2019-09-09,SMTO3,18.3
2019-09-09,STBP3,6.66
2019-09-09,SULA11,44.75
2019-09-09,SUZB3,31.62
2019-09-09,TAEE11,28.1
2019-09-09,TEND3,24.24
2019-09-09,TIMP3,11.5
2019-09-09,TOTS3,50.9
2019-09-09,TRPL4,24.31
2019-09-09,UGPA3,18.32
2019-09-09,USIM5,8.29
2019-09-09,VALE3,47.89
2019-09-09,VIVT3,44.99
2019-09-09,VIVT4,52.99
2019-09-09,VVAR3,7.01
2019-09-09,WEGE3,22.58
2019-09-09,YDUQ3,31.67
2019-09-10,ABEV3,18.82
2019-09-10,ALPA4,22.58
2019-09-10,ALSO3,35.49
2019-09-10,ARZZ3,47.81
2019-09-10,AZUL4,48.15
2019-09-10,B3SA3,43.9
2019-09-10,BBAS3,49.16
2019-09-10,BBDC3,31.51
2019-09-10,BBDC4,34.42
2019-09-10,BBSE3,32.72
2019-09-10,BEEF3,8.38
2019-09-10,BIDI11,52.45
2019-09-10,BIDI4,17.5
2019-09-10,BPAC11,51.42
2019-09-10,BPAN4,9.8
2019-09-10,BRAP4,30.17
2019-09-10,BRDT3,27.59
2019-09-10,BRFS3,37.9
2019-09-10,BRKM5,29.8
2019-09-10,BRML3,13.32
2019-09-10,BTOW3,41.4
2019-09-10,CCRO3,16.85
2019-09-10,CIEL3,7.52
2019-09-10,CMIG4,14.4
2019-09-10,CPFE3,31.0
2019-09-10,CPLE3,54.78
2019-09-10,CPLE6,49.63
2019-09-10,CRFB3,21.1
2019-09-10,CSAN3,52.85
2019-09-10,CSMG3,67.3
2019-09-10,CSNA3,14.95
2019-09-10,CVCB3,50.85
2019-09-10,CYRE3,22.34
2019-09-10,DIRR3,11.91
2019-09-10,ECOR3,13.0
2019-09-10,EGIE3,43.61
2019-09-10,ELET3,44.59
2019-09-10,ELET6,46.15
2019-09-10,EMBR3,18.85
2019-09-10,ENBR3,19.3
2019-09-10,ENEV3,25.31
2019-09-10,ENGI11,46.42
2019-09-10,EQTL3,95.87
2019-09-10,EZTC3,35.59
2019-09-10,FLRY3,23.46
2019-09-10,GGBR4,13.52
2019-09-10,GNDI3,52.5
2019-09-10,GOAU4,6.54
2019-09-10,GOLL4,32.7
2019-09-10,HAPV3,49.26
2019-09-10,HGTX3,30.53
2019-09-10,HYPE3,32.58
2019-09-10,IGTA3,44.69
2019-09-10,IRBR3,103.8
2019-09-10,ITSA4,12.98
2019-09-10,ITUB4,35.33
2019-09-10,JBSS3,29.0
2019-09-10,JHSF3,3.98
2019-09-10,KLBN11,15.09
2019-09-10,KROT3,10.69
2019-09-10,LAME4,17.86
2019-09-10,LCAM3,51.74
2019-09-10,LOGG3,22.39
2019-09-10,LREN3,49.45
2019-09-10,MGLU3,32.5
2019-09-10,MRFG3,8.9
2019-09-10,MRVE3,16.97
2019-09-10,MULT3,26.07
2019-09-10,NATU3,64.1
2019-09-10,PCAR4,83.3
2019-09-10,PETR3,30.0
2019-09-10,PETR4,27.1
2019-09-10,POMO4,3.55
2019-09-10,PRIO3,16.93
2019-09-10,PSSA3,55.65
2019-09-10,QUAL3,27.88
2019-09-10,RADL3,92.5
2019-09-10,RAIL3,23.18
2019-09-10,RENT3,44.89
2019-09-10,SANB11,44.88
2019-09-10,SBSP3,50.47
2019-09-10,SLCE3,18.15
2019-09-10,SMLS3,37.09
2019-09-10,SMTO3,18.23
2019-09-10,STBP3,6.6
2019-09-10,SULA11,45.0
2019-09-10,SUZB3,31.29
2019-09-10,TAEE11,27.88
2019-09-10,TEND3,24.4
2019-09-10,TIMP3,11.74
2019-09-10,TOTS3,51.47
2019-09-10,TRPL4,24.61
2019-09-10,UGPA3,18.38
2019-09-10,USIM5,8.32
2019-09-10,VALE3,48.24
2019-09-10,VIVT3,44.65
2019-09-10,VIVT4,52.56
2019-09-10,VVAR3,6.78
2019-09-10,WEGE3,22.93
2019-09-10,YDUQ3,32.75
2019-09-11,ABEV3,18.91
2019-09-11,ALPA4,23.44
2019-09-11,ALSO3,36.24
2019-09-11,ARZZ3,49.46
2019-09-11,AZUL4,49.39
2019-09-11,B3SA3,44.53
2019-09-11,BBAS3,47.99
2019-09-11,BBDC3,31.6
2019-09-11,BBDC4,34.27
2019-09-11,BBSE3,33.49
2019-09-11,BEEF3,8.72
2019-09-11,BIDI11,55.65
2019-09-11,BIDI4,18.69
2019-09-11,BPAC11,53.56
2019-09-11,BPAN4,10.03
2019-09-11,BRAP4,30.05
2019-09-11,BRDT3,27.9
2019-09-11,BRFS3,38.45
2019-09-11,BRKM5,30.0
2019-09-11,BRML3,13.88
2019-09-11,BTOW3,42.75
2019-09-11,CCRO3,16.67
2019-09-11,CIEL3,7.7
2019-09-11,CMIG4,14.73
2019-09-11,CPFE3,31.68
2019-09-11,CPLE3,54.76
2019-09-11,CPLE6,50.41
2019-09-11,CRFB3,21.8
2019-09-11,CSAN3,53.74
2019-09-11,CSMG3,68.79
2019-09-11,CSNA3,14.49
2019-09-11,CVCB3,52.5
2019-09-11,CYRE3,22.85
2019-09-11,DIRR3,12.7
2019-09-11,ECOR3,12.97
2019-09-11,EGIE3,44.37
2019-09-11,ELET3,45.72
2019-09-11,ELET6,47.07
2019-09-11,EMBR3,18.64
2019-09-11,ENBR3,19.66
2019-09-11,ENEV3,26.49
2019-09-11,ENGI11,47.45
2019-09-11,EQTL3,99.02
2019-09-11,EZTC3,36.5
2019-09-11,FLRY3,23.81
2019-09-11,GGBR4,13.23
2019-09-11,GNDI3,54.33
2019-09-11,GOAU4,6.42
2019-09-11,GOLL4,34.33
2019-09-11,HAPV3,51.32
2019-09-11,HGTX3,31.55
2019-09-11,HYPE3,32.84
2019-09-11,IGTA3,46.2
2019-09-11,IRBR3,105.65
2019-09-11,ITSA4,12.94
2019-09-11,ITUB4,35.17
2019-09-11,JBSS3,28.6
2019-09-11,JHSF3,4.04
2019-09-11,KLBN11,15.22
2019-09-11,KROT3,10.53
2019-09-11,LAME4,18.79
2019-09-11,LCAM3,52.89
2019-09-11,LOGG3,23.3
2019-09-11,LREN3,51.03
2019-09-11,MGLU3,34.6
2019-09-11,MRFG3,8.97
2019-09-11,MRVE3,18.5
2019-09-11,MULT3,27.05
2019-09-11,NATU3,67.55
2019-09-11,PCAR4,88.35
2019-09-11,PETR3,29.47
2019-09-11,PETR4,26.87
2019-09-11,POMO4,3.46
2019-09-11,PRIO3,17.15
2019-09-11,PSSA3,57.32
2019-09-11,QUAL3,28.48
2019-09-11,RADL3,94.45
2019-09-11,RAIL3,23.58
2019-09-11,RENT3,45.65
2019-09-11,SANB11,44.23
2019-09-11,SBSP3,51.01
2019-09-11,SLCE3,18.51
2019-09-11,SMLS3,38.17
2019-09-11,SMTO3,18.69
2019-09-11,STBP3,6.68
2019-09-11,SULA11,45.93
2019-09-11,SUZB3,30.92
2019-09-11,TAEE11,28.68
2019-09-11,TEND3,26.2
2019-09-11,TIMP3,11.85
2019-09-11,TOTS3,53.28
2019-09-11,TRPL4,25.15
2019-09-11,UGPA3,17.9
2019-09-11,USIM5,8.25
2019-09-11,VALE3,47.95
2019-09-11,VIVT3,44.46
2019-09-11,VIVT4,53.4
2019-09-11,VVAR3,6.98
2019-09-11,WEGE3,23.08
2019-09-11,YDUQ3,33.0
2019-09-12,ABEV3,19.37
2019-09-12,ALPA4,22.82
2019-09-12,ALSO3,36.2
2019-09-12,ARZZ3,48.7
2019-09-12,AZUL4,52.05
2019-09-12,B3SA3,44.48
2019-09-12,BBAS3,48.0
2019-09-12,BBDC3,31.34
2019-09-12,BBDC4,33.9
2019-09-12,BBSE3,33.89
2019-09-12,BEEF3,8.71
2019-09-12,BIDI11,56.89
2019-09-12,BIDI4,18.6
2019-09-12,BPAC11,55.16
2019-09-12,BPAN4,9.8
2019-09-12,BRAP4,31.3
2019-09-12,BRDT3,27.8
2019-09-12,BRFS3,38.03
2019-09-12,BRKM5,30.06
2019-09-12,BRML3,13.59
2019-09-12,BTOW3,43.12
2019-09-12,CCRO3,17.05
2019-09-12,CIEL3,7.71
2019-09-12,CMIG4,14.69
2019-09-12,CPFE3,31.95
2019-09-12,CPLE3,54.81
2019-09-12,CPLE6,50.52
2019-09-12,CRFB3,21.53
2019-09-12,CSAN3,54.81
2019-09-12,CSMG3,69.7
2019-09-12,CSNA3,14.81
2019-09-12,CVCB3,51.96
2019-09-12,CYRE3,22.6
2019-09-12,DIRR3,12.6
2019-09-12,ECOR3,13.17
2019-09-12,EGIE3,44.67
2019-09-12,ELET3,44.82
2019-09-12,ELET6,46.44
2019-09-12,EMBR3,19.46
2019-09-12,ENBR3,19.74
2019-09-12,ENEV3,26.75
2019-09-12,ENGI11,47.89
2019-09-12,EQTL3,100.5
2019-09-12,EZTC3,37.72
2019-09-12,FLRY3,24.22
2019-09-12,GGBR4,13.61
2019-09-12,GNDI3,53.39
2019-09-12,GOAU4,6.55
2019-09-12,GOLL4,35.75
2019-09-12,HAPV3,49.92
2019-09-12,HGTX3,32.45
2019-09-12,HYPE3,32.79
2019-09-12,IGTA3,45.55
2019-09-12,IRBR3,105.0
2019-09-12,ITSA4,13.11
2019-09-12,ITUB4,35.39
2019-09-12,JBSS3,29.1
2019-09-12,JHSF3,4.0
2019-09-12,KLBN11,15.28
2019-09-12,KROT3,11.13
2019-09-12,LAME4,18.86
2019-09-12,LCAM3,52.94
2019-09-12,LOGG3,22.98
2019-09-12,LREN3,50.31
2019-09-12,MGLU3,35.0
2019-09-12,MRFG3,9.01
2019-09-12,MRVE3,18.15
2019-09-12,MULT3,26.86
2019-09-12,NATU3,68.9
2019-09-12,PCAR4,87.8
2019-09-12,PETR3,29.83
2019-09-12,PETR4,27.06
2019-09-12,POMO4,3.46
2019-09-12,PRIO3,17.12
2019-09-12,PSSA3,58.33
2019-09-12,QUAL3,28.26
2019-09-12,RADL3,93.62
2019-09-12,RAIL3,23.75
2019-09-12,RENT3,45.45
2019-09-12,SANB11,44.6
2019-09-12,SBSP3,51.5
2019-09-12,SLCE3,18.45
2019-09-12,SMLS3,38.35
2019-09-12,SMTO3,18.75
2019-09-12,STBP3,6.49
2019-09-12,SULA11,45.8
2019-09-12,SUZB3,32.55
2019-09-12,TAEE11,29.0
2019-09-12,TEND3,25.89
2019-09-12,TIMP3,12.15
2019-09-12,TOTS3,53.4
2019-09-12,TRPL4,25.75
2019-09-12,UGPA3,18.0
2019-09-12,USIM5,8.28
2019-09-12,VALE3,49.69
2019-09-12,VIVT3,44.32
2019-09-12,VIVT4,53.55
2019-09-12,VVAR3,7.1
2019-09-12,WEGE3,23.05
2019-09-12,YDUQ3,34.21
2019-09-13,ABEV3,19.1
2019-09-13,ALPA4,22.84
2019-09-13,ALSO3,35.53
2019-09-13,ARZZ3,48.1
2019-09-13,AZUL4,51.34
2019-09-13,B3SA3,43.0
2019-09-13,BBAS3,47.14
2019-09-13,BBDC3,30.98
2019-09-13,BBDC4,33.46
2019-09-13,BBSE3,33.64
2019-09-13,BEEF3,8.81
2019-09-13,BIDI11,58.0
2019-09-13,BIDI4,18.43
2019-09-13,BPAC11,55.11
2019-09-13,BPAN4,9.45
2019-09-13,BRAP4,31.27
2019-09-13,BRDT3,27.29
2019-09-13,BRFS3,38.0
2019-09-13,BRKM5,29.78
2019-09-13,BRML3,13.3
2019-09-13,BTOW3,41.75
2019-09-13,CCRO3,16.5
2019-09-13,CIEL3,7.64
2019-09-13,CMIG4,14.43
2019-09-13,CPFE3,31.74
2019-09-13,CPLE3,54.31
2019-09-13,CPLE6,49.92
2019-09-13,CRFB3,21.11
2019-09-13,CSAN3,54.55
2019-09-13,CSMG3,68.2
2019-09-13,CSNA3,14.59
2019-09-13,CVCB3,51.3
2019-09-13,CYRE3,22.03
2019-09-13,DIRR3,12.41
2019-09-13,ECOR3,12.79
2019-09-13,EGIE3,44.02
2019-09-13,ELET3,43.45
2019-09-13,ELET6,44.99
2019-09-13,EMBR3,19.47
2019-09-13,ENBR3,19.38
2019-09-13,ENEV3,26.79
2019-09-13,ENGI11,48.37
2019-09-13,EQTL3,100.13
2019-09-13,EZTC3,37.5
2019-09-13,FLRY3,24.31
2019-09-13,GGBR4,13.56
2019-09-13,GNDI3,52.75
2019-09-13,GOAU4,6.5
2019-09-13,GOLL4,34.75
2019-09-13,HAPV3,50.2
2019-09-13,HGTX3,32.42
2019-09-13,HYPE3,32.6
2019-09-13,IGTA3,44.7
2019-09-13,IRBR3,103.0
2019-09-13,ITSA4,13.16
2019-09-13,ITUB4,35.87
2019-09-13,JBSS3,29.83
2019-09-13,JHSF3,3.99
2019-09-13,KLBN11,15.31
2019-09-13,KROT3,10.72
2019-09-13,LAME4,18.44
2019-09-13,LCAM3,52.35
2019-09-13,LOGG3,22.76
2019-09-13,LREN3,48.8
2019-09-13,MGLU3,34.1
2019-09-13,MRFG3,9.59
2019-09-13,MRVE3,17.7
2019-09-13,MULT3,25.95
2019-09-13,NATU3,69.26
2019-09-13,PCAR4,86.6
2019-09-13,PETR3,29.66
2019-09-13,PETR4,26.88
2019-09-13,POMO4,3.42
2019-09-13,PRIO3,17.03
2019-09-13,PSSA3,57.15
2019-09-13,QUAL3,27.62
2019-09-13,RADL3,92.6
2019-09-13,RAIL3,23.49
2019-09-13,RENT3,43.84
2019-09-13,SANB11,45.2
2019-09-13,SBSP3,51.17
2019-09-13,SLCE3,18.13
2019-09-13,SMLS3,37.98
2019-09-13,SMTO3,18.94
2019-09-13,STBP3,6.43
2019-09-13,SULA11,46.1
2019-09-13,SUZB3,33.3
2019-09-13,TAEE11,28.66
2019-09-13,TEND3,25.52
2019-09-13,TIMP3,11.95
2019-09-13,TOTS3,53.03
2019-09-13,TRPL4,24.92
2019-09-13,UGPA3,17.51
2019-09-13,USIM5,8.13
2019-09-13,VALE3,49.79
2019-09-13,VIVT3,43.26
2019-09-13,VIVT4,51.81
2019-09-13,VVAR3,6.91
2019-09-13,WEGE3,23.72
2019-09-13,YDUQ3,33.52
2019-09-16,ABEV3,19.15
2019-09-16,ALPA4,23.33
2019-09-16,ALSO3,34.8
2019-09-16,ARZZ3,48.21
2019-09-16,AZUL4,47.0
2019-09-16,B3SA3,43.07
2019-09-16,BBAS3,46.65
2019-09-16,BBDC3,30.7
2019-09-16,BBDC4,33.02
2019-09-16,BBSE3,33.43
2019-09-16,BEEF3,8.86
2019-09-16,BIDI11,59.0
2019-09-16,BIDI4,19.25
2019-09-16,BPAC11,54.45
2019-09-16,BPAN4,9.48
2019-09-16,BRAP4,31.11
2019-09-16,BRDT3,27.53
2019-09-16,BRFS3,38.1
2019-09-16,BRKM5,29.63
2019-09-16,BRML3,13.34
2019-09-16,BTOW3,42.78
2019-09-16,CCRO3,16.66
2019-09-16,CIEL3,8.1
2019-09-16,CMIG4,14.11
2019-09-16,CPFE3,31.68
2019-09-16,CPLE3,53.84
2019-09-16,CPLE6,49.42
2019-09-16,CRFB3,21.14
2019-09-16,CSAN3,54.57
2019-09-16,CSMG3,67.35
2019-09-16,CSNA3,14.38
2019-09-16,CVCB3,50.7
2019-09-16,CYRE3,21.8
2019-09-16,DIRR3,12.33
2019-09-16,ECOR3,12.77
2019-09-16,EGIE3,44.42
2019-09-16,ELET3,43.88
2019-09-16,ELET6,45.42
2019-09-16,EMBR3,19.43
2019-09-16,ENBR3,19.3
2019-09-16,ENEV3,26.64
2019-09-16,ENGI11,48.59
2019-09-16,EQTL3,100.5
2019-09-16,EZTC3,36.86
2019-09-16,FLRY3,24.15
2019-09-16,GGBR4,13.5
2019-09-16,GNDI3,54.55
2019-09-16,GOAU4,6.44
2019-09-16,GOLL4,32.05
2019-09-16,HAPV3,50.45
2019-09-16,HGTX3,31.82
2019-09-16,HYPE3,32.6
2019-09-16,IGTA3,44.4
2019-09-16,IRBR3,107.0
2019-09-16,ITSA4,13.12
2019-09-16,ITUB4,35.23
2019-09-16,JBSS3,29.74
2019-09-16,JHSF3,3.97
2019-09-16,KLBN11,15.37
2019-09-16,KROT3,11.22
2019-09-16,LAME4,18.68
2019-09-16,LCAM3,52.12
2019-09-16,LOGG3,23.65
2019-09-16,LREN3,48.7
2019-09-16,MGLU3,34.87
2019-09-16,MRFG3,9.84
2019-09-16,MRVE3,17.41
2019-09-16,MULT3,26.33
2019-09-16,NATU3,71.5
2019-09-16,PCAR4,86.9
2019-09-16,PETR3,31.0
2019-09-16,PETR4,28.06
2019-09-16,POMO4,3.37
2019-09-16,PRIO3,17.49
2019-09-16,PSSA3,56.39
2019-09-16,QUAL3,28.19
2019-09-16,RADL3,92.63
2019-09-16,RAIL3,23.02
2019-09-16,RENT3,44.24
2019-09-16,SANB11,44.48
2019-09-16,SBSP3,50.65
2019-09-16,SLCE3,18.53
2019-09-16,SMLS3,37.63
2019-09-16,SMTO3,19.11
2019-09-16,STBP3,6.24
2019-09-16,SULA11,45.97
2019-09-16,SUZB3,34.28
2019-09-16,TAEE11,28.49
2019-09-16,TEND3,25.21
2019-09-16,TIMP3,11.96
2019-09-16,TOTS3,53.34
2019-09-16,TRPL4,24.9
2019-09-16,UGPA3,18.2
2019-09-16,USIM5,8.11
2019-09-16,VALE3,48.59
2019-09-16,VIVT3,43.8
2019-09-16,VIVT4,52.5
2019-09-16,VVAR3,6.95
2019-09-16,WEGE3,23.24
2019-09-16,YDUQ3,33.65
2019-09-17,ABEV3,19.43
2019-09-17,ALPA4,23.77
2019-09-17,ALSO3,34.87
2019-09-17,ARZZ3,49.08
2019-09-17,AZUL4,48.45
2019-09-17,B3SA3,44.12
2019-09-17,BBAS3,47.3
2019-09-17,BBDC3,31.06
2019-09-17,BBDC4,33.9
2019-09-17,BBSE3,33.72
2019-09-17,BEEF3,9.16
2019-09-17,BIDI11,58.3
2019-09-17,BIDI4,19.06
2019-09-17,BPAC11,55.45
2019-09-17,BPAN4,9.59
2019-09-17,BRAP4,31.2
2019-09-17,BRDT3,27.16
2019-09-17,BRFS3,38.16
2019-09-17,BRKM5,30.48
2019-09-17,BRML3,13.73
2019-09-17,BTOW3,43.41
2019-09-17,CCRO3,17.06
2019-09-17,CIEL3,8.22
2019-09-17,CMIG4,14.42
2019-09-17,CPFE3,32.9
2019-09-17,CPLE3,55.0
2019-09-17,CPLE6,50.31
2019-09-17,CRFB3,21.85
2019-09-17,CSAN3,53.88
2019-09-17,CSMG3,67.79
2019-09-17,CSNA3,14.66
2019-09-17,CVCB3,51.1
2019-09-17,CYRE3,22.83
2019-09-17,DIRR3,12.49
2019-09-17,ECOR3,12.82
2019-09-17,EGIE3,43.9
2019-09-17,ELET3,44.47
2019-09-17,ELET6,45.91
2019-09-17,EMBR3,19.3
2019-09-17,ENBR3,19.49
2019-09-17,ENEV3,26.95
2019-09-17,ENGI11,48.68
2019-09-17,EQTL3,100.57
2019-09-17,EZTC3,38.0
2019-09-17,FLRY3,24.61
2019-09-17,GGBR4,13.58
2019-09-17,GNDI3,55.75
2019-09-17,GOAU4,6.51
2019-09-17,GOLL4,33.83
2019-09-17,HAPV3,51.5
2019-09-17,HGTX3,33.0
2019-09-17,HYPE3,32.76
2019-09-17,IGTA3,45.7
2019-09-17,IRBR3,112.73
2019-09-17,ITSA4,13.18
2019-09-17,ITUB4,35.36
2019-09-17,JBSS3,29.55
2019-09-17,JHSF3,4.18
2019-09-17,KLBN11,15.27
2019-09-17,KROT3,11.3
2019-09-17,LAME4,19.15
2019-09-17,LCAM3,52.7
2019-09-17,LOGG3,24.16
2019-09-17,LREN3,49.43
2019-09-17,MGLU3,34.85
2019-09-17,MRFG3,9.92
2019-09-17,MRVE3,18.65
2019-09-17,MULT3,26.96
2019-09-17,NATU3,72.35
2019-09-17,PCAR4,85.75
2019-09-17,PETR3,30.52
2019-09-17,PETR4,27.69
2019-09-17,POMO4,3.44
2019-09-17,PRIO3,17.09
2019-09-17,PSSA3,57.23
2019-09-17,QUAL3,27.97
2019-09-17,RADL3,94.07
2019-09-17,RAIL3,23.12
2019-09-17,RENT3,44.5
2019-09-17,SANB11,45.08
2019-09-17,SBSP3,50.23
2019-09-17,SLCE3,19.0
2019-09-17,SMLS3,37.98
2019-09-17,SMTO3,18.75
2019-09-17,STBP3,6.45
2019-09-17,SULA11,46.4
2019-09-17,SUZB3,34.1
2019-09-17,TAEE11,28.84
2019-09-17,TEND3,26.18
2019-09-17,TIMP3,12.05
2019-09-17,TOTS3,53.99
2019-09-17,TRPL4,25.25
2019-09-17,UGPA3,19.02
2019-09-17,USIM5,8.32
2019-09-17,VALE3,48.9
2019-09-17,VIVT3,43.92
2019-09-17,VIVT4,53.67
2019-09-17,VVAR3,6.97
2019-09-17,WEGE3,23.8
2019-09-17,YDUQ3,33.86
2019-09-18,ABEV3,19.26
2019-09-18,ALPA4,24.29
2019-09-18,ALSO3,35.95
2019-09-18,ARZZ3,49.3
2019-09-18,AZUL4,49.2
2019-09-18,B3SA3,44.92
2019-09-18,BBAS3,48.02
2019-09-18,BBDC3,31.29
2019-09-18,BBDC4,34.0
2019-09-18,BBSE3,33.95
2019-09-18,BEEF3,9.23
2019-09-18,BIDI11,59.85
2019-09-18,BIDI4,19.45
2019-09-18,BPAC11,56.83
2019-09-18,BPAN4,9.11
2019-09-18,BRAP4,31.23
2019-09-18,BRDT3,26.85
2019-09-18,BRFS3,38.39
2019-09-18,BRKM5,31.54
2019-09-18,BRML3,13.88
2019-09-18,BTOW3,44.9
2019-09-18,CCRO3,17.21
2019-09-18,CIEL3,8.96
2019-09-18,CMIG4,14.3
2019-09-18,CPFE3,32.81
2019-09-18,CPLE3,55.07
2019-09-18,CPLE6,50.31
2019-09-18,CRFB3,21.78
2019-09-18,CSAN3,53.53
2019-09-18,CSMG3,67.63
2019-09-18,CSNA3,14.33
2019-09-18,CVCB3,52.85
2019-09-18,CYRE3,22.82
2019-09-18,DIRR3,12.66
2019-09-18,ECOR3,12.95
2019-09-18,EGIE3,43.97
2019-09-18,ELET3,43.6
2019-09-18,ELET6,45.35
2019-09-18,EMBR3,19.5
2019-09-18,ENBR3,19.42
2019-09-18,ENEV3,27.09
2019-09-18,ENGI11,49.0
2019-09-18,EQTL3,101.88
2019-09-18,EZTC3,38.16
2019-09-18,FLRY3,24.72
2019-09-18,GGBR4,13.43
2019-09-18,GNDI3,54.56
2019-09-18,GOAU4,6.47
2019-09-18,GOLL4,33.64
2019-09-18,HAPV3,51.3
2019-09-18,HGTX3,33.0
2019-09-18,HYPE3,32.8
2019-09-18,IGTA3,46.49
2019-09-18,IRBR3,111.5
2019-09-18,ITSA4,13.2
2019-09-18,ITUB4,35.25
2019-09-18,JBSS3,29.46
2019-09-18,JHSF3,4.18
2019-09-18,KLBN11,15.53
2019-09-18,KROT3,11.28
2019-09-18,LAME4,19.15
2019-09-18,LCAM3,52.8
2019-09-18,LOGG3,24.89
2019-09-18,LREN3,49.7
2019-09-18,MGLU3,35.06
2019-09-18,MRFG3,9.86
2019-09-18,MRVE3,18.22
2019-09-18,MULT3,27.21
2019-09-18,NATU3,36.15
2019-09-18,PCAR4,85.26
2019-09-18,PETR3,30.02
2019-09-18,PETR4,27.22
2019-09-18,POMO4,3.44
2019-09-18,PRIO3,17.6
2019-09-18,PSSA3,57.81
2019-09-18,QUAL3,28.44
2019-09-18,RADL3,92.16
2019-09-18,RAIL3,23.56
2019-09-18,RENT3,45.13
2019-09-18,SANB11,44.7
2019-09-18,SBSP3,50.33
2019-09-18,SLCE3,18.49
2019-09-18,SMLS3,38.77
2019-09-18,SMTO3,19.35
2019-09-18,STBP3,6.43
2019-09-18,SULA11,46.15
2019-09-18,SUZB3,33.79
2019-09-18,TAEE11,29.0
2019-09-18,TEND3,25.81
2019-09-18,TIMP3,11.9
2019-09-18,TOTS3,54.2
2019-09-18,TRPL4,25.35
2019-09-18,UGPA3,18.78
2019-09-18,USIM5,8.42
2019-09-18,VALE3,48.4
2019-09-18,VIVT3,43.96
2019-09-18,VIVT4,53.44
2019-09-18,VVAR3,7.03
2019-09-18,WEGE3,24.0
2019-09-18,YDUQ3,34.17
2019-09-19,ABEV3,19.35
2019-09-19,ALPA4,24.31
2019-09-19,ALSO3,37.9
2019-09-19,ARZZ3,49.75
2019-09-19,AZUL4,49.28
2019-09-19,B3SA3,44.58
2019-09-19,BBAS3,46.77
2019-09-19,BBDC3,30.87
2019-09-19,BBDC4,33.59
2019-09-19,BBSE3,34.37
2019-09-19,BEEF3,9.21
2019-09-19,BIDI11,59.27
2019-09-19,BIDI4,19.42
2019-09-19,BPAC11,57.96
2019-09-19,BPAN4,9.0
2019-09-19,BRAP4,31.38
2019-09-19,BRDT3,26.9
2019-09-19,BRFS3,37.72
2019-09-19,BRKM5,30.76
2019-09-19,BRML3,14.33
2019-09-19,BTOW3,47.48
2019-09-19,CCRO3,17.31
2019-09-19,CIEL3,8.5
2019-09-19,CMIG4,14.35
2019-09-19,CPFE3,33.18
2019-09-19,CPLE3,56.52
2019-09-19,CPLE6,52.24
2019-09-19,CRFB3,22.04
2019-09-19,CSAN3,54.0
2019-09-19,CSMG3,68.1
2019-09-19,CSNA3,14.2
2019-09-19,CVCB3,53.95
2019-09-19,CYRE3,23.35
2019-09-19,DIRR3,12.9
2019-09-19,ECOR3,13.4
2019-09-19,EGIE3,45.17
2019-09-19,ELET3,42.55
2019-09-19,ELET6,44.72
2019-09-19,EMBR3,19.49
2019-09-19,ENBR3,19.62
2019-09-19,ENEV3,28.0
2019-09-19,ENGI11,50.6
2019-09-19,EQTL3,102.21
2019-09-19,EZTC3,39.1
2019-09-19,FLRY3,24.54
2019-09-19,GGBR4,13.4
2019-09-19,GNDI3,53.63
2019-09-19,GOAU4,6.45
2019-09-19,GOLL4,34.11
2019-09-19,HAPV3,51.49
2019-09-19,HGTX3,33.68
2019-09-19,HYPE3,33.2
2019-09-19,IGTA3,47.5
2019-09-19,IRBR3,112.14
2019-09-19,ITSA4,13.08
2019-09-19,ITUB4,34.66
2019-09-19,JBSS3,29.64
2019-09-19,JHSF3,4.13
2019-09-19,KLBN11,15.55
2019-09-19,KROT3,11.29
2019-09-19,LAME4,19.67
2019-09-19,LCAM3,53.76
2019-09-19,LOGG3,24.9
2019-09-19,LREN3,50.66
2019-09-19,MGLU3,35.81
2019-09-19,MRFG3,10.53
2019-09-19,MRVE3,18.3
2019-09-19,MULT3,28.17
2019-09-19,NATU3,36.55
2019-09-19,PCAR4,83.78
2019-09-19,PETR3,30.24
2019-09-19,PETR4,27.29
2019-09-19,POMO4,3.38
2019-09-19,PRIO3,18.12
2019-09-19,PSSA3,58.29
2019-09-19,QUAL3,28.3
2019-09-19,RADL3,93.06
2019-09-19,RAIL3,23.51
2019-09-19,RENT3,45.87
2019-09-19,SANB11,44.29
2019-09-19,SBSP3,50.78
2019-09-19,SLCE3,18.3
2019-09-19,SMLS3,39.14
2019-09-19,SMTO3,19.56
2019-09-19,STBP3,6.45
2019-09-19,SULA11,45.91
2019-09-19,SUZB3,32.99
2019-09-19,TAEE11,29.35
2019-09-19,TEND3,26.09
2019-09-19,TIMP3,11.92
2019-09-19,TOTS3,55.61
2019-09-19,TRPL4,25.27
2019-09-19,UGPA3,18.26
2019-09-19,USIM5,8.25
2019-09-19,VALE3,48.32
2019-09-19,VIVT3,44.41
2019-09-19,VIVT4,54.24
2019-09-19,VVAR3,7.4
2019-09-19,WEGE3,23.69
2019-09-19,YDUQ3,35.08
2019-09-20,ABEV3,19.39
2019-09-20,ALPA4,24.49
2019-09-20,ALSO3,38.5
2019-09-20,ARZZ3,50.26
2019-09-20,AZUL4,48.73
2019-09-20,B3SA3,45.32
2019-09-20,BBAS3,47.51
2019-09-20,BBDC3,31.9
2019-09-20,BBDC4,34.18
2019-09-20,BBSE3,34.65
2019-09-20,BEEF3,9.55
2019-09-20,BIDI11,57.25
2019-09-20,BIDI4,19.7
2019-09-20,BPAC11,57.45
2019-09-20,BPAN4,8.41
2019-09-20,BRAP4,31.75
2019-09-20,BRDT3,27.4
2019-09-20,BRFS3,38.47
2019-09-20,BRKM5,32.39
2019-09-20,BRML3,14.49
2019-09-20,BTOW3,47.52
2019-09-20,CCRO3,17.17
2019-09-20,CIEL3,8.39
2019-09-20,CMIG4,14.29
2019-09-20,CPFE3,32.51
2019-09-20,CPLE3,53.31
2019-09-20,CPLE6,52.0
2019-09-20,CRFB3,22.2
2019-09-20,CSAN3,54.18
2019-09-20,CSMG3,67.26
2019-09-20,CSNA3,14.29
2019-09-20,CVCB3,53.22
2019-09-20,CYRE3,23.51
2019-09-20,DIRR3,12.84
2019-09-20,ECOR3,13.64
2019-09-20,EGIE3,44.89
2019-09-20,ELET3,40.09
2019-09-20,ELET6,42.31
2019-09-20,EMBR3,19.52
2019-09-20,ENBR3,19.25
2019-09-20,ENEV3,28.39
2019-09-20,ENGI11,51.09
2019-09-20,EQTL3,102.13
2019-09-20,EZTC3,38.2
2019-09-20,FLRY3,25.14
2019-09-20,GGBR4,13.25
2019-09-20,GNDI3,54.01
2019-09-20,GOAU4,6.39
2019-09-20,GOLL4,33.21
2019-09-20,HAPV3,51.72
2019-09-20,HGTX3,33.63
2019-09-20,HYPE3,33.96
2019-09-20,IGTA3,48.4
2019-09-20,IRBR3,111.21
2019-09-20,ITSA4,13.24
2019-09-20,ITUB4,34.75
2019-09-20,JBSS3,30.9
2019-09-20,JHSF3,4.04
2019-09-20,KLBN11,15.43
2019-09-20,KROT3,11.26
2019-09-20,LAME4,19.7
2019-09-20,LCAM3,52.65
2019-09-20,LOGG3,25.12
2019-09-20,LREN3,50.1
2019-09-20,MGLU3,36.56
2019-09-20,MRFG3,11.0
2019-09-20,MRVE3,18.3
2019-09-20,MULT3,28.7
2019-09-20,NATU3,35.87
2019-09-20,PCAR4,83.0
2019-09-20,PETR3,30.32
2019-09-20,PETR4,27.0
2019-09-20,POMO4,3.4
2019-09-20,PRIO3,18.23
2019-09-20,PSSA3,57.7
2019-09-20,QUAL3,28.9
2019-09-20,RADL3,93.61
2019-09-20,RAIL3,24.02
2019-09-20,RENT3,45.97
2019-09-20,SANB11,44.08
2019-09-20,SBSP3,49.01
2019-09-20,SLCE3,18.28
2019-09-20,SMLS3,38.95
2019-09-20,SMTO3,19.35
2019-09-20,STBP3,6.5
2019-09-20,SULA11,45.89
2019-09-20,SUZB3,31.9
2019-09-20,TAEE11,28.8
2019-09-20,TEND3,26.1
2019-09-20,TIMP3,11.99
2019-09-20,TOTS3,56.55
2019-09-20,TRPL4,24.93
2019-09-20,UGPA3,18.34
2019-09-20,USIM5,8.13
2019-09-20,VALE3,48.42
2019-09-20,VIVT3,44.74
2019-09-20,VIVT4,54.52
2019-09-20,VVAR3,7.4
2019-09-20,WEGE3,24.4
2019-09-20,YDUQ3,34.87
2019-09-23,ABEV3,19.41
2019-09-23,ALPA4,23.95
2019-09-23,ALSO3,38.58
2019-09-23,ARZZ3,49.01
2019-09-23,AZUL4,48.13
2019-09-23,B3SA3,44.86
2019-09-23,BBAS3,47.28
2019-09-23,BBDC3,31.64
2019-09-23,BBDC4,34.25
2019-09-23,BBSE3,34.53
2019-09-23,BEEF3,9.58
2019-09-23,BIDI11,58.0
2019-09-23,BIDI4,19.46
2019-09-23,BPAC11,57.0
2019-09-23,BPAN4,8.55
2019-09-23,BRAP4,31.25
2019-09-23,BRDT3,27.3
2019-09-23,BRFS3,38.75
2019-09-23,BRKM5,32.83
2019-09-23,BRML3,14.45
2019-09-23,BTOW3,47.29
2019-09-23,CCRO3,17.1
2019-09-23,CIEL3,8.61
2019-09-23,CMIG4,14.2
2019-09-23,CPFE3,32.18
2019-09-23,CPLE3,52.75
2019-09-23,CPLE6,51.03
2019-09-23,CRFB3,21.39
2019-09-23,CSAN3,52.81
2019-09-23,CSMG3,66.3
2019-09-23,CSNA3,14.47
2019-09-23,CVCB3,51.25
2019-09-23,CYRE3,23.52
2019-09-23,DIRR3,12.76
2019-09-23,ECOR3,13.7
2019-09-23,EGIE3,44.66
2019-09-23,ELET3,40.69
2019-09-23,ELET6,42.65
2019-09-23,EMBR3,19.12
2019-09-23,ENBR3,19.33
2019-09-23,ENEV3,28.27
2019-09-23,ENGI11,50.47
2019-09-23,EQTL3,101.41
2019-09-23,EZTC3,37.44
2019-09-23,FLRY3,25.51
2019-09-23,GGBR4,13.21
2019-09-23,GNDI3,54.13
2019-09-23,GOAU4,6.4
2019-09-23,GOLL4,32.58
2019-09-23,HAPV3,53.14
2019-09-23,HGTX3,33.78
2019-09-23,HYPE3,33.48
2019-09-23,IGTA3,47.82
2019-09-23,IRBR3,111.88
2019-09-23,ITSA4,13.1
2019-09-23,ITUB4,34.64
2019-09-23,JBSS3,30.7
2019-09-23,JHSF3,4.01
2019-09-23,KLBN11,15.37
2019-09-23,KROT3,11.43
2019-09-23,LAME4,19.55
2019-09-23,LCAM3,51.94
2019-09-23,LOGG3,24.95
2019-09-23,LREN3,49.45
2019-09-23,MGLU3,35.99
2019-09-23,MRFG3,11.04
2019-09-23,MRVE3,18.1
2019-09-23,MULT3,28.7
2019-09-23,NATU3,36.06
2019-09-23,PCAR4,82.45
2019-09-23,PETR3,30.45
2019-09-23,PETR4,27.48
2019-09-23,POMO4,3.38
2019-09-23,PRIO3,18.25
2019-09-23,PSSA3,58.5
2019-09-23,QUAL3,28.88
2019-09-23,RADL3,93.8
2019-09-23,RAIL3,23.92
2019-09-23,RENT3,44.44
2019-09-23,SANB11,43.91
2019-09-23,SBSP3,49.08
2019-09-23,SLCE3,18.47
2019-09-23,SMLS3,38.86
2019-09-23,SMTO3,19.19
2019-09-23,STBP3,6.4
2019-09-23,SULA11,45.0
2019-09-23,SUZB3,32.99
2019-09-23,TAEE11,28.81
2019-09-23,TEND3,26.13
2019-09-23,TIMP3,11.87
2019-09-23,TOTS3,57.0
2019-09-23,TRPL4,24.88
2019-09-23,UGPA3,18.25
2019-09-23,USIM5,8.13
2019-09-23,VALE3,48.1
2019-09-23,VIVT3,44.41
2019-09-23,VIVT4,54.0
2019-09-23,VVAR3,7.56
2019-09-23,WEGE3,24.2
2019-09-23,YDUQ3,35.2
2019-09-24,ABEV3,19.35
2019-09-24,ALPA4,24.72
2019-09-24,ALSO3,38.89
2019-09-24,ARZZ3,49.0
2019-09-24,AZUL4,47.28
2019-09-24,B3SA3,44.3
2019-09-24,BBAS3,45.84
2019-09-24,BBDC3,31.29
2019-09-24,BBDC4,33.81
2019-09-24,BBSE3,34.48
2019-09-24,BEEF3,9.9
2019-09-24,BIDI11,56.8
2019-09-24,BIDI4,19.11
2019-09-24,BPAC11,56.9
2019-09-24,BPAN4,8.35
2019-09-24,BRAP4,30.61
2019-09-24,BRDT3,27.1
2019-09-24,BRFS3,39.84
2019-09-24,BRKM5,32.16
2019-09-24,BRML3,14.58
2019-09-24,BTOW3,49.35
2019-09-24,CCRO3,16.59
2019-09-24,CIEL3,8.58
2019-09-24,CMIG4,14.05
2019-09-24,CPFE3,32.15
2019-09-24,CPLE3,52.0
2019-09-24,CPLE6,50.6
2019-09-24,CRFB3,21.27
2019-09-24,CSAN3,53.44
2019-09-24,CSMG3,65.62
2019-09-24,CSNA3,13.6
2019-09-24,CVCB3,51.07
2019-09-24,CYRE3,23.3
2019-09-24,DIRR3,12.52
2019-09-24,ECOR3,13.4
2019-09-24,EGIE3,44.71
2019-09-24,ELET3,39.54
2019-09-24,ELET6,41.8
2019-09-24,EMBR3,18.46
2019-09-24,ENBR3,19.06
2019-09-24,ENEV3,29.15
2019-09-24,ENGI11,50.31
2019-09-24,EQTL3,101.12
2019-09-24,EZTC3,37.53
2019-09-24,FLRY3,25.53
2019-09-24,GGBR4,12.95
2019-09-24,GNDI3,52.85
2019-09-24,GOAU4,6.26
2019-09-24,GOLL4,32.4
2019-09-24,HAPV3,52.2
2019-09-24,HGTX3,33.02
2019-09-24,HYPE3,33.19
2019-09-24,IGTA3,47.33
2019-09-24,IRBR3,110.4
2019-09-24,ITSA4,13.06
2019-09-24,ITUB4,34.28
2019-09-24,JBSS3,32.88
2019-09-24,JHSF3,3.98
2019-09-24,KLBN11,15.2
2019-09-24,KROT3,11.65
2019-09-24,LAME4,19.82
2019-09-24,LCAM3,51.5
2019-09-24,LOGG3,25.38
2019-09-24,LREN3,49.5
2019-09-24,MGLU3,36.77
2019-09-24,MRFG3,11.34
2019-09-24,MRVE3,17.76
2019-09-24,MULT3,28.57
2019-09-24,NATU3,36.42
2019-09-24,PCAR4,83.7
2019-09-24,PETR3,30.06
2019-09-24,PETR4,27.27
2019-09-24,POMO4,3.29
2019-09-24,PRIO3,18.11
2019-09-24,PSSA3,59.5
2019-09-24,QUAL3,28.9
2019-09-24,RADL3,96.4
2019-09-24,RAIL3,23.59
2019-09-24,RENT3,43.6
2019-09-24,SANB11,44.0
2019-09-24,SBSP3,48.88
2019-09-24,SLCE3,18.69
2019-09-24,SMLS3,38.29
2019-09-24,SMTO3,19.56
2019-09-24,STBP3,6.31
2019-09-24,SULA11,44.43
2019-09-24,SUZB3,32.41
2019-09-24,TAEE11,28.65
2019-09-24,TEND3,25.75
2019-09-24,TIMP3,11.74
2019-09-24,TOTS3,57.45
2019-09-24,TRPL4,24.74
2019-09-24,UGPA3,17.9
2019-09-24,USIM5,7.9
2019-09-24,VALE3,46.93
2019-09-24,VIVT3,43.85
2019-09-24,VIVT4,53.98
2019-09-24,VVAR3,7.47
2019-09-24,WEGE3,23.88
2019-09-24,YDUQ3,35.35
2019-09-25,ABEV3,19.6
2019-09-25,ALPA4,24.75
2019-09-25,ALSO3,38.89
2019-09-25,ARZZ3,48.92
2019-09-25,AZUL4,48.5
2019-09-25,B3SA3,44.01
2019-09-25,BBAS3,45.54
2019-09-25,BBDC3,31.59
2019-09-25,BBDC4,34.03
2019-09-25,BBSE3,34.78
2019-09-25,BEEF3,9.96
2019-09-25,BIDI11,56.99
2019-09-25,BIDI4,19.2
2019-09-25,BPAC11,57.31
2019-09-25,BPAN4,8.13
2019-09-25,BRAP4,31.18
2019-09-25,BRDT3,27.02
2019-09-25,BRFS3,40.5
2019-09-25,BRKM5,32.35
2019-09-25,BRML3,14.47
2019-09-25,BTOW3,47.5
2019-09-25,CCRO3,16.96
2019-09-25,CIEL3,8.37
2019-09-25,CMIG4,13.9
2019-09-25,CPFE3,32.03
2019-09-25,CPLE3,51.4
2019-09-25,CPLE6,49.93
2019-09-25,CRFB3,21.2
2019-09-25,CSAN3,54.26
2019-09-25,CSMG3,64.47
2019-09-25,CSNA3,13.84
2019-09-25,CVCB3,50.9
2019-09-25,CYRE3,22.92
2019-09-25,DIRR3,12.33
2019-09-25,ECOR3,13.63
2019-09-25,EGIE3,44.01
2019-09-25,ELET3,39.74
2019-09-25,ELET6,41.68
2019-09-25,EMBR3,18.62
2019-09-25,ENBR3,19.12
2019-09-25,ENEV3,29.6
2019-09-25,ENGI11,49.57
2019-09-25,EQTL3,99.5
2019-09-25,EZTC3,35.27
2019-09-25,FLRY3,25.3
2019-09-25,GGBR4,13.11
2019-09-25,GNDI3,53.2
2019-09-25,GOAU4,6.29
2019-09-25,GOLL4,33.5
2019-09-25,HAPV3,52.2
2019-09-25,HGTX3,32.55
2019-09-25,HYPE3,33.34
2019-09-25,IGTA3,47.0
2019-09-25,IRBR3,110.27
2019-09-25,ITSA4,13.14
2019-09-25,ITUB4,34.68
2019-09-25,JBSS3,33.2
2019-09-25,JHSF3,4.12
2019-09-25,KLBN11,15.29
2019-09-25,KROT3,11.3
2019-09-25,LAME4,20.04
2019-09-25,LCAM3,50.24
2019-09-25,LOGG3,24.84
2019-09-25,LREN3,49.47
2019-09-25,MGLU3,36.72
2019-09-25,MRFG3,11.25
2019-09-25,MRVE3,17.42
2019-09-25,MULT3,28.43
2019-09-25,NATU3,35.6
2019-09-25,PCAR4,82.5
2019-09-25,PETR3,30.1
2019-09-25,PETR4,27.34
2019-09-25,POMO4,3.24
2019-09-25,PRIO3,18.1
2019-09-25,PSSA3,58.4
2019-09-25,QUAL3,30.12
2019-09-25,RADL3,95.92
2019-09-25,RAIL3,23.66
2019-09-25,RENT3,44.64
2019-09-25,SANB11,44.5
2019-09-25,SBSP3,48.19
2019-09-25,SLCE3,18.46
2019-09-25,SMLS3,38.39
2019-09-25,SMTO3,19.75
2019-09-25,STBP3,6.14
2019-09-25,SULA11,45.61
2019-09-25,SUZB3,33.4
2019-09-25,TAEE11,28.52
2019-09-25,TEND3,25.6
2019-09-25,TIMP3,11.87
2019-09-25,TOTS3,56.62
2019-09-25,TRPL4,24.32
2019-09-25,UGPA3,17.99
2019-09-25,USIM5,8.05
2019-09-25,VALE3,47.86
2019-09-25,VIVT3,43.51
2019-09-25,VIVT4,54.26
2019-09-25,VVAR3,7.64
2019-09-25,WEGE3,24.24
2019-09-25,YDUQ3,35.05
2019-09-26,ABEV3,19.53
2019-09-26,ALPA4,25.62
2019-09-26,ALSO3,39.0
2019-09-26,ARZZ3,49.49
2019-09-26,AZUL4,49.87
2019-09-26,B3SA3,44.77
2019-09-26,BBAS3,45.71
2019-09-26,BBDC3,31.86
2019-09-26,BBDC4,34.52
2019-09-26,BBSE3,35.5
2019-09-26,BEEF3,9.95
2019-09-26,BIDI11,57.99
2019-09-26,BIDI4,19.2
2019-09-26,BPAC11,58.62
2019-09-26,BPAN4,8.49
2019-09-26,BRAP4,31.19
2019-09-26,BRDT3,27.58
2019-09-26,BRFS3,39.92
2019-09-26,BRKM5,32.43
2019-09-26,BRML3,14.52
2019-09-26,BTOW3,47.78
2019-09-26,CCRO3,16.7
2019-09-26,CIEL3,8.3
2019-09-26,CMIG4,14.1
2019-09-26,CPFE3,32.48
2019-09-26,CPLE3,51.45
2019-09-26,CPLE6,50.07
2019-09-26,CRFB3,21.43
2019-09-26,CSAN3,54.98
2019-09-26,CSMG3,64.05
2019-09-26,CSNA3,13.64
2019-09-26,CVCB3,52.22
2019-09-26,CYRE3,23.52
2019-09-26,DIRR3,12.4
2019-09-26,ECOR3,13.7
2019-09-26,EGIE3,43.9
2019-09-26,ELET3,39.9
2019-09-26,ELET6,42.0
2019-09-26,EMBR3,18.22
2019-09-26,ENBR3,19.3
2019-09-26,ENEV3,30.12
2019-09-26,ENGI11,50.0
2019-09-26,EQTL3,99.59
2019-09-26,EZTC3,35.73
2019-09-26,FLRY3,25.5
2019-09-26,GGBR4,13.13
2019-09-26,GNDI3,53.2
2019-09-26,GOAU4,6.27
2019-09-26,GOLL4,34.23
2019-09-26,HAPV3,52.95
2019-09-26,HGTX3,32.95
2019-09-26,HYPE3,33.6
2019-09-26,IGTA3,47.59
2019-09-26,IRBR3,37.02
2019-09-26,ITSA4,13.42
2019-09-26,ITUB4,35.68
2019-09-26,JBSS3,32.8
2019-09-26,JHSF3,4.18
2019-09-26,KLBN11,15.22
2019-09-26,KROT3,11.4
2019-09-26,LAME4,20.02
2019-09-26,LCAM3,50.12
2019-09-26,LOGG3,24.9
2019-09-26,LREN3,50.07
2019-09-26,MGLU3,36.57
2019-09-26,MRFG3,10.94
2019-09-26,MRVE3,17.61
2019-09-26,MULT3,28.7
2019-09-26,NATU3,35.35
2019-09-26,PCAR4,81.51
2019-09-26,PETR3,30.35
2019-09-26,PETR4,27.7
2019-09-26,POMO4,3.24
2019-09-26,PRIO3,17.51
2019-09-26,PSSA3,58.74
2019-09-26,QUAL3,29.52
2019-09-26,RADL3,96.08
2019-09-26,RAIL3,23.6
2019-09-26,RENT3,44.37
2019-09-26,SANB11,45.0
2019-09-26,SBSP3,48.91
2019-09-26,SLCE3,18.16
2019-09-26,SMLS3,39.49
2019-09-26,SMTO3,19.54
2019-09-26,STBP3,6.22
2019-09-26,SULA11,46.11
2019-09-26,SUZB3,33.34
2019-09-26,TAEE11,28.21
2019-09-26,TEND3,25.8
2019-09-26,TIMP3,12.08
2019-09-26,TOTS3,57.4
2019-09-26,TRPL4,24.34
2019-09-26,UGPA3,18.3
2019-09-26,USIM5,8.04
2019-09-26,VALE3,47.86
2019-09-26,VIVT3,44.42
2019-09-26,VIVT4,54.45
2019-09-26,VVAR3,7.86
2019-09-26,WEGE3,24.24
2019-09-26,YDUQ3,35.5
2019-09-27,ABEV3,19.45
2019-09-27,ALPA4,25.8
2019-09-27,ALSO3,39.48
2019-09-27,ARZZ3,49.38
2019-09-27,AZUL4,49.62
2019-09-27,B3SA3,44.38
2019-09-27,BBAS3,45.34
2019-09-27,BBDC3,31.83
2019-09-27,BBDC4,34.5
2019-09-27,BBSE3,35.66
2019-09-27,BEEF3,9.94
2019-09-27,BIDI11,56.8
2019-09-27,BIDI4,19.03
2019-09-27,BPAC11,58.25
2019-09-27,BPAN4,8.59
2019-09-27,BRAP4,31.29
2019-09-27,BRDT3,27.41
2019-09-27,BRFS3,38.7
2019-09-27,BRKM5,32.69
2019-09-27,BRML3,14.36
2019-09-27,BTOW3,48.83
2019-09-27,CCRO3,16.9
2019-09-27,CIEL3,7.93
2019-09-27,CMIG4,14.1
2019-09-27,CPFE3,32.65
2019-09-27,CPLE3,50.15
2019-09-27,CPLE6,49.0
2019-09-27,CRFB3,21.25
2019-09-27,CSAN3,53.53
2019-09-27,CSMG3,65.41
2019-09-27,CSNA3,13.38
2019-09-27,CVCB3,54.74
2019-09-27,CYRE3,23.56
2019-09-27,DIRR3,12.4
2019-09-27,ECOR3,14.15
2019-09-27,EGIE3,43.95
2019-09-27,ELET3,40.19
2019-09-27,ELET6,42.15
2019-09-27,EMBR3,18.13
2019-09-27,ENBR3,19.11
2019-09-27,ENEV3,30.36
2019-09-27,ENGI11,49.39
2019-09-27,EQTL3,99.71
2019-09-27,EZTC3,36.1
2019-09-27,FLRY3,25.7
2019-09-27,GGBR4,13.03
2019-09-27,GNDI3,53.6
2019-09-27,GOAU4,6.24
2019-09-27,GOLL4,32.0
2019-09-27,HAPV3,53.2
2019-09-27,HGTX3,33.97
2019-09-27,HYPE3,33.6
2019-09-27,IGTA3,46.93
2019-09-27,IRBR3,37.48
2019-09-27,ITSA4,13.39
2019-09-27,ITUB4,35.53
2019-09-27,JBSS3,32.45
2019-09-27,JHSF3,4.14
2019-09-27,KLBN11,15.14
2019-09-27,KROT3,11.3
2019-09-27,LAME4,19.89
2019-09-27,LCAM3,50.0
2019-09-27,LOGG3,24.25
2019-09-27,LREN3,50.18
2019-09-27,MGLU3,36.8
2019-09-27,MRFG3,10.99
2019-09-27,MRVE3,17.62
2019-09-27,MULT3,28.58
2019-09-27,NATU3,34.85
2019-09-27,PCAR4,80.5
2019-09-27,PETR3,30.42
2019-09-27,PETR4,27.66
2019-09-27,POMO4,3.25
2019-09-27,PRIO3,17.0
2019-09-27,PSSA3,58.77
2019-09-27,QUAL3,30.36
2019-09-27,RADL3,96.15
2019-09-27,RAIL3,23.91
2019-09-27,RENT3,44.16
2019-09-27,SANB11,45.83
2019-09-27,SBSP3,48.45
2019-09-27,SLCE3,18.0
2019-09-27,SMLS3,37.5
2019-09-27,SMTO3,19.35
2019-09-27,STBP3,6.22
2019-09-27,SULA11,47.2
2019-09-27,SUZB3,33.75
2019-09-27,TAEE11,28.3
2019-09-27,TEND3,25.15
2019-09-27,TIMP3,11.92
2019-09-27,TOTS3,58.0
2019-09-27,TRPL4,24.31
2019-09-27,UGPA3,18.43
2019-09-27,USIM5,8.0
2019-09-27,VALE3,47.66
2019-09-27,VIVT3,44.8
2019-09-27,VIVT4,54.96
2019-09-27,VVAR3,7.87
2019-09-27,WEGE3,24.13
2019-09-27,YDUQ3,35.57
2019-09-30,ABEV3,19.25
2019-09-30,ALPA4,25.9
2019-09-30,ALSO3,39.49
2019-09-30,ARZZ3,49.52
2019-09-30,AZUL4,49.71
2019-09-30,B3SA3,43.63
2019-09-30,BBAS3,45.49
2019-09-30,BBDC3,31.25
2019-09-30,BBDC4,33.92
2019-09-30,BBSE3,35.03
2019-09-30,BEEF3,9.79
2019-09-30,BIDI11,56.75
2019-09-30,BIDI4,18.88
2019-09-30,BPAC11,58.55
2019-09-30,BPAN4,8.51
2019-09-30,BRAP4,31.56
2019-09-30,BRDT3,27.53
2019-09-30,BRFS3,38.2
2019-09-30,BRKM5,32.52
2019-09-30,BRML3,14.41
2019-09-30,BTOW3,48.35
2019-09-30,CCRO3,17.25
2019-09-30,CIEL3,8.0
2019-09-30,CMIG4,14.33
2019-09-30,CPFE3,32.89
2019-09-30,CPLE3,51.1
2019-09-30,CPLE6,49.61
2019-09-30,CRFB3,21.05
2019-09-30,CSAN3,53.2
2019-09-30,CSMG3,67.99
2019-09-30,CSNA3,13.23
2019-09-30,CVCB3,55.85
2019-09-30,CYRE3,24.05
2019-09-30,DIRR3,12.35
2019-09-30,ECOR3,14.1
2019-09-30,EGIE3,44.39
2019-09-30,ELET3,40.15
2019-09-30,ELET6,42.02
2019-09-30,EMBR3,17.91
2019-09-30,ENBR3,19.6
2019-09-30,ENEV3,30.67
2019-09-30,ENGI11,49.95
2019-09-30,EQTL3,100.29
2019-09-30,EZTC3,36.2
2019-09-30,FLRY3,26.42
2019-09-30,GGBR4,13.16
2019-09-30,GNDI3,54.25
2019-09-30,GOAU4,6.25
2019-09-30,GOLL4,32.3
2019-09-30,HAPV3,53.85
2019-09-30,HGTX3,34.72
2019-09-30,HYPE3,33.53
2019-09-30,IGTA3,47.53
2019-09-30,IRBR3,37.66
2019-09-30,ITSA4,13.18
2019-09-30,ITUB4,35.03
2019-09-30,JBSS3,32.79
2019-09-30,JHSF3,4.24
2019-09-30,KLBN11,15.39
2019-09-30,KROT3,11.18
2019-09-30,LAME4,19.96
2019-09-30,LCAM3,50.7
2019-09-30,LOGG3,24.25
2019-09-30,LREN3,50.47
2019-09-30,MGLU3,37.04
2019-09-30,MRFG3,11.02
2019-09-30,MRVE3,17.64
2019-09-30,MULT3,28.85
2019-09-30,NATU3,33.86
2019-09-30,PCAR3,90.0
2019-09-30,PCAR4,79.8
2019-09-30,PETR3,30.15
2019-09-30,PETR4,27.55
2019-09-30,POMO4,3.25
2019-09-30,PRIO3,17.42
2019-09-30,PSSA3,58.89
2019-09-30,QUAL3,31.1
2019-09-30,RADL3,95.81
2019-09-30,RAIL3,24.5
2019-09-30,RENT3,45.46
2019-09-30,SANB11,45.33
2019-09-30,SBSP3,49.6
2019-09-30,SLCE3,17.89
2019-09-30,SMLS3,38.0
2019-09-30,SMTO3,18.95
2019-09-30,STBP3,6.37
2019-09-30,SULA11,47.71
2019-09-30,SUZB3,33.65
2019-09-30,TAEE11,28.8
2019-09-30,TEND3,24.64
2019-09-30,TIMP3,11.91
2019-09-30,TOTS3,57.74
2019-09-30,TRPL4,24.7
2019-09-30,UGPA3,18.49
2019-09-30,USIM5,7.81
2019-09-30,VALE3,47.75
2019-09-30,VIVT3,44.72
2019-09-30,VIVT4,54.94
2019-09-30,VVAR3,7.92
2019-09-30,WEGE3,24.23
2019-09-30,YDUQ3,36.08
2019-10-01,ABEV3,19.31
2019-10-01,ALPA4,25.68
2019-10-01,ALSO3,39.37
2019-10-01,ARZZ3,49.68
2019-10-01,AZUL4,48.94
2019-10-01,B3SA3,43.77
2019-10-01,BBAS3,44.95
2019-10-01,BBDC3,30.98
2019-10-01,BBDC4,33.46
2019-10-01,BBSE3,34.41
2019-10-01,BEEF3,9.95
2019-10-01,BIDI11,54.11
2019-10-01,BIDI4,18.32
2019-10-01,BPAC11,57.8
2019-10-01,BPAN4,8.3
2019-10-01,BRAP4,31.13
2019-10-01,BRDT3,27.05
2019-10-01,BRFS3,37.99
2019-10-01,BRKM5,31.72
2019-10-01,BRML3,14.21
2019-10-01,BTOW3,48.61
2019-10-01,CCRO3,17.0
2019-10-01,CIEL3,7.86
2019-10-01,CMIG4,14.5
2019-10-01,CPFE3,32.81
2019-10-01,CPLE3,50.67
2019-10-01,CPLE6,49.53
2019-10-01,CRFB3,20.64
2019-10-01,CSAN3,53.61
2019-10-01,CSMG3,67.74
2019-10-01,CSNA3,13.22
2019-10-01,CVCB3,56.2
2019-10-01,CYRE3,24.24
2019-10-01,DIRR3,12.2
2019-10-01,ECOR3,13.95
2019-10-01,EGIE3,44.44
2019-10-01,ELET3,39.3
2019-10-01,ELET6,41.46
2019-10-01,EMBR3,17.84
2019-10-01,ENBR3,19.35
2019-10-01,ENEV3,30.84
2019-10-01,ENGI11,49.3
2019-10-01,EQTL3,99.3
2019-10-01,EZTC3,36.5
2019-10-01,FLRY3,26.1
2019-10-01,GGBR4,13.09
2019-10-01,GNDI3,53.52
2019-10-01,GOAU4,6.23
2019-10-01,GOLL4,31.8
2019-10-01,HAPV3,53.2
2019-10-01,HGTX3,33.91
2019-10-01,HYPE3,33.22
2019-10-01,IGTA3,46.95
2019-10-01,IRBR3,37.25
2019-10-01,ITSA4,12.95
2019-10-01,ITUB4,34.22
2019-10-01,JBSS3,32.95
2019-10-01,JHSF3,4.18
2019-10-01,KLBN11,15.15
2019-10-01,KROT3,11.11
2019-10-01,LAME4,19.72
2019-10-01,LCAM3,50.75
2019-10-01,LOGG3,24.24
2019-10-01,LREN3,50.49
2019-10-01,MGLU3,37.45
2019-10-01,MRFG3,11.65
2019-10-01,MRVE3,17.96
2019-10-01,MULT3,27.99
2019-10-01,NATU3,33.75
2019-10-01,PCAR4,80.72
2019-10-01,PETR3,29.98
2019-10-01,PETR4,27.51
2019-10-01,POMO4,3.26
2019-10-01,PRIO3,17.05
2019-10-01,PSSA3,57.82
2019-10-01,QUAL3,30.99
2019-10-01,RADL3,95.93
2019-10-01,RAIL3,24.5
2019-10-01,RENT3,44.41
2019-10-01,SANB11,45.13
2019-10-01,SBSP3,49.75
2019-10-01,SLCE3,17.81
2019-10-01,SMLS3,37.7
2019-10-01,SMTO3,19.01
2019-10-01,STBP3,6.3
2019-10-01,SULA11,47.65
2019-10-01,SUZB3,33.65
2019-10-01,TAEE11,28.65
2019-10-01,TEND3,23.97
2019-10-01,TIMP3,11.78
2019-10-01,TOTS3,58.45
2019-10-01,TRPL4,24.41
2019-10-01,UGPA3,19.26
2019-10-01,USIM5,7.74
2019-10-01,VALE3,47.71
2019-10-01,VIVT3,44.55
2019-10-01,VIVT4,53.92
2019-10-01,VVAR3,7.8
2019-10-01,WEGE3,24.23
2019-10-01,YDUQ3,35.25
2019-10-02,ABEV3,18.86
2019-10-02,ALPA4,25.34
2019-10-02,ALSO3,39.1
2019-10-02,ARZZ3,51.15
2019-10-02,AZUL4,47.91
2019-10-02,B3SA3,43.1
2019-10-02,BBAS3,43.42
2019-10-02,BBDC3,29.77
2019-10-02,BBDC4,32.15
2019-10-02,BBSE3,33.6
2019-10-02,BEEF3,10.33
2019-10-02,BIDI11,51.2
2019-10-02,BIDI4,17.53
2019-10-02,BPAC11,56.28
2019-10-02,BPAN4,8.09
2019-10-02,BRAP4,29.6
2019-10-02,BRDT3,26.45
2019-10-02,BRFS3,37.54
2019-10-02,BRKM5,30.74
2019-10-02,BRML3,13.89
2019-10-02,BTOW3,48.11
2019-10-02,CCRO3,16.82
2019-10-02,CIEL3,7.51
2019-10-02,CMIG4,14.09
2019-10-02,CPFE3,32.15
2019-10-02,CPLE3,50.32
2019-10-02,CPLE6,49.17
2019-10-02,CRFB3,20.4
2019-10-02,CSAN3,52.7
2019-10-02,CSMG3,66.1
2019-10-02,CSNA3,12.77
2019-10-02,CVCB3,54.98
2019-10-02,CYRE3,23.35
2019-10-02,DIRR3,11.95
2019-10-02,ECOR3,13.66
2019-10-02,EGIE3,43.61
2019-10-02,ELET3,37.55
2019-10-02,ELET6,40.1
2019-10-02,EMBR3,17.47
2019-10-02,ENBR3,19.05
2019-10-02,ENEV3,30.9
2019-10-02,ENGI11,48.6
2019-10-02,EQTL3,97.74
2019-10-02,EZTC3,35.5
2019-10-02,FLRY3,24.86
2019-10-02,GGBR4,12.6
2019-10-02,GNDI3,53.5
2019-10-02,GOAU4,5.99
2019-10-02,GOLL4,31.0
2019-10-02,HAPV3,52.5
2019-10-02,HGTX3,33.26
2019-10-02,HYPE3,32.6
2019-10-02,IGTA3,46.37
2019-10-02,IRBR3,36.64
2019-10-02,ITSA4,12.65
2019-10-02,ITUB4,33.28
2019-10-02,JBSS3,31.5
2019-10-02,JHSF3,4.04
2019-10-02,KLBN11,14.84
2019-10-02,KROT3,10.8
2019-10-02,LAME4,19.42
2019-10-02,LCAM3,49.86
2019-10-02,LOGG3,23.45
2019-10-02,LREN3,48.51
2019-10-02,MGLU3,36.5
2019-10-02,MRFG3,11.66
2019-10-02,MRVE3,17.8
2019-10-02,MULT3,27.27
2019-10-02,NATU3,33.2
2019-10-02,PCAR4,79.47
2019-10-02,PETR3,28.9
2019-10-02,PETR4,26.72
2019-10-02,POMO4,3.34
2019-10-02,PRIO3,16.9
2019-10-02,PSSA3,56.2
2019-10-02,QUAL3,30.77
2019-10-02,RADL3,95.2
2019-10-02,RAIL3,23.87
2019-10-02,RENT3,42.7
2019-10-02,SANB11,43.76
2019-10-02,SBSP3,49.0
2019-10-02,SLCE3,17.3
2019-10-02,SMLS3,36.77
2019-10-02,SMTO3,18.7
2019-10-02,STBP3,6.28
2019-10-02,SULA11,46.41
2019-10-02,SUZB3,32.78
2019-10-02,TAEE11,27.95
2019-10-02,TEND3,24.0
2019-10-02,TIMP3,11.52
2019-10-02,TOTS3,57.8
2019-10-02,TRPL4,23.99
2019-10-02,UGPA3,19.32
2019-10-02,USIM5,7.48
2019-10-02,VALE3,45.1
2019-10-02,VIVT3,43.44
2019-10-02,VIVT4,52.58
2019-10-02,VVAR3,7.47
2019-10-02,WEGE3,23.83
2019-10-02,YDUQ3,33.95
2019-10-03,ABEV3,18.58
2019-10-03,ALPA4,25.35
2019-10-03,ALSO3,39.35
2019-10-03,ARZZ3,53.0
2019-10-03,AZUL4,49.89
2019-10-03,B3SA3,43.6
2019-10-03,BBAS3,45.29
2019-10-03,BBDC3,29.81
2019-10-03,BBDC4,32.24
2019-10-03,BBSE3,33.43
2019-10-03,BEEF3,10.38
2019-10-03,BIDI11,49.1
2019-10-03,BIDI4,16.7
2019-10-03,BPAC11,54.15
2019-10-03,BPAN4,8.0
2019-10-03,BRAP4,30.27
2019-10-03,BRDT3,26.85
2019-10-03,BRFS3,36.51
2019-10-03,BRKM5,30.61
2019-10-03,BRML3,14.08
2019-10-03,BTOW3,48.1
2019-10-03,CCRO3,16.99
2019-10-03,CIEL3,7.82
2019-10-03,CMIG4,13.94
2019-10-03,CPFE3,32.6
2019-10-03,CPLE3,49.89
2019-10-03,CPLE6,49.87
2019-10-03,CRFB3,20.2
2019-10-03,CSAN3,53.1
2019-10-03,CSMG3,66.6
2019-10-03,CSNA3,13.08
2019-10-03,CVCB3,54.91
2019-10-03,CYRE3,24.41
2019-10-03,DIRR3,12.35
2019-10-03,ECOR3,13.85
2019-10-03,EGIE3,43.97
2019-10-03,ELET3,38.2
2019-10-03,ELET6,40.5
2019-10-03,EMBR3,17.95
2019-10-03,ENBR3,19.12
2019-10-03,ENEV3,30.2
2019-10-03,ENGI11,48.7
2019-10-03,EQTL3,98.5
2019-10-03,EZTC3,36.64
2019-10-03,FLRY3,25.0
2019-10-03,GGBR4,12.78
2019-10-03,GNDI3,54.5
2019-10-03,GOAU4,6.05
2019-10-03,GOLL4,32.7
2019-10-03,HAPV3,54.0
2019-10-03,HGTX3,33.4
2019-10-03,HYPE3,32.8
2019-10-03,IGTA3,46.59
2019-10-03,IRBR3,35.6
2019-10-03,ITSA4,12.5
2019-10-03,ITUB4,33.29
2019-10-03,JBSS3,31.9
2019-10-03,JHSF3,4.05
2019-10-03,KLBN11,14.81
2019-10-03,KROT3,10.91
2019-10-03,LAME4,19.18
2019-10-03,LCAM3,49.03
2019-10-03,LOGG3,23.14
2019-10-03,LREN3,48.78
2019-10-03,MGLU3,37.3
2019-10-03,MRFG3,11.62
2019-10-03,MRVE3,18.03
2019-10-03,MULT3,27.5
2019-10-03,NATU3,33.62
2019-10-03,PCAR3,89.99
2019-10-03,PCAR4,79.57
2019-10-03,PETR3,29.12
2019-10-03,PETR4,26.74
2019-10-03,POMO4,3.55
2019-10-03,PRIO3,16.91
2019-10-03,PSSA3,56.7
2019-10-03,QUAL3,30.48
2019-10-03,RADL3,95.56
2019-10-03,RAIL3,24.25
2019-10-03,RENT3,43.14
2019-10-03,SANB11,44.4
2019-10-03,SBSP3,50.45
2019-10-03,SLCE3,17.29
2019-10-03,SMLS3,37.5
2019-10-03,SMTO3,18.4
2019-10-03,STBP3,6.38
2019-10-03,SULA11,46.34
2019-10-03,SUZB3,32.33
2019-10-03,TAEE11,28.19
2019-10-03,TEND3,23.84
2019-10-03,TIMP3,11.54
2019-10-03,TOTS3,60.0
2019-10-03,TRPL4,24.26
2019-10-03,UGPA3,19.0
2019-10-03,USIM5,7.48
2019-10-03,VALE3,45.44
2019-10-03,VIVT3,43.75
2019-10-03,VIVT4,52.51
2019-10-03,VVAR3,7.8
2019-10-03,WEGE3,23.68
2019-10-03,YDUQ3,34.44
2019-10-04,ABEV3,19.21
2019-10-04,ALPA4,25.84
2019-10-04,ALSO3,38.98
2019-10-04,ARZZ3,55.52
2019-10-04,AZUL4,50.95
2019-10-04,B3SA3,44.55
2019-10-04,BBAS3,45.6
2019-10-04,BBDC3,29.93
2019-10-04,BBDC4,32.57
2019-10-04,BBSE3,33.48
2019-10-04,BEEF3,10.67
2019-10-04,BIDI11,47.0
2019-10-04,BIDI4,16.06
2019-10-04,BPAC11,51.75
2019-10-04,BPAN4,8.08
2019-10-04,BRAP4,31.36
2019-10-04,BRDT3,26.97
2019-10-04,BRFS3,37.38
2019-10-04,BRKM5,29.86
2019-10-04,BRML3,14.16
2019-10-04,BTOW3,49.0
2019-10-04,CCRO3,16.98
2019-10-04,CIEL3,7.71
2019-10-04,CMIG4,13.96
2019-10-04,CPFE3,33.02
2019-10-04,CPLE3,51.1
2019-10-04,CPLE6,50.35
2019-10-04,CRFB3,20.47
2019-10-04,CSAN3,53.61
2019-10-04,CSMG3,65.99
2019-10-04,CSNA3,13.3
2019-10-04,CVCB3,55.68
2019-10-04,CYRE3,25.1
2019-10-04,DIRR3,12.5
2019-10-04,ECOR3,13.83
2019-10-04,EGIE3,44.01
2019-10-04,ELET3,38.85
2019-10-04,ELET6,40.99
2019-10-04,EMBR3,17.72
2019-10-04,ENBR3,19.26
2019-10-04,ENEV3,30.2
2019-10-04,ENGI11,49.84
2019-10-04,EQTL3,100.36
2019-10-04,EZTC3,37.64
2019-10-04,FLRY3,25.0
2019-10-04,GGBR4,13.03
2019-10-04,GNDI3,56.5
2019-10-04,GOAU4,6.14
2019-10-04,GOLL4,33.06
2019-10-04,HAPV3,54.0
2019-10-04,HGTX3,34.7
2019-10-04,HYPE3,33.18
2019-10-04,IGTA3,47.22
2019-10-04,IRBR3,36.35
2019-10-04,ITSA4,12.51
2019-10-04,ITUB4,33.45
2019-10-04,JBSS3,31.55
2019-10-04,JHSF3,4.05
2019-10-04,KLBN11,14.9
2019-10-04,KROT3,11.1
2019-10-04,LAME4,19.78
2019-10-04,LCAM3,49.84
2019-10-04,LOGG3,23.5
2019-10-04,LREN3,48.96
2019-10-04,MGLU3,38.78
2019-10-04,MRFG3,11.87
2019-10-04,MRVE3,18.26
2019-10-04,MULT3,28.02
2019-10-04,NATU3,34.55
2019-10-04,PCAR4,80.53
2019-10-04,PETR3,28.85
2019-10-04,PETR4,26.51
2019-10-04,POMO4,3.43
2019-10-04,PRIO3,17.1
2019-10-04,PSSA3,57.05
2019-10-04,QUAL3,30.6
2019-10-04,RADL3,101.5
2019-10-04,RAIL3,24.49
2019-10-04,RENT3,43.85
2019-10-04,SANB11,44.59
2019-10-04,SBSP3,50.54
2019-10-04,SLCE3,17.24
2019-10-04,SMLS3,37.34
2019-10-04,SMTO3,18.51
2019-10-04,STBP3,6.45
2019-10-04,SULA11,46.83
2019-10-04,SUZB3,32.83
2019-10-04,TAEE11,28.2
2019-10-04,TEND3,23.7
2019-10-04,TIMP3,11.57
2019-10-04,TOTS3,59.5
2019-10-04,TRPL4,24.36
2019-10-04,UGPA3,18.65
2019-10-04,USIM5,7.59
2019-10-04,VALE3,46.59
2019-10-04,VIVT3,44.0
2019-10-04,VIVT4,53.5
2019-10-04,VVAR3,7.89
2019-10-04,WEGE3,23.61
2019-10-04,YDUQ3,35.05
2019-10-07,ABEV3,18.87
2019-10-07,ALPA4,24.97
2019-10-07,ALSO3,38.62
2019-10-07,ARZZ3,56.0
2019-10-07,AZUL4,50.59
2019-10-07,B3SA3,43.0
2019-10-07,BBAS3,43.8
2019-10-07,BBDC3,29.47
2019-10-07,BBDC4,32.36
2019-10-07,BBSE3,32.5
2019-10-07,BEEF3,10.55
2019-10-07,BIDI11,44.7
2019-10-07,BIDI4,15.5
2019-10-07,BPAC11,50.62
2019-10-07,BPAN4,8.0
2019-10-07,BRAP4,30.93
2019-10-07,BRDT3,26.5
2019-10-07,BRFS3,36.74
2019-10-07,BRKM5,28.8
2019-10-07,BRML3,13.81
2019-10-07,BTOW3,48.87
2019-10-07,CCRO3,16.55
2019-10-07,CIEL3,7.64
2019-10-07,CMIG4,13.78
2019-10-07,CPFE3,32.85
2019-10-07,CPLE3,49.65
2019-10-07,CPLE6,49.06
2019-10-07,CRFB3,19.98
2019-10-07,CSAN3,51.49
2019-10-07,CSMG3,63.3
2019-10-07,CSNA3,12.99
2019-10-07,CVCB3,54.53
2019-10-07,CYRE3,24.5
2019-10-07,DIRR3,12.27
2019-10-07,ECOR3,13.37
2019-10-07,EGIE3,42.93
2019-10-07,ELET3,35.78
2019-10-07,ELET6,38.28
2019-10-07,EMBR3,17.34
2019-10-07,ENBR3,18.68
2019-10-07,ENEV3,29.33
2019-10-07,ENGI11,49.51
2019-10-07,EQTL3,97.69
2019-10-07,EZTC3,37.43
2019-10-07,FLRY3,24.2
2019-10-07,GGBR4,12.78
2019-10-07,GNDI3,56.15
2019-10-07,GOAU4,5.98
2019-10-07,GOLL4,32.39
2019-10-07,HAPV3,54.31
2019-10-07,HGTX3,34.5
2019-10-07,HYPE3,33.06
2019-10-07,IGTA3,46.29
2019-10-07,IRBR3,35.2
2019-10-07,ITSA4,12.18
2019-10-07,ITUB4,32.83
2019-10-07,JBSS3,31.08
2019-10-07,JHSF3,4.0
2019-10-07,KLBN11,14.72
2019-10-07,KROT3,10.8
2019-10-07,LAME4,19.56
2019-10-07,LCAM3,49.38
2019-10-07,LOGG3,23.45
2019-10-07,LREN3,48.4
2019-10-07,MGLU3,38.4
2019-10-07,MRFG3,11.84
2019-10-07,MRVE3,17.67
2019-10-07,MULT3,27.06
2019-10-07,NATU3,33.19
2019-10-07,PCAR4,79.98
2019-10-07,PETR3,28.4
2019-10-07,PETR4,26.17
2019-10-07,POMO4,3.38
2019-10-07,PRIO3,16.66
2019-10-07,PSSA3,55.89
2019-10-07,QUAL3,29.7
2019-10-07,RADL3,102.13
2019-10-07,RAIL3,23.89
2019-10-07,RENT3,43.2
2019-10-07,SANB11,43.59
2019-10-07,SBSP3,48.47
2019-10-07,SLCE3,16.96
2019-10-07,SMLS3,36.76
2019-10-07,SMTO3,17.9
2019-10-07,STBP3,6.33
2019-10-07,SULA11,47.1
2019-10-07,SUZB3,32.25
2019-10-07,TAEE11,27.29
2019-10-07,TEND3,23.04
2019-10-07,TIMP3,11.39
2019-10-07,TOTS3,58.8
2019-10-07,TRPL4,23.21
2019-10-07,UGPA3,18.28
2019-10-07,USIM5,7.41
2019-10-07,VALE3,46.04
2019-10-07,VIVT3,43.97
2019-10-07,VIVT4,52.59
2019-10-07,VVAR3,7.83
2019-10-07,WEGE3,22.85
2019-10-07,YDUQ3,33.96
2019-10-08,ABEV3,18.6
2019-10-08,ALPA4,24.64
2019-10-08,ALSO3,38.45
2019-10-08,ARZZ3,55.2
2019-10-08,AZUL4,50.2
2019-10-08,B3SA3,43.3
2019-10-08,BBAS3,43.01
2019-10-08,BBDC3,29.59
2019-10-08,BBDC4,32.33
2019-10-08,BBSE3,32.24
2019-10-08,BEEF3,10.38
2019-10-08,BIDI11,44.23
2019-10-08,BIDI4,15.47
2019-10-08,BPAC11,51.62
2019-10-08,BPAN4,7.86
2019-10-08,BRAP4,30.59
2019-10-08,BRDT3,26.5
2019-10-08,BRFS3,37.21
2019-10-08,BRKM5,27.99
2019-10-08,BRML3,13.8
2019-10-08,BTOW3,47.67
2019-10-08,CCRO3,16.72
2019-10-08,CIEL3,7.5
2019-10-08,CMIG4,13.81
2019-10-08,CPFE3,32.61
2019-10-08,CPLE3,49.85
2019-10-08,CPLE6,49.59
2019-10-08,CRFB3,19.19
2019-10-08,CSAN3,52.62
2019-10-08,CSMG3,63.82
2019-10-08,CSNA3,12.43
2019-10-08,CVCB3,53.85
2019-10-08,CYRE3,24.4
2019-10-08,DIRR3,12.27
2019-10-08,ECOR3,13.41
2019-10-08,EGIE3,42.67
2019-10-08,ELET3,35.98
2019-10-08,ELET6,37.79
2019-10-08,EMBR3,17.01
2019-10-08,ENBR3,18.99
2019-10-08,ENEV3,29.25
2019-10-08,ENGI11,48.76
2019-10-08,EQTL3,96.44
2019-10-08,EZTC3,37.88
2019-10-08,FLRY3,24.05
2019-10-08,GGBR4,12.55
2019-10-08,GNDI3,56.27
2019-10-08,GOAU4,5.85
2019-10-08,GOLL4,32.1
2019-10-08,HAPV3,54.05
2019-10-08,HGTX3,34.0
2019-10-08,HYPE3,33.17
2019-10-08,IGTA3,46.2
2019-10-08,IRBR3,35.48
2019-10-08,ITSA4,12.14
2019-10-08,ITUB4,32.69
2019-10-08,JBSS3,30.65
2019-10-08,JHSF3,3.98
2019-10-08,KLBN11,14.43
2019-10-08,KROT3,10.4
2019-10-08,LAME4,19.25
2019-10-08,LCAM3,48.67
2019-10-08,LOGG3,23.6
2019-10-08,LREN3,48.42
2019-10-08,MGLU3,38.0
2019-10-08,MRFG3,11.47
2019-10-08,MRVE3,17.4
2019-10-08,MULT3,27.05
2019-10-08,NATU3,32.45
2019-10-08,PCAR4,78.95
2019-10-08,PETR3,28.22
2019-10-08,PETR4,26.02
2019-10-08,POMO4,3.31
2019-10-08,PRIO3,16.0
2019-10-08,PSSA3,54.92
2019-10-08,QUAL3,30.2
2019-10-08,RADL3,100.01
2019-10-08,RAIL3,23.86
2019-10-08,RENT3,42.95
2019-10-08,SANB11,43.52
2019-10-08,SBSP3,49.28
2019-10-08,SLCE3,16.87
2019-10-08,SMLS3,36.96
2019-10-08,SMTO3,17.86
2019-10-08,STBP3,6.29
2019-10-08,SULA11,46.5
2019-10-08,SUZB3,31.64
2019-10-08,TAEE11,27.45
2019-10-08,TEND3,22.68
2019-10-08,TIMP3,11.37
2019-10-08,TOTS3,58.7
2019-10-08,TRPL4,23.27
2019-10-08,UGPA3,18.41
2019-10-08,USIM5,7.35
2019-10-08,VALE3,45.32
2019-10-08,VIVT3,43.76
2019-10-08,VIVT4,52.8
2019-10-08,VVAR3,7.72
2019-10-08,WEGE3,22.81
2019-10-08,YDUQ3,33.35
2019-10-09,ABEV3,18.67
2019-10-09,ALPA4,24.88
2019-10-09,ALSO3,38.73
2019-10-09,ARZZ3,54.8
2019-10-09,AZUL4,49.5
2019-10-09,B3SA3,43.9
2019-10-09,BBAS3,44.2
2019-10-09,BBDC3,30.77
2019-10-09,BBDC4,33.25
2019-10-09,BBSE3,32.8
2019-10-09,BEEF3,10.3
2019-10-09,BIDI11,47.8
2019-10-09,BIDI4,16.75
2019-10-09,BPAC11,52.32
2019-10-09,BPAN4,7.76
2019-10-09,BRAP4,30.64
2019-10-09,BRDT3,26.63
2019-10-09,BRFS3,36.6
2019-10-09,BRKM5,28.47
2019-10-09,BRML3,14.16
2019-10-09,BTOW3,49.49
2019-10-09,CCRO3,16.8
2019-10-09,CIEL3,7.65
2019-10-09,CMIG4,13.8
2019-10-09,CPFE3,32.7
2019-10-09,CPLE3,50.49
2019-10-09,CPLE6,50.15
2019-10-09,CRFB3,19.21
2019-10-09,CSAN3,53.82
2019-10-09,CSMG3,64.74
2019-10-09,CSNA3,12.43
2019-10-09,CVCB3,53.8
2019-10-09,CYRE3,24.26
2019-10-09,DIRR3,12.27
2019-10-09,ECOR3,13.5
2019-10-09,EGIE3,42.48
2019-10-09,ELET3,35.54
2019-10-09,ELET6,37.87
2019-10-09,EMBR3,17.1
2019-10-09,ENBR3,18.86
2019-10-09,ENEV3,29.5
2019-10-09,ENGI11,49.25
2019-10-09,EQTL3,97.59
2019-10-09,EZTC3,37.8
2019-10-09,FLRY3,24.21
2019-10-09,GGBR4,12.52
2019-10-09,GNDI3,56.46
2019-10-09,GOAU4,5.83
2019-10-09,GOLL4,33.1
2019-10-09,HAPV3,54.6
2019-10-09,HGTX3,33.81
2019-10-09,HYPE3,33.35
2019-10-09,IGTA3,46.5
2019-10-09,IRBR3,35.95
2019-10-09,ITSA4,12.33
2019-10-09,ITUB4,33.21
2019-10-09,JBSS3,29.45
2019-10-09,JHSF3,4.08
2019-10-09,KLBN11,14.55
2019-10-09,KROT3,10.55
2019-10-09,LAME4,19.76
2019-10-09,LCAM3,48.75
2019-10-09,LOGG3,23.83
2019-10-09,LREN3,48.93
2019-10-09,MGLU3,39.65
2019-10-09,MRFG3,11.49
2019-10-09,MRVE3,17.83
2019-10-09,MULT3,27.53
2019-10-09,NATU3,31.87
2019-10-09,PCAR3,89.99
2019-10-09,PCAR4,79.2
2019-10-09,PETR3,28.93
2019-10-09,PETR4,26.52
2019-10-09,POMO4,3.4
2019-10-09,PRIO3,16.17
2019-10-09,PSSA3,55.32
2019-10-09,QUAL3,30.97
2019-10-09,RADL3,101.46
2019-10-09,RAIL3,23.95
2019-10-09,RENT3,43.08
2019-10-09,SANB11,44.72
2019-10-09,SBSP3,50.12
2019-10-09,SLCE3,17.0
2019-10-09,SMLS3,37.1
2019-10-09,SMTO3,17.8
2019-10-09,STBP3,6.35
2019-10-09,SULA11,47.4
2019-10-09,SUZB3,32.23
2019-10-09,TAEE11,27.5
2019-10-09,TEND3,22.96
2019-10-09,TIMP3,11.46
2019-10-09,TOTS3,58.81
2019-10-09,TRPL4,23.28
2019-10-09,UGPA3,19.25
2019-10-09,USIM5,7.3
2019-10-09,VALE3,45.67
2019-10-09,VIVT3,44.1
2019-10-09,VIVT4,53.0
2019-10-09,VVAR3,7.59
2019-10-09,WEGE3,22.87
2019-10-09,YDUQ3,34.1
2019-10-10,ABEV3,18.42
2019-10-10,ALPA4,24.98
2019-10-10,ALSO3,38.32
2019-10-10,ARZZ3,54.98
2019-10-10,AZUL4,49.68
2019-10-10,B3SA3,44.06
2019-10-10,BBAS3,44.4
2019-10-10,BBDC3,30.95
2019-10-10,BBDC4,33.63
2019-10-10,BBSE3,33.05
2019-10-10,BEEF3,10.32
2019-10-10,BIDI11,46.5
2019-10-10,BIDI4,16.1
2019-10-10,BPAC11,53.7
2019-10-10,BPAN4,7.7
2019-10-10,BRAP4,31.49
2019-10-10,BRDT3,26.58
2019-10-10,BRFS3,36.86
2019-10-10,BRKM5,28.38
2019-10-10,BRML3,13.91
2019-10-10,BTOW3,49.1
2019-10-10,CCRO3,16.82
2019-10-10,CIEL3,7.47
2019-10-10,CMIG4,13.67
2019-10-10,CPFE3,32.7
2019-10-10,CPLE3,49.84
2019-10-10,CPLE6,49.59
2019-10-10,CRFB3,18.9
2019-10-10,CSAN3,54.51
2019-10-10,CSMG3,64.0
2019-10-10,CSNA3,13.09
2019-10-10,CVCB3,52.63
2019-10-10,CYRE3,24.57
2019-10-10,DIRR3,12.43
2019-10-10,ECOR3,13.4
2019-10-10,EGIE3,42.2
2019-10-10,ELET3,35.3
2019-10-10,ELET6,37.49
2019-10-10,EMBR3,17.05
2019-10-10,ENBR3,18.59
2019-10-10,ENEV3,29.15
2019-10-10,ENGI11,49.25
2019-10-10,EQTL3,98.9
2019-10-10,EZTC3,37.7
2019-10-10,FLRY3,24.21
2019-10-10,GGBR4,12.98
2019-10-10,GNDI3,57.76
2019-10-10,GOAU4,6.12
2019-10-10,GOLL4,33.1
2019-10-10,HAPV3,54.9
2019-10-10,HGTX3,33.66
2019-10-10,HYPE3,33.4
2019-10-10,IGTA3,45.63
2019-10-10,IRBR3,35.83
2019-10-10,ITSA4,12.43
2019-10-10,ITUB4,33.45
2019-10-10,JBSS3,29.15
2019-10-10,JHSF3,4.05
2019-10-10,KLBN11,14.65
2019-10-10,KROT3,10.38
2019-10-10,LAME4,19.69
2019-10-10,LCAM3,47.8
2019-10-10,LOGG3,23.8
2019-10-10,LREN3,48.59
2019-10-10,MGLU3,38.94
2019-10-10,MRFG3,11.45
2019-10-10,MRVE3,17.87
2019-10-10,MULT3,27.5
2019-10-10,NATU3,31.82
2019-10-10,PCAR3,81.5
2019-10-10,PCAR4,79.63
2019-10-10,PETR3,29.07
2019-10-10,PETR4,26.74
2019-10-10,POMO4,3.38
2019-10-10,PRIO3,16.19
2019-10-10,PSSA3,55.58
2019-10-10,QUAL3,30.33
2019-10-10,RADL3,100.71
2019-10-10,RAIL3,23.64
2019-10-10,RENT3,42.07
2019-10-10,SANB11,45.72
2019-10-10,SBSP3,49.8
2019-10-10,SLCE3,17.31
2019-10-10,SMLS3,37.21
2019-10-10,SMTO3,18.12
2019-10-10,STBP3,6.3
2019-10-10,SULA11,47.52
2019-10-10,SUZB3,33.95
2019-10-10,TAEE11,27.42
2019-10-10,TEND3,23.11
2019-10-10,TIMP3,11.54
2019-10-10,TOTS3,57.83
2019-10-10,TRPL4,23.31
2019-10-10,UGPA3,18.65
2019-10-10,USIM5,7.47
2019-10-10,VALE3,47.24
2019-10-10,VIVA3,24.11
2019-10-10,VIVT3,44.9
2019-10-10,VIVT4,53.13
2019-10-10,VVAR3,7.53
2019-10-10,WEGE3,22.97
2019-10-10,YDUQ3,36.28
2019-10-11,ABEV3,18.58
2019-10-11,ALPA4,25.75
2019-10-11,ALSO3,38.74
2019-10-11,ARZZ3,55.58
2019-10-11,AZUL4,50.4
2019-10-11,B3SA3,45.05
2019-10-11,BBAS3,45.23
2019-10-11,BBDC3,31.4
2019-10-11,BBDC4,34.01
2019-10-11,BBSE3,34.26
2019-10-11,BEEF3,10.39
2019-10-11,BIDI11,49.9
2019-10-11,BIDI4,16.9
2019-10-11,BPAC11,54.81
2019-10-11,BPAN4,7.77
2019-10-11,BRAP4,32.32
2019-10-11,BRDT3,27.31
2019-10-11,BRFS3,37.1
2019-10-11,BRKM5,29.19
2019-10-11,BRML3,14.24
2019-10-11,BTOW3,53.0
2019-10-11,CCRO3,17.58
2019-10-11,CIEL3,7.75
2019-10-11,CMIG4,13.87
2019-10-11,COGN3,10.65
2019-10-11,CPFE3,32.99
2019-10-11,CPLE3,50.43
2019-10-11,CPLE6,50.1
2019-10-11,CRFB3,19.37
2019-10-11,CSAN3,55.68
2019-10-11,CSMG3,65.25
2019-10-11,CSNA3,13.32
2019-10-11,CVCB3,53.15
2019-10-11,CYRE3,24.91
2019-10-11,DIRR3,12.7
2019-10-11,ECOR3,14.07
2019-10-11,EGIE3,43.11
2019-10-11,ELET3,34.8
2019-10-11,ELET6,36.74
2019-10-11,EMBR3,17.27
2019-10-11,ENBR3,18.94
2019-10-11,ENEV3,29.72
2019-10-11,ENGI11,49.69
2019-10-11,EQTL3,101.22
2019-10-11,EZTC3,38.0
2019-10-11,FLRY3,24.6
2019-10-11,GGBR4,13.29
2019-10-11,GNDI3,59.5
2019-10-11,GOAU4,6.31
2019-10-11,GOLL4,34.65
2019-10-11,HAPV3,56.27
2019-10-11,HGTX3,34.15
2019-10-11,HYPE3,34.0
2019-10-11,IGTA3,45.93
2019-10-11,IRBR3,36.36
2019-10-11,ITSA4,12.7
2019-10-11,ITUB4,33.88
2019-10-11,JBSS3,29.4
2019-10-11,JHSF3,4.21
2019-10-11,KLBN11,15.29
2019-10-11,LAME4,20.59
2019-10-11,LCAM3,49.8
2019-10-11,LOGG3,24.0
2019-10-11,LREN3,50.29
2019-10-11,MGLU3,40.5
2019-10-11,MRFG3,11.66
2019-10-11,MRVE3,17.88
2019-10-11,MULT3,27.95
2019-10-11,NATU3,31.84
2019-10-11,PCAR4,80.79
2019-10-11,PETR3,29.5
2019-10-11,PETR4,27.26
2019-10-11,POMO4,3.4
2019-10-11,PRIO3,17.0
2019-10-11,PSSA3,56.53
2019-10-11,QUAL3,32.1
2019-10-11,RADL3,100.98
2019-10-11,RAIL3,24.17
2019-10-11,RENT3,43.3
2019-10-11,SANB11,46.5
2019-10-11,SBSP3,50.43
2019-10-11,SLCE3,17.27
2019-10-11,SMLS3,37.65
2019-10-11,SMTO3,18.35
2019-10-11,STBP3,6.45
2019-10-11,SULA11,48.1
2019-10-11,SUZB3,35.24
2019-10-11,TAEE11,27.97
2019-10-11,TEND3,23.98
2019-10-11,TIMP3,11.64
2019-10-11,TOTS3,57.5
2019-10-11,TRPL4,23.42
2019-10-11,UGPA3,19.2
2019-10-11,USIM5,7.67
2019-10-11,VALE3,48.64
2019-10-11,VIVA3,23.73
2019-10-11,VIVT3,45.12
2019-10-11,VIVT4,53.47
2019-10-11,VVAR3,7.75
2019-10-11,WEGE3,23.67
2019-10-11,YDUQ3,36.79
2019-10-14,ABEV3,18.72
2019-10-14,ALPA4,26.13
2019-10-14,ALSO3,38.83
2019-10-14,ARZZ3,55.17
2019-10-14,AZUL4,51.18
2019-10-14,B3SA3,45.16
2019-10-14,BBAS3,45.0
2019-10-14,BBDC3,31.86
2019-10-14,BBDC4,34.49
2019-10-14,BBSE3,34.26
2019-10-14,BEEF3,10.73
2019-10-14,BIDI11,52.5
2019-10-14,BIDI4,17.69
2019-10-14,BPAC11,55.73
2019-10-14,BPAN4,7.85
2019-10-14,BRAP4,32.26
2019-10-14,BRDT3,27.48
2019-10-14,BRFS3,36.38
2019-10-14,BRKM5,29.33
2019-10-14,BRML3,14.39
2019-10-14,BTOW3,54.0
2019-10-14,CCRO3,17.43
2019-10-14,CIEL3,7.78
2019-10-14,CMIG4,13.87
2019-10-14,COGN3,10.67
2019-10-14,CPFE3,32.55
2019-10-14,CPLE3,49.98
2019-10-14,CPLE6,49.88
2019-10-14,CRFB3,19.32
2019-10-14,CSAN3,56.14
2019-10-14,CSMG3,65.41
2019-10-14,CSNA3,13.24
2019-10-14,CVCB3,53.77
2019-10-14,CYRE3,25.25
2019-10-14,DIRR3,12.99
2019-10-14,ECOR3,14.14
2019-10-14,EGIE3,43.82
2019-10-14,ELET3,34.34
2019-10-14,ELET6,36.1
2019-10-14,EMBR3,17.35
2019-10-14,ENBR3,18.75
2019-10-14,ENEV3,29.75
2019-10-14,ENGI11,49.21
2019-10-14,EQTL3,102.95
2019-10-14,EZTC3,38.21
2019-10-14,FLRY3,24.76
2019-10-14,GGBR4,13.25
2019-10-14,GNDI3,59.55
2019-10-14,GOAU4,6.3
2019-10-14,GOLL4,35.6
2019-10-14,HAPV3,56.5
2019-10-14,HGTX3,34.1
2019-10-14,HYPE3,34.11
2019-10-14,IGTA3,46.25
2019-10-14,IRBR3,36.86
2019-10-14,ITSA4,12.91
2019-10-14,ITUB4,34.45
2019-10-14,JBSS3,29.0
2019-10-14,JHSF3,4.63
2019-10-14,KLBN11,15.43
2019-10-14,LAME4,20.9
2019-10-14,LCAM3,50.89
2019-10-14,LOGG3,24.2
2019-10-14,LREN3,50.73
2019-10-14,MGLU3,42.17
2019-10-14,MRFG3,11.51
2019-10-14,MRVE3,17.93
2019-10-14,MULT3,28.39
2019-10-14,NATU3,31.9
2019-10-14,PCAR4,81.49
2019-10-14,PETR3,29.67
2019-10-14,PETR4,27.31
2019-10-14,POMO4,3.41
2019-10-14,PRIO3,16.99
2019-10-14,PSSA3,56.7
2019-10-14,QUAL3,32.46
2019-10-14,RADL3,101.05
2019-10-14,RAIL3,24.25
2019-10-14,RENT3,44.06
2019-10-14,SANB11,46.71
2019-10-14,SBSP3,50.16
2019-10-14,SLCE3,17.82
2019-10-14,SMLS3,37.87
2019-10-14,SMTO3,18.15
2019-10-14,STBP3,6.84
2019-10-14,SULA11,48.9
2019-10-14,SUZB3,34.82
2019-10-14,TAEE11,28.07
2019-10-14,TEND3,23.63
2019-10-14,TIMP3,11.47
2019-10-14,TOTS3,57.4
2019-10-14,TRPL4,23.81
2019-10-14,UGPA3,19.29
2019-10-14,USIM5,7.59
2019-10-14,VALE3,47.99
2019-10-14,VIVA3,23.51
2019-10-14,VIVT3,45.05
2019-10-14,VIVT4,53.32
2019-10-14,VVAR3,7.78
2019-10-14,WEGE3,23.75
2019-10-14,YDUQ3,37.2
2019-10-15,ABEV3,18.89
2019-10-15,ALPA4,26.55
2019-10-15,ALSO3,38.15
2019-10-15,ARZZ3,54.64
2019-10-15,AZUL4,51.21
2019-10-15,B3SA3,44.51
2019-10-15,BBAS3,44.38
2019-10-15,BBDC3,32.17
2019-10-15,BBDC4,34.77
2019-10-15,BBSE3,34.41
2019-10-15,BEEF3,10.6
2019-10-15,BIDI11,50.55
2019-10-15,BIDI4,17.2
2019-10-15,BPAC11,56.92
2019-10-15,BPAN4,7.8
2019-10-15,BRAP4,32.44
2019-10-15,BRDT3,26.85
2019-10-15,BRFS3,35.99
2019-10-15,BRKM5,29.46
2019-10-15,BRML3,14.7
2019-10-15,BTOW3,54.8
2019-10-15,CCRO3,17.8
2019-10-15,CIEL3,7.58
2019-10-15,CMIG4,13.9
2019-10-15,COGN3,10.51
2019-10-15,CPFE3,31.86
2019-10-15,CPLE3,49.4
2019-10-15,CPLE6,49.9
2019-10-15,CRFB3,19.4
2019-10-15,CSAN3,56.5
2019-10-15,CSMG3,64.24
2019-10-15,CSNA3,13.62
2019-10-15,CVCB3,53.65
2019-10-15,CYRE3,25.52
2019-10-15,DIRR3,12.28
2019-10-15,ECOR3,14.06
2019-10-15,EGIE3,43.22
2019-10-15,ELET3,34.86
2019-10-15,ELET6,36.44
2019-10-15,EMBR3,17.5
2019-10-15,ENBR3,18.69
2019-10-15,ENEV3,29.68
2019-10-15,ENGI11,47.38
2019-10-15,EQTL3,97.85
2019-10-15,EZTC3,39.43
2019-10-15,FLRY3,24.6
2019-10-15,GGBR4,13.49
2019-10-15,GNDI3,60.7
2019-10-15,GOAU4,6.37
2019-10-15,GOLL4,35.75
2019-10-15,HAPV3,56.3
2019-10-15,HGTX3,33.6
2019-10-15,HYPE3,34.29
2019-10-15,IGTA3,46.15
2019-10-15,IRBR3,36.98
2019-10-15,ITSA4,12.93
2019-10-15,ITUB4,34.37
2019-10-15,JBSS3,29.1
2019-10-15,JHSF3,4.53
2019-10-15,KLBN11,15.7
2019-10-15,LAME4,21.19
2019-10-15,LCAM3,51.1
2019-10-15,LOGG3,24.97
2019-10-15,LREN3,51.3
2019-10-15,MGLU3,41.8
2019-10-15,MRFG3,11.43
2019-10-15,MRVE3,17.44
2019-10-15,MULT3,28.83
2019-10-15,NATU3,31.83
2019-10-15,PCAR4,81.67
2019-10-15,PETR3,30.07
2019-10-15,PETR4,27.6
2019-10-15,POMO4,3.43
2019-10-15,PRIO3,16.94
2019-10-15,PSSA3,56.7
2019-10-15,QUAL3,32.22
2019-10-15,RADL3,101.12
2019-10-15,RAIL3,23.69
2019-10-15,RENT3,44.91
2019-10-15,SANB11,46.01
2019-10-15,SBSP3,50.38
2019-10-15,SLCE3,17.4
2019-10-15,SMLS3,37.9
2019-10-15,SMTO3,18.22
2019-10-15,STBP3,6.72
2019-10-15,SULA11,48.15
2019-10-15,SUZB3,35.11
2019-10-15,TAEE11,27.81
2019-10-15,TEND3,22.81
2019-10-15,TIMP3,11.38
2019-10-15,TOTS3,56.95
2019-10-15,TRPL4,23.36
2019-10-15,UGPA3,19.3
2019-10-15,USIM5,7.7
2019-10-15,VALE3,47.91
2019-10-15,VIVA3,23.55
2019-10-15,VIVT3,45.1
2019-10-15,VIVT4,53.5
2019-10-15,VVAR3,7.79
2019-10-15,WEGE3,23.78
2019-10-15,YDUQ3,38.0
2019-10-16,ABEV3,18.89
2019-10-16,ALPA4,26.79
2019-10-16,ALSO3,38.85
2019-10-16,ARZZ3,55.13
2019-10-16,AZUL4,51.3
2019-10-16,B3SA3,45.2
2019-10-16,BBAS3,45.0
2019-10-16,BBDC3,33.15
2019-10-16,BBDC4,35.6
2019-10-16,BBSE3,34.89
2019-10-16,BEEF3,10.55
2019-10-16,BIDI11,49.75
2019-10-16,BIDI4,16.93
2019-10-16,BPAC11,58.19
2019-10-16,BPAN4,7.65
2019-10-16,BRAP4,32.03
2019-10-16,BRDT3,26.85
2019-10-16,BRFS3,36.28
2019-10-16,BRKM5,29.49
2019-10-16,BRML3,14.96
2019-10-16,BTOW3,56.13
2019-10-16,CCRO3,17.86
2019-10-16,CIEL3,7.65
2019-10-16,CMIG4,13.84
2019-10-16,COGN3,10.48
2019-10-16,CPFE3,31.85
2019-10-16,CPLE3,49.61
2019-10-16,CPLE6,51.05
2019-10-16,CRFB3,19.47
2019-10-16,CSAN3,57.55
2019-10-16,CSMG3,65.05
2019-10-16,CSNA3,13.21
2019-10-16,CVCB3,53.0
2019-10-16,CYRE3,26.18
2019-10-16,DIRR3,11.93
2019-10-16,ECOR3,14.35
2019-10-16,EGIE3,43.31
2019-10-16,ELET3,36.37
2019-10-16,ELET6,37.9
2019-10-16,EMBR3,17.45
2019-10-16,ENBR3,18.87
2019-10-16,ENEV3,29.55
2019-10-16,ENGI11,47.8
2019-10-16,EQTL3,100.0
2019-10-16,EZTC3,40.84
2019-10-16,FLRY3,25.0
2019-10-16,GGBR4,13.35
2019-10-16,GNDI3,62.12
2019-10-16,GOAU4,6.29
2019-10-16,GOLL4,35.85
2019-10-16,HAPV3,57.46
2019-10-16,HGTX3,33.33
2019-10-16,HYPE3,34.9
2019-10-16,IGTA3,46.94
2019-10-16,IRBR3,36.8
2019-10-16,ITSA4,13.17
2019-10-16,ITUB4,34.86
2019-10-16,JBSS3,29.34
2019-10-16,JHSF3,4.6
2019-10-16,KLBN11,15.94
2019-10-16,LAME4,21.31
2019-10-16,LCAM3,51.05
2019-10-16,LOGG3,24.8
2019-10-16,LREN3,51.83
2019-10-16,MGLU3,42.76
2019-10-16,MRFG3,11.43
2019-10-16,MRVE3,17.58
2019-10-16,MULT3,29.44
2019-10-16,NATU3,32.1
2019-10-16,PCAR4,82.69
2019-10-16,PETR3,30.49
2019-10-16,PETR4,27.93
2019-10-16,POMO4,3.5
2019-10-16,PRIO3,17.0
2019-10-16,PSSA3,57.44
2019-10-16,QUAL3,34.23
2019-10-16,RADL3,102.88
2019-10-16,RAIL3,23.47
2019-10-16,RENT3,44.29
2019-10-16,SANB11,46.95
2019-10-16,SBSP3,51.64
2019-10-16,SLCE3,17.41
2019-10-16,SMLS3,37.88
2019-10-16,SMTO3,17.9
2019-10-16,STBP3,7.08
2019-10-16,SULA11,48.32
2019-10-16,SUZB3,34.43
2019-10-16,TAEE11,27.77
2019-10-16,TEND3,23.1
2019-10-16,TIMP3,11.45
2019-10-16,TOTS3,56.99
2019-10-16,TRPL4,23.29
2019-10-16,UGPA3,19.44
2019-10-16,USIM5,7.63
2019-10-16,VALE3,46.8
2019-10-16,VIVA3,24.1
2019-10-16,VIVT3,45.35
2019-10-16,VIVT4,54.63
2019-10-16,VVAR3,7.82
2019-10-16,WEGE3,24.37
2019-10-16,YDUQ3,38.6
2019-10-17,ABEV3,18.77
2019-10-17,ALPA4,27.33
2019-10-17,ALSO3,39.0
2019-10-17,ARZZ3,56.65
2019-10-17,AZUL4,51.26
2019-10-17,B3SA3,46.15
2019-10-17,BBAS3,44.91
2019-10-17,BBDC3,32.69
2019-10-17,BBDC4,35.0
2019-10-17,BBSE3,35.07
2019-10-17,BEEF3,10.46
2019-10-17,BIDI11,50.1
2019-10-17,BIDI4,16.87
2019-10-17,BPAC11,58.35
2019-10-17,BPAN4,8.43
2019-10-17,BRAP4,31.8
2019-10-17,BRDT3,26.6
2019-10-17,BRFS3,35.93
2019-10-17,BRKM5,29.1
2019-10-17,BRML3,15.07
2019-10-17,BTOW3,54.85
2019-10-17,CCRO3,17.58
2019-10-17,CIEL3,7.6
2019-10-17,CMIG4,13.92
2019-10-17,COGN3,10.78
2019-10-17,CPFE3,31.9
2019-10-17,CPLE3,50.22
2019-10-17,CPLE6,51.5
2019-10-17,CRFB3,19.54
2019-10-17,CSAN3,56.7
2019-10-17,CSMG3,65.25
2019-10-17,CSNA3,13.29
2019-10-17,CVCB3,52.45
2019-10-17,CYRE3,26.34
2019-10-17,DIRR3,12.25
2019-10-17,ECOR3,14.44
2019-10-17,EGIE3,43.57
2019-10-17,ELET3,36.36
2019-10-17,ELET6,37.7
2019-10-17,EMBR3,17.64
2019-10-17,ENBR3,18.85
2019-10-17,ENEV3,29.61
2019-10-17,ENGI11,47.18
2019-10-17,EQTL3,99.22
2019-10-17,EZTC3,41.6
2019-10-17,FLRY3,25.0
2019-10-17,GGBR4,13.4
2019-10-17,GNDI3,61.62
2019-10-17,GOAU4,6.3
2019-10-17,GOLL4,36.0
2019-10-17,HAPV3,57.12
2019-10-17,HGTX3,33.6
2019-10-17,HYPE3,34.88
2019-10-17,IGTA3,46.7
2019-10-17,IRBR3,37.47
2019-10-17,ITSA4,13.15
2019-10-17,ITUB4,34.65
2019-10-17,JBSS3,29.14
2019-10-17,JHSF3,4.39
2019-10-17,KLBN11,15.85
2019-10-17,LAME4,21.11
2019-10-17,LCAM3,52.2
2019-10-17,LOGG3,24.85
2019-10-17,LREN3,51.77
2019-10-17,MGLU3,43.17
2019-10-17,MRFG3,11.57
2019-10-17,MRVE3,17.57
2019-10-17,MULT3,29.19
2019-10-17,NATU3,32.49
2019-10-17,PCAR4,83.57
2019-10-17,PETR3,30.2
2019-10-17,PETR4,27.66
2019-10-17,POMO4,3.45
2019-10-17,PRIO3,17.26
2019-10-17,PSSA3,56.67
2019-10-17,QUAL3,33.77
2019-10-17,RADL3,101.45
2019-10-17,RAIL3,23.1
2019-10-17,RENT3,44.24
2019-10-17,SANB11,46.33
2019-10-17,SBSP3,50.62
2019-10-17,SLCE3,17.57
2019-10-17,SMLS3,37.61
2019-10-17,SMTO3,17.78
2019-10-17,STBP3,7.17
2019-10-17,SULA11,48.74
2019-10-17,SUZB3,34.09
2019-10-17,TAEE11,27.83
2019-10-17,TEND3,23.38
2019-10-17,TIMP3,11.56
2019-10-17,TOTS3,57.43
2019-10-17,TRPL4,23.18
2019-10-17,UGPA3,19.1
2019-10-17,USIM5,7.63
2019-10-17,VALE3,46.71
2019-10-17,VIVA3,24.2
2019-10-17,VIVT3,45.41
2019-10-17,VIVT4,55.05
2019-10-17,VVAR3,7.9
2019-10-17,WEGE3,24.24
2019-10-17,YDUQ3,38.3
2019-10-18,ABEV3,18.67
2019-10-18,ALPA4,27.63
2019-10-18,ALSO3,39.5
2019-10-18,ARZZ3,57.19
2019-10-18,AZUL4,50.99
2019-10-18,B3SA3,46.44
2019-10-18,BBAS3,46.06
2019-10-18,BBDC3,31.44
2019-10-18,BBDC4,33.79
2019-10-18,BBSE3,34.46
2019-10-18,BEEF3,10.3
2019-10-18,BIDI11,49.75
2019-10-18,BIDI4,16.8
2019-10-18,BPAC11,58.2
2019-10-18,BPAN4,8.59
2019-10-18,BRAP4,31.16
2019-10-18,BRDT3,26.65
2019-10-18,BRFS3,36.15
2019-10-18,BRKM5,28.55
2019-10-18,BRML3,15.17
2019-10-18,BTOW3,54.5
2019-10-18,CCRO3,17.92
2019-10-18,CIEL3,7.65
2019-10-18,CMIG4,13.65
2019-10-18,COGN3,10.75
2019-10-18,CPFE3,31.77
2019-10-18,CPLE3,50.46
2019-10-18,CPLE6,51.5
2019-10-18,CRFB3,19.69
2019-10-18,CSAN3,56.77
2019-10-18,CSMG3,65.0
2019-10-18,CSNA3,13.05
2019-10-18,CVCB3,51.76
2019-10-18,CYRE3,26.0
2019-10-18,DIRR3,12.37
2019-10-18,ECOR3,14.46
2019-10-18,EGIE3,43.76
2019-10-18,ELET3,38.19
2019-10-18,ELET6,38.97
2019-10-18,EMBR3,17.53
2019-10-18,ENBR3,18.99
2019-10-18,ENEV3,31.03
2019-10-18,ENGI11,47.4
2019-10-18,EQTL3,100.41
2019-10-18,EZTC3,41.7
2019-10-18,FLRY3,24.74
2019-10-18,GGBR4,13.16
2019-10-18,GNDI3,61.99
2019-10-18,GOAU4,6.15
2019-10-18,GOLL4,35.44
2019-10-18,HAPV3,57.52
2019-10-18,HGTX3,33.55
2019-10-18,HYPE3,34.86
2019-10-18,IGTA3,47.1
2019-10-18,IRBR3,37.26
2019-10-18,ITSA4,13.07
2019-10-18,ITUB4,34.24
2019-10-18,JBSS3,29.04
2019-10-18,JHSF3,4.35
2019-10-18,KLBN11,15.69
2019-10-18,LAME4,21.13
2019-10-18,LCAM3,17.72
2019-10-18,LOGG3,24.32
2019-10-18,LREN3,51.3
2019-10-18,MGLU3,43.0
2019-10-18,MRFG3,11.65
2019-10-18,MRVE3,17.67
2019-10-18,MULT3,29.3
2019-10-18,NATU3,32.28
2019-10-18,PCAR4,82.55
2019-10-18,PETR3,29.95
2019-10-18,PETR4,27.6
2019-10-18,POMO4,3.51
2019-10-18,PRIO3,17.12
2019-10-18,PSSA3,56.7
2019-10-18,QUAL3,33.89
2019-10-18,RADL3,103.63
2019-10-18,RAIL3,22.98
2019-10-18,RENT3,44.93
2019-10-18,SANB11,45.72
2019-10-18,SBSP3,51.23
2019-10-18,SLCE3,17.67
2019-10-18,SMLS3,37.62
2019-10-18,SMTO3,17.63
2019-10-18,STBP3,7.23
2019-10-18,SULA11,50.51
2019-10-18,SUZB3,33.81
2019-10-18,TAEE11,28.06
2019-10-18,TEND3,23.75
2019-10-18,TIMP3,11.55
2019-10-18,TOTS3,56.84
2019-10-18,TRPL4,23.39
2019-10-18,UGPA3,19.51
2019-10-18,USIM5,7.58
2019-10-18,VALE3,46.03
2019-10-18,VIVA3,24.15
2019-10-18,VIVT3,46.8
2019-10-18,VIVT4,54.86
2019-10-18,VVAR3,7.84
2019-10-18,WEGE3,24.36
2019-10-18,YDUQ3,38.33
2019-10-21,ABEV3,18.99
2019-10-21,ALPA4,27.15
2019-10-21,ALSO3,40.0
2019-10-21,ARZZ3,56.91
2019-10-21,AZUL4,51.35
2019-10-21,B3SA3,46.89
2019-10-21,BBAS3,46.4
2019-10-21,BBDC3,31.93
2019-10-21,BBDC4,34.03
2019-10-21,BBSE3,34.8
2019-10-21,BEEF3,10.5
2019-10-21,BIDI11,50.38
2019-10-21,BIDI4,16.99
2019-10-21,BPAC11,58.74
2019-10-21,BPAN4,8.79
2019-10-21,BRAP4,31.55
2019-10-21,BRDT3,27.07
2019-10-21,BRFS3,37.75
2019-10-21,BRKM5,28.69
2019-10-21,BRML3,15.27
2019-10-21,BTOW3,54.5
2019-10-21,CCRO3,17.33
2019-10-21,CIEL3,7.7
2019-10-21,CMIG4,13.7
2019-10-21,COGN3,10.61
2019-10-21,CPFE3,32.49
2019-10-21,CPLE3,50.52
2019-10-21,CPLE6,52.14
2019-10-21,CRFB3,19.91
2019-10-21,CSAN3,57.1
2019-10-21,CSMG3,65.7
2019-10-21,CSNA3,13.39
2019-10-21,CVCB3,51.4
2019-10-21,CYRE3,25.89
2019-10-21,DIRR3,12.41
2019-10-21,ECOR3,14.57
2019-10-21,EGIE3,44.14
2019-10-21,ELET3,38.15
2019-10-21,ELET6,39.09
2019-10-21,EMBR3,17.88
2019-10-21,ENBR3,19.23
2019-10-21,ENEV3,31.34
2019-10-21,ENGI11,47.42
2019-10-21,EQTL3,101.91
2019-10-21,EZTC3,41.7
2019-10-21,FLRY3,24.79
2019-10-21,GGBR4,13.23
2019-10-21,GNDI3,62.35
2019-10-21,GOAU4,6.2
2019-10-21,GOLL4,35.18
2019-10-21,HAPV3,56.7
2019-10-21,HGTX3,33.4
2019-10-21,HYPE3,34.42
2019-10-21,IGTA3,47.25
2019-10-21,IRBR3,38.65
2019-10-21,ITSA4,13.26
2019-10-21,ITUB4,34.8
2019-10-21,JBSS3,29.85
2019-10-21,JHSF3,4.27
2019-10-21,KLBN11,15.8
2019-10-21,LAME4,21.09
2019-10-21,LCAM3,17.56
2019-10-21,LOGG3,24.32
2019-10-21,LREN3,52.09
2019-10-21,MGLU3,43.1
2019-10-21,MRFG3,11.55
2019-10-21,MRVE3,17.69
2019-10-21,MULT3,29.2
2019-10-21,NATU3,32.23
2019-10-21,PCAR4,84.81
2019-10-21,PETR3,30.35
2019-10-21,PETR4,27.77
2019-10-21,POMO4,3.67
2019-10-21,PRIO3,17.08
2019-10-21,PSSA3,57.03
2019-10-21,QUAL3,32.0
2019-10-21,RADL3,105.55
2019-10-21,RAIL3,22.98
2019-10-21,RENT3,44.6
2019-10-21,SANB11,46.29
2019-10-21,SBSP3,51.57
2019-10-21,SLCE3,18.62
2019-10-21,SMLS3,36.97
2019-10-21,SMTO3,18.12
2019-10-21,STBP3,7.2
2019-10-21,SULA11,51.28
2019-10-21,SUZB3,34.88
2019-10-21,TAEE11,28.28
2019-10-21,TEND3,24.0
2019-10-21,TIMP3,11.66
2019-10-21,TOTS3,56.21
2019-10-21,TRPL4,23.29
2019-10-21,UGPA3,19.49
2019-10-21,USIM5,7.63
2019-10-21,VALE3,47.21
2019-10-21,VIVA3,24.01
2019-10-21,VIVT3,45.97
2019-10-21,VIVT4,54.71
2019-10-21,VVAR3,7.81
2019-10-21,WEGE3,24.44
2019-10-21,YDUQ3,40.0
2019-10-22,ABEV3,18.77
2019-10-22,ALPA4,27.0
2019-10-22,ALSO3,39.32
2019-10-22,ARZZ3,57.8
2019-10-22,AZUL4,52.99
2019-10-22,B3SA3,47.53
2019-10-22,BBAS3,47.4
2019-10-22,BBDC3,32.77
2019-10-22,BBDC4,35.0
2019-10-22,BBSE3,35.35
2019-10-22,BEEF3,10.72
2019-10-22,BIDI11,50.5
2019-10-22,BIDI4,16.97
2019-10-22,BPAC11,59.3
2019-10-22,BPAN4,8.72
2019-10-22,BRAP4,31.45
2019-10-22,BRDT3,27.1
2019-10-22,BRFS3,37.53
2019-10-22,BRKM5,28.06
2019-10-22,BRML3,15.09
2019-10-22,BTOW3,54.68
2019-10-22,CCRO3,17.4
2019-10-22,CIEL3,7.89
2019-10-22,CMIG4,13.7
2019-10-22,COGN3,10.79
2019-10-22,CPFE3,32.32
2019-10-22,CPLE3,50.69
2019-10-22,CPLE6,52.89
2019-10-22,CRFB3,19.58
2019-10-22,CSAN3,57.67
2019-10-22,CSMG3,65.61
2019-10-22,CSNA3,13.55
2019-10-22,CVCB3,52.6
2019-10-22,CYRE3,26.3
2019-10-22,DIRR3,12.44
2019-10-22,ECOR3,14.51
2019-10-22,EGIE3,43.95
2019-10-22,ELET3,37.55
2019-10-22,ELET6,38.94
2019-10-22,EMBR3,17.95
2019-10-22,ENBR3,19.0
2019-10-22,ENEV3,30.89
2019-10-22,ENGI11,47.25
2019-10-22,EQTL3,99.82
2019-10-22,EZTC3,42.3
2019-10-22,FLRY3,24.6
2019-10-22,GGBR4,13.28
2019-10-22,GNDI3,60.6
2019-10-22,GOAU4,6.2
2019-10-22,GOLL4,37.29
2019-10-22,HAPV3,56.15
2019-10-22,HGTX3,33.1
2019-10-22,HYPE3,34.53
2019-10-22,IGTA3,47.14
2019-10-22,IRBR3,39.2
2019-10-22,ITSA4,13.56
2019-10-22,ITUB4,35.88
2019-10-22,JBSS3,30.25
2019-10-22,JHSF3,4.42
2019-10-22,KLBN11,15.96
2019-10-22,LAME4,20.89
2019-10-22,LCAM3,17.81
2019-10-22,LOGG3,24.59
2019-10-22,LREN3,51.91
2019-10-22,MGLU3,43.72
2019-10-22,MRFG3,11.86
2019-10-22,MRVE3,17.99
2019-10-22,MULT3,28.93
2019-10-22,NATU3,32.67
2019-10-22,PCAR4,84.78
2019-10-22,PETR3,31.28
2019-10-22,PETR4,28.57
2019-10-22,POMO4,3.69
2019-10-22,PRIO3,17.6
2019-10-22,PSSA3,57.03
2019-10-22,QUAL3,31.41
2019-10-22,RADL3,106.21
2019-10-22,RAIL3,23.0
2019-10-22,RENT3,44.69
2019-10-22,SANB11,47.95
2019-10-22,SBSP3,52.6
2019-10-22,SLCE3,18.53
2019-10-22,SMLS3,36.8
2019-10-22,SMTO3,18.11
2019-10-22,STBP3,7.17
2019-10-22,SULA11,51.1
2019-10-22,SUZB3,34.92
2019-10-22,TAEE11,28.24
2019-10-22,TEND3,24.23
2019-10-22,TIMP3,11.65
2019-10-22,TOTS3,57.21
2019-10-22,TRPL4,23.04
2019-10-22,UGPA3,19.43
2019-10-22,USIM5,7.56
2019-10-22,VALE3,47.3
2019-10-22,VIVA3,23.85
2019-10-22,VIVT3,45.1
2019-10-22,VIVT4,54.62
2019-10-22,VVAR3,7.81
2019-10-22,WEGE3,24.74
2019-10-22,YDUQ3,42.04
2019-10-23,ABEV3,18.68
2019-10-23,ALPA4,26.95
2019-10-23,ALSO3,40.87
2019-10-23,ARZZ3,57.05
2019-10-23,AZUL4,52.15
2019-10-23,B3SA3,48.24
2019-10-23,BBAS3,47.6
2019-10-23,BBDC3,33.11
2019-10-23,BBDC4,35.3
2019-10-23,BBSE3,35.54
2019-10-23,BEEF3,10.73
2019-10-23,BIDI11,50.28
2019-10-23,BIDI4,16.78
2019-10-23,BPAC11,61.79
2019-10-23,BPAN4,9.27
2019-10-23,BRAP4,31.29
2019-10-23,BRDT3,27.74
2019-10-23,BRFS3,36.8
2019-10-23,BRKM5,28.56
2019-10-23,BRML3,15.02
2019-10-23,BTOW3,54.37
2019-10-23,CCRO3,17.26
2019-10-23,CIEL3,7.83
2019-10-23,CMIG4,13.57
2019-10-23,COGN3,10.44
2019-10-23,CPFE3,31.64
2019-10-23,CPLE3,51.18
2019-10-23,CPLE6,53.2
2019-10-23,CRFB3,19.22
2019-10-23,CSAN3,57.3
2019-10-23,CSMG3,66.62
2019-10-23,CSNA3,13.43
2019-10-23,CVCB3,53.01
2019-10-23,CYRE3,25.7
2019-10-23,DIRR3,12.39
2019-10-23,ECOR3,14.33
2019-10-23,EGIE3,43.74
2019-10-23,ELET3,37.51
2019-10-23,ELET6,39.11
2019-10-23,EMBR3,17.87
2019-10-23,ENBR3,18.74
2019-10-23,ENEV3,30.98
2019-10-23,ENGI11,46.4
2019-10-23,EQTL3,98.4
2019-10-23,EZTC3,40.45
2019-10-23,FLRY3,24.68
2019-10-23,GGBR4,13.31
2019-10-23,GNDI3,60.15
2019-10-23,GOAU4,6.18
2019-10-23,GOLL4,36.97
2019-10-23,HAPV3,55.8
2019-10-23,HGTX3,31.85
2019-10-23,HYPE3,34.3
2019-10-23,IGTA3,46.91
2019-10-23,IRBR3,39.15
2019-10-23,ITSA4,13.66
2019-10-23,ITUB4,36.39
2019-10-23,JBSS3,29.68
2019-10-23,JHSF3,4.46
2019-10-23,KLBN11,16.04
2019-10-23,LAME4,20.94
2019-10-23,LCAM3,17.61
2019-10-23,LOGG3,23.51
2019-10-23,LREN3,51.09
2019-10-23,MGLU3,43.49
2019-10-23,MRFG3,11.49
2019-10-23,MRVE3,17.69
2019-10-23,MULT3,28.68
2019-10-23,NATU3,31.93
2019-10-23,PCAR4,82.8
2019-10-23,PETR3,31.43
2019-10-23,PETR4,28.95
2019-10-23,POMO4,3.6
2019-10-23,PRIO3,17.53
2019-10-23,PSSA3,57.08
2019-10-23,QUAL3,31.3
2019-10-23,RADL3,103.38
2019-10-23,RAIL3,23.0
2019-10-23,RENT3,44.38
2019-10-23,SANB11,48.95
2019-10-23,SBSP3,53.97
2019-10-23,SLCE3,18.35
2019-10-23,SMLS3,36.9
2019-10-23,SMTO3,17.9
2019-10-23,STBP3,7.12
2019-10-23,SULA11,50.5
2019-10-23,SUZB3,34.5
2019-10-23,TAEE11,28.1
2019-10-23,TEND3,23.88
2019-10-23,TIMP3,11.68
2019-10-23,TOTS3,58.4
2019-10-23,TRPL4,23.16
2019-10-23,UGPA3,19.46
2019-10-23,USIM5,7.48
2019-10-23,VALE3,47.11
2019-10-23,VIVA3,23.52
2019-10-23,VIVT3,45.0
2019-10-23,VIVT4,54.21
2019-10-23,VVAR3,7.65
2019-10-23,WEGE3,25.84
2019-10-23,YDUQ3,40.45
2019-10-24,ABEV3,19.19
2019-10-24,ALPA4,26.55
2019-10-24,ALSO3,40.49
2019-10-24,ARZZ3,56.8
2019-10-24,AZUL4,52.9
2019-10-24,B3SA3,48.62
2019-10-24,BBAS3,47.3
2019-10-24,BBDC3,33.05
2019-10-24,BBDC4,35.26
2019-10-24,BBSE3,35.65
2019-10-24,BEEF3,10.74
2019-10-24,BIDI11,49.5
2019-10-24,BIDI4,16.55
2019-10-24,BPAC11,64.4
2019-10-24,BPAN4,9.25
2019-10-24,BRAP4,30.93
2019-10-24,BRDT3,28.27
2019-10-24,BRFS3,37.21
2019-10-24,BRKM5,27.65
2019-10-24,BRML3,15.05
2019-10-24,BTOW3,54.78
2019-10-24,CCRO3,17.4
2019-10-24,CIEL3,7.64
2019-10-24,CMIG4,13.49
2019-10-24,COGN3,9.95
2019-10-24,CPFE3,31.78
2019-10-24,CPLE3,52.0
2019-10-24,CPLE6,53.99
2019-10-24,CRFB3,19.56
2019-10-24,CSAN3,56.61
2019-10-24,CSMG3,66.95
2019-10-24,CSNA3,12.51
2019-10-24,CVCB3,53.05
2019-10-24,CYRE3,25.7
2019-10-24,DIRR3,12.22
2019-10-24,ECOR3,14.35
2019-10-24,EGIE3,43.81
2019-10-24,ELET3,37.34
2019-10-24,ELET6,39.16
2019-10-24,EMBR3,17.99
2019-10-24,ENBR3,18.37
2019-10-24,ENEV3,31.09
2019-10-24,ENGI11,46.61
2019-10-24,EQTL3,99.25
2019-10-24,EZTC3,39.72
2019-10-24,FLRY3,24.51
2019-10-24,GGBR4,13.0
2019-10-24,GNDI3,61.04
2019-10-24,GOAU4,6.03
2019-10-24,GOLL4,37.0
2019-10-24,HAPV3,56.9
2019-10-24,HGTX3,31.32
2019-10-24,HYPE3,34.48
2019-10-24,IGTA3,46.94
2019-10-24,IRBR3,38.9
2019-10-24,ITSA4,13.65
2019-10-24,ITUB4,36.56
2019-10-24,JBSS3,29.1
2019-10-24,JHSF3,4.42
2019-10-24,KLBN11,16.06
2019-10-24,LAME4,20.8
2019-10-24,LCAM3,17.08
2019-10-24,LOGG3,23.35
2019-10-24,LREN3,49.27
2019-10-24,MGLU3,43.25
2019-10-24,MRFG3,11.25
2019-10-24,MRVE3,17.27
2019-10-24,MULT3,28.63
2019-10-24,NATU3,31.22
2019-10-24,PCAR4,82.39
2019-10-24,PETR3,30.81
2019-10-24,PETR4,28.32
2019-10-24,POMO4,3.57
2019-10-24,PRIO3,17.8
2019-10-24,PSSA3,56.8
2019-10-24,QUAL3,31.72
2019-10-24,RADL3,105.5
2019-10-24,RAIL3,22.65
2019-10-24,RENT3,41.64
2019-10-24,SANB11,48.85
2019-10-24,SBSP3,53.3
2019-10-24,SLCE3,18.15
2019-10-24,SMLS3,37.0
2019-10-24,SMTO3,17.84
2019-10-24,STBP3,7.11
2019-10-24,SULA11,50.6
2019-10-24,SUZB3,32.96
2019-10-24,TAEE11,28.0
2019-10-24,TEND3,23.86
2019-10-24,TIMP3,11.68
2019-10-24,TOTS3,58.0
2019-10-24,TRPL4,23.04
2019-10-24,UGPA3,19.2
2019-10-24,USIM5,7.25
2019-10-24,VALE3,46.75
2019-10-24,VIVA3,23.0
2019-10-24,VIVT3,45.15
2019-10-24,VIVT4,53.91
2019-10-24,VVAR3,7.49
2019-10-24,WEGE3,26.1
2019-10-24,YDUQ3,40.06
2019-10-25,ABEV3,17.6
2019-10-25,ALPA4,26.79
2019-10-25,ALSO3,40.79
2019-10-25,ARZZ3,57.52
2019-10-25,AZUL4,52.54
2019-10-25,B3SA3,48.41
2019-10-25,BBAS3,47.73
2019-10-25,BBDC3,33.31
2019-10-25,BBDC4,35.72
2019-10-25,BBSE3,35.19
2019-10-25,BEEF3,10.71
2019-10-25,BIDI11,50.1
2019-10-25,BIDI4,16.84
2019-10-25,BPAC11,64.4
2019-10-25,BPAN4,9.1
2019-10-25,BRAP4,32.19
2019-10-25,BRDT3,28.45
2019-10-25,BRFS3,36.57
2019-10-25,BRKM5,27.58
2019-10-25,BRML3,15.13
2019-10-25,BTOW3,53.97
2019-10-25,CCRO3,16.98
2019-10-25,CIEL3,7.89
2019-10-25,CMIG4,13.16
2019-10-25,COGN3,9.79
2019-10-25,CPFE3,31.71
2019-10-25,CPLE3,51.05
2019-10-25,CPLE6,53.31
2019-10-25,CRFB3,19.7
2019-10-25,CSAN3,57.22
2019-10-25,CSMG3,65.0
2019-10-25,CSNA3,12.12
2019-10-25,CVCB3,53.32
2019-10-25,CYRE3,25.98
2019-10-25,DIRR3,11.78
2019-10-25,ECOR3,14.11
2019-10-25,EGIE3,43.53
2019-10-25,ELET3,37.44
2019-10-25,ELET6,39.28
2019-10-25,EMBR3,17.73
2019-10-25,ENBR3,18.06
2019-10-25,ENEV3,30.88
2019-10-25,ENGI11,45.46
2019-10-25,EQTL3,97.6
2019-10-25,EZTC3,39.5
2019-10-25,FLRY3,24.91
2019-10-25,GGBR4,13.24
2019-10-25,GNDI3,60.54
2019-10-25,GOAU4,6.2
2019-10-25,GOLL4,36.48
2019-10-25,HAPV3,56.65
2019-10-25,HGTX3,31.14
2019-10-25,HYPE3,34.49
2019-10-25,IGTA3,47.08
2019-10-25,IRBR3,38.7
2019-10-25,ITSA4,13.79
2019-10-25,ITUB4,36.8
2019-10-25,JBSS3,28.35
2019-10-25,JHSF3,4.37
2019-10-25,KLBN11,15.78
2019-10-25,LAME4,20.46
2019-10-25,LCAM3,16.78
2019-10-25,LOGG3,23.1
2019-10-25,LREN3,50.5
2019-10-25,MGLU3,42.0
2019-10-25,MRFG3,11.38
2019-10-25,MRVE3,17.36
2019-10-25,MULT3,28.56
2019-10-25,NATU3,31.95
2019-10-25,PCAR3,81.5
2019-10-25,PCAR4,84.09
2019-10-25,PETR3,31.71
2019-10-25,PETR4,29.25
2019-10-25,POMO4,3.5
2019-10-25,PRIO3,17.92
2019-10-25,PSSA3,56.76
2019-10-25,QUAL3,31.95
2019-10-25,RADL3,107.05
2019-10-25,RAIL3,22.82
2019-10-25,RENT3,41.77
2019-10-25,SANB11,49.01
2019-10-25,SBSP3,52.6
2019-10-25,SLCE3,18.18
2019-10-25,SMLS3,37.7
2019-10-25,SMTO3,17.85
2019-10-25,STBP3,6.95
2019-10-25,SULA11,50.49
2019-10-25,SUZB3,32.7
2019-10-25,TAEE11,27.89
2019-10-25,TEND3,23.82
2019-10-25,TIMP3,11.52
2019-10-25,TOTS3,57.75
2019-10-25,TRPL4,23.02
2019-10-25,UGPA3,19.48
2019-10-25,USIM5,7.23
2019-10-25,VALE3,48.56
2019-10-25,VIVA3,23.13
2019-10-25,VIVT3,44.22
2019-10-25,VIVT4,53.6
2019-10-25,VVAR3,7.43
2019-10-25,WEGE3,25.41
2019-10-25,YDUQ3,39.9
2019-10-28,ABEV3,17.54
2019-10-28,ALPA4,27.07
2019-10-28,ALSO3,41.75
2019-10-28,ARZZ3,57.4
2019-10-28,AZUL4,53.16
2019-10-28,B3SA3,48.75
2019-10-28,BBAS3,48.79
2019-10-28,BBDC3,34.3
2019-10-28,BBDC4,37.01
2019-10-28,BBSE3,34.78
2019-10-28,BEEF3,10.47
2019-10-28,BIDI11,51.0
2019-10-28,BIDI4,17.0
2019-10-28,BPAC11,64.2
2019-10-28,BPAN4,9.14
2019-10-28,BRAP4,32.52
2019-10-28,BRDT3,28.99
2019-10-28,BRFS3,35.6
2019-10-28,BRKM5,27.93
2019-10-28,BRML3,15.35
2019-10-28,BTOW3,53.15
2019-10-28,CCRO3,16.89
2019-10-28,CEAB3,17.01
2019-10-28,CIEL3,7.81
2019-10-28,CMIG4,13.26
2019-10-28,COGN3,9.77
2019-10-28,CPFE3,32.02
2019-10-28,CPLE3,51.25
2019-10-28,CPLE6,52.9
2019-10-28,CRFB3,19.49
2019-10-28,CSAN3,57.13
2019-10-28,CSMG3,64.26
2019-10-28,CSNA3,12.21
2019-10-28,CVCB3,52.65
2019-10-28,CYRE3,26.21
2019-10-28,DIRR3,12.07
2019-10-28,ECOR3,14.08
2019-10-28,EGIE3,44.22
2019-10-28,ELET3,38.3
2019-10-28,ELET6,39.83
2019-10-28,EMBR3,17.83
2019-10-28,ENBR3,18.51
2019-10-28,ENEV3,31.09
2019-10-28,ENGI11,46.15
2019-10-28,EQTL3,98.71
2019-10-28,EZTC3,40.0
2019-10-28,FLRY3,25.41
2019-10-28,GGBR4,13.21
2019-10-28,GNDI3,60.3
2019-10-28,GOAU4,6.19
2019-10-28,GOLL4,37.5
2019-10-28,HAPV3,57.2
2019-10-28,HGTX3,31.0
2019-10-28,HYPE3,34.34
2019-10-28,IGTA3,47.01
2019-10-28,IRBR3,38.64
2019-10-28,ITSA4,13.91
2019-10-28,ITUB4,37.3
2019-10-28,JBSS3,28.74
2019-10-28,JHSF3,4.35
2019-10-28,KLBN11,15.59
2019-10-28,LAME4,20.47
2019-10-28,LCAM3,17.0
2019-10-28,LOGG3,24.09
2019-10-28,LREN3,50.05
2019-10-28,MGLU3,42.67
2019-10-28,MRFG3,11.11
2019-10-28,MRVE3,17.52
2019-10-28,MULT3,28.9
2019-10-28,NATU3,31.2
2019-10-28,PCAR4,84.31
2019-10-28,PETR3,31.95
2019-10-28,PETR4,29.6
2019-10-28,POMO4,3.58
2019-10-28,PRIO3,18.16
2019-10-28,PSSA3,57.31
2019-10-28,QUAL3,31.8
2019-10-28,RADL3,107.0
2019-10-28,RAIL3,22.85
2019-10-28,RENT3,41.43
2019-10-28,SANB11,49.45
2019-10-28,SBSP3,52.45
2019-10-28,SLCE3,18.1
2019-10-28,SMLS3,37.23
2019-10-28,SMTO3,17.72
2019-10-28,STBP3,6.9
2019-10-28,SULA11,49.7
2019-10-28,SUZB3,32.68
2019-10-28,TAEE11,28.0
2019-10-28,TEND3,24.02
2019-10-28,TIMP3,11.57
2019-10-28,TOTS3,58.28
2019-10-28,TRPL4,23.06
2019-10-28,UGPA3,19.39
2019-10-28,USIM5,7.26
2019-10-28,VALE3,48.7
2019-10-28,VIVA3,23.39
2019-10-28,VIVT3,44.36
2019-10-28,VIVT4,53.3
2019-10-28,VVAR3,7.36
2019-10-28,WEGE3,25.58
2019-10-28,YDUQ3,39.6
2019-10-29,ABEV3,17.58
2019-10-29,ALPA4,27.06
2019-10-29,ALSO3,40.91
2019-10-29,ARZZ3,57.8
2019-10-29,AZUL4,53.5
2019-10-29,B3SA3,47.9
2019-10-29,BBAS3,48.66
2019-10-29,BBDC3,33.92
2019-10-29,BBDC4,36.5
2019-10-29,BBSE3,34.18
2019-10-29,BEEF3,10.2
2019-10-29,BIDI11,52.0
2019-10-29,BIDI4,17.26
2019-10-29,BPAC11,63.5
2019-10-29,BPAN4,9.07
2019-10-29,BRAP4,32.54
2019-10-29,BRDT3,28.34
2019-10-29,BRFS3,35.7
2019-10-29,BRKM5,27.85
2019-10-29,BRML3,15.15
2019-10-29,BTOW3,52.18
2019-10-29,CCRO3,16.51
2019-10-29,CEAB3,17.0
2019-10-29,CIEL3,7.94
2019-10-29,CMIG4,13.26
2019-10-29,COGN3,9.54
2019-10-29,CPFE3,32.59
2019-10-29,CPLE3,52.0
2019-10-29,CPLE6,53.09
2019-10-29,CRFB3,19.16
2019-10-29,CSAN3,56.7
2019-10-29,CSMG3,65.44
2019-10-29,CSNA3,12.02
2019-10-29,CVCB3,52.0
2019-10-29,CYRE3,26.09
2019-10-29,DIRR3,11.9
2019-10-29,ECOR3,13.86
2019-10-29,EGIE3,44.69
2019-10-29,ELET3,37.72
2019-10-29,ELET6,39.57
2019-10-29,EMBR3,17.79
2019-10-29,ENBR3,18.65
2019-10-29,ENEV3,32.25
2019-10-29,ENGI11,46.85
2019-10-29,EQTL3,99.76
2019-10-29,EZTC3,39.5
2019-10-29,FLRY3,25.45
2019-10-29,GGBR4,13.11
2019-10-29,GNDI3,60.3
2019-10-29,GOAU4,6.16
2019-10-29,GOLL4,38.26
2019-10-29,HAPV3,56.9
2019-10-29,HGTX3,31.14
2019-10-29,HYPE3,34.24
2019-10-29,IGTA3,46.81
2019-10-29,IRBR3,37.8
2019-10-29,ITSA4,13.78
2019-10-29,ITUB4,36.64
2019-10-29,JBSS3,28.52
2019-10-29,JHSF3,4.36
2019-10-29,KLBN11,15.48
2019-10-29,LAME4,20.37
2019-10-29,LCAM3,16.81
2019-10-29,LOGG3,24.0
2019-10-29,LREN3,50.21
2019-10-29,MGLU3,41.15
2019-10-29,MRFG3,11.1
2019-10-29,MRVE3,18.05
2019-10-29,MULT3,28.18
2019-10-29,NATU3,30.33
2019-10-29,PCAR4,81.9
2019-10-29,PETR3,32.24
2019-10-29,PETR4,29.82
2019-10-29,POMO4,3.57
2019-10-29,PRIO3,18.38
2019-10-29,PSSA3,56.69
2019-10-29,QUAL3,31.85
2019-10-29,RADL3,109.4
2019-10-29,RAIL3,22.92
2019-10-29,RENT3,41.43
2019-10-29,SANB11,49.32
2019-10-29,SBSP3,53.05
2019-10-29,SLCE3,18.44
2019-10-29,SMLS3,36.6
2019-10-29,SMTO3,17.67
2019-10-29,STBP3,6.9
2019-10-29,SULA11,49.53
2019-10-29,SUZB3,32.72
2019-10-29,TAEE11,28.0
2019-10-29,TEND3,24.35
2019-10-29,TIMP3,11.45
2019-10-29,TOTS3,62.0
2019-10-29,TRPL4,23.25
2019-10-29,UGPA3,18.99
2019-10-29,USIM5,7.37
2019-10-29,VALE3,48.65
2019-10-29,VIVA3,23.15
2019-10-29,VIVT3,44.55
2019-10-29,VIVT4,53.2
2019-10-29,VVAR3,7.35
2019-10-29,WEGE3,25.52
2019-10-29,YDUQ3,39.4
2019-10-30,ABEV3,17.56
2019-10-30,ALPA4,27.63
2019-10-30,ALSO3,41.7
2019-10-30,ARZZ3,58.5
2019-10-30,AZUL4,53.64
2019-10-30,B3SA3,48.5
2019-10-30,BBAS3,49.42
2019-10-30,BBDC3,34.26
2019-10-30,BBDC4,36.67
2019-10-30,BBSE3,34.0
2019-10-30,BEEF3,10.27
2019-10-30,BIDI11,52.0
2019-10-30,BIDI4,17.58
2019-10-30,BPAC11,64.33
2019-10-30,BPAN4,9.24
2019-10-30,BRAP4,32.67
2019-10-30,BRDT3,28.75
2019-10-30,BRFS3,35.66
2019-10-30,BRKM5,27.81
2019-10-30,BRML3,15.34
2019-10-30,BTOW3,52.93
2019-10-30,CCRO3,16.7
2019-10-30,CEAB3,17.03
2019-10-30,CIEL3,7.65
2019-10-30,CMIG4,13.55
2019-10-30,COGN3,9.6
2019-10-30,CPFE3,32.62
2019-10-30,CPLE3,53.6
2019-10-30,CPLE6,54.4
2019-10-30,CRFB3,19.2
2019-10-30,CSAN3,58.79
2019-10-30,CSMG3,68.19
2019-10-30,CSNA3,11.8
2019-10-30,CVCB3,51.5
2019-10-30,CYRE3,26.48
2019-10-30,DIRR3,11.9
2019-10-30,ECOR3,13.92
2019-10-30,EGIE3,45.31
2019-10-30,ELET3,38.91
2019-10-30,ELET6,40.6
2019-10-30,EMBR3,17.65
2019-10-30,ENBR3,18.86
2019-10-30,ENEV3,33.06
2019-10-30,ENGI11,47.45
2019-10-30,EQTL3,102.26
2019-10-30,EZTC3,40.88
2019-10-30,FLRY3,25.54
2019-10-30,GGBR4,13.38
2019-10-30,GNDI3,60.13
2019-10-30,GOAU4,6.4
2019-10-30,GOLL4,38.85
2019-10-30,HAPV3,56.4
2019-10-30,HGTX3,31.17
2019-10-30,HYPE3,34.3
2019-10-30,IGTA3,47.51
2019-10-30,IRBR3,37.35
2019-10-30,ITSA4,13.95
2019-10-30,ITUB4,36.87
2019-10-30,JBSS3,28.93
2019-10-30,JHSF3,4.47
2019-10-30,KLBN11,15.66
2019-10-30,LAME4,20.65
2019-10-30,LCAM3,17.17
2019-10-30,LOGG3,24.79
2019-10-30,LREN3,50.28
2019-10-30,MGLU3,44.02
2019-10-30,MRFG3,11.04
2019-10-30,MRVE3,18.17
2019-10-30,MULT3,29.23
2019-10-30,NATU3,31.01
2019-10-30,PCAR4,83.07
2019-10-30,PETR3,32.63
2019-10-30,PETR4,30.08
2019-10-30,POMO4,3.61
2019-10-30,PRIO3,18.5
2019-10-30,PSSA3,56.2
2019-10-30,QUAL3,32.6
2019-10-30,RADL3,109.3
2019-10-30,RAIL3,23.1
2019-10-30,RENT3,42.93
2019-10-30,SANB11,48.5
2019-10-30,SBSP3,54.84
2019-10-30,SLCE3,18.39
2019-10-30,SMLS3,37.48
2019-10-30,SMTO3,17.72
2019-10-30,STBP3,6.9
2019-10-30,SULA11,49.29
2019-10-30,SUZB3,32.3
2019-10-30,TAEE11,28.59
2019-10-30,TEND3,24.36
2019-10-30,TIMP3,11.56
2019-10-30,TOTS3,63.25
2019-10-30,TRPL4,23.63
2019-10-30,UGPA3,19.0
2019-10-30,USIM5,7.37
2019-10-30,VALE3,48.59
2019-10-30,VIVA3,23.89
2019-10-30,VIVT3,44.55
2019-10-30,VIVT4,53.24
2019-10-30,VVAR3,7.4
2019-10-30,WEGE3,25.85
2019-10-30,YDUQ3,39.1
2019-10-31,ABEV3,17.38
2019-10-31,ALPA4,27.24
2019-10-31,ALSO3,42.55
2019-10-31,ARZZ3,59.1
2019-10-31,AZUL4,52.52
2019-10-31,B3SA3,48.38
2019-10-31,BBAS3,48.15
2019-10-31,BBDC3,32.85
2019-10-31,BBDC4,35.17
2019-10-31,BBSE3,33.97
2019-10-31,BEEF3,10.34
2019-10-31,BIDI11,51.8
2019-10-31,BIDI4,17.14
2019-10-31,BPAC11,64.96
2019-10-31,BPAN4,9.06
2019-10-31,BRAP4,32.01
2019-10-31,BRDT3,28.28
2019-10-31,BRFS3,35.51
2019-10-31,BRKM5,27.7
2019-10-31,BRML3,15.35
2019-10-31,BTOW3,50.8
2019-10-31,CCRO3,16.44
2019-10-31,CEAB3,16.98
2019-10-31,CIEL3,7.56
2019-10-31,CMIG4,13.65
2019-10-31,COGN3,9.67
2019-10-31,CPFE3,33.02
2019-10-31,CPLE3,54.93
2019-10-31,CPLE6,55.67
2019-10-31,CRFB3,19.11
2019-10-31,CSAN3,57.79
2019-10-31,CSMG3,67.49
2019-10-31,CSNA3,11.8
2019-10-31,CVCB3,51.23
2019-10-31,CYRE3,26.93
2019-10-31,DIRR3,11.95
2019-10-31,ECOR3,13.75
2019-10-31,EGIE3,45.26
2019-10-31,ELET3,39.56
2019-10-31,ELET6,40.99
2019-10-31,EMBR3,17.53
2019-10-31,ENBR3,18.97
2019-10-31,ENEV3,32.87
2019-10-31,ENGI11,47.92
2019-10-31,EQTL3,101.88
2019-10-31,EZTC3,41.2
2019-10-31,FLRY3,25.45
2019-10-31,GGBR4,13.43
2019-10-31,GNDI3,60.0
2019-10-31,GOAU4,6.29
2019-10-31,GOLL4,36.6
2019-10-31,HAPV3,56.3
2019-10-31,HGTX3,31.47
2019-10-31,HYPE3,34.32
2019-10-31,IGTA3,47.9
2019-10-31,IRBR3,37.79
2019-10-31,ITSA4,13.71
2019-10-31,ITUB4,36.23
2019-10-31,JBSS3,28.29
2019-10-31,JHSF3,4.5
2019-10-31,KLBN11,15.82
2019-10-31,LAME4,19.99
2019-10-31,LCAM3,17.26
2019-10-31,LOGG3,25.3
2019-10-31,LREN3,50.75
2019-10-31,MGLU3,44.64
2019-10-31,MRFG3,10.75
2019-10-31,MRVE3,17.59
2019-10-31,MULT3,29.21
2019-10-31,NATU3,31.16
2019-10-31,PCAR4,82.99
2019-10-31,PETR3,32.7
2019-10-31,PETR4,30.39
2019-10-31,POMO4,3.63
2019-10-31,PRIO3,18.5
2019-10-31,PSSA3,57.4
2019-10-31,QUAL3,31.9
2019-10-31,RADL3,110.0
2019-10-31,RAIL3,22.8
2019-10-31,RENT3,43.18
2019-10-31,SANB11,47.06
2019-10-31,SBSP3,54.62
2019-10-31,SLCE3,18.11
2019-10-31,SMLS3,37.0
2019-10-31,SMTO3,17.56
2019-10-31,STBP3,6.84
2019-10-31,SULA11,48.29
2019-10-31,SUZB3,32.64
2019-10-31,TAEE11,28.88
2019-10-31,TEND3,23.61
2019-10-31,TIMP3,11.42
2019-10-31,TOTS3,62.28
2019-10-31,TRPL4,23.57
2019-10-31,UGPA3,18.87
2019-10-31,USIM5,7.26
2019-10-31,VALE3,47.2
2019-10-31,VIVA3,24.24
2019-10-31,VIVT3,44.5
2019-10-31,VIVT4,53.08
2019-10-31,VVAR3,7.42
2019-10-31,WEGE3,25.5
2019-10-31,YDUQ3,39.25
2019-11-01,ABEV3,17.33
2019-11-01,ALPA4,27.8
2019-11-01,ALSO3,42.54
2019-11-01,ARZZ3,62.12
2019-11-01,AZUL4,53.55
2019-11-01,B3SA3,49.2
2019-11-01,BBAS3,47.96
2019-11-01,BBDC3,32.49
2019-11-01,BBDC4,34.87
2019-11-01,BBSE3,34.32
2019-11-01,BEEF3,10.38
2019-11-01,BIDI11,51.0
2019-11-01,BIDI4,16.98
2019-11-01,BPAC11,66.36
2019-11-01,BPAN4,9.2
2019-11-01,BRAP4,32.58
2019-11-01,BRDT3,28.42
2019-11-01,BRFS3,35.2
2019-11-01,BRKM5,27.87
2019-11-01,BRML3,15.47
2019-11-01,BTOW3,51.13
2019-11-01,CCRO3,16.77
2019-11-01,CEAB3,17.34
2019-11-01,CIEL3,7.4
2019-11-01,CMIG4,13.44
2019-11-01,COGN3,9.85
2019-11-01,CPFE3,33.1
2019-11-01,CPLE3,56.5
2019-11-01,CPLE6,57.11
2019-11-01,CRFB3,19.52
2019-11-01,CSAN3,58.85
2019-11-01,CSMG3,69.0
2019-11-01,CSNA3,11.93
2019-11-01,CVCB3,53.05
2019-11-01,CYRE3,28.22
2019-11-01,DIRR3,12.45
2019-11-01,ECOR3,13.94
2019-11-01,EGIE3,45.98
2019-11-01,ELET3,39.73
2019-11-01,ELET6,41.11
2019-11-01,EMBR3,17.72
2019-11-01,ENBR3,18.9
2019-11-01,ENEV3,32.83
2019-11-01,ENGI11,47.5
2019-11-01,EQTL3,101.32
2019-11-01,EZTC3,42.22
2019-11-01,FLRY3,25.53
2019-11-01,GGBR4,13.91
2019-11-01,GNDI3,60.85
2019-11-01,GOAU4,6.55
2019-11-01,GOLL4,36.4
2019-11-01,HAPV3,56.75
2019-11-01,HGTX3,33.36
2019-11-01,HYPE3,35.4
2019-11-01,IGTA3,49.0
2019-11-01,IRBR3,38.35
2019-11-01,ITSA4,13.76
2019-11-01,ITUB4,36.35
2019-11-01,JBSS3,28.32
2019-11-01,JHSF3,4.73
2019-11-01,KLBN11,16.14
2019-11-01,LAME4,20.39
2019-11-01,LCAM3,17.8
2019-11-01,LOGG3,26.09
2019-11-01,LREN3,51.67
2019-11-01,MGLU3,47.19
2019-11-01,MRFG3,10.84
2019-11-01,MRVE3,18.25
2019-11-01,MULT3,29.04
2019-11-01,NATU3,31.8
2019-11-01,PCAR4,84.76
2019-11-01,PETR3,32.74
2019-11-01,PETR4,30.43
2019-11-01,POMO4,3.76
2019-11-01,PRIO3,18.82
2019-11-01,PSSA3,58.0
2019-11-01,QUAL3,31.76
2019-11-01,RADL3,112.97
2019-11-01,RAIL3,22.91
2019-11-01,RENT3,43.3
2019-11-01,SANB11,47.1
2019-11-01,SBSP3,55.2
2019-11-01,SLCE3,18.48
2019-11-01,SMLS3,36.59
2019-11-01,SMTO3,17.75
2019-11-01,STBP3,7.0
2019-11-01,SULA11,49.3
2019-11-01,SUZB3,35.01
2019-11-01,TAEE11,28.66
2019-11-01,TEND3,25.07
2019-11-01,TIMP3,11.46
2019-11-01,TOTS3,63.31
2019-11-01,TRPL4,23.46
2019-11-01,UGPA3,19.4
2019-11-01,USIM5,7.42
2019-11-01,VALE3,48.44
2019-11-01,VIVA3,23.95
2019-11-01,VIVT3,44.26
2019-11-01,VIVT4,53.36
2019-11-01,VVAR3,7.64
2019-11-01,WEGE3,25.88
2019-11-01,YDUQ3,40.5
2019-11-04,ABEV3,17.57
2019-11-04,ALPA4,27.28
2019-11-04,ALSO3,42.4
2019-11-04,ARZZ3,60.95
2019-11-04,AZUL4,53.5
2019-11-04,B3SA3,49.27
2019-11-04,BBAS3,47.69
2019-11-04,BBDC3,32.64
2019-11-04,BBDC4,34.89
2019-11-04,BBSE3,33.62
2019-11-04,BEEF3,10.79
2019-11-04,BIDI11,50.29
2019-11-04,BIDI4,16.71
2019-11-04,BPAC11,66.0
2019-11-04,BPAN4,9.5
2019-11-04,BRAP4,33.2
2019-11-04,BRDT3,27.77
2019-11-04,BRFS3,36.3
2019-11-04,BRKM5,28.53
2019-11-04,BRML3,15.43
2019-11-04,BTOW3,50.54
2019-11-04,CCRO3,17.02
2019-11-04,CEAB3,17.9
2019-11-04,CIEL3,7.52
2019-11-04,CMIG4,13.43
2019-11-04,COGN3,9.89
2019-11-04,CPFE3,33.29
2019-11-04,CPLE3,55.4
2019-11-04,CPLE6,55.71
2019-11-04,CRFB3,19.49
2019-11-04,CSAN3,60.0
2019-11-04,CSMG3,69.04
2019-11-04,CSNA3,12.1
2019-11-04,CVCB3,52.39
2019-11-04,CYRE3,28.46
2019-11-04,DIRR3,12.61
2019-11-04,ECOR3,14.13
2019-11-04,EGIE3,46.01
2019-11-04,ELET3,40.29
2019-11-04,ELET6,41.08
2019-11-04,EMBR3,18.01
2019-11-04,ENBR3,19.0
2019-11-04,ENEV3,32.42
2019-11-04,ENGI11,46.33
2019-11-04,EQTL3,102.63
2019-11-04,EZTC3,43.35
2019-11-04,FLRY3,25.51
2019-11-04,GGBR4,14.6
2019-11-04,GNDI3,59.08
2019-11-04,GOAU4,6.82
2019-11-04,GOLL4,35.61
2019-11-04,HAPV3,55.85
2019-11-04,HGTX3,33.8
2019-11-04,HYPE3,35.55
2019-11-04,IGTA3,48.9
2019-11-04,IRBR3,38.64
2019-11-04,ITSA4,13.9
2019-11-04,ITUB4,36.47
2019-11-04,JBSS3,29.2
2019-11-04,JHSF3,5.04
2019-11-04,KLBN11,16.92
2019-11-04,LAME4,20.2
2019-11-04,LCAM3,17.55
2019-11-04,LOGG3,27.5
2019-11-04,LREN3,51.05
2019-11-04,MGLU3,44.97
2019-11-04,MRFG3,10.97
2019-11-04,MRVE3,19.1
2019-11-04,MULT3,29.32
2019-11-04,NATU3,31.04
2019-11-04,PCAR3,89.99
2019-11-04,PCAR4,84.24
2019-11-04,PETR3,32.97
2019-11-04,PETR4,30.36
2019-11-04,POMO4,3.7
2019-11-04,PRIO3,19.36
2019-11-04,PSSA3,58.25
2019-11-04,QUAL3,31.8
2019-11-04,RADL3,113.8
2019-11-04,RAIL3,22.78
2019-11-04,RENT3,42.25
2019-11-04,SANB11,47.25
2019-11-04,SBSP3,55.5
2019-11-04,SLCE3,18.51
2019-11-04,SMLS3,36.6
2019-11-04,SMTO3,18.05
2019-11-04,STBP3,7.2
2019-11-04,SULA11,49.12
2019-11-04,SUZB3,36.44
2019-11-04,TAEE11,29.0
2019-11-04,TEND3,25.9
2019-11-04,TIMP3,11.88
2019-11-04,TOTS3,61.93
2019-11-04,TRPL4,23.31
2019-11-04,UGPA3,19.44
2019-11-04,USIM5,7.59
2019-11-04,VALE3,49.82
2019-11-04,VIVA3,24.2
2019-11-04,VIVT3,45.2
2019-11-04,VIVT4,53.75
2019-11-04,VVAR3,7.57
2019-11-04,WEGE3,26.13
2019-11-04,YDUQ3,39.12
2019-11-05,ABEV3,17.71
2019-11-05,ALPA4,27.2
2019-11-05,ALSO3,41.83
2019-11-05,ARZZ3,60.3
2019-11-05,AZUL4,53.37
2019-11-05,B3SA3,49.3
2019-11-05,BBAS3,47.99
2019-11-05,BBDC3,33.19
2019-11-05,BBDC4,35.36
2019-11-05,BBSE3,34.45
2019-11-05,BEEF3,11.25
2019-11-05,BIDI11,49.1
2019-11-05,BIDI4,16.6
2019-11-05,BPAC11,67.0
2019-11-05,BPAN4,9.35
2019-11-05,BRAP4,33.08
2019-11-05,BRDT3,27.47
2019-11-05,BRFS3,36.57
2019-11-05,BRKM5,29.61
2019-11-05,BRML3,15.2
2019-11-05,BTOW3,52.55
2019-11-05,CCRO3,16.78
2019-11-05,CEAB3,18.0
2019-11-05,CIEL3,7.4
2019-11-05,CMIG4,13.26
2019-11-05,COGN3,9.9
2019-11-05,CPFE3,33.01
2019-11-05,CPLE3,53.96
2019-11-05,CPLE6,54.85
2019-11-05,CRFB3,19.26
2019-11-05,CSAN3,59.5
2019-11-05,CSMG3,67.0
2019-11-05,CSNA3,12.31
2019-11-05,CVCB3,52.1
2019-11-05,CYRE3,27.75
2019-11-05,DIRR3,12.1
2019-11-05,ECOR3,13.8
2019-11-05,EGIE3,45.97
2019-11-05,ELET3,39.99
2019-11-05,ELET6,40.9
2019-11-05,EMBR3,18.19
2019-11-05,ENBR3,18.8
2019-11-05,ENEV3,32.31
2019-11-05,ENGI11,46.09
2019-11-05,EQTL3,102.54
2019-11-05,EZTC3,41.71
2019-11-05,FLRY3,25.7
2019-11-05,GGBR4,14.75
2019-11-05,GNDI3,59.06
2019-11-05,GOAU4,6.87
2019-11-05,GOLL4,34.73
2019-11-05,HAPV3,54.35
2019-11-05,HGTX3,33.35
2019-11-05,HYPE3,35.64
2019-11-05,IGTA3,47.94
2019-11-05,IRBR3,38.7
2019-11-05,ITSA4,14.07
2019-11-05,ITUB4,37.1
2019-11-05,JBSS3,28.07
2019-11-05,JHSF3,5.09
2019-11-05,KLBN11,17.25
2019-11-05,LAME4,20.03
2019-11-05,LCAM3,17.47
2019-11-05,LOGG3,27.0
2019-11-05,LREN3,49.52
2019-11-05,MGLU3,44.04
2019-11-05,MRFG3,10.92
2019-11-05,MRVE3,18.73
2019-11-05,MULT3,28.54
2019-11-05,NATU3,30.2
2019-11-05,PCAR4,83.6
2019-11-05,PETR3,32.55
2019-11-05,PETR4,29.65
2019-11-05,POMO4,3.56
2019-11-05,PRIO3,19.03
2019-11-05,PSSA3,56.0
2019-11-05,QUAL3,31.28
2019-11-05,RADL3,111.89
2019-11-05,RAIL3,22.97
2019-11-05,RENT3,42.18
2019-11-05,SANB11,47.94
2019-11-05,SBSP3,54.76
2019-11-05,SLCE3,18.15
2019-11-05,SMLS3,36.45
2019-11-05,SMTO3,18.4
2019-11-05,STBP3,7.18
2019-11-05,SULA11,48.22
2019-11-05,SUZB3,37.16
2019-11-05,TAEE11,28.87
2019-11-05,TEND3,25.77
2019-11-05,TIMP3,11.95
2019-11-05,TOTS3,59.9
2019-11-05,TRPL4,23.1
2019-11-05,UGPA3,19.3
2019-11-05,USIM5,7.59
2019-11-05,VALE3,49.87
2019-11-05,VIVA3,24.3
2019-11-05,VIVT3,44.7
2019-11-05,VIVT4,53.03
2019-11-05,VVAR3,7.38
2019-11-05,WEGE3,26.74
2019-11-05,YDUQ3,38.34
2019-11-06,ABEV3,17.52
2019-11-06,ALPA4,27.35
2019-11-06,ALSO3,42.19
2019-11-06,ARZZ3,60.68
2019-11-06,AZUL4,51.73
2019-11-06,B3SA3,48.9
2019-11-06,BBAS3,47.67
2019-11-06,BBDC3,32.73
2019-11-06,BBDC4,35.17
2019-11-06,BBSE3,35.37
2019-11-06,BEEF3,11.5
2019-11-06,BIDI11,48.95
2019-11-06,BIDI4,16.86
2019-11-06,BPAC11,66.24
2019-11-06,BPAN4,9.24
2019-11-06,BRAP4,33.24
2019-11-06,BRDT3,27.5
2019-11-06,BRFS3,35.52
2019-11-06,BRKM5,29.0
2019-11-06,BRML3,15.39
2019-11-06,BTOW3,54.26
2019-11-06,CCRO3,16.88
2019-11-06,CEAB3,17.85
2019-11-06,CIEL3,7.36
2019-11-06,CMIG4,13.13
2019-11-06,COGN3,9.86
2019-11-06,CPFE3,33.02
2019-11-06,CPLE3,54.96
2019-11-06,CPLE6,55.0
2019-11-06,CRFB3,19.08
2019-11-06,CSAN3,59.07
2019-11-06,CSMG3,67.24
2019-11-06,CSNA3,12.3
2019-11-06,CVCB3,51.69
2019-11-06,CYRE3,27.66
2019-11-06,DIRR3,12.31
2019-11-06,ECOR3,14.08
2019-11-06,EGIE3,46.02
2019-11-06,ELET3,40.5
2019-11-06,ELET6,41.32
2019-11-06,EMBR3,18.05
2019-11-06,ENBR3,18.87
2019-11-06,ENEV3,32.4
2019-11-06,ENGI11,47.29
2019-11-06,EQTL3,101.22
2019-11-06,EZTC3,41.61
2019-11-06,FLRY3,25.85
2019-11-06,GGBR4,14.73
2019-11-06,GNDI3,59.28
2019-11-06,GOAU4,6.87
2019-11-06,GOLL4,35.0
2019-11-06,HAPV3,55.01
2019-11-06,HGTX3,34.16
2019-11-06,HYPE3,35.6
2019-11-06,IGTA3,48.42
2019-11-06,IRBR3,38.01
2019-11-06,ITSA4,13.96
2019-11-06,ITUB4,36.6
2019-11-06,JBSS3,26.6
2019-11-06,JHSF3,5.07
2019-11-06,KLBN11,16.93
2019-11-06,LAME4,20.49
2019-11-06,LCAM3,17.74
2019-11-06,LOGG3,26.9
2019-11-06,LREN3,50.39
2019-11-06,MGLU3,45.2
2019-11-06,MRFG3,10.9
2019-11-06,MRVE3,18.7
2019-11-06,MULT3,29.18
2019-11-06,NATU3,31.61
2019-11-06,PCAR4,83.74
2019-11-06,PETR3,32.41
2019-11-06,PETR4,29.71
2019-11-06,POMO4,3.59
2019-11-06,PRIO3,19.16
2019-11-06,PSSA3,55.99
2019-11-06,QUAL3,31.81
2019-11-06,RADL3,112.64
2019-11-06,RAIL3,23.56
2019-11-06,RENT3,42.19
2019-11-06,SANB11,47.26
2019-11-06,SBSP3,53.93
2019-11-06,SLCE3,18.31
2019-11-06,SMLS3,36.26
2019-11-06,SMTO3,18.62
2019-11-06,STBP3,7.3
2019-11-06,SULA11,48.85
2019-11-06,SUZB3,36.95
2019-11-06,TAEE11,28.74
2019-11-06,TEND3,25.88
2019-11-06,TIMP3,12.47
2019-11-06,TOTS3,61.52
2019-11-06,TRPL4,23.22
2019-11-06,UGPA3,19.55
2019-11-06,USIM5,7.69
2019-11-06,VALE3,49.69
2019-11-06,VIVA3,24.0
2019-11-06,VIVT3,45.3
2019-11-06,VIVT4,54.56
2019-11-06,VVAR3,7.45
2019-11-06,WEGE3,27.17
2019-11-06,YDUQ3,39.47
2019-11-07,ABEV3,17.56
2019-11-07,ALPA4,27.33
2019-11-07,ALSO3,42.09
2019-11-07,ARZZ3,59.95
2019-11-07,AZUL4,52.49
2019-11-07,B3SA3,49.4
2019-11-07,BBAS3,47.67
2019-11-07,BBDC3,33.02
2019-11-07,BBDC4,35.26
2019-11-07,BBSE3,35.46
2019-11-07,BEEF3,11.8
2019-11-07,BIDI11,46.5
2019-11-07,BIDI4,15.9
2019-11-07,BPAC11,67.0
2019-11-07,BPAN4,9.13
2019-11-07,BRAP4,33.47
2019-11-07,BRDT3,27.41
2019-11-07,BRFS3,35.96
2019-11-07,BRKM5,30.72
2019-11-07,BRML3,15.41
2019-11-07,BTOW3,53.1
2019-11-07,CCRO3,17.78
2019-11-07,CEAB3,17.7
2019-11-07,CIEL3,7.63
2019-11-07,CMIG4,13.25
2019-11-07,COGN3,10.0
2019-11-07,CPFE3,33.31
2019-11-07,CPLE3,56.24
2019-11-07,CPLE6,55.32
2019-11-07,CRFB3,19.17
2019-11-07,CSAN3,59.86
2019-11-07,CSMG3,66.99
2019-11-07,CSNA3,12.6
2019-11-07,CVCB3,51.82
2019-11-07,CYRE3,27.91
2019-11-07,DIRR3,12.38
2019-11-07,ECOR3,14.88
2019-11-07,EGIE3,46.25
2019-11-07,ELET3,40.2
2019-11-07,ELET6,41.04
2019-11-07,EMBR3,18.29
2019-11-07,ENBR3,18.98
2019-11-07,ENEV3,35.38
2019-11-07,ENGI11,47.69
2019-11-07,EQTL3,102.28
2019-11-07,EZTC3,41.88
2019-11-07,FLRY3,26.3
2019-11-07,GGBR4,15.33
2019-11-07,GNDI3,59.04
2019-11-07,GOAU4,7.11
2019-11-07,GOLL4,35.57
2019-11-07,HAPV3,55.34
2019-11-07,HGTX3,34.16
2019-11-07,HYPE3,35.39
2019-11-07,IGTA3,48.58
2019-11-07,IRBR3,36.35
2019-11-07,ITSA4,13.94
2019-11-07,ITUB4,36.82
2019-11-07,JBSS3,27.15
2019-11-07,JHSF3,4.96
2019-11-07,KLBN11,17.68
2019-11-07,LAME4,20.33
2019-11-07,LCAM3,18.3
2019-11-07,LOGG3,26.95
2019-11-07,LREN3,50.19
2019-11-07,MGLU3,44.2
2019-11-07,MRFG3,11.34
2019-11-07,MRVE3,18.55
2019-11-07,MULT3,29.47
2019-11-07,NATU3,34.1
2019-11-07,PCAR4,84.2
2019-11-07,PETR3,33.45
2019-11-07,PETR4,30.9
2019-11-07,POMO4,3.6
2019-11-07,PRIO3,19.73
2019-11-07,PSSA3,56.16
2019-11-07,QUAL3,32.69
2019-11-07,RADL3,112.05
2019-11-07,RAIL3,23.78
2019-11-07,RENT3,42.35
2019-11-07,SANB11,47.77
2019-11-07,SBSP3,54.89
2019-11-07,SLCE3,18.49
2019-11-07,SMLS3,35.72
2019-11-07,SMTO3,18.83
2019-11-07,STBP3,7.58
2019-11-07,SULA11,49.6
2019-11-07,SUZB3,38.26
2019-11-07,TAEE11,28.86
2019-11-07,TEND3,25.78
2019-11-07,TIMP3,12.49
2019-11-07,TOTS3,61.07
2019-11-07,TRPL4,23.36
2019-11-07,UGPA3,20.58
2019-11-07,USIM5,8.3
2019-11-07,VALE3,50.11
2019-11-07,VIVA3,23.85
2019-11-07,VIVT3,44.76
2019-11-07,VIVT4,54.5
2019-11-07,VVAR3,7.42
2019-11-07,WEGE3,28.09
2019-11-07,YDUQ3,38.86
2019-11-08,ABEV3,17.3
2019-11-08,ALPA4,27.78
2019-11-08,ALSO3,41.82
2019-11-08,ARZZ3,59.5
2019-11-08,AZUL4,50.92
2019-11-08,B3SA3,48.7
2019-11-08,BBAS3,47.0
2019-11-08,BBDC3,32.03
2019-11-08,BBDC4,34.24
2019-11-08,BBSE3,34.69
2019-11-08,BEEF3,11.82
2019-11-08,BIDI11,45.16
2019-11-08,BIDI4,15.38
2019-11-08,BPAC11,67.3
2019-11-08,BPAN4,8.98
2019-11-08,BRAP4,33.14
2019-11-08,BRDT3,27.88
2019-11-08,BRFS3,34.45
2019-11-08,BRKM5,31.25
2019-11-08,BRML3,15.16
2019-11-08,BTOW3,52.08
2019-11-08,CCRO3,17.36
2019-11-08,CEAB3,17.5
2019-11-08,CIEL3,7.74
2019-11-08,CMIG4,13.09
2019-11-08,COGN3,9.82
2019-11-08,CPFE3,32.15
2019-11-08,CPLE3,55.7
2019-11-08,CPLE6,54.97
2019-11-08,CRFB3,18.87
2019-11-08,CSAN3,59.4
2019-11-08,CSMG3,65.69
2019-11-08,CSNA3,12.3
2019-11-08,CVCB3,44.49
2019-11-08,CYRE3,27.54
2019-11-08,DIRR3,12.01
2019-11-08,ECOR3,14.5
2019-11-08,EGIE3,45.2
2019-11-08,ELET3,38.22
2019-11-08,ELET6,39.55
2019-11-08,EMBR3,18.08
2019-11-08,ENBR3,18.77
2019-11-08,ENEV3,35.12
2019-11-08,ENGI11,47.0
2019-11-08,EQTL3,100.25
2019-11-08,EZTC3,41.59
2019-11-08,FLRY3,25.86
2019-11-08,GGBR4,15.25
2019-11-08,GNDI3,58.78
2019-11-08,GOAU4,7.05
2019-11-08,GOLL4,33.97
2019-11-08,HAPV3,55.69
2019-11-08,HGTX3,32.85
2019-11-08,HYPE3,35.14
2019-11-08,IGTA3,47.1
2019-11-08,IRBR3,35.1
2019-11-08,ITSA4,13.76
2019-11-08,ITUB4,36.27
2019-11-08,JBSS3,27.59
2019-11-08,JHSF3,4.91
2019-11-08,KLBN11,17.59
2019-11-08,LAME4,19.43
2019-11-08,LCAM3,18.19
2019-11-08,LOGG3,26.8
2019-11-08,LREN3,48.92
2019-11-08,MGLU3,43.81
2019-11-08,MRFG3,11.05
2019-11-08,MRVE3,18.02
2019-11-08,MULT3,28.76
2019-11-08,NATU3,33.58
2019-11-08,PCAR4,81.09
2019-11-08,PETR3,32.91
2019-11-08,PETR4,30.02
2019-11-08,POMO4,3.57
2019-11-08,PRIO3,19.8
2019-11-08,PSSA3,56.39
2019-11-08,QUAL3,32.48
2019-11-08,RADL3,111.5
2019-11-08,RAIL3,23.49
2019-11-08,RENT3,41.55
2019-11-08,SANB11,46.59
2019-11-08,SBSP3,53.9
2019-11-08,SLCE3,18.46
2019-11-08,SMLS3,35.0
2019-11-08,SMTO3,18.9
2019-11-08,STBP3,7.55
2019-11-08,SULA11,50.54
2019-11-08,SUZB3,38.0
2019-11-08,TAEE11,28.21
2019-11-08,TEND3,25.52
2019-11-08,TIMP3,12.81
2019-11-08,TOTS3,60.99
2019-11-08,TRPL4,23.45
2019-11-08,UGPA3,20.48
2019-11-08,USIM5,8.01
2019-11-08,VALE3,49.18
2019-11-08,VIVA3,23.75
2019-11-08,VIVT3,45.0
2019-11-08,VIVT4,54.0
2019-11-08,VVAR3,7.25
2019-11-08,WEGE3,28.24
2019-11-08,YDUQ3,37.66
2019-11-11,ABEV3,17.54
2019-11-11,ALPA4,29.0
2019-11-11,ALSO3,42.0
2019-11-11,ARZZ3,59.9
2019-11-11,AZUL4,50.45
2019-11-11,B3SA3,50.1
2019-11-11,BBAS3,47.24
2019-11-11,BBDC3,32.18
2019-11-11,BBDC4,34.16
2019-11-11,BBSE3,34.58
2019-11-11,BEEF3,11.96
2019-11-11,BIDI11,43.8
2019-11-11,BIDI4,15.04
2019-11-11,BPAC11,67.0
2019-11-11,BPAN4,9.1
2019-11-11,BRAP4,32.47
2019-11-11,BRDT3,28.5
2019-11-11,BRFS3,34.67
2019-11-11,BRKM5,31.4
2019-11-11,BRML3,15.29
2019-11-11,BTOW3,53.1
2019-11-11,CCRO3,17.81
2019-11-11,CEAB3,17.49
2019-11-11,CIEL3,8.02
2019-11-11,CMIG4,13.14
2019-11-11,COGN3,9.8
2019-11-11,CPFE3,31.9
2019-11-11,CPLE3,56.08
2019-11-11,CPLE6,55.14
2019-11-11,CRFB3,18.8
2019-11-11,CSAN3,60.59
2019-11-11,CSMG3,64.69
2019-11-11,CSNA3,12.21
2019-11-11,CVCB3,43.7
2019-11-11,CYRE3,27.65
2019-11-11,DIRR3,12.01
2019-11-11,ECOR3,14.73
2019-11-11,EGIE3,45.07
2019-11-11,ELET3,38.85
2019-11-11,ELET6,39.71
2019-11-11,EMBR3,17.8
2019-11-11,ENBR3,18.72
2019-11-11,ENEV3,35.69
2019-11-11,ENGI11,48.02
2019-11-11,EQTL3,102.8
2019-11-11,EZTC3,41.99
2019-11-11,FLRY3,26.08
2019-11-11,GGBR4,15.28
2019-11-11,GNDI3,59.44
2019-11-11,GOAU4,7.12
2019-11-11,GOLL4,34.19
2019-11-11,HAPV3,57.48
2019-11-11,HGTX3,32.64
2019-11-11,HYPE3,35.42
2019-11-11,IGTA3,47.02
2019-11-11,IRBR3,36.45
2019-11-11,ITSA4,13.89
2019-11-11,ITUB4,36.43
2019-11-11,JBSS3,27.81
2019-11-11,JHSF3,5.13
2019-11-11,KLBN11,17.8
2019-11-11,LAME4,19.87
2019-11-11,LCAM3,18.01
2019-11-11,LOGG3,26.75
2019-11-11,LREN3,50.55
2019-11-11,MGLU3,45.02
2019-11-11,MRFG3,11.24
2019-11-11,MRVE3,17.89
2019-11-11,MULT3,29.12
2019-11-11,NATU3,33.4
2019-11-11,PCAR4,81.16
2019-11-11,PETR3,33.14
2019-11-11,PETR4,30.45
2019-11-11,POMO4,3.51
2019-11-11,PRIO3,19.54
2019-11-11,PSSA3,56.37
2019-11-11,QUAL3,32.76
2019-11-11,RADL3,112.0
2019-11-11,RAIL3,23.82
2019-11-11,RENT3,42.13
2019-11-11,SANB11,46.7
2019-11-11,SBSP3,53.18
2019-11-11,SLCE3,18.81
2019-11-11,SMLS3,35.28
2019-11-11,SMTO3,19.2
2019-11-11,STBP3,7.64
2019-11-11,SULA11,52.0
2019-11-11,SUZB3,38.24
2019-11-11,TAEE11,28.13
2019-11-11,TEND3,26.2
2019-11-11,TIMP3,12.67
2019-11-11,TOTS3,62.18
2019-11-11,TRPL4,22.49
2019-11-11,UGPA3,20.5
2019-11-11,USIM5,7.9
2019-11-11,VALE3,48.13
2019-11-11,VIVA3,24.0
2019-11-11,VIVT3,45.26
2019-11-11,VIVT4,53.96
2019-11-11,VVAR3,7.31
2019-11-11,WEGE3,29.09
2019-11-11,YDUQ3,38.16
2019-11-12,ABEV3,17.37
2019-11-12,ALPA4,28.36
2019-11-12,ALSO3,41.01
2019-11-12,ARZZ3,58.95
2019-11-12,AZUL4,48.51
2019-11-12,B3SA3,49.2
2019-11-12,BBAS3,46.72
2019-11-12,BBDC3,31.73
2019-11-12,BBDC4,33.84
2019-11-12,BBSE3,34.16
2019-11-12,BEEF3,11.67
2019-11-12,BIDI11,41.1
2019-11-12,BIDI4,13.85
2019-11-12,BPAC11,66.8
2019-11-12,BPAN4,8.69
2019-11-12,BRAP4,32.59
2019-11-12,BRDT3,27.48
2019-11-12,BRFS3,33.2
2019-11-12,BRKM5,30.36
2019-11-12,BRML3,15.07
2019-11-12,BTOW3,52.29
2019-11-12,CCRO3,17.22
2019-11-12,CEAB3,16.8
2019-11-12,CIEL3,7.95
2019-11-12,CMIG4,12.92
2019-11-12,COGN3,9.5
2019-11-12,CPFE3,31.9
2019-11-12,CPLE3,57.8
2019-11-12,CPLE6,56.25
2019-11-12,CRFB3,18.4
2019-11-12,CSAN3,57.6
2019-11-12,CSMG3,64.55
2019-11-12,CSNA3,11.84
2019-11-12,CVCB3,40.8
2019-11-12,CYRE3,26.71
2019-11-12,DIRR3,11.8
2019-11-12,ECOR3,14.35
2019-11-12,EGIE3,44.57
2019-11-12,ELET3,37.01
2019-11-12,ELET6,38.33
2019-11-12,EMBR3,17.19
2019-11-12,ENBR3,18.96
2019-11-12,ENEV3,35.15
2019-11-12,ENGI11,48.19
2019-11-12,EQTL3,101.94
2019-11-12,EZTC3,40.77
2019-11-12,FLRY3,25.74
2019-11-12,GGBR4,15.29
2019-11-12,GNDI3,58.3
2019-11-12,GOAU4,7.11
2019-11-12,GOLL4,32.86
2019-11-12,HAPV3,56.5
2019-11-12,HGTX3,31.25
2019-11-12,HYPE3,34.8
2019-11-12,IGTA3,46.32
2019-11-12,IRBR3,36.57
2019-11-12,ITSA4,13.73
2019-11-12,ITUB4,35.81
2019-11-12,JBSS3,27.52
2019-11-12,JHSF3,5.02
2019-11-12,KLBN11,17.7
2019-11-12,LAME4,19.5
2019-11-12,LCAM3,17.64
2019-11-12,LOGG3,26.98
2019-11-12,LREN3,49.51
2019-11-12,MGLU3,43.4
2019-11-12,MRFG3,10.79
2019-11-12,MRVE3,17.69
2019-11-12,MULT3,28.79
2019-11-12,NATU3,32.43
2019-11-12,PCAR4,79.78
2019-11-12,PETR3,32.52
2019-11-12,PETR4,30.02
2019-11-12,POMO4,3.44
2019-11-12,PRIO3,19.36
2019-11-12,PSSA3,57.16
2019-11-12,QUAL3,32.49
2019-11-12,RADL3,109.99
2019-11-12,RAIL3,23.05
2019-11-12,RENT3,41.29
2019-11-12,SANB11,45.89
2019-11-12,SBSP3,52.18
2019-11-12,SLCE3,18.6
2019-11-12,SMLS3,35.0
2019-11-12,SMTO3,19.2
2019-11-12,STBP3,7.31
2019-11-12,SULA11,51.75
2019-11-12,SUZB3,38.24
2019-11-12,TAEE11,28.42
2019-11-12,TEND3,25.65
2019-11-12,TIMP3,12.3
2019-11-12,TOTS3,61.91
2019-11-12,TRPL4,22.6
2019-11-12,UGPA3,20.43
2019-11-12,USIM5,7.71
2019-11-12,VALE3,47.9
2019-11-12,VIVA3,23.41
2019-11-12,VIVT3,44.93
2019-11-12,VIVT4,54.0
2019-11-12,VVAR3,7.09
2019-11-12,WEGE3,28.5
2019-11-12,YDUQ3,36.78
2019-11-13,ABEV3,17.37
2019-11-13,ALPA4,28.4
2019-11-13,ALSO3,40.49
2019-11-13,ARZZ3,59.4
2019-11-13,AZUL4,48.13
2019-11-13,B3SA3,49.53
2019-11-13,BBAS3,45.95
2019-11-13,BBDC3,31.6
2019-11-13,BBDC4,33.49
2019-11-13,BBSE3,34.21
2019-11-13,BEEF3,11.71
2019-11-13,BIDI11,40.38
2019-11-13,BIDI4,13.35
2019-11-13,BPAC11,65.67
2019-11-13,BPAN4,8.48
2019-11-13,BRAP4,31.95
2019-11-13,BRDT3,27.14
2019-11-13,BRFS3,32.89
2019-11-13,BRKM5,30.49
2019-11-13,BRML3,15.09
2019-11-13,BTOW3,51.99
2019-11-13,CCRO3,17.25
2019-11-13,CEAB3,15.0
2019-11-13,CIEL3,8.01
2019-11-13,CMIG4,12.85
2019-11-13,COGN3,9.67
2019-11-13,CPFE3,31.5
2019-11-13,CPLE3,60.74
2019-11-13,CPLE6,58.45
2019-11-13,CRFB3,18.02
2019-11-13,CSAN3,59.0
2019-11-13,CSMG3,64.11
2019-11-13,CSNA3,11.28
2019-11-13,CVCB3,40.7
2019-11-13,CYRE3,26.6
2019-11-13,DIRR3,11.72
2019-11-13,ECOR3,14.35
2019-11-13,EGIE3,44.43
2019-11-13,ELET3,36.35
2019-11-13,ELET6,37.37
2019-11-13,EMBR3,17.37
2019-11-13,ENBR3,18.88
2019-11-13,ENEV3,34.8
2019-11-13,ENGI11,47.43
2019-11-13,EQTL3,102.24
2019-11-13,EZTC3,41.1
2019-11-13,FLRY3,26.03
2019-11-13,GGBR4,15.32
2019-11-13,GNDI3,58.8
2019-11-13,GOAU4,7.11
2019-11-13,GOLL4,33.02
2019-11-13,HAPV3,56.49
2019-11-13,HGTX3,31.8
2019-11-13,HYPE3,34.76
2019-11-13,IGTA3,45.78
2019-11-13,IRBR3,36.51
2019-11-13,ITSA4,13.5
2019-11-13,ITUB4,35.45
2019-11-13,JBSS3,26.92
2019-11-13,JHSF3,5.1
2019-11-13,KLBN11,17.51
2019-11-13,LAME4,19.56
2019-11-13,LCAM3,17.9
2019-11-13,LOGG3,26.1
2019-11-13,LREN3,49.29
2019-11-13,MGLU3,42.5
2019-11-13,MRFG3,10.67
2019-11-13,MRVE3,17.6
2019-11-13,MULT3,28.57
2019-11-13,NATU3,32.09
2019-11-13,PCAR4,78.0
2019-11-13,PETR3,32.4
2019-11-13,PETR4,29.9
2019-11-13,POMO4,3.54
2019-11-13,PRIO3,19.28
2019-11-13,PSSA3,56.6
2019-11-13,QUAL3,32.68
2019-11-13,RADL3,108.49
2019-11-13,RAIL3,23.25
2019-11-13,RENT3,41.16
2019-11-13,SANB11,45.15
2019-11-13,SBSP3,51.52
2019-11-13,SLCE3,18.46
2019-11-13,SMLS3,35.1
2019-11-13,SMTO3,19.69
2019-11-13,STBP3,7.24
2019-11-13,SULA11,50.5
2019-11-13,SUZB3,37.64
2019-11-13,TAEE11,28.3
2019-11-13,TEND3,24.91
2019-11-13,TIMP3,12.63
2019-11-13,TOTS3,61.7
2019-11-13,TRPL4,22.19
2019-11-13,UGPA3,20.0
2019-11-13,USIM5,7.59
2019-11-13,VALE3,47.12
2019-11-13,VIVA3,22.88
2019-11-13,VIVT3,44.86
2019-11-13,VIVT4,53.79
2019-11-13,VVAR3,7.02
2019-11-13,WEGE3,29.21
2019-11-13,YDUQ3,37.63
2019-11-14,ABEV3,17.45
2019-11-14,ALPA4,29.31
2019-11-14,ALSO3,42.35
2019-11-14,ARZZ3,60.67
2019-11-14,AZUL4,50.1
2019-11-14,B3SA3,49.8
2019-11-14,BBAS3,46.51
2019-11-14,BBDC3,31.39
2019-11-14,BBDC4,33.35
2019-11-14,BBSE3,34.4
2019-11-14,BEEF3,11.9
2019-11-14,BIDI11,45.3
2019-11-14,BIDI4,14.9
2019-11-14,BPAC11,67.1
2019-11-14,BPAN4,8.82
2019-11-14,BRAP4,32.16
2019-11-14,BRDT3,27.63
2019-11-14,BRFS3,32.96
2019-11-14,BRKM5,28.81
2019-11-14,BRML3,15.78
2019-11-14,BTOW3,54.21
2019-11-14,CCRO3,17.5
2019-11-14,CEAB3,15.0
2019-11-14,CIEL3,7.89
2019-11-14,CMIG4,12.88
2019-11-14,COGN3,10.29
2019-11-14,CPFE3,32.03
2019-11-14,CPLE3,61.06
2019-11-14,CPLE6,58.9
2019-11-14,CRFB3,18.17
2019-11-14,CSAN3,60.8
2019-11-14,CSMG3,64.45
2019-11-14,CSNA3,11.44
2019-11-14,CVCB3,40.66
2019-11-14,CYRE3,27.37
2019-11-14,DIRR3,11.9
2019-11-14,ECOR3,14.62
2019-11-14,EGIE3,44.32
2019-11-14,ELET3,35.8
2019-11-14,ELET6,37.23
2019-11-14,EMBR3,17.29
2019-11-14,ENBR3,19.15
2019-11-14,ENEV3,35.54
2019-11-14,ENGI11,48.63
2019-11-14,EQTL3,104.41
2019-11-14,EZTC3,44.03
2019-11-14,FLRY3,27.0
2019-11-14,GGBR4,15.44
2019-11-14,GNDI3,57.54
2019-11-14,GOAU4,7.18
2019-11-14,GOLL4,34.19
2019-11-14,HAPV3,54.34
2019-11-14,HGTX3,32.26
2019-11-14,HYPE3,34.57
2019-11-14,IGTA3,46.49
2019-11-14,IRBR3,37.45
2019-11-14,ITSA4,13.63
2019-11-14,ITUB4,35.68
2019-11-14,JBSS3,26.23
2019-11-14,JHSF3,5.24
2019-11-14,KLBN11,17.55
2019-11-14,LAME4,19.99
2019-11-14,LCAM3,17.6
2019-11-14,LOGG3,26.9
2019-11-14,LREN3,51.7
2019-11-14,MGLU3,44.25
2019-11-14,MRFG3,10.44
2019-11-14,MRVE3,16.95
2019-11-14,MULT3,29.36
2019-11-14,NATU3,32.03
2019-11-14,PCAR4,78.04
2019-11-14,PETR3,31.71
2019-11-14,PETR4,29.3
2019-11-14,POMO4,3.53
2019-11-14,PRIO3,19.46
2019-11-14,PSSA3,56.13
2019-11-14,QUAL3,33.79
2019-11-14,RADL3,112.2
2019-11-14,RAIL3,24.02
2019-11-14,RENT3,41.75
2019-11-14,SANB11,46.01
2019-11-14,SBSP3,51.88
2019-11-14,SLCE3,18.08
2019-11-14,SMLS3,35.3
2019-11-14,SMTO3,19.53
2019-11-14,STBP3,7.2
2019-11-14,SULA11,51.5
2019-11-14,SUZB3,36.65
2019-11-14,TAEE11,28.0
2019-11-14,TEND3,25.65
2019-11-14,TIMP3,13.0
2019-11-14,TOTS3,63.1
2019-11-14,TRPL4,22.1
2019-11-14,UGPA3,20.24
2019-11-14,USIM5,7.59
2019-11-14,VALE3,47.0
2019-11-14,VIVA3,23.75
2019-11-14,VIVT3,45.84
2019-11-14,VIVT4,54.89
2019-11-14,VVAR3,7.6
2019-11-14,WEGE3,29.26
2019-11-14,YDUQ3,39.4
2019-11-18,ABEV3,17.56
2019-11-18,ALPA4,28.9
2019-11-18,ALSO3,42.5
2019-11-18,ARZZ3,60.28
2019-11-18,AZUL4,50.9
2019-11-18,B3SA3,49.04
2019-11-18,BBAS3,46.0
2019-11-18,BBDC3,31.15
2019-11-18,BBDC4,33.13
2019-11-18,BBSE3,33.9
2019-11-18,BEEF3,12.09
2019-11-18,BIDI11,44.99
2019-11-18,BIDI4,14.93
2019-11-18,BPAC11,66.6
2019-11-18,BPAN4,8.68
2019-11-18,BRAP4,32.39
2019-11-18,BRDT3,27.69
2019-11-18,BRFS3,33.28
2019-11-18,BRKM5,28.53
2019-11-18,BRML3,15.66
2019-11-18,BTOW3,53.68
2019-11-18,CCRO3,17.24
2019-11-18,CEAB3,15.62
2019-11-18,CIEL3,7.65
2019-11-18,CMIG4,12.6
2019-11-18,COGN3,10.3
2019-11-18,CPFE3,31.59
2019-11-18,CPLE3,59.67
2019-11-18,CPLE6,57.4
2019-11-18,CRFB3,18.79
2019-11-18,CSAN3,61.7
2019-11-18,CSMG3,64.89
2019-11-18,CSNA3,11.44
2019-11-18,CVCB3,39.18
2019-11-18,CYRE3,27.21
2019-11-18,DIRR3,12.2
2019-11-18,ECOR3,14.58
2019-11-18,EGIE3,44.75
2019-11-18,ELET3,35.7
2019-11-18,ELET6,36.52
2019-11-18,EMBR3,17.35
2019-11-18,ENBR3,19.1
2019-11-18,ENEV3,36.6
2019-11-18,ENGI11,48.2
2019-11-18,EQTL3,103.66
2019-11-18,EZTC3,43.35
2019-11-18,FLRY3,26.92
2019-11-18,GGBR4,15.26
2019-11-18,GNDI3,56.4
2019-11-18,GOAU4,7.11
2019-11-18,GOLL4,34.4
2019-11-18,HAPV3,54.38
2019-11-18,HGTX3,31.36
2019-11-18,HYPE3,33.85
2019-11-18,IGTA3,46.3
2019-11-18,IRBR3,36.43
2019-11-18,ITSA4,13.6
2019-11-18,ITUB4,35.52
2019-11-18,JBSS3,26.74
2019-11-18,JHSF3,5.24
2019-11-18,KLBN11,17.6
2019-11-18,LAME4,19.68
2019-11-18,LCAM3,17.17
2019-11-18,LOGG3,26.2
2019-11-18,LREN3,51.07
2019-11-18,MGLU3,44.98
2019-11-18,MRFG3,11.02
2019-11-18,MRVE3,16.79
2019-11-18,MULT3,29.31
2019-11-18,NATU3,31.0
2019-11-18,PCAR4,79.0
2019-11-18,PETR3,31.7
2019-11-18,PETR4,29.08
2019-11-18,POMO4,3.51
2019-11-18,PRIO3,19.39
2019-11-18,PSSA3,57.75
2019-11-18,QUAL3,34.25
2019-11-18,RADL3,111.35
2019-11-18,RAIL3,23.81
2019-11-18,RENT3,41.15
2019-11-18,SANB11,45.86
2019-11-18,SBSP3,52.2
2019-11-18,SLCE3,18.1
2019-11-18,SMLS3,35.0
2019-11-18,SMTO3,19.55
2019-11-18,STBP3,7.27
2019-11-18,SULA11,50.93
2019-11-18,SUZB3,37.82
2019-11-18,TAEE11,28.25
2019-11-18,TEND3,25.81
2019-11-18,TIMP3,13.21
2019-11-18,TOTS3,64.36
2019-11-18,TRPL4,22.01
2019-11-18,UGPA3,20.31
2019-11-18,USIM5,7.53
2019-11-18,VALE3,47.61
2019-11-18,VIVA3,23.93
2019-11-18,VIVT3,46.8
2019-11-18,VIVT4,56.11
2019-11-18,VVAR3,7.56
2019-11-18,WEGE3,29.3
2019-11-18,YDUQ3,37.9
2019-11-19,ABEV3,17.67
2019-11-19,ALPA4,29.11
2019-11-19,ALSO3,42.7
2019-11-19,ARZZ3,60.01
2019-11-19,AZUL4,50.49
2019-11-19,B3SA3,47.94
2019-11-19,BBAS3,45.79
2019-11-19,BBDC3,31.1
2019-11-19,BBDC4,33.07
2019-11-19,BBSE3,34.03
2019-11-19,BEEF3,12.34
2019-11-19,BIDI11,44.7
2019-11-19,BIDI4,14.68
2019-11-19,BPAC11,68.79
2019-11-19,BPAN4,8.71
2019-11-19,BRAP4,32.69
2019-11-19,BRDT3,27.68
2019-11-19,BRFS3,33.56
2019-11-19,BRKM5,28.06
2019-11-19,BRML3,15.5
2019-11-19,BTOW3,53.96
2019-11-19,CCRO3,17.0
2019-11-19,CEAB3,15.4
2019-11-19,CIEL3,7.65
2019-11-19,CMIG4,12.55
2019-11-19,COGN3,10.26
2019-11-19,CPFE3,31.83
2019-11-19,CPLE3,60.59
2019-11-19,CPLE6,58.39
2019-11-19,CRFB3,18.42
2019-11-19,CSAN3,60.35
2019-11-19,CSMG3,64.78
2019-11-19,CSNA3,11.6
2019-11-19,CVCB3,39.0
2019-11-19,CYRE3,26.8
2019-11-19,DIRR3,11.93
2019-11-19,ECOR3,14.41
2019-11-19,EGIE3,44.7
2019-11-19,ELET3,34.9
2019-11-19,ELET6,35.8
2019-11-19,EMBR3,17.4
2019-11-19,ENBR3,19.0
2019-11-19,ENEV3,35.87
2019-11-19,ENGI11,47.52
2019-11-19,EQTL3,102.63
2019-11-19,EZTC3,43.0
2019-11-19,FLRY3,26.61
2019-11-19,GGBR4,15.3
2019-11-19,GNDI3,57.0
2019-11-19,GOAU4,7.12
2019-11-19,GOLL4,34.2
2019-11-19,HAPV3,53.69
2019-11-19,HGTX3,31.3
2019-11-19,HYPE3,33.71
2019-11-19,IGTA3,46.0
2019-11-19,IRBR3,36.8
2019-11-19,ITSA4,13.42
2019-11-19,ITUB4,35.13
2019-11-19,JBSS3,26.5
2019-11-19,JHSF3,5.25
2019-11-19,KLBN11,17.61
2019-11-19,LAME4,19.97
2019-11-19,LCAM3,17.0
2019-11-19,LOGG3,26.4
2019-11-19,LREN3,50.58
2019-11-19,MGLU3,44.52
2019-11-19,MRFG3,11.29
2019-11-19,MRVE3,16.97
2019-11-19,MULT3,28.71
2019-11-19,NATU3,31.18
2019-11-19,PCAR4,79.47
2019-11-19,PETR3,31.25
2019-11-19,PETR4,28.78
2019-11-19,POMO4,3.51
2019-11-19,PRIO3,19.24
2019-11-19,PSSA3,58.55
2019-11-19,QUAL3,34.11
2019-11-19,RADL3,111.8
2019-11-19,RAIL3,23.8
2019-11-19,RENT3,41.02
2019-11-19,SANB11,45.48
2019-11-19,SBSP3,51.61
2019-11-19,SLCE3,18.05
2019-11-19,SMLS3,35.24
2019-11-19,SMTO3,19.22
2019-11-19,STBP3,7.26
2019-11-19,SULA11,51.5
2019-11-19,SUZB3,37.92
2019-11-19,TAEE11,28.2
2019-11-19,TEND3,26.17
2019-11-19,TIMP3,13.34
2019-11-19,TOTS3,65.52
2019-11-19,TRPL4,21.7
2019-11-19,UGPA3,20.66
2019-11-19,USIM5,7.64
2019-11-19,VALE3,48.17
2019-11-19,VIVA3,23.83
2019-11-19,VIVT3,45.66
2019-11-19,VIVT4,55.78
2019-11-19,VVAR3,7.45
2019-11-19,WEGE3,29.2
2019-11-19,YDUQ3,37.3
2019-11-21,ABEV3,18.07
2019-11-21,ALPA4,29.65
2019-11-21,ALSO3,43.89
2019-11-21,ARZZ3,63.14
2019-11-21,AZUL4,52.2
2019-11-21,B3SA3,48.88
2019-11-21,BBAS3,46.38
2019-11-21,BBDC3,31.46
2019-11-21,BBDC4,33.26
2019-11-21,BBSE3,35.15
2019-11-21,BEEF3,12.79
2019-11-21,BIDI11,45.78
2019-11-21,BIDI4,14.99
2019-11-21,BPAC11,71.52
2019-11-21,BPAN4,8.8
2019-11-21,BRAP4,33.26
2019-11-21,BRDT3,27.58
2019-11-21,BRFS3,33.68
2019-11-21,BRKM5,27.58
2019-11-21,BRML3,15.67
2019-11-21,BTOW3,54.96
2019-11-21,CCRO3,17.2
2019-11-21,CEAB3,15.46
2019-11-21,CIEL3,7.64
2019-11-21,CMIG4,12.6
2019-11-21,COGN3,10.54
2019-11-21,CPFE3,32.02
2019-11-21,CPLE3,63.19
2019-11-21,CPLE6,61.01
2019-11-21,CRFB3,18.86
2019-11-21,CSAN3,61.91
2019-11-21,CSMG3,65.4
2019-11-21,CSNA3,12.04
2019-11-21,CVCB3,41.25
2019-11-21,CYRE3,27.53
2019-11-21,DIRR3,11.9
2019-11-21,ECOR3,14.59
2019-11-21,EGIE3,44.72
2019-11-21,ELET3,35.4
2019-11-21,ELET6,36.07
2019-11-21,EMBR3,17.6
2019-11-21,ENBR3,19.0
2019-11-21,ENEV3,36.4
2019-11-21,ENGI11,47.14
2019-11-21,EQTL3,104.39
2019-11-21,EZTC3,43.92
2019-11-21,FLRY3,27.75
2019-11-21,GGBR4,16.45
2019-11-21,GNDI3,58.69
2019-11-21,GOAU4,7.63
2019-11-21,GOLL4,33.92
2019-11-21,HAPV3,55.53
2019-11-21,HGTX3,31.64
2019-11-21,HYPE3,34.18
2019-11-21,IGTA3,47.32
2019-11-21,IRBR3,37.53
2019-11-21,ITSA4,13.51
2019-11-21,ITUB4,35.49
2019-11-21,JBSS3,25.66
2019-11-21,JHSF3,5.5
2019-11-21,KLBN11,17.66
2019-11-21,LAME4,20.4
2019-11-21,LCAM3,17.15
2019-11-21,LOGG3,26.53
2019-11-21,LREN3,51.06
2019-11-21,MGLU3,45.0
2019-11-21,MRFG3,10.85
2019-11-21,MRVE3,17.61
2019-11-21,MULT3,29.55
2019-11-21,NATU3,31.9
2019-11-21,PCAR3,89.98
2019-11-21,PCAR4,79.06
2019-11-21,PETR3,32.08
2019-11-21,PETR4,29.85
2019-11-21,POMO4,3.53
2019-11-21,PRIO3,19.75
2019-11-21,PSSA3,59.8
2019-11-21,QUAL3,34.05
2019-11-21,RADL3,112.7
2019-11-21,RAIL3,24.04
2019-11-21,RENT3,43.32
2019-11-21,SANB11,45.93
2019-11-21,SBSP3,53.82
2019-11-21,SLCE3,18.16
2019-11-21,SMLS3,35.13
2019-11-21,SMTO3,19.65
2019-11-21,STBP3,7.02
2019-11-21,SULA11,51.74
2019-11-21,SUZB3,38.23
2019-11-21,TAEE11,27.83
2019-11-21,TEND3,25.94
2019-11-21,TIMP3,13.48
2019-11-21,TOTS3,66.6
2019-11-21,TRPL4,21.51
2019-11-21,UGPA3,21.94
2019-11-21,USIM5,8.15
2019-11-21,VALE3,48.42
2019-11-21,VIVA3,23.65
2019-11-21,VIVT3,45.65
2019-11-21,VIVT4,55.2
2019-11-21,VVAR3,7.55
2019-11-21,WEGE3,28.88
2019-11-21,YDUQ3,37.15
2019-11-22,ABEV3,18.19
2019-11-22,ALPA4,30.83
2019-11-22,ALSO3,43.75
2019-11-22,ARZZ3,64.7
2019-11-22,AZUL4,54.67
2019-11-22,B3SA3,49.49
2019-11-22,BBAS3,46.75
2019-11-22,BBDC3,31.99
2019-11-22,BBDC4,33.81
2019-11-22,BBSE3,35.2
2019-11-22,BEEF3,12.63
2019-11-22,BIDI11,45.0
2019-11-22,BIDI4,14.99
2019-11-22,BPAC11,71.25
2019-11-22,BPAN4,8.8
2019-11-22,BRAP4,34.09
2019-11-22,BRDT3,27.58
2019-11-22,BRFS3,34.09
2019-11-22,BRKM5,27.9
2019-11-22,BRML3,15.72
2019-11-22,BTOW3,55.98
2019-11-22,CCRO3,17.07
2019-11-22,CEAB3,15.84
2019-11-22,CIEL3,7.53
2019-11-22,CMIG4,12.9
2019-11-22,COGN3,10.45
2019-11-22,CPFE3,32.3
2019-11-22,CPLE3,63.19
2019-11-22,CPLE6,61.04
2019-11-22,CRFB3,18.71
2019-11-22,CSAN3,62.91
2019-11-22,CSMG3,66.18
2019-11-22,CSNA3,12.1
2019-11-22,CVCB3,41.9
2019-11-22,CYRE3,27.25
2019-11-22,DIRR3,12.0
2019-11-22,ECOR3,14.58
2019-11-22,EGIE3,45.36
2019-11-22,ELET3,35.46
2019-11-22,ELET6,36.34
2019-11-22,EMBR3,18.11
2019-11-22,ENBR3,19.04
2019-11-22,ENEV3,37.19
2019-11-22,ENGI11,46.72
2019-11-22,EQTL3,103.15
2019-11-22,EZTC3,43.8
2019-11-22,FLRY3,27.78
2019-11-22,GGBR4,16.69
2019-11-22,GNDI3,60.15
2019-11-22,GOAU4,7.76
2019-11-22,GOLL4,34.75
2019-11-22,HAPV3,57.19
2019-11-22,HGTX3,32.03
2019-11-22,HYPE3,34.55
2019-11-22,IGTA3,47.32
2019-11-22,IRBR3,37.63
2019-11-22,ITSA4,13.71
2019-11-22,ITUB4,35.73
2019-11-22,JBSS3,25.4
2019-11-22,JHSF3,5.68
2019-11-22,KLBN11,17.7
2019-11-22,LAME4,20.34
2019-11-22,LCAM3,17.15
2019-11-22,LOGG3,26.6
2019-11-22,LREN3,51.31
2019-11-22,MGLU3,45.49
2019-11-22,MRFG3,10.69
2019-11-22,MRVE3,18.19
2019-11-22,MULT3,29.5
2019-11-22,NATU3,32.0
2019-11-22,PCAR4,78.87
2019-11-22,PETR3,32.22
2019-11-22,PETR4,29.98
2019-11-22,POMO4,3.58
2019-11-22,PRIO3,20.62
2019-11-22,PSSA3,60.38
2019-11-22,QUAL3,35.32
2019-11-22,RADL3,113.75
2019-11-22,RAIL3,24.19
2019-11-22,RENT3,44.27
2019-11-22,SANB11,46.31
2019-11-22,SBSP3,55.08
2019-11-22,SLCE3,18.15
2019-11-22,SMLS3,35.0
2019-11-22,SMTO3,19.8
2019-11-22,STBP3,7.28
2019-11-22,SULA11,51.91
2019-11-22,SUZB3,38.31
2019-11-22,TAEE11,28.1
2019-11-22,TEND3,25.9
2019-11-22,TIMP3,13.65
2019-11-22,TOTS3,65.24
2019-11-22,TRPL4,21.84
2019-11-22,UGPA3,22.68
2019-11-22,USIM5,8.21
2019-11-22,VALE3,50.03
2019-11-22,VIVA3,23.3
2019-11-22,VIVT3,45.5
2019-11-22,VIVT4,55.4
2019-11-22,VVAR3,7.86
2019-11-22,WEGE3,29.06
2019-11-22,YDUQ3,37.84
2019-11-25,ABEV3,18.2
2019-11-25,ALPA4,30.8
2019-11-25,ALSO3,43.75
2019-11-25,ARZZ3,63.0
2019-11-25,AZUL4,53.84
2019-11-25,B3SA3,47.77
2019-11-25,BBAS3,46.6
2019-11-25,BBDC3,31.53
2019-11-25,BBDC4,33.64
2019-11-25,BBSE3,34.61
2019-11-25,BEEF3,13.47
2019-11-25,BIDI11,42.71
2019-11-25,BIDI4,14.4
2019-11-25,BPAC11,69.81
2019-11-25,BPAN4,8.6
2019-11-25,BRAP4,33.96
2019-11-25,BRDT3,27.77
2019-11-25,BRFS3,36.11
2019-11-25,BRKM5,27.85
2019-11-25,BRML3,15.7
2019-11-25,BTOW3,55.12
2019-11-25,CCRO3,17.23
2019-11-25,CEAB3,15.91
2019-11-25,CIEL3,7.82
2019-11-25,CMIG4,12.8
2019-11-25,COGN3,10.36
2019-11-25,CPFE3,32.01
2019-11-25,CPLE3,63.85
2019-11-25,CPLE6,61.5
2019-11-25,CRFB3,18.89
2019-11-25,CSAN3,62.5
2019-11-25,CSMG3,66.5
2019-11-25,CSNA3,12.35
2019-11-25,CVCB3,42.06
2019-11-25,CYRE3,27.27
2019-11-25,DIRR3,11.7
2019-11-25,ECOR3,14.82
2019-11-25,EGIE3,45.35
2019-11-25,ELET3,34.89
2019-11-25,ELET6,35.95
2019-11-25,EMBR3,18.02
2019-11-25,ENBR3,19.08
2019-11-25,ENEV3,37.1
2019-11-25,ENGI11,46.46
2019-11-25,EQTL3,103.09
2019-11-25,EZTC3,42.78
2019-11-25,FLRY3,28.47
2019-11-25,GGBR4,16.8
2019-11-25,GNDI3,59.85
2019-11-25,GOAU4,7.81
2019-11-25,GOLL4,34.65
2019-11-25,HAPV3,57.79
2019-11-25,HGTX3,31.57
2019-11-25,HYPE3,34.62
2019-11-25,IGTA3,47.23
2019-11-25,IRBR3,37.51
2019-11-25,ITSA4,13.38
2019-11-25,ITUB4,35.22
2019-11-25,JBSS3,27.84
2019-11-25,JHSF3,5.65
2019-11-25,KLBN11,17.46
2019-11-25,LAME4,20.6
2019-11-25,LCAM3,17.31
2019-11-25,LOGG3,26.34
2019-11-25,LREN3,51.3
2019-11-25,MGLU3,44.3
2019-11-25,MRFG3,11.26
2019-11-25,MRVE3,18.3
2019-11-25,MULT3,29.24
2019-11-25,NATU3,31.92
2019-11-25,PCAR4,79.16
2019-11-25,PETR3,32.02
2019-11-25,PETR4,29.73
2019-11-25,POMO4,3.63
2019-11-25,PRIO3,20.4
2019-11-25,PSSA3,60.13
2019-11-25,QUAL3,36.75
2019-11-25,RADL3,111.54
2019-11-25,RAIL3,24.17
2019-11-25,RENT3,44.06
2019-11-25,SANB11,45.77
2019-11-25,SBSP3,54.37
2019-11-25,SLCE3,18.57
2019-11-25,SMLS3,35.11
2019-11-25,SMTO3,19.93
2019-11-25,STBP3,7.24
2019-11-25,SULA11,52.5
2019-11-25,SUZB3,38.0
2019-11-25,TAEE11,27.93
2019-11-25,TEND3,25.95
2019-11-25,TIMP3,13.8
2019-11-25,TOTS3,65.44
2019-11-25,TRPL4,21.79
2019-11-25,UGPA3,22.17
2019-11-25,USIM5,8.39
2019-11-25,VALE3,50.86
2019-11-25,VIVA3,23.78
2019-11-25,VIVT3,45.4
2019-11-25,VIVT4,55.65
2019-11-25,VVAR3,7.93
2019-11-25,WEGE3,29.1
2019-11-25,YDUQ3,37.66
2019-11-26,ABEV3,18.03
2019-11-26,ALPA4,30.55
2019-11-26,ALSO3,43.0
2019-11-26,ARZZ3,62.7
2019-11-26,AZUL4,51.4
2019-11-26,B3SA3,46.5
2019-11-26,BBAS3,46.0
2019-11-26,BBDC3,30.54
2019-11-26,BBDC4,32.92
2019-11-26,BBSE3,33.89
2019-11-26,BEEF3,13.85
2019-11-26,BIDI11,42.98
2019-11-26,BIDI4,13.7
2019-11-26,BPAC11,68.31
2019-11-26,BPAN4,8.4
2019-11-26,BRAP4,34.82
2019-11-26,BRDT3,28.0
2019-11-26,BRFS3,36.8
2019-11-26,BRKM5,27.9
2019-11-26,BRML3,15.73
2019-11-26,BTOW3,53.42
2019-11-26,CCRO3,17.25
2019-11-26,CEAB3,16.36
2019-11-26,CIEL3,7.58
2019-11-26,CMIG4,12.69
2019-11-26,COGN3,9.95
2019-11-26,CPFE3,31.7
2019-11-26,CPLE3,63.15
2019-11-26,CPLE6,60.44
2019-11-26,CRFB3,18.51
2019-11-26,CSAN3,61.56
2019-11-26,CSMG3,65.95
2019-11-26,CSNA3,12.87
2019-11-26,CVCB3,41.59
2019-11-26,CYRE3,26.76
2019-11-26,DIRR3,11.87
2019-11-26,ECOR3,14.59
2019-11-26,EGIE3,44.84
2019-11-26,ELET3,34.68
2019-11-26,ELET6,35.5
2019-11-26,EMBR3,17.93
2019-11-26,ENBR3,19.23
2019-11-26,ENEV3,38.27
2019-11-26,ENGI11,46.05
2019-11-26,EQTL3,100.5
2019-11-26,EZTC3,43.2
2019-11-26,FLRY3,28.55
2019-11-26,GGBR4,17.26
2019-11-26,GNDI3,59.0
2019-11-26,GOAU4,8.0
2019-11-26,GOLL4,33.32
2019-11-26,HAPV3,57.0
2019-11-26,HGTX3,30.81
2019-11-26,HYPE3,34.37
2019-11-26,IGTA3,46.65
2019-11-26,IRBR3,36.92
2019-11-26,ITSA4,13.06
2019-11-26,ITUB4,34.5
2019-11-26,JBSS3,27.16
2019-11-26,JHSF3,5.65
2019-11-26,KLBN11,17.58
2019-11-26,LAME4,20.47
2019-11-26,LCAM3,17.05
2019-11-26,LOGG3,27.5
2019-11-26,LREN3,51.01
2019-11-26,MGLU3,43.04
2019-11-26,MRFG3,10.74
2019-11-26,MRVE3,18.11
2019-11-26,MULT3,28.5
2019-11-26,NATU3,32.09
2019-11-26,PCAR4,79.85
2019-11-26,PETR3,31.39
2019-11-26,PETR4,29.19
2019-11-26,POMO4,3.52
2019-11-26,PRIO3,21.31
2019-11-26,PSSA3,58.63
2019-11-26,QUAL3,36.0
2019-11-26,RADL3,111.9
2019-11-26,RAIL3,24.14
2019-11-26,RENT3,43.52
2019-11-26,SANB11,44.72
2019-11-26,SBSP3,54.26
2019-11-26,SLCE3,20.05
2019-11-26,SMLS3,34.9
2019-11-26,SMTO3,19.83
2019-11-26,STBP3,7.24
2019-11-26,SULA11,52.28
2019-11-26,SUZB3,38.08
2019-11-26,TAEE11,27.92
2019-11-26,TEND3,24.85
2019-11-26,TIMP3,13.62
2019-11-26,TOTS3,65.06
2019-11-26,TRPL4,21.59
2019-11-26,UGPA3,21.93
2019-11-26,USIM5,8.48
2019-11-26,VALE3,51.22
2019-11-26,VIVA3,23.45
2019-11-26,VIVT3,44.38
2019-11-26,VIVT4,54.12
2019-11-26,VVAR3,7.95
2019-11-26,WEGE3,28.63
2019-11-26,YDUQ3,38.83
2019-11-27,ABEV3,17.96
2019-11-27,ALPA4,31.0
2019-11-27,ALSO3,43.04
2019-11-27,ARZZ3,62.2
2019-11-27,AZUL4,50.99
2019-11-27,B3SA3,47.45
2019-11-27,BBAS3,47.34
2019-11-27,BBDC3,30.97
2019-11-27,BBDC4,33.47
2019-11-27,BBSE3,33.95
2019-11-27,BEEF3,14.04
2019-11-27,BIDI11,42.3
2019-11-27,BIDI4,14.04
2019-11-27,BPAC11,68.15
2019-11-27,BPAN4,8.76
2019-11-27,BRAP4,34.81
2019-11-27,BRDT3,28.11
2019-11-27,BRFS3,36.62
2019-11-27,BRKM5,27.76
2019-11-27,BRML3,15.41
2019-11-27,BTOW3,55.9
2019-11-27,CCRO3,17.18
2019-11-27,CEAB3,16.27
2019-11-27,CIEL3,7.46
2019-11-27,CMIG4,12.66
2019-11-27,COGN3,10.07
2019-11-27,CPFE3,31.58
2019-11-27,CPLE3,65.4
2019-11-27,CPLE6,61.6
2019-11-27,CRFB3,18.43
2019-11-27,CSAN3,61.57
2019-11-27,CSMG3,66.87
2019-11-27,CSNA3,12.66
2019-11-27,CVCB3,40.84
2019-11-27,CYRE3,26.34
2019-11-27,DIRR3,11.7
2019-11-27,ECOR3,14.46
2019-11-27,EGIE3,45.46
2019-11-27,ELET3,34.63
2019-11-27,ELET6,35.31
2019-11-27,EMBR3,17.98
2019-11-27,ENBR3,19.28
2019-11-27,ENEV3,38.05
2019-11-27,ENGI11,46.2
2019-11-27,EQTL3,101.8
2019-11-27,EZTC3,42.42
2019-11-27,FLRY3,28.2
2019-11-27,GGBR4,17.42
2019-11-27,GNDI3,57.51
2019-11-27,GOAU4,7.99
2019-11-27,GOLL4,33.14
2019-11-27,HAPV3,56.51
2019-11-27,HGTX3,31.43
2019-11-27,HYPE3,33.65
2019-11-27,IGTA3,46.22
2019-11-27,IRBR3,37.02
2019-11-27,ITSA4,13.22
2019-11-27,ITUB4,34.7
2019-11-27,JBSS3,27.6
2019-11-27,JHSF3,5.6
2019-11-27,KLBN11,17.86
2019-11-27,LAME4,21.31
2019-11-27,LCAM3,16.94
2019-11-27,LOGG3,28.0
2019-11-27,LREN3,51.16
2019-11-27,MGLU3,45.6
2019-11-27,MRFG3,10.77
2019-11-27,MRVE3,17.43
2019-11-27,MULT3,28.5
2019-11-27,NATU3,32.4
2019-11-27,PCAR3,86.0
2019-11-27,PCAR4,78.8
2019-11-27,PETR3,31.45
2019-11-27,PETR4,29.33
2019-11-27,POMO4,3.55
2019-11-27,PRIO3,21.15
2019-11-27,PSSA3,59.29
2019-11-27,QUAL3,36.0
2019-11-27,RADL3,113.55
2019-11-27,RAIL3,24.15
2019-11-27,RENT3,43.27
2019-11-27,SANB11,44.81
2019-11-27,SBSP3,54.65
2019-11-27,SLCE3,19.58
2019-11-27,SMLS3,34.9
2019-11-27,SMTO3,20.9
2019-11-27,STBP3,7.1
2019-11-27,SULA11,52.78
2019-11-27,SUZB3,39.1
2019-11-27,TAEE11,28.05
2019-11-27,TEND3,24.0
2019-11-27,TIMP3,13.65
2019-11-27,TOTS3,65.66
2019-11-27,TRPL4,21.62
2019-11-27,UGPA3,21.8
2019-11-27,USIM5,8.4
2019-11-27,VALE3,50.58
2019-11-27,VIVA3,23.15
2019-11-27,VIVT3,45.65
2019-11-27,VIVT4,55.15
2019-11-27,VVAR3,8.27
2019-11-27,WEGE3,29.05
2019-11-27,YDUQ3,40.65
2019-11-28,ABEV3,18.01
2019-11-28,ALPA4,31.3
2019-11-28,ALSO3,44.0
2019-11-28,ARZZ3,62.28
2019-11-28,AZUL4,52.75
2019-11-28,B3SA3,48.15
2019-11-28,BBAS3,47.6
2019-11-28,BBDC3,30.94
2019-11-28,BBDC4,33.21
2019-11-28,BBSE3,34.47
2019-11-28,BEEF3,14.83
2019-11-28,BIDI11,44.0
2019-11-28,BIDI4,14.6
2019-11-28,BPAC11,68.5
2019-11-28,BPAN4,9.0
2019-11-28,BRAP4,34.2
2019-11-28,BRDT3,28.28
2019-11-28,BRFS3,36.2
2019-11-28,BRKM5,27.7
2019-11-28,BRML3,15.72
2019-11-28,BTOW3,55.16
2019-11-28,CCRO3,17.5
2019-11-28,CEAB3,16.67
2019-11-28,CIEL3,7.74
2019-11-28,CMIG4,12.82
2019-11-28,COGN3,10.27
2019-11-28,CPFE3,32.0
2019-11-28,CPLE3,66.4
2019-11-28,CPLE6,61.95
2019-11-28,CRFB3,18.71
2019-11-28,CSAN3,62.31
2019-11-28,CSMG3,67.9
2019-11-28,CSNA3,12.61
2019-11-28,CVCB3,40.4
2019-11-28,CYRE3,27.0
2019-11-28,DIRR3,11.73
2019-11-28,ECOR3,14.72
2019-11-28,EGIE3,46.36
2019-11-28,ELET3,34.59
2019-11-28,ELET6,35.78
2019-11-28,EMBR3,17.93
2019-11-28,ENBR3,19.56
2019-11-28,ENEV3,38.0
2019-11-28,ENGI11,46.2
2019-11-28,EQTL3,20.49
2019-11-28,EZTC3,43.25
2019-11-28,FLRY3,27.98
2019-11-28,GGBR4,17.17
2019-11-28,GNDI3,57.26
2019-11-28,GOAU4,7.9
2019-11-28,GOLL4,34.44
2019-11-28,HAPV3,55.05
2019-11-28,HGTX3,31.99
2019-11-28,HYPE3,33.58
2019-11-28,IGTA3,46.81
2019-11-28,IRBR3,37.6
2019-11-28,ITSA4,13.25
2019-11-28,ITUB4,34.6
2019-11-28,JBSS3,28.65
2019-11-28,JHSF3,5.58
2019-11-28,KLBN11,17.64
2019-11-28,LAME4,21.98
2019-11-28,LCAM3,17.25
2019-11-28,LOGG3,28.52
2019-11-28,LREN3,51.77
2019-11-28,MGLU3,45.6
2019-11-28,MRFG3,10.79
2019-11-28,MRVE3,17.7
2019-11-28,MULT3,29.04
2019-11-28,NATU3,33.2
2019-11-28,PCAR4,80.27
2019-11-28,PETR3,31.59
2019-11-28,PETR4,29.53
2019-11-28,POMO4,3.55
2019-11-28,PRIO3,22.0
2019-11-28,PSSA3,59.0
2019-11-28,QUAL3,36.2
2019-11-28,RADL3,114.6
2019-11-28,RAIL3,23.91
2019-11-28,RENT3,44.75
2019-11-28,SANB11,44.02
2019-11-28,SBSP3,56.25
2019-11-28,SLCE3,19.26
2019-11-28,SMLS3,35.04
2019-11-28,SMTO3,21.17
2019-11-28,STBP3,7.17
2019-11-28,SULA11,53.38
2019-11-28,SUZB3,38.57
2019-11-28,TAEE11,28.05
2019-11-28,TEND3,24.28
2019-11-28,TIMP3,13.92
2019-11-28,TOTS3,65.47
2019-11-28,TRPL4,22.04
2019-11-28,UGPA3,21.9
2019-11-28,USIM5,8.43
2019-11-28,VALE3,50.37
2019-11-28,VIVA3,23.5
2019-11-28,VIVT3,46.0
2019-11-28,VIVT4,56.1
2019-11-28,VVAR3,8.59
2019-11-28,WEGE3,29.43
2019-11-28,YDUQ3,42.6
2019-11-29,ABEV3,18.05
2019-11-29,ALPA4,31.78
2019-11-29,ALSO3,44.48
2019-11-29,ARZZ3,62.5
2019-11-29,AZUL4,53.1
2019-11-29,B3SA3,47.72
2019-11-29,BBAS3,47.81
2019-11-29,BBDC3,31.25
2019-11-29,BBDC4,33.37
2019-11-29,BBSE3,34.45
2019-11-29,BEEF3,14.7
2019-11-29,BIDI11,45.0
2019-11-29,BIDI4,15.06
2019-11-29,BPAC11,70.25
2019-11-29,BPAN4,9.0
2019-11-29,BRAP4,34.2
2019-11-29,BRDT3,28.44
2019-11-29,BRFS3,36.6
2019-11-29,BRKM5,27.99
2019-11-29,BRML3,15.57
2019-11-29,BTOW3,56.34
2019-11-29,CCRO3,17.19
2019-11-29,CEAB3,16.76
2019-11-29,CIEL3,7.8
2019-11-29,CMIG4,13.05
2019-11-29,COGN3,10.25
2019-11-29,CPFE3,31.59
2019-11-29,CPLE3,66.98
2019-11-29,CPLE6,63.25
2019-11-29,CRFB3,18.81
2019-11-29,CSAN3,62.1
2019-11-29,CSMG3,68.49
2019-11-29,CSNA3,12.56
2019-11-29,CVCB3,40.14
2019-11-29,CYRE3,26.84
2019-11-29,DIRR3,12.15
2019-11-29,ECOR3,14.4
2019-11-29,EGIE3,46.77
2019-11-29,ELET3,34.83
2019-11-29,ELET6,35.93
2019-11-29,EMBR3,18.0
2019-11-29,ENBR3,19.89
2019-11-29,ENEV3,38.1
2019-11-29,ENGI11,45.98
2019-11-29,EQTL3,20.64
2019-11-29,EZTC3,43.34
2019-11-29,FLRY3,28.5
2019-11-29,GGBR4,17.0
2019-11-29,GNDI3,56.69
2019-11-29,GOAU4,7.8
2019-11-29,GOLL4,34.06
2019-11-29,HAPV3,55.7
2019-11-29,HGTX3,32.06
2019-11-29,HYPE3,33.3
2019-11-29,IGTA3,47.46
2019-11-29,IRBR3,37.13
2019-11-29,ITSA4,13.27
2019-11-29,ITUB4,34.8
2019-11-29,JBSS3,28.48
2019-11-29,JHSF3,5.67
2019-11-29,KLBN11,17.72
2019-11-29,LAME4,22.28
2019-11-29,LCAM3,17.37
2019-11-29,LOGG3,28.14
2019-11-29,LREN3,51.8
2019-11-29,MGLU3,45.03
2019-11-29,MRFG3,10.7
2019-11-29,MRVE3,17.57
2019-11-29,MULT3,28.92
2019-11-29,NATU3,33.12
2019-11-29,PCAR4,80.16
2019-11-29,PETR3,31.2
2019-11-29,PETR4,29.15
2019-11-29,POMO4,3.57
2019-11-29,PRIO3,23.26
2019-11-29,PSSA3,60.0
2019-11-29,QUAL3,36.8
2019-11-29,RADL3,112.99
2019-11-29,RAIL3,24.43
2019-11-29,RENT3,45.04
2019-11-29,SANB11,44.1
2019-11-29,SBSP3,57.4
2019-11-29,SLCE3,19.2
2019-11-29,SMLS3,34.76
2019-11-29,SMTO3,20.9
2019-11-29,STBP3,7.14
2019-11-29,SULA11,53.19
2019-11-29,SUZB3,38.56
2019-11-29,TAEE11,28.3
2019-11-29,TEND3,23.83
2019-11-29,TIMP3,13.54
2019-11-29,TOTS3,64.7
2019-11-29,TRPL4,22.14
2019-11-29,UGPA3,21.81
2019-11-29,USIM5,8.51
2019-11-29,VALE3,49.98
2019-11-29,VIVA3,23.78
2019-11-29,VIVT3,46.3
2019-11-29,VIVT4,56.25
2019-11-29,VVAR3,8.81
2019-11-29,WEGE3,30.42
2019-11-29,YDUQ3,42.41
2019-12-02,ABEV3,17.97
2019-12-02,ALPA4,31.16
2019-12-02,ALSO3,44.45
2019-12-02,ARZZ3,62.6
2019-12-02,AZUL4,52.94
2019-12-02,B3SA3,47.6
2019-12-02,BBAS3,47.43
2019-12-02,BBDC3,31.56
2019-12-02,BBDC4,33.59
2019-12-02,BBSE3,34.52
2019-12-02,BEEF3,15.4
2019-12-02,BIDI11,45.2
2019-12-02,BIDI4,15.0
2019-12-02,BPAC11,68.63
2019-12-02,BPAN4,9.05
2019-12-02,BRAP4,35.12
2019-12-02,BRDT3,28.66
2019-12-02,BRFS3,36.42
2019-12-02,BRKM5,28.26
2019-12-02,BRML3,16.18
2019-12-02,BTOW3,58.8
2019-12-02,CCRO3,17.08
2019-12-02,CEAB3,17.15
2019-12-02,CIEL3,7.77
2019-12-02,CMIG4,12.98
2019-12-02,COGN3,10.44
2019-12-02,CPFE3,31.6
2019-12-02,CPLE3,65.17
2019-12-02,CPLE6,62.5
2019-12-02,CRFB3,18.8
2019-12-02,CSAN3,64.5
2019-12-02,CSMG3,68.0
2019-12-02,CSNA3,13.28
2019-12-02,CVCB3,40.86
2019-12-02,CYRE3,26.62
2019-12-02,DIRR3,12.25
2019-12-02,ECOR3,14.11
2019-12-02,EGIE3,46.85
2019-12-02,ELET3,35.17
2019-12-02,ELET6,35.97
2019-12-02,EMBR3,18.45
2019-12-02,ENBR3,19.78
2019-12-02,ENEV3,37.78
2019-12-02,ENGI11,46.0
2019-12-02,EQTL3,20.6
2019-12-02,EZTC3,43.3
2019-12-02,FLRY3,28.47
2019-12-02,GGBR4,17.45
2019-12-02,GNDI3,59.19
2019-12-02,GOAU4,8.05
2019-12-02,GOLL4,33.63
2019-12-02,HAPV3,56.25
2019-12-02,HGTX3,31.53
2019-12-02,HYPE3,33.59
2019-12-02,IGTA3,48.7
2019-12-02,IRBR3,37.2
2019-12-02,ITSA4,13.36
2019-12-02,ITUB4,35.28
2019-12-02,JBSS3,28.2
2019-12-02,JHSF3,6.13
2019-12-02,KLBN11,18.1
2019-12-02,LAME4,22.73
2019-12-02,LCAM3,17.52
2019-12-02,LOGG3,27.95
2019-12-02,LREN3,52.4
2019-12-02,MGLU3,44.92
2019-12-02,MRFG3,10.85
2019-12-02,MRVE3,17.45
2019-12-02,MULT3,29.34
2019-12-02,NATU3,33.4
2019-12-02,PCAR4,79.6
2019-12-02,PETR3,31.16
2019-12-02,PETR4,29.07
2019-12-02,POMO4,3.58
2019-12-02,PRIO3,23.08
2019-12-02,PSSA3,59.44
2019-12-02,QUAL3,35.8
2019-12-02,RADL3,110.0
2019-12-02,RAIL3,25.19
2019-12-02,RENT3,44.56
2019-12-02,SANB11,44.48
2019-12-02,SBSP3,58.09
2019-12-02,SLCE3,19.27
2019-12-02,SMLS3,33.91
2019-12-02,SMTO3,20.7
2019-12-02,STBP3,7.12
2019-12-02,SULA11,53.8
2019-12-02,SUZB3,38.8
2019-12-02,TAEE11,28.5
2019-12-02,TEND3,23.3
2019-12-02,TIMP3,13.68
2019-12-02,TOTS3,63.49
2019-12-02,TRPL4,22.0
2019-12-02,UGPA3,22.1
2019-12-02,USIM5,8.68
2019-12-02,VALE3,51.34
2019-12-02,VIVA3,23.49
2019-12-02,VIVT3,46.0
2019-12-02,VIVT4,56.17
2019-12-02,VVAR3,9.17
2019-12-02,WEGE3,30.16
2019-12-02,YDUQ3,41.5
2019-12-03,ABEV3,17.87
2019-12-03,ALPA4,31.15
2019-12-03,ALSO3,44.43
2019-12-03,ARZZ3,64.43
2019-12-03,AZUL4,53.5
2019-12-03,B3SA3,48.11
2019-12-03,BBAS3,48.39
2019-12-03,BBDC3,31.39
2019-12-03,BBDC4,33.69
2019-12-03,BBSE3,35.86
2019-12-03,BEEF3,15.65
2019-12-03,BIDI11,45.61
2019-12-03,BIDI4,15.19
2019-12-03,BPAC11,67.95
2019-12-03,BPAN4,9.05
2019-12-03,BRAP4,34.43
2019-12-03,BRDT3,28.31
2019-12-03,BRFS3,35.8
2019-12-03,BRKM5,28.7
2019-12-03,BRML3,16.19
2019-12-03,BTOW3,59.75
2019-12-03,CCRO3,16.8
2019-12-03,CEAB3,17.5
2019-12-03,CIEL3,7.83
2019-12-03,CMIG4,12.82
2019-12-03,COGN3,10.49
2019-12-03,CPFE3,31.61
2019-12-03,CPLE3,64.61
2019-12-03,CPLE6,62.0
2019-12-03,CRFB3,18.99
2019-12-03,CSAN3,63.5
2019-12-03,CSMG3,67.81
2019-12-03,CSNA3,12.78
2019-12-03,CVCB3,40.46
2019-12-03,CYRE3,27.24
2019-12-03,DIRR3,12.75
2019-12-03,ECOR3,14.06
2019-12-03,EGIE3,45.98
2019-12-03,ELET3,35.45
2019-12-03,ELET6,36.41
2019-12-03,EMBR3,18.5
2019-12-03,ENBR3,20.03
2019-12-03,ENEV3,37.8
2019-12-03,ENGI11,46.76
2019-12-03,EQTL3,20.87
2019-12-03,EZTC3,45.65
2019-12-03,FLRY3,28.51
2019-12-03,GGBR4,17.05
2019-12-03,GNDI3,60.62
2019-12-03,GOAU4,7.85
2019-12-03,GOLL4,34.98
2019-12-03,HAPV3,57.14
2019-12-03,HGTX3,32.0
2019-12-03,HYPE3,32.9
2019-12-03,IGTA3,48.9
2019-12-03,IRBR3,37.22
2019-12-03,ITSA4,13.33
2019-12-03,ITUB4,35.29
2019-12-03,JBSS3,28.02
2019-12-03,JHSF3,6.12
2019-12-03,KLBN11,18.08
2019-12-03,LAME4,23.0
2019-12-03,LCAM3,17.64
2019-12-03,LOGG3,27.64
2019-12-03,LREN3,52.64
2019-12-03,MGLU3,44.59
2019-12-03,MRFG3,11.27
2019-12-03,MRVE3,18.7
2019-12-03,MULT3,29.22
2019-12-03,NATU3,34.0
2019-12-03,PCAR3,89.99
2019-12-03,PCAR4,79.59
2019-12-03,PETR3,31.07
2019-12-03,PETR4,28.98
2019-12-03,POMO4,3.57
2019-12-03,PRIO3,23.48
2019-12-03,PSSA3,59.8
2019-12-03,QUAL3,35.3
2019-12-03,RADL3,110.49
2019-12-03,RAIL3,25.24
2019-12-03,RENT3,44.84
2019-12-03,SANB11,44.33
2019-12-03,SBSP3,57.35
2019-12-03,SLCE3,19.44
2019-12-03,SMLS3,30.91
2019-12-03,SMTO3,20.93
2019-12-03,STBP3,7.17
2019-12-03,SULA11,54.0
2019-12-03,SUZB3,38.95
2019-12-03,TAEE11,28.61
2019-12-03,TEND3,24.6
2019-12-03,TIMP3,13.71
2019-12-03,TOTS3,62.5
2019-12-03,TRPL4,22.06
2019-12-03,UGPA3,22.39
2019-12-03,USIM5,8.6
2019-12-03,VALE3,50.42
2019-12-03,VIVA3,23.35
2019-12-03,VIVT3,46.99
2019-12-03,VIVT4,55.75
2019-12-03,VVAR3,9.5
2019-12-03,WEGE3,30.71
2019-12-03,YDUQ3,42.56
2019-12-04,ABEV3,18.3
2019-12-04,ALPA4,31.15
2019-12-04,ALSO3,44.4
2019-12-04,ARZZ3,64.6
2019-12-04,AZUL4,53.41
2019-12-04,B3SA3,49.38
2019-12-04,BBAS3,49.09
2019-12-04,BBDC3,32.1
2019-12-04,BBDC4,34.56
2019-12-04,BBSE3,36.11
2019-12-04,BEEF3,14.51
2019-12-04,BIDI11,46.0
2019-12-04,BIDI4,15.5
2019-12-04,BPAC11,70.95
2019-12-04,BPAN4,9.0
2019-12-04,BRAP4,34.44
2019-12-04,BRDT3,27.7
2019-12-04,BRFS3,36.4
2019-12-04,BRKM5,28.83
2019-12-04,BRML3,16.28
2019-12-04,BTOW3,59.2
2019-12-04,CCRO3,16.78
2019-12-04,CEAB3,17.82
2019-12-04,CIEL3,7.68
2019-12-04,CMIG4,12.88
2019-12-04,COGN3,10.62
2019-12-04,CPFE3,32.0
2019-12-04,CPLE3,66.22
2019-12-04,CPLE6,62.95
2019-12-04,CRFB3,18.97
2019-12-04,CSAN3,65.1
2019-12-04,CSMG3,67.83
2019-12-04,CSNA3,13.13
2019-12-04,CVCB3,41.06
2019-12-04,CYRE3,27.61
2019-12-04,DIRR3,12.71
2019-12-04,ECOR3,13.95
2019-12-04,EGIE3,46.93
2019-12-04,ELET3,35.65
2019-12-04,ELET6,36.61
2019-12-04,EMBR3,18.38
2019-12-04,ENBR3,20.1
2019-12-04,ENEV3,37.95
2019-12-04,ENGI11,48.24
2019-12-04,EQTL3,21.32
2019-12-04,EZTC3,45.55
2019-12-04,FLRY3,28.49
2019-12-04,GGBR4,17.26
2019-12-04,GNDI3,59.94
2019-12-04,GOAU4,7.92
2019-12-04,GOLL4,34.45
2019-12-04,HAPV3,58.02
2019-12-04,HGTX3,33.24
2019-12-04,HYPE3,32.25
2019-12-04,IGTA3,49.26
2019-12-04,IRBR3,36.9
2019-12-04,ITSA4,13.65
2019-12-04,ITUB4,36.56
2019-12-04,JBSS3,27.23
2019-12-04,JHSF3,6.1
2019-12-04,KLBN11,18.06
2019-12-04,LAME4,23.12
2019-12-04,LCAM3,17.4
2019-12-04,LOGG3,27.68
2019-12-04,LREN3,52.9
2019-12-04,MGLU3,44.07
2019-12-04,MRFG3,10.98
2019-12-04,MRVE3,18.7
2019-12-04,MULT3,29.78
2019-12-04,NATU3,34.27
2019-12-04,PCAR4,80.3
2019-12-04,PETR3,31.45
2019-12-04,PETR4,29.66
2019-12-04,POMO4,3.64
2019-12-04,PRIO3,25.49
2019-12-04,PSSA3,60.07
2019-12-04,QUAL3,34.89
2019-12-04,RADL3,107.25
2019-12-04,RAIL3,25.35
2019-12-04,RENT3,44.4
2019-12-04,SANB11,45.1
2019-12-04,SBSP3,58.23
2019-12-04,SLCE3,19.27
2019-12-04,SMLS3,31.34
2019-12-04,SMTO3,21.22
2019-12-04,STBP3,7.19
2019-12-04,SULA11,53.49
2019-12-04,SUZB3,37.91
2019-12-04,TAEE11,28.78
2019-12-04,TEND3,24.12
2019-12-04,TIMP3,14.09
2019-12-04,TOTS3,63.85
2019-12-04,TRPL4,22.0
2019-12-04,UGPA3,22.15
2019-12-04,USIM5,8.81
2019-12-04,VALE3,50.92
2019-12-04,VIVA3,23.54
2019-12-04,VIVT3,47.5
2019-12-04,VIVT4,56.25
2019-12-04,VVAR3,9.45
2019-12-04,WEGE3,31.82
2019-12-04,YDUQ3,42.0
2019-12-05,ABEV3,18.15
2019-12-05,ALPA4,31.3
2019-12-05,ALSO3,44.35
2019-12-05,ARZZ3,65.4
2019-12-05,AZUL4,53.41
2019-12-05,B3SA3,49.25
2019-12-05,BBAS3,48.67
2019-12-05,BBDC3,32.32
2019-12-05,BBDC4,34.7
2019-12-05,BBSE3,36.7
2019-12-05,BEEF3,15.07
2019-12-05,BIDI11,47.49
2019-12-05,BIDI4,15.7
2019-12-05,BPAC11,71.08
2019-12-05,BPAN4,9.04
2019-12-05,BRAP4,35.42
2019-12-05,BRDT3,27.42
2019-12-05,BRFS3,36.3
2019-12-05,BRKM5,28.64
2019-12-05,BRML3,16.4
2019-12-05,BTOW3,59.5
2019-12-05,CCRO3,16.9
2019-12-05,CEAB3,18.0
2019-12-05,CIEL3,8.08
2019-12-05,CMIG4,13.08
2019-12-05,COGN3,10.66
2019-12-05,CPFE3,32.15
2019-12-05,CPLE3,66.7
2019-12-05,CPLE6,63.0
2019-12-05,CRFB3,19.09
2019-12-05,CSAN3,65.65
2019-12-05,CSMG3,67.84
2019-12-05,CSNA3,12.98
2019-12-05,CVCB3,40.7
2019-12-05,CYRE3,27.71
2019-12-05,DIRR3,12.66
2019-12-05,ECOR3,13.97
2019-12-05,EGIE3,47.64
2019-12-05,ELET3,35.65
2019-12-05,ELET6,36.7
2019-12-05,EMBR3,18.41
2019-12-05,ENBR3,20.25
2019-12-05,ENEV3,38.94
2019-12-05,ENGI11,49.5
2019-12-05,EQTL3,21.77
2019-12-05,EZTC3,45.66
2019-12-05,FLRY3,28.31
2019-12-05,GGBR4,17.3
2019-12-05,GNDI3,59.22
2019-12-05,GOAU4,7.91
2019-12-05,GOLL4,34.35
2019-12-05,HAPV3,57.99
2019-12-05,HGTX3,32.84
2019-12-05,HYPE3,32.12
2019-12-05,IGTA3,49.7
2019-12-05,IRBR3,37.2
2019-12-05,ITSA4,13.59
2019-12-05,ITUB4,36.51
2019-12-05,JBSS3,27.55
2019-12-05,JHSF3,6.21
2019-12-05,KLBN11,18.13
2019-12-05,LAME4,23.04
2019-12-05,LCAM3,17.9
2019-12-05,LOGG3,28.05
2019-12-05,LREN3,52.98
2019-12-05,MGLU3,44.89
2019-12-05,MRFG3,11.07
2019-12-05,MRVE3,18.39
2019-12-05,MULT3,30.21
2019-12-05,NATU3,34.33
2019-12-05,PCAR4,81.1
2019-12-05,PETR3,31.86
2019-12-05,PETR4,30.05
2019-12-05,POMO4,3.6
2019-12-05,PRIO3,24.95
2019-12-05,PSSA3,60.02
2019-12-05,QUAL3,34.79
2019-12-05,RADL3,105.53
2019-12-05,RAIL3,25.22
2019-12-05,RENT3,45.04
2019-12-05,SANB11,45.2
2019-12-05,SBSP3,58.33
2019-12-05,SLCE3,19.38
2019-12-05,SMLS3,31.02
2019-12-05,SMTO3,21.7
2019-12-05,STBP3,7.15
2019-12-05,SULA11,52.76
2019-12-05,SUZB3,38.0
2019-12-05,TAEE11,28.9
2019-12-05,TEND3,25.0
2019-12-05,TIMP3,14.15
2019-12-05,TOTS3,64.29
2019-12-05,TRPL4,21.98
2019-12-05,UGPA3,21.68
2019-12-05,USIM5,8.8
2019-12-05,VALE3,50.95
2019-12-05,VIVA3,23.93
2019-12-05,VIVT3,46.61
2019-12-05,VIVT4,56.56
2019-12-05,VVAR3,9.32
2019-12-05,WEGE3,32.77
2019-12-05,YDUQ3,41.85
2019-12-06,ABEV3,18.45
2019-12-06,ALPA4,32.05
2019-12-06,ALSO3,44.4
2019-12-06,ARZZ3,68.1
2019-12-06,AZUL4,54.7
2019-12-06,B3SA3,49.1
2019-12-06,BBAS3,48.47
2019-12-06,BBDC3,32.3
2019-12-06,BBDC4,34.31
2019-12-06,BBSE3,36.72
2019-12-06,BEEF3,15.08
2019-12-06,BIDI11,47.28
2019-12-06,BIDI4,15.89
2019-12-06,BPAC11,74.73
2019-12-06,BPAN4,9.18
2019-12-06,BRAP4,35.73
2019-12-06,BRDT3,27.23
2019-12-06,BRFS3,36.9
2019-12-06,BRKM5,29.31
2019-12-06,BRML3,16.55
2019-12-06,BTOW3,61.41
2019-12-06,CCRO3,17.01
2019-12-06,CEAB3,17.92
2019-12-06,CIEL3,8.07
2019-12-06,CMIG4,13.02
2019-12-06,COGN3,10.94
2019-12-06,CPFE3,32.18
2019-12-06,CPLE3,68.45
2019-12-06,CPLE6,65.4
2019-12-06,CRFB3,19.73
2019-12-06,CSAN3,66.54
2019-12-06,CSMG3,67.96
2019-12-06,CSNA3,13.33
2019-12-06,CVCB3,41.4
2019-12-06,CYRE3,28.77
2019-12-06,DIRR3,13.2
2019-12-06,ECOR3,14.0
2019-12-06,EGIE3,47.65
2019-12-06,ELET3,35.82
2019-12-06,ELET6,37.19
2019-12-06,EMBR3,18.56
2019-12-06,ENBR3,20.02
2019-12-06,ENEV3,38.8
2019-12-06,ENGI11,49.77
2019-12-06,EQTL3,21.78
2019-12-06,EZTC3,46.6
2019-12-06,FLRY3,28.88
2019-12-06,GGBR4,17.6
2019-12-06,GNDI3,60.87
2019-12-06,GOAU4,8.1
2019-12-06,GOLL4,36.06
2019-12-06,HAPV3,57.78
2019-12-06,HGTX3,33.51
2019-12-06,HYPE3,32.29
2019-12-06,IGTA3,49.49
2019-12-06,IRBR3,37.07
2019-12-06,ITSA4,13.46
2019-12-06,ITUB4,35.85
2019-12-06,JBSS3,27.45
2019-12-06,JHSF3,6.4
2019-12-06,KLBN11,18.39
2019-12-06,LAME4,24.67
2019-12-06,LCAM3,18.16
2019-12-06,LOGG3,27.87
2019-12-06,LREN3,54.16
2019-12-06,MGLU3,45.4
2019-12-06,MRFG3,11.1
2019-12-06,MRVE3,19.26
2019-12-06,MULT3,30.53
2019-12-06,NATU3,34.32
2019-12-06,PCAR4,83.0
2019-12-06,PETR3,32.07
2019-12-06,PETR4,30.35
2019-12-06,POMO4,3.62
2019-12-06,PRIO3,26.58
2019-12-06,PSSA3,59.66
2019-12-06,QUAL3,35.15
2019-12-06,RADL3,104.92
2019-12-06,RAIL3,25.2
2019-12-06,RENT3,45.7
2019-12-06,SANB11,44.67
2019-12-06,SBSP3,58.45
2019-12-06,SLCE3,19.9
2019-12-06,SMLS3,31.74
2019-12-06,SMTO3,21.44
2019-12-06,STBP3,7.16
2019-12-06,SULA11,53.55
2019-12-06,SUZB3,38.2
2019-12-06,TAEE11,28.96
2019-12-06,TEND3,25.69
2019-12-06,TIMP3,14.28
2019-12-06,TOTS3,65.41
2019-12-06,TRPL4,22.06
2019-12-06,UGPA3,21.5
2019-12-06,USIM5,9.0
2019-12-06,VALE3,51.35
2019-12-06,VIVA3,25.9
2019-12-06,VIVT3,47.0
2019-12-06,VIVT4,56.86
2019-12-06,VVAR3,10.0
2019-12-06,WEGE3,32.74
2019-12-06,YDUQ3,44.14
2019-12-09,ABEV3,18.44
2019-12-09,ALPA4,31.73
2019-12-09,ALSO3,43.96
2019-12-09,ARZZ3,68.5
2019-12-09,AZUL4,54.71
2019-12-09,B3SA3,47.65
2019-12-09,BBAS3,48.62
2019-12-09,BBDC3,32.03
2019-12-09,BBDC4,34.6
2019-12-09,BBSE3,36.62
2019-12-09,BEEF3,15.25
2019-12-09,BIDI11,47.9
2019-12-09,BIDI4,16.0
2019-12-09,BPAC11,76.5
2019-12-09,BPAN4,9.22
2019-12-09,BRAP4,35.94
2019-12-09,BRDT3,26.65
2019-12-09,BRFS3,36.85
2019-12-09,BRKM5,29.04
2019-12-09,BRML3,16.48
2019-12-09,BTOW3,60.73
2019-12-09,CCRO3,17.42
2019-12-09,CEAB3,18.0
2019-12-09,CIEL3,8.14
2019-12-09,CMIG4,12.88
2019-12-09,COGN3,10.99
2019-12-09,CPFE3,32.44
2019-12-09,CPLE3,68.16
2019-12-09,CPLE6,65.0
2019-12-09,CRFB3,19.64
2019-12-09,CSAN3,65.86
2019-12-09,CSMG3,68.73
2019-12-09,CSNA3,13.16
2019-12-09,CVCB3,41.2
2019-12-09,CYRE3,28.98
2019-12-09,DIRR3,13.26
2019-12-09,ECOR3,14.16
2019-12-09,EGIE3,47.5
2019-12-09,ELET3,35.77
2019-12-09,ELET6,37.2
2019-12-09,EMBR3,18.5
2019-12-09,ENBR3,20.35
2019-12-09,ENEV3,38.78
2019-12-09,ENGI11,49.98
2019-12-09,EQTL3,21.92
2019-12-09,EZTC3,46.07
2019-12-09,FLRY3,29.05
2019-12-09,GGBR4,17.18
2019-12-09,GNDI3,58.74
2019-12-09,GOAU4,7.9
2019-12-09,GOLL4,36.69
2019-12-09,HAPV3,55.8
2019-12-09,HGTX3,33.52
2019-12-09,HYPE3,32.05
2019-12-09,IGTA3,49.41
2019-12-09,IRBR3,36.82
2019-12-09,ITSA4,13.68
2019-12-09,ITUB4,36.55
2019-12-09,JBSS3,26.53
2019-12-09,JHSF3,6.37
2019-12-09,KLBN11,17.97
2019-12-09,LAME4,25.07
2019-12-09,LCAM3,18.92
2019-12-09,LOGG3,28.67
2019-12-09,LREN3,52.9
2019-12-09,MGLU3,45.85
2019-12-09,MRFG3,10.87
2019-12-09,MRVE3,19.46
2019-12-09,MULT3,30.49
2019-12-09,NATU3,34.08
2019-12-09,PCAR4,83.51
2019-12-09,PETR3,32.23
2019-12-09,PETR4,30.21
2019-12-09,POMO4,3.62
2019-12-09,PRIO3,26.81
2019-12-09,PSSA3,59.63
2019-12-09,QUAL3,34.82
2019-12-09,RADL3,102.79
2019-12-09,RAIL3,25.2
2019-12-09,RENT3,45.14
2019-12-09,SANB11,44.5
2019-12-09,SBSP3,59.7
2019-12-09,SLCE3,20.58
2019-12-09,SMLS3,38.0
2019-12-09,SMTO3,21.41
2019-12-09,STBP3,7.2
2019-12-09,SULA11,51.81
2019-12-09,SUZB3,37.78
2019-12-09,TAEE11,29.2
2019-12-09,TEND3,25.6
2019-12-09,TIMP3,14.42
2019-12-09,TOTS3,65.04
2019-12-09,TRPL4,22.33
2019-12-09,UGPA3,21.38
2019-12-09,USIM5,8.7
2019-12-09,VALE3,51.44
2019-12-09,VIVA3,27.09
2019-12-09,VIVT3,47.47
2019-12-09,VIVT4,56.93
2019-12-09,VVAR3,10.23
2019-12-09,WEGE3,31.91
2019-12-09,YDUQ3,42.45
2019-12-10,ABEV3,18.37
2019-12-10,ALPA4,32.0
2019-12-10,ALSO3,44.0
2019-12-10,ARZZ3,66.6
2019-12-10,AZUL4,53.6
2019-12-10,B3SA3,46.79
2019-12-10,BBAS3,47.92
2019-12-10,BBDC3,31.91
2019-12-10,BBDC4,34.48
2019-12-10,BBSE3,36.19
2019-12-10,BEEF3,15.04
2019-12-10,BIDI11,47.43
2019-12-10,BIDI4,15.62
2019-12-10,BPAC11,74.35
2019-12-10,BPAN4,9.3
2019-12-10,BRAP4,36.15
2019-12-10,BRDT3,27.24
2019-12-10,BRFS3,36.8
2019-12-10,BRKM5,29.13
2019-12-10,BRML3,16.96
2019-12-10,BTOW3,61.3
2019-12-10,CCRO3,17.15
2019-12-10,CEAB3,18.5
2019-12-10,CIEL3,8.1
2019-12-10,CMIG4,12.74
2019-12-10,COGN3,11.16
2019-12-10,CPFE3,32.45
2019-12-10,CPLE3,67.9
2019-12-10,CPLE6,65.29
2019-12-10,CRFB3,19.53
2019-12-10,CSAN3,66.34
2019-12-10,CSMG3,68.71
2019-12-10,CSNA3,13.33
2019-12-10,CVCB3,41.62
2019-12-10,CYRE3,28.99
2019-12-10,DIRR3,13.14
2019-12-10,ECOR3,14.16
2019-12-10,EGIE3,47.27
2019-12-10,ELET3,35.79
2019-12-10,ELET6,37.01
2019-12-10,EMBR3,18.43
2019-12-10,ENBR3,20.36
2019-12-10,ENEV3,39.0
2019-12-10,ENGI11,49.77
2019-12-10,EQTL3,22.18
2019-12-10,EZTC3,45.64
2019-12-10,FLRY3,28.44
2019-12-10,GGBR4,17.67
2019-12-10,GNDI3,58.18
2019-12-10,GOAU4,8.06
2019-12-10,GOLL4,35.0
2019-12-10,HAPV3,54.62
2019-12-10,HGTX3,33.56
2019-12-10,HYPE3,32.44
2019-12-10,IGTA3,49.75
2019-12-10,IRBR3,36.85
2019-12-10,ITSA4,13.66
2019-12-10,ITUB4,36.02
2019-12-10,JBSS3,26.0
2019-12-10,JHSF3,6.32
2019-12-10,KLBN11,18.25
2019-12-10,LAME4,24.85
2019-12-10,LCAM3,18.87
2019-12-10,LOGG3,28.91
2019-12-10,LREN3,52.71
2019-12-10,MGLU3,46.6
2019-12-10,MRFG3,11.19
2019-12-10,MRVE3,19.54
2019-12-10,MULT3,30.55
2019-12-10,NATU3,34.64
2019-12-10,PCAR3,88.88
2019-12-10,PCAR4,82.91
2019-12-10,PETR3,32.43
2019-12-10,PETR4,30.44
2019-12-10,POMO4,3.66
2019-12-10,PRIO3,26.99
2019-12-10,PSSA3,59.02
2019-12-10,QUAL3,34.38
2019-12-10,RADL3,103.9
2019-12-10,RAIL3,25.05
2019-12-10,RENT3,44.45
2019-12-10,SANB11,44.43
2019-12-10,SBSP3,59.89
2019-12-10,SLCE3,20.3
2019-12-10,SMLS3,37.6
2019-12-10,SMTO3,21.45
2019-12-10,STBP3,7.57
2019-12-10,SULA11,51.82
2019-12-10,SUZB3,38.09
2019-12-10,TAEE11,29.45
2019-12-10,TEND3,25.21
2019-12-10,TIMP3,14.11
2019-12-10,TOTS3,64.85
2019-12-10,TRPL4,22.26
2019-12-10,UGPA3,21.65
2019-12-10,USIM5,8.8
2019-12-10,VALE3,51.2
2019-12-10,VIVA3,26.8
2019-12-10,VIVT3,47.23
2019-12-10,VIVT4,56.75
2019-12-10,VVAR3,10.2
2019-12-10,WEGE3,31.97
2019-12-10,YDUQ3,42.35
2019-12-11,ABEV3,18.45
2019-12-11,ALPA4,33.08
2019-12-11,ALSO3,43.94
2019-12-11,ARZZ3,66.0
2019-12-11,AZUL4,54.64
2019-12-11,B3SA3,46.2
2019-12-11,BBAS3,47.85
2019-12-11,BBDC3,31.85
2019-12-11,BBDC4,34.28
2019-12-11,BBSE3,36.35
2019-12-11,BEEF3,14.79
2019-12-11,BIDI11,47.6
2019-12-11,BIDI4,15.85
2019-12-11,BPAC11,73.68
2019-12-11,BPAN4,9.28
2019-12-11,BRAP4,36.4
2019-12-11,BRDT3,27.52
2019-12-11,BRFS3,35.88
2019-12-11,BRKM5,29.33
2019-12-11,BRML3,17.1
2019-12-11,BTOW3,61.4
2019-12-11,CCRO3,17.3
2019-12-11,CEAB3,19.35
2019-12-11,CIEL3,8.25
2019-12-11,CMIG4,13.0
2019-12-11,COGN3,11.95
2019-12-11,CPFE3,32.5
2019-12-11,CPLE3,67.49
2019-12-11,CPLE6,65.03
2019-12-11,CRFB3,20.07
2019-12-11,CSAN3,68.51
2019-12-11,CSMG3,69.59
2019-12-11,CSNA3,13.66
2019-12-11,CVCB3,41.81
2019-12-11,CYRE3,28.0
2019-12-11,DIRR3,13.54
2019-12-11,ECOR3,14.6
2019-12-11,EGIE3,47.75
2019-12-11,ELET3,36.07
2019-12-11,ELET6,37.0
2019-12-11,EMBR3,18.57
2019-12-11,ENBR3,20.5
2019-12-11,ENEV3,40.24
2019-12-11,ENGI11,50.0
2019-12-11,EQTL3,22.55
2019-12-11,EZTC3,46.37
2019-12-11,FLRY3,28.5
2019-12-11,GGBR4,17.6
2019-12-11,GNDI3,57.97
2019-12-11,GOAU4,8.0
2019-12-11,GOLL4,35.3
2019-12-11,HAPV3,56.22
2019-12-11,HGTX3,34.61
2019-12-11,HYPE3,32.31
2019-12-11,IGTA3,50.0
2019-12-11,IRBR3,36.74
2019-12-11,ITSA4,13.62
2019-12-11,ITUB4,35.6
2019-12-11,JBSS3,25.45
2019-12-11,JHSF3,6.53
2019-12-11,KLBN11,18.64
2019-12-11,LAME4,24.7
2019-12-11,LCAM3,18.65
2019-12-11,LOGG3,29.02
2019-12-11,LREN3,53.44
2019-12-11,MGLU3,47.58
2019-12-11,MRFG3,11.1
2019-12-11,MRVE3,19.65
2019-12-11,MULT3,30.45
2019-12-11,NATU3,34.55
2019-12-11,PCAR4,84.25
2019-12-11,PETR3,32.44
2019-12-11,PETR4,30.4
2019-12-11,POMO4,3.68
2019-12-11,PRIO3,27.4
2019-12-11,PSSA3,59.32
2019-12-11,QUAL3,34.4
2019-12-11,RADL3,101.5
2019-12-11,RAIL3,25.65
2019-12-11,RENT3,45.61
2019-12-11,SANB11,44.32
2019-12-11,SBSP3,61.5
2019-12-11,SLCE3,21.09
2019-12-11,SMLS3,38.2
2019-12-11,SMTO3,22.31
2019-12-11,STBP3,7.92
2019-12-11,SULA11,52.76
2019-12-11,SUZB3,39.18
2019-12-11,TAEE11,29.58
2019-12-11,TEND3,25.33
2019-12-11,TIMP3,14.17
2019-12-11,TOTS3,64.74
2019-12-11,TRPL4,22.5
2019-12-11,UGPA3,21.75
2019-12-11,USIM5,8.93
2019-12-11,VALE3,51.83
2019-12-11,VIVA3,26.6
2019-12-11,VIVT3,47.49
2019-12-11,VIVT4,55.95
2019-12-11,VVAR3,10.32
2019-12-11,WEGE3,33.07
2019-12-11,YDUQ3,44.15
2019-12-12,ABEV3,18.7
2019-12-12,ALPA4,32.3
2019-12-12,ALSO3,44.0
2019-12-12,ARZZ3,65.63
2019-12-12,AZUL4,55.07
2019-12-12,B3SA3,46.69
2019-12-12,BBAS3,48.91
2019-12-12,BBDC3,32.23
2019-12-12,BBDC4,34.74
2019-12-12,BBSE3,36.5
2019-12-12,BEEF3,14.3
2019-12-12,BIDI11,43.85
2019-12-12,BIDI4,15.0
2019-12-12,BPAC11,74.43
2019-12-12,BPAN4,9.3
2019-12-12,BRAP4,36.99
2019-12-12,BRDT3,27.8
2019-12-12,BRFS3,35.51
2019-12-12,BRKM5,29.29
2019-12-12,BRML3,17.17
2019-12-12,BTOW3,64.61
2019-12-12,CCRO3,17.28
2019-12-12,CEAB3,19.15
2019-12-12,CIEL3,8.4
2019-12-12,CMIG4,13.02
2019-12-12,COGN3,12.1
2019-12-12,CPFE3,32.9
2019-12-12,CPLE3,67.3
2019-12-12,CPLE6,64.8
2019-12-12,CRFB3,20.98
2019-12-12,CSAN3,68.95
2019-12-12,CSMG3,66.12
2019-12-12,CSNA3,14.1
2019-12-12,CVCB3,43.43
2019-12-12,CYRE3,28.67
2019-12-12,DIRR3,13.82
2019-12-12,ECOR3,14.6
2019-12-12,EGIE3,47.83
2019-12-12,ELET3,36.18
2019-12-12,ELET6,37.03
2019-12-12,EMBR3,18.82
2019-12-12,ENBR3,20.54
2019-12-12,ENEV3,39.57
2019-12-12,ENGI11,50.48
2019-12-12,EQTL3,22.18
2019-12-12,EZTC3,47.0
2019-12-12,FLRY3,28.44
2019-12-12,GGBR4,17.91
2019-12-12,GNDI3,59.45
2019-12-12,GOAU4,8.1
2019-12-12,GOLL4,35.7
2019-12-12,HAPV3,57.2
2019-12-12,HGTX3,33.99
2019-12-12,HYPE3,32.74
2019-12-12,IGTA3,50.35
2019-12-12,IRBR3,37.54
2019-12-12,ITSA4,13.6
2019-12-12,ITUB4,35.59
2019-12-12,JBSS3,25.25
2019-12-12,JHSF3,6.64
2019-12-12,KLBN11,18.73
2019-12-12,LAME4,26.19
2019-12-12,LCAM3,19.39
2019-12-12,LOGG3,29.74
2019-12-12,LREN3,54.05
2019-12-12,MGLU3,47.83
2019-12-12,MRFG3,10.97
2019-12-12,MRVE3,20.86
2019-12-12,MULT3,30.8
2019-12-12,NATU3,35.32
2019-12-12,PCAR4,85.5
2019-12-12,PETR3,32.87
2019-12-12,PETR4,30.97
2019-12-12,POMO4,3.78
2019-12-12,PRIO3,28.0
2019-12-12,PSSA3,60.0
2019-12-12,QUAL3,34.03
2019-12-12,RADL3,103.62
2019-12-12,RAIL3,25.88
2019-12-12,RENT3,46.78
2019-12-12,SANB11,44.4
2019-12-12,SBSP3,59.44
2019-12-12,SLCE3,20.91
2019-12-12,SMLS3,38.5
2019-12-12,SMTO3,22.4
2019-12-12,STBP3,7.83
2019-12-12,SULA11,52.95
2019-12-12,SUZB3,39.16
2019-12-12,TAEE11,29.89
2019-12-12,TEND3,26.62
2019-12-12,TIMP3,14.44
2019-12-12,TOTS3,67.0
2019-12-12,TRPL4,22.53
2019-12-12,UGPA3,22.07
2019-12-12,USIM5,9.29
2019-12-12,VALE3,52.95
2019-12-12,VIVA3,28.0
2019-12-12,VIVT3,46.69
2019-12-12,VIVT4,55.81
2019-12-12,VVAR3,10.0
2019-12-12,WEGE3,33.8
2019-12-12,YDUQ3,45.01
2019-12-13,ABEV3,19.01
2019-12-13,ALPA4,33.2
2019-12-13,ALSO3,43.66
2019-12-13,ARZZ3,65.6
2019-12-13,AZUL4,56.86
2019-12-13,B3SA3,46.4
2019-12-13,BBAS3,48.53
2019-12-13,BBDC3,32.52
2019-12-13,BBDC4,34.8
2019-12-13,BBSE3,37.35
2019-12-13,BEEF3,13.73
2019-12-13,BIDI11,44.25
2019-12-13,BIDI4,15.12
2019-12-13,BPAC11,74.7
2019-12-13,BPAN4,9.62
2019-12-13,BRAP4,37.82
2019-12-13,BRDT3,27.52
2019-12-13,BRFS3,33.95
2019-12-13,BRKM5,29.13
2019-12-13,BRML3,17.39
2019-12-13,BTOW3,66.2
2019-12-13,CCRO3,17.54
2019-12-13,CEAB3,18.5
2019-12-13,CIEL3,8.78
2019-12-13,CMIG4,13.03
2019-12-13,COGN3,12.2
2019-12-13,CPFE3,33.4
2019-12-13,CPLE3,67.7
2019-12-13,CPLE6,65.49
2019-12-13,CRFB3,20.8
2019-12-13,CSAN3,69.3
2019-12-13,CSMG3,65.51
2019-12-13,CSNA3,14.18
2019-12-13,CVCB3,43.63
2019-12-13,CYRE3,29.43
2019-12-13,DIRR3,14.44
2019-12-13,ECOR3,14.79
2019-12-13,EGIE3,47.99
2019-12-13,ELET3,35.96
2019-12-13,ELET6,37.29
2019-12-13,EMBR3,19.03
2019-12-13,ENBR3,20.68
2019-12-13,ENEV3,39.89
2019-12-13,ENGI11,51.36
2019-12-13,EQTL3,22.67
2019-12-13,EZTC3,49.1
2019-12-13,FLRY3,28.78
2019-12-13,GGBR4,18.49
2019-12-13,GNDI3,60.0
2019-12-13,GOAU4,8.57
2019-12-13,GOLL4,36.18
2019-12-13,HAPV3,56.18
2019-12-13,HGTX3,33.57
2019-12-13,HYPE3,33.12
2019-12-13,IGTA3,50.02
2019-12-13,IRBR3,36.68
2019-12-13,ITSA4,13.7
2019-12-13,ITUB4,36.31
2019-12-13,JBSS3,25.64
2019-12-13,JHSF3,6.71
2019-12-13,KLBN11,18.83
2019-12-13,LAME4,26.74
2019-12-13,LCAM3,20.12
2019-12-13,LOGG3,30.14
2019-12-13,LREN3,54.25
2019-12-13,MGLU3,49.07
2019-12-13,MRFG3,10.91
2019-12-13,MRVE3,22.16
2019-12-13,MULT3,30.85
2019-12-13,NATU3,36.71
2019-12-13,PCAR4,83.99
2019-12-13,PETR3,31.33
2019-12-13,PETR4,29.98
2019-12-13,POMO4,3.88
2019-12-13,PRIO3,29.33
2019-12-13,PSSA3,60.26
2019-12-13,QUAL3,34.22
2019-12-13,RADL3,107.01
2019-12-13,RAIL3,25.41
2019-12-13,RENT3,46.83
2019-12-13,SANB11,44.71
2019-12-13,SBSP3,58.4
2019-12-13,SLCE3,20.87
2019-12-13,SMLS3,38.49
2019-12-13,SMTO3,22.38
2019-12-13,STBP3,7.95
2019-12-13,SULA11,53.7
2019-12-13,SUZB3,38.88
2019-12-13,TAEE11,30.36
2019-12-13,TEND3,27.57
2019-12-13,TIMP3,14.68
2019-12-13,TOTS3,68.7
2019-12-13,TRPL4,22.75
2019-12-13,UGPA3,22.26
2019-12-13,USIM5,9.25
2019-12-13,VALE3,53.76
2019-12-13,VIVA3,28.3
2019-12-13,VIVT3,47.5
2019-12-13,VIVT4,56.33
2019-12-13,VVAR3,10.87
2019-12-13,WEGE3,34.05
2019-12-13,YDUQ3,47.2
2019-12-16,ABEV3,19.08
2019-12-16,ALPA4,32.99
2019-12-16,ALSO3,44.9
2019-12-16,ARZZ3,64.7
2019-12-16,AZUL4,57.27
2019-12-16,B3SA3,46.22
2019-12-16,BBAS3,47.87
2019-12-16,BBDC3,32.03
2019-12-16,BBDC4,34.19
2019-12-16,BBSE3,36.82
2019-12-16,BEEF3,13.47
2019-12-16,BIDI11,45.3
2019-12-16,BIDI4,15.3
2019-12-16,BPAC11,74.18
2019-12-16,BPAN4,9.55
2019-12-16,BRAP4,37.75
2019-12-16,BRDT3,28.5
2019-12-16,BRFS3,34.74
2019-12-16,BRKM5,28.64
2019-12-16,BRML3,17.36
2019-12-16,BTOW3,66.54
2019-12-16,CCRO3,17.77
2019-12-16,CEAB3,18.63
2019-12-16,CIEL3,8.33
2019-12-16,CMIG4,13.41
2019-12-16,COGN3,12.1
2019-12-16,CPFE3,33.7
2019-12-16,CPLE3,68.15
2019-12-16,CPLE6,66.01
2019-12-16,CRFB3,21.02
2019-12-16,CSAN3,69.33
2019-12-16,CSMG3,65.4
2019-12-16,CSNA3,14.01
2019-12-16,CVCB3,43.38
2019-12-16,CYRE3,30.11
2019-12-16,DIRR3,14.18
2019-12-16,ECOR3,15.21
2019-12-16,EGIE3,47.51
2019-12-16,ELET3,36.25
2019-12-16,ELET6,37.85
2019-12-16,EMBR3,18.96
2019-12-16,ENBR3,20.61
2019-12-16,ENEV3,40.3
2019-12-16,ENGI11,51.41
2019-12-16,EQTL3,22.06
2019-12-16,EZTC3,49.6
2019-12-16,FLRY3,28.95
2019-12-16,GGBR4,18.11
2019-12-16,GNDI3,61.59
2019-12-16,GOAU4,8.48
2019-12-16,GOLL4,36.33
2019-12-16,HAPV3,57.84
2019-12-16,HGTX3,34.1
2019-12-16,HYPE3,33.5
2019-12-16,IGTA3,50.67
2019-12-16,IRBR3,36.74
2019-12-16,ITSA4,13.57
2019-12-16,ITUB4,35.48
2019-12-16,JBSS3,25.5
2019-12-16,JHSF3,6.82
2019-12-16,KLBN11,18.52
2019-12-16,LAME4,26.5
2019-12-16,LCAM3,19.9
2019-12-16,LOGG3,32.0
2019-12-16,LREN3,54.45
2019-12-16,MGLU3,49.3
2019-12-16,MRFG3,10.87
2019-12-16,MRVE3,22.35
2019-12-16,MULT3,31.08
2019-12-16,NATU3,38.0
2019-12-16,PCAR4,83.82
2019-12-16,PETR3,31.09
2019-12-16,PETR4,29.41
2019-12-16,POMO4,3.92
2019-12-16,PRIO3,29.43
2019-12-16,PSSA3,60.6
2019-12-16,QUAL3,33.95
2019-12-16,RADL3,105.33
2019-12-16,RAIL3,25.37
2019-12-16,RENT3,47.5
2019-12-16,SANB11,44.54
2019-12-16,SBSP3,58.54
2019-12-16,SLCE3,22.37
2019-12-16,SMLS3,38.5
2019-12-16,SMTO3,22.26
2019-12-16,STBP3,8.12
2019-12-16,SULA11,54.33
2019-12-16,SUZB3,39.2
2019-12-16,TAEE11,30.42
2019-12-16,TEND3,28.14
2019-12-16,TIMP3,14.52
2019-12-16,TOTS3,68.0
2019-12-16,TRPL4,22.52
2019-12-16,UGPA3,22.43
2019-12-16,USIM5,9.12
2019-12-16,VALE3,53.34
2019-12-16,VIVA3,28.2
2019-12-16,VIVT3,47.33
2019-12-16,VIVT4,56.63
2019-12-16,VVAR3,11.25
2019-12-16,WEGE3,33.49
2019-12-16,YDUQ3,47.35
2019-12-17,ABEV3,18.91
2019-12-17,ALPA4,32.1
2019-12-17,ALSO3,44.82
2019-12-17,ARZZ3,64.5
2019-12-17,AZUL4,56.87
2019-12-17,B3SA3,47.79
2019-12-17,BBAS3,48.95
2019-12-17,BBDC3,32.54
2019-12-17,BBDC4,34.82
2019-12-17,BBSE3,37.55
2019-12-17,BEEF3,12.68
2019-12-17,BIDI11,44.4
2019-12-17,BIDI4,15.05
2019-12-17,BPAC11,74.84
2019-12-17,BPAN4,9.6
2019-12-17,BRAP4,37.63
2019-12-17,BRDT3,29.2
2019-12-17,BRFS3,33.63
2019-12-17,BRKM5,28.46
2019-12-17,BRML3,17.39
2019-12-17,BTOW3,64.28
2019-12-17,CCRO3,17.75
2019-12-17,CEAB3,18.5
2019-12-17,CIEL3,8.79
2019-12-17,CMIG4,13.5
2019-12-17,COGN3,12.0
2019-12-17,CPFE3,33.45
2019-12-17,CPLE3,68.1
2019-12-17,CPLE6,66.48
2019-12-17,CRFB3,21.47
2019-12-17,CSAN3,68.4
2019-12-17,CSMG3,64.55
2019-12-17,CSNA3,13.88
2019-12-17,CVCB3,42.66
2019-12-17,CYRE3,29.66
2019-12-17,DIRR3,14.04
2019-12-17,ECOR3,15.15
2019-12-17,EGIE3,47.3
2019-12-17,ELET3,35.93
2019-12-17,ELET6,37.66
2019-12-17,EMBR3,19.16
2019-12-17,ENBR3,20.5
2019-12-17,ENEV3,40.39
2019-12-17,ENGI11,51.12
2019-12-17,EQTL3,22.08
2019-12-17,EZTC3,49.65
2019-12-17,FLRY3,28.81
2019-12-17,GGBR4,18.02
2019-12-17,GNDI3,63.0
2019-12-17,GOAU4,8.43
2019-12-17,GOLL4,35.33
2019-12-17,HAPV3,58.26
2019-12-17,HGTX3,33.17
2019-12-17,HYPE3,33.62
2019-12-17,IGTA3,50.14
2019-12-17,IRBR3,37.22
2019-12-17,ITSA4,13.83
2019-12-17,ITUB4,36.02
2019-12-17,JBSS3,24.99
2019-12-17,JHSF3,6.73
2019-12-17,KLBN11,18.75
2019-12-17,LAME4,25.87
2019-12-17,LCAM3,19.76
2019-12-17,LOGG3,31.5
2019-12-17,LREN3,54.14
2019-12-17,MGLU3,47.88
2019-12-17,MRFG3,10.7
2019-12-17,MRVE3,21.87
2019-12-17,MULT3,30.73
2019-12-17,NATU3,36.86
2019-12-17,PCAR4,84.47
2019-12-17,PETR3,31.52
2019-12-17,PETR4,29.85
2019-12-17,POMO4,4.05
2019-12-17,PRIO3,29.9
2019-12-17,PSSA3,61.16
2019-12-17,QUAL3,34.15
2019-12-17,RADL3,106.01
2019-12-17,RAIL3,25.26
2019-12-17,RENT3,47.3
2019-12-17,SANB11,44.93
2019-12-17,SBSP3,58.13
2019-12-17,SLCE3,22.53
2019-12-17,SMLS3,38.45
2019-12-17,SMTO3,22.45
2019-12-17,STBP3,8.19
2019-12-17,SULA11,54.3
2019-12-17,SUZB3,40.03
2019-12-17,TAEE11,30.27
2019-12-17,TEND3,27.91
2019-12-17,TIMP3,14.61
2019-12-17,TOTS3,67.9
2019-12-17,TRPL4,22.36
2019-12-17,UGPA3,23.0
2019-12-17,USIM5,9.25
2019-12-17,VALE3,53.35
2019-12-17,VIVA3,27.7
2019-12-17,VIVT3,47.39
2019-12-17,VIVT4,56.87
2019-12-17,VVAR3,10.99
2019-12-17,WEGE3,33.96
2019-12-17,YDUQ3,46.35
2019-12-18,ABEV3,19.09
2019-12-18,ALPA4,32.3
2019-12-18,ALSO3,44.85
2019-12-18,ARZZ3,64.0
2019-12-18,AZUL4,57.61
2019-12-18,B3SA3,48.56
2019-12-18,BBAS3,50.64
2019-12-18,BBDC3,33.8
2019-12-18,BBDC4,35.79
2019-12-18,BBSE3,38.03
2019-12-18,BEEF3,12.93
2019-12-18,BIDI11,44.51
2019-12-18,BIDI4,15.08
2019-12-18,BPAC11,75.27
2019-12-18,BPAN4,9.59
2019-12-18,BRAP4,37.4
2019-12-18,BRDT3,29.22
2019-12-18,BRFS3,34.33
2019-12-18,BRKM5,28.77
2019-12-18,BRML3,17.67
2019-12-18,BTOW3,63.88
2019-12-18,CCRO3,18.21
2019-12-18,CEAB3,18.32
2019-12-18,CIEL3,8.74
2019-12-18,CMIG4,13.57
2019-12-18,COGN3,11.64
2019-12-18,CPFE3,34.21
2019-12-18,CPLE3,67.7
2019-12-18,CPLE6,66.5
2019-12-18,CRFB3,22.31
2019-12-18,CSAN3,69.12
2019-12-18,CSMG3,64.55
2019-12-18,CSNA3,13.73
2019-12-18,CVCB3,43.07
2019-12-18,CYRE3,29.7
2019-12-18,DIRR3,14.49
2019-12-18,ECOR3,15.51
2019-12-18,EGIE3,49.68
2019-12-18,ELET3,35.39
2019-12-18,ELET6,36.55
2019-12-18,EMBR3,19.42
2019-12-18,ENBR3,20.72
2019-12-18,ENEV3,41.05
2019-12-18,ENGI11,51.7
2019-12-18,EQTL3,22.38
2019-12-18,EZTC3,49.97
2019-12-18,FLRY3,29.85
2019-12-18,GGBR4,17.83
2019-12-18,GNDI3,65.33
2019-12-18,GOAU4,8.39
2019-12-18,GOLL4,35.15
2019-12-18,HAPV3,60.72
2019-12-18,HGTX3,33.15
2019-12-18,HYPE3,34.91
2019-12-18,IGTA3,50.56
2019-12-18,IRBR3,38.21
2019-12-18,ITSA4,13.97
2019-12-18,ITUB4,36.48
2019-12-18,JBSS3,25.88
2019-12-18,JHSF3,6.73
2019-12-18,KLBN11,18.84
2019-12-18,LAME4,25.7
2019-12-18,LCAM3,20.9
2019-12-18,LOGG3,31.55
2019-12-18,LREN3,55.1
2019-12-18,MGLU3,48.53
2019-12-18,MRFG3,10.25
2019-12-18,MRVE3,21.54
2019-12-18,MULT3,31.1
2019-12-18,NTCO3,36.76
2019-12-18,PCAR4,87.85
2019-12-18,PETR3,32.35
2019-12-18,PETR4,30.54
2019-12-18,POMO4,4.14
2019-12-18,PRIO3,29.62
2019-12-18,PSSA3,62.06
2019-12-18,QUAL3,35.68
2019-12-18,RADL3,104.93
2019-12-18,RAIL3,25.26
2019-12-18,RENT3,48.33
2019-12-18,SANB11,46.3
2019-12-18,SBSP3,59.31
2019-12-18,SLCE3,23.02
2019-12-18,SMLS3,38.88
2019-12-18,SMTO3,22.84
2019-12-18,STBP3,8.17
2019-12-18,SULA11,55.47
2019-12-18,SUZB3,39.57
2019-12-18,TAEE11,30.4
2019-12-18,TEND3,27.85
2019-12-18,TIMP3,14.79
2019-12-18,TOTS3,67.7
2019-12-18,TRPL4,22.49
2019-12-18,UGPA3,23.69
2019-12-18,USIM5,9.25
2019-12-18,VALE3,53.47
2019-12-18,VIVA3,28.2
2019-12-18,VIVT3,47.73
2019-12-18,VIVT4,57.06
2019-12-18,VVAR3,11.26
2019-12-18,WEGE3,33.9
2019-12-18,YDUQ3,48.14
2019-12-19,ABEV3,19.17
2019-12-19,ALPA4,32.72
2019-12-19,ALSO3,47.0
2019-12-19,ARZZ3,64.74
2019-12-19,AZUL4,57.71
2019-12-19,B3SA3,48.56
2019-12-19,BBAS3,51.16
2019-12-19,BBDC3,34.3
2019-12-19,BBDC4,36.45
2019-12-19,BBSE3,38.3
2019-12-19,BEEF3,12.37
2019-12-19,BIDI11,43.8
2019-12-19,BIDI4,14.89
2019-12-19,BPAC11,76.32
2019-12-19,BPAN4,9.52
2019-12-19,BRAP4,37.5
2019-12-19,BRDT3,29.43
2019-12-19,BRFS3,34.37
2019-12-19,BRKM5,28.01
2019-12-19,BRML3,18.0
2019-12-19,BTOW3,63.81
2019-12-19,CCRO3,19.0
2019-12-19,CEAB3,18.15
2019-12-19,CIEL3,8.54
2019-12-19,CMIG4,13.69
2019-12-19,COGN3,11.21
2019-12-19,CPFE3,35.09
2019-12-19,CPLE3,69.65
2019-12-19,CPLE6,68.89
2019-12-19,CRFB3,22.33
2019-12-19,CSAN3,68.37
2019-12-19,CSMG3,65.0
2019-12-19,CSNA3,13.73
2019-12-19,CVCB3,44.59
2019-12-19,CYRE3,29.29
2019-12-19,DIRR3,14.37
2019-12-19,ECOR3,15.96
2019-12-19,EGIE3,48.75
2019-12-19,ELET3,35.87
2019-12-19,ELET6,37.1
2019-12-19,EMBR3,19.29
2019-12-19,ENBR3,21.16
2019-12-19,ENEV3,42.6
2019-12-19,ENGI11,51.97
2019-12-19,EQTL3,22.55
2019-12-19,EZTC3,49.81
2019-12-19,FLRY3,30.4
2019-12-19,GGBR4,18.27
2019-12-19,GNDI3,66.7
2019-12-19,GOAU4,8.7
2019-12-19,GOLL4,36.44
2019-12-19,HAPV3,62.16
2019-12-19,HGTX3,34.0
2019-12-19,HYPE3,35.48
2019-12-19,IGTA3,50.87
2019-12-19,IRBR3,38.25
2019-12-19,ITSA4,13.98
2019-12-19,ITUB4,36.66
2019-12-19,JBSS3,26.25
2019-12-19,JHSF3,6.63
2019-12-19,KLBN11,18.79
2019-12-19,LAME4,25.85
2019-12-19,LCAM3,21.55
2019-12-19,LOGG3,31.29
2019-12-19,LREN3,55.64
2019-12-19,MGLU3,48.62
2019-12-19,MRFG3,9.72
2019-12-19,MRVE3,21.73
2019-12-19,MULT3,31.66
2019-12-19,NTCO3,38.85
2019-12-19,PCAR4,87.43
2019-12-19,PETR3,32.3
2019-12-19,PETR4,30.61
2019-12-19,POMO4,4.2
2019-12-19,PRIO3,30.0
2019-12-19,PSSA3,62.27
2019-12-19,QUAL3,37.0
2019-12-19,RADL3,105.76
2019-12-19,RAIL3,25.48
2019-12-19,RENT3,48.9
2019-12-19,SANB11,47.05
2019-12-19,SBSP3,59.64
2019-12-19,SLCE3,22.72
2019-12-19,SMLS3,39.21
2019-12-19,SMTO3,22.84
2019-12-19,STBP3,8.0
2019-12-19,SULA11,56.5
2019-12-19,SUZB3,39.67
2019-12-19,TAEE11,30.5
2019-12-19,TEND3,28.68
2019-12-19,TIMP3,14.7
2019-12-19,TOTS3,68.0
2019-12-19,TRPL4,22.45
2019-12-19,UGPA3,24.29
2019-12-19,USIM5,9.32
2019-12-19,VALE3,54.0
2019-12-19,VIVA3,28.2
2019-12-19,VIVT3,47.85
2019-12-19,VIVT4,57.24
2019-12-19,VVAR3,11.24
2019-12-19,WEGE3,33.6
2019-12-19,YDUQ3,49.7
2019-12-20,ABEV3,18.91
2019-12-20,ALPA4,32.35
2019-12-20,ALSO3,47.0
2019-12-20,ARZZ3,64.74
2019-12-20,AZUL4,57.0
2019-12-20,B3SA3,49.1
2019-12-20,BBAS3,51.06
2019-12-20,BBDC3,33.32
2019-12-20,BBDC4,35.69
2019-12-20,BBSE3,37.74
2019-12-20,BEEF3,12.08
2019-12-20,BIDI11,42.96
2019-12-20,BIDI4,14.94
2019-12-20,BPAC11,75.58
2019-12-20,BPAN4,9.5
2019-12-20,BRAP4,37.89
2019-12-20,BRDT3,29.3
2019-12-20,BRFS3,34.81
2019-12-20,BRKM5,28.38
2019-12-20,BRML3,17.95
2019-12-20,BTOW3,62.7
2019-12-20,CCRO3,18.84
2019-12-20,CEAB3,18.02
2019-12-20,CIEL3,8.47
2019-12-20,CMIG4,13.65
2019-12-20,COGN3,10.89
2019-12-20,CPFE3,35.23
2019-12-20,CPLE3,69.6
2019-12-20,CPLE6,69.85
2019-12-20,CRFB3,23.0
2019-12-20,CSAN3,69.61
2019-12-20,CSMG3,64.95
2019-12-20,CSNA3,13.81
2019-12-20,CVCB3,43.59
2019-12-20,CYRE3,29.18
2019-12-20,DIRR3,14.18
2019-12-20,ECOR3,15.86
2019-12-20,EGIE3,48.52
2019-12-20,ELET3,35.98
2019-12-20,ELET6,37.23
2019-12-20,EMBR3,19.65
2019-12-20,ENBR3,21.37
2019-12-20,ENEV3,43.28
2019-12-20,ENGI11,51.5
2019-12-20,EQTL3,22.32
2019-12-20,EZTC3,49.0
2019-12-20,FLRY3,29.83
2019-12-20,GGBR4,19.15
2019-12-20,GNDI3,67.24
2019-12-20,GOAU4,8.93
2019-12-20,GOLL4,36.02
2019-12-20,HAPV3,63.95
2019-12-20,HGTX3,34.29
2019-12-20,HYPE3,35.4
2019-12-20,IGTA3,51.6
2019-12-20,IRBR3,38.95
2019-12-20,ITSA4,13.85
2019-12-20,ITUB4,36.5
2019-12-20,JBSS3,26.0
2019-12-20,JHSF3,6.76
2019-12-20,KLBN11,18.7
2019-12-20,LAME4,26.14
2019-12-20,LCAM3,21.2
2019-12-20,LOGG3,31.5
2019-12-20,LREN3,55.71
2019-12-20,MGLU3,48.59
2019-12-20,MRFG3,9.49
2019-12-20,MRVE3,20.95
2019-12-20,MULT3,32.01
2019-12-20,NTCO3,39.04
2019-12-20,PCAR4,87.5
2019-12-20,PETR3,31.93
2019-12-20,PETR4,30.26
2019-12-20,POMO4,4.25
2019-12-20,PRIO3,30.91
2019-12-20,PSSA3,62.89
2019-12-20,QUAL3,36.9
2019-12-20,RADL3,107.27
2019-12-20,RAIL3,25.67
2019-12-20,RENT3,47.82
2019-12-20,SANB11,47.35
2019-12-20,SBSP3,59.68
2019-12-20,SLCE3,23.8
2019-12-20,SMLS3,38.72
2019-12-20,SMTO3,22.81
2019-12-20,STBP3,7.94
2019-12-20,SULA11,56.6
2019-12-20,SUZB3,40.18
2019-12-20,TAEE11,30.45
2019-12-20,TEND3,28.63
2019-12-20,TIMP3,15.28
2019-12-20,TOTS3,68.46
2019-12-20,TRPL4,22.31
2019-12-20,UGPA3,24.61
2019-12-20,USIM5,9.33
2019-12-20,VALE3,54.79
2019-12-20,VIVA3,28.8
2019-12-20,VIVT3,48.85
2019-12-20,VIVT4,57.86
2019-12-20,VVAR3,11.37
2019-12-20,WEGE3,33.89
2019-12-20,YDUQ3,48.12
2019-12-23,ABEV3,18.96
2019-12-23,ALPA4,32.7
2019-12-23,ALSO3,49.6
2019-12-23,ARZZ3,65.8
2019-12-23,AZUL4,57.6
2019-12-23,B3SA3,46.87
2019-12-23,BBAS3,52.6
2019-12-23,BBDC3,33.99
2019-12-23,BBDC4,35.91
2019-12-23,BBSE3,37.95
2019-12-23,BEEF3,12.07
2019-12-23,BIDI11,42.71
2019-12-23,BIDI4,14.76
2019-12-23,BPAC11,74.8
2019-12-23,BPAN4,9.68
2019-12-23,BRAP4,38.43
2019-12-23,BRDT3,30.2
2019-12-23,BRFS3,34.53
2019-12-23,BRKM5,29.25
2019-12-23,BRML3,18.16
2019-12-23,BTOW3,62.6
2019-12-23,CCRO3,19.23
2019-12-23,CEAB3,18.13
2019-12-23,CIEL3,8.53
2019-12-23,CMIG4,13.7
2019-12-23,COGN3,11.2
2019-12-23,CPFE3,35.36
2019-12-23,CPLE3,69.75
2019-12-23,CPLE6,69.36
2019-12-23,CRFB3,23.23
2019-12-23,CSAN3,69.2
2019-12-23,CSMG3,66.37
2019-12-23,CSNA3,14.53
2019-12-23,CVCB3,43.46
2019-12-23,CYRE3,29.25
2019-12-23,DIRR3,14.44
2019-12-23,ECOR3,16.29
2019-12-23,EGIE3,49.85
2019-12-23,ELET3,38.5
2019-12-23,ELET6,38.51
2019-12-23,EMBR3,19.73
2019-12-23,ENBR3,21.51
2019-12-23,ENEV3,42.95
2019-12-23,ENGI11,52.63
2019-12-23,EQTL3,22.4
2019-12-23,EZTC3,49.63
2019-12-23,FLRY3,30.0
2019-12-23,GGBR4,19.46
2019-12-23,GNDI3,66.39
2019-12-23,GOAU4,9.02
2019-12-23,GOLL4,36.46
2019-12-23,HAPV3,63.2
2019-12-23,HGTX3,35.35
2019-12-23,HYPE3,35.75
2019-12-23,IGTA3,52.5
2019-12-23,IRBR3,39.12
2019-12-23,ITSA4,13.95
2019-12-23,ITUB4,36.84
2019-12-23,JBSS3,26.32
2019-12-23,JHSF3,7.08
2019-12-23,KLBN11,18.59
2019-12-23,LAME4,26.4
2019-12-23,LCAM3,21.8
2019-12-23,LOGG3,31.83
2019-12-23,LREN3,56.1
2019-12-23,MGLU3,48.74
2019-12-23,MRFG3,9.4
2019-12-23,MRVE3,20.98
2019-12-23,MULT3,32.17
2019-12-23,NTCO3,39.85
2019-12-23,PCAR4,89.04
2019-12-23,PETR3,32.4
2019-12-23,PETR4,30.5
2019-12-23,POMO4,4.43
2019-12-23,PRIO3,33.3
2019-12-23,PSSA3,63.29
2019-12-23,QUAL3,36.4
2019-12-23,RADL3,108.36
2019-12-23,RAIL3,25.94
2019-12-23,RENT3,46.8
2019-12-23,SANB11,47.37
2019-12-23,SBSP3,60.03
2019-12-23,SLCE3,24.05
2019-12-23,SMLS3,39.16
2019-12-23,SMTO3,23.39
2019-12-23,STBP3,8.07
2019-12-23,SULA11,57.39
2019-12-23,SUZB3,40.04
2019-12-23,TAEE11,30.65
2019-12-23,TEND3,28.8
2019-12-23,TIMP3,15.39
2019-12-23,TOTS3,67.67
2019-12-23,TRPL4,22.7
2019-12-23,UGPA3,25.33
2019-12-23,USIM5,9.53
2019-12-23,VALE3,54.58
2019-12-23,VIVA3,29.17
2019-12-23,VIVT3,49.0
2019-12-23,VIVT4,58.38
2019-12-23,VVAR3,11.67
2019-12-23,WEGE3,33.79
2019-12-23,YDUQ3,49.0
2019-12-26,ABEV3,19.22
2019-12-26,ALPA4,32.86
2019-12-26,ALSO3,49.54
2019-12-26,ARZZ3,64.77
2019-12-26,AZUL4,57.07
2019-12-26,B3SA3,46.65
2019-12-26,BBAS3,53.2
2019-12-26,BBDC3,34.35
2019-12-26,BBDC4,36.36
2019-12-26,BBSE3,37.76
2019-12-26,BEEF3,12.64
2019-12-26,BIDI11,45.1
2019-12-26,BIDI4,15.26
2019-12-26,BPAC11,75.18
2019-12-26,BPAN4,10.38
2019-12-26,BRAP4,39.05
2019-12-26,BRDT3,30.14
2019-12-26,BRFS3,35.18
2019-12-26,BRKM5,30.17
2019-12-26,BRML3,18.28
2019-12-26,BTOW3,62.73
2019-12-26,CCRO3,19.5
2019-12-26,CEAB3,18.28
2019-12-26,CIEL3,8.7
2019-12-26,CMIG4,13.69
2019-12-26,COGN3,11.6
2019-12-26,CPFE3,35.81
2019-12-26,CPLE3,67.11
2019-12-26,CPLE6,66.88
2019-12-26,CRFB3,23.35
2019-12-26,CSAN3,69.07
2019-12-26,CSMG3,67.91
2019-12-26,CSNA3,14.5
2019-12-26,CVCB3,43.53
2019-12-26,CYRE3,30.0
2019-12-26,DIRR3,15.12
2019-12-26,ECOR3,16.55
2019-12-26,EGIE3,51.12
2019-12-26,ELET3,37.9
2019-12-26,ELET6,38.64
2019-12-26,EMBR3,19.72
2019-12-26,ENBR3,21.78
2019-12-26,ENEV3,43.28
2019-12-26,ENGI11,53.5
2019-12-26,EQTL3,22.72
2019-12-26,EZTC3,50.44
2019-12-26,FLRY3,30.1
2019-12-26,GGBR4,19.89
2019-12-26,GNDI3,68.32
2019-12-26,GOAU4,9.14
2019-12-26,GOLL4,36.65
2019-12-26,HAPV3,64.4
2019-12-26,HGTX3,34.9
2019-12-26,HYPE3,35.81
2019-12-26,IGTA3,53.81
2019-12-26,IRBR3,39.97
2019-12-26,ITSA4,14.19
2019-12-26,ITUB4,37.4
2019-12-26,JBSS3,26.49
2019-12-26,JHSF3,7.24
2019-12-26,KLBN11,18.56
2019-12-26,LAME4,26.65
2019-12-26,LCAM3,22.16
2019-12-26,LOGG3,31.72
2019-12-26,LREN3,56.87
2019-12-26,MGLU3,49.09
2019-12-26,MRFG3,9.69
2019-12-26,MRVE3,21.53
2019-12-26,MULT3,33.27
2019-12-26,NTCO3,39.44
2019-12-26,PCAR4,90.08
2019-12-26,PETR3,32.69
2019-12-26,PETR4,30.91
2019-12-26,POMO4,4.49
2019-12-26,PRIO3,34.34
2019-12-26,PSSA3,63.54
2019-12-26,QUAL3,38.12
2019-12-26,RADL3,109.75
2019-12-26,RAIL3,26.6
2019-12-26,RENT3,48.26
2019-12-26,SANB11,48.36
2019-12-26,SBSP3,61.61
2019-12-26,SLCE3,24.97
2019-12-26,SMLS3,39.44
2019-12-26,SMTO3,23.95
2019-12-26,STBP3,8.2
2019-12-26,SULA11,58.16
2019-12-26,SUZB3,40.72
2019-12-26,TAEE11,31.0
2019-12-26,TEND3,29.25
2019-12-26,TIMP3,15.59
2019-12-26,TOTS3,66.99
2019-12-26,TRPL4,22.96
2019-12-26,UGPA3,25.6
2019-12-26,USIM5,9.53
2019-12-26,VALE3,54.79
2019-12-26,VIVA3,29.38
2019-12-26,VIVT3,49.89
2019-12-26,VIVT4,58.89
2019-12-26,VVAR3,11.8
2019-12-26,WEGE3,34.85
2019-12-26,YDUQ3,48.6
2019-12-27,ABEV3,19.16
2019-12-27,ALPA4,32.66
2019-12-27,ALSO3,49.77
2019-12-27,ARZZ3,63.98
2019-12-27,AZUL4,57.8
2019-12-27,B3SA3,44.21
2019-12-27,BBAS3,52.97
2019-12-27,BBDC3,34.13
2019-12-27,BBDC4,36.22
2019-12-27,BBSE3,37.84
2019-12-27,BEEF3,12.74
2019-12-27,BIDI11,45.46
2019-12-27,BIDI4,15.08
2019-12-27,BPAC11,75.8
2019-12-27,BPAN4,10.67
2019-12-27,BRAP4,39.17
2019-12-27,BRDT3,30.43
2019-12-27,BRFS3,35.24
2019-12-27,BRKM5,30.44
2019-12-27,BRML3,17.98
2019-12-27,BTOW3,62.4
2019-12-27,CCRO3,19.16
2019-12-27,CEAB3,18.3
2019-12-27,CIEL3,8.54
2019-12-27,CMIG4,13.69
2019-12-27,COGN3,11.61
2019-12-27,CPFE3,35.4
2019-12-27,CPLE3,67.55
2019-12-27,CPLE6,67.43
2019-12-27,CRFB3,23.3
2019-12-27,CSAN3,70.03
2019-12-27,CSMG3,68.1
2019-12-27,CSNA3,13.96
2019-12-27,CVCB3,44.16
2019-12-27,CYRE3,30.02
2019-12-27,DIRR3,14.62
2019-12-27,ECOR3,16.46
2019-12-27,EGIE3,50.81
2019-12-27,ELET3,37.74
2019-12-27,ELET6,38.1
2019-12-27,EMBR3,19.72
2019-12-27,ENBR3,21.73
2019-12-27,ENEV3,43.75
2019-12-27,ENGI11,53.6
2019-12-27,EQTL3,22.73
2019-12-27,EZTC3,50.97
2019-12-27,FLRY3,30.4
2019-12-27,GGBR4,19.88
2019-12-27,GNDI3,69.14
2019-12-27,GOAU4,9.1
2019-12-27,GOLL4,36.92
2019-12-27,HAPV3,63.8
2019-12-27,HGTX3,34.0
2019-12-27,HYPE3,35.5
2019-12-27,IGTA3,53.26
2019-12-27,IRBR3,39.52
2019-12-27,ITSA4,14.13
2019-12-27,ITUB4,37.3
2019-12-27,JBSS3,26.4
2019-12-27,JHSF3,7.06
2019-12-27,KLBN11,18.53
2019-12-27,LAME4,26.09
2019-12-27,LCAM3,22.5
2019-12-27,LOGG3,32.11
2019-12-27,LREN3,56.1
2019-12-27,MGLU3,48.73
2019-12-27,MRFG3,9.76
2019-12-27,MRVE3,21.94
2019-12-27,MULT3,33.04
2019-12-27,NTCO3,38.87
2019-12-27,PCAR4,88.42
2019-12-27,PETR3,32.17
2019-12-27,PETR4,30.52
2019-12-27,POMO4,4.55
2019-12-27,PRIO3,33.9
2019-12-27,PSSA3,62.8
2019-12-27,QUAL3,37.67
2019-12-27,RADL3,109.92
2019-12-27,RAIL3,26.87
2019-12-27,RENT3,47.96
2019-12-27,SANB11,48.5
2019-12-27,SBSP3,61.83
2019-12-27,SLCE3,24.79
2019-12-27,SMLS3,39.69
2019-12-27,SMTO3,24.26
2019-12-27,STBP3,8.15
2019-12-27,SULA11,59.03
2019-12-27,SUZB3,40.0
2019-12-27,TAEE11,30.92
2019-12-27,TEND3,30.59
2019-12-27,TIMP3,15.59
2019-12-27,TOTS3,64.82
2019-12-27,TRPL4,22.8
2019-12-27,UGPA3,25.72
2019-12-27,USIM5,9.43
2019-12-27,VALE3,53.6
2019-12-27,VIVA3,28.99
2019-12-27,VIVT3,49.33
2019-12-27,VIVT4,58.48
2019-12-27,VVAR3,11.5
2019-12-27,WEGE3,35.34
2019-12-27,YDUQ3,48.8
2019-12-30,ABEV3,18.67
2019-12-30,ALPA4,33.2
2019-12-30,ALSO3,50.14
2019-12-30,ARZZ3,64.0
2019-12-30,AZUL4,58.28
2019-12-30,B3SA3,42.97
2019-12-30,BBAS3,52.82
2019-12-30,BBDC3,34.07
2019-12-30,BBDC4,36.17
2019-12-30,BBSE3,37.7
2019-12-30,BEEF3,12.84
2019-12-30,BIDI11,46.61
2019-12-30,BIDI4,15.68
2019-12-30,BPAC11,76.13
2019-12-30,BPAN4,10.6
2019-12-30,BRAP4,38.28
2019-12-30,BRDT3,30.07
2019-12-30,BRFS3,35.2
2019-12-30,BRKM5,29.85
2019-12-30,BRML3,18.06
2019-12-30,BTOW3,62.86
2019-12-30,CCRO3,18.98
2019-12-30,CEAB3,17.94
2019-12-30,CIEL3,8.37
2019-12-30,CMIG4,13.79
2019-12-30,COGN3,11.43
2019-12-30,CPFE3,35.55
2019-12-30,CPLE3,69.1
2019-12-30,CPLE6,69.07
2019-12-30,CRFB3,23.35
2019-12-30,CSAN3,69.57
2019-12-30,CSMG3,67.99
2019-12-30,CSNA3,14.11
2019-12-30,CVCB3,43.8
2019-12-30,CYRE3,29.69
2019-12-30,DIRR3,15.0
2019-12-30,ECOR3,16.3
2019-12-30,EGIE3,50.8
2019-12-30,ELET3,37.8
2019-12-30,ELET6,38.24
2019-12-30,EMBR3,19.73
2019-12-30,ENBR3,22.1
2019-12-30,ENEV3,43.69
2019-12-30,ENGI11,53.53
2019-12-30,EQTL3,22.79
2019-12-30,EZTC3,51.9
2019-12-30,FLRY3,30.53
2019-12-30,GGBR4,20.0
2019-12-30,GNDI3,68.25
2019-12-30,GOAU4,9.28
2019-12-30,GOLL4,36.8
2019-12-30,HAPV3,63.9
2019-12-30,HGTX3,34.04
2019-12-30,HYPE3,35.69
2019-12-30,IGTA3,52.9
2019-12-30,IRBR3,38.95
2019-12-30,ITSA4,14.09
2019-12-30,ITUB4,37.1
2019-12-30,JBSS3,25.8
2019-12-30,JHSF3,7.13
2019-12-30,KLBN11,18.41
2019-12-30,LAME4,25.91
2019-12-30,LCAM3,22.71
2019-12-30,LOGG3,32.46
2019-12-30,LREN3,56.19
2019-12-30,MGLU3,47.7
2019-12-30,MRFG3,9.96
2019-12-30,MRVE3,21.55
2019-12-30,MULT3,33.1
2019-12-30,NTCO3,38.67
2019-12-30,PCAR4,87.65
2019-12-30,PETR3,32.0
2019-12-30,PETR4,30.18
2019-12-30,POMO4,4.5
2019-12-30,PRIO3,33.06
2019-12-30,PSSA3,62.74
2019-12-30,QUAL3,37.1
2019-12-30,RADL3,111.64
2019-12-30,RAIL3,26.1
2019-12-30,RENT3,47.41
2019-12-30,SANB11,49.52
2019-12-30,SBSP3,60.56
2019-12-30,SLCE3,24.8
2019-12-30,SMLS3,39.27
2019-12-30,SMTO3,23.72
2019-12-30,STBP3,8.18
2019-12-30,SULA11,59.92
2019-12-30,SUZB3,39.68
2019-12-30,TAEE11,31.18
2019-12-30,TEND3,30.19
2019-12-30,TIMP3,15.67
2019-12-30,TOTS3,64.55
2019-12-30,TRPL4,22.58
2019-12-30,UGPA3,25.48
2019-12-30,USIM5,9.51
2019-12-30,VALE3,53.3
2019-12-30,VIVA3,29.12
2019-12-30,VIVT3,49.04
2019-12-30,VIVT4,57.98
2019-12-30,VVAR3,11.17
2019-12-30,WEGE3,34.66
2019-12-30,YDUQ3,47.5
