data,ticker,fechamento
2020-01-02,ABEV3,19.2
2020-01-02,ALPA4,32.58
2020-01-02,ALSO3,50.01
2020-01-02,ARZZ3,63.91
2020-01-02,AZUL4,58.8
2020-01-02,B3SA3,45.11
2020-01-02,BBAS3,53.8
2020-01-02,BBDC3,35.44
2020-01-02,BBDC4,37.51
2020-01-02,BBSE3,38.1
2020-01-02,BEEF3,12.57
2020-01-02,BIDI11,45.9
2020-01-02,BIDI4,15.7
2020-01-02,BPAC11,76.3
2020-01-02,BPAN4,10.88
2020-01-02,BRAP4,38.03
2020-01-02,BRDT3,30.74
2020-01-02,BRFS3,35.88
2020-01-02,BRKM5,30.4
2020-01-02,BRML3,18.22
2020-01-02,BTOW3,65.18
2020-01-02,CCRO3,19.0
2020-01-02,CEAB3,18.1
2020-01-02,CIEL3,8.57
2020-01-02,CMIG4,13.88
2020-01-02,COGN3,12.2
2020-01-02,CPFE3,35.21
2020-01-02,CPLE3,68.15
2020-01-02,CPLE6,68.68
2020-01-02,CRFB3,23.93
2020-01-02,CSAN3,71.71
2020-01-02,CSMG3,67.82
2020-01-02,CSNA3,14.69
2020-01-02,CVCB3,44.71
2020-01-02,CYRE3,31.11
2020-01-02,DIRR3,15.51
2020-01-02,ECOR3,16.3
2020-01-02,EGIE3,52.0
2020-01-02,ELET3,38.18
2020-01-02,ELET6,38.71
2020-01-02,EMBR3,20.2
2020-01-02,ENBR3,21.91
2020-01-02,ENEV3,43.86
2020-01-02,ENGI11,54.23
2020-01-02,EQTL3,23.55
2020-01-02,EZTC3,52.83
2020-01-02,FLRY3,31.02
2020-01-02,GGBR4,20.76
2020-01-02,GNDI3,71.66
2020-01-02,GOAU4,9.68
2020-01-02,GOLL4,37.17
2020-01-02,HAPV3,66.44
2020-01-02,HGTX3,34.56
2020-01-02,HYPE3,36.0
2020-01-02,IGTA3,54.5
2020-01-02,IRBR3,39.89
2020-01-02,ITSA4,14.35
2020-01-02,ITUB4,38.03
2020-01-02,JBSS3,27.2
2020-01-02,JHSF3,7.6
2020-01-02,KLBN11,18.76
2020-01-02,LAME4,26.8
2020-01-02,LCAM3,23.19
2020-01-02,LOGG3,32.35
2020-01-02,LREN3,57.5
2020-01-02,MGLU3,49.33
2020-01-02,MRFG3,10.06
2020-01-02,MRVE3,22.2
2020-01-02,MULT3,33.55
2020-01-02,NTCO3,38.33
2020-01-02,PCAR4,89.8
2020-01-02,PETR3,32.8
2020-01-02,PETR4,30.7
2020-01-02,POMO4,4.53
2020-01-02,PRIO3,35.78
2020-01-02,PSSA3,64.14
2020-01-02,QUAL3,39.2
2020-01-02,RADL3,114.83
2020-01-02,RAIL3,26.4
2020-01-02,RENT3,49.62
2020-01-02,SANB11,50.93
2020-01-02,SBSP3,60.55
2020-01-02,SLCE3,25.99
2020-01-02,SMLS3,39.99
2020-01-02,SMTO3,24.0
2020-01-02,STBP3,8.27
2020-01-02,SULA11,62.33
2020-01-02,SUZB3,40.79
2020-01-02,TAEE11,30.96
2020-01-02,TEND3,31.48
2020-01-02,TIMP3,15.77
2020-01-02,TOTS3,69.15
2020-01-02,TRPL4,22.77
2020-01-02,UGPA3,25.6
2020-01-02,USIM5,9.7
2020-01-02,VALE3,54.33
2020-01-02,VIVA3,29.18
2020-01-02,VIVT3,48.24
2020-01-02,VIVT4,57.21
2020-01-02,VVAR3,11.73
2020-01-02,WEGE3,35.24
2020-01-02,YDUQ3,46.75
2020-01-03,ABEV3,18.93
2020-01-03,ALPA4,32.58
2020-01-03,ALSO3,51.42
2020-01-03,ARZZ3,63.0
2020-01-03,AZUL4,56.76
2020-01-03,B3SA3,43.81
2020-01-03,BBAS3,53.71
2020-01-03,BBDC3,34.87
2020-01-03,BBDC4,37.51
2020-01-03,BBSE3,37.68
2020-01-03,BEEF3,12.9
2020-01-03,BIDI11,48.45
2020-01-03,BIDI4,15.98
2020-01-03,BPAC11,76.35
2020-01-03,BPAN4,11.35
2020-01-03,BRAP4,38.57
2020-01-03,BRDT3,30.56
2020-01-03,BRFS3,35.94
2020-01-03,BRKM5,31.75
2020-01-03,BRML3,18.63
2020-01-03,BTOW3,64.3
2020-01-03,CCRO3,18.79
2020-01-03,CEAB3,18.0
2020-01-03,CIEL3,8.46
2020-01-03,CMIG4,13.73
2020-01-03,COGN3,12.15
2020-01-03,CPFE3,34.99
2020-01-03,CPLE3,72.0
2020-01-03,CPLE6,68.63
2020-01-03,CRFB3,24.55
2020-01-03,CSAN3,73.1
2020-01-03,CSMG3,68.39
2020-01-03,CSNA3,14.58
2020-01-03,CVCB3,44.2
2020-01-03,CYRE3,32.8
2020-01-03,DIRR3,15.5
2020-01-03,ECOR3,16.17
2020-01-03,EGIE3,52.3
2020-01-03,ELET3,37.6
2020-01-03,ELET6,38.55
2020-01-03,EMBR3,20.41
2020-01-03,ENBR3,22.05
2020-01-03,ENEV3,44.27
2020-01-03,ENGI11,54.43
2020-01-03,EQTL3,23.27
2020-01-03,EZTC3,53.25
2020-01-03,FLRY3,30.11
2020-01-03,GGBR4,20.42
2020-01-03,GNDI3,73.0
2020-01-03,GOAU4,9.7
2020-01-03,GOLL4,35.9
2020-01-03,HAPV3,69.25
2020-01-03,HGTX3,34.98
2020-01-03,HYPE3,36.74
2020-01-03,IGTA3,54.58
2020-01-03,IRBR3,39.58
2020-01-03,ITSA4,14.14
2020-01-03,ITUB4,37.63
2020-01-03,JBSS3,27.47
2020-01-03,JHSF3,8.12
2020-01-03,KLBN11,19.39
2020-01-03,LAME4,26.85
2020-01-03,LCAM3,24.03
2020-01-03,LOGG3,31.29
2020-01-03,LREN3,57.1
2020-01-03,MGLU3,48.89
2020-01-03,MRFG3,10.28
2020-01-03,MRVE3,22.2
2020-01-03,MULT3,33.55
2020-01-03,NTCO3,41.0
2020-01-03,PCAR4,89.66
2020-01-03,PETR3,31.99
2020-01-03,PETR4,30.45
2020-01-03,POMO4,4.5
2020-01-03,PRIO3,37.85
2020-01-03,PSSA3,62.5
2020-01-03,QUAL3,40.01
2020-01-03,RADL3,112.27
2020-01-03,RAIL3,25.63
2020-01-03,RENT3,48.9
2020-01-03,SANB11,50.93
2020-01-03,SBSP3,59.51
2020-01-03,SLCE3,25.88
2020-01-03,SMLS3,39.74
2020-01-03,SMTO3,24.34
2020-01-03,STBP3,8.44
2020-01-03,SULA11,64.85
2020-01-03,SUZB3,40.65
2020-01-03,TAEE11,30.97
2020-01-03,TEND3,31.52
2020-01-03,TIMP3,15.8
2020-01-03,TOTS3,70.62
2020-01-03,TRPL4,22.2
2020-01-03,UGPA3,25.3
2020-01-03,USIM5,9.6
2020-01-03,VALE3,53.93
2020-01-03,VIVA3,29.0
2020-01-03,VIVT3,48.8
2020-01-03,VIVT4,57.72
2020-01-03,VVAR3,11.48
2020-01-03,WEGE3,34.79
2020-01-03,YDUQ3,45.77
2020-01-06,ABEV3,19.02
2020-01-06,ALPA4,32.07
2020-01-06,ALSO3,51.07
2020-01-06,ARZZ3,62.61
2020-01-06,AZUL4,55.0
2020-01-06,B3SA3,43.39
2020-01-06,BBAS3,53.0
2020-01-06,BBDC3,34.67
2020-01-06,BBDC4,36.84
2020-01-06,BBSE3,38.3
2020-01-06,BEEF3,12.89
2020-01-06,BIDI11,51.4
2020-01-06,BIDI4,17.25
2020-01-06,BPAC11,75.45
2020-01-06,BPAN4,11.61
2020-01-06,BRAP4,38.75
2020-01-06,BRDT3,29.03
2020-01-06,BRFS3,35.57
2020-01-06,BRKM5,33.4
2020-01-06,BRML3,18.5
2020-01-06,BTOW3,63.9
2020-01-06,CCRO3,18.31
2020-01-06,CEAB3,17.81
2020-01-06,CIEL3,8.25
2020-01-06,CMIG4,13.92
2020-01-06,COGN3,11.99
2020-01-06,CPFE3,35.32
2020-01-06,CPLE3,71.26
2020-01-06,CPLE6,68.74
2020-01-06,CRFB3,23.48
2020-01-06,CSAN3,72.67
2020-01-06,CSMG3,66.95
2020-01-06,CSNA3,14.22
2020-01-06,CVCB3,43.82
2020-01-06,CYRE3,32.5
2020-01-06,DIRR3,15.3
2020-01-06,ECOR3,16.08
2020-01-06,EGIE3,51.86
2020-01-06,ELET3,37.78
2020-01-06,ELET6,38.61
2020-01-06,EMBR3,20.38
2020-01-06,ENBR3,21.88
2020-01-06,ENEV3,45.4
2020-01-06,ENGI11,54.59
2020-01-06,EQTL3,23.3
2020-01-06,EZTC3,53.5
2020-01-06,FLRY3,31.0
2020-01-06,GGBR4,20.37
2020-01-06,GNDI3,69.99
2020-01-06,GOAU4,9.65
2020-01-06,GOLL4,34.25
2020-01-06,HAPV3,66.96
2020-01-06,HGTX3,34.0
2020-01-06,HYPE3,35.9
2020-01-06,IGTA3,54.49
2020-01-06,IRBR3,39.21
2020-01-06,ITSA4,14.11
2020-01-06,ITUB4,37.07
2020-01-06,JBSS3,26.82
2020-01-06,JHSF3,8.16
2020-01-06,KLBN11,19.13
2020-01-06,LAME4,26.54
2020-01-06,LCAM3,23.5
2020-01-06,LOGG3,32.19
2020-01-06,LREN3,57.05
2020-01-06,MGLU3,48.93
2020-01-06,MRFG3,10.09
2020-01-06,MRVE3,21.9
2020-01-06,MULT3,33.49
2020-01-06,NTCO3,40.13
2020-01-06,PCAR4,89.05
2020-01-06,PETR3,33.03
2020-01-06,PETR4,30.81
2020-01-06,POMO4,4.44
2020-01-06,PRIO3,38.59
2020-01-06,PSSA3,63.72
2020-01-06,QUAL3,41.65
2020-01-06,RADL3,110.06
2020-01-06,RAIL3,24.9
2020-01-06,RENT3,48.33
2020-01-06,SANB11,47.59
2020-01-06,SBSP3,58.6
2020-01-06,SLCE3,25.65
2020-01-06,SMLS3,38.44
2020-01-06,SMTO3,25.1
2020-01-06,STBP3,8.33
2020-01-06,SULA11,64.41
2020-01-06,SUZB3,40.58
2020-01-06,TAEE11,31.0
2020-01-06,TEND3,31.56
2020-01-06,TIMP3,15.78
2020-01-06,TOTS3,69.01
2020-01-06,TRPL4,22.33
2020-01-06,UGPA3,24.75
2020-01-06,USIM5,9.42
2020-01-06,VALE3,53.61
2020-01-06,VIVA3,28.49
2020-01-06,VIVT3,48.33
2020-01-06,VIVT4,56.83
2020-01-06,VVAR3,11.48
2020-01-06,WEGE3,34.88
2020-01-06,YDUQ3,46.65
2020-01-07,ABEV3,19.06
2020-01-07,ALPA4,32.8
2020-01-07,ALSO3,50.47
2020-01-07,ARZZ3,62.9
2020-01-07,AZUL4,56.82
2020-01-07,B3SA3,44.79
2020-01-07,BBAS3,52.6
2020-01-07,BBDC3,34.08
2020-01-07,BBDC4,36.2
2020-01-07,BBSE3,38.32
2020-01-07,BEEF3,13.48
2020-01-07,BIDI11,53.5
2020-01-07,BIDI4,17.53
2020-01-07,BPAC11,75.7
2020-01-07,BPAN4,11.6
2020-01-07,BRAP4,38.92
2020-01-07,BRDT3,28.99
2020-01-07,BRFS3,35.16
2020-01-07,BRKM5,32.53
2020-01-07,BRML3,18.8
2020-01-07,BTOW3,63.74
2020-01-07,CCRO3,18.72
2020-01-07,CEAB3,17.18
2020-01-07,CIEL3,8.01
2020-01-07,CMIG4,14.43
2020-01-07,COGN3,12.08
2020-01-07,CPFE3,34.91
2020-01-07,CPLE3,71.7
2020-01-07,CPLE6,69.09
2020-01-07,CRFB3,23.34
2020-01-07,CSAN3,73.98
2020-01-07,CSMG3,65.94
2020-01-07,CSNA3,14.22
2020-01-07,CVCB3,44.4
2020-01-07,CYRE3,32.6
2020-01-07,DIRR3,15.39
2020-01-07,ECOR3,16.44
2020-01-07,EGIE3,51.97
2020-01-07,ELET3,38.75
2020-01-07,ELET6,39.2
2020-01-07,EMBR3,20.5
2020-01-07,ENBR3,21.75
2020-01-07,ENEV3,45.06
2020-01-07,ENGI11,53.96
2020-01-07,EQTL3,23.18
2020-01-07,EZTC3,54.24
2020-01-07,FLRY3,31.32
2020-01-07,GGBR4,20.69
2020-01-07,GNDI3,67.6
2020-01-07,GOAU4,9.72
2020-01-07,GOLL4,34.45
2020-01-07,HAPV3,65.12
2020-01-07,HGTX3,32.64
2020-01-07,HYPE3,35.55
2020-01-07,IGTA3,54.65
2020-01-07,IRBR3,39.47
2020-01-07,ITSA4,13.92
2020-01-07,ITUB4,36.21
2020-01-07,JBSS3,27.3
2020-01-07,JHSF3,8.23
2020-01-07,KLBN11,19.16
2020-01-07,LAME4,26.01
2020-01-07,LCAM3,23.99
2020-01-07,LOGG3,32.5
2020-01-07,LREN3,57.02
2020-01-07,MGLU3,48.79
2020-01-07,MRFG3,10.4
2020-01-07,MRVE3,22.0
2020-01-07,MULT3,33.58
2020-01-07,NTCO3,40.78
2020-01-07,PCAR4,88.85
2020-01-07,PETR3,32.58
2020-01-07,PETR4,30.69
2020-01-07,POMO4,4.5
2020-01-07,PRIO3,38.64
2020-01-07,PSSA3,63.68
2020-01-07,QUAL3,40.59
2020-01-07,RADL3,108.55
2020-01-07,RAIL3,25.27
2020-01-07,RENT3,48.8
2020-01-07,SANB11,47.3
2020-01-07,SBSP3,57.6
2020-01-07,SLCE3,25.0
2020-01-07,SMLS3,39.09
2020-01-07,SMTO3,24.9
2020-01-07,STBP3,8.33
2020-01-07,SULA11,63.55
2020-01-07,SUZB3,41.1
2020-01-07,TAEE11,30.74
2020-01-07,TEND3,32.55
2020-01-07,TIMP3,15.95
2020-01-07,TOTS3,69.3
2020-01-07,TRPL4,22.17
2020-01-07,UGPA3,25.3
2020-01-07,USIM5,9.51
2020-01-07,VALE3,54.0
2020-01-07,VIVA3,27.9
2020-01-07,VIVT3,49.4
2020-01-07,VIVT4,56.95
2020-01-07,VVAR3,11.65
2020-01-07,WEGE3,35.15
2020-01-07,YDUQ3,45.78
2020-01-08,ABEV3,18.97
2020-01-08,ALPA4,33.16
2020-01-08,ALSO3,52.0
2020-01-08,ARZZ3,62.0
2020-01-08,AZUL4,56.92
2020-01-08,B3SA3,44.67
2020-01-08,BBAS3,52.12
2020-01-08,BBDC3,33.56
2020-01-08,BBDC4,35.64
2020-01-08,BBSE3,38.3
2020-01-08,BEEF3,13.63
2020-01-08,BIDI11,52.05
2020-01-08,BIDI4,17.38
2020-01-08,BPAC11,75.2
2020-01-08,BPAN4,11.5
2020-01-08,BRAP4,38.91
2020-01-08,BRDT3,28.85
2020-01-08,BRFS3,36.51
2020-01-08,BRKM5,34.16
2020-01-08,BRML3,18.25
2020-01-08,BTOW3,64.59
2020-01-08,CCRO3,18.59
2020-01-08,CEAB3,16.27
2020-01-08,CIEL3,7.83
2020-01-08,CMIG4,14.83
2020-01-08,COGN3,12.0
2020-01-08,CPFE3,34.69
2020-01-08,CPLE3,70.95
2020-01-08,CPLE6,68.01
2020-01-08,CRFB3,22.9
2020-01-08,CSAN3,72.76
2020-01-08,CSMG3,65.97
2020-01-08,CSNA3,14.2
2020-01-08,CVCB3,44.34
2020-01-08,CYRE3,31.59
2020-01-08,DIRR3,15.48
2020-01-08,ECOR3,16.48
2020-01-08,EGIE3,51.45
2020-01-08,ELET3,39.31
2020-01-08,ELET6,39.53
2020-01-08,EMBR3,20.33
2020-01-08,ENBR3,21.72
2020-01-08,ENEV3,44.85
2020-01-08,ENGI11,54.3
2020-01-08,EQTL3,23.34
2020-01-08,EZTC3,54.8
2020-01-08,FLRY3,31.13
2020-01-08,GGBR4,20.77
2020-01-08,GNDI3,68.0
2020-01-08,GOAU4,9.66
2020-01-08,GOLL4,35.81
2020-01-08,HAPV3,63.78
2020-01-08,HGTX3,31.88
2020-01-08,HYPE3,35.09
2020-01-08,IGTA3,54.8
2020-01-08,IRBR3,39.62
2020-01-08,ITSA4,13.71
2020-01-08,ITUB4,35.62
2020-01-08,JBSS3,27.97
2020-01-08,JHSF3,8.1
2020-01-08,KLBN11,19.22
2020-01-08,LAME4,25.82
2020-01-08,LCAM3,24.09
2020-01-08,LOGG3,32.01
2020-01-08,LREN3,57.39
2020-01-08,MGLU3,50.29
2020-01-08,MRFG3,10.66
2020-01-08,MRVE3,21.62
2020-01-08,MULT3,33.71
2020-01-08,NTCO3,40.99
2020-01-08,PCAR3,87.0
2020-01-08,PCAR4,90.62
2020-01-08,PETR3,32.05
2020-01-08,PETR4,30.5
2020-01-08,POMO4,4.38
2020-01-08,PRIO3,37.85
2020-01-08,PSSA3,63.0
2020-01-08,QUAL3,39.81
2020-01-08,RADL3,110.0
2020-01-08,RAIL3,25.6
2020-01-08,RENT3,48.56
2020-01-08,SANB11,46.86
2020-01-08,SBSP3,56.75
2020-01-08,SLCE3,25.15
2020-01-08,SMLS3,39.41
2020-01-08,SMTO3,24.7
2020-01-08,STBP3,8.19
2020-01-08,SULA11,63.33
2020-01-08,SUZB3,43.15
2020-01-08,TAEE11,30.12
2020-01-08,TEND3,32.3
2020-01-08,TIMP3,16.12
2020-01-08,TOTS3,68.37
2020-01-08,TRPL4,22.0
2020-01-08,UGPA3,25.1
2020-01-08,USIM5,9.39
2020-01-08,VALE3,54.01
2020-01-08,VIVA3,27.95
2020-01-08,VIVT3,49.9
2020-01-08,VIVT4,56.69
2020-01-08,VVAR3,11.6
2020-01-08,WEGE3,33.82
2020-01-08,YDUQ3,45.51
2020-01-09,ABEV3,18.82
2020-01-09,ALPA4,33.96
2020-01-09,ALSO3,52.38
2020-01-09,ARZZ3,61.3
2020-01-09,AZUL4,57.28
2020-01-09,B3SA3,44.65
2020-01-09,BBAS3,51.06
2020-01-09,BBDC3,33.23
2020-01-09,BBDC4,35.07
2020-01-09,BBSE3,38.19
2020-01-09,BEEF3,13.42
2020-01-09,BIDI11,51.71
2020-01-09,BIDI4,17.26
2020-01-09,BPAC11,75.9
2020-01-09,BPAN4,11.5
2020-01-09,BRAP4,38.41
2020-01-09,BRDT3,28.09
2020-01-09,BRFS3,36.84
2020-01-09,BRKM5,34.85
2020-01-09,BRML3,18.51
2020-01-09,BTOW3,68.04
2020-01-09,CCRO3,18.14
2020-01-09,CEAB3,15.71
2020-01-09,CIEL3,7.35
2020-01-09,CMIG4,14.71
2020-01-09,COGN3,12.1
2020-01-09,CPFE3,35.32
2020-01-09,CPLE3,73.45
2020-01-09,CPLE6,70.02
2020-01-09,CRFB3,23.4
2020-01-09,CSAN3,71.98
2020-01-09,CSMG3,66.34
2020-01-09,CSNA3,14.05
2020-01-09,CVCB3,43.39
2020-01-09,CYRE3,31.43
2020-01-09,DIRR3,15.5
2020-01-09,ECOR3,16.43
2020-01-09,EGIE3,51.6
2020-01-09,ELET3,39.35
2020-01-09,ELET6,40.11
2020-01-09,EMBR3,20.19
2020-01-09,ENBR3,22.26
2020-01-09,ENEV3,45.5
2020-01-09,ENGI11,54.58
2020-01-09,EQTL3,23.62
2020-01-09,EZTC3,55.6
2020-01-09,FLRY3,31.71
2020-01-09,GGBR4,20.66
2020-01-09,GNDI3,68.37
2020-01-09,GOAU4,9.67
2020-01-09,GOLL4,36.65
2020-01-09,HAPV3,63.4
2020-01-09,HGTX3,31.93
2020-01-09,HYPE3,35.84
2020-01-09,IGTA3,54.79
2020-01-09,IRBR3,41.15
2020-01-09,ITSA4,13.44
2020-01-09,ITUB4,34.91
2020-01-09,JBSS3,28.31
2020-01-09,JHSF3,8.13
2020-01-09,KLBN11,19.44
2020-01-09,LAME4,26.52
2020-01-09,LCAM3,24.45
2020-01-09,LOGG3,31.93
2020-01-09,LREN3,56.95
2020-01-09,MGLU3,52.08
2020-01-09,MRFG3,10.91
2020-01-09,MRVE3,21.46
2020-01-09,MULT3,33.5
2020-01-09,NTCO3,42.0
2020-01-09,PCAR3,91.16
2020-01-09,PCAR4,91.7
2020-01-09,PETR3,32.23
2020-01-09,PETR4,30.4
2020-01-09,POMO4,4.46
2020-01-09,PRIO3,36.4
2020-01-09,PSSA3,63.21
2020-01-09,QUAL3,40.1
2020-01-09,RADL3,113.31
2020-01-09,RAIL3,25.93
2020-01-09,RENT3,48.82
2020-01-09,SANB11,46.12
2020-01-09,SBSP3,57.62
2020-01-09,SLCE3,25.0
2020-01-09,SMLS3,40.17
2020-01-09,SMTO3,24.79
2020-01-09,STBP3,8.2
2020-01-09,SULA11,64.92
2020-01-09,SUZB3,43.04
2020-01-09,TAEE11,30.28
2020-01-09,TEND3,32.45
2020-01-09,TIMP3,15.9
2020-01-09,TOTS3,69.5
2020-01-09,TRPL4,21.92
2020-01-09,UGPA3,25.15
2020-01-09,USIM5,9.33
2020-01-09,VALE3,53.3
2020-01-09,VIVA3,28.4
2020-01-09,VIVT3,49.06
2020-01-09,VIVT4,56.62
2020-01-09,VVAR3,11.66
2020-01-09,WEGE3,33.32
2020-01-09,YDUQ3,45.91
2020-01-10,ABEV3,18.89
2020-01-10,ALPA4,33.71
2020-01-10,ALSO3,52.49
2020-01-10,ARZZ3,60.86
2020-01-10,AZUL4,57.5
2020-01-10,B3SA3,44.3
2020-01-10,BBAS3,49.86
2020-01-10,BBDC3,32.65
2020-01-10,BBDC4,34.43
2020-01-10,BBSE3,36.4
2020-01-10,BEEF3,13.36
2020-01-10,BIDI11,54.3
2020-01-10,BIDI4,17.8
2020-01-10,BPAC11,75.89
2020-01-10,BPAN4,11.42
2020-01-10,BRAP4,38.29
2020-01-10,BRDT3,28.2
2020-01-10,BRFS3,36.34
2020-01-10,BRKM5,34.45
2020-01-10,BRML3,18.64
2020-01-10,BTOW3,66.78
2020-01-10,CCRO3,18.17
2020-01-10,CEAB3,16.18
2020-01-10,CIEL3,7.4
2020-01-10,CMIG4,14.93
2020-01-10,COGN3,12.2
2020-01-10,CPFE3,35.99
2020-01-10,CPLE3,74.75
2020-01-10,CPLE6,71.95
2020-01-10,CRFB3,23.64
2020-01-10,CSAN3,73.05
2020-01-10,CSMG3,66.75
2020-01-10,CSNA3,14.21
2020-01-10,CVCB3,42.04
2020-01-10,CYRE3,31.65
2020-01-10,DIRR3,15.83
2020-01-10,ECOR3,16.37
2020-01-10,EGIE3,52.37
2020-01-10,ELET3,40.1
2020-01-10,ELET6,40.65
2020-01-10,EMBR3,20.11
2020-01-10,ENBR3,22.67
2020-01-10,ENEV3,45.68
2020-01-10,ENGI11,55.4
2020-01-10,EQTL3,23.9
2020-01-10,EZTC3,56.0
2020-01-10,FLRY3,31.15
2020-01-10,GGBR4,20.94
2020-01-10,GNDI3,68.78
2020-01-10,GOAU4,9.88
2020-01-10,GOLL4,37.24
2020-01-10,HAPV3,62.05
2020-01-10,HGTX3,32.08
2020-01-10,HYPE3,36.03
2020-01-10,IGTA3,54.74
2020-01-10,IRBR3,41.17
2020-01-10,ITSA4,13.35
2020-01-10,ITUB4,34.6
2020-01-10,JBSS3,28.16
2020-01-10,JHSF3,8.16
2020-01-10,KLBN11,19.52
2020-01-10,LAME4,26.47
2020-01-10,LCAM3,24.44
2020-01-10,LOGG3,31.9
2020-01-10,LREN3,57.13
2020-01-10,MGLU3,51.8
2020-01-10,MRFG3,10.75
2020-01-10,MRVE3,21.25
2020-01-10,MULT3,33.15
2020-01-10,NTCO3,42.89
2020-01-10,PCAR3,90.9
2020-01-10,PCAR4,90.58
2020-01-10,PETR3,32.1
2020-01-10,PETR4,30.27
2020-01-10,POMO4,4.43
2020-01-10,PRIO3,37.22
2020-01-10,PSSA3,63.94
2020-01-10,QUAL3,40.65
2020-01-10,RADL3,109.8
2020-01-10,RAIL3,25.67
2020-01-10,RENT3,47.85
2020-01-10,SANB11,45.73
2020-01-10,SBSP3,57.41
2020-01-10,SLCE3,24.82
2020-01-10,SMLS3,40.24
2020-01-10,SMTO3,25.01
2020-01-10,STBP3,8.26
2020-01-10,SULA11,64.32
2020-01-10,SUZB3,43.11
2020-01-10,TAEE11,30.37
2020-01-10,TEND3,33.15
2020-01-10,TIMP3,16.32
2020-01-10,TOTS3,68.98
2020-01-10,TRPL4,22.1
2020-01-10,UGPA3,25.09
2020-01-10,USIM5,9.14
2020-01-10,VALE3,53.36
2020-01-10,VIVA3,28.95
2020-01-10,VIVT3,50.28
2020-01-10,VIVT4,57.31
2020-01-10,VVAR3,11.7
2020-01-10,WEGE3,34.0
2020-01-10,YDUQ3,46.11
2020-01-13,ABEV3,19.21
2020-01-13,ALPA4,33.89
2020-01-13,ALSO3,53.6
2020-01-13,ARZZ3,62.8
2020-01-13,AZUL4,58.3
2020-01-13,B3SA3,44.35
2020-01-13,BBAS3,50.42
2020-01-13,BBDC3,33.05
2020-01-13,BBDC4,34.8
2020-01-13,BBSE3,36.13
2020-01-13,BEEF3,14.56
2020-01-13,BIDI11,54.14
2020-01-13,BIDI4,17.99
2020-01-13,BPAC11,76.33
2020-01-13,BPAN4,11.7
2020-01-13,BRAP4,39.9
2020-01-13,BRDT3,28.79
2020-01-13,BRFS3,36.7
2020-01-13,BRKM5,34.0
2020-01-13,BRML3,19.04
2020-01-13,BTOW3,69.17
2020-01-13,CCRO3,18.3
2020-01-13,CEAB3,16.8
2020-01-13,CIEL3,7.43
2020-01-13,CMIG4,15.35
2020-01-13,COGN3,12.55
2020-01-13,CPFE3,35.86
2020-01-13,CPLE3,76.6
2020-01-13,CPLE6,74.2
2020-01-13,CRFB3,23.43
2020-01-13,CSAN3,74.92
2020-01-13,CSMG3,67.15
2020-01-13,CSNA3,15.07
2020-01-13,CVCB3,41.6
2020-01-13,CYRE3,32.25
2020-01-13,DIRR3,16.07
2020-01-13,ECOR3,16.65
2020-01-13,EGIE3,53.36
2020-01-13,ELET3,40.2
2020-01-13,ELET6,40.79
2020-01-13,EMBR3,20.46
2020-01-13,ENBR3,22.67
2020-01-13,ENEV3,45.6
2020-01-13,ENGI11,55.26
2020-01-13,EQTL3,23.89
2020-01-13,EZTC3,56.15
2020-01-13,FLRY3,31.0
2020-01-13,GGBR4,21.84
2020-01-13,GNDI3,69.96
2020-01-13,GOAU4,10.4
2020-01-13,GOLL4,38.0
2020-01-13,HAPV3,62.39
2020-01-13,HGTX3,32.87
2020-01-13,HYPE3,37.19
2020-01-13,IGTA3,56.33
2020-01-13,IRBR3,41.52
2020-01-13,ITSA4,13.53
2020-01-13,ITUB4,35.06
2020-01-13,JBSS3,28.73
2020-01-13,JHSF3,8.4
2020-01-13,KLBN11,20.45
2020-01-13,LAME4,26.99
2020-01-13,LCAM3,24.45
2020-01-13,LOGG3,31.68
2020-01-13,LREN3,58.37
2020-01-13,MGLU3,54.23
2020-01-13,MRFG3,11.05
2020-01-13,MRVE3,21.57
2020-01-13,MULT3,33.5
2020-01-13,NTCO3,43.73
2020-01-13,PCAR4,89.59
2020-01-13,PETR3,32.09
2020-01-13,PETR4,30.33
2020-01-13,POMO4,4.46
2020-01-13,PRIO3,38.82
2020-01-13,PSSA3,63.85
2020-01-13,QUAL3,41.95
2020-01-13,RADL3,112.37
2020-01-13,RAIL3,25.95
2020-01-13,RENT3,48.0
2020-01-13,SANB11,46.54
2020-01-13,SBSP3,59.91
2020-01-13,SLCE3,24.67
2020-01-13,SMLS3,40.6
2020-01-13,SMTO3,25.23
2020-01-13,STBP3,8.45
2020-01-13,SULA11,62.86
2020-01-13,SUZB3,44.7
2020-01-13,TAEE11,30.71
2020-01-13,TEND3,33.44
2020-01-13,TIMP3,16.33
2020-01-13,TOTS3,69.65
2020-01-13,TRPL4,22.4
2020-01-13,UGPA3,25.32
2020-01-13,USIM5,9.54
2020-01-13,VALE3,55.3
2020-01-13,VIVA3,30.0
2020-01-13,VIVT3,51.8
2020-01-13,VIVT4,58.69
2020-01-13,VVAR3,12.7
2020-01-13,WEGE3,34.32
2020-01-13,YDUQ3,47.7
2020-01-14,ABEV3,19.1
2020-01-14,ALPA4,34.26
2020-01-14,ALSO3,54.45
2020-01-14,ARZZ3,63.0
2020-01-14,AZUL4,59.19
2020-01-14,B3SA3,44.65
2020-01-14,BBAS3,50.15
2020-01-14,BBDC3,33.12
2020-01-14,BBDC4,34.76
2020-01-14,BBSE3,36.56
2020-01-14,BEEF3,14.45
2020-01-14,BIDI11,53.8
2020-01-14,BIDI4,17.8
2020-01-14,BPAC11,75.01
2020-01-14,BPAN4,11.5
2020-01-14,BRAP4,40.28
2020-01-14,BRDT3,28.8
2020-01-14,BRFS3,36.55
2020-01-14,BRKM5,34.27
2020-01-14,BRML3,19.22
2020-01-14,BTOW3,68.35
2020-01-14,CCRO3,18.91
2020-01-14,CEAB3,17.15
2020-01-14,CIEL3,7.49
2020-01-14,CMIG4,15.51
2020-01-14,COGN3,12.79
2020-01-14,CPFE3,35.59
2020-01-14,CPLE3,77.3
2020-01-14,CPLE6,74.44
2020-01-14,CRFB3,23.4
2020-01-14,CSAN3,77.31
2020-01-14,CSMG3,67.78
2020-01-14,CSNA3,14.83
2020-01-14,CVCB3,42.5
2020-01-14,CYRE3,32.5
2020-01-14,DIRR3,16.46
2020-01-14,ECOR3,17.36
2020-01-14,EGIE3,54.1
2020-01-14,ELET3,39.5
2020-01-14,ELET6,40.15
2020-01-14,EMBR3,20.37
2020-01-14,ENBR3,22.67
2020-01-14,ENEV3,45.81
2020-01-14,ENGI11,55.12
2020-01-14,EQTL3,24.45
2020-01-14,EZTC3,57.43
2020-01-14,FLRY3,31.46
2020-01-14,GGBR4,21.42
2020-01-14,GNDI3,70.92
2020-01-14,GOAU4,10.15
2020-01-14,GOLL4,37.99
2020-01-14,HAPV3,62.5
2020-01-14,HGTX3,33.3
2020-01-14,HYPE3,37.81
2020-01-14,IGTA3,56.15
2020-01-14,IRBR3,41.24
2020-01-14,ITSA4,13.68
2020-01-14,ITUB4,35.06
2020-01-14,JBSS3,28.7
2020-01-14,JHSF3,8.61
2020-01-14,KLBN11,21.08
2020-01-14,LAME4,27.87
2020-01-14,LCAM3,24.4
2020-01-14,LOGG3,32.49
2020-01-14,LREN3,57.63
2020-01-14,MGLU3,54.0
2020-01-14,MRFG3,11.36
2020-01-14,MRVE3,22.05
2020-01-14,MULT3,34.0
2020-01-14,NTCO3,44.26
2020-01-14,PCAR3,87.1
2020-01-14,PCAR4,90.1
2020-01-14,PETR3,31.83
2020-01-14,PETR4,30.0
2020-01-14,POMO4,4.73
2020-01-14,PRIO3,41.11
2020-01-14,PSSA3,65.09
2020-01-14,QUAL3,42.96
2020-01-14,RADL3,114.05
2020-01-14,RAIL3,25.8
2020-01-14,RENT3,48.2
2020-01-14,SANB11,46.02
2020-01-14,SBSP3,61.21
2020-01-14,SLCE3,24.59
2020-01-14,SMLS3,40.89
2020-01-14,SMTO3,26.02
2020-01-14,STBP3,8.37
2020-01-14,SULA11,64.39
2020-01-14,SUZB3,44.25
2020-01-14,TAEE11,30.81
2020-01-14,TEND3,34.89
2020-01-14,TIMP3,16.4
2020-01-14,TOTS3,69.65
2020-01-14,TRPL4,22.36
2020-01-14,UGPA3,25.6
2020-01-14,USIM5,9.58
2020-01-14,VALE3,55.64
2020-01-14,VIVA3,30.3
2020-01-14,VIVT3,52.94
2020-01-14,VIVT4,58.45
2020-01-14,VVAR3,13.35
2020-01-14,WEGE3,35.0
2020-01-14,YDUQ3,48.7
2020-01-15,ABEV3,18.76
2020-01-15,ALPA4,34.48
2020-01-15,ALSO3,54.6
2020-01-15,ARZZ3,62.68
2020-01-15,AZUL4,59.3
2020-01-15,B3SA3,43.45
2020-01-15,BBAS3,49.23
2020-01-15,BBDC3,32.36
2020-01-15,BBDC4,34.15
2020-01-15,BBSE3,36.6
2020-01-15,BEEF3,14.4
2020-01-15,BIDI11,54.5
2020-01-15,BIDI4,18.06
2020-01-15,BPAC11,74.49
2020-01-15,BPAN4,11.6
2020-01-15,BRAP4,40.38
2020-01-15,BRDT3,28.44
2020-01-15,BRFS3,36.47
2020-01-15,BRKM5,33.62
2020-01-15,BRML3,19.13
2020-01-15,BTOW3,70.11
2020-01-15,CCRO3,18.51
2020-01-15,CEAB3,17.2
2020-01-15,CIEL3,7.27
2020-01-15,CMIG4,15.41
2020-01-15,COGN3,12.35
2020-01-15,CPFE3,35.85
2020-01-15,CPLE3,77.8
2020-01-15,CPLE6,74.64
2020-01-15,CRFB3,22.85
2020-01-15,CSAN3,76.04
2020-01-15,CSMG3,68.46
2020-01-15,CSNA3,14.63
2020-01-15,CVCB3,41.39
2020-01-15,CYRE3,32.0
2020-01-15,DIRR3,16.97
2020-01-15,ECOR3,17.5
2020-01-15,EGIE3,53.45
2020-01-15,ELET3,39.32
2020-01-15,ELET6,40.02
2020-01-15,EMBR3,20.0
2020-01-15,ENBR3,22.2
2020-01-15,ENEV3,46.5
2020-01-15,ENGI11,54.58
2020-01-15,EQTL3,24.25
2020-01-15,EZTC3,57.88
2020-01-15,FLRY3,31.23
2020-01-15,GGBR4,21.1
2020-01-15,GNDI3,72.88
2020-01-15,GOAU4,10.17
2020-01-15,GOLL4,36.97
2020-01-15,HAPV3,61.01
2020-01-15,HGTX3,32.21
2020-01-15,HYPE3,37.32
2020-01-15,IGTA3,55.44
2020-01-15,IRBR3,42.21
2020-01-15,ITSA4,13.46
2020-01-15,ITUB4,34.63
2020-01-15,JBSS3,28.61
2020-01-15,JHSF3,8.75
2020-01-15,KLBN11,20.63
2020-01-15,LAME4,27.5
2020-01-15,LCAM3,24.0
2020-01-15,LOGG3,33.3
2020-01-15,LREN3,57.25
2020-01-15,MGLU3,53.66
2020-01-15,MRFG3,11.91
2020-01-15,MRVE3,21.7
2020-01-15,MULT3,33.97
2020-01-15,NTCO3,44.58
2020-01-15,PCAR4,88.8
2020-01-15,PETR3,31.12
2020-01-15,PETR4,29.55
2020-01-15,POMO4,4.63
2020-01-15,PRIO3,41.3
2020-01-15,PSSA3,64.64
2020-01-15,QUAL3,42.39
2020-01-15,RADL3,114.39
2020-01-15,RAIL3,24.97
2020-01-15,RENT3,48.21
2020-01-15,SANB11,44.96
2020-01-15,SBSP3,60.9
2020-01-15,SLCE3,24.2
2020-01-15,SMLS3,39.88
2020-01-15,SMTO3,25.51
2020-01-15,STBP3,8.29
2020-01-15,SULA11,63.3
2020-01-15,SUZB3,44.94
2020-01-15,TAEE11,30.71
2020-01-15,TEND3,35.25
2020-01-15,TIMP3,16.41
2020-01-15,TOTS3,69.82
2020-01-15,TRPL4,22.37
2020-01-15,UGPA3,25.37
2020-01-15,USIM5,9.39
2020-01-15,VALE3,55.46
2020-01-15,VIVA3,31.65
2020-01-15,VIVT3,52.99
2020-01-15,VIVT4,58.11
2020-01-15,VVAR3,13.55
2020-01-15,WEGE3,35.23
2020-01-15,YDUQ3,48.27
2020-01-16,ABEV3,18.7
2020-01-16,ALPA4,34.52
2020-01-16,ALSO3,54.86
2020-01-16,ARZZ3,62.5
2020-01-16,AZUL4,59.44
2020-01-16,B3SA3,43.95
2020-01-16,BBAS3,49.45
2020-01-16,BBDC3,32.89
2020-01-16,BBDC4,34.64
2020-01-16,BBSE3,36.07
2020-01-16,BEEF3,14.99
2020-01-16,BIDI11,57.45
2020-01-16,BIDI4,19.15
2020-01-16,BPAC11,74.94
2020-01-16,BPAN4,11.56
2020-01-16,BRAP4,40.24
2020-01-16,BRDT3,28.16
2020-01-16,BRFS3,35.87
2020-01-16,BRKM5,34.08
2020-01-16,BRML3,18.75
2020-01-16,BTOW3,70.36
2020-01-16,CCRO3,18.78
2020-01-16,CEAB3,17.57
2020-01-16,CIEL3,7.3
2020-01-16,CMIG4,15.5
2020-01-16,COGN3,12.02
2020-01-16,CPFE3,36.5
2020-01-16,CPLE3,76.31
2020-01-16,CPLE6,73.34
2020-01-16,CRFB3,23.44
2020-01-16,CSAN3,77.2
2020-01-16,CSMG3,69.29
2020-01-16,CSNA3,14.76
2020-01-16,CVCB3,41.07
2020-01-16,CYRE3,32.12
2020-01-16,DIRR3,17.18
2020-01-16,ECOR3,17.99
2020-01-16,EGIE3,53.09
2020-01-16,ELET3,40.2
2020-01-16,ELET6,40.86
2020-01-16,EMBR3,19.65
2020-01-16,ENBR3,22.4
2020-01-16,ENEV3,46.82
2020-01-16,ENGI11,54.71
2020-01-16,EQTL3,24.4
2020-01-16,EZTC3,57.9
2020-01-16,FLRY3,31.24
2020-01-16,GGBR4,21.3
2020-01-16,GNDI3,71.9
2020-01-16,GOAU4,10.21
2020-01-16,GOLL4,36.64
2020-01-16,HAPV3,63.06
2020-01-16,HGTX3,32.3
2020-01-16,HYPE3,37.5
2020-01-16,IGTA3,55.19
2020-01-16,IRBR3,41.8
2020-01-16,ITSA4,13.49
2020-01-16,ITUB4,34.7
2020-01-16,JBSS3,28.81
2020-01-16,JHSF3,8.6
2020-01-16,KLBN11,20.61
2020-01-16,LAME4,27.85
2020-01-16,LCAM3,24.1
2020-01-16,LOGG3,33.51
2020-01-16,LREN3,57.71
2020-01-16,MGLU3,53.46
2020-01-16,MRFG3,12.1
2020-01-16,MRVE3,21.62
2020-01-16,MULT3,34.15
2020-01-16,NTCO3,45.41
2020-01-16,PCAR3,94.0
2020-01-16,PCAR4,90.5
2020-01-16,PETR3,31.22
2020-01-16,PETR4,29.52
2020-01-16,POMO4,4.75
2020-01-16,PRIO3,41.38
2020-01-16,PSSA3,65.13
2020-01-16,QUAL3,41.63
2020-01-16,RADL3,113.82
2020-01-16,RAIL3,24.34
2020-01-16,RENT3,49.15
2020-01-16,SANB11,45.35
2020-01-16,SBSP3,60.55
2020-01-16,SLCE3,23.5
2020-01-16,SMLS3,39.44
2020-01-16,SMTO3,25.55
2020-01-16,STBP3,8.12
2020-01-16,SULA11,64.14
2020-01-16,SUZB3,44.3
2020-01-16,TAEE11,30.85
2020-01-16,TEND3,35.3
2020-01-16,TIMP3,16.59
2020-01-16,TOTS3,69.83
2020-01-16,TRPL4,22.8
2020-01-16,UGPA3,25.42
2020-01-16,USIM5,9.67
2020-01-16,VALE3,55.17
2020-01-16,VIVA3,32.07
2020-01-16,VIVT3,53.99
2020-01-16,VIVT4,59.51
2020-01-16,VVAR3,13.59
2020-01-16,WEGE3,35.87
2020-01-16,YDUQ3,48.5
2020-01-17,ABEV3,18.7
2020-01-17,ALPA4,34.4
2020-01-17,ALSO3,54.9
2020-01-17,ARZZ3,62.82
2020-01-17,AZUL4,61.35
2020-01-17,B3SA3,45.34
2020-01-17,BBAS3,50.12
2020-01-17,BBDC3,33.58
2020-01-17,BBDC4,35.45
2020-01-17,BBSE3,36.14
2020-01-17,BEEF3,14.85
2020-01-17,BIDI11,56.4
2020-01-17,BIDI4,18.6
2020-01-17,BPAC11,76.91
2020-01-17,BPAN4,11.48
2020-01-17,BRAP4,41.97
2020-01-17,BRDT3,28.75
2020-01-17,BRFS3,35.75
2020-01-17,BRKM5,34.27
2020-01-17,BRML3,18.97
2020-01-17,BTOW3,71.26
2020-01-17,CCRO3,19.03
2020-01-17,CEAB3,17.8
2020-01-17,CIEL3,7.23
2020-01-17,CMIG4,15.64
2020-01-17,COGN3,11.67
2020-01-17,CPFE3,37.3
2020-01-17,CPLE3,77.15
2020-01-17,CPLE6,73.79
2020-01-17,CRFB3,23.39
2020-01-17,CSAN3,78.0
2020-01-17,CSMG3,69.39
2020-01-17,CSNA3,14.78
2020-01-17,CVCB3,41.64
2020-01-17,CYRE3,33.13
2020-01-17,DIRR3,16.76
2020-01-17,ECOR3,18.2
2020-01-17,EGIE3,53.43
2020-01-17,ELET3,40.25
2020-01-17,ELET6,41.17
2020-01-17,EMBR3,19.55
2020-01-17,ENBR3,22.4
2020-01-17,ENEV3,46.2
2020-01-17,ENGI11,54.62
2020-01-17,EQTL3,24.51
2020-01-17,EZTC3,58.76
2020-01-17,FLRY3,31.39
2020-01-17,GGBR4,21.57
2020-01-17,GNDI3,74.1
2020-01-17,GOAU4,10.42
2020-01-17,GOLL4,37.93
2020-01-17,HAPV3,63.0
2020-01-17,HGTX3,31.8
2020-01-17,HYPE3,37.42
2020-01-17,IGTA3,55.5
2020-01-17,IRBR3,43.21
2020-01-17,ITSA4,13.6
2020-01-17,ITUB4,34.94
2020-01-17,JBSS3,29.75
2020-01-17,JHSF3,8.64
2020-01-17,KLBN11,20.76
2020-01-17,LAME4,28.33
2020-01-17,LCAM3,24.49
2020-01-17,LOGG3,34.4
2020-01-17,LREN3,59.22
2020-01-17,MGLU3,54.35
2020-01-17,MRFG3,12.1
2020-01-17,MRVE3,21.69
2020-01-17,MULT3,34.56
2020-01-17,NTCO3,45.88
2020-01-17,PCAR3,94.0
2020-01-17,PCAR4,90.04
2020-01-17,PETR3,31.85
2020-01-17,PETR4,29.85
2020-01-17,POMO4,4.88
2020-01-17,PRIO3,41.01
2020-01-17,PSSA3,65.02
2020-01-17,QUAL3,41.81
2020-01-17,RADL3,115.68
2020-01-17,RAIL3,24.3
2020-01-17,RENT3,49.49
2020-01-17,SANB11,46.22
2020-01-17,SBSP3,60.15
2020-01-17,SLCE3,23.0
2020-01-17,SMLS3,40.29
2020-01-17,SMTO3,26.27
2020-01-17,STBP3,8.03
2020-01-17,SULA11,65.0
2020-01-17,SUZB3,43.78
2020-01-17,TAEE11,31.44
2020-01-17,TEND3,36.5
2020-01-17,TIMP3,16.64
2020-01-17,TOTS3,72.36
2020-01-17,TRPL4,23.11
2020-01-17,UGPA3,26.27
2020-01-17,USIM5,9.76
2020-01-17,VALE3,57.0
2020-01-17,VIVA3,32.41
2020-01-17,VIVT3,53.0
2020-01-17,VIVT4,59.62
2020-01-17,VVAR3,13.73
2020-01-17,WEGE3,36.8
2020-01-17,YDUQ3,50.0
2020-01-20,ABEV3,18.8
2020-01-20,ALPA4,34.5
2020-01-20,ALSO3,54.45
2020-01-20,ARZZ3,63.19
2020-01-20,AZUL4,61.77
2020-01-20,B3SA3,45.5
2020-01-20,BBAS3,49.8
2020-01-20,BBDC3,33.06
2020-01-20,BBDC4,34.76
2020-01-20,BBSE3,36.16
2020-01-20,BEEF3,14.87
2020-01-20,BIDI11,56.04
2020-01-20,BIDI4,18.65
2020-01-20,BPAC11,76.81
2020-01-20,BPAN4,11.25
2020-01-20,BRAP4,42.39
2020-01-20,BRDT3,29.13
2020-01-20,BRFS3,36.05
2020-01-20,BRKM5,34.43
2020-01-20,BRML3,18.97
2020-01-20,BTOW3,75.68
2020-01-20,CCRO3,19.45
2020-01-20,CEAB3,17.63
2020-01-20,CIEL3,7.05
2020-01-20,CMIG4,15.41
2020-01-20,COGN3,11.53
2020-01-20,CPFE3,38.0
2020-01-20,CPLE3,79.0
2020-01-20,CPLE6,75.48
2020-01-20,CRFB3,23.54
2020-01-20,CSAN3,79.56
2020-01-20,CSMG3,70.04
2020-01-20,CSNA3,15.1
2020-01-20,CVCB3,41.0
2020-01-20,CYRE3,33.85
2020-01-20,DIRR3,17.29
2020-01-20,ECOR3,18.4
2020-01-20,EGIE3,53.4
2020-01-20,ELET3,40.35
2020-01-20,ELET6,41.13
2020-01-20,EMBR3,19.39
2020-01-20,ENBR3,22.89
2020-01-20,ENEV3,46.25
2020-01-20,ENGI11,54.34
2020-01-20,EQTL3,24.54
2020-01-20,EZTC3,59.46
2020-01-20,FLRY3,32.23
2020-01-20,GGBR4,22.27
2020-01-20,GNDI3,76.33
2020-01-20,GOAU4,10.85
2020-01-20,GOLL4,37.8
2020-01-20,HAPV3,63.15
2020-01-20,HGTX3,31.37
2020-01-20,HYPE3,37.75
2020-01-20,IGTA3,56.36
2020-01-20,IRBR3,43.85
2020-01-20,ITSA4,13.41
2020-01-20,ITUB4,34.23
2020-01-20,JBSS3,29.82
2020-01-20,JHSF3,8.75
2020-01-20,KLBN11,20.9
2020-01-20,LAME4,29.01
2020-01-20,LCAM3,24.65
2020-01-20,LOGG3,34.3
2020-01-20,LREN3,59.5
2020-01-20,MGLU3,56.0
2020-01-20,MRFG3,12.27
2020-01-20,MRVE3,22.29
2020-01-20,MULT3,34.48
2020-01-20,NTCO3,46.5
2020-01-20,PCAR3,92.0
2020-01-20,PCAR4,91.7
2020-01-20,PETR3,31.98
2020-01-20,PETR4,30.0
2020-01-20,POMO4,4.92
2020-01-20,PRIO3,43.06
2020-01-20,PSSA3,66.46
2020-01-20,QUAL3,42.6
2020-01-20,RADL3,119.11
2020-01-20,RAIL3,24.69
2020-01-20,RENT3,49.6
2020-01-20,SANB11,46.0
2020-01-20,SBSP3,60.3
2020-01-20,SLCE3,23.8
2020-01-20,SMLS3,40.37
2020-01-20,SMTO3,26.15
2020-01-20,STBP3,8.23
2020-01-20,SULA11,66.59
2020-01-20,SUZB3,42.95
2020-01-20,TAEE11,32.05
2020-01-20,TEND3,37.2
2020-01-20,TIMP3,16.29
2020-01-20,TOTS3,72.88
2020-01-20,TRPL4,23.39
2020-01-20,UGPA3,26.74
2020-01-20,USIM5,9.75
2020-01-20,VALE3,57.36
2020-01-20,VIVA3,32.08
2020-01-20,VIVT3,53.0
2020-01-20,VIVT4,60.42
2020-01-20,VVAR3,14.01
2020-01-20,WEGE3,37.93
2020-01-20,YDUQ3,52.0
2020-01-21,ABEV3,18.74
2020-01-21,ALPA4,35.05
2020-01-21,ALSO3,53.2
2020-01-21,ARZZ3,66.03
2020-01-21,AZUL4,60.05
2020-01-21,B3SA3,44.7
2020-01-21,BBAS3,48.36
2020-01-21,BBDC3,31.91
2020-01-21,BBDC4,33.6
2020-01-21,BBSE3,36.0
2020-01-21,BEEF3,15.22
2020-01-21,BIDI11,56.35
2020-01-21,BIDI4,18.4
2020-01-21,BPAC11,77.35
2020-01-21,BPAN4,10.7
2020-01-21,BRAP4,41.59
2020-01-21,BRDT3,28.7
2020-01-21,BRFS3,35.43
2020-01-21,BRKM5,35.54
2020-01-21,BRML3,18.39
2020-01-21,BTOW3,76.56
2020-01-21,CCRO3,19.44
2020-01-21,CEAB3,16.95
2020-01-21,CIEL3,6.9
2020-01-21,CMIG4,15.22
2020-01-21,COGN3,11.18
2020-01-21,CPFE3,37.76
2020-01-21,CPLE3,78.4
2020-01-21,CPLE6,74.59
2020-01-21,CRFB3,22.97
2020-01-21,CSAN3,78.07
2020-01-21,CSMG3,69.4
2020-01-21,CSNA3,14.66
2020-01-21,CVCB3,39.33
2020-01-21,CYRE3,33.52
2020-01-21,DIRR3,17.82
2020-01-21,ECOR3,18.58
2020-01-21,EGIE3,53.6
2020-01-21,ELET3,39.57
2020-01-21,ELET6,40.68
2020-01-21,EMBR3,18.93
2020-01-21,ENBR3,22.88
2020-01-21,ENEV3,46.53
2020-01-21,ENGI11,54.52
2020-01-21,EQTL3,24.4
2020-01-21,EZTC3,59.7
2020-01-21,FLRY3,32.15
2020-01-21,GGBR4,21.8
2020-01-21,GNDI3,74.47
2020-01-21,GOAU4,10.51
2020-01-21,GOLL4,36.68
2020-01-21,HAPV3,63.8
2020-01-21,HGTX3,27.42
2020-01-21,HYPE3,36.51
2020-01-21,IGTA3,55.88
2020-01-21,IRBR3,43.01
2020-01-21,ITSA4,13.1
2020-01-21,ITUB4,33.5
2020-01-21,JBSS3,30.09
2020-01-21,JHSF3,8.66
2020-01-21,KLBN11,20.61
2020-01-21,LAME4,29.01
2020-01-21,LCAM3,24.7
2020-01-21,LOGG3,34.03
2020-01-21,LREN3,58.95
2020-01-21,MGLU3,55.91
2020-01-21,MRFG3,12.35
2020-01-21,MRVE3,21.65
2020-01-21,MULT3,34.25
2020-01-21,NTCO3,45.95
2020-01-21,PCAR4,90.08
2020-01-21,PETR3,31.02
2020-01-21,PETR4,29.62
2020-01-21,POMO4,4.95
2020-01-21,PRIO3,44.72
2020-01-21,PSSA3,65.93
2020-01-21,QUAL3,43.33
2020-01-21,RADL3,125.5
2020-01-21,RAIL3,24.23
2020-01-21,RENT3,49.2
2020-01-21,SANB11,43.73
2020-01-21,SBSP3,60.33
2020-01-21,SLCE3,24.29
2020-01-21,SMLS3,39.52
2020-01-21,SMTO3,26.85
2020-01-21,STBP3,8.18
2020-01-21,SULA11,66.2
2020-01-21,SUZB3,42.7
2020-01-21,TAEE11,31.85
2020-01-21,TEND3,38.0
2020-01-21,TIMP3,16.7
2020-01-21,TOTS3,72.2
2020-01-21,TRPL4,23.43
2020-01-21,UGPA3,26.35
2020-01-21,USIM5,9.55
2020-01-21,VALE3,56.03
2020-01-21,VIVA3,31.11
2020-01-21,VIVT3,54.88
2020-01-21,VIVT4,60.43
2020-01-21,VVAR3,14.32
2020-01-21,WEGE3,37.49
2020-01-21,YDUQ3,51.47
2020-01-22,ABEV3,19.05
2020-01-22,ALPA4,34.6
2020-01-22,ALSO3,53.26
2020-01-22,ARZZ3,64.71
2020-01-22,AZUL4,59.6
2020-01-22,B3SA3,47.5
2020-01-22,BBAS3,48.74
2020-01-22,BBDC3,32.18
2020-01-22,BBDC4,33.72
2020-01-22,BBSE3,36.19
2020-01-22,BEEF3,14.05
2020-01-22,BIDI11,55.5
2020-01-22,BIDI4,18.37
2020-01-22,BPAC11,78.28
2020-01-22,BPAN4,10.6
2020-01-22,BRAP4,42.25
2020-01-22,BRDT3,29.05
2020-01-22,BRFS3,35.6
2020-01-22,BRKM5,36.36
2020-01-22,BRML3,18.47
2020-01-22,BTOW3,75.85
2020-01-22,CCRO3,19.3
2020-01-22,CEAB3,17.09
2020-01-22,CIEL3,7.16
2020-01-22,CMIG4,15.05
2020-01-22,COGN3,11.3
2020-01-22,CPFE3,37.69
2020-01-22,CPLE3,78.4
2020-01-22,CPLE6,74.06
2020-01-22,CRFB3,23.28
2020-01-22,CSAN3,80.39
2020-01-22,CSMG3,70.19
2020-01-22,CSNA3,15.68
2020-01-22,CVCB3,39.74
2020-01-22,CYRE3,34.03
2020-01-22,DIRR3,17.42
2020-01-22,ECOR3,18.39
2020-01-22,EGIE3,53.61
2020-01-22,ELET3,41.78
2020-01-22,ELET6,42.42
2020-01-22,EMBR3,19.2
2020-01-22,ENBR3,22.88
2020-01-22,ENEV3,47.14
2020-01-22,ENGI11,55.41
2020-01-22,EQTL3,24.39
2020-01-22,EZTC3,59.0
2020-01-22,FLRY3,32.87
2020-01-22,GGBR4,22.07
2020-01-22,GNDI3,74.54
2020-01-22,GOAU4,10.71
2020-01-22,GOLL4,37.18
2020-01-22,HAPV3,63.97
2020-01-22,HGTX3,27.4
2020-01-22,HYPE3,35.6
2020-01-22,IGTA3,55.97
2020-01-22,IRBR3,44.9
2020-01-22,ITSA4,13.29
2020-01-22,ITUB4,33.7
2020-01-22,JBSS3,30.05
2020-01-22,JHSF3,8.58
2020-01-22,KLBN11,21.7
2020-01-22,LAME4,28.52
2020-01-22,LCAM3,24.64
2020-01-22,LOGG3,33.97
2020-01-22,LREN3,59.85
2020-01-22,MGLU3,55.69
2020-01-22,MRFG3,12.1
2020-01-22,MRVE3,21.81
2020-01-22,MULT3,34.73
2020-01-22,NTCO3,47.75
2020-01-22,PCAR4,89.7
2020-01-22,PETR3,31.02
2020-01-22,PETR4,29.29
2020-01-22,POMO4,5.05
2020-01-22,PRIO3,46.2
2020-01-22,PSSA3,66.05
2020-01-22,QUAL3,44.49
2020-01-22,RADL3,125.75
2020-01-22,RAIL3,24.32
2020-01-22,RENT3,49.83
2020-01-22,SANB11,43.84
2020-01-22,SBSP3,61.06
2020-01-22,SLCE3,25.15
2020-01-22,SMLS3,40.12
2020-01-22,SMTO3,27.01
2020-01-22,STBP3,8.12
2020-01-22,SULA11,66.99
2020-01-22,SUZB3,44.85
2020-01-22,TAEE11,31.99
2020-01-22,TEND3,38.5
2020-01-22,TIMP3,17.0
2020-01-22,TOTS3,74.08
2020-01-22,TRPL4,23.23
2020-01-22,UGPA3,27.41
2020-01-22,USIM5,10.88
2020-01-22,VALE3,56.3
2020-01-22,VIVA3,30.75
2020-01-22,VIVT3,53.5
2020-01-22,VIVT4,61.28
2020-01-22,VVAR3,15.0
2020-01-22,WEGE3,38.9
2020-01-22,YDUQ3,51.0
2020-01-23,ABEV3,18.65
2020-01-23,ALPA4,34.67
2020-01-23,ALSO3,53.74
2020-01-23,ARZZ3,63.7
2020-01-23,AZUL4,61.2
2020-01-23,B3SA3,48.7
2020-01-23,BBAS3,51.48
2020-01-23,BBDC3,33.05
2020-01-23,BBDC4,34.61
2020-01-23,BBSE3,36.24
2020-01-23,BEEF3,14.27
2020-01-23,BIDI11,55.0
2020-01-23,BIDI4,18.4
2020-01-23,BPAC11,78.35
2020-01-23,BPAN4,10.64
2020-01-23,BRAP4,41.66
2020-01-23,BRDT3,29.47
2020-01-23,BRFS3,34.84
2020-01-23,BRKM5,39.0
2020-01-23,BRML3,18.86
2020-01-23,BTOW3,75.35
2020-01-23,CCRO3,20.08
2020-01-23,CEAB3,16.95
2020-01-23,CIEL3,7.12
2020-01-23,CMIG4,15.28
2020-01-23,COGN3,11.69
2020-01-23,CPFE3,38.3
2020-01-23,CPLE3,78.8
2020-01-23,CPLE6,74.94
2020-01-23,CRFB3,23.75
2020-01-23,CSAN3,80.71
2020-01-23,CSMG3,70.7
2020-01-23,CSNA3,15.49
2020-01-23,CVCB3,40.41
2020-01-23,CYRE3,34.38
2020-01-23,DIRR3,18.39
2020-01-23,ECOR3,18.96
2020-01-23,EGIE3,53.6
2020-01-23,ELET3,41.51
2020-01-23,ELET6,42.51
2020-01-23,EMBR3,18.99
2020-01-23,ENBR3,23.2
2020-01-23,ENEV3,47.07
2020-01-23,ENGI11,55.74
2020-01-23,EQTL3,24.41
2020-01-23,EZTC3,60.16
2020-01-23,FLRY3,32.25
2020-01-23,GGBR4,22.16
2020-01-23,GNDI3,72.65
2020-01-23,GOAU4,10.62
2020-01-23,GOLL4,39.05
2020-01-23,HAPV3,64.3
2020-01-23,HGTX3,26.8
2020-01-23,HYPE3,35.48
2020-01-23,IGTA3,57.08
2020-01-23,IRBR3,43.88
2020-01-23,ITSA4,13.55
2020-01-23,ITUB4,34.5
2020-01-23,JBSS3,29.82
2020-01-23,JHSF3,8.95
2020-01-23,KLBN11,21.78
2020-01-23,LAME4,29.06
2020-01-23,LCAM3,25.49
2020-01-23,LOGG3,34.0
2020-01-23,LREN3,60.87
2020-01-23,MGLU3,56.58
2020-01-23,MRFG3,12.14
2020-01-23,MRVE3,21.75
2020-01-23,MULT3,35.52
2020-01-23,NTCO3,49.38
2020-01-23,PCAR3,90.01
2020-01-23,PCAR4,89.79
2020-01-23,PETR3,31.23
2020-01-23,PETR4,29.6
2020-01-23,POMO4,5.2
2020-01-23,PRIO3,46.53
2020-01-23,PSSA3,66.06
2020-01-23,QUAL3,44.99
2020-01-23,RADL3,123.49
2020-01-23,RAIL3,24.79
2020-01-23,RENT3,51.74
2020-01-23,SANB11,44.7
2020-01-23,SBSP3,62.63
2020-01-23,SLCE3,25.12
2020-01-23,SMLS3,40.93
2020-01-23,SMTO3,26.89
2020-01-23,STBP3,8.31
2020-01-23,SULA11,67.15
2020-01-23,SUZB3,44.45
2020-01-23,TAEE11,32.21
2020-01-23,TEND3,38.39
2020-01-23,TIMP3,16.77
2020-01-23,TOTS3,74.87
2020-01-23,TRPL4,23.22
2020-01-23,UGPA3,27.81
2020-01-23,USIM5,11.11
2020-01-23,VALE3,55.5
2020-01-23,VIVA3,31.28
2020-01-23,VIVT3,53.78
2020-01-23,VIVT4,60.58
2020-01-23,VVAR3,15.16
2020-01-23,WEGE3,39.65
2020-01-23,YDUQ3,51.99
2020-01-24,ABEV3,18.99
2020-01-24,ALPA4,34.73
2020-01-24,ALSO3,53.44
2020-01-24,ARZZ3,63.79
2020-01-24,AZUL4,59.46
2020-01-24,B3SA3,48.99
2020-01-24,BBAS3,50.8
2020-01-24,BBDC3,32.87
2020-01-24,BBDC4,34.35
2020-01-24,BBSE3,35.9
2020-01-24,BEEF3,13.1
2020-01-24,BIDI11,54.3
2020-01-24,BIDI4,18.06
2020-01-24,BPAC11,78.35
2020-01-24,BPAN4,10.38
2020-01-24,BRAP4,40.84
2020-01-24,BRDT3,29.59
2020-01-24,BRFS3,33.83
2020-01-24,BRKM5,37.63
2020-01-24,BRML3,18.74
2020-01-24,BTOW3,74.25
2020-01-24,CCRO3,19.82
2020-01-24,CEAB3,17.17
2020-01-24,CIEL3,7.0
2020-01-24,CMIG4,15.44
2020-01-24,COGN3,11.67
2020-01-24,CPFE3,37.93
2020-01-24,CPLE3,78.3
2020-01-24,CPLE6,74.99
2020-01-24,CRFB3,23.66
2020-01-24,CSAN3,80.57
2020-01-24,CSMG3,70.72
2020-01-24,CSNA3,14.91
2020-01-24,CVCB3,39.54
2020-01-24,CYRE3,33.34
2020-01-24,DIRR3,17.77
2020-01-24,ECOR3,18.9
2020-01-24,EGIE3,53.87
2020-01-24,ELET3,40.75
2020-01-24,ELET6,42.38
2020-01-24,EMBR3,18.55
2020-01-24,ENBR3,23.08
2020-01-24,ENEV3,46.33
2020-01-24,ENGI11,56.32
2020-01-24,EQTL3,24.43
2020-01-24,EZTC3,59.8
2020-01-24,FLRY3,32.36
2020-01-24,GGBR4,21.67
2020-01-24,GNDI3,70.65
2020-01-24,GOAU4,10.38
2020-01-24,GOLL4,37.82
2020-01-24,HAPV3,64.5
2020-01-24,HGTX3,27.28
2020-01-24,HYPE3,35.03
2020-01-24,IGTA3,54.9
2020-01-24,IRBR3,42.82
2020-01-24,ITSA4,13.35
2020-01-24,ITUB4,34.24
2020-01-24,JBSS3,29.3
2020-01-24,JHSF3,8.83
2020-01-24,KLBN11,21.76
2020-01-24,LAME4,28.95
2020-01-24,LCAM3,24.9
2020-01-24,LOGG3,33.7
2020-01-24,LREN3,60.17
2020-01-24,MGLU3,56.15
2020-01-24,MRFG3,12.1
2020-01-24,MRVE3,21.65
2020-01-24,MULT3,35.13
2020-01-24,NTCO3,49.18
2020-01-24,PCAR4,88.7
2020-01-24,PETR3,31.11
2020-01-24,PETR4,29.3
2020-01-24,POMO4,5.38
2020-01-24,PRIO3,45.5
2020-01-24,PSSA3,65.01
2020-01-24,QUAL3,43.98
2020-01-24,RADL3,124.0
2020-01-24,RAIL3,24.33
2020-01-24,RENT3,51.41
2020-01-24,SANB11,43.88
2020-01-24,SBSP3,62.47
2020-01-24,SLCE3,24.58
2020-01-24,SMLS3,40.23
2020-01-24,SMTO3,26.7
2020-01-24,STBP3,8.2
2020-01-24,SULA11,66.78
2020-01-24,SUZB3,43.87
2020-01-24,TAEE11,32.02
2020-01-24,TEND3,37.8
2020-01-24,TIMP3,16.39
2020-01-24,TOTS3,73.46
2020-01-24,TRPL4,23.1
2020-01-24,UGPA3,27.53
2020-01-24,USIM5,10.82
2020-01-24,VALE3,53.8
2020-01-24,VIVA3,31.4
2020-01-24,VIVT3,54.3
2020-01-24,VIVT4,59.94
2020-01-24,VVAR3,15.0
2020-01-24,WEGE3,41.43
2020-01-24,YDUQ3,52.03
2020-01-27,ABEV3,18.55
2020-01-27,ALPA4,34.6
2020-01-27,ALSO3,52.32
2020-01-27,ARZZ3,62.69
2020-01-27,AZUL4,57.48
2020-01-27,B3SA3,47.65
2020-01-27,BBAS3,50.3
2020-01-27,BBDC3,32.0
2020-01-27,BBDC4,33.56
2020-01-27,BBSE3,35.0
2020-01-27,BEEF3,12.03
2020-01-27,BIDI11,51.1
2020-01-27,BIDI4,17.0
2020-01-27,BPAC11,73.68
2020-01-27,BPAN4,10.1
2020-01-27,BRAP4,38.26
2020-01-27,BRDT3,28.65
2020-01-27,BRFS3,31.78
2020-01-27,BRKM5,35.22
2020-01-27,BRML3,18.44
2020-01-27,BTOW3,72.13
2020-01-27,CCRO3,19.42
2020-01-27,CEAB3,16.49
2020-01-27,CIEL3,7.0
2020-01-27,CMIG4,15.22
2020-01-27,COGN3,11.28
2020-01-27,CPFE3,37.0
2020-01-27,CPLE3,77.96
2020-01-27,CPLE6,73.62
2020-01-27,CRFB3,22.66
2020-01-27,CSAN3,78.81
2020-01-27,CSMG3,69.0
2020-01-27,CSNA3,13.75
2020-01-27,CVCB3,37.82
2020-01-27,CYRE3,32.2
2020-01-27,DIRR3,17.1
2020-01-27,ECOR3,19.02
2020-01-27,EGIE3,52.82
2020-01-27,ELET3,38.55
2020-01-27,ELET6,41.22
2020-01-27,EMBR3,18.14
2020-01-27,ENBR3,22.89
2020-01-27,ENEV3,45.48
2020-01-27,ENGI11,56.23
2020-01-27,EQTL3,24.06
2020-01-27,EZTC3,58.14
2020-01-27,FLRY3,32.15
2020-01-27,GGBR4,19.95
2020-01-27,GNDI3,68.21
2020-01-27,GOAU4,9.6
2020-01-27,GOLL4,35.3
2020-01-27,HAPV3,61.23
2020-01-27,HGTX3,26.3
2020-01-27,HYPE3,34.13
2020-01-27,IGTA3,53.43
2020-01-27,IRBR3,41.9
2020-01-27,ITSA4,13.06
2020-01-27,ITUB4,33.5
2020-01-27,JBSS3,27.3
2020-01-27,JHSF3,8.2
2020-01-27,KLBN11,20.81
2020-01-27,LAME4,28.22
2020-01-27,LCAM3,24.26
2020-01-27,LOGG3,32.46
2020-01-27,LREN3,58.88
2020-01-27,MGLU3,53.8
2020-01-27,MRFG3,11.22
2020-01-27,MRVE3,20.17
2020-01-27,MULT3,34.08
2020-01-27,NTCO3,47.47
2020-01-27,PCAR3,94.5
2020-01-27,PCAR4,84.02
2020-01-27,PETR3,29.8
2020-01-27,PETR4,28.03
2020-01-27,POMO4,5.05
2020-01-27,PRIO3,44.78
2020-01-27,PSSA3,63.46
2020-01-27,QUAL3,41.86
2020-01-27,RADL3,125.0
2020-01-27,RAIL3,23.9
2020-01-27,RENT3,51.44
2020-01-27,SANB11,43.45
2020-01-27,SBSP3,61.58
2020-01-27,SLCE3,23.88
2020-01-27,SMLS3,39.11
2020-01-27,SMTO3,25.81
2020-01-27,STBP3,7.86
2020-01-27,SULA11,63.0
2020-01-27,SUZB3,40.93
2020-01-27,TAEE11,31.5
2020-01-27,TEND3,37.27
2020-01-27,TIMP3,16.5
2020-01-27,TOTS3,72.26
2020-01-27,TRPL4,22.63
2020-01-27,UGPA3,26.45
2020-01-27,USIM5,10.05
2020-01-27,VALE3,50.51
2020-01-27,VIVA3,30.5
2020-01-27,VIVT3,53.6
2020-01-27,VIVT4,60.44
2020-01-27,VVAR3,13.9
2020-01-27,WEGE3,40.97
2020-01-27,YDUQ3,50.84
2020-01-28,ABEV3,18.8
2020-01-28,ALPA4,37.05
2020-01-28,ALSO3,53.7
2020-01-28,ARZZ3,63.64
2020-01-28,AZUL4,62.41
2020-01-28,B3SA3,49.08
2020-01-28,BBAS3,50.71
2020-01-28,BBDC3,32.08
2020-01-28,BBDC4,33.6
2020-01-28,BBSE3,35.01
2020-01-28,BEEF3,12.15
2020-01-28,BIDI11,50.91
2020-01-28,BIDI4,16.95
2020-01-28,BPAC11,75.2
2020-01-28,BPAN4,9.84
2020-01-28,BRAP4,38.25
2020-01-28,BRDT3,29.0
2020-01-28,BRFS3,31.36
2020-01-28,BRKM5,34.17
2020-01-28,BRML3,18.8
2020-01-28,BTOW3,75.05
2020-01-28,CCRO3,19.45
2020-01-28,CEAB3,16.8
2020-01-28,CIEL3,7.25
2020-01-28,CMIG4,15.5
2020-01-28,COGN3,11.7
2020-01-28,CPFE3,37.21
2020-01-28,CPLE3,79.3
2020-01-28,CPLE6,75.35
2020-01-28,CRFB3,23.39
2020-01-28,CSAN3,80.35
2020-01-28,CSMG3,71.4
2020-01-28,CSNA3,13.64
2020-01-28,CVCB3,38.41
2020-01-28,CYRE3,33.08
2020-01-28,DIRR3,17.08
2020-01-28,ECOR3,19.1
2020-01-28,EGIE3,53.49
2020-01-28,ELET3,40.3
2020-01-28,ELET6,42.66
2020-01-28,EMBR3,18.2
2020-01-28,ENBR3,23.15
2020-01-28,ENEV3,46.09
2020-01-28,ENGI11,57.18
2020-01-28,EQTL3,24.64
2020-01-28,EZTC3,58.48
2020-01-28,FLRY3,32.5
2020-01-28,GGBR4,20.2
2020-01-28,GNDI3,70.49
2020-01-28,GOAU4,9.86
2020-01-28,GOLL4,36.19
2020-01-28,HAPV3,62.5
2020-01-28,HGTX3,26.45
2020-01-28,HYPE3,33.81
2020-01-28,IGTA3,54.14
2020-01-28,IRBR3,44.31
2020-01-28,ITSA4,13.11
2020-01-28,ITUB4,33.49
2020-01-28,JBSS3,28.19
2020-01-28,JHSF3,8.25
2020-01-28,KLBN11,20.83
2020-01-28,LAME4,28.47
2020-01-28,LCAM3,24.8
2020-01-28,LOGG3,33.44
2020-01-28,LREN3,59.67
2020-01-28,MGLU3,56.99
2020-01-28,MRFG3,11.57
2020-01-28,MRVE3,20.11
2020-01-28,MULT3,34.65
2020-01-28,NTCO3,49.04
2020-01-28,PCAR3,94.5
2020-01-28,PCAR4,85.9
2020-01-28,PETR3,30.5
2020-01-28,PETR4,28.8
2020-01-28,POMO4,5.07
2020-01-28,PRIO3,47.6
2020-01-28,PSSA3,64.97
2020-01-28,QUAL3,43.53
2020-01-28,RADL3,124.87
2020-01-28,RAIL3,23.9
2020-01-28,RENT3,52.9
2020-01-28,SANB11,43.59
2020-01-28,SBSP3,64.5
2020-01-28,SLCE3,23.78
2020-01-28,SMLS3,39.36
2020-01-28,SMTO3,26.11
2020-01-28,STBP3,7.94
2020-01-28,SULA11,64.47
2020-01-28,SUZB3,41.65
2020-01-28,TAEE11,31.98
2020-01-28,TEND3,36.57
2020-01-28,TIMP3,17.02
2020-01-28,TOTS3,74.55
2020-01-28,TRPL4,22.75
2020-01-28,UGPA3,26.95
2020-01-28,USIM5,10.04
2020-01-28,VALE3,51.2
2020-01-28,VIVA3,31.38
2020-01-28,VIVT3,53.94
2020-01-28,VIVT4,61.0
2020-01-28,VVAR3,14.64
2020-01-28,WEGE3,42.01
2020-01-28,YDUQ3,52.23
2020-01-29,ABEV3,18.3
2020-01-29,ALPA4,37.97
2020-01-29,ALSO3,53.5
2020-01-29,ARZZ3,64.24
2020-01-29,AZUL4,59.87
2020-01-29,B3SA3,48.6
2020-01-29,BBAS3,49.46
2020-01-29,BBDC3,31.4
2020-01-29,BBDC4,33.12
2020-01-29,BBSE3,35.62
2020-01-29,BEEF3,11.93
2020-01-29,BIDI11,49.55
2020-01-29,BIDI4,16.76
2020-01-29,BPAC11,74.91
2020-01-29,BPAN4,9.86
2020-01-29,BRAP4,37.53
2020-01-29,BRDT3,28.65
2020-01-29,BRFS3,31.1
2020-01-29,BRKM5,32.85
2020-01-29,BRML3,18.96
2020-01-29,BTOW3,75.44
2020-01-29,CCRO3,19.0
2020-01-29,CEAB3,16.6
2020-01-29,CIEL3,6.96
2020-01-29,CMIG4,15.41
2020-01-29,COGN3,11.7
2020-01-29,CPFE3,38.23
2020-01-29,CPLE3,79.3
2020-01-29,CPLE6,74.59
2020-01-29,CRFB3,23.6
2020-01-29,CSAN3,79.99
2020-01-29,CSMG3,71.57
2020-01-29,CSNA3,13.36
2020-01-29,CVCB3,37.01
2020-01-29,CYRE3,32.74
2020-01-29,DIRR3,17.38
2020-01-29,ECOR3,18.87
2020-01-29,EGIE3,53.02
2020-01-29,ELET3,40.52
2020-01-29,ELET6,42.53
2020-01-29,EMBR3,18.18
2020-01-29,ENBR3,22.51
2020-01-29,ENEV3,45.11
2020-01-29,ENGI11,56.64
2020-01-29,EQTL3,24.27
2020-01-29,EZTC3,58.1
2020-01-29,FLRY3,31.16
2020-01-29,GGBR4,20.14
2020-01-29,GNDI3,70.49
2020-01-29,GOAU4,9.67
2020-01-29,GOLL4,34.94
2020-01-29,HAPV3,61.3
2020-01-29,HGTX3,26.38
2020-01-29,HYPE3,34.75
2020-01-29,IGTA3,54.05
2020-01-29,IRBR3,44.0
2020-01-29,ITSA4,12.97
2020-01-29,ITUB4,32.97
2020-01-29,JBSS3,27.39
2020-01-29,JHSF3,8.39
2020-01-29,KLBN11,21.15
2020-01-29,LAME4,28.4
2020-01-29,LCAM3,24.75
2020-01-29,LOGG3,32.58
2020-01-29,LREN3,60.0
2020-01-29,MGLU3,57.29
2020-01-29,MRFG3,11.1
2020-01-29,MRVE3,21.05
2020-01-29,MULT3,35.03
2020-01-29,NTCO3,48.35
2020-01-29,PCAR4,85.6
2020-01-29,PETR3,30.36
2020-01-29,PETR4,28.85
2020-01-29,POMO4,4.92
2020-01-29,PRIO3,45.76
2020-01-29,PSSA3,66.99
2020-01-29,QUAL3,42.44
2020-01-29,RADL3,128.59
2020-01-29,RAIL3,23.65
2020-01-29,RENT3,54.25
2020-01-29,SANB11,42.78
2020-01-29,SBSP3,62.4
2020-01-29,SLCE3,23.52
2020-01-29,SMLS3,39.02
2020-01-29,SMTO3,25.61
2020-01-29,STBP3,7.88
2020-01-29,SULA11,64.18
2020-01-29,SUZB3,41.02
2020-01-29,TAEE11,31.77
2020-01-29,TEND3,37.25
2020-01-29,TIMP3,16.87
2020-01-29,TOTS3,73.5
2020-01-29,TRPL4,22.55
2020-01-29,UGPA3,26.11
2020-01-29,USIM5,9.88
2020-01-29,VALE3,50.75
2020-01-29,VIVA3,32.0
2020-01-29,VIVT3,54.54
2020-01-29,VIVT4,60.6
2020-01-29,VVAR3,14.45
2020-01-29,WEGE3,42.39
2020-01-29,YDUQ3,51.84
2020-01-30,ABEV3,18.34
2020-01-30,ALPA4,36.85
2020-01-30,ALSO3,52.96
2020-01-30,ARZZ3,62.84
2020-01-30,AZUL4,59.71
2020-01-30,B3SA3,48.8
2020-01-30,BBAS3,49.8
2020-01-30,BBDC3,31.7
2020-01-30,BBDC4,33.45
2020-01-30,BBSE3,35.61
2020-01-30,BEEF3,11.42
2020-01-30,BIDI11,48.1
2020-01-30,BIDI4,16.32
2020-01-30,BPAC11,75.4
2020-01-30,BPAN4,9.61
2020-01-30,BRAP4,37.67
2020-01-30,BRDT3,28.97
2020-01-30,BRFS3,30.6
2020-01-30,BRKM5,31.8
2020-01-30,BRML3,18.76
2020-01-30,BTOW3,74.0
2020-01-30,CCRO3,18.8
2020-01-30,CEAB3,16.44
2020-01-30,CIEL3,7.09
2020-01-30,CMIG4,15.19
2020-01-30,COGN3,11.49
2020-01-30,CPFE3,38.46
2020-01-30,CPLE3,78.45
2020-01-30,CPLE6,73.41
2020-01-30,CRFB3,23.12
2020-01-30,CSAN3,80.68
2020-01-30,CSMG3,69.7
2020-01-30,CSNA3,13.41
2020-01-30,CVCB3,36.23
2020-01-30,CYRE3,32.47
2020-01-30,DIRR3,16.8
2020-01-30,ECOR3,18.36
2020-01-30,EGIE3,52.5
2020-01-30,ELET3,39.91
2020-01-30,ELET6,41.4
2020-01-30,EMBR3,18.1
2020-01-30,ENBR3,22.23
2020-01-30,ENEV3,44.48
2020-01-30,ENGI11,56.0
2020-01-30,EQTL3,24.38
2020-01-30,EZTC3,56.93
2020-01-30,FLRY3,31.66
2020-01-30,GGBR4,20.74
2020-01-30,GNDI3,70.32
2020-01-30,GOAU4,9.9
2020-01-30,GOLL4,35.04
2020-01-30,HAPV3,60.11
2020-01-30,HGTX3,25.79
2020-01-30,HYPE3,35.45
2020-01-30,IGTA3,53.48
2020-01-30,IRBR3,44.17
2020-01-30,ITSA4,13.08
2020-01-30,ITUB4,33.45
2020-01-30,JBSS3,26.95
2020-01-30,JHSF3,8.27
2020-01-30,KLBN11,21.19
2020-01-30,LAME4,27.71
2020-01-30,LCAM3,24.53
2020-01-30,LOGG3,31.69
2020-01-30,LREN3,59.2
2020-01-30,MGLU3,56.5
2020-01-30,MRFG3,10.82
2020-01-30,MRVE3,21.18
2020-01-30,MULT3,35.01
2020-01-30,NTCO3,48.95
2020-01-30,PCAR4,85.08
2020-01-30,PETR3,30.99
2020-01-30,PETR4,28.94
2020-01-30,POMO4,5.0
2020-01-30,PRIO3,47.3
2020-01-30,PSSA3,65.42
2020-01-30,QUAL3,41.7
2020-01-30,RADL3,125.3
2020-01-30,RAIL3,23.22
2020-01-30,RENT3,53.83
2020-01-30,SANB11,43.1
2020-01-30,SBSP3,62.29
2020-01-30,SLCE3,22.9
2020-01-30,SMLS3,38.67
2020-01-30,SMTO3,25.25
2020-01-30,STBP3,7.73
2020-01-30,SULA11,63.33
2020-01-30,SUZB3,40.51
2020-01-30,TAEE11,31.33
2020-01-30,TEND3,36.46
2020-01-30,TIMP3,16.72
2020-01-30,TOTS3,72.7
2020-01-30,TRPL4,22.33
2020-01-30,UGPA3,25.96
2020-01-30,USIM5,9.77
2020-01-30,VALE3,51.5
2020-01-30,VIVA3,32.2
2020-01-30,VIVT3,52.79
2020-01-30,VIVT4,59.87
2020-01-30,VVAR3,14.65
2020-01-30,WEGE3,40.97
2020-01-30,YDUQ3,52.29
2020-01-31,ABEV3,17.85
2020-01-31,ALPA4,35.84
2020-01-31,ALSO3,52.59
2020-01-31,ARZZ3,60.3
2020-01-31,AZUL4,59.26
2020-01-31,B3SA3,48.2
2020-01-31,BBAS3,48.54
2020-01-31,BBDC3,31.35
2020-01-31,BBDC4,32.89
2020-01-31,BBSE3,34.78
2020-01-31,BEEF3,11.93
2020-01-31,BIDI11,47.15
2020-01-31,BIDI4,15.96
2020-01-31,BPAC11,75.0
2020-01-31,BPAN4,9.72
2020-01-31,BRAP4,37.01
2020-01-31,BRDT3,28.8
2020-01-31,BRFS3,30.55
2020-01-31,BRKM5,31.55
2020-01-31,BRML3,18.4
2020-01-31,BTOW3,71.2
2020-01-31,CCRO3,18.24
2020-01-31,CEAB3,16.0
2020-01-31,CIEL3,7.07
2020-01-31,CMIG4,14.95
2020-01-31,COGN3,11.62
2020-01-31,CPFE3,38.27
2020-01-31,CPLE3,78.5
2020-01-31,CPLE6,73.42
2020-01-31,CRFB3,22.59
2020-01-31,CSAN3,79.7
2020-01-31,CSMG3,67.4
2020-01-31,CSNA3,12.9
2020-01-31,CVCB3,36.5
2020-01-31,CYRE3,31.8
2020-01-31,DIRR3,16.32
2020-01-31,ECOR3,17.73
2020-01-31,EGIE3,52.05
2020-01-31,ELET3,39.22
2020-01-31,ELET6,40.87
2020-01-31,EMBR3,18.14
2020-01-31,ENBR3,22.35
2020-01-31,ENEV3,43.73
2020-01-31,ENGI11,55.17
2020-01-31,EQTL3,23.84
2020-01-31,EZTC3,55.6
2020-01-31,FLRY3,31.0
2020-01-31,GGBR4,20.05
2020-01-31,GNDI3,70.21
2020-01-31,GOAU4,9.53
2020-01-31,GOLL4,34.25
2020-01-31,HAPV3,60.07
2020-01-31,HGTX3,24.82
2020-01-31,HYPE3,35.57
2020-01-31,IGTA3,53.3
2020-01-31,IRBR3,44.83
2020-01-31,ITSA4,12.86
2020-01-31,ITUB4,32.82
2020-01-31,JBSS3,27.58
2020-01-31,JHSF3,7.87
2020-01-31,KLBN11,20.75
2020-01-31,LAME4,27.55
2020-01-31,LCAM3,23.61
2020-01-31,LOGG3,31.6
2020-01-31,LREN3,57.45
2020-01-31,MGLU3,55.8
2020-01-31,MRFG3,10.97
2020-01-31,MRVE3,20.87
2020-01-31,MULT3,34.68
2020-01-31,NTCO3,47.58
2020-01-31,PCAR3,94.5
2020-01-31,PCAR4,85.08
2020-01-31,PETR3,30.35
2020-01-31,PETR4,28.45
2020-01-31,POMO4,4.84
2020-01-31,PRIO3,47.93
2020-01-31,PSSA3,66.13
2020-01-31,QUAL3,41.46
2020-01-31,RADL3,124.22
2020-01-31,RAIL3,23.2
2020-01-31,RENT3,53.63
2020-01-31,SANB11,42.07
2020-01-31,SBSP3,61.0
2020-01-31,SLCE3,22.78
2020-01-31,SMLS3,38.48
2020-01-31,SMTO3,25.07
2020-01-31,STBP3,7.52
2020-01-31,SULA11,63.0
2020-01-31,SUZB3,39.67
2020-01-31,TAEE11,30.96
2020-01-31,TEND3,35.78
2020-01-31,TIMP3,16.75
2020-01-31,TOTS3,74.65
2020-01-31,TRPL4,22.2
2020-01-31,UGPA3,25.26
2020-01-31,USIM5,9.63
2020-01-31,VALE3,50.27
2020-01-31,VIVA3,31.47
2020-01-31,VIVT3,52.37
2020-01-31,VIVT4,59.39
2020-01-31,VVAR3,14.0
2020-01-31,WEGE3,39.41
2020-01-31,YDUQ3,52.71
2020-02-03,ABEV3,17.59
2020-02-03,ALPA4,36.16
2020-02-03,ALSO3,53.45
2020-02-03,ARZZ3,61.39
2020-02-03,AZUL4,60.13
2020-02-03,B3SA3,50.09
2020-02-03,BBAS3,48.78
2020-02-03,BBDC3,31.58
2020-02-03,BBDC4,33.1
2020-02-03,BBSE3,34.93
2020-02-03,BEEF3,12.31
2020-02-03,BIDI11,48.84
2020-02-03,BIDI4,16.55
2020-02-03,BPAC11,75.49
2020-02-03,BPAN4,9.98
2020-02-03,BRAP4,37.68
2020-02-03,BRDT3,29.35
2020-02-03,BRFS3,31.57
2020-02-03,BRKM5,33.45
2020-02-03,BRML3,19.05
2020-02-03,BTOW3,71.42
2020-02-03,CCRO3,18.45
2020-02-03,CEAB3,16.0
2020-02-03,CIEL3,7.16
2020-02-03,CMIG4,15.18
2020-02-03,COGN3,11.65
2020-02-03,CPFE3,39.0
2020-02-03,CPLE3,80.0
2020-02-03,CPLE6,75.0
2020-02-03,CRFB3,22.55
2020-02-03,CSAN3,82.24
2020-02-03,CSMG3,67.83
2020-02-03,CSNA3,13.02
2020-02-03,CVCB3,36.66
2020-02-03,CYRE3,32.45
2020-02-03,DIRR3,17.01
2020-02-03,ECOR3,18.0
2020-02-03,EGIE3,52.6
2020-02-03,ELET3,38.87
2020-02-03,ELET6,40.23
2020-02-03,EMBR3,18.04
2020-02-03,ENBR3,22.96
2020-02-03,ENEV3,44.56
2020-02-03,ENGI11,57.18
2020-02-03,EQTL3,24.9
2020-02-03,EZTC3,54.73
2020-02-03,FLRY3,31.71
2020-02-03,GGBR4,20.55
2020-02-03,GNDI3,73.44
2020-02-03,GOAU4,9.89
2020-02-03,GOLL4,34.35
2020-02-03,HAPV3,61.8
2020-02-03,HGTX3,25.0
2020-02-03,HYPE3,36.51
2020-02-03,IGTA3,54.06
2020-02-03,IRBR3,40.77
2020-02-03,ITSA4,12.85
2020-02-03,ITUB4,32.9
2020-02-03,JBSS3,28.12
2020-02-03,JHSF3,8.07
2020-02-03,KLBN11,20.59
2020-02-03,LAME4,27.3
2020-02-03,LCAM3,24.9
2020-02-03,LOGG3,32.28
2020-02-03,LREN3,57.78
2020-02-03,MGLU3,56.53
2020-02-03,MRFG3,11.25
2020-02-03,MRVE3,20.58
2020-02-03,MULT3,35.22
2020-02-03,NTCO3,47.79
2020-02-03,PCAR4,85.26
2020-02-03,PETR3,30.01
2020-02-03,PETR4,28.18
2020-02-03,POMO4,4.86
2020-02-03,PRIO3,47.97
2020-02-03,PSSA3,65.42
2020-02-03,QUAL3,43.82
2020-02-03,RADL3,123.81
2020-02-03,RAIL3,23.26
2020-02-03,RENT3,54.46
2020-02-03,SANB11,41.86
2020-02-03,SBSP3,61.76
2020-02-03,SLCE3,24.14
2020-02-03,SMLS3,38.62
2020-02-03,SMTO3,25.04
2020-02-03,STBP3,7.69
2020-02-03,SULA11,62.47
2020-02-03,SUZB3,39.5
2020-02-03,TAEE11,31.15
2020-02-03,TEND3,36.78
2020-02-03,TIMP3,17.06
2020-02-03,TOTS3,78.42
2020-02-03,TRPL4,22.33
2020-02-03,UGPA3,25.36
2020-02-03,USIM5,9.7
2020-02-03,VALE3,50.91
2020-02-03,VIVA3,32.67
2020-02-03,VIVT3,53.06
2020-02-03,VIVT4,60.26
2020-02-03,VVAR3,14.49
2020-02-03,WEGE3,40.67
2020-02-03,YDUQ3,54.87
2020-02-04,ABEV3,17.65
2020-02-04,ALPA4,35.32
2020-02-04,ALSO3,53.5
2020-02-04,ARZZ3,62.0
2020-02-04,AZUL4,60.8
2020-02-04,B3SA3,49.96
2020-02-04,BBAS3,48.25
2020-02-04,BBDC3,31.68
2020-02-04,BBDC4,33.1
2020-02-04,BBSE3,34.45
2020-02-04,BEEF3,12.04
2020-02-04,BIDI11,50.61
2020-02-04,BIDI4,16.9
2020-02-04,BPAC11,75.64
2020-02-04,BPAN4,9.83
2020-02-04,BRAP4,38.6
2020-02-04,BRDT3,29.23
2020-02-04,BRFS3,32.18
2020-02-04,BRKM5,33.4
2020-02-04,BRML3,19.18
2020-02-04,BTOW3,73.45
2020-02-04,CCRO3,18.1
2020-02-04,CEAB3,16.28
2020-02-04,CIEL3,6.96
2020-02-04,CMIG4,15.37
2020-02-04,COGN3,12.3
2020-02-04,CPFE3,38.35
2020-02-04,CPLE3,80.6
2020-02-04,CPLE6,75.55
2020-02-04,CRFB3,23.08
2020-02-04,CSAN3,81.4
2020-02-04,CSMG3,67.93
2020-02-04,CSNA3,13.25
2020-02-04,CVCB3,37.2
2020-02-04,CYRE3,32.85
2020-02-04,DIRR3,16.92
2020-02-04,ECOR3,17.75
2020-02-04,EGIE3,52.85
2020-02-04,ELET3,38.62
2020-02-04,ELET6,40.63
2020-02-04,EMBR3,18.25
2020-02-04,ENBR3,22.51
2020-02-04,ENEV3,45.35
2020-02-04,ENGI11,57.8
2020-02-04,EQTL3,25.86
2020-02-04,EZTC3,54.45
2020-02-04,FLRY3,32.66
2020-02-04,GGBR4,21.43
2020-02-04,GNDI3,73.5
2020-02-04,GOAU4,10.08
2020-02-04,GOLL4,35.16
2020-02-04,HAPV3,61.35
2020-02-04,HGTX3,25.86
2020-02-04,HYPE3,37.74
2020-02-04,IGTA3,54.67
2020-02-04,IRBR3,41.29
2020-02-04,ITSA4,12.88
2020-02-04,ITUB4,33.16
2020-02-04,JBSS3,27.48
2020-02-04,JHSF3,8.1
2020-02-04,KLBN11,20.96
2020-02-04,LAME4,27.8
2020-02-04,LCAM3,25.2
2020-02-04,LOGG3,32.99
2020-02-04,LREN3,56.9
2020-02-04,MGLU3,57.66
2020-02-04,MRFG3,11.3
2020-02-04,MRVE3,21.15
2020-02-04,MULT3,35.18
2020-02-04,NTCO3,48.52
2020-02-04,PCAR4,86.2
2020-02-04,PETR3,30.75
2020-02-04,PETR4,28.63
2020-02-04,POMO4,5.29
2020-02-04,PRIO3,48.8
2020-02-04,PSSA3,65.36
2020-02-04,QUAL3,43.72
2020-02-04,RADL3,123.12
2020-02-04,RAIL3,23.73
2020-02-04,RENT3,55.0
2020-02-04,SANB11,42.2
2020-02-04,SBSP3,62.94
2020-02-04,SLCE3,23.84
2020-02-04,SMLS3,39.1
2020-02-04,SMTO3,25.63
2020-02-04,STBP3,7.75
2020-02-04,SULA11,62.3
2020-02-04,SUZB3,38.89
2020-02-04,TAEE11,31.14
2020-02-04,TEND3,37.93
2020-02-04,TIMP3,16.91
2020-02-04,TOTS3,78.0
2020-02-04,TRPL4,22.59
2020-02-04,UGPA3,25.13
2020-02-04,USIM5,9.79
2020-02-04,VALE3,52.27
2020-02-04,VIVA3,32.71
2020-02-04,VIVT3,52.76
2020-02-04,VIVT4,61.0
2020-02-04,VVAR3,14.95
2020-02-04,WEGE3,40.52
2020-02-04,YDUQ3,56.6
2020-02-05,ABEV3,17.25
2020-02-05,ALPA4,35.6
2020-02-05,ALSO3,53.41
2020-02-05,ARZZ3,62.74
2020-02-05,AZUL4,61.27
2020-02-05,B3SA3,49.35
2020-02-05,BBAS3,50.4
2020-02-05,BBDC3,32.26
2020-02-05,BBDC4,33.74
2020-02-05,BBSE3,34.63
2020-02-05,BEEF3,12.1
2020-02-05,BIDI11,50.02
2020-02-05,BIDI4,16.9
2020-02-05,BPAC11,78.9
2020-02-05,BPAN4,10.4
2020-02-05,BRAP4,38.86
2020-02-05,BRDT3,29.59
2020-02-05,BRFS3,32.07
2020-02-05,BRKM5,34.31
2020-02-05,BRML3,19.1
2020-02-05,BTOW3,73.5
2020-02-05,CCRO3,18.35
2020-02-05,CEAB3,16.22
2020-02-05,CIEL3,7.04
2020-02-05,CMIG4,15.97
2020-02-05,COGN3,12.18
2020-02-05,CPFE3,39.2
2020-02-05,CPLE3,80.6
2020-02-05,CPLE6,75.45
2020-02-05,CRFB3,22.94
2020-02-05,CSAN3,82.3
2020-02-05,CSMG3,69.4
2020-02-05,CSNA3,13.3
2020-02-05,CVCB3,37.0
2020-02-05,CYRE3,33.0
2020-02-05,DIRR3,17.0
2020-02-05,ECOR3,17.86
2020-02-05,EGIE3,52.8
2020-02-05,ELET3,38.0
2020-02-05,ELET6,40.28
2020-02-05,EMBR3,18.41
2020-02-05,ENBR3,22.45
2020-02-05,ENEV3,44.95
2020-02-05,ENGI11,58.58
2020-02-05,EQTL3,25.87
2020-02-05,EZTC3,53.11
2020-02-05,FLRY3,33.5
2020-02-05,GGBR4,21.4
2020-02-05,GNDI3,72.49
2020-02-05,GOAU4,10.24
2020-02-05,GOLL4,36.19
2020-02-05,HAPV3,58.38
2020-02-05,HGTX3,25.52
2020-02-05,HYPE3,38.29
2020-02-05,IGTA3,54.2
2020-02-05,IRBR3,42.5
2020-02-05,ITSA4,12.95
2020-02-05,ITUB4,33.36
2020-02-05,JBSS3,27.22
2020-02-05,JHSF3,8.11
2020-02-05,KLBN11,20.91
2020-02-05,LAME4,27.45
2020-02-05,LCAM3,25.7
2020-02-05,LOGG3,32.78
2020-02-05,LREN3,57.2
2020-02-05,MGLU3,57.3
2020-02-05,MRFG3,11.63
2020-02-05,MRVE3,21.6
2020-02-05,MULT3,34.77
2020-02-05,NTCO3,48.5
2020-02-05,PCAR4,85.68
2020-02-05,PETR3,30.48
2020-02-05,PETR4,28.39
2020-02-05,POMO4,5.15
2020-02-05,PRIO3,48.0
2020-02-05,PSSA3,65.48
2020-02-05,QUAL3,43.6
2020-02-05,RADL3,121.81
2020-02-05,RAIL3,23.7
2020-02-05,RENT3,55.52
2020-02-05,SANB11,42.44
2020-02-05,SBSP3,64.95
2020-02-05,SLCE3,23.56
2020-02-05,SMLS3,39.58
2020-02-05,SMTO3,25.73
2020-02-05,STBP3,7.6
2020-02-05,SULA11,62.29
2020-02-05,SUZB3,38.4
2020-02-05,TAEE11,31.36
2020-02-05,TEND3,38.15
2020-02-05,TIMP3,16.8
2020-02-05,TOTS3,78.25
2020-02-05,TRPL4,22.37
2020-02-05,UGPA3,25.41
2020-02-05,USIM5,10.27
2020-02-05,VALE3,52.99
2020-02-05,VIVA3,31.59
2020-02-05,VIVT3,52.42
2020-02-05,VIVT4,60.85
2020-02-05,VVAR3,15.14
2020-02-05,WEGE3,41.37
2020-02-05,YDUQ3,55.5
2020-02-06,ABEV3,16.87
2020-02-06,ALPA4,34.91
2020-02-06,ALSO3,52.38
2020-02-06,ARZZ3,61.0
2020-02-06,AZUL4,59.07
2020-02-06,B3SA3,48.69
2020-02-06,BBAS3,49.55
2020-02-06,BBDC3,31.81
2020-02-06,BBDC4,33.35
2020-02-06,BBSE3,34.8
2020-02-06,BEEF3,11.9
2020-02-06,BIDI11,49.35
2020-02-06,BIDI4,17.09
2020-02-06,BPAC11,78.2
2020-02-06,BPAN4,10.2
2020-02-06,BRAP4,38.93
2020-02-06,BRDT3,29.3
2020-02-06,BRFS3,31.85
2020-02-06,BRKM5,31.75
2020-02-06,BRML3,18.34
2020-02-06,BTOW3,71.5
2020-02-06,CCRO3,17.8
2020-02-06,CEAB3,15.85
2020-02-06,CIEL3,7.37
2020-02-06,CMIG4,15.68
2020-02-06,COGN3,11.85
2020-02-06,CPFE3,38.25
2020-02-06,CPLE3,79.91
2020-02-06,CPLE6,74.57
2020-02-06,CRFB3,22.62
2020-02-06,CSAN3,80.96
2020-02-06,CSMG3,67.68
2020-02-06,CSNA3,13.22
2020-02-06,CVCB3,36.52
2020-02-06,CYRE3,33.0
2020-02-06,DIRR3,16.99
2020-02-06,ECOR3,17.43
2020-02-06,EGIE3,51.81
2020-02-06,ELET3,36.29
2020-02-06,ELET6,39.26
2020-02-06,EMBR3,18.65
2020-02-06,ENBR3,22.23
2020-02-06,ENEV3,44.04
2020-02-06,ENGI11,57.9
2020-02-06,EQTL3,25.46
2020-02-06,EZTC3,51.9
2020-02-06,FLRY3,32.1
2020-02-06,GGBR4,21.24
2020-02-06,GNDI3,72.0
2020-02-06,GOAU4,9.88
2020-02-06,GOLL4,35.75
2020-02-06,HAPV3,58.7
2020-02-06,HGTX3,25.3
2020-02-06,HYPE3,38.05
2020-02-06,IGTA3,53.5
2020-02-06,IRBR3,42.65
2020-02-06,ITSA4,12.82
2020-02-06,ITUB4,33.28
2020-02-06,JBSS3,26.79
2020-02-06,JHSF3,7.95
2020-02-06,KLBN11,21.09
2020-02-06,LAME4,26.69
2020-02-06,LCAM3,24.97
2020-02-06,LOGG3,31.25
2020-02-06,LREN3,55.22
2020-02-06,LWSA3,20.6
2020-02-06,MGLU3,55.83
2020-02-06,MRFG3,11.44
2020-02-06,MRVE3,21.1
2020-02-06,MULT3,33.78
2020-02-06,NTCO3,47.04
2020-02-06,PCAR3,94.5
2020-02-06,PCAR4,84.25
2020-02-06,PETR3,31.3
2020-02-06,PETR4,29.18
2020-02-06,POMO4,5.11
2020-02-06,PRIO3,47.89
2020-02-06,PSSA3,65.85
2020-02-06,QUAL3,43.65
2020-02-06,RADL3,121.25
2020-02-06,RAIL3,23.56
2020-02-06,RENT3,53.84
2020-02-06,SANB11,41.49
2020-02-06,SBSP3,63.8
2020-02-06,SLCE3,23.18
2020-02-06,SMLS3,39.12
2020-02-06,SMTO3,26.14
2020-02-06,STBP3,7.35
2020-02-06,SULA11,61.8
2020-02-06,SUZB3,38.9
2020-02-06,TAEE11,30.85
2020-02-06,TEND3,36.55
2020-02-06,TIMP3,16.63
2020-02-06,TOTS3,76.67
2020-02-06,TRPL4,22.2
2020-02-06,UGPA3,25.09
2020-02-06,USIM5,10.04
2020-02-06,VALE3,53.28
2020-02-06,VIVA3,30.5
2020-02-06,VIVT3,52.58
2020-02-06,VIVT4,60.2
2020-02-06,VVAR3,14.85
2020-02-06,WEGE3,42.84
2020-02-06,YDUQ3,53.66
2020-02-07,ABEV3,16.92
2020-02-07,ALPA4,34.53
2020-02-07,ALSO3,52.31
2020-02-07,ARZZ3,60.68
2020-02-07,AZUL4,56.29
2020-02-07,B3SA3,48.3
2020-02-07,BBAS3,49.6
2020-02-07,BBDC3,31.71
2020-02-07,BBDC4,33.73
2020-02-07,BBSE3,35.36
2020-02-07,BEEF3,11.17
2020-02-07,BIDI11,48.31
2020-02-07,BIDI4,16.38
2020-02-07,BPAC11,77.43
2020-02-07,BPAN4,10.13
2020-02-07,BRAP4,37.82
2020-02-07,BRDT3,28.84
2020-02-07,BRFS3,31.54
2020-02-07,BRKM5,31.78
2020-02-07,BRML3,18.04
2020-02-07,BTOW3,67.96
2020-02-07,CCRO3,17.28
2020-02-07,CEAB3,15.55
2020-02-07,CIEL3,7.36
2020-02-07,CMIG4,15.18
2020-02-07,COGN3,11.29
2020-02-07,CPFE3,37.8
2020-02-07,CPLE3,79.45
2020-02-07,CPLE6,73.67
2020-02-07,CRFB3,22.54
2020-02-07,CSAN3,78.9
2020-02-07,CSMG3,66.4
2020-02-07,CSNA3,12.72
2020-02-07,CVCB3,35.0
2020-02-07,CYRE3,32.73
2020-02-07,DIRR3,16.13
2020-02-07,ECOR3,16.82
2020-02-07,EGIE3,50.32
2020-02-07,ELET3,35.67
2020-02-07,ELET6,38.37
2020-02-07,EMBR3,18.39
2020-02-07,ENBR3,21.5
2020-02-07,ENEV3,42.57
2020-02-07,ENGI11,57.01
2020-02-07,EQTL3,25.17
2020-02-07,EZTC3,51.6
2020-02-07,FLRY3,31.2
2020-02-07,GGBR4,20.25
2020-02-07,GNDI3,70.14
2020-02-07,GOAU4,9.47
2020-02-07,GOLL4,34.46
2020-02-07,HAPV3,57.63
2020-02-07,HGTX3,24.68
2020-02-07,HYPE3,38.63
2020-02-07,IGTA3,53.77
2020-02-07,IRBR3,39.53
2020-02-07,ITSA4,12.79
2020-02-07,ITUB4,33.71
2020-02-07,JBSS3,25.67
2020-02-07,JHSF3,7.62
2020-02-07,KLBN11,20.56
2020-02-07,LAME4,26.2
2020-02-07,LCAM3,24.03
2020-02-07,LOGG3,30.8
2020-02-07,LREN3,55.57
2020-02-07,LWSA3,20.3
2020-02-07,MGLU3,54.23
2020-02-07,MRFG3,11.09
2020-02-07,MRVE3,20.03
2020-02-07,MULT3,33.24
2020-02-07,NTCO3,45.57
2020-02-07,PCAR4,81.95
2020-02-07,PETR3,31.46
2020-02-07,PETR4,28.93
2020-02-07,POMO4,4.93
2020-02-07,PRIO3,48.31
2020-02-07,PSSA3,66.5
2020-02-07,QUAL3,42.2
2020-02-07,RADL3,120.5
2020-02-07,RAIL3,23.2
2020-02-07,RENT3,52.93
2020-02-07,SANB11,42.0
2020-02-07,SBSP3,63.37
2020-02-07,SLCE3,21.77
2020-02-07,SMLS3,38.34
2020-02-07,SMTO3,25.89
2020-02-07,STBP3,7.2
2020-02-07,SULA11,60.86
2020-02-07,SUZB3,37.64
2020-02-07,TAEE11,30.47
2020-02-07,TEND3,36.07
2020-02-07,TIMP3,16.66
2020-02-07,TOTS3,75.46
2020-02-07,TRPL4,21.83
2020-02-07,UGPA3,24.34
2020-02-07,USIM5,9.62
2020-02-07,VALE3,52.1
2020-02-07,VIVA3,29.81
2020-02-07,VIVT3,51.9
2020-02-07,VIVT4,59.79
2020-02-07,VVAR3,14.32
2020-02-07,WEGE3,41.1
2020-02-07,YDUQ3,52.8
2020-02-10,ABEV3,16.73
2020-02-10,ALPA4,33.0
2020-02-10,ALSO3,49.88
2020-02-10,ARZZ3,58.48
2020-02-10,AZUL4,56.82
2020-02-10,B3SA3,48.63
2020-02-10,BBAS3,49.11
2020-02-10,BBDC3,31.88
2020-02-10,BBDC4,34.09
2020-02-10,BBSE3,35.82
2020-02-10,BEEF3,10.68
2020-02-10,BIDI11,46.58
2020-02-10,BIDI4,15.51
2020-02-10,BPAC11,73.82
2020-02-10,BPAN4,9.77
2020-02-10,BRAP4,36.91
2020-02-10,BRDT3,28.75
2020-02-10,BRFS3,30.84
2020-02-10,BRKM5,31.39
2020-02-10,BRML3,17.87
2020-02-10,BTOW3,65.77
2020-02-10,CCRO3,17.26
2020-02-10,CEAB3,14.85
2020-02-10,CIEL3,7.24
2020-02-10,CMIG4,14.63
2020-02-10,COGN3,11.09
2020-02-10,CPFE3,36.87
2020-02-10,CPLE3,77.7
2020-02-10,CPLE6,72.22
2020-02-10,CRFB3,22.15
2020-02-10,CSAN3,78.9
2020-02-10,CSMG3,64.34
2020-02-10,CSNA3,12.16
2020-02-10,CVCB3,32.89
2020-02-10,CYRE3,30.79
2020-02-10,DIRR3,15.32
2020-02-10,ECOR3,16.76
2020-02-10,EGIE3,49.93
2020-02-10,ELET3,34.32
2020-02-10,ELET6,37.32
2020-02-10,EMBR3,18.51
2020-02-10,ENBR3,21.26
2020-02-10,ENEV3,41.71
2020-02-10,ENGI11,55.45
2020-02-10,EQTL3,24.98
2020-02-10,EZTC3,49.41
2020-02-10,FLRY3,30.93
2020-02-10,GGBR4,19.93
2020-02-10,GNDI3,68.4
2020-02-10,GOAU4,9.42
2020-02-10,GOLL4,34.16
2020-02-10,HAPV3,55.76
2020-02-10,HGTX3,24.5
2020-02-10,HYPE3,38.05
2020-02-10,IGTA3,52.2
2020-02-10,IRBR3,33.01
2020-02-10,ITSA4,13.05
2020-02-10,ITUB4,34.28
2020-02-10,JBSS3,25.51
2020-02-10,JHSF3,7.2
2020-02-10,KLBN11,20.18
2020-02-10,LAME4,25.99
2020-02-10,LCAM3,23.15
2020-02-10,LOGG3,29.54
2020-02-10,LREN3,54.96
2020-02-10,LWSA3,20.2
2020-02-10,MGLU3,52.38
2020-02-10,MRFG3,10.32
2020-02-10,MRVE3,19.8
2020-02-10,MULT3,32.7
2020-02-10,NTCO3,44.98
2020-02-10,PCAR4,81.29
2020-02-10,PETR3,31.58
2020-02-10,PETR4,29.13
2020-02-10,POMO4,5.03
2020-02-10,PRIO3,43.65
2020-02-10,PSSA3,66.14
2020-02-10,QUAL3,40.4
2020-02-10,RADL3,119.72
2020-02-10,RAIL3,22.7
2020-02-10,RENT3,52.32
2020-02-10,SANB11,42.61
2020-02-10,SBSP3,61.33
2020-02-10,SLCE3,21.45
2020-02-10,SMLS3,38.27
2020-02-10,SMTO3,25.93
2020-02-10,STBP3,6.79
2020-02-10,SULA11,59.5
2020-02-10,SUZB3,37.0
2020-02-10,TAEE11,30.49
2020-02-10,TEND3,35.28
2020-02-10,TIMP3,16.33
2020-02-10,TOTS3,74.53
2020-02-10,TRPL4,21.74
2020-02-10,UGPA3,23.94
2020-02-10,USIM5,9.29
2020-02-10,VALE3,50.19
2020-02-10,VIVA3,28.91
2020-02-10,VIVT3,51.98
2020-02-10,VIVT4,59.09
2020-02-10,VVAR3,13.79
2020-02-10,WEGE3,41.53
2020-02-10,YDUQ3,52.15
2020-02-11,ABEV3,16.8
2020-02-11,ALPA4,34.27
2020-02-11,ALSO3,51.25
2020-02-11,ARZZ3,59.69
2020-02-11,AZUL4,58.34
2020-02-11,B3SA3,48.9
2020-02-11,BBAS3,51.32
2020-02-11,BBDC3,32.75
2020-02-11,BBDC4,34.39
2020-02-11,BBSE3,36.87
2020-02-11,BEEF3,11.39
2020-02-11,BIDI11,47.8
2020-02-11,BIDI4,16.05
2020-02-11,BPAC11,76.37
2020-02-11,BPAN4,10.39
2020-02-11,BRAP4,38.64
2020-02-11,BRDT3,30.1
2020-02-11,BRFS3,30.9
2020-02-11,BRKM5,32.16
2020-02-11,BRML3,18.24
2020-02-11,BTOW3,70.6
2020-02-11,CCRO3,17.96
2020-02-11,CEAB3,15.59
2020-02-11,CIEL3,7.13
2020-02-11,CMIG4,15.06
2020-02-11,COGN3,11.15
2020-02-11,CPFE3,37.68
2020-02-11,CPLE3,79.36
2020-02-11,CPLE6,74.9
2020-02-11,CRFB3,22.05
2020-02-11,CSAN3,83.7
2020-02-11,CSMG3,66.16
2020-02-11,CSNA3,12.72
2020-02-11,CVCB3,34.6
2020-02-11,CYRE3,32.16
2020-02-11,DIRR3,15.59
2020-02-11,ECOR3,17.27
2020-02-11,EGIE3,50.87
2020-02-11,ELET3,34.81
2020-02-11,ELET6,37.61
2020-02-11,EMBR3,18.94
2020-02-11,ENBR3,21.36
2020-02-11,ENEV3,43.25
2020-02-11,ENGI11,57.05
2020-02-11,EQTL3,25.6
2020-02-11,EZTC3,51.55
2020-02-11,FLRY3,31.17
2020-02-11,GGBR4,21.09
2020-02-11,GNDI3,70.23
2020-02-11,GOAU4,9.83
2020-02-11,GOLL4,36.2
2020-02-11,HAPV3,58.01
2020-02-11,HGTX3,24.5
2020-02-11,HYPE3,38.65
2020-02-11,IGTA3,54.76
2020-02-11,IRBR3,34.65
2020-02-11,ITSA4,13.28
2020-02-11,ITUB4,35.07
2020-02-11,JBSS3,25.96
2020-02-11,JHSF3,7.77
2020-02-11,KLBN11,20.78
2020-02-11,LAME4,27.11
2020-02-11,LCAM3,23.71
2020-02-11,LOGG3,30.32
2020-02-11,LREN3,56.49
2020-02-11,LWSA3,20.2
2020-02-11,MGLU3,54.27
2020-02-11,MRFG3,10.91
2020-02-11,MRVE3,20.16
2020-02-11,MULT3,33.66
2020-02-11,NTCO3,47.8
2020-02-11,PCAR4,82.31
2020-02-11,PETR3,32.01
2020-02-11,PETR4,29.48
2020-02-11,POMO4,5.29
2020-02-11,PRIO3,45.49
2020-02-11,PSSA3,67.2
2020-02-11,QUAL3,42.42
2020-02-11,RADL3,121.29
2020-02-11,RAIL3,23.75
2020-02-11,RENT3,54.1
2020-02-11,SANB11,42.75
2020-02-11,SBSP3,63.04
2020-02-11,SLCE3,22.23
2020-02-11,SMLS3,38.82
2020-02-11,SMTO3,26.97
2020-02-11,STBP3,6.89
2020-02-11,SULA11,61.0
2020-02-11,SUZB3,38.49
2020-02-11,TAEE11,30.81
2020-02-11,TEND3,36.39
2020-02-11,TIMP3,16.81
2020-02-11,TOTS3,75.21
2020-02-11,TRPL4,22.16
2020-02-11,UGPA3,25.1
2020-02-11,USIM5,9.92
2020-02-11,VALE3,52.05
2020-02-11,VIVA3,29.9
2020-02-11,VIVT3,52.9
2020-02-11,VIVT4,59.44
2020-02-11,VVAR3,14.62
2020-02-11,WEGE3,43.05
2020-02-11,YDUQ3,53.0
2020-02-12,ABEV3,16.65
2020-02-12,ALPA4,35.15
2020-02-12,ALSO3,52.6
2020-02-12,ARZZ3,61.8
2020-02-12,AZUL4,59.66
2020-02-12,B3SA3,49.88
2020-02-12,BBAS3,51.62
2020-02-12,BBDC3,32.28
2020-02-12,BBDC4,33.93
2020-02-12,BBSE3,37.15
2020-02-12,BEEF3,11.66
2020-02-12,BIDI11,49.42
2020-02-12,BIDI4,16.62
2020-02-12,BPAC11,79.4
2020-02-12,BPAN4,10.45
2020-02-12,BRAP4,38.99
2020-02-12,BRDT3,30.75
2020-02-12,BRFS3,31.25
2020-02-12,BRKM5,31.86
2020-02-12,BRML3,18.56
2020-02-12,BTOW3,70.93
2020-02-12,CCRO3,18.16
2020-02-12,CEAB3,16.0
2020-02-12,CIEL3,7.32
2020-02-12,CMIG4,15.08
2020-02-12,COGN3,11.6
2020-02-12,CPFE3,37.96
2020-02-12,CPLE3,82.1
2020-02-12,CPLE6,77.3
2020-02-12,CRFB3,22.14
2020-02-12,CSAN3,84.2
2020-02-12,CSMG3,66.67
2020-02-12,CSNA3,12.98
2020-02-12,CVCB3,33.74
2020-02-12,CYRE3,32.82
2020-02-12,DIRR3,16.08
2020-02-12,ECOR3,17.6
2020-02-12,EGIE3,50.8
2020-02-12,ELET3,35.42
2020-02-12,ELET6,38.05
2020-02-12,EMBR3,19.13
2020-02-12,ENBR3,21.59
2020-02-12,ENEV3,44.3
2020-02-12,ENGI11,58.75
2020-02-12,EQTL3,26.29
2020-02-12,EZTC3,52.35
2020-02-12,FLRY3,31.79
2020-02-12,GGBR4,21.28
2020-02-12,GNDI3,72.64
2020-02-12,GOAU4,10.01
2020-02-12,GOLL4,36.3
2020-02-12,HAPV3,58.73
2020-02-12,HGTX3,24.92
2020-02-12,HYPE3,39.0
2020-02-12,IGTA3,55.61
2020-02-12,IRBR3,33.7
2020-02-12,ITSA4,13.37
2020-02-12,ITUB4,34.93
2020-02-12,JBSS3,25.81
2020-02-12,JHSF3,7.78
2020-02-12,KLBN11,21.72
2020-02-12,LAME4,27.29
2020-02-12,LCAM3,23.9
2020-02-12,LOGG3,31.76
2020-02-12,LREN3,56.65
2020-02-12,LWSA3,21.92
2020-02-12,MGLU3,55.94
2020-02-12,MRFG3,10.78
2020-02-12,MRVE3,20.45
2020-02-12,MULT3,34.0
2020-02-12,NTCO3,49.28
2020-02-12,PCAR4,86.91
2020-02-12,PETR3,32.55
2020-02-12,PETR4,30.13
2020-02-12,POMO4,5.31
2020-02-12,PRIO3,45.15
2020-02-12,PSSA3,67.8
2020-02-12,QUAL3,43.26
2020-02-12,RADL3,122.16
2020-02-12,RAIL3,24.44
2020-02-12,RENT3,55.48
2020-02-12,SANB11,42.68
2020-02-12,SBSP3,63.94
2020-02-12,SLCE3,22.42
2020-02-12,SMLS3,38.7
2020-02-12,SMTO3,28.0
2020-02-12,STBP3,6.6
2020-02-12,SULA11,62.19
2020-02-12,SUZB3,40.0
2020-02-12,TAEE11,31.52
2020-02-12,TEND3,36.21
2020-02-12,TIMP3,17.49
2020-02-12,TOTS3,78.4
2020-02-12,TRPL4,22.39
2020-02-12,UGPA3,25.08
2020-02-12,USIM5,9.86
2020-02-12,VALE3,53.07
2020-02-12,VIVA3,29.99
2020-02-12,VIVT3,53.0
2020-02-12,VIVT4,60.29
2020-02-12,VVAR3,14.99
2020-02-12,WEGE3,44.56
2020-02-12,YDUQ3,54.13
2020-02-13,ABEV3,16.27
2020-02-13,ALPA4,36.19
2020-02-13,ALSO3,51.96
2020-02-13,ARZZ3,63.63
2020-02-13,AZUL4,59.0
2020-02-13,B3SA3,49.58
2020-02-13,BBAS3,50.82
2020-02-13,BBDC3,31.52
2020-02-13,BBDC4,33.28
2020-02-13,BBSE3,37.24
2020-02-13,BEEF3,11.84
2020-02-13,BIDI11,47.5
2020-02-13,BIDI4,16.03
2020-02-13,BPAC11,81.45
2020-02-13,BPAN4,10.5
2020-02-13,BRAP4,38.18
2020-02-13,BRDT3,31.09
2020-02-13,BRFS3,31.33
2020-02-13,BRKM5,30.83
2020-02-13,BRML3,18.4
2020-02-13,BTOW3,73.33
2020-02-13,CCRO3,18.0
2020-02-13,CEAB3,15.89
2020-02-13,CIEL3,7.2
2020-02-13,CMIG4,14.78
2020-02-13,COGN3,11.8
2020-02-13,CPFE3,37.54
2020-02-13,CPLE3,83.1
2020-02-13,CPLE6,77.9
2020-02-13,CRFB3,22.02
2020-02-13,CSAN3,83.27
2020-02-13,CSMG3,65.75
2020-02-13,CSNA3,12.99
2020-02-13,CVCB3,33.88
2020-02-13,CYRE3,32.77
2020-02-13,DIRR3,15.96
2020-02-13,ECOR3,17.2
2020-02-13,EGIE3,50.35
2020-02-13,ELET3,35.26
2020-02-13,ELET6,37.9
2020-02-13,EMBR3,19.17
2020-02-13,ENBR3,21.62
2020-02-13,ENEV3,44.54
2020-02-13,ENGI11,57.91
2020-02-13,EQTL3,26.36
2020-02-13,EZTC3,51.7
2020-02-13,FLRY3,30.68
2020-02-13,GGBR4,21.18
2020-02-13,GNDI3,72.5
2020-02-13,GOAU4,10.01
2020-02-13,GOLL4,35.4
2020-02-13,HAPV3,58.7
2020-02-13,HGTX3,25.5
2020-02-13,HYPE3,38.5
2020-02-13,IGTA3,54.65
2020-02-13,IRBR3,32.8
2020-02-13,ITSA4,13.17
2020-02-13,ITUB4,34.39
2020-02-13,JBSS3,26.29
2020-02-13,JHSF3,7.87
2020-02-13,KLBN11,21.68
2020-02-13,LAME4,27.59
2020-02-13,LCAM3,23.88
2020-02-13,LOGG3,32.0
2020-02-13,LREN3,57.31
2020-02-13,LWSA3,22.0
2020-02-13,MGLU3,57.05
2020-02-13,MRFG3,11.3
2020-02-13,MRVE3,20.52
2020-02-13,MULT3,33.44
2020-02-13,NTCO3,49.17
2020-02-13,PCAR3,85.3
2020-02-13,PCAR4,85.6
2020-02-13,PETR3,31.93
2020-02-13,PETR4,29.72
2020-02-13,POMO4,5.48
2020-02-13,PRIO3,44.85
2020-02-13,PSSA3,66.37
2020-02-13,QUAL3,42.45
2020-02-13,RADL3,120.0
2020-02-13,RAIL3,23.8
2020-02-13,RENT3,55.02
2020-02-13,SANB11,41.85
2020-02-13,SBSP3,63.81
2020-02-13,SLCE3,21.9
2020-02-13,SMLS3,38.11
2020-02-13,SMTO3,27.71
2020-02-13,STBP3,6.5
2020-02-13,SULA11,61.63
2020-02-13,SUZB3,41.3
2020-02-13,TAEE11,31.18
2020-02-13,TEND3,36.5
2020-02-13,TIMP3,17.39
2020-02-13,TOTS3,78.1
2020-02-13,TRPL4,22.27
2020-02-13,UGPA3,24.52
2020-02-13,USIM5,10.35
2020-02-13,VALE3,52.14
2020-02-13,VIVA3,30.59
2020-02-13,VIVT3,54.16
2020-02-13,VIVT4,59.97
2020-02-13,VVAR3,15.01
2020-02-13,WEGE3,45.57
2020-02-13,YDUQ3,53.37
2020-02-14,ABEV3,16.41
2020-02-14,ALPA4,35.81
2020-02-14,ALSO3,52.02
2020-02-14,ARZZ3,62.5
2020-02-14,AZUL4,59.24
2020-02-14,B3SA3,50.2
2020-02-14,BBAS3,49.85
2020-02-14,BBDC3,30.67
2020-02-14,BBDC4,32.53
2020-02-14,BBSE3,34.48
2020-02-14,BEEF3,11.79
2020-02-14,BIDI11,47.51
2020-02-14,BIDI4,15.99
2020-02-14,BPAC11,78.0
2020-02-14,BPAN4,10.36
2020-02-14,BRAP4,37.53
2020-02-14,BRDT3,30.47
2020-02-14,BRFS3,30.9
2020-02-14,BRKM5,30.93
2020-02-14,BRML3,18.08
2020-02-14,BTOW3,70.6
2020-02-14,CCRO3,17.9
2020-02-14,CEAB3,15.89
2020-02-14,CIEL3,7.29
2020-02-14,CMIG4,14.82
2020-02-14,COGN3,11.71
2020-02-14,CPFE3,37.57
2020-02-14,CPLE3,82.59
2020-02-14,CPLE6,76.04
2020-02-14,CRFB3,21.65
2020-02-14,CSAN3,82.7
2020-02-14,CSMG3,66.77
2020-02-14,CSNA3,12.66
2020-02-14,CVCB3,33.1
2020-02-14,CYRE3,32.5
2020-02-14,DIRR3,15.82
2020-02-14,ECOR3,17.03
2020-02-14,EGIE3,50.2
2020-02-14,ELET3,35.99
2020-02-14,ELET6,38.38
2020-02-14,EMBR3,18.56
2020-02-14,ENBR3,21.52
2020-02-14,ENEV3,44.08
2020-02-14,ENGI11,58.16
2020-02-14,EQTL3,25.95
2020-02-14,EZTC3,51.4
2020-02-14,FLRY3,30.99
2020-02-14,GGBR4,20.5
2020-02-14,GNDI3,72.04
2020-02-14,GOAU4,9.67
2020-02-14,GOLL4,36.0
2020-02-14,HAPV3,58.49
2020-02-14,HGTX3,24.95
2020-02-14,HYPE3,37.33
2020-02-14,IGTA3,54.91
2020-02-14,IRBR3,34.65
2020-02-14,ITSA4,13.0
2020-02-14,ITUB4,33.81
2020-02-14,JBSS3,25.78
2020-02-14,JHSF3,8.11
2020-02-14,KLBN11,21.34
2020-02-14,LAME4,27.12
2020-02-14,LCAM3,23.65
2020-02-14,LOGG3,31.0
2020-02-14,LREN3,56.45
2020-02-14,LWSA3,22.4
2020-02-14,MGLU3,56.33
2020-02-14,MRFG3,11.65
2020-02-14,MRVE3,19.96
2020-02-14,MULT3,33.54
2020-02-14,NTCO3,50.89
2020-02-14,PCAR3,87.01
2020-02-14,PCAR4,85.5
2020-02-14,PETR3,31.62
2020-02-14,PETR4,29.42
2020-02-14,POMO4,5.48
2020-02-14,PRIO3,45.5
2020-02-14,PSSA3,66.05
2020-02-14,QUAL3,41.7
2020-02-14,RADL3,122.18
2020-02-14,RAIL3,23.02
2020-02-14,RENT3,55.0
2020-02-14,SANB11,40.72
2020-02-14,SBSP3,64.44
2020-02-14,SLCE3,21.93
2020-02-14,SMLS3,38.45
2020-02-14,SMTO3,28.8
2020-02-14,STBP3,6.52
2020-02-14,SULA11,61.19
2020-02-14,SUZB3,39.81
2020-02-14,TAEE11,31.04
2020-02-14,TEND3,35.7
2020-02-14,TIMP3,16.89
2020-02-14,TOTS3,77.7
2020-02-14,TRPL4,22.22
2020-02-14,UGPA3,24.15
2020-02-14,USIM5,9.9
2020-02-14,VALE3,51.0
2020-02-14,VIVA3,30.5
2020-02-14,VIVT3,52.86
2020-02-14,VIVT4,58.42
2020-02-14,VVAR3,14.73
2020-02-14,WEGE3,45.57
2020-02-14,YDUQ3,53.5
2020-02-17,ABEV3,16.6
2020-02-17,ALPA4,35.75
2020-02-17,ALSO3,52.17
2020-02-17,ARZZ3,63.82
2020-02-17,AZUL4,58.7
2020-02-17,B3SA3,51.69
2020-02-17,BBAS3,49.1
2020-02-17,BBDC3,30.5
2020-02-17,BBDC4,32.26
2020-02-17,BBSE3,33.73
2020-02-17,BEEF3,12.25
2020-02-17,BIDI11,46.9
2020-02-17,BIDI4,15.89
2020-02-17,BPAC11,77.3
2020-02-17,BPAN4,10.15
2020-02-17,BRAP4,39.0
2020-02-17,BRDT3,30.5
2020-02-17,BRFS3,31.0
2020-02-17,BRKM5,31.2
2020-02-17,BRML3,17.76
2020-02-17,BTOW3,71.65
2020-02-17,CCRO3,17.94
2020-02-17,CEAB3,16.05
2020-02-17,CIEL3,7.24
2020-02-17,CMIG4,15.07
2020-02-17,COGN3,11.71
2020-02-17,CPFE3,38.15
2020-02-17,CPLE3,84.0
2020-02-17,CPLE6,77.6
2020-02-17,CRFB3,22.4
2020-02-17,CSAN3,81.06
2020-02-17,CSMG3,67.4
2020-02-17,CSNA3,13.09
2020-02-17,CVCB3,33.34
2020-02-17,CYRE3,32.82
2020-02-17,DIRR3,16.16
2020-02-17,ECOR3,17.15
2020-02-17,EGIE3,50.6
2020-02-17,ELET3,36.15
2020-02-17,ELET6,38.63
2020-02-17,EMBR3,18.87
2020-02-17,ENBR3,21.54
2020-02-17,ENEV3,45.78
2020-02-17,ENGI11,59.0
2020-02-17,EQTL3,26.37
2020-02-17,EZTC3,51.42
2020-02-17,FLRY3,31.08
2020-02-17,GGBR4,20.7
2020-02-17,GNDI3,72.42
2020-02-17,GOAU4,9.76
2020-02-17,GOLL4,36.39
2020-02-17,HAPV3,59.87
2020-02-17,HGTX3,25.06
2020-02-17,HYPE3,37.48
2020-02-17,IGTA3,55.4
2020-02-17,IRBR3,36.6
2020-02-17,ITSA4,13.0
2020-02-17,ITUB4,33.5
2020-02-17,JBSS3,25.81
2020-02-17,JHSF3,8.07
2020-02-17,KLBN11,20.96
2020-02-17,LAME4,27.43
2020-02-17,LCAM3,23.61
2020-02-17,LOGG3,31.0
2020-02-17,LREN3,57.2
2020-02-17,LWSA3,23.3
2020-02-17,MGLU3,58.85
2020-02-17,MRFG3,12.54
2020-02-17,MRVE3,20.0
2020-02-17,MULT3,33.2
2020-02-17,NTCO3,50.62
2020-02-17,PCAR4,87.0
2020-02-17,PETR3,31.7
2020-02-17,PETR4,29.36
2020-02-17,POMO4,5.45
2020-02-17,PRIO3,45.0
2020-02-17,PSSA3,67.32
2020-02-17,QUAL3,42.6
2020-02-17,RADL3,120.75
2020-02-17,RAIL3,22.72
2020-02-17,RENT3,55.23
2020-02-17,SANB11,40.78
2020-02-17,SBSP3,65.33
2020-02-17,SLCE3,22.4
2020-02-17,SMLS3,38.4
2020-02-17,SMTO3,29.54
2020-02-17,STBP3,6.61
2020-02-17,SULA11,60.15
2020-02-17,SUZB3,40.0
2020-02-17,TAEE11,31.32
2020-02-17,TEND3,36.2
2020-02-17,TIMP3,17.19
2020-02-17,TOTS3,83.72
2020-02-17,TRPL4,22.68
2020-02-17,UGPA3,24.63
2020-02-17,USIM5,9.73
2020-02-17,VALE3,53.41
2020-02-17,VIVA3,31.4
2020-02-17,VIVT3,53.02
2020-02-17,VIVT4,58.2
2020-02-17,VVAR3,15.1
2020-02-17,WEGE3,45.78
2020-02-17,YDUQ3,53.85
2020-02-18,ABEV3,16.18
2020-02-18,ALPA4,36.08
2020-02-18,ALSO3,51.9
2020-02-18,ARZZ3,64.88
2020-02-18,AZUL4,58.02
2020-02-18,B3SA3,51.13
2020-02-18,BBAS3,49.57
2020-02-18,BBDC3,30.27
2020-02-18,BBDC4,32.07
2020-02-18,BBSE3,33.33
2020-02-18,BEEF3,12.5
2020-02-18,BIDI11,46.62
2020-02-18,BIDI4,15.59
2020-02-18,BPAC11,74.95
2020-02-18,BPAN4,10.25
2020-02-18,BRAP4,38.64
2020-02-18,BRDT3,30.27
2020-02-18,BRFS3,30.85
2020-02-18,BRKM5,31.35
2020-02-18,BRML3,17.67
2020-02-18,BTOW3,72.0
2020-02-18,CCRO3,18.12
2020-02-18,CEAB3,16.89
2020-02-18,CIEL3,7.4
2020-02-18,CMIG4,15.06
2020-02-18,COGN3,11.4
2020-02-18,CPFE3,38.0
2020-02-18,CPLE3,84.04
2020-02-18,CPLE6,77.06
2020-02-18,CRFB3,22.04
2020-02-18,CSAN3,79.54
2020-02-18,CSMG3,67.77
2020-02-18,CSNA3,13.32
2020-02-18,CVCB3,32.51
2020-02-18,CYRE3,32.49
2020-02-18,DIRR3,16.12
2020-02-18,ECOR3,17.18
2020-02-18,EGIE3,50.85
2020-02-18,ELET3,38.3
2020-02-18,ELET6,40.65
2020-02-18,EMBR3,18.77
2020-02-18,ENBR3,21.6
2020-02-18,ENEV3,45.43
2020-02-18,ENGI11,58.62
2020-02-18,EQTL3,25.8
2020-02-18,EZTC3,50.85
2020-02-18,FLRY3,30.95
2020-02-18,GGBR4,20.52
2020-02-18,GNDI3,71.71
2020-02-18,GOAU4,9.64
2020-02-18,GOLL4,35.87
2020-02-18,HAPV3,58.98
2020-02-18,HGTX3,25.66
2020-02-18,HYPE3,36.39
2020-02-18,IGTA3,55.26
2020-02-18,IRBR3,36.3
2020-02-18,ITSA4,13.19
2020-02-18,ITUB4,33.64
2020-02-18,JBSS3,25.7
2020-02-18,JHSF3,8.07
2020-02-18,KLBN11,21.0
2020-02-18,LAME4,27.3
2020-02-18,LCAM3,23.9
2020-02-18,LOGG3,30.99
2020-02-18,LREN3,56.85
2020-02-18,LWSA3,23.6
2020-02-18,MGLU3,58.22
2020-02-18,MRFG3,13.46
2020-02-18,MRVE3,20.19
2020-02-18,MULT3,33.82
2020-02-18,NTCO3,49.86
2020-02-18,PCAR3,88.16
2020-02-18,PCAR4,87.2
2020-02-18,PETR3,31.94
2020-02-18,PETR4,29.75
2020-02-18,POMO4,5.38
2020-02-18,PRIO3,46.95
2020-02-18,PSSA3,66.36
2020-02-18,QUAL3,41.28
2020-02-18,RADL3,119.9
2020-02-18,RAIL3,23.19
2020-02-18,RENT3,55.3
2020-02-18,SANB11,40.95
2020-02-18,SBSP3,65.13
2020-02-18,SLCE3,21.88
2020-02-18,SMLS3,37.44
2020-02-18,SMTO3,28.61
2020-02-18,STBP3,6.5
2020-02-18,SULA11,60.94
2020-02-18,SUZB3,40.1
2020-02-18,TAEE11,31.39
2020-02-18,TEND3,36.76
2020-02-18,TIMP3,17.11
2020-02-18,TOTS3,82.6
2020-02-18,TRPL4,22.62
2020-02-18,UGPA3,24.1
2020-02-18,USIM5,9.77
2020-02-18,VALE3,52.8
2020-02-18,VIVA3,31.55
2020-02-18,VIVT3,51.58
2020-02-18,VIVT4,57.78
2020-02-18,VVAR3,14.97
2020-02-18,WEGE3,44.7
2020-02-18,YDUQ3,54.21
2020-02-19,ABEV3,16.13
2020-02-19,ALPA4,35.55
2020-02-19,ALSO3,52.25
2020-02-19,ARZZ3,65.68
2020-02-19,AZUL4,58.08
2020-02-19,B3SA3,53.13
2020-02-19,BBAS3,49.69
2020-02-19,BBDC3,30.45
2020-02-19,BBDC4,32.53
2020-02-19,BBSE3,33.98
2020-02-19,BEEF3,12.55
2020-02-19,BIDI11,46.2
2020-02-19,BIDI4,15.35
2020-02-19,BPAC11,74.95
2020-02-19,BPAN4,10.3
2020-02-19,BRAP4,38.98
2020-02-19,BRDT3,29.92
2020-02-19,BRFS3,31.16
2020-02-19,BRKM5,31.9
2020-02-19,BRML3,17.95
2020-02-19,BTOW3,73.2
2020-02-19,CCRO3,18.76
2020-02-19,CEAB3,17.1
2020-02-19,CIEL3,7.45
2020-02-19,CMIG4,14.98
2020-02-19,COGN3,11.15
2020-02-19,CPFE3,38.45
2020-02-19,CPLE3,85.63
2020-02-19,CPLE6,77.91
2020-02-19,CRFB3,21.8
2020-02-19,CSAN3,81.1
2020-02-19,CSMG3,68.01
2020-02-19,CSNA3,13.53
2020-02-19,CVCB3,32.6
2020-02-19,CYRE3,33.6
2020-02-19,DIRR3,16.5
2020-02-19,ECOR3,17.47
2020-02-19,EGIE3,50.89
2020-02-19,ELET3,39.2
2020-02-19,ELET6,41.14
2020-02-19,EMBR3,19.04
2020-02-19,ENBR3,22.09
2020-02-19,ENEV3,46.0
2020-02-19,ENGI11,58.5
2020-02-19,EQTL3,26.46
2020-02-19,EZTC3,52.21
2020-02-19,FLRY3,31.99
2020-02-19,GGBR4,20.43
2020-02-19,GNDI3,71.99
2020-02-19,GOAU4,10.14
2020-02-19,GOLL4,36.35
2020-02-19,HAPV3,59.54
2020-02-19,HGTX3,24.92
2020-02-19,HYPE3,36.65
2020-02-19,IGTA3,55.66
2020-02-19,IRBR3,36.67
2020-02-19,ITSA4,13.34
2020-02-19,ITUB4,34.12
2020-02-19,JBSS3,26.8
2020-02-19,JHSF3,8.02
2020-02-19,KLBN11,21.0
2020-02-19,LAME4,27.22
2020-02-19,LCAM3,24.2
2020-02-19,LOGG3,30.78
2020-02-19,LREN3,56.51
2020-02-19,LWSA3,24.0
2020-02-19,MGLU3,57.86
2020-02-19,MRFG3,13.75
2020-02-19,MRVE3,20.39
2020-02-19,MULT3,34.07
2020-02-19,NTCO3,50.35
2020-02-19,PCAR4,87.63
2020-02-19,PETR3,32.57
2020-02-19,PETR4,30.55
2020-02-19,POMO4,5.6
2020-02-19,PRIO3,47.05
2020-02-19,PSSA3,65.28
2020-02-19,QUAL3,41.8
2020-02-19,RADL3,120.24
2020-02-19,RAIL3,24.07
2020-02-19,RENT3,55.05
2020-02-19,SANB11,41.25
2020-02-19,SBSP3,66.47
2020-02-19,SLCE3,23.04
2020-02-19,SMLS3,37.61
2020-02-19,SMTO3,29.75
2020-02-19,STBP3,7.05
2020-02-19,SULA11,62.47
2020-02-19,SUZB3,40.17
2020-02-19,TAEE11,31.47
2020-02-19,TEND3,37.7
2020-02-19,TIMP3,16.96
2020-02-19,TOTS3,82.25
2020-02-19,TRPL4,22.8
2020-02-19,UGPA3,23.86
2020-02-19,USIM5,9.72
2020-02-19,VALE3,52.81
2020-02-19,VIVA3,31.3
2020-02-19,VIVT3,51.87
2020-02-19,VIVT4,58.37
2020-02-19,VVAR3,15.9
2020-02-19,WEGE3,48.82
2020-02-19,YDUQ3,55.41
2020-02-20,ABEV3,16.17
2020-02-20,ALPA4,35.4
2020-02-20,ALSO3,51.37
2020-02-20,ARZZ3,65.56
2020-02-20,AZUL4,56.4
2020-02-20,B3SA3,52.31
2020-02-20,BBAS3,49.18
2020-02-20,BBDC3,29.76
2020-02-20,BBDC4,32.06
2020-02-20,BBSE3,33.44
2020-02-20,BEEF3,12.41
2020-02-20,BIDI11,46.99
2020-02-20,BIDI4,15.47
2020-02-20,BPAC11,72.9
2020-02-20,BPAN4,9.93
2020-02-20,BRAP4,38.3
2020-02-20,BRDT3,29.54
2020-02-20,BRFS3,30.68
2020-02-20,BRKM5,31.58
2020-02-20,BRML3,17.66
2020-02-20,BTOW3,70.99
2020-02-20,CCRO3,18.41
2020-02-20,CEAB3,17.3
2020-02-20,CIEL3,7.2
2020-02-20,CMIG4,14.6
2020-02-20,COGN3,11.05
2020-02-20,CPFE3,37.8
2020-02-20,CPLE3,84.0
2020-02-20,CPLE6,75.94
2020-02-20,CRFB3,21.47
2020-02-20,CSAN3,79.87
2020-02-20,CSMG3,67.58
2020-02-20,CSNA3,13.22
2020-02-20,CVCB3,32.07
2020-02-20,CYRE3,33.75
2020-02-20,DIRR3,16.8
2020-02-20,ECOR3,17.52
2020-02-20,EGIE3,49.37
2020-02-20,ELET3,38.2
2020-02-20,ELET6,40.37
2020-02-20,EMBR3,19.68
2020-02-20,ENBR3,21.45
2020-02-20,ENEV3,45.3
2020-02-20,ENGI11,58.15
2020-02-20,EQTL3,25.96
2020-02-20,EZTC3,51.68
2020-02-20,FLRY3,31.45
2020-02-20,GGBR4,19.53
2020-02-20,GNDI3,71.17
2020-02-20,GOAU4,9.39
2020-02-20,GOLL4,34.8
2020-02-20,HAPV3,57.79
2020-02-20,HGTX3,24.11
2020-02-20,HYPE3,36.22
2020-02-20,IGTA3,55.6
2020-02-20,IRBR3,34.39
2020-02-20,ITSA4,13.25
2020-02-20,ITUB4,34.0
2020-02-20,JBSS3,25.79
2020-02-20,JHSF3,7.86
2020-02-20,KLBN11,21.03
2020-02-20,LAME4,26.84
2020-02-20,LCAM3,23.71
2020-02-20,LOGG3,30.48
2020-02-20,LREN3,55.53
2020-02-20,LWSA3,25.5
2020-02-20,MGLU3,56.54
2020-02-20,MRFG3,13.77
2020-02-20,MRVE3,20.46
2020-02-20,MULT3,33.6
2020-02-20,NTCO3,50.0
2020-02-20,PCAR4,81.21
2020-02-20,PETR3,31.75
2020-02-20,PETR4,29.92
2020-02-20,POMO4,5.58
2020-02-20,PRIO3,47.98
2020-02-20,PSSA3,65.37
2020-02-20,QUAL3,39.81
2020-02-20,RADL3,119.09
2020-02-20,RAIL3,24.13
2020-02-20,RENT3,54.72
2020-02-20,SANB11,41.19
2020-02-20,SBSP3,65.1
2020-02-20,SLCE3,22.72
2020-02-20,SMLS3,37.29
2020-02-20,SMTO3,29.6
2020-02-20,STBP3,6.95
2020-02-20,SULA11,60.0
2020-02-20,SUZB3,40.19
2020-02-20,TAEE11,30.77
2020-02-20,TEND3,39.0
2020-02-20,TIMP3,16.91
2020-02-20,TOTS3,82.24
2020-02-20,TRPL4,22.38
2020-02-20,UGPA3,22.11
2020-02-20,USIM5,9.46
2020-02-20,VALE3,52.2
2020-02-20,VIVA3,31.0
2020-02-20,VIVT3,51.16
2020-02-20,VIVT4,57.2
2020-02-20,VVAR3,15.95
2020-02-20,WEGE3,47.49
2020-02-20,YDUQ3,55.0
2020-02-21,ABEV3,16.25
2020-02-21,ALPA4,34.8
2020-02-21,ALSO3,51.15
2020-02-21,ARZZ3,64.21
2020-02-21,AZUL4,55.65
2020-02-21,B3SA3,52.05
2020-02-21,BBAS3,49.22
2020-02-21,BBDC3,29.37
2020-02-21,BBDC4,31.81
2020-02-21,BBSE3,33.0
2020-02-21,BEEF3,12.76
2020-02-21,BIDI11,47.28
2020-02-21,BIDI4,15.46
2020-02-21,BPAC11,72.49
2020-02-21,BPAN4,10.04
2020-02-21,BRAP4,37.72
2020-02-21,BRDT3,28.99
2020-02-21,BRFS3,30.36
2020-02-21,BRKM5,30.6
2020-02-21,BRML3,17.87
2020-02-21,BTOW3,72.76
2020-02-21,CCRO3,18.15
2020-02-21,CEAB3,17.5
2020-02-21,CIEL3,7.05
2020-02-21,CMIG4,14.96
2020-02-21,COGN3,11.05
2020-02-21,CPFE3,37.74
2020-02-21,CPLE3,85.14
2020-02-21,CPLE6,76.87
2020-02-21,CRFB3,21.5
2020-02-21,CSAN3,79.6
2020-02-21,CSMG3,67.21
2020-02-21,CSNA3,13.13
2020-02-21,CVCB3,30.88
2020-02-21,CYRE3,33.85
2020-02-21,DIRR3,17.09
2020-02-21,ECOR3,17.37
2020-02-21,EGIE3,50.14
2020-02-21,ELET3,37.66
2020-02-21,ELET6,39.73
2020-02-21,EMBR3,19.54
2020-02-21,ENBR3,21.66
2020-02-21,ENEV3,45.77
2020-02-21,ENGI11,58.75
2020-02-21,EQTL3,26.35
2020-02-21,EZTC3,51.47
2020-02-21,FLRY3,31.25
2020-02-21,GGBR4,19.1
2020-02-21,GNDI3,69.17
2020-02-21,GOAU4,9.08
2020-02-21,GOLL4,33.82
2020-02-21,HAPV3,56.0
2020-02-21,HGTX3,23.83
2020-02-21,HYPE3,36.2
2020-02-21,IGTA3,55.95
2020-02-21,IRBR3,32.52
2020-02-21,ITSA4,12.81
2020-02-21,ITUB4,32.68
2020-02-21,JBSS3,25.98
2020-02-21,JHSF3,7.94
2020-02-21,KLBN11,21.82
2020-02-21,LAME4,28.9
2020-02-21,LCAM3,23.77
2020-02-21,LOGG3,30.62
2020-02-21,LREN3,56.0
2020-02-21,LWSA3,24.6
2020-02-21,MGLU3,56.45
2020-02-21,MRFG3,13.99
2020-02-21,MRVE3,20.51
2020-02-21,MULT3,33.8
2020-02-21,NTCO3,48.5
2020-02-21,PCAR4,80.21
2020-02-21,PETR3,30.85
2020-02-21,PETR4,29.14
2020-02-21,POMO4,5.56
2020-02-21,PRIO3,47.96
2020-02-21,PSSA3,65.0
2020-02-21,QUAL3,39.19
2020-02-21,RADL3,122.67
2020-02-21,RAIL3,23.89
2020-02-21,RENT3,54.4
2020-02-21,SANB11,40.87
2020-02-21,SBSP3,65.67
2020-02-21,SLCE3,23.09
2020-02-21,SMLS3,37.25
2020-02-21,SMTO3,29.68
2020-02-21,STBP3,6.86
2020-02-21,SULA11,60.0
2020-02-21,SUZB3,41.42
2020-02-21,TAEE11,30.8
2020-02-21,TEND3,39.58
2020-02-21,TIMP3,17.06
2020-02-21,TOTS3,83.03
2020-02-21,TRPL4,22.45
2020-02-21,UGPA3,21.55
2020-02-21,USIM5,9.17
2020-02-21,VALE3,50.13
2020-02-21,VIVA3,31.0
2020-02-21,VIVT3,52.59
2020-02-21,VIVT4,56.85
2020-02-21,VVAR3,16.64
2020-02-21,WEGE3,49.8
2020-02-21,YDUQ3,56.0
2020-02-26,ABEV3,15.82
2020-02-26,ALPA4,32.0
2020-02-26,ALSO3,48.15
2020-02-26,ARZZ3,61.6
2020-02-26,AZUL4,48.25
2020-02-26,B3SA3,47.95
2020-02-26,BBAS3,45.23
2020-02-26,BBDC3,27.22
2020-02-26,BBDC4,30.1
2020-02-26,BBSE3,31.73
2020-02-26,BEEF3,11.8
2020-02-26,BIDI11,44.2
2020-02-26,BIDI4,14.52
2020-02-26,BPAC11,67.36
2020-02-26,BPAN4,9.31
2020-02-26,BRAP4,34.1
2020-02-26,BRDT3,27.25
2020-02-26,BRFS3,28.45
2020-02-26,BRKM5,28.87
2020-02-26,BRML3,16.68
2020-02-26,BTOW3,65.68
2020-02-26,CCRO3,16.63
2020-02-26,CEAB3,16.01
2020-02-26,CIEL3,6.86
2020-02-26,CMIG4,13.86
2020-02-26,COGN3,10.26
2020-02-26,CPFE3,36.33
2020-02-26,CPLE3,80.15
2020-02-26,CPLE6,72.84
2020-02-26,CRFB3,20.45
2020-02-26,CSAN3,75.37
2020-02-26,CSMG3,62.78
2020-02-26,CSNA3,11.7
2020-02-26,CVCB3,27.38
2020-02-26,CYRE3,31.24
2020-02-26,DIRR3,16.26
2020-02-26,ECOR3,16.1
2020-02-26,EGIE3,47.99
2020-02-26,ELET3,34.15
2020-02-26,ELET6,36.99
2020-02-26,EMBR3,17.84
2020-02-26,ENBR3,20.8
2020-02-26,ENEV3,42.8
2020-02-26,ENGI11,56.0
2020-02-26,EQTL3,24.93
2020-02-26,EZTC3,48.51
2020-02-26,FLRY3,30.1
2020-02-26,GGBR4,17.1
2020-02-26,GNDI3,63.0
2020-02-26,GOAU4,8.0
2020-02-26,GOLL4,28.98
2020-02-26,HAPV3,52.52
2020-02-26,HGTX3,22.71
2020-02-26,HYPE3,34.95
2020-02-26,IGTA3,51.82
2020-02-26,IRBR3,32.0
2020-02-26,ITSA4,12.07
2020-02-26,ITUB4,31.05
2020-02-26,JBSS3,23.51
2020-02-26,JHSF3,7.11
2020-02-26,KLBN11,20.0
2020-02-26,LAME4,26.75
2020-02-26,LCAM3,22.03
2020-02-26,LOGG3,28.27
2020-02-26,LREN3,52.65
2020-02-26,LWSA3,21.9
2020-02-26,MGLU3,52.88
2020-02-26,MRFG3,12.66
2020-02-26,MRVE3,19.19
2020-02-26,MULT3,31.26
2020-02-26,NTCO3,46.34
2020-02-26,PCAR4,77.06
2020-02-26,PETR3,27.78
2020-02-26,PETR4,26.21
2020-02-26,POMO4,5.08
2020-02-26,PRIO3,40.9
2020-02-26,PSSA3,61.76
2020-02-26,QUAL3,35.79
2020-02-26,RADL3,119.19
2020-02-26,RAIL3,21.98
2020-02-26,RENT3,50.63
2020-02-26,SANB11,38.53
2020-02-26,SBSP3,61.4
2020-02-26,SLCE3,21.41
2020-02-26,SMLS3,34.19
2020-02-26,SMTO3,28.0
2020-02-26,STBP3,6.05
2020-02-26,SULA11,55.57
2020-02-26,SUZB3,38.6
2020-02-26,TAEE11,29.7
2020-02-26,TEND3,37.45
2020-02-26,TIMP3,16.64
2020-02-26,TOTS3,78.4
2020-02-26,TRPL4,21.76
2020-02-26,UGPA3,19.79
2020-02-26,USIM5,8.22
2020-02-26,VALE3,45.35
2020-02-26,VIVA3,29.15
2020-02-26,VIVT3,50.5
2020-02-26,VIVT4,54.03
2020-02-26,VVAR3,15.0
2020-02-26,WEGE3,46.83
2020-02-26,YDUQ3,53.45
2020-02-27,ABEV3,14.5
2020-02-27,ALPA4,30.76
2020-02-27,ALSO3,46.1
2020-02-27,ARZZ3,59.88
2020-02-27,AZUL4,45.13
2020-02-27,B3SA3,46.04
2020-02-27,BBAS3,45.79
2020-02-27,BBDC3,26.65
2020-02-27,BBDC4,29.97
2020-02-27,BBSE3,31.47
2020-02-27,BEEF3,11.64
2020-02-27,BIDI11,44.0
2020-02-27,BIDI4,14.5
2020-02-27,BPAC11,65.71
2020-02-27,BPAN4,9.03
2020-02-27,BRAP4,32.89
2020-02-27,BRDT3,26.21
2020-02-27,BRFS3,27.53
2020-02-27,BRKM5,27.4
2020-02-27,BRML3,16.33
2020-02-27,BTOW3,62.71
2020-02-27,CCRO3,15.84
2020-02-27,CEAB3,15.79
2020-02-27,CIEL3,6.49
2020-02-27,CMIG4,13.7
2020-02-27,COGN3,9.94
2020-02-27,CPFE3,35.64
2020-02-27,CPLE3,78.73
2020-02-27,CPLE6,71.78
2020-02-27,CRFB3,19.61
2020-02-27,CSAN3,72.18
2020-02-27,CSMG3,61.35
2020-02-27,CSNA3,11.32
2020-02-27,CVCB3,26.21
2020-02-27,CYRE3,29.5
2020-02-27,DIRR3,15.12
2020-02-27,ECOR3,15.54
2020-02-27,EGIE3,46.4
2020-02-27,ELET3,33.5
2020-02-27,ELET6,35.6
2020-02-27,EMBR3,17.18
2020-02-27,ENBR3,20.09
2020-02-27,ENEV3,41.17
2020-02-27,ENGI11,55.0
2020-02-27,EQTL3,24.24
2020-02-27,EZTC3,46.49
2020-02-27,FLRY3,28.57
2020-02-27,GGBR4,17.09
2020-02-27,GNDI3,61.9
2020-02-27,GOAU4,7.87
2020-02-27,GOLL4,26.4
2020-02-27,HAPV3,53.25
2020-02-27,HGTX3,21.9
2020-02-27,HYPE3,34.06
2020-02-27,IGTA3,50.36
2020-02-27,IRBR3,34.13
2020-02-27,ITSA4,11.87
2020-02-27,ITUB4,31.07
2020-02-27,JBSS3,22.59
2020-02-27,JHSF3,6.8
2020-02-27,KLBN11,19.33
2020-02-27,LAME4,26.03
2020-02-27,LCAM3,21.39
2020-02-27,LOGG3,27.87
2020-02-27,LREN3,51.05
2020-02-27,LWSA3,20.82
2020-02-27,MGLU3,50.25
2020-02-27,MRFG3,12.05
2020-02-27,MRVE3,18.17
2020-02-27,MULT3,30.69
2020-02-27,NTCO3,45.53
2020-02-27,PCAR3,82.0
2020-02-27,PCAR4,72.04
2020-02-27,PETR3,26.83
2020-02-27,PETR4,25.3
2020-02-27,POMO4,4.95
2020-02-27,PRIO3,39.8
2020-02-27,PSSA3,60.8
2020-02-27,QUAL3,34.9
2020-02-27,RADL3,113.26
2020-02-27,RAIL3,21.36
2020-02-27,RENT3,49.35
2020-02-27,SANB11,38.32
2020-02-27,SBSP3,59.51
2020-02-27,SLCE3,20.57
2020-02-27,SMLS3,33.25
2020-02-27,SMTO3,26.37
2020-02-27,STBP3,5.92
2020-02-27,SULA11,53.59
2020-02-27,SUZB3,38.13
2020-02-27,TAEE11,29.44
2020-02-27,TEND3,35.27
2020-02-27,TIMP3,16.17
2020-02-27,TOTS3,73.64
2020-02-27,TRPL4,21.71
2020-02-27,UGPA3,19.15
2020-02-27,USIM5,8.19
2020-02-27,VALE3,44.47
2020-02-27,VIVA3,28.8
2020-02-27,VIVT3,48.06
2020-02-27,VIVT4,53.49
2020-02-27,VVAR3,14.08
2020-02-27,WEGE3,43.97
2020-02-27,YDUQ3,51.3
2020-02-28,ABEV3,14.54
2020-02-28,ALPA4,31.54
2020-02-28,ALSO3,45.67
2020-02-28,ARZZ3,60.1
2020-02-28,AZUL4,44.44
2020-02-28,B3SA3,48.0
2020-02-28,BBAS3,46.86
2020-02-28,BBDC3,27.29
2020-02-28,BBDC4,30.53
2020-02-28,BBSE3,31.85
2020-02-28,BEEF3,11.62
2020-02-28,BIDI11,46.4
2020-02-28,BIDI4,15.31
2020-02-28,BPAC11,67.56
2020-02-28,BPAN4,9.0
2020-02-28,BRAP4,33.39
2020-02-28,BRDT3,26.1
2020-02-28,BRFS3,27.04
2020-02-28,BRKM5,26.89
2020-02-28,BRML3,16.34
2020-02-28,BTOW3,62.15
2020-02-28,CCRO3,16.33
2020-02-28,CEAB3,15.25
2020-02-28,CIEL3,6.85
2020-02-28,CMIG4,13.96
2020-02-28,COGN3,10.09
2020-02-28,CPFE3,35.53
2020-02-28,CPLE3,78.43
2020-02-28,CPLE6,71.71
2020-02-28,CRFB3,20.69
2020-02-28,CSAN3,73.17
2020-02-28,CSMG3,60.31
2020-02-28,CSNA3,11.18
2020-02-28,CVCB3,25.73
2020-02-28,CYRE3,29.83
2020-02-28,DIRR3,15.01
2020-02-28,ECOR3,15.78
2020-02-28,EGIE3,47.53
2020-02-28,ELET3,34.53
2020-02-28,ELET6,35.85
2020-02-28,EMBR3,16.96
2020-02-28,ENBR3,20.43
2020-02-28,ENEV3,42.75
2020-02-28,ENGI11,54.0
2020-02-28,EQTL3,24.66
2020-02-28,EZTC3,46.5
2020-02-28,FLRY3,29.76
2020-02-28,GGBR4,16.93
2020-02-28,GNDI3,63.23
2020-02-28,GOAU4,7.95
2020-02-28,GOLL4,25.6
2020-02-28,HAPV3,55.2
2020-02-28,HGTX3,22.54
2020-02-28,HYPE3,34.3
2020-02-28,IGTA3,49.83
2020-02-28,IRBR3,33.25
2020-02-28,ITSA4,12.01
2020-02-28,ITUB4,32.0
2020-02-28,JBSS3,22.7
2020-02-28,JHSF3,7.01
2020-02-28,KLBN11,19.25
2020-02-28,LAME4,26.6
2020-02-28,LCAM3,21.16
2020-02-28,LOGG3,27.58
2020-02-28,LREN3,53.3
2020-02-28,LWSA3,21.3
2020-02-28,MGLU3,50.52
2020-02-28,MRFG3,12.07
2020-02-28,MRVE3,19.49
2020-02-28,MULT3,30.52
2020-02-28,NTCO3,45.51
2020-02-28,PCAR3,82.0
2020-02-28,PCAR4,72.11
2020-02-28,PETR3,27.15
2020-02-28,PETR4,25.34
2020-02-28,POMO4,4.9
2020-02-28,PRIO3,39.4
2020-02-28,PSSA3,60.98
2020-02-28,QUAL3,34.25
2020-02-28,RADL3,119.9
2020-02-28,RAIL3,21.12
2020-02-28,RENT3,49.54
2020-02-28,SANB11,39.86
2020-02-28,SBSP3,58.75
2020-02-28,SLCE3,20.17
2020-02-28,SMLS3,32.78
2020-02-28,SMTO3,26.49
2020-02-28,STBP3,5.93
2020-02-28,SULA11,54.06
2020-02-28,SUZB3,38.14
2020-02-28,TAEE11,29.99
2020-02-28,TEND3,35.07
2020-02-28,TIMP3,16.13
2020-02-28,TOTS3,71.01
2020-02-28,TRPL4,22.04
2020-02-28,UGPA3,19.08
2020-02-28,USIM5,8.17
2020-02-28,VALE3,44.31
2020-02-28,VIVA3,28.09
2020-02-28,VIVT3,48.6
2020-02-28,VIVT4,53.38
2020-02-28,VVAR3,13.81
2020-02-28,WEGE3,43.15
2020-02-28,YDUQ3,51.89
2020-03-02,ABEV3,14.72
2020-03-02,ALPA4,32.5
2020-03-02,ALSO3,47.1
2020-03-02,ARZZ3,59.85
2020-03-02,AZUL4,45.19
2020-03-02,B3SA3,50.0
2020-03-02,BBAS3,47.15
2020-03-02,BBDC3,27.61
2020-03-02,BBDC4,30.94
2020-03-02,BBSE3,31.6
2020-03-02,BEEF3,12.08
2020-03-02,BIDI11,46.9
2020-03-02,BIDI4,15.41
2020-03-02,BPAC11,68.3
2020-03-02,BPAN4,9.11
2020-03-02,BRAP4,34.59
2020-03-02,BRDT3,26.51
2020-03-02,BRFS3,28.2
2020-03-02,BRKM5,27.5
2020-03-02,BRML3,16.75
2020-03-02,BTOW3,63.35
2020-03-02,CCRO3,16.64
2020-03-02,CEAB3,15.7
2020-03-02,CIEL3,7.08
2020-03-02,CMIG4,14.39
2020-03-02,COGN3,10.25
2020-03-02,CPFE3,37.08
2020-03-02,CPLE3,81.0
2020-03-02,CPLE6,73.21
2020-03-02,CRFB3,21.5
2020-03-02,CSAN3,75.55
2020-03-02,CSMG3,61.1
2020-03-02,CSNA3,12.35
2020-03-02,CVCB3,23.0
2020-03-02,CYRE3,30.63
2020-03-02,DIRR3,15.75
2020-03-02,ECOR3,16.28
2020-03-02,EGIE3,48.5
2020-03-02,ELET3,35.43
2020-03-02,ELET6,35.91
2020-03-02,EMBR3,17.15
2020-03-02,ENBR3,20.84
2020-03-02,ENEV3,46.36
2020-03-02,ENGI11,55.96
2020-03-02,EQTL3,25.89
2020-03-02,EZTC3,48.1
2020-03-02,FLRY3,30.9
2020-03-02,GGBR4,17.31
2020-03-02,GNDI3,64.04
2020-03-02,GOAU4,8.22
2020-03-02,GOLL4,26.11
2020-03-02,HAPV3,54.56
2020-03-02,HGTX3,22.99
2020-03-02,HYPE3,40.0
2020-03-02,IGTA3,51.63
2020-03-02,IRBR3,30.35
2020-03-02,ITSA4,12.31
2020-03-02,ITUB4,31.88
2020-03-02,JBSS3,23.42
2020-03-02,JHSF3,6.9
2020-03-02,KLBN11,20.33
2020-03-02,LAME4,26.65
2020-03-02,LCAM3,21.38
2020-03-02,LOGG3,27.52
2020-03-02,LREN3,53.0
2020-03-02,LWSA3,24.0
2020-03-02,MGLU3,52.55
2020-03-02,MRFG3,12.9
2020-03-02,MRVE3,19.32
2020-03-02,MULT3,31.68
2020-03-02,NTCO3,44.81
2020-03-02,PCAR3,73.73
2020-03-02,PETR3,28.1
2020-03-02,PETR4,26.53
2020-03-02,POMO4,5.37
2020-03-02,PRIO3,42.3
2020-03-02,PSSA3,61.59
2020-03-02,QUAL3,35.06
2020-03-02,RADL3,124.57
2020-03-02,RAIL3,21.71
2020-03-02,RENT3,49.85
2020-03-02,SANB11,39.71
2020-03-02,SBSP3,60.14
2020-03-02,SLCE3,21.16
2020-03-02,SMLS3,33.15
2020-03-02,SMTO3,27.81
2020-03-02,STBP3,6.35
2020-03-02,SULA11,53.09
2020-03-02,SUZB3,39.65
2020-03-02,TAEE11,30.27
2020-03-02,TEND3,37.07
2020-03-02,TIMP3,16.6
2020-03-02,TOTS3,74.18
2020-03-02,TRPL4,22.38
2020-03-02,UGPA3,19.72
2020-03-02,USIM5,8.47
2020-03-02,VALE3,46.36
2020-03-02,VIVA3,27.76
2020-03-02,VIVT3,51.4
2020-03-02,VIVT4,55.13
2020-03-02,VVAR3,14.34
2020-03-02,WEGE3,46.99
2020-03-02,YDUQ3,50.12
2020-03-03,ABEV3,14.74
2020-03-03,ALPA4,33.11
2020-03-03,ALSO3,46.79
2020-03-03,ARZZ3,58.56
2020-03-03,AZUL4,44.0
2020-03-03,B3SA3,49.61
2020-03-03,BBAS3,45.77
2020-03-03,BBDC3,27.15
2020-03-03,BBDC4,30.12
2020-03-03,BBSE3,30.63
2020-03-03,BEEF3,11.97
2020-03-03,BIDI11,45.55
2020-03-03,BIDI4,15.08
2020-03-03,BPAC11,64.2
2020-03-03,BPAN4,8.77
2020-03-03,BRAP4,34.1
2020-03-03,BRDT3,26.26
2020-03-03,BRFS3,26.15
2020-03-03,BRKM5,28.08
2020-03-03,BRML3,16.54
2020-03-03,BTOW3,66.51
2020-03-03,CCRO3,16.44
2020-03-03,CEAB3,15.65
2020-03-03,CIEL3,7.2
2020-03-03,CMIG4,14.42
2020-03-03,COGN3,10.49
2020-03-03,CPFE3,37.07
2020-03-03,CPLE3,80.34
2020-03-03,CPLE6,72.98
2020-03-03,CRFB3,21.9
2020-03-03,CSAN3,75.97
2020-03-03,CSMG3,59.7
2020-03-03,CSNA3,12.17
2020-03-03,CVCB3,22.51
2020-03-03,CYRE3,30.57
2020-03-03,DIRR3,15.88
2020-03-03,ECOR3,15.99
2020-03-03,EGIE3,48.53
2020-03-03,ELET3,35.03
2020-03-03,ELET6,35.72
2020-03-03,EMBR3,16.91
2020-03-03,ENBR3,20.41
2020-03-03,ENEV3,45.97
2020-03-03,ENGI11,57.3
2020-03-03,EQTL3,25.76
2020-03-03,EZTC3,48.12
2020-03-03,FLRY3,30.62
2020-03-03,GGBR4,17.46
2020-03-03,GNDI3,64.0
2020-03-03,GOAU4,8.17
2020-03-03,GOLL4,25.12
2020-03-03,HAPV3,55.42
2020-03-03,HGTX3,22.74
2020-03-03,HYPE3,41.05
2020-03-03,IGTA3,50.63
2020-03-03,IRBR3,28.0
2020-03-03,ITSA4,12.13
2020-03-03,ITUB4,31.3
2020-03-03,JBSS3,22.68
2020-03-03,JHSF3,6.85
2020-03-03,KLBN11,20.8
2020-03-03,LAME4,27.09
2020-03-03,LCAM3,20.65
2020-03-03,LOGG3,29.33
2020-03-03,LREN3,53.33
2020-03-03,LWSA3,24.49
2020-03-03,MGLU3,52.85
2020-03-03,MRFG3,12.3
2020-03-03,MRVE3,18.67
2020-03-03,MULT3,31.22
2020-03-03,NTCO3,44.5
2020-03-03,PCAR3,74.63
2020-03-03,PETR3,27.5
2020-03-03,PETR4,26.05
2020-03-03,POMO4,5.33
2020-03-03,PRIO3,41.78
2020-03-03,PSSA3,61.99
2020-03-03,QUAL3,36.69
2020-03-03,RADL3,124.89
2020-03-03,RAIL3,21.03
2020-03-03,RENT3,49.66
2020-03-03,SANB11,38.71
2020-03-03,SBSP3,60.0
2020-03-03,SLCE3,20.92
2020-03-03,SMLS3,32.51
2020-03-03,SMTO3,27.02
2020-03-03,STBP3,6.41
2020-03-03,SULA11,52.4
2020-03-03,SUZB3,39.94
2020-03-03,TAEE11,30.0
2020-03-03,TEND3,36.47
2020-03-03,TIMP3,16.47
2020-03-03,TOTS3,73.29
2020-03-03,TRPL4,22.19
2020-03-03,UGPA3,19.98
2020-03-03,USIM5,8.29
2020-03-03,VALE3,46.35
2020-03-03,VIVA3,27.45
2020-03-03,VIVT3,51.9
2020-03-03,VIVT4,55.79
2020-03-03,VVAR3,14.37
2020-03-03,WEGE3,47.92
2020-03-03,YDUQ3,51.08
2020-03-04,ABEV3,15.31
2020-03-04,ALPA4,33.47
2020-03-04,ALSO3,47.5
2020-03-04,ARZZ3,58.0
2020-03-04,AZUL4,44.75
2020-03-04,B3SA3,49.79
2020-03-04,BBAS3,45.82
2020-03-04,BBDC3,27.36
2020-03-04,BBDC4,30.45
2020-03-04,BBSE3,31.04
2020-03-04,BEEF3,12.2
2020-03-04,BIDI11,44.67
2020-03-04,BIDI4,14.97
2020-03-04,BPAC11,65.83
2020-03-04,BPAN4,8.8
2020-03-04,BRAP4,35.05
2020-03-04,BRDT3,26.5
2020-03-04,BRFS3,26.66
2020-03-04,BRKM5,28.98
2020-03-04,BRML3,16.98
2020-03-04,BTOW3,68.58
2020-03-04,CCRO3,16.55
2020-03-04,CEAB3,15.99
2020-03-04,CIEL3,7.37
2020-03-04,CMIG4,15.08
2020-03-04,COGN3,10.43
2020-03-04,CPFE3,39.1
2020-03-04,CPLE3,83.54
2020-03-04,CPLE6,76.65
2020-03-04,CRFB3,22.3
2020-03-04,CSAN3,77.06
2020-03-04,CSMG3,62.36
2020-03-04,CSNA3,12.32
2020-03-04,CVCB3,22.18
2020-03-04,CYRE3,32.18
2020-03-04,DIRR3,16.22
2020-03-04,ECOR3,16.2
2020-03-04,EGIE3,50.8
2020-03-04,ELET3,36.18
2020-03-04,ELET6,36.45
2020-03-04,EMBR3,17.24
2020-03-04,ENBR3,21.48
2020-03-04,ENEV3,48.31
2020-03-04,ENGI11,60.0
2020-03-04,EQTL3,26.9
2020-03-04,EZTC3,50.2
2020-03-04,FLRY3,31.01
2020-03-04,GGBR4,18.33
2020-03-04,GNDI3,63.0
2020-03-04,GOAU4,8.65
2020-03-04,GOLL4,24.81
2020-03-04,HAPV3,53.53
2020-03-04,HGTX3,23.1
2020-03-04,HYPE3,41.78
2020-03-04,IGTA3,52.59
2020-03-04,IRBR3,19.05
2020-03-04,ITSA4,12.2
2020-03-04,ITUB4,31.6
2020-03-04,JBSS3,23.7
2020-03-04,JHSF3,6.8
2020-03-04,KLBN11,22.06
2020-03-04,LAME4,27.7
2020-03-04,LCAM3,21.6
2020-03-04,LOGG3,29.73
2020-03-04,LREN3,54.55
2020-03-04,LWSA3,24.19
2020-03-04,MGLU3,52.45
2020-03-04,MRFG3,12.73
2020-03-04,MRVE3,19.04
2020-03-04,MULT3,32.24
2020-03-04,NTCO3,44.17
2020-03-04,PCAR3,74.5
2020-03-04,PETR3,28.22
2020-03-04,PETR4,26.89
2020-03-04,POMO4,5.35
2020-03-04,PRIO3,41.33
2020-03-04,PSSA3,59.67
2020-03-04,QUAL3,36.0
2020-03-04,RADL3,124.9
2020-03-04,RAIL3,21.29
2020-03-04,RENT3,50.8
2020-03-04,SANB11,38.54
2020-03-04,SBSP3,62.82
2020-03-04,SLCE3,22.01
2020-03-04,SMLS3,33.0
2020-03-04,SMTO3,28.5
2020-03-04,STBP3,6.25
2020-03-04,SULA11,52.41
2020-03-04,SUZB3,43.54
2020-03-04,TAEE11,30.99
2020-03-04,TEND3,38.3
2020-03-04,TIMP3,17.2
2020-03-04,TOTS3,74.0
2020-03-04,TRPL4,23.5
2020-03-04,UGPA3,19.95
2020-03-04,USIM5,8.87
2020-03-04,VALE3,48.57
2020-03-04,VIVA3,29.2
2020-03-04,VIVT3,53.67
2020-03-04,VIVT4,57.7
2020-03-04,VVAR3,14.98
2020-03-04,WEGE3,48.46
2020-03-04,YDUQ3,50.02
2020-03-05,ABEV3,15.23
2020-03-05,ALPA4,31.11
2020-03-05,ALSO3,43.5
2020-03-05,ARZZ3,56.8
2020-03-05,AZUL4,38.25
2020-03-05,B3SA3,47.11
2020-03-05,BBAS3,43.11
2020-03-05,BBDC3,26.55
2020-03-05,BBDC4,29.45
2020-03-05,BBSE3,30.44
2020-03-05,BEEF3,11.3
2020-03-05,BIDI11,41.0
2020-03-05,BIDI4,13.71
2020-03-05,BPAC11,60.0
2020-03-05,BPAN4,8.18
2020-03-05,BRAP4,33.45
2020-03-05,BRDT3,25.11
2020-03-05,BRFS3,25.6
2020-03-05,BRKM5,26.74
2020-03-05,BRML3,15.84
2020-03-05,BTOW3,62.35
2020-03-05,CCRO3,15.35
2020-03-05,CEAB3,14.5
2020-03-05,CIEL3,6.88
2020-03-05,CMIG4,14.36
2020-03-05,COGN3,9.98
2020-03-05,CPFE3,37.8
2020-03-05,CPLE3,79.81
2020-03-05,CPLE6,73.16
2020-03-05,CRFB3,21.28
2020-03-05,CSAN3,71.99
2020-03-05,CSMG3,59.01
2020-03-05,CSNA3,11.95
2020-03-05,CVCB3,20.0
2020-03-05,CYRE3,29.42
2020-03-05,DIRR3,15.31
2020-03-05,ECOR3,15.1
2020-03-05,EGIE3,48.8
2020-03-05,ELET3,35.09
2020-03-05,ELET6,36.05
2020-03-05,EMBR3,16.55
2020-03-05,ENBR3,20.81
2020-03-05,ENEV3,46.64
2020-03-05,ENGI11,56.79
2020-03-05,EQTL3,25.78
2020-03-05,EZTC3,45.25
2020-03-05,FLRY3,29.99
2020-03-05,GGBR4,17.43
2020-03-05,GNDI3,60.0
2020-03-05,GOAU4,8.15
2020-03-05,GOLL4,20.65
2020-03-05,HAPV3,51.3
2020-03-05,HGTX3,21.75
2020-03-05,HYPE3,40.7
2020-03-05,IGTA3,49.5
2020-03-05,IRBR3,15.97
2020-03-05,ITSA4,11.83
2020-03-05,ITUB4,30.52
2020-03-05,JBSS3,22.2
2020-03-05,JHSF3,6.47
2020-03-05,KLBN11,21.59
2020-03-05,LAME4,25.94
2020-03-05,LCAM3,20.25
2020-03-05,LOGG3,28.07
2020-03-05,LREN3,51.8
2020-03-05,LWSA3,22.0
2020-03-05,MGLU3,47.79
2020-03-05,MRFG3,11.83
2020-03-05,MRVE3,17.27
2020-03-05,MULT3,30.22
2020-03-05,NTCO3,41.25
2020-03-05,PCAR3,71.09
2020-03-05,PETR3,26.81
2020-03-05,PETR4,25.29
2020-03-05,POMO4,4.89
2020-03-05,PRIO3,39.55
2020-03-05,PSSA3,55.73
2020-03-05,QUAL3,33.16
2020-03-05,RADL3,124.21
2020-03-05,RAIL3,20.9
2020-03-05,RENT3,48.25
2020-03-05,SANB11,37.36
2020-03-05,SBSP3,60.16
2020-03-05,SLCE3,21.96
2020-03-05,SMLS3,30.4
2020-03-05,SMTO3,28.05
2020-03-05,STBP3,5.85
2020-03-05,SULA11,50.29
2020-03-05,SUZB3,42.62
2020-03-05,TAEE11,29.91
2020-03-05,TEND3,34.75
2020-03-05,TIMP3,16.72
2020-03-05,TOTS3,69.5
2020-03-05,TRPL4,22.65
2020-03-05,UGPA3,18.1
2020-03-05,USIM5,8.4
2020-03-05,VALE3,46.85
2020-03-05,VIVA3,26.45
2020-03-05,VIVT3,52.19
2020-03-05,VIVT4,57.0
2020-03-05,VVAR3,13.96
2020-03-05,WEGE3,46.7
2020-03-05,YDUQ3,46.6
2020-03-06,ABEV3,15.32
2020-03-06,ALPA4,30.92
2020-03-06,ALSO3,41.59
2020-03-06,ARZZ3,56.5
2020-03-06,AZUL4,38.68
2020-03-06,B3SA3,46.48
2020-03-06,BBAS3,42.3
2020-03-06,BBDC3,25.71
2020-03-06,BBDC4,28.61
2020-03-06,BBSE3,30.48
2020-03-06,BEEF3,10.4
2020-03-06,BIDI11,37.8
2020-03-06,BIDI4,12.55
2020-03-06,BPAC11,57.62
2020-03-06,BPAN4,8.36
2020-03-06,BRAP4,32.46
2020-03-06,BRDT3,24.63
2020-03-06,BRFS3,23.11
2020-03-06,BRKM5,25.07
2020-03-06,BRML3,15.01
2020-03-06,BTOW3,56.26
2020-03-06,CCRO3,14.41
2020-03-06,CEAB3,13.36
2020-03-06,CIEL3,6.56
2020-03-06,CMIG4,13.69
2020-03-06,COGN3,9.0
2020-03-06,CPFE3,37.0
2020-03-06,CPLE3,75.85
2020-03-06,CPLE6,68.95
2020-03-06,CRFB3,21.32
2020-03-06,CSAN3,69.36
2020-03-06,CSMG3,56.0
2020-03-06,CSNA3,11.11
2020-03-06,CVCB3,22.88
2020-03-06,CYRE3,27.75
2020-03-06,DIRR3,14.65
2020-03-06,ECOR3,14.36
2020-03-06,EGIE3,48.0
2020-03-06,ELET3,32.35
2020-03-06,ELET6,34.4
2020-03-06,EMBR3,15.92
2020-03-06,ENBR3,20.17
2020-03-06,ENEV3,44.3
2020-03-06,ENGI11,55.24
2020-03-06,EQTL3,24.9
2020-03-06,EZTC3,44.1
2020-03-06,FLRY3,29.56
2020-03-06,GGBR4,16.15
2020-03-06,GNDI3,59.0
2020-03-06,GOAU4,7.6
2020-03-06,GOLL4,21.05
2020-03-06,HAPV3,50.01
2020-03-06,HGTX3,20.95
2020-03-06,HYPE3,39.62
2020-03-06,IGTA3,47.93
2020-03-06,IRBR3,16.37
2020-03-06,ITSA4,11.56
2020-03-06,ITUB4,29.87
2020-03-06,JBSS3,21.01
2020-03-06,JHSF3,5.97
2020-03-06,KLBN11,20.98
2020-03-06,LAME4,23.85
2020-03-06,LCAM3,19.15
2020-03-06,LOGG3,26.73
2020-03-06,LREN3,50.78
2020-03-06,LWSA3,19.9
2020-03-06,MGLU3,45.33
2020-03-06,MRFG3,11.26
2020-03-06,MRVE3,17.3
2020-03-06,MULT3,29.46
2020-03-06,NTCO3,39.8
2020-03-06,PCAR3,69.31
2020-03-06,PETR3,24.06
2020-03-06,PETR4,22.83
2020-03-06,POMO4,4.78
2020-03-06,PRIO3,35.44
2020-03-06,PSSA3,55.29
2020-03-06,QUAL3,32.73
2020-03-06,RADL3,123.15
2020-03-06,RAIL3,19.3
2020-03-06,RENT3,45.05
2020-03-06,SANB11,36.51
2020-03-06,SBSP3,57.37
2020-03-06,SLCE3,21.25
2020-03-06,SMLS3,31.43
2020-03-06,SMTO3,27.35
2020-03-06,STBP3,5.76
2020-03-06,SULA11,49.0
2020-03-06,SUZB3,40.03
2020-03-06,TAEE11,29.74
2020-03-06,TEND3,34.19
2020-03-06,TIMP3,16.31
2020-03-06,TOTS3,64.94
2020-03-06,TRPL4,22.45
2020-03-06,UGPA3,17.2
2020-03-06,USIM5,7.87
2020-03-06,VALE3,44.61
2020-03-06,VIVA3,24.95
2020-03-06,VIVT3,51.14
2020-03-06,VIVT4,56.44
2020-03-06,VVAR3,11.56
2020-03-06,WEGE3,44.02
2020-03-06,YDUQ3,44.6
2020-03-09,ABEV3,14.67
2020-03-09,ALPA4,25.56
2020-03-09,ALSO3,37.5
2020-03-09,ARZZ3,51.57
2020-03-09,AZUL4,32.1
2020-03-09,B3SA3,40.9
2020-03-09,BBAS3,37.63
2020-03-09,BBDC3,23.19
2020-03-09,BBDC4,26.55
2020-03-09,BBSE3,28.39
2020-03-09,BEEF3,8.54
2020-03-09,BIDI11,29.4
2020-03-09,BIDI4,9.7
2020-03-09,BPAC11,47.21
2020-03-09,BPAN4,6.74
2020-03-09,BRAP4,27.5
2020-03-09,BRDT3,22.2
2020-03-09,BRFS3,20.0
2020-03-09,BRKM5,21.88
2020-03-09,BRML3,13.85
2020-03-09,BTOW3,49.25
2020-03-09,CCRO3,12.7
2020-03-09,CEAB3,11.85
2020-03-09,CIEL3,6.02
2020-03-09,CMIG4,12.3
2020-03-09,COGN3,7.54
2020-03-09,CPFE3,34.0
2020-03-09,CPLE3,69.7
2020-03-09,CPLE6,62.58
2020-03-09,CRFB3,20.24
2020-03-09,CSAN3,63.0
2020-03-09,CSMG3,52.52
2020-03-09,CSNA3,8.3
2020-03-09,CVCB3,19.5
2020-03-09,CYRE3,23.12
2020-03-09,DIRR3,13.14
2020-03-09,ECOR3,12.02
2020-03-09,EGIE3,44.77
2020-03-09,ELET3,27.55
2020-03-09,ELET6,29.83
2020-03-09,EMBR3,14.96
2020-03-09,ENBR3,19.07
2020-03-09,ENEV3,40.74
2020-03-09,ENGI11,50.84
2020-03-09,EQTL3,22.25
2020-03-09,EZTC3,38.8
2020-03-09,FLRY3,27.01
2020-03-09,GGBR4,13.25
2020-03-09,GNDI3,51.0
2020-03-09,GOAU4,6.25
2020-03-09,GOLL4,17.38
2020-03-09,HAPV3,45.12
2020-03-09,HGTX3,18.9
2020-03-09,HYPE3,35.5
2020-03-09,IGTA3,42.0
2020-03-09,IRBR3,13.76
2020-03-09,ITSA4,10.83
2020-03-09,ITUB4,27.8
2020-03-09,JBSS3,18.0
2020-03-09,JHSF3,4.99
2020-03-09,KLBN11,19.59
2020-03-09,LAME4,21.91
2020-03-09,LCAM3,16.55
2020-03-09,LOGG3,22.3
2020-03-09,LREN3,46.0
2020-03-09,LWSA3,17.5
2020-03-09,MGLU3,40.36
2020-03-09,MRFG3,8.57
2020-03-09,MRVE3,15.35
2020-03-09,MULT3,26.89
2020-03-09,NTCO3,36.0
2020-03-09,PCAR3,65.3
2020-03-09,PETR3,16.92
2020-03-09,PETR4,16.05
2020-03-09,POMO4,4.31
2020-03-09,PRIO3,22.49
2020-03-09,PSSA3,52.88
2020-03-09,QUAL3,28.6
2020-03-09,RADL3,115.89
2020-03-09,RAIL3,17.35
2020-03-09,RENT3,39.8
2020-03-09,SANB11,32.89
2020-03-09,SBSP3,52.0
2020-03-09,SLCE3,19.86
2020-03-09,SMLS3,28.73
2020-03-09,SMTO3,18.5
2020-03-09,STBP3,4.95
2020-03-09,SULA11,42.01
2020-03-09,SUZB3,37.95
2020-03-09,TAEE11,28.76
2020-03-09,TEND3,29.9
2020-03-09,TIMP3,15.11
2020-03-09,TOTS3,58.32
2020-03-09,TRPL4,21.6
2020-03-09,UGPA3,15.41
2020-03-09,USIM5,6.6
2020-03-09,VALE3,37.83
2020-03-09,VIVA3,22.0
2020-03-09,VIVT3,47.64
2020-03-09,VIVT4,52.59
2020-03-09,VVAR3,9.58
2020-03-09,WEGE3,39.75
2020-03-09,YDUQ3,40.08
2020-03-10,ABEV3,14.42
2020-03-10,ALPA4,28.92
2020-03-10,ALSO3,39.2
2020-03-10,ARZZ3,55.71
2020-03-10,AZUL4,36.18
2020-03-10,B3SA3,46.0
2020-03-10,BBAS3,39.61
2020-03-10,BBDC3,23.86
2020-03-10,BBDC4,27.19
2020-03-10,BBSE3,29.0
2020-03-10,BEEF3,8.85
2020-03-10,BIDI11,33.58
2020-03-10,BIDI4,11.12
2020-03-10,BPAC11,51.26
2020-03-10,BPAN4,6.97
2020-03-10,BRAP4,31.46
2020-03-10,BRDT3,24.38
2020-03-10,BRFS3,20.84
2020-03-10,BRKM5,25.12
2020-03-10,BRML3,14.29
2020-03-10,BTOW3,54.92
2020-03-10,CCRO3,14.9
2020-03-10,CEAB3,12.61
2020-03-10,CIEL3,6.34
2020-03-10,CMIG4,12.64
2020-03-10,COGN3,8.15
2020-03-10,CPFE3,34.46
2020-03-10,CPLE3,73.2
2020-03-10,CPLE6,66.69
2020-03-10,CRFB3,21.15
2020-03-10,CSAN3,67.27
2020-03-10,CSMG3,55.1
2020-03-10,CSNA3,9.37
2020-03-10,CVCB3,21.76
2020-03-10,CYRE3,25.17
2020-03-10,DIRR3,14.27
2020-03-10,ECOR3,13.8
2020-03-10,EGIE3,47.0
2020-03-10,ELET3,31.68
2020-03-10,ELET6,32.39
2020-03-10,EMBR3,15.17
2020-03-10,ENBR3,19.43
2020-03-10,ENEV3,41.7
2020-03-10,ENGI11,51.52
2020-03-10,EQTL3,22.5
2020-03-10,EZTC3,44.52
2020-03-10,FLRY3,27.27
2020-03-10,GGBR4,14.34
2020-03-10,GNDI3,54.95
2020-03-10,GOAU4,6.79
2020-03-10,GOLL4,18.32
2020-03-10,HAPV3,48.89
2020-03-10,HGTX3,20.45
2020-03-10,HYPE3,37.21
2020-03-10,IGTA3,44.49
2020-03-10,IRBR3,13.7
2020-03-10,ITSA4,11.06
2020-03-10,ITUB4,28.49
2020-03-10,JBSS3,20.76
2020-03-10,JHSF3,5.68
2020-03-10,KLBN11,19.71
2020-03-10,LAME4,23.55
2020-03-10,LCAM3,18.32
2020-03-10,LOGG3,24.87
2020-03-10,LREN3,50.25
2020-03-10,LWSA3,19.0
2020-03-10,MGLU3,46.99
2020-03-10,MRFG3,9.92
2020-03-10,MRVE3,16.58
2020-03-10,MULT3,28.03
2020-03-10,NTCO3,39.1
2020-03-10,PCAR3,66.5
2020-03-10,PETR3,18.36
2020-03-10,PETR4,17.56
2020-03-10,POMO4,4.47
2020-03-10,PRIO3,25.53
2020-03-10,PSSA3,54.51
2020-03-10,QUAL3,30.87
2020-03-10,RADL3,116.8
2020-03-10,RAIL3,18.55
2020-03-10,RENT3,41.95
2020-03-10,SANB11,33.59
2020-03-10,SBSP3,54.72
2020-03-10,SLCE3,20.61
2020-03-10,SMLS3,30.0
2020-03-10,SMTO3,19.58
2020-03-10,STBP3,5.46
2020-03-10,SULA11,45.64
2020-03-10,SUZB3,38.86
2020-03-10,TAEE11,30.29
2020-03-10,TEND3,31.83
2020-03-10,TIMP3,15.51
2020-03-10,TOTS3,62.28
2020-03-10,TRPL4,21.59
2020-03-10,UGPA3,17.88
2020-03-10,USIM5,7.12
2020-03-10,VALE3,44.81
2020-03-10,VIVA3,23.47
2020-03-10,VIVT3,53.51
2020-03-10,VIVT4,54.06
2020-03-10,VVAR3,11.62
2020-03-10,WEGE3,41.91
2020-03-10,YDUQ3,45.01
2020-03-11,ABEV3,13.75
2020-03-11,ALPA4,27.89
2020-03-11,ALSO3,36.06
2020-03-11,ARZZ3,52.79
2020-03-11,AZUL4,30.25
2020-03-11,B3SA3,42.55
2020-03-11,BBAS3,36.19
2020-03-11,BBDC3,21.97
2020-03-11,BBDC4,24.99
2020-03-11,BBSE3,27.78
2020-03-11,BEEF3,8.56
2020-03-11,BIDI11,29.05
2020-03-11,BIDI4,9.9
2020-03-11,BPAC11,44.41
2020-03-11,BPAN4,6.51
2020-03-11,BRAP4,28.94
2020-03-11,BRDT3,22.69
2020-03-11,BRFS3,18.5
2020-03-11,BRKM5,21.75
2020-03-11,BRML3,12.48
2020-03-11,BTOW3,51.79
2020-03-11,CCRO3,14.11
2020-03-11,CEAB3,12.24
2020-03-11,CIEL3,5.95
2020-03-11,CMIG4,11.39
2020-03-11,COGN3,7.55
2020-03-11,CPFE3,32.1
2020-03-11,CPLE3,66.99
2020-03-11,CPLE6,61.81
2020-03-11,CRFB3,20.44
2020-03-11,CSAN3,59.5
2020-03-11,CSMG3,51.0
2020-03-11,CSNA3,8.02
2020-03-11,CVCB3,19.24
2020-03-11,CYRE3,24.3
2020-03-11,DIRR3,14.06
2020-03-11,ECOR3,13.25
2020-03-11,EGIE3,45.27
2020-03-11,ELET3,29.01
2020-03-11,ELET6,30.84
2020-03-11,EMBR3,14.22
2020-03-11,ENBR3,18.64
2020-03-11,ENEV3,40.0
2020-03-11,ENGI11,48.16
2020-03-11,EQTL3,21.4
2020-03-11,EZTC3,40.2
2020-03-11,FLRY3,26.2
2020-03-11,GGBR4,12.69
2020-03-11,GNDI3,49.0
2020-03-11,GOAU4,5.97
2020-03-11,GOLL4,15.65
2020-03-11,HAPV3,44.99
2020-03-11,HGTX3,19.09
2020-03-11,HYPE3,34.8
2020-03-11,IGTA3,40.87
2020-03-11,IRBR3,12.7
2020-03-11,ITSA4,10.4
2020-03-11,ITUB4,26.17
2020-03-11,JBSS3,18.98
2020-03-11,JHSF3,5.54
2020-03-11,KLBN11,18.2
2020-03-11,LAME4,21.65
2020-03-11,LCAM3,17.2
2020-03-11,LOGG3,23.24
2020-03-11,LREN3,47.09
2020-03-11,LWSA3,19.25
2020-03-11,MGLU3,43.08
2020-03-11,MRFG3,9.18
2020-03-11,MRVE3,15.78
2020-03-11,MULT3,25.97
2020-03-11,NTCO3,35.91
2020-03-11,PCAR3,62.4
2020-03-11,PETR3,16.37
2020-03-11,PETR4,15.85
2020-03-11,POMO4,4.11
2020-03-11,PRIO3,23.31
2020-03-11,PSSA3,53.44
2020-03-11,QUAL3,28.85
2020-03-11,RADL3,115.0
2020-03-11,RAIL3,17.12
2020-03-11,RENT3,38.96
2020-03-11,SANB11,30.8
2020-03-11,SBSP3,50.5
2020-03-11,SLCE3,19.66
2020-03-11,SMLS3,28.0
2020-03-11,SMTO3,17.66
2020-03-11,STBP3,5.41
2020-03-11,SULA11,42.46
2020-03-11,SUZB3,35.46
2020-03-11,TAEE11,29.75
2020-03-11,TEND3,30.48
2020-03-11,TIMP3,15.7
2020-03-11,TOTS3,58.7
2020-03-11,TRPL4,20.71
2020-03-11,UGPA3,16.67
2020-03-11,USIM5,6.5
2020-03-11,VALE3,40.74
2020-03-11,VIVA3,21.8
2020-03-11,VIVT3,52.5
2020-03-11,VIVT4,54.32
2020-03-11,VVAR3,11.0
2020-03-11,WEGE3,39.2
2020-03-11,YDUQ3,42.35
2020-03-12,ABEV3,11.58
2020-03-12,ALPA4,23.9
2020-03-12,ALSO3,30.0
2020-03-12,ARZZ3,45.14
2020-03-12,AZUL4,20.3
2020-03-12,B3SA3,36.89
2020-03-12,BBAS3,31.25
2020-03-12,BBDC3,19.17
2020-03-12,BBDC4,21.64
2020-03-12,BBSE3,25.21
2020-03-12,BEEF3,6.97
2020-03-12,BIDI11,24.51
2020-03-12,BIDI4,7.9
2020-03-12,BPAC11,32.48
2020-03-12,BPAN4,4.32
2020-03-12,BRAP4,26.08
2020-03-12,BRDT3,19.22
2020-03-12,BRFS3,15.25
2020-03-12,BRKM5,16.5
2020-03-12,BRML3,11.3
2020-03-12,BTOW3,43.0
2020-03-12,CCRO3,11.87
2020-03-12,CEAB3,10.0
2020-03-12,CIEL3,4.69
2020-03-12,CMIG4,9.19
2020-03-12,COGN3,5.98
2020-03-12,CPFE3,27.87
2020-03-12,CPLE3,57.38
2020-03-12,CPLE6,52.23
2020-03-12,CRFB3,18.0
2020-03-12,CSAN3,48.53
2020-03-12,CSMG3,42.7
2020-03-12,CSNA3,6.58
2020-03-12,CVCB3,13.64
2020-03-12,CYRE3,18.31
2020-03-12,DIRR3,11.5
2020-03-12,ECOR3,10.79
2020-03-12,EGIE3,43.84
2020-03-12,ELET3,23.72
2020-03-12,ELET6,24.88
2020-03-12,EMBR3,10.46
2020-03-12,ENBR3,16.26
2020-03-12,ENEV3,33.2
2020-03-12,ENGI11,41.26
2020-03-12,EQTL3,19.08
2020-03-12,EZTC3,32.43
2020-03-12,FLRY3,22.8
2020-03-12,GGBR4,10.6
2020-03-12,GNDI3,41.4
2020-03-12,GOAU4,4.7
2020-03-12,GOLL4,9.97
2020-03-12,HAPV3,38.96
2020-03-12,HGTX3,15.01
2020-03-12,HYPE3,31.07
2020-03-12,IGTA3,35.13
2020-03-12,IRBR3,9.15
2020-03-12,ITSA4,9.27
2020-03-12,ITUB4,23.6
2020-03-12,JBSS3,16.75
2020-03-12,JHSF3,4.75
2020-03-12,KLBN11,15.8
2020-03-12,LAME4,17.74
2020-03-12,LCAM3,13.0
2020-03-12,LOGG3,19.62
2020-03-12,LREN3,43.21
2020-03-12,LWSA3,16.09
2020-03-12,MGLU3,34.0
2020-03-12,MRFG3,7.34
2020-03-12,MRVE3,12.6
2020-03-12,MULT3,22.44
2020-03-12,NTCO3,28.51
2020-03-12,PCAR3,57.69
2020-03-12,PETR3,12.92
2020-03-12,PETR4,12.6
2020-03-12,POMO4,3.38
2020-03-12,PRIO3,15.69
2020-03-12,PSSA3,50.0
2020-03-12,QUAL3,24.56
2020-03-12,RADL3,100.24
2020-03-12,RAIL3,14.29
2020-03-12,RENT3,33.0
2020-03-12,SANB11,26.65
2020-03-12,SBSP3,42.84
2020-03-12,SLCE3,18.6
2020-03-12,SMLS3,23.85
2020-03-12,SMTO3,14.8
2020-03-12,STBP3,4.28
2020-03-12,SULA11,36.99
2020-03-12,SUZB3,29.74
2020-03-12,TAEE11,27.97
2020-03-12,TEND3,25.58
2020-03-12,TIMP3,13.38
2020-03-12,TOTS3,51.25
2020-03-12,TRPL4,19.3
2020-03-12,UGPA3,13.13
2020-03-12,USIM5,5.6
2020-03-12,VALE3,35.35
2020-03-12,VIVA3,19.1
2020-03-12,VIVT3,48.9
2020-03-12,VIVT4,49.4
2020-03-12,VVAR3,8.5
2020-03-12,WEGE3,33.0
2020-03-12,YDUQ3,36.6
2020-03-13,ABEV3,12.7
2020-03-13,ALPA4,26.98
2020-03-13,ALSO3,32.5
2020-03-13,ARZZ3,48.87
2020-03-13,AZUL4,24.71
2020-03-13,B3SA3,40.88
2020-03-13,BBAS3,36.49
2020-03-13,BBDC3,22.3
2020-03-13,BBDC4,25.29
2020-03-13,BBSE3,26.61
2020-03-13,BEEF3,7.96
2020-03-13,BIDI11,30.0
2020-03-13,BIDI4,9.98
2020-03-13,BPAC11,41.54
2020-03-13,BPAN4,6.32
2020-03-13,BRAP4,30.84
2020-03-13,BRDT3,20.65
2020-03-13,BRFS3,16.49
2020-03-13,BRKM5,19.77
2020-03-13,BRML3,11.93
2020-03-13,BTOW3,54.78
2020-03-13,CCRO3,14.5
2020-03-13,CEAB3,10.9
2020-03-13,CIEL3,5.67
2020-03-13,CMIG4,10.5
2020-03-13,COGN3,6.67
2020-03-13,CPFE3,30.32
2020-03-13,CPLE3,64.4
2020-03-13,CPLE6,61.14
2020-03-13,CRFB3,19.32
2020-03-13,CSAN3,55.45
2020-03-13,CSMG3,45.56
2020-03-13,CSNA3,7.95
2020-03-13,CVCB3,15.35
2020-03-13,CYRE3,21.05
2020-03-13,DIRR3,12.1
2020-03-13,ECOR3,13.13
2020-03-13,EGIE3,48.19
2020-03-13,ELET3,28.07
2020-03-13,ELET6,28.92
2020-03-13,EMBR3,11.68
2020-03-13,ENBR3,18.01
2020-03-13,ENEV3,35.83
2020-03-13,ENGI11,46.5
2020-03-13,EQTL3,20.3
2020-03-13,EZTC3,37.6
2020-03-13,FLRY3,23.6
2020-03-13,GGBR4,12.45
2020-03-13,GNDI3,46.2
2020-03-13,GOAU4,5.67
2020-03-13,GOLL4,11.17
2020-03-13,HAPV3,43.61
2020-03-13,HGTX3,16.61
2020-03-13,HYPE3,33.4
2020-03-13,IGTA3,37.05
2020-03-13,IRBR3,10.0
2020-03-13,ITSA4,10.2
2020-03-13,ITUB4,26.21
2020-03-13,JBSS3,20.87
2020-03-13,JHSF3,5.01
2020-03-13,KLBN11,16.16
2020-03-13,LAME4,21.47
2020-03-13,LCAM3,14.5
2020-03-13,LOGG3,22.5
2020-03-13,LREN3,46.78
2020-03-13,LWSA3,17.54
2020-03-13,MGLU3,42.0
2020-03-13,MRFG3,9.19
2020-03-13,MRVE3,13.97
2020-03-13,MULT3,23.85
2020-03-13,NTCO3,33.0
2020-03-13,PCAR3,65.5
2020-03-13,PETR3,15.86
2020-03-13,PETR4,15.4
2020-03-13,POMO4,3.66
2020-03-13,PRIO3,18.67
2020-03-13,PSSA3,53.52
2020-03-13,QUAL3,26.0
2020-03-13,RADL3,104.99
2020-03-13,RAIL3,17.45
2020-03-13,RENT3,36.0
2020-03-13,SANB11,29.97
2020-03-13,SBSP3,50.32
2020-03-13,SLCE3,19.97
2020-03-13,SMLS3,25.0
2020-03-13,SMTO3,16.15
2020-03-13,STBP3,4.37
2020-03-13,SULA11,38.51
2020-03-13,SUZB3,31.58
2020-03-13,TAEE11,28.59
2020-03-13,TEND3,26.5
2020-03-13,TIMP3,14.32
2020-03-13,TOTS3,57.64
2020-03-13,TRPL4,20.26
2020-03-13,UGPA3,16.2
2020-03-13,USIM5,6.52
2020-03-13,VALE3,42.9
2020-03-13,VIVA3,21.5
2020-03-13,VIVT3,52.01
2020-03-13,VIVT4,53.27
2020-03-13,VVAR3,9.71
2020-03-13,WEGE3,34.53
2020-03-13,YDUQ3,34.4
2020-03-16,ABEV3,11.03
2020-03-16,ALPA4,23.13
2020-03-16,ALSO3,25.99
2020-03-16,ARZZ3,42.0
2020-03-16,AZUL4,15.6
2020-03-16,B3SA3,34.29
2020-03-16,BBAS3,30.4
2020-03-16,BBDC3,19.1
2020-03-16,BBDC4,21.68
2020-03-16,BBSE3,24.08
2020-03-16,BEEF3,7.0
2020-03-16,BIDI11,25.5
2020-03-16,BIDI4,8.19
2020-03-16,BPAC11,35.12
2020-03-16,BPAN4,5.21
2020-03-16,BRAP4,27.36
2020-03-16,BRDT3,17.79
2020-03-16,BRFS3,13.25
2020-03-16,BRKM5,16.98
2020-03-16,BRML3,9.96
2020-03-16,BTOW3,49.5
2020-03-16,CCRO3,11.9
2020-03-16,CEAB3,8.25
2020-03-16,CIEL3,5.0
2020-03-16,CMIG4,9.32
2020-03-16,COGN3,5.29
2020-03-16,CPFE3,28.1
2020-03-16,CPLE3,59.38
2020-03-16,CPLE6,55.34
2020-03-16,CRFB3,17.6
2020-03-16,CSAN3,49.24
2020-03-16,CSMG3,42.04
2020-03-16,CSNA3,7.2
2020-03-16,CVCB3,10.4
2020-03-16,CYRE3,17.06
2020-03-16,DIRR3,10.97
2020-03-16,ECOR3,10.84
2020-03-16,EGIE3,43.55
2020-03-16,ELET3,23.51
2020-03-16,ELET6,24.59
2020-03-16,EMBR3,10.0
2020-03-16,ENBR3,16.15
2020-03-16,ENEV3,31.05
2020-03-16,ENGI11,43.18
2020-03-16,EQTL3,18.56
2020-03-16,EZTC3,31.09
2020-03-16,FLRY3,20.0
2020-03-16,GGBR4,10.69
2020-03-16,GNDI3,40.75
2020-03-16,GOAU4,5.04
2020-03-16,GOLL4,8.04
2020-03-16,HAPV3,37.0
2020-03-16,HGTX3,13.99
2020-03-16,HYPE3,28.32
2020-03-16,IGTA3,29.0
2020-03-16,IRBR3,8.75
2020-03-16,ITSA4,9.1
2020-03-16,ITUB4,23.8
2020-03-16,JBSS3,17.89
2020-03-16,JHSF3,4.34
2020-03-16,KLBN11,13.79
2020-03-16,LAME4,17.49
2020-03-16,LCAM3,11.69
2020-03-16,LOGG3,20.02
2020-03-16,LREN3,36.9
2020-03-16,LWSA3,15.1
2020-03-16,MGLU3,34.07
2020-03-16,MRFG3,7.58
2020-03-16,MRVE3,12.73
2020-03-16,MULT3,18.51
2020-03-16,NTCO3,25.0
2020-03-16,PCAR3,62.37
2020-03-16,PETR3,13.13
2020-03-16,PETR4,13.09
2020-03-16,POMO4,3.06
2020-03-16,PRIO3,15.5
2020-03-16,PSSA3,47.2
2020-03-16,QUAL3,22.0
2020-03-16,RADL3,95.0
2020-03-16,RAIL3,14.56
2020-03-16,RENT3,27.5
2020-03-16,SANB11,26.39
2020-03-16,SBSP3,47.5
2020-03-16,SLCE3,18.6
2020-03-16,SMLS3,17.95
2020-03-16,SMTO3,14.81
2020-03-16,STBP3,3.83
2020-03-16,SULA11,31.75
2020-03-16,SUZB3,28.37
2020-03-16,TAEE11,26.34
2020-03-16,TEND3,20.74
2020-03-16,TIMP3,12.96
2020-03-16,TOTS3,49.52
2020-03-16,TRPL4,19.15
2020-03-16,UGPA3,12.74
2020-03-16,USIM5,5.88
2020-03-16,VALE3,39.04
2020-03-16,VIVA3,15.7
2020-03-16,VIVT3,48.73
2020-03-16,VIVT4,50.79
2020-03-16,VVAR3,7.56
2020-03-16,WEGE3,27.41
2020-03-16,YDUQ3,25.74
2020-03-17,ABEV3,11.69
2020-03-17,ALPA4,22.24
2020-03-17,ALSO3,27.64
2020-03-17,ARZZ3,42.0
2020-03-17,AZUL4,15.23
2020-03-17,B3SA3,35.54
2020-03-17,BBAS3,31.87
2020-03-17,BBDC3,20.32
2020-03-17,BBDC4,23.42
2020-03-17,BBSE3,26.67
2020-03-17,BEEF3,7.11
2020-03-17,BIDI11,26.2
2020-03-17,BIDI4,8.4
2020-03-17,BPAC11,35.0
2020-03-17,BPAN4,5.17
2020-03-17,BRAP4,29.19
2020-03-17,BRDT3,18.25
2020-03-17,BRFS3,14.25
2020-03-17,BRKM5,17.08
2020-03-17,BRML3,10.51
2020-03-17,BTOW3,53.7
2020-03-17,CCRO3,12.05
2020-03-17,CEAB3,7.55
2020-03-17,CIEL3,5.46
2020-03-17,CMIG4,9.92
2020-03-17,COGN3,5.91
2020-03-17,CPFE3,29.19
2020-03-17,CPLE3,61.5
2020-03-17,CPLE6,57.29
2020-03-17,CRFB3,19.8
2020-03-17,CSAN3,52.05
2020-03-17,CSMG3,43.0
2020-03-17,CSNA3,7.75
2020-03-17,CVCB3,9.95
2020-03-17,CYRE3,16.85
2020-03-17,DIRR3,10.81
2020-03-17,ECOR3,11.37
2020-03-17,EGIE3,46.82
2020-03-17,ELET3,24.25
2020-03-17,ELET6,25.46
2020-03-17,EMBR3,10.48
2020-03-17,ENBR3,16.9
2020-03-17,ENEV3,33.62
2020-03-17,ENGI11,45.51
2020-03-17,EQTL3,19.79
2020-03-17,EZTC3,30.22
2020-03-17,FLRY3,21.11
2020-03-17,GGBR4,10.82
2020-03-17,GNDI3,41.6
2020-03-17,GOAU4,5.04
2020-03-17,GOLL4,7.78
2020-03-17,HAPV3,37.58
2020-03-17,HGTX3,15.18
2020-03-17,HYPE3,31.19
2020-03-17,IGTA3,30.73
2020-03-17,IRBR3,8.85
2020-03-17,ITSA4,9.54
2020-03-17,ITUB4,25.2
2020-03-17,JBSS3,18.63
2020-03-17,JHSF3,4.08
2020-03-17,KLBN11,14.28
2020-03-17,LAME4,18.4
2020-03-17,LCAM3,11.1
2020-03-17,LOGG3,19.05
2020-03-17,LREN3,38.54
2020-03-17,LWSA3,15.0
2020-03-17,MGLU3,35.57
2020-03-17,MRFG3,7.9
2020-03-17,MRVE3,12.86
2020-03-17,MULT3,19.5
2020-03-17,NTCO3,27.84
2020-03-17,PCAR3,68.0
2020-03-17,PETR3,13.08
2020-03-17,PETR4,13.0
2020-03-17,POMO4,3.07
2020-03-17,PRIO3,14.69
2020-03-17,PSSA3,46.97
2020-03-17,QUAL3,23.32
2020-03-17,RADL3,103.26
2020-03-17,RAIL3,16.6
2020-03-17,RENT3,27.7
2020-03-17,SANB11,27.6
2020-03-17,SBSP3,45.99
2020-03-17,SLCE3,19.91
2020-03-17,SMLS3,16.56
2020-03-17,SMTO3,15.83
2020-03-17,STBP3,3.95
2020-03-17,SULA11,30.58
2020-03-17,SUZB3,28.0
2020-03-17,TAEE11,27.37
2020-03-17,TEND3,21.46
2020-03-17,TIMP3,14.14
2020-03-17,TOTS3,50.64
2020-03-17,TRPL4,19.48
2020-03-17,UGPA3,14.0
2020-03-17,USIM5,5.84
2020-03-17,VALE3,41.51
2020-03-17,VIVA3,15.75
2020-03-17,VIVT3,53.68
2020-03-17,VIVT4,54.6
2020-03-17,VVAR3,7.04
2020-03-17,WEGE3,28.68
2020-03-17,YDUQ3,26.62
2020-03-18,ABEV3,11.19
2020-03-18,ALPA4,17.6
2020-03-18,ALSO3,25.0
2020-03-18,ARZZ3,35.0
2020-03-18,AZUL4,10.35
2020-03-18,B3SA3,32.8
2020-03-18,BBAS3,26.61
2020-03-18,BBDC3,18.68
2020-03-18,BBDC4,20.69
2020-03-18,BBSE3,26.85
2020-03-18,BEEF3,6.6
2020-03-18,BIDI11,24.83
2020-03-18,BIDI4,6.9
2020-03-18,BPAC11,32.0
2020-03-18,BPAN4,4.95
2020-03-18,BRAP4,27.89
2020-03-18,BRDT3,15.6
2020-03-18,BRFS3,13.01
2020-03-18,BRKM5,12.9
2020-03-18,BRML3,8.0
2020-03-18,BTOW3,51.0
2020-03-18,CCRO3,10.68
2020-03-18,CEAB3,5.3
2020-03-18,CIEL3,5.09
2020-03-18,CMIG4,9.18
2020-03-18,COGN3,4.75
2020-03-18,CPFE3,25.2
2020-03-18,CPLE3,52.65
2020-03-18,CPLE6,50.0
2020-03-18,CRFB3,20.19
2020-03-18,CSAN3,46.0
2020-03-18,CSMG3,36.7
2020-03-18,CSNA3,6.71
2020-03-18,CVCB3,6.49
2020-03-18,CYRE3,13.37
2020-03-18,DIRR3,9.0
2020-03-18,ECOR3,9.8
2020-03-18,EGIE3,43.89
2020-03-18,ELET3,19.52
2020-03-18,ELET6,21.36
2020-03-18,EMBR3,9.03
2020-03-18,ENBR3,15.36
2020-03-18,ENEV3,27.12
2020-03-18,ENGI11,40.05
2020-03-18,EQTL3,18.0
2020-03-18,EZTC3,26.13
2020-03-18,FLRY3,18.14
2020-03-18,GGBR4,9.51
2020-03-18,GNDI3,33.5
2020-03-18,GOAU4,4.32
2020-03-18,GOLL4,5.6
2020-03-18,HAPV3,31.72
2020-03-18,HGTX3,12.64
2020-03-18,HYPE3,29.24
2020-03-18,IGTA3,26.97
2020-03-18,IRBR3,7.2
2020-03-18,ITSA4,9.07
2020-03-18,ITUB4,23.45
2020-03-18,JBSS3,16.85
2020-03-18,JHSF3,3.41
2020-03-18,KLBN11,12.81
2020-03-18,LAME4,16.17
2020-03-18,LCAM3,8.28
2020-03-18,LOGG3,15.54
2020-03-18,LREN3,32.0
2020-03-18,LWSA3,12.0
2020-03-18,MGLU3,28.81
2020-03-18,MRFG3,6.44
2020-03-18,MRVE3,10.28
2020-03-18,MULT3,17.2
2020-03-18,NTCO3,25.2
2020-03-18,PCAR3,59.87
2020-03-18,PETR3,11.05
2020-03-18,PETR4,11.29
2020-03-18,POMO4,2.3
2020-03-18,PRIO3,10.35
2020-03-18,PSSA3,48.1
2020-03-18,QUAL3,20.01
2020-03-18,RADL3,100.8
2020-03-18,RAIL3,15.32
2020-03-18,RENT3,23.87
2020-03-18,SANB11,25.79
2020-03-18,SBSP3,37.79
2020-03-18,SLCE3,19.06
2020-03-18,SMLS3,10.3
2020-03-18,SMTO3,12.3
2020-03-18,STBP3,3.02
2020-03-18,SULA11,26.5
2020-03-18,SUZB3,24.62
2020-03-18,TAEE11,26.29
2020-03-18,TEND3,17.86
2020-03-18,TIMP3,13.55
2020-03-18,TOTS3,42.87
2020-03-18,TRPL4,17.68
2020-03-18,UGPA3,12.07
2020-03-18,USIM5,4.6
2020-03-18,VALE3,38.65
2020-03-18,VIVA3,10.72
2020-03-18,VIVT3,52.99
2020-03-18,VIVT4,54.21
2020-03-18,VVAR3,4.82
2020-03-18,WEGE3,26.47
2020-03-18,YDUQ3,23.53
2020-03-19,ABEV3,11.7
2020-03-19,ALPA4,22.69
2020-03-19,ALSO3,29.95
2020-03-19,ARZZ3,37.5
2020-03-19,AZUL4,11.97
2020-03-19,B3SA3,32.51
2020-03-19,BBAS3,25.57
2020-03-19,BBDC3,18.03
2020-03-19,BBDC4,20.75
2020-03-19,BBSE3,24.47
2020-03-19,BEEF3,7.8
2020-03-19,BIDI11,25.9
2020-03-19,BIDI4,7.2
2020-03-19,BPAC11,32.25
2020-03-19,BPAN4,4.75
2020-03-19,BRAP4,25.7
2020-03-19,BRDT3,14.96
2020-03-19,BRFS3,14.9
2020-03-19,BRKM5,12.55
2020-03-19,BRML3,8.8
2020-03-19,BTOW3,48.67
2020-03-19,CCRO3,10.52
2020-03-19,CEAB3,6.0
2020-03-19,CIEL3,4.65
2020-03-19,CMIG4,9.44
2020-03-19,COGN3,4.86
2020-03-19,CPFE3,24.5
2020-03-19,CPLE3,55.18
2020-03-19,CPLE6,52.01
2020-03-19,CRFB3,21.75
2020-03-19,CSAN3,47.1
2020-03-19,CSMG3,38.09
2020-03-19,CSNA3,6.36
2020-03-19,CVCB3,7.45
2020-03-19,CYRE3,14.7
2020-03-19,DIRR3,9.0
2020-03-19,ECOR3,9.53
2020-03-19,EGIE3,41.68
2020-03-19,ELET3,17.4
2020-03-19,ELET6,19.41
2020-03-19,EMBR3,9.65
2020-03-19,ENBR3,14.78
2020-03-19,ENEV3,29.11
2020-03-19,ENGI11,41.0
2020-03-19,EQTL3,17.8
2020-03-19,EZTC3,28.35
2020-03-19,FLRY3,19.5
2020-03-19,GGBR4,9.59
2020-03-19,GNDI3,36.15
2020-03-19,GOAU4,4.24
2020-03-19,GOLL4,6.25
2020-03-19,HAPV3,36.1
2020-03-19,HGTX3,13.42
2020-03-19,HYPE3,31.26
2020-03-19,IGTA3,30.33
2020-03-19,IRBR3,7.59
2020-03-19,ITSA4,8.76
2020-03-19,ITUB4,22.85
2020-03-19,JBSS3,20.0
2020-03-19,JHSF3,3.87
2020-03-19,KLBN11,14.42
2020-03-19,LAME4,16.34
2020-03-19,LCAM3,9.25
2020-03-19,LOGG3,17.4
2020-03-19,LREN3,36.8
2020-03-19,LWSA3,12.11
2020-03-19,MGLU3,30.55
2020-03-19,MRFG3,7.11
2020-03-19,MRVE3,10.71
2020-03-19,MULT3,19.98
2020-03-19,NTCO3,25.89
2020-03-19,PCAR3,64.46
2020-03-19,PETR3,12.45
2020-03-19,PETR4,12.21
2020-03-19,POMO4,2.31
2020-03-19,PRIO3,11.83
2020-03-19,PSSA3,50.84
2020-03-19,QUAL3,21.0
2020-03-19,RADL3,107.17
2020-03-19,RAIL3,18.0
2020-03-19,RENT3,26.08
2020-03-19,SANB11,25.71
2020-03-19,SBSP3,36.89
2020-03-19,SLCE3,19.26
2020-03-19,SMLS3,9.02
2020-03-19,SMTO3,14.95
2020-03-19,STBP3,3.53
2020-03-19,SULA11,28.7
2020-03-19,SUZB3,27.33
2020-03-19,TAEE11,25.75
2020-03-19,TEND3,19.2
2020-03-19,TIMP3,14.9
2020-03-19,TOTS3,42.1
2020-03-19,TRPL4,18.12
2020-03-19,UGPA3,12.2
2020-03-19,USIM5,4.5
2020-03-19,VALE3,36.4
2020-03-19,VIVA3,13.54
2020-03-19,VIVT3,56.74
2020-03-19,VIVT4,57.93
2020-03-19,VVAR3,5.11
2020-03-19,WEGE3,28.73
2020-03-19,YDUQ3,24.28
2020-03-20,ABEV3,12.05
2020-03-20,ALPA4,22.71
2020-03-20,ALSO3,24.97
2020-03-20,ARZZ3,35.24
2020-03-20,AZUL4,13.8
2020-03-20,B3SA3,32.44
2020-03-20,BBAS3,24.6
2020-03-20,BBDC3,16.99
2020-03-20,BBDC4,19.24
2020-03-20,BBSE3,24.49
2020-03-20,BEEF3,7.73
2020-03-20,BIDI11,27.7
2020-03-20,BIDI4,8.5
2020-03-20,BPAC11,30.0
2020-03-20,BPAN4,5.05
2020-03-20,BRAP4,24.35
2020-03-20,BRDT3,14.68
2020-03-20,BRFS3,14.15
2020-03-20,BRKM5,11.8
2020-03-20,BRML3,8.27
2020-03-20,BTOW3,49.21
2020-03-20,CCRO3,10.36
2020-03-20,CEAB3,6.35
2020-03-20,CIEL3,4.43
2020-03-20,CMIG4,8.9
2020-03-20,COGN3,4.91
2020-03-20,CPFE3,25.25
2020-03-20,CPLE3,50.19
2020-03-20,CPLE6,49.21
2020-03-20,CRFB3,22.8
2020-03-20,CSAN3,50.5
2020-03-20,CSMG3,39.79
2020-03-20,CSNA3,6.16
2020-03-20,CVCB3,8.21
2020-03-20,CYRE3,14.17
2020-03-20,DIRR3,7.94
2020-03-20,ECOR3,9.11
2020-03-20,EGIE3,40.15
2020-03-20,ELET3,16.81
2020-03-20,ELET6,18.91
2020-03-20,EMBR3,8.4
2020-03-20,ENBR3,14.33
2020-03-20,ENEV3,29.62
2020-03-20,ENGI11,38.45
2020-03-20,EQTL3,17.27
2020-03-20,EZTC3,30.0
2020-03-20,FLRY3,19.24
2020-03-20,GGBR4,9.25
2020-03-20,GNDI3,39.99
2020-03-20,GOAU4,4.15
2020-03-20,GOLL4,7.28
2020-03-20,HAPV3,39.0
2020-03-20,HGTX3,13.5
2020-03-20,HYPE3,29.25
2020-03-20,IGTA3,28.0
2020-03-20,IRBR3,7.3
2020-03-20,ITSA4,8.31
2020-03-20,ITUB4,22.05
2020-03-20,JBSS3,19.18
2020-03-20,JHSF3,3.49
2020-03-20,KLBN11,13.76
2020-03-20,LAME4,17.61
2020-03-20,LCAM3,10.2
2020-03-20,LOGG3,16.27
2020-03-20,LREN3,34.41
2020-03-20,LWSA3,11.61
2020-03-20,MGLU3,30.65
2020-03-20,MRFG3,7.11
2020-03-20,MRVE3,11.56
2020-03-20,MULT3,19.03
2020-03-20,NTCO3,25.17
2020-03-20,PCAR3,67.23
2020-03-20,PETR3,12.22
2020-03-20,PETR4,12.0
2020-03-20,POMO4,2.36
2020-03-20,PRIO3,12.4
2020-03-20,PSSA3,48.56
2020-03-20,QUAL3,21.49
2020-03-20,RADL3,112.36
2020-03-20,RAIL3,18.41
2020-03-20,RENT3,27.55
2020-03-20,SANB11,25.75
2020-03-20,SBSP3,33.71
2020-03-20,SLCE3,19.67
2020-03-20,SMLS3,10.07
2020-03-20,SMTO3,16.29
2020-03-20,STBP3,3.4
2020-03-20,SULA11,30.26
2020-03-20,SUZB3,27.39
2020-03-20,TAEE11,26.07
2020-03-20,TEND3,20.8
2020-03-20,TIMP3,13.88
2020-03-20,TOTS3,43.73
2020-03-20,TRPL4,18.01
2020-03-20,UGPA3,12.33
2020-03-20,USIM5,4.32
2020-03-20,VALE3,35.19
2020-03-20,VIVA3,15.99
2020-03-20,VIVT3,50.52
2020-03-20,VIVT4,53.48
2020-03-20,VVAR3,4.97
2020-03-20,WEGE3,32.37
2020-03-20,YDUQ3,22.4
2020-03-23,ABEV3,11.51
2020-03-23,ALPA4,23.28
2020-03-23,ALSO3,21.92
2020-03-23,ARZZ3,33.54
2020-03-23,AZUL4,14.28
2020-03-23,B3SA3,30.45
2020-03-23,BBAS3,22.13
2020-03-23,BBDC3,15.68
2020-03-23,BBDC4,17.67
2020-03-23,BBSE3,22.4
2020-03-23,BEEF3,8.2
2020-03-23,BIDI11,27.49
2020-03-23,BIDI4,9.0
2020-03-23,BPAC11,26.11
2020-03-23,BPAN4,4.4
2020-03-23,BRAP4,24.68
2020-03-23,BRDT3,13.74
2020-03-23,BRFS3,14.03
2020-03-23,BRKM5,10.07
2020-03-23,BRML3,7.9
2020-03-23,BTOW3,45.34
2020-03-23,CCRO3,9.92
2020-03-23,CEAB3,6.0
2020-03-23,CIEL3,4.14
2020-03-23,CMIG4,8.15
2020-03-23,COGN3,4.53
2020-03-23,CPFE3,23.5
2020-03-23,CPLE3,47.0
2020-03-23,CPLE6,43.54
2020-03-23,CRFB3,22.42
2020-03-23,CSAN3,48.97
2020-03-23,CSMG3,34.73
2020-03-23,CSNA3,5.8
2020-03-23,CVCB3,7.61
2020-03-23,CYRE3,12.96
2020-03-23,DIRR3,8.26
2020-03-23,ECOR3,8.71
2020-03-23,EGIE3,37.98
2020-03-23,ELET3,15.24
2020-03-23,ELET6,18.48
2020-03-23,EMBR3,7.74
2020-03-23,ENBR3,13.79
2020-03-23,ENEV3,29.21
2020-03-23,ENGI11,35.5
2020-03-23,EQTL3,16.29
2020-03-23,EZTC3,27.68
2020-03-23,FLRY3,18.76
2020-03-23,GGBR4,8.64
2020-03-23,GNDI3,39.64
2020-03-23,GOAU4,3.84
2020-03-23,GOLL4,6.93
2020-03-23,HAPV3,38.2
2020-03-23,HGTX3,11.18
2020-03-23,HYPE3,26.8
2020-03-23,IGTA3,27.08
2020-03-23,IRBR3,7.0
2020-03-23,ITSA4,7.53
2020-03-23,ITUB4,20.52
2020-03-23,JBSS3,19.34
2020-03-23,JHSF3,3.26
2020-03-23,KLBN11,13.51
2020-03-23,LAME4,17.49
2020-03-23,LCAM3,8.84
2020-03-23,LOGG3,15.88
2020-03-23,LREN3,30.0
2020-03-23,LWSA3,10.2
2020-03-23,MGLU3,30.21
2020-03-23,MRFG3,7.43
2020-03-23,MRVE3,10.36
2020-03-23,MULT3,17.51
2020-03-23,NTCO3,21.25
2020-03-23,PCAR3,71.88
2020-03-23,PETR3,11.62
2020-03-23,PETR4,11.5
2020-03-23,POMO4,2.25
2020-03-23,PRIO3,11.88
2020-03-23,PSSA3,46.12
2020-03-23,QUAL3,20.8
2020-03-23,RADL3,114.9
2020-03-23,RAIL3,17.6
2020-03-23,RENT3,24.1
2020-03-23,SANB11,24.31
2020-03-23,SBSP3,30.55
2020-03-23,SLCE3,18.4
2020-03-23,SMLS3,10.0
2020-03-23,SMTO3,14.84
2020-03-23,STBP3,3.2
2020-03-23,SULA11,29.12
2020-03-23,SUZB3,28.8
2020-03-23,TAEE11,24.54
2020-03-23,TEND3,19.75
2020-03-23,TIMP3,12.3
2020-03-23,TOTS3,43.72
2020-03-23,TRPL4,17.41
2020-03-23,UGPA3,10.69
2020-03-23,USIM5,3.8
2020-03-23,VALE3,34.1
2020-03-23,VIVA3,14.0
2020-03-23,VIVT3,46.58
2020-03-23,VIVT4,49.07
2020-03-23,VVAR3,4.41
2020-03-23,WEGE3,35.2
2020-03-23,YDUQ3,21.0
2020-03-24,ABEV3,11.29
2020-03-24,ALPA4,23.77
2020-03-24,ALSO3,26.94
2020-03-24,ARZZ3,35.2
2020-03-24,AZUL4,16.17
2020-03-24,B3SA3,36.31
2020-03-24,BBAS3,25.92
2020-03-24,BBDC3,17.89
2020-03-24,BBDC4,20.33
2020-03-24,BBSE3,24.71
2020-03-24,BEEF3,8.4
2020-03-24,BIDI11,29.48
2020-03-24,BIDI4,9.89
2020-03-24,BPAC11,32.59
2020-03-24,BPAN4,4.85
2020-03-24,BRAP4,26.18
2020-03-24,BRDT3,14.9
2020-03-24,BRFS3,15.04
2020-03-24,BRKM5,11.4
2020-03-24,BRML3,8.94
2020-03-24,BTOW3,54.8
2020-03-24,CCRO3,11.88
2020-03-24,CEAB3,6.5
2020-03-24,CIEL3,4.05
2020-03-24,CMIG4,8.4
2020-03-24,COGN3,4.48
2020-03-24,CPFE3,25.3
2020-03-24,CPLE3,49.45
2020-03-24,CPLE6,43.98
2020-03-24,CRFB3,21.8
2020-03-24,CSAN3,52.9
2020-03-24,CSMG3,33.8
2020-03-24,CSNA3,5.8
2020-03-24,CVCB3,8.75
2020-03-24,CYRE3,15.3
2020-03-24,DIRR3,8.97
2020-03-24,ECOR3,9.98
2020-03-24,EGIE3,37.77
2020-03-24,ELET3,17.35
2020-03-24,ELET6,20.49
2020-03-24,EMBR3,9.05
2020-03-24,ENBR3,14.08
2020-03-24,ENEV3,32.1
2020-03-24,ENGI11,35.35
2020-03-24,EQTL3,16.84
2020-03-24,EZTC3,34.7
2020-03-24,FLRY3,19.44
2020-03-24,GGBR4,9.52
2020-03-24,GNDI3,44.3
2020-03-24,GOAU4,4.17
2020-03-24,GOLL4,8.1
2020-03-24,HAPV3,42.3
2020-03-24,HGTX3,12.28
2020-03-24,HYPE3,28.97
2020-03-24,IGTA3,31.64
2020-03-24,IRBR3,8.18
2020-03-24,ITSA4,8.07
2020-03-24,ITUB4,22.5
2020-03-24,JBSS3,21.22
2020-03-24,JHSF3,3.56
2020-03-24,KLBN11,13.39
2020-03-24,LAME4,19.29
2020-03-24,LCAM3,9.36
2020-03-24,LOGG3,16.0
2020-03-24,LREN3,32.99
2020-03-24,LWSA3,13.2
2020-03-24,MGLU3,36.68
2020-03-24,MRFG3,7.9
2020-03-24,MRVE3,12.03
2020-03-24,MULT3,20.54
2020-03-24,NTCO3,24.9
2020-03-24,PCAR3,72.0
2020-03-24,PETR3,13.47
2020-03-24,PETR4,13.25
2020-03-24,POMO4,2.15
2020-03-24,PRIO3,13.07
2020-03-24,PSSA3,46.58
2020-03-24,QUAL3,22.16
2020-03-24,RADL3,108.22
2020-03-24,RAIL3,19.01
2020-03-24,RENT3,27.18
2020-03-24,SANB11,27.57
2020-03-24,SBSP3,32.1
2020-03-24,SLCE3,19.17
2020-03-24,SMLS3,11.45
2020-03-24,SMTO3,16.15
2020-03-24,STBP3,3.63
2020-03-24,SULA11,32.61
2020-03-24,SUZB3,28.9
2020-03-24,TAEE11,24.72
2020-03-24,TEND3,21.15
2020-03-24,TIMP3,12.2
2020-03-24,TOTS3,45.91
2020-03-24,TRPL4,18.06
2020-03-24,UGPA3,11.97
2020-03-24,USIM5,4.02
2020-03-24,VALE3,37.64
2020-03-24,VIVA3,14.75
2020-03-24,VIVT3,46.61
2020-03-24,VIVT4,47.92
2020-03-24,VVAR3,5.01
2020-03-24,WEGE3,36.06
2020-03-24,YDUQ3,21.77
2020-03-25,ABEV3,11.65
2020-03-25,ALPA4,25.42
2020-03-25,ALSO3,30.93
2020-03-25,ARZZ3,41.05
2020-03-25,AZUL4,19.17
2020-03-25,B3SA3,38.79
2020-03-25,BBAS3,29.03
2020-03-25,BBDC3,19.31
2020-03-25,BBDC4,21.85
2020-03-25,BBSE3,26.54
2020-03-25,BEEF3,8.19
2020-03-25,BIDI11,30.8
2020-03-25,BIDI4,10.12
2020-03-25,BPAC11,34.21
2020-03-25,BPAN4,5.55
2020-03-25,BRAP4,28.32
2020-03-25,BRDT3,16.56
2020-03-25,BRFS3,15.91
2020-03-25,BRKM5,15.02
2020-03-25,BRML3,9.96
2020-03-25,BTOW3,60.0
2020-03-25,CCRO3,13.2
2020-03-25,CEAB3,7.04
2020-03-25,CIEL3,5.0
2020-03-25,CMIG4,9.07
2020-03-25,COGN3,5.0
2020-03-25,CPFE3,26.03
2020-03-25,CPLE3,52.27
2020-03-25,CPLE6,48.5
2020-03-25,CRFB3,20.85
2020-03-25,CSAN3,57.0
2020-03-25,CSMG3,35.58
2020-03-25,CSNA3,6.55
2020-03-25,CVCB3,9.35
2020-03-25,CYRE3,16.57
2020-03-25,DIRR3,8.85
2020-03-25,ECOR3,10.85
2020-03-25,EGIE3,38.23
2020-03-25,ELET3,19.87
2020-03-25,ELET6,23.95
2020-03-25,EMBR3,10.57
2020-03-25,ENBR3,14.61
2020-03-25,ENEV3,32.49
2020-03-25,ENGI11,36.17
2020-03-25,EQTL3,17.0
2020-03-25,EZTC3,35.11
2020-03-25,FLRY3,20.08
2020-03-25,GGBR4,10.52
2020-03-25,GNDI3,48.5
2020-03-25,GOAU4,4.56
2020-03-25,GOLL4,10.94
2020-03-25,HAPV3,45.4
2020-03-25,HGTX3,14.99
2020-03-25,HYPE3,32.72
2020-03-25,IGTA3,34.6
2020-03-25,IRBR3,9.0
2020-03-25,ITSA4,8.61
2020-03-25,ITUB4,23.6
2020-03-25,JBSS3,22.05
2020-03-25,JHSF3,3.9
2020-03-25,KLBN11,13.88
2020-03-25,LAME4,20.03
2020-03-25,LCAM3,11.95
2020-03-25,LOGG3,20.14
2020-03-25,LREN3,36.8
2020-03-25,LWSA3,14.81
2020-03-25,MGLU3,40.0
2020-03-25,MRFG3,8.29
2020-03-25,MRVE3,13.1
2020-03-25,MULT3,23.09
2020-03-25,NTCO3,28.9
2020-03-25,PCAR3,70.0
2020-03-25,PETR3,14.55
2020-03-25,PETR4,14.32
2020-03-25,POMO4,2.5
2020-03-25,PRIO3,17.29
2020-03-25,PSSA3,46.61
2020-03-25,QUAL3,23.6
2020-03-25,RADL3,112.89
2020-03-25,RAIL3,19.55
2020-03-25,RENT3,34.47
2020-03-25,SANB11,29.53
2020-03-25,SBSP3,35.32
2020-03-25,SLCE3,20.74
2020-03-25,SMLS3,13.74
2020-03-25,SMTO3,17.0
2020-03-25,STBP3,4.17
2020-03-25,SULA11,35.96
2020-03-25,SUZB3,29.35
2020-03-25,TAEE11,24.82
2020-03-25,TEND3,22.75
2020-03-25,TIMP3,12.76
2020-03-25,TOTS3,55.0
2020-03-25,TRPL4,19.09
2020-03-25,UGPA3,12.31
2020-03-25,USIM5,4.88
2020-03-25,VALE3,40.85
2020-03-25,VIVA3,19.19
2020-03-25,VIVT3,47.09
2020-03-25,VIVT4,47.06
2020-03-25,VVAR3,5.71
2020-03-25,WEGE3,37.36
2020-03-25,YDUQ3,26.79
2020-03-26,ABEV3,12.8
2020-03-26,ALPA4,26.3
2020-03-26,ALSO3,32.5
2020-03-26,ARZZ3,42.15
2020-03-26,AZUL4,20.52
2020-03-26,B3SA3,38.64
2020-03-26,BBAS3,30.49
2020-03-26,BBDC3,19.99
2020-03-26,BBDC4,22.31
2020-03-26,BBSE3,26.55
2020-03-26,BEEF3,7.7
2020-03-26,BIDI11,34.3
2020-03-26,BIDI4,11.84
2020-03-26,BPAC11,37.23
2020-03-26,BPAN4,5.66
2020-03-26,BRAP4,28.41
2020-03-26,BRDT3,17.8
2020-03-26,BRFS3,15.97
2020-03-26,BRKM5,19.23
2020-03-26,BRML3,11.49
2020-03-26,BTOW3,56.11
2020-03-26,CCRO3,13.82
2020-03-26,CEAB3,7.5
2020-03-26,CIEL3,5.0
2020-03-26,CMIG4,10.0
2020-03-26,COGN3,5.85
2020-03-26,CPFE3,28.07
2020-03-26,CPLE3,59.04
2020-03-26,CPLE6,53.5
2020-03-26,CRFB3,21.6
2020-03-26,CSAN3,61.46
2020-03-26,CSMG3,40.3
2020-03-26,CSNA3,7.1
2020-03-26,CVCB3,12.38
2020-03-26,CYRE3,18.23
2020-03-26,DIRR3,9.33
2020-03-26,ECOR3,11.3
2020-03-26,EGIE3,41.25
2020-03-26,ELET3,21.35
2020-03-26,ELET6,25.31
2020-03-26,EMBR3,10.13
2020-03-26,ENBR3,16.1
2020-03-26,ENEV3,35.21
2020-03-26,ENGI11,39.18
2020-03-26,EQTL3,18.1
2020-03-26,EZTC3,37.74
2020-03-26,FLRY3,20.9
2020-03-26,GGBR4,10.93
2020-03-26,GNDI3,53.11
2020-03-26,GOAU4,4.81
2020-03-26,GOLL4,13.04
2020-03-26,HAPV3,50.39
2020-03-26,HGTX3,16.41
2020-03-26,HYPE3,31.95
2020-03-26,IGTA3,36.6
2020-03-26,IRBR3,9.93
2020-03-26,ITSA4,8.98
2020-03-26,ITUB4,24.25
2020-03-26,JBSS3,21.87
2020-03-26,JHSF3,4.13
2020-03-26,KLBN11,14.13
2020-03-26,LAME4,20.85
2020-03-26,LCAM3,13.12
2020-03-26,LOGG3,22.3
2020-03-26,LREN3,38.69
2020-03-26,LWSA3,16.35
2020-03-26,MGLU3,41.12
2020-03-26,MRFG3,8.4
2020-03-26,MRVE3,14.24
2020-03-26,MULT3,23.81
2020-03-26,NTCO3,29.0
2020-03-26,PCAR3,66.32
2020-03-26,PETR3,14.6
2020-03-26,PETR4,14.39
2020-03-26,POMO4,2.66
2020-03-26,PRIO3,18.93
2020-03-26,PSSA3,47.89
2020-03-26,QUAL3,25.85
2020-03-26,RADL3,110.46
2020-03-26,RAIL3,21.03
2020-03-26,RENT3,34.69
2020-03-26,SANB11,30.17
2020-03-26,SBSP3,40.01
2020-03-26,SLCE3,22.28
2020-03-26,SMLS3,14.7
2020-03-26,SMTO3,16.61
2020-03-26,STBP3,4.72
2020-03-26,SULA11,38.49
2020-03-26,SUZB3,28.05
2020-03-26,TAEE11,26.0
2020-03-26,TEND3,24.12
2020-03-26,TIMP3,13.59
2020-03-26,TOTS3,53.17
2020-03-26,TRPL4,20.35
2020-03-26,UGPA3,14.31
2020-03-26,USIM5,5.14
2020-03-26,VALE3,42.0
2020-03-26,VIVA3,19.4
2020-03-26,VIVT3,48.97
2020-03-26,VIVT4,48.93
2020-03-26,VVAR3,5.7
2020-03-26,WEGE3,37.95
2020-03-26,YDUQ3,32.34
2020-03-27,ABEV3,12.49
2020-03-27,ALPA4,24.49
2020-03-27,ALSO3,30.4
2020-03-27,ARZZ3,39.63
2020-03-27,AZUL4,19.5
2020-03-27,B3SA3,36.91
2020-03-27,BBAS3,28.24
2020-03-27,BBDC3,18.83
2020-03-27,BBDC4,20.86
2020-03-27,BBSE3,24.5
2020-03-27,BEEF3,7.8
2020-03-27,BIDI11,33.54
2020-03-27,BIDI4,11.33
2020-03-27,BPAC11,36.4
2020-03-27,BPAN4,5.22
2020-03-27,BRAP4,27.18
2020-03-27,BRDT3,16.16
2020-03-27,BRFS3,14.87
2020-03-27,BRKM5,17.72
2020-03-27,BRML3,10.9
2020-03-27,BTOW3,51.28
2020-03-27,CCRO3,12.73
2020-03-27,CEAB3,7.21
2020-03-27,CIEL3,4.61
2020-03-27,CMIG4,9.22
2020-03-27,COGN3,5.32
2020-03-27,CPFE3,26.99
2020-03-27,CPLE3,55.53
2020-03-27,CPLE6,50.0
2020-03-27,CRFB3,21.25
2020-03-27,CSAN3,55.64
2020-03-27,CSMG3,41.25
2020-03-27,CSNA3,6.77
2020-03-27,CVCB3,12.84
2020-03-27,CYRE3,16.07
2020-03-27,DIRR3,9.1
2020-03-27,ECOR3,10.57
2020-03-27,EGIE3,39.09
2020-03-27,ELET3,21.08
2020-03-27,ELET6,24.81
2020-03-27,EMBR3,8.97
2020-03-27,ENBR3,15.5
2020-03-27,ENEV3,33.89
2020-03-27,ENGI11,37.0
2020-03-27,EQTL3,16.55
2020-03-27,EZTC3,33.8
2020-03-27,FLRY3,19.7
2020-03-27,GGBR4,10.1
2020-03-27,GNDI3,47.74
2020-03-27,GOAU4,4.6
2020-03-27,GOLL4,12.59
2020-03-27,HAPV3,45.5
2020-03-27,HGTX3,15.65
2020-03-27,HYPE3,31.33
2020-03-27,IGTA3,34.73
2020-03-27,IRBR3,10.4
2020-03-27,ITSA4,8.5
2020-03-27,ITUB4,22.97
2020-03-27,JBSS3,20.89
2020-03-27,JHSF3,4.04
2020-03-27,KLBN11,14.98
2020-03-27,LAME4,19.0
2020-03-27,LCAM3,12.49
2020-03-27,LOGG3,21.52
2020-03-27,LREN3,36.0
2020-03-27,LWSA3,17.45
2020-03-27,MGLU3,39.0
2020-03-27,MRFG3,8.52
2020-03-27,MRVE3,13.6
2020-03-27,MULT3,21.31
2020-03-27,NTCO3,28.55
2020-03-27,PCAR3,64.02
2020-03-27,PETR3,13.03
2020-03-27,PETR4,13.3
2020-03-27,POMO4,2.64
2020-03-27,PRIO3,18.1
2020-03-27,PSSA3,45.7
2020-03-27,QUAL3,23.53
2020-03-27,RADL3,107.16
2020-03-27,RAIL3,19.15
2020-03-27,RENT3,31.32
2020-03-27,SANB11,27.23
2020-03-27,SBSP3,40.07
2020-03-27,SLCE3,22.58
2020-03-27,SMLS3,14.51
2020-03-27,SMTO3,16.2
2020-03-27,STBP3,4.5
2020-03-27,SULA11,36.0
2020-03-27,SUZB3,32.87
2020-03-27,TAEE11,25.47
2020-03-27,TEND3,23.07
2020-03-27,TIMP3,12.77
2020-03-27,TOTS3,45.52
2020-03-27,TRPL4,19.74
2020-03-27,UGPA3,13.1
2020-03-27,USIM5,4.89
2020-03-27,VALE3,40.1
2020-03-27,VIVA3,18.0
2020-03-27,VIVT3,48.08
2020-03-27,VIVT4,48.59
2020-03-27,VVAR3,5.7
2020-03-27,WEGE3,35.36
2020-03-27,YDUQ3,28.0
2020-03-30,ABEV3,12.55
2020-03-30,ALPA4,24.36
2020-03-30,ALSO3,29.44
2020-03-30,ARZZ3,37.45
2020-03-30,AZUL4,19.09
2020-03-30,B3SA3,37.0
2020-03-30,BBAS3,28.99
2020-03-30,BBDC3,19.25
2020-03-30,BBDC4,21.51
2020-03-30,BBSE3,24.79
2020-03-30,BEEF3,7.85
2020-03-30,BIDI11,32.52
2020-03-30,BIDI4,10.81
2020-03-30,BPAC11,36.08
2020-03-30,BPAN4,5.0
2020-03-30,BRAP4,28.57
2020-03-30,BRDT3,15.75
2020-03-30,BRFS3,14.51
2020-03-30,BRKM5,17.7
2020-03-30,BRML3,10.8
2020-03-30,BTOW3,50.99
2020-03-30,CCRO3,12.29
2020-03-30,CEAB3,7.1
2020-03-30,CIEL3,4.76
2020-03-30,CMIG4,9.11
2020-03-30,COGN3,5.06
2020-03-30,CPFE3,27.06
2020-03-30,CPLE3,57.69
2020-03-30,CPLE6,52.1
2020-03-30,CRFB3,21.58
2020-03-30,CSAN3,55.58
2020-03-30,CSMG3,44.6
2020-03-30,CSNA3,7.06
2020-03-30,CVCB3,12.95
2020-03-30,CYRE3,15.7
2020-03-30,DIRR3,9.33
2020-03-30,ECOR3,10.2
2020-03-30,EGIE3,39.8
2020-03-30,ELET3,23.31
2020-03-30,ELET6,26.44
2020-03-30,EMBR3,9.32
2020-03-30,ENBR3,16.29
2020-03-30,ENEV3,34.4
2020-03-30,ENGI11,37.85
2020-03-30,EQTL3,17.59
2020-03-30,EZTC3,32.73
2020-03-30,FLRY3,20.65
2020-03-30,GGBR4,9.78
2020-03-30,GNDI3,48.0
2020-03-30,GOAU4,4.5
2020-03-30,GOLL4,12.3
2020-03-30,HAPV3,45.03
2020-03-30,HGTX3,15.25
2020-03-30,HYPE3,30.7
2020-03-30,IGTA3,35.12
2020-03-30,IRBR3,10.74
2020-03-30,ITSA4,8.82
2020-03-30,ITUB4,24.11
2020-03-30,JBSS3,21.57
2020-03-30,JHSF3,3.8
2020-03-30,KLBN11,15.73
2020-03-30,LAME4,19.04
2020-03-30,LCAM3,11.63
2020-03-30,LOGG3,21.9
2020-03-30,LREN3,35.69
2020-03-30,LWSA3,18.35
2020-03-30,MGLU3,41.6
2020-03-30,MRFG3,8.95
2020-03-30,MRVE3,13.04
2020-03-30,MULT3,20.95
2020-03-30,NTCO3,27.43
2020-03-30,PCAR3,65.0
2020-03-30,PETR3,13.44
2020-03-30,PETR4,13.38
2020-03-30,POMO4,2.66
2020-03-30,PRIO3,17.0
2020-03-30,PSSA3,45.3
2020-03-30,QUAL3,24.08
2020-03-30,RADL3,104.34
2020-03-30,RAIL3,19.8
2020-03-30,RENT3,28.7
2020-03-30,SANB11,28.2
2020-03-30,SBSP3,40.81
2020-03-30,SLCE3,22.86
2020-03-30,SMLS3,13.65
2020-03-30,SMTO3,15.66
2020-03-30,STBP3,4.84
2020-03-30,SULA11,35.9
2020-03-30,SUZB3,33.99
2020-03-30,TAEE11,25.27
2020-03-30,TEND3,22.75
2020-03-30,TIMP3,13.27
2020-03-30,TOTS3,46.94
2020-03-30,TRPL4,19.37
2020-03-30,UGPA3,12.6
2020-03-30,USIM5,4.78
2020-03-30,VALE3,41.77
2020-03-30,VIVA3,17.1
2020-03-30,VIVT3,49.0
2020-03-30,VIVT4,49.39
2020-03-30,VVAR3,5.45
2020-03-30,WEGE3,34.02
2020-03-30,YDUQ3,26.77
2020-03-31,ABEV3,11.92
2020-03-31,ALPA4,23.16
2020-03-31,ALSO3,26.6
2020-03-31,ARZZ3,36.87
2020-03-31,AZUL4,17.55
2020-03-31,B3SA3,35.9
2020-03-31,BBAS3,27.89
2020-03-31,BBDC3,18.81
2020-03-31,BBDC4,20.77
2020-03-31,BBSE3,24.85
2020-03-31,BEEF3,7.95
2020-03-31,BIDI11,31.59
2020-03-31,BIDI4,10.59
2020-03-31,BPAC11,33.24
2020-03-31,BPAN4,4.73
2020-03-31,BRAP4,29.16
2020-03-31,BRDT3,15.51
2020-03-31,BRFS3,15.09
2020-03-31,BRKM5,17.22
2020-03-31,BRML3,9.98
2020-03-31,BTOW3,48.0
2020-03-31,CCRO3,11.73
2020-03-31,CEAB3,6.7
2020-03-31,CIEL3,4.44
2020-03-31,CMIG4,8.91
2020-03-31,COGN3,4.0
2020-03-31,CPFE3,26.87
2020-03-31,CPLE3,58.38
2020-03-31,CPLE6,53.5
2020-03-31,CRFB3,20.63
2020-03-31,CSAN3,53.76
2020-03-31,CSMG3,40.9
2020-03-31,CSNA3,6.98
2020-03-31,CVCB3,11.1
2020-03-31,CYRE3,14.13
2020-03-31,DIRR3,8.38
2020-03-31,ECOR3,9.45
2020-03-31,EGIE3,38.92
2020-03-31,ELET3,23.86
2020-03-31,ELET6,26.03
2020-03-31,EMBR3,9.54
2020-03-31,ENBR3,16.28
2020-03-31,ENEV3,34.75
2020-03-31,ENGI11,37.8
2020-03-31,EQTL3,17.6
2020-03-31,EZTC3,29.7
2020-03-31,FLRY3,20.24
2020-03-31,GGBR4,10.05
2020-03-31,GNDI3,44.96
2020-03-31,GOAU4,4.65
2020-03-31,GOLL4,11.37
2020-03-31,HAPV3,42.4
2020-03-31,HGTX3,14.88
2020-03-31,HYPE3,28.59
2020-03-31,IGTA3,31.25
2020-03-31,IRBR3,9.68
2020-03-31,ITSA4,8.77
2020-03-31,ITUB4,23.09
2020-03-31,JBSS3,20.34
2020-03-31,JHSF3,3.5
2020-03-31,KLBN11,15.99
2020-03-31,LAME4,18.0
2020-03-31,LCAM3,10.49
2020-03-31,LOGG3,21.9
2020-03-31,LREN3,33.56
2020-03-31,LWSA3,18.0
2020-03-31,MGLU3,38.99
2020-03-31,MRFG3,8.85
2020-03-31,MRVE3,12.24
2020-03-31,MULT3,19.08
2020-03-31,NTCO3,25.74
2020-03-31,PCAR3,66.34
2020-03-31,PETR3,14.14
2020-03-31,PETR4,13.99
2020-03-31,POMO4,2.47
2020-03-31,PRIO3,16.7
2020-03-31,PSSA3,44.92
2020-03-31,QUAL3,23.6
2020-03-31,RADL3,101.85
2020-03-31,RAIL3,19.65
2020-03-31,RENT3,26.3
2020-03-31,SANB11,26.67
2020-03-31,SBSP3,39.11
2020-03-31,SLCE3,22.7
2020-03-31,SMLS3,12.35
2020-03-31,SMTO3,14.78
2020-03-31,STBP3,4.48
2020-03-31,SULA11,33.8
2020-03-31,SUZB3,35.79
2020-03-31,TAEE11,25.83
2020-03-31,TEND3,20.62
2020-03-31,TIMP3,12.44
2020-03-31,TOTS3,46.68
2020-03-31,TRPL4,18.97
2020-03-31,UGPA3,12.53
2020-03-31,USIM5,4.92
2020-03-31,VALE3,43.22
2020-03-31,VIVA3,15.77
2020-03-31,VIVT3,50.6
2020-03-31,VIVT4,49.45
2020-03-31,VVAR3,5.28
2020-03-31,WEGE3,33.57
2020-03-31,YDUQ3,22.17
2020-04-01,ABEV3,11.69
2020-04-01,ALPA4,22.49
2020-04-01,ALSO3,24.89
2020-04-01,ARZZ3,36.1
2020-04-01,AZUL4,14.85
2020-04-01,B3SA3,34.65
2020-04-01,BBAS3,26.71
2020-04-01,BBDC3,17.99
2020-04-01,BBDC4,19.86
2020-04-01,BBSE3,24.06
2020-04-01,BEEF3,8.25
2020-04-01,BIDI11,30.88
2020-04-01,BIDI4,10.22
2020-04-01,BPAC11,30.0
2020-04-01,BPAN4,4.57
2020-04-01,BRAP4,29.26
2020-04-01,BRDT3,14.02
2020-04-01,BRFS3,15.61
2020-04-01,BRKM5,16.27
2020-04-01,BRML3,9.46
2020-04-01,BTOW3,48.08
2020-04-01,CCRO3,11.63
2020-04-01,CEAB3,5.75
2020-04-01,CIEL3,4.28
2020-04-01,CMIG4,8.43
2020-04-01,COGN3,3.87
2020-04-01,CPFE3,26.29
2020-04-01,CPLE3,54.98
2020-04-01,CPLE6,51.07
2020-04-01,CRFB3,19.72
2020-04-01,CSAN3,49.9
2020-04-01,CSMG3,39.19
2020-04-01,CSNA3,6.84
2020-04-01,CVCB3,9.4
2020-04-01,CYRE3,12.96
2020-04-01,DIRR3,7.8
2020-04-01,ECOR3,9.06
2020-04-01,EGIE3,38.2
2020-04-01,ELET3,22.16
2020-04-01,ELET6,24.94
2020-04-01,EMBR3,9.44
2020-04-01,ENBR3,15.5
2020-04-01,ENEV3,34.19
2020-04-01,ENGI11,35.85
2020-04-01,EQTL3,16.41
2020-04-01,EZTC3,25.89
2020-04-01,FLRY3,20.0
2020-04-01,GGBR4,9.57
2020-04-01,GNDI3,41.42
2020-04-01,GOAU4,4.46
2020-04-01,GOLL4,9.98
2020-04-01,HAPV3,40.08
2020-04-01,HGTX3,13.53
2020-04-01,HYPE3,27.21
2020-04-01,IGTA3,29.91
2020-04-01,IRBR3,9.31
2020-04-01,ITSA4,8.26
2020-04-01,ITUB4,21.4
2020-04-01,JBSS3,21.77
2020-04-01,JHSF3,3.21
2020-04-01,KLBN11,15.75
2020-04-01,LAME4,17.95
2020-04-01,LCAM3,9.81
2020-04-01,LOGG3,18.7
2020-04-01,LREN3,32.25
2020-04-01,LWSA3,15.0
2020-04-01,MGLU3,37.48
2020-04-01,MRFG3,9.2
2020-04-01,MRVE3,11.0
2020-04-01,MULT3,18.53
2020-04-01,NTCO3,23.19
2020-04-01,PCAR3,63.95
2020-04-01,PETR3,14.21
2020-04-01,PETR4,14.3
2020-04-01,POMO4,2.42
2020-04-01,PRIO3,16.48
2020-04-01,PSSA3,42.93
2020-04-01,QUAL3,22.39
2020-04-01,RADL3,103.4
2020-04-01,RAIL3,19.56
2020-04-01,RENT3,23.7
2020-04-01,SANB11,24.74
2020-04-01,SBSP3,36.64
2020-04-01,SLCE3,22.13
2020-04-01,SMLS3,12.29
2020-04-01,SMTO3,13.98
2020-04-01,STBP3,3.99
2020-04-01,SULA11,34.34
2020-04-01,SUZB3,37.38
2020-04-01,TAEE11,25.41
2020-04-01,TEND3,19.32
2020-04-01,TIMP3,12.77
2020-04-01,TOTS3,44.77
2020-04-01,TRPL4,18.24
2020-04-01,UGPA3,11.46
2020-04-01,USIM5,4.69
2020-04-01,VALE3,43.37
2020-04-01,VIVA3,13.44
2020-04-01,VIVT3,50.1
2020-04-01,VIVT4,51.12
2020-04-01,VVAR3,4.65
2020-04-01,WEGE3,32.43
2020-04-01,YDUQ3,21.7
2020-04-02,ABEV3,11.99
2020-04-02,ALPA4,23.97
2020-04-02,ALSO3,24.69
2020-04-02,ARZZ3,36.09
2020-04-02,AZUL4,14.61
2020-04-02,B3SA3,36.8
2020-04-02,BBAS3,27.02
2020-04-02,BBDC3,18.39
2020-04-02,BBDC4,19.95
2020-04-02,BBSE3,23.48
2020-04-02,BEEF3,8.57
2020-04-02,BIDI11,31.14
2020-04-02,BIDI4,10.46
2020-04-02,BPAC11,31.91
2020-04-02,BPAN4,4.48
2020-04-02,BRAP4,28.99
2020-04-02,BRDT3,14.35
2020-04-02,BRFS3,16.25
2020-04-02,BRKM5,16.87
2020-04-02,BRML3,9.53
2020-04-02,BTOW3,49.74
2020-04-02,CCRO3,11.44
2020-04-02,CEAB3,6.04
2020-04-02,CIEL3,4.23
2020-04-02,CMIG4,8.21
2020-04-02,COGN3,3.66
2020-04-02,CPFE3,25.9
2020-04-02,CPLE3,55.9
2020-04-02,CPLE6,51.5
2020-04-02,CRFB3,21.47
2020-04-02,CSAN3,49.71
2020-04-02,CSMG3,38.7
2020-04-02,CSNA3,6.97
2020-04-02,CVCB3,10.25
2020-04-02,CYRE3,12.45
2020-04-02,DIRR3,7.18
2020-04-02,ECOR3,9.0
2020-04-02,EGIE3,38.11
2020-04-02,ELET3,22.49
2020-04-02,ELET6,25.24
2020-04-02,EMBR3,9.25
2020-04-02,ENBR3,15.22
2020-04-02,ENEV3,34.2
2020-04-02,ENGI11,36.0
2020-04-02,EQTL3,16.24
2020-04-02,EZTC3,24.75
2020-04-02,FLRY3,20.2
2020-04-02,GGBR4,10.04
2020-04-02,GNDI3,42.46
2020-04-02,GOAU4,4.56
2020-04-02,GOLL4,10.13
2020-04-02,HAPV3,40.81
2020-04-02,HGTX3,14.15
2020-04-02,HYPE3,29.52
2020-04-02,IGTA3,29.49
2020-04-02,IRBR3,9.17
2020-04-02,ITSA4,8.37
2020-04-02,ITUB4,21.5
2020-04-02,JBSS3,20.9
2020-04-02,JHSF3,3.03
2020-04-02,KLBN11,16.85
2020-04-02,LAME4,18.55
2020-04-02,LCAM3,9.97
2020-04-02,LOGG3,18.09
2020-04-02,LREN3,32.14
2020-04-02,LWSA3,14.46
2020-04-02,MGLU3,35.89
2020-04-02,MRFG3,8.85
2020-04-02,MRVE3,11.4
2020-04-02,MULT3,18.62
2020-04-02,NTCO3,23.88
2020-04-02,PCAR3,64.99
2020-04-02,PETR3,15.43
2020-04-02,PETR4,15.51
2020-04-02,POMO4,2.36
2020-04-02,PRIO3,19.5
2020-04-02,PSSA3,44.0
2020-04-02,QUAL3,22.61
2020-04-02,RADL3,104.85
2020-04-02,RAIL3,20.34
2020-04-02,RENT3,26.14
2020-04-02,SANB11,25.51
2020-04-02,SBSP3,35.85
2020-04-02,SLCE3,20.8
2020-04-02,SMLS3,12.0
2020-04-02,SMTO3,14.69
2020-04-02,STBP3,3.92
2020-04-02,SULA11,35.55
2020-04-02,SUZB3,39.9
2020-04-02,TAEE11,26.35
2020-04-02,TEND3,20.0
2020-04-02,TIMP3,12.59
2020-04-02,TOTS3,45.6
2020-04-02,TRPL4,19.05
2020-04-02,UGPA3,11.53
2020-04-02,USIM5,4.63
2020-04-02,VALE3,42.78
2020-04-02,VIVA3,14.19
2020-04-02,VIVT3,50.6
2020-04-02,VIVT4,51.84
2020-04-02,VVAR3,4.38
2020-04-02,WEGE3,34.1
2020-04-02,YDUQ3,20.62
2020-04-03,ABEV3,11.39
2020-04-03,ALPA4,23.7
2020-04-03,ALSO3,23.91
2020-04-03,ARZZ3,33.03
2020-04-03,AZUL4,14.1
2020-04-03,B3SA3,35.85
2020-04-03,BBAS3,25.5
2020-04-03,BBDC3,17.67
2020-04-03,BBDC4,19.21
2020-04-03,BBSE3,23.29
2020-04-03,BEEF3,8.75
2020-04-03,BIDI11,28.36
2020-04-03,BIDI4,9.32
2020-04-03,BPAC11,32.31
2020-04-03,BPAN4,4.16
2020-04-03,BRAP4,26.92
2020-04-03,BRDT3,13.85
2020-04-03,BRFS3,15.26
2020-04-03,BRKM5,15.62
2020-04-03,BRML3,8.85
2020-04-03,BTOW3,45.1
2020-04-03,CCRO3,11.25
2020-04-03,CEAB3,6.09
2020-04-03,CIEL3,3.98
2020-04-03,CMIG4,7.95
2020-04-03,COGN3,3.72
2020-04-03,CPFE3,25.83
2020-04-03,CPLE3,53.1
2020-04-03,CPLE6,48.48
2020-04-03,CRFB3,21.18
2020-04-03,CSAN3,48.1
2020-04-03,CSMG3,38.18
2020-04-03,CSNA3,6.25
2020-04-03,CVCB3,9.9
2020-04-03,CYRE3,12.77
2020-04-03,DIRR3,7.41
2020-04-03,ECOR3,8.25
2020-04-03,EGIE3,37.56
2020-04-03,ELET3,21.67
2020-04-03,ELET6,24.95
2020-04-03,EMBR3,8.48
2020-04-03,ENBR3,14.61
2020-04-03,ENEV3,32.35
2020-04-03,ENGI11,36.0
2020-04-03,EQTL3,15.88
2020-04-03,EZTC3,25.3
2020-04-03,FLRY3,19.21
2020-04-03,GGBR4,9.33
2020-04-03,GNDI3,37.35
2020-04-03,GOAU4,4.18
2020-04-03,GOLL4,9.47
2020-04-03,HAPV3,37.75
2020-04-03,HGTX3,13.29
2020-04-03,HYPE3,28.72
2020-04-03,IGTA3,28.82
2020-04-03,IRBR3,8.59
2020-04-03,ITSA4,8.11
2020-04-03,ITUB4,20.66
2020-04-03,JBSS3,20.4
2020-04-03,JHSF3,3.01
2020-04-03,KLBN11,16.61
2020-04-03,LAME4,17.44
2020-04-03,LCAM3,9.5
2020-04-03,LOGG3,17.58
2020-04-03,LREN3,30.96
2020-04-03,LWSA3,16.72
2020-04-03,MGLU3,35.54
2020-04-03,MRFG3,8.62
2020-04-03,MRVE3,11.23
2020-04-03,MULT3,18.14
2020-04-03,NTCO3,23.68
2020-04-03,PCAR3,62.91
2020-04-03,PETR3,15.32
2020-04-03,PETR4,15.34
2020-04-03,POMO4,2.22
2020-04-03,PRIO3,20.83
2020-04-03,PSSA3,42.15
2020-04-03,QUAL3,21.36
2020-04-03,RADL3,95.0
2020-04-03,RAIL3,20.64
2020-04-03,RENT3,23.31
2020-04-03,SANB11,23.86
2020-04-03,SBSP3,34.18
2020-04-03,SLCE3,20.0
2020-04-03,SMLS3,11.37
2020-04-03,SMTO3,14.93
2020-04-03,STBP3,3.73
2020-04-03,SULA11,34.31
2020-04-03,SUZB3,39.8
2020-04-03,TAEE11,26.5
2020-04-03,TEND3,19.38
2020-04-03,TIMP3,12.35
2020-04-03,TOTS3,43.94
2020-04-03,TRPL4,19.45
2020-04-03,UGPA3,11.12
2020-04-03,USIM5,4.08
2020-04-03,VALE3,40.5
2020-04-03,VIVA3,13.95
2020-04-03,VIVT3,49.91
2020-04-03,VIVT4,50.31
2020-04-03,VVAR3,4.1
2020-04-03,WEGE3,32.89
2020-04-03,YDUQ3,21.03
2020-04-06,ABEV3,11.86
2020-04-06,ALPA4,23.95
2020-04-06,ALSO3,25.74
2020-04-06,ARZZ3,37.5
2020-04-06,AZUL4,15.6
2020-04-06,B3SA3,37.21
2020-04-06,BBAS3,27.86
2020-04-06,BBDC3,19.46
2020-04-06,BBDC4,21.03
2020-04-06,BBSE3,23.63
2020-04-06,BEEF3,9.0
2020-04-06,BIDI11,28.71
2020-04-06,BIDI4,9.23
2020-04-06,BPAC11,35.45
2020-04-06,BPAN4,4.49
2020-04-06,BRAP4,28.87
2020-04-06,BRDT3,15.9
2020-04-06,BRFS3,17.68
2020-04-06,BRKM5,16.56
2020-04-06,BRML3,9.14
2020-04-06,BTOW3,53.84
2020-04-06,CCRO3,12.04
2020-04-06,CEAB3,6.8
2020-04-06,CIEL3,4.05
2020-04-06,CMIG4,8.5
2020-04-06,COGN3,4.2
2020-04-06,CPFE3,26.54
2020-04-06,CPLE3,56.78
2020-04-06,CPLE6,53.19
2020-04-06,CRFB3,21.27
2020-04-06,CSAN3,51.11
2020-04-06,CSMG3,40.19
2020-04-06,CSNA3,6.55
2020-04-06,CVCB3,10.33
2020-04-06,CYRE3,13.2
2020-04-06,DIRR3,7.67
2020-04-06,ECOR3,9.35
2020-04-06,EGIE3,38.85
2020-04-06,ELET3,21.59
2020-04-06,ELET6,24.85
2020-04-06,EMBR3,8.86
2020-04-06,ENBR3,15.71
2020-04-06,ENEV3,32.71
2020-04-06,ENGI11,38.1
2020-04-06,EQTL3,16.81
2020-04-06,EZTC3,27.86
2020-04-06,FLRY3,20.0
2020-04-06,GGBR4,9.7
2020-04-06,GNDI3,43.61
2020-04-06,GOAU4,4.34
2020-04-06,GOLL4,10.15
2020-04-06,HAPV3,43.0
2020-04-06,HGTX3,13.8
2020-04-06,HYPE3,29.76
2020-04-06,IGTA3,30.58
2020-04-06,IRBR3,10.18
2020-04-06,ITSA4,8.71
2020-04-06,ITUB4,22.18
2020-04-06,JBSS3,21.09
2020-04-06,JHSF3,3.15
2020-04-06,KLBN11,16.49
2020-04-06,LAME4,19.5
2020-04-06,LCAM3,10.5
2020-04-06,LOGG3,19.85
2020-04-06,LREN3,34.75
2020-04-06,LWSA3,17.55
2020-04-06,MGLU3,38.2
2020-04-06,MRFG3,9.32
2020-04-06,MRVE3,11.97
2020-04-06,MULT3,19.68
2020-04-06,NTCO3,26.44
2020-04-06,PCAR3,65.25
2020-04-06,PETR3,16.15
2020-04-06,PETR4,15.77
2020-04-06,POMO4,2.27
2020-04-06,PRIO3,25.72
2020-04-06,PSSA3,45.29
2020-04-06,QUAL3,22.95
2020-04-06,RADL3,97.0
2020-04-06,RAIL3,20.76
2020-04-06,RENT3,28.0
2020-04-06,SANB11,26.44
2020-04-06,SBSP3,36.34
2020-04-06,SLCE3,20.49
2020-04-06,SMLS3,12.3
2020-04-06,SMTO3,15.19
2020-04-06,STBP3,3.8
2020-04-06,SULA11,38.57
2020-04-06,SUZB3,40.02
2020-04-06,TAEE11,27.1
2020-04-06,TEND3,20.65
2020-04-06,TIMP3,13.38
2020-04-06,TOTS3,46.71
2020-04-06,TRPL4,19.8
2020-04-06,UGPA3,12.43
2020-04-06,USIM5,4.07
2020-04-06,VALE3,43.13
2020-04-06,VIVA3,14.8
2020-04-06,VIVT3,52.14
2020-04-06,VIVT4,52.0
2020-04-06,VVAR3,4.36
2020-04-06,WEGE3,33.28
2020-04-06,YDUQ3,22.21
2020-04-07,ABEV3,12.41
2020-04-07,ALPA4,26.12
2020-04-07,ALSO3,26.62
2020-04-07,ARZZ3,38.89
2020-04-07,AZUL4,15.6
2020-04-07,B3SA3,38.5
2020-04-07,BBAS3,29.17
2020-04-07,BBDC3,20.54
2020-04-07,BBDC4,21.82
2020-04-07,BBSE3,24.98
2020-04-07,BEEF3,8.96
2020-04-07,BIDI11,27.8
2020-04-07,BIDI4,9.21
2020-04-07,BPAC11,38.23
2020-04-07,BPAN4,4.52
2020-04-07,BRAP4,29.22
2020-04-07,BRDT3,18.28
2020-04-07,BRFS3,17.53
2020-04-07,BRKM5,16.72
2020-04-07,BRML3,9.12
2020-04-07,BTOW3,57.5
2020-04-07,CCRO3,12.13
2020-04-07,CEAB3,8.01
2020-04-07,CIEL3,4.11
2020-04-07,CMIG4,8.67
2020-04-07,COGN3,4.48
2020-04-07,CPFE3,27.32
2020-04-07,CPLE3,57.62
2020-04-07,CPLE6,54.52
2020-04-07,CRFB3,20.86
2020-04-07,CSAN3,52.5
2020-04-07,CSMG3,42.73
2020-04-07,CSNA3,6.95
2020-04-07,CVCB3,11.6
2020-04-07,CYRE3,13.8
2020-04-07,DIRR3,8.25
2020-04-07,ECOR3,9.35
2020-04-07,EGIE3,38.44
2020-04-07,ELET3,22.29
2020-04-07,ELET6,25.62
2020-04-07,EMBR3,8.75
2020-04-07,ENBR3,15.88
2020-04-07,ENEV3,34.17
2020-04-07,ENGI11,38.2
2020-04-07,EQTL3,16.48
2020-04-07,EZTC3,29.2
2020-04-07,FLRY3,21.39
2020-04-07,GGBR4,10.32
2020-04-07,GNDI3,48.68
2020-04-07,GOAU4,4.6
2020-04-07,GOLL4,10.95
2020-04-07,HAPV3,48.3
2020-04-07,HGTX3,13.79
2020-04-07,HYPE3,30.05
2020-04-07,IGTA3,31.03
2020-04-07,IRBR3,10.2
2020-04-07,ITSA4,8.97
2020-04-07,ITUB4,23.0
2020-04-07,JBSS3,19.85
2020-04-07,JHSF3,3.43
2020-04-07,KLBN11,16.1
2020-04-07,LAME4,20.46
2020-04-07,LCAM3,11.22
2020-04-07,LOGG3,20.4
2020-04-07,LREN3,37.0
2020-04-07,LWSA3,18.58
2020-04-07,MGLU3,40.09
2020-04-07,MRFG3,8.94
2020-04-07,MRVE3,12.37
2020-04-07,MULT3,20.12
2020-04-07,NTCO3,28.96
2020-04-07,PCAR3,65.76
2020-04-07,PETR3,16.56
2020-04-07,PETR4,16.4
2020-04-07,POMO4,2.42
2020-04-07,PRIO3,27.5
2020-04-07,PSSA3,46.46
2020-04-07,QUAL3,25.17
2020-04-07,RADL3,100.49
2020-04-07,RAIL3,19.61
2020-04-07,RENT3,29.22
2020-04-07,SANB11,27.36
2020-04-07,SBSP3,38.34
2020-04-07,SLCE3,20.4
2020-04-07,SMLS3,13.2
2020-04-07,SMTO3,16.37
2020-04-07,STBP3,3.9
2020-04-07,SULA11,39.72
2020-04-07,SUZB3,37.19
2020-04-07,TAEE11,27.0
2020-04-07,TEND3,21.72
2020-04-07,TIMP3,13.38
2020-04-07,TOTS3,50.9
2020-04-07,TRPL4,19.35
2020-04-07,UGPA3,12.87
2020-04-07,USIM5,4.11
2020-04-07,VALE3,43.78
2020-04-07,VIVA3,15.7
2020-04-07,VIVT3,51.8
2020-04-07,VIVT4,51.23
2020-04-07,VVAR3,4.42
2020-04-07,WEGE3,37.3
2020-04-07,YDUQ3,26.5
2020-04-08,ABEV3,12.31
2020-04-08,ALPA4,25.9
2020-04-08,ALSO3,26.92
2020-04-08,ARZZ3,39.57
2020-04-08,AZUL4,16.79
2020-04-08,B3SA3,39.31
2020-04-08,BBAS3,29.73
2020-04-08,BBDC3,20.91
2020-04-08,BBDC4,22.4
2020-04-08,BBSE3,25.51
2020-04-08,BEEF3,8.71
2020-04-08,BIDI11,28.0
2020-04-08,BIDI4,9.32
2020-04-08,BPAC11,39.89
2020-04-08,BPAN4,4.79
2020-04-08,BRAP4,29.16
2020-04-08,BRDT3,19.1
2020-04-08,BRFS3,17.4
2020-04-08,BRKM5,16.51
2020-04-08,BRML3,9.95
2020-04-08,BTOW3,61.39
2020-04-08,CCRO3,12.4
2020-04-08,CEAB3,8.7
2020-04-08,CIEL3,5.02
2020-04-08,CMIG4,8.87
2020-04-08,COGN3,4.6
2020-04-08,CPFE3,27.6
2020-04-08,CPLE3,53.75
2020-04-08,CPLE6,54.51
2020-04-08,CRFB3,20.85
2020-04-08,CSAN3,53.31
2020-04-08,CSMG3,45.0
2020-04-08,CSNA3,7.41
2020-04-08,CVCB3,11.75
2020-04-08,CYRE3,14.35
2020-04-08,DIRR3,8.82
2020-04-08,ECOR3,10.13
2020-04-08,EGIE3,38.96
2020-04-08,ELET3,23.99
2020-04-08,ELET6,26.95
2020-04-08,EMBR3,9.34
2020-04-08,ENBR3,15.94
2020-04-08,ENEV3,33.6
2020-04-08,ENGI11,40.75
2020-04-08,EQTL3,17.52
2020-04-08,EZTC3,30.56
2020-04-08,FLRY3,21.64
2020-04-08,GGBR4,11.05
2020-04-08,GNDI3,50.23
2020-04-08,GOAU4,4.89
2020-04-08,GOLL4,11.99
2020-04-08,HAPV3,49.99
2020-04-08,HGTX3,13.93
2020-04-08,HYPE3,32.12
2020-04-08,IGTA3,32.0
2020-04-08,IRBR3,10.14
2020-04-08,ITSA4,9.32
2020-04-08,ITUB4,24.18
2020-04-08,JBSS3,19.36
2020-04-08,JHSF3,3.72
2020-04-08,KLBN11,16.24
2020-04-08,LAME4,21.89
2020-04-08,LCAM3,12.58
2020-04-08,LOGG3,21.14
2020-04-08,LREN3,37.75
2020-04-08,LWSA3,19.01
2020-04-08,MGLU3,41.96
2020-04-08,MRFG3,8.95
2020-04-08,MRVE3,12.91
2020-04-08,MULT3,20.17
2020-04-08,NTCO3,30.11
2020-04-08,PCAR3,66.0
2020-04-08,PETR3,17.5
2020-04-08,PETR4,17.32
2020-04-08,POMO4,2.49
2020-04-08,PRIO3,27.99
2020-04-08,PSSA3,48.4
2020-04-08,QUAL3,25.21
2020-04-08,RADL3,101.39
2020-04-08,RAIL3,19.38
2020-04-08,RENT3,31.9
2020-04-08,SANB11,27.77
2020-04-08,SBSP3,40.4
2020-04-08,SLCE3,19.92
2020-04-08,SMLS3,14.3
2020-04-08,SMTO3,16.15
2020-04-08,STBP3,4.0
2020-04-08,SULA11,40.75
2020-04-08,SUZB3,37.96
2020-04-08,TAEE11,27.04
2020-04-08,TEND3,22.61
2020-04-08,TIMP3,13.54
2020-04-08,TOTS3,54.49
2020-04-08,TRPL4,19.05
2020-04-08,UGPA3,13.72
2020-04-08,USIM5,4.39
2020-04-08,VALE3,43.51
2020-04-08,VIVA3,15.85
2020-04-08,VIVT3,51.9
2020-04-08,VIVT4,52.48
2020-04-08,VVAR3,5.03
2020-04-08,WEGE3,39.99
2020-04-08,YDUQ3,27.45
2020-04-09,ABEV3,12.1
2020-04-09,ALPA4,25.99
2020-04-09,ALSO3,26.82
2020-04-09,ARZZ3,37.6
2020-04-09,AZUL4,16.3
2020-04-09,B3SA3,39.01
2020-04-09,BBAS3,29.65
2020-04-09,BBDC3,20.68
2020-04-09,BBDC4,22.39
2020-04-09,BBSE3,25.78
2020-04-09,BEEF3,8.63
2020-04-09,BIDI11,29.65
2020-04-09,BIDI4,9.4
2020-04-09,BPAC11,41.75
2020-04-09,BPAN4,5.12
2020-04-09,BRAP4,28.61
2020-04-09,BRDT3,19.42
2020-04-09,BRFS3,18.04
2020-04-09,BRKM5,16.29
2020-04-09,BRML3,9.45
2020-04-09,BTOW3,57.73
2020-04-09,CCRO3,12.81
2020-04-09,CEAB3,8.6
2020-04-09,CIEL3,4.83
2020-04-09,CMIG4,9.17
2020-04-09,COGN3,4.58
2020-04-09,CPFE3,27.8
2020-04-09,CPLE3,55.14
2020-04-09,CPLE6,56.23
2020-04-09,CRFB3,20.0
2020-04-09,CSAN3,51.57
2020-04-09,CSMG3,46.5
2020-04-09,CSNA3,7.17
2020-04-09,CVCB3,12.95
2020-04-09,CYRE3,14.6
2020-04-09,DIRR3,9.13
2020-04-09,ECOR3,10.7
2020-04-09,EGIE3,39.27
2020-04-09,ELET3,25.26
2020-04-09,ELET6,28.34
2020-04-09,EMBR3,9.63
2020-04-09,ENBR3,16.09
2020-04-09,ENEV3,34.27
2020-04-09,ENGI11,41.71
2020-04-09,EQTL3,18.33
2020-04-09,EZTC3,30.2
2020-04-09,FLRY3,21.55
2020-04-09,GGBR4,10.7
2020-04-09,GNDI3,52.15
2020-04-09,GOAU4,4.72
2020-04-09,GOLL4,11.63
2020-04-09,HAPV3,48.86
2020-04-09,HGTX3,14.45
2020-04-09,HYPE3,31.46
2020-04-09,IGTA3,30.71
2020-04-09,IRBR3,10.1
2020-04-09,ITSA4,9.24
2020-04-09,ITUB4,23.5
2020-04-09,JBSS3,19.0
2020-04-09,JHSF3,3.64
2020-04-09,KLBN11,16.0
2020-04-09,LAME4,21.3
2020-04-09,LCAM3,12.33
2020-04-09,LOGG3,20.81
2020-04-09,LREN3,36.58
2020-04-09,LWSA3,19.96
2020-04-09,MGLU3,41.65
2020-04-09,MRFG3,8.86
2020-04-09,MRVE3,13.36
2020-04-09,MULT3,19.56
2020-04-09,NTCO3,28.98
2020-04-09,PCAR3,63.3
2020-04-09,PETR3,16.86
2020-04-09,PETR4,16.82
2020-04-09,POMO4,2.43
2020-04-09,PRIO3,24.7
2020-04-09,PSSA3,48.25
2020-04-09,QUAL3,24.05
2020-04-09,RADL3,101.96
2020-04-09,RAIL3,19.47
2020-04-09,RENT3,30.15
2020-04-09,SANB11,27.58
2020-04-09,SBSP3,41.78
2020-04-09,SLCE3,20.36
2020-04-09,SMLS3,14.3
2020-04-09,SMTO3,17.01
2020-04-09,STBP3,4.0
2020-04-09,SULA11,39.3
2020-04-09,SUZB3,35.4
2020-04-09,TAEE11,26.76
2020-04-09,TEND3,22.9
2020-04-09,TIMP3,13.31
2020-04-09,TOTS3,53.75
2020-04-09,TRPL4,19.18
2020-04-09,UGPA3,14.24
2020-04-09,USIM5,4.33
2020-04-09,VALE3,43.28
2020-04-09,VIVA3,16.05
2020-04-09,VIVT3,50.86
2020-04-09,VIVT4,50.8
2020-04-09,VVAR3,5.15
2020-04-09,WEGE3,38.3
2020-04-09,YDUQ3,27.05
2020-04-13,ABEV3,12.1
2020-04-13,ALPA4,25.01
2020-04-13,ALSO3,26.81
2020-04-13,ARZZ3,36.55
2020-04-13,AZUL4,16.15
2020-04-13,B3SA3,39.34
2020-04-13,BBAS3,30.24
2020-04-13,BBDC3,21.24
2020-04-13,BBDC4,22.97
2020-04-13,BBSE3,26.09
2020-04-13,BEEF3,9.12
2020-04-13,BIDI11,28.4
2020-04-13,BIDI4,9.6
2020-04-13,BPAC11,40.0
2020-04-13,BPAN4,5.46
2020-04-13,BRAP4,30.07
2020-04-13,BRDT3,18.9
2020-04-13,BRFS3,17.82
2020-04-13,BRKM5,16.81
2020-04-13,BRML3,9.52
2020-04-13,BTOW3,58.3
2020-04-13,CCRO3,12.5
2020-04-13,CEAB3,8.5
2020-04-13,CIEL3,4.95
2020-04-13,CMIG4,9.48
2020-04-13,COGN3,4.87
2020-04-13,CPFE3,28.79
2020-04-13,CPLE3,55.19
2020-04-13,CPLE6,56.5
2020-04-13,CRFB3,20.7
2020-04-13,CSAN3,53.6
2020-04-13,CSMG3,46.35
2020-04-13,CSNA3,7.33
2020-04-13,CVCB3,13.1
2020-04-13,CYRE3,14.28
2020-04-13,DIRR3,8.85
2020-04-13,ECOR3,10.9
2020-04-13,EGIE3,39.99
2020-04-13,ELET3,26.4
2020-04-13,ELET6,29.19
2020-04-13,EMBR3,9.76
2020-04-13,ENBR3,16.39
2020-04-13,ENEV3,34.77
2020-04-13,ENGI11,41.43
2020-04-13,EQTL3,18.49
2020-04-13,EZTC3,29.6
2020-04-13,FLRY3,21.34
2020-04-13,GGBR4,11.23
2020-04-13,GNDI3,51.0
2020-04-13,GOAU4,4.96
2020-04-13,GOLL4,11.45
2020-04-13,HAPV3,49.09
2020-04-13,HGTX3,14.06
2020-04-13,HYPE3,31.16
2020-04-13,IGTA3,30.97
2020-04-13,IRBR3,10.39
2020-04-13,ITSA4,9.49
2020-04-13,ITUB4,24.0
2020-04-13,JBSS3,19.76
2020-04-13,JHSF3,3.7
2020-04-13,KLBN11,16.2
2020-04-13,LAME4,20.69
2020-04-13,LCAM3,12.35
2020-04-13,LOGG3,20.85
2020-04-13,LREN3,36.04
2020-04-13,LWSA3,18.69
2020-04-13,MGLU3,41.91
2020-04-13,MRFG3,9.39
2020-04-13,MRVE3,13.29
2020-04-13,MULT3,19.7
2020-04-13,NTCO3,28.26
2020-04-13,PCAR3,63.55
2020-04-13,PETR3,17.3
2020-04-13,PETR4,16.93
2020-04-13,POMO4,2.47
2020-04-13,PRIO3,23.46
2020-04-13,PSSA3,47.82
2020-04-13,QUAL3,23.59
2020-04-13,RADL3,101.08
2020-04-13,RAIL3,19.86
2020-04-13,RENT3,29.75
2020-04-13,SANB11,28.29
2020-04-13,SBSP3,41.4
2020-04-13,SLCE3,21.23
2020-04-13,SMLS3,13.51
2020-04-13,SMTO3,16.45
2020-04-13,STBP3,4.06
2020-04-13,SULA11,40.75
2020-04-13,SUZB3,36.37
2020-04-13,TAEE11,27.0
2020-04-13,TEND3,22.22
2020-04-13,TIMP3,13.46
2020-04-13,TOTS3,55.65
2020-04-13,TRPL4,19.16
2020-04-13,UGPA3,14.53
2020-04-13,USIM5,4.51
2020-04-13,VALE3,44.57
2020-04-13,VIVA3,15.4
2020-04-13,VIVT3,51.99
2020-04-13,VIVT4,51.75
2020-04-13,VVAR3,5.43
2020-04-13,WEGE3,39.26
2020-04-13,YDUQ3,26.3
2020-04-14,ABEV3,12.09
2020-04-14,ALPA4,26.49
2020-04-14,ALSO3,25.71
2020-04-14,ARZZ3,37.4
2020-04-14,AZUL4,16.35
2020-04-14,B3SA3,39.56
2020-04-14,BBAS3,30.21
2020-04-14,BBDC3,19.78
2020-04-14,BBDC4,21.11
2020-04-14,BBSE3,26.14
2020-04-14,BEEF3,9.28
2020-04-14,BIDI11,29.0
2020-04-14,BIDI4,9.8
2020-04-14,BPAC11,40.46
2020-04-14,BPAN4,5.81
2020-04-14,BRAP4,29.99
2020-04-14,BRDT3,19.11
2020-04-14,BRFS3,18.86
2020-04-14,BRKM5,21.63
2020-04-14,BRML3,9.71
2020-04-14,BTOW3,59.5
2020-04-14,CCRO3,12.92
2020-04-14,CEAB3,8.4
2020-04-14,CIEL3,4.83
2020-04-14,CMIG4,9.94
2020-04-14,COGN3,4.96
2020-04-14,CPFE3,29.5
2020-04-14,CPLE3,57.0
2020-04-14,CPLE6,58.45
2020-04-14,CRFB3,20.31
2020-04-14,CSAN3,54.0
2020-04-14,CSMG3,47.95
2020-04-14,CSNA3,7.44
2020-04-14,CVCB3,14.28
2020-04-14,CYRE3,14.43
2020-04-14,DIRR3,8.94
2020-04-14,ECOR3,10.9
2020-04-14,EGIE3,41.0
2020-04-14,ELET3,27.5
2020-04-14,ELET6,30.19
2020-04-14,EMBR3,9.62
2020-04-14,ENBR3,16.97
2020-04-14,ENEV3,36.77
2020-04-14,ENGI11,41.62
2020-04-14,EQTL3,18.44
2020-04-14,EZTC3,29.06
2020-04-14,FLRY3,22.4
2020-04-14,GGBR4,11.56
2020-04-14,GNDI3,56.07
2020-04-14,GOAU4,5.11
2020-04-14,GOLL4,11.46
2020-04-14,HAPV3,52.99
2020-04-14,HGTX3,14.08
2020-04-14,HYPE3,32.0
2020-04-14,IGTA3,31.5
2020-04-14,IRBR3,11.98
2020-04-14,ITSA4,9.6
2020-04-14,ITUB4,24.3
2020-04-14,JBSS3,20.1
2020-04-14,JHSF3,3.71
2020-04-14,KLBN11,16.45
2020-04-14,LAME4,21.02
2020-04-14,LCAM3,13.31
2020-04-14,LOGG3,21.77
2020-04-14,LREN3,36.06
2020-04-14,LWSA3,19.64
2020-04-14,MGLU3,42.9
2020-04-14,MRFG3,9.5
2020-04-14,MRVE3,13.39
2020-04-14,MULT3,19.6
2020-04-14,NTCO3,29.78
2020-04-14,PCAR3,64.28
2020-04-14,PETR3,17.18
2020-04-14,PETR4,16.73
2020-04-14,POMO4,2.68
2020-04-14,PRIO3,23.69
2020-04-14,PSSA3,46.0
2020-04-14,QUAL3,25.33
2020-04-14,RADL3,99.9
2020-04-14,RAIL3,20.09
2020-04-14,RENT3,30.49
2020-04-14,SANB11,28.07
2020-04-14,SBSP3,41.96
2020-04-14,SLCE3,21.98
2020-04-14,SMLS3,13.75
2020-04-14,SMTO3,16.8
2020-04-14,STBP3,4.14
2020-04-14,SULA11,44.28
2020-04-14,SUZB3,38.0
2020-04-14,TAEE11,27.5
2020-04-14,TEND3,23.07
2020-04-14,TIMP3,13.35
2020-04-14,TOTS3,55.01
2020-04-14,TRPL4,19.99
2020-04-14,UGPA3,14.1
2020-04-14,USIM5,4.77
2020-04-14,VALE3,44.53
2020-04-14,VIVA3,16.48
2020-04-14,VIVT3,51.16
2020-04-14,VIVT4,51.93
2020-04-14,VVAR3,6.09
2020-04-14,WEGE3,38.9
2020-04-14,YDUQ3,27.17
2020-04-15,ABEV3,11.91
2020-04-15,ALPA4,26.39
2020-04-15,ALSO3,24.19
2020-04-15,ARZZ3,38.38
2020-04-15,AZUL4,16.5
2020-04-15,B3SA3,39.92
2020-04-15,BBAS3,29.65
2020-04-15,BBDC3,19.0
2020-04-15,BBDC4,20.5
2020-04-15,BBSE3,26.21
2020-04-15,BEEF3,9.37
2020-04-15,BIDI11,28.09
2020-04-15,BIDI4,9.49
2020-04-15,BPAC11,39.98
2020-04-15,BPAN4,5.7
2020-04-15,BRAP4,28.91
2020-04-15,BRDT3,19.49
2020-04-15,BRFS3,19.05
2020-04-15,BRKM5,21.43
2020-04-15,BRML3,9.31
2020-04-15,BTOW3,62.8
2020-04-15,CCRO3,12.77
2020-04-15,CEAB3,9.1
2020-04-15,CIEL3,4.81
2020-04-15,CMIG4,10.05
2020-04-15,COGN3,5.25
2020-04-15,CPFE3,29.62
2020-04-15,CPLE3,55.79
2020-04-15,CPLE6,57.24
2020-04-15,CRFB3,19.92
2020-04-15,CSAN3,55.75
2020-04-15,CSMG3,47.8
2020-04-15,CSNA3,7.29
2020-04-15,CVCB3,14.5
2020-04-15,CYRE3,14.22
2020-04-15,DIRR3,8.73
2020-04-15,ECOR3,10.69
2020-04-15,EGIE3,40.34
2020-04-15,ELET3,26.56
2020-04-15,ELET6,29.96
2020-04-15,EMBR3,9.28
2020-04-15,ENBR3,17.1
2020-04-15,ENEV3,37.0
2020-04-15,ENGI11,41.07
2020-04-15,EQTL3,18.35
2020-04-15,EZTC3,28.9
2020-04-15,FLRY3,22.48
2020-04-15,GGBR4,11.31
2020-04-15,GNDI3,54.74
2020-04-15,GOAU4,5.02
2020-04-15,GOLL4,12.28
2020-04-15,HAPV3,52.05
2020-04-15,HGTX3,14.46
2020-04-15,HYPE3,31.15
2020-04-15,IGTA3,30.82
2020-04-15,IRBR3,11.84
2020-04-15,ITSA4,9.3
2020-04-15,ITUB4,23.4
2020-04-15,JBSS3,20.76
2020-04-15,JHSF3,3.71
2020-04-15,KLBN11,15.97
2020-04-15,LAME4,21.53
2020-04-15,LCAM3,13.07
2020-04-15,LOGG3,21.62
2020-04-15,LREN3,35.75
2020-04-15,LWSA3,19.4
2020-04-15,MGLU3,43.85
2020-04-15,MRFG3,9.5
2020-04-15,MRVE3,13.44
2020-04-15,MULT3,19.04
2020-04-15,NTCO3,31.8
2020-04-15,PCAR3,63.21
2020-04-15,PETR3,16.62
2020-04-15,PETR4,16.38
2020-04-15,POMO4,2.9
2020-04-15,PRIO3,23.5
2020-04-15,PSSA3,47.53
2020-04-15,QUAL3,24.81
2020-04-15,RADL3,102.21
2020-04-15,RAIL3,19.95
2020-04-15,RENT3,30.12
2020-04-15,SANB11,26.92
2020-04-15,SBSP3,41.0
2020-04-15,SLCE3,23.4
2020-04-15,SMLS3,14.53
2020-04-15,SMTO3,17.0
2020-04-15,STBP3,3.99
2020-04-15,SULA11,43.41
2020-04-15,SUZB3,37.23
2020-04-15,TAEE11,27.42
2020-04-15,TEND3,22.17
2020-04-15,TIMP3,12.94
2020-04-15,TOTS3,56.4
2020-04-15,TRPL4,20.11
2020-04-15,UGPA3,14.19
2020-04-15,USIM5,4.7
2020-04-15,VALE3,43.19
2020-04-15,VIVA3,16.0
2020-04-15,VIVT3,51.2
2020-04-15,VIVT4,50.9
2020-04-15,VVAR3,6.32
2020-04-15,WEGE3,38.0
2020-04-15,YDUQ3,28.02
2020-04-16,ABEV3,11.45
2020-04-16,ALPA4,26.26
2020-04-16,ALSO3,24.75
2020-04-16,ARZZ3,40.1
2020-04-16,AZUL4,16.0
2020-04-16,B3SA3,39.31
2020-04-16,BBAS3,28.8
2020-04-16,BBDC3,18.63
2020-04-16,BBDC4,19.97
2020-04-16,BBSE3,25.8
2020-04-16,BEEF3,9.9
2020-04-16,BIDI11,27.05
2020-04-16,BIDI4,9.1
2020-04-16,BPAC11,39.62
2020-04-16,BPAN4,5.73
2020-04-16,BRAP4,28.72
2020-04-16,BRDT3,18.53
2020-04-16,BRFS3,19.27
2020-04-16,BRKM5,21.6
2020-04-16,BRML3,9.38
2020-04-16,BTOW3,64.69
2020-04-16,CCRO3,12.26
2020-04-16,CEAB3,9.35
2020-04-16,CIEL3,4.62
2020-04-16,CMIG4,10.11
2020-04-16,COGN3,5.11
2020-04-16,CPFE3,29.77
2020-04-16,CPLE3,55.44
2020-04-16,CPLE6,56.57
2020-04-16,CRFB3,20.53
2020-04-16,CSAN3,56.7
2020-04-16,CSMG3,48.49
2020-04-16,CSNA3,7.44
2020-04-16,CVCB3,14.6
2020-04-16,CYRE3,14.05
2020-04-16,DIRR3,8.61
2020-04-16,ECOR3,10.12
2020-04-16,EGIE3,40.5
2020-04-16,ELET3,25.86
2020-04-16,ELET6,29.08
2020-04-16,EMBR3,9.25
2020-04-16,ENBR3,16.93
2020-04-16,ENEV3,36.5
2020-04-16,ENGI11,41.81
2020-04-16,EQTL3,18.4
2020-04-16,EZTC3,29.45
2020-04-16,FLRY3,22.72
2020-04-16,GGBR4,11.58
2020-04-16,GNDI3,54.93
2020-04-16,GOAU4,5.1
2020-04-16,GOLL4,11.76
2020-04-16,HAPV3,51.96
2020-04-16,HGTX3,14.47
2020-04-16,HYPE3,31.18
2020-04-16,IGTA3,30.5
2020-04-16,IRBR3,11.81
2020-04-16,ITSA4,9.02
2020-04-16,ITUB4,22.81
2020-04-16,JBSS3,20.81
2020-04-16,JHSF3,3.7
2020-04-16,KLBN11,15.94
2020-04-16,LAME4,22.37
2020-04-16,LCAM3,12.81
2020-04-16,LOGG3,21.89
2020-04-16,LREN3,35.65
2020-04-16,LWSA3,19.5
2020-04-16,MGLU3,45.57
2020-04-16,MRFG3,9.39
2020-04-16,MRVE3,13.35
2020-04-16,MULT3,18.8
2020-04-16,NTCO3,32.33
2020-04-16,PCAR3,64.85
2020-04-16,PETR3,16.13
2020-04-16,PETR4,15.72
2020-04-16,POMO4,2.95
2020-04-16,PRIO3,22.5
2020-04-16,PSSA3,46.34
2020-04-16,QUAL3,25.02
2020-04-16,RADL3,105.0
2020-04-16,RAIL3,19.35
2020-04-16,RENT3,29.56
2020-04-16,SANB11,25.88
2020-04-16,SBSP3,41.46
2020-04-16,SLCE3,22.86
2020-04-16,SMLS3,14.11
2020-04-16,SMTO3,16.07
2020-04-16,STBP3,3.98
2020-04-16,SULA11,42.35
2020-04-16,SUZB3,36.18
2020-04-16,TAEE11,27.01
2020-04-16,TEND3,22.29
2020-04-16,TIMP3,13.24
2020-04-16,TOTS3,58.08
2020-04-16,TRPL4,19.95
2020-04-16,UGPA3,14.21
2020-04-16,USIM5,4.55
2020-04-16,VALE3,42.76
2020-04-16,VIVA3,15.55
2020-04-16,VIVT3,49.4
2020-04-16,VIVT4,49.08
2020-04-16,VVAR3,6.41
2020-04-16,WEGE3,38.01
2020-04-16,YDUQ3,28.5
2020-04-17,ABEV3,11.6
2020-04-17,ALPA4,26.33
2020-04-17,ALSO3,25.5
2020-04-17,ARZZ3,42.3
2020-04-17,AZUL4,16.19
2020-04-17,B3SA3,39.53
2020-04-17,BBAS3,29.58
2020-04-17,BBDC3,18.87
2020-04-17,BBDC4,20.36
2020-04-17,BBSE3,25.92
2020-04-17,BEEF3,9.5
2020-04-17,BIDI11,27.0
2020-04-17,BIDI4,9.22
2020-04-17,BPAC11,40.51
2020-04-17,BPAN4,5.76
2020-04-17,BRAP4,29.61
2020-04-17,BRDT3,18.41
2020-04-17,BRFS3,19.05
2020-04-17,BRKM5,21.0
2020-04-17,BRML3,9.59
2020-04-17,BTOW3,61.8
2020-04-17,CCRO3,12.69
2020-04-17,CEAB3,9.09
2020-04-17,CIEL3,4.53
2020-04-17,CMIG4,10.14
2020-04-17,COGN3,5.04
2020-04-17,CPFE3,29.59
2020-04-17,CPLE3,55.02
2020-04-17,CPLE6,56.63
2020-04-17,CRFB3,20.4
2020-04-17,CSAN3,53.5
2020-04-17,CSMG3,48.4
2020-04-17,CSNA3,7.59
2020-04-17,CVCB3,14.67
2020-04-17,CYRE3,14.35
2020-04-17,DIRR3,8.5
2020-04-17,ECOR3,10.34
2020-04-17,EGIE3,40.05
2020-04-17,ELET3,25.95
2020-04-17,ELET6,29.34
2020-04-17,EMBR3,9.55
2020-04-17,ENBR3,16.8
2020-04-17,ENEV3,35.84
2020-04-17,ENGI11,42.89
2020-04-17,EQTL3,19.0
2020-04-17,EZTC3,29.72
2020-04-17,FLRY3,23.72
2020-04-17,GGBR4,12.3
2020-04-17,GNDI3,55.6
2020-04-17,GOAU4,5.4
2020-04-17,GOLL4,12.0
2020-04-17,HAPV3,52.4
2020-04-17,HGTX3,13.7
2020-04-17,HYPE3,31.36
2020-04-17,IGTA3,31.5
2020-04-17,IRBR3,11.92
2020-04-17,ITSA4,9.14
2020-04-17,ITUB4,23.22
2020-04-17,JBSS3,21.31
2020-04-17,JHSF3,3.68
2020-04-17,KLBN11,15.85
2020-04-17,LAME4,21.75
2020-04-17,LCAM3,13.41
2020-04-17,LOGG3,22.33
2020-04-17,LREN3,37.5
2020-04-17,LWSA3,19.35
2020-04-17,MGLU3,44.59
2020-04-17,MRFG3,9.38
2020-04-17,MRVE3,13.36
2020-04-17,MULT3,20.95
2020-04-17,NTCO3,33.34
2020-04-17,PCAR3,64.0
2020-04-17,PETR3,16.7
2020-04-17,PETR4,16.13
2020-04-17,POMO4,2.89
2020-04-17,PRIO3,22.01
2020-04-17,PSSA3,46.73
2020-04-17,QUAL3,25.34
2020-04-17,RADL3,103.91
2020-04-17,RAIL3,20.24
2020-04-17,RENT3,32.03
2020-04-17,SANB11,26.5
2020-04-17,SBSP3,42.17
2020-04-17,SLCE3,22.66
2020-04-17,SMLS3,14.2
2020-04-17,SMTO3,16.47
2020-04-17,STBP3,4.1
2020-04-17,SULA11,43.45
2020-04-17,SUZB3,35.84
2020-04-17,TAEE11,26.78
2020-04-17,TEND3,21.6
2020-04-17,TIMP3,13.02
2020-04-17,TOTS3,59.03
2020-04-17,TRPL4,19.11
2020-04-17,UGPA3,14.05
2020-04-17,USIM5,4.63
2020-04-17,VALE3,44.0
2020-04-17,VIVA3,15.4
2020-04-17,VIVT3,48.29
2020-04-17,VIVT4,47.87
2020-04-17,VVAR3,6.48
2020-04-17,WEGE3,38.46
2020-04-17,YDUQ3,29.0
2020-04-20,ABEV3,11.61
2020-04-20,ALPA4,26.58
2020-04-20,ALSO3,26.74
2020-04-20,ARZZ3,44.93
2020-04-20,AZUL4,16.68
2020-04-20,B3SA3,40.59
2020-04-20,BBAS3,28.99
2020-04-20,BBDC3,18.42
2020-04-20,BBDC4,19.7
2020-04-20,BBSE3,26.25
2020-04-20,BEEF3,9.5
2020-04-20,BIDI11,27.65
2020-04-20,BIDI4,9.5
2020-04-20,BPAC11,39.5
2020-04-20,BPAN4,5.7
2020-04-20,BRAP4,28.84
2020-04-20,BRDT3,18.67
2020-04-20,BRFS3,18.92
2020-04-20,BRKM5,20.89
2020-04-20,BRML3,10.15
2020-04-20,BTOW3,64.66
2020-04-20,CCRO3,13.14
2020-04-20,CEAB3,9.24
2020-04-20,CIEL3,4.4
2020-04-20,CMIG4,10.06
2020-04-20,COGN3,5.09
2020-04-20,CPFE3,30.02
2020-04-20,CPLE3,55.08
2020-04-20,CPLE6,56.82
2020-04-20,CRFB3,20.09
2020-04-20,CSAN3,56.49
2020-04-20,CSMG3,47.99
2020-04-20,CSNA3,7.32
2020-04-20,CVCB3,14.56
2020-04-20,CYRE3,15.62
2020-04-20,DIRR3,8.39
2020-04-20,ECOR3,10.92
2020-04-20,EGIE3,40.63
2020-04-20,ELET3,25.7
2020-04-20,ELET6,29.21
2020-04-20,EMBR3,9.2
2020-04-20,ENBR3,17.19
2020-04-20,ENEV3,36.7
2020-04-20,ENGI11,44.69
2020-04-20,EQTL3,19.29
2020-04-20,EZTC3,33.07
2020-04-20,FLRY3,24.58
2020-04-20,GGBR4,11.85
2020-04-20,GNDI3,57.54
2020-04-20,GOAU4,5.2
2020-04-20,GOLL4,12.07
2020-04-20,HAPV3,54.07
2020-04-20,HGTX3,14.44
2020-04-20,HYPE3,31.37
2020-04-20,IGTA3,32.8
2020-04-20,IRBR3,11.93
2020-04-20,ITSA4,8.97
2020-04-20,ITUB4,22.64
2020-04-20,JBSS3,21.35
2020-04-20,JHSF3,3.77
2020-04-20,KLBN11,15.95
2020-04-20,LAME4,23.01
2020-04-20,LCAM3,14.06
2020-04-20,LOGG3,21.61
2020-04-20,LREN3,39.0
2020-04-20,LWSA3,20.51
2020-04-20,MGLU3,48.48
2020-04-20,MRFG3,9.57
2020-04-20,MRVE3,13.7
2020-04-20,MULT3,21.6
2020-04-20,NTCO3,33.46
2020-04-20,PCAR3,65.0
2020-04-20,PETR3,16.55
2020-04-20,PETR4,15.95
2020-04-20,POMO4,3.16
2020-04-20,PRIO3,20.6
2020-04-20,PSSA3,47.03
2020-04-20,QUAL3,26.46
2020-04-20,RADL3,108.45
2020-04-20,RAIL3,20.04
2020-04-20,RENT3,34.0
2020-04-20,SANB11,25.95
2020-04-20,SBSP3,41.51
2020-04-20,SLCE3,23.5
2020-04-20,SMLS3,14.03
2020-04-20,SMTO3,17.38
2020-04-20,STBP3,4.34
2020-04-20,SULA11,45.8
2020-04-20,SUZB3,34.92
2020-04-20,TAEE11,26.85
2020-04-20,TEND3,21.7
2020-04-20,TIMP3,12.82
2020-04-20,TOTS3,59.02
2020-04-20,TRPL4,18.95
2020-04-20,UGPA3,14.2
2020-04-20,USIM5,4.67
2020-04-20,VALE3,42.46
2020-04-20,VIVA3,15.8
2020-04-20,VIVT3,48.21
2020-04-20,VIVT4,48.4
2020-04-20,VVAR3,6.59
2020-04-20,WEGE3,39.1
2020-04-20,YDUQ3,29.0
2020-04-22,ABEV3,11.62
2020-04-22,ALPA4,27.52
2020-04-22,ALSO3,28.45
2020-04-22,ARZZ3,47.79
2020-04-22,AZUL4,16.31
2020-04-22,B3SA3,42.01
2020-04-22,BBAS3,28.86
2020-04-22,BBDC3,18.42
2020-04-22,BBDC4,19.63
2020-04-22,BBSE3,26.95
2020-04-22,BEEF3,10.11
2020-04-22,BIDI11,27.97
2020-04-22,BIDI4,9.55
2020-04-22,BPAC11,41.9
2020-04-22,BPAN4,5.61
2020-04-22,BRAP4,29.36
2020-04-22,BRDT3,19.07
2020-04-22,BRFS3,19.45
2020-04-22,BRKM5,20.76
2020-04-22,BRML3,10.47
2020-04-22,BTOW3,75.75
2020-04-22,CCRO3,13.29
2020-04-22,CEAB3,9.8
2020-04-22,CIEL3,4.41
2020-04-22,CMIG4,10.14
2020-04-22,COGN3,5.08
2020-04-22,CPFE3,30.1
2020-04-22,CPLE3,57.45
2020-04-22,CPLE6,59.04
2020-04-22,CRFB3,20.95
2020-04-22,CSAN3,59.25
2020-04-22,CSMG3,50.49
2020-04-22,CSNA3,7.34
2020-04-22,CVCB3,14.85
2020-04-22,CYRE3,16.05
2020-04-22,DIRR3,9.36
2020-04-22,ECOR3,11.26
2020-04-22,EGIE3,41.03
2020-04-22,ELET3,26.67
2020-04-22,ELET6,29.97
2020-04-22,EMBR3,8.97
2020-04-22,ENBR3,17.55
2020-04-22,ENEV3,36.34
2020-04-22,ENGI11,47.38
2020-04-22,EQTL3,19.48
2020-04-22,EZTC3,35.55
2020-04-22,FLRY3,24.25
2020-04-22,GGBR4,11.7
2020-04-22,GNDI3,56.85
2020-04-22,GOAU4,5.17
2020-04-22,GOLL4,11.9
2020-04-22,HAPV3,53.31
2020-04-22,HGTX3,15.4
2020-04-22,HYPE3,33.7
2020-04-22,IGTA3,34.6
2020-04-22,IRBR3,11.06
2020-04-22,ITSA4,8.96
2020-04-22,ITUB4,22.37
2020-04-22,JBSS3,21.8
2020-04-22,JHSF3,4.39
2020-04-22,KLBN11,16.53
2020-04-22,LAME4,25.17
2020-04-22,LCAM3,14.99
2020-04-22,LOGG3,21.94
2020-04-22,LREN3,40.93
2020-04-22,LWSA3,22.5
2020-04-22,MGLU3,50.55
2020-04-22,MRFG3,10.33
2020-04-22,MRVE3,14.6
2020-04-22,MULT3,23.2
2020-04-22,NTCO3,35.0
2020-04-22,PCAR3,70.72
2020-04-22,PETR3,17.15
2020-04-22,PETR4,16.75
2020-04-22,POMO4,3.11
2020-04-22,PRIO3,19.81
2020-04-22,PSSA3,45.8
2020-04-22,QUAL3,28.1
2020-04-22,RADL3,111.02
2020-04-22,RAIL3,20.77
2020-04-22,RENT3,36.5
2020-04-22,SANB11,25.34
2020-04-22,SBSP3,43.67
2020-04-22,SLCE3,24.8
2020-04-22,SMLS3,14.98
2020-04-22,SMTO3,18.69
2020-04-22,STBP3,4.53
2020-04-22,SULA11,47.6
2020-04-22,SUZB3,35.21
2020-04-22,TAEE11,27.69
2020-04-22,TEND3,23.67
2020-04-22,TIMP3,13.48
2020-04-22,TOTS3,60.3
2020-04-22,TRPL4,19.58
2020-04-22,UGPA3,14.4
2020-04-22,USIM5,4.82
2020-04-22,VALE3,42.9
2020-04-22,VIVA3,17.0
2020-04-22,VIVT3,49.2
2020-04-22,VIVT4,49.15
2020-04-22,VVAR3,7.4
2020-04-22,WEGE3,40.92
2020-04-22,YDUQ3,30.8
2020-04-23,ABEV3,11.55
2020-04-23,ALPA4,27.16
2020-04-23,ALSO3,28.57
2020-04-23,ARZZ3,44.47
2020-04-23,AZUL4,16.37
2020-04-23,B3SA3,41.25
2020-04-23,BBAS3,28.05
2020-04-23,BBDC3,17.89
2020-04-23,BBDC4,19.35
2020-04-23,BBSE3,26.18
2020-04-23,BEEF3,10.09
2020-04-23,BIDI11,29.51
2020-04-23,BIDI4,9.92
2020-04-23,BPAC11,40.6
2020-04-23,BPAN4,5.4
2020-04-23,BRAP4,29.4
2020-04-23,BRDT3,18.3
2020-04-23,BRFS3,19.51
2020-04-23,BRKM5,20.69
2020-04-23,BRML3,10.61
2020-04-23,BTOW3,72.8
2020-04-23,CCRO3,13.09
2020-04-23,CEAB3,9.1
2020-04-23,CIEL3,4.26
2020-04-23,CMIG4,9.85
2020-04-23,COGN3,4.9
2020-04-23,CPFE3,29.94
2020-04-23,CPLE3,56.4
2020-04-23,CPLE6,57.92
2020-04-23,CRFB3,20.6
2020-04-23,CSAN3,59.31
2020-04-23,CSMG3,50.3
2020-04-23,CSNA3,7.5
2020-04-23,CVCB3,13.92
2020-04-23,CYRE3,16.0
2020-04-23,DIRR3,9.3
2020-04-23,ECOR3,11.52
2020-04-23,EGIE3,40.87
2020-04-23,ELET3,25.05
2020-04-23,ELET6,28.71
2020-04-23,EMBR3,9.27
2020-04-23,ENBR3,16.95
2020-04-23,ENEV3,36.48
2020-04-23,ENGI11,45.45
2020-04-23,EQTL3,18.71
2020-04-23,EZTC3,32.8
2020-04-23,FLRY3,24.2
2020-04-23,GGBR4,11.93
2020-04-23,GNDI3,54.28
2020-04-23,GOAU4,5.32
2020-04-23,GOLL4,12.11
2020-04-23,HAPV3,50.97
2020-04-23,HGTX3,14.87
2020-04-23,HYPE3,30.85
2020-04-23,IGTA3,35.79
2020-04-23,IRBR3,10.12
2020-04-23,ITSA4,8.84
2020-04-23,ITUB4,22.05
2020-04-23,JBSS3,21.8
2020-04-23,JHSF3,4.35
2020-04-23,KLBN11,16.96
2020-04-23,LAME4,24.46
2020-04-23,LCAM3,13.83
2020-04-23,LOGG3,21.72
2020-04-23,LREN3,39.45
2020-04-23,LWSA3,22.0
2020-04-23,MGLU3,49.47
2020-04-23,MRFG3,10.47
2020-04-23,MRVE3,14.18
2020-04-23,MULT3,22.98
2020-04-23,NTCO3,34.6
2020-04-23,PCAR3,69.33
2020-04-23,PETR3,17.34
2020-04-23,PETR4,16.95
2020-04-23,POMO4,2.99
2020-04-23,PRIO3,19.95
2020-04-23,PSSA3,45.33
2020-04-23,QUAL3,27.19
2020-04-23,RADL3,106.95
2020-04-23,RAIL3,20.98
2020-04-23,RENT3,34.98
2020-04-23,SANB11,25.03
2020-04-23,SBSP3,42.38
2020-04-23,SLCE3,23.96
2020-04-23,SMLS3,14.52
2020-04-23,SMTO3,19.2
2020-04-23,STBP3,4.51
2020-04-23,SULA11,45.4
2020-04-23,SUZB3,36.56
2020-04-23,TAEE11,27.88
2020-04-23,TEND3,23.33
2020-04-23,TIMP3,13.35
2020-04-23,TOTS3,58.61
2020-04-23,TRPL4,19.71
2020-04-23,UGPA3,14.54
2020-04-23,USIM5,4.76
2020-04-23,VALE3,43.51
2020-04-23,VIVA3,16.26
2020-04-23,VIVT3,49.28
2020-04-23,VIVT4,48.68
2020-04-23,VVAR3,7.36
2020-04-23,WEGE3,39.59
2020-04-23,YDUQ3,28.9
2020-04-24,ABEV3,11.11
2020-04-24,ALPA4,26.46
2020-04-24,ALSO3,25.4
2020-04-24,ARZZ3,42.99
2020-04-24,AZUL4,13.99
2020-04-24,B3SA3,37.0
2020-04-24,BBAS3,24.3
2020-04-24,BBDC3,15.93
2020-04-24,BBDC4,17.84
2020-04-24,BBSE3,24.4
2020-04-24,BEEF3,10.13
2020-04-24,BIDI11,28.16
2020-04-24,BIDI4,9.0
2020-04-24,BPAC11,37.5
2020-04-24,BPAN4,4.99
2020-04-24,BRAP4,29.69
2020-04-24,BRDT3,16.94
2020-04-24,BRFS3,18.55
2020-04-24,BRKM5,18.93
2020-04-24,BRML3,9.3
2020-04-24,BTOW3,68.68
2020-04-24,CCRO3,12.04
2020-04-24,CEAB3,7.94
2020-04-24,CIEL3,4.08
2020-04-24,CMIG4,8.75
2020-04-24,COGN3,4.61
2020-04-24,CPFE3,27.95
2020-04-24,CPLE3,51.2
2020-04-24,CPLE6,52.87
2020-04-24,CRFB3,19.99
2020-04-24,CSAN3,56.14
2020-04-24,CSMG3,46.14
2020-04-24,CSNA3,7.08
2020-04-24,CVCB3,11.99
2020-04-24,CYRE3,14.01
2020-04-24,DIRR3,8.1
2020-04-24,ECOR3,10.32
2020-04-24,EGIE3,38.23
2020-04-24,ELET3,21.78
2020-04-24,ELET6,24.93
2020-04-24,EMBR3,8.28
2020-04-24,ENBR3,16.01
2020-04-24,ENEV3,34.53
2020-04-24,ENGI11,42.47
2020-04-24,EQTL3,17.94
2020-04-24,EZTC3,28.7
2020-04-24,FLRY3,23.11
2020-04-24,GGBR4,10.93
2020-04-24,GNDI3,52.04
2020-04-24,GOAU4,4.85
2020-04-24,GOLL4,10.67
2020-04-24,HAPV3,50.0
2020-04-24,HGTX3,13.28
2020-04-24,HYPE3,30.01
2020-04-24,IGTA3,32.34
2020-04-24,IRBR3,9.07
2020-04-24,ITSA4,8.4
2020-04-24,ITUB4,20.88
2020-04-24,JBSS3,21.54
2020-04-24,JHSF3,3.95
2020-04-24,KLBN11,17.25
2020-04-24,LAME4,22.5
2020-04-24,LCAM3,12.88
2020-04-24,LOGG3,22.98
2020-04-24,LREN3,37.67
2020-04-24,LWSA3,22.54
2020-04-24,MGLU3,47.38
2020-04-24,MRFG3,10.45
2020-04-24,MRVE3,13.0
2020-04-24,MULT3,20.58
2020-04-24,NTCO3,33.23
2020-04-24,PCAR3,67.3
2020-04-24,PETR3,16.07
2020-04-24,PETR4,15.95
2020-04-24,POMO4,2.73
2020-04-24,PRIO3,18.55
2020-04-24,PSSA3,43.84
2020-04-24,QUAL3,25.68
2020-04-24,RADL3,104.54
2020-04-24,RAIL3,20.55
2020-04-24,RENT3,32.98
2020-04-24,SANB11,23.44
2020-04-24,SBSP3,37.77
2020-04-24,SLCE3,24.42
2020-04-24,SMLS3,13.95
2020-04-24,SMTO3,17.9
2020-04-24,STBP3,4.17
2020-04-24,SULA11,44.29
2020-04-24,SUZB3,39.13
2020-04-24,TAEE11,27.19
2020-04-24,TEND3,20.65
2020-04-24,TIMP3,12.2
2020-04-24,TOTS3,53.1
2020-04-24,TRPL4,18.78
2020-04-24,UGPA3,13.49
2020-04-24,USIM5,4.34
2020-04-24,VALE3,43.76
2020-04-24,VIVA3,15.7
2020-04-24,VIVT3,46.39
2020-04-24,VIVT4,45.51
2020-04-24,VVAR3,6.38
2020-04-24,WEGE3,38.71
2020-04-24,YDUQ3,27.55
2020-04-27,ABEV3,11.61
2020-04-27,ALPA4,27.03
2020-04-27,ALSO3,26.59
2020-04-27,ARZZ3,42.6
2020-04-27,AZUL4,14.11
2020-04-27,B3SA3,39.23
2020-04-27,BBAS3,25.69
2020-04-27,BBDC3,16.45
2020-04-27,BBDC4,18.36
2020-04-27,BBSE3,25.3
2020-04-27,BEEF3,11.23
2020-04-27,BIDI11,27.82
2020-04-27,BIDI4,9.3
2020-04-27,BPAC11,40.15
2020-04-27,BPAN4,5.1
2020-04-27,BRAP4,30.3
2020-04-27,BRDT3,18.25
2020-04-27,BRFS3,20.56
2020-04-27,BRKM5,21.49
2020-04-27,BRML3,9.55
2020-04-27,BTOW3,75.19
2020-04-27,CCRO3,12.31
2020-04-27,CEAB3,8.0
2020-04-27,CIEL3,4.11
2020-04-27,CMIG4,8.82
2020-04-27,COGN3,4.6
2020-04-27,CPFE3,29.67
2020-04-27,CPLE3,52.91
2020-04-27,CPLE6,54.11
2020-04-27,CRFB3,20.13
2020-04-27,CSAN3,59.12
2020-04-27,CSMG3,48.77
2020-04-27,CSNA3,7.25
2020-04-27,CVCB3,12.36
2020-04-27,CYRE3,14.25
2020-04-27,DIRR3,8.42
2020-04-27,ECOR3,10.78
2020-04-27,EGIE3,40.09
2020-04-27,ELET3,22.29
2020-04-27,ELET6,25.79
2020-04-27,EMBR3,7.66
2020-04-27,ENBR3,16.57
2020-04-27,ENEV3,36.37
2020-04-27,ENGI11,44.6
2020-04-27,EQTL3,18.69
2020-04-27,EZTC3,30.3
2020-04-27,FLRY3,23.4
2020-04-27,GGBR4,11.32
2020-04-27,GNDI3,54.79
2020-04-27,GOAU4,5.03
2020-04-27,GOLL4,10.92
2020-04-27,HAPV3,52.69
2020-04-27,HGTX3,13.66
2020-04-27,HYPE3,29.33
2020-04-27,IGTA3,33.85
2020-04-27,IRBR3,9.46
2020-04-27,ITSA4,8.67
2020-04-27,ITUB4,21.57
2020-04-27,JBSS3,23.38
2020-04-27,JHSF3,4.06
2020-04-27,KLBN11,17.82
2020-04-27,LAME4,24.0
2020-04-27,LCAM3,13.19
2020-04-27,LOGG3,23.2
2020-04-27,LREN3,38.66
2020-04-27,LWSA3,23.2
2020-04-27,MGLU3,49.5
2020-04-27,MRFG3,11.5
2020-04-27,MRVE3,13.7
2020-04-27,MULT3,21.06
2020-04-27,NTCO3,35.4
2020-04-27,PCAR3,69.47
2020-04-27,PETR3,16.8
2020-04-27,PETR4,16.45
2020-04-27,POMO4,2.86
2020-04-27,PRIO3,18.75
2020-04-27,PSSA3,44.96
2020-04-27,QUAL3,25.05
2020-04-27,RADL3,106.05
2020-04-27,RAIL3,20.67
2020-04-27,RENT3,33.5
2020-04-27,SANB11,24.42
2020-04-27,SBSP3,40.97
2020-04-27,SLCE3,24.92
2020-04-27,SMLS3,13.9
2020-04-27,SMTO3,17.28
2020-04-27,STBP3,4.2
2020-04-27,SULA11,44.86
2020-04-27,SUZB3,40.1
2020-04-27,TAEE11,28.12
2020-04-27,TEND3,21.59
2020-04-27,TIMP3,12.55
2020-04-27,TOTS3,58.44
2020-04-27,TRPL4,19.16
2020-04-27,UGPA3,14.31
2020-04-27,USIM5,4.34
2020-04-27,VALE3,44.55
2020-04-27,VIVA3,17.48
2020-04-27,VIVT3,47.49
2020-04-27,VIVT4,47.0
2020-04-27,VVAR3,7.57
2020-04-27,WEGE3,40.6
2020-04-27,YDUQ3,27.78
2020-04-28,ABEV3,11.7
2020-04-28,ALPA4,28.57
2020-04-28,ALSO3,28.7
2020-04-28,ARZZ3,45.59
2020-04-28,AZUL4,16.05
2020-04-28,B3SA3,39.8
2020-04-28,BBAS3,29.14
2020-04-28,BBDC3,18.07
2020-04-28,BBDC4,19.97
2020-04-28,BBSE3,25.26
2020-04-28,BEEF3,11.9
2020-04-28,BIDI11,28.8
2020-04-28,BIDI4,9.66
2020-04-28,BPAC11,44.5
2020-04-28,BPAN4,5.35
2020-04-28,BRAP4,29.75
2020-04-28,BRDT3,19.4
2020-04-28,BRFS3,20.31
2020-04-28,BRKM5,22.34
2020-04-28,BRML3,10.35
2020-04-28,BTOW3,77.21
2020-04-28,CCRO3,12.84
2020-04-28,CEAB3,8.8
2020-04-28,CIEL3,4.18
2020-04-28,CMIG4,9.4
2020-04-28,COGN3,4.98
2020-04-28,CPFE3,30.7
2020-04-28,CPLE3,54.43
2020-04-28,CPLE6,55.66
2020-04-28,CRFB3,19.82
2020-04-28,CSAN3,62.0
2020-04-28,CSMG3,49.0
2020-04-28,CSNA3,7.81
2020-04-28,CVCB3,14.15
2020-04-28,CYRE3,16.06
2020-04-28,DIRR3,9.14
2020-04-28,ECOR3,10.84
2020-04-28,EGIE3,40.26
2020-04-28,ELET3,23.9
2020-04-28,ELET6,27.32
2020-04-28,EMBR3,8.17
2020-04-28,ENBR3,16.87
2020-04-28,ENEV3,36.34
2020-04-28,ENGI11,46.5
2020-04-28,EQTL3,19.09
2020-04-28,EZTC3,33.4
2020-04-28,FLRY3,23.41
2020-04-28,GGBR4,11.98
2020-04-28,GNDI3,56.0
2020-04-28,GOAU4,5.27
2020-04-28,GOLL4,12.19
2020-04-28,HAPV3,53.42
2020-04-28,HGTX3,15.29
2020-04-28,HYPE3,29.25
2020-04-28,IGTA3,35.32
2020-04-28,IRBR3,9.0
2020-04-28,ITSA4,9.28
2020-04-28,ITUB4,23.35
2020-04-28,JBSS3,23.92
2020-04-28,JHSF3,4.42
2020-04-28,KLBN11,17.94
2020-04-28,LAME4,25.19
2020-04-28,LCAM3,14.13
2020-04-28,LOGG3,23.64
2020-04-28,LREN3,40.22
2020-04-28,LWSA3,23.7
2020-04-28,MGLU3,51.8
2020-04-28,MRFG3,12.54
2020-04-28,MRVE3,14.77
2020-04-28,MULT3,21.76
2020-04-28,NTCO3,35.06
2020-04-28,PCAR3,67.04
2020-04-28,PETR3,18.02
2020-04-28,PETR4,17.25
2020-04-28,POMO4,2.86
2020-04-28,PRIO3,21.79
2020-04-28,PSSA3,45.05
2020-04-28,QUAL3,25.61
2020-04-28,RADL3,110.55
2020-04-28,RAIL3,20.2
2020-04-28,RENT3,35.2
2020-04-28,SANB11,27.22
2020-04-28,SBSP3,42.09
2020-04-28,SLCE3,25.8
2020-04-28,SMLS3,15.7
2020-04-28,SMTO3,18.4
2020-04-28,STBP3,4.2
2020-04-28,SULA11,46.87
2020-04-28,SUZB3,38.65
2020-04-28,TAEE11,28.3
2020-04-28,TEND3,22.9
2020-04-28,TIMP3,12.54
2020-04-28,TOTS3,57.96
2020-04-28,TRPL4,19.47
2020-04-28,UGPA3,14.58
2020-04-28,USIM5,4.71
2020-04-28,VALE3,44.61
2020-04-28,VIVA3,19.0
2020-04-28,VIVT3,47.0
2020-04-28,VIVT4,46.6
2020-04-28,VVAR3,9.04
2020-04-28,WEGE3,41.58
2020-04-28,YDUQ3,28.5
2020-04-29,ABEV3,11.67
2020-04-29,ALPA4,27.7
2020-04-29,ALSO3,30.0
2020-04-29,ARZZ3,46.08
2020-04-29,AZUL4,17.12
2020-04-29,B3SA3,39.9
2020-04-29,BBAS3,29.56
2020-04-29,BBDC3,18.77
2020-04-29,BBDC4,20.64
2020-04-29,BBSE3,26.0
2020-04-29,BEEF3,12.3
2020-04-29,BIDI11,30.69
2020-04-29,BIDI4,9.74
2020-04-29,BPAC11,43.74
2020-04-29,BPAN4,5.5
2020-04-29,BRAP4,31.32
2020-04-29,BRDT3,20.62
2020-04-29,BRFS3,20.38
2020-04-29,BRKM5,21.95
2020-04-29,BRML3,10.67
2020-04-29,BTOW3,77.79
2020-04-29,CCRO3,13.08
2020-04-29,CEAB3,9.95
2020-04-29,CIEL3,4.23
2020-04-29,CMIG4,9.76
2020-04-29,COGN3,5.59
2020-04-29,CPFE3,30.04
2020-04-29,CPLE3,54.37
2020-04-29,CPLE6,55.71
2020-04-29,CRFB3,20.2
2020-04-29,CSAN3,61.84
2020-04-29,CSMG3,49.82
2020-04-29,CSNA3,9.03
2020-04-29,CVCB3,14.19
2020-04-29,CYRE3,17.08
2020-04-29,DIRR3,9.46
2020-04-29,ECOR3,11.04
2020-04-29,EGIE3,40.01
2020-04-29,ELET3,24.89
2020-04-29,ELET6,27.74
2020-04-29,EMBR3,8.82
2020-04-29,ENBR3,16.97
2020-04-29,ENEV3,36.41
2020-04-29,ENGI11,46.23
2020-04-29,EQTL3,18.86
2020-04-29,EZTC3,32.61
2020-04-29,FLRY3,23.29
2020-04-29,GGBR4,12.46
2020-04-29,GNDI3,57.0
2020-04-29,GOAU4,5.5
2020-04-29,GOLL4,13.34
2020-04-29,HAPV3,54.35
2020-04-29,HGTX3,15.38
2020-04-29,HYPE3,29.87
2020-04-29,IGTA3,35.66
2020-04-29,IRBR3,10.25
2020-04-29,ITSA4,9.26
2020-04-29,ITUB4,23.66
2020-04-29,JBSS3,24.0
2020-04-29,JHSF3,4.39
2020-04-29,KLBN11,17.55
2020-04-29,LAME4,25.77
2020-04-29,LCAM3,14.08
2020-04-29,LOGG3,24.23
2020-04-29,LREN3,40.57
2020-04-29,LWSA3,23.55
2020-04-29,MGLU3,50.62
2020-04-29,MRFG3,12.51
2020-04-29,MRVE3,15.65
2020-04-29,MULT3,22.37
2020-04-29,NTCO3,36.32
2020-04-29,PCAR3,67.6
2020-04-29,PETR3,19.0
2020-04-29,PETR4,18.2
2020-04-29,POMO4,2.96
2020-04-29,PRIO3,21.51
2020-04-29,PSSA3,46.2
2020-04-29,QUAL3,26.64
2020-04-29,RADL3,108.58
2020-04-29,RAIL3,19.76
2020-04-29,RENT3,36.15
2020-04-29,SANB11,28.3
2020-04-29,SBSP3,41.23
2020-04-29,SLCE3,25.32
2020-04-29,SMLS3,15.67
2020-04-29,SMTO3,19.42
2020-04-29,STBP3,4.37
2020-04-29,SULA11,47.64
2020-04-29,SUZB3,38.72
2020-04-29,TAEE11,27.7
2020-04-29,TEND3,24.25
2020-04-29,TIMP3,13.09
2020-04-29,TOTS3,58.8
2020-04-29,TRPL4,19.42
2020-04-29,UGPA3,15.37
2020-04-29,USIM5,5.06
2020-04-29,VALE3,46.73
2020-04-29,VIVA3,18.79
2020-04-29,VIVT3,46.73
2020-04-29,VIVT4,47.07
2020-04-29,VVAR3,9.18
2020-04-29,WEGE3,41.4
2020-04-29,YDUQ3,30.15
2020-04-30,ABEV3,11.34
2020-04-30,ALPA4,27.39
2020-04-30,ALSO3,27.91
2020-04-30,ARZZ3,42.5
2020-04-30,AZUL4,17.4
2020-04-30,B3SA3,38.42
2020-04-30,BBAS3,28.5
2020-04-30,BBDC3,17.56
2020-04-30,BBDC4,19.15
2020-04-30,BBSE3,26.55
2020-04-30,BEEF3,12.26
2020-04-30,BIDI11,27.52
2020-04-30,BIDI4,9.34
2020-04-30,BPAC11,42.3
2020-04-30,BPAN4,5.03
2020-04-30,BRAP4,29.86
2020-04-30,BRDT3,19.53
2020-04-30,BRFS3,19.39
2020-04-30,BRKM5,21.14
2020-04-30,BRML3,10.04
2020-04-30,BTOW3,73.25
2020-04-30,CCRO3,12.35
2020-04-30,CEAB3,9.45
2020-04-30,CIEL3,4.06
2020-04-30,CMIG4,9.52
2020-04-30,COGN3,5.54
2020-04-30,CPFE3,29.04
2020-04-30,CPLE3,53.2
2020-04-30,CPLE6,54.4
2020-04-30,CRFB3,20.0
2020-04-30,CSAN3,60.34
2020-04-30,CSMG3,48.0
2020-04-30,CSNA3,8.96
2020-04-30,CVCB3,13.8
2020-04-30,CYRE3,15.91
2020-04-30,DIRR3,8.8
2020-04-30,ECOR3,10.49
2020-04-30,EGIE3,39.12
2020-04-30,ELET3,24.25
2020-04-30,ELET6,27.84
2020-04-30,EMBR3,8.65
2020-04-30,ENBR3,17.0
2020-04-30,ENEV3,35.98
2020-04-30,ENGI11,43.7
2020-04-30,EQTL3,18.33
2020-04-30,EZTC3,30.21
2020-04-30,FLRY3,22.8
2020-04-30,GGBR4,11.74
2020-04-30,GNDI3,54.81
2020-04-30,GOAU4,5.15
2020-04-30,GOLL4,12.4
2020-04-30,HAPV3,52.44
2020-04-30,HGTX3,14.96
2020-04-30,HYPE3,29.08
2020-04-30,IGTA3,32.92
2020-04-30,IRBR3,10.22
2020-04-30,ITSA4,9.0
2020-04-30,ITUB4,22.77
2020-04-30,JBSS3,23.84
2020-04-30,JHSF3,4.16
2020-04-30,KLBN11,17.81
2020-04-30,LAME4,24.88
2020-04-30,LCAM3,13.28
2020-04-30,LOGG3,22.88
2020-04-30,LREN3,38.39
2020-04-30,LWSA3,22.76
2020-04-30,MGLU3,49.7
2020-04-30,MRFG3,12.84
2020-04-30,MRVE3,15.15
2020-04-30,MULT3,20.89
2020-04-30,NTCO3,35.52
2020-04-30,PCAR3,66.22
2020-04-30,PETR3,18.65
2020-04-30,PETR4,18.05
2020-04-30,POMO4,2.86
2020-04-30,PRIO3,20.45
2020-04-30,PSSA3,45.29
2020-04-30,QUAL3,25.92
2020-04-30,RADL3,104.78
2020-04-30,RAIL3,19.79
2020-04-30,RENT3,34.19
2020-04-30,SANB11,27.0
2020-04-30,SBSP3,40.08
2020-04-30,SLCE3,24.0
2020-04-30,SMLS3,14.28
2020-04-30,SMTO3,19.1
2020-04-30,STBP3,4.08
2020-04-30,SULA11,44.75
2020-04-30,SUZB3,39.41
2020-04-30,TAEE11,27.5
2020-04-30,TEND3,23.24
2020-04-30,TIMP3,12.76
2020-04-30,TOTS3,59.15
2020-04-30,TRPL4,19.43
2020-04-30,UGPA3,14.5
2020-04-30,USIM5,4.8
2020-04-30,VALE3,44.86
2020-04-30,VIVA3,18.53
2020-04-30,VIVT3,46.4
2020-04-30,VIVT4,45.65
2020-04-30,VVAR3,9.18
2020-04-30,WEGE3,39.94
2020-04-30,YDUQ3,30.35
2020-05-04,ABEV3,11.76
2020-05-04,ALPA4,26.4
2020-05-04,ALSO3,26.2
2020-05-04,ARZZ3,40.9
2020-05-04,AZUL4,15.16
2020-05-04,B3SA3,38.38
2020-05-04,BBAS3,27.76
2020-05-04,BBDC3,16.89
2020-05-04,BBDC4,18.3
2020-05-04,BBSE3,25.3
2020-05-04,BEEF3,12.65
2020-05-04,BIDI11,27.19
2020-05-04,BIDI4,9.19
2020-05-04,BPAC11,41.21
2020-05-04,BPAN4,4.93
2020-05-04,BRAP4,28.91
2020-05-04,BRDT3,19.57
2020-05-04,BRFS3,18.4
2020-05-04,BRKM5,21.1
2020-05-04,BRML3,9.35
2020-05-04,BTOW3,74.07
2020-05-04,CCRO3,12.18
2020-05-04,CEAB3,8.99
2020-05-04,CIEL3,3.94
2020-05-04,CMIG4,9.24
2020-05-04,COGN3,5.22
2020-05-04,CPFE3,29.45
2020-05-04,CPLE3,52.52
2020-05-04,CPLE6,54.79
2020-05-04,CRFB3,20.04
2020-05-04,CSAN3,59.53
2020-05-04,CSMG3,47.21
2020-05-04,CSNA3,8.23
2020-05-04,CVCB3,12.91
2020-05-04,CYRE3,14.83
2020-05-04,DIRR3,8.51
2020-05-04,ECOR3,10.16
2020-05-04,EGIE3,38.89
2020-05-04,ELET3,22.93
2020-05-04,ELET6,26.3
2020-05-04,EMBR3,7.72
2020-05-04,ENBR3,16.94
2020-05-04,ENEV3,35.29
2020-05-04,ENGI11,42.02
2020-05-04,EQTL3,18.0
2020-05-04,EZTC3,29.27
2020-05-04,FLRY3,21.71
2020-05-04,GGBR4,11.47
2020-05-04,GNDI3,53.5
2020-05-04,GOAU4,5.1
2020-05-04,GOLL4,11.15
2020-05-04,HAPV3,51.16
2020-05-04,HGTX3,14.31
2020-05-04,HYPE3,28.69
2020-05-04,IGTA3,31.31
2020-05-04,IRBR3,9.59
2020-05-04,ITSA4,8.7
2020-05-04,ITUB4,21.89
2020-05-04,JBSS3,22.77
2020-05-04,JHSF3,4.02
2020-05-04,KLBN11,17.78
2020-05-04,LAME4,25.26
2020-05-04,LCAM3,13.52
2020-05-04,LOGG3,21.75
2020-05-04,LREN3,37.21
2020-05-04,LWSA3,21.94
2020-05-04,MGLU3,51.44
2020-05-04,MRFG3,12.47
2020-05-04,MRVE3,14.84
2020-05-04,MULT3,19.98
2020-05-04,NTCO3,34.4
2020-05-04,PCAR3,66.2
2020-05-04,PETR3,18.05
2020-05-04,PETR4,17.38
2020-05-04,POMO4,2.9
2020-05-04,PRIO3,19.73
2020-05-04,PSSA3,42.88
2020-05-04,QUAL3,24.53
2020-05-04,RADL3,104.56
2020-05-04,RAIL3,19.7
2020-05-04,RENT3,33.41
2020-05-04,SANB11,25.74
2020-05-04,SBSP3,39.91
2020-05-04,SLCE3,25.05
2020-05-04,SMLS3,13.64
2020-05-04,SMTO3,19.25
2020-05-04,STBP3,4.0
2020-05-04,SULA11,42.9
2020-05-04,SUZB3,40.5
2020-05-04,TAEE11,27.4
2020-05-04,TEND3,22.35
2020-05-04,TIMP3,13.45
2020-05-04,TOTS3,20.0
2020-05-04,TRPL4,19.0
2020-05-04,UGPA3,14.6
2020-05-04,USIM5,4.68
2020-05-04,VALE3,43.93
2020-05-04,VIVA3,17.62
2020-05-04,VIVT3,48.86
2020-05-04,VIVT4,48.33
2020-05-04,VVAR3,9.5
2020-05-04,WEGE3,39.84
2020-05-04,YDUQ3,28.53
2020-05-05,ABEV3,11.94
2020-05-05,ALPA4,26.38
2020-05-05,ALSO3,25.15
2020-05-05,ARZZ3,41.6
2020-05-05,AZUL4,15.16
2020-05-05,B3SA3,38.74
2020-05-05,BBAS3,27.8
2020-05-05,BBDC3,16.85
2020-05-05,BBDC4,18.3
2020-05-05,BBSE3,24.9
2020-05-05,BEEF3,12.5
2020-05-05,BIDI11,27.35
2020-05-05,BIDI4,9.39
2020-05-05,BPAC11,41.39
2020-05-05,BPAN4,4.96
2020-05-05,BRAP4,28.53
2020-05-05,BRDT3,19.8
2020-05-05,BRFS3,18.34
2020-05-05,BRKM5,20.68
2020-05-05,BRML3,9.1
2020-05-05,BTOW3,74.86
2020-05-05,CCRO3,12.5
2020-05-05,CEAB3,8.61
2020-05-05,CIEL3,3.91
2020-05-05,CMIG4,9.25
2020-05-05,COGN3,4.96
2020-05-05,CPFE3,30.39
2020-05-05,CPLE3,53.66
2020-05-05,CPLE6,56.18
2020-05-05,CRFB3,19.86
2020-05-05,CSAN3,61.24
2020-05-05,CSMG3,48.69
2020-05-05,CSNA3,7.96
2020-05-05,CVCB3,12.39
2020-05-05,CYRE3,14.85
2020-05-05,DIRR3,8.66
2020-05-05,ECOR3,10.5
2020-05-05,EGIE3,38.93
2020-05-05,ELET3,22.85
2020-05-05,ELET6,26.2
2020-05-05,EMBR3,7.5
2020-05-05,ENBR3,16.85
2020-05-05,ENEV3,36.31
2020-05-05,ENGI11,43.04
2020-05-05,EQTL3,18.17
2020-05-05,EZTC3,29.0
2020-05-05,FLRY3,21.52
2020-05-05,GGBR4,11.51
2020-05-05,GNDI3,54.7
2020-05-05,GOAU4,5.14
2020-05-05,GOLL4,11.78
2020-05-05,HAPV3,51.9
2020-05-05,HGTX3,13.86
2020-05-05,HYPE3,27.98
2020-05-05,IGTA3,30.72
2020-05-05,IRBR3,9.01
2020-05-05,ITSA4,8.91
2020-05-05,ITUB4,22.7
2020-05-05,JBSS3,22.76
2020-05-05,JHSF3,3.98
2020-05-05,KLBN11,18.7
2020-05-05,LAME4,25.54
2020-05-05,LCAM3,13.55
2020-05-05,LOGG3,22.52
2020-05-05,LREN3,36.35
2020-05-05,LWSA3,22.28
2020-05-05,MGLU3,50.2
2020-05-05,MRFG3,12.5
2020-05-05,MRVE3,14.66
2020-05-05,MULT3,19.69
2020-05-05,NTCO3,34.52
2020-05-05,PCAR3,65.41
2020-05-05,PETR3,18.67
2020-05-05,PETR4,17.94
2020-05-05,POMO4,2.77
2020-05-05,PRIO3,21.18
2020-05-05,PSSA3,41.73
2020-05-05,QUAL3,24.27
2020-05-05,RADL3,104.11
2020-05-05,RAIL3,19.65
2020-05-05,RENT3,33.63
2020-05-05,SANB11,25.14
2020-05-05,SBSP3,41.7
2020-05-05,SLCE3,24.89
2020-05-05,SMLS3,13.38
2020-05-05,SMTO3,19.34
2020-05-05,STBP3,3.88
2020-05-05,SULA11,43.98
2020-05-05,SUZB3,41.6
2020-05-05,TAEE11,27.65
2020-05-05,TEND3,22.23
2020-05-05,TIMP3,13.9
2020-05-05,TOTS3,20.27
2020-05-05,TRPL4,19.06
2020-05-05,UGPA3,14.43
2020-05-05,USIM5,4.61
2020-05-05,VALE3,43.7
2020-05-05,VIVA3,17.87
2020-05-05,VIVT3,49.8
2020-05-05,VIVT4,49.5
2020-05-05,VVAR3,9.7
2020-05-05,WEGE3,39.01
2020-05-05,YDUQ3,28.84
2020-05-06,ABEV3,11.83
2020-05-06,ALPA4,25.47
2020-05-06,ALSO3,24.41
2020-05-06,ARZZ3,42.83
2020-05-06,AZUL4,14.77
2020-05-06,B3SA3,38.44
2020-05-06,BBAS3,26.99
2020-05-06,BBDC3,16.46
2020-05-06,BBDC4,17.92
2020-05-06,BBSE3,24.52
2020-05-06,BEEF3,12.88
2020-05-06,BIDI11,27.3
2020-05-06,BIDI4,9.3
2020-05-06,BPAC11,39.5
2020-05-06,BPAN4,4.85
2020-05-06,BRAP4,28.92
2020-05-06,BRDT3,19.36
2020-05-06,BRFS3,18.31
2020-05-06,BRKM5,20.1
2020-05-06,BRML3,8.74
2020-05-06,BTOW3,89.18
2020-05-06,CCRO3,12.29
2020-05-06,CEAB3,8.54
2020-05-06,CIEL3,3.81
2020-05-06,CMIG4,8.82
2020-05-06,COGN3,4.98
2020-05-06,CPFE3,30.1
2020-05-06,CPLE3,52.85
2020-05-06,CPLE6,54.95
2020-05-06,CRFB3,19.88
2020-05-06,CSAN3,60.35
2020-05-06,CSMG3,48.49
2020-05-06,CSNA3,8.1
2020-05-06,CVCB3,11.66
2020-05-06,CYRE3,14.35
2020-05-06,DIRR3,8.71
2020-05-06,ECOR3,10.46
2020-05-06,EGIE3,38.79
2020-05-06,ELET3,22.5
2020-05-06,ELET6,25.86
2020-05-06,EMBR3,7.16
2020-05-06,ENBR3,16.83
2020-05-06,ENEV3,35.47
2020-05-06,ENGI11,41.78
2020-05-06,EQTL3,17.62
2020-05-06,EZTC3,28.0
2020-05-06,FLRY3,21.6
2020-05-06,GGBR4,11.64
2020-05-06,GNDI3,54.26
2020-05-06,GOAU4,5.2
2020-05-06,GOLL4,11.52
2020-05-06,HAPV3,52.21
2020-05-06,HGTX3,13.45
2020-05-06,HYPE3,27.85
2020-05-06,IGTA3,29.89
2020-05-06,IRBR3,9.14
2020-05-06,ITSA4,8.7
2020-05-06,ITUB4,22.24
2020-05-06,JBSS3,23.08
2020-05-06,JHSF3,4.03
2020-05-06,KLBN11,18.58
2020-05-06,LAME4,27.42
2020-05-06,LCAM3,12.87
2020-05-06,LOGG3,23.1
2020-05-06,LREN3,35.63
2020-05-06,LWSA3,24.26
2020-05-06,MGLU3,55.15
2020-05-06,MRFG3,12.69
2020-05-06,MRVE3,14.5
2020-05-06,MULT3,19.3
2020-05-06,NTCO3,36.5
2020-05-06,PCAR3,64.88
2020-05-06,PETR3,17.94
2020-05-06,PETR4,17.28
2020-05-06,POMO4,2.72
2020-05-06,PRIO3,20.79
2020-05-06,PSSA3,41.29
2020-05-06,QUAL3,24.17
2020-05-06,RADL3,103.52
2020-05-06,RAIL3,20.14
2020-05-06,RENT3,32.5
2020-05-06,SANB11,24.91
2020-05-06,SBSP3,40.51
2020-05-06,SLCE3,24.92
2020-05-06,SMLS3,13.2
2020-05-06,SMTO3,19.49
2020-05-06,STBP3,3.79
2020-05-06,SULA11,44.64
2020-05-06,SUZB3,41.87
2020-05-06,TAEE11,27.6
2020-05-06,TEND3,21.55
2020-05-06,TIMP3,13.59
2020-05-06,TOTS3,19.69
2020-05-06,TRPL4,18.94
2020-05-06,UGPA3,14.05
2020-05-06,USIM5,4.59
2020-05-06,VALE3,44.33
2020-05-06,VIVA3,17.5
2020-05-06,VIVT3,49.6
2020-05-06,VIVT4,49.35
2020-05-06,VVAR3,10.01
2020-05-06,WEGE3,38.83
2020-05-06,YDUQ3,28.04
2020-05-07,ABEV3,11.54
2020-05-07,ALPA4,24.87
2020-05-07,ALSO3,22.7
2020-05-07,ARZZ3,41.66
2020-05-07,AZUL4,13.66
2020-05-07,B3SA3,36.85
2020-05-07,BBAS3,26.26
2020-05-07,BBDC3,15.92
2020-05-07,BBDC4,17.15
2020-05-07,BBSE3,23.49
2020-05-07,BEEF3,13.82
2020-05-07,BIDI11,25.81
2020-05-07,BIDI4,8.99
2020-05-07,BPAC11,37.0
2020-05-07,BPAN4,4.86
2020-05-07,BRAP4,29.68
2020-05-07,BRDT3,18.2
2020-05-07,BRFS3,18.41
2020-05-07,BRKM5,20.44
2020-05-07,BRML3,8.14
2020-05-07,BTOW3,90.2
2020-05-07,CCRO3,11.42
2020-05-07,CEAB3,8.08
2020-05-07,CIEL3,3.6
2020-05-07,CMIG4,8.28
2020-05-07,COGN3,4.71
2020-05-07,CPFE3,28.19
2020-05-07,CPLE3,51.25
2020-05-07,CPLE6,52.95
2020-05-07,CRFB3,19.62
2020-05-07,CSAN3,58.35
2020-05-07,CSMG3,46.47
2020-05-07,CSNA3,8.49
2020-05-07,CVCB3,10.9
2020-05-07,CYRE3,13.34
2020-05-07,DIRR3,8.61
2020-05-07,ECOR3,9.76
2020-05-07,EGIE3,37.0
2020-05-07,ELET3,21.4
2020-05-07,ELET6,24.33
2020-05-07,EMBR3,7.01
2020-05-07,ENBR3,15.97
2020-05-07,ENEV3,34.7
2020-05-07,ENGI11,39.5
2020-05-07,EQTL3,16.7
2020-05-07,EZTC3,25.61
2020-05-07,FLRY3,20.98
2020-05-07,GGBR4,12.45
2020-05-07,GNDI3,56.49
2020-05-07,GOAU4,5.54
2020-05-07,GOLL4,10.75
2020-05-07,HAPV3,53.26
2020-05-07,HGTX3,12.7
2020-05-07,HYPE3,28.08
2020-05-07,IGTA3,27.66
2020-05-07,IRBR3,8.51
2020-05-07,ITSA4,8.29
2020-05-07,ITUB4,21.44
2020-05-07,JBSS3,24.39
2020-05-07,JHSF3,3.83
2020-05-07,KLBN11,20.61
2020-05-07,LAME4,26.8
2020-05-07,LCAM3,11.86
2020-05-07,LOGG3,22.09
2020-05-07,LREN3,33.31
2020-05-07,LWSA3,24.4
2020-05-07,MGLU3,56.79
2020-05-07,MRFG3,13.62
2020-05-07,MRVE3,13.94
2020-05-07,MULT3,18.44
2020-05-07,NTCO3,36.45
2020-05-07,PCAR3,63.86
2020-05-07,PETR3,18.3
2020-05-07,PETR4,17.44
2020-05-07,POMO4,2.57
2020-05-07,PRIO3,20.78
2020-05-07,PSSA3,41.1
2020-05-07,QUAL3,23.55
2020-05-07,RADL3,103.69
2020-05-07,RAIL3,19.65
2020-05-07,RENT3,29.77
2020-05-07,SANB11,23.57
2020-05-07,SBSP3,39.45
2020-05-07,SLCE3,25.95
2020-05-07,SMLS3,12.29
2020-05-07,SMTO3,19.55
2020-05-07,STBP3,3.6
2020-05-07,SULA11,44.08
2020-05-07,SUZB3,45.01
2020-05-07,TAEE11,26.81
2020-05-07,TEND3,20.3
2020-05-07,TIMP3,13.0
2020-05-07,TOTS3,18.21
2020-05-07,TRPL4,18.85
2020-05-07,UGPA3,13.3
2020-05-07,USIM5,4.74
2020-05-07,VALE3,46.05
2020-05-07,VIVA3,17.02
2020-05-07,VIVT3,43.47
2020-05-07,VIVT4,47.4
2020-05-07,VVAR3,9.74
2020-05-07,WEGE3,39.09
2020-05-07,YDUQ3,26.78
2020-05-08,ABEV3,12.04
2020-05-08,ALPA4,24.82
2020-05-08,ALSO3,22.87
2020-05-08,ARZZ3,41.7
2020-05-08,AZUL4,13.6
2020-05-08,B3SA3,37.76
2020-05-08,BBAS3,27.1
2020-05-08,BBDC3,16.63
2020-05-08,BBDC4,17.92
2020-05-08,BBSE3,23.27
2020-05-08,BEEF3,13.8
2020-05-08,BIDI11,25.77
2020-05-08,BIDI4,8.83
2020-05-08,BPAC11,37.42
2020-05-08,BPAN4,4.83
2020-05-08,BRAP4,32.19
2020-05-08,BRDT3,19.05
2020-05-08,BRFS3,18.74
2020-05-08,BRKM5,20.38
2020-05-08,BRML3,8.18
2020-05-08,BTOW3,87.5
2020-05-08,CCRO3,11.42
2020-05-08,CEAB3,7.72
2020-05-08,CIEL3,3.76
2020-05-08,CMIG4,8.63
2020-05-08,COGN3,4.73
2020-05-08,CPFE3,29.65
2020-05-08,CPLE3,52.55
2020-05-08,CPLE6,54.5
2020-05-08,CRFB3,19.75
2020-05-08,CSAN3,62.29
2020-05-08,CSMG3,48.14
2020-05-08,CSNA3,8.51
2020-05-08,CVCB3,11.89
2020-05-08,CYRE3,13.6
2020-05-08,DIRR3,8.5
2020-05-08,ECOR3,9.78
2020-05-08,EGIE3,38.23
2020-05-08,ELET3,22.22
2020-05-08,ELET6,25.4
2020-05-08,EMBR3,7.54
2020-05-08,ENBR3,16.08
2020-05-08,ENEV3,35.5
2020-05-08,ENGI11,40.82
2020-05-08,EQTL3,17.6
2020-05-08,EZTC3,26.3
2020-05-08,FLRY3,20.66
2020-05-08,GGBR4,13.0
2020-05-08,GNDI3,55.69
2020-05-08,GOAU4,5.83
2020-05-08,GOLL4,11.0
2020-05-08,HAPV3,50.6
2020-05-08,HGTX3,12.45
2020-05-08,HYPE3,28.1
2020-05-08,IGTA3,28.72
2020-05-08,IRBR3,9.04
2020-05-08,ITSA4,8.49
2020-05-08,ITUB4,22.32
2020-05-08,JBSS3,23.45
2020-05-08,JHSF3,3.73
2020-05-08,KLBN11,21.49
2020-05-08,LAME4,26.9
2020-05-08,LCAM3,11.86
2020-05-08,LOGG3,22.51
2020-05-08,LREN3,33.9
2020-05-08,LWSA3,24.01
2020-05-08,MGLU3,55.54
2020-05-08,MRFG3,13.25
2020-05-08,MRVE3,13.83
2020-05-08,MULT3,18.84
2020-05-08,NTCO3,35.7
2020-05-08,PCAR3,65.8
2020-05-08,PETR3,19.55
2020-05-08,PETR4,18.48
2020-05-08,POMO4,2.63
2020-05-08,PRIO3,20.22
2020-05-08,PSSA3,40.65
2020-05-08,QUAL3,22.9
2020-05-08,RADL3,104.68
2020-05-08,RAIL3,20.3
2020-05-08,RENT3,29.65
2020-05-08,SANB11,24.43
2020-05-08,SBSP3,41.0
2020-05-08,SLCE3,26.04
2020-05-08,SMLS3,12.17
2020-05-08,SMTO3,19.5
2020-05-08,STBP3,3.58
2020-05-08,SULA11,43.41
2020-05-08,SUZB3,47.35
2020-05-08,TAEE11,27.05
2020-05-08,TEND3,20.5
2020-05-08,TIMP3,13.16
2020-05-08,TOTS3,18.5
2020-05-08,TRPL4,19.21
2020-05-08,UGPA3,13.88
2020-05-08,USIM5,4.81
2020-05-08,VALE3,48.85
2020-05-08,VIVA3,17.39
2020-05-08,VIVT3,48.44
2020-05-08,VIVT4,48.19
2020-05-08,VVAR3,8.85
2020-05-08,WEGE3,38.24
2020-05-08,YDUQ3,27.04
2020-05-11,ABEV3,11.94
2020-05-11,ALPA4,24.76
2020-05-11,ALSO3,21.95
2020-05-11,ARZZ3,42.3
2020-05-11,AZUL4,13.15
2020-05-11,B3SA3,36.8
2020-05-11,BBAS3,27.27
2020-05-11,BBDC3,16.34
2020-05-11,BBDC4,17.65
2020-05-11,BBSE3,23.55
2020-05-11,BEEF3,13.45
2020-05-11,BIDI11,25.79
2020-05-11,BIDI4,8.85
2020-05-11,BPAC11,37.08
2020-05-11,BPAN4,4.81
2020-05-11,BRAP4,31.94
2020-05-11,BRDT3,17.91
2020-05-11,BRFS3,20.85
2020-05-11,BRKM5,22.08
2020-05-11,BRML3,7.95
2020-05-11,BTOW3,86.94
2020-05-11,CCRO3,11.24
2020-05-11,CEAB3,7.33
2020-05-11,CIEL3,3.64
2020-05-11,CMIG4,8.3
2020-05-11,COGN3,4.52
2020-05-11,CPFE3,29.17
2020-05-11,CPLE3,51.31
2020-05-11,CPLE6,55.39
2020-05-11,CRFB3,19.38
2020-05-11,CSAN3,60.81
2020-05-11,CSMG3,48.29
2020-05-11,CSNA3,8.02
2020-05-11,CVCB3,11.16
2020-05-11,CYRE3,13.19
2020-05-11,DIRR3,8.25
2020-05-11,ECOR3,9.66
2020-05-11,EGIE3,37.72
2020-05-11,ELET3,21.76
2020-05-11,ELET6,24.7
2020-05-11,EMBR3,7.19
2020-05-11,ENBR3,15.51
2020-05-11,ENEV3,35.54
2020-05-11,ENGI11,41.28
2020-05-11,EQTL3,17.89
2020-05-11,EZTC3,25.15
2020-05-11,FLRY3,19.86
2020-05-11,GGBR4,12.5
2020-05-11,GNDI3,53.77
2020-05-11,GOAU4,5.64
2020-05-11,GOLL4,10.54
2020-05-11,HAPV3,49.32
2020-05-11,HGTX3,11.86
2020-05-11,HYPE3,28.11
2020-05-11,IGTA3,27.72
2020-05-11,IRBR3,7.7
2020-05-11,ITSA4,8.42
2020-05-11,ITUB4,22.38
2020-05-11,JBSS3,23.16
2020-05-11,JHSF3,3.56
2020-05-11,KLBN11,21.66
2020-05-11,LAME4,26.27
2020-05-11,LCAM3,11.8
2020-05-11,LOGG3,23.05
2020-05-11,LREN3,32.7
2020-05-11,LWSA3,23.8
2020-05-11,MGLU3,54.95
2020-05-11,MRFG3,13.75
2020-05-11,MRVE3,13.81
2020-05-11,MULT3,18.38
2020-05-11,NTCO3,34.15
2020-05-11,PCAR3,65.92
2020-05-11,PETR3,19.03
2020-05-11,PETR4,18.15
2020-05-11,POMO4,2.6
2020-05-11,PRIO3,21.1
2020-05-11,PSSA3,39.84
2020-05-11,QUAL3,21.73
2020-05-11,RADL3,105.0
2020-05-11,RAIL3,19.97
2020-05-11,RENT3,28.1
2020-05-11,SANB11,24.51
2020-05-11,SBSP3,41.72
2020-05-11,SLCE3,27.0
2020-05-11,SMLS3,11.56
2020-05-11,SMTO3,19.15
2020-05-11,STBP3,3.58
2020-05-11,SULA11,41.85
2020-05-11,SUZB3,47.6
2020-05-11,TAEE11,26.6
2020-05-11,TEND3,20.12
2020-05-11,TIMP3,12.96
2020-05-11,TOTS3,17.97
2020-05-11,TRPL4,18.7
2020-05-11,UGPA3,13.41
2020-05-11,USIM5,4.76
2020-05-11,VALE3,47.73
2020-05-11,VIVA3,16.4
2020-05-11,VIVT3,47.28
2020-05-11,VIVT4,46.87
2020-05-11,VVAR3,8.88
2020-05-11,WEGE3,38.83
2020-05-11,YDUQ3,25.81
2020-05-12,ABEV3,11.72
2020-05-12,ALPA4,26.01
2020-05-12,ALSO3,21.9
2020-05-12,ARZZ3,40.45
2020-05-12,AZUL4,12.53
2020-05-12,B3SA3,35.73
2020-05-12,BBAS3,26.31
2020-05-12,BBDC3,15.82
2020-05-12,BBDC4,17.1
2020-05-12,BBSE3,22.85
2020-05-12,BEEF3,14.4
2020-05-12,BIDI11,25.12
2020-05-12,BIDI4,8.65
2020-05-12,BPAC11,36.49
2020-05-12,BPAN4,4.75
2020-05-12,BRAP4,32.97
2020-05-12,BRDT3,17.6
2020-05-12,BRFS3,20.37
2020-05-12,BRKM5,20.47
2020-05-12,BRML3,7.82
2020-05-12,BTOW3,89.51
2020-05-12,CCRO3,10.99
2020-05-12,CEAB3,7.09
2020-05-12,CIEL3,3.54
2020-05-12,CMIG4,8.06
2020-05-12,COGN3,4.36
2020-05-12,CPFE3,28.99
2020-05-12,CPLE3,50.79
2020-05-12,CPLE6,54.29
2020-05-12,CRFB3,18.54
2020-05-12,CSAN3,59.47
2020-05-12,CSMG3,45.75
2020-05-12,CSNA3,7.88
2020-05-12,CVCB3,10.75
2020-05-12,CYRE3,13.06
2020-05-12,DIRR3,8.05
2020-05-12,ECOR3,9.45
2020-05-12,EGIE3,37.1
2020-05-12,ELET3,20.65
2020-05-12,ELET6,23.25
2020-05-12,EMBR3,6.78
2020-05-12,ENBR3,15.47
2020-05-12,ENEV3,34.09
2020-05-12,ENGI11,41.14
2020-05-12,EQTL3,17.3
2020-05-12,EZTC3,24.9
2020-05-12,FLRY3,20.0
2020-05-12,GGBR4,12.13
2020-05-12,GNDI3,54.37
2020-05-12,GOAU4,5.44
2020-05-12,GOLL4,10.0
2020-05-12,HAPV3,50.91
2020-05-12,HGTX3,11.59
2020-05-12,HYPE3,27.91
2020-05-12,IGTA3,27.29
2020-05-12,IRBR3,8.04
2020-05-12,ITSA4,8.18
2020-05-12,ITUB4,21.61
2020-05-12,JBSS3,23.74
2020-05-12,JHSF3,3.5
2020-05-12,KLBN11,21.6
2020-05-12,LAME4,26.22
2020-05-12,LCAM3,11.02
2020-05-12,LOGG3,22.17
2020-05-12,LREN3,33.08
2020-05-12,LWSA3,23.75
2020-05-12,MGLU3,54.8
2020-05-12,MRFG3,14.27
2020-05-12,MRVE3,13.62
2020-05-12,MULT3,17.99
2020-05-12,NTCO3,32.05
2020-05-12,PCAR3,65.18
2020-05-12,PETR3,18.87
2020-05-12,PETR4,18.14
2020-05-12,POMO4,2.43
2020-05-12,PRIO3,20.8
2020-05-12,PSSA3,40.18
2020-05-12,QUAL3,20.85
2020-05-12,RADL3,108.27
2020-05-12,RAIL3,19.52
2020-05-12,RENT3,27.51
2020-05-12,SANB11,23.24
2020-05-12,SBSP3,39.81
2020-05-12,SLCE3,26.7
2020-05-12,SMLS3,11.12
2020-05-12,SMTO3,19.48
2020-05-12,STBP3,3.41
2020-05-12,SULA11,40.68
2020-05-12,SUZB3,48.55
2020-05-12,TAEE11,26.35
2020-05-12,TEND3,19.29
2020-05-12,TIMP3,12.64
2020-05-12,TOTS3,17.26
2020-05-12,TRPL4,18.72
2020-05-12,UGPA3,13.73
2020-05-12,USIM5,4.59
2020-05-12,VALE3,47.46
2020-05-12,VIVA3,15.5
2020-05-12,VIVT3,46.63
2020-05-12,VIVT4,46.6
2020-05-12,VVAR3,8.55
2020-05-12,WEGE3,37.5
2020-05-12,YDUQ3,24.65
2020-05-13,ABEV3,11.26
2020-05-13,ALPA4,24.07
2020-05-13,ALSO3,22.01
2020-05-13,ARZZ3,39.39
2020-05-13,AZUL4,12.29
2020-05-13,B3SA3,36.16
2020-05-13,BBAS3,25.55
2020-05-13,BBDC3,15.7
2020-05-13,BBDC4,16.95
2020-05-13,BBSE3,23.11
2020-05-13,BEEF3,14.37
2020-05-13,BIDI11,26.13
2020-05-13,BIDI4,8.93
2020-05-13,BPAC11,37.75
2020-05-13,BPAN4,4.59
2020-05-13,BRAP4,33.0
2020-05-13,BRDT3,17.3
2020-05-13,BRFS3,22.85
2020-05-13,BRKM5,21.67
2020-05-13,BRML3,7.99
2020-05-13,BTOW3,91.41
2020-05-13,CCRO3,10.91
2020-05-13,CEAB3,6.54
2020-05-13,CIEL3,3.33
2020-05-13,CMIG4,7.92
2020-05-13,COGN3,4.15
2020-05-13,CPFE3,28.2
2020-05-13,CPLE3,50.33
2020-05-13,CPLE6,54.16
2020-05-13,CRFB3,18.12
2020-05-13,CSAN3,59.03
2020-05-13,CSMG3,44.43
2020-05-13,CSNA3,7.52
2020-05-13,CVCB3,10.72
2020-05-13,CYRE3,12.59
2020-05-13,DIRR3,8.0
2020-05-13,ECOR3,9.25
2020-05-13,EGIE3,36.72
2020-05-13,ELET3,20.69
2020-05-13,ELET6,23.35
2020-05-13,EMBR3,6.19
2020-05-13,ENBR3,15.29
2020-05-13,ENEV3,33.08
2020-05-13,ENGI11,39.31
2020-05-13,EQTL3,16.8
2020-05-13,EZTC3,25.0
2020-05-13,FLRY3,19.61
2020-05-13,GGBR4,11.63
2020-05-13,GNDI3,53.12
2020-05-13,GOAU4,5.17
2020-05-13,GOLL4,10.07
2020-05-13,HAPV3,48.92
2020-05-13,HGTX3,11.03
2020-05-13,HYPE3,28.27
2020-05-13,IGTA3,28.32
2020-05-13,IRBR3,7.41
2020-05-13,ITSA4,8.22
2020-05-13,ITUB4,21.6
2020-05-13,JBSS3,25.25
2020-05-13,JHSF3,3.47
2020-05-13,KLBN11,23.25
2020-05-13,LAME4,27.21
2020-05-13,LCAM3,10.69
2020-05-13,LOGG3,21.55
2020-05-13,LREN3,31.78
2020-05-13,LWSA3,24.1
2020-05-13,MGLU3,55.1
2020-05-13,MRFG3,14.51
2020-05-13,MRVE3,13.23
2020-05-13,MULT3,18.2
2020-05-13,NTCO3,32.43
2020-05-13,PCAR3,63.9
2020-05-13,PETR3,18.13
2020-05-13,PETR4,17.59
2020-05-13,POMO4,2.3
2020-05-13,PRIO3,20.26
2020-05-13,PSSA3,40.22
2020-05-13,QUAL3,19.7
2020-05-13,RADL3,105.6
2020-05-13,RAIL3,19.6
2020-05-13,RENT3,27.31
2020-05-13,SANB11,22.98
2020-05-13,SBSP3,39.49
2020-05-13,SLCE3,26.58
2020-05-13,SMLS3,10.67
2020-05-13,SMTO3,19.11
2020-05-13,STBP3,3.32
2020-05-13,SULA11,40.68
2020-05-13,SUZB3,50.59
2020-05-13,TAEE11,26.54
2020-05-13,TEND3,18.9
2020-05-13,TIMP3,12.7
2020-05-13,TOTS3,17.6
2020-05-13,TRPL4,18.91
2020-05-13,UGPA3,13.48
2020-05-13,USIM5,4.35
2020-05-13,VALE3,48.54
2020-05-13,VIVA3,15.17
2020-05-13,VIVT3,47.2
2020-05-13,VIVT4,46.84
2020-05-13,VVAR3,9.14
2020-05-13,WEGE3,38.0
2020-05-13,YDUQ3,23.78
2020-05-14,ABEV3,11.74
2020-05-14,ALPA4,23.59
2020-05-14,ALSO3,22.38
2020-05-14,ARZZ3,38.33
2020-05-14,AZUL4,11.6
2020-05-14,B3SA3,37.82
2020-05-14,BBAS3,26.65
2020-05-14,BBDC3,16.38
2020-05-14,BBDC4,17.88
2020-05-14,BBSE3,23.71
2020-05-14,BEEF3,14.33
2020-05-14,BIDI11,26.58
2020-05-14,BIDI4,9.09
2020-05-14,BPAC11,38.12
2020-05-14,BPAN4,4.81
2020-05-14,BRAP4,32.35
2020-05-14,BRDT3,18.55
2020-05-14,BRFS3,23.06
2020-05-14,BRKM5,22.17
2020-05-14,BRML3,8.61
2020-05-14,BTOW3,88.85
2020-05-14,CCRO3,11.46
2020-05-14,CEAB3,6.64
2020-05-14,CIEL3,3.55
2020-05-14,CMIG4,8.59
2020-05-14,COGN3,4.2
2020-05-14,CPFE3,29.35
2020-05-14,CPLE3,52.65
2020-05-14,CPLE6,55.7
2020-05-14,CRFB3,17.9
2020-05-14,CSAN3,59.07
2020-05-14,CSMG3,45.41
2020-05-14,CSNA3,8.39
2020-05-14,CVCB3,10.61
2020-05-14,CYRE3,13.63
2020-05-14,DIRR3,8.1
2020-05-14,ECOR3,9.63
2020-05-14,EGIE3,38.35
2020-05-14,ELET3,22.72
2020-05-14,ELET6,25.17
2020-05-14,EMBR3,6.57
2020-05-14,ENBR3,15.76
2020-05-14,ENEV3,33.79
2020-05-14,ENGI11,41.5
2020-05-14,EQTL3,17.64
2020-05-14,EZTC3,25.6
2020-05-14,FLRY3,20.83
2020-05-14,GGBR4,11.74
2020-05-14,GNDI3,52.59
2020-05-14,GOAU4,5.25
2020-05-14,GOLL4,10.43
2020-05-14,HAPV3,47.41
2020-05-14,HGTX3,11.1
2020-05-14,HYPE3,28.6
2020-05-14,IGTA3,29.05
2020-05-14,IRBR3,7.04
2020-05-14,ITSA4,8.52
2020-05-14,ITUB4,22.55
2020-05-14,JBSS3,24.45
2020-05-14,JHSF3,3.68
2020-05-14,KLBN11,22.4
2020-05-14,LAME4,27.17
2020-05-14,LCAM3,11.4
2020-05-14,LOGG3,21.25
2020-05-14,LREN3,33.3
2020-05-14,LWSA3,23.75
2020-05-14,MGLU3,55.5
2020-05-14,MRFG3,14.35
2020-05-14,MRVE3,13.51
2020-05-14,MULT3,18.67
2020-05-14,NTCO3,33.24
2020-05-14,PCAR3,59.9
2020-05-14,PETR3,17.69
2020-05-14,PETR4,17.4
2020-05-14,POMO4,2.44
2020-05-14,PRIO3,21.02
2020-05-14,PSSA3,41.6
2020-05-14,QUAL3,20.04
2020-05-14,RADL3,105.54
2020-05-14,RAIL3,20.54
2020-05-14,RENT3,29.29
2020-05-14,SANB11,23.94
2020-05-14,SBSP3,40.14
2020-05-14,SLCE3,27.22
2020-05-14,SMLS3,10.92
2020-05-14,SMTO3,19.04
2020-05-14,STBP3,3.31
2020-05-14,SULA11,37.87
2020-05-14,SUZB3,47.54
2020-05-14,TAEE11,27.0
2020-05-14,TEND3,19.31
2020-05-14,TIMP3,12.82
2020-05-14,TOTS3,17.74
2020-05-14,TRPL4,18.9
2020-05-14,UGPA3,15.0
2020-05-14,USIM5,4.55
2020-05-14,VALE3,48.09
2020-05-14,VIVA3,15.55
2020-05-14,VIVT3,47.48
2020-05-14,VIVT4,46.98
2020-05-14,VVAR3,9.02
2020-05-14,WEGE3,37.35
2020-05-14,YDUQ3,24.12
2020-05-15,ABEV3,11.64
2020-05-15,ALPA4,22.15
2020-05-15,ALSO3,21.28
2020-05-15,ARZZ3,38.75
2020-05-15,AZUL4,11.08
2020-05-15,B3SA3,39.54
2020-05-15,BBAS3,26.15
2020-05-15,BBDC3,15.81
2020-05-15,BBDC4,17.11
2020-05-15,BBSE3,22.59
2020-05-15,BEEF3,14.39
2020-05-15,BIDI11,26.43
2020-05-15,BIDI4,8.89
2020-05-15,BPAC11,37.39
2020-05-15,BPAN4,4.77
2020-05-15,BRAP4,32.89
2020-05-15,BRDT3,18.21
2020-05-15,BRFS3,22.66
2020-05-15,BRKM5,23.44
2020-05-15,BRML3,8.4
2020-05-15,BTOW3,86.07
2020-05-15,CCRO3,10.97
2020-05-15,CEAB3,6.6
2020-05-15,CIEL3,3.47
2020-05-15,CMIG4,8.21
2020-05-15,COGN3,4.21
2020-05-15,CPFE3,29.69
2020-05-15,CPLE3,52.94
2020-05-15,CPLE6,56.25
2020-05-15,CRFB3,17.38
2020-05-15,CSAN3,57.75
2020-05-15,CSMG3,46.0
2020-05-15,CSNA3,7.88
2020-05-15,CVCB3,10.55
2020-05-15,CYRE3,12.65
2020-05-15,DIRR3,7.93
2020-05-15,ECOR3,9.34
2020-05-15,EGIE3,38.4
2020-05-15,ELET3,22.65
2020-05-15,ELET6,25.22
2020-05-15,EMBR3,6.23
2020-05-15,ENBR3,15.63
2020-05-15,ENEV3,33.6
2020-05-15,ENGI11,42.0
2020-05-15,EQTL3,17.6
2020-05-15,EZTC3,25.94
2020-05-15,FLRY3,20.15
2020-05-15,GGBR4,10.92
2020-05-15,GNDI3,52.34
2020-05-15,GOAU4,4.95
2020-05-15,GOLL4,10.86
2020-05-15,HAPV3,46.9
2020-05-15,HGTX3,11.97
2020-05-15,HYPE3,28.39
2020-05-15,IGTA3,28.45
2020-05-15,IRBR3,6.7
2020-05-15,ITSA4,8.14
2020-05-15,ITUB4,21.63
2020-05-15,JBSS3,23.33
2020-05-15,JHSF3,3.63
2020-05-15,KLBN11,21.73
2020-05-15,LAME4,26.51
2020-05-15,LCAM3,12.43
2020-05-15,LOGG3,21.5
2020-05-15,LREN3,33.42
2020-05-15,LWSA3,24.2
2020-05-15,MGLU3,55.13
2020-05-15,MRFG3,14.04
2020-05-15,MRVE3,13.6
2020-05-15,MULT3,18.1
2020-05-15,NTCO3,32.18
2020-05-15,PCAR3,55.15
2020-05-15,PETR3,17.7
2020-05-15,PETR4,17.15
2020-05-15,POMO4,2.4
2020-05-15,PRIO3,20.82
2020-05-15,PSSA3,40.55
2020-05-15,QUAL3,19.7
2020-05-15,RADL3,102.83
2020-05-15,RAIL3,19.66
2020-05-15,RENT3,30.2
2020-05-15,SANB11,22.96
2020-05-15,SBSP3,37.8
2020-05-15,SLCE3,27.45
2020-05-15,SMLS3,12.03
2020-05-15,SMTO3,18.85
2020-05-15,STBP3,3.32
2020-05-15,SULA11,36.95
2020-05-15,SUZB3,45.03
2020-05-15,TAEE11,26.9
2020-05-15,TEND3,19.4
2020-05-15,TIMP3,12.2
2020-05-15,TOTS3,18.7
2020-05-15,TRPL4,18.84
2020-05-15,UGPA3,14.16
2020-05-15,USIM5,4.51
2020-05-15,VALE3,48.05
2020-05-15,VIVA3,15.01
2020-05-15,VIVT3,46.1
2020-05-15,VIVT4,45.9
2020-05-15,VVAR3,8.68
2020-05-15,WEGE3,36.41
2020-05-15,YDUQ3,23.81
2020-05-18,ABEV3,12.1
2020-05-18,ALPA4,23.84
2020-05-18,ALSO3,22.0
2020-05-18,ARZZ3,39.65
2020-05-18,AZUL4,14.39
2020-05-18,B3SA3,41.99
2020-05-18,BBAS3,27.4
2020-05-18,BBDC3,16.56
2020-05-18,BBDC4,18.01
2020-05-18,BBSE3,23.5
2020-05-18,BEEF3,12.96
2020-05-18,BIDI11,28.0
2020-05-18,BIDI4,9.45
2020-05-18,BPAC11,40.83
2020-05-18,BPAN4,5.09
2020-05-18,BRAP4,35.65
2020-05-18,BRDT3,19.01
2020-05-18,BRFS3,21.74
2020-05-18,BRKM5,26.95
2020-05-18,BRML3,9.0
2020-05-18,BTOW3,84.12
2020-05-18,CCRO3,11.83
2020-05-18,CEAB3,7.4
2020-05-18,CIEL3,3.7
2020-05-18,CMIG4,8.78
2020-05-18,COGN3,4.65
2020-05-18,CPFE3,30.25
2020-05-18,CPLE3,54.53
2020-05-18,CPLE6,58.73
2020-05-18,CRFB3,17.18
2020-05-18,CSAN3,61.11
2020-05-18,CSMG3,48.26
2020-05-18,CSNA3,8.28
2020-05-18,CVCB3,12.58
2020-05-18,CYRE3,13.53
2020-05-18,DIRR3,8.68
2020-05-18,ECOR3,10.16
2020-05-18,EGIE3,39.89
2020-05-18,ELET3,24.39
2020-05-18,ELET6,26.57
2020-05-18,EMBR3,6.59
2020-05-18,ENBR3,16.23
2020-05-18,ENEV3,35.24
2020-05-18,ENGI11,44.0
2020-05-18,EQTL3,18.3
2020-05-18,EZTC3,27.99
2020-05-18,FLRY3,20.7
2020-05-18,GGBR4,11.82
2020-05-18,GNDI3,55.38
2020-05-18,GOAU4,5.42
2020-05-18,GOLL4,12.43
2020-05-18,HAPV3,49.54
2020-05-18,HGTX3,13.18
2020-05-18,HYPE3,29.36
2020-05-18,IGTA3,30.25
2020-05-18,IRBR3,7.35
2020-05-18,ITSA4,8.54
2020-05-18,ITUB4,22.67
2020-05-18,JBSS3,21.79
2020-05-18,JHSF3,3.95
2020-05-18,KLBN11,20.0
2020-05-18,LAME4,26.89
2020-05-18,LCAM3,13.45
2020-05-18,LOGG3,23.56
2020-05-18,LREN3,36.2
2020-05-18,LWSA3,24.8
2020-05-18,MGLU3,55.75
2020-05-18,MRFG3,13.11
2020-05-18,MRVE3,15.48
2020-05-18,MULT3,19.39
2020-05-18,NTCO3,33.36
2020-05-18,PCAR3,55.85
2020-05-18,PETR3,19.42
2020-05-18,PETR4,18.54
2020-05-18,POMO4,2.64
2020-05-18,PRIO3,25.0
2020-05-18,PSSA3,43.1
2020-05-18,QUAL3,19.92
2020-05-18,RADL3,105.93
2020-05-18,RAIL3,20.84
2020-05-18,RENT3,33.51
2020-05-18,SANB11,24.54
2020-05-18,SBSP3,41.0
2020-05-18,SLCE3,26.68
2020-05-18,SMLS3,12.66
2020-05-18,SMTO3,19.05
2020-05-18,STBP3,3.45
2020-05-18,SULA11,39.0
2020-05-18,SUZB3,41.18
2020-05-18,TAEE11,27.81
2020-05-18,TEND3,21.11
2020-05-18,TIMP3,12.91
2020-05-18,TOTS3,19.14
2020-05-18,TRPL4,19.45
2020-05-18,UGPA3,15.09
2020-05-18,USIM5,4.9
2020-05-18,VALE3,51.26
2020-05-18,VIVA3,17.17
2020-05-18,VIVT3,47.67
2020-05-18,VIVT4,47.75
2020-05-18,VVAR3,8.87
2020-05-18,WEGE3,36.62
2020-05-18,YDUQ3,26.44
2020-05-19,ABEV3,11.94
2020-05-19,ALPA4,24.36
2020-05-19,ALSO3,22.5
2020-05-19,ARZZ3,41.69
2020-05-19,AZUL4,13.65
2020-05-19,B3SA3,40.72
2020-05-19,BBAS3,26.66
2020-05-19,BBDC3,16.0
2020-05-19,BBDC4,17.48
2020-05-19,BBSE3,23.48
2020-05-19,BEEF3,13.6
2020-05-19,BIDI11,28.0
2020-05-19,BIDI4,9.45
2020-05-19,BPAC11,41.5
2020-05-19,BPAN4,5.05
2020-05-19,BRAP4,36.14
2020-05-19,BRDT3,19.35
2020-05-19,BRFS3,22.0
2020-05-19,BRKM5,26.0
2020-05-19,BRML3,9.05
2020-05-19,BTOW3,92.16
2020-05-19,CCRO3,12.12
2020-05-19,CEAB3,8.0
2020-05-19,CIEL3,3.6
2020-05-19,CMIG4,8.53
2020-05-19,COGN3,4.61
2020-05-19,CPFE3,29.4
2020-05-19,CPLE3,53.19
2020-05-19,CPLE6,57.66
2020-05-19,CRFB3,17.13
2020-05-19,CSAN3,62.5
2020-05-19,CSMG3,48.2
2020-05-19,CSNA3,8.74
2020-05-19,CVCB3,12.38
2020-05-19,CYRE3,13.39
2020-05-19,DIRR3,8.4
2020-05-19,ECOR3,10.59
2020-05-19,EGIE3,39.43
2020-05-19,ELET3,23.69
2020-05-19,ELET6,25.92
2020-05-19,EMBR3,6.44
2020-05-19,ENBR3,15.98
2020-05-19,ENEV3,35.0
2020-05-19,ENGI11,42.99
2020-05-19,EQTL3,17.77
2020-05-19,EZTC3,27.29
2020-05-19,FLRY3,19.96
2020-05-19,GGBR4,11.8
2020-05-19,GNDI3,55.32
2020-05-19,GOAU4,5.43
2020-05-19,GOLL4,11.65
2020-05-19,HAPV3,50.39
2020-05-19,HGTX3,12.52
2020-05-19,HYPE3,28.27
2020-05-19,IGTA3,30.87
2020-05-19,IRBR3,7.05
2020-05-19,ITSA4,8.24
2020-05-19,ITUB4,21.69
2020-05-19,JBSS3,21.3
2020-05-19,JHSF3,3.88
2020-05-19,KLBN11,20.04
2020-05-19,LAME4,27.81
2020-05-19,LCAM3,13.8
2020-05-19,LOGG3,23.24
2020-05-19,LREN3,36.79
2020-05-19,LWSA3,25.0
2020-05-19,MGLU3,58.58
2020-05-19,MRFG3,13.48
2020-05-19,MRVE3,15.13
2020-05-19,MULT3,19.67
2020-05-19,NTCO3,32.54
2020-05-19,PCAR3,55.07
2020-05-19,PETR3,19.3
2020-05-19,PETR4,18.68
2020-05-19,POMO4,2.55
2020-05-19,PRIO3,27.0
2020-05-19,PSSA3,44.63
2020-05-19,QUAL3,20.48
2020-05-19,RADL3,103.02
2020-05-19,RAIL3,20.12
2020-05-19,RENT3,35.07
2020-05-19,SANB11,23.51
2020-05-19,SBSP3,40.3
2020-05-19,SLCE3,26.5
2020-05-19,SMLS3,12.17
2020-05-19,SMTO3,19.21
2020-05-19,STBP3,3.84
2020-05-19,SULA11,39.98
2020-05-19,SUZB3,41.76
2020-05-19,TAEE11,27.81
2020-05-19,TEND3,21.07
2020-05-19,TIMP3,12.47
2020-05-19,TOTS3,19.13
2020-05-19,TRPL4,19.18
2020-05-19,UGPA3,15.14
2020-05-19,USIM5,4.83
2020-05-19,VALE3,52.44
2020-05-19,VIVA3,17.17
2020-05-19,VIVT3,46.5
2020-05-19,VIVT4,46.56
2020-05-19,VVAR3,9.29
2020-05-19,WEGE3,36.92
2020-05-19,YDUQ3,26.05
2020-05-20,ABEV3,12.14
2020-05-20,ALPA4,24.05
2020-05-20,ALSO3,23.74
2020-05-20,ARZZ3,40.5
2020-05-20,AZUL4,15.33
2020-05-20,B3SA3,40.64
2020-05-20,BBAS3,27.33
2020-05-20,BBDC3,16.3
2020-05-20,BBDC4,17.66
2020-05-20,BBSE3,23.53
2020-05-20,BEEF3,13.16
2020-05-20,BIDI11,26.1
2020-05-20,BIDI4,8.91
2020-05-20,BPAC11,42.97
2020-05-20,BPAN4,5.09
2020-05-20,BRAP4,36.59
2020-05-20,BRDT3,19.55
2020-05-20,BRFS3,22.47
2020-05-20,BRKM5,26.17
2020-05-20,BRML3,9.47
2020-05-20,BTOW3,88.53
2020-05-20,CCRO3,12.7
2020-05-20,CEAB3,8.24
2020-05-20,CIEL3,3.56
2020-05-20,CMIG4,8.77
2020-05-20,COGN3,4.57
2020-05-20,CPFE3,28.63
2020-05-20,CPLE3,53.3
2020-05-20,CPLE6,56.72
2020-05-20,CRFB3,17.4
2020-05-20,CSAN3,63.41
2020-05-20,CSMG3,48.29
2020-05-20,CSNA3,8.57
2020-05-20,CVCB3,13.23
2020-05-20,CYRE3,14.0
2020-05-20,DIRR3,8.41
2020-05-20,ECOR3,11.19
2020-05-20,EGIE3,39.05
2020-05-20,ELET3,23.48
2020-05-20,ELET6,26.02
2020-05-20,EMBR3,6.58
2020-05-20,ENBR3,15.74
2020-05-20,ENEV3,35.1
2020-05-20,ENGI11,41.71
2020-05-20,EQTL3,17.5
2020-05-20,EZTC3,27.88
2020-05-20,FLRY3,20.87
2020-05-20,GGBR4,11.92
2020-05-20,GNDI3,55.47
2020-05-20,GOAU4,5.42
2020-05-20,GOLL4,12.68
2020-05-20,HAPV3,50.9
2020-05-20,HGTX3,13.09
2020-05-20,HYPE3,27.74
2020-05-20,IGTA3,31.77
2020-05-20,IRBR3,7.61
2020-05-20,ITSA4,8.25
2020-05-20,ITUB4,21.6
2020-05-20,JBSS3,21.05
2020-05-20,JHSF3,4.07
2020-05-20,KLBN11,19.85
2020-05-20,LAME4,26.84
2020-05-20,LCAM3,13.97
2020-05-20,LOGG3,23.6
2020-05-20,LREN3,38.28
2020-05-20,LWSA3,24.96
2020-05-20,MGLU3,56.9
2020-05-20,MRFG3,13.06
2020-05-20,MRVE3,15.07
2020-05-20,MULT3,20.62
2020-05-20,NTCO3,33.71
2020-05-20,PCAR3,55.0
2020-05-20,PETR3,19.88
2020-05-20,PETR4,19.3
2020-05-20,POMO4,2.57
2020-05-20,PRIO3,26.26
2020-05-20,PSSA3,44.01
2020-05-20,QUAL3,21.57
2020-05-20,RADL3,102.95
2020-05-20,RAIL3,20.33
2020-05-20,RENT3,35.3
2020-05-20,SANB11,23.77
2020-05-20,SBSP3,39.32
2020-05-20,SLCE3,26.14
2020-05-20,SMLS3,12.68
2020-05-20,SMTO3,21.15
2020-05-20,STBP3,3.79
2020-05-20,SULA11,40.66
2020-05-20,SUZB3,40.25
2020-05-20,TAEE11,27.09
2020-05-20,TEND3,21.29
2020-05-20,TIMP3,12.88
2020-05-20,TOTS3,19.42
2020-05-20,TRPL4,19.09
2020-05-20,UGPA3,15.46
2020-05-20,USIM5,5.05
2020-05-20,VALE3,52.5
2020-05-20,VIVA3,17.64
2020-05-20,VIVT3,47.09
2020-05-20,VIVT4,46.95
2020-05-20,VVAR3,9.16
2020-05-20,WEGE3,37.64
2020-05-20,YDUQ3,25.95
2020-05-21,ABEV3,11.88
2020-05-21,ALPA4,26.42
2020-05-21,ALSO3,26.6
2020-05-21,ARZZ3,43.62
2020-05-21,AZUL4,15.43
2020-05-21,B3SA3,43.62
2020-05-21,BBAS3,29.26
2020-05-21,BBDC3,17.3
2020-05-21,BBDC4,18.64
2020-05-21,BBSE3,24.15
2020-05-21,BEEF3,12.68
2020-05-21,BIDI11,26.1
2020-05-21,BIDI4,8.96
2020-05-21,BPAC11,47.0
2020-05-21,BPAN4,5.35
2020-05-21,BRAP4,35.34
2020-05-21,BRDT3,21.02
2020-05-21,BRFS3,21.8
2020-05-21,BRKM5,26.39
2020-05-21,BRML3,10.21
2020-05-21,BTOW3,86.6
2020-05-21,CCRO3,14.18
2020-05-21,CEAB3,8.43
2020-05-21,CIEL3,3.48
2020-05-21,CMIG4,9.25
2020-05-21,COGN3,4.7
2020-05-21,CPFE3,29.82
2020-05-21,CPLE3,55.22
2020-05-21,CPLE6,59.99
2020-05-21,CRFB3,17.8
2020-05-21,CSAN3,65.56
2020-05-21,CSMG3,50.93
2020-05-21,CSNA3,8.52
2020-05-21,CVCB3,12.93
2020-05-21,CYRE3,15.54
2020-05-21,DIRR3,9.15
2020-05-21,ECOR3,12.29
2020-05-21,EGIE3,39.88
2020-05-21,ELET3,23.6
2020-05-21,ELET6,26.46
2020-05-21,EMBR3,6.59
2020-05-21,ENBR3,16.35
2020-05-21,ENEV3,36.0
2020-05-21,ENGI11,42.84
2020-05-21,EQTL3,17.54
2020-05-21,EZTC3,31.2
2020-05-21,FLRY3,22.08
2020-05-21,GGBR4,12.05
2020-05-21,GNDI3,56.52
2020-05-21,GOAU4,5.48
2020-05-21,GOLL4,12.5
2020-05-21,HAPV3,52.41
2020-05-21,HGTX3,14.19
2020-05-21,HYPE3,28.55
2020-05-21,IGTA3,33.44
2020-05-21,IRBR3,7.05
2020-05-21,ITSA4,8.69
2020-05-21,ITUB4,22.84
2020-05-21,JBSS3,20.4
2020-05-21,JHSF3,4.28
2020-05-21,KLBN11,19.07
2020-05-21,LAME4,26.85
2020-05-21,LCAM3,13.92
2020-05-21,LOGG3,23.97
2020-05-21,LREN3,40.77
2020-05-21,LWSA3,24.61
2020-05-21,MGLU3,58.29
2020-05-21,MRFG3,12.51
2020-05-21,MRVE3,15.28
2020-05-21,MULT3,21.7
2020-05-21,NTCO3,33.91
2020-05-21,PCAR3,56.35
2020-05-21,PETR3,19.95
2020-05-21,PETR4,19.19
2020-05-21,POMO4,2.72
2020-05-21,PRIO3,27.5
2020-05-21,PSSA3,44.28
2020-05-21,QUAL3,22.31
2020-05-21,RADL3,107.41
2020-05-21,RAIL3,20.61
2020-05-21,RENT3,36.29
2020-05-21,SANB11,25.18
2020-05-21,SBSP3,42.38
2020-05-21,SLCE3,26.08
2020-05-21,SMLS3,12.27
2020-05-21,SMTO3,20.0
2020-05-21,STBP3,3.92
2020-05-21,SULA11,42.67
2020-05-21,SUZB3,38.48
2020-05-21,TAEE11,27.92
2020-05-21,TEND3,22.31
2020-05-21,TIMP3,13.17
2020-05-21,TOTS3,20.13
2020-05-21,TRPL4,19.68
2020-05-21,UGPA3,16.45
2020-05-21,USIM5,4.97
2020-05-21,VALE3,51.13
2020-05-21,VIVA3,18.3
2020-05-21,VIVT3,47.22
2020-05-21,VIVT4,47.59
2020-05-21,VVAR3,9.49
2020-05-21,WEGE3,37.44
2020-05-21,YDUQ3,26.98
2020-05-22,ABEV3,11.74
2020-05-22,ALPA4,25.9
2020-05-22,ALSO3,26.57
2020-05-22,ARZZ3,41.71
2020-05-22,AZUL4,14.8
2020-05-22,B3SA3,43.88
2020-05-22,BBAS3,28.51
2020-05-22,BBDC3,17.02
2020-05-22,BBDC4,18.75
2020-05-22,BBSE3,23.51
2020-05-22,BEEF3,12.86
2020-05-22,BIDI11,27.17
2020-05-22,BIDI4,9.34
2020-05-22,BPAC11,46.07
2020-05-22,BPAN4,5.15
2020-05-22,BRAP4,34.65
2020-05-22,BRDT3,20.13
2020-05-22,BRFS3,21.76
2020-05-22,BRKM5,25.99
2020-05-22,BRML3,9.65
2020-05-22,BTOW3,85.15
2020-05-22,CCRO3,13.47
2020-05-22,CEAB3,7.78
2020-05-22,CIEL3,3.41
2020-05-22,CMIG4,9.36
2020-05-22,COGN3,4.3
2020-05-22,CPFE3,30.57
2020-05-22,CPLE3,54.34
2020-05-22,CPLE6,59.17
2020-05-22,CRFB3,17.61
2020-05-22,CSAN3,62.99
2020-05-22,CSMG3,51.7
2020-05-22,CSNA3,8.5
2020-05-22,CVCB3,12.47
2020-05-22,CYRE3,14.88
2020-05-22,DIRR3,8.86
2020-05-22,ECOR3,11.91
2020-05-22,EGIE3,39.29
2020-05-22,ELET3,25.41
2020-05-22,ELET6,27.82
2020-05-22,EMBR3,6.47
2020-05-22,ENBR3,16.31
2020-05-22,ENEV3,37.03
2020-05-22,ENGI11,43.0
2020-05-22,EQTL3,18.03
2020-05-22,EZTC3,30.92
2020-05-22,FLRY3,22.23
2020-05-22,GGBR4,11.6
2020-05-22,GNDI3,56.59
2020-05-22,GOAU4,5.32
2020-05-22,GOLL4,12.23
2020-05-22,HAPV3,52.2
2020-05-22,HGTX3,12.9
2020-05-22,HYPE3,28.4
2020-05-22,IGTA3,32.71
2020-05-22,IRBR3,7.17
2020-05-22,ITSA4,8.86
2020-05-22,ITUB4,22.96
2020-05-22,JBSS3,20.65
2020-05-22,JHSF3,4.16
2020-05-22,KLBN11,19.2
2020-05-22,LAME4,25.35
2020-05-22,LCAM3,13.3
2020-05-22,LOGG3,23.45
2020-05-22,LREN3,37.37
2020-05-22,LWSA3,24.5
2020-05-22,MGLU3,57.65
2020-05-22,MRFG3,12.63
2020-05-22,MRVE3,14.93
2020-05-22,MULT3,21.19
2020-05-22,NTCO3,34.1
2020-05-22,PCAR3,57.21
2020-05-22,PETR3,19.52
2020-05-22,PETR4,18.67
2020-05-22,POMO4,2.62
2020-05-22,PRIO3,26.9
2020-05-22,PSSA3,43.01
2020-05-22,QUAL3,22.31
2020-05-22,RADL3,105.56
2020-05-22,RAIL3,20.89
2020-05-22,RENT3,36.19
2020-05-22,SANB11,24.61
2020-05-22,SBSP3,44.17
2020-05-22,SLCE3,25.35
2020-05-22,SMLS3,12.37
2020-05-22,SMTO3,20.0
2020-05-22,STBP3,3.78
2020-05-22,SULA11,41.25
2020-05-22,SUZB3,38.61
2020-05-22,TAEE11,27.93
2020-05-22,TEND3,21.9
2020-05-22,TIMP3,12.8
2020-05-22,TOTS3,19.73
2020-05-22,TRPL4,19.91
2020-05-22,UGPA3,16.1
2020-05-22,USIM5,4.72
2020-05-22,VALE3,50.27
2020-05-22,VIVA3,18.18
2020-05-22,VIVT3,47.4
2020-05-22,VIVT4,46.94
2020-05-22,VVAR3,9.7
2020-05-22,WEGE3,37.24
2020-05-22,YDUQ3,25.58
2020-05-25,ABEV3,12.27
2020-05-25,ALPA4,26.1
2020-05-25,ALSO3,27.97
2020-05-25,ARZZ3,42.8
2020-05-25,AZUL4,15.34
2020-05-25,B3SA3,46.5
2020-05-25,BBAS3,31.5
2020-05-25,BBDC3,18.38
2020-05-25,BBDC4,20.08
2020-05-25,BBSE3,24.65
2020-05-25,BEEF3,12.63
2020-05-25,BIDI11,30.0
2020-05-25,BIDI4,10.29
2020-05-25,BPAC11,50.22
2020-05-25,BPAN4,5.37
2020-05-25,BRAP4,34.52
2020-05-25,BRDT3,22.22
2020-05-25,BRFS3,21.75
2020-05-25,BRKM5,26.39
2020-05-25,BRML3,10.18
2020-05-25,BTOW3,87.38
2020-05-25,CCRO3,14.3
2020-05-25,CEAB3,8.46
2020-05-25,CIEL3,3.68
2020-05-25,CMIG4,10.03
2020-05-25,COGN3,4.73
2020-05-25,CPFE3,31.82
2020-05-25,CPLE3,58.02
2020-05-25,CPLE6,62.53
2020-05-25,CRFB3,17.99
2020-05-25,CSAN3,63.75
2020-05-25,CSMG3,55.01
2020-05-25,CSNA3,8.64
2020-05-25,CVCB3,14.1
2020-05-25,CYRE3,16.73
2020-05-25,DIRR3,9.72
2020-05-25,ECOR3,12.96
2020-05-25,EGIE3,41.27
2020-05-25,ELET3,26.6
2020-05-25,ELET6,29.74
2020-05-25,EMBR3,6.86
2020-05-25,ENBR3,17.22
2020-05-25,ENEV3,37.76
2020-05-25,ENGI11,45.6
2020-05-25,EQTL3,19.5
2020-05-25,EZTC3,33.15
2020-05-25,FLRY3,23.0
2020-05-25,GGBR4,12.36
2020-05-25,GNDI3,59.5
2020-05-25,GOAU4,5.62
2020-05-25,GOLL4,12.6
2020-05-25,HAPV3,54.24
2020-05-25,HGTX3,13.73
2020-05-25,HYPE3,28.5
2020-05-25,IGTA3,34.89
2020-05-25,IRBR3,7.8
2020-05-25,ITSA4,9.24
2020-05-25,ITUB4,23.96
2020-05-25,JBSS3,20.78
2020-05-25,JHSF3,4.32
2020-05-25,KLBN11,18.87
2020-05-25,LAME4,25.75
2020-05-25,LCAM3,13.9
2020-05-25,LOGG3,24.0
2020-05-25,LREN3,40.37
2020-05-25,LWSA3,25.0
2020-05-25,MGLU3,60.4
2020-05-25,MRFG3,12.3
2020-05-25,MRVE3,16.74
2020-05-25,MULT3,22.64
2020-05-25,NTCO3,35.14
2020-05-25,PCAR3,59.47
2020-05-25,PETR3,20.34
2020-05-25,PETR4,19.48
2020-05-25,POMO4,2.72
2020-05-25,PRIO3,28.98
2020-05-25,PSSA3,45.2
2020-05-25,QUAL3,23.43
2020-05-25,RADL3,106.96
2020-05-25,RAIL3,21.3
2020-05-25,RENT3,36.7
2020-05-25,SANB11,25.98
2020-05-25,SBSP3,49.9
2020-05-25,SLCE3,24.55
2020-05-25,SMLS3,12.7
2020-05-25,SMTO3,19.47
2020-05-25,STBP3,3.9
2020-05-25,SULA11,43.3
2020-05-25,SUZB3,37.7
2020-05-25,TAEE11,28.15
2020-05-25,TEND3,23.58
2020-05-25,TIMP3,13.55
2020-05-25,TOTS3,20.3
2020-05-25,TRPL4,20.28
2020-05-25,UGPA3,17.0
2020-05-25,USIM5,4.88
2020-05-25,VALE3,50.1
2020-05-25,VIVA3,18.92
2020-05-25,VIVT3,48.27
2020-05-25,VIVT4,48.4
2020-05-25,VVAR3,11.21
2020-05-25,WEGE3,38.04
2020-05-25,YDUQ3,27.53
2020-05-26,ABEV3,12.53
2020-05-26,ALPA4,25.98
2020-05-26,ALSO3,26.83
2020-05-26,ARZZ3,41.54
2020-05-26,AZUL4,14.75
2020-05-26,B3SA3,46.5
2020-05-26,BBAS3,30.79
2020-05-26,BBDC3,17.55
2020-05-26,BBDC4,19.21
2020-05-26,BBSE3,25.18
2020-05-26,BEEF3,12.83
2020-05-26,BIDI11,33.2
2020-05-26,BIDI4,11.6
2020-05-26,BPAC11,49.21
2020-05-26,BPAN4,5.21
2020-05-26,BRAP4,33.69
2020-05-26,BRDT3,21.47
2020-05-26,BRFS3,22.5
2020-05-26,BRKM5,26.47
2020-05-26,BRML3,10.03
2020-05-26,BTOW3,95.4
2020-05-26,CCRO3,14.69
2020-05-26,CEAB3,8.32
2020-05-26,CIEL3,3.81
2020-05-26,CMIG4,10.47
2020-05-26,COGN3,4.81
2020-05-26,CPFE3,31.55
2020-05-26,CPLE3,58.0
2020-05-26,CPLE6,61.7
2020-05-26,CRFB3,17.79
2020-05-26,CSAN3,63.88
2020-05-26,CSMG3,56.1
2020-05-26,CSNA3,8.53
2020-05-26,CVCB3,13.5
2020-05-26,CYRE3,16.15
2020-05-26,DIRR3,9.72
2020-05-26,ECOR3,13.12
2020-05-26,EGIE3,41.66
2020-05-26,ELET3,27.24
2020-05-26,ELET6,29.89
2020-05-26,EMBR3,6.64
2020-05-26,ENBR3,17.17
2020-05-26,ENEV3,38.0
2020-05-26,ENGI11,44.7
2020-05-26,EQTL3,19.39
2020-05-26,EZTC3,32.43
2020-05-26,FLRY3,23.1
2020-05-26,GGBR4,11.95
2020-05-26,GNDI3,62.4
2020-05-26,GOAU4,5.44
2020-05-26,GOLL4,12.29
2020-05-26,HAPV3,54.81
2020-05-26,HGTX3,13.53
2020-05-26,HYPE3,30.5
2020-05-26,IGTA3,33.67
2020-05-26,IRBR3,7.39
2020-05-26,ITSA4,8.92
2020-05-26,ITUB4,23.01
2020-05-26,JBSS3,20.67
2020-05-26,JHSF3,4.36
2020-05-26,KLBN11,18.85
2020-05-26,LAME4,26.9
2020-05-26,LCAM3,13.85
2020-05-26,LOGG3,24.0
2020-05-26,LREN3,38.15
2020-05-26,LWSA3,25.38
2020-05-26,MGLU3,64.48
2020-05-26,MRFG3,12.35
2020-05-26,MRVE3,16.33
2020-05-26,MULT3,21.78
2020-05-26,NTCO3,36.08
2020-05-26,PCAR3,59.84
2020-05-26,PETR3,20.55
2020-05-26,PETR4,19.67
2020-05-26,POMO4,2.68
2020-05-26,PRIO3,28.8
2020-05-26,PSSA3,44.31
2020-05-26,QUAL3,23.52
2020-05-26,RADL3,109.11
2020-05-26,RAIL3,21.41
2020-05-26,RENT3,36.88
2020-05-26,SANB11,25.14
2020-05-26,SBSP3,50.15
2020-05-26,SLCE3,26.35
2020-05-26,SMLS3,12.42
2020-05-26,SMTO3,19.81
2020-05-26,STBP3,4.27
2020-05-26,SULA11,44.09
2020-05-26,SUZB3,37.88
2020-05-26,TAEE11,28.11
2020-05-26,TEND3,24.0
2020-05-26,TIMP3,13.43
2020-05-26,TOTS3,20.67
2020-05-26,TRPL4,20.42
2020-05-26,UGPA3,17.1
2020-05-26,USIM5,4.9
2020-05-26,VALE3,49.2
2020-05-26,VIVA3,18.49
2020-05-26,VIVT3,48.68
2020-05-26,VIVT4,49.0
2020-05-26,VVAR3,11.57
2020-05-26,WEGE3,40.42
2020-05-26,YDUQ3,27.93
2020-05-27,ABEV3,13.38
2020-05-27,ALPA4,26.73
2020-05-27,ALSO3,27.53
2020-05-27,ARZZ3,43.9
2020-05-27,AZUL4,14.87
2020-05-27,B3SA3,46.59
2020-05-27,BBAS3,30.9
2020-05-27,BBDC3,17.83
2020-05-27,BBDC4,19.54
2020-05-27,BBSE3,25.3
2020-05-27,BEEF3,13.21
2020-05-27,BIDI11,33.39
2020-05-27,BIDI4,11.61
2020-05-27,BPAC11,50.89
2020-05-27,BPAN4,5.7
2020-05-27,BRAP4,34.08
2020-05-27,BRDT3,22.2
2020-05-27,BRFS3,23.25
2020-05-27,BRKM5,27.6
2020-05-27,BRML3,10.46
2020-05-27,BTOW3,94.0
2020-05-27,CCRO3,14.7
2020-05-27,CEAB3,8.9
2020-05-27,CIEL3,4.0
2020-05-27,CMIG4,10.93
2020-05-27,COGN3,5.3
2020-05-27,CPFE3,33.61
2020-05-27,CPLE3,59.52
2020-05-27,CPLE6,63.56
2020-05-27,CRFB3,18.47
2020-05-27,CSAN3,66.27
2020-05-27,CSMG3,59.72
2020-05-27,CSNA3,9.45
2020-05-27,CVCB3,15.25
2020-05-27,CYRE3,17.5
2020-05-27,DIRR3,10.0
2020-05-27,ECOR3,13.56
2020-05-27,EGIE3,41.64
2020-05-27,ELET3,28.66
2020-05-27,ELET6,30.98
2020-05-27,EMBR3,7.27
2020-05-27,ENBR3,17.3
2020-05-27,ENEV3,39.07
2020-05-27,ENGI11,46.92
2020-05-27,EQTL3,20.1
2020-05-27,EZTC3,34.45
2020-05-27,FLRY3,23.35
2020-05-27,GGBR4,13.26
2020-05-27,GNDI3,62.4
2020-05-27,GOAU4,6.08
2020-05-27,GOLL4,12.37
2020-05-27,HAPV3,55.0
2020-05-27,HGTX3,13.95
2020-05-27,HYPE3,31.0
2020-05-27,IGTA3,35.18
2020-05-27,IRBR3,7.7
2020-05-27,ITSA4,9.11
2020-05-27,ITUB4,23.73
2020-05-27,JBSS3,21.76
2020-05-27,JHSF3,4.76
2020-05-27,KLBN11,19.61
2020-05-27,LAME4,28.9
2020-05-27,LCAM3,15.12
2020-05-27,LOGG3,24.8
2020-05-27,LREN3,39.79
2020-05-27,LWSA3,26.5
2020-05-27,MGLU3,67.36
2020-05-27,MRFG3,13.05
2020-05-27,MRVE3,16.62
2020-05-27,MULT3,22.54
2020-05-27,NTCO3,38.7
2020-05-27,PCAR3,60.38
2020-05-27,PETR3,20.65
2020-05-27,PETR4,19.93
2020-05-27,POMO4,2.85
2020-05-27,PRIO3,29.75
2020-05-27,PSSA3,45.02
2020-05-27,QUAL3,23.83
2020-05-27,RADL3,111.96
2020-05-27,RAIL3,23.45
2020-05-27,RENT3,39.1
2020-05-27,SANB11,25.9
2020-05-27,SBSP3,53.64
2020-05-27,SLCE3,26.3
2020-05-27,SMLS3,12.85
2020-05-27,SMTO3,19.79
2020-05-27,STBP3,4.27
2020-05-27,SULA11,44.01
2020-05-27,SUZB3,38.41
2020-05-27,TAEE11,28.38
2020-05-27,TEND3,25.32
2020-05-27,TIMP3,13.6
2020-05-27,TOTS3,20.32
2020-05-27,TRPL4,20.68
2020-05-27,UGPA3,17.31
2020-05-27,USIM5,5.7
2020-05-27,VALE3,50.64
2020-05-27,VIVA3,20.0
2020-05-27,VIVT3,48.57
2020-05-27,VIVT4,48.72
2020-05-27,VVAR3,12.18
2020-05-27,WEGE3,40.58
2020-05-27,YDUQ3,30.1
2020-05-28,ABEV3,12.82
2020-05-28,ALPA4,25.58
2020-05-28,ALSO3,25.8
2020-05-28,ARZZ3,43.59
2020-05-28,AZUL4,14.75
2020-05-28,B3SA3,45.95
2020-05-28,BBAS3,30.79
2020-05-28,BBDC3,17.67
2020-05-28,BBDC4,19.1
2020-05-28,BBSE3,25.61
2020-05-28,BEEF3,13.05
2020-05-28,BIDI11,32.6
2020-05-28,BIDI4,11.43
2020-05-28,BPAC11,49.59
2020-05-28,BPAN4,5.69
2020-05-28,BRAP4,33.76
2020-05-28,BRDT3,22.18
2020-05-28,BRFS3,23.21
2020-05-28,BRKM5,29.0
2020-05-28,BRML3,9.95
2020-05-28,BTOW3,92.49
2020-05-28,CCRO3,14.78
2020-05-28,CEAB3,9.2
2020-05-28,CIEL3,4.05
2020-05-28,CMIG4,10.61
2020-05-28,COGN3,5.23
2020-05-28,CPFE3,32.78
2020-05-28,CPLE3,59.2
2020-05-28,CPLE6,63.34
2020-05-28,CRFB3,17.98
2020-05-28,CSAN3,65.18
2020-05-28,CSMG3,58.62
2020-05-28,CSNA3,9.61
2020-05-28,CVCB3,14.74
2020-05-28,CYRE3,17.5
2020-05-28,DIRR3,9.78
2020-05-28,ECOR3,13.42
2020-05-28,EGIE3,42.27
2020-05-28,ELET3,28.42
2020-05-28,ELET6,30.83
2020-05-28,EMBR3,6.98
2020-05-28,ENBR3,17.41
2020-05-28,ENEV3,38.66
2020-05-28,ENGI11,46.89
2020-05-28,EQTL3,19.9
2020-05-28,EZTC3,33.16
2020-05-28,FLRY3,22.86
2020-05-28,GGBR4,13.53
2020-05-28,GNDI3,62.59
2020-05-28,GOAU4,6.2
2020-05-28,GOLL4,12.24
2020-05-28,HAPV3,55.01
2020-05-28,HGTX3,13.38
2020-05-28,HYPE3,31.25
2020-05-28,IGTA3,32.93
2020-05-28,IRBR3,8.13
2020-05-28,ITSA4,9.0
2020-05-28,ITUB4,23.31
2020-05-28,JBSS3,22.0
2020-05-28,JHSF3,4.64
2020-05-28,KLBN11,19.49
2020-05-28,LAME4,28.71
2020-05-28,LCAM3,14.52
2020-05-28,LOGG3,24.0
2020-05-28,LREN3,39.03
2020-05-28,LWSA3,26.5
2020-05-28,MGLU3,65.25
2020-05-28,MRFG3,12.89
2020-05-28,MRVE3,15.75
2020-05-28,MULT3,21.3
2020-05-28,NTCO3,37.74
2020-05-28,PCAR3,60.85
2020-05-28,PETR3,20.56
2020-05-28,PETR4,19.77
2020-05-28,POMO4,2.74
2020-05-28,PRIO3,29.23
2020-05-28,PSSA3,45.76
2020-05-28,QUAL3,23.29
2020-05-28,RADL3,109.47
2020-05-28,RAIL3,23.17
2020-05-28,RENT3,37.32
2020-05-28,SANB11,25.23
2020-05-28,SBSP3,53.09
2020-05-28,SLCE3,25.3
2020-05-28,SMLS3,12.53
2020-05-28,SMTO3,19.56
2020-05-28,STBP3,4.39
2020-05-28,SULA11,43.99
2020-05-28,SUZB3,38.36
2020-05-28,TAEE11,28.5
2020-05-28,TEND3,25.14
2020-05-28,TIMP3,13.41
2020-05-28,TOTS3,20.5
2020-05-28,TRPL4,20.99
2020-05-28,UGPA3,17.39
2020-05-28,USIM5,6.0
2020-05-28,VALE3,50.09
2020-05-28,VIVA3,19.4
2020-05-28,VIVT3,48.04
2020-05-28,VIVT4,48.24
2020-05-28,VVAR3,12.58
2020-05-28,WEGE3,40.68
2020-05-28,YDUQ3,28.51
2020-05-29,ABEV3,12.48
2020-05-29,ALPA4,24.83
2020-05-29,ALSO3,25.48
2020-05-29,ARZZ3,42.1
2020-05-29,AZUL4,14.28
2020-05-29,B3SA3,45.55
2020-05-29,BBAS3,30.84
2020-05-29,BBDC3,17.8
2020-05-29,BBDC4,18.95
2020-05-29,BBSE3,25.28
2020-05-29,BEEF3,13.39
2020-05-29,BIDI11,33.6
2020-05-29,BIDI4,11.6
2020-05-29,BPAC11,48.84
2020-05-29,BPAN4,5.6
2020-05-29,BRAP4,35.25
2020-05-29,BRDT3,21.64
2020-05-29,BRFS3,23.13
2020-05-29,BRKM5,27.74
2020-05-29,BRML3,9.81
2020-05-29,BTOW3,91.62
2020-05-29,CCRO3,14.7
2020-05-29,CEAB3,9.47
2020-05-29,CIEL3,4.09
2020-05-29,CMIG4,10.8
2020-05-29,COGN3,5.26
2020-05-29,CPFE3,32.25
2020-05-29,CPLE3,59.6
2020-05-29,CPLE6,63.3
2020-05-29,CRFB3,18.49
2020-05-29,CSAN3,65.85
2020-05-29,CSMG3,57.7
2020-05-29,CSNA3,10.32
2020-05-29,CVCB3,14.4
2020-05-29,CYRE3,16.95
2020-05-29,DIRR3,9.57
2020-05-29,ECOR3,13.15
2020-05-29,EGIE3,42.41
2020-05-29,ELET3,28.63
2020-05-29,ELET6,30.7
2020-05-29,EMBR3,7.15
2020-05-29,ENBR3,17.67
2020-05-29,ENEV3,38.19
2020-05-29,ENGI11,47.5
2020-05-29,EQTL3,20.05
2020-05-29,EZTC3,32.61
2020-05-29,FLRY3,23.35
2020-05-29,GGBR4,13.43
2020-05-29,GNDI3,62.3
2020-05-29,GOAU4,6.17
2020-05-29,GOLL4,12.03
2020-05-29,HAPV3,54.86
2020-05-29,HGTX3,13.32
2020-05-29,HYPE3,32.22
2020-05-29,IGTA3,32.59
2020-05-29,IRBR3,8.3
2020-05-29,ITSA4,8.86
2020-05-29,ITUB4,23.04
2020-05-29,JBSS3,21.97
2020-05-29,JHSF3,4.78
2020-05-29,KLBN11,19.71
2020-05-29,LAME4,28.25
2020-05-29,LCAM3,14.79
2020-05-29,LOGG3,23.4
2020-05-29,LREN3,38.55
2020-05-29,LWSA3,26.2
2020-05-29,MGLU3,64.35
2020-05-29,MRFG3,13.03
2020-05-29,MRVE3,15.17
2020-05-29,MULT3,20.69
2020-05-29,NTCO3,37.18
2020-05-29,PCAR3,62.98
2020-05-29,PETR3,20.84
2020-05-29,PETR4,20.34
2020-05-29,POMO4,2.64
2020-05-29,PRIO3,30.98
2020-05-29,PSSA3,47.3
2020-05-29,QUAL3,23.72
2020-05-29,RADL3,109.44
2020-05-29,RAIL3,22.53
2020-05-29,RENT3,38.48
2020-05-29,SANB11,25.5
2020-05-29,SBSP3,54.32
2020-05-29,SLCE3,24.91
2020-05-29,SMLS3,12.08
2020-05-29,SMTO3,19.43
2020-05-29,STBP3,4.2
2020-05-29,SULA11,44.85
2020-05-29,SUZB3,37.86
2020-05-29,TAEE11,28.54
2020-05-29,TEND3,25.09
2020-05-29,TIMP3,13.62
2020-05-29,TOTS3,20.11
2020-05-29,TRPL4,20.8
2020-05-29,UGPA3,17.12
2020-05-29,USIM5,6.15
2020-05-29,VALE3,53.0
2020-05-29,VIVA3,19.18
2020-05-29,VIVT3,46.82
2020-05-29,VIVT4,47.14
2020-05-29,VVAR3,12.4
2020-05-29,WEGE3,41.83
2020-05-29,YDUQ3,28.48
2020-06-01,ABEV3,12.6
2020-06-01,ALPA4,25.6
2020-06-01,ALSO3,27.31
2020-06-01,ARZZ3,42.8
2020-06-01,AZUL4,15.35
2020-06-01,B3SA3,45.53
2020-06-01,BBAS3,31.8
2020-06-01,BBDC3,18.37
2020-06-01,BBDC4,19.8
2020-06-01,BBSE3,25.65
2020-06-01,BEEF3,13.08
2020-06-01,BIDI11,34.75
2020-06-01,BIDI4,12.54
2020-06-01,BPAC11,50.14
2020-06-01,BPAN4,6.0
2020-06-01,BRAP4,35.8
2020-06-01,BRDT3,21.6
2020-06-01,BRFS3,23.67
2020-06-01,BRKM5,27.92
2020-06-01,BRML3,10.43
2020-06-01,BTOW3,91.4
2020-06-01,CCRO3,14.59
2020-06-01,CEAB3,9.77
2020-06-01,CIEL3,4.17
2020-06-01,CMIG4,10.9
2020-06-01,COGN3,5.63
2020-06-01,CPFE3,31.72
2020-06-01,CPLE3,59.41
2020-06-01,CPLE6,62.29
2020-06-01,CRFB3,18.4
2020-06-01,CSAN3,68.29
2020-06-01,CSMG3,57.4
2020-06-01,CSNA3,10.35
2020-06-01,CVCB3,15.5
2020-06-01,CYRE3,17.08
2020-06-01,DIRR3,9.95
2020-06-01,ECOR3,13.19
2020-06-01,EGIE3,41.59
2020-06-01,ELET3,29.33
2020-06-01,ELET6,30.77
2020-06-01,EMBR3,7.41
2020-06-01,ENBR3,17.57
2020-06-01,ENEV3,38.2
2020-06-01,ENGI11,46.8
2020-06-01,EQTL3,19.85
2020-06-01,EZTC3,33.67
2020-06-01,FLRY3,23.99
2020-06-01,GGBR4,13.52
2020-06-01,GNDI3,61.75
2020-06-01,GOAU4,6.21
2020-06-01,GOLL4,13.06
2020-06-01,HAPV3,54.5
2020-06-01,HGTX3,13.75
2020-06-01,HYPE3,32.92
2020-06-01,IGTA3,35.05
2020-06-01,IRBR3,8.31
2020-06-01,ITSA4,9.07
2020-06-01,ITUB4,23.66
2020-06-01,JBSS3,21.96
2020-06-01,JHSF3,5.15
2020-06-01,KLBN11,19.65
2020-06-01,LAME4,29.3
2020-06-01,LCAM3,14.95
2020-06-01,LOGG3,23.84
2020-06-01,LREN3,40.99
2020-06-01,LWSA3,26.89
2020-06-01,MGLU3,63.7
2020-06-01,MRFG3,13.15
2020-06-01,MRVE3,15.79
2020-06-01,MULT3,22.28
2020-06-01,NTCO3,37.97
2020-06-01,PCAR3,64.75
2020-06-01,PETR3,20.95
2020-06-01,PETR4,20.33
2020-06-01,POMO4,2.72
2020-06-01,PRIO3,31.29
2020-06-01,PSSA3,46.88
2020-06-01,QUAL3,24.23
2020-06-01,RADL3,109.75
2020-06-01,RAIL3,22.62
2020-06-01,RENT3,37.61
2020-06-01,SANB11,26.54
2020-06-01,SBSP3,54.15
2020-06-01,SLCE3,25.9
2020-06-01,SMLS3,13.38
2020-06-01,SMTO3,19.88
2020-06-01,STBP3,4.54
2020-06-01,SULA11,45.61
2020-06-01,SUZB3,38.45
2020-06-01,TAEE11,28.89
2020-06-01,TEND3,25.7
2020-06-01,TIMP3,13.51
2020-06-01,TOTS3,20.44
2020-06-01,TRPL4,21.0
2020-06-01,UGPA3,17.19
2020-06-01,USIM5,6.19
2020-06-01,VALE3,53.42
2020-06-01,VIVA3,19.8
2020-06-01,VIVT3,47.66
2020-06-01,VIVT4,47.4
2020-06-01,VVAR3,13.43
2020-06-01,WEGE3,42.16
2020-06-01,YDUQ3,29.82
2020-06-02,ABEV3,12.97
2020-06-02,ALPA4,26.22
2020-06-02,ALSO3,27.98
2020-06-02,ARZZ3,47.0
2020-06-02,AZUL4,16.75
2020-06-02,B3SA3,46.46
2020-06-02,BBAS3,32.82
2020-06-02,BBDC3,19.05
2020-06-02,BBDC4,20.67
2020-06-02,BBSE3,26.51
2020-06-02,BEEF3,12.88
2020-06-02,BIDI11,33.71
2020-06-02,BIDI4,12.01
2020-06-02,BPAC11,55.36
2020-06-02,BPAN4,6.94
2020-06-02,BRAP4,35.59
2020-06-02,BRDT3,22.82
2020-06-02,BRFS3,23.35
2020-06-02,BRKM5,29.38
2020-06-02,BRML3,10.42
2020-06-02,BTOW3,89.19
2020-06-02,CCRO3,14.5
2020-06-02,CEAB3,10.34
2020-06-02,CIEL3,4.4
2020-06-02,CMIG4,11.13
2020-06-02,COGN3,6.4
2020-06-02,CPFE3,32.0
2020-06-02,CPLE3,60.91
2020-06-02,CPLE6,64.55
2020-06-02,CRFB3,18.7
2020-06-02,CSAN3,69.9
2020-06-02,CSMG3,58.1
2020-06-02,CSNA3,10.75
2020-06-02,CVCB3,18.6
2020-06-02,CYRE3,18.2
2020-06-02,DIRR3,10.72
2020-06-02,ECOR3,13.03
2020-06-02,EGIE3,42.09
2020-06-02,ELET3,29.79
2020-06-02,ELET6,31.24
2020-06-02,EMBR3,8.24
2020-06-02,ENBR3,17.95
2020-06-02,ENEV3,37.52
2020-06-02,ENGI11,46.9
2020-06-02,EQTL3,20.1
2020-06-02,EZTC3,36.86
2020-06-02,FLRY3,25.61
2020-06-02,GGBR4,14.36
2020-06-02,GNDI3,63.26
2020-06-02,GOAU4,6.48
2020-06-02,GOLL4,15.11
2020-06-02,HAPV3,54.56
2020-06-02,HGTX3,14.19
2020-06-02,HYPE3,34.1
2020-06-02,IGTA3,35.17
2020-06-02,IRBR3,8.6
2020-06-02,ITSA4,9.54
2020-06-02,ITUB4,25.25
2020-06-02,JBSS3,21.81
2020-06-02,JHSF3,5.45
2020-06-02,KLBN11,19.71
2020-06-02,LAME4,29.93
2020-06-02,LCAM3,15.11
2020-06-02,LOGG3,25.53
2020-06-02,LREN3,42.13
2020-06-02,LWSA3,28.0
2020-06-02,MGLU3,61.8
2020-06-02,MRFG3,13.02
2020-06-02,MRVE3,16.65
2020-06-02,MULT3,22.71
2020-06-02,NTCO3,38.01
2020-06-02,PCAR3,66.68
2020-06-02,PETR3,21.86
2020-06-02,PETR4,21.4
2020-06-02,POMO4,2.93
2020-06-02,PRIO3,33.59
2020-06-02,PSSA3,47.86
2020-06-02,QUAL3,24.41
2020-06-02,RADL3,113.37
2020-06-02,RAIL3,22.65
2020-06-02,RENT3,38.25
2020-06-02,SANB11,28.13
2020-06-02,SBSP3,54.62
2020-06-02,SLCE3,25.44
2020-06-02,SMLS3,15.01
2020-06-02,SMTO3,19.94
2020-06-02,STBP3,4.85
2020-06-02,SULA11,46.0
2020-06-02,SUZB3,38.42
2020-06-02,TAEE11,28.97
2020-06-02,TEND3,26.34
2020-06-02,TIMP3,13.77
2020-06-02,TOTS3,20.75
2020-06-02,TRPL4,21.26
2020-06-02,UGPA3,18.94
2020-06-02,USIM5,6.92
2020-06-02,VALE3,53.42
2020-06-02,VIVA3,20.07
2020-06-02,VIVT3,48.18
2020-06-02,VIVT4,48.04
2020-06-02,VVAR3,13.28
2020-06-02,WEGE3,42.42
2020-06-02,YDUQ3,33.55
2020-06-03,ABEV3,13.25
2020-06-03,ALPA4,26.99
2020-06-03,ALSO3,29.23
2020-06-03,ARZZ3,46.74
2020-06-03,AZUL4,18.45
2020-06-03,B3SA3,48.82
2020-06-03,BBAS3,34.75
2020-06-03,BBDC3,19.91
2020-06-03,BBDC4,21.59
2020-06-03,BBSE3,27.89
2020-06-03,BEEF3,12.45
2020-06-03,BIDI11,34.46
2020-06-03,BIDI4,12.3
2020-06-03,BPAC11,59.5
2020-06-03,BPAN4,8.4
2020-06-03,BRAP4,35.44
2020-06-03,BRDT3,23.45
2020-06-03,BRFS3,22.65
2020-06-03,BRKM5,27.95
2020-06-03,BRML3,11.23
2020-06-03,BTOW3,87.35
2020-06-03,CCRO3,15.15
2020-06-03,CEAB3,10.76
2020-06-03,CIEL3,4.54
2020-06-03,CMIG4,11.26
2020-06-03,COGN3,6.78
2020-06-03,CPFE3,32.1
2020-06-03,CPLE3,62.0
2020-06-03,CPLE6,65.57
2020-06-03,CRFB3,18.85
2020-06-03,CSAN3,71.83
2020-06-03,CSMG3,57.1
2020-06-03,CSNA3,10.6
2020-06-03,CVCB3,19.82
2020-06-03,CYRE3,20.89
2020-06-03,DIRR3,11.64
2020-06-03,ECOR3,14.17
2020-06-03,EGIE3,42.89
2020-06-03,ELET3,29.55
2020-06-03,ELET6,31.36
2020-06-03,EMBR3,8.52
2020-06-03,ENBR3,17.97
2020-06-03,ENEV3,39.5
2020-06-03,ENGI11,47.43
2020-06-03,EQTL3,20.8
2020-06-03,EZTC3,39.87
2020-06-03,FLRY3,25.85
2020-06-03,GGBR4,15.34
2020-06-03,GNDI3,62.75
2020-06-03,GOAU4,6.95
2020-06-03,GOLL4,17.59
2020-06-03,HAPV3,58.05
2020-06-03,HGTX3,15.45
2020-06-03,HYPE3,34.18
2020-06-03,IGTA3,37.34
2020-06-03,IRBR3,10.75
2020-06-03,ITSA4,9.81
2020-06-03,ITUB4,25.92
2020-06-03,JBSS3,20.6
2020-06-03,JHSF3,5.68
2020-06-03,KLBN11,19.48
2020-06-03,LAME4,30.23
2020-06-03,LCAM3,16.53
2020-06-03,LOGG3,27.4
2020-06-03,LREN3,44.18
2020-06-03,LWSA3,29.5
2020-06-03,MGLU3,62.38
2020-06-03,MRFG3,12.75
2020-06-03,MRVE3,17.58
2020-06-03,MULT3,23.56
2020-06-03,NTCO3,38.33
2020-06-03,PCAR3,67.5
2020-06-03,PETR3,22.06
2020-06-03,PETR4,21.47
2020-06-03,POMO4,2.93
2020-06-03,PRIO3,32.48
2020-06-03,PSSA3,52.22
2020-06-03,QUAL3,26.82
2020-06-03,RADL3,111.97
2020-06-03,RAIL3,23.15
2020-06-03,RENT3,41.02
2020-06-03,SANB11,29.39
2020-06-03,SBSP3,54.84
2020-06-03,SLCE3,24.99
2020-06-03,SMLS3,16.93
2020-06-03,SMTO3,19.6
2020-06-03,STBP3,5.45
2020-06-03,SULA11,47.54
2020-06-03,SUZB3,38.13
2020-06-03,TAEE11,28.47
2020-06-03,TEND3,27.89
2020-06-03,TIMP3,13.67
2020-06-03,TOTS3,21.48
2020-06-03,TRPL4,20.43
2020-06-03,UGPA3,18.76
2020-06-03,USIM5,6.9
2020-06-03,VALE3,53.66
2020-06-03,VIVA3,20.85
2020-06-03,VIVT3,47.0
2020-06-03,VIVT4,47.25
2020-06-03,VVAR3,13.48
2020-06-03,WEGE3,42.6
2020-06-03,YDUQ3,35.14
2020-06-04,ABEV3,13.38
2020-06-04,ALPA4,27.41
2020-06-04,ALSO3,29.39
2020-06-04,ARZZ3,45.36
2020-06-04,AZUL4,19.08
2020-06-04,B3SA3,49.58
2020-06-04,BBAS3,34.94
2020-06-04,BBDC3,19.99
2020-06-04,BBDC4,21.9
2020-06-04,BBSE3,28.05
2020-06-04,BEEF3,13.36
2020-06-04,BIDI11,34.97
2020-06-04,BIDI4,12.5
2020-06-04,BPAC11,60.25
2020-06-04,BPAN4,8.96
2020-06-04,BRAP4,36.8
2020-06-04,BRDT3,23.39
2020-06-04,BRFS3,23.45
2020-06-04,BRKM5,27.22
2020-06-04,BRML3,10.97
2020-06-04,BTOW3,86.03
2020-06-04,CCRO3,14.69
2020-06-04,CEAB3,11.2
2020-06-04,CIEL3,4.38
2020-06-04,CMIG4,11.18
2020-06-04,COGN3,6.74
2020-06-04,CPFE3,32.05
2020-06-04,CPLE3,61.87
2020-06-04,CPLE6,65.29
2020-06-04,CRFB3,18.5
2020-06-04,CSAN3,69.43
2020-06-04,CSMG3,56.21
2020-06-04,CSNA3,10.49
2020-06-04,CVCB3,19.8
2020-06-04,CYRE3,20.95
2020-06-04,DIRR3,11.84
2020-06-04,ECOR3,13.57
2020-06-04,EGIE3,42.7
2020-06-04,ELET3,29.32
2020-06-04,ELET6,31.15
2020-06-04,EMBR3,8.93
2020-06-04,ENBR3,17.72
2020-06-04,ENEV3,39.37
2020-06-04,ENGI11,47.03
2020-06-04,EQTL3,20.6
2020-06-04,EZTC3,39.5
2020-06-04,FLRY3,25.2
2020-06-04,GGBR4,15.36
2020-06-04,GNDI3,62.48
2020-06-04,GOAU4,7.04
2020-06-04,GOLL4,17.04
2020-06-04,HAPV3,58.66
2020-06-04,HGTX3,15.46
2020-06-04,HYPE3,34.62
2020-06-04,IGTA3,36.84
2020-06-04,IRBR3,10.45
2020-06-04,ITSA4,9.92
2020-06-04,ITUB4,26.67
2020-06-04,JBSS3,21.47
2020-06-04,JHSF3,5.99
2020-06-04,KLBN11,19.71
2020-06-04,LAME4,30.39
2020-06-04,LCAM3,16.6
2020-06-04,LOGG3,26.87
2020-06-04,LREN3,44.56
2020-06-04,LWSA3,29.5
2020-06-04,MGLU3,60.49
2020-06-04,MRFG3,13.15
2020-06-04,MRVE3,17.18
2020-06-04,MULT3,22.99
2020-06-04,NTCO3,37.91
2020-06-04,PCAR3,67.55
2020-06-04,PETR3,22.16
2020-06-04,PETR4,21.43
2020-06-04,POMO4,2.99
2020-06-04,PRIO3,33.92
2020-06-04,PSSA3,51.48
2020-06-04,QUAL3,26.15
2020-06-04,RADL3,111.8
2020-06-04,RAIL3,22.36
2020-06-04,RENT3,40.0
2020-06-04,SANB11,30.44
2020-06-04,SBSP3,53.6
2020-06-04,SLCE3,24.95
2020-06-04,SMLS3,16.89
2020-06-04,SMTO3,19.74
2020-06-04,STBP3,5.49
2020-06-04,SULA11,46.8
2020-06-04,SUZB3,39.85
2020-06-04,TAEE11,28.26
2020-06-04,TEND3,27.14
2020-06-04,TIMP3,14.13
2020-06-04,TOTS3,21.69
2020-06-04,TRPL4,20.35
2020-06-04,UGPA3,18.63
2020-06-04,USIM5,6.88
2020-06-04,VALE3,55.66
2020-06-04,VIVA3,20.3
2020-06-04,VIVT3,47.39
2020-06-04,VIVT4,47.3
2020-06-04,VVAR3,13.95
2020-06-04,WEGE3,43.8
2020-06-04,YDUQ3,35.11
2020-06-05,ABEV3,14.05
2020-06-05,ALPA4,27.54
2020-06-05,ALSO3,29.38
2020-06-05,ARZZ3,46.1
2020-06-05,AZUL4,21.16
2020-06-05,B3SA3,49.07
2020-06-05,BBAS3,35.2
2020-06-05,BBDC3,20.45
2020-06-05,BBDC4,22.3
2020-06-05,BBSE3,28.49
2020-06-05,BEEF3,13.01
2020-06-05,BIDI11,35.08
2020-06-05,BIDI4,13.1
2020-06-05,BPAC11,60.24
2020-06-05,BPAN4,8.99
2020-06-05,BRAP4,36.06
2020-06-05,BRDT3,22.92
2020-06-05,BRFS3,22.7
2020-06-05,BRKM5,27.24
2020-06-05,BRML3,10.9
2020-06-05,BTOW3,86.33
2020-06-05,CCRO3,14.6
2020-06-05,CEAB3,12.1
2020-06-05,CIEL3,4.5
2020-06-05,CMIG4,11.4
2020-06-05,COGN3,6.9
2020-06-05,CPFE3,32.4
2020-06-05,CPLE3,61.43
2020-06-05,CPLE6,64.0
2020-06-05,CRFB3,18.25
2020-06-05,CSAN3,69.22
2020-06-05,CSMG3,54.95
2020-06-05,CSNA3,10.63
2020-06-05,CVCB3,20.91
2020-06-05,CYRE3,20.68
2020-06-05,DIRR3,11.88
2020-06-05,ECOR3,13.99
2020-06-05,EGIE3,42.68
2020-06-05,ELET3,29.61
2020-06-05,ELET6,31.31
2020-06-05,EMBR3,9.04
2020-06-05,ENBR3,17.8
2020-06-05,ENEV3,39.02
2020-06-05,ENGI11,47.37
2020-06-05,EQTL3,20.56
2020-06-05,EZTC3,38.63
2020-06-05,FLRY3,25.79
2020-06-05,GGBR4,15.17
2020-06-05,GNDI3,64.1
2020-06-05,GOAU4,7.07
2020-06-05,GOLL4,18.7
2020-06-05,HAPV3,59.55
2020-06-05,HGTX3,15.51
2020-06-05,HYPE3,34.5
2020-06-05,IGTA3,37.39
2020-06-05,IRBR3,10.75
2020-06-05,ITSA4,10.04
2020-06-05,ITUB4,27.26
2020-06-05,JBSS3,20.95
2020-06-05,JHSF3,6.05
2020-06-05,KLBN11,19.1
2020-06-05,LAME4,29.7
2020-06-05,LCAM3,16.83
2020-06-05,LOGG3,27.8
2020-06-05,LREN3,45.98
2020-06-05,LWSA3,29.5
2020-06-05,MGLU3,59.45
2020-06-05,MRFG3,12.68
2020-06-05,MRVE3,17.49
2020-06-05,MULT3,23.09
2020-06-05,NTCO3,40.14
2020-06-05,PCAR3,66.84
2020-06-05,PETR3,22.85
2020-06-05,PETR4,22.1
2020-06-05,POMO4,2.98
2020-06-05,PRIO3,37.27
2020-06-05,PSSA3,52.15
2020-06-05,QUAL3,26.85
2020-06-05,RADL3,111.0
2020-06-05,RAIL3,23.11
2020-06-05,RENT3,40.84
2020-06-05,SANB11,31.13
2020-06-05,SBSP3,52.99
2020-06-05,SLCE3,24.1
2020-06-05,SMLS3,17.64
2020-06-05,SMTO3,20.42
2020-06-05,STBP3,5.6
2020-06-05,SULA11,46.1
2020-06-05,SUZB3,38.3
2020-06-05,TAEE11,28.71
2020-06-05,TEND3,28.38
2020-06-05,TIMP3,14.6
2020-06-05,TOTS3,20.76
2020-06-05,TRPL4,20.44
2020-06-05,UGPA3,18.68
2020-06-05,USIM5,6.9
2020-06-05,VALE3,54.61
2020-06-05,VIVA3,21.95
2020-06-05,VIVT3,47.93
2020-06-05,VIVT4,47.77
2020-06-05,VVAR3,14.85
2020-06-05,WEGE3,44.33
2020-06-05,YDUQ3,38.56
2020-06-08,ABEV3,14.6
2020-06-08,ALPA4,29.14
2020-06-08,ALSO3,30.59
2020-06-08,ARZZ3,47.3
2020-06-08,AZUL4,27.35
2020-06-08,B3SA3,51.72
2020-06-08,BBAS3,36.39
2020-06-08,BBDC3,21.43
2020-06-08,BBDC4,23.47
2020-06-08,BBSE3,28.4
2020-06-08,BEEF3,13.05
2020-06-08,BIDI11,35.09
2020-06-08,BIDI4,12.75
2020-06-08,BPAC11,66.02
2020-06-08,BPAN4,9.2
2020-06-08,BRAP4,35.66
2020-06-08,BRDT3,24.0
2020-06-08,BRFS3,23.25
2020-06-08,BRKM5,27.55
2020-06-08,BRML3,11.44
2020-06-08,BTOW3,93.0
2020-06-08,CCRO3,14.94
2020-06-08,CEAB3,12.91
2020-06-08,CIEL3,4.64
2020-06-08,CMIG4,12.01
2020-06-08,COGN3,6.9
2020-06-08,CPFE3,33.21
2020-06-08,CPLE3,63.81
2020-06-08,CPLE6,68.0
2020-06-08,CRFB3,18.4
2020-06-08,CSAN3,69.3
2020-06-08,CSMG3,58.34
2020-06-08,CSNA3,12.45
2020-06-08,CVCB3,23.04
2020-06-08,CYRE3,22.15
2020-06-08,DIRR3,12.36
2020-06-08,ECOR3,14.41
2020-06-08,EGIE3,43.76
2020-06-08,ELET3,31.7
2020-06-08,ELET6,32.77
2020-06-08,EMBR3,10.7
2020-06-08,ENBR3,18.32
2020-06-08,ENEV3,39.76
2020-06-08,ENGI11,50.13
2020-06-08,EQTL3,21.55
2020-06-08,EZTC3,40.15
2020-06-08,FLRY3,26.06
2020-06-08,GGBR4,15.5
2020-06-08,GNDI3,64.24
2020-06-08,GOAU4,7.23
2020-06-08,GOLL4,23.99
2020-06-08,HAPV3,61.07
2020-06-08,HGTX3,16.89
2020-06-08,HYPE3,34.6
2020-06-08,IGTA3,37.0
2020-06-08,IRBR3,11.75
2020-06-08,ITSA4,10.4
2020-06-08,ITUB4,28.36
2020-06-08,JBSS3,21.89
2020-06-08,JHSF3,6.27
2020-06-08,KLBN11,19.6
2020-06-08,LAME4,29.8
2020-06-08,LCAM3,17.45
2020-06-08,LOGG3,28.66
2020-06-08,LREN3,46.21
2020-06-08,LWSA3,29.95
2020-06-08,MGLU3,62.38
2020-06-08,MRFG3,12.87
2020-06-08,MRVE3,18.0
2020-06-08,MULT3,22.85
2020-06-08,NTCO3,41.29
2020-06-08,PCAR3,67.0
2020-06-08,PETR3,23.35
2020-06-08,PETR4,22.53
2020-06-08,POMO4,3.47
2020-06-08,PRIO3,37.36
2020-06-08,PSSA3,52.03
2020-06-08,QUAL3,27.83
2020-06-08,RADL3,110.65
2020-06-08,RAIL3,24.17
2020-06-08,RENT3,43.2
2020-06-08,SANB11,32.33
2020-06-08,SBSP3,54.93
2020-06-08,SLCE3,23.97
2020-06-08,SMLS3,19.48
2020-06-08,SMTO3,20.75
2020-06-08,STBP3,5.8
2020-06-08,SULA11,46.3
2020-06-08,SUZB3,38.16
2020-06-08,TAEE11,28.94
2020-06-08,TEND3,29.26
2020-06-08,TIMP3,14.44
2020-06-08,TOTS3,21.03
2020-06-08,TRPL4,20.58
2020-06-08,UGPA3,19.13
2020-06-08,USIM5,7.45
2020-06-08,VALE3,54.78
2020-06-08,VIVA3,21.9
2020-06-08,VIVT3,48.83
2020-06-08,VIVT4,48.54
2020-06-08,VVAR3,15.5
2020-06-08,WEGE3,45.8
2020-06-08,YDUQ3,37.15
2020-06-09,ABEV3,14.32
2020-06-09,ALPA4,28.24
2020-06-09,ALSO3,31.3
2020-06-09,ARZZ3,46.7
2020-06-09,AZUL4,25.78
2020-06-09,B3SA3,51.07
2020-06-09,BBAS3,35.79
2020-06-09,BBDC3,21.21
2020-06-09,BBDC4,22.95
2020-06-09,BBSE3,27.62
2020-06-09,BEEF3,12.59
2020-06-09,BIDI11,34.3
2020-06-09,BIDI4,12.25
2020-06-09,BPAC11,65.58
2020-06-09,BPAN4,9.65
2020-06-09,BRAP4,36.14
2020-06-09,BRDT3,23.41
2020-06-09,BRFS3,23.07
2020-06-09,BRKM5,27.0
2020-06-09,BRML3,11.77
2020-06-09,BTOW3,94.5
2020-06-09,CCRO3,14.48
2020-06-09,CEAB3,13.02
2020-06-09,CIEL3,4.84
2020-06-09,CMIG4,12.05
2020-06-09,COGN3,6.95
2020-06-09,CPFE3,33.45
2020-06-09,CPLE3,63.69
2020-06-09,CPLE6,67.14
2020-06-09,CRFB3,18.37
2020-06-09,CSAN3,68.53
2020-06-09,CSMG3,57.87
2020-06-09,CSNA3,12.05
2020-06-09,CVCB3,24.05
2020-06-09,CYRE3,21.43
2020-06-09,DIRR3,12.4
2020-06-09,ECOR3,13.98
2020-06-09,EGIE3,43.36
2020-06-09,ELET3,31.87
2020-06-09,ELET6,33.21
2020-06-09,EMBR3,10.31
2020-06-09,ENBR3,18.55
2020-06-09,ENEV3,39.7
2020-06-09,ENGI11,49.49
2020-06-09,EQTL3,21.77
2020-06-09,EZTC3,38.57
2020-06-09,FLRY3,25.59
2020-06-09,GGBR4,14.96
2020-06-09,GNDI3,63.66
2020-06-09,GOAU4,7.03
2020-06-09,GOLL4,22.4
2020-06-09,HAPV3,60.09
2020-06-09,HGTX3,16.5
2020-06-09,HYPE3,35.0
2020-06-09,IGTA3,38.8
2020-06-09,IRBR3,13.22
2020-06-09,ITSA4,10.36
2020-06-09,ITUB4,27.8
2020-06-09,JBSS3,22.06
2020-06-09,JHSF3,6.33
2020-06-09,KLBN11,19.68
2020-06-09,LAME4,30.25
2020-06-09,LCAM3,17.15
2020-06-09,LOGG3,29.51
2020-06-09,LREN3,45.82
2020-06-09,LWSA3,30.6
2020-06-09,MGLU3,62.38
2020-06-09,MRFG3,12.66
2020-06-09,MRVE3,17.15
2020-06-09,MULT3,23.93
2020-06-09,NTCO3,41.21
2020-06-09,PCAR3,66.88
2020-06-09,PETR3,22.69
2020-06-09,PETR4,21.72
2020-06-09,POMO4,3.35
2020-06-09,PRIO3,35.2
2020-06-09,PSSA3,52.56
2020-06-09,QUAL3,27.09
2020-06-09,RADL3,110.45
2020-06-09,RAIL3,24.31
2020-06-09,RENT3,42.9
2020-06-09,SANB11,31.89
2020-06-09,SBSP3,55.3
2020-06-09,SLCE3,23.42
2020-06-09,SMLS3,19.45
2020-06-09,SMTO3,19.82
2020-06-09,STBP3,5.86
2020-06-09,SULA11,45.82
2020-06-09,SUZB3,38.17
2020-06-09,TAEE11,28.81
2020-06-09,TEND3,29.11
2020-06-09,TIMP3,14.48
2020-06-09,TOTS3,21.11
2020-06-09,TRPL4,20.76
2020-06-09,UGPA3,19.27
2020-06-09,USIM5,7.3
2020-06-09,VALE3,54.99
2020-06-09,VIVA3,21.22
2020-06-09,VIVT3,48.8
2020-06-09,VIVT4,49.0
2020-06-09,VVAR3,14.97
2020-06-09,WEGE3,45.81
2020-06-09,YDUQ3,36.64
2020-06-10,ABEV3,13.96
2020-06-10,ALPA4,27.83
2020-06-10,ALSO3,29.55
2020-06-10,ARZZ3,44.88
2020-06-10,AZUL4,23.5
2020-06-10,B3SA3,50.74
2020-06-10,BBAS3,34.21
2020-06-10,BBDC3,20.36
2020-06-10,BBDC4,21.88
2020-06-10,BBSE3,26.85
2020-06-10,BEEF3,12.77
2020-06-10,BIDI11,32.5
2020-06-10,BIDI4,11.65
2020-06-10,BPAC11,63.09
2020-06-10,BPAN4,9.12
2020-06-10,BRAP4,35.8
2020-06-10,BRDT3,22.4
2020-06-10,BRFS3,22.52
2020-06-10,BRKM5,26.78
2020-06-10,BRML3,11.16
2020-06-10,BTOW3,99.7
2020-06-10,CCRO3,14.35
2020-06-10,CEAB3,12.09
2020-06-10,CIEL3,4.56
2020-06-10,CMIG4,11.51
2020-06-10,COGN3,6.66
2020-06-10,CPFE3,33.06
2020-06-10,CPLE3,62.42
2020-06-10,CPLE6,65.62
2020-06-10,CRFB3,18.01
2020-06-10,CSAN3,66.25
2020-06-10,CSMG3,56.57
2020-06-10,CSNA3,11.48
2020-06-10,CVCB3,22.98
2020-06-10,CYRE3,20.89
2020-06-10,DIRR3,11.8
2020-06-10,ECOR3,13.64
2020-06-10,EGIE3,43.77
2020-06-10,ELET3,30.09
2020-06-10,ELET6,31.44
2020-06-10,EMBR3,9.33
2020-06-10,ENBR3,18.14
2020-06-10,ENEV3,39.6
2020-06-10,ENGI11,48.23
2020-06-10,EQTL3,21.53
2020-06-10,EZTC3,38.45
2020-06-10,FLRY3,25.38
2020-06-10,GGBR4,14.34
2020-06-10,GNDI3,64.0
2020-06-10,GOAU4,6.77
2020-06-10,GOLL4,20.24
2020-06-10,HAPV3,60.69
2020-06-10,HGTX3,15.3
2020-06-10,HYPE3,34.36
2020-06-10,IGTA3,37.18
2020-06-10,IRBR3,12.96
2020-06-10,ITSA4,10.03
2020-06-10,ITUB4,26.59
2020-06-10,JBSS3,22.09
2020-06-10,JHSF3,5.95
2020-06-10,KLBN11,19.69
2020-06-10,LAME4,30.63
2020-06-10,LCAM3,16.19
2020-06-10,LOGG3,28.5
2020-06-10,LREN3,43.9
2020-06-10,LWSA3,30.05
2020-06-10,MGLU3,64.6
2020-06-10,MRFG3,12.6
2020-06-10,MRVE3,16.88
2020-06-10,MULT3,22.7
2020-06-10,NTCO3,40.85
2020-06-10,PCAR3,65.21
2020-06-10,PETR3,22.02
2020-06-10,PETR4,21.4
2020-06-10,POMO4,3.17
2020-06-10,PRIO3,32.92
2020-06-10,PSSA3,51.72
2020-06-10,QUAL3,26.84
2020-06-10,RADL3,111.6
2020-06-10,RAIL3,24.17
2020-06-10,RENT3,41.1
2020-06-10,SANB11,30.33
2020-06-10,SBSP3,54.5
2020-06-10,SLCE3,23.2
2020-06-10,SMLS3,17.6
2020-06-10,SMTO3,19.5
2020-06-10,STBP3,5.48
2020-06-10,SULA11,45.07
2020-06-10,SUZB3,38.13
2020-06-10,TAEE11,28.99
2020-06-10,TEND3,27.9
2020-06-10,TIMP3,14.3
2020-06-10,TOTS3,21.49
2020-06-10,TRPL4,20.6
2020-06-10,UGPA3,18.62
2020-06-10,USIM5,6.89
2020-06-10,VALE3,54.2
2020-06-10,VIVA3,19.97
2020-06-10,VIVT3,49.71
2020-06-10,VIVT4,49.59
2020-06-10,VVAR3,14.95
2020-06-10,WEGE3,44.99
2020-06-10,YDUQ3,34.9
2020-06-12,ABEV3,13.57
2020-06-12,ALPA4,27.49
2020-06-12,ALSO3,28.33
2020-06-12,ARZZ3,43.71
2020-06-12,AZUL4,22.12
2020-06-12,B3SA3,49.85
2020-06-12,BBAS3,33.35
2020-06-12,BBDC3,19.89
2020-06-12,BBDC4,21.63
2020-06-12,BBSE3,26.42
2020-06-12,BEEF3,13.07
2020-06-12,BIDI11,33.34
2020-06-12,BIDI4,11.95
2020-06-12,BPAC11,63.01
2020-06-12,BPAN4,8.97
2020-06-12,BRAP4,35.4
2020-06-12,BRDT3,22.42
2020-06-12,BRFS3,21.56
2020-06-12,BRKM5,24.7
2020-06-12,BRML3,10.79
2020-06-12,BTOW3,99.47
2020-06-12,CCRO3,14.36
2020-06-12,CEAB3,11.53
2020-06-12,CIEL3,4.21
2020-06-12,CMIG4,11.03
2020-06-12,COGN3,6.35
2020-06-12,CPFE3,32.31
2020-06-12,CPLE3,61.73
2020-06-12,CPLE6,64.36
2020-06-12,CRFB3,18.5
2020-06-12,CSAN3,65.76
2020-06-12,CSMG3,56.05
2020-06-12,CSNA3,10.87
2020-06-12,CVCB3,20.81
2020-06-12,CYRE3,20.34
2020-06-12,DIRR3,11.65
2020-06-12,ECOR3,13.5
2020-06-12,EGIE3,42.75
2020-06-12,ELET3,29.94
2020-06-12,ELET6,31.43
2020-06-12,EMBR3,8.82
2020-06-12,ENBR3,18.11
2020-06-12,ENEV3,40.47
2020-06-12,ENGI11,48.77
2020-06-12,EQTL3,21.6
2020-06-12,EZTC3,37.0
2020-06-12,FLRY3,24.91
2020-06-12,GGBR4,13.88
2020-06-12,GNDI3,63.84
2020-06-12,GOAU4,6.51
2020-06-12,GOLL4,18.54
2020-06-12,HAPV3,59.71
2020-06-12,HGTX3,14.19
2020-06-12,HYPE3,33.39
2020-06-12,IGTA3,35.78
2020-06-12,IRBR3,11.49
2020-06-12,ITSA4,9.79
2020-06-12,ITUB4,26.06
2020-06-12,JBSS3,21.98
2020-06-12,JHSF3,5.95
2020-06-12,KLBN11,19.24
2020-06-12,LAME4,31.3
2020-06-12,LCAM3,15.82
2020-06-12,LOGG3,28.4
2020-06-12,LREN3,42.98
2020-06-12,LWSA3,30.4
2020-06-12,MGLU3,63.95
2020-06-12,MRFG3,12.88
2020-06-12,MRVE3,16.35
2020-06-12,MULT3,22.0
2020-06-12,NTCO3,40.02
2020-06-12,PCAR3,64.09
2020-06-12,PETR3,21.24
2020-06-12,PETR4,20.6
2020-06-12,POMO4,3.11
2020-06-12,PRIO3,30.84
2020-06-12,PSSA3,50.34
2020-06-12,QUAL3,25.98
2020-06-12,RADL3,108.3
2020-06-12,RAIL3,24.07
2020-06-12,RENT3,40.29
2020-06-12,SANB11,29.92
2020-06-12,SBSP3,53.96
2020-06-12,SLCE3,22.56
2020-06-12,SMLS3,17.23
2020-06-12,SMTO3,18.9
2020-06-12,STBP3,5.4
2020-06-12,SULA11,44.76
2020-06-12,SUZB3,37.01
2020-06-12,TAEE11,28.53
2020-06-12,TEND3,27.76
2020-06-12,TIMP3,14.34
2020-06-12,TOTS3,21.55
2020-06-12,TRPL4,20.22
2020-06-12,UGPA3,17.99
2020-06-12,USIM5,6.41
2020-06-12,VALE3,53.4
2020-06-12,VIVA3,19.63
2020-06-12,VIVT3,49.95
2020-06-12,VIVT4,49.83
2020-06-12,VVAR3,14.64
2020-06-12,WEGE3,44.25
2020-06-12,YDUQ3,33.43
2020-06-15,ABEV3,13.43
2020-06-15,ALPA4,28.06
2020-06-15,ALSO3,28.99
2020-06-15,ARZZ3,44.28
2020-06-15,AZUL4,22.15
2020-06-15,B3SA3,49.51
2020-06-15,BBAS3,33.07
2020-06-15,BBDC3,19.55
2020-06-15,BBDC4,21.15
2020-06-15,BBSE3,26.35
2020-06-15,BEEF3,13.1
2020-06-15,BIDI11,33.34
2020-06-15,BIDI4,12.11
2020-06-15,BPAC11,60.81
2020-06-15,BPAN4,8.96
2020-06-15,BRAP4,35.53
2020-06-15,BRDT3,22.64
2020-06-15,BRFS3,21.2
2020-06-15,BRKM5,24.5
2020-06-15,BRML3,10.5
2020-06-15,BTOW3,101.9
2020-06-15,CCRO3,14.22
2020-06-15,CEAB3,11.74
2020-06-15,CIEL3,4.8
2020-06-15,CMIG4,10.75
2020-06-15,COGN3,6.39
2020-06-15,CPFE3,31.6
2020-06-15,CPLE3,60.8
2020-06-15,CPLE6,63.39
2020-06-15,CRFB3,18.3
2020-06-15,CSAN3,66.82
2020-06-15,CSMG3,58.02
2020-06-15,CSNA3,10.61
2020-06-15,CVCB3,20.45
2020-06-15,CYRE3,20.75
2020-06-15,DIRR3,11.62
2020-06-15,ECOR3,13.35
2020-06-15,EGIE3,42.87
2020-06-15,ELET3,28.86
2020-06-15,ELET6,30.45
2020-06-15,EMBR3,8.58
2020-06-15,ENBR3,17.77
2020-06-15,ENEV3,40.63
2020-06-15,ENGI11,48.53
2020-06-15,EQTL3,21.48
2020-06-15,EZTC3,37.5
2020-06-15,FLRY3,24.78
2020-06-15,GGBR4,13.55
2020-06-15,GNDI3,62.9
2020-06-15,GOAU4,6.42
2020-06-15,GOLL4,19.51
2020-06-15,HAPV3,60.53
2020-06-15,HGTX3,14.32
2020-06-15,HYPE3,32.98
2020-06-15,IGTA3,35.07
2020-06-15,IRBR3,10.35
2020-06-15,ITSA4,9.56
2020-06-15,ITUB4,25.45
2020-06-15,JBSS3,21.49
2020-06-15,JHSF3,5.94
2020-06-15,KLBN11,19.28
2020-06-15,LAME4,31.8
2020-06-15,LCAM3,15.89
2020-06-15,LOGG3,28.62
2020-06-15,LREN3,42.13
2020-06-15,LWSA3,31.79
2020-06-15,MGLU3,65.85
2020-06-15,MRFG3,12.8
2020-06-15,MRVE3,16.87
2020-06-15,MULT3,21.68
2020-06-15,NTCO3,40.58
2020-06-15,PCAR3,65.0
2020-06-15,PETR3,21.32
2020-06-15,PETR4,20.7
2020-06-15,POMO4,2.97
2020-06-15,PRIO3,33.5
2020-06-15,PSSA3,51.1
2020-06-15,QUAL3,25.8
2020-06-15,RADL3,108.77
2020-06-15,RAIL3,23.53
2020-06-15,RENT3,40.7
2020-06-15,SANB11,29.3
2020-06-15,SBSP3,55.0
2020-06-15,SLCE3,22.7
2020-06-15,SMLS3,16.85
2020-06-15,SMTO3,19.13
2020-06-15,STBP3,5.51
2020-06-15,SULA11,43.55
2020-06-15,SUZB3,38.49
2020-06-15,TAEE11,28.39
2020-06-15,TEND3,27.37
2020-06-15,TIMP3,14.34
2020-06-15,TOTS3,21.17
2020-06-15,TRPL4,20.21
2020-06-15,UGPA3,17.86
2020-06-15,USIM5,6.36
2020-06-15,VALE3,53.88
2020-06-15,VIVA3,20.0
2020-06-15,VIVT3,48.4
2020-06-15,VIVT4,48.48
2020-06-15,VVAR3,15.62
2020-06-15,WEGE3,44.27
2020-06-15,YDUQ3,32.86
2020-06-16,ABEV3,13.26
2020-06-16,ALPA4,28.71
2020-06-16,ALSO3,28.8
2020-06-16,ARZZ3,43.0
2020-06-16,AZUL4,22.59
2020-06-16,B3SA3,49.5
2020-06-16,BBAS3,33.5
2020-06-16,BBDC3,20.19
2020-06-16,BBDC4,22.03
2020-06-16,BBSE3,26.15
2020-06-16,BEEF3,13.93
2020-06-16,BIDI11,33.15
2020-06-16,BIDI4,11.98
2020-06-16,BPAC11,62.9
2020-06-16,BPAN4,8.73
2020-06-16,BRAP4,36.37
2020-06-16,BRDT3,22.26
2020-06-16,BRFS3,22.1
2020-06-16,BRKM5,25.07
2020-06-16,BRML3,10.37
2020-06-16,BTOW3,100.08
2020-06-16,CCRO3,13.98
2020-06-16,CEAB3,11.69
2020-06-16,CIEL3,4.96
2020-06-16,CMIG4,11.12
2020-06-16,COGN3,6.15
2020-06-16,CPFE3,31.17
2020-06-16,CPLE3,61.67
2020-06-16,CPLE6,64.71
2020-06-16,CRFB3,19.0
2020-06-16,CSAN3,67.7
2020-06-16,CSMG3,57.65
2020-06-16,CSNA3,11.3
2020-06-16,CVCB3,19.77
2020-06-16,CYRE3,20.94
2020-06-16,DIRR3,11.9
2020-06-16,ECOR3,13.1
2020-06-16,EGIE3,42.75
2020-06-16,ELET3,28.82
2020-06-16,ELET6,30.75
2020-06-16,EMBR3,9.05
2020-06-16,ENBR3,17.62
2020-06-16,ENEV3,40.21
2020-06-16,ENGI11,48.0
2020-06-16,EQTL3,21.36
2020-06-16,EZTC3,38.41
2020-06-16,FLRY3,25.0
2020-06-16,GGBR4,14.8
2020-06-16,GNDI3,62.84
2020-06-16,GOAU4,6.89
2020-06-16,GOLL4,19.16
2020-06-16,HAPV3,60.35
2020-06-16,HGTX3,14.12
2020-06-16,HYPE3,32.17
2020-06-16,IGTA3,34.52
2020-06-16,IRBR3,10.21
2020-06-16,ITSA4,9.76
2020-06-16,ITUB4,26.18
2020-06-16,JBSS3,21.55
2020-06-16,JHSF3,5.93
2020-06-16,KLBN11,19.11
2020-06-16,LAME4,31.56
2020-06-16,LCAM3,15.99
2020-06-16,LOGG3,29.25
2020-06-16,LREN3,41.76
2020-06-16,LWSA3,32.46
2020-06-16,MGLU3,66.0
2020-06-16,MRFG3,13.12
2020-06-16,MRVE3,16.85
2020-06-16,MULT3,21.42
2020-06-16,NTCO3,40.31
2020-06-16,PCAR3,65.4
2020-06-16,PETR3,22.2
2020-06-16,PETR4,21.37
2020-06-16,POMO4,2.95
2020-06-16,PRIO3,33.13
2020-06-16,PSSA3,49.95
2020-06-16,QUAL3,25.88
2020-06-16,RADL3,109.0
2020-06-16,RAIL3,23.67
2020-06-16,RENT3,40.17
2020-06-16,SANB11,30.37
2020-06-16,SBSP3,54.47
2020-06-16,SLCE3,22.48
2020-06-16,SMLS3,16.68
2020-06-16,SMTO3,19.07
2020-06-16,STBP3,5.46
2020-06-16,SULA11,42.16
2020-06-16,SUZB3,38.1
2020-06-16,TAEE11,28.34
2020-06-16,TEND3,27.8
2020-06-16,TIMP3,14.75
2020-06-16,TOTS3,21.03
2020-06-16,TRPL4,20.25
2020-06-16,UGPA3,17.5
2020-06-16,USIM5,6.55
2020-06-16,VALE3,55.39
2020-06-16,VIVA3,20.35
2020-06-16,VIVT3,49.26
2020-06-16,VIVT4,49.5
2020-06-16,VVAR3,15.15
2020-06-16,WEGE3,44.76
2020-06-16,YDUQ3,32.01
2020-06-17,ABEV3,13.77
2020-06-17,ALPA4,29.1
2020-06-17,ALSO3,29.47
2020-06-17,ARZZ3,44.14
2020-06-17,AZUL4,22.62
2020-06-17,B3SA3,51.2
2020-06-17,BBAS3,34.5
2020-06-17,BBDC3,20.46
2020-06-17,BBDC4,22.38
2020-06-17,BBSE3,27.09
2020-06-17,BEEF3,13.42
2020-06-17,BIDI11,33.78
2020-06-17,BIDI4,12.06
2020-06-17,BPAC11,64.06
2020-06-17,BPAN4,8.67
2020-06-17,BRAP4,37.16
2020-06-17,BRDT3,22.99
2020-06-17,BRFS3,22.49
2020-06-17,BRKM5,25.51
2020-06-17,BRML3,10.64
2020-06-17,BTOW3,106.2
2020-06-17,CCRO3,14.06
2020-06-17,CEAB3,11.85
2020-06-17,CIEL3,5.18
2020-06-17,CMIG4,11.72
2020-06-17,COGN3,6.43
2020-06-17,CPFE3,31.96
2020-06-17,CPLE3,62.85
2020-06-17,CPLE6,65.77
2020-06-17,CRFB3,19.04
2020-06-17,CSAN3,69.82
2020-06-17,CSMG3,59.82
2020-06-17,CSNA3,11.16
2020-06-17,CVCB3,19.47
2020-06-17,CYRE3,22.35
2020-06-17,DIRR3,12.75
2020-06-17,ECOR3,13.08
2020-06-17,EGIE3,44.51
2020-06-17,ELET3,31.7
2020-06-17,ELET6,32.8
2020-06-17,EMBR3,8.95
2020-06-17,ENBR3,18.26
2020-06-17,ENEV3,41.14
2020-06-17,ENGI11,49.1
2020-06-17,EQTL3,22.09
2020-06-17,EZTC3,39.0
2020-06-17,FLRY3,26.19
2020-06-17,GGBR4,14.72
2020-06-17,GNDI3,63.0
2020-06-17,GOAU4,6.85
2020-06-17,GOLL4,18.89
2020-06-17,HAPV3,60.82
2020-06-17,HGTX3,14.95
2020-06-17,HYPE3,33.73
2020-06-17,IGTA3,36.09
2020-06-17,IRBR3,10.08
2020-06-17,ITSA4,9.93
2020-06-17,ITUB4,26.51
2020-06-17,JBSS3,22.38
2020-06-17,JHSF3,6.35
2020-06-17,KLBN11,19.55
2020-06-17,LAME4,32.7
2020-06-17,LCAM3,16.8
2020-06-17,LOGG3,29.72
2020-06-17,LREN3,43.4
2020-06-17,LWSA3,32.7
2020-06-17,MGLU3,67.19
2020-06-17,MRFG3,13.02
2020-06-17,MRVE3,17.12
2020-06-17,MULT3,22.59
2020-06-17,NTCO3,41.92
2020-06-17,PCAR3,66.7
2020-06-17,PETR3,22.25
2020-06-17,PETR4,21.44
2020-06-17,POMO4,3.05
2020-06-17,PRIO3,33.33
2020-06-17,PSSA3,50.79
2020-06-17,QUAL3,27.19
2020-06-17,RADL3,111.36
2020-06-17,RAIL3,24.1
2020-06-17,RENT3,40.83
2020-06-17,SANB11,30.98
2020-06-17,SBSP3,56.59
2020-06-17,SLCE3,23.64
2020-06-17,SMLS3,16.7
2020-06-17,SMTO3,19.63
2020-06-17,STBP3,5.4
2020-06-17,SULA11,42.0
2020-06-17,SUZB3,38.9
2020-06-17,TAEE11,28.74
2020-06-17,TEND3,29.0
2020-06-17,TIMP3,14.63
2020-06-17,TOTS3,22.15
2020-06-17,TRPL4,20.5
2020-06-17,UGPA3,18.1
2020-06-17,USIM5,6.77
2020-06-17,VALE3,56.2
2020-06-17,VIVA3,20.74
2020-06-17,VIVT3,49.53
2020-06-17,VIVT4,49.7
2020-06-17,VVAR3,15.14
2020-06-17,WEGE3,46.16
2020-06-17,YDUQ3,34.29
2020-06-18,ABEV3,13.68
2020-06-18,ALPA4,29.1
2020-06-18,ALSO3,29.71
2020-06-18,ARZZ3,43.95
2020-06-18,AZUL4,21.93
2020-06-18,B3SA3,50.36
2020-06-18,BBAS3,34.4
2020-06-18,BBDC3,20.45
2020-06-18,BBDC4,22.3
2020-06-18,BBSE3,27.82
2020-06-18,BEEF3,13.46
2020-06-18,BIDI11,33.42
2020-06-18,BIDI4,11.86
2020-06-18,BPAC11,69.9
2020-06-18,BPAN4,8.56
2020-06-18,BRAP4,37.13
2020-06-18,BRDT3,22.88
2020-06-18,BRFS3,22.36
2020-06-18,BRKM5,25.61
2020-06-18,BRML3,10.56
2020-06-18,BTOW3,104.88
2020-06-18,CCRO3,14.61
2020-06-18,CEAB3,11.39
2020-06-18,CIEL3,5.63
2020-06-18,CMIG4,11.36
2020-06-18,COGN3,6.33
2020-06-18,CPFE3,31.69
2020-06-18,CPLE3,62.7
2020-06-18,CPLE6,65.44
2020-06-18,CRFB3,19.16
2020-06-18,CSAN3,71.6
2020-06-18,CSMG3,59.56
2020-06-18,CSNA3,11.65
2020-06-18,CVCB3,19.2
2020-06-18,CYRE3,22.35
2020-06-18,DIRR3,13.39
2020-06-18,ECOR3,13.0
2020-06-18,EGIE3,43.6
2020-06-18,ELET3,30.89
2020-06-18,ELET6,32.18
2020-06-18,EMBR3,8.87
2020-06-18,ENBR3,17.95
2020-06-18,ENEV3,41.45
2020-06-18,ENGI11,47.6
2020-06-18,EQTL3,21.73
2020-06-18,EZTC3,38.99
2020-06-18,FLRY3,26.0
2020-06-18,GGBR4,15.3
2020-06-18,GNDI3,62.98
2020-06-18,GOAU4,7.02
2020-06-18,GOLL4,18.66
2020-06-18,HAPV3,60.3
2020-06-18,HGTX3,15.21
2020-06-18,HYPE3,34.33
2020-06-18,IGTA3,35.58
2020-06-18,IRBR3,10.15
2020-06-18,ITSA4,10.25
2020-06-18,ITUB4,27.55
2020-06-18,JBSS3,22.45
2020-06-18,JHSF3,6.34
2020-06-18,KLBN11,20.08
2020-06-18,LAME4,33.4
2020-06-18,LCAM3,17.19
2020-06-18,LOGG3,29.25
2020-06-18,LREN3,43.04
2020-06-18,LWSA3,33.39
2020-06-18,MGLU3,69.7
2020-06-18,MRFG3,13.47
2020-06-18,MRVE3,16.78
2020-06-18,MULT3,21.81
2020-06-18,NTCO3,41.54
2020-06-18,PCAR3,66.16
2020-06-18,PETR3,22.6
2020-06-18,PETR4,21.6
2020-06-18,POMO4,2.99
2020-06-18,PRIO3,35.17
2020-06-18,PSSA3,53.0
2020-06-18,QUAL3,27.7
2020-06-18,RADL3,109.1
2020-06-18,RAIL3,23.46
2020-06-18,RENT3,41.21
2020-06-18,SANB11,30.71
2020-06-18,SBSP3,57.8
2020-06-18,SLCE3,24.2
2020-06-18,SMLS3,16.66
2020-06-18,SMTO3,19.6
2020-06-18,STBP3,5.42
2020-06-18,SULA11,43.74
2020-06-18,SUZB3,39.55
2020-06-18,TAEE11,28.87
2020-06-18,TEND3,28.55
2020-06-18,TIMP3,14.61
2020-06-18,TOTS3,22.74
2020-06-18,TRPL4,20.48
2020-06-18,UGPA3,18.84
2020-06-18,USIM5,6.8
2020-06-18,VALE3,56.17
2020-06-18,VIVA3,21.0
2020-06-18,VIVT3,50.49
2020-06-18,VIVT4,50.5
2020-06-18,VVAR3,15.13
2020-06-18,WEGE3,46.13
2020-06-18,YDUQ3,34.1
2020-06-19,ABEV3,13.84
2020-06-19,ALPA4,29.79
2020-06-19,ALSO3,30.01
2020-06-19,ARZZ3,44.58
2020-06-19,AZUL4,21.8
2020-06-19,B3SA3,51.0
2020-06-19,BBAS3,33.94
2020-06-19,BBDC3,19.99
2020-06-19,BBDC4,22.36
2020-06-19,BBSE3,28.79
2020-06-19,BEEF3,13.64
2020-06-19,BIDI11,32.1
2020-06-19,BIDI4,11.42
2020-06-19,BPAC11,72.0
2020-06-19,BPAN4,8.92
2020-06-19,BRAP4,36.06
2020-06-19,BRDT3,22.22
2020-06-19,BRFS3,22.45
2020-06-19,BRKM5,25.7
2020-06-19,BRML3,10.72
2020-06-19,BTOW3,104.0
2020-06-19,CCRO3,15.0
2020-06-19,CEAB3,11.21
2020-06-19,CIEL3,5.7
2020-06-19,CMIG4,11.38
2020-06-19,COGN3,6.31
2020-06-19,CPFE3,32.18
2020-06-19,CPLE3,63.73
2020-06-19,CPLE6,65.9
2020-06-19,CRFB3,19.81
2020-06-19,CSAN3,70.54
2020-06-19,CSMG3,60.12
2020-06-19,CSNA3,11.21
2020-06-19,CVCB3,19.84
2020-06-19,CYRE3,22.77
2020-06-19,DIRR3,14.16
2020-06-19,ECOR3,13.24
2020-06-19,EGIE3,43.25
2020-06-19,ELET3,30.79
2020-06-19,ELET6,31.6
2020-06-19,EMBR3,8.76
2020-06-19,ENBR3,18.2
2020-06-19,ENEV3,41.45
2020-06-19,ENGI11,48.85
2020-06-19,EQTL3,22.15
2020-06-19,EZTC3,38.84
2020-06-19,FLRY3,25.11
2020-06-19,GGBR4,15.45
2020-06-19,GNDI3,64.67
2020-06-19,GOAU4,7.06
2020-06-19,GOLL4,18.38
2020-06-19,HAPV3,62.81
2020-06-19,HGTX3,15.29
2020-06-19,HYPE3,34.37
2020-06-19,IGTA3,36.0
2020-06-19,IRBR3,10.39
2020-06-19,ITSA4,10.41
2020-06-19,ITUB4,28.09
2020-06-19,JBSS3,22.36
2020-06-19,JHSF3,6.9
2020-06-19,KLBN11,20.51
2020-06-19,LAME4,32.93
2020-06-19,LCAM3,17.3
2020-06-19,LOGG3,31.0
2020-06-19,LREN3,43.91
2020-06-19,LWSA3,34.3
2020-06-19,MGLU3,71.4
2020-06-19,MRFG3,13.2
2020-06-19,MRVE3,17.73
2020-06-19,MULT3,22.03
2020-06-19,NTCO3,42.23
2020-06-19,PCAR3,68.42
2020-06-19,PETR3,22.28
2020-06-19,PETR4,21.47
2020-06-19,POMO4,2.97
2020-06-19,PRIO3,35.12
2020-06-19,PSSA3,54.42
2020-06-19,QUAL3,29.0
2020-06-19,RADL3,114.23
2020-06-19,RAIL3,23.83
2020-06-19,RENT3,41.9
2020-06-19,SANB11,31.34
2020-06-19,SBSP3,57.66
2020-06-19,SLCE3,23.62
2020-06-19,SMLS3,16.07
2020-06-19,SMTO3,19.78
2020-06-19,STBP3,5.76
2020-06-19,SULA11,45.06
2020-06-19,SUZB3,39.5
2020-06-19,TAEE11,28.97
2020-06-19,TEND3,28.62
2020-06-19,TIMP3,14.48
2020-06-19,TOTS3,22.59
2020-06-19,TRPL4,20.39
2020-06-19,UGPA3,18.66
2020-06-19,USIM5,6.98
2020-06-19,VALE3,55.17
2020-06-19,VIVA3,21.58
2020-06-19,VIVT3,50.95
2020-06-19,VIVT4,50.4
2020-06-19,VVAR3,15.18
2020-06-19,WEGE3,46.21
2020-06-19,YDUQ3,35.24
2020-06-22,ABEV3,14.11
2020-06-22,ALPA4,29.33
2020-06-22,ALSO3,29.47
2020-06-22,ARZZ3,46.29
2020-06-22,AZUL4,20.63
2020-06-22,B3SA3,50.33
2020-06-22,BBAS3,33.24
2020-06-22,BBDC3,19.64
2020-06-22,BBDC4,21.58
2020-06-22,BBSE3,28.83
2020-06-22,BEEF3,12.98
2020-06-22,BIDI11,38.2
2020-06-22,BIDI4,12.8
2020-06-22,BPAC11,75.99
2020-06-22,BPAN4,8.95
2020-06-22,BRAP4,36.07
2020-06-22,BRDT3,21.79
2020-06-22,BRFS3,22.01
2020-06-22,BRKM5,24.83
2020-06-22,BRML3,10.6
2020-06-22,BTOW3,102.4
2020-06-22,CCRO3,14.69
2020-06-22,CEAB3,11.32
2020-06-22,CIEL3,5.51
2020-06-22,CMIG4,11.58
2020-06-22,COGN3,6.61
2020-06-22,CPFE3,31.6
2020-06-22,CPLE3,63.18
2020-06-22,CPLE6,65.23
2020-06-22,CRFB3,19.4
2020-06-22,CSAN3,70.29
2020-06-22,CSMG3,62.45
2020-06-22,CSNA3,11.12
2020-06-22,CVCB3,19.6
2020-06-22,CYRE3,22.86
2020-06-22,DIRR3,14.03
2020-06-22,ECOR3,13.01
2020-06-22,EGIE3,43.71
2020-06-22,ELET3,30.7
2020-06-22,ELET6,31.87
2020-06-22,EMBR3,8.45
2020-06-22,ENBR3,17.92
2020-06-22,ENEV3,42.19
2020-06-22,ENGI11,48.59
2020-06-22,EQTL3,22.18
2020-06-22,EZTC3,38.16
2020-06-22,FLRY3,24.8
2020-06-22,GGBR4,15.22
2020-06-22,GNDI3,63.98
2020-06-22,GOAU4,6.99
2020-06-22,GOLL4,17.95
2020-06-22,HAPV3,60.68
2020-06-22,HGTX3,14.71
2020-06-22,HYPE3,34.87
2020-06-22,IGTA3,36.2
2020-06-22,IRBR3,12.1
2020-06-22,ITSA4,10.15
2020-06-22,ITUB4,27.22
2020-06-22,JBSS3,21.65
2020-06-22,JHSF3,6.87
2020-06-22,KLBN11,20.36
2020-06-22,LAME4,32.5
2020-06-22,LCAM3,17.11
2020-06-22,LOGG3,30.06
2020-06-22,LREN3,42.94
2020-06-22,LWSA3,34.0
2020-06-22,MGLU3,70.9
2020-06-22,MRFG3,12.83
2020-06-22,MRVE3,17.78
2020-06-22,MULT3,22.0
2020-06-22,NTCO3,41.05
2020-06-22,PCAR3,68.04
2020-06-22,PETR3,21.87
2020-06-22,PETR4,20.95
2020-06-22,POMO4,3.07
2020-06-22,PRIO3,34.6
2020-06-22,PSSA3,53.81
2020-06-22,QUAL3,29.4
2020-06-22,RADL3,107.88
2020-06-22,RAIL3,23.39
2020-06-22,RENT3,41.24
2020-06-22,SANB11,30.79
2020-06-22,SBSP3,60.2
2020-06-22,SLCE3,23.27
2020-06-22,SMLS3,15.76
2020-06-22,SMTO3,19.45
2020-06-22,STBP3,5.54
2020-06-22,SULA11,44.63
2020-06-22,SUZB3,38.99
2020-06-22,TAEE11,28.85
2020-06-22,TEND3,30.32
2020-06-22,TIMP3,14.4
2020-06-22,TOTS3,22.64
2020-06-22,TRPL4,20.55
2020-06-22,UGPA3,18.34
2020-06-22,USIM5,6.96
2020-06-22,VALE3,55.0
2020-06-22,VIVA3,21.13
2020-06-22,VIVT3,49.79
2020-06-22,VIVT4,49.7
2020-06-22,VVAR3,14.9
2020-06-22,WEGE3,45.6
2020-06-22,YDUQ3,35.2
2020-06-23,ABEV3,13.93
2020-06-23,ALPA4,30.29
2020-06-23,ALSO3,29.3
2020-06-23,ARZZ3,47.67
2020-06-23,AZUL4,22.5
2020-06-23,B3SA3,52.28
2020-06-23,BBAS3,33.53
2020-06-23,BBDC3,19.65
2020-06-23,BBDC4,21.55
2020-06-23,BBSE3,28.75
2020-06-23,BEEF3,12.94
2020-06-23,BIDI11,38.02
2020-06-23,BIDI4,13.0
2020-06-23,BPAC11,78.46
2020-06-23,BPAN4,9.75
2020-06-23,BRAP4,36.82
2020-06-23,BRDT3,21.6
2020-06-23,BRFS3,22.18
2020-06-23,BRKM5,24.9
2020-06-23,BRML3,10.48
2020-06-23,BTOW3,103.3
2020-06-23,CCRO3,14.65
2020-06-23,CEAB3,10.96
2020-06-23,CIEL3,5.4
2020-06-23,CMIG4,11.4
2020-06-23,COGN3,7.01
2020-06-23,CPFE3,30.55
2020-06-23,CPLE3,61.74
2020-06-23,CPLE6,63.22
2020-06-23,CRFB3,19.73
2020-06-23,CSAN3,68.76
2020-06-23,CSMG3,60.41
2020-06-23,CSNA3,11.38
2020-06-23,CVCB3,19.66
2020-06-23,CYRE3,23.47
2020-06-23,DIRR3,14.53
2020-06-23,ECOR3,13.0
2020-06-23,EGIE3,43.24
2020-06-23,ELET3,30.21
2020-06-23,ELET6,31.69
2020-06-23,EMBR3,8.52
2020-06-23,ENBR3,17.56
2020-06-23,ENEV3,41.73
2020-06-23,ENGI11,47.94
2020-06-23,EQTL3,22.15
2020-06-23,EZTC3,39.43
2020-06-23,FLRY3,25.15
2020-06-23,GGBR4,15.51
2020-06-23,GNDI3,66.27
2020-06-23,GOAU4,7.16
2020-06-23,GOLL4,19.9
2020-06-23,HAPV3,62.4
2020-06-23,HGTX3,14.51
2020-06-23,HYPE3,35.07
2020-06-23,IGTA3,35.83
2020-06-23,IRBR3,11.5
2020-06-23,ITSA4,10.06
2020-06-23,ITUB4,26.86
2020-06-23,JBSS3,21.53
2020-06-23,JHSF3,6.97
2020-06-23,KLBN11,19.97
2020-06-23,LAME4,32.69
2020-06-23,LCAM3,17.2
2020-06-23,LOGG3,31.4
2020-06-23,LREN3,41.87
2020-06-23,LWSA3,36.34
2020-06-23,MGLU3,70.25
2020-06-23,MRFG3,12.5
2020-06-23,MRVE3,18.26
2020-06-23,MULT3,21.91
2020-06-23,NTCO3,42.34
2020-06-23,PCAR3,70.0
2020-06-23,PETR3,22.51
2020-06-23,PETR4,21.65
2020-06-23,POMO4,3.03
2020-06-23,PRIO3,35.66
2020-06-23,PSSA3,54.4
2020-06-23,QUAL3,29.1
2020-06-23,RADL3,109.25
2020-06-23,RAIL3,23.8
2020-06-23,RENT3,41.76
2020-06-23,SANB11,30.16
2020-06-23,SBSP3,58.7
2020-06-23,SLCE3,23.28
2020-06-23,SMLS3,16.8
2020-06-23,SMTO3,19.19
2020-06-23,STBP3,5.53
2020-06-23,SULA11,44.6
2020-06-23,SUZB3,38.04
2020-06-23,TAEE11,28.56
2020-06-23,TEND3,30.9
2020-06-23,TIMP3,14.2
2020-06-23,TOTS3,22.84
2020-06-23,TRPL4,20.43
2020-06-23,UGPA3,18.46
2020-06-23,USIM5,7.68
2020-06-23,VALE3,55.59
2020-06-23,VIVA3,21.24
2020-06-23,VIVT3,49.24
2020-06-23,VIVT4,49.22
2020-06-23,VVAR3,15.03
2020-06-23,WEGE3,46.12
2020-06-23,YDUQ3,37.05
2020-06-24,ABEV3,13.68
2020-06-24,ALPA4,29.69
2020-06-24,ALSO3,28.5
2020-06-24,ARZZ3,45.44
2020-06-24,AZUL4,21.1
2020-06-24,B3SA3,52.65
2020-06-24,BBAS3,32.22
2020-06-24,BBDC3,19.22
2020-06-24,BBDC4,20.85
2020-06-24,BBSE3,28.37
2020-06-24,BEEF3,13.15
2020-06-24,BIDI11,37.6
2020-06-24,BIDI4,12.5
2020-06-24,BPAC11,76.7
2020-06-24,BPAN4,10.05
2020-06-24,BRAP4,36.53
2020-06-24,BRDT3,21.49
2020-06-24,BRFS3,21.87
2020-06-24,BRKM5,23.79
2020-06-24,BRML3,10.34
2020-06-24,BTOW3,106.27
2020-06-24,CCRO3,14.4
2020-06-24,CEAB3,10.3
2020-06-24,CIEL3,4.7
2020-06-24,CMIG4,11.04
2020-06-24,COGN3,6.76
2020-06-24,CPFE3,30.27
2020-06-24,CPLE3,60.21
2020-06-24,CPLE6,61.78
2020-06-24,CRFB3,19.63
2020-06-24,CSAN3,68.79
2020-06-24,CSMG3,60.45
2020-06-24,CSNA3,11.08
2020-06-24,CVCB3,18.76
2020-06-24,CYRE3,22.64
2020-06-24,DIRR3,14.35
2020-06-24,ECOR3,12.69
2020-06-24,EGIE3,42.38
2020-06-24,ELET3,29.43
2020-06-24,ELET6,30.8
2020-06-24,EMBR3,8.09
2020-06-24,ENBR3,17.55
2020-06-24,ENEV3,42.05
2020-06-24,ENGI11,47.67
2020-06-24,EQTL3,22.18
2020-06-24,EZTC3,38.67
2020-06-24,FLRY3,24.56
2020-06-24,GGBR4,15.74
2020-06-24,GNDI3,65.17
2020-06-24,GOAU4,7.19
2020-06-24,GOLL4,18.24
2020-06-24,HAPV3,60.71
2020-06-24,HGTX3,14.42
2020-06-24,HYPE3,34.4
2020-06-24,IGTA3,35.03
2020-06-24,IRBR3,11.06
2020-06-24,ITSA4,9.77
2020-06-24,ITUB4,25.84
2020-06-24,JBSS3,21.83
2020-06-24,JHSF3,7.05
2020-06-24,KLBN11,20.48
2020-06-24,LAME4,31.8
2020-06-24,LCAM3,17.04
2020-06-24,LOGG3,31.5
2020-06-24,LREN3,41.05
2020-06-24,LWSA3,35.9
2020-06-24,MGLU3,69.8
2020-06-24,MRFG3,12.91
2020-06-24,MRVE3,17.84
2020-06-24,MULT3,21.4
2020-06-24,NTCO3,41.3
2020-06-24,PCAR3,69.28
2020-06-24,PETR3,21.91
2020-06-24,PETR4,21.0
2020-06-24,POMO4,2.95
2020-06-24,PRIO3,33.58
2020-06-24,PSSA3,52.85
2020-06-24,QUAL3,27.95
2020-06-24,RADL3,108.0
2020-06-24,RAIL3,23.08
2020-06-24,RENT3,40.98
2020-06-24,SANB11,28.75
2020-06-24,SBSP3,60.07
2020-06-24,SLCE3,23.37
2020-06-24,SMLS3,15.35
2020-06-24,SMTO3,19.0
2020-06-24,STBP3,5.4
2020-06-24,SULA11,44.26
2020-06-24,SUZB3,38.6
2020-06-24,TAEE11,28.19
2020-06-24,TEND3,30.37
2020-06-24,TIMP3,13.99
2020-06-24,TOTS3,22.41
2020-06-24,TRPL4,20.31
2020-06-24,UGPA3,18.49
2020-06-24,USIM5,7.33
2020-06-24,VALE3,55.39
2020-06-24,VIVA3,20.89
2020-06-24,VIVT3,48.64
2020-06-24,VIVT4,48.82
2020-06-24,VVAR3,14.58
2020-06-24,WEGE3,46.05
2020-06-24,YDUQ3,35.13
2020-06-25,ABEV3,14.18
2020-06-25,ALPA4,30.12
2020-06-25,ALSO3,28.88
2020-06-25,ARZZ3,47.9
2020-06-25,AZUL4,21.2
2020-06-25,B3SA3,55.0
2020-06-25,BBAS3,33.01
2020-06-25,BBDC3,19.63
2020-06-25,BBDC4,21.35
2020-06-25,BBSE3,29.0
2020-06-25,BEEF3,12.95
2020-06-25,BIDI11,38.89
2020-06-25,BIDI4,13.37
2020-06-25,BPAC11,76.9
2020-06-25,BPAN4,9.54
2020-06-25,BRAP4,36.97
2020-06-25,BRDT3,22.1
2020-06-25,BRFS3,21.99
2020-06-25,BRKM5,23.39
2020-06-25,BRML3,10.2
2020-06-25,BTOW3,105.25
2020-06-25,CCRO3,15.7
2020-06-25,CEAB3,10.01
2020-06-25,CIEL3,4.87
2020-06-25,CMIG4,11.19
2020-06-25,COGN3,6.71
2020-06-25,CPFE3,30.41
2020-06-25,CPLE3,61.0
2020-06-25,CPLE6,61.98
2020-06-25,CRFB3,20.0
2020-06-25,CSAN3,70.16
2020-06-25,CSMG3,58.75
2020-06-25,CSNA3,11.13
2020-06-25,CVCB3,18.28
2020-06-25,CYRE3,23.15
2020-06-25,DIRR3,14.97
2020-06-25,ECOR3,13.42
2020-06-25,EGIE3,42.78
2020-06-25,ELET3,30.57
2020-06-25,ELET6,31.95
2020-06-25,EMBR3,8.15
2020-06-25,ENBR3,17.7
2020-06-25,ENEV3,43.9
2020-06-25,ENGI11,48.75
2020-06-25,EQTL3,22.59
2020-06-25,EZTC3,39.13
2020-06-25,FLRY3,24.94
2020-06-25,GGBR4,15.66
2020-06-25,GNDI3,66.5
2020-06-25,GOAU4,7.15
2020-06-25,GOLL4,19.15
2020-06-25,HAPV3,62.08
2020-06-25,HGTX3,14.39
2020-06-25,HYPE3,35.18
2020-06-25,IGTA3,34.75
2020-06-25,IRBR3,11.25
2020-06-25,ITSA4,9.96
2020-06-25,ITUB4,26.15
2020-06-25,JBSS3,21.71
2020-06-25,JHSF3,7.0
2020-06-25,KLBN11,20.36
2020-06-25,LAME4,32.4
2020-06-25,LCAM3,17.48
2020-06-25,LOGG3,31.48
2020-06-25,LREN3,40.81
2020-06-25,LWSA3,39.38
2020-06-25,MGLU3,69.69
2020-06-25,MRFG3,12.71
2020-06-25,MRVE3,17.91
2020-06-25,MULT3,21.3
2020-06-25,NTCO3,41.86
2020-06-25,PCAR3,71.19
2020-06-25,PETR3,22.37
2020-06-25,PETR4,21.47
2020-06-25,POMO4,2.98
2020-06-25,PRIO3,35.44
2020-06-25,PSSA3,53.85
2020-06-25,QUAL3,28.8
2020-06-25,RADL3,110.09
2020-06-25,RAIL3,23.41
2020-06-25,RENT3,41.45
2020-06-25,SANB11,29.24
2020-06-25,SBSP3,59.27
2020-06-25,SLCE3,23.52
2020-06-25,SMLS3,15.27
2020-06-25,SMTO3,19.55
2020-06-25,STBP3,5.6
2020-06-25,SULA11,46.47
2020-06-25,SUZB3,38.08
2020-06-25,TAEE11,28.3
2020-06-25,TEND3,31.04
2020-06-25,TIMP3,14.2
2020-06-25,TOTS3,23.07
2020-06-25,TRPL4,20.46
2020-06-25,UGPA3,18.31
2020-06-25,USIM5,7.29
2020-06-25,VALE3,56.0
2020-06-25,VIVA3,21.0
2020-06-25,VIVT3,49.56
2020-06-25,VIVT4,49.31
2020-06-25,VVAR3,14.55
2020-06-25,WEGE3,49.22
2020-06-25,YDUQ3,34.75
2020-06-26,ABEV3,13.95
2020-06-26,ALPA4,28.94
2020-06-26,ALSO3,27.43
2020-06-26,ARZZ3,46.29
2020-06-26,AZUL4,20.0
2020-06-26,B3SA3,53.45
2020-06-26,BBAS3,31.82
2020-06-26,BBDC3,19.08
2020-06-26,BBDC4,20.69
2020-06-26,BBSE3,27.85
2020-06-26,BEEF3,12.79
2020-06-26,BIDI11,40.88
2020-06-26,BIDI4,13.9
2020-06-26,BPAC11,72.67
2020-06-26,BPAN4,8.97
2020-06-26,BRAP4,36.43
2020-06-26,BRDT3,21.22
2020-06-26,BRFS3,21.45
2020-06-26,BRKM5,22.91
2020-06-26,BRML3,9.64
2020-06-26,BTOW3,103.1
2020-06-26,CCRO3,14.8
2020-06-26,CEAB3,9.82
2020-06-26,CIEL3,4.63
2020-06-26,CMIG4,10.6
2020-06-26,COGN3,6.36
2020-06-26,CPFE3,29.96
2020-06-26,CPLE3,59.92
2020-06-26,CPLE6,60.57
2020-06-26,CRFB3,19.5
2020-06-26,CSAN3,68.69
2020-06-26,CSMG3,55.35
2020-06-26,CSNA3,10.71
2020-06-26,CVCB3,17.7
2020-06-26,CYRE3,21.92
2020-06-26,DIRR3,14.85
2020-06-26,ECOR3,12.92
2020-06-26,EGIE3,41.6
2020-06-26,ELET3,30.28
2020-06-26,ELET6,31.41
2020-06-26,EMBR3,7.83
2020-06-26,ENBR3,17.4
2020-06-26,ENEV3,42.79
2020-06-26,ENGI11,47.61
2020-06-26,EQTL3,22.49
2020-06-26,EZTC3,37.48
2020-06-26,FLRY3,24.36
2020-06-26,GGBR4,15.18
2020-06-26,GNDI3,66.52
2020-06-26,GOAU4,6.97
2020-06-26,GOLL4,18.33
2020-06-26,HAPV3,61.32
2020-06-26,HGTX3,13.92
2020-06-26,HYPE3,33.75
2020-06-26,IGTA3,33.09
2020-06-26,IRBR3,11.86
2020-06-26,ITSA4,9.66
2020-06-26,ITUB4,25.71
2020-06-26,JBSS3,21.18
2020-06-26,JHSF3,6.8
2020-06-26,KLBN11,20.51
2020-06-26,LAME4,31.13
2020-06-26,LCAM3,16.65
2020-06-26,LOGG3,30.71
2020-06-26,LREN3,40.6
2020-06-26,LWSA3,41.5
2020-06-26,MGLU3,69.35
2020-06-26,MRFG3,12.55
2020-06-26,MRVE3,17.36
2020-06-26,MULT3,20.23
2020-06-26,NTCO3,39.9
2020-06-26,PCAR3,68.81
2020-06-26,PETR3,21.88
2020-06-26,PETR4,20.84
2020-06-26,POMO4,2.88
2020-06-26,PRIO3,34.45
2020-06-26,PSSA3,52.16
2020-06-26,QUAL3,27.68
2020-06-26,RADL3,108.52
2020-06-26,RAIL3,22.79
2020-06-26,RENT3,40.25
2020-06-26,SANB11,28.34
2020-06-26,SBSP3,56.3
2020-06-26,SLCE3,23.43
2020-06-26,SMLS3,14.55
2020-06-26,SMTO3,19.15
2020-06-26,STBP3,5.55
2020-06-26,SULA11,45.61
2020-06-26,SUZB3,37.88
2020-06-26,TAEE11,28.07
2020-06-26,TEND3,29.52
2020-06-26,TIMP3,14.03
2020-06-26,TOTS3,22.26
2020-06-26,TRPL4,20.29
2020-06-26,UGPA3,17.64
2020-06-26,USIM5,7.1
2020-06-26,VALE3,55.62
2020-06-26,VIVA3,20.19
2020-06-26,VIVT3,48.66
2020-06-26,VIVT4,48.54
2020-06-26,VVAR3,14.29
2020-06-26,WEGE3,50.0
2020-06-26,YDUQ3,33.09
2020-06-29,ABEV3,14.26
2020-06-29,ALPA4,29.38
2020-06-29,ALSO3,28.48
2020-06-29,ARZZ3,47.45
2020-06-29,AZUL4,20.73
2020-06-29,B3SA3,54.96
2020-06-29,BBAS3,33.44
2020-06-29,BBDC3,19.56
2020-06-29,BBDC4,21.41
2020-06-29,BBSE3,28.25
2020-06-29,BEEF3,12.96
2020-06-29,BIDI11,43.57
2020-06-29,BIDI4,15.08
2020-06-29,BPAC11,76.0
2020-06-29,BPAN4,9.2
2020-06-29,BRAP4,36.34
2020-06-29,BRDT3,21.47
2020-06-29,BRFS3,20.87
2020-06-29,BRKM5,23.13
2020-06-29,BRML3,10.15
2020-06-29,BTOW3,106.15
2020-06-29,CCRO3,14.7
2020-06-29,CEAB3,10.44
2020-06-29,CIEL3,4.62
2020-06-29,CMIG4,10.87
2020-06-29,COGN3,6.55
2020-06-29,CPFE3,30.31
2020-06-29,CPLE3,59.99
2020-06-29,CPLE6,61.38
2020-06-29,CRFB3,19.84
2020-06-29,CSAN3,70.18
2020-06-29,CSMG3,57.71
2020-06-29,CSNA3,10.55
2020-06-29,CVCB3,18.2
2020-06-29,CYRE3,22.97
2020-06-29,DIRR3,15.21
2020-06-29,ECOR3,12.96
2020-06-29,EGIE3,42.71
2020-06-29,ELET3,31.0
2020-06-29,ELET6,31.91
2020-06-29,EMBR3,8.42
2020-06-29,ENBR3,17.45
2020-06-29,ENEV3,43.74
2020-06-29,ENGI11,48.73
2020-06-29,EQTL3,22.84
2020-06-29,EZTC3,39.92
2020-06-29,FLRY3,24.61
2020-06-29,GGBR4,15.69
2020-06-29,GNDI3,68.01
2020-06-29,GOAU4,7.11
2020-06-29,GOLL4,18.8
2020-06-29,HAPV3,63.1
2020-06-29,HGTX3,14.25
2020-06-29,HYPE3,33.61
2020-06-29,IGTA3,33.82
2020-06-29,IRBR3,12.46
2020-06-29,ITSA4,9.89
2020-06-29,ITUB4,26.48
2020-06-29,JBSS3,21.09
2020-06-29,JHSF3,7.25
2020-06-29,KLBN11,20.25
2020-06-29,LAME4,32.0
2020-06-29,LCAM3,16.91
2020-06-29,LOGG3,31.22
2020-06-29,LREN3,41.2
2020-06-29,LWSA3,42.63
2020-06-29,MGLU3,70.41
2020-06-29,MRFG3,12.56
2020-06-29,MRVE3,17.82
2020-06-29,MULT3,20.72
2020-06-29,NTCO3,40.02
2020-06-29,PCAR3,72.9
2020-06-29,PETR3,22.56
2020-06-29,PETR4,21.66
2020-06-29,POMO4,2.89
2020-06-29,PRIO3,34.95
2020-06-29,PSSA3,52.19
2020-06-29,QUAL3,28.29
2020-06-29,RADL3,110.24
2020-06-29,RAIL3,22.68
2020-06-29,RENT3,41.21
2020-06-29,SANB11,29.05
2020-06-29,SBSP3,57.2
2020-06-29,SLCE3,23.55
2020-06-29,SMLS3,14.91
2020-06-29,SMTO3,19.98
2020-06-29,STBP3,5.55
2020-06-29,SULA11,45.95
2020-06-29,SUZB3,37.73
2020-06-29,TAEE11,28.67
2020-06-29,TEND3,30.54
2020-06-29,TIMP3,13.77
2020-06-29,TOTS3,22.42
2020-06-29,TRPL4,20.6
2020-06-29,UGPA3,18.0
2020-06-29,USIM5,7.15
2020-06-29,VALE3,55.63
2020-06-29,VIVA3,20.33
2020-06-29,VIVT3,48.18
2020-06-29,VIVT4,48.2
2020-06-29,VVAR3,15.38
2020-06-29,WEGE3,49.92
2020-06-29,YDUQ3,34.23
2020-06-30,ABEV3,14.14
2020-06-30,ALPA4,29.28
2020-06-30,ALSO3,28.55
2020-06-30,ARZZ3,47.9
2020-06-30,AZUL4,20.11
2020-06-30,B3SA3,55.09
2020-06-30,BBAS3,32.15
2020-06-30,BBDC3,18.96
2020-06-30,BBDC4,20.7
2020-06-30,BBSE3,27.27
2020-06-30,BEEF3,13.15
2020-06-30,BIDI11,41.2
2020-06-30,BIDI4,14.4
2020-06-30,BPAC11,76.5
2020-06-30,BPAN4,8.8
2020-06-30,BRAP4,36.51
2020-06-30,BRDT3,21.55
2020-06-30,BRFS3,21.26
2020-06-30,BRKM5,23.22
2020-06-30,BRML3,10.08
2020-06-30,BTOW3,107.05
2020-06-30,CCRO3,14.5
2020-06-30,CEAB3,10.31
2020-06-30,CIEL3,4.62
2020-06-30,CMIG4,11.02
2020-06-30,COGN3,6.61
2020-06-30,CPFE3,30.66
2020-06-30,CPLE3,60.44
2020-06-30,CPLE6,60.82
2020-06-30,CRFB3,19.75
2020-06-30,CSAN3,70.92
2020-06-30,CSMG3,58.23
2020-06-30,CSNA3,10.68
2020-06-30,CVCB3,18.14
2020-06-30,CYRE3,22.85
2020-06-30,DIRR3,15.72
2020-06-30,ECOR3,12.97
2020-06-30,EGIE3,42.09
2020-06-30,ELET3,31.0
2020-06-30,ELET6,32.24
2020-06-30,EMBR3,8.09
2020-06-30,ENBR3,17.42
2020-06-30,ENEV3,44.98
2020-06-30,ENGI11,49.0
2020-06-30,EQTL3,23.22
2020-06-30,EZTC3,39.9
2020-06-30,FLRY3,24.59
2020-06-30,GGBR4,16.01
2020-06-30,GNDI3,68.01
2020-06-30,GOAU4,7.31
2020-06-30,GOLL4,18.55
2020-06-30,HAPV3,62.17
2020-06-30,HGTX3,14.32
2020-06-30,HYPE3,33.3
2020-06-30,IGTA3,33.35
2020-06-30,IRBR3,11.0
2020-06-30,ITSA4,9.59
2020-06-30,ITUB4,25.45
2020-06-30,JBSS3,21.15
2020-06-30,JHSF3,7.1
2020-06-30,KLBN11,20.33
2020-06-30,LAME4,32.18
2020-06-30,LCAM3,16.93
2020-06-30,LOGG3,32.95
2020-06-30,LREN3,41.8
2020-06-30,LWSA3,43.2
2020-06-30,MGLU3,71.65
2020-06-30,MRFG3,12.61
2020-06-30,MRVE3,18.0
2020-06-30,MULT3,20.5
2020-06-30,NTCO3,39.9
2020-06-30,PCAR3,70.98
2020-06-30,PETR3,22.34
2020-06-30,PETR4,21.55
2020-06-30,POMO4,2.93
2020-06-30,PRIO3,35.39
2020-06-30,PSSA3,50.42
2020-06-30,QUAL3,29.0
2020-06-30,RADL3,110.62
2020-06-30,RAIL3,22.49
2020-06-30,RENT3,40.91
2020-06-30,SANB11,28.02
2020-06-30,SBSP3,57.7
2020-06-30,SLCE3,23.6
2020-06-30,SMLS3,14.71
2020-06-30,SMTO3,21.21
2020-06-30,STBP3,5.51
2020-06-30,SULA11,45.07
2020-06-30,SUZB3,36.79
2020-06-30,TAEE11,28.1
2020-06-30,TEND3,31.01
2020-06-30,TIMP3,14.2
2020-06-30,TOTS3,23.15
2020-06-30,TRPL4,20.91
2020-06-30,UGPA3,18.38
2020-06-30,USIM5,7.27
2020-06-30,VALE3,55.92
2020-06-30,VIVA3,21.06
2020-06-30,VIVT3,48.4
2020-06-30,VIVT4,48.03
2020-06-30,VVAR3,15.31
2020-06-30,WEGE3,50.61
2020-06-30,YDUQ3,33.65
2020-07-01,ABEV3,14.36
2020-07-01,ALPA4,29.24
2020-07-01,ALSO3,29.31
2020-07-01,ARZZ3,47.99
2020-07-01,AZUL4,20.67
2020-07-01,B3SA3,56.03
2020-07-01,BBAS3,33.07
2020-07-01,BBDC3,19.28
2020-07-01,BBDC4,21.16
2020-07-01,BBSE3,27.7
2020-07-01,BEEF3,12.84
2020-07-01,BIDI11,45.43
2020-07-01,BIDI4,15.48
2020-07-01,BPAC11,76.5
2020-07-01,BPAN4,9.17
2020-07-01,BRAP4,35.44
2020-07-01,BRDT3,21.8
2020-07-01,BRFS3,20.5
2020-07-01,BRKM5,23.96
2020-07-01,BRML3,10.39
2020-07-01,BTOW3,112.02
2020-07-01,CCRO3,14.98
2020-07-01,CEAB3,10.17
2020-07-01,CIEL3,4.87
2020-07-01,CMIG4,11.17
2020-07-01,COGN3,6.97
2020-07-01,CPFE3,30.81
2020-07-01,CPLE3,60.51
2020-07-01,CPLE6,60.86
2020-07-01,CRFB3,19.94
2020-07-01,CSAN3,74.94
2020-07-01,CSMG3,58.71
2020-07-01,CSNA3,10.59
2020-07-01,CVCB3,19.09
2020-07-01,CYRE3,24.57
2020-07-01,DIRR3,15.7
2020-07-01,ECOR3,13.7
2020-07-01,EGIE3,42.84
2020-07-01,ELET3,32.62
2020-07-01,ELET6,33.65
2020-07-01,EMBR3,8.1
2020-07-01,ENBR3,17.9
2020-07-01,ENEV3,46.38
2020-07-01,ENGI11,48.2
2020-07-01,EQTL3,23.95
2020-07-01,EZTC3,42.37
2020-07-01,FLRY3,24.92
2020-07-01,GGBR4,15.48
2020-07-01,GNDI3,68.28
2020-07-01,GOAU4,7.07
2020-07-01,GOLL4,19.02
2020-07-01,HAPV3,62.99
2020-07-01,HGTX3,14.73
2020-07-01,HYPE3,33.15
2020-07-01,IGTA3,34.21
2020-07-01,IRBR3,10.21
2020-07-01,ITSA4,9.79
2020-07-01,ITUB4,26.1
2020-07-01,JBSS3,20.89
2020-07-01,JHSF3,7.89
2020-07-01,KLBN11,20.84
2020-07-01,LAME4,32.59
2020-07-01,LCAM3,17.65
2020-07-01,LOGG3,33.61
2020-07-01,LREN3,41.43
2020-07-01,LWSA3,47.7
2020-07-01,MGLU3,72.3
2020-07-01,MRFG3,12.37
2020-07-01,MRVE3,18.74
2020-07-01,MULT3,20.95
2020-07-01,NTCO3,40.28
2020-07-01,PCAR3,72.63
2020-07-01,PETR3,22.36
2020-07-01,PETR4,21.71
2020-07-01,POMO4,2.89
2020-07-01,PRIO3,34.5
2020-07-01,PSSA3,51.73
2020-07-01,QUAL3,29.2
2020-07-01,RADL3,115.97
2020-07-01,RAIL3,22.97
2020-07-01,RENT3,42.35
2020-07-01,SANB11,28.41
2020-07-01,SBSP3,58.9
2020-07-01,SLCE3,23.63
2020-07-01,SMLS3,15.26
2020-07-01,SMTO3,21.55
2020-07-01,STBP3,5.77
2020-07-01,SULA11,46.4
2020-07-01,SUZB3,37.14
2020-07-01,TAEE11,28.49
2020-07-01,TEND3,31.72
2020-07-01,TIMP3,14.47
2020-07-01,TOTS3,23.75
2020-07-01,TRPL4,21.31
2020-07-01,UGPA3,18.8
2020-07-01,USIM5,7.34
2020-07-01,VALE3,54.54
2020-07-01,VIVA3,21.05
2020-07-01,VIVT3,47.9
2020-07-01,VIVT4,48.08
2020-07-01,VVAR3,15.99
2020-07-01,WEGE3,52.59
2020-07-01,YDUQ3,34.41
2020-07-02,ABEV3,14.17
2020-07-02,ALPA4,30.0
2020-07-02,ALSO3,28.58
2020-07-02,ARZZ3,48.33
2020-07-02,AZUL4,20.76
2020-07-02,B3SA3,56.2
2020-07-02,BBAS3,33.16
2020-07-02,BBDC3,19.43
2020-07-02,BBDC4,21.21
2020-07-02,BBSE3,27.53
2020-07-02,BEEF3,12.81
2020-07-02,BIDI11,44.18
2020-07-02,BIDI4,15.15
2020-07-02,BPAC11,79.0
2020-07-02,BPAN4,9.06
2020-07-02,BRAP4,35.96
2020-07-02,BRDT3,21.99
2020-07-02,BRFS3,20.4
2020-07-02,BRKM5,23.65
2020-07-02,BRML3,10.3
2020-07-02,BTOW3,107.93
2020-07-02,CCRO3,14.87
2020-07-02,CEAB3,9.87
2020-07-02,CIEL3,4.85
2020-07-02,CMIG4,11.12
2020-07-02,COGN3,6.92
2020-07-02,CPFE3,30.43
2020-07-02,CPLE3,58.4
2020-07-02,CPLE6,58.65
2020-07-02,CRFB3,20.12
2020-07-02,CSAN3,74.03
2020-07-02,CSMG3,57.39
2020-07-02,CSNA3,10.86
2020-07-02,CVCB3,19.28
2020-07-02,CYRE3,24.56
2020-07-02,DIRR3,16.15
2020-07-02,ECOR3,13.85
2020-07-02,EGIE3,43.66
2020-07-02,ELET3,32.06
2020-07-02,ELET6,33.42
2020-07-02,EMBR3,8.17
2020-07-02,ENBR3,17.65
2020-07-02,ENEV3,47.13
2020-07-02,ENGI11,47.44
2020-07-02,EQTL3,23.61
2020-07-02,EZTC3,42.23
2020-07-02,FLRY3,24.65
2020-07-02,GGBR4,15.78
2020-07-02,GNDI3,65.5
2020-07-02,GOAU4,7.23
2020-07-02,GOLL4,18.87
2020-07-02,HAPV3,60.73
2020-07-02,HGTX3,14.56
2020-07-02,HYPE3,32.2
2020-07-02,IGTA3,33.67
2020-07-02,IRBR3,8.96
2020-07-02,ITSA4,9.95
2020-07-02,ITUB4,26.55
2020-07-02,JBSS3,21.3
2020-07-02,JHSF3,7.84
2020-07-02,KLBN11,20.72
2020-07-02,LAME4,31.2
2020-07-02,LCAM3,17.34
2020-07-02,LOGG3,33.07
2020-07-02,LREN3,41.46
2020-07-02,LWSA3,47.24
2020-07-02,MGLU3,70.1
2020-07-02,MRFG3,12.2
2020-07-02,MRVE3,18.55
2020-07-02,MULT3,20.75
2020-07-02,NTCO3,40.81
2020-07-02,PCAR3,71.32
2020-07-02,PETR3,22.64
2020-07-02,PETR4,22.06
2020-07-02,POMO4,2.78
2020-07-02,PRIO3,35.42
2020-07-02,PSSA3,51.66
2020-07-02,QUAL3,28.45
2020-07-02,RADL3,114.53
2020-07-02,RAIL3,22.46
2020-07-02,RENT3,42.39
2020-07-02,SANB11,28.69
2020-07-02,SBSP3,57.59
2020-07-02,SLCE3,23.3
2020-07-02,SMLS3,14.87
2020-07-02,SMTO3,20.89
2020-07-02,STBP3,5.79
2020-07-02,SULA11,46.2
2020-07-02,SUZB3,36.82
2020-07-02,TAEE11,28.41
2020-07-02,TEND3,31.3
2020-07-02,TIMP3,14.55
2020-07-02,TOTS3,24.13
2020-07-02,TRPL4,21.26
2020-07-02,UGPA3,18.64
2020-07-02,USIM5,7.35
2020-07-02,VALE3,55.49
2020-07-02,VIVA3,21.18
2020-07-02,VIVT3,48.14
2020-07-02,VIVT4,48.05
2020-07-02,VVAR3,15.39
2020-07-02,WEGE3,53.57
2020-07-02,YDUQ3,34.2
2020-07-03,ABEV3,14.14
2020-07-03,ALPA4,29.3
2020-07-03,ALSO3,28.76
2020-07-03,ARZZ3,48.75
2020-07-03,AZUL4,21.15
2020-07-03,B3SA3,56.5
2020-07-03,BBAS3,33.5
2020-07-03,BBDC3,19.43
2020-07-03,BBDC4,21.35
2020-07-03,BBSE3,27.76
2020-07-03,BEEF3,13.2
2020-07-03,BIDI11,44.96
2020-07-03,BIDI4,15.4
2020-07-03,BPAC11,79.51
2020-07-03,BPAN4,9.42
2020-07-03,BRAP4,35.99
2020-07-03,BRDT3,22.2
2020-07-03,BRFS3,20.19
2020-07-03,BRKM5,23.51
2020-07-03,BRML3,10.48
2020-07-03,BTOW3,108.86
2020-07-03,CCRO3,14.8
2020-07-03,CEAB3,9.93
2020-07-03,CIEL3,4.8
2020-07-03,CMIG4,11.13
2020-07-03,COGN3,7.2
2020-07-03,CPFE3,30.8
2020-07-03,CPLE3,59.51
2020-07-03,CPLE6,61.15
2020-07-03,CRFB3,20.2
2020-07-03,CSAN3,75.62
2020-07-03,CSMG3,57.9
2020-07-03,CSNA3,10.71
2020-07-03,CVCB3,19.71
2020-07-03,CYRE3,25.32
2020-07-03,DIRR3,16.36
2020-07-03,ECOR3,13.87
2020-07-03,EGIE3,45.05
2020-07-03,ELET3,32.59
2020-07-03,ELET6,33.95
2020-07-03,EMBR3,8.19
2020-07-03,ENBR3,18.15
2020-07-03,ENEV3,47.79
2020-07-03,ENGI11,47.25
2020-07-03,EQTL3,24.24
2020-07-03,EZTC3,42.92
2020-07-03,FLRY3,24.79
2020-07-03,GGBR4,15.71
2020-07-03,GNDI3,65.8
2020-07-03,GOAU4,7.27
2020-07-03,GOLL4,19.56
2020-07-03,HAPV3,60.91
2020-07-03,HGTX3,14.8
2020-07-03,HYPE3,32.4
2020-07-03,IGTA3,34.46
2020-07-03,IRBR3,9.68
2020-07-03,ITSA4,9.97
2020-07-03,ITUB4,26.5
2020-07-03,JBSS3,21.95
2020-07-03,JHSF3,9.1
2020-07-03,KLBN11,20.87
2020-07-03,LAME4,31.0
2020-07-03,LCAM3,17.55
2020-07-03,LOGG3,33.49
2020-07-03,LREN3,41.0
2020-07-03,LWSA3,48.26
2020-07-03,MGLU3,72.0
2020-07-03,MRFG3,12.35
2020-07-03,MRVE3,19.27
2020-07-03,MULT3,21.35
2020-07-03,NTCO3,41.3
2020-07-03,PCAR3,72.54
2020-07-03,PETR3,22.5
2020-07-03,PETR4,21.98
2020-07-03,POMO4,2.92
2020-07-03,PRIO3,34.83
2020-07-03,PSSA3,52.55
2020-07-03,QUAL3,28.6
2020-07-03,RADL3,114.62
2020-07-03,RAIL3,22.49
2020-07-03,RENT3,42.7
2020-07-03,SANB11,28.44
2020-07-03,SBSP3,57.88
2020-07-03,SLCE3,23.91
2020-07-03,SMLS3,15.45
2020-07-03,SMTO3,20.96
2020-07-03,STBP3,5.81
2020-07-03,SULA11,48.5
2020-07-03,SUZB3,37.27
2020-07-03,TAEE11,28.4
2020-07-03,TEND3,32.97
2020-07-03,TIMP3,15.25
2020-07-03,TOTS3,24.2
2020-07-03,TRPL4,21.4
2020-07-03,UGPA3,18.43
2020-07-03,USIM5,7.46
2020-07-03,VALE3,55.26
2020-07-03,VIVA3,20.85
2020-07-03,VIVT3,48.92
2020-07-03,VIVT4,48.85
2020-07-03,VVAR3,15.55
2020-07-03,WEGE3,54.0
2020-07-03,YDUQ3,34.48
2020-07-06,ABEV3,14.36
2020-07-06,ALPA4,29.58
2020-07-06,ALSO3,30.05
2020-07-06,ARZZ3,50.0
2020-07-06,AZUL4,22.05
2020-07-06,B3SA3,56.52
2020-07-06,BBAS3,34.67
2020-07-06,BBDC3,20.73
2020-07-06,BBDC4,22.65
2020-07-06,BBSE3,28.03
2020-07-06,BEEF3,13.32
2020-07-06,BIDI11,45.75
2020-07-06,BIDI4,15.44
2020-07-06,BPAC11,80.0
2020-07-06,BPAN4,9.36
2020-07-06,BRAP4,36.46
2020-07-06,BRDT3,22.48
2020-07-06,BRFS3,21.15
2020-07-06,BRKM5,24.13
2020-07-06,BRML3,10.93
2020-07-06,BTOW3,118.25
2020-07-06,CCRO3,15.4
2020-07-06,CEAB3,11.16
2020-07-06,CIEL3,4.83
2020-07-06,CMIG4,11.36
2020-07-06,COGN3,7.6
2020-07-06,CPFE3,31.49
2020-07-06,CPLE3,60.16
2020-07-06,CPLE6,62.59
2020-07-06,CRFB3,20.06
2020-07-06,CSAN3,76.78
2020-07-06,CSMG3,58.3
2020-07-06,CSNA3,11.2
2020-07-06,CVCB3,21.79
2020-07-06,CYRE3,25.6
2020-07-06,DIRR3,16.6
2020-07-06,ECOR3,14.64
2020-07-06,EGIE3,44.56
2020-07-06,ELET3,32.81
2020-07-06,ELET6,33.76
2020-07-06,EMBR3,8.47
2020-07-06,ENBR3,17.96
2020-07-06,ENEV3,47.35
2020-07-06,ENGI11,47.25
2020-07-06,EQTL3,24.15
2020-07-06,EZTC3,42.37
2020-07-06,FLRY3,24.98
2020-07-06,GGBR4,16.15
2020-07-06,GNDI3,65.96
2020-07-06,GOAU4,7.36
2020-07-06,GOLL4,20.17
2020-07-06,HAPV3,61.0
2020-07-06,HGTX3,15.35
2020-07-06,HYPE3,32.62
2020-07-06,IGTA3,36.1
2020-07-06,IRBR3,9.51
2020-07-06,ITSA4,10.36
2020-07-06,ITUB4,27.73
2020-07-06,JBSS3,22.32
2020-07-06,JHSF3,9.42
2020-07-06,KLBN11,20.64
2020-07-06,LAME4,32.6
2020-07-06,LCAM3,17.75
2020-07-06,LOGG3,33.0
2020-07-06,LREN3,42.52
2020-07-06,LWSA3,46.4
2020-07-06,MGLU3,71.99
2020-07-06,MRFG3,12.62
2020-07-06,MRVE3,19.06
2020-07-06,MULT3,22.8
2020-07-06,NTCO3,40.66
2020-07-06,PCAR3,72.77
2020-07-06,PETR3,23.15
2020-07-06,PETR4,22.51
2020-07-06,POMO4,2.97
2020-07-06,PRIO3,37.16
2020-07-06,PSSA3,52.98
2020-07-06,QUAL3,30.71
2020-07-06,RADL3,114.7
2020-07-06,RAIL3,23.28
2020-07-06,RENT3,43.25
2020-07-06,SANB11,29.83
2020-07-06,SBSP3,59.17
2020-07-06,SLCE3,24.09
2020-07-06,SMLS3,15.08
2020-07-06,SMTO3,21.0
2020-07-06,STBP3,5.89
2020-07-06,SULA11,48.06
2020-07-06,SUZB3,36.9
2020-07-06,TAEE11,28.48
2020-07-06,TEND3,32.9
2020-07-06,TIMP3,15.3
2020-07-06,TOTS3,24.36
2020-07-06,TRPL4,21.74
2020-07-06,UGPA3,18.54
2020-07-06,USIM5,7.61
2020-07-06,VALE3,56.57
2020-07-06,VIVA3,20.95
2020-07-06,VIVT3,48.77
2020-07-06,VIVT4,48.93
2020-07-06,VVAR3,15.96
2020-07-06,WEGE3,53.2
2020-07-06,YDUQ3,34.96
2020-07-07,ABEV3,14.45
2020-07-07,ALPA4,29.65
2020-07-07,ALSO3,29.37
2020-07-07,ARZZ3,50.87
2020-07-07,AZUL4,21.5
2020-07-07,B3SA3,57.17
2020-07-07,BBAS3,33.28
2020-07-07,BBDC3,19.88
2020-07-07,BBDC4,21.71
2020-07-07,BBSE3,27.8
2020-07-07,BEEF3,13.7
2020-07-07,BIDI11,45.0
2020-07-07,BIDI4,15.19
2020-07-07,BPAC11,81.62
2020-07-07,BPAN4,9.2
2020-07-07,BRAP4,36.53
2020-07-07,BRDT3,22.41
2020-07-07,BRFS3,20.5
2020-07-07,BRKM5,23.8
2020-07-07,BRML3,10.74
2020-07-07,BTOW3,117.1
2020-07-07,CCRO3,15.01
2020-07-07,CEAB3,11.57
2020-07-07,CIEL3,4.75
2020-07-07,CMIG4,11.26
2020-07-07,COGN3,7.45
2020-07-07,CPFE3,31.25
2020-07-07,CPLE3,59.25
2020-07-07,CPLE6,61.6
2020-07-07,CRFB3,19.9
2020-07-07,CSAN3,73.5
2020-07-07,CSMG3,57.89
2020-07-07,CSNA3,10.94
2020-07-07,CVCB3,20.28
2020-07-07,CYRE3,25.61
2020-07-07,DIRR3,16.6
2020-07-07,ECOR3,14.36
2020-07-07,EGIE3,43.88
2020-07-07,ELET3,33.5
2020-07-07,ELET6,34.19
2020-07-07,EMBR3,8.2
2020-07-07,ENBR3,17.69
2020-07-07,ENEV3,47.49
2020-07-07,ENGI11,47.58
2020-07-07,EQTL3,24.37
2020-07-07,EZTC3,41.3
2020-07-07,FLRY3,25.74
2020-07-07,GGBR4,15.77
2020-07-07,GNDI3,64.47
2020-07-07,GOAU4,7.26
2020-07-07,GOLL4,20.15
2020-07-07,HAPV3,59.95
2020-07-07,HGTX3,15.06
2020-07-07,HYPE3,32.36
2020-07-07,IGTA3,35.42
2020-07-07,IRBR3,9.51
2020-07-07,ITSA4,9.99
2020-07-07,ITUB4,26.37
2020-07-07,JBSS3,22.95
2020-07-07,JHSF3,9.77
2020-07-07,KLBN11,20.59
2020-07-07,LAME4,31.75
2020-07-07,LCAM3,18.0
2020-07-07,LOGG3,33.82
2020-07-07,LREN3,42.74
2020-07-07,LWSA3,43.99
2020-07-07,MGLU3,74.72
2020-07-07,MRFG3,13.62
2020-07-07,MRVE3,19.33
2020-07-07,MULT3,22.4
2020-07-07,NTCO3,39.91
2020-07-07,PCAR3,70.9
2020-07-07,PETR3,22.76
2020-07-07,PETR4,22.23
2020-07-07,POMO4,3.01
2020-07-07,PRIO3,37.15
2020-07-07,PSSA3,52.24
2020-07-07,QUAL3,30.18
2020-07-07,RADL3,112.74
2020-07-07,RAIL3,23.2
2020-07-07,RENT3,44.01
2020-07-07,SANB11,28.53
2020-07-07,SBSP3,57.69
2020-07-07,SLCE3,24.08
2020-07-07,SMLS3,14.94
2020-07-07,SMTO3,21.18
2020-07-07,STBP3,5.77
2020-07-07,SULA11,47.52
2020-07-07,SUZB3,36.19
2020-07-07,TAEE11,28.46
2020-07-07,TEND3,32.96
2020-07-07,TIMP3,14.93
2020-07-07,TOTS3,24.52
2020-07-07,TRPL4,21.0
2020-07-07,UGPA3,18.04
2020-07-07,USIM5,7.45
2020-07-07,VALE3,56.37
2020-07-07,VIVA3,21.0
2020-07-07,VIVT3,48.49
2020-07-07,VIVT4,48.38
2020-07-07,VVAR3,15.86
2020-07-07,WEGE3,53.91
2020-07-07,YDUQ3,34.4
2020-07-08,ABEV3,14.71
2020-07-08,ALPA4,30.42
2020-07-08,ALSO3,29.5
2020-07-08,ARZZ3,51.93
2020-07-08,AZUL4,21.53
2020-07-08,B3SA3,60.65
2020-07-08,BBAS3,34.09
2020-07-08,BBDC3,20.56
2020-07-08,BBDC4,22.45
2020-07-08,BBSE3,28.34
2020-07-08,BEEF3,13.59
2020-07-08,BIDI11,46.2
2020-07-08,BIDI4,15.76
2020-07-08,BPAC11,85.0
2020-07-08,BPAN4,9.41
2020-07-08,BRAP4,37.17
2020-07-08,BRDT3,22.96
2020-07-08,BRFS3,20.91
2020-07-08,BRKM5,25.35
2020-07-08,BRML3,10.87
2020-07-08,BTOW3,115.41
2020-07-08,CCRO3,15.22
2020-07-08,CEAB3,11.12
2020-07-08,CIEL3,5.0
2020-07-08,CMIG4,11.5
2020-07-08,COGN3,7.66
2020-07-08,CPFE3,30.91
2020-07-08,CPLE3,59.98
2020-07-08,CPLE6,62.62
2020-07-08,CRFB3,20.7
2020-07-08,CSAN3,75.24
2020-07-08,CSMG3,58.27
2020-07-08,CSNA3,11.36
2020-07-08,CVCB3,19.05
2020-07-08,CYRE3,26.74
2020-07-08,DIRR3,17.28
2020-07-08,ECOR3,14.9
2020-07-08,EGIE3,43.51
2020-07-08,ELET3,33.85
2020-07-08,ELET6,34.6
2020-07-08,EMBR3,8.18
2020-07-08,ENBR3,17.95
2020-07-08,ENEV3,48.38
2020-07-08,ENGI11,48.0
2020-07-08,EQTL3,24.53
2020-07-08,EZTC3,42.08
2020-07-08,FLRY3,26.27
2020-07-08,GGBR4,15.96
2020-07-08,GNDI3,64.59
2020-07-08,GOAU4,7.37
2020-07-08,GOLL4,19.84
2020-07-08,HAPV3,60.72
2020-07-08,HGTX3,15.22
2020-07-08,HYPE3,32.54
2020-07-08,IGTA3,35.5
2020-07-08,IRBR3,9.32
2020-07-08,ITSA4,10.17
2020-07-08,ITUB4,26.94
2020-07-08,JBSS3,22.62
2020-07-08,JHSF3,9.54
2020-07-08,KLBN11,21.0
2020-07-08,LAME4,32.12
2020-07-08,LCAM3,18.08
2020-07-08,LOGG3,35.1
2020-07-08,LREN3,43.6
2020-07-08,LWSA3,45.68
2020-07-08,MGLU3,76.7
2020-07-08,MRFG3,13.31
2020-07-08,MRVE3,20.2
2020-07-08,MULT3,22.85
2020-07-08,NTCO3,42.32
2020-07-08,PCAR3,72.3
2020-07-08,PETR3,23.32
2020-07-08,PETR4,22.65
2020-07-08,POMO4,2.99
2020-07-08,PRIO3,36.65
2020-07-08,PSSA3,52.48
2020-07-08,QUAL3,30.75
2020-07-08,RADL3,112.49
2020-07-08,RAIL3,23.13
2020-07-08,RENT3,44.42
2020-07-08,SANB11,29.5
2020-07-08,SBSP3,58.75
2020-07-08,SLCE3,24.9
2020-07-08,SMLS3,14.72
2020-07-08,SMTO3,21.21
2020-07-08,STBP3,5.8
2020-07-08,SULA11,47.44
2020-07-08,SUZB3,36.15
2020-07-08,TAEE11,28.86
2020-07-08,TEND3,34.22
2020-07-08,TIMP3,15.26
2020-07-08,TOTS3,24.32
2020-07-08,TRPL4,21.19
2020-07-08,UGPA3,18.77
2020-07-08,USIM5,7.7
2020-07-08,VALE3,57.32
2020-07-08,VIVA3,22.44
2020-07-08,VIVT3,48.8
2020-07-08,VIVT4,48.88
2020-07-08,VVAR3,16.37
2020-07-08,WEGE3,54.3
2020-07-08,YDUQ3,34.55
2020-07-09,ABEV3,14.64
2020-07-09,ALPA4,30.11
2020-07-09,ALSO3,30.0
2020-07-09,ARZZ3,52.1
2020-07-09,AZUL4,20.9
2020-07-09,B3SA3,58.89
2020-07-09,BBAS3,33.96
2020-07-09,BBDC3,20.3
2020-07-09,BBDC4,21.95
2020-07-09,BBSE3,28.05
2020-07-09,BEEF3,13.26
2020-07-09,BIDI11,46.12
2020-07-09,BIDI4,15.85
2020-07-09,BPAC11,83.2
2020-07-09,BPAN4,9.3
2020-07-09,BRAP4,36.82
2020-07-09,BRDT3,22.8
2020-07-09,BRFS3,20.7
2020-07-09,BRKM5,23.57
2020-07-09,BRML3,11.03
2020-07-09,BTOW3,120.18
2020-07-09,CCRO3,14.47
2020-07-09,CEAB3,11.01
2020-07-09,CIEL3,4.9
2020-07-09,CMIG4,11.57
2020-07-09,COGN3,7.78
2020-07-09,CPFE3,30.26
2020-07-09,CPLE3,59.74
2020-07-09,CPLE6,61.35
2020-07-09,CRFB3,20.15
2020-07-09,CSAN3,73.75
2020-07-09,CSMG3,58.1
2020-07-09,CSNA3,11.08
2020-07-09,CVCB3,19.3
2020-07-09,CYRE3,26.9
2020-07-09,DIRR3,17.64
2020-07-09,ECOR3,14.41
2020-07-09,EGIE3,43.28
2020-07-09,ELET3,36.76
2020-07-09,ELET6,37.85
2020-07-09,EMBR3,7.99
2020-07-09,ENBR3,17.76
2020-07-09,ENEV3,48.06
2020-07-09,ENGI11,47.74
2020-07-09,EQTL3,24.02
2020-07-09,EZTC3,42.11
2020-07-09,FLRY3,25.7
2020-07-09,GGBR4,16.05
2020-07-09,GNDI3,64.91
2020-07-09,GOAU4,7.33
2020-07-09,GOLL4,19.71
2020-07-09,HAPV3,59.93
2020-07-09,HGTX3,15.18
2020-07-09,HYPE3,32.33
2020-07-09,IGTA3,36.07
2020-07-09,IRBR3,9.3
2020-07-09,ITSA4,10.2
2020-07-09,ITUB4,26.95
2020-07-09,JBSS3,22.24
2020-07-09,JHSF3,9.44
2020-07-09,KLBN11,20.64
2020-07-09,LAME4,35.37
2020-07-09,LCAM3,17.99
2020-07-09,LOGG3,35.0
2020-07-09,LREN3,44.11
2020-07-09,LWSA3,46.93
2020-07-09,MGLU3,79.4
2020-07-09,MRFG3,13.08
2020-07-09,MRVE3,20.31
2020-07-09,MULT3,23.37
2020-07-09,NTCO3,42.15
2020-07-09,PCAR3,71.53
2020-07-09,PETR3,22.65
2020-07-09,PETR4,22.14
2020-07-09,POMO4,3.02
2020-07-09,PRIO3,36.64
2020-07-09,PSSA3,53.52
2020-07-09,QUAL3,30.42
2020-07-09,RADL3,112.5
2020-07-09,RAIL3,22.85
2020-07-09,RENT3,43.33
2020-07-09,SANB11,29.0
2020-07-09,SBSP3,58.15
2020-07-09,SLCE3,24.55
2020-07-09,SMLS3,14.91
2020-07-09,SMTO3,20.5
2020-07-09,STBP3,5.73
2020-07-09,SULA11,47.0
2020-07-09,SUZB3,36.47
2020-07-09,TAEE11,28.55
2020-07-09,TEND3,33.95
2020-07-09,TIMP3,14.72
2020-07-09,TOTS3,25.09
2020-07-09,TRPL4,20.9
2020-07-09,UGPA3,18.59
2020-07-09,USIM5,7.47
2020-07-09,VALE3,56.42
2020-07-09,VIVA3,22.24
2020-07-09,VIVT3,49.88
2020-07-09,VIVT4,49.75
2020-07-09,VVAR3,17.55
2020-07-09,WEGE3,54.46
2020-07-09,YDUQ3,34.58
2020-07-10,ABEV3,14.85
2020-07-10,ALPA4,29.79
2020-07-10,ALSO3,30.45
2020-07-10,ARZZ3,52.3
2020-07-10,AZUL4,21.91
2020-07-10,B3SA3,59.95
2020-07-10,BBAS3,34.14
2020-07-10,BBDC3,20.45
2020-07-10,BBDC4,22.27
2020-07-10,BBSE3,27.72
2020-07-10,BEEF3,13.44
2020-07-10,BIDI11,50.4
2020-07-10,BIDI4,17.33
2020-07-10,BPAC11,85.4
2020-07-10,BPAN4,9.35
2020-07-10,BRAP4,37.56
2020-07-10,BRDT3,22.61
2020-07-10,BRFS3,20.6
2020-07-10,BRKM5,23.6
2020-07-10,BRML3,11.27
2020-07-10,BTOW3,120.24
2020-07-10,CCRO3,14.5
2020-07-10,CEAB3,11.57
2020-07-10,CIEL3,4.91
2020-07-10,CMIG4,11.52
2020-07-10,COGN3,8.64
2020-07-10,CPFE3,30.34
2020-07-10,CPLE3,58.82
2020-07-10,CPLE6,60.52
2020-07-10,CRFB3,20.2
2020-07-10,CSAN3,74.4
2020-07-10,CSMG3,58.03
2020-07-10,CSNA3,11.23
2020-07-10,CVCB3,22.0
2020-07-10,CYRE3,28.03
2020-07-10,DIRR3,17.46
2020-07-10,ECOR3,14.29
2020-07-10,EGIE3,42.94
2020-07-10,ELET3,36.27
2020-07-10,ELET6,37.09
2020-07-10,EMBR3,8.06
2020-07-10,ENBR3,17.72
2020-07-10,ENEV3,47.77
2020-07-10,ENGI11,47.57
2020-07-10,EQTL3,24.44
2020-07-10,EZTC3,42.39
2020-07-10,FLRY3,25.44
2020-07-10,GGBR4,16.1
2020-07-10,GNDI3,63.75
2020-07-10,GOAU4,7.32
2020-07-10,GOLL4,20.9
2020-07-10,HAPV3,60.47
2020-07-10,HGTX3,16.14
2020-07-10,HYPE3,32.31
2020-07-10,IGTA3,36.54
2020-07-10,IRBR3,9.2
2020-07-10,ITSA4,10.23
2020-07-10,ITUB4,27.2
2020-07-10,JBSS3,22.84
2020-07-10,JHSF3,9.44
2020-07-10,KLBN11,20.45
2020-07-10,LAME4,35.16
2020-07-10,LCAM3,18.1
2020-07-10,LOGG3,35.31
2020-07-10,LREN3,44.41
2020-07-10,LWSA3,48.31
2020-07-10,MGLU3,80.18
2020-07-10,MRFG3,13.28
2020-07-10,MRVE3,21.57
2020-07-10,MULT3,23.4
2020-07-10,NTCO3,42.03
2020-07-10,PCAR3,70.7
2020-07-10,PETR3,23.0
2020-07-10,PETR4,22.51
2020-07-10,POMO4,2.99
2020-07-10,PRIO3,36.12
2020-07-10,PSSA3,53.36
2020-07-10,QUAL3,29.65
2020-07-10,RADL3,110.6
2020-07-10,RAIL3,22.84
2020-07-10,RENT3,43.54
2020-07-10,SANB11,29.03
2020-07-10,SBSP3,58.72
2020-07-10,SLCE3,24.9
2020-07-10,SMLS3,15.19
2020-07-10,SMTO3,20.39
2020-07-10,STBP3,5.74
2020-07-10,SULA11,48.0
2020-07-10,SUZB3,36.68
2020-07-10,TAEE11,28.49
2020-07-10,TEND3,35.08
2020-07-10,TIMP3,14.91
2020-07-10,TOTS3,25.07
2020-07-10,TRPL4,20.95
2020-07-10,UGPA3,18.51
2020-07-10,USIM5,7.43
2020-07-10,VALE3,56.97
2020-07-10,VIVA3,22.22
2020-07-10,VIVT3,48.99
2020-07-10,VIVT4,48.85
2020-07-10,VVAR3,17.62
2020-07-10,WEGE3,54.7
2020-07-10,YDUQ3,35.55
2020-07-13,ABEV3,14.0
2020-07-13,ALPA4,29.0
2020-07-13,ALSO3,29.22
2020-07-13,ARZZ3,52.97
2020-07-13,AZUL4,21.16
2020-07-13,B3SA3,59.89
2020-07-13,BBAS3,33.8
2020-07-13,BBDC3,20.04
2020-07-13,BBDC4,21.96
2020-07-13,BBSE3,27.38
2020-07-13,BEEF3,13.06
2020-07-13,BIDI11,49.0
2020-07-13,BIDI4,16.49
2020-07-13,BPAC11,84.52
2020-07-13,BPAN4,9.98
2020-07-13,BRAP4,38.15
2020-07-13,BRDT3,22.0
2020-07-13,BRFS3,20.08
2020-07-13,BRKM5,23.24
2020-07-13,BRML3,10.81
2020-07-13,BTOW3,117.0
2020-07-13,CCRO3,14.23
2020-07-13,CEAB3,11.46
2020-07-13,CIEL3,4.98
2020-07-13,CMIG4,11.67
2020-07-13,COGN3,8.68
2020-07-13,CPFE3,29.92
2020-07-13,CPLE3,57.99
2020-07-13,CPLE6,59.83
2020-07-13,CRFB3,19.85
2020-07-13,CSAN3,73.18
2020-07-13,CSMG3,57.77
2020-07-13,CSNA3,11.67
2020-07-13,CVCB3,22.52
2020-07-13,CYRE3,26.54
2020-07-13,DIRR3,17.31
2020-07-13,ECOR3,13.85
2020-07-13,EGIE3,44.0
2020-07-13,ELET3,35.11
2020-07-13,ELET6,36.23
2020-07-13,EMBR3,8.16
2020-07-13,ENBR3,17.62
2020-07-13,ENEV3,47.8
2020-07-13,ENGI11,46.31
2020-07-13,EQTL3,23.9
2020-07-13,EZTC3,40.47
2020-07-13,FLRY3,25.63
2020-07-13,GGBR4,16.26
2020-07-13,GNDI3,61.7
2020-07-13,GOAU4,7.41
2020-07-13,GOLL4,20.17
2020-07-13,HAPV3,58.96
2020-07-13,HGTX3,15.56
2020-07-13,HYPE3,32.1
2020-07-13,IGTA3,35.38
2020-07-13,IRBR3,9.72
2020-07-13,ITSA4,10.04
2020-07-13,ITUB4,26.8
2020-07-13,JBSS3,22.24
2020-07-13,JHSF3,9.45
2020-07-13,KLBN11,20.02
2020-07-13,LAME4,34.15
2020-07-13,LCAM3,17.75
2020-07-13,LOGG3,34.64
2020-07-13,LREN3,42.77
2020-07-13,LWSA3,47.55
2020-07-13,MGLU3,80.5
2020-07-13,MRFG3,13.0
2020-07-13,MRVE3,21.0
2020-07-13,MULT3,22.92
2020-07-13,NTCO3,39.9
2020-07-13,PCAR3,68.57
2020-07-13,PETR3,22.85
2020-07-13,PETR4,22.16
2020-07-13,POMO4,2.96
2020-07-13,PRIO3,38.64
2020-07-13,PSSA3,54.65
2020-07-13,QUAL3,29.79
2020-07-13,RADL3,109.53
2020-07-13,RAIL3,22.23
2020-07-13,RENT3,42.1
2020-07-13,SANB11,28.39
2020-07-13,SBSP3,56.86
2020-07-13,SLCE3,24.29
2020-07-13,SMLS3,14.77
2020-07-13,SMTO3,20.31
2020-07-13,STBP3,5.67
2020-07-13,SULA11,46.98
2020-07-13,SUZB3,36.06
2020-07-13,TAEE11,28.45
2020-07-13,TEND3,34.19
2020-07-13,TIMP3,14.79
2020-07-13,TOTS3,24.67
2020-07-13,TRPL4,20.72
2020-07-13,UGPA3,17.7
2020-07-13,USIM5,7.39
2020-07-13,VALE3,57.65
2020-07-13,VIVA3,21.67
2020-07-13,VIVT3,48.36
2020-07-13,VIVT4,48.02
2020-07-13,VVAR3,17.65
2020-07-13,WEGE3,54.94
2020-07-13,YDUQ3,33.98
2020-07-14,ABEV3,13.91
2020-07-14,ALPA4,29.79
2020-07-14,ALSO3,29.69
2020-07-14,ARZZ3,52.5
2020-07-14,AZUL4,21.75
2020-07-14,B3SA3,61.14
2020-07-14,BBAS3,34.35
2020-07-14,BBDC3,20.32
2020-07-14,BBDC4,22.33
2020-07-14,BBSE3,27.31
2020-07-14,BEEF3,13.54
2020-07-14,BIDI11,49.58
2020-07-14,BIDI4,16.53
2020-07-14,BPAC11,83.67
2020-07-14,BPAN4,9.78
2020-07-14,BRAP4,40.72
2020-07-14,BRDT3,22.74
2020-07-14,BRFS3,20.1
2020-07-14,BRKM5,23.7
2020-07-14,BRML3,10.85
2020-07-14,BTOW3,115.69
2020-07-14,CCRO3,14.27
2020-07-14,CEAB3,11.2
2020-07-14,CIEL3,4.9
2020-07-14,CMIG4,11.41
2020-07-14,COGN3,8.62
2020-07-14,CPFE3,30.39
2020-07-14,CPLE3,57.96
2020-07-14,CPLE6,59.85
2020-07-14,CRFB3,19.89
2020-07-14,CSAN3,74.51
2020-07-14,CSMG3,56.5
2020-07-14,CSNA3,12.19
2020-07-14,CVCB3,22.7
2020-07-14,CYRE3,26.88
2020-07-14,DIRR3,17.47
2020-07-14,ECOR3,14.03
2020-07-14,EGIE3,43.39
2020-07-14,ELET3,34.8
2020-07-14,ELET6,36.13
2020-07-14,EMBR3,8.01
2020-07-14,ENBR3,17.48
2020-07-14,ENEV3,49.16
2020-07-14,ENGI11,46.4
2020-07-14,EQTL3,23.7
2020-07-14,EZTC3,40.91
2020-07-14,FLRY3,25.63
2020-07-14,GGBR4,16.6
2020-07-14,GNDI3,64.11
2020-07-14,GOAU4,7.63
2020-07-14,GOLL4,20.52
2020-07-14,HAPV3,59.89
2020-07-14,HGTX3,15.32
2020-07-14,HYPE3,31.7
2020-07-14,IGTA3,35.3
2020-07-14,IRBR3,9.3
2020-07-14,ITSA4,10.16
2020-07-14,ITUB4,27.25
2020-07-14,JBSS3,22.01
2020-07-14,JHSF3,9.75
2020-07-14,KLBN11,20.4
2020-07-14,LAME4,34.65
2020-07-14,LCAM3,17.92
2020-07-14,LOGG3,35.36
2020-07-14,LREN3,41.91
2020-07-14,LWSA3,47.14
2020-07-14,MGLU3,80.5
2020-07-14,MRFG3,12.87
2020-07-14,MRVE3,20.86
2020-07-14,MULT3,22.87
2020-07-14,NTCO3,39.68
2020-07-14,PCAR3,69.87
2020-07-14,PETR3,23.64
2020-07-14,PETR4,22.9
2020-07-14,POMO4,2.98
2020-07-14,PRIO3,39.87
2020-07-14,PSSA3,54.15
2020-07-14,QUAL3,29.2
2020-07-14,RADL3,110.15
2020-07-14,RAIL3,22.24
2020-07-14,RENT3,43.9
2020-07-14,SANB11,28.8
2020-07-14,SBSP3,56.8
2020-07-14,SLCE3,23.9
2020-07-14,SMLS3,14.49
2020-07-14,SMTO3,20.46
2020-07-14,STBP3,5.74
2020-07-14,SULA11,47.61
2020-07-14,SUZB3,36.66
2020-07-14,TAEE11,28.29
2020-07-14,TEND3,34.98
2020-07-14,TIMP3,14.82
2020-07-14,TOTS3,24.68
2020-07-14,TRPL4,20.85
2020-07-14,UGPA3,18.84
2020-07-14,USIM5,7.52
2020-07-14,VALE3,61.7
2020-07-14,VIVA3,21.8
2020-07-14,VIVT3,47.9
2020-07-14,VIVT4,47.99
2020-07-14,VVAR3,17.75
2020-07-14,WEGE3,53.99
2020-07-14,YDUQ3,34.5
2020-07-15,ABEV3,14.29
2020-07-15,ALPA4,28.86
2020-07-15,ALSO3,29.46
2020-07-15,ARZZ3,52.96
2020-07-15,AZUL4,22.73
2020-07-15,B3SA3,61.89
2020-07-15,BBAS3,34.69
2020-07-15,BBDC3,20.74
2020-07-15,BBDC4,22.7
2020-07-15,BBSE3,27.56
2020-07-15,BEEF3,14.22
2020-07-15,BIDI11,49.79
2020-07-15,BIDI4,16.75
2020-07-15,BPAC11,83.98
2020-07-15,BPAN4,10.04
2020-07-15,BRAP4,40.72
2020-07-15,BRDT3,22.81
2020-07-15,BRFS3,20.31
2020-07-15,BRKM5,24.11
2020-07-15,BRML3,11.05
2020-07-15,BTOW3,113.99
2020-07-15,CCRO3,14.35
2020-07-15,CEAB3,11.13
2020-07-15,CIEL3,4.9
2020-07-15,CMIG4,11.45
2020-07-15,COGN3,8.75
2020-07-15,CPFE3,30.8
2020-07-15,CPLE3,59.41
2020-07-15,CPLE6,61.81
2020-07-15,CRFB3,19.67
2020-07-15,CSAN3,77.4
2020-07-15,CSMG3,58.98
2020-07-15,CSNA3,11.93
2020-07-15,CVCB3,21.7
2020-07-15,CYRE3,26.69
2020-07-15,DIRR3,17.58
2020-07-15,ECOR3,14.05
2020-07-15,EGIE3,43.21
2020-07-15,ELET3,35.95
2020-07-15,ELET6,37.6
2020-07-15,EMBR3,8.8
2020-07-15,ENBR3,17.71
2020-07-15,ENEV3,49.5
2020-07-15,ENGI11,46.58
2020-07-15,EQTL3,24.4
2020-07-15,EZTC3,39.96
2020-07-15,FLRY3,26.37
2020-07-15,GGBR4,16.55
2020-07-15,GNDI3,64.28
2020-07-15,GOAU4,7.66
2020-07-15,GOLL4,21.95
2020-07-15,HAPV3,60.63
2020-07-15,HGTX3,15.2
2020-07-15,HYPE3,31.77
2020-07-15,IGTA3,35.7
2020-07-15,IRBR3,9.14
2020-07-15,ITSA4,10.27
2020-07-15,ITUB4,27.44
2020-07-15,JBSS3,22.15
2020-07-15,JHSF3,10.51
2020-07-15,KLBN11,20.96
2020-07-15,LAME4,35.3
2020-07-15,LCAM3,18.04
2020-07-15,LOGG3,34.81
2020-07-15,LREN3,41.58
2020-07-15,LWSA3,45.9
2020-07-15,MGLU3,81.5
2020-07-15,MRFG3,13.32
2020-07-15,MRVE3,20.44
2020-07-15,MULT3,22.75
2020-07-15,NTCO3,40.55
2020-07-15,PCAR3,70.32
2020-07-15,PETR3,24.2
2020-07-15,PETR4,23.34
2020-07-15,POMO4,2.98
2020-07-15,PRIO3,40.13
2020-07-15,PSSA3,54.53
2020-07-15,QUAL3,29.8
2020-07-15,RADL3,112.37
2020-07-15,RAIL3,22.64
2020-07-15,RENT3,44.74
2020-07-15,SANB11,29.4
2020-07-15,SBSP3,61.38
2020-07-15,SLCE3,24.1
2020-07-15,SMLS3,15.36
2020-07-15,SMTO3,21.26
2020-07-15,STBP3,5.78
2020-07-15,SULA11,46.9
2020-07-15,SUZB3,38.85
2020-07-15,TAEE11,28.32
2020-07-15,TEND3,33.94
2020-07-15,TIMP3,15.16
2020-07-15,TOTS3,25.0
2020-07-15,TRPL4,21.07
2020-07-15,UGPA3,19.28
2020-07-15,USIM5,7.51
2020-07-15,VALE3,61.79
2020-07-15,VIVA3,22.15
2020-07-15,VIVT3,48.7
2020-07-15,VIVT4,48.42
2020-07-15,VVAR3,18.45
2020-07-15,WEGE3,54.35
2020-07-15,YDUQ3,34.0
2020-07-16,ABEV3,14.05
2020-07-16,ALPA4,29.15
2020-07-16,ALSO3,29.31
2020-07-16,ARZZ3,53.5
2020-07-16,AZUL4,22.05
2020-07-16,B3SA3,61.5
2020-07-16,BBAS3,34.4
2020-07-16,BBDC3,20.4
2020-07-16,BBDC4,22.3
2020-07-16,BBSE3,27.4
2020-07-16,BEEF3,13.65
2020-07-16,BIDI11,50.44
2020-07-16,BIDI4,16.89
2020-07-16,BPAC11,86.03
2020-07-16,BPAN4,10.08
2020-07-16,BRAP4,39.98
2020-07-16,BRDT3,22.34
2020-07-16,BRFS3,20.15
2020-07-16,BRKM5,24.24
2020-07-16,BRML3,11.01
2020-07-16,BTOW3,110.61
2020-07-16,CCRO3,14.38
2020-07-16,CEAB3,11.18
2020-07-16,CIEL3,4.82
2020-07-16,CMIG4,11.25
2020-07-16,COGN3,9.19
2020-07-16,CPFE3,30.24
2020-07-16,CPLE3,60.0
2020-07-16,CPLE6,61.1
2020-07-16,CRFB3,19.44
2020-07-16,CSAN3,77.73
2020-07-16,CSMG3,56.42
2020-07-16,CSNA3,11.69
2020-07-16,CVCB3,22.2
2020-07-16,CYRE3,26.15
2020-07-16,DIRR3,17.2
2020-07-16,ECOR3,13.65
2020-07-16,EGIE3,43.19
2020-07-16,ELET3,35.33
2020-07-16,ELET6,36.49
2020-07-16,EMBR3,8.26
2020-07-16,ENBR3,17.56
2020-07-16,ENEV3,50.66
2020-07-16,ENGI11,46.32
2020-07-16,EQTL3,24.38
2020-07-16,EZTC3,40.47
2020-07-16,FLRY3,25.81
2020-07-16,GGBR4,16.24
2020-07-16,GNDI3,63.03
2020-07-16,GOAU4,7.55
2020-07-16,GOLL4,21.03
2020-07-16,HAPV3,60.87
2020-07-16,HGTX3,15.4
2020-07-16,HYPE3,32.45
2020-07-16,IGTA3,35.36
2020-07-16,IRBR3,8.95
2020-07-16,ITSA4,10.15
2020-07-16,ITUB4,26.98
2020-07-16,JBSS3,21.42
2020-07-16,JHSF3,10.07
2020-07-16,KLBN11,20.68
2020-07-16,LAME4,34.72
2020-07-16,LCAM3,17.91
2020-07-16,LOGG3,34.8
2020-07-16,LREN3,41.54
2020-07-16,LWSA3,44.8
2020-07-16,MGLU3,80.18
2020-07-16,MRFG3,13.44
2020-07-16,MRVE3,20.7
2020-07-16,MULT3,22.53
2020-07-16,NTCO3,40.44
2020-07-16,PCAR3,69.57
2020-07-16,PETR3,23.63
2020-07-16,PETR4,22.72
2020-07-16,POMO4,2.95
2020-07-16,PRIO3,39.67
2020-07-16,PSSA3,54.51
2020-07-16,QUAL3,29.11
2020-07-16,RADL3,112.0
2020-07-16,RAIL3,22.65
2020-07-16,RENT3,44.59
2020-07-16,SANB11,29.25
2020-07-16,SBSP3,60.0
2020-07-16,SLCE3,23.93
2020-07-16,SMLS3,15.49
2020-07-16,SMTO3,20.76
2020-07-16,STBP3,5.72
2020-07-16,SULA11,46.58
2020-07-16,SUZB3,38.73
2020-07-16,TAEE11,28.12
2020-07-16,TEND3,34.14
2020-07-16,TIMP3,15.55
2020-07-16,TOTS3,25.14
2020-07-16,TRPL4,21.07
2020-07-16,UGPA3,19.34
2020-07-16,USIM5,7.39
2020-07-16,VALE3,60.12
2020-07-16,VIVA3,22.06
2020-07-16,VIVT3,49.9
2020-07-16,VIVT4,49.75
2020-07-16,VVAR3,19.0
2020-07-16,WEGE3,54.55
2020-07-16,YDUQ3,34.0
2020-07-17,ABEV3,14.16
2020-07-17,ALPA4,29.0
2020-07-17,ALSO3,30.49
2020-07-17,ARZZ3,52.55
2020-07-17,AZUL4,21.8
2020-07-17,B3SA3,63.89
2020-07-17,BBAS3,35.46
2020-07-17,BBDC3,20.79
2020-07-17,BBDC4,22.41
2020-07-17,BBSE3,27.55
2020-07-17,BEEF3,14.22
2020-07-17,BIDI11,50.8
2020-07-17,BIDI4,17.09
2020-07-17,BPAC11,89.03
2020-07-17,BPAN4,9.97
2020-07-17,BRAP4,40.79
2020-07-17,BRDT3,23.75
2020-07-17,BRFS3,20.68
2020-07-17,BRKM5,25.08
2020-07-17,BRML3,11.33
2020-07-17,BTOW3,115.48
2020-07-17,CCRO3,14.75
2020-07-17,CEAB3,11.11
2020-07-17,CIEL3,5.26
2020-07-17,CMIG4,11.33
2020-07-17,COGN3,9.35
2020-07-17,CPFE3,30.65
2020-07-17,CPLE3,62.87
2020-07-17,CPLE6,63.67
2020-07-17,CRFB3,20.22
2020-07-17,CSAN3,81.73
2020-07-17,CSMG3,57.29
2020-07-17,CSNA3,11.9
2020-07-17,CVCB3,21.8
2020-07-17,CYRE3,27.61
2020-07-17,DIRR3,17.79
2020-07-17,ECOR3,13.94
2020-07-17,EGIE3,44.0
2020-07-17,ELET3,40.4
2020-07-17,ELET6,40.81
2020-07-17,EMBR3,8.38
2020-07-17,ENBR3,18.08
2020-07-17,ENEV3,50.2
2020-07-17,ENGI11,47.73
2020-07-17,EQTL3,24.81
2020-07-17,EZTC3,39.85
2020-07-17,FLRY3,25.9
2020-07-17,GGBR4,16.31
2020-07-17,GNDI3,67.42
2020-07-17,GOAU4,7.6
2020-07-17,GOLL4,20.8
2020-07-17,HAPV3,63.81
2020-07-17,HGTX3,15.5
2020-07-17,HYPE3,33.7
2020-07-17,IGTA3,35.63
2020-07-17,IRBR3,9.0
2020-07-17,ITSA4,10.27
2020-07-17,ITUB4,27.22
2020-07-17,JBSS3,22.29
2020-07-17,JHSF3,9.9
2020-07-17,KLBN11,20.94
2020-07-17,LAME4,35.4
2020-07-17,LCAM3,19.02
2020-07-17,LOGG3,34.21
2020-07-17,LREN3,42.25
2020-07-17,LWSA3,45.0
2020-07-17,MGLU3,82.0
2020-07-17,MRFG3,14.61
2020-07-17,MRVE3,20.77
2020-07-17,MULT3,22.77
2020-07-17,NTCO3,42.0
2020-07-17,PCAR3,71.1
2020-07-17,PETR3,23.65
2020-07-17,PETR4,22.74
2020-07-17,POMO4,2.98
2020-07-17,PRIO3,39.16
2020-07-17,PSSA3,54.33
2020-07-17,QUAL3,30.66
2020-07-17,RADL3,112.58
2020-07-17,RAIL3,23.47
2020-07-17,RENT3,45.95
2020-07-17,SANB11,29.81
2020-07-17,SBSP3,63.88
2020-07-17,SLCE3,24.07
2020-07-17,SMLS3,15.44
2020-07-17,SMTO3,21.21
2020-07-17,STBP3,5.77
2020-07-17,SULA11,49.02
2020-07-17,SUZB3,39.85
2020-07-17,TAEE11,28.19
2020-07-17,TEND3,34.11
2020-07-17,TIMP3,15.83
2020-07-17,TOTS3,25.71
2020-07-17,TRPL4,20.91
2020-07-17,UGPA3,19.5
2020-07-17,USIM5,7.49
2020-07-17,VALE3,61.04
2020-07-17,VIVA3,22.68
2020-07-17,VIVT3,50.54
2020-07-17,VIVT4,50.39
2020-07-17,VVAR3,19.72
2020-07-17,WEGE3,58.09
2020-07-17,YDUQ3,34.3
2020-07-20,ABEV3,14.12
2020-07-20,ALPA4,29.48
2020-07-20,ALSO3,30.72
2020-07-20,ARZZ3,55.3
2020-07-20,AZUL4,21.59
2020-07-20,B3SA3,67.4
2020-07-20,BBAS3,35.32
2020-07-20,BBDC3,21.05
2020-07-20,BBDC4,22.62
2020-07-20,BBSE3,28.31
2020-07-20,BEEF3,14.34
2020-07-20,BIDI11,51.4
2020-07-20,BIDI4,17.3
2020-07-20,BPAC11,92.5
2020-07-20,BPAN4,9.92
2020-07-20,BRAP4,41.28
2020-07-20,BRDT3,23.51
2020-07-20,BRFS3,21.25
2020-07-20,BRKM5,25.11
2020-07-20,BRML3,11.5
2020-07-20,BTOW3,119.64
2020-07-20,CCRO3,15.0
2020-07-20,CEAB3,11.04
2020-07-20,CIEL3,5.24
2020-07-20,CMIG4,11.64
2020-07-20,COGN3,9.6
2020-07-20,CPFE3,31.14
2020-07-20,CPLE3,62.45
2020-07-20,CPLE6,62.73
2020-07-20,CRFB3,20.33
2020-07-20,CSAN3,84.75
2020-07-20,CSMG3,57.4
2020-07-20,CSNA3,11.87
2020-07-20,CVCB3,21.62
2020-07-20,CYRE3,28.03
2020-07-20,DIRR3,18.0
2020-07-20,ECOR3,14.35
2020-07-20,EGIE3,44.49
2020-07-20,ELET3,40.0
2020-07-20,ELET6,40.4
2020-07-20,EMBR3,8.32
2020-07-20,ENBR3,18.3
2020-07-20,ENEV3,51.27
2020-07-20,ENGI11,47.72
2020-07-20,EQTL3,24.3
2020-07-20,EZTC3,40.33
2020-07-20,FLRY3,25.51
2020-07-20,GGBR4,16.31
2020-07-20,GNDI3,69.11
2020-07-20,GOAU4,7.68
2020-07-20,GOLL4,20.62
2020-07-20,HAPV3,65.78
2020-07-20,HGTX3,15.48
2020-07-20,HYPE3,34.25
2020-07-20,IGTA3,36.2
2020-07-20,IRBR3,8.92
2020-07-20,ITSA4,10.42
2020-07-20,ITUB4,27.3
2020-07-20,JBSS3,22.66
2020-07-20,JHSF3,10.14
2020-07-20,KLBN11,21.27
2020-07-20,LAME4,35.33
2020-07-20,LCAM3,19.42
2020-07-20,LOGG3,35.48
2020-07-20,LREN3,42.75
2020-07-20,LWSA3,46.85
2020-07-20,MGLU3,87.0
2020-07-20,MRFG3,15.1
2020-07-20,MRVE3,21.24
2020-07-20,MULT3,23.19
2020-07-20,NTCO3,43.44
2020-07-20,PCAR3,72.0
2020-07-20,PETR3,23.5
2020-07-20,PETR4,22.74
2020-07-20,POMO4,3.03
2020-07-20,PRIO3,40.12
2020-07-20,PSSA3,54.84
2020-07-20,QUAL3,31.85
2020-07-20,RADL3,115.92
2020-07-20,RAIL3,23.92
2020-07-20,RENT3,46.21
2020-07-20,SANB11,29.85
2020-07-20,SBSP3,62.61
2020-07-20,SLCE3,24.37
2020-07-20,SMLS3,15.63
2020-07-20,SMTO3,21.65
2020-07-20,STBP3,5.99
2020-07-20,SULA11,51.39
2020-07-20,SUZB3,40.24
2020-07-20,TAEE11,28.32
2020-07-20,TEND3,34.04
2020-07-20,TIMP3,16.8
2020-07-20,TOTS3,26.39
2020-07-20,TRPL4,21.3
2020-07-20,UGPA3,19.75
2020-07-20,USIM5,7.46
2020-07-20,VALE3,60.8
2020-07-20,VIVA3,23.92
2020-07-20,VIVT3,53.39
2020-07-20,VIVT4,53.41
2020-07-20,VVAR3,21.17
2020-07-20,WEGE3,60.16
2020-07-20,YDUQ3,35.29
2020-07-21,ABEV3,14.68
2020-07-21,ALPA4,29.35
2020-07-21,ALSO3,31.25
2020-07-21,ARZZ3,54.76
2020-07-21,AZUL4,21.8
2020-07-21,B3SA3,66.13
2020-07-21,BBAS3,35.49
2020-07-21,BBDC3,21.4
2020-07-21,BBDC4,23.23
2020-07-21,BBSE3,28.21
2020-07-21,BEEF3,14.37
2020-07-21,BIDI11,52.73
2020-07-21,BIDI4,17.76
2020-07-21,BPAC11,89.3
2020-07-21,BPAN4,9.96
2020-07-21,BRAP4,40.75
2020-07-21,BRDT3,23.87
2020-07-21,BRFS3,20.89
2020-07-21,BRKM5,24.61
2020-07-21,BRML3,11.49
2020-07-21,BTOW3,119.23
2020-07-21,CCRO3,14.9
2020-07-21,CEAB3,10.78
2020-07-21,CIEL3,5.33
2020-07-21,CMIG4,11.51
2020-07-21,COGN3,9.4
2020-07-21,CPFE3,31.14
2020-07-21,CPLE3,61.35
2020-07-21,CPLE6,61.64
2020-07-21,CRFB3,20.9
2020-07-21,CSAN3,83.63
2020-07-21,CSMG3,56.96
2020-07-21,CSNA3,11.66
2020-07-21,CVCB3,22.65
2020-07-21,CYRE3,27.44
2020-07-21,DIRR3,18.05
2020-07-21,ECOR3,14.04
2020-07-21,EGIE3,43.92
2020-07-21,ELET3,38.76
2020-07-21,ELET6,39.33
2020-07-21,EMBR3,8.5
2020-07-21,ENBR3,17.95
2020-07-21,ENEV3,50.72
2020-07-21,ENGI11,47.17
2020-07-21,EQTL3,24.04
2020-07-21,EZTC3,39.94
2020-07-21,FLRY3,25.25
2020-07-21,GGBR4,16.15
2020-07-21,GNDI3,68.27
2020-07-21,GOAU4,7.57
2020-07-21,GOLL4,20.66
2020-07-21,HAPV3,65.5
2020-07-21,HGTX3,15.38
2020-07-21,HYPE3,33.75
2020-07-21,IGTA3,36.76
2020-07-21,IRBR3,8.52
2020-07-21,ITSA4,10.52
2020-07-21,ITUB4,27.7
2020-07-21,JBSS3,22.27
2020-07-21,JHSF3,9.61
2020-07-21,KLBN11,20.99
2020-07-21,LAME4,35.64
2020-07-21,LCAM3,19.61
2020-07-21,LOGG3,34.8
2020-07-21,LREN3,42.3
2020-07-21,LWSA3,46.5
2020-07-21,MGLU3,84.3
2020-07-21,MRFG3,15.28
2020-07-21,MRVE3,20.66
2020-07-21,MULT3,23.03
2020-07-21,NTCO3,43.37
2020-07-21,PCAR3,76.99
2020-07-21,PETR3,23.99
2020-07-21,PETR4,23.37
2020-07-21,POMO4,3.02
2020-07-21,PRIO3,41.15
2020-07-21,PSSA3,54.93
2020-07-21,QUAL3,29.81
2020-07-21,RADL3,117.12
2020-07-21,RAIL3,23.52
2020-07-21,RENT3,46.89
2020-07-21,SANB11,30.69
2020-07-21,SBSP3,62.15
2020-07-21,SLCE3,24.41
2020-07-21,SMLS3,16.39
2020-07-21,SMTO3,21.79
2020-07-21,STBP3,5.96
2020-07-21,SULA11,50.79
2020-07-21,SUZB3,40.5
2020-07-21,TAEE11,28.24
2020-07-21,TEND3,33.84
2020-07-21,TIMP3,16.6
2020-07-21,TOTS3,26.27
2020-07-21,TRPL4,21.4
2020-07-21,UGPA3,19.8
2020-07-21,USIM5,7.39
2020-07-21,VALE3,59.7
2020-07-21,VIVA3,24.02
2020-07-21,VIVT3,52.7
2020-07-21,VIVT4,52.79
2020-07-21,VVAR3,20.62
2020-07-21,WEGE3,59.88
2020-07-21,YDUQ3,35.0
2020-07-22,ABEV3,14.71
2020-07-22,ALPA4,29.13
2020-07-22,ALSO3,29.65
2020-07-22,ARZZ3,53.89
2020-07-22,AZUL4,21.68
2020-07-22,B3SA3,66.7
2020-07-22,BBAS3,35.2
2020-07-22,BBDC3,21.14
2020-07-22,BBDC4,22.83
2020-07-22,BBSE3,28.33
2020-07-22,BEEF3,14.27
2020-07-22,BIDI11,54.49
2020-07-22,BIDI4,18.26
2020-07-22,BPAC11,89.2
2020-07-22,BPAN4,9.98
2020-07-22,BRAP4,41.4
2020-07-22,BRDT3,23.63
2020-07-22,BRFS3,20.58
2020-07-22,BRKM5,24.22
2020-07-22,BRML3,10.93
2020-07-22,BTOW3,125.55
2020-07-22,CCRO3,14.77
2020-07-22,CEAB3,10.84
2020-07-22,CIEL3,5.52
2020-07-22,CMIG4,12.4
2020-07-22,COGN3,9.39
2020-07-22,CPFE3,31.71
2020-07-22,CPLE3,62.36
2020-07-22,CPLE6,62.58
2020-07-22,CRFB3,20.85
2020-07-22,CSAN3,84.02
2020-07-22,CSMG3,57.3
2020-07-22,CSNA3,11.81
2020-07-22,CVCB3,21.9
2020-07-22,CYRE3,27.34
2020-07-22,DIRR3,17.99
2020-07-22,ECOR3,13.95
2020-07-22,EGIE3,44.41
2020-07-22,ELET3,39.11
2020-07-22,ELET6,39.69
2020-07-22,EMBR3,8.31
2020-07-22,ENBR3,18.11
2020-07-22,ENEV3,51.5
2020-07-22,ENGI11,48.35
2020-07-22,EQTL3,24.3
2020-07-22,EZTC3,40.8
2020-07-22,FLRY3,24.95
2020-07-22,GGBR4,16.74
2020-07-22,GNDI3,69.65
2020-07-22,GOAU4,7.97
2020-07-22,GOLL4,20.0
2020-07-22,HAPV3,65.1
2020-07-22,HGTX3,15.41
2020-07-22,HYPE3,33.59
2020-07-22,IGTA3,35.25
2020-07-22,IRBR3,8.17
2020-07-22,ITSA4,10.52
2020-07-22,ITUB4,27.07
2020-07-22,JBSS3,22.06
2020-07-22,JHSF3,9.49
2020-07-22,KLBN11,21.15
2020-07-22,LAME4,36.6
2020-07-22,LCAM3,19.3
2020-07-22,LOGG3,34.79
2020-07-22,LREN3,42.68
2020-07-22,LWSA3,47.48
2020-07-22,MGLU3,84.65
2020-07-22,MRFG3,15.36
2020-07-22,MRVE3,20.49
2020-07-22,MULT3,22.17
2020-07-22,NTCO3,43.48
2020-07-22,PCAR3,75.87
2020-07-22,PETR3,23.74
2020-07-22,PETR4,23.05
2020-07-22,POMO4,2.98
2020-07-22,PRIO3,40.62
2020-07-22,PSSA3,55.23
2020-07-22,QUAL3,28.1
2020-07-22,RADL3,117.95
2020-07-22,RAIL3,23.22
2020-07-22,RENT3,46.39
2020-07-22,SANB11,29.57
2020-07-22,SBSP3,63.22
2020-07-22,SLCE3,24.49
2020-07-22,SMLS3,15.97
2020-07-22,SMTO3,21.54
2020-07-22,STBP3,5.83
2020-07-22,SULA11,51.18
2020-07-22,SUZB3,39.5
2020-07-22,TAEE11,28.32
2020-07-22,TEND3,33.79
2020-07-22,TIMP3,16.13
2020-07-22,TOTS3,26.3
2020-07-22,TRPL4,21.5
2020-07-22,UGPA3,19.73
2020-07-22,USIM5,7.51
2020-07-22,VALE3,59.24
2020-07-22,VIVA3,23.18
2020-07-22,VIVT3,51.57
2020-07-22,VIVT4,51.5
2020-07-22,VVAR3,21.29
2020-07-22,WEGE3,68.2
2020-07-22,YDUQ3,34.59
2020-07-23,ABEV3,14.4
2020-07-23,ALPA4,29.08
2020-07-23,ALSO3,28.91
2020-07-23,ARZZ3,51.85
2020-07-23,AZUL4,20.95
2020-07-23,B3SA3,65.52
2020-07-23,BBAS3,34.35
2020-07-23,BBDC3,20.88
2020-07-23,BBDC4,22.5
2020-07-23,BBSE3,27.87
2020-07-23,BEEF3,14.0
2020-07-23,BIDI11,53.47
2020-07-23,BIDI4,18.0
2020-07-23,BPAC11,87.4
2020-07-23,BPAN4,9.8
2020-07-23,BRAP4,40.97
2020-07-23,BRDT3,23.16
2020-07-23,BRFS3,20.4
2020-07-23,BRKM5,24.03
2020-07-23,BRML3,10.42
2020-07-23,BTOW3,120.0
2020-07-23,CCRO3,14.6
2020-07-23,CEAB3,10.66
2020-07-23,CIEL3,5.22
2020-07-23,CMIG4,12.14
2020-07-23,COGN3,8.75
2020-07-23,CPFE3,31.59
2020-07-23,CPLE3,63.0
2020-07-23,CPLE6,63.4
2020-07-23,CRFB3,20.5
2020-07-23,CSAN3,82.96
2020-07-23,CSMG3,55.5
2020-07-23,CSNA3,11.65
2020-07-23,CVCB3,21.1
2020-07-23,CYRE3,26.36
2020-07-23,DIRR3,17.28
2020-07-23,ECOR3,13.6
2020-07-23,EGIE3,43.8
2020-07-23,ELET3,38.46
2020-07-23,ELET6,39.24
2020-07-23,EMBR3,8.22
2020-07-23,ENBR3,17.95
2020-07-23,ENEV3,52.17
2020-07-23,ENGI11,48.54
2020-07-23,EQTL3,24.21
2020-07-23,EZTC3,39.49
2020-07-23,FLRY3,24.29
2020-07-23,GGBR4,16.39
2020-07-23,GNDI3,67.21
2020-07-23,GOAU4,7.67
2020-07-23,GOLL4,19.1
2020-07-23,HAPV3,64.31
2020-07-23,HGTX3,14.78
2020-07-23,HYPE3,33.74
2020-07-23,IGTA3,34.24
2020-07-23,IRBR3,7.85
2020-07-23,ITSA4,10.37
2020-07-23,ITUB4,26.5
2020-07-23,JBSS3,22.36
2020-07-23,JHSF3,9.25
2020-07-23,KLBN11,21.36
2020-07-23,LAME4,35.76
2020-07-23,LCAM3,18.26
2020-07-23,LOGG3,33.81
2020-07-23,LREN3,41.07
2020-07-23,LWSA3,45.29
2020-07-23,MGLU3,80.4
2020-07-23,MRFG3,15.16
2020-07-23,MRVE3,19.92
2020-07-23,MULT3,21.81
2020-07-23,NTCO3,42.8
2020-07-23,PCAR3,74.21
2020-07-23,PETR3,23.23
2020-07-23,PETR4,22.57
2020-07-23,POMO4,2.92
2020-07-23,PRIO3,39.5
2020-07-23,PSSA3,54.53
2020-07-23,QUAL3,28.52
2020-07-23,RADL3,114.4
2020-07-23,RAIL3,22.75
2020-07-23,RENT3,45.88
2020-07-23,SANB11,28.96
2020-07-23,SBSP3,61.2
2020-07-23,SLCE3,23.96
2020-07-23,SMLS3,15.11
2020-07-23,SMTO3,21.11
2020-07-23,STBP3,5.64
2020-07-23,SULA11,50.29
2020-07-23,SUZB3,40.74
2020-07-23,TAEE11,28.17
2020-07-23,TEND3,32.59
2020-07-23,TIMP3,14.77
2020-07-23,TOTS3,26.23
2020-07-23,TRPL4,21.24
2020-07-23,UGPA3,19.15
2020-07-23,USIM5,7.31
2020-07-23,VALE3,58.85
2020-07-23,VIVA3,22.4
2020-07-23,VIVT3,49.77
2020-07-23,VIVT4,49.58
2020-07-23,VVAR3,19.8
2020-07-23,WEGE3,66.98
2020-07-23,YDUQ3,34.05
2020-07-24,ABEV3,14.93
2020-07-24,ALPA4,29.1
2020-07-24,ALSO3,28.55
2020-07-24,ARZZ3,51.3
2020-07-24,AZUL4,20.54
2020-07-24,B3SA3,65.35
2020-07-24,BBAS3,33.95
2020-07-24,BBDC3,20.72
2020-07-24,BBDC4,22.64
2020-07-24,BBSE3,28.0
2020-07-24,BEEF3,14.0
2020-07-24,BIDI11,54.49
2020-07-24,BIDI4,18.43
2020-07-24,BPAC11,86.92
2020-07-24,BPAN4,9.47
2020-07-24,BRAP4,41.34
2020-07-24,BRDT3,22.95
2020-07-24,BRFS3,20.33
2020-07-24,BRKM5,24.14
2020-07-24,BRML3,10.3
2020-07-24,BTOW3,121.59
2020-07-24,CCRO3,14.64
2020-07-24,CEAB3,10.45
2020-07-24,CIEL3,5.27
2020-07-24,CMIG4,12.01
2020-07-24,COGN3,8.28
2020-07-24,CPFE3,32.22
2020-07-24,CPLE3,62.7
2020-07-24,CPLE6,63.03
2020-07-24,CRFB3,20.63
2020-07-24,CSAN3,82.44
2020-07-24,CSMG3,55.67
2020-07-24,CSNA3,11.61
2020-07-24,CVCB3,20.64
2020-07-24,CYRE3,25.84
2020-07-24,DIRR3,16.82
2020-07-24,ECOR3,13.72
2020-07-24,EGIE3,44.19
2020-07-24,ELET3,38.1
2020-07-24,ELET6,39.05
2020-07-24,EMBR3,8.02
2020-07-24,ENBR3,18.36
2020-07-24,ENEV3,51.21
2020-07-24,ENGI11,48.0
2020-07-24,EQTL3,24.64
2020-07-24,EZTC3,39.44
2020-07-24,FLRY3,24.43
2020-07-24,GGBR4,17.14
2020-07-24,GNDI3,68.06
2020-07-24,GOAU4,7.89
2020-07-24,GOLL4,18.84
2020-07-24,HAPV3,65.69
2020-07-24,HGTX3,14.62
2020-07-24,HYPE3,34.25
2020-07-24,IGTA3,33.68
2020-07-24,IRBR3,8.34
2020-07-24,ITSA4,10.45
2020-07-24,ITUB4,26.47
2020-07-24,JBSS3,22.07
2020-07-24,JHSF3,9.17
2020-07-24,KLBN11,21.45
2020-07-24,LAME4,35.53
2020-07-24,LCAM3,18.03
2020-07-24,LOGG3,33.67
2020-07-24,LREN3,41.2
2020-07-24,LWSA3,44.0
2020-07-24,MGLU3,79.67
2020-07-24,MRFG3,14.83
2020-07-24,MRVE3,19.48
2020-07-24,MULT3,21.37
2020-07-24,NTCO3,42.6
2020-07-24,PCAR3,74.9
2020-07-24,PETR3,23.33
2020-07-24,PETR4,22.73
2020-07-24,POMO4,2.9
2020-07-24,PRIO3,38.49
2020-07-24,PSSA3,53.64
2020-07-24,QUAL3,28.2
2020-07-24,RADL3,114.15
2020-07-24,RAIL3,22.3
2020-07-24,RENT3,44.7
2020-07-24,SANB11,29.03
2020-07-24,SBSP3,61.54
2020-07-24,SLCE3,23.74
2020-07-24,SMLS3,15.13
2020-07-24,SMTO3,20.96
2020-07-24,STBP3,5.4
2020-07-24,SULA11,51.03
2020-07-24,SUZB3,42.3
2020-07-24,TAEE11,28.36
2020-07-24,TEND3,32.38
2020-07-24,TIMP3,14.41
2020-07-24,TOTS3,26.36
2020-07-24,TRPL4,21.35
2020-07-24,UGPA3,19.15
2020-07-24,USIM5,7.55
2020-07-24,VALE3,58.6
2020-07-24,VIVA3,23.08
2020-07-24,VIVT3,49.4
2020-07-24,VIVT4,49.27
2020-07-24,VVAR3,19.54
2020-07-24,WEGE3,66.71
2020-07-24,YDUQ3,33.45
2020-07-27,ABEV3,15.28
2020-07-27,ALPA4,29.46
2020-07-27,ALSO3,28.39
2020-07-27,ARZZ3,50.8
2020-07-27,AZUL4,20.71
2020-07-27,B3SA3,66.23
2020-07-27,BBAS3,34.91
2020-07-27,BBDC3,21.58
2020-07-27,BBDC4,23.68
2020-07-27,BBSE3,28.49
2020-07-27,BEEF3,14.08
2020-07-27,BIDI11,55.61
2020-07-27,BIDI4,18.95
2020-07-27,BPAC11,87.71
2020-07-27,BPAN4,9.42
2020-07-27,BRAP4,43.64
2020-07-27,BRDT3,22.92
2020-07-27,BRFS3,20.12
2020-07-27,BRKM5,24.04
2020-07-27,BRML3,10.13
2020-07-27,BTOW3,120.5
2020-07-27,CCRO3,14.76
2020-07-27,CEAB3,10.22
2020-07-27,CIEL3,5.24
2020-07-27,CMIG4,12.35
2020-07-27,COGN3,8.33
2020-07-27,CPFE3,33.01
2020-07-27,CPLE3,65.2
2020-07-27,CPLE6,65.1
2020-07-27,CRFB3,21.36
2020-07-27,CSAN3,83.0
2020-07-27,CSMG3,55.28
2020-07-27,CSNA3,12.24
2020-07-27,CVCB3,21.01
2020-07-27,CYRE3,25.98
2020-07-27,DIRR3,16.2
2020-07-27,ECOR3,13.58
2020-07-27,EGIE3,44.37
2020-07-27,ELET3,39.3
2020-07-27,ELET6,39.78
2020-07-27,EMBR3,8.02
2020-07-27,ENBR3,18.49
2020-07-27,ENEV3,50.9
2020-07-27,ENGI11,49.5
2020-07-27,EQTL3,25.01
2020-07-27,EZTC3,39.51
2020-07-27,FLRY3,24.3
2020-07-27,GGBR4,17.84
2020-07-27,GNDI3,67.01
2020-07-27,GOAU4,8.25
2020-07-27,GOLL4,18.52
2020-07-27,HAPV3,64.62
2020-07-27,HGTX3,14.87
2020-07-27,HYPE3,36.25
2020-07-27,IGTA3,33.77
2020-07-27,IRBR3,8.17
2020-07-27,ITSA4,11.02
2020-07-27,ITUB4,27.8
2020-07-27,JBSS3,21.98
2020-07-27,JHSF3,9.23
2020-07-27,KLBN11,21.44
2020-07-27,LAME4,35.07
2020-07-27,LCAM3,18.06
2020-07-27,LOGG3,33.93
2020-07-27,LREN3,40.0
2020-07-27,LWSA3,43.85
2020-07-27,MGLU3,79.35
2020-07-27,MRFG3,14.88
2020-07-27,MRVE3,19.66
2020-07-27,MULT3,21.26
2020-07-27,NTCO3,43.18
2020-07-27,PCAR3,75.3
2020-07-27,PETR3,23.77
2020-07-27,PETR4,23.2
2020-07-27,POMO4,2.88
2020-07-27,PRIO3,40.14
2020-07-27,PSSA3,54.08
2020-07-27,QUAL3,28.6
2020-07-27,RADL3,117.66
2020-07-27,RAIL3,22.73
2020-07-27,RENT3,45.41
2020-07-27,SANB11,29.52
2020-07-27,SBSP3,60.89
2020-07-27,SLCE3,24.0
2020-07-27,SMLS3,14.71
2020-07-27,SMTO3,21.33
2020-07-27,STBP3,5.42
2020-07-27,SULA11,50.0
2020-07-27,SUZB3,41.67
2020-07-27,TAEE11,28.64
2020-07-27,TEND3,32.8
2020-07-27,TIMP3,14.57
2020-07-27,TOTS3,26.24
2020-07-27,TRPL4,21.76
2020-07-27,UGPA3,19.39
2020-07-27,USIM5,8.09
2020-07-27,VALE3,61.37
2020-07-27,VIVA3,22.88
2020-07-27,VIVT3,50.8
2020-07-27,VIVT4,49.75
2020-07-27,VVAR3,18.91
2020-07-27,WEGE3,69.95
2020-07-27,YDUQ3,33.4
2020-07-28,ABEV3,15.09
2020-07-28,ALPA4,28.76
2020-07-28,ALSO3,28.59
2020-07-28,ARZZ3,50.5
2020-07-28,AZUL4,21.52
2020-07-28,B3SA3,65.23
2020-07-28,BBAS3,35.03
2020-07-28,BBDC3,21.42
2020-07-28,BBDC4,23.52
2020-07-28,BBSE3,28.07
2020-07-28,BEEF3,14.74
2020-07-28,BIDI11,56.33
2020-07-28,BIDI4,19.1
2020-07-28,BPAC11,84.87
2020-07-28,BPAN4,9.58
2020-07-28,BRAP4,42.92
2020-07-28,BRDT3,22.87
2020-07-28,BRFS3,21.3
2020-07-28,BRKM5,23.8
2020-07-28,BRML3,10.31
2020-07-28,BTOW3,121.83
2020-07-28,CCRO3,14.45
2020-07-28,CEAB3,10.02
2020-07-28,CIEL3,5.12
2020-07-28,CMIG4,12.39
2020-07-28,COGN3,9.0
2020-07-28,CPFE3,31.2
2020-07-28,CPLE3,65.96
2020-07-28,CPLE6,65.86
2020-07-28,CRFB3,22.5
2020-07-28,CSAN3,82.65
2020-07-28,CSMG3,54.56
2020-07-28,CSNA3,12.3
2020-07-28,CVCB3,21.49
2020-07-28,CYRE3,25.66
2020-07-28,DIRR3,14.97
2020-07-28,ECOR3,13.33
2020-07-28,EGIE3,43.95
2020-07-28,ELET3,38.9
2020-07-28,ELET6,39.66
2020-07-28,EMBR3,8.17
2020-07-28,ENBR3,18.13
2020-07-28,ENEV3,49.81
2020-07-28,ENGI11,50.02
2020-07-28,EQTL3,24.85
2020-07-28,EZTC3,39.17
2020-07-28,FLRY3,24.54
2020-07-28,GGBR4,17.73
2020-07-28,GNDI3,68.05
2020-07-28,GOAU4,8.17
2020-07-28,GOLL4,19.08
2020-07-28,HAPV3,65.18
2020-07-28,HGTX3,14.61
2020-07-28,HYPE3,36.18
2020-07-28,IGTA3,34.58
2020-07-28,IRBR3,8.2
2020-07-28,ITSA4,10.88
2020-07-28,ITUB4,27.64
2020-07-28,JBSS3,22.25
2020-07-28,JHSF3,9.25
2020-07-28,KLBN11,21.14
2020-07-28,LAME4,34.72
2020-07-28,LCAM3,17.75
2020-07-28,LOGG3,33.99
2020-07-28,LREN3,40.15
2020-07-28,LWSA3,43.4
2020-07-28,MGLU3,80.4
2020-07-28,MRFG3,14.95
2020-07-28,MRVE3,19.65
2020-07-28,MULT3,21.59
2020-07-28,NTCO3,44.12
2020-07-28,PCAR3,77.72
2020-07-28,PETR3,23.39
2020-07-28,PETR4,22.8
2020-07-28,POMO4,2.87
2020-07-28,PRIO3,39.37
2020-07-28,PSSA3,53.75
2020-07-28,QUAL3,28.07
2020-07-28,RADL3,117.5
2020-07-28,RAIL3,22.81
2020-07-28,RENT3,44.89
2020-07-28,SANB11,29.91
2020-07-28,SBSP3,60.12
2020-07-28,SLCE3,24.14
2020-07-28,SMLS3,15.39
2020-07-28,SMTO3,21.66
2020-07-28,STBP3,5.45
2020-07-28,SULA11,49.42
2020-07-28,SUZB3,42.0
2020-07-28,TAEE11,29.0
2020-07-28,TEND3,32.2
2020-07-28,TIMP3,14.88
2020-07-28,TOTS3,25.95
2020-07-28,TRPL4,21.51
2020-07-28,UGPA3,19.5
2020-07-28,USIM5,7.99
2020-07-28,VALE3,60.34
2020-07-28,VIVA3,22.34
2020-07-28,VIVT3,51.0
2020-07-28,VIVT4,50.97
2020-07-28,VVAR3,20.41
2020-07-28,WEGE3,67.19
2020-07-28,YDUQ3,33.38
2020-07-29,ABEV3,15.15
2020-07-29,ALPA4,29.9
2020-07-29,ALSO3,28.42
2020-07-29,ARZZ3,52.14
2020-07-29,AZUL4,20.96
2020-07-29,B3SA3,64.63
2020-07-29,BBAS3,35.95
2020-07-29,BBDC3,22.06
2020-07-29,BBDC4,24.26
2020-07-29,BBSE3,28.24
2020-07-29,BEEF3,14.09
2020-07-29,BIDI11,59.51
2020-07-29,BIDI4,20.22
2020-07-29,BPAC11,87.9
2020-07-29,BPAN4,10.05
2020-07-29,BRAP4,44.03
2020-07-29,BRDT3,23.29
2020-07-29,BRFS3,21.86
2020-07-29,BRKM5,23.99
2020-07-29,BRML3,10.34
2020-07-29,BTOW3,123.41
2020-07-29,CCRO3,14.67
2020-07-29,CEAB3,10.24
2020-07-29,CIEL3,4.94
2020-07-29,CMIG4,12.19
2020-07-29,COGN3,9.24
2020-07-29,CPFE3,31.4
2020-07-29,CPLE3,65.01
2020-07-29,CPLE6,65.16
2020-07-29,CRFB3,22.31
2020-07-29,CSAN3,84.05
2020-07-29,CSMG3,54.2
2020-07-29,CSNA3,13.0
2020-07-29,CVCB3,21.44
2020-07-29,CYRE3,26.9
2020-07-29,DIRR3,15.57
2020-07-29,ECOR3,13.44
2020-07-29,EGIE3,44.5
2020-07-29,ELET3,39.75
2020-07-29,ELET6,40.58
2020-07-29,EMBR3,8.18
2020-07-29,ENBR3,18.4
2020-07-29,ENEV3,49.9
2020-07-29,ENGI11,49.38
2020-07-29,EQTL3,24.85
2020-07-29,EZTC3,40.1
2020-07-29,FLRY3,24.89
2020-07-29,GGBR4,17.99
2020-07-29,GNDI3,67.42
2020-07-29,GOAU4,8.22
2020-07-29,GOLL4,18.45
2020-07-29,HAPV3,65.5
2020-07-29,HGTX3,15.0
2020-07-29,HYPE3,36.2
2020-07-29,IGTA3,34.58
2020-07-29,IRBR3,8.18
2020-07-29,ITSA4,11.13
2020-07-29,ITUB4,28.29
2020-07-29,JBSS3,22.17
2020-07-29,JHSF3,9.51
2020-07-29,KLBN11,21.05
2020-07-29,LAME4,34.82
2020-07-29,LCAM3,18.28
2020-07-29,LOGG3,34.74
2020-07-29,LREN3,41.7
2020-07-29,LWSA3,45.56
2020-07-29,MGLU3,80.21
2020-07-29,MRFG3,14.55
2020-07-29,MRVE3,19.96
2020-07-29,MULT3,21.9
2020-07-29,NTCO3,47.09
2020-07-29,PCAR3,78.64
2020-07-29,PETR3,23.83
2020-07-29,PETR4,23.17
2020-07-29,POMO4,2.96
2020-07-29,PRIO3,39.37
2020-07-29,PSSA3,54.03
2020-07-29,QUAL3,28.39
2020-07-29,RADL3,120.6
2020-07-29,RAIL3,22.45
2020-07-29,RENT3,45.07
2020-07-29,SANB11,30.96
2020-07-29,SBSP3,58.96
2020-07-29,SLCE3,23.93
2020-07-29,SMLS3,15.66
2020-07-29,SMTO3,21.06
2020-07-29,STBP3,5.44
2020-07-29,SULA11,51.43
2020-07-29,SUZB3,41.49
2020-07-29,TAEE11,28.94
2020-07-29,TEND3,34.44
2020-07-29,TIMP3,14.89
2020-07-29,TOTS3,26.09
2020-07-29,TRPL4,21.46
2020-07-29,UGPA3,19.45
2020-07-29,USIM5,8.15
2020-07-29,VALE3,62.95
2020-07-29,VIVA3,22.48
2020-07-29,VIVT3,50.5
2020-07-29,VIVT4,50.6
2020-07-29,VVAR3,20.12
2020-07-29,WEGE3,66.98
2020-07-29,YDUQ3,33.48
2020-07-30,ABEV3,14.55
2020-07-30,ALPA4,31.25
2020-07-30,ALSO3,28.26
2020-07-30,ARZZ3,51.99
2020-07-30,AZUL4,21.02
2020-07-30,B3SA3,64.61
2020-07-30,BBAS3,34.8
2020-07-30,BBDC3,21.5
2020-07-30,BBDC4,23.41
2020-07-30,BBSE3,28.07
2020-07-30,BEEF3,13.97
2020-07-30,BIDI11,60.0
2020-07-30,BIDI4,20.3
2020-07-30,BPAC11,86.86
2020-07-30,BPAN4,10.12
2020-07-30,BRAP4,42.86
2020-07-30,BRDT3,23.0
2020-07-30,BRFS3,21.2
2020-07-30,BRKM5,23.81
2020-07-30,BRML3,10.3
2020-07-30,BTOW3,122.0
2020-07-30,CCRO3,14.83
2020-07-30,CEAB3,10.5
2020-07-30,CIEL3,4.84
2020-07-30,CMIG4,12.24
2020-07-30,COGN3,9.46
2020-07-30,CPFE3,31.73
2020-07-30,CPLE3,66.89
2020-07-30,CPLE6,67.34
2020-07-30,CRFB3,22.65
2020-07-30,CSAN3,88.1
2020-07-30,CSMG3,53.78
2020-07-30,CSNA3,12.78
2020-07-30,CVCB3,21.5
2020-07-30,CYRE3,27.62
2020-07-30,DIRR3,16.09
2020-07-30,ECOR3,13.58
2020-07-30,EGIE3,44.67
2020-07-30,ELET3,38.15
2020-07-30,ELET6,39.19
2020-07-30,EMBR3,7.95
2020-07-30,ENBR3,18.52
2020-07-30,ENEV3,49.89
2020-07-30,ENGI11,49.43
2020-07-30,EQTL3,25.45
2020-07-30,EZTC3,40.81
2020-07-30,FLRY3,25.63
2020-07-30,GGBR4,17.74
2020-07-30,GNDI3,68.9
2020-07-30,GOAU4,8.12
2020-07-30,GOLL4,18.55
2020-07-30,HAPV3,66.2
2020-07-30,HGTX3,15.19
2020-07-30,HYPE3,36.26
2020-07-30,IGTA3,34.3
2020-07-30,IRBR3,8.07
2020-07-30,ITSA4,10.91
2020-07-30,ITUB4,27.81
2020-07-30,JBSS3,21.97
2020-07-30,JHSF3,9.55
2020-07-30,KLBN11,21.29
2020-07-30,LAME4,35.02
2020-07-30,LCAM3,19.01
2020-07-30,LOGG3,36.9
2020-07-30,LREN3,41.39
2020-07-30,LWSA3,46.92
2020-07-30,MGLU3,83.29
2020-07-30,MRFG3,14.63
2020-07-30,MRVE3,19.75
2020-07-30,MULT3,21.6
2020-07-30,NTCO3,48.67
2020-07-30,PCAR3,73.71
2020-07-30,PETR3,23.32
2020-07-30,PETR4,22.82
2020-07-30,POMO4,2.96
2020-07-30,PRIO3,39.66
2020-07-30,PSSA3,54.0
2020-07-30,QUAL3,28.73
2020-07-30,RADL3,125.27
2020-07-30,RAIL3,22.73
2020-07-30,RENT3,49.96
2020-07-30,SANB11,31.05
2020-07-30,SBSP3,59.14
2020-07-30,SLCE3,23.87
2020-07-30,SMLS3,15.8
2020-07-30,SMTO3,21.47
2020-07-30,STBP3,5.69
2020-07-30,SULA11,50.85
2020-07-30,SUZB3,42.22
2020-07-30,TAEE11,29.2
2020-07-30,TEND3,34.1
2020-07-30,TIMP3,14.8
2020-07-30,TOTS3,26.12
2020-07-30,TRPL4,21.76
2020-07-30,UGPA3,19.75
2020-07-30,USIM5,8.21
2020-07-30,VALE3,61.27
2020-07-30,VIVA3,22.63
2020-07-30,VIVT3,51.3
2020-07-30,VIVT4,51.13
2020-07-30,VVAR3,20.2
2020-07-30,WEGE3,68.0
2020-07-30,YDUQ3,35.09
2020-07-31,ABEV3,13.9
2020-07-31,ALPA4,31.46
2020-07-31,ALSO3,27.74
2020-07-31,ARZZ3,52.76
2020-07-31,AZUL4,20.31
2020-07-31,B3SA3,63.44
2020-07-31,BBAS3,33.58
2020-07-31,BBDC3,20.73
2020-07-31,BBDC4,22.44
2020-07-31,BBSE3,27.83
2020-07-31,BEEF3,13.58
2020-07-31,BIDI11,60.58
2020-07-31,BIDI4,20.58
2020-07-31,BPAC11,86.42
2020-07-31,BPAN4,9.87
2020-07-31,BRAP4,43.05
2020-07-31,BRDT3,22.7
2020-07-31,BRFS3,20.7
2020-07-31,BRKM5,22.8
2020-07-31,BRML3,9.9
2020-07-31,BTOW3,119.32
2020-07-31,CCRO3,14.96
2020-07-31,CEAB3,10.13
2020-07-31,CIEL3,5.37
2020-07-31,CMIG4,12.0
2020-07-31,COGN3,8.28
2020-07-31,CPFE3,31.4
2020-07-31,CPLE3,66.37
2020-07-31,CPLE6,66.38
2020-07-31,CRFB3,22.44
2020-07-31,CSAN3,90.4
2020-07-31,CSMG3,54.55
2020-07-31,CSNA3,12.25
2020-07-31,CVCB3,20.8
2020-07-31,CYRE3,27.42
2020-07-31,DIRR3,16.17
2020-07-31,ECOR3,14.52
2020-07-31,EGIE3,46.17
2020-07-31,ELET3,36.94
2020-07-31,ELET6,38.45
2020-07-31,EMBR3,7.61
2020-07-31,ENBR3,18.56
2020-07-31,ENEV3,50.37
2020-07-31,ENGI11,49.15
2020-07-31,EQTL3,25.53
2020-07-31,EZTC3,41.17
2020-07-31,FLRY3,25.61
2020-07-31,GGBR4,17.45
2020-07-31,GNDI3,66.76
2020-07-31,GOAU4,8.04
2020-07-31,GOLL4,17.91
2020-07-31,HAPV3,65.14
2020-07-31,HGTX3,14.8
2020-07-31,HYPE3,36.12
2020-07-31,IGTA3,33.55
2020-07-31,IRBR3,7.97
2020-07-31,ITSA4,10.67
2020-07-31,ITUB4,26.89
2020-07-31,JBSS3,21.54
2020-07-31,JHSF3,9.22
2020-07-31,KLBN11,20.66
2020-07-31,LAME4,34.1
2020-07-31,LCAM3,19.13
2020-07-31,LOGG3,36.8
2020-07-31,LREN3,41.13
2020-07-31,LWSA3,47.9
2020-07-31,MGLU3,80.71
2020-07-31,MRFG3,14.41
2020-07-31,MRVE3,19.14
2020-07-31,MULT3,21.14
2020-07-31,NTCO3,47.04
2020-07-31,PCAR3,71.0
2020-07-31,PETR3,22.7
2020-07-31,PETR4,22.2
2020-07-31,POMO4,2.98
2020-07-31,PRIO3,39.59
2020-07-31,PSSA3,54.03
2020-07-31,QUAL3,28.0
2020-07-31,RADL3,124.1
2020-07-31,RAIL3,22.22
2020-07-31,RENT3,50.92
2020-07-31,SANB11,29.89
2020-07-31,SBSP3,60.85
2020-07-31,SLCE3,23.2
2020-07-31,SMLS3,15.27
2020-07-31,SMTO3,21.41
2020-07-31,SOMA3,11.03
2020-07-31,STBP3,5.56
2020-07-31,SULA11,50.7
2020-07-31,SUZB3,42.0
2020-07-31,TAEE11,28.96
2020-07-31,TEND3,33.41
2020-07-31,TIMP3,15.75
2020-07-31,TOTS3,25.83
2020-07-31,TRPL4,22.54
2020-07-31,UGPA3,18.94
2020-07-31,USIM5,8.13
2020-07-31,VALE3,60.71
2020-07-31,VIVA3,22.17
2020-07-31,VIVT3,52.56
2020-07-31,VIVT4,52.65
2020-07-31,VVAR3,19.52
2020-07-31,WEGE3,67.35
2020-07-31,YDUQ3,33.89
2020-08-03,ABEV3,13.71
2020-08-03,ALPA4,30.91
2020-08-03,ALSO3,26.63
2020-08-03,ARZZ3,53.4
2020-08-03,AZUL4,20.1
2020-08-03,B3SA3,63.89
2020-08-03,BBAS3,34.35
2020-08-03,BBDC3,20.65
2020-08-03,BBDC4,22.2
2020-08-03,BBSE3,28.27
2020-08-03,BEEF3,13.42
2020-08-03,BIDI11,62.49
2020-08-03,BIDI4,21.4
2020-08-03,BPAC11,89.75
2020-08-03,BPAN4,10.1
2020-08-03,BRAP4,43.24
2020-08-03,BRDT3,21.8
2020-08-03,BRFS3,20.63
2020-08-03,BRKM5,23.3
2020-08-03,BRML3,9.59
2020-08-03,BTOW3,126.0
2020-08-03,CCRO3,14.58
2020-08-03,CEAB3,10.1
2020-08-03,CIEL3,5.4
2020-08-03,CMIG4,11.31
2020-08-03,COGN3,7.85
2020-08-03,CPFE3,31.04
2020-08-03,CPLE3,63.2
2020-08-03,CPLE6,63.15
2020-08-03,CRFB3,21.92
2020-08-03,CSAN3,88.01
2020-08-03,CSMG3,54.25
2020-08-03,CSNA3,13.02
2020-08-03,CVCB3,20.0
2020-08-03,CYRE3,26.75
2020-08-03,DIRR3,15.5
2020-08-03,ECOR3,14.18
2020-08-03,EGIE3,46.12
2020-08-03,ELET3,37.55
2020-08-03,ELET6,38.5
2020-08-03,EMBR3,7.66
2020-08-03,ENBR3,18.34
2020-08-03,ENEV3,49.88
2020-08-03,ENGI11,48.93
2020-08-03,EQTL3,25.35
2020-08-03,EZTC3,40.81
2020-08-03,FLRY3,26.44
2020-08-03,GGBR4,17.5
2020-08-03,GNDI3,68.66
2020-08-03,GOAU4,8.07
2020-08-03,GOLL4,17.63
2020-08-03,HAPV3,65.21
2020-08-03,HGTX3,14.37
2020-08-03,HYPE3,36.09
2020-08-03,IGTA3,32.8
2020-08-03,IRBR3,7.7
2020-08-03,ITSA4,10.7
2020-08-03,ITUB4,27.28
2020-08-03,JBSS3,22.5
2020-08-03,JHSF3,8.88
2020-08-03,KLBN11,20.87
2020-08-03,LAME4,34.39
2020-08-03,LCAM3,18.87
2020-08-03,LOGG3,38.53
2020-08-03,LREN3,40.82
2020-08-03,LWSA3,50.0
2020-08-03,MGLU3,82.57
2020-08-03,MRFG3,14.5
2020-08-03,MRVE3,18.46
2020-08-03,MULT3,20.58
2020-08-03,NTCO3,46.61
2020-08-03,PCAR3,68.88
2020-08-03,PETR3,22.34
2020-08-03,PETR4,21.8
2020-08-03,POMO4,2.83
2020-08-03,PRIO3,39.51
2020-08-03,PSSA3,54.14
2020-08-03,QUAL3,27.99
2020-08-03,RADL3,118.46
2020-08-03,RAIL3,22.05
2020-08-03,RENT3,50.29
2020-08-03,SANB11,29.64
2020-08-03,SBSP3,60.14
2020-08-03,SLCE3,23.44
2020-08-03,SMLS3,15.0
2020-08-03,SMTO3,21.14
2020-08-03,SOMA3,11.5
2020-08-03,STBP3,5.65
2020-08-03,SULA11,50.05
2020-08-03,SUZB3,43.09
2020-08-03,TAEE11,28.65
2020-08-03,TEND3,32.63
2020-08-03,TIMP3,15.28
2020-08-03,TOTS3,25.83
2020-08-03,TRPL4,22.34
2020-08-03,UGPA3,18.96
2020-08-03,USIM5,8.4
2020-08-03,VALE3,60.26
2020-08-03,VIVA3,21.46
2020-08-03,VIVT3,51.4
2020-08-03,VIVT4,51.0
2020-08-03,VVAR3,20.11
2020-08-03,WEGE3,66.57
2020-08-03,YDUQ3,33.75
2020-08-04,ABEV3,13.4
2020-08-04,ALPA4,31.24
2020-08-04,ALSO3,26.46
2020-08-04,ARZZ3,51.6
2020-08-04,AZUL4,19.82
2020-08-04,B3SA3,63.22
2020-08-04,BBAS3,33.3
2020-08-04,BBDC3,20.02
2020-08-04,BBDC4,21.72
2020-08-04,BBSE3,28.1
2020-08-04,BEEF3,13.19
2020-08-04,BIDI11,60.88
2020-08-04,BIDI4,20.5
2020-08-04,BPAC11,87.2
2020-08-04,BPAN4,9.85
2020-08-04,BRAP4,42.92
2020-08-04,BRDT3,21.4
2020-08-04,BRFS3,20.39
2020-08-04,BRKM5,22.57
2020-08-04,BRML3,9.45
2020-08-04,BTOW3,122.99
2020-08-04,CCRO3,14.19
2020-08-04,CEAB3,9.65
2020-08-04,CIEL3,5.13
2020-08-04,CMIG4,11.06
2020-08-04,COGN3,7.4
2020-08-04,CPFE3,30.57
2020-08-04,CPLE3,60.95
2020-08-04,CPLE6,60.64
2020-08-04,CRFB3,21.6
2020-08-04,CSAN3,86.14
2020-08-04,CSMG3,53.13
2020-08-04,CSNA3,12.76
2020-08-04,CVCB3,18.92
2020-08-04,CYRE3,25.89
2020-08-04,DIRR3,15.17
2020-08-04,ECOR3,13.9
2020-08-04,EGIE3,45.88
2020-08-04,ELET3,37.0
2020-08-04,ELET6,38.29
2020-08-04,EMBR3,7.47
2020-08-04,ENBR3,17.93
2020-08-04,ENEV3,49.61
2020-08-04,ENGI11,47.88
2020-08-04,EQTL3,24.8
2020-08-04,EZTC3,38.95
2020-08-04,FLRY3,26.1
2020-08-04,GGBR4,17.48
2020-08-04,GNDI3,66.2
2020-08-04,GOAU4,8.08
2020-08-04,GOLL4,17.65
2020-08-04,HAPV3,64.16
2020-08-04,HGTX3,14.02
2020-08-04,HYPE3,36.3
2020-08-04,IGTA3,32.46
2020-08-04,IRBR3,7.6
2020-08-04,ITSA4,10.21
2020-08-04,ITUB4,25.69
2020-08-04,JBSS3,21.96
2020-08-04,JHSF3,8.68
2020-08-04,KLBN11,20.85
2020-08-04,LAME4,34.1
2020-08-04,LCAM3,18.64
2020-08-04,LOGG3,38.33
2020-08-04,LREN3,39.48
2020-08-04,LWSA3,51.01
2020-08-04,MGLU3,82.5
2020-08-04,MRFG3,14.15
2020-08-04,MRVE3,18.58
2020-08-04,MULT3,20.3
2020-08-04,NTCO3,46.74
2020-08-04,PCAR3,68.3
2020-08-04,PETR3,22.31
2020-08-04,PETR4,21.78
2020-08-04,POMO4,2.8
2020-08-04,PRIO3,38.29
2020-08-04,PSSA3,57.04
2020-08-04,QUAL3,27.92
2020-08-04,RADL3,118.41
2020-08-04,RAIL3,21.57
2020-08-04,RENT3,49.9
2020-08-04,SANB11,28.81
2020-08-04,SBSP3,58.87
2020-08-04,SLCE3,22.95
2020-08-04,SMLS3,14.44
2020-08-04,SMTO3,20.69
2020-08-04,SOMA3,11.0
2020-08-04,STBP3,5.37
2020-08-04,SULA11,50.24
2020-08-04,SUZB3,42.08
2020-08-04,TAEE11,28.62
2020-08-04,TEND3,32.65
2020-08-04,TIMP3,15.07
2020-08-04,TOTS3,25.94
2020-08-04,TRPL4,21.92
2020-08-04,UGPA3,18.85
2020-08-04,USIM5,8.18
2020-08-04,VALE3,60.7
2020-08-04,VIVA3,21.5
2020-08-04,VIVT3,50.63
2020-08-04,VIVT4,50.6
2020-08-04,VVAR3,19.86
2020-08-04,WEGE3,66.79
2020-08-04,YDUQ3,32.72
2020-08-05,ABEV3,13.18
2020-08-05,ALPA4,34.0
2020-08-05,ALSO3,27.99
2020-08-05,ARZZ3,53.06
2020-08-05,AZUL4,20.16
2020-08-05,B3SA3,63.5
2020-08-05,BBAS3,33.33
2020-08-05,BBDC3,20.14
2020-08-05,BBDC4,21.82
2020-08-05,BBSE3,28.21
2020-08-05,BEEF3,13.31
2020-08-05,BIDI11,61.63
2020-08-05,BIDI4,20.9
2020-08-05,BPAC11,88.2
2020-08-05,BPAN4,9.78
2020-08-05,BRAP4,44.24
2020-08-05,BRDT3,22.17
2020-08-05,BRFS3,20.66
2020-08-05,BRKM5,23.4
2020-08-05,BRML3,10.18
2020-08-05,BTOW3,121.5
2020-08-05,CCRO3,14.24
2020-08-05,CEAB3,9.87
2020-08-05,CIEL3,5.06
2020-08-05,CMIG4,10.97
2020-08-05,COGN3,7.38
2020-08-05,CPFE3,30.85
2020-08-05,CPLE3,60.49
2020-08-05,CPLE6,60.36
2020-08-05,CRFB3,21.4
2020-08-05,CSAN3,87.91
2020-08-05,CSMG3,52.35
2020-08-05,CSNA3,13.12
2020-08-05,CVCB3,19.85
2020-08-05,CYRE3,26.23
2020-08-05,DIRR3,15.52
2020-08-05,ECOR3,14.08
2020-08-05,EGIE3,45.37
2020-08-05,ELET3,36.7
2020-08-05,ELET6,38.22
2020-08-05,EMBR3,7.66
2020-08-05,ENBR3,17.82
2020-08-05,ENEV3,49.79
2020-08-05,ENGI11,47.99
2020-08-05,EQTL3,25.17
2020-08-05,EZTC3,39.9
2020-08-05,FLRY3,26.2
2020-08-05,GGBR4,18.52
2020-08-05,GNDI3,67.99
2020-08-05,GOAU4,8.53
2020-08-05,GOLL4,17.63
2020-08-05,HAPV3,65.27
2020-08-05,HGTX3,14.23
2020-08-05,HYPE3,35.27
2020-08-05,IGTA3,34.98
2020-08-05,IRBR3,7.53
2020-08-05,ITSA4,10.2
2020-08-05,ITUB4,25.67
2020-08-05,JBSS3,21.81
2020-08-05,JHSF3,8.79
2020-08-05,KLBN11,22.89
2020-08-05,LAME4,34.19
2020-08-05,LCAM3,19.37
2020-08-05,LOGG3,38.58
2020-08-05,LREN3,40.74
2020-08-05,LWSA3,53.18
2020-08-05,MGLU3,83.0
2020-08-05,MRFG3,14.06
2020-08-05,MRVE3,18.86
2020-08-05,MULT3,21.93
2020-08-05,NTCO3,47.81
2020-08-05,PCAR3,68.65
2020-08-05,PETR3,23.75
2020-08-05,PETR4,23.18
2020-08-05,POMO4,2.85
2020-08-05,PRIO3,43.49
2020-08-05,PSSA3,57.69
2020-08-05,QUAL3,28.13
2020-08-05,RADL3,117.95
2020-08-05,RAIL3,21.89
2020-08-05,RENT3,51.01
2020-08-05,SANB11,29.0
2020-08-05,SBSP3,58.45
2020-08-05,SLCE3,23.25
2020-08-05,SMLS3,14.48
2020-08-05,SMTO3,21.26
2020-08-05,SOMA3,11.1
2020-08-05,STBP3,5.42
2020-08-05,SULA11,50.78
2020-08-05,SUZB3,45.28
2020-08-05,TAEE11,28.37
2020-08-05,TEND3,32.9
2020-08-05,TIMP3,14.88
2020-08-05,TOTS3,26.0
2020-08-05,TRPL4,21.84
2020-08-05,UGPA3,18.89
2020-08-05,USIM5,8.5
2020-08-05,VALE3,62.19
2020-08-05,VIVA3,21.91
2020-08-05,VIVT3,50.05
2020-08-05,VIVT4,50.19
2020-08-05,VVAR3,20.0
2020-08-05,WEGE3,68.2
2020-08-05,YDUQ3,32.75
2020-08-06,ABEV3,13.26
2020-08-06,ALPA4,35.79
2020-08-06,ALSO3,30.23
2020-08-06,ARZZ3,54.8
2020-08-06,AZUL4,21.45
2020-08-06,B3SA3,64.05
2020-08-06,BBAS3,34.35
2020-08-06,BBDC3,20.42
2020-08-06,BBDC4,21.97
2020-08-06,BBSE3,28.77
2020-08-06,BEEF3,13.24
2020-08-06,BIDI11,63.67
2020-08-06,BIDI4,21.7
2020-08-06,BPAC11,89.64
2020-08-06,BPAN4,9.78
2020-08-06,BRAP4,43.85
2020-08-06,BRDT3,22.49
2020-08-06,BRFS3,21.91
2020-08-06,BRKM5,24.1
2020-08-06,BRML3,11.32
2020-08-06,BTOW3,123.01
2020-08-06,CCRO3,14.68
2020-08-06,CEAB3,10.5
2020-08-06,CIEL3,5.6
2020-08-06,CMIG4,11.41
2020-08-06,COGN3,7.27
2020-08-06,CPFE3,31.76
2020-08-06,CPLE3,63.38
2020-08-06,CPLE6,63.49
2020-08-06,CRFB3,21.3
2020-08-06,CSAN3,87.86
2020-08-06,CSMG3,53.67
2020-08-06,CSNA3,13.11
2020-08-06,CVCB3,19.59
2020-08-06,CYRE3,26.2
2020-08-06,DIRR3,15.68
2020-08-06,ECOR3,14.45
2020-08-06,EGIE3,46.48
2020-08-06,ELET3,38.04
2020-08-06,ELET6,39.45
2020-08-06,EMBR3,7.58
2020-08-06,ENBR3,18.29
2020-08-06,ENEV3,51.23
2020-08-06,ENGI11,49.39
2020-08-06,EQTL3,25.02
2020-08-06,EZTC3,40.75
2020-08-06,FLRY3,25.9
2020-08-06,GGBR4,18.06
2020-08-06,GNDI3,70.57
2020-08-06,GOAU4,8.32
2020-08-06,GOLL4,18.6
2020-08-06,HAPV3,66.25
2020-08-06,HGTX3,14.78
2020-08-06,HYPE3,35.06
2020-08-06,IGTA3,36.65
2020-08-06,IRBR3,7.84
2020-08-06,ITSA4,10.32
2020-08-06,ITUB4,26.03
2020-08-06,JBSS3,22.05
2020-08-06,JHSF3,8.64
2020-08-06,KLBN11,23.25
2020-08-06,LAME4,34.55
2020-08-06,LCAM3,19.67
2020-08-06,LOGG3,40.12
2020-08-06,LREN3,42.85
2020-08-06,LWSA3,54.6
2020-08-06,MGLU3,85.91
2020-08-06,MRFG3,13.94
2020-08-06,MRVE3,18.99
2020-08-06,MULT3,23.61
2020-08-06,NTCO3,48.03
2020-08-06,PCAR3,67.33
2020-08-06,PETR3,23.83
2020-08-06,PETR4,23.22
2020-08-06,POMO4,2.85
2020-08-06,PRIO3,42.18
2020-08-06,PSSA3,58.66
2020-08-06,QUAL3,28.88
2020-08-06,RADL3,118.64
2020-08-06,RAIL3,22.77
2020-08-06,RENT3,51.63
2020-08-06,SANB11,29.8
2020-08-06,SBSP3,59.62
2020-08-06,SLCE3,24.0
2020-08-06,SMLS3,15.14
2020-08-06,SMTO3,21.61
2020-08-06,SOMA3,11.25
2020-08-06,STBP3,5.61
2020-08-06,SULA11,50.88
2020-08-06,SUZB3,46.32
2020-08-06,TAEE11,28.89
2020-08-06,TEND3,33.45
2020-08-06,TIMP3,15.2
2020-08-06,TOTS3,28.82
2020-08-06,TRPL4,22.26
2020-08-06,UGPA3,19.06
2020-08-06,USIM5,8.33
2020-08-06,VALE3,61.83
2020-08-06,VIVA3,22.64
2020-08-06,VIVT3,51.32
2020-08-06,VIVT4,51.36
2020-08-06,VVAR3,19.59
2020-08-06,WEGE3,69.83
2020-08-06,YDUQ3,33.38
2020-08-07,ABEV3,13.31
2020-08-07,ALPA4,34.7
2020-08-07,ALSO3,30.33
2020-08-07,ARZZ3,54.8
2020-08-07,AZUL4,21.01
2020-08-07,B3SA3,62.55
2020-08-07,BBAS3,34.11
2020-08-07,BBDC3,20.29
2020-08-07,BBDC4,21.84
2020-08-07,BBSE3,28.55
2020-08-07,BEEF3,13.11
2020-08-07,BIDI11,64.0
2020-08-07,BIDI4,21.99
2020-08-07,BPAC11,87.76
2020-08-07,BPAN4,9.74
2020-08-07,BRAP4,43.19
2020-08-07,BRDT3,22.11
2020-08-07,BRFS3,22.42
2020-08-07,BRKM5,23.39
2020-08-07,BRML3,10.84
2020-08-07,BTOW3,121.67
2020-08-07,CCRO3,14.47
2020-08-07,CEAB3,11.2
2020-08-07,CIEL3,5.25
2020-08-07,CMIG4,11.18
2020-08-07,COGN3,7.29
2020-08-07,CPFE3,31.18
2020-08-07,CPLE3,61.83
2020-08-07,CPLE6,61.5
2020-08-07,CRFB3,21.25
2020-08-07,CSAN3,87.1
2020-08-07,CSMG3,53.95
2020-08-07,CSNA3,12.95
2020-08-07,CVCB3,19.01
2020-08-07,CYRE3,25.84
2020-08-07,DIRR3,15.5
2020-08-07,ECOR3,14.54
2020-08-07,EGIE3,46.24
2020-08-07,ELET3,37.66
2020-08-07,ELET6,39.28
2020-08-07,EMBR3,7.5
2020-08-07,ENBR3,17.98
2020-08-07,ENEV3,50.13
2020-08-07,ENGI11,49.07
2020-08-07,EQTL3,24.65
2020-08-07,EZTC3,40.33
2020-08-07,FLRY3,26.04
2020-08-07,GGBR4,17.61
2020-08-07,GNDI3,70.43
2020-08-07,GOAU4,8.1
2020-08-07,GOLL4,17.97
2020-08-07,HAPV3,65.52
2020-08-07,HGTX3,15.86
2020-08-07,HYPE3,34.44
2020-08-07,IGTA3,35.85
2020-08-07,IRBR3,7.77
2020-08-07,ITSA4,10.21
2020-08-07,ITUB4,25.48
2020-08-07,JBSS3,21.67
2020-08-07,JHSF3,8.64
2020-08-07,KLBN11,23.07
2020-08-07,LAME4,34.49
2020-08-07,LCAM3,20.18
2020-08-07,LOGG3,38.64
2020-08-07,LREN3,43.22
2020-08-07,LWSA3,54.9
2020-08-07,MGLU3,85.65
2020-08-07,MRFG3,13.86
2020-08-07,MRVE3,18.55
2020-08-07,MULT3,22.8
2020-08-07,NTCO3,46.79
2020-08-07,PCAR3,67.95
2020-08-07,PETR3,23.31
2020-08-07,PETR4,22.79
2020-08-07,POMO4,2.83
2020-08-07,PRIO3,43.89
2020-08-07,PSSA3,57.77
2020-08-07,QUAL3,28.68
2020-08-07,RADL3,119.01
2020-08-07,RAIL3,23.33
2020-08-07,RENT3,50.81
2020-08-07,SANB11,29.25
2020-08-07,SBSP3,59.49
2020-08-07,SLCE3,23.78
2020-08-07,SMLS3,15.29
2020-08-07,SMTO3,22.67
2020-08-07,SOMA3,11.75
2020-08-07,STBP3,5.49
2020-08-07,SULA11,49.4
2020-08-07,SUZB3,46.18
2020-08-07,TAEE11,28.76
2020-08-07,TEND3,32.01
2020-08-07,TIMP3,15.42
2020-08-07,TOTS3,28.78
2020-08-07,TRPL4,22.18
2020-08-07,UGPA3,19.22
2020-08-07,USIM5,8.3
2020-08-07,VALE3,60.45
2020-08-07,VIVA3,22.73
2020-08-07,VIVT3,50.7
2020-08-07,VIVT4,50.61
2020-08-07,VVAR3,19.03
2020-08-07,WEGE3,68.45
2020-08-07,YDUQ3,32.18
2020-08-10,ABEV3,13.24
2020-08-10,ALPA4,33.81
2020-08-10,ALSO3,29.76
2020-08-10,ARZZ3,53.97
2020-08-10,AZUL4,21.78
2020-08-10,B3SA3,62.25
2020-08-10,BBAS3,34.43
2020-08-10,BBDC3,20.46
2020-08-10,BBDC4,22.03
2020-08-10,BBSE3,28.74
2020-08-10,BEEF3,13.07
2020-08-10,BIDI11,62.5
2020-08-10,BIDI4,21.68
2020-08-10,BPAC11,88.88
2020-08-10,BPAN4,9.72
2020-08-10,BRAP4,44.39
2020-08-10,BRDT3,22.07
2020-08-10,BRFS3,21.92
2020-08-10,BRKM5,25.57
2020-08-10,BRML3,10.86
2020-08-10,BTOW3,121.78
2020-08-10,CCRO3,14.35
2020-08-10,CEAB3,11.27
2020-08-10,CIEL3,5.15
2020-08-10,CMIG4,11.19
2020-08-10,COGN3,7.39
2020-08-10,CPFE3,31.3
2020-08-10,CPLE3,61.65
2020-08-10,CPLE6,61.44
2020-08-10,CRFB3,21.3
2020-08-10,CSAN3,86.98
2020-08-10,CSMG3,53.51
2020-08-10,CSNA3,13.97
2020-08-10,CVCB3,19.1
2020-08-10,CYRE3,25.62
2020-08-10,DIRR3,15.38
2020-08-10,ECOR3,14.21
2020-08-10,EGIE3,45.31
2020-08-10,ELET3,37.25
2020-08-10,ELET6,38.98
2020-08-10,EMBR3,7.93
2020-08-10,ENBR3,17.9
2020-08-10,ENEV3,49.81
2020-08-10,ENGI11,49.24
2020-08-10,EQTL3,24.6
2020-08-10,EZTC3,39.56
2020-08-10,FLRY3,25.98
2020-08-10,GGBR4,18.26
2020-08-10,GNDI3,68.66
2020-08-10,GOAU4,8.44
2020-08-10,GOLL4,17.98
2020-08-10,HAPV3,64.4
2020-08-10,HGTX3,15.05
2020-08-10,HYPE3,34.01
2020-08-10,IGTA3,36.08
2020-08-10,IRBR3,7.65
2020-08-10,ITSA4,10.36
2020-08-10,ITUB4,25.81
2020-08-10,JBSS3,21.95
2020-08-10,JHSF3,8.4
2020-08-10,KLBN11,23.38
2020-08-10,LAME4,33.98
2020-08-10,LCAM3,19.8
2020-08-10,LOGG3,37.95
2020-08-10,LREN3,42.65
2020-08-10,LWSA3,54.96
2020-08-10,MGLU3,81.93
2020-08-10,MRFG3,14.16
2020-08-10,MRVE3,18.3
2020-08-10,MULT3,22.78
2020-08-10,NTCO3,46.45
2020-08-10,PCAR3,66.58
2020-08-10,PETR3,24.1
2020-08-10,PETR4,23.45
2020-08-10,POMO4,2.82
2020-08-10,PRIO3,45.41
2020-08-10,PSSA3,58.25
2020-08-10,QUAL3,28.3
2020-08-10,RADL3,115.9
2020-08-10,RAIL3,22.87
2020-08-10,RENT3,50.91
2020-08-10,SANB11,30.34
2020-08-10,SBSP3,58.99
2020-08-10,SLCE3,23.95
2020-08-10,SMLS3,15.22
2020-08-10,SMTO3,23.2
2020-08-10,SOMA3,11.6
2020-08-10,STBP3,5.4
2020-08-10,SULA11,49.1
2020-08-10,SUZB3,47.36
2020-08-10,TAEE11,28.93
2020-08-10,TEND3,31.61
2020-08-10,TIMP3,15.8
2020-08-10,TOTS3,26.65
2020-08-10,TRPL4,22.06
2020-08-10,UGPA3,19.02
2020-08-10,USIM5,8.68
2020-08-10,VALE3,62.2
2020-08-10,VIVA3,22.37
2020-08-10,VIVT3,51.91
2020-08-10,VIVT4,51.84
2020-08-10,VVAR3,19.17
2020-08-10,WEGE3,68.99
2020-08-10,YDUQ3,32.03
2020-08-11,ABEV3,13.41
2020-08-11,ALPA4,34.12
2020-08-11,ALSO3,30.65
2020-08-11,ARZZ3,55.72
2020-08-11,AZUL4,23.32
2020-08-11,B3SA3,60.84
2020-08-11,BBAS3,33.93
2020-08-11,BBDC3,20.2
2020-08-11,BBDC4,21.85
2020-08-11,BBSE3,28.91
2020-08-11,BEEF3,13.03
2020-08-11,BIDI11,60.5
2020-08-11,BIDI4,20.57
2020-08-11,BPAC11,87.31
2020-08-11,BPAN4,9.64
2020-08-11,BRAP4,43.27
2020-08-11,BRDT3,21.81
2020-08-11,BRFS3,22.37
2020-08-11,BRKM5,24.74
2020-08-11,BRML3,11.03
2020-08-11,BTOW3,120.0
2020-08-11,CCRO3,14.12
2020-08-11,CEAB3,11.89
2020-08-11,CIEL3,5.06
2020-08-11,CMIG4,11.01
2020-08-11,COGN3,7.33
2020-08-11,CPFE3,30.74
2020-08-11,CPLE3,60.59
2020-08-11,CPLE6,60.29
2020-08-11,CRFB3,20.85
2020-08-11,CSAN3,84.0
2020-08-11,CSMG3,53.9
2020-08-11,CSNA3,13.92
2020-08-11,CVCB3,20.35
2020-08-11,CYRE3,25.09
2020-08-11,DIRR3,15.29
2020-08-11,ECOR3,13.95
2020-08-11,EGIE3,44.8
2020-08-11,ELET3,36.65
2020-08-11,ELET6,38.44
2020-08-11,EMBR3,8.02
2020-08-11,ENBR3,17.76
2020-08-11,ENEV3,49.31
2020-08-11,ENGI11,48.07
2020-08-11,EQTL3,23.91
2020-08-11,EZTC3,39.3
2020-08-11,FLRY3,25.96
2020-08-11,GGBR4,18.15
2020-08-11,GNDI3,67.79
2020-08-11,GOAU4,8.31
2020-08-11,GOLL4,19.5
2020-08-11,HAPV3,62.73
2020-08-11,HGTX3,15.79
2020-08-11,HYPE3,33.6
2020-08-11,IGTA3,36.7
2020-08-11,IRBR3,8.11
2020-08-11,ITSA4,10.2
2020-08-11,ITUB4,25.51
2020-08-11,JBSS3,21.81
2020-08-11,JHSF3,8.56
2020-08-11,KLBN11,23.95
2020-08-11,LAME4,34.67
2020-08-11,LCAM3,20.55
2020-08-11,LOGG3,36.11
2020-08-11,LREN3,42.49
2020-08-11,LWSA3,53.78
2020-08-11,MGLU3,80.99
2020-08-11,MRFG3,14.05
2020-08-11,MRVE3,17.95
2020-08-11,MULT3,23.69
2020-08-11,NTCO3,45.84
2020-08-11,PCAR3,67.92
2020-08-11,PETR3,23.69
2020-08-11,PETR4,23.08
2020-08-11,POMO4,2.9
2020-08-11,PRIO3,43.8
2020-08-11,PSSA3,58.49
2020-08-11,QUAL3,28.5
2020-08-11,RADL3,114.33
2020-08-11,RAIL3,22.29
2020-08-11,RENT3,50.79
2020-08-11,SANB11,29.79
2020-08-11,SBSP3,57.13
2020-08-11,SLCE3,23.94
2020-08-11,SMLS3,15.93
2020-08-11,SMTO3,23.64
2020-08-11,SOMA3,11.66
2020-08-11,STBP3,5.45
2020-08-11,SULA11,49.62
2020-08-11,SUZB3,46.9
2020-08-11,TAEE11,28.65
2020-08-11,TEND3,31.38
2020-08-11,TIMP3,15.52
2020-08-11,TOTS3,27.51
2020-08-11,TRPL4,22.04
2020-08-11,UGPA3,18.81
2020-08-11,USIM5,8.48
2020-08-11,VALE3,60.28
2020-08-11,VIVA3,22.3
2020-08-11,VIVT3,50.99
2020-08-11,VIVT4,50.81
2020-08-11,VVAR3,18.74
2020-08-11,WEGE3,67.37
2020-08-11,YDUQ3,32.32
2020-08-12,ABEV3,13.48
2020-08-12,ALPA4,34.0
2020-08-12,ALSO3,29.89
2020-08-12,ARZZ3,54.91
2020-08-12,AZUL4,22.88
2020-08-12,B3SA3,61.5
2020-08-12,BBAS3,33.75
2020-08-12,BBDC3,20.1
2020-08-12,BBDC4,21.65
2020-08-12,BBSE3,28.95
2020-08-12,BEEF3,13.25
2020-08-12,BIDI11,60.25
2020-08-12,BIDI4,20.62
2020-08-12,BPAC11,87.35
2020-08-12,BPAN4,9.14
2020-08-12,BRAP4,43.99
2020-08-12,BRDT3,21.61
2020-08-12,BRFS3,22.7
2020-08-12,BRKM5,24.67
2020-08-12,BRML3,10.59
2020-08-12,BTOW3,120.26
2020-08-12,CCRO3,13.85
2020-08-12,CEAB3,11.07
2020-08-12,CIEL3,5.03
2020-08-12,CMIG4,10.77
2020-08-12,COGN3,7.19
2020-08-12,CPFE3,30.2
2020-08-12,CPLE3,59.96
2020-08-12,CPLE6,60.17
2020-08-12,CRFB3,20.32
2020-08-12,CSAN3,83.5
2020-08-12,CSMG3,53.27
2020-08-12,CSNA3,13.81
2020-08-12,CVCB3,19.72
2020-08-12,CYRE3,24.4
2020-08-12,DIRR3,14.86
2020-08-12,ECOR3,13.71
2020-08-12,EGIE3,43.78
2020-08-12,ELET3,35.87
2020-08-12,ELET6,37.15
2020-08-12,EMBR3,7.8
2020-08-12,ENBR3,17.67
2020-08-12,ENEV3,48.87
2020-08-12,ENGI11,46.5
2020-08-12,EQTL3,24.01
2020-08-12,EZTC3,37.5
2020-08-12,FLRY3,25.16
2020-08-12,GGBR4,18.11
2020-08-12,GNDI3,65.57
2020-08-12,GOAU4,8.32
2020-08-12,GOLL4,18.75
2020-08-12,HAPV3,61.31
2020-08-12,HGTX3,14.85
2020-08-12,HYPE3,33.85
2020-08-12,IGTA3,35.73
2020-08-12,IRBR3,7.83
2020-08-12,ITSA4,10.11
2020-08-12,ITUB4,25.22
2020-08-12,JBSS3,22.37
2020-08-12,JHSF3,8.13
2020-08-12,KLBN11,24.52
2020-08-12,LAME4,35.14
2020-08-12,LCAM3,20.71
2020-08-12,LOGG3,35.4
2020-08-12,LREN3,41.85
2020-08-12,LWSA3,51.68
2020-08-12,MGLU3,80.06
2020-08-12,MRFG3,14.72
2020-08-12,MRVE3,17.75
2020-08-12,MULT3,23.42
2020-08-12,NTCO3,46.62
2020-08-12,PCAR3,65.8
2020-08-12,PETR3,24.05
2020-08-12,PETR4,23.48
2020-08-12,POMO4,2.79
2020-08-12,PRIO3,44.4
2020-08-12,PSSA3,58.25
2020-08-12,QUAL3,27.9
2020-08-12,RADL3,111.5
2020-08-12,RAIL3,22.53
2020-08-12,RENT3,50.45
2020-08-12,SANB11,29.95
2020-08-12,SBSP3,56.47
2020-08-12,SLCE3,24.07
2020-08-12,SMLS3,15.25
2020-08-12,SMTO3,24.41
2020-08-12,SOMA3,11.46
2020-08-12,STBP3,5.21
2020-08-12,SULA11,47.87
2020-08-12,SUZB3,47.23
2020-08-12,TAEE11,28.33
2020-08-12,TEND3,30.8
2020-08-12,TIMP3,15.29
2020-08-12,TOTS3,28.0
2020-08-12,TRPL4,21.99
2020-08-12,UGPA3,18.66
2020-08-12,USIM5,8.64
2020-08-12,VALE3,61.5
2020-08-12,VIVA3,22.15
2020-08-12,VIVT3,49.5
2020-08-12,VIVT4,49.59
2020-08-12,VVAR3,18.16
2020-08-12,WEGE3,68.0
2020-08-12,YDUQ3,31.98
2020-08-13,ABEV3,13.21
2020-08-13,ALPA4,34.79
2020-08-13,ALSO3,27.7
2020-08-13,ARZZ3,55.5
2020-08-13,AZUL4,22.01
2020-08-13,B3SA3,60.65
2020-08-13,BBAS3,33.07
2020-08-13,BBDC3,19.51
2020-08-13,BBDC4,21.2
2020-08-13,BBSE3,27.1
2020-08-13,BEEF3,12.9
2020-08-13,BIDI11,62.6
2020-08-13,BIDI4,21.28
2020-08-13,BPAC11,85.46
2020-08-13,BPAN4,8.98
2020-08-13,BRAP4,43.27
2020-08-13,BRDT3,20.95
2020-08-13,BRFS3,20.93
2020-08-13,BRKM5,24.08
2020-08-13,BRML3,9.77
2020-08-13,BTOW3,122.0
2020-08-13,CCRO3,13.65
2020-08-13,CEAB3,10.68
2020-08-13,CIEL3,4.99
2020-08-13,CMIG4,10.42
2020-08-13,COGN3,6.92
2020-08-13,CPFE3,29.8
2020-08-13,CPLE3,59.56
2020-08-13,CPLE6,59.46
2020-08-13,CRFB3,19.77
2020-08-13,CSAN3,83.05
2020-08-13,CSMG3,51.65
2020-08-13,CSNA3,13.69
2020-08-13,CVCB3,18.93
2020-08-13,CYRE3,23.91
2020-08-13,DIRR3,14.6
2020-08-13,ECOR3,13.43
2020-08-13,EGIE3,43.11
2020-08-13,ELET3,33.38
2020-08-13,ELET6,35.15
2020-08-13,EMBR3,7.6
2020-08-13,ENBR3,17.43
2020-08-13,ENEV3,49.13
2020-08-13,ENGI11,44.86
2020-08-13,EQTL3,23.56
2020-08-13,EZTC3,36.24
2020-08-13,FLRY3,25.02
2020-08-13,GGBR4,17.86
2020-08-13,GNDI3,66.31
2020-08-13,GOAU4,8.26
2020-08-13,GOLL4,18.23
2020-08-13,HAPV3,62.61
2020-08-13,HGTX3,14.9
2020-08-13,HYPE3,33.09
2020-08-13,IGTA3,33.97
2020-08-13,IRBR3,7.68
2020-08-13,ITSA4,9.86
2020-08-13,ITUB4,24.5
2020-08-13,JBSS3,22.15
2020-08-13,JHSF3,8.3
2020-08-13,KLBN11,25.25
2020-08-13,LAME4,35.3
2020-08-13,LCAM3,20.7
2020-08-13,LOGG3,35.13
2020-08-13,LREN3,40.64
2020-08-13,LWSA3,52.9
2020-08-13,MGLU3,80.45
2020-08-13,MRFG3,14.78
2020-08-13,MRVE3,17.9
2020-08-13,MULT3,22.03
2020-08-13,NTCO3,47.54
2020-08-13,PCAR3,65.19
2020-08-13,PETR3,23.34
2020-08-13,PETR4,22.84
2020-08-13,POMO4,2.75
2020-08-13,PRIO3,43.58
2020-08-13,PSSA3,58.35
2020-08-13,QUAL3,28.3
2020-08-13,RADL3,110.09
2020-08-13,RAIL3,22.02
2020-08-13,RENT3,49.02
2020-08-13,SANB11,28.85
2020-08-13,SBSP3,56.1
2020-08-13,SLCE3,25.48
2020-08-13,SMLS3,14.89
2020-08-13,SMTO3,25.03
2020-08-13,SOMA3,11.6
2020-08-13,STBP3,5.34
2020-08-13,SULA11,47.05
2020-08-13,SUZB3,47.67
2020-08-13,TAEE11,28.62
2020-08-13,TEND3,31.38
2020-08-13,TIMP3,15.11
2020-08-13,TOTS3,27.89
2020-08-13,TRPL4,22.02
2020-08-13,UGPA3,18.55
2020-08-13,USIM5,8.69
2020-08-13,VALE3,60.35
2020-08-13,VIVA3,21.64
2020-08-13,VIVT3,49.48
2020-08-13,VIVT4,49.0
2020-08-13,VVAR3,18.78
2020-08-13,WEGE3,68.9
2020-08-13,YDUQ3,31.43
2020-08-14,ABEV3,13.26
2020-08-14,ALPA4,34.5
2020-08-14,ALSO3,28.78
2020-08-14,ARZZ3,55.5
2020-08-14,AZUL4,22.49
2020-08-14,B3SA3,60.57
2020-08-14,BBAS3,33.18
2020-08-14,BBDC3,19.67
2020-08-14,BBDC4,21.23
2020-08-14,BBSE3,27.04
2020-08-14,BEEF3,13.04
2020-08-14,BIDI11,59.61
2020-08-14,BIDI4,20.3
2020-08-14,BPAC11,82.6
2020-08-14,BPAN4,8.98
2020-08-14,BRAP4,44.3
2020-08-14,BRDT3,21.09
2020-08-14,BRFS3,20.7
2020-08-14,BRKM5,23.97
2020-08-14,BRML3,10.25
2020-08-14,BTOW3,113.6
2020-08-14,CCRO3,13.5
2020-08-14,CEAB3,11.05
2020-08-14,CIEL3,4.95
2020-08-14,CMIG4,10.4
2020-08-14,COGN3,7.19
2020-08-14,CPFE3,30.03
2020-08-14,CPLE3,60.81
2020-08-14,CPLE6,60.83
2020-08-14,CRFB3,20.19
2020-08-14,CSAN3,82.8
2020-08-14,CSMG3,52.2
2020-08-14,CSNA3,13.68
2020-08-14,CVCB3,19.44
2020-08-14,CYRE3,24.36
2020-08-14,DIRR3,15.03
2020-08-14,ECOR3,13.37
2020-08-14,EGIE3,43.79
2020-08-14,ELET3,34.08
2020-08-14,ELET6,35.64
2020-08-14,EMBR3,7.68
2020-08-14,ENBR3,17.59
2020-08-14,ENEV3,49.2
2020-08-14,ENGI11,45.0
2020-08-14,EQTL3,24.01
2020-08-14,EZTC3,38.54
2020-08-14,FLRY3,24.76
2020-08-14,GGBR4,17.99
2020-08-14,GNDI3,66.84
2020-08-14,GOAU4,8.31
2020-08-14,GOLL4,18.68
2020-08-14,HAPV3,64.12
2020-08-14,HGTX3,16.43
2020-08-14,HYPE3,33.5
2020-08-14,IGTA3,34.77
2020-08-14,IRBR3,7.77
2020-08-14,ITSA4,9.93
2020-08-14,ITUB4,24.73
2020-08-14,JBSS3,23.3
2020-08-14,JHSF3,8.46
2020-08-14,KLBN11,25.15
2020-08-14,LAME4,34.24
2020-08-14,LCAM3,20.35
2020-08-14,LOGG3,35.19
2020-08-14,LREN3,41.61
2020-08-14,LWSA3,53.1
2020-08-14,MGLU3,81.76
2020-08-14,MRFG3,15.26
2020-08-14,MRVE3,18.3
2020-08-14,MULT3,22.67
2020-08-14,NTCO3,51.43
2020-08-14,PCAR3,65.62
2020-08-14,PETR3,23.25
2020-08-14,PETR4,22.67
2020-08-14,POMO4,2.77
2020-08-14,PRIO3,43.09
2020-08-14,PSSA3,56.96
2020-08-14,QUAL3,28.13
2020-08-14,RADL3,112.98
2020-08-14,RAIL3,22.81
2020-08-14,RENT3,49.58
2020-08-14,SANB11,28.9
2020-08-14,SBSP3,56.42
2020-08-14,SLCE3,23.9
2020-08-14,SMLS3,14.98
2020-08-14,SMTO3,24.6
2020-08-14,SOMA3,11.59
2020-08-14,STBP3,5.34
2020-08-14,SULA11,47.6
2020-08-14,SUZB3,50.49
2020-08-14,TAEE11,29.26
2020-08-14,TEND3,31.88
2020-08-14,TIMP3,15.24
2020-08-14,TOTS3,27.77
2020-08-14,TRPL4,22.04
2020-08-14,UGPA3,18.78
2020-08-14,USIM5,8.78
2020-08-14,VALE3,61.35
2020-08-14,VIVA3,22.0
2020-08-14,VIVT3,50.25
2020-08-14,VIVT4,50.11
2020-08-14,VVAR3,18.6
2020-08-14,WEGE3,69.17
2020-08-14,YDUQ3,31.35
2020-08-17,ABEV3,12.85
2020-08-17,ALPA4,34.44
2020-08-17,ALSO3,27.18
2020-08-17,ARZZ3,52.87
2020-08-17,AZUL4,21.25
2020-08-17,B3SA3,58.1
2020-08-17,BBAS3,32.33
2020-08-17,BBDC3,19.15
2020-08-17,BBDC4,20.61
2020-08-17,BBSE3,26.25
2020-08-17,BEEF3,13.28
2020-08-17,BIDI11,55.4
2020-08-17,BIDI4,19.2
2020-08-17,BPAC11,79.11
2020-08-17,BPAN4,8.54
2020-08-17,BRAP4,44.94
2020-08-17,BRDT3,20.55
2020-08-17,BRFS3,20.98
2020-08-17,BRKM5,23.45
2020-08-17,BRML3,9.65
2020-08-17,BTOW3,108.46
2020-08-17,CCRO3,13.03
2020-08-17,CEAB3,10.16
2020-08-17,CIEL3,4.8
2020-08-17,CMIG4,10.19
2020-08-17,COGN3,6.88
2020-08-17,CPFE3,29.03
2020-08-17,CPLE3,59.37
2020-08-17,CPLE6,60.07
2020-08-17,CRFB3,19.7
2020-08-17,CSAN3,81.55
2020-08-17,CSMG3,50.29
2020-08-17,CSNA3,13.94
2020-08-17,CVCB3,18.87
2020-08-17,CYRE3,23.5
2020-08-17,DIRR3,14.28
2020-08-17,ECOR3,12.8
2020-08-17,EGIE3,42.9
2020-08-17,ELET3,31.81
2020-08-17,ELET6,33.8
2020-08-17,EMBR3,7.39
2020-08-17,ENBR3,17.24
2020-08-17,ENEV3,46.74
2020-08-17,ENGI11,43.6
2020-08-17,EQTL3,23.41
2020-08-17,EZTC3,36.92
2020-08-17,FLRY3,24.36
2020-08-17,GGBR4,18.02
2020-08-17,GNDI3,65.84
2020-08-17,GOAU4,8.36
2020-08-17,GOLL4,17.55
2020-08-17,HAPV3,62.45
2020-08-17,HGTX3,15.06
2020-08-17,HYPE3,32.46
2020-08-17,IGTA3,33.22
2020-08-17,IRBR3,7.47
2020-08-17,ITSA4,9.63
2020-08-17,ITUB4,24.14
2020-08-17,JBSS3,23.89
2020-08-17,JHSF3,7.82
2020-08-17,KLBN11,25.68
2020-08-17,LAME4,33.12
2020-08-17,LCAM3,19.27
2020-08-17,LOGG3,33.38
2020-08-17,LREN3,40.58
2020-08-17,LWSA3,53.3
2020-08-17,MGLU3,81.65
2020-08-17,MRFG3,16.08
2020-08-17,MRVE3,17.44
2020-08-17,MULT3,21.85
2020-08-17,NTCO3,50.87
2020-08-17,PCAR3,63.92
2020-08-17,PETR3,23.26
2020-08-17,PETR4,22.6
2020-08-17,POMO4,2.68
2020-08-17,PRIO3,42.07
2020-08-17,PSSA3,54.99
2020-08-17,QUAL3,27.29
2020-08-17,RADL3,110.38
2020-08-17,RAIL3,22.22
2020-08-17,RENT3,47.72
2020-08-17,SANB11,28.71
2020-08-17,SBSP3,54.51
2020-08-17,SLCE3,24.08
2020-08-17,SMLS3,14.28
2020-08-17,SMTO3,24.7
2020-08-17,SOMA3,11.34
2020-08-17,STBP3,5.06
2020-08-17,SULA11,47.14
2020-08-17,SUZB3,50.98
2020-08-17,TAEE11,29.19
2020-08-17,TEND3,29.94
2020-08-17,TIMP3,14.66
2020-08-17,TOTS3,27.0
2020-08-17,TRPL4,22.01
2020-08-17,UGPA3,18.27
2020-08-17,USIM5,8.85
2020-08-17,VALE3,62.23
2020-08-17,VIVA3,21.12
2020-08-17,VIVT3,49.19
2020-08-17,VIVT4,49.24
2020-08-17,VVAR3,17.54
2020-08-17,WEGE3,67.97
2020-08-17,YDUQ3,30.39
2020-08-18,ABEV3,13.08
2020-08-18,ALPA4,34.76
2020-08-18,ALSO3,27.74
2020-08-18,ARZZ3,56.14
2020-08-18,AZUL4,21.8
2020-08-18,B3SA3,61.8
2020-08-18,BBAS3,32.77
2020-08-18,BBDC3,19.42
2020-08-18,BBDC4,20.83
2020-08-18,BBSE3,27.02
2020-08-18,BEEF3,13.41
2020-08-18,BIDI11,59.38
2020-08-18,BIDI4,20.42
2020-08-18,BPAC11,85.71
2020-08-18,BPAN4,8.97
2020-08-18,BRAP4,46.35
2020-08-18,BRDT3,21.5
2020-08-18,BRFS3,21.09
2020-08-18,BRKM5,23.98
2020-08-18,BRML3,9.75
2020-08-18,BTOW3,114.4
2020-08-18,CCRO3,13.59
2020-08-18,CEAB3,10.4
2020-08-18,CIEL3,4.84
2020-08-18,CMIG4,10.46
2020-08-18,COGN3,6.96
2020-08-18,CPFE3,29.89
2020-08-18,CPLE3,60.25
2020-08-18,CPLE6,61.35
2020-08-18,CRFB3,20.07
2020-08-18,CSAN3,85.17
2020-08-18,CSMG3,51.96
2020-08-18,CSNA3,14.82
2020-08-18,CVCB3,19.34
2020-08-18,CYRE3,24.33
2020-08-18,DIRR3,14.68
2020-08-18,ECOR3,13.69
2020-08-18,EGIE3,43.29
2020-08-18,ELET3,32.58
2020-08-18,ELET6,34.37
2020-08-18,EMBR3,7.39
2020-08-18,ENBR3,17.55
2020-08-18,ENEV3,48.37
2020-08-18,ENGI11,45.1
2020-08-18,EQTL3,23.96
2020-08-18,EZTC3,39.01
2020-08-18,FLRY3,24.99
2020-08-18,GGBR4,19.49
2020-08-18,GNDI3,67.0
2020-08-18,GOAU4,8.95
2020-08-18,GOLL4,18.14
2020-08-18,HAPV3,62.93
2020-08-18,HGTX3,15.67
2020-08-18,HYPE3,32.88
2020-08-18,IGTA3,33.72
2020-08-18,IRBR3,7.55
2020-08-18,ITSA4,9.8
2020-08-18,ITUB4,24.24
2020-08-18,JBSS3,23.86
2020-08-18,JHSF3,8.56
2020-08-18,KLBN11,25.87
2020-08-18,LAME4,33.68
2020-08-18,LCAM3,20.2
2020-08-18,LOGG3,34.33
2020-08-18,LREN3,41.31
2020-08-18,LWSA3,56.1
2020-08-18,MGLU3,89.5
2020-08-18,MRFG3,16.25
2020-08-18,MRVE3,18.8
2020-08-18,MULT3,21.84
2020-08-18,NTCO3,51.4
2020-08-18,PCAR3,65.31
2020-08-18,PETR3,23.61
2020-08-18,PETR4,23.02
2020-08-18,POMO4,2.81
2020-08-18,PRIO3,44.05
2020-08-18,PSSA3,56.65
2020-08-18,QUAL3,28.39
2020-08-18,RADL3,110.95
2020-08-18,RAIL3,22.48
2020-08-18,RENT3,49.6
2020-08-18,SANB11,29.06
2020-08-18,SBSP3,55.55
2020-08-18,SLCE3,24.22
2020-08-18,SMLS3,14.38
2020-08-18,SMTO3,24.53
2020-08-18,SOMA3,11.59
2020-08-18,STBP3,5.34
2020-08-18,SULA11,48.46
2020-08-18,SUZB3,52.0
2020-08-18,TAEE11,28.13
2020-08-18,TEND3,31.61
2020-08-18,TIMP3,14.87
2020-08-18,TOTS3,28.0
2020-08-18,TRPL4,22.1
2020-08-18,UGPA3,18.81
2020-08-18,USIM5,9.45
2020-08-18,VALE3,63.06
2020-08-18,VIVA3,21.82
2020-08-18,VIVT3,50.0
2020-08-18,VIVT4,49.91
2020-08-18,VVAR3,18.97
2020-08-18,WEGE3,67.7
2020-08-18,YDUQ3,31.4
2020-08-19,ABEV3,12.85
2020-08-19,ALPA4,34.13
2020-08-19,ALSO3,26.85
2020-08-19,ARZZ3,54.0
2020-08-19,AZUL4,21.47
2020-08-19,B3SA3,59.57
2020-08-19,BBAS3,32.62
2020-08-19,BBDC3,19.35
2020-08-19,BBDC4,20.75
2020-08-19,BBSE3,26.52
2020-08-19,BEEF3,13.43
2020-08-19,BIDI11,58.99
2020-08-19,BIDI4,20.16
2020-08-19,BPAC11,83.88
2020-08-19,BPAN4,8.87
2020-08-19,BRAP4,46.11
2020-08-19,BRDT3,21.25
2020-08-19,BRFS3,20.83
2020-08-19,BRKM5,23.68
2020-08-19,BRML3,9.56
2020-08-19,BTOW3,112.39
2020-08-19,CCRO3,13.62
2020-08-19,CEAB3,10.32
2020-08-19,CIEL3,4.9
2020-08-19,CMIG4,10.52
2020-08-19,COGN3,6.58
2020-08-19,CPFE3,29.35
2020-08-19,CPLE3,60.42
2020-08-19,CPLE6,61.06
2020-08-19,CRFB3,19.65
2020-08-19,CSAN3,82.96
2020-08-19,CSMG3,50.42
2020-08-19,CSNA3,14.89
2020-08-19,CVCB3,18.94
2020-08-19,CYRE3,23.55
2020-08-19,DIRR3,14.61
2020-08-19,ECOR3,13.69
2020-08-19,EGIE3,43.03
2020-08-19,ELET3,31.67
2020-08-19,ELET6,33.16
2020-08-19,EMBR3,7.16
2020-08-19,ENBR3,17.39
2020-08-19,ENEV3,48.88
2020-08-19,ENGI11,43.88
2020-08-19,EQTL3,23.32
2020-08-19,EZTC3,39.13
2020-08-19,FLRY3,24.75
2020-08-19,GGBR4,20.02
2020-08-19,GNDI3,65.34
2020-08-19,GOAU4,9.16
2020-08-19,GOLL4,17.75
2020-08-19,HAPV3,61.98
2020-08-19,HGTX3,15.75
2020-08-19,HYPE3,31.75
2020-08-19,IGTA3,33.44
2020-08-19,IRBR3,7.19
2020-08-19,ITSA4,9.73
2020-08-19,ITUB4,24.12
2020-08-19,JBSS3,24.61
2020-08-19,JHSF3,8.1
2020-08-19,KLBN11,25.77
2020-08-19,LAME4,32.75
2020-08-19,LCAM3,19.94
2020-08-19,LOGG3,33.5
2020-08-19,LREN3,39.76
2020-08-19,LWSA3,57.7
2020-08-19,MGLU3,89.7
2020-08-19,MRFG3,17.22
2020-08-19,MRVE3,18.3
2020-08-19,MULT3,21.56
2020-08-19,NTCO3,50.84
2020-08-19,PCAR3,63.9
2020-08-19,PETR3,23.51
2020-08-19,PETR4,22.89
2020-08-19,POMO4,2.81
2020-08-19,PRIO3,46.71
2020-08-19,PSSA3,56.2
2020-08-19,QUAL3,27.84
2020-08-19,RADL3,107.14
2020-08-19,RAIL3,22.37
2020-08-19,RENT3,49.01
2020-08-19,SANB11,29.0
2020-08-19,SBSP3,52.75
2020-08-19,SLCE3,24.8
2020-08-19,SMLS3,13.8
2020-08-19,SMTO3,24.56
2020-08-19,SOMA3,11.45
2020-08-19,STBP3,5.29
2020-08-19,SULA11,46.41
2020-08-19,SUZB3,50.63
2020-08-19,TAEE11,28.47
2020-08-19,TEND3,31.5
2020-08-19,TIMP3,14.71
2020-08-19,TOTS3,27.7
2020-08-19,TRPL4,22.09
2020-08-19,UGPA3,19.69
2020-08-19,USIM5,9.65
2020-08-19,VALE3,62.39
2020-08-19,VIVA3,21.54
2020-08-19,VIVT3,49.57
2020-08-19,VIVT4,49.32
2020-08-19,VVAR3,19.28
2020-08-19,WEGE3,65.88
2020-08-19,YDUQ3,31.0
2020-08-20,ABEV3,12.88
2020-08-20,ALPA4,35.53
2020-08-20,ALSO3,28.01
2020-08-20,ARZZ3,53.13
2020-08-20,AZUL4,21.57
2020-08-20,B3SA3,62.34
2020-08-20,BBAS3,32.65
2020-08-20,BBDC3,19.22
2020-08-20,BBDC4,20.7
2020-08-20,BBSE3,26.48
2020-08-20,BEEF3,13.53
2020-08-20,BIDI11,60.0
2020-08-20,BIDI4,20.66
2020-08-20,BPAC11,83.14
2020-08-20,BPAN4,8.74
2020-08-20,BRAP4,46.5
2020-08-20,BRDT3,21.77
2020-08-20,BRFS3,20.59
2020-08-20,BRKM5,24.38
2020-08-20,BRML3,9.88
2020-08-20,BTOW3,112.81
2020-08-20,CCRO3,13.68
2020-08-20,CEAB3,10.75
2020-08-20,CIEL3,4.88
2020-08-20,CMIG4,10.45
2020-08-20,COGN3,6.57
2020-08-20,CPFE3,29.28
2020-08-20,CPLE3,59.54
2020-08-20,CPLE6,60.3
2020-08-20,CRFB3,19.86
2020-08-20,CSAN3,83.81
2020-08-20,CSMG3,49.55
2020-08-20,CSNA3,14.81
2020-08-20,CVCB3,19.17
2020-08-20,CYRE3,24.43
2020-08-20,DIRR3,14.95
2020-08-20,ECOR3,13.71
2020-08-20,EGIE3,42.7
2020-08-20,ELET3,31.82
2020-08-20,ELET6,32.9
2020-08-20,EMBR3,7.16
2020-08-20,ENBR3,17.31
2020-08-20,ENEV3,49.0
2020-08-20,ENGI11,44.6
2020-08-20,EQTL3,23.59
2020-08-20,EZTC3,40.1
2020-08-20,FLRY3,24.68
2020-08-20,GGBR4,20.27
2020-08-20,GNDI3,65.66
2020-08-20,GOAU4,9.28
2020-08-20,GOLL4,17.7
2020-08-20,HAPV3,62.13
2020-08-20,HGTX3,15.92
2020-08-20,HYPE3,31.84
2020-08-20,IGTA3,34.39
2020-08-20,IRBR3,7.31
2020-08-20,ITSA4,9.67
2020-08-20,ITUB4,24.12
2020-08-20,JBSS3,24.43
2020-08-20,JHSF3,8.56
2020-08-20,KLBN11,26.18
2020-08-20,LAME4,32.98
2020-08-20,LCAM3,20.2
2020-08-20,LOGG3,33.28
2020-08-20,LREN3,41.12
2020-08-20,LWSA3,57.5
2020-08-20,MGLU3,87.35
2020-08-20,MRFG3,17.46
2020-08-20,MRVE3,18.61
2020-08-20,MULT3,22.4
2020-08-20,NTCO3,49.87
2020-08-20,PCAR3,64.15
2020-08-20,PETR3,23.26
2020-08-20,PETR4,22.73
2020-08-20,POMO4,2.83
2020-08-20,PRIO3,45.89
2020-08-20,PSSA3,56.8
2020-08-20,QUAL3,27.52
2020-08-20,RADL3,108.75
2020-08-20,RAIL3,22.78
2020-08-20,RENT3,49.94
2020-08-20,SANB11,28.9
2020-08-20,SBSP3,51.49
2020-08-20,SLCE3,25.08
2020-08-20,SMLS3,13.76
2020-08-20,SMTO3,24.49
2020-08-20,SOMA3,11.3
2020-08-20,STBP3,5.35
2020-08-20,SULA11,46.75
2020-08-20,SUZB3,52.25
2020-08-20,TAEE11,28.65
2020-08-20,TEND3,32.72
2020-08-20,TIMP3,14.71
2020-08-20,TOTS3,27.54
2020-08-20,TRPL4,21.93
2020-08-20,UGPA3,19.93
2020-08-20,USIM5,9.75
2020-08-20,VALE3,62.95
2020-08-20,VIVA3,21.5
2020-08-20,VIVT3,49.79
2020-08-20,VIVT4,49.47
2020-08-20,VVAR3,19.55
2020-08-20,WEGE3,67.22
2020-08-20,YDUQ3,31.85
2020-08-21,ABEV3,12.97
2020-08-21,ALPA4,36.75
2020-08-21,ALSO3,27.73
2020-08-21,ARZZ3,53.2
2020-08-21,AZUL4,21.69
2020-08-21,B3SA3,60.97
2020-08-21,BBAS3,32.95
2020-08-21,BBDC3,19.31
2020-08-21,BBDC4,20.7
2020-08-21,BBSE3,26.63
2020-08-21,BEEF3,13.68
2020-08-21,BIDI11,61.7
2020-08-21,BIDI4,21.33
2020-08-21,BPAC11,82.63
2020-08-21,BPAN4,8.75
2020-08-21,BRAP4,45.67
2020-08-21,BRDT3,22.56
2020-08-21,BRFS3,20.52
2020-08-21,BRKM5,24.19
2020-08-21,BRML3,9.83
2020-08-21,BTOW3,115.77
2020-08-21,CCRO3,13.45
2020-08-21,CEAB3,11.33
2020-08-21,CIEL3,4.94
2020-08-21,CMIG4,10.81
2020-08-21,COGN3,6.56
2020-08-21,CPFE3,29.49
2020-08-21,CPLE3,62.0
2020-08-21,CPLE6,62.32
2020-08-21,CRFB3,19.39
2020-08-21,CSAN3,83.36
2020-08-21,CSMG3,49.85
2020-08-21,CSNA3,14.48
2020-08-21,CVCB3,19.97
2020-08-21,CYRE3,24.66
2020-08-21,DIRR3,14.79
2020-08-21,ECOR3,13.42
2020-08-21,EGIE3,42.7
2020-08-21,ELET3,34.07
2020-08-21,ELET6,34.53
2020-08-21,EMBR3,7.24
2020-08-21,ENBR3,17.5
2020-08-21,ENEV3,48.77
2020-08-21,ENGI11,45.14
2020-08-21,EQTL3,23.44
2020-08-21,EZTC3,40.46
2020-08-21,FLRY3,24.98
2020-08-21,GGBR4,19.68
2020-08-21,GNDI3,69.17
2020-08-21,GOAU4,9.04
2020-08-21,GOLL4,17.71
2020-08-21,HAPV3,62.61
2020-08-21,HGTX3,17.51
2020-08-21,HYPE3,32.68
2020-08-21,IGTA3,34.14
2020-08-21,IRBR3,8.21
2020-08-21,ITSA4,9.73
2020-08-21,ITUB4,24.08
2020-08-21,JBSS3,24.38
2020-08-21,JHSF3,8.23
2020-08-21,KLBN11,26.11
2020-08-21,LAME4,33.02
2020-08-21,LCAM3,19.87
2020-08-21,LOGG3,32.43
2020-08-21,LREN3,41.97
2020-08-21,LWSA3,57.3
2020-08-21,MGLU3,87.35
2020-08-21,MRFG3,17.47
2020-08-21,MRVE3,19.26
2020-08-21,MULT3,22.15
2020-08-21,NTCO3,49.81
2020-08-21,PCAR3,64.65
2020-08-21,PETR3,23.08
2020-08-21,PETR4,22.56
2020-08-21,POMO4,2.84
2020-08-21,PRIO3,44.77
2020-08-21,PSSA3,56.59
2020-08-21,QUAL3,29.67
2020-08-21,RADL3,107.5
2020-08-21,RAIL3,22.56
2020-08-21,RENT3,48.97
2020-08-21,SANB11,28.9
2020-08-21,SBSP3,51.89
2020-08-21,SLCE3,24.99
2020-08-21,SMLS3,13.9
2020-08-21,SMTO3,24.5
2020-08-21,SOMA3,11.38
2020-08-21,STBP3,5.5
2020-08-21,SULA11,46.2
2020-08-21,SUZB3,52.15
2020-08-21,TAEE11,28.32
2020-08-21,TEND3,33.12
2020-08-21,TIMP3,14.75
2020-08-21,TOTS3,28.1
2020-08-21,TRPL4,21.79
2020-08-21,UGPA3,20.73
2020-08-21,USIM5,9.57
2020-08-21,VALE3,62.2
2020-08-21,VIVA3,22.1
2020-08-21,VIVT3,49.42
2020-08-21,VIVT4,49.31
2020-08-21,VVAR3,19.74
2020-08-21,WEGE3,67.6
2020-08-21,YDUQ3,32.31
2020-08-24,ABEV3,12.86
2020-08-24,ALPA4,36.54
2020-08-24,ALSO3,27.63
2020-08-24,ARZZ3,53.0
2020-08-24,AZUL4,22.57
2020-08-24,B3SA3,60.9
2020-08-24,BBAS3,33.45
2020-08-24,BBDC3,19.61
2020-08-24,BBDC4,21.17
2020-08-24,BBSE3,26.49
2020-08-24,BEEF3,13.82
2020-08-24,BIDI11,61.4
2020-08-24,BIDI4,21.34
2020-08-24,BPAC11,83.39
2020-08-24,BPAN4,8.9
2020-08-24,BRAP4,45.58
2020-08-24,BRDT3,22.35
2020-08-24,BRFS3,20.37
2020-08-24,BRKM5,24.2
2020-08-24,BRML3,9.8
2020-08-24,BTOW3,115.14
2020-08-24,CCRO3,13.46
2020-08-24,CEAB3,11.15
2020-08-24,CIEL3,5.03
2020-08-24,CMIG4,10.8
2020-08-24,COGN3,6.37
2020-08-24,CPFE3,29.38
2020-08-24,CPLE3,63.22
2020-08-24,CPLE6,63.5
2020-08-24,CRFB3,19.36
2020-08-24,CSAN3,85.39
2020-08-24,CSMG3,50.48
2020-08-24,CSNA3,14.55
2020-08-24,CVCB3,20.09
2020-08-24,CYRE3,24.2
2020-08-24,DIRR3,14.76
2020-08-24,ECOR3,13.53
2020-08-24,EGIE3,42.74
2020-08-24,ELET3,37.39
2020-08-24,ELET6,37.3
2020-08-24,EMBR3,7.64
2020-08-24,ENBR3,17.66
2020-08-24,ENEV3,48.0
2020-08-24,ENGI11,45.55
2020-08-24,EQTL3,24.13
2020-08-24,EZTC3,39.78
2020-08-24,FLRY3,25.0
2020-08-24,GGBR4,19.57
2020-08-24,GNDI3,69.73
2020-08-24,GOAU4,9.02
2020-08-24,GOLL4,18.34
2020-08-24,HAPV3,62.16
2020-08-24,HGTX3,17.35
2020-08-24,HYPE3,32.29
2020-08-24,IGTA3,34.15
2020-08-24,IRBR3,7.93
2020-08-24,ITSA4,9.83
2020-08-24,ITUB4,24.48
2020-08-24,JBSS3,24.52
2020-08-24,JHSF3,7.92
2020-08-24,KLBN11,26.58
2020-08-24,LAME4,32.8
2020-08-24,LCAM3,20.21
2020-08-24,LOGG3,32.0
2020-08-24,LREN3,41.99
2020-08-24,LWSA3,58.3
2020-08-24,MGLU3,87.08
2020-08-24,MRFG3,17.81
2020-08-24,MRVE3,19.11
2020-08-24,MULT3,22.09
2020-08-24,NTCO3,50.6
2020-08-24,PCAR3,64.81
2020-08-24,PETR3,23.54
2020-08-24,PETR4,22.97
2020-08-24,POMO4,2.88
2020-08-24,PRIO3,44.28
2020-08-24,PSSA3,56.27
2020-08-24,QUAL3,30.08
2020-08-24,RADL3,107.83
2020-08-24,RAIL3,22.41
2020-08-24,RENT3,49.04
2020-08-24,SANB11,29.35
2020-08-24,SBSP3,51.35
2020-08-24,SLCE3,25.13
2020-08-24,SMLS3,14.46
2020-08-24,SMTO3,24.5
2020-08-24,SOMA3,11.25
2020-08-24,STBP3,5.54
2020-08-24,SULA11,45.7
2020-08-24,SUZB3,52.15
2020-08-24,TAEE11,28.25
2020-08-24,TEND3,32.32
2020-08-24,TIMP3,14.82
2020-08-24,TOTS3,27.81
2020-08-24,TRPL4,21.88
2020-08-24,UGPA3,20.65
2020-08-24,USIM5,9.69
2020-08-24,VALE3,62.96
2020-08-24,VIVA3,22.23
2020-08-24,VIVT3,50.0
2020-08-24,VIVT4,49.93
2020-08-24,VVAR3,20.35
2020-08-24,WEGE3,66.47
2020-08-24,YDUQ3,30.34
2020-08-25,ABEV3,12.75
2020-08-25,ALPA4,35.84
2020-08-25,ALSO3,27.63
2020-08-25,ARZZ3,54.0
2020-08-25,AZUL4,21.95
2020-08-25,B3SA3,61.85
2020-08-25,BBAS3,33.25
2020-08-25,BBDC3,19.6
2020-08-25,BBDC4,21.17
2020-08-25,BBSE3,26.75
2020-08-25,BEEF3,13.53
2020-08-25,BIDI11,60.91
2020-08-25,BIDI4,21.21
2020-08-25,BPAC11,81.1
2020-08-25,BPAN4,8.76
2020-08-25,BRAP4,45.23
2020-08-25,BRDT3,22.32
2020-08-25,BRFS3,20.0
2020-08-25,BRKM5,23.35
2020-08-25,BRML3,9.77
2020-08-25,BTOW3,114.33
2020-08-25,CCRO3,13.5
2020-08-25,CEAB3,11.6
2020-08-25,CIEL3,4.86
2020-08-25,CMIG4,11.12
2020-08-25,COGN3,6.2
2020-08-25,CPFE3,29.27
2020-08-25,CPLE3,64.25
2020-08-25,CPLE6,65.51
2020-08-25,CRFB3,19.8
2020-08-25,CSAN3,84.64
2020-08-25,CSMG3,51.05
2020-08-25,CSNA3,14.84
2020-08-25,CVCB3,19.65
2020-08-25,CYRE3,24.1
2020-08-25,DIRR3,14.48
2020-08-25,ECOR3,13.47
2020-08-25,EGIE3,43.43
2020-08-25,ELET3,38.2
2020-08-25,ELET6,38.46
2020-08-25,EMBR3,7.66
2020-08-25,ENBR3,17.69
2020-08-25,ENEV3,49.14
2020-08-25,ENGI11,45.09
2020-08-25,EQTL3,24.13
2020-08-25,EZTC3,39.44
2020-08-25,FLRY3,25.45
2020-08-25,GGBR4,19.55
2020-08-25,GNDI3,70.59
2020-08-25,GOAU4,8.96
2020-08-25,GOLL4,18.09
2020-08-25,HAPV3,62.5
2020-08-25,HGTX3,17.9
2020-08-25,HYPE3,33.27
2020-08-25,IGTA3,33.81
2020-08-25,IRBR3,7.94
2020-08-25,ITSA4,9.75
2020-08-25,ITUB4,24.3
2020-08-25,JBSS3,23.78
2020-08-25,JHSF3,7.87
2020-08-25,KLBN11,26.13
2020-08-25,LAME4,33.0
2020-08-25,LCAM3,20.32
2020-08-25,LOGG3,32.28
2020-08-25,LREN3,43.79
2020-08-25,LWSA3,61.0
2020-08-25,MGLU3,88.0
2020-08-25,MRFG3,17.83
2020-08-25,MRVE3,18.93
2020-08-25,MULT3,21.63
2020-08-25,NTCO3,49.62
2020-08-25,PCAR3,65.32
2020-08-25,PETR3,23.43
2020-08-25,PETR4,22.87
2020-08-25,POMO4,2.89
2020-08-25,PRIO3,44.3
2020-08-25,PSSA3,56.71
2020-08-25,QUAL3,30.7
2020-08-25,RADL3,107.43
2020-08-25,RAIL3,23.19
2020-08-25,RENT3,49.17
2020-08-25,SANB11,29.14
2020-08-25,SBSP3,51.94
2020-08-25,SLCE3,24.84
2020-08-25,SMLS3,14.49
2020-08-25,SMTO3,24.39
2020-08-25,SOMA3,11.4
2020-08-25,STBP3,5.54
2020-08-25,SULA11,45.42
2020-08-25,SUZB3,51.1
2020-08-25,TAEE11,28.37
2020-08-25,TEND3,32.08
2020-08-25,TIMP3,14.75
2020-08-25,TOTS3,27.84
2020-08-25,TRPL4,21.77
2020-08-25,UGPA3,20.42
2020-08-25,USIM5,9.88
2020-08-25,VALE3,61.62
2020-08-25,VIVA3,23.23
2020-08-25,VIVT3,50.0
2020-08-25,VIVT4,49.76
2020-08-25,VVAR3,20.7
2020-08-25,WEGE3,68.29
2020-08-25,YDUQ3,30.71
2020-08-26,ABEV3,12.7
2020-08-26,ALPA4,34.75
2020-08-26,ALSO3,26.6
2020-08-26,ARZZ3,54.17
2020-08-26,AZUL4,21.59
2020-08-26,B3SA3,60.5
2020-08-26,BBAS3,32.45
2020-08-26,BBDC3,19.16
2020-08-26,BBDC4,20.73
2020-08-26,BBSE3,26.33
2020-08-26,BEEF3,13.52
2020-08-26,BIDI11,60.41
2020-08-26,BIDI4,20.71
2020-08-26,BPAC11,80.65
2020-08-26,BPAN4,8.45
2020-08-26,BRAP4,44.77
2020-08-26,BRDT3,21.73
2020-08-26,BRFS3,19.6
2020-08-26,BRKM5,22.71
2020-08-26,BRML3,9.43
2020-08-26,BTOW3,111.0
2020-08-26,CCRO3,13.3
2020-08-26,CEAB3,11.45
2020-08-26,CIEL3,4.74
2020-08-26,CMIG4,10.65
2020-08-26,COGN3,6.06
2020-08-26,CPFE3,28.55
2020-08-26,CPLE3,62.86
2020-08-26,CPLE6,64.23
2020-08-26,CRFB3,19.2
2020-08-26,CSAN3,82.85
2020-08-26,CSMG3,50.2
2020-08-26,CSNA3,14.61
2020-08-26,CVCB3,18.87
2020-08-26,CYRE3,23.65
2020-08-26,DIRR3,14.41
2020-08-26,ECOR3,13.02
2020-08-26,EGIE3,43.11
2020-08-26,ELET3,36.4
2020-08-26,ELET6,36.92
2020-08-26,EMBR3,7.31
2020-08-26,ENBR3,17.3
2020-08-26,ENEV3,50.02
2020-08-26,ENGI11,44.35
2020-08-26,EQTL3,23.78
2020-08-26,EZTC3,39.22
2020-08-26,FLRY3,25.12
2020-08-26,GGBR4,19.54
2020-08-26,GNDI3,72.88
2020-08-26,GOAU4,8.89
2020-08-26,GOLL4,17.55
2020-08-26,HAPV3,62.43
2020-08-26,HGTX3,17.9
2020-08-26,HYPE3,32.5
2020-08-26,IGTA3,33.47
2020-08-26,IRBR3,7.69
2020-08-26,ITSA4,9.61
2020-08-26,ITUB4,23.79
2020-08-26,JBSS3,23.35
2020-08-26,JHSF3,7.36
2020-08-26,KLBN11,26.18
2020-08-26,LAME4,32.12
2020-08-26,LCAM3,20.18
2020-08-26,LOGG3,31.83
2020-08-26,LREN3,43.0
2020-08-26,LWSA3,64.14
2020-08-26,MGLU3,90.15
2020-08-26,MRFG3,18.07
2020-08-26,MRVE3,18.54
2020-08-26,MULT3,21.51
2020-08-26,NTCO3,49.14
2020-08-26,PCAR3,64.73
2020-08-26,PETR3,22.76
2020-08-26,PETR4,22.22
2020-08-26,POMO4,2.79
2020-08-26,PRIO3,43.83
2020-08-26,PSSA3,56.03
2020-08-26,QUAL3,29.9
2020-08-26,RADL3,107.94
2020-08-26,RAIL3,22.3
2020-08-26,RENT3,48.42
2020-08-26,SANB11,28.4
2020-08-26,SBSP3,50.21
2020-08-26,SLCE3,24.73
2020-08-26,SMLS3,14.32
2020-08-26,SMTO3,24.08
2020-08-26,SOMA3,10.93
2020-08-26,STBP3,5.37
2020-08-26,SULA11,44.62
2020-08-26,SUZB3,51.76
2020-08-26,TAEE11,28.17
2020-08-26,TEND3,31.17
2020-08-26,TIMP3,14.62
2020-08-26,TOTS3,28.1
2020-08-26,TRPL4,21.61
2020-08-26,UGPA3,19.6
2020-08-26,USIM5,9.74
2020-08-26,VALE3,61.75
2020-08-26,VIVA3,22.83
2020-08-26,VIVT3,49.3
2020-08-26,VIVT4,49.43
2020-08-26,VVAR3,20.29
2020-08-26,WEGE3,66.43
2020-08-26,YDUQ3,29.95
2020-08-27,ABEV3,12.68
2020-08-27,ALPA4,34.6
2020-08-27,ALSO3,26.42
2020-08-27,ARZZ3,54.8
2020-08-27,AZUL4,22.37
2020-08-27,B3SA3,60.28
2020-08-27,BBAS3,32.75
2020-08-27,BBDC3,19.56
2020-08-27,BBDC4,21.04
2020-08-27,BBSE3,26.5
2020-08-27,BEEF3,13.18
2020-08-27,BIDI11,66.6
2020-08-27,BIDI4,22.94
2020-08-27,BPAC11,82.78
2020-08-27,BPAN4,8.53
2020-08-27,BRAP4,43.7
2020-08-27,BRDT3,21.02
2020-08-27,BRFS3,19.7
2020-08-27,BRKM5,22.23
2020-08-27,BRML3,9.42
2020-08-27,BTOW3,111.23
2020-08-27,CCRO3,12.98
2020-08-27,CEAB3,11.47
2020-08-27,CIEL3,4.65
2020-08-27,CMIG4,10.78
2020-08-27,COGN3,6.07
2020-08-27,CPFE3,28.86
2020-08-27,CPLE3,62.37
2020-08-27,CPLE6,64.11
2020-08-27,CRFB3,19.4
2020-08-27,CSAN3,82.92
2020-08-27,CSMG3,49.5
2020-08-27,CSNA3,14.95
2020-08-27,CVCB3,19.09
2020-08-27,CYRE3,23.56
2020-08-27,DIRR3,14.66
2020-08-27,ECOR3,12.7
2020-08-27,EGIE3,42.99
2020-08-27,ELET3,36.06
2020-08-27,ELET6,36.53
2020-08-27,EMBR3,7.33
2020-08-27,ENBR3,17.14
2020-08-27,ENEV3,50.8
2020-08-27,ENGI11,44.57
2020-08-27,EQTL3,23.7
2020-08-27,EZTC3,38.83
2020-08-27,FLRY3,25.27
2020-08-27,GGBR4,19.25
2020-08-27,GNDI3,73.63
2020-08-27,GOAU4,8.79
2020-08-27,GOLL4,18.3
2020-08-27,HAPV3,62.76
2020-08-27,HGTX3,18.13
2020-08-27,HYPE3,32.47
2020-08-27,IGTA3,33.49
2020-08-27,IRBR3,7.62
2020-08-27,ITSA4,9.69
2020-08-27,ITUB4,24.18
2020-08-27,JBSS3,23.1
2020-08-27,JHSF3,7.38
2020-08-27,KLBN11,26.08
2020-08-27,LAME4,32.36
2020-08-27,LCAM3,20.7
2020-08-27,LOGG3,30.96
2020-08-27,LREN3,42.69
2020-08-27,LWSA3,60.8
2020-08-27,MGLU3,91.98
2020-08-27,MRFG3,17.87
2020-08-27,MRVE3,18.18
2020-08-27,MULT3,21.5
2020-08-27,NTCO3,49.23
2020-08-27,PCAR3,64.35
2020-08-27,PETR3,22.65
2020-08-27,PETR4,22.15
2020-08-27,POMO4,2.79
2020-08-27,PRIO3,43.07
2020-08-27,PSSA3,55.35
2020-08-27,QUAL3,29.83
2020-08-27,RADL3,107.75
2020-08-27,RAIL3,22.54
2020-08-27,RENT3,49.11
2020-08-27,SANB11,28.82
2020-08-27,SBSP3,50.55
2020-08-27,SLCE3,24.4
2020-08-27,SMLS3,14.7
2020-08-27,SMTO3,24.1
2020-08-27,SOMA3,10.78
2020-08-27,STBP3,5.34
2020-08-27,SULA11,44.0
2020-08-27,SUZB3,51.42
2020-08-27,TAEE11,28.27
2020-08-27,TEND3,30.97
2020-08-27,TIMP3,14.53
2020-08-27,TOTS3,28.21
2020-08-27,TRPL4,21.28
2020-08-27,UGPA3,19.45
2020-08-27,USIM5,9.76
2020-08-27,VALE3,60.79
2020-08-27,VIVA3,23.04
2020-08-27,VIVT3,49.28
2020-08-27,VIVT4,49.03
2020-08-27,VVAR3,20.36
2020-08-27,WEGE3,66.29
2020-08-27,YDUQ3,27.71
2020-08-28,ABEV3,12.75
2020-08-28,ALPA4,37.86
2020-08-28,ALSO3,27.2
2020-08-28,ARZZ3,57.06
2020-08-28,AZUL4,22.88
2020-08-28,B3SA3,61.02
2020-08-28,BBAS3,33.39
2020-08-28,BBDC3,19.93
2020-08-28,BBDC4,21.47
2020-08-28,BBSE3,27.55
2020-08-28,BEEF3,13.21
2020-08-28,BIDI11,64.75
2020-08-28,BIDI4,22.4
2020-08-28,BPAC11,82.8
2020-08-28,BPAN4,8.67
2020-08-28,BRAP4,44.71
2020-08-28,BRDT3,21.97
2020-08-28,BRFS3,19.92
2020-08-28,BRKM5,21.99
2020-08-28,BRML3,9.46
2020-08-28,BTOW3,115.56
2020-08-28,CCRO3,13.44
2020-08-28,CEAB3,12.08
2020-08-28,CIEL3,4.66
2020-08-28,CMIG4,10.97
2020-08-28,COGN3,6.01
2020-08-28,CPFE3,29.5
2020-08-28,CPLE3,62.99
2020-08-28,CPLE6,64.2
2020-08-28,CRFB3,19.77
2020-08-28,CSAN3,85.95
2020-08-28,CSMG3,49.79
2020-08-28,CSNA3,15.25
2020-08-28,CVCB3,19.16
2020-08-28,CYRE3,25.3
2020-08-28,DIRR3,15.59
2020-08-28,ECOR3,13.39
2020-08-28,EGIE3,43.36
2020-08-28,ELET3,37.49
2020-08-28,ELET6,37.56
2020-08-28,EMBR3,7.56
2020-08-28,ENBR3,17.53
2020-08-28,ENEV3,50.84
2020-08-28,ENGI11,45.7
2020-08-28,EQTL3,24.08
2020-08-28,EZTC3,40.2
2020-08-28,FLRY3,25.83
2020-08-28,GGBR4,19.6
2020-08-28,GNDI3,74.5
2020-08-28,GOAU4,8.94
2020-08-28,GOLL4,18.98
2020-08-28,HAPV3,64.48
2020-08-28,HGTX3,18.55
2020-08-28,HYPE3,33.64
2020-08-28,IGTA3,33.63
2020-08-28,IRBR3,7.5
2020-08-28,ITSA4,9.78
2020-08-28,ITUB4,24.43
2020-08-28,JBSS3,22.88
2020-08-28,JHSF3,7.52
2020-08-28,KLBN11,26.17
2020-08-28,LAME4,33.21
2020-08-28,LCAM3,20.92
2020-08-28,LOGG3,31.1
2020-08-28,LREN3,43.72
2020-08-28,LWSA3,59.84
2020-08-28,MGLU3,94.58
2020-08-28,MRFG3,17.62
2020-08-28,MRVE3,18.24
2020-08-28,MULT3,21.61
2020-08-28,NTCO3,50.42
2020-08-28,PCAR3,65.3
2020-08-28,PETR3,23.11
2020-08-28,PETR4,22.54
2020-08-28,POMO4,2.85
2020-08-28,PRIO3,42.99
2020-08-28,PSSA3,55.99
2020-08-28,QUAL3,31.5
2020-08-28,RADL3,107.65
2020-08-28,RAIL3,23.76
2020-08-28,RENT3,50.0
2020-08-28,SANB11,29.28
2020-08-28,SBSP3,50.18
2020-08-28,SLCE3,24.38
2020-08-28,SMLS3,14.79
2020-08-28,SMTO3,24.24
2020-08-28,SOMA3,10.8
2020-08-28,STBP3,5.37
2020-08-28,SULA11,44.8
2020-08-28,SUZB3,50.99
2020-08-28,TAEE11,28.4
2020-08-28,TEND3,31.69
2020-08-28,TIMP3,14.73
2020-08-28,TOTS3,28.8
2020-08-28,TRPL4,21.55
2020-08-28,UGPA3,20.28
2020-08-28,USIM5,10.05
2020-08-28,VALE3,61.1
2020-08-28,VIVA3,23.2
2020-08-28,VIVT3,49.69
2020-08-28,VIVT4,49.55
2020-08-28,VVAR3,20.22
2020-08-28,WEGE3,67.19
2020-08-28,YDUQ3,27.6
2020-08-31,ABEV3,12.31
2020-08-31,ALPA4,37.25
2020-08-31,ALSO3,26.42
2020-08-31,ARZZ3,56.12
2020-08-31,AZUL4,22.21
2020-08-31,B3SA3,58.8
2020-08-31,BBAS3,32.65
2020-08-31,BBDC3,19.03
2020-08-31,BBDC4,20.74
2020-08-31,BBSE3,26.38
2020-08-31,BEEF3,13.09
2020-08-31,BIDI11,64.74
2020-08-31,BIDI4,22.41
2020-08-31,BPAC11,80.33
2020-08-31,BPAN4,8.47
2020-08-31,BRAP4,43.99
2020-08-31,BRDT3,21.34
2020-08-31,BRFS3,19.59
2020-08-31,BRKM5,21.29
2020-08-31,BRML3,9.28
2020-08-31,BTOW3,112.09
2020-08-31,CCRO3,13.33
2020-08-31,CEAB3,12.06
2020-08-31,CIEL3,4.56
2020-08-31,CMIG4,10.53
2020-08-31,COGN3,5.7
2020-08-31,CPFE3,28.74
2020-08-31,CPLE3,60.77
2020-08-31,CPLE6,61.78
2020-08-31,CRFB3,19.55
2020-08-31,CSAN3,83.25
2020-08-31,CSMG3,47.6
2020-08-31,CSNA3,15.21
2020-08-31,CVCB3,18.3
2020-08-31,CYRE3,24.11
2020-08-31,DIRR3,14.91
2020-08-31,ECOR3,12.92
2020-08-31,EGIE3,42.63
2020-08-31,ELET3,35.51
2020-08-31,ELET6,35.89
2020-08-31,EMBR3,7.34
2020-08-31,ENBR3,18.69
2020-08-31,ENEV3,49.5
2020-08-31,ENGI11,43.45
2020-08-31,EQTL3,23.2
2020-08-31,EZTC3,38.84
2020-08-31,FLRY3,26.1
2020-08-31,GGBR4,19.09
2020-08-31,GNDI3,74.1
2020-08-31,GOAU4,8.79
2020-08-31,GOLL4,17.89
2020-08-31,HAPV3,64.73
2020-08-31,HGTX3,18.29
2020-08-31,HYPE3,31.65
2020-08-31,IGTA3,32.96
2020-08-31,IRBR3,7.13
2020-08-31,ITSA4,9.43
2020-08-31,ITUB4,23.55
2020-08-31,JBSS3,22.44
2020-08-31,JHSF3,7.11
2020-08-31,KLBN11,25.7
2020-08-31,LAME4,32.27
2020-08-31,LCAM3,20.4
2020-08-31,LOGG3,30.98
2020-08-31,LREN3,43.47
2020-08-31,LWSA3,61.44
2020-08-31,MGLU3,93.22
2020-08-31,MRFG3,17.8
2020-08-31,MRVE3,17.97
2020-08-31,MULT3,20.82
2020-08-31,NTCO3,49.34
2020-08-31,PCAR3,63.51
2020-08-31,PETR3,22.32
2020-08-31,PETR4,21.89
2020-08-31,POMO4,2.82
2020-08-31,PRIO3,41.89
2020-08-31,PSSA3,52.86
2020-08-31,QUAL3,31.24
2020-08-31,RADL3,107.8
2020-08-31,RAIL3,22.6
2020-08-31,RENT3,48.23
2020-08-31,SANB11,28.28
2020-08-31,SBSP3,47.75
2020-08-31,SLCE3,25.12
2020-08-31,SMLS3,14.08
2020-08-31,SMTO3,24.17
2020-08-31,SOMA3,10.62
2020-08-31,STBP3,5.2
2020-08-31,SULA11,43.18
2020-08-31,SUZB3,50.2
2020-08-31,TAEE11,28.21
2020-08-31,TEND3,30.69
2020-08-31,TIMP3,14.32
2020-08-31,TOTS3,28.86
2020-08-31,TRPL4,21.43
2020-08-31,UGPA3,19.44
2020-08-31,USIM5,10.15
2020-08-31,VALE3,59.68
2020-08-31,VIVA3,23.57
2020-08-31,VIVT3,48.5
2020-08-31,VIVT4,47.84
2020-08-31,VVAR3,20.5
2020-08-31,WEGE3,64.62
2020-08-31,YDUQ3,26.95
2020-09-01,ABEV3,12.65
2020-09-01,ALPA4,37.9
2020-09-01,ALSO3,27.38
2020-09-01,ARZZ3,58.87
2020-09-01,AZUL4,22.91
2020-09-01,B3SA3,60.05
2020-09-01,BBAS3,33.21
2020-09-01,BBDC3,19.62
2020-09-01,BBDC4,21.16
2020-09-01,BBSE3,26.9
2020-09-01,BEEF3,12.91
2020-09-01,BIDI11,65.15
2020-09-01,BIDI4,22.59
2020-09-01,BPAC11,83.86
2020-09-01,BPAN4,8.73
2020-09-01,BRAP4,45.18
2020-09-01,BRDT3,22.2
2020-09-01,BRFS3,19.88
2020-09-01,BRKM5,21.5
2020-09-01,BRML3,9.67
2020-09-01,BTOW3,113.51
2020-09-01,CCRO3,14.05
2020-09-01,CEAB3,12.79
2020-09-01,CIEL3,4.55
2020-09-01,CMIG4,10.84
2020-09-01,COGN3,5.95
2020-09-01,CPFE3,29.26
2020-09-01,CPLE3,61.6
2020-09-01,CPLE6,63.28
2020-09-01,CRFB3,20.2
2020-09-01,CSAN3,81.69
2020-09-01,CSMG3,48.95
2020-09-01,CSNA3,15.47
2020-09-01,CVCB3,18.7
2020-09-01,CYRE3,24.53
2020-09-01,DIRR3,15.46
2020-09-01,ECOR3,13.41
2020-09-01,EGIE3,43.61
2020-09-01,ELET3,36.5
2020-09-01,ELET6,36.89
2020-09-01,EMBR3,7.67
2020-09-01,ENBR3,18.99
2020-09-01,ENEV3,49.86
2020-09-01,ENGI11,44.28
2020-09-01,EQTL3,23.97
2020-09-01,EZTC3,39.85
2020-09-01,FLRY3,26.49
2020-09-01,GGBR4,20.0
2020-09-01,GNDI3,74.53
2020-09-01,GOAU4,9.14
2020-09-01,GOLL4,18.82
2020-09-01,HAPV3,68.99
2020-09-01,HGTX3,19.94
2020-09-01,HYPE3,32.16
2020-09-01,IGTA3,34.8
2020-09-01,IRBR3,6.97
2020-09-01,ITSA4,9.72
2020-09-01,ITUB4,24.34
2020-09-01,JBSS3,22.3
2020-09-01,JHSF3,7.31
2020-09-01,KLBN11,26.09
2020-09-01,LAME4,33.0
2020-09-01,LCAM3,20.7
2020-09-01,LOGG3,32.28
2020-09-01,LREN3,45.47
2020-09-01,LWSA3,64.45
2020-09-01,MGLU3,95.33
2020-09-01,MRFG3,17.2
2020-09-01,MRVE3,18.32
2020-09-01,MULT3,22.07
2020-09-01,NTCO3,50.86
2020-09-01,PCAR3,64.84
2020-09-01,PETR3,23.36
2020-09-01,PETR4,22.87
2020-09-01,POMO4,2.86
2020-09-01,PRIO3,44.0
2020-09-01,PSSA3,53.63
2020-09-01,QUAL3,31.32
2020-09-01,RADL3,112.15
2020-09-01,RAIL3,22.64
2020-09-01,RENT3,50.4
2020-09-01,SANB11,29.2
2020-09-01,SBSP3,49.35
2020-09-01,SLCE3,25.43
2020-09-01,SMLS3,14.74
2020-09-01,SMTO3,24.35
2020-09-01,SOMA3,10.85
2020-09-01,STBP3,5.48
2020-09-01,SULA11,44.19
2020-09-01,SUZB3,51.12
2020-09-01,TAEE11,28.55
2020-09-01,TEND3,31.11
2020-09-01,TIMP3,15.0
2020-09-01,TOTS3,28.85
2020-09-01,TRPL4,21.3
2020-09-01,UGPA3,20.65
2020-09-01,USIM5,10.66
2020-09-01,VALE3,61.76
2020-09-01,VIVA3,25.86
2020-09-01,VIVT3,49.18
2020-09-01,VIVT4,48.76
2020-09-01,VVAR3,20.47
2020-09-01,WEGE3,66.93
2020-09-01,YDUQ3,27.89
2020-09-02,ABEV3,12.76
2020-09-02,ALPA4,37.44
2020-09-02,ALSO3,27.55
2020-09-02,ARZZ3,59.39
2020-09-02,AZUL4,23.14
2020-09-02,B3SA3,59.97
2020-09-02,BBAS3,33.25
2020-09-02,BBDC3,19.6
2020-09-02,BBDC4,21.12
2020-09-02,BBSE3,27.23
2020-09-02,BEEF3,12.93
2020-09-02,BIDI11,69.35
2020-09-02,BIDI4,24.22
2020-09-02,BPAC11,83.1
2020-09-02,BPAN4,8.8
2020-09-02,BRAP4,44.74
2020-09-02,BRDT3,22.0
2020-09-02,BRFS3,20.45
2020-09-02,BRKM5,21.31
2020-09-02,BRML3,9.56
2020-09-02,BTOW3,110.9
2020-09-02,CCRO3,14.11
2020-09-02,CEAB3,12.67
2020-09-02,CIEL3,4.68
2020-09-02,CMIG4,10.87
2020-09-02,COGN3,5.93
2020-09-02,CPFE3,29.03
2020-09-02,CPLE3,62.83
2020-09-02,CPLE6,64.22
2020-09-02,CRFB3,20.52
2020-09-02,CSAN3,79.11
2020-09-02,CSMG3,49.0
2020-09-02,CSNA3,15.26
2020-09-02,CVCB3,18.5
2020-09-02,CYRE3,24.31
2020-09-02,DIRR3,15.7
2020-09-02,ECOR3,13.39
2020-09-02,EGIE3,43.83
2020-09-02,ELET3,37.74
2020-09-02,ELET6,37.86
2020-09-02,EMBR3,7.57
2020-09-02,ENBR3,18.81
2020-09-02,ENEV3,49.26
2020-09-02,ENGI11,44.48
2020-09-02,EQTL3,23.89
2020-09-02,EZTC3,40.8
2020-09-02,FLRY3,28.24
2020-09-02,GGBR4,19.79
2020-09-02,GNDI3,73.68
2020-09-02,GOAU4,9.0
2020-09-02,GOLL4,18.86
2020-09-02,HAPV3,67.81
2020-09-02,HGTX3,19.98
2020-09-02,HYPE3,33.26
2020-09-02,IGTA3,34.82
2020-09-02,IRBR3,7.01
2020-09-02,ITSA4,9.59
2020-09-02,ITUB4,24.29
2020-09-02,JBSS3,22.56
2020-09-02,JHSF3,7.13
2020-09-02,KLBN11,25.39
2020-09-02,LAME4,32.56
2020-09-02,LCAM3,20.76
2020-09-02,LOGG3,32.95
2020-09-02,LREN3,45.58
2020-09-02,LWSA3,66.42
2020-09-02,MGLU3,93.51
2020-09-02,MRFG3,17.52
2020-09-02,MRVE3,18.24
2020-09-02,MULT3,21.95
2020-09-02,NTCO3,50.91
2020-09-02,PCAR3,64.46
2020-09-02,PETR3,23.3
2020-09-02,PETR4,22.8
2020-09-02,POMO4,2.87
2020-09-02,PRIO3,43.38
2020-09-02,PSSA3,54.02
2020-09-02,QUAL3,32.2
2020-09-02,RADL3,112.62
2020-09-02,RAIL3,22.16
2020-09-02,RENT3,51.05
2020-09-02,SANB11,28.68
2020-09-02,SBSP3,50.3
2020-09-02,SLCE3,25.52
2020-09-02,SMLS3,15.06
2020-09-02,SMTO3,24.23
2020-09-02,SOMA3,10.89
2020-09-02,STBP3,5.52
2020-09-02,SULA11,44.17
2020-09-02,SUZB3,49.01
2020-09-02,TAEE11,28.58
2020-09-02,TEND3,30.81
2020-09-02,TIMP3,15.02
2020-09-02,TOTS3,29.85
2020-09-02,TRPL4,21.45
2020-09-02,UGPA3,20.75
2020-09-02,USIM5,10.7
2020-09-02,VALE3,61.32
2020-09-02,VIVA3,26.18
2020-09-02,VIVT3,48.6
2020-09-02,VIVT4,48.45
2020-09-02,VVAR3,20.61
2020-09-02,WEGE3,66.81
2020-09-02,YDUQ3,27.72
2020-09-03,ABEV3,12.6
2020-09-03,ALPA4,37.43
2020-09-03,ALSO3,27.05
2020-09-03,ARZZ3,58.17
2020-09-03,AZUL4,23.99
2020-09-03,B3SA3,57.82
2020-09-03,BBAS3,33.77
2020-09-03,BBDC3,20.35
2020-09-03,BBDC4,21.95
2020-09-03,BBSE3,26.97
2020-09-03,BEEF3,12.69
2020-09-03,BIDI11,64.49
2020-09-03,BIDI4,22.27
2020-09-03,BPAC11,81.47
2020-09-03,BPAN4,9.05
2020-09-03,BRAP4,43.78
2020-09-03,BRDT3,21.91
2020-09-03,BRFS3,19.86
2020-09-03,BRKM5,21.02
2020-09-03,BRML3,9.34
2020-09-03,BTOW3,102.5
2020-09-03,CCRO3,13.8
2020-09-03,CEAB3,12.52
2020-09-03,CIEL3,4.56
2020-09-03,CMIG4,10.92
2020-09-03,COGN3,5.8
2020-09-03,CPFE3,29.41
2020-09-03,CPLE3,62.5
2020-09-03,CPLE6,63.15
2020-09-03,CRFB3,20.75
2020-09-03,CSAN3,76.7
2020-09-03,CSMG3,48.67
2020-09-03,CSNA3,15.03
2020-09-03,CVCB3,18.1
2020-09-03,CYRE3,24.3
2020-09-03,DIRR3,15.02
2020-09-03,ECOR3,13.12
2020-09-03,EGIE3,43.28
2020-09-03,ELET3,36.61
2020-09-03,ELET6,37.49
2020-09-03,EMBR3,7.44
2020-09-03,ENBR3,18.78
2020-09-03,ENEV3,48.59
2020-09-03,ENGI11,43.52
2020-09-03,EQTL3,23.56
2020-09-03,EZTC3,39.76
2020-09-03,FLRY3,27.7
2020-09-03,GGBR4,19.38
2020-09-03,GNDI3,74.33
2020-09-03,GOAU4,8.82
2020-09-03,GOLL4,19.27
2020-09-03,HAPV3,66.9
2020-09-03,HGTX3,20.81
2020-09-03,HYPE3,32.62
2020-09-03,IGTA3,34.17
2020-09-03,IRBR3,6.84
2020-09-03,ITSA4,9.79
2020-09-03,ITUB4,24.88
2020-09-03,JBSS3,22.01
2020-09-03,JHSF3,6.92
2020-09-03,KLBN11,25.2
2020-09-03,LAME4,30.86
2020-09-03,LCAM3,21.12
2020-09-03,LOGG3,32.25
2020-09-03,LREN3,45.69
2020-09-03,LWSA3,61.32
2020-09-03,MGLU3,88.5
2020-09-03,MRFG3,16.9
2020-09-03,MRVE3,18.22
2020-09-03,MULT3,21.67
2020-09-03,NTCO3,50.27
2020-09-03,PCAR3,62.77
2020-09-03,PETR3,23.3
2020-09-03,PETR4,22.88
2020-09-03,POMO4,2.88
2020-09-03,PRIO3,43.37
2020-09-03,PSSA3,53.39
2020-09-03,QUAL3,31.53
2020-09-03,RADL3,111.58
2020-09-03,RAIL3,22.18
2020-09-03,RENT3,50.69
2020-09-03,SANB11,29.65
2020-09-03,SBSP3,48.99
2020-09-03,SLCE3,25.2
2020-09-03,SMLS3,14.85
2020-09-03,SMTO3,23.65
2020-09-03,SOMA3,11.14
2020-09-03,STBP3,5.35
2020-09-03,SULA11,43.9
2020-09-03,SUZB3,48.0
2020-09-03,TAEE11,28.33
2020-09-03,TEND3,30.63
2020-09-03,TIMP3,14.81
2020-09-03,TOTS3,28.12
2020-09-03,TRPL4,21.26
2020-09-03,UGPA3,20.98
2020-09-03,USIM5,10.39
2020-09-03,VALE3,59.32
2020-09-03,VIVA3,26.0
2020-09-03,VIVT3,48.85
2020-09-03,VIVT4,48.81
2020-09-03,VVAR3,19.19
2020-09-03,WEGE3,64.43
2020-09-03,YDUQ3,27.56
2020-09-04,ABEV3,12.6
2020-09-04,ALPA4,37.1
2020-09-04,ALSO3,27.4
2020-09-04,ARZZ3,58.83
2020-09-04,AZUL4,24.59
2020-09-04,B3SA3,58.33
2020-09-04,BBAS3,33.95
2020-09-04,BBDC3,20.32
2020-09-04,BBDC4,21.97
2020-09-04,BBSE3,27.0
2020-09-04,BEEF3,12.73
2020-09-04,BIDI11,61.06
2020-09-04,BIDI4,21.37
2020-09-04,BPAC11,79.5
2020-09-04,BPAN4,9.25
2020-09-04,BRAP4,44.3
2020-09-04,BRDT3,22.38
2020-09-04,BRFS3,19.98
2020-09-04,BRKM5,21.88
2020-09-04,BRML3,9.45
2020-09-04,BTOW3,102.3
2020-09-04,CCRO3,14.4
2020-09-04,CEAB3,12.69
2020-09-04,CIEL3,4.68
2020-09-04,CMIG4,10.79
2020-09-04,COGN3,6.01
2020-09-04,CPFE3,29.35
2020-09-04,CPLE3,62.45
2020-09-04,CPLE6,63.96
2020-09-04,CRFB3,20.62
2020-09-04,CSAN3,76.87
2020-09-04,CSMG3,48.84
2020-09-04,CSNA3,14.97
2020-09-04,CVCB3,18.07
2020-09-04,CYRE3,23.85
2020-09-04,DIRR3,15.17
2020-09-04,ECOR3,13.54
2020-09-04,EGIE3,43.28
2020-09-04,ELET3,36.45
2020-09-04,ELET6,37.14
2020-09-04,EMBR3,7.41
2020-09-04,ENBR3,18.9
2020-09-04,ENEV3,48.65
2020-09-04,ENGI11,44.11
2020-09-04,EQTL3,23.78
2020-09-04,EZTC3,39.7
2020-09-04,FLRY3,28.49
2020-09-04,GGBR4,19.92
2020-09-04,GNDI3,74.58
2020-09-04,GOAU4,9.07
2020-09-04,GOLL4,19.98
2020-09-04,HAPV3,66.41
2020-09-04,HGTX3,19.78
2020-09-04,HYPE3,32.27
2020-09-04,IGTA3,34.53
2020-09-04,IRBR3,6.95
2020-09-04,ITSA4,9.77
2020-09-04,ITUB4,24.96
2020-09-04,JBSS3,21.87
2020-09-04,JHSF3,7.11
2020-09-04,KLBN11,24.95
2020-09-04,LAME4,30.84
2020-09-04,LCAM3,21.59
2020-09-04,LOGG3,31.8
2020-09-04,LREN3,46.3
2020-09-04,LWSA3,62.7
2020-09-04,MGLU3,88.77
2020-09-04,MRFG3,16.72
2020-09-04,MRVE3,17.93
2020-09-04,MULT3,22.25
2020-09-04,NTCO3,49.45
2020-09-04,PCAR3,63.27
2020-09-04,PETR3,23.33
2020-09-04,PETR4,22.92
2020-09-04,POMO4,3.0
2020-09-04,PRIO3,44.05
2020-09-04,PSSA3,53.75
2020-09-04,QUAL3,33.95
2020-09-04,RADL3,112.34
2020-09-04,RAIL3,22.34
2020-09-04,RENT3,50.75
2020-09-04,SANB11,30.41
2020-09-04,SBSP3,49.16
2020-09-04,SLCE3,25.31
2020-09-04,SMLS3,15.38
2020-09-04,SMTO3,23.45
2020-09-04,SOMA3,12.0
2020-09-04,STBP3,5.32
2020-09-04,SULA11,44.08
2020-09-04,SUZB3,47.54
2020-09-04,TAEE11,28.42
2020-09-04,TEND3,30.55
2020-09-04,TIMP3,14.74
2020-09-04,TOTS3,27.61
2020-09-04,TRPL4,21.3
2020-09-04,UGPA3,21.49
2020-09-04,USIM5,10.65
2020-09-04,VALE3,60.49
2020-09-04,VIVA3,25.52
2020-09-04,VIVT3,48.98
2020-09-04,VIVT4,48.8
2020-09-04,VVAR3,18.9
2020-09-04,WEGE3,64.49
2020-09-04,YDUQ3,27.78
2020-09-08,ABEV3,12.35
2020-09-08,ALPA4,37.19
2020-09-08,ALSO3,28.42
2020-09-08,ARZZ3,58.62
2020-09-08,AZUL4,26.26
2020-09-08,B3SA3,57.04
2020-09-08,BBAS3,33.26
2020-09-08,BBDC3,19.93
2020-09-08,BBDC4,21.62
2020-09-08,BBSE3,26.58
2020-09-08,BEEF3,12.56
2020-09-08,BIDI11,57.98
2020-09-08,BIDI4,20.35
2020-09-08,BPAC11,78.03
2020-09-08,BPAN4,9.15
2020-09-08,BRAP4,43.53
2020-09-08,BRDT3,22.97
2020-09-08,BRFS3,19.85
2020-09-08,BRKM5,22.2
2020-09-08,BRML3,9.86
2020-09-08,BTOW3,99.36
2020-09-08,CCRO3,14.51
2020-09-08,CEAB3,12.67
2020-09-08,CIEL3,4.7
2020-09-08,CMIG4,10.72
2020-09-08,COGN3,6.15
2020-09-08,CPFE3,29.52
2020-09-08,CPLE3,62.7
2020-09-08,CPLE6,64.34
2020-09-08,CRFB3,20.77
2020-09-08,CSAN3,76.02
2020-09-08,CSMG3,48.96
2020-09-08,CSNA3,15.06
2020-09-08,CVCB3,18.0
2020-09-08,CYRE3,23.95
2020-09-08,DIRR3,15.61
2020-09-08,ECOR3,13.62
2020-09-08,EGIE3,44.12
2020-09-08,ELET3,36.37
2020-09-08,ELET6,37.05
2020-09-08,EMBR3,7.36
2020-09-08,ENBR3,18.81
2020-09-08,ENEV3,49.15
2020-09-08,ENGI11,43.78
2020-09-08,EQTL3,23.69
2020-09-08,EZTC3,39.69
2020-09-08,FLRY3,28.46
2020-09-08,GGBR4,19.69
2020-09-08,GNDI3,74.28
2020-09-08,GOAU4,8.93
2020-09-08,GOLL4,20.39
2020-09-08,HAPV3,67.34
2020-09-08,HGTX3,19.42
2020-09-08,HYPE3,31.59
2020-09-08,IGTA3,36.1
2020-09-08,IRBR3,6.72
2020-09-08,ITSA4,9.64
2020-09-08,ITUB4,24.4
2020-09-08,JBSS3,21.85
2020-09-08,JHSF3,7.32
2020-09-08,KLBN11,24.43
2020-09-08,LAME4,30.97
2020-09-08,LCAM3,22.35
2020-09-08,LOGG3,32.46
2020-09-08,LREN3,46.17
2020-09-08,LWSA3,59.5
2020-09-08,MGLU3,87.69
2020-09-08,MRFG3,16.33
2020-09-08,MRVE3,17.89
2020-09-08,MULT3,23.15
2020-09-08,NTCO3,48.7
2020-09-08,PCAR3,62.49
2020-09-08,PETR3,22.52
2020-09-08,PETR4,22.26
2020-09-08,POMO4,3.0
2020-09-08,PRIO3,41.37
2020-09-08,PSSA3,52.48
2020-09-08,QUAL3,34.42
2020-09-08,RADL3,114.68
2020-09-08,RAIL3,22.06
2020-09-08,RENT3,53.73
2020-09-08,SANB11,29.91
2020-09-08,SBSP3,49.19
2020-09-08,SLCE3,25.17
2020-09-08,SMLS3,16.14
2020-09-08,SMTO3,23.38
2020-09-08,SOMA3,11.15
2020-09-08,STBP3,5.49
2020-09-08,SULA11,43.5
2020-09-08,SUZB3,46.78
2020-09-08,TAEE11,28.76
2020-09-08,TEND3,30.76
2020-09-08,TIMP3,14.99
2020-09-08,TOTS3,27.7
2020-09-08,TRPL4,21.47
2020-09-08,UGPA3,21.52
2020-09-08,USIM5,10.54
2020-09-08,VALE3,59.27
2020-09-08,VIVA3,25.63
2020-09-08,VIVT3,49.2
2020-09-08,VIVT4,48.93
2020-09-08,VVAR3,18.15
2020-09-08,WEGE3,63.0
2020-09-08,YDUQ3,28.75
2020-09-09,ABEV3,12.35
2020-09-09,ALPA4,37.15
2020-09-09,ALSO3,27.78
2020-09-09,ARZZ3,60.22
2020-09-09,AZUL4,26.22
2020-09-09,B3SA3,58.26
2020-09-09,BBAS3,33.22
2020-09-09,BBDC3,19.98
2020-09-09,BBDC4,21.56
2020-09-09,BBSE3,26.6
2020-09-09,BEEF3,12.67
2020-09-09,BIDI11,57.5
2020-09-09,BIDI4,20.02
2020-09-09,BPAC11,81.51
2020-09-09,BPAN4,9.11
2020-09-09,BRAP4,43.73
2020-09-09,BRDT3,23.09
2020-09-09,BRFS3,19.88
2020-09-09,BRKM5,22.17
2020-09-09,BRML3,9.66
2020-09-09,BTOW3,102.8
2020-09-09,CCRO3,14.8
2020-09-09,CEAB3,12.86
2020-09-09,CIEL3,4.69
2020-09-09,CMIG4,11.19
2020-09-09,COGN3,5.9
2020-09-09,CPFE3,30.44
2020-09-09,CPLE3,64.32
2020-09-09,CPLE6,66.29
2020-09-09,CRFB3,20.87
2020-09-09,CSAN3,78.31
2020-09-09,CSMG3,49.36
2020-09-09,CSNA3,15.81
2020-09-09,CVCB3,17.71
2020-09-09,CYRE3,24.48
2020-09-09,DIRR3,15.83
2020-09-09,ECOR3,13.65
2020-09-09,EGIE3,45.3
2020-09-09,ELET3,36.38
2020-09-09,ELET6,36.82
2020-09-09,EMBR3,7.19
2020-09-09,ENBR3,19.12
2020-09-09,ENEV3,49.62
2020-09-09,ENGI11,44.81
2020-09-09,EQTL3,24.12
2020-09-09,EZTC3,40.94
2020-09-09,FLRY3,28.71
2020-09-09,GGBR4,20.53
2020-09-09,GNDI3,75.17
2020-09-09,GOAU4,9.37
2020-09-09,GOLL4,19.84
2020-09-09,HAPV3,68.29
2020-09-09,HGTX3,19.26
2020-09-09,HYPE3,31.62
2020-09-09,IGTA3,35.3
2020-09-09,IRBR3,6.51
2020-09-09,ITSA4,9.68
2020-09-09,ITUB4,24.43
2020-09-09,JBSS3,22.0
2020-09-09,JHSF3,7.2
2020-09-09,KLBN11,24.84
2020-09-09,LAME4,30.91
2020-09-09,LCAM3,22.84
2020-09-09,LOGG3,32.25
2020-09-09,LREN3,46.11
2020-09-09,LWSA3,59.15
2020-09-09,MGLU3,91.2
2020-09-09,MRFG3,16.27
2020-09-09,MRVE3,18.21
2020-09-09,MULT3,22.8
2020-09-09,NTCO3,50.72
2020-09-09,PCAR3,62.15
2020-09-09,PETR3,23.02
2020-09-09,PETR4,22.73
2020-09-09,POMO4,2.99
2020-09-09,PRIO3,41.31
2020-09-09,PSSA3,52.75
2020-09-09,QUAL3,34.5
2020-09-09,RADL3,113.42
2020-09-09,RAIL3,22.08
2020-09-09,RENT3,54.87
2020-09-09,SANB11,29.71
2020-09-09,SBSP3,50.1
2020-09-09,SLCE3,25.11
2020-09-09,SMLS3,15.44
2020-09-09,SMTO3,23.9
2020-09-09,SOMA3,10.84
2020-09-09,STBP3,5.18
2020-09-09,SULA11,43.49
2020-09-09,SUZB3,47.05
2020-09-09,TAEE11,29.24
2020-09-09,TEND3,31.1
2020-09-09,TIMP3,15.28
2020-09-09,TOTS3,28.88
2020-09-09,TRPL4,21.6
2020-09-09,UGPA3,21.88
2020-09-09,USIM5,11.21
2020-09-09,VALE3,60.0
2020-09-09,VIVA3,25.8
2020-09-09,VIVT3,50.5
2020-09-09,VIVT4,50.3
2020-09-09,VVAR3,18.51
2020-09-09,WEGE3,64.93
2020-09-09,YDUQ3,27.99
2020-09-10,ABEV3,12.31
2020-09-10,ALPA4,36.89
2020-09-10,ALSO3,27.17
2020-09-10,ARZZ3,56.96
2020-09-10,AZUL4,26.1
2020-09-10,B3SA3,56.0
2020-09-10,BBAS3,32.53
2020-09-10,BBDC3,19.31
2020-09-10,BBDC4,20.85
2020-09-10,BBSE3,26.28
2020-09-10,BEEF3,12.93
2020-09-10,BIDI11,56.88
2020-09-10,BIDI4,19.85
2020-09-10,BPAC11,79.13
2020-09-10,BPAN4,8.84
2020-09-10,BRAP4,43.03
2020-09-10,BRDT3,22.49
2020-09-10,BRFS3,20.62
2020-09-10,BRKM5,21.86
2020-09-10,BRML3,9.47
2020-09-10,BTOW3,100.18
2020-09-10,CCRO3,14.35
2020-09-10,CEAB3,12.36
2020-09-10,CIEL3,4.64
2020-09-10,CMIG4,11.03
2020-09-10,COGN3,5.88
2020-09-10,CPFE3,29.78
2020-09-10,CPLE3,62.98
2020-09-10,CPLE6,64.62
2020-09-10,CRFB3,20.55
2020-09-10,CSAN3,75.56
2020-09-10,CSMG3,48.71
2020-09-10,CSNA3,15.38
2020-09-10,CVCB3,17.06
2020-09-10,CYRE3,24.04
2020-09-10,DIRR3,15.32
2020-09-10,ECOR3,13.25
2020-09-10,EGIE3,44.32
2020-09-10,ELET3,35.1
2020-09-10,ELET6,35.97
2020-09-10,EMBR3,7.01
2020-09-10,ENBR3,18.68
2020-09-10,ENEV3,47.78
2020-09-10,ENGI11,43.73
2020-09-10,EQTL3,23.41
2020-09-10,EZTC3,39.96
2020-09-10,FLRY3,28.62
2020-09-10,GGBR4,19.85
2020-09-10,GNDI3,72.6
2020-09-10,GOAU4,9.01
2020-09-10,GOLL4,20.25
2020-09-10,HAPV3,65.5
2020-09-10,HGTX3,18.82
2020-09-10,HYPE3,31.79
2020-09-10,IGTA3,34.73
2020-09-10,IRBR3,6.3
2020-09-10,ITSA4,9.46
2020-09-10,ITUB4,23.91
2020-09-10,JBSS3,22.53
2020-09-10,JHSF3,6.96
2020-09-10,KLBN11,24.62
2020-09-10,LAME4,30.15
2020-09-10,LCAM3,21.98
2020-09-10,LOGG3,31.15
2020-09-10,LREN3,44.07
2020-09-10,LWSA3,56.99
2020-09-10,MGLU3,88.25
2020-09-10,MRFG3,16.6
2020-09-10,MRVE3,17.8
2020-09-10,MULT3,22.32
2020-09-10,NTCO3,49.75
2020-09-10,PCAR3,71.35
2020-09-10,PETR3,22.15
2020-09-10,PETR4,22.12
2020-09-10,POMO4,2.92
2020-09-10,PRIO3,39.59
2020-09-10,PSSA3,51.73
2020-09-10,QUAL3,33.36
2020-09-10,RADL3,112.6
2020-09-10,RAIL3,21.45
2020-09-10,RENT3,51.92
2020-09-10,SANB11,28.8
2020-09-10,SBSP3,48.12
2020-09-10,SLCE3,24.88
2020-09-10,SMLS3,15.28
2020-09-10,SMTO3,23.7
2020-09-10,SOMA3,10.65
2020-09-10,STBP3,5.2
2020-09-10,SULA11,41.96
2020-09-10,SUZB3,46.35
2020-09-10,TAEE11,28.73
2020-09-10,TEND3,30.39
2020-09-10,TIMP3,14.77
2020-09-10,TOTS3,28.24
2020-09-10,TRPL4,21.25
2020-09-10,UGPA3,21.5
2020-09-10,USIM5,10.79
2020-09-10,VALE3,58.53
2020-09-10,VIVA3,25.13
2020-09-10,VIVT3,48.4
2020-09-10,VIVT4,48.38
2020-09-10,VVAR3,18.02
2020-09-10,WEGE3,62.42
2020-09-10,YDUQ3,27.31
2020-09-11,ABEV3,12.04
2020-09-11,ALPA4,37.04
2020-09-11,ALSO3,26.81
2020-09-11,ARZZ3,55.75
2020-09-11,AZUL4,26.58
2020-09-11,B3SA3,56.02
2020-09-11,BBAS3,32.0
2020-09-11,BBDC3,18.87
2020-09-11,BBDC4,20.46
2020-09-11,BBSE3,25.47
2020-09-11,BEEF3,12.93
2020-09-11,BIDI11,55.5
2020-09-11,BIDI4,19.35
2020-09-11,BPAC11,78.11
2020-09-11,BPAN4,8.53
2020-09-11,BRAP4,44.9
2020-09-11,BRDT3,22.11
2020-09-11,BRFS3,20.1
2020-09-11,BRKM5,21.63
2020-09-11,BRML3,9.31
2020-09-11,BTOW3,98.16
2020-09-11,CCRO3,14.23
2020-09-11,CEAB3,11.82
2020-09-11,CIEL3,4.44
2020-09-11,CMIG4,10.76
2020-09-11,COGN3,5.7
2020-09-11,CPFE3,28.84
2020-09-11,CPLE3,60.95
2020-09-11,CPLE6,63.29
2020-09-11,CRFB3,20.48
2020-09-11,CSAN3,74.26
2020-09-11,CSMG3,47.74
2020-09-11,CSNA3,16.0
2020-09-11,CVCB3,16.88
2020-09-11,CYRE3,23.66
2020-09-11,DIRR3,15.17
2020-09-11,ECOR3,12.98
2020-09-11,EGIE3,42.99
2020-09-11,ELET3,34.4
2020-09-11,ELET6,35.59
2020-09-11,EMBR3,6.81
2020-09-11,ENBR3,18.3
2020-09-11,ENEV3,46.9
2020-09-11,ENGI11,43.7
2020-09-11,EQTL3,22.86
2020-09-11,EZTC3,39.25
2020-09-11,FLRY3,27.77
2020-09-11,GGBR4,19.91
2020-09-11,GNDI3,69.86
2020-09-11,GOAU4,9.05
2020-09-11,GOLL4,19.76
2020-09-11,HAPV3,63.54
2020-09-11,HGTX3,18.59
2020-09-11,HYPE3,30.65
2020-09-11,IGTA3,34.11
2020-09-11,IRBR3,6.04
2020-09-11,ITSA4,9.27
2020-09-11,ITUB4,23.63
2020-09-11,JBSS3,22.53
2020-09-11,JHSF3,7.23
2020-09-11,KLBN11,24.2
2020-09-11,LAME4,29.49
2020-09-11,LCAM3,21.21
2020-09-11,LOGG3,30.6
2020-09-11,LREN3,43.1
2020-09-11,LWSA3,58.38
2020-09-11,MGLU3,87.57
2020-09-11,MRFG3,16.12
2020-09-11,MRVE3,17.3
2020-09-11,MULT3,21.77
2020-09-11,NTCO3,51.62
2020-09-11,PCAR3,74.18
2020-09-11,PETR3,22.04
2020-09-11,PETR4,21.88
2020-09-11,PETZ3,16.75
2020-09-11,POMO4,2.85
2020-09-11,PRIO3,39.61
2020-09-11,PSSA3,50.7
2020-09-11,QUAL3,32.26
2020-09-11,RADL3,113.48
2020-09-11,RAIL3,21.02
2020-09-11,RENT3,50.54
2020-09-11,SANB11,28.44
2020-09-11,SBSP3,46.95
2020-09-11,SLCE3,24.44
2020-09-11,SMLS3,15.11
2020-09-11,SMTO3,23.29
2020-09-11,SOMA3,10.65
2020-09-11,STBP3,5.0
2020-09-11,SULA11,41.42
2020-09-11,SUZB3,45.6
2020-09-11,TAEE11,28.38
2020-09-11,TEND3,30.33
2020-09-11,TIMP3,14.44
2020-09-11,TOTS3,27.65
2020-09-11,TRPL4,21.06
2020-09-11,UGPA3,21.56
2020-09-11,USIM5,10.62
2020-09-11,VALE3,61.95
2020-09-11,VIVA3,25.25
2020-09-11,VIVT3,47.99
2020-09-11,VIVT4,47.71
2020-09-11,VVAR3,17.96
2020-09-11,WEGE3,62.09
2020-09-11,YDUQ3,27.89
2020-09-14,ABEV3,12.57
2020-09-14,ALPA4,37.26
2020-09-14,ALSO3,27.94
2020-09-14,ARZZ3,57.17
2020-09-14,AZUL4,28.25
2020-09-14,B3SA3,58.73
2020-09-14,BBAS3,32.36
2020-09-14,BBDC3,19.16
2020-09-14,BBDC4,20.7
2020-09-14,BBSE3,25.86
2020-09-14,BEEF3,13.27
2020-09-14,BIDI11,59.17
2020-09-14,BIDI4,20.32
2020-09-14,BPAC11,81.48
2020-09-14,BPAN4,8.73
2020-09-14,BRAP4,44.55
2020-09-14,BRDT3,22.25
2020-09-14,BRFS3,20.74
2020-09-14,BRKM5,21.99
2020-09-14,BRML3,9.86
2020-09-14,BTOW3,100.47
2020-09-14,CCRO3,14.84
2020-09-14,CEAB3,12.98
2020-09-14,CIEL3,4.75
2020-09-14,CMIG4,10.82
2020-09-14,COGN3,5.98
2020-09-14,CPFE3,30.05
2020-09-14,CPLE3,62.17
2020-09-14,CPLE6,64.56
2020-09-14,CRFB3,20.58
2020-09-14,CSAN3,74.24
2020-09-14,CSMG3,47.85
2020-09-14,CSNA3,16.2
2020-09-14,CVCB3,17.64
2020-09-14,CYRE3,24.61
2020-09-14,DIRR3,15.46
2020-09-14,ECOR3,13.6
2020-09-14,EGIE3,43.28
2020-09-14,ELET3,34.37
2020-09-14,ELET6,35.42
2020-09-14,EMBR3,6.9
2020-09-14,ENBR3,18.47
2020-09-14,ENEV3,47.76
2020-09-14,ENGI11,45.04
2020-09-14,EQTL3,23.24
2020-09-14,EZTC3,40.99
2020-09-14,FLRY3,29.0
2020-09-14,GGBR4,20.28
2020-09-14,GNDI3,73.0
2020-09-14,GOAU4,9.14
2020-09-14,GOLL4,21.2
2020-09-14,HAPV3,66.02
2020-09-14,HGTX3,19.59
2020-09-14,HYPE3,31.24
2020-09-14,IGTA3,35.99
2020-09-14,IRBR3,6.12
2020-09-14,ITSA4,9.38
2020-09-14,ITUB4,24.05
2020-09-14,JBSS3,23.21
2020-09-14,JHSF3,7.65
2020-09-14,KLBN11,24.75
2020-09-14,LAME4,31.15
2020-09-14,LCAM3,22.17
2020-09-14,LOGG3,31.11
2020-09-14,LREN3,44.98
2020-09-14,LWSA3,61.03
2020-09-14,MGLU3,90.3
2020-09-14,MRFG3,16.51
2020-09-14,MRVE3,17.91
2020-09-14,MULT3,22.7
2020-09-14,NTCO3,53.26
2020-09-14,PCAR3,73.89
2020-09-14,PETR3,21.82
2020-09-14,PETR4,21.68
2020-09-14,PETZ3,15.74
2020-09-14,POMO4,3.0
2020-09-14,PRIO3,39.0
2020-09-14,PSSA3,51.74
2020-09-14,QUAL3,33.15
2020-09-14,RADL3,113.93
2020-09-14,RAIL3,21.49
2020-09-14,RENT3,52.83
2020-09-14,SANB11,28.63
2020-09-14,SBSP3,47.65
2020-09-14,SLCE3,24.52
2020-09-14,SMLS3,16.21
2020-09-14,SMTO3,23.27
2020-09-14,SOMA3,10.39
2020-09-14,STBP3,5.19
2020-09-14,SULA11,41.88
2020-09-14,SUZB3,46.12
2020-09-14,TAEE11,28.6
2020-09-14,TEND3,30.98
2020-09-14,TIMP3,14.52
2020-09-14,TOTS3,28.85
2020-09-14,TRPL4,21.1
2020-09-14,UGPA3,22.35
2020-09-14,USIM5,10.85
2020-09-14,VALE3,61.91
2020-09-14,VIVA3,25.59
2020-09-14,VIVT3,48.0
2020-09-14,VIVT4,47.75
2020-09-14,VVAR3,18.37
2020-09-14,WEGE3,63.33
2020-09-14,YDUQ3,30.11
2020-09-15,ABEV3,12.89
2020-09-15,ALPA4,36.83
2020-09-15,ALSO3,27.53
2020-09-15,ARZZ3,57.55
2020-09-15,AZUL4,28.03
2020-09-15,B3SA3,57.28
2020-09-15,BBAS3,31.99
2020-09-15,BBDC3,18.92
2020-09-15,BBDC4,20.48
2020-09-15,BBSE3,26.1
2020-09-15,BEEF3,13.84
2020-09-15,BIDI11,58.51
2020-09-15,BIDI4,19.97
2020-09-15,BPAC11,79.89
2020-09-15,BPAN4,8.64
2020-09-15,BRAP4,45.3
2020-09-15,BRDT3,22.07
2020-09-15,BRFS3,21.61
2020-09-15,BRKM5,22.3
2020-09-15,BRML3,9.77
2020-09-15,BTOW3,99.9
2020-09-15,CCRO3,14.55
2020-09-15,CEAB3,12.9
2020-09-15,CIEL3,4.6
2020-09-15,CMIG4,10.62
2020-09-15,COGN3,5.8
2020-09-15,CPFE3,29.7
2020-09-15,CPLE3,62.51
2020-09-15,CPLE6,65.01
2020-09-15,CRFB3,20.92
2020-09-15,CSAN3,75.71
2020-09-15,CSMG3,48.92
2020-09-15,CSNA3,16.59
2020-09-15,CVCB3,17.48
2020-09-15,CYRE3,24.46
2020-09-15,DIRR3,14.85
2020-09-15,ECOR3,13.33
2020-09-15,EGIE3,43.74
2020-09-15,ELET3,33.1
2020-09-15,ELET6,34.56
2020-09-15,EMBR3,6.87
2020-09-15,ENBR3,18.6
2020-09-15,ENEV3,48.24
2020-09-15,ENGI11,44.46
2020-09-15,EQTL3,22.78
2020-09-15,EZTC3,41.05
2020-09-15,FLRY3,29.17
2020-09-15,GGBR4,21.45
2020-09-15,GNDI3,71.27
2020-09-15,GOAU4,9.62
2020-09-15,GOLL4,20.86
2020-09-15,HAPV3,66.05
2020-09-15,HGTX3,18.98
2020-09-15,HYPE3,31.64
2020-09-15,IGTA3,36.07
2020-09-15,IRBR3,5.92
2020-09-15,ITSA4,9.26
2020-09-15,ITUB4,23.73
2020-09-15,JBSS3,24.1
2020-09-15,JHSF3,7.5
2020-09-15,KLBN11,25.5
2020-09-15,LAME4,31.26
2020-09-15,LCAM3,21.71
2020-09-15,LOGG3,31.4
2020-09-15,LREN3,44.26
2020-09-15,LWSA3,61.0
2020-09-15,MGLU3,89.58
2020-09-15,MRFG3,17.11
2020-09-15,MRVE3,17.62
2020-09-15,MULT3,22.59
2020-09-15,NTCO3,53.5
2020-09-15,PCAR3,73.84
2020-09-15,PETR3,21.87
2020-09-15,PETR4,21.67
2020-09-15,PETZ3,15.5
2020-09-15,POMO4,3.0
2020-09-15,PRIO3,38.99
2020-09-15,PSSA3,51.44
2020-09-15,QUAL3,32.96
2020-09-15,RADL3,113.98
2020-09-15,RAIL3,21.29
2020-09-15,RENT3,52.82
2020-09-15,SANB11,28.44
2020-09-15,SBSP3,46.8
2020-09-15,SLCE3,25.86
2020-09-15,SMLS3,16.4
2020-09-15,SMTO3,24.4
2020-09-15,SOMA3,10.59
2020-09-15,STBP3,5.11
2020-09-15,SULA11,41.44
2020-09-15,SUZB3,48.89
2020-09-15,TAEE11,28.56
2020-09-15,TEND3,30.61
2020-09-15,TIMP3,14.4
2020-09-15,TOTS3,29.0
2020-09-15,TRPL4,21.1
2020-09-15,UGPA3,23.03
2020-09-15,USIM5,11.23
2020-09-15,VALE3,62.6
2020-09-15,VIVA3,25.49
2020-09-15,VIVT3,48.0
2020-09-15,VIVT4,47.64
2020-09-15,VVAR3,18.55
2020-09-15,WEGE3,64.08
2020-09-15,YDUQ3,29.7
2020-09-16,ABEV3,12.56
2020-09-16,ALPA4,36.1
2020-09-16,ALSO3,28.19
2020-09-16,ARZZ3,56.71
2020-09-16,AZUL4,29.09
2020-09-16,B3SA3,57.02
2020-09-16,BBAS3,32.09
2020-09-16,BBDC3,19.04
2020-09-16,BBDC4,20.52
2020-09-16,BBSE3,26.22
2020-09-16,BEEF3,13.34
2020-09-16,BIDI11,58.74
2020-09-16,BIDI4,20.06
2020-09-16,BPAC11,80.0
2020-09-16,BPAN4,8.53
2020-09-16,BRAP4,44.69
2020-09-16,BRDT3,21.99
2020-09-16,BRFS3,21.35
2020-09-16,BRKM5,22.06
2020-09-16,BRML3,9.98
2020-09-16,BTOW3,98.5
2020-09-16,CCRO3,14.12
2020-09-16,CEAB3,13.07
2020-09-16,CIEL3,4.58
2020-09-16,CMIG4,10.81
2020-09-16,COGN3,5.83
2020-09-16,CPFE3,29.95
2020-09-16,CPLE3,63.33
2020-09-16,CPLE6,65.33
2020-09-16,CRFB3,21.05
2020-09-16,CSAN3,75.22
2020-09-16,CSMG3,49.18
2020-09-16,CSNA3,16.31
2020-09-16,CVCB3,18.2
2020-09-16,CYRE3,24.01
2020-09-16,DIRR3,14.74
2020-09-16,ECOR3,13.08
2020-09-16,EGIE3,42.73
2020-09-16,ELET3,33.38
2020-09-16,ELET6,34.35
2020-09-16,EMBR3,6.92
2020-09-16,ENBR3,18.57
2020-09-16,ENEV3,47.56
2020-09-16,ENGI11,45.62
2020-09-16,EQTL3,23.14
2020-09-16,EZTC3,40.09
2020-09-16,FLRY3,29.7
2020-09-16,GGBR4,21.19
2020-09-16,GNDI3,71.86
2020-09-16,GOAU4,9.44
2020-09-16,GOLL4,21.57
2020-09-16,HAPV3,66.24
2020-09-16,HGTX3,18.67
2020-09-16,HYPE3,30.86
2020-09-16,IGTA3,36.82
2020-09-16,IRBR3,5.92
2020-09-16,ITSA4,9.26
2020-09-16,ITUB4,23.66
2020-09-16,JBSS3,23.34
2020-09-16,JHSF3,7.59
2020-09-16,KLBN11,25.07
2020-09-16,LAME4,30.88
2020-09-16,LCAM3,21.8
2020-09-16,LOGG3,32.21
2020-09-16,LREN3,44.76
2020-09-16,LWSA3,61.01
2020-09-16,MGLU3,89.17
2020-09-16,MRFG3,16.7
2020-09-16,MRVE3,17.49
2020-09-16,MULT3,23.12
2020-09-16,NTCO3,52.73
2020-09-16,PCAR3,75.07
2020-09-16,PETR3,21.95
2020-09-16,PETR4,21.73
2020-09-16,PETZ3,15.45
2020-09-16,POMO4,3.0
2020-09-16,PRIO3,38.77
2020-09-16,PSSA3,50.93
2020-09-16,QUAL3,33.08
2020-09-16,RADL3,114.31
2020-09-16,RAIL3,21.5
2020-09-16,RENT3,52.68
2020-09-16,SANB11,28.23
2020-09-16,SBSP3,46.88
2020-09-16,SLCE3,25.8
2020-09-16,SMLS3,16.72
2020-09-16,SMTO3,23.73
2020-09-16,SOMA3,10.59
2020-09-16,STBP3,5.12
2020-09-16,SULA11,41.25
2020-09-16,SUZB3,47.58
2020-09-16,TAEE11,28.71
2020-09-16,TEND3,29.89
2020-09-16,TIMP3,14.23
2020-09-16,TOTS3,29.15
2020-09-16,TRPL4,21.12
2020-09-16,UGPA3,22.95
2020-09-16,USIM5,10.88
2020-09-16,VALE3,60.97
2020-09-16,VIVA3,24.92
2020-09-16,VIVT3,47.37
2020-09-16,VIVT4,47.06
2020-09-16,VVAR3,18.16
2020-09-16,WEGE3,62.94
2020-09-16,YDUQ3,30.4
2020-09-17,ABEV3,13.16
2020-09-17,ALPA4,36.08
2020-09-17,ALSO3,27.46
2020-09-17,ARZZ3,56.2
2020-09-17,AZUL4,28.91
2020-09-17,B3SA3,56.68
2020-09-17,BBAS3,32.15
2020-09-17,BBDC3,19.11
2020-09-17,BBDC4,20.57
2020-09-17,BBSE3,26.1
2020-09-17,BEEF3,13.16
2020-09-17,BIDI11,58.21
2020-09-17,BIDI4,19.63
2020-09-17,BPAC11,79.72
2020-09-17,BPAN4,8.71
2020-09-17,BRAP4,45.69
2020-09-17,BRDT3,22.17
2020-09-17,BRFS3,21.36
2020-09-17,BRKM5,22.62
2020-09-17,BRML3,9.79
2020-09-17,BTOW3,97.31
2020-09-17,CCRO3,14.19
2020-09-17,CEAB3,13.22
2020-09-17,CIEL3,4.56
2020-09-17,CMIG4,10.92
2020-09-17,COGN3,5.77
2020-09-17,CPFE3,30.01
2020-09-17,CPLE3,63.94
2020-09-17,CPLE6,65.75
2020-09-17,CRFB3,21.48
2020-09-17,CSAN3,75.61
2020-09-17,CSMG3,49.55
2020-09-17,CSNA3,16.73
2020-09-17,CVCB3,17.8
2020-09-17,CYRE3,23.63
2020-09-17,DIRR3,14.62
2020-09-17,ECOR3,13.15
2020-09-17,EGIE3,42.85
2020-09-17,ELET3,33.3
2020-09-17,ELET6,34.43
2020-09-17,EMBR3,6.97
2020-09-17,ENBR3,18.55
2020-09-17,ENEV3,49.85
2020-09-17,ENGI11,44.73
2020-09-17,EQTL3,23.33
2020-09-17,EZTC3,39.35
2020-09-17,FLRY3,29.52
2020-09-17,GGBR4,21.44
2020-09-17,GNDI3,69.7
2020-09-17,GOAU4,9.62
2020-09-17,GOLL4,21.11
2020-09-17,HAPV3,64.06
2020-09-17,HGTX3,18.49
2020-09-17,HYPE3,31.3
2020-09-17,IGTA3,36.39
2020-09-17,IRBR3,5.91
2020-09-17,ITSA4,9.25
2020-09-17,ITUB4,23.69
2020-09-17,JBSS3,23.29
2020-09-17,JHSF3,7.66
2020-09-17,KLBN11,25.41
2020-09-17,LAME4,30.11
2020-09-17,LCAM3,22.0
2020-09-17,LOGG3,31.97
2020-09-17,LREN3,44.45
2020-09-17,LWSA3,59.72
2020-09-17,MGLU3,87.1
2020-09-17,MRFG3,16.54
2020-09-17,MRVE3,17.02
2020-09-17,MULT3,22.91
2020-09-17,NTCO3,52.74
2020-09-17,PCAR3,76.24
2020-09-17,PETR3,22.44
2020-09-17,PETR4,22.15
2020-09-17,PETZ3,15.6
2020-09-17,POMO4,2.96
2020-09-17,PRIO3,39.16
2020-09-17,PSSA3,51.28
2020-09-17,QUAL3,32.64
2020-09-17,RADL3,114.0
2020-09-17,RAIL3,21.78
2020-09-17,RENT3,52.95
2020-09-17,SANB11,28.06
2020-09-17,SBSP3,47.49
2020-09-17,SLCE3,25.84
2020-09-17,SMLS3,16.62
2020-09-17,SMTO3,23.71
2020-09-17,SOMA3,10.59
2020-09-17,STBP3,5.15
2020-09-17,SULA11,41.26
2020-09-17,SUZB3,49.02
2020-09-17,TAEE11,28.62
2020-09-17,TEND3,29.5
2020-09-17,TIMP3,14.25
2020-09-17,TOTS3,28.37
2020-09-17,TRPL4,21.17
2020-09-17,UGPA3,23.13
2020-09-17,USIM5,11.44
2020-09-17,VALE3,62.08
2020-09-17,VIVA3,24.17
2020-09-17,VIVT3,47.5
2020-09-17,VIVT4,47.09
2020-09-17,VVAR3,18.08
2020-09-17,WEGE3,62.82
2020-09-17,YDUQ3,29.82
2020-09-18,ABEV3,12.79
2020-09-18,ALPA4,35.0
2020-09-18,ALSO3,26.55
2020-09-18,ARZZ3,54.5
2020-09-18,AZUL4,28.2
2020-09-18,B3SA3,56.13
2020-09-18,BBAS3,31.34
2020-09-18,BBDC3,18.77
2020-09-18,BBDC4,20.08
2020-09-18,BBSE3,25.6
2020-09-18,BEEF3,13.14
2020-09-18,BIDI11,54.54
2020-09-18,BIDI4,18.49
2020-09-18,BPAC11,75.76
2020-09-18,BPAN4,8.47
2020-09-18,BRAP4,45.66
2020-09-18,BRDT3,21.4
2020-09-18,BRFS3,20.94
2020-09-18,BRKM5,21.81
2020-09-18,BRML3,9.4
2020-09-18,BTOW3,94.19
2020-09-18,CCRO3,13.84
2020-09-18,CEAB3,12.98
2020-09-18,CIEL3,4.26
2020-09-18,CMIG4,10.63
2020-09-18,COGN3,5.53
2020-09-18,CPFE3,29.0
2020-09-18,CPLE3,61.39
2020-09-18,CPLE6,64.0
2020-09-18,CRFB3,21.18
2020-09-18,CSAN3,74.05
2020-09-18,CSMG3,49.1
2020-09-18,CSNA3,16.4
2020-09-18,CVCB3,17.28
2020-09-18,CYRE3,23.02
2020-09-18,DIRR3,14.2
2020-09-18,ECOR3,12.99
2020-09-18,EGIE3,42.11
2020-09-18,ELET3,32.39
2020-09-18,ELET6,33.5
2020-09-18,EMBR3,6.68
2020-09-18,ENBR3,18.08
2020-09-18,ENEV3,50.88
2020-09-18,ENGI11,43.0
2020-09-18,EQTL3,22.78
2020-09-18,EZTC3,37.81
2020-09-18,FLRY3,29.32
2020-09-18,GGBR4,20.96
2020-09-18,GNDI3,69.43
2020-09-18,GOAU4,9.44
2020-09-18,GOLL4,20.1
2020-09-18,HAPV3,62.74
2020-09-18,HGTX3,18.1
2020-09-18,HYPE3,30.22
2020-09-18,IGTA3,35.45
2020-09-18,IRBR3,5.62
2020-09-18,ITSA4,8.99
2020-09-18,ITUB4,23.1
2020-09-18,JBSS3,23.27
2020-09-18,JHSF3,7.45
2020-09-18,KLBN11,25.19
2020-09-18,LAME4,29.4
2020-09-18,LCAM3,21.77
2020-09-18,LOGG3,32.02
2020-09-18,LREN3,42.24
2020-09-18,LWSA3,58.7
2020-09-18,MGLU3,87.16
2020-09-18,MRFG3,16.43
2020-09-18,MRVE3,16.27
2020-09-18,MULT3,22.07
2020-09-18,NTCO3,52.05
2020-09-18,PCAR3,75.3
2020-09-18,PETR3,21.94
2020-09-18,PETR4,21.65
2020-09-18,PETZ3,15.24
2020-09-18,POMO4,2.91
2020-09-18,PRIO3,38.11
2020-09-18,PSSA3,50.28
2020-09-18,QUAL3,31.97
2020-09-18,RADL3,115.47
2020-09-18,RAIL3,21.35
2020-09-18,RENT3,52.7
2020-09-18,SANB11,27.34
2020-09-18,SBSP3,47.47
2020-09-18,SLCE3,26.5
2020-09-18,SMLS3,16.3
2020-09-18,SMTO3,23.46
2020-09-18,SOMA3,10.45
2020-09-18,STBP3,5.0
2020-09-18,SULA11,39.84
2020-09-18,SUZB3,50.05
2020-09-18,TAEE11,28.21
2020-09-18,TEND3,28.6
2020-09-18,TIMP3,14.03
2020-09-18,TOTS3,28.3
2020-09-18,TRPL4,21.31
2020-09-18,UGPA3,22.95
2020-09-18,USIM5,10.96
2020-09-18,VALE3,61.66
2020-09-18,VIVA3,23.52
2020-09-18,VIVT3,47.09
2020-09-18,VIVT4,46.55
2020-09-18,VVAR3,17.43
2020-09-18,WEGE3,61.99
2020-09-18,YDUQ3,29.35
2020-09-21,ABEV3,12.73
2020-09-21,ALPA4,36.0
2020-09-21,ALSO3,25.72
2020-09-21,ARZZ3,54.1
2020-09-21,AZUL4,26.0
2020-09-21,B3SA3,56.1
2020-09-21,BBAS3,30.88
2020-09-21,BBDC3,18.44
2020-09-21,BBDC4,19.78
2020-09-21,BBSE3,25.14
2020-09-21,BEEF3,12.89
2020-09-21,BIDI11,51.4
2020-09-21,BIDI4,17.74
2020-09-21,BPAC11,72.6
2020-09-21,BPAN4,8.23
2020-09-21,BRAP4,44.38
2020-09-21,BRDT3,21.2
2020-09-21,BRFS3,20.52
2020-09-21,BRKM5,22.13
2020-09-21,BRML3,9.13
2020-09-21,BTOW3,97.97
2020-09-21,CCRO3,13.35
2020-09-21,CEAB3,12.35
2020-09-21,CIEL3,4.15
2020-09-21,CMIG4,10.44
2020-09-21,COGN3,5.56
2020-09-21,CPFE3,28.5
2020-09-21,CPLE3,62.06
2020-09-21,CPLE6,64.57
2020-09-21,CRFB3,21.02
2020-09-21,CSAN3,73.36
2020-09-21,CSMG3,48.85
2020-09-21,CSNA3,16.23
2020-09-21,CURY3,9.46
2020-09-21,CVCB3,16.52
2020-09-21,CYRE3,22.81
2020-09-21,DIRR3,13.8
2020-09-21,ECOR3,12.4
2020-09-21,EGIE3,42.27
2020-09-21,ELET3,32.7
2020-09-21,ELET6,33.75
2020-09-21,EMBR3,6.36
2020-09-21,ENBR3,18.26
2020-09-21,ENEV3,51.61
2020-09-21,ENGI11,42.68
2020-09-21,EQTL3,22.85
2020-09-21,EZTC3,37.43
2020-09-21,FLRY3,29.23
2020-09-21,GGBR4,20.59
2020-09-21,GNDI3,69.17
2020-09-21,GOAU4,9.3
2020-09-21,GOLL4,18.4
2020-09-21,HAPV3,62.91
2020-09-21,HGTX3,17.79
2020-09-21,HYPE3,30.36
2020-09-21,IGTA3,33.85
2020-09-21,IRBR3,5.41
2020-09-21,ITSA4,8.98
2020-09-21,ITUB4,22.9
2020-09-21,JBSS3,22.99
2020-09-21,JHSF3,7.15
2020-09-21,KLBN11,24.78
2020-09-21,LAME4,29.49
2020-09-21,LCAM3,21.15
2020-09-21,LOGG3,30.88
2020-09-21,LREN3,41.45
2020-09-21,LWSA3,58.42
2020-09-21,MGLU3,88.7
2020-09-21,MRFG3,16.53
2020-09-21,MRVE3,16.1
2020-09-21,MULT3,21.44
2020-09-21,NTCO3,51.49
2020-09-21,PCAR3,74.55
2020-09-21,PETR3,21.28
2020-09-21,PETR4,20.9
2020-09-21,PETZ3,14.95
2020-09-21,POMO4,2.78
2020-09-21,PRIO3,37.11
2020-09-21,PSSA3,49.36
2020-09-21,QUAL3,32.19
2020-09-21,RADL3,22.86
2020-09-21,RAIL3,20.44
2020-09-21,RENT3,50.81
2020-09-21,SANB11,27.3
2020-09-21,SBSP3,47.16
2020-09-21,SLCE3,26.15
2020-09-21,SMLS3,15.15
2020-09-21,SMTO3,23.07
2020-09-21,SOMA3,10.19
2020-09-21,STBP3,4.85
2020-09-21,SULA11,40.98
2020-09-21,SUZB3,48.53
2020-09-21,TAEE11,28.33
2020-09-21,TEND3,27.79
2020-09-21,TIMP3,13.86
2020-09-21,TOTS3,28.06
2020-09-21,TRPL4,21.63
2020-09-21,UGPA3,22.41
2020-09-21,USIM5,10.9
2020-09-21,VALE3,60.0
2020-09-21,VIVA3,22.6
2020-09-21,VIVT3,46.7
2020-09-21,VIVT4,46.48
2020-09-21,VVAR3,17.45
2020-09-21,WEGE3,63.4
2020-09-21,YDUQ3,29.05
2020-09-22,ABEV3,12.8
2020-09-22,ALPA4,36.24
2020-09-22,ALSO3,25.98
2020-09-22,ARZZ3,55.15
2020-09-22,AZUL4,26.27
2020-09-22,B3SA3,57.36
2020-09-22,BBAS3,30.82
2020-09-22,BBDC3,18.63
2020-09-22,BBDC4,19.9
2020-09-22,BBSE3,25.27
2020-09-22,BEEF3,12.66
2020-09-22,BIDI11,51.67
2020-09-22,BIDI4,17.65
2020-09-22,BPAC11,73.2
2020-09-22,BPAN4,8.3
2020-09-22,BRAP4,44.64
2020-09-22,BRDT3,21.35
2020-09-22,BRFS3,20.38
2020-09-22,BRKM5,22.64
2020-09-22,BRML3,9.1
2020-09-22,BTOW3,94.25
2020-09-22,CCRO3,13.61
2020-09-22,CEAB3,12.57
2020-09-22,CIEL3,4.25
2020-09-22,CMIG4,10.63
2020-09-22,COGN3,5.67
2020-09-22,CPFE3,29.0
2020-09-22,CPLE3,62.05
2020-09-22,CPLE6,64.64
2020-09-22,CRFB3,21.33
2020-09-22,CSAN3,71.97
2020-09-22,CSMG3,49.72
2020-09-22,CSNA3,16.78
2020-09-22,CURY3,9.67
2020-09-22,CVCB3,16.2
2020-09-22,CYRE3,23.53
2020-09-22,DIRR3,13.91
2020-09-22,ECOR3,12.68
2020-09-22,EGIE3,42.23
2020-09-22,ELET3,32.45
2020-09-22,ELET6,33.81
2020-09-22,EMBR3,6.18
2020-09-22,ENBR3,18.24
2020-09-22,ENEV3,51.21
2020-09-22,ENGI11,42.75
2020-09-22,EQTL3,22.59
2020-09-22,EZTC3,37.4
2020-09-22,FLRY3,28.95
2020-09-22,GGBR4,20.72
2020-09-22,GNDI3,68.44
2020-09-22,GOAU4,9.32
2020-09-22,GOLL4,18.18
2020-09-22,HAPV3,62.86
2020-09-22,HGTX3,17.73
2020-09-22,HYPE3,30.92
2020-09-22,IGTA3,33.45
2020-09-22,IRBR3,5.75
2020-09-22,ITSA4,8.98
2020-09-22,ITUB4,23.1
2020-09-22,JBSS3,22.5
2020-09-22,JHSF3,7.3
2020-09-22,KLBN11,24.33
2020-09-22,LAME4,29.14
2020-09-22,LCAM3,21.19
2020-09-22,LOGG3,30.69
2020-09-22,LREN3,41.96
2020-09-22,LWSA3,59.85
2020-09-22,MGLU3,89.49
2020-09-22,MRFG3,16.29
2020-09-22,MRVE3,16.7
2020-09-22,MULT3,21.36
2020-09-22,NTCO3,51.0
2020-09-22,PCAR3,75.18
2020-09-22,PETR3,21.27
2020-09-22,PETR4,20.8
2020-09-22,PETZ3,15.5
2020-09-22,POMO4,2.77
2020-09-22,PRIO3,36.5
2020-09-22,PSSA3,49.61
2020-09-22,QUAL3,31.96
2020-09-22,RADL3,23.11
2020-09-22,RAIL3,20.61
2020-09-22,RENT3,51.74
2020-09-22,SANB11,27.49
2020-09-22,SBSP3,48.3
2020-09-22,SLCE3,25.97
2020-09-22,SMLS3,15.29
2020-09-22,SMTO3,22.98
2020-09-22,SOMA3,10.13
2020-09-22,STBP3,4.84
2020-09-22,SULA11,40.91
2020-09-22,SUZB3,47.37
2020-09-22,TAEE11,28.33
2020-09-22,TEND3,28.2
2020-09-22,TIMP3,13.85
2020-09-22,TOTS3,28.4
2020-09-22,TRPL4,21.8
2020-09-22,UGPA3,22.45
2020-09-22,USIM5,10.76
2020-09-22,VALE3,57.81
2020-09-22,VIVA3,24.0
2020-09-22,VIVT3,46.69
2020-09-22,VIVT4,46.35
2020-09-22,VVAR3,17.58
2020-09-22,WEGE3,64.62
2020-09-22,YDUQ3,28.79
2020-09-23,ABEV3,12.44
2020-09-23,ALPA4,35.85
2020-09-23,ALSO3,25.22
2020-09-23,ARZZ3,53.65
2020-09-23,AZUL4,26.75
2020-09-23,B3SA3,55.89
2020-09-23,BBAS3,30.18
2020-09-23,BBDC3,18.14
2020-09-23,BBDC4,19.43
2020-09-23,BBSE3,24.71
2020-09-23,BEEF3,12.33
2020-09-23,BIDI11,52.34
2020-09-23,BIDI4,17.57
2020-09-23,BPAC11,73.13
2020-09-23,BPAN4,8.01
2020-09-23,BRAP4,44.68
2020-09-23,BRDT3,20.85
2020-09-23,BRFS3,19.8
2020-09-23,BRKM5,21.24
2020-09-23,BRML3,8.77
2020-09-23,BTOW3,91.4
2020-09-23,CCRO3,13.64
2020-09-23,CEAB3,11.97
2020-09-23,CIEL3,4.13
2020-09-23,CMIG4,10.41
2020-09-23,COGN3,5.51
2020-09-23,CPFE3,28.44
2020-09-23,CPLE3,60.78
2020-09-23,CPLE6,63.46
2020-09-23,CRFB3,20.5
2020-09-23,CSAN3,68.96
2020-09-23,CSMG3,48.7
2020-09-23,CSNA3,16.11
2020-09-23,CURY3,9.64
2020-09-23,CVCB3,16.36
2020-09-23,CYRE3,22.88
2020-09-23,DIRR3,13.6
2020-09-23,ECOR3,12.65
2020-09-23,EGIE3,41.4
2020-09-23,ELET3,31.78
2020-09-23,ELET6,32.87
2020-09-23,EMBR3,6.04
2020-09-23,ENBR3,17.87
2020-09-23,ENEV3,51.61
2020-09-23,ENGI11,41.54
2020-09-23,EQTL3,22.12
2020-09-23,EZTC3,36.39
2020-09-23,FLRY3,27.89
2020-09-23,GGBR4,20.65
2020-09-23,GNDI3,66.81
2020-09-23,GOAU4,9.29
2020-09-23,GOLL4,17.86
2020-09-23,HAPV3,62.64
2020-09-23,HGTX3,17.55
2020-09-23,HYPE3,29.73
2020-09-23,IGTA3,32.58
2020-09-23,IRBR3,6.3
2020-09-23,ITSA4,8.8
2020-09-23,ITUB4,22.48
2020-09-23,JBSS3,21.62
2020-09-23,JHSF3,7.04
2020-09-23,KLBN11,24.26
2020-09-23,LAME4,28.87
2020-09-23,LCAM3,24.85
2020-09-23,LOGG3,29.1
2020-09-23,LREN3,40.04
2020-09-23,LWSA3,58.23
2020-09-23,MGLU3,86.48
2020-09-23,MRFG3,15.63
2020-09-23,MRVE3,16.38
2020-09-23,MULT3,20.81
2020-09-23,NTCO3,50.1
2020-09-23,PCAR3,72.18
2020-09-23,PETR3,20.75
2020-09-23,PETR4,20.23
2020-09-23,PETZ3,14.8
2020-09-23,POMO4,2.68
2020-09-23,PRIO3,34.85
2020-09-23,PSSA3,49.25
2020-09-23,QUAL3,31.24
2020-09-23,RADL3,22.83
2020-09-23,RAIL3,20.79
2020-09-23,RENT3,58.97
2020-09-23,SANB11,26.71
2020-09-23,SBSP3,47.77
2020-09-23,SLCE3,25.6
2020-09-23,SMLS3,15.37
2020-09-23,SMTO3,22.21
2020-09-23,SOMA3,10.0
2020-09-23,STBP3,4.71
2020-09-23,SULA11,40.48
2020-09-23,SUZB3,46.63
2020-09-23,TAEE11,28.21
2020-09-23,TEND3,27.84
2020-09-23,TIMP3,13.38
2020-09-23,TOTS3,27.11
2020-09-23,TRPL4,21.84
2020-09-23,UGPA3,21.48
2020-09-23,USIM5,10.51
2020-09-23,VALE3,59.1
2020-09-23,VIVA3,22.91
2020-09-23,VIVT3,45.9
2020-09-23,VIVT4,45.35
2020-09-23,VVAR3,16.93
2020-09-23,WEGE3,62.5
2020-09-23,YDUQ3,28.35
2020-09-24,ABEV3,12.67
2020-09-24,ALPA4,36.82
2020-09-24,ALSO3,25.24
2020-09-24,ARZZ3,53.9
2020-09-24,AZUL4,26.85
2020-09-24,B3SA3,58.97
2020-09-24,BBAS3,30.42
2020-09-24,BBDC3,18.43
2020-09-24,BBDC4,19.8
2020-09-24,BBSE3,25.27
2020-09-24,BEEF3,12.14
2020-09-24,BIDI11,53.5
2020-09-24,BIDI4,18.14
2020-09-24,BPAC11,74.07
2020-09-24,BPAN4,8.21
2020-09-24,BRAP4,45.18
2020-09-24,BRDT3,21.09
2020-09-24,BRFS3,19.82
2020-09-24,BRKM5,21.02
2020-09-24,BRML3,8.82
2020-09-24,BTOW3,95.15
2020-09-24,CCRO3,13.79
2020-09-24,CEAB3,11.93
2020-09-24,CIEL3,4.17
2020-09-24,CMIG4,10.78
2020-09-24,COGN3,5.5
2020-09-24,CPFE3,28.63
2020-09-24,CPLE3,61.62
2020-09-24,CPLE6,65.49
2020-09-24,CRFB3,21.07
2020-09-24,CSAN3,69.49
2020-09-24,CSMG3,48.82
2020-09-24,CSNA3,15.82
2020-09-24,CURY3,10.0
2020-09-24,CVCB3,17.12
2020-09-24,CYRE3,23.42
2020-09-24,DIRR3,13.81
2020-09-24,ECOR3,12.74
2020-09-24,EGIE3,41.72
2020-09-24,ELET3,32.01
2020-09-24,ELET6,32.92
2020-09-24,EMBR3,6.18
2020-09-24,ENBR3,17.96
2020-09-24,ENEV3,50.3
2020-09-24,ENGI11,42.24
2020-09-24,EQTL3,22.45
2020-09-24,EZTC3,36.92
2020-09-24,FLRY3,27.85
2020-09-24,GGBR4,20.68
2020-09-24,GNDI3,67.87
2020-09-24,GOAU4,9.28
2020-09-24,GOLL4,17.94
2020-09-24,HAPV3,62.7
2020-09-24,HGTX3,17.65
2020-09-24,HYPE3,30.77
2020-09-24,IGTA3,32.43
2020-09-24,IRBR3,7.08
2020-09-24,ITSA4,9.03
2020-09-24,ITUB4,23.03
2020-09-24,JBSS3,21.66
2020-09-24,JHSF3,7.12
2020-09-24,KLBN11,24.43
2020-09-24,LAME4,28.88
2020-09-24,LCAM3,24.6
2020-09-24,LOGG3,28.77
2020-09-24,LREN3,40.23
2020-09-24,LWSA3,57.81
2020-09-24,MGLU3,89.3
2020-09-24,MRFG3,15.67
2020-09-24,MRVE3,16.6
2020-09-24,MULT3,20.74
2020-09-24,NTCO3,50.21
2020-09-24,PCAR3,74.83
2020-09-24,PETR3,20.9
2020-09-24,PETR4,20.4
2020-09-24,PETZ3,15.23
2020-09-24,POMO4,2.72
2020-09-24,PRIO3,36.5
2020-09-24,PSSA3,49.25
2020-09-24,QUAL3,32.79
2020-09-24,RADL3,23.4
2020-09-24,RAIL3,20.7
2020-09-24,RENT3,57.99
2020-09-24,SANB11,27.44
2020-09-24,SBSP3,48.2
2020-09-24,SLCE3,25.58
2020-09-24,SMLS3,15.38
2020-09-24,SMTO3,22.43
2020-09-24,SOMA3,10.0
2020-09-24,STBP3,4.34
2020-09-24,SULA11,41.23
2020-09-24,SUZB3,46.0
2020-09-24,TAEE11,28.5
2020-09-24,TEND3,28.44
2020-09-24,TIMP3,13.54
2020-09-24,TOTS3,27.98
2020-09-24,TRPL4,22.36
2020-09-24,UGPA3,21.31
2020-09-24,USIM5,10.4
2020-09-24,VALE3,58.66
2020-09-24,VIVA3,23.73
2020-09-24,VIVT3,45.99
2020-09-24,VIVT4,45.64
2020-09-24,VVAR3,17.04
2020-09-24,WEGE3,64.49
2020-09-24,YDUQ3,29.01
2020-09-25,ABEV3,12.84
2020-09-25,ALPA4,38.68
2020-09-25,ALSO3,24.75
2020-09-25,ARZZ3,54.54
2020-09-25,AZUL4,26.78
2020-09-25,B3SA3,57.35
2020-09-25,BBAS3,30.3
2020-09-25,BBDC3,18.39
2020-09-25,BBDC4,19.78
2020-09-25,BBSE3,25.03
2020-09-25,BEEF3,11.95
2020-09-25,BIDI11,53.21
2020-09-25,BIDI4,17.83
2020-09-25,BPAC11,74.3
2020-09-25,BPAN4,8.15
2020-09-25,BRAP4,45.54
2020-09-25,BRDT3,20.88
2020-09-25,BRFS3,19.59
2020-09-25,BRKM5,20.78
2020-09-25,BRML3,8.72
2020-09-25,BTOW3,95.41
2020-09-25,CCRO3,13.72
2020-09-25,CEAB3,12.33
2020-09-25,CIEL3,4.15
2020-09-25,CMIG4,10.54
2020-09-25,COGN3,5.58
2020-09-25,CPFE3,28.32
2020-09-25,CPLE3,59.77
2020-09-25,CPLE6,63.88
2020-09-25,CRFB3,20.89
2020-09-25,CSAN3,68.3
2020-09-25,CSMG3,48.18
2020-09-25,CSNA3,15.91
2020-09-25,CURY3,10.39
2020-09-25,CVCB3,16.75
2020-09-25,CYRE3,23.6
2020-09-25,DIRR3,13.74
2020-09-25,ECOR3,12.8
2020-09-25,EGIE3,41.65
2020-09-25,ELET3,32.03
2020-09-25,ELET6,32.75
2020-09-25,EMBR3,6.12
2020-09-25,ENBR3,18.04
2020-09-25,ENEV3,50.43
2020-09-25,ENGI11,42.28
2020-09-25,EQTL3,22.6
2020-09-25,EZTC3,36.58
2020-09-25,FLRY3,27.32
2020-09-25,GGBR4,20.51
2020-09-25,GNDI3,67.68
2020-09-25,GOAU4,9.23
2020-09-25,GOLL4,17.84
2020-09-25,HAPV3,62.89
2020-09-25,HGTX3,17.38
2020-09-25,HYPE3,30.64
2020-09-25,IGTA3,31.69
2020-09-25,IRBR3,7.17
2020-09-25,ITSA4,9.02
2020-09-25,ITUB4,22.91
2020-09-25,JBSS3,21.6
2020-09-25,JHSF3,7.25
2020-09-25,KLBN11,24.55
2020-09-25,LAME4,29.04
2020-09-25,LCAM3,25.01
2020-09-25,LOGG3,28.53
2020-09-25,LREN3,39.82
2020-09-25,LWSA3,57.15
2020-09-25,MGLU3,90.63
2020-09-25,MRFG3,15.74
2020-09-25,MRVE3,16.5
2020-09-25,MULT3,20.12
2020-09-25,NTCO3,50.17
2020-09-25,PCAR3,74.04
2020-09-25,PETR3,20.68
2020-09-25,PETR4,20.13
2020-09-25,PETZ3,15.0
2020-09-25,POMO4,2.7
2020-09-25,PRIO3,35.5
2020-09-25,PSSA3,49.17
2020-09-25,QUAL3,33.25
2020-09-25,RADL3,23.05
2020-09-25,RAIL3,20.84
2020-09-25,RENT3,59.0
2020-09-25,SANB11,27.2
2020-09-25,SBSP3,48.31
2020-09-25,SLCE3,25.27
2020-09-25,SMLS3,15.01
2020-09-25,SMTO3,22.23
2020-09-25,SOMA3,10.05
2020-09-25,STBP3,4.22
2020-09-25,SULA11,41.34
2020-09-25,SUZB3,48.14
2020-09-25,TAEE11,28.3
2020-09-25,TEND3,28.4
2020-09-25,TIMP3,13.58
2020-09-25,TOTS3,28.31
2020-09-25,TRPL4,22.03
2020-09-25,UGPA3,21.18
2020-09-25,USIM5,10.27
2020-09-25,VALE3,59.25
2020-09-25,VIVA3,23.88
2020-09-25,VIVT3,45.7
2020-09-25,VIVT4,45.32
2020-09-25,VVAR3,17.72
2020-09-25,WEGE3,64.25
2020-09-25,YDUQ3,28.61
2020-09-28,ABEV3,12.48
2020-09-28,ALPA4,37.92
2020-09-28,ALSO3,24.09
2020-09-28,ARZZ3,52.9
2020-09-28,AZUL4,25.95
2020-09-28,B3SA3,55.01
2020-09-28,BBAS3,30.51
2020-09-28,BBDC3,18.22
2020-09-28,BBDC4,19.72
2020-09-28,BBSE3,24.25
2020-09-28,BEEF3,11.35
2020-09-28,BIDI11,54.12
2020-09-28,BIDI4,18.23
2020-09-28,BPAC11,72.3
2020-09-28,BPAN4,8.12
2020-09-28,BRAP4,44.65
2020-09-28,BRDT3,20.25
2020-09-28,BRFS3,18.72
2020-09-28,BRKM5,19.82
2020-09-28,BRML3,8.5
2020-09-28,BTOW3,91.23
2020-09-28,CCRO3,13.09
2020-09-28,CEAB3,11.98
2020-09-28,CIEL3,4.07
2020-09-28,CMIG4,10.2
2020-09-28,COGN3,5.33
2020-09-28,CPFE3,27.77
2020-09-28,CPLE3,58.03
2020-09-28,CPLE6,62.04
2020-09-28,CRFB3,20.23
2020-09-28,CSAN3,66.31
2020-09-28,CSMG3,46.7
2020-09-28,CSNA3,15.74
2020-09-28,CURY3,10.29
2020-09-28,CVCB3,16.25
2020-09-28,CYRE3,22.58
2020-09-28,DIRR3,13.33
2020-09-28,ECOR3,12.21
2020-09-28,EGIE3,40.66
2020-09-28,ELET3,30.52
2020-09-28,ELET6,31.54
2020-09-28,EMBR3,6.36
2020-09-28,ENBR3,17.64
2020-09-28,ENEV3,49.11
2020-09-28,ENGI11,41.11
2020-09-28,EQTL3,21.8
2020-09-28,EZTC3,34.98
2020-09-28,FLRY3,26.26
2020-09-28,GGBR4,20.54
2020-09-28,GNDI3,64.16
2020-09-28,GOAU4,9.18
2020-09-28,GOLL4,17.47
2020-09-28,HAPV3,60.48
2020-09-28,HGTX3,16.8
2020-09-28,HYPE3,29.34
2020-09-28,IGTA3,30.91
2020-09-28,IRBR3,7.23
2020-09-28,ITSA4,8.97
2020-09-28,ITUB4,22.9
2020-09-28,JBSS3,20.62
2020-09-28,JHSF3,7.06
2020-09-28,KLBN11,23.81
2020-09-28,LAME4,27.8
2020-09-28,LCAM3,24.0
2020-09-28,LOGG3,28.27
2020-09-28,LREN3,38.68
2020-09-28,LWSA3,57.37
2020-09-28,MGLU3,87.47
2020-09-28,MRFG3,15.07
2020-09-28,MRVE3,15.7
2020-09-28,MULT3,19.42
2020-09-28,NTCO3,48.73
2020-09-28,PCAR3,70.87
2020-09-28,PETR3,20.18
2020-09-28,PETR4,19.63
2020-09-28,PETZ3,14.7
2020-09-28,POMO4,2.65
2020-09-28,PRIO3,34.8
2020-09-28,PSSA3,48.49
2020-09-28,QUAL3,32.28
2020-09-28,RADL3,22.12
2020-09-28,RAIL3,19.89
2020-09-28,RENT3,56.65
2020-09-28,SANB11,27.77
2020-09-28,SBSP3,46.7
2020-09-28,SLCE3,24.97
2020-09-28,SMLS3,14.55
2020-09-28,SMTO3,21.4
2020-09-28,SOMA3,9.65
2020-09-28,STBP3,4.04
2020-09-28,SULA11,39.79
2020-09-28,SUZB3,47.6
2020-09-28,TAEE11,27.94
2020-09-28,TEND3,27.49
2020-09-28,TIMP3,13.13
2020-09-28,TOTS3,27.33
2020-09-28,TRPL4,21.75
2020-09-28,UGPA3,20.12
2020-09-28,USIM5,10.14
2020-09-28,VALE3,58.78
2020-09-28,VIVA3,23.84
2020-09-28,VIVT3,44.6
2020-09-28,VIVT4,44.01
2020-09-28,VVAR3,17.29
2020-09-28,WEGE3,62.89
2020-09-28,YDUQ3,27.08
2020-09-29,ABEV3,12.35
2020-09-29,ALPA4,37.72
2020-09-29,ALSO3,23.33
2020-09-29,ARZZ3,53.35
2020-09-29,AZUL4,23.95
2020-09-29,B3SA3,53.65
2020-09-29,BBAS3,29.76
2020-09-29,BBDC3,17.89
2020-09-29,BBDC4,19.25
2020-09-29,BBSE3,24.45
2020-09-29,BEEF3,11.22
2020-09-29,BIDI11,52.65
2020-09-29,BIDI4,18.11
2020-09-29,BPAC11,71.1
2020-09-29,BPAN4,7.93
2020-09-29,BRAP4,44.24
2020-09-29,BRDT3,20.07
2020-09-29,BRFS3,18.21
2020-09-29,BRKM5,20.04
2020-09-29,BRML3,8.36
2020-09-29,BTOW3,89.17
2020-09-29,CCRO3,12.68
2020-09-29,CEAB3,11.52
2020-09-29,CIEL3,3.97
2020-09-29,CMIG4,10.13
2020-09-29,COGN3,5.21
2020-09-29,CPFE3,27.57
2020-09-29,CPLE3,57.46
2020-09-29,CPLE6,61.98
2020-09-29,CRFB3,20.06
2020-09-29,CSAN3,65.86
2020-09-29,CSMG3,46.7
2020-09-29,CSNA3,15.32
2020-09-29,CURY3,10.22
2020-09-29,CVCB3,15.62
2020-09-29,CYRE3,22.4
2020-09-29,DIRR3,13.19
2020-09-29,ECOR3,11.79
2020-09-29,EGIE3,40.14
2020-09-29,ELET3,30.17
2020-09-29,ELET6,31.33
2020-09-29,EMBR3,6.1
2020-09-29,ENBR3,17.54
2020-09-29,ENEV3,48.39
2020-09-29,ENGI11,40.85
2020-09-29,EQTL3,21.61
2020-09-29,EZTC3,34.64
2020-09-29,FLRY3,26.62
2020-09-29,GGBR4,20.21
2020-09-29,GNDI3,63.6
2020-09-29,GOAU4,9.06
2020-09-29,GOLL4,16.47
2020-09-29,HAPV3,60.58
2020-09-29,HGTX3,16.76
2020-09-29,HYPE3,29.25
2020-09-29,IGTA3,30.34
2020-09-29,IRBR3,7.31
2020-09-29,ITSA4,8.82
2020-09-29,ITUB4,22.4
2020-09-29,JBSS3,20.36
2020-09-29,JHSF3,6.8
2020-09-29,KLBN11,24.07
2020-09-29,LAME4,28.37
2020-09-29,LCAM3,23.84
2020-09-29,LOGG3,27.75
2020-09-29,LREN3,38.8
2020-09-29,LWSA3,56.3
2020-09-29,MGLU3,87.48
2020-09-29,MRFG3,15.0
2020-09-29,MRVE3,15.75
2020-09-29,MULT3,19.21
2020-09-29,NTCO3,49.69
2020-09-29,PCAR3,70.62
2020-09-29,PETR3,19.61
2020-09-29,PETR4,19.31
2020-09-29,PETZ3,14.3
2020-09-29,POMO4,2.59
2020-09-29,PRIO3,34.34
2020-09-29,PSSA3,48.0
2020-09-29,QUAL3,32.33
2020-09-29,RADL3,21.93
2020-09-29,RAIL3,19.14
2020-09-29,RENT3,56.79
2020-09-29,SANB11,27.09
2020-09-29,SBSP3,46.93
2020-09-29,SLCE3,25.2
2020-09-29,SMLS3,13.95
2020-09-29,SMTO3,21.69
2020-09-29,SOMA3,9.69
2020-09-29,STBP3,4.01
2020-09-29,SULA11,39.44
2020-09-29,SUZB3,47.07
2020-09-29,TAEE11,28.0
2020-09-29,TEND3,27.45
2020-09-29,TIMP3,13.14
2020-09-29,TOTS3,27.24
2020-09-29,TRPL4,21.64
2020-09-29,UGPA3,19.71
2020-09-29,USIM5,9.85
2020-09-29,VALE3,58.35
2020-09-29,VIVA3,24.0
2020-09-29,VIVT3,44.2
2020-09-29,VIVT4,43.65
2020-09-29,VVAR3,16.97
2020-09-29,WEGE3,64.94
2020-09-29,YDUQ3,27.27
2020-09-30,ABEV3,12.54
2020-09-30,ALPA4,38.2
2020-09-30,ALSO3,23.72
2020-09-30,ARZZ3,54.34
2020-09-30,AZUL4,24.38
2020-09-30,B3SA3,55.01
2020-09-30,BBAS3,29.62
2020-09-30,BBDC3,18.02
2020-09-30,BBDC4,19.41
2020-09-30,BBSE3,24.27
2020-09-30,BEEF3,11.74
2020-09-30,BIDI11,54.28
2020-09-30,BIDI4,18.67
2020-09-30,BPAC11,72.85
2020-09-30,BPAN4,8.12
2020-09-30,BRAP4,44.89
2020-09-30,BRDT3,20.15
2020-09-30,BRFS3,18.38
2020-09-30,BRKM5,20.79
2020-09-30,BRML3,8.38
2020-09-30,BTOW3,89.98
2020-09-30,CCRO3,12.67
2020-09-30,CEAB3,11.52
2020-09-30,CIEL3,3.93
2020-09-30,CMIG4,10.1
2020-09-30,COGN3,5.18
2020-09-30,CPFE3,27.56
2020-09-30,CPLE3,57.8
2020-09-30,CPLE6,62.01
2020-09-30,CRFB3,20.49
2020-09-30,CSAN3,68.33
2020-09-30,CSMG3,46.73
2020-09-30,CSNA3,16.5
2020-09-30,CURY3,10.8
2020-09-30,CVCB3,16.13
2020-09-30,CYRE3,23.24
2020-09-30,DIRR3,13.54
2020-09-30,ECOR3,11.84
2020-09-30,EGIE3,40.35
2020-09-30,ELET3,30.32
2020-09-30,ELET6,31.19
2020-09-30,EMBR3,6.24
2020-09-30,ENBR3,17.41
2020-09-30,ENEV3,48.1
2020-09-30,ENGI11,41.12
2020-09-30,EQTL3,21.18
2020-09-30,EZTC3,35.24
2020-09-30,FLRY3,26.48
2020-09-30,GGBR4,20.8
2020-09-30,GNDI3,65.06
2020-09-30,GOAU4,9.4
2020-09-30,GOLL4,17.08
2020-09-30,HAPV3,62.14
2020-09-30,HGTX3,16.73
2020-09-30,HYPE3,29.82
2020-09-30,IGTA3,30.75
2020-09-30,IRBR3,7.49
2020-09-30,ITSA4,8.8
2020-09-30,ITUB4,22.5
2020-09-30,JBSS3,20.67
2020-09-30,JHSF3,7.0
2020-09-30,KLBN11,23.8
2020-09-30,LAME4,28.39
2020-09-30,LCAM3,23.75
2020-09-30,LOGG3,30.07
2020-09-30,LREN3,39.65
2020-09-30,LWSA3,59.61
2020-09-30,MGLU3,89.2
2020-09-30,MRFG3,15.25
2020-09-30,MRVE3,16.09
2020-09-30,MULT3,19.43
2020-09-30,NTCO3,51.13
2020-09-30,PCAR3,69.74
2020-09-30,PETR3,19.77
2020-09-30,PETR4,19.61
2020-09-30,PETZ3,14.3
2020-09-30,POMO4,2.68
2020-09-30,PRIO3,34.89
2020-09-30,PSSA3,48.25
2020-09-30,QUAL3,33.99
2020-09-30,RADL3,23.42
2020-09-30,RAIL3,19.06
2020-09-30,RENT3,56.67
2020-09-30,SANB11,27.96
2020-09-30,SBSP3,46.8
2020-09-30,SLCE3,25.49
2020-09-30,SMLS3,13.94
2020-09-30,SMTO3,21.78
2020-09-30,SOMA3,9.75
2020-09-30,STBP3,4.03
2020-09-30,SULA11,39.63
2020-09-30,SUZB3,45.55
2020-09-30,TAEE11,27.96
2020-09-30,TEND3,28.38
2020-09-30,TIMP3,13.06
2020-09-30,TOTS3,27.1
2020-09-30,TRPL4,21.79
2020-09-30,UGPA3,19.27
2020-09-30,USIM5,10.03
2020-09-30,VALE3,59.11
2020-09-30,VIVA3,23.7
2020-09-30,VIVT3,44.11
2020-09-30,VIVT4,43.42
2020-09-30,VVAR3,17.35
2020-09-30,WEGE3,65.7
2020-09-30,YDUQ3,27.41
2020-10-01,ABEV3,12.7
2020-10-01,ALPA4,39.88
2020-10-01,ALSO3,24.82
2020-10-01,ARZZ3,55.43
2020-10-01,AZUL4,25.7
2020-10-01,B3SA3,54.53
2020-10-01,BBAS3,29.79
2020-10-01,BBDC3,18.05
2020-10-01,BBDC4,19.5
2020-10-01,BBSE3,24.61
2020-10-01,BEEF3,11.55
2020-10-01,BIDI11,57.88
2020-10-01,BIDI4,19.68
2020-10-01,BPAC11,74.51
2020-10-01,BPAN4,8.33
2020-10-01,BRAP4,44.85
2020-10-01,BRDT3,21.0
2020-10-01,BRFS3,18.51
2020-10-01,BRKM5,21.32
2020-10-01,BRML3,8.85
2020-10-01,BTOW3,89.23
2020-10-01,CCRO3,12.81
2020-10-01,CEAB3,12.02
2020-10-01,CIEL3,3.97
2020-10-01,CMIG4,10.27
2020-10-01,COGN3,5.52
2020-10-01,CPFE3,27.78
2020-10-01,CPLE3,57.27
2020-10-01,CPLE6,62.0
2020-10-01,CRFB3,20.72
2020-10-01,CSAN3,70.33
2020-10-01,CSMG3,47.67
2020-10-01,CSNA3,16.54
2020-10-01,CURY3,11.1
2020-10-01,CVCB3,15.71
2020-10-01,CYRE3,24.3
2020-10-01,DIRR3,14.39
2020-10-01,ECOR3,12.1
2020-10-01,EGIE3,40.85
2020-10-01,ELET3,30.26
2020-10-01,ELET6,31.02
2020-10-01,EMBR3,6.47
2020-10-01,ENBR3,17.64
2020-10-01,ENEV3,47.0
2020-10-01,ENGI11,41.05
2020-10-01,EQTL3,21.45
2020-10-01,EZTC3,36.98
2020-10-01,FLRY3,26.61
2020-10-01,GGBR4,20.75
2020-10-01,GNDI3,65.89
2020-10-01,GOAU4,9.36
2020-10-01,GOLL4,17.9
2020-10-01,HAPV3,63.0
2020-10-01,HGTX3,17.25
2020-10-01,HYPE3,30.3
2020-10-01,IGTA3,32.12
2020-10-01,IRBR3,8.1
2020-10-01,ITSA4,8.9
2020-10-01,ITUB4,22.52
2020-10-01,JBSS3,20.51
2020-10-01,JHSF3,7.47
2020-10-01,KLBN11,24.32
2020-10-01,LAME4,29.33
2020-10-01,LCAM3,24.21
2020-10-01,LOGG3,31.11
2020-10-01,LREN3,40.73
2020-10-01,LWSA3,63.85
2020-10-01,MGLU3,91.9
2020-10-01,MRFG3,15.2
2020-10-01,MRVE3,16.73
2020-10-01,MULT3,20.55
2020-10-01,NTCO3,48.58
2020-10-01,PCAR3,70.24
2020-10-01,PETR3,19.95
2020-10-01,PETR4,19.85
2020-10-01,PETZ3,14.9
2020-10-01,POMO4,2.68
2020-10-01,PRIO3,35.53
2020-10-01,PSSA3,49.29
2020-10-01,QUAL3,32.8
2020-10-01,RADL3,24.09
2020-10-01,RAIL3,19.53
2020-10-01,RENT3,57.12
2020-10-01,SANB11,27.9
2020-10-01,SBSP3,47.09
2020-10-01,SLCE3,26.35
2020-10-01,SMLS3,14.42
2020-10-01,SMTO3,22.14
2020-10-01,SOMA3,10.04
2020-10-01,STBP3,4.16
2020-10-01,SULA11,41.1
2020-10-01,SUZB3,46.5
2020-10-01,TAEE11,28.12
2020-10-01,TEND3,29.68
2020-10-01,TIMP3,13.07
2020-10-01,TOTS3,27.51
2020-10-01,TRPL4,21.99
2020-10-01,UGPA3,19.52
2020-10-01,USIM5,10.07
2020-10-01,VALE3,58.86
2020-10-01,VIVA3,24.1
2020-10-01,VIVT3,44.0
2020-10-01,VIVT4,43.5
2020-10-01,VVAR3,17.87
2020-10-01,WEGE3,66.9
2020-10-01,YDUQ3,28.0
2020-10-02,ABEV3,12.53
2020-10-02,ALPA4,39.25
2020-10-02,ALSO3,24.33
2020-10-02,ARZZ3,54.93
2020-10-02,AZUL4,24.27
2020-10-02,B3SA3,53.26
2020-10-02,BBAS3,29.71
2020-10-02,BBDC3,18.12
2020-10-02,BBDC4,19.64
2020-10-02,BBSE3,24.4
2020-10-02,BEEF3,11.25
2020-10-02,BIDI11,58.12
2020-10-02,BIDI4,19.55
2020-10-02,BPAC11,72.08
2020-10-02,BPAN4,8.39
2020-10-02,BRAP4,44.17
2020-10-02,BRDT3,20.36
2020-10-02,BRFS3,18.04
2020-10-02,BRKM5,20.79
2020-10-02,BRML3,8.81
2020-10-02,BTOW3,87.34
2020-10-02,CCRO3,12.43
2020-10-02,CEAB3,12.16
2020-10-02,CIEL3,3.93
2020-10-02,CMIG4,10.15
2020-10-02,COGN3,5.4
2020-10-02,CPFE3,27.42
2020-10-02,CPLE3,56.72
2020-10-02,CPLE6,61.6
2020-10-02,CRFB3,20.36
2020-10-02,CSAN3,68.28
2020-10-02,CSMG3,47.5
2020-10-02,CSNA3,16.78
2020-10-02,CURY3,10.68
2020-10-02,CVCB3,14.88
2020-10-02,CYRE3,23.44
2020-10-02,DIRR3,14.34
2020-10-02,ECOR3,11.82
2020-10-02,EGIE3,40.08
2020-10-02,ELET3,29.67
2020-10-02,ELET6,30.33
2020-10-02,EMBR3,6.49
2020-10-02,ENBR3,17.5
2020-10-02,ENEV3,47.1
2020-10-02,ENGI11,40.0
2020-10-02,EQTL3,21.03
2020-10-02,EZTC3,35.58
2020-10-02,FLRY3,26.32
2020-10-02,GGBR4,20.6
2020-10-02,GNDI3,64.25
2020-10-02,GOAU4,9.25
2020-10-02,GOLL4,17.39
2020-10-02,HAPV3,61.8
2020-10-02,HGTX3,17.19
2020-10-02,HYPE3,30.3
2020-10-02,IGTA3,31.25
2020-10-02,IRBR3,8.09
2020-10-02,ITSA4,8.92
2020-10-02,ITUB4,22.59
2020-10-02,JBSS3,20.08
2020-10-02,JHSF3,7.25
2020-10-02,KLBN11,23.88
2020-10-02,LAME4,28.59
2020-10-02,LCAM3,24.1
2020-10-02,LOGG3,29.63
2020-10-02,LREN3,39.77
2020-10-02,LWSA3,62.49
2020-10-02,MGLU3,88.05
2020-10-02,MRFG3,14.94
2020-10-02,MRVE3,16.47
2020-10-02,MULT3,20.26
2020-10-02,NTCO3,48.94
2020-10-02,PCAR3,68.57
2020-10-02,PETR3,19.18
2020-10-02,PETR4,19.02
2020-10-02,PETZ3,14.52
2020-10-02,POMO4,2.66
2020-10-02,PRIO3,34.27
2020-10-02,PSSA3,49.11
2020-10-02,QUAL3,32.12
2020-10-02,RADL3,23.9
2020-10-02,RAIL3,18.95
2020-10-02,RENT3,56.7
2020-10-02,SANB11,28.4
2020-10-02,SBSP3,45.46
2020-10-02,SLCE3,26.26
2020-10-02,SMLS3,14.21
2020-10-02,SMTO3,21.85
2020-10-02,SOMA3,10.2
2020-10-02,STBP3,4.11
2020-10-02,SULA11,40.91
2020-10-02,SUZB3,46.33
2020-10-02,TAEE11,28.0
2020-10-02,TEND3,29.25
2020-10-02,TIMP3,12.97
2020-10-02,TOTS3,27.05
2020-10-02,TRPL4,21.65
2020-10-02,UGPA3,19.13
2020-10-02,USIM5,10.02
2020-10-02,VALE3,58.32
2020-10-02,VIVA3,23.93
2020-10-02,VIVT3,43.71
2020-10-02,VIVT4,43.47
2020-10-02,VVAR3,17.31
2020-10-02,WEGE3,67.05
2020-10-02,YDUQ3,27.11
2020-10-05,ABEV3,12.81
2020-10-05,ALPA4,39.11
2020-10-05,ALSO3,24.54
2020-10-05,ARZZ3,56.29
2020-10-05,AZUL4,24.31
2020-10-05,B3SA3,55.75
2020-10-05,BBAS3,30.23
2020-10-05,BBDC3,18.52
2020-10-05,BBDC4,19.92
2020-10-05,BBSE3,24.46
2020-10-05,BEEF3,11.35
2020-10-05,BIDI11,58.4
2020-10-05,BIDI4,19.47
2020-10-05,BPAC11,74.14
2020-10-05,BPAN4,8.45
2020-10-05,BRAP4,45.47
2020-10-05,BRDT3,20.57
2020-10-05,BRFS3,18.02
2020-10-05,BRKM5,21.05
2020-10-05,BRML3,8.8
2020-10-05,BTOW3,87.01
2020-10-05,CCRO3,12.6
2020-10-05,CEAB3,12.3
2020-10-05,CIEL3,3.91
2020-10-05,CMIG4,10.5
2020-10-05,COGN3,5.31
2020-10-05,CPFE3,27.55
2020-10-05,CPLE3,57.5
2020-10-05,CPLE6,62.55
2020-10-05,CRFB3,20.52
2020-10-05,CSAN3,68.69
2020-10-05,CSMG3,47.41
2020-10-05,CSNA3,17.72
2020-10-05,CURY3,10.9
2020-10-05,CVCB3,14.46
2020-10-05,CYRE3,23.56
2020-10-05,DIRR3,14.35
2020-10-05,ECOR3,11.92
2020-10-05,EGIE3,40.5
2020-10-05,ELET3,31.29
2020-10-05,ELET6,31.55
2020-10-05,EMBR3,6.42
2020-10-05,ENBR3,17.5
2020-10-05,ENEV3,47.1
2020-10-05,ENGI11,40.91
2020-10-05,EQTL3,21.63
2020-10-05,EZTC3,35.36
2020-10-05,FLRY3,27.21
2020-10-05,GGBR4,21.8
2020-10-05,GNDI3,65.73
2020-10-05,GOAU4,9.86
2020-10-05,GOLL4,17.66
2020-10-05,HAPV3,63.37
2020-10-05,HGTX3,17.26
2020-10-05,HYPE3,31.09
2020-10-05,IGTA3,31.4
2020-10-05,IRBR3,8.65
2020-10-05,ITSA4,8.96
2020-10-05,ITUB4,22.83
2020-10-05,JBSS3,20.46
2020-10-05,JHSF3,7.24
2020-10-05,KLBN11,24.27
2020-10-05,LAME4,28.46
2020-10-05,LCAM3,24.21
2020-10-05,LOGG3,31.09
2020-10-05,LREN3,40.11
2020-10-05,LWSA3,61.56
2020-10-05,MGLU3,90.14
2020-10-05,MRFG3,15.05
2020-10-05,MRVE3,16.42
2020-10-05,MULT3,20.68
2020-10-05,NTCO3,48.95
2020-10-05,PCAR3,68.16
2020-10-05,PETR3,20.12
2020-10-05,PETR4,20.03
2020-10-05,PETZ3,14.0
2020-10-05,POMO4,2.69
2020-10-05,PRIO3,36.53
2020-10-05,PSSA3,48.8
2020-10-05,QUAL3,32.77
2020-10-05,RADL3,24.56
2020-10-05,RAIL3,18.87
2020-10-05,RENT3,57.25
2020-10-05,SANB11,28.47
2020-10-05,SBSP3,45.83
2020-10-05,SLCE3,26.78
2020-10-05,SMLS3,14.19
2020-10-05,SMTO3,22.21
2020-10-05,SOMA3,10.02
2020-10-05,STBP3,4.11
2020-10-05,SULA11,40.99
2020-10-05,SUZB3,47.4
2020-10-05,TAEE11,28.07
2020-10-05,TEND3,28.98
2020-10-05,TIMP3,13.16
2020-10-05,TOTS3,27.0
2020-10-05,TRPL4,21.72
2020-10-05,UGPA3,19.36
2020-10-05,USIM5,10.57
2020-10-05,VALE3,59.59
2020-10-05,VIVA3,23.89
2020-10-05,VIVT3,43.5
2020-10-05,VIVT4,43.47
2020-10-05,VVAR3,17.87
2020-10-05,WEGE3,70.18
2020-10-05,YDUQ3,27.72
2020-10-06,ABEV3,13.34
2020-10-06,ALPA4,39.83
2020-10-06,ALSO3,24.95
2020-10-06,ARZZ3,55.37
2020-10-06,AZUL4,25.89
2020-10-06,B3SA3,53.76
2020-10-06,BBAS3,30.03
2020-10-06,BBDC3,18.41
2020-10-06,BBDC4,19.85
2020-10-06,BBSE3,24.31
2020-10-06,BEEF3,10.95
2020-10-06,BIDI11,60.93
2020-10-06,BIDI4,20.37
2020-10-06,BPAC11,73.92
2020-10-06,BPAN4,8.48
2020-10-06,BRAP4,44.65
2020-10-06,BRDT3,20.22
2020-10-06,BRFS3,17.91
2020-10-06,BRKM5,22.0
2020-10-06,BRML3,8.98
2020-10-06,BTOW3,89.13
2020-10-06,CCRO3,12.45
2020-10-06,CEAB3,12.04
2020-10-06,CIEL3,3.9
2020-10-06,CMIG4,10.42
2020-10-06,COGN3,5.24
2020-10-06,CPFE3,27.83
2020-10-06,CPLE3,57.95
2020-10-06,CPLE6,62.94
2020-10-06,CRFB3,20.64
2020-10-06,CSAN3,67.87
2020-10-06,CSMG3,47.56
2020-10-06,CSNA3,17.68
2020-10-06,CURY3,11.1
2020-10-06,CVCB3,15.81
2020-10-06,CYRE3,24.3
2020-10-06,DIRR3,14.61
2020-10-06,ECOR3,11.75
2020-10-06,EGIE3,40.33
2020-10-06,ELET3,31.26
2020-10-06,ELET6,31.67
2020-10-06,EMBR3,6.62
2020-10-06,ENBR3,17.55
2020-10-06,ENEV3,46.35
2020-10-06,ENGI11,40.48
2020-10-06,EQTL3,21.36
2020-10-06,EZTC3,35.96
2020-10-06,FLRY3,27.86
2020-10-06,GGBR4,21.7
2020-10-06,GNDI3,64.2
2020-10-06,GOAU4,9.72
2020-10-06,GOLL4,18.95
2020-10-06,HAPV3,62.24
2020-10-06,HGTX3,17.52
2020-10-06,HYPE3,31.49
2020-10-06,IGTA3,32.09
2020-10-06,IRBR3,7.17
2020-10-06,ITSA4,8.98
2020-10-06,ITUB4,22.87
2020-10-06,JBSS3,20.11
2020-10-06,JHSF3,7.27
2020-10-06,KLBN11,24.03
2020-10-06,LAME4,28.54
2020-10-06,LCAM3,24.07
2020-10-06,LOGG3,30.34
2020-10-06,LREN3,40.2
2020-10-06,LWSA3,60.71
2020-10-06,MGLU3,89.3
2020-10-06,MRFG3,14.5
2020-10-06,MRVE3,16.57
2020-10-06,MULT3,21.15
2020-10-06,NTCO3,47.65
2020-10-06,PCAR3,68.5
2020-10-06,PETR3,19.99
2020-10-06,PETR4,19.93
2020-10-06,PETZ3,14.0
2020-10-06,POMO4,2.74
2020-10-06,PRIO3,35.73
2020-10-06,PSSA3,48.22
2020-10-06,QUAL3,32.32
2020-10-06,RADL3,24.64
2020-10-06,RAIL3,18.8
2020-10-06,RENT3,57.31
2020-10-06,SANB11,28.54
2020-10-06,SBSP3,45.69
2020-10-06,SLCE3,25.95
2020-10-06,SMLS3,14.6
2020-10-06,SMTO3,21.55
2020-10-06,SOMA3,9.91
2020-10-06,STBP3,4.16
2020-10-06,SULA11,41.39
2020-10-06,SUZB3,47.94
2020-10-06,TAEE11,28.02
2020-10-06,TEND3,29.07
2020-10-06,TIMP3,13.18
2020-10-06,TOTS3,26.7
2020-10-06,TRPL4,21.62
2020-10-06,UGPA3,19.2
2020-10-06,USIM5,10.32
2020-10-06,VALE3,58.62
2020-10-06,VIVA3,23.83
2020-10-06,VIVT3,44.13
2020-10-06,VIVT4,43.71
2020-10-06,VVAR3,18.17
2020-10-06,WEGE3,71.48
2020-10-06,YDUQ3,27.43
2020-10-07,ABEV3,13.53
2020-10-07,ALPA4,40.28
2020-10-07,ALSO3,25.22
2020-10-07,ARZZ3,55.58
2020-10-07,AZUL4,24.97
2020-10-07,B3SA3,53.71
2020-10-07,BBAS3,29.81
2020-10-07,BBDC3,18.17
2020-10-07,BBDC4,19.64
2020-10-07,BBSE3,24.0
2020-10-07,BEEF3,11.03
2020-10-07,BIDI11,61.23
2020-10-07,BIDI4,20.59
2020-10-07,BPAC11,72.67
2020-10-07,BPAN4,8.22
2020-10-07,BRAP4,45.29
2020-10-07,BRDT3,20.0
2020-10-07,BRFS3,17.7
2020-10-07,BRKM5,22.22
2020-10-07,BRML3,8.96
2020-10-07,BTOW3,88.63
2020-10-07,CCRO3,12.11
2020-10-07,CEAB3,11.95
2020-10-07,CIEL3,3.7
2020-10-07,CMIG4,10.4
2020-10-07,COGN3,5.2
2020-10-07,CPFE3,27.45
2020-10-07,CPLE3,57.39
2020-10-07,CPLE6,62.6
2020-10-07,CRFB3,20.49
2020-10-07,CSAN3,67.95
2020-10-07,CSMG3,47.26
2020-10-07,CSNA3,18.0
2020-10-07,CURY3,10.95
2020-10-07,CVCB3,14.9
2020-10-07,CYRE3,24.5
2020-10-07,DIRR3,14.63
2020-10-07,ECOR3,11.4
2020-10-07,EGIE3,40.25
2020-10-07,ELET3,31.32
2020-10-07,ELET6,31.4
2020-10-07,EMBR3,6.37
2020-10-07,ENBR3,17.53
2020-10-07,ENEV3,46.01
2020-10-07,ENGI11,40.15
2020-10-07,EQTL3,21.08
2020-10-07,EZTC3,36.03
2020-10-07,FLRY3,27.45
2020-10-07,GGBR4,22.4
2020-10-07,GNDI3,64.99
2020-10-07,GOAU4,10.03
2020-10-07,GOLL4,18.3
2020-10-07,HAPV3,62.75
2020-10-07,HGTX3,17.53
2020-10-07,HYPE3,31.25
2020-10-07,IGTA3,32.32
2020-10-07,IRBR3,6.44
2020-10-07,ITSA4,8.9
2020-10-07,ITUB4,22.7
2020-10-07,JBSS3,19.96
2020-10-07,JHSF3,7.51
2020-10-07,KLBN11,24.44
2020-10-07,LAME4,27.73
2020-10-07,LCAM3,23.92
2020-10-07,LOGG3,30.5
2020-10-07,LREN3,39.65
2020-10-07,LWSA3,62.2
2020-10-07,MGLU3,88.94
2020-10-07,MRFG3,14.55
2020-10-07,MRVE3,16.75
2020-10-07,MULT3,21.6
2020-10-07,NTCO3,47.31
2020-10-07,PCAR3,69.21
2020-10-07,PETR3,19.91
2020-10-07,PETR4,19.79
2020-10-07,PETZ3,14.38
2020-10-07,POMO4,2.71
2020-10-07,PRIO3,36.48
2020-10-07,PSSA3,48.46
2020-10-07,QUAL3,31.49
2020-10-07,RADL3,24.91
2020-10-07,RAIL3,18.43
2020-10-07,RENT3,56.89
2020-10-07,SANB11,28.47
2020-10-07,SBSP3,45.34
2020-10-07,SLCE3,26.25
2020-10-07,SMLS3,15.3
2020-10-07,SMTO3,22.02
2020-10-07,SOMA3,9.7
2020-10-07,STBP3,4.08
2020-10-07,SULA11,40.69
2020-10-07,SUZB3,48.39
2020-10-07,TAEE11,28.12
2020-10-07,TEND3,28.76
2020-10-07,TIMP3,13.15
2020-10-07,TOTS3,26.95
2020-10-07,TRPL4,21.6
2020-10-07,UGPA3,18.62
2020-10-07,USIM5,10.59
2020-10-07,VALE3,60.17
2020-10-07,VIVA3,23.66
2020-10-07,VIVT3,43.55
2020-10-07,VIVT4,43.71
2020-10-07,VVAR3,17.91
2020-10-07,WEGE3,73.17
2020-10-07,YDUQ3,27.25
2020-10-08,ABEV3,13.68
2020-10-08,ALPA4,40.39
2020-10-08,ALSO3,25.48
2020-10-08,ARZZ3,56.8
2020-10-08,AZUL4,25.13
2020-10-08,B3SA3,54.85
2020-10-08,BBAS3,31.25
2020-10-08,BBDC3,19.2
2020-10-08,BBDC4,20.65
2020-10-08,BBSE3,24.5
2020-10-08,BEEF3,11.27
2020-10-08,BIDI11,60.69
2020-10-08,BIDI4,20.37
2020-10-08,BPAC11,73.5
2020-10-08,BPAN4,8.69
2020-10-08,BRAP4,45.8
2020-10-08,BRDT3,20.33
2020-10-08,BRFS3,17.93
2020-10-08,BRKM5,21.98
2020-10-08,BRML3,9.13
2020-10-08,BTOW3,87.2
2020-10-08,CCRO3,12.69
2020-10-08,CEAB3,12.04
2020-10-08,CIEL3,3.8
2020-10-08,CMIG4,10.61
2020-10-08,COGN3,5.38
2020-10-08,CPFE3,27.81
2020-10-08,CPLE3,58.68
2020-10-08,CPLE6,64.7
2020-10-08,CRFB3,20.86
2020-10-08,CSAN3,68.4
2020-10-08,CSMG3,47.35
2020-10-08,CSNA3,17.85
2020-10-08,CURY3,10.9
2020-10-08,CVCB3,14.94
2020-10-08,CYRE3,25.08
2020-10-08,DIRR3,15.06
2020-10-08,ECOR3,11.77
2020-10-08,EGIE3,40.52
2020-10-08,ELET3,30.87
2020-10-08,ELET6,31.16
2020-10-08,EMBR3,6.69
2020-10-08,ENBR3,17.84
2020-10-08,ENEV3,46.6
2020-10-08,ENGI11,40.5
2020-10-08,EQTL3,21.25
2020-10-08,EZTC3,36.62
2020-10-08,FLRY3,28.1
2020-10-08,GGBR4,22.25
2020-10-08,GNDI3,66.06
2020-10-08,GOAU4,9.93
2020-10-08,GOLL4,18.51
2020-10-08,HAPV3,65.03
2020-10-08,HGTX3,17.64
2020-10-08,HYPE3,31.2
2020-10-08,IGTA3,32.55
2020-10-08,IRBR3,7.74
2020-10-08,ITSA4,9.33
2020-10-08,ITUB4,24.07
2020-10-08,JBSS3,20.12
2020-10-08,JHSF3,7.7
2020-10-08,KLBN11,24.89
2020-10-08,LAME4,27.7
2020-10-08,LCAM3,24.94
2020-10-08,LOGG3,29.93
2020-10-08,LREN3,39.91
2020-10-08,LWSA3,62.52
2020-10-08,MGLU3,91.87
2020-10-08,MRFG3,14.68
2020-10-08,MRVE3,16.81
2020-10-08,MULT3,21.59
2020-10-08,NTCO3,47.0
2020-10-08,PCAR3,68.7
2020-10-08,PETR3,20.59
2020-10-08,PETR4,20.44
2020-10-08,PETZ3,14.23
2020-10-08,POMO4,2.75
2020-10-08,PRIO3,36.2
2020-10-08,PSSA3,48.31
2020-10-08,QUAL3,32.13
2020-10-08,RADL3,25.32
2020-10-08,RAIL3,18.47
2020-10-08,RENT3,59.96
2020-10-08,SANB11,30.78
2020-10-08,SBSP3,45.91
2020-10-08,SLCE3,26.14
2020-10-08,SMLS3,15.47
2020-10-08,SMTO3,22.25
2020-10-08,SOMA3,9.84
2020-10-08,STBP3,4.06
2020-10-08,SULA11,40.95
2020-10-08,SUZB3,49.27
2020-10-08,TAEE11,28.14
2020-10-08,TEND3,28.91
2020-10-08,TIMP3,13.58
2020-10-08,TOTS3,27.44
2020-10-08,TRPL4,21.82
2020-10-08,UGPA3,19.19
2020-10-08,USIM5,10.32
2020-10-08,VALE3,61.29
2020-10-08,VIVA3,23.92
2020-10-08,VIVT3,44.71
2020-10-08,VIVT4,44.3
2020-10-08,VVAR3,18.39
2020-10-08,WEGE3,75.18
2020-10-08,YDUQ3,27.84
2020-10-09,ABEV3,13.57
2020-10-09,ALPA4,40.27
2020-10-09,ALSO3,25.07
2020-10-09,ARZZ3,54.86
2020-10-09,AZUL4,25.3
2020-10-09,B3SA3,54.71
2020-10-09,BBAS3,31.04
2020-10-09,BBDC3,19.16
2020-10-09,BBDC4,20.74
2020-10-09,BBSE3,24.2
2020-10-09,BEEF3,11.01
2020-10-09,BIDI11,61.26
2020-10-09,BIDI4,20.66
2020-10-09,BPAC11,72.95
2020-10-09,BPAN4,8.73
2020-10-09,BRAP4,46.03
2020-10-09,BRDT3,20.1
2020-10-09,BRFS3,17.45
2020-10-09,BRKM5,21.32
2020-10-09,BRML3,9.09
2020-10-09,BTOW3,89.03
2020-10-09,CCRO3,12.62
2020-10-09,CEAB3,11.6
2020-10-09,CIEL3,3.71
2020-10-09,CMIG4,10.68
2020-10-09,COGN3,5.25
2020-10-09,CPFE3,27.57
2020-10-09,CPLE3,58.3
2020-10-09,CPLE6,64.38
2020-10-09,CRFB3,20.87
2020-10-09,CSAN3,66.24
2020-10-09,CSMG3,47.73
2020-10-09,CSNA3,17.76
2020-10-09,CURY3,10.96
2020-10-09,CVCB3,15.57
2020-10-09,CYRE3,26.23
2020-10-09,DIRR3,14.75
2020-10-09,ECOR3,11.66
2020-10-09,EGIE3,39.9
2020-10-09,ELET3,30.91
2020-10-09,ELET6,30.79
2020-10-09,EMBR3,6.69
2020-10-09,ENBR3,17.74
2020-10-09,ENEV3,48.1
2020-10-09,ENGI11,39.95
2020-10-09,EQTL3,20.87
2020-10-09,EZTC3,37.71
2020-10-09,FLRY3,27.72
2020-10-09,GGBR4,21.8
2020-10-09,GNDI3,64.7
2020-10-09,GOAU4,9.82
2020-10-09,GOLL4,19.11
2020-10-09,HAPV3,64.56
2020-10-09,HGTX3,17.6
2020-10-09,HYPE3,30.9
2020-10-09,IGTA3,32.4
2020-10-09,IRBR3,7.18
2020-10-09,ITSA4,9.36
2020-10-09,ITUB4,24.0
2020-10-09,JBSS3,19.3
2020-10-09,JHSF3,7.96
2020-10-09,KLBN11,24.18
2020-10-09,LAME4,27.2
2020-10-09,LCAM3,24.8
2020-10-09,LOGG3,31.73
2020-10-09,LREN3,39.21
2020-10-09,LWSA3,62.95
2020-10-09,MGLU3,98.15
2020-10-09,MRFG3,14.2
2020-10-09,MRVE3,18.24
2020-10-09,MULT3,21.36
2020-10-09,NTCO3,46.98
2020-10-09,PCAR3,67.65
2020-10-09,PETR3,19.91
2020-10-09,PETR4,19.8
2020-10-09,PETZ3,14.7
2020-10-09,POMO4,2.81
2020-10-09,PRIO3,35.57
2020-10-09,PSSA3,48.09
2020-10-09,QUAL3,31.63
2020-10-09,RADL3,25.25
2020-10-09,RAIL3,18.02
2020-10-09,RENT3,60.15
2020-10-09,SANB11,31.5
2020-10-09,SBSP3,45.25
2020-10-09,SLCE3,25.72
2020-10-09,SMLS3,15.83
2020-10-09,SMTO3,21.62
2020-10-09,SOMA3,9.79
2020-10-09,STBP3,4.18
2020-10-09,SULA11,40.26
2020-10-09,SUZB3,48.95
2020-10-09,TAEE11,28.0
2020-10-09,TEND3,30.51
2020-10-09,TIMP3,13.46
2020-10-09,TOTS3,27.0
2020-10-09,TRPL4,21.48
2020-10-09,UGPA3,18.85
2020-10-09,USIM5,10.12
2020-10-09,VALE3,61.6
2020-10-09,VIVA3,23.64
2020-10-09,VIVT3,44.35
2020-10-09,VIVT4,44.09
2020-10-09,VVAR3,18.91
2020-10-09,WEGE3,76.9
2020-10-09,YDUQ3,27.37
2020-10-13,ABEV3,13.75
2020-10-13,ALPA4,40.35
2020-10-13,ALSO3,25.24
2020-10-13,ARZZ3,54.75
2020-10-13,AZUL4,25.19
2020-10-13,B3SA3,54.8
2020-10-13,BBAS3,31.05
2020-10-13,BBDC3,19.17
2020-10-13,BBDC4,20.86
2020-10-13,BBSE3,24.54
2020-10-13,BEEF3,11.16
2020-10-13,BIDI11,62.8
2020-10-13,BIDI4,21.03
2020-10-13,BPAC11,71.75
2020-10-13,BPAN4,8.65
2020-10-13,BRAP4,47.41
2020-10-13,BRDT3,20.4
2020-10-13,BRFS3,18.09
2020-10-13,BRKM5,21.71
2020-10-13,BRML3,9.0
2020-10-13,BTOW3,95.02
2020-10-13,CCRO3,12.68
2020-10-13,CEAB3,12.21
2020-10-13,CIEL3,3.7
2020-10-13,CMIG4,10.71
2020-10-13,COGN3,5.21
2020-10-13,CPFE3,27.58
2020-10-13,CPLE3,58.4
2020-10-13,CPLE6,64.44
2020-10-13,CRFB3,20.89
2020-10-13,CSAN3,67.24
2020-10-13,CSMG3,47.81
2020-10-13,CSNA3,18.31
2020-10-13,CURY3,10.75
2020-10-13,CVCB3,15.59
2020-10-13,CYRE3,26.42
2020-10-13,DIRR3,13.5
2020-10-13,ECOR3,11.47
2020-10-13,EGIE3,40.18
2020-10-13,ELET3,31.25
2020-10-13,ELET6,31.5
2020-10-13,EMBR3,6.49
2020-10-13,ENBR3,17.76
2020-10-13,ENEV3,47.37
2020-10-13,ENGI11,40.56
2020-10-13,EQTL3,20.6
2020-10-13,EZTC3,37.47
2020-10-13,FLRY3,28.06
2020-10-13,GGBR4,21.98
2020-10-13,GNDI3,66.95
2020-10-13,GOAU4,9.87
2020-10-13,GOLL4,19.16
2020-10-13,HAPV3,65.94
2020-10-13,HGTX3,18.02
2020-10-13,HYPE3,30.56
2020-10-13,IGTA3,32.08
2020-10-13,IRBR3,7.14
2020-10-13,ITSA4,9.32
2020-10-13,ITUB4,23.77
2020-10-13,JBSS3,19.67
2020-10-13,JHSF3,7.88
2020-10-13,KLBN11,24.66
2020-10-13,LAME4,27.8
2020-10-13,LCAM3,24.2
2020-10-13,LOGG3,32.14
2020-10-13,LREN3,39.86
2020-10-13,LWSA3,65.61
2020-10-13,MGLU3,104.0
2020-10-13,MRFG3,14.87
2020-10-13,MRVE3,17.84
2020-10-13,MULT3,21.15
2020-10-13,NTCO3,48.86
2020-10-13,PCAR3,66.3
2020-10-13,PETR3,20.13
2020-10-13,PETR4,20.13
2020-10-13,PETZ3,15.2
2020-10-13,POMO4,2.75
2020-10-13,PRIO3,35.53
2020-10-13,PSSA3,48.31
2020-10-13,QUAL3,31.81
2020-10-13,RADL3,25.69
2020-10-13,RAIL3,17.94
2020-10-13,RENT3,59.37
2020-10-13,SANB11,31.78
2020-10-13,SBSP3,46.7
2020-10-13,SLCE3,25.95
2020-10-13,SMLS3,16.02
2020-10-13,SMTO3,22.22
2020-10-13,SOMA3,9.55
2020-10-13,STBP3,4.09
2020-10-13,SULA11,40.71
2020-10-13,SUZB3,48.95
2020-10-13,TAEE11,27.98
2020-10-13,TEND3,29.77
2020-10-13,TIMS3,13.25
2020-10-13,TOTS3,27.84
2020-10-13,TRPL4,21.83
2020-10-13,UGPA3,18.6
2020-10-13,USIM5,10.15
2020-10-13,VALE3,62.14
2020-10-13,VIVA3,24.85
2020-10-13,VIVT3,44.48
2020-10-13,VIVT4,43.73
2020-10-13,VVAR3,19.44
2020-10-13,WEGE3,79.15
2020-10-13,YDUQ3,26.65
2020-10-14,ABEV3,13.8
2020-10-14,ALPA4,40.55
2020-10-14,ALSO3,25.32
2020-10-14,ARZZ3,54.71
2020-10-14,AZUL4,25.81
2020-10-14,B3SA3,56.38
2020-10-14,BBAS3,30.85
2020-10-14,BBDC3,19.21
2020-10-14,BBDC4,20.88
2020-10-14,BBSE3,24.73
2020-10-14,BEEF3,11.45
2020-10-14,BIDI11,62.56
2020-10-14,BIDI4,20.75
2020-10-14,BPAC11,74.61
2020-10-14,BPAN4,8.57
2020-10-14,BRAP4,47.98
2020-10-14,BRDT3,20.6
2020-10-14,BRFS3,18.63
2020-10-14,BRKM5,21.45
2020-10-14,BRML3,8.93
2020-10-14,BTOW3,95.61
2020-10-14,CCRO3,13.24
2020-10-14,CEAB3,12.2
2020-10-14,CIEL3,3.67
2020-10-14,CMIG4,10.89
2020-10-14,COGN3,5.22
2020-10-14,CPFE3,27.8
2020-10-14,CPLE3,59.39
2020-10-14,CPLE6,66.27
2020-10-14,CRFB3,20.98
2020-10-14,CSAN3,69.0
2020-10-14,CSMG3,48.0
2020-10-14,CSNA3,18.4
2020-10-14,CURY3,10.72
2020-10-14,CVCB3,15.42
2020-10-14,CYRE3,26.01
2020-10-14,DIRR3,13.7
2020-10-14,ECOR3,11.82
2020-10-14,EGIE3,40.48
2020-10-14,ELET3,31.51
2020-10-14,ELET6,31.66
2020-10-14,EMBR3,6.57
2020-10-14,ENBR3,18.03
2020-10-14,ENEV3,48.18
2020-10-14,ENGI11,40.8
2020-10-14,EQTL3,20.88
2020-10-14,EZTC3,37.33
2020-10-14,FLRY3,28.4
2020-10-14,GGBR4,22.11
2020-10-14,GNDI3,68.72
2020-10-14,GOAU4,9.88
2020-10-14,GOLL4,19.62
2020-10-14,HAPV3,67.37
2020-10-14,HGTX3,17.62
2020-10-14,HYPE3,30.94
2020-10-14,IGTA3,32.09
2020-10-14,IRBR3,7.16
2020-10-14,ITSA4,9.29
2020-10-14,ITUB4,23.7
2020-10-14,JBSS3,21.48
2020-10-14,JHSF3,7.8
2020-10-14,KLBN11,24.45
2020-10-14,LAME4,27.25
2020-10-14,LCAM3,24.86
2020-10-14,LOGG3,31.63
2020-10-14,LREN3,39.15
2020-10-14,LWSA3,68.85
2020-10-14,MGLU3,25.59
2020-10-14,MRFG3,15.35
2020-10-14,MRVE3,17.67
2020-10-14,MULT3,21.17
2020-10-14,NTCO3,49.4
2020-10-14,PCAR3,66.1
2020-10-14,PETR3,20.01
2020-10-14,PETR4,19.97
2020-10-14,PETZ3,15.46
2020-10-14,POMO4,2.79
2020-10-14,PRIO3,38.38
2020-10-14,PSSA3,49.27
2020-10-14,QUAL3,32.87
2020-10-14,RADL3,26.39
2020-10-14,RAIL3,18.93
2020-10-14,RENT3,61.69
2020-10-14,SANB11,32.17
2020-10-14,SBSP3,46.7
2020-10-14,SLCE3,26.56
2020-10-14,SMLS3,16.2
2020-10-14,SMTO3,22.7
2020-10-14,SOMA3,9.25
2020-10-14,STBP3,4.2
2020-10-14,SULA11,40.9
2020-10-14,SUZB3,48.19
2020-10-14,TAEE11,28.06
2020-10-14,TEND3,29.99
2020-10-14,TIMS3,13.19
2020-10-14,TOTS3,28.35
2020-10-14,TRPL4,22.2
2020-10-14,UGPA3,18.43
2020-10-14,USIM5,10.23
2020-10-14,VALE3,63.0
2020-10-14,VIVA3,24.7
2020-10-14,VIVT3,44.3
2020-10-14,VIVT4,44.07
2020-10-14,VVAR3,19.27
2020-10-14,WEGE3,80.58
2020-10-14,YDUQ3,26.54
2020-10-15,ABEV3,13.44
2020-10-15,ALPA4,41.15
2020-10-15,ALSO3,25.58
2020-10-15,ARZZ3,53.79
2020-10-15,AZUL4,25.73
2020-10-15,B3SA3,55.61
2020-10-15,BBAS3,31.06
2020-10-15,BBDC3,19.17
2020-10-15,BBDC4,20.74
2020-10-15,BBSE3,24.79
2020-10-15,BEEF3,11.4
2020-10-15,BIDI11,62.32
2020-10-15,BIDI4,20.75
2020-10-15,BPAC11,74.04
2020-10-15,BPAN4,8.46
2020-10-15,BRAP4,48.16
2020-10-15,BRDT3,20.27
2020-10-15,BRFS3,18.57
2020-10-15,BRKM5,21.16
2020-10-15,BRML3,9.0
2020-10-15,BTOW3,94.54
2020-10-15,CCRO3,13.25
2020-10-15,CEAB3,12.63
2020-10-15,CIEL3,3.65
2020-10-15,CMIG4,10.92
2020-10-15,COGN3,5.04
2020-10-15,CPFE3,28.08
2020-10-15,CPLE3,60.9
2020-10-15,CPLE6,67.05
2020-10-15,CRFB3,20.7
2020-10-15,CSAN3,70.38
2020-10-15,CSMG3,47.99
2020-10-15,CSNA3,19.45
2020-10-15,CURY3,10.64
2020-10-15,CVCB3,15.4
2020-10-15,CYRE3,26.29
2020-10-15,DIRR3,13.73
2020-10-15,ECOR3,11.78
2020-10-15,EGIE3,40.65
2020-10-15,ELET3,31.91
2020-10-15,ELET6,32.08
2020-10-15,EMBR3,6.6
2020-10-15,ENBR3,17.98
2020-10-15,ENEV3,48.77
2020-10-15,ENGI11,41.68
2020-10-15,EQTL3,20.86
2020-10-15,EZTC3,38.0
2020-10-15,FLRY3,28.08
2020-10-15,GGBR4,22.67
2020-10-15,GNDI3,67.07
2020-10-15,GOAU4,10.12
2020-10-15,GOLL4,19.53
2020-10-15,HAPV3,66.46
2020-10-15,HGTX3,18.05
2020-10-15,HYPE3,30.57
2020-10-15,IGTA3,32.53
2020-10-15,IRBR3,7.0
2020-10-15,ITSA4,9.25
2020-10-15,ITUB4,23.49
2020-10-15,JBSS3,22.4
2020-10-15,JHSF3,7.78
2020-10-15,KLBN11,24.82
2020-10-15,LAME4,27.82
2020-10-15,LCAM3,25.41
2020-10-15,LOGG3,31.5
2020-10-15,LREN3,39.7
2020-10-15,LWSA3,67.43
2020-10-15,MGLU3,25.51
2020-10-15,MRFG3,15.49
2020-10-15,MRVE3,18.16
2020-10-15,MULT3,21.2
2020-10-15,NTCO3,49.7
2020-10-15,PCAR3,65.48
2020-10-15,PETR3,19.79
2020-10-15,PETR4,19.75
2020-10-15,PETZ3,15.85
2020-10-15,POMO4,2.83
2020-10-15,PRIO3,36.23
2020-10-15,PSSA3,49.01
2020-10-15,QUAL3,32.83
2020-10-15,RADL3,25.99
2020-10-15,RAIL3,19.0
2020-10-15,RENT3,62.38
2020-10-15,SANB11,31.7
2020-10-15,SBSP3,46.0
2020-10-15,SLCE3,26.64
2020-10-15,SMLS3,16.55
2020-10-15,SMTO3,22.34
2020-10-15,SOMA3,9.14
2020-10-15,STBP3,4.33
2020-10-15,SULA11,40.31
2020-10-15,SUZB3,48.36
2020-10-15,TAEE11,28.01
2020-10-15,TEND3,30.11
2020-10-15,TIMS3,13.07
2020-10-15,TOTS3,28.44
2020-10-15,TRPL4,22.11
2020-10-15,UGPA3,18.82
2020-10-15,USIM5,10.85
2020-10-15,VALE3,62.47
2020-10-15,VIVA3,24.88
2020-10-15,VIVT3,44.4
2020-10-15,VIVT4,44.24
2020-10-15,VVAR3,19.46
2020-10-15,WEGE3,80.77
2020-10-15,YDUQ3,26.69
2020-10-16,ABEV3,13.27
2020-10-16,ALPA4,41.75
2020-10-16,ALSO3,25.06
2020-10-16,ARZZ3,53.73
2020-10-16,AZUL4,25.5
2020-10-16,B3SA3,54.34
2020-10-16,BBAS3,30.27
2020-10-16,BBDC3,18.66
2020-10-16,BBDC4,20.33
2020-10-16,BBSE3,24.58
2020-10-16,BEEF3,11.4
2020-10-16,BIDI11,60.35
2020-10-16,BIDI4,20.16
2020-10-16,BPAC11,72.34
2020-10-16,BPAN4,8.3
2020-10-16,BRAP4,48.25
2020-10-16,BRDT3,20.44
2020-10-16,BRFS3,18.73
2020-10-16,BRKM5,22.34
2020-10-16,BRML3,8.84
2020-10-16,BTOW3,93.0
2020-10-16,CCRO3,13.19
2020-10-16,CEAB3,12.8
2020-10-16,CIEL3,3.56
2020-10-16,CMIG4,10.91
2020-10-16,COGN3,4.83
2020-10-16,CPFE3,27.92
2020-10-16,CPLE3,58.97
2020-10-16,CPLE6,65.49
2020-10-16,CRFB3,20.74
2020-10-16,CSAN3,68.58
2020-10-16,CSMG3,46.99
2020-10-16,CSNA3,19.53
2020-10-16,CURY3,10.55
2020-10-16,CVCB3,15.11
2020-10-16,CYRE3,25.68
2020-10-16,DIRR3,13.73
2020-10-16,ECOR3,11.92
2020-10-16,EGIE3,40.74
2020-10-16,ELET3,32.07
2020-10-16,ELET6,32.31
2020-10-16,EMBR3,6.47
2020-10-16,ENBR3,17.93
2020-10-16,ENEV3,49.15
2020-10-16,ENGI11,41.73
2020-10-16,EQTL3,20.77
2020-10-16,EZTC3,37.24
2020-10-16,FLRY3,27.77
2020-10-16,GGBR4,22.82
2020-10-16,GNDI3,65.03
2020-10-16,GOAU4,10.19
2020-10-16,GOLL4,19.05
2020-10-16,HAPV3,64.68
2020-10-16,HGTX3,18.0
2020-10-16,HYPE3,30.44
2020-10-16,IGTA3,32.14
2020-10-16,IRBR3,6.79
2020-10-16,ITSA4,9.07
2020-10-16,ITUB4,23.11
2020-10-16,JBSS3,23.2
2020-10-16,JHSF3,7.64
2020-10-16,KLBN11,25.81
2020-10-16,LAME4,27.36
2020-10-16,LCAM3,25.84
2020-10-16,LOGG3,31.39
2020-10-16,LREN3,40.33
2020-10-16,LWSA3,69.59
2020-10-16,MGLU3,25.8
2020-10-16,MRFG3,15.54
2020-10-16,MRVE3,18.18
2020-10-16,MULT3,20.9
2020-10-16,NTCO3,48.86
2020-10-16,PCAR3,66.58
2020-10-16,PETR3,19.3
2020-10-16,PETR4,19.33
2020-10-16,PETZ3,15.97
2020-10-16,POMO4,2.79
2020-10-16,PRIO3,35.45
2020-10-16,PSSA3,48.25
2020-10-16,QUAL3,32.15
2020-10-16,RADL3,25.91
2020-10-16,RAIL3,18.75
2020-10-16,RENT3,62.27
2020-10-16,SANB11,30.71
2020-10-16,SBSP3,45.15
2020-10-16,SLCE3,26.73
2020-10-16,SMLS3,16.5
2020-10-16,SMTO3,22.8
2020-10-16,SOMA3,9.24
2020-10-16,STBP3,4.32
2020-10-16,SULA11,39.98
2020-10-16,SUZB3,50.59
2020-10-16,TAEE11,28.33
2020-10-16,TEND3,30.5
2020-10-16,TIMS3,12.88
2020-10-16,TOTS3,28.88
2020-10-16,TRPL4,22.19
2020-10-16,UGPA3,18.95
2020-10-16,USIM5,11.32
2020-10-16,VALE3,62.24
2020-10-16,VIVA3,25.02
2020-10-16,VIVT3,43.51
2020-10-16,VIVT4,43.55
2020-10-16,VVAR3,19.37
2020-10-16,WEGE3,82.05
2020-10-16,YDUQ3,25.81
2020-10-19,ABEV3,13.15
2020-10-19,ALPA4,42.14
2020-10-19,ALSO3,25.26
2020-10-19,ARZZ3,54.63
2020-10-19,AZUL4,26.53
2020-10-19,B3SA3,56.14
2020-10-19,BBAS3,30.6
2020-10-19,BBDC3,18.89
2020-10-19,BBDC4,20.61
2020-10-19,BBSE3,25.11
2020-10-19,BEEF3,11.28
2020-10-19,BIDI11,59.62
2020-10-19,BIDI4,20.0
2020-10-19,BPAC11,75.04
2020-10-19,BPAN4,8.31
2020-10-19,BRAP4,48.15
2020-10-19,BRDT3,21.05
2020-10-19,BRFS3,18.15
2020-10-19,BRKM5,22.59
2020-10-19,BRML3,9.32
2020-10-19,BTOW3,90.16
2020-10-19,CCRO3,12.84
2020-10-19,CEAB3,13.73
2020-10-19,CIEL3,3.8
2020-10-19,CMIG4,10.82
2020-10-19,COGN3,4.81
2020-10-19,CPFE3,28.2
2020-10-19,CPLE3,57.14
2020-10-19,CPLE6,63.92
2020-10-19,CRFB3,20.39
2020-10-19,CSAN3,70.84
2020-10-19,CSMG3,46.4
2020-10-19,CSNA3,19.66
2020-10-19,CURY3,10.51
2020-10-19,CVCB3,15.57
2020-10-19,CYRE3,25.82
2020-10-19,DIRR3,13.3
2020-10-19,ECOR3,11.6
2020-10-19,EGIE3,40.7
2020-10-19,ELET3,32.03
2020-10-19,ELET6,32.16
2020-10-19,EMBR3,6.4
2020-10-19,ENBR3,17.92
2020-10-19,ENEV3,49.43
2020-10-19,ENGI11,42.21
2020-10-19,EQTL3,20.92
2020-10-19,EZTC3,37.3
2020-10-19,FLRY3,27.81
2020-10-19,GGBR4,22.75
2020-10-19,GNDI3,65.13
2020-10-19,GOAU4,10.15
2020-10-19,GOLL4,19.91
2020-10-19,HAPV3,64.39
2020-10-19,HGTX3,18.14
2020-10-19,HYPE3,30.47
2020-10-19,IGTA3,32.4
2020-10-19,IRBR3,7.09
2020-10-19,ITSA4,9.22
2020-10-19,ITUB4,23.36
2020-10-19,JBSS3,22.14
2020-10-19,JHSF3,7.6
2020-10-19,KLBN11,25.17
2020-10-19,LAME4,27.5
2020-10-19,LCAM3,25.54
2020-10-19,LOGG3,31.16
2020-10-19,LREN3,41.85
2020-10-19,LWSA3,69.91
2020-10-19,MGLU3,25.69
2020-10-19,MRFG3,15.12
2020-10-19,MRVE3,18.11
2020-10-19,MULT3,21.06
2020-10-19,NTCO3,48.25
2020-10-19,PCAR3,66.28
2020-10-19,PETR3,19.51
2020-10-19,PETR4,19.52
2020-10-19,PETZ3,15.7
2020-10-19,POMO4,2.79
2020-10-19,PRIO3,35.86
2020-10-19,PSSA3,50.31
2020-10-19,QUAL3,31.75
2020-10-19,RADL3,25.29
2020-10-19,RAIL3,18.67
2020-10-19,RENT3,61.68
2020-10-19,SANB11,30.94
2020-10-19,SBSP3,45.59
2020-10-19,SLCE3,26.45
2020-10-19,SMLS3,16.9
2020-10-19,SMTO3,22.37
2020-10-19,SOMA3,9.3
2020-10-19,STBP3,4.21
2020-10-19,SULA11,41.01
2020-10-19,SUZB3,50.11
2020-10-19,TAEE11,28.5
2020-10-19,TEND3,30.48
2020-10-19,TIMS3,12.82
2020-10-19,TOTS3,28.88
2020-10-19,TRPL4,22.2
2020-10-19,UGPA3,19.08
2020-10-19,USIM5,11.23
2020-10-19,VALE3,61.95
2020-10-19,VIVA3,24.99
2020-10-19,VIVT3,43.16
2020-10-19,VIVT4,43.13
2020-10-19,VVAR3,19.23
2020-10-19,WEGE3,82.06
2020-10-19,YDUQ3,26.7
2020-10-20,ABEV3,13.38
2020-10-20,ALPA4,42.37
2020-10-20,ALSO3,25.74
2020-10-20,ARZZ3,55.1
2020-10-20,AZUL4,26.28
2020-10-20,B3SA3,57.9
2020-10-20,BBAS3,32.01
2020-10-20,BBDC3,19.59
2020-10-20,BBDC4,21.5
2020-10-20,BBSE3,25.13
2020-10-20,BEEF3,11.52
2020-10-20,BIDI11,60.01
2020-10-20,BIDI4,20.13
2020-10-20,BPAC11,79.19
2020-10-20,BPAN4,8.84
2020-10-20,BRAP4,48.38
2020-10-20,BRDT3,20.96
2020-10-20,BRFS3,18.58
2020-10-20,BRKM5,23.25
2020-10-20,BRML3,9.46
2020-10-20,BTOW3,90.2
2020-10-20,CCRO3,13.02
2020-10-20,CEAB3,13.25
2020-10-20,CIEL3,3.84
2020-10-20,CMIG4,10.96
2020-10-20,COGN3,4.94
2020-10-20,CPFE3,29.28
2020-10-20,CPLE3,57.59
2020-10-20,CPLE6,64.27
2020-10-20,CRFB3,20.7
2020-10-20,CSAN3,70.27
2020-10-20,CSMG3,46.32
2020-10-20,CSNA3,20.68
2020-10-20,CURY3,10.66
2020-10-20,CVCB3,15.52
2020-10-20,CYRE3,26.73
2020-10-20,DIRR3,13.6
2020-10-20,ECOR3,11.71
2020-10-20,EGIE3,41.33
2020-10-20,ELET3,32.34
2020-10-20,ELET6,32.59
2020-10-20,EMBR3,6.59
2020-10-20,ENBR3,18.1
2020-10-20,ENEV3,50.69
2020-10-20,ENGI11,42.65
2020-10-20,EQTL3,21.16
2020-10-20,EZTC3,39.4
2020-10-20,FLRY3,28.1
2020-10-20,GGBR4,23.0
2020-10-20,GNDI3,65.3
2020-10-20,GOAU4,10.24
2020-10-20,GOLL4,19.72
2020-10-20,HAPV3,65.03
2020-10-20,HGTX3,18.57
2020-10-20,HYPE3,30.75
2020-10-20,IGTA3,33.06
2020-10-20,IRBR3,7.1
2020-10-20,ITSA4,9.5
2020-10-20,ITUB4,24.29
2020-10-20,JBSS3,22.36
2020-10-20,JHSF3,7.77
2020-10-20,KLBN11,25.38
2020-10-20,LAME4,27.4
2020-10-20,LCAM3,26.57
2020-10-20,LOGG3,31.69
2020-10-20,LREN3,41.53
2020-10-20,LWSA3,68.77
2020-10-20,MGLU3,26.04
2020-10-20,MRFG3,15.3
2020-10-20,MRVE3,18.88
2020-10-20,MULT3,21.18
2020-10-20,NTCO3,48.83
2020-10-20,PCAR3,67.35
2020-10-20,PETR3,20.18
2020-10-20,PETR4,20.18
2020-10-20,PETZ3,16.35
2020-10-20,POMO4,2.79
2020-10-20,PRIO3,35.85
2020-10-20,PSSA3,50.81
2020-10-20,QUAL3,32.5
2020-10-20,RADL3,26.2
2020-10-20,RAIL3,18.48
2020-10-20,RENT3,64.47
2020-10-20,SANB11,31.69
2020-10-20,SBSP3,45.77
2020-10-20,SLCE3,26.49
2020-10-20,SMLS3,17.28
2020-10-20,SMTO3,22.61
2020-10-20,SOMA3,9.3
2020-10-20,STBP3,4.28
2020-10-20,SULA11,41.71
2020-10-20,SUZB3,50.69
2020-10-20,TAEE11,28.71
2020-10-20,TEND3,31.33
2020-10-20,TIMS3,12.84
2020-10-20,TOTS3,28.57
2020-10-20,TRPL4,22.73
2020-10-20,UGPA3,19.23
2020-10-20,USIM5,11.52
2020-10-20,VALE3,61.84
2020-10-20,VIVA3,24.75
2020-10-20,VIVT3,43.2
2020-10-20,VIVT4,42.93
2020-10-20,VVAR3,19.92
2020-10-20,WEGE3,83.55
2020-10-20,YDUQ3,26.65
2020-10-21,ABEV3,13.37
2020-10-21,ALPA4,42.63
2020-10-21,ALSO3,26.62
2020-10-21,ARZZ3,54.18
2020-10-21,AZUL4,26.12
2020-10-21,B3SA3,57.37
2020-10-21,BBAS3,32.25
2020-10-21,BBDC3,19.77
2020-10-21,BBDC4,21.72
2020-10-21,BBSE3,25.63
2020-10-21,BEEF3,11.26
2020-10-21,BIDI11,61.98
2020-10-21,BIDI4,20.53
2020-10-21,BPAC11,81.21
2020-10-21,BPAN4,8.76
2020-10-21,BRAP4,48.52
2020-10-21,BRDT3,20.84
2020-10-21,BRFS3,18.26
2020-10-21,BRKM5,24.35
2020-10-21,BRML3,9.71
2020-10-21,BTOW3,89.15
2020-10-21,CCRO3,12.74
2020-10-21,CEAB3,12.77
2020-10-21,CIEL3,3.77
2020-10-21,CMIG4,10.93
2020-10-21,COGN3,5.04
2020-10-21,CPFE3,29.1
2020-10-21,CPLE3,57.94
2020-10-21,CPLE6,64.92
2020-10-21,CRFB3,20.5
2020-10-21,CSAN3,70.89
2020-10-21,CSMG3,46.16
2020-10-21,CSNA3,20.94
2020-10-21,CURY3,10.68
2020-10-21,CVCB3,15.07
2020-10-21,CYRE3,26.96
2020-10-21,DIRR3,13.96
2020-10-21,ECOR3,11.45
2020-10-21,EGIE3,41.53
2020-10-21,ELET3,32.71
2020-10-21,ELET6,33.0
2020-10-21,EMBR3,6.79
2020-10-21,ENBR3,18.15
2020-10-21,ENEV3,50.75
2020-10-21,ENGI11,43.47
2020-10-21,EQTL3,20.9
2020-10-21,EZTC3,40.9
2020-10-21,FLRY3,28.1
2020-10-21,GGBR4,23.06
2020-10-21,GNDI3,65.51
2020-10-21,GOAU4,10.32
2020-10-21,GOLL4,19.41
2020-10-21,HAPV3,64.52
2020-10-21,HGTX3,18.18
2020-10-21,HYPE3,30.77
2020-10-21,IGTA3,34.16
2020-10-21,IRBR3,6.83
2020-10-21,ITSA4,9.54
2020-10-21,ITUB4,24.51
2020-10-21,JBSS3,22.09
2020-10-21,JHSF3,7.79
2020-10-21,KLBN11,25.14
2020-10-21,LAME4,26.58
2020-10-21,LCAM3,25.98
2020-10-21,LOGG3,32.73
2020-10-21,LREN3,40.5
2020-10-21,LWSA3,69.9
2020-10-21,MGLU3,26.22
2020-10-21,MRFG3,15.18
2020-10-21,MRVE3,18.57
2020-10-21,MULT3,21.97
2020-10-21,NTCO3,49.37
2020-10-21,PCAR3,66.71
2020-10-21,PETR3,20.17
2020-10-21,PETR4,20.16
2020-10-21,PETZ3,16.5
2020-10-21,POMO4,2.76
2020-10-21,PRIO3,35.91
2020-10-21,PSSA3,52.02
2020-10-21,QUAL3,34.37
2020-10-21,RADL3,26.16
2020-10-21,RAIL3,18.35
2020-10-21,RENT3,62.89
2020-10-21,SANB11,31.97
2020-10-21,SBSP3,45.44
2020-10-21,SLCE3,26.57
2020-10-21,SMLS3,17.37
2020-10-21,SMTO3,22.77
2020-10-21,SOMA3,9.4
2020-10-21,STBP3,4.39
2020-10-21,SULA11,42.9
2020-10-21,SUZB3,50.02
2020-10-21,TAEE11,28.64
2020-10-21,TEND3,30.84
2020-10-21,TIMS3,12.76
2020-10-21,TOTS3,28.82
2020-10-21,TRPL4,22.6
2020-10-21,UGPA3,18.87
2020-10-21,USIM5,11.74
2020-10-21,VALE3,62.85
2020-10-21,VIVA3,24.83
2020-10-21,VIVT3,43.13
2020-10-21,VIVT4,43.0
2020-10-21,VVAR3,20.13
2020-10-21,WEGE3,78.4
2020-10-21,YDUQ3,26.37
2020-10-22,ABEV3,13.57
2020-10-22,ALPA4,42.61
2020-10-22,ALSO3,26.03
2020-10-22,ARZZ3,52.57
2020-10-22,AZUL4,26.74
2020-10-22,B3SA3,56.07
2020-10-22,BBAS3,33.65
2020-10-22,BBDC3,20.44
2020-10-22,BBDC4,22.72
2020-10-22,BBSE3,25.62
2020-10-22,BEEF3,11.23
2020-10-22,BIDI11,62.58
2020-10-22,BIDI4,20.8
2020-10-22,BPAC11,80.42
2020-10-22,BPAN4,8.82
2020-10-22,BRAP4,47.86
2020-10-22,BRDT3,20.78
2020-10-22,BRFS3,18.82
2020-10-22,BRKM5,24.38
2020-10-22,BRML3,9.48
2020-10-22,BTOW3,87.1
2020-10-22,CCRO3,12.74
2020-10-22,CEAB3,12.5
2020-10-22,CIEL3,3.77
2020-10-22,CMIG4,11.0
2020-10-22,COGN3,4.91
2020-10-22,CPFE3,29.74
2020-10-22,CPLE3,58.68
2020-10-22,CPLE6,66.4
2020-10-22,CRFB3,20.45
2020-10-22,CSAN3,70.29
2020-10-22,CSMG3,46.42
2020-10-22,CSNA3,20.92
2020-10-22,CURY3,10.6
2020-10-22,CVCB3,14.84
2020-10-22,CYRE3,26.53
2020-10-22,DIRR3,13.94
2020-10-22,ECOR3,11.34
2020-10-22,EGIE3,41.37
2020-10-22,ELET3,33.22
2020-10-22,ELET6,33.37
2020-10-22,EMBR3,6.82
2020-10-22,ENBR3,18.24
2020-10-22,ENEV3,52.02
2020-10-22,ENGI11,43.62
2020-10-22,EQTL3,20.85
2020-10-22,EZTC3,40.29
2020-10-22,FLRY3,28.25
2020-10-22,GGBR4,23.18
2020-10-22,GNDI3,66.43
2020-10-22,GOAU4,10.37
2020-10-22,GOLL4,19.6
2020-10-22,HAPV3,65.38
2020-10-22,HGTX3,18.01
2020-10-22,HYPE3,31.31
2020-10-22,IGTA3,33.7
2020-10-22,IRBR3,6.92
2020-10-22,ITSA4,9.9
2020-10-22,ITUB4,25.77
2020-10-22,JBSS3,22.03
2020-10-22,JHSF3,7.7
2020-10-22,KLBN11,25.23
2020-10-22,LAME4,26.02
2020-10-22,LCAM3,26.18
2020-10-22,LOGG3,32.77
2020-10-22,LREN3,40.78
2020-10-22,LWSA3,70.13
2020-10-22,MGLU3,26.1
2020-10-22,MRFG3,15.17
2020-10-22,MRVE3,18.23
2020-10-22,MULT3,21.59
2020-10-22,NTCO3,49.73
2020-10-22,PCAR3,66.85
2020-10-22,PETR3,20.81
2020-10-22,PETR4,20.84
2020-10-22,PETZ3,16.54
2020-10-22,POMO4,2.72
2020-10-22,PRIO3,37.68
2020-10-22,PSSA3,52.25
2020-10-22,QUAL3,34.5
2020-10-22,RADL3,25.64
2020-10-22,RAIL3,18.62
2020-10-22,RENT3,64.0
2020-10-22,SANB11,33.3
2020-10-22,SBSP3,46.16
2020-10-22,SLCE3,26.35
2020-10-22,SMLS3,17.46
2020-10-22,SMTO3,23.52
2020-10-22,SOMA3,9.12
2020-10-22,STBP3,4.28
2020-10-22,SULA11,42.35
2020-10-22,SUZB3,51.6
2020-10-22,TAEE11,28.78
2020-10-22,TEND3,30.31
2020-10-22,TIMS3,12.99
2020-10-22,TOTS3,29.01
2020-10-22,TRPL4,22.89
2020-10-22,UGPA3,18.66
2020-10-22,USIM5,11.73
2020-10-22,VALE3,63.1
2020-10-22,VIVA3,24.82
2020-10-22,VIVT3,43.8
2020-10-22,VIVT4,43.78
2020-10-22,VVAR3,20.17
2020-10-22,WEGE3,82.11
2020-10-22,YDUQ3,26.46
2020-10-23,ABEV3,13.89
2020-10-23,ALPA4,42.38
2020-10-23,ALSO3,25.78
2020-10-23,ARZZ3,61.0
2020-10-23,AZUL4,27.1
2020-10-23,B3SA3,54.8
2020-10-23,BBAS3,33.53
2020-10-23,BBDC3,20.4
2020-10-23,BBDC4,22.62
2020-10-23,BBSE3,25.57
2020-10-23,BEEF3,11.0
2020-10-23,BIDI11,61.59
2020-10-23,BIDI4,20.38
2020-10-23,BPAC11,79.6
2020-10-23,BPAN4,8.72
2020-10-23,BRAP4,47.88
2020-10-23,BRDT3,20.87
2020-10-23,BRFS3,18.42
2020-10-23,BRKM5,25.44
2020-10-23,BRML3,9.43
2020-10-23,BTOW3,86.7
2020-10-23,CCRO3,12.37
2020-10-23,CEAB3,12.9
2020-10-23,CIEL3,3.75
2020-10-23,CMIG4,10.91
2020-10-23,COGN3,4.85
2020-10-23,CPFE3,29.37
2020-10-23,CPLE3,58.7
2020-10-23,CPLE6,66.22
2020-10-23,CRFB3,20.15
2020-10-23,CSAN3,69.24
2020-10-23,CSMG3,46.23
2020-10-23,CSNA3,21.47
2020-10-23,CURY3,10.2
2020-10-23,CVCB3,15.07
2020-10-23,CYRE3,26.14
2020-10-23,DIRR3,13.51
2020-10-23,ECOR3,11.17
2020-10-23,EGIE3,41.38
2020-10-23,ELET3,33.38
2020-10-23,ELET6,33.34
2020-10-23,EMBR3,7.09
2020-10-23,ENBR3,18.08
2020-10-23,ENEV3,53.38
2020-10-23,ENGI11,42.99
2020-10-23,EQTL3,20.73
2020-10-23,EZTC3,39.45
2020-10-23,FLRY3,27.96
2020-10-23,GGBR4,23.28
2020-10-23,GNDI3,64.34
2020-10-23,GOAU4,10.39
2020-10-23,GOLL4,19.67
2020-10-23,HAPV3,63.73
2020-10-23,HGTX3,18.47
2020-10-23,HYPE3,31.13
2020-10-23,IGTA3,33.45
2020-10-23,IRBR3,6.85
2020-10-23,ITSA4,9.84
2020-10-23,ITUB4,25.44
2020-10-23,JBSS3,21.3
2020-10-23,JHSF3,7.61
2020-10-23,KLBN11,25.37
2020-10-23,LAME4,25.89
2020-10-23,LCAM3,26.09
2020-10-23,LOGG3,33.32
2020-10-23,LREN3,40.97
2020-10-23,LWSA3,71.0
2020-10-23,MGLU3,25.92
2020-10-23,MRFG3,14.65
2020-10-23,MRVE3,18.28
2020-10-23,MULT3,21.21
2020-10-23,NTCO3,49.82
2020-10-23,PCAR3,66.38
2020-10-23,PETR3,20.49
2020-10-23,PETR4,20.57
2020-10-23,PETZ3,16.55
2020-10-23,POMO4,2.7
2020-10-23,PRIO3,36.3
2020-10-23,PSSA3,51.36
2020-10-23,QUAL3,33.57
2020-10-23,RADL3,25.68
2020-10-23,RAIL3,18.13
2020-10-23,RENT3,62.56
2020-10-23,SANB11,33.66
2020-10-23,SBSP3,46.03
2020-10-23,SLCE3,26.38
2020-10-23,SMLS3,17.66
2020-10-23,SMTO3,23.28
2020-10-23,SOMA3,8.89
2020-10-23,STBP3,4.3
2020-10-23,SULA11,41.52
2020-10-23,SUZB3,51.21
2020-10-23,TAEE11,28.59
2020-10-23,TEND3,30.07
2020-10-23,TIMS3,12.94
2020-10-23,TOTS3,28.45
2020-10-23,TRPL4,22.9
2020-10-23,UGPA3,18.51
2020-10-23,USIM5,11.71
2020-10-23,VALE3,63.45
2020-10-23,VIVA3,24.88
2020-10-23,VIVT3,44.42
2020-10-23,VIVT4,43.87
2020-10-23,VVAR3,20.29
2020-10-23,WEGE3,81.67
2020-10-23,YDUQ3,26.05
2020-10-26,ABEV3,14.2
2020-10-26,ALPA4,42.49
2020-10-26,ALSO3,24.64
2020-10-26,ARZZ3,62.16
2020-10-26,AZUL4,26.14
2020-10-26,B3SA3,54.98
2020-10-26,BBAS3,33.5
2020-10-26,BBDC3,20.63
2020-10-26,BBDC4,22.9
2020-10-26,BBSE3,25.71
2020-10-26,BEEF3,11.1
2020-10-26,BIDI11,59.5
2020-10-26,BIDI4,19.71
2020-10-26,BPAC11,78.88
2020-10-26,BPAN4,8.52
2020-10-26,BRAP4,47.49
2020-10-26,BRDT3,20.55
2020-10-26,BRFS3,17.94
2020-10-26,BRKM5,24.63
2020-10-26,BRML3,9.09
2020-10-26,BTOW3,86.86
2020-10-26,CCRO3,12.27
2020-10-26,CEAB3,13.14
2020-10-26,CIEL3,3.88
2020-10-26,CMIG4,10.93
2020-10-26,COGN3,4.8
2020-10-26,CPFE3,29.53
2020-10-26,CPLE3,59.43
2020-10-26,CPLE6,67.22
2020-10-26,CRFB3,20.25
2020-10-26,CSAN3,68.25
2020-10-26,CSMG3,46.42
2020-10-26,CSNA3,21.23
2020-10-26,CURY3,10.2
2020-10-26,CVCB3,14.43
2020-10-26,CYRE3,25.42
2020-10-26,DIRR3,13.27
2020-10-26,ECOR3,11.19
2020-10-26,EGIE3,41.94
2020-10-26,ELET3,33.72
2020-10-26,ELET6,33.75
2020-10-26,EMBR3,6.88
2020-10-26,ENBR3,18.03
2020-10-26,ENEV3,54.26
2020-10-26,ENGI11,43.9
2020-10-26,EQTL3,20.79
2020-10-26,EZTC3,38.71
2020-10-26,FLRY3,27.74
2020-10-26,GGBR4,23.06
2020-10-26,GNDI3,66.53
2020-10-26,GOAU4,10.27
2020-10-26,GOLL4,18.96
2020-10-26,HAPV3,65.7
2020-10-26,HGTX3,18.26
2020-10-26,HYPE3,31.08
2020-10-26,IGTA3,32.29
2020-10-26,IRBR3,6.95
2020-10-26,ITSA4,9.91
2020-10-26,ITUB4,25.62
2020-10-26,JBSS3,21.09
2020-10-26,JHSF3,7.34
2020-10-26,KLBN11,25.25
2020-10-26,LAME4,26.13
2020-10-26,LCAM3,25.89
2020-10-26,LOGG3,33.69
2020-10-26,LREN3,41.19
2020-10-26,LWSA3,70.16
2020-10-26,MGLU3,25.47
2020-10-26,MRFG3,14.85
2020-10-26,MRVE3,17.95
2020-10-26,MULT3,20.3
2020-10-26,NTCO3,49.47
2020-10-26,PCAR3,66.67
2020-10-26,PETR3,20.2
2020-10-26,PETR4,20.25
2020-10-26,PETZ3,16.99
2020-10-26,POMO4,2.66
2020-10-26,PRIO3,35.5
2020-10-26,PSSA3,52.3
2020-10-26,QUAL3,33.23
2020-10-26,RADL3,25.57
2020-10-26,RAIL3,18.02
2020-10-26,RENT3,62.89
2020-10-26,SANB11,34.92
2020-10-26,SBSP3,46.57
2020-10-26,SLCE3,26.29
2020-10-26,SMLS3,17.65
2020-10-26,SMTO3,22.97
2020-10-26,SOMA3,9.85
2020-10-26,STBP3,4.19
2020-10-26,SULA11,41.77
2020-10-26,SUZB3,51.0
2020-10-26,TAEE11,28.61
2020-10-26,TEND3,29.47
2020-10-26,TIMS3,12.85
2020-10-26,TOTS3,28.27
2020-10-26,TRPL4,23.08
2020-10-26,UGPA3,17.95
2020-10-26,USIM5,11.63
2020-10-26,VALE3,62.5
2020-10-26,VIVA3,24.86
2020-10-26,VIVT3,44.33
2020-10-26,VIVT4,44.2
2020-10-26,VVAR3,19.61
2020-10-26,WEGE3,82.75
2020-10-26,YDUQ3,25.47
2020-10-27,ABEV3,13.72
2020-10-27,ALPA4,42.83
2020-10-27,ALSO3,24.34
2020-10-27,ARZZ3,61.25
2020-10-27,AZUL4,25.88
2020-10-27,B3SA3,52.75
2020-10-27,BBAS3,32.78
2020-10-27,BBDC3,20.1
2020-10-27,BBDC4,22.26
2020-10-27,BBSE3,25.28
2020-10-27,BEEF3,10.74
2020-10-27,BIDI11,57.47
2020-10-27,BIDI4,19.07
2020-10-27,BPAC11,77.52
2020-10-27,BPAN4,8.4
2020-10-27,BRAP4,47.99
2020-10-27,BRDT3,20.23
2020-10-27,BRFS3,17.43
2020-10-27,BRKM5,24.22
2020-10-27,BRML3,8.81
2020-10-27,BTOW3,85.65
2020-10-27,CCRO3,11.9
2020-10-27,CEAB3,12.99
2020-10-27,CIEL3,3.86
2020-10-27,CMIG4,10.73
2020-10-27,COGN3,4.62
2020-10-27,CPFE3,29.59
2020-10-27,CPLE3,59.03
2020-10-27,CPLE6,66.18
2020-10-27,CRFB3,20.13
2020-10-27,CSAN3,70.17
2020-10-27,CSMG3,46.99
2020-10-27,CSNA3,21.46
2020-10-27,CURY3,10.33
2020-10-27,CVCB3,14.17
2020-10-27,CYRE3,24.69
2020-10-27,DIRR3,13.08
2020-10-27,ECOR3,10.81
2020-10-27,EGIE3,41.71
2020-10-27,ELET3,32.8
2020-10-27,ELET6,33.15
2020-10-27,EMBR3,6.45
2020-10-27,ENBR3,18.11
2020-10-27,ENEV3,55.01
2020-10-27,ENGI11,43.46
2020-10-27,EQTL3,20.47
2020-10-27,EZTC3,39.24
2020-10-27,FLRY3,27.97
2020-10-27,GGBR4,23.61
2020-10-27,GNDI3,66.87
2020-10-27,GOAU4,10.51
2020-10-27,GOLL4,18.6
2020-10-27,HAPV3,66.4
2020-10-27,HGTX3,18.5
2020-10-27,HYPE3,30.5
2020-10-27,IGTA3,31.7
2020-10-27,IRBR3,6.73
2020-10-27,ITSA4,9.63
2020-10-27,ITUB4,24.89
2020-10-27,JBSS3,20.42
2020-10-27,JHSF3,7.19
2020-10-27,KLBN11,24.63
2020-10-27,LAME4,25.85
2020-10-27,LCAM3,26.73
2020-10-27,LOGG3,33.05
2020-10-27,LREN3,40.89
2020-10-27,LWSA3,69.83
2020-10-27,MGLU3,25.45
2020-10-27,MRFG3,14.53
2020-10-27,MRVE3,17.8
2020-10-27,MULT3,20.09
2020-10-27,NTCO3,49.31
2020-10-27,PCAR3,65.58
2020-10-27,PETR3,19.86
2020-10-27,PETR4,19.88
2020-10-27,PETZ3,17.53
2020-10-27,POMO4,2.61
2020-10-27,PRIO3,34.7
2020-10-27,PSSA3,51.68
2020-10-27,QUAL3,32.49
2020-10-27,RADL3,26.08
2020-10-27,RAIL3,18.05
2020-10-27,RENT3,64.57
2020-10-27,SANB11,33.27
2020-10-27,SBSP3,45.38
2020-10-27,SLCE3,26.54
2020-10-27,SMLS3,17.91
2020-10-27,SMTO3,23.08
2020-10-27,SOMA3,10.1
2020-10-27,STBP3,4.11
2020-10-27,SULA11,41.19
2020-10-27,SUZB3,50.1
2020-10-27,TAEE11,28.75
2020-10-27,TEND3,28.94
2020-10-27,TIMS3,12.63
2020-10-27,TOTS3,28.5
2020-10-27,TRPL4,23.76
2020-10-27,UGPA3,17.73
2020-10-27,USIM5,11.75
2020-10-27,VALE3,62.53
2020-10-27,VIVA3,24.81
2020-10-27,VIVT3,43.48
2020-10-27,VIVT4,43.49
2020-10-27,VVAR3,18.88
2020-10-27,WEGE3,83.24
2020-10-27,YDUQ3,24.94
2020-10-28,ABEV3,13.37
2020-10-28,ALPA4,41.96
2020-10-28,ALSO3,22.88
2020-10-28,ARZZ3,60.2
2020-10-28,AZUL4,23.4
2020-10-28,B3SA3,51.33
2020-10-28,BBAS3,31.14
2020-10-28,BBDC3,18.89
2020-10-28,BBDC4,21.0
2020-10-28,BBSE3,24.32
2020-10-28,BEEF3,10.32
2020-10-28,BIDI11,55.23
2020-10-28,BIDI4,18.19
2020-10-28,BPAC11,72.0
2020-10-28,BPAN4,7.82
2020-10-28,BRAP4,46.66
2020-10-28,BRDT3,19.14
2020-10-28,BRFS3,17.0
2020-10-28,BRKM5,23.4
2020-10-28,BRML3,8.24
2020-10-28,BTOW3,83.2
2020-10-28,CCRO3,11.53
2020-10-28,CEAB3,12.41
2020-10-28,CIEL3,3.41
2020-10-28,CMIG4,10.45
2020-10-28,COGN3,4.25
2020-10-28,CPFE3,28.62
2020-10-28,CPLE3,57.06
2020-10-28,CPLE6,64.42
2020-10-28,CRFB3,19.7
2020-10-28,CSAN3,67.9
2020-10-28,CSMG3,43.95
2020-10-28,CSNA3,20.67
2020-10-28,CURY3,9.83
2020-10-28,CVCB3,12.77
2020-10-28,CYRE3,23.23
2020-10-28,DIRR3,12.07
2020-10-28,ECOR3,10.3
2020-10-28,EGIE3,40.5
2020-10-28,ELET3,31.83
2020-10-28,ELET6,31.88
2020-10-28,EMBR3,6.05
2020-10-28,ENBR3,17.5
2020-10-28,ENEV3,54.06
2020-10-28,ENGI11,42.13
2020-10-28,EQTL3,19.77
2020-10-28,EZTC3,37.23
2020-10-28,FLRY3,26.25
2020-10-28,GGBR4,22.22
2020-10-28,GNDI3,65.93
2020-10-28,GOAU4,9.87
2020-10-28,GOLL4,16.92
2020-10-28,HAPV3,64.6
2020-10-28,HGTX3,17.05
2020-10-28,HYPE3,28.8
2020-10-28,IGTA3,30.0
2020-10-28,IRBR3,6.09
2020-10-28,ITSA4,9.18
2020-10-28,ITUB4,23.78
2020-10-28,JBSS3,19.98
2020-10-28,JHSF3,6.72
2020-10-28,KLBN11,23.72
2020-10-28,LAME4,24.72
2020-10-28,LCAM3,26.01
2020-10-28,LOGG3,31.7
2020-10-28,LREN3,39.68
2020-10-28,LWSA3,65.65
2020-10-28,MGLU3,24.63
2020-10-28,MRFG3,14.24
2020-10-28,MRVE3,17.31
2020-10-28,MULT3,19.02
2020-10-28,NTCO3,48.45
2020-10-28,PCAR3,63.08
2020-10-28,PETR3,18.64
2020-10-28,PETR4,18.67
2020-10-28,PETZ3,17.2
2020-10-28,POMO4,2.48
2020-10-28,PRIO3,32.14
2020-10-28,PSSA3,49.8
2020-10-28,QUAL3,31.16
2020-10-28,RADL3,24.2
2020-10-28,RAIL3,17.53
2020-10-28,RENT3,62.55
2020-10-28,SANB11,32.01
2020-10-28,SBSP3,43.5
2020-10-28,SLCE3,25.95
2020-10-28,SMLS3,15.85
2020-10-28,SMTO3,21.82
2020-10-28,SOMA3,9.7
2020-10-28,STBP3,3.97
2020-10-28,SULA11,40.16
2020-10-28,SUZB3,48.52
2020-10-28,TAEE11,28.39
2020-10-28,TEND3,28.16
2020-10-28,TIMS3,12.31
2020-10-28,TOTS3,27.5
2020-10-28,TRPL4,23.69
2020-10-28,UGPA3,16.74
2020-10-28,USIM5,10.84
2020-10-28,VALE3,60.26
2020-10-28,VIVA3,23.64
2020-10-28,VIVT3,42.61
2020-10-28,VIVT4,42.01
2020-10-28,VVAR3,17.49
2020-10-28,WEGE3,79.14
2020-10-28,YDUQ3,23.35
2020-10-29,ABEV3,12.89
2020-10-29,ALPA4,41.79
2020-10-29,ALSO3,23.38
2020-10-29,ARZZ3,62.13
2020-10-29,AZUL4,23.39
2020-10-29,B3SA3,52.98
2020-10-29,BBAS3,30.96
2020-10-29,BBDC3,18.74
2020-10-29,BBDC4,20.79
2020-10-29,BBSE3,24.28
2020-10-29,BEEF3,10.3
2020-10-29,BIDI11,53.87
2020-10-29,BIDI4,17.65
2020-10-29,BPAC11,74.85
2020-10-29,BPAN4,7.83
2020-10-29,BRAP4,47.19
2020-10-29,BRDT3,19.64
2020-10-29,BRFS3,16.92
2020-10-29,BRKM5,23.05
2020-10-29,BRML3,8.37
2020-10-29,BTOW3,82.65
2020-10-29,CCRO3,11.43
2020-10-29,CEAB3,12.57
2020-10-29,CIEL3,3.42
2020-10-29,CMIG4,10.39
2020-10-29,COGN3,4.54
2020-10-29,CPFE3,28.57
2020-10-29,CPLE3,56.71
2020-10-29,CPLE6,64.08
2020-10-29,CRFB3,19.2
2020-10-29,CSAN3,67.22
2020-10-29,CSMG3,43.96
2020-10-29,CSNA3,21.06
2020-10-29,CURY3,10.4
2020-10-29,CVCB3,12.68
2020-10-29,CYRE3,23.76
2020-10-29,DIRR3,12.06
2020-10-29,ECOR3,10.34
2020-10-29,EGIE3,40.32
2020-10-29,ELET3,31.77
2020-10-29,ELET6,31.89
2020-10-29,EMBR3,6.11
2020-10-29,ENBR3,17.47
2020-10-29,ENEV3,53.5
2020-10-29,ENGI11,42.5
2020-10-29,EQTL3,20.22
2020-10-29,EZTC3,36.39
2020-10-29,FLRY3,27.43
2020-10-29,GGBR4,22.5
2020-10-29,GNDI3,67.46
2020-10-29,GOAU4,10.07
2020-10-29,GOLL4,16.61
2020-10-29,HAPV3,66.72
2020-10-29,HGTX3,17.07
2020-10-29,HYPE3,28.82
2020-10-29,IGTA3,30.34
2020-10-29,IRBR3,6.11
2020-10-29,ITSA4,9.23
2020-10-29,ITUB4,23.9
2020-10-29,JBSS3,19.65
2020-10-29,JHSF3,6.74
2020-10-29,KLBN11,23.83
2020-10-29,LAME4,24.69
2020-10-29,LCAM3,25.91
2020-10-29,LOGG3,32.75
2020-10-29,LREN3,39.62
2020-10-29,LWSA3,70.6
2020-10-29,MGLU3,25.36
2020-10-29,MRFG3,14.09
2020-10-29,MRVE3,17.55
2020-10-29,MULT3,19.1
2020-10-29,NTCO3,47.8
2020-10-29,PCAR3,62.78
2020-10-29,PETR3,19.33
2020-10-29,PETR4,19.29
2020-10-29,PETZ3,18.0
2020-10-29,POMO4,2.49
2020-10-29,PRIO3,33.0
2020-10-29,PSSA3,49.14
2020-10-29,QUAL3,31.92
2020-10-29,RADL3,24.39
2020-10-29,RAIL3,18.33
2020-10-29,RENT3,62.56
2020-10-29,SANB11,33.39
2020-10-29,SBSP3,43.89
2020-10-29,SLCE3,26.3
2020-10-29,SMLS3,15.41
2020-10-29,SMTO3,21.79
2020-10-29,SOMA3,9.85
2020-10-29,STBP3,3.96
2020-10-29,SULA11,40.01
2020-10-29,SUZB3,50.17
2020-10-29,TAEE11,28.39
2020-10-29,TEND3,28.21
2020-10-29,TIMS3,12.23
2020-10-29,TOTS3,28.5
2020-10-29,TRPL4,23.64
2020-10-29,UGPA3,16.79
2020-10-29,USIM5,11.24
2020-10-29,VALE3,62.02
2020-10-29,VIVA3,23.45
2020-10-29,VIVT3,42.25
2020-10-29,VIVT4,42.15
2020-10-29,VVAR3,18.25
2020-10-29,WEGE3,80.03
2020-10-29,YDUQ3,23.62
2020-10-30,ABEV3,12.18
2020-10-30,ALPA4,40.52
2020-10-30,ALSO3,23.01
2020-10-30,ARZZ3,60.3
2020-10-30,AZUL4,22.55
2020-10-30,B3SA3,51.05
2020-10-30,BBAS3,29.8
2020-10-30,BBDC3,18.17
2020-10-30,BBDC4,20.16
2020-10-30,BBSE3,23.68
2020-10-30,BEEF3,9.97
2020-10-30,BIDI11,50.83
2020-10-30,BIDI4,16.5
2020-10-30,BPAC11,72.5
2020-10-30,BPAN4,7.46
2020-10-30,BRAP4,46.74
2020-10-30,BRDT3,19.18
2020-10-30,BRFS3,16.78
2020-10-30,BRKM5,22.84
2020-10-30,BRML3,8.16
2020-10-30,BTOW3,75.24
2020-10-30,CCRO3,11.16
2020-10-30,CEAB3,11.8
2020-10-30,CIEL3,3.37
2020-10-30,CMIG4,10.25
2020-10-30,COGN3,4.29
2020-10-30,CPFE3,27.87
2020-10-30,CPLE3,54.91
2020-10-30,CPLE6,61.76
2020-10-30,CRFB3,18.45
2020-10-30,CSAN3,64.99
2020-10-30,CSMG3,42.8
2020-10-30,CSNA3,20.54
2020-10-30,CURY3,10.79
2020-10-30,CVCB3,12.28
2020-10-30,CYRE3,22.79
2020-10-30,DIRR3,11.27
2020-10-30,ECOR3,9.99
2020-10-30,EGIE3,39.89
2020-10-30,ELET3,31.06
2020-10-30,ELET6,30.99
2020-10-30,EMBR3,6.03
2020-10-30,ENBR3,17.0
2020-10-30,ENEV3,52.6
2020-10-30,ENGI11,41.97
2020-10-30,EQTL3,19.93
2020-10-30,EZTC3,35.1
2020-10-30,FLRY3,27.35
2020-10-30,GGBR4,21.81
2020-10-30,GNDI3,65.75
2020-10-30,GOAU4,9.8
2020-10-30,GOLL4,15.69
2020-10-30,HAPV3,64.37
2020-10-30,HGTX3,15.91
2020-10-30,HYPE3,27.9
2020-10-30,IGTA3,29.99
2020-10-30,IRBR3,6.14
2020-10-30,ITSA4,9.09
2020-10-30,ITUB4,23.48
2020-10-30,JBSS3,19.45
2020-10-30,JHSF3,6.43
2020-10-30,KLBN11,23.74
2020-10-30,LAME4,23.23
2020-10-30,LCAM3,25.14
2020-10-30,LOGG3,31.35
2020-10-30,LREN3,37.45
2020-10-30,LWSA3,69.15
2020-10-30,MGLU3,24.63
2020-10-30,MRFG3,13.77
2020-10-30,MRVE3,16.85
2020-10-30,MULT3,18.97
2020-10-30,NTCO3,46.1
2020-10-30,PCAR3,61.95
2020-10-30,PETR3,19.0
2020-10-30,PETR4,18.94
2020-10-30,PETZ3,17.75
2020-10-30,POMO4,2.45
2020-10-30,PRIO3,31.32
2020-10-30,PSSA3,47.42
2020-10-30,QUAL3,31.83
2020-10-30,RADL3,24.06
2020-10-30,RAIL3,18.34
2020-10-30,RENT3,60.68
2020-10-30,SANB11,32.05
2020-10-30,SBSP3,42.5
2020-10-30,SLCE3,25.57
2020-10-30,SMLS3,14.43
2020-10-30,SMTO3,21.05
2020-10-30,SOMA3,9.71
2020-10-30,STBP3,3.93
2020-10-30,SULA11,39.99
2020-10-30,SUZB3,50.05
2020-10-30,TAEE11,28.15
2020-10-30,TEND3,26.86
2020-10-30,TIMS3,11.85
2020-10-30,TOTS3,27.0
2020-10-30,TRPL4,23.51
2020-10-30,UGPA3,16.38
2020-10-30,USIM5,10.9
2020-10-30,VALE3,60.55
2020-10-30,VIVA3,21.8
2020-10-30,VIVT3,42.67
2020-10-30,VIVT4,42.54
2020-10-30,VVAR3,17.16
2020-10-30,WEGE3,75.83
2020-10-30,YDUQ3,22.92
2020-11-03,ABEV3,12.78
2020-11-03,ALPA4,40.92
2020-11-03,ALSO3,22.38
2020-11-03,ARZZ3,59.8
2020-11-03,AZUL4,22.49
2020-11-03,B3SA3,50.97
2020-11-03,BBAS3,30.1
2020-11-03,BBDC3,18.63
2020-11-03,BBDC4,20.85
2020-11-03,BBSE3,24.68
2020-11-03,BEEF3,9.83
2020-11-03,BIDI11,50.8
2020-11-03,BIDI4,16.65
2020-11-03,BPAC11,71.97
2020-11-03,BPAN4,7.4
2020-11-03,BRAP4,48.89
2020-11-03,BRDT3,19.15
2020-11-03,BRFS3,17.08
2020-11-03,BRKM5,22.9
2020-11-03,BRML3,7.92
2020-11-03,BTOW3,75.98
2020-11-03,CCRO3,11.2
2020-11-03,CEAB3,11.86
2020-11-03,CIEL3,3.3
2020-11-03,CMIG4,10.33
2020-11-03,COGN3,4.2
2020-11-03,CPFE3,28.07
2020-11-03,CPLE3,57.1
2020-11-03,CPLE6,65.0
2020-11-03,CRFB3,18.73
2020-11-03,CSAN3,66.3
2020-11-03,CSMG3,46.07
2020-11-03,CSNA3,22.39
2020-11-03,CURY3,10.7
2020-11-03,CVCB3,11.88
2020-11-03,CYRE3,22.84
2020-11-03,DIRR3,11.22
2020-11-03,ECOR3,9.93
2020-11-03,EGIE3,39.87
2020-11-03,ELET3,31.75
2020-11-03,ELET6,31.59
2020-11-03,EMBR3,6.03
2020-11-03,ENBR3,17.33
2020-11-03,ENEV3,55.22
2020-11-03,ENGI11,42.1
2020-11-03,EQTL3,19.87
2020-11-03,EZTC3,34.79
2020-11-03,FLRY3,26.98
2020-11-03,GGBR4,23.18
2020-11-03,GNDI3,67.5
2020-11-03,GOAU4,10.4
2020-11-03,GOLL4,15.62
2020-11-03,HAPV3,65.33
2020-11-03,HGTX3,16.32
2020-11-03,HYPE3,27.43
2020-11-03,IGTA3,29.48
2020-11-03,IRBR3,6.4
2020-11-03,ITSA4,9.18
2020-11-03,ITUB4,24.04
2020-11-03,JBSS3,19.11
2020-11-03,JHSF3,6.34
2020-11-03,KLBN11,24.2
2020-11-03,LAME4,23.77
2020-11-03,LCAM3,26.55
2020-11-03,LOGG3,33.7
2020-11-03,LREN3,38.05
2020-11-03,LWSA3,74.11
2020-11-03,MGLU3,24.99
2020-11-03,MRFG3,13.75
2020-11-03,MRVE3,16.97
2020-11-03,MULT3,18.65
2020-11-03,NTCO3,46.43
2020-11-03,PCAR3,62.21
2020-11-03,PETR3,19.75
2020-11-03,PETR4,19.65
2020-11-03,PETZ3,18.57
2020-11-03,POMO4,2.43
2020-11-03,PRIO3,32.43
2020-11-03,PSSA3,48.24
2020-11-03,QUAL3,31.26
2020-11-03,RADL3,23.5
2020-11-03,RAIL3,18.36
2020-11-03,RENT3,63.77
2020-11-03,SANB11,32.58
2020-11-03,SBSP3,43.2
2020-11-03,SLCE3,26.06
2020-11-03,SMLS3,14.12
2020-11-03,SMTO3,21.57
2020-11-03,SOMA3,9.5
2020-11-03,STBP3,3.85
2020-11-03,SULA11,38.99
2020-11-03,SUZB3,52.68
2020-11-03,TAEE11,28.27
2020-11-03,TEND3,27.91
2020-11-03,TIMS3,11.64
2020-11-03,TOTS3,27.69
2020-11-03,TRPL4,24.37
2020-11-03,UGPA3,16.59
2020-11-03,USIM5,11.58
2020-11-03,VALE3,63.34
2020-11-03,VIVA3,21.94
2020-11-03,VIVT3,42.31
2020-11-03,VIVT4,42.5
2020-11-03,VVAR3,17.12
2020-11-03,WEGE3,77.32
2020-11-03,YDUQ3,22.87
2020-11-04,ABEV3,12.82
2020-11-04,ALPA4,42.33
2020-11-04,ALSO3,23.46
2020-11-04,ARZZ3,64.09
2020-11-04,AZUL4,23.38
2020-11-04,B3SA3,54.1
2020-11-04,BBAS3,30.32
2020-11-04,BBDC3,18.62
2020-11-04,BBDC4,20.68
2020-11-04,BBSE3,25.5
2020-11-04,BEEF3,9.93
2020-11-04,BIDI11,55.23
2020-11-04,BIDI4,18.21
2020-11-04,BPAC11,76.14
2020-11-04,BPAN4,7.83
2020-11-04,BRAP4,47.85
2020-11-04,BRDT3,19.82
2020-11-04,BRFS3,17.24
2020-11-04,BRKM5,22.31
2020-11-04,BRML3,8.3
2020-11-04,BTOW3,80.99
2020-11-04,CCRO3,11.34
2020-11-04,CEAB3,12.8
2020-11-04,CIEL3,3.33
2020-11-04,CMIG4,10.66
2020-11-04,COGN3,4.47
2020-11-04,CPFE3,28.79
2020-11-04,CPLE3,57.98
2020-11-04,CPLE6,65.67
2020-11-04,CRFB3,19.05
2020-11-04,CSAN3,66.79
2020-11-04,CSMG3,47.49
2020-11-04,CSNA3,21.44
2020-11-04,CURY3,11.21
2020-11-04,CVCB3,12.3
2020-11-04,CYRE3,24.5
2020-11-04,DIRR3,11.5
2020-11-04,ECOR3,10.58
2020-11-04,EGIE3,41.66
2020-11-04,ELET3,32.54
2020-11-04,ELET6,32.57
2020-11-04,EMBR3,6.24
2020-11-04,ENBR3,17.85
2020-11-04,ENEV3,57.6
2020-11-04,ENGI11,43.89
2020-11-04,EQTL3,21.0
2020-11-04,EZTC3,36.85
2020-11-04,FLRY3,27.18
2020-11-04,GGBR4,22.28
2020-11-04,GNDI3,71.79
2020-11-04,GOAU4,10.01
2020-11-04,GOLL4,15.87
2020-11-04,HAPV3,68.74
2020-11-04,HGTX3,17.11
2020-11-04,HYPE3,28.24
2020-11-04,IGTA3,30.82
2020-11-04,IRBR3,6.23
2020-11-04,ITSA4,9.39
2020-11-04,ITUB4,25.0
2020-11-04,JBSS3,19.48
2020-11-04,JHSF3,6.85
2020-11-04,KLBN11,24.08
2020-11-04,LAME4,24.95
2020-11-04,LCAM3,27.39
2020-11-04,LOGG3,36.65
2020-11-04,LREN3,40.7
2020-11-04,LWSA3,73.97
2020-11-04,MGLU3,26.19
2020-11-04,MRFG3,13.89
2020-11-04,MRVE3,17.92
2020-11-04,MULT3,19.39
2020-11-04,NTCO3,47.67
2020-11-04,PCAR3,64.32
2020-11-04,PETR3,19.84
2020-11-04,PETR4,19.72
2020-11-04,PETZ3,18.91
2020-11-04,POMO4,2.5
2020-11-04,PRIO3,32.2
2020-11-04,PSSA3,49.41
2020-11-04,QUAL3,31.9
2020-11-04,RADL3,24.49
2020-11-04,RAIL3,19.04
2020-11-04,RENT3,66.3
2020-11-04,SANB11,31.84
2020-11-04,SBSP3,43.88
2020-11-04,SLCE3,26.04
2020-11-04,SMLS3,14.2
2020-11-04,SMTO3,21.4
2020-11-04,SOMA3,9.81
2020-11-04,STBP3,4.13
2020-11-04,SULA11,40.54
2020-11-04,SUZB3,51.63
2020-11-04,TAEE11,29.04
2020-11-04,TEND3,29.76
2020-11-04,TIMS3,12.06
2020-11-04,TOTS3,28.6
2020-11-04,TRPL4,25.15
2020-11-04,UGPA3,17.16
2020-11-04,USIM5,11.18
2020-11-04,VALE3,61.58
2020-11-04,VIVA3,22.99
2020-11-04,VIVT3,42.2
2020-11-04,VIVT4,42.33
2020-11-04,VVAR3,18.06
2020-11-04,WEGE3,82.2
2020-11-04,YDUQ3,23.8
2020-11-05,ABEV3,13.33
2020-11-05,ALPA4,42.97
2020-11-05,ALSO3,24.42
2020-11-05,ARZZ3,64.14
2020-11-05,AZUL4,25.6
2020-11-05,B3SA3,56.61
2020-11-05,BBAS3,30.69
2020-11-05,BBDC3,18.98
2020-11-05,BBDC4,21.0
2020-11-05,BBSE3,26.02
2020-11-05,BEEF3,10.29
2020-11-05,BIDI11,59.0
2020-11-05,BIDI4,19.68
2020-11-05,BPAC11,78.12
2020-11-05,BPAN4,8.04
2020-11-05,BRAP4,48.75
2020-11-05,BRDT3,20.94
2020-11-05,BRFS3,17.71
2020-11-05,BRKM5,22.96
2020-11-05,BRML3,8.78
2020-11-05,BTOW3,84.03
2020-11-05,CASH3,9.35
2020-11-05,CCRO3,12.34
2020-11-05,CEAB3,12.77
2020-11-05,CIEL3,3.62
2020-11-05,CMIG4,11.05
2020-11-05,COGN3,4.39
2020-11-05,CPFE3,30.47
2020-11-05,CPLE3,59.4
2020-11-05,CPLE6,66.52
2020-11-05,CRFB3,19.37
2020-11-05,CSAN3,73.55
2020-11-05,CSMG3,48.52
2020-11-05,CSNA3,20.98
2020-11-05,CURY3,11.27
2020-11-05,CVCB3,13.07
2020-11-05,CYRE3,25.91
2020-11-05,DIRR3,11.99
2020-11-05,ECOR3,11.5
2020-11-05,EGIE3,43.3
2020-11-05,ELET3,33.78
2020-11-05,ELET6,33.85
2020-11-05,EMBR3,6.61
2020-11-05,ENBR3,18.39
2020-11-05,ENEV3,58.71
2020-11-05,ENGI11,46.45
2020-11-05,EQTL3,22.01
2020-11-05,EZTC3,37.93
2020-11-05,FLRY3,29.01
2020-11-05,GGBR4,22.35
2020-11-05,GNDI3,72.72
2020-11-05,GOAU4,10.09
2020-11-05,GOLL4,17.44
2020-11-05,HAPV3,69.64
2020-11-05,HGTX3,17.57
2020-11-05,HYPE3,29.73
2020-11-05,IGTA3,32.33
2020-11-05,IRBR3,6.24
2020-11-05,ITSA4,9.78
2020-11-05,ITUB4,25.59
2020-11-05,JBSS3,19.99
2020-11-05,JHSF3,7.22
2020-11-05,KLBN11,23.96
2020-11-05,LAME4,25.26
2020-11-05,LCAM3,28.08
2020-11-05,LOGG3,37.59
2020-11-05,LREN3,42.55
2020-11-05,LWSA3,76.43
2020-11-05,MGLU3,27.45
2020-11-05,MRFG3,14.28
2020-11-05,MRVE3,18.25
2020-11-05,MULT3,20.71
2020-11-05,NTCO3,50.28
2020-11-05,PCAR3,65.45
2020-11-05,PETR3,19.94
2020-11-05,PETR4,19.89
2020-11-05,PETZ3,18.59
2020-11-05,POMO4,2.58
2020-11-05,PRIO3,32.35
2020-11-05,PSSA3,50.83
2020-11-05,QUAL3,32.8
2020-11-05,RADL3,25.58
2020-11-05,RAIL3,19.86
2020-11-05,RENT3,67.88
2020-11-05,SANB11,32.3
2020-11-05,SBSP3,45.3
2020-11-05,SLCE3,26.68
2020-11-05,SMLS3,14.89
2020-11-05,SMTO3,22.01
2020-11-05,SOMA3,9.78
2020-11-05,STBP3,4.38
2020-11-05,SULA11,41.44
2020-11-05,SUZB3,51.3
2020-11-05,TAEE11,29.56
2020-11-05,TEND3,30.1
2020-11-05,TIMS3,12.16
2020-11-05,TOTS3,30.49
2020-11-05,TRPL4,25.03
2020-11-05,UGPA3,19.75
2020-11-05,USIM5,11.38
2020-11-05,VALE3,62.55
2020-11-05,VIVA3,23.52
2020-11-05,VIVT3,43.29
2020-11-05,VIVT4,42.9
2020-11-05,VVAR3,19.12
2020-11-05,WEGE3,85.75
2020-11-05,YDUQ3,23.95
2020-11-06,ABEV3,13.25
2020-11-06,ALPA4,41.51
2020-11-06,ALSO3,25.08
2020-11-06,ARZZ3,63.21
2020-11-06,AZUL4,25.93
2020-11-06,B3SA3,56.62
2020-11-06,BBAS3,30.49
2020-11-06,BBDC3,19.0
2020-11-06,BBDC4,20.95
2020-11-06,BBSE3,26.15
2020-11-06,BEEF3,10.4
2020-11-06,BIDI11,60.98
2020-11-06,BIDI4,20.23
2020-11-06,BPAC11,80.15
2020-11-06,BPAN4,8.38
2020-11-06,BRAP4,49.59
2020-11-06,BRDT3,21.14
2020-11-06,BRFS3,17.8
2020-11-06,BRKM5,24.2
2020-11-06,BRML3,9.05
2020-11-06,BTOW3,82.28
2020-11-06,CASH3,9.65
2020-11-06,CCRO3,12.34
2020-11-06,CEAB3,13.25
2020-11-06,CIEL3,3.72
2020-11-06,CMIG4,11.2
2020-11-06,COGN3,4.5
2020-11-06,CPFE3,31.0
2020-11-06,CPLE3,61.58
2020-11-06,CPLE6,68.45
2020-11-06,CRFB3,19.84
2020-11-06,CSAN3,72.91
2020-11-06,CSMG3,49.79
2020-11-06,CSNA3,20.77
2020-11-06,CURY3,11.34
2020-11-06,CVCB3,13.57
2020-11-06,CYRE3,26.29
2020-11-06,DIRR3,12.31
2020-11-06,ECOR3,11.84
2020-11-06,EGIE3,43.28
2020-11-06,ELET3,33.71
2020-11-06,ELET6,33.72
2020-11-06,EMBR3,6.55
2020-11-06,ENBR3,18.52
2020-11-06,ENEV3,59.17
2020-11-06,ENGI11,46.6
2020-11-06,EQTL3,22.19
2020-11-06,EZTC3,38.19
2020-11-06,FLRY3,28.38
2020-11-06,GGBR4,22.51
2020-11-06,GNDI3,73.86
2020-11-06,GOAU4,10.12
2020-11-06,GOLL4,17.55
2020-11-06,HAPV3,71.5
2020-11-06,HGTX3,17.76
2020-11-06,HYPE3,31.52
2020-11-06,IGTA3,33.98
2020-11-06,IRBR3,6.55
2020-11-06,ITSA4,9.83
2020-11-06,ITUB4,25.56
2020-11-06,JBSS3,20.11
2020-11-06,JHSF3,7.52
2020-11-06,KLBN11,23.76
2020-11-06,LAME4,25.02
2020-11-06,LCAM3,28.53
2020-11-06,LOGG3,36.95
2020-11-06,LREN3,41.9
2020-11-06,LWSA3,75.6
2020-11-06,MGLU3,27.33
2020-11-06,MRFG3,14.32
2020-11-06,MRVE3,18.45
2020-11-06,MULT3,21.5
2020-11-06,NTCO3,50.63
2020-11-06,PCAR3,65.69
2020-11-06,PETR3,19.87
2020-11-06,PETR4,19.75
2020-11-06,PETZ3,18.15
2020-11-06,POMO4,2.66
2020-11-06,PRIO3,34.0
2020-11-06,PSSA3,50.8
2020-11-06,QUAL3,33.68
2020-11-06,RADL3,25.31
2020-11-06,RAIL3,19.21
2020-11-06,RENT3,68.0
2020-11-06,SANB11,31.8
2020-11-06,SBSP3,45.76
2020-11-06,SLCE3,27.2
2020-11-06,SMLS3,15.25
2020-11-06,SMTO3,22.39
2020-11-06,SOMA3,10.12
2020-11-06,STBP3,4.35
2020-11-06,SULA11,42.2
2020-11-06,SUZB3,49.9
2020-11-06,TAEE11,30.3
2020-11-06,TEND3,30.79
2020-11-06,TIMS3,12.18
2020-11-06,TOTS3,31.07
2020-11-06,TRPL4,25.47
2020-11-06,UGPA3,19.94
2020-11-06,USIM5,11.48
2020-11-06,VALE3,63.19
2020-11-06,VIVA3,23.74
2020-11-06,VIVT3,42.85
2020-11-06,VIVT4,42.76
2020-11-06,VVAR3,19.22
2020-11-06,WEGE3,84.0
2020-11-06,YDUQ3,24.52
2020-11-09,ABEV3,14.22
2020-11-09,ALPA4,38.5
2020-11-09,ALSO3,27.82
2020-11-09,ARZZ3,64.95
2020-11-09,AZUL4,30.71
2020-11-09,B3SA3,53.85
2020-11-09,BBAS3,32.7
2020-11-09,BBDC3,20.73
2020-11-09,BBDC4,22.94
2020-11-09,BBSE3,26.62
2020-11-09,BEEF3,10.05
2020-11-09,BIDI11,59.86
2020-11-09,BIDI4,20.07
2020-11-09,BPAC11,78.5
2020-11-09,BPAN4,8.5
2020-11-09,BRAP4,49.56
2020-11-09,BRDT3,21.87
2020-11-09,BRFS3,18.5
2020-11-09,BRKM5,24.17
2020-11-09,BRML3,10.14
2020-11-09,BTOW3,79.69
2020-11-09,CASH3,9.49
2020-11-09,CCRO3,12.43
2020-11-09,CEAB3,14.05
2020-11-09,CIEL3,3.7
2020-11-09,CMIG4,11.44
2020-11-09,COGN3,4.92
2020-11-09,CPFE3,30.67
2020-11-09,CPLE3,62.47
2020-11-09,CPLE6,69.48
2020-11-09,CRFB3,19.93
2020-11-09,CSAN3,73.7
2020-11-09,CSMG3,50.36
2020-11-09,CSNA3,20.95
2020-11-09,CURY3,11.33
2020-11-09,CVCB3,14.99
2020-11-09,CYRE3,25.89
2020-11-09,DIRR3,12.48
2020-11-09,ECOR3,11.54
2020-11-09,EGIE3,43.9
2020-11-09,ELET3,33.83
2020-11-09,ELET6,33.9
2020-11-09,EMBR3,7.41
2020-11-09,ENBR3,18.77
2020-11-09,ENEV3,57.58
2020-11-09,ENGI11,46.29
2020-11-09,EQTL3,21.95
2020-11-09,EZTC3,38.99
2020-11-09,FLRY3,28.14
2020-11-09,GGBR4,22.0
2020-11-09,GNDI3,72.1
2020-11-09,GOAU4,9.92
2020-11-09,GOLL4,21.05
2020-11-09,HAPV3,69.82
2020-11-09,HGTX3,19.05
2020-11-09,HYPE3,31.8
2020-11-09,IGTA3,38.17
2020-11-09,IRBR3,6.65
2020-11-09,ITSA4,10.43
2020-11-09,ITUB4,27.63
2020-11-09,JBSS3,20.25
2020-11-09,JHSF3,7.62
2020-11-09,KLBN11,23.54
2020-11-09,LAME4,25.27
2020-11-09,LCAM3,27.37
2020-11-09,LOGG3,36.9
2020-11-09,LREN3,47.98
2020-11-09,LWSA3,72.0
2020-11-09,MGLU3,26.45
2020-11-09,MRFG3,14.19
2020-11-09,MRVE3,19.38
2020-11-09,MULT3,24.52
2020-11-09,NTCO3,49.15
2020-11-09,PCAR3,65.9
2020-11-09,PETR3,21.9
2020-11-09,PETR4,21.61
2020-11-09,PETZ3,18.0
2020-11-09,POMO4,2.66
2020-11-09,PRIO3,35.24
2020-11-09,PSSA3,51.2
2020-11-09,QUAL3,33.81
2020-11-09,RADL3,25.17
2020-11-09,RAIL3,20.45
2020-11-09,RENT3,66.1
2020-11-09,SANB11,34.22
2020-11-09,SBSP3,46.45
2020-11-09,SLCE3,26.2
2020-11-09,SMLS3,16.63
2020-11-09,SMTO3,22.3
2020-11-09,SOMA3,10.84
2020-11-09,STBP3,4.32
2020-11-09,SULA11,41.49
2020-11-09,SUZB3,48.68
2020-11-09,TAEE11,30.39
2020-11-09,TEND3,30.35
2020-11-09,TIMS3,12.76
2020-11-09,TOTS3,29.37
2020-11-09,TRPL4,25.92
2020-11-09,UGPA3,20.01
2020-11-09,USIM5,11.38
2020-11-09,VALE3,63.19
2020-11-09,VIVA3,24.43
2020-11-09,VIVT3,44.78
2020-11-09,VIVT4,44.48
2020-11-09,VVAR3,18.54
2020-11-09,WEGE3,82.13
2020-11-09,YDUQ3,26.17
2020-11-10,ABEV3,15.21
2020-11-10,ALPA4,39.14
2020-11-10,ALSO3,27.29
2020-11-10,ARZZ3,65.7
2020-11-10,AZUL4,30.29
2020-11-10,B3SA3,54.1
2020-11-10,BBAS3,34.37
2020-11-10,BBDC3,21.89
2020-11-10,BBDC4,24.42
2020-11-10,BBSE3,27.25
2020-11-10,BEEF3,10.22
2020-11-10,BIDI11,56.21
2020-11-10,BIDI4,19.05
2020-11-10,BPAC11,75.95
2020-11-10,BPAN4,8.4
2020-11-10,BRAP4,48.5
2020-11-10,BRDT3,22.6
2020-11-10,BRFS3,19.6
2020-11-10,BRKM5,25.42
2020-11-10,BRML3,10.04
2020-11-10,BTOW3,73.07
2020-11-10,CASH3,9.8
2020-11-10,CCRO3,12.5
2020-11-10,CEAB3,14.05
2020-11-10,CIEL3,3.75
2020-11-10,CMIG4,11.69
2020-11-10,COGN3,4.9
2020-11-10,CPFE3,30.79
2020-11-10,CPLE3,62.9
2020-11-10,CPLE6,69.3
2020-11-10,CRFB3,19.64
2020-11-10,CSAN3,76.27
2020-11-10,CSMG3,50.53
2020-11-10,CSNA3,20.01
2020-11-10,CURY3,10.83
2020-11-10,CVCB3,14.75
2020-11-10,CYRE3,26.3
2020-11-10,DIRR3,12.55
2020-11-10,ECOR3,11.89
2020-11-10,EGIE3,43.34
2020-11-10,ELET3,34.73
2020-11-10,ELET6,34.97
2020-11-10,EMBR3,7.32
2020-11-10,ENBR3,18.71
2020-11-10,ENEV3,57.17
2020-11-10,ENGI11,46.61
2020-11-10,EQTL3,21.99
2020-11-10,EZTC3,39.18
2020-11-10,FLRY3,27.49
2020-11-10,GGBR4,20.83
2020-11-10,GNDI3,69.36
2020-11-10,GOAU4,9.5
2020-11-10,GOLL4,20.78
2020-11-10,HAPV3,68.31
2020-11-10,HGTX3,18.99
2020-11-10,HYPE3,31.07
2020-11-10,IGTA3,37.69
2020-11-10,IRBR3,6.54
2020-11-10,ITSA4,10.77
2020-11-10,ITUB4,28.88
2020-11-10,JBSS3,20.94
2020-11-10,JHSF3,7.47
2020-11-10,KLBN11,23.3
2020-11-10,LAME4,25.11
2020-11-10,LCAM3,27.4
2020-11-10,LOGG3,36.5
2020-11-10,LREN3,48.52
2020-11-10,LWSA3,67.01
2020-11-10,MGLU3,25.22
2020-11-10,MRFG3,14.52
2020-11-10,MRVE3,19.83
2020-11-10,MULT3,24.04
2020-11-10,NTCO3,48.45
2020-11-10,PCAR3,67.08
2020-11-10,PETR3,23.64
2020-11-10,PETR4,23.08
2020-11-10,PETZ3,17.65
2020-11-10,POMO4,2.79
2020-11-10,PRIO3,34.53
2020-11-10,PSSA3,52.1
2020-11-10,QUAL3,34.02
2020-11-10,RADL3,25.59
2020-11-10,RAIL3,20.07
2020-11-10,RENT3,66.32
2020-11-10,SANB11,36.84
2020-11-10,SBSP3,46.74
2020-11-10,SLCE3,25.78
2020-11-10,SMLS3,16.96
2020-11-10,SMTO3,22.94
2020-11-10,SOMA3,11.29
2020-11-10,STBP3,4.35
2020-11-10,SULA11,42.52
2020-11-10,SUZB3,47.97
2020-11-10,TAEE11,30.61
2020-11-10,TEND3,30.46
2020-11-10,TIMS3,12.88
2020-11-10,TOTS3,27.37
2020-11-10,TRPL4,26.14
2020-11-10,UGPA3,21.7
2020-11-10,USIM5,10.94
2020-11-10,VALE3,63.16
2020-11-10,VIVA3,25.33
2020-11-10,VIVT3,45.44
2020-11-10,VIVT4,45.76
2020-11-10,VVAR3,17.84
2020-11-10,WEGE3,79.03
2020-11-10,YDUQ3,27.47
2020-11-11,ABEV3,14.9
2020-11-11,ALPA4,39.03
2020-11-11,ALSO3,26.87
2020-11-11,ARZZ3,65.49
2020-11-11,AZUL4,29.8
2020-11-11,B3SA3,55.4
2020-11-11,BBAS3,34.16
2020-11-11,BBDC3,21.93
2020-11-11,BBDC4,24.32
2020-11-11,BBSE3,26.97
2020-11-11,BEEF3,10.04
2020-11-11,BIDI11,56.5
2020-11-11,BIDI4,18.93
2020-11-11,BPAC11,79.99
2020-11-11,BPAN4,8.58
2020-11-11,BRAP4,48.94
2020-11-11,BRDT3,22.2
2020-11-11,BRFS3,19.28
2020-11-11,BRKM5,23.75
2020-11-11,BRML3,10.05
2020-11-11,BTOW3,74.73
2020-11-11,CASH3,9.85
2020-11-11,CCRO3,12.41
2020-11-11,CEAB3,13.7
2020-11-11,CIEL3,3.8
2020-11-11,CMIG4,11.29
2020-11-11,COGN3,4.71
2020-11-11,CPFE3,30.41
2020-11-11,CPLE3,59.88
2020-11-11,CPLE6,66.02
2020-11-11,CRFB3,19.2
2020-11-11,CSAN3,75.8
2020-11-11,CSMG3,50.02
2020-11-11,CSNA3,19.95
2020-11-11,CURY3,10.85
2020-11-11,CVCB3,14.27
2020-11-11,CYRE3,26.12
2020-11-11,DIRR3,12.42
2020-11-11,ECOR3,11.91
2020-11-11,EGIE3,43.29
2020-11-11,ELET3,34.34
2020-11-11,ELET6,34.67
2020-11-11,EMBR3,7.18
2020-11-11,ENBR3,18.78
2020-11-11,ENEV3,56.93
2020-11-11,ENGI11,46.18
2020-11-11,EQTL3,21.31
2020-11-11,EZTC3,38.84
2020-11-11,FLRY3,26.95
2020-11-11,GGBR4,20.93
2020-11-11,GNDI3,68.9
2020-11-11,GOAU4,9.6
2020-11-11,GOLL4,20.26
2020-11-11,HAPV3,68.5
2020-11-11,HGTX3,18.17
2020-11-11,HYPE3,29.9
2020-11-11,IGTA3,37.13
2020-11-11,IRBR3,6.41
2020-11-11,ITSA4,10.6
2020-11-11,ITUB4,28.64
2020-11-11,JBSS3,21.09
2020-11-11,JHSF3,7.53
2020-11-11,KLBN11,23.19
2020-11-11,LAME4,24.42
2020-11-11,LCAM3,27.35
2020-11-11,LOGG3,36.63
2020-11-11,LREN3,46.88
2020-11-11,LWSA3,66.85
2020-11-11,MGLU3,25.58
2020-11-11,MRFG3,14.96
2020-11-11,MRVE3,19.45
2020-11-11,MULT3,23.63
2020-11-11,NTCO3,49.44
2020-11-11,PCAR3,66.05
2020-11-11,PETR3,23.62
2020-11-11,PETR4,22.88
2020-11-11,PETZ3,17.51
2020-11-11,POMO4,2.73
2020-11-11,PRIO3,33.38
2020-11-11,PSSA3,49.81
2020-11-11,QUAL3,33.84
2020-11-11,RADL3,26.05
2020-11-11,RAIL3,20.04
2020-11-11,RENT3,66.22
2020-11-11,SANB11,36.0
2020-11-11,SBSP3,46.35
2020-11-11,SLCE3,25.84
2020-11-11,SMLS3,16.95
2020-11-11,SMTO3,22.94
2020-11-11,SOMA3,11.4
2020-11-11,STBP3,4.37
2020-11-11,SULA11,41.69
2020-11-11,SUZB3,48.35
2020-11-11,TAEE11,30.62
2020-11-11,TEND3,29.82
2020-11-11,TIMS3,12.67
2020-11-11,TOTS3,27.76
2020-11-11,TRPL4,26.02
2020-11-11,UGPA3,20.22
2020-11-11,USIM5,10.81
2020-11-11,VALE3,63.6
2020-11-11,VIVA3,25.54
2020-11-11,VIVT3,44.8
2020-11-11,VIVT4,44.96
2020-11-11,VVAR3,18.84
2020-11-11,WEGE3,80.59
2020-11-11,YDUQ3,26.89
2020-11-12,ABEV3,14.62
2020-11-12,ALPA4,38.88
2020-11-12,ALSO3,25.8
2020-11-12,ARZZ3,64.15
2020-11-12,AZUL4,27.9
2020-11-12,B3SA3,53.78
2020-11-12,BBAS3,32.73
2020-11-12,BBDC3,21.16
2020-11-12,BBDC4,23.36
2020-11-12,BBSE3,26.5
2020-11-12,BEEF3,10.03
2020-11-12,BIDI11,58.7
2020-11-12,BIDI4,19.61
2020-11-12,BPAC11,79.71
2020-11-12,BPAN4,8.64
2020-11-12,BRAP4,46.75
2020-11-12,BRDT3,21.51
2020-11-12,BRFS3,19.23
2020-11-12,BRKM5,23.63
2020-11-12,BRML3,9.6
2020-11-12,BTOW3,75.86
2020-11-12,CASH3,9.55
2020-11-12,CCRO3,11.7
2020-11-12,CEAB3,12.7
2020-11-12,CIEL3,3.69
2020-11-12,CMIG4,11.03
2020-11-12,COGN3,4.58
2020-11-12,CPFE3,29.7
2020-11-12,CPLE3,59.71
2020-11-12,CPLE6,65.72
2020-11-12,CRFB3,19.01
2020-11-12,CSAN3,74.84
2020-11-12,CSMG3,48.79
2020-11-12,CSNA3,19.52
2020-11-12,CURY3,10.6
2020-11-12,CVCB3,13.85
2020-11-12,CYRE3,24.78
2020-11-12,DIRR3,12.02
2020-11-12,ECOR3,11.33
2020-11-12,EGIE3,43.6
2020-11-12,ELET3,32.56
2020-11-12,ELET6,33.25
2020-11-12,EMBR3,7.02
2020-11-12,ENBR3,18.6
2020-11-12,ENEV3,55.99
2020-11-12,ENGI11,44.61
2020-11-12,EQTL3,20.76
2020-11-12,EZTC3,37.65
2020-11-12,FLRY3,26.5
2020-11-12,GGBR4,20.68
2020-11-12,GNDI3,69.33
2020-11-12,GOAU4,9.4
2020-11-12,GOLL4,19.06
2020-11-12,HAPV3,69.85
2020-11-12,HGTX3,17.4
2020-11-12,HYPE3,28.92
2020-11-12,IGTA3,35.56
2020-11-12,IRBR3,6.23
2020-11-12,ITSA4,10.47
2020-11-12,ITUB4,27.94
2020-11-12,JBSS3,20.99
2020-11-12,JHSF3,7.31
2020-11-12,KLBN11,23.4
2020-11-12,LAME4,23.93
2020-11-12,LCAM3,26.82
2020-11-12,LOGG3,35.88
2020-11-12,LREN3,45.38
2020-11-12,LWSA3,68.3
2020-11-12,MGLU3,25.48
2020-11-12,MRFG3,15.06
2020-11-12,MRVE3,18.62
2020-11-12,MULT3,22.99
2020-11-12,NTCO3,49.26
2020-11-12,PCAR3,66.38
2020-11-12,PETR3,22.65
2020-11-12,PETR4,21.91
2020-11-12,PETZ3,18.08
2020-11-12,POMO4,2.57
2020-11-12,PRIO3,32.06
2020-11-12,PSSA3,48.35
2020-11-12,QUAL3,33.11
2020-11-12,RADL3,25.33
2020-11-12,RAIL3,19.0
2020-11-12,RENT3,65.45
2020-11-12,RRRP3,20.9
2020-11-12,SANB11,35.0
2020-11-12,SBSP3,44.75
2020-11-12,SLCE3,25.69
2020-11-12,SMLS3,16.13
2020-11-12,SMTO3,23.24
2020-11-12,SOMA3,11.0
2020-11-12,STBP3,4.21
2020-11-12,SULA11,40.63
2020-11-12,SUZB3,48.57
2020-11-12,TAEE11,31.57
2020-11-12,TEND3,29.11
2020-11-12,TIMS3,12.54
2020-11-12,TOTS3,27.35
2020-11-12,TRPL4,25.9
2020-11-12,UGPA3,20.02
2020-11-12,USIM5,10.8
2020-11-12,VALE3,62.67
2020-11-12,VIVA3,24.24
2020-11-12,VIVT3,44.44
2020-11-12,VIVT4,44.57
2020-11-12,VVAR3,17.76
2020-11-12,WEGE3,80.8
2020-11-12,YDUQ3,25.82
2020-11-13,ABEV3,15.11
2020-11-13,ALPA4,39.76
2020-11-13,ALSO3,25.98
2020-11-13,ARZZ3,67.99
2020-11-13,AZUL4,29.0
2020-11-13,B3SA3,53.7
2020-11-13,BBAS3,33.05
2020-11-13,BBDC3,21.74
2020-11-13,BBDC4,24.19
2020-11-13,BBSE3,27.14
2020-11-13,BEEF3,9.94
2020-11-13,BIDI11,65.66
2020-11-13,BIDI4,21.91
2020-11-13,BPAC11,80.7
2020-11-13,BPAN4,8.87
2020-11-13,BRAP4,47.44
2020-11-13,BRDT3,21.59
2020-11-13,BRFS3,19.79
2020-11-13,BRKM5,24.7
2020-11-13,BRML3,9.6
2020-11-13,BTOW3,75.27
2020-11-13,CASH3,9.75
2020-11-13,CCRO3,11.75
2020-11-13,CEAB3,12.94
2020-11-13,CIEL3,3.7
2020-11-13,CMIG4,11.32
2020-11-13,COGN3,4.76
2020-11-13,CPFE3,30.6
2020-11-13,CPLE3,65.0
2020-11-13,CPLE6,68.57
2020-11-13,CRFB3,19.41
2020-11-13,CSAN3,78.44
2020-11-13,CSMG3,50.3
2020-11-13,CSNA3,19.29
2020-11-13,CURY3,10.6
2020-11-13,CVCB3,14.46
2020-11-13,CYRE3,25.79
2020-11-13,DIRR3,12.51
2020-11-13,ECOR3,11.52
2020-11-13,EGIE3,43.33
2020-11-13,ELET3,32.39
2020-11-13,ELET6,33.57
2020-11-13,EMBR3,7.45
2020-11-13,ENBR3,18.98
2020-11-13,ENEV3,56.99
2020-11-13,ENGI11,45.5
2020-11-13,EQTL3,21.14
2020-11-13,EZTC3,39.65
2020-11-13,FLRY3,27.42
2020-11-13,GGBR4,20.93
2020-11-13,GNDI3,74.5
2020-11-13,GOAU4,9.49
2020-11-13,GOLL4,19.56
2020-11-13,HAPV3,73.29
2020-11-13,HGTX3,17.79
2020-11-13,HYPE3,29.66
2020-11-13,IGTA3,35.15
2020-11-13,IRBR3,6.71
2020-11-13,ITSA4,10.65
2020-11-13,ITUB4,28.47
2020-11-13,JBSS3,21.18
2020-11-13,JHSF3,7.59
2020-11-13,KLBN11,24.44
2020-11-13,LAME4,24.05
2020-11-13,LCAM3,27.93
2020-11-13,LOGG3,36.77
2020-11-13,LREN3,45.67
2020-11-13,LWSA3,69.0
2020-11-13,MGLU3,25.1
2020-11-13,MRFG3,14.93
2020-11-13,MRVE3,19.92
2020-11-13,MULT3,22.45
2020-11-13,NTCO3,51.03
2020-11-13,PCAR3,69.6
2020-11-13,PETR3,23.18
2020-11-13,PETR4,22.63
2020-11-13,PETZ3,19.0
2020-11-13,POMO4,2.77
2020-11-13,PRIO3,34.0
2020-11-13,PSSA3,48.85
2020-11-13,QUAL3,35.03
2020-11-13,RADL3,27.03
2020-11-13,RAIL3,19.3
2020-11-13,RENT3,67.0
2020-11-13,RRRP3,20.8
2020-11-13,SANB11,35.73
2020-11-13,SBSP3,44.6
2020-11-13,SLCE3,26.13
2020-11-13,SMLS3,16.52
2020-11-13,SMTO3,23.45
2020-11-13,SOMA3,11.2
2020-11-13,STBP3,4.24
2020-11-13,SULA11,41.7
2020-11-13,SUZB3,51.94
2020-11-13,TAEE11,32.86
2020-11-13,TEND3,30.13
2020-11-13,TIMS3,13.02
2020-11-13,TOTS3,28.2
2020-11-13,TRPL4,26.23
2020-11-13,UGPA3,20.65
2020-11-13,USIM5,10.92
2020-11-13,VALE3,63.25
2020-11-13,VIVA3,25.82
2020-11-13,VIVT3,44.64
2020-11-13,VIVT4,44.62
2020-11-13,VVAR3,17.85
2020-11-13,WEGE3,82.87
2020-11-13,YDUQ3,28.34
2020-11-16,ABEV3,15.36
2020-11-16,ALPA4,40.56
2020-11-16,ALSO3,26.3
2020-11-16,ARZZ3,70.42
2020-11-16,AZUL4,32.15
2020-11-16,B3SA3,53.4
2020-11-16,BBAS3,33.9
2020-11-16,BBDC3,22.69
2020-11-16,BBDC4,25.25
2020-11-16,BBSE3,28.0
2020-11-16,BEEF3,9.86
2020-11-16,BIDI11,65.97
2020-11-16,BIDI4,21.72
2020-11-16,BPAC11,80.89
2020-11-16,BPAN4,9.2
2020-11-16,BRAP4,48.67
2020-11-16,BRDT3,21.87
2020-11-16,BRFS3,19.98
2020-11-16,BRKM5,23.93
2020-11-16,BRML3,9.8
2020-11-16,BTOW3,74.3
2020-11-16,CASH3,10.0
2020-11-16,CCRO3,12.25
2020-11-16,CEAB3,13.5
2020-11-16,CIEL3,3.77
2020-11-16,CMIG4,11.75
2020-11-16,COGN3,4.75
2020-11-16,CPFE3,30.26
2020-11-16,CPLE3,65.27
2020-11-16,CPLE6,69.74
2020-11-16,CRFB3,19.78
2020-11-16,CSAN3,79.93
2020-11-16,CSMG3,50.92
2020-11-16,CSNA3,19.75
2020-11-16,CURY3,11.1
2020-11-16,CVCB3,14.66
2020-11-16,CYRE3,26.27
2020-11-16,DIRR3,12.65
2020-11-16,ECOR3,11.77
2020-11-16,EGIE3,43.61
2020-11-16,ELET3,32.45
2020-11-16,ELET6,33.74
2020-11-16,EMBR3,8.05
2020-11-16,ENBR3,18.97
2020-11-16,ENEV3,57.1
2020-11-16,ENGI11,46.4
2020-11-16,EQTL3,21.33
2020-11-16,EZTC3,40.32
2020-11-16,FLRY3,27.55
2020-11-16,GGBR4,20.99
2020-11-16,GNDI3,73.98
2020-11-16,GOAU4,9.62
2020-11-16,GOLL4,21.22
2020-11-16,HAPV3,73.02
2020-11-16,HGTX3,18.18
2020-11-16,HYPE3,29.55
2020-11-16,IGTA3,35.51
2020-11-16,IRBR3,6.64
2020-11-16,ITSA4,10.88
2020-11-16,ITUB4,29.47
2020-11-16,JBSS3,21.14
2020-11-16,JHSF3,7.52
2020-11-16,KLBN11,24.12
2020-11-16,LAME4,23.58
2020-11-16,LCAM3,27.85
2020-11-16,LOGG3,37.3
2020-11-16,LREN3,47.5
2020-11-16,LWSA3,67.65
2020-11-16,MGLU3,24.85
2020-11-16,MRFG3,14.64
2020-11-16,MRVE3,20.89
2020-11-16,MULT3,22.72
2020-11-16,NTCO3,51.0
2020-11-16,PCAR3,69.08
2020-11-16,PETR3,23.93
2020-11-16,PETR4,23.29
2020-11-16,PETZ3,18.75
2020-11-16,POMO4,2.77
2020-11-16,PRIO3,34.65
2020-11-16,PSSA3,49.84
2020-11-16,QUAL3,34.5
2020-11-16,RADL3,27.03
2020-11-16,RAIL3,18.93
2020-11-16,RENT3,66.82
2020-11-16,RRRP3,21.0
2020-11-16,SANB11,38.32
2020-11-16,SBSP3,44.74
2020-11-16,SLCE3,25.85
2020-11-16,SMLS3,17.2
2020-11-16,SMTO3,23.91
2020-11-16,SOMA3,11.62
2020-11-16,STBP3,4.35
2020-11-16,SULA11,42.75
2020-11-16,SUZB3,53.09
2020-11-16,TAEE11,33.61
2020-11-16,TEND3,30.79
2020-11-16,TIMS3,13.29
2020-11-16,TOTS3,27.51
2020-11-16,TRPL4,26.6
2020-11-16,UGPA3,21.32
2020-11-16,USIM5,11.1
2020-11-16,VALE3,64.92
2020-11-16,VIVA3,25.57
2020-11-16,VIVT3,45.64
2020-11-16,VIVT4,45.46
2020-11-16,VVAR3,17.82
2020-11-16,WEGE3,81.58
2020-11-16,YDUQ3,28.64
2020-11-17,ABEV3,15.46
2020-11-17,ALPA4,40.55
2020-11-17,ALSO3,26.4
2020-11-17,ARZZ3,69.22
2020-11-17,AZUL4,32.85
2020-11-17,B3SA3,53.55
2020-11-17,BBAS3,34.2
2020-11-17,BBDC3,22.82
2020-11-17,BBDC4,25.4
2020-11-17,BBSE3,28.75
2020-11-17,BEEF3,9.8
2020-11-17,BIDI11,64.16
2020-11-17,BIDI4,21.42
2020-11-17,BPAC11,83.18
2020-11-17,BPAN4,9.24
2020-11-17,BRAP4,50.24
2020-11-17,BRDT3,21.69
2020-11-17,BRFS3,20.68
2020-11-17,BRKM5,24.05
2020-11-17,BRML3,9.79
2020-11-17,BTOW3,76.32
2020-11-17,CASH3,9.99
2020-11-17,CCRO3,12.63
2020-11-17,CEAB3,13.73
2020-11-17,CIEL3,3.73
2020-11-17,CMIG4,11.89
2020-11-17,COGN3,4.87
2020-11-17,CPFE3,31.03
2020-11-17,CPLE3,64.42
2020-11-17,CPLE6,69.03
2020-11-17,CRFB3,19.89
2020-11-17,CSAN3,79.5
2020-11-17,CSMG3,50.85
2020-11-17,CSNA3,19.95
2020-11-17,CURY3,10.94
2020-11-17,CVCB3,16.01
2020-11-17,CYRE3,27.04
2020-11-17,DIRR3,12.37
2020-11-17,ECOR3,12.01
2020-11-17,EGIE3,45.74
2020-11-17,ELET3,32.53
2020-11-17,ELET6,33.76
2020-11-17,EMBR3,8.1
2020-11-17,ENBR3,18.99
2020-11-17,ENEV3,56.47
2020-11-17,ENGI11,47.3
2020-11-17,EQTL3,21.64
2020-11-17,EZTC3,40.62
2020-11-17,FLRY3,27.46
2020-11-17,GGBR4,21.39
2020-11-17,GNDI3,71.8
2020-11-17,GOAU4,9.73
2020-11-17,GOLL4,21.28
2020-11-17,HAPV3,72.24
2020-11-17,HGTX3,18.19
2020-11-17,HYPE3,31.77
2020-11-17,IGTA3,36.22
2020-11-17,IRBR3,6.84
2020-11-17,ITSA4,10.91
2020-11-17,ITUB4,29.49
2020-11-17,JBSS3,21.2
2020-11-17,JHSF3,7.53
2020-11-17,KLBN11,23.69
2020-11-17,LAME4,23.87
2020-11-17,LCAM3,27.34
2020-11-17,LOGG3,37.0
2020-11-17,LREN3,48.85
2020-11-17,LWSA3,67.27
2020-11-17,MGLU3,24.73
2020-11-17,MRFG3,14.47
2020-11-17,MRVE3,20.13
2020-11-17,MULT3,23.09
2020-11-17,NTCO3,50.09
2020-11-17,PCAR3,68.65
2020-11-17,PETR3,24.2
2020-11-17,PETR4,23.69
2020-11-17,PETZ3,18.47
2020-11-17,POMO4,2.76
2020-11-17,PRIO3,35.27
2020-11-17,PSSA3,50.64
2020-11-17,QUAL3,34.26
2020-11-17,RADL3,26.47
2020-11-17,RAIL3,18.8
2020-11-17,RENT3,66.0
2020-11-17,RRRP3,20.99
2020-11-17,SANB11,39.03
2020-11-17,SBSP3,44.6
2020-11-17,SLCE3,25.6
2020-11-17,SMLS3,17.79
2020-11-17,SMTO3,24.44
2020-11-17,SOMA3,11.55
2020-11-17,STBP3,4.5
2020-11-17,SULA11,42.8
2020-11-17,SUZB3,51.3
2020-11-17,TAEE11,32.26
2020-11-17,TEND3,29.8
2020-11-17,TIMS3,13.54
2020-11-17,TOTS3,27.15
2020-11-17,TRPL4,26.55
2020-11-17,UGPA3,21.04
2020-11-17,USIM5,11.28
2020-11-17,VALE3,66.97
2020-11-17,VIVA3,26.1
2020-11-17,VIVT3,47.0
2020-11-17,VIVT4,46.66
2020-11-17,VVAR3,17.87
2020-11-17,WEGE3,81.69
2020-11-17,YDUQ3,28.96
2020-11-18,ABEV3,14.84
2020-11-18,ALPA4,39.81
2020-11-18,ALSO3,25.35
2020-11-18,ARZZ3,68.7
2020-11-18,AZUL4,34.3
2020-11-18,B3SA3,54.05
2020-11-18,BBAS3,34.28
2020-11-18,BBDC3,22.29
2020-11-18,BBDC4,24.62
2020-11-18,BBSE3,28.29
2020-11-18,BEEF3,10.15
2020-11-18,BIDI11,64.9
2020-11-18,BIDI4,21.62
2020-11-18,BPAC11,82.3
2020-11-18,BPAN4,9.31
2020-11-18,BRAP4,50.1
2020-11-18,BRDT3,21.18
2020-11-18,BRFS3,21.32
2020-11-18,BRKM5,23.59
2020-11-18,BRML3,9.58
2020-11-18,BTOW3,75.6
2020-11-18,CASH3,9.8
2020-11-18,CCRO3,12.62
2020-11-18,CEAB3,13.79
2020-11-18,CIEL3,3.76
2020-11-18,CMIG4,12.05
2020-11-18,COGN3,5.13
2020-11-18,CPFE3,30.88
2020-11-18,CPLE3,63.77
2020-11-18,CPLE6,68.25
2020-11-18,CRFB3,20.0
2020-11-18,CSAN3,79.25
2020-11-18,CSMG3,51.49
2020-11-18,CSNA3,19.62
2020-11-18,CURY3,10.42
2020-11-18,CVCB3,15.85
2020-11-18,CYRE3,25.91
2020-11-18,DIRR3,12.19
2020-11-18,ECOR3,11.79
2020-11-18,EGIE3,44.7
2020-11-18,ELET3,31.72
2020-11-18,ELET6,32.79
2020-11-18,EMBR3,8.05
2020-11-18,ENBR3,18.84
2020-11-18,ENEV3,56.5
2020-11-18,ENGI11,46.84
2020-11-18,EQTL3,21.01
2020-11-18,EZTC3,39.44
2020-11-18,FLRY3,27.03
2020-11-18,GGBR4,20.97
2020-11-18,GNDI3,71.0
2020-11-18,GOAU4,9.6
2020-11-18,GOLL4,21.94
2020-11-18,HAPV3,71.35
2020-11-18,HGTX3,17.67
2020-11-18,HYPE3,31.12
2020-11-18,IGTA3,34.66
2020-11-18,IRBR3,6.76
2020-11-18,ITSA4,10.7
2020-11-18,ITUB4,28.77
2020-11-18,JBSS3,21.63
2020-11-18,JHSF3,7.43
2020-11-18,KLBN11,23.72
2020-11-18,LAME4,24.39
2020-11-18,LCAM3,26.67
2020-11-18,LOGG3,37.44
2020-11-18,LREN3,47.12
2020-11-18,LWSA3,68.06
2020-11-18,MGLU3,24.54
2020-11-18,MRFG3,14.82
2020-11-18,MRVE3,19.65
2020-11-18,MULT3,22.12
2020-11-18,NTCO3,49.21
2020-11-18,PCAR3,69.2
2020-11-18,PETR3,24.23
2020-11-18,PETR4,23.55
2020-11-18,PETZ3,18.0
2020-11-18,POMO4,2.73
2020-11-18,PRIO3,35.4
2020-11-18,PSSA3,51.0
2020-11-18,QUAL3,34.22
2020-11-18,RADL3,26.07
2020-11-18,RAIL3,18.37
2020-11-18,RENT3,64.49
2020-11-18,RRRP3,20.9
2020-11-18,SANB11,38.77
2020-11-18,SBSP3,44.9
2020-11-18,SLCE3,25.39
2020-11-18,SMLS3,18.45
2020-11-18,SMTO3,24.35
2020-11-18,SOMA3,11.7
2020-11-18,STBP3,4.6
2020-11-18,SULA11,41.59
2020-11-18,SUZB3,50.74
2020-11-18,TAEE11,32.4
2020-11-18,TEND3,29.19
2020-11-18,TIMS3,13.83
2020-11-18,TOTS3,27.44
2020-11-18,TRPL4,26.31
2020-11-18,UGPA3,20.67
2020-11-18,USIM5,11.21
2020-11-18,VALE3,66.45
2020-11-18,VIVA3,26.25
2020-11-18,VIVT3,46.52
2020-11-18,VIVT4,46.69
2020-11-18,VVAR3,17.62
2020-11-18,WEGE3,81.09
2020-11-18,YDUQ3,30.5
2020-11-19,ABEV3,14.73
2020-11-19,ALPA4,40.02
2020-11-19,ALSO3,24.94
2020-11-19,ARZZ3,69.21
2020-11-19,AZUL4,35.68
2020-11-19,B3SA3,55.32
2020-11-19,BBAS3,34.62
2020-11-19,BBDC3,22.29
2020-11-19,BBDC4,24.64
2020-11-19,BBSE3,28.07
2020-11-19,BEEF3,9.94
2020-11-19,BIDI11,66.0
2020-11-19,BIDI4,21.94
2020-11-19,BPAC11,82.36
2020-11-19,BPAN4,9.33
2020-11-19,BRAP4,50.79
2020-11-19,BRDT3,21.01
2020-11-19,BRFS3,20.79
2020-11-19,BRKM5,23.26
2020-11-19,BRML3,9.46
2020-11-19,BTOW3,74.63
2020-11-19,CASH3,10.1
2020-11-19,CCRO3,12.7
2020-11-19,CEAB3,13.98
2020-11-19,CIEL3,3.77
2020-11-19,CMIG4,11.95
2020-11-19,COGN3,4.98
2020-11-19,CPFE3,30.77
2020-11-19,CPLE3,63.69
2020-11-19,CPLE6,68.24
2020-11-19,CRFB3,20.29
2020-11-19,CSAN3,80.01
2020-11-19,CSMG3,52.8
2020-11-19,CSNA3,20.29
2020-11-19,CURY3,10.55
2020-11-19,CVCB3,16.4
2020-11-19,CYRE3,26.58
2020-11-19,DIRR3,12.47
2020-11-19,ECOR3,11.91
2020-11-19,EGIE3,44.01
2020-11-19,ELET3,31.39
2020-11-19,ELET6,32.59
2020-11-19,EMBR3,8.08
2020-11-19,ENBR3,18.76
2020-11-19,ENEV3,56.89
2020-11-19,ENGI11,46.8
2020-11-19,EQTL3,21.12
2020-11-19,EZTC3,39.56
2020-11-19,FLRY3,27.33
2020-11-19,GGBR4,21.24
2020-11-19,GNDI3,70.39
2020-11-19,GOAU4,9.65
2020-11-19,GOLL4,23.02
2020-11-19,HAPV3,71.37
2020-11-19,HGTX3,17.4
2020-11-19,HYPE3,31.16
2020-11-19,IGTA3,34.6
2020-11-19,IRBR3,6.68
2020-11-19,ITSA4,10.72
2020-11-19,ITUB4,28.81
2020-11-19,JBSS3,21.84
2020-11-19,JHSF3,7.35
2020-11-19,KLBN11,23.35
2020-11-19,LAME4,24.26
2020-11-19,LCAM3,26.88
2020-11-19,LOGG3,37.0
2020-11-19,LREN3,46.94
2020-11-19,LWSA3,66.59
2020-11-19,MGLU3,24.64
2020-11-19,MRFG3,14.45
2020-11-19,MRVE3,19.33
2020-11-19,MULT3,22.0
2020-11-19,NTCO3,48.87
2020-11-19,PCAR3,69.82
2020-11-19,PETR3,24.45
2020-11-19,PETR4,23.82
2020-11-19,PETZ3,18.39
2020-11-19,POMO4,2.7
2020-11-19,PRIO3,46.0
2020-11-19,PSSA3,50.8
2020-11-19,QUAL3,34.51
2020-11-19,RADL3,25.86
2020-11-19,RAIL3,18.6
2020-11-19,RENT3,65.48
2020-11-19,RRRP3,20.9
2020-11-19,SANB11,39.13
2020-11-19,SBSP3,44.36
2020-11-19,SLCE3,24.76
2020-11-19,SMLS3,18.82
2020-11-19,SMTO3,24.49
2020-11-19,SOMA3,11.51
2020-11-19,STBP3,4.64
2020-11-19,SULA11,41.66
2020-11-19,SUZB3,50.21
2020-11-19,TAEE11,32.7
2020-11-19,TEND3,28.76
2020-11-19,TIMS3,13.9
2020-11-19,TOTS3,27.3
2020-11-19,TRPL4,26.44
2020-11-19,UGPA3,20.69
2020-11-19,USIM5,11.37
2020-11-19,VALE3,67.72
2020-11-19,VIVA3,26.29
2020-11-19,VIVT3,46.4
2020-11-19,VIVT4,46.39
2020-11-19,VVAR3,17.94
2020-11-19,WEGE3,80.93
2020-11-19,YDUQ3,29.77
2020-11-20,ABEV3,14.4
2020-11-20,ALPA4,39.82
2020-11-20,ALSO3,24.18
2020-11-20,ARZZ3,70.35
2020-11-20,AZUL4,34.63
2020-11-20,B3SA3,54.55
2020-11-20,BBAS3,34.25
2020-11-20,BBDC3,22.08
2020-11-20,BBDC4,24.37
2020-11-20,BBSE3,28.4
2020-11-20,BEEF3,9.94
2020-11-20,BIDI11,69.4
2020-11-20,BIDI4,23.0
2020-11-20,BPAC11,81.01
2020-11-20,BPAN4,9.26
2020-11-20,BRAP4,51.04
2020-11-20,BRDT3,20.68
2020-11-20,BRFS3,20.8
2020-11-20,BRKM5,23.02
2020-11-20,BRML3,9.2
2020-11-20,BTOW3,75.0
2020-11-20,CASH3,9.98
2020-11-20,CCRO3,12.38
2020-11-20,CEAB3,13.95
2020-11-20,CIEL3,3.9
2020-11-20,CMIG4,11.67
2020-11-20,COGN3,5.12
2020-11-20,CPFE3,30.34
2020-11-20,CPLE3,63.4
2020-11-20,CPLE6,66.98
2020-11-20,CRFB3,20.39
2020-11-20,CSAN3,82.03
2020-11-20,CSMG3,44.86
2020-11-20,CSNA3,19.99
2020-11-20,CURY3,10.89
2020-11-20,CVCB3,16.04
2020-11-20,CYRE3,26.49
2020-11-20,DIRR3,12.36
2020-11-20,ECOR3,11.5
2020-11-20,EGIE3,42.86
2020-11-20,ELET3,31.21
2020-11-20,ELET6,32.1
2020-11-20,EMBR3,7.9
2020-11-20,ENBR3,18.44
2020-11-20,ENEV3,55.82
2020-11-20,ENGI11,45.76
2020-11-20,EQTL3,20.74
2020-11-20,EZTC3,39.06
2020-11-20,FLRY3,27.27
2020-11-20,GGBR4,21.41
2020-11-20,GNDI3,69.88
2020-11-20,GOAU4,9.76
2020-11-20,GOLL4,22.12
2020-11-20,HAPV3,71.3
2020-11-20,HGTX3,17.25
2020-11-20,HYPE3,31.28
2020-11-20,IGTA3,33.7
2020-11-20,IRBR3,6.97
2020-11-20,ITSA4,10.63
2020-11-20,ITUB4,28.55
2020-11-20,JBSS3,21.99
2020-11-20,JHSF3,7.36
2020-11-20,KLBN11,23.42
2020-11-20,LAME4,24.03
2020-11-20,LCAM3,26.85
2020-11-20,LOGG3,36.34
2020-11-20,LREN3,45.44
2020-11-20,LWSA3,65.34
2020-11-20,MGLU3,24.2
2020-11-20,MRFG3,14.4
2020-11-20,MRVE3,19.38
2020-11-20,MULT3,21.51
2020-11-20,NTCO3,48.57
2020-11-20,PCAR3,73.0
2020-11-20,PETR3,24.3
2020-11-20,PETR4,23.65
2020-11-20,PETZ3,18.3
2020-11-20,POMO4,2.71
2020-11-20,PRIO3,43.21
2020-11-20,PSSA3,50.72
2020-11-20,QUAL3,34.46
2020-11-20,RADL3,26.65
2020-11-20,RAIL3,18.5
2020-11-20,RENT3,65.29
2020-11-20,RRRP3,20.9
2020-11-20,SANB11,37.84
2020-11-20,SBSP3,43.27
2020-11-20,SLCE3,25.0
2020-11-20,SMLS3,19.19
2020-11-20,SMTO3,25.07
2020-11-20,SOMA3,11.87
2020-11-20,STBP3,4.65
2020-11-20,SULA11,41.97
2020-11-20,SUZB3,51.23
2020-11-20,TAEE11,32.47
2020-11-20,TEND3,28.81
2020-11-20,TIMS3,13.77
2020-11-20,TOTS3,27.17
2020-11-20,TRPL4,26.32
2020-11-20,UGPA3,20.36
2020-11-20,USIM5,11.24
2020-11-20,VALE3,68.44
2020-11-20,VIVA3,26.29
2020-11-20,VIVT3,45.15
2020-11-20,VIVT4,45.34
2020-11-20,VVAR3,17.89
2020-11-20,WEGE3,80.0
2020-11-20,YDUQ3,30.13
2020-11-23,ABEV3,14.66
2020-11-23,ALPA4,40.63
2020-11-23,ALSO3,24.95
2020-11-23,ARZZ3,71.88
2020-11-23,AZUL4,35.62
2020-11-23,B3SA3,54.09
2020-11-23,BBAS3,34.52
2020-11-23,BBDC3,22.13
2020-11-23,BBDC4,24.48
2020-11-23,BBSE3,29.12
2020-11-23,BEEF3,10.04
2020-11-23,BIDI11,67.5
2020-11-23,BIDI4,22.63
2020-11-23,BPAC11,79.4
2020-11-23,BPAN4,9.32
2020-11-23,BRAP4,53.21
2020-11-23,BRDT3,20.35
2020-11-23,BRFS3,22.03
2020-11-23,BRKM5,23.55
2020-11-23,BRML3,9.33
2020-11-23,BTOW3,73.86
2020-11-23,CASH3,10.05
2020-11-23,CCRO3,12.3
2020-11-23,CEAB3,14.16
2020-11-23,CIEL3,3.77
2020-11-23,CMIG4,11.85
2020-11-23,COGN3,5.04
2020-11-23,CPFE3,30.11
2020-11-23,CPLE3,63.31
2020-11-23,CPLE6,66.91
2020-11-23,CRFB3,19.3
2020-11-23,CSAN3,84.76
2020-11-23,CSMG3,46.23
2020-11-23,CSNA3,21.35
2020-11-23,CURY3,11.1
2020-11-23,CVCB3,16.33
2020-11-23,CYRE3,26.09
2020-11-23,DIRR3,12.19
2020-11-23,ECOR3,11.5
2020-11-23,EGIE3,43.01
2020-11-23,ELET3,30.98
2020-11-23,ELET6,32.0
2020-11-23,EMBR3,8.21
2020-11-23,ENBR3,18.3
2020-11-23,ENEV3,59.38
2020-11-23,ENGI11,44.78
2020-11-23,EQTL3,20.65
2020-11-23,EZTC3,38.84
2020-11-23,FLRY3,27.26
2020-11-23,GGBR4,22.05
2020-11-23,GNDI3,71.48
2020-11-23,GOAU4,10.0
2020-11-23,GOLL4,22.71
2020-11-23,HAPV3,72.1
2020-11-23,HGTX3,17.09
2020-11-23,HYPE3,30.4
2020-11-23,IGTA3,34.25
2020-11-23,IRBR3,7.17
2020-11-23,ITSA4,10.71
2020-11-23,ITUB4,28.9
2020-11-23,JBSS3,22.33
2020-11-23,JHSF3,7.26
2020-11-23,KLBN11,23.45
2020-11-23,LAME4,23.7
2020-11-23,LCAM3,26.61
2020-11-23,LOGG3,34.76
2020-11-23,LREN3,45.58
2020-11-23,LWSA3,63.85
2020-11-23,MGLU3,23.42
2020-11-23,MRFG3,14.72
2020-11-23,MRVE3,19.85
2020-11-23,MULT3,21.93
2020-11-23,NTCO3,48.21
2020-11-23,PCAR3,70.1
2020-11-23,PETR3,25.48
2020-11-23,PETR4,25.1
2020-11-23,PETZ3,19.08
2020-11-23,POMO4,2.71
2020-11-23,PRIO3,46.51
2020-11-23,PSSA3,50.0
2020-11-23,QUAL3,34.65
2020-11-23,RADL3,26.32
2020-11-23,RAIL3,19.2
2020-11-23,RENT3,65.36
2020-11-23,RRRP3,21.02
2020-11-23,SANB11,38.82
2020-11-23,SBSP3,43.73
2020-11-23,SLCE3,25.61
2020-11-23,SMLS3,19.4
2020-11-23,SMTO3,25.7
2020-11-23,SOMA3,12.0
2020-11-23,STBP3,4.58
2020-11-23,SULA11,41.95
2020-11-23,SUZB3,50.62
2020-11-23,TAEE11,32.25
2020-11-23,TEND3,28.42
2020-11-23,TIMS3,13.73
2020-11-23,TOTS3,26.81
2020-11-23,TRPL4,26.43
2020-11-23,UGPA3,20.59
2020-11-23,USIM5,11.76
2020-11-23,VALE3,71.29
2020-11-23,VIVA3,25.99
2020-11-23,VIVT3,44.23
2020-11-23,VVAR3,17.8
2020-11-23,WEGE3,78.51
2020-11-23,YDUQ3,29.58
2020-11-24,ABEV3,14.75
2020-11-24,ALPA4,40.82
2020-11-24,ALSO3,26.34
2020-11-24,ARZZ3,71.93
2020-11-24,AZUL4,35.89
2020-11-24,B3SA3,55.7
2020-11-24,BBAS3,35.44
2020-11-24,BBDC3,22.94
2020-11-24,BBDC4,25.58
2020-11-24,BBSE3,29.38
2020-11-24,BEEF3,10.27
2020-11-24,BIDI11,68.15
2020-11-24,BIDI4,22.67
2020-11-24,BPAC11,79.41
2020-11-24,BPAN4,9.88
2020-11-24,BRAP4,55.7
2020-11-24,BRDT3,20.99
2020-11-24,BRFS3,22.37
2020-11-24,BRKM5,23.7
2020-11-24,BRML3,9.99
2020-11-24,BTOW3,74.1
2020-11-24,CASH3,10.05
2020-11-24,CCRO3,12.83
2020-11-24,CEAB3,14.07
2020-11-24,CIEL3,3.76
2020-11-24,CMIG4,12.28
2020-11-24,COGN3,5.02
2020-11-24,CPFE3,30.25
2020-11-24,CPLE3,64.11
2020-11-24,CPLE6,67.44
2020-11-24,CRFB3,19.2
2020-11-24,CSAN3,83.65
2020-11-24,CSMG3,46.28
2020-11-24,CSNA3,22.63
2020-11-24,CURY3,10.94
2020-11-24,CVCB3,16.35
2020-11-24,CYRE3,26.28
2020-11-24,DIRR3,12.58
2020-11-24,ECOR3,12.01
2020-11-24,EGIE3,42.74
2020-11-24,ELET3,32.09
2020-11-24,ELET6,32.63
2020-11-24,EMBR3,8.41
2020-11-24,ENBR3,18.52
2020-11-24,ENEV3,59.5
2020-11-24,ENGI11,45.0
2020-11-24,EQTL3,20.7
2020-11-24,EZTC3,38.8
2020-11-24,FLRY3,27.0
2020-11-24,GGBR4,22.62
2020-11-24,GNDI3,70.59
2020-11-24,GOAU4,10.3
2020-11-24,GOLL4,23.47
2020-11-24,HAPV3,71.92
2020-11-24,HGTX3,17.69
2020-11-24,HYPE3,31.41
2020-11-24,IGTA3,36.3
2020-11-24,IRBR3,7.06
2020-11-24,ITSA4,10.94
2020-11-24,ITUB4,29.71
2020-11-24,JBSS3,22.58
2020-11-24,JHSF3,7.55
2020-11-24,KLBN11,23.37
2020-11-24,LAME4,23.71
2020-11-24,LCAM3,27.16
2020-11-24,LOGG3,35.0
2020-11-24,LREN3,46.07
2020-11-24,LWSA3,63.84
2020-11-24,MGLU3,23.7
2020-11-24,MRFG3,14.92
2020-11-24,MRVE3,20.06
2020-11-24,MULT3,23.5
2020-11-24,NTCO3,48.29
2020-11-24,PCAR3,71.31
2020-11-24,PETR3,26.84
2020-11-24,PETR4,26.22
2020-11-24,PETZ3,18.67
2020-11-24,POMO4,2.74
2020-11-24,PRIO3,45.3
2020-11-24,PSSA3,49.4
2020-11-24,QUAL3,34.76
2020-11-24,RADL3,25.7
2020-11-24,RAIL3,18.94
2020-11-24,RENT3,65.6
2020-11-24,RRRP3,21.32
2020-11-24,SANB11,40.2
2020-11-24,SBSP3,43.57
2020-11-24,SLCE3,25.3
2020-11-24,SMLS3,19.66
2020-11-24,SMTO3,26.0
2020-11-24,SOMA3,12.5
2020-11-24,STBP3,4.66
2020-11-24,SULA11,43.07
2020-11-24,SUZB3,50.1
2020-11-24,TAEE11,32.77
2020-11-24,TEND3,27.99
2020-11-24,TIMS3,13.56
2020-11-24,TOTS3,26.32
2020-11-24,TRPL4,26.65
2020-11-24,UGPA3,20.52
2020-11-24,USIM5,12.48
2020-11-24,VALE3,74.8
2020-11-24,VIVA3,26.04
2020-11-24,VIVT3,44.15
2020-11-24,VVAR3,18.44
2020-11-24,WEGE3,76.94
2020-11-24,YDUQ3,31.25
2020-11-25,ABEV3,14.49
2020-11-25,ALPA4,42.1
2020-11-25,ALSO3,27.37
2020-11-25,ARZZ3,71.52
2020-11-25,AZUL4,36.0
2020-11-25,B3SA3,56.61
2020-11-25,BBAS3,35.34
2020-11-25,BBDC3,22.57
2020-11-25,BBDC4,25.25
2020-11-25,BBSE3,29.34
2020-11-25,BEEF3,10.19
2020-11-25,BIDI11,69.27
2020-11-25,BIDI4,23.18
2020-11-25,BPAC11,81.04
2020-11-25,BPAN4,9.88
2020-11-25,BRAP4,56.38
2020-11-25,BRDT3,21.04
2020-11-25,BRFS3,22.3
2020-11-25,BRKM5,23.95
2020-11-25,BRML3,10.16
2020-11-25,BTOW3,74.8
2020-11-25,CASH3,10.05
2020-11-25,CCRO3,12.79
2020-11-25,CEAB3,13.96
2020-11-25,CIEL3,3.74
2020-11-25,CMIG4,12.42
2020-11-25,COGN3,4.88
2020-11-25,CPFE3,30.22
2020-11-25,CPLE3,64.92
2020-11-25,CPLE6,68.62
2020-11-25,CRFB3,19.05
2020-11-25,CSAN3,84.47
2020-11-25,CSMG3,46.26
2020-11-25,CSNA3,23.2
2020-11-25,CURY3,11.25
2020-11-25,CVCB3,17.95
2020-11-25,CYRE3,26.84
2020-11-25,DIRR3,12.85
2020-11-25,ECOR3,12.13
2020-11-25,EGIE3,42.98
2020-11-25,ELET3,31.7
2020-11-25,ELET6,32.67
2020-11-25,EMBR3,8.31
2020-11-25,ENBR3,18.5
2020-11-25,ENEV3,59.21
2020-11-25,ENGI11,45.7
2020-11-25,EQTL3,21.64
2020-11-25,EZTC3,39.89
2020-11-25,FLRY3,27.04
2020-11-25,GGBR4,22.54
2020-11-25,GNDI3,72.35
2020-11-25,GOAU4,10.26
2020-11-25,GOLL4,23.56
2020-11-25,HAPV3,14.52
2020-11-25,HGTX3,17.65
2020-11-25,HYPE3,31.62
2020-11-25,IGTA3,36.91
2020-11-25,IRBR3,6.95
2020-11-25,ITSA4,10.79
2020-11-25,ITUB4,29.36
2020-11-25,JBSS3,22.68
2020-11-25,JHSF3,7.64
2020-11-25,KLBN11,23.3
2020-11-25,LAME4,23.65
2020-11-25,LCAM3,27.2
2020-11-25,LOGG3,35.29
2020-11-25,LREN3,46.4
2020-11-25,LWSA3,66.56
2020-11-25,MGLU3,24.0
2020-11-25,MRFG3,14.79
2020-11-25,MRVE3,19.86
2020-11-25,MULT3,23.74
2020-11-25,NTCO3,50.3
2020-11-25,PCAR3,70.45
2020-11-25,PETR3,26.66
2020-11-25,PETR4,26.25
2020-11-25,PETZ3,18.6
2020-11-25,POMO4,2.87
2020-11-25,PRIO3,48.0
2020-11-25,PSSA3,48.4
2020-11-25,QUAL3,34.96
2020-11-25,RADL3,25.63
2020-11-25,RAIL3,19.16
2020-11-25,RENT3,65.75
2020-11-25,RRRP3,23.12
2020-11-25,SANB11,40.32
2020-11-25,SBSP3,43.41
2020-11-25,SLCE3,25.21
2020-11-25,SMLS3,19.9
2020-11-25,SMTO3,25.92
2020-11-25,SOMA3,12.51
2020-11-25,STBP3,4.92
2020-11-25,SULA11,44.02
2020-11-25,SUZB3,50.53
2020-11-25,TAEE11,32.83
2020-11-25,TEND3,29.2
2020-11-25,TIMS3,13.46
2020-11-25,TOTS3,26.43
2020-11-25,TRPL4,26.91
2020-11-25,UGPA3,20.76
2020-11-25,USIM5,13.36
2020-11-25,VALE3,75.5
2020-11-25,VIVA3,26.99
2020-11-25,VIVT3,43.4
2020-11-25,VVAR3,18.7
2020-11-25,WEGE3,77.32
2020-11-25,YDUQ3,30.71
2020-11-26,ABEV3,14.42
2020-11-26,ALPA4,41.74
2020-11-26,ALSO3,27.4
2020-11-26,ARZZ3,71.2
2020-11-26,AZUL4,37.23
2020-11-26,B3SA3,57.0
2020-11-26,BBAS3,34.78
2020-11-26,BBDC3,22.18
2020-11-26,BBDC4,24.84
2020-11-26,BBSE3,29.42
2020-11-26,BEEF3,10.14
2020-11-26,BIDI11,70.13
2020-11-26,BIDI4,23.49
2020-11-26,BPAC11,81.45
2020-11-26,BPAN4,9.75
2020-11-26,BRAP4,57.71
2020-11-26,BRDT3,20.77
2020-11-26,BRFS3,21.95
2020-11-26,BRKM5,23.57
2020-11-26,BRML3,10.18
2020-11-26,BTOW3,75.75
2020-11-26,CASH3,10.1
2020-11-26,CCRO3,12.68
2020-11-26,CEAB3,13.98
2020-11-26,CIEL3,3.86
2020-11-26,CMIG4,12.31
2020-11-26,COGN3,5.09
2020-11-26,CPFE3,30.32
2020-11-26,CPLE3,64.98
2020-11-26,CPLE6,68.27
2020-11-26,CRFB3,19.47
2020-11-26,CSAN3,84.47
2020-11-26,CSMG3,15.34
2020-11-26,CSNA3,24.25
2020-11-26,CURY3,11.11
2020-11-26,CVCB3,18.26
2020-11-26,CYRE3,26.4
2020-11-26,DIRR3,12.8
2020-11-26,ECOR3,12.0
2020-11-26,EGIE3,43.11
2020-11-26,ELET3,32.36
2020-11-26,ELET6,33.3
2020-11-26,EMBR3,8.27
2020-11-26,ENBR3,18.82
2020-11-26,ENEV3,60.0
2020-11-26,ENGI11,46.28
2020-11-26,EQTL3,21.74
2020-11-26,EZTC3,40.34
2020-11-26,FLRY3,26.9
2020-11-26,GGBR4,22.97
2020-11-26,GNDI3,70.48
2020-11-26,GOAU4,10.45
2020-11-26,GOLL4,23.24
2020-11-26,HAPV3,14.25
2020-11-26,HGTX3,17.72
2020-11-26,HYPE3,31.84
2020-11-26,IGTA3,36.29
2020-11-26,IRBR3,7.07
2020-11-26,ITSA4,10.71
2020-11-26,ITUB4,28.74
2020-11-26,JBSS3,22.91
2020-11-26,JHSF3,7.48
2020-11-26,KLBN11,23.95
2020-11-26,LAME4,23.7
2020-11-26,LCAM3,27.1
2020-11-26,LOGG3,35.23
2020-11-26,LREN3,45.99
2020-11-26,LWSA3,67.84
2020-11-26,MGLU3,24.25
2020-11-26,MRFG3,14.93
2020-11-26,MRVE3,19.68
2020-11-26,MULT3,23.44
2020-11-26,NTCO3,50.41
2020-11-26,PCAR3,69.0
2020-11-26,PETR3,26.25
2020-11-26,PETR4,25.82
2020-11-26,PETZ3,19.0
2020-11-26,POMO4,2.85
2020-11-26,PRIO3,50.48
2020-11-26,PSSA3,48.06
2020-11-26,QUAL3,34.46
2020-11-26,RADL3,25.35
2020-11-26,RAIL3,19.46
2020-11-26,RENT3,65.44
2020-11-26,RRRP3,23.8
2020-11-26,SANB11,40.35
2020-11-26,SBSP3,44.88
2020-11-26,SLCE3,25.5
2020-11-26,SMLS3,19.81
2020-11-26,SMTO3,25.76
2020-11-26,SOMA3,12.86
2020-11-26,STBP3,4.84
2020-11-26,SULA11,44.19
2020-11-26,SUZB3,53.4
2020-11-26,TAEE11,33.09
2020-11-26,TEND3,29.63
2020-11-26,TIMS3,13.63
2020-11-26,TOTS3,27.22
2020-11-26,TRPL4,27.04
2020-11-26,UGPA3,20.78
2020-11-26,USIM5,13.9
2020-11-26,VALE3,76.57
2020-11-26,VIVA3,26.84
2020-11-26,VIVT3,43.96
2020-11-26,VVAR3,19.21
2020-11-26,WEGE3,77.7
2020-11-26,YDUQ3,31.58
2020-11-27,ABEV3,14.32
2020-11-27,ALPA4,42.16
2020-11-27,ALSO3,27.15
2020-11-27,ARZZ3,71.0
2020-11-27,AZUL4,36.89
2020-11-27,B3SA3,56.9
2020-11-27,BBAS3,34.61
2020-11-27,BBDC3,22.02
2020-11-27,BBDC4,24.64
2020-11-27,BBSE3,29.62
2020-11-27,BEEF3,10.13
2020-11-27,BIDI11,71.18
2020-11-27,BIDI4,23.6
2020-11-27,BPAC11,81.01
2020-11-27,BPAN4,9.64
2020-11-27,BRAP4,59.79
2020-11-27,BRDT3,21.14
2020-11-27,BRFS3,21.89
2020-11-27,BRKM5,23.44
2020-11-27,BRML3,10.23
2020-11-27,BTOW3,76.61
2020-11-27,CASH3,9.8
2020-11-27,CCRO3,12.92
2020-11-27,CEAB3,13.89
2020-11-27,CIEL3,3.76
2020-11-27,CMIG4,12.45
2020-11-27,COGN3,4.89
2020-11-27,CPFE3,30.6
2020-11-27,CPLE3,64.73
2020-11-27,CPLE6,67.88
2020-11-27,CRFB3,19.41
2020-11-27,CSAN3,82.2
2020-11-27,CSMG3,15.27
2020-11-27,CSNA3,24.01
2020-11-27,CURY3,11.3
2020-11-27,CVCB3,17.95
2020-11-27,CYRE3,27.33
2020-11-27,DIRR3,13.05
2020-11-27,ECOR3,12.06
2020-11-27,EGIE3,43.03
2020-11-27,ELET3,32.17
2020-11-27,ELET6,33.18
2020-11-27,EMBR3,8.25
2020-11-27,ENBR3,18.89
2020-11-27,ENEV3,59.3
2020-11-27,ENGI11,45.83
2020-11-27,EQTL3,22.14
2020-11-27,EZTC3,42.76
2020-11-27,FLRY3,26.94
2020-11-27,GGBR4,22.76
2020-11-27,GNDI3,69.5
2020-11-27,GOAU4,10.34
2020-11-27,GOLL4,22.96
2020-11-27,HAPV3,14.35
2020-11-27,HGTX3,17.97
2020-11-27,HYPE3,31.72
2020-11-27,IGTA3,36.98
2020-11-27,IRBR3,6.82
2020-11-27,ITSA4,10.87
2020-11-27,ITUB4,28.96
2020-11-27,JBSS3,23.07
2020-11-27,JHSF3,7.7
2020-11-27,KLBN11,24.83
2020-11-27,LAME4,23.64
2020-11-27,LCAM3,27.19
2020-11-27,LOGG3,35.1
2020-11-27,LREN3,46.35
2020-11-27,LWSA3,67.52
2020-11-27,MGLU3,24.19
2020-11-27,MRFG3,14.98
2020-11-27,MRVE3,19.56
2020-11-27,MULT3,23.5
2020-11-27,NTCO3,51.4
2020-11-27,PCAR3,69.45
2020-11-27,PETR3,25.9
2020-11-27,PETR4,25.5
2020-11-27,PETZ3,19.25
2020-11-27,POMO4,2.84
2020-11-27,PRIO3,51.75
2020-11-27,PSSA3,47.9
2020-11-27,QUAL3,34.12
2020-11-27,RADL3,25.68
2020-11-27,RAIL3,19.37
2020-11-27,RENT3,66.44
2020-11-27,RRRP3,24.0
2020-11-27,SANB11,40.42
2020-11-27,SBSP3,45.4
2020-11-27,SLCE3,27.82
2020-11-27,SMLS3,20.16
2020-11-27,SMTO3,27.05
2020-11-27,SOMA3,13.0
2020-11-27,STBP3,4.89
2020-11-27,SULA11,43.49
2020-11-27,SUZB3,55.53
2020-11-27,TAEE11,33.0
2020-11-27,TEND3,29.72
2020-11-27,TIMS3,14.1
2020-11-27,TOTS3,27.67
2020-11-27,TRPL4,27.18
2020-11-27,UGPA3,20.4
2020-11-27,USIM5,13.76
2020-11-27,VALE3,78.44
2020-11-27,VIVA3,26.51
2020-11-27,VIVT3,44.09
2020-11-27,VVAR3,18.49
2020-11-27,WEGE3,77.0
2020-11-27,YDUQ3,32.0
2020-11-30,ABEV3,13.98
2020-11-30,ALPA4,40.15
2020-11-30,ALSO3,26.25
2020-11-30,ARZZ3,69.45
2020-11-30,AZUL4,38.02
2020-11-30,B3SA3,56.13
2020-11-30,BBAS3,33.86
2020-11-30,BBDC3,21.65
2020-11-30,BBDC4,24.3
2020-11-30,BBSE3,28.56
2020-11-30,BEEF3,10.03
2020-11-30,BIDI11,72.88
2020-11-30,BIDI4,24.4
2020-11-30,BPAC11,79.22
2020-11-30,BPAN4,9.56
2020-11-30,BRAP4,58.1
2020-11-30,BRDT3,20.53
2020-11-30,BRFS3,22.03
2020-11-30,BRKM5,22.6
2020-11-30,BRML3,9.79
2020-11-30,BTOW3,70.4
2020-11-30,CASH3,9.81
2020-11-30,CCRO3,13.04
2020-11-30,CEAB3,13.32
2020-11-30,CIEL3,3.55
2020-11-30,CMIG4,12.63
2020-11-30,COGN3,4.69
2020-11-30,CPFE3,31.35
2020-11-30,CPLE3,65.17
2020-11-30,CPLE6,68.27
2020-11-30,CRFB3,20.11
2020-11-30,CSAN3,77.54
2020-11-30,CSMG3,14.86
2020-11-30,CSNA3,23.51
2020-11-30,CURY3,11.3
2020-11-30,CVCB3,18.23
2020-11-30,CYRE3,27.06
2020-11-30,DIRR3,12.52
2020-11-30,ECOR3,12.03
2020-11-30,EGIE3,42.34
2020-11-30,ELET3,31.06
2020-11-30,ELET6,32.0
2020-11-30,EMBR3,8.1
2020-11-30,ENBR3,18.55
2020-11-30,ENEV3,58.24
2020-11-30,ENGI11,46.54
2020-11-30,EQTL3,21.79
2020-11-30,EZTC3,40.95
2020-11-30,FLRY3,26.56
2020-11-30,GGBR4,22.6
2020-11-30,GNDI3,68.5
2020-11-30,GOAU4,10.26
2020-11-30,GOLL4,23.52
2020-11-30,HAPV3,14.42
2020-11-30,HGTX3,17.39
2020-11-30,HYPE3,32.11
2020-11-30,IGTA3,36.16
2020-11-30,IRBR3,6.63
2020-11-30,ITSA4,10.58
2020-11-30,ITUB4,28.56
2020-11-30,JBSS3,23.15
2020-11-30,JHSF3,7.34
2020-11-30,KLBN11,25.08
2020-11-30,LAME4,22.93
2020-11-30,LCAM3,27.24
2020-11-30,LOGG3,34.37
2020-11-30,LREN3,44.68
2020-11-30,LWSA3,66.14
2020-11-30,MGLU3,23.38
2020-11-30,MRFG3,14.68
2020-11-30,MRVE3,18.93
2020-11-30,MULT3,22.67
2020-11-30,NTCO3,50.41
2020-11-30,PCAR3,69.25
2020-11-30,PETR3,25.55
2020-11-30,PETR4,24.9
2020-11-30,PETZ3,19.0
2020-11-30,POMO4,2.78
2020-11-30,PRIO3,50.17
2020-11-30,PSSA3,47.4
2020-11-30,QUAL3,33.17
2020-11-30,RADL3,25.85
2020-11-30,RAIL3,18.96
2020-11-30,RENT3,67.22
2020-11-30,RRRP3,23.95
2020-11-30,SANB11,39.15
2020-11-30,SBSP3,44.54
2020-11-30,SLCE3,26.91
2020-11-30,SMLS3,19.89
2020-11-30,SMTO3,26.17
2020-11-30,SOMA3,12.91
2020-11-30,STBP3,4.89
2020-11-30,SULA11,42.82
2020-11-30,SUZB3,56.5
2020-11-30,TAEE11,33.11
2020-11-30,TEND3,28.6
2020-11-30,TIMS3,13.49
2020-11-30,TOTS3,26.75
2020-11-30,TRPL4,27.2
2020-11-30,UGPA3,20.33
2020-11-30,USIM5,13.65
2020-11-30,VALE3,78.0
2020-11-30,VIVA3,25.0
2020-11-30,VIVT3,44.75
2020-11-30,VVAR3,17.75
2020-11-30,WEGE3,73.57
2020-11-30,YDUQ3,33.02
2020-12-01,ABEV3,14.68
2020-12-01,ALPA4,38.66
2020-12-01,ALSO3,27.36
2020-12-01,ARZZ3,69.16
2020-12-01,AZUL4,38.94
2020-12-01,B3SA3,56.78
2020-12-01,BBAS3,34.79
2020-12-01,BBDC3,22.8
2020-12-01,BBDC4,25.66
2020-12-01,BBSE3,28.38
2020-12-01,BEEF3,9.83
2020-12-01,BIDI11,76.0
2020-12-01,BIDI4,25.77
2020-12-01,BPAC11,80.51
2020-12-01,BPAN4,9.9
2020-12-01,BRAP4,60.28
2020-12-01,BRDT3,21.0
2020-12-01,BRFS3,21.64
2020-12-01,BRKM5,23.42
2020-12-01,BRML3,10.2
2020-12-01,BTOW3,69.76
2020-12-01,CASH3,9.6
2020-12-01,CCRO3,13.67
2020-12-01,CEAB3,13.24
2020-12-01,CIEL3,3.6
2020-12-01,CMIG4,12.95
2020-12-01,COGN3,5.0
2020-12-01,CPFE3,30.69
2020-12-01,CPLE3,66.56
2020-12-01,CPLE6,69.94
2020-12-01,CRFB3,19.84
2020-12-01,CSAN3,76.74
2020-12-01,CSMG3,15.16
2020-12-01,CSNA3,23.96
2020-12-01,CURY3,11.33
2020-12-01,CVCB3,18.6
2020-12-01,CYRE3,28.79
2020-12-01,DIRR3,12.67
2020-12-01,ECOR3,12.9
2020-12-01,EGIE3,42.75
2020-12-01,ELET3,31.81
2020-12-01,ELET6,32.78
2020-12-01,EMBR3,8.21
2020-12-01,ENBR3,18.82
2020-12-01,ENEV3,59.16
2020-12-01,ENGI11,46.43
2020-12-01,EQTL3,21.96
2020-12-01,EZTC3,42.07
2020-12-01,FLRY3,25.82
2020-12-01,GGBR4,23.8
2020-12-01,GNDI3,70.07
2020-12-01,GOAU4,10.82
2020-12-01,GOLL4,23.87
2020-12-01,HAPV3,14.42
2020-12-01,HGTX3,17.62
2020-12-01,HYPE3,31.4
2020-12-01,IGTA3,38.07
2020-12-01,IRBR3,6.68
2020-12-01,ITSA4,11.04
2020-12-01,ITUB4,29.75
2020-12-01,JBSS3,23.49
2020-12-01,JHSF3,7.45
2020-12-01,KLBN11,25.51
2020-12-01,LAME4,22.99
2020-12-01,LCAM3,26.53
2020-12-01,LOGG3,34.63
2020-12-01,LREN3,44.92
2020-12-01,LWSA3,64.78
2020-12-01,MGLU3,22.88
2020-12-01,MRFG3,14.45
2020-12-01,MRVE3,19.89
2020-12-01,MULT3,24.04
2020-12-01,NTCO3,49.1
2020-12-01,PCAR3,67.83
2020-12-01,PETR3,26.3
2020-12-01,PETR4,25.6
2020-12-01,PETZ3,18.17
2020-12-01,POMO4,2.87
2020-12-01,PRIO3,53.45
2020-12-01,PSSA3,48.59
2020-12-01,QUAL3,33.18
2020-12-01,RADL3,24.98
2020-12-01,RAIL3,19.67
2020-12-01,RENT3,65.45
2020-12-01,RRRP3,24.0
2020-12-01,SANB11,41.95
2020-12-01,SBSP3,46.59
2020-12-01,SLCE3,27.02
2020-12-01,SMLS3,19.9
2020-12-01,SMTO3,25.91
2020-12-01,SOMA3,12.8
2020-12-01,STBP3,4.98
2020-12-01,SULA11,43.63
2020-12-01,SUZB3,57.46
2020-12-01,TAEE11,32.94
2020-12-01,TEND3,28.8
2020-12-01,TIMS3,13.78
2020-12-01,TOTS3,25.76
2020-12-01,TRPL4,26.99
2020-12-01,UGPA3,21.28
2020-12-01,USIM5,13.9
2020-12-01,VALE3,81.25
2020-12-01,VIVA3,25.46
2020-12-01,VIVT3,45.47
2020-12-01,VVAR3,17.15
2020-12-01,WEGE3,73.6
2020-12-01,YDUQ3,35.63
2020-12-02,ABEV3,14.88
2020-12-02,ALPA4,39.02
2020-12-02,ALSO3,27.5
2020-12-02,ARZZ3,70.85
2020-12-02,AZUL4,40.52
2020-12-02,B3SA3,59.6
2020-12-02,BBAS3,34.94
2020-12-02,BBDC3,22.99
2020-12-02,BBDC4,25.92
2020-12-02,BBSE3,28.54
2020-12-02,BEEF3,9.73
2020-12-02,BIDI11,74.83
2020-12-02,BIDI4,25.35
2020-12-02,BPAC11,79.9
2020-12-02,BPAN4,10.09
2020-12-02,BRAP4,59.08
2020-12-02,BRDT3,21.03
2020-12-02,BRFS3,21.4
2020-12-02,BRKM5,22.28
2020-12-02,BRML3,10.34
2020-12-02,BTOW3,68.5
2020-12-02,CASH3,10.05
2020-12-02,CCRO3,13.85
2020-12-02,CEAB3,13.51
2020-12-02,CIEL3,3.58
2020-12-02,CMIG4,13.01
2020-12-02,COGN3,5.17
2020-12-02,CPFE3,30.85
2020-12-02,CPLE3,66.85
2020-12-02,CPLE6,70.47
2020-12-02,CRFB3,19.4
2020-12-02,CSAN3,75.84
2020-12-02,CSMG3,15.58
2020-12-02,CSNA3,24.11
2020-12-02,CURY3,11.1
2020-12-02,CVCB3,19.34
2020-12-02,CYRE3,29.71
2020-12-02,DIRR3,12.93
2020-12-02,ECOR3,13.0
2020-12-02,EGIE3,42.7
2020-12-02,ELET3,33.2
2020-12-02,ELET6,34.1
2020-12-02,EMBR3,8.42
2020-12-02,ENBR3,18.91
2020-12-02,ENEV3,58.71
2020-12-02,ENGI11,46.95
2020-12-02,EQTL3,22.07
2020-12-02,EZTC3,41.89
2020-12-02,FLRY3,26.23
2020-12-02,GGBR4,23.44
2020-12-02,GNDI3,73.14
2020-12-02,GOAU4,10.74
2020-12-02,GOLL4,25.15
2020-12-02,HAPV3,14.78
2020-12-02,HGTX3,18.7
2020-12-02,HYPE3,31.54
2020-12-02,IGTA3,38.52
2020-12-02,IRBR3,6.76
2020-12-02,ITSA4,11.03
2020-12-02,ITUB4,29.98
2020-12-02,JBSS3,23.48
2020-12-02,JHSF3,8.04
2020-12-02,KLBN11,24.85
2020-12-02,LAME4,23.02
2020-12-02,LCAM3,26.64
2020-12-02,LOGG3,34.4
2020-12-02,LREN3,46.03
2020-12-02,LWSA3,63.24
2020-12-02,MGLU3,23.05
2020-12-02,MRFG3,14.46
2020-12-02,MRVE3,19.65
2020-12-02,MULT3,24.4
2020-12-02,NTCO3,49.35
2020-12-02,PCAR3,66.77
2020-12-02,PETR3,26.66
2020-12-02,PETR4,25.91
2020-12-02,PETZ3,18.69
2020-12-02,POMO4,2.94
2020-12-02,PRIO3,50.89
2020-12-02,PSSA3,48.8
2020-12-02,QUAL3,33.83
2020-12-02,RADL3,24.33
2020-12-02,RAIL3,20.0
2020-12-02,RENT3,65.57
2020-12-02,RRRP3,24.05
2020-12-02,SANB11,42.24
2020-12-02,SBSP3,48.34
2020-12-02,SLCE3,27.29
2020-12-02,SMLS3,20.82
2020-12-02,SMTO3,25.4
2020-12-02,SOMA3,13.1
2020-12-02,STBP3,4.89
2020-12-02,SULA11,44.1
2020-12-02,SUZB3,54.58
2020-12-02,TAEE11,32.6
2020-12-02,TEND3,30.28
2020-12-02,TIMS3,13.96
2020-12-02,TOTS3,25.69
2020-12-02,TRPL4,26.6
2020-12-02,UGPA3,20.81
2020-12-02,USIM5,13.82
2020-12-02,VALE3,79.84
2020-12-02,VIVA3,25.92
2020-12-02,VIVT3,44.2
2020-12-02,VVAR3,17.12
2020-12-02,WEGE3,73.23
2020-12-02,YDUQ3,36.55
2020-12-03,ABEV3,14.7
2020-12-03,ALPA4,39.4
2020-12-03,ALSO3,28.62
2020-12-03,ARZZ3,69.41
2020-12-03,AZUL4,42.28
2020-12-03,B3SA3,58.89
2020-12-03,BBAS3,35.24
2020-12-03,BBDC3,22.83
2020-12-03,BBDC4,25.58
2020-12-03,BBSE3,28.74
2020-12-03,BEEF3,9.81
2020-12-03,BIDI11,78.92
2020-12-03,BIDI4,26.7
2020-12-03,BPAC11,83.55
2020-12-03,BPAN4,9.96
2020-12-03,BRAP4,58.57
2020-12-03,BRDT3,21.26
2020-12-03,BRFS3,21.5
2020-12-03,BRKM5,22.05
2020-12-03,BRML3,10.71
2020-12-03,BTOW3,72.44
2020-12-03,CASH3,10.1
2020-12-03,CCRO3,14.24
2020-12-03,CEAB3,13.23
2020-12-03,CIEL3,3.78
2020-12-03,CMIG4,12.91
2020-12-03,COGN3,5.26
2020-12-03,CPFE3,31.59
2020-12-03,CPLE3,65.87
2020-12-03,CPLE6,69.99
2020-12-03,CRFB3,19.44
2020-12-03,CSAN3,75.98
2020-12-03,CSMG3,15.6
2020-12-03,CSNA3,23.22
2020-12-03,CURY3,11.17
2020-12-03,CVCB3,20.8
2020-12-03,CYRE3,30.52
2020-12-03,DIRR3,13.34
2020-12-03,ECOR3,13.43
2020-12-03,EGIE3,42.88
2020-12-03,ELET3,33.11
2020-12-03,ELET6,33.89
2020-12-03,EMBR3,9.35
2020-12-03,ENBR3,19.39
2020-12-03,ENEV3,55.0
2020-12-03,ENGI11,47.66
2020-12-03,EQTL3,22.56
2020-12-03,EZTC3,43.5
2020-12-03,FLRY3,27.23
2020-12-03,GGBR4,22.48
2020-12-03,GNDI3,73.83
2020-12-03,GOAU4,10.29
2020-12-03,GOLL4,27.36
2020-12-03,HAPV3,15.16
2020-12-03,HGTX3,18.29
2020-12-03,HYPE3,31.08
2020-12-03,IGTA3,39.27
2020-12-03,IRBR3,6.91
2020-12-03,ITSA4,11.19
2020-12-03,ITUB4,29.96
2020-12-03,JBSS3,23.26
2020-12-03,JHSF3,8.37
2020-12-03,KLBN11,24.05
2020-12-03,LAME4,23.65
2020-12-03,LCAM3,28.16
2020-12-03,LOGG3,33.63
2020-12-03,LREN3,46.38
2020-12-03,LWSA3,63.13
2020-12-03,MGLU3,23.3
2020-12-03,MRFG3,14.22
2020-12-03,MRVE3,20.62
2020-12-03,MULT3,25.15
2020-12-03,NTCO3,49.0
2020-12-03,PCAR3,71.64
2020-12-03,PETR3,27.2
2020-12-03,PETR4,26.64
2020-12-03,PETZ3,18.75
2020-12-03,POMO4,2.99
2020-12-03,PRIO3,51.6
2020-12-03,PSSA3,47.57
2020-12-03,QUAL3,35.26
2020-12-03,RADL3,24.31
2020-12-03,RAIL3,20.25
2020-12-03,RENT3,68.09
2020-12-03,RRRP3,24.5
2020-12-03,SANB11,41.31
2020-12-03,SBSP3,47.47
2020-12-03,SLCE3,27.09
2020-12-03,SMLS3,21.38
2020-12-03,SMTO3,25.25
2020-12-03,SOMA3,12.79
2020-12-03,STBP3,4.9
2020-12-03,SULA11,44.08
2020-12-03,SUZB3,51.98
2020-12-03,TAEE11,33.2
2020-12-03,TEND3,30.75
2020-12-03,TIMS3,14.25
2020-12-03,TOTS3,25.32
2020-12-03,TRPL4,26.94
2020-12-03,UGPA3,21.25
2020-12-03,USIM5,13.11
2020-12-03,VALE3,78.96
2020-12-03,VIVA3,26.38
2020-12-03,VIVT3,44.0
2020-12-03,VVAR3,17.21
2020-12-03,WEGE3,73.93
2020-12-03,YDUQ3,37.04
2020-12-04,ABEV3,14.74
2020-12-04,ALPA4,39.99
2020-12-04,ALSO3,28.24
2020-12-04,ARZZ3,70.9
2020-12-04,AZUL4,42.0
2020-12-04,B3SA3,58.77
2020-12-04,BBAS3,35.98
2020-12-04,BBDC3,22.95
2020-12-04,BBDC4,25.8
2020-12-04,BBSE3,28.73
2020-12-04,BEEF3,9.83
2020-12-04,BIDI11,79.87
2020-12-04,BIDI4,26.81
2020-12-04,BPAC11,82.75
2020-12-04,BPAN4,9.85
2020-12-04,BRAP4,61.2
2020-12-04,BRDT3,21.39
2020-12-04,BRFS3,21.2
2020-12-04,BRKM5,22.16
2020-12-04,BRML3,10.59
2020-12-04,BTOW3,78.0
2020-12-04,CASH3,10.26
2020-12-04,CCRO3,14.07
2020-12-04,CEAB3,13.5
2020-12-04,CIEL3,3.77
2020-12-04,CMIG4,12.66
2020-12-04,COGN3,5.2
2020-12-04,CPFE3,30.67
2020-12-04,CPLE3,66.26
2020-12-04,CPLE6,70.25
2020-12-04,CRFB3,19.39
2020-12-04,CSAN3,76.3
2020-12-04,CSMG3,15.42
2020-12-04,CSNA3,26.11
2020-12-04,CURY3,10.9
2020-12-04,CVCB3,20.54
2020-12-04,CYRE3,29.42
2020-12-04,DIRR3,13.1
2020-12-04,ECOR3,13.2
2020-12-04,EGIE3,42.85
2020-12-04,ELET3,34.25
2020-12-04,ELET6,34.56
2020-12-04,EMBR3,9.37
2020-12-04,ENBR3,19.2
2020-12-04,ENEV3,57.4
2020-12-04,ENGI11,47.17
2020-12-04,EQTL3,22.11
2020-12-04,EZTC3,43.02
2020-12-04,FLRY3,27.37
2020-12-04,GGBR4,22.94
2020-12-04,GNDI3,74.77
2020-12-04,GOAU4,10.54
2020-12-04,GOLL4,27.05
2020-12-04,HAPV3,15.33
2020-12-04,HGTX3,18.17
2020-12-04,HYPE3,31.45
2020-12-04,IGTA3,38.3
2020-12-04,IRBR3,6.89
2020-12-04,ITSA4,11.21
2020-12-04,ITUB4,30.26
2020-12-04,JBSS3,22.98
2020-12-04,JHSF3,8.32
2020-12-04,KLBN11,24.16
2020-12-04,LAME4,25.31
2020-12-04,LCAM3,27.76
2020-12-04,LOGG3,33.02
2020-12-04,LREN3,45.8
2020-12-04,LWSA3,62.8
2020-12-04,MGLU3,23.66
2020-12-04,MRFG3,14.22
2020-12-04,MRVE3,19.91
2020-12-04,MULT3,24.76
2020-12-04,NTCO3,49.15
2020-12-04,PCAR3,70.72
2020-12-04,PETR3,28.1
2020-12-04,PETR4,27.53
2020-12-04,PETZ3,18.88
2020-12-04,POMO4,3.02
2020-12-04,PRIO3,55.78
2020-12-04,PSSA3,47.67
2020-12-04,QUAL3,35.34
2020-12-04,RADL3,24.61
2020-12-04,RAIL3,20.64
2020-12-04,RENT3,67.02
2020-12-04,RRRP3,25.24
2020-12-04,SANB11,42.0
2020-12-04,SBSP3,46.38
2020-12-04,SLCE3,27.08
2020-12-04,SMLS3,21.73
2020-12-04,SMTO3,24.57
2020-12-04,SOMA3,12.92
2020-12-04,STBP3,5.18
2020-12-04,SULA11,43.93
2020-12-04,SUZB3,52.8
2020-12-04,TAEE11,32.67
2020-12-04,TEND3,30.35
2020-12-04,TIMS3,14.38
2020-12-04,TOTS3,26.11
2020-12-04,TRPL4,26.99
2020-12-04,UGPA3,22.0
2020-12-04,USIM5,14.02
2020-12-04,VALE3,81.98
2020-12-04,VIVA3,26.4
2020-12-04,VIVT3,43.8
2020-12-04,VVAR3,17.51
2020-12-04,WEGE3,71.8
2020-12-04,YDUQ3,36.67
2020-12-07,ABEV3,14.97
2020-12-07,ALPA4,39.13
2020-12-07,ALSO3,28.82
2020-12-07,ARZZ3,70.19
2020-12-07,AZUL4,41.89
2020-12-07,B3SA3,58.46
2020-12-07,BBAS3,36.5
2020-12-07,BBDC3,23.03
2020-12-07,BBDC4,25.97
2020-12-07,BBSE3,28.97
2020-12-07,BEEF3,10.01
2020-12-07,BIDI11,77.01
2020-12-07,BIDI4,25.86
2020-12-07,BPAC11,82.0
2020-12-07,BPAN4,9.9
2020-12-07,BRAP4,62.31
2020-12-07,BRDT3,20.77
2020-12-07,BRFS3,21.28
2020-12-07,BRKM5,22.02
2020-12-07,BRML3,10.61
2020-12-07,BTOW3,84.03
2020-12-07,CASH3,10.17
2020-12-07,CCRO3,13.7
2020-12-07,CEAB3,13.13
2020-12-07,CIEL3,3.78
2020-12-07,CMIG4,13.23
2020-12-07,COGN3,5.11
2020-12-07,CPFE3,30.85
2020-12-07,CPLE3,66.72
2020-12-07,CPLE6,70.83
2020-12-07,CRFB3,19.07
2020-12-07,CSAN3,71.76
2020-12-07,CSMG3,15.61
2020-12-07,CSNA3,26.25
2020-12-07,CURY3,10.9
2020-12-07,CVCB3,20.64
2020-12-07,CYRE3,29.67
2020-12-07,DIRR3,13.04
2020-12-07,ECOR3,12.98
2020-12-07,EGIE3,43.25
2020-12-07,ELET3,33.63
2020-12-07,ELET6,34.25
2020-12-07,EMBR3,9.37
2020-12-07,ENBR3,19.17
2020-12-07,ENEV3,56.4
2020-12-07,ENGI11,47.3
2020-12-07,EQTL3,22.01
2020-12-07,EZTC3,42.51
2020-12-07,FLRY3,27.1
2020-12-07,GGBR4,23.27
2020-12-07,GNDI3,73.47
2020-12-07,GOAU4,10.72
2020-12-07,GOLL4,27.94
2020-12-07,HAPV3,15.03
2020-12-07,HGTX3,18.12
2020-12-07,HYPE3,31.43
2020-12-07,IGTA3,38.62
2020-12-07,IRBR3,7.36
2020-12-07,ITSA4,11.26
2020-12-07,ITUB4,30.44
2020-12-07,JBSS3,22.85
2020-12-07,JHSF3,8.19
2020-12-07,KLBN11,23.91
2020-12-07,LAME4,25.44
2020-12-07,LCAM3,26.97
2020-12-07,LOGG3,33.25
2020-12-07,LREN3,45.02
2020-12-07,LWSA3,63.02
2020-12-07,MGLU3,23.8
2020-12-07,MRFG3,14.44
2020-12-07,MRVE3,19.56
2020-12-07,MULT3,24.9
2020-12-07,NTCO3,48.45
2020-12-07,PCAR3,69.71
2020-12-07,PETR3,27.47
2020-12-07,PETR4,27.0
2020-12-07,PETZ3,17.95
2020-12-07,POMO4,2.98
2020-12-07,PRIO3,55.52
2020-12-07,PSSA3,46.86
2020-12-07,QUAL3,34.95
2020-12-07,RADL3,24.17
2020-12-07,RAIL3,19.98
2020-12-07,RENT3,64.96
2020-12-07,RRRP3,26.43
2020-12-07,SANB11,42.97
2020-12-07,SBSP3,45.67
2020-12-07,SLCE3,26.61
2020-12-07,SMLS3,21.85
2020-12-07,SMTO3,24.98
2020-12-07,SOMA3,12.9
2020-12-07,STBP3,5.13
2020-12-07,SULA11,43.0
2020-12-07,SUZB3,52.75
2020-12-07,TAEE11,33.58
2020-12-07,TEND3,29.71
2020-12-07,TIMS3,14.14
2020-12-07,TOTS3,25.84
2020-12-07,TRPL4,27.8
2020-12-07,UGPA3,21.92
2020-12-07,USIM5,14.46
2020-12-07,VALE3,82.95
2020-12-07,VIVA3,26.4
2020-12-07,VIVT3,43.64
2020-12-07,VVAR3,17.43
2020-12-07,WEGE3,71.61
2020-12-07,YDUQ3,36.75
2020-12-08,ABEV3,15.05
2020-12-08,ALPA4,40.68
2020-12-08,ALSO3,28.76
2020-12-08,ARZZ3,70.14
2020-12-08,AZUL4,41.39
2020-12-08,B3SA3,58.12
2020-12-08,BBAS3,36.46
2020-12-08,BBDC3,22.78
2020-12-08,BBDC4,25.66
2020-12-08,BBSE3,28.65
2020-12-08,BEEF3,10.1
2020-12-08,BIDI11,77.8
2020-12-08,BIDI4,26.0
2020-12-08,BPAC11,82.54
2020-12-08,BPAN4,10.04
2020-12-08,BRAP4,62.15
2020-12-08,BRDT3,20.91
2020-12-08,BRFS3,23.13
2020-12-08,BRKM5,21.88
2020-12-08,BRML3,10.63
2020-12-08,BTOW3,83.75
2020-12-08,CASH3,10.4
2020-12-08,CCRO3,13.74
2020-12-08,CEAB3,13.26
2020-12-08,CIEL3,3.78
2020-12-08,CMIG4,13.05
2020-12-08,COGN3,5.12
2020-12-08,CPFE3,30.34
2020-12-08,CPLE3,65.51
2020-12-08,CPLE6,69.44
2020-12-08,CRFB3,19.25
2020-12-08,CSAN3,71.77
2020-12-08,CSMG3,15.67
2020-12-08,CSNA3,26.26
2020-12-08,CURY3,10.9
2020-12-08,CVCB3,21.0
2020-12-08,CYRE3,30.04
2020-12-08,DIRR3,13.1
2020-12-08,ECOR3,12.97
2020-12-08,EGIE3,43.16
2020-12-08,ELET3,35.62
2020-12-08,ELET6,35.96
2020-12-08,EMBR3,9.18
2020-12-08,ENBR3,19.15
2020-12-08,ENEV3,55.89
2020-12-08,ENGI11,46.8
2020-12-08,EQTL3,21.63
2020-12-08,EZTC3,42.55
2020-12-08,FLRY3,26.86
2020-12-08,GGBR4,23.07
2020-12-08,GNDI3,74.9
2020-12-08,GOAU4,10.54
2020-12-08,GOLL4,27.69
2020-12-08,HAPV3,15.31
2020-12-08,HGTX3,18.16
2020-12-08,HYPE3,32.64
2020-12-08,IGTA3,38.4
2020-12-08,IRBR3,7.53
2020-12-08,ITSA4,11.21
2020-12-08,ITUB4,30.36
2020-12-08,JBSS3,23.0
2020-12-08,JHSF3,8.21
2020-12-08,KLBN11,23.91
2020-12-08,LAME4,25.44
2020-12-08,LCAM3,27.32
2020-12-08,LOGG3,32.99
2020-12-08,LREN3,44.63
2020-12-08,LWSA3,63.72
2020-12-08,MGLU3,24.95
2020-12-08,MRFG3,14.46
2020-12-08,MRVE3,19.86
2020-12-08,MULT3,24.49
2020-12-08,NTCO3,48.83
2020-12-08,PCAR3,71.58
2020-12-08,PETR3,27.23
2020-12-08,PETR4,26.66
2020-12-08,PETZ3,18.2
2020-12-08,POMO4,3.03
2020-12-08,PRIO3,54.0
2020-12-08,PSSA3,48.12
2020-12-08,QUAL3,34.6
2020-12-08,RADL3,24.25
2020-12-08,RAIL3,19.81
2020-12-08,RENT3,65.96
2020-12-08,RRRP3,27.4
2020-12-08,SANB11,43.21
2020-12-08,SBSP3,45.16
2020-12-08,SLCE3,26.81
2020-12-08,SMLS3,22.45
2020-12-08,SMTO3,24.5
2020-12-08,SOMA3,13.16
2020-12-08,STBP3,5.12
2020-12-08,SULA11,42.99
2020-12-08,SUZB3,52.83
2020-12-08,TAEE11,33.4
2020-12-08,TEND3,30.02
2020-12-08,TIMS3,14.27
2020-12-08,TOTS3,26.37
2020-12-08,TRPL4,27.62
2020-12-08,UGPA3,22.36
2020-12-08,USIM5,13.84
2020-12-08,VALE3,82.9
2020-12-08,VIVA3,26.4
2020-12-08,VIVT3,44.31
2020-12-08,VVAR3,17.7
2020-12-08,WEGE3,72.7
2020-12-08,YDUQ3,36.63
2020-12-09,ABEV3,15.26
2020-12-09,ALPA4,39.77
2020-12-09,ALSO3,29.09
2020-12-09,ARZZ3,69.95
2020-12-09,AZUL4,40.89
2020-12-09,B3SA3,56.65
2020-12-09,BBAS3,35.96
2020-12-09,BBDC3,22.73
2020-12-09,BBDC4,25.73
2020-12-09,BBSE3,28.58
2020-12-09,BEEF3,9.92
2020-12-09,BIDI11,79.5
2020-12-09,BIDI4,26.76
2020-12-09,BPAC11,79.44
2020-12-09,BPAN4,10.02
2020-12-09,BRAP4,62.27
2020-12-09,BRDT3,20.95
2020-12-09,BRFS3,22.68
2020-12-09,BRKM5,21.72
2020-12-09,BRML3,10.63
2020-12-09,BTOW3,81.4
2020-12-09,CASH3,10.4
2020-12-09,CCRO3,13.15
2020-12-09,CEAB3,13.15
2020-12-09,CIEL3,3.69
2020-12-09,CMIG4,13.02
2020-12-09,COGN3,5.05
2020-12-09,CPFE3,30.4
2020-12-09,CPLE3,65.56
2020-12-09,CPLE6,69.4
2020-12-09,CRFB3,19.27
2020-12-09,CSAN3,70.0
2020-12-09,CSMG3,15.42
2020-12-09,CSNA3,25.82
2020-12-09,CURY3,10.64
2020-12-09,CVCB3,20.83
2020-12-09,CYRE3,29.47
2020-12-09,DIRR3,12.8
2020-12-09,ECOR3,12.68
2020-12-09,EGIE3,43.3
2020-12-09,ELET3,35.97
2020-12-09,ELET6,36.45
2020-12-09,EMBR3,8.97
2020-12-09,ENBR3,19.24
2020-12-09,ENEV3,56.47
2020-12-09,ENGI11,46.87
2020-12-09,EQTL3,21.25
2020-12-09,EZTC3,42.9
2020-12-09,FLRY3,26.69
2020-12-09,GGBR4,22.63
2020-12-09,GNDI3,75.25
2020-12-09,GOAU4,10.33
2020-12-09,GOLL4,27.31
2020-12-09,HAPV3,15.1
2020-12-09,HGTX3,18.18
2020-12-09,HYPE3,32.23
2020-12-09,IGTA3,39.21
2020-12-09,IRBR3,7.26
2020-12-09,ITSA4,11.27
2020-12-09,ITUB4,30.54
2020-12-09,JBSS3,22.6
2020-12-09,JHSF3,8.12
2020-12-09,KLBN11,23.75
2020-12-09,LAME4,24.34
2020-12-09,LCAM3,26.45
2020-12-09,LOGG3,32.97
2020-12-09,LREN3,44.54
2020-12-09,LWSA3,63.69
2020-12-09,MGLU3,23.98
2020-12-09,MRFG3,14.32
2020-12-09,MRVE3,19.68
2020-12-09,MULT3,24.84
2020-12-09,NTCO3,48.29
2020-12-09,PCAR3,71.72
2020-12-09,PETR3,27.26
2020-12-09,PETR4,26.94
2020-12-09,PETZ3,17.85
2020-12-09,POMO4,2.94
2020-12-09,PRIO3,54.45
2020-12-09,PSSA3,47.43
2020-12-09,QUAL3,34.45
2020-12-09,RADL3,24.25
2020-12-09,RAIL3,19.24
2020-12-09,RENT3,63.87
2020-12-09,RRRP3,27.92
2020-12-09,SANB11,42.95
2020-12-09,SBSP3,45.32
2020-12-09,SLCE3,26.43
2020-12-09,SMLS3,22.3
2020-12-09,SMTO3,24.77
2020-12-09,SOMA3,13.01
2020-12-09,STBP3,5.12
2020-12-09,SULA11,42.52
2020-12-09,SUZB3,52.48
2020-12-09,TAEE11,33.07
2020-12-09,TEND3,29.46
2020-12-09,TIMS3,14.32
2020-12-09,TOTS3,25.73
2020-12-09,TRPL4,27.64
2020-12-09,UGPA3,22.5
2020-12-09,USIM5,13.26
2020-12-09,VALE3,82.7
2020-12-09,VIVA3,25.66
2020-12-09,VIVT3,45.3
2020-12-09,VVAR3,17.21
2020-12-09,WEGE3,71.0
2020-12-09,YDUQ3,35.22
2020-12-10,ABEV3,15.69
2020-12-10,ALPA4,40.17
2020-12-10,ALSO3,29.81
2020-12-10,ARZZ3,69.6
2020-12-10,AZUL4,40.05
2020-12-10,B3SA3,58.21
2020-12-10,BBAS3,37.83
2020-12-10,BBDC3,23.72
2020-12-10,BBDC4,26.79
2020-12-10,BBSE3,29.47
2020-12-10,BEEF3,9.85
2020-12-10,BIDI11,81.79
2020-12-10,BIDI4,26.9
2020-12-10,BPAC11,80.34
2020-12-10,BPAN4,10.11
2020-12-10,BRAP4,64.28
2020-12-10,BRDT3,21.39
2020-12-10,BRFS3,22.11
2020-12-10,BRKM5,21.64
2020-12-10,BRML3,10.79
2020-12-10,BTOW3,81.5
2020-12-10,CASH3,10.75
2020-12-10,CCRO3,13.62
2020-12-10,CEAB3,13.37
2020-12-10,CIEL3,3.84
2020-12-10,CMIG4,13.24
2020-12-10,COGN3,5.22
2020-12-10,CPFE3,30.81
2020-12-10,CPLE3,66.22
2020-12-10,CPLE6,69.65
2020-12-10,CRFB3,19.1
2020-12-10,CSAN3,71.35
2020-12-10,CSMG3,15.66
2020-12-10,CSNA3,28.53
2020-12-10,CURY3,10.15
2020-12-10,CVCB3,21.0
2020-12-10,CYRE3,30.25
2020-12-10,DIRR3,12.71
2020-12-10,ECOR3,13.2
2020-12-10,EGIE3,43.32
2020-12-10,ELET3,36.62
2020-12-10,ELET6,36.89
2020-12-10,EMBR3,8.89
2020-12-10,ENBR3,19.3
2020-12-10,ENEV3,56.71
2020-12-10,ENGI11,47.72
2020-12-10,EQTL3,21.67
2020-12-10,EZTC3,43.3
2020-12-10,FLRY3,26.97
2020-12-10,GGBR4,23.0
2020-12-10,GNDI3,75.05
2020-12-10,GOAU4,10.5
2020-12-10,GOLL4,27.31
2020-12-10,HAPV3,15.26
2020-12-10,HGTX3,17.97
2020-12-10,HYPE3,32.15
2020-12-10,IGTA3,40.1
2020-12-10,IRBR3,7.38
2020-12-10,ITSA4,11.5
2020-12-10,ITUB4,31.55
2020-12-10,JBSS3,22.28
2020-12-10,JHSF3,8.1
2020-12-10,KLBN11,23.82
2020-12-10,LAME4,24.98
2020-12-10,LCAM3,26.45
2020-12-10,LOGG3,33.58
2020-12-10,LREN3,43.81
2020-12-10,LWSA3,64.83
2020-12-10,MGLU3,23.4
2020-12-10,MRFG3,14.29
2020-12-10,MRVE3,19.44
2020-12-10,MULT3,25.95
2020-12-10,NTCO3,47.91
2020-12-10,PCAR3,71.69
2020-12-10,PETR3,28.25
2020-12-10,PETR4,27.82
2020-12-10,PETZ3,17.45
2020-12-10,POMO4,2.93
2020-12-10,PRIO3,57.76
2020-12-10,PSSA3,48.57
2020-12-10,QUAL3,34.21
2020-12-10,RADL3,24.59
2020-12-10,RAIL3,19.3
2020-12-10,RDOR3,62.4
2020-12-10,RENT3,63.53
2020-12-10,RRRP3,28.11
2020-12-10,SANB11,43.95
2020-12-10,SBSP3,46.11
2020-12-10,SLCE3,26.37
2020-12-10,SMLS3,22.62
2020-12-10,SMTO3,25.0
2020-12-10,SOMA3,13.0
2020-12-10,STBP3,5.17
2020-12-10,SULA11,44.59
2020-12-10,SUZB3,50.55
2020-12-10,TAEE11,33.03
2020-12-10,TEND3,29.88
2020-12-10,TIMS3,14.22
2020-12-10,TOTS3,26.08
2020-12-10,TRPL4,28.08
2020-12-10,UGPA3,22.88
2020-12-10,USIM5,13.67
2020-12-10,VALE3,85.0
2020-12-10,VIVA3,25.65
2020-12-10,VIVT3,45.53
2020-12-10,VVAR3,17.02
2020-12-10,WEGE3,71.0
2020-12-10,YDUQ3,36.46
2020-12-11,ABEV3,15.5
2020-12-11,ALPA4,40.33
2020-12-11,ALSO3,29.81
2020-12-11,ARZZ3,69.61
2020-12-11,AZUL4,40.72
2020-12-11,B3SA3,58.84
2020-12-11,BBAS3,38.49
2020-12-11,BBDC3,23.69
2020-12-11,BBDC4,26.58
2020-12-11,BBSE3,29.95
2020-12-11,BEEF3,9.95
2020-12-11,BIDI11,86.49
2020-12-11,BIDI4,28.55
2020-12-11,BPAC11,81.6
2020-12-11,BPAN4,10.0
2020-12-11,BRAP4,64.29
2020-12-11,BRDT3,21.43
2020-12-11,BRFS3,22.03
2020-12-11,BRKM5,21.51
2020-12-11,BRML3,10.66
2020-12-11,BTOW3,78.6
2020-12-11,CASH3,12.5
2020-12-11,CCRO3,13.68
2020-12-11,CEAB3,13.15
2020-12-11,CIEL3,3.88
2020-12-11,CMIG4,13.69
2020-12-11,COGN3,5.3
2020-12-11,CPFE3,30.65
2020-12-11,CPLE3,68.28
2020-12-11,CPLE6,72.54
2020-12-11,CRFB3,19.58
2020-12-11,CSAN3,71.19
2020-12-11,CSMG3,16.14
2020-12-11,CSNA3,28.25
2020-12-11,CURY3,10.25
2020-12-11,CVCB3,21.45
2020-12-11,CYRE3,30.8
2020-12-11,DIRR3,12.78
2020-12-11,ECOR3,13.02
2020-12-11,EGIE3,44.91
2020-12-11,ELET3,38.69
2020-12-11,ELET6,38.45
2020-12-11,EMBR3,9.05
2020-12-11,ENBR3,19.73
2020-12-11,ENEV3,57.0
2020-12-11,ENGI11,49.07
2020-12-11,EQTL3,22.5
2020-12-11,EZTC3,44.05
2020-12-11,FLRY3,27.09
2020-12-11,GGBR4,22.96
2020-12-11,GNDI3,74.86
2020-12-11,GOAU4,10.49
2020-12-11,GOLL4,27.05
2020-12-11,HAPV3,15.17
2020-12-11,HGTX3,18.26
2020-12-11,HYPE3,32.5
2020-12-11,IGTA3,39.2
2020-12-11,IRBR3,7.28
2020-12-11,ITSA4,11.41
2020-12-11,ITUB4,31.3
2020-12-11,JBSS3,22.37
2020-12-11,JHSF3,8.1
2020-12-11,KLBN11,23.9
2020-12-11,LAME4,23.61
2020-12-11,LCAM3,26.24
2020-12-11,LOGG3,32.78
2020-12-11,LREN3,44.61
2020-12-11,LWSA3,63.6
2020-12-11,MGLU3,22.99
2020-12-11,MRFG3,14.32
2020-12-11,MRVE3,19.59
2020-12-11,MULT3,25.02
2020-12-11,NTCO3,48.07
2020-12-11,PCAR3,72.8
2020-12-11,PETR3,28.01
2020-12-11,PETR4,27.57
2020-12-11,PETZ3,17.71
2020-12-11,POMO4,2.92
2020-12-11,PRIO3,55.7
2020-12-11,PSSA3,49.66
2020-12-11,QUAL3,34.5
2020-12-11,RADL3,24.8
2020-12-11,RAIL3,18.77
2020-12-11,RDOR3,64.95
2020-12-11,RENT3,63.7
2020-12-11,RRRP3,29.46
2020-12-11,SANB11,44.46
2020-12-11,SBSP3,47.19
2020-12-11,SLCE3,26.39
2020-12-11,SMLS3,22.98
2020-12-11,SMTO3,25.26
2020-12-11,SOMA3,13.05
2020-12-11,STBP3,5.14
2020-12-11,SULA11,45.12
2020-12-11,SUZB3,51.42
2020-12-11,TAEE11,33.92
2020-12-11,TEND3,29.56
2020-12-11,TIMS3,14.54
2020-12-11,TOTS3,25.33
2020-12-11,TRPL4,28.61
2020-12-11,UGPA3,22.95
2020-12-11,USIM5,13.66
2020-12-11,VALE3,84.86
2020-12-11,VIVA3,25.85
2020-12-11,VIVT3,47.05
2020-12-11,VVAR3,16.82
2020-12-11,WEGE3,71.0
2020-12-11,YDUQ3,35.2
2020-12-14,ABEV3,15.32
2020-12-14,ALPA4,40.03
2020-12-14,ALSO3,30.25
2020-12-14,ARZZ3,70.18
2020-12-14,AZUL4,39.54
2020-12-14,B3SA3,58.28
2020-12-14,BBAS3,38.5
2020-12-14,BBDC3,23.74
2020-12-14,BBDC4,26.44
2020-12-14,BBSE3,29.85
2020-12-14,BEEF3,9.88
2020-12-14,BIDI11,88.34
2020-12-14,BIDI4,29.29
2020-12-14,BPAC11,86.08
2020-12-14,BPAN4,9.95
2020-12-14,BRAP4,63.05
2020-12-14,BRDT3,22.22
2020-12-14,BRFS3,21.82
2020-12-14,BRKM5,21.27
2020-12-14,BRML3,10.66
2020-12-14,BTOW3,78.11
2020-12-14,CASH3,13.5
2020-12-14,CCRO3,13.43
2020-12-14,CEAB3,13.36
2020-12-14,CIEL3,3.77
2020-12-14,CMIG4,13.59
2020-12-14,COGN3,5.01
2020-12-14,CPFE3,30.38
2020-12-14,CPLE3,68.25
2020-12-14,CPLE6,71.59
2020-12-14,CRFB3,19.45
2020-12-14,CSAN3,69.58
2020-12-14,CSMG3,15.87
2020-12-14,CSNA3,27.21
2020-12-14,CURY3,10.13
2020-12-14,CVCB3,21.86
2020-12-14,CYRE3,31.05
2020-12-14,DIRR3,13.0
2020-12-14,ECOR3,13.14
2020-12-14,EGIE3,44.23
2020-12-14,ELET3,38.13
2020-12-14,ELET6,37.86
2020-12-14,EMBR3,9.01
2020-12-14,ENBR3,19.51
2020-12-14,ENEV3,56.48
2020-12-14,ENGI11,48.66
2020-12-14,EQTL3,22.13
2020-12-14,EZTC3,45.26
2020-12-14,FLRY3,27.45
2020-12-14,GGBR4,22.81
2020-12-14,GNDI3,74.43
2020-12-14,GOAU4,10.46
2020-12-14,GOLL4,26.48
2020-12-14,HAPV3,15.14
2020-12-14,HGTX3,18.03
2020-12-14,HYPE3,32.0
2020-12-14,IGTA3,39.66
2020-12-14,IRBR3,7.35
2020-12-14,ITSA4,11.28
2020-12-14,ITUB4,30.88
2020-12-14,JBSS3,22.28
2020-12-14,JHSF3,8.17
2020-12-14,KLBN11,23.9
2020-12-14,LAME4,23.51
2020-12-14,LCAM3,26.21
2020-12-14,LOGG3,32.85
2020-12-14,LREN3,45.04
2020-12-14,LWSA3,67.1
2020-12-14,MGLU3,24.05
2020-12-14,MRFG3,14.27
2020-12-14,MRVE3,20.08
2020-12-14,MULT3,25.06
2020-12-14,NTCO3,48.65
2020-12-14,PCAR3,72.52
2020-12-14,PETR3,27.89
2020-12-14,PETR4,27.62
2020-12-14,PETZ3,17.96
2020-12-14,POMO4,2.87
2020-12-14,PRIO3,55.5
2020-12-14,PSSA3,49.05
2020-12-14,QUAL3,34.5
2020-12-14,RADL3,25.12
2020-12-14,RAIL3,18.55
2020-12-14,RDOR3,66.39
2020-12-14,RENT3,63.29
2020-12-14,RRRP3,32.0
2020-12-14,SANB11,43.87
2020-12-14,SBSP3,45.26
2020-12-14,SLCE3,26.29
2020-12-14,SMLS3,23.02
2020-12-14,SMTO3,25.53
2020-12-14,SOMA3,13.23
2020-12-14,STBP3,5.09
2020-12-14,SULA11,44.65
2020-12-14,SUZB3,51.66
2020-12-14,TAEE11,33.78
2020-12-14,TEND3,30.53
2020-12-14,TIMS3,14.61
2020-12-14,TOTS3,25.74
2020-12-14,TRPL4,28.85
2020-12-14,UGPA3,23.68
2020-12-14,USIM5,13.3
2020-12-14,VALE3,83.55
2020-12-14,VIVA3,26.57
2020-12-14,VIVT3,45.89
2020-12-14,VVAR3,16.83
2020-12-14,WEGE3,70.55
2020-12-14,YDUQ3,33.79
2020-12-15,ABEV3,15.56
2020-12-15,ALPA4,40.63
2020-12-15,ALSO3,30.35
2020-12-15,ARZZ3,70.42
2020-12-15,AZUL4,39.91
2020-12-15,B3SA3,58.88
2020-12-15,BBAS3,38.99
2020-12-15,BBDC3,23.87
2020-12-15,BBDC4,26.44
2020-12-15,BBSE3,29.93
2020-12-15,BEEF3,9.87
2020-12-15,BIDI11,90.8
2020-12-15,BIDI4,30.13
2020-12-15,BPAC11,88.35
2020-12-15,BPAN4,10.12
2020-12-15,BRAP4,64.13
2020-12-15,BRDT3,22.68
2020-12-15,BRFS3,21.8
2020-12-15,BRKM5,21.21
2020-12-15,BRML3,10.67
2020-12-15,BTOW3,78.48
2020-12-15,CASH3,14.7
2020-12-15,CCRO3,13.61
2020-12-15,CEAB3,13.65
2020-12-15,CIEL3,3.77
2020-12-15,CMIG4,13.48
2020-12-15,COGN3,4.87
2020-12-15,CPFE3,31.93
2020-12-15,CPLE3,67.98
2020-12-15,CPLE6,71.58
2020-12-15,CRFB3,19.79
2020-12-15,CSAN3,73.86
2020-12-15,CSMG3,15.99
2020-12-15,CSNA3,28.15
2020-12-15,CURY3,10.31
2020-12-15,CVCB3,21.86
2020-12-15,CYRE3,31.71
2020-12-15,DIRR3,13.3
2020-12-15,ECOR3,13.1
2020-12-15,EGIE3,44.25
2020-12-15,ELET3,38.7
2020-12-15,ELET6,38.51
2020-12-15,EMBR3,9.27
2020-12-15,ENBR3,19.86
2020-12-15,ENEV3,56.44
2020-12-15,ENGI11,49.75
2020-12-15,EQTL3,22.64
2020-12-15,EZTC3,45.1
2020-12-15,FLRY3,26.97
2020-12-15,GGBR4,23.8
2020-12-15,GNDI3,74.05
2020-12-15,GOAU4,10.83
2020-12-15,GOLL4,27.01
2020-12-15,HAPV3,15.18
2020-12-15,HGTX3,18.59
2020-12-15,HYPE3,33.79
2020-12-15,IGTA3,39.55
2020-12-15,IRBR3,7.25
2020-12-15,ITSA4,11.5
2020-12-15,ITUB4,31.16
2020-12-15,JBSS3,22.81
2020-12-15,JHSF3,8.14
2020-12-15,KLBN11,24.49
2020-12-15,LAME4,25.27
2020-12-15,LCAM3,26.51
2020-12-15,LOGG3,32.87
2020-12-15,LREN3,46.02
2020-12-15,LWSA3,67.05
2020-12-15,MGLU3,24.61
2020-12-15,MRFG3,14.13
2020-12-15,MRVE3,20.41
2020-12-15,MULT3,25.06
2020-12-15,NTCO3,49.0
2020-12-15,PCAR3,73.47
2020-12-15,PETR3,28.25
2020-12-15,PETR4,27.85
2020-12-15,PETZ3,18.1
2020-12-15,POMO4,2.87
2020-12-15,PRIO3,55.54
2020-12-15,PSSA3,50.06
2020-12-15,QUAL3,34.69
2020-12-15,RADL3,25.19
2020-12-15,RAIL3,19.5
2020-12-15,RDOR3,66.59
2020-12-15,RENT3,64.7
2020-12-15,RRRP3,34.34
2020-12-15,SANB11,44.27
2020-12-15,SBSP3,45.73
2020-12-15,SLCE3,26.4
2020-12-15,SMLS3,22.96
2020-12-15,SMTO3,25.69
2020-12-15,SOMA3,13.63
2020-12-15,STBP3,5.06
2020-12-15,SULA11,44.55
2020-12-15,SUZB3,53.5
2020-12-15,TAEE11,33.64
2020-12-15,TEND3,30.39
2020-12-15,TIMS3,14.39
2020-12-15,TOTS3,26.1
2020-12-15,TRPL4,28.83
2020-12-15,UGPA3,23.6
2020-12-15,USIM5,13.82
2020-12-15,VALE3,84.5
2020-12-15,VIVA3,26.36
2020-12-15,VIVT3,45.74
2020-12-15,VVAR3,17.02
2020-12-15,WEGE3,72.75
2020-12-15,YDUQ3,34.5
2020-12-16,ABEV3,15.82
2020-12-16,ALPA4,41.92
2020-12-16,ALSO3,30.29
2020-12-16,ARZZ3,70.84
2020-12-16,AZUL4,39.68
2020-12-16,B3SA3,60.55
2020-12-16,BBAS3,39.35
2020-12-16,BBDC3,24.43
2020-12-16,BBDC4,27.04
2020-12-16,BBSE3,30.26
2020-12-16,BEEF3,10.29
2020-12-16,BIDI11,93.75
2020-12-16,BIDI4,31.1
2020-12-16,BPAC11,90.8
2020-12-16,BPAN4,10.07
2020-12-16,BRAP4,64.85
2020-12-16,BRDT3,22.75
2020-12-16,BRFS3,22.14
2020-12-16,BRKM5,22.4
2020-12-16,BRML3,10.74
2020-12-16,BTOW3,81.49
2020-12-16,CASH3,16.0
2020-12-16,CCRO3,13.75
2020-12-16,CEAB3,13.61
2020-12-16,CIEL3,3.8
2020-12-16,CMIG4,13.48
2020-12-16,COGN3,4.92
2020-12-16,CPFE3,32.32
2020-12-16,CPLE3,68.95
2020-12-16,CPLE6,72.31
2020-12-16,CRFB3,19.8
2020-12-16,CSAN3,74.02
2020-12-16,CSMG3,16.09
2020-12-16,CSNA3,28.37
2020-12-16,CURY3,10.41
2020-12-16,CVCB3,21.86
2020-12-16,CYRE3,29.83
2020-12-16,DIRR3,13.3
2020-12-16,ECOR3,13.18
2020-12-16,EGIE3,45.45
2020-12-16,ELET3,37.4
2020-12-16,ELET6,37.42
2020-12-16,EMBR3,9.22
2020-12-16,ENBR3,19.86
2020-12-16,ENEV3,58.02
2020-12-16,ENGI11,50.63
2020-12-16,EQTL3,22.68
2020-12-16,EZTC3,45.58
2020-12-16,FLRY3,27.62
2020-12-16,GGBR4,23.78
2020-12-16,GNDI3,74.79
2020-12-16,GOAU4,10.9
2020-12-16,GOLL4,26.68
2020-12-16,HAPV3,15.43
2020-12-16,HGTX3,18.54
2020-12-16,HYPE3,34.59
2020-12-16,IGTA3,39.42
2020-12-16,IRBR3,7.47
2020-12-16,ITSA4,11.66
2020-12-16,ITUB4,31.75
2020-12-16,JBSS3,23.55
2020-12-16,JHSF3,8.09
2020-12-16,KLBN11,24.84
2020-12-16,LAME4,25.62
2020-12-16,LCAM3,26.84
2020-12-16,LOGG3,33.7
2020-12-16,LREN3,46.31
2020-12-16,LWSA3,67.98
2020-12-16,MGLU3,24.96
2020-12-16,MRFG3,14.59
2020-12-16,MRVE3,20.49
2020-12-16,MULT3,25.3
2020-12-16,NTCO3,50.9
2020-12-16,PCAR3,74.4
2020-12-16,PETR3,28.56
2020-12-16,PETR4,28.19
2020-12-16,PETZ3,17.99
2020-12-16,POMO4,2.92
2020-12-16,PRIO3,56.15
2020-12-16,PSSA3,49.75
2020-12-16,QUAL3,34.78
2020-12-16,RADL3,25.45
2020-12-16,RAIL3,19.52
2020-12-16,RDOR3,67.25
2020-12-16,RENT3,65.96
2020-12-16,RRRP3,34.0
2020-12-16,SANB11,45.08
2020-12-16,SBSP3,44.6
2020-12-16,SLCE3,26.87
2020-12-16,SMLS3,23.01
2020-12-16,SMTO3,25.65
2020-12-16,SOMA3,13.8
2020-12-16,STBP3,5.05
2020-12-16,SULA11,45.09
2020-12-16,SUZB3,54.37
2020-12-16,TAEE11,33.52
2020-12-16,TEND3,30.84
2020-12-16,TIMS3,14.25
2020-12-16,TOTS3,26.88
2020-12-16,TRPL4,28.86
2020-12-16,UGPA3,23.99
2020-12-16,USIM5,13.82
2020-12-16,VALE3,86.22
2020-12-16,VIVA3,26.69
2020-12-16,VIVT3,45.92
2020-12-16,VVAR3,17.1
2020-12-16,WEGE3,73.3
2020-12-16,YDUQ3,33.75
2020-12-17,ABEV3,16.06
2020-12-17,ALPA4,41.47
2020-12-17,ALSO3,30.21
2020-12-17,ARZZ3,70.22
2020-12-17,AZUL4,38.74
2020-12-17,B3SA3,60.45
2020-12-17,BBAS3,39.39
2020-12-17,BBDC3,24.74
2020-12-17,BBDC4,27.17
2020-12-17,BBSE3,30.26
2020-12-17,BEEF3,10.16
2020-12-17,BIDI11,96.85
2020-12-17,BIDI4,32.5
2020-12-17,BPAC11,91.57
2020-12-17,BPAN4,10.01
2020-12-17,BRAP4,65.76
2020-12-17,BRDT3,22.8
2020-12-17,BRFS3,21.84
2020-12-17,BRKM5,24.1
2020-12-17,BRML3,10.63
2020-12-17,BTOW3,79.95
2020-12-17,CASH3,15.9
2020-12-17,CCRO3,13.52
2020-12-17,CEAB3,13.45
2020-12-17,CIEL3,3.85
2020-12-17,CMIG4,13.81
2020-12-17,COGN3,4.82
2020-12-17,CPFE3,32.7
2020-12-17,CPLE3,68.24
2020-12-17,CPLE6,71.75
2020-12-17,CRFB3,19.88
2020-12-17,CSAN3,77.42
2020-12-17,CSMG3,15.99
2020-12-17,CSNA3,29.42
2020-12-17,CURY3,10.55
2020-12-17,CVCB3,21.14
2020-12-17,CYRE3,29.25
2020-12-17,DIRR3,13.09
2020-12-17,ECOR3,13.09
2020-12-17,EGIE3,44.87
2020-12-17,ELET3,36.84
2020-12-17,ELET6,36.93
2020-12-17,EMBR3,9.11
2020-12-17,ENBR3,19.84
2020-12-17,ENEV3,56.71
2020-12-17,ENGI11,50.64
2020-12-17,EQTL3,23.02
2020-12-17,EZTC3,44.88
2020-12-17,FLRY3,27.33
2020-12-17,GGBR4,24.4
2020-12-17,GNDI3,75.58
2020-12-17,GOAU4,11.09
2020-12-17,GOLL4,26.21
2020-12-17,HAPV3,15.5
2020-12-17,HGTX3,18.3
2020-12-17,HYPE3,34.7
2020-12-17,IGTA3,38.93
2020-12-17,IRBR3,7.34
2020-12-17,ITSA4,11.67
2020-12-17,ITUB4,31.71
2020-12-17,JBSS3,23.52
2020-12-17,JHSF3,8.01
2020-12-17,KLBN11,25.12
2020-12-17,LAME4,26.2
2020-12-17,LCAM3,27.51
2020-12-17,LOGG3,34.57
2020-12-17,LREN3,45.5
2020-12-17,LWSA3,70.79
2020-12-17,MGLU3,24.54
2020-12-17,MRFG3,14.42
2020-12-17,MRVE3,20.06
2020-12-17,MULT3,24.91
2020-12-17,NTCO3,51.14
2020-12-17,PCAR3,73.56
2020-12-17,PETR3,28.92
2020-12-17,PETR4,28.24
2020-12-17,PETZ3,18.2
2020-12-17,POMO4,2.9
2020-12-17,PRIO3,58.25
2020-12-17,PSSA3,49.66
2020-12-17,QUAL3,35.17
2020-12-17,RADL3,25.9
2020-12-17,RAIL3,19.8
2020-12-17,RDOR3,69.8
2020-12-17,RENT3,67.13
2020-12-17,RRRP3,33.4
2020-12-17,SANB11,44.0
2020-12-17,SBSP3,44.09
2020-12-17,SLCE3,26.85
2020-12-17,SMLS3,23.11
2020-12-17,SMTO3,25.74
2020-12-17,SOMA3,13.89
2020-12-17,STBP3,5.03
2020-12-17,SULA11,44.89
2020-12-17,SUZB3,54.96
2020-12-17,TAEE11,33.63
2020-12-17,TEND3,30.18
2020-12-17,TIMS3,14.41
2020-12-17,TOTS3,28.32
2020-12-17,TRPL4,27.86
2020-12-17,UGPA3,23.37
2020-12-17,USIM5,13.71
2020-12-17,VALE3,87.2
2020-12-17,VIVA3,27.93
2020-12-17,VIVT3,46.19
2020-12-17,VVAR3,16.97
2020-12-17,WEGE3,75.77
2020-12-17,YDUQ3,33.83
2020-12-18,ABEV3,15.86
2020-12-18,ALPA4,41.6
2020-12-18,ALSO3,29.54
2020-12-18,ARZZ3,68.44
2020-12-18,AZUL4,37.95
2020-12-18,B3SA3,60.1
2020-12-18,BBAS3,39.1
2020-12-18,BBDC3,24.55
2020-12-18,BBDC4,27.22
2020-12-18,BBSE3,29.6
2020-12-18,BEEF3,10.37
2020-12-18,BIDI11,95.67
2020-12-18,BIDI4,31.64
2020-12-18,BPAC11,90.07
2020-12-18,BPAN4,9.95
2020-12-18,BRAP4,66.53
2020-12-18,BRDT3,22.96
2020-12-18,BRFS3,22.07
2020-12-18,BRKM5,23.74
2020-12-18,BRML3,10.39
2020-12-18,BTOW3,78.66
2020-12-18,CASH3,15.3
2020-12-18,CCRO3,13.3
2020-12-18,CEAB3,13.3
2020-12-18,CIEL3,3.75
2020-12-18,CMIG4,13.96
2020-12-18,COGN3,4.78
2020-12-18,CPFE3,32.38
2020-12-18,CPLE3,68.79
2020-12-18,CPLE6,71.73
2020-12-18,CRFB3,19.48
2020-12-18,CSAN3,76.1
2020-12-18,CSMG3,16.05
2020-12-18,CSNA3,30.4
2020-12-18,CURY3,10.62
2020-12-18,CVCB3,20.59
2020-12-18,CYRE3,28.88
2020-12-18,DIRR3,12.99
2020-12-18,ECOR3,13.0
2020-12-18,EGIE3,44.91
2020-12-18,ELET3,36.86
2020-12-18,ELET6,36.84
2020-12-18,EMBR3,8.95
2020-12-18,ENBR3,19.72
2020-12-18,ENEV3,56.68
2020-12-18,ENGI11,50.6
2020-12-18,EQTL3,22.9
2020-12-18,EZTC3,43.98
2020-12-18,FLRY3,26.75
2020-12-18,GGBR4,24.83
2020-12-18,GNDI3,74.35
2020-12-18,GOAU4,11.38
2020-12-18,GOLL4,25.15
2020-12-18,HAPV3,15.2
2020-12-18,HGTX3,18.06
2020-12-18,HYPE3,33.89
2020-12-18,IGTA3,38.27
2020-12-18,IRBR3,7.39
2020-12-18,ITSA4,11.56
2020-12-18,ITUB4,31.66
2020-12-18,JBSS3,23.67
2020-12-18,JHSF3,7.85
2020-12-18,KLBN11,25.49
2020-12-18,LAME4,25.53
2020-12-18,LCAM3,27.48
2020-12-18,LOGG3,34.14
2020-12-18,LREN3,45.19
2020-12-18,LWSA3,74.17
2020-12-18,MGLU3,24.52
2020-12-18,MRFG3,14.63
2020-12-18,MRVE3,19.64
2020-12-18,MULT3,24.37
2020-12-18,NTCO3,51.18
2020-12-18,PCAR3,74.3
2020-12-18,PETR3,28.62
2020-12-18,PETR4,28.1
2020-12-18,PETZ3,18.74
2020-12-18,POMO4,2.91
2020-12-18,PRIO3,56.75
2020-12-18,PSSA3,49.3
2020-12-18,QUAL3,34.5
2020-12-18,RADL3,25.53
2020-12-18,RAIL3,19.38
2020-12-18,RDOR3,68.31
2020-12-18,RENT3,66.71
2020-12-18,RRRP3,34.05
2020-12-18,SANB11,43.84
2020-12-18,SBSP3,43.94
2020-12-18,SLCE3,26.68
2020-12-18,SMLS3,22.6
2020-12-18,SMTO3,26.05
2020-12-18,SOMA3,13.12
2020-12-18,STBP3,5.33
2020-12-18,SULA11,44.04
2020-12-18,SUZB3,56.43
2020-12-18,TAEE11,33.05
2020-12-18,TEND3,29.97
2020-12-18,TIMS3,14.44
2020-12-18,TOTS3,28.22
2020-12-18,TRPL4,27.74
2020-12-18,UGPA3,23.73
2020-12-18,USIM5,14.39
2020-12-18,VALE3,87.8
2020-12-18,VIVA3,27.63
2020-12-18,VIVT3,45.66
2020-12-18,VVAR3,16.82
2020-12-18,WEGE3,72.87
2020-12-18,YDUQ3,33.2
2020-12-21,ABEV3,15.42
2020-12-21,ALPA4,40.94
2020-12-21,ALSO3,28.89
2020-12-21,ARZZ3,67.96
2020-12-21,AZUL4,36.5
2020-12-21,B3SA3,59.0
2020-12-21,BBAS3,37.79
2020-12-21,BBDC3,23.95
2020-12-21,BBDC4,26.56
2020-12-21,BBSE3,28.97
2020-12-21,BEEF3,10.22
2020-12-21,BIDI11,97.43
2020-12-21,BIDI4,32.64
2020-12-21,BPAC11,90.71
2020-12-21,BPAN4,9.93
2020-12-21,BRAP4,65.19
2020-12-21,BRDT3,22.47
2020-12-21,BRFS3,21.81
2020-12-21,BRKM5,23.27
2020-12-21,BRML3,10.09
2020-12-21,BTOW3,77.1
2020-12-21,CASH3,15.4
2020-12-21,CCRO3,13.2
2020-12-21,CEAB3,13.09
2020-12-21,CIEL3,3.59
2020-12-21,CMIG4,13.5
2020-12-21,COGN3,4.64
2020-12-21,CPFE3,31.66
2020-12-21,CPLE3,68.15
2020-12-21,CPLE6,71.58
2020-12-21,CRFB3,18.97
2020-12-21,CSAN3,73.81
2020-12-21,CSMG3,15.85
2020-12-21,CSNA3,30.86
2020-12-21,CURY3,10.21
2020-12-21,CVCB3,19.78
2020-12-21,CYRE3,28.71
2020-12-21,DIRR3,12.66
2020-12-21,ECOR3,12.94
2020-12-21,EGIE3,43.5
2020-12-21,ELET3,35.98
2020-12-21,ELET6,36.0
2020-12-21,EMBR3,8.54
2020-12-21,ENBR3,19.5
2020-12-21,ENEV3,56.25
2020-12-21,ENGI11,49.04
2020-12-21,EQTL3,22.19
2020-12-21,EZTC3,43.15
2020-12-21,FLRY3,26.67
2020-12-21,GGBR4,24.39
2020-12-21,GNDI3,75.48
2020-12-21,GOAU4,11.15
2020-12-21,GOLL4,23.95
2020-12-21,HAPV3,15.05
2020-12-21,HGTX3,17.72
2020-12-21,HYPE3,33.3
2020-12-21,IGTA3,37.07
2020-12-21,IRBR3,7.15
2020-12-21,ITSA4,11.38
2020-12-21,ITUB4,31.1
2020-12-21,JBSS3,23.23
2020-12-21,JHSF3,7.69
2020-12-21,KLBN11,24.9
2020-12-21,LAME4,24.93
2020-12-21,LCAM3,27.05
2020-12-21,LOGG3,33.4
2020-12-21,LREN3,43.95
2020-12-21,LWSA3,72.57
2020-12-21,MGLU3,25.0
2020-12-21,MRFG3,14.43
2020-12-21,MRVE3,19.12
2020-12-21,MULT3,23.8
2020-12-21,NTCO3,49.74
2020-12-21,PCAR3,72.2
2020-12-21,PETR3,27.56
2020-12-21,PETR4,27.02
2020-12-21,PETZ3,18.35
2020-12-21,POMO4,2.83
2020-12-21,PRIO3,56.6
2020-12-21,PSSA3,48.09
2020-12-21,QUAL3,34.6
2020-12-21,RADL3,24.9
2020-12-21,RAIL3,19.25
2020-12-21,RDOR3,66.18
2020-12-21,RENT3,65.74
2020-12-21,RRRP3,33.48
2020-12-21,SANB11,43.36
2020-12-21,SBSP3,43.29
2020-12-21,SLCE3,27.13
2020-12-21,SMLS3,22.29
2020-12-21,SMTO3,25.76
2020-12-21,SOMA3,13.19
2020-12-21,STBP3,5.14
2020-12-21,SULA11,43.24
2020-12-21,SUZB3,55.22
2020-12-21,TAEE11,32.77
2020-12-21,TEND3,29.4
2020-12-21,TIMS3,14.27
2020-12-21,TOTS3,28.1
2020-12-21,TRPL4,27.46
2020-12-21,UGPA3,23.19
2020-12-21,USIM5,14.24
2020-12-21,VALE3,86.86
2020-12-21,VIVA3,26.85
2020-12-21,VIVT3,45.08
2020-12-21,VVAR3,16.15
2020-12-21,WEGE3,72.01
2020-12-21,YDUQ3,32.74
2020-12-22,ABEV3,15.51
2020-12-22,ALPA4,40.5
2020-12-22,ALSO3,28.04
2020-12-22,ARZZ3,67.9
2020-12-22,AZUL4,35.27
2020-12-22,B3SA3,60.28
2020-12-22,BBAS3,38.29
2020-12-22,BBDC3,24.33
2020-12-22,BBDC4,27.1
2020-12-22,BBSE3,29.16
2020-12-22,BEEF3,10.64
2020-12-22,BIDI11,100.87
2020-12-22,BIDI4,33.8
2020-12-22,BPAC11,93.6
2020-12-22,BPAN4,10.01
2020-12-22,BRAP4,64.48
2020-12-22,BRDT3,22.04
2020-12-22,BRFS3,22.22
2020-12-22,BRKM5,23.07
2020-12-22,BRML3,9.85
2020-12-22,BTOW3,75.97
2020-12-22,CASH3,15.5
2020-12-22,CCRO3,13.2
2020-12-22,CEAB3,12.83
2020-12-22,CIEL3,3.49
2020-12-22,CMIG4,13.85
2020-12-22,COGN3,4.5
2020-12-22,CPFE3,32.06
2020-12-22,CPLE3,68.91
2020-12-22,CPLE6,72.33
2020-12-22,CRFB3,19.19
2020-12-22,CSAN3,75.11
2020-12-22,CSMG3,16.12
2020-12-22,CSNA3,30.31
2020-12-22,CURY3,10.14
2020-12-22,CVCB3,18.53
2020-12-22,CYRE3,28.7
2020-12-22,DIRR3,12.48
2020-12-22,ECOR3,12.83
2020-12-22,EGIE3,43.26
2020-12-22,ELET3,35.4
2020-12-22,ELET6,35.61
2020-12-22,EMBR3,8.22
2020-12-22,ENBR3,19.51
2020-12-22,ENEV3,55.89
2020-12-22,ENGI11,49.5
2020-12-22,EQTL3,22.65
2020-12-22,EZTC3,43.1
2020-12-22,FLRY3,26.73
2020-12-22,GGBR4,24.06
2020-12-22,GNDI3,77.57
2020-12-22,GOAU4,10.9
2020-12-22,GOLL4,23.3
2020-12-22,HAPV3,15.21
2020-12-22,HGTX3,17.22
2020-12-22,HYPE3,33.4
2020-12-22,IGTA3,36.49
2020-12-22,IRBR3,7.19
2020-12-22,ITSA4,11.4
2020-12-22,ITUB4,31.25
2020-12-22,JBSS3,24.06
2020-12-22,JHSF3,7.47
2020-12-22,KLBN11,25.77
2020-12-22,LAME4,24.88
2020-12-22,LCAM3,26.73
2020-12-22,LOGG3,32.66
2020-12-22,LREN3,43.16
2020-12-22,LWSA3,73.85
2020-12-22,MGLU3,25.16
2020-12-22,MRFG3,14.93
2020-12-22,MRVE3,19.18
2020-12-22,MULT3,23.24
2020-12-22,NTCO3,50.05
2020-12-22,PCAR3,72.7
2020-12-22,PETR3,27.84
2020-12-22,PETR4,27.28
2020-12-22,PETZ3,18.9
2020-12-22,POMO4,2.77
2020-12-22,PRIO3,59.68
2020-12-22,PSSA3,48.04
2020-12-22,QUAL3,35.18
2020-12-22,RADL3,25.38
2020-12-22,RAIL3,19.15
2020-12-22,RDOR3,67.3
2020-12-22,RENT3,64.88
2020-12-22,RRRP3,34.5
2020-12-22,SANB11,44.38
2020-12-22,SBSP3,43.5
2020-12-22,SLCE3,28.07
2020-12-22,SMLS3,21.98
2020-12-22,SMTO3,26.5
2020-12-22,SOMA3,13.05
2020-12-22,STBP3,4.97
2020-12-22,SULA11,43.29
2020-12-22,SUZB3,57.68
2020-12-22,TAEE11,32.95
2020-12-22,TEND3,29.19
2020-12-22,TIMS3,14.34
2020-12-22,TOTS3,27.66
2020-12-22,TRPL4,27.54
2020-12-22,UGPA3,23.35
2020-12-22,USIM5,13.97
2020-12-22,VALE3,86.94
2020-12-22,VIVA3,27.26
2020-12-22,VIVT3,45.39
2020-12-22,VVAR3,15.94
2020-12-22,WEGE3,72.82
2020-12-22,YDUQ3,32.2
2020-12-23,ABEV3,15.5
2020-12-23,ALPA4,41.13
2020-12-23,ALSO3,28.24
2020-12-23,ARZZ3,67.46
2020-12-23,AZUL4,37.7
2020-12-23,B3SA3,59.99
2020-12-23,BBAS3,38.92
2020-12-23,BBDC3,24.85
2020-12-23,BBDC4,27.72
2020-12-23,BBSE3,29.13
2020-12-23,BEEF3,10.37
2020-12-23,BIDI11,99.78
2020-12-23,BIDI4,33.27
2020-12-23,BPAC11,92.79
2020-12-23,BPAN4,9.96
2020-12-23,BRAP4,64.71
2020-12-23,BRDT3,22.1
2020-12-23,BRFS3,22.39
2020-12-23,BRKM5,23.24
2020-12-23,BRML3,10.01
2020-12-23,BTOW3,75.6
2020-12-23,CASH3,15.25
2020-12-23,CCRO3,13.44
2020-12-23,CEAB3,12.8
2020-12-23,CIEL3,3.53
2020-12-23,CMIG4,14.18
2020-12-23,COGN3,4.6
2020-12-23,CPFE3,31.86
2020-12-23,CPLE3,70.71
2020-12-23,CPLE6,74.51
2020-12-23,CRFB3,19.22
2020-12-23,CSAN3,74.11
2020-12-23,CSMG3,16.53
2020-12-23,CSNA3,30.86
2020-12-23,CURY3,10.24
2020-12-23,CVCB3,18.94
2020-12-23,CYRE3,28.8
2020-12-23,DIRR3,12.28
2020-12-23,ECOR3,13.15
2020-12-23,EGIE3,43.66
2020-12-23,ELET3,36.04
2020-12-23,ELET6,36.13
2020-12-23,EMBR3,8.56
2020-12-23,ENBR3,19.54
2020-12-23,ENEV3,58.22
2020-12-23,ENGI11,49.9
2020-12-23,EQTL3,22.67
2020-12-23,EZTC3,42.49
2020-12-23,FLRY3,26.56
2020-12-23,GGBR4,24.24
2020-12-23,GNDI3,77.3
2020-12-23,GOAU4,11.07
2020-12-23,GOLL4,24.54
2020-12-23,HAPV3,15.03
2020-12-23,HGTX3,17.17
2020-12-23,HYPE3,33.65
2020-12-23,IGTA3,36.96
2020-12-23,IRBR3,7.24
2020-12-23,ITSA4,11.67
2020-12-23,ITUB4,31.94
2020-12-23,JBSS3,23.78
2020-12-23,JHSF3,7.5
2020-12-23,KLBN11,25.27
2020-12-23,LAME4,25.16
2020-12-23,LCAM3,27.76
2020-12-23,LOGG3,33.01
2020-12-23,LREN3,43.72
2020-12-23,LWSA3,76.9
2020-12-23,MGLU3,24.97
2020-12-23,MRFG3,14.68
2020-12-23,MRVE3,19.02
2020-12-23,MULT3,23.74
2020-12-23,NTCO3,51.69
2020-12-23,PCAR3,72.71
2020-12-23,PETR3,28.44
2020-12-23,PETR4,27.95
2020-12-23,PETZ3,19.0
2020-12-23,POMO4,2.82
2020-12-23,PRIO3,66.13
2020-12-23,PSSA3,48.28
2020-12-23,QUAL3,35.78
2020-12-23,RADL3,24.95
2020-12-23,RAIL3,19.2
2020-12-23,RDOR3,68.14
2020-12-23,RENT3,66.6
2020-12-23,RRRP3,36.0
2020-12-23,SANB11,45.23
2020-12-23,SBSP3,45.14
2020-12-23,SLCE3,27.74
2020-12-23,SMLS3,22.8
2020-12-23,SMTO3,26.31
2020-12-23,SOMA3,13.52
2020-12-23,STBP3,5.1
2020-12-23,SULA11,43.27
2020-12-23,SUZB3,56.37
2020-12-23,TAEE11,33.14
2020-12-23,TEND3,28.99
2020-12-23,TIMS3,14.51
2020-12-23,TOTS3,27.81
2020-12-23,TRPL4,27.8
2020-12-23,UGPA3,23.7
2020-12-23,USIM5,14.62
2020-12-23,VALE3,87.36
2020-12-23,VIVA3,27.65
2020-12-23,VIVT3,45.49
2020-12-23,VVAR3,16.13
2020-12-23,WEGE3,72.62
2020-12-23,YDUQ3,32.91
2020-12-28,ABEV3,15.77
2020-12-28,ALPA4,41.87
2020-12-28,ALSO3,29.35
2020-12-28,ARZZ3,68.6
2020-12-28,AZUL4,37.77
2020-12-28,B3SA3,61.5
2020-12-28,BBAS3,39.35
2020-12-28,BBDC3,25.06
2020-12-28,BBDC4,27.99
2020-12-28,BBSE3,29.73
2020-12-28,BEEF3,10.29
2020-12-28,BIDI11,102.2
2020-12-28,BIDI4,34.08
2020-12-28,BPAC11,95.51
2020-12-28,BPAN4,10.1
2020-12-28,BRAP4,64.66
2020-12-28,BRDT3,22.16
2020-12-28,BRFS3,22.45
2020-12-28,BRKM5,23.03
2020-12-28,BRML3,10.25
2020-12-28,BTOW3,77.04
2020-12-28,CASH3,15.3
2020-12-28,CCRO3,13.46
2020-12-28,CEAB3,12.83
2020-12-28,CIEL3,3.81
2020-12-28,CMIG4,14.52
2020-12-28,COGN3,4.6
2020-12-28,CPFE3,32.21
2020-12-28,CPLE3,72.83
2020-12-28,CPLE6,76.25
2020-12-28,CRFB3,19.47
2020-12-28,CSAN3,76.56
2020-12-28,CSMG3,16.47
2020-12-28,CSNA3,31.04
2020-12-28,CURY3,10.3
2020-12-28,CVCB3,19.68
2020-12-28,CYRE3,29.03
2020-12-28,DIRR3,12.38
2020-12-28,ECOR3,13.19
2020-12-28,EGIE3,44.84
2020-12-28,ELET3,36.62
2020-12-28,ELET6,36.73
2020-12-28,EMBR3,8.67
2020-12-28,ENBR3,19.83
2020-12-28,ENEV3,58.75
2020-12-28,ENGI11,51.1
2020-12-28,EQTL3,23.04
2020-12-28,EZTC3,42.8
2020-12-28,FLRY3,27.13
2020-12-28,GGBR4,24.23
2020-12-28,GNDI3,78.0
2020-12-28,GOAU4,11.09
2020-12-28,GOLL4,24.25
2020-12-28,HAPV3,15.16
2020-12-28,HGTX3,17.19
2020-12-28,HYPE3,34.9
2020-12-28,IGTA3,37.58
2020-12-28,IRBR3,8.11
2020-12-28,ITSA4,11.8
2020-12-28,ITUB4,32.17
2020-12-28,JBSS3,23.85
2020-12-28,JHSF3,7.65
2020-12-28,KLBN11,25.46
2020-12-28,LAME4,26.06
2020-12-28,LCAM3,28.02
2020-12-28,LOGG3,33.63
2020-12-28,LREN3,43.97
2020-12-28,LWSA3,78.77
2020-12-28,MGLU3,25.25
2020-12-28,MRFG3,14.54
2020-12-28,MRVE3,19.16
2020-12-28,MULT3,24.26
2020-12-28,NTCO3,52.0
2020-12-28,PCAR3,75.36
2020-12-28,PETR3,28.65
2020-12-28,PETR4,28.18
2020-12-28,PETZ3,19.36
2020-12-28,POMO4,2.87
2020-12-28,PRIO3,66.54
2020-12-28,PSSA3,49.51
2020-12-28,QUAL3,35.21
2020-12-28,RADL3,25.21
2020-12-28,RAIL3,19.65
2020-12-28,RDOR3,68.0
2020-12-28,RENT3,66.7
2020-12-28,RRRP3,37.67
2020-12-28,SANB11,46.11
2020-12-28,SBSP3,45.71
2020-12-28,SLCE3,27.76
2020-12-28,SMLS3,23.0
2020-12-28,SMTO3,26.88
2020-12-28,SOMA3,13.55
2020-12-28,STBP3,5.22
2020-12-28,SULA11,43.58
2020-12-28,SUZB3,57.16
2020-12-28,TAEE11,33.68
2020-12-28,TEND3,28.9
2020-12-28,TIMS3,14.64
2020-12-28,TOTS3,28.13
2020-12-28,TRPL4,27.99
2020-12-28,UGPA3,23.9
2020-12-28,USIM5,14.46
2020-12-28,VALE3,87.31
2020-12-28,VIVA3,27.88
2020-12-28,VIVT3,45.9
2020-12-28,VVAR3,16.59
2020-12-28,WEGE3,75.5
2020-12-28,YDUQ3,33.08
2020-12-29,ABEV3,15.95
2020-12-29,ALPA4,42.38
2020-12-29,ALSO3,28.98
2020-12-29,ARZZ3,68.14
2020-12-29,AZUL4,37.67
2020-12-29,B3SA3,61.82
2020-12-29,BBAS3,39.12
2020-12-29,BBDC3,24.68
2020-12-29,BBDC4,27.53
2020-12-29,BBSE3,30.06
2020-12-29,BEEF3,10.36
2020-12-29,BIDI11,102.34
2020-12-29,BIDI4,34.0
2020-12-29,BPAC11,95.47
2020-12-29,BPAN4,9.94
2020-12-29,BRAP4,64.06
2020-12-29,BRDT3,22.11
2020-12-29,BRFS3,22.5
2020-12-29,BRKM5,23.39
2020-12-29,BRML3,10.06
2020-12-29,BTOW3,75.7
2020-12-29,CASH3,15.22
2020-12-29,CCRO3,13.77
2020-12-29,CEAB3,13.0
2020-12-29,CIEL3,3.83
2020-12-29,CMIG4,14.47
2020-12-29,COGN3,4.69
2020-12-29,CPFE3,32.33
2020-12-29,CPLE3,68.74
2020-12-29,CPLE6,72.76
2020-12-29,CRFB3,19.6
2020-12-29,CSAN3,77.0
2020-12-29,CSMG3,16.5
2020-12-29,CSNA3,32.55
2020-12-29,CURY3,10.59
2020-12-29,CVCB3,19.73
2020-12-29,CYRE3,29.17
2020-12-29,DIRR3,12.79
2020-12-29,ECOR3,13.46
2020-12-29,EGIE3,44.49
2020-12-29,ELET3,36.58
2020-12-29,ELET6,36.84
2020-12-29,EMBR3,8.63
2020-12-29,ENBR3,19.83
2020-12-29,ENEV3,59.04
2020-12-29,ENGI11,51.37
2020-12-29,EQTL3,22.98
2020-12-29,EZTC3,43.27
2020-12-29,FLRY3,27.31
2020-12-29,GGBR4,24.5
2020-12-29,GNDI3,79.97
2020-12-29,GOAU4,11.3
2020-12-29,GOLL4,24.48
2020-12-29,HAPV3,15.52
2020-12-29,HGTX3,17.54
2020-12-29,HYPE3,34.7
2020-12-29,IGTA3,36.86
2020-12-29,IRBR3,8.21
2020-12-29,ITSA4,11.87
2020-12-29,ITUB4,32.1
2020-12-29,JBSS3,24.01
2020-12-29,JHSF3,7.65
2020-12-29,KLBN11,25.58
2020-12-29,LAME4,26.21
2020-12-29,LCAM3,28.35
2020-12-29,LOGG3,33.26
2020-12-29,LREN3,44.13
2020-12-29,LWSA3,75.9
2020-12-29,MGLU3,25.28
2020-12-29,MRFG3,14.72
2020-12-29,MRVE3,19.2
2020-12-29,MULT3,23.36
2020-12-29,NTCO3,51.94
2020-12-29,PCAR3,75.37
2020-12-29,PETR3,28.67
2020-12-29,PETR4,28.27
2020-12-29,PETZ3,19.56
2020-12-29,POMO4,2.95
2020-12-29,PRIO3,67.82
2020-12-29,PSSA3,49.54
2020-12-29,QUAL3,35.67
2020-12-29,RADL3,25.3
2020-12-29,RAIL3,19.53
2020-12-29,RDOR3,68.0
2020-12-29,RENT3,67.06
2020-12-29,RRRP3,37.55
2020-12-29,SANB11,46.21
2020-12-29,SBSP3,44.74
2020-12-29,SLCE3,27.51
2020-12-29,SMLS3,23.45
2020-12-29,SMTO3,27.04
2020-12-29,SOMA3,13.41
2020-12-29,STBP3,5.21
2020-12-29,SULA11,44.45
2020-12-29,SUZB3,57.21
2020-12-29,TAEE11,33.55
2020-12-29,TEND3,30.08
2020-12-29,TIMS3,14.88
2020-12-29,TOTS3,28.06
2020-12-29,TRPL4,28.37
2020-12-29,UGPA3,24.11
2020-12-29,USIM5,15.08
2020-12-29,VALE3,87.07
2020-12-29,VIVA3,28.33
2020-12-29,VIVT3,45.2
2020-12-29,VVAR3,16.58
2020-12-29,WEGE3,75.15
2020-12-29,YDUQ3,33.26
2020-12-30,ABEV3,15.65
2020-12-30,ALPA4,42.0
2020-12-30,ALSO3,29.17
2020-12-30,ARZZ3,68.18
2020-12-30,AZUL4,39.3
2020-12-30,B3SA3,61.98
2020-12-30,BBAS3,38.8
2020-12-30,BBDC3,24.2
2020-12-30,BBDC4,27.14
2020-12-30,BBSE3,29.63
2020-12-30,BEEF3,10.18
2020-12-30,BIDI11,98.45
2020-12-30,BIDI4,32.9
2020-12-30,BPAC11,94.0
2020-12-30,BPAN4,9.53
2020-12-30,BRAP4,63.71
2020-12-30,BRDT3,22.13
2020-12-30,BRFS3,22.04
2020-12-30,BRKM5,23.57
2020-12-30,BRML3,9.9
2020-12-30,BTOW3,75.61
2020-12-30,CASH3,15.01
2020-12-30,CCRO3,13.47
2020-12-30,CEAB3,12.89
2020-12-30,CIEL3,4.0
2020-12-30,CMIG4,14.56
2020-12-30,COGN3,4.63
2020-12-30,CPFE3,32.55
2020-12-30,CPLE3,70.0
2020-12-30,CPLE6,74.94
2020-12-30,CRFB3,19.39
2020-12-30,CSAN3,75.73
2020-12-30,CSMG3,16.4
2020-12-30,CSNA3,31.85
2020-12-30,CURY3,10.4
2020-12-30,CVCB3,20.58
2020-12-30,CYRE3,29.48
2020-12-30,DIRR3,13.09
2020-12-30,ECOR3,13.37
2020-12-30,EGIE3,43.94
2020-12-30,ELET3,36.67
2020-12-30,ELET6,37.0
2020-12-30,EMBR3,8.85
2020-12-30,ENBR3,19.65
2020-12-30,ENEV3,62.1
2020-12-30,ENGI11,52.36
2020-12-30,EQTL3,23.16
2020-12-30,EZTC3,42.9
2020-12-30,FLRY3,27.02
2020-12-30,GGBR4,24.45
2020-12-30,GNDI3,78.34
2020-12-30,GOAU4,11.26
2020-12-30,GOLL4,24.94
2020-12-30,HAPV3,15.26
2020-12-30,HGTX3,17.17
2020-12-30,HYPE3,34.25
2020-12-30,IGTA3,37.15
2020-12-30,IRBR3,8.18
2020-12-30,ITSA4,11.73
2020-12-30,ITUB4,31.63
2020-12-30,JBSS3,23.66
2020-12-30,JHSF3,7.81
2020-12-30,KLBN11,26.47
2020-12-30,LAME4,26.29
2020-12-30,LCAM3,29.31
2020-12-30,LOGG3,34.21
2020-12-30,LREN3,43.54
2020-12-30,LWSA3,80.47
2020-12-30,MGLU3,24.95
2020-12-30,MRFG3,14.51
2020-12-30,MRVE3,18.95
2020-12-30,MULT3,23.53
2020-12-30,NTCO3,52.5
2020-12-30,PCAR3,75.05
2020-12-30,PETR3,28.85
2020-12-30,PETR4,28.34
2020-12-30,PETZ3,19.1
2020-12-30,POMO4,2.87
2020-12-30,PRIO3,70.19
2020-12-30,PSSA3,49.0
2020-12-30,QUAL3,34.98
2020-12-30,RADL3,25.04
2020-12-30,RAIL3,19.24
2020-12-30,RDOR3,68.3
2020-12-30,RENT3,68.95
2020-12-30,RRRP3,37.2
2020-12-30,SANB11,44.83
2020-12-30,SBSP3,44.44
2020-12-30,SLCE3,27.45
2020-12-30,SMLS3,23.45
2020-12-30,SMTO3,27.36
2020-12-30,SOMA3,13.39
2020-12-30,STBP3,5.25
2020-12-30,SULA11,44.35
2020-12-30,SUZB3,58.54
2020-12-30,TAEE11,33.33
2020-12-30,TEND3,30.19
2020-12-30,TIMS3,14.65
2020-12-30,TOTS3,28.72
2020-12-30,TRPL4,27.81
2020-12-30,UGPA3,23.74
2020-12-30,USIM5,14.61
2020-12-30,VALE3,87.45
2020-12-30,VIVA3,29.46
2020-12-30,VIVT3,46.5
2020-12-30,VVAR3,16.16
2020-12-30,WEGE3,75.74
2020-12-30,YDUQ3,32.92
