data,ticker,fechamento
2021-01-04,ABEV3,15.48
2021-01-04,AZUL4,37.73
2021-01-04,B3SA3,60.98
2021-01-04,BBAS3,37.59
2021-01-04,BBDC3,23.6
2021-01-04,BBDC4,26.43
2021-01-04,BBSE3,29.39
2021-01-04,BEEF3,10.04
2021-01-04,BPAC11,91.91
2021-01-04,BRAP4,66.5
2021-01-04,BRFS3,21.48
2021-01-04,BRKM5,23.35
2021-01-04,CCRO3,13.27
2021-01-04,CEAB3,12.79
2021-01-04,CMIG4,14.14
2021-01-04,COGN3,4.7
2021-01-04,CPFE3,31.52
2021-01-04,CPLE3,68.5
2021-01-04,CPLE6,73.65
2021-01-04,CRFB3,19.15
2021-01-04,CSAN3,79.24
2021-01-04,CSMG3,16.33
2021-01-04,CSNA3,34.17
2021-01-04,CURY3,10.45
2021-01-04,CVCB3,20.17
2021-01-04,CYRE3,28.5
2021-01-04,DIRR3,13.29
2021-01-04,EGIE3,43.58
2021-01-04,ELET3,35.63
2021-01-04,ELET6,36.2
2021-01-04,EMBR3,8.37
2021-01-04,ENEV3,62.53
2021-01-04,ENGI11,50.6
2021-01-04,EQTL3,22.75
2021-01-04,FLRY3,27.0
2021-01-04,GGBR4,26.04
2021-01-04,GOAU4,11.8
2021-01-04,HAPV3,15.04
2021-01-04,HYPE3,33.13
2021-01-04,IRBR3,7.89
2021-01-04,ITSA4,11.55
2021-01-04,ITUB4,30.9
2021-01-04,JBSS3,23.41
2021-01-04,KLBN11,25.94
2021-01-04,LREN3,42.21
2021-01-04,LWSA3,80.64
2021-01-04,MGLU3,25.2
2021-01-04,MRFG3,14.3
2021-01-04,MRVE3,18.73
2021-01-04,MULT3,22.55
2021-01-04,NTCO3,51.99
2021-01-04,PCAR3,75.09
2021-01-04,PETR3,29.5
2021-01-04,PETR4,28.91
2021-01-04,PETZ3,18.58
2021-01-04,POMO4,2.89
2021-01-04,PRIO3,74.8
2021-01-04,PSSA3,47.78
2021-01-04,RADL3,25.03
2021-01-04,RAIL3,19.15
2021-01-04,RDOR3,66.0
2021-01-04,RENT3,67.78
2021-01-04,SANB11,44.41
2021-01-04,SBSP3,42.56
2021-01-04,SLCE3,28.51
2021-01-04,SMTO3,27.25
2021-01-04,STBP3,5.48
2021-01-04,SUZB3,58.91
2021-01-04,TAEE11,33.1
2021-01-04,TEND3,29.2
2021-01-04,TIMS3,14.43
2021-01-04,TOTS3,27.76
2021-01-04,UGPA3,24.12
2021-01-04,USIM5,14.94
2021-01-04,VALE3,91.46
2021-01-04,VIVA3,28.43
2021-01-04,VIVT3,45.94
2021-01-04,WEGE3,74.62
2021-01-04,YDUQ3,34.0
2021-01-05,ABEV3,15.81
2021-01-05,AZUL4,38.2
2021-01-05,B3SA3,61.1
2021-01-05,BBAS3,37.2
2021-01-05,BBDC3,23.47
2021-01-05,BBDC4,26.25
2021-01-05,BBSE3,28.84
2021-01-05,BEEF3,9.84
2021-01-05,BPAC11,90.66
2021-01-05,BRAP4,67.8
2021-01-05,BRFS3,21.31
2021-01-05,BRKM5,23.36
2021-01-05,CCRO3,13.05
2021-01-05,CEAB3,12.29
2021-01-05,CMIG4,14.14
2021-01-05,COGN3,4.67
2021-01-05,CPFE3,31.37
2021-01-05,CPLE3,67.02
2021-01-05,CPLE6,72.54
2021-01-05,CRFB3,19.02
2021-01-05,CSAN3,79.49
2021-01-05,CSMG3,16.08
2021-01-05,CSNA3,34.79
2021-01-05,CURY3,10.59
2021-01-05,CVCB3,20.23
2021-01-05,CYRE3,27.95
2021-01-05,DIRR3,13.24
2021-01-05,EGIE3,43.19
2021-01-05,ELET3,34.71
2021-01-05,ELET6,35.16
2021-01-05,EMBR3,8.57
2021-01-05,ENEV3,62.97
2021-01-05,ENGI11,50.99
2021-01-05,EQTL3,22.8
2021-01-05,FLRY3,26.56
2021-01-05,GGBR4,26.67
2021-01-05,GOAU4,12.06
2021-01-05,HAPV3,14.65
2021-01-05,HYPE3,34.23
2021-01-05,IRBR3,7.76
2021-01-05,ITSA4,11.46
2021-01-05,ITUB4,30.7
2021-01-05,JBSS3,23.75
2021-01-05,KLBN11,25.88
2021-01-05,LREN3,41.8
2021-01-05,LWSA3,82.65
2021-01-05,MGLU3,24.76
2021-01-05,MRFG3,14.21
2021-01-05,MRVE3,18.62
2021-01-05,MULT3,22.58
2021-01-05,NTCO3,51.69
2021-01-05,PCAR3,73.34
2021-01-05,PETR3,30.4
2021-01-05,PETR4,30.04
2021-01-05,PETZ3,18.59
2021-01-05,POMO4,2.84
2021-01-05,PRIO3,73.79
2021-01-05,PSSA3,47.36
2021-01-05,RADL3,24.96
2021-01-05,RAIL3,19.3
2021-01-05,RDOR3,65.1
2021-01-05,RENT3,67.38
2021-01-05,SANB11,43.58
2021-01-05,SBSP3,42.46
2021-01-05,SLCE3,29.82
2021-01-05,SMTO3,27.3
2021-01-05,STBP3,5.49
2021-01-05,SUZB3,58.64
2021-01-05,TAEE11,32.98
2021-01-05,TEND3,28.35
2021-01-05,TIMS3,14.1
2021-01-05,TOTS3,27.63
2021-01-05,UGPA3,23.92
2021-01-05,USIM5,15.1
2021-01-05,VALE3,93.0
2021-01-05,VIVA3,27.1
2021-01-05,VIVT3,45.55
2021-01-05,WEGE3,79.2
2021-01-05,YDUQ3,34.17
2021-01-06,ABEV3,16.05
2021-01-06,AZUL4,36.66
2021-01-06,B3SA3,59.77
2021-01-06,BBAS3,37.99
2021-01-06,BBDC3,23.97
2021-01-06,BBDC4,27.07
2021-01-06,BBSE3,28.37
2021-01-06,BEEF3,9.69
2021-01-06,BPAC11,87.52
2021-01-06,BRAP4,70.54
2021-01-06,BRFS3,21.2
2021-01-06,BRKM5,24.27
2021-01-06,CCRO3,12.61
2021-01-06,CEAB3,12.1
2021-01-06,CMIG4,14.46
2021-01-06,COGN3,4.52
2021-01-06,CPFE3,31.33
2021-01-06,CPLE3,66.87
2021-01-06,CPLE6,72.33
2021-01-06,CRFB3,18.89
2021-01-06,CSAN3,79.25
2021-01-06,CSMG3,16.08
2021-01-06,CSNA3,36.2
2021-01-06,CURY3,10.28
2021-01-06,CVCB3,20.3
2021-01-06,CYRE3,27.12
2021-01-06,DIRR3,12.79
2021-01-06,EGIE3,42.86
2021-01-06,ELET3,34.18
2021-01-06,ELET6,34.98
2021-01-06,EMBR3,8.91
2021-01-06,ENEV3,59.4
2021-01-06,ENGI11,49.34
2021-01-06,EQTL3,22.27
2021-01-06,FLRY3,25.93
2021-01-06,GGBR4,27.99
2021-01-06,GOAU4,12.55
2021-01-06,HAPV3,14.11
2021-01-06,HYPE3,33.44
2021-01-06,IRBR3,7.75
2021-01-06,ITSA4,11.71
2021-01-06,ITUB4,31.55
2021-01-06,JBSS3,23.61
2021-01-06,KLBN11,26.14
2021-01-06,LREN3,39.78
2021-01-06,LWSA3,80.11
2021-01-06,MGLU3,23.44
2021-01-06,MRFG3,13.8
2021-01-06,MRVE3,17.93
2021-01-06,MULT3,21.6
2021-01-06,NTCO3,48.9
2021-01-06,PCAR3,72.75
2021-01-06,PETR3,30.7
2021-01-06,PETR4,30.07
2021-01-06,PETZ3,17.53
2021-01-06,POMO4,2.86
2021-01-06,PRIO3,72.63
2021-01-06,PSSA3,46.4
2021-01-06,RADL3,24.19
2021-01-06,RAIL3,19.1
2021-01-06,RDOR3,61.85
2021-01-06,RENT3,63.71
2021-01-06,SANB11,44.66
2021-01-06,SBSP3,42.33
2021-01-06,SLCE3,29.76
2021-01-06,SMTO3,28.67
2021-01-06,STBP3,5.34
2021-01-06,SUZB3,57.52
2021-01-06,TAEE11,32.82
2021-01-06,TEND3,27.24
2021-01-06,TIMS3,13.71
2021-01-06,TOTS3,26.33
2021-01-06,UGPA3,23.51
2021-01-06,USIM5,15.72
2021-01-06,VALE3,95.61
2021-01-06,VIVA3,26.25
2021-01-06,VIVT3,45.0
2021-01-06,WEGE3,81.54
2021-01-06,YDUQ3,32.92
2021-01-07,ABEV3,16.05
2021-01-07,AZUL4,36.05
2021-01-07,B3SA3,61.78
2021-01-07,BBAS3,39.56
2021-01-07,BBDC3,24.65
2021-01-07,BBDC4,27.84
2021-01-07,BBSE3,28.97
2021-01-07,BEEF3,9.65
2021-01-07,BPAC11,90.45
2021-01-07,BRAP4,76.38
2021-01-07,BRFS3,21.93
2021-01-07,BRKM5,24.87
2021-01-07,CCRO3,12.63
2021-01-07,CEAB3,11.39
2021-01-07,CMIG4,14.27
2021-01-07,COGN3,4.62
2021-01-07,CPFE3,30.25
2021-01-07,CPLE3,65.63
2021-01-07,CPLE6,70.74
2021-01-07,CRFB3,18.81
2021-01-07,CSAN3,82.39
2021-01-07,CSMG3,15.97
2021-01-07,CSNA3,38.53
2021-01-07,CURY3,10.54
2021-01-07,CVCB3,19.56
2021-01-07,CYRE3,27.4
2021-01-07,DIRR3,12.6
2021-01-07,EGIE3,42.48
2021-01-07,ELET3,33.91
2021-01-07,ELET6,34.3
2021-01-07,EMBR3,8.88
2021-01-07,ENEV3,59.7
2021-01-07,ENGI11,47.58
2021-01-07,EQTL3,21.83
2021-01-07,FLRY3,25.87
2021-01-07,GGBR4,29.54
2021-01-07,GOAU4,13.1
2021-01-07,HAPV3,14.28
2021-01-07,HYPE3,33.43
2021-01-07,IRBR3,7.75
2021-01-07,ITSA4,12.16
2021-01-07,ITUB4,32.83
2021-01-07,JBSS3,23.83
2021-01-07,KLBN11,28.13
2021-01-07,LREN3,40.75
2021-01-07,LWSA3,78.71
2021-01-07,MGLU3,23.16
2021-01-07,MRFG3,13.84
2021-01-07,MRVE3,17.95
2021-01-07,MULT3,21.6
2021-01-07,NTCO3,48.48
2021-01-07,PCAR3,74.03
2021-01-07,PETR3,31.65
2021-01-07,PETR4,31.0
2021-01-07,PETZ3,17.52
2021-01-07,POMO4,2.85
2021-01-07,PRIO3,74.03
2021-01-07,PSSA3,47.52
2021-01-07,RADL3,24.07
2021-01-07,RAIL3,19.63
2021-01-07,RDOR3,60.95
2021-01-07,RENT3,66.51
2021-01-07,SANB11,46.38
2021-01-07,SBSP3,42.22
2021-01-07,SLCE3,29.83
2021-01-07,SMTO3,30.08
2021-01-07,STBP3,5.29
2021-01-07,SUZB3,62.49
2021-01-07,TAEE11,32.15
2021-01-07,TEND3,26.97
2021-01-07,TIMS3,13.49
2021-01-07,TOTS3,26.25
2021-01-07,UGPA3,24.35
2021-01-07,USIM5,16.59
2021-01-07,VALE3,102.32
2021-01-07,VIVA3,26.32
2021-01-07,VIVT3,43.9
2021-01-07,WEGE3,84.66
2021-01-07,YDUQ3,33.22
2021-01-08,ABEV3,16.53
2021-01-08,AZUL4,36.6
2021-01-08,B3SA3,62.69
2021-01-08,BBAS3,39.79
2021-01-08,BBDC3,24.46
2021-01-08,BBDC4,27.6
2021-01-08,BBSE3,29.87
2021-01-08,BEEF3,9.73
2021-01-08,BPAC11,92.31
2021-01-08,BRAP4,76.77
2021-01-08,BRFS3,21.98
2021-01-08,BRKM5,24.69
2021-01-08,CCRO3,13.04
2021-01-08,CEAB3,12.24
2021-01-08,CMIG4,15.25
2021-01-08,COGN3,4.82
2021-01-08,CPFE3,31.42
2021-01-08,CPLE3,67.87
2021-01-08,CPLE6,73.32
2021-01-08,CRFB3,19.5
2021-01-08,CSAN3,82.25
2021-01-08,CSMG3,16.56
2021-01-08,CSNA3,38.76
2021-01-08,CURY3,10.61
2021-01-08,CVCB3,19.51
2021-01-08,CYRE3,28.71
2021-01-08,DIRR3,13.21
2021-01-08,EGIE3,44.26
2021-01-08,ELET3,34.98
2021-01-08,ELET6,35.3
2021-01-08,EMBR3,8.81
2021-01-08,ENEV3,62.48
2021-01-08,ENGI11,49.43
2021-01-08,EQTL3,22.51
2021-01-08,FLRY3,27.39
2021-01-08,GGBR4,29.1
2021-01-08,GOAU4,12.88
2021-01-08,HAPV3,16.78
2021-01-08,HYPE3,35.31
2021-01-08,IRBR3,8.0
2021-01-08,ITSA4,12.13
2021-01-08,ITUB4,32.82
2021-01-08,JBSS3,24.4
2021-01-08,KLBN11,29.28
2021-01-08,LREN3,43.1
2021-01-08,LWSA3,79.05
2021-01-08,MGLU3,23.84
2021-01-08,MRFG3,14.01
2021-01-08,MRVE3,19.19
2021-01-08,MULT3,22.38
2021-01-08,NTCO3,50.72
2021-01-08,PCAR3,76.54
2021-01-08,PETR3,31.59
2021-01-08,PETR4,31.12
2021-01-08,PETZ3,18.13
2021-01-08,POMO4,3.05
2021-01-08,PRIO3,74.45
2021-01-08,PSSA3,50.8
2021-01-08,RADL3,24.77
2021-01-08,RAIL3,20.0
2021-01-08,RDOR3,62.23
2021-01-08,RENT3,71.0
2021-01-08,SANB11,45.89
2021-01-08,SBSP3,43.62
2021-01-08,SLCE3,31.35
2021-01-08,SMTO3,31.09
2021-01-08,STBP3,5.56
2021-01-08,SUZB3,62.78
2021-01-08,TAEE11,32.9
2021-01-08,TEND3,29.02
2021-01-08,TIMS3,14.1
2021-01-08,TOTS3,28.0
2021-01-08,UGPA3,24.98
2021-01-08,USIM5,16.51
2021-01-08,VALE3,102.0
2021-01-08,VIVA3,26.5
2021-01-08,VIVT3,45.05
2021-01-08,WEGE3,89.78
2021-01-08,YDUQ3,34.35
2021-01-11,ABEV3,16.1
2021-01-11,AZUL4,36.44
2021-01-11,B3SA3,60.11
2021-01-11,BBAS3,39.14
2021-01-11,BBDC3,24.09
2021-01-11,BBDC4,27.11
2021-01-11,BBSE3,29.25
2021-01-11,BEEF3,9.61
2021-01-11,BPAC11,88.82
2021-01-11,BRAP4,76.0
2021-01-11,BRFS3,21.53
2021-01-11,BRKM5,25.1
2021-01-11,CCRO3,12.93
2021-01-11,CEAB3,11.95
2021-01-11,CMIG4,14.72
2021-01-11,COGN3,4.62
2021-01-11,CPFE3,30.53
2021-01-11,CPLE3,65.25
2021-01-11,CPLE6,69.31
2021-01-11,CRFB3,19.0
2021-01-11,CSAN3,80.88
2021-01-11,CSMG3,16.24
2021-01-11,CSNA3,37.91
2021-01-11,CURY3,10.71
2021-01-11,CVCB3,19.08
2021-01-11,CYRE3,27.6
2021-01-11,DIRR3,13.55
2021-01-11,EGIE3,43.4
2021-01-11,ELET3,33.71
2021-01-11,ELET6,34.53
2021-01-11,EMBR3,8.61
2021-01-11,ENEV3,62.4
2021-01-11,ENGI11,47.02
2021-01-11,EQTL3,22.06
2021-01-11,FLRY3,26.8
2021-01-11,GGBR4,28.3
2021-01-11,GOAU4,12.66
2021-01-11,HAPV3,18.2
2021-01-11,HYPE3,34.1
2021-01-11,IRBR3,7.62
2021-01-11,ITSA4,11.85
2021-01-11,ITUB4,32.08
2021-01-11,JBSS3,24.25
2021-01-11,KLBN11,29.27
2021-01-11,LREN3,41.45
2021-01-11,LWSA3,88.15
2021-01-11,MGLU3,23.49
2021-01-11,MRFG3,13.96
2021-01-11,MRVE3,18.69
2021-01-11,MULT3,21.42
2021-01-11,NTCO3,49.1
2021-01-11,PCAR3,74.43
2021-01-11,PETR3,31.29
2021-01-11,PETR4,30.86
2021-01-11,PETZ3,18.95
2021-01-11,POMO4,3.23
2021-01-11,PRIO3,77.85
2021-01-11,PSSA3,49.49
2021-01-11,RADL3,24.64
2021-01-11,RAIL3,19.65
2021-01-11,RDOR3,61.24
2021-01-11,RENT3,69.62
2021-01-11,SANB11,44.71
2021-01-11,SBSP3,41.55
2021-01-11,SLCE3,31.72
2021-01-11,SMTO3,31.2
2021-01-11,STBP3,5.45
2021-01-11,SUZB3,61.31
2021-01-11,TAEE11,32.54
2021-01-11,TEND3,28.59
2021-01-11,TIMS3,14.0
2021-01-11,TOTS3,27.95
2021-01-11,UGPA3,23.81
2021-01-11,USIM5,16.71
2021-01-11,VALE3,101.98
2021-01-11,VIVA3,25.69
2021-01-11,VIVT3,44.54
2021-01-11,WEGE3,87.03
2021-01-11,YDUQ3,32.59
2021-01-12,ABEV3,16.8
2021-01-12,AZUL4,37.72
2021-01-12,B3SA3,61.85
2021-01-12,BBAS3,39.5
2021-01-12,BBDC3,24.1
2021-01-12,BBDC4,27.09
2021-01-12,BBSE3,29.44
2021-01-12,BEEF3,9.99
2021-01-12,BPAC11,92.38
2021-01-12,BRAP4,75.93
2021-01-12,BRFS3,21.36
2021-01-12,BRKM5,25.11
2021-01-12,CCRO3,13.1
2021-01-12,CEAB3,11.87
2021-01-12,CMIG4,14.66
2021-01-12,COGN3,4.65
2021-01-12,CPFE3,30.68
2021-01-12,CPLE3,64.1
2021-01-12,CPLE6,67.07
2021-01-12,CRFB3,20.15
2021-01-12,CSAN3,82.92
2021-01-12,CSMG3,16.34
2021-01-12,CSNA3,38.08
2021-01-12,CURY3,10.75
2021-01-12,CVCB3,19.64
2021-01-12,CYRE3,28.96
2021-01-12,DIRR3,14.31
2021-01-12,EGIE3,43.6
2021-01-12,ELET3,34.41
2021-01-12,ELET6,35.07
2021-01-12,EMBR3,9.29
2021-01-12,ENEV3,65.11
2021-01-12,ENGI11,47.17
2021-01-12,EQTL3,22.06
2021-01-12,FLRY3,27.76
2021-01-12,GGBR4,27.52
2021-01-12,GOAU4,12.44
2021-01-12,HAPV3,17.72
2021-01-12,HYPE3,34.87
2021-01-12,IRBR3,7.78
2021-01-12,ITSA4,11.94
2021-01-12,ITUB4,32.18
2021-01-12,JBSS3,24.63
2021-01-12,KLBN11,29.59
2021-01-12,LREN3,41.9
2021-01-12,LWSA3,98.1
2021-01-12,MGLU3,24.2
2021-01-12,MRFG3,14.21
2021-01-12,MRVE3,19.36
2021-01-12,MULT3,21.64
2021-01-12,NTCO3,51.46
2021-01-12,PCAR3,76.35
2021-01-12,PETR3,31.18
2021-01-12,PETR4,30.63
2021-01-12,PETZ3,20.15
2021-01-12,POMO4,3.21
2021-01-12,PRIO3,76.5
2021-01-12,PSSA3,49.39
2021-01-12,RADL3,25.08
2021-01-12,RAIL3,20.69
2021-01-12,RDOR3,64.17
2021-01-12,RENT3,71.08
2021-01-12,SANB11,45.16
2021-01-12,SBSP3,41.69
2021-01-12,SLCE3,33.36
2021-01-12,SMTO3,31.85
2021-01-12,STBP3,5.77
2021-01-12,SUZB3,61.23
2021-01-12,TAEE11,33.48
2021-01-12,TEND3,29.17
2021-01-12,TIMS3,13.99
2021-01-12,TOTS3,28.67
2021-01-12,UGPA3,23.64
2021-01-12,USIM5,16.48
2021-01-12,VALE3,99.19
2021-01-12,VIVA3,27.23
2021-01-12,VIVT3,44.5
2021-01-12,WEGE3,90.07
2021-01-12,YDUQ3,34.1
2021-01-13,ABEV3,16.17
2021-01-13,AZUL4,35.96
2021-01-13,B3SA3,62.1
2021-01-13,BBAS3,37.55
2021-01-13,BBDC3,23.65
2021-01-13,BBDC4,26.68
2021-01-13,BBSE3,29.58
2021-01-13,BEEF3,9.8
2021-01-13,BPAC11,91.26
2021-01-13,BRAP4,74.42
2021-01-13,BRFS3,21.24
2021-01-13,BRKM5,25.1
2021-01-13,CCRO3,13.04
2021-01-13,CEAB3,11.9
2021-01-13,CMIG4,14.79
2021-01-13,COGN3,4.63
2021-01-13,CPFE3,31.03
2021-01-13,CPLE3,62.91
2021-01-13,CPLE6,65.4
2021-01-13,CRFB3,20.36
2021-01-13,CSAN3,84.7
2021-01-13,CSMG3,16.88
2021-01-13,CSNA3,36.25
2021-01-13,CURY3,11.18
2021-01-13,CVCB3,19.31
2021-01-13,CYRE3,28.78
2021-01-13,DIRR3,14.51
2021-01-13,EGIE3,44.3
2021-01-13,ELET3,34.23
2021-01-13,ELET6,34.84
2021-01-13,EMBR3,9.2
2021-01-13,ENEV3,67.5
2021-01-13,ENGI11,47.25
2021-01-13,EQTL3,22.39
2021-01-13,FLRY3,27.68
2021-01-13,GGBR4,26.61
2021-01-13,GOAU4,12.12
2021-01-13,HAPV3,17.0
2021-01-13,HYPE3,34.99
2021-01-13,IRBR3,7.8
2021-01-13,ITSA4,11.82
2021-01-13,ITUB4,31.65
2021-01-13,JBSS3,24.86
2021-01-13,KLBN11,28.73
2021-01-13,LREN3,41.4
2021-01-13,LWSA3,103.1
2021-01-13,MGLU3,24.02
2021-01-13,MRFG3,14.19
2021-01-13,MRVE3,20.21
2021-01-13,MULT3,21.48
2021-01-13,NTCO3,51.2
2021-01-13,PCAR3,77.84
2021-01-13,PETR3,29.74
2021-01-13,PETR4,29.15
2021-01-13,PETZ3,21.57
2021-01-13,POMO4,3.21
2021-01-13,PRIO3,79.48
2021-01-13,PSSA3,49.13
2021-01-13,RADL3,25.08
2021-01-13,RAIL3,20.7
2021-01-13,RDOR3,66.35
2021-01-13,RENT3,71.05
2021-01-13,SANB11,44.75
2021-01-13,SBSP3,42.24
2021-01-13,SLCE3,33.48
2021-01-13,SMTO3,31.35
2021-01-13,STBP3,5.83
2021-01-13,SUZB3,60.0
2021-01-13,TAEE11,33.96
2021-01-13,TEND3,29.06
2021-01-13,TIMS3,13.96
2021-01-13,TOTS3,28.6
2021-01-13,UGPA3,23.46
2021-01-13,USIM5,15.48
2021-01-13,VALE3,96.22
2021-01-13,VIVA3,26.5
2021-01-13,VIVT3,44.6
2021-01-13,WEGE3,90.28
2021-01-13,YDUQ3,33.77
2021-01-14,ABEV3,16.26
2021-01-14,AZUL4,38.57
2021-01-14,B3SA3,61.66
2021-01-14,BBAS3,37.46
2021-01-14,BBDC3,24.4
2021-01-14,BBDC4,27.5
2021-01-14,BBSE3,29.98
2021-01-14,BEEF3,9.82
2021-01-14,BPAC11,91.52
2021-01-14,BRAP4,75.12
2021-01-14,BRFS3,21.1
2021-01-14,BRKM5,25.24
2021-01-14,CCRO3,13.61
2021-01-14,CEAB3,12.2
2021-01-14,CMIG4,15.01
2021-01-14,COGN3,4.77
2021-01-14,CPFE3,31.76
2021-01-14,CPLE3,63.57
2021-01-14,CPLE6,67.05
2021-01-14,CRFB3,20.57
2021-01-14,CSAN3,84.4
2021-01-14,CSMG3,16.8
2021-01-14,CSNA3,37.39
2021-01-14,CURY3,11.37
2021-01-14,CVCB3,20.37
2021-01-14,CYRE3,29.78
2021-01-14,DIRR3,14.62
2021-01-14,EGIE3,45.23
2021-01-14,ELET3,35.49
2021-01-14,ELET6,36.02
2021-01-14,EMBR3,9.98
2021-01-14,ENEV3,67.94
2021-01-14,ENGI11,48.9
2021-01-14,EQTL3,23.21
2021-01-14,FLRY3,27.84
2021-01-14,GGBR4,27.72
2021-01-14,GOAU4,12.46
2021-01-14,HAPV3,17.2
2021-01-14,HYPE3,34.7
2021-01-14,IRBR3,7.86
2021-01-14,ITSA4,12.08
2021-01-14,ITUB4,32.59
2021-01-14,JBSS3,24.56
2021-01-14,KLBN11,28.6
2021-01-14,LREN3,43.38
2021-01-14,LWSA3,109.0
2021-01-14,MGLU3,23.73
2021-01-14,MRFG3,14.09
2021-01-14,MRVE3,20.7
2021-01-14,MULT3,21.94
2021-01-14,NTCO3,50.35
2021-01-14,PCAR3,77.3
2021-01-14,PETR3,29.86
2021-01-14,PETR4,29.45
2021-01-14,PETZ3,22.0
2021-01-14,POMO4,3.35
2021-01-14,PRIO3,78.0
2021-01-14,PSSA3,49.71
2021-01-14,RADL3,25.89
2021-01-14,RAIL3,20.74
2021-01-14,RDOR3,67.1
2021-01-14,RENT3,73.93
2021-01-14,SANB11,46.0
2021-01-14,SBSP3,42.52
2021-01-14,SLCE3,33.8
2021-01-14,SMTO3,31.59
2021-01-14,STBP3,6.09
2021-01-14,SUZB3,59.66
2021-01-14,TAEE11,33.74
2021-01-14,TEND3,30.45
2021-01-14,TIMS3,14.14
2021-01-14,TOTS3,28.18
2021-01-14,UGPA3,23.32
2021-01-14,USIM5,15.76
2021-01-14,VALE3,97.8
2021-01-14,VIVA3,26.98
2021-01-14,VIVT3,44.44
2021-01-14,WEGE3,89.87
2021-01-14,YDUQ3,35.3
2021-01-15,ABEV3,15.95
2021-01-15,AZUL4,37.42
2021-01-15,B3SA3,59.82
2021-01-15,BBAS3,36.3
2021-01-15,BBDC3,23.5
2021-01-15,BBDC4,26.74
2021-01-15,BBSE3,29.35
2021-01-15,BEEF3,9.72
2021-01-15,BPAC11,88.75
2021-01-15,BRAP4,71.46
2021-01-15,BRFS3,20.76
2021-01-15,BRKM5,25.2
2021-01-15,CCRO3,13.1
2021-01-15,CEAB3,12.38
2021-01-15,CMIG4,14.67
2021-01-15,COGN3,4.76
2021-01-15,CPFE3,32.24
2021-01-15,CPLE3,63.25
2021-01-15,CPLE6,66.01
2021-01-15,CRFB3,20.29
2021-01-15,CSAN3,81.44
2021-01-15,CSMG3,16.71
2021-01-15,CSNA3,34.36
2021-01-15,CURY3,11.59
2021-01-15,CVCB3,19.85
2021-01-15,CYRE3,28.58
2021-01-15,DIRR3,14.5
2021-01-15,EGIE3,44.59
2021-01-15,ELET3,34.09
2021-01-15,ELET6,34.58
2021-01-15,EMBR3,9.52
2021-01-15,ENEV3,66.82
2021-01-15,ENGI11,48.4
2021-01-15,EQTL3,23.36
2021-01-15,FLRY3,28.03
2021-01-15,GGBR4,26.08
2021-01-15,GOAU4,11.8
2021-01-15,HAPV3,17.3
2021-01-15,HYPE3,34.8
2021-01-15,IRBR3,7.71
2021-01-15,ITSA4,11.61
2021-01-15,ITUB4,31.36
2021-01-15,JBSS3,24.42
2021-01-15,KLBN11,28.73
2021-01-15,LREN3,43.08
2021-01-15,LWSA3,108.28
2021-01-15,MGLU3,23.96
2021-01-15,MRFG3,13.97
2021-01-15,MRVE3,20.3
2021-01-15,MULT3,21.35
2021-01-15,NTCO3,49.39
2021-01-15,PCAR3,76.42
2021-01-15,PETR3,28.81
2021-01-15,PETR4,28.12
2021-01-15,PETZ3,21.75
2021-01-15,POMO4,3.24
2021-01-15,PRIO3,74.28
2021-01-15,PSSA3,49.56
2021-01-15,RADL3,26.04
2021-01-15,RAIL3,21.21
2021-01-15,RDOR3,67.4
2021-01-15,RENT3,70.71
2021-01-15,SANB11,43.7
2021-01-15,SBSP3,42.56
2021-01-15,SLCE3,33.68
2021-01-15,SMTO3,31.08
2021-01-15,STBP3,6.0
2021-01-15,SUZB3,61.15
2021-01-15,TAEE11,33.73
2021-01-15,TEND3,30.68
2021-01-15,TIMS3,14.04
2021-01-15,TOTS3,28.05
2021-01-15,UGPA3,22.68
2021-01-15,USIM5,15.02
2021-01-15,VALE3,93.55
2021-01-15,VIVA3,26.6
2021-01-15,VIVT3,44.68
2021-01-15,WEGE3,86.16
2021-01-15,YDUQ3,34.14
2021-01-18,ABEV3,16.22
2021-01-18,AZUL4,38.1
2021-01-18,B3SA3,60.8
2021-01-18,BBAS3,35.93
2021-01-18,BBDC3,23.6
2021-01-18,BBDC4,26.83
2021-01-18,BBSE3,29.05
2021-01-18,BEEF3,9.77
2021-01-18,BPAC11,92.27
2021-01-18,BRAP4,72.64
2021-01-18,BRFS3,20.39
2021-01-18,BRKM5,24.83
2021-01-18,CCRO3,13.15
2021-01-18,CEAB3,12.32
2021-01-18,CMIG4,14.43
2021-01-18,COGN3,4.69
2021-01-18,CPFE3,31.95
2021-01-18,CPLE3,63.03
2021-01-18,CPLE6,65.26
2021-01-18,CRFB3,20.0
2021-01-18,CSAN3,82.22
2021-01-18,CSMG3,16.33
2021-01-18,CSNA3,35.04
2021-01-18,CURY3,11.15
2021-01-18,CVCB3,20.16
2021-01-18,CYRE3,28.55
2021-01-18,DIRR3,14.16
2021-01-18,EGIE3,44.5
2021-01-18,ELET3,33.86
2021-01-18,ELET6,34.25
2021-01-18,EMBR3,9.38
2021-01-18,ENEV3,66.86
2021-01-18,ENGI11,47.65
2021-01-18,EQTL3,22.86
2021-01-18,FLRY3,27.91
2021-01-18,GGBR4,26.45
2021-01-18,GOAU4,11.89
2021-01-18,HAPV3,17.93
2021-01-18,HYPE3,34.67
2021-01-18,IRBR3,7.65
2021-01-18,ITSA4,11.63
2021-01-18,ITUB4,31.2
2021-01-18,JBSS3,24.25
2021-01-18,KLBN11,29.1
2021-01-18,LREN3,43.13
2021-01-18,LWSA3,110.73
2021-01-18,MGLU3,24.45
2021-01-18,MRFG3,13.88
2021-01-18,MRVE3,20.08
2021-01-18,MULT3,21.42
2021-01-18,NTCO3,51.94
2021-01-18,PCAR3,76.7
2021-01-18,PETR3,28.76
2021-01-18,PETR4,28.07
2021-01-18,PETZ3,21.5
2021-01-18,POMO4,3.12
2021-01-18,PRIO3,72.84
2021-01-18,PSSA3,49.99
2021-01-18,RADL3,26.96
2021-01-18,RAIL3,20.92
2021-01-18,RDOR3,67.25
2021-01-18,RENT3,70.69
2021-01-18,SANB11,43.92
2021-01-18,SBSP3,41.8
2021-01-18,SLCE3,34.44
2021-01-18,SMTO3,31.65
2021-01-18,STBP3,5.92
2021-01-18,SUZB3,63.29
2021-01-18,TAEE11,33.42
2021-01-18,TEND3,29.84
2021-01-18,TIMS3,13.92
2021-01-18,TOTS3,28.8
2021-01-18,UGPA3,22.31
2021-01-18,USIM5,15.06
2021-01-18,VALE3,94.31
2021-01-18,VIVA3,26.9
2021-01-18,VIVT3,44.12
2021-01-18,WEGE3,92.21
2021-01-18,YDUQ3,34.45
2021-01-19,ABEV3,16.27
2021-01-19,AZUL4,37.59
2021-01-19,B3SA3,60.59
2021-01-19,BBAS3,35.32
2021-01-19,BBDC3,23.16
2021-01-19,BBDC4,26.4
2021-01-19,BBSE3,28.83
2021-01-19,BEEF3,9.58
2021-01-19,BPAC11,95.15
2021-01-19,BRAP4,71.71
2021-01-19,BRFS3,20.41
2021-01-19,BRKM5,25.38
2021-01-19,CCRO3,13.01
2021-01-19,CEAB3,12.38
2021-01-19,CMIG4,14.18
2021-01-19,COGN3,4.63
2021-01-19,CPFE3,31.69
2021-01-19,CPLE3,62.74
2021-01-19,CPLE6,64.99
2021-01-19,CRFB3,19.94
2021-01-19,CSAN3,82.35
2021-01-19,CSMG3,15.95
2021-01-19,CSNA3,33.04
2021-01-19,CURY3,11.39
2021-01-19,CVCB3,19.87
2021-01-19,CYRE3,28.26
2021-01-19,DIRR3,14.02
2021-01-19,EGIE3,44.99
2021-01-19,ELET3,33.3
2021-01-19,ELET6,33.74
2021-01-19,EMBR3,9.47
2021-01-19,ENEV3,66.65
2021-01-19,ENGI11,47.76
2021-01-19,EQTL3,22.77
2021-01-19,FLRY3,27.53
2021-01-19,GGBR4,25.67
2021-01-19,GOAU4,11.59
2021-01-19,HAPV3,17.37
2021-01-19,HYPE3,35.41
2021-01-19,IRBR3,7.6
2021-01-19,ITSA4,11.45
2021-01-19,ITUB4,30.83
2021-01-19,JBSS3,24.47
2021-01-19,KLBN11,29.13
2021-01-19,LREN3,43.9
2021-01-19,LWSA3,105.13
2021-01-19,MGLU3,24.08
2021-01-19,MRFG3,13.67
2021-01-19,MRVE3,19.74
2021-01-19,MULT3,21.19
2021-01-19,NTCO3,51.18
2021-01-19,PCAR3,78.6
2021-01-19,PETR3,29.12
2021-01-19,PETR4,28.69
2021-01-19,PETZ3,21.41
2021-01-19,POMO4,3.03
2021-01-19,PRIO3,73.5
2021-01-19,PSSA3,49.71
2021-01-19,RADL3,26.8
2021-01-19,RAIL3,21.1
2021-01-19,RDOR3,67.9
2021-01-19,RENT3,68.8
2021-01-19,SANB11,42.97
2021-01-19,SBSP3,41.58
2021-01-19,SLCE3,33.8
2021-01-19,SMTO3,32.08
2021-01-19,STBP3,6.2
2021-01-19,SUZB3,65.21
2021-01-19,TAEE11,33.73
2021-01-19,TEND3,29.86
2021-01-19,TIMS3,13.72
2021-01-19,TOTS3,29.52
2021-01-19,UGPA3,22.19
2021-01-19,USIM5,14.35
2021-01-19,VALE3,94.06
2021-01-19,VIVA3,26.7
2021-01-19,VIVT3,43.79
2021-01-19,WEGE3,89.6
2021-01-19,YDUQ3,34.5
2021-01-20,ABEV3,16.02
2021-01-20,AZUL4,37.91
2021-01-20,B3SA3,60.0
2021-01-20,BBAS3,34.53
2021-01-20,BBDC3,22.7
2021-01-20,BBDC4,25.85
2021-01-20,BBSE3,28.65
2021-01-20,BEEF3,9.5
2021-01-20,BPAC11,93.9
2021-01-20,BRAP4,70.91
2021-01-20,BRFS3,20.41
2021-01-20,BRKM5,25.21
2021-01-20,CCRO3,12.9
2021-01-20,CEAB3,12.45
2021-01-20,CMIG4,13.84
2021-01-20,COGN3,4.64
2021-01-20,CPFE3,31.41
2021-01-20,CPLE3,61.24
2021-01-20,CPLE6,65.13
2021-01-20,CRFB3,19.54
2021-01-20,CSAN3,80.77
2021-01-20,CSMG3,15.73
2021-01-20,CSNA3,33.1
2021-01-20,CURY3,11.56
2021-01-20,CVCB3,19.8
2021-01-20,CYRE3,28.42
2021-01-20,DIRR3,13.86
2021-01-20,EGIE3,44.02
2021-01-20,ELET3,33.0
2021-01-20,ELET6,33.49
2021-01-20,EMBR3,9.16
2021-01-20,ENEV3,65.72
2021-01-20,ENGI11,47.63
2021-01-20,EQTL3,22.28
2021-01-20,FLRY3,27.22
2021-01-20,GGBR4,25.14
2021-01-20,GOAU4,11.41
2021-01-20,HAPV3,17.37
2021-01-20,HYPE3,34.99
2021-01-20,IRBR3,7.66
2021-01-20,ITSA4,11.27
2021-01-20,ITUB4,30.32
2021-01-20,JBSS3,24.75
2021-01-20,KLBN11,29.11
2021-01-20,LREN3,43.11
2021-01-20,LWSA3,109.4
2021-01-20,MGLU3,25.42
2021-01-20,MRFG3,13.53
2021-01-20,MRVE3,19.72
2021-01-20,MULT3,20.96
2021-01-20,NTCO3,50.02
2021-01-20,PCAR3,77.27
2021-01-20,PETR3,28.63
2021-01-20,PETR4,28.21
2021-01-20,PETZ3,21.79
2021-01-20,POMO4,3.02
2021-01-20,PRIO3,70.81
2021-01-20,PSSA3,49.84
2021-01-20,RADL3,26.21
2021-01-20,RAIL3,21.03
2021-01-20,RDOR3,68.0
2021-01-20,RENT3,69.57
2021-01-20,SANB11,41.87
2021-01-20,SBSP3,40.71
2021-01-20,SLCE3,34.41
2021-01-20,SMTO3,31.26
2021-01-20,STBP3,6.23
2021-01-20,SUZB3,65.9
2021-01-20,TAEE11,33.16
2021-01-20,TEND3,29.84
2021-01-20,TIMS3,13.54
2021-01-20,TOTS3,29.87
2021-01-20,UGPA3,22.55
2021-01-20,USIM5,14.11
2021-01-20,VALE3,92.32
2021-01-20,VIVA3,26.46
2021-01-20,VIVT3,43.86
2021-01-20,WEGE3,88.7
2021-01-20,YDUQ3,34.68
2021-01-21,ABEV3,15.61
2021-01-21,AZUL4,38.3
2021-01-21,B3SA3,58.1
2021-01-21,BBAS3,34.18
2021-01-21,BBDC3,22.29
2021-01-21,BBDC4,25.48
2021-01-21,BBSE3,28.79
2021-01-21,BEEF3,9.34
2021-01-21,BPAC11,92.82
2021-01-21,BRAP4,71.14
2021-01-21,BRFS3,20.05
2021-01-21,BRKM5,24.83
2021-01-21,CCRO3,12.56
2021-01-21,CEAB3,12.42
2021-01-21,CMIG4,13.83
2021-01-21,COGN3,4.5
2021-01-21,CPFE3,31.01
2021-01-21,CPLE3,62.5
2021-01-21,CPLE6,66.28
2021-01-21,CRFB3,19.15
2021-01-21,CSAN3,77.62
2021-01-21,CSMG3,15.37
2021-01-21,CSNA3,33.42
2021-01-21,CURY3,11.56
2021-01-21,CVCB3,19.26
2021-01-21,CYRE3,26.9
2021-01-21,DIRR3,13.22
2021-01-21,EGIE3,43.61
2021-01-21,ELET3,31.3
2021-01-21,ELET6,31.43
2021-01-21,EMBR3,8.88
2021-01-21,ENEV3,64.68
2021-01-21,ENGI11,47.84
2021-01-21,EQTL3,22.0
2021-01-21,FLRY3,26.93
2021-01-21,GGBR4,25.02
2021-01-21,GOAU4,11.43
2021-01-21,HAPV3,17.62
2021-01-21,HYPE3,34.73
2021-01-21,IRBR3,7.6
2021-01-21,ITSA4,11.04
2021-01-21,ITUB4,29.91
2021-01-21,JBSS3,24.47
2021-01-21,KLBN11,29.14
2021-01-21,LREN3,42.36
2021-01-21,LWSA3,117.61
2021-01-21,MGLU3,25.49
2021-01-21,MRFG3,13.33
2021-01-21,MRVE3,19.1
2021-01-21,MULT3,20.59
2021-01-21,NTCO3,49.16
2021-01-21,PCAR3,76.02
2021-01-21,PETR3,28.09
2021-01-21,PETR4,27.55
2021-01-21,PETZ3,22.3
2021-01-21,POMO4,2.88
2021-01-21,PRIO3,74.28
2021-01-21,PSSA3,50.03
2021-01-21,RADL3,25.47
2021-01-21,RAIL3,20.89
2021-01-21,RDOR3,67.92
2021-01-21,RENT3,67.91
2021-01-21,SANB11,40.86
2021-01-21,SBSP3,40.26
2021-01-21,SLCE3,34.9
2021-01-21,SMTO3,30.62
2021-01-21,STBP3,6.24
2021-01-21,SUZB3,65.43
2021-01-21,TAEE11,32.83
2021-01-21,TEND3,28.57
2021-01-21,TIMS3,13.3
2021-01-21,TOTS3,29.75
2021-01-21,UGPA3,22.49
2021-01-21,USIM5,14.16
2021-01-21,VALE3,93.36
2021-01-21,VIVA3,25.92
2021-01-21,VIVT3,43.82
2021-01-21,WEGE3,87.65
2021-01-21,YDUQ3,33.83
2021-01-22,ABEV3,15.15
2021-01-22,AZUL4,38.91
2021-01-22,B3SA3,58.55
2021-01-22,BBAS3,33.69
2021-01-22,BBDC3,21.92
2021-01-22,BBDC4,25.01
2021-01-22,BBSE3,28.42
2021-01-22,BEEF3,9.18
2021-01-22,BPAC11,92.88
2021-01-22,BRAP4,70.87
2021-01-22,BRFS3,20.69
2021-01-22,BRKM5,24.01
2021-01-22,CCRO3,12.51
2021-01-22,CEAB3,12.01
2021-01-22,CMIG4,13.8
2021-01-22,COGN3,4.41
2021-01-22,CPFE3,30.48
2021-01-22,CPLE3,61.88
2021-01-22,CPLE6,65.31
2021-01-22,CRFB3,19.04
2021-01-22,CSAN3,77.0
2021-01-22,CSMG3,15.48
2021-01-22,CSNA3,33.98
2021-01-22,CURY3,11.04
2021-01-22,CVCB3,18.3
2021-01-22,CYRE3,26.0
2021-01-22,DIRR3,13.52
2021-01-22,EGIE3,43.33
2021-01-22,ELET3,30.24
2021-01-22,ELET6,30.58
2021-01-22,EMBR3,8.66
2021-01-22,ENEV3,64.13
2021-01-22,ENGI11,47.66
2021-01-22,EQTL3,22.0
2021-01-22,FLRY3,26.67
2021-01-22,GGBR4,25.36
2021-01-22,GOAU4,11.59
2021-01-22,HAPV3,17.38
2021-01-22,HYPE3,34.65
2021-01-22,IRBR3,6.92
2021-01-22,ITSA4,10.88
2021-01-22,ITUB4,29.27
2021-01-22,JBSS3,24.51
2021-01-22,KLBN11,28.73
2021-01-22,LREN3,41.02
2021-01-22,LWSA3,114.26
2021-01-22,MGLU3,25.99
2021-01-22,MRFG3,13.19
2021-01-22,MRVE3,19.03
2021-01-22,MULT3,20.38
2021-01-22,NTCO3,49.33
2021-01-22,PCAR3,75.41
2021-01-22,PETR3,27.73
2021-01-22,PETR4,27.09
2021-01-22,PETZ3,22.03
2021-01-22,POMO4,2.87
2021-01-22,PRIO3,72.0
2021-01-22,PSSA3,49.37
2021-01-22,RADL3,25.04
2021-01-22,RAIL3,20.85
2021-01-22,RDOR3,67.3
2021-01-22,RENT3,67.51
2021-01-22,SANB11,40.6
2021-01-22,SBSP3,40.98
2021-01-22,SLCE3,34.37
2021-01-22,SMTO3,30.31
2021-01-22,STBP3,6.1
2021-01-22,SUZB3,64.36
2021-01-22,TAEE11,32.5
2021-01-22,TEND3,28.28
2021-01-22,TIMS3,13.23
2021-01-22,TOTS3,30.07
2021-01-22,UGPA3,21.91
2021-01-22,USIM5,14.16
2021-01-22,VALE3,93.17
2021-01-22,VIVA3,25.93
2021-01-22,VIVT3,44.14
2021-01-22,WEGE3,88.97
2021-01-22,YDUQ3,33.34
2021-01-26,ABEV3,15.4
2021-01-26,AZUL4,37.87
2021-01-26,B3SA3,59.3
2021-01-26,BBAS3,32.79
2021-01-26,BBDC3,21.45
2021-01-26,BBDC4,24.41
2021-01-26,BBSE3,28.45
2021-01-26,BEEF3,9.06
2021-01-26,BPAC11,91.5
2021-01-26,BRAP4,70.17
2021-01-26,BRFS3,20.41
2021-01-26,BRKM5,23.65
2021-01-26,CCRO3,12.15
2021-01-26,CEAB3,12.33
2021-01-26,CMIG4,13.48
2021-01-26,COGN3,4.33
2021-01-26,CPFE3,30.37
2021-01-26,CPLE3,61.2
2021-01-26,CPLE6,63.66
2021-01-26,CRFB3,19.25
2021-01-26,CSAN3,75.75
2021-01-26,CSMG3,15.28
2021-01-26,CSNA3,33.0
2021-01-26,CURY3,11.05
2021-01-26,CVCB3,17.44
2021-01-26,CYRE3,25.54
2021-01-26,DIRR3,13.38
2021-01-26,EGIE3,42.73
2021-01-26,ELET3,27.31
2021-01-26,ELET6,28.5
2021-01-26,EMBR3,8.65
2021-01-26,ENEV3,63.9
2021-01-26,ENGI11,47.67
2021-01-26,EQTL3,21.87
2021-01-26,FLRY3,26.72
2021-01-26,GGBR4,24.05
2021-01-26,GOAU4,10.92
2021-01-26,HAPV3,17.9
2021-01-26,HYPE3,34.24
2021-01-26,IRBR3,6.53
2021-01-26,ITSA4,10.62
2021-01-26,ITUB4,28.25
2021-01-26,JBSS3,24.14
2021-01-26,KLBN11,29.3
2021-01-26,LREN3,41.42
2021-01-26,LWSA3,111.13
2021-01-26,MGLU3,25.75
2021-01-26,MRFG3,12.8
2021-01-26,MRVE3,18.67
2021-01-26,MULT3,20.51
2021-01-26,NTCO3,50.1
2021-01-26,PCAR3,75.36
2021-01-26,PETR3,27.6
2021-01-26,PETR4,27.0
2021-01-26,PETZ3,22.6
2021-01-26,POMO4,2.85
2021-01-26,PRIO3,70.6
2021-01-26,PSSA3,48.76
2021-01-26,RADL3,25.87
2021-01-26,RAIL3,20.67
2021-01-26,RDOR3,66.39
2021-01-26,RENT3,65.96
2021-01-26,SANB11,39.29
2021-01-26,SBSP3,40.6
2021-01-26,SLCE3,34.64
2021-01-26,SMTO3,30.43
2021-01-26,STBP3,5.9
2021-01-26,SUZB3,66.2
2021-01-26,TAEE11,32.15
2021-01-26,TEND3,28.82
2021-01-26,TIMS3,13.09
2021-01-26,TOTS3,30.11
2021-01-26,UGPA3,22.08
2021-01-26,USIM5,13.52
2021-01-26,VALE3,91.75
2021-01-26,VIVA3,25.42
2021-01-26,VIVT3,44.83
2021-01-26,WEGE3,88.95
2021-01-26,YDUQ3,33.44
2021-01-27,ABEV3,15.39
2021-01-27,AZUL4,39.95
2021-01-27,B3SA3,58.98
2021-01-27,BBAS3,33.59
2021-01-27,BBDC3,21.63
2021-01-27,BBDC4,24.8
2021-01-27,BBSE3,28.0
2021-01-27,BEEF3,9.24
2021-01-27,BPAC11,90.1
2021-01-27,BRAP4,67.72
2021-01-27,BRFS3,20.98
2021-01-27,BRKM5,23.22
2021-01-27,CCRO3,12.5
2021-01-27,CEAB3,12.52
2021-01-27,CMIG4,13.46
2021-01-27,COGN3,4.37
2021-01-27,CPFE3,30.85
2021-01-27,CPLE3,61.65
2021-01-27,CPLE6,64.45
2021-01-27,CRFB3,19.28
2021-01-27,CSAN3,76.8
2021-01-27,CSMG3,15.42
2021-01-27,CSNA3,32.1
2021-01-27,CURY3,11.02
2021-01-27,CVCB3,18.02
2021-01-27,CYRE3,25.79
2021-01-27,DIRR3,13.4
2021-01-27,EGIE3,43.06
2021-01-27,ELET3,28.1
2021-01-27,ELET6,28.96
2021-01-27,EMBR3,8.84
2021-01-27,ENEV3,63.85
2021-01-27,ENGI11,49.54
2021-01-27,EQTL3,22.14
2021-01-27,FLRY3,26.55
2021-01-27,GGBR4,23.61
2021-01-27,GOAU4,10.74
2021-01-27,HAPV3,17.24
2021-01-27,HYPE3,33.36
2021-01-27,IRBR3,6.51
2021-01-27,ITSA4,10.58
2021-01-27,ITUB4,28.23
2021-01-27,JBSS3,23.91
2021-01-27,KLBN11,28.2
2021-01-27,LREN3,41.69
2021-01-27,LWSA3,98.1
2021-01-27,MGLU3,25.79
2021-01-27,MRFG3,13.07
2021-01-27,MRVE3,18.81
2021-01-27,MULT3,20.44
2021-01-27,NTCO3,49.42
2021-01-27,PCAR3,74.07
2021-01-27,PETR3,27.98
2021-01-27,PETR4,27.38
2021-01-27,PETZ3,21.6
2021-01-27,POMO4,2.91
2021-01-27,PRIO3,69.12
2021-01-27,PSSA3,47.97
2021-01-27,RADL3,25.17
2021-01-27,RAIL3,20.74
2021-01-27,RDOR3,64.15
2021-01-27,RENT3,64.88
2021-01-27,SANB11,39.05
2021-01-27,SBSP3,40.94
2021-01-27,SLCE3,34.51
2021-01-27,SMTO3,30.01
2021-01-27,STBP3,6.0
2021-01-27,SUZB3,62.3
2021-01-27,TAEE11,32.3
2021-01-27,TEND3,28.57
2021-01-27,TIMS3,13.32
2021-01-27,TOTS3,28.74
2021-01-27,UGPA3,22.03
2021-01-27,USIM5,13.16
2021-01-27,VALE3,89.2
2021-01-27,VIVA3,25.5
2021-01-27,VIVT3,45.59
2021-01-27,WEGE3,88.25
2021-01-27,YDUQ3,33.31
2021-01-28,ABEV3,15.54
2021-01-28,AZUL4,41.44
2021-01-28,B3SA3,61.29
2021-01-28,BBAS3,34.54
2021-01-28,BBDC3,22.3
2021-01-28,BBDC4,25.53
2021-01-28,BBSE3,28.23
2021-01-28,BEEF3,9.5
2021-01-28,BPAC11,98.03
2021-01-28,BRAP4,65.99
2021-01-28,BRFS3,21.65
2021-01-28,BRKM5,23.83
2021-01-28,CCRO3,12.69
2021-01-28,CEAB3,13.09
2021-01-28,CMIG4,14.15
2021-01-28,COGN3,4.59
2021-01-28,CPFE3,31.4
2021-01-28,CPLE3,63.12
2021-01-28,CPLE6,66.16
2021-01-28,CRFB3,19.48
2021-01-28,CSAN3,77.15
2021-01-28,CSMG3,15.92
2021-01-28,CSNA3,33.14
2021-01-28,CURY3,11.08
2021-01-28,CVCB3,19.24
2021-01-28,CYRE3,26.65
2021-01-28,DIRR3,14.09
2021-01-28,EGIE3,43.86
2021-01-28,ELET3,29.23
2021-01-28,ELET6,29.77
2021-01-28,EMBR3,9.13
2021-01-28,ENEV3,65.74
2021-01-28,ENGI11,50.69
2021-01-28,EQTL3,22.75
2021-01-28,FLRY3,26.89
2021-01-28,GGBR4,24.29
2021-01-28,GOAU4,10.98
2021-01-28,HAPV3,17.84
2021-01-28,HYPE3,34.2
2021-01-28,IRBR3,7.67
2021-01-28,ITSA4,10.97
2021-01-28,ITUB4,29.39
2021-01-28,JBSS3,24.3
2021-01-28,KLBN11,28.12
2021-01-28,LREN3,43.23
2021-01-28,LWSA3,103.67
2021-01-28,MGLU3,26.19
2021-01-28,MRFG3,13.28
2021-01-28,MRVE3,19.61
2021-01-28,MULT3,21.8
2021-01-28,NTCO3,50.3
2021-01-28,PCAR3,75.52
2021-01-28,PETR3,28.6
2021-01-28,PETR4,27.76
2021-01-28,PETZ3,21.8
2021-01-28,POMO4,3.03
2021-01-28,PRIO3,71.78
2021-01-28,PSSA3,50.04
2021-01-28,RADL3,25.35
2021-01-28,RAIL3,20.92
2021-01-28,RDOR3,65.01
2021-01-28,RENT3,67.24
2021-01-28,SANB11,40.61
2021-01-28,SBSP3,41.86
2021-01-28,SLCE3,34.22
2021-01-28,SMTO3,30.4
2021-01-28,STBP3,6.25
2021-01-28,SUZB3,62.93
2021-01-28,TAEE11,32.5
2021-01-28,TEND3,29.39
2021-01-28,TIMS3,13.55
2021-01-28,TOTS3,29.46
2021-01-28,UGPA3,22.97
2021-01-28,USIM5,13.91
2021-01-28,VALE3,91.1
2021-01-28,VIVA3,26.33
2021-01-28,VIVT3,45.71
2021-01-28,WEGE3,87.97
2021-01-28,YDUQ3,34.32
2021-01-29,ABEV3,15.11
2021-01-29,AZUL4,40.34
2021-01-29,B3SA3,59.8
2021-01-29,BBAS3,33.86
2021-01-29,BBDC3,21.64
2021-01-29,BBDC4,24.74
2021-01-29,BBSE3,27.66
2021-01-29,BEEF3,9.28
2021-01-29,BPAC11,95.05
2021-01-29,BRAP4,62.51
2021-01-29,BRFS3,21.22
2021-01-29,BRKM5,24.22
2021-01-29,CCRO3,12.12
2021-01-29,CEAB3,12.5
2021-01-29,CMIG4,13.7
2021-01-29,COGN3,4.52
2021-01-29,CPFE3,31.11
2021-01-29,CPLE3,62.15
2021-01-29,CPLE6,65.28
2021-01-29,CRFB3,19.04
2021-01-29,CSAN3,75.06
2021-01-29,CSMG3,15.51
2021-01-29,CSNA3,30.4
2021-01-29,CURY3,10.8
2021-01-29,CVCB3,19.04
2021-01-29,CYRE3,25.63
2021-01-29,DIRR3,13.91
2021-01-29,EGIE3,42.96
2021-01-29,ELET3,28.69
2021-01-29,ELET6,28.74
2021-01-29,EMBR3,8.79
2021-01-29,ENEV3,62.6
2021-01-29,ENGI11,49.25
2021-01-29,EQTL3,22.52
2021-01-29,FLRY3,26.26
2021-01-29,GGBR4,23.25
2021-01-29,GOAU4,10.58
2021-01-29,HAPV3,17.17
2021-01-29,HYPE3,32.29
2021-01-29,IRBR3,7.2
2021-01-29,ITSA4,10.61
2021-01-29,ITUB4,28.34
2021-01-29,JBSS3,24.18
2021-01-29,KLBN11,28.1
2021-01-29,LREN3,41.47
2021-01-29,LWSA3,102.22
2021-01-29,MGLU3,25.27
2021-01-29,MRFG3,13.29
2021-01-29,MRVE3,19.0
2021-01-29,MULT3,21.2
2021-01-29,NTCO3,49.06
2021-01-29,PCAR3,75.48
2021-01-29,PETR3,27.33
2021-01-29,PETR4,26.69
2021-01-29,PETZ3,21.5
2021-01-29,POMO4,2.91
2021-01-29,PRIO3,70.49
2021-01-29,PSSA3,48.18
2021-01-29,RADL3,24.92
2021-01-29,RAIL3,20.3
2021-01-29,RDOR3,65.7
2021-01-29,RENT3,63.88
2021-01-29,SANB11,39.26
2021-01-29,SBSP3,40.87
2021-01-29,SLCE3,34.63
2021-01-29,SMTO3,29.79
2021-01-29,STBP3,6.16
2021-01-29,SUZB3,62.05
2021-01-29,TAEE11,32.09
2021-01-29,TEND3,29.07
2021-01-29,TIMS3,13.3
2021-01-29,TOTS3,28.4
2021-01-29,UGPA3,21.78
2021-01-29,USIM5,13.2
2021-01-29,VALE3,87.95
2021-01-29,VAMO3,31.05
2021-01-29,VIVA3,25.48
2021-01-29,VIVT3,45.2
2021-01-29,WEGE3,83.79
2021-01-29,YDUQ3,33.55
2021-02-01,ABEV3,15.6
2021-02-01,AZUL4,41.4
2021-02-01,B3SA3,61.25
2021-02-01,BBAS3,34.29
2021-02-01,BBDC3,22.1
2021-02-01,BBDC4,25.25
2021-02-01,BBSE3,28.05
2021-02-01,BEEF3,9.26
2021-02-01,BPAC11,98.47
2021-02-01,BRAP4,64.76
2021-02-01,BRFS3,21.05
2021-02-01,BRKM5,25.56
2021-02-01,CCRO3,12.21
2021-02-01,CEAB3,12.65
2021-02-01,CMIG4,14.14
2021-02-01,COGN3,4.54
2021-02-01,CPFE3,31.56
2021-02-01,CPLE3,62.43
2021-02-01,CPLE6,65.4
2021-02-01,CRFB3,19.44
2021-02-01,CSAN3,76.88
2021-02-01,CSMG3,15.79
2021-02-01,CSNA3,31.69
2021-02-01,CURY3,11.05
2021-02-01,CVCB3,19.24
2021-02-01,CYRE3,26.42
2021-02-01,DIRR3,14.15
2021-02-01,EGIE3,43.78
2021-02-01,ELET3,30.83
2021-02-01,ELET6,31.32
2021-02-01,EMBR3,8.93
2021-02-01,ENEV3,71.06
2021-02-01,ENGI11,49.4
2021-02-01,EQTL3,22.6
2021-02-01,FLRY3,27.28
2021-02-01,GGBR4,23.24
2021-02-01,GOAU4,10.67
2021-02-01,HAPV3,17.51
2021-02-01,HYPE3,33.06
2021-02-01,IRBR3,7.33
2021-02-01,ITSA4,10.79
2021-02-01,ITUB4,29.08
2021-02-01,JBSS3,24.23
2021-02-01,KLBN11,28.7
2021-02-01,LREN3,41.07
2021-02-01,LWSA3,26.66
2021-02-01,MGLU3,24.93
2021-02-01,MRFG3,13.31
2021-02-01,MRVE3,19.32
2021-02-01,MULT3,21.31
2021-02-01,NTCO3,48.46
2021-02-01,PCAR3,79.41
2021-02-01,PETR3,28.11
2021-02-01,PETR4,27.53
2021-02-01,PETZ3,21.6
2021-02-01,POMO4,2.96
2021-02-01,PRIO3,73.47
2021-02-01,PSSA3,48.76
2021-02-01,RADL3,25.03
2021-02-01,RAIL3,21.1
2021-02-01,RDOR3,67.8
2021-02-01,RENT3,63.95
2021-02-01,SANB11,40.8
2021-02-01,SBSP3,41.57
2021-02-01,SLCE3,35.0
2021-02-01,SMTO3,30.84
2021-02-01,STBP3,6.49
2021-02-01,SUZB3,64.23
2021-02-01,TAEE11,32.67
2021-02-01,TEND3,28.65
2021-02-01,TIMS3,13.31
2021-02-01,TOTS3,28.36
2021-02-01,UGPA3,22.22
2021-02-01,USIM5,13.35
2021-02-01,VALE3,91.27
2021-02-01,VAMO3,33.0
2021-02-01,VIVA3,25.75
2021-02-01,VIVT3,45.93
2021-02-01,WEGE3,84.54
2021-02-01,YDUQ3,33.82
2021-02-02,ABEV3,15.61
2021-02-02,AZUL4,42.14
2021-02-02,B3SA3,62.69
2021-02-02,BBAS3,34.06
2021-02-02,BBDC3,22.04
2021-02-02,BBDC4,25.13
2021-02-02,BBSE3,28.29
2021-02-02,BEEF3,9.31
2021-02-02,BPAC11,98.83
2021-02-02,BRAP4,61.06
2021-02-02,BRFS3,21.9
2021-02-02,BRKM5,27.18
2021-02-02,CCRO3,12.41
2021-02-02,CEAB3,12.47
2021-02-02,CMIG4,14.28
2021-02-02,COGN3,4.65
2021-02-02,CPFE3,32.37
2021-02-02,CPLE3,63.58
2021-02-02,CPLE6,66.2
2021-02-02,CRFB3,19.48
2021-02-02,CSAN3,78.58
2021-02-02,CSMG3,15.93
2021-02-02,CSNA3,30.6
2021-02-02,CURY3,11.16
2021-02-02,CVCB3,19.97
2021-02-02,CYRE3,27.1
2021-02-02,DIRR3,14.38
2021-02-02,EGIE3,44.25
2021-02-02,ELET3,31.33
2021-02-02,ELET6,32.32
2021-02-02,EMBR3,9.53
2021-02-02,ENEV3,72.0
2021-02-02,ENGI11,50.78
2021-02-02,EQTL3,22.82
2021-02-02,FLRY3,28.7
2021-02-02,GGBR4,22.97
2021-02-02,GOAU4,10.52
2021-02-02,HAPV3,17.76
2021-02-02,HYPE3,33.25
2021-02-02,IRBR3,7.24
2021-02-02,ITSA4,10.81
2021-02-02,ITUB4,28.46
2021-02-02,JBSS3,24.52
2021-02-02,KLBN11,28.14
2021-02-02,LREN3,41.01
2021-02-02,LWSA3,27.84
2021-02-02,MGLU3,25.3
2021-02-02,MRFG3,13.55
2021-02-02,MRVE3,19.4
2021-02-02,MULT3,21.3
2021-02-02,NTCO3,49.26
2021-02-02,PCAR3,81.69
2021-02-02,PETR3,29.08
2021-02-02,PETR4,28.66
2021-02-02,PETZ3,21.8
2021-02-02,POMO4,3.06
2021-02-02,PRIO3,77.83
2021-02-02,PSSA3,49.29
2021-02-02,RADL3,25.27
2021-02-02,RAIL3,20.77
2021-02-02,RDOR3,68.55
2021-02-02,RENT3,67.51
2021-02-02,SANB11,41.0
2021-02-02,SBSP3,42.24
2021-02-02,SLCE3,36.6
2021-02-02,SMTO3,30.48
2021-02-02,STBP3,6.48
2021-02-02,SUZB3,63.08
2021-02-02,TAEE11,33.2
2021-02-02,TEND3,29.11
2021-02-02,TIMS3,13.6
2021-02-02,TOTS3,30.28
2021-02-02,UGPA3,22.83
2021-02-02,USIM5,13.07
2021-02-02,VALE3,87.66
2021-02-02,VAMO3,32.6
2021-02-02,VIVA3,25.84
2021-02-02,VIVT3,46.61
2021-02-02,WEGE3,85.0
2021-02-02,YDUQ3,34.83
2021-02-03,ABEV3,15.68
2021-02-03,AZUL4,42.51
2021-02-03,B3SA3,62.96
2021-02-03,BBAS3,34.33
2021-02-03,BBDC3,22.18
2021-02-03,BBDC4,25.25
2021-02-03,BBSE3,28.35
2021-02-03,BEEF3,9.5
2021-02-03,BPAC11,106.47
2021-02-03,BRAP4,62.4
2021-02-03,BRFS3,22.57
2021-02-03,BRKM5,28.87
2021-02-03,CCRO3,12.61
2021-02-03,CEAB3,12.38
2021-02-03,CMIG4,14.42
2021-02-03,COGN3,4.74
2021-02-03,CPFE3,32.72
2021-02-03,CPLE3,63.53
2021-02-03,CPLE6,66.03
2021-02-03,CRFB3,19.64
2021-02-03,CSAN3,78.95
2021-02-03,CSMG3,15.99
2021-02-03,CSNA3,31.18
2021-02-03,CURY3,11.39
2021-02-03,CVCB3,19.52
2021-02-03,CYRE3,28.14
2021-02-03,DIRR3,14.76
2021-02-03,EGIE3,45.0
2021-02-03,ELET3,31.72
2021-02-03,ELET6,32.88
2021-02-03,EMBR3,9.64
2021-02-03,ENEV3,73.08
2021-02-03,ENGI11,52.0
2021-02-03,EQTL3,23.24
2021-02-03,FLRY3,28.34
2021-02-03,GGBR4,23.53
2021-02-03,GOAU4,10.82
2021-02-03,HAPV3,17.69
2021-02-03,HYPE3,33.02
2021-02-03,IRBR3,7.29
2021-02-03,ITSA4,10.82
2021-02-03,ITUB4,28.32
2021-02-03,JBSS3,24.83
2021-02-03,KLBN11,28.29
2021-02-03,LREN3,41.84
2021-02-03,LWSA3,27.7
2021-02-03,MGLU3,25.65
2021-02-03,MRFG3,14.07
2021-02-03,MRVE3,20.2
2021-02-03,MULT3,22.5
2021-02-03,NTCO3,50.0
2021-02-03,PCAR3,82.0
2021-02-03,PETR3,29.3
2021-02-03,PETR4,28.85
2021-02-03,PETZ3,21.97
2021-02-03,POMO4,3.04
2021-02-03,PRIO3,76.88
2021-02-03,PSSA3,49.85
2021-02-03,RADL3,25.44
2021-02-03,RAIL3,21.7
2021-02-03,RDOR3,71.0
2021-02-03,RENT3,68.8
2021-02-03,SANB11,40.84
2021-02-03,SBSP3,41.73
2021-02-03,SLCE3,37.89
2021-02-03,SMTO3,30.4
2021-02-03,STBP3,6.54
2021-02-03,SUZB3,63.85
2021-02-03,TAEE11,33.3
2021-02-03,TEND3,29.29
2021-02-03,TIMS3,14.08
2021-02-03,TOTS3,29.58
2021-02-03,UGPA3,23.45
2021-02-03,USIM5,13.02
2021-02-03,VALE3,90.43
2021-02-03,VAMO3,32.9
2021-02-03,VIVA3,26.2
2021-02-03,VIVT3,48.39
2021-02-03,WEGE3,88.67
2021-02-03,YDUQ3,34.39
2021-02-04,ABEV3,15.6
2021-02-04,AZUL4,43.37
2021-02-04,B3SA3,62.44
2021-02-04,BBAS3,34.19
2021-02-04,BBDC3,22.86
2021-02-04,BBDC4,26.01
2021-02-04,BBSE3,28.28
2021-02-04,BEEF3,9.37
2021-02-04,BPAC11,109.46
2021-02-04,BRAP4,61.51
2021-02-04,BRFS3,22.39
2021-02-04,BRKM5,29.71
2021-02-04,CCRO3,12.44
2021-02-04,CEAB3,12.36
2021-02-04,CMIG4,14.29
2021-02-04,COGN3,4.62
2021-02-04,CPFE3,33.13
2021-02-04,CPLE3,63.28
2021-02-04,CPLE6,67.34
2021-02-04,CRFB3,19.39
2021-02-04,CSAN3,79.93
2021-02-04,CSMG3,15.76
2021-02-04,CSNA3,31.1
2021-02-04,CURY3,11.12
2021-02-04,CVCB3,20.11
2021-02-04,CYRE3,27.86
2021-02-04,DIRR3,14.53
2021-02-04,EGIE3,45.12
2021-02-04,ELET3,29.85
2021-02-04,ELET6,30.9
2021-02-04,EMBR3,9.45
2021-02-04,ENEV3,72.93
2021-02-04,ENGI11,50.76
2021-02-04,EQTL3,23.32
2021-02-04,FLRY3,27.95
2021-02-04,GGBR4,23.19
2021-02-04,GOAU4,10.62
2021-02-04,HAPV3,17.82
2021-02-04,HYPE3,33.21
2021-02-04,IRBR3,7.12
2021-02-04,ITSA4,10.82
2021-02-04,ITUB4,28.2
2021-02-04,JBSS3,25.1
2021-02-04,KLBN11,28.01
2021-02-04,LREN3,41.34
2021-02-04,LWSA3,28.98
2021-02-04,MGLU3,25.31
2021-02-04,MRFG3,14.28
2021-02-04,MRVE3,19.98
2021-02-04,MULT3,22.13
2021-02-04,NTCO3,50.41
2021-02-04,PCAR3,83.73
2021-02-04,PETR3,29.27
2021-02-04,PETR4,28.82
2021-02-04,PETZ3,21.65
2021-02-04,POMO4,2.92
2021-02-04,PRIO3,75.88
2021-02-04,PSSA3,49.52
2021-02-04,RADL3,24.88
2021-02-04,RAIL3,21.5
2021-02-04,RDOR3,73.4
2021-02-04,RENT3,69.6
2021-02-04,SANB11,41.21
2021-02-04,SBSP3,40.45
2021-02-04,SLCE3,36.85
2021-02-04,SMTO3,30.21
2021-02-04,STBP3,6.39
2021-02-04,SUZB3,64.66
2021-02-04,TAEE11,33.14
2021-02-04,TEND3,29.25
2021-02-04,TIMS3,13.85
2021-02-04,TOTS3,29.72
2021-02-04,UGPA3,23.31
2021-02-04,USIM5,13.15
2021-02-04,VALE3,89.29
2021-02-04,VAMO3,32.8
2021-02-04,VIVA3,26.72
2021-02-04,VIVT3,48.39
2021-02-04,WEGE3,85.57
2021-02-04,YDUQ3,33.4
2021-02-05,ABEV3,15.52
2021-02-05,AZUL4,43.55
2021-02-05,B3SA3,63.45
2021-02-05,BBAS3,33.96
2021-02-05,BBDC3,22.71
2021-02-05,BBDC4,25.87
2021-02-05,BBSE3,28.52
2021-02-05,BEEF3,9.35
2021-02-05,BPAC11,110.0
2021-02-05,BRAP4,63.07
2021-02-05,BRFS3,22.41
2021-02-05,BRKM5,29.16
2021-02-05,CCRO3,12.27
2021-02-05,CEAB3,12.3
2021-02-05,CMIG4,14.14
2021-02-05,COGN3,4.63
2021-02-05,CPFE3,33.43
2021-02-05,CPLE3,64.86
2021-02-05,CPLE6,67.93
2021-02-05,CRFB3,19.52
2021-02-05,CSAN3,78.74
2021-02-05,CSMG3,15.97
2021-02-05,CSNA3,33.39
2021-02-05,CURY3,11.19
2021-02-05,CVCB3,19.97
2021-02-05,CYRE3,27.44
2021-02-05,DIRR3,14.42
2021-02-05,EGIE3,45.12
2021-02-05,ELET3,29.8
2021-02-05,ELET6,30.87
2021-02-05,EMBR3,9.47
2021-02-05,ENEV3,73.75
2021-02-05,ENGI11,50.11
2021-02-05,EQTL3,23.49
2021-02-05,FLRY3,28.16
2021-02-05,GGBR4,24.2
2021-02-05,GOAU4,11.02
2021-02-05,HAPV3,17.85
2021-02-05,HYPE3,33.0
2021-02-05,IRBR3,6.91
2021-02-05,ITSA4,10.76
2021-02-05,ITUB4,28.08
2021-02-05,JBSS3,25.15
2021-02-05,KLBN11,28.46
2021-02-05,LREN3,41.01
2021-02-05,LWSA3,29.96
2021-02-05,MGLU3,25.85
2021-02-05,MRFG3,14.31
2021-02-05,MRVE3,19.75
2021-02-05,MULT3,21.84
2021-02-05,NTCO3,50.97
2021-02-05,PCAR3,85.1
2021-02-05,PETR3,29.68
2021-02-05,PETR4,29.02
2021-02-05,PETZ3,21.66
2021-02-05,POMO4,2.9
2021-02-05,PRIO3,78.5
2021-02-05,PSSA3,51.29
2021-02-05,RADL3,25.25
2021-02-05,RAIL3,21.35
2021-02-05,RDOR3,74.9
2021-02-05,RENT3,68.87
2021-02-05,SANB11,41.56
2021-02-05,SBSP3,40.45
2021-02-05,SLCE3,37.16
2021-02-05,SMTO3,30.6
2021-02-05,STBP3,6.41
2021-02-05,SUZB3,66.5
2021-02-05,TAEE11,33.13
2021-02-05,TEND3,29.2
2021-02-05,TIMS3,13.85
2021-02-05,TOTS3,29.56
2021-02-05,UGPA3,23.6
2021-02-05,USIM5,13.73
2021-02-05,VALE3,92.69
2021-02-05,VAMO3,32.5
2021-02-05,VIVA3,27.06
2021-02-05,VIVT3,47.85
2021-02-05,WEGE3,84.5
2021-02-05,YDUQ3,33.44
2021-02-08,ABEV3,14.94
2021-02-08,AZUL4,44.59
2021-02-08,B3SA3,62.51
2021-02-08,BBAS3,33.87
2021-02-08,BBDC3,22.3
2021-02-08,BBDC4,25.32
2021-02-08,BBSE3,28.09
2021-02-08,BEEF3,9.42
2021-02-08,BPAC11,114.15
2021-02-08,BRAP4,63.27
2021-02-08,BRFS3,23.1
2021-02-08,BRKM5,28.63
2021-02-08,CCRO3,12.2
2021-02-08,CEAB3,12.02
2021-02-08,CMIG4,14.16
2021-02-08,COGN3,4.47
2021-02-08,CPFE3,33.5
2021-02-08,CPLE3,64.46
2021-02-08,CPLE6,67.8
2021-02-08,CRFB3,19.68
2021-02-08,CSAN3,85.49
2021-02-08,CSMG3,15.83
2021-02-08,CSNA3,34.61
2021-02-08,CURY3,11.16
2021-02-08,CVCB3,19.87
2021-02-08,CYRE3,28.75
2021-02-08,DIRR3,14.7
2021-02-08,EGIE3,45.02
2021-02-08,ELET3,29.69
2021-02-08,ELET6,30.39
2021-02-08,EMBR3,9.63
2021-02-08,ENEV3,74.45
2021-02-08,ENGI11,50.78
2021-02-08,EQTL3,23.34
2021-02-08,FLRY3,27.96
2021-02-08,GGBR4,24.0
2021-02-08,GOAU4,10.91
2021-02-08,HAPV3,18.07
2021-02-08,HYPE3,33.02
2021-02-08,IRBR3,6.72
2021-02-08,ITSA4,10.6
2021-02-08,ITUB4,27.56
2021-02-08,JBSS3,25.6
2021-02-08,KLBN11,28.16
2021-02-08,LREN3,41.24
2021-02-08,LWSA3,31.99
2021-02-08,MGLU3,26.16
2021-02-08,MRFG3,14.43
2021-02-08,MRVE3,19.91
2021-02-08,MULT3,21.6
2021-02-08,NTCO3,50.73
2021-02-08,PCAR3,87.6
2021-02-08,PETR3,28.45
2021-02-08,PETR4,28.11
2021-02-08,PETZ3,22.03
2021-02-08,POMO4,2.83
2021-02-08,PRIO3,81.09
2021-02-08,PSSA3,49.86
2021-02-08,RADL3,25.36
2021-02-08,RAIL3,21.35
2021-02-08,RDOR3,73.5
2021-02-08,RENT3,69.26
2021-02-08,SANB11,40.21
2021-02-08,SBSP3,39.74
2021-02-08,SLCE3,38.9
2021-02-08,SMTO3,33.36
2021-02-08,STBP3,6.55
2021-02-08,SUZB3,65.97
2021-02-08,TAEE11,32.89
2021-02-08,TEND3,29.12
2021-02-08,TIMS3,13.75
2021-02-08,TOTS3,30.45
2021-02-08,UGPA3,23.86
2021-02-08,USIM5,13.88
2021-02-08,VALE3,94.01
2021-02-08,VAMO3,34.35
2021-02-08,VIVA3,26.7
2021-02-08,VIVT3,47.53
2021-02-08,WEGE3,85.5
2021-02-08,YDUQ3,33.36
2021-02-09,ABEV3,14.96
2021-02-09,AZUL4,44.3
2021-02-09,B3SA3,62.22
2021-02-09,BBAS3,34.28
2021-02-09,BBDC3,22.51
2021-02-09,BBDC4,25.45
2021-02-09,BBSE3,28.58
2021-02-09,BEEF3,9.53
2021-02-09,BPAC11,113.72
2021-02-09,BRAP4,63.16
2021-02-09,BRFS3,23.34
2021-02-09,BRKM5,28.99
2021-02-09,CCRO3,12.17
2021-02-09,CEAB3,11.83
2021-02-09,CMIG4,13.92
2021-02-09,COGN3,4.42
2021-02-09,CPFE3,33.78
2021-02-09,CPLE3,63.9
2021-02-09,CPLE6,66.9
2021-02-09,CRFB3,19.49
2021-02-09,CSAN3,83.58
2021-02-09,CSMG3,16.08
2021-02-09,CSNA3,35.45
2021-02-09,CURY3,10.78
2021-02-09,CVCB3,19.67
2021-02-09,CYRE3,28.08
2021-02-09,DIRR3,14.68
2021-02-09,EGIE3,44.87
2021-02-09,ELET3,29.83
2021-02-09,ELET6,30.32
2021-02-09,EMBR3,9.63
2021-02-09,ENEV3,74.01
2021-02-09,ENGI11,51.25
2021-02-09,EQTL3,23.51
2021-02-09,FLRY3,27.71
2021-02-09,GGBR4,24.15
2021-02-09,GOAU4,11.07
2021-02-09,HAPV3,17.7
2021-02-09,HYPE3,32.81
2021-02-09,IRBR3,6.65
2021-02-09,ITSA4,10.69
2021-02-09,ITUB4,27.89
2021-02-09,JBSS3,25.66
2021-02-09,KLBN11,27.86
2021-02-09,LREN3,40.89
2021-02-09,LWSA3,30.7
2021-02-09,MGLU3,26.24
2021-02-09,MRFG3,14.58
2021-02-09,MRVE3,19.59
2021-02-09,MULT3,21.38
2021-02-09,NTCO3,51.09
2021-02-09,PCAR3,87.92
2021-02-09,PETR3,27.71
2021-02-09,PETR4,27.54
2021-02-09,PETZ3,22.65
2021-02-09,POMO4,2.8
2021-02-09,PRIO3,77.74
2021-02-09,PSSA3,49.44
2021-02-09,RADL3,25.61
2021-02-09,RAIL3,20.85
2021-02-09,RDOR3,74.25
2021-02-09,RENT3,68.52
2021-02-09,SANB11,40.86
2021-02-09,SBSP3,42.56
2021-02-09,SLCE3,39.33
2021-02-09,SMTO3,32.7
2021-02-09,STBP3,6.55
2021-02-09,SUZB3,66.7
2021-02-09,TAEE11,32.81
2021-02-09,TEND3,28.31
2021-02-09,TIMS3,13.68
2021-02-09,TOTS3,30.83
2021-02-09,UGPA3,24.39
2021-02-09,USIM5,14.06
2021-02-09,VALE3,94.25
2021-02-09,VAMO3,33.91
2021-02-09,VIVA3,27.03
2021-02-09,VIVT3,47.52
2021-02-09,WEGE3,85.01
2021-02-09,YDUQ3,32.84
2021-02-10,ABEV3,15.01
2021-02-10,AZUL4,42.75
2021-02-10,B3SA3,60.05
2021-02-10,BBAS3,33.81
2021-02-10,BBDC3,22.29
2021-02-10,BBDC4,25.17
2021-02-10,BBSE3,28.72
2021-02-10,BEEF3,9.3
2021-02-10,BPAC11,108.75
2021-02-10,BRAP4,63.06
2021-02-10,BRFS3,23.07
2021-02-10,BRKM5,28.81
2021-02-10,CCRO3,12.05
2021-02-10,CEAB3,11.8
2021-02-10,CMIG4,13.73
2021-02-10,COGN3,4.24
2021-02-10,CPFE3,33.6
2021-02-10,CPLE3,63.7
2021-02-10,CPLE6,66.3
2021-02-10,CRFB3,19.41
2021-02-10,CSAN3,83.95
2021-02-10,CSMG3,15.74
2021-02-10,CSNA3,34.39
2021-02-10,CURY3,10.77
2021-02-10,CVCB3,19.23
2021-02-10,CYRE3,27.65
2021-02-10,DIRR3,14.26
2021-02-10,EGIE3,45.1
2021-02-10,ELET3,29.27
2021-02-10,ELET6,29.76
2021-02-10,EMBR3,9.67
2021-02-10,ENEV3,72.83
2021-02-10,ENGI11,50.62
2021-02-10,EQTL3,23.31
2021-02-10,FLRY3,27.5
2021-02-10,GGBR4,23.57
2021-02-10,GOAU4,10.77
2021-02-10,HAPV3,17.24
2021-02-10,HYPE3,32.76
2021-02-10,IRBR3,6.58
2021-02-10,ITSA4,10.62
2021-02-10,ITUB4,27.69
2021-02-10,JBSS3,25.45
2021-02-10,KLBN11,28.08
2021-02-10,LREN3,39.76
2021-02-10,LWSA3,27.63
2021-02-10,MGLU3,25.3
2021-02-10,MRFG3,14.37
2021-02-10,MRVE3,19.07
2021-02-10,MULT3,21.25
2021-02-10,NTCO3,50.72
2021-02-10,PCAR3,87.24
2021-02-10,PETR3,28.05
2021-02-10,PETR4,27.8
2021-02-10,PETZ3,22.36
2021-02-10,POMO4,2.76
2021-02-10,PRIO3,79.43
2021-02-10,PSSA3,49.15
2021-02-10,RADL3,25.45
2021-02-10,RAIL3,20.13
2021-02-10,RDOR3,72.6
2021-02-10,RENT3,67.35
2021-02-10,SANB11,40.19
2021-02-10,SBSP3,41.2
2021-02-10,SLCE3,39.87
2021-02-10,SMTO3,33.83
2021-02-10,STBP3,6.59
2021-02-10,SUZB3,68.2
2021-02-10,TAEE11,32.61
2021-02-10,TEND3,27.28
2021-02-10,TIMS3,13.81
2021-02-10,TOTS3,31.41
2021-02-10,UGPA3,23.71
2021-02-10,USIM5,13.81
2021-02-10,VALE3,94.7
2021-02-10,VAMO3,33.0
2021-02-10,VIVA3,26.4
2021-02-10,VIVT3,47.65
2021-02-10,WEGE3,86.03
2021-02-10,YDUQ3,32.0
2021-02-11,ABEV3,14.95
2021-02-11,AZUL4,43.04
2021-02-11,B3SA3,60.32
2021-02-11,BBAS3,33.94
2021-02-11,BBDC3,22.35
2021-02-11,BBDC4,25.2
2021-02-11,BBSE3,28.64
2021-02-11,BEEF3,9.51
2021-02-11,BPAC11,111.6
2021-02-11,BRAP4,62.8
2021-02-11,BRFS3,22.98
2021-02-11,BRKM5,29.33
2021-02-11,CCRO3,12.32
2021-02-11,CEAB3,11.75
2021-02-11,CMIG4,13.74
2021-02-11,COGN3,4.23
2021-02-11,CPFE3,33.75
2021-02-11,CPLE3,64.5
2021-02-11,CPLE6,67.17
2021-02-11,CRFB3,20.28
2021-02-11,CSAN3,86.4
2021-02-11,CSMG3,16.08
2021-02-11,CSNA3,33.02
2021-02-11,CURY3,10.8
2021-02-11,CVCB3,18.85
2021-02-11,CYRE3,28.03
2021-02-11,DIRR3,14.44
2021-02-11,EGIE3,45.82
2021-02-11,ELET3,29.68
2021-02-11,ELET6,29.97
2021-02-11,EMBR3,10.02
2021-02-11,ENEV3,72.75
2021-02-11,ENGI11,51.11
2021-02-11,EQTL3,23.39
2021-02-11,FLRY3,28.09
2021-02-11,GGBR4,24.11
2021-02-11,GOAU4,10.97
2021-02-11,HAPV3,17.62
2021-02-11,HYPE3,33.83
2021-02-11,IRBR3,6.55
2021-02-11,ITSA4,10.64
2021-02-11,ITUB4,27.69
2021-02-11,JBSS3,26.48
2021-02-11,KLBN11,28.26
2021-02-11,LREN3,39.39
2021-02-11,LWSA3,29.29
2021-02-11,MGLU3,25.65
2021-02-11,MRFG3,14.67
2021-02-11,MRVE3,19.51
2021-02-11,MULT3,21.35
2021-02-11,NTCO3,53.76
2021-02-11,PCAR3,87.53
2021-02-11,PETR3,28.31
2021-02-11,PETR4,28.08
2021-02-11,PETZ3,22.24
2021-02-11,POMO4,2.74
2021-02-11,PRIO3,77.33
2021-02-11,PSSA3,48.64
2021-02-11,RADL3,25.98
2021-02-11,RAIL3,19.81
2021-02-11,RDOR3,72.36
2021-02-11,RENT3,66.96
2021-02-11,SANB11,40.6
2021-02-11,SBSP3,42.14
2021-02-11,SLCE3,41.59
2021-02-11,SMTO3,35.22
2021-02-11,STBP3,6.63
2021-02-11,SUZB3,70.66
2021-02-11,TAEE11,32.51
2021-02-11,TEND3,27.56
2021-02-11,TIMS3,14.56
2021-02-11,TOTS3,33.85
2021-02-11,UGPA3,23.41
2021-02-11,USIM5,14.14
2021-02-11,VALE3,93.1
2021-02-11,VAMO3,33.17
2021-02-11,VIVA3,25.67
2021-02-11,VIVT3,48.95
2021-02-11,WEGE3,87.0
2021-02-11,YDUQ3,33.1
2021-02-12,ABEV3,14.79
2021-02-12,AZUL4,42.86
2021-02-12,B3SA3,59.86
2021-02-12,BBAS3,33.75
2021-02-12,BBDC3,22.4
2021-02-12,BBDC4,25.2
2021-02-12,BBSE3,28.01
2021-02-12,BEEF3,9.58
2021-02-12,BPAC11,109.0
2021-02-12,BRAP4,62.6
2021-02-12,BRFS3,23.3
2021-02-12,BRKM5,30.22
2021-02-12,CCRO3,12.46
2021-02-12,CEAB3,11.81
2021-02-12,CMIG4,13.53
2021-02-12,COGN3,4.19
2021-02-12,CPFE3,33.5
2021-02-12,CPLE3,63.84
2021-02-12,CPLE6,65.89
2021-02-12,CRFB3,20.15
2021-02-12,CSAN3,87.59
2021-02-12,CSMG3,15.88
2021-02-12,CSNA3,32.83
2021-02-12,CURY3,10.54
2021-02-12,CVCB3,19.9
2021-02-12,CYRE3,28.35
2021-02-12,DIRR3,14.25
2021-02-12,EGIE3,45.9
2021-02-12,ELET3,30.04
2021-02-12,ELET6,30.21
2021-02-12,EMBR3,10.08
2021-02-12,ENEV3,72.25
2021-02-12,ENGI11,51.14
2021-02-12,EQTL3,23.56
2021-02-12,FLRY3,28.31
2021-02-12,GGBR4,24.11
2021-02-12,GOAU4,10.95
2021-02-12,HAPV3,17.2
2021-02-12,HYPE3,33.82
2021-02-12,IRBR3,6.64
2021-02-12,ITSA4,10.6
2021-02-12,ITUB4,27.76
2021-02-12,JBSS3,26.83
2021-02-12,KLBN11,28.11
2021-02-12,LREN3,39.9
2021-02-12,LWSA3,29.14
2021-02-12,MGLU3,25.91
2021-02-12,MRFG3,14.61
2021-02-12,MRVE3,19.3
2021-02-12,MULT3,21.39
2021-02-12,NTCO3,53.3
2021-02-12,PCAR3,88.95
2021-02-12,PETR3,28.5
2021-02-12,PETR4,28.44
2021-02-12,PETZ3,22.35
2021-02-12,POMO4,2.74
2021-02-12,PRIO3,79.59
2021-02-12,PSSA3,48.17
2021-02-12,RADL3,25.88
2021-02-12,RAIL3,20.18
2021-02-12,RDOR3,73.8
2021-02-12,RENT3,66.9
2021-02-12,SANB11,40.77
2021-02-12,SBSP3,41.68
2021-02-12,SLCE3,42.6
2021-02-12,SMTO3,34.44
2021-02-12,STBP3,6.62
2021-02-12,SUZB3,70.72
2021-02-12,TAEE11,32.59
2021-02-12,TEND3,27.1
2021-02-12,TIMS3,14.4
2021-02-12,TOTS3,34.64
2021-02-12,UGPA3,23.4
2021-02-12,USIM5,14.19
2021-02-12,VALE3,93.89
2021-02-12,VAMO3,33.48
2021-02-12,VIVA3,26.02
2021-02-12,VIVT3,48.4
2021-02-12,WEGE3,86.67
2021-02-12,YDUQ3,32.76
2021-02-17,ABEV3,15.27
2021-02-17,AZUL4,43.33
2021-02-17,B3SA3,59.01
2021-02-17,BBAS3,33.36
2021-02-17,BBDC3,22.17
2021-02-17,BBDC4,25.18
2021-02-17,BBSE3,27.94
2021-02-17,BEEF3,10.07
2021-02-17,BPAC11,109.32
2021-02-17,BRAP4,64.01
2021-02-17,BRFS3,23.25
2021-02-17,BRKM5,30.52
2021-02-17,CCRO3,12.45
2021-02-17,CEAB3,11.8
2021-02-17,CMIG4,13.24
2021-02-17,COGN3,4.26
2021-02-17,CPFE3,32.86
2021-02-17,CPLE3,62.88
2021-02-17,CPLE6,65.12
2021-02-17,CRFB3,20.13
2021-02-17,CSAN3,87.44
2021-02-17,CSMG3,15.82
2021-02-17,CSNA3,33.78
2021-02-17,CURY3,10.44
2021-02-17,CVCB3,19.5
2021-02-17,CYRE3,28.21
2021-02-17,DIRR3,14.21
2021-02-17,EGIE3,44.58
2021-02-17,ELET3,30.05
2021-02-17,ELET6,30.18
2021-02-17,EMBR3,11.5
2021-02-17,ENEV3,69.86
2021-02-17,ENGI11,50.56
2021-02-17,EQTL3,22.95
2021-02-17,FLRY3,28.21
2021-02-17,GGBR4,24.46
2021-02-17,GOAU4,11.18
2021-02-17,HAPV3,17.2
2021-02-17,HYPE3,33.93
2021-02-17,IRBR3,6.77
2021-02-17,ITSA4,10.54
2021-02-17,ITUB4,28.11
2021-02-17,JBSS3,27.64
2021-02-17,KLBN11,28.48
2021-02-17,LREN3,40.55
2021-02-17,LWSA3,30.05
2021-02-17,MGLU3,25.5
2021-02-17,MRFG3,15.22
2021-02-17,MRVE3,18.97
2021-02-17,MULT3,21.07
2021-02-17,NTCO3,53.09
2021-02-17,PCAR3,87.9
2021-02-17,PETR3,29.68
2021-02-17,PETR4,29.59
2021-02-17,PETZ3,23.17
2021-02-17,POMO4,2.66
2021-02-17,PRIO3,87.11
2021-02-17,PSSA3,47.81
2021-02-17,RADL3,25.04
2021-02-17,RAIL3,20.2
2021-02-17,RDOR3,73.68
2021-02-17,RENT3,65.91
2021-02-17,SANB11,41.01
2021-02-17,SBSP3,41.24
2021-02-17,SLCE3,41.85
2021-02-17,SMTO3,34.03
2021-02-17,STBP3,6.58
2021-02-17,SUZB3,72.39
2021-02-17,TAEE11,32.32
2021-02-17,TEND3,26.31
2021-02-17,TIMS3,14.17
2021-02-17,TOTS3,34.08
2021-02-17,UGPA3,23.31
2021-02-17,USIM5,15.01
2021-02-17,VALE3,96.35
2021-02-17,VAMO3,34.65
2021-02-17,VIVA3,25.82
2021-02-17,VIVT3,47.35
2021-02-17,WEGE3,83.95
2021-02-17,YDUQ3,32.85
2021-02-18,ABEV3,14.79
2021-02-18,AZUL4,42.3
2021-02-18,B3SA3,58.02
2021-02-18,BBAS3,33.26
2021-02-18,BBDC3,21.85
2021-02-18,BBDC4,24.91
2021-02-18,BBSE3,27.66
2021-02-18,BEEF3,9.63
2021-02-18,BPAC11,106.2
2021-02-18,BRAP4,64.4
2021-02-18,BRFS3,22.6
2021-02-18,BRKM5,30.22
2021-02-18,CCRO3,12.21
2021-02-18,CEAB3,11.85
2021-02-18,CMIG4,12.9
2021-02-18,CMIN3,9.0
2021-02-18,COGN3,4.2
2021-02-18,CPFE3,32.75
2021-02-18,CPLE3,61.36
2021-02-18,CPLE6,63.09
2021-02-18,CRFB3,20.6
2021-02-18,CSAN3,86.7
2021-02-18,CSMG3,15.33
2021-02-18,CSNA3,34.16
2021-02-18,CURY3,10.15
2021-02-18,CVCB3,19.0
2021-02-18,CYRE3,27.88
2021-02-18,DIRR3,13.95
2021-02-18,EGIE3,44.4
2021-02-18,ELET3,29.5
2021-02-18,ELET6,29.7
2021-02-18,EMBR3,11.3
2021-02-18,ENEV3,69.72
2021-02-18,ENGI11,49.56
2021-02-18,EQTL3,22.99
2021-02-18,FLRY3,27.6
2021-02-18,GGBR4,24.39
2021-02-18,GOAU4,11.07
2021-02-18,HAPV3,16.92
2021-02-18,HYPE3,33.99
2021-02-18,IRBR3,6.65
2021-02-18,ITSA4,10.35
2021-02-18,ITUB4,27.91
2021-02-18,JBSS3,27.07
2021-02-18,KLBN11,28.9
2021-02-18,LREN3,40.0
2021-02-18,LWSA3,30.53
2021-02-18,MGLU3,25.04
2021-02-18,MRFG3,14.82
2021-02-18,MRVE3,18.54
2021-02-18,MULT3,20.93
2021-02-18,NTCO3,51.75
2021-02-18,PCAR3,86.14
2021-02-18,PETR3,29.43
2021-02-18,PETR4,29.27
2021-02-18,PETZ3,23.12
2021-02-18,POMO4,2.63
2021-02-18,PRIO3,88.41
2021-02-18,PSSA3,47.71
2021-02-18,RADL3,24.78
2021-02-18,RAIL3,20.3
2021-02-18,RDOR3,72.0
2021-02-18,RENT3,64.61
2021-02-18,SANB11,40.41
2021-02-18,SBSP3,39.89
2021-02-18,SLCE3,41.53
2021-02-18,SMTO3,35.28
2021-02-18,STBP3,6.62
2021-02-18,SUZB3,74.04
2021-02-18,TAEE11,31.92
2021-02-18,TEND3,25.88
2021-02-18,TIMS3,13.65
2021-02-18,TOTS3,33.9
2021-02-18,UGPA3,22.5
2021-02-18,USIM5,14.83
2021-02-18,VALE3,97.4
2021-02-18,VAMO3,34.4
2021-02-18,VIVA3,25.64
2021-02-18,VIVT3,46.22
2021-02-18,WEGE3,83.38
2021-02-18,YDUQ3,32.88
2021-02-19,ABEV3,14.89
2021-02-19,AZUL4,43.7
2021-02-19,B3SA3,58.05
2021-02-19,BBAS3,32.63
2021-02-19,BBDC3,21.77
2021-02-19,BBDC4,24.7
2021-02-19,BBSE3,27.67
2021-02-19,BEEF3,9.41
2021-02-19,BPAC11,106.9
2021-02-19,BRAP4,65.19
2021-02-19,BRFS3,22.46
2021-02-19,BRKM5,30.65
2021-02-19,CCRO3,12.17
2021-02-19,CEAB3,11.47
2021-02-19,CMIG4,12.74
2021-02-19,CMIN3,9.05
2021-02-19,COGN3,4.18
2021-02-19,CPFE3,32.63
2021-02-19,CPLE3,61.28
2021-02-19,CPLE6,63.26
2021-02-19,CRFB3,20.66
2021-02-19,CSAN3,87.79
2021-02-19,CSMG3,15.25
2021-02-19,CSNA3,35.26
2021-02-19,CURY3,10.36
2021-02-19,CVCB3,18.64
2021-02-19,CYRE3,27.58
2021-02-19,DIRR3,14.35
2021-02-19,EGIE3,44.41
2021-02-19,ELET3,29.11
2021-02-19,ELET6,29.29
2021-02-19,EMBR3,11.62
2021-02-19,ENEV3,69.45
2021-02-19,ENGI11,49.39
2021-02-19,EQTL3,22.64
2021-02-19,FLRY3,27.71
2021-02-19,GGBR4,24.9
2021-02-19,GOAU4,11.28
2021-02-19,HAPV3,17.24
2021-02-19,HYPE3,34.42
2021-02-19,IRBR3,6.39
2021-02-19,ITSA4,10.25
2021-02-19,ITUB4,27.62
2021-02-19,JBSS3,26.52
2021-02-19,KLBN11,29.62
2021-02-19,LREN3,39.67
2021-02-19,LWSA3,34.99
2021-02-19,MGLU3,24.94
2021-02-19,MRFG3,14.36
2021-02-19,MRVE3,18.38
2021-02-19,MULT3,20.67
2021-02-19,NTCO3,52.55
2021-02-19,PCAR3,88.95
2021-02-19,PETR3,27.1
2021-02-19,PETR4,27.33
2021-02-19,PETZ3,23.8
2021-02-19,POMO4,2.62
2021-02-19,PRIO3,88.89
2021-02-19,PSSA3,48.13
2021-02-19,RADL3,25.05
2021-02-19,RAIL3,19.57
2021-02-19,RDOR3,73.02
2021-02-19,RENT3,65.1
2021-02-19,SANB11,40.66
2021-02-19,SBSP3,39.25
2021-02-19,SLCE3,41.58
2021-02-19,SMTO3,35.5
2021-02-19,STBP3,6.47
2021-02-19,SUZB3,75.03
2021-02-19,TAEE11,32.11
2021-02-19,TEND3,26.75
2021-02-19,TIMS3,13.7
2021-02-19,TOTS3,34.73
2021-02-19,UGPA3,22.86
2021-02-19,USIM5,14.97
2021-02-19,VALE3,97.77
2021-02-19,VAMO3,35.5
2021-02-19,VIVA3,25.88
2021-02-19,VIVT3,46.44
2021-02-19,WEGE3,83.24
2021-02-19,YDUQ3,32.75
2021-02-22,ABEV3,14.58
2021-02-22,AZUL4,41.73
2021-02-22,B3SA3,55.74
2021-02-22,BBAS3,28.83
2021-02-22,BBDC3,20.53
2021-02-22,BBDC4,23.08
2021-02-22,BBSE3,26.58
2021-02-22,BEEF3,9.06
2021-02-22,BPAC11,103.9
2021-02-22,BRAP4,63.35
2021-02-22,BRFS3,21.5
2021-02-22,BRKM5,30.01
2021-02-22,CCRO3,11.32
2021-02-22,CEAB3,11.6
2021-02-22,CMIG4,12.3
2021-02-22,CMIN3,9.29
2021-02-22,COGN3,3.98
2021-02-22,CPFE3,30.35
2021-02-22,CPLE3,59.11
2021-02-22,CPLE6,60.14
2021-02-22,CRFB3,20.25
2021-02-22,CSAN3,81.99
2021-02-22,CSMG3,14.95
2021-02-22,CSNA3,35.78
2021-02-22,CURY3,9.92
2021-02-22,CVCB3,17.71
2021-02-22,CYRE3,25.94
2021-02-22,DIRR3,13.46
2021-02-22,EGIE3,42.3
2021-02-22,ELET3,28.91
2021-02-22,ELET6,29.24
2021-02-22,EMBR3,12.48
2021-02-22,ENEV3,68.24
2021-02-22,ENGI11,46.9
2021-02-22,EQTL3,21.87
2021-02-22,FLRY3,26.71
2021-02-22,GGBR4,24.78
2021-02-22,GOAU4,11.2
2021-02-22,HAPV3,16.79
2021-02-22,HYPE3,33.66
2021-02-22,IRBR3,6.1
2021-02-22,ITSA4,9.78
2021-02-22,ITUB4,25.61
2021-02-22,JBSS3,25.54
2021-02-22,KLBN11,30.57
2021-02-22,LREN3,38.34
2021-02-22,LWSA3,32.86
2021-02-22,MGLU3,24.25
2021-02-22,MRFG3,13.88
2021-02-22,MRVE3,17.7
2021-02-22,MULT3,20.14
2021-02-22,NTCO3,51.23
2021-02-22,PCAR3,89.43
2021-02-22,PETR3,21.55
2021-02-22,PETR4,21.45
2021-02-22,PETZ3,23.34
2021-02-22,POMO4,2.52
2021-02-22,PRIO3,92.19
2021-02-22,PSSA3,46.92
2021-02-22,RADL3,24.53
2021-02-22,RAIL3,19.09
2021-02-22,RDOR3,70.96
2021-02-22,RENT3,61.09
2021-02-22,SANB11,39.03
2021-02-22,SBSP3,37.58
2021-02-22,SLCE3,40.07
2021-02-22,SMTO3,33.37
2021-02-22,STBP3,6.14
2021-02-22,SUZB3,76.88
2021-02-22,TAEE11,31.28
2021-02-22,TEND3,26.49
2021-02-22,TIMS3,13.36
2021-02-22,TOTS3,33.49
2021-02-22,UGPA3,21.07
2021-02-22,USIM5,14.99
2021-02-22,VALE3,95.35
2021-02-22,VAMO3,34.8
2021-02-22,VIVA3,26.0
2021-02-22,VIVT3,45.46
2021-02-22,WEGE3,82.72
2021-02-22,YDUQ3,31.58
2021-02-23,ABEV3,14.69
2021-02-23,AZUL4,43.1
2021-02-23,B3SA3,55.34
2021-02-23,BBAS3,30.43
2021-02-23,BBDC3,21.47
2021-02-23,BBDC4,24.18
2021-02-23,BBSE3,26.83
2021-02-23,BEEF3,9.37
2021-02-23,BPAC11,104.92
2021-02-23,BRAP4,64.2
2021-02-23,BRFS3,23.09
2021-02-23,BRKM5,30.09
2021-02-23,CCRO3,11.55
2021-02-23,CEAB3,11.9
2021-02-23,CMIG4,12.42
2021-02-23,CMIN3,9.12
2021-02-23,COGN3,3.96
2021-02-23,CPFE3,30.48
2021-02-23,CPLE3,59.58
2021-02-23,CPLE6,61.14
2021-02-23,CRFB3,20.33
2021-02-23,CSAN3,87.12
2021-02-23,CSMG3,15.04
2021-02-23,CSNA3,35.62
2021-02-23,CURY3,10.01
2021-02-23,CVCB3,17.93
2021-02-23,CYRE3,25.97
2021-02-23,DIRR3,13.72
2021-02-23,EGIE3,42.51
2021-02-23,ELET3,32.67
2021-02-23,ELET6,32.4
2021-02-23,EMBR3,12.35
2021-02-23,ENEV3,68.41
2021-02-23,ENGI11,46.9
2021-02-23,EQTL3,21.83
2021-02-23,FLRY3,27.08
2021-02-23,GGBR4,25.73
2021-02-23,GOAU4,11.7
2021-02-23,HAPV3,16.3
2021-02-23,HYPE3,33.76
2021-02-23,IRBR3,6.28
2021-02-23,ITSA4,10.52
2021-02-23,ITUB4,27.25
2021-02-23,JBSS3,25.62
2021-02-23,KLBN11,30.68
2021-02-23,LREN3,38.26
2021-02-23,LWSA3,31.46
2021-02-23,MGLU3,24.86
2021-02-23,MRFG3,14.2
2021-02-23,MRVE3,17.67
2021-02-23,MULT3,20.1
2021-02-23,NTCO3,49.38
2021-02-23,PCAR3,89.67
2021-02-23,PETR3,23.48
2021-02-23,PETR4,24.06
2021-02-23,PETZ3,22.8
2021-02-23,POMO4,2.62
2021-02-23,PRIO3,88.75
2021-02-23,PSSA3,46.63
2021-02-23,RADL3,24.9
2021-02-23,RAIL3,19.46
2021-02-23,RDOR3,72.5
2021-02-23,RENT3,61.3
2021-02-23,SANB11,40.32
2021-02-23,SBSP3,37.98
2021-02-23,SLCE3,40.1
2021-02-23,SMTO3,33.41
2021-02-23,STBP3,6.16
2021-02-23,SUZB3,76.61
2021-02-23,TAEE11,31.27
2021-02-23,TEND3,26.58
2021-02-23,TIMS3,13.22
2021-02-23,TOTS3,33.52
2021-02-23,UGPA3,21.38
2021-02-23,USIM5,15.74
2021-02-23,VALE3,96.95
2021-02-23,VAMO3,34.8
2021-02-23,VIVA3,25.87
2021-02-23,VIVT3,45.11
2021-02-23,WEGE3,83.66
2021-02-23,YDUQ3,31.68
2021-02-24,ABEV3,14.68
2021-02-24,AZUL4,44.95
2021-02-24,B3SA3,55.62
2021-02-24,BBAS3,30.31
2021-02-24,BBDC3,21.33
2021-02-24,BBDC4,24.01
2021-02-24,BBSE3,26.54
2021-02-24,BEEF3,9.78
2021-02-24,BPAC11,105.69
2021-02-24,BRAP4,66.17
2021-02-24,BRFS3,23.81
2021-02-24,BRKM5,33.14
2021-02-24,CCRO3,11.65
2021-02-24,CEAB3,11.63
2021-02-24,CMIG4,12.38
2021-02-24,CMIN3,9.15
2021-02-24,COGN3,3.9
2021-02-24,CPFE3,29.99
2021-02-24,CPLE3,59.7
2021-02-24,CPLE6,61.5
2021-02-24,CRFB3,19.8
2021-02-24,CSAN3,86.22
2021-02-24,CSMG3,15.28
2021-02-24,CSNA3,37.15
2021-02-24,CURY3,10.09
2021-02-24,CVCB3,18.15
2021-02-24,CYRE3,25.71
2021-02-24,DIRR3,13.79
2021-02-24,EGIE3,42.25
2021-02-24,ELET3,33.8
2021-02-24,ELET6,34.0
2021-02-24,EMBR3,13.1
2021-02-24,ENEV3,68.64
2021-02-24,ENGI11,46.13
2021-02-24,EQTL3,21.62
2021-02-24,FLRY3,26.97
2021-02-24,GGBR4,27.14
2021-02-24,GOAU4,12.21
2021-02-24,HAPV3,16.1
2021-02-24,HYPE3,33.79
2021-02-24,IRBR3,6.29
2021-02-24,ITSA4,10.42
2021-02-24,ITUB4,26.85
2021-02-24,JBSS3,26.27
2021-02-24,KLBN11,31.18
2021-02-24,LREN3,37.32
2021-02-24,LWSA3,31.88
2021-02-24,MGLU3,24.64
2021-02-24,MRFG3,14.79
2021-02-24,MRVE3,17.53
2021-02-24,MULT3,19.87
2021-02-24,NTCO3,49.54
2021-02-24,PCAR3,90.33
2021-02-24,PETR3,23.78
2021-02-24,PETR4,24.4
2021-02-24,PETZ3,22.14
2021-02-24,POMO4,2.67
2021-02-24,PRIO3,87.36
2021-02-24,PSSA3,46.25
2021-02-24,RADL3,24.59
2021-02-24,RAIL3,19.25
2021-02-24,RDOR3,72.73
2021-02-24,RENT3,60.54
2021-02-24,SANB11,39.44
2021-02-24,SBSP3,38.37
2021-02-24,SLCE3,41.12
2021-02-24,SMTO3,33.52
2021-02-24,STBP3,6.15
2021-02-24,SUZB3,75.76
2021-02-24,TAEE11,31.31
2021-02-24,TEND3,26.81
2021-02-24,TIMS3,13.3
2021-02-24,TOTS3,33.13
2021-02-24,UGPA3,21.28
2021-02-24,USIM5,17.24
2021-02-24,VALE3,97.93
2021-02-24,VAMO3,34.9
2021-02-24,VIVA3,25.56
2021-02-24,VIVT3,44.39
2021-02-24,WEGE3,86.7
2021-02-24,YDUQ3,31.45
2021-02-25,ABEV3,14.17
2021-02-25,AZUL4,42.45
2021-02-25,B3SA3,54.83
2021-02-25,BBAS3,29.5
2021-02-25,BBDC3,20.79
2021-02-25,BBDC4,23.44
2021-02-25,BBSE3,25.92
2021-02-25,BEEF3,9.39
2021-02-25,BPAC11,102.24
2021-02-25,BRAP4,63.69
2021-02-25,BRFS3,23.31
2021-02-25,BRKM5,31.71
2021-02-25,CCRO3,11.44
2021-02-25,CEAB3,11.52
2021-02-25,CMIG4,11.97
2021-02-25,CMIN3,9.0
2021-02-25,COGN3,3.83
2021-02-25,CPFE3,29.46
2021-02-25,CPLE3,58.59
2021-02-25,CPLE6,59.55
2021-02-25,CRFB3,19.71
2021-02-25,CSAN3,84.51
2021-02-25,CSMG3,14.95
2021-02-25,CSNA3,34.66
2021-02-25,CURY3,9.8
2021-02-25,CVCB3,17.39
2021-02-25,CYRE3,25.15
2021-02-25,DIRR3,13.37
2021-02-25,EGIE3,41.66
2021-02-25,ELET3,33.44
2021-02-25,ELET6,33.83
2021-02-25,EMBR3,12.27
2021-02-25,ENEV3,66.49
2021-02-25,ENGI11,44.92
2021-02-25,EQTL3,20.66
2021-02-25,FLRY3,26.97
2021-02-25,GGBR4,26.12
2021-02-25,GOAU4,11.72
2021-02-25,HAPV3,15.87
2021-02-25,HYPE3,33.34
2021-02-25,IRBR3,6.08
2021-02-25,ITSA4,10.08
2021-02-25,ITUB4,26.08
2021-02-25,JBSS3,25.98
2021-02-25,KLBN11,29.78
2021-02-25,LREN3,37.24
2021-02-25,LWSA3,29.81
2021-02-25,MGLU3,24.06
2021-02-25,MRFG3,14.25
2021-02-25,MRVE3,17.18
2021-02-25,MULT3,19.96
2021-02-25,NTCO3,47.86
2021-02-25,PCAR3,84.75
2021-02-25,PETR3,22.86
2021-02-25,PETR4,23.19
2021-02-25,PETZ3,21.4
2021-02-25,POMO4,2.58
2021-02-25,PRIO3,83.91
2021-02-25,PSSA3,44.5
2021-02-25,RADL3,23.85
2021-02-25,RAIL3,18.65
2021-02-25,RDOR3,71.36
2021-02-25,RENT3,59.86
2021-02-25,SANB11,38.25
2021-02-25,SBSP3,37.94
2021-02-25,SLCE3,39.76
2021-02-25,SMTO3,31.69
2021-02-25,STBP3,5.87
2021-02-25,SUZB3,74.39
2021-02-25,TAEE11,30.81
2021-02-25,TEND3,26.67
2021-02-25,TIMS3,13.17
2021-02-25,TOTS3,31.85
2021-02-25,UGPA3,19.68
2021-02-25,USIM5,16.41
2021-02-25,VALE3,95.71
2021-02-25,VAMO3,34.09
2021-02-25,VIVA3,24.48
2021-02-25,VIVT3,44.52
2021-02-25,WEGE3,79.5
2021-02-25,YDUQ3,31.16
2021-02-26,ABEV3,14.02
2021-02-26,AZUL4,40.6
2021-02-26,B3SA3,54.3
2021-02-26,BBAS3,28.05
2021-02-26,BBDC3,20.59
2021-02-26,BBDC4,23.0
2021-02-26,BBSE3,25.43
2021-02-26,BEEF3,9.7
2021-02-26,BPAC11,101.64
2021-02-26,BRAP4,62.86
2021-02-26,BRFS3,21.64
2021-02-26,BRKM5,31.26
2021-02-26,CCRO3,11.25
2021-02-26,CEAB3,11.02
2021-02-26,CMIG4,11.96
2021-02-26,CMIN3,8.93
2021-02-26,COGN3,3.74
2021-02-26,CPFE3,28.86
2021-02-26,CPLE3,57.5
2021-02-26,CPLE6,58.58
2021-02-26,CRFB3,19.01
2021-02-26,CSAN3,81.4
2021-02-26,CSMG3,14.43
2021-02-26,CSNA3,32.87
2021-02-26,CURY3,9.55
2021-02-26,CVCB3,16.53
2021-02-26,CYRE3,24.8
2021-02-26,DIRR3,12.83
2021-02-26,EGIE3,41.15
2021-02-26,ELET3,32.41
2021-02-26,ELET6,32.77
2021-02-26,EMBR3,12.23
2021-02-26,ENEV3,68.0
2021-02-26,ENGI11,43.67
2021-02-26,EQTL3,20.1
2021-02-26,FLRY3,26.83
2021-02-26,GGBR4,25.87
2021-02-26,GOAU4,11.58
2021-02-26,HAPV3,15.5
2021-02-26,HYPE3,32.78
2021-02-26,IRBR3,6.0
2021-02-26,ITSA4,9.95
2021-02-26,ITUB4,25.55
2021-02-26,JBSS3,25.82
2021-02-26,KLBN11,29.47
2021-02-26,LREN3,36.66
2021-02-26,LWSA3,28.78
2021-02-26,MGLU3,24.18
2021-02-26,MRFG3,13.9
2021-02-26,MRVE3,16.82
2021-02-26,MULT3,19.68
2021-02-26,NTCO3,46.17
2021-02-26,PCAR3,83.0
2021-02-26,PETR3,22.15
2021-02-26,PETR4,22.24
2021-02-26,PETZ3,20.98
2021-02-26,POMO4,2.51
2021-02-26,PRIO3,83.61
2021-02-26,PSSA3,43.59
2021-02-26,RADL3,23.23
2021-02-26,RAIL3,18.1
2021-02-26,RDOR3,69.1
2021-02-26,RENT3,58.0
2021-02-26,SANB11,37.39
2021-02-26,SBSP3,36.8
2021-02-26,SLCE3,40.98
2021-02-26,SMTO3,31.22
2021-02-26,STBP3,5.79
2021-02-26,SUZB3,73.17
2021-02-26,TAEE11,30.55
2021-02-26,TEND3,25.55
2021-02-26,TIMS3,12.8
2021-02-26,TOTS3,31.38
2021-02-26,UGPA3,19.32
2021-02-26,USIM5,16.24
2021-02-26,VALE3,94.52
2021-02-26,VAMO3,34.5
2021-02-26,VIVA3,23.75
2021-02-26,VIVT3,44.0
2021-02-26,WEGE3,78.05
2021-02-26,YDUQ3,30.12
2021-03-01,ABEV3,13.77
2021-03-01,ASAI3,71.4
2021-03-01,AZUL4,40.05
2021-03-01,B3SA3,54.35
2021-03-01,BBAS3,27.86
2021-03-01,BBDC3,19.92
2021-03-01,BBDC4,22.24
2021-03-01,BBSE3,24.8
2021-03-01,BEEF3,9.65
2021-03-01,BPAC11,101.47
2021-03-01,BRAP4,64.58
2021-03-01,BRFS3,21.7
2021-03-01,BRKM5,31.78
2021-03-01,CCRO3,10.92
2021-03-01,CEAB3,10.83
2021-03-01,CMIG4,11.53
2021-03-01,CMIN3,8.95
2021-03-01,COGN3,3.61
2021-03-01,CPFE3,28.05
2021-03-01,CPLE3,57.34
2021-03-01,CPLE6,58.99
2021-03-01,CRFB3,19.06
2021-03-01,CSAN3,82.4
2021-03-01,CSMG3,13.83
2021-03-01,CSNA3,33.97
2021-03-01,CURY3,9.37
2021-03-01,CVCB3,15.96
2021-03-01,CYRE3,24.49
2021-03-01,DIRR3,12.68
2021-03-01,EGIE3,40.15
2021-03-01,ELET3,31.54
2021-03-01,ELET6,32.02
2021-03-01,EMBR3,12.21
2021-03-01,ENEV3,66.94
2021-03-01,ENGI11,42.71
2021-03-01,EQTL3,19.87
2021-03-01,FLRY3,25.92
2021-03-01,GGBR4,26.67
2021-03-01,GOAU4,11.91
2021-03-01,HAPV3,16.32
2021-03-01,HYPE3,31.45
2021-03-01,IRBR3,5.83
2021-03-01,ITSA4,9.62
2021-03-01,ITUB4,24.77
2021-03-01,JBSS3,26.83
2021-03-01,KLBN11,30.76
2021-03-01,LREN3,37.17
2021-03-01,LWSA3,29.16
2021-03-01,MGLU3,24.55
2021-03-01,MRFG3,14.31
2021-03-01,MRVE3,16.53
2021-03-01,MULT3,19.38
2021-03-01,NTCO3,46.35
2021-03-01,PCAR3,23.33
2021-03-01,PETR3,22.01
2021-03-01,PETR4,22.0
2021-03-01,PETZ3,21.66
2021-03-01,POMO4,2.49
2021-03-01,PRIO3,88.23
2021-03-01,PSSA3,43.1
2021-03-01,RADL3,22.78
2021-03-01,RAIL3,18.08
2021-03-01,RDOR3,70.22
2021-03-01,RENT3,59.16
2021-03-01,SANB11,36.95
2021-03-01,SBSP3,35.43
2021-03-01,SLCE3,42.76
2021-03-01,SMTO3,30.65
2021-03-01,STBP3,5.9
2021-03-01,SUZB3,74.49
2021-03-01,TAEE11,30.19
2021-03-01,TEND3,25.9
2021-03-01,TIMS3,12.72
2021-03-01,TOTS3,31.48
2021-03-01,UGPA3,18.75
2021-03-01,USIM5,16.85
2021-03-01,VALE3,98.57
2021-03-01,VAMO3,33.35
2021-03-01,VIVA3,23.85
2021-03-01,VIVT3,43.31
2021-03-01,WEGE3,78.0
2021-03-01,YDUQ3,28.73
2021-03-02,ABEV3,13.99
2021-03-02,ASAI3,72.5
2021-03-02,AZUL4,38.79
2021-03-02,B3SA3,56.01
2021-03-02,BBAS3,28.93
2021-03-02,BBDC3,20.25
2021-03-02,BBDC4,22.82
2021-03-02,BBSE3,24.79
2021-03-02,BEEF3,9.61
2021-03-02,BPAC11,102.69
2021-03-02,BRAP4,66.19
2021-03-02,BRFS3,21.59
2021-03-02,BRKM5,30.51
2021-03-02,CCRO3,10.88
2021-03-02,CEAB3,10.56
2021-03-02,CMIG4,11.87
2021-03-02,CMIN3,8.8
2021-03-02,COGN3,3.63
2021-03-02,CPFE3,28.68
2021-03-02,CPLE3,58.26
2021-03-02,CPLE6,60.49
2021-03-02,CRFB3,18.91
2021-03-02,CSAN3,82.38
2021-03-02,CSMG3,13.47
2021-03-02,CSNA3,34.84
2021-03-02,CURY3,9.27
2021-03-02,CVCB3,15.69
2021-03-02,CYRE3,24.71
2021-03-02,DIRR3,12.85
2021-03-02,EGIE3,39.64
2021-03-02,ELET3,31.92
2021-03-02,ELET6,32.55
2021-03-02,EMBR3,12.42
2021-03-02,ENEV3,66.92
2021-03-02,ENGI11,43.1
2021-03-02,EQTL3,20.11
2021-03-02,FLRY3,25.63
2021-03-02,GGBR4,27.03
2021-03-02,GOAU4,12.05
2021-03-02,HAPV3,16.4
2021-03-02,HYPE3,32.03
2021-03-02,IRBR3,5.96
2021-03-02,ITSA4,9.9
2021-03-02,ITUB4,25.77
2021-03-02,JBSS3,27.04
2021-03-02,KLBN11,29.91
2021-03-02,LREN3,37.37
2021-03-02,LWSA3,27.73
2021-03-02,MGLU3,24.27
2021-03-02,MRFG3,14.68
2021-03-02,MRVE3,16.56
2021-03-02,MULT3,19.79
2021-03-02,NTCO3,47.0
2021-03-02,PCAR3,22.62
2021-03-02,PETR3,21.91
2021-03-02,PETR4,21.99
2021-03-02,PETZ3,22.32
2021-03-02,POMO4,2.52
2021-03-02,PRIO3,85.67
2021-03-02,PSSA3,43.69
2021-03-02,RADL3,22.88
2021-03-02,RAIL3,18.3
2021-03-02,RDOR3,69.23
2021-03-02,RENT3,58.6
2021-03-02,SANB11,38.11
2021-03-02,SBSP3,36.29
2021-03-02,SLCE3,43.8
2021-03-02,SMTO3,30.21
2021-03-02,STBP3,5.83
2021-03-02,SUZB3,73.53
2021-03-02,TAEE11,30.52
2021-03-02,TEND3,25.69
2021-03-02,TIMS3,12.74
2021-03-02,TOTS3,31.02
2021-03-02,UGPA3,18.69
2021-03-02,USIM5,17.23
2021-03-02,VALE3,101.6
2021-03-02,VAMO3,34.19
2021-03-02,VIVA3,23.76
2021-03-02,VIVT3,43.48
2021-03-02,WEGE3,77.06
2021-03-02,YDUQ3,27.89
2021-03-03,ABEV3,14.17
2021-03-03,ASAI3,71.3
2021-03-03,AZUL4,38.56
2021-03-03,B3SA3,56.59
2021-03-03,BBAS3,28.99
2021-03-03,BBDC3,20.66
2021-03-03,BBDC4,23.02
2021-03-03,BBSE3,24.62
2021-03-03,BEEF3,9.61
2021-03-03,BPAC11,102.33
2021-03-03,BRAP4,64.82
2021-03-03,BRFS3,21.71
2021-03-03,BRKM5,29.51
2021-03-03,CCRO3,11.03
2021-03-03,CEAB3,10.64
2021-03-03,CMIG4,11.77
2021-03-03,CMIN3,8.49
2021-03-03,COGN3,3.67
2021-03-03,CPFE3,29.04
2021-03-03,CPLE3,57.97
2021-03-03,CPLE6,60.01
2021-03-03,CRFB3,18.79
2021-03-03,CSAN3,81.89
2021-03-03,CSMG3,13.67
2021-03-03,CSNA3,35.42
2021-03-03,CURY3,8.96
2021-03-03,CVCB3,14.98
2021-03-03,CYRE3,23.7
2021-03-03,DIRR3,12.46
2021-03-03,EGIE3,39.84
2021-03-03,ELET3,31.72
2021-03-03,ELET6,32.86
2021-03-03,EMBR3,12.43
2021-03-03,ENEV3,66.57
2021-03-03,ENGI11,43.4
2021-03-03,EQTL3,20.24
2021-03-03,FLRY3,25.2
2021-03-03,GGBR4,26.94
2021-03-03,GOAU4,12.03
2021-03-03,HAPV3,16.15
2021-03-03,HYPE3,31.23
2021-03-03,IRBR3,5.89
2021-03-03,ITSA4,9.99
2021-03-03,ITUB4,25.83
2021-03-03,JBSS3,27.0
2021-03-03,KLBN11,30.09
2021-03-03,LREN3,37.48
2021-03-03,LWSA3,26.21
2021-03-03,MGLU3,25.12
2021-03-03,MRFG3,14.81
2021-03-03,MRVE3,16.52
2021-03-03,MULT3,19.85
2021-03-03,NTCO3,47.34
2021-03-03,PCAR3,21.35
2021-03-03,PETR3,20.97
2021-03-03,PETR4,21.19
2021-03-03,PETZ3,21.8
2021-03-03,POMO4,2.56
2021-03-03,PRIO3,89.62
2021-03-03,PSSA3,43.58
2021-03-03,RADL3,23.21
2021-03-03,RAIL3,18.49
2021-03-03,RDOR3,68.05
2021-03-03,RENT3,58.82
2021-03-03,SANB11,37.66
2021-03-03,SBSP3,36.98
2021-03-03,SLCE3,44.42
2021-03-03,SMTO3,30.29
2021-03-03,STBP3,5.66
2021-03-03,SUZB3,73.5
2021-03-03,TAEE11,30.75
2021-03-03,TEND3,25.5
2021-03-03,TIMS3,12.86
2021-03-03,TOTS3,30.93
2021-03-03,UGPA3,18.22
2021-03-03,USIM5,17.32
2021-03-03,VALE3,100.35
2021-03-03,VAMO3,33.75
2021-03-03,VIVA3,22.4
2021-03-03,VIVT3,44.19
2021-03-03,WEGE3,77.0
2021-03-03,YDUQ3,27.68
2021-03-04,ABEV3,14.78
2021-03-04,ASAI3,73.2
2021-03-04,AZUL4,38.5
2021-03-04,B3SA3,55.49
2021-03-04,BBAS3,30.04
2021-03-04,BBDC3,21.35
2021-03-04,BBDC4,23.91
2021-03-04,BBSE3,24.5
2021-03-04,BEEF3,9.91
2021-03-04,BPAC11,98.84
2021-03-04,BRAP4,62.81
2021-03-04,BRFS3,22.73
2021-03-04,BRKM5,30.13
2021-03-04,CCRO3,11.63
2021-03-04,CEAB3,10.52
2021-03-04,CMIG4,12.15
2021-03-04,CMIN3,8.45
2021-03-04,COGN3,3.7
2021-03-04,CPFE3,29.5
2021-03-04,CPLE3,60.95
2021-03-04,CPLE6,62.85
2021-03-04,CRFB3,19.4
2021-03-04,CSAN3,89.0
2021-03-04,CSMG3,14.65
2021-03-04,CSNA3,35.21
2021-03-04,CURY3,9.33
2021-03-04,CVCB3,15.41
2021-03-04,CYRE3,23.86
2021-03-04,DIRR3,12.35
2021-03-04,EGIE3,40.3
2021-03-04,ELET3,31.97
2021-03-04,ELET6,32.84
2021-03-04,EMBR3,12.4
2021-03-04,ENEV3,66.17
2021-03-04,ENGI11,44.22
2021-03-04,EQTL3,20.93
2021-03-04,FLRY3,25.49
2021-03-04,GGBR4,26.91
2021-03-04,GOAU4,12.13
2021-03-04,HAPV3,15.55
2021-03-04,HYPE3,31.44
2021-03-04,IRBR3,5.97
2021-03-04,ITSA4,10.21
2021-03-04,ITUB4,26.64
2021-03-04,JBSS3,27.81
2021-03-04,KLBN11,30.02
2021-03-04,LREN3,39.33
2021-03-04,LWSA3,25.87
2021-03-04,MGLU3,25.44
2021-03-04,MRFG3,14.67
2021-03-04,MRVE3,16.7
2021-03-04,MULT3,20.42
2021-03-04,NTCO3,47.42
2021-03-04,PCAR3,22.27
2021-03-04,PETR3,21.87
2021-03-04,PETR4,22.22
2021-03-04,PETZ3,21.4
2021-03-04,POMO4,2.58
2021-03-04,PRIO3,92.99
2021-03-04,PSSA3,43.48
2021-03-04,RADL3,23.6
2021-03-04,RAIL3,19.85
2021-03-04,RDOR3,67.92
2021-03-04,RENT3,60.92
2021-03-04,SANB11,38.75
2021-03-04,SBSP3,38.29
2021-03-04,SLCE3,42.86
2021-03-04,SMTO3,31.16
2021-03-04,STBP3,5.65
2021-03-04,SUZB3,73.6
2021-03-04,TAEE11,32.6
2021-03-04,TEND3,25.13
2021-03-04,TIMS3,13.05
2021-03-04,TOTS3,30.61
2021-03-04,UGPA3,19.35
2021-03-04,USIM5,16.81
2021-03-04,VALE3,98.86
2021-03-04,VAMO3,34.0
2021-03-04,VIVA3,21.95
2021-03-04,VIVT3,44.01
2021-03-04,WEGE3,73.23
2021-03-04,YDUQ3,27.68
2021-03-05,ABEV3,15.08
2021-03-05,ASAI3,75.0
2021-03-05,AZUL4,38.14
2021-03-05,B3SA3,56.49
2021-03-05,BBAS3,30.6
2021-03-05,BBDC3,22.52
2021-03-05,BBDC4,25.04
2021-03-05,BBSE3,25.15
2021-03-05,BEEF3,9.8
2021-03-05,BPAC11,96.85
2021-03-05,BRAP4,66.8
2021-03-05,BRFS3,23.57
2021-03-05,BRKM5,30.53
2021-03-05,CCRO3,11.74
2021-03-05,CEAB3,11.01
2021-03-05,CMIG4,11.92
2021-03-05,CMIN3,8.51
2021-03-05,COGN3,4.07
2021-03-05,CPFE3,29.39
2021-03-05,CPLE3,59.44
2021-03-05,CPLE6,61.11
2021-03-05,CRFB3,19.59
2021-03-05,CSAN3,91.73
2021-03-05,CSMG3,14.28
2021-03-05,CSNA3,37.0
2021-03-05,CURY3,9.46
2021-03-05,CVCB3,16.3
2021-03-05,CYRE3,24.88
2021-03-05,DIRR3,12.64
2021-03-05,EGIE3,40.24
2021-03-05,ELET3,31.77
2021-03-05,ELET6,32.63
2021-03-05,EMBR3,12.82
2021-03-05,ENEV3,64.94
2021-03-05,ENGI11,44.14
2021-03-05,EQTL3,21.14
2021-03-05,FLRY3,25.17
2021-03-05,GGBR4,27.62
2021-03-05,GOAU4,12.48
2021-03-05,HAPV3,15.64
2021-03-05,HYPE3,31.71
2021-03-05,IRBR3,6.16
2021-03-05,ITSA4,10.37
2021-03-05,ITUB4,27.63
2021-03-05,JBSS3,27.65
2021-03-05,KLBN11,30.7
2021-03-05,LREN3,39.56
2021-03-05,LWSA3,25.79
2021-03-05,MGLU3,25.13
2021-03-05,MRFG3,14.98
2021-03-05,MRVE3,17.08
2021-03-05,MULT3,21.38
2021-03-05,NTCO3,50.51
2021-03-05,PCAR3,22.91
2021-03-05,PETR3,22.06
2021-03-05,PETR4,22.39
2021-03-05,PETZ3,21.37
2021-03-05,POMO4,2.62
2021-03-05,PRIO3,100.06
2021-03-05,PSSA3,43.57
2021-03-05,RADL3,23.72
2021-03-05,RAIL3,20.31
2021-03-05,RDOR3,66.48
2021-03-05,RENT3,60.83
2021-03-05,SANB11,40.47
2021-03-05,SBSP3,37.5
2021-03-05,SLCE3,43.75
2021-03-05,SMTO3,31.99
2021-03-05,STBP3,5.68
2021-03-05,SUZB3,76.1
2021-03-05,TAEE11,32.33
2021-03-05,TEND3,26.3
2021-03-05,TIMS3,13.38
2021-03-05,TOTS3,30.12
2021-03-05,UGPA3,19.23
2021-03-05,USIM5,17.79
2021-03-05,VALE3,100.21
2021-03-05,VAMO3,33.42
2021-03-05,VIVA3,24.12
2021-03-05,VIVT3,44.72
2021-03-05,WEGE3,73.04
2021-03-05,YDUQ3,28.75
2021-03-08,ABEV3,14.69
2021-03-08,ASAI3,71.01
2021-03-08,AZUL4,35.46
2021-03-08,B3SA3,52.76
2021-03-08,BBAS3,29.2
2021-03-08,BBDC3,21.65
2021-03-08,BBDC4,24.15
2021-03-08,BBSE3,24.38
2021-03-08,BEEF3,9.61
2021-03-08,BPAC11,89.65
2021-03-08,BRAP4,65.93
2021-03-08,BRFS3,23.26
2021-03-08,BRKM5,30.2
2021-03-08,CCRO3,11.17
2021-03-08,CEAB3,10.22
2021-03-08,CMIG4,11.48
2021-03-08,CMIN3,8.51
2021-03-08,COGN3,3.83
2021-03-08,CPFE3,28.47
2021-03-08,CPLE3,58.07
2021-03-08,CPLE6,59.55
2021-03-08,CRFB3,18.79
2021-03-08,CSAN3,90.7
2021-03-08,CSMG3,13.74
2021-03-08,CSNA3,36.5
2021-03-08,CURY3,8.65
2021-03-08,CVCB3,15.12
2021-03-08,CYRE3,22.98
2021-03-08,DIRR3,11.6
2021-03-08,EGIE3,38.91
2021-03-08,ELET3,31.83
2021-03-08,ELET6,32.02
2021-03-08,EMBR3,12.23
2021-03-08,ENEV3,60.79
2021-03-08,ENGI11,41.57
2021-03-08,EQTL3,20.58
2021-03-08,FLRY3,24.44
2021-03-08,GGBR4,26.96
2021-03-08,GOAU4,12.14
2021-03-08,HAPV3,15.01
2021-03-08,HYPE3,30.52
2021-03-08,IRBR3,5.85
2021-03-08,ITSA4,9.96
2021-03-08,ITUB4,26.75
2021-03-08,JBSS3,27.2
2021-03-08,KLBN11,29.56
2021-03-08,LREN3,38.0
2021-03-08,LWSA3,23.07
2021-03-08,MGLU3,23.1
2021-03-08,MRFG3,15.64
2021-03-08,MRVE3,16.38
2021-03-08,MULT3,20.5
2021-03-08,NTCO3,48.18
2021-03-08,PCAR3,22.85
2021-03-08,PETR3,21.0
2021-03-08,PETR4,21.1
2021-03-08,PETZ3,20.23
2021-03-08,POMO4,2.5
2021-03-08,PRIO3,95.0
2021-03-08,PSSA3,42.95
2021-03-08,RADL3,22.28
2021-03-08,RAIL3,18.7
2021-03-08,RDOR3,62.16
2021-03-08,RENT3,55.12
2021-03-08,SANB11,39.07
2021-03-08,SBSP3,37.22
2021-03-08,SLCE3,42.65
2021-03-08,SMTO3,29.96
2021-03-08,STBP3,5.3
2021-03-08,SUZB3,75.37
2021-03-08,TAEE11,31.7
2021-03-08,TEND3,24.4
2021-03-08,TIMS3,12.99
2021-03-08,TOTS3,28.37
2021-03-08,UGPA3,17.71
2021-03-08,USIM5,16.99
2021-03-08,VALE3,99.67
2021-03-08,VAMO3,31.69
2021-03-08,VIVA3,23.0
2021-03-08,VIVT3,43.96
2021-03-08,WEGE3,69.15
2021-03-08,YDUQ3,26.86
2021-03-09,ABEV3,15.16
2021-03-09,ASAI3,70.8
2021-03-09,AZUL4,35.98
2021-03-09,B3SA3,53.5
2021-03-09,BBAS3,28.99
2021-03-09,BBDC3,21.68
2021-03-09,BBDC4,24.35
2021-03-09,BBSE3,23.66
2021-03-09,BEEF3,10.2
2021-03-09,BPAC11,87.78
2021-03-09,BRAP4,64.11
2021-03-09,BRFS3,24.65
2021-03-09,BRKM5,31.49
2021-03-09,CCRO3,11.13
2021-03-09,CEAB3,10.06
2021-03-09,CMIG4,11.36
2021-03-09,CMIN3,8.47
2021-03-09,COGN3,3.75
2021-03-09,CPFE3,28.58
2021-03-09,CPLE3,58.97
2021-03-09,CPLE6,59.17
2021-03-09,CRFB3,19.02
2021-03-09,CSAN3,89.39
2021-03-09,CSMG3,13.64
2021-03-09,CSNA3,35.16
2021-03-09,CURY3,8.48
2021-03-09,CVCB3,14.87
2021-03-09,CYRE3,22.15
2021-03-09,DIRR3,11.19
2021-03-09,EGIE3,38.44
2021-03-09,ELET3,31.28
2021-03-09,ELET6,31.79
2021-03-09,EMBR3,12.34
2021-03-09,ENEV3,62.62
2021-03-09,ENGI11,41.9
2021-03-09,EQTL3,20.59
2021-03-09,FLRY3,24.34
2021-03-09,GGBR4,27.33
2021-03-09,GOAU4,12.26
2021-03-09,HAPV3,15.15
2021-03-09,HYPE3,31.08
2021-03-09,IRBR3,5.82
2021-03-09,ITSA4,10.05
2021-03-09,ITUB4,27.12
2021-03-09,JBSS3,27.65
2021-03-09,KLBN11,30.51
2021-03-09,LREN3,36.88
2021-03-09,LWSA3,22.9
2021-03-09,MGLU3,23.39
2021-03-09,MRFG3,15.93
2021-03-09,MRVE3,15.81
2021-03-09,MULT3,20.51
2021-03-09,NTCO3,48.22
2021-03-09,PCAR3,23.7
2021-03-09,PETR3,21.39
2021-03-09,PETR4,21.59
2021-03-09,PETZ3,21.49
2021-03-09,POMO4,2.51
2021-03-09,PRIO3,98.73
2021-03-09,PSSA3,42.6
2021-03-09,RADL3,23.0
2021-03-09,RAIL3,18.43
2021-03-09,RDOR3,60.9
2021-03-09,RENT3,55.58
2021-03-09,SANB11,38.98
2021-03-09,SBSP3,36.49
2021-03-09,SLCE3,41.56
2021-03-09,SMTO3,30.15
2021-03-09,STBP3,5.46
2021-03-09,SUZB3,79.18
2021-03-09,TAEE11,32.92
2021-03-09,TEND3,24.14
2021-03-09,TIMS3,12.86
2021-03-09,TOTS3,29.52
2021-03-09,UGPA3,17.95
2021-03-09,USIM5,17.09
2021-03-09,VALE3,98.67
2021-03-09,VAMO3,30.6
2021-03-09,VIVA3,22.91
2021-03-09,VIVT3,43.76
2021-03-09,WEGE3,71.5
2021-03-09,YDUQ3,26.42
2021-03-10,ABEV3,15.27
2021-03-10,ASAI3,71.0
2021-03-10,AZUL4,38.34
2021-03-10,B3SA3,55.31
2021-03-10,BBAS3,29.9
2021-03-10,BBDC3,22.01
2021-03-10,BBDC4,24.76
2021-03-10,BBSE3,24.15
2021-03-10,BEEF3,9.84
2021-03-10,BPAC11,91.0
2021-03-10,BRAP4,63.0
2021-03-10,BRFS3,24.16
2021-03-10,BRKM5,32.11
2021-03-10,CCRO3,11.6
2021-03-10,CEAB3,10.24
2021-03-10,CMIG4,11.91
2021-03-10,CMIN3,8.39
2021-03-10,COGN3,4.05
2021-03-10,CPFE3,29.5
2021-03-10,CPLE3,61.14
2021-03-10,CPLE6,61.64
2021-03-10,CRFB3,19.14
2021-03-10,CSAN3,89.63
2021-03-10,CSMG3,13.77
2021-03-10,CSNA3,34.15
2021-03-10,CURY3,8.51
2021-03-10,CVCB3,16.33
2021-03-10,CYRE3,22.76
2021-03-10,DIRR3,11.56
2021-03-10,EGIE3,39.28
2021-03-10,ELET3,31.69
2021-03-10,ELET6,32.08
2021-03-10,EMBR3,13.82
2021-03-10,ENEV3,63.47
2021-03-10,ENGI11,42.51
2021-03-10,EQTL3,20.95
2021-03-10,FLRY3,24.55
2021-03-10,GGBR4,26.97
2021-03-10,GOAU4,12.17
2021-03-10,HAPV3,15.19
2021-03-10,HYPE3,31.16
2021-03-10,IRBR3,6.08
2021-03-10,ITSA4,10.31
2021-03-10,ITUB4,27.32
2021-03-10,JBSS3,26.85
2021-03-10,KLBN11,29.28
2021-03-10,LREN3,38.32
2021-03-10,LWSA3,23.55
2021-03-10,MGLU3,24.9
2021-03-10,MRFG3,15.16
2021-03-10,MRVE3,16.77
2021-03-10,MULT3,20.85
2021-03-10,NTCO3,47.97
2021-03-10,PCAR3,24.83
2021-03-10,PETR3,22.29
2021-03-10,PETR4,22.34
2021-03-10,PETZ3,20.5
2021-03-10,POMO4,2.66
2021-03-10,PRIO3,94.4
2021-03-10,PSSA3,43.35
2021-03-10,RADL3,24.35
2021-03-10,RAIL3,18.52
2021-03-10,RDOR3,60.0
2021-03-10,RENT3,56.54
2021-03-10,SANB11,39.74
2021-03-10,SBSP3,37.3
2021-03-10,SLCE3,42.2
2021-03-10,SMTO3,29.82
2021-03-10,STBP3,5.79
2021-03-10,SUZB3,74.86
2021-03-10,TAEE11,33.05
2021-03-10,TEND3,24.4
2021-03-10,TIMS3,12.81
2021-03-10,TOTS3,28.12
2021-03-10,UGPA3,18.32
2021-03-10,USIM5,16.54
2021-03-10,VALE3,97.15
2021-03-10,VAMO3,29.78
2021-03-10,VIVA3,23.1
2021-03-10,VIVT3,43.55
2021-03-10,WEGE3,72.28
2021-03-10,YDUQ3,27.06
2021-03-11,ABEV3,15.09
2021-03-11,ASAI3,73.49
2021-03-11,AZUL4,40.45
2021-03-11,B3SA3,56.7
2021-03-11,BBAS3,30.05
2021-03-11,BBDC3,22.45
2021-03-11,BBDC4,25.19
2021-03-11,BBSE3,24.37
2021-03-11,BEEF3,9.74
2021-03-11,BPAC11,93.9
2021-03-11,BRAP4,64.36
2021-03-11,BRFS3,24.9
2021-03-11,BRKM5,33.21
2021-03-11,CCRO3,12.54
2021-03-11,CEAB3,11.02
2021-03-11,CMIG4,12.04
2021-03-11,CMIN3,8.5
2021-03-11,COGN3,4.14
2021-03-11,CPFE3,29.71
2021-03-11,CPLE3,60.82
2021-03-11,CPLE6,61.36
2021-03-11,CRFB3,19.27
2021-03-11,CSAN3,89.29
2021-03-11,CSMG3,14.1
2021-03-11,CSNA3,37.28
2021-03-11,CURY3,8.61
2021-03-11,CVCB3,18.12
2021-03-11,CYRE3,23.94
2021-03-11,DIRR3,12.38
2021-03-11,EGIE3,39.94
2021-03-11,ELET3,31.74
2021-03-11,ELET6,32.0
2021-03-11,EMBR3,13.74
2021-03-11,ENEV3,66.7
2021-03-11,ENGI11,44.1
2021-03-11,EQTL3,21.13
2021-03-11,FLRY3,24.85
2021-03-11,GGBR4,27.99
2021-03-11,GOAU4,12.42
2021-03-11,HAPV3,15.5
2021-03-11,HYPE3,31.79
2021-03-11,IRBR3,6.1
2021-03-11,ITSA4,10.28
2021-03-11,ITUB4,27.36
2021-03-11,JBSS3,26.48
2021-03-11,KLBN11,28.93
2021-03-11,LREN3,40.42
2021-03-11,LWSA3,24.23
2021-03-11,MGLU3,24.8
2021-03-11,MRFG3,15.51
2021-03-11,MRVE3,17.22
2021-03-11,MULT3,22.33
2021-03-11,NTCO3,49.38
2021-03-11,PCAR3,24.9
2021-03-11,PETR3,22.95
2021-03-11,PETR4,23.29
2021-03-11,PETZ3,20.26
2021-03-11,POMO4,2.66
2021-03-11,PRIO3,92.85
2021-03-11,PSSA3,44.33
2021-03-11,RADL3,24.06
2021-03-11,RAIL3,19.81
2021-03-11,RDOR3,63.0
2021-03-11,RENT3,59.55
2021-03-11,SANB11,39.64
2021-03-11,SBSP3,38.8
2021-03-11,SLCE3,40.8
2021-03-11,SMTO3,29.91
2021-03-11,STBP3,6.46
2021-03-11,SUZB3,74.16
2021-03-11,TAEE11,33.05
2021-03-11,TEND3,25.6
2021-03-11,TIMS3,12.96
2021-03-11,TOTS3,27.56
2021-03-11,UGPA3,19.49
2021-03-11,USIM5,17.28
2021-03-11,VALE3,99.7
2021-03-11,VAMO3,31.77
2021-03-11,VIVA3,23.85
2021-03-11,VIVT3,43.91
2021-03-11,WEGE3,71.92
2021-03-11,YDUQ3,27.99
2021-03-12,ABEV3,15.03
2021-03-12,ASAI3,72.78
2021-03-12,AZUL4,41.13
2021-03-12,B3SA3,55.34
2021-03-12,BBAS3,30.0
2021-03-12,BBDC3,22.13
2021-03-12,BBDC4,25.02
2021-03-12,BBSE3,23.95
2021-03-12,BEEF3,9.64
2021-03-12,BPAC11,94.56
2021-03-12,BRAP4,63.65
2021-03-12,BRFS3,25.02
2021-03-12,BRKM5,33.73
2021-03-12,CCRO3,12.59
2021-03-12,CEAB3,10.94
2021-03-12,CMIG4,12.09
2021-03-12,CMIN3,8.49
2021-03-12,COGN3,4.19
2021-03-12,CPFE3,29.86
2021-03-12,CPLE3,6.29
2021-03-12,CPLE6,6.3
2021-03-12,CRFB3,19.23
2021-03-12,CSAN3,89.1
2021-03-12,CSMG3,14.08
2021-03-12,CSNA3,37.62
2021-03-12,CURY3,8.72
2021-03-12,CVCB3,18.35
2021-03-12,CYRE3,24.38
2021-03-12,DIRR3,12.43
2021-03-12,EGIE3,39.83
2021-03-12,ELET3,31.8
2021-03-12,ELET6,32.36
2021-03-12,EMBR3,14.4
2021-03-12,ENEV3,16.94
2021-03-12,ENGI11,43.82
2021-03-12,EQTL3,21.19
2021-03-12,FLRY3,24.58
2021-03-12,GGBR4,27.5
2021-03-12,GOAU4,12.2
2021-03-12,HAPV3,15.3
2021-03-12,HYPE3,31.47
2021-03-12,IRBR3,6.19
2021-03-12,ITSA4,10.2
2021-03-12,ITUB4,27.18
2021-03-12,JBSS3,26.31
2021-03-12,KLBN11,29.08
2021-03-12,LREN3,41.56
2021-03-12,LWSA3,22.67
2021-03-12,MGLU3,24.57
2021-03-12,MRFG3,15.37
2021-03-12,MRVE3,17.33
2021-03-12,MULT3,23.21
2021-03-12,NTCO3,48.86
2021-03-12,PCAR3,24.9
2021-03-12,PETR3,22.7
2021-03-12,PETR4,23.17
2021-03-12,PETZ3,19.63
2021-03-12,POMO4,2.69
2021-03-12,PRIO3,93.51
2021-03-12,PSSA3,44.09
2021-03-12,RADL3,24.19
2021-03-12,RAIL3,19.71
2021-03-12,RDOR3,62.5
2021-03-12,RENT3,59.5
2021-03-12,SANB11,39.1
2021-03-12,SBSP3,38.65
2021-03-12,SLCE3,40.05
2021-03-12,SMTO3,29.74
2021-03-12,STBP3,6.54
2021-03-12,SUZB3,74.25
2021-03-12,TAEE11,33.0
2021-03-12,TEND3,25.57
2021-03-12,TIMS3,13.07
2021-03-12,TOTS3,27.66
2021-03-12,UGPA3,19.52
2021-03-12,USIM5,16.88
2021-03-12,VALE3,97.4
2021-03-12,VAMO3,31.89
2021-03-12,VIVA3,23.67
2021-03-12,VIVT3,45.01
2021-03-12,WEGE3,71.15
2021-03-12,YDUQ3,28.12
2021-03-15,ABEV3,15.3
2021-03-15,ASAI3,72.85
2021-03-15,AZUL4,42.84
2021-03-15,B3SA3,53.8
2021-03-15,BBAS3,29.79
2021-03-15,BBDC3,22.35
2021-03-15,BBDC4,25.37
2021-03-15,BBSE3,24.09
2021-03-15,BEEF3,9.52
2021-03-15,BPAC11,93.2
2021-03-15,BRAP4,63.68
2021-03-15,BRFS3,24.72
2021-03-15,BRKM5,34.57
2021-03-15,CCRO3,12.53
2021-03-15,CEAB3,11.18
2021-03-15,CMIG4,12.23
2021-03-15,CMIN3,8.49
2021-03-15,COGN3,4.12
2021-03-15,CPFE3,29.89
2021-03-15,CPLE3,6.62
2021-03-15,CPLE6,6.76
2021-03-15,CRFB3,19.07
2021-03-15,CSAN3,91.75
2021-03-15,CSMG3,14.13
2021-03-15,CSNA3,35.83
2021-03-15,CURY3,8.78
2021-03-15,CVCB3,18.91
2021-03-15,CYRE3,24.8
2021-03-15,DIRR3,13.07
2021-03-15,EGIE3,40.63
2021-03-15,ELET3,32.92
2021-03-15,ELET6,33.11
2021-03-15,EMBR3,14.69
2021-03-15,ENEV3,17.1
2021-03-15,ENGI11,44.81
2021-03-15,EQTL3,21.4
2021-03-15,FLRY3,25.35
2021-03-15,GGBR4,28.49
2021-03-15,GOAU4,12.61
2021-03-15,HAPV3,15.48
2021-03-15,HYPE3,31.84
2021-03-15,IRBR3,6.03
2021-03-15,ITSA4,10.23
2021-03-15,ITUB4,27.5
2021-03-15,JBSS3,26.65
2021-03-15,KLBN11,28.37
2021-03-15,LREN3,41.82
2021-03-15,LWSA3,23.7
2021-03-15,MGLU3,23.72
2021-03-15,MRFG3,15.87
2021-03-15,MRVE3,17.57
2021-03-15,MULT3,23.62
2021-03-15,NTCO3,50.2
2021-03-15,PCAR3,25.0
2021-03-15,PETR3,23.26
2021-03-15,PETR4,23.65
2021-03-15,PETZ3,20.4
2021-03-15,POMO4,2.71
2021-03-15,PRIO3,90.8
2021-03-15,PSSA3,44.9
2021-03-15,RADL3,24.95
2021-03-15,RAIL3,20.06
2021-03-15,RDOR3,63.98
2021-03-15,RENT3,59.34
2021-03-15,SANB11,39.9
2021-03-15,SBSP3,39.58
2021-03-15,SLCE3,40.05
2021-03-15,SMTO3,30.03
2021-03-15,STBP3,6.72
2021-03-15,SUZB3,72.85
2021-03-15,TAEE11,33.8
2021-03-15,TEND3,26.4
2021-03-15,TIMS3,13.19
2021-03-15,TOTS3,28.72
2021-03-15,UGPA3,19.27
2021-03-15,USIM5,17.08
2021-03-15,VALE3,96.82
2021-03-15,VAMO3,33.5
2021-03-15,VIVA3,24.25
2021-03-15,VIVT3,45.47
2021-03-15,WEGE3,73.22
2021-03-15,YDUQ3,28.15
2021-03-16,ABEV3,15.05
2021-03-16,ASAI3,71.55
2021-03-16,AZUL4,40.19
2021-03-16,B3SA3,52.45
2021-03-16,BBAS3,29.87
2021-03-16,BBDC3,21.95
2021-03-16,BBDC4,24.95
2021-03-16,BBSE3,23.92
2021-03-16,BEEF3,9.56
2021-03-16,BPAC11,91.33
2021-03-16,BRAP4,63.66
2021-03-16,BRFS3,24.45
2021-03-16,BRKM5,35.99
2021-03-16,CCRO3,12.14
2021-03-16,CEAB3,10.66
2021-03-16,CMIG4,12.1
2021-03-16,CMIN3,8.5
2021-03-16,COGN3,3.97
2021-03-16,CPFE3,30.37
2021-03-16,CPLE3,6.66
2021-03-16,CPLE6,6.88
2021-03-16,CRFB3,18.88
2021-03-16,CSAN3,88.75
2021-03-16,CSMG3,14.43
2021-03-16,CSNA3,36.95
2021-03-16,CURY3,8.67
2021-03-16,CVCB3,17.5
2021-03-16,CYRE3,23.9
2021-03-16,DIRR3,12.49
2021-03-16,EGIE3,40.5
2021-03-16,ELET3,33.02
2021-03-16,ELET6,33.63
2021-03-16,EMBR3,13.99
2021-03-16,ENEV3,16.88
2021-03-16,ENGI11,44.63
2021-03-16,EQTL3,21.24
2021-03-16,FLRY3,25.14
2021-03-16,GGBR4,28.78
2021-03-16,GOAU4,12.84
2021-03-16,HAPV3,15.92
2021-03-16,HYPE3,31.53
2021-03-16,IRBR3,6.06
2021-03-16,ITSA4,10.08
2021-03-16,ITUB4,26.94
2021-03-16,JBSS3,26.65
2021-03-16,KLBN11,29.61
2021-03-16,LREN3,40.7
2021-03-16,LWSA3,25.2
2021-03-16,MGLU3,24.15
2021-03-16,MRFG3,15.94
2021-03-16,MRVE3,16.99
2021-03-16,MULT3,22.67
2021-03-16,NTCO3,49.79
2021-03-16,PCAR3,24.69
2021-03-16,PETR3,22.91
2021-03-16,PETR4,23.28
2021-03-16,PETZ3,20.0
2021-03-16,POMO4,2.71
2021-03-16,PRIO3,91.0
2021-03-16,PSSA3,44.9
2021-03-16,RADL3,25.84
2021-03-16,RAIL3,19.2
2021-03-16,RDOR3,65.17
2021-03-16,RENT3,58.0
2021-03-16,SANB11,38.5
2021-03-16,SBSP3,39.26
2021-03-16,SLCE3,40.15
2021-03-16,SMTO3,29.97
2021-03-16,STBP3,6.54
2021-03-16,SUZB3,75.25
2021-03-16,TAEE11,34.56
2021-03-16,TEND3,25.94
2021-03-16,TIMS3,13.19
2021-03-16,TOTS3,29.17
2021-03-16,UGPA3,19.18
2021-03-16,USIM5,18.54
2021-03-16,VALE3,96.51
2021-03-16,VAMO3,35.2
2021-03-16,VIVA3,23.49
2021-03-16,VIVT3,45.45
2021-03-16,WEGE3,73.4
2021-03-16,YDUQ3,27.64
2021-03-17,ABEV3,15.42
2021-03-17,ASAI3,74.0
2021-03-17,AZUL4,41.54
2021-03-17,B3SA3,52.95
2021-03-17,BBAS3,30.7
2021-03-17,BBDC3,22.73
2021-03-17,BBDC4,25.99
2021-03-17,BBSE3,24.21
2021-03-17,BEEF3,9.81
2021-03-17,BPAC11,94.17
2021-03-17,BRAP4,65.29
2021-03-17,BRFS3,24.87
2021-03-17,BRKM5,37.42
2021-03-17,CCRO3,12.42
2021-03-17,CEAB3,11.13
2021-03-17,CMIG4,12.16
2021-03-17,CMIN3,8.62
2021-03-17,COGN3,4.12
2021-03-17,CPFE3,31.25
2021-03-17,CPLE3,6.67
2021-03-17,CPLE6,6.98
2021-03-17,CRFB3,19.13
2021-03-17,CSAN3,95.29
2021-03-17,CSMG3,14.59
2021-03-17,CSNA3,37.64
2021-03-17,CURY3,8.88
2021-03-17,CVCB3,18.1
2021-03-17,CYRE3,25.35
2021-03-17,DIRR3,13.25
2021-03-17,EGIE3,42.33
2021-03-17,ELET3,33.71
2021-03-17,ELET6,34.4
2021-03-17,EMBR3,14.42
2021-03-17,ENEV3,16.72
2021-03-17,ENGI11,45.4
2021-03-17,EQTL3,21.94
2021-03-17,FLRY3,25.25
2021-03-17,GGBR4,29.12
2021-03-17,GOAU4,13.03
2021-03-17,HAPV3,15.54
2021-03-17,HYPE3,32.33
2021-03-17,IRBR3,6.16
2021-03-17,ITSA4,10.37
2021-03-17,ITUB4,27.99
2021-03-17,JBSS3,27.12
2021-03-17,KLBN11,29.56
2021-03-17,LREN3,41.62
2021-03-17,LWSA3,25.43
2021-03-17,MGLU3,23.94
2021-03-17,MRFG3,15.88
2021-03-17,MRVE3,17.92
2021-03-17,MULT3,22.95
2021-03-17,NTCO3,50.95
2021-03-17,PCAR3,24.9
2021-03-17,PETR3,23.64
2021-03-17,PETR4,24.08
2021-03-17,PETZ3,20.42
2021-03-17,POMO4,2.76
2021-03-17,PRIO3,96.5
2021-03-17,PSSA3,46.94
2021-03-17,RADL3,25.64
2021-03-17,RAIL3,20.57
2021-03-17,RDOR3,63.68
2021-03-17,RENT3,59.78
2021-03-17,SANB11,39.78
2021-03-17,SBSP3,41.53
2021-03-17,SLCE3,41.72
2021-03-17,SMTO3,32.16
2021-03-17,STBP3,6.73
2021-03-17,SUZB3,76.55
2021-03-17,TAEE11,35.69
2021-03-17,TEND3,26.86
2021-03-17,TIMS3,13.29
2021-03-17,TOTS3,29.69
2021-03-17,UGPA3,20.1
2021-03-17,USIM5,18.37
2021-03-17,VALE3,97.9
2021-03-17,VAMO3,36.0
2021-03-17,VIVA3,23.65
2021-03-17,VIVT3,46.48
2021-03-17,WEGE3,73.19
2021-03-17,YDUQ3,28.66
2021-03-18,ABEV3,15.3
2021-03-18,ASAI3,73.25
2021-03-18,AZUL4,40.7
2021-03-18,B3SA3,53.73
2021-03-18,BBAS3,30.44
2021-03-18,BBDC3,23.15
2021-03-18,BBDC4,26.47
2021-03-18,BBSE3,24.3
2021-03-18,BEEF3,9.61
2021-03-18,BPAC11,91.45
2021-03-18,BRAP4,63.8
2021-03-18,BRFS3,24.77
2021-03-18,BRKM5,37.45
2021-03-18,CCRO3,12.29
2021-03-18,CEAB3,10.65
2021-03-18,CMIG4,12.26
2021-03-18,CMIN3,8.49
2021-03-18,COGN3,3.97
2021-03-18,CPFE3,30.56
2021-03-18,CPLE3,6.66
2021-03-18,CPLE6,6.95
2021-03-18,CRFB3,18.84
2021-03-18,CSAN3,93.0
2021-03-18,CSMG3,14.47
2021-03-18,CSNA3,37.04
2021-03-18,CURY3,8.86
2021-03-18,CVCB3,17.36
2021-03-18,CYRE3,24.3
2021-03-18,DIRR3,12.6
2021-03-18,EGIE3,41.9
2021-03-18,ELET3,33.8
2021-03-18,ELET6,34.45
2021-03-18,EMBR3,13.95
2021-03-18,ENEV3,16.16
2021-03-18,ENGI11,45.33
2021-03-18,EQTL3,21.73
2021-03-18,FLRY3,24.95
2021-03-18,GGBR4,28.61
2021-03-18,GOAU4,12.82
2021-03-18,HAPV3,15.16
2021-03-18,HYPE3,31.62
2021-03-18,IRBR3,6.17
2021-03-18,ITSA4,10.47
2021-03-18,ITUB4,28.15
2021-03-18,JBSS3,26.69
2021-03-18,KLBN11,28.7
2021-03-18,LREN3,41.11
2021-03-18,LWSA3,23.86
2021-03-18,MGLU3,22.28
2021-03-18,MRFG3,15.7
2021-03-18,MRVE3,17.2
2021-03-18,MULT3,22.3
2021-03-18,NTCO3,49.2
2021-03-18,PCAR3,25.0
2021-03-18,PETR3,22.97
2021-03-18,PETR4,23.24
2021-03-18,PETZ3,19.97
2021-03-18,POMO4,2.7
2021-03-18,PRIO3,88.2
2021-03-18,PSSA3,45.93
2021-03-18,RADL3,25.61
2021-03-18,RAIL3,20.27
2021-03-18,RDOR3,62.52
2021-03-18,RENT3,57.75
2021-03-18,SANB11,40.88
2021-03-18,SBSP3,42.2
2021-03-18,SLCE3,41.3
2021-03-18,SMTO3,30.22
2021-03-18,STBP3,6.65
2021-03-18,SUZB3,75.3
2021-03-18,TAEE11,35.16
2021-03-18,TEND3,25.99
2021-03-18,TIMS3,13.18
2021-03-18,TOTS3,28.27
2021-03-18,UGPA3,19.43
2021-03-18,USIM5,17.96
2021-03-18,VALE3,96.16
2021-03-18,VAMO3,36.15
2021-03-18,VIVA3,23.29
2021-03-18,VIVT3,46.43
2021-03-18,WEGE3,71.81
2021-03-18,YDUQ3,27.23
2021-03-19,ABEV3,15.49
2021-03-19,ASAI3,71.34
2021-03-19,AZUL4,41.99
2021-03-19,B3SA3,55.64
2021-03-19,BBAS3,30.7
2021-03-19,BBDC3,23.3
2021-03-19,BBDC4,26.74
2021-03-19,BBSE3,24.5
2021-03-19,BEEF3,9.81
2021-03-19,BPAC11,93.57
2021-03-19,BRAP4,63.09
2021-03-19,BRFS3,25.62
2021-03-19,BRKM5,37.18
2021-03-19,CCRO3,12.6
2021-03-19,CEAB3,10.88
2021-03-19,CMIG4,12.5
2021-03-19,CMIN3,8.53
2021-03-19,COGN3,4.16
2021-03-19,CPFE3,31.68
2021-03-19,CPLE3,6.65
2021-03-19,CPLE6,6.99
2021-03-19,CRFB3,19.22
2021-03-19,CSAN3,93.81
2021-03-19,CSMG3,15.17
2021-03-19,CSNA3,35.61
2021-03-19,CURY3,9.25
2021-03-19,CVCB3,18.55
2021-03-19,CYRE3,24.92
2021-03-19,DIRR3,12.81
2021-03-19,EGIE3,42.24
2021-03-19,ELET3,33.22
2021-03-19,ELET6,34.02
2021-03-19,EMBR3,14.51
2021-03-19,ENEV3,16.52
2021-03-19,ENGI11,46.05
2021-03-19,EQTL3,22.26
2021-03-19,FLRY3,25.32
2021-03-19,GGBR4,28.64
2021-03-19,GOAU4,12.72
2021-03-19,HAPV3,15.28
2021-03-19,HYPE3,32.87
2021-03-19,IRBR3,6.18
2021-03-19,ITSA4,10.44
2021-03-19,ITUB4,28.21
2021-03-19,JBSS3,27.8
2021-03-19,KLBN11,28.25
2021-03-19,LREN3,42.47
2021-03-19,LWSA3,24.17
2021-03-19,MGLU3,22.29
2021-03-19,MRFG3,15.96
2021-03-19,MRVE3,17.73
2021-03-19,MULT3,23.41
2021-03-19,NTCO3,51.53
2021-03-19,PCAR3,28.31
2021-03-19,PETR3,23.52
2021-03-19,PETR4,24.0
2021-03-19,PETZ3,20.37
2021-03-19,POMO4,2.8
2021-03-19,PRIO3,93.93
2021-03-19,PSSA3,48.76
2021-03-19,RADL3,25.87
2021-03-19,RAIL3,20.77
2021-03-19,RDOR3,63.76
2021-03-19,RENT3,59.3
2021-03-19,SANB11,40.43
2021-03-19,SBSP3,42.84
2021-03-19,SLCE3,41.05
2021-03-19,SMTO3,30.82
2021-03-19,STBP3,6.84
2021-03-19,SUZB3,74.0
2021-03-19,TAEE11,36.1
2021-03-19,TEND3,26.55
2021-03-19,TIMS3,13.24
2021-03-19,TOTS3,28.91
2021-03-19,UGPA3,19.82
2021-03-19,USIM5,17.78
2021-03-19,VALE3,94.78
2021-03-19,VAMO3,35.8
2021-03-19,VIVA3,23.44
2021-03-19,VIVT3,46.45
2021-03-19,WEGE3,71.95
2021-03-19,YDUQ3,27.5
2021-03-22,ABEV3,15.54
2021-03-22,ASAI3,70.0
2021-03-22,AZUL4,39.43
2021-03-22,B3SA3,55.02
2021-03-22,BBAS3,30.79
2021-03-22,BBDC3,23.2
2021-03-22,BBDC4,26.6
2021-03-22,BBSE3,24.42
2021-03-22,BEEF3,10.13
2021-03-22,BPAC11,94.17
2021-03-22,BRAP4,62.06
2021-03-22,BRFS3,25.42
2021-03-22,BRKM5,36.96
2021-03-22,CCRO3,12.37
2021-03-22,CEAB3,10.96
2021-03-22,CMIG4,12.31
2021-03-22,CMIN3,8.4
2021-03-22,COGN3,4.05
2021-03-22,CPFE3,31.1
2021-03-22,CPLE3,6.84
2021-03-22,CPLE6,7.1
2021-03-22,CRFB3,19.27
2021-03-22,CSAN3,92.31
2021-03-22,CSMG3,15.1
2021-03-22,CSNA3,35.0
2021-03-22,CURY3,9.35
2021-03-22,CVCB3,18.34
2021-03-22,CYRE3,25.05
2021-03-22,DIRR3,12.7
2021-03-22,EGIE3,41.63
2021-03-22,ELET3,32.48
2021-03-22,ELET6,33.33
2021-03-22,EMBR3,13.43
2021-03-22,ENEV3,16.43
2021-03-22,ENGI11,44.14
2021-03-22,EQTL3,21.81
2021-03-22,FLRY3,25.22
2021-03-22,GGBR4,27.77
2021-03-22,GOAU4,12.38
2021-03-22,HAPV3,15.03
2021-03-22,HYPE3,33.05
2021-03-22,IRBR3,6.09
2021-03-22,ITSA4,10.52
2021-03-22,ITUB4,28.37
2021-03-22,JBSS3,27.43
2021-03-22,KLBN11,28.46
2021-03-22,LREN3,41.55
2021-03-22,LWSA3,24.81
2021-03-22,MGLU3,21.91
2021-03-22,MRFG3,16.35
2021-03-22,MRVE3,17.98
2021-03-22,MULT3,23.33
2021-03-22,NTCO3,50.89
2021-03-22,PCAR3,29.74
2021-03-22,PETR3,23.08
2021-03-22,PETR4,23.52
2021-03-22,PETZ3,20.38
2021-03-22,POMO4,2.72
2021-03-22,PRIO3,90.55
2021-03-22,PSSA3,48.07
2021-03-22,RADL3,26.07
2021-03-22,RAIL3,20.4
2021-03-22,RDOR3,63.14
2021-03-22,RENT3,57.84
2021-03-22,SANB11,40.09
2021-03-22,SBSP3,42.39
2021-03-22,SLCE3,41.66
2021-03-22,SMTO3,30.0
2021-03-22,STBP3,6.84
2021-03-22,SUZB3,72.41
2021-03-22,TAEE11,35.8
2021-03-22,TEND3,27.16
2021-03-22,TIMS3,13.13
2021-03-22,TOTS3,29.24
2021-03-22,UGPA3,19.79
2021-03-22,USIM5,17.23
2021-03-22,VALE3,93.21
2021-03-22,VAMO3,36.0
2021-03-22,VIVA3,24.64
2021-03-22,VIVT3,45.83
2021-03-22,WEGE3,71.3
2021-03-22,YDUQ3,27.66
2021-03-23,ABEV3,15.08
2021-03-23,ASAI3,70.78
2021-03-23,AZUL4,36.75
2021-03-23,B3SA3,54.17
2021-03-23,BBAS3,29.68
2021-03-23,BBDC3,22.97
2021-03-23,BBDC4,26.31
2021-03-23,BBSE3,24.28
2021-03-23,BEEF3,9.99
2021-03-23,BPAC11,95.1
2021-03-23,BRAP4,61.25
2021-03-23,BRFS3,24.36
2021-03-23,BRKM5,36.67
2021-03-23,CCRO3,12.05
2021-03-23,CEAB3,11.52
2021-03-23,CMIG4,12.31
2021-03-23,CMIN3,8.32
2021-03-23,COGN3,3.96
2021-03-23,CPFE3,30.75
2021-03-23,CPLE3,6.83
2021-03-23,CPLE6,7.08
2021-03-23,CRFB3,19.27
2021-03-23,CSAN3,92.18
2021-03-23,CSMG3,15.26
2021-03-23,CSNA3,33.5
2021-03-23,CURY3,9.35
2021-03-23,CVCB3,19.36
2021-03-23,CYRE3,24.64
2021-03-23,DIRR3,12.39
2021-03-23,EGIE3,41.55
2021-03-23,ELET3,33.0
2021-03-23,ELET6,33.89
2021-03-23,EMBR3,13.35
2021-03-23,ENEV3,16.44
2021-03-23,ENGI11,43.86
2021-03-23,EQTL3,21.57
2021-03-23,FLRY3,25.45
2021-03-23,GGBR4,26.56
2021-03-23,GOAU4,11.93
2021-03-23,HAPV3,15.26
2021-03-23,HYPE3,32.67
2021-03-23,IRBR3,6.45
2021-03-23,ITSA4,10.26
2021-03-23,ITUB4,27.65
2021-03-23,JBSS3,27.55
2021-03-23,KLBN11,28.52
2021-03-23,LREN3,41.65
2021-03-23,LWSA3,24.74
2021-03-23,MGLU3,21.51
2021-03-23,MRFG3,17.0
2021-03-23,MRVE3,17.46
2021-03-23,MULT3,23.54
2021-03-23,NTCO3,50.32
2021-03-23,PCAR3,29.45
2021-03-23,PETR3,22.55
2021-03-23,PETR4,22.8
2021-03-23,PETZ3,20.05
2021-03-23,POMO4,2.77
2021-03-23,PRIO3,87.03
2021-03-23,PSSA3,46.74
2021-03-23,RADL3,25.96
2021-03-23,RAIL3,19.98
2021-03-23,RDOR3,62.15
2021-03-23,RENT3,56.55
2021-03-23,SANB11,39.22
2021-03-23,SBSP3,41.7
2021-03-23,SLCE3,40.79
2021-03-23,SMTO3,29.97
2021-03-23,STBP3,6.79
2021-03-23,SUZB3,71.77
2021-03-23,TAEE11,36.15
2021-03-23,TEND3,26.68
2021-03-23,TIMS3,13.03
2021-03-23,TOTS3,28.8
2021-03-23,UGPA3,19.57
2021-03-23,USIM5,16.65
2021-03-23,VALE3,91.06
2021-03-23,VAMO3,35.8
2021-03-23,VIVA3,24.51
2021-03-23,VIVT3,45.57
2021-03-23,WEGE3,71.61
2021-03-23,YDUQ3,27.0
2021-03-24,ABEV3,14.8
2021-03-24,ASAI3,68.5
2021-03-24,AZUL4,36.53
2021-03-24,B3SA3,53.79
2021-03-24,BBAS3,29.14
2021-03-24,BBDC3,22.61
2021-03-24,BBDC4,26.04
2021-03-24,BBSE3,23.74
2021-03-24,BEEF3,9.95
2021-03-24,BPAC11,91.8
2021-03-24,BRAP4,61.66
2021-03-24,BRFS3,24.03
2021-03-24,BRKM5,37.34
2021-03-24,CCRO3,12.3
2021-03-24,CEAB3,11.33
2021-03-24,CMIG4,12.06
2021-03-24,CMIN3,8.36
2021-03-24,COGN3,3.88
2021-03-24,CPFE3,30.0
2021-03-24,CPLE3,6.66
2021-03-24,CPLE6,6.82
2021-03-24,CRFB3,21.73
2021-03-24,CSAN3,90.89
2021-03-24,CSMG3,14.9
2021-03-24,CSNA3,33.3
2021-03-24,CURY3,8.86
2021-03-24,CVCB3,18.69
2021-03-24,CYRE3,23.48
2021-03-24,DIRR3,12.03
2021-03-24,EGIE3,40.31
2021-03-24,ELET3,32.29
2021-03-24,ELET6,33.15
2021-03-24,EMBR3,13.1
2021-03-24,ENEV3,15.68
2021-03-24,ENGI11,41.86
2021-03-24,EQTL3,21.02
2021-03-24,FLRY3,24.84
2021-03-24,GGBR4,26.77
2021-03-24,GOAU4,12.0
2021-03-24,HAPV3,14.78
2021-03-24,HYPE3,31.7
2021-03-24,IRBR3,6.05
2021-03-24,ITSA4,10.05
2021-03-24,ITUB4,27.17
2021-03-24,JBSS3,27.52
2021-03-24,KLBN11,28.77
2021-03-24,LREN3,40.91
2021-03-24,LWSA3,24.1
2021-03-24,MGLU3,20.37
2021-03-24,MRFG3,17.15
2021-03-24,MRVE3,16.92
2021-03-24,MULT3,23.33
2021-03-24,NTCO3,48.07
2021-03-24,PCAR3,28.18
2021-03-24,PETR3,22.53
2021-03-24,PETR4,22.82
2021-03-24,PETZ3,19.9
2021-03-24,POMO4,2.73
2021-03-24,PRIO3,88.01
2021-03-24,PSSA3,45.99
2021-03-24,RADL3,25.06
2021-03-24,RAIL3,19.61
2021-03-24,RDOR3,60.6
2021-03-24,RENT3,55.13
2021-03-24,SANB11,38.98
2021-03-24,SBSP3,40.61
2021-03-24,SLCE3,41.3
2021-03-24,SMTO3,28.88
2021-03-24,STBP3,6.54
2021-03-24,SUZB3,73.66
2021-03-24,TAEE11,35.73
2021-03-24,TEND3,25.92
2021-03-24,TIMS3,12.6
2021-03-24,TOTS3,27.84
2021-03-24,UGPA3,19.46
2021-03-24,USIM5,16.42
2021-03-24,VALE3,93.15
2021-03-24,VAMO3,34.1
2021-03-24,VIVA3,23.91
2021-03-24,VIVT3,45.0
2021-03-24,WEGE3,70.52
2021-03-24,YDUQ3,26.71
2021-03-25,ABEV3,14.99
2021-03-25,ASAI3,71.87
2021-03-25,AZUL4,37.21
2021-03-25,B3SA3,53.78
2021-03-25,BBAS3,29.56
2021-03-25,BBDC3,23.07
2021-03-25,BBDC4,26.62
2021-03-25,BBSE3,23.85
2021-03-25,BEEF3,9.8
2021-03-25,BPAC11,92.65
2021-03-25,BRAP4,61.85
2021-03-25,BRFS3,24.28
2021-03-25,BRKM5,37.77
2021-03-25,CCRO3,12.04
2021-03-25,CEAB3,11.45
2021-03-25,CMIG4,12.44
2021-03-25,CMIN3,8.3
2021-03-25,COGN3,3.99
2021-03-25,CPFE3,30.77
2021-03-25,CPLE3,6.69
2021-03-25,CPLE6,6.87
2021-03-25,CRFB3,22.14
2021-03-25,CSAN3,92.1
2021-03-25,CSMG3,14.82
2021-03-25,CSNA3,33.47
2021-03-25,CURY3,8.98
2021-03-25,CVCB3,19.19
2021-03-25,CYRE3,24.19
2021-03-25,DIRR3,12.51
2021-03-25,EGIE3,40.99
2021-03-25,ELET3,33.89
2021-03-25,ELET6,34.35
2021-03-25,EMBR3,13.19
2021-03-25,ENEV3,16.36
2021-03-25,ENGI11,44.0
2021-03-25,EQTL3,22.48
2021-03-25,FLRY3,25.11
2021-03-25,GGBR4,27.17
2021-03-25,GOAU4,12.2
2021-03-25,HAPV3,15.45
2021-03-25,HYPE3,32.43
2021-03-25,IRBR3,6.1
2021-03-25,ITSA4,10.26
2021-03-25,ITUB4,27.65
2021-03-25,JBSS3,27.97
2021-03-25,KLBN11,28.56
2021-03-25,LREN3,42.87
2021-03-25,LWSA3,23.5
2021-03-25,MGLU3,20.3
2021-03-25,MRFG3,17.22
2021-03-25,MRVE3,17.5
2021-03-25,MULT3,23.66
2021-03-25,NTCO3,49.37
2021-03-25,PCAR3,29.66
2021-03-25,PETR3,22.96
2021-03-25,PETR4,23.2
2021-03-25,PETZ3,19.93
2021-03-25,POMO4,2.75
2021-03-25,PRIO3,89.41
2021-03-25,PSSA3,46.51
2021-03-25,RADL3,25.03
2021-03-25,RAIL3,19.8
2021-03-25,RDOR3,62.5
2021-03-25,RENT3,56.8
2021-03-25,SANB11,39.57
2021-03-25,SBSP3,40.86
2021-03-25,SLCE3,41.38
2021-03-25,SMTO3,28.75
2021-03-25,STBP3,6.76
2021-03-25,SUZB3,73.2
2021-03-25,TAEE11,35.78
2021-03-25,TEND3,26.94
2021-03-25,TIMS3,12.76
2021-03-25,TOTS3,28.21
2021-03-25,UGPA3,20.16
2021-03-25,USIM5,16.36
2021-03-25,VALE3,92.44
2021-03-25,VAMO3,36.7
2021-03-25,VIVA3,24.31
2021-03-25,VIVT3,45.2
2021-03-25,WEGE3,71.07
2021-03-25,YDUQ3,27.73
2021-03-26,ABEV3,15.15
2021-03-26,ASAI3,72.7
2021-03-26,AZUL4,37.37
2021-03-26,B3SA3,54.01
2021-03-26,BBAS3,29.66
2021-03-26,BBDC3,23.26
2021-03-26,BBDC4,26.8
2021-03-26,BBSE3,23.96
2021-03-26,BEEF3,9.83
2021-03-26,BPAC11,91.97
2021-03-26,BRAP4,65.37
2021-03-26,BRFS3,24.39
2021-03-26,BRKM5,37.91
2021-03-26,CCRO3,12.0
2021-03-26,CEAB3,11.0
2021-03-26,CMIG4,12.43
2021-03-26,CMIN3,8.36
2021-03-26,COGN3,3.81
2021-03-26,CPFE3,30.27
2021-03-26,CPLE3,6.71
2021-03-26,CPLE6,6.98
2021-03-26,CRFB3,22.22
2021-03-26,CSAN3,90.81
2021-03-26,CSMG3,14.77
2021-03-26,CSNA3,35.14
2021-03-26,CURY3,9.0
2021-03-26,CVCB3,18.93
2021-03-26,CYRE3,23.68
2021-03-26,DIRR3,12.4
2021-03-26,EGIE3,41.22
2021-03-26,ELET3,33.77
2021-03-26,ELET6,34.26
2021-03-26,EMBR3,13.2
2021-03-26,ENEV3,16.45
2021-03-26,ENGI11,44.29
2021-03-26,EQTL3,22.83
2021-03-26,FLRY3,25.16
2021-03-26,GGBR4,28.6
2021-03-26,GOAU4,12.74
2021-03-26,HAPV3,15.2
2021-03-26,HYPE3,32.35
2021-03-26,IRBR3,6.12
2021-03-26,ITSA4,10.36
2021-03-26,ITUB4,28.07
2021-03-26,JBSS3,28.71
2021-03-26,KLBN11,28.6
2021-03-26,LREN3,41.98
2021-03-26,LWSA3,23.0
2021-03-26,MGLU3,19.98
2021-03-26,MRFG3,16.83
2021-03-26,MRVE3,17.54
2021-03-26,MULT3,23.68
2021-03-26,NTCO3,48.76
2021-03-26,PCAR3,31.41
2021-03-26,PETR3,23.3
2021-03-26,PETR4,23.46
2021-03-26,PETZ3,19.29
2021-03-26,POMO4,2.77
2021-03-26,PRIO3,92.51
2021-03-26,PSSA3,47.04
2021-03-26,RADL3,24.85
2021-03-26,RAIL3,19.7
2021-03-26,RDOR3,61.8
2021-03-26,RENT3,57.43
2021-03-26,SANB11,40.94
2021-03-26,SBSP3,40.87
2021-03-26,SLCE3,42.47
2021-03-26,SMTO3,28.91
2021-03-26,STBP3,6.76
2021-03-26,SUZB3,72.58
2021-03-26,TAEE11,36.1
2021-03-26,TEND3,26.25
2021-03-26,TIMS3,12.84
2021-03-26,TOTS3,28.18
2021-03-26,UGPA3,20.92
2021-03-26,USIM5,16.58
2021-03-26,VALE3,95.53
2021-03-26,VAMO3,35.81
2021-03-26,VIVA3,23.7
2021-03-26,VIVT3,45.34
2021-03-26,WEGE3,72.74
2021-03-26,YDUQ3,27.09
2021-03-29,ABEV3,15.3
2021-03-29,ASAI3,73.5
2021-03-29,AZUL4,36.48
2021-03-29,B3SA3,53.6
2021-03-29,BBAS3,29.8
2021-03-29,BBDC3,23.43
2021-03-29,BBDC4,26.91
2021-03-29,BBSE3,24.07
2021-03-29,BEEF3,10.47
2021-03-29,BPAC11,92.06
2021-03-29,BRAP4,68.28
2021-03-29,BRFS3,24.82
2021-03-29,BRKM5,39.1
2021-03-29,CCRO3,12.18
2021-03-29,CEAB3,10.75
2021-03-29,CMIG4,12.8
2021-03-29,CMIN3,9.17
2021-03-29,COGN3,3.77
2021-03-29,CPFE3,29.82
2021-03-29,CPLE3,6.79
2021-03-29,CPLE6,7.06
2021-03-29,CRFB3,22.32
2021-03-29,CSAN3,89.81
2021-03-29,CSMG3,14.69
2021-03-29,CSNA3,36.43
2021-03-29,CURY3,9.08
2021-03-29,CVCB3,19.02
2021-03-29,CYRE3,23.07
2021-03-29,DIRR3,11.92
2021-03-29,EGIE3,41.18
2021-03-29,ELET3,33.14
2021-03-29,ELET6,33.95
2021-03-29,EMBR3,13.12
2021-03-29,ENEV3,16.1
2021-03-29,ENGI11,43.95
2021-03-29,EQTL3,22.63
2021-03-29,FLRY3,24.94
2021-03-29,GGBR4,29.0
2021-03-29,GOAU4,12.96
2021-03-29,HAPV3,14.96
2021-03-29,HYPE3,32.2
2021-03-29,IRBR3,6.08
2021-03-29,ITSA4,10.32
2021-03-29,ITUB4,28.06
2021-03-29,JBSS3,29.45
2021-03-29,KLBN11,28.63
2021-03-29,LREN3,41.49
2021-03-29,LWSA3,21.49
2021-03-29,MGLU3,19.65
2021-03-29,MRFG3,17.55
2021-03-29,MRVE3,17.32
2021-03-29,MULT3,23.52
2021-03-29,NTCO3,48.42
2021-03-29,PCAR3,33.64
2021-03-29,PETR3,23.65
2021-03-29,PETR4,23.83
2021-03-29,PETZ3,19.24
2021-03-29,POMO4,2.72
2021-03-29,PRIO3,94.4
2021-03-29,PSSA3,46.82
2021-03-29,RADL3,25.42
2021-03-29,RAIL3,19.93
2021-03-29,RDOR3,61.34
2021-03-29,RENT3,57.55
2021-03-29,SANB11,39.74
2021-03-29,SBSP3,40.89
2021-03-29,SLCE3,43.65
2021-03-29,SMTO3,29.56
2021-03-29,STBP3,6.7
2021-03-29,SUZB3,73.04
2021-03-29,TAEE11,38.4
2021-03-29,TEND3,25.55
2021-03-29,TIMS3,12.71
2021-03-29,TOTS3,27.87
2021-03-29,UGPA3,21.01
2021-03-29,USIM5,16.67
2021-03-29,VALE3,97.98
2021-03-29,VAMO3,34.45
2021-03-29,VIVA3,22.6
2021-03-29,VIVT3,45.52
2021-03-29,WEGE3,72.1
2021-03-29,YDUQ3,26.71
2021-03-30,ABEV3,15.59
2021-03-30,ASAI3,73.5
2021-03-30,AZUL4,39.01
2021-03-30,B3SA3,53.5
2021-03-30,BBAS3,30.72
2021-03-30,BBDC3,23.98
2021-03-30,BBDC4,27.36
2021-03-30,BBSE3,24.78
2021-03-30,BEEF3,10.36
2021-03-30,BPAC11,97.42
2021-03-30,BRAP4,68.18
2021-03-30,BRFS3,25.38
2021-03-30,BRKM5,40.78
2021-03-30,CCRO3,12.15
2021-03-30,CEAB3,11.53
2021-03-30,CMIG4,12.95
2021-03-30,CMIN3,9.02
2021-03-30,COGN3,3.86
2021-03-30,CPFE3,30.09
2021-03-30,CPLE3,6.87
2021-03-30,CPLE6,7.07
2021-03-30,CRFB3,22.89
2021-03-30,CSAN3,92.54
2021-03-30,CSMG3,15.01
2021-03-30,CSNA3,36.87
2021-03-30,CURY3,9.35
2021-03-30,CVCB3,20.08
2021-03-30,CYRE3,24.53
2021-03-30,DIRR3,12.5
2021-03-30,EGIE3,41.56
2021-03-30,ELET3,33.15
2021-03-30,ELET6,34.01
2021-03-30,EMBR3,14.34
2021-03-30,ENEV3,16.59
2021-03-30,ENGI11,44.55
2021-03-30,EQTL3,22.88
2021-03-30,FLRY3,25.61
2021-03-30,GGBR4,29.46
2021-03-30,GOAU4,13.09
2021-03-30,HAPV3,15.0
2021-03-30,HYPE3,32.49
2021-03-30,IRBR3,6.16
2021-03-30,ITSA4,10.47
2021-03-30,ITUB4,28.52
2021-03-30,JBSS3,29.8
2021-03-30,KLBN11,28.32
2021-03-30,LREN3,43.92
2021-03-30,LWSA3,22.71
2021-03-30,MGLU3,20.06
2021-03-30,MRFG3,17.4
2021-03-30,MRVE3,18.38
2021-03-30,MULT3,24.84
2021-03-30,NTCO3,48.75
2021-03-30,PCAR3,33.8
2021-03-30,PETR3,23.58
2021-03-30,PETR4,23.83
2021-03-30,PETZ3,19.15
2021-03-30,POMO4,2.84
2021-03-30,PRIO3,92.27
2021-03-30,PSSA3,47.09
2021-03-30,RADL3,25.74
2021-03-30,RAIL3,20.12
2021-03-30,RDOR3,62.99
2021-03-30,RENT3,59.8
2021-03-30,SANB11,40.27
2021-03-30,SBSP3,41.15
2021-03-30,SLCE3,42.89
2021-03-30,SMTO3,29.91
2021-03-30,STBP3,6.69
2021-03-30,SUZB3,70.62
2021-03-30,TAEE11,39.44
2021-03-30,TEND3,26.33
2021-03-30,TIMS3,12.88
2021-03-30,TOTS3,29.0
2021-03-30,UGPA3,21.32
2021-03-30,USIM5,16.87
2021-03-30,VALE3,97.07
2021-03-30,VAMO3,34.0
2021-03-30,VIVA3,24.67
2021-03-30,VIVT3,45.5
2021-03-30,WEGE3,75.05
2021-03-30,YDUQ3,28.04
2021-03-31,ABEV3,15.29
2021-03-31,ASAI3,73.84
2021-03-31,AZUL4,37.85
2021-03-31,B3SA3,54.62
2021-03-31,BBAS3,30.45
2021-03-31,BBDC3,23.51
2021-03-31,BBDC4,26.77
2021-03-31,BBSE3,24.25
2021-03-31,BEEF3,10.2
2021-03-31,BPAC11,97.05
2021-03-31,BRAP4,68.31
2021-03-31,BRFS3,25.22
2021-03-31,BRKM5,39.69
2021-03-31,CCRO3,12.92
2021-03-31,CEAB3,11.78
2021-03-31,CMIG4,13.03
2021-03-31,CMIN3,9.19
2021-03-31,COGN3,3.98
2021-03-31,CPFE3,30.42
2021-03-31,CPLE3,7.0
2021-03-31,CPLE6,7.13
2021-03-31,CRFB3,23.22
2021-03-31,CSAN3,91.42
2021-03-31,CSMG3,15.1
2021-03-31,CSNA3,37.9
2021-03-31,CURY3,9.74
2021-03-31,CVCB3,19.72
2021-03-31,CYRE3,24.65
2021-03-31,DIRR3,12.42
2021-03-31,EGIE3,41.83
2021-03-31,ELET3,34.27
2021-03-31,ELET6,34.81
2021-03-31,EMBR3,14.01
2021-03-31,ENEV3,16.7
2021-03-31,ENGI11,45.22
2021-03-31,EQTL3,24.8
2021-03-31,FLRY3,25.6
2021-03-31,GGBR4,30.22
2021-03-31,GOAU4,13.41
2021-03-31,HAPV3,14.88
2021-03-31,HYPE3,32.03
2021-03-31,IRBR3,6.13
2021-03-31,ITSA4,10.32
2021-03-31,ITUB4,27.97
2021-03-31,JBSS3,30.28
2021-03-31,KLBN11,27.63
2021-03-31,LREN3,42.59
2021-03-31,LWSA3,22.85
2021-03-31,MGLU3,20.24
2021-03-31,MRFG3,17.61
2021-03-31,MRVE3,18.2
2021-03-31,MULT3,24.49
2021-03-31,NTCO3,48.14
2021-03-31,PCAR3,33.18
2021-03-31,PETR3,23.94
2021-03-31,PETR4,24.1
2021-03-31,PETZ3,19.79
2021-03-31,POMO4,2.8
2021-03-31,PRIO3,92.28
2021-03-31,PSSA3,46.98
2021-03-31,RADL3,25.06
2021-03-31,RAIL3,20.25
2021-03-31,RDOR3,64.91
2021-03-31,RENT3,59.73
2021-03-31,SANB11,39.6
2021-03-31,SBSP3,41.2
2021-03-31,SLCE3,44.64
2021-03-31,SMTO3,29.66
2021-03-31,STBP3,6.82
2021-03-31,SUZB3,68.55
2021-03-31,TAEE11,38.92
2021-03-31,TEND3,25.99
2021-03-31,TIMS3,12.67
2021-03-31,TOTS3,28.93
2021-03-31,UGPA3,21.21
2021-03-31,USIM5,17.1
2021-03-31,VALE3,97.97
2021-03-31,VAMO3,35.0
2021-03-31,VIVA3,24.64
2021-03-31,VIVT3,44.23
2021-03-31,WEGE3,74.56
2021-03-31,YDUQ3,26.71
2021-04-01,ABEV3,15.0
2021-04-01,ASAI3,75.06
2021-04-01,AZUL4,37.99
2021-04-01,B3SA3,53.61
2021-04-01,BBAS3,29.95
2021-04-01,BBDC3,22.7
2021-04-01,BBDC4,25.79
2021-04-01,BBSE3,23.92
2021-04-01,BEEF3,10.2
2021-04-01,BPAC11,94.55
2021-04-01,BRAP4,63.44
2021-04-01,BRFS3,24.55
2021-04-01,BRKM5,40.56
2021-04-01,CCRO3,12.91
2021-04-01,CEAB3,11.65
2021-04-01,CMIG4,12.77
2021-04-01,CMIN3,9.05
2021-04-01,COGN3,3.84
2021-04-01,CPFE3,30.02
2021-04-01,CPLE3,6.31
2021-04-01,CPLE6,6.36
2021-04-01,CRFB3,22.81
2021-04-01,CSAN3,92.85
2021-04-01,CSMG3,15.16
2021-04-01,CSNA3,36.8
2021-04-01,CURY3,9.57
2021-04-01,CVCB3,19.26
2021-04-01,CYRE3,24.13
2021-04-01,DIRR3,12.2
2021-04-01,EGIE3,41.48
2021-04-01,ELET3,33.61
2021-04-01,ELET6,34.15
2021-04-01,EMBR3,13.9
2021-04-01,ENEV3,16.21
2021-04-01,ENGI11,44.22
2021-04-01,EQTL3,24.99
2021-04-01,FLRY3,25.69
2021-04-01,GGBR4,29.38
2021-04-01,GOAU4,12.94
2021-04-01,HAPV3,14.83
2021-04-01,HYPE3,31.8
2021-04-01,IRBR3,6.05
2021-04-01,ITSA4,10.1
2021-04-01,ITUB4,27.1
2021-04-01,JBSS3,30.45
2021-04-01,KLBN11,28.05
2021-04-01,LREN3,42.92
2021-04-01,LWSA3,24.01
2021-04-01,MGLU3,20.44
2021-04-01,MRFG3,17.87
2021-04-01,MRVE3,17.74
2021-04-01,MULT3,24.19
2021-04-01,NTCO3,47.3
2021-04-01,PCAR3,32.3
2021-04-01,PETR3,23.62
2021-04-01,PETR4,23.89
2021-04-01,PETZ3,19.76
2021-04-01,POMO4,2.77
2021-04-01,PRIO3,90.98
2021-04-01,PSSA3,44.79
2021-04-01,RADL3,24.49
2021-04-01,RAIL3,20.16
2021-04-01,RDOR3,64.33
2021-04-01,RENT3,60.04
2021-04-01,SANB11,38.55
2021-04-01,SBSP3,41.0
2021-04-01,SLCE3,46.77
2021-04-01,SMTO3,29.71
2021-04-01,STBP3,6.69
2021-04-01,SUZB3,69.25
2021-04-01,TAEE11,37.89
2021-04-01,TEND3,25.7
2021-04-01,TIMS3,12.47
2021-04-01,TOTS3,28.73
2021-04-01,UGPA3,20.79
2021-04-01,USIM5,16.61
2021-04-01,VALE3,97.39
2021-04-01,VAMO3,35.0
2021-04-01,VIVA3,24.07
2021-04-01,VIVT3,44.14
2021-04-01,WEGE3,75.06
2021-04-01,YDUQ3,26.64
2021-04-05,ABEV3,15.27
2021-04-05,ASAI3,77.5
2021-04-05,AZUL4,39.8
2021-04-05,B3SA3,54.32
2021-04-05,BBAS3,29.91
2021-04-05,BBDC3,22.96
2021-04-05,BBDC4,26.01
2021-04-05,BBSE3,24.07
2021-04-05,BEEF3,10.24
2021-04-05,BPAC11,98.45
2021-04-05,BRAP4,67.0
2021-04-05,BRFS3,24.73
2021-04-05,BRKM5,41.55
2021-04-05,CCRO3,13.13
2021-04-05,CEAB3,11.96
2021-04-05,CMIG4,12.51
2021-04-05,CMIN3,9.2
2021-04-05,COGN3,4.07
2021-04-05,CPFE3,30.6
2021-04-05,CPLE3,6.25
2021-04-05,CPLE6,6.31
2021-04-05,CRFB3,23.66
2021-04-05,CSAN3,92.47
2021-04-05,CSMG3,14.95
2021-04-05,CSNA3,37.8
2021-04-05,CURY3,9.85
2021-04-05,CVCB3,20.3
2021-04-05,CYRE3,24.86
2021-04-05,DIRR3,12.45
2021-04-05,EGIE3,41.92
2021-04-05,ELET3,34.65
2021-04-05,ELET6,34.79
2021-04-05,EMBR3,14.66
2021-04-05,ENEV3,16.67
2021-04-05,ENGI11,44.33
2021-04-05,EQTL3,25.2
2021-04-05,FLRY3,25.91
2021-04-05,GGBR4,29.44
2021-04-05,GOAU4,13.13
2021-04-05,HAPV3,14.77
2021-04-05,HYPE3,33.12
2021-04-05,IRBR3,6.07
2021-04-05,ITSA4,10.23
2021-04-05,ITUB4,27.45
2021-04-05,JBSS3,30.33
2021-04-05,KLBN11,28.08
2021-04-05,LREN3,43.36
2021-04-05,LWSA3,24.0
2021-04-05,MGLU3,20.42
2021-04-05,MRFG3,17.52
2021-04-05,MRVE3,18.17
2021-04-05,MULT3,24.55
2021-04-05,NTCO3,48.07
2021-04-05,PCAR3,33.02
2021-04-05,PETR3,23.87
2021-04-05,PETR4,24.04
2021-04-05,PETZ3,20.33
2021-04-05,POMO4,2.8
2021-04-05,PRIO3,90.62
2021-04-05,PSSA3,46.71
2021-04-05,RADL3,24.75
2021-04-05,RAIL3,20.74
2021-04-05,RDOR3,64.77
2021-04-05,RENT3,61.53
2021-04-05,SANB11,38.9
2021-04-05,SBSP3,41.79
2021-04-05,SLCE3,45.61
2021-04-05,SMTO3,29.78
2021-04-05,STBP3,6.8
2021-04-05,SUZB3,69.25
2021-04-05,TAEE11,38.66
2021-04-05,TEND3,26.06
2021-04-05,TIMS3,12.33
2021-04-05,TOTS3,29.9
2021-04-05,UGPA3,21.1
2021-04-05,USIM5,17.06
2021-04-05,VALE3,103.39
2021-04-05,VAMO3,34.9
2021-04-05,VIVA3,25.09
2021-04-05,VIVT3,44.46
2021-04-05,WEGE3,76.91
2021-04-05,YDUQ3,28.95
2021-04-06,ABEV3,15.39
2021-04-06,ASAI3,76.81
2021-04-06,AZUL4,39.67
2021-04-06,B3SA3,55.07
2021-04-06,BBAS3,29.55
2021-04-06,BBDC3,22.5
2021-04-06,BBDC4,25.6
2021-04-06,BBSE3,24.06
2021-04-06,BEEF3,10.18
2021-04-06,BPAC11,98.62
2021-04-06,BRAP4,66.59
2021-04-06,BRFS3,24.45
2021-04-06,BRKM5,42.16
2021-04-06,CCRO3,13.2
2021-04-06,CEAB3,12.31
2021-04-06,CMIG4,12.67
2021-04-06,CMIN3,9.25
2021-04-06,COGN3,4.05
2021-04-06,CPFE3,31.12
2021-04-06,CPLE3,6.22
2021-04-06,CPLE6,6.32
2021-04-06,CRFB3,23.38
2021-04-06,CSAN3,91.07
2021-04-06,CSMG3,15.11
2021-04-06,CSNA3,39.17
2021-04-06,CURY3,9.87
2021-04-06,CVCB3,20.36
2021-04-06,CYRE3,25.1
2021-04-06,DIRR3,12.6
2021-04-06,EGIE3,41.87
2021-04-06,ELET3,35.0
2021-04-06,ELET6,35.38
2021-04-06,EMBR3,14.46
2021-04-06,ENEV3,17.0
2021-04-06,ENGI11,44.59
2021-04-06,EQTL3,25.3
2021-04-06,FLRY3,26.92
2021-04-06,GGBR4,30.14
2021-04-06,GOAU4,13.37
2021-04-06,HAPV3,14.65
2021-04-06,HYPE3,32.63
2021-04-06,IRBR3,6.08
2021-04-06,ITSA4,10.13
2021-04-06,ITUB4,27.13
2021-04-06,JBSS3,30.75
2021-04-06,KLBN11,28.6
2021-04-06,LREN3,43.83
2021-04-06,LWSA3,25.46
2021-04-06,MGLU3,20.6
2021-04-06,MRFG3,17.59
2021-04-06,MRVE3,18.21
2021-04-06,MULT3,24.27
2021-04-06,NTCO3,49.18
2021-04-06,PCAR3,32.64
2021-04-06,PETR3,23.69
2021-04-06,PETR4,24.02
2021-04-06,PETZ3,20.6
2021-04-06,POMO4,2.86
2021-04-06,PRIO3,93.49
2021-04-06,PSSA3,48.64
2021-04-06,RADL3,24.56
2021-04-06,RAIL3,20.93
2021-04-06,RDOR3,66.56
2021-04-06,RENT3,62.36
2021-04-06,SANB11,38.49
2021-04-06,SBSP3,41.76
2021-04-06,SLCE3,46.7
2021-04-06,SMTO3,30.51
2021-04-06,STBP3,6.77
2021-04-06,SUZB3,70.25
2021-04-06,TAEE11,38.87
2021-04-06,TEND3,26.99
2021-04-06,TIMS3,12.24
2021-04-06,TOTS3,30.05
2021-04-06,UGPA3,21.0
2021-04-06,USIM5,17.65
2021-04-06,VALE3,102.05
2021-04-06,VAMO3,34.35
2021-04-06,VIVA3,25.53
2021-04-06,VIVT3,44.47
2021-04-06,WEGE3,77.1
2021-04-06,YDUQ3,28.84
2021-04-07,ABEV3,15.22
2021-04-07,ASAI3,76.32
2021-04-07,AZUL4,39.45
2021-04-07,B3SA3,54.95
2021-04-07,BBAS3,29.36
2021-04-07,BBDC3,22.35
2021-04-07,BBDC4,25.32
2021-04-07,BBSE3,24.04
2021-04-07,BEEF3,10.61
2021-04-07,BPAC11,98.8
2021-04-07,BRAP4,67.83
2021-04-07,BRFS3,24.27
2021-04-07,BRKM5,44.67
2021-04-07,CCRO3,12.96
2021-04-07,CEAB3,12.07
2021-04-07,CMIG4,12.69
2021-04-07,CMIN3,9.38
2021-04-07,COGN3,4.0
2021-04-07,CPFE3,30.64
2021-04-07,CPLE3,6.17
2021-04-07,CPLE6,6.32
2021-04-07,CRFB3,23.25
2021-04-07,CSAN3,89.97
2021-04-07,CSMG3,15.09
2021-04-07,CSNA3,39.89
2021-04-07,CURY3,9.81
2021-04-07,CVCB3,20.1
2021-04-07,CYRE3,24.78
2021-04-07,DIRR3,12.39
2021-04-07,EGIE3,41.3
2021-04-07,ELET3,35.68
2021-04-07,ELET6,35.97
2021-04-07,EMBR3,14.78
2021-04-07,ENEV3,16.87
2021-04-07,ENGI11,43.58
2021-04-07,EQTL3,24.82
2021-04-07,FLRY3,27.01
2021-04-07,GGBR4,30.71
2021-04-07,GOAU4,13.63
2021-04-07,HAPV3,15.22
2021-04-07,HYPE3,32.78
2021-04-07,IRBR3,6.22
2021-04-07,ITSA4,10.12
2021-04-07,ITUB4,26.89
2021-04-07,JBSS3,31.18
2021-04-07,KLBN11,28.83
2021-04-07,LREN3,43.13
2021-04-07,LWSA3,25.76
2021-04-07,MGLU3,20.18
2021-04-07,MRFG3,17.83
2021-04-07,MRVE3,17.95
2021-04-07,MULT3,23.99
2021-04-07,NTCO3,48.65
2021-04-07,PCAR3,33.04
2021-04-07,PETR3,23.8
2021-04-07,PETR4,24.0
2021-04-07,PETZ3,20.2
2021-04-07,POMO4,2.78
2021-04-07,PRIO3,94.6
2021-04-07,PSSA3,47.83
2021-04-07,RADL3,24.25
2021-04-07,RAIL3,20.25
2021-04-07,RDOR3,67.56
2021-04-07,RENT3,62.4
2021-04-07,SANB11,38.5
2021-04-07,SBSP3,41.38
2021-04-07,SLCE3,45.96
2021-04-07,SMTO3,30.48
2021-04-07,STBP3,7.11
2021-04-07,SUZB3,69.85
2021-04-07,TAEE11,39.6
2021-04-07,TEND3,27.26
2021-04-07,TIMS3,12.59
2021-04-07,TOTS3,30.69
2021-04-07,UGPA3,20.85
2021-04-07,USIM5,17.9
2021-04-07,VALE3,104.56
2021-04-07,VAMO3,34.5
2021-04-07,VIVA3,25.37
2021-04-07,VIVT3,44.55
2021-04-07,WEGE3,76.16
2021-04-07,YDUQ3,29.12
2021-04-08,ABEV3,15.45
2021-04-08,ASAI3,77.42
2021-04-08,AZUL4,39.96
2021-04-08,B3SA3,55.85
2021-04-08,BBAS3,29.11
2021-04-08,BBDC3,22.32
2021-04-08,BBDC4,25.24
2021-04-08,BBSE3,23.96
2021-04-08,BEEF3,10.73
2021-04-08,BPAC11,99.72
2021-04-08,BRAP4,68.7
2021-04-08,BRFS3,24.39
2021-04-08,BRKM5,44.0
2021-04-08,CCRO3,12.9
2021-04-08,CEAB3,11.8
2021-04-08,CMIG4,12.7
2021-04-08,CMIN3,9.3
2021-04-08,COGN3,4.05
2021-04-08,CPFE3,30.49
2021-04-08,CPLE3,6.17
2021-04-08,CPLE6,6.28
2021-04-08,CRFB3,23.62
2021-04-08,CSAN3,89.65
2021-04-08,CSMG3,15.32
2021-04-08,CSNA3,41.1
2021-04-08,CURY3,9.9
2021-04-08,CVCB3,20.1
2021-04-08,CYRE3,25.19
2021-04-08,DIRR3,12.33
2021-04-08,EGIE3,41.57
2021-04-08,ELET3,35.99
2021-04-08,ELET6,36.18
2021-04-08,EMBR3,16.08
2021-04-08,ENEV3,17.33
2021-04-08,ENGI11,43.47
2021-04-08,EQTL3,24.71
2021-04-08,FLRY3,26.72
2021-04-08,GGBR4,30.81
2021-04-08,GOAU4,13.71
2021-04-08,HAPV3,14.88
2021-04-08,HYPE3,33.85
2021-04-08,IRBR3,6.15
2021-04-08,ITSA4,10.09
2021-04-08,ITUB4,26.68
2021-04-08,JBSS3,31.63
2021-04-08,KLBN11,29.18
2021-04-08,LREN3,42.43
2021-04-08,LWSA3,27.49
2021-04-08,MGLU3,21.85
2021-04-08,MRFG3,18.13
2021-04-08,MRVE3,18.08
2021-04-08,MULT3,23.38
2021-04-08,NTCO3,50.41
2021-04-08,PCAR3,34.83
2021-04-08,PETR3,23.4
2021-04-08,PETR4,23.7
2021-04-08,PETZ3,21.57
2021-04-08,POMO4,2.75
2021-04-08,PRIO3,94.75
2021-04-08,PSSA3,47.15
2021-04-08,RADL3,24.64
2021-04-08,RAIL3,20.45
2021-04-08,RDOR3,66.2
2021-04-08,RENT3,63.6
2021-04-08,SANB11,38.2
2021-04-08,SBSP3,41.85
2021-04-08,SLCE3,46.29
2021-04-08,SMTO3,30.85
2021-04-08,STBP3,7.25
2021-04-08,SUZB3,70.43
2021-04-08,TAEE11,39.68
2021-04-08,TEND3,26.88
2021-04-08,TIMS3,12.6
2021-04-08,TOTS3,31.1
2021-04-08,UGPA3,20.96
2021-04-08,USIM5,18.57
2021-04-08,VALE3,104.5
2021-04-08,VAMO3,36.15
2021-04-08,VIVA3,25.51
2021-04-08,VIVT3,44.69
2021-04-08,WEGE3,76.46
2021-04-08,YDUQ3,31.0
2021-04-09,ABEV3,15.36
2021-04-09,ASAI3,77.5
2021-04-09,AZUL4,39.35
2021-04-09,B3SA3,55.22
2021-04-09,BBAS3,29.19
2021-04-09,BBDC3,22.16
2021-04-09,BBDC4,25.2
2021-04-09,BBSE3,23.89
2021-04-09,BEEF3,10.81
2021-04-09,BPAC11,98.55
2021-04-09,BRAP4,68.89
2021-04-09,BRFS3,24.0
2021-04-09,BRKM5,43.37
2021-04-09,CCRO3,12.6
2021-04-09,CEAB3,11.83
2021-04-09,CMIG4,12.58
2021-04-09,CMIN3,9.37
2021-04-09,COGN3,4.11
2021-04-09,CPFE3,30.0
2021-04-09,CPLE3,6.14
2021-04-09,CPLE6,6.25
2021-04-09,CRFB3,23.1
2021-04-09,CSAN3,89.19
2021-04-09,CSMG3,15.37
2021-04-09,CSNA3,43.09
2021-04-09,CURY3,10.2
2021-04-09,CVCB3,20.31
2021-04-09,CYRE3,25.61
2021-04-09,DIRR3,12.9
2021-04-09,EGIE3,41.51
2021-04-09,ELET3,35.45
2021-04-09,ELET6,35.96
2021-04-09,EMBR3,15.96
2021-04-09,ENEV3,17.26
2021-04-09,ENGI11,42.94
2021-04-09,EQTL3,24.5
2021-04-09,FLRY3,26.39
2021-04-09,GGBR4,31.12
2021-04-09,GOAU4,13.88
2021-04-09,HAPV3,14.87
2021-04-09,HYPE3,33.43
2021-04-09,IRBR3,6.17
2021-04-09,ITSA4,10.04
2021-04-09,ITUB4,26.64
2021-04-09,JBSS3,31.35
2021-04-09,KLBN11,29.44
2021-04-09,LREN3,41.5
2021-04-09,LWSA3,26.06
2021-04-09,MGLU3,21.67
2021-04-09,MRFG3,18.34
2021-04-09,MRVE3,18.61
2021-04-09,MULT3,23.7
2021-04-09,NTCO3,51.02
2021-04-09,PCAR3,33.7
2021-04-09,PETR3,23.5
2021-04-09,PETR4,23.65
2021-04-09,PETZ3,22.3
2021-04-09,POMO4,2.72
2021-04-09,PRIO3,94.49
2021-04-09,PSSA3,47.64
2021-04-09,RADL3,24.15
2021-04-09,RAIL3,20.31
2021-04-09,RDOR3,65.93
2021-04-09,RENT3,62.99
2021-04-09,SANB11,37.88
2021-04-09,SBSP3,42.98
2021-04-09,SLCE3,47.52
2021-04-09,SMTO3,30.4
2021-04-09,STBP3,7.25
2021-04-09,SUZB3,71.38
2021-04-09,TAEE11,38.82
2021-04-09,TEND3,27.72
2021-04-09,TIMS3,12.51
2021-04-09,TOTS3,30.57
2021-04-09,UGPA3,20.45
2021-04-09,USIM5,19.2
2021-04-09,VALE3,103.0
2021-04-09,VAMO3,36.45
2021-04-09,VIVA3,25.73
2021-04-09,VIVT3,44.45
2021-04-09,WEGE3,75.51
2021-04-09,YDUQ3,31.29
2021-04-12,ABEV3,15.51
2021-04-12,ASAI3,77.4
2021-04-12,AZUL4,38.35
2021-04-12,B3SA3,55.77
2021-04-12,BBAS3,29.55
2021-04-12,BBDC3,22.63
2021-04-12,BBDC4,25.72
2021-04-12,BBSE3,24.14
2021-04-12,BEEF3,11.37
2021-04-12,BPAC11,99.25
2021-04-12,BRAP4,69.43
2021-04-12,BRFS3,24.48
2021-04-12,BRKM5,46.76
2021-04-12,CCRO3,12.55
2021-04-12,CEAB3,11.98
2021-04-12,CMIG4,12.63
2021-04-12,CMIN3,9.43
2021-04-12,COGN3,4.09
2021-04-12,CPFE3,30.65
2021-04-12,CPLE3,6.08
2021-04-12,CPLE6,6.18
2021-04-12,CRFB3,23.2
2021-04-12,CSAN3,90.0
2021-04-12,CSMG3,15.51
2021-04-12,CSNA3,43.88
2021-04-12,CURY3,10.07
2021-04-12,CVCB3,20.65
2021-04-12,CYRE3,25.63
2021-04-12,DIRR3,13.17
2021-04-12,EGIE3,41.54
2021-04-12,ELET3,34.74
2021-04-12,ELET6,34.94
2021-04-12,EMBR3,16.05
2021-04-12,ENEV3,18.06
2021-04-12,ENGI11,43.48
2021-04-12,EQTL3,24.5
2021-04-12,FLRY3,26.98
2021-04-12,GGBR4,31.22
2021-04-12,GOAU4,13.96
2021-04-12,HAPV3,14.81
2021-04-12,HYPE3,34.19
2021-04-12,IRBR3,6.17
2021-04-12,ITSA4,10.21
2021-04-12,ITUB4,27.3
2021-04-12,JBSS3,32.25
2021-04-12,KLBN11,29.95
2021-04-12,LREN3,41.07
2021-04-12,LWSA3,26.17
2021-04-12,MGLU3,21.65
2021-04-12,MRFG3,18.24
2021-04-12,MRVE3,18.5
2021-04-12,MULT3,23.53
2021-04-12,NTCO3,51.18
2021-04-12,PCAR3,37.0
2021-04-12,PETR3,23.74
2021-04-12,PETR4,23.89
2021-04-12,PETZ3,21.81
2021-04-12,POMO4,2.7
2021-04-12,PRIO3,96.91
2021-04-12,PSSA3,47.45
2021-04-12,RADL3,24.6
2021-04-12,RAIL3,20.48
2021-04-12,RDOR3,69.0
2021-04-12,RENT3,62.98
2021-04-12,SANB11,38.78
2021-04-12,SBSP3,42.97
2021-04-12,SLCE3,48.68
2021-04-12,SMTO3,30.83
2021-04-12,STBP3,7.29
2021-04-12,SUZB3,72.0
2021-04-12,TAEE11,39.14
2021-04-12,TEND3,27.65
2021-04-12,TIMS3,12.52
2021-04-12,TOTS3,31.29
2021-04-12,UGPA3,20.67
2021-04-12,USIM5,19.41
2021-04-12,VALE3,103.4
2021-04-12,VAMO3,37.1
2021-04-12,VIVA3,25.4
2021-04-12,VIVT3,44.75
2021-04-12,WEGE3,75.51
2021-04-12,YDUQ3,31.3
2021-04-13,ABEV3,15.63
2021-04-13,ASAI3,77.25
2021-04-13,AZUL4,38.03
2021-04-13,B3SA3,55.3
2021-04-13,BBAS3,29.55
2021-04-13,BBDC3,22.51
2021-04-13,BBDC4,25.5
2021-04-13,BBSE3,23.82
2021-04-13,BEEF3,10.61
2021-04-13,BPAC11,98.6
2021-04-13,BRAP4,70.06
2021-04-13,BRFS3,24.58
2021-04-13,BRKM5,46.91
2021-04-13,CCRO3,12.47
2021-04-13,CEAB3,11.83
2021-04-13,CMIG4,12.82
2021-04-13,CMIN3,9.38
2021-04-13,COGN3,4.33
2021-04-13,CPFE3,30.45
2021-04-13,CPLE3,6.13
2021-04-13,CPLE6,6.23
2021-04-13,CRFB3,23.02
2021-04-13,CSAN3,89.87
2021-04-13,CSMG3,15.48
2021-04-13,CSNA3,45.08
2021-04-13,CURY3,9.97
2021-04-13,CVCB3,20.34
2021-04-13,CYRE3,25.51
2021-04-13,DIRR3,13.0
2021-04-13,EGIE3,41.55
2021-04-13,ELET3,34.76
2021-04-13,ELET6,35.01
2021-04-13,EMBR3,15.76
2021-04-13,ENEV3,16.78
2021-04-13,ENGI11,43.55
2021-04-13,EQTL3,24.37
2021-04-13,FLRY3,27.21
2021-04-13,GGBR4,31.94
2021-04-13,GOAU4,14.3
2021-04-13,HAPV3,15.19
2021-04-13,HYPE3,35.1
2021-04-13,IRBR3,6.25
2021-04-13,ITSA4,10.19
2021-04-13,ITUB4,27.29
2021-04-13,JBSS3,32.34
2021-04-13,KLBN11,29.96
2021-04-13,LREN3,41.51
2021-04-13,LWSA3,27.2
2021-04-13,MGLU3,22.2
2021-04-13,MRFG3,17.86
2021-04-13,MRVE3,17.99
2021-04-13,MULT3,23.8
2021-04-13,NTCO3,51.91
2021-04-13,PCAR3,39.11
2021-04-13,PETR3,23.74
2021-04-13,PETR4,23.97
2021-04-13,PETZ3,21.55
2021-04-13,POMO4,2.69
2021-04-13,PRIO3,100.5
2021-04-13,PSSA3,46.91
2021-04-13,RADL3,24.87
2021-04-13,RAIL3,20.28
2021-04-13,RDOR3,69.63
2021-04-13,RENT3,63.2
2021-04-13,SANB11,38.3
2021-04-13,SBSP3,42.61
2021-04-13,SLCE3,48.02
2021-04-13,SMTO3,30.35
2021-04-13,STBP3,7.2
2021-04-13,SUZB3,72.4
2021-04-13,TAEE11,39.4
2021-04-13,TEND3,27.66
2021-04-13,TIMS3,12.3
2021-04-13,TOTS3,31.32
2021-04-13,UGPA3,20.92
2021-04-13,USIM5,19.97
2021-04-13,VALE3,103.58
2021-04-13,VAMO3,36.8
2021-04-13,VIVA3,25.42
2021-04-13,VIVT3,44.45
2021-04-13,WEGE3,74.98
2021-04-13,YDUQ3,32.67
2021-04-14,ABEV3,15.81
2021-04-14,ASAI3,78.66
2021-04-14,AZUL4,38.1
2021-04-14,B3SA3,55.03
2021-04-14,BBAS3,29.6
2021-04-14,BBDC3,22.72
2021-04-14,BBDC4,25.8
2021-04-14,BBSE3,23.78
2021-04-14,BEEF3,11.02
2021-04-14,BPAC11,99.5
2021-04-14,BRAP4,71.9
2021-04-14,BRFS3,24.27
2021-04-14,BRKM5,46.86
2021-04-14,CCRO3,12.44
2021-04-14,CEAB3,12.24
2021-04-14,CMIG4,12.94
2021-04-14,CMIN3,9.47
2021-04-14,COGN3,4.13
2021-04-14,CPFE3,30.48
2021-04-14,CPLE3,6.19
2021-04-14,CPLE6,6.3
2021-04-14,CRFB3,22.71
2021-04-14,CSAN3,90.16
2021-04-14,CSMG3,15.39
2021-04-14,CSNA3,46.51
2021-04-14,CURY3,10.06
2021-04-14,CVCB3,21.43
2021-04-14,CYRE3,25.59
2021-04-14,DIRR3,13.06
2021-04-14,EGIE3,41.32
2021-04-14,ELET3,34.38
2021-04-14,ELET6,34.68
2021-04-14,EMBR3,16.14
2021-04-14,ENEV3,16.31
2021-04-14,ENGI11,43.03
2021-04-14,EQTL3,24.19
2021-04-14,FLRY3,27.18
2021-04-14,GGBR4,32.39
2021-04-14,GOAU4,14.6
2021-04-14,HAPV3,15.11
2021-04-14,HYPE3,34.33
2021-04-14,IRBR3,6.44
2021-04-14,ITSA4,10.26
2021-04-14,ITUB4,27.64
2021-04-14,JBSS3,33.3
2021-04-14,KLBN11,29.7
2021-04-14,LREN3,41.49
2021-04-14,LWSA3,26.91
2021-04-14,MGLU3,22.12
2021-04-14,MRFG3,18.85
2021-04-14,MRVE3,18.57
2021-04-14,MULT3,23.28
2021-04-14,NTCO3,52.08
2021-04-14,PCAR3,38.2
2021-04-14,PETR3,24.12
2021-04-14,PETR4,24.35
2021-04-14,PETZ3,21.88
2021-04-14,POMO4,2.68
2021-04-14,PRIO3,101.8
2021-04-14,PSSA3,46.41
2021-04-14,RADL3,24.78
2021-04-14,RAIL3,20.35
2021-04-14,RDOR3,69.5
2021-04-14,RENT3,63.65
2021-04-14,SANB11,39.07
2021-04-14,SBSP3,41.85
2021-04-14,SLCE3,47.78
2021-04-14,SMTO3,31.02
2021-04-14,STBP3,7.3
2021-04-14,SUZB3,71.35
2021-04-14,TAEE11,39.33
2021-04-14,TEND3,27.49
2021-04-14,TIMS3,12.28
2021-04-14,TOTS3,30.93
2021-04-14,UGPA3,20.9
2021-04-14,USIM5,20.81
2021-04-14,VALE3,107.0
2021-04-14,VAMO3,37.52
2021-04-14,VIVA3,25.2
2021-04-14,VIVT3,44.74
2021-04-14,WEGE3,76.23
2021-04-14,YDUQ3,32.36
2021-04-15,ABEV3,15.87
2021-04-15,ASAI3,79.97
2021-04-15,AZUL4,37.82
2021-04-15,B3SA3,54.56
2021-04-15,BBAS3,29.64
2021-04-15,BBDC3,22.8
2021-04-15,BBDC4,25.8
2021-04-15,BBSE3,23.65
2021-04-15,BEEF3,11.2
2021-04-15,BPAC11,99.23
2021-04-15,BRAP4,72.47
2021-04-15,BRFS3,24.3
2021-04-15,BRKM5,48.52
2021-04-15,CCRO3,12.36
2021-04-15,CEAB3,12.64
2021-04-15,CMIG4,12.83
2021-04-15,CMIN3,9.69
2021-04-15,COGN3,4.11
2021-04-15,CPFE3,30.55
2021-04-15,CPLE3,6.21
2021-04-15,CPLE6,6.42
2021-04-15,CRFB3,23.03
2021-04-15,CSAN3,91.06
2021-04-15,CSMG3,15.72
2021-04-15,CSNA3,47.05
2021-04-15,CURY3,10.1
2021-04-15,CVCB3,21.38
2021-04-15,CYRE3,25.26
2021-04-15,DIRR3,12.99
2021-04-15,EGIE3,41.52
2021-04-15,ELET3,34.2
2021-04-15,ELET6,34.55
2021-04-15,EMBR3,15.96
2021-04-15,ENEV3,16.5
2021-04-15,ENGI11,43.02
2021-04-15,EQTL3,24.55
2021-04-15,FLRY3,27.11
2021-04-15,GGBR4,32.62
2021-04-15,GOAU4,14.67
2021-04-15,HAPV3,15.11
2021-04-15,HYPE3,34.93
2021-04-15,IRBR3,6.25
2021-04-15,ITSA4,10.26
2021-04-15,ITUB4,27.64
2021-04-15,JBSS3,34.51
2021-04-15,KLBN11,30.05
2021-04-15,LREN3,41.91
2021-04-15,LWSA3,26.75
2021-04-15,MGLU3,22.2
2021-04-15,MRFG3,19.3
2021-04-15,MRVE3,18.49
2021-04-15,MULT3,23.72
2021-04-15,NTCO3,52.84
2021-04-15,PCAR3,36.26
2021-04-15,PETR3,22.92
2021-04-15,PETR4,23.09
2021-04-15,PETZ3,21.64
2021-04-15,POMO4,2.71
2021-04-15,PRIO3,97.6
2021-04-15,PSSA3,46.26
2021-04-15,RADL3,24.96
2021-04-15,RAIL3,20.6
2021-04-15,RDOR3,69.3
2021-04-15,RENT3,63.6
2021-04-15,SANB11,38.6
2021-04-15,SBSP3,42.51
2021-04-15,SLCE3,49.35
2021-04-15,SMTO3,31.6
2021-04-15,STBP3,7.26
2021-04-15,SUZB3,72.1
2021-04-15,TAEE11,39.23
2021-04-15,TEND3,27.64
2021-04-15,TIMS3,12.33
2021-04-15,TOTS3,31.31
2021-04-15,UGPA3,21.12
2021-04-15,USIM5,21.0
2021-04-15,VALE3,108.21
2021-04-15,VAMO3,38.64
2021-04-15,VIVA3,25.09
2021-04-15,VIVT3,44.75
2021-04-15,WEGE3,78.3
2021-04-15,YDUQ3,32.22
2021-04-16,ABEV3,15.8
2021-04-16,ASAI3,79.75
2021-04-16,AZUL4,37.81
2021-04-16,B3SA3,55.4
2021-04-16,BBAS3,29.77
2021-04-16,BBDC3,23.12
2021-04-16,BBDC4,26.1
2021-04-16,BBSE3,23.73
2021-04-16,BEEF3,10.72
2021-04-16,BPAC11,101.14
2021-04-16,BRAP4,72.85
2021-04-16,BRFS3,23.59
2021-04-16,BRKM5,49.98
2021-04-16,CCRO3,12.27
2021-04-16,CEAB3,13.68
2021-04-16,CMIG4,12.9
2021-04-16,CMIN3,9.57
2021-04-16,COGN3,4.19
2021-04-16,CPFE3,31.23
2021-04-16,CPLE3,6.32
2021-04-16,CPLE6,6.54
2021-04-16,CRFB3,23.19
2021-04-16,CSAN3,90.8
2021-04-16,CSMG3,16.13
2021-04-16,CSNA3,48.0
2021-04-16,CURY3,10.37
2021-04-16,CVCB3,22.0
2021-04-16,CYRE3,25.62
2021-04-16,DIRR3,13.31
2021-04-16,EGIE3,41.94
2021-04-16,ELET3,35.55
2021-04-16,ELET6,36.33
2021-04-16,EMBR3,15.81
2021-04-16,ENEV3,16.66
2021-04-16,ENGI11,43.42
2021-04-16,EQTL3,24.94
2021-04-16,FLRY3,27.2
2021-04-16,GGBR4,32.53
2021-04-16,GOAU4,14.81
2021-04-16,HAPV3,15.34
2021-04-16,HYPE3,35.4
2021-04-16,IRBR3,6.17
2021-04-16,ITSA4,10.3
2021-04-16,ITUB4,27.95
2021-04-16,JBSS3,33.41
2021-04-16,KLBN11,29.45
2021-04-16,LREN3,46.9
2021-04-16,LWSA3,26.94
2021-04-16,MGLU3,21.92
2021-04-16,MRFG3,19.36
2021-04-16,MRVE3,18.81
2021-04-16,MULT3,23.85
2021-04-16,NTCO3,50.16
2021-04-16,PCAR3,36.57
2021-04-16,PETR3,22.65
2021-04-16,PETR4,22.95
2021-04-16,PETZ3,22.59
2021-04-16,POMO4,2.67
2021-04-16,PRIO3,98.14
2021-04-16,PSSA3,46.79
2021-04-16,RADL3,24.75
2021-04-16,RAIL3,21.01
2021-04-16,RDOR3,70.0
2021-04-16,RENT3,64.18
2021-04-16,SANB11,38.75
2021-04-16,SBSP3,42.99
2021-04-16,SLCE3,48.82
2021-04-16,SMTO3,30.91
2021-04-16,STBP3,7.0
2021-04-16,SUZB3,71.12
2021-04-16,TAEE11,40.15
2021-04-16,TEND3,27.54
2021-04-16,TIMS3,12.27
2021-04-16,TOTS3,31.15
2021-04-16,UGPA3,21.09
2021-04-16,USIM5,21.57
2021-04-16,VALE3,108.67
2021-04-16,VAMO3,39.0
2021-04-16,VIVA3,25.66
2021-04-16,VIVT3,44.14
2021-04-16,WEGE3,77.05
2021-04-16,YDUQ3,32.16
2021-04-19,ABEV3,15.73
2021-04-19,ASAI3,80.5
2021-04-19,AZUL4,37.96
2021-04-19,B3SA3,54.36
2021-04-19,BBAS3,29.62
2021-04-19,BBDC3,20.76
2021-04-19,BBDC4,23.62
2021-04-19,BBSE3,23.28
2021-04-19,BEEF3,10.77
2021-04-19,BPAC11,99.75
2021-04-19,BRAP4,74.0
2021-04-19,BRFS3,23.87
2021-04-19,BRKM5,52.79
2021-04-19,CCRO3,12.5
2021-04-19,CEAB3,13.35
2021-04-19,CMIG4,13.0
2021-04-19,CMIN3,9.72
2021-04-19,COGN3,4.1
2021-04-19,CPFE3,31.0
2021-04-19,CPLE3,6.38
2021-04-19,CPLE6,6.59
2021-04-19,CRFB3,22.2
2021-04-19,CSAN3,89.94
2021-04-19,CSMG3,16.02
2021-04-19,CSNA3,47.43
2021-04-19,CURY3,10.49
2021-04-19,CVCB3,22.12
2021-04-19,CYRE3,25.1
2021-04-19,DIRR3,13.14
2021-04-19,EGIE3,41.73
2021-04-19,ELET3,35.04
2021-04-19,ELET6,35.73
2021-04-19,EMBR3,15.43
2021-04-19,ENEV3,16.06
2021-04-19,ENGI11,43.84
2021-04-19,EQTL3,24.65
2021-04-19,FLRY3,27.1
2021-04-19,GGBR4,32.51
2021-04-19,GOAU4,14.76
2021-04-19,HAPV3,15.08
2021-04-19,HYPE3,35.2
2021-04-19,IRBR3,6.31
2021-04-19,ITSA4,10.2
2021-04-19,ITUB4,27.53
2021-04-19,JBSS3,34.66
2021-04-19,KLBN11,29.84
2021-04-19,LREN3,45.23
2021-04-19,LWSA3,27.14
2021-04-19,MGLU3,21.65
2021-04-19,MRFG3,19.8
2021-04-19,MRVE3,18.46
2021-04-19,MULT3,23.92
2021-04-19,NTCO3,50.01
2021-04-19,PCAR3,36.08
2021-04-19,PETR3,23.79
2021-04-19,PETR4,24.28
2021-04-19,PETZ3,22.46
2021-04-19,POMO4,2.71
2021-04-19,PRIO3,96.0
2021-04-19,PSSA3,48.15
2021-04-19,RADL3,24.89
2021-04-19,RAIL3,20.81
2021-04-19,RDOR3,69.58
2021-04-19,RENT3,62.44
2021-04-19,SANB11,38.22
2021-04-19,SBSP3,41.74
2021-04-19,SLCE3,50.19
2021-04-19,SMTO3,31.67
2021-04-19,STBP3,7.08
2021-04-19,SUZB3,72.1
2021-04-19,TAEE11,40.76
2021-04-19,TEND3,27.05
2021-04-19,TIMS3,12.0
2021-04-19,TOTS3,31.27
2021-04-19,UGPA3,21.28
2021-04-19,USIM5,21.43
2021-04-19,VALE3,107.73
2021-04-19,VAMO3,39.1
2021-04-19,VIVA3,25.67
2021-04-19,VIVT3,43.67
2021-04-19,WEGE3,75.8
2021-04-19,YDUQ3,31.2
2021-04-20,ABEV3,15.62
2021-04-20,ASAI3,81.5
2021-04-20,AZUL4,37.44
2021-04-20,B3SA3,53.72
2021-04-20,BBAS3,30.1
2021-04-20,BBDC3,20.45
2021-04-20,BBDC4,23.26
2021-04-20,BBSE3,23.33
2021-04-20,BEEF3,10.9
2021-04-20,BPAC11,98.5
2021-04-20,BRAP4,72.77
2021-04-20,BRFS3,23.81
2021-04-20,BRKM5,51.75
2021-04-20,CCRO3,12.42
2021-04-20,CEAB3,12.0
2021-04-20,CMIG4,13.5
2021-04-20,CMIN3,9.66
2021-04-20,COGN3,3.99
2021-04-20,CPFE3,30.72
2021-04-20,CPLE3,6.39
2021-04-20,CPLE6,6.66
2021-04-20,CRFB3,22.93
2021-04-20,CSAN3,92.59
2021-04-20,CSMG3,16.73
2021-04-20,CSNA3,46.66
2021-04-20,CURY3,10.45
2021-04-20,CVCB3,21.66
2021-04-20,CYRE3,25.29
2021-04-20,DIRR3,12.85
2021-04-20,EGIE3,41.8
2021-04-20,ELET3,35.24
2021-04-20,ELET6,35.66
2021-04-20,EMBR3,15.08
2021-04-20,ENEV3,16.04
2021-04-20,ENGI11,44.1
2021-04-20,EQTL3,24.9
2021-04-20,FLRY3,26.82
2021-04-20,GGBR4,32.27
2021-04-20,GOAU4,14.62
2021-04-20,HAPV3,15.28
2021-04-20,HYPE3,34.8
2021-04-20,IRBR3,6.25
2021-04-20,ITSA4,10.22
2021-04-20,ITUB4,27.39
2021-04-20,JBSS3,35.05
2021-04-20,KLBN11,30.09
2021-04-20,LREN3,43.4
2021-04-20,LWSA3,27.44
2021-04-20,MGLU3,21.6
2021-04-20,MRFG3,20.71
2021-04-20,MRVE3,18.02
2021-04-20,MULT3,23.93
2021-04-20,NTCO3,49.23
2021-04-20,PCAR3,39.3
2021-04-20,PETR3,23.2
2021-04-20,PETR4,23.82
2021-04-20,PETZ3,22.46
2021-04-20,POMO4,2.68
2021-04-20,PRIO3,92.96
2021-04-20,PSSA3,47.8
2021-04-20,RADL3,24.84
2021-04-20,RAIL3,20.77
2021-04-20,RDOR3,68.83
2021-04-20,RENT3,61.78
2021-04-20,SANB11,38.3
2021-04-20,SBSP3,42.3
2021-04-20,SLCE3,49.73
2021-04-20,SMTO3,32.53
2021-04-20,STBP3,7.16
2021-04-20,SUZB3,72.29
2021-04-20,TAEE11,40.98
2021-04-20,TEND3,26.53
2021-04-20,TIMS3,11.93
2021-04-20,TOTS3,31.09
2021-04-20,UGPA3,21.19
2021-04-20,USIM5,21.08
2021-04-20,VALE3,106.16
2021-04-20,VAMO3,39.04
2021-04-20,VIVA3,24.82
2021-04-20,VIVT3,43.85
2021-04-20,WEGE3,73.87
2021-04-20,YDUQ3,29.55
2021-04-22,ABEV3,15.9
2021-04-22,ASAI3,80.46
2021-04-22,AZUL4,38.66
2021-04-22,B3SA3,53.35
2021-04-22,BBAS3,29.83
2021-04-22,BBDC3,20.28
2021-04-22,BBDC4,23.1
2021-04-22,BBSE3,23.21
2021-04-22,BEEF3,10.9
2021-04-22,BPAC11,97.59
2021-04-22,BRAP4,73.01
2021-04-22,BRFS3,23.25
2021-04-22,BRKM5,50.81
2021-04-22,CCRO3,12.33
2021-04-22,CEAB3,11.98
2021-04-22,CMIG4,13.45
2021-04-22,CMIN3,9.66
2021-04-22,COGN3,3.96
2021-04-22,CPFE3,30.49
2021-04-22,CPLE3,6.26
2021-04-22,CPLE6,6.46
2021-04-22,CRFB3,22.21
2021-04-22,CSAN3,93.34
2021-04-22,CSMG3,16.49
2021-04-22,CSNA3,48.72
2021-04-22,CURY3,10.17
2021-04-22,CVCB3,22.06
2021-04-22,CYRE3,25.19
2021-04-22,DIRR3,12.92
2021-04-22,EGIE3,41.67
2021-04-22,ELET3,35.72
2021-04-22,ELET6,35.95
2021-04-22,EMBR3,15.19
2021-04-22,ENEV3,15.67
2021-04-22,ENGI11,43.55
2021-04-22,EQTL3,25.04
2021-04-22,FLRY3,26.42
2021-04-22,GGBR4,33.3
2021-04-22,GOAU4,15.08
2021-04-22,HAPV3,14.86
2021-04-22,HYPE3,35.12
2021-04-22,IRBR3,6.36
2021-04-22,ITSA4,10.22
2021-04-22,ITUB4,27.4
2021-04-22,JBSS3,35.33
2021-04-22,KLBN11,29.3
2021-04-22,LREN3,40.8
2021-04-22,LWSA3,27.84
2021-04-22,MGLU3,21.15
2021-04-22,MRFG3,20.92
2021-04-22,MRVE3,18.03
2021-04-22,MULT3,23.1
2021-04-22,NTCO3,47.6
2021-04-22,PCAR3,38.75
2021-04-22,PETR3,23.21
2021-04-22,PETR4,23.71
2021-04-22,PETZ3,21.8
2021-04-22,POMO4,2.68
2021-04-22,PRIO3,90.97
2021-04-22,PSSA3,47.03
2021-04-22,RADL3,24.75
2021-04-22,RAIL3,20.8
2021-04-22,RDOR3,67.5
2021-04-22,RENT3,60.87
2021-04-22,SANB11,37.51
2021-04-22,SBSP3,42.77
2021-04-22,SLCE3,50.47
2021-04-22,SMTO3,33.1
2021-04-22,STBP3,7.36
2021-04-22,SUZB3,69.55
2021-04-22,TAEE11,40.96
2021-04-22,TEND3,26.35
2021-04-22,TIMS3,11.85
2021-04-22,TOTS3,30.87
2021-04-22,UGPA3,21.0
2021-04-22,USIM5,22.21
2021-04-22,VALE3,106.23
2021-04-22,VAMO3,38.98
2021-04-22,VIVA3,24.35
2021-04-22,VIVT3,43.57
2021-04-22,WEGE3,72.88
2021-04-22,YDUQ3,29.51
2021-04-23,ABEV3,15.85
2021-04-23,ASAI3,81.16
2021-04-23,AZUL4,38.91
2021-04-23,B3SA3,53.72
2021-04-23,BBAS3,30.07
2021-04-23,BBDC3,20.67
2021-04-23,BBDC4,23.53
2021-04-23,BBSE3,23.4
2021-04-23,BEEF3,10.76
2021-04-23,BPAC11,99.6
2021-04-23,BRAP4,72.78
2021-04-23,BRFS3,23.72
2021-04-23,BRKM5,52.62
2021-04-23,CCRO3,12.27
2021-04-23,CEAB3,12.03
2021-04-23,CMIG4,13.5
2021-04-23,CMIN3,9.75
2021-04-23,COGN3,3.96
2021-04-23,CPFE3,30.68
2021-04-23,CPLE3,6.33
2021-04-23,CPLE6,6.5
2021-04-23,CRFB3,22.59
2021-04-23,CSAN3,91.02
2021-04-23,CSMG3,16.41
2021-04-23,CSNA3,49.03
2021-04-23,CURY3,10.0
2021-04-23,CVCB3,22.18
2021-04-23,CYRE3,25.49
2021-04-23,DIRR3,13.01
2021-04-23,EGIE3,42.21
2021-04-23,ELET3,36.72
2021-04-23,ELET6,36.95
2021-04-23,EMBR3,15.51
2021-04-23,ENEV3,15.85
2021-04-23,ENGI11,43.99
2021-04-23,EQTL3,25.28
2021-04-23,FLRY3,26.26
2021-04-23,GGBR4,33.52
2021-04-23,GOAU4,15.11
2021-04-23,HAPV3,14.73
2021-04-23,HYPE3,35.68
2021-04-23,IRBR3,6.38
2021-04-23,ITSA4,10.32
2021-04-23,ITUB4,27.53
2021-04-23,JBSS3,35.0
2021-04-23,KLBN11,29.06
2021-04-23,LREN3,40.82
2021-04-23,LWSA3,28.77
2021-04-23,MGLU3,21.73
2021-04-23,MRFG3,20.49
2021-04-23,MRVE3,18.16
2021-04-23,MULT3,23.57
2021-04-23,NTCO3,48.0
2021-04-23,PCAR3,38.15
2021-04-23,PETR3,23.27
2021-04-23,PETR4,23.69
2021-04-23,PETZ3,22.32
2021-04-23,POMO4,2.68
2021-04-23,PRIO3,91.85
2021-04-23,PSSA3,48.35
2021-04-23,RADL3,24.92
2021-04-23,RAIL3,21.06
2021-04-23,RDOR3,69.35
2021-04-23,RENT3,61.7
2021-04-23,SANB11,38.3
2021-04-23,SBSP3,42.64
2021-04-23,SLCE3,50.47
2021-04-23,SMTO3,32.81
2021-04-23,STBP3,7.23
2021-04-23,SUZB3,70.05
2021-04-23,TAEE11,40.58
2021-04-23,TEND3,26.76
2021-04-23,TIMS3,12.24
2021-04-23,TOTS3,31.41
2021-04-23,UGPA3,20.97
2021-04-23,USIM5,22.15
2021-04-23,VALE3,107.99
2021-04-23,VAMO3,39.0
2021-04-23,VIVA3,24.43
2021-04-23,VIVT3,43.93
2021-04-23,WEGE3,75.21
2021-04-23,YDUQ3,29.59
2021-04-26,ABEV3,15.59
2021-04-26,ASAI3,80.36
2021-04-26,AZUL4,39.41
2021-04-26,B3SA3,53.01
2021-04-26,BBAS3,30.1
2021-04-26,BBDC3,20.67
2021-04-26,BBDC4,23.55
2021-04-26,BBSE3,23.19
2021-04-26,BEEF3,10.67
2021-04-26,BPAC11,101.84
2021-04-26,BRAP4,73.35
2021-04-26,BRFS3,23.36
2021-04-26,BRKM5,54.0
2021-04-26,CCRO3,12.3
2021-04-26,CEAB3,12.52
2021-04-26,CMIG4,13.45
2021-04-26,CMIN3,9.92
2021-04-26,COGN3,3.99
2021-04-26,CPFE3,30.45
2021-04-26,CPLE3,6.31
2021-04-26,CPLE6,6.48
2021-04-26,CRFB3,22.09
2021-04-26,CSAN3,90.14
2021-04-26,CSMG3,16.37
2021-04-26,CSNA3,51.52
2021-04-26,CURY3,10.05
2021-04-26,CVCB3,23.32
2021-04-26,CYRE3,24.55
2021-04-26,DIRR3,13.21
2021-04-26,EGIE3,41.9
2021-04-26,ELET3,37.23
2021-04-26,ELET6,37.44
2021-04-26,EMBR3,16.09
2021-04-26,ENEV3,15.68
2021-04-26,ENGI11,43.59
2021-04-26,EQTL3,25.03
2021-04-26,FLRY3,25.88
2021-04-26,GGBR4,34.3
2021-04-26,GOAU4,15.41
2021-04-26,HAPV3,14.81
2021-04-26,HYPE3,35.02
2021-04-26,IRBR3,6.43
2021-04-26,ITSA4,10.27
2021-04-26,ITUB4,27.51
2021-04-26,JBSS3,35.46
2021-04-26,KLBN11,28.97
2021-04-26,LREN3,41.46
2021-04-26,LWSA3,28.8
2021-04-26,MGLU3,21.71
2021-04-26,MRFG3,20.38
2021-04-26,MRVE3,17.91
2021-04-26,MULT3,24.0
2021-04-26,NTCO3,47.7
2021-04-26,PCAR3,38.34
2021-04-26,PETR3,23.3
2021-04-26,PETR4,23.78
2021-04-26,PETZ3,22.38
2021-04-26,POMO4,2.7
2021-04-26,PRIO3,90.3
2021-04-26,PSSA3,48.17
2021-04-26,RADL3,24.37
2021-04-26,RAIL3,20.68
2021-04-26,RDOR3,69.42
2021-04-26,RENT3,61.92
2021-04-26,SANB11,38.15
2021-04-26,SBSP3,41.9
2021-04-26,SLCE3,49.84
2021-04-26,SMTO3,32.84
2021-04-26,STBP3,7.25
2021-04-26,SUZB3,69.36
2021-04-26,TAEE11,40.8
2021-04-26,TEND3,26.62
2021-04-26,TIMS3,12.05
2021-04-26,TOTS3,31.21
2021-04-26,UGPA3,21.08
2021-04-26,USIM5,22.94
2021-04-26,VALE3,108.57
2021-04-26,VAMO3,38.0
2021-04-26,VIVA3,24.8
2021-04-26,VIVT3,43.66
2021-04-26,WEGE3,74.63
2021-04-26,YDUQ3,29.32
2021-04-27,ABEV3,15.29
2021-04-27,ASAI3,79.66
2021-04-27,AZUL4,39.4
2021-04-27,B3SA3,52.95
2021-04-27,BBAS3,29.77
2021-04-27,BBDC3,20.5
2021-04-27,BBDC4,23.34
2021-04-27,BBSE3,22.39
2021-04-27,BEEF3,10.23
2021-04-27,BPAC11,104.64
2021-04-27,BRAP4,72.96
2021-04-27,BRFS3,21.98
2021-04-27,BRKM5,56.1
2021-04-27,CCRO3,12.05
2021-04-27,CEAB3,12.2
2021-04-27,CMIG4,13.33
2021-04-27,CMIN3,10.25
2021-04-27,COGN3,3.96
2021-04-27,CPFE3,30.0
2021-04-27,CPLE3,6.23
2021-04-27,CPLE6,6.47
2021-04-27,CRFB3,21.74
2021-04-27,CSAN3,89.92
2021-04-27,CSMG3,16.27
2021-04-27,CSNA3,50.99
2021-04-27,CURY3,9.77
2021-04-27,CVCB3,24.64
2021-04-27,CYRE3,24.34
2021-04-27,DIRR3,13.25
2021-04-27,EGIE3,41.24
2021-04-27,ELET3,36.17
2021-04-27,ELET6,36.69
2021-04-27,EMBR3,15.93
2021-04-27,ENEV3,15.27
2021-04-27,ENGI11,44.14
2021-04-27,EQTL3,24.9
2021-04-27,FLRY3,25.41
2021-04-27,GGBR4,34.43
2021-04-27,GOAU4,15.31
2021-04-27,HAPV3,14.47
2021-04-27,HYPE3,34.65
2021-04-27,IRBR3,6.27
2021-04-27,ITSA4,10.05
2021-04-27,ITUB4,27.09
2021-04-27,JBSS3,33.69
2021-04-27,KLBN11,29.28
2021-04-27,LREN3,40.4
2021-04-27,LWSA3,28.11
2021-04-27,MGLU3,20.95
2021-04-27,MRFG3,19.99
2021-04-27,MRVE3,17.85
2021-04-27,MULT3,23.63
2021-04-27,NTCO3,47.42
2021-04-27,PCAR3,37.86
2021-04-27,PETR3,22.74
2021-04-27,PETR4,23.1
2021-04-27,PETZ3,23.0
2021-04-27,POMO4,2.67
2021-04-27,PRIO3,90.08
2021-04-27,PSSA3,47.53
2021-04-27,RADL3,24.55
2021-04-27,RAIL3,20.42
2021-04-27,RDOR3,68.64
2021-04-27,RENT3,61.04
2021-04-27,SANB11,37.57
2021-04-27,SBSP3,40.83
2021-04-27,SLCE3,50.42
2021-04-27,SMTO3,33.63
2021-04-27,STBP3,7.17
2021-04-27,SUZB3,70.87
2021-04-27,TAEE11,40.68
2021-04-27,TEND3,26.21
2021-04-27,TIMS3,12.03
2021-04-27,TOTS3,30.67
2021-04-27,UGPA3,20.36
2021-04-27,USIM5,23.09
2021-04-27,VALE3,110.12
2021-04-27,VAMO3,38.66
2021-04-27,VIVA3,24.75
2021-04-27,VIVT3,42.95
2021-04-27,WEGE3,74.02
2021-04-27,YDUQ3,29.65
2021-04-28,ABEV3,15.21
2021-04-28,ASAI3,79.98
2021-04-28,AZUL4,40.09
2021-04-28,B3SA3,53.6
2021-04-28,BBAS3,30.3
2021-04-28,BBDC3,21.48
2021-04-28,BBDC4,24.5
2021-04-28,BBSE3,22.47
2021-04-28,BEEF3,9.98
2021-04-28,BPAC11,106.43
2021-04-28,BRAP4,73.84
2021-04-28,BRFS3,21.45
2021-04-28,BRKM5,55.23
2021-04-28,CCRO3,12.32
2021-04-28,CEAB3,12.22
2021-04-28,CMIG4,14.11
2021-04-28,CMIN3,10.66
2021-04-28,COGN3,4.0
2021-04-28,CPFE3,30.28
2021-04-28,CPLE3,6.13
2021-04-28,CPLE6,6.37
2021-04-28,CRFB3,21.91
2021-04-28,CSAN3,91.4
2021-04-28,CSMG3,16.77
2021-04-28,CSNA3,51.37
2021-04-28,CURY3,9.71
2021-04-28,CVCB3,25.09
2021-04-28,CYRE3,24.47
2021-04-28,DIRR3,13.0
2021-04-28,EGIE3,41.56
2021-04-28,ELET3,36.76
2021-04-28,ELET6,36.77
2021-04-28,EMBR3,15.78
2021-04-28,ENEV3,15.25
2021-04-28,ENGI11,44.89
2021-04-28,EQTL3,25.46
2021-04-28,FLRY3,25.47
2021-04-28,GGBR4,34.67
2021-04-28,GOAU4,15.44
2021-04-28,HAPV3,14.7
2021-04-28,HYPE3,34.68
2021-04-28,IRBR3,6.25
2021-04-28,ITSA4,10.4
2021-04-28,ITUB4,28.21
2021-04-28,JBSS3,31.62
2021-04-28,KLBN11,28.12
2021-04-28,LREN3,40.0
2021-04-28,LWSA3,28.55
2021-04-28,MGLU3,20.65
2021-04-28,MRFG3,19.05
2021-04-28,MRVE3,17.63
2021-04-28,MULT3,23.95
2021-04-28,NTCO3,47.4
2021-04-28,PCAR3,37.58
2021-04-28,PETR3,23.55
2021-04-28,PETR4,23.94
2021-04-28,PETZ3,23.39
2021-04-28,POMO4,2.64
2021-04-28,PRIO3,92.27
2021-04-28,PSSA3,48.09
2021-04-28,RADL3,25.6
2021-04-28,RAIL3,20.74
2021-04-28,RDOR3,69.27
2021-04-28,RENT3,63.12
2021-04-28,SANB11,40.6
2021-04-28,SBSP3,41.01
2021-04-28,SLCE3,50.29
2021-04-28,SMTO3,32.3
2021-04-28,STBP3,7.31
2021-04-28,SUZB3,67.54
2021-04-28,TAEE11,40.59
2021-04-28,TEND3,26.31
2021-04-28,TIMS3,12.2
2021-04-28,TOTS3,30.95
2021-04-28,UGPA3,20.92
2021-04-28,USIM5,22.92
2021-04-28,VALE3,111.92
2021-04-28,VAMO3,40.0
2021-04-28,VIVA3,24.94
2021-04-28,VIVT3,42.94
2021-04-28,WEGE3,36.5
2021-04-28,YDUQ3,29.9
2021-04-29,ABEV3,15.26
2021-04-29,ASAI3,79.81
2021-04-29,AZUL4,40.19
2021-04-29,B3SA3,52.55
2021-04-29,BBAS3,29.64
2021-04-29,BBDC3,20.75
2021-04-29,BBDC4,23.77
2021-04-29,BBSE3,22.75
2021-04-29,BEEF3,9.85
2021-04-29,BPAC11,106.23
2021-04-29,BRAP4,72.76
2021-04-29,BRFS3,21.24
2021-04-29,BRKM5,56.39
2021-04-29,CCRO3,12.43
2021-04-29,CEAB3,12.46
2021-04-29,CMIG4,14.03
2021-04-29,CMIN3,10.8
2021-04-29,COGN3,3.93
2021-04-29,CPFE3,30.52
2021-04-29,CPLE3,6.04
2021-04-29,CPLE6,6.38
2021-04-29,CRFB3,22.18
2021-04-29,CSAN3,91.52
2021-04-29,CSMG3,17.13
2021-04-29,CSNA3,50.24
2021-04-29,CURY3,9.69
2021-04-29,CVCB3,25.0
2021-04-29,CXSE3,10.05
2021-04-29,CYRE3,24.08
2021-04-29,DIRR3,12.96
2021-04-29,EGIE3,41.55
2021-04-29,ELET3,36.23
2021-04-29,ELET6,36.56
2021-04-29,EMBR3,15.1
2021-04-29,ENEV3,15.08
2021-04-29,ENGI11,45.08
2021-04-29,EQTL3,25.89
2021-04-29,FLRY3,25.53
2021-04-29,GGBR4,34.39
2021-04-29,GOAU4,15.25
2021-04-29,HAPV3,14.76
2021-04-29,HYPE3,35.09
2021-04-29,IRBR3,6.15
2021-04-29,ITSA4,10.16
2021-04-29,ITUB4,27.32
2021-04-29,JBSS3,30.8
2021-04-29,KLBN11,28.2
2021-04-29,LREN3,39.97
2021-04-29,LWSA3,28.9
2021-04-29,MGLU3,20.26
2021-04-29,MRFG3,19.4
2021-04-29,MRVE3,17.6
2021-04-29,MULT3,23.43
2021-04-29,NTCO3,47.37
2021-04-29,PCAR3,39.05
2021-04-29,PETR3,23.08
2021-04-29,PETR4,23.62
2021-04-29,PETZ3,23.9
2021-04-29,POMO4,2.63
2021-04-29,PRIO3,92.6
2021-04-29,PSSA3,47.98
2021-04-29,RADL3,25.29
2021-04-29,RAIL3,20.57
2021-04-29,RDOR3,69.5
2021-04-29,RENT3,63.37
2021-04-29,SANB11,39.03
2021-04-29,SBSP3,42.8
2021-04-29,SLCE3,51.35
2021-04-29,SMTO3,32.2
2021-04-29,STBP3,7.19
2021-04-29,SUZB3,67.64
2021-04-29,TAEE11,40.95
2021-04-29,TEND3,26.2
2021-04-29,TIMS3,12.22
2021-04-29,TOTS3,31.2
2021-04-29,UGPA3,21.3
2021-04-29,USIM5,22.92
2021-04-29,VALE3,111.95
2021-04-29,VAMO3,41.0
2021-04-29,VIVA3,25.31
2021-04-29,VIVT3,43.4
2021-04-29,WEGE3,35.49
2021-04-29,YDUQ3,29.92
2021-04-30,ABEV3,14.94
2021-04-30,ASAI3,80.89
2021-04-30,AZUL4,38.5
2021-04-30,B3SA3,51.5
2021-04-30,BBAS3,29.64
2021-04-30,BBDC3,20.67
2021-04-30,BBDC4,23.85
2021-04-30,BBSE3,22.33
2021-04-30,BEEF3,9.68
2021-04-30,BPAC11,107.75
2021-04-30,BRAP4,71.01
2021-04-30,BRFS3,20.79
2021-04-30,BRKM5,52.5
2021-04-30,CCRO3,12.04
2021-04-30,CEAB3,12.31
2021-04-30,CMIG4,13.84
2021-04-30,CMIN3,10.49
2021-04-30,COGN3,3.87
2021-04-30,CPFE3,29.35
2021-04-30,CPLE3,5.5
2021-04-30,CPLE6,6.26
2021-04-30,CRFB3,21.72
2021-04-30,CSAN3,90.06
2021-04-30,CSMG3,16.81
2021-04-30,CSNA3,49.19
2021-04-30,CURY3,9.83
2021-04-30,CVCB3,23.97
2021-04-30,CXSE3,10.01
2021-04-30,CYRE3,23.53
2021-04-30,DIRR3,12.8
2021-04-30,EGIE3,40.67
2021-04-30,ELET3,36.79
2021-04-30,ELET6,36.98
2021-04-30,EMBR3,15.4
2021-04-30,ENEV3,14.67
2021-04-30,ENGI11,44.06
2021-04-30,EQTL3,25.09
2021-04-30,FLRY3,25.55
2021-04-30,GGBR4,33.22
2021-04-30,GOAU4,14.86
2021-04-30,HAPV3,14.44
2021-04-30,HYPE3,34.66
2021-04-30,IRBR3,6.09
2021-04-30,ITSA4,10.06
2021-04-30,ITUB4,27.53
2021-04-30,JBSS3,30.12
2021-04-30,KLBN11,27.86
2021-04-30,LREN3,40.4
2021-04-30,LWSA3,28.77
2021-04-30,MGLU3,20.03
2021-04-30,MRFG3,19.39
2021-04-30,MRVE3,17.35
2021-04-30,MULT3,23.03
2021-04-30,NTCO3,48.74
2021-04-30,PCAR3,40.73
2021-04-30,PETR3,23.1
2021-04-30,PETR4,23.62
2021-04-30,PETZ3,24.17
2021-04-30,POMO4,2.61
2021-04-30,PRIO3,91.58
2021-04-30,PSSA3,49.37
2021-04-30,RADL3,26.3
2021-04-30,RAIL3,20.0
2021-04-30,RDOR3,71.9
2021-04-30,RENT3,64.3
2021-04-30,SANB11,38.53
2021-04-30,SBSP3,42.78
2021-04-30,SLCE3,48.79
2021-04-30,SMTO3,31.17
2021-04-30,STBP3,7.06
2021-04-30,SUZB3,68.67
2021-04-30,TAEE11,41.8
2021-04-30,TEND3,25.9
2021-04-30,TIMS3,12.19
2021-04-30,TOTS3,31.1
2021-04-30,UGPA3,21.11
2021-04-30,USIM5,22.45
2021-04-30,VALE3,109.02
2021-04-30,VAMO3,41.6
2021-04-30,VIVA3,25.11
2021-04-30,VIVT3,43.2
2021-04-30,WEGE3,35.01
2021-04-30,YDUQ3,29.26
2021-05-03,ABEV3,14.8
2021-05-03,ASAI3,81.47
2021-05-03,AZUL4,38.2
2021-05-03,B3SA3,51.49
2021-05-03,BBAS3,29.75
2021-05-03,BBDC3,21.27
2021-05-03,BBDC4,24.56
2021-05-03,BBSE3,22.27
2021-05-03,BEEF3,9.95
2021-05-03,BPAC11,111.89
2021-05-03,BRAP4,70.93
2021-05-03,BRFS3,20.57
2021-05-03,BRKM5,50.04
2021-05-03,CCRO3,12.65
2021-05-03,CEAB3,12.36
2021-05-03,CMIG4,12.1
2021-05-03,CMIN3,10.19
2021-05-03,COGN3,3.86
2021-05-03,CPFE3,27.63
2021-05-03,CPLE3,5.58
2021-05-03,CPLE6,6.13
2021-05-03,CRFB3,21.27
2021-05-03,CSAN3,90.9
2021-05-03,CSMG3,17.92
2021-05-03,CSNA3,47.82
2021-05-03,CURY3,9.8
2021-05-03,CVCB3,22.95
2021-05-03,CXSE3,9.88
2021-05-03,CYRE3,23.51
2021-05-03,DIRR3,12.99
2021-05-03,EGIE3,41.21
2021-05-03,ELET3,36.8
2021-05-03,ELET6,37.08
2021-05-03,EMBR3,15.96
2021-05-03,ENEV3,14.7
2021-05-03,ENGI11,43.68
2021-05-03,EQTL3,23.72
2021-05-03,FLRY3,25.09
2021-05-03,GGBR4,32.5
2021-05-03,GOAU4,14.59
2021-05-03,HAPV3,15.02
2021-05-03,HYPE3,34.34
2021-05-03,IRBR3,6.05
2021-05-03,ITSA4,10.19
2021-05-03,ITUB4,27.9
2021-05-03,JBSS3,29.74
2021-05-03,KLBN11,27.53
2021-05-03,LREN3,41.0
2021-05-03,LWSA3,28.05
2021-05-03,MGLU3,20.18
2021-05-03,MRFG3,18.87
2021-05-03,MRVE3,17.22
2021-05-03,MULT3,24.0
2021-05-03,NTCO3,49.65
2021-05-03,PCAR3,40.11
2021-05-03,PETR3,23.01
2021-05-03,PETR4,23.43
2021-05-03,PETZ3,23.68
2021-05-03,POMO4,2.59
2021-05-03,PRIO3,91.86
2021-05-03,PSSA3,49.78
2021-05-03,RADL3,26.7
2021-05-03,RAIL3,20.87
2021-05-03,RDOR3,69.6
2021-05-03,RENT3,64.11
2021-05-03,SANB11,39.28
2021-05-03,SBSP3,40.0
2021-05-03,SLCE3,50.8
2021-05-03,SMTO3,31.36
2021-05-03,STBP3,7.21
2021-05-03,SUZB3,67.7
2021-05-03,TAEE11,42.27
2021-05-03,TEND3,25.96
2021-05-03,TIMS3,12.48
2021-05-03,TOTS3,32.45
2021-05-03,UGPA3,21.57
2021-05-03,USIM5,21.73
2021-05-03,VALE3,108.46
2021-05-03,VAMO3,42.15
2021-05-03,VIVA3,24.84
2021-05-03,VIVT3,42.98
2021-05-03,WEGE3,34.45
2021-05-03,YDUQ3,29.0
2021-05-04,ABEV3,14.64
2021-05-04,ASAI3,82.5
2021-05-04,AZUL4,37.45
2021-05-04,B3SA3,50.67
2021-05-04,BBAS3,29.37
2021-05-04,BBDC3,20.6
2021-05-04,BBDC4,23.8
2021-05-04,BBSE3,21.98
2021-05-04,BEEF3,10.06
2021-05-04,BPAC11,107.55
2021-05-04,BRAP4,70.2
2021-05-04,BRFS3,20.49
2021-05-04,BRKM5,49.6
2021-05-04,CCRO3,12.17
2021-05-04,CEAB3,12.2
2021-05-04,CMIG4,11.95
2021-05-04,CMIN3,10.12
2021-05-04,COGN3,3.77
2021-05-04,CPFE3,27.52
2021-05-04,CPLE3,5.41
2021-05-04,CPLE6,6.0
2021-05-04,CRFB3,21.13
2021-05-04,CSAN3,88.3
2021-05-04,CSMG3,17.45
2021-05-04,CSNA3,48.14
2021-05-04,CURY3,9.78
2021-05-04,CVCB3,23.04
2021-05-04,CXSE3,9.7
2021-05-04,CYRE3,23.3
2021-05-04,DIRR3,12.91
2021-05-04,EGIE3,40.29
2021-05-04,ELET3,35.24
2021-05-04,ELET6,35.38
2021-05-04,EMBR3,15.91
2021-05-04,ENEV3,14.58
2021-05-04,ENGI11,43.57
2021-05-04,EQTL3,23.54
2021-05-04,FLRY3,25.73
2021-05-04,GGBR4,32.65
2021-05-04,GOAU4,14.65
2021-05-04,HAPV3,14.88
2021-05-04,HYPE3,34.1
2021-05-04,IRBR3,5.99
2021-05-04,ITSA4,9.92
2021-05-04,ITUB4,26.71
2021-05-04,JBSS3,30.46
2021-05-04,KLBN11,27.38
2021-05-04,LREN3,41.09
2021-05-04,LWSA3,26.61
2021-05-04,MGLU3,19.75
2021-05-04,MRFG3,19.29
2021-05-04,MRVE3,16.98
2021-05-04,MULT3,23.65
2021-05-04,NTCO3,48.46
2021-05-04,PCAR3,38.6
2021-05-04,PETR3,22.48
2021-05-04,PETR4,22.89
2021-05-04,PETZ3,23.8
2021-05-04,POMO4,2.51
2021-05-04,PRIO3,95.26
2021-05-04,PSSA3,50.0
2021-05-04,RADL3,26.39
2021-05-04,RAIL3,20.68
2021-05-04,RDOR3,68.75
2021-05-04,RENT3,62.74
2021-05-04,SANB11,38.21
2021-05-04,SBSP3,38.74
2021-05-04,SLCE3,50.9
2021-05-04,SMTO3,30.86
2021-05-04,STBP3,7.22
2021-05-04,SUZB3,67.61
2021-05-04,TAEE11,42.2
2021-05-04,TEND3,25.58
2021-05-04,TIMS3,12.11
2021-05-04,TOTS3,32.38
2021-05-04,UGPA3,21.3
2021-05-04,USIM5,21.92
2021-05-04,VALE3,110.1
2021-05-04,VAMO3,44.29
2021-05-04,VIVA3,25.76
2021-05-04,VIVT3,42.76
2021-05-04,WEGE3,33.7
2021-05-04,YDUQ3,28.77
2021-05-05,ABEV3,14.86
2021-05-05,ASAI3,85.61
2021-05-05,AZUL4,38.09
2021-05-05,B3SA3,51.5
2021-05-05,BBAS3,29.26
2021-05-05,BBDC3,20.74
2021-05-05,BBDC4,23.84
2021-05-05,BBSE3,22.36
2021-05-05,BEEF3,10.5
2021-05-05,BPAC11,110.0
2021-05-05,BRAP4,70.84
2021-05-05,BRFS3,20.89
2021-05-05,BRKM5,52.09
2021-05-05,CCRO3,12.19
2021-05-05,CEAB3,12.38
2021-05-05,CMIG4,12.1
2021-05-05,CMIN3,10.1
2021-05-05,COGN3,3.88
2021-05-05,CPFE3,27.3
2021-05-05,CPLE3,5.4
2021-05-05,CPLE6,6.03
2021-05-05,CRFB3,21.65
2021-05-05,CSAN3,89.17
2021-05-05,CSMG3,17.17
2021-05-05,CSNA3,49.69
2021-05-05,CURY3,9.85
2021-05-05,CVCB3,23.45
2021-05-05,CXSE3,9.94
2021-05-05,CYRE3,23.31
2021-05-05,DIRR3,12.75
2021-05-05,EGIE3,40.21
2021-05-05,ELET3,35.35
2021-05-05,ELET6,35.79
2021-05-05,EMBR3,15.71
2021-05-05,ENEV3,14.83
2021-05-05,ENGI11,43.9
2021-05-05,EQTL3,23.74
2021-05-05,FLRY3,26.05
2021-05-05,GGBR4,34.45
2021-05-05,GOAU4,15.45
2021-05-05,HAPV3,14.86
2021-05-05,HYPE3,34.78
2021-05-05,IRBR3,6.16
2021-05-05,ITSA4,10.21
2021-05-05,ITUB4,27.47
2021-05-05,JBSS3,31.05
2021-05-05,KLBN11,27.89
2021-05-05,LREN3,41.39
2021-05-05,LWSA3,26.98
2021-05-05,MGLU3,19.9
2021-05-05,MRFG3,19.8
2021-05-05,MRVE3,17.13
2021-05-05,MULT3,23.67
2021-05-05,NTCO3,48.63
2021-05-05,PCAR3,39.7
2021-05-05,PETR3,23.4
2021-05-05,PETR4,23.83
2021-05-05,PETZ3,24.21
2021-05-05,POMO4,2.53
2021-05-05,PRIO3,97.0
2021-05-05,PSSA3,51.5
2021-05-05,RADL3,26.62
2021-05-05,RAIL3,20.85
2021-05-05,RDOR3,69.6
2021-05-05,RECV3,15.61
2021-05-05,RENT3,61.6
2021-05-05,SANB11,39.09
2021-05-05,SBSP3,39.06
2021-05-05,SLCE3,53.02
2021-05-05,SMTO3,31.71
2021-05-05,STBP3,7.3
2021-05-05,SUZB3,67.67
2021-05-05,TAEE11,40.09
2021-05-05,TEND3,25.77
2021-05-05,TIMS3,12.27
2021-05-05,TOTS3,32.57
2021-05-05,UGPA3,21.77
2021-05-05,USIM5,22.9
2021-05-05,VALE3,110.71
2021-05-05,VAMO3,46.6
2021-05-05,VIVA3,25.1
2021-05-05,VIVT3,43.0
2021-05-05,WEGE3,34.71
2021-05-05,YDUQ3,29.07
2021-05-06,ABEV3,16.18
2021-05-06,ASAI3,87.17
2021-05-06,AZUL4,37.46
2021-05-06,B3SA3,50.8
2021-05-06,BBAS3,29.21
2021-05-06,BBDC3,20.8
2021-05-06,BBDC4,23.96
2021-05-06,BBSE3,22.69
2021-05-06,BEEF3,10.12
2021-05-06,BPAC11,111.78
2021-05-06,BRAP4,73.9
2021-05-06,BRFS3,21.02
2021-05-06,BRKM5,50.9
2021-05-06,CCRO3,12.2
2021-05-06,CEAB3,12.27
2021-05-06,CMIG4,11.99
2021-05-06,CMIN3,10.5
2021-05-06,COGN3,3.85
2021-05-06,CPFE3,27.44
2021-05-06,CPLE3,5.43
2021-05-06,CPLE6,5.98
2021-05-06,CRFB3,21.1
2021-05-06,CSAN3,21.54
2021-05-06,CSMG3,17.11
2021-05-06,CSNA3,50.5
2021-05-06,CURY3,9.92
2021-05-06,CVCB3,23.35
2021-05-06,CXSE3,10.39
2021-05-06,CYRE3,23.61
2021-05-06,DIRR3,12.87
2021-05-06,EGIE3,39.77
2021-05-06,ELET3,36.72
2021-05-06,ELET6,37.25
2021-05-06,EMBR3,15.82
2021-05-06,ENEV3,15.06
2021-05-06,ENGI11,43.65
2021-05-06,EQTL3,23.7
2021-05-06,FLRY3,25.74
2021-05-06,GGBR4,36.02
2021-05-06,GOAU4,16.25
2021-05-06,HAPV3,14.8
2021-05-06,HYPE3,33.78
2021-05-06,IRBR3,6.08
2021-05-06,ITSA4,10.2
2021-05-06,ITUB4,27.3
2021-05-06,JBSS3,30.64
2021-05-06,KLBN11,27.95
2021-05-06,LREN3,41.82
2021-05-06,LWSA3,25.48
2021-05-06,MGLU3,19.46
2021-05-06,MRFG3,19.21
2021-05-06,MRVE3,17.24
2021-05-06,MULT3,23.81
2021-05-06,NTCO3,47.7
2021-05-06,PCAR3,36.0
2021-05-06,PETR3,23.07
2021-05-06,PETR4,23.5
2021-05-06,PETZ3,24.77
2021-05-06,POMO4,2.58
2021-05-06,PRIO3,19.2
2021-05-06,PSSA3,52.27
2021-05-06,RADL3,26.4
2021-05-06,RAIL3,20.7
2021-05-06,RDOR3,70.9
2021-05-06,RECV3,16.0
2021-05-06,RENT3,61.77
2021-05-06,SANB11,38.9
2021-05-06,SBSP3,40.98
2021-05-06,SLCE3,52.56
2021-05-06,SMTO3,30.89
2021-05-06,STBP3,7.19
2021-05-06,SUZB3,67.46
2021-05-06,TAEE11,39.18
2021-05-06,TEND3,25.63
2021-05-06,TIMS3,12.2
2021-05-06,TOTS3,33.06
2021-05-06,UGPA3,20.28
2021-05-06,USIM5,23.57
2021-05-06,VALE3,115.05
2021-05-06,VAMO3,46.51
2021-05-06,VIVA3,25.44
2021-05-06,VIVT3,43.32
2021-05-06,WEGE3,33.73
2021-05-06,YDUQ3,28.39
2021-05-07,ABEV3,16.21
2021-05-07,ASAI3,88.97
2021-05-07,AZUL4,38.81
2021-05-07,B3SA3,53.34
2021-05-07,BBAS3,29.94
2021-05-07,BBDC3,20.99
2021-05-07,BBDC4,24.06
2021-05-07,BBSE3,23.0
2021-05-07,BEEF3,10.1
2021-05-07,BPAC11,111.9
2021-05-07,BRAP4,74.19
2021-05-07,BRFS3,21.11
2021-05-07,BRKM5,52.22
2021-05-07,CCRO3,13.45
2021-05-07,CEAB3,12.47
2021-05-07,CMIG4,12.01
2021-05-07,CMIN3,10.62
2021-05-07,COGN3,3.87
2021-05-07,CPFE3,28.05
2021-05-07,CPLE3,5.47
2021-05-07,CPLE6,6.02
2021-05-07,CRFB3,21.49
2021-05-07,CSAN3,22.22
2021-05-07,CSMG3,17.24
2021-05-07,CSNA3,50.63
2021-05-07,CURY3,10.09
2021-05-07,CVCB3,23.94
2021-05-07,CXSE3,10.95
2021-05-07,CYRE3,24.11
2021-05-07,DIRR3,13.1
2021-05-07,EGIE3,40.18
2021-05-07,ELET3,37.8
2021-05-07,ELET6,38.84
2021-05-07,EMBR3,16.99
2021-05-07,ENEV3,15.41
2021-05-07,ENGI11,44.52
2021-05-07,EQTL3,24.51
2021-05-07,FLRY3,25.66
2021-05-07,GGBR4,36.37
2021-05-07,GOAU4,16.2
2021-05-07,HAPV3,15.32
2021-05-07,HYPE3,34.72
2021-05-07,IRBR3,6.18
2021-05-07,ITSA4,10.34
2021-05-07,ITUB4,27.63
2021-05-07,JBSS3,31.18
2021-05-07,KLBN11,27.9
2021-05-07,LREN3,43.56
2021-05-07,LWSA3,24.81
2021-05-07,MGLU3,19.89
2021-05-07,MRFG3,19.54
2021-05-07,MRVE3,17.47
2021-05-07,MULT3,24.82
2021-05-07,NTCO3,50.1
2021-05-07,PCAR3,36.74
2021-05-07,PETR3,23.93
2021-05-07,PETR4,24.38
2021-05-07,PETZ3,24.86
2021-05-07,POMO4,2.62
2021-05-07,PRIO3,19.21
2021-05-07,PSSA3,52.7
2021-05-07,RADL3,26.99
2021-05-07,RAIL3,21.34
2021-05-07,RDOR3,71.59
2021-05-07,RECV3,16.6
2021-05-07,RENT3,63.21
2021-05-07,SANB11,39.08
2021-05-07,SBSP3,41.89
2021-05-07,SLCE3,52.29
2021-05-07,SMTO3,31.49
2021-05-07,STBP3,7.41
2021-05-07,SUZB3,67.42
2021-05-07,TAEE11,38.85
2021-05-07,TEND3,25.91
2021-05-07,TIMS3,12.36
2021-05-07,TOTS3,33.98
2021-05-07,UGPA3,20.34
2021-05-07,USIM5,23.14
2021-05-07,VALE3,115.45
2021-05-07,VAMO3,47.0
2021-05-07,VIVA3,26.27
2021-05-07,VIVT3,43.53
2021-05-07,WEGE3,33.42
2021-05-07,YDUQ3,28.61
2021-05-10,ABEV3,16.5
2021-05-10,ASAI3,88.19
2021-05-10,AZUL4,39.48
2021-05-10,B3SA3,53.3
2021-05-10,BBAS3,30.33
2021-05-10,BBDC3,21.47
2021-05-10,BBDC4,24.64
2021-05-10,BBSE3,22.79
2021-05-10,BEEF3,10.33
2021-05-10,BPAC11,112.33
2021-05-10,BRAP4,74.75
2021-05-10,BRFS3,21.53
2021-05-10,BRKM5,51.39
2021-05-10,CCRO3,13.26
2021-05-10,CEAB3,12.78
2021-05-10,CMIG4,11.85
2021-05-10,CMIN3,10.62
2021-05-10,COGN3,3.97
2021-05-10,CPFE3,27.65
2021-05-10,CPLE3,5.43
2021-05-10,CPLE6,5.95
2021-05-10,CRFB3,21.38
2021-05-10,CSAN3,21.86
2021-05-10,CSMG3,17.12
2021-05-10,CSNA3,50.74
2021-05-10,CURY3,10.25
2021-05-10,CVCB3,25.15
2021-05-10,CXSE3,11.23
2021-05-10,CYRE3,23.67
2021-05-10,DIRR3,13.63
2021-05-10,EGIE3,39.9
2021-05-10,ELET3,37.14
2021-05-10,ELET6,38.09
2021-05-10,EMBR3,16.57
2021-05-10,ENEV3,15.45
2021-05-10,ENGI11,43.71
2021-05-10,EQTL3,23.83
2021-05-10,FLRY3,25.98
2021-05-10,GGBR4,36.38
2021-05-10,GOAU4,16.18
2021-05-10,HAPV3,14.95
2021-05-10,HYPE3,33.97
2021-05-10,IRBR3,6.12
2021-05-10,ITSA4,10.45
2021-05-10,ITUB4,28.04
2021-05-10,JBSS3,31.54
2021-05-10,KLBN11,28.02
2021-05-10,LREN3,43.89
2021-05-10,LWSA3,23.5
2021-05-10,MGLU3,19.2
2021-05-10,MRFG3,20.22
2021-05-10,MRVE3,17.24
2021-05-10,MULT3,25.04
2021-05-10,NTCO3,49.06
2021-05-10,PCAR3,37.74
2021-05-10,PETR3,24.23
2021-05-10,PETR4,24.7
2021-05-10,PETZ3,24.62
2021-05-10,POMO4,2.67
2021-05-10,PRIO3,18.48
2021-05-10,PSSA3,52.85
2021-05-10,RADL3,27.39
2021-05-10,RAIL3,21.43
2021-05-10,RDOR3,72.4
2021-05-10,RECV3,15.88
2021-05-10,RENT3,62.95
2021-05-10,SANB11,38.44
2021-05-10,SBSP3,41.52
2021-05-10,SLCE3,53.68
2021-05-10,SMTO3,31.85
2021-05-10,STBP3,7.46
2021-05-10,SUZB3,68.47
2021-05-10,TAEE11,38.16
2021-05-10,TEND3,25.57
2021-05-10,TIMS3,12.57
2021-05-10,TOTS3,33.02
2021-05-10,UGPA3,19.86
2021-05-10,USIM5,23.38
2021-05-10,VALE3,114.69
2021-05-10,VAMO3,44.68
2021-05-10,VIVA3,26.12
2021-05-10,VIVT3,43.54
2021-05-10,WEGE3,32.31
2021-05-10,YDUQ3,28.52
2021-05-11,ABEV3,16.87
2021-05-11,ASAI3,87.0
2021-05-11,AZUL4,40.73
2021-05-11,B3SA3,52.85
2021-05-11,BBAS3,30.55
2021-05-11,BBDC3,21.43
2021-05-11,BBDC4,24.6
2021-05-11,BBSE3,23.39
2021-05-11,BEEF3,10.29
2021-05-11,BPAC11,110.27
2021-05-11,BRAP4,76.13
2021-05-11,BRFS3,21.38
2021-05-11,BRKM5,52.11
2021-05-11,CCRO3,13.39
2021-05-11,CEAB3,12.47
2021-05-11,CMIG4,12.01
2021-05-11,CMIN3,10.9
2021-05-11,COGN3,3.92
2021-05-11,CPFE3,28.23
2021-05-11,CPLE3,5.48
2021-05-11,CPLE6,5.99
2021-05-11,CRFB3,21.5
2021-05-11,CSAN3,21.7
2021-05-11,CSMG3,16.91
2021-05-11,CSNA3,51.77
2021-05-11,CURY3,10.2
2021-05-11,CVCB3,25.22
2021-05-11,CXSE3,11.83
2021-05-11,CYRE3,23.31
2021-05-11,DIRR3,13.25
2021-05-11,EGIE3,40.15
2021-05-11,ELET3,39.57
2021-05-11,ELET6,39.82
2021-05-11,EMBR3,16.44
2021-05-11,ENEV3,16.2
2021-05-11,ENGI11,43.93
2021-05-11,EQTL3,24.05
2021-05-11,FLRY3,26.05
2021-05-11,GGBR4,37.65
2021-05-11,GOAU4,16.61
2021-05-11,HAPV3,14.94
2021-05-11,HYPE3,33.89
2021-05-11,IRBR3,6.25
2021-05-11,ITSA4,10.45
2021-05-11,ITUB4,27.98
2021-05-11,JBSS3,31.9
2021-05-11,KLBN11,28.3
2021-05-11,LREN3,44.51
2021-05-11,LWSA3,23.53
2021-05-11,MGLU3,19.32
2021-05-11,MRFG3,20.72
2021-05-11,MRVE3,17.24
2021-05-11,MULT3,24.83
2021-05-11,NTCO3,49.24
2021-05-11,PCAR3,37.26
2021-05-11,PETR3,24.55
2021-05-11,PETR4,25.15
2021-05-11,PETZ3,23.35
2021-05-11,POMO4,2.71
2021-05-11,PRIO3,18.17
2021-05-11,PSSA3,53.98
2021-05-11,RADL3,26.83
2021-05-11,RAIL3,21.2
2021-05-11,RDOR3,71.64
2021-05-11,RECV3,16.15
2021-05-11,RENT3,62.84
2021-05-11,SANB11,38.18
2021-05-11,SBSP3,41.42
2021-05-11,SLCE3,56.49
2021-05-11,SMTO3,32.85
2021-05-11,STBP3,7.4
2021-05-11,SUZB3,68.32
2021-05-11,TAEE11,38.24
2021-05-11,TEND3,25.2
2021-05-11,TIMS3,12.39
2021-05-11,TOTS3,31.8
2021-05-11,UGPA3,19.44
2021-05-11,USIM5,23.57
2021-05-11,VALE3,118.72
2021-05-11,VAMO3,45.81
2021-05-11,VIVA3,26.48
2021-05-11,VIVT3,43.8
2021-05-11,WEGE3,32.29
2021-05-11,YDUQ3,28.55
2021-05-12,ABEV3,16.87
2021-05-12,ASAI3,84.58
2021-05-12,AZUL4,38.41
2021-05-12,B3SA3,51.5
2021-05-12,BBAS3,30.35
2021-05-12,BBDC3,20.97
2021-05-12,BBDC4,24.1
2021-05-12,BBSE3,23.02
2021-05-12,BEEF3,9.91
2021-05-12,BPAC11,108.0
2021-05-12,BRAP4,74.33
2021-05-12,BRFS3,21.05
2021-05-12,BRKM5,51.12
2021-05-12,CCRO3,13.09
2021-05-12,CEAB3,12.2
2021-05-12,CMIG4,11.53
2021-05-12,CMIN3,10.04
2021-05-12,COGN3,3.78
2021-05-12,CPFE3,27.21
2021-05-12,CPLE3,5.24
2021-05-12,CPLE6,5.77
2021-05-12,CRFB3,20.38
2021-05-12,CSAN3,21.36
2021-05-12,CSMG3,16.67
2021-05-12,CSNA3,49.42
2021-05-12,CURY3,9.78
2021-05-12,CVCB3,24.22
2021-05-12,CXSE3,11.65
2021-05-12,CYRE3,22.73
2021-05-12,DIRR3,13.15
2021-05-12,EGIE3,38.58
2021-05-12,ELET3,37.52
2021-05-12,ELET6,38.44
2021-05-12,EMBR3,15.57
2021-05-12,ENEV3,15.75
2021-05-12,ENGI11,42.66
2021-05-12,EQTL3,23.2
2021-05-12,FLRY3,25.39
2021-05-12,GGBR4,36.65
2021-05-12,GOAU4,16.11
2021-05-12,HAPV3,14.2
2021-05-12,HYPE3,33.17
2021-05-12,IRBR3,6.34
2021-05-12,ITSA4,10.25
2021-05-12,ITUB4,27.57
2021-05-12,JBSS3,31.28
2021-05-12,KLBN11,27.64
2021-05-12,LREN3,43.19
2021-05-12,LWSA3,22.98
2021-05-12,MGLU3,18.59
2021-05-12,MRFG3,19.12
2021-05-12,MRVE3,16.75
2021-05-12,MULT3,23.27
2021-05-12,NTCO3,47.38
2021-05-12,PCAR3,36.41
2021-05-12,PETR3,24.24
2021-05-12,PETR4,24.78
2021-05-12,PETZ3,21.26
2021-05-12,POMO4,2.67
2021-05-12,PRIO3,17.81
2021-05-12,PSSA3,53.13
2021-05-12,RADL3,25.4
2021-05-12,RAIL3,20.21
2021-05-12,RDOR3,72.21
2021-05-12,RECV3,15.94
2021-05-12,RENT3,58.3
2021-05-12,SANB11,37.69
2021-05-12,SBSP3,40.03
2021-05-12,SLCE3,55.63
2021-05-12,SMTO3,31.62
2021-05-12,STBP3,7.3
2021-05-12,SUZB3,68.42
2021-05-12,TAEE11,37.48
2021-05-12,TEND3,24.46
2021-05-12,TIMS3,11.99
2021-05-12,TOTS3,30.43
2021-05-12,UGPA3,19.54
2021-05-12,USIM5,22.36
2021-05-12,VALE3,114.33
2021-05-12,VAMO3,45.4
2021-05-12,VIVA3,25.55
2021-05-12,VIVT3,42.65
2021-05-12,WEGE3,31.27
2021-05-12,YDUQ3,27.31
2021-05-13,ABEV3,16.88
2021-05-13,ASAI3,86.19
2021-05-13,AZUL4,38.99
2021-05-13,B3SA3,51.75
2021-05-13,BBAS3,31.16
2021-05-13,BBDC3,21.61
2021-05-13,BBDC4,24.66
2021-05-13,BBSE3,23.37
2021-05-13,BEEF3,9.87
2021-05-13,BPAC11,112.4
2021-05-13,BRAP4,72.11
2021-05-13,BRFS3,20.46
2021-05-13,BRKM5,51.35
2021-05-13,CCRO3,13.29
2021-05-13,CEAB3,12.18
2021-05-13,CMIG4,11.78
2021-05-13,CMIN3,9.87
2021-05-13,COGN3,3.87
2021-05-13,CPFE3,27.86
2021-05-13,CPLE3,5.28
2021-05-13,CPLE6,5.8
2021-05-13,CRFB3,20.72
2021-05-13,CSAN3,21.59
2021-05-13,CSMG3,17.24
2021-05-13,CSNA3,47.93
2021-05-13,CURY3,9.93
2021-05-13,CVCB3,23.69
2021-05-13,CXSE3,12.14
2021-05-13,CYRE3,23.32
2021-05-13,DIRR3,13.28
2021-05-13,EGIE3,39.65
2021-05-13,ELET3,40.11
2021-05-13,ELET6,40.03
2021-05-13,EMBR3,15.53
2021-05-13,ENEV3,15.99
2021-05-13,ENGI11,44.27
2021-05-13,EQTL3,24.3
2021-05-13,FLRY3,25.94
2021-05-13,GGBR4,35.63
2021-05-13,GOAU4,15.79
2021-05-13,HAPV3,14.6
2021-05-13,HYPE3,33.8
2021-05-13,IRBR3,6.49
2021-05-13,ITSA4,10.43
2021-05-13,ITUB4,28.37
2021-05-13,JBSS3,30.61
2021-05-13,KLBN11,27.28
2021-05-13,LREN3,44.12
2021-05-13,LWSA3,22.17
2021-05-13,MGLU3,19.13
2021-05-13,MRFG3,18.4
2021-05-13,MRVE3,16.76
2021-05-13,MULT3,23.7
2021-05-13,NTCO3,49.23
2021-05-13,PCAR3,37.09
2021-05-13,PETR3,24.5
2021-05-13,PETR4,24.99
2021-05-13,PETZ3,21.52
2021-05-13,POMO4,2.7
2021-05-13,PRIO3,17.33
2021-05-13,PSSA3,53.65
2021-05-13,RADL3,25.6
2021-05-13,RAIL3,20.85
2021-05-13,RDOR3,72.98
2021-05-13,RECV3,15.75
2021-05-13,RENT3,58.79
2021-05-13,SANB11,38.61
2021-05-13,SBSP3,41.22
2021-05-13,SLCE3,50.1
2021-05-13,SMTO3,31.42
2021-05-13,STBP3,7.77
2021-05-13,SUZB3,66.81
2021-05-13,TAEE11,38.1
2021-05-13,TEND3,24.71
2021-05-13,TIMS3,12.16
2021-05-13,TOTS3,30.73
2021-05-13,UGPA3,19.78
2021-05-13,USIM5,21.36
2021-05-13,VALE3,112.49
2021-05-13,VAMO3,45.99
2021-05-13,VIVA3,25.87
2021-05-13,VIVT3,42.89
2021-05-13,WEGE3,31.8
2021-05-13,YDUQ3,29.95
2021-05-14,ABEV3,17.18
2021-05-14,ASAI3,86.68
2021-05-14,AZUL4,39.67
2021-05-14,B3SA3,53.55
2021-05-14,BBAS3,31.16
2021-05-14,BBDC3,21.75
2021-05-14,BBDC4,24.89
2021-05-14,BBSE3,23.35
2021-05-14,BEEF3,9.84
2021-05-14,BPAC11,112.3
2021-05-14,BRAP4,71.02
2021-05-14,BRFS3,20.91
2021-05-14,BRKM5,52.12
2021-05-14,CCRO3,13.38
2021-05-14,CEAB3,12.85
2021-05-14,CMIG4,12.18
2021-05-14,CMIN3,9.54
2021-05-14,COGN3,3.98
2021-05-14,CPFE3,28.37
2021-05-14,CPLE3,5.37
2021-05-14,CPLE6,5.83
2021-05-14,CRFB3,20.57
2021-05-14,CSAN3,22.34
2021-05-14,CSMG3,17.6
2021-05-14,CSNA3,47.0
2021-05-14,CURY3,10.17
2021-05-14,CVCB3,24.72
2021-05-14,CXSE3,12.33
2021-05-14,CYRE3,23.72
2021-05-14,DIRR3,13.35
2021-05-14,EGIE3,40.08
2021-05-14,ELET3,39.84
2021-05-14,ELET6,39.86
2021-05-14,EMBR3,15.99
2021-05-14,ENEV3,16.54
2021-05-14,ENGI11,45.25
2021-05-14,EQTL3,25.3
2021-05-14,FLRY3,26.22
2021-05-14,GGBR4,34.61
2021-05-14,GOAU4,15.38
2021-05-14,HAPV3,14.74
2021-05-14,HYPE3,33.73
2021-05-14,IRBR3,6.16
2021-05-14,ITSA4,10.64
2021-05-14,ITUB4,29.0
2021-05-14,JBSS3,30.72
2021-05-14,KLBN11,26.9
2021-05-14,LREN3,43.75
2021-05-14,LWSA3,22.82
2021-05-14,MGLU3,19.15
2021-05-14,MRFG3,18.57
2021-05-14,MRVE3,17.37
2021-05-14,MULT3,24.21
2021-05-14,NTCO3,49.34
2021-05-14,PCAR3,36.46
2021-05-14,PETR3,25.64
2021-05-14,PETR4,26.28
2021-05-14,PETZ3,21.67
2021-05-14,POMO4,2.73
2021-05-14,PRIO3,18.32
2021-05-14,PSSA3,53.24
2021-05-14,RADL3,25.88
2021-05-14,RAIL3,20.95
2021-05-14,RDOR3,73.7
2021-05-14,RECV3,16.0
2021-05-14,RENT3,58.79
2021-05-14,SANB11,39.3
2021-05-14,SBSP3,42.25
2021-05-14,SLCE3,50.31
2021-05-14,SMTO3,32.12
2021-05-14,STBP3,7.98
2021-05-14,SUZB3,65.15
2021-05-14,TAEE11,40.11
2021-05-14,TEND3,25.48
2021-05-14,TIMS3,12.22
2021-05-14,TOTS3,31.01
2021-05-14,UGPA3,19.96
2021-05-14,USIM5,20.3
2021-05-14,VALE3,110.56
2021-05-14,VAMO3,45.85
2021-05-14,VIVA3,26.48
2021-05-14,VIVT3,42.99
2021-05-14,WEGE3,32.1
2021-05-14,YDUQ3,31.76
2021-05-17,ABEV3,17.4
2021-05-17,ASAI3,85.74
2021-05-17,AZUL4,39.44
2021-05-17,B3SA3,17.58
2021-05-17,BBAS3,31.71
2021-05-17,BBDC3,21.78
2021-05-17,BBDC4,25.0
2021-05-17,BBSE3,23.5
2021-05-17,BEEF3,9.84
2021-05-17,BPAC11,115.87
2021-05-17,BRAP4,72.57
2021-05-17,BRFS3,20.85
2021-05-17,BRKM5,53.76
2021-05-17,CCRO3,13.47
2021-05-17,CEAB3,13.48
2021-05-17,CMIG4,12.4
2021-05-17,CMIN3,9.65
2021-05-17,COGN3,4.03
2021-05-17,CPFE3,28.0
2021-05-17,CPLE3,5.45
2021-05-17,CPLE6,5.94
2021-05-17,CRFB3,20.3
2021-05-17,CSAN3,22.71
2021-05-17,CSMG3,17.44
2021-05-17,CSNA3,48.41
2021-05-17,CURY3,10.09
2021-05-17,CVCB3,24.7
2021-05-17,CXSE3,12.3
2021-05-17,CYRE3,24.4
2021-05-17,DIRR3,14.44
2021-05-17,EGIE3,39.99
2021-05-17,ELET3,39.6
2021-05-17,ELET6,40.0
2021-05-17,EMBR3,16.1
2021-05-17,ENEV3,16.5
2021-05-17,ENGI11,45.46
2021-05-17,EQTL3,25.24
2021-05-17,FLRY3,26.42
2021-05-17,GGBR4,35.4
2021-05-17,GOAU4,15.62
2021-05-17,HAPV3,14.61
2021-05-17,HYPE3,34.61
2021-05-17,IRBR3,6.09
2021-05-17,ITSA4,10.65
2021-05-17,ITUB4,28.98
2021-05-17,JBSS3,30.46
2021-05-17,KLBN11,26.96
2021-05-17,LREN3,45.1
2021-05-17,LWSA3,22.77
2021-05-17,MGLU3,18.86
2021-05-17,MRFG3,18.47
2021-05-17,MRVE3,17.68
2021-05-17,MULT3,24.6
2021-05-17,NTCO3,49.96
2021-05-17,PCAR3,36.14
2021-05-17,PETR3,25.94
2021-05-17,PETR4,26.66
2021-05-17,PETZ3,22.5
2021-05-17,POMO4,2.77
2021-05-17,PRIO3,18.81
2021-05-17,PSSA3,52.93
2021-05-17,RADL3,26.6
2021-05-17,RAIL3,20.7
2021-05-17,RDOR3,76.0
2021-05-17,RECV3,16.34
2021-05-17,RENT3,59.92
2021-05-17,SANB11,39.49
2021-05-17,SBSP3,41.71
2021-05-17,SLCE3,50.25
2021-05-17,SMTO3,32.4
2021-05-17,STBP3,8.45
2021-05-17,SUZB3,66.52
2021-05-17,TAEE11,40.63
2021-05-17,TEND3,25.54
2021-05-17,TIMS3,12.14
2021-05-17,TOTS3,30.37
2021-05-17,UGPA3,20.4
2021-05-17,USIM5,20.62
2021-05-17,VALE3,113.46
2021-05-17,VAMO3,46.0
2021-05-17,VIVA3,26.55
2021-05-17,VIVT3,43.19
2021-05-17,WEGE3,32.17
2021-05-17,YDUQ3,32.21
2021-05-18,ABEV3,17.42
2021-05-18,ASAI3,84.24
2021-05-18,AZUL4,39.58
2021-05-18,B3SA3,17.3
2021-05-18,BBAS3,32.15
2021-05-18,BBDC3,22.01
2021-05-18,BBDC4,25.4
2021-05-18,BBSE3,23.27
2021-05-18,BEEF3,9.49
2021-05-18,BPAC11,114.4
2021-05-18,BRAP4,72.73
2021-05-18,BRFS3,21.06
2021-05-18,BRKM5,51.8
2021-05-18,CCRO3,13.55
2021-05-18,CEAB3,13.38
2021-05-18,CMIG4,12.63
2021-05-18,CMIN3,9.77
2021-05-18,COGN3,4.02
2021-05-18,CPFE3,27.89
2021-05-18,CPLE3,5.47
2021-05-18,CPLE6,6.03
2021-05-18,CRFB3,20.49
2021-05-18,CSAN3,22.43
2021-05-18,CSMG3,17.52
2021-05-18,CSNA3,49.21
2021-05-18,CURY3,10.0
2021-05-18,CVCB3,24.85
2021-05-18,CXSE3,12.4
2021-05-18,CYRE3,24.07
2021-05-18,DIRR3,14.5
2021-05-18,EGIE3,39.93
2021-05-18,ELET3,40.8
2021-05-18,ELET6,40.93
2021-05-18,EMBR3,16.42
2021-05-18,ENEV3,16.63
2021-05-18,ENGI11,44.78
2021-05-18,EQTL3,25.03
2021-05-18,FLRY3,26.4
2021-05-18,GGBR4,35.86
2021-05-18,GOAU4,15.69
2021-05-18,HAPV3,14.69
2021-05-18,HYPE3,34.3
2021-05-18,IRBR3,6.08
2021-05-18,ITSA4,10.62
2021-05-18,ITUB4,28.92
2021-05-18,JBSS3,29.6
2021-05-18,KLBN11,26.75
2021-05-18,LREN3,44.7
2021-05-18,LWSA3,23.23
2021-05-18,MGLU3,18.97
2021-05-18,MRFG3,18.27
2021-05-18,MRVE3,17.44
2021-05-18,MULT3,24.42
2021-05-18,NTCO3,49.8
2021-05-18,PCAR3,35.7
2021-05-18,PETR3,25.6
2021-05-18,PETR4,26.35
2021-05-18,PETZ3,22.49
2021-05-18,POMO4,2.76
2021-05-18,PRIO3,18.63
2021-05-18,PSSA3,51.52
2021-05-18,RADL3,26.69
2021-05-18,RAIL3,20.64
2021-05-18,RDOR3,71.9
2021-05-18,RECV3,15.92
2021-05-18,RENT3,61.0
2021-05-18,SANB11,39.7
2021-05-18,SBSP3,41.78
2021-05-18,SLCE3,50.7
2021-05-18,SMTO3,31.85
2021-05-18,STBP3,8.51
2021-05-18,SUZB3,66.46
2021-05-18,TAEE11,40.54
2021-05-18,TEND3,25.0
2021-05-18,TIMS3,11.99
2021-05-18,TOTS3,31.16
2021-05-18,UGPA3,20.16
2021-05-18,USIM5,20.78
2021-05-18,VALE3,114.6
2021-05-18,VAMO3,46.0
2021-05-18,VIVA3,26.73
2021-05-18,VIVT3,43.12
2021-05-18,WEGE3,32.4
2021-05-18,YDUQ3,32.3
2021-05-19,ABEV3,17.56
2021-05-19,ASAI3,83.02
2021-05-19,AZUL4,39.8
2021-05-19,B3SA3,17.22
2021-05-19,BBAS3,32.7
2021-05-19,BBDC3,22.13
2021-05-19,BBDC4,25.57
2021-05-19,BBSE3,23.33
2021-05-19,BEEF3,9.46
2021-05-19,BPAC11,115.66
2021-05-19,BRAP4,71.17
2021-05-19,BRFS3,22.02
2021-05-19,BRKM5,51.17
2021-05-19,CCRO3,13.79
2021-05-19,CEAB3,13.11
2021-05-19,CMIG4,13.27
2021-05-19,CMIN3,9.41
2021-05-19,COGN3,4.01
2021-05-19,CPFE3,28.56
2021-05-19,CPLE3,5.48
2021-05-19,CPLE6,6.03
2021-05-19,CRFB3,20.44
2021-05-19,CSAN3,22.38
2021-05-19,CSMG3,17.53
2021-05-19,CSNA3,47.25
2021-05-19,CURY3,9.75
2021-05-19,CVCB3,24.18
2021-05-19,CXSE3,12.28
2021-05-19,CYRE3,23.1
2021-05-19,DIRR3,14.25
2021-05-19,EGIE3,40.19
2021-05-19,ELET3,42.5
2021-05-19,ELET6,42.41
2021-05-19,EMBR3,15.89
2021-05-19,ENEV3,16.75
2021-05-19,ENGI11,45.47
2021-05-19,EQTL3,25.65
2021-05-19,FLRY3,27.02
2021-05-19,GGBR4,35.47
2021-05-19,GOAU4,15.6
2021-05-19,HAPV3,14.56
2021-05-19,HYPE3,35.08
2021-05-19,IRBR3,6.08
2021-05-19,ITSA4,10.74
2021-05-19,ITUB4,29.13
2021-05-19,JBSS3,29.89
2021-05-19,KLBN11,26.8
2021-05-19,LREN3,44.37
2021-05-19,LWSA3,23.09
2021-05-19,MGLU3,18.68
2021-05-19,MRFG3,19.0
2021-05-19,MRVE3,17.35
2021-05-19,MULT3,24.57
2021-05-19,NTCO3,50.65
2021-05-19,PCAR3,34.95
2021-05-19,PETR3,25.52
2021-05-19,PETR4,26.15
2021-05-19,PETZ3,21.6
2021-05-19,POMO4,2.8
2021-05-19,PRIO3,18.26
2021-05-19,PSSA3,51.75
2021-05-19,RADL3,26.72
2021-05-19,RAIL3,20.22
2021-05-19,RDOR3,72.08
2021-05-19,RECV3,15.6
2021-05-19,RENT3,59.76
2021-05-19,SANB11,41.02
2021-05-19,SBSP3,41.65
2021-05-19,SLCE3,48.4
2021-05-19,SMTO3,33.03
2021-05-19,STBP3,8.5
2021-05-19,SUZB3,65.94
2021-05-19,TAEE11,39.14
2021-05-19,TEND3,24.66
2021-05-19,TIMS3,11.97
2021-05-19,TOTS3,30.58
2021-05-19,UGPA3,20.33
2021-05-19,USIM5,20.54
2021-05-19,VALE3,112.25
2021-05-19,VAMO3,46.79
2021-05-19,VIVA3,26.65
2021-05-19,VIVT3,43.95
2021-05-19,WEGE3,31.6
2021-05-19,YDUQ3,32.32
2021-05-20,ABEV3,17.54
2021-05-20,ASAI3,84.09
2021-05-20,AZUL4,40.21
2021-05-20,B3SA3,17.25
2021-05-20,BBAS3,33.0
2021-05-20,BBDC3,22.38
2021-05-20,BBDC4,25.81
2021-05-20,BBSE3,23.63
2021-05-20,BEEF3,9.6
2021-05-20,BPAC11,119.31
2021-05-20,BRAP4,70.62
2021-05-20,BRFS3,23.16
2021-05-20,BRKM5,49.98
2021-05-20,CCRO3,13.68
2021-05-20,CEAB3,13.74
2021-05-20,CMIG4,13.06
2021-05-20,CMIN3,9.34
2021-05-20,COGN3,3.99
2021-05-20,CPFE3,28.76
2021-05-20,CPLE3,5.51
2021-05-20,CPLE6,6.11
2021-05-20,CRFB3,20.68
2021-05-20,CSAN3,22.36
2021-05-20,CSMG3,17.5
2021-05-20,CSNA3,47.2
2021-05-20,CURY3,9.7
2021-05-20,CVCB3,23.82
2021-05-20,CXSE3,12.3
2021-05-20,CYRE3,23.2
2021-05-20,DIRR3,13.36
2021-05-20,EGIE3,40.16
2021-05-20,ELET3,41.7
2021-05-20,ELET6,41.13
2021-05-20,EMBR3,16.15
2021-05-20,ENEV3,16.88
2021-05-20,ENGI11,45.92
2021-05-20,EQTL3,25.73
2021-05-20,FLRY3,27.64
2021-05-20,GGBR4,34.3
2021-05-20,GOAU4,15.14
2021-05-20,HAPV3,14.91
2021-05-20,HYPE3,35.39
2021-05-20,IRBR3,6.09
2021-05-20,ITSA4,10.78
2021-05-20,ITUB4,29.29
2021-05-20,JBSS3,30.24
2021-05-20,KLBN11,26.16
2021-05-20,LREN3,44.03
2021-05-20,LWSA3,23.43
2021-05-20,MGLU3,18.74
2021-05-20,MRFG3,19.04
2021-05-20,MRVE3,17.78
2021-05-20,MULT3,25.11
2021-05-20,NTCO3,50.82
2021-05-20,PCAR3,35.14
2021-05-20,PETR3,25.17
2021-05-20,PETR4,25.93
2021-05-20,PETZ3,21.96
2021-05-20,POMO4,2.84
2021-05-20,PRIO3,17.73
2021-05-20,PSSA3,51.58
2021-05-20,RADL3,27.05
2021-05-20,RAIL3,20.21
2021-05-20,RDOR3,73.72
2021-05-20,RECV3,15.75
2021-05-20,RENT3,62.47
2021-05-20,SANB11,40.81
2021-05-20,SBSP3,41.56
2021-05-20,SLCE3,49.09
2021-05-20,SMTO3,33.67
2021-05-20,STBP3,8.49
2021-05-20,SUZB3,63.18
2021-05-20,TAEE11,39.38
2021-05-20,TEND3,24.65
2021-05-20,TIMS3,11.97
2021-05-20,TOTS3,31.76
2021-05-20,UGPA3,19.76
2021-05-20,USIM5,20.28
2021-05-20,VALE3,111.11
2021-05-20,VAMO3,48.25
2021-05-20,VIVA3,27.15
2021-05-20,VIVT3,43.78
2021-05-20,WEGE3,31.86
2021-05-20,YDUQ3,31.33
2021-05-21,ABEV3,17.61
2021-05-21,ASAI3,86.2
2021-05-21,AZUL4,40.98
2021-05-21,B3SA3,17.35
2021-05-21,BBAS3,33.08
2021-05-21,BBDC3,22.44
2021-05-21,BBDC4,25.93
2021-05-21,BBSE3,23.64
2021-05-21,BEEF3,9.66
2021-05-21,BPAC11,118.68
2021-05-21,BRAP4,70.12
2021-05-21,BRFS3,26.93
2021-05-21,BRKM5,50.82
2021-05-21,CCRO3,13.64
2021-05-21,CEAB3,13.74
2021-05-21,CMIG4,13.12
2021-05-21,CMIN3,9.23
2021-05-21,COGN3,3.92
2021-05-21,CPFE3,28.8
2021-05-21,CPLE3,5.48
2021-05-21,CPLE6,6.08
2021-05-21,CRFB3,21.2
2021-05-21,CSAN3,21.91
2021-05-21,CSMG3,17.51
2021-05-21,CSNA3,45.7
2021-05-21,CURY3,9.41
2021-05-21,CVCB3,23.57
2021-05-21,CXSE3,11.99
2021-05-21,CYRE3,21.95
2021-05-21,DIRR3,12.88
2021-05-21,EGIE3,40.35
2021-05-21,ELET3,41.75
2021-05-21,ELET6,41.63
2021-05-21,EMBR3,16.66
2021-05-21,ENEV3,16.74
2021-05-21,ENGI11,46.0
2021-05-21,EQTL3,25.83
2021-05-21,FLRY3,27.22
2021-05-21,GGBR4,33.87
2021-05-21,GOAU4,15.04
2021-05-21,HAPV3,15.16
2021-05-21,HYPE3,35.81
2021-05-21,IRBR3,6.01
2021-05-21,ITSA4,10.84
2021-05-21,ITUB4,29.43
2021-05-21,JBSS3,30.09
2021-05-21,KLBN11,26.06
2021-05-21,LREN3,44.16
2021-05-21,LWSA3,22.95
2021-05-21,MGLU3,18.53
2021-05-21,MRFG3,18.05
2021-05-21,MRVE3,16.87
2021-05-21,MULT3,24.52
2021-05-21,NTCO3,50.37
2021-05-21,PCAR3,35.38
2021-05-21,PETR3,25.42
2021-05-21,PETR4,25.95
2021-05-21,PETZ3,21.25
2021-05-21,POMO4,2.82
2021-05-21,PRIO3,18.02
2021-05-21,PSSA3,50.75
2021-05-21,RADL3,26.8
2021-05-21,RAIL3,19.97
2021-05-21,RDOR3,74.4
2021-05-21,RECV3,15.7
2021-05-21,RENT3,62.88
2021-05-21,SANB11,40.98
2021-05-21,SBSP3,41.56
2021-05-21,SLCE3,48.39
2021-05-21,SMTO3,32.73
2021-05-21,STBP3,8.27
2021-05-21,SUZB3,64.85
2021-05-21,TAEE11,39.52
2021-05-21,TEND3,23.85
2021-05-21,TIMS3,11.9
2021-05-21,TOTS3,30.88
2021-05-21,UGPA3,19.34
2021-05-21,USIM5,19.88
2021-05-21,VALE3,109.4
2021-05-21,VAMO3,48.14
2021-05-21,VIVA3,27.57
2021-05-21,VIVT3,43.83
2021-05-21,WEGE3,31.71
2021-05-21,YDUQ3,30.07
2021-05-24,ABEV3,17.63
2021-05-24,ASAI3,89.21
2021-05-24,AZUL4,40.35
2021-05-24,B3SA3,17.45
2021-05-24,BBAS3,32.88
2021-05-24,BBDC3,22.52
2021-05-24,BBDC4,25.86
2021-05-24,BBSE3,23.59
2021-05-24,BEEF3,9.83
2021-05-24,BPAC11,122.57
2021-05-24,BRAP4,69.95
2021-05-24,BRFS3,26.21
2021-05-24,BRKM5,50.6
2021-05-24,CCRO3,13.87
2021-05-24,CEAB3,13.77
2021-05-24,CMIG4,13.43
2021-05-24,CMIN3,9.24
2021-05-24,COGN3,3.91
2021-05-24,CPFE3,28.92
2021-05-24,CPLE3,5.64
2021-05-24,CPLE6,6.19
2021-05-24,CRFB3,21.7
2021-05-24,CSAN3,22.52
2021-05-24,CSMG3,17.94
2021-05-24,CSNA3,45.23
2021-05-24,CURY3,9.31
2021-05-24,CVCB3,23.64
2021-05-24,CXSE3,12.0
2021-05-24,CYRE3,22.17
2021-05-24,DIRR3,12.6
2021-05-24,EGIE3,40.95
2021-05-24,ELET3,42.27
2021-05-24,ELET6,42.46
2021-05-24,EMBR3,17.05
2021-05-24,ENEV3,16.99
2021-05-24,ENGI11,46.79
2021-05-24,EQTL3,25.77
2021-05-24,FLRY3,27.11
2021-05-24,GGBR4,32.89
2021-05-24,GOAU4,14.74
2021-05-24,HAPV3,15.6
2021-05-24,HYPE3,35.68
2021-05-24,IRBR3,6.01
2021-05-24,ITSA4,10.86
2021-05-24,ITUB4,29.35
2021-05-24,JBSS3,30.05
2021-05-24,KLBN11,26.07
2021-05-24,LREN3,44.02
2021-05-24,LWSA3,24.68
2021-05-24,MGLU3,20.0
2021-05-24,MRFG3,17.99
2021-05-24,MRVE3,16.97
2021-05-24,MULT3,24.62
2021-05-24,NTCO3,50.87
2021-05-24,PCAR3,36.01
2021-05-24,PETR3,25.68
2021-05-24,PETR4,26.39
2021-05-24,PETZ3,21.52
2021-05-24,POMO4,2.84
2021-05-24,PRIO3,19.2
2021-05-24,PSSA3,50.93
2021-05-24,RADL3,28.1
2021-05-24,RAIL3,20.8
2021-05-24,RDOR3,73.15
2021-05-24,RECV3,15.65
2021-05-24,RENT3,64.25
2021-05-24,SANB11,40.68
2021-05-24,SBSP3,42.2
2021-05-24,SLCE3,47.75
2021-05-24,SMTO3,33.13
2021-05-24,STBP3,8.32
2021-05-24,SUZB3,64.3
2021-05-24,TAEE11,39.99
2021-05-24,TEND3,23.87
2021-05-24,TIMS3,12.05
2021-05-24,TOTS3,32.55
2021-05-24,UGPA3,19.18
2021-05-24,USIM5,20.06
2021-05-24,VALE3,109.78
2021-05-24,VAMO3,48.5
2021-05-24,VIVA3,27.9
2021-05-24,VIVT3,44.29
2021-05-24,WEGE3,32.65
2021-05-24,YDUQ3,30.35
2021-05-25,ABEV3,17.61
2021-05-25,ASAI3,88.56
2021-05-25,AZUL4,42.01
2021-05-25,B3SA3,17.0
2021-05-25,BBAS3,32.44
2021-05-25,BBDC3,22.3
2021-05-25,BBDC4,25.73
2021-05-25,BBSE3,23.37
2021-05-25,BEEF3,9.81
2021-05-25,BPAC11,121.81
2021-05-25,BRAP4,68.15
2021-05-25,BRFS3,25.86
2021-05-25,BRKM5,50.66
2021-05-25,CCRO3,13.91
2021-05-25,CEAB3,13.68
2021-05-25,CMIG4,13.45
2021-05-25,CMIN3,9.12
2021-05-25,COGN3,4.17
2021-05-25,CPFE3,29.09
2021-05-25,CPLE3,5.62
2021-05-25,CPLE6,6.21
2021-05-25,CRFB3,21.42
2021-05-25,CSAN3,21.87
2021-05-25,CSMG3,17.9
2021-05-25,CSNA3,44.15
2021-05-25,CURY3,9.13
2021-05-25,CVCB3,23.6
2021-05-25,CXSE3,12.15
2021-05-25,CYRE3,22.64
2021-05-25,DIRR3,12.5
2021-05-25,EGIE3,40.8
2021-05-25,ELET3,43.15
2021-05-25,ELET6,43.35
2021-05-25,EMBR3,17.27
2021-05-25,ENEV3,17.23
2021-05-25,ENGI11,46.75
2021-05-25,EQTL3,25.38
2021-05-25,FLRY3,26.81
2021-05-25,GGBR4,32.2
2021-05-25,GOAU4,14.49
2021-05-25,HAPV3,15.63
2021-05-25,HYPE3,35.62
2021-05-25,IRBR3,6.02
2021-05-25,ITSA4,10.78
2021-05-25,ITUB4,29.0
2021-05-25,JBSS3,30.38
2021-05-25,KLBN11,25.98
2021-05-25,LREN3,45.05
2021-05-25,LWSA3,24.17
2021-05-25,MGLU3,20.02
2021-05-25,MRFG3,18.03
2021-05-25,MRVE3,17.24
2021-05-25,MULT3,24.98
2021-05-25,NTCO3,51.25
2021-05-25,PCAR3,37.98
2021-05-25,PETR3,25.22
2021-05-25,PETR4,25.84
2021-05-25,PETZ3,22.12
2021-05-25,POMO4,2.78
2021-05-25,PRIO3,18.83
2021-05-25,PSSA3,51.41
2021-05-25,RADL3,27.58
2021-05-25,RAIL3,20.73
2021-05-25,RDOR3,73.89
2021-05-25,RECV3,15.6
2021-05-25,RENT3,63.2
2021-05-25,SANB11,40.27
2021-05-25,SBSP3,42.1
2021-05-25,SLCE3,48.2
2021-05-25,SMTO3,33.34
2021-05-25,STBP3,8.36
2021-05-25,SUZB3,64.66
2021-05-25,TAEE11,39.83
2021-05-25,TEND3,24.17
2021-05-25,TIMS3,12.02
2021-05-25,TOTS3,33.12
2021-05-25,UGPA3,18.9
2021-05-25,USIM5,19.44
2021-05-25,VALE3,107.05
2021-05-25,VAMO3,49.7
2021-05-25,VIVA3,27.77
2021-05-25,VIVT3,44.39
2021-05-25,WEGE3,32.97
2021-05-25,YDUQ3,31.47
2021-05-26,ABEV3,17.47
2021-05-26,ASAI3,88.86
2021-05-26,AZUL4,46.76
2021-05-26,B3SA3,17.1
2021-05-26,BBAS3,32.98
2021-05-26,BBDC3,22.83
2021-05-26,BBDC4,26.32
2021-05-26,BBSE3,23.25
2021-05-26,BEEF3,9.81
2021-05-26,BPAC11,121.0
2021-05-26,BRAP4,69.25
2021-05-26,BRFS3,25.56
2021-05-26,BRKM5,51.58
2021-05-26,CCRO3,13.9
2021-05-26,CEAB3,13.83
2021-05-26,CMIG4,13.46
2021-05-26,CMIN3,9.06
2021-05-26,COGN3,4.04
2021-05-26,CPFE3,29.25
2021-05-26,CPLE3,5.69
2021-05-26,CPLE6,6.23
2021-05-26,CRFB3,21.5
2021-05-26,CSAN3,21.95
2021-05-26,CSMG3,17.51
2021-05-26,CSNA3,44.92
2021-05-26,CURY3,9.12
2021-05-26,CVCB3,24.31
2021-05-26,CXSE3,12.0
2021-05-26,CYRE3,23.28
2021-05-26,DIRR3,12.88
2021-05-26,EGIE3,40.54
2021-05-26,ELET3,43.21
2021-05-26,ELET6,43.02
2021-05-26,EMBR3,16.85
2021-05-26,ENEV3,17.22
2021-05-26,ENGI11,46.29
2021-05-26,EQTL3,25.5
2021-05-26,FLRY3,26.7
2021-05-26,GGBR4,32.55
2021-05-26,GOAU4,14.63
2021-05-26,HAPV3,15.76
2021-05-26,HYPE3,35.15
2021-05-26,IRBR3,6.04
2021-05-26,ITSA4,10.88
2021-05-26,ITUB4,29.4
2021-05-26,JBSS3,30.4
2021-05-26,KLBN11,25.92
2021-05-26,LREN3,46.0
2021-05-26,LWSA3,25.8
2021-05-26,MGLU3,19.67
2021-05-26,MRFG3,18.53
2021-05-26,MRVE3,17.54
2021-05-26,MULT3,25.22
2021-05-26,NTCO3,51.25
2021-05-26,PCAR3,37.54
2021-05-26,PETR3,25.45
2021-05-26,PETR4,26.09
2021-05-26,PETZ3,22.21
2021-05-26,POMO4,2.77
2021-05-26,PRIO3,18.85
2021-05-26,PSSA3,51.39
2021-05-26,RADL3,27.25
2021-05-26,RAIL3,20.8
2021-05-26,RDOR3,73.5
2021-05-26,RECV3,15.31
2021-05-26,RENT3,63.4
2021-05-26,SANB11,40.82
2021-05-26,SBSP3,41.78
2021-05-26,SLCE3,48.35
2021-05-26,SMTO3,33.23
2021-05-26,STBP3,8.48
2021-05-26,SUZB3,62.22
2021-05-26,TAEE11,39.59
2021-05-26,TEND3,24.1
2021-05-26,TIMS3,12.1
2021-05-26,TOTS3,32.94
2021-05-26,UGPA3,19.33
2021-05-26,USIM5,19.66
2021-05-26,VALE3,110.2
2021-05-26,VAMO3,50.0
2021-05-26,VIVA3,28.35
2021-05-26,VIVT3,44.0
2021-05-26,WEGE3,32.8
2021-05-26,YDUQ3,31.02
2021-05-27,ABEV3,17.69
2021-05-27,ASAI3,88.9
2021-05-27,AZUL4,44.62
2021-05-27,B3SA3,16.98
2021-05-27,BBAS3,33.43
2021-05-27,BBDC3,22.9
2021-05-27,BBDC4,26.48
2021-05-27,BBSE3,23.42
2021-05-27,BEEF3,10.04
2021-05-27,BPAC11,123.0
2021-05-27,BRAP4,69.54
2021-05-27,BRFS3,25.89
2021-05-27,BRKM5,51.79
2021-05-27,CCRO3,13.98
2021-05-27,CEAB3,13.85
2021-05-27,CMIG4,13.75
2021-05-27,CMIN3,9.22
2021-05-27,COGN3,4.29
2021-05-27,CPFE3,29.4
2021-05-27,CPLE3,5.65
2021-05-27,CPLE6,6.32
2021-05-27,CRFB3,21.65
2021-05-27,CSAN3,21.91
2021-05-27,CSMG3,17.27
2021-05-27,CSNA3,44.96
2021-05-27,CURY3,9.44
2021-05-27,CVCB3,24.35
2021-05-27,CXSE3,12.19
2021-05-27,CYRE3,23.26
2021-05-27,DIRR3,13.16
2021-05-27,EGIE3,40.55
2021-05-27,ELET3,43.01
2021-05-27,ELET6,42.99
2021-05-27,EMBR3,17.87
2021-05-27,ENEV3,17.15
2021-05-27,ENGI11,47.13
2021-05-27,EQTL3,25.48
2021-05-27,FLRY3,26.08
2021-05-27,GGBR4,33.09
2021-05-27,GOAU4,14.89
2021-05-27,HAPV3,15.76
2021-05-27,HYPE3,36.01
2021-05-27,IRBR3,6.24
2021-05-27,ITSA4,10.74
2021-05-27,ITUB4,29.15
2021-05-27,JBSS3,30.1
2021-05-27,KLBN11,26.65
2021-05-27,LREN3,47.0
2021-05-27,LWSA3,26.24
2021-05-27,MGLU3,19.59
2021-05-27,MRFG3,18.26
2021-05-27,MRVE3,17.69
2021-05-27,MULT3,25.38
2021-05-27,NTCO3,51.53
2021-05-27,PCAR3,38.83
2021-05-27,PETR3,25.25
2021-05-27,PETR4,25.91
2021-05-27,PETZ3,23.02
2021-05-27,POMO4,2.77
2021-05-27,PRIO3,19.33
2021-05-27,PSSA3,52.3
2021-05-27,RADL3,27.32
2021-05-27,RAIL3,20.85
2021-05-27,RDOR3,71.0
2021-05-27,RECV3,15.51
2021-05-27,RENT3,61.74
2021-05-27,SANB11,40.25
2021-05-27,SBSP3,41.95
2021-05-27,SLCE3,50.15
2021-05-27,SMTO3,33.96
2021-05-27,STBP3,8.55
2021-05-27,SUZB3,62.6
2021-05-27,TAEE11,39.05
2021-05-27,TEND3,24.25
2021-05-27,TIMS3,12.04
2021-05-27,TOTS3,33.6
2021-05-27,UGPA3,19.24
2021-05-27,USIM5,19.59
2021-05-27,VALE3,110.99
2021-05-27,VAMO3,50.75
2021-05-27,VIVA3,29.49
2021-05-27,VIVT3,44.07
2021-05-27,WEGE3,32.81
2021-05-27,YDUQ3,33.09
2021-05-28,ABEV3,17.85
2021-05-28,ASAI3,89.09
2021-05-28,AZUL4,42.86
2021-05-28,B3SA3,17.48
2021-05-28,BBAS3,33.54
2021-05-28,BBDC3,22.86
2021-05-28,BBDC4,26.54
2021-05-28,BBSE3,23.39
2021-05-28,BEEF3,9.87
2021-05-28,BPAC11,122.94
2021-05-28,BRAP4,69.92
2021-05-28,BRFS3,25.75
2021-05-28,BRKM5,51.74
2021-05-28,CCRO3,13.86
2021-05-28,CEAB3,13.89
2021-05-28,CMIG4,13.7
2021-05-28,CMIN3,9.32
2021-05-28,COGN3,4.26
2021-05-28,CPFE3,29.01
2021-05-28,CPLE3,5.84
2021-05-28,CPLE6,6.47
2021-05-28,CRFB3,21.91
2021-05-28,CSAN3,21.92
2021-05-28,CSMG3,17.14
2021-05-28,CSNA3,44.64
2021-05-28,CURY3,9.49
2021-05-28,CVCB3,24.93
2021-05-28,CXSE3,12.15
2021-05-28,CYRE3,23.7
2021-05-28,DIRR3,13.24
2021-05-28,EGIE3,39.98
2021-05-28,ELET3,43.13
2021-05-28,ELET6,42.93
2021-05-28,EMBR3,17.43
2021-05-28,ENEV3,17.65
2021-05-28,ENGI11,47.22
2021-05-28,EQTL3,25.42
2021-05-28,FLRY3,26.43
2021-05-28,GGBR4,32.65
2021-05-28,GOAU4,14.68
2021-05-28,HAPV3,15.95
2021-05-28,HYPE3,36.2
2021-05-28,IRBR3,6.0
2021-05-28,ITSA4,10.9
2021-05-28,ITUB4,29.63
2021-05-28,JBSS3,30.12
2021-05-28,KLBN11,26.19
2021-05-28,LREN3,47.43
2021-05-28,LWSA3,26.18
2021-05-28,MGLU3,20.25
2021-05-28,MRFG3,18.25
2021-05-28,MRVE3,17.56
2021-05-28,MULT3,25.59
2021-05-28,NTCO3,51.04
2021-05-28,PCAR3,38.99
2021-05-28,PETR3,26.71
2021-05-28,PETR4,26.99
2021-05-28,PETZ3,23.04
2021-05-28,POMO4,2.72
2021-05-28,PRIO3,19.66
2021-05-28,PSSA3,52.95
2021-05-28,RADL3,27.33
2021-05-28,RAIL3,20.88
2021-05-28,RDOR3,71.0
2021-05-28,RECV3,15.85
2021-05-28,RENT3,61.94
2021-05-28,SANB11,40.8
2021-05-28,SBSP3,39.96
2021-05-28,SLCE3,51.25
2021-05-28,SMTO3,34.51
2021-05-28,STBP3,8.61
2021-05-28,SUZB3,61.54
2021-05-28,TAEE11,39.0
2021-05-28,TEND3,24.1
2021-05-28,TIMS3,12.09
2021-05-28,TOTS3,33.55
2021-05-28,UGPA3,19.06
2021-05-28,USIM5,19.6
2021-05-28,VALE3,111.59
2021-05-28,VAMO3,51.1
2021-05-28,VIVA3,30.66
2021-05-28,VIVT3,44.12
2021-05-28,WEGE3,34.4
2021-05-28,YDUQ3,33.21
2021-05-31,ABEV3,17.95
2021-05-31,ASAI3,89.45
2021-05-31,AZUL4,43.0
2021-05-31,B3SA3,17.54
2021-05-31,BBAS3,33.49
2021-05-31,BBDC3,22.86
2021-05-31,BBDC4,26.48
2021-05-31,BBSE3,23.4
2021-05-31,BEEF3,9.91
2021-05-31,BPAC11,124.3
2021-05-31,BRAP4,71.21
2021-05-31,BRFS3,25.76
2021-05-31,BRKM5,50.07
2021-05-31,CCRO3,13.78
2021-05-31,CEAB3,14.05
2021-05-31,CMIG4,13.58
2021-05-31,CMIN3,9.39
2021-05-31,COGN3,4.22
2021-05-31,CPFE3,28.71
2021-05-31,CPLE3,5.79
2021-05-31,CPLE6,6.38
2021-05-31,CRFB3,22.4
2021-05-31,CSAN3,23.37
2021-05-31,CSMG3,17.55
2021-05-31,CSNA3,44.92
2021-05-31,CURY3,9.4
2021-05-31,CVCB3,24.89
2021-05-31,CXSE3,12.29
2021-05-31,CYRE3,23.9
2021-05-31,DIRR3,13.64
2021-05-31,EGIE3,39.79
2021-05-31,ELET3,43.84
2021-05-31,ELET6,43.58
2021-05-31,EMBR3,17.28
2021-05-31,ENEV3,18.46
2021-05-31,ENGI11,46.47
2021-05-31,EQTL3,24.73
2021-05-31,FLRY3,26.47
2021-05-31,GGBR4,32.92
2021-05-31,GOAU4,14.82
2021-05-31,HAPV3,16.0
2021-05-31,HYPE3,36.4
2021-05-31,IRBR3,5.94
2021-05-31,ITSA4,10.86
2021-05-31,ITUB4,29.54
2021-05-31,JBSS3,30.25
2021-05-31,KLBN11,26.34
2021-05-31,LREN3,46.8
2021-05-31,LWSA3,26.16
2021-05-31,MGLU3,20.16
2021-05-31,MRFG3,18.37
2021-05-31,MRVE3,17.39
2021-05-31,MULT3,25.66
2021-05-31,NTCO3,51.55
2021-05-31,PCAR3,39.43
2021-05-31,PETR3,26.65
2021-05-31,PETR4,26.87
2021-05-31,PETZ3,23.34
2021-05-31,POMO4,2.68
2021-05-31,PRIO3,19.73
2021-05-31,PSSA3,53.15
2021-05-31,RADL3,28.18
2021-05-31,RAIL3,20.67
2021-05-31,RDOR3,70.22
2021-05-31,RECV3,16.1
2021-05-31,RENT3,62.65
2021-05-31,SANB11,41.22
2021-05-31,SBSP3,39.13
2021-05-31,SLCE3,53.0
2021-05-31,SMTO3,34.42
2021-05-31,STBP3,8.98
2021-05-31,SUZB3,60.73
2021-05-31,TAEE11,38.69
2021-05-31,TEND3,24.06
2021-05-31,TIMS3,12.17
2021-05-31,TOTS3,34.47
2021-05-31,UGPA3,19.3
2021-05-31,USIM5,19.86
2021-05-31,VALE3,114.78
2021-05-31,VAMO3,53.0
2021-05-31,VIVA3,30.11
2021-05-31,VIVT3,44.2
2021-05-31,WEGE3,34.15
2021-05-31,YDUQ3,32.9
2021-06-01,ABEV3,18.77
2021-06-01,ASAI3,89.0
2021-06-01,AZUL4,42.9
2021-06-01,B3SA3,17.7
2021-06-01,BBAS3,33.98
2021-06-01,BBDC3,23.27
2021-06-01,BBDC4,27.08
2021-06-01,BBSE3,24.09
2021-06-01,BEEF3,10.06
2021-06-01,BPAC11,122.0
2021-06-01,BRAP4,71.79
2021-06-01,BRFS3,28.22
2021-06-01,BRKM5,53.35
2021-06-01,CCRO3,13.94
2021-06-01,CEAB3,14.07
2021-06-01,CMIG4,13.69
2021-06-01,CMIN3,9.6
2021-06-01,COGN3,4.45
2021-06-01,CPFE3,29.55
2021-06-01,CPLE3,5.76
2021-06-01,CPLE6,6.37
2021-06-01,CRFB3,22.41
2021-06-01,CSAN3,24.04
2021-06-01,CSMG3,17.46
2021-06-01,CSNA3,47.41
2021-06-01,CURY3,9.48
2021-06-01,CVCB3,24.72
2021-06-01,CXSE3,12.0
2021-06-01,CYRE3,25.47
2021-06-01,DIRR3,14.12
2021-06-01,EGIE3,40.28
2021-06-01,ELET3,44.83
2021-06-01,ELET6,44.56
2021-06-01,EMBR3,17.98
2021-06-01,ENEV3,18.24
2021-06-01,ENGI11,47.53
2021-06-01,EQTL3,25.05
2021-06-01,FLRY3,26.82
2021-06-01,GGBR4,34.12
2021-06-01,GOAU4,15.35
2021-06-01,HAPV3,16.0
2021-06-01,HYPE3,36.82
2021-06-01,IRBR3,5.98
2021-06-01,ITSA4,11.27
2021-06-01,ITUB4,30.6
2021-06-01,JBSS3,30.84
2021-06-01,KLBN11,25.71
2021-06-01,LREN3,47.87
2021-06-01,LWSA3,24.71
2021-06-01,MGLU3,20.35
2021-06-01,MRFG3,18.48
2021-06-01,MRVE3,17.77
2021-06-01,MULT3,25.96
2021-06-01,NTCO3,53.58
2021-06-01,PCAR3,40.52
2021-06-01,PETR3,27.23
2021-06-01,PETR4,27.29
2021-06-01,PETZ3,23.2
2021-06-01,POMO4,2.72
2021-06-01,PRIO3,19.66
2021-06-01,PSSA3,54.08
2021-06-01,RADL3,28.26
2021-06-01,RAIL3,21.35
2021-06-01,RDOR3,68.57
2021-06-01,RECV3,16.29
2021-06-01,RENT3,64.16
2021-06-01,SANB11,42.99
2021-06-01,SBSP3,38.8
2021-06-01,SLCE3,51.39
2021-06-01,SMTO3,35.18
2021-06-01,STBP3,8.82
2021-06-01,SUZB3,59.32
2021-06-01,TAEE11,39.54
2021-06-01,TEND3,25.32
2021-06-01,TIMS3,12.47
2021-06-01,TOTS3,34.04
2021-06-01,UGPA3,20.7
2021-06-01,USIM5,20.15
2021-06-01,VALE3,113.2
2021-06-01,VAMO3,53.0
2021-06-01,VIVA3,31.1
2021-06-01,VIVT3,45.48
2021-06-01,WEGE3,34.19
2021-06-01,YDUQ3,32.86
2021-06-02,ABEV3,19.37
2021-06-02,ASAI3,87.94
2021-06-02,AZUL4,43.85
2021-06-02,B3SA3,17.01
2021-06-02,BBAS3,35.2
2021-06-02,BBDC3,23.95
2021-06-02,BBDC4,28.12
2021-06-02,BBSE3,24.1
2021-06-02,BEEF3,10.19
2021-06-02,BPAC11,121.3
2021-06-02,BRAP4,72.72
2021-06-02,BRFS3,29.38
2021-06-02,BRKM5,55.92
2021-06-02,CCRO3,13.9
2021-06-02,CEAB3,14.29
2021-06-02,CMIG4,13.9
2021-06-02,CMIN3,9.66
2021-06-02,COGN3,4.45
2021-06-02,CPFE3,29.53
2021-06-02,CPLE3,5.77
2021-06-02,CPLE6,6.5
2021-06-02,CRFB3,22.83
2021-06-02,CSAN3,24.25
2021-06-02,CSMG3,17.82
2021-06-02,CSNA3,46.59
2021-06-02,CURY3,9.53
2021-06-02,CVCB3,25.24
2021-06-02,CXSE3,11.94
2021-06-02,CYRE3,25.9
2021-06-02,DIRR3,14.19
2021-06-02,EGIE3,40.44
2021-06-02,ELET3,45.0
2021-06-02,ELET6,44.72
2021-06-02,EMBR3,17.82
2021-06-02,ENEV3,17.79
2021-06-02,ENGI11,47.4
2021-06-02,EQTL3,24.84
2021-06-02,FLRY3,26.65
2021-06-02,GGBR4,33.39
2021-06-02,GOAU4,14.99
2021-06-02,HAPV3,15.8
2021-06-02,HYPE3,36.23
2021-06-02,IRBR3,6.05
2021-06-02,ITSA4,11.64
2021-06-02,ITUB4,31.62
2021-06-02,JBSS3,30.37
2021-06-02,KLBN11,25.41
2021-06-02,LREN3,47.83
2021-06-02,LWSA3,23.93
2021-06-02,MGLU3,20.5
2021-06-02,MRFG3,18.96
2021-06-02,MRVE3,17.87
2021-06-02,MULT3,26.25
2021-06-02,NTCO3,53.44
2021-06-02,PCAR3,40.45
2021-06-02,PETR3,28.58
2021-06-02,PETR4,28.06
2021-06-02,PETZ3,23.2
2021-06-02,POMO4,2.8
2021-06-02,PRIO3,20.28
2021-06-02,PSSA3,52.79
2021-06-02,RADL3,28.18
2021-06-02,RAIL3,21.68
2021-06-02,RDOR3,69.27
2021-06-02,RECV3,16.28
2021-06-02,RENT3,64.73
2021-06-02,SANB11,43.65
2021-06-02,SBSP3,39.23
2021-06-02,SLCE3,51.66
2021-06-02,SMTO3,35.62
2021-06-02,STBP3,8.87
2021-06-02,SUZB3,59.28
2021-06-02,TAEE11,39.53
2021-06-02,TEND3,25.4
2021-06-02,TIMS3,12.4
2021-06-02,TOTS3,34.47
2021-06-02,UGPA3,20.86
2021-06-02,USIM5,19.59
2021-06-02,VALE3,114.8
2021-06-02,VAMO3,51.99
2021-06-02,VIVA3,31.9
2021-06-02,VIVT3,45.3
2021-06-02,WEGE3,33.45
2021-06-02,YDUQ3,33.33
2021-06-04,ABEV3,19.38
2021-06-04,ASAI3,87.97
2021-06-04,AZUL4,44.71
2021-06-04,B3SA3,17.24
2021-06-04,BBAS3,35.75
2021-06-04,BBDC3,24.08
2021-06-04,BBDC4,28.09
2021-06-04,BBSE3,24.19
2021-06-04,BEEF3,10.13
2021-06-04,BPAC11,122.25
2021-06-04,BRAP4,70.97
2021-06-04,BRFS3,28.65
2021-06-04,BRKM5,58.91
2021-06-04,CCRO3,13.69
2021-06-04,CEAB3,14.57
2021-06-04,CMIG4,13.8
2021-06-04,CMIN3,9.46
2021-06-04,COGN3,4.63
2021-06-04,CPFE3,29.87
2021-06-04,CPLE3,5.76
2021-06-04,CPLE6,6.43
2021-06-04,CRFB3,22.8
2021-06-04,CSAN3,24.6
2021-06-04,CSMG3,17.81
2021-06-04,CSNA3,45.62
2021-06-04,CURY3,9.72
2021-06-04,CVCB3,27.11
2021-06-04,CXSE3,11.7
2021-06-04,CYRE3,26.2
2021-06-04,DIRR3,14.18
2021-06-04,EGIE3,40.73
2021-06-04,ELET3,45.61
2021-06-04,ELET6,45.76
2021-06-04,EMBR3,17.26
2021-06-04,ENEV3,17.94
2021-06-04,ENGI11,47.03
2021-06-04,EQTL3,24.89
2021-06-04,FLRY3,26.85
2021-06-04,GGBR4,32.46
2021-06-04,GOAU4,14.51
2021-06-04,HAPV3,15.68
2021-06-04,HYPE3,35.85
2021-06-04,IRBR3,6.1
2021-06-04,ITSA4,11.9
2021-06-04,ITUB4,32.28
2021-06-04,JBSS3,29.66
2021-06-04,KLBN11,25.38
2021-06-04,LREN3,48.1
2021-06-04,LWSA3,24.29
2021-06-04,MGLU3,20.85
2021-06-04,MRFG3,18.72
2021-06-04,MRVE3,18.05
2021-06-04,MULT3,27.51
2021-06-04,NTCO3,54.43
2021-06-04,PCAR3,41.75
2021-06-04,PETR3,28.93
2021-06-04,PETR4,28.5
2021-06-04,PETZ3,22.95
2021-06-04,POMO4,2.98
2021-06-04,PRIO3,20.5
2021-06-04,PSSA3,53.76
2021-06-04,RADL3,28.03
2021-06-04,RAIL3,21.29
2021-06-04,RDOR3,69.0
2021-06-04,RECV3,16.79
2021-06-04,RENT3,66.65
2021-06-04,SANB11,44.97
2021-06-04,SBSP3,39.02
2021-06-04,SLCE3,51.24
2021-06-04,SMTO3,35.85
2021-06-04,STBP3,9.12
2021-06-04,SUZB3,58.6
2021-06-04,TAEE11,40.0
2021-06-04,TEND3,25.57
2021-06-04,TIMS3,12.4
2021-06-04,TOTS3,34.89
2021-06-04,UGPA3,21.14
2021-06-04,USIM5,19.05
2021-06-04,VALE3,112.9
2021-06-04,VAMO3,53.0
2021-06-04,VIVA3,31.86
2021-06-04,VIVT3,45.57
2021-06-04,WEGE3,34.22
2021-06-04,YDUQ3,33.9
2021-06-07,ABEV3,19.6
2021-06-07,ASAI3,86.74
2021-06-07,AZUL4,47.2
2021-06-07,B3SA3,17.29
2021-06-07,BBAS3,36.52
2021-06-07,BBDC3,24.41
2021-06-07,BBDC4,28.44
2021-06-07,BBSE3,24.61
2021-06-07,BEEF3,10.05
2021-06-07,BPAC11,122.18
2021-06-07,BRAP4,70.16
2021-06-07,BRFS3,28.51
2021-06-07,BRKM5,60.2
2021-06-07,CCRO3,14.08
2021-06-07,CEAB3,14.44
2021-06-07,CMIG4,13.96
2021-06-07,CMIN3,9.38
2021-06-07,COGN3,4.59
2021-06-07,CPFE3,29.98
2021-06-07,CPLE3,5.75
2021-06-07,CPLE6,6.37
2021-06-07,CRFB3,23.03
2021-06-07,CSAN3,24.91
2021-06-07,CSMG3,17.8
2021-06-07,CSNA3,44.27
2021-06-07,CURY3,9.66
2021-06-07,CVCB3,27.46
2021-06-07,CXSE3,11.78
2021-06-07,CYRE3,25.99
2021-06-07,DIRR3,14.42
2021-06-07,EGIE3,41.2
2021-06-07,ELET3,46.38
2021-06-07,ELET6,46.16
2021-06-07,EMBR3,17.48
2021-06-07,ENEV3,17.89
2021-06-07,ENGI11,49.01
2021-06-07,EQTL3,24.93
2021-06-07,FLRY3,27.3
2021-06-07,GGBR4,31.89
2021-06-07,GOAU4,14.21
2021-06-07,HAPV3,15.8
2021-06-07,HYPE3,36.98
2021-06-07,IRBR3,6.3
2021-06-07,ITSA4,12.05
2021-06-07,ITUB4,33.04
2021-06-07,JBSS3,29.75
2021-06-07,KLBN11,25.84
2021-06-07,LREN3,48.4
2021-06-07,LWSA3,23.92
2021-06-07,MGLU3,20.8
2021-06-07,MRFG3,18.3
2021-06-07,MRVE3,17.98
2021-06-07,MULT3,27.74
2021-06-07,NTCO3,56.86
2021-06-07,PCAR3,40.05
2021-06-07,PETR3,28.72
2021-06-07,PETR4,28.29
2021-06-07,PETZ3,23.0
2021-06-07,POMO4,2.97
2021-06-07,PRIO3,19.7
2021-06-07,PSSA3,54.71
2021-06-07,RADL3,28.34
2021-06-07,RAIL3,21.12
2021-06-07,RDOR3,68.5
2021-06-07,RECV3,16.42
2021-06-07,RENT3,67.0
2021-06-07,SANB11,45.82
2021-06-07,SBSP3,38.79
2021-06-07,SLCE3,50.59
2021-06-07,SMTO3,35.68
2021-06-07,STBP3,9.16
2021-06-07,SUZB3,59.5
2021-06-07,TAEE11,40.13
2021-06-07,TEND3,25.8
2021-06-07,TIMS3,12.53
2021-06-07,TOTS3,36.15
2021-06-07,UGPA3,21.33
2021-06-07,USIM5,18.82
2021-06-07,VALE3,111.8
2021-06-07,VAMO3,52.91
2021-06-07,VIVA3,31.44
2021-06-07,VIVT3,46.1
2021-06-07,WEGE3,34.13
2021-06-07,YDUQ3,34.38
2021-06-08,ABEV3,19.59
2021-06-08,ASAI3,84.35
2021-06-08,AZUL4,48.55
2021-06-08,B3SA3,16.33
2021-06-08,BBAS3,36.3
2021-06-08,BBDC3,24.31
2021-06-08,BBDC4,28.24
2021-06-08,BBSE3,24.31
2021-06-08,BEEF3,9.89
2021-06-08,BPAC11,123.5
2021-06-08,BRAP4,68.97
2021-06-08,BRFS3,27.81
2021-06-08,BRKM5,56.37
2021-06-08,CCRO3,14.01
2021-06-08,CEAB3,14.96
2021-06-08,CMIG4,13.92
2021-06-08,CMIN3,9.31
2021-06-08,COGN3,4.56
2021-06-08,CPFE3,29.75
2021-06-08,CPLE3,5.72
2021-06-08,CPLE6,6.28
2021-06-08,CRFB3,22.84
2021-06-08,CSAN3,24.94
2021-06-08,CSMG3,17.59
2021-06-08,CSNA3,43.8
2021-06-08,CURY3,9.67
2021-06-08,CVCB3,27.98
2021-06-08,CXSE3,11.1
2021-06-08,CYRE3,26.18
2021-06-08,DIRR3,14.6
2021-06-08,EGIE3,40.95
2021-06-08,ELET3,45.23
2021-06-08,ELET6,44.74
2021-06-08,EMBR3,17.55
2021-06-08,ENEV3,17.4
2021-06-08,ENGI11,49.1
2021-06-08,EQTL3,24.66
2021-06-08,FLRY3,27.35
2021-06-08,GGBR4,31.34
2021-06-08,GOAU4,14.1
2021-06-08,HAPV3,15.8
2021-06-08,HYPE3,35.81
2021-06-08,IRBR3,6.09
2021-06-08,ITSA4,11.94
2021-06-08,ITUB4,32.81
2021-06-08,JBSS3,29.24
2021-06-08,KLBN11,25.21
2021-06-08,LREN3,48.78
2021-06-08,LWSA3,23.95
2021-06-08,MGLU3,21.05
2021-06-08,MRFG3,18.16
2021-06-08,MRVE3,18.0
2021-06-08,MULT3,27.18
2021-06-08,NTCO3,55.7
2021-06-08,PCAR3,39.25
2021-06-08,PETR3,29.41
2021-06-08,PETR4,28.66
2021-06-08,PETZ3,23.81
2021-06-08,POMO4,2.99
2021-06-08,PRIO3,19.32
2021-06-08,PSSA3,54.69
2021-06-08,RADL3,27.96
2021-06-08,RAIL3,21.22
2021-06-08,RDOR3,69.0
2021-06-08,RECV3,16.16
2021-06-08,RENT3,66.72
2021-06-08,SANB11,45.6
2021-06-08,SBSP3,38.39
2021-06-08,SLCE3,50.4
2021-06-08,SMTO3,35.8
2021-06-08,STBP3,9.2
2021-06-08,SUZB3,58.08
2021-06-08,TAEE11,40.02
2021-06-08,TEND3,26.13
2021-06-08,TIMS3,12.41
2021-06-08,TOTS3,35.84
2021-06-08,UGPA3,21.16
2021-06-08,USIM5,18.38
2021-06-08,VALE3,109.92
2021-06-08,VAMO3,52.49
2021-06-08,VIVA3,31.36
2021-06-08,VIVT3,45.49
2021-06-08,WEGE3,34.02
2021-06-08,YDUQ3,34.38
2021-06-09,ABEV3,19.31
2021-06-09,ASAI3,84.78
2021-06-09,AZUL4,47.63
2021-06-09,B3SA3,16.4
2021-06-09,BBAS3,35.6
2021-06-09,BBDC3,23.97
2021-06-09,BBDC4,28.1
2021-06-09,BBSE3,24.28
2021-06-09,BEEF3,10.11
2021-06-09,BPAC11,121.46
2021-06-09,BRAP4,70.2
2021-06-09,BRFS3,27.46
2021-06-09,BRKM5,57.03
2021-06-09,CCRO3,13.8
2021-06-09,CEAB3,14.77
2021-06-09,CMIG4,13.76
2021-06-09,CMIN3,9.43
2021-06-09,COGN3,4.5
2021-06-09,CPFE3,29.09
2021-06-09,CPLE3,5.82
2021-06-09,CPLE6,6.17
2021-06-09,CRFB3,22.85
2021-06-09,CSAN3,24.82
2021-06-09,CSMG3,17.42
2021-06-09,CSNA3,44.78
2021-06-09,CURY3,9.76
2021-06-09,CVCB3,27.33
2021-06-09,CXSE3,11.14
2021-06-09,CYRE3,25.57
2021-06-09,DIRR3,14.39
2021-06-09,EGIE3,40.79
2021-06-09,ELET3,45.22
2021-06-09,ELET6,44.79
2021-06-09,EMBR3,17.3
2021-06-09,ENEV3,17.22
2021-06-09,ENGI11,48.28
2021-06-09,EQTL3,24.5
2021-06-09,FLRY3,27.29
2021-06-09,GGBR4,32.07
2021-06-09,GOAU4,14.45
2021-06-09,HAPV3,15.6
2021-06-09,HYPE3,35.3
2021-06-09,IRBR3,6.1
2021-06-09,ITSA4,11.98
2021-06-09,ITUB4,33.26
2021-06-09,JBSS3,29.52
2021-06-09,KLBN11,25.68
2021-06-09,LREN3,47.9
2021-06-09,LWSA3,24.65
2021-06-09,MGLU3,20.27
2021-06-09,MRFG3,18.43
2021-06-09,MRVE3,17.56
2021-06-09,MULT3,26.42
2021-06-09,NTCO3,56.54
2021-06-09,PCAR3,39.27
2021-06-09,PETR3,29.51
2021-06-09,PETR4,28.66
2021-06-09,PETZ3,24.13
2021-06-09,POMO4,3.01
2021-06-09,PRIO3,19.0
2021-06-09,PSSA3,54.07
2021-06-09,RADL3,27.91
2021-06-09,RAIL3,20.82
2021-06-09,RDOR3,68.94
2021-06-09,RECV3,16.17
2021-06-09,RENT3,65.54
2021-06-09,SANB11,45.12
2021-06-09,SBSP3,38.09
2021-06-09,SLCE3,50.3
2021-06-09,SMTO3,38.03
2021-06-09,STBP3,9.14
2021-06-09,SUZB3,59.7
2021-06-09,TAEE11,39.97
2021-06-09,TEND3,25.95
2021-06-09,TIMS3,12.72
2021-06-09,TOTS3,35.21
2021-06-09,UGPA3,20.6
2021-06-09,USIM5,18.85
2021-06-09,VALE3,112.2
2021-06-09,VAMO3,51.96
2021-06-09,VIVA3,31.66
2021-06-09,VIVT3,45.86
2021-06-09,WEGE3,34.25
2021-06-09,YDUQ3,34.32
2021-06-10,ABEV3,19.32
2021-06-10,ASAI3,85.51
2021-06-10,AZUL4,47.78
2021-06-10,B3SA3,16.0
2021-06-10,BBAS3,35.5
2021-06-10,BBDC3,24.15
2021-06-10,BBDC4,28.15
2021-06-10,BBSE3,24.7
2021-06-10,BEEF3,9.98
2021-06-10,BPAC11,120.81
2021-06-10,BRAP4,70.23
2021-06-10,BRFS3,27.95
2021-06-10,BRKM5,59.46
2021-06-10,CCRO3,13.91
2021-06-10,CEAB3,14.86
2021-06-10,CMIG4,13.72
2021-06-10,CMIN3,9.52
2021-06-10,COGN3,4.46
2021-06-10,CPFE3,29.86
2021-06-10,CPLE3,5.94
2021-06-10,CPLE6,6.23
2021-06-10,CRFB3,23.59
2021-06-10,CSAN3,25.51
2021-06-10,CSMG3,17.27
2021-06-10,CSNA3,44.83
2021-06-10,CURY3,9.77
2021-06-10,CVCB3,26.99
2021-06-10,CXSE3,11.78
2021-06-10,CYRE3,24.95
2021-06-10,DIRR3,14.5
2021-06-10,EGIE3,41.69
2021-06-10,ELET3,45.32
2021-06-10,ELET6,45.11
2021-06-10,EMBR3,20.0
2021-06-10,ENEV3,17.22
2021-06-10,ENGI11,48.83
2021-06-10,EQTL3,25.16
2021-06-10,FLRY3,27.47
2021-06-10,GGBR4,32.14
2021-06-10,GOAU4,14.44
2021-06-10,HAPV3,15.58
2021-06-10,HYPE3,36.32
2021-06-10,IRBR3,6.1
2021-06-10,ITSA4,11.92
2021-06-10,ITUB4,33.14
2021-06-10,JBSS3,29.31
2021-06-10,KLBN11,25.8
2021-06-10,LREN3,47.62
2021-06-10,LWSA3,26.03
2021-06-10,MGLU3,20.28
2021-06-10,MRFG3,18.65
2021-06-10,MRVE3,17.6
2021-06-10,MULT3,26.56
2021-06-10,NTCO3,56.64
2021-06-10,PCAR3,40.07
2021-06-10,PETR3,29.53
2021-06-10,PETR4,28.68
2021-06-10,PETZ3,23.63
2021-06-10,POMO4,3.13
2021-06-10,PRIO3,19.52
2021-06-10,PSSA3,54.3
2021-06-10,RADL3,27.99
2021-06-10,RAIL3,21.09
2021-06-10,RDOR3,70.07
2021-06-10,RECV3,16.71
2021-06-10,RENT3,65.4
2021-06-10,SANB11,45.47
2021-06-10,SBSP3,38.29
2021-06-10,SLCE3,50.95
2021-06-10,SMTO3,38.01
2021-06-10,STBP3,9.1
2021-06-10,SUZB3,58.7
2021-06-10,TAEE11,40.45
2021-06-10,TEND3,25.68
2021-06-10,TIMS3,13.06
2021-06-10,TOTS3,35.8
2021-06-10,UGPA3,20.48
2021-06-10,USIM5,18.81
2021-06-10,VALE3,111.83
2021-06-10,VAMO3,51.4
2021-06-10,VIVA3,31.79
2021-06-10,VIVT3,47.16
2021-06-10,WEGE3,33.93
2021-06-10,YDUQ3,34.88
2021-06-11,ABEV3,18.94
2021-06-11,ASAI3,84.29
2021-06-11,AZUL4,46.82
2021-06-11,B3SA3,16.13
2021-06-11,BBAS3,35.4
2021-06-11,BBDC3,23.84
2021-06-11,BBDC4,28.04
2021-06-11,BBSE3,24.57
2021-06-11,BEEF3,9.97
2021-06-11,BPAC11,118.28
2021-06-11,BRAP4,71.11
2021-06-11,BRFS3,29.05
2021-06-11,BRKM5,57.3
2021-06-11,CCRO3,13.67
2021-06-11,CEAB3,14.51
2021-06-11,CMIG4,13.44
2021-06-11,CMIN3,9.71
2021-06-11,COGN3,4.34
2021-06-11,CPFE3,29.1
2021-06-11,CPLE3,5.97
2021-06-11,CPLE6,6.25
2021-06-11,CRFB3,22.65
2021-06-11,CSAN3,25.7
2021-06-11,CSMG3,17.3
2021-06-11,CSNA3,45.5
2021-06-11,CURY3,9.97
2021-06-11,CVCB3,26.36
2021-06-11,CXSE3,11.93
2021-06-11,CYRE3,24.53
2021-06-11,DIRR3,14.29
2021-06-11,EGIE3,41.01
2021-06-11,ELET3,45.4
2021-06-11,ELET6,44.58
2021-06-11,EMBR3,21.02
2021-06-11,ENEV3,16.91
2021-06-11,ENGI11,48.28
2021-06-11,EQTL3,24.71
2021-06-11,FLRY3,27.04
2021-06-11,GGBR4,33.0
2021-06-11,GOAU4,14.79
2021-06-11,HAPV3,15.26
2021-06-11,HYPE3,35.23
2021-06-11,IRBR3,6.08
2021-06-11,ITSA4,11.73
2021-06-11,ITUB4,32.75
2021-06-11,JBSS3,29.3
2021-06-11,KLBN11,26.0
2021-06-11,LREN3,46.44
2021-06-11,LWSA3,25.16
2021-06-11,MGLU3,20.38
2021-06-11,MRFG3,18.61
2021-06-11,MRVE3,17.08
2021-06-11,MULT3,25.75
2021-06-11,NTCO3,55.9
2021-06-11,PCAR3,38.66
2021-06-11,PETR3,29.3
2021-06-11,PETR4,28.57
2021-06-11,PETZ3,23.97
2021-06-11,POMO4,3.09
2021-06-11,PRIO3,19.69
2021-06-11,PSSA3,54.25
2021-06-11,RADL3,26.78
2021-06-11,RAIL3,20.58
2021-06-11,RDOR3,69.71
2021-06-11,RECV3,16.7
2021-06-11,RENT3,64.04
2021-06-11,SANB11,45.04
2021-06-11,SBSP3,39.31
2021-06-11,SLCE3,50.51
2021-06-11,SMTO3,39.06
2021-06-11,STBP3,8.98
2021-06-11,SUZB3,58.96
2021-06-11,TAEE11,39.92
2021-06-11,TEND3,25.24
2021-06-11,TIMS3,12.95
2021-06-11,TOTS3,35.2
2021-06-11,UGPA3,20.24
2021-06-11,USIM5,18.92
2021-06-11,VALE3,114.34
2021-06-11,VAMO3,50.5
2021-06-11,VIVA3,31.02
2021-06-11,VIVT3,45.67
2021-06-11,WEGE3,34.21
2021-06-11,YDUQ3,33.7
2021-06-14,ABEV3,19.48
2021-06-14,ASAI3,84.0
2021-06-14,AZUL4,47.7
2021-06-14,B3SA3,16.32
2021-06-14,BBAS3,35.62
2021-06-14,BBDC3,23.85
2021-06-14,BBDC4,27.92
2021-06-14,BBSE3,24.92
2021-06-14,BEEF3,9.89
2021-06-14,BPAC11,118.46
2021-06-14,BRAP4,71.03
2021-06-14,BRFS3,29.26
2021-06-14,BRKM5,56.35
2021-06-14,CCRO3,13.97
2021-06-14,CEAB3,14.73
2021-06-14,CMIG4,13.68
2021-06-14,CMIN3,9.7
2021-06-14,COGN3,4.75
2021-06-14,CPFE3,29.32
2021-06-14,CPLE3,6.12
2021-06-14,CPLE6,6.4
2021-06-14,CRFB3,22.6
2021-06-14,CSAN3,25.4
2021-06-14,CSMG3,17.41
2021-06-14,CSNA3,45.12
2021-06-14,CURY3,10.1
2021-06-14,CVCB3,26.82
2021-06-14,CXSE3,12.27
2021-06-14,CYRE3,24.74
2021-06-14,DIRR3,14.62
2021-06-14,EGIE3,41.16
2021-06-14,ELET3,45.32
2021-06-14,ELET6,44.55
2021-06-14,EMBR3,21.07
2021-06-14,ENEV3,17.38
2021-06-14,ENGI11,49.13
2021-06-14,EQTL3,25.39
2021-06-14,FLRY3,26.7
2021-06-14,GGBR4,32.1
2021-06-14,GOAU4,14.45
2021-06-14,HAPV3,15.12
2021-06-14,HYPE3,35.41
2021-06-14,IRBR3,6.09
2021-06-14,ITSA4,11.79
2021-06-14,ITUB4,32.64
2021-06-14,JBSS3,29.5
2021-06-14,KLBN11,25.65
2021-06-14,LREN3,47.93
2021-06-14,LWSA3,26.73
2021-06-14,MGLU3,20.59
2021-06-14,MRFG3,19.06
2021-06-14,MRVE3,17.28
2021-06-14,MULT3,26.63
2021-06-14,NTCO3,58.08
2021-06-14,PCAR3,39.09
2021-06-14,PETR3,29.26
2021-06-14,PETR4,28.75
2021-06-14,PETZ3,23.6
2021-06-14,POMO4,3.35
2021-06-14,PRIO3,19.38
2021-06-14,PSSA3,54.91
2021-06-14,RADL3,27.13
2021-06-14,RAIL3,20.75
2021-06-14,RDOR3,69.45
2021-06-14,RECV3,17.3
2021-06-14,RENT3,64.56
2021-06-14,SANB11,45.03
2021-06-14,SBSP3,39.34
2021-06-14,SLCE3,49.8
2021-06-14,SMTO3,38.18
2021-06-14,STBP3,9.17
2021-06-14,SUZB3,58.46
2021-06-14,TAEE11,40.5
2021-06-14,TEND3,25.25
2021-06-14,TIMS3,13.06
2021-06-14,TOTS3,36.03
2021-06-14,UGPA3,20.18
2021-06-14,USIM5,18.7
2021-06-14,VALE3,113.72
2021-06-14,VAMO3,52.12
2021-06-14,VIVA3,32.78
2021-06-14,VIVT3,46.2
2021-06-14,WEGE3,34.88
2021-06-14,YDUQ3,35.07
2021-06-15,ABEV3,19.13
2021-06-15,ASAI3,83.18
2021-06-15,AZUL4,46.43
2021-06-15,B3SA3,16.67
2021-06-15,BBAS3,35.5
2021-06-15,BBDC3,23.81
2021-06-15,BBDC4,27.94
2021-06-15,BBSE3,25.09
2021-06-15,BEEF3,9.93
2021-06-15,BPAC11,122.03
2021-06-15,BRAP4,69.8
2021-06-15,BRFS3,30.07
2021-06-15,BRKM5,57.39
2021-06-15,CCRO3,13.97
2021-06-15,CEAB3,14.69
2021-06-15,CMIG4,13.51
2021-06-15,CMIN3,9.67
2021-06-15,COGN3,4.66
2021-06-15,CPFE3,29.21
2021-06-15,CPLE3,6.2
2021-06-15,CPLE6,6.36
2021-06-15,CRFB3,22.45
2021-06-15,CSAN3,25.31
2021-06-15,CSMG3,17.25
2021-06-15,CSNA3,44.5
2021-06-15,CURY3,10.23
2021-06-15,CVCB3,26.65
2021-06-15,CXSE3,11.93
2021-06-15,CYRE3,24.67
2021-06-15,DIRR3,14.49
2021-06-15,EGIE3,41.54
2021-06-15,ELET3,44.63
2021-06-15,ELET6,45.0
2021-06-15,EMBR3,21.38
2021-06-15,ENEV3,17.66
2021-06-15,ENGI11,48.89
2021-06-15,EQTL3,25.56
2021-06-15,FLRY3,26.62
2021-06-15,GGBR4,31.76
2021-06-15,GOAU4,14.45
2021-06-15,HAPV3,15.13
2021-06-15,HYPE3,35.45
2021-06-15,IRBR3,6.1
2021-06-15,ITSA4,11.82
2021-06-15,ITUB4,32.64
2021-06-15,JBSS3,28.97
2021-06-15,KLBN11,25.58
2021-06-15,LREN3,47.55
2021-06-15,LWSA3,26.06
2021-06-15,MGLU3,20.89
2021-06-15,MRFG3,19.48
2021-06-15,MRVE3,17.54
2021-06-15,MULT3,26.26
2021-06-15,NTCO3,58.75
2021-06-15,PCAR3,38.35
2021-06-15,PETR3,29.47
2021-06-15,PETR4,29.03
2021-06-15,PETZ3,23.49
2021-06-15,POMO4,3.19
2021-06-15,PRIO3,20.08
2021-06-15,PSSA3,54.66
2021-06-15,RADL3,27.2
2021-06-15,RAIL3,20.5
2021-06-15,RDOR3,68.23
2021-06-15,RECV3,18.01
2021-06-15,RENT3,64.4
2021-06-15,SANB11,44.91
2021-06-15,SBSP3,39.1
2021-06-15,SLCE3,50.05
2021-06-15,SMTO3,38.91
2021-06-15,STBP3,9.13
2021-06-15,SUZB3,58.17
2021-06-15,TAEE11,40.69
2021-06-15,TEND3,25.78
2021-06-15,TIMS3,12.93
2021-06-15,TOTS3,35.83
2021-06-15,UGPA3,20.67
2021-06-15,USIM5,18.61
2021-06-15,VALE3,111.5
2021-06-15,VAMO3,52.13
2021-06-15,VIVA3,32.55
2021-06-15,VIVT3,46.09
2021-06-15,WEGE3,35.46
2021-06-15,YDUQ3,34.81
2021-06-16,ABEV3,19.09
2021-06-16,ASAI3,83.39
2021-06-16,AZUL4,46.32
2021-06-16,B3SA3,16.91
2021-06-16,BBAS3,35.75
2021-06-16,BBDC3,23.86
2021-06-16,BBDC4,28.08
2021-06-16,BBSE3,25.03
2021-06-16,BEEF3,9.81
2021-06-16,BPAC11,122.45
2021-06-16,BRAP4,67.28
2021-06-16,BRFS3,29.35
2021-06-16,BRKM5,56.9
2021-06-16,CCRO3,13.93
2021-06-16,CEAB3,14.6
2021-06-16,CMIG4,13.48
2021-06-16,CMIN3,9.47
2021-06-16,COGN3,4.64
2021-06-16,CPFE3,28.9
2021-06-16,CPLE3,6.15
2021-06-16,CPLE6,6.23
2021-06-16,CRFB3,22.08
2021-06-16,CSAN3,24.87
2021-06-16,CSMG3,17.15
2021-06-16,CSNA3,42.4
2021-06-16,CURY3,10.21
2021-06-16,CVCB3,27.17
2021-06-16,CXSE3,12.1
2021-06-16,CYRE3,24.35
2021-06-16,DIRR3,14.49
2021-06-16,EGIE3,41.09
2021-06-16,ELET3,44.98
2021-06-16,ELET6,44.7
2021-06-16,EMBR3,20.44
2021-06-16,ENEV3,17.91
2021-06-16,ENGI11,48.21
2021-06-16,EQTL3,24.72
2021-06-16,FLRY3,26.4
2021-06-16,GGBR4,30.14
2021-06-16,GOAU4,13.95
2021-06-16,HAPV3,15.3
2021-06-16,HYPE3,35.99
2021-06-16,IRBR3,6.12
2021-06-16,ITSA4,11.93
2021-06-16,ITUB4,33.29
2021-06-16,JBSS3,28.72
2021-06-16,KLBN11,25.39
2021-06-16,LREN3,46.62
2021-06-16,LWSA3,26.1
2021-06-16,MGLU3,20.31
2021-06-16,MRFG3,19.17
2021-06-16,MRVE3,17.3
2021-06-16,MULT3,25.94
2021-06-16,NTCO3,56.97
2021-06-16,PCAR3,38.75
2021-06-16,PETR3,29.57
2021-06-16,PETR4,29.14
2021-06-16,PETZ3,23.82
2021-06-16,POMO4,3.26
2021-06-16,PRIO3,20.05
2021-06-16,PSSA3,55.24
2021-06-16,RADL3,27.09
2021-06-16,RAIL3,20.23
2021-06-16,RDOR3,68.32
2021-06-16,RECV3,18.53
2021-06-16,RENT3,64.12
2021-06-16,SANB11,45.64
2021-06-16,SBSP3,38.78
2021-06-16,SLCE3,49.77
2021-06-16,SMTO3,38.25
2021-06-16,STBP3,9.36
2021-06-16,SUZB3,58.08
2021-06-16,TAEE11,39.91
2021-06-16,TEND3,26.09
2021-06-16,TIMS3,12.75
2021-06-16,TOTS3,35.52
2021-06-16,UGPA3,20.14
2021-06-16,USIM5,18.13
2021-06-16,VALE3,108.15
2021-06-16,VAMO3,53.0
2021-06-16,VIVA3,32.22
2021-06-16,VIVT3,45.56
2021-06-16,WEGE3,34.83
2021-06-16,YDUQ3,34.77
2021-06-17,ABEV3,19.01
2021-06-17,ASAI3,83.8
2021-06-17,AZUL4,45.93
2021-06-17,B3SA3,17.17
2021-06-17,BBAS3,34.9
2021-06-17,BBDC3,23.73
2021-06-17,BBDC4,27.96
2021-06-17,BBSE3,25.14
2021-06-17,BEEF3,9.61
2021-06-17,BPAC11,122.31
2021-06-17,BRAP4,65.94
2021-06-17,BRFS3,28.92
2021-06-17,BRKM5,53.84
2021-06-17,CCRO3,13.81
2021-06-17,CEAB3,14.68
2021-06-17,CMIG4,13.29
2021-06-17,CMIN3,9.33
2021-06-17,COGN3,4.66
2021-06-17,CPFE3,29.17
2021-06-17,CPLE3,6.07
2021-06-17,CPLE6,6.24
2021-06-17,CRFB3,21.88
2021-06-17,CSAN3,24.97
2021-06-17,CSMG3,16.88
2021-06-17,CSNA3,40.3
2021-06-17,CURY3,10.31
2021-06-17,CVCB3,27.69
2021-06-17,CXSE3,12.54
2021-06-17,CYRE3,24.15
2021-06-17,DIRR3,14.32
2021-06-17,EGIE3,41.11
2021-06-17,ELET3,43.61
2021-06-17,ELET6,43.28
2021-06-17,EMBR3,20.23
2021-06-17,ENEV3,17.86
2021-06-17,ENGI11,48.22
2021-06-17,EQTL3,24.76
2021-06-17,FLRY3,26.41
2021-06-17,GGBR4,29.0
2021-06-17,GOAU4,13.44
2021-06-17,HAPV3,15.62
2021-06-17,HYPE3,36.07
2021-06-17,IRBR3,6.17
2021-06-17,ITSA4,11.82
2021-06-17,ITUB4,32.9
2021-06-17,JBSS3,28.18
2021-06-17,KLBN11,25.25
2021-06-17,LREN3,46.3
2021-06-17,LWSA3,27.35
2021-06-17,MGLU3,21.31
2021-06-17,MRFG3,18.66
2021-06-17,MRVE3,17.1
2021-06-17,MULT3,25.68
2021-06-17,NTCO3,57.39
2021-06-17,PCAR3,38.16
2021-06-17,PETR3,28.66
2021-06-17,PETR4,28.13
2021-06-17,PETZ3,24.4
2021-06-17,POMO4,3.18
2021-06-17,PRIO3,19.14
2021-06-17,PSSA3,55.35
2021-06-17,RADL3,26.49
2021-06-17,RAIL3,20.1
2021-06-17,RDOR3,68.51
2021-06-17,RECV3,18.7
2021-06-17,RENT3,62.58
2021-06-17,SANB11,44.9
2021-06-17,SBSP3,38.43
2021-06-17,SLCE3,48.39
2021-06-17,SMTO3,37.95
2021-06-17,STBP3,9.34
2021-06-17,SUZB3,56.36
2021-06-17,TAEE11,39.72
2021-06-17,TEND3,25.98
2021-06-17,TIMS3,12.98
2021-06-17,TOTS3,36.16
2021-06-17,UGPA3,19.77
2021-06-17,USIM5,17.71
2021-06-17,VALE3,105.9
2021-06-17,VAMO3,53.85
2021-06-17,VIVA3,33.05
2021-06-17,VIVT3,45.49
2021-06-17,WEGE3,34.42
2021-06-17,YDUQ3,34.64
2021-06-18,ABEV3,18.76
2021-06-18,ASAI3,85.01
2021-06-18,AZUL4,46.82
2021-06-18,B3SA3,17.38
2021-06-18,BBAS3,34.85
2021-06-18,BBDC3,23.39
2021-06-18,BBDC4,27.6
2021-06-18,BBSE3,25.36
2021-06-18,BEEF3,9.64
2021-06-18,BPAC11,122.8
2021-06-18,BRAP4,66.99
2021-06-18,BRFS3,28.95
2021-06-18,BRKM5,54.06
2021-06-18,CCRO3,13.74
2021-06-18,CEAB3,14.99
2021-06-18,CMIG4,13.27
2021-06-18,CMIN3,9.45
2021-06-18,COGN3,4.57
2021-06-18,CPFE3,28.94
2021-06-18,CPLE3,5.69
2021-06-18,CPLE6,6.2
2021-06-18,CRFB3,22.16
2021-06-18,CSAN3,24.5
2021-06-18,CSMG3,16.84
2021-06-18,CSNA3,41.4
2021-06-18,CURY3,10.31
2021-06-18,CVCB3,26.89
2021-06-18,CXSE3,12.6
2021-06-18,CYRE3,24.17
2021-06-18,DIRR3,14.85
2021-06-18,EGIE3,41.53
2021-06-18,ELET3,46.22
2021-06-18,ELET6,45.85
2021-06-18,EMBR3,20.0
2021-06-18,ENEV3,17.9
2021-06-18,ENGI11,48.5
2021-06-18,EQTL3,24.82
2021-06-18,FLRY3,26.37
2021-06-18,GGBR4,29.08
2021-06-18,GOAU4,13.66
2021-06-18,HAPV3,15.5
2021-06-18,HYPE3,36.3
2021-06-18,IRBR3,6.1
2021-06-18,ITSA4,11.71
2021-06-18,ITUB4,32.3
2021-06-18,JBSS3,28.11
2021-06-18,KLBN11,25.67
2021-06-18,LREN3,46.5
2021-06-18,LWSA3,27.09
2021-06-18,MGLU3,21.07
2021-06-18,MRFG3,18.64
2021-06-18,MRVE3,16.77
2021-06-18,MULT3,25.76
2021-06-18,NTCO3,57.8
2021-06-18,PCAR3,37.43
2021-06-18,PETR3,28.74
2021-06-18,PETR4,28.32
2021-06-18,PETZ3,24.65
2021-06-18,POMO4,3.22
2021-06-18,PRIO3,19.0
2021-06-18,PSSA3,54.64
2021-06-18,RADL3,25.48
2021-06-18,RAIL3,20.33
2021-06-18,RDOR3,66.94
2021-06-18,RECV3,18.5
2021-06-18,RENT3,62.81
2021-06-18,SANB11,43.41
2021-06-18,SBSP3,38.16
2021-06-18,SLCE3,48.37
2021-06-18,SMTO3,37.62
2021-06-18,STBP3,9.19
2021-06-18,SUZB3,57.0
2021-06-18,TAEE11,39.43
2021-06-18,TEND3,26.1
2021-06-18,TIMS3,12.84
2021-06-18,TOTS3,36.21
2021-06-18,UGPA3,19.6
2021-06-18,USIM5,18.1
2021-06-18,VALE3,109.09
2021-06-18,VAMO3,54.0
2021-06-18,VIVA3,34.56
2021-06-18,VIVT3,45.61
2021-06-18,WEGE3,35.19
2021-06-18,YDUQ3,34.47
2021-06-21,ABEV3,18.73
2021-06-21,ASAI3,86.46
2021-06-21,AZUL4,48.29
2021-06-21,B3SA3,17.07
2021-06-21,BBAS3,34.58
2021-06-21,BBDC3,23.38
2021-06-21,BBDC4,27.67
2021-06-21,BBSE3,25.47
2021-06-21,BEEF3,9.72
2021-06-21,BPAC11,122.98
2021-06-21,BRAP4,68.15
2021-06-21,BRFS3,28.83
2021-06-21,BRKM5,55.11
2021-06-21,CCRO3,13.98
2021-06-21,CEAB3,15.31
2021-06-21,CMIG4,13.07
2021-06-21,CMIN3,9.44
2021-06-21,COGN3,4.8
2021-06-21,CPFE3,28.79
2021-06-21,CPLE3,5.88
2021-06-21,CPLE6,6.27
2021-06-21,CRFB3,21.65
2021-06-21,CSAN3,25.02
2021-06-21,CSMG3,16.75
2021-06-21,CSNA3,42.04
2021-06-21,CURY3,10.41
2021-06-21,CVCB3,28.21
2021-06-21,CXSE3,12.84
2021-06-21,CYRE3,24.09
2021-06-21,DIRR3,14.99
2021-06-21,EGIE3,41.0
2021-06-21,ELET3,47.57
2021-06-21,ELET6,47.42
2021-06-21,EMBR3,20.35
2021-06-21,ENEV3,17.82
2021-06-21,ENGI11,47.75
2021-06-21,EQTL3,25.33
2021-06-21,FLRY3,26.38
2021-06-21,GGBR4,29.87
2021-06-21,GOAU4,13.9
2021-06-21,HAPV3,15.42
2021-06-21,HYPE3,36.52
2021-06-21,IRBR3,6.1
2021-06-21,ITSA4,11.74
2021-06-21,ITUB4,32.45
2021-06-21,JBSS3,28.17
2021-06-21,KLBN11,26.15
2021-06-21,LREN3,46.28
2021-06-21,LWSA3,27.92
2021-06-21,MGLU3,21.27
2021-06-21,MRFG3,18.76
2021-06-21,MRVE3,16.85
2021-06-21,MULT3,25.99
2021-06-21,NTCO3,57.31
2021-06-21,PCAR3,40.38
2021-06-21,PETR3,29.34
2021-06-21,PETR4,28.95
2021-06-21,PETZ3,24.44
2021-06-21,POMO4,3.32
2021-06-21,PRIO3,19.42
2021-06-21,PSSA3,55.0
2021-06-21,RADL3,25.75
2021-06-21,RAIL3,20.06
2021-06-21,RDOR3,66.9
2021-06-21,RECV3,19.29
2021-06-21,RENT3,63.22
2021-06-21,SANB11,43.66
2021-06-21,SBSP3,38.18
2021-06-21,SLCE3,48.91
2021-06-21,SMTO3,37.79
2021-06-21,STBP3,9.3
2021-06-21,SUZB3,58.5
2021-06-21,TAEE11,39.47
2021-06-21,TEND3,25.75
2021-06-21,TIMS3,12.67
2021-06-21,TOTS3,36.76
2021-06-21,UGPA3,19.72
2021-06-21,USIM5,18.16
2021-06-21,VALE3,110.11
2021-06-21,VAMO3,53.55
2021-06-21,VIVA3,33.97
2021-06-21,VIVT3,45.14
2021-06-21,WEGE3,35.25
2021-06-21,YDUQ3,34.98
2021-06-22,ABEV3,18.29
2021-06-22,ASAI3,86.4
2021-06-22,AZUL4,47.43
2021-06-22,B3SA3,16.99
2021-06-22,BBAS3,33.85
2021-06-22,BBDC3,23.1
2021-06-22,BBDC4,27.16
2021-06-22,BBSE3,25.54
2021-06-22,BEEF3,9.7
2021-06-22,BPAC11,120.93
2021-06-22,BRAP4,69.21
2021-06-22,BRFS3,28.8
2021-06-22,BRKM5,54.89
2021-06-22,CCRO3,13.57
2021-06-22,CEAB3,14.77
2021-06-22,CMIG4,12.81
2021-06-22,CMIN3,9.39
2021-06-22,COGN3,4.69
2021-06-22,CPFE3,28.55
2021-06-22,CPLE3,5.86
2021-06-22,CPLE6,6.22
2021-06-22,CRFB3,21.47
2021-06-22,CSAN3,25.25
2021-06-22,CSMG3,16.6
2021-06-22,CSNA3,42.51
2021-06-22,CURY3,10.3
2021-06-22,CVCB3,28.9
2021-06-22,CXSE3,12.88
2021-06-22,CYRE3,23.73
2021-06-22,DIRR3,14.5
2021-06-22,EGIE3,40.58
2021-06-22,ELET3,47.08
2021-06-22,ELET6,47.35
2021-06-22,EMBR3,20.08
2021-06-22,ENEV3,17.57
2021-06-22,ENGI11,48.13
2021-06-22,EQTL3,24.8
2021-06-22,FLRY3,26.48
2021-06-22,GGBR4,29.8
2021-06-22,GOAU4,13.86
2021-06-22,HAPV3,15.77
2021-06-22,HYPE3,36.64
2021-06-22,IRBR3,6.04
2021-06-22,ITSA4,11.83
2021-06-22,ITUB4,32.03
2021-06-22,JBSS3,28.27
2021-06-22,KLBN11,26.3
2021-06-22,LREN3,45.79
2021-06-22,LWSA3,27.8
2021-06-22,MGLU3,20.97
2021-06-22,MRFG3,18.54
2021-06-22,MRVE3,16.7
2021-06-22,MULT3,25.3
2021-06-22,NTCO3,56.92
2021-06-22,PCAR3,41.55
2021-06-22,PETR3,29.37
2021-06-22,PETR4,29.1
2021-06-22,PETZ3,24.31
2021-06-22,POMO4,3.25
2021-06-22,PRIO3,19.33
2021-06-22,PSSA3,54.72
2021-06-22,RADL3,26.0
2021-06-22,RAIL3,19.86
2021-06-22,RDOR3,69.75
2021-06-22,RECV3,18.95
2021-06-22,RENT3,63.0
2021-06-22,SANB11,43.6
2021-06-22,SBSP3,37.94
2021-06-22,SLCE3,49.23
2021-06-22,SMTO3,37.5
2021-06-22,STBP3,9.25
2021-06-22,SUZB3,58.7
2021-06-22,TAEE11,39.02
2021-06-22,TEND3,25.61
2021-06-22,TIMS3,12.05
2021-06-22,TOTS3,37.65
2021-06-22,UGPA3,19.53
2021-06-22,USIM5,18.23
2021-06-22,VALE3,111.4
2021-06-22,VAMO3,53.75
2021-06-22,VIVA3,34.05
2021-06-22,VIVT3,43.9
2021-06-22,WEGE3,34.29
2021-06-22,YDUQ3,34.57
2021-06-23,ABEV3,17.99
2021-06-23,ASAI3,86.0
2021-06-23,AZUL4,47.5
2021-06-23,B3SA3,17.02
2021-06-23,BBAS3,33.85
2021-06-23,BBDC3,23.06
2021-06-23,BBDC4,27.04
2021-06-23,BBSE3,24.7
2021-06-23,BEEF3,9.61
2021-06-23,BPAC11,121.21
2021-06-23,BRAP4,69.73
2021-06-23,BRFS3,28.57
2021-06-23,BRKM5,56.44
2021-06-23,CCRO3,13.6
2021-06-23,CEAB3,14.59
2021-06-23,CMIG4,12.7
2021-06-23,CMIN3,9.37
2021-06-23,COGN3,4.74
2021-06-23,CPFE3,28.03
2021-06-23,CPLE3,5.83
2021-06-23,CPLE6,6.18
2021-06-23,CRFB3,21.28
2021-06-23,CSAN3,24.64
2021-06-23,CSMG3,16.49
2021-06-23,CSNA3,43.17
2021-06-23,CURY3,10.4
2021-06-23,CVCB3,29.44
2021-06-23,CXSE3,12.93
2021-06-23,CYRE3,23.32
2021-06-23,DIRR3,14.7
2021-06-23,EGIE3,40.29
2021-06-23,ELET3,46.5
2021-06-23,ELET6,46.23
2021-06-23,EMBR3,19.66
2021-06-23,ENEV3,17.37
2021-06-23,ENGI11,47.61
2021-06-23,EQTL3,24.4
2021-06-23,FLRY3,26.59
2021-06-23,GGBR4,29.79
2021-06-23,GOAU4,13.78
2021-06-23,HAPV3,15.67
2021-06-23,HYPE3,36.41
2021-06-23,IRBR3,6.03
2021-06-23,ITSA4,11.72
2021-06-23,ITUB4,31.8
2021-06-23,JBSS3,28.55
2021-06-23,KLBN11,25.85
2021-06-23,LREN3,44.93
2021-06-23,LWSA3,27.76
2021-06-23,MGLU3,20.58
2021-06-23,MRFG3,18.6
2021-06-23,MRVE3,16.76
2021-06-23,MULT3,25.05
2021-06-23,NTCO3,56.5
2021-06-23,PCAR3,39.91
2021-06-23,PETR3,29.44
2021-06-23,PETR4,29.3
2021-06-23,PETZ3,24.9
2021-06-23,POMO4,3.5
2021-06-23,PRIO3,19.49
2021-06-23,PSSA3,54.34
2021-06-23,RADL3,25.35
2021-06-23,RAIL3,19.71
2021-06-23,RDOR3,68.8
2021-06-23,RECV3,18.94
2021-06-23,RENT3,64.0
2021-06-23,SANB11,43.19
2021-06-23,SBSP3,37.59
2021-06-23,SLCE3,48.8
2021-06-23,SMTO3,37.25
2021-06-23,STBP3,9.3
2021-06-23,SUZB3,58.11
2021-06-23,TAEE11,38.51
2021-06-23,TEND3,25.15
2021-06-23,TIMS3,11.94
2021-06-23,TOTS3,37.88
2021-06-23,UGPA3,19.15
2021-06-23,USIM5,18.62
2021-06-23,VALE3,113.07
2021-06-23,VAMO3,54.79
2021-06-23,VIVA3,33.62
2021-06-23,VIVT3,43.47
2021-06-23,WEGE3,33.95
2021-06-23,YDUQ3,35.4
2021-06-24,ABEV3,17.95
2021-06-24,ASAI3,87.31
2021-06-24,AZUL4,47.0
2021-06-24,B3SA3,16.99
2021-06-24,BBAS3,33.92
2021-06-24,BBDC3,23.06
2021-06-24,BBDC4,27.24
2021-06-24,BBSE3,24.4
2021-06-24,BEEF3,9.84
2021-06-24,BPAC11,120.4
2021-06-24,BRAP4,70.07
2021-06-24,BRFS3,28.65
2021-06-24,BRKM5,56.9
2021-06-24,CCRO3,13.72
2021-06-24,CEAB3,14.72
2021-06-24,CMIG4,12.75
2021-06-24,CMIN3,9.38
2021-06-24,COGN3,4.75
2021-06-24,CPFE3,28.25
2021-06-24,CPLE3,5.82
2021-06-24,CPLE6,6.17
2021-06-24,CRFB3,21.63
2021-06-24,CSAN3,25.19
2021-06-24,CSMG3,16.22
2021-06-24,CSNA3,44.6
2021-06-24,CURY3,10.26
2021-06-24,CVCB3,29.34
2021-06-24,CXSE3,13.02
2021-06-24,CYRE3,23.53
2021-06-24,DIRR3,15.02
2021-06-24,EGIE3,40.7
2021-06-24,ELET3,45.89
2021-06-24,ELET6,46.23
2021-06-24,EMBR3,19.61
2021-06-24,ENEV3,17.49
2021-06-24,ENGI11,47.7
2021-06-24,EQTL3,25.43
2021-06-24,FLRY3,26.62
2021-06-24,GGBR4,30.77
2021-06-24,GOAU4,14.2
2021-06-24,HAPV3,15.78
2021-06-24,HYPE3,36.56
2021-06-24,IRBR3,6.02
2021-06-24,ITSA4,11.76
2021-06-24,ITUB4,31.81
2021-06-24,JBSS3,29.16
2021-06-24,KLBN11,26.32
2021-06-24,LREN3,45.67
2021-06-24,LWSA3,27.08
2021-06-24,MGLU3,21.65
2021-06-24,MRFG3,18.96
2021-06-24,MRVE3,16.98
2021-06-24,MULT3,25.18
2021-06-24,NTCO3,57.27
2021-06-24,PCAR3,39.8
2021-06-24,PETR3,29.89
2021-06-24,PETR4,29.65
2021-06-24,PETZ3,24.45
2021-06-24,POMO4,3.46
2021-06-24,PRIO3,19.45
2021-06-24,PSSA3,53.8
2021-06-24,RADL3,25.6
2021-06-24,RAIL3,19.93
2021-06-24,RDOR3,68.19
2021-06-24,RECV3,19.86
2021-06-24,RENT3,64.5
2021-06-24,SANB11,43.19
2021-06-24,SBSP3,37.89
2021-06-24,SLCE3,48.75
2021-06-24,SMTO3,36.99
2021-06-24,STBP3,9.33
2021-06-24,SUZB3,59.85
2021-06-24,TAEE11,38.27
2021-06-24,TEND3,26.06
2021-06-24,TIMS3,11.95
2021-06-24,TOTS3,37.54
2021-06-24,UGPA3,19.34
2021-06-24,USIM5,19.1
2021-06-24,VALE3,111.03
2021-06-24,VAMO3,55.78
2021-06-24,VIVA3,33.54
2021-06-24,VIVT3,43.7
2021-06-24,WEGE3,34.33
2021-06-24,YDUQ3,35.5
2021-06-25,ABEV3,16.95
2021-06-25,ASAI3,84.89
2021-06-25,AZUL4,45.97
2021-06-25,B3SA3,16.69
2021-06-25,BBAS3,32.9
2021-06-25,BBDC3,22.47
2021-06-25,BBDC4,26.39
2021-06-25,BBSE3,23.92
2021-06-25,BEEF3,9.71
2021-06-25,BPAC11,118.27
2021-06-25,BRAP4,73.07
2021-06-25,BRFS3,28.48
2021-06-25,BRKM5,55.42
2021-06-25,CCRO3,13.34
2021-06-25,CEAB3,14.66
2021-06-25,CMIG4,12.53
2021-06-25,CMIN3,9.36
2021-06-25,COGN3,4.59
2021-06-25,CPFE3,27.53
2021-06-25,CPLE3,5.67
2021-06-25,CPLE6,6.11
2021-06-25,CRFB3,21.39
2021-06-25,CSAN3,24.73
2021-06-25,CSMG3,16.05
2021-06-25,CSNA3,43.55
2021-06-25,CURY3,10.36
2021-06-25,CVCB3,27.65
2021-06-25,CXSE3,12.94
2021-06-25,CYRE3,22.87
2021-06-25,DIRR3,14.71
2021-06-25,EGIE3,40.13
2021-06-25,ELET3,44.32
2021-06-25,ELET6,44.55
2021-06-25,EMBR3,19.1
2021-06-25,ENEV3,17.09
2021-06-25,ENGI11,46.46
2021-06-25,EQTL3,25.44
2021-06-25,FLRY3,26.06
2021-06-25,GGBR4,30.84
2021-06-25,GOAU4,14.27
2021-06-25,HAPV3,15.34
2021-06-25,HYPE3,35.3
2021-06-25,IRBR3,5.99
2021-06-25,ITSA4,11.48
2021-06-25,ITUB4,30.8
2021-06-25,JBSS3,28.54
2021-06-25,KLBN11,25.9
2021-06-25,LREN3,45.1
2021-06-25,LWSA3,26.31
2021-06-25,MGLU3,21.39
2021-06-25,MRFG3,19.09
2021-06-25,MRVE3,16.81
2021-06-25,MULT3,24.04
2021-06-25,NTCO3,56.31
2021-06-25,PCAR3,38.8
2021-06-25,PETR3,29.41
2021-06-25,PETR4,29.1
2021-06-25,PETZ3,24.87
2021-06-25,POMO4,3.39
2021-06-25,PRIO3,19.08
2021-06-25,PSSA3,52.01
2021-06-25,RADL3,24.72
2021-06-25,RAIL3,19.54
2021-06-25,RDOR3,68.67
2021-06-25,RECV3,19.59
2021-06-25,RENT3,63.6
2021-06-25,SANB11,42.17
2021-06-25,SBSP3,37.79
2021-06-25,SLCE3,47.73
2021-06-25,SMTO3,35.9
2021-06-25,STBP3,9.15
2021-06-25,SUZB3,58.41
2021-06-25,TAEE11,37.7
2021-06-25,TEND3,26.03
2021-06-25,TIMS3,11.77
2021-06-25,TOTS3,36.86
2021-06-25,UGPA3,18.99
2021-06-25,USIM5,18.84
2021-06-25,VALE3,112.4
2021-06-25,VAMO3,55.31
2021-06-25,VIVA3,32.49
2021-06-25,VIVT3,42.93
2021-06-25,WEGE3,33.56
2021-06-25,YDUQ3,34.01
2021-06-28,ABEV3,17.5
2021-06-28,ASAI3,85.88
2021-06-28,AZUL4,45.33
2021-06-28,B3SA3,16.99
2021-06-28,BBAS3,32.65
2021-06-28,BBDC3,22.3
2021-06-28,BBDC4,26.26
2021-06-28,BBSE3,24.1
2021-06-28,BEEF3,9.61
2021-06-28,BPAC11,121.96
2021-06-28,BRAP4,72.71
2021-06-28,BRFS3,28.17
2021-06-28,BRKM5,56.3
2021-06-28,CCRO3,13.41
2021-06-28,CEAB3,14.55
2021-06-28,CMIG4,12.53
2021-06-28,CMIN3,9.3
2021-06-28,COGN3,4.57
2021-06-28,CPFE3,27.35
2021-06-28,CPLE3,5.59
2021-06-28,CPLE6,6.05
2021-06-28,CRFB3,21.42
2021-06-28,CSAN3,24.25
2021-06-28,CSMG3,15.98
2021-06-28,CSNA3,42.93
2021-06-28,CURY3,10.23
2021-06-28,CVCB3,28.65
2021-06-28,CXSE3,13.41
2021-06-28,CYRE3,22.7
2021-06-28,DIRR3,14.48
2021-06-28,EGIE3,40.05
2021-06-28,ELET3,44.52
2021-06-28,ELET6,44.74
2021-06-28,EMBR3,18.99
2021-06-28,ENEV3,17.29
2021-06-28,ENGI11,46.7
2021-06-28,EQTL3,25.4
2021-06-28,FLRY3,26.55
2021-06-28,GGBR4,30.57
2021-06-28,GOAU4,14.14
2021-06-28,HAPV3,15.6
2021-06-28,HYPE3,35.29
2021-06-28,IRBR3,5.92
2021-06-28,ITSA4,11.36
2021-06-28,ITUB4,30.45
2021-06-28,JBSS3,28.9
2021-06-28,KLBN11,26.36
2021-06-28,LREN3,45.3
2021-06-28,LWSA3,27.08
2021-06-28,MGLU3,21.53
2021-06-28,MRFG3,19.28
2021-06-28,MRVE3,16.5
2021-06-28,MULT3,23.72
2021-06-28,NTCO3,57.06
2021-06-28,PCAR3,38.93
2021-06-28,PETR3,29.28
2021-06-28,PETR4,29.05
2021-06-28,PETZ3,25.68
2021-06-28,POMO4,3.42
2021-06-28,PRIO3,18.77
2021-06-28,PSSA3,53.08
2021-06-28,RADL3,25.25
2021-06-28,RAIL3,19.61
2021-06-28,RDOR3,69.44
2021-06-28,RECV3,19.3
2021-06-28,RENT3,64.25
2021-06-28,SANB11,41.7
2021-06-28,SBSP3,37.98
2021-06-28,SLCE3,48.94
2021-06-28,SMTO3,35.78
2021-06-28,STBP3,9.21
2021-06-28,SUZB3,59.6
2021-06-28,TAEE11,37.83
2021-06-28,TEND3,25.25
2021-06-28,TIMS3,11.92
2021-06-28,TOTS3,37.61
2021-06-28,UGPA3,19.19
2021-06-28,USIM5,18.93
2021-06-28,VALE3,110.6
2021-06-28,VAMO3,56.5
2021-06-28,VIVA3,32.79
2021-06-28,VIVT3,43.1
2021-06-28,WEGE3,34.0
2021-06-28,YDUQ3,34.03
2021-06-29,ABEV3,17.29
2021-06-29,ASAI3,86.14
2021-06-29,AZUL4,44.53
2021-06-29,B3SA3,17.04
2021-06-29,BBAS3,32.43
2021-06-29,BBDC3,22.11
2021-06-29,BBDC4,26.1
2021-06-29,BBSE3,23.74
2021-06-29,BEEF3,9.45
2021-06-29,BPAC11,122.7
2021-06-29,BRAP4,74.63
2021-06-29,BRFS3,27.34
2021-06-29,BRKM5,59.32
2021-06-29,CCRO3,13.28
2021-06-29,CEAB3,14.35
2021-06-29,CMIG4,12.27
2021-06-29,CMIN3,9.28
2021-06-29,COGN3,4.49
2021-06-29,CPFE3,27.15
2021-06-29,CPLE3,5.59
2021-06-29,CPLE6,5.92
2021-06-29,CRFB3,21.15
2021-06-29,CSAN3,23.88
2021-06-29,CSMG3,15.76
2021-06-29,CSNA3,44.69
2021-06-29,CURY3,10.23
2021-06-29,CVCB3,27.91
2021-06-29,CXSE3,13.13
2021-06-29,CYRE3,22.97
2021-06-29,DIRR3,14.42
2021-06-29,EGIE3,39.58
2021-06-29,ELET3,43.82
2021-06-29,ELET6,43.97
2021-06-29,EMBR3,18.61
2021-06-29,ENEV3,17.24
2021-06-29,ENGI11,46.69
2021-06-29,EQTL3,25.0
2021-06-29,FLRY3,26.3
2021-06-29,GGBR4,30.26
2021-06-29,GOAU4,14.06
2021-06-29,HAPV3,15.6
2021-06-29,HYPE3,34.8
2021-06-29,IRBR3,5.85
2021-06-29,ITSA4,11.3
2021-06-29,ITUB4,30.15
2021-06-29,JBSS3,28.79
2021-06-29,KLBN11,26.44
2021-06-29,LREN3,44.2
2021-06-29,LWSA3,27.65
2021-06-29,MGLU3,21.67
2021-06-29,MRFG3,19.09
2021-06-29,MRVE3,16.32
2021-06-29,MULT3,23.07
2021-06-29,NTCO3,56.39
2021-06-29,PCAR3,38.71
2021-06-29,PETR3,29.68
2021-06-29,PETR4,29.18
2021-06-29,PETZ3,25.84
2021-06-29,POMO4,3.46
2021-06-29,PRIO3,18.98
2021-06-29,PSSA3,53.07
2021-06-29,RADL3,25.04
2021-06-29,RAIL3,19.6
2021-06-29,RDOR3,69.45
2021-06-29,RECV3,19.64
2021-06-29,RENT3,64.53
2021-06-29,SANB11,41.45
2021-06-29,SBSP3,36.93
2021-06-29,SLCE3,49.26
2021-06-29,SMTO3,35.21
2021-06-29,STBP3,9.06
2021-06-29,SUZB3,60.26
2021-06-29,TAEE11,37.32
2021-06-29,TEND3,25.22
2021-06-29,TIMS3,11.7
2021-06-29,TOTS3,37.4
2021-06-29,UGPA3,18.53
2021-06-29,USIM5,19.15
2021-06-29,VALE3,112.51
2021-06-29,VAMO3,57.24
2021-06-29,VIVA3,32.91
2021-06-29,VIVT3,42.42
2021-06-29,WEGE3,34.7
2021-06-29,YDUQ3,33.39
2021-06-30,ABEV3,17.07
2021-06-30,ASAI3,86.54
2021-06-30,AZUL4,43.89
2021-06-30,B3SA3,16.82
2021-06-30,BBAS3,32.13
2021-06-30,BBDC3,21.86
2021-06-30,BBDC4,25.73
2021-06-30,BBSE3,23.1
2021-06-30,BEEF3,9.37
2021-06-30,BPAC11,122.06
2021-06-30,BRAP4,74.33
2021-06-30,BRFS3,27.33
2021-06-30,BRKM5,59.55
2021-06-30,CCRO3,13.45
2021-06-30,CEAB3,14.36
2021-06-30,CMIG4,12.13
2021-06-30,CMIN3,9.16
2021-06-30,COGN3,4.33
2021-06-30,CPFE3,26.91
2021-06-30,CPLE3,5.55
2021-06-30,CPLE6,5.93
2021-06-30,CRFB3,21.0
2021-06-30,CSAN3,23.96
2021-06-30,CSMG3,15.49
2021-06-30,CSNA3,43.99
2021-06-30,CURY3,10.24
2021-06-30,CVCB3,27.72
2021-06-30,CXSE3,13.07
2021-06-30,CYRE3,23.34
2021-06-30,DIRR3,14.0
2021-06-30,EGIE3,39.15
2021-06-30,ELET3,43.17
2021-06-30,ELET6,43.27
2021-06-30,EMBR3,18.87
2021-06-30,ENEV3,16.98
2021-06-30,ENGI11,46.6
2021-06-30,EQTL3,24.8
2021-06-30,FLRY3,25.92
2021-06-30,GGBR4,29.61
2021-06-30,GOAU4,13.83
2021-06-30,HAPV3,15.41
2021-06-30,HYPE3,34.47
2021-06-30,IRBR3,5.77
2021-06-30,ITSA4,11.15
2021-06-30,ITUB4,29.8
2021-06-30,JBSS3,29.1
2021-06-30,KLBN11,26.34
2021-06-30,LREN3,44.23
2021-06-30,LWSA3,27.06
2021-06-30,MGLU3,21.15
2021-06-30,MRFG3,19.14
2021-06-30,MRVE3,16.33
2021-06-30,MULT3,23.5
2021-06-30,NTCO3,56.74
2021-06-30,PCAR3,38.66
2021-06-30,PETR3,30.29
2021-06-30,PETR4,29.43
2021-06-30,PETZ3,25.76
2021-06-30,POMO4,3.39
2021-06-30,PRIO3,19.49
2021-06-30,PSSA3,53.47
2021-06-30,RADL3,24.71
2021-06-30,RAIL3,19.15
2021-06-30,RDOR3,69.03
2021-06-30,RECV3,19.75
2021-06-30,RENT3,64.0
2021-06-30,SANB11,40.5
2021-06-30,SBSP3,36.58
2021-06-30,SLCE3,51.32
2021-06-30,SMTO3,36.14
2021-06-30,STBP3,9.03
2021-06-30,SUZB3,59.81
2021-06-30,TAEE11,36.9
2021-06-30,TEND3,25.05
2021-06-30,TIMS3,11.53
2021-06-30,TOTS3,37.65
2021-06-30,UGPA3,18.39
2021-06-30,USIM5,19.1
2021-06-30,VALE3,113.25
2021-06-30,VAMO3,56.63
2021-06-30,VIVA3,32.9
2021-06-30,VIVT3,42.0
2021-06-30,WEGE3,33.69
2021-06-30,YDUQ3,32.84
2021-07-01,ABEV3,17.2
2021-07-01,ASAI3,85.8
2021-07-01,AZUL4,43.96
2021-07-01,B3SA3,16.32
2021-07-01,BBAS3,31.79
2021-07-01,BBDC3,21.64
2021-07-01,BBDC4,25.41
2021-07-01,BBSE3,23.23
2021-07-01,BEEF3,9.33
2021-07-01,BPAC11,30.15
2021-07-01,BRAP4,74.13
2021-07-01,BRFS3,27.04
2021-07-01,BRKM5,58.35
2021-07-01,CCRO3,13.53
2021-07-01,CEAB3,13.96
2021-07-01,CMIG4,11.89
2021-07-01,CMIN3,9.1
2021-07-01,COGN3,4.26
2021-07-01,CPFE3,26.56
2021-07-01,CPLE3,5.57
2021-07-01,CPLE6,5.93
2021-07-01,CRFB3,20.9
2021-07-01,CSAN3,24.04
2021-07-01,CSMG3,14.91
2021-07-01,CSNA3,43.43
2021-07-01,CURY3,10.06
2021-07-01,CVCB3,26.95
2021-07-01,CXSE3,12.82
2021-07-01,CYRE3,22.76
2021-07-01,DIRR3,13.75
2021-07-01,EGIE3,39.11
2021-07-01,ELET3,43.42
2021-07-01,ELET6,43.29
2021-07-01,EMBR3,18.74
2021-07-01,ENEV3,16.87
2021-07-01,ENGI11,45.52
2021-07-01,EQTL3,24.25
2021-07-01,FLRY3,25.47
2021-07-01,GGBR4,28.95
2021-07-01,GOAU4,13.63
2021-07-01,HAPV3,14.99
2021-07-01,HYPE3,34.07
2021-07-01,IRBR3,5.72
2021-07-01,ITSA4,11.17
2021-07-01,ITUB4,29.69
2021-07-01,JBSS3,29.13
2021-07-01,KLBN11,26.49
2021-07-01,LREN3,42.83
2021-07-01,LWSA3,26.11
2021-07-01,MGLU3,20.69
2021-07-01,MRFG3,19.45
2021-07-01,MRVE3,16.12
2021-07-01,MULT3,22.77
2021-07-01,NTCO3,57.22
2021-07-01,PCAR3,38.23
2021-07-01,PETR3,29.76
2021-07-01,PETR4,29.06
2021-07-01,PETZ3,24.9
2021-07-01,POMO4,3.48
2021-07-01,PRIO3,20.54
2021-07-01,PSSA3,54.21
2021-07-01,RADL3,24.6
2021-07-01,RAIL3,19.75
2021-07-01,RDOR3,69.32
2021-07-01,RECV3,19.52
2021-07-01,RENT3,62.5
2021-07-01,SANB11,40.6
2021-07-01,SBSP3,36.1
2021-07-01,SLCE3,52.0
2021-07-01,SMTO3,36.08
2021-07-01,STBP3,9.27
2021-07-01,SUZB3,60.33
2021-07-01,TAEE11,36.83
2021-07-01,TEND3,24.79
2021-07-01,TIMS3,11.37
2021-07-01,TOTS3,36.46
2021-07-01,UGPA3,18.18
2021-07-01,USIM5,19.29
2021-07-01,VALE3,111.28
2021-07-01,VAMO3,59.4
2021-07-01,VIVA3,31.98
2021-07-01,VIVT3,41.62
2021-07-01,WEGE3,34.25
2021-07-01,YDUQ3,32.4
2021-07-02,ABEV3,17.43
2021-07-02,ASAI3,86.0
2021-07-02,AZUL4,44.72
2021-07-02,B3SA3,16.42
2021-07-02,BBAS3,32.14
2021-07-02,BBDC3,21.98
2021-07-02,BBDC4,26.0
2021-07-02,BBSE3,23.15
2021-07-02,BEEF3,9.36
2021-07-02,BPAC11,31.46
2021-07-02,BRAP4,75.02
2021-07-02,BRFS3,26.86
2021-07-02,BRKM5,60.0
2021-07-02,CCRO3,13.42
2021-07-02,CEAB3,14.0
2021-07-02,CMIG4,12.11
2021-07-02,CMIN3,9.13
2021-07-02,COGN3,4.34
2021-07-02,CPFE3,26.82
2021-07-02,CPLE3,5.62
2021-07-02,CPLE6,5.97
2021-07-02,CRFB3,21.32
2021-07-02,CSAN3,24.43
2021-07-02,CSMG3,15.0
2021-07-02,CSNA3,45.07
2021-07-02,CURY3,10.05
2021-07-02,CVCB3,27.06
2021-07-02,CXSE3,12.61
2021-07-02,CYRE3,23.42
2021-07-02,DIRR3,13.85
2021-07-02,EGIE3,39.43
2021-07-02,ELET3,43.56
2021-07-02,ELET6,43.25
2021-07-02,EMBR3,18.95
2021-07-02,ENEV3,17.06
2021-07-02,ENGI11,45.66
2021-07-02,EQTL3,24.46
2021-07-02,FLRY3,25.69
2021-07-02,GGBR4,29.76
2021-07-02,GOAU4,13.99
2021-07-02,HAPV3,15.28
2021-07-02,HYPE3,34.44
2021-07-02,IRBR3,5.72
2021-07-02,ITSA4,11.23
2021-07-02,ITUB4,30.01
2021-07-02,JBSS3,29.53
2021-07-02,KLBN11,26.71
2021-07-02,LREN3,43.39
2021-07-02,LWSA3,26.8
2021-07-02,MGLU3,21.64
2021-07-02,MRFG3,19.26
2021-07-02,MRVE3,16.29
2021-07-02,MULT3,23.15
2021-07-02,NTCO3,59.52
2021-07-02,PCAR3,39.21
2021-07-02,PETR3,30.03
2021-07-02,PETR4,29.18
2021-07-02,PETZ3,25.23
2021-07-02,POMO4,3.53
2021-07-02,PRIO3,21.26
2021-07-02,PSSA3,53.86
2021-07-02,RADL3,24.8
2021-07-02,RAIL3,19.75
2021-07-02,RDOR3,71.4
2021-07-02,RECV3,20.24
2021-07-02,RENT3,64.46
2021-07-02,SANB11,40.87
2021-07-02,SBSP3,36.53
2021-07-02,SLCE3,51.5
2021-07-02,SMTO3,37.25
2021-07-02,STBP3,9.3
2021-07-02,SUZB3,59.2
2021-07-02,TAEE11,37.41
2021-07-02,TEND3,24.91
2021-07-02,TIMS3,11.48
2021-07-02,TOTS3,37.89
2021-07-02,UGPA3,18.95
2021-07-02,USIM5,19.53
2021-07-02,VALE3,113.58
2021-07-02,VAMO3,61.72
2021-07-02,VIVA3,32.55
2021-07-02,VIVT3,41.96
2021-07-02,WEGE3,35.26
2021-07-02,YDUQ3,32.77
2021-07-05,ABEV3,17.94
2021-07-05,ASAI3,86.1
2021-07-05,AZUL4,44.35
2021-07-05,B3SA3,16.11
2021-07-05,BBAS3,31.94
2021-07-05,BBDC3,21.23
2021-07-05,BBDC4,25.01
2021-07-05,BBSE3,22.91
2021-07-05,BEEF3,9.4
2021-07-05,BPAC11,31.41
2021-07-05,BRAP4,74.69
2021-07-05,BRFS3,26.65
2021-07-05,BRKM5,61.06
2021-07-05,CCRO3,13.64
2021-07-05,CEAB3,13.86
2021-07-05,CMIG4,12.09
2021-07-05,CMIN3,9.17
2021-07-05,COGN3,4.3
2021-07-05,CPFE3,26.95
2021-07-05,CPLE3,5.7
2021-07-05,CPLE6,6.08
2021-07-05,CRFB3,21.01
2021-07-05,CSAN3,24.79
2021-07-05,CSMG3,14.85
2021-07-05,CSNA3,45.56
2021-07-05,CURY3,10.05
2021-07-05,CVCB3,27.28
2021-07-05,CXSE3,12.3
2021-07-05,CYRE3,23.26
2021-07-05,DIRR3,13.66
2021-07-05,EGIE3,39.18
2021-07-05,ELET3,42.93
2021-07-05,ELET6,42.65
2021-07-05,EMBR3,18.98
2021-07-05,ENEV3,16.87
2021-07-05,ENGI11,45.6
2021-07-05,EQTL3,24.44
2021-07-05,FLRY3,25.76
2021-07-05,GGBR4,29.68
2021-07-05,GOAU4,13.85
2021-07-05,HAPV3,15.04
2021-07-05,HYPE3,34.38
2021-07-05,IRBR3,5.72
2021-07-05,ITSA4,11.08
2021-07-05,ITUB4,29.6
2021-07-05,JBSS3,29.25
2021-07-05,KLBN11,26.93
2021-07-05,LREN3,43.51
2021-07-05,LWSA3,26.07
2021-07-05,MGLU3,21.38
2021-07-05,MRFG3,19.19
2021-07-05,MRVE3,16.16
2021-07-05,MULT3,23.4
2021-07-05,NTCO3,59.96
2021-07-05,PCAR3,38.58
2021-07-05,PETR3,29.69
2021-07-05,PETR4,28.85
2021-07-05,PETZ3,24.66
2021-07-05,POMO4,3.63
2021-07-05,PRIO3,21.49
2021-07-05,PSSA3,53.96
2021-07-05,RADL3,24.77
2021-07-05,RAIL3,19.79
2021-07-05,RDOR3,70.72
2021-07-05,RECV3,20.68
2021-07-05,RENT3,64.11
2021-07-05,SANB11,40.52
2021-07-05,SBSP3,36.34
2021-07-05,SLCE3,53.88
2021-07-05,SMTO3,37.33
2021-07-05,STBP3,9.44
2021-07-05,SUZB3,59.5
2021-07-05,TAEE11,37.71
2021-07-05,TEND3,24.76
2021-07-05,TIMS3,11.38
2021-07-05,TOTS3,37.23
2021-07-05,UGPA3,18.79
2021-07-05,USIM5,19.56
2021-07-05,VALE3,113.17
2021-07-05,VAMO3,62.5
2021-07-05,VIVA3,31.92
2021-07-05,VIVT3,42.1
2021-07-05,WEGE3,34.91
2021-07-05,YDUQ3,32.58
2021-07-06,ABEV3,17.55
2021-07-06,ASAI3,85.7
2021-07-06,AZUL4,42.5
2021-07-06,B3SA3,15.92
2021-07-06,BBAS3,31.46
2021-07-06,BBDC3,20.9
2021-07-06,BBDC4,24.7
2021-07-06,BBSE3,22.6
2021-07-06,BEEF3,9.3
2021-07-06,BPAC11,30.72
2021-07-06,BRAP4,75.75
2021-07-06,BRFS3,26.42
2021-07-06,BRKM5,59.02
2021-07-06,CCRO3,13.3
2021-07-06,CEAB3,13.65
2021-07-06,CMIG4,11.96
2021-07-06,CMIN3,9.15
2021-07-06,COGN3,4.17
2021-07-06,CPFE3,26.7
2021-07-06,CPLE3,5.62
2021-07-06,CPLE6,6.05
2021-07-06,CRFB3,20.64
2021-07-06,CSAN3,24.38
2021-07-06,CSMG3,14.5
2021-07-06,CSNA3,44.59
2021-07-06,CURY3,9.87
2021-07-06,CVCB3,26.29
2021-07-06,CXSE3,12.18
2021-07-06,CYRE3,22.94
2021-07-06,DIRR3,13.14
2021-07-06,EGIE3,39.15
2021-07-06,ELET3,42.64
2021-07-06,ELET6,42.09
2021-07-06,EMBR3,18.69
2021-07-06,ENEV3,16.81
2021-07-06,ENGI11,45.64
2021-07-06,EQTL3,24.3
2021-07-06,FLRY3,24.85
2021-07-06,GGBR4,29.56
2021-07-06,GOAU4,13.76
2021-07-06,HAPV3,14.97
2021-07-06,HYPE3,33.88
2021-07-06,IRBR3,5.64
2021-07-06,ITSA4,11.04
2021-07-06,ITUB4,29.27
2021-07-06,JBSS3,28.68
2021-07-06,KLBN11,26.64
2021-07-06,LREN3,43.3
2021-07-06,LWSA3,25.38
2021-07-06,MGLU3,21.07
2021-07-06,MRFG3,19.04
2021-07-06,MRVE3,15.83
2021-07-06,MULT3,22.9
2021-07-06,NTCO3,59.65
2021-07-06,PCAR3,37.48
2021-07-06,PETR3,28.58
2021-07-06,PETR4,27.67
2021-07-06,PETZ3,24.39
2021-07-06,POMO4,3.56
2021-07-06,PRIO3,20.24
2021-07-06,PSSA3,53.07
2021-07-06,RADL3,24.65
2021-07-06,RAIL3,19.36
2021-07-06,RDOR3,69.86
2021-07-06,RECV3,20.36
2021-07-06,RENT3,62.94
2021-07-06,SANB11,39.83
2021-07-06,SBSP3,35.63
2021-07-06,SLCE3,52.1
2021-07-06,SMTO3,35.9
2021-07-06,STBP3,9.37
2021-07-06,SUZB3,59.37
2021-07-06,TAEE11,37.36
2021-07-06,TEND3,24.25
2021-07-06,TIMS3,11.21
2021-07-06,TOTS3,37.09
2021-07-06,UGPA3,18.5
2021-07-06,USIM5,19.48
2021-07-06,VALE3,113.77
2021-07-06,VAMO3,62.15
2021-07-06,VIVA3,31.79
2021-07-06,VIVT3,41.96
2021-07-06,WEGE3,34.55
2021-07-06,YDUQ3,31.5
2021-07-07,ABEV3,17.77
2021-07-07,ASAI3,86.25
2021-07-07,AZUL4,42.67
2021-07-07,B3SA3,16.27
2021-07-07,BBAS3,31.88
2021-07-07,BBDC3,21.06
2021-07-07,BBDC4,24.88
2021-07-07,BBSE3,22.85
2021-07-07,BEEF3,9.44
2021-07-07,BPAC11,30.97
2021-07-07,BRAP4,76.66
2021-07-07,BRFS3,26.37
2021-07-07,BRKM5,58.83
2021-07-07,CCRO3,13.58
2021-07-07,CEAB3,13.73
2021-07-07,CMIG4,12.08
2021-07-07,CMIN3,9.14
2021-07-07,COGN3,4.17
2021-07-07,CPFE3,26.86
2021-07-07,CPLE3,5.72
2021-07-07,CPLE6,6.08
2021-07-07,CRFB3,20.9
2021-07-07,CSAN3,24.72
2021-07-07,CSMG3,14.62
2021-07-07,CSNA3,46.13
2021-07-07,CURY3,10.11
2021-07-07,CVCB3,26.04
2021-07-07,CXSE3,12.18
2021-07-07,CYRE3,23.23
2021-07-07,DIRR3,13.23
2021-07-07,EGIE3,39.32
2021-07-07,ELET3,43.01
2021-07-07,ELET6,42.67
2021-07-07,EMBR3,18.69
2021-07-07,ENEV3,17.51
2021-07-07,ENGI11,45.94
2021-07-07,EQTL3,24.47
2021-07-07,FLRY3,25.18
2021-07-07,GGBR4,30.0
2021-07-07,GOAU4,13.99
2021-07-07,HAPV3,15.32
2021-07-07,HYPE3,34.34
2021-07-07,IRBR3,5.65
2021-07-07,ITSA4,11.23
2021-07-07,ITUB4,29.68
2021-07-07,JBSS3,29.0
2021-07-07,KLBN11,27.34
2021-07-07,LREN3,44.42
2021-07-07,LWSA3,26.16
2021-07-07,MGLU3,22.01
2021-07-07,MRFG3,19.06
2021-07-07,MRVE3,16.06
2021-07-07,MULT3,23.03
2021-07-07,NTCO3,60.35
2021-07-07,PCAR3,37.33
2021-07-07,PETR3,28.73
2021-07-07,PETR4,28.05
2021-07-07,PETZ3,24.42
2021-07-07,POMO4,3.56
2021-07-07,PRIO3,19.84
2021-07-07,PSSA3,53.76
2021-07-07,RADL3,25.9
2021-07-07,RAIL3,20.27
2021-07-07,RDOR3,70.93
2021-07-07,RECV3,20.2
2021-07-07,RENT3,66.35
2021-07-07,SANB11,40.12
2021-07-07,SBSP3,36.22
2021-07-07,SLCE3,50.27
2021-07-07,SMTO3,35.17
2021-07-07,STBP3,9.65
2021-07-07,SUZB3,60.95
2021-07-07,TAEE11,37.93
2021-07-07,TEND3,24.71
2021-07-07,TIMS3,11.64
2021-07-07,TOTS3,38.3
2021-07-07,UGPA3,19.1
2021-07-07,USIM5,19.77
2021-07-07,VALE3,114.1
2021-07-07,VAMO3,63.0
2021-07-07,VIVA3,31.64
2021-07-07,VIVT3,42.51
2021-07-07,WEGE3,36.06
2021-07-07,YDUQ3,31.48
2021-07-08,ABEV3,17.36
2021-07-08,ASAI3,86.2
2021-07-08,AZUL4,41.21
2021-07-08,B3SA3,16.15
2021-07-08,BBAS3,31.79
2021-07-08,BBDC3,20.76
2021-07-08,BBDC4,24.59
2021-07-08,BBSE3,22.6
2021-07-08,BEEF3,9.35
2021-07-08,BPAC11,30.43
2021-07-08,BRAP4,75.95
2021-07-08,BRFS3,26.3
2021-07-08,BRKM5,58.39
2021-07-08,CCRO3,13.27
2021-07-08,CEAB3,13.59
2021-07-08,CMIG4,11.73
2021-07-08,CMIN3,9.06
2021-07-08,COGN3,4.14
2021-07-08,CPFE3,26.5
2021-07-08,CPLE3,5.55
2021-07-08,CPLE6,5.95
2021-07-08,CRFB3,20.77
2021-07-08,CSAN3,24.65
2021-07-08,CSMG3,14.37
2021-07-08,CSNA3,44.09
2021-07-08,CURY3,9.98
2021-07-08,CVCB3,25.5
2021-07-08,CXSE3,11.8
2021-07-08,CYRE3,22.69
2021-07-08,DIRR3,13.16
2021-07-08,EGIE3,39.18
2021-07-08,ELET3,42.7
2021-07-08,ELET6,42.29
2021-07-08,EMBR3,18.21
2021-07-08,ENEV3,17.32
2021-07-08,ENGI11,45.1
2021-07-08,EQTL3,24.3
2021-07-08,FLRY3,24.72
2021-07-08,GGBR4,29.1
2021-07-08,GOAU4,13.51
2021-07-08,HAPV3,15.0
2021-07-08,HYPE3,33.95
2021-07-08,IRBR3,5.57
2021-07-08,ITSA4,11.17
2021-07-08,ITUB4,29.29
2021-07-08,JBSS3,29.01
2021-07-08,KLBN11,27.0
2021-07-08,LREN3,44.57
2021-07-08,LWSA3,25.23
2021-07-08,MGLU3,21.92
2021-07-08,MRFG3,18.91
2021-07-08,MRVE3,15.98
2021-07-08,MULT3,23.06
2021-07-08,NTCO3,60.1
2021-07-08,PCAR3,37.07
2021-07-08,PETR3,28.16
2021-07-08,PETR4,27.49
2021-07-08,PETZ3,24.88
2021-07-08,POMO4,3.45
2021-07-08,PRIO3,19.58
2021-07-08,PSSA3,52.52
2021-07-08,RADL3,25.63
2021-07-08,RAIL3,20.0
2021-07-08,RDOR3,70.6
2021-07-08,RECV3,19.25
2021-07-08,RENT3,65.51
2021-07-08,SANB11,39.8
2021-07-08,SBSP3,35.45
2021-07-08,SLCE3,48.78
2021-07-08,SMTO3,34.15
2021-07-08,STBP3,9.54
2021-07-08,SUZB3,60.98
2021-07-08,TAEE11,37.38
2021-07-08,TEND3,24.2
2021-07-08,TIMS3,11.24
2021-07-08,TOTS3,37.37
2021-07-08,UGPA3,19.06
2021-07-08,USIM5,19.57
2021-07-08,VALE3,113.66
2021-07-08,VAMO3,62.2
2021-07-08,VIVA3,31.18
2021-07-08,VIVT3,41.65
2021-07-08,WEGE3,34.73
2021-07-08,YDUQ3,31.1
2021-07-12,ABEV3,17.66
2021-07-12,ASAI3,86.55
2021-07-12,AZUL4,42.55
2021-07-12,B3SA3,16.71
2021-07-12,BBAS3,32.6
2021-07-12,BBDC3,21.2
2021-07-12,BBDC4,25.21
2021-07-12,BBSE3,23.17
2021-07-12,BEEF3,9.36
2021-07-12,BPAC11,30.71
2021-07-12,BRAP4,77.1
2021-07-12,BRFS3,26.31
2021-07-12,BRKM5,60.4
2021-07-12,CCRO3,13.61
2021-07-12,CEAB3,13.49
2021-07-12,CMIG4,12.14
2021-07-12,CMIN3,9.16
2021-07-12,COGN3,4.23
2021-07-12,CPFE3,26.95
2021-07-12,CPLE3,5.67
2021-07-12,CPLE6,6.03
2021-07-12,CRFB3,20.55
2021-07-12,CSAN3,26.13
2021-07-12,CSMG3,14.84
2021-07-12,CSNA3,46.81
2021-07-12,CURY3,10.21
2021-07-12,CVCB3,27.36
2021-07-12,CXSE3,11.7
2021-07-12,CYRE3,23.46
2021-07-12,DIRR3,13.45
2021-07-12,EGIE3,39.65
2021-07-12,ELET3,43.62
2021-07-12,ELET6,42.93
2021-07-12,EMBR3,19.7
2021-07-12,ENEV3,17.61
2021-07-12,ENGI11,45.38
2021-07-12,EQTL3,24.6
2021-07-12,FLRY3,24.88
2021-07-12,GGBR4,30.41
2021-07-12,GOAU4,14.16
2021-07-12,HAPV3,15.29
2021-07-12,HYPE3,34.27
2021-07-12,IRBR3,5.64
2021-07-12,ITSA4,11.38
2021-07-12,ITUB4,29.69
2021-07-12,JBSS3,29.25
2021-07-12,KLBN11,27.14
2021-07-12,LREN3,44.89
2021-07-12,LWSA3,25.81
2021-07-12,MGLU3,22.1
2021-07-12,MRFG3,18.74
2021-07-12,MRVE3,16.36
2021-07-12,MULT3,23.8
2021-07-12,NTCO3,61.05
2021-07-12,PCAR3,37.06
2021-07-12,PETR3,28.45
2021-07-12,PETR4,27.73
2021-07-12,PETZ3,24.55
2021-07-12,POMO4,3.43
2021-07-12,PRIO3,19.44
2021-07-12,PSSA3,53.14
2021-07-12,RADL3,25.81
2021-07-12,RAIL3,20.13
2021-07-12,RDOR3,69.95
2021-07-12,RECV3,19.41
2021-07-12,RENT3,66.11
2021-07-12,SANB11,41.3
2021-07-12,SBSP3,36.39
2021-07-12,SLCE3,47.71
2021-07-12,SMTO3,34.98
2021-07-12,STBP3,9.56
2021-07-12,SUZB3,60.45
2021-07-12,TAEE11,37.44
2021-07-12,TEND3,24.74
2021-07-12,TIMS3,11.54
2021-07-12,TOTS3,37.74
2021-07-12,UGPA3,19.39
2021-07-12,USIM5,20.23
2021-07-12,VALE3,115.07
2021-07-12,VAMO3,63.5
2021-07-12,VIVA3,32.13
2021-07-12,VIVT3,42.37
2021-07-12,WEGE3,35.58
2021-07-12,YDUQ3,31.74
2021-07-13,ABEV3,17.8
2021-07-13,ASAI3,88.05
2021-07-13,AZUL4,42.49
2021-07-13,B3SA3,16.95
2021-07-13,BBAS3,32.46
2021-07-13,BBDC3,21.27
2021-07-13,BBDC4,25.19
2021-07-13,BBSE3,22.8
2021-07-13,BEEF3,9.6
2021-07-13,BPAC11,31.15
2021-07-13,BRAP4,79.3
2021-07-13,BRFS3,26.46
2021-07-13,BRKM5,59.8
2021-07-13,CCRO3,13.53
2021-07-13,CEAB3,13.42
2021-07-13,CMIG4,11.89
2021-07-13,CMIN3,9.13
2021-07-13,COGN3,4.25
2021-07-13,CPFE3,26.58
2021-07-13,CPLE3,5.61
2021-07-13,CPLE6,5.99
2021-07-13,CRFB3,20.69
2021-07-13,CSAN3,26.39
2021-07-13,CSMG3,14.63
2021-07-13,CSNA3,47.28
2021-07-13,CURY3,10.0
2021-07-13,CVCB3,27.34
2021-07-13,CXSE3,11.57
2021-07-13,CYRE3,23.38
2021-07-13,DIRR3,13.67
2021-07-13,EGIE3,39.55
2021-07-13,ELET3,43.35
2021-07-13,ELET6,42.7
2021-07-13,EMBR3,19.12
2021-07-13,ENEV3,17.89
2021-07-13,ENGI11,45.18
2021-07-13,EQTL3,24.15
2021-07-13,FLRY3,24.99
2021-07-13,GGBR4,30.53
2021-07-13,GOAU4,14.26
2021-07-13,HAPV3,15.48
2021-07-13,HYPE3,36.45
2021-07-13,IRBR3,5.57
2021-07-13,ITSA4,11.34
2021-07-13,ITUB4,29.87
2021-07-13,JBSS3,29.33
2021-07-13,KLBN11,27.09
2021-07-13,LREN3,45.37
2021-07-13,LWSA3,26.23
2021-07-13,MGLU3,22.49
2021-07-13,MRFG3,18.66
2021-07-13,MRVE3,16.35
2021-07-13,MULT3,24.48
2021-07-13,NTCO3,60.8
2021-07-13,PCAR3,36.59
2021-07-13,PETR3,28.56
2021-07-13,PETR4,27.9
2021-07-13,PETZ3,24.1
2021-07-13,POMO4,3.4
2021-07-13,PRIO3,19.57
2021-07-13,PSSA3,53.19
2021-07-13,RADL3,26.43
2021-07-13,RAIL3,20.4
2021-07-13,RDOR3,69.8
2021-07-13,RECV3,19.2
2021-07-13,RENT3,66.17
2021-07-13,SANB11,41.33
2021-07-13,SBSP3,36.19
2021-07-13,SLCE3,48.03
2021-07-13,SMTO3,35.5
2021-07-13,STBP3,9.93
2021-07-13,SUZB3,59.47
2021-07-13,TAEE11,37.74
2021-07-13,TEND3,24.78
2021-07-13,TIMS3,11.77
2021-07-13,TOTS3,38.09
2021-07-13,UGPA3,19.4
2021-07-13,USIM5,20.5
2021-07-13,VALE3,115.75
2021-07-13,VAMO3,63.22
2021-07-13,VIVA3,32.01
2021-07-13,VIVT3,41.8
2021-07-13,WEGE3,35.18
2021-07-13,YDUQ3,32.37
2021-07-14,ABEV3,17.91
2021-07-14,ASAI3,87.71
2021-07-14,AZUL4,42.55
2021-07-14,B3SA3,17.12
2021-07-14,BBAS3,32.68
2021-07-14,BBDC3,21.54
2021-07-14,BBDC4,25.3
2021-07-14,BBSE3,23.1
2021-07-14,BEEF3,9.55
2021-07-14,BPAC11,31.62
2021-07-14,BRAP4,78.8
2021-07-14,BRFS3,26.23
2021-07-14,BRKM5,62.56
2021-07-14,CCRO3,13.83
2021-07-14,CEAB3,13.45
2021-07-14,CMIG4,12.14
2021-07-14,CMIN3,9.14
2021-07-14,COGN3,4.28
2021-07-14,CPFE3,27.02
2021-07-14,CPLE3,5.65
2021-07-14,CPLE6,5.99
2021-07-14,CRFB3,20.97
2021-07-14,CSAN3,26.97
2021-07-14,CSMG3,14.85
2021-07-14,CSNA3,45.4
2021-07-14,CURY3,10.15
2021-07-14,CVCB3,27.15
2021-07-14,CXSE3,11.41
2021-07-14,CYRE3,23.58
2021-07-14,DIRR3,14.1
2021-07-14,EGIE3,39.69
2021-07-14,ELET3,44.2
2021-07-14,ELET6,43.59
2021-07-14,EMBR3,18.63
2021-07-14,ENEV3,17.99
2021-07-14,ENGI11,45.3
2021-07-14,EQTL3,24.46
2021-07-14,FLRY3,25.17
2021-07-14,GGBR4,30.13
2021-07-14,GOAU4,14.03
2021-07-14,HAPV3,15.37
2021-07-14,HYPE3,35.38
2021-07-14,IRBR3,5.69
2021-07-14,ITSA4,11.36
2021-07-14,ITUB4,29.91
2021-07-14,JBSS3,29.42
2021-07-14,KLBN11,26.69
2021-07-14,LREN3,45.24
2021-07-14,LWSA3,26.05
2021-07-14,MGLU3,22.93
2021-07-14,MRFG3,18.68
2021-07-14,MRVE3,16.72
2021-07-14,MULT3,24.94
2021-07-14,NTCO3,59.92
2021-07-14,PCAR3,36.64
2021-07-14,PETR3,28.37
2021-07-14,PETR4,27.67
2021-07-14,PETZ3,23.94
2021-07-14,POMO4,3.3
2021-07-14,PRIO3,19.35
2021-07-14,PSSA3,53.0
2021-07-14,RADL3,26.5
2021-07-14,RAIL3,20.76
2021-07-14,RDOR3,69.99
2021-07-14,RECV3,19.31
2021-07-14,RENT3,68.58
2021-07-14,SANB11,41.27
2021-07-14,SBSP3,37.04
2021-07-14,SLCE3,47.21
2021-07-14,SMFT3,31.0
2021-07-14,SMTO3,35.18
2021-07-14,STBP3,9.66
2021-07-14,SUZB3,58.78
2021-07-14,TAEE11,37.96
2021-07-14,TEND3,25.06
2021-07-14,TIMS3,11.86
2021-07-14,TOTS3,37.88
2021-07-14,UGPA3,19.67
2021-07-14,USIM5,19.79
2021-07-14,VALE3,115.12
2021-07-14,VAMO3,64.93
2021-07-14,VIVA3,31.99
2021-07-14,VIVT3,41.72
2021-07-14,WEGE3,35.01
2021-07-14,YDUQ3,32.76
2021-07-15,ABEV3,17.62
2021-07-15,ASAI3,86.28
2021-07-15,AZUL4,41.85
2021-07-15,B3SA3,17.0
2021-07-15,BBAS3,32.18
2021-07-15,BBDC3,21.44
2021-07-15,BBDC4,24.92
2021-07-15,BBSE3,22.71
2021-07-15,BEEF3,9.39
2021-07-15,BPAC11,32.19
2021-07-15,BRAP4,79.6
2021-07-15,BRFS3,26.05
2021-07-15,BRKM5,62.09
2021-07-15,CCRO3,13.84
2021-07-15,CEAB3,13.16
2021-07-15,CMIG4,12.02
2021-07-15,CMIN3,9.1
2021-07-15,COGN3,4.19
2021-07-15,CPFE3,26.93
2021-07-15,CPLE3,5.59
2021-07-15,CPLE6,5.95
2021-07-15,CRFB3,20.67
2021-07-15,CSAN3,26.9
2021-07-15,CSMG3,14.55
2021-07-15,CSNA3,46.3
2021-07-15,CURY3,9.98
2021-07-15,CVCB3,26.19
2021-07-15,CXSE3,11.02
2021-07-15,CYRE3,23.19
2021-07-15,DIRR3,13.89
2021-07-15,EGIE3,40.0
2021-07-15,ELET3,43.97
2021-07-15,ELET6,43.61
2021-07-15,EMBR3,18.27
2021-07-15,ENEV3,17.92
2021-07-15,ENGI11,44.53
2021-07-15,EQTL3,24.14
2021-07-15,FLRY3,24.99
2021-07-15,GGBR4,29.93
2021-07-15,GOAU4,14.05
2021-07-15,HAPV3,15.31
2021-07-15,HYPE3,35.0
2021-07-15,IRBR3,5.59
2021-07-15,ITSA4,11.27
2021-07-15,ITUB4,29.55
2021-07-15,JBSS3,28.94
2021-07-15,KLBN11,26.29
2021-07-15,LREN3,44.97
2021-07-15,LWSA3,25.96
2021-07-15,MGLU3,23.72
2021-07-15,MRFG3,18.54
2021-07-15,MRVE3,16.5
2021-07-15,MULT3,24.45
2021-07-15,NTCO3,59.45
2021-07-15,PCAR3,35.55
2021-07-15,PETR3,27.7
2021-07-15,PETR4,27.08
2021-07-15,PETZ3,23.96
2021-07-15,POMO4,3.22
2021-07-15,PRIO3,18.95
2021-07-15,PSSA3,52.62
2021-07-15,RADL3,26.7
2021-07-15,RAIL3,20.53
2021-07-15,RDOR3,68.86
2021-07-15,RECV3,18.59
2021-07-15,RENT3,68.71
2021-07-15,SANB11,40.61
2021-07-15,SBSP3,36.3
2021-07-15,SLCE3,47.31
2021-07-15,SMFT3,31.95
2021-07-15,SMTO3,34.81
2021-07-15,STBP3,9.26
2021-07-15,SUZB3,57.34
2021-07-15,TAEE11,37.94
2021-07-15,TEND3,25.07
2021-07-15,TIMS3,11.87
2021-07-15,TOTS3,38.48
2021-07-15,UGPA3,19.28
2021-07-15,USIM5,19.76
2021-07-15,VALE3,115.48
2021-07-15,VAMO3,64.93
2021-07-15,VIVA3,31.86
2021-07-15,VIVT3,41.25
2021-07-15,WEGE3,34.92
2021-07-15,YDUQ3,32.33
2021-07-16,ABEV3,17.43
2021-07-16,ASAI3,87.44
2021-07-16,AZUL4,40.5
2021-07-16,B3SA3,16.59
2021-07-16,BBAS3,31.79
2021-07-16,BBDC3,21.07
2021-07-16,BBDC4,24.37
2021-07-16,BBSE3,22.5
2021-07-16,BEEF3,9.39
2021-07-16,BPAC11,31.68
2021-07-16,BRAP4,76.27
2021-07-16,BRFS3,25.82
2021-07-16,BRKM5,60.43
2021-07-16,CCRO3,13.94
2021-07-16,CEAB3,12.85
2021-07-16,CMIG4,11.93
2021-07-16,CMIN3,9.1
2021-07-16,COGN3,4.14
2021-07-16,CPFE3,26.55
2021-07-16,CPLE3,5.64
2021-07-16,CPLE6,6.03
2021-07-16,CRFB3,20.65
2021-07-16,CSAN3,26.4
2021-07-16,CSMG3,14.4
2021-07-16,CSNA3,44.7
2021-07-16,CURY3,9.9
2021-07-16,CVCB3,25.67
2021-07-16,CXSE3,10.66
2021-07-16,CYRE3,22.8
2021-07-16,DIRR3,13.8
2021-07-16,EGIE3,39.68
2021-07-16,ELET3,44.2
2021-07-16,ELET6,43.56
2021-07-16,EMBR3,17.54
2021-07-16,ENEV3,17.52
2021-07-16,ENGI11,44.32
2021-07-16,EQTL3,24.22
2021-07-16,FLRY3,25.02
2021-07-16,GGBR4,29.46
2021-07-16,GOAU4,13.75
2021-07-16,HAPV3,15.36
2021-07-16,HYPE3,35.13
2021-07-16,IRBR3,5.58
2021-07-16,ITSA4,11.11
2021-07-16,ITUB4,29.07
2021-07-16,JBSS3,28.62
2021-07-16,KLBN11,26.0
2021-07-16,LREN3,45.03
2021-07-16,LWSA3,26.0
2021-07-16,MGLU3,23.9
2021-07-16,MRFG3,18.83
2021-07-16,MRVE3,16.14
2021-07-16,MULT3,24.17
2021-07-16,NTCO3,59.95
2021-07-16,PCAR3,35.93
2021-07-16,PETR3,27.17
2021-07-16,PETR4,26.68
2021-07-16,PETZ3,23.51
2021-07-16,POMO4,3.19
2021-07-16,PRIO3,18.85
2021-07-16,PSSA3,51.91
2021-07-16,RADL3,27.09
2021-07-16,RAIL3,20.46
2021-07-16,RDOR3,68.55
2021-07-16,RECV3,18.89
2021-07-16,RENT3,67.7
2021-07-16,SANB11,39.9
2021-07-16,SBSP3,37.07
2021-07-16,SLCE3,47.35
2021-07-16,SMFT3,32.2
2021-07-16,SMTO3,34.52
2021-07-16,STBP3,9.09
2021-07-16,SUZB3,56.35
2021-07-16,TAEE11,38.2
2021-07-16,TEND3,25.63
2021-07-16,TIMS3,11.85
2021-07-16,TOTS3,37.88
2021-07-16,UGPA3,19.01
2021-07-16,USIM5,19.33
2021-07-16,VALE3,113.4
2021-07-16,VAMO3,66.0
2021-07-16,VIVA3,32.0
2021-07-16,VIVT3,41.21
2021-07-16,WEGE3,34.29
2021-07-16,YDUQ3,31.99
2021-07-19,ABEV3,17.01
2021-07-19,ASAI3,87.35
2021-07-19,AZUL4,39.27
2021-07-19,B3SA3,16.41
2021-07-19,BBAS3,31.55
2021-07-19,BBDC3,20.78
2021-07-19,BBDC4,24.01
2021-07-19,BBSE3,22.13
2021-07-19,BEEF3,9.36
2021-07-19,BPAC11,31.16
2021-07-19,BRAP4,75.5
2021-07-19,BRFS3,25.77
2021-07-19,BRKM5,59.38
2021-07-19,CCRO3,13.91
2021-07-19,CEAB3,12.67
2021-07-19,CMIG4,11.87
2021-07-19,CMIN3,9.03
2021-07-19,COGN3,4.06
2021-07-19,CPFE3,26.23
2021-07-19,CPLE3,5.6
2021-07-19,CPLE6,6.02
2021-07-19,CRFB3,20.28
2021-07-19,CSAN3,26.14
2021-07-19,CSMG3,14.22
2021-07-19,CSNA3,44.1
2021-07-19,CURY3,9.75
2021-07-19,CVCB3,24.79
2021-07-19,CXSE3,10.33
2021-07-19,CYRE3,22.64
2021-07-19,DIRR3,13.74
2021-07-19,EGIE3,39.39
2021-07-19,ELET3,43.5
2021-07-19,ELET6,43.07
2021-07-19,EMBR3,17.3
2021-07-19,ENEV3,17.32
2021-07-19,ENGI11,44.3
2021-07-19,EQTL3,24.0
2021-07-19,FLRY3,24.91
2021-07-19,GGBR4,29.51
2021-07-19,GOAU4,13.72
2021-07-19,HAPV3,15.21
2021-07-19,HYPE3,34.9
2021-07-19,IRBR3,5.5
2021-07-19,ITSA4,11.02
2021-07-19,ITUB4,28.9
2021-07-19,JBSS3,28.69
2021-07-19,KLBN11,25.68
2021-07-19,LREN3,43.95
2021-07-19,LWSA3,26.36
2021-07-19,MGLU3,23.12
2021-07-19,MRFG3,18.87
2021-07-19,MRVE3,16.08
2021-07-19,MULT3,23.9
2021-07-19,NTCO3,59.55
2021-07-19,PCAR3,35.88
2021-07-19,PETR3,26.85
2021-07-19,PETR4,26.24
2021-07-19,PETZ3,23.39
2021-07-19,POMO4,3.1
2021-07-19,PRIO3,18.2
2021-07-19,PSSA3,52.37
2021-07-19,RADL3,26.59
2021-07-19,RAIL3,20.87
2021-07-19,RDOR3,66.85
2021-07-19,RECV3,18.27
2021-07-19,RENT3,67.25
2021-07-19,SANB11,39.67
2021-07-19,SBSP3,35.91
2021-07-19,SLCE3,44.85
2021-07-19,SMFT3,30.7
2021-07-19,SMTO3,33.72
2021-07-19,STBP3,9.19
2021-07-19,SUZB3,55.86
2021-07-19,TAEE11,38.03
2021-07-19,TEND3,25.4
2021-07-19,TIMS3,11.89
2021-07-19,TOTS3,37.42
2021-07-19,UGPA3,18.76
2021-07-19,USIM5,19.1
2021-07-19,VALE3,112.16
2021-07-19,VAMO3,66.0
2021-07-19,VIVA3,31.64
2021-07-19,VIVT3,41.25
2021-07-19,WEGE3,34.18
2021-07-19,YDUQ3,31.99
2021-07-20,ABEV3,17.03
2021-07-20,ASAI3,86.6
2021-07-20,AZUL4,40.44
2021-07-20,B3SA3,16.42
2021-07-20,BBAS3,32.11
2021-07-20,BBDC3,21.0
2021-07-20,BBDC4,24.38
2021-07-20,BBSE3,22.18
2021-07-20,BEEF3,9.51
2021-07-20,BPAC11,31.55
2021-07-20,BRAP4,76.02
2021-07-20,BRFS3,26.21
2021-07-20,BRKM5,60.11
2021-07-20,CCRO3,13.92
2021-07-20,CEAB3,12.53
2021-07-20,CMIG4,12.14
2021-07-20,CMIN3,9.07
2021-07-20,COGN3,4.07
2021-07-20,CPFE3,26.2
2021-07-20,CPLE3,5.62
2021-07-20,CPLE6,6.01
2021-07-20,CRFB3,20.19
2021-07-20,CSAN3,25.98
2021-07-20,CSMG3,14.18
2021-07-20,CSNA3,44.57
2021-07-20,CURY3,9.78
2021-07-20,CVCB3,24.81
2021-07-20,CXSE3,10.38
2021-07-20,CYRE3,22.44
2021-07-20,DIRR3,13.63
2021-07-20,EGIE3,39.48
2021-07-20,ELET3,43.42
2021-07-20,ELET6,43.04
2021-07-20,EMBR3,18.32
2021-07-20,ENEV3,17.18
2021-07-20,ENGI11,44.5
2021-07-20,EQTL3,24.13
2021-07-20,FLRY3,25.05
2021-07-20,GGBR4,29.63
2021-07-20,GOAU4,13.86
2021-07-20,HAPV3,14.75
2021-07-20,HYPE3,34.5
2021-07-20,IRBR3,5.53
2021-07-20,ITSA4,11.15
2021-07-20,ITUB4,29.28
2021-07-20,JBSS3,30.61
2021-07-20,KLBN11,26.0
2021-07-20,LREN3,43.5
2021-07-20,LWSA3,26.49
2021-07-20,MGLU3,23.37
2021-07-20,MRFG3,19.67
2021-07-20,MRVE3,15.76
2021-07-20,MULT3,24.35
2021-07-20,NTCO3,59.58
2021-07-20,PCAR3,35.68
2021-07-20,PETR3,27.29
2021-07-20,PETR4,26.59
2021-07-20,PETZ3,23.15
2021-07-20,POMO4,3.17
2021-07-20,PRIO3,18.8
2021-07-20,PSSA3,53.03
2021-07-20,RADL3,26.3
2021-07-20,RAIL3,21.35
2021-07-20,RDOR3,66.68
2021-07-20,RECV3,18.5
2021-07-20,RENT3,67.5
2021-07-20,SANB11,40.18
2021-07-20,SBSP3,36.12
2021-07-20,SLCE3,46.73
2021-07-20,SMFT3,30.57
2021-07-20,SMTO3,34.66
2021-07-20,STBP3,9.02
2021-07-20,SUZB3,56.6
2021-07-20,TAEE11,38.55
2021-07-20,TEND3,25.35
2021-07-20,TIMS3,11.82
2021-07-20,TOTS3,37.47
2021-07-20,UGPA3,18.66
2021-07-20,USIM5,19.2
2021-07-20,VALE3,113.1
2021-07-20,VAMO3,67.0
2021-07-20,VIVA3,31.26
2021-07-20,VIVT3,41.16
2021-07-20,WEGE3,34.55
2021-07-20,YDUQ3,32.14
2021-07-21,ABEV3,17.2
2021-07-21,ASAI3,87.05
2021-07-21,AZUL4,40.74
2021-07-21,B3SA3,16.35
2021-07-21,BBAS3,32.43
2021-07-21,BBDC3,21.1
2021-07-21,BBDC4,24.39
2021-07-21,BBSE3,22.15
2021-07-21,BEEF3,9.43
2021-07-21,BPAC11,31.82
2021-07-21,BRAP4,77.03
2021-07-21,BRFS3,26.13
2021-07-21,BRKM5,62.87
2021-07-21,CCRO3,13.85
2021-07-21,CEAB3,12.53
2021-07-21,CMIG4,12.17
2021-07-21,CMIN3,9.01
2021-07-21,COGN3,3.97
2021-07-21,CPFE3,26.37
2021-07-21,CPLE3,5.62
2021-07-21,CPLE6,6.04
2021-07-21,CRFB3,20.07
2021-07-21,CSAN3,26.36
2021-07-21,CSMG3,14.02
2021-07-21,CSNA3,45.56
2021-07-21,CURY3,9.74
2021-07-21,CVCB3,24.89
2021-07-21,CXSE3,10.52
2021-07-21,CYRE3,22.32
2021-07-21,DIRR3,13.53
2021-07-21,EGIE3,39.29
2021-07-21,ELET3,43.18
2021-07-21,ELET6,42.89
2021-07-21,EMBR3,18.87
2021-07-21,ENEV3,16.98
2021-07-21,ENGI11,44.48
2021-07-21,EQTL3,24.49
2021-07-21,FLRY3,24.33
2021-07-21,GGBR4,30.3
2021-07-21,GOAU4,14.13
2021-07-21,HAPV3,14.46
2021-07-21,HYPE3,34.51
2021-07-21,IRBR3,6.0
2021-07-21,ITSA4,11.22
2021-07-21,ITUB4,29.4
2021-07-21,JBSS3,30.45
2021-07-21,KLBN11,25.68
2021-07-21,LREN3,43.19
2021-07-21,LWSA3,26.4
2021-07-21,MGLU3,23.36
2021-07-21,MRFG3,19.48
2021-07-21,MRVE3,15.74
2021-07-21,MULT3,24.26
2021-07-21,NTCO3,60.34
2021-07-21,PCAR3,35.86
2021-07-21,PETR3,27.73
2021-07-21,PETR4,26.96
2021-07-21,PETZ3,22.9
2021-07-21,POMO4,3.14
2021-07-21,PRIO3,19.0
2021-07-21,PSSA3,51.7
2021-07-21,RADL3,26.64
2021-07-21,RAIL3,21.7
2021-07-21,RDOR3,66.27
2021-07-21,RECV3,19.09
2021-07-21,RENT3,66.81
2021-07-21,SANB11,40.6
2021-07-21,SBSP3,35.6
2021-07-21,SLCE3,45.95
2021-07-21,SMFT3,29.99
2021-07-21,SMTO3,34.59
2021-07-21,STBP3,9.07
2021-07-21,SUZB3,56.71
2021-07-21,TAEE11,38.64
2021-07-21,TEND3,25.14
2021-07-21,TIMS3,11.75
2021-07-21,TOTS3,37.24
2021-07-21,UGPA3,18.64
2021-07-21,USIM5,19.68
2021-07-21,VALE3,114.4
2021-07-21,VAMO3,68.2
2021-07-21,VIVA3,31.84
2021-07-21,VIVT3,41.18
2021-07-21,WEGE3,34.45
2021-07-21,YDUQ3,31.62
2021-07-22,ABEV3,17.03
2021-07-22,ASAI3,87.3
2021-07-22,AZUL4,40.2
2021-07-22,B3SA3,16.5
2021-07-22,BBAS3,31.95
2021-07-22,BBDC3,20.89
2021-07-22,BBDC4,24.2
2021-07-22,BBSE3,21.86
2021-07-22,BEEF3,9.36
2021-07-22,BPAC11,31.66
2021-07-22,BRAP4,77.65
2021-07-22,BRFS3,26.23
2021-07-22,BRKM5,62.4
2021-07-22,CCRO3,13.81
2021-07-22,CEAB3,12.68
2021-07-22,CMIG4,12.28
2021-07-22,CMIN3,9.07
2021-07-22,COGN3,3.95
2021-07-22,CPFE3,26.56
2021-07-22,CPLE3,5.72
2021-07-22,CPLE6,6.1
2021-07-22,CRFB3,20.0
2021-07-22,CSAN3,27.2
2021-07-22,CSMG3,14.14
2021-07-22,CSNA3,45.9
2021-07-22,CURY3,9.84
2021-07-22,CVCB3,24.89
2021-07-22,CXSE3,10.79
2021-07-22,CYRE3,22.39
2021-07-22,DIRR3,13.81
2021-07-22,EGIE3,39.68
2021-07-22,ELET3,43.26
2021-07-22,ELET6,43.08
2021-07-22,EMBR3,18.7
2021-07-22,ENEV3,17.18
2021-07-22,ENGI11,45.2
2021-07-22,EQTL3,25.05
2021-07-22,FLRY3,24.47
2021-07-22,GGBR4,30.56
2021-07-22,GOAU4,14.16
2021-07-22,HAPV3,14.55
2021-07-22,HYPE3,35.3
2021-07-22,IRBR3,5.91
2021-07-22,ITSA4,11.09
2021-07-22,ITUB4,29.1
2021-07-22,JBSS3,30.61
2021-07-22,KLBN11,25.77
2021-07-22,LREN3,43.85
2021-07-22,LWSA3,27.85
2021-07-22,MGLU3,23.25
2021-07-22,MRFG3,20.13
2021-07-22,MRVE3,15.79
2021-07-22,MULT3,24.27
2021-07-22,NTCO3,60.62
2021-07-22,PCAR3,35.16
2021-07-22,PETR3,27.77
2021-07-22,PETR4,26.9
2021-07-22,PETZ3,23.4
2021-07-22,POMO4,3.16
2021-07-22,PRIO3,19.06
2021-07-22,PSSA3,51.31
2021-07-22,RADL3,26.84
2021-07-22,RAIL3,21.45
2021-07-22,RDOR3,69.92
2021-07-22,RECV3,19.0
2021-07-22,RENT3,68.3
2021-07-22,SANB11,40.1
2021-07-22,SBSP3,36.27
2021-07-22,SLCE3,46.03
2021-07-22,SMFT3,30.0
2021-07-22,SMTO3,34.53
2021-07-22,STBP3,9.5
2021-07-22,SUZB3,57.0
2021-07-22,TAEE11,38.59
2021-07-22,TEND3,25.11
2021-07-22,TIMS3,11.82
2021-07-22,TOTS3,38.1
2021-07-22,UGPA3,18.6
2021-07-22,USIM5,19.92
2021-07-22,VALE3,114.7
2021-07-22,VAMO3,71.44
2021-07-22,VIVA3,32.12
2021-07-22,VIVT3,41.2
2021-07-22,WEGE3,35.1
2021-07-22,YDUQ3,31.33
2021-07-23,ABEV3,16.75
2021-07-23,ASAI3,87.5
2021-07-23,AZUL4,39.7
2021-07-23,B3SA3,16.35
2021-07-23,BBAS3,31.78
2021-07-23,BBDC3,20.69
2021-07-23,BBDC4,23.95
2021-07-23,BBSE3,22.0
2021-07-23,BEEF3,9.44
2021-07-23,BPAC11,31.68
2021-07-23,BRAP4,76.34
2021-07-23,BRFS3,25.63
2021-07-23,BRKM5,58.93
2021-07-23,CCRO3,13.66
2021-07-23,CEAB3,12.75
2021-07-23,CMIG4,12.16
2021-07-23,CMIN3,9.04
2021-07-23,COGN3,3.87
2021-07-23,CPFE3,26.15
2021-07-23,CPLE3,5.68
2021-07-23,CPLE6,6.05
2021-07-23,CRFB3,19.71
2021-07-23,CSAN3,27.0
2021-07-23,CSMG3,14.11
2021-07-23,CSNA3,45.74
2021-07-23,CURY3,9.58
2021-07-23,CVCB3,24.24
2021-07-23,CXSE3,11.44
2021-07-23,CYRE3,21.9
2021-07-23,DIRR3,13.44
2021-07-23,EGIE3,39.0
2021-07-23,ELET3,42.32
2021-07-23,ELET6,42.1
2021-07-23,EMBR3,18.51
2021-07-23,ENEV3,16.85
2021-07-23,ENGI11,44.33
2021-07-23,EQTL3,24.45
2021-07-23,FLRY3,24.49
2021-07-23,GGBR4,30.74
2021-07-23,GOAU4,14.29
2021-07-23,HAPV3,14.59
2021-07-23,HYPE3,36.27
2021-07-23,IRBR3,5.78
2021-07-23,ITSA4,11.08
2021-07-23,ITUB4,29.02
2021-07-23,JBSS3,30.66
2021-07-23,KLBN11,25.65
2021-07-23,LREN3,43.31
2021-07-23,LWSA3,27.63
2021-07-23,MGLU3,22.6
2021-07-23,MRFG3,20.08
2021-07-23,MRVE3,15.41
2021-07-23,MULT3,23.71
2021-07-23,NTCO3,60.29
2021-07-23,PCAR3,33.91
2021-07-23,PETR3,27.4
2021-07-23,PETR4,26.74
2021-07-23,PETZ3,23.58
2021-07-23,POMO4,3.1
2021-07-23,PRIO3,18.95
2021-07-23,PSSA3,51.67
2021-07-23,RADL3,26.55
2021-07-23,RAIL3,21.35
2021-07-23,RDOR3,69.2
2021-07-23,RECV3,19.0
2021-07-23,RENT3,68.32
2021-07-23,SANB11,40.05
2021-07-23,SBSP3,35.74
2021-07-23,SLCE3,45.96
2021-07-23,SMFT3,29.5
2021-07-23,SMTO3,34.38
2021-07-23,STBP3,9.49
2021-07-23,SUZB3,56.36
2021-07-23,TAEE11,38.16
2021-07-23,TEND3,24.56
2021-07-23,TIMS3,11.81
2021-07-23,TOTS3,37.54
2021-07-23,UGPA3,18.36
2021-07-23,USIM5,20.2
2021-07-23,VALE3,114.12
2021-07-23,VAMO3,71.77
2021-07-23,VIVA3,31.79
2021-07-23,VIVT3,40.97
2021-07-23,WEGE3,34.8
2021-07-23,YDUQ3,30.8
2021-07-26,ABEV3,17.09
2021-07-26,ASAI3,90.2
2021-07-26,AZUL4,40.78
2021-07-26,B3SA3,16.41
2021-07-26,BBAS3,32.27
2021-07-26,BBDC3,20.84
2021-07-26,BBDC4,24.15
2021-07-26,BBSE3,21.94
2021-07-26,BEEF3,9.44
2021-07-26,BPAC11,32.27
2021-07-26,BRAP4,79.02
2021-07-26,BRFS3,25.98
2021-07-26,BRKM5,60.25
2021-07-26,CCRO3,13.65
2021-07-26,CEAB3,12.5
2021-07-26,CMIG4,12.09
2021-07-26,CMIN3,9.2
2021-07-26,COGN3,3.79
2021-07-26,CPFE3,25.99
2021-07-26,CPLE3,5.68
2021-07-26,CPLE6,6.03
2021-07-26,CRFB3,19.88
2021-07-26,CSAN3,26.59
2021-07-26,CSMG3,14.05
2021-07-26,CSNA3,47.36
2021-07-26,CURY3,9.45
2021-07-26,CVCB3,24.18
2021-07-26,CXSE3,11.92
2021-07-26,CYRE3,21.56
2021-07-26,DIRR3,13.09
2021-07-26,EGIE3,38.9
2021-07-26,ELET3,42.3
2021-07-26,ELET6,41.87
2021-07-26,EMBR3,19.16
2021-07-26,ENEV3,16.57
2021-07-26,ENGI11,44.0
2021-07-26,EQTL3,24.53
2021-07-26,FLRY3,24.13
2021-07-26,GGBR4,31.8
2021-07-26,GOAU4,14.65
2021-07-26,HAPV3,14.3
2021-07-26,HYPE3,36.25
2021-07-26,IRBR3,5.88
2021-07-26,ITSA4,11.18
2021-07-26,ITUB4,29.53
2021-07-26,JBSS3,31.44
2021-07-26,KLBN11,25.93
2021-07-26,LREN3,42.54
2021-07-26,LWSA3,27.23
2021-07-26,MGLU3,22.04
2021-07-26,MRFG3,20.38
2021-07-26,MRVE3,15.21
2021-07-26,MULT3,23.63
2021-07-26,NTCO3,60.13
2021-07-26,PCAR3,34.55
2021-07-26,PETR3,27.95
2021-07-26,PETR4,27.47
2021-07-26,PETZ3,23.09
2021-07-26,POMO4,3.09
2021-07-26,PRIO3,18.75
2021-07-26,PSSA3,51.6
2021-07-26,RADL3,26.13
2021-07-26,RAIL3,21.27
2021-07-26,RDOR3,67.13
2021-07-26,RECV3,18.56
2021-07-26,RENT3,68.02
2021-07-26,SANB11,40.95
2021-07-26,SBSP3,35.39
2021-07-26,SLCE3,45.64
2021-07-26,SMFT3,28.77
2021-07-26,SMTO3,34.01
2021-07-26,STBP3,9.5
2021-07-26,SUZB3,56.64
2021-07-26,TAEE11,37.81
2021-07-26,TEND3,23.77
2021-07-26,TIMS3,11.55
2021-07-26,TOTS3,37.88
2021-07-26,UGPA3,18.22
2021-07-26,USIM5,20.92
2021-07-26,VALE3,116.6
2021-07-26,VAMO3,70.85
2021-07-26,VIVA3,31.25
2021-07-26,VIVT3,40.91
2021-07-26,WEGE3,34.65
2021-07-26,YDUQ3,30.44
2021-07-27,ABEV3,16.92
2021-07-27,ASAI3,89.0
2021-07-27,AZUL4,39.67
2021-07-27,B3SA3,16.1
2021-07-27,BBAS3,32.42
2021-07-27,BBDC3,20.89
2021-07-27,BBDC4,24.34
2021-07-27,BBSE3,21.54
2021-07-27,BEEF3,9.27
2021-07-27,BPAC11,31.67
2021-07-27,BRAP4,77.54
2021-07-27,BRFS3,25.62
2021-07-27,BRKM5,58.0
2021-07-27,CCRO3,13.5
2021-07-27,CEAB3,12.48
2021-07-27,CMIG4,12.13
2021-07-27,CMIN3,9.17
2021-07-27,COGN3,3.73
2021-07-27,CPFE3,26.48
2021-07-27,CPLE3,5.72
2021-07-27,CPLE6,6.07
2021-07-27,CRFB3,19.8
2021-07-27,CSAN3,26.31
2021-07-27,CSMG3,13.99
2021-07-27,CSNA3,46.88
2021-07-27,CURY3,9.24
2021-07-27,CVCB3,22.92
2021-07-27,CXSE3,11.4
2021-07-27,CYRE3,21.4
2021-07-27,DIRR3,12.81
2021-07-27,EGIE3,38.79
2021-07-27,ELET3,42.49
2021-07-27,ELET6,42.04
2021-07-27,EMBR3,18.92
2021-07-27,ENEV3,16.63
2021-07-27,ENGI11,44.25
2021-07-27,EQTL3,24.64
2021-07-27,FLRY3,23.91
2021-07-27,GGBR4,30.66
2021-07-27,GOAU4,14.28
2021-07-27,HAPV3,14.35
2021-07-27,HYPE3,35.4
2021-07-27,IRBR3,5.74
2021-07-27,ITSA4,11.25
2021-07-27,ITUB4,29.82
2021-07-27,JBSS3,31.44
2021-07-27,KLBN11,25.42
2021-07-27,LREN3,41.99
2021-07-27,LWSA3,26.16
2021-07-27,MGLU3,21.45
2021-07-27,MRFG3,20.04
2021-07-27,MRVE3,14.92
2021-07-27,MULT3,22.96
2021-07-27,NTCO3,58.75
2021-07-27,PCAR3,34.16
2021-07-27,PETR3,27.83
2021-07-27,PETR4,27.15
2021-07-27,PETZ3,22.48
2021-07-27,POMO4,3.06
2021-07-27,PRIO3,17.95
2021-07-27,PSSA3,51.23
2021-07-27,RADL3,26.07
2021-07-27,RAIL3,20.8
2021-07-27,RDOR3,67.36
2021-07-27,RECV3,18.19
2021-07-27,RENT3,66.81
2021-07-27,SANB11,41.2
2021-07-27,SBSP3,35.46
2021-07-27,SLCE3,45.26
2021-07-27,SMFT3,28.4
2021-07-27,SMTO3,33.5
2021-07-27,STBP3,9.2
2021-07-27,SUZB3,56.09
2021-07-27,TAEE11,37.86
2021-07-27,TEND3,23.3
2021-07-27,TIMS3,11.46
2021-07-27,TOTS3,36.87
2021-07-27,UGPA3,18.09
2021-07-27,USIM5,20.23
2021-07-27,VALE3,114.18
2021-07-27,VAMO3,69.3
2021-07-27,VIVA3,30.49
2021-07-27,VIVT3,40.79
2021-07-27,WEGE3,34.39
2021-07-27,YDUQ3,29.82
2021-07-28,ABEV3,17.33
2021-07-28,ASAI3,88.08
2021-07-28,AZUL4,40.68
2021-07-28,B3SA3,15.84
2021-07-28,BBAS3,32.9
2021-07-28,BBDC3,21.29
2021-07-28,BBDC4,24.91
2021-07-28,BBSE3,21.73
2021-07-28,BEEF3,9.33
2021-07-28,BPAC11,31.02
2021-07-28,BRAP4,79.59
2021-07-28,BRFS3,26.44
2021-07-28,BRKM5,59.1
2021-07-28,CCRO3,13.63
2021-07-28,CEAB3,12.36
2021-07-28,CMIG4,12.37
2021-07-28,CMIN3,9.11
2021-07-28,COGN3,3.82
2021-07-28,CPFE3,26.48
2021-07-28,CPLE3,5.78
2021-07-28,CPLE6,6.17
2021-07-28,CRFB3,19.54
2021-07-28,CSAN3,26.82
2021-07-28,CSMG3,14.11
2021-07-28,CSNA3,45.57
2021-07-28,CURY3,9.32
2021-07-28,CVCB3,23.44
2021-07-28,CXSE3,11.27
2021-07-28,CYRE3,21.74
2021-07-28,DIRR3,12.9
2021-07-28,EGIE3,39.0
2021-07-28,ELET3,42.7
2021-07-28,ELET6,42.67
2021-07-28,EMBR3,19.37
2021-07-28,ENEV3,16.79
2021-07-28,ENGI11,44.47
2021-07-28,EQTL3,25.0
2021-07-28,FLRY3,24.33
2021-07-28,GGBR4,30.73
2021-07-28,GOAU4,14.27
2021-07-28,HAPV3,14.61
2021-07-28,HYPE3,36.2
2021-07-28,IRBR3,5.81
2021-07-28,ITSA4,11.55
2021-07-28,ITUB4,30.79
2021-07-28,JBSS3,31.92
2021-07-28,KLBN11,25.27
2021-07-28,LREN3,42.06
2021-07-28,LWSA3,25.87
2021-07-28,MGLU3,21.53
2021-07-28,MRFG3,20.07
2021-07-28,MRVE3,14.82
2021-07-28,MULT3,22.93
2021-07-28,NTCO3,55.0
2021-07-28,PCAR3,33.93
2021-07-28,PETR3,28.34
2021-07-28,PETR4,27.71
2021-07-28,PETZ3,22.38
2021-07-28,POMO4,3.07
2021-07-28,PRIO3,18.0
2021-07-28,PSSA3,51.74
2021-07-28,RADL3,26.37
2021-07-28,RAIL3,21.11
2021-07-28,RDOR3,67.72
2021-07-28,RECV3,17.81
2021-07-28,RENT3,66.14
2021-07-28,SANB11,41.63
2021-07-28,SBSP3,36.15
2021-07-28,SLCE3,46.12
2021-07-28,SMFT3,27.84
2021-07-28,SMTO3,33.47
2021-07-28,STBP3,9.3
2021-07-28,SUZB3,55.72
2021-07-28,TAEE11,38.41
2021-07-28,TEND3,22.94
2021-07-28,TIMS3,11.56
2021-07-28,TOTS3,36.4
2021-07-28,UGPA3,18.4
2021-07-28,USIM5,20.19
2021-07-28,VALE3,117.3
2021-07-28,VAMO3,71.86
2021-07-28,VIVA3,31.2
2021-07-28,VIVT3,41.44
2021-07-28,WEGE3,37.2
2021-07-28,YDUQ3,30.13
2021-07-29,ABEV3,17.13
2021-07-29,ASAI3,87.2
2021-07-29,AZUL4,40.13
2021-07-29,B3SA3,15.81
2021-07-29,BBAS3,32.38
2021-07-29,BBDC3,21.18
2021-07-29,BBDC4,24.67
2021-07-29,BBSE3,21.63
2021-07-29,BEEF3,9.3
2021-07-29,BPAC11,30.65
2021-07-29,BRAP4,78.4
2021-07-29,BRFS3,26.07
2021-07-29,BRKM5,59.36
2021-07-29,CCRO3,13.45
2021-07-29,CEAB3,12.28
2021-07-29,CMIG4,12.1
2021-07-29,CMIN3,9.48
2021-07-29,COGN3,3.71
2021-07-29,CPFE3,25.85
2021-07-29,CPLE3,5.84
2021-07-29,CPLE6,6.21
2021-07-29,CRFB3,19.24
2021-07-29,CSAN3,26.45
2021-07-29,CSMG3,14.04
2021-07-29,CSNA3,48.13
2021-07-29,CURY3,9.31
2021-07-29,CVCB3,22.99
2021-07-29,CXSE3,11.34
2021-07-29,CYRE3,21.32
2021-07-29,DIRR3,12.87
2021-07-29,EGIE3,38.27
2021-07-29,ELET3,42.29
2021-07-29,ELET6,41.97
2021-07-29,EMBR3,19.42
2021-07-29,ENEV3,16.85
2021-07-29,ENGI11,43.88
2021-07-29,EQTL3,25.04
2021-07-29,FLRY3,24.06
2021-07-29,GGBR4,31.4
2021-07-29,GOAU4,14.59
2021-07-29,HAPV3,14.66
2021-07-29,HYPE3,36.48
2021-07-29,IRBR3,5.72
2021-07-29,ITSA4,11.44
2021-07-29,ITUB4,30.63
2021-07-29,JBSS3,31.94
2021-07-29,KLBN11,25.19
2021-07-29,LREN3,42.13
2021-07-29,LWSA3,25.55
2021-07-29,MGLU3,21.72
2021-07-29,MRFG3,20.09
2021-07-29,MRVE3,14.68
2021-07-29,MULT3,24.16
2021-07-29,NTCO3,55.25
2021-07-29,PCAR3,31.42
2021-07-29,PETR3,28.23
2021-07-29,PETR4,27.81
2021-07-29,PETZ3,22.46
2021-07-29,POMO4,3.07
2021-07-29,PRIO3,18.38
2021-07-29,PSSA3,52.03
2021-07-29,RADL3,26.0
2021-07-29,RAIL3,20.91
2021-07-29,RDOR3,69.41
2021-07-29,RECV3,18.29
2021-07-29,RENT3,67.09
2021-07-29,SANB11,41.03
2021-07-29,SBSP3,35.75
2021-07-29,SLCE3,46.14
2021-07-29,SMFT3,28.0
2021-07-29,SMTO3,33.33
2021-07-29,STBP3,9.34
2021-07-29,SUZB3,55.75
2021-07-29,TAEE11,38.1
2021-07-29,TEND3,23.03
2021-07-29,TIMS3,11.49
2021-07-29,TOTS3,35.49
2021-07-29,UGPA3,18.45
2021-07-29,USIM5,20.84
2021-07-29,VALE3,115.57
2021-07-29,VAMO3,72.8
2021-07-29,VIVA3,31.2
2021-07-29,VIVT3,41.05
2021-07-29,WEGE3,36.13
2021-07-29,YDUQ3,29.54
2021-07-30,ABEV3,16.64
2021-07-30,ASAI3,86.68
2021-07-30,AZUL4,38.9
2021-07-30,B3SA3,15.25
2021-07-30,BBAS3,31.63
2021-07-30,BBDC3,20.65
2021-07-30,BBDC4,24.25
2021-07-30,BBSE3,21.37
2021-07-30,BEEF3,8.97
2021-07-30,BPAC11,29.26
2021-07-30,BRAP4,73.96
2021-07-30,BRFS3,25.62
2021-07-30,BRKM5,57.75
2021-07-30,CCRO3,13.0
2021-07-30,CEAB3,11.85
2021-07-30,CMIG4,11.94
2021-07-30,CMIN3,9.2
2021-07-30,COGN3,3.64
2021-07-30,CPFE3,25.32
2021-07-30,CPLE3,5.74
2021-07-30,CPLE6,6.12
2021-07-30,CRFB3,18.99
2021-07-30,CSAN3,25.55
2021-07-30,CSMG3,13.86
2021-07-30,CSNA3,46.75
2021-07-30,CURY3,9.12
2021-07-30,CVCB3,22.3
2021-07-30,CXSE3,10.96
2021-07-30,CYRE3,20.85
2021-07-30,DIRR3,12.71
2021-07-30,EGIE3,37.93
2021-07-30,ELET3,40.25
2021-07-30,ELET6,40.55
2021-07-30,EMBR3,18.59
2021-07-30,ENEV3,16.46
2021-07-30,ENGI11,42.75
2021-07-30,EQTL3,24.2
2021-07-30,FLRY3,23.36
2021-07-30,GGBR4,30.8
2021-07-30,GOAU4,14.25
2021-07-30,HAPV3,14.23
2021-07-30,HYPE3,35.65
2021-07-30,IRBR3,5.68
2021-07-30,ITSA4,11.17
2021-07-30,ITUB4,30.3
2021-07-30,JBSS3,32.05
2021-07-30,KLBN11,24.46
2021-07-30,LREN3,41.3
2021-07-30,LWSA3,24.91
2021-07-30,MGLU3,20.6
2021-07-30,MRFG3,19.61
2021-07-30,MRVE3,14.34
2021-07-30,MULT3,23.35
2021-07-30,NTCO3,53.75
2021-07-30,PCAR3,31.03
2021-07-30,PETR3,27.5
2021-07-30,PETR4,26.91
2021-07-30,PETZ3,22.84
2021-07-30,POMO4,3.01
2021-07-30,PRIO3,17.85
2021-07-30,PSSA3,51.66
2021-07-30,RADL3,25.24
2021-07-30,RAIL3,20.66
2021-07-30,RDOR3,69.0
2021-07-30,RECV3,17.89
2021-07-30,RENT3,62.15
2021-07-30,SANB11,40.54
2021-07-30,SBSP3,35.46
2021-07-30,SLCE3,45.0
2021-07-30,SMFT3,27.49
2021-07-30,SMTO3,32.07
2021-07-30,STBP3,9.06
2021-07-30,SUZB3,54.07
2021-07-30,TAEE11,38.0
2021-07-30,TEND3,22.43
2021-07-30,TIMS3,11.32
2021-07-30,TOTS3,35.36
2021-07-30,UGPA3,17.68
2021-07-30,USIM5,20.57
2021-07-30,VALE3,108.76
2021-07-30,VAMO3,73.61
2021-07-30,VIVA3,31.2
2021-07-30,VIVT3,41.21
2021-07-30,WEGE3,35.71
2021-07-30,YDUQ3,28.26
2021-08-02,ABEV3,16.86
2021-08-02,ASAI3,86.66
2021-08-02,AZUL4,38.68
2021-08-02,B3SA3,15.62
2021-08-02,BBAS3,32.06
2021-08-02,BBDC3,20.82
2021-08-02,BBDC4,24.4
2021-08-02,BBSE3,21.0
2021-08-02,BEEF3,8.99
2021-08-02,BPAC11,29.54
2021-08-02,BRAP4,73.93
2021-08-02,BRFS3,25.47
2021-08-02,BRKM5,58.23
2021-08-02,CCRO3,13.09
2021-08-02,CEAB3,11.9
2021-08-02,CMIG4,11.87
2021-08-02,CMIN3,8.95
2021-08-02,COGN3,3.64
2021-08-02,CPFE3,25.42
2021-08-02,CPLE3,5.83
2021-08-02,CPLE6,6.35
2021-08-02,CRFB3,18.87
2021-08-02,CSAN3,25.75
2021-08-02,CSMG3,13.93
2021-08-02,CSNA3,44.84
2021-08-02,CURY3,9.26
2021-08-02,CVCB3,21.85
2021-08-02,CXSE3,10.92
2021-08-02,CYRE3,20.9
2021-08-02,DIRR3,12.95
2021-08-02,EGIE3,37.73
2021-08-02,ELET3,40.31
2021-08-02,ELET6,40.57
2021-08-02,EMBR3,18.89
2021-08-02,ENEV3,16.94
2021-08-02,ENGI11,43.34
2021-08-02,EQTL3,24.39
2021-08-02,FLRY3,23.9
2021-08-02,GGBR4,30.73
2021-08-02,GOAU4,14.21
2021-08-02,HAPV3,14.48
2021-08-02,HYPE3,37.0
2021-08-02,IRBR3,5.67
2021-08-02,ITSA4,11.39
2021-08-02,ITUB4,30.47
2021-08-02,JBSS3,32.85
2021-08-02,KLBN11,24.4
2021-08-02,LREN3,41.68
2021-08-02,LWSA3,25.28
2021-08-02,MGLU3,20.63
2021-08-02,MRFG3,19.8
2021-08-02,MRVE3,14.4
2021-08-02,MULT3,24.02
2021-08-02,NTCO3,53.59
2021-08-02,PCAR3,30.97
2021-08-02,PETR3,27.24
2021-08-02,PETR4,26.41
2021-08-02,PETZ3,23.61
2021-08-02,POMO4,3.14
2021-08-02,PRIO3,17.59
2021-08-02,PSSA3,54.04
2021-08-02,RADL3,25.44
2021-08-02,RAIL3,20.82
2021-08-02,RDOR3,70.25
2021-08-02,RECV3,18.25
2021-08-02,RENT3,61.17
2021-08-02,SANB11,40.6
2021-08-02,SBSP3,35.82
2021-08-02,SLCE3,45.75
2021-08-02,SMFT3,27.8
2021-08-02,SMTO3,31.49
2021-08-02,STBP3,8.97
2021-08-02,SUZB3,54.52
2021-08-02,TAEE11,39.55
2021-08-02,TEND3,22.6
2021-08-02,TIMS3,11.5
2021-08-02,TOTS3,36.97
2021-08-02,UGPA3,17.46
2021-08-02,USIM5,20.43
2021-08-02,VALE3,108.93
2021-08-02,VAMO3,72.96
2021-08-02,VIVA3,31.27
2021-08-02,VIVT3,41.46
2021-08-02,WEGE3,36.65
2021-08-02,YDUQ3,28.48
2021-08-03,ABEV3,17.07
2021-08-03,ASAI3,86.7
2021-08-03,AZUL4,38.65
2021-08-03,B3SA3,16.01
2021-08-03,BBAS3,31.88
2021-08-03,BBDC3,20.94
2021-08-03,BBDC4,24.52
2021-08-03,BBSE3,21.54
2021-08-03,BEEF3,8.85
2021-08-03,BPAC11,30.0
2021-08-03,BRAP4,76.13
2021-08-03,BRFS3,25.3
2021-08-03,BRKM5,58.02
2021-08-03,CCRO3,13.16
2021-08-03,CEAB3,11.75
2021-08-03,CMIG4,11.95
2021-08-03,CMIN3,8.71
2021-08-03,COGN3,3.6
2021-08-03,CPFE3,25.53
2021-08-03,CPLE3,5.74
2021-08-03,CPLE6,6.3
2021-08-03,CRFB3,19.12
2021-08-03,CSAN3,25.59
2021-08-03,CSMG3,14.03
2021-08-03,CSNA3,44.95
2021-08-03,CURY3,9.21
2021-08-03,CVCB3,21.59
2021-08-03,CXSE3,10.88
2021-08-03,CYRE3,20.53
2021-08-03,DIRR3,12.79
2021-08-03,EGIE3,37.8
2021-08-03,ELET3,40.53
2021-08-03,ELET6,40.66
2021-08-03,EMBR3,18.92
2021-08-03,ENEV3,16.8
2021-08-03,ENGI11,43.5
2021-08-03,EQTL3,24.45
2021-08-03,FLRY3,23.74
2021-08-03,GGBR4,31.55
2021-08-03,GOAU4,14.55
2021-08-03,HAPV3,14.5
2021-08-03,HYPE3,36.77
2021-08-03,IRBR3,5.67
2021-08-03,ITSA4,11.53
2021-08-03,ITUB4,30.77
2021-08-03,JBSS3,32.89
2021-08-03,KLBN11,24.49
2021-08-03,LREN3,41.94
2021-08-03,LWSA3,25.36
2021-08-03,MGLU3,20.43
2021-08-03,MRFG3,19.5
2021-08-03,MRVE3,14.08
2021-08-03,MULT3,23.8
2021-08-03,NTCO3,54.47
2021-08-03,PCAR3,30.74
2021-08-03,PETR3,27.7
2021-08-03,PETR4,26.85
2021-08-03,PETZ3,24.94
2021-08-03,POMO4,2.95
2021-08-03,PRIO3,17.9
2021-08-03,PSSA3,53.88
2021-08-03,RADL3,25.77
2021-08-03,RAIL3,20.73
2021-08-03,RDOR3,71.69
2021-08-03,RECV3,18.3
2021-08-03,RENT3,61.11
2021-08-03,SANB11,40.85
2021-08-03,SBSP3,35.87
2021-08-03,SLCE3,45.45
2021-08-03,SMFT3,28.04
2021-08-03,SMTO3,31.74
2021-08-03,STBP3,9.3
2021-08-03,SUZB3,54.95
2021-08-03,TAEE11,39.23
2021-08-03,TEND3,22.03
2021-08-03,TIMS3,11.43
2021-08-03,TOTS3,36.5
2021-08-03,UGPA3,17.44
2021-08-03,USIM5,20.45
2021-08-03,VALE3,112.64
2021-08-03,VAMO3,72.42
2021-08-03,VIVA3,31.54
2021-08-03,VIVT3,41.94
2021-08-03,WEGE3,36.42
2021-08-03,YDUQ3,28.0
2021-08-04,ABEV3,16.63
2021-08-04,ASAI3,87.08
2021-08-04,AZUL4,37.74
2021-08-04,B3SA3,15.94
2021-08-04,BBAS3,31.41
2021-08-04,BBDC3,20.2
2021-08-04,BBDC4,23.45
2021-08-04,BBSE3,21.47
2021-08-04,BEEF3,8.7
2021-08-04,BPAC11,29.87
2021-08-04,BRAP4,76.35
2021-08-04,BRFS3,24.79
2021-08-04,BRKM5,57.82
2021-08-04,CCRO3,12.73
2021-08-04,CEAB3,11.65
2021-08-04,CMIG4,11.8
2021-08-04,CMIN3,8.75
2021-08-04,COGN3,3.56
2021-08-04,CPFE3,25.64
2021-08-04,CPLE3,5.77
2021-08-04,CPLE6,6.34
2021-08-04,CRFB3,19.06
2021-08-04,CSAN3,24.55
2021-08-04,CSMG3,14.3
2021-08-04,CSNA3,45.43
2021-08-04,CURY3,8.87
2021-08-04,CVCB3,20.94
2021-08-04,CXSE3,10.63
2021-08-04,CYRE3,20.22
2021-08-04,DIRR3,12.95
2021-08-04,EGIE3,37.82
2021-08-04,ELET3,40.46
2021-08-04,ELET6,40.31
2021-08-04,EMBR3,18.32
2021-08-04,ENEV3,16.97
2021-08-04,ENGI11,42.82
2021-08-04,EQTL3,24.23
2021-08-04,FLRY3,23.19
2021-08-04,GGBR4,31.61
2021-08-04,GOAU4,14.64
2021-08-04,HAPV3,14.36
2021-08-04,HYPE3,36.88
2021-08-04,IRBR3,5.6
2021-08-04,ITSA4,11.27
2021-08-04,ITUB4,29.91
2021-08-04,JBSS3,32.61
2021-08-04,KLBN11,24.99
2021-08-04,LREN3,41.48
2021-08-04,LWSA3,25.19
2021-08-04,MGLU3,19.96
2021-08-04,MRFG3,19.06
2021-08-04,MRVE3,14.05
2021-08-04,MULT3,23.51
2021-08-04,NTCO3,55.15
2021-08-04,PCAR3,29.94
2021-08-04,PETR3,26.7
2021-08-04,PETR4,26.28
2021-08-04,PETZ3,25.54
2021-08-04,POMO4,2.97
2021-08-04,PRIO3,17.3
2021-08-04,PSSA3,53.44
2021-08-04,RADL3,25.43
2021-08-04,RAIL3,20.29
2021-08-04,RDOR3,70.48
2021-08-04,RECV3,17.38
2021-08-04,RENT3,59.16
2021-08-04,SANB11,40.27
2021-08-04,SBSP3,35.38
2021-08-04,SLCE3,43.55
2021-08-04,SMFT3,28.4
2021-08-04,SMTO3,31.46
2021-08-04,STBP3,9.0
2021-08-04,SUZB3,55.1
2021-08-04,TAEE11,39.32
2021-08-04,TEND3,21.95
2021-08-04,TIMS3,11.41
2021-08-04,TOTS3,36.94
2021-08-04,UGPA3,17.31
2021-08-04,USIM5,21.39
2021-08-04,VALE3,112.52
2021-08-04,VAMO3,70.2
2021-08-04,VIVA3,31.05
2021-08-04,VIVT3,41.6
2021-08-04,WEGE3,36.07
2021-08-04,YDUQ3,27.65
2021-08-05,ABEV3,16.62
2021-08-05,ASAI3,87.0
2021-08-05,AZUL4,37.78
2021-08-05,B3SA3,15.71
2021-08-05,BBAS3,30.85
2021-08-05,BBDC3,19.86
2021-08-05,BBDC4,23.2
2021-08-05,BBSE3,21.23
2021-08-05,BEEF3,8.57
2021-08-05,BPAC11,29.72
2021-08-05,BRAP4,72.45
2021-08-05,BRFS3,24.55
2021-08-05,BRKM5,55.41
2021-08-05,CCRO3,12.64
2021-08-05,CEAB3,11.53
2021-08-05,CMIG4,11.61
2021-08-05,CMIN3,8.5
2021-08-05,COGN3,3.48
2021-08-05,CPFE3,25.01
2021-08-05,CPLE3,5.78
2021-08-05,CPLE6,6.38
2021-08-05,CRFB3,18.86
2021-08-05,CSAN3,24.33
2021-08-05,CSMG3,13.9
2021-08-05,CSNA3,43.63
2021-08-05,CURY3,8.9
2021-08-05,CVCB3,20.47
2021-08-05,CXSE3,10.46
2021-08-05,CYRE3,19.63
2021-08-05,DIRR3,12.61
2021-08-05,EGIE3,37.1
2021-08-05,ELET3,39.63
2021-08-05,ELET6,39.8
2021-08-05,EMBR3,18.62
2021-08-05,ENEV3,16.87
2021-08-05,ENGI11,42.21
2021-08-05,EQTL3,23.75
2021-08-05,FLRY3,23.12
2021-08-05,GGBR4,30.74
2021-08-05,GOAU4,14.19
2021-08-05,HAPV3,14.39
2021-08-05,HYPE3,36.45
2021-08-05,IRBR3,5.64
2021-08-05,ITSA4,11.3
2021-08-05,ITUB4,30.0
2021-08-05,JBSS3,31.98
2021-08-05,KLBN11,24.7
2021-08-05,LREN3,41.22
2021-08-05,LWSA3,25.6
2021-08-05,MGLU3,20.46
2021-08-05,MRFG3,18.83
2021-08-05,MRVE3,13.61
2021-08-05,MULT3,23.23
2021-08-05,NTCO3,54.54
2021-08-05,PCAR3,29.84
2021-08-05,PETR3,29.27
2021-08-05,PETR4,28.35
2021-08-05,PETZ3,25.9
2021-08-05,POMO4,2.83
2021-08-05,PRIO3,17.27
2021-08-05,PSSA3,53.0
2021-08-05,RADL3,25.88
2021-08-05,RAIL3,20.09
2021-08-05,RAIZ4,7.24
2021-08-05,RDOR3,70.33
2021-08-05,RECV3,17.5
2021-08-05,RENT3,58.5
2021-08-05,SANB11,39.32
2021-08-05,SBSP3,34.67
2021-08-05,SLCE3,43.46
2021-08-05,SMFT3,27.8
2021-08-05,SMTO3,31.01
2021-08-05,STBP3,8.94
2021-08-05,SUZB3,54.57
2021-08-05,TAEE11,39.08
2021-08-05,TEND3,21.05
2021-08-05,TIMS3,11.24
2021-08-05,TOTS3,37.53
2021-08-05,UGPA3,17.0
2021-08-05,USIM5,21.02
2021-08-05,VALE3,109.08
2021-08-05,VAMO3,67.5
2021-08-05,VIVA3,30.39
2021-08-05,VIVT3,41.33
2021-08-05,WEGE3,35.86
2021-08-05,YDUQ3,27.35
2021-08-06,ABEV3,17.1
2021-08-06,ASAI3,87.8
2021-08-06,AZUL4,37.97
2021-08-06,B3SA3,15.9
2021-08-06,BBAS3,31.79
2021-08-06,BBDC3,20.28
2021-08-06,BBDC4,23.71
2021-08-06,BBSE3,21.3
2021-08-06,BEEF3,8.51
2021-08-06,BPAC11,30.12
2021-08-06,BRAP4,72.2
2021-08-06,BRFS3,24.4
2021-08-06,BRKM5,56.47
2021-08-06,CCRO3,12.6
2021-08-06,CEAB3,11.5
2021-08-06,CMIG4,11.72
2021-08-06,CMIN3,8.5
2021-08-06,COGN3,3.51
2021-08-06,CPFE3,25.02
2021-08-06,CPLE3,5.93
2021-08-06,CPLE6,6.55
2021-08-06,CRFB3,19.15
2021-08-06,CSAN3,24.2
2021-08-06,CSMG3,13.82
2021-08-06,CSNA3,43.42
2021-08-06,CURY3,8.93
2021-08-06,CVCB3,20.57
2021-08-06,CXSE3,10.58
2021-08-06,CYRE3,20.08
2021-08-06,DIRR3,13.5
2021-08-06,EGIE3,37.67
2021-08-06,ELET3,41.25
2021-08-06,ELET6,40.9
2021-08-06,EMBR3,19.23
2021-08-06,ENEV3,17.14
2021-08-06,ENGI11,42.3
2021-08-06,EQTL3,24.1
2021-08-06,FLRY3,22.9
2021-08-06,GGBR4,31.36
2021-08-06,GOAU4,14.35
2021-08-06,HAPV3,14.26
2021-08-06,HYPE3,36.38
2021-08-06,IRBR3,5.82
2021-08-06,ITSA4,11.51
2021-08-06,ITUB4,30.84
2021-08-06,JBSS3,32.6
2021-08-06,KLBN11,24.44
2021-08-06,LREN3,41.2
2021-08-06,LWSA3,25.55
2021-08-06,MGLU3,20.68
2021-08-06,MRFG3,18.83
2021-08-06,MRVE3,13.69
2021-08-06,MULT3,23.2
2021-08-06,NTCO3,54.6
2021-08-06,PCAR3,30.29
2021-08-06,PETR3,29.11
2021-08-06,PETR4,28.39
2021-08-06,PETZ3,26.35
2021-08-06,POMO4,2.75
2021-08-06,PRIO3,17.47
2021-08-06,PSSA3,52.98
2021-08-06,RADL3,26.0
2021-08-06,RAIL3,20.19
2021-08-06,RAIZ4,7.1
2021-08-06,RDOR3,69.89
2021-08-06,RECV3,16.99
2021-08-06,RENT3,58.25
2021-08-06,SANB11,40.88
2021-08-06,SBSP3,35.52
2021-08-06,SLCE3,42.73
2021-08-06,SMFT3,28.2
2021-08-06,SMTO3,30.63
2021-08-06,STBP3,8.95
2021-08-06,SUZB3,54.3
2021-08-06,TAEE11,39.4
2021-08-06,TEND3,21.41
2021-08-06,TIMS3,11.45
2021-08-06,TOTS3,37.26
2021-08-06,UGPA3,17.1
2021-08-06,USIM5,21.59
2021-08-06,VALE3,109.7
2021-08-06,VAMO3,66.38
2021-08-06,VIVA3,30.78
2021-08-06,VIVT3,41.86
2021-08-06,WEGE3,36.24
2021-08-06,YDUQ3,27.2
2021-08-09,ABEV3,17.16
2021-08-09,ASAI3,90.84
2021-08-09,AZUL4,37.97
2021-08-09,B3SA3,15.77
2021-08-09,BBAS3,31.5
2021-08-09,BBDC3,20.26
2021-08-09,BBDC4,23.7
2021-08-09,BBSE3,21.69
2021-08-09,BEEF3,8.85
2021-08-09,BPAC11,31.3
2021-08-09,BRAP4,71.63
2021-08-09,BRFS3,24.72
2021-08-09,BRKM5,57.1
2021-08-09,CCRO3,12.8
2021-08-09,CEAB3,11.37
2021-08-09,CMIG4,11.77
2021-08-09,CMIN3,8.35
2021-08-09,COGN3,3.48
2021-08-09,CPFE3,25.17
2021-08-09,CPLE3,5.96
2021-08-09,CPLE6,6.68
2021-08-09,CRFB3,18.95
2021-08-09,CSAN3,24.29
2021-08-09,CSMG3,13.86
2021-08-09,CSNA3,43.33
2021-08-09,CURY3,8.75
2021-08-09,CVCB3,20.22
2021-08-09,CXSE3,10.48
2021-08-09,CYRE3,20.35
2021-08-09,DIRR3,13.72
2021-08-09,EGIE3,38.08
2021-08-09,ELET3,40.47
2021-08-09,ELET6,40.44
2021-08-09,EMBR3,18.98
2021-08-09,ENEV3,17.3
2021-08-09,ENGI11,42.46
2021-08-09,EQTL3,24.18
2021-08-09,FLRY3,23.22
2021-08-09,GGBR4,30.96
2021-08-09,GOAU4,14.3
2021-08-09,HAPV3,14.15
2021-08-09,HYPE3,36.67
2021-08-09,IRBR3,5.85
2021-08-09,ITSA4,11.56
2021-08-09,ITUB4,31.2
2021-08-09,JBSS3,32.95
2021-08-09,KLBN11,25.11
2021-08-09,LREN3,41.11
2021-08-09,LWSA3,25.94
2021-08-09,MGLU3,20.49
2021-08-09,MRFG3,19.52
2021-08-09,MRVE3,13.8
2021-08-09,MULT3,23.56
2021-08-09,NTCO3,54.23
2021-08-09,PCAR3,30.4
2021-08-09,PETR3,28.84
2021-08-09,PETR4,28.19
2021-08-09,PETZ3,26.8
2021-08-09,POMO4,2.74
2021-08-09,PRIO3,17.58
2021-08-09,PSSA3,53.45
2021-08-09,RADL3,26.7
2021-08-09,RAIL3,19.97
2021-08-09,RAIZ4,7.07
2021-08-09,RDOR3,69.72
2021-08-09,RECV3,17.19
2021-08-09,RENT3,58.6
2021-08-09,SANB11,40.71
2021-08-09,SBSP3,35.65
2021-08-09,SLCE3,43.25
2021-08-09,SMFT3,28.0
2021-08-09,SMTO3,31.02
2021-08-09,STBP3,9.05
2021-08-09,SUZB3,56.37
2021-08-09,TAEE11,40.21
2021-08-09,TEND3,21.8
2021-08-09,TIMS3,11.46
2021-08-09,TOTS3,37.32
2021-08-09,UGPA3,17.75
2021-08-09,USIM5,21.52
2021-08-09,VALE3,109.01
2021-08-09,VAMO3,67.0
2021-08-09,VIVA3,30.92
2021-08-09,VIVT3,42.13
2021-08-09,WEGE3,36.16
2021-08-09,YDUQ3,26.75
2021-08-10,ABEV3,16.71
2021-08-10,ASAI3,92.05
2021-08-10,AZUL4,37.86
2021-08-10,B3SA3,15.51
2021-08-10,BBAS3,30.7
2021-08-10,BBDC3,19.91
2021-08-10,BBDC4,23.36
2021-08-10,BBSE3,21.5
2021-08-10,BEEF3,8.67
2021-08-10,BPAC11,31.09
2021-08-10,BRAP4,71.23
2021-08-10,BRFS3,24.4
2021-08-10,BRKM5,56.99
2021-08-10,CCRO3,12.43
2021-08-10,CEAB3,11.39
2021-08-10,CMIG4,11.56
2021-08-10,CMIN3,8.31
2021-08-10,COGN3,3.44
2021-08-10,CPFE3,24.8
2021-08-10,CPLE3,5.8
2021-08-10,CPLE6,6.56
2021-08-10,CRFB3,18.83
2021-08-10,CSAN3,24.3
2021-08-10,CSMG3,13.63
2021-08-10,CSNA3,43.79
2021-08-10,CURY3,8.61
2021-08-10,CVCB3,19.82
2021-08-10,CXSE3,10.42
2021-08-10,CYRE3,20.05
2021-08-10,DIRR3,13.15
2021-08-10,EGIE3,37.55
2021-08-10,ELET3,39.91
2021-08-10,ELET6,39.86
2021-08-10,EMBR3,19.6
2021-08-10,ENEV3,16.72
2021-08-10,ENGI11,41.61
2021-08-10,EQTL3,24.08
2021-08-10,FLRY3,23.4
2021-08-10,GGBR4,31.74
2021-08-10,GOAU4,14.53
2021-08-10,HAPV3,13.94
2021-08-10,HYPE3,36.37
2021-08-10,IRBR3,5.82
2021-08-10,ITSA4,11.47
2021-08-10,ITUB4,30.61
2021-08-10,JBSS3,32.52
2021-08-10,KLBN11,25.08
2021-08-10,LREN3,40.55
2021-08-10,LWSA3,25.69
2021-08-10,MGLU3,20.4
2021-08-10,MRFG3,19.56
2021-08-10,MRVE3,13.52
2021-08-10,MULT3,23.09
2021-08-10,NTCO3,53.58
2021-08-10,PCAR3,30.23
2021-08-10,PETR3,28.85
2021-08-10,PETR4,28.28
2021-08-10,PETZ3,26.24
2021-08-10,POMO4,2.71
2021-08-10,PRIO3,18.72
2021-08-10,PSSA3,52.95
2021-08-10,RADL3,26.16
2021-08-10,RAIL3,19.58
2021-08-10,RAIZ4,7.1
2021-08-10,RDOR3,69.94
2021-08-10,RECV3,17.64
2021-08-10,RENT3,57.43
2021-08-10,SANB11,39.8
2021-08-10,SBSP3,34.82
2021-08-10,SLCE3,43.05
2021-08-10,SMFT3,27.9
2021-08-10,SMTO3,32.43
2021-08-10,STBP3,9.02
2021-08-10,SUZB3,56.83
2021-08-10,TAEE11,39.6
2021-08-10,TEND3,21.24
2021-08-10,TIMS3,11.3
2021-08-10,TOTS3,36.78
2021-08-10,UGPA3,17.39
2021-08-10,USIM5,22.1
2021-08-10,VALE3,110.06
2021-08-10,VAMO3,65.0
2021-08-10,VIVA3,30.4
2021-08-10,VIVT3,41.0
2021-08-10,WEGE3,36.09
2021-08-10,YDUQ3,26.6
2021-08-11,ABEV3,16.57
2021-08-11,ASAI3,90.26
2021-08-11,AZUL4,37.7
2021-08-11,B3SA3,15.05
2021-08-11,BBAS3,30.4
2021-08-11,BBDC3,20.04
2021-08-11,BBDC4,23.45
2021-08-11,BBSE3,21.7
2021-08-11,BEEF3,9.94
2021-08-11,BPAC11,30.35
2021-08-11,BRAP4,71.16
2021-08-11,BRFS3,24.35
2021-08-11,BRKM5,56.73
2021-08-11,CCRO3,12.29
2021-08-11,CEAB3,10.79
2021-08-11,CMIG4,11.61
2021-08-11,CMIN3,8.28
2021-08-11,COGN3,3.35
2021-08-11,CPFE3,24.5
2021-08-11,CPLE3,5.91
2021-08-11,CPLE6,6.69
2021-08-11,CRFB3,18.97
2021-08-11,CSAN3,24.29
2021-08-11,CSMG3,13.54
2021-08-11,CSNA3,44.1
2021-08-11,CURY3,8.55
2021-08-11,CVCB3,19.53
2021-08-11,CXSE3,10.46
2021-08-11,CYRE3,19.7
2021-08-11,DIRR3,13.06
2021-08-11,EGIE3,37.16
2021-08-11,ELET3,39.84
2021-08-11,ELET6,39.95
2021-08-11,EMBR3,19.93
2021-08-11,ENEV3,16.45
2021-08-11,ENGI11,41.54
2021-08-11,EQTL3,24.26
2021-08-11,FLRY3,22.7
2021-08-11,GGBR4,32.08
2021-08-11,GOAU4,14.57
2021-08-11,HAPV3,13.96
2021-08-11,HYPE3,36.64
2021-08-11,IRBR3,5.77
2021-08-11,ITSA4,11.64
2021-08-11,ITUB4,30.95
2021-08-11,JBSS3,33.01
2021-08-11,KLBN11,24.93
2021-08-11,LREN3,40.8
2021-08-11,LWSA3,25.72
2021-08-11,MGLU3,20.91
2021-08-11,MRFG3,19.69
2021-08-11,MRVE3,13.53
2021-08-11,MULT3,23.01
2021-08-11,NTCO3,52.94
2021-08-11,PCAR3,30.17
2021-08-11,PETR3,29.3
2021-08-11,PETR4,28.67
2021-08-11,PETZ3,26.0
2021-08-11,POMO4,2.72
2021-08-11,PRIO3,18.3
2021-08-11,PSSA3,55.18
2021-08-11,RADL3,25.12
2021-08-11,RAIL3,19.64
2021-08-11,RAIZ4,6.87
2021-08-11,RDOR3,69.93
2021-08-11,RECV3,18.2
2021-08-11,RENT3,57.39
2021-08-11,SANB11,40.06
2021-08-11,SBSP3,34.93
2021-08-11,SLCE3,43.55
2021-08-11,SMFT3,28.0
2021-08-11,SMTO3,32.43
2021-08-11,STBP3,8.89
2021-08-11,SUZB3,56.5
2021-08-11,TAEE11,39.56
2021-08-11,TEND3,20.85
2021-08-11,TIMS3,11.49
2021-08-11,TOTS3,36.0
2021-08-11,UGPA3,17.35
2021-08-11,USIM5,22.03
2021-08-11,VALE3,109.27
2021-08-11,VAMO3,65.85
2021-08-11,VIVA3,30.5
2021-08-11,VIVT3,41.6
2021-08-11,WEGE3,36.15
2021-08-11,YDUQ3,25.3
2021-08-12,ABEV3,16.58
2021-08-12,ASAI3,17.75
2021-08-12,AZUL4,37.19
2021-08-12,B3SA3,13.89
2021-08-12,BBAS3,29.74
2021-08-12,BBDC3,19.84
2021-08-12,BBDC4,23.12
2021-08-12,BBSE3,20.9
2021-08-12,BEEF3,8.82
2021-08-12,BPAC11,29.47
2021-08-12,BRAP4,69.36
2021-08-12,BRFS3,23.9
2021-08-12,BRKM5,56.14
2021-08-12,CCRO3,11.9
2021-08-12,CEAB3,10.81
2021-08-12,CMIG4,11.47
2021-08-12,CMIN3,8.23
2021-08-12,COGN3,3.27
2021-08-12,CPFE3,24.4
2021-08-12,CPLE3,5.89
2021-08-12,CPLE6,6.44
2021-08-12,CRFB3,18.95
2021-08-12,CSAN3,23.95
2021-08-12,CSMG3,13.34
2021-08-12,CSNA3,43.62
2021-08-12,CURY3,8.13
2021-08-12,CVCB3,19.35
2021-08-12,CXSE3,10.73
2021-08-12,CYRE3,19.33
2021-08-12,DIRR3,12.75
2021-08-12,EGIE3,37.15
2021-08-12,ELET3,39.21
2021-08-12,ELET6,39.16
2021-08-12,EMBR3,19.38
2021-08-12,ENEV3,16.09
2021-08-12,ENGI11,41.15
2021-08-12,EQTL3,24.2
2021-08-12,FLRY3,23.61
2021-08-12,GGBR4,31.64
2021-08-12,GOAU4,14.39
2021-08-12,HAPV3,14.85
2021-08-12,HYPE3,36.18
2021-08-12,IRBR3,5.6
2021-08-12,ITSA4,11.44
2021-08-12,ITUB4,30.37
2021-08-12,JBSS3,31.08
2021-08-12,KLBN11,24.64
2021-08-12,LREN3,40.33
2021-08-12,LWSA3,25.09
2021-08-12,MGLU3,20.97
2021-08-12,MRFG3,19.41
2021-08-12,MRVE3,13.2
2021-08-12,MULT3,22.56
2021-08-12,NTCO3,52.66
2021-08-12,PCAR3,30.03
2021-08-12,PETR3,29.46
2021-08-12,PETR4,29.1
2021-08-12,PETZ3,25.48
2021-08-12,POMO4,2.66
2021-08-12,PRIO3,17.75
2021-08-12,PSSA3,55.56
2021-08-12,RADL3,25.81
2021-08-12,RAIL3,19.55
2021-08-12,RAIZ4,6.96
2021-08-12,RDOR3,73.5
2021-08-12,RECV3,18.0
2021-08-12,RENT3,58.07
2021-08-12,SANB11,39.84
2021-08-12,SBSP3,34.45
2021-08-12,SLCE3,43.5
2021-08-12,SMFT3,27.0
2021-08-12,SMTO3,31.95
2021-08-12,STBP3,8.8
2021-08-12,SUZB3,55.71
2021-08-12,TAEE11,39.42
2021-08-12,TEND3,20.7
2021-08-12,TIMS3,11.54
2021-08-12,TOTS3,35.55
2021-08-12,UGPA3,15.21
2021-08-12,USIM5,21.72
2021-08-12,VALE3,109.2
2021-08-12,VAMO3,65.16
2021-08-12,VIVA3,30.1
2021-08-12,VIVT3,41.56
2021-08-12,WEGE3,35.51
2021-08-12,YDUQ3,24.75
2021-08-13,ABEV3,16.65
2021-08-13,ASAI3,17.74
2021-08-13,AZUL4,36.77
2021-08-13,B3SA3,14.64
2021-08-13,BBAS3,29.5
2021-08-13,BBDC3,19.97
2021-08-13,BBDC4,23.23
2021-08-13,BBSE3,20.62
2021-08-13,BEEF3,8.6
2021-08-13,BPAC11,29.69
2021-08-13,BRAP4,70.1
2021-08-13,BRFS3,23.77
2021-08-13,BRKM5,56.49
2021-08-13,CCRO3,11.87
2021-08-13,CEAB3,10.71
2021-08-13,CMIG4,11.57
2021-08-13,CMIN3,8.04
2021-08-13,COGN3,3.32
2021-08-13,CPFE3,26.42
2021-08-13,CPLE3,5.88
2021-08-13,CPLE6,6.38
2021-08-13,CRFB3,18.84
2021-08-13,CSAN3,23.59
2021-08-13,CSMG3,13.63
2021-08-13,CSNA3,42.61
2021-08-13,CURY3,8.25
2021-08-13,CVCB3,18.81
2021-08-13,CXSE3,10.6
2021-08-13,CYRE3,19.04
2021-08-13,DIRR3,12.7
2021-08-13,EGIE3,37.96
2021-08-13,ELET3,39.02
2021-08-13,ELET6,38.91
2021-08-13,EMBR3,20.79
2021-08-13,ENEV3,16.38
2021-08-13,ENGI11,43.35
2021-08-13,EQTL3,24.19
2021-08-13,FLRY3,23.43
2021-08-13,GGBR4,31.32
2021-08-13,GOAU4,14.28
2021-08-13,HAPV3,15.35
2021-08-13,HYPE3,36.57
2021-08-13,IRBR3,5.62
2021-08-13,ITSA4,11.51
2021-08-13,ITUB4,30.78
2021-08-13,JBSS3,31.33
2021-08-13,KLBN11,25.21
2021-08-13,LREN3,40.84
2021-08-13,LWSA3,24.85
2021-08-13,MGLU3,20.27
2021-08-13,MRFG3,19.45
2021-08-13,MRVE3,13.17
2021-08-13,MULT3,22.48
2021-08-13,NTCO3,54.51
2021-08-13,PCAR3,30.39
2021-08-13,PETR3,29.92
2021-08-13,PETR4,29.35
2021-08-13,PETZ3,25.66
2021-08-13,POMO4,2.67
2021-08-13,PRIO3,17.42
2021-08-13,PSSA3,55.85
2021-08-13,RADL3,25.88
2021-08-13,RAIL3,19.12
2021-08-13,RAIZ4,7.01
2021-08-13,RDOR3,73.0
2021-08-13,RECV3,17.5
2021-08-13,RENT3,57.45
2021-08-13,SANB11,40.77
2021-08-13,SBSP3,33.59
2021-08-13,SLCE3,43.4
2021-08-13,SMFT3,27.15
2021-08-13,SMTO3,32.22
2021-08-13,STBP3,8.4
2021-08-13,SUZB3,56.81
2021-08-13,TAEE11,39.5
2021-08-13,TEND3,21.0
2021-08-13,TIMS3,11.71
2021-08-13,TOTS3,35.95
2021-08-13,UGPA3,15.59
2021-08-13,USIM5,21.15
2021-08-13,VALE3,108.3
2021-08-13,VAMO3,61.71
2021-08-13,VIVA3,29.86
2021-08-13,VIVT3,42.1
2021-08-13,WEGE3,35.77
2021-08-13,YDUQ3,24.8
2021-08-16,ABEV3,16.4
2021-08-16,ASAI3,17.25
2021-08-16,AZUL4,35.34
2021-08-16,B3SA3,13.98
2021-08-16,BBAS3,29.45
2021-08-16,BBDC3,19.77
2021-08-16,BBDC4,23.04
2021-08-16,BBSE3,20.09
2021-08-16,BEEF3,8.19
2021-08-16,BPAC11,28.29
2021-08-16,BRAP4,71.07
2021-08-16,BRFS3,23.14
2021-08-16,BRKM5,54.56
2021-08-16,CCRO3,11.88
2021-08-16,CEAB3,10.17
2021-08-16,CMIG4,11.38
2021-08-16,CMIN3,7.76
2021-08-16,COGN3,3.12
2021-08-16,CPFE3,26.96
2021-08-16,CPLE3,5.8
2021-08-16,CPLE6,6.44
2021-08-16,CRFB3,18.56
2021-08-16,CSAN3,23.07
2021-08-16,CSMG3,13.73
2021-08-16,CSNA3,41.45
2021-08-16,CURY3,8.07
2021-08-16,CVCB3,17.2
2021-08-16,CXSE3,10.11
2021-08-16,CYRE3,19.07
2021-08-16,DIRR3,11.99
2021-08-16,EGIE3,38.17
2021-08-16,ELET3,37.76
2021-08-16,ELET6,38.0
2021-08-16,EMBR3,19.45
2021-08-16,ENEV3,15.95
2021-08-16,ENGI11,43.64
2021-08-16,EQTL3,23.98
2021-08-16,FLRY3,23.17
2021-08-16,GGBR4,30.34
2021-08-16,GOAU4,13.99
2021-08-16,HAPV3,15.03
2021-08-16,HYPE3,35.49
2021-08-16,IRBR3,5.46
2021-08-16,ITSA4,11.37
2021-08-16,ITUB4,30.34
2021-08-16,JBSS3,31.69
2021-08-16,KLBN11,25.33
2021-08-16,LREN3,39.76
2021-08-16,LWSA3,23.75
2021-08-16,MGLU3,19.42
2021-08-16,MRFG3,19.22
2021-08-16,MRVE3,13.03
2021-08-16,MULT3,22.09
2021-08-16,NTCO3,53.56
2021-08-16,PCAR3,30.58
2021-08-16,PETR3,29.35
2021-08-16,PETR4,28.64
2021-08-16,PETZ3,25.34
2021-08-16,POMO4,2.56
2021-08-16,PRIO3,16.77
2021-08-16,PSSA3,56.85
2021-08-16,RADL3,25.76
2021-08-16,RAIL3,18.61
2021-08-16,RAIZ4,7.02
2021-08-16,RDOR3,73.0
2021-08-16,RECV3,16.26
2021-08-16,RENT3,56.1
2021-08-16,SANB11,40.65
2021-08-16,SBSP3,33.98
2021-08-16,SLCE3,42.8
2021-08-16,SMFT3,25.65
2021-08-16,SMTO3,31.52
2021-08-16,STBP3,7.38
2021-08-16,SUZB3,57.71
2021-08-16,TAEE11,39.65
2021-08-16,TEND3,20.69
2021-08-16,TIMS3,11.65
2021-08-16,TOTS3,34.72
2021-08-16,UGPA3,15.76
2021-08-16,USIM5,20.03
2021-08-16,VALE3,108.8
2021-08-16,VAMO3,14.1
2021-08-16,VIVA3,30.36
2021-08-16,VIVT3,42.5
2021-08-16,WEGE3,34.41
2021-08-16,YDUQ3,23.76
2021-08-17,ABEV3,16.32
2021-08-17,ASAI3,16.96
2021-08-17,AZUL4,33.99
2021-08-17,B3SA3,13.82
2021-08-17,BBAS3,29.33
2021-08-17,BBDC3,19.76
2021-08-17,BBDC4,22.95
2021-08-17,BBSE3,19.82
2021-08-17,BEEF3,7.99
2021-08-17,BPAC11,28.08
2021-08-17,BRAP4,69.63
2021-08-17,BRFS3,23.11
2021-08-17,BRKM5,52.5
2021-08-17,CCRO3,11.82
2021-08-17,CEAB3,9.08
2021-08-17,CMIG4,11.7
2021-08-17,CMIN3,7.23
2021-08-17,COGN3,3.1
2021-08-17,CPFE3,27.0
2021-08-17,CPLE3,5.74
2021-08-17,CPLE6,6.38
2021-08-17,CRFB3,18.11
2021-08-17,CSAN3,22.79
2021-08-17,CSMG3,13.57
2021-08-17,CSNA3,40.2
2021-08-17,CURY3,8.1
2021-08-17,CVCB3,17.17
2021-08-17,CXSE3,9.69
2021-08-17,CYRE3,18.32
2021-08-17,DIRR3,11.77
2021-08-17,EGIE3,37.03
2021-08-17,ELET3,37.86
2021-08-17,ELET6,37.74
2021-08-17,EMBR3,18.16
2021-08-17,ENEV3,15.71
2021-08-17,ENGI11,43.36
2021-08-17,EQTL3,23.49
2021-08-17,FLRY3,22.95
2021-08-17,GGBR4,28.95
2021-08-17,GOAU4,13.23
2021-08-17,HAPV3,14.74
2021-08-17,HYPE3,34.54
2021-08-17,IRBR3,5.26
2021-08-17,ITSA4,11.22
2021-08-17,ITUB4,30.23
2021-08-17,JBSS3,30.04
2021-08-17,KLBN11,25.19
2021-08-17,LREN3,39.48
2021-08-17,LWSA3,22.11
2021-08-17,MGLU3,19.31
2021-08-17,MRFG3,19.22
2021-08-17,MRVE3,12.81
2021-08-17,MULT3,21.59
2021-08-17,NTCO3,52.6
2021-08-17,PCAR3,29.55
2021-08-17,PETR3,27.75
2021-08-17,PETR4,27.03
2021-08-17,PETZ3,26.28
2021-08-17,POMO4,2.62
2021-08-17,PRIO3,16.75
2021-08-17,PSSA3,55.15
2021-08-17,RADL3,25.4
2021-08-17,RAIL3,18.59
2021-08-17,RAIZ4,6.82
2021-08-17,RDOR3,72.38
2021-08-17,RECV3,15.61
2021-08-17,RENT3,54.6
2021-08-17,SANB11,40.4
2021-08-17,SBSP3,32.85
2021-08-17,SLCE3,41.58
2021-08-17,SMFT3,26.66
2021-08-17,SMTO3,30.7
2021-08-17,STBP3,7.63
2021-08-17,SUZB3,57.3
2021-08-17,TAEE11,39.92
2021-08-17,TEND3,20.29
2021-08-17,TIMS3,11.61
2021-08-17,TOTS3,34.62
2021-08-17,UGPA3,16.1
2021-08-17,USIM5,19.01
2021-08-17,VALE3,107.0
2021-08-17,VAMO3,14.62
2021-08-17,VIVA3,29.81
2021-08-17,VIVT3,43.18
2021-08-17,WEGE3,34.69
2021-08-17,YDUQ3,25.24
2021-08-18,ABEV3,16.47
2021-08-18,ASAI3,16.66
2021-08-18,AZUL4,34.36
2021-08-18,B3SA3,13.54
2021-08-18,BBAS3,29.47
2021-08-18,BBDC3,19.49
2021-08-18,BBDC4,22.8
2021-08-18,BBSE3,19.68
2021-08-18,BEEF3,8.08
2021-08-18,BPAC11,27.6
2021-08-18,BRAP4,66.98
2021-08-18,BRFS3,22.96
2021-08-18,BRKM5,54.71
2021-08-18,CCRO3,11.83
2021-08-18,CEAB3,9.34
2021-08-18,CMIG4,11.93
2021-08-18,CMIN3,7.01
2021-08-18,COGN3,3.24
2021-08-18,CPFE3,26.45
2021-08-18,CPLE3,5.74
2021-08-18,CPLE6,6.45
2021-08-18,CRFB3,18.1
2021-08-18,CSAN3,22.3
2021-08-18,CSMG3,13.3
2021-08-18,CSNA3,39.27
2021-08-18,CURY3,8.15
2021-08-18,CVCB3,17.7
2021-08-18,CXSE3,10.01
2021-08-18,CYRE3,18.31
2021-08-18,DIRR3,12.32
2021-08-18,EGIE3,36.97
2021-08-18,ELET3,37.21
2021-08-18,ELET6,37.59
2021-08-18,EMBR3,18.83
2021-08-18,ENEV3,15.33
2021-08-18,ENGI11,42.33
2021-08-18,EQTL3,23.28
2021-08-18,FLRY3,22.73
2021-08-18,GGBR4,28.7
2021-08-18,GOAU4,13.19
2021-08-18,HAPV3,14.6
2021-08-18,HYPE3,34.02
2021-08-18,IRBR3,5.22
2021-08-18,ITSA4,11.25
2021-08-18,ITUB4,30.29
2021-08-18,JBSS3,30.26
2021-08-18,KLBN11,24.22
2021-08-18,LREN3,39.0
2021-08-18,LWSA3,22.6
2021-08-18,MGLU3,18.84
2021-08-18,MRFG3,19.4
2021-08-18,MRVE3,12.65
2021-08-18,MULT3,21.32
2021-08-18,NTCO3,52.33
2021-08-18,PCAR3,29.0
2021-08-18,PETR3,27.42
2021-08-18,PETR4,26.79
2021-08-18,PETZ3,25.93
2021-08-18,POMO4,2.57
2021-08-18,PRIO3,17.28
2021-08-18,PSSA3,57.54
2021-08-18,RADL3,25.3
2021-08-18,RAIL3,18.05
2021-08-18,RAIZ4,6.81
2021-08-18,RDOR3,73.38
2021-08-18,RECV3,15.06
2021-08-18,RENT3,55.21
2021-08-18,SANB11,40.08
2021-08-18,SBSP3,31.69
2021-08-18,SLCE3,41.72
2021-08-18,SMFT3,26.52
2021-08-18,SMTO3,31.3
2021-08-18,STBP3,7.56
2021-08-18,SUZB3,56.13
2021-08-18,TAEE11,39.52
2021-08-18,TEND3,20.06
2021-08-18,TIMS3,11.65
2021-08-18,TOTS3,34.6
2021-08-18,UGPA3,15.3
2021-08-18,USIM5,18.11
2021-08-18,VALE3,103.41
2021-08-18,VAMO3,15.0
2021-08-18,VIVA3,30.01
2021-08-18,VIVT3,43.21
2021-08-18,WEGE3,33.58
2021-08-18,YDUQ3,25.42
2021-08-19,ABEV3,17.19
2021-08-19,ASAI3,17.48
2021-08-19,AZUL4,35.19
2021-08-19,B3SA3,14.18
2021-08-19,BBAS3,29.67
2021-08-19,BBDC3,19.62
2021-08-19,BBDC4,22.75
2021-08-19,BBSE3,19.75
2021-08-19,BEEF3,8.38
2021-08-19,BPAC11,28.28
2021-08-19,BRAP4,63.41
2021-08-19,BRFS3,23.59
2021-08-19,BRKM5,57.46
2021-08-19,CCRO3,12.27
2021-08-19,CEAB3,9.34
2021-08-19,CMIG4,12.18
2021-08-19,CMIN3,6.99
2021-08-19,COGN3,3.22
2021-08-19,CPFE3,27.55
2021-08-19,CPLE3,5.92
2021-08-19,CPLE6,6.64
2021-08-19,CRFB3,18.88
2021-08-19,CSAN3,22.44
2021-08-19,CSMG3,13.76
2021-08-19,CSNA3,37.0
2021-08-19,CURY3,8.11
2021-08-19,CVCB3,19.1
2021-08-19,CXSE3,10.13
2021-08-19,CYRE3,18.4
2021-08-19,DIRR3,12.32
2021-08-19,EGIE3,38.0
2021-08-19,ELET3,37.91
2021-08-19,ELET6,38.16
2021-08-19,EMBR3,19.56
2021-08-19,ENEV3,15.93
2021-08-19,ENGI11,43.63
2021-08-19,EQTL3,24.33
2021-08-19,FLRY3,23.64
2021-08-19,GGBR4,27.69
2021-08-19,GOAU4,12.85
2021-08-19,HAPV3,14.93
2021-08-19,HYPE3,35.08
2021-08-19,IRBR3,5.11
2021-08-19,ITSA4,11.16
2021-08-19,ITUB4,29.9
2021-08-19,JBSS3,31.41
2021-08-19,KLBN11,23.9
2021-08-19,LREN3,39.45
2021-08-19,LWSA3,24.36
2021-08-19,MGLU3,18.95
2021-08-19,MRFG3,19.95
2021-08-19,MRVE3,12.79
2021-08-19,MULT3,21.51
2021-08-19,NTCO3,53.52
2021-08-19,PCAR3,29.17
2021-08-19,PETR3,27.16
2021-08-19,PETR4,26.64
2021-08-19,PETZ3,26.99
2021-08-19,POMO4,2.69
2021-08-19,PRIO3,18.1
2021-08-19,PSSA3,58.45
2021-08-19,RADL3,26.22
2021-08-19,RAIL3,18.26
2021-08-19,RAIZ4,6.93
2021-08-19,RDOR3,73.46
2021-08-19,RECV3,15.61
2021-08-19,RENT3,58.14
2021-08-19,SANB11,40.21
2021-08-19,SBSP3,32.97
2021-08-19,SLCE3,42.55
2021-08-19,SMFT3,27.65
2021-08-19,SMTO3,32.43
2021-08-19,STBP3,7.75
2021-08-19,SUZB3,55.68
2021-08-19,TAEE11,39.95
2021-08-19,TEND3,19.96
2021-08-19,TIMS3,11.96
2021-08-19,TOTS3,36.6
2021-08-19,UGPA3,15.37
2021-08-19,USIM5,17.08
2021-08-19,VALE3,97.51
2021-08-19,VAMO3,15.58
2021-08-19,VIVA3,31.18
2021-08-19,VIVT3,43.17
2021-08-19,WEGE3,35.19
2021-08-19,YDUQ3,24.9
2021-08-20,ABEV3,17.54
2021-08-20,ASAI3,17.78
2021-08-20,AZUL4,36.13
2021-08-20,B3SA3,14.2
2021-08-20,BBAS3,29.71
2021-08-20,BBDC3,19.54
2021-08-20,BBDC4,22.62
2021-08-20,BBSE3,19.86
2021-08-20,BEEF3,8.32
2021-08-20,BPAC11,28.33
2021-08-20,BRAP4,63.47
2021-08-20,BRFS3,23.75
2021-08-20,BRKM5,58.58
2021-08-20,CCRO3,12.71
2021-08-20,CEAB3,9.41
2021-08-20,CMIG4,12.49
2021-08-20,CMIN3,6.81
2021-08-20,COGN3,3.32
2021-08-20,CPFE3,28.05
2021-08-20,CPLE3,6.0
2021-08-20,CPLE6,6.71
2021-08-20,CRFB3,19.21
2021-08-20,CSAN3,22.53
2021-08-20,CSMG3,14.2
2021-08-20,CSNA3,36.94
2021-08-20,CURY3,8.12
2021-08-20,CVCB3,19.83
2021-08-20,CXSE3,10.12
2021-08-20,CYRE3,18.54
2021-08-20,DIRR3,12.5
2021-08-20,EGIE3,38.5
2021-08-20,ELET3,38.13
2021-08-20,ELET6,38.37
2021-08-20,EMBR3,19.87
2021-08-20,ENEV3,16.38
2021-08-20,ENGI11,44.25
2021-08-20,EQTL3,25.28
2021-08-20,FLRY3,24.2
2021-08-20,GGBR4,27.65
2021-08-20,GOAU4,12.79
2021-08-20,HAPV3,15.53
2021-08-20,HYPE3,35.46
2021-08-20,IRBR3,5.16
2021-08-20,ITSA4,11.18
2021-08-20,ITUB4,29.79
2021-08-20,JBSS3,31.71
2021-08-20,KLBN11,24.61
2021-08-20,LREN3,39.2
2021-08-20,LWSA3,24.9
2021-08-20,MGLU3,18.86
2021-08-20,MRFG3,20.16
2021-08-20,MRVE3,12.86
2021-08-20,MULT3,21.7
2021-08-20,NTCO3,52.91
2021-08-20,PCAR3,29.41
2021-08-20,PETR3,27.15
2021-08-20,PETR4,26.6
2021-08-20,PETZ3,27.91
2021-08-20,POMO4,2.78
2021-08-20,PRIO3,18.03
2021-08-20,PSSA3,58.54
2021-08-20,RADL3,26.67
2021-08-20,RAIL3,18.12
2021-08-20,RAIZ4,6.98
2021-08-20,RDOR3,75.7
2021-08-20,RECV3,15.2
2021-08-20,RENT3,58.73
2021-08-20,SANB11,40.21
2021-08-20,SBSP3,36.55
2021-08-20,SLCE3,42.17
2021-08-20,SMFT3,28.1
2021-08-20,SMTO3,32.67
2021-08-20,STBP3,7.9
2021-08-20,SUZB3,56.85
2021-08-20,TAEE11,40.49
2021-08-20,TEND3,20.34
2021-08-20,TIMS3,12.09
2021-08-20,TOTS3,37.4
2021-08-20,UGPA3,15.37
2021-08-20,USIM5,17.1
2021-08-20,VALE3,97.55
2021-08-20,VAMO3,16.1
2021-08-20,VIVA3,31.75
2021-08-20,VIVT3,44.19
2021-08-20,WEGE3,35.98
2021-08-20,YDUQ3,26.0
2021-08-23,ABEV3,17.36
2021-08-23,ASAI3,17.51
2021-08-23,AZUL4,37.0
2021-08-23,B3SA3,13.65
2021-08-23,BBAS3,29.98
2021-08-23,BBDC3,19.57
2021-08-23,BBDC4,22.78
2021-08-23,BBSE3,19.5
2021-08-23,BEEF3,8.5
2021-08-23,BPAC11,27.9
2021-08-23,BRAP4,62.91
2021-08-23,BRFS3,23.85
2021-08-23,BRKM5,60.08
2021-08-23,CCRO3,12.23
2021-08-23,CEAB3,9.02
2021-08-23,CMIG4,12.5
2021-08-23,CMIN3,6.68
2021-08-23,COGN3,3.3
2021-08-23,CPFE3,27.7
2021-08-23,CPLE3,5.83
2021-08-23,CPLE6,6.64
2021-08-23,CRFB3,18.8
2021-08-23,CSAN3,22.12
2021-08-23,CSMG3,13.97
2021-08-23,CSNA3,36.63
2021-08-23,CURY3,8.09
2021-08-23,CVCB3,20.7
2021-08-23,CXSE3,9.97
2021-08-23,CYRE3,18.17
2021-08-23,DIRR3,12.19
2021-08-23,EGIE3,38.31
2021-08-23,ELET3,37.59
2021-08-23,ELET6,38.01
2021-08-23,EMBR3,20.92
2021-08-23,ENEV3,15.69
2021-08-23,ENGI11,43.87
2021-08-23,EQTL3,24.85
2021-08-23,FLRY3,24.18
2021-08-23,GGBR4,27.85
2021-08-23,GOAU4,12.75
2021-08-23,HAPV3,15.2
2021-08-23,HYPE3,35.31
2021-08-23,IRBR3,5.04
2021-08-23,ITSA4,11.23
2021-08-23,ITUB4,30.11
2021-08-23,JBSS3,32.8
2021-08-23,KLBN11,25.17
2021-08-23,LREN3,38.05
2021-08-23,LWSA3,24.51
2021-08-23,MGLU3,18.13
2021-08-23,MRFG3,20.85
2021-08-23,MRVE3,12.49
2021-08-23,MULT3,21.26
2021-08-23,NTCO3,52.11
2021-08-23,PCAR3,30.19
2021-08-23,PETR3,28.06
2021-08-23,PETR4,27.02
2021-08-23,PETZ3,27.4
2021-08-23,POMO4,2.75
2021-08-23,PRIO3,18.68
2021-08-23,PSSA3,58.26
2021-08-23,RADL3,26.5
2021-08-23,RAIL3,18.43
2021-08-23,RAIZ4,7.17
2021-08-23,RDOR3,75.84
2021-08-23,RECV3,15.9
2021-08-23,RENT3,56.43
2021-08-23,SANB11,40.75
2021-08-23,SBSP3,36.17
2021-08-23,SLCE3,42.31
2021-08-23,SMFT3,27.74
2021-08-23,SMTO3,32.9
2021-08-23,STBP3,7.75
2021-08-23,SUZB3,57.48
2021-08-23,TAEE11,39.71
2021-08-23,TEND3,19.77
2021-08-23,TIMS3,12.08
2021-08-23,TOTS3,36.95
2021-08-23,UGPA3,15.09
2021-08-23,USIM5,16.75
2021-08-23,VALE3,96.2
2021-08-23,VAMO3,16.07
2021-08-23,VIVA3,31.7
2021-08-23,VIVT3,43.86
2021-08-23,WEGE3,35.75
2021-08-23,YDUQ3,26.59
2021-08-24,ABEV3,17.59
2021-08-24,ASAI3,17.74
2021-08-24,AZUL4,39.7
2021-08-24,B3SA3,13.9
2021-08-24,BBAS3,30.6
2021-08-24,BBDC3,20.15
2021-08-24,BBDC4,23.38
2021-08-24,BBSE3,19.96
2021-08-24,BEEF3,8.47
2021-08-24,BPAC11,28.66
2021-08-24,BRAP4,64.49
2021-08-24,BRFS3,23.95
2021-08-24,BRKM5,60.49
2021-08-24,CCRO3,12.62
2021-08-24,CEAB3,10.05
2021-08-24,CMIG4,13.04
2021-08-24,CMIN3,7.4
2021-08-24,COGN3,3.39
2021-08-24,CPFE3,28.76
2021-08-24,CPLE3,5.93
2021-08-24,CPLE6,6.7
2021-08-24,CRFB3,18.87
2021-08-24,CSAN3,22.48
2021-08-24,CSMG3,14.03
2021-08-24,CSNA3,38.59
2021-08-24,CURY3,8.44
2021-08-24,CVCB3,22.02
2021-08-24,CXSE3,10.19
2021-08-24,CYRE3,20.41
2021-08-24,DIRR3,13.07
2021-08-24,EGIE3,38.9
2021-08-24,ELET3,39.06
2021-08-24,ELET6,39.28
2021-08-24,EMBR3,22.62
2021-08-24,ENEV3,16.03
2021-08-24,ENGI11,45.05
2021-08-24,EQTL3,25.46
2021-08-24,FLRY3,24.3
2021-08-24,GGBR4,28.89
2021-08-24,GOAU4,13.23
2021-08-24,HAPV3,15.28
2021-08-24,HYPE3,34.79
2021-08-24,IRBR3,5.06
2021-08-24,ITSA4,11.47
2021-08-24,ITUB4,30.95
2021-08-24,JBSS3,31.73
2021-08-24,KLBN11,25.67
2021-08-24,LREN3,38.9
2021-08-24,LWSA3,24.67
2021-08-24,MGLU3,19.24
2021-08-24,MRFG3,20.89
2021-08-24,MRVE3,13.32
2021-08-24,MULT3,21.93
2021-08-24,NTCO3,53.42
2021-08-24,PCAR3,29.56
2021-08-24,PETR3,28.38
2021-08-24,PETR4,27.58
2021-08-24,PETZ3,27.64
2021-08-24,POMO4,2.82
2021-08-24,PRIO3,19.08
2021-08-24,PSSA3,58.14
2021-08-24,RADL3,25.8
2021-08-24,RAIL3,18.73
2021-08-24,RAIZ4,7.25
2021-08-24,RDOR3,76.25
2021-08-24,RECV3,16.4
2021-08-24,RENT3,57.05
2021-08-24,SANB11,41.4
2021-08-24,SBSP3,36.3
2021-08-24,SLCE3,42.77
2021-08-24,SMFT3,28.0
2021-08-24,SMTO3,33.21
2021-08-24,STBP3,8.09
2021-08-24,SUZB3,59.05
2021-08-24,TAEE11,39.94
2021-08-24,TEND3,20.81
2021-08-24,TIMS3,12.21
2021-08-24,TOTS3,37.52
2021-08-24,UGPA3,15.47
2021-08-24,USIM5,17.94
2021-08-24,VALE3,99.71
2021-08-24,VAMO3,16.24
2021-08-24,VIVA3,32.09
2021-08-24,VIVT3,43.54
2021-08-24,WEGE3,35.66
2021-08-24,YDUQ3,27.9
2021-08-25,ABEV3,17.58
2021-08-25,ASAI3,17.85
2021-08-25,AZUL4,39.74
2021-08-25,B3SA3,13.99
2021-08-25,BBAS3,30.5
2021-08-25,BBDC3,20.09
2021-08-25,BBDC4,23.42
2021-08-25,BBSE3,20.19
2021-08-25,BEEF3,8.52
2021-08-25,BPAC11,28.8
2021-08-25,BRAP4,64.15
2021-08-25,BRFS3,23.8
2021-08-25,BRKM5,62.86
2021-08-25,CCRO3,12.66
2021-08-25,CEAB3,9.77
2021-08-25,CMIG4,13.14
2021-08-25,CMIN3,7.29
2021-08-25,COGN3,3.39
2021-08-25,CPFE3,29.02
2021-08-25,CPLE3,5.9
2021-08-25,CPLE6,6.72
2021-08-25,CRFB3,18.89
2021-08-25,CSAN3,22.59
2021-08-25,CSMG3,14.28
2021-08-25,CSNA3,37.7
2021-08-25,CURY3,8.4
2021-08-25,CVCB3,22.9
2021-08-25,CXSE3,10.28
2021-08-25,CYRE3,21.2
2021-08-25,DIRR3,13.11
2021-08-25,EGIE3,38.64
2021-08-25,ELET3,39.05
2021-08-25,ELET6,39.42
2021-08-25,EMBR3,23.34
2021-08-25,ENEV3,16.11
2021-08-25,ENGI11,45.18
2021-08-25,EQTL3,25.7
2021-08-25,FLRY3,24.2
2021-08-25,GGBR4,29.05
2021-08-25,GOAU4,13.31
2021-08-25,HAPV3,15.28
2021-08-25,HYPE3,35.03
2021-08-25,IRBR3,5.24
2021-08-25,ITSA4,11.49
2021-08-25,ITUB4,30.99
2021-08-25,JBSS3,31.78
2021-08-25,KLBN11,26.67
2021-08-25,LREN3,39.32
2021-08-25,LWSA3,24.97
2021-08-25,MGLU3,19.55
2021-08-25,MRFG3,20.91
2021-08-25,MRVE3,13.57
2021-08-25,MULT3,21.8
2021-08-25,NTCO3,54.07
2021-08-25,PCAR3,29.98
2021-08-25,PETR3,28.45
2021-08-25,PETR4,27.73
2021-08-25,PETZ3,28.35
2021-08-25,POMO4,2.87
2021-08-25,PRIO3,18.92
2021-08-25,PSSA3,57.47
2021-08-25,RADL3,25.99
2021-08-25,RAIL3,18.87
2021-08-25,RAIZ4,7.34
2021-08-25,RDOR3,76.24
2021-08-25,RECV3,16.78
2021-08-25,RENT3,57.53
2021-08-25,SANB11,41.56
2021-08-25,SBSP3,36.21
2021-08-25,SLCE3,42.42
2021-08-25,SMFT3,27.4
2021-08-25,SMTO3,33.92
2021-08-25,STBP3,8.14
2021-08-25,SUZB3,62.26
2021-08-25,TAEE11,39.61
2021-08-25,TEND3,21.1
2021-08-25,TIMS3,12.25
2021-08-25,TOTS3,39.08
2021-08-25,UGPA3,15.44
2021-08-25,USIM5,17.94
2021-08-25,VALE3,99.5
2021-08-25,VAMO3,16.05
2021-08-25,VIVA3,32.92
2021-08-25,VIVT3,43.38
2021-08-25,WEGE3,36.38
2021-08-25,YDUQ3,27.97
2021-08-26,ABEV3,17.11
2021-08-26,ASAI3,17.37
2021-08-26,AZUL4,38.8
2021-08-26,B3SA3,13.66
2021-08-26,BBAS3,30.07
2021-08-26,BBDC3,19.69
2021-08-26,BBDC4,22.97
2021-08-26,BBSE3,19.62
2021-08-26,BEEF3,8.28
2021-08-26,BPAC11,28.07
2021-08-26,BRAP4,63.29
2021-08-26,BRFS3,23.58
2021-08-26,BRKM5,61.66
2021-08-26,CCRO3,12.37
2021-08-26,CEAB3,9.26
2021-08-26,CMIG4,13.03
2021-08-26,CMIN3,7.05
2021-08-26,COGN3,3.4
2021-08-26,CPFE3,28.81
2021-08-26,CPLE3,5.9
2021-08-26,CPLE6,6.5
2021-08-26,CRFB3,18.45
2021-08-26,CSAN3,22.16
2021-08-26,CSMG3,14.13
2021-08-26,CSNA3,36.56
2021-08-26,CURY3,8.13
2021-08-26,CVCB3,22.19
2021-08-26,CXSE3,10.13
2021-08-26,CYRE3,19.94
2021-08-26,DIRR3,12.99
2021-08-26,EGIE3,37.97
2021-08-26,ELET3,38.81
2021-08-26,ELET6,39.04
2021-08-26,EMBR3,23.12
2021-08-26,ENEV3,15.78
2021-08-26,ENGI11,44.15
2021-08-26,EQTL3,25.4
2021-08-26,FLRY3,24.02
2021-08-26,GGBR4,28.44
2021-08-26,GOAU4,12.8
2021-08-26,HAPV3,14.96
2021-08-26,HYPE3,34.54
2021-08-26,IRBR3,5.15
2021-08-26,ITSA4,11.2
2021-08-26,ITUB4,30.24
2021-08-26,JBSS3,31.38
2021-08-26,KLBN11,26.39
2021-08-26,LREN3,37.91
2021-08-26,LWSA3,24.39
2021-08-26,MGLU3,18.8
2021-08-26,MRFG3,20.96
2021-08-26,MRVE3,13.05
2021-08-26,MULT3,21.07
2021-08-26,NTCO3,52.65
2021-08-26,PCAR3,29.0
2021-08-26,PETR3,28.22
2021-08-26,PETR4,27.49
2021-08-26,PETZ3,27.5
2021-08-26,POMO4,2.81
2021-08-26,PRIO3,18.06
2021-08-26,PSSA3,57.35
2021-08-26,RADL3,25.72
2021-08-26,RAIL3,18.73
2021-08-26,RAIZ4,7.1
2021-08-26,RDOR3,74.54
2021-08-26,RECV3,16.47
2021-08-26,RENT3,55.96
2021-08-26,SANB11,40.9
2021-08-26,SBSP3,36.01
2021-08-26,SLCE3,41.3
2021-08-26,SMFT3,27.09
2021-08-26,SMTO3,32.58
2021-08-26,STBP3,7.87
2021-08-26,SUZB3,61.69
2021-08-26,TAEE11,38.14
2021-08-26,TEND3,20.45
2021-08-26,TIMS3,12.22
2021-08-26,TOTS3,38.95
2021-08-26,UGPA3,14.63
2021-08-26,USIM5,17.32
2021-08-26,VALE3,98.23
2021-08-26,VAMO3,15.63
2021-08-26,VIVA3,32.07
2021-08-26,VIVT3,43.14
2021-08-26,WEGE3,36.77
2021-08-26,YDUQ3,27.94
2021-08-27,ABEV3,17.04
2021-08-27,ASAI3,17.4
2021-08-27,AZUL4,39.17
2021-08-27,B3SA3,13.94
2021-08-27,BBAS3,30.53
2021-08-27,BBDC3,19.94
2021-08-27,BBDC4,23.27
2021-08-27,BBSE3,19.73
2021-08-27,BEEF3,8.35
2021-08-27,BPAC11,29.21
2021-08-27,BRAP4,64.37
2021-08-27,BRFS3,23.85
2021-08-27,BRKM5,62.6
2021-08-27,CCRO3,12.69
2021-08-27,CEAB3,9.47
2021-08-27,CMIG4,13.24
2021-08-27,CMIN3,7.34
2021-08-27,COGN3,3.39
2021-08-27,CPFE3,28.99
2021-08-27,CPLE3,5.84
2021-08-27,CPLE6,6.58
2021-08-27,CRFB3,18.75
2021-08-27,CSAN3,22.49
2021-08-27,CSMG3,14.15
2021-08-27,CSNA3,37.45
2021-08-27,CURY3,8.24
2021-08-27,CVCB3,21.9
2021-08-27,CXSE3,10.08
2021-08-27,CYRE3,21.31
2021-08-27,DIRR3,13.34
2021-08-27,EGIE3,38.31
2021-08-27,ELET3,38.83
2021-08-27,ELET6,39.07
2021-08-27,EMBR3,23.68
2021-08-27,ENEV3,16.18
2021-08-27,ENGI11,44.53
2021-08-27,EQTL3,25.3
2021-08-27,FLRY3,23.9
2021-08-27,GGBR4,28.95
2021-08-27,GOAU4,13.02
2021-08-27,HAPV3,14.85
2021-08-27,HYPE3,34.49
2021-08-27,IRBR3,5.27
2021-08-27,ITSA4,11.4
2021-08-27,ITUB4,30.76
2021-08-27,JBSS3,31.05
2021-08-27,KLBN11,26.72
2021-08-27,LREN3,38.21
2021-08-27,LWSA3,24.87
2021-08-27,MGLU3,19.03
2021-08-27,MRFG3,21.0
2021-08-27,MRVE3,13.67
2021-08-27,MULT3,21.48
2021-08-27,NTCO3,52.8
2021-08-27,PCAR3,29.18
2021-08-27,PETR3,29.08
2021-08-27,PETR4,28.49
2021-08-27,PETZ3,27.75
2021-08-27,POMO4,2.86
2021-08-27,PRIO3,19.4
2021-08-27,PSSA3,57.99
2021-08-27,RADL3,25.85
2021-08-27,RAIL3,19.01
2021-08-27,RAIZ4,7.19
2021-08-27,RDOR3,75.76
2021-08-27,RECV3,17.62
2021-08-27,RENT3,58.3
2021-08-27,SANB11,41.64
2021-08-27,SBSP3,37.02
2021-08-27,SLCE3,41.75
2021-08-27,SMFT3,27.1
2021-08-27,SMTO3,32.94
2021-08-27,STBP3,8.16
2021-08-27,SUZB3,61.9
2021-08-27,TAEE11,38.04
2021-08-27,TEND3,20.88
2021-08-27,TIMS3,12.22
2021-08-27,TOTS3,39.48
2021-08-27,UGPA3,14.66
2021-08-27,USIM5,18.5
2021-08-27,VALE3,100.69
2021-08-27,VAMO3,16.3
2021-08-27,VIVA3,32.91
2021-08-27,VIVT3,43.21
2021-08-27,WEGE3,36.9
2021-08-27,YDUQ3,27.39
2021-08-30,ABEV3,17.18
2021-08-30,ASAI3,17.16
2021-08-30,AZUL4,37.89
2021-08-30,B3SA3,13.7
2021-08-30,BBAS3,30.24
2021-08-30,BBDC3,19.77
2021-08-30,BBDC4,23.02
2021-08-30,BBSE3,19.29
2021-08-30,BEEF3,8.44
2021-08-30,BPAC11,28.74
2021-08-30,BRAP4,64.07
2021-08-30,BRFS3,23.58
2021-08-30,BRKM5,62.49
2021-08-30,CCRO3,12.61
2021-08-30,CEAB3,9.11
2021-08-30,CMIG4,13.18
2021-08-30,CMIN3,7.54
2021-08-30,COGN3,3.26
2021-08-30,CPFE3,29.02
2021-08-30,CPLE3,5.83
2021-08-30,CPLE6,6.57
2021-08-30,CRFB3,18.69
2021-08-30,CSAN3,22.2
2021-08-30,CSMG3,14.05
2021-08-30,CSNA3,36.69
2021-08-30,CURY3,8.0
2021-08-30,CVCB3,22.07
2021-08-30,CXSE3,9.94
2021-08-30,CYRE3,20.45
2021-08-30,DIRR3,13.07
2021-08-30,EGIE3,37.94
2021-08-30,ELET3,37.95
2021-08-30,ELET6,38.34
2021-08-30,EMBR3,23.15
2021-08-30,ENEV3,15.8
2021-08-30,ENGI11,44.53
2021-08-30,EQTL3,25.33
2021-08-30,FLRY3,23.76
2021-08-30,GGBR4,28.69
2021-08-30,GOAU4,13.03
2021-08-30,HAPV3,14.81
2021-08-30,HYPE3,34.37
2021-08-30,IRBR3,5.23
2021-08-30,ITSA4,11.32
2021-08-30,ITUB4,30.54
2021-08-30,JBSS3,31.18
2021-08-30,KLBN11,26.52
2021-08-30,LREN3,37.98
2021-08-30,LWSA3,24.77
2021-08-30,MGLU3,18.88
2021-08-30,MRFG3,20.97
2021-08-30,MRVE3,13.44
2021-08-30,MULT3,21.21
2021-08-30,NTCO3,52.45
2021-08-30,PCAR3,29.37
2021-08-30,PETR3,28.72
2021-08-30,PETR4,28.3
2021-08-30,PETZ3,27.0
2021-08-30,POMO4,2.8
2021-08-30,PRIO3,19.3
2021-08-30,PSSA3,57.83
2021-08-30,RADL3,25.88
2021-08-30,RAIL3,18.85
2021-08-30,RAIZ4,7.11
2021-08-30,RDOR3,73.3
2021-08-30,RECV3,17.8
2021-08-30,RENT3,56.75
2021-08-30,SANB11,41.29
2021-08-30,SBSP3,36.66
2021-08-30,SLCE3,42.05
2021-08-30,SMFT3,27.0
2021-08-30,SMTO3,33.07
2021-08-30,STBP3,8.1
2021-08-30,SUZB3,61.52
2021-08-30,TAEE11,38.2
2021-08-30,TEND3,20.65
2021-08-30,TIMS3,12.22
2021-08-30,TOTS3,39.9
2021-08-30,UGPA3,14.61
2021-08-30,USIM5,18.64
2021-08-30,VALE3,100.05
2021-08-30,VAMO3,15.89
2021-08-30,VIVA3,33.2
2021-08-30,VIVT3,43.37
2021-08-30,WEGE3,36.68
2021-08-30,YDUQ3,26.36
2021-08-31,ABEV3,17.1
2021-08-31,ASAI3,16.81
2021-08-31,AZUL4,37.73
2021-08-31,B3SA3,14.07
2021-08-31,BBAS3,30.43
2021-08-31,BBDC3,19.94
2021-08-31,BBDC4,23.15
2021-08-31,BBSE3,19.06
2021-08-31,BEEF3,8.36
2021-08-31,BPAC11,28.26
2021-08-31,BRAP4,63.15
2021-08-31,BRFS3,23.42
2021-08-31,BRKM5,65.99
2021-08-31,CCRO3,12.25
2021-08-31,CEAB3,8.89
2021-08-31,CMIG4,13.51
2021-08-31,CMIN3,7.12
2021-08-31,COGN3,3.21
2021-08-31,CPFE3,29.04
2021-08-31,CPLE3,5.95
2021-08-31,CPLE6,6.84
2021-08-31,CRFB3,18.15
2021-08-31,CSAN3,22.05
2021-08-31,CSMG3,13.96
2021-08-31,CSNA3,34.86
2021-08-31,CURY3,7.86
2021-08-31,CVCB3,21.29
2021-08-31,CXSE3,9.87
2021-08-31,CYRE3,20.22
2021-08-31,DIRR3,12.7
2021-08-31,EGIE3,37.55
2021-08-31,ELET3,37.63
2021-08-31,ELET6,37.77
2021-08-31,EMBR3,23.42
2021-08-31,ENEV3,15.67
2021-08-31,ENGI11,44.37
2021-08-31,EQTL3,25.45
2021-08-31,FLRY3,23.66
2021-08-31,GGBR4,28.32
2021-08-31,GOAU4,12.93
2021-08-31,HAPV3,14.72
2021-08-31,HYPE3,35.57
2021-08-31,IRBR3,5.34
2021-08-31,ITSA4,11.56
2021-08-31,ITUB4,30.94
2021-08-31,JBSS3,31.17
2021-08-31,KLBN11,26.31
2021-08-31,LREN3,38.06
2021-08-31,LWSA3,24.49
2021-08-31,MGLU3,18.24
2021-08-31,MRFG3,20.49
2021-08-31,MRVE3,13.69
2021-08-31,MULT3,21.1
2021-08-31,NTCO3,51.62
2021-08-31,PCAR3,28.33
2021-08-31,PETR3,27.92
2021-08-31,PETR4,27.19
2021-08-31,PETZ3,26.48
2021-08-31,POMO4,2.78
2021-08-31,PRIO3,19.17
2021-08-31,PSSA3,57.17
2021-08-31,RADL3,25.56
2021-08-31,RAIL3,18.72
2021-08-31,RAIZ4,7.1
2021-08-31,RDOR3,68.82
2021-08-31,RECV3,17.62
2021-08-31,RENT3,55.46
2021-08-31,SANB11,41.94
2021-08-31,SBSP3,36.13
2021-08-31,SLCE3,40.74
2021-08-31,SMFT3,27.0
2021-08-31,SMTO3,32.14
2021-08-31,STBP3,7.87
2021-08-31,SUZB3,61.0
2021-08-31,TAEE11,37.91
2021-08-31,TEND3,20.2
2021-08-31,TIMS3,12.46
2021-08-31,TOTS3,39.6
2021-08-31,UGPA3,14.44
2021-08-31,USIM5,18.49
2021-08-31,VALE3,98.68
2021-08-31,VAMO3,15.21
2021-08-31,VIVA3,33.2
2021-08-31,VIVT3,43.73
2021-08-31,WEGE3,35.56
2021-08-31,YDUQ3,25.59
2021-09-01,ABEV3,17.26
2021-09-01,ASAI3,17.03
2021-09-01,AZUL4,37.78
2021-09-01,B3SA3,14.43
2021-09-01,BBAS3,30.46
2021-09-01,BBDC3,19.96
2021-09-01,BBDC4,23.11
2021-09-01,BBSE3,19.34
2021-09-01,BEEF3,8.22
2021-09-01,BPAC11,27.97
2021-09-01,BRAP4,62.76
2021-09-01,BRFS3,24.02
2021-09-01,BRKM5,67.58
2021-09-01,CCRO3,12.3
2021-09-01,CEAB3,8.79
2021-09-01,CMIG4,13.97
2021-09-01,CMIN3,7.01
2021-09-01,COGN3,3.15
2021-09-01,CPFE3,27.41
2021-09-01,CPLE3,6.06
2021-09-01,CPLE6,7.1
2021-09-01,CRFB3,18.18
2021-09-01,CSAN3,22.57
2021-09-01,CSMG3,14.33
2021-09-01,CSNA3,34.88
2021-09-01,CURY3,7.84
2021-09-01,CVCB3,21.02
2021-09-01,CXSE3,9.81
2021-09-01,CYRE3,19.95
2021-09-01,DIRR3,12.6
2021-09-01,EGIE3,38.68
2021-09-01,ELET3,38.68
2021-09-01,ELET6,38.74
2021-09-01,EMBR3,22.93
2021-09-01,ENEV3,16.3
2021-09-01,ENGI11,45.22
2021-09-01,EQTL3,26.31
2021-09-01,FLRY3,23.91
2021-09-01,GGBR4,28.15
2021-09-01,GOAU4,12.73
2021-09-01,HAPV3,14.92
2021-09-01,HYPE3,35.03
2021-09-01,IRBR3,5.3
2021-09-01,ITSA4,11.66
2021-09-01,ITUB4,31.06
2021-09-01,JBSS3,31.17
2021-09-01,KLBN11,26.14
2021-09-01,LREN3,37.5
2021-09-01,LWSA3,24.81
2021-09-01,MGLU3,18.68
2021-09-01,MRFG3,21.49
2021-09-01,MRVE3,13.62
2021-09-01,MULT3,20.87
2021-09-01,NTCO3,52.62
2021-09-01,PCAR3,27.85
2021-09-01,PETR3,27.77
2021-09-01,PETR4,27.04
2021-09-01,PETZ3,25.66
2021-09-01,POMO4,2.74
2021-09-01,PRIO3,18.63
2021-09-01,PSSA3,56.54
2021-09-01,RADL3,26.26
2021-09-01,RAIL3,19.35
2021-09-01,RAIZ4,7.07
2021-09-01,RDOR3,68.0
2021-09-01,RECV3,16.85
2021-09-01,RENT3,54.97
2021-09-01,SANB11,41.66
2021-09-01,SBSP3,36.46
2021-09-01,SLCE3,46.2
2021-09-01,SMFT3,27.0
2021-09-01,SMTO3,32.84
2021-09-01,STBP3,7.73
2021-09-01,SUZB3,61.2
2021-09-01,TAEE11,38.11
2021-09-01,TEND3,20.05
2021-09-01,TIMS3,12.22
2021-09-01,TOTS3,40.6
2021-09-01,UGPA3,14.5
2021-09-01,USIM5,17.0
2021-09-01,VALE3,98.85
2021-09-01,VAMO3,15.56
2021-09-01,VIVA3,33.12
2021-09-01,VIVT3,43.22
2021-09-01,WEGE3,36.29
2021-09-01,YDUQ3,25.76
2021-09-02,ABEV3,16.52
2021-09-02,ASAI3,17.54
2021-09-02,AZUL4,37.12
2021-09-02,B3SA3,14.07
2021-09-02,BBAS3,29.2
2021-09-02,BBDC3,19.19
2021-09-02,BBDC4,22.28
2021-09-02,BBSE3,18.69
2021-09-02,BEEF3,7.92
2021-09-02,BPAC11,27.62
2021-09-02,BRAP4,62.37
2021-09-02,BRFS3,23.64
2021-09-02,BRKM5,67.07
2021-09-02,CCRO3,12.0
2021-09-02,CEAB3,8.62
2021-09-02,CMIG4,13.69
2021-09-02,CMIN3,6.8
2021-09-02,COGN3,3.06
2021-09-02,CPFE3,27.22
2021-09-02,CPLE3,5.98
2021-09-02,CPLE6,6.98
2021-09-02,CRFB3,18.15
2021-09-02,CSAN3,22.29
2021-09-02,CSMG3,14.19
2021-09-02,CSNA3,34.22
2021-09-02,CURY3,7.7
2021-09-02,CVCB3,20.35
2021-09-02,CXSE3,9.51
2021-09-02,CYRE3,19.28
2021-09-02,DIRR3,12.54
2021-09-02,EGIE3,39.08
2021-09-02,ELET3,36.75
2021-09-02,ELET6,37.1
2021-09-02,EMBR3,22.78
2021-09-02,ENEV3,15.95
2021-09-02,ENGI11,44.38
2021-09-02,EQTL3,26.02
2021-09-02,FLRY3,23.37
2021-09-02,GGBR4,27.39
2021-09-02,GOAU4,12.42
2021-09-02,HAPV3,14.71
2021-09-02,HYPE3,34.08
2021-09-02,IRBR3,5.18
2021-09-02,ITSA4,11.27
2021-09-02,ITUB4,29.94
2021-09-02,JBSS3,30.23
2021-09-02,KLBN11,25.3
2021-09-02,LREN3,36.53
2021-09-02,LWSA3,24.22
2021-09-02,MGLU3,18.01
2021-09-02,MRFG3,21.03
2021-09-02,MRVE3,13.22
2021-09-02,MULT3,20.37
2021-09-02,NTCO3,50.34
2021-09-02,PCAR3,27.09
2021-09-02,PETR3,27.29
2021-09-02,PETR4,26.6
2021-09-02,PETZ3,26.05
2021-09-02,POMO4,2.66
2021-09-02,PRIO3,18.77
2021-09-02,PSSA3,55.58
2021-09-02,RADL3,25.44
2021-09-02,RAIL3,19.01
2021-09-02,RAIZ4,6.8
2021-09-02,RDOR3,68.98
2021-09-02,RECV3,16.45
2021-09-02,RENT3,54.22
2021-09-02,SANB11,39.48
2021-09-02,SBSP3,36.49
2021-09-02,SLCE3,44.55
2021-09-02,SMFT3,26.15
2021-09-02,SMTO3,32.0
2021-09-02,STBP3,7.62
2021-09-02,SUZB3,60.74
2021-09-02,TAEE11,37.74
2021-09-02,TEND3,19.71
2021-09-02,TIMS3,11.84
2021-09-02,TOTS3,39.3
2021-09-02,UGPA3,14.38
2021-09-02,USIM5,16.23
2021-09-02,VALE3,98.54
2021-09-02,VAMO3,15.25
2021-09-02,VIVA3,32.39
2021-09-02,VIVT3,42.43
2021-09-02,WEGE3,35.74
2021-09-02,YDUQ3,24.5
2021-09-03,ABEV3,16.56
2021-09-03,ASAI3,18.16
2021-09-03,AZUL4,36.65
2021-09-03,B3SA3,14.05
2021-09-03,BBAS3,29.13
2021-09-03,BBDC3,19.19
2021-09-03,BBDC4,22.17
2021-09-03,BBSE3,19.18
2021-09-03,BEEF3,7.79
2021-09-03,BPAC11,27.43
2021-09-03,BRAP4,62.56
2021-09-03,BRFS3,23.77
2021-09-03,BRKM5,66.78
2021-09-03,CCRO3,11.92
2021-09-03,CEAB3,8.75
2021-09-03,CMIG4,13.61
2021-09-03,CMIN3,6.94
2021-09-03,COGN3,3.04
2021-09-03,CPFE3,27.33
2021-09-03,CPLE3,6.05
2021-09-03,CPLE6,6.79
2021-09-03,CRFB3,18.32
2021-09-03,CSAN3,22.13
2021-09-03,CSMG3,13.95
2021-09-03,CSNA3,34.81
2021-09-03,CURY3,7.7
2021-09-03,CVCB3,20.05
2021-09-03,CXSE3,9.73
2021-09-03,CYRE3,18.89
2021-09-03,DIRR3,12.0
2021-09-03,EGIE3,39.3
2021-09-03,ELET3,37.2
2021-09-03,ELET6,37.82
2021-09-03,EMBR3,21.76
2021-09-03,ENEV3,15.87
2021-09-03,ENGI11,43.81
2021-09-03,EQTL3,25.65
2021-09-03,FLRY3,23.81
2021-09-03,GGBR4,27.38
2021-09-03,GOAU4,12.44
2021-09-03,HAPV3,14.89
2021-09-03,HYPE3,34.48
2021-09-03,IRBR3,5.15
2021-09-03,ITSA4,11.25
2021-09-03,ITUB4,29.77
2021-09-03,JBSS3,31.1
2021-09-03,KLBN11,25.74
2021-09-03,LREN3,37.12
2021-09-03,LWSA3,23.98
2021-09-03,MGLU3,18.9
2021-09-03,MRFG3,21.34
2021-09-03,MRVE3,13.22
2021-09-03,MULT3,20.17
2021-09-03,NTCO3,50.72
2021-09-03,PCAR3,27.11
2021-09-03,PETR3,27.3
2021-09-03,PETR4,26.33
2021-09-03,PETZ3,26.6
2021-09-03,POMO4,2.69
2021-09-03,PRIO3,18.15
2021-09-03,PSSA3,54.48
2021-09-03,RADL3,26.09
2021-09-03,RAIL3,18.99
2021-09-03,RAIZ4,7.0
2021-09-03,RDOR3,68.5
2021-09-03,RECV3,16.55
2021-09-03,RENT3,54.79
2021-09-03,SANB11,38.94
2021-09-03,SBSP3,35.6
2021-09-03,SLCE3,44.3
2021-09-03,SMFT3,25.95
2021-09-03,SMTO3,31.14
2021-09-03,STBP3,7.7
2021-09-03,SUZB3,61.71
2021-09-03,TAEE11,37.55
2021-09-03,TEND3,19.38
2021-09-03,TIMS3,11.9
2021-09-03,TOTS3,39.17
2021-09-03,UGPA3,14.76
2021-09-03,USIM5,16.28
2021-09-03,VALE3,98.61
2021-09-03,VAMO3,15.6
2021-09-03,VIVA3,32.27
2021-09-03,VIVT3,42.09
2021-09-03,WEGE3,36.25
2021-09-03,YDUQ3,24.85
2021-09-06,ABEV3,17.19
2021-09-06,ASAI3,18.35
2021-09-06,AZUL4,36.31
2021-09-06,B3SA3,14.32
2021-09-06,BBAS3,29.65
2021-09-06,BBDC3,19.38
2021-09-06,BBDC4,22.4
2021-09-06,BBSE3,19.27
2021-09-06,BEEF3,8.31
2021-09-06,BPAC11,27.94
2021-09-06,BRAP4,62.03
2021-09-06,BRFS3,23.98
2021-09-06,BRKM5,67.07
2021-09-06,CCRO3,11.98
2021-09-06,CEAB3,9.12
2021-09-06,CMIG4,13.49
2021-09-06,CMIN3,7.03
2021-09-06,COGN3,3.06
2021-09-06,CPFE3,27.56
2021-09-06,CPLE3,6.08
2021-09-06,CPLE6,7.13
2021-09-06,CRFB3,18.77
2021-09-06,CSAN3,22.35
2021-09-06,CSMG3,14.2
2021-09-06,CSNA3,34.15
2021-09-06,CURY3,7.53
2021-09-06,CVCB3,20.85
2021-09-06,CXSE3,9.54
2021-09-06,CYRE3,19.41
2021-09-06,DIRR3,11.92
2021-09-06,EGIE3,39.5
2021-09-06,ELET3,37.8
2021-09-06,ELET6,38.36
2021-09-06,EMBR3,21.55
2021-09-06,ENEV3,15.99
2021-09-06,ENGI11,44.24
2021-09-06,EQTL3,25.4
2021-09-06,FLRY3,24.15
2021-09-06,GGBR4,27.69
2021-09-06,GOAU4,12.53
2021-09-06,HAPV3,15.16
2021-09-06,HYPE3,34.77
2021-09-06,IRBR3,5.27
2021-09-06,ITSA4,11.46
2021-09-06,ITUB4,30.15
2021-09-06,JBSS3,32.1
2021-09-06,KLBN11,25.74
2021-09-06,LREN3,37.12
2021-09-06,LWSA3,24.51
2021-09-06,MGLU3,19.48
2021-09-06,MRFG3,21.89
2021-09-06,MRVE3,13.72
2021-09-06,MULT3,20.54
2021-09-06,NTCO3,51.16
2021-09-06,PCAR3,28.94
2021-09-06,PETR3,27.37
2021-09-06,PETR4,26.46
2021-09-06,PETZ3,26.61
2021-09-06,POMO4,2.76
2021-09-06,PRIO3,18.53
2021-09-06,PSSA3,54.73
2021-09-06,RADL3,26.16
2021-09-06,RAIL3,18.94
2021-09-06,RAIZ4,6.93
2021-09-06,RDOR3,71.32
2021-09-06,RECV3,16.4
2021-09-06,RENT3,55.43
2021-09-06,SANB11,39.17
2021-09-06,SBSP3,35.6
2021-09-06,SLCE3,45.0
2021-09-06,SMFT3,26.09
2021-09-06,SMTO3,31.95
2021-09-06,STBP3,7.78
2021-09-06,SUZB3,61.48
2021-09-06,TAEE11,37.78
2021-09-06,TEND3,19.54
2021-09-06,TIMS3,12.14
2021-09-06,TOTS3,39.0
2021-09-06,UGPA3,14.97
2021-09-06,USIM5,16.54
2021-09-06,VALE3,97.06
2021-09-06,VAMO3,16.5
2021-09-06,VIVA3,32.23
2021-09-06,VIVT3,42.43
2021-09-06,WEGE3,36.38
2021-09-06,YDUQ3,24.68
2021-09-08,ABEV3,16.21
2021-09-08,ASAI3,17.91
2021-09-08,AZUL4,34.67
2021-09-08,B3SA3,13.12
2021-09-08,BBAS3,28.4
2021-09-08,BBDC3,18.15
2021-09-08,BBDC4,21.11
2021-09-08,BBSE3,18.4
2021-09-08,BEEF3,8.21
2021-09-08,BPAC11,26.58
2021-09-08,BRAP4,60.42
2021-09-08,BRFS3,23.38
2021-09-08,BRKM5,65.28
2021-09-08,CCRO3,11.67
2021-09-08,CEAB3,8.59
2021-09-08,CMIG4,13.25
2021-09-08,CMIN3,6.75
2021-09-08,COGN3,2.87
2021-09-08,CPFE3,27.06
2021-09-08,CPLE3,5.77
2021-09-08,CPLE6,6.8
2021-09-08,CRFB3,17.91
2021-09-08,CSAN3,21.7
2021-09-08,CSMG3,13.75
2021-09-08,CSNA3,33.21
2021-09-08,CURY3,7.11
2021-09-08,CVCB3,19.57
2021-09-08,CXSE3,9.14
2021-09-08,CYRE3,18.19
2021-09-08,DIRR3,11.38
2021-09-08,EGIE3,38.27
2021-09-08,ELET3,34.29
2021-09-08,ELET6,34.95
2021-09-08,EMBR3,21.07
2021-09-08,ENEV3,15.59
2021-09-08,ENGI11,43.03
2021-09-08,EQTL3,24.65
2021-09-08,FLRY3,23.55
2021-09-08,GGBR4,27.05
2021-09-08,GOAU4,12.27
2021-09-08,HAPV3,14.57
2021-09-08,HYPE3,33.6
2021-09-08,IRBR3,5.2
2021-09-08,ITSA4,10.92
2021-09-08,ITUB4,28.72
2021-09-08,JBSS3,31.27
2021-09-08,KLBN11,25.45
2021-09-08,LREN3,35.18
2021-09-08,LWSA3,22.55
2021-09-08,MGLU3,18.79
2021-09-08,MRFG3,21.86
2021-09-08,MRVE3,12.95
2021-09-08,MULT3,19.64
2021-09-08,NTCO3,49.98
2021-09-08,PCAR3,26.6
2021-09-08,PETR3,25.85
2021-09-08,PETR4,24.97
2021-09-08,PETZ3,25.57
2021-09-08,POMO4,2.61
2021-09-08,PRIO3,18.26
2021-09-08,PSSA3,52.61
2021-09-08,RADL3,25.38
2021-09-08,RAIL3,18.23
2021-09-08,RAIZ4,6.53
2021-09-08,RDOR3,70.0
2021-09-08,RECV3,15.75
2021-09-08,RENT3,59.88
2021-09-08,SANB11,37.23
2021-09-08,SBSP3,33.64
2021-09-08,SLCE3,43.87
2021-09-08,SMFT3,25.0
2021-09-08,SMTO3,30.39
2021-09-08,STBP3,7.38
2021-09-08,SUZB3,62.59
2021-09-08,TAEE11,36.84
2021-09-08,TEND3,18.77
2021-09-08,TIMS3,11.74
2021-09-08,TOTS3,37.4
2021-09-08,UGPA3,14.13
2021-09-08,USIM5,15.59
2021-09-08,VALE3,95.04
2021-09-08,VAMO3,15.76
2021-09-08,VIVA3,30.12
2021-09-08,VIVT3,41.08
2021-09-08,WEGE3,36.49
2021-09-08,YDUQ3,23.1
2021-09-09,ABEV3,16.31
2021-09-09,ASAI3,18.2
2021-09-09,AZUL4,35.5
2021-09-09,B3SA3,13.63
2021-09-09,BBAS3,28.9
2021-09-09,BBDC3,18.29
2021-09-09,BBDC4,21.2
2021-09-09,BBSE3,18.82
2021-09-09,BEEF3,8.53
2021-09-09,BPAC11,27.87
2021-09-09,BRAP4,60.19
2021-09-09,BRFS3,23.43
2021-09-09,BRKM5,67.08
2021-09-09,CCRO3,11.84
2021-09-09,CEAB3,8.68
2021-09-09,CMIG4,13.37
2021-09-09,CMIN3,6.65
2021-09-09,COGN3,2.98
2021-09-09,CPFE3,27.86
2021-09-09,CPLE3,5.88
2021-09-09,CPLE6,7.06
2021-09-09,CRFB3,18.5
2021-09-09,CSAN3,22.19
2021-09-09,CSMG3,13.95
2021-09-09,CSNA3,34.2
2021-09-09,CURY3,7.45
2021-09-09,CVCB3,20.21
2021-09-09,CXSE3,9.22
2021-09-09,CYRE3,18.53
2021-09-09,DIRR3,11.46
2021-09-09,EGIE3,39.19
2021-09-09,ELET3,36.37
2021-09-09,ELET6,36.68
2021-09-09,EMBR3,21.63
2021-09-09,ENEV3,15.91
2021-09-09,ENGI11,44.26
2021-09-09,EQTL3,24.98
2021-09-09,FLRY3,24.22
2021-09-09,GGBR4,27.41
2021-09-09,GOAU4,12.48
2021-09-09,HAPV3,14.86
2021-09-09,HYPE3,34.8
2021-09-09,IRBR3,5.2
2021-09-09,ITSA4,11.14
2021-09-09,ITUB4,29.1
2021-09-09,JBSS3,32.33
2021-09-09,KLBN11,25.95
2021-09-09,LREN3,35.81
2021-09-09,LWSA3,23.12
2021-09-09,MGLU3,18.85
2021-09-09,MRFG3,22.43
2021-09-09,MRVE3,13.61
2021-09-09,MULT3,20.49
2021-09-09,NTCO3,50.63
2021-09-09,PCAR3,28.12
2021-09-09,PETR3,26.09
2021-09-09,PETR4,25.5
2021-09-09,PETZ3,26.98
2021-09-09,POMO4,2.65
2021-09-09,PRIO3,19.78
2021-09-09,PSSA3,53.0
2021-09-09,RADL3,25.84
2021-09-09,RAIL3,18.56
2021-09-09,RAIZ4,6.41
2021-09-09,RDOR3,70.81
2021-09-09,RECV3,16.05
2021-09-09,RENT3,60.0
2021-09-09,SANB11,37.43
2021-09-09,SBSP3,34.28
2021-09-09,SLCE3,45.19
2021-09-09,SMFT3,25.0
2021-09-09,SMTO3,31.52
2021-09-09,STBP3,7.54
2021-09-09,SUZB3,62.25
2021-09-09,TAEE11,37.09
2021-09-09,TEND3,18.94
2021-09-09,TIMS3,11.99
2021-09-09,TOTS3,37.92
2021-09-09,UGPA3,14.56
2021-09-09,USIM5,15.67
2021-09-09,VALE3,94.7
2021-09-09,VAMO3,15.63
2021-09-09,VIVA3,30.54
2021-09-09,VIVT3,42.23
2021-09-09,WEGE3,38.84
2021-09-09,YDUQ3,23.59
2021-09-10,ABEV3,16.1
2021-09-10,ASAI3,18.18
2021-09-10,AZUL4,34.92
2021-09-10,B3SA3,13.81
2021-09-10,BBAS3,28.99
2021-09-10,BBDC3,18.1
2021-09-10,BBDC4,20.94
2021-09-10,BBSE3,19.06
2021-09-10,BEEF3,9.05
2021-09-10,BPAC11,26.93
2021-09-10,BRAP4,60.2
2021-09-10,BRFS3,24.14
2021-09-10,BRKM5,67.2
2021-09-10,CCRO3,11.78
2021-09-10,CEAB3,8.74
2021-09-10,CMIG4,13.46
2021-09-10,CMIN3,6.7
2021-09-10,COGN3,3.01
2021-09-10,CPFE3,27.9
2021-09-10,CPLE3,5.89
2021-09-10,CPLE6,7.05
2021-09-10,CRFB3,18.42
2021-09-10,CSAN3,21.85
2021-09-10,CSMG3,14.09
2021-09-10,CSNA3,33.75
2021-09-10,CURY3,7.19
2021-09-10,CVCB3,20.32
2021-09-10,CXSE3,9.16
2021-09-10,CYRE3,18.92
2021-09-10,DIRR3,11.62
2021-09-10,EGIE3,38.66
2021-09-10,ELET3,36.38
2021-09-10,ELET6,37.0
2021-09-10,EMBR3,21.18
2021-09-10,ENEV3,15.88
2021-09-10,ENGI11,43.16
2021-09-10,EQTL3,24.85
2021-09-10,FLRY3,23.61
2021-09-10,GGBR4,27.3
2021-09-10,GOAU4,12.5
2021-09-10,HAPV3,14.66
2021-09-10,HYPE3,34.49
2021-09-10,IRBR3,5.21
2021-09-10,ITSA4,10.98
2021-09-10,ITUB4,28.81
2021-09-10,JBSS3,32.25
2021-09-10,KLBN11,25.38
2021-09-10,LREN3,36.17
2021-09-10,LWSA3,22.76
2021-09-10,MGLU3,17.18
2021-09-10,MRFG3,22.98
2021-09-10,MRVE3,13.43
2021-09-10,MULT3,20.19
2021-09-10,NTCO3,50.4
2021-09-10,PCAR3,27.33
2021-09-10,PETR3,26.07
2021-09-10,PETR4,25.34
2021-09-10,PETZ3,26.45
2021-09-10,POMO4,2.68
2021-09-10,PRIO3,19.1
2021-09-10,PSSA3,53.3
2021-09-10,RADL3,25.55
2021-09-10,RAIL3,18.12
2021-09-10,RAIZ4,6.5
2021-09-10,RDOR3,68.0
2021-09-10,RECV3,15.5
2021-09-10,RENT3,57.27
2021-09-10,SANB11,36.83
2021-09-10,SBSP3,33.99
2021-09-10,SLCE3,44.6
2021-09-10,SMFT3,26.07
2021-09-10,SMTO3,31.19
2021-09-10,STBP3,7.56
2021-09-10,SUZB3,60.66
2021-09-10,TAEE11,37.03
2021-09-10,TEND3,19.32
2021-09-10,TIMS3,12.03
2021-09-10,TOTS3,38.2
2021-09-10,UGPA3,14.28
2021-09-10,USIM5,15.31
2021-09-10,VALE3,94.81
2021-09-10,VAMO3,15.58
2021-09-10,VIVA3,31.2
2021-09-10,VIVT3,42.22
2021-09-10,WEGE3,38.66
2021-09-10,YDUQ3,23.26
2021-09-13,ABEV3,16.35
2021-09-13,ASAI3,18.67
2021-09-13,AZUL4,35.8
2021-09-13,B3SA3,14.2
2021-09-13,BBAS3,29.63
2021-09-13,BBDC3,18.4
2021-09-13,BBDC4,21.37
2021-09-13,BBSE3,19.57
2021-09-13,BEEF3,9.17
2021-09-13,BPAC11,27.56
2021-09-13,BRAP4,60.39
2021-09-13,BRFS3,24.6
2021-09-13,BRKM5,67.4
2021-09-13,CCRO3,11.71
2021-09-13,CEAB3,9.01
2021-09-13,CMIG4,13.67
2021-09-13,CMIN3,6.77
2021-09-13,COGN3,3.21
2021-09-13,CPFE3,27.92
2021-09-13,CPLE3,6.02
2021-09-13,CPLE6,7.13
2021-09-13,CRFB3,18.74
2021-09-13,CSAN3,22.62
2021-09-13,CSMG3,14.51
2021-09-13,CSNA3,33.61
2021-09-13,CURY3,7.85
2021-09-13,CVCB3,22.21
2021-09-13,CXSE3,9.38
2021-09-13,CYRE3,19.85
2021-09-13,DIRR3,12.17
2021-09-13,EGIE3,39.1
2021-09-13,ELET3,37.54
2021-09-13,ELET6,37.92
2021-09-13,EMBR3,21.87
2021-09-13,ENEV3,16.37
2021-09-13,ENGI11,43.45
2021-09-13,EQTL3,25.29
2021-09-13,FLRY3,24.13
2021-09-13,GGBR4,27.51
2021-09-13,GOAU4,12.64
2021-09-13,HAPV3,15.18
2021-09-13,HYPE3,34.81
2021-09-13,IRBR3,5.5
2021-09-13,ITSA4,11.13
2021-09-13,ITUB4,29.17
2021-09-13,JBSS3,33.17
2021-09-13,KLBN11,25.6
2021-09-13,LREN3,37.17
2021-09-13,LWSA3,23.4
2021-09-13,MGLU3,17.44
2021-09-13,MRFG3,21.39
2021-09-13,MRVE3,14.01
2021-09-13,MULT3,20.74
2021-09-13,NTCO3,50.48
2021-09-13,PCAR3,27.81
2021-09-13,PETR3,26.88
2021-09-13,PETR4,26.23
2021-09-13,PETZ3,25.99
2021-09-13,POMO4,2.74
2021-09-13,PRIO3,19.52
2021-09-13,PSSA3,52.96
2021-09-13,RADL3,26.07
2021-09-13,RAIL3,18.45
2021-09-13,RAIZ4,6.95
2021-09-13,RDOR3,70.5
2021-09-13,RECV3,16.5
2021-09-13,RENT3,59.0
2021-09-13,SANB11,37.15
2021-09-13,SBSP3,34.95
2021-09-13,SLCE3,44.36
2021-09-13,SMFT3,27.29
2021-09-13,SMTO3,31.8
2021-09-13,STBP3,7.66
2021-09-13,SUZB3,59.92
2021-09-13,TAEE11,37.53
2021-09-13,TEND3,19.85
2021-09-13,TIMS3,12.28
2021-09-13,TOTS3,38.0
2021-09-13,UGPA3,14.89
2021-09-13,USIM5,15.93
2021-09-13,VALE3,94.76
2021-09-13,VAMO3,15.95
2021-09-13,VIVA3,32.05
2021-09-13,VIVT3,42.45
2021-09-13,WEGE3,38.9
2021-09-13,YDUQ3,25.12
2021-09-14,ABEV3,16.44
2021-09-14,ASAI3,18.33
2021-09-14,AZUL4,35.2
2021-09-14,B3SA3,14.13
2021-09-14,BBAS3,29.23
2021-09-14,BBDC3,18.27
2021-09-14,BBDC4,21.23
2021-09-14,BBSE3,19.62
2021-09-14,BEEF3,9.41
2021-09-14,BPAC11,27.63
2021-09-14,BRAP4,60.64
2021-09-14,BRFS3,23.89
2021-09-14,BRKM5,69.42
2021-09-14,CCRO3,11.77
2021-09-14,CEAB3,8.93
2021-09-14,CMIG4,13.76
2021-09-14,CMIN3,6.59
2021-09-14,COGN3,3.17
2021-09-14,CPFE3,27.88
2021-09-14,CPLE3,6.03
2021-09-14,CPLE6,7.13
2021-09-14,CRFB3,18.67
2021-09-14,CSAN3,23.5
2021-09-14,CSMG3,14.4
2021-09-14,CSNA3,33.13
2021-09-14,CURY3,8.2
2021-09-14,CVCB3,21.56
2021-09-14,CXSE3,9.38
2021-09-14,CYRE3,19.78
2021-09-14,DIRR3,12.68
2021-09-14,EGIE3,39.28
2021-09-14,ELET3,38.2
2021-09-14,ELET6,38.63
2021-09-14,EMBR3,21.33
2021-09-14,ENEV3,16.93
2021-09-14,ENGI11,43.45
2021-09-14,EQTL3,25.28
2021-09-14,FLRY3,24.29
2021-09-14,GGBR4,27.55
2021-09-14,GOAU4,12.55
2021-09-14,HAPV3,15.23
2021-09-14,HYPE3,34.8
2021-09-14,IRBR3,5.4
2021-09-14,ITSA4,11.06
2021-09-14,ITUB4,28.99
2021-09-14,JBSS3,33.28
2021-09-14,KLBN11,25.75
2021-09-14,LREN3,37.38
2021-09-14,LWSA3,25.32
2021-09-14,MGLU3,17.03
2021-09-14,MRFG3,21.51
2021-09-14,MRVE3,14.08
2021-09-14,MULT3,20.49
2021-09-14,NTCO3,49.95
2021-09-14,PCAR3,28.0
2021-09-14,PETR3,26.68
2021-09-14,PETR4,25.88
2021-09-14,PETZ3,27.0
2021-09-14,POMO4,2.69
2021-09-14,PRIO3,19.63
2021-09-14,PSSA3,52.41
2021-09-14,RADL3,26.0
2021-09-14,RAIL3,18.42
2021-09-14,RAIZ4,7.19
2021-09-14,RDOR3,70.3
2021-09-14,RECV3,16.75
2021-09-14,RENT3,58.0
2021-09-14,SANB11,36.92
2021-09-14,SBSP3,35.09
2021-09-14,SLCE3,44.04
2021-09-14,SMFT3,26.91
2021-09-14,SMTO3,32.42
2021-09-14,STBP3,7.66
2021-09-14,SUZB3,60.05
2021-09-14,TAEE11,38.03
2021-09-14,TEND3,20.03
2021-09-14,TIMS3,12.19
2021-09-14,TOTS3,38.55
2021-09-14,UGPA3,14.51
2021-09-14,USIM5,15.68
2021-09-14,VALE3,94.09
2021-09-14,VAMO3,16.14
2021-09-14,VIVA3,31.96
2021-09-14,VIVT3,42.79
2021-09-14,WEGE3,39.38
2021-09-14,YDUQ3,24.86
2021-09-15,ABEV3,16.02
2021-09-15,ASAI3,18.59
2021-09-15,AZUL4,34.84
2021-09-15,B3SA3,14.05
2021-09-15,BBAS3,29.0
2021-09-15,BBDC3,18.13
2021-09-15,BBDC4,21.04
2021-09-15,BBSE3,19.22
2021-09-15,BEEF3,9.6
2021-09-15,BPAC11,27.5
2021-09-15,BRAP4,63.81
2021-09-15,BRFS3,23.88
2021-09-15,BRKM5,70.17
2021-09-15,CCRO3,11.36
2021-09-15,CEAB3,8.73
2021-09-15,CMIG4,13.75
2021-09-15,CMIN3,6.34
2021-09-15,COGN3,3.03
2021-09-15,CPFE3,27.76
2021-09-15,CPLE3,5.89
2021-09-15,CPLE6,6.94
2021-09-15,CRFB3,18.58
2021-09-15,CSAN3,23.55
2021-09-15,CSMG3,14.43
2021-09-15,CSNA3,33.34
2021-09-15,CURY3,8.13
2021-09-15,CVCB3,21.83
2021-09-15,CXSE3,9.18
2021-09-15,CYRE3,19.65
2021-09-15,DIRR3,12.58
2021-09-15,EGIE3,38.86
2021-09-15,ELET3,38.01
2021-09-15,ELET6,38.26
2021-09-15,EMBR3,21.44
2021-09-15,ENEV3,17.0
2021-09-15,ENGI11,43.18
2021-09-15,EQTL3,25.35
2021-09-15,FLRY3,24.23
2021-09-15,GGBR4,27.33
2021-09-15,GOAU4,12.54
2021-09-15,HAPV3,15.38
2021-09-15,HYPE3,34.25
2021-09-15,IRBR3,5.33
2021-09-15,ITSA4,11.06
2021-09-15,ITUB4,28.52
2021-09-15,JBSS3,32.66
2021-09-15,KLBN11,25.13
2021-09-15,LREN3,36.79
2021-09-15,LWSA3,24.86
2021-09-15,MGLU3,16.62
2021-09-15,MRFG3,21.41
2021-09-15,MRVE3,13.91
2021-09-15,MULT3,20.22
2021-09-15,NTCO3,48.25
2021-09-15,PCAR3,27.5
2021-09-15,PETR3,26.97
2021-09-15,PETR4,26.33
2021-09-15,PETZ3,26.9
2021-09-15,POMO4,2.67
2021-09-15,PRIO3,21.09
2021-09-15,PSSA3,51.43
2021-09-15,RADL3,25.82
2021-09-15,RAIL3,18.21
2021-09-15,RAIZ4,7.24
2021-09-15,RDOR3,69.66
2021-09-15,RECV3,17.38
2021-09-15,RENT3,57.4
2021-09-15,SANB11,36.16
2021-09-15,SBSP3,34.93
2021-09-15,SLCE3,44.12
2021-09-15,SMFT3,26.53
2021-09-15,SMTO3,32.53
2021-09-15,STBP3,7.66
2021-09-15,SUZB3,58.12
2021-09-15,TAEE11,37.48
2021-09-15,TEND3,19.82
2021-09-15,TIMS3,12.05
2021-09-15,TOTS3,39.0
2021-09-15,UGPA3,14.28
2021-09-15,USIM5,15.54
2021-09-15,VALE3,91.74
2021-09-15,VAMO3,16.01
2021-09-15,VIVA3,31.55
2021-09-15,VIVT3,41.42
2021-09-15,WEGE3,39.84
2021-09-15,YDUQ3,24.98
2021-09-16,ABEV3,16.13
2021-09-16,ASAI3,19.16
2021-09-16,AZUL4,35.18
2021-09-16,B3SA3,14.12
2021-09-16,BBAS3,29.47
2021-09-16,BBDC3,17.79
2021-09-16,BBDC4,20.77
2021-09-16,BBSE3,19.4
2021-09-16,BEEF3,9.84
2021-09-16,BPAC11,27.34
2021-09-16,BRAP4,61.47
2021-09-16,BRFS3,23.64
2021-09-16,BRKM5,69.49
2021-09-16,CCRO3,11.45
2021-09-16,CEAB3,8.62
2021-09-16,CMIG4,13.78
2021-09-16,CMIN3,6.07
2021-09-16,COGN3,3.04
2021-09-16,CPFE3,27.67
2021-09-16,CPLE3,5.84
2021-09-16,CPLE6,6.87
2021-09-16,CRFB3,18.14
2021-09-16,CSAN3,23.65
2021-09-16,CSMG3,14.43
2021-09-16,CSNA3,31.28
2021-09-16,CURY3,8.07
2021-09-16,CVCB3,21.35
2021-09-16,CXSE3,9.08
2021-09-16,CYRE3,19.69
2021-09-16,DIRR3,12.15
2021-09-16,EGIE3,38.9
2021-09-16,ELET3,37.69
2021-09-16,ELET6,38.2
2021-09-16,EMBR3,21.25
2021-09-16,ENEV3,16.68
2021-09-16,ENGI11,43.22
2021-09-16,EQTL3,25.65
2021-09-16,FLRY3,24.36
2021-09-16,GGBR4,26.4
2021-09-16,GOAU4,12.16
2021-09-16,HAPV3,15.28
2021-09-16,HYPE3,33.53
2021-09-16,IRBR3,5.27
2021-09-16,ITSA4,11.12
2021-09-16,ITUB4,28.5
2021-09-16,JBSS3,33.03
2021-09-16,KLBN11,23.97
2021-09-16,LREN3,37.25
2021-09-16,LWSA3,24.08
2021-09-16,MGLU3,16.37
2021-09-16,MRFG3,21.63
2021-09-16,MRVE3,13.82
2021-09-16,MULT3,20.18
2021-09-16,NTCO3,47.56
2021-09-16,PCAR3,26.86
2021-09-16,PETR3,26.72
2021-09-16,PETR4,26.1
2021-09-16,PETZ3,26.8
2021-09-16,POMO4,2.69
2021-09-16,PRIO3,20.89
2021-09-16,PSSA3,52.02
2021-09-16,RADL3,26.1
2021-09-16,RAIL3,17.67
2021-09-16,RAIZ4,7.12
2021-09-16,RDOR3,69.93
2021-09-16,RECV3,17.45
2021-09-16,RENT3,57.23
2021-09-16,SANB11,36.51
2021-09-16,SBSP3,35.1
2021-09-16,SLCE3,44.34
2021-09-16,SMFT3,26.5
2021-09-16,SMTO3,32.63
2021-09-16,STBP3,7.56
2021-09-16,SUZB3,54.78
2021-09-16,TAEE11,37.34
2021-09-16,TEND3,19.11
2021-09-16,TIMS3,12.22
2021-09-16,TOTS3,38.8
2021-09-16,UGPA3,14.4
2021-09-16,USIM5,14.7
2021-09-16,VALE3,87.93
2021-09-16,VAMO3,16.15
2021-09-16,VIVA3,31.37
2021-09-16,VIVT3,41.51
2021-09-16,WEGE3,39.9
2021-09-16,YDUQ3,24.91
2021-09-17,ABEV3,15.74
2021-09-17,ASAI3,19.0
2021-09-17,AZUL4,34.76
2021-09-17,B3SA3,14.18
2021-09-17,BBAS3,28.94
2021-09-17,BBDC3,17.28
2021-09-17,BBDC4,20.02
2021-09-17,BBSE3,19.33
2021-09-17,BEEF3,9.72
2021-09-17,BPAC11,26.59
2021-09-17,BRAP4,59.24
2021-09-17,BRFS3,23.14
2021-09-17,BRKM5,66.01
2021-09-17,CCRO3,11.48
2021-09-17,CEAB3,8.2
2021-09-17,CMIG4,13.76
2021-09-17,CMIN3,5.96
2021-09-17,COGN3,2.97
2021-09-17,CPFE3,27.8
2021-09-17,CPLE3,6.2
2021-09-17,CPLE6,6.63
2021-09-17,CRFB3,18.21
2021-09-17,CSAN3,23.39
2021-09-17,CSMG3,14.57
2021-09-17,CSNA3,29.8
2021-09-17,CURY3,8.24
2021-09-17,CVCB3,20.42
2021-09-17,CXSE3,8.75
2021-09-17,CYRE3,19.67
2021-09-17,DIRR3,12.13
2021-09-17,EGIE3,38.82
2021-09-17,ELET3,37.85
2021-09-17,ELET6,38.24
2021-09-17,EMBR3,20.88
2021-09-17,ENEV3,16.55
2021-09-17,ENGI11,43.16
2021-09-17,EQTL3,25.77
2021-09-17,FLRY3,24.02
2021-09-17,GGBR4,24.6
2021-09-17,GOAU4,11.48
2021-09-17,HAPV3,15.25
2021-09-17,HYPE3,33.47
2021-09-17,IRBR3,5.18
2021-09-17,ITSA4,10.88
2021-09-17,ITUB4,27.82
2021-09-17,JBSS3,32.6
2021-09-17,KLBN11,23.3
2021-09-17,LREN3,36.55
2021-09-17,LWSA3,24.24
2021-09-17,MGLU3,16.57
2021-09-17,MRFG3,21.22
2021-09-17,MRVE3,13.77
2021-09-17,MULT3,20.14
2021-09-17,NTCO3,48.1
2021-09-17,PCAR3,26.5
2021-09-17,PETR3,25.5
2021-09-17,PETR4,24.93
2021-09-17,PETZ3,26.74
2021-09-17,POMO4,2.7
2021-09-17,PRIO3,20.07
2021-09-17,PSSA3,52.19
2021-09-17,RADL3,26.31
2021-09-17,RAIL3,17.53
2021-09-17,RAIZ4,7.24
2021-09-17,RDOR3,69.04
2021-09-17,RECV3,17.28
2021-09-17,RENT3,56.94
2021-09-17,SANB11,35.83
2021-09-17,SBSP3,35.27
2021-09-17,SLCE3,43.89
2021-09-17,SMFT3,26.5
2021-09-17,SMTO3,31.55
2021-09-17,STBP3,7.44
2021-09-17,SUZB3,52.61
2021-09-17,TAEE11,36.45
2021-09-17,TEND3,19.62
2021-09-17,TIMS3,12.16
2021-09-17,TOTS3,37.86
2021-09-17,UGPA3,13.89
2021-09-17,USIM5,13.92
2021-09-17,VALE3,86.15
2021-09-17,VAMO3,16.01
2021-09-17,VIVA3,30.57
2021-09-17,VIVT3,42.11
2021-09-17,WEGE3,39.19
2021-09-17,YDUQ3,24.44
2021-09-20,ABEV3,15.61
2021-09-20,ASAI3,18.82
2021-09-20,AZUL4,33.6
2021-09-20,B3SA3,13.68
2021-09-20,BBAS3,28.0
2021-09-20,BBDC3,16.69
2021-09-20,BBDC4,19.27
2021-09-20,BBSE3,18.91
2021-09-20,BEEF3,9.68
2021-09-20,BPAC11,25.77
2021-09-20,BRAP4,56.64
2021-09-20,BRFS3,22.82
2021-09-20,BRKM5,58.39
2021-09-20,CCRO3,11.44
2021-09-20,CEAB3,8.0
2021-09-20,CMIG4,13.74
2021-09-20,CMIN3,5.7
2021-09-20,COGN3,2.87
2021-09-20,CPFE3,27.59
2021-09-20,CPLE3,6.43
2021-09-20,CPLE6,6.94
2021-09-20,CRFB3,17.99
2021-09-20,CSAN3,23.02
2021-09-20,CSMG3,14.29
2021-09-20,CSNA3,28.88
2021-09-20,CURY3,8.05
2021-09-20,CVCB3,20.6
2021-09-20,CXSE3,8.37
2021-09-20,CYRE3,19.39
2021-09-20,DIRR3,12.1
2021-09-20,EGIE3,38.62
2021-09-20,ELET3,37.03
2021-09-20,ELET6,37.8
2021-09-20,EMBR3,20.36
2021-09-20,ENEV3,16.2
2021-09-20,ENGI11,42.6
2021-09-20,EQTL3,25.48
2021-09-20,FLRY3,23.58
2021-09-20,GGBR4,24.37
2021-09-20,GOAU4,11.25
2021-09-20,HAPV3,14.88
2021-09-20,HYPE3,33.14
2021-09-20,IRBR3,4.88
2021-09-20,ITSA4,10.69
2021-09-20,ITUB4,27.19
2021-09-20,JBSS3,32.57
2021-09-20,KLBN11,22.8
2021-09-20,LREN3,35.71
2021-09-20,LWSA3,22.96
2021-09-20,MGLU3,16.05
2021-09-20,MRFG3,20.85
2021-09-20,MRVE3,13.51
2021-09-20,MULT3,20.0
2021-09-20,NTCO3,47.38
2021-09-20,PCAR3,25.7
2021-09-20,PETR3,25.23
2021-09-20,PETR4,24.65
2021-09-20,PETZ3,25.5
2021-09-20,POMO4,2.6
2021-09-20,PRIO3,18.93
2021-09-20,PSSA3,50.7
2021-09-20,RADL3,25.95
2021-09-20,RAIL3,17.31
2021-09-20,RAIZ4,7.11
2021-09-20,RDOR3,67.7
2021-09-20,RECV3,15.68
2021-09-20,RENT3,55.44
2021-09-20,SANB11,34.66
2021-09-20,SBSP3,35.91
2021-09-20,SLCE3,42.05
2021-09-20,SMFT3,25.5
2021-09-20,SMTO3,31.08
2021-09-20,STBP3,7.23
2021-09-20,SUZB3,51.36
2021-09-20,TAEE11,36.45
2021-09-20,TEND3,19.24
2021-09-20,TIMS3,11.94
2021-09-20,TOTS3,36.9
2021-09-20,UGPA3,13.67
2021-09-20,USIM5,13.72
2021-09-20,VALE3,83.31
2021-09-20,VAMO3,15.3
2021-09-20,VIVA3,29.79
2021-09-20,VIVT3,41.84
2021-09-20,WEGE3,38.89
2021-09-20,YDUQ3,24.12
2021-09-21,ABEV3,15.66
2021-09-21,ASAI3,19.49
2021-09-21,AZUL4,33.83
2021-09-21,B3SA3,13.55
2021-09-21,BBAS3,28.71
2021-09-21,BBDC3,16.91
2021-09-21,BBDC4,19.55
2021-09-21,BBSE3,19.22
2021-09-21,BEEF3,9.65
2021-09-21,BPAC11,26.24
2021-09-21,BRAP4,50.48
2021-09-21,BRFS3,23.01
2021-09-21,BRKM5,58.46
2021-09-21,CCRO3,11.61
2021-09-21,CEAB3,8.25
2021-09-21,CMIG4,13.95
2021-09-21,CMIN3,5.84
2021-09-21,COGN3,2.99
2021-09-21,CPFE3,28.02
2021-09-21,CPLE3,6.5
2021-09-21,CPLE6,6.95
2021-09-21,CRFB3,18.1
2021-09-21,CSAN3,23.3
2021-09-21,CSMG3,14.66
2021-09-21,CSNA3,28.77
2021-09-21,CURY3,8.38
2021-09-21,CVCB3,21.94
2021-09-21,CXSE3,8.3
2021-09-21,CYRE3,19.95
2021-09-21,DIRR3,12.26
2021-09-21,EGIE3,38.94
2021-09-21,ELET3,37.91
2021-09-21,ELET6,38.55
2021-09-21,EMBR3,20.21
2021-09-21,ENEV3,16.52
2021-09-21,ENGI11,43.53
2021-09-21,EQTL3,25.72
2021-09-21,FLRY3,23.74
2021-09-21,GGBR4,24.15
2021-09-21,GOAU4,11.18
2021-09-21,HAPV3,15.18
2021-09-21,HYPE3,32.77
2021-09-21,IRBR3,4.79
2021-09-21,ITSA4,10.64
2021-09-21,ITUB4,27.12
2021-09-21,JBSS3,32.76
2021-09-21,KLBN11,22.8
2021-09-21,LREN3,36.55
2021-09-21,LWSA3,23.2
2021-09-21,MGLU3,16.39
2021-09-21,MRFG3,21.24
2021-09-21,MRVE3,13.81
2021-09-21,MULT3,20.7
2021-09-21,NTCO3,48.16
2021-09-21,PCAR3,26.29
2021-09-21,PETR3,25.63
2021-09-21,PETR4,25.21
2021-09-21,PETZ3,26.27
2021-09-21,POMO4,2.6
2021-09-21,PRIO3,19.26
2021-09-21,PSSA3,51.15
2021-09-21,RADL3,25.65
2021-09-21,RAIL3,17.65
2021-09-21,RAIZ4,7.28
2021-09-21,RDOR3,69.32
2021-09-21,RECV3,16.0
2021-09-21,RENT3,57.09
2021-09-21,SANB11,34.57
2021-09-21,SBSP3,36.09
2021-09-21,SLCE3,41.9
2021-09-21,SMFT3,25.9
2021-09-21,SMTO3,31.48
2021-09-21,STBP3,7.6
2021-09-21,SUZB3,51.95
2021-09-21,TAEE11,36.84
2021-09-21,TEND3,20.11
2021-09-21,TIMS3,12.07
2021-09-21,TOTS3,37.1
2021-09-21,UGPA3,14.17
2021-09-21,USIM5,14.02
2021-09-21,VALE3,84.12
2021-09-21,VAMO3,16.1
2021-09-21,VIVA3,30.72
2021-09-21,VIVT3,42.23
2021-09-21,WEGE3,39.75
2021-09-21,YDUQ3,24.96
2021-09-22,ABEV3,15.72
2021-09-22,ASAI3,19.29
2021-09-22,AZUL4,36.6
2021-09-22,B3SA3,14.25
2021-09-22,BBAS3,29.38
2021-09-22,BBDC3,17.29
2021-09-22,BBDC4,19.84
2021-09-22,BBSE3,19.38
2021-09-22,BEEF3,9.6
2021-09-22,BPAC11,27.07
2021-09-22,BRAP4,52.6
2021-09-22,BRFS3,23.04
2021-09-22,BRKM5,57.25
2021-09-22,CCRO3,11.93
2021-09-22,CEAB3,8.35
2021-09-22,CMIG4,14.05
2021-09-22,CMIN3,5.99
2021-09-22,COGN3,3.04
2021-09-22,CPFE3,27.67
2021-09-22,CPLE3,6.68
2021-09-22,CPLE6,7.15
2021-09-22,CRFB3,18.16
2021-09-22,CSAN3,23.36
2021-09-22,CSMG3,14.86
2021-09-22,CSNA3,29.33
2021-09-22,CURY3,8.35
2021-09-22,CVCB3,21.99
2021-09-22,CXSE3,8.55
2021-09-22,CYRE3,20.31
2021-09-22,DIRR3,12.44
2021-09-22,EGIE3,38.74
2021-09-22,ELET3,37.95
2021-09-22,ELET6,38.3
2021-09-22,EMBR3,21.3
2021-09-22,ENEV3,16.51
2021-09-22,ENGI11,43.73
2021-09-22,EQTL3,25.68
2021-09-22,FLRY3,23.45
2021-09-22,GGBR4,25.56
2021-09-22,GOAU4,11.84
2021-09-22,HAPV3,14.59
2021-09-22,HYPE3,32.87
2021-09-22,IRBR3,4.82
2021-09-22,ITSA4,10.85
2021-09-22,ITUB4,27.75
2021-09-22,JBSS3,33.09
2021-09-22,KLBN11,23.07
2021-09-22,LREN3,36.61
2021-09-22,LWSA3,23.4
2021-09-22,MGLU3,16.34
2021-09-22,MRFG3,21.46
2021-09-22,MRVE3,13.9
2021-09-22,MULT3,20.65
2021-09-22,NTCO3,47.76
2021-09-22,PCAR3,26.12
2021-09-22,PETR3,26.46
2021-09-22,PETR4,25.85
2021-09-22,PETZ3,26.46
2021-09-22,POMO4,2.7
2021-09-22,PRIO3,20.7
2021-09-22,PSSA3,51.7
2021-09-22,RADL3,25.3
2021-09-22,RAIL3,17.72
2021-09-22,RAIZ4,7.31
2021-09-22,RDOR3,68.84
2021-09-22,RECV3,17.7
2021-09-22,RENT3,57.72
2021-09-22,SANB11,35.11
2021-09-22,SBSP3,37.11
2021-09-22,SLCE3,42.43
2021-09-22,SMFT3,26.25
2021-09-22,SMTO3,32.68
2021-09-22,STBP3,8.09
2021-09-22,SUZB3,53.84
2021-09-22,TAEE11,36.86
2021-09-22,TEND3,20.22
2021-09-22,TIMS3,12.28
2021-09-22,TOTS3,39.08
2021-09-22,UGPA3,14.61
2021-09-22,USIM5,15.24
2021-09-22,VALE3,87.11
2021-09-22,VAMO3,16.79
2021-09-22,VIVA3,31.5
2021-09-22,VIVT3,43.5
2021-09-22,WEGE3,40.57
2021-09-22,YDUQ3,24.92
2021-09-23,ABEV3,15.88
2021-09-23,ASAI3,19.19
2021-09-23,AZUL4,37.92
2021-09-23,B3SA3,13.91
2021-09-23,BBAS3,29.45
2021-09-23,BBDC3,17.88
2021-09-23,BBDC4,20.72
2021-09-23,BBSE3,19.51
2021-09-23,BEEF3,9.73
2021-09-23,BPAC11,27.2
2021-09-23,BRAP4,53.98
2021-09-23,BRFS3,23.92
2021-09-23,BRKM5,56.6
2021-09-23,CCRO3,12.1
2021-09-23,CEAB3,8.33
2021-09-23,CMIG4,14.08
2021-09-23,CMIN3,5.96
2021-09-23,COGN3,3.08
2021-09-23,CPFE3,27.7
2021-09-23,CPLE3,6.71
2021-09-23,CPLE6,7.22
2021-09-23,CRFB3,18.33
2021-09-23,CSAN3,23.85
2021-09-23,CSMG3,14.92
2021-09-23,CSNA3,30.11
2021-09-23,CURY3,8.17
2021-09-23,CVCB3,23.51
2021-09-23,CXSE3,8.56
2021-09-23,CYRE3,19.43
2021-09-23,DIRR3,12.15
2021-09-23,EGIE3,38.6
2021-09-23,ELET3,39.0
2021-09-23,ELET6,39.6
2021-09-23,EMBR3,23.89
2021-09-23,ENEV3,16.47
2021-09-23,ENGI11,43.86
2021-09-23,EQTL3,25.88
2021-09-23,FLRY3,23.4
2021-09-23,GGBR4,27.0
2021-09-23,GOAU4,12.33
2021-09-23,HAPV3,14.89
2021-09-23,HYPE3,32.84
2021-09-23,IRBR3,4.93
2021-09-23,ITSA4,11.13
2021-09-23,ITUB4,28.71
2021-09-23,JBSS3,33.87
2021-09-23,KLBN11,23.86
2021-09-23,LREN3,37.2
2021-09-23,LWSA3,23.64
2021-09-23,MGLU3,15.87
2021-09-23,MRFG3,22.41
2021-09-23,MRVE3,13.53
2021-09-23,MULT3,20.35
2021-09-23,NTCO3,48.3
2021-09-23,PCAR3,26.64
2021-09-23,PETR3,27.56
2021-09-23,PETR4,26.84
2021-09-23,PETZ3,26.19
2021-09-23,POMO4,2.79
2021-09-23,PRIO3,21.17
2021-09-23,PSSA3,51.52
2021-09-23,RADL3,25.45
2021-09-23,RAIL3,17.88
2021-09-23,RAIZ4,7.23
2021-09-23,RDOR3,69.55
2021-09-23,RECV3,18.35
2021-09-23,RENT3,58.1
2021-09-23,SANB11,36.17
2021-09-23,SBSP3,37.27
2021-09-23,SLCE3,42.71
2021-09-23,SMFT3,26.5
2021-09-23,SMTO3,32.89
2021-09-23,STBP3,8.12
2021-09-23,SUZB3,55.83
2021-09-23,TAEE11,37.04
2021-09-23,TEND3,19.09
2021-09-23,TIMS3,12.37
2021-09-23,TOTS3,39.13
2021-09-23,UGPA3,16.0
2021-09-23,USIM5,16.65
2021-09-23,VALE3,78.91
2021-09-23,VAMO3,17.4
2021-09-23,VIVA3,31.78
2021-09-23,VIVT3,43.85
2021-09-23,WEGE3,41.17
2021-09-23,YDUQ3,24.84
2021-09-24,ABEV3,15.84
2021-09-24,ASAI3,18.98
2021-09-24,AZUL4,38.47
2021-09-24,B3SA3,13.88
2021-09-24,BBAS3,29.22
2021-09-24,BBDC3,17.64
2021-09-24,BBDC4,20.26
2021-09-24,BBSE3,19.96
2021-09-24,BEEF3,10.17
2021-09-24,BPAC11,26.77
2021-09-24,BRAP4,53.43
2021-09-24,BRFS3,24.56
2021-09-24,BRKM5,57.96
2021-09-24,CCRO3,12.05
2021-09-24,CEAB3,8.17
2021-09-24,CMIG4,14.15
2021-09-24,CMIN3,5.9
2021-09-24,COGN3,3.01
2021-09-24,CPFE3,27.51
2021-09-24,CPLE3,6.68
2021-09-24,CPLE6,7.18
2021-09-24,CRFB3,18.15
2021-09-24,CSAN3,23.85
2021-09-24,CSMG3,14.98
2021-09-24,CSNA3,29.03
2021-09-24,CURY3,8.19
2021-09-24,CVCB3,23.69
2021-09-24,CXSE3,8.7
2021-09-24,CYRE3,19.43
2021-09-24,DIRR3,12.3
2021-09-24,EGIE3,38.17
2021-09-24,ELET3,39.31
2021-09-24,ELET6,39.87
2021-09-24,EMBR3,23.86
2021-09-24,ENEV3,16.71
2021-09-24,ENGI11,43.45
2021-09-24,EQTL3,25.7
2021-09-24,FLRY3,23.2
2021-09-24,GGBR4,26.62
2021-09-24,GOAU4,12.28
2021-09-24,HAPV3,14.74
2021-09-24,HYPE3,32.69
2021-09-24,IRBR3,5.0
2021-09-24,ITSA4,10.97
2021-09-24,ITUB4,28.31
2021-09-24,JBSS3,35.13
2021-09-24,KLBN11,23.76
2021-09-24,LREN3,36.98
2021-09-24,LWSA3,23.72
2021-09-24,MGLU3,15.63
2021-09-24,MRFG3,22.66
2021-09-24,MRVE3,13.42
2021-09-24,MULT3,19.96
2021-09-24,NTCO3,46.89
2021-09-24,PCAR3,27.46
2021-09-24,PETR3,27.56
2021-09-24,PETR4,26.9
2021-09-24,PETZ3,25.8
2021-09-24,POMO4,2.76
2021-09-24,PRIO3,21.99
2021-09-24,PSSA3,51.46
2021-09-24,RADL3,25.38
2021-09-24,RAIL3,17.7
2021-09-24,RAIZ4,7.0
2021-09-24,RDOR3,69.05
2021-09-24,RECV3,19.3
2021-09-24,RENT3,56.85
2021-09-24,SANB11,35.16
2021-09-24,SBSP3,37.89
2021-09-24,SLCE3,42.66
2021-09-24,SMFT3,26.3
2021-09-24,SMTO3,33.61
2021-09-24,STBP3,8.3
2021-09-24,SUZB3,55.5
2021-09-24,TAEE11,36.66
2021-09-24,TEND3,18.95
2021-09-24,TIMS3,12.24
2021-09-24,TOTS3,38.0
2021-09-24,UGPA3,15.77
2021-09-24,USIM5,16.29
2021-09-24,VALE3,77.69
2021-09-24,VAMO3,16.5
2021-09-24,VIVA3,31.75
2021-09-24,VIVT3,43.13
2021-09-24,WEGE3,41.34
2021-09-24,YDUQ3,24.8
2021-09-27,ABEV3,15.83
2021-09-27,ASAI3,19.25
2021-09-27,AZUL4,38.32
2021-09-27,B3SA3,13.68
2021-09-27,BBAS3,29.87
2021-09-27,BBDC3,18.01
2021-09-27,BBDC4,20.87
2021-09-27,BBSE3,20.25
2021-09-27,BEEF3,10.3
2021-09-27,BPAC11,26.83
2021-09-27,BRAP4,53.42
2021-09-27,BRFS3,26.28
2021-09-27,BRKM5,57.47
2021-09-27,CCRO3,12.04
2021-09-27,CEAB3,7.9
2021-09-27,CMIG4,14.48
2021-09-27,CMIN3,6.27
2021-09-27,COGN3,2.94
2021-09-27,CPFE3,27.17
2021-09-27,CPLE3,6.77
2021-09-27,CPLE6,7.21
2021-09-27,CRFB3,17.66
2021-09-27,CSAN3,23.5
2021-09-27,CSMG3,14.42
2021-09-27,CSNA3,29.97
2021-09-27,CURY3,7.94
2021-09-27,CVCB3,23.75
2021-09-27,CXSE3,8.86
2021-09-27,CYRE3,19.17
2021-09-27,DIRR3,12.18
2021-09-27,EGIE3,37.91
2021-09-27,ELET3,39.37
2021-09-27,ELET6,39.84
2021-09-27,EMBR3,23.53
2021-09-27,ENEV3,16.73
2021-09-27,ENGI11,42.92
2021-09-27,EQTL3,25.61
2021-09-27,FLRY3,22.55
2021-09-27,GGBR4,26.72
2021-09-27,GOAU4,12.31
2021-09-27,HAPV3,14.47
2021-09-27,HYPE3,32.33
2021-09-27,IRBR3,4.92
2021-09-27,ITSA4,11.25
2021-09-27,ITUB4,29.05
2021-09-27,JBSS3,35.38
2021-09-27,KLBN11,23.71
2021-09-27,LREN3,35.85
2021-09-27,LWSA3,23.0
2021-09-27,MGLU3,15.01
2021-09-27,MRFG3,24.28
2021-09-27,MRVE3,13.24
2021-09-27,MULT3,19.8
2021-09-27,NTCO3,46.63
2021-09-27,PCAR3,26.82
2021-09-27,PETR3,27.99
2021-09-27,PETR4,27.14
2021-09-27,PETZ3,25.8
2021-09-27,POMO4,2.74
2021-09-27,PRIO3,23.11
2021-09-27,PSSA3,51.41
2021-09-27,RADL3,24.85
2021-09-27,RAIL3,17.74
2021-09-27,RAIZ4,7.15
2021-09-27,RDOR3,67.77
2021-09-27,RECV3,20.65
2021-09-27,RENT3,56.61
2021-09-27,SANB11,36.49
2021-09-27,SBSP3,38.16
2021-09-27,SLCE3,42.31
2021-09-27,SMFT3,25.47
2021-09-27,SMTO3,33.7
2021-09-27,STBP3,8.19
2021-09-27,SUZB3,54.99
2021-09-27,TAEE11,36.68
2021-09-27,TEND3,18.4
2021-09-27,TIMS3,12.28
2021-09-27,TOTS3,36.87
2021-09-27,UGPA3,15.4
2021-09-27,USIM5,15.95
2021-09-27,VALE3,78.8
2021-09-27,VAMO3,16.4
2021-09-27,VIVA3,31.72
2021-09-27,VIVT3,43.14
2021-09-27,WEGE3,40.86
2021-09-27,YDUQ3,24.91
2021-09-28,ABEV3,15.44
2021-09-28,ASAI3,19.18
2021-09-28,AZUL4,36.73
2021-09-28,B3SA3,12.94
2021-09-28,BBAS3,29.26
2021-09-28,BBDC3,17.6
2021-09-28,BBDC4,20.43
2021-09-28,BBSE3,20.22
2021-09-28,BEEF3,10.48
2021-09-28,BPAC11,25.64
2021-09-28,BRAP4,50.41
2021-09-28,BRFS3,26.54
2021-09-28,BRKM5,55.73
2021-09-28,CCRO3,11.76
2021-09-28,CEAB3,7.46
2021-09-28,CMIG4,14.2
2021-09-28,CMIN3,5.91
2021-09-28,COGN3,2.73
2021-09-28,CPFE3,27.05
2021-09-28,CPLE3,6.75
2021-09-28,CPLE6,7.12
2021-09-28,CRFB3,17.62
2021-09-28,CSAN3,22.83
2021-09-28,CSMG3,14.08
2021-09-28,CSNA3,27.62
2021-09-28,CURY3,7.39
2021-09-28,CVCB3,22.57
2021-09-28,CXSE3,8.47
2021-09-28,CYRE3,18.04
2021-09-28,DIRR3,11.87
2021-09-28,EGIE3,37.75
2021-09-28,ELET3,38.85
2021-09-28,ELET6,39.4
2021-09-28,EMBR3,23.07
2021-09-28,ENEV3,16.34
2021-09-28,ENGI11,42.4
2021-09-28,EQTL3,25.39
2021-09-28,FLRY3,22.3
2021-09-28,GGBR4,25.6
2021-09-28,GOAU4,11.89
2021-09-28,HAPV3,13.63
2021-09-28,HYPE3,31.94
2021-09-28,IRBR3,4.79
2021-09-28,ITSA4,11.03
2021-09-28,ITUB4,28.39
2021-09-28,JBSS3,35.19
2021-09-28,KLBN11,23.35
2021-09-28,LREN3,34.24
2021-09-28,LWSA3,21.93
2021-09-28,MGLU3,14.18
2021-09-28,MRFG3,24.34
2021-09-28,MRVE3,12.48
2021-09-28,MULT3,19.01
2021-09-28,NTCO3,45.26
2021-09-28,PCAR3,25.67
2021-09-28,PETR3,27.75
2021-09-28,PETR4,26.96
2021-09-28,PETZ3,24.28
2021-09-28,POMO4,2.73
2021-09-28,PRIO3,21.93
2021-09-28,PSSA3,50.55
2021-09-28,RADL3,24.23
2021-09-28,RAIL3,17.16
2021-09-28,RAIZ4,6.94
2021-09-28,RDOR3,66.69
2021-09-28,RECV3,20.27
2021-09-28,RENT3,55.54
2021-09-28,SANB11,36.03
2021-09-28,SBSP3,37.69
2021-09-28,SLCE3,41.16
2021-09-28,SMFT3,25.22
2021-09-28,SMTO3,32.93
2021-09-28,STBP3,8.1
2021-09-28,SUZB3,53.55
2021-09-28,TAEE11,36.73
2021-09-28,TEND3,17.83
2021-09-28,TIMS3,11.82
2021-09-28,TOTS3,35.6
2021-09-28,UGPA3,14.99
2021-09-28,USIM5,14.79
2021-09-28,VALE3,74.85
2021-09-28,VAMO3,15.68
2021-09-28,VIVA3,30.4
2021-09-28,VIVT3,42.15
2021-09-28,WEGE3,40.67
2021-09-28,YDUQ3,23.46
2021-09-29,ABEV3,15.49
2021-09-29,ASAI3,18.97
2021-09-29,AZUL4,37.03
2021-09-29,B3SA3,12.75
2021-09-29,BBAS3,29.42
2021-09-29,BBDC3,17.87
2021-09-29,BBDC4,20.8
2021-09-29,BBSE3,20.33
2021-09-29,BEEF3,10.83
2021-09-29,BPAC11,26.0
2021-09-29,BRAP4,51.1
2021-09-29,BRFS3,27.05
2021-09-29,BRKM5,60.78
2021-09-29,CCRO3,11.85
2021-09-29,CEAB3,7.46
2021-09-29,CMIG4,14.23
2021-09-29,CMIN3,6.14
2021-09-29,COGN3,2.74
2021-09-29,CPFE3,27.2
2021-09-29,CPLE3,6.67
2021-09-29,CPLE6,7.31
2021-09-29,CRFB3,17.42
2021-09-29,CSAN3,23.02
2021-09-29,CSMG3,14.07
2021-09-29,CSNA3,27.88
2021-09-29,CURY3,7.3
2021-09-29,CVCB3,22.4
2021-09-29,CXSE3,8.33
2021-09-29,CYRE3,17.8
2021-09-29,DIRR3,11.49
2021-09-29,EGIE3,37.69
2021-09-29,ELET3,38.42
2021-09-29,ELET6,39.13
2021-09-29,EMBR3,23.57
2021-09-29,ENEV3,16.38
2021-09-29,ENGI11,43.84
2021-09-29,EQTL3,25.7
2021-09-29,FLRY3,22.35
2021-09-29,GGBR4,26.07
2021-09-29,GOAU4,12.03
2021-09-29,HAPV3,13.6
2021-09-29,HYPE3,32.17
2021-09-29,IRBR3,4.83
2021-09-29,ITSA4,11.24
2021-09-29,ITUB4,28.9
2021-09-29,JBSS3,37.38
2021-09-29,KLBN11,23.65
2021-09-29,LREN3,34.48
2021-09-29,LWSA3,21.82
2021-09-29,MGLU3,13.94
2021-09-29,MRFG3,25.32
2021-09-29,MRVE3,12.32
2021-09-29,MULT3,18.82
2021-09-29,NTCO3,45.24
2021-09-29,PCAR3,25.23
2021-09-29,PETR3,28.17
2021-09-29,PETR4,27.39
2021-09-29,PETZ3,23.9
2021-09-29,POMO4,2.74
2021-09-29,PRIO3,22.85
2021-09-29,PSSA3,50.18
2021-09-29,RADL3,24.05
2021-09-29,RAIL3,16.98
2021-09-29,RAIZ4,6.85
2021-09-29,RDOR3,66.88
2021-09-29,RECV3,20.12
2021-09-29,RENT3,54.75
2021-09-29,SANB11,36.43
2021-09-29,SBSP3,38.28
2021-09-29,SLCE3,42.69
2021-09-29,SMFT3,25.0
2021-09-29,SMTO3,33.36
2021-09-29,STBP3,8.0
2021-09-29,SUZB3,54.0
2021-09-29,TAEE11,36.57
2021-09-29,TEND3,17.47
2021-09-29,TIMS3,11.81
2021-09-29,TOTS3,35.48
2021-09-29,UGPA3,14.95
2021-09-29,USIM5,15.7
2021-09-29,VALE3,75.8
2021-09-29,VAMO3,15.46
2021-09-29,VIVA3,30.0
2021-09-29,VIVT3,42.41
2021-09-29,WEGE3,39.87
2021-09-29,YDUQ3,24.28
2021-09-30,ABEV3,15.3
2021-09-30,ASAI3,19.04
2021-09-30,AZUL4,36.41
2021-09-30,B3SA3,12.74
2021-09-30,BBAS3,28.9
2021-09-30,BBDC3,17.86
2021-09-30,BBDC4,20.83
2021-09-30,BBSE3,19.95
2021-09-30,BEEF3,10.45
2021-09-30,BPAC11,25.16
2021-09-30,BRAP4,52.27
2021-09-30,BRFS3,27.09
2021-09-30,BRKM5,59.34
2021-09-30,CCRO3,11.7
2021-09-30,CEAB3,7.21
2021-09-30,CMIG4,14.03
2021-09-30,CMIN3,6.37
2021-09-30,COGN3,2.71
2021-09-30,CPFE3,26.93
2021-09-30,CPLE3,6.66
2021-09-30,CPLE6,7.28
2021-09-30,CRFB3,17.76
2021-09-30,CSAN3,22.98
2021-09-30,CSMG3,13.8
2021-09-30,CSNA3,28.73
2021-09-30,CURY3,7.21
2021-09-30,CVCB3,21.52
2021-09-30,CXSE3,8.27
2021-09-30,CYRE3,18.0
2021-09-30,DIRR3,11.42
2021-09-30,EGIE3,37.46
2021-09-30,ELET3,38.51
2021-09-30,ELET6,38.72
2021-09-30,EMBR3,23.13
2021-09-30,ENEV3,16.47
2021-09-30,ENGI11,43.91
2021-09-30,EQTL3,25.35
2021-09-30,FLRY3,22.12
2021-09-30,GGBR4,27.1
2021-09-30,GOAU4,12.42
2021-09-30,HAPV3,13.59
2021-09-30,HYPE3,32.14
2021-09-30,IRBR3,4.73
2021-09-30,ITSA4,11.14
2021-09-30,ITUB4,28.93
2021-09-30,JBSS3,37.07
2021-09-30,KLBN11,24.21
2021-09-30,LREN3,34.42
2021-09-30,LWSA3,22.88
2021-09-30,MGLU3,14.34
2021-09-30,MRFG3,25.66
2021-09-30,MRVE3,12.29
2021-09-30,MULT3,19.03
2021-09-30,NTCO3,45.57
2021-09-30,PCAR3,25.74
2021-09-30,PETR3,28.15
2021-09-30,PETR4,27.23
2021-09-30,PETZ3,23.46
2021-09-30,POMO4,2.91
2021-09-30,PRIO3,25.02
2021-09-30,PSSA3,49.46
2021-09-30,RADL3,23.37
2021-09-30,RAIL3,16.79
2021-09-30,RAIZ4,7.1
2021-09-30,RDOR3,67.91
2021-09-30,RECV3,20.1
2021-09-30,RENT3,54.47
2021-09-30,SANB11,35.37
2021-09-30,SBSP3,38.57
2021-09-30,SLCE3,45.6
2021-09-30,SMFT3,25.6
2021-09-30,SMTO3,34.98
2021-09-30,STBP3,7.93
2021-09-30,SUZB3,54.52
2021-09-30,TAEE11,35.84
2021-09-30,TEND3,17.61
2021-09-30,TIMS3,11.75
2021-09-30,TOTS3,36.1
2021-09-30,UGPA3,14.74
2021-09-30,USIM5,16.12
2021-09-30,VALE3,76.24
2021-09-30,VAMO3,14.95
2021-09-30,VIVA3,29.52
2021-09-30,VIVT3,42.87
2021-09-30,WEGE3,39.63
2021-09-30,YDUQ3,23.76
2021-10-01,ABEV3,15.27
2021-10-01,ASAI3,19.36
2021-10-01,AZUL4,38.72
2021-10-01,B3SA3,13.23
2021-10-01,BBAS3,29.55
2021-10-01,BBDC3,18.24
2021-10-01,BBDC4,21.35
2021-10-01,BBSE3,20.39
2021-10-01,BEEF3,10.6
2021-10-01,BPAC11,26.02
2021-10-01,BRAP4,52.22
2021-10-01,BRFS3,27.2
2021-10-01,BRKM5,59.28
2021-10-01,CCRO3,11.9
2021-10-01,CEAB3,7.7
2021-10-01,CMIG4,14.18
2021-10-01,CMIN3,6.52
2021-10-01,COGN3,2.93
2021-10-01,CPFE3,27.0
2021-10-01,CPLE3,6.0
2021-10-01,CPLE6,6.8
2021-10-01,CRFB3,17.75
2021-10-01,CSAN3,23.66
2021-10-01,CSMG3,13.67
2021-10-01,CSNA3,29.22
2021-10-01,CURY3,7.32
2021-10-01,CVCB3,23.14
2021-10-01,CXSE3,8.44
2021-10-01,CYRE3,18.66
2021-10-01,DIRR3,12.45
2021-10-01,EGIE3,37.63
2021-10-01,ELET3,38.98
2021-10-01,ELET6,39.34
2021-10-01,EMBR3,24.27
2021-10-01,ENEV3,16.51
2021-10-01,ENGI11,44.42
2021-10-01,EQTL3,25.63
2021-10-01,FLRY3,21.65
2021-10-01,GGBR4,27.7
2021-10-01,GOAU4,12.67
2021-10-01,HAPV3,13.44
2021-10-01,HYPE3,32.15
2021-10-01,IRBR3,4.94
2021-10-01,ITSA4,11.42
2021-10-01,ITUB4,29.67
2021-10-01,JBSS3,36.34
2021-10-01,KLBN11,23.76
2021-10-01,LREN3,36.22
2021-10-01,LWSA3,23.36
2021-10-01,MGLU3,14.55
2021-10-01,MRFG3,25.8
2021-10-01,MRVE3,12.67
2021-10-01,MULT3,19.62
2021-10-01,NTCO3,45.82
2021-10-01,PCAR3,25.08
2021-10-01,PETR3,28.68
2021-10-01,PETR4,28.0
2021-10-01,PETZ3,24.0
2021-10-01,POMO4,2.99
2021-10-01,PRIO3,26.35
2021-10-01,PSSA3,49.62
2021-10-01,RADL3,23.4
2021-10-01,RAIL3,17.31
2021-10-01,RAIZ4,7.37
2021-10-01,RDOR3,68.61
2021-10-01,RECV3,20.41
2021-10-01,RENT3,55.8
2021-10-01,SANB11,36.79
2021-10-01,SBSP3,38.28
2021-10-01,SLCE3,46.12
2021-10-01,SMFT3,25.79
2021-10-01,SMTO3,35.01
2021-10-01,STBP3,8.25
2021-10-01,SUZB3,52.47
2021-10-01,TAEE11,35.89
2021-10-01,TEND3,17.92
2021-10-01,TIMS3,11.84
2021-10-01,TOTS3,36.77
2021-10-01,UGPA3,15.08
2021-10-01,USIM5,16.87
2021-10-01,VALE3,76.2
2021-10-01,VAMO3,15.22
2021-10-01,VIVA3,29.91
2021-10-01,VIVT3,42.85
2021-10-01,WEGE3,40.17
2021-10-01,YDUQ3,24.97
2021-10-04,ABEV3,15.04
2021-10-04,ASAI3,19.32
2021-10-04,AZUL4,36.96
2021-10-04,B3SA3,12.4
2021-10-04,BBAS3,29.2
2021-10-04,BBDC3,17.56
2021-10-04,BBDC4,20.73
2021-10-04,BBSE3,19.84
2021-10-04,BEEF3,10.61
2021-10-04,BPAC11,24.75
2021-10-04,BRAP4,51.06
2021-10-04,BRFS3,26.87
2021-10-04,BRKM5,58.91
2021-10-04,CCRO3,11.54
2021-10-04,CEAB3,7.51
2021-10-04,CMIG4,14.08
2021-10-04,CMIN3,6.25
2021-10-04,COGN3,2.79
2021-10-04,CPFE3,26.5
2021-10-04,CPLE3,5.95
2021-10-04,CPLE6,6.64
2021-10-04,CRFB3,17.62
2021-10-04,CSAN3,23.37
2021-10-04,CSMG3,13.54
2021-10-04,CSNA3,27.76
2021-10-04,CURY3,7.07
2021-10-04,CVCB3,21.51
2021-10-04,CXSE3,8.06
2021-10-04,CYRE3,17.95
2021-10-04,DIRR3,11.98
2021-10-04,EGIE3,37.59
2021-10-04,ELET3,36.97
2021-10-04,ELET6,37.4
2021-10-04,EMBR3,24.05
2021-10-04,ENEV3,15.56
2021-10-04,ENGI11,44.11
2021-10-04,EQTL3,24.85
2021-10-04,FLRY3,21.14
2021-10-04,GGBR4,27.14
2021-10-04,GOAU4,12.54
2021-10-04,HAPV3,12.82
2021-10-04,HYPE3,30.35
2021-10-04,IRBR3,4.85
2021-10-04,ITSA4,11.16
2021-10-04,ITUB4,24.34
2021-10-04,JBSS3,36.74
2021-10-04,KLBN11,23.55
2021-10-04,LREN3,34.32
2021-10-04,LWSA3,22.83
2021-10-04,MGLU3,13.71
2021-10-04,MRFG3,25.85
2021-10-04,MRVE3,12.08
2021-10-04,MULT3,19.17
2021-10-04,NTCO3,45.0
2021-10-04,PCAR3,23.69
2021-10-04,PETR3,29.38
2021-10-04,PETR4,28.79
2021-10-04,PETZ3,22.97
2021-10-04,POMO4,2.91
2021-10-04,PRIO3,26.06
2021-10-04,PSSA3,48.69
2021-10-04,RADL3,22.22
2021-10-04,RAIL3,17.0
2021-10-04,RAIZ4,7.02
2021-10-04,RDOR3,67.1
2021-10-04,RECV3,19.63
2021-10-04,RENT3,53.1
2021-10-04,SANB11,35.69
2021-10-04,SBSP3,37.38
2021-10-04,SLCE3,47.35
2021-10-04,SMFT3,24.66
2021-10-04,SMTO3,35.41
2021-10-04,STBP3,7.86
2021-10-04,SUZB3,51.32
2021-10-04,TAEE11,35.82
2021-10-04,TEND3,16.98
2021-10-04,TIMS3,11.66
2021-10-04,TOTS3,34.87
2021-10-04,UGPA3,14.71
2021-10-04,USIM5,15.99
2021-10-04,VALE3,75.49
2021-10-04,VAMO3,14.7
2021-10-04,VIVA3,28.25
2021-10-04,VIVT3,42.52
2021-10-04,WEGE3,38.78
2021-10-04,YDUQ3,23.63
2021-10-05,ABEV3,15.18
2021-10-05,ASAI3,19.22
2021-10-05,AZUL4,36.25
2021-10-05,B3SA3,12.15
2021-10-05,BBAS3,30.59
2021-10-05,BBDC3,17.97
2021-10-05,BBDC4,21.08
2021-10-05,BBSE3,19.98
2021-10-05,BEEF3,10.83
2021-10-05,BPAC11,24.09
2021-10-05,BRAP4,50.19
2021-10-05,BRFS3,27.12
2021-10-05,BRKM5,59.68
2021-10-05,CCRO3,11.59
2021-10-05,CEAB3,7.36
2021-10-05,CMIG4,14.08
2021-10-05,CMIN3,6.18
2021-10-05,COGN3,2.77
2021-10-05,CPFE3,25.91
2021-10-05,CPLE3,5.87
2021-10-05,CPLE6,6.55
2021-10-05,CRFB3,18.06
2021-10-05,CSAN3,23.11
2021-10-05,CSMG3,13.64
2021-10-05,CSNA3,27.85
2021-10-05,CURY3,7.05
2021-10-05,CVCB3,20.24
2021-10-05,CXSE3,7.95
2021-10-05,CYRE3,17.51
2021-10-05,DIRR3,11.76
2021-10-05,EGIE3,37.05
2021-10-05,ELET3,36.6
2021-10-05,ELET6,37.28
2021-10-05,EMBR3,22.96
2021-10-05,ENEV3,15.16
2021-10-05,ENGI11,43.88
2021-10-05,EQTL3,24.44
2021-10-05,FLRY3,21.14
2021-10-05,GGBR4,27.0
2021-10-05,GOAU4,12.52
2021-10-05,HAPV3,12.83
2021-10-05,HYPE3,30.23
2021-10-05,IRBR3,4.83
2021-10-05,ITSA4,11.33
2021-10-05,ITUB4,24.93
2021-10-05,JBSS3,37.57
2021-10-05,KLBN11,23.56
2021-10-05,LREN3,34.23
2021-10-05,LWSA3,22.4
2021-10-05,MGLU3,13.68
2021-10-05,MRFG3,26.23
2021-10-05,MRVE3,11.8
2021-10-05,MULT3,18.82
2021-10-05,NTCO3,43.35
2021-10-05,PCAR3,25.3
2021-10-05,PETR3,29.87
2021-10-05,PETR4,29.42
2021-10-05,PETZ3,23.3
2021-10-05,POMO4,2.95
2021-10-05,PRIO3,26.27
2021-10-05,PSSA3,48.93
2021-10-05,RADL3,22.29
2021-10-05,RAIL3,17.0
2021-10-05,RAIZ4,7.13
2021-10-05,RDOR3,66.42
2021-10-05,RECV3,19.75
2021-10-05,RENT3,53.45
2021-10-05,SANB11,36.71
2021-10-05,SBSP3,36.84
2021-10-05,SLCE3,45.57
2021-10-05,SMFT3,24.95
2021-10-05,SMTO3,35.74
2021-10-05,STBP3,7.74
2021-10-05,SUZB3,50.35
2021-10-05,TAEE11,35.47
2021-10-05,TEND3,17.06
2021-10-05,TIMS3,11.69
2021-10-05,TOTS3,33.8
2021-10-05,UGPA3,14.7
2021-10-05,USIM5,15.93
2021-10-05,VALE3,74.95
2021-10-05,VAMO3,14.46
2021-10-05,VIVA3,28.1
2021-10-05,VIVT3,43.15
2021-10-05,WEGE3,37.53
2021-10-05,YDUQ3,23.41
2021-10-06,ABEV3,15.1
2021-10-06,ASAI3,19.12
2021-10-06,AZUL4,35.67
2021-10-06,B3SA3,12.22
2021-10-06,BBAS3,30.64
2021-10-06,BBDC3,18.04
2021-10-06,BBDC4,21.24
2021-10-06,BBSE3,19.76
2021-10-06,BEEF3,10.88
2021-10-06,BPAC11,24.3
2021-10-06,BRAP4,51.03
2021-10-06,BRFS3,26.78
2021-10-06,BRKM5,57.0
2021-10-06,CCRO3,11.89
2021-10-06,CEAB3,7.2
2021-10-06,CMIG4,13.8
2021-10-06,CMIN3,6.14
2021-10-06,COGN3,2.78
2021-10-06,CPFE3,25.34
2021-10-06,CPLE3,5.76
2021-10-06,CPLE6,6.56
2021-10-06,CRFB3,18.18
2021-10-06,CSAN3,22.94
2021-10-06,CSMG3,13.63
2021-10-06,CSNA3,27.82
2021-10-06,CURY3,7.28
2021-10-06,CVCB3,20.8
2021-10-06,CXSE3,8.0
2021-10-06,CYRE3,17.49
2021-10-06,DIRR3,11.85
2021-10-06,EGIE3,37.38
2021-10-06,ELET3,36.39
2021-10-06,ELET6,36.8
2021-10-06,EMBR3,23.38
2021-10-06,ENEV3,14.9
2021-10-06,ENGI11,42.91
2021-10-06,EQTL3,24.15
2021-10-06,FLRY3,21.14
2021-10-06,GGBR4,26.46
2021-10-06,GOAU4,12.23
2021-10-06,HAPV3,12.59
2021-10-06,HYPE3,29.81
2021-10-06,IRBR3,4.84
2021-10-06,ITSA4,11.37
2021-10-06,ITUB4,25.01
2021-10-06,JBSS3,37.74
2021-10-06,KLBN11,22.9
2021-10-06,LREN3,33.8
2021-10-06,LWSA3,21.4
2021-10-06,MGLU3,14.46
2021-10-06,MRFG3,26.04
2021-10-06,MRVE3,11.8
2021-10-06,MULT3,18.99
2021-10-06,NTCO3,44.19
2021-10-06,PCAR3,25.52
2021-10-06,PETR3,29.14
2021-10-06,PETR4,28.64
2021-10-06,PETZ3,22.91
2021-10-06,POMO4,2.88
2021-10-06,PRIO3,26.25
2021-10-06,PSSA3,47.22
2021-10-06,RADL3,22.56
2021-10-06,RAIL3,18.23
2021-10-06,RAIZ4,6.99
2021-10-06,RDOR3,67.03
2021-10-06,RECV3,18.92
2021-10-06,RENT3,53.66
2021-10-06,SANB11,36.84
2021-10-06,SBSP3,36.7
2021-10-06,SLCE3,46.7
2021-10-06,SMFT3,24.11
2021-10-06,SMTO3,35.4
2021-10-06,STBP3,7.48
2021-10-06,SUZB3,49.69
2021-10-06,TAEE11,35.78
2021-10-06,TEND3,16.7
2021-10-06,TIMS3,11.58
2021-10-06,TOTS3,33.35
2021-10-06,UGPA3,14.32
2021-10-06,USIM5,15.78
2021-10-06,VALE3,77.06
2021-10-06,VAMO3,14.9
2021-10-06,VIVA3,28.02
2021-10-06,VIVT3,42.82
2021-10-06,WEGE3,37.51
2021-10-06,YDUQ3,23.33
2021-10-07,ABEV3,15.08
2021-10-07,ASAI3,18.92
2021-10-07,AZUL4,35.36
2021-10-07,B3SA3,12.26
2021-10-07,BBAS3,30.32
2021-10-07,BBDC3,17.66
2021-10-07,BBDC4,20.71
2021-10-07,BBSE3,19.74
2021-10-07,BEEF3,10.87
2021-10-07,BPAC11,24.44
2021-10-07,BRAP4,52.55
2021-10-07,BRFS3,26.38
2021-10-07,BRKM5,56.64
2021-10-07,CCRO3,11.84
2021-10-07,CEAB3,7.06
2021-10-07,CMIG4,13.74
2021-10-07,CMIN3,6.1
2021-10-07,COGN3,2.91
2021-10-07,CPFE3,25.42
2021-10-07,CPLE3,5.68
2021-10-07,CPLE6,6.51
2021-10-07,CRFB3,17.83
2021-10-07,CSAN3,23.19
2021-10-07,CSMG3,13.6
2021-10-07,CSNA3,27.47
2021-10-07,CURY3,7.43
2021-10-07,CVCB3,19.82
2021-10-07,CXSE3,7.77
2021-10-07,CYRE3,17.17
2021-10-07,DIRR3,11.8
2021-10-07,EGIE3,37.22
2021-10-07,ELET3,37.01
2021-10-07,ELET6,37.43
2021-10-07,EMBR3,24.09
2021-10-07,ENEV3,15.0
2021-10-07,ENGI11,43.31
2021-10-07,EQTL3,24.28
2021-10-07,FLRY3,21.14
2021-10-07,GGBR4,26.89
2021-10-07,GOAU4,12.38
2021-10-07,HAPV3,12.5
2021-10-07,HYPE3,29.23
2021-10-07,IRBR3,4.82
2021-10-07,ITSA4,11.15
2021-10-07,ITUB4,24.48
2021-10-07,JBSS3,36.7
2021-10-07,KLBN11,22.53
2021-10-07,LREN3,33.77
2021-10-07,LWSA3,21.32
2021-10-07,MGLU3,14.03
2021-10-07,MRFG3,25.71
2021-10-07,MRVE3,11.7
2021-10-07,MULT3,19.05
2021-10-07,NTCO3,44.11
2021-10-07,PCAR3,25.0
2021-10-07,PETR3,29.2
2021-10-07,PETR4,28.6
2021-10-07,PETZ3,23.13
2021-10-07,POMO4,2.77
2021-10-07,PRIO3,26.7
2021-10-07,PSSA3,46.0
2021-10-07,RADL3,23.07
2021-10-07,RAIL3,17.64
2021-10-07,RAIZ4,7.13
2021-10-07,RDOR3,65.51
2021-10-07,RECV3,18.3
2021-10-07,RENT3,52.79
2021-10-07,SANB11,36.3
2021-10-07,SBSP3,37.34
2021-10-07,SLCE3,46.88
2021-10-07,SMFT3,24.48
2021-10-07,SMTO3,35.87
2021-10-07,STBP3,7.27
2021-10-07,SUZB3,49.43
2021-10-07,TAEE11,35.94
2021-10-07,TEND3,16.84
2021-10-07,TIMS3,11.6
2021-10-07,TOTS3,33.37
2021-10-07,UGPA3,14.11
2021-10-07,USIM5,15.77
2021-10-07,VALE3,79.36
2021-10-07,VAMO3,15.48
2021-10-07,VIVA3,28.59
2021-10-07,VIVT3,43.2
2021-10-07,WEGE3,37.56
2021-10-07,YDUQ3,25.62
2021-10-08,ABEV3,15.36
2021-10-08,ASAI3,18.3
2021-10-08,AZUL4,35.86
2021-10-08,B3SA3,12.49
2021-10-08,BBAS3,30.96
2021-10-08,BBDC3,17.93
2021-10-08,BBDC4,20.85
2021-10-08,BBSE3,20.06
2021-10-08,BEEF3,11.05
2021-10-08,BPAC11,25.57
2021-10-08,BRAP4,53.32
2021-10-08,BRFS3,26.33
2021-10-08,BRKM5,57.89
2021-10-08,CCRO3,12.32
2021-10-08,CEAB3,7.34
2021-10-08,CMIG4,14.13
2021-10-08,CMIN3,6.23
2021-10-08,COGN3,3.01
2021-10-08,CPFE3,26.03
2021-10-08,CPLE3,5.77
2021-10-08,CPLE6,6.65
2021-10-08,CRFB3,18.09
2021-10-08,CSAN3,23.37
2021-10-08,CSMG3,13.83
2021-10-08,CSNA3,28.32
2021-10-08,CURY3,7.67
2021-10-08,CVCB3,20.3
2021-10-08,CXSE3,7.89
2021-10-08,CYRE3,17.91
2021-10-08,DIRR3,12.35
2021-10-08,EGIE3,37.58
2021-10-08,ELET3,38.08
2021-10-08,ELET6,38.44
2021-10-08,EMBR3,24.75
2021-10-08,ENEV3,15.28
2021-10-08,ENGI11,44.52
2021-10-08,EQTL3,24.62
2021-10-08,FLRY3,21.27
2021-10-08,GGBR4,27.18
2021-10-08,GOAU4,12.51
2021-10-08,HAPV3,12.87
2021-10-08,HYPE3,29.37
2021-10-08,IRBR3,5.11
2021-10-08,ITSA4,11.32
2021-10-08,ITUB4,24.66
2021-10-08,JBSS3,37.39
2021-10-08,KLBN11,22.4
2021-10-08,LREN3,34.7
2021-10-08,LWSA3,22.15
2021-10-08,MGLU3,14.97
2021-10-08,MRFG3,26.15
2021-10-08,MRVE3,12.25
2021-10-08,MULT3,20.25
2021-10-08,NTCO3,44.91
2021-10-08,PCAR3,24.6
2021-10-08,PETR3,29.79
2021-10-08,PETR4,29.12
2021-10-08,PETZ3,23.4
2021-10-08,POMO4,2.82
2021-10-08,PRIO3,27.02
2021-10-08,PSSA3,47.17
2021-10-08,RADL3,23.22
2021-10-08,RAIL3,18.24
2021-10-08,RAIZ4,7.14
2021-10-08,RDOR3,66.48
2021-10-08,RECV3,18.24
2021-10-08,RENT3,55.05
2021-10-08,SANB11,37.05
2021-10-08,SBSP3,37.87
2021-10-08,SLCE3,47.47
2021-10-08,SMFT3,24.6
2021-10-08,SMTO3,36.35
2021-10-08,STBP3,7.53
2021-10-08,SUZB3,49.31
2021-10-08,TAEE11,36.58
2021-10-08,TEND3,17.48
2021-10-08,TIMS3,12.12
2021-10-08,TOTS3,34.66
2021-10-08,UGPA3,14.7
2021-10-08,USIM5,16.55
2021-10-08,VALE3,79.85
2021-10-08,VAMO3,15.55
2021-10-08,VIVA3,29.41
2021-10-08,VIVT3,45.0
2021-10-08,WEGE3,38.65
2021-10-08,YDUQ3,26.8
2021-10-11,ABEV3,15.24
2021-10-11,ASAI3,17.4
2021-10-11,AZUL4,35.07
2021-10-11,B3SA3,12.13
2021-10-11,BBAS3,30.72
2021-10-11,BBDC3,17.59
2021-10-11,BBDC4,20.47
2021-10-11,BBSE3,20.42
2021-10-11,BEEF3,10.98
2021-10-11,BPAC11,24.1
2021-10-11,BRAP4,54.73
2021-10-11,BRFS3,26.55
2021-10-11,BRKM5,56.51
2021-10-11,CCRO3,12.22
2021-10-11,CEAB3,7.25
2021-10-11,CMIG4,14.58
2021-10-11,CMIN3,6.43
2021-10-11,COGN3,2.96
2021-10-11,CPFE3,25.96
2021-10-11,CPLE3,5.6
2021-10-11,CPLE6,6.48
2021-10-11,CRFB3,17.98
2021-10-11,CSAN3,22.8
2021-10-11,CSMG3,13.84
2021-10-11,CSNA3,28.12
2021-10-11,CURY3,7.54
2021-10-11,CVCB3,19.54
2021-10-11,CXSE3,8.09
2021-10-11,CYRE3,17.72
2021-10-11,DIRR3,12.13
2021-10-11,EGIE3,37.98
2021-10-11,ELET3,39.09
2021-10-11,ELET6,39.04
2021-10-11,EMBR3,25.96
2021-10-11,ENEV3,15.09
2021-10-11,ENGI11,45.3
2021-10-11,EQTL3,24.5
2021-10-11,FLRY3,21.27
2021-10-11,GGBR4,27.17
2021-10-11,GOAU4,12.52
2021-10-11,HAPV3,12.89
2021-10-11,HYPE3,29.45
2021-10-11,IRBR3,5.0
2021-10-11,ITSA4,11.15
2021-10-11,ITUB4,24.23
2021-10-11,JBSS3,37.61
2021-10-11,KLBN11,22.76
2021-10-11,LREN3,33.9
2021-10-11,LWSA3,21.5
2021-10-11,MGLU3,14.38
2021-10-11,MRFG3,26.36
2021-10-11,MRVE3,12.06
2021-10-11,MULT3,19.91
2021-10-11,NTCO3,43.6
2021-10-11,PCAR3,25.9
2021-10-11,PETR3,29.77
2021-10-11,PETR4,29.32
2021-10-11,PETZ3,21.99
2021-10-11,POMO4,2.82
2021-10-11,PRIO3,27.79
2021-10-11,PSSA3,45.52
2021-10-11,RADL3,22.12
2021-10-11,RAIL3,18.17
2021-10-11,RAIZ4,7.03
2021-10-11,RDOR3,64.72
2021-10-11,RECV3,18.95
2021-10-11,RENT3,54.66
2021-10-11,SANB11,35.9
2021-10-11,SBSP3,37.98
2021-10-11,SLCE3,49.25
2021-10-11,SMFT3,24.4
2021-10-11,SMTO3,36.61
2021-10-11,STBP3,7.36
2021-10-11,SUZB3,50.2
2021-10-11,TAEE11,36.55
2021-10-11,TEND3,17.3
2021-10-11,TIMS3,12.11
2021-10-11,TOTS3,34.08
2021-10-11,UGPA3,14.88
2021-10-11,USIM5,16.53
2021-10-11,VALE3,81.62
2021-10-11,VAMO3,15.45
2021-10-11,VIVA3,28.91
2021-10-11,VIVT3,45.29
2021-10-11,WEGE3,38.62
2021-10-11,YDUQ3,26.03
2021-10-13,ABEV3,15.51
2021-10-13,ASAI3,17.92
2021-10-13,AZUL4,34.97
2021-10-13,B3SA3,12.85
2021-10-13,BBAS3,30.76
2021-10-13,BBDC3,17.68
2021-10-13,BBDC4,20.41
2021-10-13,BBSE3,20.96
2021-10-13,BEEF3,11.04
2021-10-13,BPAC11,24.74
2021-10-13,BRAP4,53.96
2021-10-13,BRFS3,26.43
2021-10-13,BRKM5,58.71
2021-10-13,CCRO3,12.59
2021-10-13,CEAB3,7.43
2021-10-13,CMIG4,15.0
2021-10-13,CMIN3,6.2
2021-10-13,COGN3,3.15
2021-10-13,CPFE3,26.65
2021-10-13,CPLE3,5.71
2021-10-13,CPLE6,6.55
2021-10-13,CRFB3,18.31
2021-10-13,CSAN3,23.52
2021-10-13,CSMG3,14.24
2021-10-13,CSNA3,27.47
2021-10-13,CURY3,7.72
2021-10-13,CVCB3,20.13
2021-10-13,CXSE3,8.5
2021-10-13,CYRE3,18.19
2021-10-13,DIRR3,12.64
2021-10-13,EGIE3,38.52
2021-10-13,ELET3,39.16
2021-10-13,ELET6,39.38
2021-10-13,EMBR3,25.9
2021-10-13,ENEV3,15.38
2021-10-13,ENGI11,46.0
2021-10-13,EQTL3,24.84
2021-10-13,FLRY3,21.51
2021-10-13,GGBR4,27.63
2021-10-13,GOAU4,12.69
2021-10-13,HAPV3,12.91
2021-10-13,HYPE3,29.61
2021-10-13,IRBR3,5.16
2021-10-13,ITSA4,11.17
2021-10-13,ITUB4,24.26
2021-10-13,JBSS3,38.28
2021-10-13,KLBN11,23.1
2021-10-13,LREN3,34.78
2021-10-13,LWSA3,21.72
2021-10-13,MGLU3,14.5
2021-10-13,MRFG3,27.06
2021-10-13,MRVE3,12.43
2021-10-13,MULT3,20.51
2021-10-13,NTCO3,45.08
2021-10-13,PCAR3,27.64
2021-10-13,PETR3,30.3
2021-10-13,PETR4,29.63
2021-10-13,PETZ3,23.47
2021-10-13,POMO4,2.82
2021-10-13,PRIO3,26.95
2021-10-13,PSSA3,46.26
2021-10-13,RADL3,22.57
2021-10-13,RAIL3,18.44
2021-10-13,RAIZ4,7.05
2021-10-13,RDOR3,66.05
2021-10-13,RECV3,17.95
2021-10-13,RENT3,55.54
2021-10-13,SANB11,35.91
2021-10-13,SBSP3,38.88
2021-10-13,SLCE3,48.5
2021-10-13,SMFT3,24.3
2021-10-13,SMTO3,37.17
2021-10-13,STBP3,7.38
2021-10-13,SUZB3,50.99
2021-10-13,TAEE11,37.42
2021-10-13,TEND3,18.0
2021-10-13,TIMS3,12.45
2021-10-13,TOTS3,35.74
2021-10-13,UGPA3,15.17
2021-10-13,USIM5,16.31
2021-10-13,VALE3,79.2
2021-10-13,VAMO3,15.63
2021-10-13,VIVA3,29.83
2021-10-13,VIVT3,46.0
2021-10-13,WEGE3,40.58
2021-10-13,YDUQ3,27.22
2021-10-14,ABEV3,15.49
2021-10-14,ASAI3,17.86
2021-10-14,AZUL4,35.16
2021-10-14,B3SA3,12.73
2021-10-14,BBAS3,30.61
2021-10-14,BBDC3,17.51
2021-10-14,BBDC4,20.22
2021-10-14,BBSE3,21.31
2021-10-14,BEEF3,10.82
2021-10-14,BPAC11,24.78
2021-10-14,BRAP4,53.92
2021-10-14,BRFS3,25.69
2021-10-14,BRKM5,57.75
2021-10-14,CCRO3,12.55
2021-10-14,CEAB3,7.22
2021-10-14,CMIG4,15.09
2021-10-14,CMIN3,6.11
2021-10-14,COGN3,3.08
2021-10-14,CPFE3,26.28
2021-10-14,CPLE3,5.73
2021-10-14,CPLE6,6.5
2021-10-14,CRFB3,18.0
2021-10-14,CSAN3,23.5
2021-10-14,CSMG3,14.28
2021-10-14,CSNA3,27.08
2021-10-14,CURY3,7.82
2021-10-14,CVCB3,19.96
2021-10-14,CXSE3,8.64
2021-10-14,CYRE3,17.78
2021-10-14,DIRR3,12.39
2021-10-14,EGIE3,38.51
2021-10-14,ELET3,39.93
2021-10-14,ELET6,40.16
2021-10-14,EMBR3,26.05
2021-10-14,ENEV3,15.35
2021-10-14,ENGI11,46.15
2021-10-14,EQTL3,24.94
2021-10-14,FLRY3,21.4
2021-10-14,GGBR4,28.16
2021-10-14,GOAU4,12.81
2021-10-14,HAPV3,12.73
2021-10-14,HYPE3,29.25
2021-10-14,IRBR3,5.15
2021-10-14,ITSA4,11.04
2021-10-14,ITUB4,24.14
2021-10-14,JBSS3,37.99
2021-10-14,KLBN11,22.83
2021-10-14,LREN3,34.6
2021-10-14,LWSA3,22.34
2021-10-14,MGLU3,14.17
2021-10-14,MRFG3,27.7
2021-10-14,MRVE3,12.3
2021-10-14,MULT3,20.19
2021-10-14,NTCO3,44.6
2021-10-14,PCAR3,27.68
2021-10-14,PETR3,30.25
2021-10-14,PETR4,29.68
2021-10-14,PETZ3,23.86
2021-10-14,POMO4,2.82
2021-10-14,PRIO3,28.15
2021-10-14,PSSA3,45.2
2021-10-14,RADL3,22.83
2021-10-14,RAIL3,18.64
2021-10-14,RAIZ4,7.15
2021-10-14,RDOR3,65.77
2021-10-14,RECV3,17.7
2021-10-14,RENT3,55.56
2021-10-14,SANB11,36.11
2021-10-14,SBSP3,39.2
2021-10-14,SLCE3,49.0
2021-10-14,SMFT3,24.25
2021-10-14,SMTO3,37.86
2021-10-14,STBP3,7.37
2021-10-14,SUZB3,49.86
2021-10-14,TAEE11,37.52
2021-10-14,TEND3,17.61
2021-10-14,TIMS3,12.48
2021-10-14,TOTS3,36.22
2021-10-14,UGPA3,14.93
2021-10-14,USIM5,16.29
2021-10-14,VALE3,79.2
2021-10-14,VAMO3,15.68
2021-10-14,VIVA3,29.58
2021-10-14,VIVT3,45.8
2021-10-14,WEGE3,40.6
2021-10-14,YDUQ3,26.87
2021-10-15,ABEV3,15.53
2021-10-15,ASAI3,17.54
2021-10-15,AZUL4,35.62
2021-10-15,B3SA3,13.15
2021-10-15,BBAS3,31.58
2021-10-15,BBDC3,18.28
2021-10-15,BBDC4,21.28
2021-10-15,BBSE3,21.68
2021-10-15,BEEF3,10.7
2021-10-15,BPAC11,26.0
2021-10-15,BRAP4,55.1
2021-10-15,BRFS3,25.79
2021-10-15,BRKM5,58.93
2021-10-15,CCRO3,12.73
2021-10-15,CEAB3,7.42
2021-10-15,CMIG4,15.0
2021-10-15,CMIN3,6.65
2021-10-15,COGN3,3.11
2021-10-15,CPFE3,26.08
2021-10-15,CPLE3,5.88
2021-10-15,CPLE6,6.62
2021-10-15,CRFB3,18.65
2021-10-15,CSAN3,23.25
2021-10-15,CSMG3,14.27
2021-10-15,CSNA3,27.59
2021-10-15,CURY3,7.82
2021-10-15,CVCB3,20.27
2021-10-15,CXSE3,9.69
2021-10-15,CYRE3,18.18
2021-10-15,DIRR3,12.75
2021-10-15,EGIE3,38.55
2021-10-15,ELET3,39.26
2021-10-15,ELET6,39.63
2021-10-15,EMBR3,25.68
2021-10-15,ENEV3,15.41
2021-10-15,ENGI11,45.9
2021-10-15,EQTL3,24.67
2021-10-15,FLRY3,21.37
2021-10-15,GGBR4,28.17
2021-10-15,GOAU4,12.83
2021-10-15,HAPV3,13.01
2021-10-15,HYPE3,29.98
2021-10-15,IRBR3,5.18
2021-10-15,ITSA4,11.25
2021-10-15,ITUB4,24.76
2021-10-15,JBSS3,37.99
2021-10-15,KLBN11,23.18
2021-10-15,LREN3,35.75
2021-10-15,LWSA3,22.05
2021-10-15,MGLU3,14.56
2021-10-15,MRFG3,27.15
2021-10-15,MRVE3,12.39
2021-10-15,MULT3,20.24
2021-10-15,NTCO3,44.14
2021-10-15,PCAR3,30.96
2021-10-15,PETR3,30.16
2021-10-15,PETR4,29.6
2021-10-15,PETZ3,23.77
2021-10-15,POMO4,2.88
2021-10-15,PRIO3,27.74
2021-10-15,PSSA3,45.86
2021-10-15,RADL3,23.02
2021-10-15,RAIL3,18.35
2021-10-15,RAIZ4,7.1
2021-10-15,RDOR3,65.69
2021-10-15,RECV3,17.32
2021-10-15,RENT3,56.63
2021-10-15,SANB11,37.55
2021-10-15,SBSP3,39.04
2021-10-15,SLCE3,48.4
2021-10-15,SMFT3,24.49
2021-10-15,SMTO3,37.74
2021-10-15,STBP3,7.46
2021-10-15,SUZB3,50.91
2021-10-15,TAEE11,37.69
2021-10-15,TEND3,18.08
2021-10-15,TIMS3,12.57
2021-10-15,TOTS3,35.29
2021-10-15,UGPA3,15.08
2021-10-15,USIM5,16.58
2021-10-15,VALE3,80.68
2021-10-15,VAMO3,15.98
2021-10-15,VIVA3,30.0
2021-10-15,VIVT3,46.17
2021-10-15,WEGE3,40.12
2021-10-15,YDUQ3,26.98
2021-10-18,ABEV3,15.62
2021-10-18,ASAI3,16.96
2021-10-18,AZUL4,34.36
2021-10-18,B3SA3,12.92
2021-10-18,BBAS3,32.21
2021-10-18,BBDC3,18.48
2021-10-18,BBDC4,21.65
2021-10-18,BBSE3,21.68
2021-10-18,BEEF3,10.37
2021-10-18,BPAC11,25.6
2021-10-18,BRAP4,54.21
2021-10-18,BRFS3,25.09
2021-10-18,BRKM5,59.16
2021-10-18,CCRO3,12.72
2021-10-18,CEAB3,7.44
2021-10-18,CMIG4,15.11
2021-10-18,CMIN3,6.71
2021-10-18,COGN3,3.11
2021-10-18,CPFE3,26.61
2021-10-18,CPLE3,5.95
2021-10-18,CPLE6,6.76
2021-10-18,CRFB3,18.73
2021-10-18,CSAN3,23.26
2021-10-18,CSMG3,14.34
2021-10-18,CSNA3,26.45
2021-10-18,CURY3,7.91
2021-10-18,CVCB3,19.97
2021-10-18,CXSE3,9.9
2021-10-18,CYRE3,18.21
2021-10-18,DIRR3,12.66
2021-10-18,EGIE3,38.64
2021-10-18,ELET3,40.61
2021-10-18,ELET6,40.55
2021-10-18,EMBR3,25.66
2021-10-18,ENEV3,15.3
2021-10-18,ENGI11,46.05
2021-10-18,EQTL3,24.77
2021-10-18,FLRY3,21.57
2021-10-18,GGBR4,28.18
2021-10-18,GOAU4,12.82
2021-10-18,HAPV3,12.6
2021-10-18,HYPE3,30.48
2021-10-18,IRBR3,5.22
2021-10-18,ITSA4,11.33
2021-10-18,ITUB4,24.93
2021-10-18,JBSS3,38.51
2021-10-18,KLBN11,23.0
2021-10-18,LREN3,35.99
2021-10-18,LWSA3,22.99
2021-10-18,MGLU3,14.28
2021-10-18,MRFG3,26.49
2021-10-18,MRVE3,12.48
2021-10-18,MULT3,20.46
2021-10-18,NTCO3,43.11
2021-10-18,PCAR3,28.96
2021-10-18,PETR3,30.2
2021-10-18,PETR4,29.45
2021-10-18,PETZ3,23.45
2021-10-18,POMO4,2.91
2021-10-18,PRIO3,27.16
2021-10-18,PSSA3,46.19
2021-10-18,RADL3,22.71
2021-10-18,RAIL3,18.21
2021-10-18,RAIZ4,6.98
2021-10-18,RDOR3,65.35
2021-10-18,RECV3,17.16
2021-10-18,RENT3,56.25
2021-10-18,SANB11,36.5
2021-10-18,SBSP3,38.86
2021-10-18,SLCE3,48.75
2021-10-18,SMFT3,23.74
2021-10-18,SMTO3,38.24
2021-10-18,STBP3,7.41
2021-10-18,SUZB3,49.8
2021-10-18,TAEE11,37.97
2021-10-18,TEND3,18.04
2021-10-18,TIMS3,12.48
2021-10-18,TOTS3,35.8
2021-10-18,UGPA3,15.42
2021-10-18,USIM5,16.08
2021-10-18,VALE3,79.92
2021-10-18,VAMO3,15.72
2021-10-18,VIVA3,30.18
2021-10-18,VIVT3,46.45
2021-10-18,WEGE3,40.36
2021-10-18,YDUQ3,27.01
2021-10-19,ABEV3,15.14
2021-10-19,ASAI3,16.55
2021-10-19,AZUL4,30.8
2021-10-19,B3SA3,12.52
2021-10-19,BBAS3,30.63
2021-10-19,BBDC3,17.87
2021-10-19,BBDC4,20.98
2021-10-19,BBSE3,21.26
2021-10-19,BEEF3,10.1
2021-10-19,BPAC11,24.18
2021-10-19,BRAP4,53.19
2021-10-19,BRFS3,24.06
2021-10-19,BRKM5,57.49
2021-10-19,CCRO3,12.21
2021-10-19,CEAB3,7.12
2021-10-19,CMIG4,14.77
2021-10-19,CMIN3,6.45
2021-10-19,COGN3,2.9
2021-10-19,CPFE3,26.07
2021-10-19,CPLE3,5.84
2021-10-19,CPLE6,6.64
2021-10-19,CRFB3,18.07
2021-10-19,CSAN3,22.55
2021-10-19,CSMG3,13.93
2021-10-19,CSNA3,25.67
2021-10-19,CURY3,7.47
2021-10-19,CVCB3,18.86
2021-10-19,CXSE3,9.66
2021-10-19,CYRE3,16.9
2021-10-19,DIRR3,11.8
2021-10-19,EGIE3,38.24
2021-10-19,ELET3,39.15
2021-10-19,ELET6,39.26
2021-10-19,EMBR3,24.94
2021-10-19,ENEV3,14.76
2021-10-19,ENGI11,44.11
2021-10-19,EQTL3,24.24
2021-10-19,FLRY3,20.53
2021-10-19,GGBR4,27.83
2021-10-19,GOAU4,12.6
2021-10-19,HAPV3,12.08
2021-10-19,HYPE3,29.23
2021-10-19,IRBR3,5.13
2021-10-19,ITSA4,10.91
2021-10-19,ITUB4,24.34
2021-10-19,JBSS3,37.93
2021-10-19,KLBN11,22.36
2021-10-19,LREN3,34.43
2021-10-19,LWSA3,21.37
2021-10-19,MGLU3,13.73
2021-10-19,MRFG3,26.02
2021-10-19,MRVE3,11.6
2021-10-19,MULT3,19.5
2021-10-19,NTCO3,40.32
2021-10-19,PCAR3,28.82
2021-10-19,PETR3,28.88
2021-10-19,PETR4,28.01
2021-10-19,PETZ3,22.41
2021-10-19,POMO4,2.79
2021-10-19,PRIO3,26.77
2021-10-19,PSSA3,46.76
2021-10-19,RADL3,22.26
2021-10-19,RAIL3,17.58
2021-10-19,RAIZ4,6.69
2021-10-19,RDOR3,63.59
2021-10-19,RECV3,16.31
2021-10-19,RENT3,53.57
2021-10-19,SANB11,34.93
2021-10-19,SBSP3,38.02
2021-10-19,SLCE3,48.04
2021-10-19,SMFT3,23.5
2021-10-19,SMTO3,37.48
2021-10-19,STBP3,6.93
2021-10-19,SUZB3,48.73
2021-10-19,TAEE11,37.49
2021-10-19,TEND3,16.9
2021-10-19,TIMS3,12.26
2021-10-19,TOTS3,34.39
2021-10-19,UGPA3,14.61
2021-10-19,USIM5,15.59
2021-10-19,VALE3,79.0
2021-10-19,VAMO3,14.76
2021-10-19,VIVA3,29.08
2021-10-19,VIVT3,45.91
2021-10-19,WEGE3,39.35
2021-10-19,YDUQ3,25.17
2021-10-20,ABEV3,15.35
2021-10-20,ASAI3,16.77
2021-10-20,AZUL4,30.56
2021-10-20,B3SA3,13.11
2021-10-20,BBAS3,31.14
2021-10-20,BBDC3,18.46
2021-10-20,BBDC4,21.61
2021-10-20,BBSE3,21.33
2021-10-20,BEEF3,9.69
2021-10-20,BPAC11,24.79
2021-10-20,BRAP4,52.05
2021-10-20,BRFS3,23.65
2021-10-20,BRKM5,59.09
2021-10-20,CCRO3,12.41
2021-10-20,CEAB3,6.94
2021-10-20,CMIG4,14.81
2021-10-20,CMIN3,6.14
2021-10-20,COGN3,2.89
2021-10-20,CPFE3,26.22
2021-10-20,CPLE3,5.85
2021-10-20,CPLE6,6.62
2021-10-20,CRFB3,17.61
2021-10-20,CSAN3,22.2
2021-10-20,CSMG3,13.95
2021-10-20,CSNA3,25.54
2021-10-20,CURY3,7.34
2021-10-20,CVCB3,18.63
2021-10-20,CXSE3,9.53
2021-10-20,CYRE3,16.62
2021-10-20,DIRR3,11.61
2021-10-20,EGIE3,38.99
2021-10-20,ELET3,37.84
2021-10-20,ELET6,37.98
2021-10-20,EMBR3,24.65
2021-10-20,ENEV3,14.69
2021-10-20,ENGI11,44.26
2021-10-20,EQTL3,24.0
2021-10-20,FLRY3,20.3
2021-10-20,GGBR4,27.34
2021-10-20,GOAU4,12.43
2021-10-20,HAPV3,11.71
2021-10-20,HYPE3,29.28
2021-10-20,IRBR3,5.22
2021-10-20,ITSA4,11.13
2021-10-20,ITUB4,24.9
2021-10-20,JBSS3,37.98
2021-10-20,KLBN11,22.5
2021-10-20,LREN3,34.94
2021-10-20,LWSA3,22.48
2021-10-20,MGLU3,13.25
2021-10-20,MRFG3,25.68
2021-10-20,MRVE3,11.51
2021-10-20,MULT3,19.36
2021-10-20,NTCO3,39.59
2021-10-20,PCAR3,28.87
2021-10-20,PETR3,29.37
2021-10-20,PETR4,28.41
2021-10-20,PETZ3,21.4
2021-10-20,POMO4,2.79
2021-10-20,PRIO3,26.9
2021-10-20,PSSA3,47.36
2021-10-20,RADL3,21.67
2021-10-20,RAIL3,17.09
2021-10-20,RAIZ4,6.64
2021-10-20,RDOR3,63.65
2021-10-20,RECV3,16.56
2021-10-20,RENT3,51.78
2021-10-20,SANB11,36.07
2021-10-20,SBSP3,37.78
2021-10-20,SLCE3,47.55
2021-10-20,SMFT3,23.4
2021-10-20,SMTO3,38.22
2021-10-20,STBP3,6.76
2021-10-20,SUZB3,48.4
2021-10-20,TAEE11,37.69
2021-10-20,TEND3,17.06
2021-10-20,TIMS3,12.37
2021-10-20,TOTS3,33.42
2021-10-20,UGPA3,14.76
2021-10-20,USIM5,14.97
2021-10-20,VALE3,76.41
2021-10-20,VAMO3,14.33
2021-10-20,VIVA3,28.28
2021-10-20,VIVT3,46.0
2021-10-20,WEGE3,40.11
2021-10-20,YDUQ3,24.9
2021-10-21,ABEV3,15.14
2021-10-21,ASAI3,16.43
2021-10-21,AZUL4,29.69
2021-10-21,B3SA3,13.01
2021-10-21,BBAS3,29.82
2021-10-21,BBDC3,18.0
2021-10-21,BBDC4,21.25
2021-10-21,BBSE3,21.5
2021-10-21,BEEF3,9.34
2021-10-21,BPAC11,23.49
2021-10-21,BRAP4,50.64
2021-10-21,BRFS3,22.8
2021-10-21,BRKM5,56.96
2021-10-21,CCRO3,11.92
2021-10-21,CEAB3,6.51
2021-10-21,CMIG4,13.78
2021-10-21,CMIN3,6.01
2021-10-21,COGN3,2.72
2021-10-21,CPFE3,25.53
2021-10-21,CPLE3,5.75
2021-10-21,CPLE6,6.37
2021-10-21,CRFB3,17.03
2021-10-21,CSAN3,21.29
2021-10-21,CSMG3,13.55
2021-10-21,CSNA3,25.07
2021-10-21,CURY3,6.94
2021-10-21,CVCB3,17.65
2021-10-21,CXSE3,9.14
2021-10-21,CYRE3,15.59
2021-10-21,DIRR3,10.78
2021-10-21,EGIE3,38.55
2021-10-21,ELET3,36.24
2021-10-21,ELET6,36.08
2021-10-21,EMBR3,24.13
2021-10-21,ENEV3,14.6
2021-10-21,ENGI11,43.02
2021-10-21,EQTL3,23.84
2021-10-21,FLRY3,20.02
2021-10-21,GGBR4,26.56
2021-10-21,GOAU4,12.02
2021-10-21,HAPV3,11.61
2021-10-21,HYPE3,28.55
2021-10-21,IRBR3,5.05
2021-10-21,ITSA4,10.84
2021-10-21,ITUB4,24.48
2021-10-21,JBSS3,37.39
2021-10-21,KLBN11,22.5
2021-10-21,LREN3,33.39
2021-10-21,LWSA3,22.15
2021-10-21,MGLU3,12.41
2021-10-21,MRFG3,25.29
2021-10-21,MRVE3,10.75
2021-10-21,MULT3,18.26
2021-10-21,NTCO3,39.39
2021-10-21,PCAR3,27.56
2021-10-21,PETR3,28.46
2021-10-21,PETR4,27.45
2021-10-21,PETZ3,20.1
2021-10-21,POMO4,2.64
2021-10-21,PRIO3,26.29
2021-10-21,PSSA3,23.92
2021-10-21,RADL3,21.37
2021-10-21,RAIL3,16.39
2021-10-21,RAIZ4,6.43
2021-10-21,RDOR3,61.25
2021-10-21,RECV3,15.75
2021-10-21,RENT3,49.41
2021-10-21,SANB11,35.45
2021-10-21,SBSP3,36.5
2021-10-21,SLCE3,46.2
2021-10-21,SMFT3,22.17
2021-10-21,SMTO3,36.51
2021-10-21,STBP3,6.15
2021-10-21,SUZB3,49.2
2021-10-21,TAEE11,37.37
2021-10-21,TEND3,16.55
2021-10-21,TIMS3,11.98
2021-10-21,TOTS3,32.56
2021-10-21,UGPA3,13.96
2021-10-21,USIM5,14.16
2021-10-21,VALE3,75.16
2021-10-21,VAMO3,13.39
2021-10-21,VIVA3,27.0
2021-10-21,VIVT3,45.28
2021-10-21,WEGE3,39.35
2021-10-21,YDUQ3,24.0
2021-10-22,ABEV3,15.0
2021-10-22,ASAI3,16.11
2021-10-22,AZUL4,29.19
2021-10-22,B3SA3,12.62
2021-10-22,BBAS3,28.91
2021-10-22,BBDC3,17.41
2021-10-22,BBDC4,20.45
2021-10-22,BBSE3,21.67
2021-10-22,BEEF3,9.3
2021-10-22,BPAC11,22.82
2021-10-22,BRAP4,51.5
2021-10-22,BRFS3,22.01
2021-10-22,BRKM5,54.87
2021-10-22,CCRO3,11.53
2021-10-22,CEAB3,6.15
2021-10-22,CMIG4,13.37
2021-10-22,CMIN3,6.05
2021-10-22,COGN3,2.62
2021-10-22,CPFE3,25.15
2021-10-22,CPLE3,5.56
2021-10-22,CPLE6,6.18
2021-10-22,CRFB3,16.83
2021-10-22,CSAN3,20.92
2021-10-22,CSMG3,13.51
2021-10-22,CSNA3,25.09
2021-10-22,CURY3,6.79
2021-10-22,CVCB3,17.1
2021-10-22,CXSE3,9.04
2021-10-22,CYRE3,15.18
2021-10-22,DIRR3,10.18
2021-10-22,EGIE3,37.87
2021-10-22,ELET3,35.47
2021-10-22,ELET6,35.06
2021-10-22,EMBR3,24.25
2021-10-22,ENEV3,14.0
2021-10-22,ENGI11,41.55
2021-10-22,EQTL3,23.14
2021-10-22,FLRY3,19.5
2021-10-22,GGBR4,26.73
2021-10-22,GOAU4,12.27
2021-10-22,HAPV3,11.61
2021-10-22,HYPE3,27.96
2021-10-22,IRBR3,5.01
2021-10-22,ITSA4,10.53
2021-10-22,ITUB4,23.54
2021-10-22,JBSS3,37.32
2021-10-22,KLBN11,24.2
2021-10-22,LREN3,32.05
2021-10-22,LWSA3,20.18
2021-10-22,MGLU3,12.42
2021-10-22,MRFG3,25.12
2021-10-22,MRVE3,10.54
2021-10-22,MULT3,17.57
2021-10-22,NTCO3,39.88
2021-10-22,PCAR3,26.31
2021-10-22,PETR3,27.9
2021-10-22,PETR4,27.18
2021-10-22,PETZ3,19.54
2021-10-22,POMO4,2.63
2021-10-22,PRIO3,26.48
2021-10-22,PSSA3,23.81
2021-10-22,RADL3,21.57
2021-10-22,RAIL3,16.58
2021-10-22,RAIZ4,6.37
2021-10-22,RDOR3,60.88
2021-10-22,RECV3,15.09
2021-10-22,RENT3,47.85
2021-10-22,SANB11,35.29
2021-10-22,SBSP3,35.68
2021-10-22,SLCE3,46.3
2021-10-22,SMFT3,20.91
2021-10-22,SMTO3,36.72
2021-10-22,STBP3,6.29
2021-10-22,SUZB3,52.8
2021-10-22,TAEE11,36.82
2021-10-22,TEND3,16.64
2021-10-22,TIMS3,11.87
2021-10-22,TOTS3,31.88
2021-10-22,UGPA3,13.5
2021-10-22,USIM5,14.35
2021-10-22,VALE3,76.08
2021-10-22,VAMO3,12.54
2021-10-22,VBBR3,21.51
2021-10-22,VIVA3,26.83
2021-10-22,VIVT3,44.56
2021-10-22,WEGE3,38.89
2021-10-22,YDUQ3,22.65
2021-10-25,ABEV3,15.27
2021-10-25,ASAI3,16.13
2021-10-25,AZUL4,29.36
2021-10-25,B3SA3,12.89
2021-10-25,BBAS3,29.51
2021-10-25,BBDC3,17.69
2021-10-25,BBDC4,20.76
2021-10-25,BBSE3,22.44
2021-10-25,BEEF3,9.26
2021-10-25,BPAC11,23.36
2021-10-25,BRAP4,52.64
2021-10-25,BRFS3,21.73
2021-10-25,BRKM5,56.03
2021-10-25,CCRO3,11.87
2021-10-25,CEAB3,6.53
2021-10-25,CMIG4,13.47
2021-10-25,CMIN3,6.0
2021-10-25,COGN3,2.7
2021-10-25,CPFE3,25.6
2021-10-25,CPLE3,5.56
2021-10-25,CPLE6,6.2
2021-10-25,CRFB3,17.14
2021-10-25,CSAN3,21.67
2021-10-25,CSMG3,13.8
2021-10-25,CSNA3,26.1
2021-10-25,CURY3,7.18
2021-10-25,CVCB3,18.15
2021-10-25,CXSE3,9.4
2021-10-25,CYRE3,15.39
2021-10-25,DIRR3,10.56
2021-10-25,EGIE3,38.67
2021-10-25,ELET3,36.64
2021-10-25,ELET6,36.1
2021-10-25,EMBR3,24.12
2021-10-25,ENEV3,14.58
2021-10-25,ENGI11,42.27
2021-10-25,EQTL3,24.01
2021-10-25,FLRY3,20.09
2021-10-25,GGBR4,27.96
2021-10-25,GOAU4,12.9
2021-10-25,HAPV3,11.85
2021-10-25,HYPE3,28.75
2021-10-25,IRBR3,5.05
2021-10-25,ITSA4,10.67
2021-10-25,ITUB4,24.0
2021-10-25,JBSS3,37.17
2021-10-25,KLBN11,24.2
2021-10-25,LREN3,32.85
2021-10-25,LWSA3,20.94
2021-10-25,MGLU3,12.34
2021-10-25,MRFG3,24.82
2021-10-25,MRVE3,10.89
2021-10-25,MULT3,18.06
2021-10-25,NTCO3,40.65
2021-10-25,PCAR3,26.92
2021-10-25,PETR3,29.61
2021-10-25,PETR4,29.04
2021-10-25,PETZ3,19.92
2021-10-25,POMO4,2.72
2021-10-25,PRIO3,27.42
2021-10-25,PSSA3,24.08
2021-10-25,RADL3,22.4
2021-10-25,RAIL3,16.74
2021-10-25,RAIZ4,6.63
2021-10-25,RDOR3,63.0
2021-10-25,RECV3,16.17
2021-10-25,RENT3,48.49
2021-10-25,SANB11,35.75
2021-10-25,SBSP3,36.15
2021-10-25,SLCE3,46.98
2021-10-25,SMFT3,23.24
2021-10-25,SMTO3,37.89
2021-10-25,STBP3,6.24
2021-10-25,SUZB3,51.47
2021-10-25,TAEE11,37.2
2021-10-25,TEND3,17.42
2021-10-25,TIMS3,11.97
2021-10-25,TOTS3,33.38
2021-10-25,UGPA3,13.72
2021-10-25,USIM5,14.68
2021-10-25,VALE3,77.0
2021-10-25,VAMO3,12.57
2021-10-25,VBBR3,22.62
2021-10-25,VIVA3,27.93
2021-10-25,VIVT3,44.88
2021-10-25,WEGE3,39.55
2021-10-25,YDUQ3,22.35
2021-10-26,ABEV3,15.16
2021-10-26,ASAI3,15.95
2021-10-26,AZUL4,26.9
2021-10-26,B3SA3,12.15
2021-10-26,BBAS3,29.2
2021-10-26,BBDC3,17.28
2021-10-26,BBDC4,20.29
2021-10-26,BBSE3,22.17
2021-10-26,BEEF3,8.94
2021-10-26,BPAC11,22.56
2021-10-26,BRAP4,51.89
2021-10-26,BRFS3,20.98
2021-10-26,BRKM5,57.03
2021-10-26,CCRO3,11.42
2021-10-26,CEAB3,6.11
2021-10-26,CMIG4,13.37
2021-10-26,CMIN3,5.79
2021-10-26,COGN3,2.51
2021-10-26,CPFE3,25.8
2021-10-26,CPLE3,5.56
2021-10-26,CPLE6,6.07
2021-10-26,CRFB3,17.17
2021-10-26,CSAN3,20.72
2021-10-26,CSMG3,13.78
2021-10-26,CSNA3,24.43
2021-10-26,CURY3,6.92
2021-10-26,CVCB3,16.91
2021-10-26,CXSE3,9.02
2021-10-26,CYRE3,14.61
2021-10-26,DIRR3,9.95
2021-10-26,EGIE3,38.51
2021-10-26,ELET3,36.18
2021-10-26,ELET6,35.9
2021-10-26,EMBR3,23.17
2021-10-26,ENEV3,14.07
2021-10-26,ENGI11,40.42
2021-10-26,EQTL3,23.91
2021-10-26,FLRY3,19.73
2021-10-26,GGBR4,28.05
2021-10-26,GOAU4,13.04
2021-10-26,HAPV3,11.53
2021-10-26,HYPE3,28.02
2021-10-26,IRBR3,4.86
2021-10-26,ITSA4,10.47
2021-10-26,ITUB4,23.74
2021-10-26,JBSS3,36.89
2021-10-26,KLBN11,23.87
2021-10-26,LREN3,31.49
2021-10-26,LWSA3,19.67
2021-10-26,MGLU3,11.98
2021-10-26,MRFG3,24.61
2021-10-26,MRVE3,10.41
2021-10-26,MULT3,17.3
2021-10-26,NTCO3,40.56
2021-10-26,PCAR3,25.93
2021-10-26,PETR3,29.27
2021-10-26,PETR4,28.76
2021-10-26,PETZ3,19.0
2021-10-26,POMO4,2.7
2021-10-26,PRIO3,27.15
2021-10-26,PSSA3,23.52
2021-10-26,RADL3,22.06
2021-10-26,RAIL3,16.29
2021-10-26,RAIZ4,6.58
2021-10-26,RDOR3,60.35
2021-10-26,RECV3,15.8
2021-10-26,RENT3,45.5
2021-10-26,SANB11,35.07
2021-10-26,SBSP3,35.56
2021-10-26,SLCE3,45.07
2021-10-26,SMFT3,21.7
2021-10-26,SMTO3,37.78
2021-10-26,STBP3,5.78
2021-10-26,SUZB3,50.45
2021-10-26,TAEE11,36.72
2021-10-26,TEND3,16.9
2021-10-26,TIMS3,11.58
2021-10-26,TOTS3,33.4
2021-10-26,UGPA3,13.23
2021-10-26,USIM5,14.22
2021-10-26,VALE3,76.18
2021-10-26,VAMO3,11.89
2021-10-26,VBBR3,21.27
2021-10-26,VIVA3,27.08
2021-10-26,VIVT3,44.79
2021-10-26,WEGE3,39.66
2021-10-26,YDUQ3,21.1
2021-10-27,ABEV3,15.22
2021-10-27,ASAI3,15.64
2021-10-27,AZUL4,26.36
2021-10-27,B3SA3,12.12
2021-10-27,BBAS3,29.17
2021-10-27,BBDC3,17.57
2021-10-27,BBDC4,20.56
2021-10-27,BBSE3,22.5
2021-10-27,BEEF3,9.07
2021-10-27,BPAC11,22.8
2021-10-27,BRAP4,50.76
2021-10-27,BRFS3,21.35
2021-10-27,BRKM5,56.96
2021-10-27,CCRO3,11.65
2021-10-27,CEAB3,6.37
2021-10-27,CMIG4,13.44
2021-10-27,CMIN3,5.68
2021-10-27,COGN3,2.65
2021-10-27,CPFE3,26.32
2021-10-27,CPLE3,5.53
2021-10-27,CPLE6,6.07
2021-10-27,CRFB3,17.24
2021-10-27,CSAN3,20.55
2021-10-27,CSMG3,13.91
2021-10-27,CSNA3,24.5
2021-10-27,CURY3,7.04
2021-10-27,CVCB3,16.59
2021-10-27,CXSE3,8.93
2021-10-27,CYRE3,15.2
2021-10-27,DIRR3,10.23
2021-10-27,EGIE3,39.47
2021-10-27,ELET3,36.37
2021-10-27,ELET6,36.22
2021-10-27,EMBR3,22.49
2021-10-27,ENEV3,14.52
2021-10-27,ENGI11,41.02
2021-10-27,EQTL3,24.39
2021-10-27,FLRY3,19.02
2021-10-27,GGBR4,27.35
2021-10-27,GOAU4,12.84
2021-10-27,HAPV3,11.87
2021-10-27,HYPE3,28.52
2021-10-27,IRBR3,4.85
2021-10-27,ITSA4,10.52
2021-10-27,ITUB4,23.92
2021-10-27,JBSS3,37.52
2021-10-27,KLBN11,23.28
2021-10-27,LREN3,32.37
2021-10-27,LWSA3,20.4
2021-10-27,MGLU3,11.6
2021-10-27,MRFG3,25.27
2021-10-27,MRVE3,10.7
2021-10-27,MULT3,18.09
2021-10-27,NTCO3,39.57
2021-10-27,PCAR3,25.83
2021-10-27,PETR3,29.31
2021-10-27,PETR4,28.69
2021-10-27,PETZ3,18.83
2021-10-27,POMO4,2.65
2021-10-27,PRIO3,25.35
2021-10-27,PSSA3,23.78
2021-10-27,RADL3,22.98
2021-10-27,RAIL3,16.2
2021-10-27,RAIZ4,6.63
2021-10-27,RDOR3,60.61
2021-10-27,RECV3,14.98
2021-10-27,RENT3,46.36
2021-10-27,SANB11,35.06
2021-10-27,SBSP3,36.28
2021-10-27,SLCE3,43.63
2021-10-27,SMFT3,21.69
2021-10-27,SMTO3,36.68
2021-10-27,STBP3,5.83
2021-10-27,SUZB3,48.38
2021-10-27,TAEE11,37.03
2021-10-27,TEND3,17.61
2021-10-27,TIMS3,11.38
2021-10-27,TOTS3,33.2
2021-10-27,UGPA3,13.74
2021-10-27,USIM5,14.19
2021-10-27,VALE3,74.45
2021-10-27,VAMO3,12.3
2021-10-27,VBBR3,21.61
2021-10-27,VIVA3,27.15
2021-10-27,VIVT3,44.59
2021-10-27,WEGE3,39.2
2021-10-27,YDUQ3,21.9
2021-10-28,ABEV3,16.7
2021-10-28,ASAI3,15.65
2021-10-28,AZUL4,26.01
2021-10-28,B3SA3,12.04
2021-10-28,BBAS3,28.91
2021-10-28,BBDC3,17.4
2021-10-28,BBDC4,20.49
2021-10-28,BBSE3,22.17
2021-10-28,BEEF3,9.09
2021-10-28,BPAC11,22.64
2021-10-28,BRAP4,50.06
2021-10-28,BRFS3,22.75
2021-10-28,BRKM5,56.43
2021-10-28,CCRO3,11.5
2021-10-28,CEAB3,6.19
2021-10-28,CMIG4,12.96
2021-10-28,CMIN3,5.5
2021-10-28,COGN3,2.54
2021-10-28,CPFE3,25.84
2021-10-28,CPLE3,5.51
2021-10-28,CPLE6,6.01
2021-10-28,CRFB3,17.09
2021-10-28,CSAN3,20.14
2021-10-28,CSMG3,13.68
2021-10-28,CSNA3,24.04
2021-10-28,CURY3,6.93
2021-10-28,CVCB3,16.53
2021-10-28,CXSE3,8.78
2021-10-28,CYRE3,14.4
2021-10-28,DIRR3,9.64
2021-10-28,EGIE3,38.93
2021-10-28,ELET3,35.94
2021-10-28,ELET6,35.55
2021-10-28,EMBR3,22.37
2021-10-28,ENEV3,14.37
2021-10-28,ENGI11,39.28
2021-10-28,EQTL3,23.44
2021-10-28,FLRY3,18.34
2021-10-28,GGBR4,27.4
2021-10-28,GOAU4,12.73
2021-10-28,HAPV3,11.73
2021-10-28,HYPE3,28.04
2021-10-28,IRBR3,4.77
2021-10-28,ITSA4,10.47
2021-10-28,ITUB4,23.87
2021-10-28,JBSS3,37.48
2021-10-28,KLBN11,23.6
2021-10-28,LREN3,32.35
2021-10-28,LWSA3,20.0
2021-10-28,MGLU3,11.15
2021-10-28,MRFG3,25.16
2021-10-28,MRVE3,10.31
2021-10-28,MULT3,18.41
2021-10-28,NTCO3,38.91
2021-10-28,PCAR3,25.71
2021-10-28,PETR3,29.59
2021-10-28,PETR4,28.96
2021-10-28,PETZ3,18.98
2021-10-28,POMO4,2.59
2021-10-28,PRIO3,23.51
2021-10-28,PSSA3,23.67
2021-10-28,RADL3,22.71
2021-10-28,RAIL3,16.1
2021-10-28,RAIZ4,6.78
2021-10-28,RDOR3,59.5
2021-10-28,RECV3,14.25
2021-10-28,RENT3,45.95
2021-10-28,SANB11,35.06
2021-10-28,SBSP3,36.12
2021-10-28,SLCE3,43.49
2021-10-28,SMFT3,20.9
2021-10-28,SMTO3,37.38
2021-10-28,STBP3,5.35
2021-10-28,SUZB3,48.91
2021-10-28,TAEE11,36.73
2021-10-28,TEND3,16.73
2021-10-28,TIMS3,11.22
2021-10-28,TOTS3,32.91
2021-10-28,UGPA3,13.37
2021-10-28,USIM5,14.33
2021-10-28,VALE3,73.7
2021-10-28,VAMO3,11.8
2021-10-28,VBBR3,21.22
2021-10-28,VIVA3,26.4
2021-10-28,VIVT3,45.0
2021-10-28,WEGE3,37.83
2021-10-28,YDUQ3,21.6
2021-10-29,ABEV3,16.99
2021-10-29,ASAI3,15.29
2021-10-29,AZUL4,24.87
2021-10-29,B3SA3,11.91
2021-10-29,BBAS3,28.5
2021-10-29,BBDC3,17.0
2021-10-29,BBDC4,19.9
2021-10-29,BBSE3,22.09
2021-10-29,BEEF3,9.74
2021-10-29,BPAC11,22.55
2021-10-29,BRAP4,48.66
2021-10-29,BRFS3,23.23
2021-10-29,BRKM5,54.46
2021-10-29,CCRO3,11.43
2021-10-29,CEAB3,6.06
2021-10-29,CMIG4,12.88
2021-10-29,CMIN3,5.27
2021-10-29,COGN3,2.48
2021-10-29,CPFE3,26.31
2021-10-29,CPLE3,5.38
2021-10-29,CPLE6,5.92
2021-10-29,CRFB3,16.64
2021-10-29,CSAN3,19.79
2021-10-29,CSMG3,13.61
2021-10-29,CSNA3,22.78
2021-10-29,CURY3,6.74
2021-10-29,CVCB3,15.97
2021-10-29,CXSE3,8.75
2021-10-29,CYRE3,14.09
2021-10-29,DIRR3,9.54
2021-10-29,EGIE3,38.91
2021-10-29,ELET3,33.83
2021-10-29,ELET6,33.84
2021-10-29,EMBR3,21.93
2021-10-29,ENEV3,14.4
2021-10-29,ENGI11,39.62
2021-10-29,EQTL3,22.88
2021-10-29,FLRY3,18.83
2021-10-29,GGBR4,26.9
2021-10-29,GOAU4,12.51
2021-10-29,HAPV3,11.54
2021-10-29,HYPE3,28.06
2021-10-29,IRBR3,4.69
2021-10-29,ITSA4,10.25
2021-10-29,ITUB4,23.31
2021-10-29,JBSS3,39.05
2021-10-29,KLBN11,22.94
2021-10-29,LREN3,32.23
2021-10-29,LWSA3,18.3
2021-10-29,MGLU3,10.81
2021-10-29,MRFG3,26.5
2021-10-29,MRVE3,10.15
2021-10-29,MULT3,18.52
2021-10-29,NTCO3,38.9
2021-10-29,PCAR3,25.53
2021-10-29,PETR3,27.67
2021-10-29,PETR4,27.25
2021-10-29,PETZ3,18.77
2021-10-29,POMO4,2.59
2021-10-29,PRIO3,23.47
2021-10-29,PSSA3,23.34
2021-10-29,RADL3,23.25
2021-10-29,RAIL3,15.99
2021-10-29,RAIZ4,6.78
2021-10-29,RDOR3,59.0
2021-10-29,RECV3,13.56
2021-10-29,RENT3,45.3
2021-10-29,SANB11,34.4
2021-10-29,SBSP3,35.2
2021-10-29,SLCE3,43.58
2021-10-29,SMFT3,20.17
2021-10-29,SMTO3,38.3
2021-10-29,STBP3,5.15
2021-10-29,SUZB3,49.23
2021-10-29,TAEE11,36.66
2021-10-29,TEND3,17.06
2021-10-29,TIMS3,11.22
2021-10-29,TOTS3,32.76
2021-10-29,UGPA3,13.05
2021-10-29,USIM5,13.25
2021-10-29,VALE3,71.61
2021-10-29,VAMO3,11.33
2021-10-29,VBBR3,20.98
2021-10-29,VIVA3,25.94
2021-10-29,VIVT3,45.52
2021-10-29,WEGE3,37.0
2021-10-29,YDUQ3,20.86
2021-11-01,ABEV3,17.36
2021-11-01,ASAI3,14.98
2021-11-01,AZUL4,27.1
2021-11-01,B3SA3,11.98
2021-11-01,BBAS3,29.15
2021-11-01,BBDC3,17.55
2021-11-01,BBDC4,20.59
2021-11-01,BBSE3,22.05
2021-11-01,BEEF3,9.79
2021-11-01,BPAC11,23.67
2021-11-01,BRAP4,50.0
2021-11-01,BRFS3,23.1
2021-11-01,BRKM5,53.65
2021-11-01,CCRO3,11.11
2021-11-01,CEAB3,6.71
2021-11-01,CMIG4,13.03
2021-11-01,CMIN3,5.38
2021-11-01,COGN3,2.8
2021-11-01,CPFE3,26.05
2021-11-01,CPLE3,5.48
2021-11-01,CPLE6,5.95
2021-11-01,CRFB3,17.28
2021-11-01,CSAN3,20.19
2021-11-01,CSMG3,14.04
2021-11-01,CSNA3,23.15
2021-11-01,CURY3,6.92
2021-11-01,CVCB3,16.81
2021-11-01,CXSE3,8.97
2021-11-01,CYRE3,14.53
2021-11-01,DIRR3,10.08
2021-11-01,EGIE3,39.11
2021-11-01,ELET3,34.89
2021-11-01,ELET6,34.59
2021-11-01,EMBR3,22.33
2021-11-01,ENEV3,14.36
2021-11-01,ENGI11,40.31
2021-11-01,EQTL3,22.98
2021-11-01,FLRY3,19.11
2021-11-01,GGBR4,26.6
2021-11-01,GOAU4,12.49
2021-11-01,HAPV3,11.77
2021-11-01,HYPE3,28.85
2021-11-01,IRBR3,4.86
2021-11-01,ITSA4,10.51
2021-11-01,ITUB4,24.22
2021-11-01,JBSS3,37.16
2021-11-01,KLBN11,22.13
2021-11-01,LREN3,33.2
2021-11-01,LWSA3,18.63
2021-11-01,MGLU3,11.3
2021-11-01,MRFG3,25.44
2021-11-01,MRVE3,10.62
2021-11-01,MULT3,19.01
2021-11-01,NTCO3,40.16
2021-11-01,PCAR3,25.92
2021-11-01,PETR3,28.7
2021-11-01,PETR4,28.0
2021-11-01,PETZ3,19.31
2021-11-01,POMO4,2.67
2021-11-01,PRIO3,23.4
2021-11-01,PSSA3,23.4
2021-11-01,RADL3,23.5
2021-11-01,RAIL3,16.56
2021-11-01,RAIZ4,6.79
2021-11-01,RDOR3,58.99
2021-11-01,RECV3,14.03
2021-11-01,RENT3,45.58
2021-11-01,SANB11,36.21
2021-11-01,SBSP3,35.73
2021-11-01,SLCE3,43.08
2021-11-01,SMFT3,20.81
2021-11-01,SMTO3,39.5
2021-11-01,STBP3,5.71
2021-11-01,SUZB3,48.91
2021-11-01,TAEE11,36.8
2021-11-01,TEND3,18.5
2021-11-01,TIMS3,11.46
2021-11-01,TOTS3,33.1
2021-11-01,UGPA3,13.02
2021-11-01,USIM5,13.1
2021-11-01,VALE3,72.32
2021-11-01,VAMO3,11.27
2021-11-01,VBBR3,21.76
2021-11-01,VIVA3,26.38
2021-11-01,VIVT3,46.56
2021-11-01,WEGE3,36.96
2021-11-01,YDUQ3,21.19
2021-11-03,ABEV3,17.83
2021-11-03,ASAI3,15.43
2021-11-03,AZUL4,27.7
2021-11-03,B3SA3,12.0
2021-11-03,BBAS3,29.34
2021-11-03,BBDC3,17.49
2021-11-03,BBDC4,20.4
2021-11-03,BBSE3,22.61
2021-11-03,BEEF3,10.05
2021-11-03,BPAC11,23.82
2021-11-03,BRAP4,46.23
2021-11-03,BRFS3,23.83
2021-11-03,BRKM5,54.12
2021-11-03,CCRO3,11.49
2021-11-03,CEAB3,6.96
2021-11-03,CMIG4,13.32
2021-11-03,CMIN3,5.21
2021-11-03,COGN3,2.89
2021-11-03,CPFE3,26.7
2021-11-03,CPLE3,5.59
2021-11-03,CPLE6,6.09
2021-11-03,CRFB3,17.31
2021-11-03,CSAN3,20.56
2021-11-03,CSMG3,14.39
2021-11-03,CSNA3,22.09
2021-11-03,CURY3,7.21
2021-11-03,CVCB3,16.64
2021-11-03,CXSE3,9.06
2021-11-03,CYRE3,15.11
2021-11-03,DIRR3,10.3
2021-11-03,EGIE3,39.92
2021-11-03,ELET3,35.22
2021-11-03,ELET6,35.01
2021-11-03,EMBR3,22.35
2021-11-03,ENEV3,14.82
2021-11-03,ENGI11,41.26
2021-11-03,EQTL3,22.97
2021-11-03,FLRY3,20.08
2021-11-03,GGBR4,25.55
2021-11-03,GOAU4,11.91
2021-11-03,HAPV3,12.38
2021-11-03,HYPE3,29.72
2021-11-03,IRBR3,4.89
2021-11-03,ITSA4,10.6
2021-11-03,ITUB4,24.45
2021-11-03,JBSS3,36.76
2021-11-03,KLBN11,22.39
2021-11-03,LREN3,34.86
2021-11-03,LWSA3,20.32
2021-11-03,MGLU3,11.55
2021-11-03,MRFG3,25.85
2021-11-03,MRVE3,11.07
2021-11-03,MULT3,19.64
2021-11-03,NTCO3,40.52
2021-11-03,PCAR3,24.8
2021-11-03,PETR3,27.48
2021-11-03,PETR4,26.85
2021-11-03,PETZ3,20.82
2021-11-03,POMO4,2.72
2021-11-03,PRIO3,23.8
2021-11-03,PSSA3,23.77
2021-11-03,RADL3,23.85
2021-11-03,RAIL3,17.32
2021-11-03,RAIZ4,6.9
2021-11-03,RDOR3,62.3
2021-11-03,RECV3,14.19
2021-11-03,RENT3,48.3
2021-11-03,SANB11,36.3
2021-11-03,SBSP3,36.6
2021-11-03,SLCE3,44.58
2021-11-03,SMFT3,21.01
2021-11-03,SMTO3,39.1
2021-11-03,STBP3,5.79
2021-11-03,SUZB3,49.77
2021-11-03,TAEE11,37.54
2021-11-03,TEND3,18.83
2021-11-03,TIMS3,12.42
2021-11-03,TOTS3,34.32
2021-11-03,UGPA3,13.47
2021-11-03,USIM5,12.37
2021-11-03,VALE3,66.83
2021-11-03,VAMO3,12.08
2021-11-03,VBBR3,22.86
2021-11-03,VIVA3,27.48
2021-11-03,VIVT3,49.64
2021-11-03,WEGE3,37.68
2021-11-03,YDUQ3,22.64
2021-11-04,ABEV3,17.88
2021-11-04,ASAI3,15.2
2021-11-04,AZUL4,26.23
2021-11-04,B3SA3,11.94
2021-11-04,BBAS3,28.65
2021-11-04,BBDC3,16.54
2021-11-04,BBDC4,19.05
2021-11-04,BBSE3,22.64
2021-11-04,BEEF3,10.42
2021-11-04,BPAC11,23.39
2021-11-04,BRAP4,45.94
2021-11-04,BRFS3,23.28
2021-11-04,BRKM5,53.23
2021-11-04,CCRO3,11.49
2021-11-04,CEAB3,6.96
2021-11-04,CMIG4,13.04
2021-11-04,CMIN3,5.22
2021-11-04,COGN3,2.66
2021-11-04,CPFE3,26.57
2021-11-04,CPLE3,5.48
2021-11-04,CPLE6,5.98
2021-11-04,CRFB3,16.97
2021-11-04,CSAN3,20.23
2021-11-04,CSMG3,12.67
2021-11-04,CSNA3,21.33
2021-11-04,CURY3,6.95
2021-11-04,CVCB3,16.09
2021-11-04,CXSE3,9.06
2021-11-04,CYRE3,14.78
2021-11-04,DIRR3,9.99
2021-11-04,EGIE3,39.79
2021-11-04,ELET3,33.17
2021-11-04,ELET6,32.99
2021-11-04,EMBR3,21.71
2021-11-04,ENEV3,14.88
2021-11-04,ENGI11,40.01
2021-11-04,EQTL3,22.6
2021-11-04,FLRY3,19.99
2021-11-04,GGBR4,25.53
2021-11-04,GOAU4,11.78
2021-11-04,HAPV3,12.26
2021-11-04,HYPE3,29.11
2021-11-04,IRBR3,4.8
2021-11-04,ITSA4,10.25
2021-11-04,ITUB4,23.16
2021-11-04,JBSS3,37.88
2021-11-04,KLBN11,22.33
2021-11-04,LREN3,34.1
2021-11-04,LWSA3,20.62
2021-11-04,MGLU3,11.08
2021-11-04,MRFG3,26.78
2021-11-04,MRVE3,10.99
2021-11-04,MULT3,19.61
2021-11-04,NTCO3,39.05
2021-11-04,PCAR3,22.89
2021-11-04,PETR3,26.67
2021-11-04,PETR4,26.0
2021-11-04,PETZ3,20.64
2021-11-04,POMO4,2.8
2021-11-04,PRIO3,23.39
2021-11-04,PSSA3,23.6
2021-11-04,RADL3,24.28
2021-11-04,RAIL3,17.23
2021-11-04,RAIZ4,6.75
2021-11-04,RDOR3,57.21
2021-11-04,RECV3,14.17
2021-11-04,RENT3,48.26
2021-11-04,SANB11,34.8
2021-11-04,SBSP3,35.8
2021-11-04,SLCE3,44.76
2021-11-04,SMFT3,20.98
2021-11-04,SMTO3,39.68
2021-11-04,STBP3,5.57
2021-11-04,SUZB3,49.3
2021-11-04,TAEE11,36.95
2021-11-04,TEND3,18.29
2021-11-04,TIMS3,12.35
2021-11-04,TOTS3,34.45
2021-11-04,UGPA3,12.38
2021-11-04,USIM5,12.3
2021-11-04,VALE3,66.07
2021-11-04,VAMO3,12.33
2021-11-04,VBBR3,22.01
2021-11-04,VIVA3,27.2
2021-11-04,VIVT3,49.68
2021-11-04,WEGE3,37.72
2021-11-04,YDUQ3,21.99
2021-11-05,ABEV3,17.9
2021-11-05,ASAI3,15.24
2021-11-05,AZUL4,28.4
2021-11-05,B3SA3,12.37
2021-11-05,BBAS3,29.29
2021-11-05,BBDC3,17.21
2021-11-05,BBDC4,19.99
2021-11-05,BBSE3,22.84
2021-11-05,BEEF3,10.4
2021-11-05,BPAC11,24.44
2021-11-05,BRAP4,44.9
2021-11-05,BRFS3,23.71
2021-11-05,BRKM5,54.69
2021-11-05,CCRO3,11.72
2021-11-05,CEAB3,7.43
2021-11-05,CMIG4,13.21
2021-11-05,CMIN3,5.53
2021-11-05,COGN3,2.68
2021-11-05,CPFE3,26.88
2021-11-05,CPLE3,5.52
2021-11-05,CPLE6,5.96
2021-11-05,CRFB3,16.8
2021-11-05,CSAN3,20.78
2021-11-05,CSMG3,12.52
2021-11-05,CSNA3,21.24
2021-11-05,CURY3,7.25
2021-11-05,CVCB3,16.95
2021-11-05,CXSE3,9.12
2021-11-05,CYRE3,15.61
2021-11-05,DIRR3,10.39
2021-11-05,EGIE3,39.5
2021-11-05,ELET3,34.17
2021-11-05,ELET6,33.96
2021-11-05,EMBR3,23.11
2021-11-05,ENEV3,15.39
2021-11-05,ENGI11,40.62
2021-11-05,EQTL3,22.91
2021-11-05,FLRY3,20.69
2021-11-05,GGBR4,24.51
2021-11-05,GOAU4,11.47
2021-11-05,HAPV3,12.75
2021-11-05,HYPE3,29.28
2021-11-05,IRBR3,4.79
2021-11-05,ITSA4,10.17
2021-11-05,ITUB4,22.88
2021-11-05,JBSS3,38.77
2021-11-05,KLBN11,22.51
2021-11-05,LREN3,31.6
2021-11-05,LWSA3,22.05
2021-11-05,MGLU3,12.44
2021-11-05,MRFG3,26.37
2021-11-05,MRVE3,11.43
2021-11-05,MULT3,20.21
2021-11-05,NTCO3,39.49
2021-11-05,PCAR3,23.2
2021-11-05,PETR3,26.69
2021-11-05,PETR4,25.85
2021-11-05,PETZ3,20.45
2021-11-05,POMO4,2.88
2021-11-05,PRIO3,27.57
2021-11-05,PSSA3,24.11
2021-11-05,RADL3,24.21
2021-11-05,RAIL3,16.99
2021-11-05,RAIZ4,6.75
2021-11-05,RDOR3,57.61
2021-11-05,RECV3,15.2
2021-11-05,RENT3,50.09
2021-11-05,SANB11,34.38
2021-11-05,SBSP3,36.17
2021-11-05,SLCE3,45.57
2021-11-05,SMFT3,20.72
2021-11-05,SMTO3,40.08
2021-11-05,STBP3,5.71
2021-11-05,SUZB3,49.35
2021-11-05,TAEE11,36.77
2021-11-05,TEND3,18.28
2021-11-05,TIMS3,12.86
2021-11-05,TOTS3,35.0
2021-11-05,UGPA3,12.46
2021-11-05,USIM5,12.05
2021-11-05,VALE3,64.11
2021-11-05,VAMO3,12.57
2021-11-05,VBBR3,22.61
2021-11-05,VIVA3,27.56
2021-11-05,VIVT3,50.31
2021-11-05,WEGE3,37.68
2021-11-05,YDUQ3,22.48
2021-11-08,ABEV3,17.74
2021-11-08,ASAI3,15.42
2021-11-08,AZUL4,28.15
2021-11-08,B3SA3,12.24
2021-11-08,BBAS3,29.48
2021-11-08,BBDC3,16.87
2021-11-08,BBDC4,19.53
2021-11-08,BBSE3,22.82
2021-11-08,BEEF3,10.43
2021-11-08,BPAC11,23.94
2021-11-08,BRAP4,46.62
2021-11-08,BRFS3,23.17
2021-11-08,BRKM5,55.79
2021-11-08,CCRO3,11.46
2021-11-08,CEAB3,7.07
2021-11-08,CMIG4,13.22
2021-11-08,CMIN3,5.8
2021-11-08,COGN3,2.8
2021-11-08,CPFE3,26.67
2021-11-08,CPLE3,5.45
2021-11-08,CPLE6,5.96
2021-11-08,CRFB3,17.02
2021-11-08,CSAN3,20.64
2021-11-08,CSMG3,12.72
2021-11-08,CSNA3,21.69
2021-11-08,CURY3,6.96
2021-11-08,CVCB3,16.72
2021-11-08,CXSE3,9.0
2021-11-08,CYRE3,14.93
2021-11-08,DIRR3,10.19
2021-11-08,EGIE3,39.53
2021-11-08,ELET3,34.07
2021-11-08,ELET6,33.65
2021-11-08,EMBR3,22.88
2021-11-08,ENEV3,15.21
2021-11-08,ENGI11,40.3
2021-11-08,EQTL3,22.78
2021-11-08,FLRY3,20.47
2021-11-08,GGBR4,23.8
2021-11-08,GOAU4,10.16
2021-11-08,HAPV3,12.76
2021-11-08,HYPE3,28.89
2021-11-08,IRBR3,4.76
2021-11-08,ITSA4,10.15
2021-11-08,ITUB4,22.76
2021-11-08,JBSS3,37.96
2021-11-08,KLBN11,22.46
2021-11-08,LREN3,31.0
2021-11-08,LWSA3,21.35
2021-11-08,MGLU3,11.93
2021-11-08,MRFG3,26.88
2021-11-08,MRVE3,11.3
2021-11-08,MULT3,19.88
2021-11-08,NTCO3,38.96
2021-11-08,PCAR3,23.04
2021-11-08,PETR3,27.13
2021-11-08,PETR4,26.12
2021-11-08,PETZ3,19.61
2021-11-08,POMO4,2.81
2021-11-08,PRIO3,27.76
2021-11-08,PSSA3,24.09
2021-11-08,RADL3,24.2
2021-11-08,RAIL3,16.76
2021-11-08,RAIZ4,6.77
2021-11-08,RDOR3,58.0
2021-11-08,RECV3,15.36
2021-11-08,RENT3,48.49
2021-11-08,SANB11,34.15
2021-11-08,SBSP3,35.63
2021-11-08,SLCE3,47.9
2021-11-08,SMFT3,20.31
2021-11-08,SMTO3,41.79
2021-11-08,STBP3,5.6
2021-11-08,SUZB3,49.62
2021-11-08,TAEE11,36.46
2021-11-08,TEND3,18.75
2021-11-08,TIMS3,12.81
2021-11-08,TOTS3,34.5
2021-11-08,UGPA3,12.46
2021-11-08,USIM5,12.6
2021-11-08,VALE3,67.6
2021-11-08,VAMO3,12.61
2021-11-08,VBBR3,22.27
2021-11-08,VIVA3,27.25
2021-11-08,VIVT3,50.8
2021-11-08,WEGE3,37.1
2021-11-08,YDUQ3,22.84
2021-11-09,ABEV3,17.89
2021-11-09,ASAI3,15.5
2021-11-09,AZUL4,27.78
2021-11-09,B3SA3,12.64
2021-11-09,BBAS3,29.44
2021-11-09,BBDC3,16.74
2021-11-09,BBDC4,19.3
2021-11-09,BBSE3,23.44
2021-11-09,BEEF3,10.4
2021-11-09,BPAC11,22.94
2021-11-09,BRAP4,45.8
2021-11-09,BRFS3,23.54
2021-11-09,BRKM5,56.3
2021-11-09,CCRO3,11.62
2021-11-09,CEAB3,7.27
2021-11-09,CMIG4,13.47
2021-11-09,CMIN3,5.76
2021-11-09,COGN3,2.8
2021-11-09,CPFE3,26.97
2021-11-09,CPLE3,5.52
2021-11-09,CPLE6,6.2
2021-11-09,CRFB3,17.53
2021-11-09,CSAN3,21.02
2021-11-09,CSMG3,12.88
2021-11-09,CSNA3,21.31
2021-11-09,CURY3,7.22
2021-11-09,CVCB3,17.1
2021-11-09,CXSE3,9.06
2021-11-09,CYRE3,15.61
2021-11-09,DIRR3,10.41
2021-11-09,EGIE3,39.68
2021-11-09,ELET3,34.94
2021-11-09,ELET6,34.55
2021-11-09,EMBR3,23.37
2021-11-09,ENEV3,15.53
2021-11-09,ENGI11,40.81
2021-11-09,EQTL3,23.27
2021-11-09,FLRY3,20.87
2021-11-09,GGBR4,23.99
2021-11-09,GOAU4,10.23
2021-11-09,HAPV3,13.28
2021-11-09,HYPE3,29.52
2021-11-09,IRBR3,4.89
2021-11-09,ITSA4,10.04
2021-11-09,ITUB4,22.53
2021-11-09,JBSS3,37.74
2021-11-09,KLBN11,22.31
2021-11-09,LREN3,32.32
2021-11-09,LWSA3,21.72
2021-11-09,MGLU3,13.13
2021-11-09,MRFG3,26.84
2021-11-09,MRVE3,11.72
2021-11-09,MULT3,20.24
2021-11-09,NTCO3,40.74
2021-11-09,PCAR3,23.51
2021-11-09,PETR3,27.55
2021-11-09,PETR4,26.64
2021-11-09,PETZ3,20.83
2021-11-09,POMO4,2.81
2021-11-09,PRIO3,26.5
2021-11-09,PSSA3,24.57
2021-11-09,RADL3,24.38
2021-11-09,RAIL3,16.93
2021-11-09,RAIZ4,6.73
2021-11-09,RDOR3,57.93
2021-11-09,RECV3,15.45
2021-11-09,RENT3,49.6
2021-11-09,SANB11,33.75
2021-11-09,SBSP3,36.22
2021-11-09,SLCE3,48.1
2021-11-09,SMFT3,20.45
2021-11-09,SMTO3,40.3
2021-11-09,STBP3,5.8
2021-11-09,SUZB3,49.0
2021-11-09,TAEE11,36.91
2021-11-09,TEND3,19.1
2021-11-09,TIMS3,12.81
2021-11-09,TOTS3,35.11
2021-11-09,UGPA3,13.02
2021-11-09,USIM5,12.76
2021-11-09,VALE3,65.94
2021-11-09,VAMO3,12.8
2021-11-09,VBBR3,22.88
2021-11-09,VIVA3,27.66
2021-11-09,VIVT3,49.79
2021-11-09,WEGE3,36.79
2021-11-09,YDUQ3,22.78
2021-11-10,ABEV3,17.75
2021-11-10,ASAI3,15.97
2021-11-10,AZUL4,26.44
2021-11-10,B3SA3,12.67
2021-11-10,BBAS3,30.79
2021-11-10,BBDC3,17.53
2021-11-10,BBDC4,20.39
2021-11-10,BBSE3,23.12
2021-11-10,BEEF3,10.29
2021-11-10,BPAC11,23.77
2021-11-10,BRAP4,45.79
2021-11-10,BRFS3,23.12
2021-11-10,BRKM5,49.61
2021-11-10,CCRO3,11.64
2021-11-10,CEAB3,7.83
2021-11-10,CMIG4,13.76
2021-11-10,CMIN3,5.58
2021-11-10,COGN3,2.75
2021-11-10,CPFE3,27.7
2021-11-10,CPLE3,5.6
2021-11-10,CPLE6,6.28
2021-11-10,CRFB3,16.88
2021-11-10,CSAN3,21.28
2021-11-10,CSMG3,13.12
2021-11-10,CSNA3,21.17
2021-11-10,CURY3,7.41
2021-11-10,CVCB3,17.44
2021-11-10,CXSE3,9.08
2021-11-10,CYRE3,16.18
2021-11-10,DIRR3,10.81
2021-11-10,EGIE3,40.07
2021-11-10,ELET3,35.6
2021-11-10,ELET6,35.06
2021-11-10,EMBR3,22.64
2021-11-10,ENEV3,15.42
2021-11-10,ENGI11,42.31
2021-11-10,EQTL3,24.09
2021-11-10,FLRY3,21.08
2021-11-10,GGBR4,23.69
2021-11-10,GOAU4,10.13
2021-11-10,HAPV3,13.3
2021-11-10,HYPE3,29.14
2021-11-10,IRBR3,4.86
2021-11-10,ITSA4,10.27
2021-11-10,ITUB4,23.1
2021-11-10,JBSS3,37.86
2021-11-10,KLBN11,22.26
2021-11-10,LREN3,32.76
2021-11-10,LWSA3,21.0
2021-11-10,MGLU3,13.02
2021-11-10,MRFG3,26.0
2021-11-10,MRVE3,12.27
2021-11-10,MULT3,20.92
2021-11-10,NTCO3,40.52
2021-11-10,PCAR3,23.82
2021-11-10,PETR3,27.32
2021-11-10,PETR4,26.43
2021-11-10,PETZ3,21.89
2021-11-10,POMO4,2.84
2021-11-10,PRIO3,25.71
2021-11-10,PSSA3,24.91
2021-11-10,RADL3,23.45
2021-11-10,RAIL3,16.84
2021-11-10,RAIZ4,6.5
2021-11-10,RDOR3,57.54
2021-11-10,RECV3,15.75
2021-11-10,RENT3,50.5
2021-11-10,SANB11,35.09
2021-11-10,SBSP3,36.67
2021-11-10,SLCE3,48.07
2021-11-10,SMFT3,21.86
2021-11-10,SMTO3,40.82
2021-11-10,STBP3,5.93
2021-11-10,SUZB3,48.75
2021-11-10,TAEE11,37.56
2021-11-10,TEND3,20.04
2021-11-10,TIMS3,13.08
2021-11-10,TOTS3,35.1
2021-11-10,UGPA3,12.97
2021-11-10,USIM5,12.67
2021-11-10,VALE3,65.69
2021-11-10,VAMO3,12.7
2021-11-10,VBBR3,22.98
2021-11-10,VIVA3,29.15
2021-11-10,VIVT3,49.36
2021-11-10,WEGE3,36.28
2021-11-10,YDUQ3,23.3
2021-11-11,ABEV3,17.61
2021-11-11,ASAI3,15.9
2021-11-11,AZUL4,29.04
2021-11-11,B3SA3,13.15
2021-11-11,BBAS3,30.2
2021-11-11,BBDC3,17.7
2021-11-11,BBDC4,20.49
2021-11-11,BBSE3,23.29
2021-11-11,BEEF3,9.75
2021-11-11,BPAC11,23.97
2021-11-11,BRAP4,48.35
2021-11-11,BRFS3,22.9
2021-11-11,BRKM5,48.15
2021-11-11,CCRO3,11.88
2021-11-11,CEAB3,7.98
2021-11-11,CMIG4,13.95
2021-11-11,CMIN3,6.14
2021-11-11,COGN3,2.77
2021-11-11,CPFE3,28.04
2021-11-11,CPLE3,5.59
2021-11-11,CPLE6,6.3
2021-11-11,CRFB3,16.82
2021-11-11,CSAN3,21.86
2021-11-11,CSMG3,13.33
2021-11-11,CSNA3,22.75
2021-11-11,CURY3,7.39
2021-11-11,CVCB3,18.3
2021-11-11,CXSE3,9.44
2021-11-11,CYRE3,16.57
2021-11-11,DIRR3,11.13
2021-11-11,EGIE3,40.26
2021-11-11,ELET3,35.92
2021-11-11,ELET6,35.38
2021-11-11,EMBR3,22.99
2021-11-11,ENEV3,15.52
2021-11-11,ENGI11,42.88
2021-11-11,EQTL3,24.76
2021-11-11,FLRY3,21.4
2021-11-11,GGBR4,25.11
2021-11-11,GOAU4,10.6
2021-11-11,HAPV3,13.74
2021-11-11,HYPE3,29.4
2021-11-11,IRBR3,5.01
2021-11-11,ITSA4,10.24
2021-11-11,ITUB4,23.05
2021-11-11,JBSS3,38.19
2021-11-11,KLBN11,23.13
2021-11-11,LREN3,33.93
2021-11-11,LWSA3,20.9
2021-11-11,MGLU3,13.65
2021-11-11,MRFG3,26.15
2021-11-11,MRVE3,12.47
2021-11-11,MULT3,21.23
2021-11-11,NTCO3,40.02
2021-11-11,PCAR3,23.81
2021-11-11,PETR3,27.32
2021-11-11,PETR4,26.45
2021-11-11,PETZ3,22.81
2021-11-11,POMO4,2.9
2021-11-11,PRIO3,25.67
2021-11-11,PSSA3,24.65
2021-11-11,RADL3,22.89
2021-11-11,RAIL3,17.18
2021-11-11,RAIZ4,6.8
2021-11-11,RDOR3,57.99
2021-11-11,RECV3,16.73
2021-11-11,RENT3,53.12
2021-11-11,SANB11,34.74
2021-11-11,SBSP3,36.93
2021-11-11,SLCE3,47.97
2021-11-11,SMFT3,23.17
2021-11-11,SMTO3,40.67
2021-11-11,STBP3,6.22
2021-11-11,SUZB3,50.69
2021-11-11,TAEE11,36.66
2021-11-11,TEND3,19.55
2021-11-11,TIMS3,13.16
2021-11-11,TOTS3,36.36
2021-11-11,UGPA3,13.43
2021-11-11,USIM5,13.46
2021-11-11,VALE3,68.01
2021-11-11,VAMO3,13.36
2021-11-11,VBBR3,23.18
2021-11-11,VIVA3,29.26
2021-11-11,VIVT3,49.21
2021-11-11,WEGE3,36.5
2021-11-11,YDUQ3,24.22
2021-11-12,ABEV3,17.51
2021-11-12,ASAI3,15.53
2021-11-12,AZUL4,28.76
2021-11-12,B3SA3,13.05
2021-11-12,BBAS3,30.15
2021-11-12,BBDC3,17.76
2021-11-12,BBDC4,20.69
2021-11-12,BBSE3,23.08
2021-11-12,BEEF3,9.35
2021-11-12,BPAC11,22.95
2021-11-12,BRAP4,48.2
2021-11-12,BRFS3,22.87
2021-11-12,BRKM5,48.5
2021-11-12,CCRO3,11.81
2021-11-12,CEAB3,7.72
2021-11-12,CMIG4,13.92
2021-11-12,CMIN3,6.11
2021-11-12,COGN3,2.79
2021-11-12,CPFE3,27.24
2021-11-12,CPLE3,5.72
2021-11-12,CPLE6,6.24
2021-11-12,CRFB3,17.35
2021-11-12,CSAN3,21.11
2021-11-12,CSMG3,13.4
2021-11-12,CSNA3,22.44
2021-11-12,CURY3,7.51
2021-11-12,CVCB3,16.59
2021-11-12,CXSE3,9.35
2021-11-12,CYRE3,15.91
2021-11-12,DIRR3,10.7
2021-11-12,EGIE3,39.7
2021-11-12,ELET3,35.62
2021-11-12,ELET6,35.0
2021-11-12,EMBR3,21.97
2021-11-12,ENEV3,15.36
2021-11-12,ENGI11,43.43
2021-11-12,EQTL3,24.26
2021-11-12,FLRY3,20.69
2021-11-12,GGBR4,25.4
2021-11-12,GOAU4,10.65
2021-11-12,HAPV3,13.2
2021-11-12,HYPE3,29.42
2021-11-12,IRBR3,4.72
2021-11-12,ITSA4,10.23
2021-11-12,ITUB4,23.0
2021-11-12,JBSS3,38.22
2021-11-12,KLBN11,23.13
2021-11-12,LREN3,32.23
2021-11-12,LWSA3,19.1
2021-11-12,MGLU3,11.15
2021-11-12,MRFG3,26.51
2021-11-12,MRVE3,12.26
2021-11-12,MULT3,21.23
2021-11-12,NTCO3,33.0
2021-11-12,PCAR3,23.48
2021-11-12,PETR3,27.82
2021-11-12,PETR4,26.99
2021-11-12,PETZ3,21.97
2021-11-12,POMO4,2.83
2021-11-12,PRIO3,24.36
2021-11-12,PSSA3,24.72
2021-11-12,RADL3,22.88
2021-11-12,RAIL3,16.77
2021-11-12,RAIZ4,6.52
2021-11-12,RDOR3,56.85
2021-11-12,RECV3,15.64
2021-11-12,RENT3,51.64
2021-11-12,SANB11,35.06
2021-11-12,SBSP3,36.05
2021-11-12,SLCE3,45.93
2021-11-12,SMFT3,22.95
2021-11-12,SMTO3,39.55
2021-11-12,STBP3,6.06
2021-11-12,SUZB3,51.37
2021-11-12,TAEE11,36.5
2021-11-12,TEND3,18.81
2021-11-12,TIMS3,13.11
2021-11-12,TOTS3,35.56
2021-11-12,UGPA3,13.48
2021-11-12,USIM5,13.5
2021-11-12,VALE3,68.3
2021-11-12,VAMO3,12.81
2021-11-12,VBBR3,22.77
2021-11-12,VIVA3,29.08
2021-11-12,VIVT3,49.28
2021-11-12,WEGE3,35.65
2021-11-12,YDUQ3,23.81
2021-11-16,ABEV3,17.51
2021-11-16,ASAI3,14.84
2021-11-16,AZUL4,27.69
2021-11-16,B3SA3,12.75
2021-11-16,BBAS3,29.73
2021-11-16,BBDC3,17.72
2021-11-16,BBDC4,20.66
2021-11-16,BBSE3,23.16
2021-11-16,BEEF3,8.97
2021-11-16,BPAC11,21.95
2021-11-16,BRAP4,47.25
2021-11-16,BRFS3,22.63
2021-11-16,BRKM5,48.2
2021-11-16,CCRO3,11.9
2021-11-16,CEAB3,7.4
2021-11-16,CMIG4,13.7
2021-11-16,CMIN3,5.9
2021-11-16,COGN3,2.61
2021-11-16,CPFE3,26.15
2021-11-16,CPLE3,5.59
2021-11-16,CPLE6,6.18
2021-11-16,CRFB3,16.49
2021-11-16,CSAN3,20.79
2021-11-16,CSMG3,13.03
2021-11-16,CSNA3,21.11
2021-11-16,CURY3,6.93
2021-11-16,CVCB3,15.5
2021-11-16,CXSE3,9.73
2021-11-16,CYRE3,14.98
2021-11-16,DIRR3,10.11
2021-11-16,EGIE3,39.36
2021-11-16,ELET3,34.55
2021-11-16,ELET6,34.05
2021-11-16,EMBR3,21.5
2021-11-16,ENEV3,15.05
2021-11-16,ENGI11,43.25
2021-11-16,EQTL3,24.01
2021-11-16,FLRY3,20.0
2021-11-16,GGBR4,25.44
2021-11-16,GOAU4,10.6
2021-11-16,HAPV3,12.86
2021-11-16,HYPE3,29.05
2021-11-16,IRBR3,4.56
2021-11-16,ITSA4,10.04
2021-11-16,ITUB4,22.76
2021-11-16,JBSS3,37.99
2021-11-16,KLBN11,23.06
2021-11-16,LREN3,31.21
2021-11-16,LWSA3,16.85
2021-11-16,MGLU3,9.74
2021-11-16,MRFG3,25.71
2021-11-16,MRVE3,11.67
2021-11-16,MULT3,20.82
2021-11-16,NTCO3,30.61
2021-11-16,PCAR3,23.82
2021-11-16,PETR3,28.24
2021-11-16,PETR4,27.27
2021-11-16,PETZ3,20.42
2021-11-16,POMO4,2.74
2021-11-16,PRIO3,23.51
2021-11-16,PSSA3,24.55
2021-11-16,RADL3,22.97
2021-11-16,RAIL3,16.68
2021-11-16,RAIZ4,6.02
2021-11-16,RDOR3,54.7
2021-11-16,RECV3,14.98
2021-11-16,RENT3,50.89
2021-11-16,SANB11,34.3
2021-11-16,SBSP3,35.29
2021-11-16,SLCE3,43.56
2021-11-16,SMFT3,22.15
2021-11-16,SMTO3,38.67
2021-11-16,STBP3,5.9
2021-11-16,SUZB3,53.17
2021-11-16,TAEE11,35.83
2021-11-16,TEND3,17.88
2021-11-16,TIMS3,12.95
2021-11-16,TOTS3,34.77
2021-11-16,UGPA3,13.26
2021-11-16,USIM5,13.11
2021-11-16,VALE3,66.33
2021-11-16,VAMO3,12.11
2021-11-16,VBBR3,22.33
2021-11-16,VIVA3,27.7
2021-11-16,VIVT3,49.5
2021-11-16,WEGE3,35.38
2021-11-16,YDUQ3,22.48
2021-11-17,ABEV3,17.54
2021-11-17,ASAI3,14.26
2021-11-17,AZUL4,27.8
2021-11-17,B3SA3,12.66
2021-11-17,BBAS3,29.31
2021-11-17,BBDC3,17.78
2021-11-17,BBDC4,20.75
2021-11-17,BBSE3,22.67
2021-11-17,BEEF3,8.67
2021-11-17,BPAC11,20.97
2021-11-17,BRAP4,46.96
2021-11-17,BRFS3,22.49
2021-11-17,BRKM5,46.21
2021-11-17,CCRO3,11.85
2021-11-17,CEAB3,7.01
2021-11-17,CMIG4,13.42
2021-11-17,CMIN3,5.82
2021-11-17,COGN3,2.57
2021-11-17,CPFE3,25.16
2021-11-17,CPLE3,5.57
2021-11-17,CPLE6,6.09
2021-11-17,CRFB3,16.18
2021-11-17,CSAN3,20.82
2021-11-17,CSMG3,12.78
2021-11-17,CSNA3,20.93
2021-11-17,CURY3,6.77
2021-11-17,CVCB3,15.18
2021-11-17,CXSE3,9.29
2021-11-17,CYRE3,14.59
2021-11-17,DIRR3,9.87
2021-11-17,EGIE3,39.11
2021-11-17,ELET3,32.26
2021-11-17,ELET6,31.8
2021-11-17,EMBR3,20.95
2021-11-17,ENEV3,15.01
2021-11-17,ENGI11,41.91
2021-11-17,EQTL3,23.58
2021-11-17,FLRY3,19.14
2021-11-17,GGBR4,25.32
2021-11-17,GOAU4,10.59
2021-11-17,HAPV3,12.59
2021-11-17,HYPE3,28.76
2021-11-17,IRBR3,4.3
2021-11-17,ITSA4,10.03
2021-11-17,ITUB4,22.85
2021-11-17,JBSS3,36.35
2021-11-17,KLBN11,22.95
2021-11-17,LREN3,30.98
2021-11-17,LWSA3,15.26
2021-11-17,MGLU3,9.27
2021-11-17,MRFG3,25.43
2021-11-17,MRVE3,11.44
2021-11-17,MULT3,20.29
2021-11-17,NTCO3,29.72
2021-11-17,PCAR3,22.81
2021-11-17,PETR3,27.59
2021-11-17,PETR4,26.58
2021-11-17,PETZ3,19.49
2021-11-17,POMO4,2.68
2021-11-17,PRIO3,23.06
2021-11-17,PSSA3,24.18
2021-11-17,RADL3,23.28
2021-11-17,RAIL3,16.78
2021-11-17,RAIZ4,5.85
2021-11-17,RDOR3,54.52
2021-11-17,RECV3,14.55
2021-11-17,RENT3,51.51
2021-11-17,SANB11,34.48
2021-11-17,SBSP3,34.7
2021-11-17,SLCE3,41.98
2021-11-17,SMFT3,21.59
2021-11-17,SMTO3,37.41
2021-11-17,STBP3,5.85
2021-11-17,SUZB3,52.41
2021-11-17,TAEE11,35.36
2021-11-17,TEND3,18.04
2021-11-17,TIMS3,12.82
2021-11-17,TOTS3,34.51
2021-11-17,UGPA3,13.37
2021-11-17,USIM5,12.81
2021-11-17,VALE3,65.0
2021-11-17,VAMO3,12.03
2021-11-17,VBBR3,21.98
2021-11-17,VIVA3,26.86
2021-11-17,VIVT3,49.26
2021-11-17,WEGE3,35.77
2021-11-17,YDUQ3,22.48
2021-11-18,ABEV3,17.6
2021-11-18,ASAI3,13.98
2021-11-18,AZUL4,27.36
2021-11-18,B3SA3,12.47
2021-11-18,BBAS3,29.09
2021-11-18,BBDC3,17.56
2021-11-18,BBDC4,20.55
2021-11-18,BBSE3,22.73
2021-11-18,BEEF3,8.93
2021-11-18,BPAC11,20.83
2021-11-18,BRAP4,44.93
2021-11-18,BRFS3,22.52
2021-11-18,BRKM5,46.59
2021-11-18,CCRO3,11.94
2021-11-18,CEAB3,7.26
2021-11-18,CMIG4,13.46
2021-11-18,CMIN3,5.7
2021-11-18,COGN3,2.55
2021-11-18,CPFE3,25.22
2021-11-18,CPLE3,5.52
2021-11-18,CPLE6,6.09
2021-11-18,CRFB3,16.0
2021-11-18,CSAN3,20.97
2021-11-18,CSMG3,12.83
2021-11-18,CSNA3,19.81
2021-11-18,CURY3,6.8
2021-11-18,CVCB3,15.11
2021-11-18,CXSE3,9.3
2021-11-18,CYRE3,14.53
2021-11-18,DIRR3,10.25
2021-11-18,EGIE3,39.24
2021-11-18,ELET3,32.53
2021-11-18,ELET6,32.0
2021-11-18,EMBR3,21.06
2021-11-18,ENEV3,15.22
2021-11-18,ENGI11,42.46
2021-11-18,EQTL3,23.53
2021-11-18,FLRY3,19.2
2021-11-18,GGBR4,24.28
2021-11-18,GOAU4,10.24
2021-11-18,HAPV3,13.06
2021-11-18,HYPE3,29.02
2021-11-18,IRBR3,4.21
2021-11-18,ITSA4,9.96
2021-11-18,ITUB4,22.47
2021-11-18,JBSS3,37.33
2021-11-18,KLBN11,23.03
2021-11-18,LREN3,31.85
2021-11-18,LWSA3,15.72
2021-11-18,MGLU3,8.99
2021-11-18,MRFG3,25.99
2021-11-18,MRVE3,11.53
2021-11-18,MULT3,20.83
2021-11-18,NTCO3,30.35
2021-11-18,PCAR3,22.5
2021-11-18,PETR3,27.57
2021-11-18,PETR4,26.54
2021-11-18,PETZ3,19.55
2021-11-18,POMO4,2.69
2021-11-18,PRIO3,22.04
2021-11-18,PSSA3,23.83
2021-11-18,RADL3,23.13
2021-11-18,RAIL3,16.75
2021-11-18,RAIZ4,5.84
2021-11-18,RDOR3,54.75
2021-11-18,RECV3,14.0
2021-11-18,RENT3,52.62
2021-11-18,SANB11,34.35
2021-11-18,SBSP3,34.43
2021-11-18,SLCE3,41.27
2021-11-18,SMFT3,21.6
2021-11-18,SMTO3,37.98
2021-11-18,STBP3,6.02
2021-11-18,SUZB3,52.19
2021-11-18,TAEE11,35.35
2021-11-18,TEND3,18.3
2021-11-18,TIMS3,12.82
2021-11-18,TOTS3,35.36
2021-11-18,UGPA3,13.52
2021-11-18,USIM5,12.08
2021-11-18,VALE3,62.33
2021-11-18,VAMO3,12.32
2021-11-18,VBBR3,22.2
2021-11-18,VIVA3,26.94
2021-11-18,VIVT3,49.62
2021-11-18,WEGE3,35.92
2021-11-18,YDUQ3,22.96
2021-11-19,ABEV3,17.39
2021-11-19,ASAI3,14.08
2021-11-19,AZUL4,27.76
2021-11-19,B3SA3,12.47
2021-11-19,BBAS3,29.05
2021-11-19,BBDC3,17.59
2021-11-19,BBDC4,20.53
2021-11-19,BBSE3,22.23
2021-11-19,BEEF3,8.89
2021-11-19,BPAC11,20.91
2021-11-19,BRAP4,45.98
2021-11-19,BRFS3,22.67
2021-11-19,BRKM5,47.16
2021-11-19,CCRO3,12.03
2021-11-19,CEAB3,7.89
2021-11-19,CMIG4,13.61
2021-11-19,CMIN3,5.93
2021-11-19,COGN3,2.51
2021-11-19,CPFE3,25.75
2021-11-19,CPLE3,5.58
2021-11-19,CPLE6,6.21
2021-11-19,CRFB3,16.15
2021-11-19,CSAN3,21.06
2021-11-19,CSMG3,13.07
2021-11-19,CSNA3,21.39
2021-11-19,CURY3,6.99
2021-11-19,CVCB3,15.28
2021-11-19,CXSE3,9.46
2021-11-19,CYRE3,15.12
2021-11-19,DIRR3,10.8
2021-11-19,EGIE3,39.75
2021-11-19,ELET3,33.04
2021-11-19,ELET6,32.53
2021-11-19,EMBR3,20.72
2021-11-19,ENEV3,15.5
2021-11-19,ENGI11,42.91
2021-11-19,EQTL3,23.46
2021-11-19,FLRY3,19.29
2021-11-19,GGBR4,24.79
2021-11-19,GOAU4,10.34
2021-11-19,HAPV3,13.19
2021-11-19,HYPE3,28.93
2021-11-19,IRBR3,4.12
2021-11-19,ITSA4,9.95
2021-11-19,ITUB4,22.28
2021-11-19,JBSS3,37.29
2021-11-19,KLBN11,23.46
2021-11-19,LREN3,32.32
2021-11-19,LWSA3,15.05
2021-11-19,MGLU3,9.27
2021-11-19,MRFG3,25.89
2021-11-19,MRVE3,11.79
2021-11-19,MULT3,21.17
2021-11-19,NTCO3,30.41
2021-11-19,PCAR3,22.86
2021-11-19,PETR3,27.19
2021-11-19,PETR4,26.1
2021-11-19,PETZ3,19.55
2021-11-19,POMO4,2.71
2021-11-19,PRIO3,21.46
2021-11-19,PSSA3,22.96
2021-11-19,RADL3,23.35
2021-11-19,RAIL3,17.02
2021-11-19,RAIZ4,5.93
2021-11-19,RDOR3,55.7
2021-11-19,RECV3,13.56
2021-11-19,RENT3,53.82
2021-11-19,SANB11,34.09
2021-11-19,SBSP3,34.97
2021-11-19,SLCE3,40.76
2021-11-19,SMFT3,22.72
2021-11-19,SMTO3,37.76
2021-11-19,STBP3,5.92
2021-11-19,SUZB3,53.58
2021-11-19,TAEE11,35.48
2021-11-19,TEND3,18.96
2021-11-19,TIMS3,13.48
2021-11-19,TOTS3,35.32
2021-11-19,UGPA3,13.59
2021-11-19,USIM5,12.25
2021-11-19,VALE3,64.03
2021-11-19,VAMO3,12.87
2021-11-19,VBBR3,22.17
2021-11-19,VIVA3,26.73
2021-11-19,VIVT3,53.0
2021-11-19,WEGE3,35.79
2021-11-19,YDUQ3,22.4
2021-11-22,ABEV3,17.32
2021-11-22,ASAI3,13.79
2021-11-22,AZUL4,27.2
2021-11-22,B3SA3,12.1
2021-11-22,BBAS3,28.89
2021-11-22,BBDC3,17.36
2021-11-22,BBDC4,20.18
2021-11-22,BBSE3,21.82
2021-11-22,BEEF3,8.7
2021-11-22,BPAC11,19.85
2021-11-22,BRAP4,48.03
2021-11-22,BRFS3,21.39
2021-11-22,BRKM5,46.98
2021-11-22,CCRO3,11.64
2021-11-22,CEAB3,7.4
2021-11-22,CMIG4,13.43
2021-11-22,CMIN3,5.97
2021-11-22,COGN3,2.41
2021-11-22,CPFE3,25.46
2021-11-22,CPLE3,5.51
2021-11-22,CPLE6,6.11
2021-11-22,CRFB3,15.8
2021-11-22,CSAN3,20.66
2021-11-22,CSMG3,12.77
2021-11-22,CSNA3,21.8
2021-11-22,CURY3,6.83
2021-11-22,CVCB3,14.83
2021-11-22,CXSE3,9.33
2021-11-22,CYRE3,14.4
2021-11-22,DIRR3,10.42
2021-11-22,EGIE3,39.23
2021-11-22,ELET3,32.07
2021-11-22,ELET6,31.72
2021-11-22,EMBR3,20.37
2021-11-22,ENEV3,15.03
2021-11-22,ENGI11,42.79
2021-11-22,EQTL3,22.97
2021-11-22,FLRY3,18.71
2021-11-22,GGBR4,25.43
2021-11-22,GOAU4,10.56
2021-11-22,HAPV3,12.77
2021-11-22,HYPE3,28.71
2021-11-22,IGTI11,208.9
2021-11-22,IRBR3,4.0
2021-11-22,ITSA4,9.85
2021-11-22,ITUB4,22.07
2021-11-22,JBSS3,36.65
2021-11-22,KLBN11,23.05
2021-11-22,LREN3,31.18
2021-11-22,LWSA3,13.66
2021-11-22,MGLU3,8.84
2021-11-22,MRFG3,25.05
2021-11-22,MRVE3,11.48
2021-11-22,MULT3,20.52
2021-11-22,NTCO3,29.66
2021-11-22,PCAR3,22.79
2021-11-22,PETR3,27.44
2021-11-22,PETR4,26.36
2021-11-22,PETZ3,19.14
2021-11-22,POMO4,2.68
2021-11-22,PRIO3,21.53
2021-11-22,PSSA3,22.11
2021-11-22,RADL3,23.34
2021-11-22,RAIL3,16.86
2021-11-22,RAIZ4,5.63
2021-11-22,RDOR3,54.02
2021-11-22,RECV3,14.36
2021-11-22,RENT3,52.78
2021-11-22,SANB11,33.79
2021-11-22,SBSP3,34.24
2021-11-22,SLCE3,40.7
2021-11-22,SMFT3,21.91
2021-11-22,SMTO3,37.28
2021-11-22,STBP3,5.88
2021-11-22,SUZB3,52.46
2021-11-22,TAEE11,35.24
2021-11-22,TEND3,17.95
2021-11-22,TIMS3,13.71
2021-11-22,TOTS3,33.1
2021-11-22,UGPA3,13.23
2021-11-22,USIM5,12.61
2021-11-22,VALE3,67.59
2021-11-22,VAMO3,12.17
2021-11-22,VBBR3,21.81
2021-11-22,VIVA3,26.56
2021-11-22,VIVT3,51.92
2021-11-22,WEGE3,34.67
2021-11-22,YDUQ3,21.79
2021-11-23,ABEV3,17.2
2021-11-23,ASAI3,13.86
2021-11-23,AZUL4,26.9
2021-11-23,B3SA3,11.98
2021-11-23,BBAS3,29.69
2021-11-23,BBDC3,17.79
2021-11-23,BBDC4,20.57
2021-11-23,BBSE3,21.52
2021-11-23,BEEF3,9.02
2021-11-23,BPAC11,20.35
2021-11-23,BRAP4,49.14
2021-11-23,BRFS3,21.58
2021-11-23,BRKM5,50.12
2021-11-23,CCRO3,11.48
2021-11-23,CEAB3,6.9
2021-11-23,CMIG4,13.65
2021-11-23,CMIN3,6.08
2021-11-23,COGN3,2.37
2021-11-23,CPFE3,25.57
2021-11-23,CPLE3,5.55
2021-11-23,CPLE6,6.22
2021-11-23,CRFB3,16.02
2021-11-23,CSAN3,21.27
2021-11-23,CSMG3,13.07
2021-11-23,CSNA3,22.55
2021-11-23,CURY3,6.67
2021-11-23,CVCB3,15.39
2021-11-23,CXSE3,8.85
2021-11-23,CYRE3,14.42
2021-11-23,DIRR3,10.15
2021-11-23,EGIE3,39.25
2021-11-23,ELET3,32.9
2021-11-23,ELET6,32.51
2021-11-23,EMBR3,20.59
2021-11-23,ENEV3,15.01
2021-11-23,ENGI11,44.13
2021-11-23,EQTL3,23.45
2021-11-23,FLRY3,18.63
2021-11-23,GGBR4,25.58
2021-11-23,GOAU4,10.69
2021-11-23,HAPV3,12.84
2021-11-23,HYPE3,28.5
2021-11-23,IGTI11,204.0
2021-11-23,IRBR3,4.09
2021-11-23,ITSA4,9.94
2021-11-23,ITUB4,22.44
2021-11-23,JBSS3,36.86
2021-11-23,KLBN11,23.05
2021-11-23,LREN3,31.15
2021-11-23,LWSA3,13.21
2021-11-23,MGLU3,8.6
2021-11-23,MRFG3,25.72
2021-11-23,MRVE3,11.49
2021-11-23,MULT3,20.41
2021-11-23,NTCO3,29.15
2021-11-23,PCAR3,23.05
2021-11-23,PETR3,28.73
2021-11-23,PETR4,27.8
2021-11-23,PETZ3,18.37
2021-11-23,POMO4,2.71
2021-11-23,PRIO3,22.67
2021-11-23,PSSA3,22.38
2021-11-23,RADL3,23.59
2021-11-23,RAIL3,17.56
2021-11-23,RAIZ4,5.67
2021-11-23,RDOR3,53.83
2021-11-23,RECV3,15.09
2021-11-23,RENT3,53.49
2021-11-23,SANB11,34.17
2021-11-23,SBSP3,34.41
2021-11-23,SLCE3,40.7
2021-11-23,SMFT3,21.06
2021-11-23,SMTO3,37.25
2021-11-23,STBP3,6.02
2021-11-23,SUZB3,53.16
2021-11-23,TAEE11,35.63
2021-11-23,TEND3,17.98
2021-11-23,TIMS3,13.86
2021-11-23,TOTS3,31.45
2021-11-23,UGPA3,13.89
2021-11-23,USIM5,13.21
2021-11-23,VALE3,69.37
2021-11-23,VAMO3,11.52
2021-11-23,VBBR3,22.43
2021-11-23,VIVA3,25.98
2021-11-23,VIVT3,51.0
2021-11-23,WEGE3,34.16
2021-11-23,YDUQ3,21.31
2021-11-24,ABEV3,17.1
2021-11-24,ASAI3,13.72
2021-11-24,AZUL4,26.56
2021-11-24,B3SA3,12.19
2021-11-24,BBAS3,30.24
2021-11-24,BBDC3,18.11
2021-11-24,BBDC4,21.1
2021-11-24,BBSE3,21.63
2021-11-24,BEEF3,8.91
2021-11-24,BPAC11,20.55
2021-11-24,BRAP4,49.81
2021-11-24,BRFS3,21.61
2021-11-24,BRKM5,51.06
2021-11-24,CCRO3,11.58
2021-11-24,CEAB3,6.75
2021-11-24,CMIG4,13.48
2021-11-24,CMIN3,6.22
2021-11-24,COGN3,2.46
2021-11-24,CPFE3,25.62
2021-11-24,CPLE3,5.52
2021-11-24,CPLE6,6.11
2021-11-24,CRFB3,16.1
2021-11-24,CSAN3,21.21
2021-11-24,CSMG3,12.86
2021-11-24,CSNA3,22.92
2021-11-24,CURY3,6.6
2021-11-24,CVCB3,15.73
2021-11-24,CXSE3,8.68
2021-11-24,CYRE3,14.5
2021-11-24,DIRR3,10.38
2021-11-24,EGIE3,39.11
2021-11-24,ELET3,32.8
2021-11-24,ELET6,32.3
2021-11-24,EMBR3,20.6
2021-11-24,ENEV3,14.89
2021-11-24,ENGI11,44.4
2021-11-24,EQTL3,23.22
2021-11-24,FLRY3,18.59
2021-11-24,GGBR4,26.0
2021-11-24,GOAU4,10.8
2021-11-24,HAPV3,12.53
2021-11-24,HYPE3,28.49
2021-11-24,IGTI11,204.0
2021-11-24,IRBR3,4.2
2021-11-24,ITSA4,9.94
2021-11-24,ITUB4,23.04
2021-11-24,JBSS3,36.26
2021-11-24,KLBN11,23.45
2021-11-24,LREN3,30.61
2021-11-24,LWSA3,13.85
2021-11-24,MGLU3,8.82
2021-11-24,MRFG3,25.17
2021-11-24,MRVE3,11.43
2021-11-24,MULT3,20.37
2021-11-24,NTCO3,28.09
2021-11-24,PCAR3,23.19
2021-11-24,PETR3,29.29
2021-11-24,PETR4,28.37
2021-11-24,PETZ3,18.57
2021-11-24,POMO4,2.72
2021-11-24,PRIO3,21.9
2021-11-24,PSSA3,22.52
2021-11-24,RADL3,23.45
2021-11-24,RAIL3,17.55
2021-11-24,RAIZ4,5.57
2021-11-24,RDOR3,52.15
2021-11-24,RECV3,14.42
2021-11-24,RENT3,52.87
2021-11-24,SANB11,34.79
2021-11-24,SBSP3,34.22
2021-11-24,SLCE3,41.6
2021-11-24,SMFT3,20.63
2021-11-24,SMTO3,36.88
2021-11-24,STBP3,6.17
2021-11-24,SUZB3,54.52
2021-11-24,TAEE11,35.49
2021-11-24,TEND3,17.7
2021-11-24,TIMS3,13.95
2021-11-24,TOTS3,32.12
2021-11-24,UGPA3,13.84
2021-11-24,USIM5,13.67
2021-11-24,VALE3,70.98
2021-11-24,VAMO3,11.55
2021-11-24,VBBR3,22.1
2021-11-24,VIVA3,25.79
2021-11-24,VIVT3,50.77
2021-11-24,WEGE3,33.53
2021-11-24,YDUQ3,21.71
2021-11-25,ABEV3,17.23
2021-11-25,ASAI3,13.85
2021-11-25,AZUL4,27.15
2021-11-25,B3SA3,12.37
2021-11-25,BBAS3,31.81
2021-11-25,BBDC3,18.18
2021-11-25,BBDC4,21.27
2021-11-25,BBSE3,22.13
2021-11-25,BEEF3,8.94
2021-11-25,BPAC11,21.65
2021-11-25,BRAP4,50.04
2021-11-25,BRFS3,21.56
2021-11-25,BRKM5,51.79
2021-11-25,CCRO3,11.82
2021-11-25,CEAB3,6.63
2021-11-25,CMIG4,13.65
2021-11-25,CMIN3,6.2
2021-11-25,COGN3,2.5
2021-11-25,CPFE3,26.01
2021-11-25,CPLE3,5.65
2021-11-25,CPLE6,6.16
2021-11-25,CRFB3,16.34
2021-11-25,CSAN3,21.52
2021-11-25,CSMG3,13.11
2021-11-25,CSNA3,23.43
2021-11-25,CURY3,6.9
2021-11-25,CVCB3,16.81
2021-11-25,CXSE3,8.92
2021-11-25,CYRE3,15.21
2021-11-25,DIRR3,10.78
2021-11-25,EGIE3,39.34
2021-11-25,ELET3,33.61
2021-11-25,ELET6,33.05
2021-11-25,EMBR3,21.04
2021-11-25,ENEV3,14.88
2021-11-25,ENGI11,45.21
2021-11-25,EQTL3,23.15
2021-11-25,FLRY3,18.95
2021-11-25,GGBR4,26.24
2021-11-25,GOAU4,10.91
2021-11-25,HAPV3,12.27
2021-11-25,HYPE3,28.84
2021-11-25,IGTI11,211.5
2021-11-25,IRBR3,4.25
2021-11-25,ITSA4,10.03
2021-11-25,ITUB4,23.25
2021-11-25,JBSS3,35.37
2021-11-25,KLBN11,23.64
2021-11-25,LREN3,30.77
2021-11-25,LWSA3,14.31
2021-11-25,MGLU3,8.7
2021-11-25,MRFG3,24.45
2021-11-25,MRVE3,11.89
2021-11-25,MULT3,20.7
2021-11-25,NTCO3,27.53
2021-11-25,PCAR3,23.7
2021-11-25,PETR3,30.5
2021-11-25,PETR4,29.62
2021-11-25,PETZ3,19.17
2021-11-25,POMO4,2.75
2021-11-25,PRIO3,22.08
2021-11-25,PSSA3,23.54
2021-11-25,RADL3,23.5
2021-11-25,RAIL3,17.91
2021-11-25,RAIZ4,6.08
2021-11-25,RDOR3,52.0
2021-11-25,RECV3,14.93
2021-11-25,RENT3,54.11
2021-11-25,SANB11,35.39
2021-11-25,SBSP3,34.95
2021-11-25,SLCE3,42.57
2021-11-25,SMFT3,21.28
2021-11-25,SMTO3,37.06
2021-11-25,STBP3,6.21
2021-11-25,SUZB3,54.73
2021-11-25,TAEE11,35.9
2021-11-25,TEND3,19.25
2021-11-25,TIMS3,14.21
2021-11-25,TOTS3,32.39
2021-11-25,UGPA3,14.14
2021-11-25,USIM5,13.82
2021-11-25,VALE3,70.5
2021-11-25,VAMO3,11.7
2021-11-25,VBBR3,22.27
2021-11-25,VIVA3,25.97
2021-11-25,VIVT3,51.3
2021-11-25,WEGE3,33.8
2021-11-25,YDUQ3,22.2
2021-11-26,ABEV3,16.69
2021-11-26,ASAI3,13.36
2021-11-26,AZUL4,23.3
2021-11-26,B3SA3,11.78
2021-11-26,BBAS3,30.76
2021-11-26,BBDC3,17.54
2021-11-26,BBDC4,20.42
2021-11-26,BBSE3,21.53
2021-11-26,BEEF3,8.7
2021-11-26,BPAC11,20.76
2021-11-26,BRAP4,48.82
2021-11-26,BRFS3,20.55
2021-11-26,BRKM5,50.36
2021-11-26,CCRO3,11.69
2021-11-26,CEAB3,6.55
2021-11-26,CMIG4,13.39
2021-11-26,CMIN3,6.0
2021-11-26,COGN3,2.35
2021-11-26,CPFE3,25.75
2021-11-26,CPLE3,5.5
2021-11-26,CPLE6,6.05
2021-11-26,CRFB3,15.66
2021-11-26,CSAN3,21.3
2021-11-26,CSMG3,12.92
2021-11-26,CSNA3,22.28
2021-11-26,CURY3,6.75
2021-11-26,CVCB3,14.95
2021-11-26,CXSE3,8.72
2021-11-26,CYRE3,14.58
2021-11-26,DIRR3,10.41
2021-11-26,EGIE3,39.0
2021-11-26,ELET3,32.63
2021-11-26,ELET6,32.19
2021-11-26,EMBR3,19.27
2021-11-26,ENEV3,14.36
2021-11-26,ENGI11,44.54
2021-11-26,EQTL3,22.77
2021-11-26,FLRY3,18.02
2021-11-26,GGBR4,25.55
2021-11-26,GOAU4,10.65
2021-11-26,HAPV3,11.66
2021-11-26,HYPE3,27.84
2021-11-26,IGTI11,201.42
2021-11-26,IRBR3,4.14
2021-11-26,ITSA4,9.83
2021-11-26,ITUB4,22.81
2021-11-26,JBSS3,34.38
2021-11-26,KLBN11,23.23
2021-11-26,LREN3,29.36
2021-11-26,LWSA3,13.74
2021-11-26,MGLU3,8.06
2021-11-26,MRFG3,23.7
2021-11-26,MRVE3,11.37
2021-11-26,MULT3,19.65
2021-11-26,NTCO3,27.03
2021-11-26,PCAR3,23.15
2021-11-26,PETR3,29.17
2021-11-26,PETR4,28.47
2021-11-26,PETZ3,18.5
2021-11-26,POMO4,2.65
2021-11-26,PRIO3,20.15
2021-11-26,PSSA3,22.89
2021-11-26,RADL3,22.66
2021-11-26,RAIL3,17.62
2021-11-26,RAIZ4,5.91
2021-11-26,RDOR3,50.79
2021-11-26,RECV3,14.34
2021-11-26,RENT3,52.36
2021-11-26,SANB11,34.17
2021-11-26,SBSP3,34.15
2021-11-26,SLCE3,40.7
2021-11-26,SMFT3,19.45
2021-11-26,SMTO3,35.91
2021-11-26,STBP3,6.1
2021-11-26,SUZB3,54.81
2021-11-26,TAEE11,35.94
2021-11-26,TEND3,17.87
2021-11-26,TIMS3,13.87
2021-11-26,TOTS3,31.33
2021-11-26,UGPA3,13.64
2021-11-26,USIM5,12.91
2021-11-26,VALE3,68.64
2021-11-26,VAMO3,11.28
2021-11-26,VBBR3,21.67
2021-11-26,VIVA3,25.68
2021-11-26,VIVT3,50.84
2021-11-26,WEGE3,32.69
2021-11-26,YDUQ3,20.89
2021-11-29,ABEV3,16.34
2021-11-29,ASAI3,13.05
2021-11-29,AZUL4,23.49
2021-11-29,B3SA3,11.5
2021-11-29,BBAS3,30.81
2021-11-29,BBDC3,17.44
2021-11-29,BBDC4,20.27
2021-11-29,BBSE3,21.4
2021-11-29,BEEF3,8.65
2021-11-29,BPAC11,21.25
2021-11-29,BRAP4,49.2
2021-11-29,BRFS3,20.4
2021-11-29,BRKM5,52.2
2021-11-29,CCRO3,11.51
2021-11-29,CEAB3,6.5
2021-11-29,CMIG4,13.45
2021-11-29,CMIN3,5.97
2021-11-29,COGN3,2.41
2021-11-29,CPFE3,26.35
2021-11-29,CPLE3,5.57
2021-11-29,CPLE6,6.1
2021-11-29,CRFB3,15.54
2021-11-29,CSAN3,21.48
2021-11-29,CSMG3,13.05
2021-11-29,CSNA3,22.54
2021-11-29,CURY3,6.84
2021-11-29,CVCB3,14.55
2021-11-29,CXSE3,8.73
2021-11-29,CYRE3,14.04
2021-11-29,DIRR3,10.36
2021-11-29,EGIE3,38.86
2021-11-29,ELET3,32.92
2021-11-29,ELET6,32.29
2021-11-29,EMBR3,19.75
2021-11-29,ENEV3,14.26
2021-11-29,ENGI11,45.4
2021-11-29,EQTL3,22.78
2021-11-29,FLRY3,17.88
2021-11-29,GGBR4,25.8
2021-11-29,GOAU4,10.75
2021-11-29,HAPV3,11.41
2021-11-29,HYPE3,27.35
2021-11-29,IGTI11,198.8
2021-11-29,IRBR3,4.19
2021-11-29,ITSA4,9.82
2021-11-29,ITUB4,22.66
2021-11-29,JBSS3,34.73
2021-11-29,KLBN11,23.75
2021-11-29,LREN3,28.94
2021-11-29,LWSA3,14.67
2021-11-29,MGLU3,8.04
2021-11-29,MRFG3,23.88
2021-11-29,MRVE3,11.26
2021-11-29,MULT3,19.62
2021-11-29,NTCO3,26.87
2021-11-29,PCAR3,23.09
2021-11-29,PETR3,30.16
2021-11-29,PETR4,29.47
2021-11-29,PETZ3,18.5
2021-11-29,POMO4,2.69
2021-11-29,PRIO3,20.84
2021-11-29,PSSA3,22.85
2021-11-29,RADL3,22.61
2021-11-29,RAIL3,17.62
2021-11-29,RAIZ4,5.79
2021-11-29,RDOR3,51.25
2021-11-29,RECV3,14.67
2021-11-29,RENT3,52.25
2021-11-29,SANB11,33.76
2021-11-29,SBSP3,34.3
2021-11-29,SLCE3,40.9
2021-11-29,SMFT3,18.87
2021-11-29,SMTO3,36.72
2021-11-29,STBP3,5.94
2021-11-29,SUZB3,55.67
2021-11-29,TAEE11,36.32
2021-11-29,TEND3,17.04
2021-11-29,TIMS3,13.89
2021-11-29,TOTS3,32.14
2021-11-29,UGPA3,14.19
2021-11-29,USIM5,13.7
2021-11-29,VALE3,69.5
2021-11-29,VAMO3,11.47
2021-11-29,VBBR3,21.66
2021-11-29,VIVA3,25.35
2021-11-29,VIVT3,50.32
2021-11-29,WEGE3,32.41
2021-11-29,YDUQ3,20.92
2021-11-30,ABEV3,16.06
2021-11-30,ASAI3,12.75
2021-11-30,AZUL4,23.38
2021-11-30,B3SA3,11.11
2021-11-30,BBAS3,31.84
2021-11-30,BBDC3,17.02
2021-11-30,BBDC4,19.91
2021-11-30,BBSE3,20.88
2021-11-30,BEEF3,8.58
2021-11-30,BPAC11,20.94
2021-11-30,BRAP4,49.75
2021-11-30,BRFS3,19.75
2021-11-30,BRKM5,50.05
2021-11-30,CCRO3,12.31
2021-11-30,CEAB3,6.46
2021-11-30,CMIG4,13.14
2021-11-30,CMIN3,5.97
2021-11-30,COGN3,2.48
2021-11-30,CPFE3,26.4
2021-11-30,CPLE3,5.56
2021-11-30,CPLE6,6.14
2021-11-30,CRFB3,15.33
2021-11-30,CSAN3,21.25
2021-11-30,CSMG3,12.82
2021-11-30,CSNA3,21.76
2021-11-30,CURY3,6.73
2021-11-30,CVCB3,13.62
2021-11-30,CXSE3,8.22
2021-11-30,CYRE3,13.6
2021-11-30,DIRR3,10.18
2021-11-30,EGIE3,38.53
2021-11-30,ELET3,32.63
2021-11-30,ELET6,32.05
2021-11-30,EMBR3,19.14
2021-11-30,ENEV3,13.95
2021-11-30,ENGI11,45.49
2021-11-30,EQTL3,22.57
2021-11-30,FLRY3,17.47
2021-11-30,GGBR4,25.8
2021-11-30,GOAU4,10.65
2021-11-30,HAPV3,10.91
2021-11-30,HYPE3,27.12
2021-11-30,IGTI11,190.0
2021-11-30,IRBR3,4.31
2021-11-30,ITSA4,9.67
2021-11-30,ITUB4,22.38
2021-11-30,JBSS3,35.65
2021-11-30,KLBN11,23.87
2021-11-30,LREN3,28.45
2021-11-30,LWSA3,13.19
2021-11-30,MGLU3,7.8
2021-11-30,MRFG3,23.57
2021-11-30,MRVE3,11.09
2021-11-30,MULT3,19.6
2021-11-30,NTCO3,26.69
2021-11-30,PCAR3,22.4
2021-11-30,PETR3,30.14
2021-11-30,PETR4,29.43
2021-11-30,PETZ3,18.21
2021-11-30,POMO4,2.57
2021-11-30,PRIO3,20.29
2021-11-30,PSSA3,22.26
2021-11-30,RADL3,22.38
2021-11-30,RAIL3,17.57
2021-11-30,RAIZ4,5.46
2021-11-30,RDOR3,50.17
2021-11-30,RECV3,13.77
2021-11-30,RENT3,51.11
2021-11-30,SANB11,32.96
2021-11-30,SBSP3,33.68
2021-11-30,SLCE3,38.38
2021-11-30,SMFT3,18.09
2021-11-30,SMTO3,35.11
2021-11-30,STBP3,5.99
2021-11-30,SUZB3,56.16
2021-11-30,TAEE11,36.03
2021-11-30,TEND3,17.07
2021-11-30,TIMS3,13.8
2021-11-30,TOTS3,31.69
2021-11-30,UGPA3,14.43
2021-11-30,USIM5,13.59
2021-11-30,VALE3,69.95
2021-11-30,VAMO3,11.18
2021-11-30,VBBR3,21.76
2021-11-30,VIVA3,24.51
2021-11-30,VIVT3,50.29
2021-11-30,WEGE3,32.23
2021-11-30,YDUQ3,21.83
2021-12-01,ABEV3,15.86
2021-12-01,ASAI3,12.47
2021-12-01,AZUL4,21.86
2021-12-01,B3SA3,11.01
2021-12-01,BBAS3,31.3
2021-12-01,BBDC3,16.93
2021-12-01,BBDC4,19.83
2021-12-01,BBSE3,20.43
2021-12-01,BEEF3,8.4
2021-12-01,BPAC11,20.78
2021-12-01,BRAP4,49.93
2021-12-01,BRFS3,19.24
2021-12-01,BRKM5,52.78
2021-12-01,CCRO3,11.7
2021-12-01,CEAB3,6.41
2021-12-01,CMIG4,12.96
2021-12-01,CMIN3,5.86
2021-12-01,COGN3,2.36
2021-12-01,CPFE3,26.67
2021-12-01,CPLE3,5.63
2021-12-01,CPLE6,6.11
2021-12-01,CRFB3,15.03
2021-12-01,CSAN3,21.22
2021-12-01,CSMG3,12.68
2021-12-01,CSNA3,21.59
2021-12-01,CURY3,6.73
2021-12-01,CVCB3,13.33
2021-12-01,CXSE3,8.1
2021-12-01,CYRE3,13.17
2021-12-01,DIRR3,10.29
2021-12-01,EGIE3,38.37
2021-12-01,ELET3,32.75
2021-12-01,ELET6,32.04
2021-12-01,EMBR3,18.3
2021-12-01,ENEV3,13.75
2021-12-01,ENGI11,45.59
2021-12-01,EQTL3,22.65
2021-12-01,FLRY3,16.93
2021-12-01,GGBR4,26.17
2021-12-01,GOAU4,10.8
2021-12-01,HAPV3,10.33
2021-12-01,HYPE3,26.8
2021-12-01,IGTI11,175.0
2021-12-01,IRBR3,4.16
2021-12-01,ITSA4,9.62
2021-12-01,ITUB4,22.22
2021-12-01,JBSS3,33.98
2021-12-01,KLBN11,24.02
2021-12-01,LREN3,28.29
2021-12-01,LWSA3,11.88
2021-12-01,MGLU3,6.88
2021-12-01,MRFG3,21.87
2021-12-01,MRVE3,10.87
2021-12-01,MULT3,19.22
2021-12-01,NTCO3,25.69
2021-12-01,PCAR3,21.71
2021-12-01,PETR3,30.35
2021-12-01,PETR4,29.6
2021-12-01,PETZ3,18.45
2021-12-01,POMO4,2.64
2021-12-01,PRIO3,20.31
2021-12-01,PSSA3,21.7
2021-12-01,RADL3,21.81
2021-12-01,RAIL3,17.51
2021-12-01,RAIZ4,5.49
2021-12-01,RDOR3,48.01
2021-12-01,RECV3,13.7
2021-12-01,RENT3,50.41
2021-12-01,SANB11,32.54
2021-12-01,SBSP3,33.96
2021-12-01,SLCE3,37.04
2021-12-01,SMFT3,17.0
2021-12-01,SMTO3,34.32
2021-12-01,STBP3,5.85
2021-12-01,SUZB3,58.05
2021-12-01,TAEE11,35.9
2021-12-01,TEND3,17.13
2021-12-01,TIMS3,13.79
2021-12-01,TOTS3,29.81
2021-12-01,UGPA3,13.92
2021-12-01,USIM5,13.43
2021-12-01,VALE3,70.23
2021-12-01,VAMO3,10.74
2021-12-01,VBBR3,21.17
2021-12-01,VIVA3,24.3
2021-12-01,VIVT3,49.98
2021-12-01,WEGE3,32.49
2021-12-01,YDUQ3,21.89
2021-12-02,ABEV3,16.01
2021-12-02,ASAI3,12.45
2021-12-02,AZUL4,22.31
2021-12-02,B3SA3,11.46
2021-12-02,BBAS3,32.16
2021-12-02,BBDC3,17.76
2021-12-02,BBDC4,20.82
2021-12-02,BBSE3,21.05
2021-12-02,BEEF3,8.5
2021-12-02,BPAC11,21.09
2021-12-02,BRAP4,52.42
2021-12-02,BRFS3,19.77
2021-12-02,BRKM5,57.8
2021-12-02,CCRO3,12.07
2021-12-02,CEAB3,6.28
2021-12-02,CMIG4,13.4
2021-12-02,CMIN3,6.09
2021-12-02,COGN3,2.46
2021-12-02,CPFE3,27.57
2021-12-02,CPLE3,5.7
2021-12-02,CPLE6,6.27
2021-12-02,CRFB3,14.97
2021-12-02,CSAN3,21.94
2021-12-02,CSMG3,13.38
2021-12-02,CSNA3,23.57
2021-12-02,CURY3,6.98
2021-12-02,CVCB3,13.22
2021-12-02,CXSE3,8.29
2021-12-02,CYRE3,13.9
2021-12-02,DIRR3,10.6
2021-12-02,EGIE3,39.26
2021-12-02,ELET3,34.5
2021-12-02,ELET6,33.68
2021-12-02,EMBR3,19.36
2021-12-02,ENEV3,14.02
2021-12-02,ENGI11,46.39
2021-12-02,EQTL3,23.23
2021-12-02,FLRY3,17.93
2021-12-02,GGBR4,27.66
2021-12-02,GOAU4,11.39
2021-12-02,HAPV3,11.02
2021-12-02,HYPE3,27.56
2021-12-02,IGTI11,187.51
2021-12-02,IRBR3,4.25
2021-12-02,ITSA4,9.9
2021-12-02,ITUB4,23.06
2021-12-02,JBSS3,35.11
2021-12-02,KLBN11,24.5
2021-12-02,LREN3,28.61
2021-12-02,LWSA3,11.74
2021-12-02,MGLU3,6.76
2021-12-02,MRFG3,22.14
2021-12-02,MRVE3,11.37
2021-12-02,MULT3,20.04
2021-12-02,NTCO3,26.05
2021-12-02,PCAR3,22.22
2021-12-02,PETR3,29.52
2021-12-02,PETR4,28.36
2021-12-02,PETZ3,18.08
2021-12-02,POMO4,2.79
2021-12-02,PRIO3,20.96
2021-12-02,PSSA3,22.54
2021-12-02,RADL3,22.23
2021-12-02,RAIL3,17.61
2021-12-02,RAIZ4,5.69
2021-12-02,RDOR3,48.64
2021-12-02,RECV3,14.01
2021-12-02,RENT3,53.72
2021-12-02,SANB11,33.81
2021-12-02,SBSP3,36.7
2021-12-02,SLCE3,37.38
2021-12-02,SMFT3,17.42
2021-12-02,SMTO3,35.14
2021-12-02,STBP3,6.16
2021-12-02,SUZB3,58.0
2021-12-02,TAEE11,37.22
2021-12-02,TEND3,17.53
2021-12-02,TIMS3,13.72
2021-12-02,TOTS3,30.27
2021-12-02,UGPA3,14.25
2021-12-02,USIM5,14.43
2021-12-02,VALE3,73.49
2021-12-02,VAMO3,10.98
2021-12-02,VBBR3,21.49
2021-12-02,VIVA3,23.8
2021-12-02,VIVT3,50.24
2021-12-02,WEGE3,32.72
2021-12-02,YDUQ3,23.16
2021-12-03,ABEV3,16.0
2021-12-03,ASAI3,13.3
2021-12-03,AZUL4,22.43
2021-12-03,B3SA3,11.63
2021-12-03,BBAS3,32.2
2021-12-03,BBDC3,17.81
2021-12-03,BBDC4,20.76
2021-12-03,BBSE3,21.18
2021-12-03,BEEF3,8.62
2021-12-03,BPAC11,21.25
2021-12-03,BRAP4,51.7
2021-12-03,BRFS3,19.62
2021-12-03,BRKM5,60.5
2021-12-03,CCRO3,12.56
2021-12-03,CEAB3,6.36
2021-12-03,CMIG4,13.8
2021-12-03,CMIN3,6.02
2021-12-03,COGN3,2.48
2021-12-03,CPFE3,27.89
2021-12-03,CPLE3,5.73
2021-12-03,CPLE6,6.21
2021-12-03,CRFB3,14.78
2021-12-03,CSAN3,22.37
2021-12-03,CSMG3,13.36
2021-12-03,CSNA3,23.28
2021-12-03,CURY3,6.98
2021-12-03,CVCB3,14.15
2021-12-03,CXSE3,8.44
2021-12-03,CYRE3,14.93
2021-12-03,DIRR3,11.35
2021-12-03,EGIE3,39.47
2021-12-03,ELET3,35.39
2021-12-03,ELET6,34.4
2021-12-03,EMBR3,19.15
2021-12-03,ENEV3,14.53
2021-12-03,ENGI11,46.66
2021-12-03,EQTL3,23.56
2021-12-03,FLRY3,18.56
2021-12-03,GGBR4,27.85
2021-12-03,GOAU4,11.39
2021-12-03,HAPV3,11.43
2021-12-03,HYPE3,28.28
2021-12-03,IGTI11,198.0
2021-12-03,IRBR3,4.18
2021-12-03,ITSA4,9.85
2021-12-03,ITUB4,22.98
2021-12-03,JBSS3,33.41
2021-12-03,KLBN11,24.2
2021-12-03,LREN3,29.25
2021-12-03,LWSA3,12.75
2021-12-03,MGLU3,7.05
2021-12-03,MRFG3,20.87
2021-12-03,MRVE3,11.97
2021-12-03,MULT3,20.7
2021-12-03,NTCO3,25.75
2021-12-03,PCAR3,22.5
2021-12-03,PETR3,30.07
2021-12-03,PETR4,28.76
2021-12-03,PETZ3,19.13
2021-12-03,POMO4,2.77
2021-12-03,PRIO3,21.21
2021-12-03,PSSA3,22.46
2021-12-03,RADL3,22.82
2021-12-03,RAIL3,18.1
2021-12-03,RAIZ4,6.02
2021-12-03,RDOR3,49.32
2021-12-03,RECV3,13.98
2021-12-03,RENT3,54.86
2021-12-03,SANB11,33.66
2021-12-03,SBSP3,37.32
2021-12-03,SLCE3,37.73
2021-12-03,SMFT3,18.24
2021-12-03,SMTO3,34.86
2021-12-03,STBP3,6.18
2021-12-03,SUZB3,57.1
2021-12-03,TAEE11,37.66
2021-12-03,TEND3,18.09
2021-12-03,TIMS3,13.77
2021-12-03,TOTS3,30.5
2021-12-03,UGPA3,14.74
2021-12-03,USIM5,14.23
2021-12-03,VALE3,71.87
2021-12-03,VAMO3,11.79
2021-12-03,VBBR3,21.9
2021-12-03,VIVA3,24.54
2021-12-03,VIVT3,50.85
2021-12-03,WEGE3,32.78
2021-12-03,YDUQ3,23.76
2021-12-06,ABEV3,16.08
2021-12-06,ASAI3,13.75
2021-12-06,AZUL4,24.8
2021-12-06,B3SA3,11.78
2021-12-06,BBAS3,33.07
2021-12-06,BBDC3,18.02
2021-12-06,BBDC4,21.2
2021-12-06,BBSE3,21.29
2021-12-06,BEEF3,8.62
2021-12-06,BPAC11,21.2
2021-12-06,BRAP4,53.53
2021-12-06,BRFS3,20.6
2021-12-06,BRKM5,66.4
2021-12-06,CCRO3,12.95
2021-12-06,CEAB3,6.59
2021-12-06,CMIG4,13.67
2021-12-06,CMIN3,6.26
2021-12-06,COGN3,2.56
2021-12-06,CPFE3,27.53
2021-12-06,CPLE3,5.73
2021-12-06,CPLE6,6.14
2021-12-06,CRFB3,15.09
2021-12-06,CSAN3,21.89
2021-12-06,CSMG3,13.16
2021-12-06,CSNA3,24.13
2021-12-06,CURY3,6.98
2021-12-06,CVCB3,14.98
2021-12-06,CXSE3,8.85
2021-12-06,CYRE3,15.4
2021-12-06,DIRR3,11.89
2021-12-06,EGIE3,39.74
2021-12-06,ELET3,35.68
2021-12-06,ELET6,34.88
2021-12-06,EMBR3,20.23
2021-12-06,ENEV3,14.58
2021-12-06,ENGI11,46.25
2021-12-06,EQTL3,23.32
2021-12-06,FLRY3,18.46
2021-12-06,GGBR4,28.5
2021-12-06,GOAU4,11.71
2021-12-06,HAPV3,11.23
2021-12-06,HYPE3,28.36
2021-12-06,IGTI11,202.42
2021-12-06,IRBR3,4.33
2021-12-06,ITSA4,9.97
2021-12-06,ITUB4,23.25
2021-12-06,JBSS3,33.74
2021-12-06,KLBN11,25.13
2021-12-06,LREN3,29.79
2021-12-06,LWSA3,12.92
2021-12-06,MGLU3,7.3
2021-12-06,MRFG3,20.85
2021-12-06,MRVE3,12.1
2021-12-06,MULT3,20.65
2021-12-06,NTCO3,26.76
2021-12-06,PCAR3,22.3
2021-12-06,PETR3,30.35
2021-12-06,PETR4,28.89
2021-12-06,PETZ3,18.92
2021-12-06,POMO4,2.82
2021-12-06,PRIO3,21.61
2021-12-06,PSSA3,22.37
2021-12-06,RADL3,22.79
2021-12-06,RAIL3,17.6
2021-12-06,RAIZ4,5.83
2021-12-06,RDOR3,47.73
2021-12-06,RECV3,14.66
2021-12-06,RENT3,54.77
2021-12-06,SANB11,33.66
2021-12-06,SBSP3,37.81
2021-12-06,SLCE3,38.31
2021-12-06,SMFT3,18.69
2021-12-06,SMTO3,35.78
2021-12-06,STBP3,6.24
2021-12-06,SUZB3,57.87
2021-12-06,TAEE11,38.05
2021-12-06,TEND3,18.79
2021-12-06,TIMS3,13.6
2021-12-06,TOTS3,30.62
2021-12-06,UGPA3,14.97
2021-12-06,USIM5,14.78
2021-12-06,VALE3,75.77
2021-12-06,VAMO3,11.77
2021-12-06,VBBR3,22.1
2021-12-06,VIVA3,25.31
2021-12-06,VIVT3,50.1
2021-12-06,WEGE3,33.01
2021-12-06,YDUQ3,23.83
2021-12-07,ABEV3,16.1
2021-12-07,ASAI3,14.05
2021-12-07,AZUL4,24.73
2021-12-07,B3SA3,12.05
2021-12-07,BBAS3,32.6
2021-12-07,BBDC3,17.78
2021-12-07,BBDC4,20.95
2021-12-07,BBSE3,21.22
2021-12-07,BEEF3,8.67
2021-12-07,BPAC11,21.2
2021-12-07,BRAP4,53.93
2021-12-07,BRFS3,20.44
2021-12-07,BRKM5,66.58
2021-12-07,CCRO3,13.12
2021-12-07,CEAB3,6.7
2021-12-07,CMIG4,13.75
2021-12-07,CMIN3,6.54
2021-12-07,COGN3,2.49
2021-12-07,CPFE3,27.21
2021-12-07,CPLE3,5.75
2021-12-07,CPLE6,6.24
2021-12-07,CRFB3,14.85
2021-12-07,CSAN3,21.97
2021-12-07,CSMG3,13.26
2021-12-07,CSNA3,24.41
2021-12-07,CURY3,6.9
2021-12-07,CVCB3,14.69
2021-12-07,CXSE3,8.99
2021-12-07,CYRE3,15.19
2021-12-07,DIRR3,11.87
2021-12-07,EGIE3,39.31
2021-12-07,ELET3,35.14
2021-12-07,ELET6,34.55
2021-12-07,EMBR3,20.3
2021-12-07,ENEV3,14.67
2021-12-07,ENGI11,45.62
2021-12-07,EQTL3,23.35
2021-12-07,FLRY3,18.8
2021-12-07,GGBR4,28.95
2021-12-07,GOAU4,11.89
2021-12-07,HAPV3,11.18
2021-12-07,HYPE3,28.71
2021-12-07,IGTI11,201.21
2021-12-07,IRBR3,4.23
2021-12-07,ITSA4,9.88
2021-12-07,ITUB4,22.96
2021-12-07,JBSS3,34.41
2021-12-07,KLBN11,25.05
2021-12-07,LREN3,29.46
2021-12-07,LWSA3,13.82
2021-12-07,MGLU3,7.62
2021-12-07,MRFG3,21.25
2021-12-07,MRVE3,11.57
2021-12-07,MULT3,20.07
2021-12-07,NTCO3,27.06
2021-12-07,PCAR3,22.53
2021-12-07,PETR3,31.19
2021-12-07,PETR4,29.36
2021-12-07,PETZ3,19.72
2021-12-07,POMO4,2.74
2021-12-07,PRIO3,21.93
2021-12-07,PSSA3,22.15
2021-12-07,RADL3,23.28
2021-12-07,RAIL3,17.29
2021-12-07,RAIZ4,5.92
2021-12-07,RDOR3,49.2
2021-12-07,RECV3,14.58
2021-12-07,RENT3,53.89
2021-12-07,SANB11,33.21
2021-12-07,SBSP3,37.99
2021-12-07,SLCE3,38.81
2021-12-07,SMFT3,18.49
2021-12-07,SMTO3,35.9
2021-12-07,STBP3,6.08
2021-12-07,SUZB3,58.32
2021-12-07,TAEE11,35.9
2021-12-07,TEND3,17.96
2021-12-07,TIMS3,13.42
2021-12-07,TOTS3,31.38
2021-12-07,UGPA3,14.89
2021-12-07,USIM5,14.92
2021-12-07,VALE3,76.33
2021-12-07,VAMO3,11.89
2021-12-07,VBBR3,22.2
2021-12-07,VIVA3,25.0
2021-12-07,VIVT3,49.96
2021-12-07,WEGE3,34.56
2021-12-07,YDUQ3,23.69
2021-12-08,ABEV3,16.08
2021-12-08,ASAI3,14.39
2021-12-08,AZUL4,26.18
2021-12-08,B3SA3,12.12
2021-12-08,BBAS3,32.75
2021-12-08,BBDC3,17.73
2021-12-08,BBDC4,20.82
2021-12-08,BBSE3,21.66
2021-12-08,BEEF3,8.77
2021-12-08,BPAC11,21.77
2021-12-08,BRAP4,53.76
2021-12-08,BRFS3,20.2
2021-12-08,BRKM5,65.54
2021-12-08,CCRO3,12.71
2021-12-08,CEAB3,6.84
2021-12-08,CMIG4,13.98
2021-12-08,CMIN3,6.5
2021-12-08,COGN3,2.62
2021-12-08,CPFE3,27.37
2021-12-08,CPLE3,5.95
2021-12-08,CPLE6,6.35
2021-12-08,CRFB3,14.93
2021-12-08,CSAN3,22.21
2021-12-08,CSMG3,13.52
2021-12-08,CSNA3,24.1
2021-12-08,CURY3,7.12
2021-12-08,CVCB3,16.1
2021-12-08,CXSE3,8.94
2021-12-08,CYRE3,15.99
2021-12-08,DIRR3,12.5
2021-12-08,EGIE3,39.26
2021-12-08,ELET3,35.44
2021-12-08,ELET6,34.48
2021-12-08,EMBR3,21.3
2021-12-08,ENEV3,14.96
2021-12-08,ENGI11,45.83
2021-12-08,EQTL3,23.6
2021-12-08,FLRY3,19.25
2021-12-08,GGBR4,28.93
2021-12-08,GOAU4,11.98
2021-12-08,HAPV3,11.32
2021-12-08,HYPE3,28.97
2021-12-08,IGTI11,207.01
2021-12-08,IRBR3,4.35
2021-12-08,ITSA4,9.91
2021-12-08,ITUB4,22.74
2021-12-08,JBSS3,34.65
2021-12-08,KLBN11,25.25
2021-12-08,LREN3,29.6
2021-12-08,LWSA3,14.55
2021-12-08,MGLU3,6.81
2021-12-08,MRFG3,22.59
2021-12-08,MRVE3,12.25
2021-12-08,MULT3,20.76
2021-12-08,NTCO3,27.34
2021-12-08,PCAR3,23.05
2021-12-08,PETR3,31.08
2021-12-08,PETR4,29.35
2021-12-08,PETZ3,20.5
2021-12-08,POMO4,2.72
2021-12-08,PRIO3,20.97
2021-12-08,PSSA3,21.95
2021-12-08,RADL3,23.75
2021-12-08,RAIL3,17.7
2021-12-08,RAIZ4,5.98
2021-12-08,RDOR3,49.56
2021-12-08,RECV3,14.8
2021-12-08,RENT3,55.97
2021-12-08,SANB11,33.14
2021-12-08,SBSP3,38.55
2021-12-08,SLCE3,39.52
2021-12-08,SMFT3,19.41
2021-12-08,SMTO3,36.55
2021-12-08,STBP3,6.83
2021-12-08,SUZB3,58.65
2021-12-08,TAEE11,35.78
2021-12-08,TEND3,19.05
2021-12-08,TIMS3,13.33
2021-12-08,TOTS3,32.16
2021-12-08,UGPA3,15.37
2021-12-08,USIM5,15.05
2021-12-08,VALE3,75.76
2021-12-08,VAMO3,12.59
2021-12-08,VBBR3,22.95
2021-12-08,VIVA3,26.2
2021-12-08,VIVT3,49.08
2021-12-08,WEGE3,36.04
2021-12-08,YDUQ3,24.41
2021-12-09,ABEV3,15.81
2021-12-09,ASAI3,14.22
2021-12-09,AZUL4,26.07
2021-12-09,B3SA3,11.71
2021-12-09,BBAS3,32.02
2021-12-09,BBDC3,17.2
2021-12-09,BBDC4,20.29
2021-12-09,BBSE3,21.11
2021-12-09,BEEF3,8.47
2021-12-09,BPAC11,21.32
2021-12-09,BRAP4,53.34
2021-12-09,BRFS3,19.69
2021-12-09,BRKM5,54.0
2021-12-09,CCRO3,12.31
2021-12-09,CEAB3,6.64
2021-12-09,CMIG4,13.83
2021-12-09,CMIN3,6.77
2021-12-09,COGN3,2.59
2021-12-09,CPFE3,27.2
2021-12-09,CPLE3,5.93
2021-12-09,CPLE6,6.36
2021-12-09,CRFB3,14.81
2021-12-09,CSAN3,22.02
2021-12-09,CSMG3,13.22
2021-12-09,CSNA3,24.46
2021-12-09,CURY3,6.88
2021-12-09,CVCB3,16.03
2021-12-09,CXSE3,8.76
2021-12-09,CYRE3,15.51
2021-12-09,DIRR3,11.99
2021-12-09,EGIE3,38.99
2021-12-09,ELET3,34.3
2021-12-09,ELET6,33.61
2021-12-09,EMBR3,20.76
2021-12-09,ENEV3,14.83
2021-12-09,ENGI11,45.84
2021-12-09,EQTL3,23.9
2021-12-09,FLRY3,19.05
2021-12-09,GGBR4,28.95
2021-12-09,GOAU4,11.93
2021-12-09,HAPV3,11.21
2021-12-09,HYPE3,29.09
2021-12-09,IGTI11,201.5
2021-12-09,IRBR3,4.29
2021-12-09,ITSA4,9.68
2021-12-09,ITUB4,22.13
2021-12-09,JBSS3,34.72
2021-12-09,KLBN11,25.12
2021-12-09,LREN3,28.25
2021-12-09,LWSA3,13.8
2021-12-09,MGLU3,6.28
2021-12-09,MRFG3,22.0
2021-12-09,MRVE3,11.68
2021-12-09,MULT3,20.4
2021-12-09,NTCO3,26.56
2021-12-09,PCAR3,22.69
2021-12-09,PETR3,31.08
2021-12-09,PETR4,29.29
2021-12-09,PETZ3,19.32
2021-12-09,POMO4,2.69
2021-12-09,PRIO3,20.74
2021-12-09,PSSA3,21.62
2021-12-09,RADL3,23.49
2021-12-09,RAIL3,17.45
2021-12-09,RAIZ4,5.92
2021-12-09,RDOR3,48.73
2021-12-09,RECV3,14.71
2021-12-09,RENT3,55.24
2021-12-09,SANB11,32.01
2021-12-09,SBSP3,38.29
2021-12-09,SLCE3,39.0
2021-12-09,SMFT3,19.35
2021-12-09,SMTO3,35.41
2021-12-09,STBP3,6.74
2021-12-09,SUZB3,57.91
2021-12-09,TAEE11,35.49
2021-12-09,TEND3,17.74
2021-12-09,TIMS3,13.07
2021-12-09,TOTS3,31.54
2021-12-09,UGPA3,15.03
2021-12-09,USIM5,14.94
2021-12-09,VALE3,75.18
2021-12-09,VAMO3,12.64
2021-12-09,VBBR3,22.29
2021-12-09,VIVA3,25.53
2021-12-09,VIVT3,48.12
2021-12-09,WEGE3,36.5
2021-12-09,YDUQ3,23.51
2021-12-10,ABEV3,15.95
2021-12-10,ASAI3,14.56
2021-12-10,AZUL4,25.88
2021-12-10,B3SA3,12.38
2021-12-10,BBAS3,32.5
2021-12-10,BBDC3,17.2
2021-12-10,BBDC4,20.21
2021-12-10,BBSE3,21.15
2021-12-10,BEEF3,8.6
2021-12-10,BPAC11,22.78
2021-12-10,BRAP4,53.53
2021-12-10,BRFS3,20.12
2021-12-10,BRKM5,54.2
2021-12-10,CCRO3,12.5
2021-12-10,CEAB3,6.69
2021-12-10,CMIG4,13.97
2021-12-10,CMIN3,6.69
2021-12-10,COGN3,2.9
2021-12-10,CPFE3,26.48
2021-12-10,CPLE3,5.98
2021-12-10,CPLE6,6.42
2021-12-10,CRFB3,15.55
2021-12-10,CSAN3,22.26
2021-12-10,CSMG3,13.01
2021-12-10,CSNA3,24.38
2021-12-10,CURY3,7.08
2021-12-10,CVCB3,16.12
2021-12-10,CXSE3,8.81
2021-12-10,CYRE3,16.42
2021-12-10,DIRR3,12.99
2021-12-10,EGIE3,39.24
2021-12-10,ELET3,35.4
2021-12-10,ELET6,34.72
2021-12-10,EMBR3,21.42
2021-12-10,ENEV3,14.83
2021-12-10,ENGI11,46.39
2021-12-10,EQTL3,23.91
2021-12-10,FLRY3,19.05
2021-12-10,GGBR4,29.59
2021-12-10,GOAU4,12.19
2021-12-10,HAPV3,11.2
2021-12-10,HYPE3,29.53
2021-12-10,IGTI11,205.5
2021-12-10,IRBR3,4.37
2021-12-10,ITSA4,9.7
2021-12-10,ITUB4,22.16
2021-12-10,JBSS3,35.19
2021-12-10,KLBN11,25.59
2021-12-10,LREN3,28.4
2021-12-10,LWSA3,14.86
2021-12-10,MGLU3,6.37
2021-12-10,MRFG3,22.02
2021-12-10,MRVE3,12.3
2021-12-10,MULT3,20.64
2021-12-10,NTCO3,26.15
2021-12-10,PCAR3,23.08
2021-12-10,PETR3,31.49
2021-12-10,PETR4,29.65
2021-12-10,PETZ3,19.84
2021-12-10,POMO4,2.72
2021-12-10,PRIO3,20.7
2021-12-10,PSSA3,21.73
2021-12-10,RADL3,24.01
2021-12-10,RAIL3,18.02
2021-12-10,RAIZ4,6.16
2021-12-10,RDOR3,50.22
2021-12-10,RECV3,15.51
2021-12-10,RENT3,56.7
2021-12-10,SANB11,31.96
2021-12-10,SBSP3,38.63
2021-12-10,SLCE3,38.6
2021-12-10,SMFT3,19.36
2021-12-10,SMTO3,36.08
2021-12-10,STBP3,6.9
2021-12-10,SUZB3,58.5
2021-12-10,TAEE11,35.6
2021-12-10,TEND3,18.47
2021-12-10,TIMS3,13.24
2021-12-10,TOTS3,32.33
2021-12-10,UGPA3,15.28
2021-12-10,USIM5,15.21
2021-12-10,VALE3,75.65
2021-12-10,VAMO3,13.09
2021-12-10,VBBR3,22.85
2021-12-10,VIVA3,25.86
2021-12-10,VIVT3,49.1
2021-12-10,WEGE3,35.8
2021-12-10,YDUQ3,24.04
2021-12-13,ABEV3,16.01
2021-12-13,ASAI3,14.38
2021-12-13,AZUL4,24.98
2021-12-13,B3SA3,12.15
2021-12-13,BBAS3,32.23
2021-12-13,BBDC3,16.92
2021-12-13,BBDC4,19.84
2021-12-13,BBSE3,20.89
2021-12-13,BEEF3,8.74
2021-12-13,BPAC11,22.63
2021-12-13,BRAP4,55.07
2021-12-13,BRFS3,19.56
2021-12-13,BRKM5,53.76
2021-12-13,CCRO3,12.3
2021-12-13,CEAB3,6.47
2021-12-13,CMIG4,13.99
2021-12-13,CMIN3,6.87
2021-12-13,COGN3,2.63
2021-12-13,CPFE3,27.0
2021-12-13,CPLE3,6.03
2021-12-13,CPLE6,6.43
2021-12-13,CRFB3,15.26
2021-12-13,CSAN3,22.17
2021-12-13,CSMG3,13.05
2021-12-13,CSNA3,24.75
2021-12-13,CURY3,6.86
2021-12-13,CVCB3,15.61
2021-12-13,CXSE3,8.76
2021-12-13,CYRE3,15.83
2021-12-13,DIRR3,12.62
2021-12-13,EGIE3,39.53
2021-12-13,ELET3,36.0
2021-12-13,ELET6,35.43
2021-12-13,EMBR3,20.64
2021-12-13,ENEV3,14.66
2021-12-13,ENGI11,46.0
2021-12-13,EQTL3,23.93
2021-12-13,FLRY3,19.05
2021-12-13,GGBR4,29.46
2021-12-13,GOAU4,12.12
2021-12-13,HAPV3,11.55
2021-12-13,HYPE3,29.32
2021-12-13,IGTI11,203.12
2021-12-13,IRBR3,4.4
2021-12-13,ITSA4,9.56
2021-12-13,ITUB4,21.57
2021-12-13,JBSS3,35.39
2021-12-13,KLBN11,25.51
2021-12-13,LREN3,27.81
2021-12-13,LWSA3,14.85
2021-12-13,MGLU3,6.05
2021-12-13,MRFG3,22.07
2021-12-13,MRVE3,12.08
2021-12-13,MULT3,20.51
2021-12-13,NTCO3,25.62
2021-12-13,PCAR3,23.01
2021-12-13,PETR3,31.46
2021-12-13,PETR4,29.47
2021-12-13,PETZ3,19.8
2021-12-13,POMO4,2.73
2021-12-13,PRIO3,20.39
2021-12-13,PSSA3,21.45
2021-12-13,RADL3,23.96
2021-12-13,RAIL3,18.12
2021-12-13,RAIZ4,6.22
2021-12-13,RDOR3,48.95
2021-12-13,RECV3,15.76
2021-12-13,RENT3,57.23
2021-12-13,SANB11,31.54
2021-12-13,SBSP3,39.2
2021-12-13,SLCE3,38.81
2021-12-13,SMFT3,19.03
2021-12-13,SMTO3,36.39
2021-12-13,STBP3,6.85
2021-12-13,SUZB3,57.72
2021-12-13,TAEE11,36.1
2021-12-13,TEND3,17.36
2021-12-13,TIMS3,13.06
2021-12-13,TOTS3,32.02
2021-12-13,UGPA3,15.55
2021-12-13,USIM5,15.39
2021-12-13,VALE3,77.86
2021-12-13,VAMO3,13.12
2021-12-13,VBBR3,22.96
2021-12-13,VIVA3,25.77
2021-12-13,VIVT3,49.0
2021-12-13,WEGE3,35.6
2021-12-13,YDUQ3,23.64
2021-12-14,ABEV3,16.17
2021-12-14,ASAI3,14.4
2021-12-14,AZUL4,25.2
2021-12-14,B3SA3,12.1
2021-12-14,BBAS3,32.06
2021-12-14,BBDC3,17.15
2021-12-14,BBDC4,20.14
2021-12-14,BBSE3,20.77
2021-12-14,BEEF3,8.85
2021-12-14,BPAC11,21.82
2021-12-14,BRAP4,54.98
2021-12-14,BRFS3,20.26
2021-12-14,BRKM5,52.53
2021-12-14,CCRO3,12.42
2021-12-14,CEAB3,6.2
2021-12-14,CMIG4,14.08
2021-12-14,CMIN3,6.73
2021-12-14,COGN3,2.5
2021-12-14,CPFE3,27.39
2021-12-14,CPLE3,6.04
2021-12-14,CPLE6,6.39
2021-12-14,CRFB3,15.23
2021-12-14,CSAN3,22.2
2021-12-14,CSMG3,13.1
2021-12-14,CSNA3,24.38
2021-12-14,CURY3,6.88
2021-12-14,CVCB3,15.52
2021-12-14,CXSE3,8.39
2021-12-14,CYRE3,15.36
2021-12-14,DIRR3,12.2
2021-12-14,EGIE3,39.08
2021-12-14,ELET3,34.52
2021-12-14,ELET6,34.0
2021-12-14,EMBR3,20.63
2021-12-14,ENEV3,14.41
2021-12-14,ENGI11,46.29
2021-12-14,EQTL3,23.99
2021-12-14,FLRY3,18.37
2021-12-14,GGBR4,29.32
2021-12-14,GOAU4,12.04
2021-12-14,HAPV3,11.31
2021-12-14,HYPE3,29.04
2021-12-14,IGTI11,197.48
2021-12-14,IRBR3,4.36
2021-12-14,ITSA4,9.61
2021-12-14,ITUB4,21.78
2021-12-14,JBSS3,37.28
2021-12-14,KLBN11,25.57
2021-12-14,LREN3,26.45
2021-12-14,LWSA3,13.2
2021-12-14,MGLU3,5.74
2021-12-14,MRFG3,23.57
2021-12-14,MRVE3,11.72
2021-12-14,MULT3,19.74
2021-12-14,NTCO3,25.36
2021-12-14,PCAR3,23.34
2021-12-14,PETR3,31.02
2021-12-14,PETR4,29.12
2021-12-14,PETZ3,18.86
2021-12-14,POMO4,2.69
2021-12-14,PRIO3,19.7
2021-12-14,PSSA3,21.02
2021-12-14,RADL3,24.14
2021-12-14,RAIL3,18.54
2021-12-14,RAIZ4,6.17
2021-12-14,RDOR3,47.33
2021-12-14,RECV3,16.0
2021-12-14,RENT3,57.49
2021-12-14,SANB11,31.56
2021-12-14,SBSP3,38.94
2021-12-14,SLCE3,38.91
2021-12-14,SMFT3,17.78
2021-12-14,SMTO3,37.35
2021-12-14,STBP3,6.77
2021-12-14,SUZB3,57.85
2021-12-14,TAEE11,35.93
2021-12-14,TEND3,16.64
2021-12-14,TIMS3,12.99
2021-12-14,TOTS3,30.9
2021-12-14,UGPA3,15.27
2021-12-14,USIM5,15.31
2021-12-14,VALE3,77.85
2021-12-14,VAMO3,13.03
2021-12-14,VBBR3,22.53
2021-12-14,VIVA3,24.63
2021-12-14,VIVT3,48.9
2021-12-14,WEGE3,35.29
2021-12-14,YDUQ3,23.06
2021-12-15,ABEV3,16.08
2021-12-15,ASAI3,14.69
2021-12-15,AZUL4,25.48
2021-12-15,B3SA3,12.06
2021-12-15,BBAS3,31.51
2021-12-15,BBDC3,17.14
2021-12-15,BBDC4,20.14
2021-12-15,BBSE3,21.03
2021-12-15,BEEF3,9.84
2021-12-15,BPAC11,22.64
2021-12-15,BRAP4,54.54
2021-12-15,BRFS3,20.48
2021-12-15,BRKM5,55.78
2021-12-15,CCRO3,12.56
2021-12-15,CEAB3,6.31
2021-12-15,CMIG4,14.12
2021-12-15,CMIN3,6.79
2021-12-15,COGN3,2.55
2021-12-15,CPFE3,27.47
2021-12-15,CPLE3,6.0
2021-12-15,CPLE6,6.44
2021-12-15,CRFB3,15.55
2021-12-15,CSAN3,22.28
2021-12-15,CSMG3,13.28
2021-12-15,CSNA3,24.35
2021-12-15,CURY3,6.78
2021-12-15,CVCB3,15.65
2021-12-15,CXSE3,8.46
2021-12-15,CYRE3,15.56
2021-12-15,DIRR3,12.18
2021-12-15,EGIE3,39.38
2021-12-15,ELET3,34.38
2021-12-15,ELET6,33.95
2021-12-15,EMBR3,20.72
2021-12-15,ENEV3,14.65
2021-12-15,ENGI11,46.04
2021-12-15,EQTL3,23.77
2021-12-15,FLRY3,19.22
2021-12-15,GGBR4,29.16
2021-12-15,GOAU4,12.04
2021-12-15,HAPV3,11.36
2021-12-15,HYPE3,29.41
2021-12-15,IGTI11,192.0
2021-12-15,IRBR3,4.34
2021-12-15,ITSA4,9.7
2021-12-15,ITUB4,21.71
2021-12-15,JBSS3,38.19
2021-12-15,KLBN11,25.7
2021-12-15,LREN3,26.99
2021-12-15,LWSA3,13.84
2021-12-15,MGLU3,6.17
2021-12-15,MRFG3,23.26
2021-12-15,MRVE3,11.83
2021-12-15,MULT3,19.89
2021-12-15,NTCO3,25.93
2021-12-15,PCAR3,23.46
2021-12-15,PETR3,30.92
2021-12-15,PETR4,29.3
2021-12-15,PETZ3,19.17
2021-12-15,POMO4,2.7
2021-12-15,PRIO3,19.9
2021-12-15,PSSA3,21.6
2021-12-15,RADL3,23.99
2021-12-15,RAIL3,18.77
2021-12-15,RAIZ4,6.2
2021-12-15,RDOR3,46.92
2021-12-15,RECV3,15.77
2021-12-15,RENT3,59.29
2021-12-15,SANB11,31.85
2021-12-15,SBSP3,39.62
2021-12-15,SLCE3,38.16
2021-12-15,SMFT3,17.33
2021-12-15,SMTO3,36.86
2021-12-15,STBP3,6.68
2021-12-15,SUZB3,58.76
2021-12-15,TAEE11,36.35
2021-12-15,TEND3,17.15
2021-12-15,TIMS3,13.11
2021-12-15,TOTS3,31.8
2021-12-15,UGPA3,15.21
2021-12-15,USIM5,15.44
2021-12-15,VALE3,77.41
2021-12-15,VAMO3,13.21
2021-12-15,VBBR3,22.5
2021-12-15,VIVA3,25.05
2021-12-15,VIVT3,48.69
2021-12-15,WEGE3,35.61
2021-12-15,YDUQ3,23.4
2021-12-16,ABEV3,16.1
2021-12-16,ASAI3,14.54
2021-12-16,AZUL4,24.85
2021-12-16,B3SA3,12.07
2021-12-16,BBAS3,31.41
2021-12-16,BBDC3,17.32
2021-12-16,BBDC4,20.39
2021-12-16,BBSE3,20.93
2021-12-16,BEEF3,9.91
2021-12-16,BPAC11,22.52
2021-12-16,BRAP4,55.78
2021-12-16,BRFS3,20.4
2021-12-16,BRKM5,55.45
2021-12-16,CCRO3,12.47
2021-12-16,CEAB3,6.41
2021-12-16,CMIG4,13.95
2021-12-16,CMIN3,6.92
2021-12-16,COGN3,2.58
2021-12-16,CPFE3,27.33
2021-12-16,CPLE3,5.99
2021-12-16,CPLE6,6.36
2021-12-16,CRFB3,15.98
2021-12-16,CSAN3,22.34
2021-12-16,CSMG3,13.15
2021-12-16,CSNA3,25.82
2021-12-16,CURY3,6.81
2021-12-16,CVCB3,15.3
2021-12-16,CXSE3,8.5
2021-12-16,CYRE3,15.5
2021-12-16,DIRR3,12.13
2021-12-16,EGIE3,39.0
2021-12-16,ELET3,33.15
2021-12-16,ELET6,33.03
2021-12-16,EMBR3,20.57
2021-12-16,ENEV3,14.28
2021-12-16,ENGI11,45.57
2021-12-16,EQTL3,23.36
2021-12-16,FLRY3,18.79
2021-12-16,GGBR4,29.83
2021-12-16,GOAU4,12.27
2021-12-16,HAPV3,11.54
2021-12-16,HYPE3,29.31
2021-12-16,IGTI11,189.89
2021-12-16,IRBR3,4.44
2021-12-16,ITSA4,9.71
2021-12-16,ITUB4,21.93
2021-12-16,JBSS3,37.66
2021-12-16,KLBN11,26.04
2021-12-16,LREN3,26.2
2021-12-16,LWSA3,13.55
2021-12-16,MGLU3,6.4
2021-12-16,MRFG3,22.93
2021-12-16,MRVE3,11.7
2021-12-16,MULT3,19.67
2021-12-16,NTCO3,26.4
2021-12-16,PCAR3,23.39
2021-12-16,PETR3,31.56
2021-12-16,PETR4,29.69
2021-12-16,PETZ3,18.67
2021-12-16,POMO4,2.73
2021-12-16,PRIO3,20.02
2021-12-16,PSSA3,21.4
2021-12-16,RADL3,24.06
2021-12-16,RAIL3,18.45
2021-12-16,RAIZ4,6.11
2021-12-16,RDOR3,45.97
2021-12-16,RECV3,16.12
2021-12-16,RENT3,59.73
2021-12-16,SANB11,32.24
2021-12-16,SBSP3,39.59
2021-12-16,SLCE3,38.35
2021-12-16,SMFT3,17.65
2021-12-16,SMTO3,35.86
2021-12-16,STBP3,6.55
2021-12-16,SUZB3,60.31
2021-12-16,TAEE11,36.58
2021-12-16,TEND3,16.85
2021-12-16,TIMS3,13.07
2021-12-16,TOTS3,30.34
2021-12-16,UGPA3,15.34
2021-12-16,USIM5,15.75
2021-12-16,VALE3,80.44
2021-12-16,VAMO3,13.06
2021-12-16,VBBR3,22.51
2021-12-16,VIVA3,24.76
2021-12-16,VIVT3,49.14
2021-12-16,WEGE3,35.6
2021-12-16,YDUQ3,23.65
2021-12-17,ABEV3,16.07
2021-12-17,ASAI3,14.46
2021-12-17,AZUL4,25.42
2021-12-17,B3SA3,12.31
2021-12-17,BBAS3,30.33
2021-12-17,BBDC3,16.84
2021-12-17,BBDC4,19.82
2021-12-17,BBSE3,20.54
2021-12-17,BEEF3,9.89
2021-12-17,BPAC11,22.74
2021-12-17,BRAP4,23.14
2021-12-17,BRFS3,21.5
2021-12-17,BRKM5,55.19
2021-12-17,CCRO3,12.15
2021-12-17,CEAB3,6.34
2021-12-17,CMIG4,14.12
2021-12-17,CMIN3,7.21
2021-12-17,COGN3,2.57
2021-12-17,CPFE3,27.77
2021-12-17,CPLE3,6.04
2021-12-17,CPLE6,6.42
2021-12-17,CRFB3,15.81
2021-12-17,CSAN3,22.14
2021-12-17,CSMG3,13.15
2021-12-17,CSNA3,25.47
2021-12-17,CURY3,7.09
2021-12-17,CVCB3,15.19
2021-12-17,CXSE3,8.3
2021-12-17,CYRE3,15.51
2021-12-17,DIRR3,12.43
2021-12-17,EGIE3,39.13
2021-12-17,ELET3,33.82
2021-12-17,ELET6,33.4
2021-12-17,EMBR3,20.4
2021-12-17,ENEV3,13.95
2021-12-17,ENGI11,45.63
2021-12-17,EQTL3,23.54
2021-12-17,FLRY3,18.48
2021-12-17,GGBR4,29.01
2021-12-17,GOAU4,11.87
2021-12-17,HAPV3,11.37
2021-12-17,HYPE3,29.46
2021-12-17,IGTI11,190.95
2021-12-17,IRBR3,4.34
2021-12-17,ITSA4,9.54
2021-12-17,ITUB4,21.45
2021-12-17,JBSS3,37.04
2021-12-17,KLBN11,26.37
2021-12-17,LREN3,26.24
2021-12-17,LWSA3,13.74
2021-12-17,MGLU3,6.66
2021-12-17,MRFG3,23.78
2021-12-17,MRVE3,11.69
2021-12-17,MULT3,19.95
2021-12-17,NTCO3,27.96
2021-12-17,PCAR3,23.25
2021-12-17,PETR3,30.79
2021-12-17,PETR4,28.99
2021-12-17,PETZ3,18.62
2021-12-17,POMO4,2.84
2021-12-17,PRIO3,20.3
2021-12-17,PSSA3,20.98
2021-12-17,RADL3,24.25
2021-12-17,RAIL3,18.24
2021-12-17,RAIZ4,5.93
2021-12-17,RDOR3,45.97
2021-12-17,RECV3,15.94
2021-12-17,RENT3,56.76
2021-12-17,SANB11,31.05
2021-12-17,SBSP3,39.97
2021-12-17,SLCE3,38.13
2021-12-17,SMFT3,17.42
2021-12-17,SMTO3,35.0
2021-12-17,STBP3,6.92
2021-12-17,SUZB3,61.51
2021-12-17,TAEE11,36.57
2021-12-17,TEND3,17.69
2021-12-17,TIMS3,13.05
2021-12-17,TOTS3,29.69
2021-12-17,UGPA3,15.19
2021-12-17,USIM5,15.54
2021-12-17,VALE3,79.17
2021-12-17,VAMO3,13.1
2021-12-17,VBBR3,22.1
2021-12-17,VIVA3,25.41
2021-12-17,VIVT3,49.25
2021-12-17,WEGE3,34.85
2021-12-17,YDUQ3,21.69
2021-12-20,ABEV3,15.42
2021-12-20,ASAI3,14.1
2021-12-20,AZUL4,24.51
2021-12-20,B3SA3,11.88
2021-12-20,BBAS3,29.42
2021-12-20,BBDC3,16.52
2021-12-20,BBDC4,19.41
2021-12-20,BBSE3,20.38
2021-12-20,BEEF3,10.01
2021-12-20,BPAC11,21.84
2021-12-20,BRAP4,22.33
2021-12-20,BRFS3,21.27
2021-12-20,BRKM5,55.45
2021-12-20,CCRO3,11.93
2021-12-20,CEAB3,6.22
2021-12-20,CMIG4,13.91
2021-12-20,CMIN3,6.73
2021-12-20,COGN3,2.52
2021-12-20,CPFE3,27.36
2021-12-20,CPLE3,5.94
2021-12-20,CPLE6,6.31
2021-12-20,CRFB3,15.51
2021-12-20,CSAN3,21.67
2021-12-20,CSMG3,13.07
2021-12-20,CSNA3,23.71
2021-12-20,CURY3,6.68
2021-12-20,CVCB3,13.86
2021-12-20,CXSE3,8.22
2021-12-20,CYRE3,15.33
2021-12-20,DIRR3,12.49
2021-12-20,EGIE3,38.86
2021-12-20,ELET3,32.78
2021-12-20,ELET6,32.36
2021-12-20,EMBR3,19.91
2021-12-20,ENEV3,14.13
2021-12-20,ENGI11,44.85
2021-12-20,EQTL3,23.12
2021-12-20,FLRY3,17.98
2021-12-20,GGBR4,27.29
2021-12-20,GOAU4,11.22
2021-12-20,HAPV3,11.25
2021-12-20,HYPE3,28.88
2021-12-20,IGTI11,180.37
2021-12-20,IRBR3,4.19
2021-12-20,ITSA4,9.45
2021-12-20,ITUB4,21.12
2021-12-20,JBSS3,37.57
2021-12-20,KLBN11,26.08
2021-12-20,LREN3,25.26
2021-12-20,LWSA3,12.76
2021-12-20,MGLU3,6.33
2021-12-20,MRFG3,23.33
2021-12-20,MRVE3,11.48
2021-12-20,MULT3,19.02
2021-12-20,NTCO3,27.33
2021-12-20,PCAR3,22.65
2021-12-20,PETR3,30.2
2021-12-20,PETR4,28.16
2021-12-20,PETZ3,17.89
2021-12-20,POMO4,2.85
2021-12-20,PRIO3,19.11
2021-12-20,PSSA3,20.82
2021-12-20,RADL3,24.15
2021-12-20,RAIL3,18.18
2021-12-20,RAIZ4,5.82
2021-12-20,RDOR3,45.2
2021-12-20,RECV3,15.67
2021-12-20,RENT3,56.0
2021-12-20,SANB11,30.69
2021-12-20,SBSP3,39.58
2021-12-20,SLCE3,37.48
2021-12-20,SMFT3,17.1
2021-12-20,SMTO3,33.92
2021-12-20,STBP3,6.52
2021-12-20,SUZB3,59.89
2021-12-20,TAEE11,36.18
2021-12-20,TEND3,17.24
2021-12-20,TIMS3,12.92
2021-12-20,TOTS3,29.17
2021-12-20,UGPA3,14.32
2021-12-20,USIM5,14.67
2021-12-20,VALE3,78.28
2021-12-20,VAMO3,12.81
2021-12-20,VBBR3,21.53
2021-12-20,VIVA3,24.91
2021-12-20,VIVT3,49.05
2021-12-20,WEGE3,34.01
2021-12-20,YDUQ3,21.34
2021-12-21,ABEV3,15.4
2021-12-21,ASAI3,14.25
2021-12-21,AZUL4,26.44
2021-12-21,B3SA3,11.37
2021-12-21,BBAS3,29.5
2021-12-21,BBDC3,16.23
2021-12-21,BBDC4,19.09
2021-12-21,BBSE3,20.52
2021-12-21,BEEF3,10.32
2021-12-21,BPAC11,21.4
2021-12-21,BRAP4,23.57
2021-12-21,BRFS3,22.08
2021-12-21,BRKM5,56.05
2021-12-21,CCRO3,12.13
2021-12-21,CEAB3,6.15
2021-12-21,CMIG4,13.81
2021-12-21,CMIN3,6.92
2021-12-21,COGN3,2.54
2021-12-21,CPFE3,27.17
2021-12-21,CPLE3,5.83
2021-12-21,CPLE6,6.27
2021-12-21,CRFB3,15.32
2021-12-21,CSAN3,21.34
2021-12-21,CSMG3,13.03
2021-12-21,CSNA3,24.84
2021-12-21,CURY3,6.54
2021-12-21,CVCB3,14.16
2021-12-21,CXSE3,8.2
2021-12-21,CYRE3,15.17
2021-12-21,DIRR3,12.43
2021-12-21,EGIE3,38.67
2021-12-21,ELET3,32.94
2021-12-21,ELET6,32.43
2021-12-21,EMBR3,23.1
2021-12-21,ENEV3,14.46
2021-12-21,ENGI11,44.11
2021-12-21,EQTL3,22.9
2021-12-21,FLRY3,17.69
2021-12-21,GGBR4,27.74
2021-12-21,GOAU4,11.38
2021-12-21,HAPV3,11.42
2021-12-21,HYPE3,28.7
2021-12-21,IGTI11,181.04
2021-12-21,IRBR3,4.06
2021-12-21,ITSA4,8.94
2021-12-21,ITUB4,21.15
2021-12-21,JBSS3,37.77
2021-12-21,KLBN11,26.14
2021-12-21,LREN3,24.69
2021-12-21,LWSA3,13.59
2021-12-21,MGLU3,6.42
2021-12-21,MRFG3,23.39
2021-12-21,MRVE3,11.41
2021-12-21,MULT3,18.88
2021-12-21,NTCO3,26.85
2021-12-21,PCAR3,22.62
2021-12-21,PETR3,30.34
2021-12-21,PETR4,28.2
2021-12-21,PETZ3,17.53
2021-12-21,POMO4,2.87
2021-12-21,PRIO3,19.63
2021-12-21,PSSA3,20.71
2021-12-21,RADL3,24.19
2021-12-21,RAIL3,18.06
2021-12-21,RAIZ4,5.75
2021-12-21,RDOR3,45.32
2021-12-21,RECV3,16.05
2021-12-21,RENT3,55.9
2021-12-21,SANB11,30.42
2021-12-21,SBSP3,40.0
2021-12-21,SLCE3,39.05
2021-12-21,SMFT3,17.57
2021-12-21,SMTO3,34.05
2021-12-21,STBP3,6.55
2021-12-21,SUZB3,59.99
2021-12-21,TAEE11,36.22
2021-12-21,TEND3,16.99
2021-12-21,TIMS3,12.83
2021-12-21,TOTS3,29.12
2021-12-21,UGPA3,14.21
2021-12-21,USIM5,15.12
2021-12-21,VALE3,80.34
2021-12-21,VAMO3,12.59
2021-12-21,VBBR3,21.35
2021-12-21,VIVA3,24.85
2021-12-21,VIVT3,49.25
2021-12-21,WEGE3,33.92
2021-12-21,YDUQ3,21.04
2021-12-22,ABEV3,15.39
2021-12-22,ASAI3,14.16
2021-12-22,AZUL4,26.8
2021-12-22,B3SA3,11.5
2021-12-22,BBAS3,29.33
2021-12-22,BBDC3,16.27
2021-12-22,BBDC4,19.18
2021-12-22,BBSE3,20.51
2021-12-22,BEEF3,10.37
2021-12-22,BPAC11,21.95
2021-12-22,BRAP4,23.83
2021-12-22,BRFS3,22.18
2021-12-22,BRKM5,56.6
2021-12-22,CCRO3,12.0
2021-12-22,CEAB3,5.95
2021-12-22,CMIG4,13.16
2021-12-22,CMIN3,6.63
2021-12-22,COGN3,2.46
2021-12-22,CPFE3,27.12
2021-12-22,CPLE3,5.94
2021-12-22,CPLE6,6.32
2021-12-22,CRFB3,15.3
2021-12-22,CSAN3,21.4
2021-12-22,CSMG3,12.87
2021-12-22,CSNA3,24.76
2021-12-22,CURY3,6.65
2021-12-22,CVCB3,14.15
2021-12-22,CXSE3,8.17
2021-12-22,CYRE3,15.14
2021-12-22,DIRR3,12.55
2021-12-22,EGIE3,38.67
2021-12-22,ELET3,33.68
2021-12-22,ELET6,33.04
2021-12-22,EMBR3,23.6
2021-12-22,ENEV3,14.38
2021-12-22,ENGI11,44.33
2021-12-22,EQTL3,22.87
2021-12-22,FLRY3,17.44
2021-12-22,GGBR4,27.48
2021-12-22,GOAU4,11.35
2021-12-22,HAPV3,11.05
2021-12-22,HYPE3,28.42
2021-12-22,IGTI11,180.51
2021-12-22,IRBR3,4.02
2021-12-22,ITSA4,8.97
2021-12-22,ITUB4,21.23
2021-12-22,JBSS3,37.26
2021-12-22,KLBN11,26.18
2021-12-22,LREN3,24.6
2021-12-22,LWSA3,13.5
2021-12-22,MGLU3,6.16
2021-12-22,MRFG3,21.82
2021-12-22,MRVE3,11.4
2021-12-22,MULT3,18.89
2021-12-22,NTCO3,25.77
2021-12-22,PCAR3,22.14
2021-12-22,PETR3,30.22
2021-12-22,PETR4,28.16
2021-12-22,PETZ3,17.33
2021-12-22,POMO4,2.85
2021-12-22,PRIO3,19.87
2021-12-22,PSSA3,20.6
2021-12-22,RADL3,24.08
2021-12-22,RAIL3,18.0
2021-12-22,RAIZ4,5.67
2021-12-22,RDOR3,42.75
2021-12-22,RECV3,16.37
2021-12-22,RENT3,55.64
2021-12-22,SANB11,30.34
2021-12-22,SBSP3,40.15
2021-12-22,SLCE3,41.36
2021-12-22,SMFT3,17.0
2021-12-22,SMTO3,34.16
2021-12-22,STBP3,6.39
2021-12-22,SUZB3,59.63
2021-12-22,TAEE11,36.33
2021-12-22,TEND3,16.44
2021-12-22,TIMS3,12.88
2021-12-22,TOTS3,29.27
2021-12-22,UGPA3,14.27
2021-12-22,USIM5,14.9
2021-12-22,VALE3,79.92
2021-12-22,VAMO3,12.4
2021-12-22,VBBR3,21.26
2021-12-22,VIVA3,24.64
2021-12-22,VIVT3,49.88
2021-12-22,WEGE3,33.67
2021-12-22,YDUQ3,20.68
2021-12-23,ABEV3,15.55
2021-12-23,ASAI3,14.09
2021-12-23,AZUL4,26.46
2021-12-23,B3SA3,11.38
2021-12-23,BBAS3,29.22
2021-12-23,BBDC3,16.25
2021-12-23,BBDC4,19.24
2021-12-23,BBSE3,20.62
2021-12-23,BEEF3,10.53
2021-12-23,BPAC11,21.45
2021-12-23,BRAP4,24.01
2021-12-23,BRFS3,22.62
2021-12-23,BRKM5,57.24
2021-12-23,CCRO3,11.92
2021-12-23,CEAB3,5.95
2021-12-23,CMIG4,13.08
2021-12-23,CMIN3,6.63
2021-12-23,COGN3,2.41
2021-12-23,CPFE3,26.83
2021-12-23,CPLE3,5.88
2021-12-23,CPLE6,6.32
2021-12-23,CRFB3,15.39
2021-12-23,CSAN3,21.15
2021-12-23,CSMG3,12.75
2021-12-23,CSNA3,24.65
2021-12-23,CURY3,6.63
2021-12-23,CVCB3,13.78
2021-12-23,CXSE3,8.08
2021-12-23,CYRE3,15.11
2021-12-23,DIRR3,12.58
2021-12-23,EGIE3,38.6
2021-12-23,ELET3,33.25
2021-12-23,ELET6,32.66
2021-12-23,EMBR3,24.35
2021-12-23,ENEV3,14.05
2021-12-23,ENGI11,44.14
2021-12-23,EQTL3,22.65
2021-12-23,FLRY3,17.39
2021-12-23,GGBR4,26.95
2021-12-23,GOAU4,11.24
2021-12-23,HAPV3,10.59
2021-12-23,HYPE3,28.38
2021-12-23,IGTI11,183.0
2021-12-23,IRBR3,3.91
2021-12-23,ITSA4,8.99
2021-12-23,ITUB4,21.34
2021-12-23,JBSS3,37.72
2021-12-23,KLBN11,26.01
2021-12-23,LREN3,24.17
2021-12-23,LWSA3,13.48
2021-12-23,MGLU3,6.2
2021-12-23,MRFG3,22.73
2021-12-23,MRVE3,11.38
2021-12-23,MULT3,18.81
2021-12-23,NTCO3,25.68
2021-12-23,PCAR3,22.19
2021-12-23,PETR3,30.44
2021-12-23,PETR4,28.33
2021-12-23,PETZ3,16.83
2021-12-23,POMO4,2.83
2021-12-23,PRIO3,19.7
2021-12-23,PSSA3,20.9
2021-12-23,RADL3,24.1
2021-12-23,RAIL3,17.67
2021-12-23,RAIZ4,5.72
2021-12-23,RDOR3,42.66
2021-12-23,RECV3,16.32
2021-12-23,RENT3,54.75
2021-12-23,SANB11,30.46
2021-12-23,SBSP3,39.89
2021-12-23,SLCE3,41.07
2021-12-23,SMFT3,16.62
2021-12-23,SMTO3,33.9
2021-12-23,STBP3,6.29
2021-12-23,SUZB3,60.19
2021-12-23,TAEE11,36.2
2021-12-23,TEND3,16.4
2021-12-23,TIMS3,12.87
2021-12-23,TOTS3,28.74
2021-12-23,UGPA3,14.27
2021-12-23,USIM5,14.86
2021-12-23,VALE3,79.15
2021-12-23,VAMO3,12.18
2021-12-23,VBBR3,21.04
2021-12-23,VIVA3,24.28
2021-12-23,VIVT3,49.87
2021-12-23,WEGE3,33.47
2021-12-23,YDUQ3,20.33
2021-12-27,ABEV3,15.53
2021-12-27,ASAI3,13.64
2021-12-27,AZUL4,25.67
2021-12-27,B3SA3,11.31
2021-12-27,BBAS3,29.28
2021-12-27,BBDC3,16.42
2021-12-27,BBDC4,19.46
2021-12-27,BBSE3,20.75
2021-12-27,BEEF3,10.43
2021-12-27,BPAC11,21.46
2021-12-27,BRAP4,24.65
2021-12-27,BRFS3,22.23
2021-12-27,BRKM5,57.37
2021-12-27,CCRO3,11.88
2021-12-27,CEAB3,6.07
2021-12-27,CMIG4,13.16
2021-12-27,CMIN3,6.69
2021-12-27,COGN3,2.4
2021-12-27,CPFE3,26.85
2021-12-27,CPLE3,5.97
2021-12-27,CPLE6,6.42
2021-12-27,CRFB3,15.47
2021-12-27,CSAN3,21.41
2021-12-27,CSMG3,12.87
2021-12-27,CSNA3,24.92
2021-12-27,CURY3,6.74
2021-12-27,CVCB3,13.75
2021-12-27,CXSE3,8.12
2021-12-27,CYRE3,15.37
2021-12-27,DIRR3,12.7
2021-12-27,EGIE3,38.65
2021-12-27,ELET3,33.23
2021-12-27,ELET6,32.85
2021-12-27,EMBR3,24.44
2021-12-27,ENEV3,14.22
2021-12-27,ENGI11,44.4
2021-12-27,EQTL3,22.81
2021-12-27,FLRY3,17.59
2021-12-27,GGBR4,27.2
2021-12-27,GOAU4,11.3
2021-12-27,HAPV3,10.59
2021-12-27,HYPE3,28.68
2021-12-27,IGTI11,18.27
2021-12-27,IRBR3,4.02
2021-12-27,ITSA4,9.09
2021-12-27,ITUB4,21.56
2021-12-27,JBSS3,37.47
2021-12-27,KLBN11,26.06
2021-12-27,LREN3,24.37
2021-12-27,LWSA3,13.21
2021-12-27,MGLU3,6.78
2021-12-27,MRFG3,22.27
2021-12-27,MRVE3,11.65
2021-12-27,MULT3,18.89
2021-12-27,NTCO3,25.38
2021-12-27,PCAR3,22.16
2021-12-27,PETR3,31.04
2021-12-27,PETR4,28.75
2021-12-27,PETZ3,16.9
2021-12-27,POMO4,2.92
2021-12-27,PRIO3,20.66
2021-12-27,PSSA3,21.0
2021-12-27,RADL3,24.07
2021-12-27,RAIL3,17.8
2021-12-27,RAIZ4,5.92
2021-12-27,RDOR3,44.72
2021-12-27,RECV3,17.35
2021-12-27,RENT3,55.05
2021-12-27,SANB11,30.74
2021-12-27,SBSP3,40.05
2021-12-27,SLCE3,42.33
2021-12-27,SMFT3,16.6
2021-12-27,SMTO3,34.05
2021-12-27,STBP3,6.4
2021-12-27,SUZB3,60.34
2021-12-27,TAEE11,36.31
2021-12-27,TEND3,16.43
2021-12-27,TIMS3,12.89
2021-12-27,TOTS3,28.81
2021-12-27,UGPA3,14.56
2021-12-27,USIM5,15.04
2021-12-27,VALE3,78.95
2021-12-27,VAMO3,12.1
2021-12-27,VBBR3,21.31
2021-12-27,VIVA3,24.72
2021-12-27,VIVT3,49.57
2021-12-27,WEGE3,33.17
2021-12-27,YDUQ3,20.07
2021-12-28,ABEV3,15.52
2021-12-28,ASAI3,13.1
2021-12-28,AZUL4,25.75
2021-12-28,B3SA3,11.16
2021-12-28,BBAS3,29.11
2021-12-28,BBDC3,16.41
2021-12-28,BBDC4,19.39
2021-12-28,BBSE3,20.79
2021-12-28,BEEF3,10.55
2021-12-28,BPAC11,20.86
2021-12-28,BRAP4,24.5
2021-12-28,BRFS3,22.59
2021-12-28,BRKM5,57.29
2021-12-28,CCRO3,11.78
2021-12-28,CEAB3,6.24
2021-12-28,CMIG4,13.21
2021-12-28,CMIN3,6.52
2021-12-28,COGN3,2.41
2021-12-28,CPFE3,26.69
2021-12-28,CPLE3,5.97
2021-12-28,CPLE6,6.4
2021-12-28,CRFB3,15.21
2021-12-28,CSAN3,21.45
2021-12-28,CSMG3,12.53
2021-12-28,CSNA3,24.95
2021-12-28,CURY3,6.94
2021-12-28,CVCB3,14.18
2021-12-28,CXSE3,8.15
2021-12-28,CYRE3,15.38
2021-12-28,DIRR3,12.68
2021-12-28,EGIE3,38.8
2021-12-28,ELET3,33.4
2021-12-28,ELET6,32.87
2021-12-28,EMBR3,24.49
2021-12-28,ENEV3,14.19
2021-12-28,ENGI11,44.6
2021-12-28,EQTL3,22.82
2021-12-28,FLRY3,17.76
2021-12-28,GGBR4,27.09
2021-12-28,GOAU4,11.25
2021-12-28,HAPV3,10.31
2021-12-28,HYPE3,29.05
2021-12-28,IGTI11,18.77
2021-12-28,IRBR3,4.05
2021-12-28,ITSA4,9.08
2021-12-28,ITUB4,21.48
2021-12-28,JBSS3,37.89
2021-12-28,KLBN11,25.78
2021-12-28,LREN3,24.46
2021-12-28,LWSA3,12.9
2021-12-28,MGLU3,6.83
2021-12-28,MRFG3,22.78
2021-12-28,MRVE3,11.79
2021-12-28,MULT3,19.18
2021-12-28,NTCO3,25.4
2021-12-28,PCAR3,22.58
2021-12-28,PETR3,31.06
2021-12-28,PETR4,28.78
2021-12-28,PETZ3,16.63
2021-12-28,POMO4,2.95
2021-12-28,PRIO3,20.05
2021-12-28,PSSA3,20.88
2021-12-28,RADL3,23.71
2021-12-28,RAIL3,17.53
2021-12-28,RAIZ4,6.05
2021-12-28,RDOR3,45.84
2021-12-28,RECV3,17.94
2021-12-28,RENT3,53.55
2021-12-28,SANB11,30.79
2021-12-28,SBSP3,40.04
2021-12-28,SLCE3,43.55
2021-12-28,SMFT3,17.0
2021-12-28,SMTO3,34.35
2021-12-28,STBP3,6.34
2021-12-28,SUZB3,59.66
2021-12-28,TAEE11,36.29
2021-12-28,TEND3,16.77
2021-12-28,TIMS3,12.76
2021-12-28,TOTS3,28.32
2021-12-28,UGPA3,14.61
2021-12-28,USIM5,14.75
2021-12-28,VALE3,76.8
2021-12-28,VAMO3,11.82
2021-12-28,VBBR3,21.47
2021-12-28,VIVA3,24.75
2021-12-28,VIVT3,47.98
2021-12-28,WEGE3,33.29
2021-12-28,YDUQ3,20.86
2021-12-29,ABEV3,15.45
2021-12-29,ASAI3,12.84
2021-12-29,AZUL4,23.86
2021-12-29,B3SA3,11.08
2021-12-29,BBAS3,28.96
2021-12-29,BBDC3,16.29
2021-12-29,BBDC4,19.3
2021-12-29,BBSE3,20.67
2021-12-29,BEEF3,10.62
2021-12-29,BPAC11,20.7
2021-12-29,BRAP4,24.49
2021-12-29,BRFS3,22.36
2021-12-29,BRKM5,57.29
2021-12-29,CCRO3,11.59
2021-12-29,CEAB3,6.07
2021-12-29,CMIG4,13.04
2021-12-29,CMIN3,6.58
2021-12-29,COGN3,2.39
2021-12-29,CPFE3,26.43
2021-12-29,CPLE3,6.01
2021-12-29,CPLE6,6.4
2021-12-29,CRFB3,14.92
2021-12-29,CSAN3,21.46
2021-12-29,CSMG3,12.49
2021-12-29,CSNA3,25.04
2021-12-29,CURY3,6.94
2021-12-29,CVCB3,13.14
2021-12-29,CXSE3,8.08
2021-12-29,CYRE3,15.41
2021-12-29,DIRR3,12.43
2021-12-29,EGIE3,38.59
2021-12-29,ELET3,33.0
2021-12-29,ELET6,32.57
2021-12-29,EMBR3,24.42
2021-12-29,ENEV3,14.09
2021-12-29,ENGI11,43.81
2021-12-29,EQTL3,22.46
2021-12-29,FLRY3,17.65
2021-12-29,GGBR4,27.13
2021-12-29,GOAU4,11.26
2021-12-29,HAPV3,10.09
2021-12-29,HYPE3,27.96
2021-12-29,IGTI11,18.18
2021-12-29,IRBR3,3.93
2021-12-29,ITSA4,9.03
2021-12-29,ITUB4,21.3
2021-12-29,JBSS3,38.05
2021-12-29,KLBN11,25.65
2021-12-29,LREN3,23.9
2021-12-29,LWSA3,12.51
2021-12-29,MGLU3,6.76
2021-12-29,MRFG3,22.92
2021-12-29,MRVE3,11.74
2021-12-29,MULT3,18.41
2021-12-29,NTCO3,24.97
2021-12-29,PCAR3,21.8
2021-12-29,PETR3,30.95
2021-12-29,PETR4,28.54
2021-12-29,PETZ3,16.4
2021-12-29,POMO4,2.96
2021-12-29,PRIO3,20.05
2021-12-29,PSSA3,20.87
2021-12-29,RADL3,23.78
2021-12-29,RAIL3,17.5
2021-12-29,RAIZ4,6.01
2021-12-29,RDOR3,44.35
2021-12-29,RECV3,17.39
2021-12-29,RENT3,52.1
2021-12-29,SANB11,30.39
2021-12-29,SBSP3,39.85
2021-12-29,SLCE3,44.35
2021-12-29,SMFT3,16.37
2021-12-29,SMTO3,34.23
2021-12-29,STBP3,6.19
2021-12-29,SUZB3,59.04
2021-12-29,TAEE11,36.2
2021-12-29,TEND3,16.73
2021-12-29,TIMS3,12.89
2021-12-29,TOTS3,27.89
2021-12-29,UGPA3,14.4
2021-12-29,USIM5,14.8
2021-12-29,VALE3,77.25
2021-12-29,VAMO3,11.39
2021-12-29,VBBR3,21.1
2021-12-29,VIVA3,24.55
2021-12-29,VIVT3,48.27
2021-12-29,WEGE3,32.74
2021-12-29,YDUQ3,20.32
2021-12-30,ABEV3,15.42
2021-12-30,ASAI3,12.96
2021-12-30,AZUL4,24.36
2021-12-30,B3SA3,11.14
2021-12-30,BBAS3,28.85
2021-12-30,BBDC3,16.19
2021-12-30,BBDC4,19.21
2021-12-30,BBSE3,20.75
2021-12-30,BEEF3,10.6
2021-12-30,BPAC11,21.0
2021-12-30,BRAP4,24.99
2021-12-30,BRFS3,22.52
2021-12-30,BRKM5,57.63
2021-12-30,CCRO3,11.59
2021-12-30,CEAB3,6.15
2021-12-30,CMIG4,13.11
2021-12-30,CMIN3,6.74
2021-12-30,COGN3,2.46
2021-12-30,CPFE3,26.83
2021-12-30,CPLE3,6.12
2021-12-30,CPLE6,6.44
2021-12-30,CRFB3,15.25
2021-12-30,CSAN3,21.69
2021-12-30,CSMG3,12.71
2021-12-30,CSNA3,24.99
2021-12-30,CURY3,7.0
2021-12-30,CVCB3,13.42
2021-12-30,CXSE3,8.36
2021-12-30,CYRE3,15.78
2021-12-30,DIRR3,12.71
2021-12-30,EGIE3,38.41
2021-12-30,ELET3,33.41
2021-12-30,ELET6,33.01
2021-12-30,EMBR3,24.82
2021-12-30,ENEV3,14.15
2021-12-30,ENGI11,44.37
2021-12-30,EQTL3,22.61
2021-12-30,FLRY3,17.99
2021-12-30,GGBR4,27.26
2021-12-30,GOAU4,11.38
2021-12-30,HAPV3,10.38
2021-12-30,HYPE3,28.27
2021-12-30,IGTI11,18.07
2021-12-30,IRBR3,4.02
2021-12-30,ITSA4,8.93
2021-12-30,ITUB4,20.95
2021-12-30,JBSS3,37.95
2021-12-30,KLBN11,25.66
2021-12-30,LREN3,24.44
2021-12-30,LWSA3,13.16
2021-12-30,MGLU3,7.22
2021-12-30,MRFG3,22.07
2021-12-30,MRVE3,12.0
2021-12-30,MULT3,18.72
2021-12-30,NTCO3,25.43
2021-12-30,PCAR3,21.73
2021-12-30,PETR3,30.7
2021-12-30,PETR4,28.45
2021-12-30,PETZ3,16.37
2021-12-30,POMO4,3.05
2021-12-30,PRIO3,20.67
2021-12-30,PSSA3,20.92
2021-12-30,RADL3,24.3
2021-12-30,RAIL3,17.76
2021-12-30,RAIZ4,6.45
2021-12-30,RDOR3,44.83
2021-12-30,RECV3,18.7
2021-12-30,RENT3,53.0
2021-12-30,SANB11,29.98
2021-12-30,SBSP3,40.18
2021-12-30,SLCE3,45.03
2021-12-30,SMFT3,16.0
2021-12-30,SMTO3,34.44
2021-12-30,STBP3,6.43
2021-12-30,SUZB3,60.11
2021-12-30,TAEE11,36.37
2021-12-30,TEND3,16.71
2021-12-30,TIMS3,13.15
2021-12-30,TOTS3,28.64
2021-12-30,UGPA3,14.54
2021-12-30,USIM5,15.16
2021-12-30,VALE3,77.96
2021-12-30,VAMO3,11.98
2021-12-30,VBBR3,21.4
2021-12-30,VIVA3,25.44
2021-12-30,VIVT3,48.19
2021-12-30,WEGE3,32.98
2021-12-30,YDUQ3,20.56
