data,ticker,fechamento
2022-01-03,ABEV3,15.33
2022-01-03,ASAI3,12.72
2022-01-03,B3SA3,10.72
2022-01-03,BBAS3,28.82
2022-01-03,BBDC3,16.55
2022-01-03,BBDC4,19.69
2022-01-03,BBSE3,20.6
2022-01-03,BEEF3,10.44
2022-01-03,BPAC11,20.18
2022-01-03,BRAP4,24.65
2022-01-03,CCRO3,11.44
2022-01-03,CEAB3,5.91
2022-01-03,CMIG4,12.88
2022-01-03,CMIN3,7.05
2022-01-03,COGN3,2.39
2022-01-03,CPFE3,25.88
2022-01-03,CPLE3,5.97
2022-01-03,CSAN3,21.17
2022-01-03,CSMG3,12.16
2022-01-03,CSNA3,24.51
2022-01-03,CURY3,6.67
2022-01-03,CXSE3,8.07
2022-01-03,CYRE3,14.52
2022-01-03,DIRR3,12.15
2022-01-03,EGIE3,38.04
2022-01-03,ELET3,32.63
2022-01-03,EMBR3,25.24
2022-01-03,ENEV3,13.44
2022-01-03,ENGI11,40.38
2022-01-03,EQTL3,22.07
2022-01-03,FLRY3,16.92
2022-01-03,GGBR4,27.26
2022-01-03,GOAU4,11.29
2022-01-03,HAPV3,10.05
2022-01-03,HYPE3,27.45
2022-01-03,IGTI11,17.02
2022-01-03,ITSA4,9.02
2022-01-03,ITUB4,21.51
2022-01-03,KLBN11,25.52
2022-01-03,LREN3,23.08
2022-01-03,MGLU3,6.72
2022-01-03,MRFG3,21.27
2022-01-03,MRVE3,11.31
2022-01-03,MULT3,17.45
2022-01-03,NTCO3,25.9
2022-01-03,PETR3,31.52
2022-01-03,PETR4,29.09
2022-01-03,POMO4,2.96
2022-01-03,PRIO3,20.29
2022-01-03,PSSA3,20.08
2022-01-03,RADL3,23.25
2022-01-03,RAIL3,17.39
2022-01-03,RDOR3,43.98
2022-01-03,RENT3,50.89
2022-01-03,SANB11,30.74
2022-01-03,SBSP3,39.95
2022-01-03,SMFT3,15.84
2022-01-03,SUZB3,59.59
2022-01-03,TAEE11,36.3
2022-01-03,TEND3,15.82
2022-01-03,TIMS3,12.63
2022-01-03,TOTS3,27.5
2022-01-03,UGPA3,14.12
2022-01-03,USIM5,14.97
2022-01-03,VALE3,78.0
2022-01-03,VAMO3,11.33
2022-01-03,VBBR3,20.35
2022-01-03,VIVA3,24.27
2022-01-03,VIVT3,47.81
2022-01-03,WEGE3,32.02
2022-01-03,YDUQ3,20.0
2022-01-04,ABEV3,15.31
2022-01-04,ASAI3,12.72
2022-01-04,B3SA3,10.95
2022-01-04,BBAS3,28.85
2022-01-04,BBDC3,16.61
2022-01-04,BBDC4,19.8
2022-01-04,BBSE3,20.55
2022-01-04,BEEF3,10.19
2022-01-04,BPAC11,19.81
2022-01-04,BRAP4,24.88
2022-01-04,CCRO3,11.43
2022-01-04,CEAB3,5.52
2022-01-04,CMIG4,12.87
2022-01-04,CMIN3,7.55
2022-01-04,COGN3,2.29
2022-01-04,CPFE3,25.8
2022-01-04,CPLE3,5.9
2022-01-04,CSAN3,21.3
2022-01-04,CSMG3,12.15
2022-01-04,CSNA3,24.14
2022-01-04,CURY3,6.57
2022-01-04,CXSE3,8.01
2022-01-04,CYRE3,14.26
2022-01-04,DIRR3,11.72
2022-01-04,EGIE3,38.14
2022-01-04,ELET3,31.93
2022-01-04,EMBR3,25.22
2022-01-04,ENEV3,12.91
2022-01-04,ENGI11,40.16
2022-01-04,EQTL3,21.87
2022-01-04,FLRY3,16.34
2022-01-04,GGBR4,27.64
2022-01-04,GOAU4,11.52
2022-01-04,HAPV3,9.91
2022-01-04,HYPE3,27.3
2022-01-04,IGTI11,16.72
2022-01-04,ITSA4,9.09
2022-01-04,ITUB4,22.12
2022-01-04,KLBN11,26.17
2022-01-04,LREN3,22.8
2022-01-04,MGLU3,6.61
2022-01-04,MRFG3,21.51
2022-01-04,MRVE3,10.95
2022-01-04,MULT3,17.37
2022-01-04,NTCO3,24.23
2022-01-04,PETR3,31.92
2022-01-04,PETR4,29.2
2022-01-04,POMO4,2.93
2022-01-04,PRIO3,20.72
2022-01-04,PSSA3,19.85
2022-01-04,RADL3,23.35
2022-01-04,RAIL3,17.37
2022-01-04,RDOR3,42.9
2022-01-04,RENT3,51.18
2022-01-04,SANB11,31.19
2022-01-04,SBSP3,38.85
2022-01-04,SMFT3,15.11
2022-01-04,SUZB3,60.89
2022-01-04,TAEE11,36.6
2022-01-04,TEND3,15.52
2022-01-04,TIMS3,12.82
2022-01-04,TOTS3,26.39
2022-01-04,UGPA3,13.59
2022-01-04,USIM5,14.85
2022-01-04,VALE3,77.08
2022-01-04,VAMO3,10.83
2022-01-04,VBBR3,20.23
2022-01-04,VIVA3,23.23
2022-01-04,VIVT3,47.81
2022-01-04,WEGE3,31.86
2022-01-04,YDUQ3,19.67
2022-01-05,ABEV3,15.01
2022-01-05,ASAI3,11.99
2022-01-05,B3SA3,10.72
2022-01-05,BBAS3,28.37
2022-01-05,BBDC3,16.5
2022-01-05,BBDC4,19.66
2022-01-05,BBSE3,20.3
2022-01-05,BEEF3,10.07
2022-01-05,BPAC11,18.78
2022-01-05,BRAP4,24.94
2022-01-05,CCRO3,11.26
2022-01-05,CEAB3,5.33
2022-01-05,CMIG4,12.46
2022-01-05,CMIN3,6.96
2022-01-05,COGN3,2.14
2022-01-05,CPFE3,25.39
2022-01-05,CPLE3,5.75
2022-01-05,CSAN3,20.24
2022-01-05,CSMG3,11.93
2022-01-05,CSNA3,23.44
2022-01-05,CURY3,6.06
2022-01-05,CXSE3,7.85
2022-01-05,CYRE3,13.89
2022-01-05,DIRR3,10.93
2022-01-05,EGIE3,37.6
2022-01-05,ELET3,31.8
2022-01-05,EMBR3,23.72
2022-01-05,ENEV3,12.4
2022-01-05,ENGI11,39.93
2022-01-05,EQTL3,21.58
2022-01-05,FLRY3,15.89
2022-01-05,GGBR4,27.18
2022-01-05,GOAU4,11.29
2022-01-05,HAPV3,9.36
2022-01-05,HYPE3,26.81
2022-01-05,IGTI11,15.42
2022-01-05,ITSA4,8.99
2022-01-05,ITUB4,21.7
2022-01-05,KLBN11,25.68
2022-01-05,LREN3,21.69
2022-01-05,MGLU3,6.42
2022-01-05,MRFG3,21.34
2022-01-05,MRVE3,10.52
2022-01-05,MULT3,16.68
2022-01-05,NTCO3,23.11
2022-01-05,PETR3,30.61
2022-01-05,PETR4,28.07
2022-01-05,POMO4,2.92
2022-01-05,PRIO3,18.49
2022-01-05,PSSA3,19.29
2022-01-05,RADL3,22.27
2022-01-05,RAIL3,16.61
2022-01-05,RDOR3,40.0
2022-01-05,RENT3,49.7
2022-01-05,SANB11,30.82
2022-01-05,SBSP3,37.18
2022-01-05,SMFT3,14.25
2022-01-05,SUZB3,60.2
2022-01-05,TAEE11,36.21
2022-01-05,TEND3,14.97
2022-01-05,TIMS3,12.7
2022-01-05,TOTS3,25.22
2022-01-05,UGPA3,13.23
2022-01-05,USIM5,13.99
2022-01-05,VALE3,77.81
2022-01-05,VAMO3,10.0
2022-01-05,VBBR3,19.34
2022-01-05,VIVA3,21.88
2022-01-05,VIVT3,47.75
2022-01-05,WEGE3,30.18
2022-01-05,YDUQ3,18.91
2022-01-06,ABEV3,14.77
2022-01-06,ASAI3,11.59
2022-01-06,B3SA3,10.98
2022-01-06,BBAS3,28.6
2022-01-06,BBDC3,16.68
2022-01-06,BBDC4,19.94
2022-01-06,BBSE3,20.44
2022-01-06,BEEF3,10.06
2022-01-06,BPAC11,18.53
2022-01-06,BRAP4,25.65
2022-01-06,CCRO3,11.01
2022-01-06,CEAB3,5.17
2022-01-06,CMIG4,12.19
2022-01-06,CMIN3,6.82
2022-01-06,COGN3,2.09
2022-01-06,CPFE3,24.79
2022-01-06,CPLE3,5.74
2022-01-06,CSAN3,19.77
2022-01-06,CSMG3,11.58
2022-01-06,CSNA3,23.14
2022-01-06,CURY3,6.15
2022-01-06,CXSE3,7.9
2022-01-06,CYRE3,13.77
2022-01-06,DIRR3,10.69
2022-01-06,EGIE3,37.3
2022-01-06,ELET3,31.75
2022-01-06,EMBR3,23.87
2022-01-06,ENEV3,12.21
2022-01-06,ENGI11,39.63
2022-01-06,EQTL3,21.4
2022-01-06,FLRY3,16.42
2022-01-06,GGBR4,27.19
2022-01-06,GOAU4,11.26
2022-01-06,HAPV3,9.71
2022-01-06,HYPE3,27.09
2022-01-06,IGTI11,15.03
2022-01-06,ITSA4,9.07
2022-01-06,ITUB4,22.14
2022-01-06,KLBN11,25.82
2022-01-06,LREN3,22.8
2022-01-06,MGLU3,6.25
2022-01-06,MRFG3,21.34
2022-01-06,MRVE3,10.53
2022-01-06,MULT3,16.69
2022-01-06,NTCO3,22.85
2022-01-06,PETR3,30.58
2022-01-06,PETR4,28.05
2022-01-06,POMO4,2.9
2022-01-06,PRIO3,18.96
2022-01-06,PSSA3,19.1
2022-01-06,RADL3,21.8
2022-01-06,RAIL3,16.1
2022-01-06,RDOR3,40.43
2022-01-06,RENT3,49.89
2022-01-06,SANB11,31.23
2022-01-06,SBSP3,36.21
2022-01-06,SMFT3,14.96
2022-01-06,SUZB3,59.72
2022-01-06,TAEE11,36.14
2022-01-06,TEND3,14.67
2022-01-06,TIMS3,12.61
2022-01-06,TOTS3,26.0
2022-01-06,UGPA3,13.04
2022-01-06,USIM5,14.01
2022-01-06,VALE3,79.38
2022-01-06,VAMO3,10.49
2022-01-06,VBBR3,19.21
2022-01-06,VIVA3,22.14
2022-01-06,VIVT3,46.98
2022-01-06,WEGE3,30.17
2022-01-06,YDUQ3,18.89
2022-01-07,ABEV3,14.53
2022-01-07,ASAI3,11.36
2022-01-07,B3SA3,11.24
2022-01-07,BBAS3,28.63
2022-01-07,BBDC3,16.75
2022-01-07,BBDC4,20.23
2022-01-07,BBSE3,19.8
2022-01-07,BEEF3,9.92
2022-01-07,BPAC11,18.63
2022-01-07,BRAP4,26.66
2022-01-07,CCRO3,11.26
2022-01-07,CEAB3,5.17
2022-01-07,CMIG4,12.26
2022-01-07,CMIN3,6.98
2022-01-07,COGN3,2.07
2022-01-07,CPFE3,25.34
2022-01-07,CPLE3,5.63
2022-01-07,CSAN3,19.81
2022-01-07,CSMG3,11.59
2022-01-07,CSNA3,24.12
2022-01-07,CURY3,6.09
2022-01-07,CXSE3,7.99
2022-01-07,CYRE3,13.96
2022-01-07,DIRR3,10.64
2022-01-07,EGIE3,37.35
2022-01-07,ELET3,30.36
2022-01-07,EMBR3,24.07
2022-01-07,ENEV3,11.93
2022-01-07,ENGI11,39.33
2022-01-07,EQTL3,21.35
2022-01-07,FLRY3,16.58
2022-01-07,GGBR4,27.43
2022-01-07,GOAU4,11.43
2022-01-07,HAPV3,9.92
2022-01-07,HYPE3,27.29
2022-01-07,IGTI11,15.18
2022-01-07,ITSA4,9.18
2022-01-07,ITUB4,22.63
2022-01-07,KLBN11,25.22
2022-01-07,LREN3,22.99
2022-01-07,MGLU3,6.22
2022-01-07,MRFG3,21.17
2022-01-07,MRVE3,10.58
2022-01-07,MULT3,16.66
2022-01-07,NTCO3,22.11
2022-01-07,PETR3,30.83
2022-01-07,PETR4,28.18
2022-01-07,POMO4,3.08
2022-01-07,PRIO3,19.82
2022-01-07,PSSA3,19.31
2022-01-07,RADL3,21.48
2022-01-07,RAIL3,15.86
2022-01-07,RDOR3,41.16
2022-01-07,RENT3,49.47
2022-01-07,SANB11,31.33
2022-01-07,SBSP3,35.46
2022-01-07,SMFT3,15.1
2022-01-07,SUZB3,59.32
2022-01-07,TAEE11,36.11
2022-01-07,TEND3,14.93
2022-01-07,TIMS3,12.43
2022-01-07,TOTS3,25.1
2022-01-07,UGPA3,12.95
2022-01-07,USIM5,14.68
2022-01-07,VALE3,84.0
2022-01-07,VAMO3,10.2
2022-01-07,VBBR3,19.17
2022-01-07,VIVA3,22.1
2022-01-07,VIVT3,46.66
2022-01-07,WEGE3,29.41
2022-01-07,YDUQ3,18.81
2022-01-10,ABEV3,14.65
2022-01-10,ASAI3,11.3
2022-01-10,B3SA3,11.18
2022-01-10,BBAS3,28.78
2022-01-10,BBDC3,16.97
2022-01-10,BBDC4,20.3
2022-01-10,BBSE3,19.31
2022-01-10,BEEF3,9.8
2022-01-10,BPAC11,18.71
2022-01-10,BRAP4,26.65
2022-01-10,CCRO3,10.99
2022-01-10,CEAB3,5.23
2022-01-10,CMIG4,12.15
2022-01-10,CMIN3,6.99
2022-01-10,COGN3,2.0
2022-01-10,CPFE3,25.55
2022-01-10,CPLE3,5.67
2022-01-10,CSAN3,19.73
2022-01-10,CSMG3,11.5
2022-01-10,CSNA3,24.92
2022-01-10,CURY3,5.72
2022-01-10,CXSE3,7.91
2022-01-10,CYRE3,13.68
2022-01-10,DIRR3,10.4
2022-01-10,EGIE3,37.74
2022-01-10,ELET3,29.48
2022-01-10,EMBR3,23.74
2022-01-10,ENEV3,11.96
2022-01-10,ENGI11,39.2
2022-01-10,EQTL3,21.72
2022-01-10,FLRY3,17.2
2022-01-10,GGBR4,27.58
2022-01-10,GOAU4,11.43
2022-01-10,HAPV3,9.4
2022-01-10,HYPE3,26.76
2022-01-10,IGTI11,15.48
2022-01-10,ITSA4,9.18
2022-01-10,ITUB4,22.84
2022-01-10,KLBN11,25.22
2022-01-10,LREN3,22.74
2022-01-10,MGLU3,5.74
2022-01-10,MRFG3,21.46
2022-01-10,MRVE3,10.45
2022-01-10,MULT3,16.44
2022-01-10,NTCO3,21.63
2022-01-10,PETR3,30.72
2022-01-10,PETR4,28.01
2022-01-10,POMO4,2.98
2022-01-10,PRIO3,20.14
2022-01-10,PSSA3,19.09
2022-01-10,RADL3,21.06
2022-01-10,RAIL3,15.65
2022-01-10,RDOR3,39.47
2022-01-10,RENT3,48.5
2022-01-10,SANB11,31.67
2022-01-10,SBSP3,34.78
2022-01-10,SMFT3,14.75
2022-01-10,SUZB3,59.18
2022-01-10,TAEE11,36.15
2022-01-10,TEND3,14.35
2022-01-10,TIMS3,12.31
2022-01-10,TOTS3,24.5
2022-01-10,UGPA3,12.78
2022-01-10,USIM5,15.38
2022-01-10,VALE3,83.0
2022-01-10,VAMO3,10.06
2022-01-10,VBBR3,19.04
2022-01-10,VIVA3,21.5
2022-01-10,VIVT3,46.8
2022-01-10,WEGE3,28.56
2022-01-10,YDUQ3,18.06
2022-01-11,ABEV3,14.68
2022-01-11,ASAI3,11.45
2022-01-11,B3SA3,11.21
2022-01-11,BBAS3,28.9
2022-01-11,BBDC3,17.14
2022-01-11,BBDC4,20.33
2022-01-11,BBSE3,19.33
2022-01-11,BEEF3,9.7
2022-01-11,BPAC11,19.54
2022-01-11,BRAP4,27.29
2022-01-11,CCRO3,11.03
2022-01-11,CEAB3,5.46
2022-01-11,CMIG4,12.5
2022-01-11,CMIN3,7.0
2022-01-11,COGN3,2.04
2022-01-11,CPFE3,25.52
2022-01-11,CPLE3,5.62
2022-01-11,CSAN3,20.56
2022-01-11,CSMG3,11.54
2022-01-11,CSNA3,24.86
2022-01-11,CURY3,6.05
2022-01-11,CXSE3,7.87
2022-01-11,CYRE3,13.79
2022-01-11,DIRR3,10.45
2022-01-11,EGIE3,37.8
2022-01-11,ELET3,29.84
2022-01-11,EMBR3,23.48
2022-01-11,ENEV3,12.12
2022-01-11,ENGI11,39.84
2022-01-11,EQTL3,22.21
2022-01-11,FLRY3,17.86
2022-01-11,GGBR4,28.2
2022-01-11,GOAU4,11.71
2022-01-11,HAPV3,9.96
2022-01-11,HYPE3,26.71
2022-01-11,IGTI11,16.12
2022-01-11,ITSA4,9.33
2022-01-11,ITUB4,23.35
2022-01-11,KLBN11,25.0
2022-01-11,LREN3,23.26
2022-01-11,MGLU3,5.87
2022-01-11,MRFG3,21.28
2022-01-11,MRVE3,10.55
2022-01-11,MULT3,16.96
2022-01-11,NTCO3,23.0
2022-01-11,PETR3,31.99
2022-01-11,PETR4,28.84
2022-01-11,POMO4,3.06
2022-01-11,PRIO3,21.2
2022-01-11,PSSA3,19.07
2022-01-11,RADL3,21.49
2022-01-11,RAIL3,16.0
2022-01-11,RDOR3,40.81
2022-01-11,RENT3,49.2
2022-01-11,SANB11,31.42
2022-01-11,SBSP3,34.81
2022-01-11,SMFT3,15.36
2022-01-11,SUZB3,59.53
2022-01-11,TAEE11,36.17
2022-01-11,TEND3,14.62
2022-01-11,TIMS3,12.39
2022-01-11,TOTS3,25.31
2022-01-11,UGPA3,12.99
2022-01-11,USIM5,16.31
2022-01-11,VALE3,84.58
2022-01-11,VAMO3,10.22
2022-01-11,VBBR3,19.42
2022-01-11,VIVA3,21.87
2022-01-11,VIVT3,46.57
2022-01-11,WEGE3,29.04
2022-01-11,YDUQ3,18.63
2022-01-12,ABEV3,14.88
2022-01-12,ASAI3,11.8
2022-01-12,B3SA3,11.61
2022-01-12,BBAS3,29.18
2022-01-12,BBDC3,16.99
2022-01-12,BBDC4,20.18
2022-01-12,BBSE3,19.15
2022-01-12,BEEF3,9.8
2022-01-12,BPAC11,19.8
2022-01-12,BRAP4,27.74
2022-01-12,CCRO3,11.43
2022-01-12,CEAB3,5.64
2022-01-12,CMIG4,12.68
2022-01-12,CMIN3,7.31
2022-01-12,COGN3,2.05
2022-01-12,CPFE3,26.25
2022-01-12,CPLE3,5.71
2022-01-12,CSAN3,21.23
2022-01-12,CSMG3,11.87
2022-01-12,CSNA3,26.28
2022-01-12,CURY3,6.44
2022-01-12,CXSE3,7.93
2022-01-12,CYRE3,14.2
2022-01-12,DIRR3,10.58
2022-01-12,EGIE3,37.98
2022-01-12,ELET3,31.41
2022-01-12,EMBR3,23.11
2022-01-12,ENEV3,12.51
2022-01-12,ENGI11,40.91
2022-01-12,EQTL3,22.75
2022-01-12,FLRY3,18.01
2022-01-12,GGBR4,28.85
2022-01-12,GOAU4,12.01
2022-01-12,HAPV3,10.4
2022-01-12,HYPE3,26.76
2022-01-12,IGTI11,17.46
2022-01-12,ITSA4,9.3
2022-01-12,ITUB4,23.25
2022-01-12,KLBN11,25.7
2022-01-12,LREN3,24.65
2022-01-12,MGLU3,6.31
2022-01-12,MRFG3,21.62
2022-01-12,MRVE3,10.92
2022-01-12,MULT3,18.07
2022-01-12,NTCO3,22.99
2022-01-12,PETR3,33.05
2022-01-12,PETR4,29.72
2022-01-12,POMO4,3.12
2022-01-12,PRIO3,21.36
2022-01-12,PSSA3,19.4
2022-01-12,RADL3,22.1
2022-01-12,RAIL3,16.33
2022-01-12,RDOR3,41.2
2022-01-12,RENT3,49.62
2022-01-12,SANB11,30.6
2022-01-12,SBSP3,35.28
2022-01-12,SMFT3,15.8
2022-01-12,SUZB3,61.62
2022-01-12,TAEE11,36.05
2022-01-12,TEND3,14.84
2022-01-12,TIMS3,12.49
2022-01-12,TOTS3,25.31
2022-01-12,UGPA3,13.5
2022-01-12,USIM5,16.44
2022-01-12,VALE3,85.5
2022-01-12,VAMO3,10.81
2022-01-12,VBBR3,20.42
2022-01-12,VIVA3,22.65
2022-01-12,VIVT3,46.69
2022-01-12,WEGE3,30.22
2022-01-12,YDUQ3,18.72
2022-01-13,ABEV3,14.99
2022-01-13,ASAI3,12.02
2022-01-13,B3SA3,11.59
2022-01-13,BBAS3,29.65
2022-01-13,BBDC3,17.18
2022-01-13,BBDC4,20.54
2022-01-13,BBSE3,19.18
2022-01-13,BEEF3,10.1
2022-01-13,BPAC11,19.26
2022-01-13,BRAP4,27.38
2022-01-13,CCRO3,11.4
2022-01-13,CEAB3,5.61
2022-01-13,CMIG4,12.7
2022-01-13,CMIN3,7.16
2022-01-13,COGN3,2.08
2022-01-13,CPFE3,25.85
2022-01-13,CPLE3,5.71
2022-01-13,CSAN3,21.05
2022-01-13,CSMG3,11.86
2022-01-13,CSNA3,26.18
2022-01-13,CURY3,6.53
2022-01-13,CXSE3,8.09
2022-01-13,CYRE3,14.19
2022-01-13,DIRR3,10.62
2022-01-13,EGIE3,38.29
2022-01-13,ELET3,31.42
2022-01-13,EMBR3,22.14
2022-01-13,ENEV3,12.17
2022-01-13,ENGI11,40.79
2022-01-13,EQTL3,22.59
2022-01-13,FLRY3,17.5
2022-01-13,GGBR4,28.27
2022-01-13,GOAU4,11.74
2022-01-13,HAPV3,10.17
2022-01-13,HYPE3,27.09
2022-01-13,IGTI11,17.35
2022-01-13,ITSA4,9.56
2022-01-13,ITUB4,23.68
2022-01-13,KLBN11,25.49
2022-01-13,LREN3,24.76
2022-01-13,MGLU3,6.09
2022-01-13,MRFG3,22.74
2022-01-13,MRVE3,10.94
2022-01-13,MULT3,18.12
2022-01-13,NTCO3,21.82
2022-01-13,PETR3,33.85
2022-01-13,PETR4,30.32
2022-01-13,POMO4,3.09
2022-01-13,PRIO3,22.02
2022-01-13,PSSA3,19.48
2022-01-13,RADL3,21.0
2022-01-13,RAIL3,16.26
2022-01-13,RDOR3,41.4
2022-01-13,RENT3,49.45
2022-01-13,SANB11,31.5
2022-01-13,SBSP3,35.25
2022-01-13,SMFT3,14.9
2022-01-13,SUZB3,62.53
2022-01-13,TAEE11,36.04
2022-01-13,TEND3,14.88
2022-01-13,TIMS3,12.71
2022-01-13,TOTS3,25.22
2022-01-13,UGPA3,13.38
2022-01-13,USIM5,16.37
2022-01-13,VALE3,84.2
2022-01-13,VAMO3,10.23
2022-01-13,VBBR3,20.13
2022-01-13,VIVA3,22.53
2022-01-13,VIVT3,47.04
2022-01-13,WEGE3,28.95
2022-01-13,YDUQ3,18.59
2022-01-14,ABEV3,15.1
2022-01-14,ASAI3,12.13
2022-01-14,B3SA3,12.22
2022-01-14,BBAS3,30.41
2022-01-14,BBDC3,17.44
2022-01-14,BBDC4,20.87
2022-01-14,BBSE3,19.45
2022-01-14,BEEF3,10.27
2022-01-14,BPAC11,19.83
2022-01-14,BRAP4,27.52
2022-01-14,CCRO3,11.39
2022-01-14,CEAB3,5.5
2022-01-14,CMIG4,12.73
2022-01-14,CMIN3,7.18
2022-01-14,COGN3,2.16
2022-01-14,CPFE3,25.95
2022-01-14,CPLE3,5.81
2022-01-14,CSAN3,21.22
2022-01-14,CSMG3,11.99
2022-01-14,CSNA3,25.72
2022-01-14,CURY3,6.59
2022-01-14,CXSE3,8.19
2022-01-14,CYRE3,14.19
2022-01-14,DIRR3,10.88
2022-01-14,EGIE3,38.39
2022-01-14,ELET3,31.61
2022-01-14,EMBR3,22.01
2022-01-14,ENEV3,12.64
2022-01-14,ENGI11,40.97
2022-01-14,EQTL3,22.62
2022-01-14,FLRY3,17.93
2022-01-14,GGBR4,28.28
2022-01-14,GOAU4,11.74
2022-01-14,HAPV3,10.31
2022-01-14,HYPE3,28.0
2022-01-14,IGTI11,17.95
2022-01-14,ITSA4,9.67
2022-01-14,ITUB4,23.5
2022-01-14,KLBN11,25.32
2022-01-14,LREN3,23.97
2022-01-14,MGLU3,6.33
2022-01-14,MRFG3,23.51
2022-01-14,MRVE3,11.09
2022-01-14,MULT3,18.49
2022-01-14,NTCO3,21.8
2022-01-14,PETR3,34.56
2022-01-14,PETR4,31.45
2022-01-14,POMO4,3.14
2022-01-14,PRIO3,22.9
2022-01-14,PSSA3,19.36
2022-01-14,RADL3,21.0
2022-01-14,RAIL3,16.31
2022-01-14,RDOR3,41.0
2022-01-14,RENT3,51.27
2022-01-14,SANB11,31.86
2022-01-14,SBSP3,35.11
2022-01-14,SMFT3,15.1
2022-01-14,SUZB3,62.77
2022-01-14,TAEE11,36.06
2022-01-14,TEND3,14.99
2022-01-14,TIMS3,12.63
2022-01-14,TOTS3,25.2
2022-01-14,UGPA3,13.16
2022-01-14,USIM5,16.45
2022-01-14,VALE3,84.69
2022-01-14,VAMO3,10.25
2022-01-14,VBBR3,19.83
2022-01-14,VIVA3,22.1
2022-01-14,VIVT3,46.88
2022-01-14,WEGE3,30.7
2022-01-14,YDUQ3,18.9
2022-01-17,ABEV3,14.8
2022-01-17,ASAI3,12.01
2022-01-17,B3SA3,12.36
2022-01-17,BBAS3,30.47
2022-01-17,BBDC3,17.54
2022-01-17,BBDC4,20.99
2022-01-17,BBSE3,19.67
2022-01-17,BEEF3,10.07
2022-01-17,BPAC11,19.73
2022-01-17,BRAP4,27.37
2022-01-17,CCRO3,11.24
2022-01-17,CEAB3,5.35
2022-01-17,CMIG4,12.74
2022-01-17,CMIN3,7.04
2022-01-17,COGN3,2.17
2022-01-17,CPFE3,26.0
2022-01-17,CPLE3,5.89
2022-01-17,CSAN3,21.08
2022-01-17,CSMG3,12.11
2022-01-17,CSNA3,25.14
2022-01-17,CURY3,6.7
2022-01-17,CXSE3,8.16
2022-01-17,CYRE3,14.14
2022-01-17,DIRR3,10.85
2022-01-17,EGIE3,38.42
2022-01-17,ELET3,31.69
2022-01-17,EMBR3,21.55
2022-01-17,ENEV3,12.61
2022-01-17,ENGI11,41.0
2022-01-17,EQTL3,22.29
2022-01-17,FLRY3,17.79
2022-01-17,GGBR4,27.66
2022-01-17,GOAU4,11.55
2022-01-17,HAPV3,10.5
2022-01-17,HYPE3,27.82
2022-01-17,IGTI11,17.28
2022-01-17,ITSA4,9.54
2022-01-17,ITUB4,23.5
2022-01-17,KLBN11,24.61
2022-01-17,LREN3,23.49
2022-01-17,MGLU3,6.12
2022-01-17,MRFG3,23.25
2022-01-17,MRVE3,11.0
2022-01-17,MULT3,18.21
2022-01-17,NTCO3,21.23
2022-01-17,PETR3,34.45
2022-01-17,PETR4,31.5
2022-01-17,POMO4,3.09
2022-01-17,PRIO3,22.82
2022-01-17,PSSA3,19.39
2022-01-17,RADL3,20.54
2022-01-17,RAIL3,16.35
2022-01-17,RDOR3,39.59
2022-01-17,RENT3,50.48
2022-01-17,SANB11,31.69
2022-01-17,SBSP3,35.41
2022-01-17,SMFT3,14.75
2022-01-17,SUZB3,62.03
2022-01-17,TAEE11,36.07
2022-01-17,TEND3,14.79
2022-01-17,TIMS3,12.94
2022-01-17,TOTS3,25.29
2022-01-17,UGPA3,12.86
2022-01-17,USIM5,16.23
2022-01-17,VALE3,84.25
2022-01-17,VAMO3,10.2
2022-01-17,VBBR3,19.53
2022-01-17,VIVA3,22.82
2022-01-17,VIVT3,47.51
2022-01-17,WEGE3,30.35
2022-01-17,YDUQ3,19.07
2022-01-18,ABEV3,14.58
2022-01-18,ASAI3,11.92
2022-01-18,B3SA3,12.31
2022-01-18,BBAS3,30.74
2022-01-18,BBDC3,17.64
2022-01-18,BBDC4,21.37
2022-01-18,BBSE3,20.31
2022-01-18,BEEF3,10.0
2022-01-18,BPAC11,18.88
2022-01-18,BRAP4,27.86
2022-01-18,CCRO3,11.33
2022-01-18,CEAB3,5.24
2022-01-18,CMIG4,12.75
2022-01-18,CMIN3,7.2
2022-01-18,COGN3,2.25
2022-01-18,CPFE3,26.2
2022-01-18,CPLE3,5.91
2022-01-18,CSAN3,21.31
2022-01-18,CSMG3,12.1
2022-01-18,CSNA3,25.79
2022-01-18,CURY3,6.4
2022-01-18,CXSE3,7.88
2022-01-18,CYRE3,13.71
2022-01-18,DIRR3,10.5
2022-01-18,EGIE3,38.71
2022-01-18,ELET3,31.7
2022-01-18,EMBR3,21.17
2022-01-18,ENEV3,12.55
2022-01-18,ENGI11,41.28
2022-01-18,EQTL3,21.84
2022-01-18,FLRY3,17.84
2022-01-18,GGBR4,28.6
2022-01-18,GOAU4,11.82
2022-01-18,HAPV3,10.52
2022-01-18,HYPE3,28.03
2022-01-18,IGTI11,17.37
2022-01-18,ITSA4,9.61
2022-01-18,ITUB4,23.64
2022-01-18,KLBN11,25.13
2022-01-18,LREN3,23.5
2022-01-18,MGLU3,5.89
2022-01-18,MRFG3,22.62
2022-01-18,MRVE3,10.76
2022-01-18,MULT3,18.31
2022-01-18,NTCO3,20.24
2022-01-18,PETR3,34.57
2022-01-18,PETR4,31.64
2022-01-18,POMO4,3.14
2022-01-18,PRIO3,23.92
2022-01-18,PSSA3,18.88
2022-01-18,RADL3,20.58
2022-01-18,RAIL3,16.4
2022-01-18,RDOR3,38.9
2022-01-18,RENT3,49.71
2022-01-18,SANB11,31.46
2022-01-18,SBSP3,34.86
2022-01-18,SMFT3,14.51
2022-01-18,SUZB3,62.85
2022-01-18,TAEE11,36.18
2022-01-18,TEND3,14.47
2022-01-18,TIMS3,12.71
2022-01-18,TOTS3,24.17
2022-01-18,UGPA3,12.82
2022-01-18,USIM5,16.54
2022-01-18,VALE3,86.31
2022-01-18,VAMO3,9.74
2022-01-18,VBBR3,19.6
2022-01-18,VIVA3,21.7
2022-01-18,VIVT3,47.61
2022-01-18,WEGE3,30.54
2022-01-18,YDUQ3,19.63
2022-01-19,ABEV3,14.54
2022-01-19,ASAI3,12.03
2022-01-19,B3SA3,12.26
2022-01-19,BBAS3,31.01
2022-01-19,BBDC3,17.62
2022-01-19,BBDC4,21.1
2022-01-19,BBSE3,20.68
2022-01-19,BEEF3,9.87
2022-01-19,BPAC11,19.9
2022-01-19,BRAP4,28.71
2022-01-19,CCRO3,11.34
2022-01-19,CEAB3,5.42
2022-01-19,CMIG4,12.96
2022-01-19,CMIN3,7.3
2022-01-19,COGN3,2.2
2022-01-19,CPFE3,26.67
2022-01-19,CPLE3,5.96
2022-01-19,CSAN3,21.97
2022-01-19,CSMG3,12.16
2022-01-19,CSNA3,26.47
2022-01-19,CURY3,6.81
2022-01-19,CXSE3,7.9
2022-01-19,CYRE3,14.75
2022-01-19,DIRR3,11.16
2022-01-19,EGIE3,39.33
2022-01-19,ELET3,33.04
2022-01-19,EMBR3,20.58
2022-01-19,ENEV3,12.91
2022-01-19,ENGI11,41.31
2022-01-19,EQTL3,22.2
2022-01-19,FLRY3,18.13
2022-01-19,GGBR4,29.04
2022-01-19,GOAU4,12.11
2022-01-19,HAPV3,10.92
2022-01-19,HYPE3,28.42
2022-01-19,IGTI11,17.61
2022-01-19,ITSA4,9.62
2022-01-19,ITUB4,23.48
2022-01-19,KLBN11,25.69
2022-01-19,LREN3,24.85
2022-01-19,MGLU3,6.31
2022-01-19,MRFG3,22.69
2022-01-19,MRVE3,11.24
2022-01-19,MULT3,18.75
2022-01-19,NTCO3,20.87
2022-01-19,PETR3,34.25
2022-01-19,PETR4,31.49
2022-01-19,POMO4,3.16
2022-01-19,PRIO3,23.99
2022-01-19,PSSA3,19.3
2022-01-19,RADL3,20.54
2022-01-19,RAIL3,16.73
2022-01-19,RDOR3,40.14
2022-01-19,RENT3,49.85
2022-01-19,SANB11,31.52
2022-01-19,SBSP3,35.69
2022-01-19,SMFT3,15.03
2022-01-19,SUZB3,61.85
2022-01-19,TAEE11,36.81
2022-01-19,TEND3,14.82
2022-01-19,TIMS3,12.99
2022-01-19,TOTS3,25.3
2022-01-19,UGPA3,13.23
2022-01-19,USIM5,16.75
2022-01-19,VALE3,88.21
2022-01-19,VAMO3,9.99
2022-01-19,VBBR3,20.52
2022-01-19,VIVA3,22.16
2022-01-19,VIVT3,48.69
2022-01-19,WEGE3,30.5
2022-01-19,YDUQ3,19.37
2022-01-20,ABEV3,14.49
2022-01-20,ASAI3,11.95
2022-01-20,B3SA3,13.25
2022-01-20,BBAS3,31.2
2022-01-20,BBDC3,17.54
2022-01-20,BBDC4,21.08
2022-01-20,BBSE3,20.55
2022-01-20,BEEF3,9.76
2022-01-20,BPAC11,21.34
2022-01-20,BRAP4,28.32
2022-01-20,CCRO3,11.93
2022-01-20,CEAB3,5.77
2022-01-20,CMIG4,13.01
2022-01-20,CMIN3,7.22
2022-01-20,COGN3,2.35
2022-01-20,CPFE3,26.86
2022-01-20,CPLE3,5.99
2022-01-20,CSAN3,22.4
2022-01-20,CSMG3,12.37
2022-01-20,CSNA3,26.35
2022-01-20,CURY3,7.26
2022-01-20,CXSE3,8.2
2022-01-20,CYRE3,15.23
2022-01-20,DIRR3,12.07
2022-01-20,EGIE3,39.4
2022-01-20,ELET3,33.45
2022-01-20,EMBR3,21.02
2022-01-20,ENEV3,12.94
2022-01-20,ENGI11,41.22
2022-01-20,EQTL3,22.26
2022-01-20,FLRY3,18.49
2022-01-20,GGBR4,28.63
2022-01-20,GOAU4,11.9
2022-01-20,HAPV3,11.2
2022-01-20,HYPE3,29.02
2022-01-20,IGTI11,18.77
2022-01-20,ITSA4,9.61
2022-01-20,ITUB4,23.29
2022-01-20,KLBN11,25.61
2022-01-20,LREN3,26.14
2022-01-20,MGLU3,6.65
2022-01-20,MRFG3,22.35
2022-01-20,MRVE3,11.8
2022-01-20,MULT3,19.59
2022-01-20,NTCO3,22.22
2022-01-20,PETR3,34.47
2022-01-20,PETR4,31.72
2022-01-20,POMO4,3.22
2022-01-20,PRIO3,24.2
2022-01-20,PSSA3,19.41
2022-01-20,RADL3,20.45
2022-01-20,RAIL3,17.48
2022-01-20,RDOR3,41.25
2022-01-20,RENT3,54.13
2022-01-20,SANB11,31.17
2022-01-20,SBSP3,36.0
2022-01-20,SMFT3,15.76
2022-01-20,SUZB3,60.31
2022-01-20,TAEE11,37.65
2022-01-20,TEND3,15.91
2022-01-20,TIMS3,12.87
2022-01-20,TOTS3,26.37
2022-01-20,UGPA3,13.65
2022-01-20,USIM5,16.57
2022-01-20,VALE3,86.71
2022-01-20,VAMO3,11.0
2022-01-20,VBBR3,21.29
2022-01-20,VIVA3,23.15
2022-01-20,VIVT3,48.4
2022-01-20,WEGE3,30.74
2022-01-20,YDUQ3,20.0
2022-01-21,ABEV3,14.69
2022-01-21,ASAI3,12.02
2022-01-21,B3SA3,13.64
2022-01-21,BBAS3,31.2
2022-01-21,BBDC3,17.45
2022-01-21,BBDC4,20.86
2022-01-21,BBSE3,20.62
2022-01-21,BEEF3,9.86
2022-01-21,BPAC11,21.34
2022-01-21,BRAP4,27.65
2022-01-21,CCRO3,12.1
2022-01-21,CEAB3,5.6
2022-01-21,CMIG4,12.99
2022-01-21,CMIN3,7.18
2022-01-21,COGN3,2.39
2022-01-21,CPFE3,27.07
2022-01-21,CPLE3,5.93
2022-01-21,CSAN3,21.98
2022-01-21,CSMG3,12.18
2022-01-21,CSNA3,25.75
2022-01-21,CURY3,7.76
2022-01-21,CXSE3,8.31
2022-01-21,CYRE3,15.72
2022-01-21,DIRR3,12.08
2022-01-21,EGIE3,39.18
2022-01-21,ELET3,33.99
2022-01-21,EMBR3,20.53
2022-01-21,ENEV3,12.93
2022-01-21,ENGI11,41.24
2022-01-21,EQTL3,22.14
2022-01-21,FLRY3,19.13
2022-01-21,GGBR4,27.46
2022-01-21,GOAU4,11.47
2022-01-21,HAPV3,11.62
2022-01-21,HYPE3,29.46
2022-01-21,IGTI11,19.0
2022-01-21,ITSA4,9.55
2022-01-21,ITUB4,23.3
2022-01-21,KLBN11,24.75
2022-01-21,LREN3,26.44
2022-01-21,MGLU3,6.9
2022-01-21,MRFG3,22.44
2022-01-21,MRVE3,12.04
2022-01-21,MULT3,19.94
2022-01-21,NTCO3,23.17
2022-01-21,PETR3,34.59
2022-01-21,PETR4,31.77
2022-01-21,POMO4,3.19
2022-01-21,PRIO3,23.6
2022-01-21,PSSA3,19.33
2022-01-21,RADL3,21.0
2022-01-21,RAIL3,16.98
2022-01-21,RDOR3,41.8
2022-01-21,RENT3,54.9
2022-01-21,SANB11,31.43
2022-01-21,SBSP3,36.0
2022-01-21,SMFT3,16.38
2022-01-21,SUZB3,59.59
2022-01-21,TAEE11,37.98
2022-01-21,TEND3,15.8
2022-01-21,TIMS3,12.92
2022-01-21,TOTS3,26.63
2022-01-21,UGPA3,13.85
2022-01-21,USIM5,15.86
2022-01-21,VALE3,84.91
2022-01-21,VAMO3,11.18
2022-01-21,VBBR3,21.4
2022-01-21,VIVA3,23.27
2022-01-21,VIVT3,48.36
2022-01-21,WEGE3,30.61
2022-01-21,YDUQ3,20.42
2022-01-24,ABEV3,14.7
2022-01-24,ASAI3,12.04
2022-01-24,B3SA3,13.06
2022-01-24,BBAS3,31.35
2022-01-24,BBDC3,17.63
2022-01-24,BBDC4,21.3
2022-01-24,BBSE3,20.93
2022-01-24,BEEF3,9.73
2022-01-24,BPAC11,21.55
2022-01-24,BRAP4,26.85
2022-01-24,CCRO3,12.03
2022-01-24,CEAB3,5.6
2022-01-24,CMIG4,12.82
2022-01-24,CMIN3,7.0
2022-01-24,COGN3,2.38
2022-01-24,CPFE3,27.35
2022-01-24,CPLE3,5.91
2022-01-24,CSAN3,21.65
2022-01-24,CSMG3,12.28
2022-01-24,CSNA3,25.94
2022-01-24,CURY3,7.67
2022-01-24,CXSE3,8.22
2022-01-24,CYRE3,15.49
2022-01-24,DIRR3,11.98
2022-01-24,EGIE3,39.22
2022-01-24,ELET3,33.31
2022-01-24,EMBR3,20.64
2022-01-24,ENEV3,12.75
2022-01-24,ENGI11,41.08
2022-01-24,EQTL3,21.76
2022-01-24,FLRY3,18.42
2022-01-24,GGBR4,27.8
2022-01-24,GOAU4,11.53
2022-01-24,HAPV3,11.34
2022-01-24,HYPE3,29.06
2022-01-24,IGTI11,18.88
2022-01-24,ITSA4,9.5
2022-01-24,ITUB4,23.27
2022-01-24,KLBN11,24.3
2022-01-24,LREN3,25.88
2022-01-24,MGLU3,6.39
2022-01-24,MRFG3,23.49
2022-01-24,MRVE3,11.98
2022-01-24,MULT3,19.68
2022-01-24,NTCO3,23.16
2022-01-24,PETR3,34.65
2022-01-24,PETR4,31.95
2022-01-24,POMO4,3.12
2022-01-24,PRIO3,23.17
2022-01-24,PSSA3,18.7
2022-01-24,RADL3,21.0
2022-01-24,RAIL3,16.63
2022-01-24,RDOR3,40.61
2022-01-24,RENT3,53.62
2022-01-24,SANB11,31.18
2022-01-24,SBSP3,35.45
2022-01-24,SMFT3,16.21
2022-01-24,SUZB3,58.22
2022-01-24,TAEE11,37.99
2022-01-24,TEND3,15.95
2022-01-24,TIMS3,12.82
2022-01-24,TOTS3,25.85
2022-01-24,UGPA3,13.46
2022-01-24,USIM5,16.24
2022-01-24,VALE3,83.87
2022-01-24,VAMO3,11.09
2022-01-24,VBBR3,21.02
2022-01-24,VIVA3,22.81
2022-01-24,VIVT3,48.08
2022-01-24,WEGE3,29.9
2022-01-24,YDUQ3,19.6
2022-01-25,ABEV3,15.07
2022-01-25,ASAI3,12.3
2022-01-25,B3SA3,13.32
2022-01-25,BBAS3,32.16
2022-01-25,BBDC3,18.24
2022-01-25,BBDC4,22.15
2022-01-25,BBSE3,21.13
2022-01-25,BEEF3,9.74
2022-01-25,BPAC11,22.58
2022-01-25,BRAP4,27.1
2022-01-25,CCRO3,12.15
2022-01-25,CEAB3,5.84
2022-01-25,CMIG4,12.97
2022-01-25,CMIN3,7.23
2022-01-25,COGN3,2.47
2022-01-25,CPFE3,28.19
2022-01-25,CPLE3,6.0
2022-01-25,CSAN3,21.96
2022-01-25,CSMG3,12.58
2022-01-25,CSNA3,25.41
2022-01-25,CURY3,7.99
2022-01-25,CXSE3,8.08
2022-01-25,CYRE3,16.33
2022-01-25,DIRR3,12.54
2022-01-25,EGIE3,39.39
2022-01-25,ELET3,34.03
2022-01-25,EMBR3,20.76
2022-01-25,ENEV3,12.89
2022-01-25,ENGI11,42.14
2022-01-25,EQTL3,22.18
2022-01-25,FLRY3,19.04
2022-01-25,GGBR4,27.39
2022-01-25,GOAU4,11.47
2022-01-25,HAPV3,12.02
2022-01-25,HYPE3,29.46
2022-01-25,IGTI11,19.45
2022-01-25,ITSA4,9.74
2022-01-25,ITUB4,24.11
2022-01-25,KLBN11,24.13
2022-01-25,LREN3,27.01
2022-01-25,MGLU3,6.72
2022-01-25,MRFG3,23.63
2022-01-25,MRVE3,12.53
2022-01-25,MULT3,20.41
2022-01-25,NTCO3,23.24
2022-01-25,PETR3,35.8
2022-01-25,PETR4,32.99
2022-01-25,POMO4,3.22
2022-01-25,PRIO3,23.88
2022-01-25,PSSA3,18.88
2022-01-25,RADL3,21.6
2022-01-25,RAIL3,16.82
2022-01-25,RDOR3,42.26
2022-01-25,RENT3,55.75
2022-01-25,SANB11,33.13
2022-01-25,SBSP3,35.64
2022-01-25,SMFT3,16.69
2022-01-25,SUZB3,56.71
2022-01-25,TAEE11,37.99
2022-01-25,TEND3,16.28
2022-01-25,TIMS3,12.97
2022-01-25,TOTS3,26.38
2022-01-25,UGPA3,14.01
2022-01-25,USIM5,16.16
2022-01-25,VALE3,84.06
2022-01-25,VAMO3,11.54
2022-01-25,VBBR3,21.54
2022-01-25,VIVA3,23.2
2022-01-25,VIVT3,48.45
2022-01-25,WEGE3,30.2
2022-01-25,YDUQ3,20.78
2022-01-26,ABEV3,15.0
2022-01-26,ASAI3,12.28
2022-01-26,B3SA3,13.78
2022-01-26,BBAS3,31.85
2022-01-26,BBDC3,18.25
2022-01-26,BBDC4,22.17
2022-01-26,BBSE3,21.14
2022-01-26,BEEF3,9.59
2022-01-26,BPAC11,23.19
2022-01-26,BRAP4,27.09
2022-01-26,CCRO3,12.4
2022-01-26,CEAB3,5.88
2022-01-26,CMIG4,12.9
2022-01-26,CMIN3,7.23
2022-01-26,COGN3,2.55
2022-01-26,CPFE3,28.18
2022-01-26,CPLE3,6.01
2022-01-26,CSAN3,22.43
2022-01-26,CSMG3,12.64
2022-01-26,CSNA3,26.0
2022-01-26,CURY3,7.85
2022-01-26,CXSE3,8.08
2022-01-26,CYRE3,17.01
2022-01-26,DIRR3,12.91
2022-01-26,EGIE3,39.31
2022-01-26,ELET3,35.1
2022-01-26,EMBR3,20.33
2022-01-26,ENEV3,13.07
2022-01-26,ENGI11,42.24
2022-01-26,EQTL3,22.16
2022-01-26,FLRY3,19.14
2022-01-26,GGBR4,27.88
2022-01-26,GOAU4,11.61
2022-01-26,HAPV3,12.55
2022-01-26,HYPE3,29.92
2022-01-26,IGTI11,19.88
2022-01-26,ITSA4,9.84
2022-01-26,ITUB4,24.37
2022-01-26,KLBN11,24.07
2022-01-26,LREN3,27.75
2022-01-26,MGLU3,6.75
2022-01-26,MRFG3,23.08
2022-01-26,MRVE3,13.07
2022-01-26,MULT3,20.75
2022-01-26,NTCO3,23.76
2022-01-26,PETR3,36.85
2022-01-26,PETR4,33.87
2022-01-26,POMO4,3.27
2022-01-26,PRIO3,23.59
2022-01-26,PSSA3,19.28
2022-01-26,RADL3,21.97
2022-01-26,RAIL3,16.87
2022-01-26,RDOR3,43.84
2022-01-26,RENT3,57.75
2022-01-26,SANB11,33.29
2022-01-26,SBSP3,36.23
2022-01-26,SMFT3,17.23
2022-01-26,SUZB3,55.64
2022-01-26,TAEE11,37.59
2022-01-26,TEND3,16.56
2022-01-26,TIMS3,12.68
2022-01-26,TOTS3,27.01
2022-01-26,UGPA3,14.3
2022-01-26,USIM5,16.34
2022-01-26,VALE3,84.3
2022-01-26,VAMO3,11.97
2022-01-26,VBBR3,21.46
2022-01-26,VIVA3,25.02
2022-01-26,VIVT3,47.78
2022-01-26,WEGE3,30.74
2022-01-26,YDUQ3,20.8
2022-01-27,ABEV3,15.4
2022-01-27,ASAI3,12.55
2022-01-27,B3SA3,14.46
2022-01-27,BBAS3,32.29
2022-01-27,BBDC3,18.37
2022-01-27,BBDC4,22.28
2022-01-27,BBSE3,22.39
2022-01-27,BEEF3,9.52
2022-01-27,BPAC11,24.02
2022-01-27,BRAP4,27.0
2022-01-27,CCRO3,12.75
2022-01-27,CEAB3,6.28
2022-01-27,CMIG4,13.1
2022-01-27,CMIN3,7.12
2022-01-27,COGN3,2.53
2022-01-27,CPFE3,28.3
2022-01-27,CPLE3,6.05
2022-01-27,CSAN3,23.36
2022-01-27,CSMG3,12.81
2022-01-27,CSNA3,26.18
2022-01-27,CURY3,7.95
2022-01-27,CXSE3,8.16
2022-01-27,CYRE3,17.35
2022-01-27,DIRR3,13.38
2022-01-27,EGIE3,39.71
2022-01-27,ELET3,34.9
2022-01-27,EMBR3,20.07
2022-01-27,ENEV3,13.2
2022-01-27,ENGI11,42.71
2022-01-27,EQTL3,22.4
2022-01-27,FLRY3,19.58
2022-01-27,GGBR4,27.96
2022-01-27,GOAU4,11.7
2022-01-27,HAPV3,12.12
2022-01-27,HYPE3,29.97
2022-01-27,IGTI11,20.0
2022-01-27,ITSA4,9.97
2022-01-27,ITUB4,24.46
2022-01-27,KLBN11,24.74
2022-01-27,LREN3,27.93
2022-01-27,MGLU3,7.22
2022-01-27,MRFG3,22.39
2022-01-27,MRVE3,13.5
2022-01-27,MULT3,21.3
2022-01-27,NTCO3,22.99
2022-01-27,PETR3,36.99
2022-01-27,PETR4,33.88
2022-01-27,POMO4,3.3
2022-01-27,PRIO3,23.81
2022-01-27,PSSA3,19.99
2022-01-27,RADL3,22.38
2022-01-27,RAIL3,16.66
2022-01-27,RDOR3,44.01
2022-01-27,RENT3,57.77
2022-01-27,SANB11,33.81
2022-01-27,SBSP3,37.0
2022-01-27,SMFT3,17.07
2022-01-27,SUZB3,58.49
2022-01-27,TAEE11,37.73
2022-01-27,TEND3,16.35
2022-01-27,TIMS3,12.8
2022-01-27,TOTS3,27.92
2022-01-27,UGPA3,15.12
2022-01-27,USIM5,16.26
2022-01-27,VALE3,84.49
2022-01-27,VAMO3,11.91
2022-01-27,VBBR3,22.5
2022-01-27,VIVA3,25.11
2022-01-27,VIVT3,48.7
2022-01-27,WEGE3,32.4
2022-01-27,YDUQ3,21.52
2022-01-28,ABEV3,14.93
2022-01-28,ASAI3,12.38
2022-01-28,B3SA3,14.74
2022-01-28,BBAS3,32.49
2022-01-28,BBDC3,18.6
2022-01-28,BBDC4,22.6
2022-01-28,BBSE3,22.68
2022-01-28,BEEF3,9.52
2022-01-28,BPAC11,23.46
2022-01-28,BRAP4,27.12
2022-01-28,CCRO3,12.73
2022-01-28,CEAB3,6.37
2022-01-28,CMIG4,13.03
2022-01-28,CMIN3,7.15
2022-01-28,COGN3,2.52
2022-01-28,CPFE3,28.4
2022-01-28,CPLE3,6.15
2022-01-28,CSAN3,23.21
2022-01-28,CSMG3,12.9
2022-01-28,CSNA3,25.67
2022-01-28,CURY3,7.98
2022-01-28,CXSE3,8.47
2022-01-28,CYRE3,17.16
2022-01-28,DIRR3,13.49
2022-01-28,EGIE3,40.14
2022-01-28,ELET3,35.43
2022-01-28,EMBR3,19.81
2022-01-28,ENEV3,12.67
2022-01-28,ENGI11,43.03
2022-01-28,EQTL3,22.65
2022-01-28,FLRY3,19.79
2022-01-28,GGBR4,28.07
2022-01-28,GOAU4,11.69
2022-01-28,HAPV3,12.4
2022-01-28,HYPE3,30.03
2022-01-28,IGTI11,19.78
2022-01-28,ITSA4,10.07
2022-01-28,ITUB4,24.79
2022-01-28,KLBN11,24.82
2022-01-28,LREN3,28.15
2022-01-28,MGLU3,6.71
2022-01-28,MRFG3,22.57
2022-01-28,MRVE3,13.27
2022-01-28,MULT3,21.27
2022-01-28,NTCO3,21.5
2022-01-28,PETR3,35.89
2022-01-28,PETR4,32.54
2022-01-28,POMO4,3.36
2022-01-28,PRIO3,23.84
2022-01-28,PSSA3,19.79
2022-01-28,RADL3,22.7
2022-01-28,RAIL3,15.76
2022-01-28,RDOR3,43.99
2022-01-28,RENT3,57.44
2022-01-28,SANB11,33.04
2022-01-28,SBSP3,36.5
2022-01-28,SMFT3,16.67
2022-01-28,SUZB3,59.3
2022-01-28,TAEE11,37.7
2022-01-28,TEND3,15.5
2022-01-28,TIMS3,12.99
2022-01-28,TOTS3,27.78
2022-01-28,UGPA3,15.16
2022-01-28,USIM5,16.01
2022-01-28,VALE3,83.66
2022-01-28,VAMO3,11.98
2022-01-28,VBBR3,22.72
2022-01-28,VIVA3,24.95
2022-01-28,VIVT3,48.87
2022-01-28,WEGE3,31.62
2022-01-28,YDUQ3,21.58
2022-01-31,ABEV3,14.97
2022-01-31,ASAI3,12.53
2022-01-31,B3SA3,14.62
2022-01-31,BBAS3,32.66
2022-01-31,BBDC3,18.8
2022-01-31,BBDC4,22.8
2022-01-31,BBSE3,23.14
2022-01-31,BEEF3,9.54
2022-01-31,BPAC11,24.17
2022-01-31,BRAP4,26.83
2022-01-31,CCRO3,13.0
2022-01-31,CEAB3,6.58
2022-01-31,CMIG4,13.13
2022-01-31,CMIN3,6.98
2022-01-31,COGN3,2.58
2022-01-31,CPFE3,28.93
2022-01-31,CPLE3,6.35
2022-01-31,CSAN3,23.77
2022-01-31,CSMG3,13.15
2022-01-31,CSNA3,25.54
2022-01-31,CURY3,8.23
2022-01-31,CXSE3,9.0
2022-01-31,CYRE3,17.48
2022-01-31,DIRR3,13.75
2022-01-31,EGIE3,40.7
2022-01-31,ELET3,35.29
2022-01-31,EMBR3,20.31
2022-01-31,ENEV3,13.21
2022-01-31,ENGI11,43.65
2022-01-31,EQTL3,22.96
2022-01-31,FLRY3,20.22
2022-01-31,GGBR4,27.84
2022-01-31,GOAU4,11.57
2022-01-31,HAPV3,12.66
2022-01-31,HYPE3,31.11
2022-01-31,IGTI11,20.0
2022-01-31,ITSA4,10.19
2022-01-31,ITUB4,25.33
2022-01-31,KLBN11,24.88
2022-01-31,LREN3,28.12
2022-01-31,MGLU3,7.0
2022-01-31,MRFG3,22.48
2022-01-31,MRVE3,13.41
2022-01-31,MULT3,21.5
2022-01-31,NTCO3,22.7
2022-01-31,PETR3,35.27
2022-01-31,PETR4,32.35
2022-01-31,POMO4,3.42
2022-01-31,PRIO3,23.92
2022-01-31,PSSA3,19.83
2022-01-31,RADL3,23.16
2022-01-31,RAIL3,15.62
2022-01-31,RDOR3,44.32
2022-01-31,RENT3,58.6
2022-01-31,SANB11,32.87
2022-01-31,SBSP3,37.36
2022-01-31,SMFT3,17.31
2022-01-31,SUZB3,59.2
2022-01-31,TAEE11,38.17
2022-01-31,TEND3,16.01
2022-01-31,TIMS3,13.27
2022-01-31,TOTS3,29.07
2022-01-31,UGPA3,15.11
2022-01-31,USIM5,15.97
2022-01-31,VALE3,80.87
2022-01-31,VAMO3,12.28
2022-01-31,VBBR3,22.9
2022-01-31,VIVA3,26.3
2022-01-31,VIVT3,49.68
2022-01-31,WEGE3,32.16
2022-01-31,YDUQ3,22.11
2022-02-01,ABEV3,14.85
2022-02-01,ASAI3,12.58
2022-02-01,B3SA3,14.26
2022-02-01,BBAS3,32.61
2022-02-01,BBDC3,18.8
2022-02-01,BBDC4,22.88
2022-02-01,BBSE3,23.09
2022-02-01,BEEF3,9.06
2022-02-01,BPAC11,24.23
2022-02-01,BRAP4,27.81
2022-02-01,CCRO3,12.86
2022-02-01,CEAB3,6.34
2022-02-01,CMIG4,13.26
2022-02-01,CMIN3,7.2
2022-02-01,COGN3,2.57
2022-02-01,CPFE3,29.03
2022-02-01,CPLE3,6.41
2022-02-01,CSAN3,23.7
2022-02-01,CSMG3,13.11
2022-02-01,CSNA3,26.83
2022-02-01,CURY3,8.45
2022-02-01,CXSE3,9.07
2022-02-01,CYRE3,17.23
2022-02-01,DIRR3,13.7
2022-02-01,EGIE3,40.81
2022-02-01,ELET3,34.62
2022-02-01,EMBR3,20.68
2022-02-01,ENEV3,13.26
2022-02-01,ENGI11,43.73
2022-02-01,EQTL3,22.95
2022-02-01,FLRY3,19.65
2022-02-01,GGBR4,28.73
2022-02-01,GOAU4,11.89
2022-02-01,HAPV3,12.48
2022-02-01,HYPE3,31.14
2022-02-01,IGTI11,19.28
2022-02-01,ITSA4,10.21
2022-02-01,ITUB4,25.49
2022-02-01,KLBN11,24.6
2022-02-01,LREN3,26.98
2022-02-01,MGLU3,7.01
2022-02-01,MRFG3,22.31
2022-02-01,MRVE3,13.19
2022-02-01,MULT3,21.07
2022-02-01,NTCO3,22.95
2022-02-01,PETR3,36.31
2022-02-01,PETR4,33.0
2022-02-01,POMO4,3.26
2022-02-01,PRIO3,23.74
2022-02-01,PSSA3,19.94
2022-02-01,RADL3,22.82
2022-02-01,RAIL3,15.51
2022-02-01,RDOR3,45.19
2022-02-01,RENT3,58.67
2022-02-01,SANB11,32.73
2022-02-01,SBSP3,37.02
2022-02-01,SMFT3,17.2
2022-02-01,SUZB3,59.64
2022-02-01,TAEE11,37.61
2022-02-01,TEND3,15.75
2022-02-01,TIMS3,13.19
2022-02-01,TOTS3,28.94
2022-02-01,UGPA3,14.84
2022-02-01,USIM5,16.59
2022-02-01,VALE3,85.31
2022-02-01,VAMO3,12.45
2022-02-01,VBBR3,22.57
2022-02-01,VIVA3,26.21
2022-02-01,VIVT3,49.61
2022-02-01,WEGE3,32.06
2022-02-01,YDUQ3,22.2
2022-02-02,ABEV3,14.52
2022-02-02,ASAI3,12.5
2022-02-02,B3SA3,14.13
2022-02-02,BBAS3,32.07
2022-02-02,BBDC3,18.47
2022-02-02,BBDC4,22.45
2022-02-02,BBSE3,22.8
2022-02-02,BEEF3,9.07
2022-02-02,BPAC11,23.52
2022-02-02,BRAP4,28.13
2022-02-02,CCRO3,12.75
2022-02-02,CEAB3,6.21
2022-02-02,CMIG4,13.03
2022-02-02,CMIN3,7.17
2022-02-02,COGN3,2.51
2022-02-02,CPFE3,28.37
2022-02-02,CPLE3,6.55
2022-02-02,CSAN3,23.63
2022-02-02,CSMG3,13.04
2022-02-02,CSNA3,26.96
2022-02-02,CURY3,8.29
2022-02-02,CXSE3,8.82
2022-02-02,CYRE3,16.82
2022-02-02,DIRR3,13.69
2022-02-02,EGIE3,40.4
2022-02-02,ELET3,33.88
2022-02-02,EMBR3,19.99
2022-02-02,ENEV3,13.22
2022-02-02,ENGI11,43.5
2022-02-02,EQTL3,22.93
2022-02-02,FLRY3,19.55
2022-02-02,GGBR4,28.95
2022-02-02,GOAU4,11.88
2022-02-02,HAPV3,12.49
2022-02-02,HYPE3,30.92
2022-02-02,IGTI11,19.04
2022-02-02,ITSA4,10.04
2022-02-02,ITUB4,25.09
2022-02-02,KLBN11,24.49
2022-02-02,LREN3,26.59
2022-02-02,MGLU3,6.51
2022-02-02,MRFG3,21.75
2022-02-02,MRVE3,12.88
2022-02-02,MULT3,21.0
2022-02-02,NTCO3,21.84
2022-02-02,PETR3,35.66
2022-02-02,PETR4,32.52
2022-02-02,POMO4,3.29
2022-02-02,PRIO3,23.03
2022-02-02,PSSA3,19.83
2022-02-02,RADL3,22.96
2022-02-02,RAIL3,15.45
2022-02-02,RDOR3,45.59
2022-02-02,RENT3,58.46
2022-02-02,SANB11,31.75
2022-02-02,SBSP3,36.42
2022-02-02,SMFT3,17.05
2022-02-02,SUZB3,59.27
2022-02-02,TAEE11,37.52
2022-02-02,TEND3,15.3
2022-02-02,TIMS3,13.14
2022-02-02,TOTS3,28.62
2022-02-02,UGPA3,14.39
2022-02-02,USIM5,16.63
2022-02-02,VALE3,85.79
2022-02-02,VAMO3,12.45
2022-02-02,VBBR3,22.38
2022-02-02,VIVA3,26.0
2022-02-02,VIVT3,49.52
2022-02-02,WEGE3,31.77
2022-02-02,YDUQ3,22.0
2022-02-03,ABEV3,14.46
2022-02-03,ASAI3,12.5
2022-02-03,B3SA3,14.14
2022-02-03,BBAS3,32.29
2022-02-03,BBDC3,18.73
2022-02-03,BBDC4,22.78
2022-02-03,BBSE3,22.93
2022-02-03,BEEF3,8.8
2022-02-03,BPAC11,23.2
2022-02-03,BRAP4,28.15
2022-02-03,CCRO3,12.69
2022-02-03,CEAB3,6.12
2022-02-03,CMIG4,13.12
2022-02-03,CMIN3,7.16
2022-02-03,COGN3,2.54
2022-02-03,CPFE3,28.83
2022-02-03,CPLE3,6.57
2022-02-03,CSAN3,23.64
2022-02-03,CSMG3,13.23
2022-02-03,CSNA3,26.51
2022-02-03,CURY3,8.31
2022-02-03,CXSE3,8.84
2022-02-03,CYRE3,16.82
2022-02-03,DIRR3,13.9
2022-02-03,EGIE3,41.15
2022-02-03,ELET3,34.34
2022-02-03,EMBR3,19.12
2022-02-03,ENEV3,13.36
2022-02-03,ENGI11,43.98
2022-02-03,EQTL3,23.38
2022-02-03,FLRY3,19.41
2022-02-03,GGBR4,28.73
2022-02-03,GOAU4,11.82
2022-02-03,HAPV3,12.61
2022-02-03,HYPE3,31.19
2022-02-03,IGTI11,18.75
2022-02-03,ITSA4,10.07
2022-02-03,ITUB4,25.38
2022-02-03,KLBN11,24.8
2022-02-03,LREN3,26.67
2022-02-03,MGLU3,6.53
2022-02-03,MRFG3,20.14
2022-02-03,MRVE3,12.96
2022-02-03,MULT3,21.0
2022-02-03,NTCO3,21.45
2022-02-03,PETR3,35.28
2022-02-03,PETR4,32.07
2022-02-03,POMO4,3.27
2022-02-03,PRIO3,22.74
2022-02-03,PSSA3,19.78
2022-02-03,RADL3,22.66
2022-02-03,RAIL3,15.22
2022-02-03,RDOR3,46.13
2022-02-03,RENT3,57.5
2022-02-03,SANB11,31.87
2022-02-03,SBSP3,36.69
2022-02-03,SMFT3,16.6
2022-02-03,SUZB3,59.07
2022-02-03,TAEE11,37.88
2022-02-03,TEND3,15.05
2022-02-03,TIMS3,13.44
2022-02-03,TOTS3,28.2
2022-02-03,UGPA3,14.85
2022-02-03,USIM5,16.2
2022-02-03,VALE3,85.75
2022-02-03,VAMO3,12.26
2022-02-03,VBBR3,22.46
2022-02-03,VIVA3,25.61
2022-02-03,VIVT3,50.14
2022-02-03,WEGE3,30.95
2022-02-03,YDUQ3,22.48
2022-02-04,ABEV3,14.41
2022-02-04,ASAI3,12.9
2022-02-04,B3SA3,14.13
2022-02-04,BBAS3,32.23
2022-02-04,BBDC3,18.77
2022-02-04,BBDC4,22.93
2022-02-04,BBSE3,22.83
2022-02-04,BEEF3,9.04
2022-02-04,BPAC11,23.01
2022-02-04,BRAP4,28.75
2022-02-04,CCRO3,12.42
2022-02-04,CEAB3,5.99
2022-02-04,CMIG4,12.81
2022-02-04,CMIN3,7.12
2022-02-04,COGN3,2.49
2022-02-04,CPFE3,28.3
2022-02-04,CPLE3,6.5
2022-02-04,CSAN3,23.31
2022-02-04,CSMG3,13.41
2022-02-04,CSNA3,26.63
2022-02-04,CURY3,7.72
2022-02-04,CXSE3,8.9
2022-02-04,CYRE3,15.98
2022-02-04,DIRR3,13.34
2022-02-04,EGIE3,40.78
2022-02-04,ELET3,33.69
2022-02-04,EMBR3,18.97
2022-02-04,ENEV3,13.33
2022-02-04,ENGI11,43.36
2022-02-04,EQTL3,23.96
2022-02-04,FLRY3,19.39
2022-02-04,GGBR4,28.78
2022-02-04,GOAU4,11.8
2022-02-04,HAPV3,12.43
2022-02-04,HYPE3,30.89
2022-02-04,IGTI11,18.7
2022-02-04,ITSA4,10.27
2022-02-04,ITUB4,25.46
2022-02-04,KLBN11,25.3
2022-02-04,LREN3,26.2
2022-02-04,MGLU3,6.33
2022-02-04,MRFG3,20.32
2022-02-04,MRVE3,12.46
2022-02-04,MULT3,20.7
2022-02-04,NTCO3,21.01
2022-02-04,PETR3,35.91
2022-02-04,PETR4,32.63
2022-02-04,POMO4,3.08
2022-02-04,PRIO3,24.41
2022-02-04,PSSA3,19.18
2022-02-04,RADL3,21.98
2022-02-04,RAIL3,15.26
2022-02-04,RDOR3,45.72
2022-02-04,RENT3,57.22
2022-02-04,SANB11,32.29
2022-02-04,SBSP3,35.87
2022-02-04,SMFT3,16.52
2022-02-04,SUZB3,60.58
2022-02-04,TAEE11,37.65
2022-02-04,TEND3,14.13
2022-02-04,TIMS3,13.31
2022-02-04,TOTS3,28.47
2022-02-04,UGPA3,14.52
2022-02-04,USIM5,16.32
2022-02-04,VALE3,87.98
2022-02-04,VAMO3,12.02
2022-02-04,VBBR3,22.64
2022-02-04,VIVA3,24.7
2022-02-04,VIVT3,49.71
2022-02-04,WEGE3,30.85
2022-02-04,YDUQ3,21.62
2022-02-07,ABEV3,14.29
2022-02-07,ASAI3,12.77
2022-02-07,B3SA3,13.7
2022-02-07,BBAS3,31.86
2022-02-07,BBDC3,18.8
2022-02-07,BBDC4,22.85
2022-02-07,BBSE3,24.14
2022-02-07,BEEF3,9.22
2022-02-07,BPAC11,22.56
2022-02-07,BRAP4,29.51
2022-02-07,CCRO3,12.36
2022-02-07,CEAB3,5.85
2022-02-07,CMIG4,12.55
2022-02-07,CMIN3,7.12
2022-02-07,COGN3,2.41
2022-02-07,CPFE3,28.4
2022-02-07,CPLE3,6.36
2022-02-07,CSAN3,22.54
2022-02-07,CSMG3,13.47
2022-02-07,CSNA3,27.47
2022-02-07,CURY3,7.62
2022-02-07,CXSE3,8.96
2022-02-07,CYRE3,15.88
2022-02-07,DIRR3,13.34
2022-02-07,EGIE3,40.27
2022-02-07,ELET3,33.46
2022-02-07,EMBR3,19.2
2022-02-07,ENEV3,13.07
2022-02-07,ENGI11,43.29
2022-02-07,EQTL3,24.0
2022-02-07,FLRY3,19.12
2022-02-07,GGBR4,29.2
2022-02-07,GOAU4,11.98
2022-02-07,HAPV3,11.85
2022-02-07,HYPE3,31.07
2022-02-07,IGTI11,18.88
2022-02-07,ITSA4,10.13
2022-02-07,ITUB4,25.32
2022-02-07,KLBN11,25.07
2022-02-07,LREN3,25.69
2022-02-07,MGLU3,6.31
2022-02-07,MRFG3,20.87
2022-02-07,MRVE3,12.34
2022-02-07,MULT3,20.87
2022-02-07,NTCO3,20.73
2022-02-07,PETR3,35.48
2022-02-07,PETR4,32.15
2022-02-07,POMO4,3.01
2022-02-07,PRIO3,24.17
2022-02-07,PSSA3,19.83
2022-02-07,RADL3,22.01
2022-02-07,RAIL3,14.87
2022-02-07,RDOR3,45.89
2022-02-07,RENT3,55.7
2022-02-07,SANB11,32.3
2022-02-07,SBSP3,35.61
2022-02-07,SMFT3,16.19
2022-02-07,SUZB3,60.55
2022-02-07,TAEE11,37.64
2022-02-07,TEND3,13.93
2022-02-07,TIMS3,13.17
2022-02-07,TOTS3,28.44
2022-02-07,UGPA3,14.05
2022-02-07,USIM5,16.85
2022-02-07,VALE3,90.13
2022-02-07,VAMO3,11.88
2022-02-07,VBBR3,22.22
2022-02-07,VIVA3,24.23
2022-02-07,VIVT3,49.1
2022-02-07,WEGE3,31.0
2022-02-07,YDUQ3,22.54
2022-02-08,ABEV3,14.16
2022-02-08,ASAI3,12.51
2022-02-08,B3SA3,13.55
2022-02-08,BBAS3,32.2
2022-02-08,BBDC3,18.87
2022-02-08,BBDC4,22.72
2022-02-08,BBSE3,24.1
2022-02-08,BEEF3,9.41
2022-02-08,BPAC11,22.92
2022-02-08,BRAP4,29.85
2022-02-08,CCRO3,12.42
2022-02-08,CEAB3,5.88
2022-02-08,CMIG4,12.63
2022-02-08,CMIN3,7.07
2022-02-08,COGN3,2.41
2022-02-08,CPFE3,28.5
2022-02-08,CPLE3,6.26
2022-02-08,CSAN3,22.17
2022-02-08,CSMG3,13.51
2022-02-08,CSNA3,27.84
2022-02-08,CURY3,7.61
2022-02-08,CXSE3,8.93
2022-02-08,CYRE3,15.87
2022-02-08,DIRR3,13.2
2022-02-08,EGIE3,40.08
2022-02-08,ELET3,33.15
2022-02-08,EMBR3,19.37
2022-02-08,ENEV3,13.08
2022-02-08,ENGI11,42.91
2022-02-08,EQTL3,23.76
2022-02-08,FLRY3,18.94
2022-02-08,GGBR4,28.9
2022-02-08,GOAU4,11.91
2022-02-08,HAPV3,11.38
2022-02-08,HYPE3,31.05
2022-02-08,IGTI11,18.83
2022-02-08,ITSA4,10.15
2022-02-08,ITUB4,25.6
2022-02-08,KLBN11,25.17
2022-02-08,LREN3,25.58
2022-02-08,MGLU3,6.54
2022-02-08,MRFG3,21.91
2022-02-08,MRVE3,12.32
2022-02-08,MULT3,20.96
2022-02-08,NTCO3,21.84
2022-02-08,PETR3,34.97
2022-02-08,PETR4,31.83
2022-02-08,POMO4,3.04
2022-02-08,PRIO3,23.87
2022-02-08,PSSA3,20.54
2022-02-08,RADL3,21.9
2022-02-08,RAIL3,15.57
2022-02-08,RDOR3,45.84
2022-02-08,RENT3,56.11
2022-02-08,SANB11,32.39
2022-02-08,SBSP3,35.81
2022-02-08,SMFT3,16.41
2022-02-08,SUZB3,60.46
2022-02-08,TAEE11,37.48
2022-02-08,TEND3,13.94
2022-02-08,TIMS3,13.45
2022-02-08,TOTS3,27.95
2022-02-08,UGPA3,14.16
2022-02-08,USIM5,16.81
2022-02-08,VALE3,91.39
2022-02-08,VAMO3,11.79
2022-02-08,VBBR3,22.11
2022-02-08,VIVA3,24.21
2022-02-08,VIVT3,49.26
2022-02-08,WEGE3,30.22
2022-02-08,YDUQ3,21.89
2022-02-09,ABEV3,14.54
2022-02-09,ASAI3,12.61
2022-02-09,B3SA3,14.16
2022-02-09,BBAS3,31.92
2022-02-09,BBDC3,17.21
2022-02-09,BBDC4,20.77
2022-02-09,BBSE3,24.27
2022-02-09,BEEF3,9.96
2022-02-09,BPAC11,23.42
2022-02-09,BRAP4,30.2
2022-02-09,CCRO3,12.52
2022-02-09,CEAB3,5.87
2022-02-09,CMIG4,12.78
2022-02-09,CMIN3,6.94
2022-02-09,COGN3,2.43
2022-02-09,CPFE3,28.72
2022-02-09,CPLE3,6.34
2022-02-09,CSAN3,22.36
2022-02-09,CSMG3,13.6
2022-02-09,CSNA3,28.18
2022-02-09,CURY3,7.44
2022-02-09,CXSE3,9.06
2022-02-09,CYRE3,15.85
2022-02-09,DIRR3,13.07
2022-02-09,EGIE3,40.5
2022-02-09,ELET3,33.99
2022-02-09,EMBR3,20.08
2022-02-09,ENEV3,13.46
2022-02-09,ENGI11,42.8
2022-02-09,EQTL3,24.0
2022-02-09,FLRY3,19.01
2022-02-09,GGBR4,29.04
2022-02-09,GOAU4,11.99
2022-02-09,HAPV3,11.56
2022-02-09,HYPE3,31.18
2022-02-09,IGTI11,19.01
2022-02-09,ITSA4,9.98
2022-02-09,ITUB4,24.58
2022-02-09,KLBN11,25.03
2022-02-09,LREN3,25.91
2022-02-09,MGLU3,6.6
2022-02-09,MRFG3,22.34
2022-02-09,MRVE3,12.38
2022-02-09,MULT3,21.5
2022-02-09,NTCO3,23.55
2022-02-09,PETR3,35.0
2022-02-09,PETR4,31.95
2022-02-09,POMO4,3.02
2022-02-09,PRIO3,24.5
2022-02-09,PSSA3,21.32
2022-02-09,RADL3,22.5
2022-02-09,RAIL3,16.06
2022-02-09,RDOR3,47.5
2022-02-09,RENT3,56.74
2022-02-09,SANB11,31.7
2022-02-09,SBSP3,35.8
2022-02-09,SMFT3,17.13
2022-02-09,SUZB3,60.6
2022-02-09,TAEE11,37.69
2022-02-09,TEND3,13.89
2022-02-09,TIMS3,14.13
2022-02-09,TOTS3,28.5
2022-02-09,UGPA3,14.34
2022-02-09,USIM5,16.95
2022-02-09,VALE3,91.41
2022-02-09,VAMO3,12.01
2022-02-09,VBBR3,22.76
2022-02-09,VIVA3,24.72
2022-02-09,VIVT3,50.6
2022-02-09,WEGE3,30.29
2022-02-09,YDUQ3,21.66
2022-02-10,ABEV3,14.75
2022-02-10,ASAI3,12.68
2022-02-10,B3SA3,14.1
2022-02-10,BBAS3,32.27
2022-02-10,BBDC3,17.35
2022-02-10,BBDC4,21.07
2022-02-10,BBSE3,24.36
2022-02-10,BEEF3,10.12
2022-02-10,BPAC11,23.27
2022-02-10,BRAP4,30.93
2022-02-10,CCRO3,12.45
2022-02-10,CEAB3,5.87
2022-02-10,CMIG4,12.87
2022-02-10,CMIN3,6.87
2022-02-10,COGN3,2.42
2022-02-10,CPFE3,28.59
2022-02-10,CPLE3,6.36
2022-02-10,CSAN3,22.32
2022-02-10,CSMG3,13.62
2022-02-10,CSNA3,28.21
2022-02-10,CURY3,7.62
2022-02-10,CXSE3,9.08
2022-02-10,CYRE3,15.77
2022-02-10,DIRR3,13.11
2022-02-10,EGIE3,40.36
2022-02-10,ELET3,33.99
2022-02-10,EMBR3,19.94
2022-02-10,ENEV3,13.47
2022-02-10,ENGI11,43.16
2022-02-10,EQTL3,23.97
2022-02-10,FLRY3,18.62
2022-02-10,GGBR4,28.8
2022-02-10,GOAU4,12.0
2022-02-10,HAPV3,11.72
2022-02-10,HYPE3,31.03
2022-02-10,IGTI11,18.67
2022-02-10,ITSA4,10.09
2022-02-10,ITUB4,25.05
2022-02-10,KLBN11,24.74
2022-02-10,LREN3,25.58
2022-02-10,MGLU3,6.94
2022-02-10,MRFG3,22.89
2022-02-10,MRVE3,12.11
2022-02-10,MULT3,21.44
2022-02-10,NTCO3,23.91
2022-02-10,PETR3,35.6
2022-02-10,PETR4,32.44
2022-02-10,POMO4,3.01
2022-02-10,PRIO3,24.75
2022-02-10,PSSA3,21.11
2022-02-10,RADL3,22.4
2022-02-10,RAIL3,15.97
2022-02-10,RDOR3,47.58
2022-02-10,RENT3,56.89
2022-02-10,SANB11,32.27
2022-02-10,SBSP3,35.98
2022-02-10,SMFT3,17.7
2022-02-10,SUZB3,58.36
2022-02-10,TAEE11,37.86
2022-02-10,TEND3,13.4
2022-02-10,TIMS3,13.96
2022-02-10,TOTS3,27.7
2022-02-10,UGPA3,14.51
2022-02-10,USIM5,16.78
2022-02-10,VALE3,93.87
2022-02-10,VAMO3,11.72
2022-02-10,VBBR3,22.84
2022-02-10,VIVA3,24.59
2022-02-10,VIVT3,49.58
2022-02-10,WEGE3,29.74
2022-02-10,YDUQ3,21.69
2022-02-11,ABEV3,14.86
2022-02-11,ASAI3,12.34
2022-02-11,B3SA3,13.92
2022-02-11,BBAS3,33.4
2022-02-11,BBDC3,17.53
2022-02-11,BBDC4,21.14
2022-02-11,BBSE3,22.76
2022-02-11,BEEF3,10.0
2022-02-11,BPAC11,23.16
2022-02-11,BRAP4,31.27
2022-02-11,CCRO3,12.46
2022-02-11,CEAB3,5.75
2022-02-11,CMIG4,12.76
2022-02-11,CMIN3,6.6
2022-02-11,COGN3,2.33
2022-02-11,CPFE3,28.85
2022-02-11,CPLE3,6.3
2022-02-11,CSAN3,22.27
2022-02-11,CSMG3,13.49
2022-02-11,CSNA3,27.81
2022-02-11,CURY3,7.54
2022-02-11,CXSE3,9.27
2022-02-11,CYRE3,15.86
2022-02-11,DIRR3,13.05
2022-02-11,EGIE3,40.51
2022-02-11,ELET3,33.33
2022-02-11,EMBR3,19.04
2022-02-11,ENEV3,13.41
2022-02-11,ENGI11,42.9
2022-02-11,EQTL3,23.78
2022-02-11,FLRY3,18.24
2022-02-11,GGBR4,28.09
2022-02-11,GOAU4,11.65
2022-02-11,HAPV3,11.9
2022-02-11,HYPE3,30.82
2022-02-11,IGTI11,18.73
2022-02-11,ITSA4,10.52
2022-02-11,ITUB4,26.53
2022-02-11,KLBN11,23.85
2022-02-11,LREN3,25.35
2022-02-11,MGLU3,6.35
2022-02-11,MRFG3,22.95
2022-02-11,MRVE3,12.1
2022-02-11,MULT3,21.77
2022-02-11,NTCO3,23.33
2022-02-11,PETR3,37.2
2022-02-11,PETR4,33.76
2022-02-11,POMO4,2.92
2022-02-11,PRIO3,25.8
2022-02-11,PSSA3,21.28
2022-02-11,RADL3,22.3
2022-02-11,RAIL3,16.06
2022-02-11,RDOR3,47.61
2022-02-11,RENT3,57.35
2022-02-11,SANB11,32.02
2022-02-11,SBSP3,36.05
2022-02-11,SMFT3,16.98
2022-02-11,SUZB3,57.72
2022-02-11,TAEE11,37.62
2022-02-11,TEND3,13.47
2022-02-11,TIMS3,13.9
2022-02-11,TOTS3,27.63
2022-02-11,UGPA3,14.53
2022-02-11,USIM5,15.53
2022-02-11,VALE3,91.97
2022-02-11,VAMO3,11.64
2022-02-11,VBBR3,22.85
2022-02-11,VIVA3,24.75
2022-02-11,VIVT3,49.84
2022-02-11,WEGE3,29.53
2022-02-11,YDUQ3,21.22
2022-02-14,ABEV3,15.06
2022-02-14,ASAI3,12.33
2022-02-14,B3SA3,14.12
2022-02-14,BBAS3,33.54
2022-02-14,BBDC3,17.66
2022-02-14,BBDC4,21.17
2022-02-14,BBSE3,23.37
2022-02-14,BEEF3,10.1
2022-02-14,BPAC11,23.35
2022-02-14,BRAP4,31.05
2022-02-14,CCRO3,12.49
2022-02-14,CEAB3,5.61
2022-02-14,CMIG4,12.63
2022-02-14,CMIN3,6.67
2022-02-14,COGN3,2.38
2022-02-14,CPFE3,29.13
2022-02-14,CPLE3,6.27
2022-02-14,CSAN3,22.27
2022-02-14,CSMG3,13.32
2022-02-14,CSNA3,27.74
2022-02-14,CURY3,7.32
2022-02-14,CXSE3,9.38
2022-02-14,CYRE3,15.92
2022-02-14,DIRR3,13.08
2022-02-14,EGIE3,40.52
2022-02-14,ELET3,33.42
2022-02-14,EMBR3,18.87
2022-02-14,ENEV3,13.36
2022-02-14,ENGI11,43.24
2022-02-14,EQTL3,23.87
2022-02-14,FLRY3,18.19
2022-02-14,GGBR4,27.78
2022-02-14,GOAU4,11.49
2022-02-14,HAPV3,12.19
2022-02-14,HYPE3,32.16
2022-02-14,IGTI11,19.02
2022-02-14,ITSA4,10.48
2022-02-14,ITUB4,26.47
2022-02-14,KLBN11,23.96
2022-02-14,LREN3,25.91
2022-02-14,MGLU3,6.48
2022-02-14,MRFG3,22.37
2022-02-14,MRVE3,12.22
2022-02-14,MULT3,22.25
2022-02-14,NTCO3,23.03
2022-02-14,PETR3,36.24
2022-02-14,PETR4,33.0
2022-02-14,POMO4,2.97
2022-02-14,PRIO3,26.5
2022-02-14,PSSA3,21.29
2022-02-14,RADL3,23.0
2022-02-14,RAIL3,16.19
2022-02-14,RDOR3,47.75
2022-02-14,RENT3,58.62
2022-02-14,SANB11,32.11
2022-02-14,SBSP3,35.43
2022-02-14,SMFT3,18.01
2022-02-14,SUZB3,58.36
2022-02-14,TAEE11,37.48
2022-02-14,TEND3,13.43
2022-02-14,TIMS3,13.88
2022-02-14,TOTS3,28.67
2022-02-14,UGPA3,14.62
2022-02-14,USIM5,15.68
2022-02-14,VALE3,91.57
2022-02-14,VAMO3,12.4
2022-02-14,VBBR3,23.07
2022-02-14,VIVA3,25.61
2022-02-14,VIVT3,49.83
2022-02-14,WEGE3,30.44
2022-02-14,YDUQ3,21.79
2022-02-15,ABEV3,15.38
2022-02-15,ASAI3,12.18
2022-02-15,B3SA3,14.6
2022-02-15,BBAS3,35.13
2022-02-15,BBDC3,17.86
2022-02-15,BBDC4,21.19
2022-02-15,BBSE3,23.14
2022-02-15,BEEF3,9.98
2022-02-15,BPAC11,24.77
2022-02-15,BRAP4,29.91
2022-02-15,CCRO3,12.74
2022-02-15,CEAB3,5.84
2022-02-15,CMIG4,12.88
2022-02-15,CMIN3,6.65
2022-02-15,COGN3,2.43
2022-02-15,CPFE3,29.71
2022-02-15,CPLE3,6.4
2022-02-15,CSAN3,22.3
2022-02-15,CSMG3,13.55
2022-02-15,CSNA3,26.4
2022-02-15,CURY3,7.26
2022-02-15,CXSE3,9.38
2022-02-15,CYRE3,16.6
2022-02-15,DIRR3,13.52
2022-02-15,EGIE3,40.52
2022-02-15,ELET3,35.5
2022-02-15,EMBR3,19.77
2022-02-15,ENEV3,13.68
2022-02-15,ENGI11,43.51
2022-02-15,EQTL3,24.58
2022-02-15,FLRY3,19.0
2022-02-15,GGBR4,27.67
2022-02-15,GOAU4,11.39
2022-02-15,HAPV3,12.77
2022-02-15,HYPE3,31.83
2022-02-15,IGTI11,20.02
2022-02-15,ITSA4,10.61
2022-02-15,ITUB4,26.72
2022-02-15,KLBN11,23.08
2022-02-15,LREN3,27.11
2022-02-15,MGLU3,6.84
2022-02-15,MRFG3,22.29
2022-02-15,MRVE3,12.62
2022-02-15,MULT3,22.61
2022-02-15,NTCO3,23.6
2022-02-15,PETR3,35.49
2022-02-15,PETR4,32.48
2022-02-15,POMO4,3.04
2022-02-15,PRIO3,25.75
2022-02-15,PSSA3,21.15
2022-02-15,RADL3,23.45
2022-02-15,RAIL3,16.64
2022-02-15,RDOR3,50.04
2022-02-15,RENT3,60.59
2022-02-15,SANB11,31.93
2022-02-15,SBSP3,36.43
2022-02-15,SMFT3,18.38
2022-02-15,SUZB3,57.27
2022-02-15,TAEE11,37.79
2022-02-15,TEND3,13.8
2022-02-15,TIMS3,13.84
2022-02-15,TOTS3,30.22
2022-02-15,UGPA3,15.13
2022-02-15,USIM5,15.59
2022-02-15,VALE3,88.85
2022-02-15,VAMO3,12.49
2022-02-15,VBBR3,23.62
2022-02-15,VIVA3,26.7
2022-02-15,VIVT3,49.0
2022-02-15,WEGE3,32.88
2022-02-15,YDUQ3,22.93
2022-02-16,ABEV3,15.08
2022-02-16,ASAI3,13.05
2022-02-16,B3SA3,14.59
2022-02-16,BBAS3,35.33
2022-02-16,BBDC3,18.01
2022-02-16,BBDC4,21.44
2022-02-16,BBSE3,23.08
2022-02-16,BEEF3,9.86
2022-02-16,BPAC11,25.29
2022-02-16,BRAP4,29.86
2022-02-16,CCRO3,12.9
2022-02-16,CEAB3,5.83
2022-02-16,CMIG4,13.14
2022-02-16,CMIN3,6.64
2022-02-16,COGN3,2.44
2022-02-16,CPFE3,29.71
2022-02-16,CPLE3,6.37
2022-02-16,CSAN3,22.92
2022-02-16,CSMG3,13.64
2022-02-16,CSNA3,26.51
2022-02-16,CURY3,7.3
2022-02-16,CXSE3,9.17
2022-02-16,CYRE3,16.64
2022-02-16,DIRR3,13.38
2022-02-16,EGIE3,40.55
2022-02-16,ELET3,35.17
2022-02-16,EMBR3,20.06
2022-02-16,ENEV3,14.01
2022-02-16,ENGI11,43.61
2022-02-16,EQTL3,24.74
2022-02-16,FLRY3,18.8
2022-02-16,GGBR4,27.45
2022-02-16,GOAU4,11.31
2022-02-16,HAPV3,12.72
2022-02-16,HYPE3,31.72
2022-02-16,IGTI11,20.2
2022-02-16,ITSA4,10.58
2022-02-16,ITUB4,26.44
2022-02-16,KLBN11,23.03
2022-02-16,LREN3,27.51
2022-02-16,MGLU3,6.82
2022-02-16,MRFG3,21.8
2022-02-16,MRVE3,12.75
2022-02-16,MULT3,22.3
2022-02-16,NTCO3,25.0
2022-02-16,PETR3,36.27
2022-02-16,PETR4,32.93
2022-02-16,POMO4,3.05
2022-02-16,PRIO3,25.24
2022-02-16,PSSA3,21.67
2022-02-16,RADL3,23.5
2022-02-16,RAIL3,16.71
2022-02-16,RDOR3,50.54
2022-02-16,RENT3,60.05
2022-02-16,SANB11,32.41
2022-02-16,SBSP3,36.82
2022-02-16,SMFT3,18.2
2022-02-16,SUZB3,57.28
2022-02-16,TAEE11,37.4
2022-02-16,TEND3,13.65
2022-02-16,TIMS3,13.82
2022-02-16,TOTS3,30.45
2022-02-16,UGPA3,15.8
2022-02-16,USIM5,15.49
2022-02-16,VALE3,89.5
2022-02-16,VAMO3,12.39
2022-02-16,VBBR3,24.45
2022-02-16,VIVA3,26.82
2022-02-16,VIVT3,49.29
2022-02-16,WEGE3,31.3
2022-02-16,YDUQ3,22.35
2022-02-17,ABEV3,14.85
2022-02-17,ASAI3,13.25
2022-02-17,B3SA3,14.2
2022-02-17,BBAS3,35.33
2022-02-17,BBDC3,17.83
2022-02-17,BBDC4,21.19
2022-02-17,BBSE3,23.17
2022-02-17,BEEF3,9.9
2022-02-17,BPAC11,25.29
2022-02-17,BRAP4,28.94
2022-02-17,CCRO3,12.92
2022-02-17,CEAB3,5.61
2022-02-17,CMIG4,12.97
2022-02-17,CMIN3,6.38
2022-02-17,COGN3,2.42
2022-02-17,CPFE3,29.74
2022-02-17,CPLE3,6.31
2022-02-17,CSAN3,22.86
2022-02-17,CSMG3,13.64
2022-02-17,CSNA3,24.96
2022-02-17,CURY3,7.19
2022-02-17,CXSE3,8.8
2022-02-17,CYRE3,16.22
2022-02-17,DIRR3,12.92
2022-02-17,EGIE3,40.57
2022-02-17,ELET3,35.18
2022-02-17,EMBR3,19.34
2022-02-17,ENEV3,13.88
2022-02-17,ENGI11,43.59
2022-02-17,EQTL3,24.74
2022-02-17,FLRY3,18.45
2022-02-17,GGBR4,25.99
2022-02-17,GOAU4,10.7
2022-02-17,HAPV3,12.63
2022-02-17,HYPE3,32.13
2022-02-17,IGTI11,20.1
2022-02-17,ITSA4,10.47
2022-02-17,ITUB4,26.07
2022-02-17,KLBN11,23.2
2022-02-17,LREN3,27.23
2022-02-17,MGLU3,6.63
2022-02-17,MRFG3,22.72
2022-02-17,MRVE3,12.45
2022-02-17,MULT3,22.17
2022-02-17,NTCO3,25.32
2022-02-17,PETR3,36.1
2022-02-17,PETR4,32.8
2022-02-17,POMO4,2.94
2022-02-17,PRIO3,24.89
2022-02-17,PSSA3,21.62
2022-02-17,RADL3,23.56
2022-02-17,RAIL3,16.68
2022-02-17,RDOR3,50.16
2022-02-17,RENT3,59.42
2022-02-17,SANB11,31.83
2022-02-17,SBSP3,37.44
2022-02-17,SMFT3,18.05
2022-02-17,SUZB3,57.91
2022-02-17,TAEE11,37.36
2022-02-17,TEND3,13.36
2022-02-17,TIMS3,13.78
2022-02-17,TOTS3,32.22
2022-02-17,UGPA3,15.51
2022-02-17,USIM5,14.86
2022-02-17,VALE3,85.65
2022-02-17,VAMO3,12.07
2022-02-17,VBBR3,24.14
2022-02-17,VIVA3,26.07
2022-02-17,VIVT3,49.75
2022-02-17,WEGE3,30.65
2022-02-17,YDUQ3,22.01
2022-02-18,ABEV3,14.77
2022-02-18,ASAI3,12.7
2022-02-18,B3SA3,14.27
2022-02-18,BBAS3,36.05
2022-02-18,BBDC3,17.91
2022-02-18,BBDC4,21.31
2022-02-18,BBSE3,23.18
2022-02-18,BEEF3,9.88
2022-02-18,BPAC11,25.21
2022-02-18,BRAP4,29.05
2022-02-18,CCRO3,12.89
2022-02-18,CEAB3,5.69
2022-02-18,CMIG4,13.02
2022-02-18,CMIN3,6.3
2022-02-18,COGN3,2.41
2022-02-18,CPFE3,29.77
2022-02-18,CPLE3,6.32
2022-02-18,CSAN3,21.76
2022-02-18,CSMG3,13.69
2022-02-18,CSNA3,24.64
2022-02-18,CURY3,7.47
2022-02-18,CXSE3,8.69
2022-02-18,CYRE3,16.24
2022-02-18,DIRR3,13.07
2022-02-18,EGIE3,40.44
2022-02-18,ELET3,34.65
2022-02-18,EMBR3,19.16
2022-02-18,ENEV3,13.66
2022-02-18,ENGI11,43.83
2022-02-18,EQTL3,24.97
2022-02-18,FLRY3,18.14
2022-02-18,GGBR4,25.54
2022-02-18,GOAU4,10.53
2022-02-18,HAPV3,12.2
2022-02-18,HYPE3,32.61
2022-02-18,IGTI11,19.9
2022-02-18,ITSA4,10.52
2022-02-18,ITUB4,26.17
2022-02-18,KLBN11,23.19
2022-02-18,LREN3,27.6
2022-02-18,MGLU3,6.36
2022-02-18,MRFG3,22.33
2022-02-18,MRVE3,12.79
2022-02-18,MULT3,22.26
2022-02-18,NTCO3,23.89
2022-02-18,PETR3,35.87
2022-02-18,PETR4,33.0
2022-02-18,POMO4,2.93
2022-02-18,PRIO3,24.38
2022-02-18,PSSA3,21.53
2022-02-18,RADL3,23.7
2022-02-18,RAIL3,15.21
2022-02-18,RDOR3,50.03
2022-02-18,RENT3,58.44
2022-02-18,SANB11,32.11
2022-02-18,SBSP3,37.84
2022-02-18,SMFT3,17.73
2022-02-18,SUZB3,57.04
2022-02-18,TAEE11,37.7
2022-02-18,TEND3,13.91
2022-02-18,TIMS3,13.55
2022-02-18,TOTS3,31.82
2022-02-18,UGPA3,15.04
2022-02-18,USIM5,14.75
2022-02-18,VALE3,85.83
2022-02-18,VAMO3,11.67
2022-02-18,VBBR3,23.94
2022-02-18,VIVA3,26.3
2022-02-18,VIVT3,49.51
2022-02-18,WEGE3,29.81
2022-02-18,YDUQ3,22.18
2022-02-21,ABEV3,14.45
2022-02-21,ASAI3,12.46
2022-02-21,B3SA3,14.07
2022-02-21,BBAS3,35.28
2022-02-21,BBDC3,17.61
2022-02-21,BBDC4,21.06
2022-02-21,BBSE3,23.12
2022-02-21,BEEF3,9.58
2022-02-21,BPAC11,24.51
2022-02-21,BRAP4,29.63
2022-02-21,CCRO3,12.62
2022-02-21,CEAB3,5.39
2022-02-21,CMIG4,12.77
2022-02-21,CMIN3,6.18
2022-02-21,COGN3,2.27
2022-02-21,CPFE3,29.92
2022-02-21,CPLE3,6.25
2022-02-21,CSAN3,21.18
2022-02-21,CSMG3,13.6
2022-02-21,CSNA3,24.74
2022-02-21,CURY3,7.28
2022-02-21,CXSE3,8.44
2022-02-21,CYRE3,15.73
2022-02-21,DIRR3,12.45
2022-02-21,EGIE3,40.69
2022-02-21,ELET3,33.86
2022-02-21,EMBR3,18.35
2022-02-21,ENEV3,13.39
2022-02-21,ENGI11,43.6
2022-02-21,EQTL3,24.4
2022-02-21,FLRY3,17.73
2022-02-21,GGBR4,25.24
2022-02-21,GOAU4,10.44
2022-02-21,HAPV3,12.0
2022-02-21,HYPE3,31.91
2022-02-21,IGTI11,18.99
2022-02-21,ITSA4,10.21
2022-02-21,ITUB4,25.53
2022-02-21,KLBN11,23.26
2022-02-21,LREN3,26.37
2022-02-21,MGLU3,6.02
2022-02-21,MRFG3,21.31
2022-02-21,MRVE3,12.24
2022-02-21,MULT3,21.68
2022-02-21,NTCO3,22.44
2022-02-21,PETR3,36.84
2022-02-21,PETR4,33.85
2022-02-21,POMO4,2.84
2022-02-21,PRIO3,25.27
2022-02-21,PSSA3,21.17
2022-02-21,RADL3,23.31
2022-02-21,RAIL3,15.27
2022-02-21,RDOR3,49.02
2022-02-21,RENT3,58.05
2022-02-21,SANB11,31.72
2022-02-21,SBSP3,39.18
2022-02-21,SMFT3,16.9
2022-02-21,SUZB3,56.93
2022-02-21,TAEE11,37.85
2022-02-21,TEND3,13.47
2022-02-21,TIMS3,13.53
2022-02-21,TOTS3,31.16
2022-02-21,UGPA3,15.1
2022-02-21,USIM5,14.48
2022-02-21,VALE3,85.9
2022-02-21,VAMO3,11.0
2022-02-21,VBBR3,23.49
2022-02-21,VIVA3,25.91
2022-02-21,VIVT3,49.57
2022-02-21,WEGE3,29.52
2022-02-21,YDUQ3,21.22
2022-02-22,ABEV3,14.71
2022-02-22,ASAI3,13.1
2022-02-22,B3SA3,14.39
2022-02-22,BBAS3,35.61
2022-02-22,BBDC3,17.61
2022-02-22,BBDC4,20.98
2022-02-22,BBSE3,23.16
2022-02-22,BEEF3,10.17
2022-02-22,BPAC11,25.59
2022-02-22,BRAP4,29.46
2022-02-22,CCRO3,12.85
2022-02-22,CEAB3,5.36
2022-02-22,CMIG4,12.74
2022-02-22,CMIN3,6.26
2022-02-22,COGN3,2.43
2022-02-22,CPFE3,30.18
2022-02-22,CPLE3,6.26
2022-02-22,CSAN3,20.52
2022-02-22,CSMG3,13.71
2022-02-22,CSNA3,24.91
2022-02-22,CURY3,7.35
2022-02-22,CXSE3,8.46
2022-02-22,CYRE3,15.74
2022-02-22,DIRR3,12.51
2022-02-22,EGIE3,40.71
2022-02-22,ELET3,34.11
2022-02-22,EMBR3,17.5
2022-02-22,ENEV3,13.59
2022-02-22,ENGI11,44.25
2022-02-22,EQTL3,25.12
2022-02-22,FLRY3,19.19
2022-02-22,GGBR4,25.4
2022-02-22,GOAU4,10.51
2022-02-22,HAPV3,12.41
2022-02-22,HYPE3,32.75
2022-02-22,IGTI11,19.14
2022-02-22,ITSA4,10.23
2022-02-22,ITUB4,25.75
2022-02-22,KLBN11,23.44
2022-02-22,LREN3,25.93
2022-02-22,MGLU3,6.07
2022-02-22,MRFG3,22.13
2022-02-22,MRVE3,12.39
2022-02-22,MULT3,22.14
2022-02-22,NTCO3,22.1
2022-02-22,PETR3,36.27
2022-02-22,PETR4,33.74
2022-02-22,POMO4,2.86
2022-02-22,PRIO3,24.54
2022-02-22,PSSA3,21.1
2022-02-22,RADL3,23.75
2022-02-22,RAIL3,15.88
2022-02-22,RDOR3,51.0
2022-02-22,RENT3,61.58
2022-02-22,SANB11,31.61
2022-02-22,SBSP3,39.71
2022-02-22,SMFT3,17.3
2022-02-22,SUZB3,56.96
2022-02-22,TAEE11,38.85
2022-02-22,TEND3,14.47
2022-02-22,TIMS3,13.44
2022-02-22,TOTS3,32.61
2022-02-22,UGPA3,15.32
2022-02-22,USIM5,14.72
2022-02-22,VALE3,87.39
2022-02-22,VAMO3,11.41
2022-02-22,VBBR3,23.86
2022-02-22,VIVA3,26.47
2022-02-22,VIVT3,49.06
2022-02-22,WEGE3,29.53
2022-02-22,YDUQ3,22.22
2022-02-23,ABEV3,14.81
2022-02-23,ASAI3,13.33
2022-02-23,B3SA3,14.59
2022-02-23,BBAS3,35.79
2022-02-23,BBDC3,17.4
2022-02-23,BBDC4,20.88
2022-02-23,BBSE3,23.01
2022-02-23,BEEF3,10.09
2022-02-23,BPAC11,25.24
2022-02-23,BRAP4,28.82
2022-02-23,CCRO3,12.65
2022-02-23,CEAB3,5.31
2022-02-23,CMIG4,13.03
2022-02-23,CMIN3,6.13
2022-02-23,COGN3,2.38
2022-02-23,CPFE3,30.73
2022-02-23,CPLE3,6.31
2022-02-23,CSAN3,20.45
2022-02-23,CSMG3,14.01
2022-02-23,CSNA3,23.7
2022-02-23,CURY3,7.31
2022-02-23,CXSE3,8.4
2022-02-23,CYRE3,15.44
2022-02-23,DIRR3,12.4
2022-02-23,EGIE3,41.04
2022-02-23,ELET3,34.84
2022-02-23,EMBR3,17.09
2022-02-23,ENEV3,13.43
2022-02-23,ENGI11,44.12
2022-02-23,EQTL3,25.4
2022-02-23,FLRY3,18.74
2022-02-23,GGBR4,24.55
2022-02-23,GOAU4,10.12
2022-02-23,HAPV3,12.1
2022-02-23,HYPE3,32.54
2022-02-23,IGTI11,18.99
2022-02-23,ITSA4,10.08
2022-02-23,ITUB4,25.39
2022-02-23,KLBN11,22.65
2022-02-23,LREN3,25.7
2022-02-23,MGLU3,5.91
2022-02-23,MRFG3,22.2
2022-02-23,MRVE3,12.3
2022-02-23,MULT3,22.0
2022-02-23,NTCO3,22.48
2022-02-23,PETR3,36.28
2022-02-23,PETR4,34.22
2022-02-23,POMO4,2.82
2022-02-23,PRIO3,24.89
2022-02-23,PSSA3,21.03
2022-02-23,RADL3,22.32
2022-02-23,RAIL3,15.75
2022-02-23,RDOR3,55.5
2022-02-23,RENT3,58.36
2022-02-23,SANB11,31.4
2022-02-23,SBSP3,39.72
2022-02-23,SMFT3,17.94
2022-02-23,SUZB3,53.48
2022-02-23,TAEE11,39.67
2022-02-23,TEND3,13.66
2022-02-23,TIMS3,13.31
2022-02-23,TOTS3,32.6
2022-02-23,UGPA3,14.92
2022-02-23,USIM5,14.26
2022-02-23,VALE3,86.47
2022-02-23,VAMO3,11.45
2022-02-23,VBBR3,23.52
2022-02-23,VIVA3,26.79
2022-02-23,VIVT3,49.14
2022-02-23,WEGE3,28.6
2022-02-23,YDUQ3,22.55
2022-02-24,ABEV3,14.84
2022-02-24,ASAI3,13.54
2022-02-24,B3SA3,14.7
2022-02-24,BBAS3,34.65
2022-02-24,BBDC3,17.01
2022-02-24,BBDC4,20.25
2022-02-24,BBSE3,22.9
2022-02-24,BEEF3,10.8
2022-02-24,BPAC11,25.66
2022-02-24,BRAP4,29.0
2022-02-24,CCRO3,12.41
2022-02-24,CEAB3,5.27
2022-02-24,CMIG4,12.78
2022-02-24,CMIN3,6.08
2022-02-24,COGN3,2.37
2022-02-24,CPFE3,30.51
2022-02-24,CPLE3,6.08
2022-02-24,CSAN3,20.51
2022-02-24,CSMG3,14.01
2022-02-24,CSNA3,23.5
2022-02-24,CURY3,7.47
2022-02-24,CXSE3,8.23
2022-02-24,CYRE3,15.4
2022-02-24,DIRR3,12.41
2022-02-24,EGIE3,41.02
2022-02-24,ELET3,33.8
2022-02-24,EMBR3,17.45
2022-02-24,ENEV3,13.56
2022-02-24,ENGI11,43.66
2022-02-24,EQTL3,25.62
2022-02-24,FLRY3,18.29
2022-02-24,GGBR4,24.28
2022-02-24,GOAU4,10.04
2022-02-24,HAPV3,12.05
2022-02-24,HYPE3,32.59
2022-02-24,IGTI11,19.0
2022-02-24,ITSA4,9.92
2022-02-24,ITUB4,24.96
2022-02-24,KLBN11,22.89
2022-02-24,LREN3,25.51
2022-02-24,MGLU3,6.12
2022-02-24,MRFG3,22.98
2022-02-24,MRVE3,12.06
2022-02-24,MULT3,21.76
2022-02-24,NTCO3,23.06
2022-02-24,PETR3,35.71
2022-02-24,PETR4,33.39
2022-02-24,POMO4,2.81
2022-02-24,PRIO3,24.86
2022-02-24,PSSA3,20.85
2022-02-24,RADL3,23.19
2022-02-24,RAIL3,16.11
2022-02-24,RDOR3,51.25
2022-02-24,RENT3,58.34
2022-02-24,SANB11,30.33
2022-02-24,SBSP3,40.22
2022-02-24,SMFT3,18.65
2022-02-24,SUZB3,53.93
2022-02-24,TAEE11,39.65
2022-02-24,TEND3,13.35
2022-02-24,TIMS3,13.36
2022-02-24,TOTS3,32.82
2022-02-24,UGPA3,15.46
2022-02-24,USIM5,14.25
2022-02-24,VALE3,87.54
2022-02-24,VAMO3,11.47
2022-02-24,VBBR3,23.52
2022-02-24,VIVA3,26.16
2022-02-24,VIVT3,49.83
2022-02-24,WEGE3,29.32
2022-02-24,YDUQ3,22.0
2022-02-25,ABEV3,15.2
2022-02-25,ASAI3,13.46
2022-02-25,B3SA3,14.58
2022-02-25,BBAS3,35.21
2022-02-25,BBDC3,17.06
2022-02-25,BBDC4,20.35
2022-02-25,BBSE3,23.04
2022-02-25,BEEF3,10.81
2022-02-25,BPAC11,25.69
2022-02-25,BRAP4,30.12
2022-02-25,CCRO3,11.76
2022-02-25,CEAB3,5.17
2022-02-25,CMIG4,12.8
2022-02-25,CMIN3,6.2
2022-02-25,COGN3,2.26
2022-02-25,CPFE3,30.26
2022-02-25,CPLE3,6.09
2022-02-25,CSAN3,21.11
2022-02-25,CSMG3,14.18
2022-02-25,CSNA3,25.1
2022-02-25,CURY3,7.54
2022-02-25,CXSE3,8.32
2022-02-25,CYRE3,15.18
2022-02-25,DIRR3,12.17
2022-02-25,EGIE3,39.87
2022-02-25,ELET3,34.77
2022-02-25,EMBR3,17.6
2022-02-25,ENEV3,13.47
2022-02-25,ENGI11,44.09
2022-02-25,EQTL3,25.57
2022-02-25,FLRY3,17.96
2022-02-25,GGBR4,25.46
2022-02-25,GOAU4,10.41
2022-02-25,HAPV3,12.13
2022-02-25,HYPE3,33.5
2022-02-25,IGTI11,19.37
2022-02-25,ITSA4,10.02
2022-02-25,ITUB4,25.47
2022-02-25,KLBN11,23.2
2022-02-25,LREN3,25.32
2022-02-25,MGLU3,6.01
2022-02-25,MRFG3,22.17
2022-02-25,MRVE3,11.95
2022-02-25,MULT3,22.09
2022-02-25,NTCO3,23.15
2022-02-25,PETR3,36.37
2022-02-25,PETR4,34.0
2022-02-25,POMO4,2.9
2022-02-25,PRIO3,25.82
2022-02-25,PSSA3,20.98
2022-02-25,RADL3,23.36
2022-02-25,RAIL3,15.5
2022-02-25,RDOR3,51.0
2022-02-25,RENT3,57.52
2022-02-25,SANB11,30.94
2022-02-25,SBSP3,41.41
2022-02-25,SMFT3,18.5
2022-02-25,SUZB3,55.07
2022-02-25,TAEE11,39.43
2022-02-25,TEND3,12.59
2022-02-25,TIMS3,13.61
2022-02-25,TOTS3,33.05
2022-02-25,UGPA3,14.81
2022-02-25,USIM5,14.71
2022-02-25,VALE3,92.28
2022-02-25,VAMO3,11.05
2022-02-25,VBBR3,23.59
2022-02-25,VIVA3,26.27
2022-02-25,VIVT3,50.17
2022-02-25,WEGE3,29.4
2022-02-25,YDUQ3,21.25
2022-03-02,ABEV3,14.52
2022-03-02,ASAI3,13.27
2022-03-02,B3SA3,14.32
2022-03-02,BBAS3,35.6
2022-03-02,BBDC3,16.92
2022-03-02,BBDC4,20.14
2022-03-02,BBSE3,23.09
2022-03-02,BEEF3,11.1
2022-03-02,BPAC11,24.93
2022-03-02,BRAP4,32.09
2022-03-02,CCRO3,11.62
2022-03-02,CEAB3,5.07
2022-03-02,CMIG4,13.17
2022-03-02,CMIN3,6.48
2022-03-02,COGN3,2.23
2022-03-02,CPFE3,30.55
2022-03-02,CPLE3,6.2
2022-03-02,CSAN3,21.81
2022-03-02,CSMG3,13.97
2022-03-02,CSNA3,27.13
2022-03-02,CURY3,7.55
2022-03-02,CXSE3,8.34
2022-03-02,CYRE3,14.86
2022-03-02,DIRR3,12.06
2022-03-02,EGIE3,40.06
2022-03-02,ELET3,34.5
2022-03-02,EMBR3,17.76
2022-03-02,ENEV3,13.48
2022-03-02,ENGI11,43.38
2022-03-02,EQTL3,25.57
2022-03-02,FLRY3,17.86
2022-03-02,GGBR4,27.1
2022-03-02,GOAU4,11.08
2022-03-02,HAPV3,12.65
2022-03-02,HYPE3,33.35
2022-03-02,IGTI11,19.06
2022-03-02,ITSA4,9.95
2022-03-02,ITUB4,25.03
2022-03-02,KLBN11,23.15
2022-03-02,LREN3,25.24
2022-03-02,MGLU3,6.31
2022-03-02,MRFG3,22.75
2022-03-02,MRVE3,11.77
2022-03-02,MULT3,21.39
2022-03-02,NTCO3,22.22
2022-03-02,PETR3,37.52
2022-03-02,PETR4,34.67
2022-03-02,POMO4,2.74
2022-03-02,PRIO3,28.15
2022-03-02,PSSA3,20.93
2022-03-02,RADL3,23.08
2022-03-02,RAIL3,15.64
2022-03-02,RDOR3,51.89
2022-03-02,RENT3,56.56
2022-03-02,SANB11,30.76
2022-03-02,SBSP3,41.79
2022-03-02,SMFT3,18.25
2022-03-02,SUZB3,55.0
2022-03-02,TAEE11,39.88
2022-03-02,TEND3,12.27
2022-03-02,TIMS3,13.45
2022-03-02,TOTS3,33.35
2022-03-02,UGPA3,14.31
2022-03-02,USIM5,15.37
2022-03-02,VALE3,99.65
2022-03-02,VAMO3,11.22
2022-03-02,VBBR3,23.74
2022-03-02,VIVA3,26.0
2022-03-02,VIVT3,49.15
2022-03-02,WEGE3,30.25
2022-03-02,YDUQ3,20.59
2022-03-03,ABEV3,14.18
2022-03-03,ASAI3,13.15
2022-03-03,B3SA3,14.77
2022-03-03,BBAS3,34.77
2022-03-03,BBDC3,17.12
2022-03-03,BBDC4,20.51
2022-03-03,BBSE3,23.07
2022-03-03,BEEF3,10.87
2022-03-03,BPAC11,24.77
2022-03-03,BRAP4,32.8
2022-03-03,CCRO3,11.67
2022-03-03,CEAB3,5.05
2022-03-03,CMIG4,13.26
2022-03-03,CMIN3,6.63
2022-03-03,COGN3,2.21
2022-03-03,CPFE3,30.23
2022-03-03,CPLE3,6.21
2022-03-03,CSAN3,22.35
2022-03-03,CSMG3,14.4
2022-03-03,CSNA3,28.49
2022-03-03,CURY3,7.55
2022-03-03,CXSE3,8.52
2022-03-03,CYRE3,14.9
2022-03-03,DIRR3,11.99
2022-03-03,EGIE3,39.35
2022-03-03,ELET3,35.09
2022-03-03,EMBR3,17.02
2022-03-03,ENEV3,13.16
2022-03-03,ENGI11,43.04
2022-03-03,EQTL3,25.62
2022-03-03,FLRY3,17.9
2022-03-03,GGBR4,28.3
2022-03-03,GOAU4,11.45
2022-03-03,HAPV3,12.29
2022-03-03,HYPE3,33.32
2022-03-03,IGTI11,19.58
2022-03-03,ITSA4,9.98
2022-03-03,ITUB4,25.05
2022-03-03,KLBN11,23.2
2022-03-03,LREN3,24.76
2022-03-03,MGLU3,6.31
2022-03-03,MRFG3,22.04
2022-03-03,MRVE3,11.85
2022-03-03,MULT3,21.72
2022-03-03,NTCO3,22.51
2022-03-03,PETR3,37.22
2022-03-03,PETR4,34.24
2022-03-03,POMO4,2.64
2022-03-03,PRIO3,28.46
2022-03-03,PSSA3,21.21
2022-03-03,RADL3,23.85
2022-03-03,RAIL3,15.57
2022-03-03,RDOR3,51.35
2022-03-03,RENT3,55.56
2022-03-03,SANB11,31.15
2022-03-03,SBSP3,42.12
2022-03-03,SMFT3,18.63
2022-03-03,SUZB3,53.73
2022-03-03,TAEE11,39.74
2022-03-03,TEND3,11.99
2022-03-03,TIMS3,13.26
2022-03-03,TOTS3,33.49
2022-03-03,UGPA3,14.19
2022-03-03,USIM5,15.93
2022-03-03,VALE3,99.7
2022-03-03,VAMO3,11.3
2022-03-03,VBBR3,23.35
2022-03-03,VIVA3,26.1
2022-03-03,VIVT3,48.79
2022-03-03,WEGE3,31.25
2022-03-03,YDUQ3,20.32
2022-03-04,ABEV3,13.93
2022-03-04,ASAI3,12.71
2022-03-04,B3SA3,14.44
2022-03-04,BBAS3,33.9
2022-03-04,BBDC3,16.79
2022-03-04,BBDC4,19.92
2022-03-04,BBSE3,22.54
2022-03-04,BEEF3,10.96
2022-03-04,BPAC11,24.08
2022-03-04,BRAP4,34.43
2022-03-04,CCRO3,11.37
2022-03-04,CEAB3,4.91
2022-03-04,CMIG4,12.99
2022-03-04,CMIN3,6.74
2022-03-04,COGN3,2.18
2022-03-04,CPFE3,29.65
2022-03-04,CPLE3,6.3
2022-03-04,CSAN3,22.31
2022-03-04,CSMG3,14.24
2022-03-04,CSNA3,29.0
2022-03-04,CURY3,7.05
2022-03-04,CXSE3,8.27
2022-03-04,CYRE3,14.41
2022-03-04,DIRR3,11.5
2022-03-04,EGIE3,39.47
2022-03-04,ELET3,34.69
2022-03-04,EMBR3,16.43
2022-03-04,ENEV3,12.79
2022-03-04,ENGI11,41.83
2022-03-04,EQTL3,25.35
2022-03-04,FLRY3,17.85
2022-03-04,GGBR4,29.4
2022-03-04,GOAU4,11.83
2022-03-04,HAPV3,11.98
2022-03-04,HYPE3,32.37
2022-03-04,IGTI11,18.87
2022-03-04,ITSA4,9.87
2022-03-04,ITUB4,24.67
2022-03-04,KLBN11,24.32
2022-03-04,LREN3,24.13
2022-03-04,MGLU3,6.29
2022-03-04,MRFG3,20.96
2022-03-04,MRVE3,11.56
2022-03-04,MULT3,21.06
2022-03-04,NTCO3,22.21
2022-03-04,PETR3,36.97
2022-03-04,PETR4,34.23
2022-03-04,POMO4,2.62
2022-03-04,PRIO3,28.2
2022-03-04,PSSA3,20.78
2022-03-04,RADL3,23.79
2022-03-04,RAIL3,15.25
2022-03-04,RDOR3,51.3
2022-03-04,RENT3,53.21
2022-03-04,SANB11,30.57
2022-03-04,SBSP3,42.39
2022-03-04,SMFT3,17.97
2022-03-04,SUZB3,57.33
2022-03-04,TAEE11,41.32
2022-03-04,TEND3,11.7
2022-03-04,TIMS3,12.93
2022-03-04,TOTS3,32.48
2022-03-04,UGPA3,13.94
2022-03-04,USIM5,15.83
2022-03-04,VALE3,101.97
2022-03-04,VAMO3,10.93
2022-03-04,VBBR3,22.68
2022-03-04,VIVA3,26.06
2022-03-04,VIVT3,48.64
2022-03-04,WEGE3,31.51
2022-03-04,YDUQ3,19.54
2022-03-07,ABEV3,13.43
2022-03-07,ASAI3,12.28
2022-03-07,B3SA3,13.9
2022-03-07,BBAS3,32.45
2022-03-07,BBDC3,16.27
2022-03-07,BBDC4,19.41
2022-03-07,BBSE3,22.1
2022-03-07,BEEF3,10.87
2022-03-07,BPAC11,23.0
2022-03-07,BRAP4,35.67
2022-03-07,CCRO3,11.03
2022-03-07,CEAB3,4.45
2022-03-07,CMIG4,12.29
2022-03-07,CMIN3,6.78
2022-03-07,COGN3,2.05
2022-03-07,CPFE3,29.23
2022-03-07,CPLE3,6.11
2022-03-07,CSAN3,21.92
2022-03-07,CSMG3,13.51
2022-03-07,CSNA3,28.94
2022-03-07,CURY3,6.65
2022-03-07,CXSE3,7.9
2022-03-07,CYRE3,13.54
2022-03-07,DIRR3,10.87
2022-03-07,EGIE3,39.12
2022-03-07,ELET3,32.88
2022-03-07,EMBR3,15.32
2022-03-07,ENEV3,12.23
2022-03-07,ENGI11,41.24
2022-03-07,EQTL3,24.99
2022-03-07,FLRY3,17.1
2022-03-07,GGBR4,28.87
2022-03-07,GOAU4,11.58
2022-03-07,HAPV3,11.81
2022-03-07,HYPE3,32.0
2022-03-07,IGTI11,18.0
2022-03-07,ITSA4,9.55
2022-03-07,ITUB4,24.14
2022-03-07,KLBN11,24.51
2022-03-07,LREN3,21.98
2022-03-07,MGLU3,5.85
2022-03-07,MRFG3,21.3
2022-03-07,MRVE3,11.05
2022-03-07,MULT3,20.43
2022-03-07,NTCO3,20.3
2022-03-07,PETR3,34.14
2022-03-07,PETR4,31.8
2022-03-07,POMO4,2.48
2022-03-07,PRIO3,27.55
2022-03-07,PSSA3,19.51
2022-03-07,RADL3,22.92
2022-03-07,RAIL3,15.55
2022-03-07,RDOR3,51.98
2022-03-07,RENT3,51.0
2022-03-07,SANB11,29.63
2022-03-07,SBSP3,41.4
2022-03-07,SMFT3,17.1
2022-03-07,SUZB3,58.08
2022-03-07,TAEE11,40.45
2022-03-07,TEND3,11.21
2022-03-07,TIMS3,12.5
2022-03-07,TOTS3,31.0
2022-03-07,UGPA3,13.03
2022-03-07,USIM5,15.31
2022-03-07,VALE3,105.07
2022-03-07,VAMO3,10.16
2022-03-07,VBBR3,21.63
2022-03-07,VIVA3,24.01
2022-03-07,VIVT3,48.64
2022-03-07,WEGE3,31.08
2022-03-07,YDUQ3,18.01
2022-03-08,ABEV3,13.44
2022-03-08,ASAI3,12.3
2022-03-08,B3SA3,13.62
2022-03-08,BBAS3,32.7
2022-03-08,BBDC3,16.41
2022-03-08,BBDC4,19.66
2022-03-08,BBSE3,21.88
2022-03-08,BEEF3,10.94
2022-03-08,BPAC11,23.44
2022-03-08,BRAP4,34.65
2022-03-08,CCRO3,11.67
2022-03-08,CEAB3,4.5
2022-03-08,CMIG4,12.52
2022-03-08,CMIN3,6.53
2022-03-08,COGN3,2.13
2022-03-08,CPFE3,29.59
2022-03-08,CPLE3,6.16
2022-03-08,CSAN3,22.03
2022-03-08,CSMG3,13.44
2022-03-08,CSNA3,27.55
2022-03-08,CURY3,6.64
2022-03-08,CXSE3,8.05
2022-03-08,CYRE3,13.79
2022-03-08,DIRR3,10.96
2022-03-08,EGIE3,39.02
2022-03-08,ELET3,33.31
2022-03-08,EMBR3,15.6
2022-03-08,ENEV3,12.48
2022-03-08,ENGI11,41.26
2022-03-08,EQTL3,24.89
2022-03-08,FLRY3,16.84
2022-03-08,GGBR4,27.92
2022-03-08,GOAU4,11.3
2022-03-08,HAPV3,11.74
2022-03-08,HYPE3,32.39
2022-03-08,IGTI11,18.11
2022-03-08,ITSA4,9.53
2022-03-08,ITUB4,23.91
2022-03-08,KLBN11,24.65
2022-03-08,LREN3,23.38
2022-03-08,MGLU3,6.05
2022-03-08,MRFG3,21.86
2022-03-08,MRVE3,11.09
2022-03-08,MULT3,20.48
2022-03-08,NTCO3,20.62
2022-03-08,PETR3,34.69
2022-03-08,PETR4,32.46
2022-03-08,POMO4,2.46
2022-03-08,PRIO3,27.94
2022-03-08,PSSA3,19.63
2022-03-08,RADL3,22.47
2022-03-08,RAIL3,16.15
2022-03-08,RDOR3,51.68
2022-03-08,RENT3,51.78
2022-03-08,SANB11,29.68
2022-03-08,SBSP3,41.11
2022-03-08,SMFT3,18.78
2022-03-08,SUZB3,57.94
2022-03-08,TAEE11,40.0
2022-03-08,TEND3,11.47
2022-03-08,TIMS3,12.63
2022-03-08,TOTS3,31.45
2022-03-08,UGPA3,12.91
2022-03-08,USIM5,15.15
2022-03-08,VALE3,100.46
2022-03-08,VAMO3,10.43
2022-03-08,VBBR3,21.78
2022-03-08,VIVA3,24.52
2022-03-08,VIVT3,48.8
2022-03-08,WEGE3,31.57
2022-03-08,YDUQ3,18.08
2022-03-09,ABEV3,13.93
2022-03-09,ASAI3,13.4
2022-03-09,B3SA3,13.8
2022-03-09,BBAS3,34.55
2022-03-09,BBDC3,17.35
2022-03-09,BBDC4,20.92
2022-03-09,BBSE3,22.39
2022-03-09,BEEF3,11.35
2022-03-09,BPAC11,25.05
2022-03-09,BRAP4,33.99
2022-03-09,CCRO3,12.33
2022-03-09,CEAB3,4.73
2022-03-09,CMIG4,13.0
2022-03-09,CMIN3,6.71
2022-03-09,COGN3,2.2
2022-03-09,CPFE3,30.25
2022-03-09,CPLE3,6.37
2022-03-09,CSAN3,22.62
2022-03-09,CSMG3,14.01
2022-03-09,CSNA3,27.97
2022-03-09,CURY3,7.24
2022-03-09,CXSE3,7.95
2022-03-09,CYRE3,14.59
2022-03-09,DIRR3,12.07
2022-03-09,EGIE3,39.89
2022-03-09,ELET3,34.94
2022-03-09,EMBR3,16.48
2022-03-09,ENEV3,12.99
2022-03-09,ENGI11,43.33
2022-03-09,EQTL3,25.77
2022-03-09,FLRY3,17.41
2022-03-09,GGBR4,28.86
2022-03-09,GOAU4,11.6
2022-03-09,HAPV3,12.23
2022-03-09,HYPE3,33.33
2022-03-09,IGTI11,19.17
2022-03-09,ITSA4,10.04
2022-03-09,ITUB4,25.1
2022-03-09,KLBN11,24.8
2022-03-09,LREN3,24.46
2022-03-09,MGLU3,6.23
2022-03-09,MRFG3,22.5
2022-03-09,MRVE3,12.3
2022-03-09,MULT3,21.18
2022-03-09,NTCO3,23.97
2022-03-09,PETR3,34.68
2022-03-09,PETR4,32.56
2022-03-09,POMO4,2.47
2022-03-09,PRIO3,26.14
2022-03-09,PSSA3,20.47
2022-03-09,RADL3,23.04
2022-03-09,RAIL3,16.47
2022-03-09,RDOR3,52.38
2022-03-09,RENT3,55.78
2022-03-09,SANB11,32.29
2022-03-09,SBSP3,43.39
2022-03-09,SMFT3,19.59
2022-03-09,SUZB3,59.08
2022-03-09,TAEE11,40.93
2022-03-09,TEND3,12.51
2022-03-09,TIMS3,12.98
2022-03-09,TOTS3,33.04
2022-03-09,UGPA3,13.5
2022-03-09,USIM5,15.21
2022-03-09,VALE3,94.19
2022-03-09,VAMO3,10.85
2022-03-09,VBBR3,22.23
2022-03-09,VIVA3,25.9
2022-03-09,VIVT3,49.65
2022-03-09,WEGE3,32.67
2022-03-09,YDUQ3,19.34
2022-03-10,ABEV3,13.38
2022-03-10,ASAI3,13.31
2022-03-10,B3SA3,13.31
2022-03-10,BBAS3,34.1
2022-03-10,BBDC3,17.19
2022-03-10,BBDC4,20.79
2022-03-10,BBSE3,22.57
2022-03-10,BEEF3,11.22
2022-03-10,BPAC11,24.44
2022-03-10,BRAP4,34.71
2022-03-10,CCRO3,12.18
2022-03-10,CEAB3,4.51
2022-03-10,CMIG4,12.86
2022-03-10,CMIN3,6.5
2022-03-10,COGN3,2.23
2022-03-10,CPFE3,30.61
2022-03-10,CPLE3,6.4
2022-03-10,CSAN3,22.05
2022-03-10,CSMG3,13.67
2022-03-10,CSNA3,27.5
2022-03-10,CURY3,6.93
2022-03-10,CXSE3,8.01
2022-03-10,CYRE3,14.62
2022-03-10,DIRR3,11.77
2022-03-10,EGIE3,39.94
2022-03-10,ELET3,34.68
2022-03-10,EMBR3,14.02
2022-03-10,ENEV3,12.5
2022-03-10,ENGI11,42.94
2022-03-10,EQTL3,25.7
2022-03-10,FLRY3,17.27
2022-03-10,GGBR4,30.19
2022-03-10,GOAU4,11.97
2022-03-10,HAPV3,11.96
2022-03-10,HYPE3,32.63
2022-03-10,IGTI11,19.05
2022-03-10,ITSA4,9.92
2022-03-10,ITUB4,25.12
2022-03-10,KLBN11,25.36
2022-03-10,LREN3,23.74
2022-03-10,MGLU3,5.96
2022-03-10,MRFG3,21.74
2022-03-10,MRVE3,11.86
2022-03-10,MULT3,21.04
2022-03-10,NTCO3,21.74
2022-03-10,PETR3,35.65
2022-03-10,PETR4,33.7
2022-03-10,POMO4,2.49
2022-03-10,PRIO3,25.82
2022-03-10,PSSA3,19.44
2022-03-10,RADL3,22.36
2022-03-10,RAIL3,16.26
2022-03-10,RDOR3,51.27
2022-03-10,RENT3,55.06
2022-03-10,SANB11,32.26
2022-03-10,SBSP3,42.29
2022-03-10,SMFT3,18.83
2022-03-10,SUZB3,60.83
2022-03-10,TAEE11,41.08
2022-03-10,TEND3,12.25
2022-03-10,TIMS3,12.66
2022-03-10,TOTS3,32.58
2022-03-10,UGPA3,12.99
2022-03-10,USIM5,15.4
2022-03-10,VALE3,97.3
2022-03-10,VAMO3,10.78
2022-03-10,VBBR3,22.11
2022-03-10,VIVA3,25.69
2022-03-10,VIVT3,49.2
2022-03-10,WEGE3,31.72
2022-03-10,YDUQ3,18.95
2022-03-11,ABEV3,13.18
2022-03-11,ASAI3,12.98
2022-03-11,B3SA3,13.26
2022-03-11,BBAS3,33.42
2022-03-11,BBDC3,17.04
2022-03-11,BBDC4,20.7
2022-03-11,BBSE3,22.5
2022-03-11,BEEF3,11.28
2022-03-11,BPAC11,24.06
2022-03-11,BRAP4,34.3
2022-03-11,CCRO3,11.89
2022-03-11,CEAB3,4.4
2022-03-11,CMIG4,12.65
2022-03-11,CMIN3,6.44
2022-03-11,COGN3,2.12
2022-03-11,CPFE3,30.58
2022-03-11,CPLE3,6.41
2022-03-11,CSAN3,21.54
2022-03-11,CSMG3,13.66
2022-03-11,CSNA3,25.88
2022-03-11,CURY3,6.76
2022-03-11,CXSE3,7.78
2022-03-11,CYRE3,14.0
2022-03-11,DIRR3,10.97
2022-03-11,EGIE3,39.81
2022-03-11,ELET3,34.03
2022-03-11,EMBR3,13.18
2022-03-11,ENEV3,11.98
2022-03-11,ENGI11,42.48
2022-03-11,EQTL3,25.34
2022-03-11,FLRY3,16.67
2022-03-11,GGBR4,30.22
2022-03-11,GOAU4,11.95
2022-03-11,HAPV3,11.48
2022-03-11,HYPE3,32.13
2022-03-11,IGTI11,18.08
2022-03-11,ITSA4,9.82
2022-03-11,ITUB4,24.84
2022-03-11,KLBN11,25.58
2022-03-11,LREN3,22.85
2022-03-11,MGLU3,5.69
2022-03-11,MRFG3,20.25
2022-03-11,MRVE3,10.45
2022-03-11,MULT3,20.41
2022-03-11,NTCO3,21.22
2022-03-11,PETR3,34.81
2022-03-11,PETR4,32.49
2022-03-11,POMO4,2.35
2022-03-11,PRIO3,24.91
2022-03-11,PSSA3,19.41
2022-03-11,RADL3,22.0
2022-03-11,RAIL3,15.56
2022-03-11,RDOR3,51.09
2022-03-11,RENT3,53.71
2022-03-11,SANB11,32.33
2022-03-11,SBSP3,41.84
2022-03-11,SMFT3,17.95
2022-03-11,SUZB3,61.08
2022-03-11,TAEE11,40.85
2022-03-11,TEND3,9.17
2022-03-11,TIMS3,12.78
2022-03-11,TOTS3,32.52
2022-03-11,UGPA3,12.33
2022-03-11,USIM5,14.74
2022-03-11,VALE3,96.79
2022-03-11,VAMO3,10.1
2022-03-11,VBBR3,21.56
2022-03-11,VIVA3,24.69
2022-03-11,VIVT3,49.77
2022-03-11,WEGE3,31.39
2022-03-11,YDUQ3,18.02
2022-03-14,ABEV3,13.32
2022-03-14,ASAI3,13.1
2022-03-14,B3SA3,13.26
2022-03-14,BBAS3,33.63
2022-03-14,BBDC3,17.21
2022-03-14,BBDC4,20.85
2022-03-14,BBSE3,22.47
2022-03-14,BEEF3,11.17
2022-03-14,BPAC11,23.59
2022-03-14,BRAP4,33.1
2022-03-14,CCRO3,11.74
2022-03-14,CEAB3,4.4
2022-03-14,CMIG4,12.72
2022-03-14,CMIN3,6.04
2022-03-14,COGN3,2.08
2022-03-14,CPFE3,30.89
2022-03-14,CPLE3,6.29
2022-03-14,CSAN3,21.05
2022-03-14,CSMG3,13.48
2022-03-14,CSNA3,24.37
2022-03-14,CURY3,6.27
2022-03-14,CXSE3,7.65
2022-03-14,CYRE3,14.04
2022-03-14,DIRR3,11.12
2022-03-14,EGIE3,40.05
2022-03-14,ELET3,33.69
2022-03-14,EMBR3,13.14
2022-03-14,ENEV3,11.93
2022-03-14,ENGI11,42.7
2022-03-14,EQTL3,25.63
2022-03-14,FLRY3,16.62
2022-03-14,GGBR4,28.87
2022-03-14,GOAU4,11.52
2022-03-14,HAPV3,11.32
2022-03-14,HYPE3,32.2
2022-03-14,IGTI11,17.8
2022-03-14,ITSA4,9.9
2022-03-14,ITUB4,25.19
2022-03-14,KLBN11,25.33
2022-03-14,LREN3,22.3
2022-03-14,MGLU3,5.33
2022-03-14,MRFG3,20.25
2022-03-14,MRVE3,10.09
2022-03-14,MULT3,20.05
2022-03-14,NTCO3,20.75
2022-03-14,PETR3,34.37
2022-03-14,PETR4,31.87
2022-03-14,POMO4,2.32
2022-03-14,PRIO3,23.56
2022-03-14,PSSA3,19.24
2022-03-14,RADL3,21.95
2022-03-14,RAIL3,15.38
2022-03-14,RDOR3,50.37
2022-03-14,RENT3,53.5
2022-03-14,SANB11,33.74
2022-03-14,SBSP3,42.43
2022-03-14,SMFT3,17.59
2022-03-14,SUZB3,59.82
2022-03-14,TAEE11,40.65
2022-03-14,TEND3,8.1
2022-03-14,TIMS3,12.71
2022-03-14,TOTS3,32.03
2022-03-14,UGPA3,12.2
2022-03-14,USIM5,13.97
2022-03-14,VALE3,91.6
2022-03-14,VAMO3,10.28
2022-03-14,VBBR3,21.46
2022-03-14,VIVA3,23.88
2022-03-14,VIVT3,50.14
2022-03-14,WEGE3,31.02
2022-03-14,YDUQ3,17.82
2022-03-15,ABEV3,13.47
2022-03-15,ASAI3,13.42
2022-03-15,B3SA3,13.3
2022-03-15,BBAS3,33.04
2022-03-15,BBDC3,17.12
2022-03-15,BBDC4,20.8
2022-03-15,BBSE3,22.46
2022-03-15,BEEF3,11.59
2022-03-15,BPAC11,23.71
2022-03-15,BRAP4,32.81
2022-03-15,CCRO3,11.78
2022-03-15,CEAB3,4.66
2022-03-15,CMIG4,12.74
2022-03-15,CMIN3,5.72
2022-03-15,COGN3,2.11
2022-03-15,CPFE3,30.74
2022-03-15,CPLE3,6.32
2022-03-15,CSAN3,20.9
2022-03-15,CSMG3,13.34
2022-03-15,CSNA3,23.35
2022-03-15,CURY3,6.6
2022-03-15,CXSE3,7.75
2022-03-15,CYRE3,14.52
2022-03-15,DIRR3,11.09
2022-03-15,EGIE3,39.99
2022-03-15,ELET3,33.75
2022-03-15,EMBR3,13.51
2022-03-15,ENEV3,12.03
2022-03-15,ENGI11,42.86
2022-03-15,EQTL3,25.68
2022-03-15,FLRY3,16.35
2022-03-15,GGBR4,27.56
2022-03-15,GOAU4,11.18
2022-03-15,HAPV3,11.27
2022-03-15,HYPE3,33.14
2022-03-15,IGTI11,17.57
2022-03-15,ITSA4,9.81
2022-03-15,ITUB4,25.1
2022-03-15,KLBN11,24.67
2022-03-15,LREN3,22.38
2022-03-15,MGLU3,4.87
2022-03-15,MRFG3,20.24
2022-03-15,MRVE3,10.34
2022-03-15,MULT3,19.74
2022-03-15,NTCO3,21.82
2022-03-15,PETR3,33.73
2022-03-15,PETR4,31.1
2022-03-15,POMO4,2.34
2022-03-15,PRIO3,23.71
2022-03-15,PSSA3,19.4
2022-03-15,RADL3,22.38
2022-03-15,RAIL3,15.25
2022-03-15,RDOR3,51.14
2022-03-15,RENT3,53.14
2022-03-15,SANB11,33.29
2022-03-15,SBSP3,42.73
2022-03-15,SMFT3,18.0
2022-03-15,SUZB3,58.56
2022-03-15,TAEE11,41.23
2022-03-15,TEND3,8.6
2022-03-15,TIMS3,12.72
2022-03-15,TOTS3,32.14
2022-03-15,UGPA3,12.39
2022-03-15,USIM5,13.37
2022-03-15,VALE3,88.97
2022-03-15,VAMO3,10.44
2022-03-15,VBBR3,21.42
2022-03-15,VIVA3,23.91
2022-03-15,VIVT3,50.87
2022-03-15,WEGE3,30.2
2022-03-15,YDUQ3,18.32
2022-03-16,ABEV3,13.78
2022-03-16,ASAI3,13.6
2022-03-16,B3SA3,13.6
2022-03-16,BBAS3,33.48
2022-03-16,BBDC3,17.41
2022-03-16,BBDC4,21.1
2022-03-16,BBSE3,22.8
2022-03-16,BEEF3,11.86
2022-03-16,BPAC11,24.46
2022-03-16,BRAP4,33.58
2022-03-16,CCRO3,12.36
2022-03-16,CEAB3,4.85
2022-03-16,CMIG4,12.73
2022-03-16,CMIN3,5.67
2022-03-16,COGN3,2.08
2022-03-16,CPFE3,30.74
2022-03-16,CPLE3,6.35
2022-03-16,CSAN3,20.95
2022-03-16,CSMG3,13.85
2022-03-16,CSNA3,23.9
2022-03-16,CURY3,6.7
2022-03-16,CXSE3,7.6
2022-03-16,CYRE3,14.97
2022-03-16,DIRR3,10.66
2022-03-16,EGIE3,40.38
2022-03-16,ELET3,33.46
2022-03-16,EMBR3,14.29
2022-03-16,ENEV3,12.15
2022-03-16,ENGI11,43.41
2022-03-16,EQTL3,25.85
2022-03-16,FLRY3,17.27
2022-03-16,GGBR4,28.16
2022-03-16,GOAU4,11.26
2022-03-16,HAPV3,12.02
2022-03-16,HYPE3,33.68
2022-03-16,IGTI11,17.98
2022-03-16,ITSA4,9.99
2022-03-16,ITUB4,25.59
2022-03-16,KLBN11,25.2
2022-03-16,LREN3,22.8
2022-03-16,MGLU3,5.13
2022-03-16,MRFG3,20.49
2022-03-16,MRVE3,10.63
2022-03-16,MULT3,19.95
2022-03-16,NTCO3,23.41
2022-03-16,PETR3,33.76
2022-03-16,PETR4,30.83
2022-03-16,POMO4,2.42
2022-03-16,PRIO3,23.16
2022-03-16,PSSA3,19.58
2022-03-16,RADL3,22.4
2022-03-16,RAIL3,15.71
2022-03-16,RDOR3,52.01
2022-03-16,RENT3,53.98
2022-03-16,SANB11,34.15
2022-03-16,SBSP3,43.28
2022-03-16,SMFT3,18.85
2022-03-16,SUZB3,60.61
2022-03-16,TAEE11,41.35
2022-03-16,TEND3,8.72
2022-03-16,TIMS3,13.19
2022-03-16,TOTS3,32.9
2022-03-16,UGPA3,12.31
2022-03-16,USIM5,13.66
2022-03-16,VALE3,91.13
2022-03-16,VAMO3,10.49
2022-03-16,VBBR3,21.85
2022-03-16,VIVA3,23.97
2022-03-16,VIVT3,51.49
2022-03-16,WEGE3,31.98
2022-03-16,YDUQ3,16.4
2022-03-17,ABEV3,13.93
2022-03-17,ASAI3,13.73
2022-03-17,B3SA3,13.9
2022-03-17,BBAS3,33.79
2022-03-17,BBDC3,17.54
2022-03-17,BBDC4,21.18
2022-03-17,BBSE3,23.3
2022-03-17,BEEF3,11.74
2022-03-17,BPAC11,25.14
2022-03-17,BRAP4,34.62
2022-03-17,CCRO3,12.78
2022-03-17,CEAB3,4.97
2022-03-17,CMIG4,13.54
2022-03-17,CMIN3,5.75
2022-03-17,COGN3,2.17
2022-03-17,CPFE3,31.75
2022-03-17,CPLE3,6.5
2022-03-17,CSAN3,21.95
2022-03-17,CSMG3,14.15
2022-03-17,CSNA3,25.8
2022-03-17,CURY3,6.79
2022-03-17,CXSE3,7.91
2022-03-17,CYRE3,14.7
2022-03-17,DIRR3,10.14
2022-03-17,EGIE3,41.05
2022-03-17,ELET3,34.1
2022-03-17,EMBR3,14.7
2022-03-17,ENEV3,12.65
2022-03-17,ENGI11,44.26
2022-03-17,EQTL3,26.24
2022-03-17,FLRY3,16.86
2022-03-17,GGBR4,29.53
2022-03-17,GOAU4,11.88
2022-03-17,HAPV3,11.87
2022-03-17,HYPE3,34.49
2022-03-17,IGTI11,18.32
2022-03-17,ITSA4,10.26
2022-03-17,ITUB4,26.15
2022-03-17,KLBN11,25.88
2022-03-17,LREN3,22.9
2022-03-17,MGLU3,5.54
2022-03-17,MRFG3,20.79
2022-03-17,MRVE3,10.11
2022-03-17,MULT3,20.5
2022-03-17,NTCO3,24.8
2022-03-17,PETR3,32.87
2022-03-17,PETR4,30.01
2022-03-17,POMO4,2.38
2022-03-17,PRIO3,25.05
2022-03-17,PSSA3,19.65
2022-03-17,RADL3,22.48
2022-03-17,RAIL3,16.58
2022-03-17,RDOR3,51.8
2022-03-17,RENT3,54.6
2022-03-17,SANB11,34.75
2022-03-17,SBSP3,44.33
2022-03-17,SMFT3,19.3
2022-03-17,SUZB3,61.59
2022-03-17,TAEE11,41.75
2022-03-17,TEND3,8.1
2022-03-17,TIMS3,13.4
2022-03-17,TOTS3,33.07
2022-03-17,UGPA3,12.79
2022-03-17,USIM5,14.29
2022-03-17,VALE3,94.3
2022-03-17,VAMO3,10.83
2022-03-17,VBBR3,22.36
2022-03-17,VIVA3,24.78
2022-03-17,VIVT3,52.25
2022-03-17,WEGE3,33.1
2022-03-17,YDUQ3,15.81
2022-03-18,ABEV3,14.25
2022-03-18,ASAI3,14.22
2022-03-18,B3SA3,14.11
2022-03-18,BBAS3,33.72
2022-03-18,BBDC3,17.5
2022-03-18,BBDC4,21.13
2022-03-18,BBSE3,23.34
2022-03-18,BEEF3,11.61
2022-03-18,BPAC11,25.6
2022-03-18,BRAP4,35.21
2022-03-18,CCRO3,12.85
2022-03-18,CEAB3,5.16
2022-03-18,CMIG4,13.99
2022-03-18,CMIN3,6.14
2022-03-18,COGN3,2.17
2022-03-18,CPFE3,32.23
2022-03-18,CPLE3,6.74
2022-03-18,CSAN3,22.76
2022-03-18,CSMG3,14.1
2022-03-18,CSNA3,25.68
2022-03-18,CURY3,7.19
2022-03-18,CXSE3,8.29
2022-03-18,CYRE3,16.08
2022-03-18,DIRR3,10.46
2022-03-18,EGIE3,40.9
2022-03-18,ELET3,35.06
2022-03-18,EMBR3,15.08
2022-03-18,ENEV3,13.88
2022-03-18,ENGI11,45.45
2022-03-18,EQTL3,26.74
2022-03-18,FLRY3,16.5
2022-03-18,GGBR4,30.49
2022-03-18,GOAU4,12.15
2022-03-18,HAPV3,11.9
2022-03-18,HYPE3,34.62
2022-03-18,IGTI11,18.8
2022-03-18,ITSA4,10.41
2022-03-18,ITUB4,26.34
2022-03-18,KLBN11,26.45
2022-03-18,LREN3,24.15
2022-03-18,MGLU3,5.82
2022-03-18,MRFG3,21.32
2022-03-18,MRVE3,11.09
2022-03-18,MULT3,21.3
2022-03-18,NTCO3,24.87
2022-03-18,PETR3,33.16
2022-03-18,PETR4,30.61
2022-03-18,POMO4,2.59
2022-03-18,PRIO3,25.91
2022-03-18,PSSA3,20.0
2022-03-18,RADL3,22.74
2022-03-18,RAIL3,17.67
2022-03-18,RDOR3,51.9
2022-03-18,RENT3,56.32
2022-03-18,SANB11,35.13
2022-03-18,SBSP3,45.16
2022-03-18,SMFT3,21.07
2022-03-18,SUZB3,64.25
2022-03-18,TAEE11,42.48
2022-03-18,TEND3,8.8
2022-03-18,TIMS3,13.35
2022-03-18,TOTS3,33.68
2022-03-18,UGPA3,13.39
2022-03-18,USIM5,14.6
2022-03-18,VALE3,96.09
2022-03-18,VAMO3,11.11
2022-03-18,VBBR3,23.48
2022-03-18,VIVA3,26.01
2022-03-18,VIVT3,53.05
2022-03-18,WEGE3,33.29
2022-03-18,YDUQ3,17.57
2022-03-21,ABEV3,14.18
2022-03-21,ASAI3,14.19
2022-03-21,B3SA3,13.88
2022-03-21,BBAS3,34.41
2022-03-21,BBDC3,17.83
2022-03-21,BBDC4,21.63
2022-03-21,BBSE3,23.64
2022-03-21,BEEF3,11.76
2022-03-21,BPAC11,24.97
2022-03-21,BRAP4,36.44
2022-03-21,CCRO3,12.81
2022-03-21,CEAB3,5.08
2022-03-21,CMIG4,14.27
2022-03-21,CMIN3,6.17
2022-03-21,COGN3,2.13
2022-03-21,CPFE3,32.52
2022-03-21,CPLE3,6.75
2022-03-21,CSAN3,22.65
2022-03-21,CSMG3,14.35
2022-03-21,CSNA3,26.34
2022-03-21,CURY3,7.15
2022-03-21,CXSE3,8.21
2022-03-21,CYRE3,16.08
2022-03-21,DIRR3,10.56
2022-03-21,EGIE3,41.25
2022-03-21,ELET3,34.65
2022-03-21,EMBR3,15.21
2022-03-21,ENEV3,13.39
2022-03-21,ENGI11,45.75
2022-03-21,EQTL3,26.82
2022-03-21,FLRY3,16.39
2022-03-21,GGBR4,30.38
2022-03-21,GOAU4,12.23
2022-03-21,HAPV3,11.71
2022-03-21,HYPE3,35.5
2022-03-21,IGTI11,18.23
2022-03-21,ITSA4,10.68
2022-03-21,ITUB4,26.99
2022-03-21,KLBN11,25.78
2022-03-21,LREN3,24.04
2022-03-21,MGLU3,5.72
2022-03-21,MRFG3,21.27
2022-03-21,MRVE3,11.02
2022-03-21,MULT3,21.7
2022-03-21,NTCO3,23.98
2022-03-21,PETR3,34.27
2022-03-21,PETR4,31.76
2022-03-21,POMO4,2.53
2022-03-21,PRIO3,26.17
2022-03-21,PSSA3,20.09
2022-03-21,RADL3,22.45
2022-03-21,RAIL3,17.2
2022-03-21,RDOR3,51.25
2022-03-21,RENT3,55.25
2022-03-21,SANB11,35.92
2022-03-21,SBSP3,45.5
2022-03-21,SMFT3,20.99
2022-03-21,SUZB3,61.87
2022-03-21,TAEE11,42.43
2022-03-21,TEND3,8.44
2022-03-21,TIMS3,13.51
2022-03-21,TOTS3,32.93
2022-03-21,UGPA3,13.5
2022-03-21,USIM5,14.65
2022-03-21,VALE3,98.81
2022-03-21,VAMO3,11.27
2022-03-21,VBBR3,23.06
2022-03-21,VIVA3,25.04
2022-03-21,VIVT3,53.37
2022-03-21,WEGE3,32.55
2022-03-21,YDUQ3,17.6
2022-03-22,ABEV3,14.38
2022-03-22,ASAI3,14.74
2022-03-22,B3SA3,14.63
2022-03-22,BBAS3,35.1
2022-03-22,BBDC3,18.05
2022-03-22,BBDC4,21.9
2022-03-22,BBSE3,24.08
2022-03-22,BEEF3,11.64
2022-03-22,BPAC11,25.69
2022-03-22,BRAP4,35.78
2022-03-22,CCRO3,12.95
2022-03-22,CEAB3,5.09
2022-03-22,CMIG4,14.31
2022-03-22,CMIN3,6.23
2022-03-22,COGN3,2.18
2022-03-22,CPFE3,32.96
2022-03-22,CPLE3,6.94
2022-03-22,CSAN3,23.41
2022-03-22,CSMG3,14.32
2022-03-22,CSNA3,25.99
2022-03-22,CURY3,7.27
2022-03-22,CXSE3,8.48
2022-03-22,CYRE3,16.55
2022-03-22,DIRR3,10.88
2022-03-22,EGIE3,41.81
2022-03-22,ELET3,35.85
2022-03-22,EMBR3,15.34
2022-03-22,ENEV3,14.28
2022-03-22,ENGI11,46.61
2022-03-22,EQTL3,27.24
2022-03-22,FLRY3,16.92
2022-03-22,GGBR4,29.87
2022-03-22,GOAU4,12.05
2022-03-22,HAPV3,11.9
2022-03-22,HYPE3,36.21
2022-03-22,IGTI11,18.78
2022-03-22,ITSA4,10.84
2022-03-22,ITUB4,27.36
2022-03-22,KLBN11,26.29
2022-03-22,LREN3,24.9
2022-03-22,MGLU3,5.81
2022-03-22,MRFG3,20.95
2022-03-22,MRVE3,11.45
2022-03-22,MULT3,22.63
2022-03-22,NTCO3,24.53
2022-03-22,PETR3,34.05
2022-03-22,PETR4,31.62
2022-03-22,POMO4,2.63
2022-03-22,PRIO3,26.56
2022-03-22,PSSA3,20.44
2022-03-22,RADL3,22.78
2022-03-22,RAIL3,17.56
2022-03-22,RDOR3,52.29
2022-03-22,RENT3,57.39
2022-03-22,SANB11,36.15
2022-03-22,SBSP3,46.0
2022-03-22,SMFT3,21.72
2022-03-22,SUZB3,61.27
2022-03-22,TAEE11,42.76
2022-03-22,TEND3,8.7
2022-03-22,TIMS3,13.62
2022-03-22,TOTS3,34.15
2022-03-22,UGPA3,13.95
2022-03-22,USIM5,14.51
2022-03-22,VALE3,96.6
2022-03-22,VAMO3,11.71
2022-03-22,VBBR3,24.06
2022-03-22,VIVA3,25.8
2022-03-22,VIVT3,53.67
2022-03-22,WEGE3,33.0
2022-03-22,YDUQ3,18.42
2022-03-23,ABEV3,14.19
2022-03-23,ASAI3,15.05
2022-03-23,B3SA3,14.76
2022-03-23,BBAS3,34.92
2022-03-23,BBDC3,17.95
2022-03-23,BBDC4,21.76
2022-03-23,BBSE3,24.05
2022-03-23,BEEF3,11.26
2022-03-23,BPAC11,26.04
2022-03-23,BRAP4,35.35
2022-03-23,CCRO3,13.1
2022-03-23,CEAB3,5.23
2022-03-23,CMIG4,14.42
2022-03-23,CMIN3,6.11
2022-03-23,COGN3,2.24
2022-03-23,CPFE3,32.76
2022-03-23,CPLE3,6.68
2022-03-23,CSAN3,23.71
2022-03-23,CSMG3,14.48
2022-03-23,CSNA3,26.23
2022-03-23,CURY3,7.3
2022-03-23,CXSE3,8.47
2022-03-23,CYRE3,17.03
2022-03-23,DIRR3,10.98
2022-03-23,EGIE3,42.23
2022-03-23,ELET3,35.82
2022-03-23,EMBR3,15.17
2022-03-23,ENEV3,14.49
2022-03-23,ENGI11,46.97
2022-03-23,EQTL3,27.1
2022-03-23,FLRY3,15.53
2022-03-23,GGBR4,29.98
2022-03-23,GOAU4,12.03
2022-03-23,HAPV3,11.98
2022-03-23,HYPE3,36.38
2022-03-23,IGTI11,19.04
2022-03-23,ITSA4,10.8
2022-03-23,ITUB4,27.24
2022-03-23,KLBN11,26.1
2022-03-23,LREN3,26.15
2022-03-23,MGLU3,6.0
2022-03-23,MRFG3,20.73
2022-03-23,MRVE3,11.84
2022-03-23,MULT3,22.86
2022-03-23,NTCO3,24.57
2022-03-23,PETR3,34.38
2022-03-23,PETR4,32.05
2022-03-23,POMO4,2.57
2022-03-23,PRIO3,27.34
2022-03-23,PSSA3,20.23
2022-03-23,RADL3,22.95
2022-03-23,RAIL3,17.62
2022-03-23,RDOR3,52.44
2022-03-23,RENT3,57.52
2022-03-23,SANB11,36.17
2022-03-23,SBSP3,45.73
2022-03-23,SMFT3,21.44
2022-03-23,SUZB3,59.81
2022-03-23,TAEE11,42.83
2022-03-23,TEND3,8.84
2022-03-23,TIMS3,13.62
2022-03-23,TOTS3,34.6
2022-03-23,UGPA3,14.02
2022-03-23,USIM5,14.29
2022-03-23,VALE3,96.39
2022-03-23,VAMO3,12.09
2022-03-23,VBBR3,24.07
2022-03-23,VIVA3,26.57
2022-03-23,VIVT3,53.32
2022-03-23,WEGE3,32.75
2022-03-23,YDUQ3,18.8
2022-03-24,ABEV3,14.2
2022-03-24,ASAI3,15.31
2022-03-24,B3SA3,14.89
2022-03-24,BBAS3,35.32
2022-03-24,BBDC3,18.16
2022-03-24,BBDC4,22.08
2022-03-24,BBSE3,24.4
2022-03-24,BEEF3,11.75
2022-03-24,BPAC11,26.55
2022-03-24,BRAP4,34.6
2022-03-24,CCRO3,14.08
2022-03-24,CEAB3,5.54
2022-03-24,CMIG4,14.82
2022-03-24,CMIN3,6.14
2022-03-24,COGN3,2.31
2022-03-24,CPFE3,33.34
2022-03-24,CPLE3,6.82
2022-03-24,CSAN3,24.52
2022-03-24,CSMG3,14.65
2022-03-24,CSNA3,26.7
2022-03-24,CURY3,7.45
2022-03-24,CXSE3,8.64
2022-03-24,CYRE3,17.62
2022-03-24,DIRR3,11.63
2022-03-24,EGIE3,43.11
2022-03-24,ELET3,36.18
2022-03-24,EMBR3,15.35
2022-03-24,ENEV3,15.1
2022-03-24,ENGI11,47.67
2022-03-24,EQTL3,27.5
2022-03-24,FLRY3,15.73
2022-03-24,GGBR4,30.88
2022-03-24,GOAU4,12.45
2022-03-24,HAPV3,11.37
2022-03-24,HYPE3,37.15
2022-03-24,IGTI11,20.05
2022-03-24,ITSA4,10.92
2022-03-24,ITUB4,27.42
2022-03-24,KLBN11,26.6
2022-03-24,LREN3,27.65
2022-03-24,MGLU3,6.6
2022-03-24,MRFG3,20.95
2022-03-24,MRVE3,12.66
2022-03-24,MULT3,24.27
2022-03-24,NTCO3,25.9
2022-03-24,PETR3,34.97
2022-03-24,PETR4,32.42
2022-03-24,POMO4,2.61
2022-03-24,PRIO3,26.11
2022-03-24,PSSA3,20.32
2022-03-24,RADL3,23.29
2022-03-24,RAIL3,18.18
2022-03-24,RDOR3,52.43
2022-03-24,RENT3,59.16
2022-03-24,SANB11,35.86
2022-03-24,SBSP3,46.15
2022-03-24,SMFT3,21.7
2022-03-24,SUZB3,60.37
2022-03-24,TAEE11,43.82
2022-03-24,TEND3,8.77
2022-03-24,TIMS3,13.81
2022-03-24,TOTS3,34.85
2022-03-24,UGPA3,14.75
2022-03-24,USIM5,14.38
2022-03-24,VALE3,96.91
2022-03-24,VAMO3,12.35
2022-03-24,VBBR3,24.42
2022-03-24,VIVA3,27.13
2022-03-24,VIVT3,53.4
2022-03-24,WEGE3,33.13
2022-03-24,YDUQ3,19.23
2022-03-25,ABEV3,14.32
2022-03-25,ASAI3,15.84
2022-03-25,B3SA3,15.14
2022-03-25,BBAS3,35.3
2022-03-25,BBDC3,18.4
2022-03-25,BBDC4,22.28
2022-03-25,BBSE3,24.45
2022-03-25,BEEF3,11.74
2022-03-25,BPAC11,26.96
2022-03-25,BRAP4,33.67
2022-03-25,CCRO3,14.17
2022-03-25,CEAB3,5.44
2022-03-25,CMIG4,14.77
2022-03-25,CMIN3,6.15
2022-03-25,COGN3,2.76
2022-03-25,CPFE3,33.27
2022-03-25,CPLE3,6.72
2022-03-25,CSAN3,24.55
2022-03-25,CSMG3,14.72
2022-03-25,CSNA3,26.58
2022-03-25,CURY3,7.78
2022-03-25,CXSE3,8.68
2022-03-25,CYRE3,18.82
2022-03-25,DIRR3,12.34
2022-03-25,EGIE3,43.48
2022-03-25,ELET3,36.53
2022-03-25,EMBR3,15.19
2022-03-25,ENEV3,15.25
2022-03-25,ENGI11,47.43
2022-03-25,EQTL3,27.3
2022-03-25,FLRY3,16.18
2022-03-25,GGBR4,30.58
2022-03-25,GOAU4,12.27
2022-03-25,HAPV3,11.86
2022-03-25,HYPE3,38.55
2022-03-25,IGTI11,20.66
2022-03-25,ITSA4,10.8
2022-03-25,ITUB4,27.47
2022-03-25,KLBN11,24.97
2022-03-25,LREN3,27.58
2022-03-25,MGLU3,6.54
2022-03-25,MRFG3,20.17
2022-03-25,MRVE3,13.0
2022-03-25,MULT3,24.53
2022-03-25,NTCO3,25.97
2022-03-25,PETR3,35.0
2022-03-25,PETR4,32.3
2022-03-25,POMO4,2.63
2022-03-25,PRIO3,25.23
2022-03-25,PSSA3,20.86
2022-03-25,RADL3,23.68
2022-03-25,RAIL3,18.41
2022-03-25,RDOR3,52.26
2022-03-25,RENT3,60.83
2022-03-25,SANB11,36.9
2022-03-25,SBSP3,44.84
2022-03-25,SMFT3,21.95
2022-03-25,SUZB3,56.75
2022-03-25,TAEE11,44.4
2022-03-25,TEND3,9.65
2022-03-25,TIMS3,14.02
2022-03-25,TOTS3,34.38
2022-03-25,UGPA3,14.88
2022-03-25,USIM5,13.93
2022-03-25,VALE3,95.23
2022-03-25,VAMO3,12.61
2022-03-25,VBBR3,24.54
2022-03-25,VIVA3,27.8
2022-03-25,VIVT3,53.36
2022-03-25,WEGE3,32.88
2022-03-25,YDUQ3,20.97
2022-03-28,ABEV3,14.74
2022-03-28,ASAI3,16.24
2022-03-28,AURE3,16.4
2022-03-28,B3SA3,15.09
2022-03-28,BBAS3,34.96
2022-03-28,BBDC3,18.32
2022-03-28,BBDC4,22.17
2022-03-28,BBSE3,24.59
2022-03-28,BEEF3,12.17
2022-03-28,BPAC11,27.0
2022-03-28,BRAP4,33.64
2022-03-28,CCRO3,13.97
2022-03-28,CEAB3,5.51
2022-03-28,CMIG4,14.7
2022-03-28,CMIN3,6.09
2022-03-28,COGN3,2.75
2022-03-28,CPFE3,33.08
2022-03-28,CPLE3,6.52
2022-03-28,CSAN3,24.58
2022-03-28,CSMG3,14.51
2022-03-28,CSNA3,26.27
2022-03-28,CURY3,7.61
2022-03-28,CXSE3,8.85
2022-03-28,CYRE3,18.54
2022-03-28,DIRR3,12.14
2022-03-28,EGIE3,43.54
2022-03-28,ELET3,36.58
2022-03-28,EMBR3,15.09
2022-03-28,ENEV3,14.98
2022-03-28,ENGI11,47.4
2022-03-28,EQTL3,27.5
2022-03-28,FLRY3,16.29
2022-03-28,GGBR4,30.71
2022-03-28,GOAU4,12.29
2022-03-28,HAPV3,11.69
2022-03-28,HYPE3,38.36
2022-03-28,IGTI11,20.85
2022-03-28,ITSA4,10.77
2022-03-28,ITUB4,27.45
2022-03-28,KLBN11,24.99
2022-03-28,LREN3,26.92
2022-03-28,MGLU3,6.47
2022-03-28,MRFG3,20.98
2022-03-28,MRVE3,12.88
2022-03-28,MULT3,24.5
2022-03-28,NTCO3,25.55
2022-03-28,PETR3,34.08
2022-03-28,PETR4,31.6
2022-03-28,POMO4,2.68
2022-03-28,PRIO3,25.03
2022-03-28,PSSA3,20.84
2022-03-28,RADL3,23.67
2022-03-28,RAIL3,18.72
2022-03-28,RDOR3,51.61
2022-03-28,RENT3,61.23
2022-03-28,SANB11,36.34
2022-03-28,SBSP3,44.08
2022-03-28,SMFT3,21.69
2022-03-28,SUZB3,57.5
2022-03-28,TAEE11,44.21
2022-03-28,TEND3,9.01
2022-03-28,TIMS3,13.91
2022-03-28,TOTS3,34.73
2022-03-28,UGPA3,14.56
2022-03-28,USIM5,14.01
2022-03-28,VALE3,95.34
2022-03-28,VAMO3,12.76
2022-03-28,VBBR3,24.43
2022-03-28,VIVA3,27.15
2022-03-28,VIVT3,53.25
2022-03-28,WEGE3,33.6
2022-03-28,YDUQ3,21.11
2022-03-29,ABEV3,15.25
2022-03-29,ASAI3,16.22
2022-03-29,AURE3,16.6
2022-03-29,B3SA3,15.54
2022-03-29,BBAS3,35.11
2022-03-29,BBDC3,18.55
2022-03-29,BBDC4,22.57
2022-03-29,BBSE3,24.8
2022-03-29,BEEF3,12.06
2022-03-29,BPAC11,27.15
2022-03-29,BRAP4,32.92
2022-03-29,CCRO3,13.83
2022-03-29,CEAB3,5.82
2022-03-29,CMIG4,14.64
2022-03-29,CMIN3,6.03
2022-03-29,COGN3,2.84
2022-03-29,CPFE3,33.1
2022-03-29,CPLE3,6.68
2022-03-29,CSAN3,24.2
2022-03-29,CSMG3,14.81
2022-03-29,CSNA3,26.04
2022-03-29,CURY3,7.75
2022-03-29,CXSE3,8.98
2022-03-29,CYRE3,18.0
2022-03-29,DIRR3,12.52
2022-03-29,EGIE3,43.1
2022-03-29,ELET3,37.04
2022-03-29,EMBR3,15.62
2022-03-29,ENEV3,15.3
2022-03-29,ENGI11,49.02
2022-03-29,EQTL3,27.57
2022-03-29,FLRY3,16.7
2022-03-29,GGBR4,30.09
2022-03-29,GOAU4,12.08
2022-03-29,HAPV3,12.2
2022-03-29,HYPE3,37.82
2022-03-29,IGTI11,21.47
2022-03-29,ITSA4,10.85
2022-03-29,ITUB4,27.77
2022-03-29,KLBN11,24.72
2022-03-29,LREN3,27.49
2022-03-29,MGLU3,7.0
2022-03-29,MRFG3,21.4
2022-03-29,MRVE3,13.1
2022-03-29,MULT3,25.19
2022-03-29,NTCO3,27.0
2022-03-29,PETR3,34.5
2022-03-29,PETR4,32.3
2022-03-29,POMO4,2.75
2022-03-29,PRIO3,25.24
2022-03-29,PSSA3,21.26
2022-03-29,RADL3,23.85
2022-03-29,RAIL3,18.48
2022-03-29,RDOR3,51.5
2022-03-29,RENT3,62.15
2022-03-29,SANB11,36.41
2022-03-29,SBSP3,44.94
2022-03-29,SMFT3,22.2
2022-03-29,SUZB3,56.7
2022-03-29,TAEE11,43.72
2022-03-29,TEND3,9.27
2022-03-29,TIMS3,13.6
2022-03-29,TOTS3,36.16
2022-03-29,UGPA3,14.74
2022-03-29,USIM5,14.24
2022-03-29,VALE3,94.52
2022-03-29,VAMO3,13.3
2022-03-29,VBBR3,24.41
2022-03-29,VIVA3,28.42
2022-03-29,VIVT3,53.0
2022-03-29,WEGE3,33.95
2022-03-29,YDUQ3,21.19
2022-03-30,ABEV3,15.17
2022-03-30,ASAI3,16.17
2022-03-30,AURE3,15.92
2022-03-30,B3SA3,15.67
2022-03-30,BBAS3,34.9
2022-03-30,BBDC3,18.47
2022-03-30,BBDC4,22.43
2022-03-30,BBSE3,24.9
2022-03-30,BEEF3,12.4
2022-03-30,BPAC11,26.34
2022-03-30,BRAP4,33.33
2022-03-30,CCRO3,13.65
2022-03-30,CEAB3,5.61
2022-03-30,CMIG4,14.77
2022-03-30,CMIN3,6.11
2022-03-30,COGN3,2.89
2022-03-30,CPFE3,32.58
2022-03-30,CPLE3,6.76
2022-03-30,CSAN3,24.24
2022-03-30,CSMG3,13.53
2022-03-30,CSNA3,26.68
2022-03-30,CURY3,7.79
2022-03-30,CXSE3,8.87
2022-03-30,CYRE3,17.67
2022-03-30,DIRR3,12.43
2022-03-30,EGIE3,43.2
2022-03-30,ELET3,36.95
2022-03-30,EMBR3,15.25
2022-03-30,ENEV3,14.89
2022-03-30,ENGI11,48.49
2022-03-30,EQTL3,27.32
2022-03-30,FLRY3,16.24
2022-03-30,GGBR4,30.72
2022-03-30,GOAU4,12.25
2022-03-30,HAPV3,12.02
2022-03-30,HYPE3,38.23
2022-03-30,IGTI11,20.65
2022-03-30,ITSA4,10.84
2022-03-30,ITUB4,27.83
2022-03-30,KLBN11,24.61
2022-03-30,LREN3,27.34
2022-03-30,MGLU3,6.87
2022-03-30,MRFG3,21.44
2022-03-30,MRVE3,12.85
2022-03-30,MULT3,24.85
2022-03-30,NTCO3,25.77
2022-03-30,PETR3,35.11
2022-03-30,PETR4,32.99
2022-03-30,POMO4,2.67
2022-03-30,PRIO3,25.08
2022-03-30,PSSA3,21.23
2022-03-30,RADL3,24.05
2022-03-30,RAIL3,18.42
2022-03-30,RDOR3,49.78
2022-03-30,RENT3,61.6
2022-03-30,SANB11,36.78
2022-03-30,SBSP3,45.24
2022-03-30,SMFT3,22.09
2022-03-30,SUZB3,57.17
2022-03-30,TAEE11,43.73
2022-03-30,TEND3,9.12
2022-03-30,TIMS3,13.8
2022-03-30,TOTS3,36.54
2022-03-30,UGPA3,14.55
2022-03-30,USIM5,14.35
2022-03-30,VALE3,95.87
2022-03-30,VAMO3,13.09
2022-03-30,VBBR3,23.7
2022-03-30,VIVA3,27.51
2022-03-30,VIVT3,53.25
2022-03-30,WEGE3,34.15
2022-03-30,YDUQ3,21.92
2022-03-31,ABEV3,15.4
2022-03-31,ASAI3,16.29
2022-03-31,AURE3,15.99
2022-03-31,B3SA3,15.71
2022-03-31,BBAS3,34.7
2022-03-31,BBDC3,18.27
2022-03-31,BBDC4,22.22
2022-03-31,BBSE3,25.56
2022-03-31,BEEF3,12.66
2022-03-31,BPAC11,26.04
2022-03-31,BRAP4,33.08
2022-03-31,CCRO3,13.7
2022-03-31,CEAB3,5.51
2022-03-31,CMIG4,15.21
2022-03-31,CMIN3,6.03
2022-03-31,COGN3,2.83
2022-03-31,CPFE3,32.27
2022-03-31,CPLE3,6.8
2022-03-31,CSAN3,23.65
2022-03-31,CSMG3,13.71
2022-03-31,CSNA3,26.03
2022-03-31,CURY3,7.57
2022-03-31,CXSE3,8.89
2022-03-31,CYRE3,17.49
2022-03-31,DIRR3,12.16
2022-03-31,EGIE3,43.24
2022-03-31,ELET3,37.98
2022-03-31,EMBR3,14.96
2022-03-31,ENEV3,14.78
2022-03-31,ENGI11,48.81
2022-03-31,EQTL3,27.21
2022-03-31,FLRY3,16.01
2022-03-31,GGBR4,30.81
2022-03-31,GOAU4,12.26
2022-03-31,HAPV3,11.84
2022-03-31,HYPE3,38.71
2022-03-31,IGTI11,20.45
2022-03-31,ITSA4,10.75
2022-03-31,ITUB4,27.48
2022-03-31,KLBN11,24.12
2022-03-31,LREN3,27.5
2022-03-31,MGLU3,6.82
2022-03-31,MRFG3,21.4
2022-03-31,MRVE3,12.85
2022-03-31,MULT3,24.48
2022-03-31,NTCO3,26.05
2022-03-31,PETR3,35.24
2022-03-31,PETR4,33.45
2022-03-31,POMO4,2.67
2022-03-31,PRIO3,23.81
2022-03-31,PSSA3,21.11
2022-03-31,RADL3,23.94
2022-03-31,RAIL3,18.55
2022-03-31,RDOR3,49.9
2022-03-31,RENT3,61.1
2022-03-31,SANB11,36.88
2022-03-31,SBSP3,47.71
2022-03-31,SMFT3,21.5
2022-03-31,SUZB3,55.15
2022-03-31,TAEE11,44.14
2022-03-31,TEND3,8.58
2022-03-31,TIMS3,13.79
2022-03-31,TOTS3,36.38
2022-03-31,UGPA3,14.15
2022-03-31,USIM5,13.97
2022-03-31,VALE3,95.6
2022-03-31,VAMO3,12.79
2022-03-31,VBBR3,23.38
2022-03-31,VIVA3,27.69
2022-03-31,VIVT3,53.69
2022-03-31,WEGE3,34.87
2022-03-31,YDUQ3,20.94
2022-04-01,ABEV3,15.39
2022-04-01,ASAI3,16.48
2022-04-01,AURE3,16.09
2022-04-01,B3SA3,16.04
2022-04-01,BBAS3,34.68
2022-04-01,BBDC3,18.15
2022-04-01,BBDC4,21.98
2022-04-01,BBSE3,25.91
2022-04-01,BEEF3,12.8
2022-04-01,BPAC11,26.63
2022-04-01,BRAP4,34.03
2022-04-01,CCRO3,14.24
2022-04-01,CEAB3,5.58
2022-04-01,CMIG4,15.27
2022-04-01,CMIN3,6.12
2022-04-01,COGN3,3.05
2022-04-01,CPFE3,33.33
2022-04-01,CPLE3,6.88
2022-04-01,CSAN3,23.8
2022-04-01,CSMG3,14.42
2022-04-01,CSNA3,26.15
2022-04-01,CURY3,7.8
2022-04-01,CXSE3,8.78
2022-04-01,CYRE3,17.94
2022-04-01,DIRR3,12.61
2022-04-01,EGIE3,44.35
2022-04-01,ELET3,39.3
2022-04-01,EMBR3,15.06
2022-04-01,ENEV3,15.05
2022-04-01,ENGI11,50.32
2022-04-01,EQTL3,27.51
2022-04-01,FLRY3,16.61
2022-04-01,GGBR4,30.64
2022-04-01,GOAU4,12.24
2022-04-01,HAPV3,12.35
2022-04-01,HYPE3,39.22
2022-04-01,IGTI11,21.7
2022-04-01,ITSA4,10.79
2022-04-01,ITUB4,27.54
2022-04-01,KLBN11,23.73
2022-04-01,LREN3,29.06
2022-04-01,MGLU3,7.35
2022-04-01,MRFG3,21.29
2022-04-01,MRVE3,13.12
2022-04-01,MULT3,25.38
2022-04-01,NTCO3,28.05
2022-04-01,PETR3,35.23
2022-04-01,PETR4,33.01
2022-04-01,POMO4,2.67
2022-04-01,PRIO3,24.49
2022-04-01,PSSA3,20.91
2022-04-01,RADL3,24.14
2022-04-01,RAIL3,19.0
2022-04-01,RDOR3,50.53
2022-04-01,RENT3,62.33
2022-04-01,SANB11,36.89
2022-04-01,SBSP3,51.27
2022-04-01,SMFT3,23.03
2022-04-01,SUZB3,54.21
2022-04-01,TAEE11,44.25
2022-04-01,TEND3,8.78
2022-04-01,TIMS3,14.44
2022-04-01,TOTS3,36.79
2022-04-01,UGPA3,14.63
2022-04-01,USIM5,13.77
2022-04-01,VALE3,96.96
2022-04-01,VAMO3,13.18
2022-04-01,VBBR3,24.05
2022-04-01,VIVA3,28.26
2022-04-01,VIVT3,54.53
2022-04-01,WEGE3,35.38
2022-04-01,YDUQ3,21.96
2022-04-04,ABEV3,15.19
2022-04-04,ASAI3,16.29
2022-04-04,AURE3,15.97
2022-04-04,B3SA3,16.14
2022-04-04,BBAS3,34.36
2022-04-04,BBDC3,18.07
2022-04-04,BBDC4,21.87
2022-04-04,BBSE3,25.8
2022-04-04,BEEF3,13.19
2022-04-04,BPAC11,26.38
2022-04-04,BRAP4,34.08
2022-04-04,CCRO3,13.8
2022-04-04,CEAB3,5.58
2022-04-04,CMIG4,15.18
2022-04-04,CMIN3,6.2
2022-04-04,COGN3,3.07
2022-04-04,CPFE3,33.1
2022-04-04,CPLE3,6.74
2022-04-04,CSAN3,23.58
2022-04-04,CSMG3,13.84
2022-04-04,CSNA3,26.43
2022-04-04,CURY3,7.95
2022-04-04,CXSE3,8.5
2022-04-04,CYRE3,17.62
2022-04-04,DIRR3,12.4
2022-04-04,EGIE3,43.71
2022-04-04,ELET3,39.6
2022-04-04,EMBR3,15.25
2022-04-04,ENEV3,14.81
2022-04-04,ENGI11,49.71
2022-04-04,EQTL3,27.38
2022-04-04,FLRY3,16.7
2022-04-04,GGBR4,30.16
2022-04-04,GOAU4,12.14
2022-04-04,HAPV3,12.33
2022-04-04,HYPE3,39.0
2022-04-04,IGTI11,21.86
2022-04-04,ITSA4,10.72
2022-04-04,ITUB4,27.29
2022-04-04,KLBN11,23.55
2022-04-04,LREN3,29.39
2022-04-04,MGLU3,7.19
2022-04-04,MRFG3,21.88
2022-04-04,MRVE3,12.91
2022-04-04,MULT3,25.23
2022-04-04,NTCO3,27.96
2022-04-04,PETR3,34.87
2022-04-04,PETR4,32.7
2022-04-04,POMO4,2.66
2022-04-04,PRIO3,24.36
2022-04-04,PSSA3,20.84
2022-04-04,RADL3,24.05
2022-04-04,RAIL3,18.88
2022-04-04,RDOR3,50.96
2022-04-04,RENT3,62.03
2022-04-04,SANB11,36.21
2022-04-04,SBSP3,51.55
2022-04-04,SMFT3,22.35
2022-04-04,SUZB3,54.12
2022-04-04,TAEE11,44.58
2022-04-04,TEND3,8.39
2022-04-04,TIMS3,14.23
2022-04-04,TOTS3,37.5
2022-04-04,UGPA3,14.37
2022-04-04,USIM5,14.04
2022-04-04,VALE3,97.94
2022-04-04,VAMO3,13.18
2022-04-04,VBBR3,23.98
2022-04-04,VIVA3,28.74
2022-04-04,VIVT3,53.94
2022-04-04,WEGE3,35.02
2022-04-04,YDUQ3,21.89
2022-04-05,ABEV3,15.07
2022-04-05,ASAI3,16.17
2022-04-05,AURE3,15.63
2022-04-05,B3SA3,15.83
2022-04-05,BBAS3,33.45
2022-04-05,BBDC3,17.59
2022-04-05,BBDC4,21.26
2022-04-05,BBSE3,25.52
2022-04-05,BEEF3,13.36
2022-04-05,BPAC11,25.34
2022-04-05,BRAP4,33.55
2022-04-05,CCRO3,13.67
2022-04-05,CEAB3,5.29
2022-04-05,CMIG4,15.09
2022-04-05,CMIN3,5.96
2022-04-05,COGN3,2.98
2022-04-05,CPFE3,33.09
2022-04-05,CPLE3,6.68
2022-04-05,CSAN3,23.4
2022-04-05,CSMG3,13.87
2022-04-05,CSNA3,25.75
2022-04-05,CURY3,7.91
2022-04-05,CXSE3,8.12
2022-04-05,CYRE3,17.03
2022-04-05,DIRR3,11.79
2022-04-05,EGIE3,43.57
2022-04-05,ELET3,38.07
2022-04-05,EMBR3,14.41
2022-04-05,ENEV3,14.65
2022-04-05,ENGI11,49.0
2022-04-05,EQTL3,27.05
2022-04-05,FLRY3,16.3
2022-04-05,GGBR4,30.14
2022-04-05,GOAU4,12.04
2022-04-05,HAPV3,12.05
2022-04-05,HYPE3,39.05
2022-04-05,IGTI11,21.59
2022-04-05,ITSA4,10.44
2022-04-05,ITUB4,26.74
2022-04-05,KLBN11,23.25
2022-04-05,LREN3,27.96
2022-04-05,MGLU3,6.91
2022-04-05,MRFG3,21.66
2022-04-05,MRVE3,12.28
2022-04-05,MULT3,25.76
2022-04-05,NTCO3,27.86
2022-04-05,PETR3,34.83
2022-04-05,PETR4,32.39
2022-04-05,POMO4,2.53
2022-04-05,PRIO3,24.05
2022-04-05,PSSA3,20.62
2022-04-05,RADL3,23.62
2022-04-05,RAIL3,18.52
2022-04-05,RDOR3,49.89
2022-04-05,RENT3,60.9
2022-04-05,SANB11,35.39
2022-04-05,SBSP3,51.11
2022-04-05,SMFT3,21.17
2022-04-05,SUZB3,54.17
2022-04-05,TAEE11,44.14
2022-04-05,TEND3,8.06
2022-04-05,TIMS3,14.07
2022-04-05,TOTS3,37.01
2022-04-05,UGPA3,14.16
2022-04-05,USIM5,13.7
2022-04-05,VALE3,95.11
2022-04-05,VAMO3,12.62
2022-04-05,VBBR3,23.18
2022-04-05,VIVA3,27.77
2022-04-05,VIVT3,54.55
2022-04-05,WEGE3,34.63
2022-04-05,YDUQ3,20.95
2022-04-06,ABEV3,14.95
2022-04-06,ASAI3,16.29
2022-04-06,AURE3,15.98
2022-04-06,B3SA3,15.87
2022-04-06,BBAS3,33.62
2022-04-06,BBDC3,17.45
2022-04-06,BBDC4,21.15
2022-04-06,BBSE3,25.76
2022-04-06,BEEF3,13.59
2022-04-06,BPAC11,25.11
2022-04-06,BRAP4,33.73
2022-04-06,CCRO3,13.5
2022-04-06,CEAB3,5.12
2022-04-06,CMIG4,15.2
2022-04-06,CMIN3,5.91
2022-04-06,COGN3,2.83
2022-04-06,CPFE3,33.25
2022-04-06,CPLE3,6.7
2022-04-06,CSAN3,23.29
2022-04-06,CSMG3,14.13
2022-04-06,CSNA3,25.03
2022-04-06,CURY3,7.94
2022-04-06,CXSE3,8.12
2022-04-06,CYRE3,16.42
2022-04-06,DIRR3,11.77
2022-04-06,EGIE3,43.8
2022-04-06,ELET3,39.5
2022-04-06,EMBR3,14.21
2022-04-06,ENEV3,14.77
2022-04-06,ENGI11,48.7
2022-04-06,EQTL3,26.59
2022-04-06,FLRY3,16.05
2022-04-06,GGBR4,30.02
2022-04-06,GOAU4,11.98
2022-04-06,HAPV3,11.46
2022-04-06,HYPE3,38.81
2022-04-06,IGTI11,21.19
2022-04-06,ITSA4,10.36
2022-04-06,ITUB4,26.73
2022-04-06,KLBN11,23.57
2022-04-06,LREN3,27.05
2022-04-06,MGLU3,6.62
2022-04-06,MRFG3,21.32
2022-04-06,MRVE3,12.07
2022-04-06,MULT3,24.9
2022-04-06,NTCO3,25.84
2022-04-06,PETR3,34.94
2022-04-06,PETR4,32.36
2022-04-06,POMO4,2.59
2022-04-06,PRIO3,23.55
2022-04-06,PSSA3,20.47
2022-04-06,RADL3,23.63
2022-04-06,RAIL3,18.1
2022-04-06,RDOR3,48.58
2022-04-06,RENT3,59.07
2022-04-06,SANB11,35.49
2022-04-06,SBSP3,50.32
2022-04-06,SMFT3,19.8
2022-04-06,SUZB3,55.34
2022-04-06,TAEE11,43.99
2022-04-06,TEND3,7.68
2022-04-06,TIMS3,14.2
2022-04-06,TOTS3,36.09
2022-04-06,UGPA3,13.92
2022-04-06,USIM5,13.56
2022-04-06,VALE3,96.55
2022-04-06,VAMO3,12.4
2022-04-06,VBBR3,22.51
2022-04-06,VIVA3,27.49
2022-04-06,VIVT3,55.35
2022-04-06,WEGE3,34.33
2022-04-06,YDUQ3,20.39
2022-04-07,ABEV3,15.06
2022-04-07,ASAI3,16.1
2022-04-07,AURE3,16.0
2022-04-07,B3SA3,15.85
2022-04-07,BBAS3,34.24
2022-04-07,BBDC3,17.51
2022-04-07,BBDC4,21.24
2022-04-07,BBSE3,26.0
2022-04-07,BEEF3,13.63
2022-04-07,BPAC11,25.64
2022-04-07,BRAP4,33.5
2022-04-07,CCRO3,13.56
2022-04-07,CEAB3,5.05
2022-04-07,CMIG4,15.12
2022-04-07,CMIN3,5.88
2022-04-07,COGN3,2.89
2022-04-07,CPFE3,33.45
2022-04-07,CPLE3,6.68
2022-04-07,CSAN3,23.09
2022-04-07,CSMG3,14.24
2022-04-07,CSNA3,25.17
2022-04-07,CURY3,7.81
2022-04-07,CXSE3,8.15
2022-04-07,CYRE3,16.16
2022-04-07,DIRR3,11.86
2022-04-07,EGIE3,43.91
2022-04-07,ELET3,40.74
2022-04-07,EMBR3,14.12
2022-04-07,ENEV3,14.81
2022-04-07,ENGI11,48.04
2022-04-07,EQTL3,26.02
2022-04-07,FLRY3,16.06
2022-04-07,GGBR4,29.29
2022-04-07,GOAU4,11.66
2022-04-07,HAPV3,11.09
2022-04-07,HYPE3,38.62
2022-04-07,IGTI11,21.41
2022-04-07,ITSA4,10.27
2022-04-07,ITUB4,26.71
2022-04-07,KLBN11,23.18
2022-04-07,LREN3,26.82
2022-04-07,MGLU3,6.56
2022-04-07,MRFG3,21.6
2022-04-07,MRVE3,11.73
2022-04-07,MULT3,24.84
2022-04-07,NTCO3,26.65
2022-04-07,PETR3,36.69
2022-04-07,PETR4,34.04
2022-04-07,POMO4,2.61
2022-04-07,PRIO3,23.56
2022-04-07,PSSA3,20.64
2022-04-07,RADL3,23.31
2022-04-07,RAIL3,18.06
2022-04-07,RDOR3,47.58
2022-04-07,RENT3,58.19
2022-04-07,SANB11,36.74
2022-04-07,SBSP3,51.8
2022-04-07,SMFT3,19.76
2022-04-07,SUZB3,54.47
2022-04-07,TAEE11,44.03
2022-04-07,TEND3,7.55
2022-04-07,TIMS3,13.97
2022-04-07,TOTS3,35.71
2022-04-07,UGPA3,13.66
2022-04-07,USIM5,13.54
2022-04-07,VALE3,97.13
2022-04-07,VAMO3,12.35
2022-04-07,VBBR3,22.42
2022-04-07,VIVA3,27.3
2022-04-07,VIVT3,54.15
2022-04-07,WEGE3,34.12
2022-04-07,YDUQ3,20.73
2022-04-08,ABEV3,14.93
2022-04-08,ASAI3,16.12
2022-04-08,AURE3,16.21
2022-04-08,B3SA3,15.6
2022-04-08,BBAS3,34.85
2022-04-08,BBDC3,17.6
2022-04-08,BBDC4,21.48
2022-04-08,BBSE3,26.2
2022-04-08,BEEF3,14.08
2022-04-08,BPAC11,25.59
2022-04-08,BRAP4,32.85
2022-04-08,CCRO3,13.61
2022-04-08,CEAB3,4.94
2022-04-08,CMIG4,15.19
2022-04-08,CMIN3,5.83
2022-04-08,COGN3,2.83
2022-04-08,CPFE3,33.84
2022-04-08,CPLE3,6.67
2022-04-08,CSAN3,23.29
2022-04-08,CSMG3,14.86
2022-04-08,CSNA3,25.73
2022-04-08,CURY3,7.65
2022-04-08,CXSE3,8.09
2022-04-08,CYRE3,15.82
2022-04-08,DIRR3,11.65
2022-04-08,EGIE3,43.97
2022-04-08,ELET3,42.9
2022-04-08,EMBR3,13.94
2022-04-08,ENEV3,15.41
2022-04-08,ENGI11,47.99
2022-04-08,EQTL3,25.84
2022-04-08,FLRY3,15.81
2022-04-08,GGBR4,29.39
2022-04-08,GOAU4,11.74
2022-04-08,HAPV3,11.01
2022-04-08,HYPE3,38.92
2022-04-08,IGTI11,21.66
2022-04-08,ITSA4,10.27
2022-04-08,ITUB4,26.66
2022-04-08,KLBN11,23.27
2022-04-08,LREN3,26.73
2022-04-08,MGLU3,6.13
2022-04-08,MRFG3,22.43
2022-04-08,MRVE3,11.57
2022-04-08,MULT3,24.42
2022-04-08,NTCO3,26.95
2022-04-08,PETR3,37.09
2022-04-08,PETR4,34.21
2022-04-08,POMO4,2.63
2022-04-08,PRIO3,23.58
2022-04-08,PSSA3,21.31
2022-04-08,RADL3,22.9
2022-04-08,RAIL3,18.27
2022-04-08,RDOR3,46.66
2022-04-08,RENT3,57.77
2022-04-08,SANB11,35.77
2022-04-08,SBSP3,51.65
2022-04-08,SMFT3,19.85
2022-04-08,SUZB3,54.5
2022-04-08,TAEE11,44.33
2022-04-08,TEND3,7.4
2022-04-08,TIMS3,13.83
2022-04-08,TOTS3,35.73
2022-04-08,UGPA3,13.73
2022-04-08,USIM5,13.05
2022-04-08,VALE3,95.15
2022-04-08,VAMO3,12.15
2022-04-08,VBBR3,22.08
2022-04-08,VIVA3,26.94
2022-04-08,VIVT3,53.67
2022-04-08,WEGE3,34.14
2022-04-08,YDUQ3,20.35
2022-04-11,ABEV3,15.2
2022-04-11,ASAI3,16.0
2022-04-11,AURE3,15.91
2022-04-11,B3SA3,14.88
2022-04-11,BBAS3,35.07
2022-04-11,BBDC3,17.63
2022-04-11,BBDC4,21.45
2022-04-11,BBSE3,25.93
2022-04-11,BEEF3,13.58
2022-04-11,BPAC11,25.25
2022-04-11,BRAP4,32.67
2022-04-11,CCRO3,13.5
2022-04-11,CEAB3,4.81
2022-04-11,CMIG4,15.1
2022-04-11,CMIN3,5.87
2022-04-11,COGN3,2.67
2022-04-11,CPFE3,33.88
2022-04-11,CPLE3,6.61
2022-04-11,CSAN3,23.01
2022-04-11,CSMG3,14.2
2022-04-11,CSNA3,25.5
2022-04-11,CURY3,7.46
2022-04-11,CXSE3,8.02
2022-04-11,CYRE3,15.49
2022-04-11,DIRR3,11.36
2022-04-11,EGIE3,44.02
2022-04-11,ELET3,41.73
2022-04-11,EMBR3,13.79
2022-04-11,ENEV3,15.31
2022-04-11,ENGI11,47.6
2022-04-11,EQTL3,25.5
2022-04-11,FLRY3,15.25
2022-04-11,GGBR4,29.28
2022-04-11,GOAU4,11.64
2022-04-11,HAPV3,10.71
2022-04-11,HYPE3,39.3
2022-04-11,IGTI11,20.92
2022-04-11,ITSA4,10.18
2022-04-11,ITUB4,26.56
2022-04-11,KLBN11,23.1
2022-04-11,LREN3,26.75
2022-04-11,MGLU3,6.08
2022-04-11,MRFG3,21.78
2022-04-11,MRVE3,11.32
2022-04-11,MULT3,24.26
2022-04-11,NTCO3,26.19
2022-04-11,PETR3,36.6
2022-04-11,PETR4,33.95
2022-04-11,POMO4,2.6
2022-04-11,PRIO3,23.35
2022-04-11,PSSA3,21.61
2022-04-11,RADL3,22.69
2022-04-11,RAIL3,18.25
2022-04-11,RDOR3,45.42
2022-04-11,RENT3,57.7
2022-04-11,SANB11,35.56
2022-04-11,SBSP3,51.33
2022-04-11,SMFT3,19.36
2022-04-11,SUZB3,54.19
2022-04-11,TAEE11,44.18
2022-04-11,TEND3,7.37
2022-04-11,TIMS3,13.78
2022-04-11,TOTS3,35.45
2022-04-11,UGPA3,13.7
2022-04-11,USIM5,12.95
2022-04-11,VALE3,94.0
2022-04-11,VAMO3,12.35
2022-04-11,VBBR3,21.84
2022-04-11,VIVA3,26.5
2022-04-11,VIVT3,53.58
2022-04-11,WEGE3,32.55
2022-04-11,YDUQ3,19.56
2022-04-12,ABEV3,15.05
2022-04-12,ASAI3,16.45
2022-04-12,AURE3,15.74
2022-04-12,B3SA3,14.35
2022-04-12,BBAS3,35.0
2022-04-12,BBDC3,17.51
2022-04-12,BBDC4,21.26
2022-04-12,BBSE3,25.71
2022-04-12,BEEF3,13.18
2022-04-12,BPAC11,24.8
2022-04-12,BRAP4,32.33
2022-04-12,CCRO3,13.58
2022-04-12,CEAB3,4.77
2022-04-12,CMIG4,14.88
2022-04-12,CMIN3,5.8
2022-04-12,COGN3,2.79
2022-04-12,CPFE3,33.84
2022-04-12,CPLE3,6.52
2022-04-12,CSAN3,23.34
2022-04-12,CSMG3,14.07
2022-04-12,CSNA3,25.72
2022-04-12,CURY3,7.5
2022-04-12,CXSE3,8.15
2022-04-12,CYRE3,15.4
2022-04-12,DIRR3,11.59
2022-04-12,EGIE3,44.15
2022-04-12,ELET3,42.25
2022-04-12,EMBR3,13.56
2022-04-12,ENEV3,15.48
2022-04-12,ENGI11,47.5
2022-04-12,EQTL3,25.48
2022-04-12,FLRY3,15.02
2022-04-12,GGBR4,29.31
2022-04-12,GOAU4,11.69
2022-04-12,HAPV3,10.64
2022-04-12,HYPE3,39.29
2022-04-12,IGTI11,20.98
2022-04-12,ITSA4,10.08
2022-04-12,ITUB4,26.09
2022-04-12,KLBN11,22.96
2022-04-12,LREN3,26.2
2022-04-12,MGLU3,5.97
2022-04-12,MRFG3,20.75
2022-04-12,MRVE3,11.33
2022-04-12,MULT3,24.28
2022-04-12,NTCO3,26.1
2022-04-12,PETR3,36.64
2022-04-12,PETR4,33.85
2022-04-12,POMO4,2.59
2022-04-12,PRIO3,23.75
2022-04-12,PSSA3,21.42
2022-04-12,RADL3,22.68
2022-04-12,RAIL3,18.46
2022-04-12,RDOR3,44.72
2022-04-12,RENT3,57.99
2022-04-12,SANB11,35.09
2022-04-12,SBSP3,50.51
2022-04-12,SMFT3,19.33
2022-04-12,SUZB3,53.5
2022-04-12,TAEE11,44.52
2022-04-12,TEND3,7.2
2022-04-12,TIMS3,13.56
2022-04-12,TOTS3,35.8
2022-04-12,UGPA3,14.14
2022-04-12,USIM5,13.03
2022-04-12,VALE3,93.37
2022-04-12,VAMO3,12.37
2022-04-12,VBBR3,21.75
2022-04-12,VIVA3,27.17
2022-04-12,VIVT3,53.04
2022-04-12,WEGE3,32.37
2022-04-12,YDUQ3,18.85
2022-04-13,ABEV3,14.83
2022-04-13,ASAI3,16.5
2022-04-13,AURE3,15.56
2022-04-13,B3SA3,14.41
2022-04-13,BBAS3,35.17
2022-04-13,BBDC3,17.68
2022-04-13,BBDC4,21.48
2022-04-13,BBSE3,25.94
2022-04-13,BEEF3,13.61
2022-04-13,BPAC11,25.37
2022-04-13,BRAP4,32.28
2022-04-13,CCRO3,13.53
2022-04-13,CEAB3,4.89
2022-04-13,CMIG4,15.39
2022-04-13,CMIN3,5.86
2022-04-13,COGN3,2.74
2022-04-13,CPFE3,34.49
2022-04-13,CPLE3,6.57
2022-04-13,CSAN3,23.12
2022-04-13,CSMG3,14.4
2022-04-13,CSNA3,26.31
2022-04-13,CURY3,7.69
2022-04-13,CXSE3,7.97
2022-04-13,CYRE3,15.45
2022-04-13,DIRR3,11.72
2022-04-13,EGIE3,43.98
2022-04-13,ELET3,43.4
2022-04-13,EMBR3,13.9
2022-04-13,ENEV3,15.39
2022-04-13,ENGI11,47.73
2022-04-13,EQTL3,25.4
2022-04-13,FLRY3,15.07
2022-04-13,GGBR4,29.65
2022-04-13,GOAU4,11.78
2022-04-13,HAPV3,10.42
2022-04-13,HYPE3,39.39
2022-04-13,IGTI11,21.21
2022-04-13,ITSA4,10.09
2022-04-13,ITUB4,26.16
2022-04-13,KLBN11,22.89
2022-04-13,LREN3,26.67
2022-04-13,MGLU3,6.03
2022-04-13,MRFG3,20.32
2022-04-13,MRVE3,11.35
2022-04-13,MULT3,24.2
2022-04-13,NTCO3,25.79
2022-04-13,PETR3,37.54
2022-04-13,PETR4,34.57
2022-04-13,POMO4,2.6
2022-04-13,PRIO3,24.34
2022-04-13,PSSA3,20.87
2022-04-13,RADL3,22.4
2022-04-13,RAIL3,18.54
2022-04-13,RDOR3,43.93
2022-04-13,RENT3,57.65
2022-04-13,SANB11,35.07
2022-04-13,SBSP3,50.78
2022-04-13,SMFT3,19.3
2022-04-13,SUZB3,53.79
2022-04-13,TAEE11,44.14
2022-04-13,TEND3,7.17
2022-04-13,TIMS3,13.74
2022-04-13,TOTS3,36.48
2022-04-13,UGPA3,14.71
2022-04-13,USIM5,12.98
2022-04-13,VALE3,93.4
2022-04-13,VAMO3,12.43
2022-04-13,VBBR3,22.07
2022-04-13,VIVA3,27.55
2022-04-13,VIVT3,53.42
2022-04-13,WEGE3,32.56
2022-04-13,YDUQ3,18.61
2022-04-14,ABEV3,14.7
2022-04-14,ASAI3,16.37
2022-04-14,AURE3,15.57
2022-04-14,B3SA3,14.49
2022-04-14,BBAS3,35.2
2022-04-14,BBDC3,17.73
2022-04-14,BBDC4,21.43
2022-04-14,BBSE3,26.16
2022-04-14,BEEF3,13.65
2022-04-14,BPAC11,25.1
2022-04-14,BRAP4,32.56
2022-04-14,CCRO3,13.5
2022-04-14,CEAB3,4.85
2022-04-14,CMIG4,15.46
2022-04-14,CMIN3,5.82
2022-04-14,COGN3,2.72
2022-04-14,CPFE3,35.11
2022-04-14,CPLE3,6.68
2022-04-14,CSAN3,23.17
2022-04-14,CSMG3,14.55
2022-04-14,CSNA3,25.44
2022-04-14,CURY3,7.51
2022-04-14,CXSE3,7.93
2022-04-14,CYRE3,15.3
2022-04-14,DIRR3,11.65
2022-04-14,EGIE3,44.07
2022-04-14,ELET3,43.4
2022-04-14,EMBR3,13.7
2022-04-14,ENEV3,15.56
2022-04-14,ENGI11,47.4
2022-04-14,EQTL3,25.89
2022-04-14,FLRY3,15.49
2022-04-14,GGBR4,29.42
2022-04-14,GOAU4,11.81
2022-04-14,HAPV3,10.4
2022-04-14,HYPE3,38.74
2022-04-14,IGTI11,20.32
2022-04-14,ITSA4,10.1
2022-04-14,ITUB4,26.33
2022-04-14,KLBN11,22.79
2022-04-14,LREN3,26.74
2022-04-14,MGLU3,6.01
2022-04-14,MRFG3,19.76
2022-04-14,MRVE3,11.09
2022-04-14,MULT3,24.04
2022-04-14,NTCO3,25.0
2022-04-14,PETR3,34.75
2022-04-14,PETR4,31.27
2022-04-14,POMO4,2.66
2022-04-14,PRIO3,24.9
2022-04-14,PSSA3,20.82
2022-04-14,RADL3,22.26
2022-04-14,RAIL3,18.4
2022-04-14,RDOR3,42.47
2022-04-14,RENT3,57.18
2022-04-14,SANB11,34.9
2022-04-14,SBSP3,50.28
2022-04-14,SMFT3,19.5
2022-04-14,SUZB3,53.61
2022-04-14,TAEE11,44.3
2022-04-14,TEND3,6.88
2022-04-14,TIMS3,13.66
2022-04-14,TOTS3,35.0
2022-04-14,UGPA3,15.02
2022-04-14,USIM5,12.92
2022-04-14,VALE3,92.09
2022-04-14,VAMO3,12.67
2022-04-14,VBBR3,22.69
2022-04-14,VIVA3,27.5
2022-04-14,VIVT3,53.73
2022-04-14,WEGE3,32.29
2022-04-14,YDUQ3,17.29
2022-04-18,ABEV3,14.71
2022-04-18,ASAI3,16.03
2022-04-18,AURE3,16.01
2022-04-18,B3SA3,14.52
2022-04-18,BBAS3,36.5
2022-04-18,BBDC3,18.07
2022-04-18,BBDC4,21.81
2022-04-18,BBSE3,26.78
2022-04-18,BEEF3,13.71
2022-04-18,BPAC11,25.25
2022-04-18,BRAP4,31.89
2022-04-18,CCRO3,13.65
2022-04-18,CEAB3,4.95
2022-04-18,CMIG4,15.58
2022-04-18,CMIN3,5.81
2022-04-18,COGN3,2.72
2022-04-18,CPFE3,35.6
2022-04-18,CPLE3,6.71
2022-04-18,CSAN3,23.15
2022-04-18,CSMG3,14.52
2022-04-18,CSNA3,24.75
2022-04-18,CURY3,7.44
2022-04-18,CXSE3,8.31
2022-04-18,CYRE3,15.34
2022-04-18,DIRR3,11.67
2022-04-18,EGIE3,44.11
2022-04-18,ELET3,42.47
2022-04-18,EMBR3,13.52
2022-04-18,ENEV3,14.9
2022-04-18,ENGI11,47.75
2022-04-18,EQTL3,25.6
2022-04-18,FLRY3,15.88
2022-04-18,GGBR4,29.49
2022-04-18,GOAU4,11.84
2022-04-18,HAPV3,10.38
2022-04-18,HYPE3,38.66
2022-04-18,IGTI11,20.95
2022-04-18,ITSA4,10.16
2022-04-18,ITUB4,26.48
2022-04-18,KLBN11,22.31
2022-04-18,LREN3,26.43
2022-04-18,MGLU3,5.89
2022-04-18,MRFG3,19.28
2022-04-18,MRVE3,11.16
2022-04-18,MULT3,24.24
2022-04-18,NTCO3,25.01
2022-04-18,PETR3,34.12
2022-04-18,PETR4,30.72
2022-04-18,POMO4,2.67
2022-04-18,PRIO3,24.84
2022-04-18,PSSA3,21.13
2022-04-18,RADL3,22.08
2022-04-18,RAIL3,18.05
2022-04-18,RDOR3,42.44
2022-04-18,RENT3,57.31
2022-04-18,SANB11,35.29
2022-04-18,SBSP3,50.21
2022-04-18,SMFT3,19.15
2022-04-18,SUZB3,52.1
2022-04-18,TAEE11,44.72
2022-04-18,TEND3,6.66
2022-04-18,TIMS3,13.69
2022-04-18,TOTS3,34.12
2022-04-18,UGPA3,14.89
2022-04-18,USIM5,12.85
2022-04-18,VALE3,90.57
2022-04-18,VAMO3,12.61
2022-04-18,VBBR3,22.67
2022-04-18,VIVA3,27.36
2022-04-18,VIVT3,53.45
2022-04-18,WEGE3,31.91
2022-04-18,YDUQ3,17.31
2022-04-19,ABEV3,14.65
2022-04-19,ASAI3,16.34
2022-04-19,AURE3,15.56
2022-04-19,B3SA3,14.54
2022-04-19,BBAS3,35.21
2022-04-19,BBDC3,16.13
2022-04-19,BBDC4,19.57
2022-04-19,BBSE3,26.02
2022-04-19,BEEF3,13.42
2022-04-19,BPAC11,25.91
2022-04-19,BRAP4,31.13
2022-04-19,CCRO3,13.75
2022-04-19,CEAB3,4.84
2022-04-19,CMIG4,14.67
2022-04-19,CMIN3,5.81
2022-04-19,COGN3,2.87
2022-04-19,CPFE3,35.17
2022-04-19,CPLE3,6.65
2022-04-19,CSAN3,22.68
2022-04-19,CSMG3,13.9
2022-04-19,CSNA3,24.86
2022-04-19,CURY3,7.63
2022-04-19,CXSE3,8.3
2022-04-19,CYRE3,15.35
2022-04-19,DIRR3,11.98
2022-04-19,EGIE3,43.57
2022-04-19,ELET3,40.6
2022-04-19,EMBR3,14.05
2022-04-19,ENEV3,14.87
2022-04-19,ENGI11,47.47
2022-04-19,EQTL3,25.25
2022-04-19,FLRY3,15.85
2022-04-19,GGBR4,30.27
2022-04-19,GOAU4,12.21
2022-04-19,HAPV3,10.6
2022-04-19,HYPE3,37.88
2022-04-19,IGTI11,21.21
2022-04-19,ITSA4,10.05
2022-04-19,ITUB4,26.01
2022-04-19,KLBN11,22.46
2022-04-19,LREN3,26.25
2022-04-19,MGLU3,5.94
2022-04-19,MRFG3,19.36
2022-04-19,MRVE3,11.07
2022-04-19,MULT3,23.98
2022-04-19,NTCO3,25.29
2022-04-19,PETR3,34.71
2022-04-19,PETR4,31.65
2022-04-19,POMO4,2.7
2022-04-19,PRIO3,24.66
2022-04-19,PSSA3,21.08
2022-04-19,RADL3,22.5
2022-04-19,RAIL3,18.0
2022-04-19,RDOR3,42.59
2022-04-19,RENT3,58.35
2022-04-19,SANB11,35.13
2022-04-19,SBSP3,48.28
2022-04-19,SMFT3,19.7
2022-04-19,SUZB3,52.49
2022-04-19,TAEE11,44.15
2022-04-19,TEND3,6.83
2022-04-19,TIMS3,13.61
2022-04-19,TOTS3,36.01
2022-04-19,UGPA3,14.53
2022-04-19,USIM5,13.1
2022-04-19,VALE3,87.68
2022-04-19,VAMO3,12.83
2022-04-19,VBBR3,22.49
2022-04-19,VIVA3,27.71
2022-04-19,VIVT3,52.9
2022-04-19,WEGE3,31.37
2022-04-19,YDUQ3,17.55
2022-04-20,ABEV3,14.73
2022-04-20,ASAI3,16.59
2022-04-20,AURE3,15.5
2022-04-20,B3SA3,14.69
2022-04-20,BBAS3,35.16
2022-04-20,BBDC3,16.08
2022-04-20,BBDC4,19.5
2022-04-20,BBSE3,26.76
2022-04-20,BEEF3,13.48
2022-04-20,BPAC11,26.25
2022-04-20,BRAP4,30.54
2022-04-20,CCRO3,13.75
2022-04-20,CEAB3,4.75
2022-04-20,CMIG4,14.73
2022-04-20,CMIN3,5.57
2022-04-20,COGN3,2.66
2022-04-20,CPFE3,35.29
2022-04-20,CPLE3,6.74
2022-04-20,CSAN3,22.73
2022-04-20,CSMG3,14.13
2022-04-20,CSNA3,23.84
2022-04-20,CURY3,7.5
2022-04-20,CXSE3,8.41
2022-04-20,CYRE3,15.32
2022-04-20,DIRR3,12.12
2022-04-20,EGIE3,44.1
2022-04-20,ELET3,42.2
2022-04-20,EMBR3,13.91
2022-04-20,ENEV3,14.69
2022-04-20,ENGI11,47.77
2022-04-20,EQTL3,25.45
2022-04-20,FLRY3,15.85
2022-04-20,GGBR4,29.05
2022-04-20,GOAU4,11.75
2022-04-20,HAPV3,10.5
2022-04-20,HYPE3,37.8
2022-04-20,IGTI11,21.36
2022-04-20,ITSA4,10.06
2022-04-20,ITUB4,26.18
2022-04-20,KLBN11,22.19
2022-04-20,LREN3,25.98
2022-04-20,MGLU3,5.61
2022-04-20,MRFG3,19.25
2022-04-20,MRVE3,11.19
2022-04-20,MULT3,23.98
2022-04-20,NTCO3,21.35
2022-04-20,PETR3,35.12
2022-04-20,PETR4,31.8
2022-04-20,POMO4,2.7
2022-04-20,PRIO3,25.7
2022-04-20,PSSA3,21.08
2022-04-20,RADL3,22.45
2022-04-20,RAIL3,18.83
2022-04-20,RDOR3,41.6
2022-04-20,RENT3,58.16
2022-04-20,SANB11,35.04
2022-04-20,SBSP3,47.35
2022-04-20,SMFT3,19.64
2022-04-20,SUZB3,51.99
2022-04-20,TAEE11,44.58
2022-04-20,TEND3,6.62
2022-04-20,TIMS3,13.55
2022-04-20,TOTS3,35.33
2022-04-20,UGPA3,14.45
2022-04-20,USIM5,12.27
2022-04-20,VALE3,85.4
2022-04-20,VAMO3,12.78
2022-04-20,VBBR3,22.48
2022-04-20,VIVA3,27.45
2022-04-20,VIVT3,52.78
2022-04-20,WEGE3,31.42
2022-04-20,YDUQ3,17.14
2022-04-22,ABEV3,14.75
2022-04-22,ASAI3,16.03
2022-04-22,AURE3,15.71
2022-04-22,B3SA3,14.36
2022-04-22,BBAS3,34.43
2022-04-22,BBDC3,15.84
2022-04-22,BBDC4,19.22
2022-04-22,BBSE3,26.39
2022-04-22,BEEF3,13.06
2022-04-22,BPAC11,25.27
2022-04-22,BRAP4,29.39
2022-04-22,CCRO3,13.34
2022-04-22,CEAB3,4.47
2022-04-22,CMIG4,14.63
2022-04-22,CMIN3,5.4
2022-04-22,COGN3,2.52
2022-04-22,CPFE3,34.91
2022-04-22,CPLE3,6.6
2022-04-22,CSAN3,22.17
2022-04-22,CSMG3,14.1
2022-04-22,CSNA3,22.01
2022-04-22,CURY3,7.49
2022-04-22,CXSE3,7.78
2022-04-22,CYRE3,14.93
2022-04-22,DIRR3,11.63
2022-04-22,EGIE3,43.79
2022-04-22,ELET3,40.11
2022-04-22,EMBR3,13.7
2022-04-22,ENEV3,14.15
2022-04-22,ENGI11,47.41
2022-04-22,EQTL3,25.18
2022-04-22,FLRY3,15.61
2022-04-22,GGBR4,28.27
2022-04-22,GOAU4,11.44
2022-04-22,HAPV3,10.13
2022-04-22,HYPE3,37.8
2022-04-22,IGTI11,20.21
2022-04-22,ITSA4,9.91
2022-04-22,ITUB4,25.67
2022-04-22,KLBN11,22.14
2022-04-22,LREN3,25.02
2022-04-22,MGLU3,5.55
2022-04-22,MRFG3,18.75
2022-04-22,MRVE3,10.79
2022-04-22,MULT3,23.53
2022-04-22,NTCO3,20.5
2022-04-22,PETR3,33.37
2022-04-22,PETR4,30.56
2022-04-22,POMO4,2.66
2022-04-22,PRIO3,24.48
2022-04-22,PSSA3,20.78
2022-04-22,RADL3,22.5
2022-04-22,RAIL3,18.29
2022-04-22,RDOR3,40.3
2022-04-22,RENT3,55.9
2022-04-22,SANB11,33.94
2022-04-22,SBSP3,46.4
2022-04-22,SMFT3,18.9
2022-04-22,SUZB3,51.57
2022-04-22,TAEE11,44.36
2022-04-22,TEND3,6.15
2022-04-22,TIMS3,13.55
2022-04-22,TOTS3,34.81
2022-04-22,UGPA3,14.19
2022-04-22,USIM5,11.94
2022-04-22,VALE3,80.45
2022-04-22,VAMO3,12.16
2022-04-22,VBBR3,22.16
2022-04-22,VIVA3,26.42
2022-04-22,VIVT3,52.73
2022-04-22,WEGE3,31.31
2022-04-22,YDUQ3,16.29
2022-04-25,ABEV3,15.12
2022-04-25,ASAI3,16.01
2022-04-25,AURE3,15.93
2022-04-25,B3SA3,14.12
2022-04-25,BBAS3,34.7
2022-04-25,BBDC3,15.76
2022-04-25,BBDC4,19.1
2022-04-25,BBSE3,26.37
2022-04-25,BEEF3,13.19
2022-04-25,BPAC11,25.12
2022-04-25,BRAP4,28.85
2022-04-25,CCRO3,13.45
2022-04-25,CEAB3,4.49
2022-04-25,CMIG4,15.05
2022-04-25,CMIN3,5.34
2022-04-25,COGN3,2.61
2022-04-25,CPFE3,35.34
2022-04-25,CPLE3,6.75
2022-04-25,CSAN3,22.01
2022-04-25,CSMG3,14.1
2022-04-25,CSNA3,21.43
2022-04-25,CURY3,7.42
2022-04-25,CXSE3,7.8
2022-04-25,CYRE3,14.68
2022-04-25,DIRR3,11.63
2022-04-25,EGIE3,44.45
2022-04-25,ELET3,40.24
2022-04-25,EMBR3,14.03
2022-04-25,ENEV3,14.33
2022-04-25,ENGI11,48.1
2022-04-25,EQTL3,25.76
2022-04-25,FLRY3,15.63
2022-04-25,GGBR4,27.7
2022-04-25,GOAU4,11.23
2022-04-25,HAPV3,10.16
2022-04-25,HYPE3,37.55
2022-04-25,IGTI11,20.48
2022-04-25,ITSA4,9.88
2022-04-25,ITUB4,25.57
2022-04-25,KLBN11,22.16
2022-04-25,LREN3,25.0
2022-04-25,MGLU3,5.44
2022-04-25,MRFG3,18.54
2022-04-25,MRVE3,11.0
2022-04-25,MULT3,23.58
2022-04-25,NTCO3,20.07
2022-04-25,PETR3,33.14
2022-04-25,PETR4,30.11
2022-04-25,POMO4,2.71
2022-04-25,PRIO3,24.7
2022-04-25,PSSA3,20.81
2022-04-25,RADL3,22.92
2022-04-25,RAIL3,18.13
2022-04-25,RDOR3,40.83
2022-04-25,RENT3,55.35
2022-04-25,SANB11,33.63
2022-04-25,SBSP3,46.72
2022-04-25,SMFT3,18.76
2022-04-25,SUZB3,51.75
2022-04-25,TAEE11,45.01
2022-04-25,TEND3,6.55
2022-04-25,TIMS3,13.75
2022-04-25,TOTS3,34.63
2022-04-25,UGPA3,14.1
2022-04-25,USIM5,12.17
2022-04-25,VALE3,79.08
2022-04-25,VAMO3,12.16
2022-04-25,VBBR3,22.18
2022-04-25,VIVA3,26.35
2022-04-25,VIVT3,53.65
2022-04-25,WEGE3,31.21
2022-04-25,YDUQ3,16.7
2022-04-26,ABEV3,14.75
2022-04-26,ASAI3,15.83
2022-04-26,AURE3,15.37
2022-04-26,B3SA3,13.61
2022-04-26,BBAS3,33.92
2022-04-26,BBDC3,15.16
2022-04-26,BBDC4,18.28
2022-04-26,BBSE3,26.07
2022-04-26,BEEF3,13.12
2022-04-26,BPAC11,23.85
2022-04-26,BRAP4,28.32
2022-04-26,CCRO3,13.37
2022-04-26,CEAB3,4.45
2022-04-26,CMIG4,15.1
2022-04-26,CMIN3,5.07
2022-04-26,COGN3,2.57
2022-04-26,CPFE3,35.99
2022-04-26,CPLE3,6.68
2022-04-26,CSAN3,21.65
2022-04-26,CSMG3,14.1
2022-04-26,CSNA3,20.08
2022-04-26,CURY3,7.23
2022-04-26,CXSE3,7.67
2022-04-26,CYRE3,14.13
2022-04-26,DIRR3,11.4
2022-04-26,EGIE3,42.85
2022-04-26,ELET3,39.54
2022-04-26,EMBR3,13.6
2022-04-26,ENEV3,13.91
2022-04-26,ENGI11,48.43
2022-04-26,EQTL3,26.02
2022-04-26,FLRY3,15.44
2022-04-26,GGBR4,26.62
2022-04-26,GOAU4,10.83
2022-04-26,HAPV3,9.93
2022-04-26,HYPE3,36.77
2022-04-26,IGTI11,20.85
2022-04-26,ITSA4,9.46
2022-04-26,ITUB4,24.7
2022-04-26,KLBN11,21.5
2022-04-26,LREN3,24.46
2022-04-26,MGLU3,5.18
2022-04-26,MRFG3,18.52
2022-04-26,MRVE3,10.72
2022-04-26,MULT3,23.19
2022-04-26,NTCO3,19.76
2022-04-26,PETR3,33.09
2022-04-26,PETR4,30.06
2022-04-26,POMO4,2.68
2022-04-26,PRIO3,25.31
2022-04-26,PSSA3,20.55
2022-04-26,RADL3,22.35
2022-04-26,RAIL3,17.8
2022-04-26,RDOR3,39.67
2022-04-26,RENT3,53.19
2022-04-26,SANB11,32.1
2022-04-26,SBSP3,46.15
2022-04-26,SMFT3,18.45
2022-04-26,SUZB3,50.7
2022-04-26,TAEE11,45.46
2022-04-26,TEND3,6.31
2022-04-26,TIMS3,13.81
2022-04-26,TOTS3,32.38
2022-04-26,UGPA3,13.3
2022-04-26,USIM5,11.67
2022-04-26,VALE3,78.0
2022-04-26,VAMO3,12.18
2022-04-26,VBBR3,21.52
2022-04-26,VIVA3,25.85
2022-04-26,VIVT3,53.65
2022-04-26,WEGE3,29.98
2022-04-26,YDUQ3,16.59
2022-04-27,ABEV3,14.68
2022-04-27,ASAI3,15.89
2022-04-27,AURE3,15.5
2022-04-27,B3SA3,13.51
2022-04-27,BBAS3,34.07
2022-04-27,BBDC3,15.16
2022-04-27,BBDC4,18.39
2022-04-27,BBSE3,26.08
2022-04-27,BEEF3,13.4
2022-04-27,BPAC11,23.84
2022-04-27,BRAP4,29.33
2022-04-27,CCRO3,13.18
2022-04-27,CEAB3,4.34
2022-04-27,CMIG4,15.37
2022-04-27,CMIN3,5.17
2022-04-27,COGN3,2.6
2022-04-27,CPFE3,36.59
2022-04-27,CPLE3,6.75
2022-04-27,CSAN3,21.57
2022-04-27,CSMG3,14.29
2022-04-27,CSNA3,21.0
2022-04-27,CURY3,7.26
2022-04-27,CXSE3,7.85
2022-04-27,CYRE3,14.35
2022-04-27,DIRR3,11.6
2022-04-27,EGIE3,42.79
2022-04-27,ELET3,40.18
2022-04-27,EMBR3,13.48
2022-04-27,ENEV3,13.74
2022-04-27,ENGI11,48.75
2022-04-27,EQTL3,26.37
2022-04-27,FLRY3,15.51
2022-04-27,GGBR4,28.22
2022-04-27,GOAU4,11.38
2022-04-27,HAPV3,9.35
2022-04-27,HYPE3,37.03
2022-04-27,IGTI11,21.05
2022-04-27,ITSA4,9.4
2022-04-27,ITUB4,24.5
2022-04-27,KLBN11,21.39
2022-04-27,LREN3,24.53
2022-04-27,MGLU3,5.1
2022-04-27,MRFG3,19.41
2022-04-27,MRVE3,10.68
2022-04-27,MULT3,23.47
2022-04-27,NTCO3,19.27
2022-04-27,PETR3,33.19
2022-04-27,PETR4,30.06
2022-04-27,POMO4,2.7
2022-04-27,PRIO3,25.59
2022-04-27,PSSA3,20.27
2022-04-27,RADL3,22.15
2022-04-27,RAIL3,17.67
2022-04-27,RDOR3,39.5
2022-04-27,RENT3,53.7
2022-04-27,SANB11,31.97
2022-04-27,SBSP3,46.18
2022-04-27,SMFT3,18.23
2022-04-27,SUZB3,50.6
2022-04-27,TAEE11,45.75
2022-04-27,TEND3,6.05
2022-04-27,TIMS3,13.79
2022-04-27,TOTS3,32.58
2022-04-27,UGPA3,13.46
2022-04-27,USIM5,11.8
2022-04-27,VALE3,82.17
2022-04-27,VAMO3,12.43
2022-04-27,VBBR3,21.52
2022-04-27,VIVA3,25.66
2022-04-27,VIVT3,51.82
2022-04-27,WEGE3,31.63
2022-04-27,YDUQ3,16.76
2022-04-28,ABEV3,14.71
2022-04-28,ASAI3,15.53
2022-04-28,AURE3,15.31
2022-04-28,B3SA3,13.58
2022-04-28,BBAS3,34.01
2022-04-28,BBDC3,15.02
2022-04-28,BBDC4,18.22
2022-04-28,BBSE3,25.89
2022-04-28,BEEF3,12.93
2022-04-28,BPAC11,24.13
2022-04-28,BRAP4,29.96
2022-04-28,CCRO3,13.08
2022-04-28,CEAB3,4.38
2022-04-28,CMIG4,15.34
2022-04-28,CMIN3,5.2
2022-04-28,COGN3,2.56
2022-04-28,CPFE3,36.45
2022-04-28,CPLE3,6.82
2022-04-28,CSAN3,21.35
2022-04-28,CSMG3,14.42
2022-04-28,CSNA3,21.47
2022-04-28,CURY3,7.44
2022-04-28,CXSE3,8.02
2022-04-28,CYRE3,14.64
2022-04-28,DIRR3,12.08
2022-04-28,EGIE3,42.48
2022-04-28,ELET3,40.66
2022-04-28,EMBR3,14.36
2022-04-28,ENEV3,13.85
2022-04-28,ENGI11,47.98
2022-04-28,EQTL3,26.03
2022-04-28,FLRY3,15.21
2022-04-28,GGBR4,29.04
2022-04-28,GOAU4,11.74
2022-04-28,HAPV3,9.18
2022-04-28,HYPE3,38.15
2022-04-28,IGTI11,21.25
2022-04-28,ITSA4,9.35
2022-04-28,ITUB4,24.3
2022-04-28,KLBN11,21.23
2022-04-28,LREN3,24.39
2022-04-28,MGLU3,5.18
2022-04-28,MRFG3,18.97
2022-04-28,MRVE3,10.74
2022-04-28,MULT3,23.7
2022-04-28,NTCO3,19.26
2022-04-28,PETR3,33.43
2022-04-28,PETR4,30.26
2022-04-28,POMO4,2.69
2022-04-28,PRIO3,26.28
2022-04-28,PSSA3,20.59
2022-04-28,RADL3,22.02
2022-04-28,RAIL3,17.38
2022-04-28,RDOR3,38.66
2022-04-28,RENT3,54.6
2022-04-28,SANB11,31.78
2022-04-28,SBSP3,46.3
2022-04-28,SMFT3,18.07
2022-04-28,SUZB3,50.98
2022-04-28,TAEE11,45.09
2022-04-28,TEND3,6.14
2022-04-28,TIMS3,13.75
2022-04-28,TOTS3,33.13
2022-04-28,UGPA3,13.77
2022-04-28,USIM5,12.28
2022-04-28,VALE3,84.2
2022-04-28,VAMO3,13.7
2022-04-28,VBBR3,21.77
2022-04-28,VIVA3,25.78
2022-04-28,VIVT3,52.39
2022-04-28,WEGE3,31.13
2022-04-28,YDUQ3,16.82
2022-04-29,ABEV3,14.52
2022-04-29,ASAI3,15.28
2022-04-29,AURE3,14.66
2022-04-29,B3SA3,13.3
2022-04-29,BBAS3,33.22
2022-04-29,BBDC3,14.91
2022-04-29,BBDC4,17.98
2022-04-29,BBSE3,25.43
2022-04-29,BEEF3,13.13
2022-04-29,BPAC11,23.09
2022-04-29,BRAP4,29.29
2022-04-29,CCRO3,12.41
2022-04-29,CEAB3,4.38
2022-04-29,CMIG4,14.67
2022-04-29,CMIN3,5.2
2022-04-29,COGN3,2.45
2022-04-29,CPFE3,36.15
2022-04-29,CPLE3,6.52
2022-04-29,CSAN3,21.0
2022-04-29,CSMG3,13.66
2022-04-29,CSNA3,21.07
2022-04-29,CURY3,7.33
2022-04-29,CXSE3,7.84
2022-04-29,CYRE3,14.15
2022-04-29,DIRR3,11.5
2022-04-29,EGIE3,41.9
2022-04-29,ELET3,40.48
2022-04-29,EMBR3,14.21
2022-04-29,ENEV3,13.72
2022-04-29,ENGI11,47.64
2022-04-29,EQTL3,25.64
2022-04-29,FLRY3,14.42
2022-04-29,GGBR4,27.97
2022-04-29,GOAU4,11.36
2022-04-29,HAPV3,8.77
2022-04-29,HYPE3,37.42
2022-04-29,IGTI11,20.99
2022-04-29,ITSA4,9.21
2022-04-29,ITUB4,23.87
2022-04-29,KLBN11,20.74
2022-04-29,LREN3,23.75
2022-04-29,MGLU3,4.88
2022-04-29,MRFG3,18.75
2022-04-29,MRVE3,10.32
2022-04-29,MULT3,24.65
2022-04-29,NTCO3,18.59
2022-04-29,PETR3,33.44
2022-04-29,PETR4,30.28
2022-04-29,POMO4,2.67
2022-04-29,PRIO3,26.7
2022-04-29,PSSA3,20.35
2022-04-29,RADL3,20.93
2022-04-29,RAIL3,16.37
2022-04-29,RDOR3,36.73
2022-04-29,RENT3,52.94
2022-04-29,SANB11,31.75
2022-04-29,SBSP3,44.53
2022-04-29,SMFT3,17.95
2022-04-29,SUZB3,49.61
2022-04-29,TAEE11,43.98
2022-04-29,TEND3,5.82
2022-04-29,TIMS3,13.48
2022-04-29,TOTS3,31.97
2022-04-29,UGPA3,13.07
2022-04-29,USIM5,11.31
2022-04-29,VALE3,83.29
2022-04-29,VAMO3,13.66
2022-04-29,VBBR3,21.12
2022-04-29,VIVA3,25.44
2022-04-29,VIVT3,53.19
2022-04-29,WEGE3,30.1
2022-04-29,YDUQ3,16.12
2022-05-02,ABEV3,14.47
2022-05-02,ASAI3,15.25
2022-05-02,AURE3,14.36
2022-05-02,B3SA3,12.8
2022-05-02,BBAS3,32.98
2022-05-02,BBDC3,14.78
2022-05-02,BBDC4,17.97
2022-05-02,BBSE3,24.95
2022-05-02,BEEF3,13.2
2022-05-02,BPAC11,23.08
2022-05-02,BRAP4,27.38
2022-05-02,CCRO3,12.18
2022-05-02,CEAB3,4.4
2022-05-02,CMIG4,10.77
2022-05-02,CMIN3,4.84
2022-05-02,COGN3,2.44
2022-05-02,CPFE3,32.2
2022-05-02,CPLE3,5.93
2022-05-02,CSAN3,20.26
2022-05-02,CSMG3,13.12
2022-05-02,CSNA3,20.03
2022-05-02,CURY3,6.73
2022-05-02,CXSE3,7.72
2022-05-02,CYRE3,14.18
2022-05-02,DIRR3,11.23
2022-05-02,EGIE3,41.83
2022-05-02,ELET3,39.07
2022-05-02,EMBR3,13.82
2022-05-02,ENEV3,13.37
2022-05-02,ENGI11,47.4
2022-05-02,EQTL3,24.91
2022-05-02,FLRY3,14.45
2022-05-02,GGBR4,27.4
2022-05-02,GOAU4,11.07
2022-05-02,HAPV3,8.81
2022-05-02,HYPE3,37.05
2022-05-02,IGTI11,20.3
2022-05-02,ITSA4,9.15
2022-05-02,ITUB4,23.75
2022-05-02,KLBN11,20.96
2022-05-02,LREN3,23.9
2022-05-02,MGLU3,4.8
2022-05-02,MRFG3,18.36
2022-05-02,MRVE3,10.26
2022-05-02,MULT3,24.14
2022-05-02,NTCO3,18.09
2022-05-02,PETR3,32.84
2022-05-02,PETR4,29.98
2022-05-02,POMO4,2.68
2022-05-02,PRIO3,25.15
2022-05-02,PSSA3,20.17
2022-05-02,RADL3,20.43
2022-05-02,RAIL3,15.82
2022-05-02,RDOR3,35.93
2022-05-02,RENT3,51.47
2022-05-02,SANB11,31.55
2022-05-02,SBSP3,44.83
2022-05-02,SMFT3,17.65
2022-05-02,SUZB3,51.07
2022-05-02,TAEE11,43.55
2022-05-02,TEND3,5.7
2022-05-02,TIMS3,13.62
2022-05-02,TOTS3,31.72
2022-05-02,UGPA3,12.58
2022-05-02,USIM5,11.2
2022-05-02,VALE3,82.92
2022-05-02,VAMO3,13.41
2022-05-02,VBBR3,20.81
2022-05-02,VIVA3,24.78
2022-05-02,VIVT3,52.13
2022-05-02,WEGE3,28.94
2022-05-02,YDUQ3,15.78
2022-05-03,ABEV3,14.24
2022-05-03,ASAI3,15.18
2022-05-03,AURE3,14.49
2022-05-03,B3SA3,12.55
2022-05-03,BBAS3,33.66
2022-05-03,BBDC3,14.84
2022-05-03,BBDC4,18.07
2022-05-03,BBSE3,25.12
2022-05-03,BEEF3,13.4
2022-05-03,BPAC11,22.64
2022-05-03,BRAP4,27.59
2022-05-03,CCRO3,12.14
2022-05-03,CEAB3,4.25
2022-05-03,CMIG4,10.4
2022-05-03,CMIN3,5.04
2022-05-03,COGN3,2.42
2022-05-03,CPFE3,32.4
2022-05-03,CPLE3,5.84
2022-05-03,CSAN3,19.79
2022-05-03,CSMG3,12.4
2022-05-03,CSNA3,20.92
2022-05-03,CURY3,6.67
2022-05-03,CXSE3,7.71
2022-05-03,CYRE3,14.36
2022-05-03,DIRR3,11.33
2022-05-03,EGIE3,41.7
2022-05-03,ELET3,38.85
2022-05-03,EMBR3,14.17
2022-05-03,ENEV3,13.49
2022-05-03,ENGI11,47.0
2022-05-03,EQTL3,24.68
2022-05-03,FLRY3,14.5
2022-05-03,GGBR4,27.62
2022-05-03,GOAU4,11.3
2022-05-03,HAPV3,8.84
2022-05-03,HYPE3,36.52
2022-05-03,IGTI11,20.42
2022-05-03,ITSA4,9.13
2022-05-03,ITUB4,23.87
2022-05-03,KLBN11,21.22
2022-05-03,LREN3,23.52
2022-05-03,MGLU3,4.6
2022-05-03,MRFG3,18.17
2022-05-03,MRVE3,10.39
2022-05-03,MULT3,24.2
2022-05-03,NTCO3,18.1
2022-05-03,PETR3,33.06
2022-05-03,PETR4,30.25
2022-05-03,POMO4,2.74
2022-05-03,PRIO3,25.83
2022-05-03,PSSA3,20.04
2022-05-03,RADL3,20.12
2022-05-03,RAIL3,15.96
2022-05-03,RDOR3,35.89
2022-05-03,RENT3,52.45
2022-05-03,SANB11,31.85
2022-05-03,SBSP3,44.68
2022-05-03,SMFT3,17.63
2022-05-03,SUZB3,51.26
2022-05-03,TAEE11,44.15
2022-05-03,TEND3,5.65
2022-05-03,TIMS3,13.6
2022-05-03,TOTS3,31.28
2022-05-03,UGPA3,12.36
2022-05-03,USIM5,11.31
2022-05-03,VALE3,82.5
2022-05-03,VAMO3,13.27
2022-05-03,VBBR3,20.63
2022-05-03,VIVA3,24.3
2022-05-03,VIVT3,51.77
2022-05-03,WEGE3,28.41
2022-05-03,YDUQ3,15.8
2022-05-04,ABEV3,14.34
2022-05-04,ASAI3,15.36
2022-05-04,AURE3,14.93
2022-05-04,B3SA3,12.65
2022-05-04,BBAS3,34.64
2022-05-04,BBDC3,15.01
2022-05-04,BBDC4,18.33
2022-05-04,BBSE3,25.62
2022-05-04,BEEF3,13.47
2022-05-04,BPAC11,23.11
2022-05-04,BRAP4,27.79
2022-05-04,CCRO3,12.58
2022-05-04,CEAB3,4.42
2022-05-04,CMIG4,10.59
2022-05-04,CMIN3,5.24
2022-05-04,COGN3,2.49
2022-05-04,CPFE3,33.15
2022-05-04,CPLE3,5.88
2022-05-04,CSAN3,19.98
2022-05-04,CSMG3,12.7
2022-05-04,CSNA3,21.47
2022-05-04,CURY3,7.15
2022-05-04,CXSE3,7.99
2022-05-04,CYRE3,14.82
2022-05-04,DIRR3,11.81
2022-05-04,EGIE3,42.99
2022-05-04,ELET3,39.75
2022-05-04,EMBR3,14.51
2022-05-04,ENEV3,14.05
2022-05-04,ENGI11,47.28
2022-05-04,EQTL3,25.23
2022-05-04,FLRY3,14.71
2022-05-04,GGBR4,27.41
2022-05-04,GOAU4,11.3
2022-05-04,HAPV3,8.83
2022-05-04,HYPE3,37.58
2022-05-04,IGTI11,20.7
2022-05-04,ITSA4,9.1
2022-05-04,ITUB4,23.84
2022-05-04,KLBN11,22.24
2022-05-04,LREN3,24.26
2022-05-04,MGLU3,4.95
2022-05-04,MRFG3,16.76
2022-05-04,MRVE3,10.7
2022-05-04,MULT3,24.79
2022-05-04,NTCO3,17.79
2022-05-04,PETR3,34.62
2022-05-04,PETR4,32.07
2022-05-04,POMO4,2.79
2022-05-04,PRIO3,27.33
2022-05-04,PSSA3,20.42
2022-05-04,RADL3,20.24
2022-05-04,RAIL3,16.2
2022-05-04,RDOR3,37.45
2022-05-04,RENT3,54.7
2022-05-04,SANB11,32.61
2022-05-04,SBSP3,45.29
2022-05-04,SMFT3,17.74
2022-05-04,SUZB3,51.96
2022-05-04,TAEE11,45.15
2022-05-04,TEND3,5.76
2022-05-04,TIMS3,13.8
2022-05-04,TOTS3,32.18
2022-05-04,UGPA3,12.87
2022-05-04,USIM5,11.51
2022-05-04,VALE3,81.81
2022-05-04,VAMO3,13.87
2022-05-04,VBBR3,21.16
2022-05-04,VIVA3,24.82
2022-05-04,VIVT3,52.5
2022-05-04,WEGE3,28.94
2022-05-04,YDUQ3,16.5
2022-05-05,ABEV3,13.73
2022-05-05,ASAI3,15.02
2022-05-05,AURE3,14.41
2022-05-05,B3SA3,12.12
2022-05-05,BBAS3,33.74
2022-05-05,BBDC3,14.56
2022-05-05,BBDC4,17.73
2022-05-05,BBSE3,25.03
2022-05-05,BEEF3,13.28
2022-05-05,BPAC11,22.12
2022-05-05,BRAP4,27.68
2022-05-05,CCRO3,12.14
2022-05-05,CEAB3,4.08
2022-05-05,CMIG4,10.24
2022-05-05,CMIN3,4.89
2022-05-05,COGN3,2.35
2022-05-05,CPFE3,32.82
2022-05-05,CPLE3,5.86
2022-05-05,CSAN3,19.15
2022-05-05,CSMG3,12.27
2022-05-05,CSNA3,20.2
2022-05-05,CURY3,6.7
2022-05-05,CXSE3,7.67
2022-05-05,CYRE3,14.28
2022-05-05,DIRR3,11.3
2022-05-05,EGIE3,41.66
2022-05-05,ELET3,39.11
2022-05-05,EMBR3,14.49
2022-05-05,ENEV3,13.48
2022-05-05,ENGI11,46.31
2022-05-05,EQTL3,24.3
2022-05-05,FLRY3,14.17
2022-05-05,GGBR4,28.05
2022-05-05,GOAU4,11.71
2022-05-05,HAPV3,8.15
2022-05-05,HYPE3,35.68
2022-05-05,IGTI11,19.4
2022-05-05,ITSA4,8.87
2022-05-05,ITUB4,23.29
2022-05-05,KLBN11,22.5
2022-05-05,LREN3,22.87
2022-05-05,MGLU3,4.42
2022-05-05,MRFG3,15.83
2022-05-05,MRVE3,9.93
2022-05-05,MULT3,23.55
2022-05-05,NTCO3,17.16
2022-05-05,PETR3,34.39
2022-05-05,PETR4,32.01
2022-05-05,POMO4,2.77
2022-05-05,PRIO3,26.55
2022-05-05,PSSA3,20.13
2022-05-05,RADL3,19.35
2022-05-05,RAIL3,15.69
2022-05-05,RDOR3,35.63
2022-05-05,RENT3,53.25
2022-05-05,SANB11,31.98
2022-05-05,SBSP3,43.88
2022-05-05,SMFT3,17.42
2022-05-05,SUZB3,52.75
2022-05-05,TAEE11,44.58
2022-05-05,TEND3,5.52
2022-05-05,TIMS3,13.33
2022-05-05,TOTS3,28.6
2022-05-05,UGPA3,12.51
2022-05-05,USIM5,11.09
2022-05-05,VALE3,80.33
2022-05-05,VAMO3,13.61
2022-05-05,VBBR3,20.04
2022-05-05,VIVA3,23.8
2022-05-05,VIVT3,50.81
2022-05-05,WEGE3,28.16
2022-05-05,YDUQ3,15.56
2022-05-06,ABEV3,13.53
2022-05-06,ASAI3,14.69
2022-05-06,AURE3,14.2
2022-05-06,B3SA3,11.77
2022-05-06,BBAS3,33.85
2022-05-06,BBDC3,14.85
2022-05-06,BBDC4,18.1
2022-05-06,BBSE3,25.03
2022-05-06,BEEF3,13.25
2022-05-06,BPAC11,21.9
2022-05-06,BRAP4,27.2
2022-05-06,CCRO3,11.98
2022-05-06,CEAB3,3.51
2022-05-06,CMIG4,10.18
2022-05-06,CMIN3,4.76
2022-05-06,COGN3,2.4
2022-05-06,CPFE3,33.33
2022-05-06,CPLE3,5.81
2022-05-06,CSAN3,18.24
2022-05-06,CSMG3,12.32
2022-05-06,CSNA3,19.97
2022-05-06,CURY3,6.5
2022-05-06,CXSE3,7.54
2022-05-06,CYRE3,13.97
2022-05-06,DIRR3,10.82
2022-05-06,EGIE3,41.67
2022-05-06,ELET3,38.67
2022-05-06,EMBR3,14.29
2022-05-06,ENEV3,13.56
2022-05-06,ENGI11,46.2
2022-05-06,EQTL3,23.97
2022-05-06,FLRY3,13.93
2022-05-06,GGBR4,28.2
2022-05-06,GOAU4,11.64
2022-05-06,HAPV3,8.29
2022-05-06,HYPE3,35.73
2022-05-06,IGTI11,19.59
2022-05-06,ITSA4,8.9
2022-05-06,ITUB4,23.79
2022-05-06,KLBN11,22.37
2022-05-06,LREN3,24.24
2022-05-06,MGLU3,4.3
2022-05-06,MRFG3,16.04
2022-05-06,MRVE3,9.62
2022-05-06,MULT3,23.66
2022-05-06,NTCO3,16.38
2022-05-06,PETR3,35.69
2022-05-06,PETR4,33.06
2022-05-06,POMO4,2.72
2022-05-06,PRIO3,26.5
2022-05-06,PSSA3,19.98
2022-05-06,RADL3,19.02
2022-05-06,RAIL3,15.35
2022-05-06,RDOR3,34.86
2022-05-06,RENT3,52.08
2022-05-06,SANB11,32.97
2022-05-06,SBSP3,44.1
2022-05-06,SMFT3,17.12
2022-05-06,SUZB3,51.8
2022-05-06,TAEE11,44.72
2022-05-06,TEND3,5.45
2022-05-06,TIMS3,13.33
2022-05-06,TOTS3,27.25
2022-05-06,UGPA3,12.2
2022-05-06,USIM5,10.97
2022-05-06,VALE3,79.76
2022-05-06,VAMO3,13.51
2022-05-06,VBBR3,20.0
2022-05-06,VIVA3,23.48
2022-05-06,VIVT3,50.62
2022-05-06,WEGE3,27.15
2022-05-06,YDUQ3,15.12
2022-05-09,ABEV3,13.69
2022-05-09,ASAI3,14.76
2022-05-09,AURE3,14.14
2022-05-09,B3SA3,11.74
2022-05-09,BBAS3,33.94
2022-05-09,BBDC3,15.07
2022-05-09,BBDC4,18.37
2022-05-09,BBSE3,25.38
2022-05-09,BEEF3,13.4
2022-05-09,BPAC11,22.69
2022-05-09,BRAP4,26.21
2022-05-09,CCRO3,11.76
2022-05-09,CEAB3,3.05
2022-05-09,CMIG4,10.33
2022-05-09,CMIN3,4.61
2022-05-09,COGN3,2.33
2022-05-09,CPFE3,33.85
2022-05-09,CPLE3,5.79
2022-05-09,CSAN3,17.63
2022-05-09,CSMG3,12.33
2022-05-09,CSNA3,19.07
2022-05-09,CURY3,6.4
2022-05-09,CXSE3,7.6
2022-05-09,CYRE3,13.94
2022-05-09,DIRR3,10.05
2022-05-09,EGIE3,42.69
2022-05-09,ELET3,38.95
2022-05-09,EMBR3,13.15
2022-05-09,ENEV3,13.08
2022-05-09,ENGI11,46.48
2022-05-09,EQTL3,24.32
2022-05-09,FLRY3,13.93
2022-05-09,GGBR4,27.54
2022-05-09,GOAU4,11.4
2022-05-09,HAPV3,8.12
2022-05-09,HYPE3,35.46
2022-05-09,IGTI11,19.05
2022-05-09,ITSA4,8.78
2022-05-09,ITUB4,23.45
2022-05-09,KLBN11,21.57
2022-05-09,LREN3,23.89
2022-05-09,MGLU3,3.91
2022-05-09,MRFG3,15.53
2022-05-09,MRVE3,9.48
2022-05-09,MULT3,23.29
2022-05-09,NTCO3,15.24
2022-05-09,PETR3,34.26
2022-05-09,PETR4,32.16
2022-05-09,POMO4,2.64
2022-05-09,PRIO3,24.22
2022-05-09,PSSA3,19.32
2022-05-09,RADL3,18.93
2022-05-09,RAIL3,15.45
2022-05-09,RDOR3,34.43
2022-05-09,RENT3,51.71
2022-05-09,SANB11,33.27
2022-05-09,SBSP3,45.24
2022-05-09,SMFT3,16.1
2022-05-09,SUZB3,50.37
2022-05-09,TAEE11,45.01
2022-05-09,TEND3,5.34
2022-05-09,TIMS3,13.2
2022-05-09,TOTS3,25.0
2022-05-09,UGPA3,11.99
2022-05-09,USIM5,10.77
2022-05-09,VALE3,76.49
2022-05-09,VAMO3,12.89
2022-05-09,VBBR3,19.41
2022-05-09,VIVA3,23.14
2022-05-09,VIVT3,50.91
2022-05-09,WEGE3,26.66
2022-05-09,YDUQ3,14.6
2022-05-10,ABEV3,13.73
2022-05-10,ASAI3,15.27
2022-05-10,AURE3,14.2
2022-05-10,B3SA3,11.57
2022-05-10,BBAS3,33.55
2022-05-10,BBDC3,15.11
2022-05-10,BBDC4,18.55
2022-05-10,BBSE3,24.98
2022-05-10,BEEF3,13.14
2022-05-10,BPAC11,23.37
2022-05-10,BRAP4,25.55
2022-05-10,CCRO3,12.0
2022-05-10,CEAB3,3.11
2022-05-10,CMIG4,10.37
2022-05-10,CMIN3,4.28
2022-05-10,COGN3,2.37
2022-05-10,CPFE3,33.75
2022-05-10,CPLE3,5.84
2022-05-10,CSAN3,17.85
2022-05-10,CSMG3,12.54
2022-05-10,CSNA3,17.96
2022-05-10,CURY3,6.5
2022-05-10,CXSE3,7.46
2022-05-10,CYRE3,14.3
2022-05-10,DIRR3,10.24
2022-05-10,EGIE3,42.42
2022-05-10,ELET3,39.88
2022-05-10,EMBR3,13.05
2022-05-10,ENEV3,13.22
2022-05-10,ENGI11,45.8
2022-05-10,EQTL3,24.27
2022-05-10,FLRY3,14.2
2022-05-10,GGBR4,26.34
2022-05-10,GOAU4,10.78
2022-05-10,HAPV3,8.04
2022-05-10,HYPE3,35.4
2022-05-10,IGTI11,19.46
2022-05-10,ITSA4,8.72
2022-05-10,ITUB4,23.33
2022-05-10,KLBN11,21.0
2022-05-10,LREN3,24.74
2022-05-10,MGLU3,3.95
2022-05-10,MRFG3,14.94
2022-05-10,MRVE3,9.54
2022-05-10,MULT3,23.64
2022-05-10,NTCO3,16.57
2022-05-10,PETR3,34.69
2022-05-10,PETR4,32.44
2022-05-10,POMO4,2.66
2022-05-10,PRIO3,24.27
2022-05-10,PSSA3,18.9
2022-05-10,RADL3,18.97
2022-05-10,RAIL3,15.31
2022-05-10,RDOR3,33.66
2022-05-10,RENT3,52.55
2022-05-10,SANB11,32.6
2022-05-10,SBSP3,46.01
2022-05-10,SMFT3,16.4
2022-05-10,SUZB3,49.05
2022-05-10,TAEE11,41.1
2022-05-10,TEND3,4.96
2022-05-10,TIMS3,13.25
2022-05-10,TOTS3,26.0
2022-05-10,UGPA3,12.28
2022-05-10,USIM5,10.04
2022-05-10,VALE3,75.54
2022-05-10,VAMO3,13.16
2022-05-10,VBBR3,19.12
2022-05-10,VIVA3,24.2
2022-05-10,VIVT3,50.8
2022-05-10,WEGE3,26.12
2022-05-10,YDUQ3,14.68
2022-05-11,ABEV3,13.95
2022-05-11,ASAI3,15.16
2022-05-11,AURE3,14.13
2022-05-11,B3SA3,11.29
2022-05-11,BBAS3,34.29
2022-05-11,BBDC3,15.36
2022-05-11,BBDC4,18.87
2022-05-11,BBSE3,24.79
2022-05-11,BEEF3,13.26
2022-05-11,BPAC11,22.63
2022-05-11,BRAP4,26.6
2022-05-11,CCRO3,12.25
2022-05-11,CEAB3,3.18
2022-05-11,CMIG4,10.42
2022-05-11,CMIN3,4.33
2022-05-11,COGN3,2.38
2022-05-11,CPFE3,33.36
2022-05-11,CPLE3,5.84
2022-05-11,CSAN3,18.33
2022-05-11,CSMG3,12.31
2022-05-11,CSNA3,18.25
2022-05-11,CURY3,6.29
2022-05-11,CXSE3,7.39
2022-05-11,CYRE3,14.03
2022-05-11,DIRR3,10.14
2022-05-11,EGIE3,41.86
2022-05-11,ELET3,39.75
2022-05-11,EMBR3,12.97
2022-05-11,ENEV3,12.97
2022-05-11,ENGI11,44.59
2022-05-11,EQTL3,23.56
2022-05-11,FLRY3,13.69
2022-05-11,GGBR4,27.12
2022-05-11,GOAU4,11.2
2022-05-11,HAPV3,7.56
2022-05-11,HYPE3,36.06
2022-05-11,IGTI11,19.23
2022-05-11,ITSA4,8.91
2022-05-11,ITUB4,24.11
2022-05-11,KLBN11,21.16
2022-05-11,LREN3,24.53
2022-05-11,MGLU3,3.93
2022-05-11,MRFG3,14.92
2022-05-11,MRVE3,9.58
2022-05-11,MULT3,23.41
2022-05-11,NTCO3,16.76
2022-05-11,PETR3,36.44
2022-05-11,PETR4,33.57
2022-05-11,POMO4,2.63
2022-05-11,PRIO3,25.49
2022-05-11,PSSA3,18.13
2022-05-11,RADL3,18.46
2022-05-11,RAIL3,15.36
2022-05-11,RDOR3,31.85
2022-05-11,RENT3,53.93
2022-05-11,SANB11,32.88
2022-05-11,SBSP3,45.17
2022-05-11,SMFT3,15.91
2022-05-11,SUZB3,49.24
2022-05-11,TAEE11,40.21
2022-05-11,TEND3,4.69
2022-05-11,TIMS3,13.08
2022-05-11,TOTS3,25.87
2022-05-11,UGPA3,12.22
2022-05-11,USIM5,10.36
2022-05-11,VALE3,78.69
2022-05-11,VAMO3,13.2
2022-05-11,VBBR3,19.01
2022-05-11,VIVA3,23.88
2022-05-11,VIVT3,49.02
2022-05-11,WEGE3,26.1
2022-05-11,YDUQ3,14.25
2022-05-12,ABEV3,14.48
2022-05-12,ASAI3,15.24
2022-05-12,AURE3,14.24
2022-05-12,B3SA3,11.9
2022-05-12,BBAS3,35.16
2022-05-12,BBDC3,15.44
2022-05-12,BBDC4,18.99
2022-05-12,BBSE3,25.39
2022-05-12,BEEF3,12.26
2022-05-12,BPAC11,23.66
2022-05-12,BRAP4,26.39
2022-05-12,CCRO3,12.29
2022-05-12,CEAB3,3.21
2022-05-12,CMIG4,10.46
2022-05-12,CMIN3,4.19
2022-05-12,COGN3,2.61
2022-05-12,CPFE3,33.92
2022-05-12,CPLE3,6.03
2022-05-12,CSAN3,18.55
2022-05-12,CSMG3,12.46
2022-05-12,CSNA3,17.24
2022-05-12,CURY3,6.68
2022-05-12,CXSE3,7.44
2022-05-12,CYRE3,14.39
2022-05-12,DIRR3,10.27
2022-05-12,EGIE3,41.79
2022-05-12,ELET3,40.16
2022-05-12,EMBR3,13.36
2022-05-12,ENEV3,13.26
2022-05-12,ENGI11,45.0
2022-05-12,EQTL3,23.82
2022-05-12,FLRY3,14.27
2022-05-12,GGBR4,27.39
2022-05-12,GOAU4,11.3
2022-05-12,HAPV3,7.72
2022-05-12,HYPE3,36.84
2022-05-12,IGTI11,19.71
2022-05-12,ITSA4,9.06
2022-05-12,ITUB4,24.49
2022-05-12,KLBN11,20.9
2022-05-12,LREN3,25.28
2022-05-12,MGLU3,4.18
2022-05-12,MRFG3,15.05
2022-05-12,MRVE3,9.71
2022-05-12,MULT3,24.19
2022-05-12,NTCO3,17.03
2022-05-12,PETR3,36.58
2022-05-12,PETR4,33.83
2022-05-12,POMO4,2.68
2022-05-12,PRIO3,26.14
2022-05-12,PSSA3,19.2
2022-05-12,RADL3,18.8
2022-05-12,RAIL3,15.27
2022-05-12,RDOR3,32.4
2022-05-12,RENT3,55.31
2022-05-12,SANB11,32.75
2022-05-12,SBSP3,45.06
2022-05-12,SMFT3,15.75
2022-05-12,SUZB3,48.75
2022-05-12,TAEE11,40.72
2022-05-12,TEND3,4.9
2022-05-12,TIMS3,13.23
2022-05-12,TOTS3,25.47
2022-05-12,UGPA3,12.85
2022-05-12,USIM5,10.18
2022-05-12,VALE3,77.9
2022-05-12,VAMO3,13.45
2022-05-12,VBBR3,19.41
2022-05-12,VIVA3,24.16
2022-05-12,VIVT3,49.94
2022-05-12,WEGE3,26.41
2022-05-12,YDUQ3,15.11
2022-05-13,ABEV3,14.54
2022-05-13,ASAI3,15.48
2022-05-13,AURE3,14.46
2022-05-13,B3SA3,11.47
2022-05-13,BBAS3,35.11
2022-05-13,BBDC3,15.66
2022-05-13,BBDC4,19.21
2022-05-13,BBSE3,25.78
2022-05-13,BEEF3,12.24
2022-05-13,BPAC11,24.25
2022-05-13,BRAP4,26.52
2022-05-13,CCRO3,12.46
2022-05-13,CEAB3,3.32
2022-05-13,CMIG4,10.57
2022-05-13,CMIN3,4.34
2022-05-13,COGN3,2.55
2022-05-13,CPFE3,35.2
2022-05-13,CPLE3,6.33
2022-05-13,CSAN3,19.04
2022-05-13,CSMG3,12.66
2022-05-13,CSNA3,17.92
2022-05-13,CURY3,6.58
2022-05-13,CXSE3,7.49
2022-05-13,CYRE3,14.42
2022-05-13,DIRR3,10.76
2022-05-13,EGIE3,42.36
2022-05-13,ELET3,41.3
2022-05-13,EMBR3,13.86
2022-05-13,ENEV3,13.6
2022-05-13,ENGI11,45.12
2022-05-13,EQTL3,24.0
2022-05-13,FLRY3,14.58
2022-05-13,GGBR4,27.8
2022-05-13,GOAU4,11.55
2022-05-13,HAPV3,8.02
2022-05-13,HYPE3,37.27
2022-05-13,IGTI11,20.34
2022-05-13,ITSA4,9.14
2022-05-13,ITUB4,24.78
2022-05-13,KLBN11,22.16
2022-05-13,LREN3,25.47
2022-05-13,MGLU3,4.38
2022-05-13,MRFG3,15.61
2022-05-13,MRVE3,9.95
2022-05-13,MULT3,24.95
2022-05-13,NTCO3,17.41
2022-05-13,PETR3,36.63
2022-05-13,PETR4,34.27
2022-05-13,POMO4,2.73
2022-05-13,PRIO3,27.09
2022-05-13,PSSA3,19.82
2022-05-13,RADL3,18.44
2022-05-13,RAIL3,15.54
2022-05-13,RDOR3,32.7
2022-05-13,RENT3,56.11
2022-05-13,SANB11,32.7
2022-05-13,SBSP3,45.27
2022-05-13,SMFT3,16.75
2022-05-13,SUZB3,51.58
2022-05-13,TAEE11,40.33
2022-05-13,TEND3,4.9
2022-05-13,TIMS3,13.39
2022-05-13,TOTS3,26.46
2022-05-13,UGPA3,13.08
2022-05-13,USIM5,10.53
2022-05-13,VALE3,77.81
2022-05-13,VAMO3,13.86
2022-05-13,VBBR3,19.35
2022-05-13,VIVA3,24.81
2022-05-13,VIVT3,49.26
2022-05-13,WEGE3,26.5
2022-05-13,YDUQ3,16.94
2022-05-16,ABEV3,14.69
2022-05-16,ASAI3,15.37
2022-05-16,AURE3,14.4
2022-05-16,B3SA3,11.65
2022-05-16,BBAS3,35.42
2022-05-16,BBDC3,16.0
2022-05-16,BBDC4,19.53
2022-05-16,BBSE3,25.52
2022-05-16,BEEF3,11.99
2022-05-16,BPAC11,24.52
2022-05-16,BRAP4,27.13
2022-05-16,CCRO3,12.66
2022-05-16,CEAB3,3.44
2022-05-16,CMIG4,10.74
2022-05-16,CMIN3,4.32
2022-05-16,COGN3,2.56
2022-05-16,CPFE3,35.41
2022-05-16,CPLE3,6.45
2022-05-16,CSAN3,18.84
2022-05-16,CSMG3,12.62
2022-05-16,CSNA3,18.4
2022-05-16,CURY3,6.4
2022-05-16,CXSE3,7.44
2022-05-16,CYRE3,14.92
2022-05-16,DIRR3,10.76
2022-05-16,EGIE3,42.55
2022-05-16,ELET3,41.92
2022-05-16,EMBR3,13.44
2022-05-16,ENEV3,14.3
2022-05-16,ENGI11,44.93
2022-05-16,EQTL3,24.5
2022-05-16,FLRY3,14.54
2022-05-16,GGBR4,28.2
2022-05-16,GOAU4,11.75
2022-05-16,HAPV3,7.84
2022-05-16,HYPE3,37.06
2022-05-16,IGTI11,20.55
2022-05-16,ITSA4,9.24
2022-05-16,ITUB4,25.04
2022-05-16,KLBN11,21.83
2022-05-16,LREN3,25.9
2022-05-16,MGLU3,4.45
2022-05-16,MRFG3,15.67
2022-05-16,MRVE3,10.22
2022-05-16,MULT3,25.86
2022-05-16,NTCO3,17.15
2022-05-16,PETR3,37.66
2022-05-16,PETR4,34.61
2022-05-16,POMO4,2.77
2022-05-16,PRIO3,27.06
2022-05-16,PSSA3,20.15
2022-05-16,RADL3,18.19
2022-05-16,RAIL3,15.96
2022-05-16,RDOR3,32.85
2022-05-16,RENT3,55.9
2022-05-16,SANB11,33.54
2022-05-16,SBSP3,45.3
2022-05-16,SMFT3,16.41
2022-05-16,SUZB3,51.34
2022-05-16,TAEE11,40.35
2022-05-16,TEND3,4.97
2022-05-16,TIMS3,13.46
2022-05-16,TOTS3,26.12
2022-05-16,UGPA3,13.75
2022-05-16,USIM5,10.93
2022-05-16,VALE3,80.14
2022-05-16,VAMO3,13.99
2022-05-16,VBBR3,19.64
2022-05-16,VIVA3,24.71
2022-05-16,VIVT3,49.46
2022-05-16,WEGE3,26.2
2022-05-16,YDUQ3,16.83
2022-05-17,ABEV3,14.73
2022-05-17,ASAI3,15.83
2022-05-17,AURE3,14.76
2022-05-17,B3SA3,11.9
2022-05-17,BBAS3,36.43
2022-05-17,BBDC3,16.31
2022-05-17,BBDC4,19.93
2022-05-17,BBSE3,25.81
2022-05-17,BEEF3,12.55
2022-05-17,BPAC11,24.83
2022-05-17,BRAP4,27.22
2022-05-17,CCRO3,13.15
2022-05-17,CEAB3,3.4
2022-05-17,CMIG4,11.06
2022-05-17,CMIN3,4.27
2022-05-17,COGN3,2.71
2022-05-17,CPFE3,36.58
2022-05-17,CPLE3,6.53
2022-05-17,CSAN3,19.0
2022-05-17,CSMG3,12.8
2022-05-17,CSNA3,18.72
2022-05-17,CURY3,6.24
2022-05-17,CXSE3,7.48
2022-05-17,CYRE3,15.0
2022-05-17,DIRR3,10.84
2022-05-17,EGIE3,43.17
2022-05-17,ELET3,43.53
2022-05-17,EMBR3,13.82
2022-05-17,ENEV3,14.44
2022-05-17,ENGI11,44.77
2022-05-17,EQTL3,24.3
2022-05-17,FLRY3,14.72
2022-05-17,GGBR4,27.95
2022-05-17,GOAU4,11.66
2022-05-17,HAPV3,6.52
2022-05-17,HYPE3,37.45
2022-05-17,IGTI11,21.21
2022-05-17,ITSA4,9.32
2022-05-17,ITUB4,25.26
2022-05-17,KLBN11,22.27
2022-05-17,LREN3,26.03
2022-05-17,MGLU3,3.94
2022-05-17,MRFG3,15.44
2022-05-17,MRVE3,10.16
2022-05-17,MULT3,25.65
2022-05-17,NTCO3,17.32
2022-05-17,PETR3,37.69
2022-05-17,PETR4,34.16
2022-05-17,POMO4,2.76
2022-05-17,PRIO3,26.52
2022-05-17,PSSA3,20.68
2022-05-17,RADL3,18.54
2022-05-17,RAIL3,16.03
2022-05-17,RDOR3,33.81
2022-05-17,RENT3,56.58
2022-05-17,SANB11,33.95
2022-05-17,SBSP3,46.0
2022-05-17,SMFT3,16.43
2022-05-17,SUZB3,52.61
2022-05-17,TAEE11,40.74
2022-05-17,TEND3,5.01
2022-05-17,TIMS3,13.76
2022-05-17,TOTS3,26.69
2022-05-17,UGPA3,14.4
2022-05-17,USIM5,10.81
2022-05-17,VALE3,79.8
2022-05-17,VAMO3,14.25
2022-05-17,VBBR3,20.0
2022-05-17,VIVA3,24.94
2022-05-17,VIVT3,49.88
2022-05-17,WEGE3,26.91
2022-05-17,YDUQ3,17.56
2022-05-18,ABEV3,14.22
2022-05-18,ASAI3,15.4
2022-05-18,AURE3,14.18
2022-05-18,B3SA3,11.55
2022-05-18,BBAS3,35.91
2022-05-18,BBDC3,16.01
2022-05-18,BBDC4,19.56
2022-05-18,BBSE3,25.41
2022-05-18,BEEF3,12.19
2022-05-18,BPAC11,23.87
2022-05-18,BRAP4,26.22
2022-05-18,CCRO3,13.02
2022-05-18,CEAB3,3.12
2022-05-18,CMIG4,11.04
2022-05-18,CMIN3,4.08
2022-05-18,COGN3,2.65
2022-05-18,CPFE3,35.77
2022-05-18,CPLE3,6.5
2022-05-18,CSAN3,18.3
2022-05-18,CSMG3,12.61
2022-05-18,CSNA3,17.63
2022-05-18,CURY3,6.15
2022-05-18,CXSE3,7.55
2022-05-18,CYRE3,14.27
2022-05-18,DIRR3,10.35
2022-05-18,EGIE3,42.81
2022-05-18,ELET3,42.59
2022-05-18,EMBR3,13.02
2022-05-18,ENEV3,14.46
2022-05-18,ENGI11,43.7
2022-05-18,EQTL3,23.33
2022-05-18,FLRY3,14.74
2022-05-18,GGBR4,26.36
2022-05-18,GOAU4,11.09
2022-05-18,HAPV3,6.81
2022-05-18,HYPE3,36.07
2022-05-18,IGTI11,20.66
2022-05-18,ITSA4,9.18
2022-05-18,ITUB4,24.9
2022-05-18,KLBN11,22.0
2022-05-18,LREN3,25.5
2022-05-18,MGLU3,3.72
2022-05-18,MRFG3,15.12
2022-05-18,MRVE3,9.6
2022-05-18,MULT3,24.43
2022-05-18,NTCO3,16.95
2022-05-18,PETR3,36.84
2022-05-18,PETR4,33.6
2022-05-18,POMO4,2.68
2022-05-18,PRIO3,25.18
2022-05-18,PSSA3,20.5
2022-05-18,RADL3,18.27
2022-05-18,RAIL3,15.61
2022-05-18,RDOR3,32.9
2022-05-18,RENT3,55.4
2022-05-18,SANB11,33.01
2022-05-18,SBSP3,44.57
2022-05-18,SMFT3,16.03
2022-05-18,SUZB3,50.92
2022-05-18,TAEE11,41.0
2022-05-18,TEND3,4.89
2022-05-18,TIMS3,13.65
2022-05-18,TOTS3,26.46
2022-05-18,UGPA3,13.29
2022-05-18,USIM5,10.38
2022-05-18,VALE3,77.78
2022-05-18,VAMO3,14.17
2022-05-18,VBBR3,19.58
2022-05-18,VIVA3,24.78
2022-05-18,VIVT3,49.57
2022-05-18,WEGE3,26.43
2022-05-18,YDUQ3,17.58
2022-05-19,ABEV3,14.14
2022-05-19,ASAI3,15.45
2022-05-19,AURE3,14.33
2022-05-19,B3SA3,11.81
2022-05-19,BBAS3,35.7
2022-05-19,BBDC3,15.98
2022-05-19,BBDC4,19.41
2022-05-19,BBSE3,25.4
2022-05-19,BEEF3,12.45
2022-05-19,BPAC11,24.54
2022-05-19,BRAP4,26.66
2022-05-19,CCRO3,12.94
2022-05-19,CEAB3,3.06
2022-05-19,CMIG4,11.13
2022-05-19,CMIN3,4.45
2022-05-19,COGN3,2.6
2022-05-19,CPFE3,36.4
2022-05-19,CPLE3,6.63
2022-05-19,CSAN3,18.33
2022-05-19,CSMG3,12.75
2022-05-19,CSNA3,18.9
2022-05-19,CURY3,6.25
2022-05-19,CXSE3,7.8
2022-05-19,CYRE3,14.53
2022-05-19,DIRR3,10.4
2022-05-19,EGIE3,43.06
2022-05-19,ELET3,43.88
2022-05-19,EMBR3,12.92
2022-05-19,ENEV3,14.73
2022-05-19,ENGI11,43.89
2022-05-19,EQTL3,23.36
2022-05-19,FLRY3,14.66
2022-05-19,GGBR4,27.05
2022-05-19,GOAU4,11.38
2022-05-19,HAPV3,6.53
2022-05-19,HYPE3,36.92
2022-05-19,IGTI11,20.78
2022-05-19,ITSA4,9.25
2022-05-19,ITUB4,24.82
2022-05-19,KLBN11,21.75
2022-05-19,LREN3,25.67
2022-05-19,MGLU3,3.73
2022-05-19,MRFG3,14.83
2022-05-19,MRVE3,9.52
2022-05-19,MULT3,24.53
2022-05-19,NTCO3,17.21
2022-05-19,PETR3,37.15
2022-05-19,PETR4,34.17
2022-05-19,POMO4,2.68
2022-05-19,PRIO3,24.87
2022-05-19,PSSA3,19.91
2022-05-19,RADL3,18.35
2022-05-19,RAIL3,15.61
2022-05-19,RDOR3,33.02
2022-05-19,RENT3,54.92
2022-05-19,SANB11,32.72
2022-05-19,SBSP3,45.81
2022-05-19,SMFT3,16.04
2022-05-19,SUZB3,50.75
2022-05-19,TAEE11,41.07
2022-05-19,TEND3,5.09
2022-05-19,TIMS3,13.62
2022-05-19,TOTS3,26.78
2022-05-19,UGPA3,13.18
2022-05-19,USIM5,10.91
2022-05-19,VALE3,79.85
2022-05-19,VAMO3,14.6
2022-05-19,VBBR3,19.18
2022-05-19,VIVA3,24.44
2022-05-19,VIVT3,49.99
2022-05-19,WEGE3,25.53
2022-05-19,YDUQ3,17.97
2022-05-20,ABEV3,14.02
2022-05-20,ASAI3,15.96
2022-05-20,AURE3,14.18
2022-05-20,B3SA3,12.04
2022-05-20,BBAS3,37.0
2022-05-20,BBDC3,16.29
2022-05-20,BBDC4,19.67
2022-05-20,BBSE3,25.47
2022-05-20,BEEF3,12.52
2022-05-20,BPAC11,24.67
2022-05-20,BRAP4,27.25
2022-05-20,CCRO3,13.03
2022-05-20,CEAB3,3.0
2022-05-20,CMIG4,11.33
2022-05-20,CMIN3,4.61
2022-05-20,COGN3,2.63
2022-05-20,CPFE3,36.43
2022-05-20,CPLE3,6.65
2022-05-20,CSAN3,18.62
2022-05-20,CSMG3,12.61
2022-05-20,CSNA3,19.84
2022-05-20,CURY3,6.27
2022-05-20,CXSE3,7.64
2022-05-20,CYRE3,14.79
2022-05-20,DIRR3,10.62
2022-05-20,EGIE3,43.61
2022-05-20,ELET3,43.97
2022-05-20,EMBR3,12.68
2022-05-20,ENEV3,14.84
2022-05-20,ENGI11,45.03
2022-05-20,EQTL3,23.61
2022-05-20,FLRY3,14.98
2022-05-20,GGBR4,27.96
2022-05-20,GOAU4,11.66
2022-05-20,HAPV3,6.63
2022-05-20,HYPE3,38.76
2022-05-20,IGTI11,20.75
2022-05-20,ITSA4,9.37
2022-05-20,ITUB4,25.13
2022-05-20,KLBN11,21.82
2022-05-20,LREN3,25.65
2022-05-20,MGLU3,3.67
2022-05-20,MRFG3,15.03
2022-05-20,MRVE3,9.63
2022-05-20,MULT3,24.97
2022-05-20,NTCO3,17.12
2022-05-20,PETR3,37.67
2022-05-20,PETR4,34.83
2022-05-20,POMO4,2.71
2022-05-20,PRIO3,25.48
2022-05-20,PSSA3,20.18
2022-05-20,RADL3,18.3
2022-05-20,RAIL3,15.87
2022-05-20,RDOR3,34.04
2022-05-20,RENT3,55.31
2022-05-20,SANB11,33.02
2022-05-20,SBSP3,45.96
2022-05-20,SMFT3,15.66
2022-05-20,SUZB3,51.35
2022-05-20,TAEE11,40.8
2022-05-20,TEND3,5.18
2022-05-20,TIMS3,13.7
2022-05-20,TOTS3,26.91
2022-05-20,UGPA3,13.63
2022-05-20,USIM5,11.05
2022-05-20,VALE3,81.26
2022-05-20,VAMO3,14.66
2022-05-20,VBBR3,19.8
2022-05-20,VIVA3,23.91
2022-05-20,VIVT3,50.06
2022-05-20,WEGE3,25.99
2022-05-20,YDUQ3,17.73
2022-05-23,ABEV3,14.08
2022-05-23,ASAI3,15.87
2022-05-23,AURE3,14.31
2022-05-23,B3SA3,12.1
2022-05-23,BBAS3,38.56
2022-05-23,BBDC3,16.45
2022-05-23,BBDC4,19.99
2022-05-23,BBSE3,25.58
2022-05-23,BEEF3,12.7
2022-05-23,BPAC11,24.44
2022-05-23,BRAP4,27.69
2022-05-23,CCRO3,13.1
2022-05-23,CEAB3,3.53
2022-05-23,CMIG4,11.68
2022-05-23,CMIN3,4.64
2022-05-23,COGN3,2.68
2022-05-23,CPFE3,35.71
2022-05-23,CPLE3,6.85
2022-05-23,CSAN3,19.33
2022-05-23,CSMG3,12.91
2022-05-23,CSNA3,20.63
2022-05-23,CURY3,6.33
2022-05-23,CXSE3,7.63
2022-05-23,CYRE3,14.73
2022-05-23,DIRR3,11.18
2022-05-23,EGIE3,44.01
2022-05-23,ELET3,43.82
2022-05-23,EMBR3,12.83
2022-05-23,ENEV3,14.47
2022-05-23,ENGI11,44.89
2022-05-23,EQTL3,23.34
2022-05-23,FLRY3,14.75
2022-05-23,GGBR4,28.73
2022-05-23,GOAU4,11.95
2022-05-23,HAPV3,6.69
2022-05-23,HYPE3,39.05
2022-05-23,IGTI11,21.01
2022-05-23,ITSA4,9.49
2022-05-23,ITUB4,25.78
2022-05-23,KLBN11,22.23
2022-05-23,LREN3,25.39
2022-05-23,MGLU3,3.7
2022-05-23,MRFG3,15.04
2022-05-23,MRVE3,9.66
2022-05-23,MULT3,24.41
2022-05-23,NTCO3,17.14
2022-05-23,PETR3,39.06
2022-05-23,PETR4,36.2
2022-05-23,POMO4,2.76
2022-05-23,PRIO3,26.17
2022-05-23,PSSA3,20.38
2022-05-23,RADL3,18.67
2022-05-23,RAIL3,16.08
2022-05-23,RDOR3,33.43
2022-05-23,RENT3,56.1
2022-05-23,SANB11,33.85
2022-05-23,SBSP3,47.67
2022-05-23,SMFT3,15.7
2022-05-23,SUZB3,52.09
2022-05-23,TAEE11,40.89
2022-05-23,TEND3,5.17
2022-05-23,TIMS3,13.9
2022-05-23,TOTS3,27.06
2022-05-23,UGPA3,13.69
2022-05-23,USIM5,11.45
2022-05-23,VALE3,82.92
2022-05-23,VAMO3,14.72
2022-05-23,VBBR3,20.28
2022-05-23,VIVA3,24.37
2022-05-23,VIVT3,51.58
2022-05-23,WEGE3,26.57
2022-05-23,YDUQ3,17.96
2022-05-24,ABEV3,14.13
2022-05-24,ASAI3,15.9
2022-05-24,AURE3,14.32
2022-05-24,B3SA3,12.02
2022-05-24,BBAS3,37.8
2022-05-24,BBDC3,16.77
2022-05-24,BBDC4,20.41
2022-05-24,BBSE3,25.84
2022-05-24,BEEF3,12.92
2022-05-24,BPAC11,24.26
2022-05-24,BRAP4,27.85
2022-05-24,CCRO3,13.2
2022-05-24,CEAB3,3.28
2022-05-24,CMIG4,11.94
2022-05-24,CMIN3,4.62
2022-05-24,COGN3,2.64
2022-05-24,CPFE3,36.6
2022-05-24,CPLE3,6.94
2022-05-24,CSAN3,19.67
2022-05-24,CSMG3,13.16
2022-05-24,CSNA3,20.96
2022-05-24,CURY3,6.31
2022-05-24,CXSE3,7.69
2022-05-24,CYRE3,14.49
2022-05-24,DIRR3,10.74
2022-05-24,EGIE3,44.84
2022-05-24,ELET3,44.69
2022-05-24,EMBR3,12.11
2022-05-24,ENEV3,14.77
2022-05-24,ENGI11,46.17
2022-05-24,EQTL3,24.17
2022-05-24,FLRY3,14.97
2022-05-24,GGBR4,29.1
2022-05-24,GOAU4,12.11
2022-05-24,HAPV3,6.72
2022-05-24,HYPE3,39.65
2022-05-24,IGTI11,20.7
2022-05-24,ITSA4,9.58
2022-05-24,ITUB4,26.17
2022-05-24,KLBN11,22.09
2022-05-24,LREN3,25.17
2022-05-24,MGLU3,3.71
2022-05-24,MRFG3,15.29
2022-05-24,MRVE3,9.4
2022-05-24,MULT3,24.07
2022-05-24,NTCO3,16.5
2022-05-24,PETR3,34.4
2022-05-24,PETR4,31.6
2022-05-24,POMO4,2.75
2022-05-24,PRIO3,27.19
2022-05-24,PSSA3,20.33
2022-05-24,RADL3,18.86
2022-05-24,RAIL3,16.17
2022-05-24,RDOR3,33.82
2022-05-24,RENT3,55.27
2022-05-24,SANB11,34.33
2022-05-24,SBSP3,48.12
2022-05-24,SMFT3,15.6
2022-05-24,SUZB3,52.13
2022-05-24,TAEE11,41.85
2022-05-24,TEND3,4.92
2022-05-24,TIMS3,13.85
2022-05-24,TOTS3,26.17
2022-05-24,UGPA3,13.57
2022-05-24,USIM5,11.44
2022-05-24,VALE3,84.04
2022-05-24,VAMO3,14.38
2022-05-24,VBBR3,19.83
2022-05-24,VIVA3,24.24
2022-05-24,VIVT3,51.92
2022-05-24,WEGE3,26.08
2022-05-24,YDUQ3,17.67
2022-05-25,ABEV3,14.04
2022-05-25,ASAI3,15.72
2022-05-25,AURE3,14.46
2022-05-25,B3SA3,11.91
2022-05-25,BBAS3,37.57
2022-05-25,BBDC3,16.61
2022-05-25,BBDC4,20.18
2022-05-25,BBSE3,25.65
2022-05-25,BEEF3,12.89
2022-05-25,BPAC11,24.68
2022-05-25,BRAP4,28.06
2022-05-25,CCRO3,13.2
2022-05-25,CEAB3,3.19
2022-05-25,CMIG4,12.04
2022-05-25,CMIN3,4.6
2022-05-25,COGN3,2.65
2022-05-25,CPFE3,35.74
2022-05-25,CPLE3,6.95
2022-05-25,CSAN3,20.03
2022-05-25,CSMG3,13.38
2022-05-25,CSNA3,21.0
2022-05-25,CURY3,6.2
2022-05-25,CXSE3,7.61
2022-05-25,CYRE3,14.28
2022-05-25,DIRR3,10.79
2022-05-25,EGIE3,45.17
2022-05-25,ELET3,44.92
2022-05-25,EMBR3,12.13
2022-05-25,ENEV3,14.92
2022-05-25,ENGI11,46.23
2022-05-25,EQTL3,24.12
2022-05-25,FLRY3,14.92
2022-05-25,GGBR4,28.91
2022-05-25,GOAU4,12.07
2022-05-25,HAPV3,6.71
2022-05-25,HYPE3,40.4
2022-05-25,IGTI11,20.66
2022-05-25,ITSA4,9.42
2022-05-25,ITUB4,25.7
2022-05-25,KLBN11,21.6
2022-05-25,LREN3,25.56
2022-05-25,MGLU3,3.71
2022-05-25,MRFG3,14.97
2022-05-25,MRVE3,9.76
2022-05-25,MULT3,23.54
2022-05-25,NTCO3,16.38
2022-05-25,PETR3,35.1
2022-05-25,PETR4,32.05
2022-05-25,POMO4,2.8
2022-05-25,PRIO3,27.47
2022-05-25,PSSA3,20.28
2022-05-25,RADL3,19.23
2022-05-25,RAIL3,16.04
2022-05-25,RDOR3,34.99
2022-05-25,RENT3,56.9
2022-05-25,SANB11,33.43
2022-05-25,SBSP3,48.42
2022-05-25,SMFT3,15.28
2022-05-25,SUZB3,51.19
2022-05-25,TAEE11,41.56
2022-05-25,TEND3,4.99
2022-05-25,TIMS3,14.15
2022-05-25,TOTS3,26.54
2022-05-25,UGPA3,13.79
2022-05-25,USIM5,11.62
2022-05-25,VALE3,84.3
2022-05-25,VAMO3,14.5
2022-05-25,VBBR3,19.94
2022-05-25,VIVA3,24.67
2022-05-25,VIVT3,52.35
2022-05-25,WEGE3,25.31
2022-05-25,YDUQ3,17.67
2022-05-26,ABEV3,14.21
2022-05-26,ASAI3,16.09
2022-05-26,AURE3,14.37
2022-05-26,B3SA3,12.41
2022-05-26,BBAS3,37.46
2022-05-26,BBDC3,16.68
2022-05-26,BBDC4,20.29
2022-05-26,BBSE3,25.57
2022-05-26,BEEF3,13.41
2022-05-26,BPAC11,24.95
2022-05-26,BRAP4,27.91
2022-05-26,CCRO3,13.13
2022-05-26,CEAB3,3.37
2022-05-26,CMIG4,11.73
2022-05-26,CMIN3,4.67
2022-05-26,COGN3,2.74
2022-05-26,CPFE3,34.83
2022-05-26,CPLE3,6.92
2022-05-26,CSAN3,21.25
2022-05-26,CSMG3,13.28
2022-05-26,CSNA3,21.63
2022-05-26,CURY3,6.54
2022-05-26,CXSE3,7.61
2022-05-26,CYRE3,14.63
2022-05-26,DIRR3,11.54
2022-05-26,EGIE3,44.11
2022-05-26,ELET3,44.0
2022-05-26,EMBR3,12.5
2022-05-26,ENEV3,15.45
2022-05-26,ENGI11,44.9
2022-05-26,EQTL3,24.01
2022-05-26,FLRY3,15.41
2022-05-26,GGBR4,29.04
2022-05-26,GOAU4,12.11
2022-05-26,HAPV3,7.06
2022-05-26,HYPE3,40.08
2022-05-26,IGTI11,20.4
2022-05-26,ITSA4,9.46
2022-05-26,ITUB4,26.02
2022-05-26,KLBN11,22.17
2022-05-26,LREN3,26.24
2022-05-26,MGLU3,4.07
2022-05-26,MRFG3,14.68
2022-05-26,MRVE3,10.38
2022-05-26,MULT3,23.53
2022-05-26,NTCO3,17.07
2022-05-26,PETR3,35.21
2022-05-26,PETR4,32.13
2022-05-26,POMO4,2.96
2022-05-26,PRIO3,27.98
2022-05-26,PSSA3,20.54
2022-05-26,RADL3,20.38
2022-05-26,RAIL3,17.15
2022-05-26,RDOR3,37.13
2022-05-26,RENT3,57.86
2022-05-26,SANB11,33.33
2022-05-26,SBSP3,48.13
2022-05-26,SMFT3,15.85
2022-05-26,SUZB3,53.32
2022-05-26,TAEE11,40.41
2022-05-26,TEND3,5.32
2022-05-26,TIMS3,14.25
2022-05-26,TOTS3,27.49
2022-05-26,UGPA3,14.38
2022-05-26,USIM5,11.43
2022-05-26,VALE3,84.25
2022-05-26,VAMO3,14.89
2022-05-26,VBBR3,20.2
2022-05-26,VIVA3,24.69
2022-05-26,VIVT3,51.98
2022-05-26,WEGE3,25.71
2022-05-26,YDUQ3,18.06
2022-05-27,ABEV3,14.21
2022-05-27,ASAI3,15.8
2022-05-27,AURE3,14.19
2022-05-27,B3SA3,12.7
2022-05-27,BBAS3,37.05
2022-05-27,BBDC3,16.8
2022-05-27,BBDC4,20.58
2022-05-27,BBSE3,25.93
2022-05-27,BEEF3,14.0
2022-05-27,BPAC11,25.2
2022-05-27,BRAP4,28.12
2022-05-27,CCRO3,13.15
2022-05-27,CEAB3,3.35
2022-05-27,CMIG4,11.54
2022-05-27,CMIN3,4.73
2022-05-27,COGN3,2.71
2022-05-27,CPFE3,34.55
2022-05-27,CPLE3,6.91
2022-05-27,CSAN3,21.63
2022-05-27,CSMG3,13.36
2022-05-27,CSNA3,22.3
2022-05-27,CURY3,6.79
2022-05-27,CXSE3,7.82
2022-05-27,CYRE3,14.31
2022-05-27,DIRR3,11.42
2022-05-27,EGIE3,43.7
2022-05-27,ELET3,43.46
2022-05-27,EMBR3,12.68
2022-05-27,ENEV3,15.69
2022-05-27,ENGI11,43.74
2022-05-27,EQTL3,23.73
2022-05-27,FLRY3,15.4
2022-05-27,GGBR4,29.4
2022-05-27,GOAU4,12.24
2022-05-27,HAPV3,7.15
2022-05-27,HYPE3,39.11
2022-05-27,IGTI11,20.25
2022-05-27,ITSA4,9.46
2022-05-27,ITUB4,26.16
2022-05-27,KLBN11,22.2
2022-05-27,LREN3,26.09
2022-05-27,MGLU3,4.0
2022-05-27,MRFG3,14.57
2022-05-27,MRVE3,10.17
2022-05-27,MULT3,23.82
2022-05-27,NTCO3,16.92
2022-05-27,PETR3,33.74
2022-05-27,PETR4,30.6
2022-05-27,POMO4,2.89
2022-05-27,PRIO3,28.72
2022-05-27,PSSA3,20.56
2022-05-27,RADL3,20.59
2022-05-27,RAIL3,17.08
2022-05-27,RDOR3,37.4
2022-05-27,RENT3,58.42
2022-05-27,SANB11,33.67
2022-05-27,SBSP3,47.58
2022-05-27,SMFT3,15.44
2022-05-27,SUZB3,53.58
2022-05-27,TAEE11,40.01
2022-05-27,TEND3,5.21
2022-05-27,TIMS3,14.25
2022-05-27,TOTS3,27.76
2022-05-27,UGPA3,14.27
2022-05-27,USIM5,11.27
2022-05-27,VALE3,85.72
2022-05-27,VAMO3,15.32
2022-05-27,VBBR3,20.38
2022-05-27,VIVA3,25.28
2022-05-27,VIVT3,51.54
2022-05-27,WEGE3,26.22
2022-05-27,YDUQ3,17.25
2022-05-30,ABEV3,14.09
2022-05-30,ASAI3,15.85
2022-05-30,AURE3,14.17
2022-05-30,B3SA3,12.8
2022-05-30,BBAS3,36.07
2022-05-30,BBDC3,16.67
2022-05-30,BBDC4,20.38
2022-05-30,BBSE3,26.61
2022-05-30,BEEF3,14.29
2022-05-30,BPAC11,24.9
2022-05-30,BRAP4,28.4
2022-05-30,CCRO3,13.01
2022-05-30,CEAB3,3.25
2022-05-30,CMIG4,11.22
2022-05-30,CMIN3,4.76
2022-05-30,COGN3,2.68
2022-05-30,CPFE3,34.7
2022-05-30,CPLE3,6.74
2022-05-30,CSAN3,21.55
2022-05-30,CSMG3,13.6
2022-05-30,CSNA3,22.17
2022-05-30,CURY3,6.67
2022-05-30,CXSE3,7.77
2022-05-30,CYRE3,13.98
2022-05-30,DIRR3,11.07
2022-05-30,EGIE3,43.22
2022-05-30,ELET3,42.0
2022-05-30,EMBR3,12.59
2022-05-30,ENEV3,15.54
2022-05-30,ENGI11,43.74
2022-05-30,EQTL3,23.34
2022-05-30,FLRY3,15.2
2022-05-30,GGBR4,29.04
2022-05-30,GOAU4,12.16
2022-05-30,HAPV3,6.97
2022-05-30,HYPE3,38.6
2022-05-30,IGTI11,20.26
2022-05-30,ITSA4,9.44
2022-05-30,ITUB4,25.92
2022-05-30,KLBN11,22.13
2022-05-30,LREN3,25.87
2022-05-30,MGLU3,3.84
2022-05-30,MRFG3,14.81
2022-05-30,MRVE3,9.72
2022-05-30,MULT3,24.28
2022-05-30,NTCO3,16.37
2022-05-30,PETR3,33.01
2022-05-30,PETR4,29.99
2022-05-30,POMO4,2.84
2022-05-30,PRIO3,28.26
2022-05-30,PSSA3,20.65
2022-05-30,RADL3,20.31
2022-05-30,RAIL3,17.16
2022-05-30,RDOR3,36.56
2022-05-30,RENT3,57.0
2022-05-30,SANB11,33.49
2022-05-30,SBSP3,46.6
2022-05-30,SMFT3,14.88
2022-05-30,SUZB3,53.66
2022-05-30,TAEE11,40.03
2022-05-30,TEND3,5.11
2022-05-30,TIMS3,14.14
2022-05-30,TOTS3,27.82
2022-05-30,UGPA3,14.2
2022-05-30,USIM5,10.95
2022-05-30,VALE3,86.65
2022-05-30,VAMO3,14.93
2022-05-30,VBBR3,19.89
2022-05-30,VIVA3,24.79
2022-05-30,VIVT3,51.53
2022-05-30,WEGE3,25.54
2022-05-30,YDUQ3,16.54
2022-05-31,ABEV3,14.19
2022-05-31,ASAI3,15.84
2022-05-31,AURE3,13.96
2022-05-31,B3SA3,12.77
2022-05-31,BBAS3,36.62
2022-05-31,BBDC3,16.88
2022-05-31,BBDC4,20.5
2022-05-31,BBSE3,26.88
2022-05-31,BEEF3,14.22
2022-05-31,BPAC11,25.34
2022-05-31,BRAP4,28.58
2022-05-31,CCRO3,13.34
2022-05-31,CEAB3,3.11
2022-05-31,CMIG4,11.65
2022-05-31,CMIN3,4.83
2022-05-31,COGN3,2.65
2022-05-31,CPFE3,33.7
2022-05-31,CPLE3,6.63
2022-05-31,CSAN3,21.61
2022-05-31,CSMG3,13.47
2022-05-31,CSNA3,21.84
2022-05-31,CURY3,6.6
2022-05-31,CXSE3,7.86
2022-05-31,CYRE3,13.65
2022-05-31,DIRR3,11.0
2022-05-31,EGIE3,43.9
2022-05-31,ELET3,42.14
2022-05-31,EMBR3,12.74
2022-05-31,ENEV3,15.58
2022-05-31,ENGI11,44.42
2022-05-31,EQTL3,23.78
2022-05-31,FLRY3,15.18
2022-05-31,GGBR4,29.17
2022-05-31,GOAU4,12.19
2022-05-31,HAPV3,6.72
2022-05-31,HYPE3,38.79
2022-05-31,IGTI11,19.84
2022-05-31,ITSA4,9.59
2022-05-31,ITUB4,26.16
2022-05-31,KLBN11,22.34
2022-05-31,LREN3,26.6
2022-05-31,MGLU3,3.72
2022-05-31,MRFG3,15.63
2022-05-31,MRVE3,9.66
2022-05-31,MULT3,24.09
2022-05-31,NTCO3,16.47
2022-05-31,PETR3,33.26
2022-05-31,PETR4,30.06
2022-05-31,POMO4,2.87
2022-05-31,PRIO3,27.99
2022-05-31,PSSA3,20.74
2022-05-31,RADL3,20.65
2022-05-31,RAIL3,17.68
2022-05-31,RDOR3,35.82
2022-05-31,RENT3,57.52
2022-05-31,SANB11,33.55
2022-05-31,SBSP3,45.78
2022-05-31,SMFT3,14.55
2022-05-31,SUZB3,53.5
2022-05-31,TAEE11,40.38
2022-05-31,TEND3,5.01
2022-05-31,TIMS3,14.4
2022-05-31,TOTS3,28.37
2022-05-31,UGPA3,14.37
2022-05-31,USIM5,10.96
2022-05-31,VALE3,86.21
2022-05-31,VAMO3,15.07
2022-05-31,VBBR3,19.44
2022-05-31,VIVA3,24.6
2022-05-31,VIVT3,51.05
2022-05-31,WEGE3,25.37
2022-05-31,YDUQ3,16.18
2022-06-01,ABEV3,14.12
2022-06-01,ASAI3,15.42
2022-06-01,AURE3,13.7
2022-06-01,B3SA3,12.5
2022-06-01,BBAS3,36.69
2022-06-01,BBDC3,16.6
2022-06-01,BBDC4,20.13
2022-06-01,BBSE3,26.72
2022-06-01,BEEF3,14.14
2022-06-01,BPAC11,24.84
2022-06-01,BRAP4,29.21
2022-06-01,CCRO3,13.19
2022-06-01,CEAB3,3.04
2022-06-01,CMIG4,11.4
2022-06-01,CMIN3,4.85
2022-06-01,COGN3,2.67
2022-06-01,CPFE3,34.55
2022-06-01,CPLE3,6.66
2022-06-01,CSAN3,21.76
2022-06-01,CSMG3,13.7
2022-06-01,CSNA3,22.18
2022-06-01,CURY3,6.7
2022-06-01,CXSE3,7.77
2022-06-01,CYRE3,13.62
2022-06-01,DIRR3,10.95
2022-06-01,EGIE3,42.26
2022-06-01,ELET3,43.0
2022-06-01,EMBR3,12.84
2022-06-01,ENEV3,15.32
2022-06-01,ENGI11,44.01
2022-06-01,EQTL3,23.59
2022-06-01,FLRY3,15.38
2022-06-01,GGBR4,29.09
2022-06-01,GOAU4,12.26
2022-06-01,HAPV3,6.64
2022-06-01,HYPE3,41.76
2022-06-01,IGTI11,19.35
2022-06-01,ITSA4,9.49
2022-06-01,ITUB4,25.78
2022-06-01,KLBN11,22.69
2022-06-01,LREN3,26.94
2022-06-01,MGLU3,3.71
2022-06-01,MRFG3,15.68
2022-06-01,MRVE3,9.48
2022-06-01,MULT3,24.08
2022-06-01,NTCO3,16.58
2022-06-01,PETR3,33.23
2022-06-01,PETR4,30.02
2022-06-01,POMO4,2.9
2022-06-01,PRIO3,28.15
2022-06-01,PSSA3,21.09
2022-06-01,RADL3,21.15
2022-06-01,RAIL3,17.79
2022-06-01,RDOR3,35.3
2022-06-01,RENT3,57.39
2022-06-01,SANB11,32.9
2022-06-01,SBSP3,45.35
2022-06-01,SMFT3,14.14
2022-06-01,SUZB3,53.78
2022-06-01,TAEE11,40.19
2022-06-01,TEND3,4.86
2022-06-01,TIMS3,14.29
2022-06-01,TOTS3,28.94
2022-06-01,UGPA3,14.12
2022-06-01,USIM5,11.26
2022-06-01,VALE3,88.24
2022-06-01,VAMO3,14.88
2022-06-01,VBBR3,19.16
2022-06-01,VIVA3,24.33
2022-06-01,VIVT3,50.47
2022-06-01,WEGE3,26.21
2022-06-01,YDUQ3,16.45
2022-06-02,ABEV3,14.12
2022-06-02,ASAI3,15.89
2022-06-02,AURE3,13.87
2022-06-02,B3SA3,12.89
2022-06-02,BBAS3,36.72
2022-06-02,BBDC3,16.6
2022-06-02,BBDC4,20.03
2022-06-02,BBSE3,26.72
2022-06-02,BEEF3,14.46
2022-06-02,BPAC11,25.33
2022-06-02,BRAP4,30.37
2022-06-02,CCRO3,13.45
2022-06-02,CEAB3,3.06
2022-06-02,CMIG4,11.59
2022-06-02,CMIN3,5.3
2022-06-02,COGN3,2.69
2022-06-02,CPFE3,36.28
2022-06-02,CPLE3,6.73
2022-06-02,CSAN3,22.08
2022-06-02,CSMG3,13.18
2022-06-02,CSNA3,22.96
2022-06-02,CURY3,6.68
2022-06-02,CXSE3,7.71
2022-06-02,CYRE3,13.71
2022-06-02,DIRR3,10.99
2022-06-02,EGIE3,42.37
2022-06-02,ELET3,43.33
2022-06-02,EMBR3,13.31
2022-06-02,ENEV3,14.85
2022-06-02,ENGI11,44.2
2022-06-02,EQTL3,24.0
2022-06-02,FLRY3,15.9
2022-06-02,GGBR4,30.27
2022-06-02,GOAU4,12.8
2022-06-02,HAPV3,6.61
2022-06-02,HYPE3,41.72
2022-06-02,IGTI11,19.7
2022-06-02,ITSA4,9.53
2022-06-02,ITUB4,25.89
2022-06-02,KLBN11,22.75
2022-06-02,LREN3,28.03
2022-06-02,MGLU3,3.8
2022-06-02,MRFG3,16.17
2022-06-02,MRVE3,9.62
2022-06-02,MULT3,24.78
2022-06-02,NTCO3,17.11
2022-06-02,PETR3,32.92
2022-06-02,PETR4,29.76
2022-06-02,POMO4,2.83
2022-06-02,PRIO3,28.7
2022-06-02,PSSA3,20.66
2022-06-02,RADL3,21.14
2022-06-02,RAIL3,18.35
2022-06-02,RDOR3,35.56
2022-06-02,RENT3,56.29
2022-06-02,SANB11,32.53
2022-06-02,SBSP3,45.91
2022-06-02,SMFT3,14.2
2022-06-02,SUZB3,54.02
2022-06-02,TAEE11,40.77
2022-06-02,TEND3,4.86
2022-06-02,TIMS3,14.24
2022-06-02,TOTS3,29.37
2022-06-02,UGPA3,14.02
2022-06-02,USIM5,11.85
2022-06-02,VALE3,89.9
2022-06-02,VAMO3,14.74
2022-06-02,VBBR3,19.44
2022-06-02,VIVA3,24.44
2022-06-02,VIVT3,51.08
2022-06-02,WEGE3,26.33
2022-06-02,YDUQ3,16.65
2022-06-03,ABEV3,14.08
2022-06-03,ASAI3,15.45
2022-06-03,AURE3,13.76
2022-06-03,B3SA3,12.67
2022-06-03,BBAS3,36.21
2022-06-03,BBDC3,16.5
2022-06-03,BBDC4,19.91
2022-06-03,BBSE3,25.88
2022-06-03,BEEF3,14.23
2022-06-03,BPAC11,24.35
2022-06-03,BRAP4,29.9
2022-06-03,CCRO3,13.25
2022-06-03,CEAB3,3.04
2022-06-03,CMIG4,11.45
2022-06-03,CMIN3,5.15
2022-06-03,COGN3,2.6
2022-06-03,CPFE3,35.4
2022-06-03,CPLE3,6.6
2022-06-03,CSAN3,21.4
2022-06-03,CSMG3,12.99
2022-06-03,CSNA3,22.8
2022-06-03,CURY3,6.63
2022-06-03,CXSE3,7.62
2022-06-03,CYRE3,13.68
2022-06-03,DIRR3,10.6
2022-06-03,EGIE3,42.28
2022-06-03,ELET3,41.96
2022-06-03,EMBR3,12.98
2022-06-03,ENEV3,14.7
2022-06-03,ENGI11,44.15
2022-06-03,EQTL3,24.18
2022-06-03,FLRY3,15.58
2022-06-03,GGBR4,30.08
2022-06-03,GOAU4,12.7
2022-06-03,HAPV3,6.34
2022-06-03,HYPE3,42.05
2022-06-03,IGTI11,19.55
2022-06-03,ITSA4,9.39
2022-06-03,ITUB4,25.65
2022-06-03,KLBN11,22.2
2022-06-03,LREN3,28.19
2022-06-03,MGLU3,3.59
2022-06-03,MRFG3,16.1
2022-06-03,MRVE3,9.41
2022-06-03,MULT3,24.64
2022-06-03,NTCO3,17.58
2022-06-03,PETR3,33.76
2022-06-03,PETR4,30.28
2022-06-03,POMO4,2.85
2022-06-03,PRIO3,27.81
2022-06-03,PSSA3,20.06
2022-06-03,RADL3,21.29
2022-06-03,RAIL3,18.39
2022-06-03,RDOR3,33.99
2022-06-03,RENT3,54.67
2022-06-03,SANB11,32.22
2022-06-03,SBSP3,46.15
2022-06-03,SMFT3,14.09
2022-06-03,SUZB3,52.83
2022-06-03,TAEE11,41.27
2022-06-03,TEND3,4.62
2022-06-03,TIMS3,13.83
2022-06-03,TOTS3,28.98
2022-06-03,UGPA3,13.63
2022-06-03,USIM5,11.67
2022-06-03,VALE3,88.46
2022-06-03,VAMO3,14.59
2022-06-03,VBBR3,18.84
2022-06-03,VIVA3,24.12
2022-06-03,VIVT3,50.37
2022-06-03,WEGE3,25.92
2022-06-03,YDUQ3,15.72
2022-06-06,ABEV3,14.05
2022-06-06,ASAI3,15.47
2022-06-06,AURE3,13.55
2022-06-06,B3SA3,12.28
2022-06-06,BBAS3,35.76
2022-06-06,BBDC3,16.42
2022-06-06,BBDC4,19.93
2022-06-06,BBSE3,25.67
2022-06-06,BEEF3,14.11
2022-06-06,BPAC11,23.62
2022-06-06,BRAP4,30.13
2022-06-06,CCRO3,13.15
2022-06-06,CEAB3,2.93
2022-06-06,CMIG4,11.34
2022-06-06,CMIN3,5.25
2022-06-06,COGN3,2.49
2022-06-06,CPFE3,34.29
2022-06-06,CPLE3,6.57
2022-06-06,CSAN3,21.31
2022-06-06,CSMG3,12.74
2022-06-06,CSNA3,22.0
2022-06-06,CURY3,6.33
2022-06-06,CXSE3,7.45
2022-06-06,CYRE3,13.22
2022-06-06,DIRR3,10.2
2022-06-06,EGIE3,41.95
2022-06-06,ELET3,41.9
2022-06-06,EMBR3,13.13
2022-06-06,ENEV3,14.51
2022-06-06,ENGI11,43.96
2022-06-06,EQTL3,24.21
2022-06-06,FLRY3,15.26
2022-06-06,GGBR4,30.32
2022-06-06,GOAU4,12.79
2022-06-06,HAPV3,5.95
2022-06-06,HYPE3,41.84
2022-06-06,IGTI11,19.22
2022-06-06,ITSA4,9.43
2022-06-06,ITUB4,25.56
2022-06-06,KLBN11,22.24
2022-06-06,LREN3,26.98
2022-06-06,MGLU3,3.4
2022-06-06,MRFG3,15.91
2022-06-06,MRVE3,9.05
2022-06-06,MULT3,24.04
2022-06-06,NTCO3,17.02
2022-06-06,PETR3,33.74
2022-06-06,PETR4,30.3
2022-06-06,POMO4,2.79
2022-06-06,PRIO3,27.06
2022-06-06,PSSA3,19.56
2022-06-06,RADL3,21.86
2022-06-06,RAIL3,18.24
2022-06-06,RDOR3,33.13
2022-06-06,RENT3,53.31
2022-06-06,SANB11,32.1
2022-06-06,SBSP3,45.39
2022-06-06,SMFT3,13.35
2022-06-06,SUZB3,53.41
2022-06-06,TAEE11,40.93
2022-06-06,TEND3,4.18
2022-06-06,TIMS3,13.37
2022-06-06,TOTS3,28.9
2022-06-06,UGPA3,13.32
2022-06-06,USIM5,11.42
2022-06-06,VALE3,88.55
2022-06-06,VAMO3,14.5
2022-06-06,VBBR3,18.4
2022-06-06,VIVA3,23.45
2022-06-06,VIVT3,48.88
2022-06-06,WEGE3,25.98
2022-06-06,YDUQ3,15.17
2022-06-07,ABEV3,13.73
2022-06-07,ASAI3,15.7
2022-06-07,AURE3,13.86
2022-06-07,B3SA3,11.89
2022-06-07,BBAS3,35.51
2022-06-07,BBDC3,16.28
2022-06-07,BBDC4,19.76
2022-06-07,BBSE3,25.42
2022-06-07,BEEF3,13.98
2022-06-07,BPAC11,23.28
2022-06-07,BRAP4,30.52
2022-06-07,CCRO3,13.14
2022-06-07,CEAB3,2.91
2022-06-07,CMIG4,11.21
2022-06-07,CMIN3,5.13
2022-06-07,COGN3,2.49
2022-06-07,CPFE3,34.71
2022-06-07,CPLE3,6.51
2022-06-07,CSAN3,20.56
2022-06-07,CSMG3,12.66
2022-06-07,CSNA3,22.13
2022-06-07,CURY3,6.25
2022-06-07,CXSE3,7.33
2022-06-07,CYRE3,12.92
2022-06-07,DIRR3,10.06
2022-06-07,EGIE3,41.5
2022-06-07,ELET3,41.8
2022-06-07,EMBR3,13.12
2022-06-07,ENEV3,14.19
2022-06-07,ENGI11,43.99
2022-06-07,EQTL3,24.47
2022-06-07,FLRY3,15.05
2022-06-07,GGBR4,30.39
2022-06-07,GOAU4,12.78
2022-06-07,HAPV3,5.87
2022-06-07,HYPE3,40.93
2022-06-07,IGTI11,18.87
2022-06-07,ITSA4,9.33
2022-06-07,ITUB4,25.56
2022-06-07,KLBN11,22.23
2022-06-07,LREN3,26.68
2022-06-07,MGLU3,3.29
2022-06-07,MRFG3,15.55
2022-06-07,MRVE3,8.9
2022-06-07,MULT3,23.47
2022-06-07,NTCO3,17.06
2022-06-07,PETR3,33.86
2022-06-07,PETR4,30.66
2022-06-07,POMO4,2.77
2022-06-07,PRIO3,27.31
2022-06-07,PSSA3,19.32
2022-06-07,RADL3,21.37
2022-06-07,RAIL3,17.87
2022-06-07,RDOR3,33.3
2022-06-07,RENT3,53.54
2022-06-07,SANB11,31.82
2022-06-07,SBSP3,44.72
2022-06-07,SMFT3,13.37
2022-06-07,SUZB3,54.29
2022-06-07,TAEE11,40.4
2022-06-07,TEND3,4.21
2022-06-07,TIMS3,13.17
2022-06-07,TOTS3,28.04
2022-06-07,UGPA3,13.26
2022-06-07,USIM5,11.11
2022-06-07,VALE3,90.62
2022-06-07,VAMO3,14.1
2022-06-07,VBBR3,18.65
2022-06-07,VIVA3,22.72
2022-06-07,VIVT3,48.01
2022-06-07,WEGE3,25.95
2022-06-07,YDUQ3,15.18
2022-06-08,ABEV3,13.76
2022-06-08,ASAI3,15.94
2022-06-08,AURE3,14.2
2022-06-08,B3SA3,11.79
2022-06-08,BBAS3,35.19
2022-06-08,BBDC3,16.1
2022-06-08,BBDC4,19.41
2022-06-08,BBSE3,25.32
2022-06-08,BEEF3,13.74
2022-06-08,BPAC11,22.93
2022-06-08,BRAP4,29.78
2022-06-08,CCRO3,12.94
2022-06-08,CEAB3,2.91
2022-06-08,CMIG4,11.15
2022-06-08,CMIN3,5.02
2022-06-08,COGN3,2.55
2022-06-08,CPFE3,34.05
2022-06-08,CPLE3,6.47
2022-06-08,CSAN3,20.22
2022-06-08,CSMG3,12.72
2022-06-08,CSNA3,21.04
2022-06-08,CURY3,6.12
2022-06-08,CXSE3,7.33
2022-06-08,CYRE3,12.59
2022-06-08,DIRR3,9.99
2022-06-08,EGIE3,41.85
2022-06-08,ELET3,42.14
2022-06-08,EMBR3,13.02
2022-06-08,ENEV3,14.37
2022-06-08,ENGI11,43.67
2022-06-08,EQTL3,24.44
2022-06-08,FLRY3,15.1
2022-06-08,GGBR4,28.9
2022-06-08,GOAU4,12.38
2022-06-08,HAPV3,6.05
2022-06-08,HYPE3,39.93
2022-06-08,IGTI11,18.56
2022-06-08,ITSA4,9.2
2022-06-08,ITUB4,25.07
2022-06-08,KLBN11,21.94
2022-06-08,LREN3,26.35
2022-06-08,MGLU3,3.22
2022-06-08,MRFG3,15.11
2022-06-08,MRVE3,8.67
2022-06-08,MULT3,23.34
2022-06-08,NTCO3,16.9
2022-06-08,PETR3,33.73
2022-06-08,PETR4,30.51
2022-06-08,POMO4,2.73
2022-06-08,PRIO3,27.8
2022-06-08,PSSA3,19.08
2022-06-08,RADL3,20.97
2022-06-08,RAIL3,17.65
2022-06-08,RDOR3,33.35
2022-06-08,RENT3,52.05
2022-06-08,SANB11,31.46
2022-06-08,SBSP3,44.16
2022-06-08,SMFT3,13.5
2022-06-08,SUZB3,52.57
2022-06-08,TAEE11,40.48
2022-06-08,TEND3,4.28
2022-06-08,TIMS3,13.17
2022-06-08,TOTS3,28.09
2022-06-08,UGPA3,12.98
2022-06-08,USIM5,10.63
2022-06-08,VALE3,87.5
2022-06-08,VAMO3,14.1
2022-06-08,VBBR3,18.38
2022-06-08,VIVA3,22.39
2022-06-08,VIVT3,47.4
2022-06-08,WEGE3,24.41
2022-06-08,YDUQ3,14.92
2022-06-09,ABEV3,13.61
2022-06-09,ASAI3,15.6
2022-06-09,AURE3,14.09
2022-06-09,B3SA3,11.95
2022-06-09,BBAS3,35.14
2022-06-09,BBDC3,16.12
2022-06-09,BBDC4,19.4
2022-06-09,BBSE3,25.16
2022-06-09,BEEF3,14.02
2022-06-09,BPAC11,23.22
2022-06-09,BRAP4,28.93
2022-06-09,CCRO3,13.23
2022-06-09,CEAB3,2.87
2022-06-09,CMIG4,11.07
2022-06-09,CMIN3,5.02
2022-06-09,COGN3,2.55
2022-06-09,CPFE3,32.99
2022-06-09,CPLE3,6.43
2022-06-09,CSAN3,20.03
2022-06-09,CSMG3,12.61
2022-06-09,CSNA3,19.64
2022-06-09,CURY3,6.26
2022-06-09,CXSE3,7.2
2022-06-09,CYRE3,12.71
2022-06-09,DIRR3,10.2
2022-06-09,EGIE3,41.82
2022-06-09,ELET3,43.04
2022-06-09,EMBR3,12.78
2022-06-09,ENEV3,14.34
2022-06-09,ENGI11,43.0
2022-06-09,EQTL3,24.21
2022-06-09,FLRY3,15.09
2022-06-09,GGBR4,27.64
2022-06-09,GOAU4,11.81
2022-06-09,HAPV3,6.23
2022-06-09,HYPE3,38.68
2022-06-09,IGTI11,18.42
2022-06-09,ITSA4,9.07
2022-06-09,ITUB4,24.64
2022-06-09,KLBN11,21.79
2022-06-09,LREN3,25.22
2022-06-09,MGLU3,3.01
2022-06-09,MRFG3,15.18
2022-06-09,MRVE3,8.79
2022-06-09,MULT3,22.74
2022-06-09,NTCO3,16.52
2022-06-09,PETR3,33.33
2022-06-09,PETR4,30.07
2022-06-09,POMO4,2.76
2022-06-09,PRIO3,27.22
2022-06-09,PSSA3,19.16
2022-06-09,RADL3,20.65
2022-06-09,RAIL3,17.93
2022-06-09,RDOR3,34.0
2022-06-09,RENT3,52.91
2022-06-09,SANB11,31.52
2022-06-09,SBSP3,44.03
2022-06-09,SMFT3,13.6
2022-06-09,SUZB3,51.85
2022-06-09,TAEE11,40.52
2022-06-09,TEND3,4.3
2022-06-09,TIMS3,12.98
2022-06-09,TOTS3,27.51
2022-06-09,UGPA3,12.97
2022-06-09,USIM5,10.12
2022-06-09,VALE3,84.54
2022-06-09,VAMO3,14.25
2022-06-09,VBBR3,18.14
2022-06-09,VIVA3,22.38
2022-06-09,VIVT3,46.87
2022-06-09,WEGE3,24.52
2022-06-09,YDUQ3,14.99
2022-06-10,ABEV3,13.59
2022-06-10,ASAI3,15.04
2022-06-10,AURE3,13.38
2022-06-10,B3SA3,11.66
2022-06-10,BBAS3,34.55
2022-06-10,BBDC3,15.91
2022-06-10,BBDC4,19.11
2022-06-10,BBSE3,24.6
2022-06-10,BEEF3,13.93
2022-06-10,BPAC11,22.43
2022-06-10,BRAP4,28.88
2022-06-10,CCRO3,13.05
2022-06-10,CEAB3,2.73
2022-06-10,CMIG4,10.92
2022-06-10,CMIN3,5.22
2022-06-10,COGN3,2.51
2022-06-10,CPFE3,31.93
2022-06-10,CPLE3,6.39
2022-06-10,CSAN3,19.74
2022-06-10,CSMG3,12.48
2022-06-10,CSNA3,19.63
2022-06-10,CURY3,6.12
2022-06-10,CXSE3,7.13
2022-06-10,CYRE3,12.19
2022-06-10,DIRR3,9.86
2022-06-10,EGIE3,40.92
2022-06-10,ELET3,41.0
2022-06-10,EMBR3,12.05
2022-06-10,ENEV3,14.37
2022-06-10,ENGI11,42.44
2022-06-10,EQTL3,24.16
2022-06-10,FLRY3,15.16
2022-06-10,GGBR4,27.46
2022-06-10,GOAU4,11.79
2022-06-10,HAPV3,6.01
2022-06-10,HYPE3,38.9
2022-06-10,IGTI11,18.3
2022-06-10,ITSA4,8.89
2022-06-10,ITUB4,24.1
2022-06-10,KLBN11,21.36
2022-06-10,LREN3,24.08
2022-06-10,MGLU3,2.9
2022-06-10,MRFG3,15.26
2022-06-10,MRVE3,8.44
2022-06-10,MULT3,22.59
2022-06-10,NTCO3,15.65
2022-06-10,PETR3,32.91
2022-06-10,PETR4,29.65
2022-06-10,POMO4,2.68
2022-06-10,PRIO3,27.1
2022-06-10,PSSA3,18.73
2022-06-10,RADL3,20.8
2022-06-10,RAIL3,17.46
2022-06-10,RDOR3,33.2
2022-06-10,RENT3,51.77
2022-06-10,SANB11,31.1
2022-06-10,SBSP3,43.05
2022-06-10,SMFT3,12.71
2022-06-10,SUZB3,51.69
2022-06-10,TAEE11,40.34
2022-06-10,TEND3,4.27
2022-06-10,TIMS3,12.79
2022-06-10,TOTS3,26.23
2022-06-10,UGPA3,12.75
2022-06-10,USIM5,10.11
2022-06-10,VALE3,84.56
2022-06-10,VAMO3,13.65
2022-06-10,VBBR3,17.41
2022-06-10,VIVA3,21.24
2022-06-10,VIVT3,46.8
2022-06-10,WEGE3,24.0
2022-06-10,YDUQ3,14.25
2022-06-13,ABEV3,13.33
2022-06-13,ASAI3,14.57
2022-06-13,AURE3,12.79
2022-06-13,B3SA3,11.54
2022-06-13,BBAS3,33.76
2022-06-13,BBDC3,15.66
2022-06-13,BBDC4,18.83
2022-06-13,BBSE3,24.54
2022-06-13,BEEF3,13.16
2022-06-13,BPAC11,21.75
2022-06-13,BRAP4,27.84
2022-06-13,CCRO3,12.4
2022-06-13,CEAB3,2.57
2022-06-13,CMIG4,10.76
2022-06-13,CMIN3,5.07
2022-06-13,COGN3,2.3
2022-06-13,CPFE3,31.44
2022-06-13,CPLE3,6.26
2022-06-13,CSAN3,19.0
2022-06-13,CSMG3,12.15
2022-06-13,CSNA3,18.44
2022-06-13,CURY3,5.99
2022-06-13,CXSE3,6.93
2022-06-13,CYRE3,12.05
2022-06-13,DIRR3,9.22
2022-06-13,EGIE3,40.9
2022-06-13,ELET3,40.1
2022-06-13,EMBR3,11.35
2022-06-13,ENEV3,13.95
2022-06-13,ENGI11,41.97
2022-06-13,EQTL3,23.52
2022-06-13,FLRY3,14.74
2022-06-13,GGBR4,26.0
2022-06-13,GOAU4,11.14
2022-06-13,HAPV3,5.63
2022-06-13,HYPE3,37.91
2022-06-13,IGTI11,17.79
2022-06-13,ITSA4,8.75
2022-06-13,ITUB4,23.81
2022-06-13,KLBN11,21.34
2022-06-13,LREN3,23.15
2022-06-13,MGLU3,2.67
2022-06-13,MRFG3,14.39
2022-06-13,MRVE3,8.17
2022-06-13,MULT3,21.82
2022-06-13,NTCO3,14.35
2022-06-13,PETR3,32.41
2022-06-13,PETR4,29.27
2022-06-13,POMO4,2.51
2022-06-13,PRIO3,26.03
2022-06-13,PSSA3,18.7
2022-06-13,RADL3,20.2
2022-06-13,RAIL3,17.01
2022-06-13,RDOR3,32.02
2022-06-13,RENT3,48.88
2022-06-13,SANB11,30.5
2022-06-13,SBSP3,42.06
2022-06-13,SMFT3,11.76
2022-06-13,SUZB3,52.05
2022-06-13,TAEE11,40.46
2022-06-13,TEND3,4.17
2022-06-13,TIMS3,12.46
2022-06-13,TOTS3,24.68
2022-06-13,UGPA3,12.24
2022-06-13,USIM5,9.62
2022-06-13,VALE3,81.88
2022-06-13,VAMO3,12.57
2022-06-13,VBBR3,16.9
2022-06-13,VIVA3,20.9
2022-06-13,VIVT3,46.24
2022-06-13,WEGE3,23.82
2022-06-13,YDUQ3,13.35
2022-06-14,ABEV3,13.15
2022-06-14,ASAI3,14.59
2022-06-14,AURE3,13.27
2022-06-14,B3SA3,11.49
2022-06-14,BBAS3,33.52
2022-06-14,BBDC3,15.54
2022-06-14,BBDC4,18.64
2022-06-14,BBSE3,24.52
2022-06-14,BEEF3,13.03
2022-06-14,BPAC11,21.79
2022-06-14,BRAP4,27.42
2022-06-14,CCRO3,12.31
2022-06-14,CEAB3,2.45
2022-06-14,CMIG4,10.84
2022-06-14,CMIN3,4.8
2022-06-14,COGN3,2.25
2022-06-14,CPFE3,32.43
2022-06-14,CPLE3,6.3
2022-06-14,CSAN3,18.37
2022-06-14,CSMG3,12.08
2022-06-14,CSNA3,18.13
2022-06-14,CURY3,6.04
2022-06-14,CXSE3,6.95
2022-06-14,CYRE3,12.08
2022-06-14,DIRR3,9.42
2022-06-14,EGIE3,41.3
2022-06-14,ELET3,41.45
2022-06-14,EMBR3,11.29
2022-06-14,ENEV3,13.64
2022-06-14,ENGI11,42.13
2022-06-14,EQTL3,23.41
2022-06-14,FLRY3,14.32
2022-06-14,GGBR4,25.41
2022-06-14,GOAU4,10.83
2022-06-14,HAPV3,5.7
2022-06-14,HYPE3,37.16
2022-06-14,IGTI11,17.68
2022-06-14,ITSA4,8.72
2022-06-14,ITUB4,23.65
2022-06-14,KLBN11,20.92
2022-06-14,LREN3,22.93
2022-06-14,MGLU3,2.54
2022-06-14,MRFG3,13.72
2022-06-14,MRVE3,7.98
2022-06-14,MULT3,21.82
2022-06-14,NTCO3,13.99
2022-06-14,PETR3,32.7
2022-06-14,PETR4,29.6
2022-06-14,POMO4,2.5
2022-06-14,PRIO3,25.64
2022-06-14,PSSA3,18.52
2022-06-14,RADL3,19.43
2022-06-14,RAIL3,17.06
2022-06-14,RDOR3,31.95
2022-06-14,RENT3,49.19
2022-06-14,SANB11,30.16
2022-06-14,SBSP3,42.09
2022-06-14,SMFT3,11.72
2022-06-14,SUZB3,50.7
2022-06-14,TAEE11,40.39
2022-06-14,TEND3,4.08
2022-06-14,TIMS3,12.46
2022-06-14,TOTS3,25.0
2022-06-14,UGPA3,12.21
2022-06-14,USIM5,9.37
2022-06-14,VALE3,81.72
2022-06-14,VAMO3,12.54
2022-06-14,VBBR3,17.02
2022-06-14,VIVA3,21.12
2022-06-14,VIVT3,46.35
2022-06-14,WEGE3,24.25
2022-06-14,YDUQ3,13.47
2022-06-15,ABEV3,13.06
2022-06-15,ASAI3,15.48
2022-06-15,AURE3,13.84
2022-06-15,B3SA3,11.61
2022-06-15,BBAS3,34.05
2022-06-15,BBDC3,15.65
2022-06-15,BBDC4,18.77
2022-06-15,BBSE3,24.91
2022-06-15,BEEF3,13.01
2022-06-15,BPAC11,22.45
2022-06-15,BRAP4,27.42
2022-06-15,CCRO3,12.49
2022-06-15,CEAB3,2.54
2022-06-15,CMIG4,10.92
2022-06-15,CMIN3,4.73
2022-06-15,COGN3,2.34
2022-06-15,CPFE3,32.74
2022-06-15,CPLE3,6.3
2022-06-15,CSAN3,18.76
2022-06-15,CSMG3,12.19
2022-06-15,CSNA3,17.94
2022-06-15,CURY3,6.11
2022-06-15,CXSE3,7.01
2022-06-15,CYRE3,12.33
2022-06-15,DIRR3,9.74
2022-06-15,EGIE3,42.0
2022-06-15,ELET3,42.6
2022-06-15,EMBR3,11.58
2022-06-15,ENEV3,14.18
2022-06-15,ENGI11,43.1
2022-06-15,EQTL3,24.31
2022-06-15,FLRY3,14.89
2022-06-15,GGBR4,25.36
2022-06-15,GOAU4,10.81
2022-06-15,HAPV3,5.96
2022-06-15,HYPE3,38.54
2022-06-15,IGTI11,18.16
2022-06-15,ITSA4,8.79
2022-06-15,ITUB4,23.75
2022-06-15,KLBN11,20.65
2022-06-15,LREN3,23.9
2022-06-15,MGLU3,2.55
2022-06-15,MRFG3,13.68
2022-06-15,MRVE3,8.26
2022-06-15,MULT3,22.51
2022-06-15,NTCO3,15.12
2022-06-15,PETR3,32.27
2022-06-15,PETR4,29.08
2022-06-15,POMO4,2.58
2022-06-15,PRIO3,25.26
2022-06-15,PSSA3,18.74
2022-06-15,RADL3,19.41
2022-06-15,RAIL3,17.08
2022-06-15,RDOR3,31.7
2022-06-15,RENT3,51.55
2022-06-15,SANB11,30.41
2022-06-15,SBSP3,42.6
2022-06-15,SMFT3,11.9
2022-06-15,SUZB3,50.11
2022-06-15,TAEE11,40.4
2022-06-15,TEND3,4.26
2022-06-15,TIMS3,12.51
2022-06-15,TOTS3,25.36
2022-06-15,UGPA3,12.5
2022-06-15,USIM5,9.33
2022-06-15,VALE3,81.67
2022-06-15,VAMO3,12.7
2022-06-15,VBBR3,17.12
2022-06-15,VIVA3,23.14
2022-06-15,VIVT3,46.67
2022-06-15,WEGE3,24.0
2022-06-15,YDUQ3,13.74
2022-06-17,ABEV3,13.03
2022-06-17,ASAI3,15.51
2022-06-17,AURE3,13.35
2022-06-17,B3SA3,11.45
2022-06-17,BBAS3,34.13
2022-06-17,BBDC3,15.4
2022-06-17,BBDC4,18.48
2022-06-17,BBSE3,24.87
2022-06-17,BEEF3,12.74
2022-06-17,BPAC11,21.46
2022-06-17,BRAP4,26.25
2022-06-17,CCRO3,12.47
2022-06-17,CEAB3,2.54
2022-06-17,CMIG4,10.74
2022-06-17,CMIN3,4.52
2022-06-17,COGN3,2.37
2022-06-17,CPFE3,33.16
2022-06-17,CPLE3,6.32
2022-06-17,CSAN3,18.34
2022-06-17,CSMG3,11.94
2022-06-17,CSNA3,17.02
2022-06-17,CURY3,6.09
2022-06-17,CXSE3,7.02
2022-06-17,CYRE3,12.26
2022-06-17,DIRR3,9.71
2022-06-17,EGIE3,42.0
2022-06-17,ELET3,42.89
2022-06-17,EMBR3,11.58
2022-06-17,ENEV3,14.54
2022-06-17,ENGI11,44.5
2022-06-17,EQTL3,24.16
2022-06-17,FLRY3,14.22
2022-06-17,GGBR4,23.36
2022-06-17,GOAU4,9.89
2022-06-17,HAPV3,6.15
2022-06-17,HYPE3,38.18
2022-06-17,IGTI11,18.23
2022-06-17,ITSA4,8.63
2022-06-17,ITUB4,23.45
2022-06-17,KLBN11,20.25
2022-06-17,LREN3,23.74
2022-06-17,MGLU3,2.38
2022-06-17,MRFG3,13.31
2022-06-17,MRVE3,8.15
2022-06-17,MULT3,22.37
2022-06-17,NTCO3,14.45
2022-06-17,PETR3,29.93
2022-06-17,PETR4,27.31
2022-06-17,POMO4,2.56
2022-06-17,PRIO3,23.04
2022-06-17,PSSA3,18.52
2022-06-17,RADL3,19.11
2022-06-17,RAIL3,16.89
2022-06-17,RDOR3,30.14
2022-06-17,RENT3,50.4
2022-06-17,SANB11,30.0
2022-06-17,SBSP3,41.13
2022-06-17,SMFT3,12.0
2022-06-17,SUZB3,49.09
2022-06-17,TAEE11,40.02
2022-06-17,TEND3,4.14
2022-06-17,TIMS3,12.45
2022-06-17,TOTS3,24.41
2022-06-17,UGPA3,12.19
2022-06-17,USIM5,8.77
2022-06-17,VALE3,77.41
2022-06-17,VAMO3,12.5
2022-06-17,VBBR3,16.85
2022-06-17,VIVA3,22.66
2022-06-17,VIVT3,45.46
2022-06-17,WEGE3,22.83
2022-06-17,YDUQ3,13.33
2022-06-20,ABEV3,13.05
2022-06-20,ASAI3,15.9
2022-06-20,AURE3,13.53
2022-06-20,B3SA3,11.55
2022-06-20,BBAS3,34.39
2022-06-20,BBDC3,15.71
2022-06-20,BBDC4,18.97
2022-06-20,BBSE3,25.22
2022-06-20,BEEF3,12.8
2022-06-20,BPAC11,21.4
2022-06-20,BRAP4,25.62
2022-06-20,CCRO3,12.33
2022-06-20,CEAB3,2.44
2022-06-20,CMIG4,10.76
2022-06-20,CMIN3,4.34
2022-06-20,COGN3,2.31
2022-06-20,CPFE3,33.59
2022-06-20,CPLE3,6.38
2022-06-20,CSAN3,18.41
2022-06-20,CSMG3,11.89
2022-06-20,CSNA3,16.85
2022-06-20,CURY3,5.99
2022-06-20,CXSE3,7.02
2022-06-20,CYRE3,12.06
2022-06-20,DIRR3,9.78
2022-06-20,EGIE3,41.95
2022-06-20,ELET3,43.65
2022-06-20,EMBR3,11.32
2022-06-20,ENEV3,14.68
2022-06-20,ENGI11,44.1
2022-06-20,EQTL3,24.11
2022-06-20,FLRY3,14.11
2022-06-20,GGBR4,23.4
2022-06-20,GOAU4,9.85
2022-06-20,HAPV3,5.85
2022-06-20,HYPE3,37.6
2022-06-20,IGTI11,17.98
2022-06-20,ITSA4,8.9
2022-06-20,ITUB4,24.47
2022-06-20,KLBN11,20.2
2022-06-20,LREN3,23.87
2022-06-20,MGLU3,2.58
2022-06-20,MRFG3,12.81
2022-06-20,MRVE3,7.94
2022-06-20,MULT3,22.63
2022-06-20,NTCO3,13.35
2022-06-20,PETR3,30.19
2022-06-20,PETR4,27.62
2022-06-20,POMO4,2.56
2022-06-20,PRIO3,22.84
2022-06-20,PSSA3,18.54
2022-06-20,RADL3,18.48
2022-06-20,RAIL3,16.75
2022-06-20,RDOR3,29.65
2022-06-20,RENT3,49.91
2022-06-20,SANB11,30.64
2022-06-20,SBSP3,41.18
2022-06-20,SMFT3,11.97
2022-06-20,SUZB3,49.01
2022-06-20,TAEE11,40.19
2022-06-20,TEND3,4.18
2022-06-20,TIMS3,12.44
2022-06-20,TOTS3,23.2
2022-06-20,UGPA3,12.02
2022-06-20,USIM5,9.01
2022-06-20,VALE3,75.5
2022-06-20,VAMO3,12.17
2022-06-20,VBBR3,16.78
2022-06-20,VIVA3,22.19
2022-06-20,VIVT3,45.63
2022-06-20,WEGE3,24.1
2022-06-20,YDUQ3,13.64
2022-06-21,ABEV3,13.17
2022-06-21,ASAI3,15.41
2022-06-21,AURE3,13.58
2022-06-21,B3SA3,11.49
2022-06-21,BBAS3,32.98
2022-06-21,BBDC3,15.42
2022-06-21,BBDC4,18.64
2022-06-21,BBSE3,25.31
2022-06-21,BEEF3,12.73
2022-06-21,BPAC11,21.63
2022-06-21,BRAP4,25.99
2022-06-21,CCRO3,12.53
2022-06-21,CEAB3,2.46
2022-06-21,CMIG4,10.65
2022-06-21,CMIN3,4.3
2022-06-21,COGN3,2.2
2022-06-21,CPFE3,32.35
2022-06-21,CPLE3,6.29
2022-06-21,CSAN3,18.44
2022-06-21,CSMG3,11.79
2022-06-21,CSNA3,16.74
2022-06-21,CURY3,5.94
2022-06-21,CXSE3,7.18
2022-06-21,CYRE3,12.03
2022-06-21,DIRR3,9.54
2022-06-21,EGIE3,41.74
2022-06-21,ELET3,44.0
2022-06-21,EMBR3,11.67
2022-06-21,ENEV3,14.85
2022-06-21,ENGI11,43.49
2022-06-21,EQTL3,23.79
2022-06-21,FLRY3,14.36
2022-06-21,GGBR4,23.86
2022-06-21,GOAU4,10.0
2022-06-21,HAPV3,5.72
2022-06-21,HYPE3,37.5
2022-06-21,IGTI11,17.9
2022-06-21,ITSA4,8.82
2022-06-21,ITUB4,24.21
2022-06-21,KLBN11,20.1
2022-06-21,LREN3,23.11
2022-06-21,MGLU3,2.51
2022-06-21,MRFG3,12.61
2022-06-21,MRVE3,8.02
2022-06-21,MULT3,22.58
2022-06-21,NTCO3,13.83
2022-06-21,PETR3,29.87
2022-06-21,PETR4,27.07
2022-06-21,POMO4,2.57
2022-06-21,PRIO3,22.73
2022-06-21,PSSA3,19.05
2022-06-21,RADL3,18.81
2022-06-21,RAIL3,16.75
2022-06-21,RDOR3,30.27
2022-06-21,RENT3,49.7
2022-06-21,SANB11,30.7
2022-06-21,SBSP3,40.4
2022-06-21,SMFT3,11.93
2022-06-21,SUZB3,48.63
2022-06-21,TAEE11,39.8
2022-06-21,TEND3,4.2
2022-06-21,TIMS3,12.64
2022-06-21,TOTS3,24.03
2022-06-21,UGPA3,12.18
2022-06-21,USIM5,9.06
2022-06-21,VALE3,76.0
2022-06-21,VAMO3,12.27
2022-06-21,VBBR3,17.03
2022-06-21,VIVA3,22.19
2022-06-21,VIVT3,47.05
2022-06-21,WEGE3,25.3
2022-06-21,YDUQ3,13.17
2022-06-22,ABEV3,13.3
2022-06-22,ASAI3,14.99
2022-06-22,AURE3,13.71
2022-06-22,B3SA3,11.65
2022-06-22,BBAS3,32.86
2022-06-22,BBDC3,15.34
2022-06-22,BBDC4,18.56
2022-06-22,BBSE3,25.03
2022-06-22,BEEF3,13.21
2022-06-22,BPAC11,22.83
2022-06-22,BRAP4,25.29
2022-06-22,CCRO3,12.56
2022-06-22,CEAB3,2.45
2022-06-22,CMIG4,10.68
2022-06-22,CMIN3,4.23
2022-06-22,COGN3,2.25
2022-06-22,CPFE3,32.09
2022-06-22,CPLE3,6.32
2022-06-22,CSAN3,18.49
2022-06-22,CSMG3,11.87
2022-06-22,CSNA3,15.97
2022-06-22,CURY3,5.87
2022-06-22,CXSE3,7.11
2022-06-22,CYRE3,12.11
2022-06-22,DIRR3,9.9
2022-06-22,EGIE3,41.51
2022-06-22,ELET3,44.48
2022-06-22,EMBR3,11.85
2022-06-22,ENEV3,14.87
2022-06-22,ENGI11,42.99
2022-06-22,EQTL3,23.51
2022-06-22,FLRY3,14.2
2022-06-22,GGBR4,22.92
2022-06-22,GOAU4,9.66
2022-06-22,HAPV3,5.54
2022-06-22,HYPE3,38.19
2022-06-22,IGTI11,18.43
2022-06-22,ITSA4,8.86
2022-06-22,ITUB4,24.03
2022-06-22,KLBN11,20.02
2022-06-22,LREN3,23.47
2022-06-22,MGLU3,2.44
2022-06-22,MRFG3,12.68
2022-06-22,MRVE3,8.15
2022-06-22,MULT3,23.13
2022-06-22,NTCO3,14.35
2022-06-22,PETR3,29.73
2022-06-22,PETR4,26.99
2022-06-22,POMO4,2.56
2022-06-22,PRIO3,21.27
2022-06-22,PSSA3,18.81
2022-06-22,RADL3,19.44
2022-06-22,RAIL3,16.79
2022-06-22,RDOR3,29.92
2022-06-22,RENT3,50.46
2022-06-22,SANB11,30.16
2022-06-22,SBSP3,41.52
2022-06-22,SMFT3,11.51
2022-06-22,SUZB3,47.12
2022-06-22,TAEE11,39.69
2022-06-22,TEND3,4.1
2022-06-22,TIMS3,12.58
2022-06-22,TOTS3,23.76
2022-06-22,UGPA3,12.58
2022-06-22,USIM5,9.04
2022-06-22,VALE3,75.35
2022-06-22,VAMO3,12.38
2022-06-22,VBBR3,17.45
2022-06-22,VIVA3,22.16
2022-06-22,VIVT3,46.96
2022-06-22,WEGE3,25.79
2022-06-22,YDUQ3,13.59
2022-06-23,ABEV3,13.33
2022-06-23,ASAI3,15.28
2022-06-23,AURE3,13.58
2022-06-23,B3SA3,11.58
2022-06-23,BBAS3,32.65
2022-06-23,BBDC3,14.97
2022-06-23,BBDC4,18.07
2022-06-23,BBSE3,25.12
2022-06-23,BEEF3,13.59
2022-06-23,BPAC11,22.52
2022-06-23,BRAP4,24.57
2022-06-23,CCRO3,12.6
2022-06-23,CEAB3,2.51
2022-06-23,CMIG4,10.63
2022-06-23,CMIN3,4.11
2022-06-23,COGN3,2.26
2022-06-23,CPFE3,31.36
2022-06-23,CPLE3,6.19
2022-06-23,CSAN3,18.1
2022-06-23,CSMG3,11.75
2022-06-23,CSNA3,15.65
2022-06-23,CURY3,6.07
2022-06-23,CXSE3,7.05
2022-06-23,CYRE3,12.11
2022-06-23,DIRR3,10.1
2022-06-23,EGIE3,41.12
2022-06-23,ELET3,43.83
2022-06-23,EMBR3,12.16
2022-06-23,ENEV3,14.37
2022-06-23,ENGI11,41.98
2022-06-23,EQTL3,23.04
2022-06-23,FLRY3,14.16
2022-06-23,GGBR4,22.27
2022-06-23,GOAU4,9.4
2022-06-23,HAPV3,5.49
2022-06-23,HYPE3,38.77
2022-06-23,IGTI11,18.41
2022-06-23,ITSA4,8.67
2022-06-23,ITUB4,23.48
2022-06-23,KLBN11,19.52
2022-06-23,LREN3,23.85
2022-06-23,MGLU3,2.55
2022-06-23,MRFG3,13.06
2022-06-23,MRVE3,8.12
2022-06-23,MULT3,23.08
2022-06-23,NTCO3,14.62
2022-06-23,PETR3,29.1
2022-06-23,PETR4,26.49
2022-06-23,POMO4,2.6
2022-06-23,PRIO3,20.47
2022-06-23,PSSA3,18.67
2022-06-23,RADL3,19.66
2022-06-23,RAIL3,16.72
2022-06-23,RDOR3,29.6
2022-06-23,RENT3,50.93
2022-06-23,SANB11,29.48
2022-06-23,SBSP3,41.2
2022-06-23,SMFT3,11.64
2022-06-23,SUZB3,45.63
2022-06-23,TAEE11,39.22
2022-06-23,TEND3,4.07
2022-06-23,TIMS3,12.55
2022-06-23,TOTS3,24.08
2022-06-23,UGPA3,12.07
2022-06-23,USIM5,8.71
2022-06-23,VALE3,72.6
2022-06-23,VAMO3,12.67
2022-06-23,VBBR3,16.87
2022-06-23,VIVA3,22.97
2022-06-23,VIVT3,46.89
2022-06-23,WEGE3,25.91
2022-06-23,YDUQ3,13.75
2022-06-24,ABEV3,13.67
2022-06-24,ASAI3,14.97
2022-06-24,AURE3,13.39
2022-06-24,B3SA3,11.6
2022-06-24,BBAS3,32.46
2022-06-24,BBDC3,14.95
2022-06-24,BBDC4,17.92
2022-06-24,BBSE3,24.75
2022-06-24,BEEF3,13.49
2022-06-24,BPAC11,22.39
2022-06-24,BRAP4,25.17
2022-06-24,CCRO3,12.72
2022-06-24,CEAB3,2.45
2022-06-24,CMIG4,10.62
2022-06-24,CMIN3,4.14
2022-06-24,COGN3,2.2
2022-06-24,CPFE3,30.6
2022-06-24,CPLE3,6.29
2022-06-24,CSAN3,18.39
2022-06-24,CSMG3,11.63
2022-06-24,CSNA3,16.46
2022-06-24,CURY3,6.0
2022-06-24,CXSE3,7.05
2022-06-24,CYRE3,11.98
2022-06-24,DIRR3,10.29
2022-06-24,EGIE3,41.01
2022-06-24,ELET3,44.25
2022-06-24,EMBR3,12.5
2022-06-24,ENEV3,14.36
2022-06-24,ENGI11,40.75
2022-06-24,EQTL3,22.87
2022-06-24,FLRY3,14.4
2022-06-24,GGBR4,23.15
2022-06-24,GOAU4,9.74
2022-06-24,HAPV3,5.56
2022-06-24,HYPE3,37.95
2022-06-24,IGTI11,18.3
2022-06-24,ITSA4,8.63
2022-06-24,ITUB4,23.44
2022-06-24,KLBN11,19.8
2022-06-24,LREN3,23.15
2022-06-24,MGLU3,2.47
2022-06-24,MRFG3,12.8
2022-06-24,MRVE3,7.67
2022-06-24,MULT3,22.51
2022-06-24,NTCO3,14.86
2022-06-24,PETR3,28.91
2022-06-24,PETR4,26.29
2022-06-24,POMO4,2.64
2022-06-24,PRIO3,21.53
2022-06-24,PSSA3,18.32
2022-06-24,RADL3,19.85
2022-06-24,RAIL3,16.63
2022-06-24,RDOR3,29.6
2022-06-24,RENT3,50.31
2022-06-24,SANB11,29.39
2022-06-24,SBSP3,41.82
2022-06-24,SMFT3,11.34
2022-06-24,SUZB3,47.85
2022-06-24,TAEE11,39.0
2022-06-24,TEND3,4.05
2022-06-24,TIMS3,12.57
2022-06-24,TOTS3,23.98
2022-06-24,UGPA3,12.17
2022-06-24,USIM5,8.97
2022-06-24,VALE3,74.62
2022-06-24,VAMO3,12.45
2022-06-24,VBBR3,16.7
2022-06-24,VIVA3,22.69
2022-06-24,VIVT3,46.55
2022-06-24,WEGE3,26.46
2022-06-24,YDUQ3,14.24
2022-06-27,ABEV3,13.72
2022-06-27,ASAI3,14.7
2022-06-27,AURE3,13.35
2022-06-27,B3SA3,11.6
2022-06-27,BBAS3,33.13
2022-06-27,BBDC3,15.08
2022-06-27,BBDC4,18.17
2022-06-27,BBSE3,24.92
2022-06-27,BEEF3,14.09
2022-06-27,BPAC11,23.2
2022-06-27,BRAP4,26.07
2022-06-27,CCRO3,12.89
2022-06-27,CEAB3,2.36
2022-06-27,CMIG4,10.65
2022-06-27,CMIN3,4.23
2022-06-27,COGN3,2.18
2022-06-27,CPFE3,31.69
2022-06-27,CPLE3,6.38
2022-06-27,CSAN3,18.59
2022-06-27,CSMG3,11.93
2022-06-27,CSNA3,16.97
2022-06-27,CURY3,6.0
2022-06-27,CXSE3,7.05
2022-06-27,CYRE3,11.91
2022-06-27,DIRR3,10.39
2022-06-27,EGIE3,41.2
2022-06-27,ELET3,45.3
2022-06-27,EMBR3,12.25
2022-06-27,ENEV3,15.19
2022-06-27,ENGI11,41.29
2022-06-27,EQTL3,22.83
2022-06-27,FLRY3,14.17
2022-06-27,GGBR4,23.5
2022-06-27,GOAU4,9.89
2022-06-27,HAPV3,5.54
2022-06-27,HYPE3,38.79
2022-06-27,IGTI11,18.43
2022-06-27,ITSA4,8.74
2022-06-27,ITUB4,23.58
2022-06-27,KLBN11,20.15
2022-06-27,LREN3,23.19
2022-06-27,MGLU3,2.43
2022-06-27,MRFG3,12.99
2022-06-27,MRVE3,7.61
2022-06-27,MULT3,22.58
2022-06-27,NTCO3,14.43
2022-06-27,PETR3,30.86
2022-06-27,PETR4,27.98
2022-06-27,POMO4,2.64
2022-06-27,PRIO3,22.67
2022-06-27,PSSA3,18.36
2022-06-27,RADL3,19.81
2022-06-27,RAIL3,16.69
2022-06-27,RDOR3,29.41
2022-06-27,RENT3,51.68
2022-06-27,SANB11,29.92
2022-06-27,SBSP3,42.26
2022-06-27,SMFT3,11.03
2022-06-27,SUZB3,48.88
2022-06-27,TAEE11,39.09
2022-06-27,TEND3,4.04
2022-06-27,TIMS3,12.6
2022-06-27,TOTS3,24.26
2022-06-27,UGPA3,12.54
2022-06-27,USIM5,9.25
2022-06-27,VALE3,78.05
2022-06-27,VAMO3,12.59
2022-06-27,VBBR3,16.7
2022-06-27,VIVA3,23.01
2022-06-27,VIVT3,46.7
2022-06-27,WEGE3,25.93
2022-06-27,YDUQ3,13.96
2022-06-28,ABEV3,13.52
2022-06-28,ASAI3,14.62
2022-06-28,AURE3,13.55
2022-06-28,B3SA3,11.27
2022-06-28,BBAS3,33.25
2022-06-28,BBDC3,14.94
2022-06-28,BBDC4,17.91
2022-06-28,BBSE3,25.45
2022-06-28,BEEF3,14.2
2022-06-28,BPAC11,22.58
2022-06-28,BRAP4,26.35
2022-06-28,CCRO3,12.91
2022-06-28,CEAB3,2.28
2022-06-28,CMIG4,10.61
2022-06-28,CMIN3,4.19
2022-06-28,COGN3,2.16
2022-06-28,CPFE3,31.44
2022-06-28,CPLE3,6.39
2022-06-28,CSAN3,18.74
2022-06-28,CSMG3,11.95
2022-06-28,CSNA3,17.07
2022-06-28,CURY3,5.95
2022-06-28,CXSE3,7.04
2022-06-28,CYRE3,11.67
2022-06-28,DIRR3,10.01
2022-06-28,EGIE3,41.49
2022-06-28,ELET3,45.56
2022-06-28,EMBR3,12.09
2022-06-28,ENEV3,15.35
2022-06-28,ENGI11,41.49
2022-06-28,EQTL3,22.58
2022-06-28,FLRY3,14.06
2022-06-28,GGBR4,23.4
2022-06-28,GOAU4,9.91
2022-06-28,HAPV3,5.22
2022-06-28,HYPE3,38.31
2022-06-28,IGTI11,18.3
2022-06-28,ITSA4,8.63
2022-06-28,ITUB4,23.32
2022-06-28,KLBN11,20.25
2022-06-28,LREN3,22.72
2022-06-28,MGLU3,2.38
2022-06-28,MRFG3,13.13
2022-06-28,MRVE3,7.34
2022-06-28,MULT3,22.82
2022-06-28,NTCO3,14.07
2022-06-28,PETR3,31.31
2022-06-28,PETR4,28.33
2022-06-28,POMO4,2.57
2022-06-28,PRIO3,22.66
2022-06-28,PSSA3,18.26
2022-06-28,RADL3,19.69
2022-06-28,RAIL3,16.36
2022-06-28,RDOR3,28.29
2022-06-28,RENT3,51.69
2022-06-28,SANB11,29.85
2022-06-28,SBSP3,42.13
2022-06-28,SMFT3,10.64
2022-06-28,SUZB3,49.43
2022-06-28,TAEE11,39.33
2022-06-28,TEND3,3.98
2022-06-28,TIMS3,12.56
2022-06-28,TOTS3,23.78
2022-06-28,UGPA3,12.71
2022-06-28,USIM5,9.12
2022-06-28,VALE3,79.45
2022-06-28,VAMO3,12.0
2022-06-28,VBBR3,16.96
2022-06-28,VIVA3,22.52
2022-06-28,VIVT3,46.48
2022-06-28,WEGE3,26.15
2022-06-28,YDUQ3,13.58
2022-06-29,ABEV3,13.61
2022-06-29,ASAI3,14.38
2022-06-29,AURE3,13.64
2022-06-29,B3SA3,10.95
2022-06-29,BBAS3,33.08
2022-06-29,BBDC3,14.72
2022-06-29,BBDC4,17.6
2022-06-29,BBSE3,25.48
2022-06-29,BEEF3,13.56
2022-06-29,BPAC11,22.27
2022-06-29,BRAP4,26.29
2022-06-29,CCRO3,12.82
2022-06-29,CEAB3,2.32
2022-06-29,CMIG4,10.39
2022-06-29,CMIN3,4.12
2022-06-29,COGN3,2.14
2022-06-29,CPFE3,30.93
2022-06-29,CPLE3,6.3
2022-06-29,CSAN3,18.57
2022-06-29,CSMG3,11.8
2022-06-29,CSNA3,16.5
2022-06-29,CURY3,6.04
2022-06-29,CXSE3,7.03
2022-06-29,CYRE3,11.86
2022-06-29,DIRR3,10.19
2022-06-29,EGIE3,41.63
2022-06-29,ELET3,45.72
2022-06-29,EMBR3,11.81
2022-06-29,ENEV3,14.97
2022-06-29,ENGI11,40.66
2022-06-29,EQTL3,22.45
2022-06-29,FLRY3,14.04
2022-06-29,GGBR4,23.14
2022-06-29,GOAU4,9.84
2022-06-29,HAPV3,5.27
2022-06-29,HYPE3,37.4
2022-06-29,IGTI11,18.21
2022-06-29,ITSA4,8.54
2022-06-29,ITUB4,23.08
2022-06-29,KLBN11,20.16
2022-06-29,LREN3,22.3
2022-06-29,MGLU3,2.41
2022-06-29,MRFG3,12.46
2022-06-29,MRVE3,7.59
2022-06-29,MULT3,22.45
2022-06-29,NTCO3,13.63
2022-06-29,PETR3,30.88
2022-06-29,PETR4,28.08
2022-06-29,POMO4,2.55
2022-06-29,PRIO3,22.47
2022-06-29,PSSA3,18.16
2022-06-29,RADL3,19.21
2022-06-29,RAIL3,16.34
2022-06-29,RDOR3,29.09
2022-06-29,RENT3,51.93
2022-06-29,SANB11,29.31
2022-06-29,SBSP3,41.92
2022-06-29,SMFT3,10.31
2022-06-29,SUZB3,48.85
2022-06-29,TAEE11,38.58
2022-06-29,TEND3,3.85
2022-06-29,TIMS3,12.5
2022-06-29,TOTS3,23.27
2022-06-29,UGPA3,12.56
2022-06-29,USIM5,9.01
2022-06-29,VALE3,78.79
2022-06-29,VAMO3,11.92
2022-06-29,VBBR3,16.9
2022-06-29,VIVA3,22.03
2022-06-29,VIVT3,45.66
2022-06-29,WEGE3,26.03
2022-06-29,YDUQ3,13.4
2022-06-30,ABEV3,13.4
2022-06-30,ASAI3,14.27
2022-06-30,AURE3,13.62
2022-06-30,B3SA3,10.96
2022-06-30,BBAS3,33.38
2022-06-30,BBDC3,14.38
2022-06-30,BBDC4,17.2
2022-06-30,BBSE3,25.96
2022-06-30,BEEF3,13.27
2022-06-30,BPAC11,22.31
2022-06-30,BRAP4,25.24
2022-06-30,CCRO3,12.53
2022-06-30,CEAB3,2.3
2022-06-30,CMIG4,10.38
2022-06-30,CMIN3,3.86
2022-06-30,COGN3,2.14
2022-06-30,CPFE3,30.88
2022-06-30,CPLE3,6.37
2022-06-30,CSAN3,18.2
2022-06-30,CSMG3,11.52
2022-06-30,CSNA3,15.44
2022-06-30,CURY3,6.15
2022-06-30,CXSE3,6.93
2022-06-30,CYRE3,11.82
2022-06-30,DIRR3,10.31
2022-06-30,EGIE3,41.3
2022-06-30,ELET3,46.2
2022-06-30,EMBR3,11.44
2022-06-30,ENEV3,14.77
2022-06-30,ENGI11,40.35
2022-06-30,EQTL3,22.84
2022-06-30,FLRY3,16.3
2022-06-30,GGBR4,22.35
2022-06-30,GOAU4,9.55
2022-06-30,HAPV3,5.47
2022-06-30,HYPE3,38.04
2022-06-30,IGTI11,17.99
2022-06-30,ITSA4,8.34
2022-06-30,ITUB4,22.67
2022-06-30,KLBN11,20.2
2022-06-30,LREN3,22.62
2022-06-30,MGLU3,2.34
2022-06-30,MRFG3,12.11
2022-06-30,MRVE3,7.81
2022-06-30,MULT3,21.95
2022-06-30,NTCO3,13.42
2022-06-30,PETR3,30.54
2022-06-30,PETR4,27.93
2022-06-30,POMO4,2.47
2022-06-30,PRIO3,21.99
2022-06-30,PSSA3,17.76
2022-06-30,RADL3,19.2
2022-06-30,RAIL3,15.97
2022-06-30,RDOR3,28.98
2022-06-30,RENT3,52.41
2022-06-30,SANB11,28.81
2022-06-30,SBSP3,42.17
2022-06-30,SMFT3,10.09
2022-06-30,SUZB3,49.69
2022-06-30,TAEE11,38.62
2022-06-30,TEND3,3.9
2022-06-30,TIMS3,12.76
2022-06-30,TOTS3,23.26
2022-06-30,UGPA3,12.31
2022-06-30,USIM5,8.65
2022-06-30,VALE3,76.56
2022-06-30,VAMO3,11.71
2022-06-30,VBBR3,16.71
2022-06-30,VIVA3,21.98
2022-06-30,VIVT3,47.06
2022-06-30,WEGE3,26.45
2022-06-30,YDUQ3,13.07
2022-07-01,ABEV3,13.76
2022-07-01,ASAI3,14.6
2022-07-01,AURE3,13.64
2022-07-01,B3SA3,11.19
2022-07-01,BBAS3,33.15
2022-07-01,BBDC3,14.41
2022-07-01,BBDC4,17.33
2022-07-01,BBSE3,26.05
2022-07-01,BEEF3,13.76
2022-07-01,BPAC11,22.61
2022-07-01,BRAP4,24.79
2022-07-01,CCRO3,12.34
2022-07-01,CEAB3,2.3
2022-07-01,CMIG4,10.48
2022-07-01,CMIN3,3.81
2022-07-01,COGN3,2.06
2022-07-01,CPFE3,32.0
2022-07-01,CPLE3,6.33
2022-07-01,CSAN3,17.88
2022-07-01,CSMG3,11.68
2022-07-01,CSNA3,15.08
2022-07-01,CURY3,6.3
2022-07-01,CXSE3,6.94
2022-07-01,CYRE3,12.04
2022-07-01,DIRR3,10.9
2022-07-01,EGIE3,41.56
2022-07-01,ELET3,45.85
2022-07-01,EMBR3,11.84
2022-07-01,ENEV3,15.14
2022-07-01,ENGI11,40.05
2022-07-01,EQTL3,23.1
2022-07-01,FLRY3,15.87
2022-07-01,GGBR4,22.28
2022-07-01,GOAU4,9.45
2022-07-01,HAPV3,5.62
2022-07-01,HYPE3,37.57
2022-07-01,IGTI11,18.22
2022-07-01,ITSA4,8.32
2022-07-01,ITUB4,22.85
2022-07-01,KLBN11,20.19
2022-07-01,LREN3,23.1
2022-07-01,MGLU3,2.2
2022-07-01,MRFG3,12.58
2022-07-01,MRVE3,8.28
2022-07-01,MULT3,22.24
2022-07-01,NTCO3,13.23
2022-07-01,PETR3,31.11
2022-07-01,PETR4,28.53
2022-07-01,POMO4,2.45
2022-07-01,PRIO3,22.1
2022-07-01,PSSA3,18.01
2022-07-01,RADL3,18.96
2022-07-01,RAIL3,15.99
2022-07-01,RDOR3,28.68
2022-07-01,RENT3,53.11
2022-07-01,SANB11,29.01
2022-07-01,SBSP3,43.0
2022-07-01,SMFT3,10.35
2022-07-01,SUZB3,50.45
2022-07-01,TAEE11,39.28
2022-07-01,TEND3,4.01
2022-07-01,TIMS3,13.18
2022-07-01,TOTS3,23.55
2022-07-01,UGPA3,12.14
2022-07-01,USIM5,8.55
2022-07-01,VALE3,75.1
2022-07-01,VAMO3,11.67
2022-07-01,VBBR3,16.89
2022-07-01,VIVA3,22.0
2022-07-01,VIVT3,47.55
2022-07-01,WEGE3,26.5
2022-07-01,YDUQ3,12.98
2022-07-04,ABEV3,13.68
2022-07-04,ASAI3,14.4
2022-07-04,AURE3,13.6
2022-07-04,B3SA3,11.08
2022-07-04,BBAS3,33.04
2022-07-04,BBDC3,14.24
2022-07-04,BBDC4,17.13
2022-07-04,BBSE3,25.4
2022-07-04,BEEF3,13.98
2022-07-04,BPAC11,22.23
2022-07-04,BRAP4,24.64
2022-07-04,CCRO3,12.19
2022-07-04,CEAB3,2.21
2022-07-04,CMIG4,10.35
2022-07-04,CMIN3,3.71
2022-07-04,COGN3,2.0
2022-07-04,CPFE3,31.18
2022-07-04,CPLE3,6.29
2022-07-04,CSAN3,17.6
2022-07-04,CSMG3,11.41
2022-07-04,CSNA3,14.93
2022-07-04,CURY3,6.18
2022-07-04,CXSE3,6.82
2022-07-04,CYRE3,11.95
2022-07-04,DIRR3,10.81
2022-07-04,EGIE3,40.88
2022-07-04,ELET3,45.24
2022-07-04,EMBR3,11.67
2022-07-04,ENEV3,14.67
2022-07-04,ENGI11,39.36
2022-07-04,EQTL3,22.62
2022-07-04,FLRY3,15.48
2022-07-04,GGBR4,22.16
2022-07-04,GOAU4,9.43
2022-07-04,HAPV3,6.04
2022-07-04,HYPE3,37.26
2022-07-04,IGTI11,18.22
2022-07-04,ITSA4,8.25
2022-07-04,ITUB4,22.63
2022-07-04,KLBN11,20.19
2022-07-04,LREN3,23.03
2022-07-04,MGLU3,2.13
2022-07-04,MRFG3,12.78
2022-07-04,MRVE3,8.21
2022-07-04,MULT3,22.51
2022-07-04,NTCO3,12.95
2022-07-04,PETR3,31.85
2022-07-04,PETR4,29.14
2022-07-04,POMO4,2.47
2022-07-04,PRIO3,22.79
2022-07-04,PSSA3,17.83
2022-07-04,RADL3,18.73
2022-07-04,RAIL3,15.95
2022-07-04,RDOR3,28.87
2022-07-04,RENT3,52.72
2022-07-04,SANB11,28.6
2022-07-04,SBSP3,42.0
2022-07-04,SMFT3,10.06
2022-07-04,SUZB3,50.37
2022-07-04,TAEE11,38.65
2022-07-04,TEND3,4.07
2022-07-04,TIMS3,13.0
2022-07-04,TOTS3,23.39
2022-07-04,UGPA3,11.87
2022-07-04,USIM5,8.51
2022-07-04,VALE3,74.67
2022-07-04,VAMO3,11.32
2022-07-04,VBBR3,16.36
2022-07-04,VIVA3,21.64
2022-07-04,VIVT3,46.51
2022-07-04,WEGE3,26.49
2022-07-04,YDUQ3,12.42
2022-07-05,ABEV3,14.09
2022-07-05,ASAI3,14.71
2022-07-05,AURE3,13.56
2022-07-05,B3SA3,11.27
2022-07-05,BBAS3,32.86
2022-07-05,BBDC3,14.29
2022-07-05,BBDC4,17.17
2022-07-05,BBSE3,25.2
2022-07-05,BEEF3,14.0
2022-07-05,BPAC11,22.37
2022-07-05,BRAP4,24.65
2022-07-05,CCRO3,12.04
2022-07-05,CEAB3,2.33
2022-07-05,CMIG4,10.13
2022-07-05,CMIN3,3.63
2022-07-05,COGN3,2.07
2022-07-05,CPFE3,30.55
2022-07-05,CPLE3,6.24
2022-07-05,CSAN3,17.29
2022-07-05,CSMG3,11.26
2022-07-05,CSNA3,14.66
2022-07-05,CURY3,6.26
2022-07-05,CXSE3,6.81
2022-07-05,CYRE3,12.23
2022-07-05,DIRR3,11.03
2022-07-05,EGIE3,40.83
2022-07-05,ELET3,44.71
2022-07-05,EMBR3,11.55
2022-07-05,ENEV3,14.81
2022-07-05,ENGI11,38.95
2022-07-05,EQTL3,22.4
2022-07-05,FLRY3,15.41
2022-07-05,GGBR4,21.77
2022-07-05,GOAU4,9.29
2022-07-05,HAPV3,6.21
2022-07-05,HYPE3,37.56
2022-07-05,IGTI11,18.17
2022-07-05,ITSA4,8.26
2022-07-05,ITUB4,22.79
2022-07-05,KLBN11,19.8
2022-07-05,LREN3,23.09
2022-07-05,MGLU3,2.38
2022-07-05,MRFG3,12.67
2022-07-05,MRVE3,8.22
2022-07-05,MULT3,22.58
2022-07-05,NTCO3,13.19
2022-07-05,PETR3,30.49
2022-07-05,PETR4,28.03
2022-07-05,POMO4,2.43
2022-07-05,PRIO3,21.17
2022-07-05,PSSA3,18.37
2022-07-05,RADL3,19.12
2022-07-05,RAIL3,16.13
2022-07-05,RDOR3,29.12
2022-07-05,RENT3,52.02
2022-07-05,SANB11,28.73
2022-07-05,SBSP3,41.42
2022-07-05,SMFT3,9.97
2022-07-05,SUZB3,48.9
2022-07-05,TAEE11,38.47
2022-07-05,TEND3,4.22
2022-07-05,TIMS3,13.04
2022-07-05,TOTS3,24.3
2022-07-05,UGPA3,11.74
2022-07-05,USIM5,8.55
2022-07-05,VALE3,74.3
2022-07-05,VAMO3,11.28
2022-07-05,VBBR3,16.42
2022-07-05,VIVA3,21.89
2022-07-05,VIVT3,46.37
2022-07-05,WEGE3,27.02
2022-07-05,YDUQ3,12.61
2022-07-06,ABEV3,14.23
2022-07-06,ASAI3,14.9
2022-07-06,AURE3,13.63
2022-07-06,B3SA3,11.11
2022-07-06,BBAS3,32.65
2022-07-06,BBDC3,14.24
2022-07-06,BBDC4,17.03
2022-07-06,BBSE3,25.2
2022-07-06,BEEF3,14.18
2022-07-06,BPAC11,22.74
2022-07-06,BRAP4,24.83
2022-07-06,CCRO3,12.29
2022-07-06,CEAB3,2.51
2022-07-06,CMIG4,10.1
2022-07-06,CMIN3,3.64
2022-07-06,COGN3,2.26
2022-07-06,CPFE3,30.6
2022-07-06,CPLE3,6.16
2022-07-06,CSAN3,17.11
2022-07-06,CSMG3,11.39
2022-07-06,CSNA3,14.74
2022-07-06,CURY3,6.34
2022-07-06,CXSE3,6.8
2022-07-06,CYRE3,12.33
2022-07-06,DIRR3,11.28
2022-07-06,EGIE3,41.09
2022-07-06,ELET3,44.18
2022-07-06,EMBR3,11.49
2022-07-06,ENEV3,15.05
2022-07-06,ENGI11,38.82
2022-07-06,EQTL3,22.42
2022-07-06,FLRY3,15.62
2022-07-06,GGBR4,22.22
2022-07-06,GOAU4,9.47
2022-07-06,HAPV3,6.31
2022-07-06,HYPE3,40.1
2022-07-06,IGTI11,18.97
2022-07-06,ITSA4,8.25
2022-07-06,ITUB4,22.58
2022-07-06,KLBN11,20.01
2022-07-06,LREN3,23.86
2022-07-06,MGLU3,2.5
2022-07-06,MRFG3,13.36
2022-07-06,MRVE3,8.57
2022-07-06,MULT3,23.35
2022-07-06,NTCO3,13.99
2022-07-06,PETR3,30.03
2022-07-06,PETR4,27.67
2022-07-06,POMO4,2.5
2022-07-06,PRIO3,20.89
2022-07-06,PSSA3,18.11
2022-07-06,RADL3,19.5
2022-07-06,RAIL3,16.11
2022-07-06,RDOR3,29.9
2022-07-06,RENT3,53.34
2022-07-06,SANB11,28.44
2022-07-06,SBSP3,41.53
2022-07-06,SMFT3,10.05
2022-07-06,SUZB3,49.33
2022-07-06,TAEE11,38.74
2022-07-06,TEND3,4.45
2022-07-06,TIMS3,13.11
2022-07-06,TOTS3,25.24
2022-07-06,UGPA3,11.82
2022-07-06,USIM5,8.67
2022-07-06,VALE3,75.0
2022-07-06,VAMO3,11.31
2022-07-06,VBBR3,16.35
2022-07-06,VIVA3,22.23
2022-07-06,VIVT3,47.17
2022-07-06,WEGE3,27.1
2022-07-06,YDUQ3,13.8
2022-07-07,ABEV3,14.23
2022-07-07,ASAI3,15.13
2022-07-07,AURE3,14.1
2022-07-07,B3SA3,11.36
2022-07-07,BBAS3,33.13
2022-07-07,BBDC3,14.42
2022-07-07,BBDC4,17.38
2022-07-07,BBSE3,25.46
2022-07-07,BEEF3,14.48
2022-07-07,BPAC11,22.69
2022-07-07,BRAP4,25.42
2022-07-07,CCRO3,12.43
2022-07-07,CEAB3,2.57
2022-07-07,CMIG4,10.28
2022-07-07,CMIN3,3.71
2022-07-07,COGN3,2.37
2022-07-07,CPFE3,31.43
2022-07-07,CPLE3,6.2
2022-07-07,CSAN3,17.58
2022-07-07,CSMG3,11.34
2022-07-07,CSNA3,15.52
2022-07-07,CURY3,6.77
2022-07-07,CXSE3,6.89
2022-07-07,CYRE3,12.57
2022-07-07,DIRR3,11.78
2022-07-07,EGIE3,41.87
2022-07-07,ELET3,44.71
2022-07-07,EMBR3,11.68
2022-07-07,ENEV3,15.15
2022-07-07,ENGI11,39.23
2022-07-07,EQTL3,23.21
2022-07-07,FLRY3,16.09
2022-07-07,GGBR4,23.5
2022-07-07,GOAU4,9.9
2022-07-07,HAPV3,6.63
2022-07-07,HYPE3,40.03
2022-07-07,IGTI11,19.34
2022-07-07,ITSA4,8.34
2022-07-07,ITUB4,22.9
2022-07-07,KLBN11,19.9
2022-07-07,LREN3,24.75
2022-07-07,MGLU3,2.56
2022-07-07,MRFG3,13.21
2022-07-07,MRVE3,9.12
2022-07-07,MULT3,24.3
2022-07-07,NTCO3,14.62
2022-07-07,PETR3,30.92
2022-07-07,PETR4,28.48
2022-07-07,POMO4,2.58
2022-07-07,PRIO3,21.22
2022-07-07,PSSA3,18.16
2022-07-07,RADL3,20.0
2022-07-07,RAIL3,16.12
2022-07-07,RDOR3,30.13
2022-07-07,RENT3,56.0
2022-07-07,SANB11,28.5
2022-07-07,SBSP3,42.3
2022-07-07,SMFT3,10.6
2022-07-07,SUZB3,48.99
2022-07-07,TAEE11,39.18
2022-07-07,TEND3,4.97
2022-07-07,TIMS3,13.52
2022-07-07,TOTS3,25.69
2022-07-07,UGPA3,11.87
2022-07-07,USIM5,8.87
2022-07-07,VALE3,77.18
2022-07-07,VAMO3,11.62
2022-07-07,VBBR3,16.55
2022-07-07,VIVA3,23.0
2022-07-07,VIVT3,47.34
2022-07-07,WEGE3,27.61
2022-07-07,YDUQ3,15.25
2022-07-08,ABEV3,14.31
2022-07-08,ASAI3,15.28
2022-07-08,AURE3,14.24
2022-07-08,B3SA3,11.44
2022-07-08,BBAS3,33.45
2022-07-08,BBDC3,14.47
2022-07-08,BBDC4,17.39
2022-07-08,BBSE3,25.34
2022-07-08,BEEF3,14.26
2022-07-08,BPAC11,22.48
2022-07-08,BRAP4,25.16
2022-07-08,CCRO3,12.14
2022-07-08,CEAB3,2.62
2022-07-08,CMIG4,10.28
2022-07-08,CMIN3,3.69
2022-07-08,COGN3,2.41
2022-07-08,CPFE3,31.29
2022-07-08,CPLE3,6.23
2022-07-08,CSAN3,17.74
2022-07-08,CSMG3,11.35
2022-07-08,CSNA3,15.05
2022-07-08,CURY3,7.25
2022-07-08,CXSE3,6.85
2022-07-08,CYRE3,12.65
2022-07-08,DIRR3,12.07
2022-07-08,EGIE3,42.26
2022-07-08,ELET3,43.95
2022-07-08,EMBR3,11.47
2022-07-08,ENEV3,15.44
2022-07-08,ENGI11,39.5
2022-07-08,EQTL3,22.94
2022-07-08,FLRY3,15.92
2022-07-08,GGBR4,23.38
2022-07-08,GOAU4,9.86
2022-07-08,HAPV3,6.34
2022-07-08,HYPE3,39.93
2022-07-08,IGTI11,19.66
2022-07-08,ITSA4,8.39
2022-07-08,ITUB4,22.91
2022-07-08,KLBN11,19.71
2022-07-08,LREN3,24.78
2022-07-08,MGLU3,2.62
2022-07-08,MRFG3,12.94
2022-07-08,MRVE3,9.3
2022-07-08,MULT3,24.47
2022-07-08,NTCO3,14.29
2022-07-08,PETR3,31.2
2022-07-08,PETR4,28.8
2022-07-08,POMO4,2.63
2022-07-08,PRIO3,21.76
2022-07-08,PSSA3,18.08
2022-07-08,RADL3,19.96
2022-07-08,RAIL3,16.08
2022-07-08,RDOR3,29.82
2022-07-08,RENT3,55.85
2022-07-08,SANB11,28.52
2022-07-08,SBSP3,42.54
2022-07-08,SMFT3,10.53
2022-07-08,SUZB3,47.59
2022-07-08,TAEE11,39.08
2022-07-08,TEND3,5.78
2022-07-08,TIMS3,13.51
2022-07-08,TOTS3,24.92
2022-07-08,UGPA3,11.93
2022-07-08,USIM5,8.61
2022-07-08,VALE3,75.4
2022-07-08,VAMO3,11.47
2022-07-08,VBBR3,16.57
2022-07-08,VIVA3,22.67
2022-07-08,VIVT3,47.49
2022-07-08,WEGE3,27.27
2022-07-08,YDUQ3,14.91
2022-07-11,ABEV3,14.1
2022-07-11,ASAI3,15.35
2022-07-11,AURE3,14.18
2022-07-11,B3SA3,10.77
2022-07-11,BBAS3,32.9
2022-07-11,BBDC3,14.25
2022-07-11,BBDC4,17.04
2022-07-11,BBSE3,25.14
2022-07-11,BEEF3,14.15
2022-07-11,BPAC11,21.74
2022-07-11,BRAP4,24.22
2022-07-11,CCRO3,11.93
2022-07-11,CEAB3,2.55
2022-07-11,CMIG4,10.26
2022-07-11,CMIN3,3.52
2022-07-11,COGN3,2.32
2022-07-11,CPFE3,30.42
2022-07-11,CPLE3,6.3
2022-07-11,CSAN3,17.42
2022-07-11,CSMG3,11.22
2022-07-11,CSNA3,14.29
2022-07-11,CURY3,7.07
2022-07-11,CXSE3,6.74
2022-07-11,CYRE3,12.44
2022-07-11,DIRR3,11.85
2022-07-11,EGIE3,41.84
2022-07-11,ELET3,42.25
2022-07-11,EMBR3,10.87
2022-07-11,ENEV3,15.23
2022-07-11,ENGI11,39.55
2022-07-11,EQTL3,22.54
2022-07-11,FLRY3,15.8
2022-07-11,GGBR4,22.94
2022-07-11,GOAU4,9.67
2022-07-11,HAPV3,6.31
2022-07-11,HYPE3,39.11
2022-07-11,IGTI11,19.16
2022-07-11,ITSA4,8.22
2022-07-11,ITUB4,22.54
2022-07-11,KLBN11,19.51
2022-07-11,LREN3,24.07
2022-07-11,MGLU3,2.63
2022-07-11,MRFG3,12.6
2022-07-11,MRVE3,8.92
2022-07-11,MULT3,23.55
2022-07-11,NTCO3,13.63
2022-07-11,PETR3,31.18
2022-07-11,PETR4,28.66
2022-07-11,POMO4,2.63
2022-07-11,PRIO3,21.92
2022-07-11,PSSA3,17.93
2022-07-11,RADL3,19.72
2022-07-11,RAIL3,15.76
2022-07-11,RDOR3,29.15
2022-07-11,RENT3,54.04
2022-07-11,SANB11,27.95
2022-07-11,SBSP3,42.44
2022-07-11,SMFT3,10.23
2022-07-11,SUZB3,47.66
2022-07-11,TAEE11,39.11
2022-07-11,TEND3,6.03
2022-07-11,TIMS3,13.44
2022-07-11,TOTS3,24.04
2022-07-11,UGPA3,11.85
2022-07-11,USIM5,8.39
2022-07-11,VALE3,72.83
2022-07-11,VAMO3,10.68
2022-07-11,VBBR3,16.13
2022-07-11,VIVA3,21.66
2022-07-11,VIVT3,47.87
2022-07-11,WEGE3,26.58
2022-07-11,YDUQ3,14.28
2022-07-12,ABEV3,13.79
2022-07-12,ASAI3,15.24
2022-07-12,AURE3,14.23
2022-07-12,B3SA3,10.54
2022-07-12,BBAS3,33.01
2022-07-12,BBDC3,14.21
2022-07-12,BBDC4,17.11
2022-07-12,BBSE3,25.21
2022-07-12,BEEF3,13.9
2022-07-12,BPAC11,22.04
2022-07-12,BRAP4,23.95
2022-07-12,CCRO3,12.03
2022-07-12,CEAB3,2.62
2022-07-12,CMIG4,10.33
2022-07-12,CMIN3,3.51
2022-07-12,COGN3,2.4
2022-07-12,CPFE3,31.07
2022-07-12,CPLE3,6.43
2022-07-12,CSAN3,17.14
2022-07-12,CSMG3,11.32
2022-07-12,CSNA3,14.24
2022-07-12,CURY3,7.47
2022-07-12,CXSE3,6.68
2022-07-12,CYRE3,13.03
2022-07-12,DIRR3,11.94
2022-07-12,EGIE3,41.6
2022-07-12,ELET3,42.89
2022-07-12,EMBR3,11.25
2022-07-12,ENEV3,15.09
2022-07-12,ENGI11,40.0
2022-07-12,EQTL3,22.63
2022-07-12,FLRY3,15.97
2022-07-12,GGBR4,23.12
2022-07-12,GOAU4,9.69
2022-07-12,HAPV3,6.49
2022-07-12,HYPE3,39.47
2022-07-12,IGTI11,19.08
2022-07-12,ITSA4,8.2
2022-07-12,ITUB4,22.49
2022-07-12,KLBN11,19.62
2022-07-12,LREN3,24.18
2022-07-12,MGLU3,2.93
2022-07-12,MRFG3,12.63
2022-07-12,MRVE3,9.17
2022-07-12,MULT3,23.73
2022-07-12,NTCO3,14.66
2022-07-12,PETR3,30.57
2022-07-12,PETR4,28.23
2022-07-12,POMO4,2.55
2022-07-12,PRIO3,22.24
2022-07-12,PSSA3,18.15
2022-07-12,RADL3,20.1
2022-07-12,RAIL3,15.68
2022-07-12,RDOR3,29.47
2022-07-12,RENT3,53.94
2022-07-12,SANB11,27.72
2022-07-12,SBSP3,42.74
2022-07-12,SMFT3,10.6
2022-07-12,SUZB3,47.6
2022-07-12,TAEE11,39.17
2022-07-12,TEND3,5.64
2022-07-12,TIMS3,13.28
2022-07-12,TOTS3,23.69
2022-07-12,UGPA3,12.05
2022-07-12,USIM5,8.33
2022-07-12,VALE3,73.05
2022-07-12,VAMO3,10.82
2022-07-12,VBBR3,16.27
2022-07-12,VIVA3,21.46
2022-07-12,VIVT3,47.64
2022-07-12,WEGE3,26.59
2022-07-12,YDUQ3,14.38
2022-07-13,ABEV3,14.57
2022-07-13,ASAI3,15.34
2022-07-13,AURE3,14.27
2022-07-13,B3SA3,10.28
2022-07-13,BBAS3,32.65
2022-07-13,BBDC3,13.94
2022-07-13,BBDC4,16.72
2022-07-13,BBSE3,25.3
2022-07-13,BEEF3,13.95
2022-07-13,BPAC11,22.2
2022-07-13,BRAP4,23.53
2022-07-13,CCRO3,11.94
2022-07-13,CEAB3,2.48
2022-07-13,CMIG4,10.41
2022-07-13,CMIN3,3.49
2022-07-13,COGN3,2.33
2022-07-13,CPFE3,30.67
2022-07-13,CPLE3,6.32
2022-07-13,CSAN3,16.77
2022-07-13,CSMG3,11.37
2022-07-13,CSNA3,14.37
2022-07-13,CURY3,7.27
2022-07-13,CXSE3,6.65
2022-07-13,CYRE3,12.94
2022-07-13,DIRR3,11.9
2022-07-13,EGIE3,41.63
2022-07-13,ELET3,43.19
2022-07-13,EMBR3,11.19
2022-07-13,ENEV3,14.85
2022-07-13,ENGI11,39.31
2022-07-13,EQTL3,22.36
2022-07-13,FLRY3,15.85
2022-07-13,GGBR4,23.26
2022-07-13,GOAU4,9.68
2022-07-13,HAPV3,6.37
2022-07-13,HYPE3,39.48
2022-07-13,IGTI11,18.71
2022-07-13,ITSA4,8.12
2022-07-13,ITUB4,22.4
2022-07-13,KLBN11,19.04
2022-07-13,LREN3,24.6
2022-07-13,MGLU3,2.83
2022-07-13,MRFG3,12.61
2022-07-13,MRVE3,9.29
2022-07-13,MULT3,24.0
2022-07-13,NTCO3,15.09
2022-07-13,PETR3,30.7
2022-07-13,PETR4,28.25
2022-07-13,POMO4,2.58
2022-07-13,PRIO3,21.59
2022-07-13,PSSA3,17.65
2022-07-13,RADL3,19.9
2022-07-13,RAIL3,15.43
2022-07-13,RDOR3,28.2
2022-07-13,RENT3,55.16
2022-07-13,SANB11,27.29
2022-07-13,SBSP3,42.46
2022-07-13,SMFT3,10.54
2022-07-13,SUZB3,46.26
2022-07-13,TAEE11,39.09
2022-07-13,TEND3,5.33
2022-07-13,TIMS3,12.99
2022-07-13,TOTS3,23.61
2022-07-13,UGPA3,12.01
2022-07-13,USIM5,8.35
2022-07-13,VALE3,72.8
2022-07-13,VAMO3,10.85
2022-07-13,VBBR3,16.71
2022-07-13,VIVA3,20.55
2022-07-13,VIVT3,47.2
2022-07-13,WEGE3,26.73
2022-07-13,YDUQ3,13.89
2022-07-14,ABEV3,14.84
2022-07-14,ASAI3,15.32
2022-07-14,AURE3,13.93
2022-07-14,B3SA3,10.28
2022-07-14,BBAS3,32.61
2022-07-14,BBDC3,13.63
2022-07-14,BBDC4,16.34
2022-07-14,BBSE3,26.39
2022-07-14,BEEF3,13.91
2022-07-14,BPAC11,21.12
2022-07-14,BRAP4,22.25
2022-07-14,CCRO3,12.12
2022-07-14,CEAB3,2.41
2022-07-14,CMIG4,10.53
2022-07-14,CMIN3,3.33
2022-07-14,COGN3,2.39
2022-07-14,CPFE3,31.29
2022-07-14,CPLE3,6.37
2022-07-14,CSAN3,17.14
2022-07-14,CSMG3,11.24
2022-07-14,CSNA3,13.45
2022-07-14,CURY3,7.23
2022-07-14,CXSE3,6.64
2022-07-14,CYRE3,12.17
2022-07-14,DIRR3,11.64
2022-07-14,EGIE3,41.81
2022-07-14,ELET3,43.6
2022-07-14,EMBR3,11.2
2022-07-14,ENEV3,14.8
2022-07-14,ENGI11,40.31
2022-07-14,EQTL3,22.46
2022-07-14,FLRY3,16.02
2022-07-14,GGBR4,22.22
2022-07-14,GOAU4,9.35
2022-07-14,HAPV3,6.13
2022-07-14,HYPE3,39.18
2022-07-14,IGTI11,18.32
2022-07-14,ITSA4,8.1
2022-07-14,ITUB4,22.15
2022-07-14,KLBN11,18.79
2022-07-14,LREN3,24.74
2022-07-14,MGLU3,2.91
2022-07-14,MRFG3,12.67
2022-07-14,MRVE3,9.01
2022-07-14,MULT3,23.81
2022-07-14,NTCO3,15.15
2022-07-14,PETR3,29.72
2022-07-14,PETR4,27.49
2022-07-14,POMO4,2.55
2022-07-14,PRIO3,20.76
2022-07-14,PSSA3,17.72
2022-07-14,RADL3,20.63
2022-07-14,RAIL3,15.4
2022-07-14,RDOR3,27.52
2022-07-14,RENT3,54.5
2022-07-14,SANB11,26.89
2022-07-14,SBSP3,42.33
2022-07-14,SMFT3,10.73
2022-07-14,SUZB3,45.0
2022-07-14,TAEE11,39.57
2022-07-14,TEND3,4.56
2022-07-14,TIMS3,12.98
2022-07-14,TOTS3,23.24
2022-07-14,UGPA3,11.93
2022-07-14,USIM5,8.05
2022-07-14,VALE3,67.95
2022-07-14,VAMO3,11.0
2022-07-14,VBBR3,16.84
2022-07-14,VIVA3,20.59
2022-07-14,VIVT3,47.27
2022-07-14,WEGE3,26.4
2022-07-14,YDUQ3,14.15
2022-07-15,ABEV3,14.59
2022-07-15,ASAI3,15.58
2022-07-15,AURE3,13.8
2022-07-15,B3SA3,10.03
2022-07-15,BBAS3,33.28
2022-07-15,BBDC3,13.75
2022-07-15,BBDC4,16.44
2022-07-15,BBSE3,27.5
2022-07-15,BEEF3,13.35
2022-07-15,BPAC11,21.6
2022-07-15,BRAP4,22.24
2022-07-15,CCRO3,11.94
2022-07-15,CEAB3,2.36
2022-07-15,CMIG4,10.45
2022-07-15,CMIN3,3.34
2022-07-15,COGN3,2.42
2022-07-15,CPFE3,31.6
2022-07-15,CPLE3,6.42
2022-07-15,CSAN3,17.23
2022-07-15,CSMG3,11.29
2022-07-15,CSNA3,13.84
2022-07-15,CURY3,7.65
2022-07-15,CXSE3,6.83
2022-07-15,CYRE3,12.15
2022-07-15,DIRR3,11.35
2022-07-15,EGIE3,41.8
2022-07-15,ELET3,44.05
2022-07-15,EMBR3,11.16
2022-07-15,ENEV3,14.96
2022-07-15,ENGI11,40.47
2022-07-15,EQTL3,22.45
2022-07-15,FLRY3,16.35
2022-07-15,GGBR4,23.54
2022-07-15,GOAU4,9.81
2022-07-15,HAPV3,5.81
2022-07-15,HYPE3,39.86
2022-07-15,IGTI11,18.6
2022-07-15,ITSA4,8.35
2022-07-15,ITUB4,22.55
2022-07-15,KLBN11,18.5
2022-07-15,LREN3,25.07
2022-07-15,MGLU3,2.78
2022-07-15,MRFG3,12.33
2022-07-15,MRVE3,9.15
2022-07-15,MULT3,24.1
2022-07-15,NTCO3,15.65
2022-07-15,PETR3,30.31
2022-07-15,PETR4,27.96
2022-07-15,POMO4,2.54
2022-07-15,PRIO3,20.7
2022-07-15,PSSA3,17.58
2022-07-15,RADL3,20.85
2022-07-15,RAIL3,15.34
2022-07-15,RDOR3,26.71
2022-07-15,RENT3,54.4
2022-07-15,SANB11,27.15
2022-07-15,SBSP3,43.21
2022-07-15,SMFT3,10.6
2022-07-15,SUZB3,43.94
2022-07-15,TAEE11,39.6
2022-07-15,TEND3,4.2
2022-07-15,TIMS3,12.92
2022-07-15,TOTS3,23.26
2022-07-15,UGPA3,11.87
2022-07-15,USIM5,8.38
2022-07-15,VALE3,68.37
2022-07-15,VAMO3,10.9
2022-07-15,VBBR3,16.82
2022-07-15,VIVA3,20.68
2022-07-15,VIVT3,47.18
2022-07-15,WEGE3,26.55
2022-07-15,YDUQ3,14.72
2022-07-18,ABEV3,14.49
2022-07-18,ASAI3,15.44
2022-07-18,AURE3,13.7
2022-07-18,B3SA3,10.27
2022-07-18,BBAS3,33.75
2022-07-18,BBDC3,13.86
2022-07-18,BBDC4,16.65
2022-07-18,BBSE3,26.87
2022-07-18,BEEF3,13.04
2022-07-18,BPAC11,21.59
2022-07-18,BRAP4,22.63
2022-07-18,CCRO3,12.16
2022-07-18,CEAB3,2.46
2022-07-18,CMIG4,10.35
2022-07-18,CMIN3,3.33
2022-07-18,COGN3,2.41
2022-07-18,CPFE3,31.8
2022-07-18,CPLE3,6.36
2022-07-18,CSAN3,17.42
2022-07-18,CSMG3,11.17
2022-07-18,CSNA3,14.01
2022-07-18,CURY3,7.23
2022-07-18,CXSE3,6.73
2022-07-18,CYRE3,12.07
2022-07-18,DIRR3,11.02
2022-07-18,EGIE3,41.88
2022-07-18,ELET3,43.89
2022-07-18,EMBR3,11.3
2022-07-18,ENEV3,14.83
2022-07-18,ENGI11,39.8
2022-07-18,EQTL3,22.49
2022-07-18,FLRY3,15.65
2022-07-18,GGBR4,23.38
2022-07-18,GOAU4,9.75
2022-07-18,HAPV3,5.69
2022-07-18,HYPE3,39.59
2022-07-18,IGTI11,18.95
2022-07-18,ITSA4,8.43
2022-07-18,ITUB4,22.85
2022-07-18,KLBN11,18.42
2022-07-18,LREN3,25.04
2022-07-18,MGLU3,2.77
2022-07-18,MRFG3,11.78
2022-07-18,MRVE3,8.99
2022-07-18,MULT3,23.93
2022-07-18,NTCO3,15.51
2022-07-18,PETR3,31.32
2022-07-18,PETR4,28.6
2022-07-18,POMO4,2.49
2022-07-18,PRIO3,22.09
2022-07-18,PSSA3,17.73
2022-07-18,RADL3,20.59
2022-07-18,RAIL3,15.79
2022-07-18,RDOR3,26.0
2022-07-18,RENT3,54.3
2022-07-18,SANB11,27.44
2022-07-18,SBSP3,42.46
2022-07-18,SMFT3,10.45
2022-07-18,SUZB3,43.76
2022-07-18,TAEE11,39.47
2022-07-18,TEND3,4.22
2022-07-18,TIMS3,12.87
2022-07-18,TOTS3,23.39
2022-07-18,UGPA3,12.02
2022-07-18,USIM5,8.47
2022-07-18,VALE3,68.73
2022-07-18,VAMO3,11.15
2022-07-18,VBBR3,16.43
2022-07-18,VIVA3,20.72
2022-07-18,VIVT3,46.91
2022-07-18,WEGE3,26.12
2022-07-18,YDUQ3,14.71
2022-07-19,ABEV3,14.48
2022-07-19,ASAI3,15.49
2022-07-19,AURE3,14.16
2022-07-19,B3SA3,10.21
2022-07-19,BBAS3,34.66
2022-07-19,BBDC3,14.33
2022-07-19,BBDC4,17.26
2022-07-19,BBSE3,27.01
2022-07-19,BEEF3,13.65
2022-07-19,BPAC11,22.71
2022-07-19,BRAP4,22.6
2022-07-19,CCRO3,12.04
2022-07-19,CEAB3,2.39
2022-07-19,CMIG4,10.39
2022-07-19,CMIN3,3.44
2022-07-19,COGN3,2.33
2022-07-19,CPFE3,31.75
2022-07-19,CPLE3,6.31
2022-07-19,CSAN3,17.47
2022-07-19,CSMG3,11.35
2022-07-19,CSNA3,14.34
2022-07-19,CURY3,7.3
2022-07-19,CXSE3,6.83
2022-07-19,CYRE3,12.13
2022-07-19,DIRR3,11.11
2022-07-19,EGIE3,41.71
2022-07-19,ELET3,44.22
2022-07-19,EMBR3,12.17
2022-07-19,ENEV3,14.48
2022-07-19,ENGI11,39.77
2022-07-19,EQTL3,22.67
2022-07-19,FLRY3,15.26
2022-07-19,GGBR4,23.99
2022-07-19,GOAU4,9.93
2022-07-19,HAPV3,5.75
2022-07-19,HYPE3,40.5
2022-07-19,IGTI11,19.06
2022-07-19,ITSA4,8.59
2022-07-19,ITUB4,23.62
2022-07-19,KLBN11,18.8
2022-07-19,LREN3,24.74
2022-07-19,MGLU3,2.79
2022-07-19,MRFG3,12.75
2022-07-19,MRVE3,9.07
2022-07-19,MULT3,23.93
2022-07-19,NTCO3,15.94
2022-07-19,PETR3,31.67
2022-07-19,PETR4,29.18
2022-07-19,POMO4,2.5
2022-07-19,PRIO3,22.36
2022-07-19,PSSA3,17.61
2022-07-19,RADL3,20.19
2022-07-19,RAIL3,15.9
2022-07-19,RDOR3,27.01
2022-07-19,RENT3,54.39
2022-07-19,SANB11,28.44
2022-07-19,SBSP3,42.61
2022-07-19,SMFT3,10.71
2022-07-19,SUZB3,45.95
2022-07-19,TAEE11,39.27
2022-07-19,TEND3,4.62
2022-07-19,TIMS3,13.06
2022-07-19,TOTS3,24.67
2022-07-19,UGPA3,12.01
2022-07-19,USIM5,8.75
2022-07-19,VALE3,68.88
2022-07-19,VAMO3,11.45
2022-07-19,VBBR3,16.13
2022-07-19,VIVA3,21.1
2022-07-19,VIVT3,47.51
2022-07-19,WEGE3,26.96
2022-07-19,YDUQ3,14.12
2022-07-20,ABEV3,14.3
2022-07-20,ASAI3,15.39
2022-07-20,AURE3,14.4
2022-07-20,B3SA3,10.54
2022-07-20,BBAS3,34.67
2022-07-20,BBDC3,14.1
2022-07-20,BBDC4,17.04
2022-07-20,BBSE3,27.34
2022-07-20,BEEF3,13.72
2022-07-20,BPAC11,22.68
2022-07-20,BRAP4,22.21
2022-07-20,CCRO3,12.13
2022-07-20,CEAB3,2.59
2022-07-20,CMIG4,10.44
2022-07-20,CMIN3,3.49
2022-07-20,COGN3,2.32
2022-07-20,CPFE3,32.29
2022-07-20,CPLE3,6.31
2022-07-20,CSAN3,17.54
2022-07-20,CSMG3,11.5
2022-07-20,CSNA3,14.43
2022-07-20,CURY3,7.28
2022-07-20,CXSE3,6.86
2022-07-20,CYRE3,12.23
2022-07-20,DIRR3,10.91
2022-07-20,EGIE3,41.8
2022-07-20,ELET3,44.37
2022-07-20,EMBR3,12.15
2022-07-20,ENEV3,14.75
2022-07-20,ENGI11,39.81
2022-07-20,EQTL3,23.17
2022-07-20,FLRY3,15.14
2022-07-20,GGBR4,23.81
2022-07-20,GOAU4,9.95
2022-07-20,HAPV3,6.06
2022-07-20,HYPE3,39.21
2022-07-20,IGTI11,18.87
2022-07-20,ITSA4,8.46
2022-07-20,ITUB4,23.32
2022-07-20,KLBN11,19.07
2022-07-20,LREN3,25.12
2022-07-20,MGLU3,3.07
2022-07-20,MRFG3,13.48
2022-07-20,MRVE3,8.97
2022-07-20,MULT3,23.9
2022-07-20,NTCO3,16.08
2022-07-20,PETR3,31.94
2022-07-20,PETR4,29.17
2022-07-20,POMO4,2.51
2022-07-20,PRIO3,22.26
2022-07-20,PSSA3,18.2
2022-07-20,RADL3,19.61
2022-07-20,RAIL3,16.01
2022-07-20,RDOR3,28.32
2022-07-20,RENT3,53.96
2022-07-20,SANB11,28.24
2022-07-20,SBSP3,42.4
2022-07-20,SMFT3,11.19
2022-07-20,SUZB3,45.0
2022-07-20,TAEE11,39.47
2022-07-20,TEND3,4.62
2022-07-20,TIMS3,12.89
2022-07-20,TOTS3,25.88
2022-07-20,UGPA3,12.72
2022-07-20,USIM5,8.99
2022-07-20,VALE3,67.39
2022-07-20,VAMO3,11.82
2022-07-20,VBBR3,17.02
2022-07-20,VIVA3,21.89
2022-07-20,VIVT3,46.89
2022-07-20,WEGE3,25.99
2022-07-20,YDUQ3,14.29
2022-07-21,ABEV3,14.56
2022-07-21,ASAI3,15.41
2022-07-21,AURE3,14.36
2022-07-21,B3SA3,11.01
2022-07-21,BBAS3,34.91
2022-07-21,BBDC3,14.27
2022-07-21,BBDC4,17.27
2022-07-21,BBSE3,27.62
2022-07-21,BEEF3,13.79
2022-07-21,BPAC11,22.63
2022-07-21,BRAP4,22.43
2022-07-21,CCRO3,12.25
2022-07-21,CEAB3,2.6
2022-07-21,CMIG4,10.51
2022-07-21,CMIN3,3.49
2022-07-21,COGN3,2.3
2022-07-21,CPFE3,32.17
2022-07-21,CPLE3,6.33
2022-07-21,CSAN3,17.77
2022-07-21,CSMG3,11.48
2022-07-21,CSNA3,14.46
2022-07-21,CURY3,7.61
2022-07-21,CXSE3,6.91
2022-07-21,CYRE3,12.34
2022-07-21,DIRR3,11.14
2022-07-21,EGIE3,41.78
2022-07-21,ELET3,44.56
2022-07-21,EMBR3,11.98
2022-07-21,ENEV3,14.53
2022-07-21,ENGI11,40.27
2022-07-21,EQTL3,23.34
2022-07-21,FLRY3,15.14
2022-07-21,GGBR4,23.84
2022-07-21,GOAU4,9.92
2022-07-21,HAPV3,6.09
2022-07-21,HYPE3,39.66
2022-07-21,IGTI11,18.49
2022-07-21,ITSA4,8.56
2022-07-21,ITUB4,23.51
2022-07-21,KLBN11,18.46
2022-07-21,LREN3,24.82
2022-07-21,MGLU3,3.01
2022-07-21,MRFG3,13.68
2022-07-21,MRVE3,8.95
2022-07-21,MULT3,23.74
2022-07-21,NTCO3,15.73
2022-07-21,PETR3,31.59
2022-07-21,PETR4,29.02
2022-07-21,POMO4,2.51
2022-07-21,PRIO3,22.84
2022-07-21,PSSA3,18.11
2022-07-21,RADL3,19.54
2022-07-21,RAIL3,16.01
2022-07-21,RDOR3,30.53
2022-07-21,RENT3,54.81
2022-07-21,SANB11,28.3
2022-07-21,SBSP3,42.38
2022-07-21,SMFT3,11.08
2022-07-21,SUZB3,45.64
2022-07-21,TAEE11,39.65
2022-07-21,TEND3,4.68
2022-07-21,TIMS3,12.91
2022-07-21,TOTS3,26.37
2022-07-21,UGPA3,12.68
2022-07-21,USIM5,9.05
2022-07-21,VALE3,68.57
2022-07-21,VAMO3,11.68
2022-07-21,VBBR3,16.98
2022-07-21,VIVA3,21.36
2022-07-21,VIVT3,46.98
2022-07-21,WEGE3,25.33
2022-07-21,YDUQ3,14.09
2022-07-22,ABEV3,14.51
2022-07-22,ASAI3,15.65
2022-07-22,AURE3,14.51
2022-07-22,B3SA3,10.72
2022-07-22,BBAS3,34.67
2022-07-22,BBDC3,14.16
2022-07-22,BBDC4,17.05
2022-07-22,BBSE3,27.88
2022-07-22,BEEF3,13.22
2022-07-22,BPAC11,22.47
2022-07-22,BRAP4,22.33
2022-07-22,CCRO3,12.28
2022-07-22,CEAB3,2.5
2022-07-22,CMIG4,10.65
2022-07-22,CMIN3,3.4
2022-07-22,COGN3,2.22
2022-07-22,CPFE3,32.14
2022-07-22,CPLE3,6.35
2022-07-22,CSAN3,17.49
2022-07-22,CSMG3,11.77
2022-07-22,CSNA3,14.41
2022-07-22,CURY3,7.37
2022-07-22,CXSE3,7.0
2022-07-22,CYRE3,12.26
2022-07-22,DIRR3,11.37
2022-07-22,EGIE3,42.17
2022-07-22,ELET3,44.63
2022-07-22,EMBR3,11.87
2022-07-22,ENEV3,14.35
2022-07-22,ENGI11,40.65
2022-07-22,EQTL3,23.05
2022-07-22,FLRY3,15.27
2022-07-22,GGBR4,23.81
2022-07-22,GOAU4,9.94
2022-07-22,HAPV3,5.95
2022-07-22,HYPE3,39.93
2022-07-22,IGTI11,18.87
2022-07-22,ITSA4,8.47
2022-07-22,ITUB4,23.26
2022-07-22,KLBN11,18.9
2022-07-22,LREN3,24.42
2022-07-22,MGLU3,2.86
2022-07-22,MRFG3,13.39
2022-07-22,MRVE3,8.68
2022-07-22,MULT3,23.98
2022-07-22,NTCO3,15.84
2022-07-22,PETR3,31.93
2022-07-22,PETR4,29.33
2022-07-22,POMO4,2.48
2022-07-22,PRIO3,22.67
2022-07-22,PSSA3,18.43
2022-07-22,RADL3,20.03
2022-07-22,RAIL3,16.09
2022-07-22,RDOR3,30.25
2022-07-22,RENT3,55.42
2022-07-22,SANB11,27.53
2022-07-22,SBSP3,43.55
2022-07-22,SMFT3,10.66
2022-07-22,SUZB3,46.91
2022-07-22,TAEE11,40.25
2022-07-22,TEND3,4.44
2022-07-22,TIMS3,12.9
2022-07-22,TOTS3,25.89
2022-07-22,UGPA3,12.46
2022-07-22,USIM5,8.91
2022-07-22,VALE3,69.21
2022-07-22,VAMO3,12.14
2022-07-22,VBBR3,16.54
2022-07-22,VIVA3,21.24
2022-07-22,VIVT3,46.83
2022-07-22,WEGE3,25.84
2022-07-22,YDUQ3,13.9
2022-07-25,ABEV3,14.68
2022-07-25,ASAI3,15.5
2022-07-25,AURE3,14.34
2022-07-25,B3SA3,10.73
2022-07-25,BBAS3,35.2
2022-07-25,BBDC3,14.31
2022-07-25,BBDC4,17.28
2022-07-25,BBSE3,28.23
2022-07-25,BEEF3,13.51
2022-07-25,BPAC11,22.61
2022-07-25,BRAP4,22.63
2022-07-25,CCRO3,12.36
2022-07-25,CEAB3,2.57
2022-07-25,CMIG4,10.82
2022-07-25,CMIN3,3.37
2022-07-25,COGN3,2.22
2022-07-25,CPFE3,32.68
2022-07-25,CPLE3,6.36
2022-07-25,CSAN3,17.69
2022-07-25,CSMG3,11.73
2022-07-25,CSNA3,14.54
2022-07-25,CURY3,7.12
2022-07-25,CXSE3,6.99
2022-07-25,CYRE3,12.25
2022-07-25,DIRR3,10.93
2022-07-25,EGIE3,43.37
2022-07-25,ELET3,44.85
2022-07-25,EMBR3,11.79
2022-07-25,ENEV3,14.49
2022-07-25,ENGI11,42.01
2022-07-25,EQTL3,23.29
2022-07-25,FLRY3,15.0
2022-07-25,GGBR4,24.29
2022-07-25,GOAU4,10.01
2022-07-25,HAPV3,5.8
2022-07-25,HYPE3,39.62
2022-07-25,IGTI11,18.75
2022-07-25,ITSA4,8.54
2022-07-25,ITUB4,23.6
2022-07-25,KLBN11,18.42
2022-07-25,LREN3,24.7
2022-07-25,MGLU3,2.79
2022-07-25,MRFG3,13.59
2022-07-25,MRVE3,8.59
2022-07-25,MULT3,23.8
2022-07-25,NTCO3,15.37
2022-07-25,PETR3,33.31
2022-07-25,PETR4,30.7
2022-07-25,POMO4,2.49
2022-07-25,PRIO3,23.61
2022-07-25,PSSA3,18.38
2022-07-25,RADL3,20.25
2022-07-25,RAIL3,16.41
2022-07-25,RDOR3,30.88
2022-07-25,RENT3,56.25
2022-07-25,SANB11,28.02
2022-07-25,SBSP3,43.78
2022-07-25,SMFT3,10.74
2022-07-25,SUZB3,46.14
2022-07-25,TAEE11,40.62
2022-07-25,TEND3,4.18
2022-07-25,TIMS3,12.65
2022-07-25,TOTS3,25.85
2022-07-25,UGPA3,12.79
2022-07-25,USIM5,8.98
2022-07-25,VALE3,70.49
2022-07-25,VAMO3,11.93
2022-07-25,VBBR3,16.26
2022-07-25,VIVA3,21.21
2022-07-25,VIVT3,46.42
2022-07-25,WEGE3,26.48
2022-07-25,YDUQ3,13.54
2022-07-26,ABEV3,14.82
2022-07-26,ASAI3,15.52
2022-07-26,AURE3,14.39
2022-07-26,B3SA3,10.73
2022-07-26,BBAS3,35.32
2022-07-26,BBDC3,14.28
2022-07-26,BBDC4,17.16
2022-07-26,BBSE3,28.41
2022-07-26,BEEF3,13.25
2022-07-26,BPAC11,21.83
2022-07-26,BRAP4,22.6
2022-07-26,CCRO3,12.44
2022-07-26,CEAB3,2.71
2022-07-26,CMIG4,10.7
2022-07-26,CMIN3,3.28
2022-07-26,COGN3,2.14
2022-07-26,CPFE3,31.52
2022-07-26,CPLE3,6.31
2022-07-26,CSAN3,17.6
2022-07-26,CSMG3,11.39
2022-07-26,CSNA3,14.36
2022-07-26,CURY3,6.88
2022-07-26,CXSE3,6.92
2022-07-26,CYRE3,12.01
2022-07-26,DIRR3,10.77
2022-07-26,EGIE3,43.32
2022-07-26,ELET3,44.65
2022-07-26,EMBR3,11.6
2022-07-26,ENEV3,14.41
2022-07-26,ENGI11,41.47
2022-07-26,EQTL3,23.48
2022-07-26,FLRY3,15.14
2022-07-26,GGBR4,24.04
2022-07-26,GOAU4,10.01
2022-07-26,HAPV3,5.5
2022-07-26,HYPE3,39.25
2022-07-26,IGTI11,18.62
2022-07-26,ITSA4,8.52
2022-07-26,ITUB4,23.47
2022-07-26,KLBN11,18.45
2022-07-26,LREN3,24.04
2022-07-26,MGLU3,2.61
2022-07-26,MRFG3,13.68
2022-07-26,MRVE3,8.46
2022-07-26,MULT3,23.54
2022-07-26,NTCO3,14.8
2022-07-26,PETR3,33.79
2022-07-26,PETR4,31.01
2022-07-26,POMO4,2.45
2022-07-26,PRIO3,23.74
2022-07-26,PSSA3,18.15
2022-07-26,RADL3,19.73
2022-07-26,RAIL3,16.49
2022-07-26,RDOR3,30.06
2022-07-26,RENT3,54.95
2022-07-26,SANB11,27.97
2022-07-26,SBSP3,43.37
2022-07-26,SMFT3,10.73
2022-07-26,SUZB3,45.52
2022-07-26,TAEE11,40.41
2022-07-26,TEND3,3.99
2022-07-26,TIMS3,12.6
2022-07-26,TOTS3,25.08
2022-07-26,UGPA3,12.44
2022-07-26,USIM5,8.79
2022-07-26,VALE3,70.36
2022-07-26,VAMO3,11.71
2022-07-26,VBBR3,16.17
2022-07-26,VIVA3,20.86
2022-07-26,VIVT3,46.39
2022-07-26,WEGE3,26.2
2022-07-26,YDUQ3,12.91
2022-07-27,ABEV3,14.98
2022-07-27,ASAI3,16.36
2022-07-27,AURE3,14.35
2022-07-27,B3SA3,10.88
2022-07-27,BBAS3,35.55
2022-07-27,BBDC3,14.36
2022-07-27,BBDC4,17.26
2022-07-27,BBSE3,28.8
2022-07-27,BEEF3,13.61
2022-07-27,BPAC11,22.26
2022-07-27,BRAP4,22.58
2022-07-27,CCRO3,12.63
2022-07-27,CEAB3,2.78
2022-07-27,CMIG4,11.26
2022-07-27,CMIN3,3.44
2022-07-27,COGN3,2.25
2022-07-27,CPFE3,32.11
2022-07-27,CPLE3,6.33
2022-07-27,CSAN3,18.38
2022-07-27,CSMG3,11.8
2022-07-27,CSNA3,14.68
2022-07-27,CURY3,7.22
2022-07-27,CXSE3,7.25
2022-07-27,CYRE3,12.35
2022-07-27,DIRR3,11.18
2022-07-27,EGIE3,44.17
2022-07-27,ELET3,45.37
2022-07-27,EMBR3,11.93
2022-07-27,ENEV3,14.9
2022-07-27,ENGI11,42.22
2022-07-27,EQTL3,24.12
2022-07-27,FLRY3,15.53
2022-07-27,GGBR4,24.01
2022-07-27,GOAU4,10.02
2022-07-27,HAPV3,5.86
2022-07-27,HYPE3,39.85
2022-07-27,IGTI11,19.63
2022-07-27,ITSA4,8.56
2022-07-27,ITUB4,23.55
2022-07-27,KLBN11,19.46
2022-07-27,LREN3,25.22
2022-07-27,MGLU3,2.7
2022-07-27,MRFG3,13.88
2022-07-27,MRVE3,8.96
2022-07-27,MULT3,24.25
2022-07-27,NTCO3,15.34
2022-07-27,PETR3,34.01
2022-07-27,PETR4,31.35
2022-07-27,POMO4,2.48
2022-07-27,PRIO3,23.69
2022-07-27,PSSA3,18.43
2022-07-27,RADL3,20.29
2022-07-27,RAIL3,17.39
2022-07-27,RDOR3,30.96
2022-07-27,RENT3,57.5
2022-07-27,SANB11,27.84
2022-07-27,SBSP3,43.91
2022-07-27,SMFT3,11.29
2022-07-27,SUZB3,46.85
2022-07-27,TAEE11,40.45
2022-07-27,TEND3,4.01
2022-07-27,TIMS3,12.4
2022-07-27,TOTS3,26.14
2022-07-27,UGPA3,12.89
2022-07-27,USIM5,8.88
2022-07-27,VALE3,70.52
2022-07-27,VAMO3,12.32
2022-07-27,VBBR3,16.89
2022-07-27,VIVA3,21.55
2022-07-27,VIVT3,44.9
2022-07-27,WEGE3,26.87
2022-07-27,YDUQ3,13.84
2022-07-28,ABEV3,15.1
2022-07-28,ASAI3,16.19
2022-07-28,AURE3,14.0
2022-07-28,B3SA3,11.26
2022-07-28,BBAS3,36.21
2022-07-28,BBDC3,14.42
2022-07-28,BBDC4,17.39
2022-07-28,BBSE3,28.87
2022-07-28,BEEF3,13.27
2022-07-28,BPAC11,22.76
2022-07-28,BRAP4,22.88
2022-07-28,CCRO3,13.01
2022-07-28,CEAB3,2.79
2022-07-28,CMIG4,11.2
2022-07-28,CMIN3,3.54
2022-07-28,COGN3,2.26
2022-07-28,CPFE3,32.34
2022-07-28,CPLE3,6.38
2022-07-28,CSAN3,18.47
2022-07-28,CSMG3,12.22
2022-07-28,CSNA3,14.83
2022-07-28,CURY3,7.9
2022-07-28,CXSE3,7.36
2022-07-28,CYRE3,12.83
2022-07-28,DIRR3,11.65
2022-07-28,EGIE3,44.03
2022-07-28,ELET3,45.45
2022-07-28,EMBR3,11.8
2022-07-28,ENEV3,15.26
2022-07-28,ENGI11,43.18
2022-07-28,EQTL3,24.49
2022-07-28,FLRY3,15.94
2022-07-28,GGBR4,24.13
2022-07-28,GOAU4,10.09
2022-07-28,HAPV3,6.13
2022-07-28,HYPE3,40.49
2022-07-28,IGTI11,19.95
2022-07-28,ITSA4,8.65
2022-07-28,ITUB4,23.7
2022-07-28,KLBN11,19.23
2022-07-28,LREN3,25.97
2022-07-28,MGLU3,2.72
2022-07-28,MRFG3,13.22
2022-07-28,MRVE3,9.36
2022-07-28,MULT3,24.6
2022-07-28,NTCO3,16.26
2022-07-28,PETR3,34.73
2022-07-28,PETR4,32.29
2022-07-28,POMO4,2.47
2022-07-28,PRIO3,23.79
2022-07-28,PSSA3,18.68
2022-07-28,RADL3,20.67
2022-07-28,RAIL3,17.55
2022-07-28,RDOR3,31.39
2022-07-28,RENT3,57.54
2022-07-28,SANB11,28.54
2022-07-28,SBSP3,44.7
2022-07-28,SMFT3,11.76
2022-07-28,SUZB3,46.95
2022-07-28,TAEE11,40.59
2022-07-28,TEND3,4.04
2022-07-28,TIMS3,12.63
2022-07-28,TOTS3,26.38
2022-07-28,UGPA3,12.77
2022-07-28,USIM5,9.04
2022-07-28,VALE3,70.69
2022-07-28,VAMO3,12.6
2022-07-28,VBBR3,16.86
2022-07-28,VIVA3,22.52
2022-07-28,VIVT3,44.88
2022-07-28,WEGE3,27.93
2022-07-28,YDUQ3,13.53
2022-07-29,ABEV3,14.93
2022-07-29,ASAI3,15.85
2022-07-29,AURE3,14.19
2022-07-29,B3SA3,11.09
2022-07-29,BBAS3,35.97
2022-07-29,BBDC3,14.47
2022-07-29,BBDC4,17.43
2022-07-29,BBSE3,28.99
2022-07-29,BEEF3,13.1
2022-07-29,BPAC11,22.53
2022-07-29,BRAP4,22.48
2022-07-29,CCRO3,12.99
2022-07-29,CEAB3,2.81
2022-07-29,CMIG4,11.24
2022-07-29,CMIN3,3.5
2022-07-29,COGN3,2.26
2022-07-29,CPFE3,32.84
2022-07-29,CPLE3,6.47
2022-07-29,CSAN3,18.67
2022-07-29,CSMG3,12.0
2022-07-29,CSNA3,14.71
2022-07-29,CURY3,8.12
2022-07-29,CXSE3,7.45
2022-07-29,CYRE3,12.63
2022-07-29,DIRR3,11.84
2022-07-29,EGIE3,44.32
2022-07-29,ELET3,45.81
2022-07-29,EMBR3,11.75
2022-07-29,ENEV3,15.21
2022-07-29,ENGI11,44.04
2022-07-29,EQTL3,24.81
2022-07-29,FLRY3,16.17
2022-07-29,GGBR4,24.46
2022-07-29,GOAU4,10.23
2022-07-29,HAPV3,6.16
2022-07-29,HYPE3,42.59
2022-07-29,IGTI11,19.76
2022-07-29,ITSA4,8.63
2022-07-29,ITUB4,23.62
2022-07-29,KLBN11,19.93
2022-07-29,LREN3,25.29
2022-07-29,MGLU3,2.58
2022-07-29,MRFG3,13.2
2022-07-29,MRVE3,9.16
2022-07-29,MULT3,23.8
2022-07-29,NTCO3,15.58
2022-07-29,PETR3,36.96
2022-07-29,PETR4,34.15
2022-07-29,POMO4,2.47
2022-07-29,PRIO3,24.22
2022-07-29,PSSA3,18.42
2022-07-29,RADL3,20.98
2022-07-29,RAIL3,17.54
2022-07-29,RDOR3,32.39
2022-07-29,RENT3,57.61
2022-07-29,SANB11,28.29
2022-07-29,SBSP3,44.67
2022-07-29,SMFT3,11.54
2022-07-29,SUZB3,48.29
2022-07-29,TAEE11,40.46
2022-07-29,TEND3,3.91
2022-07-29,TIMS3,12.59
2022-07-29,TOTS3,26.37
2022-07-29,UGPA3,12.69
2022-07-29,USIM5,8.61
2022-07-29,VALE3,69.75
2022-07-29,VAMO3,13.6
2022-07-29,VBBR3,16.65
2022-07-29,VIVA3,22.19
2022-07-29,VIVT3,44.6
2022-07-29,WEGE3,28.04
2022-07-29,YDUQ3,13.25
2022-08-01,ABEV3,14.63
2022-08-01,ASAI3,15.63
2022-08-01,AURE3,13.98
2022-08-01,B3SA3,10.87
2022-08-01,BBAS3,35.68
2022-08-01,BBDC3,14.44
2022-08-01,BBDC4,17.39
2022-08-01,BBSE3,28.94
2022-08-01,BEEF3,13.16
2022-08-01,BPAC11,22.26
2022-08-01,BRAP4,21.87
2022-08-01,CCRO3,12.91
2022-08-01,CEAB3,2.93
2022-08-01,CMIG4,11.16
2022-08-01,CMIN3,3.48
2022-08-01,COGN3,2.27
2022-08-01,CPFE3,32.95
2022-08-01,CPLE3,6.46
2022-08-01,CSAN3,18.75
2022-08-01,CSMG3,12.21
2022-08-01,CSNA3,14.13
2022-08-01,CURY3,7.7
2022-08-01,CXSE3,7.39
2022-08-01,CYRE3,12.93
2022-08-01,DIRR3,11.72
2022-08-01,EGIE3,44.43
2022-08-01,ELET3,46.5
2022-08-01,EMBR3,12.03
2022-08-01,ENEV3,15.06
2022-08-01,ENGI11,43.75
2022-08-01,EQTL3,24.77
2022-08-01,FLRY3,15.85
2022-08-01,GGBR4,23.67
2022-08-01,GOAU4,9.91
2022-08-01,HAPV3,6.12
2022-08-01,HYPE3,42.25
2022-08-01,IGTI11,19.85
2022-08-01,ITSA4,8.54
2022-08-01,ITUB4,23.47
2022-08-01,KLBN11,19.77
2022-08-01,LREN3,25.34
2022-08-01,MGLU3,2.72
2022-08-01,MRFG3,13.18
2022-08-01,MRVE3,9.36
2022-08-01,MULT3,23.61
2022-08-01,NTCO3,15.34
2022-08-01,PETR3,36.5
2022-08-01,PETR4,33.68
2022-08-01,POMO4,2.45
2022-08-01,PRIO3,23.37
2022-08-01,PSSA3,18.52
2022-08-01,RADL3,21.8
2022-08-01,RAIL3,17.54
2022-08-01,RDOR3,32.14
2022-08-01,RENT3,57.16
2022-08-01,SANB11,27.66
2022-08-01,SBSP3,44.82
2022-08-01,SMFT3,11.47
2022-08-01,SUZB3,47.47
2022-08-01,TAEE11,40.85
2022-08-01,TEND3,3.87
2022-08-01,TIMS3,12.47
2022-08-01,TOTS3,26.2
2022-08-01,UGPA3,12.9
2022-08-01,USIM5,8.2
2022-08-01,VALE3,68.08
2022-08-01,VAMO3,13.21
2022-08-01,VBBR3,16.99
2022-08-01,VIVA3,22.55
2022-08-01,VIVT3,44.61
2022-08-01,WEGE3,27.88
2022-08-01,YDUQ3,13.44
2022-08-02,ABEV3,14.71
2022-08-02,ASAI3,15.67
2022-08-02,AURE3,13.87
2022-08-02,B3SA3,10.8
2022-08-02,BBAS3,36.16
2022-08-02,BBDC3,14.64
2022-08-02,BBDC4,17.67
2022-08-02,BBSE3,29.25
2022-08-02,BEEF3,13.18
2022-08-02,BPAC11,22.47
2022-08-02,BRAP4,22.45
2022-08-02,CCRO3,13.18
2022-08-02,CEAB3,2.81
2022-08-02,CMIG4,11.31
2022-08-02,CMIN3,3.55
2022-08-02,COGN3,2.25
2022-08-02,CPFE3,32.35
2022-08-02,CPLE3,6.49
2022-08-02,CSAN3,19.03
2022-08-02,CSMG3,11.96
2022-08-02,CSNA3,14.36
2022-08-02,CURY3,7.98
2022-08-02,CXSE3,7.37
2022-08-02,CYRE3,12.54
2022-08-02,DIRR3,11.34
2022-08-02,EGIE3,44.15
2022-08-02,ELET3,46.86
2022-08-02,EMBR3,12.12
2022-08-02,ENEV3,15.15
2022-08-02,ENGI11,42.85
2022-08-02,EQTL3,24.93
2022-08-02,FLRY3,15.95
2022-08-02,GGBR4,24.4
2022-08-02,GOAU4,10.18
2022-08-02,HAPV3,6.44
2022-08-02,HYPE3,42.63
2022-08-02,IGTI11,19.94
2022-08-02,ITSA4,8.62
2022-08-02,ITUB4,23.72
2022-08-02,KLBN11,19.5
2022-08-02,LREN3,25.57
2022-08-02,MGLU3,2.71
2022-08-02,MRFG3,13.14
2022-08-02,MRVE3,9.23
2022-08-02,MULT3,23.4
2022-08-02,NTCO3,15.76
2022-08-02,PETR3,36.52
2022-08-02,PETR4,33.83
2022-08-02,POMO4,2.37
2022-08-02,PRIO3,23.39
2022-08-02,PSSA3,18.77
2022-08-02,RADL3,21.65
2022-08-02,RAIL3,17.72
2022-08-02,RDOR3,32.9
2022-08-02,RENT3,57.43
2022-08-02,SANB11,27.85
2022-08-02,SBSP3,45.0
2022-08-02,SMFT3,11.2
2022-08-02,SUZB3,47.86
2022-08-02,TAEE11,41.27
2022-08-02,TEND3,3.79
2022-08-02,TIMS3,12.29
2022-08-02,TOTS3,26.41
2022-08-02,UGPA3,12.99
2022-08-02,USIM5,8.44
2022-08-02,VALE3,70.25
2022-08-02,VAMO3,13.21
2022-08-02,VBBR3,17.16
2022-08-02,VIVA3,22.58
2022-08-02,VIVT3,44.31
2022-08-02,WEGE3,28.38
2022-08-02,YDUQ3,13.16
2022-08-03,ABEV3,14.63
2022-08-03,ASAI3,16.56
2022-08-03,AURE3,13.9
2022-08-03,B3SA3,11.16
2022-08-03,BBAS3,36.41
2022-08-03,BBDC3,14.82
2022-08-03,BBDC4,17.95
2022-08-03,BBSE3,28.56
2022-08-03,BEEF3,12.86
2022-08-03,BPAC11,23.14
2022-08-03,BRAP4,21.8
2022-08-03,CCRO3,13.44
2022-08-03,CEAB3,2.95
2022-08-03,CMIG4,11.34
2022-08-03,CMIN3,3.51
2022-08-03,COGN3,2.38
2022-08-03,CPFE3,32.07
2022-08-03,CPLE3,6.41
2022-08-03,CSAN3,19.23
2022-08-03,CSMG3,12.66
2022-08-03,CSNA3,14.16
2022-08-03,CURY3,8.15
2022-08-03,CXSE3,7.3
2022-08-03,CYRE3,13.4
2022-08-03,DIRR3,11.75
2022-08-03,EGIE3,43.13
2022-08-03,ELET3,47.01
2022-08-03,EMBR3,12.59
2022-08-03,ENEV3,15.09
2022-08-03,ENGI11,42.9
2022-08-03,EQTL3,25.0
2022-08-03,FLRY3,16.1
2022-08-03,GGBR4,23.41
2022-08-03,GOAU4,9.74
2022-08-03,HAPV3,6.54
2022-08-03,HYPE3,43.04
2022-08-03,IGTI11,20.43
2022-08-03,ITSA4,8.69
2022-08-03,ITUB4,23.89
2022-08-03,KLBN11,19.4
2022-08-03,LREN3,27.26
2022-08-03,MGLU3,2.93
2022-08-03,MRFG3,13.24
2022-08-03,MRVE3,9.98
2022-08-03,MULT3,23.85
2022-08-03,NTCO3,17.52
2022-08-03,PETR3,36.32
2022-08-03,PETR4,33.88
2022-08-03,POMO4,2.53
2022-08-03,PRIO3,23.76
2022-08-03,PSSA3,19.34
2022-08-03,RADL3,22.0
2022-08-03,RAIL3,17.96
2022-08-03,RDOR3,33.12
2022-08-03,RENT3,59.22
2022-08-03,SANB11,28.29
2022-08-03,SBSP3,45.41
2022-08-03,SMFT3,11.94
2022-08-03,SUZB3,47.33
2022-08-03,TAEE11,41.27
2022-08-03,TEND3,4.0
2022-08-03,TIMS3,12.2
2022-08-03,TOTS3,27.17
2022-08-03,UGPA3,13.46
2022-08-03,USIM5,8.44
2022-08-03,VALE3,67.52
2022-08-03,VAMO3,13.59
2022-08-03,VBBR3,17.78
2022-08-03,VIVA3,23.32
2022-08-03,VIVT3,44.6
2022-08-03,WEGE3,28.12
2022-08-03,YDUQ3,14.28
2022-08-04,ABEV3,14.68
2022-08-04,ASAI3,16.83
2022-08-04,AURE3,14.13
2022-08-04,B3SA3,11.9
2022-08-04,BBAS3,37.1
2022-08-04,BBDC3,15.18
2022-08-04,BBDC4,18.28
2022-08-04,BBSE3,28.21
2022-08-04,BEEF3,12.65
2022-08-04,BPAC11,24.55
2022-08-04,BRAP4,22.11
2022-08-04,CCRO3,13.8
2022-08-04,CEAB3,3.12
2022-08-04,CMIG4,11.67
2022-08-04,CMIN3,3.66
2022-08-04,COGN3,2.5
2022-08-04,CPFE3,33.5
2022-08-04,CPLE3,6.58
2022-08-04,CSAN3,20.21
2022-08-04,CSMG3,13.36
2022-08-04,CSNA3,14.99
2022-08-04,CURY3,8.34
2022-08-04,CXSE3,7.62
2022-08-04,CYRE3,14.93
2022-08-04,DIRR3,12.99
2022-08-04,EGIE3,42.99
2022-08-04,ELET3,48.32
2022-08-04,EMBR3,13.28
2022-08-04,ENEV3,15.69
2022-08-04,ENGI11,44.01
2022-08-04,EQTL3,25.66
2022-08-04,FLRY3,16.54
2022-08-04,GGBR4,24.15
2022-08-04,GOAU4,10.13
2022-08-04,HAPV3,6.6
2022-08-04,HYPE3,42.6
2022-08-04,IGTI11,21.55
2022-08-04,ITSA4,8.89
2022-08-04,ITUB4,24.47
2022-08-04,KLBN11,19.4
2022-08-04,LREN3,28.25
2022-08-04,MGLU3,3.34
2022-08-04,MRFG3,13.31
2022-08-04,MRVE3,11.25
2022-08-04,MULT3,25.05
2022-08-04,NTCO3,18.28
2022-08-04,PETR3,36.88
2022-08-04,PETR4,34.21
2022-08-04,POMO4,2.55
2022-08-04,PRIO3,23.35
2022-08-04,PSSA3,19.5
2022-08-04,RADL3,22.25
2022-08-04,RAIL3,18.48
2022-08-04,RDOR3,34.53
2022-08-04,RENT3,62.14
2022-08-04,SANB11,28.68
2022-08-04,SBSP3,46.84
2022-08-04,SMFT3,13.46
2022-08-04,SUZB3,47.18
2022-08-04,TAEE11,41.82
2022-08-04,TEND3,4.5
2022-08-04,TIMS3,12.5
2022-08-04,TOTS3,27.6
2022-08-04,UGPA3,13.42
2022-08-04,USIM5,8.92
2022-08-04,VALE3,67.13
2022-08-04,VAMO3,14.8
2022-08-04,VBBR3,18.36
2022-08-04,VIVA3,24.35
2022-08-04,VIVT3,45.26
2022-08-04,WEGE3,28.81
2022-08-04,YDUQ3,14.88
2022-08-05,ABEV3,14.6
2022-08-05,ASAI3,17.03
2022-08-05,AURE3,14.0
2022-08-05,B3SA3,12.07
2022-08-05,BBAS3,37.79
2022-08-05,BBDC3,15.32
2022-08-05,BBDC4,18.5
2022-08-05,BBSE3,28.48
2022-08-05,BEEF3,13.05
2022-08-05,BPAC11,24.64
2022-08-05,BRAP4,22.44
2022-08-05,CCRO3,13.79
2022-08-05,CEAB3,3.08
2022-08-05,CMIG4,11.7
2022-08-05,CMIN3,3.7
2022-08-05,COGN3,2.54
2022-08-05,CPFE3,33.37
2022-08-05,CPLE3,6.61
2022-08-05,CSAN3,19.91
2022-08-05,CSMG3,13.16
2022-08-05,CSNA3,15.39
2022-08-05,CURY3,8.59
2022-08-05,CXSE3,7.65
2022-08-05,CYRE3,14.72
2022-08-05,DIRR3,12.96
2022-08-05,EGIE3,43.23
2022-08-05,ELET3,48.13
2022-08-05,EMBR3,13.36
2022-08-05,ENEV3,15.64
2022-08-05,ENGI11,44.66
2022-08-05,EQTL3,25.48
2022-08-05,FLRY3,15.44
2022-08-05,GGBR4,24.65
2022-08-05,GOAU4,10.28
2022-08-05,HAPV3,6.45
2022-08-05,HYPE3,42.75
2022-08-05,IGTI11,21.24
2022-08-05,ITSA4,9.01
2022-08-05,ITUB4,24.93
2022-08-05,KLBN11,19.6
2022-08-05,LREN3,27.47
2022-08-05,MGLU3,3.16
2022-08-05,MRFG3,13.42
2022-08-05,MRVE3,11.39
2022-08-05,MULT3,24.8
2022-08-05,NTCO3,17.61
2022-08-05,PETR3,37.52
2022-08-05,PETR4,34.87
2022-08-05,POMO4,2.52
2022-08-05,PRIO3,24.07
2022-08-05,PSSA3,20.03
2022-08-05,RADL3,22.2
2022-08-05,RAIL3,18.31
2022-08-05,RDOR3,33.74
2022-08-05,RENT3,62.15
2022-08-05,SANB11,29.23
2022-08-05,SBSP3,46.49
2022-08-05,SMFT3,13.47
2022-08-05,SUZB3,47.79
2022-08-05,TAEE11,42.16
2022-08-05,TEND3,5.92
2022-08-05,TIMS3,12.67
2022-08-05,TOTS3,26.96
2022-08-05,UGPA3,13.3
2022-08-05,USIM5,8.76
2022-08-05,VALE3,68.0
2022-08-05,VAMO3,15.0
2022-08-05,VBBR3,18.19
2022-08-05,VIVA3,23.88
2022-08-05,VIVT3,45.45
2022-08-05,WEGE3,28.83
2022-08-05,YDUQ3,14.99
2022-08-08,ABEV3,14.8
2022-08-08,ASAI3,17.32
2022-08-08,AURE3,14.01
2022-08-08,B3SA3,12.45
2022-08-08,BBAS3,38.98
2022-08-08,BBDC3,15.36
2022-08-08,BBDC4,18.56
2022-08-08,BBSE3,29.49
2022-08-08,BEEF3,13.56
2022-08-08,BPAC11,24.86
2022-08-08,BRAP4,22.44
2022-08-08,CCRO3,14.1
2022-08-08,CEAB3,3.01
2022-08-08,CMIG4,11.92
2022-08-08,CMIN3,3.7
2022-08-08,COGN3,2.58
2022-08-08,CPFE3,33.7
2022-08-08,CPLE3,6.61
2022-08-08,CSAN3,20.07
2022-08-08,CSMG3,12.98
2022-08-08,CSNA3,15.26
2022-08-08,CURY3,8.65
2022-08-08,CXSE3,7.96
2022-08-08,CYRE3,14.71
2022-08-08,DIRR3,12.9
2022-08-08,EGIE3,42.71
2022-08-08,ELET3,48.29
2022-08-08,EMBR3,13.73
2022-08-08,ENEV3,15.37
2022-08-08,ENGI11,46.53
2022-08-08,EQTL3,25.45
2022-08-08,FLRY3,15.63
2022-08-08,GGBR4,24.85
2022-08-08,GOAU4,10.41
2022-08-08,HAPV3,6.83
2022-08-08,HYPE3,42.96
2022-08-08,IGTI11,21.44
2022-08-08,ITSA4,9.13
2022-08-08,ITUB4,25.24
2022-08-08,KLBN11,19.77
2022-08-08,LREN3,27.5
2022-08-08,MGLU3,3.27
2022-08-08,MRFG3,13.21
2022-08-08,MRVE3,11.17
2022-08-08,MULT3,25.16
2022-08-08,NTCO3,18.19
2022-08-08,PETR3,39.33
2022-08-08,PETR4,36.63
2022-08-08,POMO4,2.5
2022-08-08,PRIO3,24.65
2022-08-08,PSSA3,21.43
2022-08-08,RADL3,22.19
2022-08-08,RAIL3,18.4
2022-08-08,RDOR3,35.97
2022-08-08,RENT3,63.4
2022-08-08,SANB11,29.4
2022-08-08,SBSP3,47.41
2022-08-08,SMFT3,13.63
2022-08-08,SUZB3,48.58
2022-08-08,TAEE11,42.59
2022-08-08,TEND3,5.2
2022-08-08,TIMS3,12.68
2022-08-08,TOTS3,28.22
2022-08-08,UGPA3,13.5
2022-08-08,USIM5,8.79
2022-08-08,VALE3,68.58
2022-08-08,VAMO3,15.43
2022-08-08,VBBR3,18.11
2022-08-08,VIVA3,23.95
2022-08-08,VIVT3,45.72
2022-08-08,WEGE3,29.73
2022-08-08,YDUQ3,15.45
2022-08-09,ABEV3,14.74
2022-08-09,ASAI3,17.25
2022-08-09,AURE3,13.95
2022-08-09,B3SA3,12.25
2022-08-09,BBAS3,39.63
2022-08-09,BBDC3,15.6
2022-08-09,BBDC4,18.83
2022-08-09,BBSE3,29.79
2022-08-09,BEEF3,12.75
2022-08-09,BPAC11,24.34
2022-08-09,BRAP4,22.6
2022-08-09,CCRO3,13.83
2022-08-09,CEAB3,2.89
2022-08-09,CMIG4,12.18
2022-08-09,CMIN3,3.75
2022-08-09,COGN3,2.55
2022-08-09,CPFE3,33.39
2022-08-09,CPLE3,6.67
2022-08-09,CSAN3,20.0
2022-08-09,CSMG3,12.92
2022-08-09,CSNA3,15.44
2022-08-09,CURY3,8.5
2022-08-09,CXSE3,7.91
2022-08-09,CYRE3,14.72
2022-08-09,DIRR3,12.25
2022-08-09,EGIE3,42.87
2022-08-09,ELET3,48.33
2022-08-09,EMBR3,13.68
2022-08-09,ENEV3,15.19
2022-08-09,ENGI11,46.05
2022-08-09,EQTL3,25.56
2022-08-09,FLRY3,15.76
2022-08-09,GGBR4,25.25
2022-08-09,GOAU4,10.51
2022-08-09,HAPV3,6.48
2022-08-09,HYPE3,42.07
2022-08-09,IGTI11,21.21
2022-08-09,ITSA4,9.3
2022-08-09,ITUB4,25.9
2022-08-09,KLBN11,19.78
2022-08-09,LREN3,26.86
2022-08-09,MGLU3,3.08
2022-08-09,MRFG3,12.7
2022-08-09,MRVE3,10.9
2022-08-09,MULT3,25.12
2022-08-09,NTCO3,16.44
2022-08-09,PETR3,39.85
2022-08-09,PETR4,37.23
2022-08-09,POMO4,2.5
2022-08-09,PRIO3,25.05
2022-08-09,PSSA3,21.74
2022-08-09,RADL3,22.21
2022-08-09,RAIL3,18.0
2022-08-09,RDOR3,34.77
2022-08-09,RENT3,61.8
2022-08-09,SANB11,29.6
2022-08-09,SBSP3,46.58
2022-08-09,SMFT3,12.73
2022-08-09,SUZB3,49.07
2022-08-09,TAEE11,43.1
2022-08-09,TEND3,5.24
2022-08-09,TIMS3,12.87
2022-08-09,TOTS3,28.1
2022-08-09,UGPA3,13.66
2022-08-09,USIM5,8.97
2022-08-09,VALE3,70.0
2022-08-09,VAMO3,15.35
2022-08-09,VBBR3,18.02
2022-08-09,VIVA3,22.6
2022-08-09,VIVT3,46.3
2022-08-09,WEGE3,29.58
2022-08-09,YDUQ3,15.05
2022-08-10,ABEV3,15.16
2022-08-10,ASAI3,17.54
2022-08-10,AURE3,14.11
2022-08-10,B3SA3,12.37
2022-08-10,BBAS3,39.97
2022-08-10,BBDC3,15.85
2022-08-10,BBDC4,19.13
2022-08-10,BBSE3,29.45
2022-08-10,BEEF3,12.83
2022-08-10,BPAC11,26.07
2022-08-10,BRAP4,22.89
2022-08-10,CCRO3,14.09
2022-08-10,CEAB3,3.05
2022-08-10,CMIG4,12.22
2022-08-10,CMIN3,3.88
2022-08-10,COGN3,2.64
2022-08-10,CPFE3,33.8
2022-08-10,CPLE3,6.45
2022-08-10,CSAN3,21.01
2022-08-10,CSMG3,13.42
2022-08-10,CSNA3,15.73
2022-08-10,CURY3,9.25
2022-08-10,CXSE3,7.96
2022-08-10,CYRE3,15.11
2022-08-10,DIRR3,12.98
2022-08-10,EGIE3,42.94
2022-08-10,ELET3,47.98
2022-08-10,EMBR3,14.19
2022-08-10,ENEV3,15.64
2022-08-10,ENGI11,45.2
2022-08-10,EQTL3,25.47
2022-08-10,FLRY3,16.45
2022-08-10,GGBR4,25.38
2022-08-10,GOAU4,10.63
2022-08-10,HAPV3,6.85
2022-08-10,HYPE3,43.0
2022-08-10,IGTI11,21.62
2022-08-10,ITSA4,9.35
2022-08-10,ITUB4,26.38
2022-08-10,KLBN11,19.72
2022-08-10,LREN3,27.97
2022-08-10,MGLU3,3.29
2022-08-10,MRFG3,12.95
2022-08-10,MRVE3,11.36
2022-08-10,MULT3,26.0
2022-08-10,NTCO3,16.22
2022-08-10,PETR3,39.71
2022-08-10,PETR4,37.11
2022-08-10,POMO4,2.61
2022-08-10,PRIO3,24.8
2022-08-10,PSSA3,21.63
2022-08-10,RADL3,22.4
2022-08-10,RAIL3,18.4
2022-08-10,RDOR3,35.69
2022-08-10,RENT3,63.85
2022-08-10,SANB11,30.17
2022-08-10,SBSP3,47.17
2022-08-10,SMFT3,13.81
2022-08-10,SUZB3,49.02
2022-08-10,TAEE11,43.15
2022-08-10,TEND3,5.45
2022-08-10,TIMS3,12.92
2022-08-10,TOTS3,30.21
2022-08-10,UGPA3,14.03
2022-08-10,USIM5,9.11
2022-08-10,VALE3,70.05
2022-08-10,VAMO3,15.7
2022-08-10,VBBR3,18.55
2022-08-10,VIVA3,24.39
2022-08-10,VIVT3,46.4
2022-08-10,WEGE3,30.68
2022-08-10,YDUQ3,16.11
2022-08-11,ABEV3,15.13
2022-08-11,ASAI3,17.64
2022-08-11,AURE3,13.91
2022-08-11,B3SA3,12.15
2022-08-11,BBAS3,41.74
2022-08-11,BBDC3,15.93
2022-08-11,BBDC4,19.29
2022-08-11,BBSE3,30.29
2022-08-11,BEEF3,13.77
2022-08-11,BPAC11,26.06
2022-08-11,BRAP4,23.32
2022-08-11,CCRO3,13.76
2022-08-11,CEAB3,3.31
2022-08-11,CMIG4,12.19
2022-08-11,CMIN3,3.88
2022-08-11,COGN3,2.61
2022-08-11,CPFE3,33.01
2022-08-11,CPLE3,6.41
2022-08-11,CSAN3,20.31
2022-08-11,CSMG3,13.18
2022-08-11,CSNA3,16.19
2022-08-11,CURY3,8.95
2022-08-11,CXSE3,7.95
2022-08-11,CYRE3,14.47
2022-08-11,DIRR3,12.42
2022-08-11,EGIE3,42.78
2022-08-11,ELET3,46.96
2022-08-11,EMBR3,14.3
2022-08-11,ENEV3,15.49
2022-08-11,ENGI11,44.65
2022-08-11,EQTL3,24.19
2022-08-11,FLRY3,16.06
2022-08-11,GGBR4,25.58
2022-08-11,GOAU4,10.72
2022-08-11,HAPV3,6.6
2022-08-11,HYPE3,41.61
2022-08-11,IGTI11,21.12
2022-08-11,ITSA4,9.32
2022-08-11,ITUB4,26.42
2022-08-11,KLBN11,19.76
2022-08-11,LREN3,27.24
2022-08-11,MGLU3,3.04
2022-08-11,MRFG3,13.65
2022-08-11,MRVE3,10.11
2022-08-11,MULT3,25.42
2022-08-11,NTCO3,15.93
2022-08-11,PETR3,38.96
2022-08-11,PETR4,36.25
2022-08-11,POMO4,2.56
2022-08-11,PRIO3,25.36
2022-08-11,PSSA3,21.31
2022-08-11,RADL3,22.2
2022-08-11,RAIL3,18.42
2022-08-11,RDOR3,34.69
2022-08-11,RENT3,62.91
2022-08-11,SANB11,30.2
2022-08-11,SBSP3,45.88
2022-08-11,SMFT3,13.75
2022-08-11,SUZB3,49.45
2022-08-11,TAEE11,42.15
2022-08-11,TEND3,5.23
2022-08-11,TIMS3,12.89
2022-08-11,TOTS3,29.81
2022-08-11,UGPA3,13.6
2022-08-11,USIM5,9.35
2022-08-11,VALE3,72.49
2022-08-11,VAMO3,15.67
2022-08-11,VBBR3,18.08
2022-08-11,VIVA3,24.12
2022-08-11,VIVT3,46.1
2022-08-11,WEGE3,30.13
2022-08-11,YDUQ3,15.45
2022-08-12,ABEV3,15.21
2022-08-12,ASAI3,18.0
2022-08-12,AURE3,14.15
2022-08-12,B3SA3,13.1
2022-08-12,BBAS3,44.1
2022-08-12,BBDC3,16.22
2022-08-12,BBDC4,19.53
2022-08-12,BBSE3,30.58
2022-08-12,BEEF3,14.07
2022-08-12,BPAC11,26.15
2022-08-12,BRAP4,23.5
2022-08-12,CCRO3,14.69
2022-08-12,CEAB3,3.34
2022-08-12,CMIG4,12.42
2022-08-12,CMIN3,3.94
2022-08-12,COGN3,2.7
2022-08-12,CPFE3,34.23
2022-08-12,CPLE3,6.46
2022-08-12,CSAN3,21.04
2022-08-12,CSMG3,12.96
2022-08-12,CSNA3,16.69
2022-08-12,CURY3,8.75
2022-08-12,CXSE3,8.18
2022-08-12,CYRE3,14.59
2022-08-12,DIRR3,12.6
2022-08-12,EGIE3,42.88
2022-08-12,ELET3,46.9
2022-08-12,EMBR3,14.69
2022-08-12,ENEV3,15.5
2022-08-12,ENGI11,45.75
2022-08-12,EQTL3,24.47
2022-08-12,FLRY3,16.18
2022-08-12,GGBR4,26.1
2022-08-12,GOAU4,10.9
2022-08-12,HAPV3,7.72
2022-08-12,HYPE3,42.51
2022-08-12,IGTI11,21.08
2022-08-12,ITSA4,9.44
2022-08-12,ITUB4,26.74
2022-08-12,KLBN11,20.29
2022-08-12,LREN3,27.69
2022-08-12,MGLU3,3.58
2022-08-12,MRFG3,14.3
2022-08-12,MRVE3,10.38
2022-08-12,MULT3,25.82
2022-08-12,NTCO3,14.28
2022-08-12,PETR3,34.88
2022-08-12,PETR4,31.71
2022-08-12,POMO4,2.53
2022-08-12,PRIO3,25.87
2022-08-12,PSSA3,21.46
2022-08-12,RADL3,22.38
2022-08-12,RAIL3,19.38
2022-08-12,RDOR3,36.27
2022-08-12,RENT3,63.49
2022-08-12,SANB11,30.5
2022-08-12,SBSP3,43.85
2022-08-12,SMFT3,14.5
2022-08-12,SUZB3,50.17
2022-08-12,TAEE11,42.66
2022-08-12,TEND3,5.22
2022-08-12,TIMS3,12.74
2022-08-12,TOTS3,30.54
2022-08-12,UGPA3,14.16
2022-08-12,USIM5,9.51
2022-08-12,VALE3,69.8
2022-08-12,VAMO3,16.13
2022-08-12,VBBR3,19.16
2022-08-12,VIVA3,25.12
2022-08-12,VIVT3,46.01
2022-08-12,WEGE3,30.9
2022-08-12,YDUQ3,15.55
2022-08-15,ABEV3,15.42
2022-08-15,ASAI3,18.2
2022-08-15,AURE3,14.32
2022-08-15,B3SA3,13.2
2022-08-15,BBAS3,42.99
2022-08-15,BBDC3,16.02
2022-08-15,BBDC4,19.43
2022-08-15,BBSE3,30.75
2022-08-15,BEEF3,14.1
2022-08-15,BPAC11,26.42
2022-08-15,BRAP4,23.04
2022-08-15,CCRO3,14.57
2022-08-15,CEAB3,3.84
2022-08-15,CMIG4,12.31
2022-08-15,CMIN3,3.89
2022-08-15,COGN3,2.74
2022-08-15,CPFE3,34.82
2022-08-15,CPLE3,6.45
2022-08-15,CSAN3,21.08
2022-08-15,CSMG3,13.53
2022-08-15,CSNA3,15.93
2022-08-15,CURY3,9.29
2022-08-15,CXSE3,8.61
2022-08-15,CYRE3,15.49
2022-08-15,DIRR3,13.39
2022-08-15,EGIE3,43.3
2022-08-15,ELET3,48.68
2022-08-15,EMBR3,14.95
2022-08-15,ENEV3,15.6
2022-08-15,ENGI11,46.71
2022-08-15,EQTL3,25.04
2022-08-15,FLRY3,16.72
2022-08-15,GGBR4,25.73
2022-08-15,GOAU4,10.78
2022-08-15,HAPV3,7.98
2022-08-15,HYPE3,41.78
2022-08-15,IGTI11,21.0
2022-08-15,ITSA4,9.45
2022-08-15,ITUB4,26.97
2022-08-15,KLBN11,19.78
2022-08-15,LREN3,28.63
2022-08-15,MGLU3,4.04
2022-08-15,MRFG3,14.65
2022-08-15,MRVE3,11.26
2022-08-15,MULT3,26.13
2022-08-15,NTCO3,15.0
2022-08-15,PETR3,34.76
2022-08-15,PETR4,31.72
2022-08-15,POMO4,2.52
2022-08-15,PRIO3,25.33
2022-08-15,PSSA3,21.89
2022-08-15,RADL3,22.3
2022-08-15,RAIL3,19.66
2022-08-15,RDOR3,39.0
2022-08-15,RENT3,64.22
2022-08-15,SANB11,29.78
2022-08-15,SBSP3,44.62
2022-08-15,SMFT3,15.4
2022-08-15,SUZB3,48.87
2022-08-15,TAEE11,43.38
2022-08-15,TEND3,6.44
2022-08-15,TIMS3,12.48
2022-08-15,TOTS3,30.22
2022-08-15,UGPA3,13.95
2022-08-15,USIM5,9.28
2022-08-15,VALE3,68.3
2022-08-15,VAMO3,15.89
2022-08-15,VBBR3,19.14
2022-08-15,VIVA3,25.29
2022-08-15,VIVT3,45.09
2022-08-15,WEGE3,30.34
2022-08-15,YDUQ3,15.9
2022-08-16,ABEV3,15.5
2022-08-16,ASAI3,18.09
2022-08-16,AURE3,14.1
2022-08-16,B3SA3,13.12
2022-08-16,BBAS3,43.2
2022-08-16,BBDC3,16.3
2022-08-16,BBDC4,19.71
2022-08-16,BBSE3,30.49
2022-08-16,BEEF3,14.37
2022-08-16,BPAC11,26.29
2022-08-16,BRAP4,23.55
2022-08-16,CCRO3,14.3
2022-08-16,CEAB3,3.63
2022-08-16,CMIG4,12.35
2022-08-16,CMIN3,3.85
2022-08-16,COGN3,2.67
2022-08-16,CPFE3,34.84
2022-08-16,CPLE3,6.49
2022-08-16,CSAN3,21.0
2022-08-16,CSMG3,13.38
2022-08-16,CSNA3,16.0
2022-08-16,CURY3,8.8
2022-08-16,CXSE3,9.28
2022-08-16,CYRE3,15.38
2022-08-16,DIRR3,12.88
2022-08-16,EGIE3,43.08
2022-08-16,ELET3,48.44
2022-08-16,EMBR3,15.18
2022-08-16,ENEV3,15.61
2022-08-16,ENGI11,46.92
2022-08-16,EQTL3,24.97
2022-08-16,FLRY3,16.69
2022-08-16,GGBR4,24.43
2022-08-16,GOAU4,10.19
2022-08-16,HAPV3,7.84
2022-08-16,HYPE3,41.94
2022-08-16,IGTI11,20.9
2022-08-16,ITSA4,9.49
2022-08-16,ITUB4,27.24
2022-08-16,KLBN11,20.3
2022-08-16,LREN3,28.06
2022-08-16,MGLU3,4.15
2022-08-16,MRFG3,15.35
2022-08-16,MRVE3,11.09
2022-08-16,MULT3,25.94
2022-08-16,NTCO3,14.68
2022-08-16,PETR3,35.16
2022-08-16,PETR4,32.01
2022-08-16,POMO4,2.5
2022-08-16,PRIO3,24.32
2022-08-16,PSSA3,21.55
2022-08-16,RADL3,22.53
2022-08-16,RAIL3,19.71
2022-08-16,RDOR3,37.45
2022-08-16,RENT3,63.0
2022-08-16,SANB11,29.96
2022-08-16,SBSP3,44.45
2022-08-16,SMFT3,15.15
2022-08-16,SUZB3,49.91
2022-08-16,TAEE11,41.4
2022-08-16,TEND3,5.92
2022-08-16,TIMS3,12.54
2022-08-16,TOTS3,29.59
2022-08-16,UGPA3,13.73
2022-08-16,USIM5,9.25
2022-08-16,VALE3,69.95
2022-08-16,VAMO3,15.76
2022-08-16,VBBR3,18.74
2022-08-16,VIVA3,24.5
2022-08-16,VIVT3,45.28
2022-08-16,WEGE3,30.59
2022-08-16,YDUQ3,14.03
2022-08-17,ABEV3,15.55
2022-08-17,ASAI3,17.93
2022-08-17,AURE3,14.35
2022-08-17,B3SA3,12.87
2022-08-17,BBAS3,42.81
2022-08-17,BBDC3,16.36
2022-08-17,BBDC4,19.74
2022-08-17,BBSE3,30.22
2022-08-17,BEEF3,14.48
2022-08-17,BPAC11,26.36
2022-08-17,BRAP4,23.26
2022-08-17,CCRO3,14.25
2022-08-17,CEAB3,3.55
2022-08-17,CMIG4,13.05
2022-08-17,CMIN3,4.02
2022-08-17,COGN3,2.65
2022-08-17,CPFE3,35.58
2022-08-17,CPLE3,6.66
2022-08-17,CSAN3,21.27
2022-08-17,CSMG3,13.75
2022-08-17,CSNA3,16.27
2022-08-17,CURY3,8.7
2022-08-17,CXSE3,9.13
2022-08-17,CYRE3,15.3
2022-08-17,DIRR3,13.14
2022-08-17,EGIE3,42.72
2022-08-17,ELET3,49.6
2022-08-17,EMBR3,15.1
2022-08-17,ENEV3,15.68
2022-08-17,ENGI11,47.48
2022-08-17,EQTL3,25.32
2022-08-17,FLRY3,16.3
2022-08-17,GGBR4,24.71
2022-08-17,GOAU4,10.31
2022-08-17,HAPV3,7.61
2022-08-17,HYPE3,41.85
2022-08-17,IGTI11,21.18
2022-08-17,ITSA4,9.5
2022-08-17,ITUB4,27.35
2022-08-17,KLBN11,20.73
2022-08-17,LREN3,27.65
2022-08-17,MGLU3,4.02
2022-08-17,MRFG3,15.55
2022-08-17,MRVE3,11.03
2022-08-17,MULT3,25.89
2022-08-17,NTCO3,14.31
2022-08-17,PETR3,36.33
2022-08-17,PETR4,32.76
2022-08-17,POMO4,2.5
2022-08-17,PRIO3,24.34
2022-08-17,PSSA3,21.35
2022-08-17,RADL3,23.44
2022-08-17,RAIL3,19.88
2022-08-17,RDOR3,35.85
2022-08-17,RENT3,63.7
2022-08-17,SANB11,30.13
2022-08-17,SBSP3,46.33
2022-08-17,SMFT3,15.7
2022-08-17,SUZB3,51.0
2022-08-17,TAEE11,42.04
2022-08-17,TEND3,5.8
2022-08-17,TIMS3,12.63
2022-08-17,TOTS3,30.07
2022-08-17,UGPA3,13.7
2022-08-17,USIM5,9.37
2022-08-17,VALE3,68.23
2022-08-17,VAMO3,15.9
2022-08-17,VBBR3,18.56
2022-08-17,VIVA3,24.97
2022-08-17,VIVT3,45.32
2022-08-17,WEGE3,30.43
2022-08-17,YDUQ3,13.25
2022-08-18,ABEV3,16.0
2022-08-18,ASAI3,18.12
2022-08-18,AURE3,14.3
2022-08-18,B3SA3,12.85
2022-08-18,BBAS3,41.82
2022-08-18,BBDC3,16.43
2022-08-18,BBDC4,19.86
2022-08-18,BBSE3,28.67
2022-08-18,BEEF3,14.51
2022-08-18,BPAC11,26.21
2022-08-18,BRAP4,23.12
2022-08-18,CCRO3,14.2
2022-08-18,CEAB3,3.3
2022-08-18,CMIG4,12.86
2022-08-18,CMIN3,3.93
2022-08-18,COGN3,2.58
2022-08-18,CPFE3,36.3
2022-08-18,CPLE3,6.62
2022-08-18,CSAN3,21.25
2022-08-18,CSMG3,13.66
2022-08-18,CSNA3,15.82
2022-08-18,CURY3,8.15
2022-08-18,CXSE3,9.03
2022-08-18,CYRE3,15.02
2022-08-18,DIRR3,12.82
2022-08-18,EGIE3,42.33
2022-08-18,ELET3,49.42
2022-08-18,EMBR3,15.28
2022-08-18,ENEV3,15.7
2022-08-18,ENGI11,47.24
2022-08-18,EQTL3,25.19
2022-08-18,FLRY3,16.25
2022-08-18,GGBR4,24.22
2022-08-18,GOAU4,10.13
2022-08-18,HAPV3,7.94
2022-08-18,HYPE3,41.07
2022-08-18,IGTI11,21.1
2022-08-18,ITSA4,9.5
2022-08-18,ITUB4,27.27
2022-08-18,KLBN11,20.74
2022-08-18,LREN3,27.65
2022-08-18,MGLU3,4.03
2022-08-18,MRFG3,15.5
2022-08-18,MRVE3,10.57
2022-08-18,MULT3,26.09
2022-08-18,NTCO3,15.07
2022-08-18,PETR3,36.81
2022-08-18,PETR4,33.42
2022-08-18,POMO4,2.49
2022-08-18,PRIO3,24.64
2022-08-18,PSSA3,20.51
2022-08-18,RADL3,23.33
2022-08-18,RAIL3,19.96
2022-08-18,RDOR3,35.8
2022-08-18,RENT3,64.0
2022-08-18,SANB11,30.45
2022-08-18,SBSP3,46.46
2022-08-18,SMFT3,16.03
2022-08-18,SUZB3,50.64
2022-08-18,TAEE11,41.9
2022-08-18,TEND3,6.16
2022-08-18,TIMS3,12.47
2022-08-18,TOTS3,31.08
2022-08-18,UGPA3,13.73
2022-08-18,USIM5,9.19
2022-08-18,VALE3,67.72
2022-08-18,VAMO3,15.99
2022-08-18,VBBR3,18.37
2022-08-18,VIVA3,24.77
2022-08-18,VIVT3,44.79
2022-08-18,WEGE3,30.84
2022-08-18,YDUQ3,12.55
2022-08-19,ABEV3,15.66
2022-08-19,ASAI3,17.78
2022-08-19,AURE3,14.19
2022-08-19,B3SA3,12.51
2022-08-19,BBAS3,41.05
2022-08-19,BBDC3,16.21
2022-08-19,BBDC4,19.61
2022-08-19,BBSE3,28.5
2022-08-19,BEEF3,14.88
2022-08-19,BPAC11,25.84
2022-08-19,BRAP4,22.79
2022-08-19,CCRO3,14.03
2022-08-19,CEAB3,3.09
2022-08-19,CMIG4,12.82
2022-08-19,CMIN3,3.73
2022-08-19,COGN3,2.59
2022-08-19,CPFE3,36.19
2022-08-19,CPLE3,6.56
2022-08-19,CSAN3,20.83
2022-08-19,CSMG3,13.42
2022-08-19,CSNA3,15.37
2022-08-19,CURY3,8.13
2022-08-19,CXSE3,9.16
2022-08-19,CYRE3,14.13
2022-08-19,DIRR3,11.97
2022-08-19,EGIE3,41.8
2022-08-19,ELET3,48.17
2022-08-19,EMBR3,14.58
2022-08-19,ENEV3,15.42
2022-08-19,ENGI11,47.05
2022-08-19,EQTL3,24.96
2022-08-19,FLRY3,16.31
2022-08-19,GGBR4,23.73
2022-08-19,GOAU4,9.91
2022-08-19,HAPV3,7.66
2022-08-19,HYPE3,41.77
2022-08-19,IGTI11,20.74
2022-08-19,ITSA4,9.4
2022-08-19,ITUB4,26.64
2022-08-19,KLBN11,20.69
2022-08-19,LREN3,27.13
2022-08-19,MGLU3,3.78
2022-08-19,MRFG3,15.51
2022-08-19,MRVE3,9.8
2022-08-19,MULT3,25.87
2022-08-19,NTCO3,14.47
2022-08-19,PETR3,35.31
2022-08-19,PETR4,31.73
2022-08-19,POMO4,2.44
2022-08-19,PRIO3,23.97
2022-08-19,PSSA3,20.73
2022-08-19,RADL3,22.8
2022-08-19,RAIL3,19.33
2022-08-19,RDOR3,34.83
2022-08-19,RENT3,62.75
2022-08-19,SANB11,30.01
2022-08-19,SBSP3,46.57
2022-08-19,SMFT3,15.25
2022-08-19,SUZB3,49.97
2022-08-19,TAEE11,41.5
2022-08-19,TEND3,5.75
2022-08-19,TIMS3,12.26
2022-08-19,TOTS3,30.8
2022-08-19,UGPA3,13.57
2022-08-19,USIM5,9.05
2022-08-19,VALE3,66.96
2022-08-19,VAMO3,15.1
2022-08-19,VBBR3,18.68
2022-08-19,VIVA3,23.96
2022-08-19,VIVT3,44.37
2022-08-19,WEGE3,29.85
2022-08-19,YDUQ3,12.33
2022-08-22,ABEV3,15.42
2022-08-22,ASAI3,18.02
2022-08-22,AURE3,14.12
2022-08-22,B3SA3,12.3
2022-08-22,BBAS3,41.47
2022-08-22,BBDC3,16.03
2022-08-22,BBDC4,19.34
2022-08-22,BBSE3,28.56
2022-08-22,BEEF3,14.53
2022-08-22,BPAC11,25.4
2022-08-22,BRAP4,22.44
2022-08-22,CCRO3,14.21
2022-08-22,CEAB3,2.99
2022-08-22,CMIG4,12.8
2022-08-22,CMIN3,3.65
2022-08-22,COGN3,2.56
2022-08-22,CPFE3,36.25
2022-08-22,CPLE3,6.6
2022-08-22,CSAN3,20.46
2022-08-22,CSMG3,13.38
2022-08-22,CSNA3,14.86
2022-08-22,CURY3,8.15
2022-08-22,CXSE3,9.0
2022-08-22,CYRE3,14.07
2022-08-22,DIRR3,11.88
2022-08-22,EGIE3,41.29
2022-08-22,ELET3,47.58
2022-08-22,EMBR3,13.9
2022-08-22,ENEV3,14.93
2022-08-22,ENGI11,46.52
2022-08-22,EQTL3,24.69
2022-08-22,FLRY3,16.03
2022-08-22,GGBR4,23.14
2022-08-22,GOAU4,9.73
2022-08-22,HAPV3,7.31
2022-08-22,HYPE3,42.44
2022-08-22,IGTI11,20.73
2022-08-22,ITSA4,9.32
2022-08-22,ITUB4,26.34
2022-08-22,KLBN11,20.26
2022-08-22,LREN3,26.57
2022-08-22,MGLU3,3.82
2022-08-22,MRFG3,14.63
2022-08-22,MRVE3,9.64
2022-08-22,MULT3,25.76
2022-08-22,NTCO3,14.01
2022-08-22,PETR3,35.87
2022-08-22,PETR4,32.41
2022-08-22,POMO4,2.45
2022-08-22,PRIO3,23.42
2022-08-22,PSSA3,20.9
2022-08-22,RADL3,22.68
2022-08-22,RAIL3,19.24
2022-08-22,RDOR3,33.73
2022-08-22,RENT3,61.98
2022-08-22,SANB11,29.6
2022-08-22,SBSP3,46.36
2022-08-22,SMFT3,14.9
2022-08-22,SUZB3,48.73
2022-08-22,TAEE11,41.46
2022-08-22,TEND3,5.75
2022-08-22,TIMS3,12.38
2022-08-22,TOTS3,30.1
2022-08-22,UGPA3,13.58
2022-08-22,USIM5,8.85
2022-08-22,VALE3,65.98
2022-08-22,VAMO3,14.68
2022-08-22,VBBR3,18.11
2022-08-22,VIVA3,23.91
2022-08-22,VIVT3,44.33
2022-08-22,WEGE3,28.95
2022-08-22,YDUQ3,12.14
2022-08-23,ABEV3,15.44
2022-08-23,ASAI3,17.86
2022-08-23,AURE3,14.33
2022-08-23,B3SA3,12.43
2022-08-23,BBAS3,41.52
2022-08-23,BBDC3,16.12
2022-08-23,BBDC4,19.48
2022-08-23,BBSE3,28.5
2022-08-23,BEEF3,14.69
2022-08-23,BPAC11,25.88
2022-08-23,BRAP4,23.65
2022-08-23,CCRO3,13.98
2022-08-23,CEAB3,3.1
2022-08-23,CMIG4,12.86
2022-08-23,CMIN3,3.91
2022-08-23,COGN3,2.58
2022-08-23,CPFE3,35.96
2022-08-23,CPLE3,6.65
2022-08-23,CSAN3,20.63
2022-08-23,CSMG3,13.36
2022-08-23,CSNA3,16.24
2022-08-23,CURY3,8.37
2022-08-23,CXSE3,9.21
2022-08-23,CYRE3,14.35
2022-08-23,DIRR3,12.15
2022-08-23,EGIE3,41.2
2022-08-23,ELET3,47.61
2022-08-23,EMBR3,14.01
2022-08-23,ENEV3,15.13
2022-08-23,ENGI11,45.97
2022-08-23,EQTL3,24.74
2022-08-23,FLRY3,16.12
2022-08-23,GGBR4,24.52
2022-08-23,GOAU4,10.24
2022-08-23,HAPV3,7.4
2022-08-23,HYPE3,42.49
2022-08-23,IGTI11,20.45
2022-08-23,ITSA4,9.32
2022-08-23,ITUB4,26.41
2022-08-23,KLBN11,20.61
2022-08-23,LREN3,27.0
2022-08-23,MGLU3,4.15
2022-08-23,MRFG3,14.53
2022-08-23,MRVE3,9.93
2022-08-23,MULT3,25.1
2022-08-23,NTCO3,14.77
2022-08-23,PETR3,37.22
2022-08-23,PETR4,33.44
2022-08-23,POMO4,2.47
2022-08-23,PRIO3,25.11
2022-08-23,PSSA3,21.06
2022-08-23,RADL3,22.83
2022-08-23,RAIL3,19.56
2022-08-23,RDOR3,34.18
2022-08-23,RENT3,63.27
2022-08-23,SANB11,29.75
2022-08-23,SBSP3,47.19
2022-08-23,SMFT3,15.52
2022-08-23,SUZB3,49.51
2022-08-23,TAEE11,41.34
2022-08-23,TEND3,6.03
2022-08-23,TIMS3,12.27
2022-08-23,TOTS3,30.48
2022-08-23,UGPA3,13.72
2022-08-23,USIM5,9.71
2022-08-23,VALE3,70.21
2022-08-23,VAMO3,14.41
2022-08-23,VBBR3,18.41
2022-08-23,VIVA3,25.12
2022-08-23,VIVT3,44.11
2022-08-23,WEGE3,28.8
2022-08-23,YDUQ3,12.28
2022-08-24,ABEV3,15.8
2022-08-24,ASAI3,17.8
2022-08-24,AURE3,14.18
2022-08-24,B3SA3,12.46
2022-08-24,BBAS3,40.83
2022-08-24,BBDC3,16.06
2022-08-24,BBDC4,19.37
2022-08-24,BBSE3,28.5
2022-08-24,BEEF3,15.52
2022-08-24,BPAC11,26.11
2022-08-24,BRAP4,23.07
2022-08-24,CCRO3,13.98
2022-08-24,CEAB3,3.28
2022-08-24,CMIG4,12.85
2022-08-24,CMIN3,3.93
2022-08-24,COGN3,2.57
2022-08-24,CPFE3,35.79
2022-08-24,CPLE3,6.64
2022-08-24,CSAN3,20.86
2022-08-24,CSMG3,13.51
2022-08-24,CSNA3,15.95
2022-08-24,CURY3,8.99
2022-08-24,CXSE3,9.26
2022-08-24,CYRE3,14.6
2022-08-24,DIRR3,12.8
2022-08-24,EGIE3,41.3
2022-08-24,ELET3,47.48
2022-08-24,EMBR3,14.33
2022-08-24,ENEV3,15.49
2022-08-24,ENGI11,44.02
2022-08-24,EQTL3,24.63
2022-08-24,FLRY3,16.5
2022-08-24,GGBR4,24.32
2022-08-24,GOAU4,10.17
2022-08-24,HAPV3,7.79
2022-08-24,HYPE3,44.02
2022-08-24,IGTI11,20.47
2022-08-24,ITSA4,9.29
2022-08-24,ITUB4,26.52
2022-08-24,KLBN11,20.38
2022-08-24,LREN3,27.23
2022-08-24,MGLU3,4.5
2022-08-24,MRFG3,14.37
2022-08-24,MRVE3,10.25
2022-08-24,MULT3,25.16
2022-08-24,NTCO3,16.0
2022-08-24,PETR3,37.47
2022-08-24,PETR4,33.64
2022-08-24,POMO4,2.53
2022-08-24,PRIO3,25.98
2022-08-24,PSSA3,21.5
2022-08-24,RADL3,22.55
2022-08-24,RAIL3,20.0
2022-08-24,RDOR3,34.7
2022-08-24,RENT3,63.86
2022-08-24,SANB11,29.88
2022-08-24,SBSP3,47.72
2022-08-24,SMFT3,16.29
2022-08-24,SUZB3,47.91
2022-08-24,TAEE11,40.92
2022-08-24,TEND3,6.36
2022-08-24,TIMS3,12.06
2022-08-24,TOTS3,30.91
2022-08-24,UGPA3,14.19
2022-08-24,USIM5,9.36
2022-08-24,VALE3,67.95
2022-08-24,VAMO3,14.57
2022-08-24,VBBR3,18.63
2022-08-24,VIVA3,25.31
2022-08-24,VIVT3,43.4
2022-08-24,WEGE3,28.79
2022-08-24,YDUQ3,12.6
2022-08-25,ABEV3,15.82
2022-08-25,ASAI3,17.95
2022-08-25,AURE3,14.1
2022-08-25,B3SA3,12.77
2022-08-25,BBAS3,41.8
2022-08-25,BBDC3,16.17
2022-08-25,BBDC4,19.51
2022-08-25,BBSE3,28.15
2022-08-25,BEEF3,16.06
2022-08-25,BPAC11,25.88
2022-08-25,BRAP4,23.51
2022-08-25,CCRO3,14.01
2022-08-25,CEAB3,3.27
2022-08-25,CMIG4,12.63
2022-08-25,CMIN3,3.92
2022-08-25,COGN3,2.67
2022-08-25,CPFE3,35.6
2022-08-25,CPLE3,6.57
2022-08-25,CSAN3,20.77
2022-08-25,CSMG3,13.4
2022-08-25,CSNA3,15.96
2022-08-25,CURY3,8.9
2022-08-25,CXSE3,9.12
2022-08-25,CYRE3,14.52
2022-08-25,DIRR3,12.6
2022-08-25,EGIE3,40.61
2022-08-25,ELET3,46.79
2022-08-25,EMBR3,14.73
2022-08-25,ENEV3,15.38
2022-08-25,ENGI11,42.8
2022-08-25,EQTL3,24.45
2022-08-25,FLRY3,16.75
2022-08-25,GGBR4,24.67
2022-08-25,GOAU4,10.32
2022-08-25,HAPV3,8.07
2022-08-25,HYPE3,43.9
2022-08-25,IGTI11,20.92
2022-08-25,ITSA4,9.38
2022-08-25,ITUB4,26.85
2022-08-25,KLBN11,20.09
2022-08-25,LREN3,27.6
2022-08-25,MGLU3,4.68
2022-08-25,MRFG3,14.31
2022-08-25,MRVE3,10.26
2022-08-25,MULT3,25.5
2022-08-25,NTCO3,16.64
2022-08-25,PETR3,37.09
2022-08-25,PETR4,33.28
2022-08-25,POMO4,2.52
2022-08-25,PRIO3,26.39
2022-08-25,PSSA3,22.09
2022-08-25,RADL3,22.62
2022-08-25,RAIL3,20.29
2022-08-25,RDOR3,34.45
2022-08-25,RENT3,63.65
2022-08-25,SANB11,30.23
2022-08-25,SBSP3,48.46
2022-08-25,SMFT3,16.37
2022-08-25,SUZB3,47.32
2022-08-25,TAEE11,40.37
2022-08-25,TEND3,6.1
2022-08-25,TIMS3,12.06
2022-08-25,TOTS3,30.93
2022-08-25,UGPA3,14.05
2022-08-25,USIM5,9.29
2022-08-25,VALE3,69.27
2022-08-25,VAMO3,14.51
2022-08-25,VBBR3,18.67
2022-08-25,VIVA3,25.69
2022-08-25,VIVT3,42.85
2022-08-25,WEGE3,28.95
2022-08-25,YDUQ3,13.0
2022-08-26,ABEV3,15.67
2022-08-26,ASAI3,17.95
2022-08-26,AURE3,14.11
2022-08-26,B3SA3,12.43
2022-08-26,BBAS3,41.59
2022-08-26,BBDC3,16.09
2022-08-26,BBDC4,19.44
2022-08-26,BBSE3,28.4
2022-08-26,BEEF3,16.02
2022-08-26,BPAC11,25.35
2022-08-26,BRAP4,23.09
2022-08-26,CCRO3,13.86
2022-08-26,CEAB3,3.15
2022-08-26,CMIG4,12.32
2022-08-26,CMIN3,3.84
2022-08-26,COGN3,2.64
2022-08-26,CPFE3,35.3
2022-08-26,CPLE3,6.53
2022-08-26,CSAN3,20.31
2022-08-26,CSMG3,13.17
2022-08-26,CSNA3,15.01
2022-08-26,CURY3,8.82
2022-08-26,CXSE3,9.21
2022-08-26,CYRE3,14.25
2022-08-26,DIRR3,12.51
2022-08-26,EGIE3,40.5
2022-08-26,ELET3,46.35
2022-08-26,EMBR3,14.52
2022-08-26,ENEV3,15.27
2022-08-26,ENGI11,42.49
2022-08-26,EQTL3,23.99
2022-08-26,FLRY3,16.39
2022-08-26,GGBR4,24.06
2022-08-26,GOAU4,10.06
2022-08-26,HAPV3,8.06
2022-08-26,HYPE3,43.26
2022-08-26,IGTI11,20.27
2022-08-26,ITSA4,9.35
2022-08-26,ITUB4,26.69
2022-08-26,KLBN11,19.67
2022-08-26,LREN3,27.8
2022-08-26,MGLU3,4.58
2022-08-26,MRFG3,14.21
2022-08-26,MRVE3,10.21
2022-08-26,MULT3,25.05
2022-08-26,NTCO3,15.52
2022-08-26,PETR3,37.46
2022-08-26,PETR4,33.64
2022-08-26,POMO4,2.62
2022-08-26,PRIO3,26.56
2022-08-26,PSSA3,22.04
2022-08-26,RADL3,22.19
2022-08-26,RAIL3,20.03
2022-08-26,RDOR3,33.46
2022-08-26,RENT3,61.55
2022-08-26,SANB11,30.07
2022-08-26,SBSP3,47.67
2022-08-26,SMFT3,15.94
2022-08-26,SUZB3,45.35
2022-08-26,TAEE11,40.24
2022-08-26,TEND3,5.93
2022-08-26,TIMS3,11.91
2022-08-26,TOTS3,29.49
2022-08-26,UGPA3,14.03
2022-08-26,USIM5,8.67
2022-08-26,VALE3,68.23
2022-08-26,VAMO3,14.28
2022-08-26,VBBR3,18.41
2022-08-26,VIVA3,25.52
2022-08-26,VIVT3,42.24
2022-08-26,WEGE3,28.81
2022-08-26,YDUQ3,12.76
2022-08-29,ABEV3,15.61
2022-08-29,ASAI3,18.36
2022-08-29,AURE3,14.19
2022-08-29,B3SA3,12.34
2022-08-29,BBAS3,42.45
2022-08-29,BBDC3,16.14
2022-08-29,BBDC4,19.51
2022-08-29,BBSE3,28.22
2022-08-29,BEEF3,16.03
2022-08-29,BPAC11,25.79
2022-08-29,BRAP4,22.87
2022-08-29,CCRO3,14.07
2022-08-29,CEAB3,3.37
2022-08-29,CMIG4,12.25
2022-08-29,CMIN3,3.79
2022-08-29,COGN3,2.59
2022-08-29,CPFE3,35.3
2022-08-29,CPLE3,6.5
2022-08-29,CSAN3,20.67
2022-08-29,CSMG3,13.48
2022-08-29,CSNA3,14.5
2022-08-29,CURY3,8.94
2022-08-29,CXSE3,9.13
2022-08-29,CYRE3,14.55
2022-08-29,DIRR3,12.85
2022-08-29,EGIE3,40.35
2022-08-29,ELET3,46.66
2022-08-29,EMBR3,14.38
2022-08-29,ENEV3,15.62
2022-08-29,ENGI11,43.42
2022-08-29,EQTL3,24.03
2022-08-29,FLRY3,16.47
2022-08-29,GGBR4,23.96
2022-08-29,GOAU4,10.08
2022-08-29,HAPV3,7.67
2022-08-29,HYPE3,43.54
2022-08-29,IGTI11,20.13
2022-08-29,ITSA4,9.29
2022-08-29,ITUB4,26.6
2022-08-29,KLBN11,19.52
2022-08-29,LREN3,27.53
2022-08-29,MGLU3,4.52
2022-08-29,MRFG3,14.02
2022-08-29,MRVE3,10.45
2022-08-29,MULT3,24.83
2022-08-29,NTCO3,15.06
2022-08-29,PETR3,38.27
2022-08-29,PETR4,34.48
2022-08-29,POMO4,2.66
2022-08-29,PRIO3,27.23
2022-08-29,PSSA3,22.4
2022-08-29,RADL3,22.12
2022-08-29,RAIL3,20.09
2022-08-29,RDOR3,33.06
2022-08-29,RENT3,61.35
2022-08-29,SANB11,30.0
2022-08-29,SBSP3,48.09
2022-08-29,SMFT3,16.15
2022-08-29,SUZB3,45.29
2022-08-29,TAEE11,40.72
2022-08-29,TEND3,6.17
2022-08-29,TIMS3,11.84
2022-08-29,TOTS3,29.54
2022-08-29,UGPA3,14.13
2022-08-29,USIM5,8.22
2022-08-29,VALE3,66.91
2022-08-29,VAMO3,14.37
2022-08-29,VBBR3,18.94
2022-08-29,VIVA3,25.69
2022-08-29,VIVT3,42.29
2022-08-29,WEGE3,28.37
2022-08-29,YDUQ3,12.76
2022-08-30,ABEV3,15.39
2022-08-30,ASAI3,18.3
2022-08-30,AURE3,14.06
2022-08-30,B3SA3,12.19
2022-08-30,BBAS3,42.33
2022-08-30,BBDC3,16.13
2022-08-30,BBDC4,19.45
2022-08-30,BBSE3,28.23
2022-08-30,BEEF3,15.72
2022-08-30,BPAC11,25.77
2022-08-30,BRAP4,22.04
2022-08-30,CCRO3,13.89
2022-08-30,CEAB3,3.3
2022-08-30,CMIG4,11.9
2022-08-30,CMIN3,3.62
2022-08-30,COGN3,2.53
2022-08-30,CPFE3,35.05
2022-08-30,CPLE3,6.4
2022-08-30,CSAN3,20.15
2022-08-30,CSMG3,13.36
2022-08-30,CSNA3,14.04
2022-08-30,CURY3,8.87
2022-08-30,CXSE3,9.06
2022-08-30,CYRE3,14.45
2022-08-30,DIRR3,12.78
2022-08-30,EGIE3,40.23
2022-08-30,ELET3,46.04
2022-08-30,EMBR3,14.27
2022-08-30,ENEV3,15.55
2022-08-30,ENGI11,43.21
2022-08-30,EQTL3,24.02
2022-08-30,FLRY3,16.07
2022-08-30,GGBR4,23.54
2022-08-30,GOAU4,9.97
2022-08-30,HAPV3,7.55
2022-08-30,HYPE3,43.8
2022-08-30,IGTI11,19.86
2022-08-30,ITSA4,9.34
2022-08-30,ITUB4,26.48
2022-08-30,KLBN11,19.21
2022-08-30,LREN3,27.39
2022-08-30,MGLU3,4.51
2022-08-30,MRFG3,13.49
2022-08-30,MRVE3,10.25
2022-08-30,MULT3,24.61
2022-08-30,NTCO3,14.74
2022-08-30,PETR3,36.11
2022-08-30,PETR4,32.43
2022-08-30,POMO4,2.67
2022-08-30,PRIO3,26.87
2022-08-30,PSSA3,22.12
2022-08-30,RADL3,22.15
2022-08-30,RAIL3,20.13
2022-08-30,RDOR3,33.0
2022-08-30,RENT3,62.23
2022-08-30,SANB11,30.05
2022-08-30,SBSP3,47.9
2022-08-30,SMFT3,15.41
2022-08-30,SUZB3,45.11
2022-08-30,TAEE11,40.71
2022-08-30,TEND3,6.09
2022-08-30,TIMS3,11.89
2022-08-30,TOTS3,28.97
2022-08-30,UGPA3,13.9
2022-08-30,USIM5,8.05
2022-08-30,VALE3,64.97
2022-08-30,VAMO3,14.32
2022-08-30,VBBR3,19.08
2022-08-30,VIVA3,25.46
2022-08-30,VIVT3,42.22
2022-08-30,WEGE3,28.39
2022-08-30,YDUQ3,12.53
2022-08-31,ABEV3,15.27
2022-08-31,ASAI3,18.39
2022-08-31,AURE3,15.37
2022-08-31,B3SA3,11.85
2022-08-31,BBAS3,41.69
2022-08-31,BBDC3,15.84
2022-08-31,BBDC4,18.96
2022-08-31,BBSE3,28.28
2022-08-31,BEEF3,15.45
2022-08-31,BPAC11,25.45
2022-08-31,BRAP4,21.89
2022-08-31,CCRO3,13.79
2022-08-31,CEAB3,3.23
2022-08-31,CMIG4,12.1
2022-08-31,CMIN3,3.62
2022-08-31,COGN3,2.48
2022-08-31,CPFE3,34.97
2022-08-31,CPLE3,6.56
2022-08-31,CSAN3,19.98
2022-08-31,CSMG3,13.5
2022-08-31,CSNA3,13.8
2022-08-31,CURY3,8.97
2022-08-31,CXSE3,9.11
2022-08-31,CYRE3,14.16
2022-08-31,DIRR3,12.95
2022-08-31,EGIE3,40.5
2022-08-31,ELET3,46.11
2022-08-31,EMBR3,13.82
2022-08-31,ENEV3,15.5
2022-08-31,ENGI11,42.29
2022-08-31,EQTL3,24.18
2022-08-31,FLRY3,15.76
2022-08-31,GGBR4,23.32
2022-08-31,GOAU4,9.97
2022-08-31,HAPV3,7.28
2022-08-31,HYPE3,43.07
2022-08-31,IGTI11,19.68
2022-08-31,ITSA4,9.15
2022-08-31,ITUB4,25.81
2022-08-31,KLBN11,18.83
2022-08-31,LREN3,26.47
2022-08-31,MGLU3,4.27
2022-08-31,MRFG3,13.15
2022-08-31,MRVE3,10.27
2022-08-31,MULT3,24.1
2022-08-31,NTCO3,14.42
2022-08-31,PETR3,37.17
2022-08-31,PETR4,33.23
2022-08-31,POMO4,2.62
2022-08-31,PRIO3,27.31
2022-08-31,PSSA3,21.11
2022-08-31,RADL3,21.76
2022-08-31,RAIL3,20.21
2022-08-31,RDOR3,33.33
2022-08-31,RENT3,60.82
2022-08-31,SANB11,29.37
2022-08-31,SBSP3,49.15
2022-08-31,SMFT3,16.64
2022-08-31,SUZB3,44.26
2022-08-31,TAEE11,41.68
2022-08-31,TEND3,5.84
2022-08-31,TIMS3,11.83
2022-08-31,TOTS3,28.55
2022-08-31,UGPA3,13.53
2022-08-31,USIM5,8.02
2022-08-31,VALE3,64.5
2022-08-31,VAMO3,14.11
2022-08-31,VBBR3,18.36
2022-08-31,VIVA3,25.35
2022-08-31,VIVT3,41.14
2022-08-31,WEGE3,28.29
2022-08-31,YDUQ3,12.31
2022-09-01,ABEV3,15.43
2022-09-01,ASAI3,18.77
2022-09-01,AURE3,14.88
2022-09-01,B3SA3,12.1
2022-09-01,BBAS3,42.33
2022-09-01,BBDC3,15.84
2022-09-01,BBDC4,19.12
2022-09-01,BBSE3,28.79
2022-09-01,BEEF3,15.18
2022-09-01,BPAC11,25.73
2022-09-01,BRAP4,21.5
2022-09-01,CCRO3,13.79
2022-09-01,CEAB3,3.41
2022-09-01,CMIG4,12.12
2022-09-01,CMIN3,3.6
2022-09-01,COGN3,2.58
2022-09-01,CPFE3,35.65
2022-09-01,CPLE3,6.71
2022-09-01,CSAN3,19.67
2022-09-01,CSMG3,13.64
2022-09-01,CSNA3,13.57
2022-09-01,CURY3,9.2
2022-09-01,CXSE3,8.92
2022-09-01,CYRE3,15.14
2022-09-01,DIRR3,13.5
2022-09-01,EGIE3,40.84
2022-09-01,ELET3,46.81
2022-09-01,EMBR3,13.49
2022-09-01,ENEV3,15.88
2022-09-01,ENGI11,43.55
2022-09-01,EQTL3,24.45
2022-09-01,FLRY3,16.18
2022-09-01,GGBR4,23.35
2022-09-01,GOAU4,9.92
2022-09-01,HAPV3,7.51
2022-09-01,HYPE3,43.72
2022-09-01,IGTI11,20.13
2022-09-01,ITSA4,9.16
2022-09-01,ITUB4,26.19
2022-09-01,KLBN11,18.6
2022-09-01,LREN3,26.57
2022-09-01,MGLU3,4.37
2022-09-01,MRFG3,13.08
2022-09-01,MRVE3,11.05
2022-09-01,MULT3,24.38
2022-09-01,NTCO3,14.43
2022-09-01,PETR3,37.84
2022-09-01,PETR4,33.85
2022-09-01,POMO4,2.7
2022-09-01,PRIO3,27.2
2022-09-01,PSSA3,21.72
2022-09-01,RADL3,22.25
2022-09-01,RAIL3,20.37
2022-09-01,RDOR3,34.06
2022-09-01,RENT3,62.6
2022-09-01,SANB11,29.46
2022-09-01,SBSP3,49.0
2022-09-01,SMFT3,16.3
2022-09-01,SUZB3,44.0
2022-09-01,TAEE11,42.26
2022-09-01,TEND3,6.15
2022-09-01,TIMS3,11.73
2022-09-01,TOTS3,28.59
2022-09-01,UGPA3,13.63
2022-09-01,USIM5,8.16
2022-09-01,VALE3,63.89
2022-09-01,VAMO3,14.68
2022-09-01,VBBR3,18.6
2022-09-01,VIVA3,26.5
2022-09-01,VIVT3,41.26
2022-09-01,WEGE3,28.38
2022-09-01,YDUQ3,12.62
2022-09-02,ABEV3,15.48
2022-09-02,ASAI3,18.9
2022-09-02,AURE3,14.99
2022-09-02,B3SA3,12.64
2022-09-02,BBAS3,42.53
2022-09-02,BBDC3,15.93
2022-09-02,BBDC4,19.31
2022-09-02,BBSE3,28.46
2022-09-02,BEEF3,15.02
2022-09-02,BPAC11,25.99
2022-09-02,BRAP4,21.67
2022-09-02,CCRO3,13.96
2022-09-02,CEAB3,3.58
2022-09-02,CMIG4,12.11
2022-09-02,CMIN3,3.56
2022-09-02,COGN3,2.57
2022-09-02,CPFE3,35.77
2022-09-02,CPLE3,6.66
2022-09-02,CSAN3,19.69
2022-09-02,CSMG3,14.09
2022-09-02,CSNA3,13.42
2022-09-02,CURY3,9.53
2022-09-02,CXSE3,9.09
2022-09-02,CYRE3,16.33
2022-09-02,DIRR3,14.45
2022-09-02,EGIE3,40.58
2022-09-02,ELET3,46.51
2022-09-02,EMBR3,13.35
2022-09-02,ENEV3,15.95
2022-09-02,ENGI11,43.66
2022-09-02,EQTL3,24.39
2022-09-02,FLRY3,16.65
2022-09-02,GGBR4,24.07
2022-09-02,GOAU4,10.2
2022-09-02,HAPV3,7.86
2022-09-02,HYPE3,43.76
2022-09-02,IGTI11,20.73
2022-09-02,ITSA4,9.3
2022-09-02,ITUB4,26.55
2022-09-02,KLBN11,18.56
2022-09-02,LREN3,26.7
2022-09-02,MGLU3,4.26
2022-09-02,MRFG3,13.29
2022-09-02,MRVE3,11.95
2022-09-02,MULT3,24.49
2022-09-02,NTCO3,14.88
2022-09-02,PETR3,37.29
2022-09-02,PETR4,33.42
2022-09-02,POMO4,2.72
2022-09-02,PRIO3,27.75
2022-09-02,PSSA3,21.88
2022-09-02,RADL3,22.55
2022-09-02,RAIL3,20.26
2022-09-02,RDOR3,34.0
2022-09-02,RENT3,62.82
2022-09-02,SANB11,29.54
2022-09-02,SBSP3,49.38
2022-09-02,SMFT3,16.56
2022-09-02,SUZB3,43.52
2022-09-02,TAEE11,42.12
2022-09-02,TEND3,7.16
2022-09-02,TIMS3,11.92
2022-09-02,TOTS3,28.97
2022-09-02,UGPA3,13.7
2022-09-02,USIM5,8.27
2022-09-02,VALE3,62.92
2022-09-02,VAMO3,14.56
2022-09-02,VBBR3,18.82
2022-09-02,VIVA3,25.73
2022-09-02,VIVT3,41.54
2022-09-02,WEGE3,30.21
2022-09-02,YDUQ3,12.49
2022-09-05,ABEV3,15.55
2022-09-05,ASAI3,19.45
2022-09-05,AURE3,15.14
2022-09-05,B3SA3,12.85
2022-09-05,BBAS3,41.63
2022-09-05,BBDC3,16.06
2022-09-05,BBDC4,19.35
2022-09-05,BBSE3,28.68
2022-09-05,BEEF3,15.11
2022-09-05,BPAC11,26.45
2022-09-05,BRAP4,22.24
2022-09-05,CCRO3,14.28
2022-09-05,CEAB3,3.6
2022-09-05,CMIG4,12.11
2022-09-05,CMIN3,3.64
2022-09-05,COGN3,2.63
2022-09-05,CPFE3,36.23
2022-09-05,CPLE3,6.69
2022-09-05,CSAN3,19.56
2022-09-05,CSMG3,13.88
2022-09-05,CSNA3,13.69
2022-09-05,CURY3,9.85
2022-09-05,CXSE3,9.02
2022-09-05,CYRE3,16.3
2022-09-05,DIRR3,14.7
2022-09-05,EGIE3,40.69
2022-09-05,ELET3,46.45
2022-09-05,EMBR3,13.14
2022-09-05,ENEV3,16.02
2022-09-05,ENGI11,44.2
2022-09-05,EQTL3,25.23
2022-09-05,FLRY3,17.13
2022-09-05,GGBR4,24.42
2022-09-05,GOAU4,10.39
2022-09-05,HAPV3,7.84
2022-09-05,HYPE3,43.65
2022-09-05,IGTI11,20.94
2022-09-05,ITSA4,9.41
2022-09-05,ITUB4,26.98
2022-09-05,KLBN11,18.84
2022-09-05,LREN3,26.97
2022-09-05,MGLU3,4.32
2022-09-05,MRFG3,12.97
2022-09-05,MRVE3,11.87
2022-09-05,MULT3,24.51
2022-09-05,NTCO3,15.4
2022-09-05,PETR3,37.21
2022-09-05,PETR4,33.33
2022-09-05,POMO4,2.67
2022-09-05,PRIO3,29.54
2022-09-05,PSSA3,21.89
2022-09-05,RADL3,22.65
2022-09-05,RAIL3,20.57
2022-09-05,RDOR3,34.97
2022-09-05,RENT3,63.5
2022-09-05,SANB11,29.9
2022-09-05,SBSP3,50.47
2022-09-05,SMFT3,16.8
2022-09-05,SUZB3,44.73
2022-09-05,TAEE11,42.26
2022-09-05,TEND3,7.3
2022-09-05,TIMS3,11.89
2022-09-05,TOTS3,29.09
2022-09-05,UGPA3,13.76
2022-09-05,USIM5,8.33
2022-09-05,VALE3,65.22
2022-09-05,VAMO3,15.6
2022-09-05,VBBR3,19.0
2022-09-05,VIVA3,26.75
2022-09-05,VIVT3,41.78
2022-09-05,WEGE3,30.9
2022-09-05,YDUQ3,12.45
2022-09-06,ABEV3,15.56
2022-09-06,ASAI3,19.47
2022-09-06,AURE3,14.79
2022-09-06,B3SA3,12.39
2022-09-06,BBAS3,39.63
2022-09-06,BBDC3,15.91
2022-09-06,BBDC4,19.23
2022-09-06,BBSE3,28.8
2022-09-06,BEEF3,14.8
2022-09-06,BPAC11,25.8
2022-09-06,BRAP4,21.62
2022-09-06,CCRO3,13.92
2022-09-06,CEAB3,3.44
2022-09-06,CMIG4,11.86
2022-09-06,CMIN3,3.55
2022-09-06,COGN3,2.56
2022-09-06,CPFE3,36.2
2022-09-06,CPLE3,6.58
2022-09-06,CSAN3,18.83
2022-09-06,CSMG3,13.39
2022-09-06,CSNA3,13.19
2022-09-06,CURY3,9.67
2022-09-06,CXSE3,8.95
2022-09-06,CYRE3,15.64
2022-09-06,DIRR3,13.93
2022-09-06,EGIE3,40.43
2022-09-06,ELET3,45.16
2022-09-06,EMBR3,13.05
2022-09-06,ENEV3,15.75
2022-09-06,ENGI11,43.6
2022-09-06,EQTL3,24.92
2022-09-06,FLRY3,16.69
2022-09-06,GGBR4,24.1
2022-09-06,GOAU4,10.21
2022-09-06,HAPV3,7.81
2022-09-06,HYPE3,42.93
2022-09-06,IGTI11,20.55
2022-09-06,ITSA4,9.25
2022-09-06,ITUB4,26.73
2022-09-06,KLBN11,18.7
2022-09-06,LREN3,26.03
2022-09-06,MGLU3,4.0
2022-09-06,MRFG3,12.67
2022-09-06,MRVE3,10.86
2022-09-06,MULT3,24.41
2022-09-06,NTCO3,14.77
2022-09-06,PETR3,35.9
2022-09-06,PETR4,32.1
2022-09-06,POMO4,2.61
2022-09-06,PRIO3,28.72
2022-09-06,PSSA3,21.5
2022-09-06,RADL3,22.55
2022-09-06,RAIL3,20.21
2022-09-06,RDOR3,33.51
2022-09-06,RENT3,61.75
2022-09-06,SANB11,29.72
2022-09-06,SBSP3,49.1
2022-09-06,SMFT3,15.71
2022-09-06,SUZB3,44.98
2022-09-06,TAEE11,42.0
2022-09-06,TEND3,6.73
2022-09-06,TIMS3,12.15
2022-09-06,TOTS3,28.18
2022-09-06,UGPA3,13.41
2022-09-06,USIM5,8.12
2022-09-06,VALE3,63.67
2022-09-06,VAMO3,14.3
2022-09-06,VBBR3,18.59
2022-09-06,VIVA3,25.85
2022-09-06,VIVT3,42.1
2022-09-06,WEGE3,30.29
2022-09-06,YDUQ3,12.0
2022-09-08,ABEV3,15.5
2022-09-08,ASAI3,19.1
2022-09-08,AURE3,14.6
2022-09-08,B3SA3,13.0
2022-09-08,BBAS3,39.46
2022-09-08,BBDC3,15.85
2022-09-08,BBDC4,19.12
2022-09-08,BBSE3,28.58
2022-09-08,BEEF3,14.48
2022-09-08,BPAC11,26.1
2022-09-08,BRAP4,21.77
2022-09-08,CCRO3,14.11
2022-09-08,CEAB3,3.45
2022-09-08,CMIG4,12.17
2022-09-08,CMIN3,3.55
2022-09-08,COGN3,2.67
2022-09-08,CPFE3,35.54
2022-09-08,CPLE3,6.51
2022-09-08,CSAN3,18.57
2022-09-08,CSMG3,14.11
2022-09-08,CSNA3,12.96
2022-09-08,CURY3,9.83
2022-09-08,CXSE3,8.83
2022-09-08,CYRE3,16.17
2022-09-08,DIRR3,14.2
2022-09-08,EGIE3,40.35
2022-09-08,ELET3,45.22
2022-09-08,EMBR3,13.5
2022-09-08,ENEV3,15.87
2022-09-08,ENGI11,43.39
2022-09-08,EQTL3,24.62
2022-09-08,FLRY3,16.94
2022-09-08,GGBR4,23.64
2022-09-08,GOAU4,10.11
2022-09-08,HAPV3,7.95
2022-09-08,HYPE3,43.44
2022-09-08,IGTI11,20.23
2022-09-08,ITSA4,9.27
2022-09-08,ITUB4,26.54
2022-09-08,KLBN11,18.28
2022-09-08,LREN3,26.02
2022-09-08,MGLU3,4.29
2022-09-08,MRFG3,11.93
2022-09-08,MRVE3,11.41
2022-09-08,MULT3,24.1
2022-09-08,NTCO3,15.26
2022-09-08,PETR3,35.54
2022-09-08,PETR4,31.8
2022-09-08,POMO4,2.62
2022-09-08,PRIO3,27.55
2022-09-08,PSSA3,21.17
2022-09-08,RADL3,22.68
2022-09-08,RAIL3,20.36
2022-09-08,RDOR3,33.25
2022-09-08,RENT3,62.08
2022-09-08,SANB11,29.53
2022-09-08,SBSP3,51.56
2022-09-08,SMFT3,15.82
2022-09-08,SUZB3,43.98
2022-09-08,TAEE11,41.72
2022-09-08,TEND3,7.64
2022-09-08,TIMS3,12.39
2022-09-08,TOTS3,28.76
2022-09-08,UGPA3,13.34
2022-09-08,USIM5,8.09
2022-09-08,VALE3,64.51
2022-09-08,VAMO3,14.25
2022-09-08,VBBR3,18.29
2022-09-08,VIVA3,25.85
2022-09-08,VIVT3,42.09
2022-09-08,WEGE3,30.21
2022-09-08,YDUQ3,12.16
2022-09-09,ABEV3,15.72
2022-09-09,ASAI3,18.85
2022-09-09,AURE3,14.45
2022-09-09,B3SA3,12.95
2022-09-09,BBAS3,40.55
2022-09-09,BBDC3,16.0
2022-09-09,BBDC4,19.38
2022-09-09,BBSE3,28.56
2022-09-09,BEEF3,14.26
2022-09-09,BPAC11,26.3
2022-09-09,BRAP4,23.31
2022-09-09,CCRO3,14.4
2022-09-09,CEAB3,3.6
2022-09-09,CMIG4,12.14
2022-09-09,CMIN3,3.74
2022-09-09,COGN3,2.71
2022-09-09,CPFE3,35.19
2022-09-09,CPLE3,6.52
2022-09-09,CSAN3,18.88
2022-09-09,CSMG3,14.33
2022-09-09,CSNA3,14.11
2022-09-09,CURY3,9.85
2022-09-09,CXSE3,8.9
2022-09-09,CYRE3,16.73
2022-09-09,DIRR3,14.77
2022-09-09,EGIE3,40.36
2022-09-09,ELET3,45.34
2022-09-09,EMBR3,13.62
2022-09-09,ENEV3,15.95
2022-09-09,ENGI11,43.96
2022-09-09,EQTL3,24.5
2022-09-09,FLRY3,17.01
2022-09-09,GGBR4,24.54
2022-09-09,GOAU4,10.46
2022-09-09,HAPV3,8.13
2022-09-09,HYPE3,43.62
2022-09-09,IGTI11,20.0
2022-09-09,ITSA4,9.33
2022-09-09,ITUB4,26.75
2022-09-09,KLBN11,18.67
2022-09-09,LREN3,26.85
2022-09-09,MGLU3,4.38
2022-09-09,MRFG3,11.9
2022-09-09,MRVE3,12.19
2022-09-09,MULT3,24.55
2022-09-09,NTCO3,16.16
2022-09-09,PETR3,35.48
2022-09-09,PETR4,31.79
2022-09-09,POMO4,2.61
2022-09-09,PRIO3,28.05
2022-09-09,PSSA3,21.82
2022-09-09,RADL3,22.75
2022-09-09,RAIL3,20.73
2022-09-09,RDOR3,34.09
2022-09-09,RENT3,63.27
2022-09-09,SANB11,30.17
2022-09-09,SBSP3,53.04
2022-09-09,SMFT3,15.9
2022-09-09,SUZB3,45.11
2022-09-09,TAEE11,41.5
2022-09-09,TEND3,7.28
2022-09-09,TIMS3,12.79
2022-09-09,TOTS3,29.26
2022-09-09,UGPA3,13.51
2022-09-09,USIM5,8.4
2022-09-09,VALE3,69.55
2022-09-09,VAMO3,14.46
2022-09-09,VBBR3,18.41
2022-09-09,VIVA3,26.8
2022-09-09,VIVT3,42.79
2022-09-09,WEGE3,30.45
2022-09-09,YDUQ3,12.55
2022-09-12,ABEV3,15.71
2022-09-12,ASAI3,18.5
2022-09-12,AURE3,14.55
2022-09-12,B3SA3,13.24
2022-09-12,BBAS3,41.06
2022-09-12,BBDC3,16.21
2022-09-12,BBDC4,19.63
2022-09-12,BBSE3,28.18
2022-09-12,BEEF3,14.42
2022-09-12,BPAC11,26.93
2022-09-12,BRAP4,23.48
2022-09-12,CCRO3,14.27
2022-09-12,CEAB3,3.7
2022-09-12,CMIG4,12.09
2022-09-12,CMIN3,3.77
2022-09-12,COGN3,2.77
2022-09-12,CPFE3,35.16
2022-09-12,CPLE3,6.52
2022-09-12,CSAN3,19.16
2022-09-12,CSMG3,14.07
2022-09-12,CSNA3,14.22
2022-09-12,CURY3,9.9
2022-09-12,CXSE3,8.93
2022-09-12,CYRE3,16.58
2022-09-12,DIRR3,14.7
2022-09-12,EGIE3,40.51
2022-09-12,ELET3,45.99
2022-09-12,EMBR3,13.61
2022-09-12,ENEV3,16.09
2022-09-12,ENGI11,44.53
2022-09-12,EQTL3,24.63
2022-09-12,FLRY3,16.99
2022-09-12,GGBR4,24.61
2022-09-12,GOAU4,10.47
2022-09-12,HAPV3,8.35
2022-09-12,HYPE3,43.81
2022-09-12,IGTI11,19.64
2022-09-12,ITSA4,9.52
2022-09-12,ITUB4,27.07
2022-09-12,KLBN11,19.0
2022-09-12,LREN3,27.52
2022-09-12,MGLU3,4.78
2022-09-12,MRFG3,12.26
2022-09-12,MRVE3,12.21
2022-09-12,MULT3,24.29
2022-09-12,NTCO3,16.96
2022-09-12,PETR3,35.27
2022-09-12,PETR4,31.58
2022-09-12,POMO4,2.61
2022-09-12,PRIO3,27.58
2022-09-12,PSSA3,21.75
2022-09-12,RADL3,23.17
2022-09-12,RAIL3,20.69
2022-09-12,RDOR3,34.7
2022-09-12,RENT3,65.0
2022-09-12,SANB11,30.46
2022-09-12,SBSP3,52.35
2022-09-12,SMFT3,16.03
2022-09-12,SUZB3,45.47
2022-09-12,TAEE11,41.49
2022-09-12,TEND3,7.52
2022-09-12,TIMS3,12.69
2022-09-12,TOTS3,29.5
2022-09-12,UGPA3,13.58
2022-09-12,USIM5,8.54
2022-09-12,VALE3,70.15
2022-09-12,VAMO3,14.4
2022-09-12,VBBR3,18.84
2022-09-12,VIVA3,26.7
2022-09-12,VIVT3,42.46
2022-09-12,WEGE3,31.72
2022-09-12,YDUQ3,12.54
2022-09-13,ABEV3,15.59
2022-09-13,ASAI3,18.15
2022-09-13,AURE3,14.35
2022-09-13,B3SA3,12.88
2022-09-13,BBAS3,40.22
2022-09-13,BBDC3,16.0
2022-09-13,BBDC4,19.42
2022-09-13,BBSE3,28.37
2022-09-13,BEEF3,14.09
2022-09-13,BPAC11,26.37
2022-09-13,BRAP4,22.94
2022-09-13,CCRO3,13.6
2022-09-13,CEAB3,3.6
2022-09-13,CMIG4,11.72
2022-09-13,CMIN3,3.67
2022-09-13,COGN3,2.73
2022-09-13,CPFE3,34.54
2022-09-13,CPLE3,6.4
2022-09-13,CSAN3,18.47
2022-09-13,CSMG3,13.67
2022-09-13,CSNA3,13.54
2022-09-13,CURY3,9.93
2022-09-13,CXSE3,8.91
2022-09-13,CYRE3,16.25
2022-09-13,DIRR3,14.68
2022-09-13,EGIE3,39.55
2022-09-13,ELET3,45.46
2022-09-13,EMBR3,13.13
2022-09-13,ENEV3,15.87
2022-09-13,ENGI11,44.07
2022-09-13,EQTL3,24.51
2022-09-13,FLRY3,16.33
2022-09-13,GGBR4,23.68
2022-09-13,GOAU4,10.16
2022-09-13,HAPV3,7.79
2022-09-13,HYPE3,43.67
2022-09-13,IGTI11,19.02
2022-09-13,ITSA4,9.37
2022-09-13,ITUB4,26.8
2022-09-13,KLBN11,18.74
2022-09-13,LREN3,27.22
2022-09-13,MGLU3,4.7
2022-09-13,MRFG3,11.83
2022-09-13,MRVE3,12.32
2022-09-13,MULT3,23.95
2022-09-13,NTCO3,15.86
2022-09-13,PETR3,34.26
2022-09-13,PETR4,30.65
2022-09-13,POMO4,2.56
2022-09-13,PRIO3,27.03
2022-09-13,PSSA3,21.71
2022-09-13,RADL3,22.99
2022-09-13,RAIL3,19.79
2022-09-13,RDOR3,33.25
2022-09-13,RENT3,63.45
2022-09-13,SANB11,30.08
2022-09-13,SBSP3,51.59
2022-09-13,SMFT3,15.32
2022-09-13,SUZB3,44.32
2022-09-13,TAEE11,41.15
2022-09-13,TEND3,7.17
2022-09-13,TIMS3,12.19
2022-09-13,TOTS3,29.42
2022-09-13,UGPA3,13.34
2022-09-13,USIM5,8.19
2022-09-13,VALE3,68.25
2022-09-13,VAMO3,13.81
2022-09-13,VBBR3,18.6
2022-09-13,VIVA3,25.7
2022-09-13,VIVT3,41.41
2022-09-13,WEGE3,30.61
2022-09-13,YDUQ3,11.87
2022-09-14,ABEV3,15.38
2022-09-14,ASAI3,18.38
2022-09-14,AURE3,14.31
2022-09-14,B3SA3,12.78
2022-09-14,BBAS3,40.26
2022-09-14,BBDC3,15.91
2022-09-14,BBDC4,19.33
2022-09-14,BBSE3,28.12
2022-09-14,BEEF3,13.75
2022-09-14,BPAC11,26.44
2022-09-14,BRAP4,22.55
2022-09-14,CCRO3,13.77
2022-09-14,CEAB3,3.43
2022-09-14,CMIG4,11.62
2022-09-14,CMIN3,3.6
2022-09-14,COGN3,2.84
2022-09-14,CPFE3,34.3
2022-09-14,CPLE3,6.4
2022-09-14,CSAN3,18.69
2022-09-14,CSMG3,13.5
2022-09-14,CSNA3,13.01
2022-09-14,CURY3,10.25
2022-09-14,CXSE3,8.9
2022-09-14,CYRE3,15.99
2022-09-14,DIRR3,15.09
2022-09-14,EGIE3,39.69
2022-09-14,ELET3,45.37
2022-09-14,EMBR3,13.14
2022-09-14,ENEV3,15.47
2022-09-14,ENGI11,44.7
2022-09-14,EQTL3,24.74
2022-09-14,FLRY3,16.19
2022-09-14,GGBR4,22.8
2022-09-14,GOAU4,9.91
2022-09-14,HAPV3,7.83
2022-09-14,HYPE3,43.25
2022-09-14,IGTI11,20.08
2022-09-14,ITSA4,9.36
2022-09-14,ITUB4,26.7
2022-09-14,KLBN11,18.91
2022-09-14,LREN3,27.38
2022-09-14,MGLU3,4.47
2022-09-14,MRFG3,11.7
2022-09-14,MRVE3,12.18
2022-09-14,MULT3,24.33
2022-09-14,NTCO3,16.45
2022-09-14,PETR3,34.68
2022-09-14,PETR4,31.12
2022-09-14,POMO4,2.57
2022-09-14,PRIO3,28.41
2022-09-14,PSSA3,22.24
2022-09-14,RADL3,22.7
2022-09-14,RAIL3,20.13
2022-09-14,RDOR3,33.19
2022-09-14,RENT3,63.88
2022-09-14,SANB11,29.93
2022-09-14,SBSP3,51.25
2022-09-14,SMFT3,15.5
2022-09-14,SUZB3,44.47
2022-09-14,TAEE11,41.08
2022-09-14,TEND3,7.14
2022-09-14,TIMS3,12.33
2022-09-14,TOTS3,29.85
2022-09-14,UGPA3,13.35
2022-09-14,USIM5,7.93
2022-09-14,VALE3,67.0
2022-09-14,VAMO3,14.69
2022-09-14,VBBR3,18.51
2022-09-14,VIVA3,25.82
2022-09-14,VIVT3,41.37
2022-09-14,WEGE3,30.62
2022-09-14,YDUQ3,11.55
2022-09-15,ABEV3,15.3
2022-09-15,ASAI3,18.29
2022-09-15,AURE3,14.33
2022-09-15,B3SA3,12.56
2022-09-15,BBAS3,39.85
2022-09-15,BBDC3,15.84
2022-09-15,BBDC4,19.26
2022-09-15,BBSE3,28.33
2022-09-15,BEEF3,13.86
2022-09-15,BPAC11,26.42
2022-09-15,BRAP4,22.86
2022-09-15,CCRO3,13.55
2022-09-15,CEAB3,3.16
2022-09-15,CMIG4,11.51
2022-09-15,CMIN3,3.54
2022-09-15,COGN3,2.82
2022-09-15,CPFE3,34.57
2022-09-15,CPLE3,6.27
2022-09-15,CSAN3,17.82
2022-09-15,CSMG3,13.38
2022-09-15,CSNA3,12.93
2022-09-15,CURY3,10.35
2022-09-15,CXSE3,8.96
2022-09-15,CYRE3,15.99
2022-09-15,DIRR3,15.29
2022-09-15,EGIE3,39.29
2022-09-15,ELET3,44.69
2022-09-15,EMBR3,13.61
2022-09-15,ENEV3,15.18
2022-09-15,ENGI11,44.46
2022-09-15,EQTL3,24.48
2022-09-15,FLRY3,16.51
2022-09-15,GGBR4,22.8
2022-09-15,GOAU4,9.91
2022-09-15,HAPV3,7.68
2022-09-15,HYPE3,42.76
2022-09-15,IGTI11,19.9
2022-09-15,ITSA4,9.35
2022-09-15,ITUB4,26.77
2022-09-15,KLBN11,18.86
2022-09-15,LREN3,26.8
2022-09-15,MGLU3,4.34
2022-09-15,MRFG3,12.0
2022-09-15,MRVE3,12.3
2022-09-15,MULT3,24.22
2022-09-15,NTCO3,16.71
2022-09-15,PETR3,34.6
2022-09-15,PETR4,31.06
2022-09-15,POMO4,2.61
2022-09-15,PRIO3,27.7
2022-09-15,PSSA3,22.53
2022-09-15,RADL3,22.63
2022-09-15,RAIL3,19.88
2022-09-15,RDOR3,32.09
2022-09-15,RENT3,62.31
2022-09-15,SANB11,29.74
2022-09-15,SBSP3,49.09
2022-09-15,SMFT3,15.25
2022-09-15,SUZB3,43.83
2022-09-15,TAEE11,40.84
2022-09-15,TEND3,7.1
2022-09-15,TIMS3,12.33
2022-09-15,TOTS3,29.29
2022-09-15,UGPA3,12.86
2022-09-15,USIM5,7.78
2022-09-15,VALE3,68.35
2022-09-15,VAMO3,14.91
2022-09-15,VBBR3,18.03
2022-09-15,VIVA3,25.28
2022-09-15,VIVT3,41.28
2022-09-15,WEGE3,30.01
2022-09-15,YDUQ3,11.41
2022-09-16,ABEV3,15.27
2022-09-16,ASAI3,17.9
2022-09-16,AURE3,14.26
2022-09-16,B3SA3,12.38
2022-09-16,BBAS3,39.4
2022-09-16,BBDC3,15.68
2022-09-16,BBDC4,19.04
2022-09-16,BBSE3,29.47
2022-09-16,BEEF3,14.18
2022-09-16,BPAC11,26.5
2022-09-16,BRAP4,22.66
2022-09-16,CCRO3,13.55
2022-09-16,CEAB3,3.18
2022-09-16,CMIG4,11.38
2022-09-16,CMIN3,3.5
2022-09-16,COGN3,2.56
2022-09-16,CPFE3,34.77
2022-09-16,CPLE3,6.32
2022-09-16,CSAN3,17.9
2022-09-16,CSMG3,13.77
2022-09-16,CSNA3,13.1
2022-09-16,CURY3,10.79
2022-09-16,CXSE3,8.63
2022-09-16,CYRE3,15.74
2022-09-16,DIRR3,15.13
2022-09-16,EGIE3,39.5
2022-09-16,ELET3,43.88
2022-09-16,EMBR3,13.25
2022-09-16,ENEV3,14.97
2022-09-16,ENGI11,43.59
2022-09-16,EQTL3,24.22
2022-09-16,FLRY3,17.0
2022-09-16,GGBR4,22.99
2022-09-16,GOAU4,9.86
2022-09-16,HAPV3,7.45
2022-09-16,HYPE3,42.09
2022-09-16,IGTI11,19.55
2022-09-16,ITSA4,9.28
2022-09-16,ITUB4,26.68
2022-09-16,KLBN11,18.34
2022-09-16,LREN3,26.38
2022-09-16,MGLU3,4.46
2022-09-16,MRFG3,12.3
2022-09-16,MRVE3,12.55
2022-09-16,MULT3,23.79
2022-09-16,NTCO3,14.96
2022-09-16,PETR3,34.41
2022-09-16,PETR4,30.78
2022-09-16,POMO4,2.61
2022-09-16,PRIO3,28.02
2022-09-16,PSSA3,22.56
2022-09-16,RADL3,22.49
2022-09-16,RAIL3,19.66
2022-09-16,RDOR3,32.3
2022-09-16,RENT3,61.86
2022-09-16,SANB11,29.45
2022-09-16,SBSP3,47.1
2022-09-16,SMFT3,15.41
2022-09-16,SUZB3,43.61
2022-09-16,TAEE11,40.65
2022-09-16,TEND3,7.3
2022-09-16,TIMS3,12.18
2022-09-16,TOTS3,29.69
2022-09-16,UGPA3,12.74
2022-09-16,USIM5,7.65
2022-09-16,VALE3,68.25
2022-09-16,VAMO3,14.48
2022-09-16,VBBR3,17.85
2022-09-16,VIVA3,24.82
2022-09-16,VIVT3,40.63
2022-09-16,WEGE3,30.48
2022-09-16,YDUQ3,10.78
2022-09-19,ABEV3,15.47
2022-09-19,ASAI3,18.13
2022-09-19,AURE3,14.41
2022-09-19,B3SA3,13.22
2022-09-19,BBAS3,40.18
2022-09-19,BBDC3,16.06
2022-09-19,BBDC4,19.53
2022-09-19,BBSE3,29.81
2022-09-19,BEEF3,14.32
2022-09-19,BPAC11,26.6
2022-09-19,BRAP4,23.32
2022-09-19,CCRO3,13.81
2022-09-19,CEAB3,3.37
2022-09-19,CMIG4,11.7
2022-09-19,CMIN3,3.56
2022-09-19,COGN3,2.81
2022-09-19,CPFE3,34.63
2022-09-19,CPLE3,6.28
2022-09-19,CSAN3,18.25
2022-09-19,CSMG3,13.57
2022-09-19,CSNA3,13.63
2022-09-19,CURY3,10.81
2022-09-19,CXSE3,9.0
2022-09-19,CYRE3,16.17
2022-09-19,DIRR3,15.12
2022-09-19,EGIE3,39.95
2022-09-19,ELET3,44.16
2022-09-19,EMBR3,13.48
2022-09-19,ENEV3,15.07
2022-09-19,ENGI11,44.61
2022-09-19,EQTL3,24.69
2022-09-19,FLRY3,16.97
2022-09-19,GGBR4,24.31
2022-09-19,GOAU4,10.44
2022-09-19,HAPV3,7.78
2022-09-19,HYPE3,43.91
2022-09-19,IGTI11,20.24
2022-09-19,ITSA4,9.56
2022-09-19,ITUB4,27.68
2022-09-19,KLBN11,18.33
2022-09-19,LREN3,26.72
2022-09-19,MGLU3,4.56
2022-09-19,MRFG3,12.17
2022-09-19,MRVE3,12.76
2022-09-19,MULT3,23.99
2022-09-19,NTCO3,15.36
2022-09-19,PETR3,34.82
2022-09-19,PETR4,31.27
2022-09-19,POMO4,2.7
2022-09-19,PRIO3,28.08
2022-09-19,PSSA3,22.6
2022-09-19,RADL3,22.87
2022-09-19,RAIL3,19.79
2022-09-19,RDOR3,33.2
2022-09-19,RENT3,63.27
2022-09-19,SANB11,30.49
2022-09-19,SBSP3,48.17
2022-09-19,SMFT3,15.65
2022-09-19,SUZB3,44.14
2022-09-19,TAEE11,40.94
2022-09-19,TEND3,7.6
2022-09-19,TIMS3,12.21
2022-09-19,TOTS3,29.66
2022-09-19,UGPA3,13.01
2022-09-19,USIM5,8.05
2022-09-19,VALE3,70.46
2022-09-19,VAMO3,14.47
2022-09-19,VBBR3,18.44
2022-09-19,VIVA3,26.16
2022-09-19,VIVT3,40.99
2022-09-19,WEGE3,30.6
2022-09-19,YDUQ3,12.3
2022-09-20,ABEV3,15.76
2022-09-20,ASAI3,18.27
2022-09-20,AURE3,14.21
2022-09-20,B3SA3,13.64
2022-09-20,BBAS3,40.79
2022-09-20,BBDC3,16.65
2022-09-20,BBDC4,20.16
2022-09-20,BBSE3,30.22
2022-09-20,BEEF3,14.25
2022-09-20,BPAC11,27.27
2022-09-20,BRAP4,23.03
2022-09-20,CCRO3,13.7
2022-09-20,CEAB3,3.22
2022-09-20,CMIG4,11.67
2022-09-20,CMIN3,3.54
2022-09-20,COGN3,2.75
2022-09-20,CPFE3,34.67
2022-09-20,CPLE3,6.29
2022-09-20,CSAN3,18.48
2022-09-20,CSMG3,13.85
2022-09-20,CSNA3,13.1
2022-09-20,CURY3,10.75
2022-09-20,CXSE3,9.1
2022-09-20,CYRE3,16.2
2022-09-20,DIRR3,14.96
2022-09-20,EGIE3,39.89
2022-09-20,ELET3,44.02
2022-09-20,EMBR3,13.99
2022-09-20,ENEV3,15.03
2022-09-20,ENGI11,44.97
2022-09-20,EQTL3,24.6
2022-09-20,FLRY3,17.23
2022-09-20,GGBR4,24.09
2022-09-20,GOAU4,10.44
2022-09-20,HAPV3,7.89
2022-09-20,HYPE3,44.22
2022-09-20,IGTI11,20.32
2022-09-20,ITSA4,9.83
2022-09-20,ITUB4,28.6
2022-09-20,KLBN11,18.57
2022-09-20,LREN3,26.82
2022-09-20,MGLU3,4.46
2022-09-20,MRFG3,11.95
2022-09-20,MRVE3,12.51
2022-09-20,MULT3,24.25
2022-09-20,NTCO3,15.42
2022-09-20,PETR3,34.76
2022-09-20,PETR4,31.09
2022-09-20,POMO4,2.67
2022-09-20,PRIO3,28.33
2022-09-20,PSSA3,22.9
2022-09-20,RADL3,23.04
2022-09-20,RAIL3,19.64
2022-09-20,RDOR3,34.06
2022-09-20,RENT3,64.21
2022-09-20,SANB11,31.28
2022-09-20,SBSP3,47.89
2022-09-20,SMFT3,15.11
2022-09-20,SUZB3,44.03
2022-09-20,TAEE11,41.3
2022-09-20,TEND3,6.96
2022-09-20,TIMS3,12.12
2022-09-20,TOTS3,29.69
2022-09-20,UGPA3,12.98
2022-09-20,USIM5,7.83
2022-09-20,VALE3,69.45
2022-09-20,VAMO3,13.88
2022-09-20,VBBR3,18.65
2022-09-20,VIVA3,26.19
2022-09-20,VIVT3,41.05
2022-09-20,WEGE3,31.13
2022-09-20,YDUQ3,12.72
2022-09-21,ABEV3,15.55
2022-09-21,ASAI3,18.3
2022-09-21,AURE3,14.16
2022-09-21,B3SA3,13.32
2022-09-21,BBAS3,40.5
2022-09-21,BBDC3,16.54
2022-09-21,BBDC4,20.04
2022-09-21,BBSE3,30.08
2022-09-21,BEEF3,13.95
2022-09-21,BPAC11,25.86
2022-09-21,BRAP4,22.82
2022-09-21,CCRO3,13.64
2022-09-21,CEAB3,3.27
2022-09-21,CMIG4,11.62
2022-09-21,CMIN3,3.44
2022-09-21,COGN3,2.74
2022-09-21,CPFE3,34.64
2022-09-21,CPLE3,6.29
2022-09-21,CSAN3,18.34
2022-09-21,CSMG3,13.68
2022-09-21,CSNA3,12.52
2022-09-21,CURY3,11.0
2022-09-21,CXSE3,9.1
2022-09-21,CYRE3,16.34
2022-09-21,DIRR3,15.28
2022-09-21,EGIE3,39.94
2022-09-21,ELET3,44.3
2022-09-21,EMBR3,13.68
2022-09-21,ENEV3,15.16
2022-09-21,ENGI11,45.06
2022-09-21,EQTL3,24.72
2022-09-21,FLRY3,17.17
2022-09-21,GGBR4,24.13
2022-09-21,GOAU4,10.42
2022-09-21,HAPV3,8.11
2022-09-21,HYPE3,44.96
2022-09-21,IGTI11,20.44
2022-09-21,ITSA4,9.78
2022-09-21,ITUB4,28.3
2022-09-21,KLBN11,18.13
2022-09-21,LREN3,27.62
2022-09-21,MGLU3,4.75
2022-09-21,MRFG3,11.58
2022-09-21,MRVE3,12.76
2022-09-21,MULT3,24.56
2022-09-21,NTCO3,15.53
2022-09-21,PETR3,34.69
2022-09-21,PETR4,31.17
2022-09-21,POMO4,2.65
2022-09-21,PRIO3,28.53
2022-09-21,PSSA3,22.33
2022-09-21,RADL3,22.9
2022-09-21,RAIL3,19.85
2022-09-21,RDOR3,34.18
2022-09-21,RENT3,63.22
2022-09-21,SANB11,31.05
2022-09-21,SBSP3,47.1
2022-09-21,SMFT3,14.8
2022-09-21,SUZB3,43.32
2022-09-21,TAEE11,41.66
2022-09-21,TEND3,7.17
2022-09-21,TIMS3,11.96
2022-09-21,TOTS3,30.0
2022-09-21,UGPA3,13.0
2022-09-21,USIM5,7.73
2022-09-21,VALE3,68.45
2022-09-21,VAMO3,13.61
2022-09-21,VBBR3,19.05
2022-09-21,VIVA3,26.52
2022-09-21,VIVT3,41.11
2022-09-21,WEGE3,31.18
2022-09-21,YDUQ3,12.75
2022-09-22,ABEV3,15.67
2022-09-22,ASAI3,18.02
2022-09-22,AURE3,14.34
2022-09-22,B3SA3,13.44
2022-09-22,BBAS3,41.24
2022-09-22,BBDC3,16.87
2022-09-22,BBDC4,20.5
2022-09-22,BBSE3,29.64
2022-09-22,BEEF3,13.8
2022-09-22,BPAC11,25.83
2022-09-22,BRAP4,23.23
2022-09-22,CCRO3,13.98
2022-09-22,CEAB3,3.49
2022-09-22,CMIG4,11.93
2022-09-22,CMIN3,3.59
2022-09-22,COGN3,2.98
2022-09-22,CPFE3,35.62
2022-09-22,CPLE3,6.42
2022-09-22,CSAN3,19.15
2022-09-22,CSMG3,13.88
2022-09-22,CSNA3,12.98
2022-09-22,CURY3,11.55
2022-09-22,CXSE3,8.97
2022-09-22,CYRE3,16.9
2022-09-22,DIRR3,16.01
2022-09-22,EGIE3,40.42
2022-09-22,ELET3,46.1
2022-09-22,EMBR3,13.68
2022-09-22,ENEV3,15.78
2022-09-22,ENGI11,45.78
2022-09-22,EQTL3,25.03
2022-09-22,FLRY3,17.62
2022-09-22,GGBR4,24.68
2022-09-22,GOAU4,10.65
2022-09-22,HAPV3,8.32
2022-09-22,HYPE3,45.05
2022-09-22,IGTI11,20.75
2022-09-22,ITSA4,9.99
2022-09-22,ITUB4,28.87
2022-09-22,KLBN11,18.51
2022-09-22,LREN3,28.45
2022-09-22,MGLU3,4.6
2022-09-22,MRFG3,11.46
2022-09-22,MRVE3,12.93
2022-09-22,MULT3,24.89
2022-09-22,NTCO3,15.92
2022-09-22,PETR3,35.4
2022-09-22,PETR4,31.94
2022-09-22,POMO4,2.7
2022-09-22,PRIO3,29.55
2022-09-22,PSSA3,22.58
2022-09-22,RADL3,23.07
2022-09-22,RAIL3,20.0
2022-09-22,RDOR3,35.05
2022-09-22,RENT3,65.1
2022-09-22,SANB11,31.47
2022-09-22,SBSP3,47.53
2022-09-22,SMFT3,15.6
2022-09-22,SUZB3,44.17
2022-09-22,TAEE11,41.77
2022-09-22,TEND3,7.44
2022-09-22,TIMS3,12.25
2022-09-22,TOTS3,29.93
2022-09-22,UGPA3,13.36
2022-09-22,USIM5,7.79
2022-09-22,VALE3,70.02
2022-09-22,VAMO3,14.23
2022-09-22,VBBR3,19.05
2022-09-22,VIVA3,27.52
2022-09-22,VIVT3,42.25
2022-09-22,WEGE3,31.01
2022-09-22,YDUQ3,13.49
2022-09-23,ABEV3,15.37
2022-09-23,ASAI3,17.79
2022-09-23,AURE3,14.3
2022-09-23,B3SA3,13.39
2022-09-23,BBAS3,40.73
2022-09-23,BBDC3,16.52
2022-09-23,BBDC4,20.1
2022-09-23,BBSE3,29.61
2022-09-23,BEEF3,13.44
2022-09-23,BPAC11,25.39
2022-09-23,BRAP4,22.75
2022-09-23,CCRO3,13.68
2022-09-23,CEAB3,3.42
2022-09-23,CMIG4,11.84
2022-09-23,CMIN3,3.46
2022-09-23,COGN3,3.01
2022-09-23,CPFE3,36.09
2022-09-23,CPLE3,6.4
2022-09-23,CSAN3,18.25
2022-09-23,CSMG3,13.74
2022-09-23,CSNA3,12.83
2022-09-23,CURY3,11.5
2022-09-23,CXSE3,8.92
2022-09-23,CYRE3,16.76
2022-09-23,DIRR3,15.76
2022-09-23,EGIE3,40.7
2022-09-23,ELET3,45.95
2022-09-23,EMBR3,12.66
2022-09-23,ENEV3,15.34
2022-09-23,ENGI11,45.62
2022-09-23,EQTL3,26.97
2022-09-23,FLRY3,18.27
2022-09-23,GGBR4,24.31
2022-09-23,GOAU4,10.48
2022-09-23,HAPV3,8.2
2022-09-23,HYPE3,45.94
2022-09-23,IGTI11,20.42
2022-09-23,ITSA4,9.76
2022-09-23,ITUB4,28.3
2022-09-23,KLBN11,18.01
2022-09-23,LREN3,28.57
2022-09-23,MGLU3,4.63
2022-09-23,MRFG3,11.25
2022-09-23,MRVE3,12.52
2022-09-23,MULT3,24.71
2022-09-23,NTCO3,15.54
2022-09-23,PETR3,32.9
2022-09-23,PETR4,29.94
2022-09-23,POMO4,2.72
2022-09-23,PRIO3,28.12
2022-09-23,PSSA3,22.1
2022-09-23,RADL3,23.45
2022-09-23,RAIL3,19.35
2022-09-23,RDOR3,34.45
2022-09-23,RENT3,64.6
2022-09-23,SANB11,31.03
2022-09-23,SBSP3,46.4
2022-09-23,SMFT3,15.38
2022-09-23,SUZB3,42.54
2022-09-23,TAEE11,41.83
2022-09-23,TEND3,7.42
2022-09-23,TIMS3,12.14
2022-09-23,TOTS3,29.57
2022-09-23,UGPA3,12.58
2022-09-23,USIM5,7.61
2022-09-23,VALE3,68.57
2022-09-23,VAMO3,13.9
2022-09-23,VBBR3,18.52
2022-09-23,VIVA3,27.15
2022-09-23,VIVT3,41.95
2022-09-23,WEGE3,30.57
2022-09-23,YDUQ3,13.72
2022-09-26,ABEV3,15.27
2022-09-26,ASAI3,17.74
2022-09-26,AURE3,14.05
2022-09-26,B3SA3,12.74
2022-09-26,BBAS3,38.85
2022-09-26,BBDC3,16.16
2022-09-26,BBDC4,19.78
2022-09-26,BBSE3,28.97
2022-09-26,BEEF3,13.33
2022-09-26,BPAC11,23.9
2022-09-26,BRAP4,22.6
2022-09-26,CCRO3,13.3
2022-09-26,CEAB3,3.28
2022-09-26,CMIG4,11.17
2022-09-26,CMIN3,3.36
2022-09-26,COGN3,2.91
2022-09-26,CPFE3,34.67
2022-09-26,CPLE3,6.2
2022-09-26,CSAN3,17.71
2022-09-26,CSMG3,13.34
2022-09-26,CSNA3,12.32
2022-09-26,CURY3,10.92
2022-09-26,CXSE3,8.72
2022-09-26,CYRE3,16.19
2022-09-26,DIRR3,15.18
2022-09-26,EGIE3,39.7
2022-09-26,ELET3,44.53
2022-09-26,EMBR3,12.47
2022-09-26,ENEV3,14.81
2022-09-26,ENGI11,44.72
2022-09-26,EQTL3,26.71
2022-09-26,FLRY3,17.92
2022-09-26,GGBR4,23.17
2022-09-26,GOAU4,10.09
2022-09-26,HAPV3,7.9
2022-09-26,HYPE3,45.32
2022-09-26,IGTI11,20.07
2022-09-26,ITSA4,9.55
2022-09-26,ITUB4,27.79
2022-09-26,KLBN11,18.04
2022-09-26,LREN3,27.86
2022-09-26,MGLU3,4.34
2022-09-26,MRFG3,10.81
2022-09-26,MRVE3,11.93
2022-09-26,MULT3,23.9
2022-09-26,NTCO3,14.58
2022-09-26,PETR3,32.64
2022-09-26,PETR4,29.46
2022-09-26,POMO4,2.69
2022-09-26,PRIO3,27.22
2022-09-26,PSSA3,21.45
2022-09-26,RADL3,22.95
2022-09-26,RAIL3,18.85
2022-09-26,RDOR3,32.63
2022-09-26,RENT3,61.95
2022-09-26,SANB11,30.25
2022-09-26,SBSP3,44.06
2022-09-26,SMFT3,14.8
2022-09-26,SUZB3,42.46
2022-09-26,TAEE11,40.84
2022-09-26,TEND3,7.23
2022-09-26,TIMS3,11.83
2022-09-26,TOTS3,28.5
2022-09-26,UGPA3,12.14
2022-09-26,USIM5,7.26
2022-09-26,VALE3,68.0
2022-09-26,VAMO3,13.38
2022-09-26,VBBR3,17.69
2022-09-26,VIVA3,26.14
2022-09-26,VIVT3,40.96
2022-09-26,WEGE3,30.52
2022-09-26,YDUQ3,13.22
2022-09-27,ABEV3,15.44
2022-09-27,ASAI3,17.78
2022-09-27,AURE3,13.92
2022-09-27,B3SA3,12.75
2022-09-27,BBAS3,38.54
2022-09-27,BBDC3,16.03
2022-09-27,BBDC4,19.62
2022-09-27,BBSE3,28.62
2022-09-27,BEEF3,13.23
2022-09-27,BPAC11,24.42
2022-09-27,BRAP4,22.48
2022-09-27,CCRO3,12.8
2022-09-27,CEAB3,3.16
2022-09-27,CMIG4,10.82
2022-09-27,CMIN3,3.35
2022-09-27,COGN3,2.82
2022-09-27,CPFE3,33.75
2022-09-27,CPLE3,6.11
2022-09-27,CSAN3,17.45
2022-09-27,CSMG3,12.86
2022-09-27,CSNA3,12.1
2022-09-27,CURY3,10.92
2022-09-27,CXSE3,8.75
2022-09-27,CYRE3,16.07
2022-09-27,DIRR3,15.0
2022-09-27,EGIE3,39.07
2022-09-27,ELET3,43.25
2022-09-27,EMBR3,12.59
2022-09-27,ENEV3,14.37
2022-09-27,ENGI11,43.06
2022-09-27,EQTL3,26.15
2022-09-27,FLRY3,17.55
2022-09-27,GGBR4,23.77
2022-09-27,GOAU4,10.21
2022-09-27,HAPV3,7.94
2022-09-27,HYPE3,44.81
2022-09-27,IGTI11,19.93
2022-09-27,ITSA4,9.46
2022-09-27,ITUB4,27.53
2022-09-27,KLBN11,18.04
2022-09-27,LREN3,27.96
2022-09-27,MGLU3,4.18
2022-09-27,MRFG3,10.57
2022-09-27,MRVE3,11.57
2022-09-27,MULT3,23.75
2022-09-27,NTCO3,14.28
2022-09-27,PETR3,32.87
2022-09-27,PETR4,29.67
2022-09-27,POMO4,2.69
2022-09-27,PRIO3,27.18
2022-09-27,PSSA3,21.3
2022-09-27,RADL3,22.89
2022-09-27,RAIL3,18.58
2022-09-27,RDOR3,31.23
2022-09-27,RENT3,61.2
2022-09-27,SANB11,30.09
2022-09-27,SBSP3,43.7
2022-09-27,SMFT3,14.63
2022-09-27,SUZB3,43.33
2022-09-27,TAEE11,39.95
2022-09-27,TEND3,7.07
2022-09-27,TIMS3,11.66
2022-09-27,TOTS3,28.73
2022-09-27,UGPA3,11.98
2022-09-27,USIM5,7.2
2022-09-27,VALE3,67.7
2022-09-27,VAMO3,13.2
2022-09-27,VBBR3,17.28
2022-09-27,VIVA3,26.18
2022-09-27,VIVT3,40.46
2022-09-27,WEGE3,30.05
2022-09-27,YDUQ3,12.74
2022-09-28,ABEV3,15.72
2022-09-28,ASAI3,17.95
2022-09-28,AURE3,13.72
2022-09-28,B3SA3,12.85
2022-09-28,BBAS3,38.55
2022-09-28,BBDC3,16.09
2022-09-28,BBDC4,19.63
2022-09-28,BBSE3,27.39
2022-09-28,BEEF3,12.75
2022-09-28,BPAC11,24.83
2022-09-28,BRAP4,22.64
2022-09-28,CCRO3,12.65
2022-09-28,CEAB3,3.21
2022-09-28,CMIG4,10.67
2022-09-28,CMIN3,3.3
2022-09-28,COGN3,2.93
2022-09-28,CPFE3,34.01
2022-09-28,CPLE3,6.05
2022-09-28,CSAN3,17.22
2022-09-28,CSMG3,12.96
2022-09-28,CSNA3,12.21
2022-09-28,CURY3,11.11
2022-09-28,CXSE3,8.67
2022-09-28,CYRE3,17.38
2022-09-28,DIRR3,15.46
2022-09-28,EGIE3,38.54
2022-09-28,ELET3,42.64
2022-09-28,EMBR3,12.84
2022-09-28,ENEV3,14.26
2022-09-28,ENGI11,41.78
2022-09-28,EQTL3,26.1
2022-09-28,FLRY3,17.37
2022-09-28,GGBR4,23.71
2022-09-28,GOAU4,10.18
2022-09-28,HAPV3,7.75
2022-09-28,HYPE3,44.32
2022-09-28,IGTI11,20.36
2022-09-28,ITSA4,9.49
2022-09-28,ITUB4,27.52
2022-09-28,KLBN11,18.1
2022-09-28,LREN3,27.63
2022-09-28,MGLU3,4.33
2022-09-28,MRFG3,10.25
2022-09-28,MRVE3,12.44
2022-09-28,MULT3,23.75
2022-09-28,NTCO3,14.3
2022-09-28,PETR3,32.64
2022-09-28,PETR4,29.27
2022-09-28,POMO4,2.92
2022-09-28,PRIO3,27.91
2022-09-28,PSSA3,21.26
2022-09-28,RADL3,22.75
2022-09-28,RAIL3,18.46
2022-09-28,RDOR3,30.8
2022-09-28,RENT3,60.59
2022-09-28,SANB11,30.13
2022-09-28,SBSP3,46.09
2022-09-28,SMFT3,14.9
2022-09-28,SUZB3,43.5
2022-09-28,TAEE11,39.29
2022-09-28,TEND3,7.15
2022-09-28,TIMS3,11.96
2022-09-28,TOTS3,29.21
2022-09-28,UGPA3,11.85
2022-09-28,USIM5,7.19
2022-09-28,VALE3,68.34
2022-09-28,VAMO3,13.5
2022-09-28,VBBR3,17.37
2022-09-28,VIVA3,26.33
2022-09-28,VIVT3,40.75
2022-09-28,WEGE3,30.32
2022-09-28,YDUQ3,14.19
2022-09-29,ABEV3,15.61
2022-09-29,ASAI3,17.95
2022-09-29,AURE3,13.67
2022-09-29,B3SA3,12.6
2022-09-29,BBAS3,38.34
2022-09-29,BBDC3,16.26
2022-09-29,BBDC4,19.78
2022-09-29,BBSE3,26.56
2022-09-29,BEEF3,12.81
2022-09-29,BPAC11,24.39
2022-09-29,BRAP4,22.63
2022-09-29,CCRO3,12.45
2022-09-29,CEAB3,3.08
2022-09-29,CMIG4,10.55
2022-09-29,CMIN3,3.23
2022-09-29,COGN3,2.85
2022-09-29,CPFE3,33.61
2022-09-29,CPLE3,6.23
2022-09-29,CSAN3,17.05
2022-09-29,CSMG3,12.98
2022-09-29,CSNA3,12.04
2022-09-29,CURY3,11.25
2022-09-29,CXSE3,8.42
2022-09-29,CYRE3,17.25
2022-09-29,DIRR3,15.77
2022-09-29,EGIE3,38.29
2022-09-29,ELET3,42.47
2022-09-29,EMBR3,11.95
2022-09-29,ENEV3,14.45
2022-09-29,ENGI11,41.61
2022-09-29,EQTL3,26.01
2022-09-29,FLRY3,17.37
2022-09-29,GGBR4,23.63
2022-09-29,GOAU4,10.19
2022-09-29,HAPV3,7.48
2022-09-29,HYPE3,43.65
2022-09-29,IGTI11,19.99
2022-09-29,ITSA4,9.61
2022-09-29,ITUB4,27.93
2022-09-29,KLBN11,17.8
2022-09-29,LREN3,26.94
2022-09-29,MGLU3,4.05
2022-09-29,MRFG3,9.95
2022-09-29,MRVE3,12.05
2022-09-29,MULT3,23.81
2022-09-29,NTCO3,13.86
2022-09-29,PETR3,32.67
2022-09-29,PETR4,29.31
2022-09-29,POMO4,2.82
2022-09-29,PRIO3,27.23
2022-09-29,PSSA3,21.22
2022-09-29,RADL3,22.13
2022-09-29,RAIL3,18.19
2022-09-29,RDOR3,29.85
2022-09-29,RENT3,59.43
2022-09-29,SANB11,30.14
2022-09-29,SBSP3,46.4
2022-09-29,SMFT3,14.66
2022-09-29,SUZB3,43.23
2022-09-29,TAEE11,38.53
2022-09-29,TEND3,7.16
2022-09-29,TIMS3,11.96
2022-09-29,TOTS3,28.57
2022-09-29,UGPA3,11.6
2022-09-29,USIM5,7.0
2022-09-29,VALE3,68.43
2022-09-29,VAMO3,13.56
2022-09-29,VBBR3,16.81
2022-09-29,VIVA3,26.0
2022-09-29,VIVT3,40.37
2022-09-29,WEGE3,30.14
2022-09-29,YDUQ3,13.71
2022-09-30,ABEV3,15.54
2022-09-30,ASAI3,17.55
2022-09-30,AURE3,13.55
2022-09-30,B3SA3,13.05
2022-09-30,BBAS3,38.52
2022-09-30,BBDC3,16.31
2022-09-30,BBDC4,19.84
2022-09-30,BBSE3,26.57
2022-09-30,BEEF3,12.54
2022-09-30,BPAC11,24.81
2022-09-30,BRAP4,23.76
2022-09-30,CCRO3,12.53
2022-09-30,CEAB3,3.28
2022-09-30,CMIG4,10.76
2022-09-30,CMIN3,3.31
2022-09-30,COGN3,2.94
2022-09-30,CPFE3,33.76
2022-09-30,CPLE3,6.2
2022-09-30,CSAN3,17.38
2022-09-30,CSMG3,13.2
2022-09-30,CSNA3,12.72
2022-09-30,CURY3,11.89
2022-09-30,CXSE3,8.51
2022-09-30,CYRE3,18.35
2022-09-30,DIRR3,16.85
2022-09-30,EGIE3,38.51
2022-09-30,ELET3,42.97
2022-09-30,EMBR3,11.65
2022-09-30,ENEV3,14.15
2022-09-30,ENGI11,41.89
2022-09-30,EQTL3,26.9
2022-09-30,FLRY3,17.68
2022-09-30,GGBR4,24.44
2022-09-30,GOAU4,10.59
2022-09-30,HAPV3,7.57
2022-09-30,HYPE3,44.25
2022-09-30,IGTI11,20.36
2022-09-30,ITSA4,9.73
2022-09-30,ITUB4,28.06
2022-09-30,KLBN11,18.15
2022-09-30,LREN3,27.85
2022-09-30,MGLU3,4.48
2022-09-30,MRFG3,9.87
2022-09-30,MRVE3,12.42
2022-09-30,MULT3,24.17
2022-09-30,NTCO3,14.73
2022-09-30,PETR3,33.08
2022-09-30,PETR4,29.8
2022-09-30,POMO4,2.89
2022-09-30,PRIO3,27.53
2022-09-30,PSSA3,21.13
2022-09-30,RADL3,22.73
2022-09-30,RAIL3,18.48
2022-09-30,RDOR3,29.72
2022-09-30,RENT3,61.09
2022-09-30,SANB11,30.34
2022-09-30,SBSP3,49.6
2022-09-30,SMFT3,15.2
2022-09-30,SUZB3,44.5
2022-09-30,TAEE11,38.95
2022-09-30,TEND3,7.22
2022-09-30,TIMS3,12.08
2022-09-30,TOTS3,29.35
2022-09-30,UGPA3,11.73
2022-09-30,USIM5,7.52
2022-09-30,VALE3,72.04
2022-09-30,VAMO3,13.67
2022-09-30,VBBR3,17.25
2022-09-30,VIVA3,27.09
2022-09-30,VIVT3,40.49
2022-09-30,WEGE3,32.14
2022-09-30,YDUQ3,14.45
2022-10-03,ABEV3,16.3
2022-10-03,ASAI3,18.43
2022-10-03,AURE3,14.3
2022-10-03,B3SA3,13.88
2022-10-03,BBAS3,41.46
2022-10-03,BBDC3,17.39
2022-10-03,BBDC4,21.21
2022-10-03,BBSE3,27.36
2022-10-03,BEEF3,12.89
2022-10-03,BPAC11,26.35
2022-10-03,BRAP4,24.28
2022-10-03,CCRO3,13.17
2022-10-03,CEAB3,3.47
2022-10-03,CMIG4,11.91
2022-10-03,CMIN3,3.5
2022-10-03,COGN3,2.93
2022-10-03,CPFE3,35.69
2022-10-03,CPLE3,6.41
2022-10-03,CSAN3,18.45
2022-10-03,CSMG3,15.68
2022-10-03,CSNA3,13.25
2022-10-03,CURY3,12.72
2022-10-03,CXSE3,8.84
2022-10-03,CYRE3,20.03
2022-10-03,DIRR3,17.94
2022-10-03,EGIE3,40.59
2022-10-03,ELET3,45.82
2022-10-03,EMBR3,12.15
2022-10-03,ENEV3,14.44
2022-10-03,ENGI11,44.09
2022-10-03,EQTL3,28.6
2022-10-03,FLRY3,18.56
2022-10-03,GGBR4,25.15
2022-10-03,GOAU4,10.77
2022-10-03,HAPV3,8.04
2022-10-03,HYPE3,45.65
2022-10-03,IGTI11,21.67
2022-10-03,ITSA4,10.42
2022-10-03,ITUB4,29.75
2022-10-03,KLBN11,18.74
2022-10-03,LREN3,30.12
2022-10-03,MGLU3,4.91
2022-10-03,MRFG3,10.05
2022-10-03,MRVE3,12.7
2022-10-03,MULT3,25.8
2022-10-03,NTCO3,14.87
2022-10-03,PETR3,36.01
2022-10-03,PETR4,32.18
2022-10-03,POMO4,2.97
2022-10-03,PRIO3,28.94
2022-10-03,PSSA3,21.74
2022-10-03,RADL3,24.05
2022-10-03,RAIL3,19.24
2022-10-03,RDOR3,31.3
2022-10-03,RENT3,64.61
2022-10-03,SANB11,31.97
2022-10-03,SBSP3,58.0
2022-10-03,SMFT3,16.12
2022-10-03,SUZB3,45.41
2022-10-03,TAEE11,40.05
2022-10-03,TEND3,7.46
2022-10-03,TIMS3,12.57
2022-10-03,TOTS3,30.95
2022-10-03,UGPA3,12.67
2022-10-03,USIM5,7.72
2022-10-03,VALE3,74.0
2022-10-03,VAMO3,14.5
2022-10-03,VBBR3,18.57
2022-10-03,VIVA3,28.0
2022-10-03,VIVT3,42.0
2022-10-03,WEGE3,33.58
2022-10-03,YDUQ3,14.22
2022-10-04,ABEV3,16.24
2022-10-04,ASAI3,18.08
2022-10-04,AURE3,14.19
2022-10-04,B3SA3,14.48
2022-10-04,BBAS3,39.23
2022-10-04,BBDC3,17.29
2022-10-04,BBDC4,21.18
2022-10-04,BBSE3,26.86
2022-10-04,BEEF3,12.55
2022-10-04,BPAC11,26.52
2022-10-04,BRAP4,25.02
2022-10-04,CCRO3,12.9
2022-10-04,CEAB3,3.58
2022-10-04,CMIG4,11.31
2022-10-04,CMIN3,3.69
2022-10-04,COGN3,2.99
2022-10-04,CPFE3,35.09
2022-10-04,CPLE3,6.3
2022-10-04,CSAN3,18.27
2022-10-04,CSMG3,15.0
2022-10-04,CSNA3,13.9
2022-10-04,CURY3,12.34
2022-10-04,CXSE3,8.76
2022-10-04,CYRE3,19.67
2022-10-04,DIRR3,17.35
2022-10-04,EGIE3,39.97
2022-10-04,ELET3,44.65
2022-10-04,EMBR3,12.64
2022-10-04,ENEV3,14.07
2022-10-04,ENGI11,43.98
2022-10-04,EQTL3,28.3
2022-10-04,FLRY3,18.69
2022-10-04,GGBR4,25.51
2022-10-04,GOAU4,10.99
2022-10-04,HAPV3,8.27
2022-10-04,HYPE3,45.42
2022-10-04,IGTI11,21.91
2022-10-04,ITSA4,10.32
2022-10-04,ITUB4,29.8
2022-10-04,KLBN11,18.69
2022-10-04,LREN3,29.98
2022-10-04,MGLU3,5.09
2022-10-04,MRFG3,10.05
2022-10-04,MRVE3,12.17
2022-10-04,MULT3,25.83
2022-10-04,NTCO3,14.63
2022-10-04,PETR3,35.3
2022-10-04,PETR4,31.37
2022-10-04,POMO4,2.8
2022-10-04,PRIO3,30.33
2022-10-04,PSSA3,21.64
2022-10-04,RADL3,23.95
2022-10-04,RAIL3,19.4
2022-10-04,RDOR3,31.57
2022-10-04,RENT3,65.65
2022-10-04,SANB11,32.17
2022-10-04,SBSP3,57.9
2022-10-04,SMFT3,15.89
2022-10-04,SUZB3,45.77
2022-10-04,TAEE11,39.64
2022-10-04,TEND3,7.17
2022-10-04,TIMS3,12.21
2022-10-04,TOTS3,31.13
2022-10-04,UGPA3,12.56
2022-10-04,USIM5,7.9
2022-10-04,VALE3,75.79
2022-10-04,VAMO3,15.0
2022-10-04,VBBR3,18.52
2022-10-04,VIVA3,27.67
2022-10-04,VIVT3,41.14
2022-10-04,WEGE3,33.24
2022-10-04,YDUQ3,14.71
2022-10-05,ABEV3,16.12
2022-10-05,ASAI3,18.12
2022-10-05,AURE3,14.01
2022-10-05,B3SA3,14.73
2022-10-05,BBAS3,39.86
2022-10-05,BBDC3,17.56
2022-10-05,BBDC4,21.41
2022-10-05,BBSE3,27.57
2022-10-05,BEEF3,12.41
2022-10-05,BPAC11,26.65
2022-10-05,BRAP4,25.55
2022-10-05,CCRO3,12.8
2022-10-05,CEAB3,3.58
2022-10-05,CMIG4,11.05
2022-10-05,CMIN3,3.69
2022-10-05,COGN3,2.92
2022-10-05,CPFE3,34.25
2022-10-05,CPLE3,6.25
2022-10-05,CSAN3,17.9
2022-10-05,CSMG3,15.26
2022-10-05,CSNA3,14.31
2022-10-05,CURY3,12.0
2022-10-05,CXSE3,8.84
2022-10-05,CYRE3,19.79
2022-10-05,DIRR3,17.43
2022-10-05,EGIE3,39.41
2022-10-05,ELET3,44.08
2022-10-05,EMBR3,12.61
2022-10-05,ENEV3,13.97
2022-10-05,ENGI11,43.98
2022-10-05,EQTL3,28.68
2022-10-05,FLRY3,19.01
2022-10-05,GGBR4,25.25
2022-10-05,GOAU4,11.0
2022-10-05,HAPV3,8.14
2022-10-05,HYPE3,46.3
2022-10-05,IGTI11,22.2
2022-10-05,ITSA4,10.35
2022-10-05,ITUB4,29.8
2022-10-05,KLBN11,18.93
2022-10-05,LREN3,30.58
2022-10-05,MGLU3,5.12
2022-10-05,MRFG3,10.03
2022-10-05,MRVE3,12.15
2022-10-05,MULT3,25.84
2022-10-05,NTCO3,14.35
2022-10-05,PETR3,36.55
2022-10-05,PETR4,32.55
2022-10-05,POMO4,2.75
2022-10-05,PRIO3,31.3
2022-10-05,PSSA3,21.51
2022-10-05,RADL3,23.77
2022-10-05,RAIL3,19.56
2022-10-05,RDOR3,31.68
2022-10-05,RENT3,66.01
2022-10-05,SANB11,32.2
2022-10-05,SBSP3,57.9
2022-10-05,SMFT3,15.4
2022-10-05,SUZB3,46.94
2022-10-05,TAEE11,39.59
2022-10-05,TEND3,6.92
2022-10-05,TIMS3,12.03
2022-10-05,TOTS3,31.31
2022-10-05,UGPA3,12.51
2022-10-05,USIM5,7.89
2022-10-05,VALE3,76.96
2022-10-05,VAMO3,15.0
2022-10-05,VBBR3,18.47
2022-10-05,VIVA3,27.83
2022-10-05,VIVT3,40.09
2022-10-05,WEGE3,33.67
2022-10-05,YDUQ3,14.46
2022-10-06,ABEV3,16.03
2022-10-06,ASAI3,18.11
2022-10-06,AURE3,14.03
2022-10-06,B3SA3,14.83
2022-10-06,BBAS3,40.57
2022-10-06,BBDC3,17.34
2022-10-06,BBDC4,20.97
2022-10-06,BBSE3,27.78
2022-10-06,BEEF3,12.58
2022-10-06,BPAC11,27.02
2022-10-06,BRAP4,25.58
2022-10-06,CCRO3,12.79
2022-10-06,CEAB3,3.8
2022-10-06,CMIG4,11.05
2022-10-06,CMIN3,3.71
2022-10-06,COGN3,3.12
2022-10-06,CPFE3,33.62
2022-10-06,CPLE3,6.25
2022-10-06,CSAN3,18.24
2022-10-06,CSMG3,15.73
2022-10-06,CSNA3,14.32
2022-10-06,CURY3,12.2
2022-10-06,CXSE3,8.77
2022-10-06,CYRE3,19.62
2022-10-06,DIRR3,17.65
2022-10-06,EGIE3,38.71
2022-10-06,ELET3,45.57
2022-10-06,EMBR3,12.86
2022-10-06,ENEV3,13.93
2022-10-06,ENGI11,43.53
2022-10-06,EQTL3,28.16
2022-10-06,FLRY3,19.9
2022-10-06,GGBR4,25.54
2022-10-06,GOAU4,11.04
2022-10-06,HAPV3,8.1
2022-10-06,HYPE3,46.4
2022-10-06,IGTI11,21.88
2022-10-06,ITSA4,10.3
2022-10-06,ITUB4,29.26
2022-10-06,KLBN11,18.82
2022-10-06,LREN3,31.27
2022-10-06,MGLU3,5.37
2022-10-06,MRFG3,10.42
2022-10-06,MRVE3,12.41
2022-10-06,MULT3,25.5
2022-10-06,NTCO3,14.45
2022-10-06,PETR3,37.63
2022-10-06,PETR4,33.66
2022-10-06,POMO4,2.76
2022-10-06,PRIO3,31.61
2022-10-06,PSSA3,21.4
2022-10-06,RADL3,23.82
2022-10-06,RAIL3,19.81
2022-10-06,RDOR3,32.38
2022-10-06,RENT3,66.67
2022-10-06,SANB11,31.84
2022-10-06,SBSP3,57.2
2022-10-06,SMFT3,16.48
2022-10-06,SUZB3,46.76
2022-10-06,TAEE11,39.71
2022-10-06,TEND3,7.04
2022-10-06,TIMS3,12.02
2022-10-06,TOTS3,31.16
2022-10-06,UGPA3,12.58
2022-10-06,USIM5,7.88
2022-10-06,VALE3,75.55
2022-10-06,VAMO3,15.21
2022-10-06,VBBR3,18.3
2022-10-06,VIVA3,28.04
2022-10-06,VIVT3,39.58
2022-10-06,WEGE3,33.73
2022-10-06,YDUQ3,15.18
2022-10-07,ABEV3,15.42
2022-10-07,ASAI3,18.16
2022-10-07,AURE3,14.08
2022-10-07,B3SA3,14.8
2022-10-07,BBAS3,40.66
2022-10-07,BBDC3,16.92
2022-10-07,BBDC4,20.47
2022-10-07,BBSE3,28.16
2022-10-07,BEEF3,12.67
2022-10-07,BPAC11,26.33
2022-10-07,BRAP4,25.63
2022-10-07,CCRO3,12.58
2022-10-07,CEAB3,3.76
2022-10-07,CMIG4,10.77
2022-10-07,CMIN3,3.71
2022-10-07,COGN3,3.11
2022-10-07,CPFE3,33.51
2022-10-07,CPLE3,6.24
2022-10-07,CSAN3,16.65
2022-10-07,CSMG3,15.8
2022-10-07,CSNA3,14.3
2022-10-07,CURY3,12.26
2022-10-07,CXSE3,8.73
2022-10-07,CYRE3,19.35
2022-10-07,DIRR3,17.7
2022-10-07,EGIE3,38.53
2022-10-07,ELET3,45.43
2022-10-07,EMBR3,12.36
2022-10-07,ENEV3,13.57
2022-10-07,ENGI11,43.12
2022-10-07,EQTL3,28.0
2022-10-07,FLRY3,19.56
2022-10-07,GGBR4,25.58
2022-10-07,GOAU4,11.03
2022-10-07,HAPV3,7.72
2022-10-07,HYPE3,45.93
2022-10-07,IGTI11,21.65
2022-10-07,ITSA4,10.23
2022-10-07,ITUB4,29.32
2022-10-07,KLBN11,18.82
2022-10-07,LREN3,30.88
2022-10-07,MGLU3,5.31
2022-10-07,MRFG3,10.47
2022-10-07,MRVE3,11.7
2022-10-07,MULT3,25.24
2022-10-07,NTCO3,13.75
2022-10-07,PETR3,37.44
2022-10-07,PETR4,33.63
2022-10-07,POMO4,2.79
2022-10-07,PRIO3,32.01
2022-10-07,PSSA3,21.45
2022-10-07,RADL3,23.41
2022-10-07,RAIL3,19.11
2022-10-07,RDOR3,31.18
2022-10-07,RENT3,64.64
2022-10-07,SANB11,31.53
2022-10-07,SBSP3,57.42
2022-10-07,SMFT3,16.8
2022-10-07,SUZB3,46.39
2022-10-07,TAEE11,39.96
2022-10-07,TEND3,7.13
2022-10-07,TIMS3,12.22
2022-10-07,TOTS3,31.2
2022-10-07,UGPA3,12.39
2022-10-07,USIM5,7.68
2022-10-07,VALE3,75.51
2022-10-07,VAMO3,14.74
2022-10-07,VBBR3,18.38
2022-10-07,VIVA3,27.9
2022-10-07,VIVT3,40.02
2022-10-07,WEGE3,33.35
2022-10-07,YDUQ3,14.98
2022-10-10,ABEV3,15.2
2022-10-10,ASAI3,18.79
2022-10-10,AURE3,14.14
2022-10-10,B3SA3,14.84
2022-10-10,BBAS3,40.07
2022-10-10,BBDC3,16.76
2022-10-10,BBDC4,20.16
2022-10-10,BBSE3,28.23
2022-10-10,BEEF3,13.2
2022-10-10,BPAC11,26.23
2022-10-10,BRAP4,25.01
2022-10-10,CCRO3,12.58
2022-10-10,CEAB3,3.64
2022-10-10,CMIG4,10.83
2022-10-10,CMIN3,3.68
2022-10-10,COGN3,3.12
2022-10-10,CPFE3,33.69
2022-10-10,CPLE3,6.25
2022-10-10,CSAN3,15.4
2022-10-10,CSMG3,15.59
2022-10-10,CSNA3,13.96
2022-10-10,CURY3,12.34
2022-10-10,CXSE3,8.72
2022-10-10,CYRE3,19.19
2022-10-10,DIRR3,17.56
2022-10-10,EGIE3,39.02
2022-10-10,ELET3,45.92
2022-10-10,EMBR3,12.54
2022-10-10,ENEV3,13.57
2022-10-10,ENGI11,43.63
2022-10-10,EQTL3,28.36
2022-10-10,FLRY3,19.82
2022-10-10,GGBR4,25.82
2022-10-10,GOAU4,11.2
2022-10-10,HAPV3,7.79
2022-10-10,HYPE3,47.07
2022-10-10,IGTI11,21.73
2022-10-10,ITSA4,10.21
2022-10-10,ITUB4,29.01
2022-10-10,KLBN11,19.4
2022-10-10,LREN3,30.73
2022-10-10,MGLU3,5.32
2022-10-10,MRFG3,10.61
2022-10-10,MRVE3,11.47
2022-10-10,MULT3,25.17
2022-10-10,NTCO3,13.16
2022-10-10,PETR3,37.1
2022-10-10,PETR4,33.25
2022-10-10,POMO4,2.83
2022-10-10,PRIO3,31.46
2022-10-10,PSSA3,21.56
2022-10-10,RADL3,23.61
2022-10-10,RAIL3,18.23
2022-10-10,RDOR3,31.24
2022-10-10,RENT3,65.34
2022-10-10,SANB11,31.23
2022-10-10,SBSP3,58.13
2022-10-10,SMFT3,16.18
2022-10-10,SUZB3,48.25
2022-10-10,TAEE11,40.04
2022-10-10,TEND3,7.16
2022-10-10,TIMS3,12.28
2022-10-10,TOTS3,31.44
2022-10-10,UGPA3,12.43
2022-10-10,USIM5,7.65
2022-10-10,VALE3,73.99
2022-10-10,VAMO3,14.9
2022-10-10,VBBR3,18.02
2022-10-10,VIVA3,27.88
2022-10-10,VIVT3,40.21
2022-10-10,WEGE3,34.27
2022-10-10,YDUQ3,14.76
2022-10-11,ABEV3,14.99
2022-10-11,ASAI3,19.02
2022-10-11,AURE3,14.33
2022-10-11,B3SA3,14.35
2022-10-11,BBAS3,39.11
2022-10-11,BBDC3,16.6
2022-10-11,BBDC4,20.11
2022-10-11,BBSE3,27.44
2022-10-11,BEEF3,13.25
2022-10-11,BPAC11,26.26
2022-10-11,BRAP4,24.9
2022-10-11,CCRO3,12.29
2022-10-11,CEAB3,3.59
2022-10-11,CMIG4,10.65
2022-10-11,CMIN3,3.6
2022-10-11,COGN3,3.08
2022-10-11,CPFE3,34.0
2022-10-11,CPLE3,6.21
2022-10-11,CSAN3,15.66
2022-10-11,CSMG3,15.16
2022-10-11,CSNA3,13.78
2022-10-11,CURY3,12.19
2022-10-11,CXSE3,8.67
2022-10-11,CYRE3,18.67
2022-10-11,DIRR3,16.89
2022-10-11,EGIE3,39.06
2022-10-11,ELET3,45.55
2022-10-11,EMBR3,12.18
2022-10-11,ENEV3,13.58
2022-10-11,ENGI11,43.7
2022-10-11,EQTL3,28.65
2022-10-11,FLRY3,19.36
2022-10-11,GGBR4,25.86
2022-10-11,GOAU4,11.23
2022-10-11,HAPV3,7.47
2022-10-11,HYPE3,46.59
2022-10-11,IGTI11,21.94
2022-10-11,ITSA4,10.08
2022-10-11,ITUB4,28.81
2022-10-11,KLBN11,19.29
2022-10-11,LREN3,29.95
2022-10-11,MGLU3,5.17
2022-10-11,MRFG3,10.37
2022-10-11,MRVE3,11.12
2022-10-11,MULT3,25.17
2022-10-11,NTCO3,13.2
2022-10-11,PETR3,36.74
2022-10-11,PETR4,33.0
2022-10-11,POMO4,2.76
2022-10-11,PRIO3,31.5
2022-10-11,PSSA3,21.55
2022-10-11,RADL3,23.44
2022-10-11,RAIL3,19.0
2022-10-11,RDOR3,30.07
2022-10-11,RENT3,65.79
2022-10-11,SANB11,30.49
2022-10-11,SBSP3,57.44
2022-10-11,SMFT3,15.6
2022-10-11,SUZB3,47.63
2022-10-11,TAEE11,39.75
2022-10-11,TEND3,6.81
2022-10-11,TIMS3,12.22
2022-10-11,TOTS3,30.3
2022-10-11,UGPA3,12.46
2022-10-11,USIM5,7.74
2022-10-11,VALE3,73.49
2022-10-11,VAMO3,14.89
2022-10-11,VBBR3,17.38
2022-10-11,VIVA3,27.98
2022-10-11,VIVT3,40.01
2022-10-11,WEGE3,33.9
2022-10-11,YDUQ3,14.53
2022-10-13,ABEV3,15.01
2022-10-13,ASAI3,19.47
2022-10-13,AURE3,13.93
2022-10-13,B3SA3,13.9
2022-10-13,BBAS3,39.38
2022-10-13,BBDC3,16.38
2022-10-13,BBDC4,19.82
2022-10-13,BBSE3,28.17
2022-10-13,BEEF3,14.13
2022-10-13,BPAC11,26.41
2022-10-13,BRAP4,24.89
2022-10-13,CCRO3,12.15
2022-10-13,CEAB3,3.44
2022-10-13,CMIG4,10.48
2022-10-13,CMIN3,3.4
2022-10-13,COGN3,3.03
2022-10-13,CPFE3,34.2
2022-10-13,CPLE3,6.14
2022-10-13,CSAN3,16.03
2022-10-13,CSMG3,14.79
2022-10-13,CSNA3,13.68
2022-10-13,CURY3,12.22
2022-10-13,CXSE3,8.74
2022-10-13,CYRE3,18.56
2022-10-13,DIRR3,17.02
2022-10-13,EGIE3,38.28
2022-10-13,ELET3,45.0
2022-10-13,EMBR3,11.59
2022-10-13,ENEV3,13.4
2022-10-13,ENGI11,43.74
2022-10-13,EQTL3,27.62
2022-10-13,FLRY3,19.13
2022-10-13,GGBR4,25.91
2022-10-13,GOAU4,11.29
2022-10-13,HAPV3,7.46
2022-10-13,HYPE3,46.07
2022-10-13,IGTI11,21.54
2022-10-13,ITSA4,10.02
2022-10-13,ITUB4,28.64
2022-10-13,KLBN11,19.63
2022-10-13,LREN3,29.18
2022-10-13,MGLU3,4.92
2022-10-13,MRFG3,10.56
2022-10-13,MRVE3,10.55
2022-10-13,MULT3,24.91
2022-10-13,NTCO3,13.25
2022-10-13,PETR3,37.89
2022-10-13,PETR4,33.94
2022-10-13,POMO4,2.78
2022-10-13,PRIO3,31.76
2022-10-13,PSSA3,21.9
2022-10-13,RADL3,23.15
2022-10-13,RAIL3,19.77
2022-10-13,RDOR3,29.89
2022-10-13,RENT3,65.92
2022-10-13,SANB11,30.14
2022-10-13,SBSP3,56.19
2022-10-13,SMFT3,15.95
2022-10-13,SUZB3,47.79
2022-10-13,TAEE11,39.07
2022-10-13,TEND3,6.74
2022-10-13,TIMS3,12.14
2022-10-13,TOTS3,30.12
2022-10-13,UGPA3,12.23
2022-10-13,USIM5,7.68
2022-10-13,VALE3,72.18
2022-10-13,VAMO3,15.24
2022-10-13,VBBR3,17.13
2022-10-13,VIVA3,27.0
2022-10-13,VIVT3,39.88
2022-10-13,WEGE3,33.47
2022-10-13,YDUQ3,14.26
2022-10-14,ABEV3,14.83
2022-10-14,ASAI3,19.09
2022-10-14,AURE3,13.82
2022-10-14,B3SA3,13.89
2022-10-14,BBAS3,39.16
2022-10-14,BBDC3,16.31
2022-10-14,BBDC4,19.69
2022-10-14,BBSE3,27.5
2022-10-14,BEEF3,13.23
2022-10-14,BPAC11,26.25
2022-10-14,BRAP4,24.25
2022-10-14,CCRO3,11.87
2022-10-14,CEAB3,3.33
2022-10-14,CMIG4,10.26
2022-10-14,CMIN3,3.26
2022-10-14,COGN3,2.93
2022-10-14,CPFE3,34.08
2022-10-14,CPLE3,6.15
2022-10-14,CSAN3,15.69
2022-10-14,CSMG3,14.38
2022-10-14,CSNA3,12.87
2022-10-14,CURY3,12.15
2022-10-14,CXSE3,8.67
2022-10-14,CYRE3,18.61
2022-10-14,DIRR3,16.81
2022-10-14,EGIE3,38.37
2022-10-14,ELET3,43.9
2022-10-14,EMBR3,11.4
2022-10-14,ENEV3,13.5
2022-10-14,ENGI11,44.35
2022-10-14,EQTL3,27.28
2022-10-14,FLRY3,18.47
2022-10-14,GGBR4,25.3
2022-10-14,GOAU4,11.01
2022-10-14,HAPV3,7.06
2022-10-14,HYPE3,45.75
2022-10-14,IGTI11,21.03
2022-10-14,ITSA4,9.98
2022-10-14,ITUB4,28.65
2022-10-14,KLBN11,19.64
2022-10-14,LREN3,28.54
2022-10-14,MGLU3,4.37
2022-10-14,MRFG3,10.23
2022-10-14,MRVE3,10.51
2022-10-14,MULT3,24.57
2022-10-14,NTCO3,12.82
2022-10-14,PETR3,37.15
2022-10-14,PETR4,33.42
2022-10-14,POMO4,2.84
2022-10-14,PRIO3,31.05
2022-10-14,PSSA3,21.72
2022-10-14,RADL3,22.38
2022-10-14,RAIL3,19.3
2022-10-14,RDOR3,28.73
2022-10-14,RENT3,64.6
2022-10-14,SANB11,30.09
2022-10-14,SBSP3,54.7
2022-10-14,SMFT3,15.55
2022-10-14,SUZB3,47.79
2022-10-14,TAEE11,38.85
2022-10-14,TEND3,6.41
2022-10-14,TIMS3,11.96
2022-10-14,TOTS3,29.8
2022-10-14,UGPA3,12.07
2022-10-14,USIM5,7.39
2022-10-14,VALE3,69.83
2022-10-14,VAMO3,14.91
2022-10-14,VBBR3,16.68
2022-10-14,VIVA3,26.38
2022-10-14,VIVT3,39.39
2022-10-14,WEGE3,32.86
2022-10-14,YDUQ3,13.13
2022-10-17,ABEV3,14.92
2022-10-17,ASAI3,19.74
2022-10-17,AURE3,14.24
2022-10-17,B3SA3,14.15
2022-10-17,BBAS3,39.49
2022-10-17,BBDC3,16.43
2022-10-17,BBDC4,19.83
2022-10-17,BBSE3,28.04
2022-10-17,BEEF3,13.62
2022-10-17,BPAC11,26.82
2022-10-17,BRAP4,24.45
2022-10-17,CCRO3,12.09
2022-10-17,CEAB3,3.31
2022-10-17,CMIG4,10.73
2022-10-17,CMIN3,3.27
2022-10-17,COGN3,2.92
2022-10-17,CPFE3,34.53
2022-10-17,CPLE3,6.22
2022-10-17,CSAN3,16.17
2022-10-17,CSMG3,15.05
2022-10-17,CSNA3,12.78
2022-10-17,CURY3,12.05
2022-10-17,CXSE3,8.77
2022-10-17,CYRE3,18.64
2022-10-17,DIRR3,16.6
2022-10-17,EGIE3,38.69
2022-10-17,ELET3,46.05
2022-10-17,EMBR3,12.15
2022-10-17,ENEV3,13.68
2022-10-17,ENGI11,44.8
2022-10-17,EQTL3,27.57
2022-10-17,FLRY3,17.94
2022-10-17,GGBR4,25.83
2022-10-17,GOAU4,11.21
2022-10-17,HAPV3,7.21
2022-10-17,HYPE3,47.18
2022-10-17,IGTI11,21.35
2022-10-17,ITSA4,10.09
2022-10-17,ITUB4,28.88
2022-10-17,KLBN11,20.29
2022-10-17,LREN3,29.09
2022-10-17,MGLU3,4.37
2022-10-17,MRFG3,10.62
2022-10-17,MRVE3,9.31
2022-10-17,MULT3,24.84
2022-10-17,NTCO3,12.99
2022-10-17,PETR3,36.91
2022-10-17,PETR4,33.39
2022-10-17,POMO4,2.86
2022-10-17,PRIO3,31.35
2022-10-17,PSSA3,22.15
2022-10-17,RADL3,22.8
2022-10-17,RAIL3,20.04
2022-10-17,RDOR3,28.84
2022-10-17,RENT3,66.3
2022-10-17,SANB11,30.36
2022-10-17,SBSP3,56.12
2022-10-17,SMFT3,15.7
2022-10-17,SUZB3,49.43
2022-10-17,TAEE11,38.72
2022-10-17,TEND3,6.45
2022-10-17,TIMS3,11.93
2022-10-17,TOTS3,31.0
2022-10-17,UGPA3,12.43
2022-10-17,USIM5,7.3
2022-10-17,VALE3,70.67
2022-10-17,VAMO3,14.77
2022-10-17,VBBR3,17.16
2022-10-17,VIVA3,26.65
2022-10-17,VIVT3,39.16
2022-10-17,WEGE3,33.61
2022-10-17,YDUQ3,12.94
2022-10-18,ABEV3,14.9
2022-10-18,ASAI3,17.92
2022-10-18,AURE3,14.39
2022-10-18,B3SA3,14.0
2022-10-18,BBAS3,41.52
2022-10-18,BBDC3,16.58
2022-10-18,BBDC4,19.98
2022-10-18,BBSE3,28.81
2022-10-18,BEEF3,14.04
2022-10-18,BPAC11,27.31
2022-10-18,BRAP4,24.8
2022-10-18,CCRO3,12.38
2022-10-18,CEAB3,3.26
2022-10-18,CMIG4,11.15
2022-10-18,CMIN3,3.36
2022-10-18,COGN3,2.98
2022-10-18,CPFE3,34.39
2022-10-18,CPLE3,6.29
2022-10-18,CSAN3,16.41
2022-10-18,CSMG3,15.81
2022-10-18,CSNA3,13.16
2022-10-18,CURY3,12.06
2022-10-18,CXSE3,8.89
2022-10-18,CYRE3,18.89
2022-10-18,DIRR3,16.68
2022-10-18,EGIE3,38.7
2022-10-18,ELET3,47.02
2022-10-18,EMBR3,12.53
2022-10-18,ENEV3,13.8
2022-10-18,ENGI11,46.28
2022-10-18,EQTL3,28.02
2022-10-18,FLRY3,18.38
2022-10-18,GGBR4,26.21
2022-10-18,GOAU4,11.4
2022-10-18,HAPV3,7.59
2022-10-18,HYPE3,48.0
2022-10-18,IGTI11,21.76
2022-10-18,ITSA4,10.29
2022-10-18,ITUB4,29.59
2022-10-18,KLBN11,20.55
2022-10-18,LREN3,29.47
2022-10-18,MGLU3,4.32
2022-10-18,MRFG3,11.15
2022-10-18,MRVE3,9.52
2022-10-18,MULT3,24.92
2022-10-18,NTCO3,14.24
2022-10-18,PETR3,37.74
2022-10-18,PETR4,34.21
2022-10-18,POMO4,2.9
2022-10-18,PRIO3,32.23
2022-10-18,PSSA3,22.48
2022-10-18,RADL3,23.26
2022-10-18,RAIL3,20.44
2022-10-18,RDOR3,29.47
2022-10-18,RENT3,67.58
2022-10-18,SANB11,30.84
2022-10-18,SBSP3,56.4
2022-10-18,SMFT3,16.08
2022-10-18,SUZB3,49.66
2022-10-18,TAEE11,38.95
2022-10-18,TEND3,6.5
2022-10-18,TIMS3,12.17
2022-10-18,TOTS3,31.65
2022-10-18,UGPA3,13.13
2022-10-18,USIM5,7.5
2022-10-18,VALE3,71.96
2022-10-18,VAMO3,15.0
2022-10-18,VBBR3,18.21
2022-10-18,VIVA3,26.2
2022-10-18,VIVT3,39.38
2022-10-18,WEGE3,34.56
2022-10-18,YDUQ3,13.35
2022-10-19,ABEV3,14.89
2022-10-19,ASAI3,18.35
2022-10-19,AURE3,14.07
2022-10-19,B3SA3,14.25
2022-10-19,BBAS3,41.65
2022-10-19,BBDC3,16.7
2022-10-19,BBDC4,20.07
2022-10-19,BBSE3,28.99
2022-10-19,BEEF3,13.98
2022-10-19,BPAC11,27.4
2022-10-19,BRAP4,24.55
2022-10-19,CCRO3,12.38
2022-10-19,CEAB3,3.17
2022-10-19,CMIG4,11.05
2022-10-19,CMIN3,3.29
2022-10-19,COGN3,2.9
2022-10-19,CPFE3,34.29
2022-10-19,CPLE3,6.32
2022-10-19,CSAN3,16.46
2022-10-19,CSMG3,15.74
2022-10-19,CSNA3,12.87
2022-10-19,CURY3,11.91
2022-10-19,CXSE3,9.0
2022-10-19,CYRE3,18.38
2022-10-19,DIRR3,16.45
2022-10-19,EGIE3,38.7
2022-10-19,ELET3,47.36
2022-10-19,EMBR3,12.35
2022-10-19,ENEV3,13.74
2022-10-19,ENGI11,45.95
2022-10-19,EQTL3,28.23
2022-10-19,FLRY3,18.31
2022-10-19,GGBR4,25.81
2022-10-19,GOAU4,11.22
2022-10-19,HAPV3,7.36
2022-10-19,HYPE3,48.74
2022-10-19,IGTI11,21.4
2022-10-19,ITSA4,10.39
2022-10-19,ITUB4,29.6
2022-10-19,KLBN11,20.43
2022-10-19,LREN3,29.35
2022-10-19,MGLU3,4.19
2022-10-19,MRFG3,11.16
2022-10-19,MRVE3,9.74
2022-10-19,MULT3,24.57
2022-10-19,NTCO3,14.13
2022-10-19,PETR3,39.14
2022-10-19,PETR4,35.42
2022-10-19,POMO4,2.9
2022-10-19,PRIO3,33.43
2022-10-19,PSSA3,21.96
2022-10-19,RADL3,23.38
2022-10-19,RAIL3,20.7
2022-10-19,RDOR3,29.7
2022-10-19,RENT3,69.18
2022-10-19,SANB11,30.79
2022-10-19,SBSP3,56.81
2022-10-19,SMFT3,15.98
2022-10-19,SUZB3,49.22
2022-10-19,TAEE11,39.05
2022-10-19,TEND3,5.74
2022-10-19,TIMS3,12.74
2022-10-19,TOTS3,31.58
2022-10-19,UGPA3,13.18
2022-10-19,USIM5,7.35
2022-10-19,VALE3,71.11
2022-10-19,VAMO3,15.13
2022-10-19,VBBR3,18.25
2022-10-19,VIVA3,25.95
2022-10-19,VIVT3,40.71
2022-10-19,WEGE3,34.65
2022-10-19,YDUQ3,12.6
2022-10-20,ABEV3,15.04
2022-10-20,ASAI3,18.01
2022-10-20,AURE3,13.83
2022-10-20,B3SA3,14.0
2022-10-20,BBAS3,43.6
2022-10-20,BBDC3,16.92
2022-10-20,BBDC4,20.3
2022-10-20,BBSE3,29.42
2022-10-20,BEEF3,14.15
2022-10-20,BPAC11,27.57
2022-10-20,BRAP4,24.8
2022-10-20,CCRO3,12.35
2022-10-20,CEAB3,3.07
2022-10-20,CMIG4,11.24
2022-10-20,CMIN3,3.36
2022-10-20,COGN3,2.9
2022-10-20,CPFE3,34.17
2022-10-20,CPLE3,6.47
2022-10-20,CSAN3,16.56
2022-10-20,CSMG3,15.73
2022-10-20,CSNA3,13.38
2022-10-20,CURY3,11.79
2022-10-20,CXSE3,8.89
2022-10-20,CYRE3,17.74
2022-10-20,DIRR3,16.27
2022-10-20,EGIE3,38.69
2022-10-20,ELET3,47.84
2022-10-20,EMBR3,12.35
2022-10-20,ENEV3,13.81
2022-10-20,ENGI11,46.03
2022-10-20,EQTL3,28.23
2022-10-20,FLRY3,18.26
2022-10-20,GGBR4,26.46
2022-10-20,GOAU4,11.54
2022-10-20,HAPV3,7.41
2022-10-20,HYPE3,48.46
2022-10-20,IGTI11,21.51
2022-10-20,ITSA4,10.6
2022-10-20,ITUB4,30.06
2022-10-20,KLBN11,20.57
2022-10-20,LREN3,28.69
2022-10-20,MGLU3,4.09
2022-10-20,MRFG3,11.03
2022-10-20,MRVE3,10.03
2022-10-20,MULT3,24.88
2022-10-20,NTCO3,14.63
2022-10-20,PETR3,40.19
2022-10-20,PETR4,36.47
2022-10-20,POMO4,2.8
2022-10-20,PRIO3,33.21
2022-10-20,PSSA3,21.99
2022-10-20,RADL3,23.56
2022-10-20,RAIL3,20.7
2022-10-20,RDOR3,29.47
2022-10-20,RENT3,67.5
2022-10-20,SANB11,31.32
2022-10-20,SBSP3,56.64
2022-10-20,SMFT3,16.0
2022-10-20,SUZB3,49.6
2022-10-20,TAEE11,39.13
2022-10-20,TEND3,4.85
2022-10-20,TIMS3,12.69
2022-10-20,TOTS3,31.59
2022-10-20,UGPA3,13.16
2022-10-20,USIM5,7.57
2022-10-20,VALE3,72.02
2022-10-20,VAMO3,14.93
2022-10-20,VBBR3,18.2
2022-10-20,VIVA3,25.14
2022-10-20,VIVT3,40.24
2022-10-20,WEGE3,34.66
2022-10-20,YDUQ3,12.2
2022-10-21,ABEV3,15.31
2022-10-21,ASAI3,18.6
2022-10-21,AURE3,14.26
2022-10-21,B3SA3,14.61
2022-10-21,BBAS3,44.68
2022-10-21,BBDC3,17.37
2022-10-21,BBDC4,20.73
2022-10-21,BBSE3,29.16
2022-10-21,BEEF3,14.33
2022-10-21,BPAC11,28.59
2022-10-21,BRAP4,25.51
2022-10-21,CCRO3,12.71
2022-10-21,CEAB3,3.07
2022-10-21,CMIG4,11.52
2022-10-21,CMIN3,3.47
2022-10-21,COGN3,2.92
2022-10-21,CPFE3,34.67
2022-10-21,CPLE3,6.58
2022-10-21,CSAN3,17.1
2022-10-21,CSMG3,15.69
2022-10-21,CSNA3,14.19
2022-10-21,CURY3,12.03
2022-10-21,CXSE3,8.96
2022-10-21,CYRE3,18.18
2022-10-21,DIRR3,16.57
2022-10-21,EGIE3,39.49
2022-10-21,ELET3,48.97
2022-10-21,EMBR3,12.53
2022-10-21,ENEV3,13.82
2022-10-21,ENGI11,46.98
2022-10-21,EQTL3,28.56
2022-10-21,FLRY3,18.17
2022-10-21,GGBR4,26.98
2022-10-21,GOAU4,11.69
2022-10-21,HAPV3,7.45
2022-10-21,HYPE3,48.7
2022-10-21,IGTI11,22.21
2022-10-21,ITSA4,10.88
2022-10-21,ITUB4,31.06
2022-10-21,KLBN11,20.64
2022-10-21,LREN3,29.06
2022-10-21,MGLU3,4.15
2022-10-21,MRFG3,11.34
2022-10-21,MRVE3,9.31
2022-10-21,MULT3,25.19
2022-10-21,NTCO3,15.11
2022-10-21,PETR3,41.56
2022-10-21,PETR4,37.72
2022-10-21,POMO4,2.78
2022-10-21,PRIO3,33.85
2022-10-21,PSSA3,22.33
2022-10-21,RADL3,24.05
2022-10-21,RAIL3,21.26
2022-10-21,RDOR3,30.15
2022-10-21,RENT3,68.15
2022-10-21,SANB11,31.87
2022-10-21,SBSP3,58.74
2022-10-21,SMFT3,16.35
2022-10-21,SUZB3,49.69
2022-10-21,TAEE11,39.93
2022-10-21,TEND3,5.05
2022-10-21,TIMS3,12.57
2022-10-21,TOTS3,31.31
2022-10-21,UGPA3,13.58
2022-10-21,USIM5,7.81
2022-10-21,VALE3,74.13
2022-10-21,VAMO3,15.28
2022-10-21,VBBR3,18.46
2022-10-21,VIVA3,25.86
2022-10-21,VIVT3,39.97
2022-10-21,WEGE3,35.2
2022-10-21,YDUQ3,12.55
2022-10-24,ABEV3,15.18
2022-10-24,ASAI3,18.69
2022-10-24,AURE3,14.36
2022-10-24,B3SA3,14.04
2022-10-24,BBAS3,40.2
2022-10-24,BBDC3,16.56
2022-10-24,BBDC4,19.85
2022-10-24,BBSE3,28.69
2022-10-24,BEEF3,14.25
2022-10-24,BPAC11,28.0
2022-10-24,BRAP4,25.12
2022-10-24,CCRO3,12.71
2022-10-24,CEAB3,3.02
2022-10-24,CMIG4,11.42
2022-10-24,CMIN3,3.4
2022-10-24,COGN3,2.88
2022-10-24,CPFE3,34.52
2022-10-24,CPLE3,6.97
2022-10-24,CSAN3,16.92
2022-10-24,CSMG3,15.44
2022-10-24,CSNA3,13.04
2022-10-24,CURY3,11.88
2022-10-24,CXSE3,8.8
2022-10-24,CYRE3,17.82
2022-10-24,DIRR3,16.39
2022-10-24,EGIE3,39.45
2022-10-24,ELET3,48.0
2022-10-24,EMBR3,12.62
2022-10-24,ENEV3,13.75
2022-10-24,ENGI11,46.91
2022-10-24,EQTL3,28.15
2022-10-24,FLRY3,18.3
2022-10-24,GGBR4,26.86
2022-10-24,GOAU4,11.56
2022-10-24,HAPV3,7.21
2022-10-24,HYPE3,48.03
2022-10-24,IGTI11,21.43
2022-10-24,ITSA4,10.46
2022-10-24,ITUB4,29.65
2022-10-24,KLBN11,20.95
2022-10-24,LREN3,28.59
2022-10-24,MGLU3,4.08
2022-10-24,MRFG3,11.19
2022-10-24,MRVE3,9.06
2022-10-24,MULT3,24.81
2022-10-24,NTCO3,14.62
2022-10-24,PETR3,37.45
2022-10-24,PETR4,34.25
2022-10-24,POMO4,2.71
2022-10-24,PRIO3,33.49
2022-10-24,PSSA3,21.9
2022-10-24,RADL3,24.32
2022-10-24,RAIL3,21.05
2022-10-24,RDOR3,29.41
2022-10-24,RENT3,67.75
2022-10-24,SANB11,30.22
2022-10-24,SBSP3,58.46
2022-10-24,SMFT3,15.46
2022-10-24,SUZB3,51.42
2022-10-24,TAEE11,40.26
2022-10-24,TEND3,5.18
2022-10-24,TIMS3,12.59
2022-10-24,TOTS3,31.1
2022-10-24,UGPA3,13.15
2022-10-24,USIM5,7.59
2022-10-24,VALE3,71.93
2022-10-24,VAMO3,15.12
2022-10-24,VBBR3,17.7
2022-10-24,VIVA3,26.15
2022-10-24,VIVT3,39.8
2022-10-24,WEGE3,34.92
2022-10-24,YDUQ3,12.57
2022-10-25,ABEV3,14.91
2022-10-25,ASAI3,17.69
2022-10-25,AURE3,14.54
2022-10-25,B3SA3,13.85
2022-10-25,BBAS3,39.51
2022-10-25,BBDC3,16.44
2022-10-25,BBDC4,19.73
2022-10-25,BBSE3,28.24
2022-10-25,BEEF3,13.78
2022-10-25,BPAC11,27.58
2022-10-25,BRAP4,25.17
2022-10-25,CCRO3,12.5
2022-10-25,CEAB3,2.99
2022-10-25,CMIG4,11.15
2022-10-25,CMIN3,3.32
2022-10-25,COGN3,2.96
2022-10-25,CPFE3,33.63
2022-10-25,CPLE3,7.04
2022-10-25,CSAN3,16.35
2022-10-25,CSMG3,15.23
2022-10-25,CSNA3,12.92
2022-10-25,CURY3,11.8
2022-10-25,CXSE3,8.67
2022-10-25,CYRE3,17.64
2022-10-25,DIRR3,16.14
2022-10-25,EGIE3,38.74
2022-10-25,ELET3,47.1
2022-10-25,EMBR3,13.15
2022-10-25,ENEV3,13.63
2022-10-25,ENGI11,46.27
2022-10-25,EQTL3,28.02
2022-10-25,FLRY3,18.28
2022-10-25,GGBR4,26.71
2022-10-25,GOAU4,11.48
2022-10-25,HAPV3,7.0
2022-10-25,HYPE3,46.16
2022-10-25,IGTI11,20.94
2022-10-25,ITSA4,10.4
2022-10-25,ITUB4,29.41
2022-10-25,KLBN11,21.03
2022-10-25,LREN3,28.04
2022-10-25,MGLU3,4.29
2022-10-25,MRFG3,11.24
2022-10-25,MRVE3,9.17
2022-10-25,MULT3,24.23
2022-10-25,NTCO3,14.29
2022-10-25,PETR3,36.89
2022-10-25,PETR4,33.53
2022-10-25,POMO4,2.72
2022-10-25,PRIO3,33.79
2022-10-25,PSSA3,21.67
2022-10-25,RADL3,23.97
2022-10-25,RAIL3,20.58
2022-10-25,RDOR3,29.1
2022-10-25,RENT3,65.79
2022-10-25,SANB11,30.05
2022-10-25,SBSP3,57.93
2022-10-25,SMFT3,15.76
2022-10-25,SUZB3,52.03
2022-10-25,TAEE11,40.13
2022-10-25,TEND3,5.71
2022-10-25,TIMS3,12.5
2022-10-25,TOTS3,30.06
2022-10-25,UGPA3,12.61
2022-10-25,USIM5,7.63
2022-10-25,VALE3,71.93
2022-10-25,VAMO3,14.85
2022-10-25,VBBR3,17.38
2022-10-25,VIVA3,25.21
2022-10-25,VIVT3,39.6
2022-10-25,WEGE3,35.05
2022-10-25,YDUQ3,13.15
2022-10-26,ABEV3,15.1
2022-10-26,ASAI3,17.08
2022-10-26,AURE3,14.48
2022-10-26,B3SA3,13.18
2022-10-26,BBAS3,38.11
2022-10-26,BBDC3,15.8
2022-10-26,BBDC4,18.87
2022-10-26,BBSE3,28.04
2022-10-26,BEEF3,13.39
2022-10-26,BPAC11,26.32
2022-10-26,BRAP4,25.52
2022-10-26,CCRO3,12.0
2022-10-26,CEAB3,2.71
2022-10-26,CMIG4,10.73
2022-10-26,CMIN3,3.26
2022-10-26,COGN3,2.83
2022-10-26,CPFE3,32.49
2022-10-26,CPLE3,6.91
2022-10-26,CSAN3,16.49
2022-10-26,CSMG3,14.73
2022-10-26,CSNA3,13.13
2022-10-26,CURY3,11.22
2022-10-26,CXSE3,8.32
2022-10-26,CYRE3,16.78
2022-10-26,DIRR3,15.87
2022-10-26,EGIE3,38.15
2022-10-26,ELET3,45.34
2022-10-26,EMBR3,12.77
2022-10-26,ENEV3,13.18
2022-10-26,ENGI11,45.59
2022-10-26,EQTL3,27.44
2022-10-26,FLRY3,17.52
2022-10-26,GGBR4,26.64
2022-10-26,GOAU4,11.44
2022-10-26,HAPV3,6.75
2022-10-26,HYPE3,46.25
2022-10-26,IGTI11,20.29
2022-10-26,ITSA4,10.13
2022-10-26,ITUB4,28.78
2022-10-26,KLBN11,21.16
2022-10-26,LREN3,27.31
2022-10-26,MGLU3,3.91
2022-10-26,MRFG3,10.77
2022-10-26,MRVE3,9.18
2022-10-26,MULT3,23.5
2022-10-26,NTCO3,13.65
2022-10-26,PETR3,36.22
2022-10-26,PETR4,32.71
2022-10-26,POMO4,2.71
2022-10-26,PRIO3,33.33
2022-10-26,PSSA3,21.33
2022-10-26,RADL3,23.46
2022-10-26,RAIL3,20.17
2022-10-26,RDOR3,27.94
2022-10-26,RENT3,63.38
2022-10-26,SANB11,28.47
2022-10-26,SBSP3,56.85
2022-10-26,SMFT3,15.42
2022-10-26,SUZB3,52.8
2022-10-26,TAEE11,39.28
2022-10-26,TEND3,5.01
2022-10-26,TIMS3,12.46
2022-10-26,TOTS3,29.42
2022-10-26,UGPA3,12.21
2022-10-26,USIM5,7.45
2022-10-26,VALE3,73.53
2022-10-26,VAMO3,14.36
2022-10-26,VBBR3,16.76
2022-10-26,VIVA3,24.73
2022-10-26,VIVT3,39.91
2022-10-26,WEGE3,37.98
2022-10-26,YDUQ3,13.38
2022-10-27,ABEV3,15.56
2022-10-27,ASAI3,18.14
2022-10-27,AURE3,14.5
2022-10-27,B3SA3,13.88
2022-10-27,BBAS3,38.59
2022-10-27,BBDC3,16.11
2022-10-27,BBDC4,19.22
2022-10-27,BBSE3,29.18
2022-10-27,BEEF3,13.3
2022-10-27,BPAC11,27.29
2022-10-27,BRAP4,24.68
2022-10-27,CCRO3,12.46
2022-10-27,CEAB3,2.79
2022-10-27,CMIG4,11.17
2022-10-27,CMIN3,3.33
2022-10-27,COGN3,3.02
2022-10-27,CPFE3,34.32
2022-10-27,CPLE3,6.93
2022-10-27,CSAN3,16.47
2022-10-27,CSMG3,15.12
2022-10-27,CSNA3,13.06
2022-10-27,CURY3,11.79
2022-10-27,CXSE3,8.54
2022-10-27,CYRE3,17.68
2022-10-27,DIRR3,16.36
2022-10-27,EGIE3,39.18
2022-10-27,ELET3,47.59
2022-10-27,EMBR3,12.9
2022-10-27,ENEV3,13.63
2022-10-27,ENGI11,46.76
2022-10-27,EQTL3,28.56
2022-10-27,FLRY3,18.06
2022-10-27,GGBR4,26.58
2022-10-27,GOAU4,11.49
2022-10-27,HAPV3,7.03
2022-10-27,HYPE3,48.0
2022-10-27,IGTI11,20.79
2022-10-27,ITSA4,10.39
2022-10-27,ITUB4,29.31
2022-10-27,KLBN11,21.01
2022-10-27,LREN3,28.3
2022-10-27,MGLU3,4.22
2022-10-27,MRFG3,10.78
2022-10-27,MRVE3,9.67
2022-10-27,MULT3,24.36
2022-10-27,NTCO3,14.13
2022-10-27,PETR3,36.33
2022-10-27,PETR4,32.96
2022-10-27,POMO4,2.76
2022-10-27,PRIO3,33.61
2022-10-27,PSSA3,22.08
2022-10-27,RADL3,24.26
2022-10-27,RAIL3,20.96
2022-10-27,RDOR3,29.17
2022-10-27,RENT3,66.53
2022-10-27,SANB11,28.98
2022-10-27,SBSP3,58.13
2022-10-27,SMFT3,16.29
2022-10-27,SUZB3,53.12
2022-10-27,TAEE11,39.63
2022-10-27,TEND3,5.45
2022-10-27,TIMS3,12.86
2022-10-27,TOTS3,30.76
2022-10-27,UGPA3,12.89
2022-10-27,USIM5,7.67
2022-10-27,VALE3,70.91
2022-10-27,VAMO3,15.34
2022-10-27,VBBR3,17.59
2022-10-27,VIVA3,25.6
2022-10-27,VIVT3,40.92
2022-10-27,WEGE3,38.83
2022-10-27,YDUQ3,14.87
2022-10-28,ABEV3,15.77
2022-10-28,ASAI3,18.81
2022-10-28,AURE3,14.67
2022-10-28,B3SA3,14.18
2022-10-28,BBAS3,38.82
2022-10-28,BBDC3,16.23
2022-10-28,BBDC4,19.33
2022-10-28,BBSE3,29.32
2022-10-28,BEEF3,13.5
2022-10-28,BPAC11,27.42
2022-10-28,BRAP4,23.86
2022-10-28,CCRO3,12.83
2022-10-28,CEAB3,2.89
2022-10-28,CMIG4,11.35
2022-10-28,CMIN3,3.26
2022-10-28,COGN3,3.18
2022-10-28,CPFE3,34.53
2022-10-28,CPLE3,6.99
2022-10-28,CSAN3,16.34
2022-10-28,CSMG3,15.0
2022-10-28,CSNA3,12.31
2022-10-28,CURY3,11.94
2022-10-28,CXSE3,8.78
2022-10-28,CYRE3,17.87
2022-10-28,DIRR3,16.45
2022-10-28,EGIE3,39.27
2022-10-28,ELET3,48.42
2022-10-28,EMBR3,13.13
2022-10-28,ENEV3,13.64
2022-10-28,ENGI11,46.5
2022-10-28,EQTL3,28.58
2022-10-28,FLRY3,18.34
2022-10-28,GGBR4,25.61
2022-10-28,GOAU4,11.13
2022-10-28,HAPV3,7.19
2022-10-28,HYPE3,48.83
2022-10-28,IGTI11,20.9
2022-10-28,ITSA4,10.4
2022-10-28,ITUB4,29.54
2022-10-28,KLBN11,21.89
2022-10-28,LREN3,28.88
2022-10-28,MGLU3,4.38
2022-10-28,MRFG3,11.01
2022-10-28,MRVE3,9.79
2022-10-28,MULT3,24.62
2022-10-28,NTCO3,14.14
2022-10-28,PETR3,35.78
2022-10-28,PETR4,32.57
2022-10-28,POMO4,2.76
2022-10-28,PRIO3,34.02
2022-10-28,PSSA3,22.41
2022-10-28,RADL3,24.84
2022-10-28,RAIL3,21.24
2022-10-28,RDOR3,30.4
2022-10-28,RENT3,67.01
2022-10-28,SANB11,29.0
2022-10-28,SBSP3,59.54
2022-10-28,SMFT3,16.66
2022-10-28,SUZB3,55.11
2022-10-28,TAEE11,39.53
2022-10-28,TEND3,5.9
2022-10-28,TIMS3,13.11
2022-10-28,TOTS3,31.72
2022-10-28,UGPA3,12.99
2022-10-28,USIM5,7.35
2022-10-28,VALE3,67.45
2022-10-28,VAMO3,15.26
2022-10-28,VBBR3,17.56
2022-10-28,VIVA3,25.8
2022-10-28,VIVT3,41.11
2022-10-28,WEGE3,38.47
2022-10-28,YDUQ3,15.3
2022-10-31,ABEV3,16.0
2022-10-31,ASAI3,19.82
2022-10-31,AURE3,14.92
2022-10-31,B3SA3,15.04
2022-10-31,BBAS3,37.02
2022-10-31,BBDC3,16.64
2022-10-31,BBDC4,19.86
2022-10-31,BBSE3,29.69
2022-10-31,BEEF3,13.68
2022-10-31,BPAC11,28.94
2022-10-31,BRAP4,24.01
2022-10-31,CCRO3,12.96
2022-10-31,CEAB3,3.02
2022-10-31,CMIG4,11.37
2022-10-31,CMIN3,3.3
2022-10-31,COGN3,3.29
2022-10-31,CPFE3,35.42
2022-10-31,CPLE3,7.01
2022-10-31,CSAN3,16.86
2022-10-31,CSMG3,15.36
2022-10-31,CSNA3,12.28
2022-10-31,CURY3,12.46
2022-10-31,CXSE3,8.82
2022-10-31,CYRE3,18.6
2022-10-31,DIRR3,17.11
2022-10-31,EGIE3,40.22
2022-10-31,ELET3,49.82
2022-10-31,EMBR3,13.75
2022-10-31,ENEV3,14.18
2022-10-31,ENGI11,48.49
2022-10-31,EQTL3,30.03
2022-10-31,FLRY3,18.6
2022-10-31,GGBR4,25.75
2022-10-31,GOAU4,11.25
2022-10-31,HAPV3,7.8
2022-10-31,HYPE3,50.81
2022-10-31,IGTI11,21.92
2022-10-31,ITSA4,10.74
2022-10-31,ITUB4,30.4
2022-10-31,KLBN11,21.62
2022-10-31,LREN3,30.9
2022-10-31,MGLU3,4.47
2022-10-31,MRFG3,10.7
2022-10-31,MRVE3,10.18
2022-10-31,MULT3,26.36
2022-10-31,NTCO3,14.95
2022-10-31,PETR3,33.26
2022-10-31,PETR4,29.81
2022-10-31,POMO4,2.88
2022-10-31,PRIO3,35.39
2022-10-31,PSSA3,23.24
2022-10-31,RADL3,26.31
2022-10-31,RAIL3,22.14
2022-10-31,RDOR3,32.17
2022-10-31,RENT3,70.54
2022-10-31,SANB11,29.78
2022-10-31,SBSP3,60.1
2022-10-31,SMFT3,17.33
2022-10-31,SUZB3,53.2
2022-10-31,TAEE11,40.19
2022-10-31,TEND3,6.09
2022-10-31,TIMS3,13.2
2022-10-31,TOTS3,33.16
2022-10-31,UGPA3,13.41
2022-10-31,USIM5,7.23
2022-10-31,VALE3,67.13
2022-10-31,VAMO3,16.12
2022-10-31,VBBR3,18.25
2022-10-31,VIVA3,26.81
2022-10-31,VIVT3,41.31
2022-10-31,WEGE3,40.28
2022-10-31,YDUQ3,16.13
2022-11-01,ABEV3,15.79
2022-11-01,ASAI3,19.89
2022-11-01,AURE3,14.77
2022-11-01,B3SA3,15.12
2022-11-01,BBAS3,37.9
2022-11-01,BBDC3,16.71
2022-11-01,BBDC4,19.97
2022-11-01,BBSE3,29.7
2022-11-01,BEEF3,13.78
2022-11-01,BPAC11,29.02
2022-11-01,BRAP4,24.66
2022-11-01,CCRO3,13.04
2022-11-01,CEAB3,3.15
2022-11-01,CMIG4,11.76
2022-11-01,CMIN3,3.55
2022-11-01,COGN3,3.31
2022-11-01,CPFE3,35.45
2022-11-01,CPLE3,7.78
2022-11-01,CSAN3,17.59
2022-11-01,CSMG3,15.47
2022-11-01,CSNA3,12.85
2022-11-01,CURY3,12.69
2022-11-01,CXSE3,8.95
2022-11-01,CYRE3,18.59
2022-11-01,DIRR3,17.42
2022-11-01,EGIE3,40.17
2022-11-01,ELET3,49.55
2022-11-01,EMBR3,13.72
2022-11-01,ENEV3,14.12
2022-11-01,ENGI11,48.34
2022-11-01,EQTL3,30.0
2022-11-01,FLRY3,18.38
2022-11-01,GGBR4,26.23
2022-11-01,GOAU4,11.31
2022-11-01,HAPV3,7.83
2022-11-01,HYPE3,48.91
2022-11-01,IGTI11,21.94
2022-11-01,ITSA4,10.76
2022-11-01,ITUB4,30.46
2022-11-01,KLBN11,21.44
2022-11-01,LREN3,30.47
2022-11-01,MGLU3,4.56
2022-11-01,MRFG3,10.92
2022-11-01,MRVE3,10.32
2022-11-01,MULT3,26.41
2022-11-01,NTCO3,14.77
2022-11-01,PETR3,33.37
2022-11-01,PETR4,29.86
2022-11-01,POMO4,2.91
2022-11-01,PRIO3,37.13
2022-11-01,PSSA3,23.41
2022-11-01,RADL3,26.1
2022-11-01,RAIL3,21.85
2022-11-01,RDOR3,33.28
2022-11-01,RENT3,70.58
2022-11-01,SANB11,29.56
2022-11-01,SBSP3,60.28
2022-11-01,SMFT3,17.8
2022-11-01,SUZB3,52.87
2022-11-01,TAEE11,39.88
2022-11-01,TEND3,5.99
2022-11-01,TIMS3,13.33
2022-11-01,TOTS3,32.11
2022-11-01,UGPA3,14.0
2022-11-01,USIM5,7.51
2022-11-01,VALE3,69.17
2022-11-01,VAMO3,15.9
2022-11-01,VBBR3,19.0
2022-11-01,VIVA3,26.64
2022-11-01,VIVT3,40.84
2022-11-01,WEGE3,39.41
2022-11-01,YDUQ3,16.44
2022-11-03,ABEV3,16.02
2022-11-03,ASAI3,20.37
2022-11-03,AURE3,14.92
2022-11-03,B3SA3,15.38
2022-11-03,BBAS3,38.69
2022-11-03,BBDC3,16.36
2022-11-03,BBDC4,19.61
2022-11-03,BBSE3,29.59
2022-11-03,BEEF3,13.75
2022-11-03,BPAC11,28.89
2022-11-03,BRAP4,24.15
2022-11-03,CCRO3,12.81
2022-11-03,CEAB3,3.14
2022-11-03,CMIG4,11.83
2022-11-03,CMIN3,3.51
2022-11-03,COGN3,3.24
2022-11-03,CPFE3,36.01
2022-11-03,CPLE3,7.66
2022-11-03,CSAN3,18.09
2022-11-03,CSMG3,15.29
2022-11-03,CSNA3,12.78
2022-11-03,CURY3,12.8
2022-11-03,CXSE3,9.01
2022-11-03,CYRE3,18.32
2022-11-03,DIRR3,17.31
2022-11-03,EGIE3,40.1
2022-11-03,ELET3,50.67
2022-11-03,EMBR3,13.59
2022-11-03,ENEV3,13.64
2022-11-03,ENGI11,48.8
2022-11-03,EQTL3,29.73
2022-11-03,FLRY3,18.54
2022-11-03,GGBR4,25.78
2022-11-03,GOAU4,11.2
2022-11-03,HAPV3,7.85
2022-11-03,HYPE3,48.15
2022-11-03,IGTI11,22.44
2022-11-03,ITSA4,10.74
2022-11-03,ITUB4,30.24
2022-11-03,KLBN11,21.9
2022-11-03,LREN3,30.47
2022-11-03,MGLU3,4.87
2022-11-03,MRFG3,11.3
2022-11-03,MRVE3,10.19
2022-11-03,MULT3,27.26
2022-11-03,NTCO3,14.47
2022-11-03,PETR3,33.46
2022-11-03,PETR4,29.95
2022-11-03,POMO4,2.96
2022-11-03,PRIO3,36.74
2022-11-03,PSSA3,24.7
2022-11-03,RADL3,26.14
2022-11-03,RAIL3,21.82
2022-11-03,RDOR3,33.35
2022-11-03,RENT3,72.38
2022-11-03,SANB11,29.26
2022-11-03,SBSP3,60.0
2022-11-03,SMFT3,18.0
2022-11-03,SUZB3,53.92
2022-11-03,TAEE11,39.45
2022-11-03,TEND3,6.27
2022-11-03,TIMS3,13.68
2022-11-03,TOTS3,32.33
2022-11-03,UGPA3,14.25
2022-11-03,USIM5,7.45
2022-11-03,VALE3,67.15
2022-11-03,VAMO3,16.27
2022-11-03,VBBR3,19.31
2022-11-03,VIVA3,26.86
2022-11-03,VIVT3,41.7
2022-11-03,WEGE3,40.2
2022-11-03,YDUQ3,16.07
2022-11-04,ABEV3,16.45
2022-11-04,ASAI3,20.55
2022-11-04,AURE3,14.9
2022-11-04,B3SA3,15.6
2022-11-04,BBAS3,39.26
2022-11-04,BBDC3,16.32
2022-11-04,BBDC4,19.4
2022-11-04,BBSE3,29.78
2022-11-04,BEEF3,14.39
2022-11-04,BPAC11,29.41
2022-11-04,BRAP4,25.64
2022-11-04,CCRO3,12.93
2022-11-04,CEAB3,3.02
2022-11-04,CMIG4,11.86
2022-11-04,CMIN3,3.69
2022-11-04,COGN3,3.21
2022-11-04,CPFE3,36.66
2022-11-04,CPLE3,7.83
2022-11-04,CSAN3,18.7
2022-11-04,CSMG3,15.65
2022-11-04,CSNA3,13.59
2022-11-04,CURY3,13.2
2022-11-04,CXSE3,8.79
2022-11-04,CYRE3,18.44
2022-11-04,DIRR3,17.73
2022-11-04,EGIE3,40.84
2022-11-04,ELET3,51.57
2022-11-04,EMBR3,13.54
2022-11-04,ENEV3,14.21
2022-11-04,ENGI11,49.08
2022-11-04,EQTL3,30.06
2022-11-04,FLRY3,18.97
2022-11-04,GGBR4,26.96
2022-11-04,GOAU4,11.75
2022-11-04,HAPV3,7.91
2022-11-04,HYPE3,48.1
2022-11-04,IGTI11,22.1
2022-11-04,ITSA4,10.77
2022-11-04,ITUB4,30.35
2022-11-04,KLBN11,22.08
2022-11-04,LREN3,29.18
2022-11-04,MGLU3,4.83
2022-11-04,MRFG3,11.53
2022-11-04,MRVE3,10.35
2022-11-04,MULT3,26.81
2022-11-04,NTCO3,14.35
2022-11-04,PETR3,31.71
2022-11-04,PETR4,28.3
2022-11-04,POMO4,2.77
2022-11-04,PRIO3,37.65
2022-11-04,PSSA3,24.7
2022-11-04,RADL3,26.48
2022-11-04,RAIL3,20.46
2022-11-04,RDOR3,33.3
2022-11-04,RENT3,73.56
2022-11-04,SANB11,29.75
2022-11-04,SBSP3,59.65
2022-11-04,SMFT3,17.88
2022-11-04,SUZB3,54.48
2022-11-04,TAEE11,39.51
2022-11-04,TEND3,5.91
2022-11-04,TIMS3,13.57
2022-11-04,TOTS3,32.41
2022-11-04,UGPA3,14.31
2022-11-04,USIM5,8.02
2022-11-04,VALE3,72.25
2022-11-04,VAMO3,16.36
2022-11-04,VBBR3,19.5
2022-11-04,VIVA3,26.83
2022-11-04,VIVT3,41.08
2022-11-04,WEGE3,40.8
2022-11-04,YDUQ3,16.35
2022-11-07,ABEV3,16.36
2022-11-07,ASAI3,20.26
2022-11-07,AURE3,14.3
2022-11-07,B3SA3,15.3
2022-11-07,BBAS3,37.89
2022-11-07,BBDC3,15.89
2022-11-07,BBDC4,18.76
2022-11-07,BBSE3,30.09
2022-11-07,BEEF3,14.03
2022-11-07,BPAC11,28.83
2022-11-07,BRAP4,25.57
2022-11-07,CCRO3,12.51
2022-11-07,CEAB3,2.88
2022-11-07,CMIG4,11.51
2022-11-07,CMIN3,3.66
2022-11-07,COGN3,2.93
2022-11-07,CPFE3,34.99
2022-11-07,CPLE3,7.66
2022-11-07,CSAN3,17.94
2022-11-07,CSMG3,15.12
2022-11-07,CSNA3,13.13
2022-11-07,CURY3,12.21
2022-11-07,CXSE3,8.61
2022-11-07,CYRE3,17.31
2022-11-07,DIRR3,16.52
2022-11-07,EGIE3,40.27
2022-11-07,ELET3,48.8
2022-11-07,EMBR3,13.33
2022-11-07,ENEV3,13.72
2022-11-07,ENGI11,47.79
2022-11-07,EQTL3,28.94
2022-11-07,FLRY3,18.17
2022-11-07,GGBR4,26.57
2022-11-07,GOAU4,11.53
2022-11-07,HAPV3,7.59
2022-11-07,HYPE3,47.92
2022-11-07,IGTI11,21.56
2022-11-07,ITSA4,10.58
2022-11-07,ITUB4,29.66
2022-11-07,KLBN11,22.22
2022-11-07,LREN3,28.27
2022-11-07,MGLU3,4.54
2022-11-07,MRFG3,11.41
2022-11-07,MRVE3,9.78
2022-11-07,MULT3,26.05
2022-11-07,NTCO3,13.42
2022-11-07,PETR3,30.63
2022-11-07,PETR4,27.15
2022-11-07,POMO4,2.8
2022-11-07,PRIO3,36.42
2022-11-07,PSSA3,24.09
2022-11-07,RADL3,26.1
2022-11-07,RAIL3,20.22
2022-11-07,RDOR3,32.7
2022-11-07,RENT3,71.28
2022-11-07,SANB11,31.5
2022-11-07,SBSP3,58.12
2022-11-07,SMFT3,16.91
2022-11-07,SUZB3,54.98
2022-11-07,TAEE11,39.02
2022-11-07,TEND3,5.52
2022-11-07,TIMS3,13.57
2022-11-07,TOTS3,31.83
2022-11-07,UGPA3,13.56
2022-11-07,USIM5,7.62
2022-11-07,VALE3,71.87
2022-11-07,VAMO3,15.65
2022-11-07,VBBR3,18.44
2022-11-07,VIVA3,25.6
2022-11-07,VIVT3,40.78
2022-11-07,WEGE3,40.9
2022-11-07,YDUQ3,14.61
2022-11-08,ABEV3,16.74
2022-11-08,ASAI3,19.96
2022-11-08,AURE3,14.2
2022-11-08,B3SA3,15.33
2022-11-08,BBAS3,38.07
2022-11-08,BBDC3,15.8
2022-11-08,BBDC4,18.58
2022-11-08,BBSE3,30.36
2022-11-08,BEEF3,14.64
2022-11-08,BPAC11,28.72
2022-11-08,BRAP4,26.18
2022-11-08,CCRO3,12.53
2022-11-08,CEAB3,2.83
2022-11-08,CMIG4,11.62
2022-11-08,CMIN3,4.02
2022-11-08,COGN3,2.88
2022-11-08,CPFE3,35.16
2022-11-08,CPLE3,7.73
2022-11-08,CSAN3,18.23
2022-11-08,CSMG3,15.23
2022-11-08,CSNA3,13.57
2022-11-08,CURY3,12.32
2022-11-08,CXSE3,8.56
2022-11-08,CYRE3,17.2
2022-11-08,DIRR3,16.35
2022-11-08,EGIE3,40.05
2022-11-08,ELET3,48.98
2022-11-08,EMBR3,13.35
2022-11-08,ENEV3,13.86
2022-11-08,ENGI11,46.85
2022-11-08,EQTL3,29.36
2022-11-08,FLRY3,18.2
2022-11-08,GGBR4,27.24
2022-11-08,GOAU4,11.9
2022-11-08,HAPV3,7.58
2022-11-08,HYPE3,48.77
2022-11-08,IGTI11,21.25
2022-11-08,ITSA4,10.61
2022-11-08,ITUB4,29.57
2022-11-08,KLBN11,22.72
2022-11-08,LREN3,27.82
2022-11-08,MGLU3,4.63
2022-11-08,MRFG3,11.42
2022-11-08,MRVE3,9.8
2022-11-08,MULT3,26.16
2022-11-08,NTCO3,13.09
2022-11-08,PETR3,30.63
2022-11-08,PETR4,27.35
2022-11-08,POMO4,2.83
2022-11-08,PRIO3,37.43
2022-11-08,PSSA3,24.06
2022-11-08,RADL3,25.92
2022-11-08,RAIL3,20.78
2022-11-08,RDOR3,32.6
2022-11-08,RENT3,71.33
2022-11-08,SANB11,31.06
2022-11-08,SBSP3,58.4
2022-11-08,SMFT3,17.27
2022-11-08,SUZB3,55.45
2022-11-08,TAEE11,39.28
2022-11-08,TEND3,5.47
2022-11-08,TIMS3,13.24
2022-11-08,TOTS3,32.1
2022-11-08,UGPA3,13.53
2022-11-08,USIM5,7.74
2022-11-08,VALE3,74.05
2022-11-08,VAMO3,15.6
2022-11-08,VBBR3,18.53
2022-11-08,VIVA3,25.41
2022-11-08,VIVT3,41.1
2022-11-08,WEGE3,40.8
2022-11-08,YDUQ3,13.98
2022-11-09,ABEV3,16.48
2022-11-09,ASAI3,20.4
2022-11-09,AURE3,14.2
2022-11-09,B3SA3,15.24
2022-11-09,BBAS3,37.06
2022-11-09,BBDC3,13.27
2022-11-09,BBDC4,15.35
2022-11-09,BBSE3,31.25
2022-11-09,BEEF3,14.33
2022-11-09,BPAC11,28.19
2022-11-09,BRAP4,26.04
2022-11-09,CCRO3,12.25
2022-11-09,CEAB3,2.88
2022-11-09,CMIG4,11.36
2022-11-09,CMIN3,3.97
2022-11-09,COGN3,2.8
2022-11-09,CPFE3,35.01
2022-11-09,CPLE3,7.53
2022-11-09,CSAN3,17.94
2022-11-09,CSMG3,15.48
2022-11-09,CSNA3,13.38
2022-11-09,CURY3,12.3
2022-11-09,CXSE3,8.6
2022-11-09,CYRE3,17.22
2022-11-09,DIRR3,15.9
2022-11-09,EGIE3,40.41
2022-11-09,ELET3,48.4
2022-11-09,EMBR3,13.35
2022-11-09,ENEV3,13.81
2022-11-09,ENGI11,47.04
2022-11-09,EQTL3,29.35
2022-11-09,FLRY3,18.14
2022-11-09,GGBR4,28.51
2022-11-09,GOAU4,12.22
2022-11-09,HAPV3,7.39
2022-11-09,HYPE3,48.57
2022-11-09,IGTI11,20.69
2022-11-09,ITSA4,10.17
2022-11-09,ITUB4,28.15
2022-11-09,KLBN11,22.53
2022-11-09,LREN3,27.43
2022-11-09,MGLU3,4.47
2022-11-09,MRFG3,11.43
2022-11-09,MRVE3,9.45
2022-11-09,MULT3,25.46
2022-11-09,NTCO3,13.14
2022-11-09,PETR3,30.06
2022-11-09,PETR4,26.9
2022-11-09,POMO4,2.83
2022-11-09,PRIO3,37.22
2022-11-09,PSSA3,23.91
2022-11-09,RADL3,25.77
2022-11-09,RAIL3,20.49
2022-11-09,RDOR3,32.3
2022-11-09,RENT3,70.24
2022-11-09,SANB11,29.21
2022-11-09,SBSP3,57.68
2022-11-09,SMFT3,17.45
2022-11-09,SUZB3,55.12
2022-11-09,TAEE11,39.2
2022-11-09,TEND3,5.38
2022-11-09,TIMS3,13.7
2022-11-09,TOTS3,33.39
2022-11-09,UGPA3,13.56
2022-11-09,USIM5,7.6
2022-11-09,VALE3,73.15
2022-11-09,VAMO3,15.34
2022-11-09,VBBR3,18.41
2022-11-09,VIVA3,25.21
2022-11-09,VIVT3,41.05
2022-11-09,WEGE3,40.6
2022-11-09,YDUQ3,13.72
2022-11-10,ABEV3,15.99
2022-11-10,ASAI3,19.52
2022-11-10,AURE3,13.67
2022-11-10,B3SA3,13.31
2022-11-10,BBAS3,36.33
2022-11-10,BBDC3,12.85
2022-11-10,BBDC4,14.9
2022-11-10,BBSE3,29.95
2022-11-10,BEEF3,13.73
2022-11-10,BPAC11,26.31
2022-11-10,BRAP4,24.57
2022-11-10,CCRO3,11.26
2022-11-10,CEAB3,2.56
2022-11-10,CMIG4,10.75
2022-11-10,CMIN3,4.08
2022-11-10,COGN3,2.64
2022-11-10,CPFE3,32.9
2022-11-10,CPLE3,7.26
2022-11-10,CSAN3,17.36
2022-11-10,CSMG3,14.75
2022-11-10,CSNA3,13.21
2022-11-10,CURY3,11.7
2022-11-10,CXSE3,8.17
2022-11-10,CYRE3,15.2
2022-11-10,DIRR3,14.4
2022-11-10,EGIE3,39.51
2022-11-10,ELET3,45.0
2022-11-10,EMBR3,13.45
2022-11-10,ENEV3,13.17
2022-11-10,ENGI11,45.32
2022-11-10,EQTL3,28.52
2022-11-10,FLRY3,17.81
2022-11-10,GGBR4,28.55
2022-11-10,GOAU4,12.19
2022-11-10,HAPV3,6.38
2022-11-10,HYPE3,47.21
2022-11-10,IGTI11,19.08
2022-11-10,ITSA4,9.92
2022-11-10,ITUB4,27.62
2022-11-10,KLBN11,22.69
2022-11-10,LREN3,25.13
2022-11-10,MGLU3,3.98
2022-11-10,MRFG3,10.83
2022-11-10,MRVE3,8.88
2022-11-10,MULT3,23.38
2022-11-10,NTCO3,13.02
2022-11-10,PETR3,29.69
2022-11-10,PETR4,26.12
2022-11-10,POMO4,2.53
2022-11-10,PRIO3,36.58
2022-11-10,PSSA3,22.34
2022-11-10,RADL3,24.38
2022-11-10,RAIL3,19.6
2022-11-10,RDOR3,32.2
2022-11-10,RENT3,64.94
2022-11-10,SANB11,28.19
2022-11-10,SBSP3,55.42
2022-11-10,SMFT3,15.9
2022-11-10,SUZB3,56.38
2022-11-10,TAEE11,38.61
2022-11-10,TEND3,5.18
2022-11-10,TIMS3,13.52
2022-11-10,TOTS3,31.57
2022-11-10,UGPA3,13.24
2022-11-10,USIM5,7.28
2022-11-10,VALE3,74.55
2022-11-10,VAMO3,14.3
2022-11-10,VBBR3,17.18
2022-11-10,VIVA3,22.91
2022-11-10,VIVT3,40.38
2022-11-10,WEGE3,39.23
2022-11-10,YDUQ3,11.81
2022-11-11,ABEV3,16.09
2022-11-11,ASAI3,19.35
2022-11-11,AURE3,13.78
2022-11-11,B3SA3,12.58
2022-11-11,BBAS3,35.52
2022-11-11,BBDC3,13.0
2022-11-11,BBDC4,15.15
2022-11-11,BBSE3,30.38
2022-11-11,BEEF3,15.17
2022-11-11,BPAC11,25.7
2022-11-11,BRAP4,26.49
2022-11-11,CCRO3,11.4
2022-11-11,CEAB3,2.45
2022-11-11,CMIG4,10.88
2022-11-11,CMIN3,3.78
2022-11-11,COGN3,2.49
2022-11-11,CPFE3,34.24
2022-11-11,CPLE3,7.31
2022-11-11,CSAN3,18.1
2022-11-11,CSMG3,14.79
2022-11-11,CSNA3,15.43
2022-11-11,CURY3,11.46
2022-11-11,CXSE3,8.22
2022-11-11,CYRE3,14.48
2022-11-11,DIRR3,14.04
2022-11-11,EGIE3,41.33
2022-11-11,ELET3,45.07
2022-11-11,EMBR3,13.93
2022-11-11,ENEV3,13.12
2022-11-11,ENGI11,46.39
2022-11-11,EQTL3,28.55
2022-11-11,FLRY3,17.39
2022-11-11,GGBR4,31.12
2022-11-11,GOAU4,13.18
2022-11-11,HAPV3,6.29
2022-11-11,HYPE3,46.79
2022-11-11,IGTI11,18.47
2022-11-11,ITSA4,8.84
2022-11-11,ITUB4,26.73
2022-11-11,KLBN11,23.74
2022-11-11,LREN3,24.52
2022-11-11,MGLU3,3.46
2022-11-11,MRFG3,11.76
2022-11-11,MRVE3,8.9
2022-11-11,MULT3,22.81
2022-11-11,NTCO3,12.88
2022-11-11,PETR3,30.7
2022-11-11,PETR4,26.99
2022-11-11,POMO4,2.43
2022-11-11,PRIO3,37.7
2022-11-11,PSSA3,22.75
2022-11-11,RADL3,23.3
2022-11-11,RAIL3,19.96
2022-11-11,RDOR3,31.24
2022-11-11,RENT3,64.32
2022-11-11,SANB11,28.83
2022-11-11,SBSP3,56.6
2022-11-11,SMFT3,15.59
2022-11-11,SUZB3,58.25
2022-11-11,TAEE11,39.51
2022-11-11,TEND3,4.93
2022-11-11,TIMS3,13.62
2022-11-11,TOTS3,31.16
2022-11-11,UGPA3,13.96
2022-11-11,USIM5,8.05
2022-11-11,VALE3,82.3
2022-11-11,VAMO3,13.45
2022-11-11,VBBR3,17.02
2022-11-11,VIVA3,22.65
2022-11-11,VIVT3,41.38
2022-11-11,WEGE3,39.99
2022-11-11,YDUQ3,12.8
2022-11-14,ABEV3,15.95
2022-11-14,ASAI3,19.6
2022-11-14,AURE3,13.83
2022-11-14,B3SA3,12.47
2022-11-14,BBAS3,36.4
2022-11-14,BBDC3,13.1
2022-11-14,BBDC4,15.16
2022-11-14,BBSE3,30.99
2022-11-14,BEEF3,14.89
2022-11-14,BPAC11,25.9
2022-11-14,BRAP4,26.9
2022-11-14,CCRO3,11.5
2022-11-14,CEAB3,2.47
2022-11-14,CMIG4,10.83
2022-11-14,CMIN3,3.78
2022-11-14,COGN3,2.46
2022-11-14,CPFE3,34.32
2022-11-14,CPLE3,7.4
2022-11-14,CSAN3,17.73
2022-11-14,CSMG3,14.92
2022-11-14,CSNA3,14.95
2022-11-14,CURY3,11.69
2022-11-14,CXSE3,8.57
2022-11-14,CYRE3,15.13
2022-11-14,DIRR3,13.94
2022-11-14,EGIE3,41.22
2022-11-14,ELET3,45.47
2022-11-14,EMBR3,13.08
2022-11-14,ENEV3,13.06
2022-11-14,ENGI11,46.5
2022-11-14,EQTL3,28.62
2022-11-14,FLRY3,17.47
2022-11-14,GGBR4,31.2
2022-11-14,GOAU4,13.27
2022-11-14,HAPV3,6.4
2022-11-14,HYPE3,47.58
2022-11-14,IGTI11,18.62
2022-11-14,ITSA4,8.95
2022-11-14,ITUB4,26.65
2022-11-14,KLBN11,23.33
2022-11-14,LREN3,25.19
2022-11-14,MGLU3,3.62
2022-11-14,MRFG3,10.89
2022-11-14,MRVE3,9.04
2022-11-14,MULT3,23.35
2022-11-14,NTCO3,13.34
2022-11-14,PETR3,31.55
2022-11-14,PETR4,27.7
2022-11-14,POMO4,2.49
2022-11-14,PRIO3,38.5
2022-11-14,PSSA3,22.36
2022-11-14,RADL3,23.84
2022-11-14,RAIL3,19.98
2022-11-14,RDOR3,31.5
2022-11-14,RENT3,65.39
2022-11-14,SANB11,28.9
2022-11-14,SBSP3,57.82
2022-11-14,SMFT3,15.87
2022-11-14,SUZB3,57.74
2022-11-14,TAEE11,40.04
2022-11-14,TEND3,4.82
2022-11-14,TIMS3,13.55
2022-11-14,TOTS3,32.66
2022-11-14,UGPA3,13.72
2022-11-14,USIM5,7.83
2022-11-14,VALE3,83.31
2022-11-14,VAMO3,13.9
2022-11-14,VBBR3,17.06
2022-11-14,VIVA3,23.48
2022-11-14,VIVT3,40.44
2022-11-14,WEGE3,40.66
2022-11-14,YDUQ3,12.48
2022-11-16,ABEV3,15.44
2022-11-16,ASAI3,19.64
2022-11-16,AURE3,13.92
2022-11-16,B3SA3,12.4
2022-11-16,BBAS3,35.25
2022-11-16,BBDC3,13.01
2022-11-16,BBDC4,15.21
2022-11-16,BBSE3,30.04
2022-11-16,BEEF3,13.51
2022-11-16,BPAC11,24.54
2022-11-16,BRAP4,27.48
2022-11-16,CCRO3,11.57
2022-11-16,CEAB3,2.39
2022-11-16,CMIG4,10.48
2022-11-16,CMIN3,3.86
2022-11-16,COGN3,2.4
2022-11-16,CPFE3,33.49
2022-11-16,CPLE3,7.1
2022-11-16,CSAN3,17.06
2022-11-16,CSMG3,14.81
2022-11-16,CSNA3,14.78
2022-11-16,CURY3,11.05
2022-11-16,CXSE3,8.21
2022-11-16,CYRE3,14.21
2022-11-16,DIRR3,13.15
2022-11-16,EGIE3,39.65
2022-11-16,ELET3,43.8
2022-11-16,EMBR3,14.38
2022-11-16,ENEV3,12.57
2022-11-16,ENGI11,45.09
2022-11-16,EQTL3,27.36
2022-11-16,FLRY3,17.13
2022-11-16,GGBR4,30.57
2022-11-16,GOAU4,13.0
2022-11-16,HAPV3,5.7
2022-11-16,HYPE3,45.13
2022-11-16,IGTI11,18.03
2022-11-16,ITSA4,8.79
2022-11-16,ITUB4,26.27
2022-11-16,KLBN11,23.13
2022-11-16,LREN3,24.1
2022-11-16,MGLU3,3.33
2022-11-16,MRFG3,10.15
2022-11-16,MRVE3,8.64
2022-11-16,MULT3,22.25
2022-11-16,NTCO3,12.72
2022-11-16,PETR3,31.2
2022-11-16,PETR4,27.15
2022-11-16,POMO4,2.42
2022-11-16,PRIO3,36.27
2022-11-16,PSSA3,22.2
2022-11-16,RADL3,23.53
2022-11-16,RAIL3,19.2
2022-11-16,RDOR3,29.84
2022-11-16,RENT3,60.59
2022-11-16,SANB11,28.03
2022-11-16,SBSP3,57.0
2022-11-16,SMFT3,15.13
2022-11-16,SUZB3,58.6
2022-11-16,TAEE11,37.11
2022-11-16,TEND3,4.74
2022-11-16,TIMS3,13.14
2022-11-16,TOTS3,30.27
2022-11-16,UGPA3,12.88
2022-11-16,USIM5,7.86
2022-11-16,VALE3,82.44
2022-11-16,VAMO3,13.15
2022-11-16,VBBR3,16.58
2022-11-16,VIVA3,22.54
2022-11-16,VIVT3,39.26
2022-11-16,WEGE3,38.71
2022-11-16,YDUQ3,12.39
2022-11-17,ABEV3,15.4
2022-11-17,ASAI3,19.5
2022-11-17,AURE3,13.72
2022-11-17,B3SA3,11.65
2022-11-17,BBAS3,34.5
2022-11-17,BBDC3,13.2
2022-11-17,BBDC4,15.54
2022-11-17,BBSE3,29.94
2022-11-17,BEEF3,12.9
2022-11-17,BPAC11,24.53
2022-11-17,BRAP4,27.48
2022-11-17,CCRO3,11.53
2022-11-17,CEAB3,2.37
2022-11-17,CMIG4,10.24
2022-11-17,CMIN3,3.76
2022-11-17,COGN3,2.35
2022-11-17,CPFE3,33.39
2022-11-17,CPLE3,6.92
2022-11-17,CSAN3,17.1
2022-11-17,CSMG3,14.56
2022-11-17,CSNA3,14.61
2022-11-17,CURY3,10.85
2022-11-17,CXSE3,7.9
2022-11-17,CYRE3,13.7
2022-11-17,DIRR3,13.31
2022-11-17,EGIE3,39.5
2022-11-17,ELET3,43.82
2022-11-17,EMBR3,13.89
2022-11-17,ENEV3,12.6
2022-11-17,ENGI11,44.02
2022-11-17,EQTL3,27.43
2022-11-17,FLRY3,17.3
2022-11-17,GGBR4,30.36
2022-11-17,GOAU4,12.98
2022-11-17,HAPV3,5.5
2022-11-17,HYPE3,45.46
2022-11-17,IGTI11,17.68
2022-11-17,ITSA4,8.83
2022-11-17,ITUB4,26.43
2022-11-17,KLBN11,22.43
2022-11-17,LREN3,24.25
2022-11-17,MGLU3,3.39
2022-11-17,MRFG3,10.13
2022-11-17,MRVE3,8.61
2022-11-17,MULT3,22.08
2022-11-17,NTCO3,12.84
2022-11-17,PETR3,30.96
2022-11-17,PETR4,27.16
2022-11-17,POMO4,2.4
2022-11-17,PRIO3,35.8
2022-11-17,PSSA3,21.95
2022-11-17,RADL3,23.0
2022-11-17,RAIL3,18.88
2022-11-17,RDOR3,29.49
2022-11-17,RENT3,60.38
2022-11-17,SANB11,27.91
2022-11-17,SBSP3,55.11
2022-11-17,SMFT3,15.31
2022-11-17,SUZB3,57.94
2022-11-17,TAEE11,37.13
2022-11-17,TEND3,4.39
2022-11-17,TIMS3,12.94
2022-11-17,TOTS3,29.49
2022-11-17,UGPA3,13.13
2022-11-17,USIM5,7.91
2022-11-17,VALE3,83.1
2022-11-17,VAMO3,12.78
2022-11-17,VBBR3,16.78
2022-11-17,VIVA3,22.03
2022-11-17,VIVT3,38.81
2022-11-17,WEGE3,39.55
2022-11-17,YDUQ3,11.81
2022-11-18,ABEV3,15.62
2022-11-18,ASAI3,19.15
2022-11-18,AURE3,13.77
2022-11-18,B3SA3,11.87
2022-11-18,BBAS3,34.38
2022-11-18,BBDC3,13.26
2022-11-18,BBDC4,15.61
2022-11-18,BBSE3,30.16
2022-11-18,BEEF3,13.23
2022-11-18,BPAC11,24.89
2022-11-18,BRAP4,27.08
2022-11-18,CCRO3,11.33
2022-11-18,CEAB3,2.31
2022-11-18,CMIG4,10.34
2022-11-18,CMIN3,3.63
2022-11-18,COGN3,2.26
2022-11-18,CPFE3,33.72
2022-11-18,CPLE3,6.66
2022-11-18,CSAN3,17.05
2022-11-18,CSMG3,14.54
2022-11-18,CSNA3,14.09
2022-11-18,CURY3,10.81
2022-11-18,CXSE3,7.94
2022-11-18,CYRE3,13.61
2022-11-18,DIRR3,13.53
2022-11-18,EGIE3,39.65
2022-11-18,ELET3,44.03
2022-11-18,EMBR3,14.2
2022-11-18,ENEV3,12.75
2022-11-18,ENGI11,44.5
2022-11-18,EQTL3,27.51
2022-11-18,FLRY3,17.1
2022-11-18,GGBR4,29.83
2022-11-18,GOAU4,12.74
2022-11-18,HAPV3,5.68
2022-11-18,HYPE3,44.7
2022-11-18,IGTI11,17.83
2022-11-18,ITSA4,8.91
2022-11-18,ITUB4,26.64
2022-11-18,KLBN11,22.06
2022-11-18,LREN3,24.24
2022-11-18,MGLU3,3.15
2022-11-18,MRFG3,9.9
2022-11-18,MRVE3,8.4
2022-11-18,MULT3,22.19
2022-11-18,NTCO3,12.31
2022-11-18,PETR3,30.39
2022-11-18,PETR4,26.7
2022-11-18,POMO4,2.38
2022-11-18,PRIO3,34.5
2022-11-18,PSSA3,21.71
2022-11-18,RADL3,23.2
2022-11-18,RAIL3,19.26
2022-11-18,RDOR3,28.55
2022-11-18,RENT3,60.22
2022-11-18,SANB11,27.86
2022-11-18,SBSP3,55.21
2022-11-18,SMFT3,15.78
2022-11-18,SUZB3,57.57
2022-11-18,TAEE11,37.03
2022-11-18,TEND3,4.73
2022-11-18,TIMS3,12.82
2022-11-18,TOTS3,29.51
2022-11-18,UGPA3,13.14
2022-11-18,USIM5,7.58
2022-11-18,VALE3,80.83
2022-11-18,VAMO3,12.76
2022-11-18,VBBR3,17.17
2022-11-18,VIVA3,22.56
2022-11-18,VIVT3,38.71
2022-11-18,WEGE3,39.28
2022-11-18,YDUQ3,11.3
2022-11-21,ABEV3,15.67
2022-11-21,ASAI3,19.71
2022-11-21,AURE3,14.4
2022-11-21,B3SA3,12.03
2022-11-21,BBAS3,35.2
2022-11-21,BBDC3,13.15
2022-11-21,BBDC4,15.5
2022-11-21,BBSE3,30.46
2022-11-21,BEEF3,13.0
2022-11-21,BPAC11,25.32
2022-11-21,BRAP4,26.56
2022-11-21,CCRO3,11.5
2022-11-21,CEAB3,2.37
2022-11-21,CMIG4,11.12
2022-11-21,CMIN3,3.56
2022-11-21,COGN3,2.31
2022-11-21,CPFE3,34.02
2022-11-21,CPLE3,7.97
2022-11-21,CSAN3,16.77
2022-11-21,CSMG3,15.53
2022-11-21,CSNA3,13.93
2022-11-21,CURY3,11.19
2022-11-21,CXSE3,8.01
2022-11-21,CYRE3,14.7
2022-11-21,DIRR3,14.24
2022-11-21,EGIE3,40.18
2022-11-21,ELET3,45.62
2022-11-21,EMBR3,14.36
2022-11-21,ENEV3,12.85
2022-11-21,ENGI11,45.76
2022-11-21,EQTL3,27.73
2022-11-21,FLRY3,17.54
2022-11-21,GGBR4,30.1
2022-11-21,GOAU4,12.97
2022-11-21,HAPV3,5.6
2022-11-21,HYPE3,45.54
2022-11-21,IGTI11,18.94
2022-11-21,ITSA4,8.87
2022-11-21,ITUB4,26.72
2022-11-21,KLBN11,21.37
2022-11-21,LREN3,25.11
2022-11-21,MGLU3,3.38
2022-11-21,MRFG3,9.8
2022-11-21,MRVE3,8.62
2022-11-21,MULT3,23.55
2022-11-21,NTCO3,12.64
2022-11-21,PETR3,30.28
2022-11-21,PETR4,26.78
2022-11-21,POMO4,2.42
2022-11-21,PRIO3,34.49
2022-11-21,PSSA3,22.38
2022-11-21,RADL3,23.52
2022-11-21,RAIL3,19.83
2022-11-21,RDOR3,28.82
2022-11-21,RENT3,61.62
2022-11-21,SANB11,27.92
2022-11-21,SBSP3,59.25
2022-11-21,SMFT3,16.26
2022-11-21,SUZB3,55.92
2022-11-21,TAEE11,37.04
2022-11-21,TEND3,4.68
2022-11-21,TIMS3,12.94
2022-11-21,TOTS3,30.38
2022-11-21,UGPA3,13.22
2022-11-21,USIM5,7.4
2022-11-21,VALE3,79.92
2022-11-21,VAMO3,13.14
2022-11-21,VBBR3,17.27
2022-11-21,VIVA3,23.25
2022-11-21,VIVT3,38.96
2022-11-21,WEGE3,39.49
2022-11-21,YDUQ3,11.54
2022-11-22,ABEV3,15.66
2022-11-22,ASAI3,19.47
2022-11-22,AURE3,13.85
2022-11-22,B3SA3,11.99
2022-11-22,BBAS3,34.04
2022-11-22,BBDC3,13.17
2022-11-22,BBDC4,15.44
2022-11-22,BBSE3,30.27
2022-11-22,BEEF3,12.73
2022-11-22,BPAC11,24.45
2022-11-22,BRAP4,26.72
2022-11-22,CCRO3,11.26
2022-11-22,CEAB3,2.34
2022-11-22,CMIG4,11.09
2022-11-22,CMIN3,3.57
2022-11-22,COGN3,2.3
2022-11-22,CPFE3,33.73
2022-11-22,CPLE3,7.61
2022-11-22,CSAN3,16.82
2022-11-22,CSMG3,15.01
2022-11-22,CSNA3,14.42
2022-11-22,CURY3,10.78
2022-11-22,CXSE3,7.91
2022-11-22,CYRE3,14.21
2022-11-22,DIRR3,13.59
2022-11-22,EGIE3,39.77
2022-11-22,ELET3,45.55
2022-11-22,EMBR3,14.29
2022-11-22,ENEV3,12.81
2022-11-22,ENGI11,44.92
2022-11-22,EQTL3,27.67
2022-11-22,FLRY3,17.19
2022-11-22,GGBR4,28.95
2022-11-22,GOAU4,12.86
2022-11-22,HAPV3,5.4
2022-11-22,HYPE3,44.34
2022-11-22,IGTI11,18.43
2022-11-22,ITSA4,8.8
2022-11-22,ITUB4,26.28
2022-11-22,KLBN11,21.54
2022-11-22,LREN3,24.7
2022-11-22,MGLU3,3.34
2022-11-22,MRFG3,9.48
2022-11-22,MRVE3,8.47
2022-11-22,MULT3,22.93
2022-11-22,NTCO3,12.38
2022-11-22,PETR3,27.06
2022-11-22,PETR4,23.33
2022-11-22,POMO4,2.41
2022-11-22,PRIO3,35.47
2022-11-22,PSSA3,22.3
2022-11-22,RADL3,22.65
2022-11-22,RAIL3,19.51
2022-11-22,RDOR3,28.32
2022-11-22,RENT3,60.62
2022-11-22,SANB11,27.87
2022-11-22,SBSP3,58.86
2022-11-22,SMFT3,15.82
2022-11-22,SUZB3,56.08
2022-11-22,TAEE11,36.9
2022-11-22,TEND3,4.52
2022-11-22,TIMS3,12.9
2022-11-22,TOTS3,29.48
2022-11-22,UGPA3,13.55
2022-11-22,USIM5,7.69
2022-11-22,VALE3,80.14
2022-11-22,VAMO3,12.83
2022-11-22,VBBR3,16.88
2022-11-22,VIVA3,22.5
2022-11-22,VIVT3,38.79
2022-11-22,WEGE3,38.9
2022-11-22,YDUQ3,11.4
2022-11-23,ABEV3,15.72
2022-11-23,ASAI3,19.35
2022-11-23,AURE3,13.49
2022-11-23,B3SA3,11.99
2022-11-23,BBAS3,34.46
2022-11-23,BBDC3,13.12
2022-11-23,BBDC4,15.33
2022-11-23,BBSE3,31.0
2022-11-23,BEEF3,12.52
2022-11-23,BPAC11,24.71
2022-11-23,BRAP4,26.94
2022-11-23,CCRO3,11.13
2022-11-23,CEAB3,2.33
2022-11-23,CMIG4,10.97
2022-11-23,CMIN3,3.58
2022-11-23,COGN3,2.3
2022-11-23,CPFE3,33.85
2022-11-23,CPLE3,7.44
2022-11-23,CSAN3,16.48
2022-11-23,CSMG3,15.09
2022-11-23,CSNA3,14.45
2022-11-23,CURY3,10.46
2022-11-23,CXSE3,8.04
2022-11-23,CYRE3,13.79
2022-11-23,DIRR3,13.41
2022-11-23,EGIE3,39.27
2022-11-23,ELET3,45.22
2022-11-23,EMBR3,14.18
2022-11-23,ENEV3,12.63
2022-11-23,ENGI11,44.44
2022-11-23,EQTL3,27.92
2022-11-23,FLRY3,16.91
2022-11-23,GGBR4,29.36
2022-11-23,GOAU4,12.94
2022-11-23,HAPV3,5.33
2022-11-23,HYPE3,43.56
2022-11-23,IGTI11,18.28
2022-11-23,ITSA4,8.74
2022-11-23,ITUB4,26.01
2022-11-23,KLBN11,21.31
2022-11-23,LREN3,24.22
2022-11-23,MGLU3,3.38
2022-11-23,MRFG3,9.78
2022-11-23,MRVE3,8.31
2022-11-23,MULT3,22.7
2022-11-23,NTCO3,11.86
2022-11-23,PETR3,27.07
2022-11-23,PETR4,23.44
2022-11-23,POMO4,2.42
2022-11-23,PRIO3,35.27
2022-11-23,PSSA3,22.82
2022-11-23,RADL3,22.5
2022-11-23,RAIL3,19.38
2022-11-23,RDOR3,29.33
2022-11-23,RENT3,59.39
2022-11-23,SANB11,27.87
2022-11-23,SBSP3,59.0
2022-11-23,SMFT3,15.5
2022-11-23,SUZB3,55.71
2022-11-23,TAEE11,36.71
2022-11-23,TEND3,4.45
2022-11-23,TIMS3,12.93
2022-11-23,TOTS3,29.2
2022-11-23,UGPA3,13.23
2022-11-23,USIM5,7.67
2022-11-23,VALE3,80.93
2022-11-23,VAMO3,12.9
2022-11-23,VBBR3,16.4
2022-11-23,VIVA3,21.85
2022-11-23,VIVT3,38.99
2022-11-23,WEGE3,38.94
2022-11-23,YDUQ3,11.4
2022-11-24,ABEV3,16.04
2022-11-24,ASAI3,19.81
2022-11-24,AURE3,13.98
2022-11-24,B3SA3,12.66
2022-11-24,BBAS3,35.02
2022-11-24,BBDC3,13.35
2022-11-24,BBDC4,15.64
2022-11-24,BBSE3,31.71
2022-11-24,BEEF3,12.92
2022-11-24,BPAC11,25.77
2022-11-24,BRAP4,27.12
2022-11-24,CCRO3,11.57
2022-11-24,CEAB3,2.44
2022-11-24,CMIG4,11.41
2022-11-24,CMIN3,3.64
2022-11-24,COGN3,2.37
2022-11-24,CPFE3,34.44
2022-11-24,CPLE3,7.61
2022-11-24,CSAN3,17.1
2022-11-24,CSMG3,15.61
2022-11-24,CSNA3,14.87
2022-11-24,CURY3,11.04
2022-11-24,CXSE3,8.23
2022-11-24,CYRE3,14.33
2022-11-24,DIRR3,14.54
2022-11-24,EGIE3,39.91
2022-11-24,ELET3,46.8
2022-11-24,EMBR3,14.5
2022-11-24,ENEV3,13.03
2022-11-24,ENGI11,45.62
2022-11-24,EQTL3,28.64
2022-11-24,FLRY3,17.4
2022-11-24,GGBR4,29.65
2022-11-24,GOAU4,13.03
2022-11-24,HAPV3,5.59
2022-11-24,HYPE3,45.1
2022-11-24,IGTI11,19.12
2022-11-24,ITSA4,9.03
2022-11-24,ITUB4,26.94
2022-11-24,KLBN11,21.4
2022-11-24,LREN3,25.57
2022-11-24,MGLU3,3.6
2022-11-24,MRFG3,9.84
2022-11-24,MRVE3,8.55
2022-11-24,MULT3,23.61
2022-11-24,NTCO3,12.18
2022-11-24,PETR3,28.12
2022-11-24,PETR4,24.25
2022-11-24,POMO4,2.5
2022-11-24,PRIO3,36.51
2022-11-24,PSSA3,23.52
2022-11-24,RADL3,23.25
2022-11-24,RAIL3,19.96
2022-11-24,RDOR3,31.36
2022-11-24,RENT3,61.4
2022-11-24,SANB11,28.53
2022-11-24,SBSP3,60.48
2022-11-24,SMFT3,16.3
2022-11-24,SUZB3,55.95
2022-11-24,TAEE11,37.18
2022-11-24,TEND3,5.04
2022-11-24,TIMS3,13.25
2022-11-24,TOTS3,30.46
2022-11-24,UGPA3,13.99
2022-11-24,USIM5,7.8
2022-11-24,VALE3,81.45
2022-11-24,VAMO3,13.47
2022-11-24,VBBR3,17.29
2022-11-24,VIVA3,23.19
2022-11-24,VIVT3,39.49
2022-11-24,WEGE3,39.76
2022-11-24,YDUQ3,11.81
2022-11-25,ABEV3,15.77
2022-11-25,ASAI3,19.21
2022-11-25,AURE3,13.83
2022-11-25,B3SA3,12.05
2022-11-25,BBAS3,34.21
2022-11-25,BBDC3,13.18
2022-11-25,BBDC4,15.35
2022-11-25,BBSE3,30.7
2022-11-25,BEEF3,12.68
2022-11-25,BPAC11,24.65
2022-11-25,BRAP4,26.79
2022-11-25,CCRO3,11.37
2022-11-25,CEAB3,2.34
2022-11-25,CMIG4,11.13
2022-11-25,CMIN3,3.6
2022-11-25,COGN3,2.28
2022-11-25,CPFE3,33.83
2022-11-25,CPLE3,7.31
2022-11-25,CSAN3,16.79
2022-11-25,CSMG3,15.46
2022-11-25,CSNA3,14.99
2022-11-25,CURY3,10.67
2022-11-25,CXSE3,8.15
2022-11-25,CYRE3,13.82
2022-11-25,DIRR3,13.97
2022-11-25,EGIE3,39.19
2022-11-25,ELET3,45.33
2022-11-25,EMBR3,14.31
2022-11-25,ENEV3,12.42
2022-11-25,ENGI11,43.96
2022-11-25,EQTL3,27.5
2022-11-25,FLRY3,17.16
2022-11-25,GGBR4,29.37
2022-11-25,GOAU4,13.02
2022-11-25,HAPV3,5.3
2022-11-25,HYPE3,44.66
2022-11-25,IGTI11,18.36
2022-11-25,ITSA4,8.83
2022-11-25,ITUB4,25.99
2022-11-25,KLBN11,20.82
2022-11-25,LREN3,23.97
2022-11-25,MGLU3,3.42
2022-11-25,MRFG3,9.62
2022-11-25,MRVE3,8.31
2022-11-25,MULT3,22.6
2022-11-25,NTCO3,11.45
2022-11-25,PETR3,27.49
2022-11-25,PETR4,23.86
2022-11-25,POMO4,2.43
2022-11-25,PRIO3,34.65
2022-11-25,PSSA3,23.19
2022-11-25,RADL3,22.47
2022-11-25,RAIL3,18.91
2022-11-25,RDOR3,29.64
2022-11-25,RENT3,58.46
2022-11-25,SANB11,27.74
2022-11-25,SBSP3,60.09
2022-11-25,SMFT3,15.23
2022-11-25,SUZB3,54.94
2022-11-25,TAEE11,36.42
2022-11-25,TEND3,4.89
2022-11-25,TIMS3,13.07
2022-11-25,TOTS3,28.85
2022-11-25,UGPA3,13.2
2022-11-25,USIM5,7.61
2022-11-25,VALE3,80.9
2022-11-25,VAMO3,12.79
2022-11-25,VBBR3,16.46
2022-11-25,VIVA3,22.49
2022-11-25,VIVT3,38.73
2022-11-25,WEGE3,39.1
2022-11-25,YDUQ3,11.23
2022-11-28,ABEV3,15.91
2022-11-28,ASAI3,19.32
2022-11-28,AURE3,14.01
2022-11-28,B3SA3,12.08
2022-11-28,BBAS3,34.83
2022-11-28,BBDC3,13.13
2022-11-28,BBDC4,15.33
2022-11-28,BBSE3,30.55
2022-11-28,BEEF3,12.56
2022-11-28,BPAC11,24.5
2022-11-28,BRAP4,26.8
2022-11-28,CCRO3,11.63
2022-11-28,CEAB3,2.23
2022-11-28,CMIG4,11.15
2022-11-28,CMIN3,3.55
2022-11-28,COGN3,2.19
2022-11-28,CPFE3,33.92
2022-11-28,CPLE3,7.27
2022-11-28,CSAN3,16.98
2022-11-28,CSMG3,15.54
2022-11-28,CSNA3,13.23
2022-11-28,CURY3,10.56
2022-11-28,CXSE3,8.02
2022-11-28,CYRE3,13.68
2022-11-28,DIRR3,13.7
2022-11-28,EGIE3,39.23
2022-11-28,ELET3,45.72
2022-11-28,EMBR3,14.02
2022-11-28,ENEV3,12.14
2022-11-28,ENGI11,43.4
2022-11-28,EQTL3,27.2
2022-11-28,FLRY3,17.48
2022-11-28,GGBR4,29.27
2022-11-28,GOAU4,13.03
2022-11-28,HAPV3,5.14
2022-11-28,HYPE3,44.17
2022-11-28,IGTI11,18.47
2022-11-28,ITSA4,8.76
2022-11-28,ITUB4,25.52
2022-11-28,KLBN11,20.64
2022-11-28,LREN3,22.91
2022-11-28,MGLU3,3.32
2022-11-28,MRFG3,9.05
2022-11-28,MRVE3,8.29
2022-11-28,MULT3,22.62
2022-11-28,NTCO3,11.37
2022-11-28,PETR3,28.17
2022-11-28,PETR4,24.36
2022-11-28,POMO4,2.41
2022-11-28,PRIO3,34.9
2022-11-28,PSSA3,23.53
2022-11-28,RADL3,22.35
2022-11-28,RAIL3,19.6
2022-11-28,RDOR3,29.25
2022-11-28,RENT3,58.55
2022-11-28,SANB11,27.47
2022-11-28,SBSP3,60.17
2022-11-28,SMFT3,15.01
2022-11-28,SUZB3,54.94
2022-11-28,TAEE11,36.07
2022-11-28,TEND3,4.47
2022-11-28,TIMS3,13.07
2022-11-28,TOTS3,28.87
2022-11-28,UGPA3,13.33
2022-11-28,USIM5,7.28
2022-11-28,VALE3,81.3
2022-11-28,VAMO3,12.8
2022-11-28,VBBR3,16.04
2022-11-28,VIVA3,21.84
2022-11-28,VIVT3,38.47
2022-11-28,WEGE3,37.5
2022-11-28,YDUQ3,11.29
2022-11-29,ABEV3,15.76
2022-11-29,ASAI3,19.4
2022-11-29,AURE3,14.26
2022-11-29,B3SA3,12.55
2022-11-29,BBAS3,35.25
2022-11-29,BBDC3,13.34
2022-11-29,BBDC4,15.51
2022-11-29,BBSE3,30.89
2022-11-29,BEEF3,12.82
2022-11-29,BPAC11,25.06
2022-11-29,BRAP4,27.9
2022-11-29,CCRO3,11.75
2022-11-29,CEAB3,2.37
2022-11-29,CMIG4,11.41
2022-11-29,CMIN3,3.82
2022-11-29,COGN3,2.25
2022-11-29,CPFE3,34.12
2022-11-29,CPLE3,7.33
2022-11-29,CSAN3,17.27
2022-11-29,CSMG3,15.55
2022-11-29,CSNA3,14.35
2022-11-29,CURY3,11.0
2022-11-29,CXSE3,8.09
2022-11-29,CYRE3,14.34
2022-11-29,DIRR3,14.62
2022-11-29,EGIE3,39.29
2022-11-29,ELET3,46.52
2022-11-29,EMBR3,13.51
2022-11-29,ENEV3,12.19
2022-11-29,ENGI11,43.14
2022-11-29,EQTL3,27.43
2022-11-29,FLRY3,17.72
2022-11-29,GGBR4,31.02
2022-11-29,GOAU4,13.5
2022-11-29,HAPV3,5.19
2022-11-29,HYPE3,44.41
2022-11-29,IGTI11,19.0
2022-11-29,ITSA4,8.79
2022-11-29,ITUB4,25.74
2022-11-29,KLBN11,20.0
2022-11-29,LREN3,22.96
2022-11-29,MGLU3,3.36
2022-11-29,MRFG3,9.06
2022-11-29,MRVE3,8.52
2022-11-29,MULT3,23.1
2022-11-29,NTCO3,11.51
2022-11-29,PETR3,29.38
2022-11-29,PETR4,25.38
2022-11-29,POMO4,2.45
2022-11-29,PRIO3,35.28
2022-11-29,PSSA3,23.69
2022-11-29,RADL3,22.47
2022-11-29,RAIL3,19.46
2022-11-29,RDOR3,30.23
2022-11-29,RENT3,60.42
2022-11-29,SANB11,27.56
2022-11-29,SBSP3,59.84
2022-11-29,SMFT3,15.65
2022-11-29,SUZB3,53.31
2022-11-29,TAEE11,36.0
2022-11-29,TEND3,4.55
2022-11-29,TIMS3,13.12
2022-11-29,TOTS3,29.21
2022-11-29,UGPA3,13.74
2022-11-29,USIM5,7.72
2022-11-29,VALE3,84.44
2022-11-29,VAMO3,13.24
2022-11-29,VBBR3,16.36
2022-11-29,VIVA3,22.15
2022-11-29,VIVT3,38.44
2022-11-29,WEGE3,37.71
2022-11-29,YDUQ3,11.48
2022-11-30,ABEV3,15.92
2022-11-30,ASAI3,20.05
2022-11-30,AURE3,13.83
2022-11-30,B3SA3,12.73
2022-11-30,BBAS3,35.28
2022-11-30,BBDC3,13.76
2022-11-30,BBDC4,15.58
2022-11-30,BBSE3,31.32
2022-11-30,BEEF3,12.5
2022-11-30,BPAC11,25.17
2022-11-30,BRAP4,28.3
2022-11-30,CCRO3,11.81
2022-11-30,CEAB3,2.37
2022-11-30,CMIG4,11.48
2022-11-30,CMIN3,3.87
2022-11-30,COGN3,2.24
2022-11-30,CPFE3,34.9
2022-11-30,CPLE3,7.51
2022-11-30,CSAN3,18.03
2022-11-30,CSMG3,15.8
2022-11-30,CSNA3,14.52
2022-11-30,CURY3,11.01
2022-11-30,CXSE3,8.05
2022-11-30,CYRE3,14.36
2022-11-30,DIRR3,14.8
2022-11-30,EGIE3,39.5
2022-11-30,ELET3,47.5
2022-11-30,EMBR3,13.55
2022-11-30,ENEV3,12.34
2022-11-30,ENGI11,43.31
2022-11-30,EQTL3,27.55
2022-11-30,FLRY3,17.73
2022-11-30,GGBR4,31.57
2022-11-30,GOAU4,13.69
2022-11-30,HAPV3,5.2
2022-11-30,HYPE3,44.44
2022-11-30,IGTI11,18.92
2022-11-30,ITSA4,8.88
2022-11-30,ITUB4,26.0
2022-11-30,KLBN11,19.7
2022-11-30,LREN3,23.15
2022-11-30,MGLU3,3.41
2022-11-30,MRFG3,8.75
2022-11-30,MRVE3,8.59
2022-11-30,MULT3,22.93
2022-11-30,NTCO3,11.71
2022-11-30,PETR3,30.39
2022-11-30,PETR4,26.66
2022-11-30,POMO4,2.46
2022-11-30,PRIO3,36.05
2022-11-30,PSSA3,24.21
2022-11-30,RADL3,23.05
2022-11-30,RAIL3,19.46
2022-11-30,RDOR3,31.06
2022-11-30,RENT3,60.1
2022-11-30,SANB11,27.66
2022-11-30,SBSP3,60.29
2022-11-30,SMFT3,15.18
2022-11-30,SUZB3,53.15
2022-11-30,TAEE11,34.54
2022-11-30,TEND3,4.48
2022-11-30,TIMS3,13.0
2022-11-30,TOTS3,30.86
2022-11-30,UGPA3,14.2
2022-11-30,USIM5,7.82
2022-11-30,VALE3,85.71
2022-11-30,VAMO3,13.26
2022-11-30,VBBR3,16.53
2022-11-30,VIVA3,22.06
2022-11-30,VIVT3,38.05
2022-11-30,WEGE3,39.0
2022-11-30,YDUQ3,11.5
2022-12-01,ABEV3,16.08
2022-12-01,ASAI3,19.68
2022-12-01,AURE3,13.95
2022-12-01,B3SA3,12.41
2022-12-01,BBAS3,35.24
2022-12-01,BBDC3,13.42
2022-12-01,BBDC4,15.4
2022-12-01,BBSE3,32.05
2022-12-01,BEEF3,11.89
2022-12-01,BPAC11,24.99
2022-12-01,BRAP4,28.75
2022-12-01,CCRO3,11.47
2022-12-01,CEAB3,2.33
2022-12-01,CMIG4,11.27
2022-12-01,CMIN3,3.81
2022-12-01,COGN3,2.2
2022-12-01,CPFE3,34.07
2022-12-01,CPLE3,7.4
2022-12-01,CSAN3,17.47
2022-12-01,CSMG3,15.75
2022-12-01,CSNA3,14.33
2022-12-01,CURY3,10.91
2022-12-01,CXSE3,8.19
2022-12-01,CYRE3,14.09
2022-12-01,DIRR3,14.21
2022-12-01,EGIE3,40.21
2022-12-01,ELET3,46.1
2022-12-01,EMBR3,13.86
2022-12-01,ENEV3,12.27
2022-12-01,ENGI11,43.0
2022-12-01,EQTL3,27.37
2022-12-01,FLRY3,17.46
2022-12-01,GGBR4,30.68
2022-12-01,GOAU4,13.45
2022-12-01,HAPV3,4.91
2022-12-01,HYPE3,44.38
2022-12-01,IGTI11,18.45
2022-12-01,ITSA4,8.73
2022-12-01,ITUB4,25.98
2022-12-01,KLBN11,19.75
2022-12-01,LREN3,22.42
2022-12-01,MGLU3,3.1
2022-12-01,MRFG3,8.14
2022-12-01,MRVE3,8.37
2022-12-01,MULT3,22.02
2022-12-01,NTCO3,11.33
2022-12-01,PETR3,29.25
2022-12-01,PETR4,25.59
2022-12-01,POMO4,2.44
2022-12-01,PRIO3,36.7
2022-12-01,PSSA3,23.97
2022-12-01,RADL3,22.85
2022-12-01,RAIL3,19.11
2022-12-01,RDOR3,30.3
2022-12-01,RENT3,58.04
2022-12-01,SANB11,27.7
2022-12-01,SBSP3,60.23
2022-12-01,SMFT3,15.32
2022-12-01,SUZB3,53.17
2022-12-01,TAEE11,35.15
2022-12-01,TEND3,4.37
2022-12-01,TIMS3,13.0
2022-12-01,TOTS3,29.44
2022-12-01,UGPA3,14.01
2022-12-01,USIM5,7.47
2022-12-01,VALE3,86.18
2022-12-01,VAMO3,13.02
2022-12-01,VBBR3,16.19
2022-12-01,VIVA3,21.69
2022-12-01,VIVT3,38.56
2022-12-01,WEGE3,38.31
2022-12-01,YDUQ3,11.31
2022-12-02,ABEV3,16.33
2022-12-02,ASAI3,20.54
2022-12-02,AURE3,13.79
2022-12-02,B3SA3,12.7
2022-12-02,BBAS3,36.03
2022-12-02,BBDC3,13.37
2022-12-02,BBDC4,15.37
2022-12-02,BBSE3,32.56
2022-12-02,BEEF3,12.02
2022-12-02,BPAC11,25.62
2022-12-02,BRAP4,29.14
2022-12-02,CCRO3,11.68
2022-12-02,CEAB3,2.38
2022-12-02,CMIG4,11.36
2022-12-02,CMIN3,3.81
2022-12-02,COGN3,2.2
2022-12-02,CPFE3,33.49
2022-12-02,CPLE3,7.26
2022-12-02,CSAN3,17.61
2022-12-02,CSMG3,15.93
2022-12-02,CSNA3,14.51
2022-12-02,CURY3,11.49
2022-12-02,CXSE3,8.16
2022-12-02,CYRE3,14.62
2022-12-02,DIRR3,15.28
2022-12-02,EGIE3,40.02
2022-12-02,ELET3,43.99
2022-12-02,EMBR3,13.98
2022-12-02,ENEV3,12.31
2022-12-02,ENGI11,42.48
2022-12-02,EQTL3,27.21
2022-12-02,FLRY3,17.54
2022-12-02,GGBR4,31.1
2022-12-02,GOAU4,13.56
2022-12-02,HAPV3,5.23
2022-12-02,HYPE3,45.26
2022-12-02,IGTI11,18.92
2022-12-02,ITSA4,8.77
2022-12-02,ITUB4,26.33
2022-12-02,KLBN11,19.82
2022-12-02,LREN3,22.31
2022-12-02,MGLU3,3.24
2022-12-02,MRFG3,8.09
2022-12-02,MRVE3,8.51
2022-12-02,MULT3,22.6
2022-12-02,NTCO3,12.48
2022-12-02,PETR3,29.63
2022-12-02,PETR4,25.91
2022-12-02,POMO4,2.47
2022-12-02,PRIO3,36.69
2022-12-02,PSSA3,23.84
2022-12-02,RADL3,23.33
2022-12-02,RAIL3,19.24
2022-12-02,RDOR3,30.71
2022-12-02,RENT3,58.87
2022-12-02,SANB11,27.76
2022-12-02,SBSP3,60.77
2022-12-02,SMFT3,15.45
2022-12-02,SUZB3,51.38
2022-12-02,TAEE11,35.2
2022-12-02,TEND3,4.8
2022-12-02,TIMS3,13.16
2022-12-02,TOTS3,30.2
2022-12-02,UGPA3,14.01
2022-12-02,USIM5,7.51
2022-12-02,VALE3,86.8
2022-12-02,VAMO3,13.22
2022-12-02,VBBR3,16.34
2022-12-02,VIVA3,22.45
2022-12-02,VIVT3,39.48
2022-12-02,WEGE3,38.66
2022-12-02,YDUQ3,11.12
2022-12-05,ABEV3,16.02
2022-12-05,ASAI3,20.38
2022-12-05,AURE3,13.43
2022-12-05,B3SA3,12.15
2022-12-05,BBAS3,35.2
2022-12-05,BBDC3,13.02
2022-12-05,BBDC4,14.8
2022-12-05,BBSE3,31.83
2022-12-05,BEEF3,11.85
2022-12-05,BPAC11,24.43
2022-12-05,BRAP4,29.1
2022-12-05,CCRO3,11.03
2022-12-05,CEAB3,2.3
2022-12-05,CMIG4,10.99
2022-12-05,CMIN3,3.8
2022-12-05,COGN3,2.12
2022-12-05,CPFE3,32.01
2022-12-05,CPLE3,7.12
2022-12-05,CSAN3,17.17
2022-12-05,CSMG3,15.55
2022-12-05,CSNA3,14.53
2022-12-05,CURY3,10.68
2022-12-05,CXSE3,8.12
2022-12-05,CYRE3,13.61
2022-12-05,DIRR3,14.34
2022-12-05,EGIE3,39.46
2022-12-05,ELET3,43.0
2022-12-05,EMBR3,13.54
2022-12-05,ENEV3,12.08
2022-12-05,ENGI11,41.1
2022-12-05,EQTL3,26.47
2022-12-05,FLRY3,17.21
2022-12-05,GGBR4,30.65
2022-12-05,GOAU4,13.34
2022-12-05,HAPV3,4.99
2022-12-05,HYPE3,43.25
2022-12-05,IGTI11,18.31
2022-12-05,ITSA4,8.58
2022-12-05,ITUB4,25.56
2022-12-05,KLBN11,20.26
2022-12-05,LREN3,20.57
2022-12-05,MGLU3,3.08
2022-12-05,MRFG3,7.8
2022-12-05,MRVE3,8.05
2022-12-05,MULT3,21.9
2022-12-05,NTCO3,12.06
2022-12-05,PETR3,29.23
2022-12-05,PETR4,25.62
2022-12-05,POMO4,2.44
2022-12-05,PRIO3,36.02
2022-12-05,PSSA3,23.22
2022-12-05,RADL3,23.49
2022-12-05,RAIL3,18.8
2022-12-05,RDOR3,29.17
2022-12-05,RENT3,56.33
2022-12-05,SANB11,27.24
2022-12-05,SBSP3,59.23
2022-12-05,SMFT3,15.1
2022-12-05,SUZB3,52.51
2022-12-05,TAEE11,34.69
2022-12-05,TEND3,4.34
2022-12-05,TIMS3,12.85
2022-12-05,TOTS3,27.78
2022-12-05,UGPA3,13.52
2022-12-05,USIM5,7.59
2022-12-05,VALE3,86.71
2022-12-05,VAMO3,12.44
2022-12-05,VBBR3,15.62
2022-12-05,VIVA3,21.51
2022-12-05,VIVT3,38.52
2022-12-05,WEGE3,37.6
2022-12-05,YDUQ3,10.73
2022-12-06,ABEV3,16.05
2022-12-06,ASAI3,19.96
2022-12-06,AURE3,13.37
2022-12-06,B3SA3,12.18
2022-12-06,BBAS3,35.56
2022-12-06,BBDC3,13.21
2022-12-06,BBDC4,15.15
2022-12-06,BBSE3,32.02
2022-12-06,BEEF3,11.54
2022-12-06,BPAC11,24.42
2022-12-06,BRAP4,29.5
2022-12-06,CCRO3,11.48
2022-12-06,CEAB3,2.39
2022-12-06,CMIG4,11.16
2022-12-06,CMIN3,3.81
2022-12-06,COGN3,2.18
2022-12-06,CPFE3,32.65
2022-12-06,CPLE3,7.02
2022-12-06,CSAN3,17.08
2022-12-06,CSMG3,15.78
2022-12-06,CSNA3,14.7
2022-12-06,CURY3,10.59
2022-12-06,CXSE3,7.95
2022-12-06,CYRE3,13.74
2022-12-06,DIRR3,14.65
2022-12-06,EGIE3,39.8
2022-12-06,ELET3,43.25
2022-12-06,EMBR3,13.63
2022-12-06,ENEV3,12.02
2022-12-06,ENGI11,41.78
2022-12-06,EQTL3,26.49
2022-12-06,FLRY3,16.66
2022-12-06,GGBR4,31.05
2022-12-06,GOAU4,13.67
2022-12-06,HAPV3,5.03
2022-12-06,HYPE3,42.21
2022-12-06,IGTI11,18.32
2022-12-06,ITSA4,8.64
2022-12-06,ITUB4,26.15
2022-12-06,KLBN11,20.77
2022-12-06,LREN3,21.61
2022-12-06,MGLU3,3.12
2022-12-06,MRFG3,7.93
2022-12-06,MRVE3,8.15
2022-12-06,MULT3,21.88
2022-12-06,NTCO3,12.41
2022-12-06,PETR3,29.18
2022-12-06,PETR4,25.64
2022-12-06,POMO4,2.43
2022-12-06,PRIO3,34.64
2022-12-06,PSSA3,23.2
2022-12-06,RADL3,24.06
2022-12-06,RAIL3,18.78
2022-12-06,RDOR3,28.92
2022-12-06,RENT3,56.09
2022-12-06,SANB11,27.79
2022-12-06,SBSP3,56.57
2022-12-06,SMFT3,14.9
2022-12-06,SUZB3,53.3
2022-12-06,TAEE11,35.11
2022-12-06,TEND3,4.29
2022-12-06,TIMS3,12.9
2022-12-06,TOTS3,28.23
2022-12-06,UGPA3,13.47
2022-12-06,USIM5,7.85
2022-12-06,VALE3,87.97
2022-12-06,VAMO3,12.43
2022-12-06,VBBR3,15.71
2022-12-06,VIVA3,21.71
2022-12-06,VIVT3,38.47
2022-12-06,WEGE3,37.71
2022-12-06,YDUQ3,10.7
2022-12-07,ABEV3,16.0
2022-12-07,ASAI3,20.1
2022-12-07,AURE3,13.6
2022-12-07,B3SA3,12.25
2022-12-07,BBAS3,35.48
2022-12-07,BBDC3,13.14
2022-12-07,BBDC4,14.98
2022-12-07,BBSE3,31.66
2022-12-07,BEEF3,11.75
2022-12-07,BPAC11,23.93
2022-12-07,BRAP4,28.59
2022-12-07,CCRO3,11.47
2022-12-07,CEAB3,2.41
2022-12-07,CMIG4,11.32
2022-12-07,CMIN3,3.76
2022-12-07,COGN3,2.2
2022-12-07,CPFE3,33.2
2022-12-07,CPLE3,7.18
2022-12-07,CSAN3,16.6
2022-12-07,CSMG3,16.05
2022-12-07,CSNA3,14.42
2022-12-07,CURY3,10.67
2022-12-07,CXSE3,7.91
2022-12-07,CYRE3,13.86
2022-12-07,DIRR3,14.8
2022-12-07,EGIE3,39.97
2022-12-07,ELET3,43.92
2022-12-07,EMBR3,13.54
2022-12-07,ENEV3,12.0
2022-12-07,ENGI11,42.57
2022-12-07,EQTL3,26.61
2022-12-07,FLRY3,16.76
2022-12-07,GGBR4,30.98
2022-12-07,GOAU4,13.7
2022-12-07,HAPV3,5.12
2022-12-07,HYPE3,42.8
2022-12-07,IGTI11,18.1
2022-12-07,ITSA4,8.61
2022-12-07,ITUB4,25.96
2022-12-07,KLBN11,20.72
2022-12-07,LREN3,22.04
2022-12-07,MGLU3,2.94
2022-12-07,MRFG3,8.05
2022-12-07,MRVE3,8.26
2022-12-07,MULT3,22.1
2022-12-07,NTCO3,12.39
2022-12-07,PETR3,28.74
2022-12-07,PETR4,25.35
2022-12-07,POMO4,2.43
2022-12-07,PRIO3,32.67
2022-12-07,PSSA3,22.99
2022-12-07,RADL3,23.8
2022-12-07,RAIL3,18.7
2022-12-07,RDOR3,28.61
2022-12-07,RENT3,55.81
2022-12-07,SANB11,27.85
2022-12-07,SBSP3,57.46
2022-12-07,SMFT3,14.45
2022-12-07,SUZB3,53.05
2022-12-07,TAEE11,35.4
2022-12-07,TEND3,4.5
2022-12-07,TIMS3,12.84
2022-12-07,TOTS3,27.57
2022-12-07,UGPA3,13.42
2022-12-07,USIM5,7.86
2022-12-07,VALE3,84.84
2022-12-07,VAMO3,12.1
2022-12-07,VBBR3,15.59
2022-12-07,VIVA3,22.27
2022-12-07,VIVT3,38.37
2022-12-07,WEGE3,37.26
2022-12-07,YDUQ3,10.74
2022-12-08,ABEV3,15.7
2022-12-08,ASAI3,19.34
2022-12-08,AURE3,14.38
2022-12-08,B3SA3,11.74
2022-12-08,BBAS3,35.03
2022-12-08,BBDC3,12.9
2022-12-08,BBDC4,14.55
2022-12-08,BBSE3,31.47
2022-12-08,BEEF3,11.61
2022-12-08,BPAC11,23.3
2022-12-08,BRAP4,28.94
2022-12-08,CCRO3,11.15
2022-12-08,CEAB3,2.31
2022-12-08,CMIG4,10.99
2022-12-08,CMIN3,3.7
2022-12-08,COGN3,2.12
2022-12-08,CPFE3,32.27
2022-12-08,CPLE3,7.03
2022-12-08,CSAN3,16.49
2022-12-08,CSMG3,15.54
2022-12-08,CSNA3,14.08
2022-12-08,CURY3,10.7
2022-12-08,CXSE3,7.96
2022-12-08,CYRE3,13.22
2022-12-08,DIRR3,14.49
2022-12-08,EGIE3,39.19
2022-12-08,ELET3,43.0
2022-12-08,EMBR3,13.25
2022-12-08,ENEV3,12.02
2022-12-08,ENGI11,41.83
2022-12-08,EQTL3,26.38
2022-12-08,FLRY3,15.95
2022-12-08,GGBR4,30.93
2022-12-08,GOAU4,13.57
2022-12-08,HAPV3,4.98
2022-12-08,HYPE3,42.53
2022-12-08,IGTI11,17.98
2022-12-08,ITSA4,8.37
2022-12-08,ITUB4,25.05
2022-12-08,KLBN11,20.38
2022-12-08,LREN3,21.13
2022-12-08,MGLU3,2.84
2022-12-08,MRFG3,7.62
2022-12-08,MRVE3,8.13
2022-12-08,MULT3,21.37
2022-12-08,NTCO3,11.83
2022-12-08,PETR3,28.12
2022-12-08,PETR4,24.78
2022-12-08,POMO4,2.36
2022-12-08,PRIO3,33.17
2022-12-08,PSSA3,22.67
2022-12-08,RADL3,23.48
2022-12-08,RAIL3,17.55
2022-12-08,RDOR3,27.75
2022-12-08,RENT3,53.67
2022-12-08,SANB11,27.22
2022-12-08,SBSP3,56.32
2022-12-08,SMFT3,13.68
2022-12-08,SUZB3,53.1
2022-12-08,TAEE11,35.06
2022-12-08,TEND3,4.38
2022-12-08,TIMS3,12.47
2022-12-08,TOTS3,27.04
2022-12-08,UGPA3,12.83
2022-12-08,USIM5,7.57
2022-12-08,VALE3,85.88
2022-12-08,VAMO3,11.4
2022-12-08,VBBR3,15.05
2022-12-08,VIVA3,21.7
2022-12-08,VIVT3,37.13
2022-12-08,WEGE3,37.2
2022-12-08,YDUQ3,10.64
2022-12-09,ABEV3,15.51
2022-12-09,ASAI3,19.28
2022-12-09,AURE3,14.27
2022-12-09,B3SA3,11.74
2022-12-09,BBAS3,34.98
2022-12-09,BBDC3,12.81
2022-12-09,BBDC4,14.3
2022-12-09,BBSE3,31.72
2022-12-09,BEEF3,11.57
2022-12-09,BPAC11,22.85
2022-12-09,BRAP4,30.07
2022-12-09,CCRO3,10.78
2022-12-09,CEAB3,2.32
2022-12-09,CMIG4,11.08
2022-12-09,CMIN3,4.07
2022-12-09,COGN3,2.1
2022-12-09,CPFE3,32.21
2022-12-09,CPLE3,6.93
2022-12-09,CSAN3,16.64
2022-12-09,CSMG3,15.41
2022-12-09,CSNA3,14.81
2022-12-09,CURY3,10.82
2022-12-09,CXSE3,8.01
2022-12-09,CYRE3,13.1
2022-12-09,DIRR3,14.3
2022-12-09,EGIE3,38.31
2022-12-09,ELET3,42.67
2022-12-09,EMBR3,13.11
2022-12-09,ENEV3,12.19
2022-12-09,ENGI11,41.81
2022-12-09,EQTL3,26.38
2022-12-09,FLRY3,15.7
2022-12-09,GGBR4,31.47
2022-12-09,GOAU4,13.81
2022-12-09,HAPV3,4.73
2022-12-09,HYPE3,42.46
2022-12-09,IGTI11,17.99
2022-12-09,ITSA4,8.17
2022-12-09,ITUB4,24.33
2022-12-09,KLBN11,21.11
2022-12-09,LREN3,20.74
2022-12-09,MGLU3,2.8
2022-12-09,MRFG3,7.56
2022-12-09,MRVE3,8.07
2022-12-09,MULT3,21.48
2022-12-09,NTCO3,11.53
2022-12-09,PETR3,28.06
2022-12-09,PETR4,24.71
2022-12-09,POMO4,2.31
2022-12-09,PRIO3,33.65
2022-12-09,PSSA3,22.79
2022-12-09,RADL3,23.54
2022-12-09,RAIL3,17.64
2022-12-09,RDOR3,26.41
2022-12-09,RENT3,52.81
2022-12-09,SANB11,27.05
2022-12-09,SBSP3,55.77
2022-12-09,SMFT3,13.5
2022-12-09,SUZB3,54.99
2022-12-09,TAEE11,34.78
2022-12-09,TEND3,4.34
2022-12-09,TIMS3,12.57
2022-12-09,TOTS3,26.76
2022-12-09,UGPA3,12.65
2022-12-09,USIM5,7.82
2022-12-09,VALE3,88.74
2022-12-09,VAMO3,11.32
2022-12-09,VBBR3,14.93
2022-12-09,VIVA3,21.12
2022-12-09,VIVT3,37.6
2022-12-09,WEGE3,37.1
2022-12-09,YDUQ3,10.02
2022-12-12,ABEV3,15.24
2022-12-12,ASAI3,18.95
2022-12-12,AURE3,14.05
2022-12-12,B3SA3,11.45
2022-12-12,BBAS3,33.79
2022-12-12,BBDC3,12.57
2022-12-12,BBDC4,14.14
2022-12-12,BBSE3,31.25
2022-12-12,BEEF3,11.86
2022-12-12,BPAC11,21.78
2022-12-12,BRAP4,29.08
2022-12-12,CCRO3,10.59
2022-12-12,CEAB3,2.32
2022-12-12,CMIG4,10.59
2022-12-12,CMIN3,3.84
2022-12-12,COGN3,2.0
2022-12-12,CPFE3,31.64
2022-12-12,CPLE3,6.83
2022-12-12,CSAN3,16.42
2022-12-12,CSMG3,14.86
2022-12-12,CSNA3,14.36
2022-12-12,CURY3,10.49
2022-12-12,CXSE3,7.85
2022-12-12,CYRE3,12.55
2022-12-12,DIRR3,13.69
2022-12-12,EGIE3,38.2
2022-12-12,ELET3,41.99
2022-12-12,EMBR3,13.34
2022-12-12,ENEV3,11.92
2022-12-12,ENGI11,41.87
2022-12-12,EQTL3,26.43
2022-12-12,FLRY3,15.5
2022-12-12,GGBR4,31.26
2022-12-12,GOAU4,13.65
2022-12-12,HAPV3,4.52
2022-12-12,HYPE3,41.46
2022-12-12,IGTI11,17.57
2022-12-12,ITSA4,8.11
2022-12-12,ITUB4,24.1
2022-12-12,KLBN11,21.16
2022-12-12,LREN3,20.47
2022-12-12,MGLU3,2.8
2022-12-12,MRFG3,7.68
2022-12-12,MRVE3,7.69
2022-12-12,MULT3,20.81
2022-12-12,NTCO3,11.29
2022-12-12,PETR3,27.3
2022-12-12,PETR4,23.91
2022-12-12,POMO4,2.25
2022-12-12,PRIO3,34.64
2022-12-12,PSSA3,22.14
2022-12-12,RADL3,22.83
2022-12-12,RAIL3,17.43
2022-12-12,RDOR3,25.3
2022-12-12,RENT3,51.52
2022-12-12,SANB11,26.79
2022-12-12,SBSP3,54.44
2022-12-12,SMFT3,13.45
2022-12-12,SUZB3,54.89
2022-12-12,TAEE11,34.7
2022-12-12,TEND3,4.14
2022-12-12,TIMS3,12.6
2022-12-12,TOTS3,26.08
2022-12-12,UGPA3,12.34
2022-12-12,USIM5,7.71
2022-12-12,VALE3,86.09
2022-12-12,VAMO3,11.1
2022-12-12,VBBR3,14.6
2022-12-12,VIVA3,20.16
2022-12-12,VIVT3,37.51
2022-12-12,WEGE3,36.07
2022-12-12,YDUQ3,9.78
2022-12-13,ABEV3,15.28
2022-12-13,ASAI3,18.63
2022-12-13,AURE3,14.15
2022-12-13,B3SA3,11.39
2022-12-13,BBAS3,31.86
2022-12-13,BBDC3,12.2
2022-12-13,BBDC4,13.72
2022-12-13,BBSE3,31.01
2022-12-13,BEEF3,11.85
2022-12-13,BPAC11,20.89
2022-12-13,BRAP4,29.07
2022-12-13,CCRO3,10.28
2022-12-13,CEAB3,2.18
2022-12-13,CMIG4,10.37
2022-12-13,CMIN3,3.8
2022-12-13,COGN3,1.97
2022-12-13,CPFE3,30.42
2022-12-13,CPLE3,6.72
2022-12-13,CSAN3,15.93
2022-12-13,CSMG3,15.07
2022-12-13,CSNA3,13.88
2022-12-13,CURY3,10.35
2022-12-13,CXSE3,7.5
2022-12-13,CYRE3,12.14
2022-12-13,DIRR3,13.65
2022-12-13,EGIE3,37.28
2022-12-13,ELET3,41.94
2022-12-13,EMBR3,13.38
2022-12-13,ENEV3,11.52
2022-12-13,ENGI11,41.75
2022-12-13,EQTL3,26.09
2022-12-13,FLRY3,14.96
2022-12-13,GGBR4,30.96
2022-12-13,GOAU4,13.45
2022-12-13,HAPV3,4.39
2022-12-13,HYPE3,41.1
2022-12-13,IGTI11,16.89
2022-12-13,ITSA4,7.84
2022-12-13,ITUB4,23.19
2022-12-13,KLBN11,20.37
2022-12-13,LREN3,19.92
2022-12-13,MGLU3,2.8
2022-12-13,MRFG3,7.31
2022-12-13,MRVE3,7.53
2022-12-13,MULT3,20.12
2022-12-13,NTCO3,10.87
2022-12-13,PETR3,26.93
2022-12-13,PETR4,23.32
2022-12-13,POMO4,2.25
2022-12-13,PRIO3,34.89
2022-12-13,PSSA3,21.15
2022-12-13,RADL3,22.04
2022-12-13,RAIL3,16.52
2022-12-13,RDOR3,24.3
2022-12-13,RENT3,49.46
2022-12-13,SANB11,25.85
2022-12-13,SBSP3,54.0
2022-12-13,SMFT3,13.01
2022-12-13,SUZB3,51.36
2022-12-13,TAEE11,33.73
2022-12-13,TEND3,4.05
2022-12-13,TIMS3,12.55
2022-12-13,TOTS3,26.01
2022-12-13,UGPA3,12.16
2022-12-13,USIM5,7.45
2022-12-13,VALE3,86.16
2022-12-13,VAMO3,10.95
2022-12-13,VBBR3,14.29
2022-12-13,VIVA3,19.53
2022-12-13,VIVT3,37.18
2022-12-13,WEGE3,35.79
2022-12-13,YDUQ3,9.67
2022-12-14,ABEV3,15.13
2022-12-14,ASAI3,19.07
2022-12-14,AURE3,14.04
2022-12-14,B3SA3,11.78
2022-12-14,BBAS3,31.07
2022-12-14,BBDC3,12.49
2022-12-14,BBDC4,14.01
2022-12-14,BBSE3,31.51
2022-12-14,BEEF3,12.06
2022-12-14,BPAC11,21.41
2022-12-14,BRAP4,29.47
2022-12-14,CCRO3,10.35
2022-12-14,CEAB3,2.16
2022-12-14,CMIG4,10.57
2022-12-14,CMIN3,3.89
2022-12-14,COGN3,2.07
2022-12-14,CPFE3,30.26
2022-12-14,CPLE3,6.69
2022-12-14,CSAN3,15.9
2022-12-14,CSMG3,15.23
2022-12-14,CSNA3,14.36
2022-12-14,CURY3,10.77
2022-12-14,CXSE3,7.52
2022-12-14,CYRE3,12.5
2022-12-14,DIRR3,13.92
2022-12-14,EGIE3,37.1
2022-12-14,ELET3,41.82
2022-12-14,EMBR3,13.89
2022-12-14,ENEV3,11.5
2022-12-14,ENGI11,41.55
2022-12-14,EQTL3,26.2
2022-12-14,FLRY3,15.48
2022-12-14,GGBR4,31.12
2022-12-14,GOAU4,13.6
2022-12-14,HAPV3,4.54
2022-12-14,HYPE3,41.69
2022-12-14,IGTI11,17.32
2022-12-14,ITSA4,7.99
2022-12-14,ITUB4,23.29
2022-12-14,KLBN11,20.63
2022-12-14,LREN3,20.45
2022-12-14,MGLU3,2.63
2022-12-14,MRFG3,7.16
2022-12-14,MRVE3,7.6
2022-12-14,MULT3,20.3
2022-12-14,NTCO3,10.66
2022-12-14,PETR3,24.29
2022-12-14,PETR4,21.47
2022-12-14,POMO4,2.26
2022-12-14,PRIO3,36.18
2022-12-14,PSSA3,20.86
2022-12-14,RADL3,22.24
2022-12-14,RAIL3,16.91
2022-12-14,RDOR3,25.47
2022-12-14,RENT3,50.22
2022-12-14,SANB11,25.77
2022-12-14,SBSP3,55.04
2022-12-14,SMFT3,13.1
2022-12-14,SUZB3,52.5
2022-12-14,TAEE11,33.27
2022-12-14,TEND3,4.04
2022-12-14,TIMS3,12.66
2022-12-14,TOTS3,26.18
2022-12-14,UGPA3,12.38
2022-12-14,USIM5,7.86
2022-12-14,VALE3,86.89
2022-12-14,VAMO3,11.08
2022-12-14,VBBR3,14.37
2022-12-14,VIVA3,19.41
2022-12-14,VIVT3,37.38
2022-12-14,WEGE3,37.06
2022-12-14,YDUQ3,9.81
2022-12-15,ABEV3,15.0
2022-12-15,ASAI3,19.12
2022-12-15,AURE3,14.11
2022-12-15,B3SA3,11.53
2022-12-15,BBAS3,31.95
2022-12-15,BBDC3,12.33
2022-12-15,BBDC4,13.84
2022-12-15,BBSE3,32.21
2022-12-15,BEEF3,12.36
2022-12-15,BPAC11,21.55
2022-12-15,BRAP4,29.56
2022-12-15,CCRO3,10.29
2022-12-15,CEAB3,2.08
2022-12-15,CMIG4,10.64
2022-12-15,CMIN3,3.86
2022-12-15,COGN3,2.06
2022-12-15,CPFE3,30.54
2022-12-15,CPLE3,6.61
2022-12-15,CSAN3,15.82
2022-12-15,CSMG3,15.29
2022-12-15,CSNA3,14.03
2022-12-15,CURY3,11.15
2022-12-15,CXSE3,7.47
2022-12-15,CYRE3,12.66
2022-12-15,DIRR3,14.59
2022-12-15,EGIE3,36.86
2022-12-15,ELET3,41.22
2022-12-15,EMBR3,13.52
2022-12-15,ENEV3,11.31
2022-12-15,ENGI11,41.0
2022-12-15,EQTL3,25.98
2022-12-15,FLRY3,15.74
2022-12-15,GGBR4,30.24
2022-12-15,GOAU4,13.17
2022-12-15,HAPV3,4.63
2022-12-15,HYPE3,42.1
2022-12-15,IGTI11,17.67
2022-12-15,ITSA4,7.99
2022-12-15,ITUB4,23.42
2022-12-15,KLBN11,20.25
2022-12-15,LREN3,19.94
2022-12-15,MGLU3,2.6
2022-12-15,MRFG3,7.64
2022-12-15,MRVE3,7.82
2022-12-15,MULT3,20.72
2022-12-15,NTCO3,10.39
2022-12-15,PETR3,24.91
2022-12-15,PETR4,22.04
2022-12-15,POMO4,2.26
2022-12-15,PRIO3,35.77
2022-12-15,PSSA3,21.09
2022-12-15,RADL3,22.09
2022-12-15,RAIL3,17.14
2022-12-15,RDOR3,25.9
2022-12-15,RENT3,50.32
2022-12-15,SANB11,25.68
2022-12-15,SBSP3,55.33
2022-12-15,SMFT3,13.0
2022-12-15,SUZB3,51.77
2022-12-15,TAEE11,33.57
2022-12-15,TEND3,3.95
2022-12-15,TIMS3,12.55
2022-12-15,TOTS3,26.14
2022-12-15,UGPA3,11.99
2022-12-15,USIM5,7.53
2022-12-15,VALE3,87.17
2022-12-15,VAMO3,11.48
2022-12-15,VBBR3,14.39
2022-12-15,VIVA3,19.53
2022-12-15,VIVT3,37.16
2022-12-15,WEGE3,37.08
2022-12-15,YDUQ3,9.88
2022-12-16,ABEV3,14.85
2022-12-16,ASAI3,18.71
2022-12-16,AURE3,14.36
2022-12-16,B3SA3,11.36
2022-12-16,BBAS3,32.6
2022-12-16,BBDC3,12.4
2022-12-16,BBDC4,13.82
2022-12-16,BBSE3,32.33
2022-12-16,BEEF3,12.36
2022-12-16,BPAC11,20.75
2022-12-16,BRAP4,29.09
2022-12-16,CCRO3,10.13
2022-12-16,CEAB3,1.95
2022-12-16,CMIG4,10.95
2022-12-16,CMIN3,3.84
2022-12-16,COGN3,1.97
2022-12-16,CPFE3,30.1
2022-12-16,CPLE3,6.34
2022-12-16,CSAN3,15.7
2022-12-16,CSMG3,15.09
2022-12-16,CSNA3,13.91
2022-12-16,CURY3,10.67
2022-12-16,CXSE3,7.73
2022-12-16,CYRE3,12.1
2022-12-16,DIRR3,14.35
2022-12-16,EGIE3,36.98
2022-12-16,ELET3,40.94
2022-12-16,EMBR3,13.55
2022-12-16,ENEV3,11.15
2022-12-16,ENGI11,41.68
2022-12-16,EQTL3,26.23
2022-12-16,FLRY3,15.58
2022-12-16,GGBR4,30.17
2022-12-16,GOAU4,13.21
2022-12-16,HAPV3,4.59
2022-12-16,HYPE3,42.51
2022-12-16,IGTI11,16.82
2022-12-16,ITSA4,8.05
2022-12-16,ITUB4,23.68
2022-12-16,KLBN11,20.24
2022-12-16,LREN3,19.44
2022-12-16,MGLU3,2.37
2022-12-16,MRFG3,7.74
2022-12-16,MRVE3,7.49
2022-12-16,MULT3,20.24
2022-12-16,NTCO3,9.91
2022-12-16,PETR3,24.98
2022-12-16,PETR4,22.05
2022-12-16,POMO4,2.3
2022-12-16,PRIO3,35.35
2022-12-16,PSSA3,21.12
2022-12-16,RADL3,21.9
2022-12-16,RAIL3,17.15
2022-12-16,RDOR3,24.93
2022-12-16,RENT3,49.7
2022-12-16,SANB11,26.04
2022-12-16,SBSP3,53.78
2022-12-16,SMFT3,12.15
2022-12-16,SUZB3,51.43
2022-12-16,TAEE11,32.91
2022-12-16,TEND3,3.8
2022-12-16,TIMS3,12.28
2022-12-16,TOTS3,25.43
2022-12-16,UGPA3,11.79
2022-12-16,USIM5,7.35
2022-12-16,VALE3,85.68
2022-12-16,VAMO3,11.49
2022-12-16,VBBR3,14.25
2022-12-16,VIVA3,19.35
2022-12-16,VIVT3,36.86
2022-12-16,WEGE3,37.45
2022-12-16,YDUQ3,9.61
2022-12-19,ABEV3,15.23
2022-12-19,ASAI3,19.55
2022-12-19,AURE3,14.52
2022-12-19,B3SA3,12.09
2022-12-19,BBAS3,32.95
2022-12-19,BBDC3,12.65
2022-12-19,BBDC4,14.2
2022-12-19,BBSE3,32.35
2022-12-19,BEEF3,12.29
2022-12-19,BPAC11,22.07
2022-12-19,BRAP4,28.76
2022-12-19,CCRO3,10.53
2022-12-19,CEAB3,2.1
2022-12-19,CMIG4,10.72
2022-12-19,CMIN3,3.84
2022-12-19,COGN3,2.05
2022-12-19,CPFE3,31.47
2022-12-19,CPLE3,6.59
2022-12-19,CSAN3,16.19
2022-12-19,CSMG3,15.29
2022-12-19,CSNA3,13.63
2022-12-19,CURY3,11.47
2022-12-19,CXSE3,7.75
2022-12-19,CYRE3,12.77
2022-12-19,DIRR3,14.21
2022-12-19,EGIE3,37.08
2022-12-19,ELET3,41.65
2022-12-19,EMBR3,13.58
2022-12-19,ENEV3,11.51
2022-12-19,ENGI11,43.04
2022-12-19,EQTL3,26.55
2022-12-19,FLRY3,15.8
2022-12-19,GGBR4,29.75
2022-12-19,GOAU4,13.09
2022-12-19,HAPV3,4.59
2022-12-19,HYPE3,43.35
2022-12-19,IGTI11,17.43
2022-12-19,ITSA4,8.31
2022-12-19,ITUB4,24.39
2022-12-19,KLBN11,19.74
2022-12-19,LREN3,20.38
2022-12-19,MGLU3,2.61
2022-12-19,MRFG3,7.86
2022-12-19,MRVE3,7.65
2022-12-19,MULT3,20.98
2022-12-19,NTCO3,10.24
2022-12-19,PETR3,25.55
2022-12-19,PETR4,22.38
2022-12-19,POMO4,2.33
2022-12-19,PRIO3,35.78
2022-12-19,PSSA3,21.38
2022-12-19,RADL3,22.91
2022-12-19,RAIL3,17.62
2022-12-19,RDOR3,26.2
2022-12-19,RENT3,51.71
2022-12-19,SANB11,26.71
2022-12-19,SBSP3,54.75
2022-12-19,SMFT3,12.75
2022-12-19,SUZB3,48.83
2022-12-19,TAEE11,33.27
2022-12-19,TEND3,4.03
2022-12-19,TIMS3,12.4
2022-12-19,TOTS3,26.64
2022-12-19,UGPA3,12.15
2022-12-19,USIM5,6.9
2022-12-19,VALE3,85.37
2022-12-19,VAMO3,11.62
2022-12-19,VBBR3,14.8
2022-12-19,VIVA3,20.0
2022-12-19,VIVT3,36.87
2022-12-19,WEGE3,38.12
2022-12-19,YDUQ3,9.96
2022-12-20,ABEV3,14.52
2022-12-20,ASAI3,20.0
2022-12-20,AURE3,14.4
2022-12-20,B3SA3,12.62
2022-12-20,BBAS3,33.8
2022-12-20,BBDC3,13.06
2022-12-20,BBDC4,14.71
2022-12-20,BBSE3,32.66
2022-12-20,BEEF3,12.54
2022-12-20,BPAC11,22.67
2022-12-20,BRAP4,29.1
2022-12-20,CCRO3,10.66
2022-12-20,CEAB3,2.25
2022-12-20,CMIG4,11.06
2022-12-20,CMIN3,3.96
2022-12-20,COGN3,2.12
2022-12-20,CPFE3,32.0
2022-12-20,CPLE3,6.81
2022-12-20,CSAN3,16.71
2022-12-20,CSMG3,15.54
2022-12-20,CSNA3,14.16
2022-12-20,CURY3,12.01
2022-12-20,CXSE3,8.0
2022-12-20,CYRE3,13.0
2022-12-20,DIRR3,14.62
2022-12-20,EGIE3,37.85
2022-12-20,ELET3,42.44
2022-12-20,EMBR3,13.99
2022-12-20,ENEV3,11.8
2022-12-20,ENGI11,43.53
2022-12-20,EQTL3,26.76
2022-12-20,FLRY3,15.03
2022-12-20,GGBR4,30.45
2022-12-20,GOAU4,13.43
2022-12-20,HAPV3,4.9
2022-12-20,HYPE3,43.91
2022-12-20,IGTI11,17.84
2022-12-20,ITSA4,8.39
2022-12-20,ITUB4,24.65
2022-12-20,KLBN11,19.89
2022-12-20,LREN3,21.24
2022-12-20,MGLU3,2.82
2022-12-20,MRFG3,6.84
2022-12-20,MRVE3,7.8
2022-12-20,MULT3,21.25
2022-12-20,NTCO3,11.12
2022-12-20,PETR3,26.17
2022-12-20,PETR4,23.07
2022-12-20,POMO4,2.42
2022-12-20,PRIO3,35.86
2022-12-20,PSSA3,22.1
2022-12-20,RADL3,23.69
2022-12-20,RAIL3,18.33
2022-12-20,RDOR3,27.47
2022-12-20,RENT3,54.0
2022-12-20,SANB11,27.45
2022-12-20,SBSP3,56.23
2022-12-20,SMFT3,13.45
2022-12-20,SUZB3,48.54
2022-12-20,TAEE11,33.55
2022-12-20,TEND3,4.44
2022-12-20,TIMS3,12.45
2022-12-20,TOTS3,27.32
2022-12-20,UGPA3,12.48
2022-12-20,USIM5,7.05
2022-12-20,VALE3,85.75
2022-12-20,VAMO3,12.07
2022-12-20,VBBR3,15.03
2022-12-20,VIVA3,21.32
2022-12-20,VIVT3,37.75
2022-12-20,WEGE3,38.43
2022-12-20,YDUQ3,10.12
2022-12-21,ABEV3,14.35
2022-12-21,ASAI3,20.18
2022-12-21,AURE3,14.79
2022-12-21,B3SA3,12.56
2022-12-21,BBAS3,34.12
2022-12-21,BBDC3,13.14
2022-12-21,BBDC4,14.83
2022-12-21,BBSE3,33.46
2022-12-21,BEEF3,12.25
2022-12-21,BPAC11,23.05
2022-12-21,BRAP4,29.46
2022-12-21,CCRO3,10.57
2022-12-21,CEAB3,2.15
2022-12-21,CMIG4,11.04
2022-12-21,CMIN3,3.94
2022-12-21,COGN3,2.13
2022-12-21,CPFE3,31.77
2022-12-21,CPLE3,6.73
2022-12-21,CSAN3,16.81
2022-12-21,CSMG3,15.33
2022-12-21,CSNA3,14.24
2022-12-21,CURY3,12.15
2022-12-21,CXSE3,8.12
2022-12-21,CYRE3,12.93
2022-12-21,DIRR3,14.95
2022-12-21,EGIE3,37.68
2022-12-21,ELET3,42.6
2022-12-21,EMBR3,14.06
2022-12-21,ENEV3,11.88
2022-12-21,ENGI11,43.07
2022-12-21,EQTL3,26.77
2022-12-21,FLRY3,15.11
2022-12-21,GGBR4,30.43
2022-12-21,GOAU4,13.37
2022-12-21,HAPV3,5.12
2022-12-21,HYPE3,44.2
2022-12-21,IGTI11,18.2
2022-12-21,ITSA4,8.4
2022-12-21,ITUB4,24.75
2022-12-21,KLBN11,19.55
2022-12-21,LREN3,20.87
2022-12-21,MGLU3,2.61
2022-12-21,MRFG3,6.97
2022-12-21,MRVE3,7.56
2022-12-21,MULT3,21.42
2022-12-21,NTCO3,11.12
2022-12-21,PETR3,26.86
2022-12-21,PETR4,23.57
2022-12-21,POMO4,2.53
2022-12-21,PRIO3,35.63
2022-12-21,PSSA3,22.44
2022-12-21,RADL3,23.8
2022-12-21,RAIL3,18.53
2022-12-21,RDOR3,28.7
2022-12-21,RENT3,53.15
2022-12-21,SANB11,27.5
2022-12-21,SBSP3,55.5
2022-12-21,SMFT3,13.31
2022-12-21,SUZB3,48.41
2022-12-21,TAEE11,33.85
2022-12-21,TEND3,4.56
2022-12-21,TIMS3,12.4
2022-12-21,TOTS3,28.41
2022-12-21,UGPA3,12.45
2022-12-21,USIM5,7.03
2022-12-21,VALE3,86.24
2022-12-21,VAMO3,12.17
2022-12-21,VBBR3,15.5
2022-12-21,VIVA3,20.9
2022-12-21,VIVT3,37.78
2022-12-21,WEGE3,38.4
2022-12-21,YDUQ3,9.98
2022-12-22,ABEV3,14.42
2022-12-22,ASAI3,20.12
2022-12-22,AURE3,14.85
2022-12-22,B3SA3,12.32
2022-12-22,BBAS3,34.43
2022-12-22,BBDC3,13.18
2022-12-22,BBDC4,14.88
2022-12-22,BBSE3,33.99
2022-12-22,BEEF3,12.34
2022-12-22,BPAC11,23.1
2022-12-22,BRAP4,29.31
2022-12-22,CCRO3,10.81
2022-12-22,CEAB3,2.08
2022-12-22,CMIG4,10.97
2022-12-22,CMIN3,4.0
2022-12-22,COGN3,2.12
2022-12-22,CPFE3,32.19
2022-12-22,CPLE3,6.75
2022-12-22,CSAN3,16.69
2022-12-22,CSMG3,15.58
2022-12-22,CSNA3,14.23
2022-12-22,CURY3,12.18
2022-12-22,CXSE3,8.19
2022-12-22,CYRE3,12.97
2022-12-22,DIRR3,15.04
2022-12-22,EGIE3,38.13
2022-12-22,ELET3,42.59
2022-12-22,EMBR3,14.03
2022-12-22,ENEV3,11.69
2022-12-22,ENGI11,43.5
2022-12-22,EQTL3,26.89
2022-12-22,FLRY3,15.41
2022-12-22,GGBR4,29.86
2022-12-22,GOAU4,13.15
2022-12-22,HAPV3,5.09
2022-12-22,HYPE3,44.68
2022-12-22,IGTI11,17.93
2022-12-22,ITSA4,8.44
2022-12-22,ITUB4,24.8
2022-12-22,KLBN11,19.75
2022-12-22,LREN3,20.65
2022-12-22,MGLU3,2.6
2022-12-22,MRFG3,7.44
2022-12-22,MRVE3,7.6
2022-12-22,MULT3,21.51
2022-12-22,NTCO3,10.97
2022-12-22,PETR3,27.17
2022-12-22,PETR4,23.99
2022-12-22,POMO4,2.65
2022-12-22,PRIO3,35.26
2022-12-22,PSSA3,22.82
2022-12-22,RADL3,23.57
2022-12-22,RAIL3,18.56
2022-12-22,RDOR3,28.21
2022-12-22,RENT3,53.05
2022-12-22,SANB11,27.95
2022-12-22,SBSP3,56.84
2022-12-22,SMFT3,13.17
2022-12-22,SUZB3,48.14
2022-12-22,TAEE11,34.65
2022-12-22,TEND3,4.62
2022-12-22,TIMS3,12.28
2022-12-22,TOTS3,27.94
2022-12-22,UGPA3,12.6
2022-12-22,USIM5,7.0
2022-12-22,VALE3,85.75
2022-12-22,VAMO3,12.3
2022-12-22,VBBR3,15.38
2022-12-22,VIVA3,20.94
2022-12-22,VIVT3,38.0
2022-12-22,WEGE3,38.94
2022-12-22,YDUQ3,10.02
2022-12-23,ABEV3,14.62
2022-12-23,ASAI3,20.02
2022-12-23,AURE3,15.05
2022-12-23,B3SA3,13.35
2022-12-23,BBAS3,35.28
2022-12-23,BBDC3,13.36
2022-12-23,BBDC4,15.14
2022-12-23,BBSE3,33.59
2022-12-23,BEEF3,12.62
2022-12-23,BPAC11,24.7
2022-12-23,BRAP4,29.41
2022-12-23,CCRO3,11.1
2022-12-23,CEAB3,2.17
2022-12-23,CMIG4,11.11
2022-12-23,CMIN3,4.03
2022-12-23,COGN3,2.17
2022-12-23,CPFE3,32.7
2022-12-23,CPLE3,6.83
2022-12-23,CSAN3,17.29
2022-12-23,CSMG3,15.69
2022-12-23,CSNA3,13.91
2022-12-23,CURY3,12.15
2022-12-23,CXSE3,8.38
2022-12-23,CYRE3,13.47
2022-12-23,DIRR3,15.37
2022-12-23,EGIE3,38.09
2022-12-23,ELET3,43.19
2022-12-23,EMBR3,14.11
2022-12-23,ENEV3,11.9
2022-12-23,ENGI11,44.27
2022-12-23,EQTL3,26.97
2022-12-23,FLRY3,15.78
2022-12-23,GGBR4,28.7
2022-12-23,GOAU4,12.67
2022-12-23,HAPV3,5.28
2022-12-23,HYPE3,44.83
2022-12-23,IGTI11,18.92
2022-12-23,ITSA4,8.58
2022-12-23,ITUB4,25.19
2022-12-23,KLBN11,19.33
2022-12-23,LREN3,21.88
2022-12-23,MGLU3,2.68
2022-12-23,MRFG3,7.91
2022-12-23,MRVE3,7.79
2022-12-23,MULT3,22.89
2022-12-23,NTCO3,11.42
2022-12-23,PETR3,28.56
2022-12-23,PETR4,25.12
2022-12-23,POMO4,2.79
2022-12-23,PRIO3,35.49
2022-12-23,PSSA3,22.89
2022-12-23,RADL3,23.88
2022-12-23,RAIL3,19.15
2022-12-23,RDOR3,29.2
2022-12-23,RENT3,55.95
2022-12-23,SANB11,28.32
2022-12-23,SBSP3,58.11
2022-12-23,SMFT3,14.17
2022-12-23,SUZB3,46.84
2022-12-23,TAEE11,34.86
2022-12-23,TEND3,4.61
2022-12-23,TIMS3,12.3
2022-12-23,TOTS3,28.35
2022-12-23,UGPA3,12.84
2022-12-23,USIM5,6.92
2022-12-23,VALE3,86.32
2022-12-23,VAMO3,12.65
2022-12-23,VBBR3,15.75
2022-12-23,VIVA3,21.42
2022-12-23,VIVT3,38.46
2022-12-23,WEGE3,38.5
2022-12-23,YDUQ3,10.05
2022-12-26,ABEV3,14.52
2022-12-26,ASAI3,19.93
2022-12-26,AURE3,14.78
2022-12-26,B3SA3,13.42
2022-12-26,BBAS3,35.23
2022-12-26,BBDC3,13.05
2022-12-26,BBDC4,14.78
2022-12-26,BBSE3,33.25
2022-12-26,BEEF3,12.3
2022-12-26,BPAC11,23.88
2022-12-26,BRAP4,29.45
2022-12-26,CCRO3,10.77
2022-12-26,CEAB3,2.18
2022-12-26,CMIG4,10.96
2022-12-26,CMIN3,4.03
2022-12-26,COGN3,2.16
2022-12-26,CPFE3,32.41
2022-12-26,CPLE3,6.74
2022-12-26,CSAN3,16.77
2022-12-26,CSMG3,15.58
2022-12-26,CSNA3,14.14
2022-12-26,CURY3,12.17
2022-12-26,CXSE3,8.3
2022-12-26,CYRE3,13.24
2022-12-26,DIRR3,15.34
2022-12-26,EGIE3,37.76
2022-12-26,ELET3,42.86
2022-12-26,EMBR3,14.02
2022-12-26,ENEV3,11.4
2022-12-26,ENGI11,43.29
2022-12-26,EQTL3,26.31
2022-12-26,FLRY3,15.49
2022-12-26,GGBR4,28.18
2022-12-26,GOAU4,12.58
2022-12-26,HAPV3,5.18
2022-12-26,HYPE3,44.1
2022-12-26,IGTI11,18.54
2022-12-26,ITSA4,8.47
2022-12-26,ITUB4,24.69
2022-12-26,KLBN11,19.11
2022-12-26,LREN3,20.71
2022-12-26,MGLU3,2.66
2022-12-26,MRFG3,7.93
2022-12-26,MRVE3,7.51
2022-12-26,MULT3,22.3
2022-12-26,NTCO3,11.24
2022-12-26,PETR3,28.47
2022-12-26,PETR4,24.94
2022-12-26,POMO4,2.7
2022-12-26,PRIO3,35.44
2022-12-26,PSSA3,22.51
2022-12-26,RADL3,23.75
2022-12-26,RAIL3,18.5
2022-12-26,RDOR3,29.84
2022-12-26,RENT3,54.42
2022-12-26,SANB11,27.81
2022-12-26,SBSP3,57.49
2022-12-26,SMFT3,13.68
2022-12-26,SUZB3,46.18
2022-12-26,TAEE11,34.57
2022-12-26,TEND3,4.35
2022-12-26,TIMS3,12.12
2022-12-26,TOTS3,27.05
2022-12-26,UGPA3,12.35
2022-12-26,USIM5,6.96
2022-12-26,VALE3,87.11
2022-12-26,VAMO3,12.45
2022-12-26,VBBR3,15.24
2022-12-26,VIVA3,21.22
2022-12-26,VIVT3,37.56
2022-12-26,WEGE3,38.19
2022-12-26,YDUQ3,10.19
2022-12-27,ABEV3,14.52
2022-12-27,ASAI3,19.3
2022-12-27,AURE3,14.72
2022-12-27,B3SA3,12.95
2022-12-27,BBAS3,34.06
2022-12-27,BBDC3,13.13
2022-12-27,BBDC4,14.71
2022-12-27,BBSE3,33.2
2022-12-27,BEEF3,12.47
2022-12-27,BPAC11,23.41
2022-12-27,BRAP4,29.98
2022-12-27,CCRO3,10.55
2022-12-27,CEAB3,2.15
2022-12-27,CMIG4,10.95
2022-12-27,CMIN3,4.08
2022-12-27,COGN3,2.06
2022-12-27,CPFE3,32.5
2022-12-27,CPLE3,6.67
2022-12-27,CSAN3,16.91
2022-12-27,CSMG3,15.17
2022-12-27,CSNA3,14.46
2022-12-27,CURY3,12.15
2022-12-27,CXSE3,8.14
2022-12-27,CYRE3,12.76
2022-12-27,DIRR3,15.12
2022-12-27,EGIE3,37.56
2022-12-27,ELET3,41.73
2022-12-27,EMBR3,13.96
2022-12-27,ENEV3,11.4
2022-12-27,ENGI11,43.67
2022-12-27,EQTL3,26.37
2022-12-27,FLRY3,15.7
2022-12-27,GGBR4,29.58
2022-12-27,GOAU4,13.16
2022-12-27,HAPV3,5.01
2022-12-27,HYPE3,44.31
2022-12-27,IGTI11,18.14
2022-12-27,ITSA4,8.38
2022-12-27,ITUB4,24.55
2022-12-27,KLBN11,19.55
2022-12-27,LREN3,20.38
2022-12-27,MGLU3,2.52
2022-12-27,MRFG3,7.95
2022-12-27,MRVE3,7.09
2022-12-27,MULT3,21.25
2022-12-27,NTCO3,10.68
2022-12-27,PETR3,28.66
2022-12-27,PETR4,25.11
2022-12-27,POMO4,2.65
2022-12-27,PRIO3,35.58
2022-12-27,PSSA3,22.86
2022-12-27,RADL3,23.64
2022-12-27,RAIL3,18.05
2022-12-27,RDOR3,30.06
2022-12-27,RENT3,52.39
2022-12-27,SANB11,27.76
2022-12-27,SBSP3,56.48
2022-12-27,SMFT3,13.15
2022-12-27,SUZB3,47.5
2022-12-27,TAEE11,34.34
2022-12-27,TEND3,3.96
2022-12-27,TIMS3,12.23
2022-12-27,TOTS3,26.76
2022-12-27,UGPA3,12.28
2022-12-27,USIM5,7.02
2022-12-27,VALE3,89.19
2022-12-27,VAMO3,12.03
2022-12-27,VBBR3,15.05
2022-12-27,VIVA3,20.83
2022-12-27,VIVT3,37.41
2022-12-27,WEGE3,38.01
2022-12-27,YDUQ3,9.9
2022-12-28,ABEV3,14.55
2022-12-28,ASAI3,19.43
2022-12-28,AURE3,14.79
2022-12-28,B3SA3,13.4
2022-12-28,BBAS3,34.67
2022-12-28,BBDC3,13.53
2022-12-28,BBDC4,15.16
2022-12-28,BBSE3,33.63
2022-12-28,BEEF3,12.72
2022-12-28,BPAC11,24.52
2022-12-28,BRAP4,30.03
2022-12-28,CCRO3,10.82
2022-12-28,CEAB3,2.34
2022-12-28,CMIG4,11.17
2022-12-28,CMIN3,4.11
2022-12-28,COGN3,2.16
2022-12-28,CPFE3,32.59
2022-12-28,CPLE3,6.92
2022-12-28,CSAN3,17.29
2022-12-28,CSMG3,15.54
2022-12-28,CSNA3,14.79
2022-12-28,CURY3,12.38
2022-12-28,CXSE3,8.25
2022-12-28,CYRE3,13.36
2022-12-28,DIRR3,15.65
2022-12-28,EGIE3,37.83
2022-12-28,ELET3,42.51
2022-12-28,EMBR3,14.2
2022-12-28,ENEV3,11.97
2022-12-28,ENGI11,44.45
2022-12-28,EQTL3,27.28
2022-12-28,FLRY3,16.05
2022-12-28,GGBR4,29.45
2022-12-28,GOAU4,13.04
2022-12-28,HAPV3,5.22
2022-12-28,HYPE3,44.86
2022-12-28,IGTI11,18.81
2022-12-28,ITSA4,8.55
2022-12-28,ITUB4,25.05
2022-12-28,KLBN11,19.94
2022-12-28,LREN3,20.84
2022-12-28,MGLU3,2.69
2022-12-28,MRFG3,8.35
2022-12-28,MRVE3,7.5
2022-12-28,MULT3,22.11
2022-12-28,NTCO3,11.45
2022-12-28,PETR3,28.5
2022-12-28,PETR4,24.8
2022-12-28,POMO4,2.8
2022-12-28,PRIO3,37.25
2022-12-28,PSSA3,23.45
2022-12-28,RADL3,23.79
2022-12-28,RAIL3,18.47
2022-12-28,RDOR3,30.23
2022-12-28,RENT3,54.29
2022-12-28,SANB11,28.34
2022-12-28,SBSP3,57.34
2022-12-28,SMFT3,13.69
2022-12-28,SUZB3,48.13
2022-12-28,TAEE11,34.7
2022-12-28,TEND3,4.23
2022-12-28,TIMS3,12.27
2022-12-28,TOTS3,27.9
2022-12-28,UGPA3,12.7
2022-12-28,USIM5,7.16
2022-12-28,VALE3,88.99
2022-12-28,VAMO3,12.54
2022-12-28,VBBR3,15.52
2022-12-28,VIVA3,21.66
2022-12-28,VIVT3,37.87
2022-12-28,WEGE3,38.7
2022-12-28,YDUQ3,10.43
2022-12-29,ABEV3,14.52
2022-12-29,ASAI3,19.47
2022-12-29,AURE3,14.73
2022-12-29,B3SA3,13.21
2022-12-29,BBAS3,34.73
2022-12-29,BBDC3,13.47
2022-12-29,BBDC4,15.15
2022-12-29,BBSE3,33.71
2022-12-29,BEEF3,12.96
2022-12-29,BPAC11,23.94
2022-12-29,BRAP4,29.72
2022-12-29,CCRO3,10.82
2022-12-29,CEAB3,2.29
2022-12-29,CMIG4,11.14
2022-12-29,CMIN3,4.08
2022-12-29,COGN3,2.12
2022-12-29,CPFE3,33.2
2022-12-29,CPLE3,6.87
2022-12-29,CSAN3,17.12
2022-12-29,CSMG3,15.69
2022-12-29,CSNA3,14.55
2022-12-29,CURY3,12.66
2022-12-29,CXSE3,8.35
2022-12-29,CYRE3,13.07
2022-12-29,DIRR3,15.64
2022-12-29,EGIE3,37.88
2022-12-29,ELET3,42.12
2022-12-29,EMBR3,14.31
2022-12-29,ENEV3,11.93
2022-12-29,ENGI11,44.21
2022-12-29,EQTL3,27.02
2022-12-29,FLRY3,15.45
2022-12-29,GGBR4,29.37
2022-12-29,GOAU4,12.97
2022-12-29,HAPV3,5.08
2022-12-29,HYPE3,45.2
2022-12-29,IGTI11,18.5
2022-12-29,ITSA4,8.51
2022-12-29,ITUB4,25.0
2022-12-29,KLBN11,19.97
2022-12-29,LREN3,20.48
2022-12-29,MGLU3,2.74
2022-12-29,MRFG3,8.7
2022-12-29,MRVE3,7.6
2022-12-29,MULT3,21.9
2022-12-29,NTCO3,11.61
2022-12-29,PETR3,28.04
2022-12-29,PETR4,24.5
2022-12-29,POMO4,2.83
2022-12-29,PRIO3,37.21
2022-12-29,PSSA3,23.15
2022-12-29,RADL3,23.72
2022-12-29,RAIL3,18.61
2022-12-29,RDOR3,29.58
2022-12-29,RENT3,53.2
2022-12-29,SANB11,28.19
2022-12-29,SBSP3,57.16
2022-12-29,SMFT3,13.59
2022-12-29,SUZB3,48.24
2022-12-29,TAEE11,34.67
2022-12-29,TEND3,4.22
2022-12-29,TIMS3,12.4
2022-12-29,TOTS3,27.62
2022-12-29,UGPA3,12.61
2022-12-29,USIM5,7.16
2022-12-29,VALE3,88.88
2022-12-29,VAMO3,12.64
2022-12-29,VBBR3,15.55
2022-12-29,VIVA3,22.43
2022-12-29,VIVT3,38.35
2022-12-29,WEGE3,38.51
2022-12-29,YDUQ3,10.17
