data,ticker,fechamento
2023-01-02,ABEV3,14.19
2023-01-02,ASAI3,18.99
2023-01-02,AURE3,14.48
2023-01-02,B3SA3,12.25
2023-01-02,BBAS3,33.26
2023-01-02,BBDC3,13.19
2023-01-02,BBDC4,14.75
2023-01-02,BBSE3,33.39
2023-01-02,BEEF3,12.7
2023-01-02,BPAC11,22.58
2023-01-02,BRAP4,29.78
2023-01-02,CCRO3,10.29
2023-01-02,CEAB3,2.2
2023-01-02,CMIG4,10.91
2023-01-02,CMIN3,4.04
2023-01-02,COGN3,2.05
2023-01-02,CPFE3,32.19
2023-01-02,CPLE3,6.66
2023-01-02,CSAN3,16.26
2023-01-02,CSMG3,15.29
2023-01-02,CSNA3,14.72
2023-01-02,CURY3,11.83
2023-01-02,CXSE3,8.12
2023-01-02,CYRE3,12.85
2023-01-02,DIRR3,15.27
2023-01-02,EGIE3,37.32
2023-01-02,ELET3,40.59
2023-01-02,EMBR3,14.3
2023-01-02,ENEV3,11.2
2023-01-02,ENGI11,42.89
2023-01-02,EQTL3,26.19
2023-01-02,FLRY3,15.11
2023-01-02,GGBR4,29.46
2023-01-02,GOAU4,13.05
2023-01-02,HAPV3,4.64
2023-01-02,HYPE3,43.73
2023-01-02,IGTI11,17.65
2023-01-02,ITSA4,8.36
2023-01-02,ITUB4,24.49
2023-01-02,KLBN11,20.05
2023-01-02,LREN3,19.33
2023-01-02,MGLU3,2.59
2023-01-02,MRFG3,8.36
2023-01-02,MRVE3,7.34
2023-01-02,MULT3,20.71
2023-01-02,NTCO3,10.64
2023-01-02,PETR3,26.17
2023-01-02,PETR4,22.92
2023-01-02,POMO4,2.7
2023-01-02,PRIO3,36.76
2023-01-02,PSSA3,22.64
2023-01-02,RADL3,23.26
2023-01-02,RAIL3,17.66
2023-01-02,RDOR3,27.08
2023-01-02,RENT3,51.25
2023-01-02,SANB11,27.76
2023-01-02,SBSP3,53.45
2023-01-02,SMFT3,12.73
2023-01-02,SUZB3,48.98
2023-01-02,TAEE11,34.34
2023-01-02,TEND3,4.1
2023-01-02,TIMS3,11.98
2023-01-02,TOTS3,25.89
2023-01-02,UGPA3,11.95
2023-01-02,USIM5,7.03
2023-01-02,VALE3,89.4
2023-01-02,VAMO3,11.61
2023-01-02,VBBR3,14.7
2023-01-02,VIVA3,20.76
2023-01-02,VIVT3,36.39
2023-01-02,WEGE3,38.1
2023-01-02,YDUQ3,9.79
2023-01-03,ABEV3,14.17
2023-01-03,ASAI3,18.61
2023-01-03,AURE3,14.22
2023-01-03,B3SA3,11.84
2023-01-03,BBAS3,32.64
2023-01-03,BBDC3,12.55
2023-01-03,BBDC4,14.0
2023-01-03,BBSE3,32.35
2023-01-03,BEEF3,12.34
2023-01-03,BPAC11,21.52
2023-01-03,BRAP4,29.56
2023-01-03,CCRO3,10.06
2023-01-03,CEAB3,2.12
2023-01-03,CMIG4,10.65
2023-01-03,CMIN3,3.99
2023-01-03,COGN3,1.95
2023-01-03,CPFE3,31.79
2023-01-03,CPLE3,6.6
2023-01-03,CSAN3,15.59
2023-01-03,CSMG3,15.07
2023-01-03,CSNA3,14.55
2023-01-03,CURY3,11.6
2023-01-03,CXSE3,8.09
2023-01-03,CYRE3,12.28
2023-01-03,DIRR3,14.74
2023-01-03,EGIE3,36.98
2023-01-03,ELET3,39.83
2023-01-03,EMBR3,14.57
2023-01-03,ENEV3,11.03
2023-01-03,ENGI11,41.97
2023-01-03,EQTL3,25.55
2023-01-03,FLRY3,14.55
2023-01-03,GGBR4,29.52
2023-01-03,GOAU4,12.92
2023-01-03,HAPV3,4.51
2023-01-03,HYPE3,41.84
2023-01-03,IGTI11,16.68
2023-01-03,ITSA4,8.15
2023-01-03,ITUB4,23.98
2023-01-03,KLBN11,20.12
2023-01-03,LREN3,18.87
2023-01-03,MGLU3,2.54
2023-01-03,MRFG3,8.19
2023-01-03,MRVE3,7.17
2023-01-03,MULT3,20.05
2023-01-03,NTCO3,10.12
2023-01-03,PETR3,25.8
2023-01-03,PETR4,22.34
2023-01-03,POMO4,2.76
2023-01-03,PRIO3,34.3
2023-01-03,PSSA3,22.21
2023-01-03,RADL3,22.82
2023-01-03,RAIL3,17.26
2023-01-03,RDOR3,25.74
2023-01-03,RENT3,49.99
2023-01-03,SANB11,27.39
2023-01-03,SBSP3,52.94
2023-01-03,SMFT3,12.26
2023-01-03,SUZB3,49.85
2023-01-03,TAEE11,33.86
2023-01-03,TEND3,4.28
2023-01-03,TIMS3,11.69
2023-01-03,TOTS3,25.0
2023-01-03,UGPA3,11.76
2023-01-03,USIM5,6.95
2023-01-03,VALE3,89.24
2023-01-03,VAMO3,10.95
2023-01-03,VBBR3,14.26
2023-01-03,VIVA3,20.15
2023-01-03,VIVT3,35.66
2023-01-03,WEGE3,37.15
2023-01-03,YDUQ3,9.17
2023-01-04,ABEV3,14.25
2023-01-04,ASAI3,19.08
2023-01-04,AURE3,14.5
2023-01-04,B3SA3,11.93
2023-01-04,BBAS3,33.06
2023-01-04,BBDC3,12.66
2023-01-04,BBDC4,14.04
2023-01-04,BBSE3,32.51
2023-01-04,BEEF3,12.81
2023-01-04,BPAC11,21.9
2023-01-04,BRAP4,29.84
2023-01-04,CCRO3,10.19
2023-01-04,CEAB3,2.25
2023-01-04,CMIG4,10.78
2023-01-04,CMIN3,3.98
2023-01-04,COGN3,2.03
2023-01-04,CPFE3,32.16
2023-01-04,CPLE3,6.68
2023-01-04,CSAN3,15.7
2023-01-04,CSMG3,14.92
2023-01-04,CSNA3,14.66
2023-01-04,CURY3,11.64
2023-01-04,CXSE3,8.15
2023-01-04,CYRE3,12.76
2023-01-04,DIRR3,14.45
2023-01-04,EGIE3,37.0
2023-01-04,ELET3,40.9
2023-01-04,EMBR3,14.97
2023-01-04,ENEV3,11.45
2023-01-04,ENGI11,41.77
2023-01-04,EQTL3,25.6
2023-01-04,FLRY3,14.85
2023-01-04,GGBR4,29.38
2023-01-04,GOAU4,13.03
2023-01-04,HAPV3,4.58
2023-01-04,HYPE3,41.98
2023-01-04,IGTI11,16.83
2023-01-04,ITSA4,8.22
2023-01-04,ITUB4,24.05
2023-01-04,KLBN11,20.34
2023-01-04,LREN3,18.99
2023-01-04,MGLU3,2.55
2023-01-04,MRFG3,8.35
2023-01-04,MRVE3,7.41
2023-01-04,MULT3,20.39
2023-01-04,NTCO3,11.02
2023-01-04,PETR3,26.23
2023-01-04,PETR4,23.05
2023-01-04,POMO4,2.79
2023-01-04,PRIO3,34.09
2023-01-04,PSSA3,22.28
2023-01-04,RADL3,22.7
2023-01-04,RAIL3,17.52
2023-01-04,RDOR3,26.14
2023-01-04,RENT3,50.58
2023-01-04,SANB11,28.07
2023-01-04,SBSP3,53.35
2023-01-04,SMFT3,12.5
2023-01-04,SUZB3,49.95
2023-01-04,TAEE11,34.03
2023-01-04,TEND3,4.21
2023-01-04,TIMS3,11.9
2023-01-04,TOTS3,25.73
2023-01-04,UGPA3,12.04
2023-01-04,USIM5,7.09
2023-01-04,VALE3,89.4
2023-01-04,VAMO3,11.22
2023-01-04,VBBR3,14.68
2023-01-04,VIVA3,20.25
2023-01-04,VIVT3,36.44
2023-01-04,WEGE3,37.4
2023-01-04,YDUQ3,9.29
2023-01-05,ABEV3,14.29
2023-01-05,ASAI3,18.98
2023-01-05,AURE3,14.57
2023-01-05,B3SA3,12.3
2023-01-05,BBAS3,34.57
2023-01-05,BBDC3,13.07
2023-01-05,BBDC4,14.65
2023-01-05,BBSE3,32.58
2023-01-05,BEEF3,13.08
2023-01-05,BPAC11,22.62
2023-01-05,BRAP4,30.58
2023-01-05,CCRO3,10.33
2023-01-05,CEAB3,2.31
2023-01-05,CMIG4,10.88
2023-01-05,CMIN3,4.05
2023-01-05,COGN3,2.05
2023-01-05,CPFE3,32.2
2023-01-05,CPLE3,6.75
2023-01-05,CSAN3,16.02
2023-01-05,CSMG3,15.22
2023-01-05,CSNA3,15.63
2023-01-05,CURY3,11.85
2023-01-05,CXSE3,8.1
2023-01-05,CYRE3,13.1
2023-01-05,DIRR3,14.71
2023-01-05,EGIE3,36.76
2023-01-05,ELET3,40.98
2023-01-05,EMBR3,14.8
2023-01-05,ENEV3,11.71
2023-01-05,ENGI11,41.35
2023-01-05,EQTL3,25.68
2023-01-05,FLRY3,15.12
2023-01-05,GGBR4,30.1
2023-01-05,GOAU4,13.25
2023-01-05,HAPV3,4.77
2023-01-05,HYPE3,42.52
2023-01-05,IGTI11,17.27
2023-01-05,ITSA4,8.34
2023-01-05,ITUB4,24.8
2023-01-05,KLBN11,20.57
2023-01-05,LREN3,18.7
2023-01-05,MGLU3,2.66
2023-01-05,MRFG3,8.47
2023-01-05,MRVE3,7.48
2023-01-05,MULT3,20.93
2023-01-05,NTCO3,11.7
2023-01-05,PETR3,27.08
2023-01-05,PETR4,23.88
2023-01-05,POMO4,2.91
2023-01-05,PRIO3,34.97
2023-01-05,PSSA3,22.5
2023-01-05,RADL3,23.41
2023-01-05,RAIL3,17.64
2023-01-05,RDOR3,27.65
2023-01-05,RENT3,51.0
2023-01-05,SANB11,28.58
2023-01-05,SBSP3,54.68
2023-01-05,SMFT3,12.56
2023-01-05,SUZB3,50.26
2023-01-05,TAEE11,34.04
2023-01-05,TEND3,4.63
2023-01-05,TIMS3,11.79
2023-01-05,TOTS3,26.9
2023-01-05,UGPA3,12.2
2023-01-05,USIM5,7.51
2023-01-05,VALE3,90.9
2023-01-05,VAMO3,11.5
2023-01-05,VBBR3,14.75
2023-01-05,VIVA3,20.45
2023-01-05,VIVT3,37.42
2023-01-05,WEGE3,37.48
2023-01-05,YDUQ3,9.41
2023-01-06,ABEV3,14.32
2023-01-06,ASAI3,19.04
2023-01-06,AURE3,14.58
2023-01-06,B3SA3,12.59
2023-01-06,BBAS3,35.05
2023-01-06,BBDC3,13.42
2023-01-06,BBDC4,15.06
2023-01-06,BBSE3,33.53
2023-01-06,BEEF3,13.27
2023-01-06,BPAC11,22.9
2023-01-06,BRAP4,30.69
2023-01-06,CCRO3,10.45
2023-01-06,CEAB3,2.35
2023-01-06,CMIG4,10.88
2023-01-06,CMIN3,4.3
2023-01-06,COGN3,2.09
2023-01-06,CPFE3,31.86
2023-01-06,CPLE3,6.65
2023-01-06,CSAN3,16.58
2023-01-06,CSMG3,15.25
2023-01-06,CSNA3,16.27
2023-01-06,CURY3,12.1
2023-01-06,CXSE3,8.06
2023-01-06,CYRE3,13.71
2023-01-06,DIRR3,15.02
2023-01-06,EGIE3,36.87
2023-01-06,ELET3,41.0
2023-01-06,EMBR3,14.55
2023-01-06,ENEV3,12.38
2023-01-06,ENGI11,41.2
2023-01-06,EQTL3,25.6
2023-01-06,FLRY3,15.59
2023-01-06,GGBR4,30.33
2023-01-06,GOAU4,13.35
2023-01-06,HAPV3,4.72
2023-01-06,HYPE3,43.13
2023-01-06,IGTI11,18.01
2023-01-06,ITSA4,8.48
2023-01-06,ITUB4,25.23
2023-01-06,KLBN11,20.31
2023-01-06,LREN3,19.39
2023-01-06,MGLU3,2.76
2023-01-06,MRFG3,8.45
2023-01-06,MRVE3,7.55
2023-01-06,MULT3,21.49
2023-01-06,NTCO3,12.25
2023-01-06,PETR3,26.91
2023-01-06,PETR4,23.74
2023-01-06,POMO4,2.85
2023-01-06,PRIO3,35.18
2023-01-06,PSSA3,22.8
2023-01-06,RADL3,23.89
2023-01-06,RAIL3,17.8
2023-01-06,RDOR3,27.94
2023-01-06,RENT3,51.97
2023-01-06,SANB11,29.25
2023-01-06,SBSP3,54.93
2023-01-06,SMFT3,12.77
2023-01-06,SUZB3,49.94
2023-01-06,TAEE11,35.33
2023-01-06,TEND3,4.54
2023-01-06,TIMS3,11.94
2023-01-06,TOTS3,27.34
2023-01-06,UGPA3,12.34
2023-01-06,USIM5,7.59
2023-01-06,VALE3,92.34
2023-01-06,VAMO3,11.93
2023-01-06,VBBR3,14.85
2023-01-06,VIVA3,21.05
2023-01-06,VIVT3,38.22
2023-01-06,WEGE3,38.03
2023-01-06,YDUQ3,9.75
2023-01-09,ABEV3,14.4
2023-01-09,ASAI3,19.23
2023-01-09,AURE3,14.34
2023-01-09,B3SA3,12.42
2023-01-09,BBAS3,34.71
2023-01-09,BBDC3,12.92
2023-01-09,BBDC4,14.56
2023-01-09,BBSE3,33.69
2023-01-09,BEEF3,13.35
2023-01-09,BPAC11,22.62
2023-01-09,BRAP4,31.07
2023-01-09,CCRO3,10.43
2023-01-09,CEAB3,2.36
2023-01-09,CMIG4,11.16
2023-01-09,CMIN3,4.26
2023-01-09,COGN3,2.11
2023-01-09,CPFE3,32.15
2023-01-09,CPLE3,6.59
2023-01-09,CSAN3,16.5
2023-01-09,CSMG3,15.4
2023-01-09,CSNA3,16.34
2023-01-09,CURY3,11.95
2023-01-09,CXSE3,8.12
2023-01-09,CYRE3,13.58
2023-01-09,DIRR3,14.65
2023-01-09,EGIE3,37.78
2023-01-09,ELET3,41.3
2023-01-09,EMBR3,14.81
2023-01-09,ENEV3,12.04
2023-01-09,ENGI11,41.31
2023-01-09,EQTL3,25.95
2023-01-09,FLRY3,15.11
2023-01-09,GGBR4,30.95
2023-01-09,GOAU4,13.66
2023-01-09,HAPV3,4.2
2023-01-09,HYPE3,42.97
2023-01-09,IGTI11,17.82
2023-01-09,ITSA4,8.54
2023-01-09,ITUB4,25.41
2023-01-09,KLBN11,20.36
2023-01-09,LREN3,19.44
2023-01-09,MGLU3,2.83
2023-01-09,MRFG3,8.34
2023-01-09,MRVE3,7.55
2023-01-09,MULT3,21.22
2023-01-09,NTCO3,12.15
2023-01-09,PETR3,27.09
2023-01-09,PETR4,23.87
2023-01-09,POMO4,2.85
2023-01-09,PRIO3,36.01
2023-01-09,PSSA3,23.01
2023-01-09,RADL3,23.66
2023-01-09,RAIL3,17.72
2023-01-09,RDOR3,27.44
2023-01-09,RENT3,51.91
2023-01-09,SANB11,29.25
2023-01-09,SBSP3,55.03
2023-01-09,SMFT3,13.07
2023-01-09,SUZB3,50.61
2023-01-09,TAEE11,35.74
2023-01-09,TEND3,4.51
2023-01-09,TIMS3,11.95
2023-01-09,TOTS3,27.86
2023-01-09,UGPA3,12.3
2023-01-09,USIM5,7.62
2023-01-09,VALE3,92.44
2023-01-09,VAMO3,12.11
2023-01-09,VBBR3,14.72
2023-01-09,VIVA3,21.08
2023-01-09,VIVT3,38.1
2023-01-09,WEGE3,37.92
2023-01-09,YDUQ3,9.64
2023-01-10,ABEV3,14.54
2023-01-10,ASAI3,19.24
2023-01-10,AURE3,14.19
2023-01-10,B3SA3,12.86
2023-01-10,BBAS3,35.3
2023-01-10,BBDC3,13.19
2023-01-10,BBDC4,15.1
2023-01-10,BBSE3,34.2
2023-01-10,BEEF3,13.45
2023-01-10,BPAC11,23.64
2023-01-10,BRAP4,31.71
2023-01-10,CCRO3,10.87
2023-01-10,CEAB3,2.56
2023-01-10,CMIG4,11.22
2023-01-10,CMIN3,4.54
2023-01-10,COGN3,2.21
2023-01-10,CPFE3,31.74
2023-01-10,CPLE3,6.66
2023-01-10,CSAN3,17.05
2023-01-10,CSMG3,15.56
2023-01-10,CSNA3,17.12
2023-01-10,CURY3,12.12
2023-01-10,CXSE3,8.15
2023-01-10,CYRE3,13.93
2023-01-10,DIRR3,15.14
2023-01-10,EGIE3,37.85
2023-01-10,ELET3,40.9
2023-01-10,EMBR3,15.09
2023-01-10,ENEV3,12.4
2023-01-10,ENGI11,41.49
2023-01-10,EQTL3,26.18
2023-01-10,FLRY3,15.47
2023-01-10,GGBR4,31.81
2023-01-10,GOAU4,13.93
2023-01-10,HAPV3,4.31
2023-01-10,HYPE3,43.25
2023-01-10,IGTI11,18.15
2023-01-10,ITSA4,8.72
2023-01-10,ITUB4,25.9
2023-01-10,KLBN11,20.26
2023-01-10,LREN3,20.02
2023-01-10,MGLU3,3.05
2023-01-10,MRFG3,8.58
2023-01-10,MRVE3,7.83
2023-01-10,MULT3,21.87
2023-01-10,NTCO3,12.59
2023-01-10,PETR3,27.25
2023-01-10,PETR4,24.09
2023-01-10,POMO4,2.86
2023-01-10,PRIO3,36.21
2023-01-10,PSSA3,23.54
2023-01-10,RADL3,24.01
2023-01-10,RAIL3,18.13
2023-01-10,RDOR3,27.1
2023-01-10,RENT3,53.58
2023-01-10,SANB11,30.6
2023-01-10,SBSP3,55.19
2023-01-10,SMFT3,14.74
2023-01-10,SUZB3,49.98
2023-01-10,TAEE11,35.87
2023-01-10,TEND3,5.1
2023-01-10,TIMS3,11.87
2023-01-10,TOTS3,28.83
2023-01-10,UGPA3,12.72
2023-01-10,USIM5,7.9
2023-01-10,VALE3,93.58
2023-01-10,VAMO3,12.71
2023-01-10,VBBR3,14.89
2023-01-10,VIVA3,22.31
2023-01-10,VIVT3,38.5
2023-01-10,WEGE3,37.55
2023-01-10,YDUQ3,9.77
2023-01-11,ABEV3,14.29
2023-01-11,ASAI3,19.76
2023-01-11,AURE3,14.68
2023-01-11,B3SA3,13.45
2023-01-11,BBAS3,35.8
2023-01-11,BBDC3,13.33
2023-01-11,BBDC4,15.4
2023-01-11,BBSE3,34.4
2023-01-11,BEEF3,14.49
2023-01-11,BPAC11,23.82
2023-01-11,BRAP4,31.76
2023-01-11,CCRO3,11.36
2023-01-11,CEAB3,2.63
2023-01-11,CMIG4,11.68
2023-01-11,CMIN3,4.52
2023-01-11,COGN3,2.24
2023-01-11,CPFE3,32.56
2023-01-11,CPLE3,6.86
2023-01-11,CSAN3,17.4
2023-01-11,CSMG3,15.62
2023-01-11,CSNA3,17.15
2023-01-11,CURY3,12.41
2023-01-11,CXSE3,8.15
2023-01-11,CYRE3,14.14
2023-01-11,DIRR3,15.13
2023-01-11,EGIE3,38.87
2023-01-11,ELET3,42.75
2023-01-11,EMBR3,15.59
2023-01-11,ENEV3,12.66
2023-01-11,ENGI11,42.51
2023-01-11,EQTL3,27.36
2023-01-11,FLRY3,15.96
2023-01-11,GGBR4,32.13
2023-01-11,GOAU4,14.04
2023-01-11,HAPV3,4.6
2023-01-11,HYPE3,45.03
2023-01-11,IGTI11,18.84
2023-01-11,ITSA4,8.79
2023-01-11,ITUB4,26.35
2023-01-11,KLBN11,19.93
2023-01-11,LREN3,20.82
2023-01-11,MGLU3,3.03
2023-01-11,MRFG3,8.64
2023-01-11,MRVE3,7.82
2023-01-11,MULT3,22.72
2023-01-11,NTCO3,12.7
2023-01-11,PETR3,27.6
2023-01-11,PETR4,24.28
2023-01-11,POMO4,2.85
2023-01-11,PRIO3,39.02
2023-01-11,PSSA3,23.62
2023-01-11,RADL3,24.27
2023-01-11,RAIL3,18.53
2023-01-11,RDOR3,27.4
2023-01-11,RENT3,55.02
2023-01-11,SANB11,31.46
2023-01-11,SBSP3,55.83
2023-01-11,SMFT3,14.84
2023-01-11,SUZB3,49.25
2023-01-11,TAEE11,34.84
2023-01-11,TEND3,5.03
2023-01-11,TIMS3,11.7
2023-01-11,TOTS3,29.15
2023-01-11,UGPA3,13.14
2023-01-11,USIM5,7.85
2023-01-11,VALE3,93.25
2023-01-11,VAMO3,13.21
2023-01-11,VBBR3,15.04
2023-01-11,VIVA3,22.11
2023-01-11,VIVT3,38.82
2023-01-11,WEGE3,38.6
2023-01-11,YDUQ3,9.7
2023-01-12,ABEV3,14.1
2023-01-12,ASAI3,20.0
2023-01-12,AURE3,15.06
2023-01-12,B3SA3,13.37
2023-01-12,BBAS3,35.57
2023-01-12,BBDC3,13.06
2023-01-12,BBDC4,15.04
2023-01-12,BBSE3,34.29
2023-01-12,BEEF3,14.57
2023-01-12,BPAC11,22.88
2023-01-12,BRAP4,31.95
2023-01-12,CCRO3,11.65
2023-01-12,CEAB3,2.55
2023-01-12,CMIG4,11.57
2023-01-12,CMIN3,4.53
2023-01-12,COGN3,2.2
2023-01-12,CPFE3,32.3
2023-01-12,CPLE3,6.8
2023-01-12,CSAN3,17.69
2023-01-12,CSMG3,15.46
2023-01-12,CSNA3,16.93
2023-01-12,CURY3,12.61
2023-01-12,CXSE3,8.19
2023-01-12,CYRE3,14.11
2023-01-12,DIRR3,15.12
2023-01-12,EGIE3,38.81
2023-01-12,ELET3,42.37
2023-01-12,EMBR3,15.71
2023-01-12,ENEV3,12.65
2023-01-12,ENGI11,43.49
2023-01-12,EQTL3,27.55
2023-01-12,FLRY3,15.81
2023-01-12,GGBR4,32.25
2023-01-12,GOAU4,14.13
2023-01-12,HAPV3,4.35
2023-01-12,HYPE3,45.11
2023-01-12,IGTI11,18.61
2023-01-12,ITSA4,8.7
2023-01-12,ITUB4,25.98
2023-01-12,KLBN11,19.89
2023-01-12,LREN3,21.24
2023-01-12,MGLU3,3.19
2023-01-12,MRFG3,8.64
2023-01-12,MRVE3,7.59
2023-01-12,MULT3,22.32
2023-01-12,NTCO3,12.34
2023-01-12,PETR3,27.75
2023-01-12,PETR4,24.63
2023-01-12,POMO4,2.87
2023-01-12,PRIO3,39.75
2023-01-12,PSSA3,23.44
2023-01-12,RADL3,24.05
2023-01-12,RAIL3,18.67
2023-01-12,RDOR3,26.85
2023-01-12,RENT3,54.53
2023-01-12,SANB11,30.49
2023-01-12,SBSP3,55.17
2023-01-12,SMFT3,14.9
2023-01-12,SUZB3,50.26
2023-01-12,TAEE11,34.93
2023-01-12,TEND3,4.7
2023-01-12,TIMS3,11.86
2023-01-12,TOTS3,28.59
2023-01-12,UGPA3,13.12
2023-01-12,USIM5,7.88
2023-01-12,VALE3,93.74
2023-01-12,VAMO3,12.85
2023-01-12,VBBR3,15.1
2023-01-12,VIVA3,21.79
2023-01-12,VIVT3,38.81
2023-01-12,WEGE3,38.51
2023-01-12,YDUQ3,9.58
2023-01-13,ABEV3,13.88
2023-01-13,ASAI3,19.96
2023-01-13,AURE3,14.79
2023-01-13,B3SA3,13.16
2023-01-13,BBAS3,35.65
2023-01-13,BBDC3,13.11
2023-01-13,BBDC4,14.99
2023-01-13,BBSE3,34.2
2023-01-13,BEEF3,15.25
2023-01-13,BPAC11,22.21
2023-01-13,BRAP4,31.74
2023-01-13,CCRO3,11.48
2023-01-13,CEAB3,2.43
2023-01-13,CMIG4,11.42
2023-01-13,CMIN3,4.58
2023-01-13,COGN3,2.14
2023-01-13,CPFE3,32.05
2023-01-13,CPLE3,6.8
2023-01-13,CSAN3,17.14
2023-01-13,CSMG3,15.01
2023-01-13,CSNA3,16.89
2023-01-13,CURY3,12.54
2023-01-13,CXSE3,8.36
2023-01-13,CYRE3,13.76
2023-01-13,DIRR3,14.81
2023-01-13,EGIE3,37.84
2023-01-13,ELET3,41.58
2023-01-13,EMBR3,15.75
2023-01-13,ENEV3,12.6
2023-01-13,ENGI11,41.75
2023-01-13,EQTL3,27.08
2023-01-13,FLRY3,15.18
2023-01-13,GGBR4,32.43
2023-01-13,GOAU4,14.1
2023-01-13,HAPV3,4.25
2023-01-13,HYPE3,44.35
2023-01-13,IGTI11,18.11
2023-01-13,ITSA4,8.63
2023-01-13,ITUB4,25.85
2023-01-13,KLBN11,20.04
2023-01-13,LREN3,20.14
2023-01-13,MGLU3,3.43
2023-01-13,MRFG3,8.37
2023-01-13,MRVE3,7.19
2023-01-13,MULT3,21.91
2023-01-13,NTCO3,12.24
2023-01-13,PETR3,27.69
2023-01-13,PETR4,24.57
2023-01-13,POMO4,2.87
2023-01-13,PRIO3,39.05
2023-01-13,PSSA3,23.27
2023-01-13,RADL3,23.98
2023-01-13,RAIL3,18.37
2023-01-13,RDOR3,26.3
2023-01-13,RENT3,53.71
2023-01-13,SANB11,29.9
2023-01-13,SBSP3,54.7
2023-01-13,SMFT3,14.89
2023-01-13,SUZB3,50.43
2023-01-13,TAEE11,34.77
2023-01-13,TEND3,4.53
2023-01-13,TIMS3,11.63
2023-01-13,TOTS3,28.16
2023-01-13,UGPA3,12.59
2023-01-13,USIM5,7.81
2023-01-13,VALE3,93.82
2023-01-13,VAMO3,12.86
2023-01-13,VBBR3,14.77
2023-01-13,VIVA3,20.98
2023-01-13,VIVT3,38.13
2023-01-13,WEGE3,38.97
2023-01-13,YDUQ3,9.26
2023-01-16,ABEV3,13.2
2023-01-16,ASAI3,20.06
2023-01-16,AURE3,15.05
2023-01-16,B3SA3,12.95
2023-01-16,BBAS3,35.61
2023-01-16,BBDC3,12.82
2023-01-16,BBDC4,14.53
2023-01-16,BBSE3,33.88
2023-01-16,BEEF3,15.15
2023-01-16,BPAC11,21.46
2023-01-16,BRAP4,31.11
2023-01-16,CCRO3,11.08
2023-01-16,CEAB3,2.71
2023-01-16,CMIG4,11.31
2023-01-16,CMIN3,4.41
2023-01-16,COGN3,2.08
2023-01-16,CPFE3,32.4
2023-01-16,CPLE3,6.78
2023-01-16,CSAN3,16.68
2023-01-16,CSMG3,14.98
2023-01-16,CSNA3,16.61
2023-01-16,CURY3,12.09
2023-01-16,CXSE3,8.16
2023-01-16,CYRE3,13.62
2023-01-16,DIRR3,14.59
2023-01-16,EGIE3,38.17
2023-01-16,ELET3,40.82
2023-01-16,EMBR3,16.37
2023-01-16,ENEV3,12.37
2023-01-16,ENGI11,40.9
2023-01-16,EQTL3,26.83
2023-01-16,FLRY3,14.88
2023-01-16,GGBR4,31.89
2023-01-16,GOAU4,13.82
2023-01-16,HAPV3,4.12
2023-01-16,HYPE3,43.09
2023-01-16,IGTI11,17.88
2023-01-16,ITSA4,8.48
2023-01-16,ITUB4,25.57
2023-01-16,KLBN11,19.92
2023-01-16,LREN3,19.73
2023-01-16,MGLU3,3.85
2023-01-16,MRFG3,8.06
2023-01-16,MRVE3,6.99
2023-01-16,MULT3,21.51
2023-01-16,NTCO3,12.07
2023-01-16,PETR3,27.0
2023-01-16,PETR4,24.04
2023-01-16,POMO4,2.8
2023-01-16,PRIO3,39.07
2023-01-16,PSSA3,23.17
2023-01-16,RADL3,24.08
2023-01-16,RAIL3,18.3
2023-01-16,RDOR3,26.13
2023-01-16,RENT3,53.75
2023-01-16,SANB11,28.58
2023-01-16,SBSP3,54.85
2023-01-16,SMFT3,15.08
2023-01-16,SUZB3,50.61
2023-01-16,TAEE11,34.79
2023-01-16,TEND3,4.32
2023-01-16,TIMS3,11.73
2023-01-16,TOTS3,27.64
2023-01-16,UGPA3,12.35
2023-01-16,USIM5,7.74
2023-01-16,VALE3,92.25
2023-01-16,VAMO3,12.35
2023-01-16,VBBR3,14.78
2023-01-16,VIVA3,20.93
2023-01-16,VIVT3,38.16
2023-01-16,WEGE3,37.69
2023-01-16,YDUQ3,9.29
2023-01-17,ABEV3,13.86
2023-01-17,ASAI3,20.06
2023-01-17,AURE3,15.0
2023-01-17,B3SA3,13.01
2023-01-17,BBAS3,37.7
2023-01-17,BBDC3,12.91
2023-01-17,BBDC4,14.63
2023-01-17,BBSE3,34.38
2023-01-17,BEEF3,15.22
2023-01-17,BPAC11,22.16
2023-01-17,BRAP4,31.32
2023-01-17,CCRO3,11.24
2023-01-17,CEAB3,2.61
2023-01-17,CMIG4,11.65
2023-01-17,CMIN3,4.54
2023-01-17,COGN3,2.12
2023-01-17,CPFE3,32.7
2023-01-17,CPLE3,6.89
2023-01-17,CSAN3,17.28
2023-01-17,CSMG3,15.49
2023-01-17,CSNA3,16.78
2023-01-17,CURY3,12.28
2023-01-17,CXSE3,8.39
2023-01-17,CYRE3,14.04
2023-01-17,DIRR3,14.83
2023-01-17,EGIE3,38.77
2023-01-17,ELET3,41.56
2023-01-17,EMBR3,16.36
2023-01-17,ENEV3,12.61
2023-01-17,ENGI11,41.65
2023-01-17,EQTL3,26.82
2023-01-17,FLRY3,15.37
2023-01-17,GGBR4,32.35
2023-01-17,GOAU4,14.18
2023-01-17,HAPV3,4.15
2023-01-17,HYPE3,43.29
2023-01-17,IGTI11,18.51
2023-01-17,ITSA4,8.61
2023-01-17,ITUB4,26.1
2023-01-17,KLBN11,20.29
2023-01-17,LREN3,19.94
2023-01-17,MGLU3,3.79
2023-01-17,MRFG3,8.3
2023-01-17,MRVE3,6.97
2023-01-17,MULT3,22.44
2023-01-17,NTCO3,12.18
2023-01-17,PETR3,28.9
2023-01-17,PETR4,25.52
2023-01-17,POMO4,2.84
2023-01-17,PRIO3,38.74
2023-01-17,PSSA3,23.4
2023-01-17,RADL3,23.98
2023-01-17,RAIL3,18.57
2023-01-17,RDOR3,28.25
2023-01-17,RENT3,55.59
2023-01-17,SANB11,28.82
2023-01-17,SBSP3,55.35
2023-01-17,SMFT3,15.02
2023-01-17,SUZB3,51.22
2023-01-17,TAEE11,35.04
2023-01-17,TEND3,4.41
2023-01-17,TIMS3,11.78
2023-01-17,TOTS3,29.26
2023-01-17,UGPA3,12.72
2023-01-17,USIM5,7.94
2023-01-17,VALE3,92.13
2023-01-17,VAMO3,12.58
2023-01-17,VBBR3,15.25
2023-01-17,VIVA3,21.0
2023-01-17,VIVT3,39.04
2023-01-17,WEGE3,38.31
2023-01-17,YDUQ3,9.17
2023-01-18,ABEV3,13.78
2023-01-18,ASAI3,20.41
2023-01-18,AURE3,14.57
2023-01-18,B3SA3,13.08
2023-01-18,BBAS3,38.24
2023-01-18,BBDC3,13.05
2023-01-18,BBDC4,14.85
2023-01-18,BBSE3,34.66
2023-01-18,BEEF3,15.39
2023-01-18,BPAC11,22.65
2023-01-18,BRAP4,31.7
2023-01-18,CCRO3,11.4
2023-01-18,CEAB3,2.55
2023-01-18,CMIG4,11.7
2023-01-18,CMIN3,4.74
2023-01-18,COGN3,2.18
2023-01-18,CPFE3,33.17
2023-01-18,CPLE3,6.88
2023-01-18,CSAN3,17.32
2023-01-18,CSMG3,15.1
2023-01-18,CSNA3,17.31
2023-01-18,CURY3,12.0
2023-01-18,CXSE3,8.54
2023-01-18,CYRE3,14.4
2023-01-18,DIRR3,15.15
2023-01-18,EGIE3,39.04
2023-01-18,ELET3,41.7
2023-01-18,EMBR3,16.3
2023-01-18,ENEV3,12.96
2023-01-18,ENGI11,42.23
2023-01-18,EQTL3,27.42
2023-01-18,FLRY3,15.4
2023-01-18,GGBR4,33.41
2023-01-18,GOAU4,14.59
2023-01-18,HAPV3,4.21
2023-01-18,HYPE3,44.48
2023-01-18,IGTI11,18.47
2023-01-18,ITSA4,8.68
2023-01-18,ITUB4,26.57
2023-01-18,KLBN11,20.2
2023-01-18,LREN3,20.65
2023-01-18,MGLU3,3.56
2023-01-18,MRFG3,8.23
2023-01-18,MRVE3,7.14
2023-01-18,MULT3,22.41
2023-01-18,NTCO3,12.27
2023-01-18,PETR3,28.53
2023-01-18,PETR4,25.07
2023-01-18,POMO4,2.89
2023-01-18,PRIO3,38.97
2023-01-18,PSSA3,23.97
2023-01-18,RADL3,24.0
2023-01-18,RAIL3,18.87
2023-01-18,RDOR3,27.8
2023-01-18,RENT3,57.95
2023-01-18,SANB11,29.62
2023-01-18,SBSP3,55.19
2023-01-18,SMFT3,15.4
2023-01-18,SUZB3,49.86
2023-01-18,TAEE11,35.02
2023-01-18,TEND3,5.16
2023-01-18,TIMS3,11.65
2023-01-18,TOTS3,29.77
2023-01-18,UGPA3,12.92
2023-01-18,USIM5,8.13
2023-01-18,VALE3,93.34
2023-01-18,VAMO3,13.28
2023-01-18,VBBR3,15.27
2023-01-18,VIVA3,21.55
2023-01-18,VIVT3,40.0
2023-01-18,WEGE3,37.99
2023-01-18,YDUQ3,9.25
2023-01-19,ABEV3,13.64
2023-01-19,ASAI3,20.18
2023-01-19,AURE3,14.89
2023-01-19,B3SA3,12.97
2023-01-19,BBAS3,39.11
2023-01-19,BBDC3,13.11
2023-01-19,BBDC4,14.88
2023-01-19,BBSE3,35.04
2023-01-19,BEEF3,15.45
2023-01-19,BPAC11,22.03
2023-01-19,BRAP4,31.91
2023-01-19,CCRO3,11.99
2023-01-19,CEAB3,2.5
2023-01-19,CMIG4,11.68
2023-01-19,CMIN3,4.71
2023-01-19,COGN3,2.16
2023-01-19,CPFE3,33.08
2023-01-19,CPLE3,6.9
2023-01-19,CSAN3,17.46
2023-01-19,CSMG3,15.24
2023-01-19,CSNA3,17.41
2023-01-19,CURY3,11.97
2023-01-19,CXSE3,8.58
2023-01-19,CYRE3,14.42
2023-01-19,DIRR3,15.05
2023-01-19,EGIE3,38.7
2023-01-19,ELET3,41.7
2023-01-19,EMBR3,16.37
2023-01-19,ENEV3,12.92
2023-01-19,ENGI11,42.12
2023-01-19,EQTL3,27.39
2023-01-19,FLRY3,15.5
2023-01-19,GGBR4,33.5
2023-01-19,GOAU4,14.73
2023-01-19,HAPV3,4.37
2023-01-19,HYPE3,44.81
2023-01-19,IGTI11,18.65
2023-01-19,ITSA4,8.69
2023-01-19,ITUB4,26.57
2023-01-19,KLBN11,20.09
2023-01-19,LREN3,20.8
2023-01-19,MGLU3,3.81
2023-01-19,MRFG3,8.27
2023-01-19,MRVE3,7.04
2023-01-19,MULT3,22.65
2023-01-19,NTCO3,12.25
2023-01-19,PETR3,29.5
2023-01-19,PETR4,25.83
2023-01-19,POMO4,2.92
2023-01-19,PRIO3,40.52
2023-01-19,PSSA3,23.75
2023-01-19,RADL3,24.26
2023-01-19,RAIL3,19.07
2023-01-19,RDOR3,29.52
2023-01-19,RENT3,56.91
2023-01-19,SANB11,29.54
2023-01-19,SBSP3,55.34
2023-01-19,SMFT3,15.64
2023-01-19,SUZB3,49.34
2023-01-19,TAEE11,35.46
2023-01-19,TEND3,4.82
2023-01-19,TIMS3,11.64
2023-01-19,TOTS3,29.65
2023-01-19,UGPA3,12.87
2023-01-19,USIM5,8.07
2023-01-19,VALE3,93.74
2023-01-19,VAMO3,13.64
2023-01-19,VBBR3,15.33
2023-01-19,VIVA3,21.67
2023-01-19,VIVT3,40.07
2023-01-19,WEGE3,37.91
2023-01-19,YDUQ3,9.46
2023-01-20,ABEV3,13.53
2023-01-20,ASAI3,20.0
2023-01-20,AURE3,14.79
2023-01-20,B3SA3,12.77
2023-01-20,BBAS3,40.07
2023-01-20,BBDC3,12.86
2023-01-20,BBDC4,14.67
2023-01-20,BBSE3,35.04
2023-01-20,BEEF3,15.51
2023-01-20,BPAC11,21.3
2023-01-20,BRAP4,32.03
2023-01-20,CCRO3,11.95
2023-01-20,CEAB3,3.07
2023-01-20,CMIG4,11.37
2023-01-20,CMIN3,4.73
2023-01-20,COGN3,2.17
2023-01-20,CPFE3,32.59
2023-01-20,CPLE3,6.91
2023-01-20,CSAN3,16.68
2023-01-20,CSMG3,14.31
2023-01-20,CSNA3,17.83
2023-01-20,CURY3,12.1
2023-01-20,CXSE3,8.43
2023-01-20,CYRE3,14.32
2023-01-20,DIRR3,14.95
2023-01-20,EGIE3,38.16
2023-01-20,ELET3,40.98
2023-01-20,EMBR3,16.22
2023-01-20,ENEV3,12.44
2023-01-20,ENGI11,41.26
2023-01-20,EQTL3,26.99
2023-01-20,FLRY3,15.0
2023-01-20,GGBR4,33.2
2023-01-20,GOAU4,14.56
2023-01-20,HAPV3,4.38
2023-01-20,HYPE3,44.4
2023-01-20,IGTI11,18.43
2023-01-20,ITSA4,8.58
2023-01-20,ITUB4,26.1
2023-01-20,KLBN11,19.45
2023-01-20,LREN3,20.55
2023-01-20,MGLU3,3.82
2023-01-20,MRFG3,8.19
2023-01-20,MRVE3,7.01
2023-01-20,MULT3,22.23
2023-01-20,NTCO3,12.07
2023-01-20,PETR3,29.83
2023-01-20,PETR4,26.37
2023-01-20,POMO4,2.9
2023-01-20,PRIO3,41.1
2023-01-20,PSSA3,23.37
2023-01-20,RADL3,24.06
2023-01-20,RAIL3,18.36
2023-01-20,RDOR3,28.23
2023-01-20,RENT3,55.2
2023-01-20,SANB11,29.16
2023-01-20,SBSP3,53.6
2023-01-20,SMFT3,15.62
2023-01-20,SUZB3,47.14
2023-01-20,TAEE11,35.31
2023-01-20,TEND3,4.72
2023-01-20,TIMS3,11.61
2023-01-20,TOTS3,29.1
2023-01-20,UGPA3,12.62
2023-01-20,USIM5,8.29
2023-01-20,VALE3,93.99
2023-01-20,VAMO3,13.56
2023-01-20,VBBR3,15.12
2023-01-20,VIVA3,21.93
2023-01-20,VIVT3,39.47
2023-01-20,WEGE3,37.33
2023-01-20,YDUQ3,9.42
2023-01-23,ABEV3,13.42
2023-01-23,ASAI3,20.27
2023-01-23,AURE3,14.71
2023-01-23,B3SA3,12.65
2023-01-23,BBAS3,39.77
2023-01-23,BBDC3,12.45
2023-01-23,BBDC4,14.05
2023-01-23,BBSE3,35.32
2023-01-23,BEEF3,14.96
2023-01-23,BPAC11,20.9
2023-01-23,BRAP4,31.62
2023-01-23,CCRO3,11.9
2023-01-23,CEAB3,2.8
2023-01-23,CMIG4,11.2
2023-01-23,CMIN3,4.91
2023-01-23,COGN3,2.16
2023-01-23,CPFE3,32.34
2023-01-23,CPLE3,6.76
2023-01-23,CSAN3,15.99
2023-01-23,CSMG3,14.09
2023-01-23,CSNA3,17.95
2023-01-23,CURY3,12.6
2023-01-23,CXSE3,8.38
2023-01-23,CYRE3,14.49
2023-01-23,DIRR3,15.36
2023-01-23,EGIE3,38.04
2023-01-23,ELET3,40.88
2023-01-23,EMBR3,16.32
2023-01-23,ENEV3,12.06
2023-01-23,ENGI11,41.21
2023-01-23,EQTL3,26.99
2023-01-23,FLRY3,14.57
2023-01-23,GGBR4,32.49
2023-01-23,GOAU4,14.23
2023-01-23,HAPV3,4.23
2023-01-23,HYPE3,43.97
2023-01-23,IGTI11,18.4
2023-01-23,ITSA4,8.4
2023-01-23,ITUB4,25.3
2023-01-23,KLBN11,19.41
2023-01-23,LREN3,20.39
2023-01-23,MGLU3,4.04
2023-01-23,MRFG3,8.42
2023-01-23,MRVE3,6.81
2023-01-23,MULT3,22.25
2023-01-23,NTCO3,12.52
2023-01-23,PETR3,30.52
2023-01-23,PETR4,26.79
2023-01-23,POMO4,2.9
2023-01-23,PRIO3,41.56
2023-01-23,PSSA3,23.2
2023-01-23,RADL3,24.27
2023-01-23,RAIL3,18.49
2023-01-23,RDOR3,28.35
2023-01-23,RENT3,56.33
2023-01-23,SANB11,27.97
2023-01-23,SBSP3,52.39
2023-01-23,SMFT3,15.0
2023-01-23,SUZB3,46.98
2023-01-23,TAEE11,35.35
2023-01-23,TEND3,4.57
2023-01-23,TIMS3,11.62
2023-01-23,TOTS3,29.64
2023-01-23,UGPA3,12.44
2023-01-23,USIM5,8.34
2023-01-23,VALE3,94.3
2023-01-23,VAMO3,13.34
2023-01-23,VBBR3,14.91
2023-01-23,VIVA3,22.07
2023-01-23,VIVT3,41.45
2023-01-23,WEGE3,37.37
2023-01-23,YDUQ3,9.38
2023-01-24,ABEV3,13.61
2023-01-24,ASAI3,21.05
2023-01-24,AURE3,14.92
2023-01-24,B3SA3,12.84
2023-01-24,BBAS3,39.57
2023-01-24,BBDC3,12.59
2023-01-24,BBDC4,14.2
2023-01-24,BBSE3,35.7
2023-01-24,BEEF3,14.73
2023-01-24,BPAC11,21.15
2023-01-24,BRAP4,31.98
2023-01-24,CCRO3,11.75
2023-01-24,CEAB3,2.82
2023-01-24,CMIG4,11.41
2023-01-24,CMIN3,5.01
2023-01-24,COGN3,2.22
2023-01-24,CPFE3,33.02
2023-01-24,CPLE3,6.81
2023-01-24,CSAN3,16.63
2023-01-24,CSMG3,14.35
2023-01-24,CSNA3,17.63
2023-01-24,CURY3,13.06
2023-01-24,CXSE3,8.49
2023-01-24,CYRE3,14.65
2023-01-24,DIRR3,15.77
2023-01-24,EGIE3,38.81
2023-01-24,ELET3,41.64
2023-01-24,EMBR3,16.79
2023-01-24,ENEV3,12.14
2023-01-24,ENGI11,41.29
2023-01-24,EQTL3,27.23
2023-01-24,FLRY3,14.89
2023-01-24,GGBR4,32.39
2023-01-24,GOAU4,14.24
2023-01-24,HAPV3,4.48
2023-01-24,HYPE3,44.04
2023-01-24,IGTI11,18.75
2023-01-24,ITSA4,8.56
2023-01-24,ITUB4,25.53
2023-01-24,KLBN11,19.6
2023-01-24,LREN3,21.29
2023-01-24,MGLU3,4.39
2023-01-24,MRFG3,8.4
2023-01-24,MRVE3,6.92
2023-01-24,MULT3,22.85
2023-01-24,NTCO3,13.37
2023-01-24,PETR3,30.29
2023-01-24,PETR4,26.6
2023-01-24,POMO4,2.91
2023-01-24,PRIO3,41.03
2023-01-24,PSSA3,23.59
2023-01-24,RADL3,24.71
2023-01-24,RAIL3,18.82
2023-01-24,RDOR3,28.81
2023-01-24,RENT3,58.23
2023-01-24,SANB11,28.84
2023-01-24,SBSP3,53.83
2023-01-24,SMFT3,15.1
2023-01-24,SUZB3,47.51
2023-01-24,TAEE11,35.72
2023-01-24,TEND3,4.7
2023-01-24,TIMS3,11.46
2023-01-24,TOTS3,30.22
2023-01-24,UGPA3,12.97
2023-01-24,USIM5,8.27
2023-01-24,VALE3,95.3
2023-01-24,VAMO3,13.86
2023-01-24,VBBR3,15.46
2023-01-24,VIVA3,22.9
2023-01-24,VIVT3,40.6
2023-01-24,WEGE3,37.21
2023-01-24,YDUQ3,9.55
2023-01-25,ABEV3,13.71
2023-01-25,ASAI3,21.11
2023-01-25,AURE3,15.18
2023-01-25,B3SA3,13.11
2023-01-25,BBAS3,40.65
2023-01-25,BBDC3,12.61
2023-01-25,BBDC4,14.1
2023-01-25,BBSE3,37.18
2023-01-25,BEEF3,14.87
2023-01-25,BPAC11,21.56
2023-01-25,BRAP4,32.23
2023-01-25,CCRO3,11.94
2023-01-25,CEAB3,2.94
2023-01-25,CMIG4,11.72
2023-01-25,CMIN3,5.16
2023-01-25,COGN3,2.23
2023-01-25,CPFE3,33.77
2023-01-25,CPLE3,6.9
2023-01-25,CSAN3,16.82
2023-01-25,CSMG3,14.5
2023-01-25,CSNA3,17.61
2023-01-25,CURY3,13.12
2023-01-25,CXSE3,8.68
2023-01-25,CYRE3,14.94
2023-01-25,DIRR3,16.04
2023-01-25,EGIE3,38.9
2023-01-25,ELET3,42.68
2023-01-25,EMBR3,16.79
2023-01-25,ENEV3,12.23
2023-01-25,ENGI11,42.56
2023-01-25,EQTL3,27.87
2023-01-25,FLRY3,15.48
2023-01-25,GGBR4,32.28
2023-01-25,GOAU4,14.29
2023-01-25,HAPV3,4.58
2023-01-25,HYPE3,44.29
2023-01-25,IGTI11,19.15
2023-01-25,ITSA4,8.58
2023-01-25,ITUB4,25.62
2023-01-25,KLBN11,19.42
2023-01-25,LREN3,21.73
2023-01-25,MGLU3,4.35
2023-01-25,MRFG3,8.38
2023-01-25,MRVE3,6.94
2023-01-25,MULT3,23.3
2023-01-25,NTCO3,13.18
2023-01-25,PETR3,30.42
2023-01-25,PETR4,26.94
2023-01-25,POMO4,3.08
2023-01-25,PRIO3,41.92
2023-01-25,PSSA3,23.85
2023-01-25,RADL3,24.91
2023-01-25,RAIL3,18.78
2023-01-25,RDOR3,29.6
2023-01-25,RENT3,59.19
2023-01-25,SANB11,28.93
2023-01-25,SBSP3,54.54
2023-01-25,SMFT3,15.27
2023-01-25,SUZB3,46.77
2023-01-25,TAEE11,35.74
2023-01-25,TEND3,4.76
2023-01-25,TIMS3,11.44
2023-01-25,TOTS3,29.99
2023-01-25,UGPA3,13.16
2023-01-25,USIM5,8.28
2023-01-25,VALE3,96.2
2023-01-25,VAMO3,14.0
2023-01-25,VBBR3,15.99
2023-01-25,VIVA3,22.9
2023-01-25,VIVT3,40.03
2023-01-25,WEGE3,38.72
2023-01-25,YDUQ3,9.62
2023-01-26,ABEV3,13.74
2023-01-26,ASAI3,21.0
2023-01-26,AURE3,15.28
2023-01-26,B3SA3,13.12
2023-01-26,BBAS3,40.63
2023-01-26,BBDC3,12.58
2023-01-26,BBDC4,14.14
2023-01-26,BBSE3,37.06
2023-01-26,BEEF3,14.75
2023-01-26,BPAC11,21.64
2023-01-26,BRAP4,32.86
2023-01-26,CCRO3,11.83
2023-01-26,CEAB3,2.98
2023-01-26,CMIG4,11.39
2023-01-26,CMIN3,5.22
2023-01-26,COGN3,2.2
2023-01-26,CPFE3,33.56
2023-01-26,CPLE3,6.89
2023-01-26,CSAN3,16.83
2023-01-26,CSMG3,14.51
2023-01-26,CSNA3,18.39
2023-01-26,CURY3,13.02
2023-01-26,CXSE3,8.69
2023-01-26,CYRE3,15.08
2023-01-26,DIRR3,15.88
2023-01-26,EGIE3,38.73
2023-01-26,ELET3,42.68
2023-01-26,EMBR3,16.68
2023-01-26,ENEV3,12.1
2023-01-26,ENGI11,43.35
2023-01-26,EQTL3,27.98
2023-01-26,FLRY3,15.11
2023-01-26,GGBR4,33.0
2023-01-26,GOAU4,14.61
2023-01-26,HAPV3,4.44
2023-01-26,HYPE3,44.08
2023-01-26,IGTI11,19.57
2023-01-26,ITSA4,8.62
2023-01-26,ITUB4,25.47
2023-01-26,KLBN11,19.28
2023-01-26,LREN3,21.83
2023-01-26,MGLU3,4.28
2023-01-26,MRFG3,8.3
2023-01-26,MRVE3,7.08
2023-01-26,MULT3,23.49
2023-01-26,NTCO3,12.93
2023-01-26,PETR3,29.57
2023-01-26,PETR4,26.2
2023-01-26,POMO4,3.05
2023-01-26,PRIO3,42.34
2023-01-26,PSSA3,24.23
2023-01-26,RADL3,24.97
2023-01-26,RAIL3,18.79
2023-01-26,RDOR3,29.69
2023-01-26,RENT3,59.29
2023-01-26,SANB11,29.13
2023-01-26,SBSP3,54.06
2023-01-26,SMFT3,15.49
2023-01-26,SUZB3,45.4
2023-01-26,TAEE11,36.06
2023-01-26,TEND3,4.81
2023-01-26,TIMS3,11.56
2023-01-26,TOTS3,29.52
2023-01-26,UGPA3,13.15
2023-01-26,USIM5,8.59
2023-01-26,VALE3,98.0
2023-01-26,VAMO3,14.21
2023-01-26,VBBR3,15.95
2023-01-26,VIVA3,23.34
2023-01-26,VIVT3,40.22
2023-01-26,WEGE3,38.21
2023-01-26,YDUQ3,9.6
2023-01-27,ABEV3,13.65
2023-01-27,ASAI3,21.02
2023-01-27,AURE3,15.3
2023-01-27,B3SA3,12.71
2023-01-27,BBAS3,40.18
2023-01-27,BBDC3,12.32
2023-01-27,BBDC4,13.72
2023-01-27,BBSE3,37.27
2023-01-27,BEEF3,14.49
2023-01-27,BPAC11,21.16
2023-01-27,BRAP4,32.0
2023-01-27,CCRO3,11.74
2023-01-27,CEAB3,3.11
2023-01-27,CMIG4,11.2
2023-01-27,CMIN3,5.14
2023-01-27,COGN3,2.16
2023-01-27,CPFE3,33.1
2023-01-27,CPLE3,6.81
2023-01-27,CSAN3,16.83
2023-01-27,CSMG3,14.42
2023-01-27,CSNA3,18.2
2023-01-27,CURY3,12.84
2023-01-27,CXSE3,8.67
2023-01-27,CYRE3,14.85
2023-01-27,DIRR3,15.76
2023-01-27,EGIE3,38.85
2023-01-27,ELET3,41.3
2023-01-27,EMBR3,16.36
2023-01-27,ENEV3,11.97
2023-01-27,ENGI11,43.01
2023-01-27,EQTL3,27.79
2023-01-27,FLRY3,14.87
2023-01-27,GGBR4,32.27
2023-01-27,GOAU4,14.28
2023-01-27,HAPV3,4.6
2023-01-27,HYPE3,44.67
2023-01-27,IGTI11,19.28
2023-01-27,ITSA4,8.42
2023-01-27,ITUB4,24.93
2023-01-27,KLBN11,19.14
2023-01-27,LREN3,21.26
2023-01-27,MGLU3,4.53
2023-01-27,MRFG3,8.03
2023-01-27,MRVE3,6.82
2023-01-27,MULT3,23.1
2023-01-27,NTCO3,12.94
2023-01-27,PETR3,28.9
2023-01-27,PETR4,25.62
2023-01-27,POMO4,2.95
2023-01-27,PRIO3,41.79
2023-01-27,PSSA3,24.3
2023-01-27,RADL3,25.15
2023-01-27,RAIL3,18.53
2023-01-27,RDOR3,30.37
2023-01-27,RENT3,58.84
2023-01-27,SANB11,28.6
2023-01-27,SBSP3,53.6
2023-01-27,SMFT3,15.67
2023-01-27,SUZB3,45.08
2023-01-27,TAEE11,36.31
2023-01-27,TEND3,4.69
2023-01-27,TIMS3,11.4
2023-01-27,TOTS3,29.1
2023-01-27,UGPA3,13.11
2023-01-27,USIM5,8.47
2023-01-27,VALE3,95.32
2023-01-27,VAMO3,14.22
2023-01-27,VBBR3,16.01
2023-01-27,VIVA3,23.41
2023-01-27,VIVT3,40.41
2023-01-27,WEGE3,37.91
2023-01-27,YDUQ3,9.45
2023-01-30,ABEV3,13.53
2023-01-30,ASAI3,20.78
2023-01-30,AURE3,15.12
2023-01-30,B3SA3,12.87
2023-01-30,BBAS3,40.81
2023-01-30,BBDC3,12.35
2023-01-30,BBDC4,13.79
2023-01-30,BBSE3,37.9
2023-01-30,BEEF3,14.22
2023-01-30,BPAC11,21.19
2023-01-30,BRAP4,31.84
2023-01-30,CCRO3,11.78
2023-01-30,CEAB3,2.89
2023-01-30,CMIG4,11.17
2023-01-30,CMIN3,5.16
2023-01-30,COGN3,2.16
2023-01-30,CPFE3,33.4
2023-01-30,CPLE3,6.8
2023-01-30,CSAN3,16.39
2023-01-30,CSMG3,14.52
2023-01-30,CSNA3,18.3
2023-01-30,CURY3,13.0
2023-01-30,CXSE3,8.71
2023-01-30,CYRE3,14.78
2023-01-30,DIRR3,15.52
2023-01-30,EGIE3,38.82
2023-01-30,ELET3,40.7
2023-01-30,EMBR3,16.34
2023-01-30,ENEV3,11.83
2023-01-30,ENGI11,42.6
2023-01-30,EQTL3,27.5
2023-01-30,FLRY3,14.99
2023-01-30,GGBR4,32.42
2023-01-30,GOAU4,14.35
2023-01-30,HAPV3,4.7
2023-01-30,HYPE3,44.89
2023-01-30,IGTI11,19.31
2023-01-30,ITSA4,8.5
2023-01-30,ITUB4,24.94
2023-01-30,KLBN11,19.69
2023-01-30,LREN3,21.19
2023-01-30,MGLU3,4.36
2023-01-30,MRFG3,7.79
2023-01-30,MRVE3,6.69
2023-01-30,MULT3,23.36
2023-01-30,NTCO3,13.65
2023-01-30,PETR3,28.99
2023-01-30,PETR4,25.75
2023-01-30,POMO4,2.92
2023-01-30,PRIO3,41.5
2023-01-30,PSSA3,24.9
2023-01-30,RADL3,25.23
2023-01-30,RAIL3,18.19
2023-01-30,RDOR3,30.39
2023-01-30,RENT3,58.5
2023-01-30,SANB11,28.47
2023-01-30,SBSP3,54.06
2023-01-30,SMFT3,15.69
2023-01-30,SUZB3,46.28
2023-01-30,TAEE11,36.44
2023-01-30,TEND3,4.53
2023-01-30,TIMS3,11.56
2023-01-30,TOTS3,29.62
2023-01-30,UGPA3,12.85
2023-01-30,USIM5,8.47
2023-01-30,VALE3,94.98
2023-01-30,VAMO3,14.27
2023-01-30,VBBR3,15.85
2023-01-30,VIVA3,23.7
2023-01-30,VIVT3,40.58
2023-01-30,WEGE3,37.35
2023-01-30,YDUQ3,9.64
2023-01-31,ABEV3,13.66
2023-01-31,ASAI3,19.65
2023-01-31,AURE3,15.41
2023-01-31,B3SA3,12.96
2023-01-31,BBAS3,40.7
2023-01-31,BBDC3,12.62
2023-01-31,BBDC4,14.02
2023-01-31,BBSE3,37.78
2023-01-31,BEEF3,13.99
2023-01-31,BPAC11,21.62
2023-01-31,BRAP4,31.9
2023-01-31,CCRO3,11.76
2023-01-31,CEAB3,2.98
2023-01-31,CMIG4,11.46
2023-01-31,CMIN3,5.34
2023-01-31,COGN3,2.38
2023-01-31,CPFE3,33.28
2023-01-31,CPLE3,6.88
2023-01-31,CSAN3,16.7
2023-01-31,CSMG3,14.64
2023-01-31,CSNA3,18.5
2023-01-31,CURY3,13.48
2023-01-31,CXSE3,8.69
2023-01-31,CYRE3,15.18
2023-01-31,DIRR3,15.97
2023-01-31,EGIE3,39.35
2023-01-31,ELET3,40.65
2023-01-31,EMBR3,16.35
2023-01-31,ENEV3,12.0
2023-01-31,ENGI11,42.25
2023-01-31,EQTL3,28.02
2023-01-31,FLRY3,15.48
2023-01-31,GGBR4,32.74
2023-01-31,GOAU4,14.49
2023-01-31,HAPV3,5.15
2023-01-31,HYPE3,46.4
2023-01-31,IGTI11,19.59
2023-01-31,ITSA4,8.53
2023-01-31,ITUB4,25.33
2023-01-31,KLBN11,19.34
2023-01-31,LREN3,21.63
2023-01-31,MGLU3,4.43
2023-01-31,MRFG3,7.7
2023-01-31,MRVE3,7.02
2023-01-31,MULT3,23.79
2023-01-31,NTCO3,14.55
2023-01-31,PETR3,29.46
2023-01-31,PETR4,26.07
2023-01-31,POMO4,3.02
2023-01-31,PRIO3,42.1
2023-01-31,PSSA3,25.9
2023-01-31,RADL3,24.83
2023-01-31,RAIL3,18.38
2023-01-31,RDOR3,31.9
2023-01-31,RENT3,59.21
2023-01-31,SANB11,28.95
2023-01-31,SBSP3,55.66
2023-01-31,SMFT3,15.87
2023-01-31,SUZB3,46.36
2023-01-31,TAEE11,37.06
2023-01-31,TEND3,4.78
2023-01-31,TIMS3,11.79
2023-01-31,TOTS3,30.07
2023-01-31,UGPA3,13.19
2023-01-31,USIM5,8.53
2023-01-31,VALE3,94.51
2023-01-31,VAMO3,14.62
2023-01-31,VBBR3,16.46
2023-01-31,VIVA3,24.5
2023-01-31,VIVT3,41.82
2023-01-31,WEGE3,38.24
2023-01-31,YDUQ3,10.33
2023-02-01,ABEV3,13.18
2023-02-01,ASAI3,19.63
2023-02-01,AURE3,15.42
2023-02-01,B3SA3,12.91
2023-02-01,BBAS3,40.21
2023-02-01,BBDC3,12.46
2023-02-01,BBDC4,13.75
2023-02-01,BBSE3,36.63
2023-02-01,BEEF3,13.95
2023-02-01,BPAC11,21.23
2023-02-01,BRAP4,31.39
2023-02-01,CCRO3,11.69
2023-02-01,CEAB3,3.06
2023-02-01,CMIG4,11.42
2023-02-01,CMIN3,5.34
2023-02-01,COGN3,2.35
2023-02-01,CPFE3,33.29
2023-02-01,CPLE3,6.92
2023-02-01,CSAN3,16.49
2023-02-01,CSMG3,14.82
2023-02-01,CSNA3,18.51
2023-02-01,CURY3,13.22
2023-02-01,CXSE3,8.68
2023-02-01,CYRE3,14.97
2023-02-01,DIRR3,15.68
2023-02-01,EGIE3,38.88
2023-02-01,ELET3,39.82
2023-02-01,EMBR3,16.32
2023-02-01,ENEV3,12.24
2023-02-01,ENGI11,42.21
2023-02-01,EQTL3,28.0
2023-02-01,FLRY3,15.6
2023-02-01,GGBR4,32.12
2023-02-01,GOAU4,14.21
2023-02-01,HAPV3,5.05
2023-02-01,HYPE3,45.96
2023-02-01,IGTI11,19.41
2023-02-01,ITSA4,8.28
2023-02-01,ITUB4,24.98
2023-02-01,KLBN11,19.67
2023-02-01,LREN3,21.66
2023-02-01,MGLU3,4.29
2023-02-01,MRFG3,8.11
2023-02-01,MRVE3,6.9
2023-02-01,MULT3,23.62
2023-02-01,NTCO3,14.0
2023-02-01,PETR3,28.88
2023-02-01,PETR4,25.71
2023-02-01,POMO4,3.05
2023-02-01,PRIO3,41.1
2023-02-01,PSSA3,25.46
2023-02-01,RADL3,24.57
2023-02-01,RAIL3,18.14
2023-02-01,RDOR3,31.9
2023-02-01,RENT3,58.53
2023-02-01,SANB11,27.35
2023-02-01,SBSP3,55.6
2023-02-01,SMFT3,16.6
2023-02-01,SUZB3,46.75
2023-02-01,TAEE11,36.2
2023-02-01,TEND3,4.86
2023-02-01,TIMS3,11.56
2023-02-01,TOTS3,30.14
2023-02-01,UGPA3,12.88
2023-02-01,USIM5,8.41
2023-02-01,VALE3,93.46
2023-02-01,VAMO3,14.73
2023-02-01,VBBR3,15.96
2023-02-01,VIVA3,24.36
2023-02-01,VIVT3,40.24
2023-02-01,WEGE3,38.39
2023-02-01,YDUQ3,10.38
2023-02-02,ABEV3,13.11
2023-02-02,ASAI3,19.52
2023-02-02,AURE3,15.37
2023-02-02,B3SA3,13.0
2023-02-02,BBAS3,39.45
2023-02-02,BBDC3,12.52
2023-02-02,BBDC4,13.94
2023-02-02,BBSE3,36.5
2023-02-02,BEEF3,13.73
2023-02-02,BPAC11,20.54
2023-02-02,BRAP4,30.16
2023-02-02,CCRO3,11.64
2023-02-02,CEAB3,3.06
2023-02-02,CMIG4,11.42
2023-02-02,CMIN3,4.96
2023-02-02,COGN3,2.4
2023-02-02,CPFE3,32.7
2023-02-02,CPLE3,6.73
2023-02-02,CSAN3,16.11
2023-02-02,CSMG3,14.78
2023-02-02,CSNA3,17.5
2023-02-02,CURY3,13.3
2023-02-02,CXSE3,8.53
2023-02-02,CYRE3,15.08
2023-02-02,DIRR3,15.71
2023-02-02,EGIE3,38.42
2023-02-02,ELET3,39.0
2023-02-02,EMBR3,16.52
2023-02-02,ENEV3,12.05
2023-02-02,ENGI11,43.45
2023-02-02,EQTL3,28.06
2023-02-02,FLRY3,15.9
2023-02-02,GGBR4,30.67
2023-02-02,GOAU4,13.53
2023-02-02,HAPV3,5.11
2023-02-02,HYPE3,45.0
2023-02-02,IGTI11,19.21
2023-02-02,ITSA4,8.32
2023-02-02,ITUB4,25.21
2023-02-02,KLBN11,18.94
2023-02-02,LREN3,21.78
2023-02-02,MGLU3,4.34
2023-02-02,MRFG3,7.78
2023-02-02,MRVE3,6.97
2023-02-02,MULT3,23.5
2023-02-02,NTCO3,14.16
2023-02-02,PETR3,27.51
2023-02-02,PETR4,24.52
2023-02-02,POMO4,3.1
2023-02-02,PRIO3,40.05
2023-02-02,PSSA3,25.43
2023-02-02,RADL3,24.15
2023-02-02,RAIL3,18.4
2023-02-02,RDOR3,30.99
2023-02-02,RENT3,60.15
2023-02-02,SANB11,27.4
2023-02-02,SBSP3,55.71
2023-02-02,SMFT3,16.58
2023-02-02,SUZB3,45.02
2023-02-02,TAEE11,36.17
2023-02-02,TEND3,5.07
2023-02-02,TIMS3,11.41
2023-02-02,TOTS3,30.51
2023-02-02,UGPA3,12.77
2023-02-02,USIM5,7.91
2023-02-02,VALE3,89.14
2023-02-02,VAMO3,14.76
2023-02-02,VBBR3,16.28
2023-02-02,VIVA3,24.74
2023-02-02,VIVT3,39.52
2023-02-02,WEGE3,38.04
2023-02-02,YDUQ3,10.32
2023-02-03,ABEV3,12.98
2023-02-03,ASAI3,19.12
2023-02-03,AURE3,15.22
2023-02-03,B3SA3,12.11
2023-02-03,BBAS3,39.2
2023-02-03,BBDC3,12.25
2023-02-03,BBDC4,13.63
2023-02-03,BBSE3,36.4
2023-02-03,BEEF3,13.56
2023-02-03,BPAC11,20.14
2023-02-03,BRAP4,30.26
2023-02-03,CCRO3,11.25
2023-02-03,CEAB3,2.9
2023-02-03,CMIG4,11.17
2023-02-03,CMIN3,4.95
2023-02-03,COGN3,2.23
2023-02-03,CPFE3,31.79
2023-02-03,CPLE3,6.63
2023-02-03,CSAN3,15.9
2023-02-03,CSMG3,14.31
2023-02-03,CSNA3,17.63
2023-02-03,CURY3,13.01
2023-02-03,CXSE3,8.28
2023-02-03,CYRE3,14.48
2023-02-03,DIRR3,15.15
2023-02-03,EGIE3,37.94
2023-02-03,ELET3,38.0
2023-02-03,EMBR3,16.47
2023-02-03,ENEV3,11.77
2023-02-03,ENGI11,42.61
2023-02-03,EQTL3,27.19
2023-02-03,FLRY3,15.11
2023-02-03,GGBR4,31.05
2023-02-03,GOAU4,13.64
2023-02-03,HAPV3,4.63
2023-02-03,HYPE3,44.89
2023-02-03,IGTI11,18.7
2023-02-03,ITSA4,8.24
2023-02-03,ITUB4,25.12
2023-02-03,KLBN11,19.37
2023-02-03,LREN3,20.26
2023-02-03,MGLU3,4.27
2023-02-03,MRFG3,7.7
2023-02-03,MRVE3,6.57
2023-02-03,MULT3,22.54
2023-02-03,NTCO3,14.0
2023-02-03,PETR3,27.84
2023-02-03,PETR4,24.79
2023-02-03,POMO4,3.05
2023-02-03,PRIO3,40.17
2023-02-03,PSSA3,25.21
2023-02-03,RADL3,23.62
2023-02-03,RAIL3,18.04
2023-02-03,RDOR3,29.56
2023-02-03,RENT3,57.93
2023-02-03,SANB11,27.08
2023-02-03,SBSP3,53.5
2023-02-03,SMFT3,16.06
2023-02-03,SUZB3,46.31
2023-02-03,TAEE11,35.68
2023-02-03,TEND3,4.67
2023-02-03,TIMS3,11.14
2023-02-03,TOTS3,29.71
2023-02-03,UGPA3,12.33
2023-02-03,USIM5,7.83
2023-02-03,VALE3,88.95
2023-02-03,VAMO3,14.38
2023-02-03,VBBR3,15.65
2023-02-03,VIVA3,23.77
2023-02-03,VIVT3,38.95
2023-02-03,WEGE3,37.91
2023-02-03,YDUQ3,9.0
2023-02-06,ABEV3,13.02
2023-02-06,ASAI3,19.22
2023-02-06,AURE3,15.21
2023-02-06,B3SA3,12.11
2023-02-06,BBAS3,39.42
2023-02-06,BBDC3,12.27
2023-02-06,BBDC4,13.58
2023-02-06,BBSE3,36.58
2023-02-06,BEEF3,13.48
2023-02-06,BPAC11,20.15
2023-02-06,BRAP4,29.84
2023-02-06,CCRO3,11.38
2023-02-06,CEAB3,2.71
2023-02-06,CMIG4,11.33
2023-02-06,CMIN3,4.91
2023-02-06,COGN3,2.22
2023-02-06,CPFE3,31.98
2023-02-06,CPLE3,6.7
2023-02-06,CSAN3,15.97
2023-02-06,CSMG3,14.38
2023-02-06,CSNA3,17.27
2023-02-06,CURY3,12.8
2023-02-06,CXSE3,8.42
2023-02-06,CYRE3,14.04
2023-02-06,DIRR3,15.17
2023-02-06,EGIE3,38.19
2023-02-06,ELET3,38.21
2023-02-06,EMBR3,16.46
2023-02-06,ENEV3,11.75
2023-02-06,ENGI11,42.08
2023-02-06,EQTL3,26.93
2023-02-06,FLRY3,14.84
2023-02-06,GGBR4,30.8
2023-02-06,GOAU4,13.58
2023-02-06,HAPV3,4.6
2023-02-06,HYPE3,45.11
2023-02-06,IGTI11,19.05
2023-02-06,ITSA4,8.25
2023-02-06,ITUB4,25.13
2023-02-06,KLBN11,19.11
2023-02-06,LREN3,20.2
2023-02-06,MGLU3,4.13
2023-02-06,MRFG3,7.18
2023-02-06,MRVE3,6.46
2023-02-06,MULT3,23.0
2023-02-06,NTCO3,14.2
2023-02-06,PETR3,28.85
2023-02-06,PETR4,25.78
2023-02-06,POMO4,3.07
2023-02-06,PRIO3,41.2
2023-02-06,PSSA3,25.37
2023-02-06,RADL3,23.63
2023-02-06,RAIL3,17.54
2023-02-06,RDOR3,29.32
2023-02-06,RENT3,57.81
2023-02-06,SANB11,28.0
2023-02-06,SBSP3,53.52
2023-02-06,SMFT3,16.05
2023-02-06,SUZB3,45.96
2023-02-06,TAEE11,36.07
2023-02-06,TEND3,4.33
2023-02-06,TIMS3,11.2
2023-02-06,TOTS3,30.08
2023-02-06,UGPA3,12.86
2023-02-06,USIM5,7.67
2023-02-06,VALE3,87.84
2023-02-06,VAMO3,14.58
2023-02-06,VBBR3,16.26
2023-02-06,VIVA3,23.3
2023-02-06,VIVT3,38.6
2023-02-06,WEGE3,37.57
2023-02-06,YDUQ3,8.93
2023-02-07,ABEV3,12.96
2023-02-07,ASAI3,18.85
2023-02-07,AURE3,14.81
2023-02-07,B3SA3,11.89
2023-02-07,BBAS3,38.88
2023-02-07,BBDC3,12.19
2023-02-07,BBDC4,13.5
2023-02-07,BBSE3,36.82
2023-02-07,BEEF3,13.68
2023-02-07,BPAC11,20.11
2023-02-07,BRAP4,29.87
2023-02-07,CCRO3,11.26
2023-02-07,CEAB3,2.61
2023-02-07,CMIG4,10.97
2023-02-07,CMIN3,4.93
2023-02-07,COGN3,2.2
2023-02-07,CPFE3,31.3
2023-02-07,CPLE3,6.57
2023-02-07,CSAN3,16.01
2023-02-07,CSMG3,14.39
2023-02-07,CSNA3,17.29
2023-02-07,CURY3,12.59
2023-02-07,CXSE3,8.33
2023-02-07,CYRE3,14.03
2023-02-07,DIRR3,15.01
2023-02-07,EGIE3,37.36
2023-02-07,ELET3,36.87
2023-02-07,EMBR3,16.97
2023-02-07,ENEV3,11.59
2023-02-07,ENGI11,40.45
2023-02-07,EQTL3,26.45
2023-02-07,FLRY3,15.0
2023-02-07,GGBR4,31.24
2023-02-07,GOAU4,13.76
2023-02-07,HAPV3,4.65
2023-02-07,HYPE3,44.51
2023-02-07,IGTI11,18.88
2023-02-07,ITSA4,8.16
2023-02-07,ITUB4,24.55
2023-02-07,KLBN11,19.3
2023-02-07,LREN3,19.77
2023-02-07,MGLU3,4.05
2023-02-07,MRFG3,6.81
2023-02-07,MRVE3,6.36
2023-02-07,MULT3,22.9
2023-02-07,NTCO3,13.91
2023-02-07,PETR3,28.7
2023-02-07,PETR4,25.62
2023-02-07,POMO4,3.06
2023-02-07,PRIO3,41.63
2023-02-07,PSSA3,25.5
2023-02-07,RADL3,23.71
2023-02-07,RAIL3,17.71
2023-02-07,RDOR3,28.74
2023-02-07,RENT3,57.29
2023-02-07,SANB11,27.6
2023-02-07,SBSP3,51.67
2023-02-07,SMFT3,15.75
2023-02-07,SUZB3,46.06
2023-02-07,TAEE11,35.59
2023-02-07,TEND3,4.08
2023-02-07,TIMS3,10.96
2023-02-07,TOTS3,29.3
2023-02-07,UGPA3,12.64
2023-02-07,USIM5,7.58
2023-02-07,VALE3,88.42
2023-02-07,VAMO3,14.59
2023-02-07,VBBR3,15.92
2023-02-07,VIVA3,22.85
2023-02-07,VIVT3,38.36
2023-02-07,WEGE3,37.67
2023-02-07,YDUQ3,8.78
2023-02-08,ABEV3,13.19
2023-02-08,ASAI3,18.76
2023-02-08,AURE3,14.95
2023-02-08,B3SA3,12.12
2023-02-08,BBAS3,39.8
2023-02-08,BBDC3,12.63
2023-02-08,BBDC4,14.16
2023-02-08,BBSE3,37.05
2023-02-08,BEEF3,13.43
2023-02-08,BPAC11,21.15
2023-02-08,BRAP4,29.83
2023-02-08,CCRO3,11.35
2023-02-08,CEAB3,2.56
2023-02-08,CMIG4,11.14
2023-02-08,CMIN3,4.98
2023-02-08,COGN3,2.23
2023-02-08,CPFE3,31.5
2023-02-08,CPLE3,6.63
2023-02-08,CSAN3,16.2
2023-02-08,CSMG3,14.41
2023-02-08,CSNA3,17.31
2023-02-08,CURY3,12.7
2023-02-08,CXSE3,8.46
2023-02-08,CYRE3,14.64
2023-02-08,DIRR3,15.63
2023-02-08,EGIE3,38.06
2023-02-08,ELET3,37.28
2023-02-08,EMBR3,16.64
2023-02-08,ENEV3,11.73
2023-02-08,ENGI11,41.25
2023-02-08,EQTL3,26.96
2023-02-08,FLRY3,15.22
2023-02-08,GGBR4,31.14
2023-02-08,GOAU4,13.71
2023-02-08,HAPV3,4.48
2023-02-08,HYPE3,45.11
2023-02-08,IGTI11,19.3
2023-02-08,ITSA4,8.85
2023-02-08,ITUB4,26.58
2023-02-08,KLBN11,19.23
2023-02-08,LREN3,20.1
2023-02-08,MGLU3,4.22
2023-02-08,MRFG3,7.01
2023-02-08,MRVE3,6.4
2023-02-08,MULT3,23.78
2023-02-08,NTCO3,14.43
2023-02-08,PETR3,29.28
2023-02-08,PETR4,26.05
2023-02-08,POMO4,3.16
2023-02-08,PRIO3,42.55
2023-02-08,PSSA3,25.84
2023-02-08,RADL3,23.86
2023-02-08,RAIL3,17.8
2023-02-08,RDOR3,28.63
2023-02-08,RENT3,58.55
2023-02-08,SANB11,28.94
2023-02-08,SBSP3,52.55
2023-02-08,SMFT3,16.11
2023-02-08,SUZB3,45.95
2023-02-08,TAEE11,36.05
2023-02-08,TEND3,4.12
2023-02-08,TIMS3,11.04
2023-02-08,TOTS3,30.47
2023-02-08,UGPA3,13.22
2023-02-08,USIM5,7.61
2023-02-08,VALE3,88.72
2023-02-08,VAMO3,14.6
2023-02-08,VBBR3,16.42
2023-02-08,VIVA3,23.0
2023-02-08,VIVT3,38.79
2023-02-08,WEGE3,37.66
2023-02-08,YDUQ3,8.87
2023-02-09,ABEV3,13.02
2023-02-09,ASAI3,18.52
2023-02-09,AURE3,14.89
2023-02-09,B3SA3,11.65
2023-02-09,BBAS3,39.59
2023-02-09,BBDC3,12.34
2023-02-09,BBDC4,13.8
2023-02-09,BBSE3,35.11
2023-02-09,BEEF3,13.11
2023-02-09,BPAC11,20.68
2023-02-09,BRAP4,29.64
2023-02-09,CCRO3,11.11
2023-02-09,CEAB3,2.41
2023-02-09,CMIG4,10.86
2023-02-09,CMIN3,4.89
2023-02-09,COGN3,2.18
2023-02-09,CPFE3,29.89
2023-02-09,CPLE3,6.58
2023-02-09,CSAN3,15.58
2023-02-09,CSMG3,14.14
2023-02-09,CSNA3,17.09
2023-02-09,CURY3,12.49
2023-02-09,CXSE3,8.29
2023-02-09,CYRE3,14.73
2023-02-09,DIRR3,15.28
2023-02-09,EGIE3,37.43
2023-02-09,ELET3,36.46
2023-02-09,EMBR3,16.25
2023-02-09,ENEV3,11.46
2023-02-09,ENGI11,39.4
2023-02-09,EQTL3,26.22
2023-02-09,FLRY3,14.86
2023-02-09,GGBR4,28.67
2023-02-09,GOAU4,12.64
2023-02-09,HAPV3,4.49
2023-02-09,HYPE3,44.88
2023-02-09,IGTI11,18.5
2023-02-09,ITSA4,8.62
2023-02-09,ITUB4,25.92
2023-02-09,KLBN11,19.3
2023-02-09,LREN3,19.25
2023-02-09,MGLU3,4.11
2023-02-09,MRFG3,6.72
2023-02-09,MRVE3,6.06
2023-02-09,MULT3,23.13
2023-02-09,NTCO3,14.64
2023-02-09,PETR3,29.28
2023-02-09,PETR4,25.93
2023-02-09,POMO4,3.12
2023-02-09,PRIO3,41.96
2023-02-09,PSSA3,25.37
2023-02-09,RADL3,23.73
2023-02-09,RAIL3,16.99
2023-02-09,RDOR3,28.1
2023-02-09,RENT3,56.67
2023-02-09,SANB11,28.72
2023-02-09,SBSP3,52.08
2023-02-09,SMFT3,16.08
2023-02-09,SUZB3,46.3
2023-02-09,TAEE11,35.57
2023-02-09,TEND3,4.01
2023-02-09,TIMS3,10.81
2023-02-09,TOTS3,29.68
2023-02-09,UGPA3,12.81
2023-02-09,USIM5,7.43
2023-02-09,VALE3,88.39
2023-02-09,VAMO3,13.87
2023-02-09,VBBR3,15.66
2023-02-09,VIVA3,22.17
2023-02-09,VIVT3,38.46
2023-02-09,WEGE3,37.98
2023-02-09,YDUQ3,8.32
2023-02-10,ABEV3,12.86
2023-02-10,ASAI3,18.63
2023-02-10,AURE3,14.97
2023-02-10,B3SA3,11.8
2023-02-10,BBAS3,40.37
2023-02-10,BBDC3,11.59
2023-02-10,BBDC4,12.67
2023-02-10,BBSE3,35.95
2023-02-10,BEEF3,13.19
2023-02-10,BPAC11,20.75
2023-02-10,BRAP4,28.76
2023-02-10,CCRO3,11.23
2023-02-10,CEAB3,2.28
2023-02-10,CMIG4,10.96
2023-02-10,CMIN3,4.9
2023-02-10,COGN3,2.16
2023-02-10,CPFE3,30.97
2023-02-10,CPLE3,6.65
2023-02-10,CSAN3,15.66
2023-02-10,CSMG3,14.0
2023-02-10,CSNA3,17.06
2023-02-10,CURY3,12.76
2023-02-10,CXSE3,8.38
2023-02-10,CYRE3,15.15
2023-02-10,DIRR3,15.95
2023-02-10,EGIE3,38.03
2023-02-10,ELET3,37.03
2023-02-10,EMBR3,16.12
2023-02-10,ENEV3,11.7
2023-02-10,ENGI11,40.63
2023-02-10,EQTL3,26.75
2023-02-10,FLRY3,14.5
2023-02-10,GGBR4,28.32
2023-02-10,GOAU4,12.47
2023-02-10,HAPV3,4.54
2023-02-10,HYPE3,45.5
2023-02-10,IGTI11,18.97
2023-02-10,ITSA4,8.53
2023-02-10,ITUB4,25.8
2023-02-10,KLBN11,19.59
2023-02-10,LREN3,19.28
2023-02-10,MGLU3,3.99
2023-02-10,MRFG3,6.62
2023-02-10,MRVE3,6.12
2023-02-10,MULT3,23.66
2023-02-10,NTCO3,14.63
2023-02-10,PETR3,30.08
2023-02-10,PETR4,26.72
2023-02-10,POMO4,3.16
2023-02-10,PRIO3,42.75
2023-02-10,PSSA3,26.6
2023-02-10,RADL3,23.75
2023-02-10,RAIL3,17.54
2023-02-10,RDOR3,28.36
2023-02-10,RENT3,56.81
2023-02-10,SANB11,28.7
2023-02-10,SBSP3,53.0
2023-02-10,SMFT3,16.06
2023-02-10,SUZB3,46.4
2023-02-10,TAEE11,35.97
2023-02-10,TEND3,3.99
2023-02-10,TIMS3,11.29
2023-02-10,TOTS3,30.06
2023-02-10,UGPA3,12.98
2023-02-10,USIM5,7.34
2023-02-10,VALE3,86.8
2023-02-10,VAMO3,14.18
2023-02-10,VBBR3,15.4
2023-02-10,VIVA3,22.12
2023-02-10,VIVT3,39.08
2023-02-10,WEGE3,38.6
2023-02-10,YDUQ3,8.54
2023-02-13,ABEV3,13.13
2023-02-13,ASAI3,18.67
2023-02-13,AURE3,15.06
2023-02-13,B3SA3,11.92
2023-02-13,BBAS3,40.6
2023-02-13,BBDC3,11.93
2023-02-13,BBDC4,13.12
2023-02-13,BBSE3,36.35
2023-02-13,BEEF3,12.97
2023-02-13,BPAC11,21.26
2023-02-13,BRAP4,28.98
2023-02-13,CCRO3,11.25
2023-02-13,CEAB3,2.29
2023-02-13,CMIG4,11.01
2023-02-13,CMIN3,4.83
2023-02-13,COGN3,2.17
2023-02-13,CPFE3,30.97
2023-02-13,CPLE3,6.65
2023-02-13,CSAN3,15.7
2023-02-13,CSMG3,14.27
2023-02-13,CSNA3,16.99
2023-02-13,CURY3,12.86
2023-02-13,CXSE3,8.43
2023-02-13,CYRE3,15.58
2023-02-13,DIRR3,15.81
2023-02-13,EGIE3,38.61
2023-02-13,ELET3,36.64
2023-02-13,EMBR3,16.0
2023-02-13,ENEV3,11.75
2023-02-13,ENGI11,40.45
2023-02-13,EQTL3,26.61
2023-02-13,FLRY3,14.85
2023-02-13,GGBR4,28.59
2023-02-13,GOAU4,12.6
2023-02-13,HAPV3,4.58
2023-02-13,HYPE3,45.4
2023-02-13,IGTI11,18.72
2023-02-13,ITSA4,8.74
2023-02-13,ITUB4,26.71
2023-02-13,KLBN11,19.65
2023-02-13,LREN3,19.34
2023-02-13,MGLU3,4.13
2023-02-13,MRFG3,6.7
2023-02-13,MRVE3,6.15
2023-02-13,MULT3,23.55
2023-02-13,NTCO3,14.52
2023-02-13,PETR3,30.23
2023-02-13,PETR4,26.8
2023-02-13,POMO4,3.09
2023-02-13,PRIO3,42.04
2023-02-13,PSSA3,26.9
2023-02-13,RADL3,23.54
2023-02-13,RAIL3,17.51
2023-02-13,RDOR3,28.2
2023-02-13,RENT3,56.6
2023-02-13,SANB11,28.88
2023-02-13,SBSP3,53.5
2023-02-13,SMFT3,15.87
2023-02-13,SUZB3,46.71
2023-02-13,TAEE11,36.25
2023-02-13,TEND3,3.99
2023-02-13,TIMS3,11.53
2023-02-13,TOTS3,29.91
2023-02-13,UGPA3,13.05
2023-02-13,USIM5,7.3
2023-02-13,VALE3,86.71
2023-02-13,VAMO3,14.32
2023-02-13,VBBR3,15.74
2023-02-13,VIVA3,22.6
2023-02-13,VIVT3,39.28
2023-02-13,WEGE3,38.58
2023-02-13,YDUQ3,8.58
2023-02-14,ABEV3,13.0
2023-02-14,ASAI3,18.45
2023-02-14,AURE3,14.96
2023-02-14,B3SA3,11.44
2023-02-14,BBAS3,41.55
2023-02-14,BBDC3,11.9
2023-02-14,BBDC4,13.24
2023-02-14,BBSE3,36.57
2023-02-14,BEEF3,12.7
2023-02-14,BPAC11,20.69
2023-02-14,BRAP4,28.71
2023-02-14,CCRO3,11.06
2023-02-14,CEAB3,2.22
2023-02-14,CMIG4,10.91
2023-02-14,CMIN3,4.77
2023-02-14,COGN3,2.13
2023-02-14,CPFE3,30.73
2023-02-14,CPLE3,6.53
2023-02-14,CSAN3,15.4
2023-02-14,CSMG3,14.62
2023-02-14,CSNA3,17.04
2023-02-14,CURY3,12.61
2023-02-14,CXSE3,8.37
2023-02-14,CYRE3,15.27
2023-02-14,DIRR3,15.68
2023-02-14,EGIE3,38.1
2023-02-14,ELET3,35.29
2023-02-14,EMBR3,16.24
2023-02-14,ENEV3,11.56
2023-02-14,ENGI11,39.59
2023-02-14,EQTL3,26.35
2023-02-14,FLRY3,14.7
2023-02-14,GGBR4,28.66
2023-02-14,GOAU4,12.64
2023-02-14,HAPV3,4.58
2023-02-14,HYPE3,45.08
2023-02-14,IGTI11,18.58
2023-02-14,ITSA4,8.68
2023-02-14,ITUB4,26.38
2023-02-14,KLBN11,19.5
2023-02-14,LREN3,18.72
2023-02-14,MGLU3,4.06
2023-02-14,MRFG3,6.58
2023-02-14,MRVE3,6.15
2023-02-14,MULT3,23.55
2023-02-14,NTCO3,14.32
2023-02-14,PETR3,30.05
2023-02-14,PETR4,26.7
2023-02-14,POMO4,3.17
2023-02-14,PRIO3,40.86
2023-02-14,PSSA3,26.9
2023-02-14,RADL3,23.0
2023-02-14,RAIL3,17.36
2023-02-14,RDOR3,27.16
2023-02-14,RENT3,55.46
2023-02-14,SANB11,28.79
2023-02-14,SBSP3,54.5
2023-02-14,SMFT3,16.03
2023-02-14,SUZB3,46.95
2023-02-14,TAEE11,35.98
2023-02-14,TEND3,4.1
2023-02-14,TIMS3,11.71
2023-02-14,TOTS3,29.84
2023-02-14,UGPA3,12.67
2023-02-14,USIM5,7.12
2023-02-14,VALE3,87.1
2023-02-14,VAMO3,13.97
2023-02-14,VBBR3,15.29
2023-02-14,VIVA3,21.98
2023-02-14,VIVT3,39.53
2023-02-14,WEGE3,38.36
2023-02-14,YDUQ3,8.03
2023-02-15,ABEV3,13.23
2023-02-15,ASAI3,19.22
2023-02-15,AURE3,15.01
2023-02-15,B3SA3,11.59
2023-02-15,BBAS3,41.93
2023-02-15,BBDC3,12.13
2023-02-15,BBDC4,13.76
2023-02-15,BBSE3,34.94
2023-02-15,BEEF3,13.12
2023-02-15,BPAC11,21.4
2023-02-15,BRAP4,29.09
2023-02-15,CCRO3,11.12
2023-02-15,CEAB3,2.3
2023-02-15,CMIG4,10.9
2023-02-15,CMIN3,5.02
2023-02-15,COGN3,2.17
2023-02-15,CPFE3,30.66
2023-02-15,CPLE3,6.6
2023-02-15,CSAN3,15.71
2023-02-15,CSMG3,14.55
2023-02-15,CSNA3,17.67
2023-02-15,CURY3,12.9
2023-02-15,CXSE3,8.42
2023-02-15,CYRE3,15.47
2023-02-15,DIRR3,15.97
2023-02-15,EGIE3,38.77
2023-02-15,ELET3,35.85
2023-02-15,EMBR3,16.42
2023-02-15,ENEV3,11.67
2023-02-15,ENGI11,40.09
2023-02-15,EQTL3,26.6
2023-02-15,FLRY3,15.03
2023-02-15,GGBR4,28.54
2023-02-15,GOAU4,12.56
2023-02-15,HAPV3,4.93
2023-02-15,HYPE3,45.65
2023-02-15,IGTI11,18.75
2023-02-15,ITSA4,8.74
2023-02-15,ITUB4,26.77
2023-02-15,KLBN11,19.8
2023-02-15,LREN3,19.23
2023-02-15,MGLU3,3.89
2023-02-15,MRFG3,6.84
2023-02-15,MRVE3,6.51
2023-02-15,MULT3,23.77
2023-02-15,NTCO3,15.14
2023-02-15,PETR3,30.18
2023-02-15,PETR4,26.74
2023-02-15,POMO4,3.19
2023-02-15,PRIO3,40.9
2023-02-15,PSSA3,26.78
2023-02-15,RADL3,23.46
2023-02-15,RAIL3,17.43
2023-02-15,RDOR3,28.24
2023-02-15,RENT3,56.62
2023-02-15,SANB11,29.5
2023-02-15,SBSP3,54.4
2023-02-15,SMFT3,16.25
2023-02-15,SUZB3,48.18
2023-02-15,TAEE11,35.88
2023-02-15,TEND3,4.24
2023-02-15,TIMS3,12.06
2023-02-15,TOTS3,28.6
2023-02-15,UGPA3,13.11
2023-02-15,USIM5,7.24
2023-02-15,VALE3,89.0
2023-02-15,VAMO3,14.58
2023-02-15,VBBR3,15.61
2023-02-15,VIVA3,22.4
2023-02-15,VIVT3,39.67
2023-02-15,WEGE3,38.88
2023-02-15,YDUQ3,8.36
2023-02-16,ABEV3,13.08
2023-02-16,ASAI3,19.01
2023-02-16,AURE3,15.18
2023-02-16,B3SA3,11.37
2023-02-16,BBAS3,42.4
2023-02-16,BBDC3,12.22
2023-02-16,BBDC4,14.02
2023-02-16,BBSE3,35.37
2023-02-16,BEEF3,12.37
2023-02-16,BPAC11,21.39
2023-02-16,BRAP4,29.21
2023-02-16,CCRO3,11.08
2023-02-16,CEAB3,2.25
2023-02-16,CMIG4,10.94
2023-02-16,CMIN3,4.9
2023-02-16,COGN3,2.2
2023-02-16,CPFE3,30.93
2023-02-16,CPLE3,6.63
2023-02-16,CSAN3,15.91
2023-02-16,CSMG3,14.52
2023-02-16,CSNA3,17.96
2023-02-16,CURY3,12.75
2023-02-16,CXSE3,8.65
2023-02-16,CYRE3,14.8
2023-02-16,DIRR3,15.71
2023-02-16,EGIE3,39.05
2023-02-16,ELET3,35.97
2023-02-16,EMBR3,16.24
2023-02-16,ENEV3,11.84
2023-02-16,ENGI11,39.99
2023-02-16,EQTL3,26.48
2023-02-16,FLRY3,15.34
2023-02-16,GGBR4,28.86
2023-02-16,GOAU4,12.71
2023-02-16,HAPV3,5.13
2023-02-16,HYPE3,46.33
2023-02-16,IGTI11,19.36
2023-02-16,ITSA4,8.76
2023-02-16,ITUB4,26.97
2023-02-16,KLBN11,19.7
2023-02-16,LREN3,19.38
2023-02-16,MGLU3,3.81
2023-02-16,MRFG3,6.76
2023-02-16,MRVE3,6.45
2023-02-16,MULT3,24.47
2023-02-16,NTCO3,15.36
2023-02-16,PETR3,30.15
2023-02-16,PETR4,26.85
2023-02-16,POMO4,3.14
2023-02-16,PRIO3,40.25
2023-02-16,PSSA3,27.56
2023-02-16,RADL3,23.3
2023-02-16,RAIL3,17.95
2023-02-16,RDOR3,29.07
2023-02-16,RENT3,58.09
2023-02-16,SANB11,29.55
2023-02-16,SBSP3,55.04
2023-02-16,SMFT3,16.69
2023-02-16,SUZB3,47.76
2023-02-16,TAEE11,35.84
2023-02-16,TEND3,4.46
2023-02-16,TIMS3,12.13
2023-02-16,TOTS3,28.5
2023-02-16,UGPA3,12.89
2023-02-16,USIM5,7.3
2023-02-16,VALE3,89.19
2023-02-16,VAMO3,14.71
2023-02-16,VBBR3,15.58
2023-02-16,VIVA3,22.37
2023-02-16,VIVT3,40.48
2023-02-16,WEGE3,38.78
2023-02-16,YDUQ3,8.38
2023-02-17,ABEV3,13.2
2023-02-17,ASAI3,19.12
2023-02-17,AURE3,14.97
2023-02-17,B3SA3,11.03
2023-02-17,BBAS3,42.82
2023-02-17,BBDC3,12.21
2023-02-17,BBDC4,13.94
2023-02-17,BBSE3,35.53
2023-02-17,BEEF3,12.38
2023-02-17,BPAC11,20.81
2023-02-17,BRAP4,29.05
2023-02-17,CCRO3,10.96
2023-02-17,CEAB3,2.14
2023-02-17,CMIG4,10.94
2023-02-17,CMIN3,4.91
2023-02-17,COGN3,2.2
2023-02-17,CPFE3,31.13
2023-02-17,CPLE3,6.56
2023-02-17,CSAN3,15.56
2023-02-17,CSMG3,14.66
2023-02-17,CSNA3,17.4
2023-02-17,CURY3,12.99
2023-02-17,CXSE3,8.59
2023-02-17,CYRE3,14.73
2023-02-17,DIRR3,15.86
2023-02-17,EGIE3,39.39
2023-02-17,ELET3,35.9
2023-02-17,EMBR3,16.56
2023-02-17,ENEV3,11.67
2023-02-17,ENGI11,40.28
2023-02-17,EQTL3,26.45
2023-02-17,FLRY3,15.39
2023-02-17,GGBR4,28.59
2023-02-17,GOAU4,12.64
2023-02-17,HAPV3,5.09
2023-02-17,HYPE3,44.06
2023-02-17,IGTI11,19.47
2023-02-17,ITSA4,8.74
2023-02-17,ITUB4,26.88
2023-02-17,KLBN11,19.29
2023-02-17,LREN3,19.62
2023-02-17,MGLU3,3.66
2023-02-17,MRFG3,6.58
2023-02-17,MRVE3,6.32
2023-02-17,MULT3,24.85
2023-02-17,NTCO3,15.12
2023-02-17,PETR3,29.69
2023-02-17,PETR4,26.44
2023-02-17,POMO4,3.27
2023-02-17,PRIO3,38.21
2023-02-17,PSSA3,27.89
2023-02-17,RADL3,23.76
2023-02-17,RAIL3,18.26
2023-02-17,RDOR3,29.01
2023-02-17,RENT3,57.69
2023-02-17,SANB11,29.66
2023-02-17,SBSP3,55.05
2023-02-17,SMFT3,16.73
2023-02-17,SUZB3,46.96
2023-02-17,TAEE11,35.92
2023-02-17,TEND3,4.57
2023-02-17,TIMS3,12.2
2023-02-17,TOTS3,28.74
2023-02-17,UGPA3,13.21
2023-02-17,USIM5,7.28
2023-02-17,VALE3,88.03
2023-02-17,VAMO3,14.62
2023-02-17,VBBR3,15.41
2023-02-17,VIVA3,22.59
2023-02-17,VIVT3,41.57
2023-02-17,WEGE3,39.62
2023-02-17,YDUQ3,8.12
2023-02-22,ABEV3,13.21
2023-02-22,ASAI3,18.83
2023-02-22,AURE3,14.96
2023-02-22,B3SA3,10.85
2023-02-22,BBAS3,41.76
2023-02-22,BBDC3,12.02
2023-02-22,BBDC4,13.8
2023-02-22,BBSE3,35.36
2023-02-22,BEEF3,11.4
2023-02-22,BPAC11,20.63
2023-02-22,BRAP4,28.44
2023-02-22,CCRO3,10.96
2023-02-22,CEAB3,2.02
2023-02-22,CMIG4,10.68
2023-02-22,CMIN3,4.91
2023-02-22,COGN3,2.22
2023-02-22,CPFE3,30.7
2023-02-22,CPLE3,6.39
2023-02-22,CSAN3,15.33
2023-02-22,CSMG3,14.7
2023-02-22,CSNA3,17.35
2023-02-22,CURY3,12.75
2023-02-22,CXSE3,8.59
2023-02-22,CYRE3,15.19
2023-02-22,DIRR3,15.67
2023-02-22,EGIE3,39.14
2023-02-22,ELET3,34.78
2023-02-22,EMBR3,16.1
2023-02-22,ENEV3,11.42
2023-02-22,ENGI11,39.42
2023-02-22,EQTL3,25.86
2023-02-22,FLRY3,15.17
2023-02-22,GGBR4,28.15
2023-02-22,GOAU4,12.42
2023-02-22,HAPV3,4.94
2023-02-22,HYPE3,43.79
2023-02-22,IGTI11,19.16
2023-02-22,ITSA4,8.56
2023-02-22,ITUB4,26.38
2023-02-22,KLBN11,18.9
2023-02-22,LREN3,18.69
2023-02-22,MGLU3,3.52
2023-02-22,MRFG3,6.27
2023-02-22,MRVE3,6.22
2023-02-22,MULT3,24.35
2023-02-22,NTCO3,14.9
2023-02-22,PETR3,28.95
2023-02-22,PETR4,25.76
2023-02-22,POMO4,3.21
2023-02-22,PRIO3,37.6
2023-02-22,PSSA3,26.7
2023-02-22,RADL3,23.53
2023-02-22,RAIL3,18.0
2023-02-22,RDOR3,28.05
2023-02-22,RENT3,55.54
2023-02-22,SANB11,29.47
2023-02-22,SBSP3,53.38
2023-02-22,SMFT3,16.2
2023-02-22,SUZB3,46.04
2023-02-22,TAEE11,35.68
2023-02-22,TEND3,4.61
2023-02-22,TIMS3,12.43
2023-02-22,TOTS3,28.21
2023-02-22,UGPA3,13.38
2023-02-22,USIM5,7.09
2023-02-22,VALE3,87.36
2023-02-22,VAMO3,14.45
2023-02-22,VBBR3,15.13
2023-02-22,VIVA3,22.01
2023-02-22,VIVT3,39.71
2023-02-22,WEGE3,38.4
2023-02-22,YDUQ3,7.69
2023-02-23,ABEV3,13.25
2023-02-23,ASAI3,18.77
2023-02-23,AURE3,14.91
2023-02-23,B3SA3,10.78
2023-02-23,BBAS3,42.1
2023-02-23,BBDC3,12.04
2023-02-23,BBDC4,13.74
2023-02-23,BBSE3,35.16
2023-02-23,BEEF3,11.8
2023-02-23,BPAC11,20.59
2023-02-23,BRAP4,28.38
2023-02-23,CCRO3,11.02
2023-02-23,CEAB3,2.04
2023-02-23,CMIG4,10.69
2023-02-23,CMIN3,4.89
2023-02-23,COGN3,2.17
2023-02-23,CPFE3,30.52
2023-02-23,CPLE3,6.34
2023-02-23,CSAN3,15.21
2023-02-23,CSMG3,14.4
2023-02-23,CSNA3,17.43
2023-02-23,CURY3,12.77
2023-02-23,CXSE3,8.58
2023-02-23,CYRE3,15.21
2023-02-23,DIRR3,15.72
2023-02-23,EGIE3,39.03
2023-02-23,ELET3,34.67
2023-02-23,EMBR3,16.07
2023-02-23,ENEV3,11.29
2023-02-23,ENGI11,38.93
2023-02-23,EQTL3,26.05
2023-02-23,FLRY3,14.84
2023-02-23,GGBR4,28.45
2023-02-23,GOAU4,12.5
2023-02-23,HAPV3,4.83
2023-02-23,HYPE3,44.1
2023-02-23,IGTI11,19.31
2023-02-23,ITSA4,8.56
2023-02-23,ITUB4,26.48
2023-02-23,KLBN11,18.96
2023-02-23,LREN3,19.18
2023-02-23,MGLU3,3.56
2023-02-23,MRFG3,6.29
2023-02-23,MRVE3,6.31
2023-02-23,MULT3,24.6
2023-02-23,NTCO3,15.33
2023-02-23,PETR3,30.03
2023-02-23,PETR4,26.55
2023-02-23,POMO4,3.16
2023-02-23,PRIO3,37.47
2023-02-23,PSSA3,27.07
2023-02-23,RADL3,23.27
2023-02-23,RAIL3,17.91
2023-02-23,RDOR3,27.66
2023-02-23,RENT3,55.33
2023-02-23,SANB11,29.7
2023-02-23,SBSP3,52.71
2023-02-23,SMFT3,16.13
2023-02-23,SUZB3,46.15
2023-02-23,TAEE11,35.65
2023-02-23,TEND3,4.51
2023-02-23,TIMS3,12.4
2023-02-23,TOTS3,28.75
2023-02-23,UGPA3,13.71
2023-02-23,USIM5,7.0
2023-02-23,VALE3,86.95
2023-02-23,VAMO3,14.05
2023-02-23,VBBR3,15.09
2023-02-23,VIVA3,22.0
2023-02-23,VIVT3,39.5
2023-02-23,WEGE3,39.24
2023-02-23,YDUQ3,7.69
2023-02-24,ABEV3,13.32
2023-02-24,ASAI3,18.69
2023-02-24,AURE3,14.91
2023-02-24,B3SA3,10.39
2023-02-24,BBAS3,40.48
2023-02-24,BBDC3,11.79
2023-02-24,BBDC4,13.3
2023-02-24,BBSE3,34.1
2023-02-24,BEEF3,11.52
2023-02-24,BPAC11,20.32
2023-02-24,BRAP4,27.68
2023-02-24,CCRO3,11.02
2023-02-24,CEAB3,2.01
2023-02-24,CMIG4,10.55
2023-02-24,CMIN3,4.62
2023-02-24,COGN3,2.12
2023-02-24,CPFE3,30.39
2023-02-24,CPLE3,6.28
2023-02-24,CSAN3,14.7
2023-02-24,CSMG3,14.81
2023-02-24,CSNA3,16.52
2023-02-24,CURY3,12.68
2023-02-24,CXSE3,8.46
2023-02-24,CYRE3,15.02
2023-02-24,DIRR3,15.5
2023-02-24,EGIE3,39.01
2023-02-24,ELET3,34.51
2023-02-24,EMBR3,16.08
2023-02-24,ENEV3,11.18
2023-02-24,ENGI11,39.19
2023-02-24,EQTL3,25.7
2023-02-24,FLRY3,14.65
2023-02-24,GGBR4,28.05
2023-02-24,GOAU4,12.36
2023-02-24,HAPV3,4.75
2023-02-24,HYPE3,43.45
2023-02-24,IGTI11,19.18
2023-02-24,ITSA4,8.32
2023-02-24,ITUB4,25.67
2023-02-24,KLBN11,18.94
2023-02-24,LREN3,19.01
2023-02-24,MGLU3,3.61
2023-02-24,MRFG3,6.3
2023-02-24,MRVE3,6.16
2023-02-24,MULT3,24.51
2023-02-24,NTCO3,14.9
2023-02-24,PETR3,29.58
2023-02-24,PETR4,25.97
2023-02-24,POMO4,3.18
2023-02-24,PRIO3,37.6
2023-02-24,PSSA3,27.04
2023-02-24,RADL3,22.94
2023-02-24,RAIL3,18.01
2023-02-24,RDOR3,26.86
2023-02-24,RENT3,55.0
2023-02-24,SANB11,29.01
2023-02-24,SBSP3,52.69
2023-02-24,SMFT3,15.9
2023-02-24,SUZB3,46.15
2023-02-24,TAEE11,35.25
2023-02-24,TEND3,4.51
2023-02-24,TIMS3,12.44
2023-02-24,TOTS3,27.79
2023-02-24,UGPA3,13.55
2023-02-24,USIM5,6.83
2023-02-24,VALE3,85.04
2023-02-24,VAMO3,13.5
2023-02-24,VBBR3,14.9
2023-02-24,VIVA3,21.76
2023-02-24,VIVT3,39.27
2023-02-24,WEGE3,38.86
2023-02-24,YDUQ3,7.57
2023-02-27,ABEV3,13.4
2023-02-27,ASAI3,18.39
2023-02-27,AURE3,14.87
2023-02-27,B3SA3,10.56
2023-02-27,BBAS3,39.93
2023-02-27,BBDC3,11.78
2023-02-27,BBDC4,13.17
2023-02-27,BBSE3,34.29
2023-02-27,BEEF3,11.3
2023-02-27,BPAC11,19.91
2023-02-27,BRAP4,27.61
2023-02-27,CCRO3,10.98
2023-02-27,CEAB3,2.03
2023-02-27,CMIG4,10.55
2023-02-27,CMIN3,4.63
2023-02-27,COGN3,2.09
2023-02-27,CPFE3,30.3
2023-02-27,CPLE3,6.27
2023-02-27,CSAN3,14.97
2023-02-27,CSMG3,14.92
2023-02-27,CSNA3,16.73
2023-02-27,CURY3,12.45
2023-02-27,CXSE3,8.54
2023-02-27,CYRE3,15.15
2023-02-27,DIRR3,15.7
2023-02-27,EGIE3,39.1
2023-02-27,ELET3,34.61
2023-02-27,EMBR3,16.08
2023-02-27,ENEV3,11.23
2023-02-27,ENGI11,38.98
2023-02-27,EQTL3,25.51
2023-02-27,FLRY3,14.53
2023-02-27,GGBR4,28.2
2023-02-27,GOAU4,12.42
2023-02-27,HAPV3,4.55
2023-02-27,HYPE3,42.6
2023-02-27,IGTI11,19.38
2023-02-27,ITSA4,8.25
2023-02-27,ITUB4,25.34
2023-02-27,KLBN11,19.01
2023-02-27,LREN3,19.2
2023-02-27,MGLU3,3.65
2023-02-27,MRFG3,6.45
2023-02-27,MRVE3,6.16
2023-02-27,MULT3,25.1
2023-02-27,NTCO3,14.97
2023-02-27,PETR3,30.07
2023-02-27,PETR4,26.15
2023-02-27,POMO4,3.13
2023-02-27,PRIO3,37.05
2023-02-27,PSSA3,26.85
2023-02-27,RADL3,22.8
2023-02-27,RAIL3,18.08
2023-02-27,RDOR3,26.5
2023-02-27,RENT3,54.82
2023-02-27,SANB11,28.79
2023-02-27,SBSP3,53.36
2023-02-27,SMFT3,15.99
2023-02-27,SUZB3,46.34
2023-02-27,TAEE11,35.42
2023-02-27,TEND3,4.79
2023-02-27,TIMS3,12.27
2023-02-27,TOTS3,27.97
2023-02-27,UGPA3,13.41
2023-02-27,USIM5,6.85
2023-02-27,VALE3,85.04
2023-02-27,VAMO3,13.31
2023-02-27,VBBR3,14.66
2023-02-27,VIVA3,21.89
2023-02-27,VIVT3,39.43
2023-02-27,WEGE3,38.8
2023-02-27,YDUQ3,7.48
2023-02-28,ABEV3,13.39
2023-02-28,ASAI3,18.14
2023-02-28,AURE3,14.8
2023-02-28,B3SA3,10.55
2023-02-28,BBAS3,40.3
2023-02-28,BBDC3,11.64
2023-02-28,BBDC4,13.08
2023-02-28,BBSE3,34.21
2023-02-28,BEEF3,11.33
2023-02-28,BPAC11,20.2
2023-02-28,BRAP4,27.66
2023-02-28,CCRO3,10.99
2023-02-28,CEAB3,2.02
2023-02-28,CMIG4,10.48
2023-02-28,CMIN3,4.66
2023-02-28,COGN3,2.02
2023-02-28,CPFE3,30.29
2023-02-28,CPLE3,6.32
2023-02-28,CSAN3,14.98
2023-02-28,CSMG3,14.22
2023-02-28,CSNA3,16.67
2023-02-28,CURY3,12.6
2023-02-28,CXSE3,8.47
2023-02-28,CYRE3,14.98
2023-02-28,DIRR3,15.39
2023-02-28,EGIE3,39.28
2023-02-28,ELET3,34.32
2023-02-28,EMBR3,16.59
2023-02-28,ENEV3,11.43
2023-02-28,ENGI11,38.69
2023-02-28,EQTL3,25.43
2023-02-28,FLRY3,14.19
2023-02-28,GGBR4,28.63
2023-02-28,GOAU4,12.58
2023-02-28,HAPV3,4.49
2023-02-28,HYPE3,41.65
2023-02-28,IGTI11,19.33
2023-02-28,ITSA4,8.23
2023-02-28,ITUB4,25.43
2023-02-28,KLBN11,19.46
2023-02-28,LREN3,18.65
2023-02-28,MGLU3,3.59
2023-02-28,MRFG3,6.37
2023-02-28,MRVE3,5.9
2023-02-28,MULT3,25.17
2023-02-28,NTCO3,15.32
2023-02-28,PETR3,28.75
2023-02-28,PETR4,25.24
2023-02-28,POMO4,3.16
2023-02-28,PRIO3,33.7
2023-02-28,PSSA3,26.47
2023-02-28,RADL3,22.68
2023-02-28,RAIL3,17.96
2023-02-28,RDOR3,25.55
2023-02-28,RENT3,55.49
2023-02-28,SANB11,28.33
2023-02-28,SBSP3,51.75
2023-02-28,SMFT3,15.53
2023-02-28,SUZB3,47.74
2023-02-28,TAEE11,35.49
2023-02-28,TEND3,4.67
2023-02-28,TIMS3,12.26
2023-02-28,TOTS3,27.29
2023-02-28,UGPA3,13.18
2023-02-28,USIM5,6.83
2023-02-28,VALE3,85.32
2023-02-28,VAMO3,13.28
2023-02-28,VBBR3,14.79
2023-02-28,VIVA3,21.67
2023-02-28,VIVT3,38.94
2023-02-28,WEGE3,39.16
2023-02-28,YDUQ3,7.05
2023-03-01,ABEV3,13.47
2023-03-01,ASAI3,17.64
2023-03-01,AURE3,14.72
2023-03-01,B3SA3,10.5
2023-03-01,BBAS3,39.0
2023-03-01,BBDC3,11.62
2023-03-01,BBDC4,12.98
2023-03-01,BBSE3,34.01
2023-03-01,BEEF3,11.41
2023-03-01,BPAC11,19.52
2023-03-01,BRAP4,28.83
2023-03-01,CCRO3,10.9
2023-03-01,CEAB3,1.94
2023-03-01,CMIG4,10.44
2023-03-01,CMIN3,4.78
2023-03-01,COGN3,2.0
2023-03-01,CPFE3,30.14
2023-03-01,CPLE3,6.27
2023-03-01,CSAN3,14.8
2023-03-01,CSMG3,15.07
2023-03-01,CSNA3,17.94
2023-03-01,CURY3,12.35
2023-03-01,CXSE3,8.49
2023-03-01,CYRE3,14.86
2023-03-01,DIRR3,14.85
2023-03-01,EGIE3,39.29
2023-03-01,ELET3,33.52
2023-03-01,EMBR3,16.89
2023-03-01,ENEV3,11.2
2023-03-01,ENGI11,38.83
2023-03-01,EQTL3,24.89
2023-03-01,FLRY3,14.25
2023-03-01,GGBR4,29.52
2023-03-01,GOAU4,12.95
2023-03-01,HAPV3,3.02
2023-03-01,HYPE3,41.27
2023-03-01,IGTI11,18.42
2023-03-01,ITSA4,8.15
2023-03-01,ITUB4,25.0
2023-03-01,KLBN11,19.62
2023-03-01,LREN3,17.9
2023-03-01,MGLU3,3.23
2023-03-01,MRFG3,6.57
2023-03-01,MRVE3,5.7
2023-03-01,MULT3,25.44
2023-03-01,NTCO3,14.49
2023-03-01,PETR3,28.75
2023-03-01,PETR4,25.3
2023-03-01,POMO4,3.24
2023-03-01,PRIO3,33.38
2023-03-01,PSSA3,26.11
2023-03-01,RADL3,22.5
2023-03-01,RAIL3,17.43
2023-03-01,RDOR3,24.64
2023-03-01,RENT3,53.32
2023-03-01,SANB11,27.77
2023-03-01,SBSP3,52.08
2023-03-01,SMFT3,14.88
2023-03-01,SUZB3,46.77
2023-03-01,TAEE11,35.63
2023-03-01,TEND3,4.55
2023-03-01,TIMS3,12.24
2023-03-01,TOTS3,27.15
2023-03-01,UGPA3,12.99
2023-03-01,USIM5,7.17
2023-03-01,VALE3,89.2
2023-03-01,VAMO3,13.43
2023-03-01,VBBR3,14.35
2023-03-01,VIVA3,20.94
2023-03-01,VIVT3,38.84
2023-03-01,WEGE3,39.38
2023-03-01,YDUQ3,6.84
2023-03-02,ABEV3,13.13
2023-03-02,ASAI3,17.5
2023-03-02,AURE3,14.73
2023-03-02,B3SA3,10.59
2023-03-02,BBAS3,37.43
2023-03-02,BBDC3,11.42
2023-03-02,BBDC4,12.79
2023-03-02,BBSE3,34.57
2023-03-02,BEEF3,11.0
2023-03-02,BPAC11,19.17
2023-03-02,BRAP4,28.57
2023-03-02,CCRO3,10.76
2023-03-02,CEAB3,2.18
2023-03-02,CMIG4,10.35
2023-03-02,CMIN3,4.87
2023-03-02,COGN3,1.96
2023-03-02,CPFE3,29.86
2023-03-02,CPLE3,6.26
2023-03-02,CSAN3,14.72
2023-03-02,CSMG3,14.95
2023-03-02,CSNA3,17.77
2023-03-02,CURY3,12.1
2023-03-02,CXSE3,8.39
2023-03-02,CYRE3,14.79
2023-03-02,DIRR3,14.97
2023-03-02,EGIE3,39.39
2023-03-02,ELET3,33.17
2023-03-02,EMBR3,17.38
2023-03-02,ENEV3,11.12
2023-03-02,ENGI11,37.93
2023-03-02,EQTL3,24.94
2023-03-02,FLRY3,13.97
2023-03-02,GGBR4,29.57
2023-03-02,GOAU4,13.0
2023-03-02,HAPV3,2.92
2023-03-02,HYPE3,41.78
2023-03-02,IGTI11,18.6
2023-03-02,ITSA4,7.97
2023-03-02,ITUB4,24.18
2023-03-02,KLBN11,19.64
2023-03-02,LREN3,18.1
2023-03-02,MGLU3,3.15
2023-03-02,MRFG3,6.65
2023-03-02,MRVE3,5.62
2023-03-02,MULT3,24.6
2023-03-02,NTCO3,14.37
2023-03-02,PETR3,27.96
2023-03-02,PETR4,24.64
2023-03-02,POMO4,3.31
2023-03-02,PRIO3,33.96
2023-03-02,PSSA3,26.24
2023-03-02,RADL3,22.37
2023-03-02,RAIL3,17.77
2023-03-02,RDOR3,23.68
2023-03-02,RENT3,53.14
2023-03-02,SANB11,27.02
2023-03-02,SBSP3,51.87
2023-03-02,SMFT3,14.88
2023-03-02,SUZB3,46.7
2023-03-02,TAEE11,35.55
2023-03-02,TEND3,4.85
2023-03-02,TIMS3,12.08
2023-03-02,TOTS3,27.47
2023-03-02,UGPA3,12.89
2023-03-02,USIM5,7.1
2023-03-02,VALE3,89.0
2023-03-02,VAMO3,13.5
2023-03-02,VBBR3,14.24
2023-03-02,VIVA3,20.55
2023-03-02,VIVT3,38.56
2023-03-02,WEGE3,39.16
2023-03-02,YDUQ3,6.69
2023-03-03,ABEV3,13.11
2023-03-03,ASAI3,17.53
2023-03-03,AURE3,14.73
2023-03-03,B3SA3,10.52
2023-03-03,BBAS3,37.85
2023-03-03,BBDC3,11.38
2023-03-03,BBDC4,12.86
2023-03-03,BBSE3,34.07
2023-03-03,BEEF3,11.8
2023-03-03,BPAC11,19.28
2023-03-03,BRAP4,28.92
2023-03-03,CCRO3,10.78
2023-03-03,CEAB3,2.72
2023-03-03,CMIG4,10.28
2023-03-03,CMIN3,4.99
2023-03-03,COGN3,1.98
2023-03-03,CPFE3,29.59
2023-03-03,CPLE3,6.27
2023-03-03,CSAN3,14.74
2023-03-03,CSMG3,14.79
2023-03-03,CSNA3,18.24
2023-03-03,CURY3,12.18
2023-03-03,CXSE3,8.5
2023-03-03,CYRE3,14.73
2023-03-03,DIRR3,14.81
2023-03-03,EGIE3,39.26
2023-03-03,ELET3,32.76
2023-03-03,EMBR3,17.95
2023-03-03,ENEV3,11.14
2023-03-03,ENGI11,37.92
2023-03-03,EQTL3,25.13
2023-03-03,FLRY3,13.91
2023-03-03,GGBR4,29.42
2023-03-03,GOAU4,12.93
2023-03-03,HAPV3,2.68
2023-03-03,HYPE3,41.87
2023-03-03,IGTI11,18.01
2023-03-03,ITSA4,7.99
2023-03-03,ITUB4,24.21
2023-03-03,KLBN11,19.72
2023-03-03,LREN3,17.75
2023-03-03,MGLU3,3.02
2023-03-03,MRFG3,6.77
2023-03-03,MRVE3,5.53
2023-03-03,MULT3,23.46
2023-03-03,NTCO3,14.39
2023-03-03,PETR3,28.98
2023-03-03,PETR4,25.7
2023-03-03,POMO4,3.33
2023-03-03,PRIO3,34.71
2023-03-03,PSSA3,25.8
2023-03-03,RADL3,22.5
2023-03-03,RAIL3,17.69
2023-03-03,RDOR3,23.11
2023-03-03,RENT3,52.95
2023-03-03,SANB11,26.84
2023-03-03,SBSP3,51.42
2023-03-03,SMFT3,14.68
2023-03-03,SUZB3,48.2
2023-03-03,TAEE11,35.64
2023-03-03,TEND3,5.0
2023-03-03,TIMS3,12.0
2023-03-03,TOTS3,27.71
2023-03-03,UGPA3,13.0
2023-03-03,USIM5,7.18
2023-03-03,VALE3,89.3
2023-03-03,VAMO3,13.35
2023-03-03,VBBR3,14.8
2023-03-03,VIVA3,20.3
2023-03-03,VIVT3,38.16
2023-03-03,WEGE3,38.84
2023-03-03,YDUQ3,6.67
2023-03-06,ABEV3,13.5
2023-03-06,ASAI3,17.65
2023-03-06,AURE3,14.65
2023-03-06,B3SA3,10.96
2023-03-06,BBAS3,38.71
2023-03-06,BBDC3,11.72
2023-03-06,BBDC4,13.29
2023-03-06,BBSE3,34.88
2023-03-06,BEEF3,11.78
2023-03-06,BPAC11,19.59
2023-03-06,BRAP4,28.52
2023-03-06,CCRO3,10.97
2023-03-06,CEAB3,2.89
2023-03-06,CMIG4,10.44
2023-03-06,CMIN3,4.99
2023-03-06,COGN3,2.01
2023-03-06,CPFE3,29.71
2023-03-06,CPLE3,6.35
2023-03-06,CSAN3,15.1
2023-03-06,CSMG3,14.85
2023-03-06,CSNA3,17.54
2023-03-06,CURY3,12.4
2023-03-06,CXSE3,8.55
2023-03-06,CYRE3,15.03
2023-03-06,DIRR3,15.08
2023-03-06,EGIE3,39.57
2023-03-06,ELET3,33.0
2023-03-06,EMBR3,18.0
2023-03-06,ENEV3,11.2
2023-03-06,ENGI11,38.64
2023-03-06,EQTL3,25.49
2023-03-06,FLRY3,14.13
2023-03-06,GGBR4,28.48
2023-03-06,GOAU4,12.64
2023-03-06,HAPV3,2.72
2023-03-06,HYPE3,42.4
2023-03-06,IGTI11,18.5
2023-03-06,ITSA4,8.16
2023-03-06,ITUB4,24.76
2023-03-06,KLBN11,19.53
2023-03-06,LREN3,18.14
2023-03-06,MGLU3,3.19
2023-03-06,MRFG3,6.92
2023-03-06,MRVE3,5.74
2023-03-06,MULT3,24.1
2023-03-06,NTCO3,14.91
2023-03-06,PETR3,29.41
2023-03-06,PETR4,25.96
2023-03-06,POMO4,3.38
2023-03-06,PRIO3,34.63
2023-03-06,PSSA3,26.1
2023-03-06,RADL3,23.21
2023-03-06,RAIL3,18.06
2023-03-06,RDOR3,23.6
2023-03-06,RENT3,53.34
2023-03-06,SANB11,27.03
2023-03-06,SBSP3,51.54
2023-03-06,SMFT3,15.05
2023-03-06,SUZB3,47.78
2023-03-06,TAEE11,35.88
2023-03-06,TEND3,4.79
2023-03-06,TIMS3,12.09
2023-03-06,TOTS3,27.89
2023-03-06,UGPA3,13.39
2023-03-06,USIM5,7.12
2023-03-06,VALE3,86.15
2023-03-06,VAMO3,13.87
2023-03-06,VBBR3,14.95
2023-03-06,VIVA3,21.01
2023-03-06,VIVT3,38.71
2023-03-06,WEGE3,39.43
2023-03-06,YDUQ3,6.73
2023-03-07,ABEV3,13.43
2023-03-07,ASAI3,17.75
2023-03-07,AURE3,14.83
2023-03-07,B3SA3,11.05
2023-03-07,BBAS3,39.6
2023-03-07,BBDC3,11.89
2023-03-07,BBDC4,13.6
2023-03-07,BBSE3,34.87
2023-03-07,BEEF3,11.86
2023-03-07,BPAC11,19.35
2023-03-07,BRAP4,27.98
2023-03-07,CCRO3,11.05
2023-03-07,CEAB3,2.96
2023-03-07,CMIG4,10.53
2023-03-07,CMIN3,4.93
2023-03-07,COGN3,2.02
2023-03-07,CPFE3,29.92
2023-03-07,CPLE3,6.3
2023-03-07,CSAN3,15.22
2023-03-07,CSMG3,14.97
2023-03-07,CSNA3,17.3
2023-03-07,CURY3,12.16
2023-03-07,CXSE3,8.5
2023-03-07,CYRE3,15.28
2023-03-07,DIRR3,15.26
2023-03-07,EGIE3,40.45
2023-03-07,ELET3,32.28
2023-03-07,EMBR3,18.23
2023-03-07,ENEV3,11.37
2023-03-07,ENGI11,38.72
2023-03-07,EQTL3,25.5
2023-03-07,FLRY3,14.13
2023-03-07,GGBR4,28.09
2023-03-07,GOAU4,12.49
2023-03-07,HAPV3,2.68
2023-03-07,HYPE3,41.79
2023-03-07,IGTI11,18.73
2023-03-07,ITSA4,8.13
2023-03-07,ITUB4,24.83
2023-03-07,KLBN11,19.43
2023-03-07,LREN3,18.24
2023-03-07,MGLU3,3.22
2023-03-07,MRFG3,6.95
2023-03-07,MRVE3,5.69
2023-03-07,MULT3,24.22
2023-03-07,NTCO3,15.24
2023-03-07,PETR3,28.52
2023-03-07,PETR4,25.1
2023-03-07,POMO4,3.37
2023-03-07,PRIO3,33.59
2023-03-07,PSSA3,26.4
2023-03-07,RADL3,23.39
2023-03-07,RAIL3,18.37
2023-03-07,RDOR3,23.5
2023-03-07,RENT3,53.41
2023-03-07,SANB11,27.39
2023-03-07,SBSP3,51.9
2023-03-07,SMFT3,14.92
2023-03-07,SUZB3,47.75
2023-03-07,TAEE11,35.95
2023-03-07,TEND3,4.67
2023-03-07,TIMS3,12.25
2023-03-07,TOTS3,27.59
2023-03-07,UGPA3,13.2
2023-03-07,USIM5,7.03
2023-03-07,VALE3,85.33
2023-03-07,VAMO3,14.02
2023-03-07,VBBR3,14.73
2023-03-07,VIVA3,21.34
2023-03-07,VIVT3,39.22
2023-03-07,WEGE3,39.59
2023-03-07,YDUQ3,6.74
2023-03-08,ABEV3,13.62
2023-03-08,ASAI3,18.04
2023-03-08,AURE3,14.85
2023-03-08,B3SA3,11.65
2023-03-08,BBAS3,40.0
2023-03-08,BBDC3,12.2
2023-03-08,BBDC4,14.02
2023-03-08,BBSE3,34.86
2023-03-08,BEEF3,11.89
2023-03-08,BPAC11,20.71
2023-03-08,BRAP4,28.28
2023-03-08,CCRO3,11.62
2023-03-08,CEAB3,3.11
2023-03-08,CMIG4,10.74
2023-03-08,CMIN3,5.08
2023-03-08,COGN3,2.2
2023-03-08,CPFE3,30.65
2023-03-08,CPLE3,6.36
2023-03-08,CSAN3,15.5
2023-03-08,CSMG3,15.19
2023-03-08,CSNA3,17.99
2023-03-08,CURY3,12.43
2023-03-08,CXSE3,8.52
2023-03-08,CYRE3,15.96
2023-03-08,DIRR3,15.53
2023-03-08,EGIE3,40.4
2023-03-08,ELET3,33.07
2023-03-08,EMBR3,18.15
2023-03-08,ENEV3,11.84
2023-03-08,ENGI11,39.81
2023-03-08,EQTL3,26.05
2023-03-08,FLRY3,14.67
2023-03-08,GGBR4,28.62
2023-03-08,GOAU4,12.71
2023-03-08,HAPV3,2.92
2023-03-08,HYPE3,42.32
2023-03-08,IGTI11,19.27
2023-03-08,ITSA4,8.3
2023-03-08,ITUB4,25.14
2023-03-08,KLBN11,19.7
2023-03-08,LREN3,19.6
2023-03-08,MGLU3,3.43
2023-03-08,MRFG3,6.99
2023-03-08,MRVE3,5.96
2023-03-08,MULT3,25.24
2023-03-08,NTCO3,15.45
2023-03-08,PETR3,28.96
2023-03-08,PETR4,25.42
2023-03-08,POMO4,3.37
2023-03-08,PRIO3,34.47
2023-03-08,PSSA3,26.75
2023-03-08,RADL3,24.3
2023-03-08,RAIL3,19.0
2023-03-08,RDOR3,24.9
2023-03-08,RENT3,56.0
2023-03-08,SANB11,27.48
2023-03-08,SBSP3,53.16
2023-03-08,SMFT3,15.81
2023-03-08,SUZB3,47.44
2023-03-08,TAEE11,36.14
2023-03-08,TEND3,4.95
2023-03-08,TIMS3,12.41
2023-03-08,TOTS3,28.03
2023-03-08,UGPA3,13.77
2023-03-08,USIM5,7.29
2023-03-08,VALE3,86.11
2023-03-08,VAMO3,14.5
2023-03-08,VBBR3,15.18
2023-03-08,VIVA3,22.38
2023-03-08,VIVT3,39.04
2023-03-08,WEGE3,40.16
2023-03-08,YDUQ3,7.56
2023-03-09,ABEV3,13.6
2023-03-09,ASAI3,17.87
2023-03-09,AURE3,14.78
2023-03-09,B3SA3,11.58
2023-03-09,BBAS3,39.13
2023-03-09,BBDC3,12.14
2023-03-09,BBDC4,13.97
2023-03-09,BBSE3,34.58
2023-03-09,BEEF3,11.77
2023-03-09,BPAC11,20.64
2023-03-09,BRAP4,27.61
2023-03-09,CCRO3,11.71
2023-03-09,CEAB3,3.0
2023-03-09,CMIG4,10.47
2023-03-09,CMIN3,4.83
2023-03-09,COGN3,2.22
2023-03-09,CPFE3,30.53
2023-03-09,CPLE3,6.15
2023-03-09,CSAN3,15.47
2023-03-09,CSMG3,15.08
2023-03-09,CSNA3,16.54
2023-03-09,CURY3,12.66
2023-03-09,CXSE3,8.63
2023-03-09,CYRE3,16.41
2023-03-09,DIRR3,15.6
2023-03-09,EGIE3,41.3
2023-03-09,ELET3,32.08
2023-03-09,EMBR3,17.98
2023-03-09,ENEV3,11.88
2023-03-09,ENGI11,39.79
2023-03-09,EQTL3,26.12
2023-03-09,FLRY3,14.78
2023-03-09,GGBR4,27.38
2023-03-09,GOAU4,12.15
2023-03-09,HAPV3,1.94
2023-03-09,HYPE3,41.2
2023-03-09,IGTI11,19.01
2023-03-09,ITSA4,8.21
2023-03-09,ITUB4,24.66
2023-03-09,KLBN11,19.42
2023-03-09,LREN3,19.33
2023-03-09,MGLU3,3.39
2023-03-09,MRFG3,7.03
2023-03-09,MRVE3,6.34
2023-03-09,MULT3,25.02
2023-03-09,NTCO3,15.0
2023-03-09,PETR3,28.6
2023-03-09,PETR4,25.31
2023-03-09,POMO4,3.5
2023-03-09,PRIO3,33.43
2023-03-09,PSSA3,26.87
2023-03-09,RADL3,24.0
2023-03-09,RAIL3,19.08
2023-03-09,RDOR3,24.56
2023-03-09,RENT3,55.96
2023-03-09,SANB11,27.11
2023-03-09,SBSP3,52.13
2023-03-09,SMFT3,15.99
2023-03-09,SUZB3,46.47
2023-03-09,TAEE11,35.9
2023-03-09,TEND3,5.07
2023-03-09,TIMS3,12.3
2023-03-09,TOTS3,27.7
2023-03-09,UGPA3,13.66
2023-03-09,USIM5,7.12
2023-03-09,VALE3,84.98
2023-03-09,VAMO3,14.53
2023-03-09,VBBR3,15.28
2023-03-09,VIVA3,22.53
2023-03-09,VIVT3,39.39
2023-03-09,WEGE3,39.86
2023-03-09,YDUQ3,7.57
2023-03-10,ABEV3,13.51
2023-03-10,ASAI3,16.87
2023-03-10,AURE3,14.78
2023-03-10,B3SA3,11.26
2023-03-10,BBAS3,38.39
2023-03-10,BBDC3,11.82
2023-03-10,BBDC4,13.57
2023-03-10,BBSE3,34.01
2023-03-10,BEEF3,11.68
2023-03-10,BPAC11,19.99
2023-03-10,BRAP4,27.25
2023-03-10,CCRO3,11.55
2023-03-10,CEAB3,2.98
2023-03-10,CMIG4,10.51
2023-03-10,CMIN3,4.75
2023-03-10,COGN3,2.13
2023-03-10,CPFE3,30.36
2023-03-10,CPLE3,6.15
2023-03-10,CSAN3,14.98
2023-03-10,CSMG3,15.05
2023-03-10,CSNA3,15.92
2023-03-10,CURY3,12.9
2023-03-10,CXSE3,8.5
2023-03-10,CYRE3,15.92
2023-03-10,DIRR3,15.82
2023-03-10,EGIE3,40.93
2023-03-10,ELET3,31.82
2023-03-10,EMBR3,19.0
2023-03-10,ENEV3,11.76
2023-03-10,ENGI11,39.28
2023-03-10,EQTL3,26.16
2023-03-10,FLRY3,14.5
2023-03-10,GGBR4,26.99
2023-03-10,GOAU4,11.97
2023-03-10,HAPV3,2.47
2023-03-10,HYPE3,40.45
2023-03-10,IGTI11,18.97
2023-03-10,ITSA4,8.07
2023-03-10,ITUB4,24.07
2023-03-10,KLBN11,19.19
2023-03-10,LREN3,18.93
2023-03-10,MGLU3,3.4
2023-03-10,MRFG3,6.83
2023-03-10,MRVE3,6.43
2023-03-10,MULT3,25.07
2023-03-10,NTCO3,14.64
2023-03-10,PETR3,28.4
2023-03-10,PETR4,24.98
2023-03-10,POMO4,3.46
2023-03-10,PRIO3,33.21
2023-03-10,PSSA3,26.17
2023-03-10,RADL3,23.99
2023-03-10,RAIL3,19.02
2023-03-10,RDOR3,23.34
2023-03-10,RENT3,54.91
2023-03-10,SANB11,26.62
2023-03-10,SBSP3,50.81
2023-03-10,SMFT3,15.56
2023-03-10,SUZB3,45.07
2023-03-10,TAEE11,35.98
2023-03-10,TEND3,5.55
2023-03-10,TIMS3,12.2
2023-03-10,TOTS3,27.4
2023-03-10,UGPA3,13.49
2023-03-10,USIM5,6.93
2023-03-10,VALE3,84.7
2023-03-10,VAMO3,14.4
2023-03-10,VBBR3,15.29
2023-03-10,VIVA3,22.1
2023-03-10,VIVT3,38.96
2023-03-10,WEGE3,39.54
2023-03-10,YDUQ3,7.28
2023-03-13,ABEV3,13.61
2023-03-13,ASAI3,16.69
2023-03-13,AURE3,14.89
2023-03-13,B3SA3,11.35
2023-03-13,BBAS3,38.15
2023-03-13,BBDC3,11.72
2023-03-13,BBDC4,13.42
2023-03-13,BBSE3,33.24
2023-03-13,BEEF3,11.53
2023-03-13,BPAC11,19.53
2023-03-13,BRAP4,27.42
2023-03-13,CCRO3,11.8
2023-03-13,CEAB3,3.1
2023-03-13,CMIG4,10.56
2023-03-13,CMIN3,4.89
2023-03-13,COGN3,2.19
2023-03-13,CPFE3,31.0
2023-03-13,CPLE3,6.12
2023-03-13,CSAN3,14.47
2023-03-13,CSMG3,15.62
2023-03-13,CSNA3,16.06
2023-03-13,CURY3,13.14
2023-03-13,CXSE3,8.39
2023-03-13,CYRE3,16.09
2023-03-13,DIRR3,16.14
2023-03-13,EGIE3,41.2
2023-03-13,ELET3,31.89
2023-03-13,EMBR3,18.8
2023-03-13,ENEV3,11.65
2023-03-13,ENGI11,39.51
2023-03-13,EQTL3,26.27
2023-03-13,FLRY3,14.59
2023-03-13,GGBR4,26.7
2023-03-13,GOAU4,11.87
2023-03-13,HAPV3,2.5
2023-03-13,HYPE3,40.46
2023-03-13,IGTI11,18.95
2023-03-13,ITSA4,7.95
2023-03-13,ITUB4,23.78
2023-03-13,KLBN11,18.72
2023-03-13,LREN3,19.22
2023-03-13,MGLU3,3.72
2023-03-13,MRFG3,6.83
2023-03-13,MRVE3,6.9
2023-03-13,MULT3,24.65
2023-03-13,NTCO3,14.81
2023-03-13,PETR3,27.5
2023-03-13,PETR4,24.19
2023-03-13,POMO4,3.44
2023-03-13,PRIO3,31.77
2023-03-13,PSSA3,25.3
2023-03-13,RADL3,24.17
2023-03-13,RAIL3,18.96
2023-03-13,RDOR3,23.65
2023-03-13,RENT3,54.74
2023-03-13,SANB11,26.34
2023-03-13,SBSP3,51.78
2023-03-13,SMFT3,15.47
2023-03-13,SUZB3,44.58
2023-03-13,TAEE11,36.35
2023-03-13,TEND3,5.95
2023-03-13,TIMS3,12.51
2023-03-13,TOTS3,28.05
2023-03-13,UGPA3,13.23
2023-03-13,USIM5,6.93
2023-03-13,VALE3,85.05
2023-03-13,VAMO3,14.43
2023-03-13,VBBR3,15.07
2023-03-13,VIVA3,22.11
2023-03-13,VIVT3,39.07
2023-03-13,WEGE3,39.79
2023-03-13,YDUQ3,7.38
2023-03-14,ABEV3,13.95
2023-03-14,ASAI3,16.56
2023-03-14,AURE3,15.01
2023-03-14,B3SA3,11.44
2023-03-14,BBAS3,37.51
2023-03-14,BBDC3,11.64
2023-03-14,BBDC4,13.34
2023-03-14,BBSE3,33.25
2023-03-14,BEEF3,11.26
2023-03-14,BPAC11,19.5
2023-03-14,BRAP4,27.5
2023-03-14,CCRO3,11.73
2023-03-14,CEAB3,2.87
2023-03-14,CMIG4,10.75
2023-03-14,CMIN3,4.86
2023-03-14,COGN3,2.18
2023-03-14,CPFE3,31.75
2023-03-14,CPLE3,6.19
2023-03-14,CSAN3,14.57
2023-03-14,CSMG3,16.08
2023-03-14,CSNA3,15.72
2023-03-14,CURY3,12.69
2023-03-14,CXSE3,8.36
2023-03-14,CYRE3,15.7
2023-03-14,DIRR3,15.75
2023-03-14,EGIE3,41.59
2023-03-14,ELET3,32.28
2023-03-14,EMBR3,19.53
2023-03-14,ENEV3,11.37
2023-03-14,ENGI11,39.66
2023-03-14,EQTL3,26.08
2023-03-14,FLRY3,14.41
2023-03-14,GGBR4,27.05
2023-03-14,GOAU4,12.06
2023-03-14,HAPV3,2.48
2023-03-14,HYPE3,40.67
2023-03-14,IGTI11,19.09
2023-03-14,ITSA4,7.95
2023-03-14,ITUB4,23.7
2023-03-14,KLBN11,18.44
2023-03-14,LREN3,18.47
2023-03-14,MGLU3,3.73
2023-03-14,MRFG3,6.78
2023-03-14,MRVE3,6.95
2023-03-14,MULT3,24.76
2023-03-14,NTCO3,12.22
2023-03-14,PETR3,27.01
2023-03-14,PETR4,23.76
2023-03-14,POMO4,3.41
2023-03-14,PRIO3,32.21
2023-03-14,PSSA3,24.93
2023-03-14,RADL3,24.4
2023-03-14,RAIL3,18.57
2023-03-14,RDOR3,22.45
2023-03-14,RENT3,52.51
2023-03-14,SANB11,26.43
2023-03-14,SBSP3,52.48
2023-03-14,SMFT3,15.1
2023-03-14,SUZB3,44.97
2023-03-14,TAEE11,36.6
2023-03-14,TEND3,6.04
2023-03-14,TIMS3,12.78
2023-03-14,TOTS3,28.54
2023-03-14,UGPA3,13.21
2023-03-14,USIM5,7.01
2023-03-14,VALE3,83.98
2023-03-14,VAMO3,13.92
2023-03-14,VBBR3,14.92
2023-03-14,VIVA3,21.6
2023-03-14,VIVT3,39.43
2023-03-14,WEGE3,40.26
2023-03-14,YDUQ3,7.22
2023-03-15,ABEV3,14.02
2023-03-15,ASAI3,16.74
2023-03-15,AURE3,15.0
2023-03-15,B3SA3,11.54
2023-03-15,BBAS3,37.55
2023-03-15,BBDC3,11.86
2023-03-15,BBDC4,13.53
2023-03-15,BBSE3,32.85
2023-03-15,BEEF3,11.09
2023-03-15,BPAC11,19.58
2023-03-15,BRAP4,26.78
2023-03-15,CCRO3,11.8
2023-03-15,CEAB3,3.0
2023-03-15,CMIG4,10.92
2023-03-15,CMIN3,4.69
2023-03-15,COGN3,2.28
2023-03-15,CPFE3,32.18
2023-03-15,CPLE3,6.3
2023-03-15,CSAN3,14.34
2023-03-15,CSMG3,16.29
2023-03-15,CSNA3,14.77
2023-03-15,CURY3,13.09
2023-03-15,CXSE3,8.4
2023-03-15,CYRE3,15.69
2023-03-15,DIRR3,16.56
2023-03-15,EGIE3,42.07
2023-03-15,ELET3,33.86
2023-03-15,EMBR3,19.51
2023-03-15,ENEV3,11.73
2023-03-15,ENGI11,40.3
2023-03-15,EQTL3,27.04
2023-03-15,FLRY3,14.57
2023-03-15,GGBR4,25.6
2023-03-15,GOAU4,11.47
2023-03-15,HAPV3,2.52
2023-03-15,HYPE3,41.15
2023-03-15,IGTI11,19.6
2023-03-15,ITSA4,7.98
2023-03-15,ITUB4,23.64
2023-03-15,KLBN11,17.92
2023-03-15,LREN3,18.54
2023-03-15,MGLU3,3.81
2023-03-15,MRFG3,6.87
2023-03-15,MRVE3,7.45
2023-03-15,MULT3,25.4
2023-03-15,NTCO3,13.03
2023-03-15,PETR3,26.35
2023-03-15,PETR4,23.34
2023-03-15,POMO4,3.37
2023-03-15,PRIO3,31.15
2023-03-15,PSSA3,24.96
2023-03-15,RADL3,24.5
2023-03-15,RAIL3,18.49
2023-03-15,RDOR3,23.77
2023-03-15,RENT3,52.9
2023-03-15,SANB11,26.38
2023-03-15,SBSP3,53.37
2023-03-15,SMFT3,15.47
2023-03-15,SUZB3,44.22
2023-03-15,TAEE11,37.25
2023-03-15,TEND3,6.3
2023-03-15,TIMS3,12.96
2023-03-15,TOTS3,28.83
2023-03-15,UGPA3,13.12
2023-03-15,USIM5,6.89
2023-03-15,VALE3,81.45
2023-03-15,VAMO3,14.11
2023-03-15,VBBR3,14.91
2023-03-15,VIVA3,22.27
2023-03-15,VIVT3,40.08
2023-03-15,WEGE3,40.07
2023-03-15,YDUQ3,7.36
2023-03-16,ABEV3,14.26
2023-03-16,ASAI3,16.25
2023-03-16,AURE3,14.9
2023-03-16,B3SA3,11.86
2023-03-16,BBAS3,37.95
2023-03-16,BBDC3,12.04
2023-03-16,BBDC4,13.91
2023-03-16,BBSE3,33.0
2023-03-16,BEEF3,11.33
2023-03-16,BPAC11,20.34
2023-03-16,BRAP4,26.71
2023-03-16,CCRO3,11.91
2023-03-16,CEAB3,2.98
2023-03-16,CMIG4,10.84
2023-03-16,CMIN3,4.68
2023-03-16,COGN3,2.26
2023-03-16,CPFE3,31.41
2023-03-16,CPLE3,6.2
2023-03-16,CSAN3,14.29
2023-03-16,CSMG3,15.95
2023-03-16,CSNA3,14.78
2023-03-16,CURY3,13.29
2023-03-16,CXSE3,8.39
2023-03-16,CYRE3,15.93
2023-03-16,DIRR3,16.7
2023-03-16,EGIE3,40.91
2023-03-16,ELET3,33.7
2023-03-16,EMBR3,19.99
2023-03-16,ENEV3,11.37
2023-03-16,ENGI11,39.98
2023-03-16,EQTL3,26.76
2023-03-16,FLRY3,14.84
2023-03-16,GGBR4,25.87
2023-03-16,GOAU4,11.56
2023-03-16,HAPV3,2.64
2023-03-16,HYPE3,41.57
2023-03-16,IGTI11,19.71
2023-03-16,ITSA4,8.04
2023-03-16,ITUB4,24.03
2023-03-16,KLBN11,18.0
2023-03-16,LREN3,18.7
2023-03-16,MGLU3,3.89
2023-03-16,MRFG3,7.1
2023-03-16,MRVE3,7.66
2023-03-16,MULT3,25.13
2023-03-16,NTCO3,13.55
2023-03-16,PETR3,26.25
2023-03-16,PETR4,23.26
2023-03-16,POMO4,3.35
2023-03-16,PRIO3,31.7
2023-03-16,PSSA3,24.78
2023-03-16,RADL3,24.42
2023-03-16,RAIL3,18.65
2023-03-16,RDOR3,23.25
2023-03-16,RENT3,55.79
2023-03-16,SANB11,26.69
2023-03-16,SBSP3,53.5
2023-03-16,SMFT3,16.75
2023-03-16,SUZB3,43.99
2023-03-16,TAEE11,35.75
2023-03-16,TEND3,6.15
2023-03-16,TIMS3,12.77
2023-03-16,TOTS3,28.95
2023-03-16,UGPA3,13.34
2023-03-16,USIM5,6.99
2023-03-16,VALE3,81.75
2023-03-16,VAMO3,14.23
2023-03-16,VBBR3,14.83
2023-03-16,VIVA3,22.24
2023-03-16,VIVT3,40.17
2023-03-16,WEGE3,40.3
2023-03-16,YDUQ3,7.36
2023-03-17,ABEV3,14.22
2023-03-17,ASAI3,15.92
2023-03-17,AURE3,14.56
2023-03-17,B3SA3,11.3
2023-03-17,BBAS3,37.3
2023-03-17,BBDC3,11.66
2023-03-17,BBDC4,13.33
2023-03-17,BBSE3,32.42
2023-03-17,BEEF3,11.7
2023-03-17,BPAC11,19.9
2023-03-17,BRAP4,26.82
2023-03-17,CCRO3,11.92
2023-03-17,CEAB3,2.84
2023-03-17,CMIG4,10.52
2023-03-17,CMIN3,4.62
2023-03-17,COGN3,2.23
2023-03-17,CPFE3,29.35
2023-03-17,CPLE3,5.92
2023-03-17,CSAN3,14.18
2023-03-17,CSMG3,15.76
2023-03-17,CSNA3,14.6
2023-03-17,CURY3,12.92
2023-03-17,CXSE3,8.33
2023-03-17,CYRE3,14.74
2023-03-17,DIRR3,16.16
2023-03-17,EGIE3,40.0
2023-03-17,ELET3,32.25
2023-03-17,EMBR3,20.17
2023-03-17,ENEV3,11.5
2023-03-17,ENGI11,37.41
2023-03-17,EQTL3,25.42
2023-03-17,FLRY3,14.51
2023-03-17,GGBR4,25.5
2023-03-17,GOAU4,11.39
2023-03-17,HAPV3,2.37
2023-03-17,HYPE3,40.99
2023-03-17,IGTI11,19.57
2023-03-17,ITSA4,7.86
2023-03-17,ITUB4,23.34
2023-03-17,KLBN11,18.18
2023-03-17,LREN3,18.07
2023-03-17,MGLU3,3.78
2023-03-17,MRFG3,7.33
2023-03-17,MRVE3,7.26
2023-03-17,MULT3,24.34
2023-03-17,NTCO3,13.66
2023-03-17,PETR3,26.36
2023-03-17,PETR4,23.51
2023-03-17,POMO4,3.26
2023-03-17,PRIO3,31.37
2023-03-17,PSSA3,24.54
2023-03-17,RADL3,23.77
2023-03-17,RAIL3,18.78
2023-03-17,RDOR3,21.98
2023-03-17,RENT3,53.74
2023-03-17,SANB11,25.63
2023-03-17,SBSP3,51.75
2023-03-17,SMFT3,16.47
2023-03-17,SUZB3,43.59
2023-03-17,TAEE11,35.48
2023-03-17,TEND3,5.99
2023-03-17,TIMS3,12.79
2023-03-17,TOTS3,28.51
2023-03-17,UGPA3,13.29
2023-03-17,USIM5,6.94
2023-03-17,VALE3,82.73
2023-03-17,VAMO3,13.41
2023-03-17,VBBR3,14.41
2023-03-17,VIVA3,22.5
2023-03-17,VIVT3,38.76
2023-03-17,WEGE3,39.87
2023-03-17,YDUQ3,7.57
2023-03-20,ABEV3,14.12
2023-03-20,ASAI3,16.05
2023-03-20,AURE3,14.45
2023-03-20,B3SA3,11.18
2023-03-20,BBAS3,37.09
2023-03-20,BBDC3,11.62
2023-03-20,BBDC4,13.1
2023-03-20,BBSE3,32.25
2023-03-20,BEEF3,11.2
2023-03-20,BPAC11,19.38
2023-03-20,BRAP4,27.06
2023-03-20,CCRO3,11.72
2023-03-20,CEAB3,2.73
2023-03-20,CMIG4,10.48
2023-03-20,CMIN3,4.69
2023-03-20,COGN3,2.16
2023-03-20,CPFE3,29.36
2023-03-20,CPLE3,5.98
2023-03-20,CSAN3,14.15
2023-03-20,CSMG3,15.48
2023-03-20,CSNA3,14.33
2023-03-20,CURY3,12.59
2023-03-20,CXSE3,8.26
2023-03-20,CYRE3,14.25
2023-03-20,DIRR3,15.49
2023-03-20,EGIE3,39.95
2023-03-20,ELET3,31.94
2023-03-20,EMBR3,19.95
2023-03-20,ENEV3,10.94
2023-03-20,ENGI11,37.28
2023-03-20,EQTL3,25.19
2023-03-20,FLRY3,13.97
2023-03-20,GGBR4,25.35
2023-03-20,GOAU4,11.37
2023-03-20,HAPV3,2.18
2023-03-20,HYPE3,40.81
2023-03-20,IGTI11,19.02
2023-03-20,ITSA4,7.91
2023-03-20,ITUB4,23.4
2023-03-20,KLBN11,18.06
2023-03-20,LREN3,17.46
2023-03-20,MGLU3,3.71
2023-03-20,MRFG3,7.14
2023-03-20,MRVE3,7.12
2023-03-20,MULT3,23.83
2023-03-20,NTCO3,12.95
2023-03-20,PETR3,25.74
2023-03-20,PETR4,22.93
2023-03-20,POMO4,3.23
2023-03-20,PRIO3,30.99
2023-03-20,PSSA3,24.03
2023-03-20,RADL3,23.6
2023-03-20,RAIL3,18.51
2023-03-20,RDOR3,21.54
2023-03-20,RENT3,53.06
2023-03-20,SANB11,25.61
2023-03-20,SBSP3,50.48
2023-03-20,SMFT3,15.93
2023-03-20,SUZB3,43.23
2023-03-20,TAEE11,35.55
2023-03-20,TEND3,5.72
2023-03-20,TIMS3,12.67
2023-03-20,TOTS3,27.81
2023-03-20,UGPA3,13.23
2023-03-20,USIM5,6.85
2023-03-20,VALE3,83.41
2023-03-20,VAMO3,12.99
2023-03-20,VBBR3,14.08
2023-03-20,VIVA3,22.2
2023-03-20,VIVT3,38.98
2023-03-20,WEGE3,39.7
2023-03-20,YDUQ3,7.11
2023-03-21,ABEV3,13.95
2023-03-21,ASAI3,16.13
2023-03-21,AURE3,14.48
2023-03-21,B3SA3,11.17
2023-03-21,BBAS3,37.53
2023-03-21,BBDC3,11.58
2023-03-21,BBDC4,13.14
2023-03-21,BBSE3,32.31
2023-03-21,BEEF3,11.27
2023-03-21,BPAC11,19.33
2023-03-21,BRAP4,26.61
2023-03-21,CCRO3,11.77
2023-03-21,CEAB3,2.73
2023-03-21,CMIG4,10.41
2023-03-21,CMIN3,4.5
2023-03-21,COGN3,2.14
2023-03-21,CPFE3,29.08
2023-03-21,CPLE3,5.88
2023-03-21,CSAN3,13.83
2023-03-21,CSMG3,15.27
2023-03-21,CSNA3,14.15
2023-03-21,CURY3,12.6
2023-03-21,CXSE3,8.4
2023-03-21,CYRE3,14.21
2023-03-21,DIRR3,15.69
2023-03-21,EGIE3,39.68
2023-03-21,ELET3,30.83
2023-03-21,EMBR3,20.28
2023-03-21,ENEV3,10.9
2023-03-21,ENGI11,36.99
2023-03-21,EQTL3,25.07
2023-03-21,FLRY3,14.44
2023-03-21,GGBR4,25.62
2023-03-21,GOAU4,11.44
2023-03-21,HAPV3,2.22
2023-03-21,HYPE3,40.33
2023-03-21,IGTI11,19.15
2023-03-21,ITSA4,8.0
2023-03-21,ITUB4,23.88
2023-03-21,KLBN11,18.06
2023-03-21,LREN3,17.6
2023-03-21,MGLU3,3.7
2023-03-21,MRFG3,7.03
2023-03-21,MRVE3,7.17
2023-03-21,MULT3,23.79
2023-03-21,NTCO3,13.04
2023-03-21,PETR3,26.31
2023-03-21,PETR4,23.4
2023-03-21,POMO4,3.19
2023-03-21,PRIO3,31.72
2023-03-21,PSSA3,23.98
2023-03-21,RADL3,23.72
2023-03-21,RAIL3,18.57
2023-03-21,RDOR3,21.61
2023-03-21,RENT3,52.07
2023-03-21,SANB11,25.96
2023-03-21,SBSP3,49.44
2023-03-21,SMFT3,15.99
2023-03-21,SUZB3,42.95
2023-03-21,TAEE11,34.85
2023-03-21,TEND3,5.55
2023-03-21,TIMS3,12.54
2023-03-21,TOTS3,27.95
2023-03-21,UGPA3,13.62
2023-03-21,USIM5,6.79
2023-03-21,VALE3,82.71
2023-03-21,VAMO3,12.96
2023-03-21,VBBR3,14.25
2023-03-21,VIVA3,21.93
2023-03-21,VIVT3,38.44
2023-03-21,WEGE3,39.96
2023-03-21,YDUQ3,7.35
2023-03-22,ABEV3,13.95
2023-03-22,ASAI3,15.21
2023-03-22,AURE3,14.47
2023-03-22,B3SA3,11.04
2023-03-22,BBAS3,37.62
2023-03-22,BBDC3,11.49
2023-03-22,BBDC4,13.02
2023-03-22,BBSE3,32.4
2023-03-22,BEEF3,11.3
2023-03-22,BPAC11,19.03
2023-03-22,BRAP4,26.51
2023-03-22,CCRO3,12.09
2023-03-22,CEAB3,2.71
2023-03-22,CMIG4,10.44
2023-03-22,CMIN3,4.52
2023-03-22,COGN3,2.14
2023-03-22,CPFE3,29.54
2023-03-22,CPLE3,5.95
2023-03-22,CSAN3,13.8
2023-03-22,CSMG3,16.06
2023-03-22,CSNA3,14.24
2023-03-22,CURY3,12.68
2023-03-22,CXSE3,8.51
2023-03-22,CYRE3,14.13
2023-03-22,DIRR3,15.95
2023-03-22,EGIE3,39.58
2023-03-22,ELET3,30.73
2023-03-22,EMBR3,20.18
2023-03-22,ENEV3,10.55
2023-03-22,ENGI11,36.49
2023-03-22,EQTL3,25.16
2023-03-22,FLRY3,14.33
2023-03-22,GGBR4,24.5
2023-03-22,GOAU4,11.48
2023-03-22,HAPV3,2.21
2023-03-22,HYPE3,40.02
2023-03-22,IGTI11,19.08
2023-03-22,ITSA4,7.9
2023-03-22,ITUB4,23.74
2023-03-22,KLBN11,17.99
2023-03-22,LREN3,17.27
2023-03-22,MGLU3,3.59
2023-03-22,MRFG3,6.73
2023-03-22,MRVE3,7.5
2023-03-22,MULT3,24.1
2023-03-22,NTCO3,13.33
2023-03-22,PETR3,26.08
2023-03-22,PETR4,23.33
2023-03-22,POMO4,3.27
2023-03-22,PRIO3,31.35
2023-03-22,PSSA3,24.23
2023-03-22,RADL3,23.65
2023-03-22,RAIL3,18.42
2023-03-22,RDOR3,21.26
2023-03-22,RENT3,52.0
2023-03-22,SANB11,25.92
2023-03-22,SBSP3,49.6
2023-03-22,SMFT3,15.24
2023-03-22,SUZB3,42.88
2023-03-22,TAEE11,34.69
2023-03-22,TEND3,5.77
2023-03-22,TIMS3,12.6
2023-03-22,TOTS3,27.88
2023-03-22,UGPA3,13.58
2023-03-22,USIM5,6.8
2023-03-22,VALE3,81.68
2023-03-22,VAMO3,13.14
2023-03-22,VBBR3,13.33
2023-03-22,VIVA3,21.9
2023-03-22,VIVT3,38.32
2023-03-22,WEGE3,39.52
2023-03-22,YDUQ3,7.19
2023-03-23,ABEV3,13.78
2023-03-23,ASAI3,15.25
2023-03-23,AURE3,14.28
2023-03-23,B3SA3,10.42
2023-03-23,BBAS3,37.21
2023-03-23,BBDC3,11.24
2023-03-23,BBDC4,12.57
2023-03-23,BBSE3,32.65
2023-03-23,BEEF3,11.45
2023-03-23,BPAC11,18.29
2023-03-23,BRAP4,25.72
2023-03-23,CCRO3,11.57
2023-03-23,CEAB3,2.6
2023-03-23,CMIG4,10.52
2023-03-23,CMIN3,4.48
2023-03-23,COGN3,2.03
2023-03-23,CPFE3,29.17
2023-03-23,CPLE3,5.87
2023-03-23,CSAN3,13.64
2023-03-23,CSMG3,15.17
2023-03-23,CSNA3,13.79
2023-03-23,CURY3,12.06
2023-03-23,CXSE3,8.64
2023-03-23,CYRE3,13.26
2023-03-23,DIRR3,15.35
2023-03-23,EGIE3,39.38
2023-03-23,ELET3,30.53
2023-03-23,EMBR3,20.54
2023-03-23,ENEV3,10.16
2023-03-23,ENGI11,36.57
2023-03-23,EQTL3,24.53
2023-03-23,FLRY3,14.23
2023-03-23,GGBR4,24.3
2023-03-23,GOAU4,11.36
2023-03-23,HAPV3,2.07
2023-03-23,HYPE3,39.47
2023-03-23,IGTI11,18.33
2023-03-23,ITSA4,7.78
2023-03-23,ITUB4,23.15
2023-03-23,KLBN11,18.06
2023-03-23,LREN3,16.82
2023-03-23,MGLU3,3.11
2023-03-23,MRFG3,6.37
2023-03-23,MRVE3,6.99
2023-03-23,MULT3,23.44
2023-03-23,NTCO3,13.33
2023-03-23,PETR3,25.57
2023-03-23,PETR4,22.8
2023-03-23,POMO4,3.25
2023-03-23,PRIO3,29.93
2023-03-23,PSSA3,24.12
2023-03-23,RADL3,23.57
2023-03-23,RAIL3,17.83
2023-03-23,RDOR3,20.75
2023-03-23,RENT3,50.06
2023-03-23,SANB11,25.52
2023-03-23,SBSP3,48.21
2023-03-23,SMFT3,13.81
2023-03-23,SUZB3,42.24
2023-03-23,TAEE11,34.5
2023-03-23,TEND3,4.86
2023-03-23,TIMS3,12.69
2023-03-23,TOTS3,26.3
2023-03-23,UGPA3,13.16
2023-03-23,USIM5,6.64
2023-03-23,VALE3,79.58
2023-03-23,VAMO3,12.28
2023-03-23,VBBR3,12.93
2023-03-23,VIVA3,21.07
2023-03-23,VIVT3,38.53
2023-03-23,WEGE3,39.89
2023-03-23,YDUQ3,6.55
2023-03-24,ABEV3,13.89
2023-03-24,ASAI3,14.95
2023-03-24,AURE3,14.43
2023-03-24,B3SA3,10.56
2023-03-24,BBAS3,37.59
2023-03-24,BBDC3,11.4
2023-03-24,BBDC4,12.71
2023-03-24,BBSE3,33.07
2023-03-24,BEEF3,11.52
2023-03-24,BPAC11,18.58
2023-03-24,BRAP4,25.71
2023-03-24,CCRO3,11.81
2023-03-24,CEAB3,2.57
2023-03-24,CMIG4,10.63
2023-03-24,CMIN3,4.54
2023-03-24,COGN3,1.85
2023-03-24,CPFE3,29.82
2023-03-24,CPLE3,6.03
2023-03-24,CSAN3,13.99
2023-03-24,CSMG3,15.61
2023-03-24,CSNA3,13.77
2023-03-24,CURY3,12.61
2023-03-24,CXSE3,8.62
2023-03-24,CYRE3,13.11
2023-03-24,DIRR3,15.91
2023-03-24,EGIE3,39.8
2023-03-24,ELET3,30.99
2023-03-24,EMBR3,20.5
2023-03-24,ENEV3,10.54
2023-03-24,ENGI11,37.39
2023-03-24,EQTL3,25.37
2023-03-24,FLRY3,14.6
2023-03-24,GGBR4,24.59
2023-03-24,GOAU4,11.55
2023-03-24,HAPV3,2.25
2023-03-24,HYPE3,39.67
2023-03-24,IGTI11,18.97
2023-03-24,ITSA4,7.85
2023-03-24,ITUB4,23.22
2023-03-24,KLBN11,18.31
2023-03-24,LREN3,16.99
2023-03-24,MGLU3,3.23
2023-03-24,MRFG3,6.6
2023-03-24,MRVE3,7.1
2023-03-24,MULT3,24.05
2023-03-24,NTCO3,13.63
2023-03-24,PETR3,25.66
2023-03-24,PETR4,22.79
2023-03-24,POMO4,3.26
2023-03-24,PRIO3,30.28
2023-03-24,PSSA3,24.13
2023-03-24,RADL3,24.0
2023-03-24,RAIL3,18.15
2023-03-24,RDOR3,21.1
2023-03-24,RENT3,51.29
2023-03-24,SANB11,25.85
2023-03-24,SBSP3,47.32
2023-03-24,SMFT3,13.43
2023-03-24,SUZB3,42.63
2023-03-24,TAEE11,35.0
2023-03-24,TEND3,4.76
2023-03-24,TIMS3,12.7
2023-03-24,TOTS3,27.07
2023-03-24,UGPA3,13.09
2023-03-24,USIM5,6.62
2023-03-24,VALE3,78.67
2023-03-24,VAMO3,12.72
2023-03-24,VBBR3,13.03
2023-03-24,VIVA3,21.97
2023-03-24,VIVT3,39.13
2023-03-24,WEGE3,40.51
2023-03-24,YDUQ3,7.23
2023-03-27,ABEV3,13.93
2023-03-27,ASAI3,15.18
2023-03-27,AURE3,14.41
2023-03-27,B3SA3,10.59
2023-03-27,BBAS3,37.61
2023-03-27,BBDC3,11.55
2023-03-27,BBDC4,12.94
2023-03-27,BBSE3,32.79
2023-03-27,BEEF3,11.36
2023-03-27,BPAC11,18.82
2023-03-27,BRAP4,25.71
2023-03-27,CCRO3,11.89
2023-03-27,CEAB3,2.73
2023-03-27,CMIG4,10.89
2023-03-27,CMIN3,4.49
2023-03-27,COGN3,1.81
2023-03-27,CPFE3,30.09
2023-03-27,CPLE3,6.13
2023-03-27,CSAN3,14.22
2023-03-27,CSMG3,15.84
2023-03-27,CSNA3,13.85
2023-03-27,CURY3,12.69
2023-03-27,CXSE3,8.73
2023-03-27,CYRE3,13.61
2023-03-27,DIRR3,16.12
2023-03-27,EGIE3,39.79
2023-03-27,ELET3,31.9
2023-03-27,EMBR3,20.45
2023-03-27,ENEV3,10.32
2023-03-27,ENGI11,38.37
2023-03-27,EQTL3,25.99
2023-03-27,FLRY3,14.43
2023-03-27,GGBR4,24.68
2023-03-27,GOAU4,11.58
2023-03-27,HAPV3,2.22
2023-03-27,HYPE3,39.61
2023-03-27,IGTI11,19.38
2023-03-27,ITSA4,7.94
2023-03-27,ITUB4,23.62
2023-03-27,KLBN11,17.83
2023-03-27,LREN3,17.28
2023-03-27,MGLU3,3.34
2023-03-27,MRFG3,6.6
2023-03-27,MRVE3,7.07
2023-03-27,MULT3,24.18
2023-03-27,NTCO3,13.59
2023-03-27,PETR3,26.05
2023-03-27,PETR4,23.18
2023-03-27,POMO4,3.25
2023-03-27,PRIO3,31.62
2023-03-27,PSSA3,23.88
2023-03-27,RADL3,23.8
2023-03-27,RAIL3,18.33
2023-03-27,RDOR3,21.02
2023-03-27,RENT3,51.87
2023-03-27,SANB11,26.03
2023-03-27,SBSP3,48.64
2023-03-27,SMFT3,13.4
2023-03-27,SUZB3,41.99
2023-03-27,TAEE11,34.97
2023-03-27,TEND3,4.89
2023-03-27,TIMS3,12.79
2023-03-27,TOTS3,27.25
2023-03-27,UGPA3,13.35
2023-03-27,USIM5,6.62
2023-03-27,VALE3,78.54
2023-03-27,VAMO3,12.99
2023-03-27,VBBR3,13.43
2023-03-27,VIVA3,22.25
2023-03-27,VIVT3,39.32
2023-03-27,WEGE3,41.19
2023-03-27,YDUQ3,7.0
2023-03-28,ABEV3,14.59
2023-03-28,ASAI3,15.36
2023-03-28,AURE3,14.58
2023-03-28,B3SA3,10.68
2023-03-28,BBAS3,37.87
2023-03-28,BBDC3,11.49
2023-03-28,BBDC4,12.92
2023-03-28,BBSE3,33.36
2023-03-28,BEEF3,11.58
2023-03-28,BPAC11,19.21
2023-03-28,BRAP4,26.17
2023-03-28,CCRO3,12.12
2023-03-28,CEAB3,2.9
2023-03-28,CMIG4,10.94
2023-03-28,CMIN3,4.55
2023-03-28,COGN3,1.81
2023-03-28,CPFE3,31.34
2023-03-28,CPLE3,6.18
2023-03-28,CSAN3,14.6
2023-03-28,CSMG3,15.56
2023-03-28,CSNA3,14.42
2023-03-28,CURY3,12.92
2023-03-28,CXSE3,8.79
2023-03-28,CYRE3,13.57
2023-03-28,DIRR3,16.16
2023-03-28,EGIE3,39.81
2023-03-28,ELET3,33.49
2023-03-28,EMBR3,20.59
2023-03-28,ENEV3,10.58
2023-03-28,ENGI11,39.83
2023-03-28,EQTL3,26.68
2023-03-28,FLRY3,14.8
2023-03-28,GGBR4,24.77
2023-03-28,GOAU4,11.65
2023-03-28,HAPV3,2.63
2023-03-28,HYPE3,40.52
2023-03-28,IGTI11,19.45
2023-03-28,ITSA4,7.91
2023-03-28,ITUB4,23.73
2023-03-28,KLBN11,17.93
2023-03-28,LREN3,17.87
2023-03-28,MGLU3,3.38
2023-03-28,MRFG3,6.64
2023-03-28,MRVE3,6.87
2023-03-28,MULT3,24.52
2023-03-28,NTCO3,14.2
2023-03-28,PETR3,26.5
2023-03-28,PETR4,23.59
2023-03-28,POMO4,3.2
2023-03-28,PRIO3,31.88
2023-03-28,PSSA3,24.05
2023-03-28,RADL3,24.48
2023-03-28,RAIL3,18.53
2023-03-28,RDOR3,20.0
2023-03-28,RENT3,53.45
2023-03-28,SANB11,25.98
2023-03-28,SBSP3,49.67
2023-03-28,SMFT3,13.61
2023-03-28,SUZB3,42.28
2023-03-28,TAEE11,35.03
2023-03-28,TEND3,4.87
2023-03-28,TIMS3,12.82
2023-03-28,TOTS3,27.61
2023-03-28,UGPA3,13.44
2023-03-28,USIM5,6.83
2023-03-28,VALE3,79.37
2023-03-28,VAMO3,13.22
2023-03-28,VBBR3,13.54
2023-03-28,VIVA3,22.79
2023-03-28,VIVT3,39.73
2023-03-28,WEGE3,41.37
2023-03-28,YDUQ3,6.91
2023-03-29,ABEV3,14.81
2023-03-29,ASAI3,15.43
2023-03-29,AURE3,14.51
2023-03-29,B3SA3,10.53
2023-03-29,BBAS3,38.31
2023-03-29,BBDC3,11.62
2023-03-29,BBDC4,12.99
2023-03-29,BBSE3,32.82
2023-03-29,BEEF3,11.37
2023-03-29,BPAC11,19.05
2023-03-29,BRAP4,26.5
2023-03-29,CCRO3,11.87
2023-03-29,CEAB3,2.81
2023-03-29,CMIG4,11.14
2023-03-29,CMIN3,4.59
2023-03-29,COGN3,1.76
2023-03-29,CPFE3,31.25
2023-03-29,CPLE3,6.15
2023-03-29,CSAN3,15.08
2023-03-29,CSMG3,15.52
2023-03-29,CSNA3,14.72
2023-03-29,CURY3,12.74
2023-03-29,CXSE3,8.79
2023-03-29,CYRE3,13.57
2023-03-29,DIRR3,15.75
2023-03-29,EGIE3,39.9
2023-03-29,ELET3,33.19
2023-03-29,EMBR3,21.05
2023-03-29,ENEV3,10.46
2023-03-29,ENGI11,39.15
2023-03-29,EQTL3,26.58
2023-03-29,FLRY3,14.53
2023-03-29,GGBR4,24.7
2023-03-29,GOAU4,11.67
2023-03-29,HAPV3,2.76
2023-03-29,HYPE3,40.65
2023-03-29,IGTI11,19.33
2023-03-29,ITSA4,7.99
2023-03-29,ITUB4,23.96
2023-03-29,KLBN11,18.18
2023-03-29,LREN3,17.0
2023-03-29,MGLU3,3.35
2023-03-29,MRFG3,6.62
2023-03-29,MRVE3,6.73
2023-03-29,MULT3,24.52
2023-03-29,NTCO3,13.93
2023-03-29,PETR3,26.78
2023-03-29,PETR4,23.9
2023-03-29,POMO4,3.22
2023-03-29,PRIO3,31.94
2023-03-29,PSSA3,23.68
2023-03-29,RADL3,24.39
2023-03-29,RAIL3,18.7
2023-03-29,RDOR3,20.42
2023-03-29,RENT3,53.12
2023-03-29,SANB11,25.98
2023-03-29,SBSP3,49.89
2023-03-29,SMFT3,13.3
2023-03-29,SUZB3,43.07
2023-03-29,TAEE11,34.92
2023-03-29,TEND3,4.72
2023-03-29,TIMS3,12.9
2023-03-29,TOTS3,27.82
2023-03-29,UGPA3,13.59
2023-03-29,USIM5,6.83
2023-03-29,VALE3,80.51
2023-03-29,VAMO3,13.4
2023-03-29,VBBR3,13.85
2023-03-29,VIVA3,22.34
2023-03-29,VIVT3,39.82
2023-03-29,WEGE3,41.73
2023-03-29,YDUQ3,6.81
2023-03-30,ABEV3,14.82
2023-03-30,ASAI3,15.97
2023-03-30,AURE3,14.56
2023-03-30,B3SA3,10.8
2023-03-30,BBAS3,39.01
2023-03-30,BBDC3,11.93
2023-03-30,BBDC4,13.38
2023-03-30,BBSE3,32.57
2023-03-30,BEEF3,11.14
2023-03-30,BPAC11,19.86
2023-03-30,BRAP4,27.11
2023-03-30,CCRO3,12.45
2023-03-30,CEAB3,2.89
2023-03-30,CMIG4,11.35
2023-03-30,CMIN3,4.78
2023-03-30,COGN3,1.82
2023-03-30,CPFE3,31.86
2023-03-30,CPLE3,6.27
2023-03-30,CSAN3,15.51
2023-03-30,CSMG3,15.88
2023-03-30,CSNA3,15.52
2023-03-30,CURY3,12.85
2023-03-30,CXSE3,8.8
2023-03-30,CYRE3,14.19
2023-03-30,DIRR3,16.01
2023-03-30,EGIE3,40.35
2023-03-30,ELET3,33.9
2023-03-30,EMBR3,20.98
2023-03-30,ENEV3,10.69
2023-03-30,ENGI11,39.93
2023-03-30,EQTL3,27.07
2023-03-30,FLRY3,14.82
2023-03-30,GGBR4,25.5
2023-03-30,GOAU4,11.97
2023-03-30,HAPV3,2.8
2023-03-30,HYPE3,39.58
2023-03-30,IGTI11,19.93
2023-03-30,ITSA4,8.16
2023-03-30,ITUB4,24.62
2023-03-30,KLBN11,18.26
2023-03-30,LREN3,17.64
2023-03-30,MGLU3,3.44
2023-03-30,MRFG3,6.78
2023-03-30,MRVE3,6.87
2023-03-30,MULT3,25.07
2023-03-30,NTCO3,13.64
2023-03-30,PETR3,27.08
2023-03-30,PETR4,23.97
2023-03-30,POMO4,3.29
2023-03-30,PRIO3,32.35
2023-03-30,PSSA3,23.67
2023-03-30,RADL3,24.92
2023-03-30,RAIL3,19.05
2023-03-30,RDOR3,22.25
2023-03-30,RENT3,55.02
2023-03-30,SANB11,26.71
2023-03-30,SBSP3,50.94
2023-03-30,SMFT3,13.65
2023-03-30,SUZB3,43.05
2023-03-30,TAEE11,34.85
2023-03-30,TEND3,4.91
2023-03-30,TIMS3,13.11
2023-03-30,TOTS3,28.58
2023-03-30,UGPA3,13.64
2023-03-30,USIM5,7.31
2023-03-30,VALE3,81.82
2023-03-30,VAMO3,13.85
2023-03-30,VBBR3,14.19
2023-03-30,VIVA3,23.17
2023-03-30,VIVT3,40.07
2023-03-30,WEGE3,41.86
2023-03-30,YDUQ3,7.29
2023-03-31,ABEV3,14.33
2023-03-31,ASAI3,15.54
2023-03-31,AURE3,14.67
2023-03-31,B3SA3,10.35
2023-03-31,BBAS3,39.11
2023-03-31,BBDC3,11.85
2023-03-31,BBDC4,13.17
2023-03-31,BBSE3,32.51
2023-03-31,BEEF3,10.54
2023-03-31,BPAC11,19.65
2023-03-31,BRAP4,26.82
2023-03-31,CCRO3,12.8
2023-03-31,CEAB3,2.79
2023-03-31,CMIG4,11.44
2023-03-31,CMIN3,4.84
2023-03-31,COGN3,1.87
2023-03-31,CPFE3,31.65
2023-03-31,CPLE3,6.24
2023-03-31,CSAN3,15.09
2023-03-31,CSMG3,15.73
2023-03-31,CSNA3,15.44
2023-03-31,CURY3,12.83
2023-03-31,CXSE3,8.8
2023-03-31,CYRE3,14.08
2023-03-31,DIRR3,15.98
2023-03-31,EGIE3,40.17
2023-03-31,ELET3,33.28
2023-03-31,EMBR3,20.79
2023-03-31,ENEV3,10.47
2023-03-31,ENGI11,40.18
2023-03-31,EQTL3,26.96
2023-03-31,FLRY3,14.52
2023-03-31,GGBR4,25.29
2023-03-31,GOAU4,11.83
2023-03-31,HAPV3,2.62
2023-03-31,HYPE3,37.7
2023-03-31,IGTI11,19.29
2023-03-31,ITSA4,8.22
2023-03-31,ITUB4,24.74
2023-03-31,KLBN11,18.09
2023-03-31,LREN3,16.57
2023-03-31,MGLU3,3.31
2023-03-31,MRFG3,6.64
2023-03-31,MRVE3,6.38
2023-03-31,MULT3,24.64
2023-03-31,NTCO3,13.2
2023-03-31,PETR3,26.49
2023-03-31,PETR4,23.45
2023-03-31,POMO4,3.18
2023-03-31,PRIO3,31.19
2023-03-31,PSSA3,23.52
2023-03-31,RADL3,24.45
2023-03-31,RAIL3,18.85
2023-03-31,RDOR3,21.24
2023-03-31,RENT3,53.4
2023-03-31,SANB11,26.8
2023-03-31,SBSP3,50.61
2023-03-31,SMFT3,13.34
2023-03-31,SUZB3,41.6
2023-03-31,TAEE11,34.83
2023-03-31,TEND3,4.79
2023-03-31,TIMS3,12.58
2023-03-31,TOTS3,28.16
2023-03-31,UGPA3,13.96
2023-03-31,USIM5,7.29
2023-03-31,VALE3,80.29
2023-03-31,VAMO3,13.35
2023-03-31,VBBR3,14.41
2023-03-31,VIVA3,22.1
2023-03-31,VIVT3,38.66
2023-03-31,WEGE3,40.55
2023-03-31,YDUQ3,7.05
2023-04-03,ABEV3,14.33
2023-04-03,ASAI3,14.77
2023-04-03,AURE3,14.48
2023-04-03,B3SA3,10.58
2023-04-03,BBAS3,38.65
2023-04-03,BBDC3,11.58
2023-04-03,BBDC4,12.84
2023-04-03,BBSE3,32.21
2023-04-03,BEEF3,10.12
2023-04-03,BPAC11,19.64
2023-04-03,BRAP4,26.88
2023-04-03,CCRO3,12.64
2023-04-03,CEAB3,2.84
2023-04-03,CMIG4,11.58
2023-04-03,CMIN3,4.72
2023-04-03,COGN3,1.8
2023-04-03,CPFE3,31.67
2023-04-03,CPLE3,6.19
2023-04-03,CSAN3,15.08
2023-04-03,CSMG3,16.09
2023-04-03,CSNA3,15.1
2023-04-03,CURY3,12.67
2023-04-03,CXSE3,8.56
2023-04-03,CYRE3,13.65
2023-04-03,DIRR3,15.79
2023-04-03,EGIE3,39.66
2023-04-03,ELET3,32.8
2023-04-03,EMBR3,20.66
2023-04-03,ENEV3,10.28
2023-04-03,ENGI11,39.94
2023-04-03,EQTL3,26.88
2023-04-03,FLRY3,14.15
2023-04-03,GGBR4,25.4
2023-04-03,GOAU4,11.92
2023-04-03,HAPV3,2.45
2023-04-03,HYPE3,36.41
2023-04-03,IGTI11,18.59
2023-04-03,ITSA4,8.09
2023-04-03,ITUB4,24.03
2023-04-03,KLBN11,18.23
2023-04-03,LREN3,15.41
2023-04-03,MGLU3,3.31
2023-04-03,MRFG3,6.3
2023-04-03,MRVE3,6.14
2023-04-03,MULT3,24.43
2023-04-03,NTCO3,13.57
2023-04-03,PETR3,27.75
2023-04-03,PETR4,24.49
2023-04-03,POMO4,3.17
2023-04-03,PRIO3,32.4
2023-04-03,PSSA3,22.76
2023-04-03,RADL3,23.88
2023-04-03,RAIL3,18.97
2023-04-03,RDOR3,20.86
2023-04-03,RENT3,52.1
2023-04-03,SANB11,26.3
2023-04-03,SBSP3,50.4
2023-04-03,SMFT3,13.18
2023-04-03,SUZB3,42.74
2023-04-03,TAEE11,34.65
2023-04-03,TEND3,4.7
2023-04-03,TIMS3,12.34
2023-04-03,TOTS3,28.18
2023-04-03,UGPA3,13.97
2023-04-03,USIM5,7.19
2023-04-03,VALE3,80.31
2023-04-03,VAMO3,12.9
2023-04-03,VBBR3,14.08
2023-04-03,VIVA3,21.49
2023-04-03,VIVT3,38.12
2023-04-03,WEGE3,39.59
2023-04-03,YDUQ3,6.93
2023-04-04,ABEV3,14.43
2023-04-04,ASAI3,14.67
2023-04-04,AURE3,14.6
2023-04-04,B3SA3,10.83
2023-04-04,BBAS3,39.29
2023-04-04,BBDC3,11.74
2023-04-04,BBDC4,13.11
2023-04-04,BBSE3,33.14
2023-04-04,BEEF3,10.1
2023-04-04,BPAC11,20.22
2023-04-04,BRAP4,26.42
2023-04-04,CCRO3,12.7
2023-04-04,CEAB3,2.65
2023-04-04,CMIG4,11.67
2023-04-04,CMIN3,4.61
2023-04-04,COGN3,1.78
2023-04-04,CPFE3,32.39
2023-04-04,CPLE3,6.34
2023-04-04,CSAN3,14.99
2023-04-04,CSMG3,16.64
2023-04-04,CSNA3,14.87
2023-04-04,CURY3,12.88
2023-04-04,CXSE3,8.78
2023-04-04,CYRE3,13.91
2023-04-04,DIRR3,16.21
2023-04-04,EGIE3,40.23
2023-04-04,ELET3,33.34
2023-04-04,EMBR3,20.81
2023-04-04,ENEV3,10.35
2023-04-04,ENGI11,41.29
2023-04-04,EQTL3,27.6
2023-04-04,FLRY3,14.14
2023-04-04,GGBR4,24.78
2023-04-04,GOAU4,11.67
2023-04-04,HAPV3,2.48
2023-04-04,HYPE3,37.88
2023-04-04,IGTI11,19.1
2023-04-04,ITSA4,8.15
2023-04-04,ITUB4,24.51
2023-04-04,KLBN11,18.31
2023-04-04,LREN3,15.39
2023-04-04,MGLU3,3.22
2023-04-04,MRFG3,6.37
2023-04-04,MRVE3,6.27
2023-04-04,MULT3,24.97
2023-04-04,NTCO3,13.11
2023-04-04,PETR3,27.36
2023-04-04,PETR4,24.27
2023-04-04,POMO4,3.24
2023-04-04,PRIO3,33.85
2023-04-04,PSSA3,23.41
2023-04-04,RADL3,24.5
2023-04-04,RAIL3,19.21
2023-04-04,RDOR3,21.81
2023-04-04,RENT3,53.19
2023-04-04,SANB11,26.57
2023-04-04,SBSP3,50.79
2023-04-04,SMFT3,13.75
2023-04-04,SUZB3,42.35
2023-04-04,TAEE11,35.18
2023-04-04,TEND3,4.66
2023-04-04,TIMS3,12.76
2023-04-04,TOTS3,29.12
2023-04-04,UGPA3,14.19
2023-04-04,USIM5,7.16
2023-04-04,VALE3,78.04
2023-04-04,VAMO3,12.89
2023-04-04,VBBR3,14.2
2023-04-04,VIVA3,21.73
2023-04-04,VIVT3,39.0
2023-04-04,WEGE3,39.63
2023-04-04,YDUQ3,6.96
2023-04-05,ABEV3,14.4
2023-04-05,ASAI3,13.97
2023-04-05,AURE3,14.67
2023-04-05,B3SA3,10.79
2023-04-05,BBAS3,39.15
2023-04-05,BBDC3,11.76
2023-04-05,BBDC4,13.22
2023-04-05,BBSE3,32.65
2023-04-05,BEEF3,9.82
2023-04-05,BPAC11,20.57
2023-04-05,BRAP4,25.72
2023-04-05,CCRO3,12.68
2023-04-05,CEAB3,2.65
2023-04-05,CMIG4,11.69
2023-04-05,CMIN3,4.53
2023-04-05,COGN3,1.79
2023-04-05,CPFE3,32.49
2023-04-05,CPLE3,6.34
2023-04-05,CSAN3,14.66
2023-04-05,CSMG3,16.21
2023-04-05,CSNA3,14.7
2023-04-05,CURY3,12.98
2023-04-05,CXSE3,8.8
2023-04-05,CYRE3,13.91
2023-04-05,DIRR3,16.45
2023-04-05,EGIE3,39.98
2023-04-05,ELET3,32.84
2023-04-05,EMBR3,19.72
2023-04-05,ENEV3,10.41
2023-04-05,ENGI11,41.07
2023-04-05,EQTL3,27.27
2023-04-05,FLRY3,14.18
2023-04-05,GGBR4,24.04
2023-04-05,GOAU4,11.31
2023-04-05,HAPV3,2.36
2023-04-05,HYPE3,38.0
2023-04-05,IGTI11,19.36
2023-04-05,ITSA4,8.13
2023-04-05,ITUB4,24.49
2023-04-05,KLBN11,17.86
2023-04-05,LREN3,14.97
2023-04-05,MGLU3,3.28
2023-04-05,MRFG3,6.27
2023-04-05,MRVE3,6.42
2023-04-05,MULT3,25.11
2023-04-05,NTCO3,11.85
2023-04-05,PETR3,27.4
2023-04-05,PETR4,24.35
2023-04-05,POMO4,3.2
2023-04-05,PRIO3,33.5
2023-04-05,PSSA3,23.1
2023-04-05,RADL3,24.67
2023-04-05,RAIL3,18.65
2023-04-05,RDOR3,21.6
2023-04-05,RENT3,52.81
2023-04-05,SANB11,26.13
2023-04-05,SBSP3,49.87
2023-04-05,SMFT3,13.75
2023-04-05,SUZB3,40.98
2023-04-05,TAEE11,35.18
2023-04-05,TEND3,4.45
2023-04-05,TIMS3,12.78
2023-04-05,TOTS3,28.4
2023-04-05,UGPA3,14.31
2023-04-05,USIM5,7.09
2023-04-05,VALE3,76.89
2023-04-05,VAMO3,12.2
2023-04-05,VBBR3,14.22
2023-04-05,VIVA3,20.95
2023-04-05,VIVT3,38.84
2023-04-05,WEGE3,38.75
2023-04-05,YDUQ3,7.08
2023-04-06,ABEV3,14.43
2023-04-06,ASAI3,13.63
2023-04-06,AURE3,14.73
2023-04-06,B3SA3,10.7
2023-04-06,BBAS3,39.02
2023-04-06,BBDC3,11.65
2023-04-06,BBDC4,13.03
2023-04-06,BBSE3,34.05
2023-04-06,BEEF3,10.12
2023-04-06,BPAC11,20.45
2023-04-06,BRAP4,26.07
2023-04-06,CCRO3,12.83
2023-04-06,CEAB3,2.67
2023-04-06,CMIG4,11.69
2023-04-06,CMIN3,4.56
2023-04-06,COGN3,1.78
2023-04-06,CPFE3,33.04
2023-04-06,CPLE3,6.33
2023-04-06,CSAN3,14.72
2023-04-06,CSMG3,16.56
2023-04-06,CSNA3,14.57
2023-04-06,CURY3,12.85
2023-04-06,CXSE3,9.06
2023-04-06,CYRE3,13.9
2023-04-06,DIRR3,16.63
2023-04-06,EGIE3,40.15
2023-04-06,ELET3,32.72
2023-04-06,EMBR3,19.65
2023-04-06,ENEV3,10.69
2023-04-06,ENGI11,41.75
2023-04-06,EQTL3,27.68
2023-04-06,FLRY3,14.11
2023-04-06,GGBR4,23.94
2023-04-06,GOAU4,11.28
2023-04-06,HAPV3,2.37
2023-04-06,HYPE3,37.84
2023-04-06,IGTI11,19.37
2023-04-06,ITSA4,8.12
2023-04-06,ITUB4,24.41
2023-04-06,KLBN11,17.89
2023-04-06,LREN3,15.71
2023-04-06,MGLU3,3.37
2023-04-06,MRFG3,6.3
2023-04-06,MRVE3,6.59
2023-04-06,MULT3,25.32
2023-04-06,NTCO3,11.2
2023-04-06,PETR3,27.08
2023-04-06,PETR4,24.0
2023-04-06,POMO4,3.24
2023-04-06,PRIO3,34.86
2023-04-06,PSSA3,23.39
2023-04-06,RADL3,25.0
2023-04-06,RAIL3,18.66
2023-04-06,RDOR3,21.89
2023-04-06,RENT3,52.24
2023-04-06,SANB11,25.95
2023-04-06,SBSP3,50.2
2023-04-06,SMFT3,13.52
2023-04-06,SUZB3,40.36
2023-04-06,TAEE11,35.05
2023-04-06,TEND3,4.64
2023-04-06,TIMS3,12.94
2023-04-06,TOTS3,27.24
2023-04-06,UGPA3,14.43
2023-04-06,USIM5,7.01
2023-04-06,VALE3,76.75
2023-04-06,VAMO3,12.35
2023-04-06,VBBR3,14.1
2023-04-06,VIVA3,21.45
2023-04-06,VIVT3,39.3
2023-04-06,WEGE3,38.61
2023-04-06,YDUQ3,7.07
2023-04-10,ABEV3,14.46
2023-04-10,ASAI3,13.92
2023-04-10,AURE3,14.96
2023-04-10,B3SA3,10.91
2023-04-10,BBAS3,39.04
2023-04-10,BBDC3,11.71
2023-04-10,BBDC4,13.18
2023-04-10,BBSE3,34.61
2023-04-10,BEEF3,10.07
2023-04-10,BPAC11,20.85
2023-04-10,BRAP4,26.34
2023-04-10,CCRO3,12.85
2023-04-10,CEAB3,2.67
2023-04-10,CMIG4,11.87
2023-04-10,CMIN3,4.64
2023-04-10,COGN3,1.77
2023-04-10,CPFE3,32.81
2023-04-10,CPLE3,6.35
2023-04-10,CSAN3,14.69
2023-04-10,CSMG3,16.75
2023-04-10,CSNA3,15.12
2023-04-10,CURY3,12.51
2023-04-10,CXSE3,9.3
2023-04-10,CYRE3,13.9
2023-04-10,DIRR3,16.61
2023-04-10,EGIE3,39.84
2023-04-10,ELET3,33.3
2023-04-10,EMBR3,19.88
2023-04-10,ENEV3,10.77
2023-04-10,ENGI11,41.91
2023-04-10,EQTL3,27.78
2023-04-10,FLRY3,13.93
2023-04-10,GGBR4,24.61
2023-04-10,GOAU4,11.6
2023-04-10,HAPV3,2.35
2023-04-10,HYPE3,36.55
2023-04-10,IGTI11,19.17
2023-04-10,ITSA4,8.15
2023-04-10,ITUB4,24.67
2023-04-10,KLBN11,18.12
2023-04-10,LREN3,15.46
2023-04-10,MGLU3,3.35
2023-04-10,MRFG3,6.41
2023-04-10,MRVE3,6.51
2023-04-10,MULT3,25.61
2023-04-10,NTCO3,11.22
2023-04-10,PETR3,27.8
2023-04-10,PETR4,24.51
2023-04-10,POMO4,3.33
2023-04-10,PRIO3,34.92
2023-04-10,PSSA3,23.6
2023-04-10,RADL3,25.0
2023-04-10,RAIL3,18.59
2023-04-10,RDOR3,21.37
2023-04-10,RENT3,52.03
2023-04-10,SANB11,26.13
2023-04-10,SBSP3,49.27
2023-04-10,SMFT3,13.17
2023-04-10,SUZB3,41.14
2023-04-10,TAEE11,33.95
2023-04-10,TEND3,4.53
2023-04-10,TIMS3,13.04
2023-04-10,TOTS3,27.25
2023-04-10,UGPA3,14.45
2023-04-10,USIM5,7.24
2023-04-10,VALE3,78.23
2023-04-10,VAMO3,12.46
2023-04-10,VBBR3,13.99
2023-04-10,VIVA3,21.27
2023-04-10,VIVT3,39.57
2023-04-10,WEGE3,38.39
2023-04-10,YDUQ3,7.26
2023-04-11,ABEV3,14.78
2023-04-11,ASAI3,14.71
2023-04-11,AURE3,15.02
2023-04-11,B3SA3,11.63
2023-04-11,BBAS3,39.94
2023-04-11,BBDC3,12.19
2023-04-11,BBDC4,13.87
2023-04-11,BBSE3,34.97
2023-04-11,BEEF3,9.94
2023-04-11,BPAC11,22.6
2023-04-11,BRAP4,27.39
2023-04-11,CCRO3,12.96
2023-04-11,CEAB3,2.95
2023-04-11,CMIG4,12.08
2023-04-11,CMIN3,4.82
2023-04-11,COGN3,1.97
2023-04-11,CPFE3,33.16
2023-04-11,CPLE3,6.6
2023-04-11,CSAN3,15.63
2023-04-11,CSMG3,16.57
2023-04-11,CSNA3,16.17
2023-04-11,CURY3,13.1
2023-04-11,CXSE3,9.49
2023-04-11,CYRE3,15.24
2023-04-11,DIRR3,17.0
2023-04-11,EGIE3,39.84
2023-04-11,ELET3,34.25
2023-04-11,EMBR3,20.5
2023-04-11,ENEV3,11.22
2023-04-11,ENGI11,42.26
2023-04-11,EQTL3,28.06
2023-04-11,FLRY3,14.53
2023-04-11,GGBR4,25.92
2023-04-11,GOAU4,12.17
2023-04-11,HAPV3,2.65
2023-04-11,HYPE3,37.91
2023-04-11,IGTI11,19.83
2023-04-11,ITSA4,8.42
2023-04-11,ITUB4,25.47
2023-04-11,KLBN11,18.68
2023-04-11,LREN3,16.9
2023-04-11,MGLU3,3.78
2023-04-11,MRFG3,6.75
2023-04-11,MRVE3,7.1
2023-04-11,MULT3,25.83
2023-04-11,NTCO3,11.82
2023-04-11,PETR3,29.02
2023-04-11,PETR4,25.66
2023-04-11,POMO4,3.37
2023-04-11,PRIO3,35.73
2023-04-11,PSSA3,23.72
2023-04-11,RADL3,25.4
2023-04-11,RAIL3,19.04
2023-04-11,RDOR3,23.36
2023-04-11,RENT3,56.8
2023-04-11,SANB11,27.2
2023-04-11,SBSP3,51.0
2023-04-11,SMFT3,14.08
2023-04-11,SUZB3,42.55
2023-04-11,TAEE11,33.94
2023-04-11,TEND3,4.84
2023-04-11,TIMS3,13.0
2023-04-11,TOTS3,28.2
2023-04-11,UGPA3,14.73
2023-04-11,USIM5,7.73
2023-04-11,VALE3,82.36
2023-04-11,VAMO3,13.55
2023-04-11,VBBR3,14.54
2023-04-11,VIVA3,22.1
2023-04-11,VIVT3,40.18
2023-04-11,WEGE3,39.09
2023-04-11,YDUQ3,7.99
2023-04-12,ABEV3,14.76
2023-04-12,ASAI3,14.44
2023-04-12,AURE3,15.07
2023-04-12,B3SA3,11.86
2023-04-12,BBAS3,42.72
2023-04-12,BBDC3,12.27
2023-04-12,BBDC4,13.8
2023-04-12,BBSE3,35.37
2023-04-12,BEEF3,10.05
2023-04-12,BPAC11,23.16
2023-04-12,BRAP4,27.11
2023-04-12,CCRO3,13.19
2023-04-12,CEAB3,3.06
2023-04-12,CMIG4,12.47
2023-04-12,CMIN3,4.94
2023-04-12,COGN3,2.0
2023-04-12,CPFE3,33.58
2023-04-12,CPLE3,6.81
2023-04-12,CSAN3,15.91
2023-04-12,CSMG3,16.25
2023-04-12,CSNA3,16.03
2023-04-12,CURY3,13.29
2023-04-12,CXSE3,9.82
2023-04-12,CYRE3,15.82
2023-04-12,DIRR3,16.87
2023-04-12,EGIE3,40.33
2023-04-12,ELET3,35.14
2023-04-12,EMBR3,20.21
2023-04-12,ENEV3,11.39
2023-04-12,ENGI11,43.29
2023-04-12,EQTL3,28.53
2023-04-12,FLRY3,14.73
2023-04-12,GGBR4,25.67
2023-04-12,GOAU4,11.97
2023-04-12,HAPV3,2.68
2023-04-12,HYPE3,37.83
2023-04-12,IGTI11,20.33
2023-04-12,ITSA4,8.59
2023-04-12,ITUB4,25.64
2023-04-12,KLBN11,18.83
2023-04-12,LREN3,17.19
2023-04-12,MGLU3,3.88
2023-04-12,MRFG3,6.81
2023-04-12,MRVE3,7.17
2023-04-12,MULT3,25.95
2023-04-12,NTCO3,11.7
2023-04-12,PETR3,29.04
2023-04-12,PETR4,25.85
2023-04-12,POMO4,3.41
2023-04-12,PRIO3,36.43
2023-04-12,PSSA3,23.84
2023-04-12,RADL3,26.16
2023-04-12,RAIL3,19.32
2023-04-12,RDOR3,23.7
2023-04-12,RENT3,57.5
2023-04-12,SANB11,27.17
2023-04-12,SBSP3,51.37
2023-04-12,SMFT3,14.27
2023-04-12,SUZB3,42.2
2023-04-12,TAEE11,34.7
2023-04-12,TEND3,5.06
2023-04-12,TIMS3,13.15
2023-04-12,TOTS3,28.4
2023-04-12,UGPA3,14.89
2023-04-12,USIM5,7.66
2023-04-12,VALE3,80.6
2023-04-12,VAMO3,13.85
2023-04-12,VBBR3,14.6
2023-04-12,VIVA3,22.51
2023-04-12,VIVT3,40.38
2023-04-12,WEGE3,39.74
2023-04-12,YDUQ3,8.11
2023-04-13,ABEV3,14.59
2023-04-13,ASAI3,13.75
2023-04-13,AURE3,15.21
2023-04-13,B3SA3,11.74
2023-04-13,BBAS3,42.7
2023-04-13,BBDC3,12.39
2023-04-13,BBDC4,13.81
2023-04-13,BBSE3,34.93
2023-04-13,BEEF3,9.4
2023-04-13,BPAC11,23.01
2023-04-13,BRAP4,26.75
2023-04-13,CCRO3,13.52
2023-04-13,CEAB3,3.11
2023-04-13,CMIG4,12.34
2023-04-13,CMIN3,4.87
2023-04-13,COGN3,2.03
2023-04-13,CPFE3,33.63
2023-04-13,CPLE3,7.0
2023-04-13,CSAN3,15.77
2023-04-13,CSMG3,16.85
2023-04-13,CSNA3,15.64
2023-04-13,CURY3,13.04
2023-04-13,CXSE3,9.9
2023-04-13,CYRE3,15.84
2023-04-13,DIRR3,16.92
2023-04-13,EGIE3,40.71
2023-04-13,ELET3,35.13
2023-04-13,EMBR3,20.27
2023-04-13,ENEV3,11.65
2023-04-13,ENGI11,43.5
2023-04-13,EQTL3,28.76
2023-04-13,FLRY3,14.53
2023-04-13,GGBR4,25.94
2023-04-13,GOAU4,12.11
2023-04-13,HAPV3,2.64
2023-04-13,HYPE3,37.65
2023-04-13,IGTI11,20.33
2023-04-13,ITSA4,8.6
2023-04-13,ITUB4,25.64
2023-04-13,KLBN11,18.73
2023-04-13,LREN3,16.85
2023-04-13,MGLU3,3.86
2023-04-13,MRFG3,6.33
2023-04-13,MRVE3,7.64
2023-04-13,MULT3,25.9
2023-04-13,NTCO3,11.7
2023-04-13,PETR3,29.38
2023-04-13,PETR4,26.03
2023-04-13,POMO4,3.45
2023-04-13,PRIO3,36.51
2023-04-13,PSSA3,23.94
2023-04-13,RADL3,25.69
2023-04-13,RAIL3,19.24
2023-04-13,RDOR3,23.6
2023-04-13,RENT3,57.95
2023-04-13,SANB11,27.48
2023-04-13,SBSP3,51.33
2023-04-13,SMFT3,14.72
2023-04-13,SUZB3,41.31
2023-04-13,TAEE11,34.95
2023-04-13,TEND3,5.68
2023-04-13,TIMS3,13.37
2023-04-13,TOTS3,26.68
2023-04-13,UGPA3,14.73
2023-04-13,USIM5,7.65
2023-04-13,VALE3,79.51
2023-04-13,VAMO3,14.24
2023-04-13,VBBR3,14.05
2023-04-13,VIVA3,22.86
2023-04-13,VIVT3,40.84
2023-04-13,WEGE3,39.37
2023-04-13,YDUQ3,8.28
2023-04-14,ABEV3,14.65
2023-04-14,ASAI3,13.22
2023-04-14,AURE3,15.29
2023-04-14,B3SA3,11.97
2023-04-14,BBAS3,43.43
2023-04-14,BBDC3,12.4
2023-04-14,BBDC4,13.79
2023-04-14,BBSE3,34.9
2023-04-14,BEEF3,9.46
2023-04-14,BPAC11,22.95
2023-04-14,BRAP4,26.62
2023-04-14,CCRO3,13.05
2023-04-14,CEAB3,3.06
2023-04-14,CMIG4,12.31
2023-04-14,CMIN3,4.72
2023-04-14,COGN3,2.02
2023-04-14,CPFE3,33.83
2023-04-14,CPLE3,6.98
2023-04-14,CSAN3,15.81
2023-04-14,CSMG3,16.28
2023-04-14,CSNA3,14.49
2023-04-14,CURY3,12.96
2023-04-14,CXSE3,9.86
2023-04-14,CYRE3,15.51
2023-04-14,DIRR3,17.07
2023-04-14,EGIE3,41.04
2023-04-14,ELET3,34.95
2023-04-14,EMBR3,20.47
2023-04-14,ENEV3,11.43
2023-04-14,ENGI11,44.28
2023-04-14,EQTL3,28.77
2023-04-14,FLRY3,14.57
2023-04-14,GGBR4,26.15
2023-04-14,GOAU4,12.17
2023-04-14,HAPV3,2.6
2023-04-14,HYPE3,37.4
2023-04-14,IGTI11,20.51
2023-04-14,ITSA4,8.67
2023-04-14,ITUB4,26.01
2023-04-14,KLBN11,18.5
2023-04-14,LREN3,16.3
2023-04-14,MGLU3,3.74
2023-04-14,MRFG3,6.14
2023-04-14,MRVE3,7.45
2023-04-14,MULT3,25.92
2023-04-14,NTCO3,11.51
2023-04-14,PETR3,29.82
2023-04-14,PETR4,26.3
2023-04-14,POMO4,3.46
2023-04-14,PRIO3,36.68
2023-04-14,PSSA3,24.19
2023-04-14,RADL3,26.0
2023-04-14,RAIL3,19.29
2023-04-14,RDOR3,22.18
2023-04-14,RENT3,57.43
2023-04-14,SANB11,27.79
2023-04-14,SBSP3,49.63
2023-04-14,SMFT3,14.66
2023-04-14,SUZB3,40.49
2023-04-14,TAEE11,34.8
2023-04-14,TEND3,5.87
2023-04-14,TIMS3,13.56
2023-04-14,TOTS3,26.75
2023-04-14,UGPA3,14.81
2023-04-14,USIM5,7.53
2023-04-14,VALE3,78.81
2023-04-14,VAMO3,14.32
2023-04-14,VBBR3,13.8
2023-04-14,VIVA3,22.24
2023-04-14,VIVT3,40.44
2023-04-14,WEGE3,38.76
2023-04-14,YDUQ3,8.16
2023-04-17,ABEV3,14.75
2023-04-17,ASAI3,13.27
2023-04-17,AURE3,15.39
2023-04-17,B3SA3,12.02
2023-04-17,BBAS3,43.53
2023-04-17,BBDC3,12.38
2023-04-17,BBDC4,13.73
2023-04-17,BBSE3,34.6
2023-04-17,BEEF3,9.41
2023-04-17,BPAC11,22.8
2023-04-17,BRAP4,26.34
2023-04-17,CCRO3,13.08
2023-04-17,CEAB3,3.01
2023-04-17,CMIG4,12.43
2023-04-17,CMIN3,4.7
2023-04-17,COGN3,2.03
2023-04-17,CPFE3,33.39
2023-04-17,CPLE3,6.88
2023-04-17,CSAN3,15.78
2023-04-17,CSMG3,16.7
2023-04-17,CSNA3,14.68
2023-04-17,CURY3,12.83
2023-04-17,CXSE3,9.94
2023-04-17,CYRE3,15.65
2023-04-17,DIRR3,16.86
2023-04-17,EGIE3,41.19
2023-04-17,ELET3,33.64
2023-04-17,EMBR3,20.43
2023-04-17,ENEV3,11.32
2023-04-17,ENGI11,43.45
2023-04-17,EQTL3,28.44
2023-04-17,FLRY3,14.54
2023-04-17,GGBR4,26.01
2023-04-17,GOAU4,12.11
2023-04-17,HAPV3,2.54
2023-04-17,HYPE3,37.82
2023-04-17,IGTI11,20.11
2023-04-17,ITSA4,8.63
2023-04-17,ITUB4,25.96
2023-04-17,KLBN11,18.61
2023-04-17,LREN3,16.74
2023-04-17,MGLU3,3.66
2023-04-17,MRFG3,6.23
2023-04-17,MRVE3,7.34
2023-04-17,MULT3,25.99
2023-04-17,NTCO3,11.2
2023-04-17,PETR3,29.94
2023-04-17,PETR4,26.71
2023-04-17,POMO4,3.43
2023-04-17,PRIO3,36.15
2023-04-17,PSSA3,24.27
2023-04-17,RADL3,25.78
2023-04-17,RAIL3,19.7
2023-04-17,RDOR3,22.0
2023-04-17,RENT3,57.88
2023-04-17,SANB11,27.56
2023-04-17,SBSP3,48.96
2023-04-17,SMFT3,14.68
2023-04-17,SUZB3,40.46
2023-04-17,TAEE11,35.36
2023-04-17,TEND3,6.0
2023-04-17,TIMS3,13.77
2023-04-17,TOTS3,27.12
2023-04-17,UGPA3,14.46
2023-04-17,USIM5,7.54
2023-04-17,VALE3,77.87
2023-04-17,VAMO3,14.11
2023-04-17,VBBR3,13.81
2023-04-17,VIVA3,22.2
2023-04-17,VIVT3,40.85
2023-04-17,WEGE3,39.48
2023-04-17,YDUQ3,8.14
2023-04-18,ABEV3,14.63
2023-04-18,ASAI3,13.16
2023-04-18,AURE3,15.28
2023-04-18,B3SA3,11.89
2023-04-18,BBAS3,43.61
2023-04-18,BBDC3,12.32
2023-04-18,BBDC4,13.64
2023-04-18,BBSE3,34.61
2023-04-18,BEEF3,9.11
2023-04-18,BPAC11,23.14
2023-04-18,BRAP4,26.72
2023-04-18,CCRO3,13.0
2023-04-18,CEAB3,2.91
2023-04-18,CMIG4,12.47
2023-04-18,CMIN3,4.71
2023-04-18,COGN3,1.98
2023-04-18,CPFE3,33.33
2023-04-18,CPLE3,6.82
2023-04-18,CSAN3,15.72
2023-04-18,CSMG3,16.59
2023-04-18,CSNA3,14.96
2023-04-18,CURY3,12.37
2023-04-18,CXSE3,9.73
2023-04-18,CYRE3,15.41
2023-04-18,DIRR3,16.32
2023-04-18,EGIE3,41.02
2023-04-18,ELET3,34.44
2023-04-18,EMBR3,20.59
2023-04-18,ENEV3,11.16
2023-04-18,ENGI11,42.46
2023-04-18,EQTL3,28.04
2023-04-18,FLRY3,14.43
2023-04-18,GGBR4,26.05
2023-04-18,GOAU4,12.09
2023-04-18,HAPV3,2.4
2023-04-18,HYPE3,37.55
2023-04-18,IGTI11,20.06
2023-04-18,ITSA4,8.63
2023-04-18,ITUB4,25.94
2023-04-18,KLBN11,18.79
2023-04-18,LREN3,16.05
2023-04-18,MGLU3,3.54
2023-04-18,MRFG3,6.36
2023-04-18,MRVE3,7.19
2023-04-18,MULT3,25.77
2023-04-18,NTCO3,10.92
2023-04-18,PETR3,30.71
2023-04-18,PETR4,27.39
2023-04-18,POMO4,3.47
2023-04-18,PRIO3,35.3
2023-04-18,PSSA3,24.29
2023-04-18,RADL3,25.68
2023-04-18,RAIL3,19.62
2023-04-18,RDOR3,22.77
2023-04-18,RENT3,56.87
2023-04-18,SANB11,27.15
2023-04-18,SBSP3,47.56
2023-04-18,SMFT3,14.65
2023-04-18,SUZB3,41.17
2023-04-18,TAEE11,35.11
2023-04-18,TEND3,5.71
2023-04-18,TIMS3,13.77
2023-04-18,TOTS3,26.45
2023-04-18,UGPA3,14.58
2023-04-18,USIM5,7.61
2023-04-18,VALE3,78.54
2023-04-18,VAMO3,13.29
2023-04-18,VBBR3,13.42
2023-04-18,VIVA3,21.1
2023-04-18,VIVT3,40.83
2023-04-18,WEGE3,39.27
2023-04-18,YDUQ3,7.92
2023-04-19,ABEV3,14.58
2023-04-19,ASAI3,12.89
2023-04-19,AURE3,15.37
2023-04-19,B3SA3,11.59
2023-04-19,BBAS3,43.1
2023-04-19,BBDC3,12.08
2023-04-19,BBDC4,13.39
2023-04-19,BBSE3,34.58
2023-04-19,BEEF3,8.68
2023-04-19,BPAC11,22.43
2023-04-19,BRAP4,25.96
2023-04-19,CCRO3,12.94
2023-04-19,CEAB3,2.7
2023-04-19,CMIG4,12.37
2023-04-19,CMIN3,4.61
2023-04-19,COGN3,1.9
2023-04-19,CPFE3,33.1
2023-04-19,CPLE3,6.83
2023-04-19,CSAN3,15.37
2023-04-19,CSMG3,16.43
2023-04-19,CSNA3,14.6
2023-04-19,CURY3,11.75
2023-04-19,CXSE3,9.7
2023-04-19,CYRE3,14.93
2023-04-19,DIRR3,15.73
2023-04-19,EGIE3,40.7
2023-04-19,ELET3,33.72
2023-04-19,EMBR3,20.76
2023-04-19,ENEV3,10.99
2023-04-19,ENGI11,41.5
2023-04-19,EQTL3,27.38
2023-04-19,FLRY3,13.99
2023-04-19,GGBR4,25.57
2023-04-19,GOAU4,11.89
2023-04-19,HAPV3,2.36
2023-04-19,HYPE3,36.57
2023-04-19,IGTI11,19.39
2023-04-19,ITSA4,8.54
2023-04-19,ITUB4,25.53
2023-04-19,KLBN11,18.89
2023-04-19,LREN3,15.17
2023-04-19,MGLU3,3.25
2023-04-19,MRFG3,6.22
2023-04-19,MRVE3,6.81
2023-04-19,MULT3,25.17
2023-04-19,NTCO3,10.57
2023-04-19,PETR3,29.73
2023-04-19,PETR4,26.51
2023-04-19,POMO4,3.37
2023-04-19,PRIO3,34.3
2023-04-19,PSSA3,24.59
2023-04-19,RADL3,25.2
2023-04-19,RAIL3,19.31
2023-04-19,RDOR3,22.19
2023-04-19,RENT3,54.85
2023-04-19,SANB11,27.09
2023-04-19,SBSP3,48.11
2023-04-19,SMFT3,13.74
2023-04-19,SUZB3,41.19
2023-04-19,TAEE11,34.73
2023-04-19,TEND3,5.27
2023-04-19,TIMS3,13.8
2023-04-19,TOTS3,25.55
2023-04-19,UGPA3,14.5
2023-04-19,USIM5,7.45
2023-04-19,VALE3,76.25
2023-04-19,VAMO3,12.93
2023-04-19,VBBR3,13.04
2023-04-19,VIVA3,20.0
2023-04-19,VIVT3,40.69
2023-04-19,WEGE3,39.11
2023-04-19,YDUQ3,7.36
2023-04-20,ABEV3,14.6
2023-04-20,ASAI3,13.0
2023-04-20,AURE3,15.44
2023-04-20,B3SA3,11.66
2023-04-20,BBAS3,43.51
2023-04-20,BBDC3,12.22
2023-04-20,BBDC4,13.51
2023-04-20,BBSE3,34.76
2023-04-20,BEEF3,8.91
2023-04-20,BPAC11,22.75
2023-04-20,BRAP4,25.57
2023-04-20,CCRO3,13.0
2023-04-20,CEAB3,2.78
2023-04-20,CMIG4,12.54
2023-04-20,CMIN3,4.66
2023-04-20,COGN3,1.93
2023-04-20,CPFE3,33.33
2023-04-20,CPLE3,6.9
2023-04-20,CSAN3,15.37
2023-04-20,CSMG3,16.47
2023-04-20,CSNA3,14.53
2023-04-20,CURY3,11.57
2023-04-20,CXSE3,9.71
2023-04-20,CYRE3,14.98
2023-04-20,DIRR3,15.46
2023-04-20,EGIE3,41.48
2023-04-20,ELET3,33.76
2023-04-20,EMBR3,20.25
2023-04-20,ENEV3,11.23
2023-04-20,ENGI11,42.61
2023-04-20,EQTL3,28.09
2023-04-20,FLRY3,14.24
2023-04-20,GGBR4,25.89
2023-04-20,GOAU4,11.89
2023-04-20,HAPV3,2.59
2023-04-20,HYPE3,37.08
2023-04-20,IGTI11,19.42
2023-04-20,ITSA4,8.53
2023-04-20,ITUB4,25.6
2023-04-20,KLBN11,18.58
2023-04-20,LREN3,15.18
2023-04-20,MGLU3,3.3
2023-04-20,MRFG3,6.35
2023-04-20,MRVE3,6.83
2023-04-20,MULT3,25.15
2023-04-20,NTCO3,10.93
2023-04-20,PETR3,29.82
2023-04-20,PETR4,26.69
2023-04-20,POMO4,3.49
2023-04-20,PRIO3,34.0
2023-04-20,PSSA3,24.36
2023-04-20,RADL3,25.69
2023-04-20,RAIL3,19.64
2023-04-20,RDOR3,23.0
2023-04-20,RENT3,56.52
2023-04-20,SANB11,26.96
2023-04-20,SBSP3,48.55
2023-04-20,SMFT3,14.21
2023-04-20,SUZB3,40.3
2023-04-20,TAEE11,34.65
2023-04-20,TEND3,5.21
2023-04-20,TIMS3,13.61
2023-04-20,TOTS3,25.67
2023-04-20,UGPA3,14.36
2023-04-20,USIM5,7.18
2023-04-20,VALE3,74.66
2023-04-20,VAMO3,13.12
2023-04-20,VBBR3,13.33
2023-04-20,VIVA3,20.78
2023-04-20,VIVT3,40.78
2023-04-20,WEGE3,40.25
2023-04-20,YDUQ3,7.63
2023-04-24,ABEV3,14.34
2023-04-24,ASAI3,12.9
2023-04-24,AURE3,15.46
2023-04-24,B3SA3,11.76
2023-04-24,BBAS3,43.42
2023-04-24,BBDC3,12.12
2023-04-24,BBDC4,13.4
2023-04-24,BBSE3,34.55
2023-04-24,BEEF3,8.56
2023-04-24,BPAC11,22.43
2023-04-24,BRAP4,24.5
2023-04-24,CCRO3,12.96
2023-04-24,CEAB3,2.84
2023-04-24,CMIG4,12.51
2023-04-24,CMIN3,4.41
2023-04-24,COGN3,1.94
2023-04-24,CPFE3,33.88
2023-04-24,CPLE3,6.94
2023-04-24,CSAN3,15.51
2023-04-24,CSMG3,16.4
2023-04-24,CSNA3,14.05
2023-04-24,CURY3,11.36
2023-04-24,CXSE3,9.79
2023-04-24,CYRE3,15.06
2023-04-24,DIRR3,15.27
2023-04-24,EGIE3,41.17
2023-04-24,ELET3,34.38
2023-04-24,EMBR3,20.19
2023-04-24,ENEV3,11.26
2023-04-24,ENGI11,42.51
2023-04-24,EQTL3,27.76
2023-04-24,FLRY3,14.3
2023-04-24,GGBR4,25.14
2023-04-24,GOAU4,11.54
2023-04-24,HAPV3,2.61
2023-04-24,HYPE3,36.6
2023-04-24,IGTI11,19.34
2023-04-24,ITSA4,8.57
2023-04-24,ITUB4,25.37
2023-04-24,KLBN11,18.64
2023-04-24,LREN3,15.1
2023-04-24,MGLU3,3.39
2023-04-24,MRFG3,6.33
2023-04-24,MRVE3,6.61
2023-04-24,MULT3,25.05
2023-04-24,NTCO3,10.98
2023-04-24,PETR3,30.28
2023-04-24,PETR4,27.2
2023-04-24,POMO4,3.48
2023-04-24,PRIO3,35.03
2023-04-24,PSSA3,24.55
2023-04-24,RADL3,26.05
2023-04-24,RAIL3,19.75
2023-04-24,RDOR3,23.05
2023-04-24,RENT3,56.5
2023-04-24,SANB11,26.71
2023-04-24,SBSP3,48.67
2023-04-24,SMFT3,14.46
2023-04-24,SUZB3,39.67
2023-04-24,TAEE11,35.44
2023-04-24,TEND3,5.11
2023-04-24,TIMS3,13.72
2023-04-24,TOTS3,25.8
2023-04-24,UGPA3,14.59
2023-04-24,USIM5,7.12
2023-04-24,VALE3,71.96
2023-04-24,VAMO3,13.18
2023-04-24,VBBR3,13.24
2023-04-24,VIVA3,20.74
2023-04-24,VIVT3,40.34
2023-04-24,WEGE3,40.35
2023-04-24,YDUQ3,7.86
2023-04-25,ABEV3,14.29
2023-04-25,ASAI3,12.48
2023-04-25,AURE3,15.4
2023-04-25,B3SA3,11.8
2023-04-25,BBAS3,43.02
2023-04-25,BBDC3,12.31
2023-04-25,BBDC4,13.7
2023-04-25,BBSE3,34.75
2023-04-25,BEEF3,8.44
2023-04-25,BPAC11,22.7
2023-04-25,BRAP4,23.92
2023-04-25,CCRO3,13.11
2023-04-25,CEAB3,2.7
2023-04-25,CMIG4,12.48
2023-04-25,CMIN3,4.27
2023-04-25,COGN3,1.95
2023-04-25,CPFE3,33.89
2023-04-25,CPLE3,7.0
2023-04-25,CSAN3,15.16
2023-04-25,CSMG3,16.39
2023-04-25,CSNA3,13.69
2023-04-25,CURY3,11.12
2023-04-25,CXSE3,9.9
2023-04-25,CYRE3,14.88
2023-04-25,DIRR3,14.67
2023-04-25,EGIE3,41.12
2023-04-25,ELET3,34.22
2023-04-25,EMBR3,19.82
2023-04-25,ENEV3,11.2
2023-04-25,ENGI11,41.63
2023-04-25,EQTL3,27.61
2023-04-25,FLRY3,14.19
2023-04-25,GGBR4,24.26
2023-04-25,GOAU4,11.16
2023-04-25,HAPV3,2.56
2023-04-25,HYPE3,35.81
2023-04-25,IGTI11,19.3
2023-04-25,ITSA4,8.59
2023-04-25,ITUB4,25.6
2023-04-25,KLBN11,18.34
2023-04-25,LREN3,14.77
2023-04-25,MGLU3,3.28
2023-04-25,MRFG3,6.33
2023-04-25,MRVE3,6.1
2023-04-25,MULT3,24.83
2023-04-25,NTCO3,10.52
2023-04-25,PETR3,30.12
2023-04-25,PETR4,27.09
2023-04-25,POMO4,3.46
2023-04-25,PRIO3,34.65
2023-04-25,PSSA3,24.53
2023-04-25,RADL3,25.99
2023-04-25,RAIL3,19.7
2023-04-25,RDOR3,22.82
2023-04-25,RENT3,56.2
2023-04-25,SANB11,26.56
2023-04-25,SBSP3,48.79
2023-04-25,SMFT3,14.2
2023-04-25,SUZB3,38.8
2023-04-25,TAEE11,35.45
2023-04-25,TEND3,4.9
2023-04-25,TIMS3,13.8
2023-04-25,TOTS3,25.63
2023-04-25,UGPA3,14.47
2023-04-25,USIM5,7.05
2023-04-25,VALE3,70.0
2023-04-25,VAMO3,12.9
2023-04-25,VBBR3,13.33
2023-04-25,VIVA3,20.25
2023-04-25,VIVT3,40.39
2023-04-25,WEGE3,40.54
2023-04-25,YDUQ3,7.94
2023-04-26,ABEV3,14.21
2023-04-26,ASAI3,12.59
2023-04-26,AURE3,15.32
2023-04-26,B3SA3,11.25
2023-04-26,BBAS3,42.67
2023-04-26,BBDC3,12.09
2023-04-26,BBDC4,13.5
2023-04-26,BBSE3,34.77
2023-04-26,BEEF3,8.24
2023-04-26,BPAC11,22.4
2023-04-26,BRAP4,24.16
2023-04-26,CCRO3,13.22
2023-04-26,CEAB3,2.74
2023-04-26,CMIG4,12.4
2023-04-26,CMIN3,4.41
2023-04-26,COGN3,1.96
2023-04-26,CPFE3,33.1
2023-04-26,CPLE3,6.99
2023-04-26,CSAN3,14.63
2023-04-26,CSMG3,16.5
2023-04-26,CSNA3,13.56
2023-04-26,CURY3,11.31
2023-04-26,CXSE3,9.99
2023-04-26,CYRE3,14.78
2023-04-26,DIRR3,14.97
2023-04-26,EGIE3,40.67
2023-04-26,ELET3,34.02
2023-04-26,EMBR3,19.66
2023-04-26,ENEV3,11.04
2023-04-26,ENGI11,41.44
2023-04-26,EQTL3,27.33
2023-04-26,FLRY3,14.19
2023-04-26,GGBR4,24.17
2023-04-26,GOAU4,11.2
2023-04-26,HAPV3,2.49
2023-04-26,HYPE3,36.03
2023-04-26,IGTI11,19.27
2023-04-26,ITSA4,8.48
2023-04-26,ITUB4,25.34
2023-04-26,KLBN11,18.33
2023-04-26,LREN3,14.98
2023-04-26,MGLU3,3.11
2023-04-26,MRFG3,6.18
2023-04-26,MRVE3,6.52
2023-04-26,MULT3,24.66
2023-04-26,NTCO3,10.56
2023-04-26,PETR3,29.69
2023-04-26,PETR4,26.75
2023-04-26,POMO4,3.51
2023-04-26,PRIO3,33.5
2023-04-26,PSSA3,24.91
2023-04-26,RADL3,26.29
2023-04-26,RAIL3,19.5
2023-04-26,RDOR3,22.8
2023-04-26,RENT3,56.6
2023-04-26,SANB11,26.19
2023-04-26,SBSP3,47.93
2023-04-26,SMFT3,14.3
2023-04-26,SUZB3,38.26
2023-04-26,TAEE11,35.13
2023-04-26,TEND3,4.98
2023-04-26,TIMS3,13.89
2023-04-26,TOTS3,25.37
2023-04-26,UGPA3,14.16
2023-04-26,USIM5,7.03
2023-04-26,VALE3,70.27
2023-04-26,VAMO3,12.87
2023-04-26,VBBR3,13.06
2023-04-26,VIVA3,20.12
2023-04-26,VIVT3,40.25
2023-04-26,WEGE3,40.11
2023-04-26,YDUQ3,7.79
2023-04-27,ABEV3,14.16
2023-04-27,ASAI3,12.3
2023-04-27,AURE3,15.42
2023-04-27,B3SA3,11.48
2023-04-27,BBAS3,42.72
2023-04-27,BBDC3,12.26
2023-04-27,BBDC4,13.76
2023-04-27,BBSE3,34.36
2023-04-27,BEEF3,8.39
2023-04-27,BPAC11,23.15
2023-04-27,BRAP4,24.56
2023-04-27,CCRO3,13.32
2023-04-27,CEAB3,2.7
2023-04-27,CMIG4,12.51
2023-04-27,CMIN3,4.46
2023-04-27,COGN3,2.0
2023-04-27,CPFE3,33.05
2023-04-27,CPLE3,7.04
2023-04-27,CSAN3,14.68
2023-04-27,CSMG3,16.94
2023-04-27,CSNA3,13.84
2023-04-27,CURY3,12.09
2023-04-27,CXSE3,9.92
2023-04-27,CYRE3,15.21
2023-04-27,DIRR3,15.5
2023-04-27,EGIE3,40.87
2023-04-27,ELET3,34.14
2023-04-27,EMBR3,19.19
2023-04-27,ENEV3,11.04
2023-04-27,ENGI11,41.96
2023-04-27,EQTL3,27.2
2023-04-27,FLRY3,14.29
2023-04-27,GGBR4,24.44
2023-04-27,GOAU4,11.32
2023-04-27,HAPV3,2.56
2023-04-27,HYPE3,36.0
2023-04-27,IGTI11,19.78
2023-04-27,ITSA4,8.59
2023-04-27,ITUB4,25.79
2023-04-27,KLBN11,18.35
2023-04-27,LREN3,15.01
2023-04-27,MGLU3,3.2
2023-04-27,MRFG3,6.3
2023-04-27,MRVE3,7.08
2023-04-27,MULT3,25.15
2023-04-27,NTCO3,10.76
2023-04-27,PETR3,28.9
2023-04-27,PETR4,26.1
2023-04-27,POMO4,3.54
2023-04-27,PRIO3,33.64
2023-04-27,PSSA3,25.17
2023-04-27,RADL3,26.22
2023-04-27,RAIL3,19.47
2023-04-27,RDOR3,22.5
2023-04-27,RENT3,57.64
2023-04-27,SANB11,26.58
2023-04-27,SBSP3,46.43
2023-04-27,SMFT3,14.73
2023-04-27,SUZB3,38.0
2023-04-27,TAEE11,35.32
2023-04-27,TEND3,5.4
2023-04-27,TIMS3,14.0
2023-04-27,TOTS3,25.44
2023-04-27,UGPA3,14.17
2023-04-27,USIM5,7.12
2023-04-27,VALE3,71.76
2023-04-27,VAMO3,12.33
2023-04-27,VBBR3,13.13
2023-04-27,VIVA3,20.6
2023-04-27,VIVT3,41.25
2023-04-27,WEGE3,40.35
2023-04-27,YDUQ3,7.96
2023-04-28,ABEV3,14.16
2023-04-28,ASAI3,12.29
2023-04-28,AURE3,15.78
2023-04-28,B3SA3,11.68
2023-04-28,BBAS3,42.86
2023-04-28,BBDC3,12.42
2023-04-28,BBDC4,13.85
2023-04-28,BBSE3,34.31
2023-04-28,BEEF3,8.55
2023-04-28,BPAC11,23.42
2023-04-28,BRAP4,23.7
2023-04-28,CCRO3,13.57
2023-04-28,CEAB3,2.78
2023-04-28,CMIG4,12.35
2023-04-28,CMIN3,4.64
2023-04-28,COGN3,2.04
2023-04-28,CPFE3,33.14
2023-04-28,CPLE3,7.11
2023-04-28,CSAN3,14.98
2023-04-28,CSMG3,17.04
2023-04-28,CSNA3,14.21
2023-04-28,CURY3,12.38
2023-04-28,CXSE3,9.46
2023-04-28,CYRE3,15.45
2023-04-28,DIRR3,15.7
2023-04-28,EGIE3,41.23
2023-04-28,ELET3,33.85
2023-04-28,EMBR3,19.42
2023-04-28,ENEV3,11.35
2023-04-28,ENGI11,41.8
2023-04-28,EQTL3,27.34
2023-04-28,FLRY3,14.52
2023-04-28,GGBR4,25.18
2023-04-28,GOAU4,11.66
2023-04-28,HAPV3,2.76
2023-04-28,HYPE3,37.25
2023-04-28,IGTI11,20.36
2023-04-28,ITSA4,8.68
2023-04-28,ITUB4,25.92
2023-04-28,KLBN11,19.13
2023-04-28,LREN3,15.84
2023-04-28,MGLU3,3.34
2023-04-28,MRFG3,6.51
2023-04-28,MRVE3,7.2
2023-04-28,MULT3,25.9
2023-04-28,NTCO3,11.06
2023-04-28,PETR3,26.67
2023-04-28,PETR4,23.7
2023-04-28,POMO4,3.59
2023-04-28,PRIO3,34.75
2023-04-28,PSSA3,25.13
2023-04-28,RADL3,26.28
2023-04-28,RAIL3,19.7
2023-04-28,RDOR3,22.87
2023-04-28,RENT3,58.01
2023-04-28,SANB11,26.87
2023-04-28,SBSP3,46.13
2023-04-28,SMFT3,15.25
2023-04-28,SUZB3,39.8
2023-04-28,TAEE11,36.47
2023-04-28,TEND3,5.84
2023-04-28,TIMS3,14.0
2023-04-28,TOTS3,25.66
2023-04-28,UGPA3,14.44
2023-04-28,USIM5,7.2
2023-04-28,VALE3,72.4
2023-04-28,VAMO3,12.22
2023-04-28,VBBR3,13.2
2023-04-28,VIVA3,21.31
2023-04-28,VIVT3,41.12
2023-04-28,WEGE3,41.12
2023-04-28,YDUQ3,8.12
2023-05-02,ABEV3,14.26
2023-05-02,ASAI3,11.84
2023-05-02,AURE3,15.82
2023-05-02,B3SA3,11.33
2023-05-02,BBAS3,41.84
2023-05-02,BBDC3,12.1
2023-05-02,BBDC4,13.65
2023-05-02,BBSE3,34.22
2023-05-02,BEEF3,8.22
2023-05-02,BPAC11,22.58
2023-05-02,BRAP4,22.57
2023-05-02,CCRO3,13.68
2023-05-02,CEAB3,2.93
2023-05-02,CMIG4,12.36
2023-05-02,CMIN3,4.52
2023-05-02,COGN3,1.96
2023-05-02,CPFE3,31.25
2023-05-02,CPLE3,7.08
2023-05-02,CSAN3,14.51
2023-05-02,CSMG3,17.08
2023-05-02,CSNA3,12.72
2023-05-02,CURY3,11.7
2023-05-02,CXSE3,9.32
2023-05-02,CYRE3,15.21
2023-05-02,DIRR3,15.13
2023-05-02,EGIE3,41.08
2023-05-02,ELET3,33.53
2023-05-02,EMBR3,19.22
2023-05-02,ENEV3,11.07
2023-05-02,ENGI11,42.18
2023-05-02,EQTL3,26.7
2023-05-02,FLRY3,14.48
2023-05-02,GGBR4,24.43
2023-05-02,GOAU4,11.27
2023-05-02,HAPV3,2.79
2023-05-02,HYPE3,36.96
2023-05-02,IGTI11,20.25
2023-05-02,ITSA4,8.38
2023-05-02,ITUB4,24.9
2023-05-02,KLBN11,19.18
2023-05-02,LREN3,14.92
2023-05-02,MGLU3,3.24
2023-05-02,MRFG3,6.38
2023-05-02,MRVE3,7.0
2023-05-02,MULT3,25.62
2023-05-02,NTCO3,10.86
2023-05-02,PETR3,25.48
2023-05-02,PETR4,22.74
2023-05-02,POMO4,3.67
2023-05-02,PRIO3,33.52
2023-05-02,PSSA3,24.72
2023-05-02,RADL3,26.6
2023-05-02,RAIL3,19.68
2023-05-02,RDOR3,22.34
2023-05-02,RENT3,56.03
2023-05-02,SANB11,26.51
2023-05-02,SBSP3,44.48
2023-05-02,SMFT3,15.53
2023-05-02,SUZB3,40.68
2023-05-02,TAEE11,36.08
2023-05-02,TEND3,5.88
2023-05-02,TIMS3,14.11
2023-05-02,TOTS3,25.44
2023-05-02,UGPA3,14.27
2023-05-02,USIM5,7.15
2023-05-02,VALE3,69.54
2023-05-02,VAMO3,11.61
2023-05-02,VBBR3,12.33
2023-05-02,VIVA3,20.44
2023-05-02,VIVT3,41.11
2023-05-02,WEGE3,40.82
2023-05-02,YDUQ3,7.81
2023-05-03,ABEV3,14.58
2023-05-03,ASAI3,11.47
2023-05-03,AURE3,15.69
2023-05-03,B3SA3,11.51
2023-05-03,BBAS3,41.71
2023-05-03,BBDC3,12.13
2023-05-03,BBDC4,13.75
2023-05-03,BBSE3,33.52
2023-05-03,BEEF3,8.5
2023-05-03,BPAC11,22.66
2023-05-03,BRAP4,22.44
2023-05-03,CCRO3,13.7
2023-05-03,CEAB3,2.95
2023-05-03,CMIG4,12.22
2023-05-03,CMIN3,4.47
2023-05-03,COGN3,1.91
2023-05-03,CPFE3,30.75
2023-05-03,CPLE3,7.0
2023-05-03,CSAN3,14.41
2023-05-03,CSMG3,17.26
2023-05-03,CSNA3,12.86
2023-05-03,CURY3,11.43
2023-05-03,CXSE3,9.42
2023-05-03,CYRE3,14.9
2023-05-03,DIRR3,14.77
2023-05-03,EGIE3,41.72
2023-05-03,ELET3,33.13
2023-05-03,EMBR3,18.74
2023-05-03,ENEV3,11.2
2023-05-03,ENGI11,42.62
2023-05-03,EQTL3,26.4
2023-05-03,FLRY3,14.47
2023-05-03,GGBR4,24.71
2023-05-03,GOAU4,11.38
2023-05-03,HAPV3,2.77
2023-05-03,HYPE3,36.58
2023-05-03,IGTI11,20.39
2023-05-03,ITSA4,8.37
2023-05-03,ITUB4,24.86
2023-05-03,KLBN11,19.9
2023-05-03,LREN3,14.57
2023-05-03,MGLU3,3.34
2023-05-03,MRFG3,6.55
2023-05-03,MRVE3,7.01
2023-05-03,MULT3,25.9
2023-05-03,NTCO3,10.85
2023-05-03,PETR3,25.34
2023-05-03,PETR4,22.66
2023-05-03,POMO4,3.86
2023-05-03,PRIO3,34.1
2023-05-03,PSSA3,24.18
2023-05-03,RADL3,26.18
2023-05-03,RAIL3,19.94
2023-05-03,RDOR3,22.02
2023-05-03,RENT3,56.65
2023-05-03,SANB11,26.55
2023-05-03,SBSP3,44.12
2023-05-03,SMFT3,15.85
2023-05-03,SUZB3,40.1
2023-05-03,TAEE11,36.09
2023-05-03,TEND3,5.93
2023-05-03,TIMS3,14.09
2023-05-03,TOTS3,25.46
2023-05-03,UGPA3,14.48
2023-05-03,USIM5,7.2
2023-05-03,VALE3,69.0
2023-05-03,VAMO3,11.58
2023-05-03,VBBR3,12.55
2023-05-03,VIVA3,20.45
2023-05-03,VIVT3,41.1
2023-05-03,WEGE3,39.9
2023-05-03,YDUQ3,8.17
2023-05-04,ABEV3,14.63
2023-05-04,ASAI3,11.48
2023-05-04,AURE3,15.75
2023-05-04,B3SA3,11.83
2023-05-04,BBAS3,42.18
2023-05-04,BBDC3,12.41
2023-05-04,BBDC4,14.07
2023-05-04,BBSE3,33.12
2023-05-04,BEEF3,8.44
2023-05-04,BPAC11,23.2
2023-05-04,BRAP4,21.62
2023-05-04,CCRO3,13.51
2023-05-04,CEAB3,3.08
2023-05-04,CMIG4,12.16
2023-05-04,CMIN3,4.35
2023-05-04,COGN3,1.99
2023-05-04,CPFE3,31.07
2023-05-04,CPLE3,7.04
2023-05-04,CSAN3,14.21
2023-05-04,CSMG3,17.92
2023-05-04,CSNA3,12.06
2023-05-04,CURY3,11.5
2023-05-04,CXSE3,9.46
2023-05-04,CYRE3,15.54
2023-05-04,DIRR3,14.91
2023-05-04,EGIE3,42.61
2023-05-04,ELET3,33.73
2023-05-04,EMBR3,16.92
2023-05-04,ENEV3,11.3
2023-05-04,ENGI11,43.44
2023-05-04,EQTL3,27.1
2023-05-04,FLRY3,14.61
2023-05-04,GGBR4,23.69
2023-05-04,GOAU4,11.0
2023-05-04,HAPV3,2.84
2023-05-04,HYPE3,36.72
2023-05-04,IGTI11,20.63
2023-05-04,ITSA4,8.48
2023-05-04,ITUB4,25.06
2023-05-04,KLBN11,19.53
2023-05-04,LREN3,15.46
2023-05-04,MGLU3,3.57
2023-05-04,MRFG3,6.67
2023-05-04,MRVE3,7.39
2023-05-04,MULT3,26.57
2023-05-04,NTCO3,10.91
2023-05-04,PETR3,25.71
2023-05-04,PETR4,23.02
2023-05-04,POMO4,3.86
2023-05-04,PRIO3,32.7
2023-05-04,PSSA3,23.5
2023-05-04,RADL3,26.39
2023-05-04,RAIL3,19.9
2023-05-04,RDOR3,22.8
2023-05-04,RENT3,57.6
2023-05-04,SANB11,27.01
2023-05-04,SBSP3,46.13
2023-05-04,SMFT3,15.84
2023-05-04,SUZB3,39.6
2023-05-04,TAEE11,35.69
2023-05-04,TEND3,6.58
2023-05-04,TIMS3,14.02
2023-05-04,TOTS3,25.96
2023-05-04,UGPA3,16.19
2023-05-04,USIM5,7.1
2023-05-04,VALE3,66.86
2023-05-04,VAMO3,10.78
2023-05-04,VBBR3,13.13
2023-05-04,VIVA3,20.59
2023-05-04,VIVT3,40.92
2023-05-04,WEGE3,39.3
2023-05-04,YDUQ3,8.57
2023-05-05,ABEV3,14.49
2023-05-05,ASAI3,10.5
2023-05-05,AURE3,14.45
2023-05-05,B3SA3,12.49
2023-05-05,BBAS3,43.25
2023-05-05,BBDC3,12.86
2023-05-05,BBDC4,14.77
2023-05-05,BBSE3,33.48
2023-05-05,BEEF3,8.81
2023-05-05,BPAC11,23.87
2023-05-05,BRAP4,22.48
2023-05-05,CCRO3,13.88
2023-05-05,CEAB3,3.28
2023-05-05,CMIG4,11.87
2023-05-05,CMIN3,4.57
2023-05-05,COGN3,2.11
2023-05-05,CPFE3,31.13
2023-05-05,CPLE3,6.99
2023-05-05,CSAN3,14.76
2023-05-05,CSMG3,17.98
2023-05-05,CSNA3,12.91
2023-05-05,CURY3,11.88
2023-05-05,CXSE3,9.57
2023-05-05,CYRE3,15.97
2023-05-05,DIRR3,15.39
2023-05-05,EGIE3,43.3
2023-05-05,ELET3,33.96
2023-05-05,EMBR3,16.5
2023-05-05,ENEV3,11.44
2023-05-05,ENGI11,43.37
2023-05-05,EQTL3,27.43
2023-05-05,FLRY3,15.81
2023-05-05,GGBR4,24.79
2023-05-05,GOAU4,11.5
2023-05-05,HAPV3,2.93
2023-05-05,HYPE3,37.43
2023-05-05,IGTI11,21.22
2023-05-05,ITSA4,8.74
2023-05-05,ITUB4,25.99
2023-05-05,KLBN11,19.91
2023-05-05,LREN3,16.9
2023-05-05,MGLU3,3.81
2023-05-05,MRFG3,6.73
2023-05-05,MRVE3,8.12
2023-05-05,MULT3,27.23
2023-05-05,NTCO3,11.21
2023-05-05,PETR3,26.79
2023-05-05,PETR4,24.0
2023-05-05,POMO4,4.05
2023-05-05,PRIO3,34.29
2023-05-05,PSSA3,23.88
2023-05-05,RADL3,26.58
2023-05-05,RAIL3,20.95
2023-05-05,RDOR3,23.81
2023-05-05,RENT3,58.35
2023-05-05,SANB11,28.12
2023-05-05,SBSP3,45.84
2023-05-05,SMFT3,16.2
2023-05-05,SUZB3,41.61
2023-05-05,TAEE11,35.93
2023-05-05,TEND3,6.88
2023-05-05,TIMS3,13.8
2023-05-05,TOTS3,26.55
2023-05-05,UGPA3,16.37
2023-05-05,USIM5,7.49
2023-05-05,VALE3,69.04
2023-05-05,VAMO3,11.4
2023-05-05,VBBR3,13.78
2023-05-05,VIVA3,21.63
2023-05-05,VIVT3,41.4
2023-05-05,WEGE3,39.22
2023-05-05,YDUQ3,9.27
2023-05-08,ABEV3,14.51
2023-05-08,ASAI3,11.19
2023-05-08,AURE3,13.99
2023-05-08,B3SA3,12.44
2023-05-08,BBAS3,43.08
2023-05-08,BBDC3,13.13
2023-05-08,BBDC4,15.32
2023-05-08,BBSE3,33.43
2023-05-08,BEEF3,9.0
2023-05-08,BPAC11,24.14
2023-05-08,BRAP4,22.82
2023-05-08,CCRO3,13.76
2023-05-08,CEAB3,3.41
2023-05-08,CMIG4,11.84
2023-05-08,CMIN3,4.78
2023-05-08,COGN3,2.09
2023-05-08,CPFE3,31.03
2023-05-08,CPLE3,6.85
2023-05-08,CSAN3,15.26
2023-05-08,CSMG3,17.78
2023-05-08,CSNA3,13.24
2023-05-08,CURY3,11.62
2023-05-08,CXSE3,9.68
2023-05-08,CYRE3,15.98
2023-05-08,DIRR3,15.7
2023-05-08,EGIE3,43.44
2023-05-08,ELET3,33.38
2023-05-08,EMBR3,16.4
2023-05-08,ENEV3,11.34
2023-05-08,ENGI11,43.34
2023-05-08,EQTL3,27.47
2023-05-08,FLRY3,15.86
2023-05-08,GGBR4,25.02
2023-05-08,GOAU4,11.55
2023-05-08,HAPV3,2.92
2023-05-08,HYPE3,37.72
2023-05-08,IGTI11,20.65
2023-05-08,ITSA4,8.8
2023-05-08,ITUB4,26.35
2023-05-08,KLBN11,19.94
2023-05-08,LREN3,16.8
2023-05-08,MGLU3,3.87
2023-05-08,MRFG3,6.69
2023-05-08,MRVE3,8.16
2023-05-08,MULT3,26.89
2023-05-08,NTCO3,11.27
2023-05-08,PETR3,27.23
2023-05-08,PETR4,24.51
2023-05-08,POMO4,4.29
2023-05-08,PRIO3,34.51
2023-05-08,PSSA3,23.59
2023-05-08,RADL3,26.82
2023-05-08,RAIL3,20.56
2023-05-08,RDOR3,23.71
2023-05-08,RENT3,58.18
2023-05-08,SANB11,28.52
2023-05-08,SBSP3,45.95
2023-05-08,SMFT3,15.61
2023-05-08,SUZB3,41.87
2023-05-08,TAEE11,36.04
2023-05-08,TEND3,6.94
2023-05-08,TIMS3,14.01
2023-05-08,TOTS3,27.34
2023-05-08,UGPA3,16.73
2023-05-08,USIM5,7.54
2023-05-08,VALE3,69.97
2023-05-08,VAMO3,11.37
2023-05-08,VBBR3,14.1
2023-05-08,VIVA3,21.36
2023-05-08,VIVT3,41.2
2023-05-08,WEGE3,39.2
2023-05-08,YDUQ3,9.48
2023-05-09,ABEV3,14.5
2023-05-09,ASAI3,11.62
2023-05-09,AURE3,13.9
2023-05-09,B3SA3,12.56
2023-05-09,BBAS3,42.95
2023-05-09,BBDC3,13.26
2023-05-09,BBDC4,15.17
2023-05-09,BBSE3,33.71
2023-05-09,BEEF3,9.13
2023-05-09,BPAC11,24.5
2023-05-09,BRAP4,22.85
2023-05-09,CCRO3,13.87
2023-05-09,CEAB3,3.5
2023-05-09,CMIG4,11.98
2023-05-09,CMIN3,4.55
2023-05-09,COGN3,2.15
2023-05-09,CPFE3,31.25
2023-05-09,CPLE3,7.0
2023-05-09,CSAN3,15.63
2023-05-09,CSMG3,17.8
2023-05-09,CSNA3,13.26
2023-05-09,CURY3,12.07
2023-05-09,CXSE3,9.7
2023-05-09,CYRE3,16.03
2023-05-09,DIRR3,15.71
2023-05-09,EGIE3,42.5
2023-05-09,ELET3,34.76
2023-05-09,EMBR3,16.45
2023-05-09,ENEV3,11.38
2023-05-09,ENGI11,43.96
2023-05-09,EQTL3,27.8
2023-05-09,FLRY3,16.23
2023-05-09,GGBR4,25.16
2023-05-09,GOAU4,11.61
2023-05-09,HAPV3,2.88
2023-05-09,HYPE3,38.52
2023-05-09,IGTI11,20.85
2023-05-09,ITSA4,8.85
2023-05-09,ITUB4,26.51
2023-05-09,KLBN11,20.24
2023-05-09,LREN3,17.5
2023-05-09,MGLU3,4.14
2023-05-09,MRFG3,6.68
2023-05-09,MRVE3,8.26
2023-05-09,MULT3,27.03
2023-05-09,NTCO3,12.97
2023-05-09,PETR3,27.44
2023-05-09,PETR4,24.59
2023-05-09,POMO4,4.3
2023-05-09,PRIO3,34.61
2023-05-09,PSSA3,23.51
2023-05-09,RADL3,27.13
2023-05-09,RAIL3,20.49
2023-05-09,RDOR3,24.48
2023-05-09,RENT3,58.93
2023-05-09,SANB11,28.96
2023-05-09,SBSP3,46.14
2023-05-09,SMFT3,15.73
2023-05-09,SUZB3,41.5
2023-05-09,TAEE11,36.25
2023-05-09,TEND3,7.32
2023-05-09,TIMS3,13.61
2023-05-09,TOTS3,27.92
2023-05-09,UGPA3,16.74
2023-05-09,USIM5,7.6
2023-05-09,VALE3,70.69
2023-05-09,VAMO3,11.63
2023-05-09,VBBR3,14.36
2023-05-09,VIVA3,21.45
2023-05-09,VIVT3,40.98
2023-05-09,WEGE3,39.86
2023-05-09,YDUQ3,9.2
2023-05-10,ABEV3,14.4
2023-05-10,ASAI3,11.7
2023-05-10,AURE3,13.71
2023-05-10,B3SA3,12.55
2023-05-10,BBAS3,43.51
2023-05-10,BBDC3,13.3
2023-05-10,BBDC4,15.2
2023-05-10,BBSE3,33.8
2023-05-10,BEEF3,9.45
2023-05-10,BPAC11,25.0
2023-05-10,BRAP4,22.67
2023-05-10,CCRO3,13.75
2023-05-10,CEAB3,3.68
2023-05-10,CMIG4,12.14
2023-05-10,CMIN3,4.53
2023-05-10,COGN3,2.3
2023-05-10,CPFE3,31.75
2023-05-10,CPLE3,7.1
2023-05-10,CSAN3,15.8
2023-05-10,CSMG3,18.3
2023-05-10,CSNA3,13.01
2023-05-10,CURY3,12.15
2023-05-10,CXSE3,9.79
2023-05-10,CYRE3,16.41
2023-05-10,DIRR3,15.87
2023-05-10,EGIE3,42.7
2023-05-10,ELET3,35.92
2023-05-10,EMBR3,16.81
2023-05-10,ENEV3,11.65
2023-05-10,ENGI11,44.86
2023-05-10,EQTL3,28.04
2023-05-10,FLRY3,16.35
2023-05-10,GGBR4,24.37
2023-05-10,GOAU4,11.32
2023-05-10,HAPV3,3.02
2023-05-10,HYPE3,38.57
2023-05-10,IGTI11,21.21
2023-05-10,ITSA4,8.92
2023-05-10,ITUB4,26.9
2023-05-10,KLBN11,20.04
2023-05-10,LREN3,17.5
2023-05-10,MGLU3,4.29
2023-05-10,MRFG3,6.7
2023-05-10,MRVE3,8.8
2023-05-10,MULT3,27.2
2023-05-10,NTCO3,12.86
2023-05-10,PETR3,27.49
2023-05-10,PETR4,24.53
2023-05-10,POMO4,4.26
2023-05-10,PRIO3,34.65
2023-05-10,PSSA3,23.87
2023-05-10,RADL3,27.57
2023-05-10,RAIL3,20.49
2023-05-10,RDOR3,24.45
2023-05-10,RENT3,60.05
2023-05-10,SANB11,29.34
2023-05-10,SBSP3,48.01
2023-05-10,SMFT3,15.85
2023-05-10,SUZB3,41.69
2023-05-10,TAEE11,36.55
2023-05-10,TEND3,7.2
2023-05-10,TIMS3,13.74
2023-05-10,TOTS3,28.03
2023-05-10,UGPA3,16.57
2023-05-10,USIM5,7.63
2023-05-10,VALE3,69.36
2023-05-10,VAMO3,11.42
2023-05-10,VBBR3,14.49
2023-05-10,VIVA3,22.09
2023-05-10,VIVT3,41.46
2023-05-10,WEGE3,39.35
2023-05-10,YDUQ3,11.39
2023-05-11,ABEV3,14.5
2023-05-11,ASAI3,11.68
2023-05-11,AURE3,13.93
2023-05-11,B3SA3,12.78
2023-05-11,BBAS3,44.4
2023-05-11,BBDC3,13.39
2023-05-11,BBDC4,15.4
2023-05-11,BBSE3,33.97
2023-05-11,BEEF3,9.76
2023-05-11,BPAC11,25.56
2023-05-11,BRAP4,22.08
2023-05-11,CCRO3,13.65
2023-05-11,CEAB3,3.8
2023-05-11,CMIG4,12.32
2023-05-11,CMIN3,4.37
2023-05-11,COGN3,2.36
2023-05-11,CPFE3,32.16
2023-05-11,CPLE3,7.0
2023-05-11,CSAN3,16.39
2023-05-11,CSMG3,18.48
2023-05-11,CSNA3,12.81
2023-05-11,CURY3,12.5
2023-05-11,CXSE3,9.96
2023-05-11,CYRE3,16.67
2023-05-11,DIRR3,16.21
2023-05-11,EGIE3,43.0
2023-05-11,ELET3,36.13
2023-05-11,EMBR3,17.08
2023-05-11,ENEV3,11.6
2023-05-11,ENGI11,45.2
2023-05-11,EQTL3,28.41
2023-05-11,FLRY3,16.46
2023-05-11,GGBR4,24.12
2023-05-11,GOAU4,11.18
2023-05-11,HAPV3,3.07
2023-05-11,HYPE3,37.72
2023-05-11,IGTI11,21.23
2023-05-11,ITSA4,9.0
2023-05-11,ITUB4,27.16
2023-05-11,KLBN11,19.92
2023-05-11,LREN3,16.92
2023-05-11,MGLU3,4.35
2023-05-11,MRFG3,6.72
2023-05-11,MRVE3,9.11
2023-05-11,MULT3,27.1
2023-05-11,NTCO3,12.92
2023-05-11,PETR3,28.15
2023-05-11,PETR4,25.43
2023-05-11,POMO4,4.44
2023-05-11,PRIO3,34.82
2023-05-11,PSSA3,23.87
2023-05-11,RADL3,27.88
2023-05-11,RAIL3,20.84
2023-05-11,RDOR3,25.22
2023-05-11,RENT3,61.84
2023-05-11,SANB11,30.03
2023-05-11,SBSP3,48.46
2023-05-11,SMFT3,16.65
2023-05-11,SUZB3,41.57
2023-05-11,TAEE11,37.07
2023-05-11,TEND3,7.43
2023-05-11,TIMS3,14.11
2023-05-11,TOTS3,28.03
2023-05-11,UGPA3,17.21
2023-05-11,USIM5,7.44
2023-05-11,VALE3,68.01
2023-05-11,VAMO3,11.82
2023-05-11,VBBR3,14.51
2023-05-11,VIVA3,22.62
2023-05-11,VIVT3,41.75
2023-05-11,WEGE3,39.32
2023-05-11,YDUQ3,12.31
2023-05-12,ABEV3,14.45
2023-05-12,ASAI3,11.56
2023-05-12,AURE3,13.96
2023-05-12,B3SA3,12.83
2023-05-12,BBAS3,44.23
2023-05-12,BBDC3,13.36
2023-05-12,BBDC4,15.47
2023-05-12,BBSE3,34.16
2023-05-12,BEEF3,9.67
2023-05-12,BPAC11,25.49
2023-05-12,BRAP4,21.79
2023-05-12,CCRO3,13.5
2023-05-12,CEAB3,3.84
2023-05-12,CMIG4,12.17
2023-05-12,CMIN3,4.41
2023-05-12,COGN3,2.41
2023-05-12,CPFE3,31.96
2023-05-12,CPLE3,6.94
2023-05-12,CSAN3,16.31
2023-05-12,CSMG3,18.65
2023-05-12,CSNA3,12.76
2023-05-12,CURY3,12.56
2023-05-12,CXSE3,9.94
2023-05-12,CYRE3,16.49
2023-05-12,DIRR3,15.94
2023-05-12,EGIE3,43.66
2023-05-12,ELET3,35.3
2023-05-12,EMBR3,17.55
2023-05-12,ENEV3,11.65
2023-05-12,ENGI11,44.09
2023-05-12,EQTL3,28.79
2023-05-12,FLRY3,16.63
2023-05-12,GGBR4,24.26
2023-05-12,GOAU4,11.22
2023-05-12,HAPV3,3.12
2023-05-12,HYPE3,38.06
2023-05-12,IGTI11,21.08
2023-05-12,ITSA4,8.96
2023-05-12,ITUB4,26.91
2023-05-12,KLBN11,20.05
2023-05-12,LREN3,16.82
2023-05-12,MGLU3,4.31
2023-05-12,MRFG3,6.56
2023-05-12,MRVE3,8.87
2023-05-12,MULT3,26.85
2023-05-12,NTCO3,13.2
2023-05-12,PETR3,29.14
2023-05-12,PETR4,26.25
2023-05-12,POMO4,4.5
2023-05-12,PRIO3,34.5
2023-05-12,PSSA3,22.54
2023-05-12,RADL3,27.95
2023-05-12,RAIL3,20.85
2023-05-12,RDOR3,25.46
2023-05-12,RENT3,61.53
2023-05-12,SANB11,30.25
2023-05-12,SBSP3,51.98
2023-05-12,SMFT3,16.7
2023-05-12,SUZB3,42.44
2023-05-12,TAEE11,37.19
2023-05-12,TEND3,7.52
2023-05-12,TIMS3,13.97
2023-05-12,TOTS3,27.93
2023-05-12,UGPA3,16.92
2023-05-12,USIM5,7.46
2023-05-12,VALE3,68.08
2023-05-12,VAMO3,11.6
2023-05-12,VBBR3,14.4
2023-05-12,VIVA3,23.05
2023-05-12,VIVT3,41.62
2023-05-12,WEGE3,38.91
2023-05-12,YDUQ3,12.44
2023-05-15,ABEV3,14.62
2023-05-15,ASAI3,11.73
2023-05-15,AURE3,14.02
2023-05-15,B3SA3,13.0
2023-05-15,BBAS3,44.44
2023-05-15,BBDC3,13.53
2023-05-15,BBDC4,15.71
2023-05-15,BBSE3,32.14
2023-05-15,BEEF3,9.67
2023-05-15,BPAC11,25.68
2023-05-15,BRAP4,22.3
2023-05-15,CCRO3,13.65
2023-05-15,CEAB3,3.99
2023-05-15,CMIG4,12.36
2023-05-15,CMIN3,4.47
2023-05-15,COGN3,2.43
2023-05-15,CPFE3,32.16
2023-05-15,CPLE3,6.94
2023-05-15,CSAN3,16.21
2023-05-15,CSMG3,19.6
2023-05-15,CSNA3,13.0
2023-05-15,CURY3,12.61
2023-05-15,CXSE3,9.76
2023-05-15,CYRE3,16.7
2023-05-15,DIRR3,15.97
2023-05-15,EGIE3,43.94
2023-05-15,ELET3,35.59
2023-05-15,EMBR3,17.65
2023-05-15,ENEV3,11.96
2023-05-15,ENGI11,45.21
2023-05-15,EQTL3,28.96
2023-05-15,FLRY3,16.58
2023-05-15,GGBR4,24.42
2023-05-15,GOAU4,11.32
2023-05-15,HAPV3,3.15
2023-05-15,HYPE3,38.06
2023-05-15,IGTI11,21.11
2023-05-15,ITSA4,9.0
2023-05-15,ITUB4,27.01
2023-05-15,KLBN11,20.96
2023-05-15,LREN3,17.34
2023-05-15,MGLU3,4.38
2023-05-15,MRFG3,6.61
2023-05-15,MRVE3,8.84
2023-05-15,MULT3,26.92
2023-05-15,NTCO3,13.28
2023-05-15,PETR3,28.56
2023-05-15,PETR4,25.66
2023-05-15,POMO4,4.35
2023-05-15,PRIO3,34.47
2023-05-15,PSSA3,22.94
2023-05-15,RADL3,28.14
2023-05-15,RAIL3,20.99
2023-05-15,RDOR3,26.05
2023-05-15,RENT3,61.26
2023-05-15,SANB11,29.93
2023-05-15,SBSP3,52.37
2023-05-15,SMFT3,17.29
2023-05-15,SUZB3,42.91
2023-05-15,TAEE11,37.17
2023-05-15,TEND3,7.47
2023-05-15,TIMS3,13.87
2023-05-15,TOTS3,28.59
2023-05-15,UGPA3,16.97
2023-05-15,USIM5,7.61
2023-05-15,VALE3,69.06
2023-05-15,VAMO3,11.59
2023-05-15,VBBR3,14.55
2023-05-15,VIVA3,23.68
2023-05-15,VIVT3,41.88
2023-05-15,WEGE3,39.64
2023-05-15,YDUQ3,12.3
2023-05-16,ABEV3,14.6
2023-05-16,ASAI3,11.15
2023-05-16,AURE3,14.0
2023-05-16,B3SA3,12.81
2023-05-16,BBAS3,43.16
2023-05-16,BBDC3,13.4
2023-05-16,BBDC4,15.58
2023-05-16,BBSE3,32.15
2023-05-16,BEEF3,9.37
2023-05-16,BPAC11,25.61
2023-05-16,BRAP4,22.06
2023-05-16,CCRO3,13.23
2023-05-16,CEAB3,3.93
2023-05-16,CMIG4,12.19
2023-05-16,CMIN3,4.45
2023-05-16,COGN3,2.33
2023-05-16,CPFE3,31.75
2023-05-16,CPLE3,6.86
2023-05-16,CSAN3,15.9
2023-05-16,CSMG3,19.59
2023-05-16,CSNA3,12.69
2023-05-16,CURY3,12.76
2023-05-16,CXSE3,9.77
2023-05-16,CYRE3,16.61
2023-05-16,DIRR3,16.06
2023-05-16,EGIE3,43.21
2023-05-16,ELET3,35.22
2023-05-16,EMBR3,17.85
2023-05-16,ENEV3,11.8
2023-05-16,ENGI11,44.66
2023-05-16,EQTL3,28.72
2023-05-16,FLRY3,16.21
2023-05-16,GGBR4,23.35
2023-05-16,GOAU4,10.82
2023-05-16,HAPV3,3.41
2023-05-16,HYPE3,37.8
2023-05-16,IGTI11,21.0
2023-05-16,ITSA4,8.98
2023-05-16,ITUB4,26.92
2023-05-16,KLBN11,20.59
2023-05-16,LREN3,16.98
2023-05-16,MGLU3,3.38
2023-05-16,MRFG3,6.22
2023-05-16,MRVE3,8.81
2023-05-16,MULT3,26.44
2023-05-16,NTCO3,12.78
2023-05-16,PETR3,29.2
2023-05-16,PETR4,26.3
2023-05-16,POMO4,4.33
2023-05-16,PRIO3,34.5
2023-05-16,PSSA3,22.92
2023-05-16,RADL3,28.12
2023-05-16,RAIL3,20.72
2023-05-16,RDOR3,27.8
2023-05-16,RENT3,61.13
2023-05-16,SANB11,29.79
2023-05-16,SBSP3,50.92
2023-05-16,SMFT3,16.74
2023-05-16,SUZB3,43.71
2023-05-16,TAEE11,37.02
2023-05-16,TEND3,7.27
2023-05-16,TIMS3,13.88
2023-05-16,TOTS3,28.3
2023-05-16,UGPA3,16.91
2023-05-16,USIM5,7.47
2023-05-16,VALE3,67.64
2023-05-16,VAMO3,11.36
2023-05-16,VBBR3,14.76
2023-05-16,VIVA3,23.12
2023-05-16,VIVT3,41.64
2023-05-16,WEGE3,39.7
2023-05-16,YDUQ3,11.86
2023-05-17,ABEV3,14.56
2023-05-17,ASAI3,11.19
2023-05-17,AURE3,13.84
2023-05-17,B3SA3,13.32
2023-05-17,BBAS3,43.23
2023-05-17,BBDC3,13.53
2023-05-17,BBDC4,15.65
2023-05-17,BBSE3,31.97
2023-05-17,BEEF3,9.1
2023-05-17,BPAC11,26.1
2023-05-17,BRAP4,22.9
2023-05-17,CCRO3,13.52
2023-05-17,CEAB3,4.28
2023-05-17,CMIG4,11.95
2023-05-17,CMIN3,4.69
2023-05-17,COGN3,2.49
2023-05-17,CPFE3,30.99
2023-05-17,CPLE3,6.78
2023-05-17,CSAN3,16.29
2023-05-17,CSMG3,19.57
2023-05-17,CSNA3,13.24
2023-05-17,CURY3,12.97
2023-05-17,CXSE3,9.85
2023-05-17,CYRE3,16.75
2023-05-17,DIRR3,16.47
2023-05-17,EGIE3,42.47
2023-05-17,ELET3,34.67
2023-05-17,EMBR3,18.1
2023-05-17,ENEV3,12.09
2023-05-17,ENGI11,44.56
2023-05-17,EQTL3,28.62
2023-05-17,FLRY3,16.2
2023-05-17,GGBR4,24.12
2023-05-17,GOAU4,11.16
2023-05-17,HAPV3,3.48
2023-05-17,HYPE3,38.0
2023-05-17,IGTI11,21.4
2023-05-17,ITSA4,9.01
2023-05-17,ITUB4,27.19
2023-05-17,KLBN11,20.83
2023-05-17,LREN3,18.62
2023-05-17,MGLU3,3.36
2023-05-17,MRFG3,6.29
2023-05-17,MRVE3,8.9
2023-05-17,MULT3,26.62
2023-05-17,NTCO3,13.22
2023-05-17,PETR3,29.02
2023-05-17,PETR4,25.66
2023-05-17,POMO4,4.56
2023-05-17,PRIO3,36.5
2023-05-17,PSSA3,22.86
2023-05-17,RADL3,28.08
2023-05-17,RAIL3,20.82
2023-05-17,RDOR3,28.1
2023-05-17,RENT3,62.25
2023-05-17,SANB11,30.03
2023-05-17,SBSP3,50.56
2023-05-17,SMFT3,17.08
2023-05-17,SUZB3,43.73
2023-05-17,TAEE11,37.09
2023-05-17,TEND3,7.31
2023-05-17,TIMS3,13.74
2023-05-17,TOTS3,28.64
2023-05-17,UGPA3,17.2
2023-05-17,USIM5,7.72
2023-05-17,VALE3,69.88
2023-05-17,VAMO3,11.5
2023-05-17,VBBR3,15.68
2023-05-17,VIVA3,24.13
2023-05-17,VIVT3,41.36
2023-05-17,WEGE3,39.46
2023-05-17,YDUQ3,12.57
2023-05-18,ABEV3,14.55
2023-05-18,ASAI3,11.3
2023-05-18,AURE3,13.84
2023-05-18,B3SA3,13.49
2023-05-18,BBAS3,43.2
2023-05-18,BBDC3,13.56
2023-05-18,BBDC4,15.7
2023-05-18,BBSE3,31.32
2023-05-18,BEEF3,9.73
2023-05-18,BPAC11,26.08
2023-05-18,BRAP4,22.94
2023-05-18,CCRO3,13.79
2023-05-18,CEAB3,4.31
2023-05-18,CMIG4,11.97
2023-05-18,CMIN3,4.73
2023-05-18,COGN3,2.57
2023-05-18,CPFE3,31.29
2023-05-18,CPLE3,6.76
2023-05-18,CSAN3,16.2
2023-05-18,CSMG3,19.65
2023-05-18,CSNA3,13.32
2023-05-18,CURY3,13.19
2023-05-18,CXSE3,9.87
2023-05-18,CYRE3,17.1
2023-05-18,DIRR3,16.77
2023-05-18,EGIE3,42.32
2023-05-18,ELET3,34.26
2023-05-18,EMBR3,18.08
2023-05-18,ENEV3,11.95
2023-05-18,ENGI11,44.17
2023-05-18,EQTL3,28.84
2023-05-18,FLRY3,16.6
2023-05-18,GGBR4,24.2
2023-05-18,GOAU4,11.26
2023-05-18,HAPV3,3.67
2023-05-18,HYPE3,38.55
2023-05-18,IGTI11,21.65
2023-05-18,ITSA4,8.99
2023-05-18,ITUB4,27.09
2023-05-18,KLBN11,21.55
2023-05-18,LREN3,18.85
2023-05-18,MGLU3,3.54
2023-05-18,MRFG3,6.56
2023-05-18,MRVE3,9.14
2023-05-18,MULT3,26.92
2023-05-18,NTCO3,13.29
2023-05-18,PETR3,29.15
2023-05-18,PETR4,25.81
2023-05-18,POMO4,4.59
2023-05-18,PRIO3,36.35
2023-05-18,PSSA3,22.5
2023-05-18,RADL3,28.5
2023-05-18,RAIL3,21.07
2023-05-18,RDOR3,28.98
2023-05-18,RENT3,62.94
2023-05-18,SANB11,30.1
2023-05-18,SBSP3,50.99
2023-05-18,SMFT3,17.31
2023-05-18,SUZB3,45.35
2023-05-18,TAEE11,37.16
2023-05-18,TEND3,7.34
2023-05-18,TIMS3,13.84
2023-05-18,TOTS3,29.06
2023-05-18,UGPA3,17.62
2023-05-18,USIM5,7.8
2023-05-18,VALE3,69.98
2023-05-18,VAMO3,12.05
2023-05-18,VBBR3,16.2
2023-05-18,VIVA3,25.04
2023-05-18,VIVT3,41.57
2023-05-18,WEGE3,39.3
2023-05-18,YDUQ3,13.06
2023-05-19,ABEV3,14.58
2023-05-19,ASAI3,11.82
2023-05-19,AURE3,13.97
2023-05-19,B3SA3,13.56
2023-05-19,BBAS3,44.04
2023-05-19,BBDC3,13.72
2023-05-19,BBDC4,16.08
2023-05-19,BBSE3,30.9
2023-05-19,BEEF3,10.2
2023-05-19,BPAC11,26.38
2023-05-19,BRAP4,22.74
2023-05-19,CCRO3,13.89
2023-05-19,CEAB3,4.25
2023-05-19,CMIG4,12.12
2023-05-19,CMIN3,4.9
2023-05-19,COGN3,2.49
2023-05-19,CPFE3,31.8
2023-05-19,CPLE3,6.76
2023-05-19,CSAN3,15.91
2023-05-19,CSMG3,19.8
2023-05-19,CSNA3,13.4
2023-05-19,CURY3,13.55
2023-05-19,CXSE3,9.92
2023-05-19,CYRE3,17.15
2023-05-19,DIRR3,17.03
2023-05-19,EGIE3,42.62
2023-05-19,ELET3,35.32
2023-05-19,EMBR3,18.02
2023-05-19,ENEV3,11.96
2023-05-19,ENGI11,45.95
2023-05-19,EQTL3,29.31
2023-05-19,FLRY3,16.79
2023-05-19,GGBR4,24.08
2023-05-19,GOAU4,11.18
2023-05-19,HAPV3,3.61
2023-05-19,HYPE3,39.43
2023-05-19,IGTI11,21.88
2023-05-19,ITSA4,8.93
2023-05-19,ITUB4,26.87
2023-05-19,KLBN11,21.98
2023-05-19,LREN3,19.41
2023-05-19,MGLU3,3.64
2023-05-19,MRFG3,6.91
2023-05-19,MRVE3,9.83
2023-05-19,MULT3,27.05
2023-05-19,NTCO3,13.22
2023-05-19,PETR3,29.29
2023-05-19,PETR4,25.92
2023-05-19,POMO4,4.73
2023-05-19,PRIO3,36.97
2023-05-19,PSSA3,22.86
2023-05-19,RADL3,28.65
2023-05-19,RAIL3,21.18
2023-05-19,RDOR3,28.9
2023-05-19,RENT3,63.31
2023-05-19,SANB11,29.98
2023-05-19,SBSP3,51.03
2023-05-19,SMFT3,16.77
2023-05-19,SUZB3,45.42
2023-05-19,TAEE11,37.08
2023-05-19,TEND3,7.78
2023-05-19,TIMS3,13.98
2023-05-19,TOTS3,28.91
2023-05-19,UGPA3,17.52
2023-05-19,USIM5,7.99
2023-05-19,VALE3,69.21
2023-05-19,VAMO3,13.06
2023-05-19,VBBR3,16.57
2023-05-19,VIVA3,24.74
2023-05-19,VIVT3,41.68
2023-05-19,WEGE3,40.13
2023-05-19,YDUQ3,13.12
2023-05-22,ABEV3,14.62
2023-05-22,ASAI3,12.01
2023-05-22,AURE3,14.18
2023-05-22,B3SA3,13.39
2023-05-22,BBAS3,43.46
2023-05-22,BBDC3,13.66
2023-05-22,BBDC4,15.92
2023-05-22,BBSE3,30.93
2023-05-22,BEEF3,10.29
2023-05-22,BPAC11,25.92
2023-05-22,BRAP4,22.57
2023-05-22,CCRO3,13.72
2023-05-22,CEAB3,4.28
2023-05-22,CMIG4,12.06
2023-05-22,CMIN3,4.78
2023-05-22,COGN3,2.67
2023-05-22,CPFE3,31.64
2023-05-22,CPLE3,6.75
2023-05-22,CSAN3,15.92
2023-05-22,CSMG3,19.81
2023-05-22,CSNA3,13.4
2023-05-22,CURY3,13.47
2023-05-22,CXSE3,9.85
2023-05-22,CYRE3,17.39
2023-05-22,DIRR3,17.01
2023-05-22,EGIE3,42.49
2023-05-22,ELET3,35.8
2023-05-22,EMBR3,18.03
2023-05-22,ENEV3,11.91
2023-05-22,ENGI11,45.02
2023-05-22,EQTL3,29.24
2023-05-22,FLRY3,16.84
2023-05-22,GGBR4,25.09
2023-05-22,GOAU4,11.54
2023-05-22,HAPV3,3.7
2023-05-22,HYPE3,39.8
2023-05-22,IGTI11,22.0
2023-05-22,ITSA4,8.87
2023-05-22,ITUB4,26.36
2023-05-22,KLBN11,21.89
2023-05-22,LREN3,18.93
2023-05-22,MGLU3,3.8
2023-05-22,MRFG3,6.95
2023-05-22,MRVE3,9.5
2023-05-22,MULT3,26.86
2023-05-22,NTCO3,13.65
2023-05-22,PETR3,28.85
2023-05-22,PETR4,25.62
2023-05-22,POMO4,4.63
2023-05-22,PRIO3,36.19
2023-05-22,PSSA3,22.95
2023-05-22,RADL3,27.92
2023-05-22,RAIL3,21.13
2023-05-22,RDOR3,29.2
2023-05-22,RENT3,63.31
2023-05-22,SANB11,29.78
2023-05-22,SBSP3,50.84
2023-05-22,SMFT3,16.53
2023-05-22,SUZB3,45.18
2023-05-22,TAEE11,37.08
2023-05-22,TEND3,7.92
2023-05-22,TIMS3,14.06
2023-05-22,TOTS3,28.91
2023-05-22,UGPA3,17.4
2023-05-22,USIM5,7.84
2023-05-22,VALE3,68.1
2023-05-22,VAMO3,12.88
2023-05-22,VBBR3,16.89
2023-05-22,VIVA3,24.78
2023-05-22,VIVT3,41.7
2023-05-22,WEGE3,40.36
2023-05-22,YDUQ3,13.4
2023-05-23,ABEV3,14.59
2023-05-23,ASAI3,11.57
2023-05-23,AURE3,14.13
2023-05-23,B3SA3,13.21
2023-05-23,BBAS3,44.48
2023-05-23,BBDC3,13.75
2023-05-23,BBDC4,16.05
2023-05-23,BBSE3,30.77
2023-05-23,BEEF3,10.16
2023-05-23,BPAC11,25.91
2023-05-23,BRAP4,21.9
2023-05-23,CCRO3,13.75
2023-05-23,CEAB3,4.3
2023-05-23,CMIG4,12.0
2023-05-23,CMIN3,4.67
2023-05-23,COGN3,2.64
2023-05-23,CPFE3,31.9
2023-05-23,CPLE3,6.82
2023-05-23,CSAN3,15.8
2023-05-23,CSMG3,19.61
2023-05-23,CSNA3,13.11
2023-05-23,CURY3,13.3
2023-05-23,CXSE3,9.92
2023-05-23,CYRE3,17.48
2023-05-23,DIRR3,17.2
2023-05-23,EGIE3,42.21
2023-05-23,ELET3,35.83
2023-05-23,EMBR3,17.76
2023-05-23,ENEV3,11.74
2023-05-23,ENGI11,44.47
2023-05-23,EQTL3,29.15
2023-05-23,FLRY3,16.36
2023-05-23,GGBR4,25.04
2023-05-23,GOAU4,11.58
2023-05-23,HAPV3,3.65
2023-05-23,HYPE3,39.35
2023-05-23,IGTI11,22.0
2023-05-23,ITSA4,8.91
2023-05-23,ITUB4,26.57
2023-05-23,KLBN11,21.76
2023-05-23,LREN3,18.62
2023-05-23,MGLU3,3.66
2023-05-23,MRFG3,6.59
2023-05-23,MRVE3,9.28
2023-05-23,MULT3,26.73
2023-05-23,NTCO3,13.36
2023-05-23,PETR3,29.45
2023-05-23,PETR4,26.25
2023-05-23,POMO4,4.67
2023-05-23,PRIO3,36.16
2023-05-23,PSSA3,23.09
2023-05-23,RADL3,28.09
2023-05-23,RAIL3,21.01
2023-05-23,RDOR3,29.15
2023-05-23,RENT3,63.0
2023-05-23,SANB11,29.61
2023-05-23,SBSP3,50.48
2023-05-23,SMFT3,16.63
2023-05-23,SUZB3,45.86
2023-05-23,TAEE11,37.25
2023-05-23,TEND3,7.86
2023-05-23,TIMS3,14.17
2023-05-23,TOTS3,28.82
2023-05-23,UGPA3,17.25
2023-05-23,USIM5,7.49
2023-05-23,VALE3,66.56
2023-05-23,VAMO3,12.75
2023-05-23,VBBR3,16.98
2023-05-23,VIVA3,24.4
2023-05-23,VIVT3,41.69
2023-05-23,WEGE3,40.22
2023-05-23,YDUQ3,13.6
2023-05-24,ABEV3,14.66
2023-05-24,ASAI3,11.21
2023-05-24,AURE3,14.15
2023-05-24,B3SA3,12.86
2023-05-24,BBAS3,44.64
2023-05-24,BBDC3,13.46
2023-05-24,BBDC4,15.56
2023-05-24,BBSE3,31.37
2023-05-24,BEEF3,9.73
2023-05-24,BPAC11,25.83
2023-05-24,BRAP4,21.47
2023-05-24,CCRO3,13.55
2023-05-24,CEAB3,4.24
2023-05-24,CMIG4,12.0
2023-05-24,CMIN3,4.52
2023-05-24,COGN3,2.66
2023-05-24,CPFE3,31.75
2023-05-24,CPLE3,6.72
2023-05-24,CSAN3,15.63
2023-05-24,CSMG3,19.72
2023-05-24,CSNA3,12.61
2023-05-24,CURY3,12.9
2023-05-24,CXSE3,10.0
2023-05-24,CYRE3,17.62
2023-05-24,DIRR3,16.98
2023-05-24,EGIE3,42.27
2023-05-24,ELET3,35.08
2023-05-24,EMBR3,17.39
2023-05-24,ENEV3,11.61
2023-05-24,ENGI11,43.87
2023-05-24,EQTL3,28.72
2023-05-24,FLRY3,16.38
2023-05-24,GGBR4,24.46
2023-05-24,GOAU4,11.29
2023-05-24,HAPV3,3.55
2023-05-24,HYPE3,39.27
2023-05-24,IGTI11,22.03
2023-05-24,ITSA4,8.9
2023-05-24,ITUB4,26.42
2023-05-24,KLBN11,21.3
2023-05-24,LREN3,18.39
2023-05-24,MGLU3,3.63
2023-05-24,MRFG3,6.43
2023-05-24,MRVE3,9.1
2023-05-24,MULT3,26.5
2023-05-24,NTCO3,13.34
2023-05-24,PETR3,29.77
2023-05-24,PETR4,26.65
2023-05-24,POMO4,4.67
2023-05-24,PRIO3,35.95
2023-05-24,PSSA3,23.2
2023-05-24,RADL3,28.32
2023-05-24,RAIL3,20.75
2023-05-24,RDOR3,28.6
2023-05-24,RENT3,62.68
2023-05-24,SANB11,29.48
2023-05-24,SBSP3,50.03
2023-05-24,SMFT3,16.87
2023-05-24,SUZB3,44.59
2023-05-24,TAEE11,37.33
2023-05-24,TEND3,7.25
2023-05-24,TIMS3,14.2
2023-05-24,TOTS3,28.21
2023-05-24,UGPA3,17.44
2023-05-24,USIM5,7.39
2023-05-24,VALE3,65.05
2023-05-24,VAMO3,12.48
2023-05-24,VBBR3,17.16
2023-05-24,VIVA3,23.75
2023-05-24,VIVT3,41.22
2023-05-24,WEGE3,39.82
2023-05-24,YDUQ3,13.37
2023-05-25,ABEV3,14.74
2023-05-25,ASAI3,11.63
2023-05-25,AURE3,14.2
2023-05-25,B3SA3,13.18
2023-05-25,BBAS3,44.66
2023-05-25,BBDC3,13.69
2023-05-25,BBDC4,16.12
2023-05-25,BBSE3,31.81
2023-05-25,BEEF3,9.8
2023-05-25,BPAC11,26.87
2023-05-25,BRAP4,21.42
2023-05-25,CCRO3,13.72
2023-05-25,CEAB3,4.48
2023-05-25,CMIG4,12.04
2023-05-25,CMIN3,4.53
2023-05-25,COGN3,2.73
2023-05-25,CPFE3,31.72
2023-05-25,CPLE3,6.87
2023-05-25,CSAN3,15.58
2023-05-25,CSMG3,19.99
2023-05-25,CSNA3,12.32
2023-05-25,CURY3,13.49
2023-05-25,CXSE3,10.17
2023-05-25,CYRE3,18.71
2023-05-25,DIRR3,17.35
2023-05-25,EGIE3,42.52
2023-05-25,ELET3,36.08
2023-05-25,EMBR3,18.08
2023-05-25,ENEV3,11.76
2023-05-25,ENGI11,45.77
2023-05-25,EQTL3,28.97
2023-05-25,FLRY3,16.69
2023-05-25,GGBR4,24.21
2023-05-25,GOAU4,11.31
2023-05-25,HAPV3,3.94
2023-05-25,HYPE3,40.39
2023-05-25,IGTI11,22.04
2023-05-25,ITSA4,9.03
2023-05-25,ITUB4,27.25
2023-05-25,KLBN11,21.31
2023-05-25,LREN3,19.5
2023-05-25,MGLU3,3.76
2023-05-25,MRFG3,6.43
2023-05-25,MRVE3,10.04
2023-05-25,MULT3,26.79
2023-05-25,NTCO3,13.5
2023-05-25,PETR3,29.55
2023-05-25,PETR4,26.45
2023-05-25,POMO4,4.53
2023-05-25,PRIO3,35.63
2023-05-25,PSSA3,23.49
2023-05-25,RADL3,28.19
2023-05-25,RAIL3,20.99
2023-05-25,RDOR3,29.66
2023-05-25,RENT3,63.94
2023-05-25,SANB11,29.18
2023-05-25,SBSP3,51.33
2023-05-25,SMFT3,17.95
2023-05-25,SUZB3,44.12
2023-05-25,TAEE11,37.62
2023-05-25,TEND3,7.57
2023-05-25,TIMS3,14.4
2023-05-25,TOTS3,29.84
2023-05-25,UGPA3,17.09
2023-05-25,USIM5,7.28
2023-05-25,VALE3,64.85
2023-05-25,VAMO3,13.1
2023-05-25,VBBR3,16.95
2023-05-25,VIVA3,24.68
2023-05-25,VIVT3,42.16
2023-05-25,WEGE3,39.04
2023-05-25,YDUQ3,13.85
2023-05-26,ABEV3,14.76
2023-05-26,ASAI3,11.4
2023-05-26,AURE3,14.13
2023-05-26,B3SA3,13.66
2023-05-26,BBAS3,44.4
2023-05-26,BBDC3,13.67
2023-05-26,BBDC4,16.12
2023-05-26,BBSE3,31.9
2023-05-26,BEEF3,9.93
2023-05-26,BPAC11,27.14
2023-05-26,BRAP4,22.02
2023-05-26,CCRO3,13.68
2023-05-26,CEAB3,4.51
2023-05-26,CMIG4,12.03
2023-05-26,CMIN3,4.58
2023-05-26,COGN3,2.76
2023-05-26,CPFE3,31.75
2023-05-26,CPLE3,6.87
2023-05-26,CSAN3,15.51
2023-05-26,CSMG3,20.23
2023-05-26,CSNA3,12.49
2023-05-26,CURY3,13.76
2023-05-26,CXSE3,10.16
2023-05-26,CYRE3,18.81
2023-05-26,DIRR3,17.62
2023-05-26,EGIE3,42.63
2023-05-26,ELET3,35.5
2023-05-26,EMBR3,18.48
2023-05-26,ENEV3,11.69
2023-05-26,ENGI11,45.57
2023-05-26,EQTL3,28.9
2023-05-26,FLRY3,16.48
2023-05-26,GGBR4,24.96
2023-05-26,GOAU4,11.66
2023-05-26,HAPV3,3.9
2023-05-26,HYPE3,41.2
2023-05-26,IGTI11,22.09
2023-05-26,ITSA4,8.98
2023-05-26,ITUB4,27.04
2023-05-26,KLBN11,21.55
2023-05-26,LREN3,20.04
2023-05-26,MGLU3,3.82
2023-05-26,MRFG3,6.42
2023-05-26,MRVE3,9.92
2023-05-26,MULT3,26.92
2023-05-26,NTCO3,13.76
2023-05-26,PETR3,30.04
2023-05-26,PETR4,26.8
2023-05-26,POMO4,4.6
2023-05-26,PRIO3,35.35
2023-05-26,PSSA3,23.34
2023-05-26,RADL3,28.72
2023-05-26,RAIL3,21.0
2023-05-26,RDOR3,29.66
2023-05-26,RENT3,64.24
2023-05-26,SANB11,29.22
2023-05-26,SBSP3,53.49
2023-05-26,SMFT3,18.36
2023-05-26,SUZB3,45.35
2023-05-26,TAEE11,37.68
2023-05-26,TEND3,7.95
2023-05-26,TIMS3,14.33
2023-05-26,TOTS3,29.76
2023-05-26,UGPA3,16.82
2023-05-26,USIM5,7.31
2023-05-26,VALE3,66.33
2023-05-26,VAMO3,13.33
2023-05-26,VBBR3,17.12
2023-05-26,VIVA3,25.42
2023-05-26,VIVT3,41.87
2023-05-26,WEGE3,39.51
2023-05-26,YDUQ3,14.08
2023-05-29,ABEV3,14.76
2023-05-29,ASAI3,11.52
2023-05-29,AURE3,14.19
2023-05-29,B3SA3,13.53
2023-05-29,BBAS3,44.32
2023-05-29,BBDC3,13.66
2023-05-29,BBDC4,16.14
2023-05-29,BBSE3,32.09
2023-05-29,BEEF3,9.72
2023-05-29,BPAC11,27.3
2023-05-29,BRAP4,22.02
2023-05-29,CCRO3,13.58
2023-05-29,CEAB3,4.52
2023-05-29,CMIG4,11.97
2023-05-29,CMIN3,4.57
2023-05-29,COGN3,2.85
2023-05-29,CPFE3,31.64
2023-05-29,CPLE3,6.9
2023-05-29,CSAN3,15.33
2023-05-29,CSMG3,20.1
2023-05-29,CSNA3,12.47
2023-05-29,CURY3,13.57
2023-05-29,CXSE3,10.28
2023-05-29,CYRE3,18.79
2023-05-29,DIRR3,17.19
2023-05-29,EGIE3,43.02
2023-05-29,ELET3,34.78
2023-05-29,EMBR3,18.81
2023-05-29,ENEV3,11.58
2023-05-29,ENGI11,44.65
2023-05-29,EQTL3,28.24
2023-05-29,FLRY3,16.1
2023-05-29,GGBR4,24.95
2023-05-29,GOAU4,11.62
2023-05-29,HAPV3,3.9
2023-05-29,HYPE3,41.43
2023-05-29,IGTI11,22.03
2023-05-29,ITSA4,8.97
2023-05-29,ITUB4,26.92
2023-05-29,KLBN11,21.28
2023-05-29,LREN3,19.69
2023-05-29,MGLU3,3.79
2023-05-29,MRFG3,6.39
2023-05-29,MRVE3,9.93
2023-05-29,MULT3,26.79
2023-05-29,NTCO3,13.7
2023-05-29,PETR3,29.85
2023-05-29,PETR4,26.69
2023-05-29,POMO4,4.41
2023-05-29,PRIO3,35.12
2023-05-29,PSSA3,23.8
2023-05-29,RADL3,28.7
2023-05-29,RAIL3,20.75
2023-05-29,RDOR3,29.45
2023-05-29,RENT3,64.23
2023-05-29,SANB11,29.31
2023-05-29,SBSP3,52.94
2023-05-29,SMFT3,18.42
2023-05-29,SUZB3,45.38
2023-05-29,TAEE11,37.86
2023-05-29,TEND3,8.04
2023-05-29,TIMS3,14.37
2023-05-29,TOTS3,29.3
2023-05-29,UGPA3,16.93
2023-05-29,USIM5,7.28
2023-05-29,VALE3,65.83
2023-05-29,VAMO3,13.27
2023-05-29,VBBR3,16.45
2023-05-29,VIVA3,25.12
2023-05-29,VIVT3,41.8
2023-05-29,WEGE3,38.88
2023-05-29,YDUQ3,14.33
2023-05-30,ABEV3,14.48
2023-05-30,ASAI3,11.22
2023-05-30,AURE3,14.17
2023-05-30,B3SA3,13.35
2023-05-30,BBAS3,44.7
2023-05-30,BBDC3,13.41
2023-05-30,BBDC4,15.7
2023-05-30,BBSE3,31.69
2023-05-30,BEEF3,9.84
2023-05-30,BPAC11,26.62
2023-05-30,BRAP4,21.43
2023-05-30,CCRO3,13.77
2023-05-30,CEAB3,4.36
2023-05-30,CMIG4,11.91
2023-05-30,CMIN3,4.44
2023-05-30,COGN3,2.86
2023-05-30,CPFE3,31.07
2023-05-30,CPLE3,6.77
2023-05-30,CSAN3,15.06
2023-05-30,CSMG3,20.03
2023-05-30,CSNA3,12.0
2023-05-30,CURY3,13.62
2023-05-30,CXSE3,10.3
2023-05-30,CYRE3,18.55
2023-05-30,DIRR3,17.33
2023-05-30,EGIE3,42.74
2023-05-30,ELET3,34.83
2023-05-30,EMBR3,18.88
2023-05-30,ENEV3,11.54
2023-05-30,ENGI11,44.24
2023-05-30,EQTL3,28.1
2023-05-30,FLRY3,15.94
2023-05-30,GGBR4,24.32
2023-05-30,GOAU4,11.34
2023-05-30,HAPV3,4.06
2023-05-30,HYPE3,41.05
2023-05-30,IGTI11,21.95
2023-05-30,ITSA4,8.88
2023-05-30,ITUB4,26.54
2023-05-30,KLBN11,21.3
2023-05-30,LREN3,19.32
2023-05-30,MGLU3,3.73
2023-05-30,MRFG3,6.25
2023-05-30,MRVE3,9.83
2023-05-30,MULT3,26.75
2023-05-30,NTCO3,13.82
2023-05-30,PETR3,29.57
2023-05-30,PETR4,26.39
2023-05-30,POMO4,4.4
2023-05-30,PRIO3,34.13
2023-05-30,PSSA3,23.9
2023-05-30,RADL3,28.46
2023-05-30,RAIL3,20.81
2023-05-30,RDOR3,28.99
2023-05-30,RENT3,63.21
2023-05-30,SANB11,28.87
2023-05-30,SBSP3,52.51
2023-05-30,SMFT3,17.96
2023-05-30,SUZB3,45.12
2023-05-30,TAEE11,37.59
2023-05-30,TEND3,8.14
2023-05-30,TIMS3,14.37
2023-05-30,TOTS3,29.11
2023-05-30,UGPA3,16.97
2023-05-30,USIM5,7.07
2023-05-30,VALE3,64.28
2023-05-30,VAMO3,12.8
2023-05-30,VBBR3,16.05
2023-05-30,VIVA3,24.93
2023-05-30,VIVT3,41.04
2023-05-30,WEGE3,38.34
2023-05-30,YDUQ3,14.19
2023-05-31,ABEV3,14.41
2023-05-31,ASAI3,10.75
2023-05-31,AURE3,14.08
2023-05-31,B3SA3,13.32
2023-05-31,BBAS3,44.62
2023-05-31,BBDC3,13.27
2023-05-31,BBDC4,15.51
2023-05-31,BBSE3,30.93
2023-05-31,BEEF3,10.22
2023-05-31,BPAC11,26.3
2023-05-31,BRAP4,21.29
2023-05-31,CCRO3,13.57
2023-05-31,CEAB3,4.6
2023-05-31,CMIG4,11.7
2023-05-31,CMIN3,4.4
2023-05-31,COGN3,2.89
2023-05-31,CPFE3,30.28
2023-05-31,CPLE3,6.64
2023-05-31,CSAN3,15.0
2023-05-31,CSMG3,19.94
2023-05-31,CSNA3,12.15
2023-05-31,CURY3,13.81
2023-05-31,CXSE3,10.24
2023-05-31,CYRE3,18.68
2023-05-31,DIRR3,17.47
2023-05-31,EGIE3,42.03
2023-05-31,ELET3,35.3
2023-05-31,EMBR3,19.02
2023-05-31,ENEV3,11.45
2023-05-31,ENGI11,44.04
2023-05-31,EQTL3,28.15
2023-05-31,FLRY3,15.59
2023-05-31,GGBR4,23.97
2023-05-31,GOAU4,11.21
2023-05-31,HAPV3,3.99
2023-05-31,HYPE3,40.82
2023-05-31,IGTI11,21.76
2023-05-31,ITSA4,8.78
2023-05-31,ITUB4,26.33
2023-05-31,KLBN11,20.98
2023-05-31,LREN3,19.45
2023-05-31,MGLU3,3.8
2023-05-31,MRFG3,6.64
2023-05-31,MRVE3,10.08
2023-05-31,MULT3,26.53
2023-05-31,NTCO3,13.89
2023-05-31,PETR3,29.21
2023-05-31,PETR4,26.12
2023-05-31,POMO4,4.62
2023-05-31,PRIO3,34.19
2023-05-31,PSSA3,23.91
2023-05-31,RADL3,28.33
2023-05-31,RAIL3,20.82
2023-05-31,RDOR3,29.0
2023-05-31,RENT3,62.04
2023-05-31,SANB11,28.6
2023-05-31,SBSP3,52.55
2023-05-31,SMFT3,19.05
2023-05-31,SUZB3,44.78
2023-05-31,TAEE11,36.92
2023-05-31,TEND3,8.15
2023-05-31,TIMS3,13.96
2023-05-31,TOTS3,28.76
2023-05-31,UGPA3,16.93
2023-05-31,USIM5,7.02
2023-05-31,VALE3,63.81
2023-05-31,VAMO3,12.87
2023-05-31,VBBR3,16.09
2023-05-31,VIVA3,25.48
2023-05-31,VIVT3,40.0
2023-05-31,WEGE3,37.61
2023-05-31,YDUQ3,14.07
2023-06-01,ABEV3,14.24
2023-06-01,ASAI3,11.01
2023-06-01,AURE3,14.14
2023-06-01,B3SA3,14.3
2023-06-01,BBAS3,44.74
2023-06-01,BBDC3,13.38
2023-06-01,BBDC4,15.78
2023-06-01,BBSE3,30.52
2023-06-01,BEEF3,10.14
2023-06-01,BPAC11,27.28
2023-06-01,BRAP4,21.53
2023-06-01,CCRO3,13.86
2023-06-01,CEAB3,5.34
2023-06-01,CMIG4,11.77
2023-06-01,CMIN3,4.47
2023-06-01,COGN3,3.01
2023-06-01,CPFE3,29.88
2023-06-01,CPLE3,6.7
2023-06-01,CSAN3,15.32
2023-06-01,CSMG3,20.09
2023-06-01,CSNA3,12.22
2023-06-01,CURY3,14.09
2023-06-01,CXSE3,10.44
2023-06-01,CYRE3,18.95
2023-06-01,DIRR3,17.84
2023-06-01,EGIE3,42.31
2023-06-01,ELET3,35.6
2023-06-01,EMBR3,19.46
2023-06-01,ENEV3,11.74
2023-06-01,ENGI11,42.6
2023-06-01,EQTL3,27.95
2023-06-01,FLRY3,15.85
2023-06-01,GGBR4,24.29
2023-06-01,GOAU4,11.34
2023-06-01,HAPV3,4.1
2023-06-01,HYPE3,41.59
2023-06-01,IGTI11,21.76
2023-06-01,ITSA4,8.89
2023-06-01,ITUB4,26.7
2023-06-01,KLBN11,20.83
2023-06-01,LREN3,20.56
2023-06-01,MGLU3,4.06
2023-06-01,MRFG3,6.65
2023-06-01,MRVE3,10.7
2023-06-01,MULT3,26.48
2023-06-01,NTCO3,14.39
2023-06-01,PETR3,30.06
2023-06-01,PETR4,26.96
2023-06-01,POMO4,4.77
2023-06-01,PRIO3,34.17
2023-06-01,PSSA3,23.77
2023-06-01,RADL3,28.62
2023-06-01,RAIL3,21.97
2023-06-01,RDOR3,30.23
2023-06-01,RENT3,65.53
2023-06-01,SANB11,29.12
2023-06-01,SBSP3,52.3
2023-06-01,SMFT3,19.57
2023-06-01,SUZB3,45.0
2023-06-01,TAEE11,37.08
2023-06-01,TEND3,8.43
2023-06-01,TIMS3,13.76
2023-06-01,TOTS3,30.09
2023-06-01,UGPA3,17.65
2023-06-01,USIM5,7.16
2023-06-01,VALE3,65.16
2023-06-01,VAMO3,13.46
2023-06-01,VBBR3,16.93
2023-06-01,VIVA3,26.29
2023-06-01,VIVT3,40.56
2023-06-01,WEGE3,37.19
2023-06-01,YDUQ3,14.98
2023-06-02,ABEV3,14.46
2023-06-02,ASAI3,11.5
2023-06-02,AURE3,14.06
2023-06-02,B3SA3,14.42
2023-06-02,BBAS3,44.87
2023-06-02,BBDC3,13.72
2023-06-02,BBDC4,16.04
2023-06-02,BBSE3,30.99
2023-06-02,BEEF3,10.36
2023-06-02,BPAC11,28.2
2023-06-02,BRAP4,22.44
2023-06-02,CCRO3,14.15
2023-06-02,CEAB3,5.09
2023-06-02,CMIG4,11.88
2023-06-02,CMIN3,4.67
2023-06-02,COGN3,2.91
2023-06-02,CPFE3,30.01
2023-06-02,CPLE3,6.73
2023-06-02,CSAN3,16.53
2023-06-02,CSMG3,20.18
2023-06-02,CSNA3,12.82
2023-06-02,CURY3,14.45
2023-06-02,CXSE3,10.45
2023-06-02,CYRE3,19.2
2023-06-02,DIRR3,18.6
2023-06-02,EGIE3,42.92
2023-06-02,ELET3,36.34
2023-06-02,EMBR3,19.49
2023-06-02,ENEV3,11.96
2023-06-02,ENGI11,43.91
2023-06-02,EQTL3,28.16
2023-06-02,FLRY3,15.7
2023-06-02,GGBR4,25.08
2023-06-02,GOAU4,11.7
2023-06-02,HAPV3,4.12
2023-06-02,HYPE3,41.99
2023-06-02,IGTI11,21.61
2023-06-02,ITSA4,9.1
2023-06-02,ITUB4,27.09
2023-06-02,KLBN11,21.23
2023-06-02,LREN3,20.47
2023-06-02,MGLU3,3.87
2023-06-02,MRFG3,6.69
2023-06-02,MRVE3,10.75
2023-06-02,MULT3,26.13
2023-06-02,NTCO3,14.42
2023-06-02,PETR3,30.42
2023-06-02,PETR4,27.18
2023-06-02,POMO4,4.78
2023-06-02,PRIO3,35.32
2023-06-02,PSSA3,23.89
2023-06-02,RADL3,27.59
2023-06-02,RAIL3,22.63
2023-06-02,RDOR3,30.8
2023-06-02,RENT3,66.15
2023-06-02,SANB11,29.79
2023-06-02,SBSP3,53.11
2023-06-02,SMFT3,18.9
2023-06-02,SUZB3,46.42
2023-06-02,TAEE11,36.93
2023-06-02,TEND3,8.63
2023-06-02,TIMS3,14.02
2023-06-02,TOTS3,28.83
2023-06-02,UGPA3,18.0
2023-06-02,USIM5,7.38
2023-06-02,VALE3,67.94
2023-06-02,VAMO3,13.62
2023-06-02,VBBR3,17.37
2023-06-02,VIVA3,26.54
2023-06-02,VIVT3,41.28
2023-06-02,WEGE3,37.67
2023-06-02,YDUQ3,14.97
2023-06-05,ABEV3,14.41
2023-06-05,ASAI3,11.16
2023-06-05,AURE3,13.94
2023-06-05,B3SA3,14.46
2023-06-05,BBAS3,45.02
2023-06-05,BBDC3,13.89
2023-06-05,BBDC4,16.33
2023-06-05,BBSE3,31.04
2023-06-05,BEEF3,10.42
2023-06-05,BPAC11,28.38
2023-06-05,BRAP4,22.33
2023-06-05,CCRO3,14.12
2023-06-05,CEAB3,5.1
2023-06-05,CMIG4,11.88
2023-06-05,CMIN3,4.73
2023-06-05,COGN3,2.96
2023-06-05,CPFE3,29.77
2023-06-05,CPLE3,6.72
2023-06-05,CSAN3,16.75
2023-06-05,CSMG3,19.99
2023-06-05,CSNA3,12.94
2023-06-05,CURY3,14.65
2023-06-05,CXSE3,10.48
2023-06-05,CYRE3,19.13
2023-06-05,DIRR3,18.81
2023-06-05,EGIE3,42.86
2023-06-05,ELET3,36.44
2023-06-05,EMBR3,19.45
2023-06-05,ENEV3,11.48
2023-06-05,ENGI11,43.1
2023-06-05,EQTL3,28.13
2023-06-05,FLRY3,15.41
2023-06-05,GGBR4,25.06
2023-06-05,GOAU4,11.67
2023-06-05,HAPV3,4.16
2023-06-05,HYPE3,42.59
2023-06-05,IGTI11,21.5
2023-06-05,ITSA4,9.09
2023-06-05,ITUB4,27.15
2023-06-05,KLBN11,21.33
2023-06-05,LREN3,20.52
2023-06-05,MGLU3,3.89
2023-06-05,MRFG3,6.79
2023-06-05,MRVE3,10.9
2023-06-05,MULT3,25.99
2023-06-05,NTCO3,14.73
2023-06-05,PETR3,30.61
2023-06-05,PETR4,27.47
2023-06-05,POMO4,4.84
2023-06-05,PRIO3,35.35
2023-06-05,PSSA3,24.0
2023-06-05,RADL3,27.6
2023-06-05,RAIL3,22.57
2023-06-05,RDOR3,31.1
2023-06-05,RENT3,66.49
2023-06-05,SANB11,29.85
2023-06-05,SBSP3,52.24
2023-06-05,SMFT3,18.96
2023-06-05,SUZB3,46.81
2023-06-05,TAEE11,36.67
2023-06-05,TEND3,8.52
2023-06-05,TIMS3,13.93
2023-06-05,TOTS3,28.7
2023-06-05,UGPA3,17.99
2023-06-05,USIM5,7.41
2023-06-05,VALE3,67.38
2023-06-05,VAMO3,13.49
2023-06-05,VBBR3,17.02
2023-06-05,VIVA3,26.46
2023-06-05,VIVT3,41.27
2023-06-05,WEGE3,37.63
2023-06-05,YDUQ3,15.32
2023-06-06,ABEV3,14.82
2023-06-06,ASAI3,12.8
2023-06-06,AURE3,14.24
2023-06-06,B3SA3,14.41
2023-06-06,BBAS3,45.54
2023-06-06,BBDC3,14.18
2023-06-06,BBDC4,16.59
2023-06-06,BBSE3,30.99
2023-06-06,BEEF3,10.7
2023-06-06,BPAC11,28.5
2023-06-06,BRAP4,22.39
2023-06-06,CCRO3,14.29
2023-06-06,CEAB3,4.97
2023-06-06,CMIG4,12.18
2023-06-06,CMIN3,4.77
2023-06-06,COGN3,3.07
2023-06-06,CPFE3,30.45
2023-06-06,CPLE3,6.86
2023-06-06,CSAN3,17.13
2023-06-06,CSMG3,20.3
2023-06-06,CSNA3,13.21
2023-06-06,CURY3,14.98
2023-06-06,CXSE3,10.36
2023-06-06,CYRE3,19.47
2023-06-06,DIRR3,19.22
2023-06-06,EGIE3,43.58
2023-06-06,ELET3,38.19
2023-06-06,EMBR3,19.55
2023-06-06,ENEV3,11.61
2023-06-06,ENGI11,44.79
2023-06-06,EQTL3,29.04
2023-06-06,FLRY3,15.55
2023-06-06,GGBR4,25.0
2023-06-06,GOAU4,11.66
2023-06-06,HAPV3,4.35
2023-06-06,HYPE3,44.27
2023-06-06,IGTI11,22.34
2023-06-06,ITSA4,9.09
2023-06-06,ITUB4,27.34
2023-06-06,KLBN11,21.57
2023-06-06,LREN3,21.12
2023-06-06,MGLU3,3.99
2023-06-06,MRFG3,7.08
2023-06-06,MRVE3,11.81
2023-06-06,MULT3,26.57
2023-06-06,NTCO3,15.33
2023-06-06,PETR3,31.23
2023-06-06,PETR4,28.05
2023-06-06,POMO4,4.95
2023-06-06,PRIO3,34.28
2023-06-06,PSSA3,24.22
2023-06-06,RADL3,28.3
2023-06-06,RAIL3,22.93
2023-06-06,RDOR3,31.62
2023-06-06,RENT3,67.8
2023-06-06,SANB11,30.39
2023-06-06,SBSP3,53.75
2023-06-06,SMFT3,19.36
2023-06-06,SUZB3,46.94
2023-06-06,TAEE11,37.36
2023-06-06,TEND3,8.8
2023-06-06,TIMS3,14.25
2023-06-06,TOTS3,29.57
2023-06-06,UGPA3,17.88
2023-06-06,USIM5,7.39
2023-06-06,VALE3,67.6
2023-06-06,VAMO3,14.31
2023-06-06,VBBR3,17.35
2023-06-06,VIVA3,27.16
2023-06-06,VIVT3,42.56
2023-06-06,WEGE3,38.2
2023-06-06,YDUQ3,16.11
2023-06-07,ABEV3,14.85
2023-06-07,ASAI3,12.78
2023-06-07,AURE3,14.12
2023-06-07,B3SA3,14.74
2023-06-07,BBAS3,45.52
2023-06-07,BBDC3,14.22
2023-06-07,BBDC4,16.58
2023-06-07,BBSE3,30.99
2023-06-07,BEEF3,10.66
2023-06-07,BPAC11,29.21
2023-06-07,BRAP4,22.47
2023-06-07,CCRO3,14.06
2023-06-07,CEAB3,4.81
2023-06-07,CMIG4,12.2
2023-06-07,CMIN3,4.61
2023-06-07,COGN3,3.11
2023-06-07,CPFE3,30.78
2023-06-07,CPLE3,6.97
2023-06-07,CSAN3,17.38
2023-06-07,CSMG3,19.91
2023-06-07,CSNA3,12.91
2023-06-07,CURY3,14.78
2023-06-07,CXSE3,10.63
2023-06-07,CYRE3,19.58
2023-06-07,DIRR3,19.46
2023-06-07,EGIE3,43.29
2023-06-07,ELET3,38.02
2023-06-07,EMBR3,19.24
2023-06-07,ENEV3,12.14
2023-06-07,ENGI11,45.03
2023-06-07,EQTL3,29.61
2023-06-07,FLRY3,15.93
2023-06-07,GGBR4,25.19
2023-06-07,GOAU4,11.72
2023-06-07,HAPV3,4.24
2023-06-07,HYPE3,43.95
2023-06-07,IGTI11,22.58
2023-06-07,ITSA4,9.11
2023-06-07,ITUB4,27.42
2023-06-07,KLBN11,21.41
2023-06-07,LREN3,21.65
2023-06-07,MGLU3,3.88
2023-06-07,MRFG3,7.0
2023-06-07,MRVE3,11.69
2023-06-07,MULT3,27.08
2023-06-07,NTCO3,15.44
2023-06-07,PETR3,32.2
2023-06-07,PETR4,28.87
2023-06-07,POMO4,5.02
2023-06-07,PRIO3,34.79
2023-06-07,PSSA3,25.83
2023-06-07,RADL3,28.33
2023-06-07,RAIL3,22.57
2023-06-07,RDOR3,32.37
2023-06-07,RENT3,67.55
2023-06-07,SANB11,30.51
2023-06-07,SBSP3,53.31
2023-06-07,SMFT3,20.5
2023-06-07,SUZB3,45.83
2023-06-07,TAEE11,37.46
2023-06-07,TEND3,8.91
2023-06-07,TIMS3,14.29
2023-06-07,TOTS3,29.7
2023-06-07,UGPA3,17.72
2023-06-07,USIM5,7.34
2023-06-07,VALE3,68.67
2023-06-07,VAMO3,14.28
2023-06-07,VBBR3,17.42
2023-06-07,VIVA3,27.88
2023-06-07,VIVT3,42.43
2023-06-07,WEGE3,38.15
2023-06-07,YDUQ3,16.74
2023-06-09,ABEV3,15.14
2023-06-09,ASAI3,12.96
2023-06-09,AURE3,14.29
2023-06-09,B3SA3,14.7
2023-06-09,BBAS3,47.74
2023-06-09,BBDC3,14.54
2023-06-09,BBDC4,16.86
2023-06-09,BBSE3,31.07
2023-06-09,BEEF3,11.01
2023-06-09,BPAC11,29.09
2023-06-09,BRAP4,22.8
2023-06-09,CCRO3,14.25
2023-06-09,CEAB3,4.75
2023-06-09,CMIG4,12.55
2023-06-09,CMIN3,4.56
2023-06-09,COGN3,3.19
2023-06-09,CPFE3,31.36
2023-06-09,CPLE3,7.67
2023-06-09,CSAN3,17.65
2023-06-09,CSMG3,20.32
2023-06-09,CSNA3,13.02
2023-06-09,CURY3,14.91
2023-06-09,CXSE3,10.81
2023-06-09,CYRE3,19.39
2023-06-09,DIRR3,19.6
2023-06-09,EGIE3,43.92
2023-06-09,ELET3,38.55
2023-06-09,EMBR3,19.51
2023-06-09,ENEV3,12.38
2023-06-09,ENGI11,45.42
2023-06-09,EQTL3,30.41
2023-06-09,FLRY3,15.89
2023-06-09,GGBR4,25.3
2023-06-09,GOAU4,11.79
2023-06-09,HAPV3,4.24
2023-06-09,HYPE3,45.84
2023-06-09,IGTI11,22.09
2023-06-09,ITSA4,9.23
2023-06-09,ITUB4,27.8
2023-06-09,KLBN11,21.27
2023-06-09,LREN3,21.83
2023-06-09,MGLU3,3.97
2023-06-09,MRFG3,7.14
2023-06-09,MRVE3,11.65
2023-06-09,MULT3,27.03
2023-06-09,NTCO3,15.95
2023-06-09,PETR3,33.75
2023-06-09,PETR4,30.28
2023-06-09,POMO4,5.07
2023-06-09,PRIO3,34.48
2023-06-09,PSSA3,27.1
2023-06-09,RADL3,28.66
2023-06-09,RAIL3,22.4
2023-06-09,RDOR3,32.24
2023-06-09,RENT3,68.18
2023-06-09,SANB11,30.82
2023-06-09,SBSP3,54.48
2023-06-09,SMFT3,20.74
2023-06-09,SUZB3,45.24
2023-06-09,TAEE11,38.01
2023-06-09,TEND3,8.89
2023-06-09,TIMS3,14.62
2023-06-09,TOTS3,29.86
2023-06-09,UGPA3,18.1
2023-06-09,USIM5,7.33
2023-06-09,VALE3,68.36
2023-06-09,VAMO3,14.6
2023-06-09,VBBR3,17.53
2023-06-09,VIVA3,28.2
2023-06-09,VIVT3,43.47
2023-06-09,WEGE3,37.8
2023-06-09,YDUQ3,16.63
2023-06-12,ABEV3,15.16
2023-06-12,ASAI3,13.72
2023-06-12,AURE3,14.39
2023-06-12,B3SA3,14.9
2023-06-12,BBAS3,49.47
2023-06-12,BBDC3,14.4
2023-06-12,BBDC4,16.72
2023-06-12,BBSE3,30.83
2023-06-12,BEEF3,10.95
2023-06-12,BPAC11,29.4
2023-06-12,BRAP4,22.55
2023-06-12,CCRO3,14.29
2023-06-12,CEAB3,4.9
2023-06-12,CMIG4,12.78
2023-06-12,CMIN3,4.48
2023-06-12,COGN3,3.23
2023-06-12,CPFE3,31.38
2023-06-12,CPLE3,7.71
2023-06-12,CSAN3,17.61
2023-06-12,CSMG3,20.42
2023-06-12,CSNA3,12.67
2023-06-12,CURY3,15.03
2023-06-12,CXSE3,10.7
2023-06-12,CYRE3,19.12
2023-06-12,DIRR3,19.7
2023-06-12,EGIE3,44.15
2023-06-12,ELET3,39.11
2023-06-12,EMBR3,19.67
2023-06-12,ENEV3,12.31
2023-06-12,ENGI11,45.75
2023-06-12,EQTL3,30.9
2023-06-12,FLRY3,16.32
2023-06-12,GGBR4,25.13
2023-06-12,GOAU4,11.76
2023-06-12,HAPV3,4.12
2023-06-12,HYPE3,46.07
2023-06-12,IGTI11,22.07
2023-06-12,ITSA4,9.27
2023-06-12,ITUB4,27.5
2023-06-12,KLBN11,21.97
2023-06-12,LREN3,22.82
2023-06-12,MGLU3,3.96
2023-06-12,MRFG3,7.26
2023-06-12,MRVE3,11.6
2023-06-12,MULT3,27.23
2023-06-12,NTCO3,15.97
2023-06-12,PETR3,34.18
2023-06-12,PETR4,30.81
2023-06-12,POMO4,5.0
2023-06-12,PRIO3,33.14
2023-06-12,PSSA3,26.55
2023-06-12,RADL3,28.87
2023-06-12,RAIL3,22.5
2023-06-12,RDOR3,32.7
2023-06-12,RENT3,67.23
2023-06-12,SANB11,29.82
2023-06-12,SBSP3,54.7
2023-06-12,SMFT3,20.85
2023-06-12,SUZB3,46.7
2023-06-12,TAEE11,38.16
2023-06-12,TEND3,8.94
2023-06-12,TIMS3,14.85
2023-06-12,TOTS3,30.51
2023-06-12,UGPA3,17.93
2023-06-12,USIM5,7.31
2023-06-12,VALE3,67.12
2023-06-12,VAMO3,14.62
2023-06-12,VBBR3,17.61
2023-06-12,VIVA3,28.45
2023-06-12,VIVT3,43.82
2023-06-12,WEGE3,37.75
2023-06-12,YDUQ3,16.92
2023-06-13,ABEV3,15.27
2023-06-13,ASAI3,13.2
2023-06-13,AURE3,14.22
2023-06-13,B3SA3,14.61
2023-06-13,BBAS3,48.62
2023-06-13,BBDC3,14.43
2023-06-13,BBDC4,16.74
2023-06-13,BBSE3,30.61
2023-06-13,BEEF3,11.12
2023-06-13,BPAC11,28.75
2023-06-13,BRAP4,22.7
2023-06-13,CCRO3,14.18
2023-06-13,CEAB3,4.68
2023-06-13,CMIG4,12.55
2023-06-13,CMIN3,4.41
2023-06-13,COGN3,3.08
2023-06-13,CPFE3,30.87
2023-06-13,CPLE3,7.59
2023-06-13,CSAN3,17.48
2023-06-13,CSMG3,19.6
2023-06-13,CSNA3,12.6
2023-06-13,CURY3,14.1
2023-06-13,CXSE3,10.54
2023-06-13,CYRE3,18.81
2023-06-13,DIRR3,18.47
2023-06-13,EGIE3,43.99
2023-06-13,ELET3,38.44
2023-06-13,EMBR3,20.08
2023-06-13,ENEV3,11.87
2023-06-13,ENGI11,45.18
2023-06-13,EQTL3,31.1
2023-06-13,FLRY3,15.05
2023-06-13,GGBR4,25.15
2023-06-13,GOAU4,11.7
2023-06-13,HAPV3,3.97
2023-06-13,HYPE3,45.37
2023-06-13,IGTI11,21.78
2023-06-13,ITSA4,9.35
2023-06-13,ITUB4,27.81
2023-06-13,KLBN11,22.22
2023-06-13,LREN3,21.5
2023-06-13,MGLU3,3.76
2023-06-13,MRFG3,7.35
2023-06-13,MRVE3,11.04
2023-06-13,MULT3,26.72
2023-06-13,NTCO3,15.94
2023-06-13,PETR3,32.3
2023-06-13,PETR4,28.86
2023-06-13,POMO4,5.0
2023-06-13,PRIO3,34.34
2023-06-13,PSSA3,26.76
2023-06-13,RADL3,28.6
2023-06-13,RAIL3,22.58
2023-06-13,RDOR3,32.26
2023-06-13,RENT3,65.82
2023-06-13,SANB11,30.3
2023-06-13,SBSP3,53.72
2023-06-13,SMFT3,20.29
2023-06-13,SUZB3,47.05
2023-06-13,TAEE11,37.65
2023-06-13,TEND3,8.37
2023-06-13,TIMS3,14.72
2023-06-13,TOTS3,29.95
2023-06-13,UGPA3,17.82
2023-06-13,USIM5,7.29
2023-06-13,VALE3,67.83
2023-06-13,VAMO3,14.3
2023-06-13,VBBR3,17.58
2023-06-13,VIVA3,27.31
2023-06-13,VIVT3,42.92
2023-06-13,WEGE3,37.35
2023-06-13,YDUQ3,16.33
2023-06-14,ABEV3,15.33
2023-06-14,ASAI3,13.7
2023-06-14,AURE3,14.35
2023-06-14,B3SA3,15.22
2023-06-14,BBAS3,48.86
2023-06-14,BBDC3,14.47
2023-06-14,BBDC4,16.85
2023-06-14,BBSE3,30.53
2023-06-14,BEEF3,11.15
2023-06-14,BPAC11,28.85
2023-06-14,BRAP4,23.56
2023-06-14,CCRO3,14.09
2023-06-14,CEAB3,5.22
2023-06-14,CMIG4,12.75
2023-06-14,CMIN3,4.49
2023-06-14,COGN3,3.21
2023-06-14,CPFE3,31.32
2023-06-14,CPLE3,7.65
2023-06-14,CSAN3,17.86
2023-06-14,CSMG3,20.46
2023-06-14,CSNA3,13.07
2023-06-14,CURY3,14.76
2023-06-14,CXSE3,10.4
2023-06-14,CYRE3,19.19
2023-06-14,DIRR3,19.0
2023-06-14,EGIE3,44.78
2023-06-14,ELET3,39.47
2023-06-14,EMBR3,20.4
2023-06-14,ENEV3,12.13
2023-06-14,ENGI11,46.05
2023-06-14,EQTL3,31.15
2023-06-14,FLRY3,15.92
2023-06-14,GGBR4,26.04
2023-06-14,GOAU4,12.12
2023-06-14,HAPV3,4.3
2023-06-14,HYPE3,45.84
2023-06-14,IGTI11,22.18
2023-06-14,ITSA4,9.46
2023-06-14,ITUB4,28.19
2023-06-14,KLBN11,22.54
2023-06-14,LREN3,21.49
2023-06-14,MGLU3,3.81
2023-06-14,MRFG3,7.39
2023-06-14,MRVE3,11.83
2023-06-14,MULT3,27.06
2023-06-14,NTCO3,16.45
2023-06-14,PETR3,33.69
2023-06-14,PETR4,30.1
2023-06-14,POMO4,5.11
2023-06-14,PRIO3,35.4
2023-06-14,PSSA3,27.12
2023-06-14,RADL3,28.61
2023-06-14,RAIL3,22.95
2023-06-14,RDOR3,33.34
2023-06-14,RENT3,67.08
2023-06-14,SANB11,30.23
2023-06-14,SBSP3,53.78
2023-06-14,SMFT3,20.76
2023-06-14,SUZB3,46.65
2023-06-14,TAEE11,38.11
2023-06-14,TEND3,8.58
2023-06-14,TIMS3,15.19
2023-06-14,TOTS3,29.9
2023-06-14,UGPA3,18.0
2023-06-14,USIM5,7.4
2023-06-14,VALE3,69.02
2023-06-14,VAMO3,14.71
2023-06-14,VBBR3,17.82
2023-06-14,VIVA3,27.87
2023-06-14,VIVT3,44.41
2023-06-14,WEGE3,37.87
2023-06-14,YDUQ3,17.94
2023-06-15,ABEV3,15.19
2023-06-15,ASAI3,14.1
2023-06-15,AURE3,14.4
2023-06-15,B3SA3,14.71
2023-06-15,BBAS3,49.86
2023-06-15,BBDC3,14.54
2023-06-15,BBDC4,16.9
2023-06-15,BBSE3,30.58
2023-06-15,BEEF3,11.24
2023-06-15,BPAC11,29.0
2023-06-15,BRAP4,23.68
2023-06-15,CCRO3,14.21
2023-06-15,CEAB3,4.98
2023-06-15,CMIG4,12.76
2023-06-15,CMIN3,4.49
2023-06-15,COGN3,3.23
2023-06-15,CPFE3,31.1
2023-06-15,CPLE3,7.64
2023-06-15,CSAN3,17.7
2023-06-15,CSMG3,20.42
2023-06-15,CSNA3,13.22
2023-06-15,CURY3,15.02
2023-06-15,CXSE3,10.25
2023-06-15,CYRE3,19.44
2023-06-15,DIRR3,18.87
2023-06-15,EGIE3,44.81
2023-06-15,ELET3,39.76
2023-06-15,EMBR3,20.55
2023-06-15,ENEV3,12.07
2023-06-15,ENGI11,46.69
2023-06-15,EQTL3,31.15
2023-06-15,FLRY3,15.99
2023-06-15,GGBR4,25.92
2023-06-15,GOAU4,12.1
2023-06-15,HAPV3,4.46
2023-06-15,HYPE3,45.49
2023-06-15,IGTI11,22.17
2023-06-15,ITSA4,9.63
2023-06-15,ITUB4,28.56
2023-06-15,KLBN11,22.91
2023-06-15,LREN3,21.07
2023-06-15,MGLU3,3.75
2023-06-15,MRFG3,7.54
2023-06-15,MRVE3,11.92
2023-06-15,MULT3,26.87
2023-06-15,NTCO3,16.6
2023-06-15,PETR3,33.19
2023-06-15,PETR4,29.39
2023-06-15,POMO4,5.16
2023-06-15,PRIO3,35.6
2023-06-15,PSSA3,27.18
2023-06-15,RADL3,28.74
2023-06-15,RAIL3,22.96
2023-06-15,RDOR3,33.34
2023-06-15,RENT3,66.64
2023-06-15,SANB11,30.77
2023-06-15,SBSP3,53.39
2023-06-15,SMFT3,20.91
2023-06-15,SUZB3,48.34
2023-06-15,TAEE11,38.01
2023-06-15,TEND3,8.93
2023-06-15,TIMS3,15.12
2023-06-15,TOTS3,30.35
2023-06-15,UGPA3,17.91
2023-06-15,USIM5,7.4
2023-06-15,VALE3,69.56
2023-06-15,VAMO3,14.65
2023-06-15,VBBR3,17.54
2023-06-15,VIVA3,27.8
2023-06-15,VIVT3,44.09
2023-06-15,WEGE3,37.84
2023-06-15,YDUQ3,18.94
2023-06-16,ABEV3,15.07
2023-06-16,ASAI3,13.51
2023-06-16,AURE3,14.58
2023-06-16,B3SA3,14.62
2023-06-16,BBAS3,49.49
2023-06-16,BBDC3,14.54
2023-06-16,BBDC4,16.95
2023-06-16,BBSE3,30.45
2023-06-16,BEEF3,11.16
2023-06-16,BPAC11,29.78
2023-06-16,BRAP4,23.63
2023-06-16,CCRO3,14.06
2023-06-16,CEAB3,4.82
2023-06-16,CMIG4,12.41
2023-06-16,CMIN3,4.47
2023-06-16,COGN3,3.22
2023-06-16,CPFE3,32.0
2023-06-16,CPLE3,7.61
2023-06-16,CSAN3,17.6
2023-06-16,CSMG3,20.16
2023-06-16,CSNA3,13.42
2023-06-16,CURY3,15.03
2023-06-16,CXSE3,10.16
2023-06-16,CYRE3,19.05
2023-06-16,DIRR3,19.02
2023-06-16,EGIE3,45.2
2023-06-16,ELET3,38.98
2023-06-16,EMBR3,20.13
2023-06-16,ENEV3,12.05
2023-06-16,ENGI11,45.24
2023-06-16,EQTL3,30.72
2023-06-16,FLRY3,15.65
2023-06-16,GGBR4,25.95
2023-06-16,GOAU4,12.17
2023-06-16,HAPV3,4.35
2023-06-16,HYPE3,45.19
2023-06-16,IGTI11,21.9
2023-06-16,ITSA4,9.65
2023-06-16,ITUB4,28.65
2023-06-16,KLBN11,22.88
2023-06-16,LREN3,20.33
2023-06-16,MGLU3,3.71
2023-06-16,MRFG3,7.23
2023-06-16,MRVE3,11.7
2023-06-16,MULT3,26.47
2023-06-16,NTCO3,16.46
2023-06-16,PETR3,33.39
2023-06-16,PETR4,29.64
2023-06-16,POMO4,5.19
2023-06-16,PRIO3,36.27
2023-06-16,PSSA3,27.28
2023-06-16,RADL3,28.5
2023-06-16,RAIL3,21.87
2023-06-16,RDOR3,33.23
2023-06-16,RENT3,65.08
2023-06-16,SANB11,30.53
2023-06-16,SBSP3,53.77
2023-06-16,SMFT3,21.2
2023-06-16,SUZB3,48.3
2023-06-16,TAEE11,37.39
2023-06-16,TEND3,8.93
2023-06-16,TIMS3,14.9
2023-06-16,TOTS3,29.88
2023-06-16,UGPA3,17.64
2023-06-16,USIM5,7.39
2023-06-16,VALE3,69.67
2023-06-16,VAMO3,13.61
2023-06-16,VBBR3,17.61
2023-06-16,VIVA3,27.88
2023-06-16,VIVT3,43.0
2023-06-16,WEGE3,37.85
2023-06-16,YDUQ3,18.61
2023-06-19,ABEV3,15.11
2023-06-19,ASAI3,13.25
2023-06-19,AURE3,14.57
2023-06-19,B3SA3,14.8
2023-06-19,BBAS3,50.41
2023-06-19,BBDC3,14.84
2023-06-19,BBDC4,17.25
2023-06-19,BBSE3,30.25
2023-06-19,BEEF3,11.39
2023-06-19,BPAC11,29.92
2023-06-19,BRAP4,23.73
2023-06-19,CCRO3,14.18
2023-06-19,CEAB3,4.93
2023-06-19,CMIG4,12.53
2023-06-19,CMIN3,4.53
2023-06-19,COGN3,3.34
2023-06-19,CPFE3,31.8
2023-06-19,CPLE3,7.67
2023-06-19,CSAN3,17.81
2023-06-19,CSMG3,20.35
2023-06-19,CSNA3,13.42
2023-06-19,CURY3,15.15
2023-06-19,CXSE3,10.18
2023-06-19,CYRE3,19.43
2023-06-19,DIRR3,19.24
2023-06-19,EGIE3,45.04
2023-06-19,ELET3,39.4
2023-06-19,EMBR3,20.2
2023-06-19,ENEV3,12.06
2023-06-19,ENGI11,45.09
2023-06-19,EQTL3,30.58
2023-06-19,FLRY3,15.58
2023-06-19,GGBR4,26.23
2023-06-19,GOAU4,12.29
2023-06-19,HAPV3,4.28
2023-06-19,HYPE3,45.33
2023-06-19,IGTI11,22.01
2023-06-19,ITSA4,9.77
2023-06-19,ITUB4,29.04
2023-06-19,KLBN11,22.96
2023-06-19,LREN3,20.78
2023-06-19,MGLU3,3.73
2023-06-19,MRFG3,7.48
2023-06-19,MRVE3,11.79
2023-06-19,MULT3,26.5
2023-06-19,NTCO3,16.07
2023-06-19,PETR3,34.22
2023-06-19,PETR4,30.42
2023-06-19,POMO4,5.2
2023-06-19,PRIO3,36.06
2023-06-19,PSSA3,27.54
2023-06-19,RADL3,28.59
2023-06-19,RAIL3,22.13
2023-06-19,RDOR3,33.45
2023-06-19,RENT3,67.62
2023-06-19,SANB11,30.97
2023-06-19,SBSP3,54.59
2023-06-19,SMFT3,20.95
2023-06-19,SUZB3,47.7
2023-06-19,TAEE11,37.81
2023-06-19,TEND3,9.06
2023-06-19,TIMS3,14.92
2023-06-19,TOTS3,29.99
2023-06-19,UGPA3,17.91
2023-06-19,USIM5,7.5
2023-06-19,VALE3,69.4
2023-06-19,VAMO3,13.38
2023-06-19,VBBR3,17.84
2023-06-19,VIVA3,27.9
2023-06-19,VIVT3,43.24
2023-06-19,WEGE3,37.67
2023-06-19,YDUQ3,19.0
2023-06-20,ABEV3,15.14
2023-06-20,ASAI3,13.33
2023-06-20,AURE3,14.7
2023-06-20,B3SA3,14.73
2023-06-20,BBAS3,50.4
2023-06-20,BBDC3,14.86
2023-06-20,BBDC4,17.29
2023-06-20,BBSE3,30.23
2023-06-20,BEEF3,11.2
2023-06-20,BPAC11,30.66
2023-06-20,BRAP4,23.36
2023-06-20,CCRO3,14.21
2023-06-20,CEAB3,5.26
2023-06-20,CMIG4,12.74
2023-06-20,CMIN3,4.45
2023-06-20,COGN3,3.43
2023-06-20,CPFE3,32.26
2023-06-20,CPLE3,7.75
2023-06-20,CSAN3,17.69
2023-06-20,CSMG3,20.71
2023-06-20,CSNA3,13.12
2023-06-20,CURY3,15.22
2023-06-20,CXSE3,10.32
2023-06-20,CYRE3,19.29
2023-06-20,DIRR3,18.82
2023-06-20,EGIE3,45.27
2023-06-20,ELET3,39.39
2023-06-20,EMBR3,19.26
2023-06-20,ENEV3,12.0
2023-06-20,ENGI11,47.02
2023-06-20,EQTL3,30.88
2023-06-20,FLRY3,15.72
2023-06-20,GGBR4,25.86
2023-06-20,GOAU4,12.21
2023-06-20,HAPV3,4.2
2023-06-20,HYPE3,44.5
2023-06-20,IGTI11,22.5
2023-06-20,ITSA4,9.81
2023-06-20,ITUB4,28.76
2023-06-20,KLBN11,23.09
2023-06-20,LREN3,21.58
2023-06-20,MGLU3,3.68
2023-06-20,MRFG3,7.74
2023-06-20,MRVE3,11.76
2023-06-20,MULT3,26.74
2023-06-20,NTCO3,16.07
2023-06-20,PETR3,34.31
2023-06-20,PETR4,30.57
2023-06-20,POMO4,5.22
2023-06-20,PRIO3,36.16
2023-06-20,PSSA3,27.32
2023-06-20,RADL3,28.7
2023-06-20,RAIL3,22.42
2023-06-20,RDOR3,32.95
2023-06-20,RENT3,67.07
2023-06-20,SANB11,30.94
2023-06-20,SBSP3,55.44
2023-06-20,SMFT3,21.03
2023-06-20,SUZB3,47.44
2023-06-20,TAEE11,37.83
2023-06-20,TEND3,9.28
2023-06-20,TIMS3,14.99
2023-06-20,TOTS3,29.93
2023-06-20,UGPA3,18.18
2023-06-20,USIM5,7.39
2023-06-20,VALE3,67.61
2023-06-20,VAMO3,12.67
2023-06-20,VBBR3,17.94
2023-06-20,VIVA3,27.94
2023-06-20,VIVT3,43.13
2023-06-20,WEGE3,36.95
2023-06-20,YDUQ3,19.46
2023-06-21,ABEV3,15.28
2023-06-21,ASAI3,13.4
2023-06-21,AURE3,14.86
2023-06-21,B3SA3,14.64
2023-06-21,BBAS3,51.99
2023-06-21,BBDC3,14.97
2023-06-21,BBDC4,17.25
2023-06-21,BBSE3,30.34
2023-06-21,BEEF3,11.18
2023-06-21,BPAC11,31.03
2023-06-21,BRAP4,23.21
2023-06-21,CCRO3,14.04
2023-06-21,CEAB3,5.35
2023-06-21,CMIG4,12.89
2023-06-21,CMIN3,4.38
2023-06-21,COGN3,3.38
2023-06-21,CPFE3,33.13
2023-06-21,CPLE3,7.74
2023-06-21,CSAN3,18.01
2023-06-21,CSMG3,20.87
2023-06-21,CSNA3,13.06
2023-06-21,CURY3,14.9
2023-06-21,CXSE3,10.4
2023-06-21,CYRE3,19.84
2023-06-21,DIRR3,18.38
2023-06-21,EGIE3,45.31
2023-06-21,ELET3,39.6
2023-06-21,EMBR3,17.83
2023-06-21,ENEV3,11.77
2023-06-21,ENGI11,46.93
2023-06-21,EQTL3,30.83
2023-06-21,FLRY3,15.72
2023-06-21,GGBR4,25.65
2023-06-21,GOAU4,12.11
2023-06-21,HAPV3,4.19
2023-06-21,HYPE3,44.26
2023-06-21,IGTI11,22.69
2023-06-21,ITSA4,9.89
2023-06-21,ITUB4,29.04
2023-06-21,KLBN11,22.57
2023-06-21,LREN3,21.76
2023-06-21,MGLU3,3.76
2023-06-21,MRFG3,7.64
2023-06-21,MRVE3,11.9
2023-06-21,MULT3,27.41
2023-06-21,NTCO3,17.28
2023-06-21,PETR3,35.68
2023-06-21,PETR4,31.85
2023-06-21,POMO4,5.33
2023-06-21,PRIO3,38.67
2023-06-21,PSSA3,27.66
2023-06-21,RADL3,28.81
2023-06-21,RAIL3,22.27
2023-06-21,RDOR3,33.19
2023-06-21,RENT3,67.38
2023-06-21,SANB11,31.3
2023-06-21,SBSP3,55.6
2023-06-21,SMFT3,20.61
2023-06-21,SUZB3,46.48
2023-06-21,TAEE11,37.85
2023-06-21,TEND3,9.52
2023-06-21,TIMS3,14.86
2023-06-21,TOTS3,29.5
2023-06-21,UGPA3,18.33
2023-06-21,USIM5,7.3
2023-06-21,VALE3,66.93
2023-06-21,VAMO3,12.38
2023-06-21,VBBR3,18.15
2023-06-21,VIVA3,28.23
2023-06-21,VIVT3,43.47
2023-06-21,WEGE3,36.45
2023-06-21,YDUQ3,20.35
2023-06-22,ABEV3,15.55
2023-06-22,ASAI3,13.36
2023-06-22,AURE3,14.77
2023-06-22,B3SA3,14.2
2023-06-22,BBAS3,51.0
2023-06-22,BBDC3,14.7
2023-06-22,BBDC4,16.8
2023-06-22,BBSE3,30.39
2023-06-22,BEEF3,10.66
2023-06-22,BPAC11,30.15
2023-06-22,BRAP4,22.94
2023-06-22,CCRO3,13.95
2023-06-22,CEAB3,5.2
2023-06-22,CMIG4,12.49
2023-06-22,CMIN3,4.32
2023-06-22,COGN3,3.25
2023-06-22,CPFE3,31.72
2023-06-22,CPLE3,7.59
2023-06-22,CSAN3,17.81
2023-06-22,CSMG3,20.37
2023-06-22,CSNA3,12.86
2023-06-22,CURY3,14.64
2023-06-22,CXSE3,10.33
2023-06-22,CYRE3,19.17
2023-06-22,DIRR3,17.93
2023-06-22,EGIE3,45.12
2023-06-22,ELET3,39.13
2023-06-22,EMBR3,17.27
2023-06-22,ENEV3,11.72
2023-06-22,ENGI11,45.61
2023-06-22,EQTL3,30.0
2023-06-22,FLRY3,15.7
2023-06-22,GGBR4,25.16
2023-06-22,GOAU4,11.96
2023-06-22,HAPV3,4.23
2023-06-22,HYPE3,43.32
2023-06-22,IGTI11,22.57
2023-06-22,ITSA4,9.77
2023-06-22,ITUB4,28.76
2023-06-22,KLBN11,22.35
2023-06-22,LREN3,21.4
2023-06-22,MGLU3,3.57
2023-06-22,MRFG3,7.56
2023-06-22,MRVE3,11.3
2023-06-22,MULT3,26.89
2023-06-22,NTCO3,17.41
2023-06-22,PETR3,35.09
2023-06-22,PETR4,31.45
2023-06-22,POMO4,5.22
2023-06-22,PRIO3,38.3
2023-06-22,PSSA3,27.55
2023-06-22,RADL3,28.6
2023-06-22,RAIL3,22.16
2023-06-22,RDOR3,32.93
2023-06-22,RENT3,67.85
2023-06-22,SANB11,30.68
2023-06-22,SBSP3,54.6
2023-06-22,SMFT3,20.55
2023-06-22,SUZB3,45.86
2023-06-22,TAEE11,37.49
2023-06-22,TEND3,9.31
2023-06-22,TIMS3,14.73
2023-06-22,TOTS3,28.97
2023-06-22,UGPA3,18.11
2023-06-22,USIM5,7.22
2023-06-22,VALE3,66.57
2023-06-22,VAMO3,12.32
2023-06-22,VBBR3,18.3
2023-06-22,VIVA3,27.9
2023-06-22,VIVT3,42.47
2023-06-22,WEGE3,36.4
2023-06-22,YDUQ3,20.03
2023-06-23,ABEV3,15.49
2023-06-23,ASAI3,14.3
2023-06-23,AURE3,14.95
2023-06-23,B3SA3,14.43
2023-06-23,BBAS3,51.02
2023-06-23,BBDC3,14.66
2023-06-23,BBDC4,16.59
2023-06-23,BBSE3,30.59
2023-06-23,BEEF3,10.19
2023-06-23,BPAC11,30.33
2023-06-23,BRAP4,22.83
2023-06-23,CCRO3,14.15
2023-06-23,CEAB3,5.43
2023-06-23,CMIG4,12.91
2023-06-23,CMIN3,4.35
2023-06-23,COGN3,3.21
2023-06-23,CPFE3,33.7
2023-06-23,CPLE3,7.93
2023-06-23,CSAN3,18.04
2023-06-23,CSMG3,20.57
2023-06-23,CSNA3,12.83
2023-06-23,CURY3,15.33
2023-06-23,CXSE3,10.38
2023-06-23,CYRE3,19.7
2023-06-23,DIRR3,18.59
2023-06-23,EGIE3,45.95
2023-06-23,ELET3,40.08
2023-06-23,EMBR3,17.31
2023-06-23,ENEV3,12.32
2023-06-23,ENGI11,48.34
2023-06-23,EQTL3,31.5
2023-06-23,FLRY3,16.13
2023-06-23,GGBR4,25.13
2023-06-23,GOAU4,11.93
2023-06-23,HAPV3,4.33
2023-06-23,HYPE3,43.74
2023-06-23,IGTI11,23.08
2023-06-23,ITSA4,9.66
2023-06-23,ITUB4,28.67
2023-06-23,KLBN11,22.7
2023-06-23,LREN3,22.31
2023-06-23,MGLU3,3.58
2023-06-23,MRFG3,7.45
2023-06-23,MRVE3,11.12
2023-06-23,MULT3,28.24
2023-06-23,NTCO3,17.49
2023-06-23,PETR3,33.9
2023-06-23,PETR4,30.16
2023-06-23,POMO4,5.26
2023-06-23,PRIO3,38.21
2023-06-23,PSSA3,27.74
2023-06-23,RADL3,29.07
2023-06-23,RAIL3,21.82
2023-06-23,RDOR3,33.37
2023-06-23,RENT3,67.5
2023-06-23,SANB11,30.71
2023-06-23,SBSP3,55.76
2023-06-23,SMFT3,21.04
2023-06-23,SUZB3,45.94
2023-06-23,TAEE11,38.05
2023-06-23,TEND3,9.52
2023-06-23,TIMS3,14.53
2023-06-23,TOTS3,29.77
2023-06-23,UGPA3,18.11
2023-06-23,USIM5,7.23
2023-06-23,VALE3,65.9
2023-06-23,VAMO3,12.0
2023-06-23,VBBR3,18.38
2023-06-23,VIVA3,28.11
2023-06-23,VIVT3,42.72
2023-06-23,WEGE3,36.6
2023-06-23,YDUQ3,18.43
2023-06-26,ABEV3,15.34
2023-06-26,ASAI3,13.9
2023-06-26,AURE3,14.69
2023-06-26,B3SA3,14.05
2023-06-26,BBAS3,51.14
2023-06-26,BBDC3,14.66
2023-06-26,BBDC4,16.51
2023-06-26,BBSE3,29.7
2023-06-26,BEEF3,10.06
2023-06-26,BPAC11,30.09
2023-06-26,BRAP4,22.95
2023-06-26,CCRO3,13.96
2023-06-26,CEAB3,5.37
2023-06-26,CMIG4,12.64
2023-06-26,CMIN3,4.37
2023-06-26,COGN3,3.11
2023-06-26,CPFE3,33.81
2023-06-26,CPLE3,7.78
2023-06-26,CSAN3,17.94
2023-06-26,CSMG3,20.52
2023-06-26,CSNA3,12.98
2023-06-26,CURY3,14.93
2023-06-26,CXSE3,10.34
2023-06-26,CYRE3,19.66
2023-06-26,DIRR3,18.2
2023-06-26,EGIE3,44.95
2023-06-26,ELET3,39.05
2023-06-26,EMBR3,17.06
2023-06-26,ENEV3,11.99
2023-06-26,ENGI11,48.3
2023-06-26,EQTL3,31.45
2023-06-26,FLRY3,15.77
2023-06-26,GGBR4,25.33
2023-06-26,GOAU4,12.05
2023-06-26,HAPV3,4.11
2023-06-26,HYPE3,43.35
2023-06-26,IGTI11,22.87
2023-06-26,ITSA4,9.66
2023-06-26,ITUB4,28.63
2023-06-26,KLBN11,22.37
2023-06-26,LREN3,21.64
2023-06-26,MGLU3,3.4
2023-06-26,MRFG3,7.24
2023-06-26,MRVE3,10.8
2023-06-26,MULT3,28.34
2023-06-26,NTCO3,17.53
2023-06-26,PETR3,34.56
2023-06-26,PETR4,30.84
2023-06-26,POMO4,5.25
2023-06-26,PRIO3,37.04
2023-06-26,PSSA3,27.87
2023-06-26,RADL3,28.8
2023-06-26,RAIL3,21.68
2023-06-26,RDOR3,33.03
2023-06-26,RENT3,67.5
2023-06-26,SANB11,30.79
2023-06-26,SBSP3,54.9
2023-06-26,SMFT3,20.36
2023-06-26,SUZB3,45.61
2023-06-26,TAEE11,37.81
2023-06-26,TEND3,9.59
2023-06-26,TIMS3,14.3
2023-06-26,TOTS3,29.37
2023-06-26,UGPA3,18.09
2023-06-26,USIM5,7.28
2023-06-26,VALE3,66.04
2023-06-26,VAMO3,11.85
2023-06-26,VBBR3,17.95
2023-06-26,VIVA3,27.59
2023-06-26,VIVT3,42.3
2023-06-26,WEGE3,36.4
2023-06-26,YDUQ3,17.53
2023-06-27,ABEV3,15.38
2023-06-27,ASAI3,13.09
2023-06-27,AURE3,14.44
2023-06-27,B3SA3,14.06
2023-06-27,BBAS3,50.2
2023-06-27,BBDC3,14.5
2023-06-27,BBDC4,16.37
2023-06-27,BBSE3,30.11
2023-06-27,BEEF3,10.46
2023-06-27,BPAC11,29.9
2023-06-27,BRAP4,22.98
2023-06-27,CCRO3,13.93
2023-06-27,CEAB3,5.22
2023-06-27,CMIG4,12.62
2023-06-27,CMIN3,4.35
2023-06-27,COGN3,3.03
2023-06-27,CPFE3,33.6
2023-06-27,CPLE3,7.7
2023-06-27,CSAN3,17.65
2023-06-27,CSMG3,20.72
2023-06-27,CSNA3,13.09
2023-06-27,CURY3,14.81
2023-06-27,CXSE3,10.35
2023-06-27,CYRE3,19.01
2023-06-27,DIRR3,17.9
2023-06-27,EGIE3,44.88
2023-06-27,ELET3,38.51
2023-06-27,EMBR3,17.43
2023-06-27,ENEV3,11.75
2023-06-27,ENGI11,47.89
2023-06-27,EQTL3,31.32
2023-06-27,FLRY3,15.6
2023-06-27,GGBR4,25.42
2023-06-27,GOAU4,12.04
2023-06-27,HAPV3,4.08
2023-06-27,HYPE3,42.93
2023-06-27,IGTI11,22.45
2023-06-27,ITSA4,9.56
2023-06-27,ITUB4,28.31
2023-06-27,KLBN11,22.15
2023-06-27,LREN3,21.09
2023-06-27,MGLU3,3.38
2023-06-27,MRFG3,7.19
2023-06-27,MRVE3,10.43
2023-06-27,MULT3,27.8
2023-06-27,NTCO3,17.35
2023-06-27,PETR3,34.26
2023-06-27,PETR4,30.6
2023-06-27,POMO4,5.19
2023-06-27,PRIO3,35.8
2023-06-27,PSSA3,28.25
2023-06-27,RADL3,28.9
2023-06-27,RAIL3,21.64
2023-06-27,RDOR3,32.34
2023-06-27,RENT3,66.57
2023-06-27,SANB11,30.57
2023-06-27,SBSP3,55.23
2023-06-27,SMFT3,20.0
2023-06-27,SUZB3,44.84
2023-06-27,TAEE11,37.46
2023-06-27,TEND3,9.48
2023-06-27,TIMS3,14.2
2023-06-27,TOTS3,29.23
2023-06-27,UGPA3,17.83
2023-06-27,USIM5,7.22
2023-06-27,VALE3,66.83
2023-06-27,VAMO3,11.9
2023-06-27,VBBR3,17.05
2023-06-27,VIVA3,27.49
2023-06-27,VIVT3,42.35
2023-06-27,WEGE3,36.5
2023-06-27,YDUQ3,17.06
2023-06-28,ABEV3,15.22
2023-06-28,ASAI3,13.07
2023-06-28,AURE3,14.35
2023-06-28,B3SA3,13.95
2023-06-28,BBAS3,49.59
2023-06-28,BBDC3,14.31
2023-06-28,BBDC4,16.1
2023-06-28,BBSE3,30.54
2023-06-28,BEEF3,10.12
2023-06-28,BPAC11,30.0
2023-06-28,BRAP4,22.13
2023-06-28,CCRO3,13.81
2023-06-28,CEAB3,5.29
2023-06-28,CMIG4,12.52
2023-06-28,CMIN3,4.25
2023-06-28,COGN3,3.09
2023-06-28,CPFE3,33.49
2023-06-28,CPLE3,7.69
2023-06-28,CSAN3,17.57
2023-06-28,CSMG3,20.59
2023-06-28,CSNA3,12.78
2023-06-28,CURY3,15.03
2023-06-28,CXSE3,10.26
2023-06-28,CYRE3,19.01
2023-06-28,DIRR3,18.15
2023-06-28,EGIE3,44.82
2023-06-28,ELET3,38.43
2023-06-28,EMBR3,18.18
2023-06-28,ENEV3,11.82
2023-06-28,ENGI11,47.99
2023-06-28,EQTL3,31.24
2023-06-28,FLRY3,15.59
2023-06-28,GGBR4,25.03
2023-06-28,GOAU4,11.83
2023-06-28,HAPV3,4.14
2023-06-28,HYPE3,43.78
2023-06-28,IGTI11,22.3
2023-06-28,ITSA4,9.46
2023-06-28,ITUB4,28.15
2023-06-28,KLBN11,21.71
2023-06-28,LREN3,20.93
2023-06-28,MGLU3,3.35
2023-06-28,MRFG3,6.96
2023-06-28,MRVE3,10.65
2023-06-28,MULT3,27.66
2023-06-28,NTCO3,16.79
2023-06-28,PETR3,34.51
2023-06-28,PETR4,30.89
2023-06-28,POMO4,5.22
2023-06-28,PRIO3,36.14
2023-06-28,PSSA3,28.34
2023-06-28,RADL3,28.59
2023-06-28,RAIL3,21.56
2023-06-28,RDOR3,32.0
2023-06-28,RENT3,66.35
2023-06-28,SANB11,30.15
2023-06-28,SBSP3,54.71
2023-06-28,SMFT3,19.98
2023-06-28,SUZB3,44.17
2023-06-28,TAEE11,37.28
2023-06-28,TEND3,9.81
2023-06-28,TIMS3,14.2
2023-06-28,TOTS3,28.99
2023-06-28,UGPA3,17.86
2023-06-28,USIM5,7.12
2023-06-28,VALE3,64.72
2023-06-28,VAMO3,11.69
2023-06-28,VBBR3,16.99
2023-06-28,VIVA3,27.38
2023-06-28,VIVT3,42.75
2023-06-28,WEGE3,36.58
2023-06-28,YDUQ3,17.85
2023-06-29,ABEV3,15.22
2023-06-29,ASAI3,13.35
2023-06-29,AURE3,14.18
2023-06-29,B3SA3,14.64
2023-06-29,BBAS3,50.05
2023-06-29,BBDC3,14.49
2023-06-29,BBDC4,16.17
2023-06-29,BBSE3,30.78
2023-06-29,BEEF3,10.38
2023-06-29,BPAC11,30.95
2023-06-29,BRAP4,22.39
2023-06-29,CCRO3,13.84
2023-06-29,CEAB3,5.5
2023-06-29,CMIG4,12.64
2023-06-29,CMIN3,4.26
2023-06-29,COGN3,3.25
2023-06-29,CPFE3,33.83
2023-06-29,CPLE3,7.99
2023-06-29,CSAN3,17.8
2023-06-29,CSMG3,20.78
2023-06-29,CSNA3,12.93
2023-06-29,CURY3,15.7
2023-06-29,CXSE3,10.32
2023-06-29,CYRE3,19.76
2023-06-29,DIRR3,19.05
2023-06-29,EGIE3,45.04
2023-06-29,ELET3,38.71
2023-06-29,EMBR3,18.43
2023-06-29,ENEV3,11.99
2023-06-29,ENGI11,48.56
2023-06-29,EQTL3,31.41
2023-06-29,FLRY3,15.89
2023-06-29,GGBR4,25.28
2023-06-29,GOAU4,11.94
2023-06-29,HAPV3,4.2
2023-06-29,HYPE3,44.78
2023-06-29,IGTI11,22.3
2023-06-29,ITSA4,9.6
2023-06-29,ITUB4,28.49
2023-06-29,KLBN11,21.57
2023-06-29,LREN3,21.39
2023-06-29,MGLU3,3.45
2023-06-29,MRFG3,7.14
2023-06-29,MRVE3,11.17
2023-06-29,MULT3,27.72
2023-06-29,NTCO3,16.83
2023-06-29,PETR3,34.89
2023-06-29,PETR4,31.03
2023-06-29,POMO4,5.44
2023-06-29,PRIO3,36.29
2023-06-29,PSSA3,28.66
2023-06-29,RADL3,28.72
2023-06-29,RAIL3,21.87
2023-06-29,RDOR3,32.45
2023-06-29,RENT3,68.3
2023-06-29,SANB11,30.62
2023-06-29,SBSP3,55.54
2023-06-29,SMFT3,20.83
2023-06-29,SUZB3,44.05
2023-06-29,TAEE11,37.17
2023-06-29,TEND3,10.77
2023-06-29,TIMS3,14.52
2023-06-29,TOTS3,29.57
2023-06-29,UGPA3,18.75
2023-06-29,USIM5,7.2
2023-06-29,VALE3,65.51
2023-06-29,VAMO3,12.0
2023-06-29,VBBR3,18.0
2023-06-29,VIVA3,28.1
2023-06-29,VIVT3,43.1
2023-06-29,WEGE3,36.84
2023-06-29,YDUQ3,19.65
2023-06-30,ABEV3,15.41
2023-06-30,ASAI3,13.75
2023-06-30,AURE3,14.33
2023-06-30,B3SA3,14.61
2023-06-30,BBAS3,49.4
2023-06-30,BBDC3,14.64
2023-06-30,BBDC4,16.45
2023-06-30,BBSE3,30.77
2023-06-30,BEEF3,10.63
2023-06-30,BPAC11,31.45
2023-06-30,BRAP4,22.21
2023-06-30,CCRO3,14.05
2023-06-30,CEAB3,5.43
2023-06-30,CMIG4,12.86
2023-06-30,CMIN3,4.18
2023-06-30,COGN3,3.26
2023-06-30,CPFE3,34.39
2023-06-30,CPLE3,8.23
2023-06-30,CSAN3,17.86
2023-06-30,CSMG3,21.15
2023-06-30,CSNA3,12.13
2023-06-30,CURY3,16.05
2023-06-30,CXSE3,10.3
2023-06-30,CYRE3,20.13
2023-06-30,DIRR3,19.65
2023-06-30,EGIE3,45.69
2023-06-30,ELET3,39.75
2023-06-30,EMBR3,18.54
2023-06-30,ENEV3,12.27
2023-06-30,ENGI11,50.2
2023-06-30,EQTL3,32.15
2023-06-30,FLRY3,16.05
2023-06-30,GGBR4,25.07
2023-06-30,GOAU4,11.82
2023-06-30,HAPV3,4.38
2023-06-30,HYPE3,46.01
2023-06-30,IGTI11,22.42
2023-06-30,ITSA4,9.64
2023-06-30,ITUB4,28.42
2023-06-30,KLBN11,21.77
2023-06-30,LREN3,20.0
2023-06-30,MGLU3,3.37
2023-06-30,MRFG3,7.27
2023-06-30,MRVE3,11.57
2023-06-30,MULT3,27.67
2023-06-30,NTCO3,16.74
2023-06-30,PETR3,33.1
2023-06-30,PETR4,29.53
2023-06-30,POMO4,5.21
2023-06-30,PRIO3,37.08
2023-06-30,PSSA3,28.12
2023-06-30,RADL3,29.6
2023-06-30,RAIL3,22.2
2023-06-30,RDOR3,32.92
2023-06-30,RENT3,68.5
2023-06-30,SANB11,30.63
2023-06-30,SBSP3,56.57
2023-06-30,SMFT3,21.5
2023-06-30,SUZB3,44.22
2023-06-30,TAEE11,37.64
2023-06-30,TEND3,11.5
2023-06-30,TIMS3,14.62
2023-06-30,TOTS3,29.98
2023-06-30,UGPA3,18.89
2023-06-30,USIM5,7.07
2023-06-30,VALE3,64.22
2023-06-30,VAMO3,12.11
2023-06-30,VBBR3,18.05
2023-06-30,VIVA3,28.48
2023-06-30,VIVT3,43.27
2023-06-30,WEGE3,37.75
2023-06-30,YDUQ3,19.82
2023-07-03,ABEV3,15.41
2023-07-03,ASAI3,13.62
2023-07-03,AURE3,14.28
2023-07-03,B3SA3,14.93
2023-07-03,BBAS3,50.39
2023-07-03,BBDC3,14.83
2023-07-03,BBDC4,16.66
2023-07-03,BBSE3,31.51
2023-07-03,BEEF3,10.42
2023-07-03,BPAC11,32.37
2023-07-03,BRAP4,22.2
2023-07-03,CCRO3,14.01
2023-07-03,CEAB3,5.39
2023-07-03,CMIG4,12.83
2023-07-03,CMIN3,4.23
2023-07-03,COGN3,3.28
2023-07-03,CPFE3,34.61
2023-07-03,CPLE3,8.12
2023-07-03,CSAN3,18.38
2023-07-03,CSMG3,20.94
2023-07-03,CSNA3,12.31
2023-07-03,CURY3,15.89
2023-07-03,CXSE3,10.34
2023-07-03,CYRE3,19.94
2023-07-03,DIRR3,19.0
2023-07-03,EGIE3,45.3
2023-07-03,ELET3,40.0
2023-07-03,EMBR3,18.4
2023-07-03,ENEV3,12.36
2023-07-03,ENGI11,50.59
2023-07-03,EQTL3,32.46
2023-07-03,FLRY3,16.3
2023-07-03,GGBR4,25.97
2023-07-03,GOAU4,12.26
2023-07-03,HAPV3,4.42
2023-07-03,HYPE3,46.53
2023-07-03,IGTI11,22.59
2023-07-03,ITSA4,9.79
2023-07-03,ITUB4,28.96
2023-07-03,KLBN11,21.93
2023-07-03,LREN3,20.29
2023-07-03,MGLU3,3.44
2023-07-03,MRFG3,7.2
2023-07-03,MRVE3,11.21
2023-07-03,MULT3,27.89
2023-07-03,NTCO3,16.9
2023-07-03,PETR3,33.67
2023-07-03,PETR4,30.08
2023-07-03,POMO4,5.21
2023-07-03,PRIO3,37.42
2023-07-03,PSSA3,28.64
2023-07-03,RADL3,28.77
2023-07-03,RAIL3,22.64
2023-07-03,RDOR3,33.48
2023-07-03,RENT3,69.13
2023-07-03,SANB11,31.41
2023-07-03,SBSP3,56.39
2023-07-03,SMFT3,21.82
2023-07-03,SUZB3,44.22
2023-07-03,TAEE11,37.51
2023-07-03,TEND3,11.32
2023-07-03,TIMS3,14.29
2023-07-03,TOTS3,30.58
2023-07-03,UGPA3,18.91
2023-07-03,USIM5,7.25
2023-07-03,VALE3,66.23
2023-07-03,VAMO3,12.2
2023-07-03,VBBR3,18.04
2023-07-03,VIVA3,29.05
2023-07-03,VIVT3,42.94
2023-07-03,WEGE3,37.69
2023-07-03,YDUQ3,19.84
2023-07-04,ABEV3,15.14
2023-07-04,ASAI3,13.61
2023-07-04,AURE3,14.26
2023-07-04,B3SA3,14.74
2023-07-04,BBAS3,50.07
2023-07-04,BBDC3,14.67
2023-07-04,BBDC4,16.54
2023-07-04,BBSE3,31.63
2023-07-04,BEEF3,10.25
2023-07-04,BPAC11,32.31
2023-07-04,BRAP4,22.11
2023-07-04,CCRO3,14.06
2023-07-04,CEAB3,5.51
2023-07-04,CMIG4,12.72
2023-07-04,CMIN3,4.21
2023-07-04,COGN3,3.3
2023-07-04,CPFE3,34.46
2023-07-04,CPLE3,8.11
2023-07-04,CSAN3,18.31
2023-07-04,CSMG3,20.76
2023-07-04,CSNA3,12.32
2023-07-04,CURY3,16.2
2023-07-04,CXSE3,10.19
2023-07-04,CYRE3,19.73
2023-07-04,DIRR3,19.05
2023-07-04,EGIE3,45.15
2023-07-04,ELET3,39.39
2023-07-04,EMBR3,18.3
2023-07-04,ENEV3,12.2
2023-07-04,ENGI11,50.41
2023-07-04,EQTL3,32.6
2023-07-04,FLRY3,16.2
2023-07-04,GGBR4,25.92
2023-07-04,GOAU4,12.22
2023-07-04,HAPV3,4.32
2023-07-04,HYPE3,46.13
2023-07-04,IGTI11,22.36
2023-07-04,ITSA4,9.66
2023-07-04,ITUB4,28.78
2023-07-04,KLBN11,22.04
2023-07-04,LREN3,20.28
2023-07-04,MGLU3,3.37
2023-07-04,MRFG3,7.12
2023-07-04,MRVE3,11.99
2023-07-04,MULT3,27.5
2023-07-04,NTCO3,16.89
2023-07-04,PETR3,33.75
2023-07-04,PETR4,30.15
2023-07-04,POMO4,5.06
2023-07-04,PRIO3,38.04
2023-07-04,PSSA3,28.81
2023-07-04,RADL3,28.44
2023-07-04,RAIL3,22.75
2023-07-04,RDOR3,32.25
2023-07-04,RENT3,68.95
2023-07-04,SANB11,30.77
2023-07-04,SBSP3,55.54
2023-07-04,SMFT3,21.79
2023-07-04,SUZB3,44.73
2023-07-04,TAEE11,37.4
2023-07-04,TEND3,11.72
2023-07-04,TIMS3,14.47
2023-07-04,TOTS3,30.29
2023-07-04,UGPA3,18.72
2023-07-04,USIM5,7.32
2023-07-04,VALE3,65.9
2023-07-04,VAMO3,11.69
2023-07-04,VBBR3,17.8
2023-07-04,VIVA3,29.11
2023-07-04,VIVT3,42.85
2023-07-04,WEGE3,37.19
2023-07-04,YDUQ3,20.15
2023-07-05,ABEV3,15.21
2023-07-05,ASAI3,13.72
2023-07-05,AURE3,14.37
2023-07-05,B3SA3,14.73
2023-07-05,BBAS3,49.74
2023-07-05,BBDC3,14.69
2023-07-05,BBDC4,16.57
2023-07-05,BBSE3,31.51
2023-07-05,BEEF3,10.5
2023-07-05,BPAC11,32.12
2023-07-05,BRAP4,22.06
2023-07-05,CCRO3,13.91
2023-07-05,CEAB3,5.76
2023-07-05,CMIG4,12.68
2023-07-05,CMIN3,4.19
2023-07-05,COGN3,3.33
2023-07-05,CPFE3,34.99
2023-07-05,CPLE3,8.08
2023-07-05,CSAN3,18.59
2023-07-05,CSMG3,20.32
2023-07-05,CSNA3,12.34
2023-07-05,CURY3,16.42
2023-07-05,CXSE3,10.25
2023-07-05,CYRE3,20.23
2023-07-05,DIRR3,19.26
2023-07-05,EGIE3,45.0
2023-07-05,ELET3,39.99
2023-07-05,EMBR3,18.75
2023-07-05,ENEV3,12.51
2023-07-05,ENGI11,50.54
2023-07-05,EQTL3,32.85
2023-07-05,FLRY3,16.45
2023-07-05,GGBR4,25.82
2023-07-05,GOAU4,12.23
2023-07-05,HAPV3,4.38
2023-07-05,HYPE3,46.4
2023-07-05,IGTI11,22.61
2023-07-05,ITSA4,9.82
2023-07-05,ITUB4,29.03
2023-07-05,KLBN11,21.96
2023-07-05,LREN3,20.45
2023-07-05,MGLU3,3.41
2023-07-05,MRFG3,7.47
2023-07-05,MRVE3,12.79
2023-07-05,MULT3,27.74
2023-07-05,NTCO3,17.02
2023-07-05,PETR3,33.74
2023-07-05,PETR4,30.11
2023-07-05,POMO4,4.91
2023-07-05,PRIO3,38.62
2023-07-05,PSSA3,28.83
2023-07-05,RADL3,28.62
2023-07-05,RAIL3,22.88
2023-07-05,RDOR3,32.13
2023-07-05,RENT3,69.88
2023-07-05,SANB11,30.33
2023-07-05,SBSP3,56.0
2023-07-05,SMFT3,22.02
2023-07-05,SUZB3,44.45
2023-07-05,TAEE11,37.12
2023-07-05,TEND3,12.52
2023-07-05,TIMS3,14.37
2023-07-05,TOTS3,30.83
2023-07-05,UGPA3,18.85
2023-07-05,USIM5,7.38
2023-07-05,VALE3,65.32
2023-07-05,VAMO3,11.95
2023-07-05,VBBR3,18.23
2023-07-05,VIVA3,29.8
2023-07-05,VIVT3,42.95
2023-07-05,WEGE3,37.5
2023-07-05,YDUQ3,20.62
2023-07-06,ABEV3,14.83
2023-07-06,ASAI3,13.59
2023-07-06,AURE3,14.24
2023-07-06,B3SA3,14.18
2023-07-06,BBAS3,49.01
2023-07-06,BBDC3,14.35
2023-07-06,BBDC4,16.17
2023-07-06,BBSE3,31.26
2023-07-06,BEEF3,10.44
2023-07-06,BPAC11,30.85
2023-07-06,BRAP4,21.95
2023-07-06,CCRO3,13.57
2023-07-06,CEAB3,5.55
2023-07-06,CMIG4,12.5
2023-07-06,CMIN3,4.12
2023-07-06,COGN3,3.19
2023-07-06,CPFE3,35.58
2023-07-06,CPLE3,8.05
2023-07-06,CSAN3,18.27
2023-07-06,CSMG3,20.19
2023-07-06,CSNA3,12.16
2023-07-06,CURY3,15.98
2023-07-06,CXSE3,10.22
2023-07-06,CYRE3,19.91
2023-07-06,DIRR3,18.88
2023-07-06,EGIE3,44.64
2023-07-06,ELET3,38.99
2023-07-06,EMBR3,18.6
2023-07-06,ENEV3,12.24
2023-07-06,ENGI11,50.23
2023-07-06,EQTL3,32.68
2023-07-06,FLRY3,16.14
2023-07-06,GGBR4,25.57
2023-07-06,GOAU4,12.1
2023-07-06,HAPV3,4.31
2023-07-06,HYPE3,45.89
2023-07-06,IGTI11,22.28
2023-07-06,ITSA4,9.61
2023-07-06,ITUB4,28.6
2023-07-06,KLBN11,21.62
2023-07-06,LREN3,19.8
2023-07-06,MGLU3,3.15
2023-07-06,MRFG3,7.29
2023-07-06,MRVE3,12.93
2023-07-06,MULT3,27.2
2023-07-06,NTCO3,16.61
2023-07-06,PETR3,33.31
2023-07-06,PETR4,29.65
2023-07-06,POMO4,4.9
2023-07-06,PRIO3,38.15
2023-07-06,PSSA3,28.75
2023-07-06,RADL3,28.05
2023-07-06,RAIL3,22.42
2023-07-06,RDOR3,31.2
2023-07-06,RENT3,69.25
2023-07-06,SANB11,29.69
2023-07-06,SBSP3,55.04
2023-07-06,SMFT3,21.65
2023-07-06,SUZB3,44.11
2023-07-06,TAEE11,37.03
2023-07-06,TEND3,12.4
2023-07-06,TIMS3,14.08
2023-07-06,TOTS3,29.95
2023-07-06,UGPA3,18.45
2023-07-06,USIM5,7.37
2023-07-06,VALE3,64.85
2023-07-06,VAMO3,11.7
2023-07-06,VBBR3,17.91
2023-07-06,VIVA3,29.26
2023-07-06,VIVT3,42.4
2023-07-06,WEGE3,36.89
2023-07-06,YDUQ3,19.95
2023-07-07,ABEV3,14.85
2023-07-07,ASAI3,14.0
2023-07-07,AURE3,14.26
2023-07-07,B3SA3,14.36
2023-07-07,BBAS3,49.96
2023-07-07,BBDC3,14.5
2023-07-07,BBDC4,16.28
2023-07-07,BBSE3,31.32
2023-07-07,BEEF3,10.52
2023-07-07,BPAC11,32.21
2023-07-07,BRAP4,22.14
2023-07-07,CCRO3,13.78
2023-07-07,CEAB3,5.74
2023-07-07,CMIG4,12.6
2023-07-07,CMIN3,4.21
2023-07-07,COGN3,3.31
2023-07-07,CPFE3,35.7
2023-07-07,CPLE3,8.03
2023-07-07,CSAN3,18.96
2023-07-07,CSMG3,20.8
2023-07-07,CSNA3,12.72
2023-07-07,CURY3,15.97
2023-07-07,CXSE3,10.24
2023-07-07,CYRE3,21.05
2023-07-07,DIRR3,19.2
2023-07-07,EGIE3,44.7
2023-07-07,ELET3,39.52
2023-07-07,EMBR3,18.23
2023-07-07,ENEV3,12.49
2023-07-07,ENGI11,50.67
2023-07-07,EQTL3,32.97
2023-07-07,FLRY3,16.21
2023-07-07,GGBR4,26.14
2023-07-07,GOAU4,12.37
2023-07-07,HAPV3,4.37
2023-07-07,HYPE3,45.74
2023-07-07,IGTI11,22.52
2023-07-07,ITSA4,9.74
2023-07-07,ITUB4,29.14
2023-07-07,KLBN11,21.87
2023-07-07,LREN3,20.42
2023-07-07,MGLU3,3.18
2023-07-07,MRFG3,7.49
2023-07-07,MRVE3,13.29
2023-07-07,MULT3,27.51
2023-07-07,NTCO3,16.73
2023-07-07,PETR3,33.13
2023-07-07,PETR4,29.5
2023-07-07,POMO4,5.01
2023-07-07,PRIO3,39.35
2023-07-07,PSSA3,28.93
2023-07-07,RADL3,28.49
2023-07-07,RAIL3,22.72
2023-07-07,RDOR3,31.64
2023-07-07,RENT3,70.14
2023-07-07,SANB11,29.82
2023-07-07,SBSP3,56.0
2023-07-07,SMFT3,22.4
2023-07-07,SUZB3,44.51
2023-07-07,TAEE11,37.17
2023-07-07,TEND3,13.22
2023-07-07,TIMS3,14.19
2023-07-07,TOTS3,30.5
2023-07-07,UGPA3,19.3
2023-07-07,USIM5,7.53
2023-07-07,VALE3,65.46
2023-07-07,VAMO3,11.9
2023-07-07,VBBR3,18.31
2023-07-07,VIVA3,29.41
2023-07-07,VIVT3,42.11
2023-07-07,WEGE3,37.0
2023-07-07,YDUQ3,20.0
2023-07-10,ABEV3,15.01
2023-07-10,ASAI3,13.71
2023-07-10,AURE3,14.31
2023-07-10,B3SA3,14.08
2023-07-10,BBAS3,49.04
2023-07-10,BBDC3,14.51
2023-07-10,BBDC4,16.29
2023-07-10,BBSE3,31.18
2023-07-10,BEEF3,10.18
2023-07-10,BPAC11,31.6
2023-07-10,BRAP4,21.85
2023-07-10,CCRO3,13.82
2023-07-10,CEAB3,5.57
2023-07-10,CMIG4,12.54
2023-07-10,CMIN3,4.12
2023-07-10,COGN3,3.28
2023-07-10,CPFE3,35.67
2023-07-10,CPLE3,7.83
2023-07-10,CSAN3,18.87
2023-07-10,CSMG3,20.72
2023-07-10,CSNA3,12.3
2023-07-10,CURY3,15.8
2023-07-10,CXSE3,10.12
2023-07-10,CYRE3,20.73
2023-07-10,DIRR3,18.98
2023-07-10,EGIE3,44.6
2023-07-10,ELET3,39.28
2023-07-10,EMBR3,18.13
2023-07-10,ENEV3,12.34
2023-07-10,ENGI11,50.84
2023-07-10,EQTL3,32.69
2023-07-10,FLRY3,16.12
2023-07-10,GGBR4,26.29
2023-07-10,GOAU4,12.43
2023-07-10,HAPV3,4.32
2023-07-10,HYPE3,45.04
2023-07-10,IGTI11,22.45
2023-07-10,ITSA4,9.72
2023-07-10,ITUB4,28.95
2023-07-10,KLBN11,21.69
2023-07-10,LREN3,19.1
2023-07-10,MGLU3,3.05
2023-07-10,MRFG3,7.52
2023-07-10,MRVE3,13.05
2023-07-10,MULT3,27.43
2023-07-10,NTCO3,16.41
2023-07-10,PETR3,33.13
2023-07-10,PETR4,29.55
2023-07-10,POMO4,4.99
2023-07-10,PRIO3,39.49
2023-07-10,PSSA3,29.33
2023-07-10,RADL3,28.48
2023-07-10,RAIL3,22.2
2023-07-10,RDOR3,31.73
2023-07-10,RENT3,69.73
2023-07-10,SANB11,29.73
2023-07-10,SBSP3,56.0
2023-07-10,SMFT3,21.95
2023-07-10,SUZB3,44.03
2023-07-10,TAEE11,36.75
2023-07-10,TEND3,13.02
2023-07-10,TIMS3,14.13
2023-07-10,TOTS3,30.02
2023-07-10,UGPA3,19.41
2023-07-10,USIM5,7.37
2023-07-10,VALE3,64.46
2023-07-10,VAMO3,11.97
2023-07-10,VBBR3,18.22
2023-07-10,VIVA3,28.47
2023-07-10,VIVT3,41.93
2023-07-10,WEGE3,36.29
2023-07-10,YDUQ3,20.0
2023-07-11,ABEV3,14.63
2023-07-11,ASAI3,13.43
2023-07-11,AURE3,14.26
2023-07-11,B3SA3,13.93
2023-07-11,BBAS3,48.34
2023-07-11,BBDC3,14.38
2023-07-11,BBDC4,16.3
2023-07-11,BBSE3,31.1
2023-07-11,BEEF3,9.78
2023-07-11,BPAC11,31.43
2023-07-11,BRAP4,22.31
2023-07-11,CCRO3,13.55
2023-07-11,CEAB3,5.56
2023-07-11,CMIG4,12.5
2023-07-11,CMIN3,4.12
2023-07-11,COGN3,3.24
2023-07-11,CPFE3,35.6
2023-07-11,CPLE3,7.84
2023-07-11,CSAN3,18.97
2023-07-11,CSMG3,20.58
2023-07-11,CSNA3,12.39
2023-07-11,CURY3,15.51
2023-07-11,CXSE3,10.08
2023-07-11,CYRE3,20.44
2023-07-11,DIRR3,18.79
2023-07-11,EGIE3,44.28
2023-07-11,ELET3,38.73
2023-07-11,EMBR3,17.98
2023-07-11,ENEV3,12.2
2023-07-11,ENGI11,49.99
2023-07-11,EQTL3,32.84
2023-07-11,FLRY3,15.85
2023-07-11,GGBR4,26.36
2023-07-11,GOAU4,12.47
2023-07-11,HAPV3,4.45
2023-07-11,HYPE3,44.78
2023-07-11,IGTI11,22.26
2023-07-11,ITSA4,9.6
2023-07-11,ITUB4,28.44
2023-07-11,KLBN11,21.52
2023-07-11,LREN3,18.86
2023-07-11,MGLU3,3.06
2023-07-11,MRFG3,7.4
2023-07-11,MRVE3,13.0
2023-07-11,MULT3,27.38
2023-07-11,NTCO3,16.35
2023-07-11,PETR3,32.87
2023-07-11,PETR4,29.15
2023-07-11,POMO4,5.05
2023-07-11,PRIO3,40.7
2023-07-11,PSSA3,29.15
2023-07-11,RADL3,28.17
2023-07-11,RAIL3,22.22
2023-07-11,RDOR3,31.33
2023-07-11,RENT3,69.47
2023-07-11,SANB11,29.5
2023-07-11,SBSP3,55.0
2023-07-11,SMFT3,21.96
2023-07-11,SUZB3,44.05
2023-07-11,TAEE11,36.48
2023-07-11,TEND3,12.9
2023-07-11,TIMS3,13.99
2023-07-11,TOTS3,29.68
2023-07-11,UGPA3,19.23
2023-07-11,USIM5,7.34
2023-07-11,VALE3,66.58
2023-07-11,VAMO3,11.78
2023-07-11,VBBR3,17.84
2023-07-11,VIVA3,27.99
2023-07-11,VIVT3,41.18
2023-07-11,WEGE3,35.95
2023-07-11,YDUQ3,19.89
2023-07-12,ABEV3,14.69
2023-07-12,ASAI3,13.3
2023-07-12,AURE3,14.31
2023-07-12,B3SA3,14.25
2023-07-12,BBAS3,47.56
2023-07-12,BBDC3,14.29
2023-07-12,BBDC4,16.15
2023-07-12,BBSE3,30.74
2023-07-12,BEEF3,9.75
2023-07-12,BPAC11,31.6
2023-07-12,BRAP4,22.42
2023-07-12,CCRO3,13.69
2023-07-12,CEAB3,5.81
2023-07-12,CMIG4,12.49
2023-07-12,CMIN3,4.12
2023-07-12,COGN3,3.17
2023-07-12,CPFE3,35.3
2023-07-12,CPLE3,7.8
2023-07-12,CSAN3,19.14
2023-07-12,CSMG3,20.76
2023-07-12,CSNA3,12.56
2023-07-12,CURY3,15.99
2023-07-12,CXSE3,10.0
2023-07-12,CYRE3,20.71
2023-07-12,DIRR3,20.0
2023-07-12,EGIE3,44.5
2023-07-12,ELET3,38.23
2023-07-12,EMBR3,17.72
2023-07-12,ENEV3,12.19
2023-07-12,ENGI11,49.68
2023-07-12,EQTL3,32.95
2023-07-12,FLRY3,15.55
2023-07-12,GGBR4,26.91
2023-07-12,GOAU4,12.65
2023-07-12,HAPV3,4.34
2023-07-12,HYPE3,45.08
2023-07-12,IGTI11,22.16
2023-07-12,ITSA4,9.6
2023-07-12,ITUB4,28.27
2023-07-12,KLBN11,21.3
2023-07-12,LREN3,18.57
2023-07-12,MGLU3,2.98
2023-07-12,MRFG3,7.55
2023-07-12,MRVE3,13.16
2023-07-12,MULT3,27.38
2023-07-12,NTCO3,16.27
2023-07-12,PETR3,32.77
2023-07-12,PETR4,29.17
2023-07-12,POMO4,5.05
2023-07-12,PRIO3,41.55
2023-07-12,PSSA3,29.26
2023-07-12,RADL3,28.33
2023-07-12,RAIL3,22.64
2023-07-12,RDOR3,31.53
2023-07-12,RENT3,70.2
2023-07-12,SANB11,29.14
2023-07-12,SBSP3,55.04
2023-07-12,SMFT3,21.93
2023-07-12,SUZB3,44.18
2023-07-12,TAEE11,36.22
2023-07-12,TEND3,13.04
2023-07-12,TIMS3,14.03
2023-07-12,TOTS3,29.62
2023-07-12,UGPA3,19.27
2023-07-12,USIM5,7.35
2023-07-12,VALE3,67.05
2023-07-12,VAMO3,11.77
2023-07-12,VBBR3,17.69
2023-07-12,VIVA3,28.21
2023-07-12,VIVT3,41.29
2023-07-12,WEGE3,36.06
2023-07-12,YDUQ3,19.73
2023-07-13,ABEV3,14.76
2023-07-13,ASAI3,13.0
2023-07-13,AURE3,14.37
2023-07-13,B3SA3,14.56
2023-07-13,BBAS3,48.01
2023-07-13,BBDC3,14.58
2023-07-13,BBDC4,16.55
2023-07-13,BBSE3,30.66
2023-07-13,BEEF3,10.0
2023-07-13,BPAC11,32.5
2023-07-13,BRAP4,22.82
2023-07-13,CCRO3,13.7
2023-07-13,CEAB3,5.56
2023-07-13,CMIG4,12.71
2023-07-13,CMIN3,4.21
2023-07-13,COGN3,3.24
2023-07-13,CPFE3,35.64
2023-07-13,CPLE3,7.84
2023-07-13,CSAN3,19.81
2023-07-13,CSMG3,20.78
2023-07-13,CSNA3,12.97
2023-07-13,CURY3,16.3
2023-07-13,CXSE3,10.15
2023-07-13,CYRE3,22.51
2023-07-13,DIRR3,20.12
2023-07-13,EGIE3,45.07
2023-07-13,ELET3,39.0
2023-07-13,EMBR3,17.96
2023-07-13,ENEV3,12.3
2023-07-13,ENGI11,50.1
2023-07-13,EQTL3,33.35
2023-07-13,FLRY3,15.52
2023-07-13,GGBR4,27.38
2023-07-13,GOAU4,12.87
2023-07-13,HAPV3,4.3
2023-07-13,HYPE3,45.18
2023-07-13,IGTI11,22.04
2023-07-13,ITSA4,9.72
2023-07-13,ITUB4,28.58
2023-07-13,KLBN11,21.55
2023-07-13,LREN3,18.45
2023-07-13,MGLU3,3.02
2023-07-13,MRFG3,7.53
2023-07-13,MRVE3,13.0
2023-07-13,MULT3,27.37
2023-07-13,NTCO3,16.31
2023-07-13,PETR3,33.25
2023-07-13,PETR4,29.63
2023-07-13,POMO4,5.12
2023-07-13,PRIO3,42.89
2023-07-13,PSSA3,29.0
2023-07-13,RADL3,28.76
2023-07-13,RAIL3,22.79
2023-07-13,RDOR3,32.3
2023-07-13,RENT3,70.12
2023-07-13,SANB11,29.51
2023-07-13,SBSP3,55.5
2023-07-13,SMFT3,21.89
2023-07-13,SUZB3,44.37
2023-07-13,TAEE11,36.22
2023-07-13,TEND3,12.42
2023-07-13,TIMS3,14.25
2023-07-13,TOTS3,29.94
2023-07-13,UGPA3,19.79
2023-07-13,USIM5,7.68
2023-07-13,VALE3,68.61
2023-07-13,VAMO3,11.76
2023-07-13,VBBR3,17.9
2023-07-13,VIVA3,28.5
2023-07-13,VIVT3,41.15
2023-07-13,WEGE3,36.06
2023-07-13,YDUQ3,19.24
2023-07-14,ABEV3,14.74
2023-07-14,ASAI3,12.57
2023-07-14,AURE3,14.3
2023-07-14,B3SA3,14.45
2023-07-14,BBAS3,47.69
2023-07-14,BBDC3,14.52
2023-07-14,BBDC4,16.34
2023-07-14,BBSE3,30.44
2023-07-14,BEEF3,9.88
2023-07-14,BPAC11,31.92
2023-07-14,BRAP4,22.83
2023-07-14,CCRO3,13.46
2023-07-14,CEAB3,4.89
2023-07-14,CMIG4,12.58
2023-07-14,CMIN3,4.21
2023-07-14,COGN3,3.18
2023-07-14,CPFE3,35.48
2023-07-14,CPLE3,7.83
2023-07-14,CSAN3,19.35
2023-07-14,CSMG3,20.22
2023-07-14,CSNA3,12.89
2023-07-14,CURY3,15.9
2023-07-14,CXSE3,10.13
2023-07-14,CYRE3,21.89
2023-07-14,DIRR3,19.62
2023-07-14,EGIE3,44.76
2023-07-14,ELET3,38.1
2023-07-14,EMBR3,17.45
2023-07-14,ENEV3,12.16
2023-07-14,ENGI11,50.0
2023-07-14,EQTL3,32.86
2023-07-14,FLRY3,15.31
2023-07-14,GGBR4,27.16
2023-07-14,GOAU4,12.79
2023-07-14,HAPV3,4.13
2023-07-14,HYPE3,44.65
2023-07-14,IGTI11,21.42
2023-07-14,ITSA4,9.63
2023-07-14,ITUB4,28.28
2023-07-14,KLBN11,21.39
2023-07-14,LREN3,17.83
2023-07-14,MGLU3,2.95
2023-07-14,MRFG3,7.4
2023-07-14,MRVE3,12.85
2023-07-14,MULT3,26.69
2023-07-14,NTCO3,15.71
2023-07-14,PETR3,32.55
2023-07-14,PETR4,29.05
2023-07-14,POMO4,5.15
2023-07-14,PRIO3,41.52
2023-07-14,PSSA3,28.6
2023-07-14,RADL3,28.42
2023-07-14,RAIL3,22.44
2023-07-14,RDOR3,31.96
2023-07-14,RENT3,68.48
2023-07-14,SANB11,29.31
2023-07-14,SBSP3,54.53
2023-07-14,SMFT3,21.05
2023-07-14,SUZB3,44.55
2023-07-14,TAEE11,36.17
2023-07-14,TEND3,11.53
2023-07-14,TIMS3,14.06
2023-07-14,TOTS3,29.43
2023-07-14,UGPA3,19.74
2023-07-14,USIM5,7.5
2023-07-14,VALE3,68.61
2023-07-14,VAMO3,11.39
2023-07-14,VBBR3,17.23
2023-07-14,VIVA3,27.85
2023-07-14,VIVT3,40.48
2023-07-14,WEGE3,36.0
2023-07-14,YDUQ3,18.85
2023-07-17,ABEV3,14.82
2023-07-17,ASAI3,12.82
2023-07-17,AURE3,14.28
2023-07-17,B3SA3,14.59
2023-07-17,BBAS3,48.11
2023-07-17,BBDC3,14.69
2023-07-17,BBDC4,16.6
2023-07-17,BBSE3,30.48
2023-07-17,BEEF3,9.87
2023-07-17,BPAC11,32.92
2023-07-17,BRAP4,22.63
2023-07-17,CCRO3,13.58
2023-07-17,CEAB3,5.17
2023-07-17,CMIG4,12.58
2023-07-17,CMIN3,4.23
2023-07-17,COGN3,3.19
2023-07-17,CPFE3,35.44
2023-07-17,CPLE3,7.68
2023-07-17,CSAN3,19.53
2023-07-17,CSMG3,20.44
2023-07-17,CSNA3,12.88
2023-07-17,CURY3,15.96
2023-07-17,CXSE3,10.3
2023-07-17,CYRE3,21.96
2023-07-17,DIRR3,20.05
2023-07-17,EGIE3,44.73
2023-07-17,ELET3,38.27
2023-07-17,EMBR3,17.5
2023-07-17,ENEV3,12.16
2023-07-17,ENGI11,49.93
2023-07-17,EQTL3,33.09
2023-07-17,FLRY3,15.43
2023-07-17,GGBR4,27.26
2023-07-17,GOAU4,12.83
2023-07-17,HAPV3,4.18
2023-07-17,HYPE3,45.02
2023-07-17,IGTI11,21.38
2023-07-17,ITSA4,9.77
2023-07-17,ITUB4,28.83
2023-07-17,KLBN11,21.4
2023-07-17,LREN3,17.96
2023-07-17,MGLU3,2.96
2023-07-17,MRFG3,7.35
2023-07-17,MRVE3,13.23
2023-07-17,MULT3,26.38
2023-07-17,NTCO3,15.66
2023-07-17,PETR3,32.56
2023-07-17,PETR4,28.99
2023-07-17,POMO4,5.25
2023-07-17,PRIO3,41.99
2023-07-17,PSSA3,28.91
2023-07-17,RADL3,28.69
2023-07-17,RAIL3,22.67
2023-07-17,RDOR3,32.8
2023-07-17,RENT3,69.38
2023-07-17,SANB11,29.94
2023-07-17,SBSP3,54.2
2023-07-17,SMFT3,21.88
2023-07-17,SUZB3,44.4
2023-07-17,TAEE11,36.41
2023-07-17,TEND3,12.11
2023-07-17,TIMS3,13.98
2023-07-17,TOTS3,29.58
2023-07-17,UGPA3,19.74
2023-07-17,USIM5,7.42
2023-07-17,VALE3,67.85
2023-07-17,VAMO3,11.48
2023-07-17,VBBR3,17.46
2023-07-17,VIVA3,28.28
2023-07-17,VIVT3,40.61
2023-07-17,WEGE3,35.3
2023-07-17,YDUQ3,19.0
2023-07-18,ABEV3,14.67
2023-07-18,ASAI3,12.46
2023-07-18,AURE3,14.28
2023-07-18,B3SA3,14.71
2023-07-18,BBAS3,48.27
2023-07-18,BBDC3,14.63
2023-07-18,BBDC4,16.57
2023-07-18,BBSE3,30.13
2023-07-18,BEEF3,9.66
2023-07-18,BPAC11,33.27
2023-07-18,BRAP4,22.74
2023-07-18,CCRO3,13.48
2023-07-18,CEAB3,5.42
2023-07-18,CMIG4,12.45
2023-07-18,CMIN3,4.15
2023-07-18,COGN3,3.31
2023-07-18,CPFE3,35.35
2023-07-18,CPLE3,7.58
2023-07-18,CSAN3,19.45
2023-07-18,CSMG3,20.34
2023-07-18,CSNA3,12.82
2023-07-18,CURY3,16.4
2023-07-18,CXSE3,10.15
2023-07-18,CYRE3,22.28
2023-07-18,DIRR3,20.73
2023-07-18,EGIE3,44.66
2023-07-18,ELET3,37.99
2023-07-18,EMBR3,17.32
2023-07-18,ENEV3,12.37
2023-07-18,ENGI11,49.5
2023-07-18,EQTL3,33.13
2023-07-18,FLRY3,15.34
2023-07-18,GGBR4,27.53
2023-07-18,GOAU4,12.91
2023-07-18,HAPV3,4.18
2023-07-18,HYPE3,44.35
2023-07-18,IGTI11,21.42
2023-07-18,ITSA4,9.75
2023-07-18,ITUB4,28.27
2023-07-18,KLBN11,21.38
2023-07-18,LREN3,18.11
2023-07-18,MGLU3,2.96
2023-07-18,MRFG3,7.22
2023-07-18,MRVE3,13.56
2023-07-18,MULT3,26.3
2023-07-18,NTCO3,15.59
2023-07-18,PETR3,32.28
2023-07-18,PETR4,28.83
2023-07-18,POMO4,5.37
2023-07-18,PRIO3,43.18
2023-07-18,PSSA3,28.91
2023-07-18,RADL3,28.17
2023-07-18,RAIL3,22.63
2023-07-18,RDOR3,32.97
2023-07-18,RENT3,69.24
2023-07-18,SANB11,29.78
2023-07-18,SBSP3,54.44
2023-07-18,SMFT3,22.02
2023-07-18,SUZB3,44.57
2023-07-18,TAEE11,36.36
2023-07-18,TEND3,12.77
2023-07-18,TIMS3,13.86
2023-07-18,TOTS3,29.15
2023-07-18,UGPA3,19.37
2023-07-18,USIM5,7.42
2023-07-18,VALE3,67.42
2023-07-18,VAMO3,11.51
2023-07-18,VBBR3,17.21
2023-07-18,VIVA3,28.57
2023-07-18,VIVT3,40.24
2023-07-18,WEGE3,35.94
2023-07-18,YDUQ3,20.35
2023-07-19,ABEV3,14.63
2023-07-19,ASAI3,12.14
2023-07-19,AURE3,14.25
2023-07-19,B3SA3,14.6
2023-07-19,BBAS3,47.43
2023-07-19,BBDC3,14.59
2023-07-19,BBDC4,16.51
2023-07-19,BBSE3,30.18
2023-07-19,BEEF3,9.72
2023-07-19,BPAC11,32.89
2023-07-19,BRAP4,22.5
2023-07-19,CCRO3,13.53
2023-07-19,CEAB3,5.38
2023-07-19,CMIG4,12.4
2023-07-19,CMIN3,4.12
2023-07-19,COGN3,3.35
2023-07-19,CPFE3,35.16
2023-07-19,CPLE3,7.58
2023-07-19,CSAN3,19.32
2023-07-19,CSMG3,20.18
2023-07-19,CSNA3,12.7
2023-07-19,CURY3,16.64
2023-07-19,CXSE3,10.08
2023-07-19,CYRE3,22.05
2023-07-19,DIRR3,20.58
2023-07-19,EGIE3,44.55
2023-07-19,ELET3,37.81
2023-07-19,EMBR3,17.39
2023-07-19,ENEV3,12.52
2023-07-19,ENGI11,49.4
2023-07-19,EQTL3,33.36
2023-07-19,FLRY3,15.19
2023-07-19,GGBR4,27.43
2023-07-19,GOAU4,12.81
2023-07-19,HAPV3,4.13
2023-07-19,HYPE3,44.02
2023-07-19,IGTI11,21.34
2023-07-19,ITSA4,9.66
2023-07-19,ITUB4,27.97
2023-07-19,KLBN11,20.95
2023-07-19,LREN3,17.78
2023-07-19,MGLU3,2.94
2023-07-19,MRFG3,7.22
2023-07-19,MRVE3,13.79
2023-07-19,MULT3,25.72
2023-07-19,NTCO3,15.93
2023-07-19,PETR3,32.46
2023-07-19,PETR4,29.1
2023-07-19,POMO4,5.38
2023-07-19,PRIO3,44.14
2023-07-19,PSSA3,28.46
2023-07-19,RADL3,27.99
2023-07-19,RAIL3,22.8
2023-07-19,RDOR3,32.95
2023-07-19,RENT3,69.46
2023-07-19,SANB11,29.5
2023-07-19,SBSP3,54.17
2023-07-19,SMFT3,21.9
2023-07-19,SUZB3,43.47
2023-07-19,TAEE11,36.19
2023-07-19,TEND3,13.18
2023-07-19,TIMS3,13.78
2023-07-19,TOTS3,29.01
2023-07-19,UGPA3,18.88
2023-07-19,USIM5,7.21
2023-07-19,VALE3,67.24
2023-07-19,VAMO3,11.2
2023-07-19,VBBR3,16.86
2023-07-19,VIVA3,28.83
2023-07-19,VIVT3,40.29
2023-07-19,WEGE3,37.91
2023-07-19,YDUQ3,20.48
2023-07-20,ABEV3,14.92
2023-07-20,ASAI3,12.19
2023-07-20,AURE3,14.18
2023-07-20,B3SA3,14.61
2023-07-20,BBAS3,47.95
2023-07-20,BBDC3,14.68
2023-07-20,BBDC4,16.52
2023-07-20,BBSE3,30.71
2023-07-20,BEEF3,9.84
2023-07-20,BPAC11,33.32
2023-07-20,BRAP4,22.59
2023-07-20,CCRO3,13.41
2023-07-20,CEAB3,5.32
2023-07-20,CMIG4,12.38
2023-07-20,CMIN3,4.08
2023-07-20,COGN3,3.34
2023-07-20,CPFE3,35.05
2023-07-20,CPLE3,7.59
2023-07-20,CSAN3,19.38
2023-07-20,CSMG3,19.98
2023-07-20,CSNA3,12.68
2023-07-20,CURY3,16.56
2023-07-20,CXSE3,10.2
2023-07-20,CYRE3,22.08
2023-07-20,DIRR3,20.25
2023-07-20,EGIE3,44.52
2023-07-20,ELET3,37.83
2023-07-20,EMBR3,17.18
2023-07-20,ENEV3,12.2
2023-07-20,ENGI11,49.23
2023-07-20,EQTL3,33.84
2023-07-20,FLRY3,15.16
2023-07-20,GGBR4,27.52
2023-07-20,GOAU4,12.89
2023-07-20,HAPV3,4.16
2023-07-20,HYPE3,43.79
2023-07-20,IGTI11,21.37
2023-07-20,ITSA4,9.72
2023-07-20,ITUB4,28.49
2023-07-20,KLBN11,21.01
2023-07-20,LREN3,17.88
2023-07-20,MGLU3,2.9
2023-07-20,MRFG3,7.14
2023-07-20,MRVE3,13.6
2023-07-20,MULT3,25.73
2023-07-20,NTCO3,16.72
2023-07-20,PETR3,32.71
2023-07-20,PETR4,29.13
2023-07-20,POMO4,5.49
2023-07-20,PRIO3,44.2
2023-07-20,PSSA3,28.53
2023-07-20,RADL3,28.38
2023-07-20,RAIL3,22.94
2023-07-20,RDOR3,33.36
2023-07-20,RENT3,69.98
2023-07-20,SANB11,29.66
2023-07-20,SBSP3,53.91
2023-07-20,SMFT3,21.74
2023-07-20,SUZB3,43.65
2023-07-20,TAEE11,36.38
2023-07-20,TEND3,13.26
2023-07-20,TIMS3,14.0
2023-07-20,TOTS3,28.53
2023-07-20,UGPA3,18.87
2023-07-20,USIM5,7.16
2023-07-20,VALE3,67.39
2023-07-20,VAMO3,11.53
2023-07-20,VBBR3,16.79
2023-07-20,VIVA3,28.63
2023-07-20,VIVT3,40.7
2023-07-20,WEGE3,38.16
2023-07-20,YDUQ3,20.43
2023-07-21,ABEV3,15.3
2023-07-21,ASAI3,12.54
2023-07-21,AURE3,14.31
2023-07-21,B3SA3,15.17
2023-07-21,BBAS3,48.52
2023-07-21,BBDC3,15.1
2023-07-21,BBDC4,17.06
2023-07-21,BBSE3,31.05
2023-07-21,BEEF3,10.04
2023-07-21,BPAC11,34.08
2023-07-21,BRAP4,22.76
2023-07-21,CCRO3,13.53
2023-07-21,CEAB3,5.49
2023-07-21,CMIG4,12.57
2023-07-21,CMIN3,4.15
2023-07-21,COGN3,3.43
2023-07-21,CPFE3,35.57
2023-07-21,CPLE3,7.72
2023-07-21,CSAN3,19.72
2023-07-21,CSMG3,20.27
2023-07-21,CSNA3,12.72
2023-07-21,CURY3,16.94
2023-07-21,CXSE3,10.3
2023-07-21,CYRE3,22.39
2023-07-21,DIRR3,20.19
2023-07-21,EGIE3,44.9
2023-07-21,ELET3,38.92
2023-07-21,EMBR3,17.61
2023-07-21,ENEV3,12.57
2023-07-21,ENGI11,50.3
2023-07-21,EQTL3,34.11
2023-07-21,FLRY3,15.48
2023-07-21,GGBR4,27.22
2023-07-21,GOAU4,12.81
2023-07-21,HAPV3,4.26
2023-07-21,HYPE3,44.64
2023-07-21,IGTI11,21.71
2023-07-21,ITSA4,9.89
2023-07-21,ITUB4,29.0
2023-07-21,KLBN11,21.05
2023-07-21,LREN3,18.3
2023-07-21,MGLU3,3.02
2023-07-21,MRFG3,7.22
2023-07-21,MRVE3,13.75
2023-07-21,MULT3,26.46
2023-07-21,NTCO3,17.27
2023-07-21,PETR3,33.31
2023-07-21,PETR4,29.68
2023-07-21,POMO4,5.39
2023-07-21,PRIO3,45.17
2023-07-21,PSSA3,29.12
2023-07-21,RADL3,28.63
2023-07-21,RAIL3,23.35
2023-07-21,RDOR3,34.52
2023-07-21,RENT3,70.33
2023-07-21,SANB11,30.01
2023-07-21,SBSP3,55.23
2023-07-21,SMFT3,21.86
2023-07-21,SUZB3,44.06
2023-07-21,TAEE11,36.61
2023-07-21,TEND3,13.17
2023-07-21,TIMS3,14.17
2023-07-21,TOTS3,29.27
2023-07-21,UGPA3,19.09
2023-07-21,USIM5,7.17
2023-07-21,VALE3,67.8
2023-07-21,VAMO3,11.93
2023-07-21,VBBR3,17.27
2023-07-21,VIVA3,29.17
2023-07-21,VIVT3,41.1
2023-07-21,WEGE3,38.89
2023-07-21,YDUQ3,21.0
2023-07-24,ABEV3,15.12
2023-07-24,ASAI3,12.78
2023-07-24,AURE3,14.26
2023-07-24,B3SA3,15.1
2023-07-24,BBAS3,47.57
2023-07-24,BBDC3,14.84
2023-07-24,BBDC4,16.6
2023-07-24,BBSE3,31.47
2023-07-24,BEEF3,9.6
2023-07-24,BPAC11,33.7
2023-07-24,BRAP4,23.29
2023-07-24,CCRO3,13.48
2023-07-24,CEAB3,5.49
2023-07-24,CMIG4,12.68
2023-07-24,CMIN3,4.32
2023-07-24,COGN3,3.52
2023-07-24,CPFE3,35.78
2023-07-24,CPLE3,7.85
2023-07-24,CSAN3,20.09
2023-07-24,CSMG3,20.16
2023-07-24,CSNA3,13.05
2023-07-24,CURY3,16.8
2023-07-24,CXSE3,10.31
2023-07-24,CYRE3,22.65
2023-07-24,DIRR3,20.31
2023-07-24,EGIE3,45.44
2023-07-24,ELET3,38.87
2023-07-24,EMBR3,18.38
2023-07-24,ENEV3,13.12
2023-07-24,ENGI11,50.88
2023-07-24,EQTL3,34.46
2023-07-24,FLRY3,15.67
2023-07-24,GGBR4,28.02
2023-07-24,GOAU4,13.18
2023-07-24,HAPV3,4.34
2023-07-24,HYPE3,44.2
2023-07-24,IGTI11,21.94
2023-07-24,ITSA4,9.82
2023-07-24,ITUB4,28.54
2023-07-24,KLBN11,21.7
2023-07-24,LREN3,18.86
2023-07-24,MGLU3,3.01
2023-07-24,MRFG3,6.94
2023-07-24,MRVE3,13.98
2023-07-24,MULT3,26.74
2023-07-24,NTCO3,17.89
2023-07-24,PETR3,34.0
2023-07-24,PETR4,30.3
2023-07-24,POMO4,5.42
2023-07-24,PRIO3,46.17
2023-07-24,PSSA3,28.97
2023-07-24,RADL3,28.56
2023-07-24,RAIL3,24.02
2023-07-24,RDOR3,35.91
2023-07-24,RENT3,69.55
2023-07-24,SANB11,29.78
2023-07-24,SBSP3,55.51
2023-07-24,SMFT3,21.89
2023-07-24,SUZB3,45.02
2023-07-24,TAEE11,36.75
2023-07-24,TEND3,12.79
2023-07-24,TIMS3,14.19
2023-07-24,TOTS3,29.53
2023-07-24,UGPA3,19.46
2023-07-24,USIM5,7.35
2023-07-24,VALE3,69.85
2023-07-24,VAMO3,11.9
2023-07-24,VBBR3,17.7
2023-07-24,VIVA3,29.23
2023-07-24,VIVT3,41.22
2023-07-24,WEGE3,41.54
2023-07-24,YDUQ3,21.19
2023-07-25,ABEV3,15.03
2023-07-25,ASAI3,12.67
2023-07-25,AURE3,14.06
2023-07-25,B3SA3,14.99
2023-07-25,BBAS3,47.32
2023-07-25,BBDC3,14.76
2023-07-25,BBDC4,16.54
2023-07-25,BBSE3,31.19
2023-07-25,BEEF3,9.34
2023-07-25,BPAC11,33.56
2023-07-25,BRAP4,24.17
2023-07-25,CCRO3,13.4
2023-07-25,CEAB3,5.49
2023-07-25,CMIG4,12.67
2023-07-25,CMIN3,4.42
2023-07-25,COGN3,3.44
2023-07-25,CPFE3,35.8
2023-07-25,CPLE3,8.05
2023-07-25,CSAN3,20.49
2023-07-25,CSMG3,20.19
2023-07-25,CSNA3,13.82
2023-07-25,CURY3,17.18
2023-07-25,CXSE3,10.3
2023-07-25,CYRE3,23.5
2023-07-25,DIRR3,20.32
2023-07-25,EGIE3,44.6
2023-07-25,ELET3,38.77
2023-07-25,EMBR3,18.22
2023-07-25,ENEV3,13.04
2023-07-25,ENGI11,51.19
2023-07-25,EQTL3,34.24
2023-07-25,FLRY3,15.8
2023-07-25,GGBR4,29.0
2023-07-25,GOAU4,13.53
2023-07-25,HAPV3,4.44
2023-07-25,HYPE3,44.3
2023-07-25,IGTI11,22.11
2023-07-25,ITSA4,9.9
2023-07-25,ITUB4,28.6
2023-07-25,KLBN11,21.86
2023-07-25,LREN3,18.64
2023-07-25,MGLU3,3.07
2023-07-25,MRFG3,6.83
2023-07-25,MRVE3,14.12
2023-07-25,MULT3,26.43
2023-07-25,NTCO3,18.02
2023-07-25,PETR3,34.61
2023-07-25,PETR4,31.0
2023-07-25,POMO4,5.34
2023-07-25,PRIO3,44.96
2023-07-25,PSSA3,29.2
2023-07-25,RADL3,28.46
2023-07-25,RAIL3,24.09
2023-07-25,RDOR3,36.42
2023-07-25,RENT3,68.16
2023-07-25,SANB11,29.45
2023-07-25,SBSP3,55.78
2023-07-25,SMFT3,22.36
2023-07-25,SUZB3,45.23
2023-07-25,TAEE11,36.24
2023-07-25,TEND3,12.54
2023-07-25,TIMS3,14.2
2023-07-25,TOTS3,29.45
2023-07-25,UGPA3,19.32
2023-07-25,USIM5,7.51
2023-07-25,VALE3,72.01
2023-07-25,VAMO3,11.91
2023-07-25,VBBR3,17.56
2023-07-25,VIVA3,29.37
2023-07-25,VIVT3,41.38
2023-07-25,WEGE3,40.5
2023-07-25,YDUQ3,20.94
2023-07-26,ABEV3,14.98
2023-07-26,ASAI3,12.87
2023-07-26,AURE3,14.03
2023-07-26,B3SA3,14.95
2023-07-26,BBAS3,47.72
2023-07-26,BBDC3,14.88
2023-07-26,BBDC4,16.71
2023-07-26,BBSE3,31.4
2023-07-26,BEEF3,9.5
2023-07-26,BPAC11,33.83
2023-07-26,BRAP4,24.11
2023-07-26,CCRO3,13.43
2023-07-26,CEAB3,5.6
2023-07-26,CMIG4,12.76
2023-07-26,CMIN3,4.46
2023-07-26,COGN3,3.38
2023-07-26,CPFE3,36.09
2023-07-26,CPLE3,8.3
2023-07-26,CSAN3,20.26
2023-07-26,CSMG3,20.28
2023-07-26,CSNA3,13.95
2023-07-26,CURY3,16.99
2023-07-26,CXSE3,10.34
2023-07-26,CYRE3,23.58
2023-07-26,DIRR3,20.4
2023-07-26,EGIE3,44.65
2023-07-26,ELET3,39.57
2023-07-26,EMBR3,18.2
2023-07-26,ENEV3,13.13
2023-07-26,ENGI11,51.49
2023-07-26,EQTL3,34.18
2023-07-26,FLRY3,16.02
2023-07-26,GGBR4,29.05
2023-07-26,GOAU4,13.59
2023-07-26,HAPV3,4.6
2023-07-26,HYPE3,44.85
2023-07-26,IGTI11,22.11
2023-07-26,ITSA4,9.81
2023-07-26,ITUB4,28.76
2023-07-26,KLBN11,22.13
2023-07-26,LREN3,19.0
2023-07-26,MGLU3,3.09
2023-07-26,MRFG3,6.91
2023-07-26,MRVE3,14.14
2023-07-26,MULT3,26.4
2023-07-26,NTCO3,17.92
2023-07-26,PETR3,34.46
2023-07-26,PETR4,31.0
2023-07-26,POMO4,5.29
2023-07-26,PRIO3,45.59
2023-07-26,PSSA3,29.02
2023-07-26,RADL3,28.74
2023-07-26,RAIL3,24.0
2023-07-26,RDOR3,36.98
2023-07-26,RENT3,68.05
2023-07-26,SANB11,29.35
2023-07-26,SBSP3,56.27
2023-07-26,SMFT3,22.4
2023-07-26,SUZB3,46.47
2023-07-26,TAEE11,36.32
2023-07-26,TEND3,12.11
2023-07-26,TIMS3,14.67
2023-07-26,TOTS3,29.73
2023-07-26,UGPA3,18.97
2023-07-26,USIM5,7.44
2023-07-26,VALE3,71.76
2023-07-26,VAMO3,11.76
2023-07-26,VBBR3,17.35
2023-07-26,VIVA3,28.79
2023-07-26,VIVT3,43.5
2023-07-26,WEGE3,40.48
2023-07-26,YDUQ3,20.8
2023-07-27,ABEV3,14.7
2023-07-27,ASAI3,13.5
2023-07-27,AURE3,13.96
2023-07-27,B3SA3,14.6
2023-07-27,BBAS3,46.74
2023-07-27,BBDC3,14.55
2023-07-27,BBDC4,16.33
2023-07-27,BBSE3,30.87
2023-07-27,BEEF3,9.55
2023-07-27,BPAC11,33.55
2023-07-27,BRAP4,23.78
2023-07-27,CCRO3,13.27
2023-07-27,CEAB3,5.48
2023-07-27,CMIG4,12.52
2023-07-27,CMIN3,4.34
2023-07-27,COGN3,3.27
2023-07-27,CPFE3,35.91
2023-07-27,CPLE3,8.06
2023-07-27,CSAN3,19.74
2023-07-27,CSMG3,20.23
2023-07-27,CSNA3,13.76
2023-07-27,CURY3,16.76
2023-07-27,CXSE3,10.51
2023-07-27,CYRE3,23.41
2023-07-27,DIRR3,20.42
2023-07-27,EGIE3,44.29
2023-07-27,ELET3,38.22
2023-07-27,EMBR3,18.13
2023-07-27,ENEV3,12.88
2023-07-27,ENGI11,50.39
2023-07-27,EQTL3,33.53
2023-07-27,FLRY3,15.82
2023-07-27,GGBR4,28.48
2023-07-27,GOAU4,13.41
2023-07-27,HAPV3,4.54
2023-07-27,HYPE3,44.08
2023-07-27,IGTI11,21.86
2023-07-27,ITSA4,9.68
2023-07-27,ITUB4,28.12
2023-07-27,KLBN11,22.54
2023-07-27,LREN3,18.63
2023-07-27,MGLU3,3.17
2023-07-27,MRFG3,6.81
2023-07-27,MRVE3,13.84
2023-07-27,MULT3,26.14
2023-07-27,NTCO3,17.87
2023-07-27,PETR3,32.52
2023-07-27,PETR4,29.39
2023-07-27,POMO4,5.07
2023-07-27,PRIO3,45.09
2023-07-27,PSSA3,28.87
2023-07-27,RADL3,28.54
2023-07-27,RAIL3,23.37
2023-07-27,RDOR3,36.63
2023-07-27,RENT3,66.15
2023-07-27,SANB11,28.4
2023-07-27,SBSP3,56.48
2023-07-27,SMFT3,22.34
2023-07-27,SUZB3,47.2
2023-07-27,TAEE11,36.1
2023-07-27,TEND3,11.16
2023-07-27,TIMS3,14.39
2023-07-27,TOTS3,29.22
2023-07-27,UGPA3,18.7
2023-07-27,USIM5,7.49
2023-07-27,VALE3,70.42
2023-07-27,VAMO3,11.68
2023-07-27,VBBR3,16.94
2023-07-27,VIVA3,28.94
2023-07-27,VIVT3,42.21
2023-07-27,WEGE3,40.35
2023-07-27,YDUQ3,20.55
2023-07-28,ABEV3,14.96
2023-07-28,ASAI3,13.2
2023-07-28,AURE3,14.0
2023-07-28,B3SA3,14.72
2023-07-28,BBAS3,47.28
2023-07-28,BBDC3,14.75
2023-07-28,BBDC4,16.51
2023-07-28,BBSE3,31.27
2023-07-28,BEEF3,9.78
2023-07-28,BPAC11,33.84
2023-07-28,BRAP4,23.06
2023-07-28,CCRO3,13.36
2023-07-28,CEAB3,5.5
2023-07-28,CMIG4,12.6
2023-07-28,CMIN3,4.29
2023-07-28,COGN3,3.36
2023-07-28,CPFE3,35.9
2023-07-28,CPLE3,8.08
2023-07-28,CSAN3,19.75
2023-07-28,CSMG3,20.27
2023-07-28,CSNA3,13.46
2023-07-28,CURY3,17.22
2023-07-28,CXSE3,10.61
2023-07-28,CYRE3,23.53
2023-07-28,DIRR3,20.9
2023-07-28,EGIE3,44.48
2023-07-28,ELET3,38.02
2023-07-28,EMBR3,18.37
2023-07-28,ENEV3,12.98
2023-07-28,ENGI11,50.51
2023-07-28,EQTL3,33.89
2023-07-28,FLRY3,16.07
2023-07-28,GGBR4,28.38
2023-07-28,GOAU4,13.43
2023-07-28,HAPV3,4.62
2023-07-28,HYPE3,44.0
2023-07-28,IGTI11,22.0
2023-07-28,ITSA4,9.81
2023-07-28,ITUB4,28.54
2023-07-28,KLBN11,22.71
2023-07-28,LREN3,18.64
2023-07-28,MGLU3,3.17
2023-07-28,MRFG3,7.09
2023-07-28,MRVE3,13.94
2023-07-28,MULT3,26.7
2023-07-28,NTCO3,17.91
2023-07-28,PETR3,33.07
2023-07-28,PETR4,29.76
2023-07-28,POMO4,5.2
2023-07-28,PRIO3,45.16
2023-07-28,PSSA3,29.29
2023-07-28,RADL3,29.11
2023-07-28,RAIL3,23.37
2023-07-28,RDOR3,36.4
2023-07-28,RENT3,66.74
2023-07-28,SANB11,28.79
2023-07-28,SBSP3,56.69
2023-07-28,SMFT3,22.75
2023-07-28,SUZB3,47.21
2023-07-28,TAEE11,36.19
2023-07-28,TEND3,11.4
2023-07-28,TIMS3,14.46
2023-07-28,TOTS3,29.21
2023-07-28,UGPA3,18.88
2023-07-28,USIM5,7.09
2023-07-28,VALE3,67.63
2023-07-28,VAMO3,11.71
2023-07-28,VBBR3,16.96
2023-07-28,VIVA3,29.0
2023-07-28,VIVT3,42.37
2023-07-28,WEGE3,40.32
2023-07-28,YDUQ3,21.55
2023-07-31,ABEV3,14.86
2023-07-31,ASAI3,13.47
2023-07-31,AURE3,14.0
2023-07-31,B3SA3,14.9
2023-07-31,BBAS3,48.19
2023-07-31,BBDC3,14.85
2023-07-31,BBDC4,16.66
2023-07-31,BBSE3,31.12
2023-07-31,BEEF3,10.09
2023-07-31,BPAC11,34.01
2023-07-31,BRAP4,23.49
2023-07-31,CCRO3,13.29
2023-07-31,CEAB3,5.7
2023-07-31,CMIG4,12.67
2023-07-31,CMIN3,4.45
2023-07-31,COGN3,3.35
2023-07-31,CPFE3,35.78
2023-07-31,CPLE3,8.18
2023-07-31,CSAN3,19.94
2023-07-31,CSMG3,20.24
2023-07-31,CSNA3,13.84
2023-07-31,CURY3,17.77
2023-07-31,CXSE3,10.79
2023-07-31,CYRE3,23.82
2023-07-31,DIRR3,21.1
2023-07-31,EGIE3,44.04
2023-07-31,ELET3,38.65
2023-07-31,EMBR3,18.51
2023-07-31,ENEV3,13.37
2023-07-31,ENGI11,50.19
2023-07-31,EQTL3,33.54
2023-07-31,FLRY3,16.11
2023-07-31,GGBR4,29.25
2023-07-31,GOAU4,13.75
2023-07-31,HAPV3,4.8
2023-07-31,HYPE3,43.26
2023-07-31,IGTI11,21.88
2023-07-31,ITSA4,9.82
2023-07-31,ITUB4,28.64
2023-07-31,KLBN11,23.0
2023-07-31,LREN3,18.75
2023-07-31,MGLU3,3.35
2023-07-31,MRFG3,7.42
2023-07-31,MRVE3,13.9
2023-07-31,MULT3,26.41
2023-07-31,NTCO3,18.27
2023-07-31,PETR3,34.81
2023-07-31,PETR4,31.11
2023-07-31,POMO4,5.23
2023-07-31,PRIO3,45.62
2023-07-31,PSSA3,28.63
2023-07-31,RADL3,28.97
2023-07-31,RAIL3,23.24
2023-07-31,RDOR3,36.0
2023-07-31,RENT3,67.22
2023-07-31,SANB11,28.56
2023-07-31,SBSP3,58.1
2023-07-31,SMFT3,22.86
2023-07-31,SUZB3,48.07
2023-07-31,TAEE11,36.0
2023-07-31,TEND3,11.99
2023-07-31,TIMS3,14.34
2023-07-31,TOTS3,29.57
2023-07-31,UGPA3,18.89
2023-07-31,USIM5,7.23
2023-07-31,VALE3,69.16
2023-07-31,VAMO3,11.94
2023-07-31,VBBR3,17.13
2023-07-31,VIVA3,29.4
2023-07-31,VIVT3,42.11
2023-07-31,WEGE3,39.92
2023-07-31,YDUQ3,22.19
2023-08-01,ABEV3,14.97
2023-08-01,ASAI3,13.65
2023-08-01,AURE3,14.01
2023-08-01,B3SA3,14.74
2023-08-01,BBAS3,47.36
2023-08-01,BBDC3,14.8
2023-08-01,BBDC4,16.62
2023-08-01,BBSE3,31.26
2023-08-01,BEEF3,10.22
2023-08-01,BPAC11,33.8
2023-08-01,BRAP4,23.4
2023-08-01,CCRO3,13.27
2023-08-01,CEAB3,5.91
2023-08-01,CMIG4,12.63
2023-08-01,CMIN3,4.4
2023-08-01,COGN3,3.32
2023-08-01,CPFE3,35.8
2023-08-01,CPLE3,8.26
2023-08-01,CSAN3,19.88
2023-08-01,CSMG3,18.53
2023-08-01,CSNA3,13.7
2023-08-01,CURY3,17.67
2023-08-01,CXSE3,10.8
2023-08-01,CYRE3,23.52
2023-08-01,DIRR3,21.39
2023-08-01,EGIE3,44.31
2023-08-01,ELET3,38.21
2023-08-01,EMBR3,18.75
2023-08-01,ENEV3,13.36
2023-08-01,ENGI11,49.97
2023-08-01,EQTL3,33.05
2023-08-01,FLRY3,15.81
2023-08-01,GGBR4,29.16
2023-08-01,GOAU4,13.75
2023-08-01,HAPV3,4.84
2023-08-01,HYPE3,43.43
2023-08-01,IGTI11,22.42
2023-08-01,ITSA4,9.8
2023-08-01,ITUB4,28.71
2023-08-01,KLBN11,22.75
2023-08-01,LREN3,18.65
2023-08-01,MGLU3,3.43
2023-08-01,MRFG3,7.45
2023-08-01,MRVE3,13.89
2023-08-01,MULT3,26.66
2023-08-01,NTCO3,18.34
2023-08-01,PETR3,34.08
2023-08-01,PETR4,30.6
2023-08-01,POMO4,5.2
2023-08-01,PRIO3,45.8
2023-08-01,PSSA3,28.14
2023-08-01,RADL3,28.88
2023-08-01,RAIL3,23.0
2023-08-01,RDOR3,35.51
2023-08-01,RENT3,67.5
2023-08-01,SANB11,28.63
2023-08-01,SBSP3,55.7
2023-08-01,SMFT3,23.1
2023-08-01,SUZB3,48.38
2023-08-01,TAEE11,36.13
2023-08-01,TEND3,11.99
2023-08-01,TIMS3,14.35
2023-08-01,TOTS3,29.61
2023-08-01,UGPA3,18.98
2023-08-01,USIM5,7.18
2023-08-01,VALE3,68.2
2023-08-01,VAMO3,12.01
2023-08-01,VBBR3,17.06
2023-08-01,VIVA3,29.77
2023-08-01,VIVT3,42.4
2023-08-01,WEGE3,39.86
2023-08-01,YDUQ3,22.3
2023-08-02,ABEV3,15.05
2023-08-02,ASAI3,13.65
2023-08-02,AURE3,14.12
2023-08-02,B3SA3,14.77
2023-08-02,BBAS3,47.57
2023-08-02,BBDC3,14.82
2023-08-02,BBDC4,16.67
2023-08-02,BBSE3,31.28
2023-08-02,BEEF3,10.24
2023-08-02,BPAC11,33.21
2023-08-02,BRAP4,23.1
2023-08-02,CCRO3,13.3
2023-08-02,CEAB3,5.82
2023-08-02,CMIG4,12.63
2023-08-02,CMIN3,4.32
2023-08-02,COGN3,3.43
2023-08-02,CPFE3,35.88
2023-08-02,CPLE3,8.44
2023-08-02,CSAN3,19.94
2023-08-02,CSMG3,18.32
2023-08-02,CSNA3,13.3
2023-08-02,CURY3,17.68
2023-08-02,CXSE3,10.85
2023-08-02,CYRE3,24.1
2023-08-02,DIRR3,21.71
2023-08-02,EGIE3,44.34
2023-08-02,ELET3,38.42
2023-08-02,EMBR3,18.67
2023-08-02,ENEV3,13.38
2023-08-02,ENGI11,50.24
2023-08-02,EQTL3,33.21
2023-08-02,FLRY3,15.79
2023-08-02,GGBR4,28.76
2023-08-02,GOAU4,13.54
2023-08-02,HAPV3,4.75
2023-08-02,HYPE3,44.02
2023-08-02,IGTI11,22.45
2023-08-02,ITSA4,9.85
2023-08-02,ITUB4,28.62
2023-08-02,KLBN11,22.69
2023-08-02,LREN3,19.0
2023-08-02,MGLU3,3.33
2023-08-02,MRFG3,7.52
2023-08-02,MRVE3,13.9
2023-08-02,MULT3,27.03
2023-08-02,NTCO3,18.09
2023-08-02,PETR3,33.84
2023-08-02,PETR4,30.53
2023-08-02,POMO4,5.56
2023-08-02,PRIO3,45.25
2023-08-02,PSSA3,28.11
2023-08-02,RADL3,28.58
2023-08-02,RAIL3,23.04
2023-08-02,RDOR3,35.1
2023-08-02,RENT3,67.65
2023-08-02,SANB11,28.51
2023-08-02,SBSP3,55.28
2023-08-02,SMFT3,23.47
2023-08-02,SUZB3,47.89
2023-08-02,TAEE11,36.2
2023-08-02,TEND3,12.3
2023-08-02,TIMS3,14.35
2023-08-02,TOTS3,29.47
2023-08-02,UGPA3,19.06
2023-08-02,USIM5,7.11
2023-08-02,VALE3,67.09
2023-08-02,VAMO3,11.77
2023-08-02,VBBR3,17.24
2023-08-02,VIVA3,29.85
2023-08-02,VIVT3,42.59
2023-08-02,WEGE3,40.03
2023-08-02,YDUQ3,22.32
2023-08-03,ABEV3,14.63
2023-08-03,ASAI3,13.8
2023-08-03,AURE3,13.86
2023-08-03,B3SA3,14.87
2023-08-03,BBAS3,47.65
2023-08-03,BBDC3,14.67
2023-08-03,BBDC4,16.55
2023-08-03,BBSE3,31.32
2023-08-03,BEEF3,10.54
2023-08-03,BPAC11,33.39
2023-08-03,BRAP4,23.17
2023-08-03,CCRO3,13.35
2023-08-03,CEAB3,5.83
2023-08-03,CMIG4,12.47
2023-08-03,CMIN3,4.29
2023-08-03,COGN3,3.36
2023-08-03,CPFE3,35.38
2023-08-03,CPLE3,8.31
2023-08-03,CSAN3,19.97
2023-08-03,CSMG3,18.2
2023-08-03,CSNA3,13.11
2023-08-03,CURY3,17.6
2023-08-03,CXSE3,10.89
2023-08-03,CYRE3,24.77
2023-08-03,DIRR3,21.73
2023-08-03,EGIE3,43.73
2023-08-03,ELET3,36.44
2023-08-03,EMBR3,18.42
2023-08-03,ENEV3,13.24
2023-08-03,ENGI11,49.3
2023-08-03,EQTL3,32.74
2023-08-03,FLRY3,16.0
2023-08-03,GGBR4,28.49
2023-08-03,GOAU4,13.5
2023-08-03,HAPV3,4.62
2023-08-03,HYPE3,44.37
2023-08-03,IGTI11,22.58
2023-08-03,ITSA4,9.84
2023-08-03,ITUB4,28.4
2023-08-03,KLBN11,23.22
2023-08-03,LREN3,18.55
2023-08-03,MGLU3,3.16
2023-08-03,MRFG3,7.6
2023-08-03,MRVE3,13.88
2023-08-03,MULT3,27.48
2023-08-03,NTCO3,17.8
2023-08-03,PETR3,34.32
2023-08-03,PETR4,30.92
2023-08-03,POMO4,5.77
2023-08-03,PRIO3,47.16
2023-08-03,PSSA3,27.69
2023-08-03,RADL3,28.34
2023-08-03,RAIL3,23.29
2023-08-03,RDOR3,34.54
2023-08-03,RENT3,66.72
2023-08-03,SANB11,28.44
2023-08-03,SBSP3,53.6
2023-08-03,SMFT3,23.71
2023-08-03,SUZB3,49.64
2023-08-03,TAEE11,36.42
2023-08-03,TEND3,13.2
2023-08-03,TIMS3,14.28
2023-08-03,TOTS3,29.57
2023-08-03,UGPA3,19.03
2023-08-03,USIM5,7.09
2023-08-03,VALE3,67.51
2023-08-03,VAMO3,12.04
2023-08-03,VBBR3,17.22
2023-08-03,VIVA3,29.8
2023-08-03,VIVT3,42.43
2023-08-03,WEGE3,40.43
2023-08-03,YDUQ3,21.4
2023-08-04,ABEV3,14.71
2023-08-04,ASAI3,13.69
2023-08-04,AURE3,13.86
2023-08-04,B3SA3,14.71
2023-08-04,BBAS3,47.4
2023-08-04,BBDC3,13.97
2023-08-04,BBDC4,15.45
2023-08-04,BBSE3,31.51
2023-08-04,BEEF3,10.7
2023-08-04,BPAC11,32.95
2023-08-04,BRAP4,23.26
2023-08-04,CCRO3,13.05
2023-08-04,CEAB3,6.14
2023-08-04,CMIG4,12.18
2023-08-04,CMIN3,4.21
2023-08-04,COGN3,3.33
2023-08-04,CPFE3,35.21
2023-08-04,CPLE3,8.27
2023-08-04,CSAN3,19.71
2023-08-04,CSMG3,18.01
2023-08-04,CSNA3,12.92
2023-08-04,CURY3,17.46
2023-08-04,CXSE3,10.73
2023-08-04,CYRE3,24.98
2023-08-04,DIRR3,21.95
2023-08-04,EGIE3,43.46
2023-08-04,ELET3,36.41
2023-08-04,EMBR3,17.5
2023-08-04,ENEV3,13.02
2023-08-04,ENGI11,48.98
2023-08-04,EQTL3,32.62
2023-08-04,FLRY3,15.94
2023-08-04,GGBR4,28.07
2023-08-04,GOAU4,13.45
2023-08-04,HAPV3,4.76
2023-08-04,HYPE3,44.59
2023-08-04,IGTI11,22.41
2023-08-04,ITSA4,9.76
2023-08-04,ITUB4,27.88
2023-08-04,KLBN11,23.51
2023-08-04,LREN3,19.62
2023-08-04,MGLU3,3.06
2023-08-04,MRFG3,8.03
2023-08-04,MRVE3,13.94
2023-08-04,MULT3,27.58
2023-08-04,NTCO3,17.73
2023-08-04,PETR3,32.88
2023-08-04,PETR4,30.0
2023-08-04,POMO4,5.84
2023-08-04,PRIO3,47.57
2023-08-04,PSSA3,27.7
2023-08-04,RADL3,27.85
2023-08-04,RAIL3,23.21
2023-08-04,RDOR3,34.89
2023-08-04,RENT3,67.02
2023-08-04,SANB11,27.82
2023-08-04,SBSP3,53.26
2023-08-04,SMFT3,24.13
2023-08-04,SUZB3,50.27
2023-08-04,TAEE11,36.5
2023-08-04,TEND3,13.37
2023-08-04,TIMS3,14.5
2023-08-04,TOTS3,29.31
2023-08-04,UGPA3,19.05
2023-08-04,USIM5,7.09
2023-08-04,VALE3,67.56
2023-08-04,VAMO3,12.12
2023-08-04,VBBR3,17.11
2023-08-04,VIVA3,30.03
2023-08-04,VIVT3,42.66
2023-08-04,WEGE3,40.85
2023-08-04,YDUQ3,21.61
2023-08-07,ABEV3,14.68
2023-08-07,ASAI3,13.87
2023-08-07,AURE3,13.85
2023-08-07,B3SA3,14.63
2023-08-07,BBAS3,47.32
2023-08-07,BBDC3,13.88
2023-08-07,BBDC4,15.34
2023-08-07,BBSE3,32.26
2023-08-07,BEEF3,10.62
2023-08-07,BPAC11,33.01
2023-08-07,BRAP4,23.32
2023-08-07,CCRO3,13.02
2023-08-07,CEAB3,5.83
2023-08-07,CMIG4,12.02
2023-08-07,CMIN3,4.27
2023-08-07,COGN3,3.32
2023-08-07,CPFE3,34.88
2023-08-07,CPLE3,8.21
2023-08-07,CSAN3,19.53
2023-08-07,CSMG3,17.83
2023-08-07,CSNA3,12.87
2023-08-07,CURY3,17.48
2023-08-07,CXSE3,10.58
2023-08-07,CYRE3,24.9
2023-08-07,DIRR3,22.14
2023-08-07,EGIE3,43.25
2023-08-07,ELET3,36.26
2023-08-07,EMBR3,17.88
2023-08-07,ENEV3,12.92
2023-08-07,ENGI11,48.34
2023-08-07,EQTL3,32.56
2023-08-07,FLRY3,15.69
2023-08-07,GGBR4,27.78
2023-08-07,GOAU4,13.25
2023-08-07,HAPV3,4.77
2023-08-07,HYPE3,44.52
2023-08-07,IGTI11,22.18
2023-08-07,ITSA4,9.76
2023-08-07,ITUB4,27.66
2023-08-07,KLBN11,23.33
2023-08-07,LREN3,19.0
2023-08-07,MGLU3,3.01
2023-08-07,MRFG3,8.09
2023-08-07,MRVE3,13.92
2023-08-07,MULT3,27.25
2023-08-07,NTCO3,17.52
2023-08-07,PETR3,33.1
2023-08-07,PETR4,30.19
2023-08-07,POMO4,5.73
2023-08-07,PRIO3,47.81
2023-08-07,PSSA3,27.83
2023-08-07,RADL3,27.92
2023-08-07,RAIL3,23.24
2023-08-07,RDOR3,34.63
2023-08-07,RENT3,66.39
2023-08-07,SANB11,27.84
2023-08-07,SBSP3,53.18
2023-08-07,SMFT3,23.3
2023-08-07,SUZB3,50.52
2023-08-07,TAEE11,36.35
2023-08-07,TEND3,13.19
2023-08-07,TIMS3,14.4
2023-08-07,TOTS3,29.62
2023-08-07,UGPA3,19.26
2023-08-07,USIM5,7.07
2023-08-07,VALE3,67.9
2023-08-07,VAMO3,11.66
2023-08-07,VBBR3,17.16
2023-08-07,VIVA3,29.94
2023-08-07,VIVT3,42.46
2023-08-07,WEGE3,40.93
2023-08-07,YDUQ3,21.79
2023-08-08,ABEV3,14.5
2023-08-08,ASAI3,14.12
2023-08-08,AURE3,13.96
2023-08-08,B3SA3,14.49
2023-08-08,BBAS3,46.99
2023-08-08,BBDC3,13.83
2023-08-08,BBDC4,15.41
2023-08-08,BBSE3,32.05
2023-08-08,BEEF3,10.61
2023-08-08,BPAC11,33.0
2023-08-08,BRAP4,23.06
2023-08-08,CCRO3,13.17
2023-08-08,CEAB3,5.74
2023-08-08,CMIG4,12.01
2023-08-08,CMIN3,4.2
2023-08-08,COGN3,3.42
2023-08-08,CPFE3,34.98
2023-08-08,CPLE3,8.3
2023-08-08,CSAN3,19.4
2023-08-08,CSMG3,17.81
2023-08-08,CSNA3,12.74
2023-08-08,CURY3,17.81
2023-08-08,CXSE3,10.51
2023-08-08,CYRE3,24.97
2023-08-08,DIRR3,22.14
2023-08-08,EGIE3,43.26
2023-08-08,ELET3,36.97
2023-08-08,EMBR3,18.03
2023-08-08,ENEV3,12.77
2023-08-08,ENGI11,48.4
2023-08-08,EQTL3,32.38
2023-08-08,FLRY3,15.4
2023-08-08,GGBR4,26.95
2023-08-08,GOAU4,12.81
2023-08-08,HAPV3,5.06
2023-08-08,HYPE3,43.54
2023-08-08,IGTI11,22.12
2023-08-08,ITSA4,9.67
2023-08-08,ITUB4,27.6
2023-08-08,KLBN11,22.95
2023-08-08,LREN3,19.15
2023-08-08,MGLU3,2.99
2023-08-08,MRFG3,7.94
2023-08-08,MRVE3,14.03
2023-08-08,MULT3,26.83
2023-08-08,NTCO3,17.36
2023-08-08,PETR3,33.08
2023-08-08,PETR4,30.22
2023-08-08,POMO4,5.73
2023-08-08,PRIO3,47.86
2023-08-08,PSSA3,27.59
2023-08-08,RADL3,27.78
2023-08-08,RAIL3,23.32
2023-08-08,RDOR3,34.2
2023-08-08,RENT3,66.37
2023-08-08,SANB11,27.49
2023-08-08,SBSP3,53.77
2023-08-08,SMFT3,23.54
2023-08-08,SUZB3,49.75
2023-08-08,TAEE11,35.31
2023-08-08,TEND3,13.98
2023-08-08,TIMS3,14.57
2023-08-08,TOTS3,29.47
2023-08-08,UGPA3,19.29
2023-08-08,USIM5,7.05
2023-08-08,VALE3,67.46
2023-08-08,VAMO3,11.91
2023-08-08,VBBR3,17.25
2023-08-08,VIVA3,30.6
2023-08-08,VIVT3,42.69
2023-08-08,WEGE3,40.66
2023-08-08,YDUQ3,22.66
2023-08-09,ABEV3,14.38
2023-08-09,ASAI3,13.78
2023-08-09,AURE3,13.86
2023-08-09,B3SA3,14.3
2023-08-09,BBAS3,46.73
2023-08-09,BBDC3,13.73
2023-08-09,BBDC4,15.33
2023-08-09,BBSE3,32.16
2023-08-09,BEEF3,10.75
2023-08-09,BPAC11,32.92
2023-08-09,BRAP4,22.93
2023-08-09,CCRO3,13.04
2023-08-09,CEAB3,5.7
2023-08-09,CMIG4,12.14
2023-08-09,CMIN3,4.14
2023-08-09,COGN3,3.26
2023-08-09,CPFE3,34.76
2023-08-09,CPLE3,8.33
2023-08-09,CSAN3,19.3
2023-08-09,CSMG3,17.73
2023-08-09,CSNA3,12.59
2023-08-09,CURY3,18.05
2023-08-09,CXSE3,10.64
2023-08-09,CYRE3,24.87
2023-08-09,DIRR3,21.87
2023-08-09,EGIE3,41.35
2023-08-09,ELET3,37.13
2023-08-09,EMBR3,18.03
2023-08-09,ENEV3,12.71
2023-08-09,ENGI11,48.57
2023-08-09,EQTL3,32.42
2023-08-09,FLRY3,15.33
2023-08-09,GGBR4,25.86
2023-08-09,GOAU4,12.31
2023-08-09,HAPV3,4.96
2023-08-09,HYPE3,43.26
2023-08-09,IGTI11,22.16
2023-08-09,ITSA4,9.51
2023-08-09,ITUB4,27.5
2023-08-09,KLBN11,22.55
2023-08-09,LREN3,18.3
2023-08-09,MGLU3,2.97
2023-08-09,MRFG3,7.8
2023-08-09,MRVE3,13.75
2023-08-09,MULT3,27.05
2023-08-09,NTCO3,17.22
2023-08-09,PETR3,33.46
2023-08-09,PETR4,30.46
2023-08-09,POMO4,5.75
2023-08-09,PRIO3,48.12
2023-08-09,PSSA3,27.47
2023-08-09,RADL3,27.45
2023-08-09,RAIL3,23.86
2023-08-09,RDOR3,33.94
2023-08-09,RENT3,66.22
2023-08-09,SANB11,27.14
2023-08-09,SBSP3,53.31
2023-08-09,SMFT3,23.2
2023-08-09,SUZB3,49.3
2023-08-09,TAEE11,34.69
2023-08-09,TEND3,13.96
2023-08-09,TIMS3,14.71
2023-08-09,TOTS3,28.29
2023-08-09,UGPA3,19.17
2023-08-09,USIM5,7.0
2023-08-09,VALE3,66.85
2023-08-09,VAMO3,11.92
2023-08-09,VBBR3,16.87
2023-08-09,VIVA3,30.99
2023-08-09,VIVT3,42.31
2023-08-09,WEGE3,40.78
2023-08-09,YDUQ3,21.73
2023-08-10,ABEV3,14.37
2023-08-10,ASAI3,13.8
2023-08-10,AURE3,13.81
2023-08-10,B3SA3,14.27
2023-08-10,BBAS3,46.97
2023-08-10,BBDC3,13.88
2023-08-10,BBDC4,15.46
2023-08-10,BBSE3,32.25
2023-08-10,BEEF3,11.06
2023-08-10,BPAC11,32.85
2023-08-10,BRAP4,22.78
2023-08-10,CCRO3,13.29
2023-08-10,CEAB3,5.84
2023-08-10,CMIG4,12.18
2023-08-10,CMIN3,4.13
2023-08-10,COGN3,3.3
2023-08-10,CPFE3,34.73
2023-08-10,CPLE3,8.38
2023-08-10,CSAN3,19.35
2023-08-10,CSMG3,17.75
2023-08-10,CSNA3,12.51
2023-08-10,CURY3,18.1
2023-08-10,CXSE3,10.74
2023-08-10,CYRE3,25.07
2023-08-10,DIRR3,21.95
2023-08-10,EGIE3,41.45
2023-08-10,ELET3,37.26
2023-08-10,EMBR3,18.03
2023-08-10,ENEV3,12.98
2023-08-10,ENGI11,48.72
2023-08-10,EQTL3,32.33
2023-08-10,FLRY3,15.45
2023-08-10,GGBR4,25.88
2023-08-10,GOAU4,12.27
2023-08-10,HAPV3,5.26
2023-08-10,HYPE3,44.21
2023-08-10,IGTI11,22.27
2023-08-10,ITSA4,9.52
2023-08-10,ITUB4,27.59
2023-08-10,KLBN11,22.54
2023-08-10,LREN3,18.72
2023-08-10,MGLU3,2.85
2023-08-10,MRFG3,7.88
2023-08-10,MRVE3,13.52
2023-08-10,MULT3,26.51
2023-08-10,NTCO3,17.56
2023-08-10,PETR3,33.45
2023-08-10,PETR4,30.63
2023-08-10,POMO4,5.91
2023-08-10,PRIO3,47.38
2023-08-10,PSSA3,27.46
2023-08-10,RADL3,27.28
2023-08-10,RAIL3,23.98
2023-08-10,RDOR3,32.27
2023-08-10,RENT3,66.55
2023-08-10,SANB11,27.06
2023-08-10,SBSP3,53.16
2023-08-10,SMFT3,22.5
2023-08-10,SUZB3,49.35
2023-08-10,TAEE11,34.88
2023-08-10,TEND3,14.07
2023-08-10,TIMS3,14.87
2023-08-10,TOTS3,27.9
2023-08-10,UGPA3,18.5
2023-08-10,USIM5,7.01
2023-08-10,VALE3,66.06
2023-08-10,VAMO3,12.02
2023-08-10,VBBR3,16.48
2023-08-10,VIVA3,30.82
2023-08-10,VIVT3,42.59
2023-08-10,WEGE3,40.24
2023-08-10,YDUQ3,22.19
2023-08-11,ABEV3,14.36
2023-08-11,ASAI3,13.5
2023-08-11,AURE3,13.77
2023-08-11,B3SA3,14.2
2023-08-11,BBAS3,47.48
2023-08-11,BBDC3,13.81
2023-08-11,BBDC4,15.37
2023-08-11,BBSE3,32.47
2023-08-11,BEEF3,10.81
2023-08-11,BPAC11,32.28
2023-08-11,BRAP4,22.72
2023-08-11,CCRO3,13.16
2023-08-11,CEAB3,6.7
2023-08-11,CMIG4,12.39
2023-08-11,CMIN3,4.14
2023-08-11,COGN3,3.28
2023-08-11,CPFE3,35.18
2023-08-11,CPLE3,8.57
2023-08-11,CSAN3,19.04
2023-08-11,CSMG3,17.69
2023-08-11,CSNA3,12.46
2023-08-11,CURY3,17.99
2023-08-11,CXSE3,10.78
2023-08-11,CYRE3,25.71
2023-08-11,DIRR3,22.31
2023-08-11,EGIE3,41.78
2023-08-11,ELET3,36.85
2023-08-11,EMBR3,18.46
2023-08-11,ENEV3,12.99
2023-08-11,ENGI11,49.1
2023-08-11,EQTL3,32.4
2023-08-11,FLRY3,15.25
2023-08-11,GGBR4,25.66
2023-08-11,GOAU4,12.19
2023-08-11,HAPV3,5.23
2023-08-11,HYPE3,43.55
2023-08-11,IGTI11,22.23
2023-08-11,ITSA4,9.6
2023-08-11,ITUB4,27.64
2023-08-11,KLBN11,22.66
2023-08-11,LREN3,18.51
2023-08-11,MGLU3,2.88
2023-08-11,MRFG3,7.9
2023-08-11,MRVE3,13.3
2023-08-11,MULT3,26.67
2023-08-11,NTCO3,17.69
2023-08-11,PETR3,33.47
2023-08-11,PETR4,30.56
2023-08-11,POMO4,6.08
2023-08-11,PRIO3,48.36
2023-08-11,PSSA3,28.3
2023-08-11,RADL3,27.41
2023-08-11,RAIL3,22.8
2023-08-11,RDOR3,31.45
2023-08-11,RENT3,66.61
2023-08-11,SANB11,27.2
2023-08-11,SBSP3,56.16
2023-08-11,SMFT3,22.2
2023-08-11,SUZB3,50.17
2023-08-11,TAEE11,34.83
2023-08-11,TEND3,14.15
2023-08-11,TIMS3,14.89
2023-08-11,TOTS3,27.33
2023-08-11,UGPA3,18.61
2023-08-11,USIM5,6.95
2023-08-11,VALE3,65.51
2023-08-11,VAMO3,11.81
2023-08-11,VBBR3,16.6
2023-08-11,VIVA3,30.51
2023-08-11,VIVT3,42.51
2023-08-11,WEGE3,39.8
2023-08-11,YDUQ3,24.0
2023-08-14,ABEV3,14.33
2023-08-14,ASAI3,13.15
2023-08-14,AURE3,13.76
2023-08-14,B3SA3,14.11
2023-08-14,BBAS3,47.01
2023-08-14,BBDC3,13.8
2023-08-14,BBDC4,15.29
2023-08-14,BBSE3,32.77
2023-08-14,BEEF3,10.48
2023-08-14,BPAC11,32.64
2023-08-14,BRAP4,21.89
2023-08-14,CCRO3,13.31
2023-08-14,CEAB3,6.62
2023-08-14,CMIG4,12.36
2023-08-14,CMIN3,4.12
2023-08-14,COGN3,3.08
2023-08-14,CPFE3,35.6
2023-08-14,CPLE3,8.6
2023-08-14,CSAN3,18.89
2023-08-14,CSMG3,17.79
2023-08-14,CSNA3,12.29
2023-08-14,CURY3,17.57
2023-08-14,CXSE3,10.72
2023-08-14,CYRE3,24.67
2023-08-14,DIRR3,22.1
2023-08-14,EGIE3,41.93
2023-08-14,ELET3,36.4
2023-08-14,EMBR3,18.22
2023-08-14,ENEV3,12.93
2023-08-14,ENGI11,49.2
2023-08-14,EQTL3,32.31
2023-08-14,FLRY3,14.97
2023-08-14,GGBR4,25.84
2023-08-14,GOAU4,12.2
2023-08-14,HAPV3,5.02
2023-08-14,HYPE3,43.08
2023-08-14,IGTI11,21.91
2023-08-14,ITSA4,9.56
2023-08-14,ITUB4,27.24
2023-08-14,KLBN11,22.89
2023-08-14,LREN3,17.57
2023-08-14,MGLU3,2.84
2023-08-14,MRFG3,7.72
2023-08-14,MRVE3,12.76
2023-08-14,MULT3,26.63
2023-08-14,NTCO3,17.15
2023-08-14,PETR3,33.63
2023-08-14,PETR4,30.64
2023-08-14,POMO4,6.05
2023-08-14,PRIO3,48.59
2023-08-14,PSSA3,27.75
2023-08-14,RADL3,27.39
2023-08-14,RAIL3,22.84
2023-08-14,RDOR3,30.89
2023-08-14,RENT3,64.27
2023-08-14,SANB11,27.08
2023-08-14,SBSP3,56.17
2023-08-14,SMFT3,21.8
2023-08-14,SUZB3,50.92
2023-08-14,TAEE11,34.82
2023-08-14,TEND3,13.16
2023-08-14,TIMS3,14.91
2023-08-14,TOTS3,27.51
2023-08-14,UGPA3,18.59
2023-08-14,USIM5,6.91
2023-08-14,VALE3,61.9
2023-08-14,VAMO3,11.81
2023-08-14,VBBR3,16.35
2023-08-14,VIVA3,29.88
2023-08-14,VIVT3,42.48
2023-08-14,WEGE3,39.31
2023-08-14,YDUQ3,20.53
2023-08-15,ABEV3,14.2
2023-08-15,ASAI3,13.11
2023-08-15,AURE3,13.7
2023-08-15,B3SA3,14.02
2023-08-15,BBAS3,46.76
2023-08-15,BBDC3,13.72
2023-08-15,BBDC4,15.33
2023-08-15,BBSE3,32.55
2023-08-15,BEEF3,10.24
2023-08-15,BPAC11,31.79
2023-08-15,BRAP4,21.41
2023-08-15,CCRO3,13.29
2023-08-15,CEAB3,6.56
2023-08-15,CMIG4,11.96
2023-08-15,CMIN3,4.08
2023-08-15,COGN3,3.05
2023-08-15,CPFE3,35.29
2023-08-15,CPLE3,8.5
2023-08-15,CSAN3,18.44
2023-08-15,CSMG3,17.72
2023-08-15,CSNA3,12.21
2023-08-15,CURY3,17.79
2023-08-15,CXSE3,10.68
2023-08-15,CYRE3,24.64
2023-08-15,DIRR3,22.23
2023-08-15,EGIE3,41.97
2023-08-15,ELET3,35.15
2023-08-15,EMBR3,18.22
2023-08-15,ENEV3,12.78
2023-08-15,ENGI11,48.31
2023-08-15,EQTL3,31.67
2023-08-15,FLRY3,14.83
2023-08-15,GGBR4,25.78
2023-08-15,GOAU4,12.12
2023-08-15,HAPV3,5.02
2023-08-15,HYPE3,42.65
2023-08-15,IGTI11,21.63
2023-08-15,ITSA4,9.53
2023-08-15,ITUB4,27.09
2023-08-15,KLBN11,22.6
2023-08-15,LREN3,17.44
2023-08-15,MGLU3,2.77
2023-08-15,MRFG3,7.68
2023-08-15,MRVE3,12.91
2023-08-15,MULT3,26.64
2023-08-15,NTCO3,18.09
2023-08-15,PETR3,33.56
2023-08-15,PETR4,30.86
2023-08-15,POMO4,6.04
2023-08-15,PRIO3,46.82
2023-08-15,PSSA3,27.34
2023-08-15,RADL3,27.3
2023-08-15,RAIL3,23.02
2023-08-15,RDOR3,30.75
2023-08-15,RENT3,64.99
2023-08-15,SANB11,26.89
2023-08-15,SBSP3,54.77
2023-08-15,SMFT3,21.91
2023-08-15,SUZB3,50.04
2023-08-15,TAEE11,34.5
2023-08-15,TEND3,13.03
2023-08-15,TIMS3,14.87
2023-08-15,TOTS3,27.5
2023-08-15,UGPA3,18.74
2023-08-15,USIM5,6.89
2023-08-15,VALE3,61.29
2023-08-15,VAMO3,11.76
2023-08-15,VBBR3,17.62
2023-08-15,VIVA3,29.99
2023-08-15,VIVT3,42.12
2023-08-15,WEGE3,39.35
2023-08-15,YDUQ3,21.41
2023-08-16,ABEV3,14.18
2023-08-16,ASAI3,13.0
2023-08-16,AURE3,13.5
2023-08-16,B3SA3,13.81
2023-08-16,BBAS3,47.16
2023-08-16,BBDC3,13.52
2023-08-16,BBDC4,15.25
2023-08-16,BBSE3,32.54
2023-08-16,BEEF3,10.44
2023-08-16,BPAC11,31.09
2023-08-16,BRAP4,21.21
2023-08-16,CCRO3,13.06
2023-08-16,CEAB3,6.43
2023-08-16,CMIG4,11.97
2023-08-16,CMIN3,4.05
2023-08-16,COGN3,3.1
2023-08-16,CPFE3,35.34
2023-08-16,CPLE3,8.45
2023-08-16,CSAN3,18.22
2023-08-16,CSMG3,18.34
2023-08-16,CSNA3,12.15
2023-08-16,CURY3,17.79
2023-08-16,CXSE3,10.52
2023-08-16,CYRE3,24.45
2023-08-16,DIRR3,22.13
2023-08-16,EGIE3,41.85
2023-08-16,ELET3,33.9
2023-08-16,EMBR3,18.21
2023-08-16,ENEV3,12.49
2023-08-16,ENGI11,47.59
2023-08-16,EQTL3,31.37
2023-08-16,FLRY3,14.88
2023-08-16,GGBR4,25.76
2023-08-16,GOAU4,12.09
2023-08-16,HAPV3,4.73
2023-08-16,HYPE3,41.76
2023-08-16,IGTI11,21.09
2023-08-16,ITSA4,9.46
2023-08-16,ITUB4,27.07
2023-08-16,KLBN11,22.6
2023-08-16,LREN3,17.49
2023-08-16,MGLU3,2.97
2023-08-16,MRFG3,7.61
2023-08-16,MRVE3,12.75
2023-08-16,MULT3,26.22
2023-08-16,NTCO3,16.48
2023-08-16,PETR3,34.55
2023-08-16,PETR4,31.54
2023-08-16,POMO4,6.07
2023-08-16,PRIO3,45.98
2023-08-16,PSSA3,26.97
2023-08-16,RADL3,27.12
2023-08-16,RAIL3,22.72
2023-08-16,RDOR3,30.05
2023-08-16,RENT3,64.09
2023-08-16,SANB11,26.6
2023-08-16,SBSP3,57.8
2023-08-16,SMFT3,21.9
2023-08-16,SUZB3,49.91
2023-08-16,TAEE11,34.45
2023-08-16,TEND3,13.0
2023-08-16,TIMS3,15.0
2023-08-16,TOTS3,27.39
2023-08-16,UGPA3,18.73
2023-08-16,USIM5,6.86
2023-08-16,VALE3,61.05
2023-08-16,VAMO3,11.74
2023-08-16,VBBR3,18.13
2023-08-16,VIVA3,29.7
2023-08-16,VIVT3,41.93
2023-08-16,WEGE3,37.61
2023-08-16,YDUQ3,22.5
2023-08-17,ABEV3,14.22
2023-08-17,ASAI3,13.01
2023-08-17,AURE3,13.53
2023-08-17,B3SA3,13.43
2023-08-17,BBAS3,47.6
2023-08-17,BBDC3,13.27
2023-08-17,BBDC4,15.09
2023-08-17,BBSE3,29.66
2023-08-17,BEEF3,10.6
2023-08-17,BPAC11,30.25
2023-08-17,BRAP4,21.51
2023-08-17,CCRO3,12.75
2023-08-17,CEAB3,6.17
2023-08-17,CMIG4,12.01
2023-08-17,CMIN3,4.05
2023-08-17,COGN3,3.1
2023-08-17,CPFE3,35.22
2023-08-17,CPLE3,8.3
2023-08-17,CSAN3,17.89
2023-08-17,CSMG3,18.35
2023-08-17,CSNA3,12.04
2023-08-17,CURY3,16.92
2023-08-17,CXSE3,10.5
2023-08-17,CYRE3,23.41
2023-08-17,DIRR3,21.26
2023-08-17,EGIE3,41.57
2023-08-17,ELET3,34.63
2023-08-17,EMBR3,18.4
2023-08-17,ENEV3,12.56
2023-08-17,ENGI11,47.54
2023-08-17,EQTL3,31.35
2023-08-17,FLRY3,15.1
2023-08-17,GGBR4,25.64
2023-08-17,GOAU4,12.07
2023-08-17,HAPV3,4.57
2023-08-17,HYPE3,41.73
2023-08-17,IGTI11,20.77
2023-08-17,ITSA4,9.38
2023-08-17,ITUB4,26.75
2023-08-17,KLBN11,22.51
2023-08-17,LREN3,17.11
2023-08-17,MGLU3,2.82
2023-08-17,MRFG3,7.34
2023-08-17,MRVE3,12.44
2023-08-17,MULT3,25.76
2023-08-17,NTCO3,16.1
2023-08-17,PETR3,34.29
2023-08-17,PETR4,31.44
2023-08-17,POMO4,5.97
2023-08-17,PRIO3,45.38
2023-08-17,PSSA3,27.2
2023-08-17,RADL3,26.7
2023-08-17,RAIL3,22.22
2023-08-17,RDOR3,30.3
2023-08-17,RENT3,62.75
2023-08-17,SANB11,26.31
2023-08-17,SBSP3,58.55
2023-08-17,SMFT3,21.17
2023-08-17,SUZB3,50.4
2023-08-17,TAEE11,34.5
2023-08-17,TEND3,12.18
2023-08-17,TIMS3,14.79
2023-08-17,TOTS3,27.72
2023-08-17,UGPA3,18.58
2023-08-17,USIM5,6.86
2023-08-17,VALE3,61.91
2023-08-17,VAMO3,11.46
2023-08-17,VBBR3,17.7
2023-08-17,VIVA3,28.95
2023-08-17,VIVT3,42.28
2023-08-17,WEGE3,36.91
2023-08-17,YDUQ3,22.25
2023-08-18,ABEV3,14.36
2023-08-18,ASAI3,13.43
2023-08-18,AURE3,13.6
2023-08-18,B3SA3,13.66
2023-08-18,BBAS3,47.79
2023-08-18,BBDC3,13.38
2023-08-18,BBDC4,15.19
2023-08-18,BBSE3,29.88
2023-08-18,BEEF3,10.66
2023-08-18,BPAC11,30.7
2023-08-18,BRAP4,21.31
2023-08-18,CCRO3,12.79
2023-08-18,CEAB3,6.23
2023-08-18,CMIG4,12.01
2023-08-18,CMIN3,4.06
2023-08-18,COGN3,3.12
2023-08-18,CPFE3,34.41
2023-08-18,CPLE3,8.31
2023-08-18,CSAN3,18.01
2023-08-18,CSMG3,18.43
2023-08-18,CSNA3,12.22
2023-08-18,CURY3,17.22
2023-08-18,CXSE3,10.48
2023-08-18,CYRE3,23.7
2023-08-18,DIRR3,21.47
2023-08-18,EGIE3,41.8
2023-08-18,ELET3,34.65
2023-08-18,EMBR3,18.69
2023-08-18,ENEV3,12.76
2023-08-18,ENGI11,47.95
2023-08-18,EQTL3,31.9
2023-08-18,FLRY3,15.18
2023-08-18,GGBR4,25.5
2023-08-18,GOAU4,12.0
2023-08-18,HAPV3,4.63
2023-08-18,HYPE3,41.4
2023-08-18,IGTI11,21.03
2023-08-18,ITSA4,9.37
2023-08-18,ITUB4,26.96
2023-08-18,KLBN11,22.48
2023-08-18,LREN3,17.36
2023-08-18,MGLU3,3.0
2023-08-18,MRFG3,7.35
2023-08-18,MRVE3,12.71
2023-08-18,MULT3,26.53
2023-08-18,NTCO3,16.24
2023-08-18,PETR3,34.49
2023-08-18,PETR4,31.52
2023-08-18,POMO4,5.94
2023-08-18,PRIO3,45.17
2023-08-18,PSSA3,27.52
2023-08-18,RADL3,26.7
2023-08-18,RAIL3,22.27
2023-08-18,RDOR3,29.74
2023-08-18,RENT3,62.97
2023-08-18,SANB11,26.44
2023-08-18,SBSP3,59.84
2023-08-18,SMFT3,21.5
2023-08-18,SUZB3,50.68
2023-08-18,TAEE11,34.72
2023-08-18,TEND3,12.28
2023-08-18,TIMS3,14.9
2023-08-18,TOTS3,27.92
2023-08-18,UGPA3,18.3
2023-08-18,USIM5,6.85
2023-08-18,VALE3,61.22
2023-08-18,VAMO3,11.6
2023-08-18,VBBR3,17.83
2023-08-18,VIVA3,29.37
2023-08-18,VIVT3,42.63
2023-08-18,WEGE3,36.26
2023-08-18,YDUQ3,22.45
2023-08-21,ABEV3,14.31
2023-08-21,ASAI3,13.09
2023-08-21,AURE3,13.56
2023-08-21,B3SA3,13.48
2023-08-21,BBAS3,47.62
2023-08-21,BBDC3,13.31
2023-08-21,BBDC4,15.08
2023-08-21,BBSE3,29.89
2023-08-21,BEEF3,10.57
2023-08-21,BPAC11,30.45
2023-08-21,BRAP4,21.33
2023-08-21,CCRO3,12.68
2023-08-21,CEAB3,5.99
2023-08-21,CMIG4,12.21
2023-08-21,CMIN3,4.06
2023-08-21,COGN3,3.08
2023-08-21,CPFE3,33.7
2023-08-21,CPLE3,8.22
2023-08-21,CSAN3,17.93
2023-08-21,CSMG3,19.09
2023-08-21,CSNA3,12.16
2023-08-21,CURY3,16.87
2023-08-21,CXSE3,10.45
2023-08-21,CYRE3,23.45
2023-08-21,DIRR3,21.31
2023-08-21,EGIE3,41.9
2023-08-21,ELET3,33.87
2023-08-21,EMBR3,18.73
2023-08-21,ENEV3,12.36
2023-08-21,ENGI11,47.2
2023-08-21,EQTL3,31.65
2023-08-21,FLRY3,15.31
2023-08-21,GGBR4,24.92
2023-08-21,GOAU4,11.62
2023-08-21,HAPV3,4.49
2023-08-21,HYPE3,41.15
2023-08-21,IGTI11,20.85
2023-08-21,ITSA4,9.23
2023-08-21,ITUB4,26.85
2023-08-21,KLBN11,22.36
2023-08-21,LREN3,17.11
2023-08-21,MGLU3,3.05
2023-08-21,MRFG3,7.1
2023-08-21,MRVE3,12.48
2023-08-21,MULT3,26.04
2023-08-21,NTCO3,15.87
2023-08-21,PETR3,34.15
2023-08-21,PETR4,31.3
2023-08-21,POMO4,5.84
2023-08-21,PRIO3,44.75
2023-08-21,PSSA3,26.6
2023-08-21,RADL3,26.69
2023-08-21,RAIL3,22.11
2023-08-21,RDOR3,29.98
2023-08-21,RENT3,62.5
2023-08-21,SANB11,26.32
2023-08-21,SBSP3,58.47
2023-08-21,SMFT3,21.95
2023-08-21,SUZB3,50.08
2023-08-21,TAEE11,34.45
2023-08-21,TEND3,12.07
2023-08-21,TIMS3,14.55
2023-08-21,TOTS3,27.63
2023-08-21,UGPA3,18.25
2023-08-21,USIM5,6.88
2023-08-21,VALE3,61.2
2023-08-21,VAMO3,11.47
2023-08-21,VBBR3,17.6
2023-08-21,VIVA3,29.44
2023-08-21,VIVT3,42.03
2023-08-21,WEGE3,36.04
2023-08-21,YDUQ3,21.32
2023-08-22,ABEV3,14.42
2023-08-22,ASAI3,12.97
2023-08-22,AURE3,13.63
2023-08-22,B3SA3,13.86
2023-08-22,BBAS3,47.97
2023-08-22,BBDC3,13.4
2023-08-22,BBDC4,15.18
2023-08-22,BBSE3,29.96
2023-08-22,BEEF3,11.2
2023-08-22,BPAC11,31.48
2023-08-22,BRAP4,21.72
2023-08-22,CCRO3,12.87
2023-08-22,CEAB3,6.14
2023-08-22,CMIG4,12.25
2023-08-22,CMIN3,4.11
2023-08-22,COGN3,3.17
2023-08-22,CPFE3,34.39
2023-08-22,CPLE3,8.27
2023-08-22,CSAN3,18.24
2023-08-22,CSMG3,19.49
2023-08-22,CSNA3,12.24
2023-08-22,CURY3,17.4
2023-08-22,CXSE3,10.52
2023-08-22,CYRE3,23.83
2023-08-22,DIRR3,21.78
2023-08-22,EGIE3,41.25
2023-08-22,ELET3,34.2
2023-08-22,EMBR3,19.13
2023-08-22,ENEV3,12.46
2023-08-22,ENGI11,47.77
2023-08-22,EQTL3,31.84
2023-08-22,FLRY3,15.48
2023-08-22,GGBR4,25.19
2023-08-22,GOAU4,11.76
2023-08-22,HAPV3,4.56
2023-08-22,HYPE3,41.19
2023-08-22,IGTI11,21.1
2023-08-22,ITSA4,9.38
2023-08-22,ITUB4,27.27
2023-08-22,KLBN11,22.5
2023-08-22,LREN3,17.18
2023-08-22,MGLU3,3.04
2023-08-22,MRFG3,6.97
2023-08-22,MRVE3,12.93
2023-08-22,MULT3,26.37
2023-08-22,NTCO3,16.0
2023-08-22,PETR3,33.5
2023-08-22,PETR4,30.61
2023-08-22,POMO4,5.95
2023-08-22,PRIO3,45.1
2023-08-22,PSSA3,26.55
2023-08-22,RADL3,27.16
2023-08-22,RAIL3,22.83
2023-08-22,RDOR3,29.89
2023-08-22,RENT3,64.7
2023-08-22,SANB11,26.65
2023-08-22,SBSP3,59.75
2023-08-22,SMFT3,23.13
2023-08-22,SUZB3,49.85
2023-08-22,TAEE11,34.5
2023-08-22,TEND3,13.16
2023-08-22,TIMS3,14.73
2023-08-22,TOTS3,27.88
2023-08-22,UGPA3,18.52
2023-08-22,USIM5,6.93
2023-08-22,VALE3,62.58
2023-08-22,VAMO3,12.02
2023-08-22,VBBR3,18.94
2023-08-22,VIVA3,30.02
2023-08-22,VIVT3,42.03
2023-08-22,WEGE3,36.47
2023-08-22,YDUQ3,21.97
2023-08-23,ABEV3,14.45
2023-08-23,ASAI3,13.06
2023-08-23,AURE3,13.72
2023-08-23,B3SA3,14.2
2023-08-23,BBAS3,48.18
2023-08-23,BBDC3,13.55
2023-08-23,BBDC4,15.39
2023-08-23,BBSE3,30.15
2023-08-23,BEEF3,10.96
2023-08-23,BPAC11,32.67
2023-08-23,BRAP4,22.0
2023-08-23,CCRO3,13.01
2023-08-23,CEAB3,6.48
2023-08-23,CMIG4,12.22
2023-08-23,CMIN3,4.19
2023-08-23,COGN3,3.18
2023-08-23,CPFE3,34.49
2023-08-23,CPLE3,8.27
2023-08-23,CSAN3,18.25
2023-08-23,CSMG3,18.77
2023-08-23,CSNA3,12.26
2023-08-23,CURY3,18.05
2023-08-23,CXSE3,10.75
2023-08-23,CYRE3,24.2
2023-08-23,DIRR3,22.1
2023-08-23,EGIE3,41.47
2023-08-23,ELET3,36.7
2023-08-23,EMBR3,19.36
2023-08-23,ENEV3,12.61
2023-08-23,ENGI11,47.66
2023-08-23,EQTL3,32.07
2023-08-23,FLRY3,15.46
2023-08-23,GGBR4,25.25
2023-08-23,GOAU4,11.75
2023-08-23,HAPV3,4.69
2023-08-23,HYPE3,40.89
2023-08-23,IGTI11,21.37
2023-08-23,ITSA4,9.56
2023-08-23,ITUB4,27.61
2023-08-23,KLBN11,22.52
2023-08-23,LREN3,17.41
2023-08-23,MGLU3,3.06
2023-08-23,MRFG3,6.86
2023-08-23,MRVE3,13.0
2023-08-23,MULT3,26.4
2023-08-23,NTCO3,15.82
2023-08-23,PETR3,35.41
2023-08-23,PETR4,32.24
2023-08-23,POMO4,6.02
2023-08-23,PRIO3,45.85
2023-08-23,PSSA3,26.64
2023-08-23,RADL3,27.33
2023-08-23,RAIL3,23.3
2023-08-23,RDOR3,29.99
2023-08-23,RENT3,66.4
2023-08-23,SANB11,26.95
2023-08-23,SBSP3,59.05
2023-08-23,SMFT3,23.64
2023-08-23,SUZB3,49.48
2023-08-23,TAEE11,34.57
2023-08-23,TEND3,14.49
2023-08-23,TIMS3,14.68
2023-08-23,TOTS3,28.26
2023-08-23,UGPA3,18.58
2023-08-23,USIM5,6.9
2023-08-23,VALE3,63.04
2023-08-23,VAMO3,12.23
2023-08-23,VBBR3,18.71
2023-08-23,VIVA3,30.45
2023-08-23,VIVT3,41.92
2023-08-23,WEGE3,36.45
2023-08-23,YDUQ3,22.25
2023-08-24,ABEV3,14.19
2023-08-24,ASAI3,12.84
2023-08-24,AURE3,13.83
2023-08-24,B3SA3,13.69
2023-08-24,BBAS3,47.55
2023-08-24,BBDC3,13.28
2023-08-24,BBDC4,15.02
2023-08-24,BBSE3,30.34
2023-08-24,BEEF3,10.72
2023-08-24,BPAC11,32.61
2023-08-24,BRAP4,21.57
2023-08-24,CCRO3,12.8
2023-08-24,CEAB3,6.43
2023-08-24,CMIG4,12.28
2023-08-24,CMIN3,4.1
2023-08-24,COGN3,3.11
2023-08-24,CPFE3,34.66
2023-08-24,CPLE3,8.2
2023-08-24,CSAN3,18.01
2023-08-24,CSMG3,18.67
2023-08-24,CSNA3,11.98
2023-08-24,CURY3,18.0
2023-08-24,CXSE3,10.51
2023-08-24,CYRE3,23.78
2023-08-24,DIRR3,21.73
2023-08-24,EGIE3,41.75
2023-08-24,ELET3,37.21
2023-08-24,EMBR3,18.7
2023-08-24,ENEV3,12.71
2023-08-24,ENGI11,47.59
2023-08-24,EQTL3,32.1
2023-08-24,FLRY3,15.23
2023-08-24,GGBR4,24.82
2023-08-24,GOAU4,11.47
2023-08-24,HAPV3,4.69
2023-08-24,HYPE3,40.13
2023-08-24,IGTI11,21.42
2023-08-24,ITSA4,9.44
2023-08-24,ITUB4,27.29
2023-08-24,KLBN11,22.45
2023-08-24,LREN3,16.89
2023-08-24,MGLU3,3.02
2023-08-24,MRFG3,6.79
2023-08-24,MRVE3,12.91
2023-08-24,MULT3,26.31
2023-08-24,NTCO3,15.54
2023-08-24,PETR3,35.32
2023-08-24,PETR4,32.19
2023-08-24,POMO4,5.93
2023-08-24,PRIO3,46.06
2023-08-24,PSSA3,27.11
2023-08-24,RADL3,27.29
2023-08-24,RAIL3,23.13
2023-08-24,RDOR3,29.66
2023-08-24,RENT3,65.53
2023-08-24,SANB11,26.78
2023-08-24,SBSP3,59.19
2023-08-24,SMFT3,23.55
2023-08-24,SUZB3,49.35
2023-08-24,TAEE11,34.9
2023-08-24,TEND3,14.92
2023-08-24,TIMS3,14.66
2023-08-24,TOTS3,28.19
2023-08-24,UGPA3,18.46
2023-08-24,USIM5,6.84
2023-08-24,VALE3,62.2
2023-08-24,VAMO3,12.14
2023-08-24,VBBR3,18.59
2023-08-24,VIVA3,30.47
2023-08-24,VIVT3,41.68
2023-08-24,WEGE3,35.98
2023-08-24,YDUQ3,21.95
2023-08-25,ABEV3,13.99
2023-08-25,ASAI3,12.37
2023-08-25,AURE3,13.79
2023-08-25,B3SA3,13.49
2023-08-25,BBAS3,46.93
2023-08-25,BBDC3,13.21
2023-08-25,BBDC4,14.83
2023-08-25,BBSE3,30.34
2023-08-25,BEEF3,10.46
2023-08-25,BPAC11,32.2
2023-08-25,BRAP4,21.51
2023-08-25,CCRO3,12.55
2023-08-25,CEAB3,5.98
2023-08-25,CMIG4,12.24
2023-08-25,CMIN3,4.09
2023-08-25,COGN3,2.99
2023-08-25,CPFE3,34.46
2023-08-25,CPLE3,8.27
2023-08-25,CSAN3,17.89
2023-08-25,CSMG3,18.77
2023-08-25,CSNA3,11.9
2023-08-25,CURY3,17.03
2023-08-25,CXSE3,10.61
2023-08-25,CYRE3,23.15
2023-08-25,DIRR3,21.17
2023-08-25,EGIE3,42.07
2023-08-25,ELET3,36.45
2023-08-25,EMBR3,18.49
2023-08-25,ENEV3,12.43
2023-08-25,ENGI11,47.02
2023-08-25,EQTL3,31.61
2023-08-25,FLRY3,15.01
2023-08-25,GGBR4,24.79
2023-08-25,GOAU4,11.45
2023-08-25,HAPV3,4.59
2023-08-25,HYPE3,40.09
2023-08-25,IGTI11,20.97
2023-08-25,ITSA4,9.34
2023-08-25,ITUB4,26.86
2023-08-25,KLBN11,22.67
2023-08-25,LREN3,16.61
2023-08-25,MGLU3,2.92
2023-08-25,MRFG3,6.5
2023-08-25,MRVE3,12.19
2023-08-25,MULT3,25.64
2023-08-25,NTCO3,15.28
2023-08-25,PETR3,35.04
2023-08-25,PETR4,31.97
2023-08-25,POMO4,5.95
2023-08-25,PRIO3,46.39
2023-08-25,PSSA3,27.06
2023-08-25,RADL3,27.04
2023-08-25,RAIL3,22.65
2023-08-25,RDOR3,29.21
2023-08-25,RENT3,63.01
2023-08-25,SANB11,26.75
2023-08-25,SBSP3,58.94
2023-08-25,SMFT3,22.35
2023-08-25,SUZB3,49.9
2023-08-25,TAEE11,34.77
2023-08-25,TEND3,14.32
2023-08-25,TIMS3,14.7
2023-08-25,TOTS3,27.85
2023-08-25,UGPA3,18.51
2023-08-25,USIM5,6.8
2023-08-25,VALE3,62.07
2023-08-25,VAMO3,11.64
2023-08-25,VBBR3,18.46
2023-08-25,VIVA3,29.64
2023-08-25,VIVT3,41.4
2023-08-25,WEGE3,36.36
2023-08-25,YDUQ3,21.04
2023-08-28,ABEV3,14.21
2023-08-28,ASAI3,12.15
2023-08-28,AURE3,13.82
2023-08-28,B3SA3,13.53
2023-08-28,BBAS3,48.28
2023-08-28,BBDC3,13.47
2023-08-28,BBDC4,15.31
2023-08-28,BBSE3,30.76
2023-08-28,BEEF3,10.9
2023-08-28,BPAC11,32.45
2023-08-28,BRAP4,21.8
2023-08-28,CCRO3,12.8
2023-08-28,CEAB3,5.66
2023-08-28,CMIG4,12.33
2023-08-28,CMIN3,4.14
2023-08-28,COGN3,2.95
2023-08-28,CPFE3,34.69
2023-08-28,CPLE3,8.21
2023-08-28,CSAN3,17.96
2023-08-28,CSMG3,18.67
2023-08-28,CSNA3,11.95
2023-08-28,CURY3,16.99
2023-08-28,CXSE3,10.67
2023-08-28,CYRE3,23.29
2023-08-28,DIRR3,20.6
2023-08-28,EGIE3,42.12
2023-08-28,ELET3,36.64
2023-08-28,EMBR3,19.02
2023-08-28,ENEV3,12.33
2023-08-28,ENGI11,47.03
2023-08-28,EQTL3,31.65
2023-08-28,FLRY3,15.0
2023-08-28,GGBR4,25.2
2023-08-28,GOAU4,11.61
2023-08-28,HAPV3,4.54
2023-08-28,HYPE3,40.12
2023-08-28,IGTI11,21.18
2023-08-28,ITSA4,9.49
2023-08-28,ITUB4,27.77
2023-08-28,KLBN11,22.87
2023-08-28,LREN3,16.7
2023-08-28,MGLU3,2.93
2023-08-28,MRFG3,6.73
2023-08-28,MRVE3,11.98
2023-08-28,MULT3,25.88
2023-08-28,NTCO3,15.62
2023-08-28,PETR3,35.4
2023-08-28,PETR4,32.33
2023-08-28,POMO4,6.31
2023-08-28,PRIO3,46.69
2023-08-28,PSSA3,26.96
2023-08-28,RADL3,26.92
2023-08-28,RAIL3,22.75
2023-08-28,RDOR3,29.14
2023-08-28,RENT3,62.86
2023-08-28,SANB11,27.17
2023-08-28,SBSP3,59.03
2023-08-28,SMFT3,21.9
2023-08-28,SUZB3,50.3
2023-08-28,TAEE11,34.73
2023-08-28,TEND3,14.4
2023-08-28,TIMS3,14.57
2023-08-28,TOTS3,28.26
2023-08-28,UGPA3,18.61
2023-08-28,USIM5,6.88
2023-08-28,VALE3,62.96
2023-08-28,VAMO3,11.6
2023-08-28,VBBR3,18.69
2023-08-28,VIVA3,29.47
2023-08-28,VIVT3,42.05
2023-08-28,WEGE3,36.62
2023-08-28,YDUQ3,20.86
2023-08-29,ABEV3,14.26
2023-08-29,ASAI3,11.95
2023-08-29,AURE3,14.0
2023-08-29,B3SA3,13.57
2023-08-29,BBAS3,48.55
2023-08-29,BBDC3,13.58
2023-08-29,BBDC4,15.49
2023-08-29,BBSE3,31.05
2023-08-29,BEEF3,8.91
2023-08-29,BPAC11,33.14
2023-08-29,BRAP4,22.47
2023-08-29,CCRO3,12.95
2023-08-29,CEAB3,5.69
2023-08-29,CMIG4,12.42
2023-08-29,CMIN3,4.23
2023-08-29,COGN3,2.97
2023-08-29,CPFE3,34.84
2023-08-29,CPLE3,8.21
2023-08-29,CSAN3,18.12
2023-08-29,CSMG3,18.57
2023-08-29,CSNA3,12.17
2023-08-29,CURY3,16.89
2023-08-29,CXSE3,10.87
2023-08-29,CYRE3,23.46
2023-08-29,DIRR3,20.79
2023-08-29,EGIE3,42.52
2023-08-29,ELET3,36.71
2023-08-29,EMBR3,19.05
2023-08-29,ENEV3,12.38
2023-08-29,ENGI11,47.48
2023-08-29,EQTL3,32.16
2023-08-29,FLRY3,15.1
2023-08-29,GGBR4,25.68
2023-08-29,GOAU4,11.92
2023-08-29,HAPV3,4.6
2023-08-29,HYPE3,40.4
2023-08-29,IGTI11,21.31
2023-08-29,ITSA4,9.58
2023-08-29,ITUB4,28.21
2023-08-29,KLBN11,23.11
2023-08-29,LREN3,16.7
2023-08-29,MGLU3,2.93
2023-08-29,MRFG3,7.45
2023-08-29,MRVE3,11.93
2023-08-29,MULT3,25.88
2023-08-29,NTCO3,15.62
2023-08-29,PETR3,35.53
2023-08-29,PETR4,32.4
2023-08-29,POMO4,6.33
2023-08-29,PRIO3,45.85
2023-08-29,PSSA3,27.01
2023-08-29,RADL3,27.81
2023-08-29,RAIL3,22.87
2023-08-29,RDOR3,29.56
2023-08-29,RENT3,63.64
2023-08-29,SANB11,27.91
2023-08-29,SBSP3,59.05
2023-08-29,SMFT3,22.07
2023-08-29,SUZB3,51.15
2023-08-29,TAEE11,34.94
2023-08-29,TEND3,13.41
2023-08-29,TIMS3,14.99
2023-08-29,TOTS3,28.63
2023-08-29,UGPA3,18.85
2023-08-29,USIM5,6.95
2023-08-29,VALE3,64.97
2023-08-29,VAMO3,11.84
2023-08-29,VBBR3,19.07
2023-08-29,VIVA3,29.54
2023-08-29,VIVT3,42.76
2023-08-29,WEGE3,36.49
2023-08-29,YDUQ3,20.65
2023-08-30,ABEV3,14.18
2023-08-30,ASAI3,11.81
2023-08-30,AURE3,13.99
2023-08-30,B3SA3,13.22
2023-08-30,BBAS3,47.85
2023-08-30,BBDC3,13.4
2023-08-30,BBDC4,15.16
2023-08-30,BBSE3,30.79
2023-08-30,BEEF3,8.6
2023-08-30,BPAC11,32.86
2023-08-30,BRAP4,22.55
2023-08-30,CCRO3,12.81
2023-08-30,CEAB3,5.5
2023-08-30,CMIG4,12.61
2023-08-30,CMIN3,4.35
2023-08-30,COGN3,2.95
2023-08-30,CPFE3,34.7
2023-08-30,CPLE3,8.2
2023-08-30,CSAN3,18.2
2023-08-30,CSMG3,18.35
2023-08-30,CSNA3,12.24
2023-08-30,CURY3,16.87
2023-08-30,CXSE3,10.87
2023-08-30,CYRE3,23.07
2023-08-30,DIRR3,20.6
2023-08-30,EGIE3,42.35
2023-08-30,ELET3,36.34
2023-08-30,EMBR3,19.32
2023-08-30,ENEV3,12.11
2023-08-30,ENGI11,46.73
2023-08-30,EQTL3,32.3
2023-08-30,FLRY3,14.96
2023-08-30,GGBR4,25.87
2023-08-30,GOAU4,11.92
2023-08-30,HAPV3,4.47
2023-08-30,HYPE3,39.69
2023-08-30,IGTI11,21.14
2023-08-30,ITSA4,9.44
2023-08-30,ITUB4,27.67
2023-08-30,KLBN11,22.97
2023-08-30,LREN3,16.44
2023-08-30,MGLU3,2.92
2023-08-30,MRFG3,7.37
2023-08-30,MRVE3,11.68
2023-08-30,MULT3,25.67
2023-08-30,NTCO3,15.38
2023-08-30,PETR3,35.5
2023-08-30,PETR4,32.62
2023-08-30,POMO4,6.35
2023-08-30,PRIO3,45.81
2023-08-30,PSSA3,26.54
2023-08-30,RADL3,27.63
2023-08-30,RAIL3,22.63
2023-08-30,RDOR3,28.64
2023-08-30,RENT3,63.47
2023-08-30,SANB11,27.53
2023-08-30,SBSP3,58.75
2023-08-30,SMFT3,21.11
2023-08-30,SUZB3,50.83
2023-08-30,TAEE11,34.81
2023-08-30,TEND3,13.05
2023-08-30,TIMS3,14.72
2023-08-30,TOTS3,28.51
2023-08-30,UGPA3,18.73
2023-08-30,USIM5,6.96
2023-08-30,VALE3,64.98
2023-08-30,VAMO3,11.91
2023-08-30,VBBR3,18.99
2023-08-30,VIVA3,28.75
2023-08-30,VIVT3,42.02
2023-08-30,WEGE3,36.3
2023-08-30,YDUQ3,20.82
2023-08-31,ABEV3,13.84
2023-08-31,ASAI3,11.61
2023-08-31,AURE3,13.61
2023-08-31,B3SA3,12.93
2023-08-31,BBAS3,47.1
2023-08-31,BBDC3,13.24
2023-08-31,BBDC4,14.95
2023-08-31,BBSE3,30.38
2023-08-31,BEEF3,8.4
2023-08-31,BPAC11,32.47
2023-08-31,BRAP4,22.5
2023-08-31,CCRO3,12.46
2023-08-31,CEAB3,5.35
2023-08-31,CMIG4,12.33
2023-08-31,CMIN3,4.28
2023-08-31,COGN3,2.92
2023-08-31,CPFE3,34.15
2023-08-31,CPLE3,8.1
2023-08-31,CSAN3,17.52
2023-08-31,CSMG3,17.92
2023-08-31,CSNA3,12.11
2023-08-31,CURY3,16.31
2023-08-31,CXSE3,10.8
2023-08-31,CYRE3,22.44
2023-08-31,DIRR3,20.25
2023-08-31,EGIE3,42.12
2023-08-31,ELET3,35.26
2023-08-31,EMBR3,19.49
2023-08-31,ENEV3,11.92
2023-08-31,ENGI11,46.1
2023-08-31,EQTL3,31.66
2023-08-31,FLRY3,14.76
2023-08-31,GGBR4,25.85
2023-08-31,GOAU4,11.82
2023-08-31,HAPV3,4.26
2023-08-31,HYPE3,38.99
2023-08-31,IGTI11,20.6
2023-08-31,ITSA4,9.24
2023-08-31,ITUB4,27.43
2023-08-31,KLBN11,22.76
2023-08-31,LREN3,16.03
2023-08-31,MGLU3,2.76
2023-08-31,MRFG3,7.41
2023-08-31,MRVE3,11.36
2023-08-31,MULT3,24.74
2023-08-31,NTCO3,15.18
2023-08-31,PETR3,34.54
2023-08-31,PETR4,31.94
2023-08-31,POMO4,6.06
2023-08-31,PRIO3,46.42
2023-08-31,PSSA3,26.1
2023-08-31,RADL3,27.48
2023-08-31,RAIL3,22.35
2023-08-31,RDOR3,28.66
2023-08-31,RENT3,63.25
2023-08-31,SANB11,27.11
2023-08-31,SBSP3,57.92
2023-08-31,SMFT3,20.6
2023-08-31,SUZB3,50.15
2023-08-31,TAEE11,34.2
2023-08-31,TEND3,12.8
2023-08-31,TIMS3,14.41
2023-08-31,TOTS3,27.74
2023-08-31,UGPA3,18.16
2023-08-31,USIM5,6.88
2023-08-31,VALE3,65.08
2023-08-31,VAMO3,11.71
2023-08-31,VBBR3,18.46
2023-08-31,VIVA3,27.18
2023-08-31,VIVT3,41.35
2023-08-31,WEGE3,35.88
2023-08-31,YDUQ3,20.37
2023-09-01,ABEV3,13.87
2023-09-01,ASAI3,11.86
2023-09-01,AURE3,13.91
2023-09-01,B3SA3,12.98
2023-09-01,BBAS3,47.42
2023-09-01,BBDC3,13.21
2023-09-01,BBDC4,14.99
2023-09-01,BBSE3,31.03
2023-09-01,BEEF3,8.56
2023-09-01,BPAC11,32.3
2023-09-01,BRAP4,23.63
2023-09-01,CCRO3,12.66
2023-09-01,CEAB3,5.62
2023-09-01,CMIG4,12.46
2023-09-01,CMIN3,4.36
2023-09-01,COGN3,3.01
2023-09-01,CPFE3,34.81
2023-09-01,CPLE3,8.22
2023-09-01,CSAN3,17.92
2023-09-01,CSMG3,18.54
2023-09-01,CSNA3,12.31
2023-09-01,CURY3,16.46
2023-09-01,CXSE3,11.15
2023-09-01,CYRE3,22.79
2023-09-01,DIRR3,20.82
2023-09-01,EGIE3,42.13
2023-09-01,ELET3,35.39
2023-09-01,EMBR3,19.8
2023-09-01,ENEV3,12.05
2023-09-01,ENGI11,46.6
2023-09-01,EQTL3,31.9
2023-09-01,FLRY3,14.73
2023-09-01,GGBR4,26.0
2023-09-01,GOAU4,11.97
2023-09-01,HAPV3,4.43
2023-09-01,HYPE3,39.8
2023-09-01,IGTI11,21.3
2023-09-01,ITSA4,9.34
2023-09-01,ITUB4,27.65
2023-09-01,KLBN11,23.08
2023-09-01,LREN3,16.77
2023-09-01,MGLU3,2.86
2023-09-01,MRFG3,7.36
2023-09-01,MRVE3,11.79
2023-09-01,MULT3,25.21
2023-09-01,NTCO3,15.37
2023-09-01,PETR3,35.69
2023-09-01,PETR4,32.63
2023-09-01,POMO4,6.37
2023-09-01,PRIO3,46.95
2023-09-01,PSSA3,26.1
2023-09-01,RADL3,27.54
2023-09-01,RAIL3,22.67
2023-09-01,RDOR3,28.86
2023-09-01,RENT3,63.73
2023-09-01,SANB11,27.34
2023-09-01,SBSP3,58.72
2023-09-01,SMFT3,21.88
2023-09-01,SUZB3,51.1
2023-09-01,TAEE11,34.91
2023-09-01,TEND3,13.43
2023-09-01,TIMS3,14.52
2023-09-01,TOTS3,27.8
2023-09-01,UGPA3,18.41
2023-09-01,USIM5,6.93
2023-09-01,VALE3,68.89
2023-09-01,VAMO3,11.96
2023-09-01,VBBR3,18.94
2023-09-01,VIVA3,28.33
2023-09-01,VIVT3,41.68
2023-09-01,WEGE3,35.95
2023-09-01,YDUQ3,21.11
2023-09-04,ABEV3,13.86
2023-09-04,ASAI3,12.25
2023-09-04,AURE3,13.88
2023-09-04,B3SA3,13.06
2023-09-04,BBAS3,47.27
2023-09-04,BBDC3,13.14
2023-09-04,BBDC4,14.9
2023-09-04,BBSE3,31.38
2023-09-04,BEEF3,8.95
2023-09-04,BPAC11,31.77
2023-09-04,BRAP4,23.95
2023-09-04,CCRO3,12.6
2023-09-04,CEAB3,5.48
2023-09-04,CMIG4,12.42
2023-09-04,CMIN3,4.41
2023-09-04,COGN3,2.94
2023-09-04,CPFE3,35.28
2023-09-04,CPLE3,8.18
2023-09-04,CSAN3,17.77
2023-09-04,CSMG3,18.51
2023-09-04,CSNA3,12.6
2023-09-04,CURY3,16.03
2023-09-04,CXSE3,11.5
2023-09-04,CYRE3,22.46
2023-09-04,DIRR3,20.45
2023-09-04,EGIE3,42.28
2023-09-04,ELET3,35.23
2023-09-04,EMBR3,19.98
2023-09-04,ENEV3,11.96
2023-09-04,ENGI11,47.09
2023-09-04,EQTL3,32.03
2023-09-04,FLRY3,14.76
2023-09-04,GGBR4,26.18
2023-09-04,GOAU4,12.08
2023-09-04,HAPV3,4.45
2023-09-04,HYPE3,40.0
2023-09-04,IGTI11,21.63
2023-09-04,ITSA4,9.24
2023-09-04,ITUB4,27.4
2023-09-04,KLBN11,23.17
2023-09-04,LREN3,16.44
2023-09-04,MGLU3,2.78
2023-09-04,MRFG3,7.34
2023-09-04,MRVE3,11.6
2023-09-04,MULT3,25.34
2023-09-04,NTCO3,15.34
2023-09-04,PETR3,35.2
2023-09-04,PETR4,32.29
2023-09-04,POMO4,6.35
2023-09-04,PRIO3,46.61
2023-09-04,PSSA3,26.01
2023-09-04,RADL3,27.64
2023-09-04,RAIL3,22.6
2023-09-04,RDOR3,29.1
2023-09-04,RENT3,63.35
2023-09-04,SANB11,27.21
2023-09-04,SBSP3,58.85
2023-09-04,SMFT3,21.81
2023-09-04,SUZB3,50.97
2023-09-04,TAEE11,34.86
2023-09-04,TEND3,12.73
2023-09-04,TIMS3,14.53
2023-09-04,TOTS3,27.94
2023-09-04,UGPA3,18.34
2023-09-04,USIM5,6.99
2023-09-04,VALE3,69.4
2023-09-04,VAMO3,12.19
2023-09-04,VBBR3,18.93
2023-09-04,VIVA3,28.65
2023-09-04,VIVT3,41.62
2023-09-04,WEGE3,36.13
2023-09-04,YDUQ3,20.57
2023-09-05,ABEV3,14.01
2023-09-05,ASAI3,12.77
2023-09-05,AURE3,13.77
2023-09-05,B3SA3,12.77
2023-09-05,BBAS3,47.1
2023-09-05,BBDC3,12.98
2023-09-05,BBDC4,14.58
2023-09-05,BBSE3,31.32
2023-09-05,BEEF3,8.99
2023-09-05,BPAC11,31.46
2023-09-05,BRAP4,23.65
2023-09-05,CCRO3,12.4
2023-09-05,CEAB3,5.42
2023-09-05,CMIG4,12.27
2023-09-05,CMIN3,4.33
2023-09-05,COGN3,2.86
2023-09-05,CPFE3,35.02
2023-09-05,CPLE3,8.14
2023-09-05,CSAN3,17.71
2023-09-05,CSMG3,18.28
2023-09-05,CSNA3,12.39
2023-09-05,CURY3,15.95
2023-09-05,CXSE3,11.1
2023-09-05,CYRE3,21.9
2023-09-05,DIRR3,20.0
2023-09-05,EGIE3,42.0
2023-09-05,ELET3,34.92
2023-09-05,EMBR3,19.44
2023-09-05,ENEV3,11.78
2023-09-05,ENGI11,46.3
2023-09-05,EQTL3,31.33
2023-09-05,FLRY3,14.31
2023-09-05,GGBR4,25.79
2023-09-05,GOAU4,11.85
2023-09-05,HAPV3,4.41
2023-09-05,HYPE3,39.4
2023-09-05,IGTI11,21.08
2023-09-05,ITSA4,9.12
2023-09-05,ITUB4,26.99
2023-09-05,KLBN11,22.92
2023-09-05,LREN3,16.07
2023-09-05,MGLU3,2.69
2023-09-05,MRFG3,7.33
2023-09-05,MRVE3,11.54
2023-09-05,MULT3,25.28
2023-09-05,NTCO3,15.26
2023-09-05,PETR3,36.82
2023-09-05,PETR4,33.37
2023-09-05,POMO4,6.36
2023-09-05,PRIO3,47.49
2023-09-05,PSSA3,26.01
2023-09-05,RADL3,27.49
2023-09-05,RAIL3,22.08
2023-09-05,RDOR3,28.73
2023-09-05,RENT3,62.21
2023-09-05,SANB11,26.9
2023-09-05,SBSP3,58.57
2023-09-05,SMFT3,21.3
2023-09-05,SUZB3,50.67
2023-09-05,TAEE11,34.3
2023-09-05,TEND3,12.48
2023-09-05,TIMS3,14.32
2023-09-05,TOTS3,27.73
2023-09-05,UGPA3,18.33
2023-09-05,USIM5,6.9
2023-09-05,VALE3,69.1
2023-09-05,VAMO3,11.55
2023-09-05,VBBR3,18.8
2023-09-05,VIVA3,27.76
2023-09-05,VIVT3,41.46
2023-09-05,WEGE3,35.91
2023-09-05,YDUQ3,19.87
2023-09-06,ABEV3,13.98
2023-09-06,ASAI3,12.5
2023-09-06,AURE3,13.81
2023-09-06,B3SA3,12.54
2023-09-06,BBAS3,46.78
2023-09-06,BBDC3,12.8
2023-09-06,BBDC4,14.38
2023-09-06,BBSE3,31.09
2023-09-06,BEEF3,8.73
2023-09-06,BPAC11,30.96
2023-09-06,BRAP4,23.38
2023-09-06,CCRO3,12.26
2023-09-06,CEAB3,5.44
2023-09-06,CMIG4,12.11
2023-09-06,CMIN3,4.29
2023-09-06,COGN3,2.9
2023-09-06,CPFE3,33.99
2023-09-06,CPLE3,8.06
2023-09-06,CSAN3,17.45
2023-09-06,CSMG3,18.0
2023-09-06,CSNA3,12.17
2023-09-06,CURY3,15.63
2023-09-06,CXSE3,11.04
2023-09-06,CYRE3,21.47
2023-09-06,DIRR3,19.74
2023-09-06,EGIE3,41.25
2023-09-06,ELET3,34.17
2023-09-06,EMBR3,19.41
2023-09-06,ENEV3,11.95
2023-09-06,ENGI11,45.27
2023-09-06,EQTL3,30.7
2023-09-06,FLRY3,14.3
2023-09-06,GGBR4,25.39
2023-09-06,GOAU4,11.67
2023-09-06,HAPV3,4.4
2023-09-06,HYPE3,38.55
2023-09-06,IGTI11,20.38
2023-09-06,ITSA4,9.01
2023-09-06,ITUB4,26.73
2023-09-06,KLBN11,22.43
2023-09-06,LREN3,15.57
2023-09-06,MGLU3,2.59
2023-09-06,MRFG3,7.3
2023-09-06,MRVE3,11.61
2023-09-06,MULT3,24.82
2023-09-06,NTCO3,14.99
2023-09-06,PETR3,37.0
2023-09-06,PETR4,33.52
2023-09-06,POMO4,6.39
2023-09-06,PRIO3,46.79
2023-09-06,PSSA3,26.03
2023-09-06,RADL3,26.82
2023-09-06,RAIL3,21.87
2023-09-06,RDOR3,28.32
2023-09-06,RENT3,60.59
2023-09-06,SANB11,26.7
2023-09-06,SBSP3,57.86
2023-09-06,SMFT3,20.37
2023-09-06,SUZB3,49.86
2023-09-06,TAEE11,34.0
2023-09-06,TEND3,12.6
2023-09-06,TIMS3,14.38
2023-09-06,TOTS3,27.76
2023-09-06,UGPA3,18.34
2023-09-06,USIM5,6.92
2023-09-06,VALE3,68.0
2023-09-06,VAMO3,10.73
2023-09-06,VBBR3,18.67
2023-09-06,VIVA3,27.03
2023-09-06,VIVT3,41.73
2023-09-06,WEGE3,35.55
2023-09-06,YDUQ3,20.33
2023-09-08,ABEV3,13.7
2023-09-08,ASAI3,12.23
2023-09-08,AURE3,13.78
2023-09-08,B3SA3,12.54
2023-09-08,BBAS3,46.64
2023-09-08,BBDC3,12.8
2023-09-08,BBDC4,14.38
2023-09-08,BBSE3,31.11
2023-09-08,BEEF3,8.7
2023-09-08,BPAC11,30.66
2023-09-08,BRAP4,22.86
2023-09-08,CCRO3,12.26
2023-09-08,CEAB3,5.32
2023-09-08,CMIG4,12.16
2023-09-08,CMIN3,4.21
2023-09-08,COGN3,2.88
2023-09-08,CPFE3,34.13
2023-09-08,CPLE3,8.06
2023-09-08,CSAN3,17.32
2023-09-08,CSMG3,18.02
2023-09-08,CSNA3,11.93
2023-09-08,CURY3,15.76
2023-09-08,CXSE3,11.11
2023-09-08,CYRE3,21.58
2023-09-08,DIRR3,19.93
2023-09-08,EGIE3,41.36
2023-09-08,ELET3,34.37
2023-09-08,EMBR3,18.44
2023-09-08,ENEV3,11.76
2023-09-08,ENGI11,45.48
2023-09-08,EQTL3,31.15
2023-09-08,FLRY3,14.25
2023-09-08,GGBR4,25.31
2023-09-08,GOAU4,11.56
2023-09-08,HAPV3,4.37
2023-09-08,HYPE3,38.45
2023-09-08,IGTI11,20.26
2023-09-08,ITSA4,9.01
2023-09-08,ITUB4,26.77
2023-09-08,KLBN11,22.11
2023-09-08,LREN3,15.52
2023-09-08,MGLU3,2.51
2023-09-08,MRFG3,7.6
2023-09-08,MRVE3,11.71
2023-09-08,MULT3,24.94
2023-09-08,NTCO3,14.76
2023-09-08,PETR3,36.71
2023-09-08,PETR4,33.4
2023-09-08,POMO4,6.34
2023-09-08,PRIO3,47.49
2023-09-08,PSSA3,26.12
2023-09-08,RADL3,26.81
2023-09-08,RAIL3,22.08
2023-09-08,RDOR3,28.25
2023-09-08,RENT3,60.35
2023-09-08,SANB11,26.5
2023-09-08,SBSP3,57.68
2023-09-08,SMFT3,20.65
2023-09-08,SUZB3,48.8
2023-09-08,TAEE11,34.25
2023-09-08,TEND3,12.86
2023-09-08,TIMS3,14.44
2023-09-08,TOTS3,27.7
2023-09-08,UGPA3,18.38
2023-09-08,USIM5,6.83
2023-09-08,VALE3,66.71
2023-09-08,VAMO3,10.65
2023-09-08,VBBR3,18.23
2023-09-08,VIVA3,27.44
2023-09-08,VIVT3,41.86
2023-09-08,WEGE3,35.4
2023-09-08,YDUQ3,20.84
2023-09-11,ABEV3,13.87
2023-09-11,ASAI3,12.22
2023-09-11,AURE3,13.9
2023-09-11,B3SA3,12.91
2023-09-11,BBAS3,47.38
2023-09-11,BBDC3,12.98
2023-09-11,BBDC4,14.65
2023-09-11,BBSE3,31.79
2023-09-11,BEEF3,8.56
2023-09-11,BPAC11,30.98
2023-09-11,BRAP4,22.56
2023-09-11,CCRO3,12.44
2023-09-11,CEAB3,5.36
2023-09-11,CMIG4,12.39
2023-09-11,CMIN3,4.38
2023-09-11,COGN3,2.9
2023-09-11,CPFE3,34.3
2023-09-11,CPLE3,8.18
2023-09-11,CSAN3,17.65
2023-09-11,CSMG3,18.26
2023-09-11,CSNA3,12.13
2023-09-11,CURY3,16.37
2023-09-11,CXSE3,11.29
2023-09-11,CYRE3,22.21
2023-09-11,DIRR3,20.38
2023-09-11,EGIE3,41.93
2023-09-11,ELET3,35.15
2023-09-11,EMBR3,18.32
2023-09-11,ENEV3,11.98
2023-09-11,ENGI11,46.0
2023-09-11,EQTL3,31.8
2023-09-11,FLRY3,14.45
2023-09-11,GGBR4,25.55
2023-09-11,GOAU4,11.8
2023-09-11,HAPV3,4.44
2023-09-11,HYPE3,39.43
2023-09-11,IGTI11,20.65
2023-09-11,ITSA4,9.23
2023-09-11,ITUB4,27.45
2023-09-11,KLBN11,22.43
2023-09-11,LREN3,15.75
2023-09-11,MGLU3,2.55
2023-09-11,MRFG3,7.46
2023-09-11,MRVE3,11.82
2023-09-11,MULT3,25.17
2023-09-11,NTCO3,15.03
2023-09-11,PETR3,36.46
2023-09-11,PETR4,33.37
2023-09-11,POMO4,6.36
2023-09-11,PRIO3,47.71
2023-09-11,PSSA3,26.61
2023-09-11,RADL3,27.21
2023-09-11,RAIL3,22.14
2023-09-11,RDOR3,29.38
2023-09-11,RENT3,61.24
2023-09-11,SANB11,26.97
2023-09-11,SBSP3,59.0
2023-09-11,SMFT3,20.94
2023-09-11,SUZB3,49.97
2023-09-11,TAEE11,34.7
2023-09-11,TEND3,13.5
2023-09-11,TIMS3,14.71
2023-09-11,TOTS3,28.03
2023-09-11,UGPA3,18.96
2023-09-11,USIM5,6.9
2023-09-11,VALE3,67.67
2023-09-11,VAMO3,10.75
2023-09-11,VBBR3,18.55
2023-09-11,VIVA3,27.54
2023-09-11,VIVT3,42.49
2023-09-11,WEGE3,35.28
2023-09-11,YDUQ3,20.88
2023-09-12,ABEV3,13.71
2023-09-12,ASAI3,12.87
2023-09-12,AURE3,13.94
2023-09-12,B3SA3,13.16
2023-09-12,BBAS3,47.3
2023-09-12,BBDC3,13.11
2023-09-12,BBDC4,14.83
2023-09-12,BBSE3,31.95
2023-09-12,BEEF3,8.6
2023-09-12,BPAC11,31.65
2023-09-12,BRAP4,22.6
2023-09-12,CCRO3,12.54
2023-09-12,CEAB3,5.51
2023-09-12,CMIG4,12.51
2023-09-12,CMIN3,4.3
2023-09-12,COGN3,2.89
2023-09-12,CPFE3,34.67
2023-09-12,CPLE3,8.27
2023-09-12,CSAN3,17.84
2023-09-12,CSMG3,18.38
2023-09-12,CSNA3,12.15
2023-09-12,CURY3,16.65
2023-09-12,CXSE3,11.34
2023-09-12,CYRE3,22.54
2023-09-12,DIRR3,20.5
2023-09-12,EGIE3,42.2
2023-09-12,ELET3,35.88
2023-09-12,EMBR3,18.11
2023-09-12,ENEV3,12.1
2023-09-12,ENGI11,47.41
2023-09-12,EQTL3,32.32
2023-09-12,FLRY3,14.68
2023-09-12,GGBR4,25.73
2023-09-12,GOAU4,11.88
2023-09-12,HAPV3,4.64
2023-09-12,HYPE3,40.4
2023-09-12,IGTI11,21.21
2023-09-12,ITSA4,9.27
2023-09-12,ITUB4,27.61
2023-09-12,KLBN11,22.74
2023-09-12,LREN3,16.01
2023-09-12,MGLU3,2.62
2023-09-12,MRFG3,7.61
2023-09-12,MRVE3,12.05
2023-09-12,MULT3,25.46
2023-09-12,NTCO3,15.22
2023-09-12,PETR3,36.86
2023-09-12,PETR4,33.53
2023-09-12,POMO4,6.47
2023-09-12,PRIO3,48.11
2023-09-12,PSSA3,26.7
2023-09-12,RADL3,27.75
2023-09-12,RAIL3,22.76
2023-09-12,RDOR3,29.08
2023-09-12,RENT3,62.17
2023-09-12,SANB11,27.13
2023-09-12,SBSP3,59.48
2023-09-12,SMFT3,21.75
2023-09-12,SUZB3,50.27
2023-09-12,TAEE11,34.78
2023-09-12,TEND3,14.12
2023-09-12,TIMS3,14.9
2023-09-12,TOTS3,28.62
2023-09-12,UGPA3,19.11
2023-09-12,USIM5,6.82
2023-09-12,VALE3,67.62
2023-09-12,VAMO3,11.13
2023-09-12,VBBR3,18.93
2023-09-12,VIVA3,27.66
2023-09-12,VIVT3,42.77
2023-09-12,WEGE3,35.65
2023-09-12,YDUQ3,20.62
2023-09-13,ABEV3,13.64
2023-09-13,ASAI3,12.84
2023-09-13,AURE3,13.94
2023-09-13,B3SA3,13.21
2023-09-13,BBAS3,47.26
2023-09-13,BBDC3,13.15
2023-09-13,BBDC4,14.89
2023-09-13,BBSE3,31.92
2023-09-13,BEEF3,8.71
2023-09-13,BPAC11,32.84
2023-09-13,BRAP4,22.45
2023-09-13,CCRO3,12.45
2023-09-13,CEAB3,5.6
2023-09-13,CMIG4,12.57
2023-09-13,CMIN3,4.29
2023-09-13,COGN3,2.88
2023-09-13,CPFE3,34.85
2023-09-13,CPLE3,8.34
2023-09-13,CSAN3,17.86
2023-09-13,CSMG3,18.74
2023-09-13,CSNA3,12.05
2023-09-13,CURY3,16.58
2023-09-13,CXSE3,11.51
2023-09-13,CYRE3,22.56
2023-09-13,DIRR3,20.12
2023-09-13,EGIE3,42.24
2023-09-13,ELET3,36.45
2023-09-13,EMBR3,18.27
2023-09-13,ENEV3,12.11
2023-09-13,ENGI11,48.41
2023-09-13,EQTL3,33.16
2023-09-13,FLRY3,14.65
2023-09-13,GGBR4,25.36
2023-09-13,GOAU4,11.82
2023-09-13,HAPV3,4.58
2023-09-13,HYPE3,40.08
2023-09-13,IGTI11,21.33
2023-09-13,ITSA4,9.27
2023-09-13,ITUB4,27.75
2023-09-13,KLBN11,22.72
2023-09-13,LREN3,16.25
2023-09-13,MGLU3,2.62
2023-09-13,MRFG3,7.48
2023-09-13,MRVE3,12.16
2023-09-13,MULT3,25.71
2023-09-13,NTCO3,15.28
2023-09-13,PETR3,36.38
2023-09-13,PETR4,33.03
2023-09-13,POMO4,6.31
2023-09-13,PRIO3,48.2
2023-09-13,PSSA3,27.05
2023-09-13,RADL3,27.84
2023-09-13,RAIL3,23.32
2023-09-13,RDOR3,29.37
2023-09-13,RENT3,62.93
2023-09-13,SANB11,27.05
2023-09-13,SBSP3,60.08
2023-09-13,SMFT3,21.89
2023-09-13,SUZB3,50.25
2023-09-13,TAEE11,34.78
2023-09-13,TEND3,13.64
2023-09-13,TIMS3,14.9
2023-09-13,TOTS3,28.7
2023-09-13,UGPA3,18.33
2023-09-13,USIM5,6.8
2023-09-13,VALE3,67.36
2023-09-13,VAMO3,11.07
2023-09-13,VBBR3,18.9
2023-09-13,VIVA3,27.63
2023-09-13,VIVT3,42.69
2023-09-13,WEGE3,36.93
2023-09-13,YDUQ3,21.09
2023-09-14,ABEV3,13.53
2023-09-14,ASAI3,12.62
2023-09-14,AURE3,14.11
2023-09-14,B3SA3,13.3
2023-09-14,BBAS3,47.39
2023-09-14,BBDC3,13.2
2023-09-14,BBDC4,14.95
2023-09-14,BBSE3,31.7
2023-09-14,BEEF3,8.67
2023-09-14,BPAC11,33.6
2023-09-14,BRAP4,23.61
2023-09-14,CCRO3,12.48
2023-09-14,CEAB3,5.52
2023-09-14,CMIG4,12.7
2023-09-14,CMIN3,4.43
2023-09-14,COGN3,2.86
2023-09-14,CPFE3,35.25
2023-09-14,CPLE3,8.41
2023-09-14,CSAN3,18.43
2023-09-14,CSMG3,18.9
2023-09-14,CSNA3,12.49
2023-09-14,CURY3,16.25
2023-09-14,CXSE3,11.41
2023-09-14,CYRE3,22.02
2023-09-14,DIRR3,20.1
2023-09-14,EGIE3,42.42
2023-09-14,ELET3,36.56
2023-09-14,EMBR3,17.79
2023-09-14,ENEV3,12.09
2023-09-14,ENGI11,48.57
2023-09-14,EQTL3,33.39
2023-09-14,FLRY3,14.51
2023-09-14,GGBR4,25.65
2023-09-14,GOAU4,11.88
2023-09-14,HAPV3,4.5
2023-09-14,HYPE3,39.01
2023-09-14,IGTI11,21.35
2023-09-14,ITSA4,9.34
2023-09-14,ITUB4,27.64
2023-09-14,KLBN11,22.81
2023-09-14,LREN3,16.06
2023-09-14,MGLU3,2.58
2023-09-14,MRFG3,7.38
2023-09-14,MRVE3,12.06
2023-09-14,MULT3,26.18
2023-09-14,NTCO3,15.08
2023-09-14,PETR3,37.45
2023-09-14,PETR4,33.87
2023-09-14,POMO4,6.2
2023-09-14,PRIO3,49.25
2023-09-14,PSSA3,27.03
2023-09-14,RADL3,27.79
2023-09-14,RAIL3,23.94
2023-09-14,RDOR3,28.64
2023-09-14,RENT3,61.82
2023-09-14,SANB11,27.0
2023-09-14,SBSP3,61.31
2023-09-14,SMFT3,21.74
2023-09-14,SUZB3,51.23
2023-09-14,TAEE11,34.92
2023-09-14,TEND3,13.56
2023-09-14,TIMS3,14.95
2023-09-14,TOTS3,29.06
2023-09-14,UGPA3,18.75
2023-09-14,USIM5,6.9
2023-09-14,VALE3,70.12
2023-09-14,VAMO3,11.22
2023-09-14,VBBR3,19.36
2023-09-14,VIVA3,28.0
2023-09-14,VIVT3,43.4
2023-09-14,WEGE3,36.08
2023-09-14,YDUQ3,20.9
2023-09-15,ABEV3,13.42
2023-09-15,ASAI3,12.42
2023-09-15,AURE3,14.09
2023-09-15,B3SA3,13.2
2023-09-15,BBAS3,47.55
2023-09-15,BBDC3,13.13
2023-09-15,BBDC4,14.92
2023-09-15,BBSE3,31.64
2023-09-15,BEEF3,8.58
2023-09-15,BPAC11,32.8
2023-09-15,BRAP4,23.81
2023-09-15,CCRO3,12.61
2023-09-15,CEAB3,5.18
2023-09-15,CMIG4,12.8
2023-09-15,CMIN3,4.49
2023-09-15,COGN3,2.76
2023-09-15,CPFE3,35.61
2023-09-15,CPLE3,8.54
2023-09-15,CSAN3,18.55
2023-09-15,CSMG3,19.18
2023-09-15,CSNA3,12.42
2023-09-15,CURY3,16.2
2023-09-15,CXSE3,11.49
2023-09-15,CYRE3,21.68
2023-09-15,DIRR3,19.75
2023-09-15,EGIE3,42.85
2023-09-15,ELET3,35.74
2023-09-15,EMBR3,17.72
2023-09-15,ENEV3,12.33
2023-09-15,ENGI11,50.95
2023-09-15,EQTL3,33.96
2023-09-15,FLRY3,14.63
2023-09-15,GGBR4,25.78
2023-09-15,GOAU4,11.95
2023-09-15,HAPV3,4.41
2023-09-15,HYPE3,37.59
2023-09-15,IGTI11,20.94
2023-09-15,ITSA4,9.33
2023-09-15,ITUB4,27.58
2023-09-15,KLBN11,23.11
2023-09-15,LREN3,15.58
2023-09-15,MGLU3,2.48
2023-09-15,MRFG3,7.25
2023-09-15,MRVE3,11.7
2023-09-15,MULT3,25.2
2023-09-15,NTCO3,15.15
2023-09-15,PETR3,36.9
2023-09-15,PETR4,33.89
2023-09-15,POMO4,6.27
2023-09-15,PRIO3,49.4
2023-09-15,PSSA3,27.29
2023-09-15,RADL3,27.59
2023-09-15,RAIL3,23.84
2023-09-15,RDOR3,28.78
2023-09-15,RENT3,60.3
2023-09-15,SANB11,26.02
2023-09-15,SBSP3,60.02
2023-09-15,SMFT3,21.04
2023-09-15,SUZB3,52.53
2023-09-15,TAEE11,35.31
2023-09-15,TEND3,13.2
2023-09-15,TIMS3,14.87
2023-09-15,TOTS3,29.5
2023-09-15,UGPA3,19.04
2023-09-15,USIM5,6.94
2023-09-15,VALE3,69.54
2023-09-15,VAMO3,10.6
2023-09-15,VBBR3,19.26
2023-09-15,VIVA3,27.6
2023-09-15,VIVT3,43.29
2023-09-15,WEGE3,36.1
2023-09-15,YDUQ3,20.25
2023-09-18,ABEV3,13.39
2023-09-18,ASAI3,12.26
2023-09-18,AURE3,13.93
2023-09-18,B3SA3,13.08
2023-09-18,BBAS3,47.35
2023-09-18,BBDC3,13.15
2023-09-18,BBDC4,14.92
2023-09-18,BBSE3,31.84
2023-09-18,BEEF3,8.65
2023-09-18,BPAC11,32.25
2023-09-18,BRAP4,23.16
2023-09-18,CCRO3,12.74
2023-09-18,CEAB3,5.22
2023-09-18,CMIG4,12.79
2023-09-18,CMIN3,4.47
2023-09-18,COGN3,2.81
2023-09-18,CPFE3,35.73
2023-09-18,CPLE3,8.4
2023-09-18,CSAN3,18.53
2023-09-18,CSMG3,18.83
2023-09-18,CSNA3,12.38
2023-09-18,CURY3,16.34
2023-09-18,CXSE3,11.42
2023-09-18,CYRE3,21.82
2023-09-18,DIRR3,19.75
2023-09-18,EGIE3,42.5
2023-09-18,ELET3,35.6
2023-09-18,EMBR3,17.95
2023-09-18,ENEV3,11.96
2023-09-18,ENGI11,50.22
2023-09-18,EQTL3,33.18
2023-09-18,FLRY3,14.64
2023-09-18,GGBR4,24.94
2023-09-18,GOAU4,11.55
2023-09-18,HAPV3,4.42
2023-09-18,HYPE3,38.44
2023-09-18,IGTI11,20.85
2023-09-18,ITSA4,9.35
2023-09-18,ITUB4,27.51
2023-09-18,KLBN11,23.07
2023-09-18,LREN3,15.43
2023-09-18,MGLU3,2.58
2023-09-18,MRFG3,7.13
2023-09-18,MRVE3,11.51
2023-09-18,MULT3,25.03
2023-09-18,NTCO3,15.45
2023-09-18,PETR3,37.36
2023-09-18,PETR4,34.13
2023-09-18,POMO4,6.15
2023-09-18,PRIO3,48.16
2023-09-18,PSSA3,27.03
2023-09-18,RADL3,27.5
2023-09-18,RAIL3,23.74
2023-09-18,RDOR3,28.37
2023-09-18,RENT3,59.96
2023-09-18,SANB11,26.5
2023-09-18,SBSP3,60.57
2023-09-18,SMFT3,21.43
2023-09-18,SUZB3,52.05
2023-09-18,TAEE11,35.15
2023-09-18,TEND3,13.43
2023-09-18,TIMS3,15.16
2023-09-18,TOTS3,28.29
2023-09-18,UGPA3,19.17
2023-09-18,USIM5,6.8
2023-09-18,VALE3,68.72
2023-09-18,VAMO3,10.0
2023-09-18,VBBR3,19.33
2023-09-18,VIVA3,27.26
2023-09-18,VIVT3,44.13
2023-09-18,WEGE3,35.79
2023-09-18,YDUQ3,21.21
2023-09-19,ABEV3,13.43
2023-09-19,ASAI3,12.06
2023-09-19,AURE3,13.9
2023-09-19,B3SA3,12.92
2023-09-19,BBAS3,47.28
2023-09-19,BBDC3,13.04
2023-09-19,BBDC4,14.75
2023-09-19,BBSE3,31.68
2023-09-19,BEEF3,8.62
2023-09-19,BPAC11,31.4
2023-09-19,BRAP4,23.1
2023-09-19,CCRO3,12.86
2023-09-19,CEAB3,5.12
2023-09-19,CMIG4,12.91
2023-09-19,CMIN3,4.46
2023-09-19,COGN3,2.74
2023-09-19,CPFE3,35.46
2023-09-19,CPLE3,8.45
2023-09-19,CSAN3,18.4
2023-09-19,CSMG3,18.01
2023-09-19,CSNA3,12.41
2023-09-19,CURY3,16.17
2023-09-19,CXSE3,11.4
2023-09-19,CYRE3,21.57
2023-09-19,DIRR3,19.35
2023-09-19,EGIE3,42.55
2023-09-19,ELET3,35.43
2023-09-19,EMBR3,17.55
2023-09-19,ENEV3,11.93
2023-09-19,ENGI11,49.7
2023-09-19,EQTL3,33.28
2023-09-19,FLRY3,14.61
2023-09-19,GGBR4,24.59
2023-09-19,GOAU4,11.48
2023-09-19,HAPV3,4.5
2023-09-19,HYPE3,37.83
2023-09-19,IGTI11,20.83
2023-09-19,ITSA4,9.31
2023-09-19,ITUB4,27.16
2023-09-19,KLBN11,23.25
2023-09-19,LREN3,14.6
2023-09-19,MGLU3,2.52
2023-09-19,MRFG3,7.42
2023-09-19,MRVE3,11.15
2023-09-19,MULT3,25.11
2023-09-19,NTCO3,15.25
2023-09-19,PETR3,37.36
2023-09-19,PETR4,34.21
2023-09-19,POMO4,6.05
2023-09-19,PRIO3,48.71
2023-09-19,PSSA3,27.2
2023-09-19,RADL3,27.0
2023-09-19,RAIL3,23.75
2023-09-19,RDOR3,27.8
2023-09-19,RENT3,59.9
2023-09-19,SANB11,26.27
2023-09-19,SBSP3,60.8
2023-09-19,SMFT3,21.1
2023-09-19,SUZB3,52.78
2023-09-19,TAEE11,35.01
2023-09-19,TEND3,13.27
2023-09-19,TIMS3,15.31
2023-09-19,TOTS3,26.9
2023-09-19,UGPA3,18.75
2023-09-19,USIM5,6.75
2023-09-19,VALE3,68.85
2023-09-19,VAMO3,9.95
2023-09-19,VBBR3,19.12
2023-09-19,VIVA3,26.96
2023-09-19,VIVT3,44.46
2023-09-19,WEGE3,35.98
2023-09-19,YDUQ3,20.33
2023-09-20,ABEV3,13.47
2023-09-20,ASAI3,12.14
2023-09-20,AURE3,13.94
2023-09-20,B3SA3,13.13
2023-09-20,BBAS3,47.7
2023-09-20,BBDC3,13.06
2023-09-20,BBDC4,14.81
2023-09-20,BBSE3,32.2
2023-09-20,BEEF3,8.58
2023-09-20,BPAC11,31.06
2023-09-20,BRAP4,23.38
2023-09-20,CCRO3,12.79
2023-09-20,CEAB3,5.42
2023-09-20,CMIG4,13.15
2023-09-20,CMIN3,4.55
2023-09-20,COGN3,2.76
2023-09-20,CPFE3,35.77
2023-09-20,CPLE3,8.48
2023-09-20,CSAN3,18.51
2023-09-20,CSMG3,18.26
2023-09-20,CSNA3,12.41
2023-09-20,CURY3,16.72
2023-09-20,CXSE3,11.48
2023-09-20,CYRE3,22.03
2023-09-20,DIRR3,19.55
2023-09-20,EGIE3,43.41
2023-09-20,ELET3,36.12
2023-09-20,EMBR3,17.92
2023-09-20,ENEV3,12.16
2023-09-20,ENGI11,50.03
2023-09-20,EQTL3,33.54
2023-09-20,FLRY3,14.88
2023-09-20,GGBR4,24.97
2023-09-20,GOAU4,11.64
2023-09-20,HAPV3,4.43
2023-09-20,HYPE3,37.79
2023-09-20,IGTI11,21.01
2023-09-20,ITSA4,9.39
2023-09-20,ITUB4,27.62
2023-09-20,KLBN11,24.06
2023-09-20,LREN3,14.66
2023-09-20,MGLU3,2.52
2023-09-20,MRFG3,7.29
2023-09-20,MRVE3,11.38
2023-09-20,MULT3,25.18
2023-09-20,NTCO3,15.93
2023-09-20,PETR3,37.41
2023-09-20,PETR4,34.29
2023-09-20,POMO4,6.04
2023-09-20,PRIO3,48.71
2023-09-20,PSSA3,27.28
2023-09-20,RADL3,27.18
2023-09-20,RAIL3,23.88
2023-09-20,RDOR3,27.49
2023-09-20,RENT3,59.75
2023-09-20,SANB11,26.56
2023-09-20,SBSP3,60.46
2023-09-20,SMFT3,21.18
2023-09-20,SUZB3,54.89
2023-09-20,TAEE11,35.09
2023-09-20,TEND3,13.38
2023-09-20,TIMS3,15.35
2023-09-20,TOTS3,27.01
2023-09-20,UGPA3,18.96
2023-09-20,USIM5,6.76
2023-09-20,VALE3,69.31
2023-09-20,VAMO3,10.25
2023-09-20,VBBR3,19.38
2023-09-20,VIVA3,27.41
2023-09-20,VIVT3,44.8
2023-09-20,WEGE3,35.79
2023-09-20,YDUQ3,20.18
2023-09-21,ABEV3,13.24
2023-09-21,ASAI3,11.79
2023-09-21,AURE3,13.81
2023-09-21,B3SA3,12.59
2023-09-21,BBAS3,46.61
2023-09-21,BBDC3,12.5
2023-09-21,BBDC4,14.26
2023-09-21,BBSE3,31.76
2023-09-21,BEEF3,8.27
2023-09-21,BPAC11,30.83
2023-09-21,BRAP4,22.68
2023-09-21,CCRO3,12.59
2023-09-21,CEAB3,5.19
2023-09-21,CMIG4,12.95
2023-09-21,CMIN3,4.62
2023-09-21,COGN3,2.64
2023-09-21,CPFE3,35.73
2023-09-21,CPLE3,8.46
2023-09-21,CSAN3,18.03
2023-09-21,CSMG3,18.18
2023-09-21,CSNA3,12.23
2023-09-21,CURY3,16.22
2023-09-21,CXSE3,11.42
2023-09-21,CYRE3,21.41
2023-09-21,DIRR3,18.65
2023-09-21,EGIE3,42.96
2023-09-21,ELET3,34.95
2023-09-21,EMBR3,17.56
2023-09-21,ENEV3,11.88
2023-09-21,ENGI11,49.31
2023-09-21,EQTL3,33.15
2023-09-21,FLRY3,14.93
2023-09-21,GGBR4,24.39
2023-09-21,GOAU4,11.3
2023-09-21,HAPV3,4.26
2023-09-21,HYPE3,37.25
2023-09-21,IGTI11,20.3
2023-09-21,ITSA4,9.2
2023-09-21,ITUB4,26.99
2023-09-21,KLBN11,24.18
2023-09-21,LREN3,13.95
2023-09-21,MGLU3,2.35
2023-09-21,MRFG3,7.14
2023-09-21,MRVE3,10.83
2023-09-21,MULT3,24.69
2023-09-21,NTCO3,16.24
2023-09-21,PETR3,36.87
2023-09-21,PETR4,33.76
2023-09-21,POMO4,5.86
2023-09-21,PRIO3,46.44
2023-09-21,PSSA3,27.16
2023-09-21,RADL3,26.86
2023-09-21,RAIL3,23.48
2023-09-21,RDOR3,26.5
2023-09-21,RENT3,58.51
2023-09-21,SANB11,26.09
2023-09-21,SBSP3,61.69
2023-09-21,SMFT3,20.6
2023-09-21,SUZB3,56.01
2023-09-21,TAEE11,34.98
2023-09-21,TEND3,12.84
2023-09-21,TIMS3,15.15
2023-09-21,TOTS3,26.34
2023-09-21,UGPA3,18.72
2023-09-21,USIM5,6.58
2023-09-21,VALE3,67.5
2023-09-21,VAMO3,10.1
2023-09-21,VBBR3,19.54
2023-09-21,VIVA3,26.88
2023-09-21,VIVT3,44.31
2023-09-21,WEGE3,34.98
2023-09-21,YDUQ3,19.63
2023-09-22,ABEV3,13.12
2023-09-22,ASAI3,11.46
2023-09-22,AURE3,13.81
2023-09-22,B3SA3,12.33
2023-09-22,BBAS3,46.69
2023-09-22,BBDC3,12.51
2023-09-22,BBDC4,14.15
2023-09-22,BBSE3,31.74
2023-09-22,BEEF3,8.24
2023-09-22,BPAC11,31.02
2023-09-22,BRAP4,22.72
2023-09-22,CCRO3,12.59
2023-09-22,CEAB3,5.1
2023-09-22,CMIG4,12.89
2023-09-22,CMIN3,4.68
2023-09-22,COGN3,2.64
2023-09-22,CPFE3,35.69
2023-09-22,CPLE3,8.5
2023-09-22,CSAN3,17.97
2023-09-22,CSMG3,17.4
2023-09-22,CSNA3,12.1
2023-09-22,CURY3,16.2
2023-09-22,CXSE3,11.17
2023-09-22,CYRE3,20.85
2023-09-22,DIRR3,18.13
2023-09-22,EGIE3,42.89
2023-09-22,ELET3,35.26
2023-09-22,EMBR3,17.55
2023-09-22,ENEV3,11.71
2023-09-22,ENGI11,48.9
2023-09-22,EQTL3,32.88
2023-09-22,FLRY3,14.88
2023-09-22,GGBR4,24.26
2023-09-22,GOAU4,11.22
2023-09-22,HAPV3,4.28
2023-09-22,HYPE3,37.1
2023-09-22,IGTI11,20.36
2023-09-22,ITSA4,9.01
2023-09-22,ITUB4,26.92
2023-09-22,KLBN11,24.03
2023-09-22,LREN3,13.89
2023-09-22,MGLU3,2.24
2023-09-22,MRFG3,7.04
2023-09-22,MRVE3,10.68
2023-09-22,MULT3,24.92
2023-09-22,NTCO3,15.72
2023-09-22,PETR3,37.14
2023-09-22,PETR4,34.03
2023-09-22,POMO4,5.97
2023-09-22,PRIO3,46.76
2023-09-22,PSSA3,27.04
2023-09-22,RADL3,27.43
2023-09-22,RAIL3,23.43
2023-09-22,RDOR3,26.42
2023-09-22,RENT3,58.15
2023-09-22,SANB11,26.08
2023-09-22,SBSP3,61.34
2023-09-22,SMFT3,20.38
2023-09-22,SUZB3,55.38
2023-09-22,TAEE11,34.93
2023-09-22,TEND3,12.27
2023-09-22,TIMS3,15.08
2023-09-22,TOTS3,26.42
2023-09-22,UGPA3,18.63
2023-09-22,USIM5,6.59
2023-09-22,VALE3,68.0
2023-09-22,VAMO3,9.7
2023-09-22,VBBR3,18.73
2023-09-22,VIVA3,26.73
2023-09-22,VIVT3,43.78
2023-09-22,WEGE3,34.59
2023-09-22,YDUQ3,19.31
2023-09-25,ABEV3,13.22
2023-09-25,ASAI3,11.39
2023-09-25,AURE3,13.64
2023-09-25,B3SA3,12.34
2023-09-25,BBAS3,46.42
2023-09-25,BBDC3,12.45
2023-09-25,BBDC4,14.11
2023-09-25,BBSE3,32.03
2023-09-25,BEEF3,8.16
2023-09-25,BPAC11,30.9
2023-09-25,BRAP4,22.25
2023-09-25,CCRO3,12.71
2023-09-25,CEAB3,5.02
2023-09-25,CMIG4,12.94
2023-09-25,CMIN3,4.62
2023-09-25,COGN3,2.62
2023-09-25,CPFE3,35.64
2023-09-25,CPLE3,8.58
2023-09-25,CSAN3,17.74
2023-09-25,CSMG3,17.54
2023-09-25,CSNA3,12.05
2023-09-25,CURY3,15.11
2023-09-25,CXSE3,11.37
2023-09-25,CYRE3,20.58
2023-09-25,DIRR3,17.79
2023-09-25,EGIE3,42.58
2023-09-25,ELET3,35.87
2023-09-25,EMBR3,17.1
2023-09-25,ENEV3,11.8
2023-09-25,ENGI11,48.88
2023-09-25,EQTL3,32.75
2023-09-25,FLRY3,15.16
2023-09-25,GGBR4,24.4
2023-09-25,GOAU4,11.27
2023-09-25,HAPV3,4.38
2023-09-25,HYPE3,37.5
2023-09-25,IGTI11,20.37
2023-09-25,ITSA4,9.06
2023-09-25,ITUB4,27.0
2023-09-25,KLBN11,23.95
2023-09-25,LREN3,13.8
2023-09-25,MGLU3,2.15
2023-09-25,MRFG3,6.98
2023-09-25,MRVE3,10.38
2023-09-25,MULT3,24.64
2023-09-25,NTCO3,15.51
2023-09-25,PETR3,37.38
2023-09-25,PETR4,34.25
2023-09-25,POMO4,5.87
2023-09-25,PRIO3,46.98
2023-09-25,PSSA3,27.14
2023-09-25,RADL3,27.06
2023-09-25,RAIL3,23.39
2023-09-25,RDOR3,26.35
2023-09-25,RENT3,57.87
2023-09-25,SANB11,26.05
2023-09-25,SBSP3,61.35
2023-09-25,SMFT3,20.41
2023-09-25,SUZB3,55.21
2023-09-25,TAEE11,34.73
2023-09-25,TEND3,11.85
2023-09-25,TIMS3,15.21
2023-09-25,TOTS3,26.94
2023-09-25,UGPA3,18.63
2023-09-25,USIM5,6.5
2023-09-25,VALE3,66.6
2023-09-25,VAMO3,9.73
2023-09-25,VBBR3,18.78
2023-09-25,VIVA3,26.8
2023-09-25,VIVT3,44.0
2023-09-25,WEGE3,36.13
2023-09-25,YDUQ3,19.04
2023-09-26,ABEV3,13.04
2023-09-26,ASAI3,11.29
2023-09-26,AURE3,13.67
2023-09-26,B3SA3,12.07
2023-09-26,BBAS3,45.76
2023-09-26,BBDC3,12.27
2023-09-26,BBDC4,13.96
2023-09-26,BBSE3,31.83
2023-09-26,BEEF3,8.14
2023-09-26,BPAC11,30.21
2023-09-26,BRAP4,22.02
2023-09-26,CCRO3,12.49
2023-09-26,CEAB3,4.9
2023-09-26,CMIG4,12.48
2023-09-26,CMIN3,4.56
2023-09-26,COGN3,2.57
2023-09-26,CPFE3,34.94
2023-09-26,CPLE3,8.43
2023-09-26,CSAN3,17.28
2023-09-26,CSMG3,17.28
2023-09-26,CSNA3,12.0
2023-09-26,CURY3,14.9
2023-09-26,CXSE3,11.15
2023-09-26,CYRE3,20.02
2023-09-26,DIRR3,17.87
2023-09-26,EGIE3,41.88
2023-09-26,ELET3,36.2
2023-09-26,EMBR3,17.12
2023-09-26,ENEV3,11.72
2023-09-26,ENGI11,47.38
2023-09-26,EQTL3,32.39
2023-09-26,FLRY3,14.95
2023-09-26,GGBR4,24.43
2023-09-26,GOAU4,11.18
2023-09-26,HAPV3,4.26
2023-09-26,HYPE3,37.03
2023-09-26,IGTI11,19.66
2023-09-26,ITSA4,8.91
2023-09-26,ITUB4,26.6
2023-09-26,KLBN11,23.66
2023-09-26,LREN3,13.16
2023-09-26,MGLU3,2.1
2023-09-26,MRFG3,7.0
2023-09-26,MRVE3,10.02
2023-09-26,MULT3,23.96
2023-09-26,NTCO3,15.59
2023-09-26,PETR3,36.35
2023-09-26,PETR4,33.46
2023-09-26,POMO4,5.62
2023-09-26,PRIO3,46.93
2023-09-26,PSSA3,26.81
2023-09-26,RADL3,26.91
2023-09-26,RAIL3,22.85
2023-09-26,RDOR3,25.55
2023-09-26,RENT3,57.34
2023-09-26,SANB11,25.86
2023-09-26,SBSP3,60.01
2023-09-26,SMFT3,19.8
2023-09-26,SUZB3,54.36
2023-09-26,TAEE11,34.47
2023-09-26,TEND3,11.65
2023-09-26,TIMS3,15.06
2023-09-26,TOTS3,26.41
2023-09-26,UGPA3,18.1
2023-09-26,USIM5,6.47
2023-09-26,VALE3,65.56
2023-09-26,VAMO3,9.61
2023-09-26,VBBR3,18.35
2023-09-26,VIVA3,25.96
2023-09-26,VIVT3,43.91
2023-09-26,WEGE3,36.08
2023-09-26,YDUQ3,19.0
2023-09-27,ABEV3,12.97
2023-09-27,ASAI3,11.58
2023-09-27,AURE3,13.69
2023-09-27,B3SA3,12.03
2023-09-27,BBAS3,46.16
2023-09-27,BBDC3,12.27
2023-09-27,BBDC4,13.92
2023-09-27,BBSE3,31.47
2023-09-27,BEEF3,8.15
2023-09-27,BPAC11,29.89
2023-09-27,BRAP4,21.91
2023-09-27,CCRO3,12.48
2023-09-27,CEAB3,4.99
2023-09-27,CMIG4,12.37
2023-09-27,CMIN3,4.6
2023-09-27,COGN3,2.54
2023-09-27,CPFE3,34.33
2023-09-27,CPLE3,8.21
2023-09-27,CSAN3,16.84
2023-09-27,CSMG3,16.86
2023-09-27,CSNA3,11.93
2023-09-27,CURY3,15.09
2023-09-27,CXSE3,11.0
2023-09-27,CYRE3,19.9
2023-09-27,DIRR3,18.0
2023-09-27,EGIE3,41.05
2023-09-27,ELET3,35.4
2023-09-27,EMBR3,16.95
2023-09-27,ENEV3,11.84
2023-09-27,ENGI11,46.83
2023-09-27,EQTL3,31.9
2023-09-27,FLRY3,14.92
2023-09-27,GGBR4,24.45
2023-09-27,GOAU4,11.28
2023-09-27,HAPV3,4.31
2023-09-27,HYPE3,36.57
2023-09-27,IGTI11,19.63
2023-09-27,ITSA4,8.87
2023-09-27,ITUB4,26.55
2023-09-27,KLBN11,23.8
2023-09-27,LREN3,12.9
2023-09-27,MGLU3,2.04
2023-09-27,MRFG3,7.06
2023-09-27,MRVE3,9.99
2023-09-27,MULT3,23.89
2023-09-27,NTCO3,15.33
2023-09-27,PETR3,37.7
2023-09-27,PETR4,34.52
2023-09-27,POMO4,5.8
2023-09-27,PRIO3,48.3
2023-09-27,PSSA3,26.5
2023-09-27,RADL3,27.1
2023-09-27,RAIL3,22.3
2023-09-27,RDOR3,24.92
2023-09-27,RENT3,56.59
2023-09-27,SANB11,25.57
2023-09-27,SBSP3,58.94
2023-09-27,SMFT3,20.05
2023-09-27,SUZB3,54.07
2023-09-27,TAEE11,34.39
2023-09-27,TEND3,12.0
2023-09-27,TIMS3,14.93
2023-09-27,TOTS3,26.45
2023-09-27,UGPA3,18.3
2023-09-27,USIM5,6.52
2023-09-27,VALE3,65.7
2023-09-27,VAMO3,9.48
2023-09-27,VBBR3,18.46
2023-09-27,VIVA3,25.93
2023-09-27,VIVT3,43.2
2023-09-27,WEGE3,36.02
2023-09-27,YDUQ3,18.87
2023-09-28,ABEV3,12.98
2023-09-28,ASAI3,12.2
2023-09-28,AURE3,13.61
2023-09-28,B3SA3,12.21
2023-09-28,BBAS3,47.64
2023-09-28,BBDC3,12.54
2023-09-28,BBDC4,14.25
2023-09-28,BBSE3,31.7
2023-09-28,BEEF3,8.15
2023-09-28,BPAC11,30.72
2023-09-28,BRAP4,22.33
2023-09-28,CCRO3,12.81
2023-09-28,CEAB3,5.25
2023-09-28,CMIG4,12.4
2023-09-28,CMIN3,4.68
2023-09-28,COGN3,2.63
2023-09-28,CPFE3,34.16
2023-09-28,CPLE3,8.35
2023-09-28,CSAN3,16.89
2023-09-28,CSMG3,17.05
2023-09-28,CSNA3,12.03
2023-09-28,CURY3,16.05
2023-09-28,CXSE3,11.27
2023-09-28,CYRE3,20.1
2023-09-28,DIRR3,18.92
2023-09-28,EGIE3,41.39
2023-09-28,ELET3,36.29
2023-09-28,EMBR3,17.15
2023-09-28,ENEV3,12.09
2023-09-28,ENGI11,47.25
2023-09-28,EQTL3,32.14
2023-09-28,FLRY3,15.13
2023-09-28,GGBR4,24.3
2023-09-28,GOAU4,11.25
2023-09-28,HAPV3,4.47
2023-09-28,HYPE3,36.43
2023-09-28,IGTI11,19.97
2023-09-28,ITSA4,9.02
2023-09-28,ITUB4,27.25
2023-09-28,KLBN11,23.61
2023-09-28,LREN3,13.42
2023-09-28,MGLU3,2.05
2023-09-28,MRFG3,7.08
2023-09-28,MRVE3,10.28
2023-09-28,MULT3,24.15
2023-09-28,NTCO3,14.89
2023-09-28,PETR3,37.51
2023-09-28,PETR4,34.45
2023-09-28,POMO4,5.75
2023-09-28,PRIO3,47.24
2023-09-28,PSSA3,26.83
2023-09-28,RADL3,27.41
2023-09-28,RAIL3,22.78
2023-09-28,RDOR3,24.94
2023-09-28,RENT3,57.12
2023-09-28,SANB11,26.01
2023-09-28,SBSP3,59.26
2023-09-28,SMFT3,20.82
2023-09-28,SUZB3,53.83
2023-09-28,TAEE11,34.55
2023-09-28,TEND3,12.39
2023-09-28,TIMS3,14.93
2023-09-28,TOTS3,26.75
2023-09-28,UGPA3,18.59
2023-09-28,USIM5,6.58
2023-09-28,VALE3,66.7
2023-09-28,VAMO3,9.68
2023-09-28,VBBR3,18.84
2023-09-28,VIVA3,26.47
2023-09-28,VIVT3,43.33
2023-09-28,WEGE3,36.39
2023-09-28,YDUQ3,19.6
2023-09-29,ABEV3,13.11
2023-09-29,ASAI3,12.16
2023-09-29,AURE3,13.73
2023-09-29,B3SA3,12.29
2023-09-29,BBAS3,47.18
2023-09-29,BBDC3,12.66
2023-09-29,BBDC4,14.3
2023-09-29,BBSE3,31.21
2023-09-29,BEEF3,8.09
2023-09-29,BPAC11,31.07
2023-09-29,BRAP4,22.72
2023-09-29,CCRO3,12.89
2023-09-29,CEAB3,5.5
2023-09-29,CMIG4,12.41
2023-09-29,CMIN3,4.85
2023-09-29,COGN3,2.66
2023-09-29,CPFE3,33.61
2023-09-29,CPLE3,8.41
2023-09-29,CSAN3,17.14
2023-09-29,CSMG3,17.31
2023-09-29,CSNA3,12.14
2023-09-29,CURY3,16.26
2023-09-29,CXSE3,11.16
2023-09-29,CYRE3,20.27
2023-09-29,DIRR3,19.18
2023-09-29,EGIE3,41.43
2023-09-29,ELET3,36.89
2023-09-29,EMBR3,17.22
2023-09-29,ENEV3,12.06
2023-09-29,ENGI11,46.75
2023-09-29,EQTL3,32.06
2023-09-29,FLRY3,15.15
2023-09-29,GGBR4,24.13
2023-09-29,GOAU4,11.15
2023-09-29,HAPV3,4.7
2023-09-29,HYPE3,37.14
2023-09-29,IGTI11,20.25
2023-09-29,ITSA4,9.05
2023-09-29,ITUB4,27.21
2023-09-29,KLBN11,23.81
2023-09-29,LREN3,13.4
2023-09-29,MGLU3,2.12
2023-09-29,MRFG3,7.13
2023-09-29,MRVE3,10.67
2023-09-29,MULT3,24.57
2023-09-29,NTCO3,14.56
2023-09-29,PETR3,37.89
2023-09-29,PETR4,34.64
2023-09-29,POMO4,5.82
2023-09-29,PRIO3,47.04
2023-09-29,PSSA3,26.29
2023-09-29,RADL3,27.62
2023-09-29,RAIL3,22.82
2023-09-29,RDOR3,25.41
2023-09-29,RENT3,58.56
2023-09-29,SANB11,26.05
2023-09-29,SBSP3,61.03
2023-09-29,SMFT3,21.5
2023-09-29,SUZB3,54.28
2023-09-29,TAEE11,34.56
2023-09-29,TEND3,13.13
2023-09-29,TIMS3,14.89
2023-09-29,TOTS3,27.0
2023-09-29,UGPA3,18.75
2023-09-29,USIM5,6.64
2023-09-29,VALE3,67.58
2023-09-29,VAMO3,9.75
2023-09-29,VBBR3,18.92
2023-09-29,VIVA3,26.86
2023-09-29,VIVT3,43.18
2023-09-29,WEGE3,36.27
2023-09-29,YDUQ3,19.87
2023-10-02,ABEV3,13.09
2023-10-02,ASAI3,12.0
2023-10-02,AURE3,13.73
2023-10-02,B3SA3,12.0
2023-10-02,BBAS3,47.05
2023-10-02,BBDC3,12.46
2023-10-02,BBDC4,14.1
2023-10-02,BBSE3,31.94
2023-10-02,BEEF3,8.23
2023-10-02,BPAC11,30.63
2023-10-02,BRAP4,22.46
2023-10-02,CCRO3,12.63
2023-10-02,CEAB3,5.12
2023-10-02,CMIG4,12.37
2023-10-02,CMIN3,4.79
2023-10-02,COGN3,2.6
2023-10-02,CPFE3,33.78
2023-10-02,CPLE3,8.1
2023-10-02,CSAN3,16.44
2023-10-02,CSMG3,17.09
2023-10-02,CSNA3,12.02
2023-10-02,CURY3,16.15
2023-10-02,CXSE3,11.14
2023-10-02,CYRE3,19.94
2023-10-02,DIRR3,18.92
2023-10-02,EGIE3,41.03
2023-10-02,ELET3,36.22
2023-10-02,EMBR3,17.15
2023-10-02,ENEV3,11.86
2023-10-02,ENGI11,46.0
2023-10-02,EQTL3,31.83
2023-10-02,FLRY3,15.66
2023-10-02,GGBR4,23.78
2023-10-02,GOAU4,11.05
2023-10-02,HAPV3,4.57
2023-10-02,HYPE3,36.11
2023-10-02,IGTI11,19.8
2023-10-02,ITSA4,8.9
2023-10-02,ITUB4,26.94
2023-10-02,KLBN11,23.86
2023-10-02,LREN3,12.85
2023-10-02,MGLU3,2.01
2023-10-02,MRFG3,7.18
2023-10-02,MRVE3,9.97
2023-10-02,MULT3,24.34
2023-10-02,NTCO3,14.14
2023-10-02,PETR3,37.17
2023-10-02,PETR4,34.12
2023-10-02,POMO4,5.76
2023-10-02,PRIO3,45.4
2023-10-02,PSSA3,26.19
2023-10-02,RADL3,27.38
2023-10-02,RAIL3,22.44
2023-10-02,RDOR3,24.89
2023-10-02,RENT3,56.5
2023-10-02,SANB11,25.92
2023-10-02,SBSP3,60.5
2023-10-02,SMFT3,21.49
2023-10-02,SUZB3,54.22
2023-10-02,TAEE11,34.5
2023-10-02,TEND3,12.91
2023-10-02,TIMS3,14.9
2023-10-02,TOTS3,27.19
2023-10-02,UGPA3,18.29
2023-10-02,USIM5,6.57
2023-10-02,VALE3,66.99
2023-10-02,VAMO3,8.93
2023-10-02,VBBR3,18.76
2023-10-02,VIVA3,26.6
2023-10-02,VIVT3,43.72
2023-10-02,WEGE3,36.15
2023-10-02,YDUQ3,19.87
2023-10-03,ABEV3,13.05
2023-10-03,ASAI3,11.49
2023-10-03,AURE3,13.64
2023-10-03,B3SA3,11.49
2023-10-03,BBAS3,46.45
2023-10-03,BBDC3,12.26
2023-10-03,BBDC4,13.91
2023-10-03,BBSE3,32.02
2023-10-03,BEEF3,8.13
2023-10-03,BPAC11,30.08
2023-10-03,BRAP4,22.23
2023-10-03,CCRO3,12.2
2023-10-03,CEAB3,4.71
2023-10-03,CMIG4,12.09
2023-10-03,CMIN3,4.74
2023-10-03,COGN3,2.54
2023-10-03,CPFE3,33.33
2023-10-03,CPLE3,7.96
2023-10-03,CSAN3,16.15
2023-10-03,CSMG3,16.62
2023-10-03,CSNA3,11.8
2023-10-03,CURY3,15.72
2023-10-03,CXSE3,11.24
2023-10-03,CYRE3,19.15
2023-10-03,DIRR3,18.14
2023-10-03,EGIE3,40.64
2023-10-03,ELET3,35.3
2023-10-03,EMBR3,16.92
2023-10-03,ENEV3,11.26
2023-10-03,ENGI11,44.86
2023-10-03,EQTL3,31.55
2023-10-03,FLRY3,16.0
2023-10-03,GGBR4,23.29
2023-10-03,GOAU4,10.8
2023-10-03,HAPV3,4.32
2023-10-03,HYPE3,35.12
2023-10-03,IGTI11,19.43
2023-10-03,ITSA4,8.81
2023-10-03,ITUB4,26.6
2023-10-03,KLBN11,24.0
2023-10-03,LREN3,12.53
2023-10-03,MGLU3,1.84
2023-10-03,MRFG3,7.09
2023-10-03,MRVE3,9.44
2023-10-03,MULT3,23.69
2023-10-03,NTCO3,14.56
2023-10-03,PETR3,36.73
2023-10-03,PETR4,33.97
2023-10-03,POMO4,5.56
2023-10-03,PRIO3,45.17
2023-10-03,PSSA3,26.09
2023-10-03,RADL3,27.12
2023-10-03,RAIL3,21.67
2023-10-03,RDOR3,24.21
2023-10-03,RENT3,55.1
2023-10-03,SANB11,25.7
2023-10-03,SBSP3,60.1
2023-10-03,SMFT3,20.6
2023-10-03,SUZB3,55.28
2023-10-03,TAEE11,33.83
2023-10-03,TEND3,12.52
2023-10-03,TIMS3,14.77
2023-10-03,TOTS3,26.26
2023-10-03,UGPA3,18.27
2023-10-03,USIM5,6.49
2023-10-03,VALE3,66.58
2023-10-03,VAMO3,8.66
2023-10-03,VBBR3,18.6
2023-10-03,VIVA3,26.02
2023-10-03,VIVT3,43.74
2023-10-03,WEGE3,35.17
2023-10-03,YDUQ3,19.45
2023-10-04,ABEV3,13.21
2023-10-04,ASAI3,11.63
2023-10-04,AURE3,13.6
2023-10-04,B3SA3,11.86
2023-10-04,BBAS3,46.8
2023-10-04,BBDC3,12.6
2023-10-04,BBDC4,14.38
2023-10-04,BBSE3,32.2
2023-10-04,BEEF3,8.15
2023-10-04,BPAC11,30.83
2023-10-04,BRAP4,21.8
2023-10-04,CCRO3,12.23
2023-10-04,CEAB3,5.09
2023-10-04,CMIG4,12.21
2023-10-04,CMIN3,4.66
2023-10-04,COGN3,2.6
2023-10-04,CPFE3,33.52
2023-10-04,CPLE3,7.88
2023-10-04,CSAN3,16.29
2023-10-04,CSMG3,16.93
2023-10-04,CSNA3,11.56
2023-10-04,CURY3,15.73
2023-10-04,CXSE3,11.16
2023-10-04,CYRE3,19.69
2023-10-04,DIRR3,18.34
2023-10-04,EGIE3,40.96
2023-10-04,ELET3,35.4
2023-10-04,EMBR3,16.71
2023-10-04,ENEV3,11.38
2023-10-04,ENGI11,45.05
2023-10-04,EQTL3,31.43
2023-10-04,FLRY3,15.85
2023-10-04,GGBR4,23.0
2023-10-04,GOAU4,10.66
2023-10-04,HAPV3,4.37
2023-10-04,HYPE3,35.65
2023-10-04,IGTI11,19.99
2023-10-04,ITSA4,8.89
2023-10-04,ITUB4,27.21
2023-10-04,KLBN11,23.88
2023-10-04,LREN3,12.93
2023-10-04,MGLU3,1.89
2023-10-04,MRFG3,6.9
2023-10-04,MRVE3,9.43
2023-10-04,MULT3,24.1
2023-10-04,NTCO3,14.75
2023-10-04,PETR3,35.62
2023-10-04,PETR4,32.62
2023-10-04,POMO4,5.73
2023-10-04,PRIO3,43.9
2023-10-04,PSSA3,26.29
2023-10-04,RADL3,27.7
2023-10-04,RAIL3,21.72
2023-10-04,RDOR3,24.54
2023-10-04,RENT3,55.54
2023-10-04,SANB11,26.06
2023-10-04,SBSP3,60.84
2023-10-04,SMFT3,21.15
2023-10-04,SUZB3,55.0
2023-10-04,TAEE11,34.25
2023-10-04,TEND3,12.64
2023-10-04,TIMS3,14.92
2023-10-04,TOTS3,26.8
2023-10-04,UGPA3,18.45
2023-10-04,USIM5,6.42
2023-10-04,VALE3,65.87
2023-10-04,VAMO3,8.75
2023-10-04,VBBR3,19.03
2023-10-04,VIVA3,27.31
2023-10-04,VIVT3,44.21
2023-10-04,WEGE3,35.16
2023-10-04,YDUQ3,20.93
2023-10-05,ABEV3,12.89
2023-10-05,ASAI3,11.63
2023-10-05,AURE3,13.56
2023-10-05,B3SA3,11.73
2023-10-05,BBAS3,46.94
2023-10-05,BBDC3,12.63
2023-10-05,BBDC4,14.44
2023-10-05,BBSE3,31.94
2023-10-05,BEEF3,8.07
2023-10-05,BPAC11,30.81
2023-10-05,BRAP4,21.87
2023-10-05,CCRO3,12.24
2023-10-05,CEAB3,4.95
2023-10-05,CMIG4,12.2
2023-10-05,CMIN3,4.67
2023-10-05,COGN3,2.58
2023-10-05,CPFE3,33.48
2023-10-05,CPLE3,7.76
2023-10-05,CSAN3,15.96
2023-10-05,CSMG3,16.96
2023-10-05,CSNA3,11.46
2023-10-05,CURY3,15.35
2023-10-05,CXSE3,11.24
2023-10-05,CYRE3,19.2
2023-10-05,DIRR3,17.45
2023-10-05,EGIE3,40.73
2023-10-05,ELET3,34.92
2023-10-05,EMBR3,16.67
2023-10-05,ENEV3,11.32
2023-10-05,ENGI11,44.27
2023-10-05,EQTL3,31.33
2023-10-05,FLRY3,15.7
2023-10-05,GGBR4,22.67
2023-10-05,GOAU4,10.53
2023-10-05,HAPV3,4.16
2023-10-05,HYPE3,35.53
2023-10-05,IGTI11,19.94
2023-10-05,ITSA4,8.92
2023-10-05,ITUB4,27.64
2023-10-05,KLBN11,23.53
2023-10-05,LREN3,12.73
2023-10-05,MGLU3,1.81
2023-10-05,MRFG3,6.86
2023-10-05,MRVE3,9.09
2023-10-05,MULT3,24.08
2023-10-05,NTCO3,14.55
2023-10-05,PETR3,35.48
2023-10-05,PETR4,32.73
2023-10-05,POMO4,5.65
2023-10-05,PRIO3,43.71
2023-10-05,PSSA3,26.46
2023-10-05,RADL3,27.61
2023-10-05,RAIL3,21.58
2023-10-05,RDOR3,24.27
2023-10-05,RENT3,55.5
2023-10-05,SANB11,26.68
2023-10-05,SBSP3,60.5
2023-10-05,SMFT3,20.89
2023-10-05,SUZB3,55.26
2023-10-05,TAEE11,34.24
2023-10-05,TEND3,11.5
2023-10-05,TIMS3,15.18
2023-10-05,TOTS3,26.64
2023-10-05,UGPA3,18.3
2023-10-05,USIM5,6.34
2023-10-05,VALE3,65.9
2023-10-05,VAMO3,8.69
2023-10-05,VBBR3,18.91
2023-10-05,VIVA3,27.04
2023-10-05,VIVT3,44.72
2023-10-05,WEGE3,34.98
2023-10-05,YDUQ3,20.9
2023-10-06,ABEV3,13.19
2023-10-06,ASAI3,11.75
2023-10-06,AURE3,13.49
2023-10-06,B3SA3,11.84
2023-10-06,BBAS3,48.85
2023-10-06,BBDC3,12.64
2023-10-06,BBDC4,14.47
2023-10-06,BBSE3,32.07
2023-10-06,BEEF3,8.13
2023-10-06,BPAC11,30.93
2023-10-06,BRAP4,21.99
2023-10-06,CCRO3,12.24
2023-10-06,CEAB3,5.06
2023-10-06,CMIG4,12.12
2023-10-06,CMIN3,4.66
2023-10-06,COGN3,2.49
2023-10-06,CPFE3,33.3
2023-10-06,CPLE3,7.8
2023-10-06,CSAN3,15.85
2023-10-06,CSMG3,16.99
2023-10-06,CSNA3,11.51
2023-10-06,CURY3,15.2
2023-10-06,CXSE3,11.24
2023-10-06,CYRE3,18.91
2023-10-06,DIRR3,17.59
2023-10-06,EGIE3,40.66
2023-10-06,ELET3,34.8
2023-10-06,EMBR3,16.72
2023-10-06,ENEV3,11.2
2023-10-06,ENGI11,43.93
2023-10-06,EQTL3,31.13
2023-10-06,FLRY3,15.54
2023-10-06,GGBR4,22.67
2023-10-06,GOAU4,10.51
2023-10-06,HAPV3,4.04
2023-10-06,HYPE3,35.18
2023-10-06,IGTI11,19.95
2023-10-06,ITSA4,8.99
2023-10-06,ITUB4,27.9
2023-10-06,KLBN11,23.5
2023-10-06,LREN3,12.59
2023-10-06,MGLU3,1.78
2023-10-06,MRFG3,6.86
2023-10-06,MRVE3,9.0
2023-10-06,MULT3,24.41
2023-10-06,NTCO3,14.34
2023-10-06,PETR3,36.37
2023-10-06,PETR4,33.51
2023-10-06,POMO4,5.63
2023-10-06,PRIO3,44.54
2023-10-06,PSSA3,26.51
2023-10-06,RADL3,27.93
2023-10-06,RAIL3,21.79
2023-10-06,RDOR3,24.24
2023-10-06,RENT3,54.56
2023-10-06,SANB11,27.19
2023-10-06,SBSP3,60.19
2023-10-06,SMFT3,20.65
2023-10-06,SUZB3,56.2
2023-10-06,TAEE11,34.14
2023-10-06,TEND3,10.95
2023-10-06,TIMS3,15.15
2023-10-06,TOTS3,26.51
2023-10-06,UGPA3,18.51
2023-10-06,USIM5,6.33
2023-10-06,VALE3,66.86
2023-10-06,VAMO3,8.45
2023-10-06,VBBR3,19.05
2023-10-06,VIVA3,27.18
2023-10-06,VIVT3,44.84
2023-10-06,WEGE3,34.8
2023-10-06,YDUQ3,19.3
2023-10-09,ABEV3,13.17
2023-10-09,ASAI3,11.56
2023-10-09,AURE3,13.76
2023-10-09,B3SA3,11.78
2023-10-09,BBAS3,48.59
2023-10-09,BBDC3,12.64
2023-10-09,BBDC4,14.34
2023-10-09,BBSE3,31.88
2023-10-09,BEEF3,8.1
2023-10-09,BPAC11,30.69
2023-10-09,BRAP4,22.01
2023-10-09,CCRO3,12.54
2023-10-09,CEAB3,4.98
2023-10-09,CMIG4,12.37
2023-10-09,CMIN3,4.66
2023-10-09,COGN3,2.51
2023-10-09,CPFE3,33.64
2023-10-09,CPLE3,7.87
2023-10-09,CSAN3,16.23
2023-10-09,CSMG3,17.28
2023-10-09,CSNA3,11.4
2023-10-09,CURY3,15.31
2023-10-09,CXSE3,11.23
2023-10-09,CYRE3,19.07
2023-10-09,DIRR3,18.03
2023-10-09,EGIE3,41.08
2023-10-09,ELET3,35.45
2023-10-09,EMBR3,16.8
2023-10-09,ENEV3,11.45
2023-10-09,ENGI11,44.4
2023-10-09,EQTL3,31.43
2023-10-09,FLRY3,15.57
2023-10-09,GGBR4,22.53
2023-10-09,GOAU4,10.46
2023-10-09,HAPV3,4.08
2023-10-09,HYPE3,35.37
2023-10-09,IGTI11,20.36
2023-10-09,ITSA4,8.89
2023-10-09,ITUB4,27.66
2023-10-09,KLBN11,23.52
2023-10-09,LREN3,12.68
2023-10-09,MGLU3,1.86
2023-10-09,MRFG3,6.87
2023-10-09,MRVE3,9.28
2023-10-09,MULT3,24.95
2023-10-09,NTCO3,14.28
2023-10-09,PETR3,37.86
2023-10-09,PETR4,34.95
2023-10-09,POMO4,5.7
2023-10-09,PRIO3,48.45
2023-10-09,PSSA3,26.42
2023-10-09,RADL3,27.74
2023-10-09,RAIL3,22.07
2023-10-09,RDOR3,24.5
2023-10-09,RENT3,54.7
2023-10-09,SANB11,27.43
2023-10-09,SBSP3,61.25
2023-10-09,SMFT3,21.2
2023-10-09,SUZB3,56.7
2023-10-09,TAEE11,33.97
2023-10-09,TEND3,11.33
2023-10-09,TIMS3,15.22
2023-10-09,TOTS3,27.0
2023-10-09,UGPA3,18.96
2023-10-09,USIM5,6.26
2023-10-09,VALE3,66.38
2023-10-09,VAMO3,8.72
2023-10-09,VBBR3,19.43
2023-10-09,VIVA3,27.61
2023-10-09,VIVT3,45.44
2023-10-09,WEGE3,34.85
2023-10-09,YDUQ3,19.64
2023-10-10,ABEV3,13.25
2023-10-10,ASAI3,12.11
2023-10-10,AURE3,13.96
2023-10-10,B3SA3,12.05
2023-10-10,BBAS3,48.51
2023-10-10,BBDC3,12.74
2023-10-10,BBDC4,14.5
2023-10-10,BBSE3,31.63
2023-10-10,BEEF3,8.16
2023-10-10,BPAC11,31.09
2023-10-10,BRAP4,22.05
2023-10-10,CCRO3,12.76
2023-10-10,CEAB3,5.28
2023-10-10,CMIG4,12.49
2023-10-10,CMIN3,4.73
2023-10-10,COGN3,2.62
2023-10-10,CPFE3,34.11
2023-10-10,CPLE3,8.07
2023-10-10,CSAN3,16.64
2023-10-10,CSMG3,17.35
2023-10-10,CSNA3,11.62
2023-10-10,CURY3,15.9
2023-10-10,CXSE3,11.27
2023-10-10,CYRE3,19.73
2023-10-10,DIRR3,18.57
2023-10-10,EGIE3,41.58
2023-10-10,ELET3,36.27
2023-10-10,EMBR3,17.39
2023-10-10,ENEV3,11.71
2023-10-10,ENGI11,45.35
2023-10-10,EQTL3,32.28
2023-10-10,FLRY3,15.95
2023-10-10,GGBR4,22.59
2023-10-10,GOAU4,10.5
2023-10-10,HAPV3,4.26
2023-10-10,HYPE3,36.17
2023-10-10,IGTI11,20.86
2023-10-10,ITSA4,9.01
2023-10-10,ITUB4,27.63
2023-10-10,KLBN11,23.33
2023-10-10,LREN3,13.0
2023-10-10,MGLU3,1.99
2023-10-10,MRFG3,7.05
2023-10-10,MRVE3,9.48
2023-10-10,MULT3,25.44
2023-10-10,NTCO3,15.0
2023-10-10,PETR3,38.25
2023-10-10,PETR4,35.21
2023-10-10,POMO4,5.64
2023-10-10,PRIO3,48.25
2023-10-10,PSSA3,26.27
2023-10-10,RADL3,28.11
2023-10-10,RAIL3,22.93
2023-10-10,RDOR3,25.15
2023-10-10,RENT3,56.07
2023-10-10,SANB11,27.76
2023-10-10,SBSP3,62.48
2023-10-10,SMFT3,22.03
2023-10-10,SUZB3,56.45
2023-10-10,TAEE11,34.16
2023-10-10,TEND3,11.64
2023-10-10,TIMS3,15.3
2023-10-10,TOTS3,27.5
2023-10-10,UGPA3,19.53
2023-10-10,USIM5,6.3
2023-10-10,VALE3,66.78
2023-10-10,VAMO3,9.16
2023-10-10,VBBR3,20.3
2023-10-10,VIVA3,28.14
2023-10-10,VIVT3,46.08
2023-10-10,WEGE3,35.3
2023-10-10,YDUQ3,20.84
2023-10-11,ABEV3,13.29
2023-10-11,ASAI3,12.17
2023-10-11,AURE3,13.97
2023-10-11,B3SA3,12.03
2023-10-11,BBAS3,48.97
2023-10-11,BBDC3,12.86
2023-10-11,BBDC4,14.71
2023-10-11,BBSE3,31.75
2023-10-11,BEEF3,8.13
2023-10-11,BPAC11,31.89
2023-10-11,BRAP4,22.31
2023-10-11,CCRO3,12.72
2023-10-11,CEAB3,5.29
2023-10-11,CMIG4,12.52
2023-10-11,CMIN3,4.82
2023-10-11,COGN3,2.62
2023-10-11,CPFE3,34.29
2023-10-11,CPLE3,8.06
2023-10-11,CSAN3,16.63
2023-10-11,CSMG3,17.34
2023-10-11,CSNA3,11.77
2023-10-11,CURY3,15.34
2023-10-11,CXSE3,11.4
2023-10-11,CYRE3,19.71
2023-10-11,DIRR3,18.02
2023-10-11,EGIE3,41.53
2023-10-11,ELET3,36.53
2023-10-11,EMBR3,17.47
2023-10-11,ENEV3,11.64
2023-10-11,ENGI11,45.51
2023-10-11,EQTL3,31.94
2023-10-11,FLRY3,15.95
2023-10-11,GGBR4,22.52
2023-10-11,GOAU4,10.52
2023-10-11,HAPV3,4.23
2023-10-11,HYPE3,35.91
2023-10-11,IGTI11,21.21
2023-10-11,ITSA4,9.15
2023-10-11,ITUB4,27.98
2023-10-11,KLBN11,23.24
2023-10-11,LREN3,13.1
2023-10-11,MGLU3,1.91
2023-10-11,MRFG3,7.01
2023-10-11,MRVE3,9.43
2023-10-11,MULT3,25.53
2023-10-11,NTCO3,14.84
2023-10-11,PETR3,38.12
2023-10-11,PETR4,35.12
2023-10-11,POMO4,5.45
2023-10-11,PRIO3,47.6
2023-10-11,PSSA3,26.2
2023-10-11,RADL3,28.03
2023-10-11,RAIL3,23.07
2023-10-11,RDOR3,24.31
2023-10-11,RENT3,55.59
2023-10-11,SANB11,27.98
2023-10-11,SBSP3,62.17
2023-10-11,SMFT3,22.1
2023-10-11,SUZB3,56.65
2023-10-11,TAEE11,34.02
2023-10-11,TEND3,11.09
2023-10-11,TIMS3,15.22
2023-10-11,TOTS3,27.48
2023-10-11,UGPA3,19.78
2023-10-11,USIM5,6.34
2023-10-11,VALE3,67.36
2023-10-11,VAMO3,8.97
2023-10-11,VBBR3,20.16
2023-10-11,VIVA3,27.72
2023-10-11,VIVT3,46.46
2023-10-11,WEGE3,35.17
2023-10-11,YDUQ3,20.39
2023-10-13,ABEV3,12.98
2023-10-13,ASAI3,11.62
2023-10-13,AURE3,13.89
2023-10-13,B3SA3,11.6
2023-10-13,BBAS3,48.82
2023-10-13,BBDC3,12.67
2023-10-13,BBDC4,14.49
2023-10-13,BBSE3,31.3
2023-10-13,BEEF3,7.93
2023-10-13,BPAC11,30.96
2023-10-13,BRAP4,21.82
2023-10-13,CCRO3,12.26
2023-10-13,CEAB3,5.0
2023-10-13,CMIG4,12.15
2023-10-13,CMIN3,4.83
2023-10-13,COGN3,2.5
2023-10-13,CPFE3,33.19
2023-10-13,CPLE3,7.89
2023-10-13,CSAN3,16.12
2023-10-13,CSMG3,17.16
2023-10-13,CSNA3,11.64
2023-10-13,CURY3,15.08
2023-10-13,CXSE3,11.35
2023-10-13,CYRE3,18.93
2023-10-13,DIRR3,17.45
2023-10-13,EGIE3,40.83
2023-10-13,ELET3,35.37
2023-10-13,EMBR3,17.01
2023-10-13,ENEV3,11.33
2023-10-13,ENGI11,43.82
2023-10-13,EQTL3,30.77
2023-10-13,FLRY3,15.45
2023-10-13,GGBR4,22.33
2023-10-13,GOAU4,10.39
2023-10-13,HAPV3,4.02
2023-10-13,HYPE3,34.04
2023-10-13,IGTI11,20.94
2023-10-13,ITSA4,8.94
2023-10-13,ITUB4,27.69
2023-10-13,KLBN11,23.58
2023-10-13,LREN3,12.69
2023-10-13,MGLU3,1.82
2023-10-13,MRFG3,6.85
2023-10-13,MRVE3,9.04
2023-10-13,MULT3,25.26
2023-10-13,NTCO3,13.8
2023-10-13,PETR3,39.32
2023-10-13,PETR4,36.28
2023-10-13,POMO4,5.28
2023-10-13,PRIO3,50.0
2023-10-13,PSSA3,25.83
2023-10-13,RADL3,27.75
2023-10-13,RAIL3,22.5
2023-10-13,RDOR3,22.86
2023-10-13,RENT3,53.79
2023-10-13,SANB11,27.48
2023-10-13,SBSP3,61.28
2023-10-13,SMFT3,20.35
2023-10-13,SUZB3,58.56
2023-10-13,TAEE11,33.5
2023-10-13,TEND3,10.81
2023-10-13,TIMS3,15.22
2023-10-13,TOTS3,26.76
2023-10-13,UGPA3,19.85
2023-10-13,USIM5,6.26
2023-10-13,VALE3,66.59
2023-10-13,VAMO3,8.55
2023-10-13,VBBR3,19.89
2023-10-13,VIVA3,27.05
2023-10-13,VIVT3,46.18
2023-10-13,WEGE3,34.54
2023-10-13,YDUQ3,19.62
2023-10-16,ABEV3,13.01
2023-10-16,ASAI3,11.77
2023-10-16,AURE3,13.84
2023-10-16,B3SA3,11.74
2023-10-16,BBAS3,49.81
2023-10-16,BBDC3,12.81
2023-10-16,BBDC4,14.64
2023-10-16,BBSE3,31.69
2023-10-16,BEEF3,7.91
2023-10-16,BPAC11,30.83
2023-10-16,BRAP4,22.07
2023-10-16,CCRO3,12.23
2023-10-16,CEAB3,5.12
2023-10-16,CMIG4,12.23
2023-10-16,CMIN3,4.92
2023-10-16,COGN3,2.52
2023-10-16,CPFE3,33.2
2023-10-16,CPLE3,7.87
2023-10-16,CSAN3,15.96
2023-10-16,CSMG3,17.25
2023-10-16,CSNA3,11.66
2023-10-16,CURY3,15.1
2023-10-16,CXSE3,11.29
2023-10-16,CYRE3,19.1
2023-10-16,DIRR3,17.9
2023-10-16,EGIE3,41.15
2023-10-16,ELET3,35.61
2023-10-16,EMBR3,17.59
2023-10-16,ENEV3,11.11
2023-10-16,ENGI11,44.08
2023-10-16,EQTL3,30.88
2023-10-16,FLRY3,15.59
2023-10-16,GGBR4,22.54
2023-10-16,GOAU4,10.51
2023-10-16,HAPV3,4.0
2023-10-16,HYPE3,34.6
2023-10-16,IGTI11,20.9
2023-10-16,ITSA4,9.03
2023-10-16,ITUB4,27.73
2023-10-16,KLBN11,23.57
2023-10-16,LREN3,12.96
2023-10-16,MGLU3,1.79
2023-10-16,MRFG3,6.92
2023-10-16,MRVE3,9.29
2023-10-16,MULT3,25.26
2023-10-16,NTCO3,13.42
2023-10-16,PETR3,39.71
2023-10-16,PETR4,36.68
2023-10-16,POMO4,5.48
2023-10-16,PRIO3,49.8
2023-10-16,PSSA3,25.95
2023-10-16,RADL3,27.84
2023-10-16,RAIL3,22.56
2023-10-16,RDOR3,23.3
2023-10-16,RENT3,53.35
2023-10-16,SANB11,27.4
2023-10-16,SBSP3,62.81
2023-10-16,SMFT3,20.28
2023-10-16,SUZB3,57.37
2023-10-16,TAEE11,33.78
2023-10-16,TEND3,11.06
2023-10-16,TIMS3,15.52
2023-10-16,TOTS3,26.88
2023-10-16,UGPA3,20.21
2023-10-16,USIM5,6.27
2023-10-16,VALE3,67.3
2023-10-16,VAMO3,8.55
2023-10-16,VBBR3,19.89
2023-10-16,VIVA3,27.13
2023-10-16,VIVT3,46.54
2023-10-16,WEGE3,34.65
2023-10-16,YDUQ3,20.02
2023-10-17,ABEV3,12.8
2023-10-17,ASAI3,11.57
2023-10-17,AURE3,13.81
2023-10-17,B3SA3,11.27
2023-10-17,BBAS3,49.36
2023-10-17,BBDC3,12.67
2023-10-17,BBDC4,14.49
2023-10-17,BBSE3,31.61
2023-10-17,BEEF3,7.8
2023-10-17,BPAC11,30.24
2023-10-17,BRAP4,22.13
2023-10-17,CCRO3,12.05
2023-10-17,CEAB3,5.1
2023-10-17,CMIG4,12.01
2023-10-17,CMIN3,4.93
2023-10-17,COGN3,2.42
2023-10-17,CPFE3,32.69
2023-10-17,CPLE3,7.74
2023-10-17,CSAN3,15.81
2023-10-17,CSMG3,16.66
2023-10-17,CSNA3,11.65
2023-10-17,CURY3,14.65
2023-10-17,CXSE3,11.22
2023-10-17,CYRE3,18.68
2023-10-17,DIRR3,17.49
2023-10-17,EGIE3,40.72
2023-10-17,ELET3,34.91
2023-10-17,EMBR3,17.69
2023-10-17,ENEV3,10.86
2023-10-17,ENGI11,43.69
2023-10-17,EQTL3,30.62
2023-10-17,FLRY3,15.4
2023-10-17,GGBR4,22.33
2023-10-17,GOAU4,10.42
2023-10-17,HAPV3,3.93
2023-10-17,HYPE3,33.95
2023-10-17,IGTI11,20.4
2023-10-17,ITSA4,8.84
2023-10-17,ITUB4,27.32
2023-10-17,KLBN11,23.65
2023-10-17,LREN3,12.81
2023-10-17,MGLU3,1.69
2023-10-17,MRFG3,6.65
2023-10-17,MRVE3,9.23
2023-10-17,MULT3,24.72
2023-10-17,NTCO3,13.25
2023-10-17,PETR3,40.61
2023-10-17,PETR4,37.67
2023-10-17,POMO4,5.64
2023-10-17,PRIO3,50.2
2023-10-17,PSSA3,25.77
2023-10-17,RADL3,27.66
2023-10-17,RAIL3,21.91
2023-10-17,RDOR3,23.03
2023-10-17,RENT3,52.99
2023-10-17,SANB11,26.77
2023-10-17,SBSP3,61.27
2023-10-17,SMFT3,19.9
2023-10-17,SUZB3,57.47
2023-10-17,TAEE11,33.46
2023-10-17,TEND3,11.25
2023-10-17,TIMS3,15.39
2023-10-17,TOTS3,26.72
2023-10-17,UGPA3,19.82
2023-10-17,USIM5,6.2
2023-10-17,VALE3,67.85
2023-10-17,VAMO3,8.64
2023-10-17,VBBR3,19.65
2023-10-17,VIVA3,26.59
2023-10-17,VIVT3,45.73
2023-10-17,WEGE3,34.28
2023-10-17,YDUQ3,19.19
2023-10-18,ABEV3,12.53
2023-10-18,ASAI3,10.82
2023-10-18,AURE3,13.47
2023-10-18,B3SA3,11.13
2023-10-18,BBAS3,49.12
2023-10-18,BBDC3,12.53
2023-10-18,BBDC4,14.36
2023-10-18,BBSE3,31.89
2023-10-18,BEEF3,7.71
2023-10-18,BPAC11,29.37
2023-10-18,BRAP4,21.58
2023-10-18,CCRO3,11.8
2023-10-18,CEAB3,4.92
2023-10-18,CMIG4,11.68
2023-10-18,CMIN3,4.77
2023-10-18,COGN3,2.39
2023-10-18,CPFE3,32.09
2023-10-18,CPLE3,7.53
2023-10-18,CSAN3,15.52
2023-10-18,CSMG3,16.26
2023-10-18,CSNA3,11.3
2023-10-18,CURY3,14.29
2023-10-18,CXSE3,11.06
2023-10-18,CYRE3,18.03
2023-10-18,DIRR3,16.7
2023-10-18,EGIE3,40.14
2023-10-18,ELET3,33.77
2023-10-18,EMBR3,17.83
2023-10-18,ENEV3,10.78
2023-10-18,ENGI11,43.69
2023-10-18,EQTL3,30.07
2023-10-18,FLRY3,15.03
2023-10-18,GGBR4,21.66
2023-10-18,GOAU4,10.1
2023-10-18,HAPV3,3.8
2023-10-18,HYPE3,33.89
2023-10-18,IGTI11,19.23
2023-10-18,ITSA4,8.75
2023-10-18,ITUB4,26.75
2023-10-18,KLBN11,23.19
2023-10-18,LREN3,12.24
2023-10-18,MGLU3,1.73
2023-10-18,MRFG3,6.55
2023-10-18,MRVE3,8.3
2023-10-18,MULT3,23.81
2023-10-18,NTCO3,12.55
2023-10-18,PETR3,41.56
2023-10-18,PETR4,38.52
2023-10-18,POMO4,5.38
2023-10-18,PRIO3,50.2
2023-10-18,PSSA3,25.45
2023-10-18,RADL3,26.3
2023-10-18,RAIL3,21.3
2023-10-18,RDOR3,22.64
2023-10-18,RENT3,51.07
2023-10-18,SANB11,26.51
2023-10-18,SBSP3,59.51
2023-10-18,SMFT3,19.36
2023-10-18,SUZB3,56.08
2023-10-18,TAEE11,33.6
2023-10-18,TEND3,10.57
2023-10-18,TIMS3,15.4
2023-10-18,TOTS3,26.06
2023-10-18,UGPA3,19.76
2023-10-18,USIM5,6.18
2023-10-18,VALE3,65.36
2023-10-18,VAMO3,8.1
2023-10-18,VBBR3,19.08
2023-10-18,VIVA3,25.81
2023-10-18,VIVT3,45.84
2023-10-18,WEGE3,34.29
2023-10-18,YDUQ3,18.51
2023-10-19,ABEV3,12.52
2023-10-19,ASAI3,10.99
2023-10-19,AURE3,13.48
2023-10-19,B3SA3,11.0
2023-10-19,BBAS3,49.5
2023-10-19,BBDC3,12.61
2023-10-19,BBDC4,14.43
2023-10-19,BBSE3,31.86
2023-10-19,BEEF3,7.46
2023-10-19,BPAC11,29.26
2023-10-19,BRAP4,21.27
2023-10-19,CCRO3,11.9
2023-10-19,CEAB3,4.97
2023-10-19,CMIG4,11.78
2023-10-19,CMIN3,4.78
2023-10-19,COGN3,2.39
2023-10-19,CPFE3,33.0
2023-10-19,CPLE3,7.7
2023-10-19,CSAN3,15.64
2023-10-19,CSMG3,16.27
2023-10-19,CSNA3,11.25
2023-10-19,CURY3,14.47
2023-10-19,CXSE3,11.38
2023-10-19,CYRE3,18.26
2023-10-19,DIRR3,16.75
2023-10-19,EGIE3,40.61
2023-10-19,ELET3,33.81
2023-10-19,EMBR3,17.83
2023-10-19,ENEV3,10.9
2023-10-19,ENGI11,45.12
2023-10-19,EQTL3,30.65
2023-10-19,FLRY3,15.12
2023-10-19,GGBR4,21.63
2023-10-19,GOAU4,10.15
2023-10-19,HAPV3,3.82
2023-10-19,HYPE3,33.82
2023-10-19,IGTI11,19.16
2023-10-19,ITSA4,8.8
2023-10-19,ITUB4,27.06
2023-10-19,KLBN11,23.17
2023-10-19,LREN3,12.34
2023-10-19,MGLU3,1.61
2023-10-19,MRFG3,6.34
2023-10-19,MRVE3,8.24
2023-10-19,MULT3,24.21
2023-10-19,NTCO3,12.5
2023-10-19,PETR3,41.26
2023-10-19,PETR4,38.34
2023-10-19,POMO4,5.3
2023-10-19,PRIO3,50.03
2023-10-19,PSSA3,25.48
2023-10-19,RADL3,26.4
2023-10-19,RAIL3,21.67
2023-10-19,RDOR3,23.1
2023-10-19,RENT3,51.07
2023-10-19,SANB11,26.81
2023-10-19,SBSP3,60.39
2023-10-19,SMFT3,19.31
2023-10-19,SUZB3,55.98
2023-10-19,TAEE11,33.77
2023-10-19,TEND3,10.53
2023-10-19,TIMS3,15.42
2023-10-19,TOTS3,26.14
2023-10-19,UGPA3,19.74
2023-10-19,USIM5,6.1
2023-10-19,VALE3,64.42
2023-10-19,VAMO3,7.99
2023-10-19,VBBR3,19.32
2023-10-19,VIVA3,25.77
2023-10-19,VIVT3,45.78
2023-10-19,WEGE3,33.94
2023-10-19,YDUQ3,18.65
2023-10-20,ABEV3,12.49
2023-10-20,ASAI3,11.08
2023-10-20,AURE3,13.59
2023-10-20,B3SA3,11.15
2023-10-20,BBAS3,49.34
2023-10-20,BBDC3,12.45
2023-10-20,BBDC4,14.16
2023-10-20,BBSE3,31.44
2023-10-20,BEEF3,7.43
2023-10-20,BPAC11,29.23
2023-10-20,BRAP4,20.65
2023-10-20,CCRO3,11.78
2023-10-20,CEAB3,4.96
2023-10-20,CMIG4,11.81
2023-10-20,CMIN3,4.7
2023-10-20,COGN3,2.39
2023-10-20,CPFE3,32.85
2023-10-20,CPLE3,7.69
2023-10-20,CSAN3,15.51
2023-10-20,CSMG3,16.14
2023-10-20,CSNA3,10.88
2023-10-20,CURY3,14.21
2023-10-20,CXSE3,11.48
2023-10-20,CYRE3,18.28
2023-10-20,DIRR3,16.71
2023-10-20,EGIE3,40.62
2023-10-20,ELET3,34.11
2023-10-20,EMBR3,17.75
2023-10-20,ENEV3,11.0
2023-10-20,ENGI11,45.24
2023-10-20,EQTL3,31.0
2023-10-20,FLRY3,15.18
2023-10-20,GGBR4,21.45
2023-10-20,GOAU4,10.03
2023-10-20,HAPV3,3.87
2023-10-20,HYPE3,33.74
2023-10-20,IGTI11,19.19
2023-10-20,ITSA4,8.74
2023-10-20,ITUB4,26.96
2023-10-20,KLBN11,22.58
2023-10-20,LREN3,12.22
2023-10-20,MGLU3,1.54
2023-10-20,MRFG3,6.32
2023-10-20,MRVE3,8.14
2023-10-20,MULT3,24.24
2023-10-20,NTCO3,12.87
2023-10-20,PETR3,40.81
2023-10-20,PETR4,37.85
2023-10-20,POMO4,5.3
2023-10-20,PRIO3,49.7
2023-10-20,PSSA3,25.4
2023-10-20,RADL3,26.06
2023-10-20,RAIL3,21.57
2023-10-20,RDOR3,23.37
2023-10-20,RENT3,51.0
2023-10-20,SANB11,26.21
2023-10-20,SBSP3,59.44
2023-10-20,SMFT3,19.3
2023-10-20,SUZB3,54.9
2023-10-20,TAEE11,33.76
2023-10-20,TEND3,10.4
2023-10-20,TIMS3,15.19
2023-10-20,TOTS3,25.73
2023-10-20,UGPA3,19.81
2023-10-20,USIM5,5.95
2023-10-20,VALE3,62.68
2023-10-20,VAMO3,8.03
2023-10-20,VBBR3,19.57
2023-10-20,VIVA3,25.9
2023-10-20,VIVT3,45.14
2023-10-20,WEGE3,33.81
2023-10-20,YDUQ3,18.29
2023-10-23,ABEV3,12.48
2023-10-23,ASAI3,11.52
2023-10-23,AURE3,13.54
2023-10-23,B3SA3,11.31
2023-10-23,BBAS3,49.27
2023-10-23,BBDC3,12.46
2023-10-23,BBDC4,14.18
2023-10-23,BBSE3,31.36
2023-10-23,BEEF3,7.38
2023-10-23,BPAC11,30.36
2023-10-23,BRAP4,20.69
2023-10-23,CCRO3,12.21
2023-10-23,CEAB3,5.06
2023-10-23,CMIG4,11.91
2023-10-23,CMIN3,4.8
2023-10-23,COGN3,2.49
2023-10-23,CPFE3,32.85
2023-10-23,CPLE3,7.89
2023-10-23,CSAN3,15.67
2023-10-23,CSMG3,16.39
2023-10-23,CSNA3,10.95
2023-10-23,CURY3,14.8
2023-10-23,CXSE3,11.48
2023-10-23,CYRE3,18.51
2023-10-23,DIRR3,17.05
2023-10-23,EGIE3,40.81
2023-10-23,ELET3,34.18
2023-10-23,EMBR3,17.9
2023-10-23,ENEV3,11.19
2023-10-23,ENGI11,45.49
2023-10-23,EQTL3,31.45
2023-10-23,FLRY3,15.56
2023-10-23,GGBR4,21.76
2023-10-23,GOAU4,10.21
2023-10-23,HAPV3,4.0
2023-10-23,HYPE3,33.85
2023-10-23,IGTI11,20.0
2023-10-23,ITSA4,8.73
2023-10-23,ITUB4,26.99
2023-10-23,KLBN11,22.43
2023-10-23,LREN3,12.4
2023-10-23,MGLU3,1.51
2023-10-23,MRFG3,6.36
2023-10-23,MRVE3,8.57
2023-10-23,MULT3,24.92
2023-10-23,NTCO3,12.95
2023-10-23,PETR3,38.35
2023-10-23,PETR4,35.35
2023-10-23,POMO4,5.46
2023-10-23,PRIO3,48.84
2023-10-23,PSSA3,25.3
2023-10-23,RADL3,26.5
2023-10-23,RAIL3,22.43
2023-10-23,RDOR3,23.91
2023-10-23,RENT3,51.72
2023-10-23,SANB11,26.79
2023-10-23,SBSP3,61.14
2023-10-23,SMFT3,19.56
2023-10-23,SUZB3,54.4
2023-10-23,TAEE11,33.89
2023-10-23,TEND3,10.96
2023-10-23,TIMS3,15.17
2023-10-23,TOTS3,25.75
2023-10-23,UGPA3,19.73
2023-10-23,USIM5,5.93
2023-10-23,VALE3,62.56
2023-10-23,VAMO3,8.13
2023-10-23,VBBR3,19.65
2023-10-23,VIVA3,26.73
2023-10-23,VIVT3,45.08
2023-10-23,WEGE3,33.9
2023-10-23,YDUQ3,18.44
2023-10-24,ABEV3,12.52
2023-10-24,ASAI3,11.38
2023-10-24,AURE3,13.44
2023-10-24,B3SA3,11.6
2023-10-24,BBAS3,49.04
2023-10-24,BBDC3,12.49
2023-10-24,BBDC4,14.18
2023-10-24,BBSE3,31.4
2023-10-24,BEEF3,7.51
2023-10-24,BPAC11,30.86
2023-10-24,BRAP4,21.17
2023-10-24,CCRO3,12.24
2023-10-24,CEAB3,5.14
2023-10-24,CMIG4,11.93
2023-10-24,CMIN3,4.93
2023-10-24,COGN3,2.53
2023-10-24,CPFE3,32.8
2023-10-24,CPLE3,7.93
2023-10-24,CSAN3,16.18
2023-10-24,CSMG3,16.45
2023-10-24,CSNA3,11.13
2023-10-24,CURY3,15.03
2023-10-24,CXSE3,11.59
2023-10-24,CYRE3,18.68
2023-10-24,DIRR3,17.23
2023-10-24,EGIE3,40.55
2023-10-24,ELET3,34.61
2023-10-24,EMBR3,17.79
2023-10-24,ENEV3,11.23
2023-10-24,ENGI11,45.48
2023-10-24,EQTL3,31.69
2023-10-24,FLRY3,15.65
2023-10-24,GGBR4,21.55
2023-10-24,GOAU4,10.1
2023-10-24,HAPV3,4.08
2023-10-24,HYPE3,34.03
2023-10-24,IGTI11,20.59
2023-10-24,ITSA4,8.78
2023-10-24,ITUB4,26.99
2023-10-24,KLBN11,22.13
2023-10-24,LREN3,12.38
2023-10-24,MGLU3,1.41
2023-10-24,MRFG3,6.43
2023-10-24,MRVE3,8.66
2023-10-24,MULT3,25.59
2023-10-24,NTCO3,13.43
2023-10-24,PETR3,38.94
2023-10-24,PETR4,35.88
2023-10-24,POMO4,5.22
2023-10-24,PRIO3,48.85
2023-10-24,PSSA3,25.52
2023-10-24,RADL3,26.37
2023-10-24,RAIL3,22.23
2023-10-24,RDOR3,23.55
2023-10-24,RENT3,52.61
2023-10-24,SANB11,27.47
2023-10-24,SBSP3,60.71
2023-10-24,SMFT3,19.94
2023-10-24,SUZB3,52.51
2023-10-24,TAEE11,33.89
2023-10-24,TEND3,11.02
2023-10-24,TIMS3,15.25
2023-10-24,TOTS3,25.6
2023-10-24,UGPA3,19.9
2023-10-24,USIM5,5.97
2023-10-24,VALE3,63.99
2023-10-24,VAMO3,8.02
2023-10-24,VBBR3,19.9
2023-10-24,VIVA3,27.04
2023-10-24,VIVT3,45.82
2023-10-24,WEGE3,35.01
2023-10-24,YDUQ3,18.55
2023-10-25,ABEV3,12.44
2023-10-25,ALOS3,23.15
2023-10-25,ASAI3,11.03
2023-10-25,AURE3,13.32
2023-10-25,B3SA3,11.54
2023-10-25,BBAS3,49.05
2023-10-25,BBDC3,12.41
2023-10-25,BBDC4,14.14
2023-10-25,BBSE3,31.27
2023-10-25,BEEF3,7.37
2023-10-25,BPAC11,30.85
2023-10-25,BRAP4,20.92
2023-10-25,CCRO3,12.01
2023-10-25,CEAB3,5.0
2023-10-25,CMIG4,11.85
2023-10-25,CMIN3,4.84
2023-10-25,COGN3,2.48
2023-10-25,CPFE3,32.82
2023-10-25,CPLE3,7.88
2023-10-25,CSAN3,15.99
2023-10-25,CSMG3,16.37
2023-10-25,CSNA3,11.04
2023-10-25,CURY3,14.67
2023-10-25,CXSE3,10.96
2023-10-25,CYRE3,18.41
2023-10-25,DIRR3,17.0
2023-10-25,EGIE3,40.23
2023-10-25,ELET3,34.23
2023-10-25,EMBR3,17.65
2023-10-25,ENEV3,11.04
2023-10-25,ENGI11,45.65
2023-10-25,EQTL3,31.62
2023-10-25,FLRY3,15.45
2023-10-25,GGBR4,21.47
2023-10-25,GOAU4,10.07
2023-10-25,HAPV3,3.87
2023-10-25,HYPE3,33.19
2023-10-25,IGTI11,20.26
2023-10-25,ITSA4,8.71
2023-10-25,ITUB4,27.04
2023-10-25,KLBN11,22.15
2023-10-25,LREN3,12.35
2023-10-25,MGLU3,1.44
2023-10-25,MRFG3,6.35
2023-10-25,MRVE3,8.24
2023-10-25,MULT3,25.13
2023-10-25,NTCO3,12.75
2023-10-25,PETR3,39.05
2023-10-25,PETR4,36.07
2023-10-25,POMO4,5.15
2023-10-25,PRIO3,48.36
2023-10-25,PSSA3,25.97
2023-10-25,RADL3,25.91
2023-10-25,RAIL3,22.05
2023-10-25,RDOR3,22.29
2023-10-25,RENT3,51.36
2023-10-25,SANB11,26.99
2023-10-25,SBSP3,60.07
2023-10-25,SMFT3,19.35
2023-10-25,SUZB3,52.6
2023-10-25,TAEE11,33.81
2023-10-25,TEND3,10.67
2023-10-25,TIMS3,15.19
2023-10-25,TOTS3,25.5
2023-10-25,UGPA3,20.17
2023-10-25,USIM5,5.87
2023-10-25,VALE3,63.93
2023-10-25,VAMO3,7.68
2023-10-25,VBBR3,19.97
2023-10-25,VIVA3,25.84
2023-10-25,VIVT3,45.49
2023-10-25,WEGE3,31.47
2023-10-25,YDUQ3,18.29
2023-10-26,ABEV3,12.63
2023-10-26,ALOS3,23.6
2023-10-26,ASAI3,11.7
2023-10-26,AURE3,13.49
2023-10-26,B3SA3,11.73
2023-10-26,BBAS3,50.07
2023-10-26,BBDC3,12.7
2023-10-26,BBDC4,14.5
2023-10-26,BBSE3,31.33
2023-10-26,BEEF3,7.6
2023-10-26,BPAC11,31.12
2023-10-26,BRAP4,21.41
2023-10-26,CCRO3,12.27
2023-10-26,CEAB3,5.23
2023-10-26,CMIG4,12.16
2023-10-26,CMIN3,4.93
2023-10-26,COGN3,2.54
2023-10-26,CPFE3,33.78
2023-10-26,CPLE3,8.01
2023-10-26,CSAN3,16.34
2023-10-26,CSMG3,16.63
2023-10-26,CSNA3,11.29
2023-10-26,CURY3,15.57
2023-10-26,CXSE3,10.95
2023-10-26,CYRE3,19.04
2023-10-26,DIRR3,17.72
2023-10-26,EGIE3,40.38
2023-10-26,ELET3,35.12
2023-10-26,EMBR3,17.95
2023-10-26,ENEV3,11.31
2023-10-26,ENGI11,47.6
2023-10-26,EQTL3,32.71
2023-10-26,FLRY3,15.49
2023-10-26,GGBR4,21.81
2023-10-26,GOAU4,10.24
2023-10-26,HAPV3,3.91
2023-10-26,HYPE3,34.19
2023-10-26,IGTI11,20.59
2023-10-26,ITSA4,8.9
2023-10-26,ITUB4,27.71
2023-10-26,KLBN11,22.2
2023-10-26,LREN3,12.68
2023-10-26,MGLU3,1.47
2023-10-26,MRFG3,6.51
2023-10-26,MRVE3,8.67
2023-10-26,MULT3,25.74
2023-10-26,NTCO3,13.1
2023-10-26,PETR3,38.76
2023-10-26,PETR4,35.7
2023-10-26,POMO4,5.4
2023-10-26,PRIO3,48.0
2023-10-26,PSSA3,25.74
2023-10-26,RADL3,26.24
2023-10-26,RAIL3,22.77
2023-10-26,RDOR3,22.89
2023-10-26,RENT3,52.24
2023-10-26,SANB11,27.76
2023-10-26,SBSP3,60.98
2023-10-26,SMFT3,20.08
2023-10-26,SUZB3,52.71
2023-10-26,TAEE11,34.31
2023-10-26,TEND3,11.71
2023-10-26,TIMS3,15.37
2023-10-26,TOTS3,26.4
2023-10-26,UGPA3,21.0
2023-10-26,USIM5,5.98
2023-10-26,VALE3,65.3
2023-10-26,VAMO3,8.03
2023-10-26,VBBR3,20.68
2023-10-26,VIVA3,26.17
2023-10-26,VIVT3,46.04
2023-10-26,WEGE3,32.66
2023-10-26,YDUQ3,18.78
2023-10-27,ABEV3,12.29
2023-10-27,ALOS3,23.13
2023-10-27,ASAI3,11.13
2023-10-27,AURE3,13.26
2023-10-27,B3SA3,11.2
2023-10-27,BBAS3,48.8
2023-10-27,BBDC3,12.49
2023-10-27,BBDC4,14.35
2023-10-27,BBSE3,30.95
2023-10-27,BEEF3,7.61
2023-10-27,BPAC11,30.24
2023-10-27,BRAP4,21.89
2023-10-27,CCRO3,11.81
2023-10-27,CEAB3,5.2
2023-10-27,CMIG4,11.93
2023-10-27,CMIN3,4.95
2023-10-27,COGN3,2.45
2023-10-27,CPFE3,33.47
2023-10-27,CPLE3,7.96
2023-10-27,CSAN3,16.0
2023-10-27,CSMG3,15.89
2023-10-27,CSNA3,11.37
2023-10-27,CURY3,15.21
2023-10-27,CXSE3,10.95
2023-10-27,CYRE3,18.2
2023-10-27,DIRR3,17.8
2023-10-27,EGIE3,39.96
2023-10-27,ELET3,34.35
2023-10-27,EMBR3,17.37
2023-10-27,ENEV3,10.99
2023-10-27,ENGI11,46.85
2023-10-27,EQTL3,31.92
2023-10-27,FLRY3,15.12
2023-10-27,GGBR4,21.84
2023-10-27,GOAU4,10.24
2023-10-27,HAPV3,3.74
2023-10-27,HYPE3,31.37
2023-10-27,IGTI11,20.18
2023-10-27,ITSA4,8.73
2023-10-27,ITUB4,27.3
2023-10-27,KLBN11,22.0
2023-10-27,LREN3,12.21
2023-10-27,MGLU3,1.46
2023-10-27,MRFG3,6.38
2023-10-27,MRVE3,8.33
2023-10-27,MULT3,25.14
2023-10-27,NTCO3,12.49
2023-10-27,PETR3,38.48
2023-10-27,PETR4,35.44
2023-10-27,POMO4,5.33
2023-10-27,PRIO3,47.77
2023-10-27,PSSA3,25.26
2023-10-27,RADL3,25.64
2023-10-27,RAIL3,22.1
2023-10-27,RDOR3,22.15
2023-10-27,RENT3,50.44
2023-10-27,SANB11,27.06
2023-10-27,SBSP3,59.56
2023-10-27,SMFT3,19.01
2023-10-27,SUZB3,51.92
2023-10-27,TAEE11,33.96
2023-10-27,TEND3,11.45
2023-10-27,TIMS3,14.95
2023-10-27,TOTS3,25.56
2023-10-27,UGPA3,20.47
2023-10-27,USIM5,6.23
2023-10-27,VALE3,67.57
2023-10-27,VAMO3,7.68
2023-10-27,VBBR3,20.08
2023-10-27,VIVA3,25.3
2023-10-27,VIVT3,44.73
2023-10-27,WEGE3,31.63
2023-10-27,YDUQ3,18.4
2023-10-30,ABEV3,12.36
2023-10-30,ALOS3,22.81
2023-10-30,ASAI3,10.96
2023-10-30,AURE3,13.28
2023-10-30,B3SA3,11.08
2023-10-30,BBAS3,48.46
2023-10-30,BBDC3,12.39
2023-10-30,BBDC4,14.19
2023-10-30,BBSE3,30.55
2023-10-30,BEEF3,7.55
2023-10-30,BPAC11,29.56
2023-10-30,BRAP4,22.18
2023-10-30,CCRO3,12.11
2023-10-30,CEAB3,4.94
2023-10-30,CMIG4,11.77
2023-10-30,CMIN3,5.07
2023-10-30,COGN3,2.38
2023-10-30,CPFE3,33.05
2023-10-30,CPLE3,7.79
2023-10-30,CSAN3,15.65
2023-10-30,CSMG3,15.88
2023-10-30,CSNA3,11.5
2023-10-30,CURY3,14.77
2023-10-30,CXSE3,10.9
2023-10-30,CYRE3,17.84
2023-10-30,DIRR3,17.37
2023-10-30,EGIE3,39.34
2023-10-30,ELET3,34.35
2023-10-30,EMBR3,17.38
2023-10-30,ENEV3,10.83
2023-10-30,ENGI11,46.12
2023-10-30,EQTL3,31.26
2023-10-30,FLRY3,14.82
2023-10-30,GGBR4,21.88
2023-10-30,GOAU4,10.29
2023-10-30,HAPV3,3.64
2023-10-30,HYPE3,29.89
2023-10-30,IGTI11,19.58
2023-10-30,ITSA4,8.64
2023-10-30,ITUB4,27.08
2023-10-30,KLBN11,21.5
2023-10-30,LREN3,11.94
2023-10-30,MGLU3,1.37
2023-10-30,MRFG3,6.28
2023-10-30,MRVE3,8.23
2023-10-30,MULT3,24.46
2023-10-30,NTCO3,12.45
2023-10-30,PETR3,38.17
2023-10-30,PETR4,35.08
2023-10-30,POMO4,5.33
2023-10-30,PRIO3,46.36
2023-10-30,PSSA3,25.26
2023-10-30,RADL3,25.34
2023-10-30,RAIL3,22.02
2023-10-30,RDOR3,21.77
2023-10-30,RENT3,50.31
2023-10-30,SANB11,26.71
2023-10-30,SBSP3,58.59
2023-10-30,SMFT3,18.72
2023-10-30,SUZB3,51.65
2023-10-30,TAEE11,33.75
2023-10-30,TEND3,11.19
2023-10-30,TIMS3,14.96
2023-10-30,TOTS3,25.11
2023-10-30,UGPA3,20.39
2023-10-30,USIM5,6.51
2023-10-30,VALE3,68.18
2023-10-30,VAMO3,7.6
2023-10-30,VBBR3,19.76
2023-10-30,VIVA3,24.6
2023-10-30,VIVT3,45.1
2023-10-30,WEGE3,32.3
2023-10-30,YDUQ3,17.72
2023-10-31,ABEV3,12.86
2023-10-31,ALOS3,22.9
2023-10-31,ASAI3,10.94
2023-10-31,AURE3,13.42
2023-10-31,B3SA3,11.1
2023-10-31,BBAS3,48.35
2023-10-31,BBDC3,12.29
2023-10-31,BBDC4,13.99
2023-10-31,BBSE3,30.76
2023-10-31,BEEF3,7.57
2023-10-31,BPAC11,29.6
2023-10-31,BRAP4,22.34
2023-10-31,CCRO3,11.98
2023-10-31,CEAB3,5.16
2023-10-31,CMIG4,11.74
2023-10-31,CMIN3,5.18
2023-10-31,COGN3,2.4
2023-10-31,CPFE3,33.44
2023-10-31,CPLE3,7.86
2023-10-31,CSAN3,15.75
2023-10-31,CSMG3,15.94
2023-10-31,CSNA3,11.76
2023-10-31,CURY3,14.74
2023-10-31,CXSE3,10.82
2023-10-31,CYRE3,17.99
2023-10-31,DIRR3,17.36
2023-10-31,EGIE3,39.3
2023-10-31,ELET3,34.84
2023-10-31,EMBR3,17.59
2023-10-31,ENEV3,10.82
2023-10-31,ENGI11,46.61
2023-10-31,EQTL3,31.6
2023-10-31,FLRY3,14.99
2023-10-31,GGBR4,21.77
2023-10-31,GOAU4,10.33
2023-10-31,HAPV3,3.69
2023-10-31,HYPE3,30.29
2023-10-31,IGTI11,20.07
2023-10-31,ITSA4,8.64
2023-10-31,ITUB4,26.82
2023-10-31,KLBN11,21.4
2023-10-31,LREN3,12.26
2023-10-31,MGLU3,1.33
2023-10-31,MRFG3,6.46
2023-10-31,MRVE3,8.25
2023-10-31,MULT3,24.74
2023-10-31,NTCO3,12.75
2023-10-31,PETR3,37.84
2023-10-31,PETR4,34.74
2023-10-31,POMO4,5.24
2023-10-31,PRIO3,47.7
2023-10-31,PSSA3,25.21
2023-10-31,RADL3,25.8
2023-10-31,RAIL3,22.31
2023-10-31,RDOR3,21.62
2023-10-31,RENT3,50.87
2023-10-31,SANB11,26.92
2023-10-31,SBSP3,58.37
2023-10-31,SMFT3,19.37
2023-10-31,SUZB3,51.57
2023-10-31,TAEE11,33.79
2023-10-31,TEND3,11.34
2023-10-31,TIMS3,15.17
2023-10-31,TOTS3,25.31
2023-10-31,UGPA3,20.45
2023-10-31,USIM5,6.61
2023-10-31,VALE3,69.0
2023-10-31,VAMO3,7.83
2023-10-31,VBBR3,19.79
2023-10-31,VIVA3,25.5
2023-10-31,VIVT3,45.24
2023-10-31,WEGE3,33.01
2023-10-31,YDUQ3,17.73
2023-11-01,ABEV3,12.99
2023-11-01,ALOS3,22.85
2023-11-01,ASAI3,11.08
2023-11-01,AURE3,13.47
2023-11-01,B3SA3,11.55
2023-11-01,BBAS3,48.4
2023-11-01,BBDC3,12.46
2023-11-01,BBDC4,14.12
2023-11-01,BBSE3,31.21
2023-11-01,BEEF3,7.6
2023-11-01,BPAC11,29.54
2023-11-01,BRAP4,23.51
2023-11-01,CCRO3,12.04
2023-11-01,CEAB3,5.24
2023-11-01,CMIG4,12.24
2023-11-01,CMIN3,5.33
2023-11-01,COGN3,2.48
2023-11-01,CPFE3,33.95
2023-11-01,CPLE3,8.04
2023-11-01,CSAN3,16.61
2023-11-01,CSMG3,16.68
2023-11-01,CSNA3,11.97
2023-11-01,CURY3,15.0
2023-11-01,CXSE3,10.9
2023-11-01,CYRE3,18.29
2023-11-01,DIRR3,17.66
2023-11-01,EGIE3,40.19
2023-11-01,ELET3,36.04
2023-11-01,EMBR3,17.95
2023-11-01,ENEV3,10.81
2023-11-01,ENGI11,47.87
2023-11-01,EQTL3,32.26
2023-11-01,FLRY3,15.36
2023-11-01,GGBR4,22.18
2023-11-01,GOAU4,10.51
2023-11-01,HAPV3,3.74
2023-11-01,HYPE3,30.73
2023-11-01,IGTI11,19.97
2023-11-01,ITSA4,8.74
2023-11-01,ITUB4,27.18
2023-11-01,KLBN11,21.65
2023-11-01,LREN3,12.27
2023-11-01,MGLU3,1.33
2023-11-01,MRFG3,6.5
2023-11-01,MRVE3,8.46
2023-11-01,MULT3,24.94
2023-11-01,NTCO3,12.58
2023-11-01,PETR3,38.28
2023-11-01,PETR4,35.12
2023-11-01,POMO4,5.41
2023-11-01,PRIO3,48.07
2023-11-01,PSSA3,25.61
2023-11-01,RADL3,24.83
2023-11-01,RAIL3,23.0
2023-11-01,RDOR3,22.97
2023-11-01,RENT3,51.92
2023-11-01,SANB11,27.2
2023-11-01,SBSP3,59.41
2023-11-01,SMFT3,19.76
2023-11-01,SUZB3,51.45
2023-11-01,TAEE11,33.99
2023-11-01,TEND3,11.87
2023-11-01,TIMS3,15.83
2023-11-01,TOTS3,26.26
2023-11-01,UGPA3,21.21
2023-11-01,USIM5,6.74
2023-11-01,VALE3,70.32
2023-11-01,VAMO3,7.93
2023-11-01,VBBR3,20.15
2023-11-01,VIVA3,25.62
2023-11-01,VIVT3,47.53
2023-11-01,WEGE3,33.08
2023-11-01,YDUQ3,18.04
2023-11-03,ABEV3,13.29
2023-11-03,ALOS3,23.89
2023-11-03,ASAI3,11.94
2023-11-03,AURE3,13.82
2023-11-03,B3SA3,12.21
2023-11-03,BBAS3,50.1
2023-11-03,BBDC3,13.05
2023-11-03,BBDC4,14.77
2023-11-03,BBSE3,31.45
2023-11-03,BEEF3,7.79
2023-11-03,BPAC11,31.97
2023-11-03,BRAP4,24.1
2023-11-03,CCRO3,12.35
2023-11-03,CEAB3,5.76
2023-11-03,CMIG4,12.55
2023-11-03,CMIN3,5.63
2023-11-03,COGN3,2.63
2023-11-03,CPFE3,34.54
2023-11-03,CPLE3,8.14
2023-11-03,CSAN3,17.17
2023-11-03,CSMG3,17.28
2023-11-03,CSNA3,12.67
2023-11-03,CURY3,16.0
2023-11-03,CXSE3,11.02
2023-11-03,CYRE3,19.67
2023-11-03,DIRR3,18.78
2023-11-03,EGIE3,40.87
2023-11-03,ELET3,36.9
2023-11-03,EMBR3,18.66
2023-11-03,ENEV3,11.38
2023-11-03,ENGI11,48.4
2023-11-03,EQTL3,32.91
2023-11-03,FLRY3,15.94
2023-11-03,GGBR4,22.85
2023-11-03,GOAU4,10.84
2023-11-03,HAPV3,4.04
2023-11-03,HYPE3,31.44
2023-11-03,IGTI11,20.53
2023-11-03,ITSA4,9.06
2023-11-03,ITUB4,27.93
2023-11-03,KLBN11,21.84
2023-11-03,LREN3,13.24
2023-11-03,MGLU3,1.49
2023-11-03,MRFG3,6.74
2023-11-03,MRVE3,9.25
2023-11-03,MULT3,25.65
2023-11-03,NTCO3,13.37
2023-11-03,PETR3,38.6
2023-11-03,PETR4,35.54
2023-11-03,POMO4,5.85
2023-11-03,PRIO3,48.2
2023-11-03,PSSA3,26.01
2023-11-03,RADL3,25.37
2023-11-03,RAIL3,23.13
2023-11-03,RDOR3,24.46
2023-11-03,RENT3,54.81
2023-11-03,SANB11,27.76
2023-11-03,SBSP3,60.89
2023-11-03,SMFT3,20.94
2023-11-03,SUZB3,51.16
2023-11-03,TAEE11,34.73
2023-11-03,TEND3,12.68
2023-11-03,TIMS3,15.86
2023-11-03,TOTS3,27.71
2023-11-03,UGPA3,21.34
2023-11-03,USIM5,6.87
2023-11-03,VALE3,71.2
2023-11-03,VAMO3,9.08
2023-11-03,VBBR3,20.47
2023-11-03,VIVA3,26.73
2023-11-03,VIVT3,47.65
2023-11-03,WEGE3,33.53
2023-11-03,YDUQ3,19.33
2023-11-06,ABEV3,13.51
2023-11-06,ALOS3,23.59
2023-11-06,ASAI3,11.75
2023-11-06,AURE3,13.89
2023-11-06,B3SA3,12.24
2023-11-06,BBAS3,50.45
2023-11-06,BBDC3,13.08
2023-11-06,BBDC4,14.76
2023-11-06,BBSE3,31.77
2023-11-06,BEEF3,8.05
2023-11-06,BPAC11,32.25
2023-11-06,BRAP4,24.32
2023-11-06,CCRO3,12.22
2023-11-06,CEAB3,5.72
2023-11-06,CMIG4,12.68
2023-11-06,CMIN3,5.69
2023-11-06,COGN3,2.48
2023-11-06,CPFE3,34.93
2023-11-06,CPLE3,8.32
2023-11-06,CSAN3,17.27
2023-11-06,CSMG3,18.13
2023-11-06,CSNA3,12.68
2023-11-06,CURY3,15.92
2023-11-06,CXSE3,11.14
2023-11-06,CYRE3,19.55
2023-11-06,DIRR3,18.36
2023-11-06,EGIE3,40.88
2023-11-06,ELET3,37.09
2023-11-06,EMBR3,18.62
2023-11-06,ENEV3,11.42
2023-11-06,ENGI11,48.56
2023-11-06,EQTL3,33.28
2023-11-06,FLRY3,15.95
2023-11-06,GGBR4,23.12
2023-11-06,GOAU4,10.88
2023-11-06,HAPV3,3.98
2023-11-06,HYPE3,31.55
2023-11-06,IGTI11,20.27
2023-11-06,ITSA4,9.12
2023-11-06,ITUB4,28.19
2023-11-06,KLBN11,22.16
2023-11-06,LREN3,12.61
2023-11-06,MGLU3,1.43
2023-11-06,MRFG3,7.32
2023-11-06,MRVE3,9.05
2023-11-06,MULT3,25.65
2023-11-06,NTCO3,13.07
2023-11-06,PETR3,38.5
2023-11-06,PETR4,35.51
2023-11-06,POMO4,5.83
2023-11-06,PRIO3,48.01
2023-11-06,PSSA3,26.56
2023-11-06,RADL3,25.58
2023-11-06,RAIL3,23.13
2023-11-06,RDOR3,23.5
2023-11-06,RENT3,54.01
2023-11-06,SANB11,27.82
2023-11-06,SBSP3,60.6
2023-11-06,SMFT3,19.9
2023-11-06,SUZB3,51.89
2023-11-06,TAEE11,35.14
2023-11-06,TEND3,12.62
2023-11-06,TIMS3,16.07
2023-11-06,TOTS3,27.7
2023-11-06,UGPA3,21.84
2023-11-06,USIM5,6.82
2023-11-06,VALE3,71.5
2023-11-06,VAMO3,8.95
2023-11-06,VBBR3,20.49
2023-11-06,VIVA3,25.9
2023-11-06,VIVT3,47.22
2023-11-06,WEGE3,33.21
2023-11-06,YDUQ3,17.62
2023-11-07,ABEV3,13.57
2023-11-07,ALOS3,24.19
2023-11-07,ASAI3,12.2
2023-11-07,AURE3,13.79
2023-11-07,B3SA3,12.46
2023-11-07,BBAS3,51.02
2023-11-07,BBDC3,13.35
2023-11-07,BBDC4,15.15
2023-11-07,BBSE3,31.9
2023-11-07,BEEF3,8.05
2023-11-07,BPAC11,32.85
2023-11-07,BRAP4,24.21
2023-11-07,CCRO3,12.48
2023-11-07,CEAB3,5.78
2023-11-07,CMIG4,12.77
2023-11-07,CMIN3,5.77
2023-11-07,COGN3,2.61
2023-11-07,CPFE3,35.11
2023-11-07,CPLE3,8.4
2023-11-07,CSAN3,17.78
2023-11-07,CSMG3,18.14
2023-11-07,CSNA3,12.7
2023-11-07,CURY3,16.34
2023-11-07,CXSE3,11.18
2023-11-07,CYRE3,20.17
2023-11-07,DIRR3,19.3
2023-11-07,EGIE3,40.72
2023-11-07,ELET3,37.71
2023-11-07,EMBR3,18.35
2023-11-07,ENEV3,11.74
2023-11-07,ENGI11,48.2
2023-11-07,EQTL3,33.19
2023-11-07,FLRY3,16.35
2023-11-07,GGBR4,22.8
2023-11-07,GOAU4,11.05
2023-11-07,HAPV3,4.32
2023-11-07,HYPE3,32.42
2023-11-07,IGTI11,20.98
2023-11-07,ITSA4,9.31
2023-11-07,ITUB4,28.98
2023-11-07,KLBN11,22.41
2023-11-07,LREN3,13.18
2023-11-07,MGLU3,1.77
2023-11-07,MRFG3,7.66
2023-11-07,MRVE3,9.34
2023-11-07,MULT3,26.3
2023-11-07,NTCO3,13.65
2023-11-07,PETR3,37.65
2023-11-07,PETR4,34.92
2023-11-07,POMO4,5.93
2023-11-07,PRIO3,46.82
2023-11-07,PSSA3,27.02
2023-11-07,RADL3,25.9
2023-11-07,RAIL3,22.9
2023-11-07,RDOR3,24.63
2023-11-07,RENT3,55.34
2023-11-07,SANB11,28.59
2023-11-07,SBSP3,61.1
2023-11-07,SMFT3,20.84
2023-11-07,SUZB3,52.06
2023-11-07,TAEE11,35.73
2023-11-07,TEND3,12.91
2023-11-07,TIMS3,16.57
2023-11-07,TOTS3,28.69
2023-11-07,UGPA3,22.0
2023-11-07,USIM5,6.81
2023-11-07,VALE3,70.08
2023-11-07,VAMO3,9.45
2023-11-07,VBBR3,21.64
2023-11-07,VIVA3,27.43
2023-11-07,VIVT3,48.04
2023-11-07,WEGE3,32.7
2023-11-07,YDUQ3,18.56
2023-11-08,ABEV3,13.54
2023-11-08,ALOS3,24.3
2023-11-08,ASAI3,12.32
2023-11-08,AURE3,13.65
2023-11-08,B3SA3,12.47
2023-11-08,BBAS3,51.67
2023-11-08,BBDC3,13.44
2023-11-08,BBDC4,15.23
2023-11-08,BBSE3,31.9
2023-11-08,BEEF3,7.88
2023-11-08,BPAC11,33.63
2023-11-08,BRAP4,24.1
2023-11-08,CCRO3,12.41
2023-11-08,CEAB3,6.02
2023-11-08,CMIG4,12.67
2023-11-08,CMIN3,5.9
2023-11-08,COGN3,2.62
2023-11-08,CPFE3,34.7
2023-11-08,CPLE3,8.34
2023-11-08,CSAN3,17.54
2023-11-08,CSMG3,18.25
2023-11-08,CSNA3,12.7
2023-11-08,CURY3,15.9
2023-11-08,CXSE3,11.27
2023-11-08,CYRE3,20.03
2023-11-08,DIRR3,18.91
2023-11-08,EGIE3,41.46
2023-11-08,ELET3,37.54
2023-11-08,EMBR3,19.07
2023-11-08,ENEV3,11.49
2023-11-08,ENGI11,48.0
2023-11-08,EQTL3,33.35
2023-11-08,FLRY3,16.59
2023-11-08,GGBR4,22.69
2023-11-08,GOAU4,11.0
2023-11-08,HAPV3,4.31
2023-11-08,HYPE3,32.7
2023-11-08,IGTI11,20.98
2023-11-08,ITSA4,9.32
2023-11-08,ITUB4,29.11
2023-11-08,KLBN11,22.78
2023-11-08,LREN3,13.45
2023-11-08,MGLU3,1.78
2023-11-08,MRFG3,7.51
2023-11-08,MRVE3,9.29
2023-11-08,MULT3,26.23
2023-11-08,NTCO3,13.56
2023-11-08,PETR3,36.76
2023-11-08,PETR4,34.17
2023-11-08,POMO4,5.79
2023-11-08,PRIO3,45.48
2023-11-08,PSSA3,26.84
2023-11-08,RADL3,26.14
2023-11-08,RAIL3,22.65
2023-11-08,RDOR3,24.8
2023-11-08,RENT3,55.5
2023-11-08,SANB11,29.41
2023-11-08,SBSP3,60.93
2023-11-08,SMFT3,20.76
2023-11-08,SUZB3,53.49
2023-11-08,TAEE11,35.72
2023-11-08,TEND3,12.83
2023-11-08,TIMS3,17.24
2023-11-08,TOTS3,30.31
2023-11-08,UGPA3,23.6
2023-11-08,USIM5,6.81
2023-11-08,VALE3,70.13
2023-11-08,VAMO3,9.16
2023-11-08,VBBR3,21.83
2023-11-08,VIVA3,27.26
2023-11-08,VIVT3,49.57
2023-11-08,WEGE3,32.45
2023-11-08,YDUQ3,19.05
2023-11-09,ABEV3,13.41
2023-11-09,ALOS3,24.03
2023-11-09,ASAI3,12.5
2023-11-09,AURE3,13.51
2023-11-09,B3SA3,12.36
2023-11-09,BBAS3,49.51
2023-11-09,BBDC3,13.48
2023-11-09,BBDC4,15.26
2023-11-09,BBSE3,31.3
2023-11-09,BEEF3,6.82
2023-11-09,BPAC11,32.55
2023-11-09,BRAP4,24.14
2023-11-09,CCRO3,12.43
2023-11-09,CEAB3,6.13
2023-11-09,CMIG4,12.8
2023-11-09,CMIN3,5.89
2023-11-09,COGN3,2.72
2023-11-09,CPFE3,34.98
2023-11-09,CPLE3,8.34
2023-11-09,CSAN3,17.36
2023-11-09,CSMG3,18.46
2023-11-09,CSNA3,12.52
2023-11-09,CURY3,15.86
2023-11-09,CXSE3,11.25
2023-11-09,CYRE3,20.05
2023-11-09,DIRR3,18.89
2023-11-09,EGIE3,41.01
2023-11-09,ELET3,37.28
2023-11-09,EMBR3,18.85
2023-11-09,ENEV3,11.51
2023-11-09,ENGI11,47.92
2023-11-09,EQTL3,33.3
2023-11-09,FLRY3,16.42
2023-11-09,GGBR4,22.72
2023-11-09,GOAU4,11.03
2023-11-09,HAPV3,4.46
2023-11-09,HYPE3,32.38
2023-11-09,IGTI11,20.73
2023-11-09,ITSA4,9.33
2023-11-09,ITUB4,29.24
2023-11-09,KLBN11,22.61
2023-11-09,LREN3,13.55
2023-11-09,MGLU3,1.71
2023-11-09,MRFG3,7.5
2023-11-09,MRVE3,9.52
2023-11-09,MULT3,25.82
2023-11-09,NTCO3,13.45
2023-11-09,PETR3,37.54
2023-11-09,PETR4,34.88
2023-11-09,POMO4,5.84
2023-11-09,PRIO3,44.73
2023-11-09,PSSA3,26.65
2023-11-09,RADL3,25.83
2023-11-09,RAIL3,22.85
2023-11-09,RDOR3,23.94
2023-11-09,RENT3,55.25
2023-11-09,SANB11,29.49
2023-11-09,SBSP3,61.12
2023-11-09,SMFT3,20.9
2023-11-09,SUZB3,53.43
2023-11-09,TAEE11,35.66
2023-11-09,TEND3,13.65
2023-11-09,TIMS3,17.23
2023-11-09,TOTS3,30.98
2023-11-09,UGPA3,23.44
2023-11-09,USIM5,6.67
2023-11-09,VALE3,70.47
2023-11-09,VAMO3,9.0
2023-11-09,VBBR3,21.45
2023-11-09,VIVA3,26.85
2023-11-09,VIVT3,49.51
2023-11-09,WEGE3,32.41
2023-11-09,YDUQ3,19.08
2023-11-10,ABEV3,13.35
2023-11-10,ALOS3,24.7
2023-11-10,ASAI3,12.61
2023-11-10,AURE3,13.61
2023-11-10,B3SA3,12.96
2023-11-10,BBAS3,50.24
2023-11-10,BBDC3,13.31
2023-11-10,BBDC4,15.04
2023-11-10,BBSE3,31.3
2023-11-10,BEEF3,6.84
2023-11-10,BPAC11,33.88
2023-11-10,BRAP4,24.59
2023-11-10,CCRO3,12.5
2023-11-10,CEAB3,7.24
2023-11-10,CMIG4,12.86
2023-11-10,CMIN3,6.03
2023-11-10,COGN3,2.83
2023-11-10,CPFE3,35.66
2023-11-10,CPLE3,8.45
2023-11-10,CSAN3,17.74
2023-11-10,CSMG3,18.59
2023-11-10,CSNA3,12.67
2023-11-10,CURY3,16.5
2023-11-10,CXSE3,11.36
2023-11-10,CYRE3,20.48
2023-11-10,DIRR3,20.0
2023-11-10,EGIE3,41.79
2023-11-10,ELET3,37.35
2023-11-10,EMBR3,19.25
2023-11-10,ENEV3,11.84
2023-11-10,ENGI11,50.37
2023-11-10,EQTL3,33.72
2023-11-10,FLRY3,16.91
2023-11-10,GGBR4,23.76
2023-11-10,GOAU4,11.48
2023-11-10,HAPV3,4.4
2023-11-10,HYPE3,32.55
2023-11-10,IGTI11,20.8
2023-11-10,ITSA4,9.44
2023-11-10,ITUB4,29.59
2023-11-10,KLBN11,22.75
2023-11-10,LREN3,12.96
2023-11-10,MGLU3,1.8
2023-11-10,MRFG3,7.6
2023-11-10,MRVE3,10.12
2023-11-10,MULT3,25.98
2023-11-10,NTCO3,13.94
2023-11-10,PETR3,37.42
2023-11-10,PETR4,34.72
2023-11-10,POMO4,5.79
2023-11-10,PRIO3,46.47
2023-11-10,PSSA3,27.43
2023-11-10,RADL3,26.75
2023-11-10,RAIL3,23.09
2023-11-10,RDOR3,24.63
2023-11-10,RENT3,56.68
2023-11-10,SANB11,29.84
2023-11-10,SBSP3,61.13
2023-11-10,SMFT3,22.0
2023-11-10,SUZB3,54.64
2023-11-10,TAEE11,36.05
2023-11-10,TEND3,13.72
2023-11-10,TIMS3,17.34
2023-11-10,TOTS3,31.8
2023-11-10,UGPA3,23.42
2023-11-10,USIM5,6.81
2023-11-10,VALE3,71.55
2023-11-10,VAMO3,8.97
2023-11-10,VBBR3,21.37
2023-11-10,VIVA3,28.39
2023-11-10,VIVT3,50.1
2023-11-10,WEGE3,33.17
2023-11-10,YDUQ3,19.78
2023-11-13,ABEV3,13.43
2023-11-13,ALOS3,24.65
2023-11-13,ASAI3,12.54
2023-11-13,AURE3,13.85
2023-11-13,B3SA3,12.43
2023-11-13,BBAS3,50.05
2023-11-13,BBDC3,13.11
2023-11-13,BBDC4,14.74
2023-11-13,BBSE3,31.42
2023-11-13,BEEF3,6.88
2023-11-13,BPAC11,33.51
2023-11-13,BRAP4,24.5
2023-11-13,CCRO3,12.52
2023-11-13,CEAB3,7.43
2023-11-13,CMIG4,12.72
2023-11-13,CMIN3,6.18
2023-11-13,COGN3,2.8
2023-11-13,CPFE3,35.4
2023-11-13,CPLE3,8.46
2023-11-13,CSAN3,17.82
2023-11-13,CSMG3,18.86
2023-11-13,CSNA3,12.64
2023-11-13,CURY3,16.7
2023-11-13,CXSE3,11.44
2023-11-13,CYRE3,20.31
2023-11-13,DIRR3,20.03
2023-11-13,EGIE3,41.82
2023-11-13,ELET3,38.18
2023-11-13,EMBR3,19.03
2023-11-13,ENEV3,11.75
2023-11-13,ENGI11,50.0
2023-11-13,EQTL3,33.41
2023-11-13,FLRY3,16.5
2023-11-13,GGBR4,23.55
2023-11-13,GOAU4,11.46
2023-11-13,HAPV3,4.31
2023-11-13,HYPE3,31.87
2023-11-13,IGTI11,20.63
2023-11-13,ITSA4,9.44
2023-11-13,ITUB4,29.39
2023-11-13,KLBN11,22.51
2023-11-13,LREN3,13.35
2023-11-13,MGLU3,1.73
2023-11-13,MRFG3,7.56
2023-11-13,MRVE3,9.98
2023-11-13,MULT3,25.91
2023-11-13,NTCO3,13.9
2023-11-13,PETR3,38.26
2023-11-13,PETR4,35.69
2023-11-13,POMO4,5.72
2023-11-13,PRIO3,46.3
2023-11-13,PSSA3,27.57
2023-11-13,RADL3,26.59
2023-11-13,RAIL3,22.8
2023-11-13,RDOR3,24.13
2023-11-13,RENT3,55.3
2023-11-13,SANB11,30.23
2023-11-13,SBSP3,61.96
2023-11-13,SMFT3,22.0
2023-11-13,SUZB3,54.1
2023-11-13,TAEE11,36.29
2023-11-13,TEND3,13.6
2023-11-13,TIMS3,17.22
2023-11-13,TOTS3,32.7
2023-11-13,UGPA3,23.94
2023-11-13,USIM5,6.77
2023-11-13,VALE3,71.4
2023-11-13,VAMO3,8.88
2023-11-13,VBBR3,21.43
2023-11-13,VIVA3,27.97
2023-11-13,VIVT3,50.66
2023-11-13,WEGE3,32.72
2023-11-13,YDUQ3,19.95
2023-11-14,ABEV3,13.7
2023-11-14,ALOS3,25.29
2023-11-14,ASAI3,12.55
2023-11-14,AURE3,14.08
2023-11-14,B3SA3,12.66
2023-11-14,BBAS3,50.29
2023-11-14,BBDC3,13.42
2023-11-14,BBDC4,15.05
2023-11-14,BBSE3,31.65
2023-11-14,BEEF3,7.04
2023-11-14,BPAC11,34.13
2023-11-14,BRAP4,25.37
2023-11-14,CCRO3,13.13
2023-11-14,CEAB3,7.44
2023-11-14,CMIG4,13.1
2023-11-14,CMIN3,6.55
2023-11-14,COGN3,2.9
2023-11-14,CPFE3,35.8
2023-11-14,CPLE3,8.7
2023-11-14,CSAN3,17.92
2023-11-14,CSMG3,19.15
2023-11-14,CSNA3,13.74
2023-11-14,CURY3,16.91
2023-11-14,CXSE3,11.36
2023-11-14,CYRE3,21.0
2023-11-14,DIRR3,20.44
2023-11-14,EGIE3,42.72
2023-11-14,ELET3,39.47
2023-11-14,EMBR3,19.5
2023-11-14,ENEV3,12.3
2023-11-14,ENGI11,51.0
2023-11-14,EQTL3,33.99
2023-11-14,FLRY3,17.02
2023-11-14,GGBR4,24.16
2023-11-14,GOAU4,11.81
2023-11-14,HAPV3,4.55
2023-11-14,HYPE3,33.4
2023-11-14,IGTI11,21.21
2023-11-14,ITSA4,9.69
2023-11-14,ITUB4,29.83
2023-11-14,KLBN11,22.7
2023-11-14,LREN3,14.03
2023-11-14,MGLU3,1.76
2023-11-14,MRFG3,7.9
2023-11-14,MRVE3,10.49
2023-11-14,MULT3,26.28
2023-11-14,NTCO3,14.3
2023-11-14,PETR3,38.7
2023-11-14,PETR4,36.18
2023-11-14,POMO4,5.93
2023-11-14,PRIO3,46.99
2023-11-14,PSSA3,27.78
2023-11-14,RADL3,27.32
2023-11-14,RAIL3,23.41
2023-11-14,RDOR3,25.33
2023-11-14,RENT3,59.0
2023-11-14,SANB11,30.94
2023-11-14,SBSP3,63.34
2023-11-14,SMFT3,22.7
2023-11-14,SUZB3,52.5
2023-11-14,TAEE11,36.29
2023-11-14,TEND3,13.57
2023-11-14,TIMS3,17.17
2023-11-14,TOTS3,32.63
2023-11-14,UGPA3,24.5
2023-11-14,USIM5,7.07
2023-11-14,VALE3,73.61
2023-11-14,VAMO3,9.62
2023-11-14,VBBR3,21.8
2023-11-14,VIVA3,28.56
2023-11-14,VIVT3,50.91
2023-11-14,WEGE3,33.46
2023-11-14,YDUQ3,19.81
2023-11-16,ABEV3,13.67
2023-11-16,ALOS3,25.54
2023-11-16,ASAI3,13.34
2023-11-16,AURE3,14.43
2023-11-16,B3SA3,12.92
2023-11-16,BBAS3,50.28
2023-11-16,BBDC3,13.79
2023-11-16,BBDC4,15.57
2023-11-16,BBSE3,32.14
2023-11-16,BEEF3,7.21
2023-11-16,BPAC11,34.06
2023-11-16,BRAP4,25.62
2023-11-16,CCRO3,13.32
2023-11-16,CEAB3,8.03
2023-11-16,CMIG4,13.42
2023-11-16,CMIN3,6.96
2023-11-16,COGN3,3.11
2023-11-16,CPFE3,36.67
2023-11-16,CPLE3,8.82
2023-11-16,CSAN3,18.27
2023-11-16,CSMG3,19.18
2023-11-16,CSNA3,14.69
2023-11-16,CURY3,16.97
2023-11-16,CXSE3,11.24
2023-11-16,CYRE3,21.46
2023-11-16,DIRR3,20.72
2023-11-16,EGIE3,43.44
2023-11-16,ELET3,40.71
2023-11-16,EMBR3,19.68
2023-11-16,ENEV3,12.85
2023-11-16,ENGI11,52.41
2023-11-16,EQTL3,34.41
2023-11-16,FLRY3,17.19
2023-11-16,GGBR4,24.24
2023-11-16,GOAU4,11.97
2023-11-16,HAPV3,4.71
2023-11-16,HYPE3,34.21
2023-11-16,IGTI11,21.6
2023-11-16,ITSA4,9.87
2023-11-16,ITUB4,30.31
2023-11-16,KLBN11,23.1
2023-11-16,LREN3,14.4
2023-11-16,MGLU3,2.19
2023-11-16,MRFG3,8.39
2023-11-16,MRVE3,10.64
2023-11-16,MULT3,27.08
2023-11-16,NTCO3,14.94
2023-11-16,PETR3,37.92
2023-11-16,PETR4,35.55
2023-11-16,POMO4,6.0
2023-11-16,PRIO3,45.33
2023-11-16,PSSA3,28.17
2023-11-16,RADL3,27.88
2023-11-16,RAIL3,23.61
2023-11-16,RDOR3,25.89
2023-11-16,RENT3,60.9
2023-11-16,SANB11,31.91
2023-11-16,SBSP3,64.73
2023-11-16,SMFT3,23.1
2023-11-16,SUZB3,53.4
2023-11-16,TAEE11,36.26
2023-11-16,TEND3,13.93
2023-11-16,TIMS3,16.89
2023-11-16,TOTS3,33.43
2023-11-16,UGPA3,24.66
2023-11-16,USIM5,7.58
2023-11-16,VALE3,74.1
2023-11-16,VAMO3,9.87
2023-11-16,VBBR3,21.72
2023-11-16,VIVA3,28.79
2023-11-16,VIVT3,50.67
2023-11-16,WEGE3,33.48
2023-11-16,YDUQ3,20.36
2023-11-17,ABEV3,13.6
2023-11-17,ALOS3,25.32
2023-11-17,ASAI3,13.11
2023-11-17,AURE3,14.15
2023-11-17,B3SA3,12.73
2023-11-17,BBAS3,50.66
2023-11-17,BBDC3,13.74
2023-11-17,BBDC4,15.43
2023-11-17,BBSE3,31.78
2023-11-17,BEEF3,7.13
2023-11-17,BPAC11,33.46
2023-11-17,BRAP4,25.65
2023-11-17,CCRO3,13.11
2023-11-17,CEAB3,8.33
2023-11-17,CMIG4,13.37
2023-11-17,CMIN3,6.86
2023-11-17,COGN3,3.01
2023-11-17,CPFE3,36.48
2023-11-17,CPLE3,8.75
2023-11-17,CSAN3,17.94
2023-11-17,CSMG3,18.94
2023-11-17,CSNA3,14.86
2023-11-17,CURY3,16.71
2023-11-17,CXSE3,11.15
2023-11-17,CYRE3,20.9
2023-11-17,DIRR3,20.08
2023-11-17,EGIE3,43.06
2023-11-17,ELET3,40.41
2023-11-17,EMBR3,19.89
2023-11-17,ENEV3,12.84
2023-11-17,ENGI11,51.69
2023-11-17,EQTL3,34.25
2023-11-17,FLRY3,17.01
2023-11-17,GGBR4,24.51
2023-11-17,GOAU4,12.19
2023-11-17,HAPV3,4.58
2023-11-17,HYPE3,33.95
2023-11-17,IGTI11,21.8
2023-11-17,ITSA4,9.84
2023-11-17,ITUB4,30.45
2023-11-17,KLBN11,23.13
2023-11-17,LREN3,14.35
2023-11-17,MGLU3,2.22
2023-11-17,MRFG3,8.22
2023-11-17,MRVE3,10.65
2023-11-17,MULT3,26.84
2023-11-17,NTCO3,15.26
2023-11-17,PETR3,39.52
2023-11-17,PETR4,36.71
2023-11-17,POMO4,6.08
2023-11-17,PRIO3,46.48
2023-11-17,PSSA3,27.21
2023-11-17,RADL3,27.35
2023-11-17,RAIL3,23.25
2023-11-17,RDOR3,25.21
2023-11-17,RENT3,60.8
2023-11-17,SANB11,30.91
2023-11-17,SBSP3,64.66
2023-11-17,SMFT3,22.91
2023-11-17,SUZB3,52.94
2023-11-17,TAEE11,36.12
2023-11-17,TEND3,13.64
2023-11-17,TIMS3,16.58
2023-11-17,TOTS3,32.53
2023-11-17,UGPA3,24.62
2023-11-17,USIM5,7.6
2023-11-17,VALE3,74.24
2023-11-17,VAMO3,9.77
2023-11-17,VBBR3,21.48
2023-11-17,VIVA3,27.92
2023-11-17,VIVT3,50.36
2023-11-17,WEGE3,33.26
2023-11-17,YDUQ3,20.25
2023-11-20,ABEV3,13.6
2023-11-20,ALOS3,25.38
2023-11-20,ASAI3,12.89
2023-11-20,AURE3,13.96
2023-11-20,B3SA3,13.11
2023-11-20,BBAS3,50.93
2023-11-20,BBDC3,13.73
2023-11-20,BBDC4,15.47
2023-11-20,BBSE3,31.98
2023-11-20,BEEF3,7.07
2023-11-20,BPAC11,33.23
2023-11-20,BRAP4,26.3
2023-11-20,CCRO3,13.05
2023-11-20,CEAB3,8.26
2023-11-20,CMIG4,12.99
2023-11-20,CMIN3,7.12
2023-11-20,COGN3,3.02
2023-11-20,CPFE3,36.44
2023-11-20,CPLE3,8.75
2023-11-20,CSAN3,18.31
2023-11-20,CSMG3,18.75
2023-11-20,CSNA3,16.27
2023-11-20,CURY3,16.61
2023-11-20,CXSE3,11.2
2023-11-20,CYRE3,20.85
2023-11-20,DIRR3,19.62
2023-11-20,EGIE3,43.22
2023-11-20,ELET3,40.78
2023-11-20,EMBR3,19.97
2023-11-20,ENEV3,12.86
2023-11-20,ENGI11,51.16
2023-11-20,EQTL3,34.25
2023-11-20,FLRY3,17.06
2023-11-20,GGBR4,23.0
2023-11-20,GOAU4,10.74
2023-11-20,HAPV3,4.64
2023-11-20,HYPE3,34.7
2023-11-20,IGTI11,22.02
2023-11-20,ITSA4,9.94
2023-11-20,ITUB4,30.75
2023-11-20,KLBN11,23.0
2023-11-20,LREN3,14.65
2023-11-20,MGLU3,2.28
2023-11-20,MRFG3,8.27
2023-11-20,MRVE3,10.62
2023-11-20,MULT3,27.15
2023-11-20,NTCO3,15.87
2023-11-20,PETR3,39.39
2023-11-20,PETR4,36.74
2023-11-20,POMO4,6.09
2023-11-20,PRIO3,47.53
2023-11-20,PSSA3,27.27
2023-11-20,RADL3,28.6
2023-11-20,RAIL3,23.56
2023-11-20,RDOR3,25.99
2023-11-20,RENT3,60.88
2023-11-20,SANB11,31.02
2023-11-20,SBSP3,64.42
2023-11-20,SMFT3,22.59
2023-11-20,SUZB3,52.9
2023-11-20,TAEE11,36.31
2023-11-20,TEND3,14.06
2023-11-20,TIMS3,16.51
2023-11-20,TOTS3,33.03
2023-11-20,UGPA3,25.16
2023-11-20,USIM5,7.76
2023-11-20,VALE3,76.06
2023-11-20,VAMO3,10.1
2023-11-20,VBBR3,21.74
2023-11-20,VIVA3,28.39
2023-11-20,VIVT3,50.34
2023-11-20,WEGE3,33.48
2023-11-20,YDUQ3,20.37
2023-11-21,ABEV3,13.44
2023-11-21,ALOS3,25.21
2023-11-21,ASAI3,12.78
2023-11-21,AURE3,13.83
2023-11-21,B3SA3,12.84
2023-11-21,BBAS3,51.29
2023-11-21,BBDC3,13.69
2023-11-21,BBDC4,15.41
2023-11-21,BBSE3,31.91
2023-11-21,BEEF3,6.96
2023-11-21,BPAC11,32.65
2023-11-21,BRAP4,26.96
2023-11-21,CCRO3,13.05
2023-11-21,CEAB3,8.1
2023-11-21,CMIG4,12.57
2023-11-21,CMIN3,7.05
2023-11-21,COGN3,3.01
2023-11-21,CPFE3,36.36
2023-11-21,CPLE3,8.67
2023-11-21,CSAN3,18.0
2023-11-21,CSMG3,18.7
2023-11-21,CSNA3,15.66
2023-11-21,CURY3,16.16
2023-11-21,CXSE3,11.15
2023-11-21,CYRE3,19.99
2023-11-21,DIRR3,18.87
2023-11-21,EGIE3,43.4
2023-11-21,ELET3,39.95
2023-11-21,EMBR3,19.72
2023-11-21,ENEV3,12.71
2023-11-21,ENGI11,51.16
2023-11-21,EQTL3,34.06
2023-11-21,FLRY3,17.01
2023-11-21,GGBR4,23.38
2023-11-21,GOAU4,10.8
2023-11-21,HAPV3,4.65
2023-11-21,HYPE3,34.14
2023-11-21,IGTI11,21.8
2023-11-21,ITSA4,9.94
2023-11-21,ITUB4,30.7
2023-11-21,KLBN11,23.05
2023-11-21,LREN3,14.4
2023-11-21,MGLU3,2.13
2023-11-21,MRFG3,8.43
2023-11-21,MRVE3,10.01
2023-11-21,MULT3,26.88
2023-11-21,NTCO3,15.67
2023-11-21,PETR3,39.0
2023-11-21,PETR4,36.5
2023-11-21,POMO4,6.06
2023-11-21,PRIO3,47.98
2023-11-21,PSSA3,27.14
2023-11-21,RADL3,28.26
2023-11-21,RAIL3,22.9
2023-11-21,RDOR3,25.62
2023-11-21,RENT3,60.04
2023-11-21,SANB11,30.7
2023-11-21,SBSP3,64.99
2023-11-21,SMFT3,22.34
2023-11-21,SUZB3,52.98
2023-11-21,TAEE11,36.25
2023-11-21,TEND3,13.33
2023-11-21,TIMS3,16.76
2023-11-21,TOTS3,32.99
2023-11-21,UGPA3,24.78
2023-11-21,USIM5,7.78
2023-11-21,VALE3,77.9
2023-11-21,VAMO3,9.75
2023-11-21,VBBR3,21.57
2023-11-21,VIVA3,27.34
2023-11-21,VIVT3,50.68
2023-11-21,WEGE3,33.66
2023-11-21,YDUQ3,19.72
2023-11-22,ABEV3,13.57
2023-11-22,ALOS3,24.99
2023-11-22,ASAI3,12.97
2023-11-22,AURE3,14.4
2023-11-22,B3SA3,13.02
2023-11-22,BBAS3,50.85
2023-11-22,BBDC3,13.94
2023-11-22,BBDC4,15.73
2023-11-22,BBSE3,32.03
2023-11-22,BEEF3,7.09
2023-11-22,BPAC11,33.33
2023-11-22,BRAP4,24.77
2023-11-22,CCRO3,13.17
2023-11-22,CEAB3,7.96
2023-11-22,CMIG4,11.35
2023-11-22,CMIN3,7.04
2023-11-22,COGN3,2.98
2023-11-22,CPFE3,36.44
2023-11-22,CPLE3,8.74
2023-11-22,CSAN3,18.05
2023-11-22,CSMG3,18.17
2023-11-22,CSNA3,16.02
2023-11-22,CURY3,16.02
2023-11-22,CXSE3,11.15
2023-11-22,CYRE3,20.17
2023-11-22,DIRR3,18.66
2023-11-22,EGIE3,44.03
2023-11-22,ELET3,40.45
2023-11-22,EMBR3,20.1
2023-11-22,ENEV3,13.14
2023-11-22,ENGI11,51.77
2023-11-22,EQTL3,34.55
2023-11-22,FLRY3,16.97
2023-11-22,GGBR4,23.3
2023-11-22,GOAU4,10.81
2023-11-22,HAPV3,4.56
2023-11-22,HYPE3,34.34
2023-11-22,IGTI11,21.81
2023-11-22,ITSA4,9.9
2023-11-22,ITUB4,30.89
2023-11-22,KLBN11,23.41
2023-11-22,LREN3,14.98
2023-11-22,MGLU3,2.08
2023-11-22,MRFG3,8.9
2023-11-22,MRVE3,9.67
2023-11-22,MULT3,26.77
2023-11-22,NTCO3,15.99
2023-11-22,PETR3,37.69
2023-11-22,PETR4,35.16
2023-11-22,POMO4,5.97
2023-11-22,PRIO3,47.24
2023-11-22,PSSA3,27.53
2023-11-22,RADL3,28.4
2023-11-22,RAIL3,22.67
2023-11-22,RDOR3,25.86
2023-11-22,RENT3,60.2
2023-11-22,SANB11,31.01
2023-11-22,SBSP3,66.0
2023-11-22,SMFT3,22.35
2023-11-22,SUZB3,53.43
2023-11-22,TAEE11,36.56
2023-11-22,TEND3,13.0
2023-11-22,TIMS3,16.74
2023-11-22,TOTS3,33.41
2023-11-22,UGPA3,24.53
2023-11-22,USIM5,7.89
2023-11-22,VALE3,74.85
2023-11-22,VAMO3,9.72
2023-11-22,VBBR3,21.98
2023-11-22,VIVA3,27.55
2023-11-22,VIVT3,51.32
2023-11-22,WEGE3,34.1
2023-11-22,YDUQ3,19.44
2023-11-23,ABEV3,13.55
2023-11-23,ALOS3,25.17
2023-11-23,ASAI3,13.6
2023-11-23,AURE3,14.51
2023-11-23,B3SA3,13.17
2023-11-23,BBAS3,51.02
2023-11-23,BBDC3,14.2
2023-11-23,BBDC4,16.15
2023-11-23,BBSE3,32.1
2023-11-23,BEEF3,7.1
2023-11-23,BPAC11,33.7
2023-11-23,BRAP4,24.48
2023-11-23,CCRO3,13.22
2023-11-23,CEAB3,7.74
2023-11-23,CMIG4,10.99
2023-11-23,CMIN3,6.57
2023-11-23,COGN3,3.01
2023-11-23,CPFE3,36.68
2023-11-23,CPLE3,8.79
2023-11-23,CSAN3,18.09
2023-11-23,CSMG3,18.03
2023-11-23,CSNA3,15.78
2023-11-23,CURY3,16.3
2023-11-23,CXSE3,11.41
2023-11-23,CYRE3,20.58
2023-11-23,DIRR3,18.8
2023-11-23,EGIE3,44.46
2023-11-23,ELET3,41.28
2023-11-23,EMBR3,20.12
2023-11-23,ENEV3,13.37
2023-11-23,ENGI11,52.25
2023-11-23,EQTL3,34.88
2023-11-23,FLRY3,17.04
2023-11-23,GGBR4,23.25
2023-11-23,GOAU4,10.8
2023-11-23,HAPV3,4.5
2023-11-23,HYPE3,34.68
2023-11-23,IGTI11,22.17
2023-11-23,ITSA4,9.96
2023-11-23,ITUB4,30.85
2023-11-23,KLBN11,23.34
2023-11-23,LREN3,15.03
2023-11-23,MGLU3,2.17
2023-11-23,MRFG3,9.01
2023-11-23,MRVE3,9.65
2023-11-23,MULT3,27.38
2023-11-23,NTCO3,16.42
2023-11-23,PETR3,37.86
2023-11-23,PETR4,35.17
2023-11-23,POMO4,6.18
2023-11-23,PRIO3,47.24
2023-11-23,PSSA3,27.91
2023-11-23,RADL3,28.35
2023-11-23,RAIL3,22.91
2023-11-23,RDOR3,26.11
2023-11-23,RENT3,60.72
2023-11-23,SANB11,30.95
2023-11-23,SBSP3,67.74
2023-11-23,SMFT3,22.26
2023-11-23,SUZB3,53.8
2023-11-23,TAEE11,36.83
2023-11-23,TEND3,13.15
2023-11-23,TIMS3,16.73
2023-11-23,TOTS3,33.0
2023-11-23,UGPA3,24.45
2023-11-23,USIM5,7.76
2023-11-23,VALE3,74.38
2023-11-23,VAMO3,9.65
2023-11-23,VBBR3,22.22
2023-11-23,VIVA3,28.0
2023-11-23,VIVT3,52.41
2023-11-23,WEGE3,34.06
2023-11-23,YDUQ3,19.59
2023-11-24,ABEV3,13.39
2023-11-24,ALOS3,24.86
2023-11-24,ASAI3,13.15
2023-11-24,AURE3,14.49
2023-11-24,B3SA3,12.92
2023-11-24,BBAS3,50.96
2023-11-24,BBDC3,14.29
2023-11-24,BBDC4,16.16
2023-11-24,BBSE3,31.91
2023-11-24,BEEF3,7.03
2023-11-24,BPAC11,33.4
2023-11-24,BRAP4,24.3
2023-11-24,CCRO3,13.06
2023-11-24,CEAB3,7.77
2023-11-24,CMIG4,10.56
2023-11-24,CMIN3,6.53
2023-11-24,COGN3,2.92
2023-11-24,CPFE3,36.41
2023-11-24,CPLE3,8.83
2023-11-24,CSAN3,17.94
2023-11-24,CSMG3,18.22
2023-11-24,CSNA3,15.62
2023-11-24,CURY3,15.95
2023-11-24,CXSE3,11.49
2023-11-24,CYRE3,20.58
2023-11-24,DIRR3,18.5
2023-11-24,EGIE3,44.08
2023-11-24,ELET3,40.49
2023-11-24,EMBR3,20.02
2023-11-24,ENEV3,13.07
2023-11-24,ENGI11,51.89
2023-11-24,EQTL3,34.74
2023-11-24,FLRY3,16.85
2023-11-24,GGBR4,22.32
2023-11-24,GOAU4,10.44
2023-11-24,HAPV3,4.43
2023-11-24,HYPE3,34.3
2023-11-24,IGTI11,22.04
2023-11-24,ITSA4,9.9
2023-11-24,ITUB4,30.68
2023-11-24,KLBN11,22.95
2023-11-24,LREN3,14.56
2023-11-24,MGLU3,1.99
2023-11-24,MRFG3,9.12
2023-11-24,MRVE3,9.55
2023-11-24,MULT3,27.21
2023-11-24,NTCO3,16.03
2023-11-24,PETR3,37.75
2023-11-24,PETR4,35.27
2023-11-24,POMO4,6.22
2023-11-24,PRIO3,47.21
2023-11-24,PSSA3,27.66
2023-11-24,RADL3,28.32
2023-11-24,RAIL3,22.56
2023-11-24,RDOR3,25.77
2023-11-24,RENT3,59.8
2023-11-24,SANB11,30.7
2023-11-24,SBSP3,68.31
2023-11-24,SMFT3,21.83
2023-11-24,SUZB3,53.47
2023-11-24,TAEE11,36.65
2023-11-24,TEND3,13.15
2023-11-24,TIMS3,16.98
2023-11-24,TOTS3,32.33
2023-11-24,UGPA3,24.34
2023-11-24,USIM5,7.7
2023-11-24,VALE3,73.75
2023-11-24,VAMO3,9.46
2023-11-24,VBBR3,22.23
2023-11-24,VIVA3,27.49
2023-11-24,VIVT3,52.19
2023-11-24,WEGE3,33.72
2023-11-24,YDUQ3,19.19
2023-11-27,ABEV3,13.58
2023-11-27,ALOS3,25.15
2023-11-27,ASAI3,13.49
2023-11-27,AURE3,14.49
2023-11-27,B3SA3,12.92
2023-11-27,BBAS3,51.9
2023-11-27,BBDC3,14.16
2023-11-27,BBDC4,16.06
2023-11-27,BBSE3,31.71
2023-11-27,BEEF3,7.03
2023-11-27,BPAC11,33.85
2023-11-27,BRAP4,24.41
2023-11-27,CCRO3,13.3
2023-11-27,CEAB3,7.58
2023-11-27,CMIG4,10.62
2023-11-27,CMIN3,6.94
2023-11-27,COGN3,3.13
2023-11-27,CPFE3,36.98
2023-11-27,CPLE3,8.83
2023-11-27,CSAN3,17.56
2023-11-27,CSMG3,18.25
2023-11-27,CSNA3,16.0
2023-11-27,CURY3,16.37
2023-11-27,CXSE3,11.5
2023-11-27,CYRE3,20.59
2023-11-27,DIRR3,18.95
2023-11-27,EGIE3,43.67
2023-11-27,ELET3,41.3
2023-11-27,EMBR3,20.27
2023-11-27,ENEV3,12.74
2023-11-27,ENGI11,52.31
2023-11-27,EQTL3,34.63
2023-11-27,FLRY3,16.87
2023-11-27,GGBR4,22.31
2023-11-27,GOAU4,10.47
2023-11-27,HAPV3,4.56
2023-11-27,HYPE3,33.41
2023-11-27,IGTI11,21.99
2023-11-27,ITSA4,9.97
2023-11-27,ITUB4,30.6
2023-11-27,KLBN11,23.0
2023-11-27,LREN3,14.87
2023-11-27,MGLU3,1.96
2023-11-27,MRFG3,9.3
2023-11-27,MRVE3,9.61
2023-11-27,MULT3,26.75
2023-11-27,NTCO3,15.96
2023-11-27,PETR3,37.5
2023-11-27,PETR4,35.07
2023-11-27,POMO4,6.18
2023-11-27,PRIO3,46.22
2023-11-27,PSSA3,27.77
2023-11-27,RADL3,29.1
2023-11-27,RAIL3,22.57
2023-11-27,RDOR3,26.27
2023-11-27,RENT3,59.0
2023-11-27,SANB11,30.6
2023-11-27,SBSP3,67.69
2023-11-27,SMFT3,22.05
2023-11-27,SUZB3,53.75
2023-11-27,TAEE11,36.72
2023-11-27,TEND3,13.15
2023-11-27,TIMS3,16.82
2023-11-27,TOTS3,33.09
2023-11-27,UGPA3,24.45
2023-11-27,USIM5,7.81
2023-11-27,VALE3,73.31
2023-11-27,VAMO3,9.15
2023-11-27,VBBR3,21.69
2023-11-27,VIVA3,28.06
2023-11-27,VIVT3,52.37
2023-11-27,WEGE3,34.14
2023-11-27,YDUQ3,21.25
2023-11-28,ABEV3,13.65
2023-11-28,ALOS3,25.24
2023-11-28,ASAI3,13.52
2023-11-28,AURE3,14.6
2023-11-28,B3SA3,13.22
2023-11-28,BBAS3,52.65
2023-11-28,BBDC3,14.23
2023-11-28,BBDC4,16.21
2023-11-28,BBSE3,31.81
2023-11-28,BEEF3,7.22
2023-11-28,BPAC11,34.0
2023-11-28,BRAP4,24.44
2023-11-28,CCRO3,13.21
2023-11-28,CEAB3,7.76
2023-11-28,CMIG4,10.71
2023-11-28,CMIN3,7.1
2023-11-28,COGN3,3.18
2023-11-28,CPFE3,36.72
2023-11-28,CPLE3,8.73
2023-11-28,CSAN3,17.64
2023-11-28,CSMG3,18.47
2023-11-28,CSNA3,16.17
2023-11-28,CURY3,16.94
2023-11-28,CXSE3,11.52
2023-11-28,CYRE3,21.09
2023-11-28,DIRR3,19.84
2023-11-28,EGIE3,43.38
2023-11-28,ELET3,41.02
2023-11-28,EMBR3,19.92
2023-11-28,ENEV3,12.35
2023-11-28,ENGI11,52.34
2023-11-28,EQTL3,34.53
2023-11-28,FLRY3,17.04
2023-11-28,GGBR4,22.29
2023-11-28,GOAU4,10.47
2023-11-28,HAPV3,4.69
2023-11-28,HYPE3,33.55
2023-11-28,IGTI11,22.08
2023-11-28,ITSA4,9.52
2023-11-28,ITUB4,30.9
2023-11-28,KLBN11,23.24
2023-11-28,LREN3,15.45
2023-11-28,MGLU3,1.91
2023-11-28,MRFG3,9.93
2023-11-28,MRVE3,10.13
2023-11-28,MULT3,26.83
2023-11-28,NTCO3,16.15
2023-11-28,PETR3,37.85
2023-11-28,PETR4,35.6
2023-11-28,POMO4,6.2
2023-11-28,PRIO3,46.09
2023-11-28,PSSA3,28.01
2023-11-28,RADL3,29.57
2023-11-28,RAIL3,22.68
2023-11-28,RDOR3,26.54
2023-11-28,RENT3,59.06
2023-11-28,SANB11,30.55
2023-11-28,SBSP3,67.68
2023-11-28,SMFT3,22.4
2023-11-28,SUZB3,53.35
2023-11-28,TAEE11,36.52
2023-11-28,TEND3,13.67
2023-11-28,TIMS3,17.05
2023-11-28,TOTS3,33.56
2023-11-28,UGPA3,24.95
2023-11-28,USIM5,7.87
2023-11-28,VALE3,73.47
2023-11-28,VAMO3,9.11
2023-11-28,VBBR3,21.86
2023-11-28,VIVA3,28.84
2023-11-28,VIVT3,52.07
2023-11-28,WEGE3,34.37
2023-11-28,YDUQ3,20.94
2023-11-29,ABEV3,13.3
2023-11-29,ALOS3,24.95
2023-11-29,ASAI3,13.17
2023-11-29,AURE3,14.51
2023-11-29,B3SA3,13.25
2023-11-29,BBAS3,52.73
2023-11-29,BBDC3,14.15
2023-11-29,BBDC4,16.13
2023-11-29,BBSE3,31.45
2023-11-29,BEEF3,7.28
2023-11-29,BPAC11,34.7
2023-11-29,BRAP4,24.14
2023-11-29,CCRO3,13.38
2023-11-29,CEAB3,8.12
2023-11-29,CMIG4,10.82
2023-11-29,CMIN3,7.0
2023-11-29,COGN3,3.13
2023-11-29,CPFE3,36.26
2023-11-29,CPLE3,8.75
2023-11-29,CSAN3,17.49
2023-11-29,CSMG3,18.44
2023-11-29,CSNA3,16.29
2023-11-29,CURY3,16.8
2023-11-29,CXSE3,11.42
2023-11-29,CYRE3,20.87
2023-11-29,DIRR3,19.65
2023-11-29,EGIE3,43.26
2023-11-29,ELET3,40.74
2023-11-29,EMBR3,20.39
2023-11-29,ENEV3,12.35
2023-11-29,ENGI11,52.16
2023-11-29,EQTL3,34.16
2023-11-29,FLRY3,16.91
2023-11-29,GGBR4,22.35
2023-11-29,GOAU4,10.41
2023-11-29,HAPV3,4.45
2023-11-29,HYPE3,33.2
2023-11-29,IGTI11,22.64
2023-11-29,ITSA4,9.55
2023-11-29,ITUB4,31.11
2023-11-29,KLBN11,23.43
2023-11-29,LREN3,16.09
2023-11-29,MGLU3,1.88
2023-11-29,MRFG3,10.4
2023-11-29,MRVE3,9.66
2023-11-29,MULT3,26.91
2023-11-29,NTCO3,16.22
2023-11-29,PETR3,37.35
2023-11-29,PETR4,35.23
2023-11-29,POMO4,6.09
2023-11-29,PRIO3,45.91
2023-11-29,PSSA3,27.71
2023-11-29,RADL3,28.33
2023-11-29,RAIL3,22.9
2023-11-29,RDOR3,26.08
2023-11-29,RENT3,59.23
2023-11-29,SANB11,30.7
2023-11-29,SBSP3,66.83
2023-11-29,SMFT3,22.45
2023-11-29,SUZB3,54.25
2023-11-29,TAEE11,36.4
2023-11-29,TEND3,13.42
2023-11-29,TIMS3,17.05
2023-11-29,TOTS3,33.48
2023-11-29,UGPA3,24.72
2023-11-29,USIM5,7.75
2023-11-29,VALE3,73.45
2023-11-29,VAMO3,9.33
2023-11-29,VBBR3,22.62
2023-11-29,VIVA3,29.0
2023-11-29,VIVT3,52.62
2023-11-29,WEGE3,34.13
2023-11-29,YDUQ3,20.4
2023-11-30,ABEV3,13.69
2023-11-30,ALOS3,25.58
2023-11-30,ASAI3,12.93
2023-11-30,AURE3,14.69
2023-11-30,B3SA3,13.3
2023-11-30,BBAS3,54.27
2023-11-30,BBDC3,14.28
2023-11-30,BBDC4,16.27
2023-11-30,BBSE3,31.3
2023-11-30,BEEF3,7.26
2023-11-30,BPAC11,35.54
2023-11-30,BRAP4,24.4
2023-11-30,CCRO3,13.54
2023-11-30,CEAB3,8.13
2023-11-30,CMIG4,11.07
2023-11-30,CMIN3,7.16
2023-11-30,COGN3,3.23
2023-11-30,CPFE3,37.05
2023-11-30,CPLE3,8.79
2023-11-30,CSAN3,17.75
2023-11-30,CSMG3,18.69
2023-11-30,CSNA3,16.42
2023-11-30,CURY3,17.48
2023-11-30,CXSE3,11.43
2023-11-30,CYRE3,21.84
2023-11-30,DIRR3,19.95
2023-11-30,EGIE3,43.5
2023-11-30,ELET3,40.86
2023-11-30,EMBR3,21.5
2023-11-30,ENEV3,12.69
2023-11-30,ENGI11,52.78
2023-11-30,EQTL3,34.06
2023-11-30,FLRY3,17.17
2023-11-30,GGBR4,21.85
2023-11-30,GOAU4,10.28
2023-11-30,HAPV3,4.37
2023-11-30,HYPE3,33.78
2023-11-30,IGTI11,23.09
2023-11-30,ITSA4,9.75
2023-11-30,ITUB4,31.59
2023-11-30,KLBN11,22.57
2023-11-30,LREN3,16.37
2023-11-30,MGLU3,2.02
2023-11-30,MRFG3,9.72
2023-11-30,MRVE3,9.67
2023-11-30,MULT3,27.19
2023-11-30,NTCO3,16.49
2023-11-30,PETR3,37.7
2023-11-30,PETR4,35.91
2023-11-30,POMO4,5.96
2023-11-30,PRIO3,45.93
2023-11-30,PSSA3,28.0
2023-11-30,RADL3,28.08
2023-11-30,RAIL3,22.9
2023-11-30,RDOR3,26.6
2023-11-30,RENT3,60.04
2023-11-30,SANB11,31.0
2023-11-30,SBSP3,67.56
2023-11-30,SMFT3,23.15
2023-11-30,SUZB3,53.78
2023-11-30,TAEE11,36.46
2023-11-30,TEND3,13.78
2023-11-30,TIMS3,17.24
2023-11-30,TOTS3,33.31
2023-11-30,UGPA3,25.25
2023-11-30,USIM5,7.86
2023-11-30,VALE3,73.85
2023-11-30,VAMO3,9.23
2023-11-30,VBBR3,23.35
2023-11-30,VIVA3,29.73
2023-11-30,VIVT3,52.76
2023-11-30,WEGE3,34.19
2023-11-30,YDUQ3,20.09
2023-12-01,ABEV3,14.08
2023-12-01,ALOS3,25.45
2023-12-01,ASAI3,13.03
2023-12-01,AURE3,14.86
2023-12-01,B3SA3,13.53
2023-12-01,BBAS3,54.38
2023-12-01,BBDC3,14.36
2023-12-01,BBDC4,16.32
2023-12-01,BBSE3,30.9
2023-12-01,BEEF3,7.47
2023-12-01,BPAC11,35.22
2023-12-01,BRAP4,24.72
2023-12-01,CCRO3,13.84
2023-12-01,CEAB3,8.62
2023-12-01,CMIG4,11.0
2023-12-01,CMIN3,7.1
2023-12-01,COGN3,3.29
2023-12-01,CPFE3,37.12
2023-12-01,CPLE3,8.78
2023-12-01,CSAN3,17.78
2023-12-01,CSMG3,19.23
2023-12-01,CSNA3,17.16
2023-12-01,CURY3,17.92
2023-12-01,CXSE3,11.43
2023-12-01,CYRE3,22.21
2023-12-01,DIRR3,20.46
2023-12-01,EGIE3,43.66
2023-12-01,ELET3,41.11
2023-12-01,EMBR3,22.84
2023-12-01,ENEV3,12.95
2023-12-01,ENGI11,53.07
2023-12-01,EQTL3,34.17
2023-12-01,FLRY3,17.46
2023-12-01,GGBR4,22.15
2023-12-01,GOAU4,10.4
2023-12-01,HAPV3,4.42
2023-12-01,HYPE3,34.2
2023-12-01,IGTI11,23.47
2023-12-01,ITSA4,9.75
2023-12-01,ITUB4,31.5
2023-12-01,KLBN11,21.16
2023-12-01,LREN3,16.38
2023-12-01,MGLU3,2.17
2023-12-01,MRFG3,10.04
2023-12-01,MRVE3,9.59
2023-12-01,MULT3,27.73
2023-12-01,NTCO3,16.93
2023-12-01,PETR3,37.2
2023-12-01,PETR4,35.67
2023-12-01,POMO4,6.15
2023-12-01,PRIO3,44.57
2023-12-01,PSSA3,28.49
2023-12-01,RADL3,28.05
2023-12-01,RAIL3,22.77
2023-12-01,RDOR3,27.14
2023-12-01,RENT3,60.74
2023-12-01,SANB11,30.67
2023-12-01,SBSP3,68.66
2023-12-01,SMFT3,24.36
2023-12-01,SUZB3,51.76
2023-12-01,TAEE11,36.49
2023-12-01,TEND3,13.28
2023-12-01,TIMS3,17.36
2023-12-01,TOTS3,33.84
2023-12-01,UGPA3,25.59
2023-12-01,USIM5,8.22
2023-12-01,VALE3,75.22
2023-12-01,VAMO3,9.4
2023-12-01,VBBR3,24.15
2023-12-01,VIVA3,30.02
2023-12-01,VIVT3,52.43
2023-12-01,WEGE3,34.78
2023-12-01,YDUQ3,20.67
2023-12-04,ABEV3,14.06
2023-12-04,ALOS3,25.35
2023-12-04,ASAI3,12.68
2023-12-04,AURE3,14.9
2023-12-04,B3SA3,13.54
2023-12-04,BBAS3,54.17
2023-12-04,BBDC3,14.39
2023-12-04,BBDC4,16.18
2023-12-04,BBSE3,30.82
2023-12-04,BEEF3,7.4
2023-12-04,BPAC11,34.98
2023-12-04,BRAP4,24.49
2023-12-04,CCRO3,13.67
2023-12-04,CEAB3,8.19
2023-12-04,CMIG4,11.03
2023-12-04,CMIN3,6.91
2023-12-04,COGN3,3.2
2023-12-04,CPFE3,37.34
2023-12-04,CPLE3,8.67
2023-12-04,CSAN3,17.69
2023-12-04,CSMG3,19.98
2023-12-04,CSNA3,17.01
2023-12-04,CURY3,17.22
2023-12-04,CXSE3,11.49
2023-12-04,CYRE3,21.46
2023-12-04,DIRR3,19.7
2023-12-04,EGIE3,44.23
2023-12-04,ELET3,40.74
2023-12-04,EMBR3,23.0
2023-12-04,ENEV3,12.52
2023-12-04,ENGI11,52.75
2023-12-04,EQTL3,34.0
2023-12-04,FLRY3,17.37
2023-12-04,GGBR4,22.09
2023-12-04,GOAU4,10.34
2023-12-04,HAPV3,4.29
2023-12-04,HYPE3,34.0
2023-12-04,IGTI11,23.44
2023-12-04,ITSA4,9.74
2023-12-04,ITUB4,31.54
2023-12-04,KLBN11,20.9
2023-12-04,LREN3,16.05
2023-12-04,MGLU3,2.0
2023-12-04,MRFG3,9.93
2023-12-04,MRVE3,9.07
2023-12-04,MULT3,27.64
2023-12-04,NTCO3,16.7
2023-12-04,PETR3,36.47
2023-12-04,PETR4,34.91
2023-12-04,POMO4,6.37
2023-12-04,PRIO3,44.22
2023-12-04,PSSA3,28.7
2023-12-04,RADL3,28.18
2023-12-04,RAIL3,22.58
2023-12-04,RDOR3,26.67
2023-12-04,RENT3,60.65
2023-12-04,SANB11,30.96
2023-12-04,SBSP3,67.98
2023-12-04,SMFT3,23.69
2023-12-04,SUZB3,51.79
2023-12-04,TAEE11,36.42
2023-12-04,TEND3,12.45
2023-12-04,TIMS3,17.39
2023-12-04,TOTS3,34.16
2023-12-04,UGPA3,25.48
2023-12-04,USIM5,8.29
2023-12-04,VALE3,73.53
2023-12-04,VAMO3,9.26
2023-12-04,VBBR3,23.2
2023-12-04,VIVA3,29.42
2023-12-04,VIVT3,52.91
2023-12-04,WEGE3,34.76
2023-12-04,YDUQ3,20.06
2023-12-05,ABEV3,14.24
2023-12-05,ALOS3,25.45
2023-12-05,ASAI3,12.7
2023-12-05,AURE3,15.2
2023-12-05,B3SA3,13.45
2023-12-05,BBAS3,54.17
2023-12-05,BBDC3,14.5
2023-12-05,BBDC4,16.33
2023-12-05,BBSE3,30.7
2023-12-05,BEEF3,7.46
2023-12-05,BPAC11,34.8
2023-12-05,BRAP4,24.4
2023-12-05,CCRO3,13.83
2023-12-05,CEAB3,8.24
2023-12-05,CMIG4,11.12
2023-12-05,CMIN3,6.9
2023-12-05,COGN3,3.26
2023-12-05,CPFE3,37.6
2023-12-05,CPLE3,8.84
2023-12-05,CSAN3,17.13
2023-12-05,CSMG3,19.97
2023-12-05,CSNA3,17.18
2023-12-05,CURY3,16.65
2023-12-05,CXSE3,11.59
2023-12-05,CYRE3,22.29
2023-12-05,DIRR3,19.89
2023-12-05,EGIE3,44.44
2023-12-05,ELET3,41.45
2023-12-05,EMBR3,23.22
2023-12-05,ENEV3,12.5
2023-12-05,ENGI11,52.9
2023-12-05,EQTL3,34.46
2023-12-05,FLRY3,17.62
2023-12-05,GGBR4,22.26
2023-12-05,GOAU4,10.4
2023-12-05,HAPV3,4.38
2023-12-05,HYPE3,34.52
2023-12-05,IGTI11,23.47
2023-12-05,ITSA4,9.83
2023-12-05,ITUB4,31.8
2023-12-05,KLBN11,21.13
2023-12-05,LREN3,16.25
2023-12-05,MGLU3,2.14
2023-12-05,MRFG3,9.53
2023-12-05,MRVE3,9.32
2023-12-05,MULT3,27.61
2023-12-05,NTCO3,16.96
2023-12-05,PETR3,36.2
2023-12-05,PETR4,34.75
2023-12-05,POMO4,6.7
2023-12-05,PRIO3,43.16
2023-12-05,PSSA3,28.8
2023-12-05,RADL3,28.57
2023-12-05,RAIL3,22.46
2023-12-05,RDOR3,26.87
2023-12-05,RENT3,60.8
2023-12-05,SANB11,31.08
2023-12-05,SBSP3,67.98
2023-12-05,SMFT3,23.55
2023-12-05,SUZB3,51.45
2023-12-05,TAEE11,36.54
2023-12-05,TEND3,13.05
2023-12-05,TIMS3,17.61
2023-12-05,TOTS3,34.22
2023-12-05,UGPA3,24.92
2023-12-05,USIM5,8.26
2023-12-05,VALE3,72.85
2023-12-05,VAMO3,9.42
2023-12-05,VBBR3,21.98
2023-12-05,VIVA3,29.99
2023-12-05,VIVT3,53.13
2023-12-05,WEGE3,35.3
2023-12-05,YDUQ3,20.37
2023-12-06,ABEV3,13.99
2023-12-06,ALOS3,24.99
2023-12-06,ASAI3,12.25
2023-12-06,AURE3,15.1
2023-12-06,B3SA3,13.23
2023-12-06,BBAS3,53.01
2023-12-06,BBDC3,14.32
2023-12-06,BBDC4,16.16
2023-12-06,BBSE3,30.68
2023-12-06,BEEF3,7.34
2023-12-06,BPAC11,34.27
2023-12-06,BRAP4,24.19
2023-12-06,CCRO3,13.87
2023-12-06,CEAB3,8.09
2023-12-06,CMIG4,11.13
2023-12-06,CMIN3,6.87
2023-12-06,COGN3,3.23
2023-12-06,CPFE3,37.44
2023-12-06,CPLE3,8.88
2023-12-06,CSAN3,17.09
2023-12-06,CSMG3,20.16
2023-12-06,CSNA3,17.13
2023-12-06,CURY3,16.35
2023-12-06,CXSE3,11.56
2023-12-06,CYRE3,21.96
2023-12-06,DIRR3,19.43
2023-12-06,EGIE3,44.57
2023-12-06,ELET3,41.38
2023-12-06,EMBR3,23.2
2023-12-06,ENEV3,12.21
2023-12-06,ENGI11,52.77
2023-12-06,EQTL3,34.0
2023-12-06,FLRY3,17.48
2023-12-06,GGBR4,22.25
2023-12-06,GOAU4,10.28
2023-12-06,HAPV3,4.27
2023-12-06,HYPE3,36.6
2023-12-06,IGTI11,23.27
2023-12-06,ITSA4,9.65
2023-12-06,ITUB4,31.52
2023-12-06,KLBN11,21.05
2023-12-06,LREN3,16.38
2023-12-06,MGLU3,2.17
2023-12-06,MRFG3,9.43
2023-12-06,MRVE3,9.26
2023-12-06,MULT3,27.27
2023-12-06,NTCO3,17.19
2023-12-06,PETR3,35.34
2023-12-06,PETR4,33.5
2023-12-06,POMO4,6.79
2023-12-06,PRIO3,41.44
2023-12-06,PSSA3,28.62
2023-12-06,RADL3,28.63
2023-12-06,RAIL3,22.55
2023-12-06,RDOR3,26.67
2023-12-06,RENT3,61.07
2023-12-06,SANB11,30.6
2023-12-06,SBSP3,68.99
2023-12-06,SMFT3,23.54
2023-12-06,SUZB3,51.07
2023-12-06,TAEE11,36.31
2023-12-06,TEND3,13.51
2023-12-06,TIMS3,17.78
2023-12-06,TOTS3,34.43
2023-12-06,UGPA3,25.55
2023-12-06,USIM5,8.29
2023-12-06,VALE3,72.37
2023-12-06,VAMO3,9.26
2023-12-06,VBBR3,21.79
2023-12-06,VIVA3,30.18
2023-12-06,VIVT3,53.28
2023-12-06,WEGE3,35.39
2023-12-06,YDUQ3,20.23
2023-12-07,ABEV3,14.08
2023-12-07,ALOS3,25.22
2023-12-07,ASAI3,12.19
2023-12-07,AURE3,15.15
2023-12-07,B3SA3,13.29
2023-12-07,BBAS3,53.87
2023-12-07,BBDC3,14.36
2023-12-07,BBDC4,16.2
2023-12-07,BBSE3,31.1
2023-12-07,BEEF3,7.21
2023-12-07,BPAC11,34.03
2023-12-07,BRAP4,24.17
2023-12-07,CCRO3,13.9
2023-12-07,CEAB3,8.34
2023-12-07,CMIG4,11.07
2023-12-07,CMIN3,6.94
2023-12-07,COGN3,3.3
2023-12-07,CPFE3,37.0
2023-12-07,CPLE3,8.85
2023-12-07,CSAN3,16.95
2023-12-07,CSMG3,20.08
2023-12-07,CSNA3,16.97
2023-12-07,CURY3,16.57
2023-12-07,CXSE3,11.67
2023-12-07,CYRE3,23.0
2023-12-07,DIRR3,19.85
2023-12-07,EGIE3,43.37
2023-12-07,ELET3,41.53
2023-12-07,EMBR3,23.24
2023-12-07,ENEV3,12.36
2023-12-07,ENGI11,52.33
2023-12-07,EQTL3,34.22
2023-12-07,FLRY3,17.4
2023-12-07,GGBR4,22.31
2023-12-07,GOAU4,10.25
2023-12-07,HAPV3,4.28
2023-12-07,HYPE3,35.72
2023-12-07,IGTI11,23.31
2023-12-07,ITSA4,9.73
2023-12-07,ITUB4,31.62
2023-12-07,KLBN11,20.64
2023-12-07,LREN3,16.62
2023-12-07,MGLU3,2.26
2023-12-07,MRFG3,9.29
2023-12-07,MRVE3,9.47
2023-12-07,MULT3,27.59
2023-12-07,NTCO3,17.38
2023-12-07,PETR3,35.45
2023-12-07,PETR4,33.42
2023-12-07,POMO4,7.1
2023-12-07,PRIO3,42.42
2023-12-07,PSSA3,28.55
2023-12-07,RADL3,28.24
2023-12-07,RAIL3,22.39
2023-12-07,RDOR3,26.3
2023-12-07,RENT3,61.49
2023-12-07,SANB11,30.71
2023-12-07,SBSP3,67.94
2023-12-07,SMFT3,24.11
2023-12-07,SUZB3,50.91
2023-12-07,TAEE11,35.97
2023-12-07,TEND3,14.1
2023-12-07,TIMS3,17.73
2023-12-07,TOTS3,34.6
2023-12-07,UGPA3,25.5
2023-12-07,USIM5,8.37
2023-12-07,VALE3,72.6
2023-12-07,VAMO3,9.43
2023-12-07,VBBR3,21.99
2023-12-07,VIVA3,30.31
2023-12-07,VIVT3,53.23
2023-12-07,WEGE3,35.36
2023-12-07,YDUQ3,21.19
2023-12-08,ABEV3,14.31
2023-12-08,ALOS3,24.98
2023-12-08,ASAI3,11.98
2023-12-08,AURE3,14.93
2023-12-08,B3SA3,13.54
2023-12-08,BBAS3,54.45
2023-12-08,BBDC3,14.51
2023-12-08,BBDC4,16.46
2023-12-08,BBSE3,31.11
2023-12-08,BEEF3,7.27
2023-12-08,BPAC11,34.37
2023-12-08,BRAP4,24.29
2023-12-08,CCRO3,14.05
2023-12-08,CEAB3,8.42
2023-12-08,CMIG4,10.92
2023-12-08,CMIN3,7.14
2023-12-08,COGN3,3.33
2023-12-08,CPFE3,37.05
2023-12-08,CPLE3,8.89
2023-12-08,CSAN3,17.52
2023-12-08,CSMG3,19.97
2023-12-08,CSNA3,17.2
2023-12-08,CURY3,16.59
2023-12-08,CXSE3,11.81
2023-12-08,CYRE3,22.83
2023-12-08,DIRR3,19.95
2023-12-08,EGIE3,43.75
2023-12-08,ELET3,40.9
2023-12-08,EMBR3,23.14
2023-12-08,ENEV3,12.73
2023-12-08,ENGI11,52.15
2023-12-08,EQTL3,34.25
2023-12-08,FLRY3,17.49
2023-12-08,GGBR4,22.51
2023-12-08,GOAU4,10.29
2023-12-08,HAPV3,4.35
2023-12-08,HYPE3,35.56
2023-12-08,IGTI11,23.28
2023-12-08,ITSA4,9.86
2023-12-08,ITUB4,32.02
2023-12-08,KLBN11,20.74
2023-12-08,LREN3,16.45
2023-12-08,MGLU3,2.13
2023-12-08,MRFG3,9.53
2023-12-08,MRVE3,9.43
2023-12-08,MULT3,27.54
2023-12-08,NTCO3,16.93
2023-12-08,PETR3,36.66
2023-12-08,PETR4,34.49
2023-12-08,POMO4,6.95
2023-12-08,PRIO3,44.55
2023-12-08,PSSA3,28.14
2023-12-08,RADL3,28.19
2023-12-08,RAIL3,22.17
2023-12-08,RDOR3,26.5
2023-12-08,RENT3,61.08
2023-12-08,SANB11,31.1
2023-12-08,SBSP3,67.66
2023-12-08,SMFT3,24.72
2023-12-08,SUZB3,50.77
2023-12-08,TAEE11,36.1
2023-12-08,TEND3,14.62
2023-12-08,TIMS3,17.91
2023-12-08,TOTS3,34.36
2023-12-08,UGPA3,25.9
2023-12-08,USIM5,8.48
2023-12-08,VALE3,72.8
2023-12-08,VAMO3,9.28
2023-12-08,VBBR3,22.5
2023-12-08,VIVA3,31.2
2023-12-08,VIVT3,53.5
2023-12-08,WEGE3,34.65
2023-12-08,YDUQ3,21.61
2023-12-11,ABEV3,14.32
2023-12-11,ALOS3,25.08
2023-12-11,ASAI3,11.91
2023-12-11,AURE3,13.3
2023-12-11,B3SA3,13.93
2023-12-11,BBAS3,54.44
2023-12-11,BBDC3,14.42
2023-12-11,BBDC4,16.33
2023-12-11,BBSE3,31.18
2023-12-11,BEEF3,7.22
2023-12-11,BPAC11,34.52
2023-12-11,BRAP4,24.31
2023-12-11,CCRO3,14.06
2023-12-11,CEAB3,8.37
2023-12-11,CMIG4,10.84
2023-12-11,CMIN3,7.02
2023-12-11,COGN3,3.22
2023-12-11,CPFE3,36.88
2023-12-11,CPLE3,8.89
2023-12-11,CSAN3,17.29
2023-12-11,CSMG3,20.05
2023-12-11,CSNA3,17.14
2023-12-11,CURY3,16.47
2023-12-11,CXSE3,11.9
2023-12-11,CYRE3,22.53
2023-12-11,DIRR3,19.85
2023-12-11,EGIE3,43.7
2023-12-11,ELET3,40.86
2023-12-11,EMBR3,23.8
2023-12-11,ENEV3,12.64
2023-12-11,ENGI11,51.75
2023-12-11,EQTL3,34.13
2023-12-11,FLRY3,17.45
2023-12-11,GGBR4,22.54
2023-12-11,GOAU4,10.34
2023-12-11,HAPV3,4.23
2023-12-11,HYPE3,35.2
2023-12-11,IGTI11,23.2
2023-12-11,ITSA4,9.77
2023-12-11,ITUB4,31.8
2023-12-11,KLBN11,20.94
2023-12-11,LREN3,16.27
2023-12-11,MGLU3,2.23
2023-12-11,MRFG3,9.55
2023-12-11,MRVE3,9.34
2023-12-11,MULT3,27.63
2023-12-11,NTCO3,17.07
2023-12-11,PETR3,36.55
2023-12-11,PETR4,34.36
2023-12-11,POMO4,6.83
2023-12-11,PRIO3,44.68
2023-12-11,PSSA3,28.13
2023-12-11,RADL3,28.25
2023-12-11,RAIL3,22.15
2023-12-11,RDOR3,26.26
2023-12-11,RENT3,61.13
2023-12-11,SANB11,31.01
2023-12-11,SBSP3,68.95
2023-12-11,SMFT3,24.45
2023-12-11,SUZB3,51.4
2023-12-11,TAEE11,35.81
2023-12-11,TEND3,14.15
2023-12-11,TIMS3,17.93
2023-12-11,TOTS3,33.74
2023-12-11,UGPA3,25.92
2023-12-11,USIM5,8.5
2023-12-11,VALE3,72.86
2023-12-11,VAMO3,9.23
2023-12-11,VBBR3,22.05
2023-12-11,VIVA3,31.71
2023-12-11,VIVT3,52.91
2023-12-11,WEGE3,34.87
2023-12-11,YDUQ3,20.91
2023-12-12,ABEV3,14.23
2023-12-12,ALOS3,25.2
2023-12-12,ASAI3,12.07
2023-12-12,AURE3,13.1
2023-12-12,B3SA3,13.85
2023-12-12,BBAS3,52.5
2023-12-12,BBDC3,14.46
2023-12-12,BBDC4,16.25
2023-12-12,BBSE3,31.21
2023-12-12,BEEF3,7.29
2023-12-12,BPAC11,34.36
2023-12-12,BRAP4,24.25
2023-12-12,CCRO3,13.91
2023-12-12,CEAB3,8.57
2023-12-12,CMIG4,10.98
2023-12-12,CMIN3,7.09
2023-12-12,COGN3,3.23
2023-12-12,CPFE3,37.08
2023-12-12,CPLE3,8.91
2023-12-12,CSAN3,17.15
2023-12-12,CSMG3,20.11
2023-12-12,CSNA3,17.15
2023-12-12,CURY3,16.64
2023-12-12,CXSE3,12.02
2023-12-12,CYRE3,22.43
2023-12-12,DIRR3,20.04
2023-12-12,EGIE3,43.84
2023-12-12,ELET3,40.63
2023-12-12,EMBR3,23.89
2023-12-12,ENEV3,12.76
2023-12-12,ENGI11,51.81
2023-12-12,EQTL3,34.09
2023-12-12,FLRY3,17.63
2023-12-12,GGBR4,22.7
2023-12-12,GOAU4,10.27
2023-12-12,HAPV3,4.15
2023-12-12,HYPE3,35.43
2023-12-12,IGTI11,23.41
2023-12-12,ITSA4,9.72
2023-12-12,ITUB4,31.64
2023-12-12,KLBN11,20.85
2023-12-12,LREN3,16.19
2023-12-12,MGLU3,2.28
2023-12-12,MRFG3,9.56
2023-12-12,MRVE3,9.6
2023-12-12,MULT3,27.58
2023-12-12,NTCO3,16.99
2023-12-12,PETR3,35.99
2023-12-12,PETR4,34.08
2023-12-12,POMO4,6.65
2023-12-12,PRIO3,43.8
2023-12-12,PSSA3,28.25
2023-12-12,RADL3,28.45
2023-12-12,RAIL3,22.33
2023-12-12,RDOR3,26.74
2023-12-12,RENT3,60.52
2023-12-12,SANB11,30.77
2023-12-12,SBSP3,69.23
2023-12-12,SMFT3,24.92
2023-12-12,SUZB3,50.96
2023-12-12,TAEE11,35.89
2023-12-12,TEND3,14.23
2023-12-12,TIMS3,17.84
2023-12-12,TOTS3,32.55
2023-12-12,UGPA3,25.44
2023-12-12,USIM5,8.5
2023-12-12,VALE3,72.99
2023-12-12,VAMO3,9.14
2023-12-12,VBBR3,21.49
2023-12-12,VIVA3,31.23
2023-12-12,VIVT3,53.36
2023-12-12,WEGE3,35.03
2023-12-12,YDUQ3,20.93
2023-12-13,ABEV3,14.7
2023-12-13,ALOS3,26.17
2023-12-13,ASAI3,12.94
2023-12-13,AURE3,13.21
2023-12-13,B3SA3,14.43
2023-12-13,BBAS3,52.98
2023-12-13,BBDC3,14.96
2023-12-13,BBDC4,16.96
2023-12-13,BBSE3,31.05
2023-12-13,BEEF3,7.4
2023-12-13,BPAC11,35.78
2023-12-13,BRAP4,24.37
2023-12-13,CCRO3,14.2
2023-12-13,CEAB3,8.79
2023-12-13,CMIG4,11.32
2023-12-13,CMIN3,7.3
2023-12-13,COGN3,3.37
2023-12-13,CPFE3,37.59
2023-12-13,CPLE3,9.14
2023-12-13,CSAN3,18.11
2023-12-13,CSMG3,20.61
2023-12-13,CSNA3,17.52
2023-12-13,CURY3,17.68
2023-12-13,CXSE3,12.08
2023-12-13,CYRE3,23.66
2023-12-13,DIRR3,21.1
2023-12-13,EGIE3,44.33
2023-12-13,ELET3,41.81
2023-12-13,EMBR3,24.36
2023-12-13,ENEV3,13.26
2023-12-13,ENGI11,52.42
2023-12-13,EQTL3,34.5
2023-12-13,FLRY3,18.25
2023-12-13,GGBR4,23.0
2023-12-13,GOAU4,10.48
2023-12-13,HAPV3,4.51
2023-12-13,HYPE3,36.54
2023-12-13,IGTI11,24.04
2023-12-13,ITSA4,10.01
2023-12-13,ITUB4,32.6
2023-12-13,KLBN11,21.52
2023-12-13,LREN3,16.73
2023-12-13,MGLU3,2.53
2023-12-13,MRFG3,9.81
2023-12-13,MRVE3,10.39
2023-12-13,MULT3,28.11
2023-12-13,NTCO3,17.25
2023-12-13,PETR3,36.47
2023-12-13,PETR4,34.57
2023-12-13,POMO4,6.71
2023-12-13,PRIO3,45.3
2023-12-13,PSSA3,28.42
2023-12-13,RADL3,29.56
2023-12-13,RAIL3,22.34
2023-12-13,RDOR3,28.28
2023-12-13,RENT3,62.92
2023-12-13,SANB11,31.75
2023-12-13,SBSP3,71.45
2023-12-13,SMFT3,25.82
2023-12-13,SUZB3,51.85
2023-12-13,TAEE11,36.75
2023-12-13,TEND3,14.51
2023-12-13,TIMS3,18.24
2023-12-13,TOTS3,33.95
2023-12-13,UGPA3,25.76
2023-12-13,USIM5,8.59
2023-12-13,VALE3,73.0
2023-12-13,VAMO3,9.79
2023-12-13,VBBR3,21.71
2023-12-13,VIVA3,32.86
2023-12-13,VIVT3,54.12
2023-12-13,WEGE3,36.06
2023-12-13,YDUQ3,22.38
2023-12-14,ABEV3,14.5
2023-12-14,ALOS3,26.84
2023-12-14,ASAI3,13.36
2023-12-14,AURE3,13.45
2023-12-14,B3SA3,14.83
2023-12-14,BBAS3,53.33
2023-12-14,BBDC3,15.31
2023-12-14,BBDC4,17.25
2023-12-14,BBSE3,31.64
2023-12-14,BEEF3,7.38
2023-12-14,BPAC11,36.84
2023-12-14,BRAP4,24.51
2023-12-14,CCRO3,14.32
2023-12-14,CEAB3,8.69
2023-12-14,CMIG4,11.42
2023-12-14,CMIN3,7.15
2023-12-14,COGN3,3.43
2023-12-14,CPFE3,37.73
2023-12-14,CPLE3,9.16
2023-12-14,CSAN3,18.62
2023-12-14,CSMG3,19.92
2023-12-14,CSNA3,17.61
2023-12-14,CURY3,18.0
2023-12-14,CXSE3,11.99
2023-12-14,CYRE3,24.31
2023-12-14,DIRR3,21.58
2023-12-14,EGIE3,44.7
2023-12-14,ELET3,41.64
2023-12-14,EMBR3,23.9
2023-12-14,ENEV3,13.46
2023-12-14,ENGI11,51.7
2023-12-14,EQTL3,34.71
2023-12-14,FLRY3,18.4
2023-12-14,GGBR4,23.47
2023-12-14,GOAU4,10.66
2023-12-14,HAPV3,4.63
2023-12-14,HYPE3,36.32
2023-12-14,IGTI11,24.54
2023-12-14,ITSA4,10.13
2023-12-14,ITUB4,32.87
2023-12-14,KLBN11,21.85
2023-12-14,LREN3,17.45
2023-12-14,MGLU3,2.43
2023-12-14,MRFG3,9.64
2023-12-14,MRVE3,10.83
2023-12-14,MULT3,28.72
2023-12-14,NTCO3,16.35
2023-12-14,PETR3,37.32
2023-12-14,PETR4,35.32
2023-12-14,POMO4,6.81
2023-12-14,PRIO3,47.28
2023-12-14,PSSA3,28.29
2023-12-14,RADL3,29.49
2023-12-14,RAIL3,22.95
2023-12-14,RDOR3,28.5
2023-12-14,RENT3,65.31
2023-12-14,SANB11,31.8
2023-12-14,SBSP3,71.3
2023-12-14,SMFT3,25.41
2023-12-14,SUZB3,52.41
2023-12-14,TAEE11,36.95
2023-12-14,TEND3,14.89
2023-12-14,TIMS3,18.47
2023-12-14,TOTS3,34.19
2023-12-14,UGPA3,26.02
2023-12-14,USIM5,8.72
2023-12-14,VALE3,73.4
2023-12-14,VAMO3,9.75
2023-12-14,VBBR3,21.69
2023-12-14,VIVA3,33.64
2023-12-14,VIVT3,54.35
2023-12-14,WEGE3,36.3
2023-12-14,YDUQ3,23.03
2023-12-15,ABEV3,14.47
2023-12-15,ALOS3,26.83
2023-12-15,ASAI3,12.87
2023-12-15,AURE3,13.49
2023-12-15,B3SA3,14.67
2023-12-15,BBAS3,54.61
2023-12-15,BBDC3,15.5
2023-12-15,BBDC4,17.42
2023-12-15,BBSE3,32.07
2023-12-15,BEEF3,7.25
2023-12-15,BPAC11,36.49
2023-12-15,BRAP4,24.41
2023-12-15,CCRO3,14.21
2023-12-15,CEAB3,8.2
2023-12-15,CMIG4,11.35
2023-12-15,CMIN3,7.16
2023-12-15,COGN3,3.48
2023-12-15,CPFE3,37.78
2023-12-15,CPLE3,9.16
2023-12-15,CSAN3,18.42
2023-12-15,CSMG3,19.91
2023-12-15,CSNA3,18.03
2023-12-15,CURY3,17.14
2023-12-15,CXSE3,11.99
2023-12-15,CYRE3,23.6
2023-12-15,DIRR3,21.27
2023-12-15,EGIE3,44.91
2023-12-15,ELET3,40.78
2023-12-15,EMBR3,23.87
2023-12-15,ENEV3,13.22
2023-12-15,ENGI11,50.5
2023-12-15,EQTL3,34.29
2023-12-15,FLRY3,18.58
2023-12-15,GGBR4,23.23
2023-12-15,GOAU4,10.47
2023-12-15,HAPV3,4.38
2023-12-15,HYPE3,34.99
2023-12-15,IGTI11,24.71
2023-12-15,ITSA4,10.14
2023-12-15,ITUB4,32.73
2023-12-15,KLBN11,21.56
2023-12-15,LREN3,17.3
2023-12-15,MGLU3,2.21
2023-12-15,MRFG3,9.16
2023-12-15,MRVE3,10.85
2023-12-15,MULT3,28.92
2023-12-15,NTCO3,15.91
2023-12-15,PETR3,37.03
2023-12-15,PETR4,35.4
2023-12-15,POMO4,6.89
2023-12-15,PRIO3,46.25
2023-12-15,PSSA3,28.88
2023-12-15,RADL3,29.48
2023-12-15,RAIL3,22.82
2023-12-15,RDOR3,28.03
2023-12-15,RENT3,64.04
2023-12-15,SANB11,31.41
2023-12-15,SBSP3,71.17
2023-12-15,SMFT3,25.46
2023-12-15,SUZB3,52.63
2023-12-15,TAEE11,37.21
2023-12-15,TEND3,14.78
2023-12-15,TIMS3,18.12
2023-12-15,TOTS3,33.92
2023-12-15,UGPA3,25.42
2023-12-15,USIM5,8.83
2023-12-15,VALE3,73.86
2023-12-15,VAMO3,9.94
2023-12-15,VBBR3,21.99
2023-12-15,VIVA3,33.49
2023-12-15,VIVT3,53.62
2023-12-15,WEGE3,36.03
2023-12-15,YDUQ3,22.61
2023-12-18,ABEV3,14.55
2023-12-18,ALOS3,26.67
2023-12-18,ASAI3,13.21
2023-12-18,AURE3,13.35
2023-12-18,B3SA3,14.74
2023-12-18,BBAS3,54.65
2023-12-18,BBDC3,15.57
2023-12-18,BBDC4,17.55
2023-12-18,BBSE3,32.53
2023-12-18,BEEF3,7.4
2023-12-18,BPAC11,37.0
2023-12-18,BRAP4,24.6
2023-12-18,CCRO3,14.25
2023-12-18,CEAB3,8.12
2023-12-18,CMIG4,11.52
2023-12-18,CMIN3,7.17
2023-12-18,COGN3,3.5
2023-12-18,CPFE3,38.15
2023-12-18,CPLE3,9.09
2023-12-18,CSAN3,18.67
2023-12-18,CSMG3,20.69
2023-12-18,CSNA3,18.53
2023-12-18,CURY3,17.1
2023-12-18,CXSE3,12.12
2023-12-18,CYRE3,24.38
2023-12-18,DIRR3,21.41
2023-12-18,EGIE3,44.11
2023-12-18,ELET3,41.56
2023-12-18,EMBR3,23.38
2023-12-18,ENEV3,13.42
2023-12-18,ENGI11,51.38
2023-12-18,EQTL3,34.5
2023-12-18,FLRY3,18.11
2023-12-18,GGBR4,23.54
2023-12-18,GOAU4,10.74
2023-12-18,HAPV3,4.51
2023-12-18,HYPE3,35.65
2023-12-18,IGTI11,24.53
2023-12-18,ITSA4,10.14
2023-12-18,ITUB4,32.89
2023-12-18,KLBN11,21.06
2023-12-18,LREN3,17.3
2023-12-18,MGLU3,2.18
2023-12-18,MRFG3,9.22
2023-12-18,MRVE3,10.9
2023-12-18,MULT3,28.71
2023-12-18,NTCO3,16.41
2023-12-18,PETR3,37.79
2023-12-18,PETR4,35.84
2023-12-18,POMO4,6.88
2023-12-18,PRIO3,46.1
2023-12-18,PSSA3,28.64
2023-12-18,RADL3,28.97
2023-12-18,RAIL3,22.21
2023-12-18,RDOR3,28.54
2023-12-18,RENT3,64.37
2023-12-18,SANB11,31.63
2023-12-18,SBSP3,72.21
2023-12-18,SMFT3,25.22
2023-12-18,SUZB3,52.55
2023-12-18,TAEE11,37.0
2023-12-18,TEND3,14.93
2023-12-18,TIMS3,18.35
2023-12-18,TOTS3,33.74
2023-12-18,UGPA3,25.7
2023-12-18,USIM5,8.85
2023-12-18,VALE3,74.21
2023-12-18,VAMO3,9.99
2023-12-18,VBBR3,21.92
2023-12-18,VIVA3,33.4
2023-12-18,VIVT3,53.91
2023-12-18,WEGE3,36.04
2023-12-18,YDUQ3,22.84
2023-12-19,ABEV3,14.7
2023-12-19,ALOS3,26.44
2023-12-19,ASAI3,13.4
2023-12-19,AURE3,13.37
2023-12-19,B3SA3,14.55
2023-12-19,BBAS3,54.85
2023-12-19,BBDC3,15.69
2023-12-19,BBDC4,17.55
2023-12-19,BBSE3,33.37
2023-12-19,BEEF3,7.42
2023-12-19,BPAC11,37.06
2023-12-19,BRAP4,24.96
2023-12-19,CCRO3,14.53
2023-12-19,CEAB3,7.79
2023-12-19,CMIG4,11.69
2023-12-19,CMIN3,7.4
2023-12-19,COGN3,3.45
2023-12-19,CPFE3,38.68
2023-12-19,CPLE3,9.13
2023-12-19,CSAN3,18.74
2023-12-19,CSMG3,20.09
2023-12-19,CSNA3,18.7
2023-12-19,CURY3,17.61
2023-12-19,CXSE3,12.53
2023-12-19,CYRE3,24.29
2023-12-19,DIRR3,21.51
2023-12-19,EGIE3,44.1
2023-12-19,ELET3,41.9
2023-12-19,EMBR3,22.74
2023-12-19,ENEV3,13.53
2023-12-19,ENGI11,52.15
2023-12-19,EQTL3,34.78
2023-12-19,FLRY3,18.41
2023-12-19,GGBR4,22.96
2023-12-19,GOAU4,10.62
2023-12-19,HAPV3,4.46
2023-12-19,HYPE3,36.37
2023-12-19,IGTI11,24.43
2023-12-19,ITSA4,10.12
2023-12-19,ITUB4,32.91
2023-12-19,KLBN11,21.28
2023-12-19,LREN3,17.34
2023-12-19,MGLU3,2.16
2023-12-19,MRFG3,9.21
2023-12-19,MRVE3,10.89
2023-12-19,MULT3,28.81
2023-12-19,NTCO3,16.6
2023-12-19,PETR3,38.04
2023-12-19,PETR4,36.25
2023-12-19,POMO4,6.84
2023-12-19,PRIO3,46.71
2023-12-19,PSSA3,28.54
2023-12-19,RADL3,29.33
2023-12-19,RAIL3,22.4
2023-12-19,RDOR3,28.21
2023-12-19,RENT3,64.35
2023-12-19,SANB11,31.92
2023-12-19,SBSP3,72.78
2023-12-19,SMFT3,24.91
2023-12-19,SUZB3,52.97
2023-12-19,TAEE11,37.43
2023-12-19,TEND3,15.16
2023-12-19,TIMS3,18.16
2023-12-19,TOTS3,34.45
2023-12-19,UGPA3,26.03
2023-12-19,USIM5,8.86
2023-12-19,VALE3,74.73
2023-12-19,VAMO3,10.04
2023-12-19,VBBR3,21.82
2023-12-19,VIVA3,33.6
2023-12-19,VIVT3,53.57
2023-12-19,WEGE3,36.42
2023-12-19,YDUQ3,22.91
2023-12-20,ABEV3,13.74
2023-12-20,ALOS3,25.95
2023-12-20,ASAI3,13.36
2023-12-20,AURE3,13.39
2023-12-20,B3SA3,14.17
2023-12-20,BBAS3,54.21
2023-12-20,BBDC3,15.47
2023-12-20,BBDC4,17.26
2023-12-20,BBSE3,33.15
2023-12-20,BEEF3,7.28
2023-12-20,BPAC11,36.63
2023-12-20,BRAP4,24.85
2023-12-20,CCRO3,14.2
2023-12-20,CEAB3,8.08
2023-12-20,CMIG4,11.56
2023-12-20,CMIN3,7.25
2023-12-20,COGN3,3.43
2023-12-20,CPFE3,38.26
2023-12-20,CPLE3,9.1
2023-12-20,CSAN3,18.68
2023-12-20,CSMG3,20.31
2023-12-20,CSNA3,18.38
2023-12-20,CURY3,17.7
2023-12-20,CXSE3,12.56
2023-12-20,CYRE3,24.01
2023-12-20,DIRR3,21.26
2023-12-20,EGIE3,44.16
2023-12-20,ELET3,41.21
2023-12-20,EMBR3,22.47
2023-12-20,ENEV3,13.57
2023-12-20,ENGI11,51.54
2023-12-20,EQTL3,35.32
2023-12-20,FLRY3,18.22
2023-12-20,GGBR4,22.77
2023-12-20,GOAU4,10.49
2023-12-20,HAPV3,4.34
2023-12-20,HYPE3,35.38
2023-12-20,IGTI11,24.08
2023-12-20,ITSA4,10.02
2023-12-20,ITUB4,32.57
2023-12-20,KLBN11,21.27
2023-12-20,LREN3,17.11
2023-12-20,MGLU3,2.1
2023-12-20,MRFG3,9.59
2023-12-20,MRVE3,10.89
2023-12-20,MULT3,28.7
2023-12-20,NTCO3,16.67
2023-12-20,PETR3,38.11
2023-12-20,PETR4,36.38
2023-12-20,POMO4,6.97
2023-12-20,PRIO3,45.54
2023-12-20,PSSA3,28.32
2023-12-20,RADL3,28.68
2023-12-20,RAIL3,22.6
2023-12-20,RDOR3,27.54
2023-12-20,RENT3,63.21
2023-12-20,SANB11,31.31
2023-12-20,SBSP3,72.6
2023-12-20,SMFT3,25.15
2023-12-20,SUZB3,53.9
2023-12-20,TAEE11,37.32
2023-12-20,TEND3,15.15
2023-12-20,TIMS3,18.11
2023-12-20,TOTS3,33.06
2023-12-20,UGPA3,25.75
2023-12-20,USIM5,8.8
2023-12-20,VALE3,74.49
2023-12-20,VAMO3,9.5
2023-12-20,VBBR3,21.72
2023-12-20,VIVA3,33.38
2023-12-20,VIVT3,53.47
2023-12-20,WEGE3,36.16
2023-12-20,YDUQ3,22.74
2023-12-21,ABEV3,13.7
2023-12-21,ALOS3,26.6
2023-12-21,ASAI3,13.24
2023-12-21,AURE3,13.33
2023-12-21,B3SA3,14.49
2023-12-21,BBAS3,54.29
2023-12-21,BBDC3,15.46
2023-12-21,BBDC4,17.27
2023-12-21,BBSE3,33.15
2023-12-21,BEEF3,7.39
2023-12-21,BPAC11,36.66
2023-12-21,BRAP4,25.43
2023-12-21,CCRO3,14.35
2023-12-21,CEAB3,8.18
2023-12-21,CMIG4,11.49
2023-12-21,CMIN3,7.42
2023-12-21,COGN3,3.42
2023-12-21,CPFE3,38.66
2023-12-21,CPLE3,9.22
2023-12-21,CSAN3,19.0
2023-12-21,CSMG3,20.69
2023-12-21,CSNA3,19.05
2023-12-21,CURY3,17.67
2023-12-21,CXSE3,12.65
2023-12-21,CYRE3,23.78
2023-12-21,DIRR3,21.31
2023-12-21,EGIE3,44.6
2023-12-21,ELET3,41.6
2023-12-21,EMBR3,22.63
2023-12-21,ENEV3,13.52
2023-12-21,ENGI11,51.46
2023-12-21,EQTL3,35.29
2023-12-21,FLRY3,18.27
2023-12-21,GGBR4,23.4
2023-12-21,GOAU4,10.72
2023-12-21,HAPV3,4.33
2023-12-21,HYPE3,35.65
2023-12-21,IGTI11,24.2
2023-12-21,ITSA4,10.1
2023-12-21,ITUB4,32.79
2023-12-21,KLBN11,21.75
2023-12-21,LREN3,17.32
2023-12-21,MGLU3,2.09
2023-12-21,MRFG3,9.79
2023-12-21,MRVE3,10.69
2023-12-21,MULT3,28.85
2023-12-21,NTCO3,16.59
2023-12-21,PETR3,38.11
2023-12-21,PETR4,36.39
2023-12-21,POMO4,7.28
2023-12-21,PRIO3,45.16
2023-12-21,PSSA3,28.6
2023-12-21,RADL3,29.02
2023-12-21,RAIL3,22.82
2023-12-21,RDOR3,27.91
2023-12-21,RENT3,64.53
2023-12-21,SANB11,31.38
2023-12-21,SBSP3,74.24
2023-12-21,SMFT3,25.37
2023-12-21,SUZB3,54.45
2023-12-21,TAEE11,37.35
2023-12-21,TEND3,14.79
2023-12-21,TIMS3,18.0
2023-12-21,TOTS3,33.35
2023-12-21,UGPA3,26.26
2023-12-21,USIM5,9.13
2023-12-21,VALE3,76.97
2023-12-21,VAMO3,9.79
2023-12-21,VBBR3,22.35
2023-12-21,VIVA3,33.65
2023-12-21,VIVT3,53.2
2023-12-21,WEGE3,36.39
2023-12-21,YDUQ3,22.92
2023-12-22,ABEV3,13.71
2023-12-22,ALOS3,26.4
2023-12-22,ASAI3,13.41
2023-12-22,AURE3,13.33
2023-12-22,B3SA3,14.51
2023-12-22,BBAS3,54.44
2023-12-22,BBDC3,15.05
2023-12-22,BBDC4,16.83
2023-12-22,BBSE3,33.36
2023-12-22,BEEF3,7.38
2023-12-22,BPAC11,36.8
2023-12-22,BRAP4,25.43
2023-12-22,CCRO3,14.35
2023-12-22,CEAB3,8.02
2023-12-22,CMIG4,11.01
2023-12-22,CMIN3,7.42
2023-12-22,COGN3,3.48
2023-12-22,CPFE3,38.74
2023-12-22,CPLE3,9.35
2023-12-22,CSAN3,19.19
2023-12-22,CSMG3,20.54
2023-12-22,CSNA3,19.11
2023-12-22,CURY3,17.61
2023-12-22,CXSE3,12.6
2023-12-22,CYRE3,24.22
2023-12-22,DIRR3,21.65
2023-12-22,EGIE3,44.57
2023-12-22,ELET3,41.97
2023-12-22,EMBR3,22.74
2023-12-22,ENEV3,13.65
2023-12-22,ENGI11,51.91
2023-12-22,EQTL3,35.21
2023-12-22,FLRY3,18.55
2023-12-22,GGBR4,23.65
2023-12-22,GOAU4,10.81
2023-12-22,HAPV3,4.35
2023-12-22,HYPE3,36.22
2023-12-22,IGTI11,24.11
2023-12-22,ITSA4,10.25
2023-12-22,ITUB4,33.31
2023-12-22,KLBN11,21.9
2023-12-22,LREN3,17.71
2023-12-22,MGLU3,2.12
2023-12-22,MRFG3,9.81
2023-12-22,MRVE3,10.72
2023-12-22,MULT3,28.58
2023-12-22,NTCO3,16.41
2023-12-22,PETR3,38.62
2023-12-22,PETR4,36.74
2023-12-22,POMO4,7.01
2023-12-22,PRIO3,45.37
2023-12-22,PSSA3,29.05
2023-12-22,RADL3,28.89
2023-12-22,RAIL3,22.9
2023-12-22,RDOR3,28.19
2023-12-22,RENT3,64.52
2023-12-22,SANB11,31.54
2023-12-22,SBSP3,74.88
2023-12-22,SMFT3,25.73
2023-12-22,SUZB3,54.94
2023-12-22,TAEE11,37.62
2023-12-22,TEND3,14.53
2023-12-22,TIMS3,17.89
2023-12-22,TOTS3,32.85
2023-12-22,UGPA3,26.3
2023-12-22,USIM5,9.28
2023-12-22,VALE3,76.39
2023-12-22,VAMO3,9.73
2023-12-22,VBBR3,22.51
2023-12-22,VIVA3,33.86
2023-12-22,VIVT3,53.58
2023-12-22,WEGE3,36.51
2023-12-22,YDUQ3,22.28
2023-12-26,ABEV3,13.77
2023-12-26,ALOS3,26.63
2023-12-26,ASAI3,13.37
2023-12-26,AURE3,13.32
2023-12-26,B3SA3,14.66
2023-12-26,BBAS3,54.94
2023-12-26,BBDC3,15.11
2023-12-26,BBDC4,16.88
2023-12-26,BBSE3,33.61
2023-12-26,BEEF3,7.5
2023-12-26,BPAC11,37.29
2023-12-26,BRAP4,25.5
2023-12-26,CCRO3,14.35
2023-12-26,CEAB3,7.83
2023-12-26,CMIG4,11.22
2023-12-26,CMIN3,7.63
2023-12-26,COGN3,3.44
2023-12-26,CPFE3,38.61
2023-12-26,CPLE3,9.45
2023-12-26,CSAN3,19.25
2023-12-26,CSMG3,20.36
2023-12-26,CSNA3,19.36
2023-12-26,CURY3,17.61
2023-12-26,CXSE3,12.68
2023-12-26,CYRE3,24.16
2023-12-26,DIRR3,21.52
2023-12-26,EGIE3,44.79
2023-12-26,ELET3,42.09
2023-12-26,EMBR3,22.52
2023-12-26,ENEV3,13.58
2023-12-26,ENGI11,52.95
2023-12-26,EQTL3,35.21
2023-12-26,FLRY3,18.52
2023-12-26,GGBR4,23.6
2023-12-26,GOAU4,10.81
2023-12-26,HAPV3,4.31
2023-12-26,HYPE3,35.97
2023-12-26,IGTI11,24.29
2023-12-26,ITSA4,10.28
2023-12-26,ITUB4,33.65
2023-12-26,KLBN11,21.87
2023-12-26,LREN3,17.58
2023-12-26,MGLU3,2.11
2023-12-26,MRFG3,9.78
2023-12-26,MRVE3,10.75
2023-12-26,MULT3,28.48
2023-12-26,NTCO3,16.28
2023-12-26,PETR3,39.2
2023-12-26,PETR4,37.33
2023-12-26,POMO4,6.94
2023-12-26,PRIO3,45.92
2023-12-26,PSSA3,29.0
2023-12-26,RADL3,29.42
2023-12-26,RAIL3,22.91
2023-12-26,RDOR3,28.3
2023-12-26,RENT3,64.2
2023-12-26,SANB11,31.7
2023-12-26,SBSP3,74.15
2023-12-26,SMFT3,25.94
2023-12-26,SUZB3,55.22
2023-12-26,TAEE11,37.7
2023-12-26,TEND3,14.42
2023-12-26,TIMS3,17.85
2023-12-26,TOTS3,33.53
2023-12-26,UGPA3,26.37
2023-12-26,USIM5,9.32
2023-12-26,VALE3,76.66
2023-12-26,VAMO3,9.8
2023-12-26,VBBR3,22.35
2023-12-26,VIVA3,33.9
2023-12-26,VIVT3,53.85
2023-12-26,WEGE3,36.72
2023-12-26,YDUQ3,22.4
2023-12-27,ABEV3,13.84
2023-12-27,ALOS3,26.66
2023-12-27,ASAI3,13.48
2023-12-27,AURE3,13.39
2023-12-27,B3SA3,14.58
2023-12-27,BBAS3,54.86
2023-12-27,BBDC3,15.22
2023-12-27,BBDC4,16.98
2023-12-27,BBSE3,33.38
2023-12-27,BEEF3,7.51
2023-12-27,BPAC11,37.56
2023-12-27,BRAP4,25.62
2023-12-27,CCRO3,14.33
2023-12-27,CEAB3,7.89
2023-12-27,CMIG4,11.26
2023-12-27,CMIN3,7.83
2023-12-27,COGN3,3.48
2023-12-27,CPFE3,38.34
2023-12-27,CPLE3,9.51
2023-12-27,CSAN3,19.54
2023-12-27,CSMG3,20.21
2023-12-27,CSNA3,19.51
2023-12-27,CURY3,17.75
2023-12-27,CXSE3,12.66
2023-12-27,CYRE3,24.08
2023-12-27,DIRR3,21.92
2023-12-27,EGIE3,45.24
2023-12-27,ELET3,42.23
2023-12-27,EMBR3,22.66
2023-12-27,ENEV3,13.6
2023-12-27,ENGI11,53.65
2023-12-27,EQTL3,35.48
2023-12-27,FLRY3,18.49
2023-12-27,GGBR4,23.53
2023-12-27,GOAU4,10.78
2023-12-27,HAPV3,4.38
2023-12-27,HYPE3,36.05
2023-12-27,IGTI11,24.45
2023-12-27,ITSA4,10.36
2023-12-27,ITUB4,33.88
2023-12-27,KLBN11,21.96
2023-12-27,LREN3,17.55
2023-12-27,MGLU3,2.25
2023-12-27,MRFG3,9.77
2023-12-27,MRVE3,11.02
2023-12-27,MULT3,28.43
2023-12-27,NTCO3,16.89
2023-12-27,PETR3,39.14
2023-12-27,PETR4,37.36
2023-12-27,POMO4,6.88
2023-12-27,PRIO3,45.94
2023-12-27,PSSA3,29.4
2023-12-27,RADL3,29.16
2023-12-27,RAIL3,23.0
2023-12-27,RDOR3,28.85
2023-12-27,RENT3,63.6
2023-12-27,SANB11,32.08
2023-12-27,SBSP3,74.86
2023-12-27,SMFT3,26.03
2023-12-27,SUZB3,55.55
2023-12-27,TAEE11,37.76
2023-12-27,TEND3,14.55
2023-12-27,TIMS3,17.98
2023-12-27,TOTS3,33.98
2023-12-27,UGPA3,26.42
2023-12-27,USIM5,9.34
2023-12-27,VALE3,77.4
2023-12-27,VAMO3,9.95
2023-12-27,VBBR3,22.76
2023-12-27,VIVA3,34.09
2023-12-27,VIVT3,53.74
2023-12-27,WEGE3,36.84
2023-12-27,YDUQ3,22.83
2023-12-28,ABEV3,13.73
2023-12-28,ALOS3,26.55
2023-12-28,ASAI3,13.53
2023-12-28,AURE3,13.31
2023-12-28,B3SA3,14.55
2023-12-28,BBAS3,55.39
2023-12-28,BBDC3,15.28
2023-12-28,BBDC4,17.09
2023-12-28,BBSE3,33.65
2023-12-28,BEEF3,7.47
2023-12-28,BPAC11,37.61
2023-12-28,BRAP4,25.66
2023-12-28,CCRO3,14.18
2023-12-28,CEAB3,7.83
2023-12-28,CMIG4,11.48
2023-12-28,CMIN3,7.83
2023-12-28,COGN3,3.49
2023-12-28,CPFE3,38.51
2023-12-28,CPLE3,9.49
2023-12-28,CSAN3,19.36
2023-12-28,CSMG3,20.48
2023-12-28,CSNA3,19.66
2023-12-28,CURY3,17.99
2023-12-28,CXSE3,12.9
2023-12-28,CYRE3,24.08
2023-12-28,DIRR3,22.39
2023-12-28,EGIE3,45.33
2023-12-28,ELET3,42.43
2023-12-28,EMBR3,22.39
2023-12-28,ENEV3,13.61
2023-12-28,ENGI11,53.83
2023-12-28,EQTL3,35.72
2023-12-28,FLRY3,18.04
2023-12-28,GGBR4,23.76
2023-12-28,GOAU4,10.86
2023-12-28,HAPV3,4.45
2023-12-28,HYPE3,35.75
2023-12-28,IGTI11,24.38
2023-12-28,ITSA4,10.37
2023-12-28,ITUB4,33.97
2023-12-28,KLBN11,22.22
2023-12-28,LREN3,17.42
2023-12-28,MGLU3,2.16
2023-12-28,MRFG3,9.7
2023-12-28,MRVE3,11.23
2023-12-28,MULT3,28.42
2023-12-28,NTCO3,16.89
2023-12-28,PETR3,38.98
2023-12-28,PETR4,37.24
2023-12-28,POMO4,7.05
2023-12-28,PRIO3,46.05
2023-12-28,PSSA3,28.74
2023-12-28,RADL3,29.4
2023-12-28,RAIL3,22.95
2023-12-28,RDOR3,28.76
2023-12-28,RENT3,63.6
2023-12-28,SANB11,32.3
2023-12-28,SBSP3,75.37
2023-12-28,SMFT3,26.03
2023-12-28,SUZB3,55.63
2023-12-28,TAEE11,38.38
2023-12-28,TEND3,14.83
2023-12-28,TIMS3,17.93
2023-12-28,TOTS3,33.69
2023-12-28,UGPA3,26.51
2023-12-28,USIM5,9.29
2023-12-28,VALE3,77.2
2023-12-28,VAMO3,10.07
2023-12-28,VBBR3,22.76
2023-12-28,VIVA3,34.25
2023-12-28,VIVT3,53.44
2023-12-28,WEGE3,36.91
2023-12-28,YDUQ3,22.42
