data,ticker,fechamento
2024-01-02,ABEV3,13.71
2024-01-02,ALOS3,25.75
2024-01-02,ALPA4,9.31
2024-01-02,AMER3,0.9
2024-01-02,ARZZ3,62.27
2024-01-02,ASAI3,13.02
2024-01-02,AURE3,13.3
2024-01-02,AZUL4,14.7
2024-01-02,B3SA3,14.17
2024-01-02,BBAS3,54.76
2024-01-02,BBDC3,15.11
2024-01-02,BBDC4,16.75
2024-01-02,BBSE3,33.89
2024-01-02,BEEF3,7.32
2024-01-02,BHIA3,11.1
2024-01-02,BPAC11,37.23
2024-01-02,BPAN4,8.32
2024-01-02,BRAP4,25.41
2024-01-02,BRFS3,13.25
2024-01-02,BRKM5,21.1
2024-01-02,CASH3,7.68
2024-01-02,CCRO3,13.99
2024-01-02,CEAB3,7.52
2024-01-02,CIEL3,4.54
2024-01-02,CMIG4,11.34
2024-01-02,CMIN3,7.89
2024-01-02,COGN3,3.36
2024-01-02,CPFE3,38.41
2024-01-02,CPLE3,9.26
2024-01-02,CPLE6,10.15
2024-01-02,CRFB3,12.01
2024-01-02,CSAN3,19.22
2024-01-02,CSMG3,20.2
2024-01-02,CSNA3,19.41
2024-01-02,CURY3,17.54
2024-01-02,CVCB3,3.28
2024-01-02,CXSE3,12.8
2024-01-02,CYRE3,23.14
2024-01-02,DIRR3,21.87
2024-01-02,DXCO3,7.78
2024-01-02,ECOR3,9.45
2024-01-02,EGIE3,44.52
2024-01-02,ELET3,41.74
2024-01-02,ELET6,46.28
2024-01-02,EMBR3,22.02
2024-01-02,ENEV3,13.29
2024-01-02,ENGI11,52.19
2024-01-02,EQTL3,35.0
2024-01-02,EZTC3,17.47
2024-01-02,FLRY3,17.85
2024-01-02,GGBR4,23.53
2024-01-02,GOAU4,10.77
2024-01-02,GOLL4,8.35
2024-01-02,HAPV3,4.29
2024-01-02,HYPE3,35.16
2024-01-02,IGTI11,23.92
2024-01-02,IRBR3,41.92
2024-01-02,ITSA4,10.17
2024-01-02,ITUB4,33.52
2024-01-02,JBSS3,25.17
2024-01-02,JHSF3,5.36
2024-01-02,KLBN11,21.73
2024-01-02,LOGG3,20.92
2024-01-02,LREN3,17.21
2024-01-02,LWSA3,5.57
2024-01-02,MGLU3,2.05
2024-01-02,MRFG3,9.65
2024-01-02,MRVE3,10.72
2024-01-02,MULT3,27.87
2024-01-02,NTCO3,16.69
2024-01-02,PCAR3,4.19
2024-01-02,PETR3,39.36
2024-01-02,PETR4,37.78
2024-01-02,PETZ3,3.76
2024-01-02,POMO4,7.32
2024-01-02,PRIO3,45.35
2024-01-02,PSSA3,28.56
2024-01-02,QUAL3,3.23
2024-01-02,RADL3,29.21
2024-01-02,RAIL3,22.25
2024-01-02,RAIZ4,4.08
2024-01-02,RDOR3,27.74
2024-01-02,RECV3,20.77
2024-01-02,RENT3,61.26
2024-01-02,RRRP3,26.01
2024-01-02,SANB11,32.05
2024-01-02,SBSP3,73.63
2024-01-02,SLCE3,18.35
2024-01-02,SMFT3,24.83
2024-01-02,SMTO3,28.48
2024-01-02,SOMA3,7.16
2024-01-02,STBP3,9.21
2024-01-02,SUZB3,55.14
2024-01-02,TAEE11,38.13
2024-01-02,TEND3,14.15
2024-01-02,TIMS3,17.73
2024-01-02,TOTS3,33.0
2024-01-02,TRPL4,26.2
2024-01-02,UGPA3,26.58
2024-01-02,USIM5,9.13
2024-01-02,VALE3,77.05
2024-01-02,VAMO3,9.41
2024-01-02,VBBR3,22.97
2024-01-02,VIVA3,34.02
2024-01-02,VIVT3,52.62
2024-01-02,WEGE3,36.57
2024-01-02,YDUQ3,21.37
2024-01-03,ABEV3,13.6
2024-01-03,ALOS3,25.75
2024-01-03,ALPA4,9.59
2024-01-03,AMER3,0.9
2024-01-03,ARZZ3,61.53
2024-01-03,ASAI3,12.94
2024-01-03,AURE3,13.43
2024-01-03,AZUL4,14.21
2024-01-03,B3SA3,14.13
2024-01-03,BBAS3,54.81
2024-01-03,BBDC3,15.1
2024-01-03,BBDC4,16.75
2024-01-03,BBSE3,33.74
2024-01-03,BEEF3,7.23
2024-01-03,BHIA3,10.96
2024-01-03,BPAC11,36.54
2024-01-03,BPAN4,8.28
2024-01-03,BRAP4,25.44
2024-01-03,BRFS3,12.6
2024-01-03,BRKM5,20.5
2024-01-03,CASH3,7.63
2024-01-03,CCRO3,13.97
2024-01-03,CEAB3,7.52
2024-01-03,CIEL3,4.71
2024-01-03,CMIG4,11.47
2024-01-03,CMIN3,7.99
2024-01-03,COGN3,3.37
2024-01-03,CPFE3,38.47
2024-01-03,CPLE3,9.18
2024-01-03,CPLE6,10.08
2024-01-03,CRFB3,12.0
2024-01-03,CSAN3,19.3
2024-01-03,CSMG3,20.47
2024-01-03,CSNA3,19.58
2024-01-03,CURY3,17.15
2024-01-03,CVCB3,3.26
2024-01-03,CXSE3,12.8
2024-01-03,CYRE3,22.74
2024-01-03,DIRR3,21.42
2024-01-03,DXCO3,7.7
2024-01-03,ECOR3,9.43
2024-01-03,EGIE3,44.5
2024-01-03,ELET3,41.69
2024-01-03,ELET6,46.24
2024-01-03,EMBR3,21.56
2024-01-03,ENEV3,13.31
2024-01-03,ENGI11,52.31
2024-01-03,EQTL3,35.19
2024-01-03,EZTC3,17.33
2024-01-03,FLRY3,17.65
2024-01-03,GGBR4,23.27
2024-01-03,GOAU4,10.7
2024-01-03,GOLL4,8.14
2024-01-03,HAPV3,4.24
2024-01-03,HYPE3,34.85
2024-01-03,IGTI11,24.6
2024-01-03,IRBR3,42.46
2024-01-03,ITSA4,10.15
2024-01-03,ITUB4,33.15
2024-01-03,JBSS3,24.47
2024-01-03,JHSF3,5.27
2024-01-03,KLBN11,22.04
2024-01-03,LOGG3,20.92
2024-01-03,LREN3,16.89
2024-01-03,LWSA3,5.51
2024-01-03,MGLU3,2.0
2024-01-03,MRFG3,9.61
2024-01-03,MRVE3,10.45
2024-01-03,MULT3,28.05
2024-01-03,NTCO3,16.76
2024-01-03,PCAR3,4.63
2024-01-03,PETR3,40.7
2024-01-03,PETR4,38.96
2024-01-03,PETZ3,3.71
2024-01-03,POMO4,7.45
2024-01-03,PRIO3,46.88
2024-01-03,PSSA3,28.69
2024-01-03,QUAL3,3.28
2024-01-03,RADL3,29.2
2024-01-03,RAIL3,22.38
2024-01-03,RAIZ4,4.11
2024-01-03,RDOR3,27.49
2024-01-03,RECV3,21.25
2024-01-03,RENT3,60.9
2024-01-03,RRRP3,26.35
2024-01-03,SANB11,32.01
2024-01-03,SBSP3,73.47
2024-01-03,SLCE3,18.48
2024-01-03,SMFT3,25.34
2024-01-03,SMTO3,28.78
2024-01-03,SOMA3,7.54
2024-01-03,STBP3,9.21
2024-01-03,SUZB3,55.45
2024-01-03,TAEE11,38.37
2024-01-03,TEND3,13.1
2024-01-03,TIMS3,17.75
2024-01-03,TOTS3,32.96
2024-01-03,TRPL4,26.07
2024-01-03,UGPA3,26.53
2024-01-03,USIM5,9.08
2024-01-03,VALE3,76.65
2024-01-03,VAMO3,9.62
2024-01-03,VBBR3,23.19
2024-01-03,VIVA3,34.57
2024-01-03,VIVT3,51.93
2024-01-03,WEGE3,36.85
2024-01-03,YDUQ3,20.91
2024-01-04,ABEV3,13.65
2024-01-04,ALOS3,25.22
2024-01-04,ALPA4,8.97
2024-01-04,AMER3,0.88
2024-01-04,ARZZ3,58.76
2024-01-04,ASAI3,13.21
2024-01-04,AURE3,13.33
2024-01-04,AZUL4,13.84
2024-01-04,B3SA3,13.72
2024-01-04,BBAS3,54.23
2024-01-04,BBDC3,14.9
2024-01-04,BBDC4,16.52
2024-01-04,BBSE3,33.98
2024-01-04,BEEF3,7.1
2024-01-04,BHIA3,10.35
2024-01-04,BPAC11,35.96
2024-01-04,BPAN4,7.92
2024-01-04,BRAP4,25.2
2024-01-04,BRFS3,12.57
2024-01-04,BRKM5,20.67
2024-01-04,CASH3,7.68
2024-01-04,CCRO3,13.74
2024-01-04,CEAB3,7.26
2024-01-04,CIEL3,4.63
2024-01-04,CMIG4,11.42
2024-01-04,CMIN3,7.86
2024-01-04,COGN3,3.25
2024-01-04,CPFE3,38.24
2024-01-04,CPLE3,9.06
2024-01-04,CPLE6,10.0
2024-01-04,CRFB3,11.77
2024-01-04,CSAN3,19.04
2024-01-04,CSMG3,20.44
2024-01-04,CSNA3,19.29
2024-01-04,CURY3,16.8
2024-01-04,CVCB3,3.19
2024-01-04,CXSE3,12.82
2024-01-04,CYRE3,21.92
2024-01-04,DIRR3,21.0
2024-01-04,DXCO3,7.46
2024-01-04,ECOR3,9.15
2024-01-04,EGIE3,44.37
2024-01-04,ELET3,41.33
2024-01-04,ELET6,45.93
2024-01-04,EMBR3,21.15
2024-01-04,ENEV3,13.3
2024-01-04,ENGI11,51.95
2024-01-04,EQTL3,34.83
2024-01-04,EZTC3,16.53
2024-01-04,FLRY3,17.43
2024-01-04,GGBR4,23.15
2024-01-04,GOAU4,10.6
2024-01-04,GOLL4,7.93
2024-01-04,HAPV3,4.11
2024-01-04,HYPE3,34.56
2024-01-04,IGTI11,24.15
2024-01-04,IRBR3,41.99
2024-01-04,ITSA4,10.02
2024-01-04,ITUB4,32.93
2024-01-04,JBSS3,24.12
2024-01-04,JHSF3,5.06
2024-01-04,KLBN11,21.87
2024-01-04,LOGG3,20.42
2024-01-04,LREN3,16.23
2024-01-04,LWSA3,5.42
2024-01-04,MGLU3,1.93
2024-01-04,MRFG3,9.37
2024-01-04,MRVE3,9.81
2024-01-04,MULT3,27.8
2024-01-04,NTCO3,16.15
2024-01-04,PCAR3,4.45
2024-01-04,PETR3,40.04
2024-01-04,PETR4,38.63
2024-01-04,PETZ3,3.66
2024-01-04,POMO4,7.2
2024-01-04,PRIO3,46.42
2024-01-04,PSSA3,28.45
2024-01-04,QUAL3,3.14
2024-01-04,RADL3,29.27
2024-01-04,RAIL3,22.4
2024-01-04,RAIZ4,4.02
2024-01-04,RDOR3,27.24
2024-01-04,RECV3,20.69
2024-01-04,RENT3,59.63
2024-01-04,RRRP3,25.82
2024-01-04,SANB11,31.71
2024-01-04,SBSP3,72.61
2024-01-04,SLCE3,18.25
2024-01-04,SMFT3,24.58
2024-01-04,SMTO3,28.13
2024-01-04,SOMA3,7.3
2024-01-04,STBP3,9.19
2024-01-04,SUZB3,54.61
2024-01-04,TAEE11,37.4
2024-01-04,TEND3,11.67
2024-01-04,TIMS3,17.45
2024-01-04,TOTS3,32.1
2024-01-04,TRPL4,26.15
2024-01-04,UGPA3,26.49
2024-01-04,USIM5,8.94
2024-01-04,VALE3,75.62
2024-01-04,VAMO3,9.6
2024-01-04,VBBR3,22.42
2024-01-04,VIVA3,33.62
2024-01-04,VIVT3,51.41
2024-01-04,WEGE3,36.36
2024-01-04,YDUQ3,20.5
2024-01-05,ABEV3,13.6
2024-01-05,ALOS3,25.23
2024-01-05,ALPA4,9.38
2024-01-05,AMER3,0.87
2024-01-05,ARZZ3,60.68
2024-01-05,ASAI3,13.58
2024-01-05,AURE3,13.5
2024-01-05,AZUL4,13.83
2024-01-05,B3SA3,13.97
2024-01-05,BBAS3,54.88
2024-01-05,BBDC3,15.15
2024-01-05,BBDC4,16.88
2024-01-05,BBSE3,33.68
2024-01-05,BEEF3,7.1
2024-01-05,BHIA3,10.4
2024-01-05,BPAC11,36.73
2024-01-05,BPAN4,8.3
2024-01-05,BRAP4,24.88
2024-01-05,BRFS3,12.76
2024-01-05,BRKM5,20.11
2024-01-05,CASH3,7.67
2024-01-05,CCRO3,13.83
2024-01-05,CEAB3,7.24
2024-01-05,CIEL3,4.88
2024-01-05,CMIG4,11.54
2024-01-05,CMIN3,7.86
2024-01-05,COGN3,3.34
2024-01-05,CPFE3,38.26
2024-01-05,CPLE3,9.14
2024-01-05,CPLE6,10.08
2024-01-05,CRFB3,11.66
2024-01-05,CSAN3,19.19
2024-01-05,CSMG3,20.61
2024-01-05,CSNA3,19.24
2024-01-05,CURY3,17.03
2024-01-05,CVCB3,3.18
2024-01-05,CXSE3,13.0
2024-01-05,CYRE3,22.16
2024-01-05,DIRR3,21.31
2024-01-05,DXCO3,7.64
2024-01-05,ECOR3,9.25
2024-01-05,EGIE3,44.3
2024-01-05,ELET3,41.26
2024-01-05,ELET6,45.84
2024-01-05,EMBR3,21.37
2024-01-05,ENEV3,13.51
2024-01-05,ENGI11,52.4
2024-01-05,EQTL3,34.78
2024-01-05,EZTC3,16.55
2024-01-05,FLRY3,17.54
2024-01-05,GGBR4,23.16
2024-01-05,GOAU4,10.65
2024-01-05,GOLL4,8.01
2024-01-05,HAPV3,4.27
2024-01-05,HYPE3,35.23
2024-01-05,IGTI11,24.39
2024-01-05,IRBR3,40.92
2024-01-05,ITSA4,10.23
2024-01-05,ITUB4,33.7
2024-01-05,JBSS3,24.07
2024-01-05,JHSF3,5.08
2024-01-05,KLBN11,22.13
2024-01-05,LOGG3,21.44
2024-01-05,LREN3,16.64
2024-01-05,LWSA3,5.6
2024-01-05,MGLU3,1.97
2024-01-05,MRFG3,9.47
2024-01-05,MRVE3,9.86
2024-01-05,MULT3,27.93
2024-01-05,NTCO3,16.31
2024-01-05,PCAR3,4.1
2024-01-05,PETR3,40.39
2024-01-05,PETR4,38.72
2024-01-05,PETZ3,3.73
2024-01-05,POMO4,7.36
2024-01-05,PRIO3,46.08
2024-01-05,PSSA3,28.56
2024-01-05,QUAL3,3.28
2024-01-05,RADL3,29.5
2024-01-05,RAIL3,22.65
2024-01-05,RAIZ4,4.04
2024-01-05,RDOR3,28.0
2024-01-05,RECV3,21.1
2024-01-05,RENT3,60.5
2024-01-05,RRRP3,26.15
2024-01-05,SANB11,32.13
2024-01-05,SBSP3,72.35
2024-01-05,SLCE3,18.52
2024-01-05,SMFT3,25.01
2024-01-05,SMTO3,28.4
2024-01-05,SOMA3,7.8
2024-01-05,STBP3,9.36
2024-01-05,SUZB3,54.05
2024-01-05,TAEE11,37.6
2024-01-05,TEND3,11.63
2024-01-05,TIMS3,17.2
2024-01-05,TOTS3,32.28
2024-01-05,TRPL4,26.16
2024-01-05,UGPA3,27.1
2024-01-05,USIM5,8.92
2024-01-05,VALE3,74.65
2024-01-05,VAMO3,9.82
2024-01-05,VBBR3,22.83
2024-01-05,VIVA3,33.69
2024-01-05,VIVT3,50.48
2024-01-05,WEGE3,35.97
2024-01-05,YDUQ3,20.8
2024-01-08,ABEV3,13.71
2024-01-08,ALOS3,25.52
2024-01-08,ALPA4,9.69
2024-01-08,AMER3,0.87
2024-01-08,ARZZ3,63.98
2024-01-08,ASAI3,14.17
2024-01-08,AURE3,13.52
2024-01-08,AZUL4,14.89
2024-01-08,B3SA3,14.28
2024-01-08,BBAS3,55.35
2024-01-08,BBDC3,15.1
2024-01-08,BBDC4,16.75
2024-01-08,BBSE3,33.52
2024-01-08,BEEF3,7.14
2024-01-08,BHIA3,11.1
2024-01-08,BPAC11,37.91
2024-01-08,BPAN4,8.51
2024-01-08,BRAP4,24.76
2024-01-08,BRFS3,12.7
2024-01-08,BRKM5,20.51
2024-01-08,CASH3,7.67
2024-01-08,CCRO3,13.99
2024-01-08,CEAB3,7.6
2024-01-08,CIEL3,4.97
2024-01-08,CMIG4,11.75
2024-01-08,CMIN3,7.75
2024-01-08,COGN3,3.37
2024-01-08,CPFE3,38.0
2024-01-08,CPLE3,9.17
2024-01-08,CPLE6,10.05
2024-01-08,CRFB3,11.95
2024-01-08,CSAN3,19.52
2024-01-08,CSMG3,21.07
2024-01-08,CSNA3,19.25
2024-01-08,CURY3,17.73
2024-01-08,CVCB3,3.32
2024-01-08,CXSE3,13.01
2024-01-08,CYRE3,22.78
2024-01-08,DIRR3,21.65
2024-01-08,DXCO3,8.08
2024-01-08,ECOR3,9.35
2024-01-08,EGIE3,43.98
2024-01-08,ELET3,41.06
2024-01-08,ELET6,45.69
2024-01-08,EMBR3,21.68
2024-01-08,ENEV3,13.52
2024-01-08,ENGI11,53.6
2024-01-08,EQTL3,34.7
2024-01-08,EZTC3,17.01
2024-01-08,FLRY3,17.64
2024-01-08,GGBR4,23.36
2024-01-08,GOAU4,10.69
2024-01-08,GOLL4,8.23
2024-01-08,HAPV3,4.43
2024-01-08,HYPE3,36.23
2024-01-08,IGTI11,24.49
2024-01-08,IRBR3,42.18
2024-01-08,ITSA4,10.16
2024-01-08,ITUB4,33.34
2024-01-08,JBSS3,23.94
2024-01-08,JHSF3,5.15
2024-01-08,KLBN11,22.4
2024-01-08,LOGG3,21.75
2024-01-08,LREN3,17.28
2024-01-08,LWSA3,5.8
2024-01-08,MGLU3,2.09
2024-01-08,MRFG3,9.5
2024-01-08,MRVE3,10.05
2024-01-08,MULT3,28.18
2024-01-08,NTCO3,16.45
2024-01-08,PCAR3,4.09
2024-01-08,PETR3,39.64
2024-01-08,PETR4,38.43
2024-01-08,PETZ3,3.86
2024-01-08,POMO4,7.59
2024-01-08,PRIO3,45.75
2024-01-08,PSSA3,28.63
2024-01-08,QUAL3,3.32
2024-01-08,RADL3,29.17
2024-01-08,RAIL3,23.64
2024-01-08,RAIZ4,4.05
2024-01-08,RDOR3,28.88
2024-01-08,RECV3,20.95
2024-01-08,RENT3,62.8
2024-01-08,RRRP3,27.37
2024-01-08,SANB11,31.92
2024-01-08,SBSP3,73.26
2024-01-08,SLCE3,18.36
2024-01-08,SMFT3,25.94
2024-01-08,SMTO3,27.88
2024-01-08,SOMA3,8.12
2024-01-08,STBP3,9.71
2024-01-08,SUZB3,54.75
2024-01-08,TAEE11,37.4
2024-01-08,TEND3,11.99
2024-01-08,TIMS3,17.35
2024-01-08,TOTS3,32.49
2024-01-08,TRPL4,26.07
2024-01-08,UGPA3,26.8
2024-01-08,USIM5,8.86
2024-01-08,VALE3,74.27
2024-01-08,VAMO3,10.02
2024-01-08,VBBR3,22.83
2024-01-08,VIVA3,34.69
2024-01-08,VIVT3,50.0
2024-01-08,WEGE3,36.06
2024-01-08,YDUQ3,21.02
2024-01-09,ABEV3,13.62
2024-01-09,ALOS3,25.7
2024-01-09,ALPA4,9.53
2024-01-09,AMER3,0.87
2024-01-09,ARZZ3,64.03
2024-01-09,ASAI3,13.94
2024-01-09,AURE3,13.47
2024-01-09,AZUL4,14.82
2024-01-09,B3SA3,14.06
2024-01-09,BBAS3,54.52
2024-01-09,BBDC3,14.7
2024-01-09,BBDC4,16.3
2024-01-09,BBSE3,33.4
2024-01-09,BEEF3,7.08
2024-01-09,BHIA3,10.95
2024-01-09,BPAC11,37.78
2024-01-09,BPAN4,8.53
2024-01-09,BRAP4,24.43
2024-01-09,BRFS3,12.72
2024-01-09,BRKM5,19.8
2024-01-09,CASH3,7.63
2024-01-09,CCRO3,13.94
2024-01-09,CEAB3,7.94
2024-01-09,CIEL3,4.77
2024-01-09,CMIG4,12.0
2024-01-09,CMIN3,7.53
2024-01-09,COGN3,3.33
2024-01-09,CPFE3,38.5
2024-01-09,CPLE3,9.25
2024-01-09,CPLE6,10.22
2024-01-09,CRFB3,11.53
2024-01-09,CSAN3,19.43
2024-01-09,CSMG3,21.63
2024-01-09,CSNA3,18.39
2024-01-09,CURY3,17.69
2024-01-09,CVCB3,3.4
2024-01-09,CXSE3,13.02
2024-01-09,CYRE3,22.72
2024-01-09,DIRR3,21.61
2024-01-09,DXCO3,8.02
2024-01-09,ECOR3,9.29
2024-01-09,EGIE3,44.41
2024-01-09,ELET3,41.68
2024-01-09,ELET6,46.13
2024-01-09,EMBR3,21.59
2024-01-09,ENEV3,13.3
2024-01-09,ENGI11,54.35
2024-01-09,EQTL3,34.95
2024-01-09,EZTC3,16.97
2024-01-09,FLRY3,17.5
2024-01-09,GGBR4,22.14
2024-01-09,GOAU4,10.2
2024-01-09,GOLL4,8.1
2024-01-09,HAPV3,4.44
2024-01-09,HYPE3,35.37
2024-01-09,IGTI11,24.59
2024-01-09,IRBR3,41.74
2024-01-09,ITSA4,10.18
2024-01-09,ITUB4,33.32
2024-01-09,JBSS3,24.0
2024-01-09,JHSF3,5.12
2024-01-09,KLBN11,22.07
2024-01-09,LOGG3,21.85
2024-01-09,LREN3,16.81
2024-01-09,LWSA3,6.12
2024-01-09,MGLU3,2.14
2024-01-09,MRFG3,9.51
2024-01-09,MRVE3,9.98
2024-01-09,MULT3,28.48
2024-01-09,NTCO3,16.38
2024-01-09,PCAR3,3.92
2024-01-09,PETR3,39.42
2024-01-09,PETR4,38.1
2024-01-09,PETZ3,3.85
2024-01-09,POMO4,7.52
2024-01-09,PRIO3,46.28
2024-01-09,PSSA3,28.46
2024-01-09,QUAL3,3.26
2024-01-09,RADL3,29.02
2024-01-09,RAIL3,23.5
2024-01-09,RAIZ4,4.1
2024-01-09,RDOR3,28.53
2024-01-09,RECV3,20.68
2024-01-09,RENT3,62.21
2024-01-09,RRRP3,28.52
2024-01-09,SANB11,30.99
2024-01-09,SBSP3,73.45
2024-01-09,SLCE3,17.79
2024-01-09,SMFT3,25.84
2024-01-09,SMTO3,27.09
2024-01-09,SOMA3,8.04
2024-01-09,STBP3,9.83
2024-01-09,SUZB3,54.08
2024-01-09,TAEE11,37.84
2024-01-09,TEND3,11.01
2024-01-09,TIMS3,17.35
2024-01-09,TOTS3,32.53
2024-01-09,TRPL4,26.74
2024-01-09,UGPA3,27.13
2024-01-09,USIM5,8.63
2024-01-09,VALE3,73.33
2024-01-09,VAMO3,9.67
2024-01-09,VBBR3,22.5
2024-01-09,VIVA3,35.24
2024-01-09,VIVT3,50.23
2024-01-09,WEGE3,35.17
2024-01-09,YDUQ3,21.11
2024-01-10,ABEV3,13.76
2024-01-10,ALOS3,25.67
2024-01-10,ALPA4,9.24
2024-01-10,AMER3,0.84
2024-01-10,ARZZ3,63.97
2024-01-10,ASAI3,13.58
2024-01-10,AURE3,13.4
2024-01-10,AZUL4,14.69
2024-01-10,B3SA3,13.92
2024-01-10,BBAS3,54.43
2024-01-10,BBDC3,14.45
2024-01-10,BBDC4,16.02
2024-01-10,BBSE3,33.19
2024-01-10,BEEF3,7.05
2024-01-10,BHIA3,10.57
2024-01-10,BPAC11,37.76
2024-01-10,BPAN4,8.57
2024-01-10,BRAP4,24.05
2024-01-10,BRFS3,12.68
2024-01-10,BRKM5,18.99
2024-01-10,CASH3,7.56
2024-01-10,CCRO3,13.82
2024-01-10,CEAB3,7.62
2024-01-10,CIEL3,4.79
2024-01-10,CMIG4,12.01
2024-01-10,CMIN3,7.37
2024-01-10,COGN3,3.32
2024-01-10,CPFE3,38.54
2024-01-10,CPLE3,9.19
2024-01-10,CPLE6,10.19
2024-01-10,CRFB3,11.47
2024-01-10,CSAN3,19.22
2024-01-10,CSMG3,21.81
2024-01-10,CSNA3,17.91
2024-01-10,CURY3,17.87
2024-01-10,CVCB3,3.25
2024-01-10,CXSE3,12.94
2024-01-10,CYRE3,22.85
2024-01-10,DIRR3,22.13
2024-01-10,DXCO3,7.91
2024-01-10,ECOR3,9.3
2024-01-10,EGIE3,44.32
2024-01-10,ELET3,42.76
2024-01-10,ELET6,47.53
2024-01-10,EMBR3,22.32
2024-01-10,ENEV3,12.98
2024-01-10,ENGI11,54.44
2024-01-10,EQTL3,35.43
2024-01-10,EZTC3,17.08
2024-01-10,FLRY3,17.4
2024-01-10,GGBR4,21.48
2024-01-10,GOAU4,10.0
2024-01-10,GOLL4,7.93
2024-01-10,HAPV3,4.45
2024-01-10,HYPE3,35.04
2024-01-10,IGTI11,24.43
2024-01-10,IRBR3,40.77
2024-01-10,ITSA4,10.15
2024-01-10,ITUB4,33.29
2024-01-10,JBSS3,24.28
2024-01-10,JHSF3,5.13
2024-01-10,KLBN11,22.25
2024-01-10,LOGG3,22.01
2024-01-10,LREN3,16.49
2024-01-10,LWSA3,6.18
2024-01-10,MGLU3,2.18
2024-01-10,MRFG3,9.47
2024-01-10,MRVE3,9.51
2024-01-10,MULT3,28.39
2024-01-10,NTCO3,16.76
2024-01-10,PCAR3,3.77
2024-01-10,PETR3,39.03
2024-01-10,PETR4,37.75
2024-01-10,PETZ3,3.74
2024-01-10,POMO4,7.58
2024-01-10,PRIO3,44.35
2024-01-10,PSSA3,28.07
2024-01-10,QUAL3,3.22
2024-01-10,RADL3,28.69
2024-01-10,RAIL3,23.81
2024-01-10,RAIZ4,4.06
2024-01-10,RDOR3,28.43
2024-01-10,RECV3,20.25
2024-01-10,RENT3,63.0
2024-01-10,RRRP3,28.4
2024-01-10,SANB11,30.61
2024-01-10,SBSP3,74.76
2024-01-10,SLCE3,17.57
2024-01-10,SMFT3,25.52
2024-01-10,SMTO3,26.74
2024-01-10,SOMA3,8.21
2024-01-10,STBP3,9.81
2024-01-10,SUZB3,53.77
2024-01-10,TAEE11,37.72
2024-01-10,TEND3,11.14
2024-01-10,TIMS3,17.29
2024-01-10,TOTS3,32.44
2024-01-10,TRPL4,27.05
2024-01-10,UGPA3,27.1
2024-01-10,USIM5,8.4
2024-01-10,VALE3,72.23
2024-01-10,VAMO3,9.45
2024-01-10,VBBR3,22.68
2024-01-10,VIVA3,35.26
2024-01-10,VIVT3,50.62
2024-01-10,WEGE3,35.32
2024-01-10,YDUQ3,20.74
2024-01-11,ABEV3,13.56
2024-01-11,ALOS3,25.37
2024-01-11,ALPA4,9.05
2024-01-11,AMER3,0.79
2024-01-11,ARZZ3,63.3
2024-01-11,ASAI3,13.87
2024-01-11,AURE3,13.35
2024-01-11,AZUL4,14.22
2024-01-11,B3SA3,13.95
2024-01-11,BBAS3,54.8
2024-01-11,BBDC3,14.43
2024-01-11,BBDC4,15.94
2024-01-11,BBSE3,33.28
2024-01-11,BEEF3,6.98
2024-01-11,BHIA3,9.9
2024-01-11,BPAC11,37.49
2024-01-11,BPAN4,8.11
2024-01-11,BRAP4,24.08
2024-01-11,BRFS3,12.5
2024-01-11,BRKM5,18.59
2024-01-11,CASH3,7.53
2024-01-11,CCRO3,13.71
2024-01-11,CEAB3,7.47
2024-01-11,CIEL3,4.79
2024-01-11,CMIG4,12.09
2024-01-11,CMIN3,7.21
2024-01-11,COGN3,3.3
2024-01-11,CPFE3,38.12
2024-01-11,CPLE3,9.15
2024-01-11,CPLE6,10.15
2024-01-11,CRFB3,11.67
2024-01-11,CSAN3,19.22
2024-01-11,CSMG3,22.05
2024-01-11,CSNA3,17.87
2024-01-11,CURY3,17.59
2024-01-11,CVCB3,3.22
2024-01-11,CXSE3,13.14
2024-01-11,CYRE3,22.94
2024-01-11,DIRR3,21.82
2024-01-11,DXCO3,7.83
2024-01-11,ECOR3,9.14
2024-01-11,EGIE3,43.71
2024-01-11,ELET3,43.21
2024-01-11,ELET6,48.18
2024-01-11,EMBR3,21.9
2024-01-11,ENEV3,12.73
2024-01-11,ENGI11,53.59
2024-01-11,EQTL3,34.87
2024-01-11,EZTC3,16.66
2024-01-11,FLRY3,17.53
2024-01-11,GGBR4,21.2
2024-01-11,GOAU4,9.96
2024-01-11,GOLL4,7.94
2024-01-11,HAPV3,4.33
2024-01-11,HYPE3,34.51
2024-01-11,IGTI11,24.34
2024-01-11,IRBR3,40.6
2024-01-11,ITSA4,10.1
2024-01-11,ITUB4,33.35
2024-01-11,JBSS3,24.16
2024-01-11,JHSF3,5.05
2024-01-11,KLBN11,22.17
2024-01-11,LOGG3,22.25
2024-01-11,LREN3,16.45
2024-01-11,LWSA3,6.13
2024-01-11,MGLU3,2.18
2024-01-11,MRFG3,9.31
2024-01-11,MRVE3,8.39
2024-01-11,MULT3,28.8
2024-01-11,NTCO3,16.72
2024-01-11,PCAR3,3.67
2024-01-11,PETR3,39.43
2024-01-11,PETR4,38.07
2024-01-11,PETZ3,3.62
2024-01-11,POMO4,7.37
2024-01-11,PRIO3,45.5
2024-01-11,PSSA3,27.81
2024-01-11,QUAL3,3.19
2024-01-11,RADL3,28.17
2024-01-11,RAIL3,23.11
2024-01-11,RAIZ4,3.93
2024-01-11,RDOR3,28.05
2024-01-11,RECV3,20.3
2024-01-11,RENT3,61.01
2024-01-11,RRRP3,28.58
2024-01-11,SANB11,30.51
2024-01-11,SBSP3,76.59
2024-01-11,SLCE3,17.63
2024-01-11,SMFT3,25.39
2024-01-11,SMTO3,26.67
2024-01-11,SOMA3,7.99
2024-01-11,STBP3,9.64
2024-01-11,SUZB3,54.16
2024-01-11,TAEE11,37.45
2024-01-11,TEND3,10.31
2024-01-11,TIMS3,17.02
2024-01-11,TOTS3,32.43
2024-01-11,TRPL4,26.94
2024-01-11,UGPA3,27.31
2024-01-11,USIM5,8.52
2024-01-11,VALE3,72.61
2024-01-11,VAMO3,9.5
2024-01-11,VBBR3,22.47
2024-01-11,VIVA3,35.22
2024-01-11,VIVT3,50.34
2024-01-11,WEGE3,34.82
2024-01-11,YDUQ3,20.79
2024-01-12,ABEV3,13.59
2024-01-12,ALOS3,25.57
2024-01-12,ALPA4,9.07
2024-01-12,AMER3,0.82
2024-01-12,ARZZ3,63.25
2024-01-12,ASAI3,14.25
2024-01-12,AURE3,13.27
2024-01-12,AZUL4,13.97
2024-01-12,B3SA3,14.1
2024-01-12,BBAS3,55.12
2024-01-12,BBDC3,14.3
2024-01-12,BBDC4,15.81
2024-01-12,BBSE3,33.34
2024-01-12,BEEF3,7.04
2024-01-12,BHIA3,10.05
2024-01-12,BPAC11,38.34
2024-01-12,BPAN4,8.28
2024-01-12,BRAP4,23.96
2024-01-12,BRFS3,12.87
2024-01-12,BRKM5,18.93
2024-01-12,CASH3,7.47
2024-01-12,CCRO3,13.73
2024-01-12,CEAB3,7.43
2024-01-12,CIEL3,4.73
2024-01-12,CMIG4,12.1
2024-01-12,CMIN3,7.17
2024-01-12,COGN3,3.32
2024-01-12,CPFE3,37.5
2024-01-12,CPLE3,9.15
2024-01-12,CPLE6,10.12
2024-01-12,CRFB3,12.25
2024-01-12,CSAN3,19.52
2024-01-12,CSMG3,22.22
2024-01-12,CSNA3,17.9
2024-01-12,CURY3,17.79
2024-01-12,CVCB3,3.31
2024-01-12,CXSE3,13.26
2024-01-12,CYRE3,22.86
2024-01-12,DIRR3,21.77
2024-01-12,DXCO3,7.98
2024-01-12,ECOR3,9.32
2024-01-12,EGIE3,43.11
2024-01-12,ELET3,42.93
2024-01-12,ELET6,48.23
2024-01-12,EMBR3,21.7
2024-01-12,ENEV3,12.75
2024-01-12,ENGI11,53.5
2024-01-12,EQTL3,34.87
2024-01-12,EZTC3,16.85
2024-01-12,FLRY3,17.54
2024-01-12,GGBR4,21.31
2024-01-12,GOAU4,9.95
2024-01-12,GOLL4,7.6
2024-01-12,HAPV3,4.53
2024-01-12,HYPE3,35.15
2024-01-12,IGTI11,24.59
2024-01-12,IRBR3,40.33
2024-01-12,ITSA4,10.15
2024-01-12,ITUB4,33.39
2024-01-12,JBSS3,24.71
2024-01-12,JHSF3,5.14
2024-01-12,KLBN11,22.47
2024-01-12,LOGG3,22.55
2024-01-12,LREN3,16.96
2024-01-12,LWSA3,6.24
2024-01-12,MGLU3,2.26
2024-01-12,MRFG3,9.56
2024-01-12,MRVE3,7.82
2024-01-12,MULT3,29.04
2024-01-12,NTCO3,16.91
2024-01-12,PCAR3,4.08
2024-01-12,PETR3,39.64
2024-01-12,PETR4,38.17
2024-01-12,PETZ3,3.63
2024-01-12,POMO4,7.24
2024-01-12,PRIO3,46.08
2024-01-12,PSSA3,27.5
2024-01-12,QUAL3,3.27
2024-01-12,RADL3,28.15
2024-01-12,RAIL3,23.47
2024-01-12,RAIZ4,4.0
2024-01-12,RDOR3,28.24
2024-01-12,RECV3,21.0
2024-01-12,RENT3,61.0
2024-01-12,RRRP3,28.71
2024-01-12,SANB11,30.33
2024-01-12,SBSP3,77.04
2024-01-12,SLCE3,17.67
2024-01-12,SMFT3,25.45
2024-01-12,SMTO3,26.92
2024-01-12,SOMA3,7.84
2024-01-12,STBP3,9.82
2024-01-12,SUZB3,53.58
2024-01-12,TAEE11,37.58
2024-01-12,TEND3,10.12
2024-01-12,TIMS3,17.22
2024-01-12,TOTS3,32.75
2024-01-12,TRPL4,26.8
2024-01-12,UGPA3,27.91
2024-01-12,USIM5,8.47
2024-01-12,VALE3,71.69
2024-01-12,VAMO3,9.5
2024-01-12,VBBR3,23.08
2024-01-12,VIVA3,35.31
2024-01-12,VIVT3,50.77
2024-01-12,WEGE3,34.67
2024-01-12,YDUQ3,21.0
2024-01-15,ABEV3,13.59
2024-01-15,ALOS3,25.56
2024-01-15,ALPA4,9.03
2024-01-15,AMER3,0.85
2024-01-15,ARZZ3,61.3
2024-01-15,ASAI3,14.7
2024-01-15,AURE3,13.31
2024-01-15,AZUL4,13.64
2024-01-15,B3SA3,14.13
2024-01-15,BBAS3,56.2
2024-01-15,BBDC3,14.35
2024-01-15,BBDC4,15.87
2024-01-15,BBSE3,33.69
2024-01-15,BEEF3,7.06
2024-01-15,BHIA3,10.11
2024-01-15,BPAC11,38.47
2024-01-15,BPAN4,8.24
2024-01-15,BRAP4,23.86
2024-01-15,BRFS3,13.13
2024-01-15,BRKM5,18.94
2024-01-15,CASH3,7.46
2024-01-15,CCRO3,13.81
2024-01-15,CEAB3,7.56
2024-01-15,CIEL3,4.7
2024-01-15,CMIG4,12.15
2024-01-15,CMIN3,6.94
2024-01-15,COGN3,3.34
2024-01-15,CPFE3,37.6
2024-01-15,CPLE3,9.14
2024-01-15,CPLE6,10.22
2024-01-15,CRFB3,12.14
2024-01-15,CSAN3,19.55
2024-01-15,CSMG3,22.48
2024-01-15,CSNA3,17.84
2024-01-15,CURY3,17.75
2024-01-15,CVCB3,3.35
2024-01-15,CXSE3,13.38
2024-01-15,CYRE3,22.87
2024-01-15,DIRR3,21.75
2024-01-15,DXCO3,8.0
2024-01-15,ECOR3,9.39
2024-01-15,EGIE3,43.34
2024-01-15,ELET3,43.49
2024-01-15,ELET6,49.17
2024-01-15,EMBR3,21.42
2024-01-15,ENEV3,12.8
2024-01-15,ENGI11,54.01
2024-01-15,EQTL3,35.64
2024-01-15,EZTC3,16.64
2024-01-15,FLRY3,17.48
2024-01-15,GGBR4,21.28
2024-01-15,GOAU4,10.0
2024-01-15,GOLL4,7.14
2024-01-15,HAPV3,4.56
2024-01-15,HYPE3,34.48
2024-01-15,IGTI11,24.42
2024-01-15,IRBR3,40.65
2024-01-15,ITSA4,10.22
2024-01-15,ITUB4,33.45
2024-01-15,JBSS3,24.73
2024-01-15,JHSF3,5.14
2024-01-15,KLBN11,22.66
2024-01-15,LOGG3,22.75
2024-01-15,LREN3,17.0
2024-01-15,LWSA3,6.2
2024-01-15,MGLU3,2.28
2024-01-15,MRFG3,9.6
2024-01-15,MRVE3,7.86
2024-01-15,MULT3,28.65
2024-01-15,NTCO3,16.7
2024-01-15,PCAR3,5.0
2024-01-15,PETR3,40.04
2024-01-15,PETR4,38.58
2024-01-15,PETZ3,3.64
2024-01-15,POMO4,7.31
2024-01-15,PRIO3,47.07
2024-01-15,PSSA3,27.8
2024-01-15,QUAL3,3.24
2024-01-15,RADL3,27.96
2024-01-15,RAIL3,23.29
2024-01-15,RAIZ4,4.0
2024-01-15,RDOR3,28.35
2024-01-15,RECV3,21.24
2024-01-15,RENT3,61.18
2024-01-15,RRRP3,29.04
2024-01-15,SANB11,30.29
2024-01-15,SBSP3,77.3
2024-01-15,SLCE3,17.75
2024-01-15,SMFT3,25.35
2024-01-15,SMTO3,27.11
2024-01-15,SOMA3,7.6
2024-01-15,STBP3,9.77
2024-01-15,SUZB3,53.86
2024-01-15,TAEE11,37.85
2024-01-15,TEND3,10.14
2024-01-15,TIMS3,17.46
2024-01-15,TOTS3,32.44
2024-01-15,TRPL4,26.86
2024-01-15,UGPA3,28.06
2024-01-15,USIM5,8.54
2024-01-15,VALE3,71.55
2024-01-15,VAMO3,9.53
2024-01-15,VBBR3,23.01
2024-01-15,VIVA3,35.29
2024-01-15,VIVT3,50.69
2024-01-15,WEGE3,34.32
2024-01-15,YDUQ3,21.31
2024-01-16,ABEV3,13.35
2024-01-16,ALOS3,25.06
2024-01-16,ALPA4,8.79
2024-01-16,AMER3,0.84
2024-01-16,ARZZ3,60.66
2024-01-16,ASAI3,14.48
2024-01-16,AURE3,13.21
2024-01-16,AZUL4,12.92
2024-01-16,B3SA3,13.98
2024-01-16,BBAS3,55.88
2024-01-16,BBDC3,14.12
2024-01-16,BBDC4,15.73
2024-01-16,BBSE3,33.48
2024-01-16,BEEF3,6.78
2024-01-16,BHIA3,9.63
2024-01-16,BPAC11,37.84
2024-01-16,BPAN4,7.94
2024-01-16,BRAP4,23.59
2024-01-16,BRFS3,13.03
2024-01-16,BRKM5,18.41
2024-01-16,CASH3,7.54
2024-01-16,CCRO3,13.4
2024-01-16,CEAB3,7.33
2024-01-16,CIEL3,4.61
2024-01-16,CMIG4,11.85
2024-01-16,CMIN3,6.81
2024-01-16,COGN3,3.2
2024-01-16,CPFE3,37.18
2024-01-16,CPLE3,9.05
2024-01-16,CPLE6,10.1
2024-01-16,CRFB3,12.0
2024-01-16,CSAN3,18.35
2024-01-16,CSMG3,22.36
2024-01-16,CSNA3,17.19
2024-01-16,CURY3,17.79
2024-01-16,CVCB3,3.29
2024-01-16,CXSE3,13.45
2024-01-16,CYRE3,22.43
2024-01-16,DIRR3,21.62
2024-01-16,DXCO3,7.7
2024-01-16,ECOR3,8.81
2024-01-16,EGIE3,42.34
2024-01-16,ELET3,42.02
2024-01-16,ELET6,47.17
2024-01-16,EMBR3,21.35
2024-01-16,ENEV3,12.62
2024-01-16,ENGI11,52.94
2024-01-16,EQTL3,35.24
2024-01-16,EZTC3,16.33
2024-01-16,FLRY3,17.11
2024-01-16,GGBR4,20.68
2024-01-16,GOAU4,9.76
2024-01-16,GOLL4,6.9
2024-01-16,HAPV3,4.45
2024-01-16,HYPE3,33.86
2024-01-16,IGTI11,23.84
2024-01-16,IRBR3,39.55
2024-01-16,ITSA4,10.05
2024-01-16,ITUB4,32.98
2024-01-16,JBSS3,24.34
2024-01-16,JHSF3,5.03
2024-01-16,KLBN11,22.03
2024-01-16,LOGG3,21.88
2024-01-16,LREN3,16.71
2024-01-16,LWSA3,6.04
2024-01-16,MGLU3,2.18
2024-01-16,MRFG3,9.36
2024-01-16,MRVE3,7.76
2024-01-16,MULT3,27.98
2024-01-16,NTCO3,16.33
2024-01-16,PCAR3,4.76
2024-01-16,PETR3,39.6
2024-01-16,PETR4,38.1
2024-01-16,PETZ3,3.52
2024-01-16,POMO4,7.36
2024-01-16,PRIO3,45.88
2024-01-16,PSSA3,27.27
2024-01-16,QUAL3,3.1
2024-01-16,RADL3,27.73
2024-01-16,RAIL3,22.77
2024-01-16,RAIZ4,3.79
2024-01-16,RDOR3,27.43
2024-01-16,RECV3,20.75
2024-01-16,RENT3,60.28
2024-01-16,RRRP3,28.43
2024-01-16,SANB11,29.76
2024-01-16,SBSP3,76.2
2024-01-16,SLCE3,18.1
2024-01-16,SMFT3,25.38
2024-01-16,SMTO3,26.61
2024-01-16,SOMA3,7.13
2024-01-16,STBP3,9.5
2024-01-16,SUZB3,52.92
2024-01-16,TAEE11,37.65
2024-01-16,TEND3,10.13
2024-01-16,TIMS3,17.15
2024-01-16,TOTS3,32.22
2024-01-16,TRPL4,26.68
2024-01-16,UGPA3,27.26
2024-01-16,USIM5,8.37
2024-01-16,VALE3,70.62
2024-01-16,VAMO3,9.3
2024-01-16,VBBR3,22.21
2024-01-16,VIVA3,35.61
2024-01-16,VIVT3,50.67
2024-01-16,WEGE3,33.61
2024-01-16,YDUQ3,20.73
2024-01-17,ABEV3,13.43
2024-01-17,ALOS3,24.9
2024-01-17,ALPA4,8.54
2024-01-17,AMER3,0.8
2024-01-17,ARZZ3,59.03
2024-01-17,ASAI3,14.09
2024-01-17,AURE3,13.25
2024-01-17,AZUL4,12.55
2024-01-17,B3SA3,13.73
2024-01-17,BBAS3,55.99
2024-01-17,BBDC3,14.14
2024-01-17,BBDC4,15.76
2024-01-17,BBSE3,33.91
2024-01-17,BEEF3,6.75
2024-01-17,BHIA3,9.54
2024-01-17,BPAC11,36.96
2024-01-17,BPAN4,7.98
2024-01-17,BRAP4,23.12
2024-01-17,BRFS3,12.57
2024-01-17,BRKM5,17.87
2024-01-17,CASH3,7.75
2024-01-17,CCRO3,13.46
2024-01-17,CEAB3,7.41
2024-01-17,CIEL3,4.5
2024-01-17,CMIG4,11.87
2024-01-17,CMIN3,6.68
2024-01-17,COGN3,3.23
2024-01-17,CPFE3,37.21
2024-01-17,CPLE3,9.15
2024-01-17,CPLE6,10.12
2024-01-17,CRFB3,11.95
2024-01-17,CSAN3,18.11
2024-01-17,CSMG3,22.48
2024-01-17,CSNA3,16.69
2024-01-17,CURY3,18.37
2024-01-17,CVCB3,3.19
2024-01-17,CXSE3,13.57
2024-01-17,CYRE3,22.42
2024-01-17,DIRR3,21.74
2024-01-17,DXCO3,7.66
2024-01-17,ECOR3,9.0
2024-01-17,EGIE3,41.88
2024-01-17,ELET3,42.02
2024-01-17,ELET6,47.17
2024-01-17,EMBR3,21.29
2024-01-17,ENEV3,12.6
2024-01-17,ENGI11,52.81
2024-01-17,EQTL3,35.2
2024-01-17,EZTC3,16.34
2024-01-17,FLRY3,16.85
2024-01-17,GGBR4,20.56
2024-01-17,GOAU4,9.65
2024-01-17,GOLL4,6.75
2024-01-17,HAPV3,4.3
2024-01-17,HYPE3,33.44
2024-01-17,IGTI11,23.79
2024-01-17,IRBR3,38.92
2024-01-17,ITSA4,10.08
2024-01-17,ITUB4,33.0
2024-01-17,JBSS3,24.36
2024-01-17,JHSF3,5.0
2024-01-17,KLBN11,22.12
2024-01-17,LOGG3,21.0
2024-01-17,LREN3,16.78
2024-01-17,LWSA3,6.14
2024-01-17,MGLU3,2.15
2024-01-17,MRFG3,9.25
2024-01-17,MRVE3,7.9
2024-01-17,MULT3,27.86
2024-01-17,NTCO3,16.76
2024-01-17,PCAR3,4.58
2024-01-17,PETR3,39.27
2024-01-17,PETR4,37.88
2024-01-17,PETZ3,3.51
2024-01-17,POMO4,7.35
2024-01-17,PRIO3,45.05
2024-01-17,PSSA3,27.04
2024-01-17,QUAL3,2.98
2024-01-17,RADL3,27.5
2024-01-17,RAIL3,22.02
2024-01-17,RAIZ4,3.72
2024-01-17,RDOR3,26.93
2024-01-17,RECV3,20.59
2024-01-17,RENT3,60.94
2024-01-17,RRRP3,27.3
2024-01-17,SANB11,30.07
2024-01-17,SBSP3,76.63
2024-01-17,SLCE3,18.8
2024-01-17,SMFT3,25.31
2024-01-17,SMTO3,26.52
2024-01-17,SOMA3,7.15
2024-01-17,STBP3,9.33
2024-01-17,SUZB3,52.7
2024-01-17,TAEE11,37.63
2024-01-17,TEND3,10.03
2024-01-17,TIMS3,17.4
2024-01-17,TOTS3,32.27
2024-01-17,TRPL4,26.69
2024-01-17,UGPA3,27.71
2024-01-17,USIM5,8.29
2024-01-17,VALE3,69.45
2024-01-17,VAMO3,8.97
2024-01-17,VBBR3,22.35
2024-01-17,VIVA3,35.37
2024-01-17,VIVT3,50.96
2024-01-17,WEGE3,33.4
2024-01-17,YDUQ3,20.8
2024-01-18,ABEV3,13.34
2024-01-18,ALOS3,24.36
2024-01-18,ALPA4,8.27
2024-01-18,AMER3,0.81
2024-01-18,ARZZ3,57.99
2024-01-18,ASAI3,13.79
2024-01-18,AURE3,13.05
2024-01-18,AZUL4,12.62
2024-01-18,B3SA3,13.85
2024-01-18,BBAS3,55.34
2024-01-18,BBDC3,13.98
2024-01-18,BBDC4,15.67
2024-01-18,BBSE3,34.38
2024-01-18,BEEF3,6.72
2024-01-18,BHIA3,9.4
2024-01-18,BPAC11,36.55
2024-01-18,BPAN4,8.01
2024-01-18,BRAP4,23.09
2024-01-18,BRFS3,12.41
2024-01-18,BRKM5,17.71
2024-01-18,CASH3,7.32
2024-01-18,CCRO3,13.36
2024-01-18,CEAB3,7.15
2024-01-18,CIEL3,4.46
2024-01-18,CMIG4,11.64
2024-01-18,CMIN3,6.68
2024-01-18,COGN3,3.18
2024-01-18,CPFE3,36.4
2024-01-18,CPLE3,8.97
2024-01-18,CPLE6,9.95
2024-01-18,CRFB3,11.58
2024-01-18,CSAN3,17.82
2024-01-18,CSMG3,22.44
2024-01-18,CSNA3,17.07
2024-01-18,CURY3,18.09
2024-01-18,CVCB3,3.26
2024-01-18,CXSE3,13.67
2024-01-18,CYRE3,21.78
2024-01-18,DIRR3,21.13
2024-01-18,DXCO3,7.51
2024-01-18,ECOR3,8.95
2024-01-18,EGIE3,41.1
2024-01-18,ELET3,41.04
2024-01-18,ELET6,46.2
2024-01-18,EMBR3,21.07
2024-01-18,ENEV3,12.26
2024-01-18,ENGI11,49.99
2024-01-18,EQTL3,34.6
2024-01-18,EZTC3,15.89
2024-01-18,FLRY3,16.46
2024-01-18,GGBR4,20.81
2024-01-18,GOAU4,9.7
2024-01-18,GOLL4,6.64
2024-01-18,HAPV3,4.0
2024-01-18,HYPE3,33.12
2024-01-18,IGTI11,23.47
2024-01-18,IRBR3,38.62
2024-01-18,ITSA4,9.99
2024-01-18,ITUB4,32.86
2024-01-18,JBSS3,23.93
2024-01-18,JHSF3,4.86
2024-01-18,KLBN11,21.5
2024-01-18,LOGG3,20.67
2024-01-18,LREN3,16.49
2024-01-18,LWSA3,5.88
2024-01-18,MGLU3,2.0
2024-01-18,MRFG3,9.1
2024-01-18,MRVE3,7.78
2024-01-18,MULT3,27.57
2024-01-18,NTCO3,16.7
2024-01-18,PCAR3,4.36
2024-01-18,PETR3,38.98
2024-01-18,PETR4,37.73
2024-01-18,PETZ3,3.57
2024-01-18,POMO4,7.18
2024-01-18,PRIO3,44.76
2024-01-18,PSSA3,27.45
2024-01-18,QUAL3,2.89
2024-01-18,RADL3,27.4
2024-01-18,RAIL3,21.77
2024-01-18,RAIZ4,3.69
2024-01-18,RDOR3,26.78
2024-01-18,RECV3,23.0
2024-01-18,RENT3,59.36
2024-01-18,RRRP3,29.38
2024-01-18,SANB11,29.91
2024-01-18,SBSP3,75.75
2024-01-18,SLCE3,19.2
2024-01-18,SMFT3,25.18
2024-01-18,SMTO3,27.05
2024-01-18,SOMA3,6.97
2024-01-18,STBP3,9.63
2024-01-18,SUZB3,51.53
2024-01-18,TAEE11,37.22
2024-01-18,TEND3,9.55
2024-01-18,TIMS3,17.4
2024-01-18,TOTS3,31.41
2024-01-18,TRPL4,26.36
2024-01-18,UGPA3,27.4
2024-01-18,USIM5,8.52
2024-01-18,VALE3,69.0
2024-01-18,VAMO3,8.39
2024-01-18,VBBR3,22.2
2024-01-18,VIVA3,34.83
2024-01-18,VIVT3,50.62
2024-01-18,WEGE3,33.14
2024-01-18,YDUQ3,20.31
2024-01-19,ABEV3,13.35
2024-01-19,ALOS3,24.49
2024-01-19,ALPA4,8.33
2024-01-19,AMER3,0.83
2024-01-19,ARZZ3,58.51
2024-01-19,ASAI3,14.3
2024-01-19,AURE3,13.08
2024-01-19,AZUL4,13.11
2024-01-19,B3SA3,13.79
2024-01-19,BBAS3,55.92
2024-01-19,BBDC3,13.85
2024-01-19,BBDC4,15.64
2024-01-19,BBSE3,34.55
2024-01-19,BEEF3,6.78
2024-01-19,BHIA3,9.35
2024-01-19,BPAC11,36.82
2024-01-19,BPAN4,8.03
2024-01-19,BRAP4,22.78
2024-01-19,BRFS3,13.0
2024-01-19,BRKM5,17.65
2024-01-19,CASH3,7.43
2024-01-19,CCRO3,13.51
2024-01-19,CEAB3,7.2
2024-01-19,CIEL3,4.48
2024-01-19,CMIG4,11.53
2024-01-19,CMIN3,6.66
2024-01-19,COGN3,3.19
2024-01-19,CPFE3,36.2
2024-01-19,CPLE3,8.98
2024-01-19,CPLE6,9.98
2024-01-19,CRFB3,11.83
2024-01-19,CSAN3,18.09
2024-01-19,CSMG3,22.21
2024-01-19,CSNA3,17.33
2024-01-19,CURY3,18.39
2024-01-19,CVCB3,3.25
2024-01-19,CXSE3,13.78
2024-01-19,CYRE3,22.31
2024-01-19,DIRR3,21.5
2024-01-19,DXCO3,7.57
2024-01-19,ECOR3,9.12
2024-01-19,EGIE3,40.81
2024-01-19,ELET3,41.71
2024-01-19,ELET6,46.7
2024-01-19,EMBR3,21.33
2024-01-19,ENEV3,12.69
2024-01-19,ENGI11,49.6
2024-01-19,EQTL3,34.37
2024-01-19,EZTC3,16.3
2024-01-19,FLRY3,16.32
2024-01-19,GGBR4,21.07
2024-01-19,GOAU4,9.76
2024-01-19,GOLL4,7.04
2024-01-19,HAPV3,4.02
2024-01-19,HYPE3,32.81
2024-01-19,IGTI11,23.75
2024-01-19,IRBR3,38.55
2024-01-19,ITSA4,10.04
2024-01-19,ITUB4,32.94
2024-01-19,JBSS3,23.75
2024-01-19,JHSF3,4.98
2024-01-19,KLBN11,21.75
2024-01-19,LOGG3,20.96
2024-01-19,LREN3,16.72
2024-01-19,LWSA3,5.76
2024-01-19,MGLU3,2.03
2024-01-19,MRFG3,9.25
2024-01-19,MRVE3,7.97
2024-01-19,MULT3,27.63
2024-01-19,NTCO3,17.24
2024-01-19,PCAR3,4.42
2024-01-19,PETR3,38.95
2024-01-19,PETR4,37.53
2024-01-19,PETZ3,3.55
2024-01-19,POMO4,7.2
2024-01-19,PRIO3,44.61
2024-01-19,PSSA3,27.7
2024-01-19,QUAL3,2.68
2024-01-19,RADL3,26.9
2024-01-19,RAIL3,22.4
2024-01-19,RAIZ4,3.74
2024-01-19,RDOR3,26.65
2024-01-19,RECV3,23.48
2024-01-19,RENT3,60.09
2024-01-19,RRRP3,29.55
2024-01-19,SANB11,30.21
2024-01-19,SBSP3,76.0
2024-01-19,SLCE3,18.92
2024-01-19,SMFT3,25.73
2024-01-19,SMTO3,28.1
2024-01-19,SOMA3,6.98
2024-01-19,STBP3,9.69
2024-01-19,SUZB3,51.8
2024-01-19,TAEE11,37.35
2024-01-19,TEND3,9.82
2024-01-19,TIMS3,17.62
2024-01-19,TOTS3,31.72
2024-01-19,TRPL4,26.45
2024-01-19,UGPA3,27.66
2024-01-19,USIM5,8.5
2024-01-19,VALE3,68.1
2024-01-19,VAMO3,8.5
2024-01-19,VBBR3,22.68
2024-01-19,VIVA3,35.34
2024-01-19,VIVT3,50.65
2024-01-19,WEGE3,33.48
2024-01-19,YDUQ3,21.01
2024-01-22,ABEV3,13.36
2024-01-22,ALOS3,24.42
2024-01-22,ALPA4,8.11
2024-01-22,AMER3,0.82
2024-01-22,ARZZ3,57.19
2024-01-22,ASAI3,13.61
2024-01-22,AURE3,13.11
2024-01-22,AZUL4,13.25
2024-01-22,B3SA3,13.48
2024-01-22,BBAS3,55.55
2024-01-22,BBDC3,13.78
2024-01-22,BBDC4,15.46
2024-01-22,BBSE3,34.63
2024-01-22,BEEF3,6.75
2024-01-22,BHIA3,9.24
2024-01-22,BPAC11,36.86
2024-01-22,BPAN4,7.87
2024-01-22,BRAP4,22.58
2024-01-22,BRFS3,13.64
2024-01-22,BRKM5,17.26
2024-01-22,CASH3,7.44
2024-01-22,CCRO3,13.4
2024-01-22,CEAB3,7.16
2024-01-22,CIEL3,4.62
2024-01-22,CMIG4,11.43
2024-01-22,CMIN3,6.49
2024-01-22,COGN3,3.06
2024-01-22,CPFE3,36.03
2024-01-22,CPLE3,8.9
2024-01-22,CPLE6,9.86
2024-01-22,CRFB3,11.31
2024-01-22,CSAN3,18.08
2024-01-22,CSMG3,22.29
2024-01-22,CSNA3,17.13
2024-01-22,CURY3,18.43
2024-01-22,CVCB3,3.17
2024-01-22,CXSE3,13.93
2024-01-22,CYRE3,22.25
2024-01-22,DIRR3,21.32
2024-01-22,DXCO3,7.46
2024-01-22,ECOR3,8.91
2024-01-22,EGIE3,40.49
2024-01-22,ELET3,40.78
2024-01-22,ELET6,45.95
2024-01-22,EMBR3,21.75
2024-01-22,ENEV3,12.72
2024-01-22,ENGI11,49.57
2024-01-22,EQTL3,33.99
2024-01-22,EZTC3,16.05
2024-01-22,FLRY3,16.29
2024-01-22,GGBR4,20.86
2024-01-22,GOAU4,9.71
2024-01-22,GOLL4,6.82
2024-01-22,HAPV3,3.79
2024-01-22,HYPE3,32.39
2024-01-22,IGTI11,23.36
2024-01-22,IRBR3,37.83
2024-01-22,ITSA4,9.91
2024-01-22,ITUB4,32.4
2024-01-22,JBSS3,23.7
2024-01-22,JHSF3,4.86
2024-01-22,KLBN11,21.49
2024-01-22,LOGG3,20.55
2024-01-22,LREN3,15.81
2024-01-22,LWSA3,5.49
2024-01-22,MGLU3,1.95
2024-01-22,MRFG3,9.18
2024-01-22,MRVE3,7.84
2024-01-22,MULT3,27.2
2024-01-22,NTCO3,16.98
2024-01-22,PCAR3,4.3
2024-01-22,PETR3,39.04
2024-01-22,PETR4,37.7
2024-01-22,PETZ3,3.46
2024-01-22,POMO4,7.28
2024-01-22,PRIO3,44.16
2024-01-22,PSSA3,27.65
2024-01-22,QUAL3,2.58
2024-01-22,RADL3,26.49
2024-01-22,RAIL3,22.28
2024-01-22,RAIZ4,3.65
2024-01-22,RDOR3,26.47
2024-01-22,RECV3,23.5
2024-01-22,RENT3,58.71
2024-01-22,RRRP3,29.15
2024-01-22,SANB11,29.91
2024-01-22,SBSP3,76.17
2024-01-22,SLCE3,18.82
2024-01-22,SMFT3,24.7
2024-01-22,SMTO3,28.15
2024-01-22,SOMA3,6.72
2024-01-22,STBP3,9.48
2024-01-22,SUZB3,51.67
2024-01-22,TAEE11,36.92
2024-01-22,TEND3,9.76
2024-01-22,TIMS3,17.5
2024-01-22,TOTS3,30.41
2024-01-22,TRPL4,26.34
2024-01-22,UGPA3,27.65
2024-01-22,USIM5,8.6
2024-01-22,VALE3,67.8
2024-01-22,VAMO3,8.14
2024-01-22,VBBR3,22.81
2024-01-22,VIVA3,35.26
2024-01-22,VIVT3,50.84
2024-01-22,WEGE3,33.38
2024-01-22,YDUQ3,20.85
2024-01-23,ABEV3,13.37
2024-01-23,ALOS3,25.01
2024-01-23,ALPA4,8.33
2024-01-23,AMER3,0.82
2024-01-23,ARZZ3,57.5
2024-01-23,ASAI3,13.64
2024-01-23,AURE3,13.13
2024-01-23,AZUL4,13.53
2024-01-23,B3SA3,13.73
2024-01-23,BBAS3,56.54
2024-01-23,BBDC3,13.8
2024-01-23,BBDC4,15.38
2024-01-23,BBSE3,34.51
2024-01-23,BEEF3,7.13
2024-01-23,BHIA3,9.11
2024-01-23,BPAC11,37.25
2024-01-23,BPAN4,7.95
2024-01-23,BRAP4,23.14
2024-01-23,BRFS3,14.61
2024-01-23,BRKM5,17.81
2024-01-23,CASH3,7.52
2024-01-23,CCRO3,13.51
2024-01-23,CEAB3,7.33
2024-01-23,CIEL3,4.74
2024-01-23,CMIG4,11.55
2024-01-23,CMIN3,6.57
2024-01-23,COGN3,3.11
2024-01-23,CPFE3,36.05
2024-01-23,CPLE3,9.06
2024-01-23,CPLE6,10.01
2024-01-23,CRFB3,11.26
2024-01-23,CSAN3,18.55
2024-01-23,CSMG3,22.65
2024-01-23,CSNA3,17.42
2024-01-23,CURY3,18.55
2024-01-23,CVCB3,3.22
2024-01-23,CXSE3,14.46
2024-01-23,CYRE3,22.5
2024-01-23,DIRR3,21.28
2024-01-23,DXCO3,7.64
2024-01-23,ECOR3,9.03
2024-01-23,EGIE3,41.15
2024-01-23,ELET3,41.03
2024-01-23,ELET6,46.21
2024-01-23,EMBR3,22.5
2024-01-23,ENEV3,12.95
2024-01-23,ENGI11,50.32
2024-01-23,EQTL3,34.11
2024-01-23,EZTC3,16.04
2024-01-23,FLRY3,16.59
2024-01-23,GGBR4,21.23
2024-01-23,GOAU4,9.86
2024-01-23,GOLL4,6.88
2024-01-23,HAPV3,3.94
2024-01-23,HYPE3,32.48
2024-01-23,IGTI11,23.84
2024-01-23,IRBR3,41.84
2024-01-23,ITSA4,10.05
2024-01-23,ITUB4,32.55
2024-01-23,JBSS3,24.28
2024-01-23,JHSF3,4.93
2024-01-23,KLBN11,21.79
2024-01-23,LOGG3,20.76
2024-01-23,LREN3,15.91
2024-01-23,LWSA3,5.57
2024-01-23,MGLU3,1.94
2024-01-23,MRFG3,9.35
2024-01-23,MRVE3,7.94
2024-01-23,MULT3,27.72
2024-01-23,NTCO3,17.28
2024-01-23,PCAR3,4.22
2024-01-23,PETR3,39.61
2024-01-23,PETR4,38.17
2024-01-23,PETZ3,3.52
2024-01-23,POMO4,7.4
2024-01-23,PRIO3,44.33
2024-01-23,PSSA3,27.42
2024-01-23,QUAL3,2.61
2024-01-23,RADL3,26.94
2024-01-23,RAIL3,22.94
2024-01-23,RAIZ4,3.73
2024-01-23,RDOR3,27.13
2024-01-23,RECV3,23.4
2024-01-23,RENT3,59.22
2024-01-23,RRRP3,28.53
2024-01-23,SANB11,29.73
2024-01-23,SBSP3,77.26
2024-01-23,SLCE3,19.09
2024-01-23,SMFT3,24.77
2024-01-23,SMTO3,28.85
2024-01-23,SOMA3,6.96
2024-01-23,STBP3,9.66
2024-01-23,SUZB3,52.1
2024-01-23,TAEE11,37.1
2024-01-23,TEND3,9.84
2024-01-23,TIMS3,17.45
2024-01-23,TOTS3,30.96
2024-01-23,TRPL4,26.57
2024-01-23,UGPA3,27.95
2024-01-23,USIM5,8.64
2024-01-23,VALE3,69.2
2024-01-23,VAMO3,8.33
2024-01-23,VBBR3,23.01
2024-01-23,VIVA3,34.95
2024-01-23,VIVT3,50.9
2024-01-23,WEGE3,33.77
2024-01-23,YDUQ3,21.21
2024-01-24,ABEV3,13.2
2024-01-24,ALOS3,24.31
2024-01-24,ALPA4,8.54
2024-01-24,AMER3,0.8
2024-01-24,ARZZ3,55.51
2024-01-24,ASAI3,13.35
2024-01-24,AURE3,13.29
2024-01-24,AZUL4,13.27
2024-01-24,B3SA3,13.63
2024-01-24,BBAS3,56.65
2024-01-24,BBDC3,13.73
2024-01-24,BBDC4,15.32
2024-01-24,BBSE3,34.24
2024-01-24,BEEF3,7.13
2024-01-24,BHIA3,8.7
2024-01-24,BPAC11,37.38
2024-01-24,BPAN4,7.85
2024-01-24,BRAP4,23.38
2024-01-24,BRFS3,14.15
2024-01-24,BRKM5,17.8
2024-01-24,CASH3,7.43
2024-01-24,CCRO3,13.34
2024-01-24,CEAB3,7.5
2024-01-24,CIEL3,4.79
2024-01-24,CMIG4,11.6
2024-01-24,CMIN3,6.73
2024-01-24,COGN3,3.05
2024-01-24,CPFE3,36.1
2024-01-24,CPLE3,9.0
2024-01-24,CPLE6,9.98
2024-01-24,CRFB3,10.9
2024-01-24,CSAN3,18.44
2024-01-24,CSMG3,22.17
2024-01-24,CSNA3,17.82
2024-01-24,CURY3,18.2
2024-01-24,CVCB3,3.16
2024-01-24,CXSE3,14.7
2024-01-24,CYRE3,22.34
2024-01-24,DIRR3,21.36
2024-01-24,DXCO3,7.65
2024-01-24,ECOR3,9.0
2024-01-24,EGIE3,41.34
2024-01-24,ELET3,41.07
2024-01-24,ELET6,46.01
2024-01-24,EMBR3,22.73
2024-01-24,ENEV3,12.98
2024-01-24,ENGI11,49.31
2024-01-24,EQTL3,34.03
2024-01-24,EZTC3,15.76
2024-01-24,FLRY3,16.78
2024-01-24,GGBR4,21.72
2024-01-24,GOAU4,10.04
2024-01-24,GOLL4,6.65
2024-01-24,HAPV3,3.96
2024-01-24,HYPE3,32.21
2024-01-24,IGTI11,23.61
2024-01-24,IRBR3,40.55
2024-01-24,ITSA4,9.96
2024-01-24,ITUB4,32.4
2024-01-24,JBSS3,24.17
2024-01-24,JHSF3,4.82
2024-01-24,KLBN11,21.76
2024-01-24,LOGG3,20.55
2024-01-24,LREN3,15.8
2024-01-24,LWSA3,5.51
2024-01-24,MGLU3,1.92
2024-01-24,MRFG3,9.63
2024-01-24,MRVE3,8.03
2024-01-24,MULT3,27.36
2024-01-24,NTCO3,16.35
2024-01-24,PCAR3,4.21
2024-01-24,PETR3,39.24
2024-01-24,PETR4,37.88
2024-01-24,PETZ3,3.43
2024-01-24,POMO4,7.55
2024-01-24,PRIO3,44.6
2024-01-24,PSSA3,27.53
2024-01-24,QUAL3,2.5
2024-01-24,RADL3,25.99
2024-01-24,RAIL3,22.51
2024-01-24,RAIZ4,3.72
2024-01-24,RDOR3,27.38
2024-01-24,RECV3,23.58
2024-01-24,RENT3,58.63
2024-01-24,RRRP3,28.36
2024-01-24,SANB11,29.5
2024-01-24,SBSP3,76.4
2024-01-24,SLCE3,19.12
2024-01-24,SMFT3,24.37
2024-01-24,SMTO3,28.65
2024-01-24,SOMA3,6.8
2024-01-24,STBP3,9.65
2024-01-24,SUZB3,51.87
2024-01-24,TAEE11,36.92
2024-01-24,TEND3,9.88
2024-01-24,TIMS3,17.43
2024-01-24,TOTS3,30.91
2024-01-24,TRPL4,26.27
2024-01-24,UGPA3,27.82
2024-01-24,USIM5,8.97
2024-01-24,VALE3,69.9
2024-01-24,VAMO3,8.2
2024-01-24,VBBR3,23.36
2024-01-24,VIVA3,34.67
2024-01-24,VIVT3,50.72
2024-01-24,WEGE3,33.47
2024-01-24,YDUQ3,20.42
2024-01-25,ABEV3,13.2
2024-01-25,ALOS3,24.69
2024-01-25,ALPA4,8.79
2024-01-25,AMER3,0.8
2024-01-25,ARZZ3,57.25
2024-01-25,ASAI3,14.0
2024-01-25,AURE3,13.24
2024-01-25,AZUL4,14.07
2024-01-25,B3SA3,13.43
2024-01-25,BBAS3,56.58
2024-01-25,BBDC3,13.7
2024-01-25,BBDC4,15.36
2024-01-25,BBSE3,33.74
2024-01-25,BEEF3,7.12
2024-01-25,BHIA3,8.92
2024-01-25,BPAC11,37.0
2024-01-25,BPAN4,8.0
2024-01-25,BRAP4,23.05
2024-01-25,BRFS3,14.47
2024-01-25,BRKM5,18.29
2024-01-25,CASH3,7.97
2024-01-25,CCRO3,13.31
2024-01-25,CEAB3,7.52
2024-01-25,CIEL3,4.86
2024-01-25,CMIG4,11.66
2024-01-25,CMIN3,6.66
2024-01-25,COGN3,3.04
2024-01-25,CPFE3,36.36
2024-01-25,CPLE3,9.11
2024-01-25,CPLE6,10.05
2024-01-25,CRFB3,10.98
2024-01-25,CSAN3,18.46
2024-01-25,CSMG3,22.21
2024-01-25,CSNA3,17.92
2024-01-25,CURY3,18.46
2024-01-25,CVCB3,3.21
2024-01-25,CXSE3,14.36
2024-01-25,CYRE3,23.16
2024-01-25,DIRR3,22.29
2024-01-25,DXCO3,7.75
2024-01-25,ECOR3,9.04
2024-01-25,EGIE3,41.23
2024-01-25,ELET3,41.13
2024-01-25,ELET6,46.13
2024-01-25,EMBR3,22.72
2024-01-25,ENEV3,12.9
2024-01-25,ENGI11,50.09
2024-01-25,EQTL3,34.85
2024-01-25,EZTC3,16.06
2024-01-25,FLRY3,16.67
2024-01-25,GGBR4,21.78
2024-01-25,GOAU4,10.02
2024-01-25,GOLL4,6.44
2024-01-25,HAPV3,4.01
2024-01-25,HYPE3,31.59
2024-01-25,IGTI11,23.57
2024-01-25,IRBR3,40.92
2024-01-25,ITSA4,9.94
2024-01-25,ITUB4,32.33
2024-01-25,JBSS3,24.2
2024-01-25,JHSF3,4.87
2024-01-25,KLBN11,21.78
2024-01-25,LOGG3,20.67
2024-01-25,LREN3,16.15
2024-01-25,LWSA3,5.51
2024-01-25,MGLU3,2.07
2024-01-25,MRFG3,9.74
2024-01-25,MRVE3,7.98
2024-01-25,MULT3,27.75
2024-01-25,NTCO3,16.2
2024-01-25,PCAR3,4.1
2024-01-25,PETR3,41.06
2024-01-25,PETR4,39.28
2024-01-25,PETZ3,3.43
2024-01-25,POMO4,7.87
2024-01-25,PRIO3,44.8
2024-01-25,PSSA3,27.11
2024-01-25,QUAL3,2.59
2024-01-25,RADL3,26.0
2024-01-25,RAIL3,22.45
2024-01-25,RAIZ4,3.73
2024-01-25,RDOR3,27.17
2024-01-25,RECV3,23.66
2024-01-25,RENT3,58.36
2024-01-25,RRRP3,28.35
2024-01-25,SANB11,29.18
2024-01-25,SBSP3,77.09
2024-01-25,SLCE3,19.35
2024-01-25,SMFT3,24.83
2024-01-25,SMTO3,28.76
2024-01-25,SOMA3,7.04
2024-01-25,STBP3,9.77
2024-01-25,SUZB3,51.85
2024-01-25,TAEE11,36.79
2024-01-25,TEND3,10.66
2024-01-25,TIMS3,17.39
2024-01-25,TOTS3,30.9
2024-01-25,TRPL4,26.23
2024-01-25,UGPA3,27.95
2024-01-25,USIM5,9.03
2024-01-25,VALE3,68.36
2024-01-25,VAMO3,8.17
2024-01-25,VBBR3,23.34
2024-01-25,VIVA3,34.77
2024-01-25,VIVT3,50.75
2024-01-25,WEGE3,33.25
2024-01-25,YDUQ3,19.52
2024-01-26,ABEV3,13.2
2024-01-26,ALOS3,24.62
2024-01-26,ALPA4,8.67
2024-01-26,AMER3,0.83
2024-01-26,ARZZ3,57.91
2024-01-26,ASAI3,13.8
2024-01-26,AURE3,13.19
2024-01-26,AZUL4,14.27
2024-01-26,B3SA3,13.22
2024-01-26,BBAS3,56.97
2024-01-26,BBDC3,13.75
2024-01-26,BBDC4,15.52
2024-01-26,BBSE3,33.73
2024-01-26,BEEF3,7.19
2024-01-26,BHIA3,8.7
2024-01-26,BPAC11,37.04
2024-01-26,BPAN4,7.99
2024-01-26,BRAP4,23.22
2024-01-26,BRFS3,14.61
2024-01-26,BRKM5,18.55
2024-01-26,CASH3,8.09
2024-01-26,CCRO3,13.27
2024-01-26,CEAB3,7.74
2024-01-26,CIEL3,4.9
2024-01-26,CMIG4,11.64
2024-01-26,CMIN3,6.82
2024-01-26,COGN3,3.03
2024-01-26,CPFE3,37.1
2024-01-26,CPLE3,9.03
2024-01-26,CPLE6,10.07
2024-01-26,CRFB3,10.71
2024-01-26,CSAN3,18.57
2024-01-26,CSMG3,21.58
2024-01-26,CSNA3,18.16
2024-01-26,CURY3,18.45
2024-01-26,CVCB3,3.07
2024-01-26,CXSE3,13.97
2024-01-26,CYRE3,22.84
2024-01-26,DIRR3,22.09
2024-01-26,DXCO3,7.81
2024-01-26,ECOR3,9.06
2024-01-26,EGIE3,41.04
2024-01-26,ELET3,40.86
2024-01-26,ELET6,46.04
2024-01-26,EMBR3,22.4
2024-01-26,ENEV3,12.87
2024-01-26,ENGI11,49.9
2024-01-26,EQTL3,35.32
2024-01-26,EZTC3,15.91
2024-01-26,FLRY3,16.49
2024-01-26,GGBR4,21.84
2024-01-26,GOAU4,10.08
2024-01-26,GOLL4,5.92
2024-01-26,HAPV3,3.93
2024-01-26,HYPE3,31.08
2024-01-26,IGTI11,23.55
2024-01-26,IRBR3,40.65
2024-01-26,ITSA4,10.01
2024-01-26,ITUB4,32.81
2024-01-26,JBSS3,24.34
2024-01-26,JHSF3,4.87
2024-01-26,KLBN11,21.93
2024-01-26,LOGG3,20.63
2024-01-26,LREN3,15.78
2024-01-26,LWSA3,5.55
2024-01-26,MGLU3,2.08
2024-01-26,MRFG3,9.74
2024-01-26,MRVE3,8.08
2024-01-26,MULT3,28.19
2024-01-26,NTCO3,15.97
2024-01-26,PCAR3,4.14
2024-01-26,PETR3,41.96
2024-01-26,PETR4,39.96
2024-01-26,PETZ3,3.4
2024-01-26,POMO4,7.77
2024-01-26,PRIO3,45.69
2024-01-26,PSSA3,26.82
2024-01-26,QUAL3,2.45
2024-01-26,RADL3,26.16
2024-01-26,RAIL3,22.64
2024-01-26,RAIZ4,3.74
2024-01-26,RDOR3,27.56
2024-01-26,RECV3,23.83
2024-01-26,RENT3,56.24
2024-01-26,RRRP3,28.75
2024-01-26,SANB11,29.38
2024-01-26,SBSP3,77.04
2024-01-26,SLCE3,19.3
2024-01-26,SMFT3,25.01
2024-01-26,SMTO3,28.2
2024-01-26,SOMA3,6.95
2024-01-26,STBP3,9.75
2024-01-26,SUZB3,52.91
2024-01-26,TAEE11,36.9
2024-01-26,TEND3,10.37
2024-01-26,TIMS3,17.52
2024-01-26,TOTS3,30.88
2024-01-26,TRPL4,26.12
2024-01-26,UGPA3,28.31
2024-01-26,USIM5,9.5
2024-01-26,VALE3,69.5
2024-01-26,VAMO3,8.18
2024-01-26,VBBR3,23.23
2024-01-26,VIVA3,34.95
2024-01-26,VIVT3,51.2
2024-01-26,WEGE3,33.17
2024-01-26,YDUQ3,19.77
2024-01-29,ABEV3,13.25
2024-01-29,ALOS3,24.31
2024-01-29,ALPA4,8.44
2024-01-29,AMER3,0.83
2024-01-29,ARZZ3,57.0
2024-01-29,ASAI3,14.46
2024-01-29,AURE3,13.08
2024-01-29,AZUL4,13.84
2024-01-29,B3SA3,13.21
2024-01-29,BBAS3,56.52
2024-01-29,BBDC3,13.7
2024-01-29,BBDC4,15.38
2024-01-29,BBSE3,34.09
2024-01-29,BEEF3,7.05
2024-01-29,BHIA3,8.29
2024-01-29,BPAC11,36.66
2024-01-29,BPAN4,7.9
2024-01-29,BRAP4,23.02
2024-01-29,BRFS3,14.26
2024-01-29,BRKM5,18.78
2024-01-29,CASH3,7.86
2024-01-29,CCRO3,13.25
2024-01-29,CEAB3,7.9
2024-01-29,CIEL3,4.83
2024-01-29,CMIG4,11.65
2024-01-29,CMIN3,6.83
2024-01-29,COGN3,2.94
2024-01-29,CPFE3,36.6
2024-01-29,CPLE3,8.95
2024-01-29,CPLE6,10.03
2024-01-29,CRFB3,10.37
2024-01-29,CSAN3,18.25
2024-01-29,CSMG3,21.54
2024-01-29,CSNA3,18.08
2024-01-29,CURY3,18.5
2024-01-29,CVCB3,2.97
2024-01-29,CXSE3,14.1
2024-01-29,CYRE3,22.55
2024-01-29,DIRR3,21.86
2024-01-29,DXCO3,7.68
2024-01-29,ECOR3,9.03
2024-01-29,EGIE3,40.4
2024-01-29,ELET3,40.87
2024-01-29,ELET6,46.0
2024-01-29,EMBR3,22.32
2024-01-29,ENEV3,12.92
2024-01-29,ENGI11,50.56
2024-01-29,EQTL3,35.19
2024-01-29,EZTC3,15.73
2024-01-29,FLRY3,16.41
2024-01-29,GGBR4,21.36
2024-01-29,GOAU4,9.98
2024-01-29,GOLL4,3.93
2024-01-29,HAPV3,3.9
2024-01-29,HYPE3,31.95
2024-01-29,IGTI11,23.75
2024-01-29,IRBR3,40.12
2024-01-29,ITSA4,9.93
2024-01-29,ITUB4,32.64
2024-01-29,JBSS3,23.76
2024-01-29,JHSF3,4.81
2024-01-29,KLBN11,21.54
2024-01-29,LOGG3,20.63
2024-01-29,LREN3,15.71
2024-01-29,LWSA3,5.49
2024-01-29,MGLU3,2.07
2024-01-29,MRFG3,9.47
2024-01-29,MRVE3,7.96
2024-01-29,MULT3,28.15
2024-01-29,NTCO3,15.6
2024-01-29,PCAR3,4.1
2024-01-29,PETR3,42.36
2024-01-29,PETR4,40.57
2024-01-29,PETZ3,3.38
2024-01-29,POMO4,7.6
2024-01-29,PRIO3,44.76
2024-01-29,PSSA3,26.88
2024-01-29,QUAL3,2.32
2024-01-29,RADL3,26.3
2024-01-29,RAIL3,22.86
2024-01-29,RAIZ4,3.81
2024-01-29,RDOR3,27.13
2024-01-29,RECV3,23.29
2024-01-29,RENT3,55.45
2024-01-29,RRRP3,28.11
2024-01-29,SANB11,28.91
2024-01-29,SBSP3,77.59
2024-01-29,SLCE3,18.95
2024-01-29,SMFT3,24.8
2024-01-29,SMTO3,28.61
2024-01-29,SOMA3,6.8
2024-01-29,STBP3,9.84
2024-01-29,SUZB3,50.8
2024-01-29,TAEE11,36.77
2024-01-29,TEND3,10.13
2024-01-29,TIMS3,17.46
2024-01-29,TOTS3,31.43
2024-01-29,TRPL4,26.11
2024-01-29,UGPA3,27.93
2024-01-29,USIM5,9.3
2024-01-29,VALE3,69.17
2024-01-29,VAMO3,8.13
2024-01-29,VBBR3,23.01
2024-01-29,VIVA3,34.65
2024-01-29,VIVT3,50.98
2024-01-29,WEGE3,33.25
2024-01-29,YDUQ3,19.54
2024-01-30,ABEV3,13.04
2024-01-30,ALOS3,24.07
2024-01-30,ALPA4,8.33
2024-01-30,AMER3,0.8
2024-01-30,ARZZ3,55.84
2024-01-30,ASAI3,14.05
2024-01-30,AURE3,13.0
2024-01-30,AZUL4,13.2
2024-01-30,B3SA3,13.0
2024-01-30,BBAS3,56.23
2024-01-30,BBDC3,13.64
2024-01-30,BBDC4,15.27
2024-01-30,BBSE3,33.83
2024-01-30,BEEF3,6.83
2024-01-30,BHIA3,7.6
2024-01-30,BPAC11,35.9
2024-01-30,BPAN4,7.81
2024-01-30,BRAP4,22.91
2024-01-30,BRFS3,13.75
2024-01-30,BRKM5,17.72
2024-01-30,CASH3,7.42
2024-01-30,CCRO3,13.15
2024-01-30,CEAB3,7.06
2024-01-30,CIEL3,4.73
2024-01-30,CMIG4,11.5
2024-01-30,CMIN3,6.9
2024-01-30,COGN3,2.89
2024-01-30,CPFE3,35.83
2024-01-30,CPLE3,8.86
2024-01-30,CPLE6,9.95
2024-01-30,CRFB3,10.63
2024-01-30,CSAN3,18.26
2024-01-30,CSMG3,21.45
2024-01-30,CSNA3,17.91
2024-01-30,CURY3,18.43
2024-01-30,CVCB3,2.87
2024-01-30,CXSE3,13.94
2024-01-30,CYRE3,22.16
2024-01-30,DIRR3,21.66
2024-01-30,DXCO3,7.7
2024-01-30,ECOR3,9.0
2024-01-30,EGIE3,40.1
2024-01-30,ELET3,40.21
2024-01-30,ELET6,45.25
2024-01-30,EMBR3,22.87
2024-01-30,ENEV3,12.81
2024-01-30,ENGI11,50.3
2024-01-30,EQTL3,34.57
2024-01-30,EZTC3,15.39
2024-01-30,FLRY3,16.19
2024-01-30,GGBR4,21.27
2024-01-30,GOAU4,9.96
2024-01-30,GOLL4,2.87
2024-01-30,HAPV3,3.86
2024-01-30,HYPE3,31.22
2024-01-30,IGTI11,23.7
2024-01-30,IRBR3,39.45
2024-01-30,ITSA4,9.89
2024-01-30,ITUB4,32.43
2024-01-30,JBSS3,23.53
2024-01-30,JHSF3,4.73
2024-01-30,KLBN11,21.38
2024-01-30,LOGG3,20.21
2024-01-30,LREN3,15.58
2024-01-30,LWSA3,5.25
2024-01-30,MGLU3,1.98
2024-01-30,MRFG3,9.19
2024-01-30,MRVE3,7.64
2024-01-30,MULT3,27.88
2024-01-30,NTCO3,15.47
2024-01-30,PCAR3,3.98
2024-01-30,PETR3,42.17
2024-01-30,PETR4,40.32
2024-01-30,PETZ3,3.21
2024-01-30,POMO4,7.68
2024-01-30,PRIO3,44.09
2024-01-30,PSSA3,26.53
2024-01-30,QUAL3,2.18
2024-01-30,RADL3,26.25
2024-01-30,RAIL3,22.63
2024-01-30,RAIZ4,3.8
2024-01-30,RDOR3,26.55
2024-01-30,RECV3,22.87
2024-01-30,RENT3,54.49
2024-01-30,RRRP3,27.73
2024-01-30,SANB11,29.2
2024-01-30,SBSP3,78.17
2024-01-30,SLCE3,19.01
2024-01-30,SMFT3,24.44
2024-01-30,SMTO3,28.27
2024-01-30,SOMA3,6.78
2024-01-30,STBP3,10.05
2024-01-30,SUZB3,52.1
2024-01-30,TAEE11,36.43
2024-01-30,TEND3,9.71
2024-01-30,TIMS3,17.16
2024-01-30,TOTS3,31.18
2024-01-30,TRPL4,25.5
2024-01-30,UGPA3,27.82
2024-01-30,USIM5,9.09
2024-01-30,VALE3,68.78
2024-01-30,VAMO3,8.04
2024-01-30,VBBR3,23.34
2024-01-30,VIVA3,33.35
2024-01-30,VIVT3,50.88
2024-01-30,WEGE3,32.99
2024-01-30,YDUQ3,18.97
2024-01-31,ABEV3,13.08
2024-01-31,ALOS3,24.55
2024-01-31,ALPA4,8.58
2024-01-31,AMER3,0.82
2024-01-31,ARZZ3,62.59
2024-01-31,ASAI3,13.66
2024-01-31,AURE3,13.18
2024-01-31,AZUL4,13.4
2024-01-31,B3SA3,13.09
2024-01-31,BBAS3,56.45
2024-01-31,BBDC3,13.68
2024-01-31,BBDC4,15.35
2024-01-31,BBSE3,34.25
2024-01-31,BEEF3,6.85
2024-01-31,BHIA3,7.89
2024-01-31,BPAC11,36.02
2024-01-31,BPAN4,7.86
2024-01-31,BRAP4,22.79
2024-01-31,BRFS3,13.95
2024-01-31,BRKM5,17.81
2024-01-31,CASH3,7.51
2024-01-31,CCRO3,13.12
2024-01-31,CEAB3,7.3
2024-01-31,CIEL3,4.97
2024-01-31,CMIG4,11.52
2024-01-31,CMIN3,6.8
2024-01-31,COGN3,2.92
2024-01-31,CPFE3,36.26
2024-01-31,CPLE3,8.97
2024-01-31,CPLE6,10.13
2024-01-31,CRFB3,10.41
2024-01-31,CSAN3,18.27
2024-01-31,CSMG3,21.37
2024-01-31,CSNA3,17.73
2024-01-31,CURY3,18.5
2024-01-31,CVCB3,2.91
2024-01-31,CXSE3,14.13
2024-01-31,CYRE3,22.36
2024-01-31,DIRR3,21.79
2024-01-31,DXCO3,7.74
2024-01-31,ECOR3,9.07
2024-01-31,EGIE3,40.58
2024-01-31,ELET3,40.81
2024-01-31,ELET6,45.84
2024-01-31,EMBR3,22.78
2024-01-31,ENEV3,12.76
2024-01-31,ENGI11,50.61
2024-01-31,EQTL3,35.43
2024-01-31,EZTC3,15.44
2024-01-31,FLRY3,16.27
2024-01-31,GGBR4,21.04
2024-01-31,GOAU4,9.91
2024-01-31,GOLL4,2.83
2024-01-31,HAPV3,3.88
2024-01-31,HYPE3,31.73
2024-01-31,IGTI11,23.88
2024-01-31,IRBR3,40.76
2024-01-31,ITSA4,10.0
2024-01-31,ITUB4,32.78
2024-01-31,JBSS3,23.43
2024-01-31,JHSF3,4.74
2024-01-31,KLBN11,21.29
2024-01-31,LOGG3,20.51
2024-01-31,LREN3,16.05
2024-01-31,LWSA3,5.46
2024-01-31,MGLU3,2.1
2024-01-31,MRFG3,9.41
2024-01-31,MRVE3,7.88
2024-01-31,MULT3,27.86
2024-01-31,NTCO3,16.0
2024-01-31,PCAR3,3.91
2024-01-31,PETR3,42.16
2024-01-31,PETR4,40.45
2024-01-31,PETZ3,3.28
2024-01-31,POMO4,8.0
2024-01-31,PRIO3,43.93
2024-01-31,PSSA3,26.68
2024-01-31,QUAL3,2.18
2024-01-31,RADL3,25.3
2024-01-31,RAIL3,23.06
2024-01-31,RAIZ4,3.83
2024-01-31,RDOR3,27.15
2024-01-31,RECV3,23.05
2024-01-31,RENT3,54.12
2024-01-31,RRRP3,27.38
2024-01-31,SANB11,28.65
2024-01-31,SBSP3,78.86
2024-01-31,SLCE3,19.1
2024-01-31,SMFT3,24.25
2024-01-31,SMTO3,28.19
2024-01-31,SOMA3,7.92
2024-01-31,STBP3,10.08
2024-01-31,SUZB3,51.62
2024-01-31,TAEE11,36.89
2024-01-31,TEND3,9.96
2024-01-31,TIMS3,17.34
2024-01-31,TOTS3,31.52
2024-01-31,TRPL4,25.61
2024-01-31,UGPA3,28.17
2024-01-31,USIM5,9.19
2024-01-31,VALE3,67.76
2024-01-31,VAMO3,8.17
2024-01-31,VBBR3,23.75
2024-01-31,VIVA3,33.8
2024-01-31,VIVT3,51.36
2024-01-31,WEGE3,32.34
2024-01-31,YDUQ3,19.28
2024-02-01,ABEV3,13.07
2024-02-01,ALOS3,24.67
2024-02-01,ALPA4,8.4
2024-02-01,AMER3,0.81
2024-02-01,ARZZ3,62.85
2024-02-01,ASAI3,13.58
2024-02-01,AURE3,12.92
2024-02-01,AZUL4,13.25
2024-02-01,B3SA3,13.29
2024-02-01,BBAS3,57.74
2024-02-01,BBDC3,13.74
2024-02-01,BBDC4,15.32
2024-02-01,BBSE3,34.31
2024-02-01,BEEF3,6.75
2024-02-01,BHIA3,7.66
2024-02-01,BPAC11,36.68
2024-02-01,BPAN4,8.04
2024-02-01,BRAP4,22.34
2024-02-01,BRFS3,14.33
2024-02-01,BRKM5,17.85
2024-02-01,CASH3,7.55
2024-02-01,CCRO3,13.22
2024-02-01,CEAB3,7.36
2024-02-01,CIEL3,4.96
2024-02-01,CMIG4,11.72
2024-02-01,CMIN3,6.82
2024-02-01,COGN3,2.88
2024-02-01,CPFE3,36.45
2024-02-01,CPLE3,9.1
2024-02-01,CPLE6,10.24
2024-02-01,CRFB3,10.76
2024-02-01,CSAN3,18.56
2024-02-01,CSMG3,21.35
2024-02-01,CSNA3,17.57
2024-02-01,CURY3,18.5
2024-02-01,CVCB3,3.06
2024-02-01,CXSE3,14.25
2024-02-01,CYRE3,22.62
2024-02-01,DIRR3,22.18
2024-02-01,DXCO3,7.9
2024-02-01,ECOR3,9.09
2024-02-01,EGIE3,40.23
2024-02-01,ELET3,41.6
2024-02-01,ELET6,46.48
2024-02-01,EMBR3,22.47
2024-02-01,ENEV3,12.84
2024-02-01,ENGI11,51.1
2024-02-01,EQTL3,35.83
2024-02-01,EZTC3,15.32
2024-02-01,FLRY3,16.42
2024-02-01,GGBR4,20.97
2024-02-01,GOAU4,9.85
2024-02-01,GOLL4,2.68
2024-02-01,HAPV3,3.91
2024-02-01,HYPE3,31.97
2024-02-01,IGTI11,24.01
2024-02-01,IRBR3,40.35
2024-02-01,ITSA4,9.99
2024-02-01,ITUB4,32.69
2024-02-01,JBSS3,23.1
2024-02-01,JHSF3,4.59
2024-02-01,KLBN11,21.1
2024-02-01,LOGG3,20.27
2024-02-01,LREN3,16.16
2024-02-01,LWSA3,5.56
2024-02-01,MGLU3,2.06
2024-02-01,MRFG3,9.2
2024-02-01,MRVE3,7.83
2024-02-01,MULT3,27.89
2024-02-01,NTCO3,16.29
2024-02-01,PCAR3,4.18
2024-02-01,PETR3,42.96
2024-02-01,PETR4,41.57
2024-02-01,PETZ3,3.24
2024-02-01,POMO4,8.15
2024-02-01,PRIO3,43.15
2024-02-01,PSSA3,26.79
2024-02-01,QUAL3,2.25
2024-02-01,RADL3,25.12
2024-02-01,RAIL3,23.02
2024-02-01,RAIZ4,3.82
2024-02-01,RDOR3,26.76
2024-02-01,RECV3,23.06
2024-02-01,RENT3,54.48
2024-02-01,RRRP3,26.71
2024-02-01,SANB11,29.13
2024-02-01,SBSP3,78.85
2024-02-01,SLCE3,19.22
2024-02-01,SMFT3,24.67
2024-02-01,SMTO3,27.67
2024-02-01,SOMA3,7.79
2024-02-01,STBP3,10.43
2024-02-01,SUZB3,51.1
2024-02-01,TAEE11,37.02
2024-02-01,TEND3,9.93
2024-02-01,TIMS3,17.67
2024-02-01,TOTS3,32.02
2024-02-01,TRPL4,25.79
2024-02-01,UGPA3,28.46
2024-02-01,USIM5,9.23
2024-02-01,VALE3,67.45
2024-02-01,VAMO3,8.06
2024-02-01,VBBR3,23.48
2024-02-01,VIVA3,34.08
2024-02-01,VIVT3,52.42
2024-02-01,WEGE3,32.63
2024-02-01,YDUQ3,19.13
2024-02-02,ABEV3,13.07
2024-02-02,ALOS3,24.48
2024-02-02,ALPA4,8.29
2024-02-02,AMER3,0.79
2024-02-02,ARZZ3,62.8
2024-02-02,ASAI3,13.52
2024-02-02,AURE3,12.86
2024-02-02,AZUL4,13.73
2024-02-02,B3SA3,13.17
2024-02-02,BBAS3,57.72
2024-02-02,BBDC3,13.64
2024-02-02,BBDC4,15.32
2024-02-02,BBSE3,34.09
2024-02-02,BEEF3,6.76
2024-02-02,BHIA3,7.2
2024-02-02,BPAC11,36.67
2024-02-02,BPAN4,8.37
2024-02-02,BRAP4,21.98
2024-02-02,BRFS3,14.33
2024-02-02,BRKM5,17.58
2024-02-02,CASH3,7.56
2024-02-02,CCRO3,13.15
2024-02-02,CEAB3,7.26
2024-02-02,CIEL3,4.94
2024-02-02,CMIG4,11.36
2024-02-02,CMIN3,6.63
2024-02-02,COGN3,2.68
2024-02-02,CPFE3,35.63
2024-02-02,CPLE3,9.0
2024-02-02,CPLE6,10.06
2024-02-02,CRFB3,10.91
2024-02-02,CSAN3,17.95
2024-02-02,CSMG3,21.11
2024-02-02,CSNA3,17.12
2024-02-02,CURY3,18.23
2024-02-02,CVCB3,3.03
2024-02-02,CXSE3,14.27
2024-02-02,CYRE3,22.52
2024-02-02,DIRR3,21.6
2024-02-02,DXCO3,7.64
2024-02-02,ECOR3,8.82
2024-02-02,EGIE3,39.7
2024-02-02,ELET3,40.65
2024-02-02,ELET6,45.44
2024-02-02,EMBR3,22.44
2024-02-02,ENEV3,12.64
2024-02-02,ENGI11,50.78
2024-02-02,EQTL3,35.33
2024-02-02,EZTC3,15.51
2024-02-02,FLRY3,16.27
2024-02-02,GGBR4,21.47
2024-02-02,GOAU4,10.0
2024-02-02,GOLL4,2.5
2024-02-02,HAPV3,3.83
2024-02-02,HYPE3,31.28
2024-02-02,IGTI11,23.71
2024-02-02,IRBR3,40.36
2024-02-02,ITSA4,9.98
2024-02-02,ITUB4,32.74
2024-02-02,JBSS3,23.0
2024-02-02,JHSF3,4.61
2024-02-02,KLBN11,21.01
2024-02-02,LOGG3,20.49
2024-02-02,LREN3,15.74
2024-02-02,LWSA3,5.34
2024-02-02,MGLU3,1.97
2024-02-02,MRFG3,9.1
2024-02-02,MRVE3,7.6
2024-02-02,MULT3,27.26
2024-02-02,NTCO3,16.14
2024-02-02,PCAR3,4.12
2024-02-02,PETR3,42.33
2024-02-02,PETR4,41.03
2024-02-02,PETZ3,3.14
2024-02-02,POMO4,8.21
2024-02-02,PRIO3,42.45
2024-02-02,PSSA3,26.88
2024-02-02,QUAL3,2.1
2024-02-02,RADL3,24.86
2024-02-02,RAIL3,22.84
2024-02-02,RAIZ4,3.78
2024-02-02,RDOR3,26.67
2024-02-02,RECV3,21.96
2024-02-02,RENT3,53.56
2024-02-02,RRRP3,26.9
2024-02-02,SANB11,28.81
2024-02-02,SBSP3,78.74
2024-02-02,SLCE3,19.12
2024-02-02,SMFT3,24.5
2024-02-02,SMTO3,27.16
2024-02-02,SOMA3,7.71
2024-02-02,STBP3,10.47
2024-02-02,SUZB3,51.34
2024-02-02,TAEE11,36.53
2024-02-02,TEND3,9.57
2024-02-02,TIMS3,17.7
2024-02-02,TOTS3,31.68
2024-02-02,TRPL4,25.85
2024-02-02,UGPA3,27.64
2024-02-02,USIM5,9.09
2024-02-02,VALE3,66.08
2024-02-02,VAMO3,7.93
2024-02-02,VBBR3,23.33
2024-02-02,VIVA3,33.09
2024-02-02,VIVT3,52.41
2024-02-02,WEGE3,32.59
2024-02-02,YDUQ3,18.49
2024-02-05,ABEV3,13.09
2024-02-05,ALOS3,24.31
2024-02-05,ALPA4,8.07
2024-02-05,AMER3,0.72
2024-02-05,ARZZ3,59.35
2024-02-05,ASAI3,13.42
2024-02-05,AURE3,12.86
2024-02-05,AZUL4,12.91
2024-02-05,B3SA3,13.07
2024-02-05,BBAS3,58.34
2024-02-05,BBDC3,13.91
2024-02-05,BBDC4,15.63
2024-02-05,BBSE3,34.55
2024-02-05,BEEF3,6.71
2024-02-05,BHIA3,6.98
2024-02-05,BPAC11,36.98
2024-02-05,BPAN4,8.26
2024-02-05,BRAP4,21.88
2024-02-05,BRFS3,14.49
2024-02-05,BRKM5,17.58
2024-02-05,CASH3,7.59
2024-02-05,CCRO3,13.11
2024-02-05,CEAB3,6.99
2024-02-05,CIEL3,5.03
2024-02-05,CMIG4,11.37
2024-02-05,CMIN3,6.46
2024-02-05,COGN3,2.51
2024-02-05,CPFE3,35.91
2024-02-05,CPLE3,9.04
2024-02-05,CPLE6,10.14
2024-02-05,CRFB3,11.05
2024-02-05,CSAN3,18.09
2024-02-05,CSMG3,21.49
2024-02-05,CSNA3,17.37
2024-02-05,CURY3,18.36
2024-02-05,CVCB3,3.07
2024-02-05,CXSE3,14.42
2024-02-05,CYRE3,22.13
2024-02-05,DIRR3,21.77
2024-02-05,DXCO3,7.6
2024-02-05,ECOR3,8.62
2024-02-05,EGIE3,40.2
2024-02-05,ELET3,40.83
2024-02-05,ELET6,45.84
2024-02-05,EMBR3,22.7
2024-02-05,ENEV3,12.67
2024-02-05,ENGI11,50.58
2024-02-05,EQTL3,35.2
2024-02-05,EZTC3,15.2
2024-02-05,FLRY3,16.32
2024-02-05,GGBR4,21.34
2024-02-05,GOAU4,9.98
2024-02-05,GOLL4,2.45
2024-02-05,HAPV3,3.85
2024-02-05,HYPE3,31.3
2024-02-05,IGTI11,23.56
2024-02-05,IRBR3,40.58
2024-02-05,ITSA4,10.15
2024-02-05,ITUB4,33.36
2024-02-05,JBSS3,23.46
2024-02-05,JHSF3,4.62
2024-02-05,KLBN11,21.19
2024-02-05,LOGG3,20.47
2024-02-05,LREN3,15.02
2024-02-05,LWSA3,5.08
2024-02-05,MGLU3,1.95
2024-02-05,MRFG3,9.09
2024-02-05,MRVE3,7.43
2024-02-05,MULT3,27.4
2024-02-05,NTCO3,16.06
2024-02-05,PCAR3,3.93
2024-02-05,PETR3,42.33
2024-02-05,PETR4,41.21
2024-02-05,PETZ3,3.09
2024-02-05,POMO4,8.14
2024-02-05,PRIO3,42.05
2024-02-05,PSSA3,27.04
2024-02-05,QUAL3,1.98
2024-02-05,RADL3,24.46
2024-02-05,RAIL3,22.67
2024-02-05,RAIZ4,3.77
2024-02-05,RDOR3,26.81
2024-02-05,RECV3,21.93
2024-02-05,RENT3,53.74
2024-02-05,RRRP3,27.19
2024-02-05,SANB11,29.13
2024-02-05,SBSP3,79.25
2024-02-05,SLCE3,19.1
2024-02-05,SMFT3,24.9
2024-02-05,SMTO3,27.09
2024-02-05,SOMA3,7.19
2024-02-05,STBP3,10.2
2024-02-05,SUZB3,51.75
2024-02-05,TAEE11,36.29
2024-02-05,TEND3,9.42
2024-02-05,TIMS3,17.89
2024-02-05,TOTS3,31.79
2024-02-05,TRPL4,26.11
2024-02-05,UGPA3,28.18
2024-02-05,USIM5,9.09
2024-02-05,VALE3,65.51
2024-02-05,VAMO3,7.76
2024-02-05,VBBR3,23.66
2024-02-05,VIVA3,32.55
2024-02-05,VIVT3,52.88
2024-02-05,WEGE3,33.26
2024-02-05,YDUQ3,18.32
2024-02-06,ABEV3,13.23
2024-02-06,ALOS3,24.57
2024-02-06,ALPA4,8.22
2024-02-06,AMER3,0.73
2024-02-06,ARZZ3,59.5
2024-02-06,ASAI3,13.79
2024-02-06,AURE3,12.96
2024-02-06,AZUL4,13.4
2024-02-06,B3SA3,13.21
2024-02-06,BBAS3,59.6
2024-02-06,BBDC3,14.52
2024-02-06,BBDC4,16.6
2024-02-06,BBSE3,35.5
2024-02-06,BEEF3,6.79
2024-02-06,BHIA3,7.35
2024-02-06,BPAC11,37.55
2024-02-06,BPAN4,8.52
2024-02-06,BRAP4,22.34
2024-02-06,BRFS3,14.85
2024-02-06,BRKM5,17.77
2024-02-06,CASH3,7.65
2024-02-06,CCRO3,13.14
2024-02-06,CEAB3,7.41
2024-02-06,CIEL3,5.23
2024-02-06,CMIG4,11.48
2024-02-06,CMIN3,6.53
2024-02-06,COGN3,2.54
2024-02-06,CPFE3,36.47
2024-02-06,CPLE3,9.13
2024-02-06,CPLE6,10.27
2024-02-06,CRFB3,11.39
2024-02-06,CSAN3,18.55
2024-02-06,CSMG3,21.23
2024-02-06,CSNA3,17.99
2024-02-06,CURY3,18.78
2024-02-06,CVCB3,3.15
2024-02-06,CXSE3,14.82
2024-02-06,CYRE3,22.71
2024-02-06,DIRR3,22.17
2024-02-06,DXCO3,7.77
2024-02-06,ECOR3,8.88
2024-02-06,EGIE3,40.43
2024-02-06,ELET3,43.13
2024-02-06,ELET6,47.83
2024-02-06,EMBR3,21.83
2024-02-06,ENEV3,12.89
2024-02-06,ENGI11,52.5
2024-02-06,EQTL3,35.8
2024-02-06,EZTC3,15.47
2024-02-06,FLRY3,16.55
2024-02-06,GGBR4,21.73
2024-02-06,GOAU4,10.21
2024-02-06,GOLL4,2.65
2024-02-06,HAPV3,3.82
2024-02-06,HYPE3,31.73
2024-02-06,IGTI11,23.92
2024-02-06,IRBR3,42.24
2024-02-06,ITSA4,10.55
2024-02-06,ITUB4,34.79
2024-02-06,JBSS3,23.75
2024-02-06,JHSF3,4.65
2024-02-06,KLBN11,21.57
2024-02-06,LOGG3,20.9
2024-02-06,LREN3,15.61
2024-02-06,LWSA3,5.25
2024-02-06,MGLU3,2.05
2024-02-06,MRFG3,9.36
2024-02-06,MRVE3,7.48
2024-02-06,MULT3,27.7
2024-02-06,NTCO3,17.15
2024-02-06,PCAR3,4.07
2024-02-06,PETR3,42.97
2024-02-06,PETR4,41.59
2024-02-06,PETZ3,3.16
2024-02-06,POMO4,8.13
2024-02-06,PRIO3,43.6
2024-02-06,PSSA3,27.48
2024-02-06,QUAL3,2.1
2024-02-06,RADL3,25.15
2024-02-06,RAIL3,22.52
2024-02-06,RAIZ4,3.85
2024-02-06,RDOR3,27.8
2024-02-06,RECV3,22.76
2024-02-06,RENT3,52.69
2024-02-06,RRRP3,28.53
2024-02-06,SANB11,29.76
2024-02-06,SBSP3,80.31
2024-02-06,SLCE3,19.37
2024-02-06,SMFT3,24.38
2024-02-06,SMTO3,27.95
2024-02-06,SOMA3,7.19
2024-02-06,STBP3,10.37
2024-02-06,SUZB3,53.71
2024-02-06,TAEE11,36.63
2024-02-06,TEND3,9.75
2024-02-06,TIMS3,18.14
2024-02-06,TOTS3,32.35
2024-02-06,TRPL4,26.85
2024-02-06,UGPA3,28.35
2024-02-06,USIM5,9.22
2024-02-06,VALE3,66.67
2024-02-06,VAMO3,7.95
2024-02-06,VBBR3,23.95
2024-02-06,VIVA3,32.41
2024-02-06,VIVT3,53.88
2024-02-06,WEGE3,33.24
2024-02-06,YDUQ3,18.99
2024-02-07,ABEV3,13.0
2024-02-07,ALOS3,24.82
2024-02-07,ALPA4,8.13
2024-02-07,AMER3,0.71
2024-02-07,ARZZ3,60.03
2024-02-07,ASAI3,13.81
2024-02-07,AURE3,13.08
2024-02-07,AZUL4,13.01
2024-02-07,B3SA3,13.43
2024-02-07,BBAS3,59.44
2024-02-07,BBDC3,12.63
2024-02-07,BBDC4,13.96
2024-02-07,BBSE3,35.84
2024-02-07,BEEF3,6.81
2024-02-07,BHIA3,7.67
2024-02-07,BPAC11,38.38
2024-02-07,BPAN4,8.44
2024-02-07,BRAP4,22.41
2024-02-07,BRFS3,14.81
2024-02-07,BRKM5,17.58
2024-02-07,CASH3,7.48
2024-02-07,CCRO3,13.45
2024-02-07,CEAB3,7.85
2024-02-07,CIEL3,5.13
2024-02-07,CMIG4,11.38
2024-02-07,CMIN3,6.54
2024-02-07,COGN3,2.5
2024-02-07,CPFE3,36.47
2024-02-07,CPLE3,9.18
2024-02-07,CPLE6,10.28
2024-02-07,CRFB3,11.89
2024-02-07,CSAN3,18.58
2024-02-07,CSMG3,21.63
2024-02-07,CSNA3,18.33
2024-02-07,CURY3,19.15
2024-02-07,CVCB3,3.09
2024-02-07,CXSE3,14.76
2024-02-07,CYRE3,23.06
2024-02-07,DIRR3,22.47
2024-02-07,DXCO3,7.75
2024-02-07,ECOR3,9.27
2024-02-07,EGIE3,41.11
2024-02-07,ELET3,43.19
2024-02-07,ELET6,47.88
2024-02-07,EMBR3,21.69
2024-02-07,ENEV3,12.9
2024-02-07,ENGI11,52.26
2024-02-07,EQTL3,35.78
2024-02-07,EZTC3,15.66
2024-02-07,FLRY3,16.5
2024-02-07,GGBR4,21.78
2024-02-07,GOAU4,10.22
2024-02-07,GOLL4,2.49
2024-02-07,HAPV3,3.66
2024-02-07,HYPE3,32.57
2024-02-07,IGTI11,24.4
2024-02-07,IRBR3,42.27
2024-02-07,ITSA4,10.47
2024-02-07,ITUB4,34.54
2024-02-07,JBSS3,23.53
2024-02-07,JHSF3,4.74
2024-02-07,KLBN11,21.59
2024-02-07,LOGG3,22.45
2024-02-07,LREN3,15.51
2024-02-07,LWSA3,5.51
2024-02-07,MGLU3,2.08
2024-02-07,MRFG3,9.48
2024-02-07,MRVE3,7.4
2024-02-07,MULT3,27.87
2024-02-07,NTCO3,16.82
2024-02-07,PCAR3,3.96
2024-02-07,PETR3,43.38
2024-02-07,PETR4,42.2
2024-02-07,PETZ3,3.46
2024-02-07,POMO4,8.31
2024-02-07,PRIO3,43.97
2024-02-07,PSSA3,27.65
2024-02-07,QUAL3,2.11
2024-02-07,RADL3,25.25
2024-02-07,RAIL3,23.46
2024-02-07,RAIZ4,3.93
2024-02-07,RDOR3,27.98
2024-02-07,RECV3,22.76
2024-02-07,RENT3,53.52
2024-02-07,RRRP3,29.23
2024-02-07,SANB11,29.06
2024-02-07,SBSP3,80.37
2024-02-07,SLCE3,19.54
2024-02-07,SMFT3,24.65
2024-02-07,SMTO3,28.37
2024-02-07,SOMA3,7.23
2024-02-07,STBP3,10.76
2024-02-07,SUZB3,53.7
2024-02-07,TAEE11,36.81
2024-02-07,TEND3,9.98
2024-02-07,TIMS3,18.22
2024-02-07,TOTS3,32.85
2024-02-07,TRPL4,26.85
2024-02-07,UGPA3,28.95
2024-02-07,USIM5,9.33
2024-02-07,VALE3,66.8
2024-02-07,VAMO3,8.19
2024-02-07,VBBR3,23.96
2024-02-07,VIVA3,32.4
2024-02-07,VIVT3,53.89
2024-02-07,WEGE3,33.63
2024-02-07,YDUQ3,19.0
2024-02-08,ABEV3,12.95
2024-02-08,ALOS3,24.21
2024-02-08,ALPA4,8.02
2024-02-08,AMER3,0.68
2024-02-08,ARZZ3,58.6
2024-02-08,ASAI3,13.83
2024-02-08,AURE3,12.86
2024-02-08,AZUL4,12.38
2024-02-08,B3SA3,13.16
2024-02-08,BBAS3,58.54
2024-02-08,BBDC3,12.52
2024-02-08,BBDC4,13.56
2024-02-08,BBSE3,34.5
2024-02-08,BEEF3,6.65
2024-02-08,BHIA3,7.5
2024-02-08,BPAC11,37.33
2024-02-08,BPAN4,8.41
2024-02-08,BRAP4,22.16
2024-02-08,BRFS3,14.54
2024-02-08,BRKM5,17.52
2024-02-08,CASH3,7.47
2024-02-08,CCRO3,13.47
2024-02-08,CEAB3,8.1
2024-02-08,CIEL3,5.15
2024-02-08,CMIG4,11.23
2024-02-08,CMIN3,6.59
2024-02-08,COGN3,2.45
2024-02-08,CPFE3,35.71
2024-02-08,CPLE3,9.0
2024-02-08,CPLE6,10.07
2024-02-08,CRFB3,11.67
2024-02-08,CSAN3,18.45
2024-02-08,CSMG3,21.31
2024-02-08,CSNA3,18.06
2024-02-08,CURY3,18.97
2024-02-08,CVCB3,3.15
2024-02-08,CXSE3,13.84
2024-02-08,CYRE3,22.69
2024-02-08,DIRR3,22.13
2024-02-08,DXCO3,7.64
2024-02-08,ECOR3,9.08
2024-02-08,EGIE3,40.65
2024-02-08,ELET3,42.94
2024-02-08,ELET6,47.28
2024-02-08,EMBR3,21.92
2024-02-08,ENEV3,12.69
2024-02-08,ENGI11,51.26
2024-02-08,EQTL3,34.24
2024-02-08,EZTC3,15.1
2024-02-08,FLRY3,16.12
2024-02-08,GGBR4,21.35
2024-02-08,GOAU4,10.03
2024-02-08,GOLL4,2.35
2024-02-08,HAPV3,3.47
2024-02-08,HYPE3,32.09
2024-02-08,IGTI11,23.76
2024-02-08,IRBR3,40.83
2024-02-08,ITSA4,10.33
2024-02-08,ITUB4,33.86
2024-02-08,JBSS3,23.0
2024-02-08,JHSF3,4.4
2024-02-08,KLBN11,21.62
2024-02-08,LOGG3,21.38
2024-02-08,LREN3,14.96
2024-02-08,LWSA3,5.51
2024-02-08,MGLU3,2.07
2024-02-08,MRFG3,9.23
2024-02-08,MRVE3,6.7
2024-02-08,MULT3,27.25
2024-02-08,NTCO3,16.52
2024-02-08,PCAR3,4.0
2024-02-08,PETR3,43.23
2024-02-08,PETR4,41.86
2024-02-08,PETZ3,3.57
2024-02-08,POMO4,8.24
2024-02-08,PRIO3,43.4
2024-02-08,PSSA3,26.49
2024-02-08,QUAL3,2.09
2024-02-08,RADL3,25.11
2024-02-08,RAIL3,23.55
2024-02-08,RAIZ4,3.92
2024-02-08,RDOR3,27.51
2024-02-08,RECV3,22.62
2024-02-08,RENT3,52.65
2024-02-08,RRRP3,29.31
2024-02-08,SANB11,28.4
2024-02-08,SBSP3,78.97
2024-02-08,SLCE3,19.1
2024-02-08,SMFT3,24.48
2024-02-08,SMTO3,27.39
2024-02-08,SOMA3,7.1
2024-02-08,STBP3,11.12
2024-02-08,SUZB3,53.45
2024-02-08,TAEE11,36.06
2024-02-08,TEND3,9.71
2024-02-08,TIMS3,18.43
2024-02-08,TOTS3,29.64
2024-02-08,TRPL4,26.61
2024-02-08,UGPA3,29.11
2024-02-08,USIM5,9.4
2024-02-08,VALE3,66.21
2024-02-08,VAMO3,8.05
2024-02-08,VBBR3,23.86
2024-02-08,VIVA3,31.8
2024-02-08,VIVT3,53.68
2024-02-08,WEGE3,33.8
2024-02-08,YDUQ3,19.02
2024-02-09,ABEV3,12.95
2024-02-09,ALOS3,23.96
2024-02-09,ALPA4,8.62
2024-02-09,AMER3,0.65
2024-02-09,ARZZ3,60.2
2024-02-09,ASAI3,13.35
2024-02-09,AURE3,12.97
2024-02-09,AZUL4,12.15
2024-02-09,B3SA3,13.24
2024-02-09,BBAS3,57.57
2024-02-09,BBDC3,12.4
2024-02-09,BBDC4,13.46
2024-02-09,BBSE3,32.79
2024-02-09,BEEF3,6.55
2024-02-09,BHIA3,7.82
2024-02-09,BPAC11,37.57
2024-02-09,BPAN4,8.91
2024-02-09,BRAP4,21.93
2024-02-09,BRFS3,14.48
2024-02-09,BRKM5,17.35
2024-02-09,CASH3,7.39
2024-02-09,CCRO3,13.65
2024-02-09,CEAB3,8.17
2024-02-09,CIEL3,5.24
2024-02-09,CMIG4,11.38
2024-02-09,CMIN3,6.47
2024-02-09,COGN3,2.4
2024-02-09,CPFE3,35.86
2024-02-09,CPLE3,9.11
2024-02-09,CPLE6,10.2
2024-02-09,CRFB3,11.77
2024-02-09,CSAN3,18.51
2024-02-09,CSMG3,21.87
2024-02-09,CSNA3,17.8
2024-02-09,CURY3,18.42
2024-02-09,CVCB3,3.18
2024-02-09,CXSE3,13.84
2024-02-09,CYRE3,23.13
2024-02-09,DIRR3,22.26
2024-02-09,DXCO3,7.56
2024-02-09,ECOR3,9.05
2024-02-09,EGIE3,40.31
2024-02-09,ELET3,43.64
2024-02-09,ELET6,48.29
2024-02-09,EMBR3,22.56
2024-02-09,ENEV3,12.83
2024-02-09,ENGI11,51.43
2024-02-09,EQTL3,34.09
2024-02-09,EZTC3,15.41
2024-02-09,FLRY3,16.1
2024-02-09,GGBR4,20.98
2024-02-09,GOAU4,9.88
2024-02-09,GOLL4,2.33
2024-02-09,HAPV3,3.51
2024-02-09,HYPE3,31.85
2024-02-09,IGTI11,23.8
2024-02-09,IRBR3,39.8
2024-02-09,ITSA4,10.37
2024-02-09,ITUB4,34.29
2024-02-09,JBSS3,22.45
2024-02-09,JHSF3,4.31
2024-02-09,KLBN11,21.37
2024-02-09,LOGG3,21.35
2024-02-09,LREN3,14.83
2024-02-09,LWSA3,5.59
2024-02-09,MGLU3,2.08
2024-02-09,MRFG3,9.0
2024-02-09,MRVE3,7.16
2024-02-09,MULT3,26.43
2024-02-09,NTCO3,16.49
2024-02-09,PCAR3,3.96
2024-02-09,PETR3,42.74
2024-02-09,PETR4,41.3
2024-02-09,PETZ3,3.53
2024-02-09,POMO4,8.34
2024-02-09,PRIO3,42.36
2024-02-09,PSSA3,26.65
2024-02-09,QUAL3,2.01
2024-02-09,RADL3,25.43
2024-02-09,RAIL3,24.09
2024-02-09,RAIZ4,3.88
2024-02-09,RDOR3,27.8
2024-02-09,RECV3,21.98
2024-02-09,RENT3,52.5
2024-02-09,RRRP3,28.19
2024-02-09,SANB11,28.53
2024-02-09,SBSP3,79.79
2024-02-09,SLCE3,19.2
2024-02-09,SMFT3,24.94
2024-02-09,SMTO3,26.64
2024-02-09,SOMA3,7.22
2024-02-09,STBP3,11.15
2024-02-09,SUZB3,52.7
2024-02-09,TAEE11,36.08
2024-02-09,TEND3,10.32
2024-02-09,TIMS3,18.38
2024-02-09,TOTS3,30.62
2024-02-09,TRPL4,26.53
2024-02-09,UGPA3,29.63
2024-02-09,USIM5,9.28
2024-02-09,VALE3,65.92
2024-02-09,VAMO3,7.95
2024-02-09,VBBR3,24.55
2024-02-09,VIVA3,31.87
2024-02-09,VIVT3,53.66
2024-02-09,WEGE3,33.37
2024-02-09,YDUQ3,18.76
2024-02-14,ABEV3,12.92
2024-02-14,ALOS3,23.6
2024-02-14,ALPA4,8.88
2024-02-14,AMER3,0.6
2024-02-14,ARZZ3,58.78
2024-02-14,ASAI3,13.16
2024-02-14,AURE3,12.89
2024-02-14,AZUL4,12.14
2024-02-14,B3SA3,12.86
2024-02-14,BBAS3,58.35
2024-02-14,BBDC3,12.24
2024-02-14,BBDC4,13.37
2024-02-14,BBSE3,32.93
2024-02-14,BEEF3,6.35
2024-02-14,BHIA3,7.72
2024-02-14,BPAC11,37.02
2024-02-14,BPAN4,8.73
2024-02-14,BRAP4,21.91
2024-02-14,BRFS3,14.18
2024-02-14,BRKM5,17.1
2024-02-14,CASH3,7.38
2024-02-14,CCRO3,13.73
2024-02-14,CEAB3,8.06
2024-02-14,CIEL3,5.26
2024-02-14,CMIG4,11.29
2024-02-14,CMIN3,6.27
2024-02-14,COGN3,2.35
2024-02-14,CPFE3,35.56
2024-02-14,CPLE3,9.11
2024-02-14,CPLE6,10.24
2024-02-14,CRFB3,11.54
2024-02-14,CSAN3,18.23
2024-02-14,CSMG3,21.45
2024-02-14,CSNA3,17.87
2024-02-14,CURY3,17.95
2024-02-14,CVCB3,3.17
2024-02-14,CXSE3,13.9
2024-02-14,CYRE3,22.58
2024-02-14,DIRR3,21.92
2024-02-14,DXCO3,7.43
2024-02-14,ECOR3,8.95
2024-02-14,EGIE3,40.4
2024-02-14,ELET3,42.99
2024-02-14,ELET6,47.48
2024-02-14,EMBR3,22.81
2024-02-14,ENEV3,12.34
2024-02-14,ENGI11,50.31
2024-02-14,EQTL3,33.59
2024-02-14,EZTC3,15.01
2024-02-14,FLRY3,15.92
2024-02-14,GGBR4,20.74
2024-02-14,GOAU4,9.79
2024-02-14,GOLL4,2.65
2024-02-14,HAPV3,3.42
2024-02-14,HYPE3,30.85
2024-02-14,IGTI11,23.66
2024-02-14,IRBR3,39.62
2024-02-14,ITSA4,10.36
2024-02-14,ITUB4,34.29
2024-02-14,JBSS3,22.54
2024-02-14,JHSF3,4.27
2024-02-14,KLBN11,21.21
2024-02-14,LOGG3,20.09
2024-02-14,LREN3,14.6
2024-02-14,LWSA3,5.46
2024-02-14,MGLU3,2.02
2024-02-14,MRFG3,8.83
2024-02-14,MRVE3,7.01
2024-02-14,MULT3,25.95
2024-02-14,NTCO3,16.7
2024-02-14,PCAR3,3.87
2024-02-14,PETR3,42.31
2024-02-14,PETR4,40.99
2024-02-14,PETZ3,3.55
2024-02-14,POMO4,8.24
2024-02-14,PRIO3,42.55
2024-02-14,PSSA3,25.91
2024-02-14,QUAL3,1.96
2024-02-14,RADL3,25.3
2024-02-14,RAIL3,23.83
2024-02-14,RAIZ4,3.87
2024-02-14,RDOR3,26.35
2024-02-14,RECV3,21.71
2024-02-14,RENT3,52.0
2024-02-14,RRRP3,27.9
2024-02-14,SANB11,28.24
2024-02-14,SBSP3,78.99
2024-02-14,SLCE3,18.57
2024-02-14,SMFT3,24.36
2024-02-14,SMTO3,26.03
2024-02-14,SOMA3,7.08
2024-02-14,STBP3,11.08
2024-02-14,SUZB3,52.25
2024-02-14,TAEE11,35.7
2024-02-14,TEND3,10.09
2024-02-14,TIMS3,18.38
2024-02-14,TOTS3,29.99
2024-02-14,TRPL4,26.47
2024-02-14,UGPA3,29.24
2024-02-14,USIM5,9.36
2024-02-14,VALE3,65.72
2024-02-14,VAMO3,7.89
2024-02-14,VBBR3,23.86
2024-02-14,VIVA3,31.44
2024-02-14,VIVT3,54.49
2024-02-14,WEGE3,33.53
2024-02-14,YDUQ3,18.67
2024-02-15,ABEV3,12.85
2024-02-15,ALOS3,23.54
2024-02-15,ALPA4,9.11
2024-02-15,AMER3,0.57
2024-02-15,ARZZ3,58.63
2024-02-15,ASAI3,13.39
2024-02-15,AURE3,12.99
2024-02-15,AZUL4,12.16
2024-02-15,B3SA3,12.69
2024-02-15,BBAS3,58.36
2024-02-15,BBDC3,12.22
2024-02-15,BBDC4,13.43
2024-02-15,BBSE3,33.01
2024-02-15,BEEF3,6.46
2024-02-15,BHIA3,7.96
2024-02-15,BPAC11,36.72
2024-02-15,BPAN4,8.79
2024-02-15,BRAP4,21.85
2024-02-15,BRFS3,14.33
2024-02-15,BRKM5,17.45
2024-02-15,CASH3,7.15
2024-02-15,CCRO3,13.59
2024-02-15,CEAB3,7.97
2024-02-15,CIEL3,5.25
2024-02-15,CMIG4,11.45
2024-02-15,CMIN3,6.4
2024-02-15,COGN3,2.37
2024-02-15,CPFE3,36.08
2024-02-15,CPLE3,9.22
2024-02-15,CPLE6,10.19
2024-02-15,CRFB3,11.25
2024-02-15,CSAN3,18.58
2024-02-15,CSMG3,21.67
2024-02-15,CSNA3,18.43
2024-02-15,CURY3,17.98
2024-02-15,CVCB3,3.14
2024-02-15,CXSE3,13.71
2024-02-15,CYRE3,22.1
2024-02-15,DIRR3,21.79
2024-02-15,DXCO3,7.35
2024-02-15,ECOR3,9.13
2024-02-15,EGIE3,40.87
2024-02-15,ELET3,42.88
2024-02-15,ELET6,47.12
2024-02-15,EMBR3,22.7
2024-02-15,ENEV3,12.1
2024-02-15,ENGI11,50.77
2024-02-15,EQTL3,34.22
2024-02-15,EZTC3,14.88
2024-02-15,FLRY3,15.9
2024-02-15,GGBR4,20.7
2024-02-15,GOAU4,9.79
2024-02-15,GOLL4,2.54
2024-02-15,HAPV3,3.45
2024-02-15,HYPE3,31.9
2024-02-15,IGTI11,23.18
2024-02-15,IRBR3,40.0
2024-02-15,ITSA4,10.42
2024-02-15,ITUB4,34.58
2024-02-15,JBSS3,22.52
2024-02-15,JHSF3,4.23
2024-02-15,KLBN11,21.65
2024-02-15,LOGG3,20.2
2024-02-15,LREN3,14.47
2024-02-15,LWSA3,5.28
2024-02-15,MGLU3,2.06
2024-02-15,MRFG3,9.11
2024-02-15,MRVE3,7.06
2024-02-15,MULT3,25.69
2024-02-15,NTCO3,16.28
2024-02-15,PCAR3,3.83
2024-02-15,PETR3,43.51
2024-02-15,PETR4,42.3
2024-02-15,PETZ3,3.55
2024-02-15,POMO4,8.24
2024-02-15,PRIO3,44.57
2024-02-15,PSSA3,26.16
2024-02-15,QUAL3,2.03
2024-02-15,RADL3,25.38
2024-02-15,RAIL3,23.89
2024-02-15,RAIZ4,3.82
2024-02-15,RDOR3,26.54
2024-02-15,RECV3,22.54
2024-02-15,RENT3,52.13
2024-02-15,RRRP3,28.51
2024-02-15,SANB11,28.47
2024-02-15,SBSP3,80.69
2024-02-15,SLCE3,18.72
2024-02-15,SMFT3,24.6
2024-02-15,SMTO3,26.12
2024-02-15,SOMA3,6.96
2024-02-15,STBP3,11.17
2024-02-15,SUZB3,52.34
2024-02-15,TAEE11,35.9
2024-02-15,TEND3,10.04
2024-02-15,TIMS3,18.09
2024-02-15,TOTS3,30.64
2024-02-15,TRPL4,26.51
2024-02-15,UGPA3,29.46
2024-02-15,USIM5,9.88
2024-02-15,VALE3,65.51
2024-02-15,VAMO3,7.95
2024-02-15,VBBR3,23.8
2024-02-15,VIVA3,31.89
2024-02-15,VIVT3,54.03
2024-02-15,WEGE3,33.21
2024-02-15,YDUQ3,18.63
2024-02-16,ABEV3,12.76
2024-02-16,ALOS3,23.47
2024-02-16,ALPA4,9.34
2024-02-16,AMER3,0.59
2024-02-16,ARZZ3,58.78
2024-02-16,ASAI3,13.6
2024-02-16,AURE3,13.04
2024-02-16,AZUL4,12.2
2024-02-16,B3SA3,12.73
2024-02-16,BBAS3,57.87
2024-02-16,BBDC3,12.28
2024-02-16,BBDC4,13.48
2024-02-16,BBSE3,32.66
2024-02-16,BEEF3,6.52
2024-02-16,BHIA3,8.36
2024-02-16,BPAC11,36.42
2024-02-16,BPAN4,9.05
2024-02-16,BRAP4,22.25
2024-02-16,BRFS3,14.29
2024-02-16,BRKM5,19.25
2024-02-16,CASH3,7.05
2024-02-16,CCRO3,13.27
2024-02-16,CEAB3,8.1
2024-02-16,CIEL3,5.28
2024-02-16,CMIG4,11.66
2024-02-16,CMIN3,6.51
2024-02-16,COGN3,2.42
2024-02-16,CPFE3,35.86
2024-02-16,CPLE3,9.25
2024-02-16,CPLE6,10.21
2024-02-16,CRFB3,11.13
2024-02-16,CSAN3,18.94
2024-02-16,CSMG3,21.79
2024-02-16,CSNA3,19.04
2024-02-16,CURY3,17.98
2024-02-16,CVCB3,3.15
2024-02-16,CXSE3,13.83
2024-02-16,CYRE3,22.03
2024-02-16,DIRR3,22.1
2024-02-16,DXCO3,7.42
2024-02-16,ECOR3,9.01
2024-02-16,EGIE3,40.76
2024-02-16,ELET3,42.5
2024-02-16,ELET6,46.84
2024-02-16,EMBR3,22.51
2024-02-16,ENEV3,12.36
2024-02-16,ENGI11,50.62
2024-02-16,EQTL3,33.9
2024-02-16,EZTC3,15.36
2024-02-16,FLRY3,15.88
2024-02-16,GGBR4,21.21
2024-02-16,GOAU4,9.99
2024-02-16,GOLL4,2.57
2024-02-16,HAPV3,3.48
2024-02-16,HYPE3,33.22
2024-02-16,IGTI11,23.11
2024-02-16,IRBR3,40.51
2024-02-16,ITSA4,10.46
2024-02-16,ITUB4,34.54
2024-02-16,JBSS3,22.45
2024-02-16,JHSF3,4.26
2024-02-16,KLBN11,21.65
2024-02-16,LOGG3,20.45
2024-02-16,LREN3,14.4
2024-02-16,LWSA3,5.42
2024-02-16,MGLU3,2.04
2024-02-16,MRFG3,9.05
2024-02-16,MRVE3,7.3
2024-02-16,MULT3,25.9
2024-02-16,NTCO3,16.32
2024-02-16,PCAR3,3.9
2024-02-16,PETR3,44.3
2024-02-16,PETR4,42.69
2024-02-16,PETZ3,3.55
2024-02-16,POMO4,8.28
2024-02-16,PRIO3,45.4
2024-02-16,PSSA3,26.12
2024-02-16,QUAL3,2.14
2024-02-16,RADL3,25.24
2024-02-16,RAIL3,23.43
2024-02-16,RAIZ4,3.89
2024-02-16,RDOR3,26.42
2024-02-16,RECV3,23.35
2024-02-16,RENT3,51.86
2024-02-16,RRRP3,29.33
2024-02-16,SANB11,29.05
2024-02-16,SBSP3,81.44
2024-02-16,SLCE3,19.5
2024-02-16,SMFT3,24.4
2024-02-16,SMTO3,25.9
2024-02-16,SOMA3,7.09
2024-02-16,STBP3,10.82
2024-02-16,SUZB3,53.05
2024-02-16,TAEE11,35.65
2024-02-16,TEND3,10.54
2024-02-16,TIMS3,17.4
2024-02-16,TOTS3,30.84
2024-02-16,TRPL4,26.33
2024-02-16,UGPA3,29.83
2024-02-16,USIM5,10.11
2024-02-16,VALE3,67.68
2024-02-16,VAMO3,8.27
2024-02-16,VBBR3,24.26
2024-02-16,VIVA3,32.05
2024-02-16,VIVT3,52.66
2024-02-16,WEGE3,33.4
2024-02-16,YDUQ3,19.1
2024-02-19,ABEV3,12.81
2024-02-19,ALOS3,23.66
2024-02-19,ALPA4,9.4
2024-02-19,AMER3,0.6
2024-02-19,ARZZ3,59.0
2024-02-19,ASAI3,13.54
2024-02-19,AURE3,13.27
2024-02-19,AZUL4,11.97
2024-02-19,B3SA3,12.69
2024-02-19,BBAS3,58.92
2024-02-19,BBDC3,12.31
2024-02-19,BBDC4,13.65
2024-02-19,BBSE3,32.77
2024-02-19,BEEF3,6.54
2024-02-19,BHIA3,8.41
2024-02-19,BPAC11,36.89
2024-02-19,BPAN4,9.03
2024-02-19,BRAP4,22.15
2024-02-19,BRFS3,14.15
2024-02-19,BRKM5,19.06
2024-02-19,CASH3,7.06
2024-02-19,CCRO3,13.19
2024-02-19,CEAB3,7.93
2024-02-19,CIEL3,5.26
2024-02-19,CMIG4,11.89
2024-02-19,CMIN3,6.33
2024-02-19,COGN3,2.48
2024-02-19,CPFE3,35.86
2024-02-19,CPLE3,9.39
2024-02-19,CPLE6,10.33
2024-02-19,CRFB3,10.84
2024-02-19,CSAN3,18.81
2024-02-19,CSMG3,21.92
2024-02-19,CSNA3,18.92
2024-02-19,CURY3,18.16
2024-02-19,CVCB3,3.3
2024-02-19,CXSE3,14.12
2024-02-19,CYRE3,21.85
2024-02-19,DIRR3,22.0
2024-02-19,DXCO3,7.36
2024-02-19,ECOR3,8.76
2024-02-19,EGIE3,41.24
2024-02-19,ELET3,42.85
2024-02-19,ELET6,47.45
2024-02-19,EMBR3,22.68
2024-02-19,ENEV3,12.34
2024-02-19,ENGI11,50.45
2024-02-19,EQTL3,33.99
2024-02-19,EZTC3,15.02
2024-02-19,FLRY3,15.75
2024-02-19,GGBR4,21.26
2024-02-19,GOAU4,9.98
2024-02-19,GOLL4,2.91
2024-02-19,HAPV3,3.49
2024-02-19,HYPE3,32.53
2024-02-19,IGTI11,23.35
2024-02-19,IRBR3,41.17
2024-02-19,ITSA4,10.54
2024-02-19,ITUB4,34.92
2024-02-19,JBSS3,22.21
2024-02-19,JHSF3,4.25
2024-02-19,KLBN11,21.53
2024-02-19,LOGG3,20.31
2024-02-19,LREN3,14.59
2024-02-19,LWSA3,5.66
2024-02-19,MGLU3,2.09
2024-02-19,MRFG3,8.68
2024-02-19,MRVE3,7.32
2024-02-19,MULT3,25.82
2024-02-19,NTCO3,16.25
2024-02-19,PCAR3,3.9
2024-02-19,PETR3,44.49
2024-02-19,PETR4,42.9
2024-02-19,PETZ3,3.49
2024-02-19,POMO4,8.35
2024-02-19,PRIO3,45.89
2024-02-19,PSSA3,26.0
2024-02-19,QUAL3,2.2
2024-02-19,RADL3,24.9
2024-02-19,RAIL3,23.24
2024-02-19,RAIZ4,3.85
2024-02-19,RDOR3,25.32
2024-02-19,RECV3,23.04
2024-02-19,RENT3,52.56
2024-02-19,RRRP3,29.19
2024-02-19,SANB11,29.09
2024-02-19,SBSP3,81.88
2024-02-19,SLCE3,19.18
2024-02-19,SMFT3,24.26
2024-02-19,SMTO3,25.8
2024-02-19,SOMA3,7.03
2024-02-19,STBP3,10.92
2024-02-19,SUZB3,53.04
2024-02-19,TAEE11,35.4
2024-02-19,TEND3,10.72
2024-02-19,TIMS3,17.48
2024-02-19,TOTS3,30.87
2024-02-19,TRPL4,26.46
2024-02-19,UGPA3,29.82
2024-02-19,USIM5,10.16
2024-02-19,VALE3,67.49
2024-02-19,VAMO3,8.1
2024-02-19,VBBR3,24.0
2024-02-19,VIVA3,32.68
2024-02-19,VIVT3,52.86
2024-02-19,WEGE3,33.49
2024-02-19,YDUQ3,19.27
2024-02-20,ABEV3,12.85
2024-02-20,ALOS3,23.98
2024-02-20,ALPA4,9.63
2024-02-20,AMER3,0.59
2024-02-20,ARZZ3,60.37
2024-02-20,ASAI3,13.99
2024-02-20,AURE3,12.93
2024-02-20,AZUL4,12.36
2024-02-20,B3SA3,12.94
2024-02-20,BBAS3,59.3
2024-02-20,BBDC3,12.59
2024-02-20,BBDC4,13.97
2024-02-20,BBSE3,33.11
2024-02-20,BEEF3,6.47
2024-02-20,BHIA3,8.67
2024-02-20,BPAC11,37.31
2024-02-20,BPAN4,9.01
2024-02-20,BRAP4,21.67
2024-02-20,BRFS3,13.91
2024-02-20,BRKM5,19.4
2024-02-20,CASH3,7.25
2024-02-20,CCRO3,13.58
2024-02-20,CEAB3,7.86
2024-02-20,CIEL3,5.31
2024-02-20,CMIG4,12.01
2024-02-20,CMIN3,6.18
2024-02-20,COGN3,2.5
2024-02-20,CPFE3,36.27
2024-02-20,CPLE3,9.45
2024-02-20,CPLE6,10.41
2024-02-20,CRFB3,12.05
2024-02-20,CSAN3,18.77
2024-02-20,CSMG3,22.23
2024-02-20,CSNA3,18.0
2024-02-20,CURY3,18.9
2024-02-20,CVCB3,3.32
2024-02-20,CXSE3,14.13
2024-02-20,CYRE3,22.53
2024-02-20,DIRR3,23.4
2024-02-20,DXCO3,7.8
2024-02-20,ECOR3,9.06
2024-02-20,EGIE3,41.39
2024-02-20,ELET3,44.46
2024-02-20,ELET6,49.02
2024-02-20,EMBR3,22.77
2024-02-20,ENEV3,12.43
2024-02-20,ENGI11,50.96
2024-02-20,EQTL3,34.27
2024-02-20,EZTC3,15.64
2024-02-20,FLRY3,15.88
2024-02-20,GGBR4,21.4
2024-02-20,GOAU4,10.05
2024-02-20,GOLL4,2.77
2024-02-20,HAPV3,3.55
2024-02-20,HYPE3,32.72
2024-02-20,IGTI11,23.47
2024-02-20,IRBR3,41.84
2024-02-20,ITSA4,10.86
2024-02-20,ITUB4,35.68
2024-02-20,JBSS3,22.22
2024-02-20,JHSF3,4.35
2024-02-20,KLBN11,21.75
2024-02-20,LOGG3,21.06
2024-02-20,LREN3,14.75
2024-02-20,LWSA3,5.54
2024-02-20,MGLU3,2.02
2024-02-20,MRFG3,8.68
2024-02-20,MRVE3,7.61
2024-02-20,MULT3,26.0
2024-02-20,NTCO3,16.75
2024-02-20,PCAR3,4.02
2024-02-20,PETR3,43.6
2024-02-20,PETR4,42.45
2024-02-20,PETZ3,3.77
2024-02-20,POMO4,8.28
2024-02-20,PRIO3,46.12
2024-02-20,PSSA3,26.28
2024-02-20,QUAL3,2.29
2024-02-20,RADL3,25.62
2024-02-20,RAIL3,23.35
2024-02-20,RAIZ4,3.86
2024-02-20,RDOR3,25.83
2024-02-20,RECV3,23.61
2024-02-20,RENT3,54.04
2024-02-20,RRRP3,29.18
2024-02-20,SANB11,29.36
2024-02-20,SBSP3,81.44
2024-02-20,SLCE3,20.0
2024-02-20,SMFT3,24.96
2024-02-20,SMTO3,26.27
2024-02-20,SOMA3,7.13
2024-02-20,STBP3,10.87
2024-02-20,SUZB3,53.87
2024-02-20,TAEE11,35.43
2024-02-20,TEND3,11.14
2024-02-20,TIMS3,17.61
2024-02-20,TOTS3,31.05
2024-02-20,TRPL4,26.81
2024-02-20,UGPA3,30.53
2024-02-20,USIM5,10.33
2024-02-20,VALE3,66.01
2024-02-20,VAMO3,8.54
2024-02-20,VBBR3,24.89
2024-02-20,VIVA3,33.25
2024-02-20,VIVT3,52.93
2024-02-20,WEGE3,34.27
2024-02-20,YDUQ3,19.5
2024-02-21,ABEV3,12.9
2024-02-21,ALOS3,23.97
2024-02-21,ALPA4,9.76
2024-02-21,AMER3,0.53
2024-02-21,ARZZ3,60.05
2024-02-21,ASAI3,14.32
2024-02-21,AURE3,13.06
2024-02-21,AZUL4,11.82
2024-02-21,B3SA3,12.81
2024-02-21,BBAS3,59.44
2024-02-21,BBDC3,12.5
2024-02-21,BBDC4,13.92
2024-02-21,BBSE3,32.9
2024-02-21,BEEF3,6.6
2024-02-21,BHIA3,8.55
2024-02-21,BPAC11,38.03
2024-02-21,BPAN4,8.8
2024-02-21,BRAP4,21.54
2024-02-21,BRFS3,13.93
2024-02-21,BRKM5,19.37
2024-02-21,CASH3,7.55
2024-02-21,CCRO3,13.71
2024-02-21,CEAB3,8.08
2024-02-21,CIEL3,5.27
2024-02-21,CMIG4,11.77
2024-02-21,CMIN3,6.28
2024-02-21,COGN3,2.5
2024-02-21,CPFE3,35.6
2024-02-21,CPLE3,9.24
2024-02-21,CPLE6,10.18
2024-02-21,CRFB3,12.54
2024-02-21,CSAN3,18.55
2024-02-21,CSMG3,21.37
2024-02-21,CSNA3,17.47
2024-02-21,CURY3,19.15
2024-02-21,CVCB3,3.23
2024-02-21,CXSE3,14.16
2024-02-21,CYRE3,22.92
2024-02-21,DIRR3,23.56
2024-02-21,DXCO3,7.82
2024-02-21,ECOR3,8.98
2024-02-21,EGIE3,41.19
2024-02-21,ELET3,43.6
2024-02-21,ELET6,48.14
2024-02-21,EMBR3,22.5
2024-02-21,ENEV3,12.49
2024-02-21,ENGI11,50.18
2024-02-21,EQTL3,33.7
2024-02-21,EZTC3,15.67
2024-02-21,FLRY3,15.78
2024-02-21,GGBR4,21.84
2024-02-21,GOAU4,10.1
2024-02-21,GOLL4,2.65
2024-02-21,HAPV3,3.39
2024-02-21,HYPE3,33.06
2024-02-21,IGTI11,23.5
2024-02-21,IRBR3,40.98
2024-02-21,ITSA4,10.72
2024-02-21,ITUB4,35.48
2024-02-21,JBSS3,22.18
2024-02-21,JHSF3,4.33
2024-02-21,KLBN11,21.66
2024-02-21,LOGG3,21.19
2024-02-21,LREN3,14.74
2024-02-21,LWSA3,5.38
2024-02-21,MGLU3,1.96
2024-02-21,MRFG3,8.68
2024-02-21,MRVE3,7.58
2024-02-21,MULT3,25.67
2024-02-21,NTCO3,16.7
2024-02-21,PCAR3,4.27
2024-02-21,PETR3,43.71
2024-02-21,PETR4,42.51
2024-02-21,PETZ3,3.77
2024-02-21,POMO4,8.32
2024-02-21,PRIO3,47.0
2024-02-21,PSSA3,26.32
2024-02-21,QUAL3,2.28
2024-02-21,RADL3,25.8
2024-02-21,RAIL3,22.99
2024-02-21,RAIZ4,3.87
2024-02-21,RDOR3,25.56
2024-02-21,RECV3,23.83
2024-02-21,RENT3,53.95
2024-02-21,RRRP3,29.44
2024-02-21,SANB11,28.97
2024-02-21,SBSP3,79.69
2024-02-21,SLCE3,19.67
2024-02-21,SMFT3,24.72
2024-02-21,SMTO3,26.98
2024-02-21,SOMA3,7.08
2024-02-21,STBP3,10.61
2024-02-21,SUZB3,55.27
2024-02-21,TAEE11,34.9
2024-02-21,TEND3,10.73
2024-02-21,TIMS3,17.84
2024-02-21,TOTS3,31.05
2024-02-21,TRPL4,25.81
2024-02-21,UGPA3,31.08
2024-02-21,USIM5,10.35
2024-02-21,VALE3,66.51
2024-02-21,VAMO3,8.57
2024-02-21,VBBR3,25.51
2024-02-21,VIVA3,32.67
2024-02-21,VIVT3,53.62
2024-02-21,WEGE3,36.63
2024-02-21,YDUQ3,19.54
2024-02-22,ABEV3,12.96
2024-02-22,ALOS3,24.19
2024-02-22,ALPA4,9.92
2024-02-22,AMER3,0.52
2024-02-22,ARZZ3,60.09
2024-02-22,ASAI3,14.83
2024-02-22,AURE3,12.96
2024-02-22,AZUL4,12.02
2024-02-22,B3SA3,12.65
2024-02-22,BBAS3,58.1
2024-02-22,BBDC3,12.47
2024-02-22,BBDC4,14.0
2024-02-22,BBSE3,33.36
2024-02-22,BEEF3,6.68
2024-02-22,BHIA3,8.95
2024-02-22,BPAC11,37.82
2024-02-22,BPAN4,8.77
2024-02-22,BRAP4,21.78
2024-02-22,BRFS3,13.86
2024-02-22,BRKM5,20.6
2024-02-22,CASH3,7.64
2024-02-22,CCRO3,13.87
2024-02-22,CEAB3,8.79
2024-02-22,CIEL3,5.31
2024-02-22,CMIG4,11.76
2024-02-22,CMIN3,6.22
2024-02-22,COGN3,2.44
2024-02-22,CPFE3,35.6
2024-02-22,CPLE3,9.28
2024-02-22,CPLE6,10.25
2024-02-22,CRFB3,12.83
2024-02-22,CSAN3,18.15
2024-02-22,CSMG3,21.55
2024-02-22,CSNA3,17.45
2024-02-22,CURY3,19.3
2024-02-22,CVCB3,3.26
2024-02-22,CXSE3,14.72
2024-02-22,CYRE3,23.11
2024-02-22,DIRR3,23.31
2024-02-22,DXCO3,8.16
2024-02-22,ECOR3,9.17
2024-02-22,EGIE3,41.17
2024-02-22,ELET3,43.5
2024-02-22,ELET6,47.92
2024-02-22,EMBR3,22.77
2024-02-22,ENEV3,12.43
2024-02-22,ENGI11,50.25
2024-02-22,EQTL3,33.49
2024-02-22,EZTC3,16.27
2024-02-22,FLRY3,15.79
2024-02-22,GGBR4,21.65
2024-02-22,GOAU4,10.14
2024-02-22,GOLL4,2.57
2024-02-22,HAPV3,3.58
2024-02-22,HYPE3,33.73
2024-02-22,IGTI11,23.97
2024-02-22,IRBR3,41.31
2024-02-22,ITSA4,10.75
2024-02-22,ITUB4,34.16
2024-02-22,JBSS3,21.61
2024-02-22,JHSF3,4.5
2024-02-22,KLBN11,21.89
2024-02-22,LOGG3,21.11
2024-02-22,LREN3,15.13
2024-02-22,LWSA3,5.52
2024-02-22,MGLU3,2.11
2024-02-22,MRFG3,8.79
2024-02-22,MRVE3,7.7
2024-02-22,MULT3,25.57
2024-02-22,NTCO3,16.93
2024-02-22,PCAR3,3.98
2024-02-22,PETR3,43.74
2024-02-22,PETR4,42.19
2024-02-22,PETZ3,3.84
2024-02-22,POMO4,8.1
2024-02-22,PRIO3,46.95
2024-02-22,PSSA3,26.63
2024-02-22,QUAL3,2.42
2024-02-22,RADL3,25.87
2024-02-22,RAIL3,22.89
2024-02-22,RAIZ4,3.85
2024-02-22,RDOR3,25.55
2024-02-22,RECV3,24.14
2024-02-22,RENT3,53.51
2024-02-22,RRRP3,29.35
2024-02-22,SANB11,28.9
2024-02-22,SBSP3,80.78
2024-02-22,SLCE3,19.59
2024-02-22,SMFT3,25.35
2024-02-22,SMTO3,26.85
2024-02-22,SOMA3,7.12
2024-02-22,STBP3,10.66
2024-02-22,SUZB3,55.74
2024-02-22,TAEE11,35.31
2024-02-22,TEND3,11.3
2024-02-22,TIMS3,18.53
2024-02-22,TOTS3,31.78
2024-02-22,TRPL4,25.74
2024-02-22,UGPA3,30.97
2024-02-22,USIM5,10.65
2024-02-22,VALE3,67.22
2024-02-22,VAMO3,8.73
2024-02-22,VBBR3,25.86
2024-02-22,VIVA3,33.25
2024-02-22,VIVT3,56.18
2024-02-22,WEGE3,35.47
2024-02-22,YDUQ3,19.88
2024-02-23,ABEV3,12.89
2024-02-23,ALOS3,23.98
2024-02-23,ALPA4,10.05
2024-02-23,AMER3,0.52
2024-02-23,ARZZ3,59.97
2024-02-23,ASAI3,14.72
2024-02-23,AURE3,12.9
2024-02-23,AZUL4,11.74
2024-02-23,B3SA3,12.45
2024-02-23,BBAS3,57.38
2024-02-23,BBDC3,12.45
2024-02-23,BBDC4,13.82
2024-02-23,BBSE3,33.05
2024-02-23,BEEF3,6.5
2024-02-23,BHIA3,8.33
2024-02-23,BPAC11,36.95
2024-02-23,BPAN4,8.7
2024-02-23,BRAP4,21.77
2024-02-23,BRFS3,13.5
2024-02-23,BRKM5,20.21
2024-02-23,CASH3,7.62
2024-02-23,CCRO3,13.75
2024-02-23,CEAB3,8.63
2024-02-23,CIEL3,5.35
2024-02-23,CMIG4,11.6
2024-02-23,CMIN3,6.15
2024-02-23,COGN3,2.36
2024-02-23,CPFE3,35.86
2024-02-23,CPLE3,9.22
2024-02-23,CPLE6,10.18
2024-02-23,CRFB3,12.31
2024-02-23,CSAN3,17.74
2024-02-23,CSMG3,20.97
2024-02-23,CSNA3,17.73
2024-02-23,CURY3,19.1
2024-02-23,CVCB3,3.19
2024-02-23,CXSE3,14.77
2024-02-23,CYRE3,22.9
2024-02-23,DIRR3,23.31
2024-02-23,DXCO3,8.06
2024-02-23,ECOR3,9.03
2024-02-23,EGIE3,41.19
2024-02-23,ELET3,43.14
2024-02-23,ELET6,47.47
2024-02-23,EMBR3,22.73
2024-02-23,ENEV3,12.2
2024-02-23,ENGI11,50.36
2024-02-23,EQTL3,33.6
2024-02-23,EZTC3,16.93
2024-02-23,FLRY3,15.72
2024-02-23,GGBR4,21.46
2024-02-23,GOAU4,10.03
2024-02-23,GOLL4,2.64
2024-02-23,HAPV3,3.59
2024-02-23,HYPE3,33.53
2024-02-23,IGTI11,23.45
2024-02-23,IRBR3,41.29
2024-02-23,ITSA4,10.32
2024-02-23,ITUB4,34.26
2024-02-23,JBSS3,21.25
2024-02-23,JHSF3,4.36
2024-02-23,KLBN11,21.68
2024-02-23,LOGG3,20.87
2024-02-23,LREN3,15.26
2024-02-23,LWSA3,5.45
2024-02-23,MGLU3,2.15
2024-02-23,MRFG3,8.52
2024-02-23,MRVE3,7.7
2024-02-23,MULT3,25.82
2024-02-23,NTCO3,16.54
2024-02-23,PCAR3,3.78
2024-02-23,PETR3,43.62
2024-02-23,PETR4,41.9
2024-02-23,PETZ3,3.81
2024-02-23,POMO4,7.98
2024-02-23,PRIO3,45.8
2024-02-23,PSSA3,26.75
2024-02-23,QUAL3,2.32
2024-02-23,RADL3,26.18
2024-02-23,RAIL3,22.81
2024-02-23,RAIZ4,3.69
2024-02-23,RDOR3,25.1
2024-02-23,RECV3,23.41
2024-02-23,RENT3,53.19
2024-02-23,RRRP3,28.17
2024-02-23,SANB11,28.51
2024-02-23,SBSP3,80.19
2024-02-23,SLCE3,19.37
2024-02-23,SMFT3,24.52
2024-02-23,SMTO3,26.85
2024-02-23,SOMA3,7.09
2024-02-23,STBP3,10.6
2024-02-23,SUZB3,55.27
2024-02-23,TAEE11,35.2
2024-02-23,TEND3,11.06
2024-02-23,TIMS3,18.38
2024-02-23,TOTS3,31.47
2024-02-23,TRPL4,25.34
2024-02-23,UGPA3,30.51
2024-02-23,USIM5,10.7
2024-02-23,VALE3,67.38
2024-02-23,VAMO3,8.71
2024-02-23,VBBR3,25.75
2024-02-23,VIVA3,33.02
2024-02-23,VIVT3,55.31
2024-02-23,WEGE3,35.98
2024-02-23,YDUQ3,19.56
2024-02-26,ABEV3,13.04
2024-02-26,ALOS3,24.05
2024-02-26,ALPA4,10.17
2024-02-26,AMER3,0.5
2024-02-26,ARZZ3,58.29
2024-02-26,ASAI3,14.61
2024-02-26,AURE3,12.84
2024-02-26,AZUL4,11.73
2024-02-26,B3SA3,12.48
2024-02-26,BBAS3,57.93
2024-02-26,BBDC3,12.41
2024-02-26,BBDC4,13.8
2024-02-26,BBSE3,33.07
2024-02-26,BEEF3,6.63
2024-02-26,BHIA3,8.34
2024-02-26,BPAC11,36.95
2024-02-26,BPAN4,8.73
2024-02-26,BRAP4,21.33
2024-02-26,BRFS3,14.01
2024-02-26,BRKM5,20.88
2024-02-26,CASH3,7.87
2024-02-26,CCRO3,13.74
2024-02-26,CEAB3,8.82
2024-02-26,CIEL3,5.43
2024-02-26,CMIG4,11.64
2024-02-26,CMIN3,6.18
2024-02-26,COGN3,2.38
2024-02-26,CPFE3,35.37
2024-02-26,CPLE3,9.16
2024-02-26,CPLE6,10.17
2024-02-26,CRFB3,12.35
2024-02-26,CSAN3,17.94
2024-02-26,CSMG3,20.88
2024-02-26,CSNA3,17.17
2024-02-26,CURY3,19.15
2024-02-26,CVCB3,3.16
2024-02-26,CXSE3,14.77
2024-02-26,CYRE3,22.89
2024-02-26,DIRR3,23.23
2024-02-26,DXCO3,7.58
2024-02-26,ECOR3,9.13
2024-02-26,EGIE3,40.91
2024-02-26,ELET3,43.2
2024-02-26,ELET6,47.61
2024-02-26,EMBR3,22.84
2024-02-26,ENEV3,12.48
2024-02-26,ENGI11,50.88
2024-02-26,EQTL3,33.57
2024-02-26,EZTC3,16.75
2024-02-26,FLRY3,15.78
2024-02-26,GGBR4,21.2
2024-02-26,GOAU4,9.97
2024-02-26,GOLL4,2.6
2024-02-26,HAPV3,3.58
2024-02-26,HYPE3,33.25
2024-02-26,IGTI11,23.32
2024-02-26,IRBR3,39.7
2024-02-26,ITSA4,10.31
2024-02-26,ITUB4,34.36
2024-02-26,JBSS3,22.14
2024-02-26,JHSF3,4.29
2024-02-26,KLBN11,22.02
2024-02-26,LOGG3,20.91
2024-02-26,LREN3,15.28
2024-02-26,LWSA3,5.52
2024-02-26,MGLU3,2.11
2024-02-26,MRFG3,8.85
2024-02-26,MRVE3,7.64
2024-02-26,MULT3,25.89
2024-02-26,NTCO3,16.47
2024-02-26,PCAR3,3.5
2024-02-26,PETR3,44.08
2024-02-26,PETR4,42.69
2024-02-26,PETZ3,3.86
2024-02-26,POMO4,8.21
2024-02-26,PRIO3,45.86
2024-02-26,PSSA3,26.7
2024-02-26,QUAL3,2.31
2024-02-26,RADL3,26.6
2024-02-26,RAIL3,22.73
2024-02-26,RAIZ4,3.69
2024-02-26,RDOR3,25.0
2024-02-26,RECV3,23.41
2024-02-26,RENT3,52.09
2024-02-26,RRRP3,28.11
2024-02-26,SANB11,28.39
2024-02-26,SBSP3,80.26
2024-02-26,SLCE3,19.37
2024-02-26,SMFT3,24.26
2024-02-26,SMTO3,27.28
2024-02-26,SOMA3,6.87
2024-02-26,STBP3,10.64
2024-02-26,SUZB3,56.12
2024-02-26,TAEE11,35.06
2024-02-26,TEND3,11.02
2024-02-26,TIMS3,18.38
2024-02-26,TOTS3,31.52
2024-02-26,TRPL4,25.21
2024-02-26,UGPA3,30.87
2024-02-26,USIM5,10.67
2024-02-26,VALE3,65.75
2024-02-26,VAMO3,8.82
2024-02-26,VBBR3,25.9
2024-02-26,VIVA3,33.51
2024-02-26,VIVT3,54.7
2024-02-26,WEGE3,36.57
2024-02-26,YDUQ3,19.67
2024-02-27,ABEV3,13.31
2024-02-27,ALOS3,24.71
2024-02-27,ALPA4,10.32
2024-02-27,AMER3,0.52
2024-02-27,ARZZ3,59.48
2024-02-27,ASAI3,14.71
2024-02-27,AURE3,13.03
2024-02-27,AZUL4,12.57
2024-02-27,B3SA3,12.75
2024-02-27,BBAS3,58.63
2024-02-27,BBDC3,12.52
2024-02-27,BBDC4,14.02
2024-02-27,BBSE3,33.21
2024-02-27,BEEF3,6.81
2024-02-27,BHIA3,8.79
2024-02-27,BPAC11,36.56
2024-02-27,BPAN4,9.01
2024-02-27,BRAP4,21.64
2024-02-27,BRFS3,15.15
2024-02-27,BRKM5,21.12
2024-02-27,CASH3,8.14
2024-02-27,CCRO3,14.05
2024-02-27,CEAB3,8.91
2024-02-27,CIEL3,5.4
2024-02-27,CMIG4,11.75
2024-02-27,CMIN3,6.29
2024-02-27,COGN3,2.55
2024-02-27,CPFE3,35.27
2024-02-27,CPLE3,9.23
2024-02-27,CPLE6,10.31
2024-02-27,CRFB3,12.7
2024-02-27,CSAN3,18.29
2024-02-27,CSMG3,20.85
2024-02-27,CSNA3,17.33
2024-02-27,CURY3,19.16
2024-02-27,CVCB3,3.31
2024-02-27,CXSE3,14.49
2024-02-27,CYRE3,23.81
2024-02-27,DIRR3,24.04
2024-02-27,DXCO3,8.16
2024-02-27,ECOR3,9.34
2024-02-27,EGIE3,41.79
2024-02-27,ELET3,44.12
2024-02-27,ELET6,48.65
2024-02-27,EMBR3,23.45
2024-02-27,ENEV3,12.71
2024-02-27,ENGI11,51.6
2024-02-27,EQTL3,34.0
2024-02-27,EZTC3,17.22
2024-02-27,FLRY3,16.24
2024-02-27,GGBR4,21.65
2024-02-27,GOAU4,10.18
2024-02-27,GOLL4,2.61
2024-02-27,HAPV3,3.75
2024-02-27,HYPE3,34.03
2024-02-27,IGTI11,23.71
2024-02-27,IRBR3,41.31
2024-02-27,ITSA4,10.5
2024-02-27,ITUB4,34.78
2024-02-27,JBSS3,22.9
2024-02-27,JHSF3,4.45
2024-02-27,KLBN11,22.36
2024-02-27,LOGG3,21.9
2024-02-27,LREN3,16.15
2024-02-27,LWSA3,5.66
2024-02-27,MGLU3,2.2
2024-02-27,MRFG3,9.42
2024-02-27,MRVE3,8.12
2024-02-27,MULT3,26.33
2024-02-27,NTCO3,16.91
2024-02-27,PCAR3,3.94
2024-02-27,PETR3,43.97
2024-02-27,PETR4,42.63
2024-02-27,PETZ3,4.14
2024-02-27,POMO4,8.61
2024-02-27,PRIO3,45.4
2024-02-27,PSSA3,27.54
2024-02-27,QUAL3,2.41
2024-02-27,RADL3,26.61
2024-02-27,RAIL3,23.05
2024-02-27,RAIZ4,3.73
2024-02-27,RDOR3,26.03
2024-02-27,RECV3,23.44
2024-02-27,RENT3,54.5
2024-02-27,RRRP3,28.34
2024-02-27,SANB11,28.98
2024-02-27,SBSP3,79.64
2024-02-27,SLCE3,19.66
2024-02-27,SMFT3,25.03
2024-02-27,SMTO3,28.09
2024-02-27,SOMA3,7.12
2024-02-27,STBP3,10.65
2024-02-27,SUZB3,56.82
2024-02-27,TAEE11,35.35
2024-02-27,TEND3,11.59
2024-02-27,TIMS3,18.75
2024-02-27,TOTS3,31.26
2024-02-27,TRPL4,25.61
2024-02-27,UGPA3,30.85
2024-02-27,USIM5,10.84
2024-02-27,VALE3,67.48
2024-02-27,VAMO3,9.18
2024-02-27,VBBR3,25.96
2024-02-27,VIVA3,33.12
2024-02-27,VIVT3,56.46
2024-02-27,WEGE3,36.96
2024-02-27,YDUQ3,20.67
2024-02-28,ABEV3,13.45
2024-02-28,ALOS3,24.71
2024-02-28,ALPA4,10.2
2024-02-28,AMER3,0.51
2024-02-28,ARZZ3,59.4
2024-02-28,ASAI3,14.01
2024-02-28,AURE3,12.96
2024-02-28,AZUL4,12.28
2024-02-28,B3SA3,12.58
2024-02-28,BBAS3,58.75
2024-02-28,BBDC3,12.47
2024-02-28,BBDC4,13.96
2024-02-28,BBSE3,33.55
2024-02-28,BEEF3,6.81
2024-02-28,BHIA3,8.91
2024-02-28,BPAC11,36.39
2024-02-28,BPAN4,8.85
2024-02-28,BRAP4,21.33
2024-02-28,BRFS3,15.21
2024-02-28,BRKM5,20.64
2024-02-28,CASH3,7.97
2024-02-28,CCRO3,13.9
2024-02-28,CEAB3,8.99
2024-02-28,CIEL3,5.38
2024-02-28,CMIG4,11.86
2024-02-28,CMIN3,6.13
2024-02-28,COGN3,2.53
2024-02-28,CPFE3,35.25
2024-02-28,CPLE3,9.24
2024-02-28,CPLE6,10.31
2024-02-28,CRFB3,12.22
2024-02-28,CSAN3,17.52
2024-02-28,CSMG3,20.85
2024-02-28,CSNA3,17.06
2024-02-28,CURY3,18.64
2024-02-28,CVCB3,3.3
2024-02-28,CXSE3,14.4
2024-02-28,CYRE3,23.56
2024-02-28,DIRR3,23.7
2024-02-28,DXCO3,8.22
2024-02-28,ECOR3,9.29
2024-02-28,EGIE3,41.58
2024-02-28,ELET3,43.91
2024-02-28,ELET6,48.28
2024-02-28,EMBR3,23.94
2024-02-28,ENEV3,12.82
2024-02-28,ENGI11,50.6
2024-02-28,EQTL3,34.2
2024-02-28,EZTC3,16.56
2024-02-28,FLRY3,15.91
2024-02-28,GGBR4,21.55
2024-02-28,GOAU4,10.1
2024-02-28,GOLL4,2.63
2024-02-28,HAPV3,3.79
2024-02-28,HYPE3,34.04
2024-02-28,IGTI11,23.74
2024-02-28,IRBR3,39.06
2024-02-28,ITSA4,10.54
2024-02-28,ITUB4,34.8
2024-02-28,JBSS3,22.45
2024-02-28,JHSF3,4.49
2024-02-28,KLBN11,22.6
2024-02-28,LOGG3,21.9
2024-02-28,LREN3,15.7
2024-02-28,LWSA3,5.56
2024-02-28,MGLU3,2.17
2024-02-28,MRFG3,9.53
2024-02-28,MRVE3,7.85
2024-02-28,MULT3,26.07
2024-02-28,NTCO3,16.56
2024-02-28,PCAR3,4.41
2024-02-28,PETR3,41.6
2024-02-28,PETR4,40.43
2024-02-28,PETZ3,4.08
2024-02-28,POMO4,8.64
2024-02-28,PRIO3,44.5
2024-02-28,PSSA3,29.18
2024-02-28,QUAL3,2.44
2024-02-28,RADL3,26.67
2024-02-28,RAIL3,22.88
2024-02-28,RAIZ4,3.66
2024-02-28,RDOR3,25.28
2024-02-28,RECV3,23.15
2024-02-28,RENT3,53.86
2024-02-28,RRRP3,28.58
2024-02-28,SANB11,29.0
2024-02-28,SBSP3,79.55
2024-02-28,SLCE3,19.72
2024-02-28,SMFT3,24.42
2024-02-28,SMTO3,28.54
2024-02-28,SOMA3,7.07
2024-02-28,STBP3,10.52
2024-02-28,SUZB3,57.38
2024-02-28,TAEE11,35.02
2024-02-28,TEND3,11.15
2024-02-28,TIMS3,18.85
2024-02-28,TOTS3,30.84
2024-02-28,TRPL4,25.68
2024-02-28,UGPA3,30.54
2024-02-28,USIM5,10.95
2024-02-28,VALE3,66.74
2024-02-28,VAMO3,8.78
2024-02-28,VBBR3,26.09
2024-02-28,VIVA3,32.5
2024-02-28,VIVT3,55.72
2024-02-28,WEGE3,36.91
2024-02-28,YDUQ3,20.31
2024-02-29,ABEV3,12.58
2024-02-29,ALOS3,24.69
2024-02-29,ALPA4,10.17
2024-02-29,AMER3,0.51
2024-02-29,ARZZ3,59.23
2024-02-29,ASAI3,14.2
2024-02-29,AURE3,12.83
2024-02-29,AZUL4,12.09
2024-02-29,B3SA3,12.83
2024-02-29,BBAS3,57.86
2024-02-29,BBDC3,12.3
2024-02-29,BBDC4,13.75
2024-02-29,BBSE3,33.34
2024-02-29,BEEF3,6.81
2024-02-29,BHIA3,9.04
2024-02-29,BPAC11,36.39
2024-02-29,BPAN4,8.76
2024-02-29,BRAP4,21.2
2024-02-29,BRFS3,15.1
2024-02-29,BRKM5,21.04
2024-02-29,CASH3,7.95
2024-02-29,CCRO3,13.78
2024-02-29,CEAB3,9.37
2024-02-29,CIEL3,5.35
2024-02-29,CMIG4,11.97
2024-02-29,CMIN3,6.07
2024-02-29,COGN3,2.52
2024-02-29,CPFE3,35.39
2024-02-29,CPLE3,9.18
2024-02-29,CPLE6,10.22
2024-02-29,CRFB3,12.09
2024-02-29,CSAN3,17.0
2024-02-29,CSMG3,20.67
2024-02-29,CSNA3,16.82
2024-02-29,CURY3,19.28
2024-02-29,CVCB3,3.35
2024-02-29,CXSE3,14.37
2024-02-29,CYRE3,24.05
2024-02-29,DIRR3,23.67
2024-02-29,DXCO3,8.14
2024-02-29,ECOR3,9.18
2024-02-29,EGIE3,42.02
2024-02-29,ELET3,43.5
2024-02-29,ELET6,47.91
2024-02-29,EMBR3,24.43
2024-02-29,ENEV3,12.83
2024-02-29,ENGI11,50.84
2024-02-29,EQTL3,34.18
2024-02-29,EZTC3,16.88
2024-02-29,FLRY3,15.91
2024-02-29,GGBR4,21.5
2024-02-29,GOAU4,10.11
2024-02-29,GOLL4,2.54
2024-02-29,HAPV3,3.67
2024-02-29,HYPE3,32.88
2024-02-29,IGTI11,23.52
2024-02-29,IRBR3,38.82
2024-02-29,ITSA4,10.3
2024-02-29,ITUB4,33.94
2024-02-29,JBSS3,23.06
2024-02-29,JHSF3,4.46
2024-02-29,KLBN11,22.57
2024-02-29,LOGG3,21.86
2024-02-29,LREN3,15.8
2024-02-29,LWSA3,5.57
2024-02-29,MGLU3,2.13
2024-02-29,MRFG3,9.9
2024-02-29,MRVE3,7.62
2024-02-29,MULT3,26.41
2024-02-29,NTCO3,16.31
2024-02-29,PCAR3,4.03
2024-02-29,PETR3,41.22
2024-02-29,PETR4,40.14
2024-02-29,PETZ3,4.17
2024-02-29,POMO4,8.78
2024-02-29,PRIO3,43.71
2024-02-29,PSSA3,28.56
2024-02-29,QUAL3,2.36
2024-02-29,RADL3,26.64
2024-02-29,RAIL3,22.72
2024-02-29,RAIZ4,3.54
2024-02-29,RDOR3,25.32
2024-02-29,RECV3,23.0
2024-02-29,RENT3,53.0
2024-02-29,RRRP3,27.95
2024-02-29,SANB11,28.6
2024-02-29,SBSP3,79.16
2024-02-29,SLCE3,19.66
2024-02-29,SMFT3,24.46
2024-02-29,SMTO3,28.3
2024-02-29,SOMA3,7.0
2024-02-29,STBP3,10.55
2024-02-29,SUZB3,56.35
2024-02-29,TAEE11,35.4
2024-02-29,TEND3,10.81
2024-02-29,TIMS3,18.17
2024-02-29,TOTS3,30.69
2024-02-29,TRPL4,25.8
2024-02-29,UGPA3,29.36
2024-02-29,USIM5,11.07
2024-02-29,VALE3,66.99
2024-02-29,VAMO3,8.73
2024-02-29,VBBR3,25.86
2024-02-29,VIVA3,32.7
2024-02-29,VIVT3,54.48
2024-02-29,WEGE3,36.69
2024-02-29,YDUQ3,20.36
2024-03-01,ABEV3,12.44
2024-03-01,ALOS3,24.57
2024-03-01,ALPA4,10.28
2024-03-01,AMER3,0.54
2024-03-01,ARZZ3,59.35
2024-03-01,ASAI3,14.05
2024-03-01,AURE3,12.85
2024-03-01,AZUL4,12.25
2024-03-01,B3SA3,12.42
2024-03-01,BBAS3,57.92
2024-03-01,BBDC3,12.4
2024-03-01,BBDC4,13.8
2024-03-01,BBSE3,32.92
2024-03-01,BEEF3,6.8
2024-03-01,BHIA3,9.72
2024-03-01,BPAC11,36.01
2024-03-01,BPAN4,8.9
2024-03-01,BRAP4,20.84
2024-03-01,BRFS3,14.87
2024-03-01,BRKM5,21.89
2024-03-01,CASH3,7.99
2024-03-01,CCRO3,13.73
2024-03-01,CEAB3,9.69
2024-03-01,CIEL3,5.39
2024-03-01,CMIG4,12.08
2024-03-01,CMIN3,6.02
2024-03-01,COGN3,2.6
2024-03-01,CPFE3,35.4
2024-03-01,CPLE3,9.07
2024-03-01,CPLE6,10.07
2024-03-01,CRFB3,11.68
2024-03-01,CSAN3,16.79
2024-03-01,CSMG3,20.88
2024-03-01,CSNA3,17.07
2024-03-01,CURY3,19.15
2024-03-01,CVCB3,3.43
2024-03-01,CXSE3,14.46
2024-03-01,CYRE3,24.47
2024-03-01,DIRR3,23.8
2024-03-01,DXCO3,8.3
2024-03-01,ECOR3,9.3
2024-03-01,EGIE3,41.0
2024-03-01,ELET3,43.75
2024-03-01,ELET6,48.28
2024-03-01,EMBR3,25.88
2024-03-01,ENEV3,12.61
2024-03-01,ENGI11,50.52
2024-03-01,EQTL3,33.85
2024-03-01,EZTC3,17.44
2024-03-01,FLRY3,16.06
2024-03-01,GGBR4,22.43
2024-03-01,GOAU4,10.36
2024-03-01,GOLL4,2.55
2024-03-01,HAPV3,3.72
2024-03-01,HYPE3,34.2
2024-03-01,IGTI11,23.59
2024-03-01,IRBR3,38.81
2024-03-01,ITSA4,10.3
2024-03-01,ITUB4,34.07
2024-03-01,JBSS3,22.51
2024-03-01,JHSF3,4.42
2024-03-01,KLBN11,22.5
2024-03-01,LOGG3,21.93
2024-03-01,LREN3,16.63
2024-03-01,LWSA3,5.75
2024-03-01,MGLU3,2.22
2024-03-01,MRFG3,9.8
2024-03-01,MRVE3,7.6
2024-03-01,MULT3,26.09
2024-03-01,NTCO3,16.62
2024-03-01,PCAR3,3.88
2024-03-01,PETR3,41.21
2024-03-01,PETR4,40.18
2024-03-01,PETZ3,4.19
2024-03-01,POMO4,8.58
2024-03-01,PRIO3,44.35
2024-03-01,PSSA3,28.61
2024-03-01,QUAL3,2.56
2024-03-01,RADL3,26.67
2024-03-01,RAIL3,22.26
2024-03-01,RAIZ4,3.57
2024-03-01,RDOR3,25.43
2024-03-01,RECV3,23.39
2024-03-01,RENT3,52.5
2024-03-01,RRRP3,28.26
2024-03-01,SANB11,28.59
2024-03-01,SBSP3,79.67
2024-03-01,SLCE3,19.5
2024-03-01,SMFT3,25.3
2024-03-01,SMTO3,27.01
2024-03-01,SOMA3,7.1
2024-03-01,STBP3,10.61
2024-03-01,SUZB3,57.49
2024-03-01,TAEE11,35.0
2024-03-01,TEND3,10.58
2024-03-01,TIMS3,18.41
2024-03-01,TOTS3,31.16
2024-03-01,TRPL4,25.62
2024-03-01,UGPA3,29.41
2024-03-01,USIM5,11.11
2024-03-01,VALE3,66.88
2024-03-01,VAMO3,8.75
2024-03-01,VBBR3,26.6
2024-03-01,VIVA3,32.31
2024-03-01,VIVT3,53.99
2024-03-01,WEGE3,37.29
2024-03-01,YDUQ3,20.56
2024-03-04,ABEV3,12.48
2024-03-04,ALOS3,24.28
2024-03-04,ALPA4,9.81
2024-03-04,AMER3,0.54
2024-03-04,ARZZ3,56.83
2024-03-04,ASAI3,14.03
2024-03-04,AURE3,12.19
2024-03-04,AZUL4,11.9
2024-03-04,B3SA3,12.3
2024-03-04,BBAS3,57.68
2024-03-04,BBDC3,12.19
2024-03-04,BBDC4,13.65
2024-03-04,BBSE3,32.91
2024-03-04,BEEF3,6.71
2024-03-04,BHIA3,9.84
2024-03-04,BPAC11,36.02
2024-03-04,BPAN4,8.74
2024-03-04,BRAP4,20.67
2024-03-04,BRFS3,15.3
2024-03-04,BRKM5,22.14
2024-03-04,CASH3,7.95
2024-03-04,CCRO3,13.68
2024-03-04,CEAB3,9.56
2024-03-04,CIEL3,5.34
2024-03-04,CMIG4,11.93
2024-03-04,CMIN3,6.08
2024-03-04,COGN3,2.58
2024-03-04,CPFE3,34.9
2024-03-04,CPLE3,9.02
2024-03-04,CPLE6,10.08
2024-03-04,CRFB3,11.37
2024-03-04,CSAN3,16.6
2024-03-04,CSMG3,20.12
2024-03-04,CSNA3,16.68
2024-03-04,CURY3,19.18
2024-03-04,CVCB3,3.34
2024-03-04,CXSE3,14.8
2024-03-04,CYRE3,24.18
2024-03-04,DIRR3,24.14
2024-03-04,DXCO3,8.21
2024-03-04,ECOR3,9.12
2024-03-04,EGIE3,40.51
2024-03-04,ELET3,43.6
2024-03-04,ELET6,48.11
2024-03-04,EMBR3,27.0
2024-03-04,ENEV3,12.19
2024-03-04,ENGI11,49.87
2024-03-04,EQTL3,33.71
2024-03-04,EZTC3,17.16
2024-03-04,FLRY3,15.89
2024-03-04,GGBR4,21.93
2024-03-04,GOAU4,10.2
2024-03-04,GOLL4,2.52
2024-03-04,HAPV3,3.6
2024-03-04,HYPE3,33.66
2024-03-04,IGTI11,23.4
2024-03-04,IRBR3,42.73
2024-03-04,ITSA4,10.27
2024-03-04,ITUB4,33.81
2024-03-04,JBSS3,22.55
2024-03-04,JHSF3,4.35
2024-03-04,KLBN11,22.51
2024-03-04,LOGG3,21.85
2024-03-04,LREN3,16.17
2024-03-04,LWSA3,5.64
2024-03-04,MGLU3,2.13
2024-03-04,MRFG3,9.77
2024-03-04,MRVE3,7.79
2024-03-04,MULT3,25.99
2024-03-04,NTCO3,16.15
2024-03-04,PCAR3,3.6
2024-03-04,PETR3,41.05
2024-03-04,PETR4,40.08
2024-03-04,PETZ3,3.95
2024-03-04,POMO4,8.59
2024-03-04,PRIO3,44.11
2024-03-04,PSSA3,28.5
2024-03-04,QUAL3,2.49
2024-03-04,RADL3,25.84
2024-03-04,RAIL3,22.1
2024-03-04,RAIZ4,3.62
2024-03-04,RDOR3,24.72
2024-03-04,RECV3,22.92
2024-03-04,RENT3,51.17
2024-03-04,RRRP3,28.04
2024-03-04,SANB11,28.51
2024-03-04,SBSP3,79.58
2024-03-04,SLCE3,19.29
2024-03-04,SMFT3,24.62
2024-03-04,SMTO3,26.82
2024-03-04,SOMA3,6.79
2024-03-04,STBP3,10.53
2024-03-04,SUZB3,58.45
2024-03-04,TAEE11,34.79
2024-03-04,TEND3,10.07
2024-03-04,TIMS3,18.15
2024-03-04,TOTS3,30.76
2024-03-04,TRPL4,24.53
2024-03-04,UGPA3,29.2
2024-03-04,USIM5,10.7
2024-03-04,VALE3,66.73
2024-03-04,VAMO3,8.4
2024-03-04,VBBR3,26.56
2024-03-04,VIVA3,31.62
2024-03-04,VIVT3,52.5
2024-03-04,WEGE3,37.14
2024-03-04,YDUQ3,19.97
2024-03-05,ABEV3,12.75
2024-03-05,ALOS3,24.16
2024-03-05,ALPA4,9.66
2024-03-05,AMER3,0.56
2024-03-05,ARZZ3,57.9
2024-03-05,ASAI3,14.47
2024-03-05,AURE3,12.18
2024-03-05,AZUL4,12.36
2024-03-05,B3SA3,12.19
2024-03-05,BBAS3,58.08
2024-03-05,BBDC3,12.32
2024-03-05,BBDC4,13.72
2024-03-05,BBSE3,32.86
2024-03-05,BEEF3,6.83
2024-03-05,BHIA3,9.69
2024-03-05,BPAC11,35.55
2024-03-05,BPAN4,8.77
2024-03-05,BRAP4,20.79
2024-03-05,BRFS3,15.94
2024-03-05,BRKM5,21.09
2024-03-05,CASH3,8.09
2024-03-05,CCRO3,13.86
2024-03-05,CEAB3,9.59
2024-03-05,CIEL3,5.39
2024-03-05,CMIG4,11.92
2024-03-05,CMIN3,6.0
2024-03-05,COGN3,2.72
2024-03-05,CPFE3,34.63
2024-03-05,CPLE3,9.08
2024-03-05,CPLE6,10.12
2024-03-05,CRFB3,11.37
2024-03-05,CSAN3,16.35
2024-03-05,CSMG3,20.2
2024-03-05,CSNA3,16.58
2024-03-05,CURY3,19.3
2024-03-05,CVCB3,3.52
2024-03-05,CXSE3,15.0
2024-03-05,CYRE3,24.12
2024-03-05,DIRR3,24.45
2024-03-05,DXCO3,8.4
2024-03-05,ECOR3,9.21
2024-03-05,EGIE3,40.56
2024-03-05,ELET3,43.6
2024-03-05,ELET6,48.13
2024-03-05,EMBR3,26.8
2024-03-05,ENEV3,12.15
2024-03-05,ENGI11,50.67
2024-03-05,EQTL3,33.74
2024-03-05,EZTC3,17.3
2024-03-05,FLRY3,15.65
2024-03-05,GGBR4,21.67
2024-03-05,GOAU4,10.06
2024-03-05,GOLL4,2.59
2024-03-05,HAPV3,3.75
2024-03-05,HYPE3,32.68
2024-03-05,IGTI11,23.46
2024-03-05,IRBR3,42.5
2024-03-05,ITSA4,10.28
2024-03-05,ITUB4,33.78
2024-03-05,JBSS3,22.69
2024-03-05,JHSF3,4.35
2024-03-05,KLBN11,22.3
2024-03-05,LOGG3,21.8
2024-03-05,LREN3,16.34
2024-03-05,LWSA3,5.84
2024-03-05,MGLU3,2.12
2024-03-05,MRFG3,9.97
2024-03-05,MRVE3,7.76
2024-03-05,MULT3,26.03
2024-03-05,NTCO3,16.68
2024-03-05,PCAR3,3.45
2024-03-05,PETR3,40.8
2024-03-05,PETR4,39.96
2024-03-05,PETZ3,3.94
2024-03-05,POMO4,8.61
2024-03-05,PRIO3,44.32
2024-03-05,PSSA3,28.74
2024-03-05,QUAL3,2.4
2024-03-05,RADL3,25.36
2024-03-05,RAIL3,22.06
2024-03-05,RAIZ4,3.54
2024-03-05,RDOR3,24.62
2024-03-05,RECV3,23.02
2024-03-05,RENT3,50.82
2024-03-05,RRRP3,28.25
2024-03-05,SANB11,28.3
2024-03-05,SBSP3,79.19
2024-03-05,SLCE3,19.36
2024-03-05,SMFT3,24.8
2024-03-05,SMTO3,26.8
2024-03-05,SOMA3,6.89
2024-03-05,STBP3,10.94
2024-03-05,SUZB3,58.57
2024-03-05,TAEE11,34.79
2024-03-05,TEND3,10.42
2024-03-05,TIMS3,17.91
2024-03-05,TOTS3,30.44
2024-03-05,TRPL4,24.64
2024-03-05,UGPA3,29.0
2024-03-05,USIM5,10.74
2024-03-05,VALE3,65.85
2024-03-05,VAMO3,8.57
2024-03-05,VBBR3,25.1
2024-03-05,VIVA3,31.8
2024-03-05,VIVT3,52.07
2024-03-05,WEGE3,37.43
2024-03-05,YDUQ3,20.38
2024-03-06,ABEV3,12.69
2024-03-06,ALOS3,24.4
2024-03-06,ALPA4,9.63
2024-03-06,AMER3,0.58
2024-03-06,ARZZ3,59.16
2024-03-06,ASAI3,14.42
2024-03-06,AURE3,12.21
2024-03-06,AZUL4,12.31
2024-03-06,B3SA3,12.25
2024-03-06,BBAS3,58.94
2024-03-06,BBDC3,12.25
2024-03-06,BBDC4,13.82
2024-03-06,BBSE3,32.7
2024-03-06,BEEF3,6.7
2024-03-06,BHIA3,8.32
2024-03-06,BPAC11,35.69
2024-03-06,BPAN4,8.75
2024-03-06,BRAP4,20.56
2024-03-06,BRFS3,16.14
2024-03-06,BRKM5,20.22
2024-03-06,CASH3,8.61
2024-03-06,CCRO3,13.84
2024-03-06,CEAB3,9.47
2024-03-06,CIEL3,5.38
2024-03-06,CMIG4,12.01
2024-03-06,CMIN3,5.97
2024-03-06,COGN3,2.71
2024-03-06,CPFE3,34.4
2024-03-06,CPLE3,9.11
2024-03-06,CPLE6,10.16
2024-03-06,CRFB3,11.85
2024-03-06,CSAN3,16.27
2024-03-06,CSMG3,20.15
2024-03-06,CSNA3,16.65
2024-03-06,CURY3,19.45
2024-03-06,CVCB3,3.38
2024-03-06,CXSE3,15.32
2024-03-06,CYRE3,24.47
2024-03-06,DIRR3,24.85
2024-03-06,DXCO3,8.01
2024-03-06,ECOR3,9.06
2024-03-06,EGIE3,40.0
2024-03-06,ELET3,43.83
2024-03-06,ELET6,48.34
2024-03-06,EMBR3,26.76
2024-03-06,ENEV3,12.41
2024-03-06,ENGI11,50.96
2024-03-06,EQTL3,33.75
2024-03-06,EZTC3,16.36
2024-03-06,FLRY3,15.69
2024-03-06,GGBR4,21.38
2024-03-06,GOAU4,9.85
2024-03-06,GOLL4,2.55
2024-03-06,HAPV3,3.78
2024-03-06,HYPE3,33.38
2024-03-06,IGTI11,23.48
2024-03-06,IRBR3,43.38
2024-03-06,ITSA4,10.41
2024-03-06,ITUB4,34.15
2024-03-06,JBSS3,21.45
2024-03-06,JHSF3,4.3
2024-03-06,KLBN11,22.15
2024-03-06,LOGG3,21.95
2024-03-06,LREN3,16.05
2024-03-06,LWSA3,5.8
2024-03-06,MGLU3,2.06
2024-03-06,MRFG3,9.62
2024-03-06,MRVE3,7.81
2024-03-06,MULT3,26.08
2024-03-06,NTCO3,16.98
2024-03-06,PCAR3,3.69
2024-03-06,PETR3,41.5
2024-03-06,PETR4,40.84
2024-03-06,PETZ3,3.95
2024-03-06,POMO4,8.65
2024-03-06,PRIO3,43.64
2024-03-06,PSSA3,29.23
2024-03-06,QUAL3,2.42
2024-03-06,RADL3,26.0
2024-03-06,RAIL3,22.35
2024-03-06,RAIZ4,3.51
2024-03-06,RDOR3,24.94
2024-03-06,RECV3,21.43
2024-03-06,RENT3,51.33
2024-03-06,RRRP3,26.98
2024-03-06,SANB11,28.1
2024-03-06,SBSP3,79.76
2024-03-06,SLCE3,19.35
2024-03-06,SMFT3,25.06
2024-03-06,SMTO3,26.8
2024-03-06,SOMA3,7.06
2024-03-06,STBP3,10.85
2024-03-06,SUZB3,58.29
2024-03-06,TAEE11,34.63
2024-03-06,TEND3,10.62
2024-03-06,TIMS3,18.13
2024-03-06,TOTS3,31.2
2024-03-06,TRPL4,24.3
2024-03-06,UGPA3,29.12
2024-03-06,USIM5,10.75
2024-03-06,VALE3,66.75
2024-03-06,VAMO3,8.45
2024-03-06,VBBR3,24.85
2024-03-06,VIVA3,32.76
2024-03-06,VIVT3,52.01
2024-03-06,WEGE3,37.13
2024-03-06,YDUQ3,20.85
2024-03-07,ABEV3,12.65
2024-03-07,ALOS3,24.25
2024-03-07,ALPA4,9.63
2024-03-07,AMER3,0.56
2024-03-07,ARZZ3,58.72
2024-03-07,ASAI3,14.45
2024-03-07,AURE3,12.14
2024-03-07,AZUL4,12.09
2024-03-07,B3SA3,12.32
2024-03-07,BBAS3,58.38
2024-03-07,BBDC3,12.18
2024-03-07,BBDC4,13.76
2024-03-07,BBSE3,32.9
2024-03-07,BEEF3,6.64
2024-03-07,BHIA3,8.1
2024-03-07,BPAC11,35.57
2024-03-07,BPAN4,8.76
2024-03-07,BRAP4,20.71
2024-03-07,BRFS3,16.38
2024-03-07,BRKM5,20.42
2024-03-07,CASH3,8.33
2024-03-07,CCRO3,13.86
2024-03-07,CEAB3,9.73
2024-03-07,CIEL3,5.35
2024-03-07,CMIG4,11.81
2024-03-07,CMIN3,6.05
2024-03-07,COGN3,2.72
2024-03-07,CPFE3,34.41
2024-03-07,CPLE3,9.1
2024-03-07,CPLE6,10.14
2024-03-07,CRFB3,11.77
2024-03-07,CSAN3,16.13
2024-03-07,CSMG3,20.81
2024-03-07,CSNA3,15.85
2024-03-07,CURY3,19.21
2024-03-07,CVCB3,3.29
2024-03-07,CXSE3,16.11
2024-03-07,CYRE3,24.14
2024-03-07,DIRR3,24.78
2024-03-07,DXCO3,7.68
2024-03-07,ECOR3,9.02
2024-03-07,EGIE3,40.85
2024-03-07,ELET3,43.35
2024-03-07,ELET6,48.0
2024-03-07,EMBR3,26.44
2024-03-07,ENEV3,12.26
2024-03-07,ENGI11,50.39
2024-03-07,EQTL3,33.69
2024-03-07,EZTC3,15.91
2024-03-07,FLRY3,15.65
2024-03-07,GGBR4,21.06
2024-03-07,GOAU4,9.8
2024-03-07,GOLL4,2.43
2024-03-07,HAPV3,3.81
2024-03-07,HYPE3,32.85
2024-03-07,IGTI11,23.7
2024-03-07,IRBR3,43.32
2024-03-07,ITSA4,10.33
2024-03-07,ITUB4,33.79
2024-03-07,JBSS3,21.46
2024-03-07,JHSF3,4.29
2024-03-07,KLBN11,22.37
2024-03-07,LOGG3,22.35
2024-03-07,LREN3,16.24
2024-03-07,LWSA3,5.74
2024-03-07,MGLU3,2.04
2024-03-07,MRFG3,9.71
2024-03-07,MRVE3,7.67
2024-03-07,MULT3,26.0
2024-03-07,NTCO3,17.27
2024-03-07,PCAR3,3.54
2024-03-07,PETR3,41.26
2024-03-07,PETR4,40.39
2024-03-07,PETZ3,3.99
2024-03-07,POMO4,8.78
2024-03-07,PRIO3,43.35
2024-03-07,PSSA3,30.87
2024-03-07,QUAL3,2.37
2024-03-07,RADL3,26.0
2024-03-07,RAIL3,22.12
2024-03-07,RAIZ4,3.48
2024-03-07,RDOR3,24.59
2024-03-07,RECV3,20.72
2024-03-07,RENT3,53.17
2024-03-07,RRRP3,27.1
2024-03-07,SANB11,28.25
2024-03-07,SBSP3,79.69
2024-03-07,SLCE3,19.15
2024-03-07,SMFT3,24.82
2024-03-07,SMTO3,26.88
2024-03-07,SOMA3,7.0
2024-03-07,STBP3,10.8
2024-03-07,SUZB3,58.82
2024-03-07,TAEE11,35.4
2024-03-07,TEND3,11.14
2024-03-07,TIMS3,18.56
2024-03-07,TOTS3,30.08
2024-03-07,TRPL4,24.69
2024-03-07,UGPA3,29.0
2024-03-07,USIM5,10.63
2024-03-07,VALE3,66.52
2024-03-07,VAMO3,8.36
2024-03-07,VBBR3,23.99
2024-03-07,VIVA3,32.48
2024-03-07,VIVT3,52.56
2024-03-07,WEGE3,36.9
2024-03-07,YDUQ3,21.66
2024-03-08,ABEV3,12.84
2024-03-08,ALOS3,24.25
2024-03-08,ALPA4,9.73
2024-03-08,AMER3,0.55
2024-03-08,ARZZ3,58.87
2024-03-08,ASAI3,14.41
2024-03-08,AURE3,12.15
2024-03-08,AZUL4,12.29
2024-03-08,B3SA3,12.46
2024-03-08,BBAS3,57.81
2024-03-08,BBDC3,12.22
2024-03-08,BBDC4,13.84
2024-03-08,BBSE3,32.79
2024-03-08,BEEF3,6.71
2024-03-08,BHIA3,8.11
2024-03-08,BPAC11,35.63
2024-03-08,BPAN4,8.69
2024-03-08,BRAP4,20.55
2024-03-08,BRFS3,16.7
2024-03-08,BRKM5,20.15
2024-03-08,CASH3,8.55
2024-03-08,CCRO3,13.83
2024-03-08,CEAB3,9.85
2024-03-08,CIEL3,5.37
2024-03-08,CMIG4,11.97
2024-03-08,CMIN3,5.95
2024-03-08,COGN3,2.67
2024-03-08,CPFE3,34.19
2024-03-08,CPLE3,9.13
2024-03-08,CPLE6,10.24
2024-03-08,CRFB3,11.82
2024-03-08,CSAN3,16.41
2024-03-08,CSMG3,21.12
2024-03-08,CSNA3,16.31
2024-03-08,CURY3,19.51
2024-03-08,CVCB3,3.37
2024-03-08,CXSE3,15.99
2024-03-08,CYRE3,24.64
2024-03-08,DIRR3,25.18
2024-03-08,DXCO3,8.2
2024-03-08,ECOR3,8.94
2024-03-08,EGIE3,40.72
2024-03-08,ELET3,43.51
2024-03-08,ELET6,48.07
2024-03-08,EMBR3,26.84
2024-03-08,ENEV3,12.51
2024-03-08,ENGI11,51.0
2024-03-08,EQTL3,33.6
2024-03-08,EZTC3,16.15
2024-03-08,FLRY3,15.34
2024-03-08,GGBR4,21.24
2024-03-08,GOAU4,9.8
2024-03-08,GOLL4,2.21
2024-03-08,HAPV3,3.88
2024-03-08,HYPE3,33.0
2024-03-08,IGTI11,23.75
2024-03-08,IRBR3,42.8
2024-03-08,ITSA4,10.43
2024-03-08,ITUB4,34.1
2024-03-08,JBSS3,21.68
2024-03-08,JHSF3,4.34
2024-03-08,KLBN11,22.04
2024-03-08,LOGG3,22.39
2024-03-08,LREN3,16.23
2024-03-08,LWSA3,5.73
2024-03-08,MGLU3,2.05
2024-03-08,MRFG3,9.64
2024-03-08,MRVE3,7.76
2024-03-08,MULT3,26.11
2024-03-08,NTCO3,17.58
2024-03-08,PCAR3,3.52
2024-03-08,PETR3,36.98
2024-03-08,PETR4,36.12
2024-03-08,PETZ3,4.18
2024-03-08,POMO4,7.02
2024-03-08,PRIO3,44.7
2024-03-08,PSSA3,31.1
2024-03-08,QUAL3,2.39
2024-03-08,RADL3,25.96
2024-03-08,RAIL3,22.21
2024-03-08,RAIZ4,3.48
2024-03-08,RDOR3,25.09
2024-03-08,RECV3,21.37
2024-03-08,RENT3,53.15
2024-03-08,RRRP3,28.26
2024-03-08,SANB11,28.53
2024-03-08,SBSP3,80.18
2024-03-08,SLCE3,19.33
2024-03-08,SMFT3,24.56
2024-03-08,SMTO3,27.67
2024-03-08,SOMA3,7.02
2024-03-08,STBP3,10.78
2024-03-08,SUZB3,59.15
2024-03-08,TAEE11,35.38
2024-03-08,TEND3,11.27
2024-03-08,TIMS3,18.95
2024-03-08,TOTS3,30.13
2024-03-08,TRPL4,25.15
2024-03-08,UGPA3,28.86
2024-03-08,USIM5,10.86
2024-03-08,VALE3,66.01
2024-03-08,VAMO3,8.2
2024-03-08,VBBR3,23.93
2024-03-08,VIVA3,32.5
2024-03-08,VIVT3,52.31
2024-03-08,WEGE3,36.92
2024-03-08,YDUQ3,21.33
2024-03-11,ABEV3,12.8
2024-03-11,ALOS3,24.13
2024-03-11,ALPA4,9.68
2024-03-11,AMER3,0.55
2024-03-11,ARZZ3,58.5
2024-03-11,ASAI3,14.29
2024-03-11,AURE3,12.03
2024-03-11,AZUL4,12.09
2024-03-11,B3SA3,12.58
2024-03-11,BBAS3,57.23
2024-03-11,BBDC3,12.31
2024-03-11,BBDC4,13.92
2024-03-11,BBSE3,32.83
2024-03-11,BEEF3,6.7
2024-03-11,BHIA3,8.09
2024-03-11,BPAC11,35.56
2024-03-11,BPAN4,8.65
2024-03-11,BRAP4,20.19
2024-03-11,BRFS3,16.61
2024-03-11,BRKM5,20.45
2024-03-11,CASH3,8.34
2024-03-11,CCRO3,13.97
2024-03-11,CEAB3,9.57
2024-03-11,CIEL3,5.35
2024-03-11,CMIG4,11.85
2024-03-11,CMIN3,5.78
2024-03-11,COGN3,2.69
2024-03-11,CPFE3,34.56
2024-03-11,CPLE3,9.02
2024-03-11,CPLE6,10.03
2024-03-11,CRFB3,11.7
2024-03-11,CSAN3,16.51
2024-03-11,CSMG3,20.7
2024-03-11,CSNA3,16.02
2024-03-11,CURY3,19.59
2024-03-11,CVCB3,3.28
2024-03-11,CXSE3,15.89
2024-03-11,CYRE3,24.59
2024-03-11,DIRR3,24.86
2024-03-11,DXCO3,8.15
2024-03-11,ECOR3,9.13
2024-03-11,EGIE3,41.04
2024-03-11,ELET3,43.16
2024-03-11,ELET6,48.11
2024-03-11,EMBR3,26.63
2024-03-11,ENEV3,12.36
2024-03-11,ENGI11,50.5
2024-03-11,EQTL3,33.35
2024-03-11,EZTC3,16.54
2024-03-11,FLRY3,15.37
2024-03-11,GGBR4,21.19
2024-03-11,GOAU4,9.84
2024-03-11,GOLL4,2.1
2024-03-11,HAPV3,3.85
2024-03-11,HYPE3,32.76
2024-03-11,IGTI11,23.51
2024-03-11,IRBR3,40.64
2024-03-11,ITSA4,10.44
2024-03-11,ITUB4,34.27
2024-03-11,JBSS3,22.07
2024-03-11,JHSF3,4.29
2024-03-11,KLBN11,22.11
2024-03-11,LOGG3,22.68
2024-03-11,LREN3,15.94
2024-03-11,LWSA3,5.77
2024-03-11,MGLU3,2.0
2024-03-11,MRFG3,9.53
2024-03-11,MRVE3,7.78
2024-03-11,MULT3,26.04
2024-03-11,NTCO3,17.33
2024-03-11,PCAR3,3.49
2024-03-11,PETR3,36.27
2024-03-11,PETR4,35.65
2024-03-11,PETZ3,4.16
2024-03-11,POMO4,7.11
2024-03-11,PRIO3,44.9
2024-03-11,PSSA3,30.96
2024-03-11,QUAL3,2.44
2024-03-11,RADL3,26.36
2024-03-11,RAIL3,22.2
2024-03-11,RAIZ4,3.49
2024-03-11,RDOR3,25.24
2024-03-11,RECV3,21.69
2024-03-11,RENT3,52.3
2024-03-11,RRRP3,29.09
2024-03-11,SANB11,28.53
2024-03-11,SBSP3,78.1
2024-03-11,SLCE3,19.05
2024-03-11,SMFT3,24.47
2024-03-11,SMTO3,27.36
2024-03-11,SOMA3,6.96
2024-03-11,STBP3,11.06
2024-03-11,SUZB3,58.57
2024-03-11,TAEE11,35.35
2024-03-11,TEND3,11.28
2024-03-11,TIMS3,18.27
2024-03-11,TOTS3,30.21
2024-03-11,TRPL4,24.95
2024-03-11,UGPA3,28.41
2024-03-11,USIM5,10.35
2024-03-11,VALE3,63.96
2024-03-11,VAMO3,8.41
2024-03-11,VBBR3,24.26
2024-03-11,VIVA3,31.49
2024-03-11,VIVT3,52.26
2024-03-11,WEGE3,37.16
2024-03-11,YDUQ3,21.17
2024-03-12,ABEV3,12.84
2024-03-12,ALOS3,24.47
2024-03-12,ALPA4,9.92
2024-03-12,AMER3,0.55
2024-03-12,ARZZ3,60.6
2024-03-12,ASAI3,14.72
2024-03-12,AURE3,11.86
2024-03-12,AZUL4,12.5
2024-03-12,B3SA3,12.82
2024-03-12,BBAS3,57.6
2024-03-12,BBDC3,12.48
2024-03-12,BBDC4,14.09
2024-03-12,BBSE3,32.94
2024-03-12,BEEF3,6.8
2024-03-12,BHIA3,8.14
2024-03-12,BPAC11,36.42
2024-03-12,BPAN4,8.78
2024-03-12,BRAP4,20.17
2024-03-12,BRFS3,17.02
2024-03-12,BRKM5,20.5
2024-03-12,CASH3,8.4
2024-03-12,CCRO3,14.07
2024-03-12,CEAB3,9.76
2024-03-12,CIEL3,5.35
2024-03-12,CMIG4,11.96
2024-03-12,CMIN3,5.87
2024-03-12,COGN3,2.79
2024-03-12,CPFE3,34.0
2024-03-12,CPLE3,9.01
2024-03-12,CPLE6,10.05
2024-03-12,CRFB3,12.0
2024-03-12,CSAN3,16.66
2024-03-12,CSMG3,20.44
2024-03-12,CSNA3,16.2
2024-03-12,CURY3,20.26
2024-03-12,CVCB3,3.39
2024-03-12,CXSE3,15.9
2024-03-12,CYRE3,25.08
2024-03-12,DIRR3,24.81
2024-03-12,DXCO3,8.35
2024-03-12,ECOR3,9.24
2024-03-12,EGIE3,40.76
2024-03-12,ELET3,43.76
2024-03-12,ELET6,48.66
2024-03-12,EMBR3,26.48
2024-03-12,ENEV3,12.55
2024-03-12,ENGI11,50.66
2024-03-12,EQTL3,33.35
2024-03-12,EZTC3,16.87
2024-03-12,FLRY3,15.15
2024-03-12,GGBR4,21.54
2024-03-12,GOAU4,9.91
2024-03-12,GOLL4,2.03
2024-03-12,HAPV3,3.92
2024-03-12,HYPE3,33.58
2024-03-12,IGTI11,23.65
2024-03-12,IRBR3,40.45
2024-03-12,ITSA4,10.57
2024-03-12,ITUB4,34.41
2024-03-12,JBSS3,22.55
2024-03-12,JHSF3,4.33
2024-03-12,KLBN11,22.38
2024-03-12,LOGG3,22.8
2024-03-12,LREN3,16.54
2024-03-12,LWSA3,5.88
2024-03-12,MGLU3,2.02
2024-03-12,MRFG3,9.68
2024-03-12,MRVE3,7.9
2024-03-12,MULT3,26.26
2024-03-12,NTCO3,18.48
2024-03-12,PCAR3,3.44
2024-03-12,PETR3,37.37
2024-03-12,PETR4,36.82
2024-03-12,PETZ3,4.45
2024-03-12,POMO4,7.09
2024-03-12,PRIO3,47.5
2024-03-12,PSSA3,31.16
2024-03-12,QUAL3,2.45
2024-03-12,RADL3,26.57
2024-03-12,RAIL3,22.31
2024-03-12,RAIZ4,3.52
2024-03-12,RDOR3,25.2
2024-03-12,RECV3,22.2
2024-03-12,RENT3,53.6
2024-03-12,RRRP3,29.4
2024-03-12,SANB11,28.61
2024-03-12,SBSP3,77.07
2024-03-12,SLCE3,18.91
2024-03-12,SMFT3,24.95
2024-03-12,SMTO3,26.99
2024-03-12,SOMA3,7.25
2024-03-12,STBP3,11.27
2024-03-12,SUZB3,59.11
2024-03-12,TAEE11,35.38
2024-03-12,TEND3,11.31
2024-03-12,TIMS3,18.55
2024-03-12,TOTS3,31.21
2024-03-12,TRPL4,25.13
2024-03-12,UGPA3,28.5
2024-03-12,USIM5,10.21
2024-03-12,VALE3,60.84
2024-03-12,VAMO3,8.62
2024-03-12,VBBR3,24.22
2024-03-12,VIVA3,31.8
2024-03-12,VIVT3,52.17
2024-03-12,WEGE3,37.61
2024-03-12,YDUQ3,21.27
2024-03-13,ABEV3,12.75
2024-03-13,ALOS3,24.56
2024-03-13,ALPA4,10.1
2024-03-13,AMER3,0.55
2024-03-13,ARZZ3,61.5
2024-03-13,ASAI3,14.7
2024-03-13,AURE3,11.83
2024-03-13,AZUL4,12.74
2024-03-13,B3SA3,12.76
2024-03-13,BBAS3,56.96
2024-03-13,BBDC3,12.6
2024-03-13,BBDC4,14.24
2024-03-13,BBSE3,32.88
2024-03-13,BEEF3,6.92
2024-03-13,BHIA3,8.13
2024-03-13,BPAC11,37.4
2024-03-13,BPAN4,8.8
2024-03-13,BRAP4,20.15
2024-03-13,BRFS3,16.99
2024-03-13,BRKM5,20.83
2024-03-13,CASH3,8.47
2024-03-13,CCRO3,14.0
2024-03-13,CEAB3,9.91
2024-03-13,CIEL3,5.35
2024-03-13,CMIG4,11.58
2024-03-13,CMIN3,5.82
2024-03-13,COGN3,2.87
2024-03-13,CPFE3,33.67
2024-03-13,CPLE3,8.95
2024-03-13,CPLE6,9.96
2024-03-13,CRFB3,12.16
2024-03-13,CSAN3,16.72
2024-03-13,CSMG3,20.15
2024-03-13,CSNA3,16.27
2024-03-13,CURY3,20.9
2024-03-13,CVCB3,3.42
2024-03-13,CXSE3,15.93
2024-03-13,CYRE3,25.49
2024-03-13,DIRR3,24.71
2024-03-13,DXCO3,8.44
2024-03-13,ECOR3,9.45
2024-03-13,EGIE3,40.66
2024-03-13,ELET3,43.39
2024-03-13,ELET6,48.45
2024-03-13,EMBR3,26.65
2024-03-13,ENEV3,12.46
2024-03-13,ENGI11,49.71
2024-03-13,EQTL3,32.78
2024-03-13,EZTC3,16.76
2024-03-13,FLRY3,14.86
2024-03-13,GGBR4,21.86
2024-03-13,GOAU4,10.04
2024-03-13,GOLL4,2.02
2024-03-13,HAPV3,3.89
2024-03-13,HYPE3,34.04
2024-03-13,IGTI11,24.25
2024-03-13,IRBR3,40.6
2024-03-13,ITSA4,10.7
2024-03-13,ITUB4,34.75
2024-03-13,JBSS3,23.26
2024-03-13,JHSF3,4.35
2024-03-13,KLBN11,22.68
2024-03-13,LOGG3,22.81
2024-03-13,LREN3,16.91
2024-03-13,LWSA3,5.9
2024-03-13,MGLU3,2.03
2024-03-13,MRFG3,9.94
2024-03-13,MRVE3,8.07
2024-03-13,MULT3,26.3
2024-03-13,NTCO3,18.75
2024-03-13,PCAR3,3.33
2024-03-13,PETR3,37.0
2024-03-13,PETR4,36.38
2024-03-13,PETZ3,4.46
2024-03-13,POMO4,7.3
2024-03-13,PRIO3,48.92
2024-03-13,PSSA3,30.68
2024-03-13,QUAL3,2.37
2024-03-13,RADL3,27.1
2024-03-13,RAIL3,22.17
2024-03-13,RAIZ4,3.51
2024-03-13,RDOR3,25.37
2024-03-13,RECV3,22.5
2024-03-13,RENT3,54.5
2024-03-13,RRRP3,29.66
2024-03-13,SANB11,28.63
2024-03-13,SBSP3,76.82
2024-03-13,SLCE3,18.83
2024-03-13,SMFT3,25.2
2024-03-13,SMTO3,26.45
2024-03-13,SOMA3,7.37
2024-03-13,STBP3,11.52
2024-03-13,SUZB3,59.43
2024-03-13,TAEE11,35.43
2024-03-13,TEND3,11.42
2024-03-13,TIMS3,18.52
2024-03-13,TOTS3,31.2
2024-03-13,TRPL4,24.5
2024-03-13,UGPA3,28.55
2024-03-13,USIM5,10.09
2024-03-13,VALE3,61.23
2024-03-13,VAMO3,8.82
2024-03-13,VBBR3,24.66
2024-03-13,VIVA3,31.81
2024-03-13,VIVT3,52.01
2024-03-13,WEGE3,38.02
2024-03-13,YDUQ3,21.56
2024-03-14,ABEV3,12.8
2024-03-14,ALOS3,24.5
2024-03-14,ALPA4,10.21
2024-03-14,AMER3,0.54
2024-03-14,ARZZ3,62.15
2024-03-14,ASAI3,14.54
2024-03-14,AURE3,12.03
2024-03-14,AZUL4,12.62
2024-03-14,B3SA3,12.51
2024-03-14,BBAS3,56.71
2024-03-14,BBDC3,12.6
2024-03-14,BBDC4,14.33
2024-03-14,BBSE3,33.11
2024-03-14,BEEF3,7.02
2024-03-14,BHIA3,8.01
2024-03-14,BPAC11,37.18
2024-03-14,BPAN4,8.95
2024-03-14,BRAP4,20.11
2024-03-14,BRFS3,17.28
2024-03-14,BRKM5,21.0
2024-03-14,CASH3,8.3
2024-03-14,CCRO3,13.91
2024-03-14,CEAB3,9.73
2024-03-14,CIEL3,5.34
2024-03-14,CMIG4,11.1
2024-03-14,CMIN3,5.67
2024-03-14,COGN3,2.81
2024-03-14,CPFE3,33.63
2024-03-14,CPLE3,9.01
2024-03-14,CPLE6,9.93
2024-03-14,CRFB3,12.56
2024-03-14,CSAN3,16.58
2024-03-14,CSMG3,20.08
2024-03-14,CSNA3,15.66
2024-03-14,CURY3,20.72
2024-03-14,CVCB3,3.36
2024-03-14,CXSE3,15.96
2024-03-14,CYRE3,25.37
2024-03-14,DIRR3,25.15
2024-03-14,DXCO3,8.21
2024-03-14,ECOR3,9.23
2024-03-14,EGIE3,40.45
2024-03-14,ELET3,44.0
2024-03-14,ELET6,48.79
2024-03-14,EMBR3,29.37
2024-03-14,ENEV3,12.7
2024-03-14,ENGI11,49.0
2024-03-14,EQTL3,32.95
2024-03-14,EZTC3,17.03
2024-03-14,FLRY3,14.99
2024-03-14,GGBR4,21.2
2024-03-14,GOAU4,9.8
2024-03-14,GOLL4,2.02
2024-03-14,HAPV3,3.85
2024-03-14,HYPE3,32.78
2024-03-14,IGTI11,24.1
2024-03-14,IRBR3,40.11
2024-03-14,ITSA4,10.7
2024-03-14,ITUB4,34.73
2024-03-14,JBSS3,23.55
2024-03-14,JHSF3,4.39
2024-03-14,KLBN11,22.8
2024-03-14,LOGG3,22.83
2024-03-14,LREN3,16.51
2024-03-14,LWSA3,5.8
2024-03-14,MGLU3,2.01
2024-03-14,MRFG3,10.26
2024-03-14,MRVE3,8.23
2024-03-14,MULT3,26.4
2024-03-14,NTCO3,18.52
2024-03-14,PCAR3,3.28
2024-03-14,PETR3,36.75
2024-03-14,PETR4,36.22
2024-03-14,PETZ3,4.5
2024-03-14,POMO4,7.34
2024-03-14,PRIO3,48.6
2024-03-14,PSSA3,30.83
2024-03-14,QUAL3,2.35
2024-03-14,RADL3,26.95
2024-03-14,RAIL3,22.2
2024-03-14,RAIZ4,3.5
2024-03-14,RDOR3,25.47
2024-03-14,RECV3,21.94
2024-03-14,RENT3,53.92
2024-03-14,RRRP3,29.32
2024-03-14,SANB11,28.6
2024-03-14,SBSP3,76.49
2024-03-14,SLCE3,18.97
2024-03-14,SMFT3,25.39
2024-03-14,SMTO3,27.79
2024-03-14,SOMA3,7.4
2024-03-14,STBP3,11.56
2024-03-14,SUZB3,59.5
2024-03-14,TAEE11,35.42
2024-03-14,TEND3,10.85
2024-03-14,TIMS3,18.76
2024-03-14,TOTS3,31.0
2024-03-14,TRPL4,24.57
2024-03-14,UGPA3,28.71
2024-03-14,USIM5,9.88
2024-03-14,VALE3,60.45
2024-03-14,VAMO3,8.6
2024-03-14,VBBR3,25.23
2024-03-14,VIVA3,31.53
2024-03-14,VIVT3,53.15
2024-03-14,WEGE3,37.79
2024-03-14,YDUQ3,21.21
2024-03-15,ABEV3,12.63
2024-03-15,ALOS3,24.66
2024-03-15,ALPA4,9.54
2024-03-15,AMER3,0.53
2024-03-15,ARZZ3,59.88
2024-03-15,ASAI3,14.63
2024-03-15,AURE3,11.95
2024-03-15,AZUL4,13.49
2024-03-15,B3SA3,12.33
2024-03-15,BBAS3,57.29
2024-03-15,BBDC3,12.53
2024-03-15,BBDC4,14.11
2024-03-15,BBSE3,33.27
2024-03-15,BEEF3,7.01
2024-03-15,BHIA3,7.4
2024-03-15,BPAC11,36.27
2024-03-15,BPAN4,8.8
2024-03-15,BRAP4,19.5
2024-03-15,BRFS3,16.46
2024-03-15,BRKM5,21.71
2024-03-15,CASH3,7.88
2024-03-15,CCRO3,14.0
2024-03-15,CEAB3,9.51
2024-03-15,CIEL3,5.27
2024-03-15,CMIG4,11.43
2024-03-15,CMIN3,5.44
2024-03-15,COGN3,2.48
2024-03-15,CPFE3,33.38
2024-03-15,CPLE3,8.97
2024-03-15,CPLE6,9.87
2024-03-15,CRFB3,12.4
2024-03-15,CSAN3,16.42
2024-03-15,CSMG3,20.18
2024-03-15,CSNA3,15.26
2024-03-15,CURY3,20.65
2024-03-15,CVCB3,3.39
2024-03-15,CXSE3,16.15
2024-03-15,CYRE3,24.63
2024-03-15,DIRR3,25.05
2024-03-15,DXCO3,8.1
2024-03-15,ECOR3,8.9
2024-03-15,EGIE3,40.15
2024-03-15,ELET3,43.0
2024-03-15,ELET6,47.51
2024-03-15,EMBR3,29.1
2024-03-15,ENEV3,12.85
2024-03-15,ENGI11,47.76
2024-03-15,EQTL3,33.45
2024-03-15,EZTC3,16.95
2024-03-15,FLRY3,14.93
2024-03-15,GGBR4,20.78
2024-03-15,GOAU4,9.72
2024-03-15,GOLL4,1.78
2024-03-15,HAPV3,3.82
2024-03-15,HYPE3,34.1
2024-03-15,IGTI11,23.84
2024-03-15,IRBR3,39.04
2024-03-15,ITSA4,10.66
2024-03-15,ITUB4,34.54
2024-03-15,JBSS3,23.25
2024-03-15,JHSF3,4.3
2024-03-15,KLBN11,23.29
2024-03-15,LOGG3,22.17
2024-03-15,LREN3,15.4
2024-03-15,LWSA3,5.66
2024-03-15,MGLU3,1.96
2024-03-15,MRFG3,10.03
2024-03-15,MRVE3,8.24
2024-03-15,MULT3,25.93
2024-03-15,NTCO3,18.16
2024-03-15,PCAR3,3.1
2024-03-15,PETR3,36.67
2024-03-15,PETR4,36.32
2024-03-15,PETZ3,4.32
2024-03-15,POMO4,7.25
2024-03-15,PRIO3,47.8
2024-03-15,PSSA3,30.75
2024-03-15,QUAL3,2.26
2024-03-15,RADL3,27.0
2024-03-15,RAIL3,22.06
2024-03-15,RAIZ4,3.46
2024-03-15,RDOR3,25.22
2024-03-15,RECV3,22.85
2024-03-15,RENT3,52.8
2024-03-15,RRRP3,29.05
2024-03-15,SANB11,28.74
2024-03-15,SBSP3,76.5
2024-03-15,SLCE3,18.96
2024-03-15,SMFT3,25.22
2024-03-15,SMTO3,27.68
2024-03-15,SOMA3,7.05
2024-03-15,STBP3,11.72
2024-03-15,SUZB3,60.8
2024-03-15,TAEE11,35.33
2024-03-15,TEND3,11.94
2024-03-15,TIMS3,18.62
2024-03-15,TOTS3,30.99
2024-03-15,TRPL4,24.51
2024-03-15,UGPA3,28.5
2024-03-15,USIM5,9.78
2024-03-15,VALE3,59.76
2024-03-15,VAMO3,8.28
2024-03-15,VBBR3,25.29
2024-03-15,VIVA3,30.72
2024-03-15,VIVT3,52.02
2024-03-15,WEGE3,38.0
2024-03-15,YDUQ3,19.14
2024-03-18,ABEV3,12.63
2024-03-18,ALOS3,24.49
2024-03-18,ALPA4,9.26
2024-03-18,AMER3,0.53
2024-03-18,ARZZ3,59.38
2024-03-18,ASAI3,14.46
2024-03-18,AURE3,11.86
2024-03-18,AZUL4,13.82
2024-03-18,B3SA3,12.36
2024-03-18,BBAS3,56.03
2024-03-18,BBDC3,12.68
2024-03-18,BBDC4,14.2
2024-03-18,BBSE3,33.26
2024-03-18,BEEF3,6.97
2024-03-18,BHIA3,7.39
2024-03-18,BPAC11,35.95
2024-03-18,BPAN4,8.71
2024-03-18,BRAP4,20.15
2024-03-18,BRFS3,16.34
2024-03-18,BRKM5,21.9
2024-03-18,CASH3,7.9
2024-03-18,CCRO3,14.0
2024-03-18,CEAB3,9.38
2024-03-18,CIEL3,5.21
2024-03-18,CMIG4,11.58
2024-03-18,CMIN3,5.59
2024-03-18,COGN3,2.59
2024-03-18,CPFE3,33.64
2024-03-18,CPLE3,8.81
2024-03-18,CPLE6,9.75
2024-03-18,CRFB3,12.64
2024-03-18,CSAN3,16.36
2024-03-18,CSMG3,20.04
2024-03-18,CSNA3,15.71
2024-03-18,CURY3,20.28
2024-03-18,CVCB3,3.36
2024-03-18,CXSE3,16.01
2024-03-18,CYRE3,23.97
2024-03-18,DIRR3,24.31
2024-03-18,DXCO3,8.24
2024-03-18,ECOR3,8.94
2024-03-18,EGIE3,40.4
2024-03-18,ELET3,41.45
2024-03-18,ELET6,46.03
2024-03-18,EMBR3,29.63
2024-03-18,ENEV3,12.65
2024-03-18,ENGI11,47.6
2024-03-18,EQTL3,33.34
2024-03-18,EZTC3,16.55
2024-03-18,FLRY3,15.05
2024-03-18,GGBR4,21.43
2024-03-18,GOAU4,9.86
2024-03-18,GOLL4,1.7
2024-03-18,HAPV3,3.86
2024-03-18,HYPE3,33.31
2024-03-18,IGTI11,23.79
2024-03-18,IRBR3,38.82
2024-03-18,ITSA4,10.65
2024-03-18,ITUB4,34.68
2024-03-18,JBSS3,23.14
2024-03-18,JHSF3,4.26
2024-03-18,KLBN11,23.86
2024-03-18,LOGG3,22.34
2024-03-18,LREN3,15.51
2024-03-18,LWSA3,5.81
2024-03-18,MGLU3,2.1
2024-03-18,MRFG3,9.95
2024-03-18,MRVE3,7.77
2024-03-18,MULT3,26.11
2024-03-18,NTCO3,18.4
2024-03-18,PCAR3,3.04
2024-03-18,PETR3,36.98
2024-03-18,PETR4,36.34
2024-03-18,PETZ3,4.39
2024-03-18,POMO4,7.25
2024-03-18,PRIO3,47.76
2024-03-18,PSSA3,30.95
2024-03-18,QUAL3,2.33
2024-03-18,RADL3,27.07
2024-03-18,RAIL3,22.05
2024-03-18,RAIZ4,3.47
2024-03-18,RDOR3,26.09
2024-03-18,RECV3,23.43
2024-03-18,RENT3,52.53
2024-03-18,RRRP3,29.5
2024-03-18,SANB11,28.66
2024-03-18,SBSP3,76.01
2024-03-18,SLCE3,19.0
2024-03-18,SMFT3,25.32
2024-03-18,SMTO3,27.38
2024-03-18,SOMA3,7.02
2024-03-18,STBP3,11.79
2024-03-18,SUZB3,61.05
2024-03-18,TAEE11,35.3
2024-03-18,TEND3,11.67
2024-03-18,TIMS3,18.6
2024-03-18,TOTS3,30.07
2024-03-18,TRPL4,24.62
2024-03-18,UGPA3,28.39
2024-03-18,USIM5,9.93
2024-03-18,VALE3,60.9
2024-03-18,VAMO3,8.38
2024-03-18,VBBR3,25.26
2024-03-18,VIVA3,26.41
2024-03-18,VIVT3,51.68
2024-03-18,WEGE3,38.0
2024-03-18,YDUQ3,18.41
2024-03-19,ABEV3,12.54
2024-03-19,ALOS3,24.36
2024-03-19,ALPA4,9.15
2024-03-19,AMER3,0.52
2024-03-19,ARZZ3,59.6
2024-03-19,ASAI3,14.73
2024-03-19,AURE3,11.91
2024-03-19,AZUL4,13.79
2024-03-19,B3SA3,12.31
2024-03-19,BBAS3,55.83
2024-03-19,BBDC3,12.63
2024-03-19,BBDC4,14.12
2024-03-19,BBSE3,32.89
2024-03-19,BEEF3,7.06
2024-03-19,BHIA3,7.56
2024-03-19,BPAC11,36.4
2024-03-19,BPAN4,8.83
2024-03-19,BRAP4,20.34
2024-03-19,BRFS3,16.76
2024-03-19,BRKM5,23.13
2024-03-19,CASH3,7.74
2024-03-19,CCRO3,14.0
2024-03-19,CEAB3,9.1
2024-03-19,CIEL3,5.2
2024-03-19,CMIG4,11.55
2024-03-19,CMIN3,5.68
2024-03-19,COGN3,2.6
2024-03-19,CPFE3,33.75
2024-03-19,CPLE3,8.92
2024-03-19,CPLE6,9.86
2024-03-19,CRFB3,12.82
2024-03-19,CSAN3,16.52
2024-03-19,CSMG3,20.2
2024-03-19,CSNA3,15.99
2024-03-19,CURY3,20.29
2024-03-19,CVCB3,3.39
2024-03-19,CXSE3,16.46
2024-03-19,CYRE3,23.96
2024-03-19,DIRR3,24.61
2024-03-19,DXCO3,8.36
2024-03-19,ECOR3,8.88
2024-03-19,EGIE3,40.33
2024-03-19,ELET3,41.91
2024-03-19,ELET6,46.67
2024-03-19,EMBR3,31.57
2024-03-19,ENEV3,12.8
2024-03-19,ENGI11,48.0
2024-03-19,EQTL3,33.41
2024-03-19,EZTC3,16.66
2024-03-19,FLRY3,15.07
2024-03-19,GGBR4,21.66
2024-03-19,GOAU4,10.05
2024-03-19,GOLL4,1.68
2024-03-19,HAPV3,3.83
2024-03-19,HYPE3,33.3
2024-03-19,IGTI11,23.58
2024-03-19,IRBR3,39.35
2024-03-19,ITSA4,10.59
2024-03-19,ITUB4,34.73
2024-03-19,JBSS3,23.19
2024-03-19,JHSF3,4.26
2024-03-19,KLBN11,24.43
2024-03-19,LOGG3,22.37
2024-03-19,LREN3,15.61
2024-03-19,LWSA3,5.88
2024-03-19,MGLU3,1.97
2024-03-19,MRFG3,9.98
2024-03-19,MRVE3,7.68
2024-03-19,MULT3,26.18
2024-03-19,NTCO3,18.5
2024-03-19,PCAR3,3.02
2024-03-19,PETR3,36.57
2024-03-19,PETR4,36.07
2024-03-19,PETZ3,4.62
2024-03-19,POMO4,7.51
2024-03-19,PRIO3,49.21
2024-03-19,PSSA3,31.37
2024-03-19,QUAL3,2.37
2024-03-19,RADL3,27.76
2024-03-19,RAIL3,22.02
2024-03-19,RAIZ4,3.53
2024-03-19,RDOR3,26.16
2024-03-19,RECV3,23.4
2024-03-19,RENT3,53.25
2024-03-19,RRRP3,30.08
2024-03-19,SANB11,28.26
2024-03-19,SBSP3,77.38
2024-03-19,SLCE3,19.19
2024-03-19,SMFT3,25.38
2024-03-19,SMTO3,28.22
2024-03-19,SOMA3,7.0
2024-03-19,STBP3,11.82
2024-03-19,SUZB3,62.85
2024-03-19,TAEE11,35.71
2024-03-19,TEND3,12.05
2024-03-19,TIMS3,18.3
2024-03-19,TOTS3,30.1
2024-03-19,TRPL4,24.8
2024-03-19,UGPA3,28.39
2024-03-19,USIM5,10.17
2024-03-19,VALE3,61.4
2024-03-19,VAMO3,8.29
2024-03-19,VBBR3,25.0
2024-03-19,VIVA3,25.32
2024-03-19,VIVT3,51.19
2024-03-19,WEGE3,38.76
2024-03-19,YDUQ3,18.87
2024-03-20,ABEV3,12.54
2024-03-20,ALOS3,24.87
2024-03-20,ALPA4,9.5
2024-03-20,AMER3,0.55
2024-03-20,ARZZ3,63.12
2024-03-20,ASAI3,14.93
2024-03-20,AURE3,12.02
2024-03-20,AZUL4,14.4
2024-03-20,B3SA3,12.75
2024-03-20,BBAS3,56.43
2024-03-20,BBDC3,12.88
2024-03-20,BBDC4,14.3
2024-03-20,BBSE3,32.86
2024-03-20,BEEF3,7.19
2024-03-20,BHIA3,8.06
2024-03-20,BPAC11,37.3
2024-03-20,BPAN4,9.16
2024-03-20,BRAP4,20.59
2024-03-20,BRFS3,16.82
2024-03-20,BRKM5,26.76
2024-03-20,CASH3,7.7
2024-03-20,CCRO3,14.3
2024-03-20,CEAB3,9.95
2024-03-20,CIEL3,5.18
2024-03-20,CMIG4,11.9
2024-03-20,CMIN3,5.64
2024-03-20,COGN3,2.69
2024-03-20,CPFE3,34.21
2024-03-20,CPLE3,9.04
2024-03-20,CPLE6,9.96
2024-03-20,CRFB3,13.43
2024-03-20,CSAN3,16.84
2024-03-20,CSMG3,20.62
2024-03-20,CSNA3,16.31
2024-03-20,CURY3,20.7
2024-03-20,CVCB3,3.57
2024-03-20,CXSE3,16.73
2024-03-20,CYRE3,24.84
2024-03-20,DIRR3,24.97
2024-03-20,DXCO3,8.34
2024-03-20,ECOR3,9.01
2024-03-20,EGIE3,40.72
2024-03-20,ELET3,42.47
2024-03-20,ELET6,47.42
2024-03-20,EMBR3,31.68
2024-03-20,ENEV3,12.94
2024-03-20,ENGI11,48.59
2024-03-20,EQTL3,33.86
2024-03-20,EZTC3,17.35
2024-03-20,FLRY3,15.18
2024-03-20,GGBR4,21.85
2024-03-20,GOAU4,10.19
2024-03-20,GOLL4,1.76
2024-03-20,HAPV3,3.97
2024-03-20,HYPE3,34.8
2024-03-20,IGTI11,24.29
2024-03-20,IRBR3,40.0
2024-03-20,ITSA4,10.73
2024-03-20,ITUB4,34.8
2024-03-20,JBSS3,23.23
2024-03-20,JHSF3,4.34
2024-03-20,KLBN11,24.76
2024-03-20,LOGG3,23.11
2024-03-20,LREN3,16.19
2024-03-20,LWSA3,5.94
2024-03-20,MGLU3,2.05
2024-03-20,MRFG3,10.03
2024-03-20,MRVE3,7.98
2024-03-20,MULT3,26.78
2024-03-20,NTCO3,18.28
2024-03-20,PCAR3,3.17
2024-03-20,PETR3,37.33
2024-03-20,PETR4,36.7
2024-03-20,PETZ3,4.99
2024-03-20,POMO4,7.63
2024-03-20,PRIO3,47.45
2024-03-20,PSSA3,31.6
2024-03-20,QUAL3,2.51
2024-03-20,RADL3,28.2
2024-03-20,RAIL3,22.1
2024-03-20,RAIZ4,3.61
2024-03-20,RDOR3,26.92
2024-03-20,RECV3,23.13
2024-03-20,RENT3,54.7
2024-03-20,RRRP3,30.36
2024-03-20,SANB11,28.61
2024-03-20,SBSP3,78.45
2024-03-20,SLCE3,19.33
2024-03-20,SMFT3,26.66
2024-03-20,SMTO3,28.34
2024-03-20,SOMA3,7.51
2024-03-20,STBP3,11.79
2024-03-20,SUZB3,62.06
2024-03-20,TAEE11,35.95
2024-03-20,TEND3,13.06
2024-03-20,TIMS3,18.2
2024-03-20,TOTS3,30.67
2024-03-20,TRPL4,24.88
2024-03-20,UGPA3,28.62
2024-03-20,USIM5,10.38
2024-03-20,VALE3,61.81
2024-03-20,VAMO3,8.88
2024-03-20,VBBR3,25.0
2024-03-20,VIVA3,26.76
2024-03-20,VIVT3,51.27
2024-03-20,WEGE3,38.83
2024-03-20,YDUQ3,19.3
2024-03-21,ABEV3,12.61
2024-03-21,ALOS3,24.63
2024-03-21,ALPA4,9.26
2024-03-21,AMER3,0.56
2024-03-21,ARZZ3,62.65
2024-03-21,ASAI3,14.82
2024-03-21,AURE3,12.03
2024-03-21,AZUL4,14.27
2024-03-21,B3SA3,12.4
2024-03-21,BBAS3,55.64
2024-03-21,BBDC3,12.76
2024-03-21,BBDC4,14.14
2024-03-21,BBSE3,32.11
2024-03-21,BEEF3,7.16
2024-03-21,BHIA3,7.81
2024-03-21,BPAC11,37.27
2024-03-21,BPAN4,9.46
2024-03-21,BRAP4,20.58
2024-03-21,BRFS3,16.67
2024-03-21,BRKM5,26.83
2024-03-21,CASH3,7.76
2024-03-21,CCRO3,14.26
2024-03-21,CEAB3,9.7
2024-03-21,CIEL3,5.15
2024-03-21,CMIG4,12.06
2024-03-21,CMIN3,5.64
2024-03-21,COGN3,2.37
2024-03-21,CPFE3,34.41
2024-03-21,CPLE3,9.06
2024-03-21,CPLE6,10.07
2024-03-21,CRFB3,13.45
2024-03-21,CSAN3,16.69
2024-03-21,CSMG3,20.79
2024-03-21,CSNA3,16.29
2024-03-21,CURY3,20.65
2024-03-21,CVCB3,3.39
2024-03-21,CXSE3,16.65
2024-03-21,CYRE3,24.62
2024-03-21,DIRR3,24.95
2024-03-21,DXCO3,8.29
2024-03-21,ECOR3,8.98
2024-03-21,EGIE3,40.86
2024-03-21,ELET3,42.52
2024-03-21,ELET6,47.41
2024-03-21,EMBR3,30.9
2024-03-21,ENEV3,12.77
2024-03-21,ENGI11,48.45
2024-03-21,EQTL3,33.98
2024-03-21,EZTC3,17.0
2024-03-21,FLRY3,15.2
2024-03-21,GGBR4,22.05
2024-03-21,GOAU4,10.23
2024-03-21,GOLL4,1.72
2024-03-21,HAPV3,3.9
2024-03-21,HYPE3,34.8
2024-03-21,IGTI11,24.29
2024-03-21,IRBR3,39.94
2024-03-21,ITSA4,10.58
2024-03-21,ITUB4,34.44
2024-03-21,JBSS3,23.19
2024-03-21,JHSF3,4.27
2024-03-21,KLBN11,24.81
2024-03-21,LOGG3,23.03
2024-03-21,LREN3,15.88
2024-03-21,LWSA3,6.05
2024-03-21,MGLU3,1.99
2024-03-21,MRFG3,10.3
2024-03-21,MRVE3,7.86
2024-03-21,MULT3,26.6
2024-03-21,NTCO3,18.38
2024-03-21,PCAR3,3.08
2024-03-21,PETR3,36.57
2024-03-21,PETR4,35.7
2024-03-21,PETZ3,4.86
2024-03-21,POMO4,7.78
2024-03-21,PRIO3,47.1
2024-03-21,PSSA3,31.32
2024-03-21,QUAL3,2.48
2024-03-21,RADL3,27.91
2024-03-21,RAIL3,22.2
2024-03-21,RAIZ4,3.52
2024-03-21,RDOR3,27.17
2024-03-21,RECV3,22.7
2024-03-21,RENT3,53.83
2024-03-21,RRRP3,30.43
2024-03-21,SANB11,28.26
2024-03-21,SBSP3,78.74
2024-03-21,SLCE3,19.65
2024-03-21,SMFT3,27.02
2024-03-21,SMTO3,28.89
2024-03-21,SOMA3,7.41
2024-03-21,STBP3,12.64
2024-03-21,SUZB3,62.04
2024-03-21,TAEE11,36.07
2024-03-21,TEND3,13.07
2024-03-21,TIMS3,18.24
2024-03-21,TOTS3,31.0
2024-03-21,TRPL4,25.26
2024-03-21,UGPA3,28.26
2024-03-21,USIM5,10.33
2024-03-21,VALE3,61.66
2024-03-21,VAMO3,8.92
2024-03-21,VBBR3,25.27
2024-03-21,VIVA3,24.65
2024-03-21,VIVT3,51.29
2024-03-21,WEGE3,39.43
2024-03-21,YDUQ3,18.77
2024-03-22,ABEV3,12.41
2024-03-22,ALOS3,24.08
2024-03-22,ALPA4,9.4
2024-03-22,AMER3,0.53
2024-03-22,ARZZ3,60.64
2024-03-22,ASAI3,14.37
2024-03-22,AURE3,11.95
2024-03-22,AZUL4,14.06
2024-03-22,B3SA3,12.0
2024-03-22,BBAS3,55.41
2024-03-22,BBDC3,12.52
2024-03-22,BBDC4,13.96
2024-03-22,BBSE3,32.34
2024-03-22,BEEF3,7.1
2024-03-22,BHIA3,6.8
2024-03-22,BPAC11,36.69
2024-03-22,BPAN4,9.38
2024-03-22,BRAP4,20.3
2024-03-22,BRFS3,16.3
2024-03-22,BRKM5,27.3
2024-03-22,CASH3,7.67
2024-03-22,CCRO3,14.05
2024-03-22,CEAB3,9.2
2024-03-22,CIEL3,5.13
2024-03-22,CMIG4,12.35
2024-03-22,CMIN3,5.48
2024-03-22,COGN3,2.45
2024-03-22,CPFE3,34.67
2024-03-22,CPLE3,8.99
2024-03-22,CPLE6,10.05
2024-03-22,CRFB3,13.51
2024-03-22,CSAN3,16.42
2024-03-22,CSMG3,21.25
2024-03-22,CSNA3,15.87
2024-03-22,CURY3,20.34
2024-03-22,CVCB3,3.26
2024-03-22,CXSE3,16.18
2024-03-22,CYRE3,24.22
2024-03-22,DIRR3,24.95
2024-03-22,DXCO3,7.93
2024-03-22,ECOR3,8.68
2024-03-22,EGIE3,40.27
2024-03-22,ELET3,42.06
2024-03-22,ELET6,46.6
2024-03-22,EMBR3,33.35
2024-03-22,ENEV3,12.75
2024-03-22,ENGI11,48.37
2024-03-22,EQTL3,33.42
2024-03-22,EZTC3,16.38
2024-03-22,FLRY3,14.98
2024-03-22,GGBR4,21.61
2024-03-22,GOAU4,10.07
2024-03-22,GOLL4,1.75
2024-03-22,HAPV3,3.88
2024-03-22,HYPE3,34.11
2024-03-22,IGTI11,23.8
2024-03-22,IRBR3,38.71
2024-03-22,ITSA4,10.35
2024-03-22,ITUB4,33.72
2024-03-22,JBSS3,23.05
2024-03-22,JHSF3,4.22
2024-03-22,KLBN11,24.46
2024-03-22,LOGG3,22.81
2024-03-22,LREN3,15.64
2024-03-22,LWSA3,5.83
2024-03-22,MGLU3,1.92
2024-03-22,MRFG3,9.62
2024-03-22,MRVE3,7.7
2024-03-22,MULT3,26.1
2024-03-22,NTCO3,17.82
2024-03-22,PCAR3,3.01
2024-03-22,PETR3,36.86
2024-03-22,PETR4,36.05
2024-03-22,PETZ3,4.94
2024-03-22,POMO4,7.76
2024-03-22,PRIO3,46.69
2024-03-22,PSSA3,30.95
2024-03-22,QUAL3,2.22
2024-03-22,RADL3,27.19
2024-03-22,RAIL3,21.87
2024-03-22,RAIZ4,3.41
2024-03-22,RDOR3,26.4
2024-03-22,RECV3,22.33
2024-03-22,RENT3,52.85
2024-03-22,RRRP3,30.25
2024-03-22,SANB11,28.01
2024-03-22,SBSP3,80.3
2024-03-22,SLCE3,19.74
2024-03-22,SMFT3,26.56
2024-03-22,SMTO3,28.4
2024-03-22,SOMA3,7.18
2024-03-22,STBP3,13.28
2024-03-22,SUZB3,62.15
2024-03-22,TAEE11,36.01
2024-03-22,TEND3,12.45
2024-03-22,TIMS3,18.25
2024-03-22,TOTS3,30.52
2024-03-22,TRPL4,25.38
2024-03-22,UGPA3,27.8
2024-03-22,USIM5,10.15
2024-03-22,VALE3,60.95
2024-03-22,VAMO3,8.55
2024-03-22,VBBR3,24.83
2024-03-22,VIVA3,25.08
2024-03-22,VIVT3,51.71
2024-03-22,WEGE3,39.74
2024-03-22,YDUQ3,18.59
2024-03-25,ABEV3,12.23
2024-03-25,ALOS3,24.02
2024-03-25,ALPA4,9.24
2024-03-25,AMER3,0.54
2024-03-25,ARZZ3,61.41
2024-03-25,ASAI3,14.53
2024-03-25,AURE3,11.85
2024-03-25,AZUL4,14.08
2024-03-25,B3SA3,11.9
2024-03-25,BBAS3,55.63
2024-03-25,BBDC3,12.47
2024-03-25,BBDC4,13.94
2024-03-25,BBSE3,31.95
2024-03-25,BEEF3,7.22
2024-03-25,BHIA3,6.6
2024-03-25,BPAC11,36.92
2024-03-25,BPAN4,9.55
2024-03-25,BRAP4,20.29
2024-03-25,BRFS3,16.28
2024-03-25,BRKM5,26.06
2024-03-25,CASH3,7.48
2024-03-25,CCRO3,13.6
2024-03-25,CEAB3,9.28
2024-03-25,CIEL3,5.22
2024-03-25,CMIG4,12.44
2024-03-25,CMIN3,5.37
2024-03-25,COGN3,2.42
2024-03-25,CPFE3,34.99
2024-03-25,CPLE3,8.81
2024-03-25,CPLE6,9.88
2024-03-25,CRFB3,13.44
2024-03-25,CSAN3,16.2
2024-03-25,CSMG3,21.7
2024-03-25,CSNA3,15.7
2024-03-25,CURY3,19.83
2024-03-25,CVCB3,3.3
2024-03-25,CXSE3,15.93
2024-03-25,CYRE3,24.17
2024-03-25,DIRR3,24.83
2024-03-25,DXCO3,7.75
2024-03-25,ECOR3,8.47
2024-03-25,EGIE3,40.13
2024-03-25,ELET3,42.27
2024-03-25,ELET6,46.81
2024-03-25,EMBR3,33.52
2024-03-25,ENEV3,12.6
2024-03-25,ENGI11,47.73
2024-03-25,EQTL3,33.24
2024-03-25,EZTC3,16.19
2024-03-25,FLRY3,14.99
2024-03-25,GGBR4,21.57
2024-03-25,GOAU4,10.07
2024-03-25,GOLL4,1.73
2024-03-25,HAPV3,3.85
2024-03-25,HYPE3,34.1
2024-03-25,IGTI11,23.66
2024-03-25,IRBR3,38.32
2024-03-25,ITSA4,10.25
2024-03-25,ITUB4,33.72
2024-03-25,JBSS3,22.76
2024-03-25,JHSF3,4.2
2024-03-25,KLBN11,24.17
2024-03-25,LOGG3,22.48
2024-03-25,LREN3,15.69
2024-03-25,LWSA3,5.87
2024-03-25,MGLU3,1.91
2024-03-25,MRFG3,9.72
2024-03-25,MRVE3,7.79
2024-03-25,MULT3,25.94
2024-03-25,NTCO3,18.22
2024-03-25,PCAR3,3.0
2024-03-25,PETR3,37.32
2024-03-25,PETR4,36.6
2024-03-25,PETZ3,4.85
2024-03-25,POMO4,7.61
2024-03-25,PRIO3,47.67
2024-03-25,PSSA3,30.93
2024-03-25,QUAL3,2.14
2024-03-25,RADL3,27.07
2024-03-25,RAIL3,21.84
2024-03-25,RAIZ4,3.36
2024-03-25,RDOR3,26.62
2024-03-25,RECV3,22.97
2024-03-25,RENT3,52.5
2024-03-25,RRRP3,31.3
2024-03-25,SANB11,28.05
2024-03-25,SBSP3,80.96
2024-03-25,SLCE3,19.56
2024-03-25,SMFT3,26.46
2024-03-25,SMTO3,28.33
2024-03-25,SOMA3,7.24
2024-03-25,STBP3,13.05
2024-03-25,SUZB3,61.62
2024-03-25,TAEE11,35.82
2024-03-25,TEND3,12.29
2024-03-25,TIMS3,17.92
2024-03-25,TOTS3,30.24
2024-03-25,TRPL4,24.73
2024-03-25,UGPA3,27.81
2024-03-25,USIM5,9.97
2024-03-25,VALE3,60.82
2024-03-25,VAMO3,8.46
2024-03-25,VBBR3,25.15
2024-03-25,VIVA3,25.56
2024-03-25,VIVT3,50.24
2024-03-25,WEGE3,39.04
2024-03-25,YDUQ3,18.66
2024-03-26,ABEV3,12.41
2024-03-26,ALOS3,24.06
2024-03-26,ALPA4,9.33
2024-03-26,AMER3,0.55
2024-03-26,ARZZ3,62.16
2024-03-26,ASAI3,14.45
2024-03-26,AURE3,11.78
2024-03-26,AZUL4,14.0
2024-03-26,B3SA3,11.9
2024-03-26,BBAS3,55.93
2024-03-26,BBDC3,12.63
2024-03-26,BBDC4,14.14
2024-03-26,BBSE3,32.12
2024-03-26,BEEF3,6.59
2024-03-26,BHIA3,6.0
2024-03-26,BPAC11,37.29
2024-03-26,BPAN4,9.57
2024-03-26,BRAP4,20.12
2024-03-26,BRFS3,15.97
2024-03-26,BRKM5,26.23
2024-03-26,CASH3,7.42
2024-03-26,CCRO3,13.73
2024-03-26,CEAB3,9.27
2024-03-26,CIEL3,5.33
2024-03-26,CMIG4,12.47
2024-03-26,CMIN3,5.25
2024-03-26,COGN3,2.4
2024-03-26,CPFE3,35.15
2024-03-26,CPLE3,8.67
2024-03-26,CPLE6,9.75
2024-03-26,CRFB3,13.52
2024-03-26,CSAN3,16.01
2024-03-26,CSMG3,21.24
2024-03-26,CSNA3,15.54
2024-03-26,CURY3,20.36
2024-03-26,CVCB3,3.24
2024-03-26,CXSE3,15.58
2024-03-26,CYRE3,24.23
2024-03-26,DIRR3,24.97
2024-03-26,DXCO3,7.61
2024-03-26,ECOR3,8.24
2024-03-26,EGIE3,40.07
2024-03-26,ELET3,42.43
2024-03-26,ELET6,46.96
2024-03-26,EMBR3,33.3
2024-03-26,ENEV3,12.7
2024-03-26,ENGI11,47.43
2024-03-26,EQTL3,32.86
2024-03-26,EZTC3,16.04
2024-03-26,FLRY3,14.98
2024-03-26,GGBR4,21.51
2024-03-26,GOAU4,10.06
2024-03-26,GOLL4,1.69
2024-03-26,HAPV3,3.79
2024-03-26,HYPE3,33.33
2024-03-26,IGTI11,23.66
2024-03-26,IRBR3,37.2
2024-03-26,ITSA4,10.39
2024-03-26,ITUB4,34.39
2024-03-26,JBSS3,22.39
2024-03-26,JHSF3,4.3
2024-03-26,KLBN11,24.6
2024-03-26,LOGG3,22.95
2024-03-26,LREN3,15.5
2024-03-26,LWSA3,6.0
2024-03-26,MGLU3,1.78
2024-03-26,MRFG3,9.37
2024-03-26,MRVE3,7.74
2024-03-26,MULT3,26.2
2024-03-26,NTCO3,18.62
2024-03-26,PCAR3,3.07
2024-03-26,PETR3,36.91
2024-03-26,PETR4,36.26
2024-03-26,PETZ3,4.7
2024-03-26,POMO4,7.47
2024-03-26,PRIO3,47.29
2024-03-26,PSSA3,31.15
2024-03-26,QUAL3,2.05
2024-03-26,RADL3,27.18
2024-03-26,RAIL3,22.07
2024-03-26,RAIZ4,3.25
2024-03-26,RDOR3,25.79
2024-03-26,RECV3,22.58
2024-03-26,RENT3,53.93
2024-03-26,RRRP3,31.37
2024-03-26,SANB11,28.13
2024-03-26,SBSP3,82.11
2024-03-26,SLCE3,19.59
2024-03-26,SMFT3,26.34
2024-03-26,SMTO3,29.5
2024-03-26,SOMA3,7.39
2024-03-26,STBP3,13.22
2024-03-26,SUZB3,62.97
2024-03-26,TAEE11,35.92
2024-03-26,TEND3,12.21
2024-03-26,TIMS3,18.02
2024-03-26,TOTS3,28.49
2024-03-26,TRPL4,24.91
2024-03-26,UGPA3,27.41
2024-03-26,USIM5,9.93
2024-03-26,VALE3,60.05
2024-03-26,VAMO3,8.64
2024-03-26,VBBR3,25.1
2024-03-26,VIVA3,24.68
2024-03-26,VIVT3,50.59
2024-03-26,WEGE3,38.78
2024-03-26,YDUQ3,18.02
2024-03-27,ABEV3,12.45
2024-03-27,ALOS3,24.14
2024-03-27,ALPA4,9.43
2024-03-27,AMER3,0.55
2024-03-27,ARZZ3,63.47
2024-03-27,ASAI3,14.88
2024-03-27,AURE3,11.83
2024-03-27,AZUL4,14.12
2024-03-27,B3SA3,12.02
2024-03-27,BBAS3,55.97
2024-03-27,BBDC3,12.81
2024-03-27,BBDC4,14.36
2024-03-27,BBSE3,32.71
2024-03-27,BEEF3,6.71
2024-03-27,BHIA3,6.28
2024-03-27,BPAC11,37.1
2024-03-27,BPAN4,9.86
2024-03-27,BRAP4,20.41
2024-03-27,BRFS3,15.78
2024-03-27,BRKM5,27.42
2024-03-27,CASH3,7.6
2024-03-27,CCRO3,13.94
2024-03-27,CEAB3,10.19
2024-03-27,CIEL3,5.39
2024-03-27,CMIG4,12.6
2024-03-27,CMIN3,5.31
2024-03-27,COGN3,2.38
2024-03-27,CPFE3,35.12
2024-03-27,CPLE3,8.77
2024-03-27,CPLE6,9.8
2024-03-27,CRFB3,13.9
2024-03-27,CSAN3,16.22
2024-03-27,CSMG3,21.66
2024-03-27,CSNA3,15.64
2024-03-27,CURY3,20.41
2024-03-27,CVCB3,3.03
2024-03-27,CXSE3,15.93
2024-03-27,CYRE3,25.1
2024-03-27,DIRR3,25.45
2024-03-27,DXCO3,7.79
2024-03-27,ECOR3,8.26
2024-03-27,EGIE3,40.16
2024-03-27,ELET3,41.87
2024-03-27,ELET6,46.81
2024-03-27,EMBR3,33.15
2024-03-27,ENEV3,12.82
2024-03-27,ENGI11,47.81
2024-03-27,EQTL3,32.84
2024-03-27,EZTC3,16.22
2024-03-27,FLRY3,15.14
2024-03-27,GGBR4,21.97
2024-03-27,GOAU4,10.21
2024-03-27,GOLL4,1.7
2024-03-27,HAPV3,3.76
2024-03-27,HYPE3,33.4
2024-03-27,IGTI11,23.6
2024-03-27,IRBR3,37.66
2024-03-27,ITSA4,10.48
2024-03-27,ITUB4,34.58
2024-03-27,JBSS3,21.9
2024-03-27,JHSF3,4.48
2024-03-27,KLBN11,25.15
2024-03-27,LOGG3,23.12
2024-03-27,LREN3,16.34
2024-03-27,LWSA3,6.01
2024-03-27,MGLU3,1.82
2024-03-27,MRFG3,9.14
2024-03-27,MRVE3,7.78
2024-03-27,MULT3,25.82
2024-03-27,NTCO3,18.2
2024-03-27,PCAR3,3.04
2024-03-27,PETR3,37.36
2024-03-27,PETR4,36.55
2024-03-27,PETZ3,4.47
2024-03-27,POMO4,7.6
2024-03-27,PRIO3,47.08
2024-03-27,PSSA3,31.55
2024-03-27,QUAL3,2.08
2024-03-27,RADL3,27.35
2024-03-27,RAIL3,22.47
2024-03-27,RAIZ4,3.42
2024-03-27,RDOR3,25.69
2024-03-27,RECV3,23.04
2024-03-27,RENT3,53.92
2024-03-27,RRRP3,32.05
2024-03-27,SANB11,28.4
2024-03-27,SBSP3,83.29
2024-03-27,SLCE3,19.67
2024-03-27,SMFT3,26.54
2024-03-27,SMTO3,29.9
2024-03-27,SOMA3,7.5
2024-03-27,STBP3,13.66
2024-03-27,SUZB3,63.8
2024-03-27,TAEE11,36.05
2024-03-27,TEND3,12.31
2024-03-27,TIMS3,17.91
2024-03-27,TOTS3,29.03
2024-03-27,TRPL4,25.14
2024-03-27,UGPA3,28.13
2024-03-27,USIM5,10.04
2024-03-27,VALE3,60.6
2024-03-27,VAMO3,8.26
2024-03-27,VBBR3,25.36
2024-03-27,VIVA3,25.59
2024-03-27,VIVT3,50.39
2024-03-27,WEGE3,38.55
2024-03-27,YDUQ3,17.63
2024-03-28,ABEV3,12.49
2024-03-28,ALOS3,23.92
2024-03-28,ALPA4,9.53
2024-03-28,AMER3,0.65
2024-03-28,ARZZ3,64.27
2024-03-28,ASAI3,14.71
2024-03-28,AURE3,11.9
2024-03-28,AZUL4,13.04
2024-03-28,B3SA3,11.99
2024-03-28,BBAS3,56.62
2024-03-28,BBDC3,12.74
2024-03-28,BBDC4,14.26
2024-03-28,BBSE3,32.52
2024-03-28,BEEF3,6.75
2024-03-28,BHIA3,6.78
2024-03-28,BPAC11,36.43
2024-03-28,BPAN4,9.52
2024-03-28,BRAP4,20.59
2024-03-28,BRFS3,16.32
2024-03-28,BRKM5,26.4
2024-03-28,CASH3,7.68
2024-03-28,CCRO3,13.82
2024-03-28,CEAB3,10.64
2024-03-28,CIEL3,5.4
2024-03-28,CMIG4,12.56
2024-03-28,CMIN3,5.3
2024-03-28,COGN3,2.36
2024-03-28,CPFE3,34.81
2024-03-28,CPLE3,8.65
2024-03-28,CPLE6,9.62
2024-03-28,CRFB3,13.63
2024-03-28,CSAN3,16.2
2024-03-28,CSMG3,21.78
2024-03-28,CSNA3,15.7
2024-03-28,CURY3,20.36
2024-03-28,CVCB3,2.9
2024-03-28,CXSE3,15.62
2024-03-28,CYRE3,24.94
2024-03-28,DIRR3,25.63
2024-03-28,DXCO3,7.68
2024-03-28,ECOR3,8.15
2024-03-28,EGIE3,40.26
2024-03-28,ELET3,41.7
2024-03-28,ELET6,46.63
2024-03-28,EMBR3,33.31
2024-03-28,ENEV3,12.75
2024-03-28,ENGI11,47.87
2024-03-28,EQTL3,32.55
2024-03-28,EZTC3,16.3
2024-03-28,FLRY3,15.0
2024-03-28,GGBR4,22.2
2024-03-28,GOAU4,10.29
2024-03-28,GOLL4,1.68
2024-03-28,HAPV3,3.7
2024-03-28,HYPE3,32.93
2024-03-28,IGTI11,23.31
2024-03-28,IRBR3,37.35
2024-03-28,ITSA4,10.5
2024-03-28,ITUB4,34.64
2024-03-28,JBSS3,21.5
2024-03-28,JHSF3,4.88
2024-03-28,KLBN11,25.26
2024-03-28,LOGG3,22.84
2024-03-28,LREN3,16.98
2024-03-28,LWSA3,5.84
2024-03-28,MGLU3,1.8
2024-03-28,MRFG3,10.31
2024-03-28,MRVE3,7.79
2024-03-28,MULT3,25.59
2024-03-28,NTCO3,17.88
2024-03-28,PCAR3,2.96
2024-03-28,PETR3,38.28
2024-03-28,PETR4,37.36
2024-03-28,PETZ3,4.35
2024-03-28,POMO4,7.54
2024-03-28,PRIO3,48.74
2024-03-28,PSSA3,31.28
2024-03-28,QUAL3,2.04
2024-03-28,RADL3,27.37
2024-03-28,RAIL3,22.26
2024-03-28,RAIZ4,3.54
2024-03-28,RDOR3,25.31
2024-03-28,RECV3,23.55
2024-03-28,RENT3,54.68
2024-03-28,RRRP3,32.99
2024-03-28,SANB11,28.52
2024-03-28,SBSP3,84.7
2024-03-28,SLCE3,19.78
2024-03-28,SMFT3,26.0
2024-03-28,SMTO3,31.03
2024-03-28,SOMA3,7.61
2024-03-28,STBP3,13.32
2024-03-28,SUZB3,63.98
2024-03-28,TAEE11,36.31
2024-03-28,TEND3,12.83
2024-03-28,TIMS3,17.8
2024-03-28,TOTS3,28.38
2024-03-28,TRPL4,24.82
2024-03-28,UGPA3,28.47
2024-03-28,USIM5,10.01
2024-03-28,VALE3,60.83
2024-03-28,VAMO3,8.35
2024-03-28,VBBR3,25.01
2024-03-28,VIVA3,25.4
2024-03-28,VIVT3,50.6
2024-03-28,WEGE3,38.2
2024-03-28,YDUQ3,18.11
2024-04-01,ABEV3,12.33
2024-04-01,ALOS3,23.68
2024-04-01,ALPA4,9.3
2024-04-01,AMER3,0.61
2024-04-01,ARZZ3,62.35
2024-04-01,ASAI3,14.18
2024-04-01,AURE3,11.95
2024-04-01,AZUL4,12.97
2024-04-01,B3SA3,11.77
2024-04-01,BBAS3,56.08
2024-04-01,BBDC3,12.57
2024-04-01,BBDC4,14.13
2024-04-01,BBSE3,32.68
2024-04-01,BEEF3,6.85
2024-04-01,BHIA3,6.94
2024-04-01,BPAC11,35.51
2024-04-01,BPAN4,9.44
2024-04-01,BRAP4,20.76
2024-04-01,BRFS3,16.0
2024-04-01,BRKM5,26.3
2024-04-01,CASH3,7.7
2024-04-01,CCRO3,13.65
2024-04-01,CEAB3,10.78
2024-04-01,CIEL3,5.42
2024-04-01,CMIG4,12.69
2024-04-01,CMIN3,5.31
2024-04-01,COGN3,2.36
2024-04-01,CPFE3,34.62
2024-04-01,CPLE3,8.48
2024-04-01,CPLE6,9.55
2024-04-01,CRFB3,13.43
2024-04-01,CSAN3,15.74
2024-04-01,CSMG3,21.5
2024-04-01,CSNA3,15.72
2024-04-01,CURY3,20.25
2024-04-01,CVCB3,2.73
2024-04-01,CXSE3,15.35
2024-04-01,CYRE3,24.45
2024-04-01,DIRR3,25.52
2024-04-01,DXCO3,7.53
2024-04-01,ECOR3,7.95
2024-04-01,EGIE3,39.45
2024-04-01,ELET3,40.91
2024-04-01,ELET6,46.0
2024-04-01,EMBR3,32.39
2024-04-01,ENEV3,12.69
2024-04-01,ENGI11,47.23
2024-04-01,EQTL3,31.97
2024-04-01,EZTC3,16.47
2024-04-01,FLRY3,14.88
2024-04-01,GGBR4,22.3
2024-04-01,GOAU4,10.35
2024-04-01,GOLL4,1.56
2024-04-01,HAPV3,3.94
2024-04-01,HYPE3,32.31
2024-04-01,IGTI11,22.88
2024-04-01,IRBR3,38.26
2024-04-01,ITSA4,10.22
2024-04-01,ITUB4,33.44
2024-04-01,JBSS3,20.86
2024-04-01,JHSF3,4.61
2024-04-01,KLBN11,25.07
2024-04-01,LOGG3,21.97
2024-04-01,LREN3,16.84
2024-04-01,LWSA3,5.47
2024-04-01,MGLU3,1.78
2024-04-01,MRFG3,10.31
2024-04-01,MRVE3,7.63
2024-04-01,MULT3,25.33
2024-04-01,NTCO3,17.39
2024-04-01,PCAR3,2.85
2024-04-01,PETR3,38.56
2024-04-01,PETR4,37.65
2024-04-01,PETZ3,4.13
2024-04-01,POMO4,7.52
2024-04-01,PRIO3,48.39
2024-04-01,PSSA3,30.86
2024-04-01,QUAL3,1.84
2024-04-01,RADL3,26.8
2024-04-01,RAIL3,22.05
2024-04-01,RAIZ4,3.36
2024-04-01,RDOR3,25.28
2024-04-01,RECV3,23.16
2024-04-01,RENT3,52.65
2024-04-01,RRRP3,33.1
2024-04-01,SANB11,28.15
2024-04-01,SBSP3,83.9
2024-04-01,SLCE3,20.0
2024-04-01,SMFT3,25.82
2024-04-01,SMTO3,30.37
2024-04-01,SOMA3,7.43
2024-04-01,STBP3,13.07
2024-04-01,SUZB3,64.89
2024-04-01,TAEE11,36.34
2024-04-01,TEND3,12.34
2024-04-01,TIMS3,17.81
2024-04-01,TOTS3,28.13
2024-04-01,TRPL4,24.89
2024-04-01,UGPA3,28.13
2024-04-01,USIM5,10.09
2024-04-01,VALE3,61.22
2024-04-01,VAMO3,8.28
2024-04-01,VBBR3,25.2
2024-04-01,VIVA3,25.0
2024-04-01,VIVT3,50.81
2024-04-01,WEGE3,37.99
2024-04-01,YDUQ3,17.98
2024-04-02,ABEV3,12.27
2024-04-02,ALOS3,23.69
2024-04-02,ALPA4,9.35
2024-04-02,AMER3,0.59
2024-04-02,ARZZ3,62.62
2024-04-02,ASAI3,14.02
2024-04-02,AURE3,12.03
2024-04-02,AZUL4,12.6
2024-04-02,B3SA3,11.73
2024-04-02,BBAS3,56.17
2024-04-02,BBDC3,12.63
2024-04-02,BBDC4,14.19
2024-04-02,BBSE3,32.67
2024-04-02,BEEF3,6.87
2024-04-02,BHIA3,6.96
2024-04-02,BPAC11,35.48
2024-04-02,BPAN4,9.37
2024-04-02,BRAP4,20.93
2024-04-02,BRFS3,15.97
2024-04-02,BRKM5,26.04
2024-04-02,CASH3,5.24
2024-04-02,CCRO3,13.65
2024-04-02,CEAB3,10.72
2024-04-02,CIEL3,5.44
2024-04-02,CMIG4,12.68
2024-04-02,CMIN3,5.28
2024-04-02,COGN3,2.35
2024-04-02,CPFE3,34.99
2024-04-02,CPLE3,8.56
2024-04-02,CPLE6,9.58
2024-04-02,CRFB3,13.15
2024-04-02,CSAN3,15.45
2024-04-02,CSMG3,21.3
2024-04-02,CSNA3,15.33
2024-04-02,CURY3,20.62
2024-04-02,CVCB3,2.69
2024-04-02,CXSE3,15.26
2024-04-02,CYRE3,23.87
2024-04-02,DIRR3,25.44
2024-04-02,DXCO3,7.55
2024-04-02,ECOR3,7.84
2024-04-02,EGIE3,40.54
2024-04-02,ELET3,40.76
2024-04-02,ELET6,45.84
2024-04-02,EMBR3,32.75
2024-04-02,ENEV3,12.67
2024-04-02,ENGI11,47.84
2024-04-02,EQTL3,32.25
2024-04-02,EZTC3,16.23
2024-04-02,FLRY3,14.86
2024-04-02,GGBR4,22.47
2024-04-02,GOAU4,10.5
2024-04-02,GOLL4,1.53
2024-04-02,HAPV3,3.89
2024-04-02,HYPE3,32.0
2024-04-02,IGTI11,22.94
2024-04-02,IRBR3,38.15
2024-04-02,ITSA4,10.18
2024-04-02,ITUB4,33.48
2024-04-02,JBSS3,20.86
2024-04-02,JHSF3,4.71
2024-04-02,KLBN11,25.09
2024-04-02,LOGG3,22.07
2024-04-02,LREN3,17.48
2024-04-02,LWSA3,5.38
2024-04-02,MGLU3,1.74
2024-04-02,MRFG3,10.17
2024-04-02,MRVE3,7.64
2024-04-02,MULT3,25.25
2024-04-02,NTCO3,17.24
2024-04-02,PCAR3,2.88
2024-04-02,PETR3,39.61
2024-04-02,PETR4,38.62
2024-04-02,PETZ3,4.08
2024-04-02,POMO4,7.58
2024-04-02,PRIO3,49.05
2024-04-02,PSSA3,31.2
2024-04-02,QUAL3,1.77
2024-04-02,RADL3,26.59
2024-04-02,RAIL3,22.52
2024-04-02,RAIZ4,3.34
2024-04-02,RDOR3,25.09
2024-04-02,RECV3,21.07
2024-04-02,RENT3,52.44
2024-04-02,RRRP3,33.34
2024-04-02,SANB11,28.15
2024-04-02,SBSP3,82.04
2024-04-02,SLCE3,19.82
2024-04-02,SMFT3,26.25
2024-04-02,SMTO3,30.35
2024-04-02,SOMA3,7.44
2024-04-02,STBP3,13.19
2024-04-02,SUZB3,65.23
2024-04-02,TAEE11,36.15
2024-04-02,TEND3,12.83
2024-04-02,TIMS3,17.8
2024-04-02,TOTS3,27.85
2024-04-02,TRPL4,25.01
2024-04-02,UGPA3,28.06
2024-04-02,USIM5,10.24
2024-04-02,VALE3,61.94
2024-04-02,VAMO3,8.06
2024-04-02,VBBR3,25.39
2024-04-02,VIVA3,24.89
2024-04-02,VIVT3,50.47
2024-04-02,WEGE3,38.17
2024-04-02,YDUQ3,17.55
2024-04-03,ABEV3,12.45
2024-04-03,ALOS3,23.83
2024-04-03,ALPA4,9.38
2024-04-03,AMER3,0.57
2024-04-03,ARZZ3,58.75
2024-04-03,ASAI3,14.0
2024-04-03,AURE3,12.07
2024-04-03,AZUL4,12.55
2024-04-03,B3SA3,11.7
2024-04-03,BBAS3,56.39
2024-04-03,BBDC3,12.92
2024-04-03,BBDC4,14.47
2024-04-03,BBSE3,32.44
2024-04-03,BEEF3,6.76
2024-04-03,BHIA3,7.09
2024-04-03,BPAC11,35.47
2024-04-03,BPAN4,9.29
2024-04-03,BRAP4,20.84
2024-04-03,BRFS3,16.02
2024-04-03,BRKM5,26.11
2024-04-03,CASH3,4.65
2024-04-03,CCRO3,13.65
2024-04-03,CEAB3,11.16
2024-04-03,CIEL3,5.47
2024-04-03,CMIG4,12.73
2024-04-03,CMIN3,5.2
2024-04-03,COGN3,2.22
2024-04-03,CPFE3,35.81
2024-04-03,CPLE3,8.67
2024-04-03,CPLE6,9.68
2024-04-03,CRFB3,13.46
2024-04-03,CSAN3,15.57
2024-04-03,CSMG3,21.63
2024-04-03,CSNA3,15.34
2024-04-03,CURY3,20.57
2024-04-03,CVCB3,2.7
2024-04-03,CXSE3,15.35
2024-04-03,CYRE3,23.83
2024-04-03,DIRR3,24.88
2024-04-03,DXCO3,7.48
2024-04-03,ECOR3,7.83
2024-04-03,EGIE3,40.72
2024-04-03,ELET3,40.89
2024-04-03,ELET6,45.73
2024-04-03,EMBR3,33.1
2024-04-03,ENEV3,12.64
2024-04-03,ENGI11,48.06
2024-04-03,EQTL3,32.3
2024-04-03,EZTC3,15.4
2024-04-03,FLRY3,14.81
2024-04-03,GGBR4,22.67
2024-04-03,GOAU4,10.55
2024-04-03,GOLL4,1.52
2024-04-03,HAPV3,3.9
2024-04-03,HYPE3,31.57
2024-04-03,IGTI11,22.8
2024-04-03,IRBR3,37.12
2024-04-03,ITSA4,10.18
2024-04-03,ITUB4,33.23
2024-04-03,JBSS3,20.99
2024-04-03,JHSF3,4.73
2024-04-03,KLBN11,24.69
2024-04-03,LOGG3,21.85
2024-04-03,LREN3,17.03
2024-04-03,LWSA3,5.27
2024-04-03,MGLU3,1.69
2024-04-03,MRFG3,10.14
2024-04-03,MRVE3,7.37
2024-04-03,MULT3,25.04
2024-04-03,NTCO3,17.85
2024-04-03,PCAR3,2.81
2024-04-03,PETR3,39.3
2024-04-03,PETR4,38.42
2024-04-03,PETZ3,4.11
2024-04-03,POMO4,7.56
2024-04-03,PRIO3,49.39
2024-04-03,PSSA3,31.39
2024-04-03,QUAL3,1.67
2024-04-03,RADL3,26.5
2024-04-03,RAIL3,22.3
2024-04-03,RAIZ4,3.36
2024-04-03,RDOR3,25.58
2024-04-03,RECV3,22.04
2024-04-03,RENT3,51.85
2024-04-03,RRRP3,34.6
2024-04-03,SANB11,28.02
2024-04-03,SBSP3,83.48
2024-04-03,SLCE3,19.8
2024-04-03,SMFT3,26.05
2024-04-03,SMTO3,30.7
2024-04-03,SOMA3,6.93
2024-04-03,STBP3,13.51
2024-04-03,SUZB3,64.6
2024-04-03,TAEE11,36.42
2024-04-03,TEND3,12.41
2024-04-03,TIMS3,18.03
2024-04-03,TOTS3,27.83
2024-04-03,TRPL4,25.34
2024-04-03,UGPA3,28.25
2024-04-03,USIM5,10.17
2024-04-03,VALE3,61.05
2024-04-03,VAMO3,8.03
2024-04-03,VBBR3,24.67
2024-04-03,VIVA3,24.24
2024-04-03,VIVT3,51.09
2024-04-03,WEGE3,37.89
2024-04-03,YDUQ3,16.84
2024-04-04,ABEV3,12.47
2024-04-04,ALOS3,23.88
2024-04-04,ALPA4,9.74
2024-04-04,AMER3,0.57
2024-04-04,ARZZ3,57.03
2024-04-04,ASAI3,13.82
2024-04-04,AURE3,12.1
2024-04-04,AZUL4,12.9
2024-04-04,B3SA3,11.96
2024-04-04,BBAS3,56.77
2024-04-04,BBDC3,12.95
2024-04-04,BBDC4,14.56
2024-04-04,BBSE3,32.66
2024-04-04,BEEF3,6.71
2024-04-04,BHIA3,6.78
2024-04-04,BPAC11,35.79
2024-04-04,BPAN4,9.27
2024-04-04,BRAP4,20.69
2024-04-04,BRFS3,15.97
2024-04-04,BRKM5,26.21
2024-04-04,CASH3,4.54
2024-04-04,CCRO3,13.76
2024-04-04,CEAB3,11.98
2024-04-04,CIEL3,5.45
2024-04-04,CMIG4,12.94
2024-04-04,CMIN3,5.22
2024-04-04,COGN3,2.25
2024-04-04,CPFE3,35.5
2024-04-04,CPLE3,8.8
2024-04-04,CPLE6,9.86
2024-04-04,CRFB3,13.67
2024-04-04,CSAN3,15.5
2024-04-04,CSMG3,21.23
2024-04-04,CSNA3,15.16
2024-04-04,CURY3,20.29
2024-04-04,CVCB3,2.77
2024-04-04,CXSE3,15.7
2024-04-04,CYRE3,23.4
2024-04-04,DIRR3,24.47
2024-04-04,DXCO3,7.51
2024-04-04,ECOR3,7.91
2024-04-04,EGIE3,40.98
2024-04-04,ELET3,41.09
2024-04-04,ELET6,45.86
2024-04-04,EMBR3,32.58
2024-04-04,ENEV3,12.75
2024-04-04,ENGI11,48.06
2024-04-04,EQTL3,32.38
2024-04-04,EZTC3,15.13
2024-04-04,FLRY3,14.86
2024-04-04,GGBR4,23.07
2024-04-04,GOAU4,10.74
2024-04-04,GOLL4,1.54
2024-04-04,HAPV3,4.01
2024-04-04,HYPE3,31.63
2024-04-04,IGTI11,23.04
2024-04-04,IRBR3,37.41
2024-04-04,ITSA4,10.05
2024-04-04,ITUB4,32.79
2024-04-04,JBSS3,21.43
2024-04-04,JHSF3,4.75
2024-04-04,KLBN11,24.92
2024-04-04,LOGG3,21.78
2024-04-04,LREN3,17.4
2024-04-04,LWSA3,5.2
2024-04-04,MGLU3,1.77
2024-04-04,MRFG3,10.24
2024-04-04,MRVE3,7.38
2024-04-04,MULT3,24.98
2024-04-04,NTCO3,17.79
2024-04-04,PCAR3,2.74
2024-04-04,PETR3,39.12
2024-04-04,PETR4,37.88
2024-04-04,PETZ3,4.06
2024-04-04,POMO4,7.5
2024-04-04,PRIO3,50.05
2024-04-04,PSSA3,31.5
2024-04-04,QUAL3,1.65
2024-04-04,RADL3,26.49
2024-04-04,RAIL3,22.42
2024-04-04,RAIZ4,3.36
2024-04-04,RDOR3,26.08
2024-04-04,RECV3,21.99
2024-04-04,RENT3,53.41
2024-04-04,RRRP3,34.81
2024-04-04,SANB11,28.71
2024-04-04,SBSP3,84.35
2024-04-04,SLCE3,19.46
2024-04-04,SMFT3,26.14
2024-04-04,SMTO3,30.83
2024-04-04,SOMA3,6.77
2024-04-04,STBP3,13.41
2024-04-04,SUZB3,63.88
2024-04-04,TAEE11,36.37
2024-04-04,TEND3,12.42
2024-04-04,TIMS3,18.6
2024-04-04,TOTS3,28.25
2024-04-04,TRPL4,25.65
2024-04-04,UGPA3,28.25
2024-04-04,USIM5,10.18
2024-04-04,VALE3,60.37
2024-04-04,VAMO3,8.09
2024-04-04,VBBR3,25.01
2024-04-04,VIVA3,24.49
2024-04-04,VIVT3,51.75
2024-04-04,WEGE3,38.1
2024-04-04,YDUQ3,16.71
2024-04-05,ABEV3,12.23
2024-04-05,ALOS3,23.82
2024-04-05,ALPA4,9.59
2024-04-05,AMER3,0.56
2024-04-05,ARZZ3,56.58
2024-04-05,ASAI3,13.73
2024-04-05,AURE3,12.02
2024-04-05,AZUL4,12.96
2024-04-05,B3SA3,12.0
2024-04-05,BBAS3,57.01
2024-04-05,BBDC3,12.89
2024-04-05,BBDC4,14.52
2024-04-05,BBSE3,32.96
2024-04-05,BEEF3,6.62
2024-04-05,BHIA3,6.78
2024-04-05,BPAC11,35.4
2024-04-05,BPAN4,9.12
2024-04-05,BRAP4,20.42
2024-04-05,BRFS3,16.17
2024-04-05,BRKM5,25.72
2024-04-05,CASH3,4.58
2024-04-05,CCRO3,13.69
2024-04-05,CEAB3,12.07
2024-04-05,CIEL3,5.44
2024-04-05,CMIG4,12.87
2024-04-05,CMIN3,5.1
2024-04-05,COGN3,2.24
2024-04-05,CPFE3,34.96
2024-04-05,CPLE3,8.71
2024-04-05,CPLE6,9.73
2024-04-05,CRFB3,13.4
2024-04-05,CSAN3,15.27
2024-04-05,CSMG3,21.17
2024-04-05,CSNA3,14.95
2024-04-05,CURY3,20.44
2024-04-05,CVCB3,2.73
2024-04-05,CXSE3,15.64
2024-04-05,CYRE3,23.43
2024-04-05,DIRR3,24.7
2024-04-05,DXCO3,7.35
2024-04-05,ECOR3,7.82
2024-04-05,EGIE3,41.16
2024-04-05,ELET3,41.06
2024-04-05,ELET6,45.82
2024-04-05,EMBR3,32.38
2024-04-05,ENEV3,12.8
2024-04-05,ENGI11,47.55
2024-04-05,EQTL3,31.89
2024-04-05,EZTC3,15.09
2024-04-05,FLRY3,14.7
2024-04-05,GGBR4,22.74
2024-04-05,GOAU4,10.61
2024-04-05,GOLL4,1.56
2024-04-05,HAPV3,3.97
2024-04-05,HYPE3,31.23
2024-04-05,IGTI11,23.0
2024-04-05,IRBR3,42.35
2024-04-05,ITSA4,9.99
2024-04-05,ITUB4,32.73
2024-04-05,JBSS3,21.25
2024-04-05,JHSF3,4.69
2024-04-05,KLBN11,24.68
2024-04-05,LOGG3,21.96
2024-04-05,LREN3,16.94
2024-04-05,LWSA3,5.27
2024-04-05,MGLU3,1.71
2024-04-05,MRFG3,10.26
2024-04-05,MRVE3,7.34
2024-04-05,MULT3,24.89
2024-04-05,NTCO3,17.6
2024-04-05,PCAR3,2.68
2024-04-05,PETR3,39.04
2024-04-05,PETR4,38.1
2024-04-05,PETZ3,3.95
2024-04-05,POMO4,7.45
2024-04-05,PRIO3,50.45
2024-04-05,PSSA3,31.3
2024-04-05,QUAL3,1.57
2024-04-05,RADL3,26.1
2024-04-05,RAIL3,22.45
2024-04-05,RAIZ4,3.34
2024-04-05,RDOR3,25.25
2024-04-05,RECV3,21.05
2024-04-05,RENT3,53.18
2024-04-05,RRRP3,34.4
2024-04-05,SANB11,28.08
2024-04-05,SBSP3,84.16
2024-04-05,SLCE3,19.33
2024-04-05,SMFT3,25.88
2024-04-05,SMTO3,30.18
2024-04-05,SOMA3,6.7
2024-04-05,STBP3,13.19
2024-04-05,SUZB3,62.81
2024-04-05,TAEE11,36.21
2024-04-05,TEND3,12.6
2024-04-05,TIMS3,18.52
2024-04-05,TOTS3,28.26
2024-04-05,TRPL4,25.76
2024-04-05,UGPA3,27.91
2024-04-05,USIM5,9.92
2024-04-05,VALE3,59.71
2024-04-05,VAMO3,8.0
2024-04-05,VBBR3,25.4
2024-04-05,VIVA3,24.52
2024-04-05,VIVT3,51.47
2024-04-05,WEGE3,37.99
2024-04-05,YDUQ3,16.65
2024-04-08,ABEV3,12.17
2024-04-08,ALOS3,24.03
2024-04-08,ALPA4,9.43
2024-04-08,AMER3,0.56
2024-04-08,ARZZ3,56.6
2024-04-08,ASAI3,14.12
2024-04-08,AURE3,12.06
2024-04-08,AZUL4,13.3
2024-04-08,B3SA3,12.13
2024-04-08,BBAS3,57.9
2024-04-08,BBDC3,12.96
2024-04-08,BBDC4,14.62
2024-04-08,BBSE3,33.18
2024-04-08,BEEF3,6.6
2024-04-08,BHIA3,7.05
2024-04-08,BPAC11,36.32
2024-04-08,BPAN4,9.35
2024-04-08,BRAP4,21.22
2024-04-08,BRFS3,16.79
2024-04-08,BRKM5,24.99
2024-04-08,CASH3,4.6
2024-04-08,CCRO3,13.86
2024-04-08,CEAB3,12.36
2024-04-08,CIEL3,5.42
2024-04-08,CMIG4,13.05
2024-04-08,CMIN3,5.34
2024-04-08,COGN3,2.29
2024-04-08,CPFE3,35.51
2024-04-08,CPLE3,8.7
2024-04-08,CPLE6,9.8
2024-04-08,CRFB3,13.67
2024-04-08,CSAN3,15.8
2024-04-08,CSMG3,21.37
2024-04-08,CSNA3,15.34
2024-04-08,CURY3,20.65
2024-04-08,CVCB3,2.67
2024-04-08,CXSE3,15.75
2024-04-08,CYRE3,23.81
2024-04-08,DIRR3,25.0
2024-04-08,DXCO3,7.78
2024-04-08,ECOR3,8.01
2024-04-08,EGIE3,41.9
2024-04-08,ELET3,41.44
2024-04-08,ELET6,46.24
2024-04-08,EMBR3,32.49
2024-04-08,ENEV3,12.94
2024-04-08,ENGI11,48.12
2024-04-08,EQTL3,32.17
2024-04-08,EZTC3,15.41
2024-04-08,FLRY3,14.75
2024-04-08,GGBR4,23.15
2024-04-08,GOAU4,10.83
2024-04-08,GOLL4,1.54
2024-04-08,HAPV3,4.01
2024-04-08,HYPE3,31.15
2024-04-08,IGTI11,23.28
2024-04-08,IRBR3,41.25
2024-04-08,ITSA4,10.1
2024-04-08,ITUB4,33.22
2024-04-08,JBSS3,21.55
2024-04-08,JHSF3,4.78
2024-04-08,KLBN11,24.95
2024-04-08,LOGG3,22.29
2024-04-08,LREN3,17.15
2024-04-08,LWSA3,5.32
2024-04-08,MGLU3,1.78
2024-04-08,MRFG3,10.62
2024-04-08,MRVE3,7.5
2024-04-08,MULT3,25.27
2024-04-08,NTCO3,17.74
2024-04-08,PCAR3,2.61
2024-04-08,PETR3,39.6
2024-04-08,PETR4,38.63
2024-04-08,PETZ3,3.98
2024-04-08,POMO4,7.53
2024-04-08,PRIO3,49.66
2024-04-08,PSSA3,31.31
2024-04-08,QUAL3,1.67
2024-04-08,RADL3,26.39
2024-04-08,RAIL3,22.8
2024-04-08,RAIZ4,3.36
2024-04-08,RDOR3,25.1
2024-04-08,RECV3,21.17
2024-04-08,RENT3,53.9
2024-04-08,RRRP3,34.85
2024-04-08,SANB11,28.24
2024-04-08,SBSP3,84.5
2024-04-08,SLCE3,19.39
2024-04-08,SMFT3,26.23
2024-04-08,SMTO3,31.0
2024-04-08,SOMA3,6.69
2024-04-08,STBP3,13.71
2024-04-08,SUZB3,62.6
2024-04-08,TAEE11,36.2
2024-04-08,TEND3,13.23
2024-04-08,TIMS3,18.54
2024-04-08,TOTS3,28.42
2024-04-08,TRPL4,25.96
2024-04-08,UGPA3,28.59
2024-04-08,USIM5,10.5
2024-04-08,VALE3,62.97
2024-04-08,VAMO3,8.22
2024-04-08,VBBR3,25.65
2024-04-08,VIVA3,24.56
2024-04-08,VIVT3,51.53
2024-04-08,WEGE3,38.2
2024-04-08,YDUQ3,16.84
2024-04-09,ABEV3,12.36
2024-04-09,ALOS3,24.14
2024-04-09,ALPA4,9.53
2024-04-09,AMER3,0.58
2024-04-09,ARZZ3,56.8
2024-04-09,ASAI3,14.66
2024-04-09,AURE3,12.18
2024-04-09,AZUL4,13.71
2024-04-09,B3SA3,12.39
2024-04-09,BBAS3,58.39
2024-04-09,BBDC3,13.1
2024-04-09,BBDC4,14.71
2024-04-09,BBSE3,33.42
2024-04-09,BEEF3,6.56
2024-04-09,BHIA3,7.06
2024-04-09,BPAC11,36.33
2024-04-09,BPAN4,9.42
2024-04-09,BRAP4,21.18
2024-04-09,BRFS3,17.26
2024-04-09,BRKM5,24.86
2024-04-09,CASH3,4.59
2024-04-09,CCRO3,14.11
2024-04-09,CEAB3,12.44
2024-04-09,CIEL3,5.41
2024-04-09,CMIG4,13.31
2024-04-09,CMIN3,5.43
2024-04-09,COGN3,2.35
2024-04-09,CPFE3,36.4
2024-04-09,CPLE3,8.75
2024-04-09,CPLE6,9.82
2024-04-09,CRFB3,13.48
2024-04-09,CSAN3,15.95
2024-04-09,CSMG3,21.74
2024-04-09,CSNA3,15.1
2024-04-09,CURY3,20.65
2024-04-09,CVCB3,2.6
2024-04-09,CXSE3,15.86
2024-04-09,CYRE3,24.38
2024-04-09,DIRR3,25.64
2024-04-09,DXCO3,7.78
2024-04-09,ECOR3,8.22
2024-04-09,EGIE3,42.82
2024-04-09,ELET3,41.59
2024-04-09,ELET6,46.41
2024-04-09,EMBR3,32.55
2024-04-09,ENEV3,13.15
2024-04-09,ENGI11,48.94
2024-04-09,EQTL3,32.7
2024-04-09,EZTC3,15.49
2024-04-09,FLRY3,14.91
2024-04-09,GGBR4,23.0
2024-04-09,GOAU4,10.77
2024-04-09,GOLL4,1.56
2024-04-09,HAPV3,4.07
2024-04-09,HYPE3,31.35
2024-04-09,IGTI11,23.57
2024-04-09,IRBR3,41.55
2024-04-09,ITSA4,10.21
2024-04-09,ITUB4,33.57
2024-04-09,JBSS3,22.41
2024-04-09,JHSF3,4.79
2024-04-09,KLBN11,25.3
2024-04-09,LOGG3,22.63
2024-04-09,LREN3,17.29
2024-04-09,LWSA3,5.47
2024-04-09,MGLU3,1.82
2024-04-09,MRFG3,10.81
2024-04-09,MRVE3,7.4
2024-04-09,MULT3,25.75
2024-04-09,NTCO3,17.85
2024-04-09,PCAR3,2.68
2024-04-09,PETR3,39.8
2024-04-09,PETR4,38.73
2024-04-09,PETZ3,4.04
2024-04-09,POMO4,7.59
2024-04-09,PRIO3,49.84
2024-04-09,PSSA3,31.15
2024-04-09,QUAL3,1.69
2024-04-09,RADL3,26.85
2024-04-09,RAIL3,23.27
2024-04-09,RAIZ4,3.41
2024-04-09,RDOR3,25.43
2024-04-09,RECV3,21.8
2024-04-09,RENT3,55.32
2024-04-09,RRRP3,35.52
2024-04-09,SANB11,28.28
2024-04-09,SBSP3,84.96
2024-04-09,SLCE3,19.63
2024-04-09,SMFT3,26.57
2024-04-09,SMTO3,31.69
2024-04-09,SOMA3,6.73
2024-04-09,STBP3,14.02
2024-04-09,SUZB3,62.29
2024-04-09,TAEE11,36.56
2024-04-09,TEND3,13.86
2024-04-09,TIMS3,18.77
2024-04-09,TOTS3,28.08
2024-04-09,TRPL4,26.55
2024-04-09,UGPA3,28.59
2024-04-09,USIM5,10.65
2024-04-09,VALE3,62.55
2024-04-09,VAMO3,8.67
2024-04-09,VBBR3,26.02
2024-04-09,VIVA3,24.6
2024-04-09,VIVT3,51.85
2024-04-09,WEGE3,38.8
2024-04-09,YDUQ3,16.91
2024-04-10,ABEV3,12.1
2024-04-10,ALOS3,23.44
2024-04-10,ALPA4,9.17
2024-04-10,AMER3,0.56
2024-04-10,ARZZ3,53.95
2024-04-10,ASAI3,14.24
2024-04-10,AURE3,12.02
2024-04-10,AZUL4,12.76
2024-04-10,B3SA3,11.96
2024-04-10,BBAS3,57.6
2024-04-10,BBDC3,12.81
2024-04-10,BBDC4,14.4
2024-04-10,BBSE3,33.07
2024-04-10,BEEF3,6.46
2024-04-10,BHIA3,6.9
2024-04-10,BPAC11,35.0
2024-04-10,BPAN4,9.21
2024-04-10,BRAP4,20.84
2024-04-10,BRFS3,16.88
2024-04-10,BRKM5,24.71
2024-04-10,CASH3,4.56
2024-04-10,CCRO3,13.72
2024-04-10,CEAB3,11.55
2024-04-10,CIEL3,5.39
2024-04-10,CMIG4,13.14
2024-04-10,CMIN3,5.1
2024-04-10,COGN3,2.33
2024-04-10,CPFE3,35.71
2024-04-10,CPLE3,8.52
2024-04-10,CPLE6,9.58
2024-04-10,CRFB3,12.93
2024-04-10,CSAN3,15.56
2024-04-10,CSMG3,21.75
2024-04-10,CSNA3,14.35
2024-04-10,CURY3,20.08
2024-04-10,CVCB3,2.46
2024-04-10,CXSE3,15.82
2024-04-10,CYRE3,23.63
2024-04-10,DIRR3,25.0
2024-04-10,DXCO3,7.57
2024-04-10,ECOR3,7.96
2024-04-10,EGIE3,41.5
2024-04-10,ELET3,40.72
2024-04-10,ELET6,45.65
2024-04-10,EMBR3,32.84
2024-04-10,ENEV3,12.83
2024-04-10,ENGI11,47.26
2024-04-10,EQTL3,32.0
2024-04-10,EZTC3,15.0
2024-04-10,FLRY3,14.7
2024-04-10,GGBR4,22.85
2024-04-10,GOAU4,10.71
2024-04-10,GOLL4,1.49
2024-04-10,HAPV3,3.94
2024-04-10,HYPE3,30.76
2024-04-10,IGTI11,22.85
2024-04-10,IRBR3,40.82
2024-04-10,ITSA4,10.01
2024-04-10,ITUB4,32.86
2024-04-10,JBSS3,22.35
2024-04-10,JHSF3,4.68
2024-04-10,KLBN11,25.2
2024-04-10,LOGG3,22.25
2024-04-10,LREN3,16.37
2024-04-10,LWSA3,5.42
2024-04-10,MGLU3,1.77
2024-04-10,MRFG3,10.44
2024-04-10,MRVE3,7.06
2024-04-10,MULT3,24.98
2024-04-10,NTCO3,17.5
2024-04-10,PCAR3,2.6
2024-04-10,PETR3,41.0
2024-04-10,PETR4,39.59
2024-04-10,PETZ3,3.79
2024-04-10,POMO4,7.59
2024-04-10,PRIO3,50.19
2024-04-10,PSSA3,30.98
2024-04-10,QUAL3,1.58
2024-04-10,RADL3,26.38
2024-04-10,RAIL3,22.7
2024-04-10,RAIZ4,3.28
2024-04-10,RDOR3,24.71
2024-04-10,RECV3,22.17
2024-04-10,RENT3,53.59
2024-04-10,RRRP3,35.35
2024-04-10,SANB11,27.17
2024-04-10,SBSP3,83.8
2024-04-10,SLCE3,19.61
2024-04-10,SMFT3,26.05
2024-04-10,SMTO3,31.3
2024-04-10,SOMA3,6.45
2024-04-10,STBP3,13.72
2024-04-10,SUZB3,61.76
2024-04-10,TAEE11,36.4
2024-04-10,TEND3,13.68
2024-04-10,TIMS3,17.79
2024-04-10,TOTS3,27.73
2024-04-10,TRPL4,26.49
2024-04-10,UGPA3,27.7
2024-04-10,USIM5,10.36
2024-04-10,VALE3,61.6
2024-04-10,VAMO3,8.39
2024-04-10,VBBR3,25.51
2024-04-10,VIVA3,24.07
2024-04-10,VIVT3,51.38
2024-04-10,WEGE3,38.4
2024-04-10,YDUQ3,16.31
2024-04-11,ABEV3,12.2
2024-04-11,ALOS3,23.32
2024-04-11,ALPA4,9.36
2024-04-11,AMER3,0.56
2024-04-11,ARZZ3,53.95
2024-04-11,ASAI3,14.18
2024-04-11,AURE3,11.98
2024-04-11,AZUL4,12.41
2024-04-11,B3SA3,11.98
2024-04-11,BBAS3,57.74
2024-04-11,BBDC3,12.74
2024-04-11,BBDC4,14.39
2024-04-11,BBSE3,33.38
2024-04-11,BEEF3,6.5
2024-04-11,BHIA3,7.01
2024-04-11,BPAC11,34.72
2024-04-11,BPAN4,9.3
2024-04-11,BRAP4,20.83
2024-04-11,BRFS3,16.9
2024-04-11,BRKM5,24.54
2024-04-11,CASH3,4.54
2024-04-11,CCRO3,13.57
2024-04-11,CEAB3,11.46
2024-04-11,CIEL3,5.4
2024-04-11,CMIG4,13.11
2024-04-11,CMIN3,5.08
2024-04-11,COGN3,2.29
2024-04-11,CPFE3,35.29
2024-04-11,CPLE3,8.28
2024-04-11,CPLE6,9.22
2024-04-11,CRFB3,12.6
2024-04-11,CSAN3,15.01
2024-04-11,CSMG3,21.99
2024-04-11,CSNA3,14.32
2024-04-11,CURY3,20.39
2024-04-11,CVCB3,2.36
2024-04-11,CXSE3,16.03
2024-04-11,CYRE3,23.89
2024-04-11,DIRR3,24.83
2024-04-11,DXCO3,7.6
2024-04-11,ECOR3,7.86
2024-04-11,EGIE3,40.86
2024-04-11,ELET3,38.84
2024-04-11,ELET6,43.64
2024-04-11,EMBR3,32.62
2024-04-11,ENEV3,12.7
2024-04-11,ENGI11,47.4
2024-04-11,EQTL3,31.82
2024-04-11,EZTC3,15.28
2024-04-11,FLRY3,14.8
2024-04-11,GGBR4,22.87
2024-04-11,GOAU4,10.75
2024-04-11,GOLL4,1.49
2024-04-11,HAPV3,3.96
2024-04-11,HYPE3,30.12
2024-04-11,IGTI11,22.76
2024-04-11,IRBR3,40.51
2024-04-11,ITSA4,10.01
2024-04-11,ITUB4,32.8
2024-04-11,JBSS3,22.3
2024-04-11,JHSF3,4.57
2024-04-11,KLBN11,25.21
2024-04-11,LOGG3,22.96
2024-04-11,LREN3,16.69
2024-04-11,LWSA3,5.46
2024-04-11,MGLU3,1.73
2024-04-11,MRFG3,10.37
2024-04-11,MRVE3,7.11
2024-04-11,MULT3,25.31
2024-04-11,NTCO3,17.27
2024-04-11,PCAR3,2.6
2024-04-11,PETR3,40.63
2024-04-11,PETR4,39.3
2024-04-11,PETZ3,3.76
2024-04-11,POMO4,7.62
2024-04-11,PRIO3,49.8
2024-04-11,PSSA3,31.0
2024-04-11,QUAL3,1.56
2024-04-11,RADL3,26.35
2024-04-11,RAIL3,22.72
2024-04-11,RAIZ4,3.13
2024-04-11,RDOR3,24.55
2024-04-11,RECV3,21.99
2024-04-11,RENT3,53.28
2024-04-11,RRRP3,36.26
2024-04-11,SANB11,27.35
2024-04-11,SBSP3,82.37
2024-04-11,SLCE3,18.79
2024-04-11,SMFT3,25.83
2024-04-11,SMTO3,30.71
2024-04-11,SOMA3,6.44
2024-04-11,STBP3,13.25
2024-04-11,SUZB3,61.21
2024-04-11,TAEE11,36.6
2024-04-11,TEND3,13.06
2024-04-11,TIMS3,17.46
2024-04-11,TOTS3,27.47
2024-04-11,TRPL4,26.55
2024-04-11,UGPA3,27.78
2024-04-11,USIM5,10.27
2024-04-11,VALE3,61.86
2024-04-11,VAMO3,8.25
2024-04-11,VBBR3,25.45
2024-04-11,VIVA3,23.39
2024-04-11,VIVT3,49.38
2024-04-11,WEGE3,38.24
2024-04-11,YDUQ3,15.73
2024-04-12,ABEV3,12.12
2024-04-12,ALOS3,22.84
2024-04-12,ALPA4,9.25
2024-04-12,AMER3,0.53
2024-04-12,ARZZ3,52.66
2024-04-12,ASAI3,13.98
2024-04-12,AURE3,11.93
2024-04-12,AZUL4,11.16
2024-04-12,B3SA3,11.71
2024-04-12,BBAS3,56.99
2024-04-12,BBDC3,12.55
2024-04-12,BBDC4,14.21
2024-04-12,BBSE3,32.97
2024-04-12,BEEF3,6.41
2024-04-12,BHIA3,6.86
2024-04-12,BPAC11,34.3
2024-04-12,BPAN4,9.36
2024-04-12,BRAP4,20.63
2024-04-12,BRFS3,16.25
2024-04-12,BRKM5,23.77
2024-04-12,CASH3,4.44
2024-04-12,CCRO3,13.31
2024-04-12,CEAB3,11.0
2024-04-12,CIEL3,5.47
2024-04-12,CMIG4,12.85
2024-04-12,CMIN3,5.07
2024-04-12,COGN3,2.19
2024-04-12,CPFE3,35.12
2024-04-12,CPLE3,8.28
2024-04-12,CPLE6,9.22
2024-04-12,CRFB3,12.07
2024-04-12,CSAN3,14.88
2024-04-12,CSMG3,21.1
2024-04-12,CSNA3,14.35
2024-04-12,CURY3,19.61
2024-04-12,CVCB3,2.24
2024-04-12,CXSE3,15.78
2024-04-12,CYRE3,22.72
2024-04-12,DIRR3,23.61
2024-04-12,DXCO3,7.28
2024-04-12,ECOR3,7.64
2024-04-12,EGIE3,40.82
2024-04-12,ELET3,39.02
2024-04-12,ELET6,43.78
2024-04-12,EMBR3,31.76
2024-04-12,ENEV3,12.53
2024-04-12,ENGI11,46.85
2024-04-12,EQTL3,31.64
2024-04-12,EZTC3,14.4
2024-04-12,FLRY3,14.72
2024-04-12,GGBR4,22.31
2024-04-12,GOAU4,10.51
2024-04-12,GOLL4,1.44
2024-04-12,HAPV3,3.88
2024-04-12,HYPE3,30.05
2024-04-12,IGTI11,22.26
2024-04-12,IRBR3,40.14
2024-04-12,ITSA4,9.9
2024-04-12,ITUB4,32.46
2024-04-12,JBSS3,22.1
2024-04-12,JHSF3,4.2
2024-04-12,KLBN11,24.93
2024-04-12,LOGG3,22.27
2024-04-12,LREN3,16.06
2024-04-12,LWSA3,5.21
2024-04-12,MGLU3,1.66
2024-04-12,MRFG3,9.95
2024-04-12,MRVE3,6.67
2024-04-12,MULT3,24.64
2024-04-12,NTCO3,16.92
2024-04-12,PCAR3,2.55
2024-04-12,PETR3,40.3
2024-04-12,PETR4,38.94
2024-04-12,PETZ3,3.66
2024-04-12,POMO4,7.18
2024-04-12,PRIO3,50.86
2024-04-12,PSSA3,30.64
2024-04-12,QUAL3,1.47
2024-04-12,RADL3,26.36
2024-04-12,RAIL3,22.3
2024-04-12,RAIZ4,3.1
2024-04-12,RDOR3,24.54
2024-04-12,RECV3,21.52
2024-04-12,RENT3,51.85
2024-04-12,RRRP3,35.05
2024-04-12,SANB11,27.05
2024-04-12,SBSP3,80.85
2024-04-12,SLCE3,18.5
2024-04-12,SMFT3,24.9
2024-04-12,SMTO3,29.01
2024-04-12,SOMA3,6.29
2024-04-12,STBP3,12.71
2024-04-12,SUZB3,61.2
2024-04-12,TAEE11,35.69
2024-04-12,TEND3,12.1
2024-04-12,TIMS3,17.27
2024-04-12,TOTS3,27.38
2024-04-12,TRPL4,26.25
2024-04-12,UGPA3,26.92
2024-04-12,USIM5,10.17
2024-04-12,VALE3,61.63
2024-04-12,VAMO3,8.1
2024-04-12,VBBR3,24.81
2024-04-12,VIVA3,22.78
2024-04-12,VIVT3,49.07
2024-04-12,WEGE3,37.98
2024-04-12,YDUQ3,14.91
2024-04-15,ABEV3,12.07
2024-04-15,ALOS3,22.34
2024-04-15,ALPA4,8.91
2024-04-15,AMER3,0.5
2024-04-15,ARZZ3,50.96
2024-04-15,ASAI3,13.73
2024-04-15,AURE3,11.83
2024-04-15,AZUL4,10.69
2024-04-15,B3SA3,11.48
2024-04-15,BBAS3,56.46
2024-04-15,BBDC3,12.43
2024-04-15,BBDC4,14.0
2024-04-15,BBSE3,33.01
2024-04-15,BEEF3,6.04
2024-04-15,BHIA3,6.61
2024-04-15,BPAC11,33.64
2024-04-15,BPAN4,9.24
2024-04-15,BRAP4,20.88
2024-04-15,BRFS3,17.9
2024-04-15,BRKM5,23.3
2024-04-15,CASH3,4.35
2024-04-15,CCRO3,13.0
2024-04-15,CEAB3,10.05
2024-04-15,CIEL3,5.46
2024-04-15,CMIG4,12.97
2024-04-15,CMIN3,5.06
2024-04-15,COGN3,2.1
2024-04-15,CPFE3,35.15
2024-04-15,CPLE3,8.2
2024-04-15,CPLE6,9.22
2024-04-15,CRFB3,12.04
2024-04-15,CSAN3,14.4
2024-04-15,CSMG3,21.32
2024-04-15,CSNA3,14.39
2024-04-15,CURY3,18.19
2024-04-15,CVCB3,2.03
2024-04-15,CXSE3,15.59
2024-04-15,CYRE3,21.35
2024-04-15,DIRR3,22.55
2024-04-15,DXCO3,7.48
2024-04-15,ECOR3,7.65
2024-04-15,EGIE3,41.4
2024-04-15,ELET3,38.49
2024-04-15,ELET6,43.26
2024-04-15,EMBR3,31.42
2024-04-15,ENEV3,12.25
2024-04-15,ENGI11,46.6
2024-04-15,EQTL3,31.49
2024-04-15,EZTC3,13.82
2024-04-15,FLRY3,14.32
2024-04-15,GGBR4,23.09
2024-04-15,GOAU4,10.89
2024-04-15,GOLL4,1.39
2024-04-15,HAPV3,3.73
2024-04-15,HYPE3,29.38
2024-04-15,IGTI11,21.57
2024-04-15,IRBR3,38.98
2024-04-15,ITSA4,9.73
2024-04-15,ITUB4,31.91
2024-04-15,JBSS3,23.03
2024-04-15,JHSF3,4.08
2024-04-15,KLBN11,24.45
2024-04-15,LOGG3,21.65
2024-04-15,LREN3,15.86
2024-04-15,LWSA3,5.07
2024-04-15,MGLU3,1.53
2024-04-15,MRFG3,10.43
2024-04-15,MRVE3,6.41
2024-04-15,MULT3,24.2
2024-04-15,NTCO3,16.86
2024-04-15,PCAR3,2.48
2024-04-15,PETR3,40.89
2024-04-15,PETR4,39.31
2024-04-15,PETZ3,3.59
2024-04-15,POMO4,7.11
2024-04-15,PRIO3,50.1
2024-04-15,PSSA3,30.39
2024-04-15,QUAL3,1.37
2024-04-15,RADL3,26.2
2024-04-15,RAIL3,21.67
2024-04-15,RAIZ4,3.0
2024-04-15,RDOR3,23.97
2024-04-15,RECV3,21.1
2024-04-15,RENT3,50.58
2024-04-15,RRRP3,34.68
2024-04-15,SANB11,26.95
2024-04-15,SBSP3,80.65
2024-04-15,SLCE3,18.1
2024-04-15,SMFT3,24.2
2024-04-15,SMTO3,28.19
2024-04-15,SOMA3,6.09
2024-04-15,STBP3,12.88
2024-04-15,SUZB3,61.05
2024-04-15,TAEE11,35.82
2024-04-15,TEND3,11.41
2024-04-15,TIMS3,17.37
2024-04-15,TOTS3,26.9
2024-04-15,TRPL4,26.64
2024-04-15,UGPA3,26.91
2024-04-15,USIM5,10.22
2024-04-15,VALE3,61.99
2024-04-15,VAMO3,7.58
2024-04-15,VBBR3,24.75
2024-04-15,VIVA3,21.93
2024-04-15,VIVT3,48.81
2024-04-15,WEGE3,37.64
2024-04-15,YDUQ3,14.23
2024-04-16,ABEV3,11.94
2024-04-16,ALOS3,22.08
2024-04-16,ALPA4,8.46
2024-04-16,AMER3,0.52
2024-04-16,ARZZ3,51.4
2024-04-16,ASAI3,13.0
2024-04-16,AURE3,11.6
2024-04-16,AZUL4,10.47
2024-04-16,B3SA3,11.33
2024-04-16,BBAS3,27.91
2024-04-16,BBDC3,12.3
2024-04-16,BBDC4,13.9
2024-04-16,BBSE3,32.83
2024-04-16,BEEF3,6.0
2024-04-16,BHIA3,6.65
2024-04-16,BPAC11,33.3
2024-04-16,BPAN4,9.05
2024-04-16,BRAP4,20.43
2024-04-16,BRFS3,17.78
2024-04-16,BRKM5,22.92
2024-04-16,CASH3,4.35
2024-04-16,CCRO3,12.78
2024-04-16,CEAB3,10.1
2024-04-16,CIEL3,5.44
2024-04-16,CMIG4,12.82
2024-04-16,CMIN3,4.93
2024-04-16,COGN3,2.04
2024-04-16,CPFE3,34.89
2024-04-16,CPLE3,8.19
2024-04-16,CPLE6,9.18
2024-04-16,CRFB3,11.51
2024-04-16,CSAN3,14.13
2024-04-16,CSMG3,20.88
2024-04-16,CSNA3,14.17
2024-04-16,CURY3,18.28
2024-04-16,CVCB3,1.98
2024-04-16,CXSE3,15.4
2024-04-16,CYRE3,21.23
2024-04-16,DIRR3,22.45
2024-04-16,DXCO3,7.18
2024-04-16,ECOR3,7.59
2024-04-16,EGIE3,40.15
2024-04-16,ELET3,38.29
2024-04-16,ELET6,43.02
2024-04-16,EMBR3,31.76
2024-04-16,ENEV3,12.15
2024-04-16,ENGI11,46.2
2024-04-16,EQTL3,31.33
2024-04-16,EZTC3,14.23
2024-04-16,FLRY3,14.04
2024-04-16,GGBR4,22.42
2024-04-16,GOAU4,10.59
2024-04-16,GOLL4,1.38
2024-04-16,HAPV3,3.6
2024-04-16,HYPE3,29.42
2024-04-16,IGTI11,21.39
2024-04-16,IRBR3,38.53
2024-04-16,ITSA4,9.59
2024-04-16,ITUB4,31.67
2024-04-16,JBSS3,22.62
2024-04-16,JHSF3,4.11
2024-04-16,KLBN11,24.45
2024-04-16,LOGG3,21.47
2024-04-16,LREN3,16.08
2024-04-16,LWSA3,4.85
2024-04-16,MGLU3,1.52
2024-04-16,MRFG3,10.39
2024-04-16,MRVE3,6.56
2024-04-16,MULT3,24.06
2024-04-16,NTCO3,16.4
2024-04-16,PCAR3,2.46
2024-04-16,PETR3,41.09
2024-04-16,PETR4,39.49
2024-04-16,PETZ3,3.61
2024-04-16,POMO4,7.33
2024-04-16,PRIO3,49.8
2024-04-16,PSSA3,29.89
2024-04-16,QUAL3,1.36
2024-04-16,RADL3,25.22
2024-04-16,RAIL3,21.38
2024-04-16,RAIZ4,2.95
2024-04-16,RDOR3,23.51
2024-04-16,RECV3,20.71
2024-04-16,RENT3,50.07
2024-04-16,RRRP3,34.3
2024-04-16,SANB11,26.72
2024-04-16,SBSP3,80.03
2024-04-16,SLCE3,18.1
2024-04-16,SMFT3,24.08
2024-04-16,SMTO3,28.42
2024-04-16,SOMA3,6.11
2024-04-16,STBP3,12.85
2024-04-16,SUZB3,61.35
2024-04-16,TAEE11,35.8
2024-04-16,TEND3,11.55
2024-04-16,TIMS3,17.23
2024-04-16,TOTS3,26.46
2024-04-16,TRPL4,26.29
2024-04-16,UGPA3,26.94
2024-04-16,USIM5,10.05
2024-04-16,VALE3,61.44
2024-04-16,VAMO3,7.47
2024-04-16,VBBR3,24.19
2024-04-16,VIVA3,22.45
2024-04-16,VIVT3,48.69
2024-04-16,WEGE3,38.77
2024-04-16,YDUQ3,14.1
2024-04-17,ABEV3,11.91
2024-04-17,ALOS3,21.83
2024-04-17,ALPA4,8.35
2024-04-17,AMER3,0.53
2024-04-17,ARZZ3,50.84
2024-04-17,ASAI3,12.84
2024-04-17,AURE3,11.75
2024-04-17,AZUL4,10.47
2024-04-17,B3SA3,11.24
2024-04-17,BBAS3,27.97
2024-04-17,BBDC3,12.26
2024-04-17,BBDC4,13.83
2024-04-17,BBSE3,32.97
2024-04-17,BEEF3,6.04
2024-04-17,BHIA3,6.47
2024-04-17,BPAC11,32.74
2024-04-17,BPAN4,9.05
2024-04-17,BRAP4,20.65
2024-04-17,BRFS3,17.07
2024-04-17,BRKM5,22.44
2024-04-17,CASH3,4.33
2024-04-17,CCRO3,12.68
2024-04-17,CEAB3,10.03
2024-04-17,CIEL3,5.47
2024-04-17,CMIG4,12.88
2024-04-17,CMIN3,5.2
2024-04-17,COGN3,1.99
2024-04-17,CPFE3,35.1
2024-04-17,CPLE3,8.24
2024-04-17,CPLE6,9.21
2024-04-17,CRFB3,11.22
2024-04-17,CSAN3,14.4
2024-04-17,CSMG3,21.23
2024-04-17,CSNA3,14.32
2024-04-17,CURY3,18.63
2024-04-17,CVCB3,1.88
2024-04-17,CXSE3,15.38
2024-04-17,CYRE3,21.0
2024-04-17,DIRR3,22.29
2024-04-17,DXCO3,7.16
2024-04-17,ECOR3,7.6
2024-04-17,EGIE3,40.51
2024-04-17,ELET3,38.07
2024-04-17,ELET6,42.69
2024-04-17,EMBR3,31.94
2024-04-17,ENEV3,12.05
2024-04-17,ENGI11,45.71
2024-04-17,EQTL3,31.14
2024-04-17,EZTC3,13.6
2024-04-17,FLRY3,13.88
2024-04-17,GGBR4,22.51
2024-04-17,GOAU4,10.61
2024-04-17,GOLL4,1.37
2024-04-17,HAPV3,3.54
2024-04-17,HYPE3,28.3
2024-04-17,IGTI11,21.31
2024-04-17,IRBR3,39.02
2024-04-17,ITSA4,9.55
2024-04-17,ITUB4,31.69
2024-04-17,JBSS3,22.4
2024-04-17,JHSF3,4.09
2024-04-17,KLBN11,24.36
2024-04-17,LOGG3,21.4
2024-04-17,LREN3,15.66
2024-04-17,LWSA3,5.03
2024-04-17,MGLU3,1.52
2024-04-17,MRFG3,9.72
2024-04-17,MRVE3,6.64
2024-04-17,MULT3,23.92
2024-04-17,NTCO3,16.25
2024-04-17,PCAR3,2.43
2024-04-17,PETR3,41.15
2024-04-17,PETR4,39.78
2024-04-17,PETZ3,3.54
2024-04-17,POMO4,7.28
2024-04-17,PRIO3,48.73
2024-04-17,PSSA3,29.71
2024-04-17,QUAL3,1.35
2024-04-17,RADL3,24.9
2024-04-17,RAIL3,21.12
2024-04-17,RAIZ4,2.97
2024-04-17,RDOR3,23.37
2024-04-17,RECV3,20.39
2024-04-17,RENT3,50.0
2024-04-17,RRRP3,33.1
2024-04-17,SANB11,26.7
2024-04-17,SBSP3,81.44
2024-04-17,SLCE3,18.11
2024-04-17,SMFT3,23.77
2024-04-17,SMTO3,28.11
2024-04-17,SOMA3,6.02
2024-04-17,STBP3,12.94
2024-04-17,SUZB3,60.81
2024-04-17,TAEE11,35.7
2024-04-17,TEND3,11.35
2024-04-17,TIMS3,17.28
2024-04-17,TOTS3,27.09
2024-04-17,TRPL4,26.01
2024-04-17,UGPA3,26.79
2024-04-17,USIM5,9.92
2024-04-17,VALE3,62.11
2024-04-17,VAMO3,7.66
2024-04-17,VBBR3,24.34
2024-04-17,VIVA3,22.41
2024-04-17,VIVT3,48.91
2024-04-17,WEGE3,38.22
2024-04-17,YDUQ3,14.04
2024-04-18,ABEV3,11.96
2024-04-18,ALOS3,21.65
2024-04-18,ALPA4,8.5
2024-04-18,AMER3,0.52
2024-04-18,ARZZ3,50.64
2024-04-18,ASAI3,13.18
2024-04-18,AURE3,11.79
2024-04-18,AZUL4,10.07
2024-04-18,B3SA3,11.14
2024-04-18,BBAS3,27.93
2024-04-18,BBDC3,12.16
2024-04-18,BBDC4,13.77
2024-04-18,BBSE3,32.65
2024-04-18,BEEF3,6.1
2024-04-18,BHIA3,6.2
2024-04-18,BPAC11,32.53
2024-04-18,BPAN4,9.07
2024-04-18,BRAP4,20.62
2024-04-18,BRFS3,17.05
2024-04-18,BRKM5,22.41
2024-04-18,CASH3,4.4
2024-04-18,CCRO3,12.75
2024-04-18,CEAB3,10.0
2024-04-18,CIEL3,5.47
2024-04-18,CMIG4,13.06
2024-04-18,CMIN3,5.25
2024-04-18,COGN3,1.94
2024-04-18,CPFE3,34.71
2024-04-18,CPLE3,8.29
2024-04-18,CPLE6,9.24
2024-04-18,CRFB3,11.27
2024-04-18,CSAN3,14.37
2024-04-18,CSMG3,20.97
2024-04-18,CSNA3,14.21
2024-04-18,CURY3,18.8
2024-04-18,CVCB3,1.8
2024-04-18,CXSE3,15.46
2024-04-18,CYRE3,20.56
2024-04-18,DIRR3,22.52
2024-04-18,DXCO3,7.19
2024-04-18,ECOR3,7.5
2024-04-18,EGIE3,40.39
2024-04-18,ELET3,37.92
2024-04-18,ELET6,42.63
2024-04-18,EMBR3,31.83
2024-04-18,ENEV3,12.22
2024-04-18,ENGI11,45.56
2024-04-18,EQTL3,31.06
2024-04-18,EZTC3,13.39
2024-04-18,FLRY3,13.87
2024-04-18,GGBR4,18.77
2024-04-18,GOAU4,10.66
2024-04-18,GOLL4,1.41
2024-04-18,HAPV3,3.5
2024-04-18,HYPE3,28.4
2024-04-18,IGTI11,21.13
2024-04-18,IRBR3,39.58
2024-04-18,ITSA4,9.54
2024-04-18,ITUB4,31.73
2024-04-18,JBSS3,22.43
2024-04-18,JHSF3,4.14
2024-04-18,KLBN11,24.24
2024-04-18,LOGG3,21.41
2024-04-18,LREN3,15.41
2024-04-18,LWSA3,4.87
2024-04-18,MGLU3,1.5
2024-04-18,MRFG3,9.72
2024-04-18,MRVE3,6.42
2024-04-18,MULT3,23.89
2024-04-18,NTCO3,16.09
2024-04-18,PCAR3,2.36
2024-04-18,PETR3,41.05
2024-04-18,PETR4,39.85
2024-04-18,PETZ3,3.5
2024-04-18,POMO4,7.22
2024-04-18,PRIO3,49.24
2024-04-18,PSSA3,29.63
2024-04-18,QUAL3,1.35
2024-04-18,RADL3,24.9
2024-04-18,RAIL3,21.1
2024-04-18,RAIZ4,2.93
2024-04-18,RDOR3,23.32
2024-04-18,RECV3,20.26
2024-04-18,RENT3,50.91
2024-04-18,RRRP3,32.91
2024-04-18,SANB11,26.53
2024-04-18,SBSP3,82.77
2024-04-18,SLCE3,18.23
2024-04-18,SMFT3,23.44
2024-04-18,SMTO3,27.77
2024-04-18,SOMA3,5.99
2024-04-18,STBP3,12.87
2024-04-18,SUZB3,60.75
2024-04-18,TAEE11,35.61
2024-04-18,TEND3,11.61
2024-04-18,TIMS3,17.14
2024-04-18,TOTS3,27.76
2024-04-18,TRPL4,25.94
2024-04-18,UGPA3,26.55
2024-04-18,USIM5,9.94
2024-04-18,VALE3,62.34
2024-04-18,VAMO3,7.43
2024-04-18,VBBR3,24.14
2024-04-18,VIVA3,21.96
2024-04-18,VIVT3,48.73
2024-04-18,WEGE3,38.6
2024-04-18,YDUQ3,14.03
2024-04-19,ABEV3,11.95
2024-04-19,ALOS3,21.71
2024-04-19,ALPA4,9.0
2024-04-19,AMER3,0.52
2024-04-19,ARZZ3,51.49
2024-04-19,ASAI3,13.38
2024-04-19,AURE3,11.81
2024-04-19,AZUL4,9.94
2024-04-19,B3SA3,11.18
2024-04-19,BBAS3,27.71
2024-04-19,BBDC3,12.07
2024-04-19,BBDC4,13.64
2024-04-19,BBSE3,32.96
2024-04-19,BEEF3,6.08
2024-04-19,BHIA3,6.22
2024-04-19,BPAC11,32.62
2024-04-19,BPAN4,9.19
2024-04-19,BRAP4,21.19
2024-04-19,BRFS3,17.05
2024-04-19,BRKM5,22.3
2024-04-19,CASH3,4.62
2024-04-19,CCRO3,12.65
2024-04-19,CEAB3,10.72
2024-04-19,CIEL3,5.54
2024-04-19,CMIG4,13.11
2024-04-19,CMIN3,5.3
2024-04-19,COGN3,1.97
2024-04-19,CPFE3,34.93
2024-04-19,CPLE3,8.48
2024-04-19,CPLE6,9.31
2024-04-19,CRFB3,11.35
2024-04-19,CSAN3,14.42
2024-04-19,CSMG3,21.53
2024-04-19,CSNA3,14.68
2024-04-19,CURY3,18.67
2024-04-19,CVCB3,1.92
2024-04-19,CXSE3,15.55
2024-04-19,CYRE3,20.89
2024-04-19,DIRR3,22.27
2024-04-19,DXCO3,7.21
2024-04-19,ECOR3,7.49
2024-04-19,EGIE3,39.9
2024-04-19,ELET3,37.8
2024-04-19,ELET6,42.73
2024-04-19,EMBR3,30.92
2024-04-19,ENEV3,12.27
2024-04-19,ENGI11,46.2
2024-04-19,EQTL3,31.15
2024-04-19,EZTC3,13.58
2024-04-19,FLRY3,14.04
2024-04-19,GGBR4,19.22
2024-04-19,GOAU4,10.98
2024-04-19,GOLL4,1.37
2024-04-19,HAPV3,3.6
2024-04-19,HYPE3,28.35
2024-04-19,IGTI11,20.91
2024-04-19,IRBR3,39.65
2024-04-19,ITSA4,9.53
2024-04-19,ITUB4,31.55
2024-04-19,JBSS3,22.12
2024-04-19,JHSF3,4.28
2024-04-19,KLBN11,24.62
2024-04-19,LOGG3,21.69
2024-04-19,LREN3,15.65
2024-04-19,LWSA3,4.87
2024-04-19,MGLU3,1.54
2024-04-19,MRFG3,9.8
2024-04-19,MRVE3,6.57
2024-04-19,MULT3,24.08
2024-04-19,NTCO3,16.09
2024-04-19,PCAR3,2.47
2024-04-19,PETR3,42.72
2024-04-19,PETR4,40.53
2024-04-19,PETZ3,4.8
2024-04-19,POMO4,7.13
2024-04-19,PRIO3,48.8
2024-04-19,PSSA3,29.62
2024-04-19,QUAL3,1.47
2024-04-19,RADL3,25.45
2024-04-19,RAIL3,21.25
2024-04-19,RAIZ4,3.02
2024-04-19,RDOR3,24.45
2024-04-19,RECV3,21.15
2024-04-19,RENT3,50.27
2024-04-19,RRRP3,32.9
2024-04-19,SANB11,27.26
2024-04-19,SBSP3,84.49
2024-04-19,SLCE3,18.79
2024-04-19,SMFT3,23.86
2024-04-19,SMTO3,27.98
2024-04-19,SOMA3,6.09
2024-04-19,STBP3,13.15
2024-04-19,SUZB3,61.21
2024-04-19,TAEE11,35.71
2024-04-19,TEND3,12.02
2024-04-19,TIMS3,17.29
2024-04-19,TOTS3,28.1
2024-04-19,TRPL4,25.25
2024-04-19,UGPA3,26.57
2024-04-19,USIM5,10.33
2024-04-19,VALE3,63.36
2024-04-19,VAMO3,7.39
2024-04-19,VBBR3,23.3
2024-04-19,VIVA3,22.16
2024-04-19,VIVT3,48.71
2024-04-19,WEGE3,38.55
2024-04-19,YDUQ3,14.03
2024-04-22,ABEV3,11.95
2024-04-22,ALOS3,21.73
2024-04-22,ALPA4,9.16
2024-04-22,AMER3,0.53
2024-04-22,ARZZ3,53.0
2024-04-22,ASAI3,13.56
2024-04-22,AURE3,11.75
2024-04-22,AZUL4,10.13
2024-04-22,B3SA3,11.27
2024-04-22,BBAS3,27.39
2024-04-22,BBDC3,12.03
2024-04-22,BBDC4,13.58
2024-04-22,BBSE3,32.94
2024-04-22,BEEF3,6.15
2024-04-22,BHIA3,6.25
2024-04-22,BPAC11,33.32
2024-04-22,BPAN4,9.29
2024-04-22,BRAP4,21.15
2024-04-22,BRFS3,17.16
2024-04-22,BRKM5,22.53
2024-04-22,CASH3,4.57
2024-04-22,CCRO3,12.57
2024-04-22,CEAB3,10.86
2024-04-22,CIEL3,5.56
2024-04-22,CMIG4,12.98
2024-04-22,CMIN3,5.2
2024-04-22,COGN3,2.0
2024-04-22,CPFE3,34.98
2024-04-22,CPLE3,8.63
2024-04-22,CPLE6,9.48
2024-04-22,CRFB3,11.23
2024-04-22,CSAN3,14.56
2024-04-22,CSMG3,21.55
2024-04-22,CSNA3,14.78
2024-04-22,CURY3,18.88
2024-04-22,CVCB3,2.13
2024-04-22,CXSE3,15.6
2024-04-22,CYRE3,21.19
2024-04-22,DIRR3,22.46
2024-04-22,DXCO3,7.17
2024-04-22,ECOR3,7.56
2024-04-22,EGIE3,40.18
2024-04-22,ELET3,37.69
2024-04-22,ELET6,42.72
2024-04-22,EMBR3,31.36
2024-04-22,ENEV3,12.44
2024-04-22,ENGI11,46.89
2024-04-22,EQTL3,31.24
2024-04-22,EZTC3,13.57
2024-04-22,FLRY3,14.01
2024-04-22,GGBR4,19.62
2024-04-22,GOAU4,11.13
2024-04-22,GOLL4,1.37
2024-04-22,HAPV3,3.64
2024-04-22,HYPE3,29.0
2024-04-22,IGTI11,20.92
2024-04-22,IRBR3,40.77
2024-04-22,ITSA4,9.52
2024-04-22,ITUB4,31.53
2024-04-22,JBSS3,22.12
2024-04-22,JHSF3,4.2
2024-04-22,KLBN11,24.09
2024-04-22,LOGG3,21.63
2024-04-22,LREN3,15.59
2024-04-22,LWSA3,4.9
2024-04-22,MGLU3,1.53
2024-04-22,MRFG3,9.73
2024-04-22,MRVE3,6.55
2024-04-22,MULT3,24.04
2024-04-22,NTCO3,16.05
2024-04-22,PCAR3,2.48
2024-04-22,PETR3,43.76
2024-04-22,PETR4,41.5
2024-04-22,PETZ3,5.34
2024-04-22,POMO4,7.05
2024-04-22,PRIO3,48.0
2024-04-22,PSSA3,29.53
2024-04-22,QUAL3,1.62
2024-04-22,RADL3,25.53
2024-04-22,RAIL3,21.09
2024-04-22,RAIZ4,3.12
2024-04-22,RDOR3,24.81
2024-04-22,RECV3,20.55
2024-04-22,RENT3,49.54
2024-04-22,RRRP3,33.35
2024-04-22,SANB11,26.8
2024-04-22,SBSP3,82.79
2024-04-22,SLCE3,18.83
2024-04-22,SMFT3,24.16
2024-04-22,SMTO3,28.53
2024-04-22,SOMA3,6.29
2024-04-22,STBP3,12.79
2024-04-22,SUZB3,60.55
2024-04-22,TAEE11,35.8
2024-04-22,TEND3,11.88
2024-04-22,TIMS3,17.34
2024-04-22,TOTS3,28.89
2024-04-22,TRPL4,25.24
2024-04-22,UGPA3,26.61
2024-04-22,USIM5,10.57
2024-04-22,VALE3,63.33
2024-04-22,VAMO3,7.27
2024-04-22,VBBR3,23.17
2024-04-22,VIVA3,22.46
2024-04-22,VIVT3,48.8
2024-04-22,WEGE3,38.27
2024-04-22,YDUQ3,14.08
2024-04-23,ABEV3,11.86
2024-04-23,ALOS3,21.83
2024-04-23,ALPA4,9.3
2024-04-23,AMER3,0.52
2024-04-23,ARZZ3,52.25
2024-04-23,ASAI3,13.7
2024-04-23,AURE3,11.83
2024-04-23,AZUL4,9.94
2024-04-23,B3SA3,11.09
2024-04-23,BBAS3,27.6
2024-04-23,BBDC3,12.06
2024-04-23,BBDC4,13.67
2024-04-23,BBSE3,32.5
2024-04-23,BEEF3,6.09
2024-04-23,BHIA3,5.97
2024-04-23,BPAC11,32.75
2024-04-23,BPAN4,9.22
2024-04-23,BRAP4,20.99
2024-04-23,BRFS3,17.37
2024-04-23,BRKM5,22.56
2024-04-23,CASH3,4.57
2024-04-23,CCRO3,12.5
2024-04-23,CEAB3,10.76
2024-04-23,CIEL3,5.59
2024-04-23,CMIG4,12.87
2024-04-23,CMIN3,5.05
2024-04-23,COGN3,2.01
2024-04-23,CPFE3,34.9
2024-04-23,CPLE3,8.43
2024-04-23,CPLE6,9.22
2024-04-23,CRFB3,11.36
2024-04-23,CSAN3,14.42
2024-04-23,CSMG3,21.49
2024-04-23,CSNA3,14.42
2024-04-23,CURY3,18.86
2024-04-23,CVCB3,2.08
2024-04-23,CXSE3,15.62
2024-04-23,CYRE3,21.3
2024-04-23,DIRR3,22.76
2024-04-23,DXCO3,7.21
2024-04-23,ECOR3,7.45
2024-04-23,EGIE3,40.04
2024-04-23,ELET3,37.2
2024-04-23,ELET6,42.24
2024-04-23,EMBR3,31.07
2024-04-23,ENEV3,12.45
2024-04-23,ENGI11,46.47
2024-04-23,EQTL3,31.4
2024-04-23,EZTC3,13.49
2024-04-23,FLRY3,14.72
2024-04-23,GGBR4,18.83
2024-04-23,GOAU4,10.8
2024-04-23,GOLL4,1.35
2024-04-23,HAPV3,3.61
2024-04-23,HYPE3,29.09
2024-04-23,IGTI11,20.97
2024-04-23,IRBR3,40.45
2024-04-23,ITSA4,9.59
2024-04-23,ITUB4,32.0
2024-04-23,JBSS3,22.03
2024-04-23,JHSF3,4.15
2024-04-23,KLBN11,23.87
2024-04-23,LOGG3,21.38
2024-04-23,LREN3,15.56
2024-04-23,LWSA3,4.86
2024-04-23,MGLU3,1.44
2024-04-23,MRFG3,9.59
2024-04-23,MRVE3,6.44
2024-04-23,MULT3,23.92
2024-04-23,NTCO3,16.7
2024-04-23,PCAR3,2.77
2024-04-23,PETR3,43.46
2024-04-23,PETR4,41.42
2024-04-23,PETZ3,5.15
2024-04-23,POMO4,7.16
2024-04-23,PRIO3,49.18
2024-04-23,PSSA3,29.25
2024-04-23,QUAL3,1.61
2024-04-23,RADL3,25.1
2024-04-23,RAIL3,21.09
2024-04-23,RAIZ4,3.07
2024-04-23,RDOR3,24.6
2024-04-23,RECV3,21.09
2024-04-23,RENT3,50.24
2024-04-23,RRRP3,34.72
2024-04-23,SANB11,27.17
2024-04-23,SBSP3,83.1
2024-04-23,SLCE3,18.92
2024-04-23,SMFT3,24.58
2024-04-23,SMTO3,28.26
2024-04-23,SOMA3,6.17
2024-04-23,STBP3,12.88
2024-04-23,SUZB3,60.12
2024-04-23,TAEE11,35.48
2024-04-23,TEND3,11.74
2024-04-23,TIMS3,17.17
2024-04-23,TOTS3,28.41
2024-04-23,TRPL4,24.78
2024-04-23,UGPA3,26.03
2024-04-23,USIM5,9.1
2024-04-23,VALE3,62.78
2024-04-23,VAMO3,7.3
2024-04-23,VBBR3,22.87
2024-04-23,VIVA3,22.45
2024-04-23,VIVT3,48.24
2024-04-23,WEGE3,37.99
2024-04-23,YDUQ3,14.17
2024-04-24,ABEV3,12.04
2024-04-24,ALOS3,21.6
2024-04-24,ALPA4,9.35
2024-04-24,AMER3,0.53
2024-04-24,ARZZ3,52.24
2024-04-24,ASAI3,13.77
2024-04-24,AURE3,11.57
2024-04-24,AZUL4,9.59
2024-04-24,B3SA3,10.94
2024-04-24,BBAS3,27.5
2024-04-24,BBDC3,12.03
2024-04-24,BBDC4,13.67
2024-04-24,BBSE3,32.1
2024-04-24,BEEF3,6.05
2024-04-24,BHIA3,5.68
2024-04-24,BPAC11,32.75
2024-04-24,BPAN4,8.97
2024-04-24,BRAP4,21.13
2024-04-24,BRFS3,17.19
2024-04-24,BRKM5,22.54
2024-04-24,CASH3,4.5
2024-04-24,CCRO3,12.3
2024-04-24,CEAB3,10.63
2024-04-24,CIEL3,5.59
2024-04-24,CMIG4,12.81
2024-04-24,CMIN3,5.05
2024-04-24,COGN3,2.0
2024-04-24,CPFE3,34.9
2024-04-24,CPLE3,8.29
2024-04-24,CPLE6,9.11
2024-04-24,CRFB3,11.2
2024-04-24,CSAN3,14.29
2024-04-24,CSMG3,21.52
2024-04-24,CSNA3,14.29
2024-04-24,CURY3,18.92
2024-04-24,CVCB3,2.0
2024-04-24,CXSE3,15.94
2024-04-24,CYRE3,21.25
2024-04-24,DIRR3,22.78
2024-04-24,DXCO3,7.13
2024-04-24,ECOR3,7.36
2024-04-24,EGIE3,39.81
2024-04-24,ELET3,36.76
2024-04-24,ELET6,41.83
2024-04-24,EMBR3,31.31
2024-04-24,ENEV3,12.5
2024-04-24,ENGI11,45.77
2024-04-24,EQTL3,31.26
2024-04-24,EZTC3,13.57
2024-04-24,FLRY3,14.53
2024-04-24,GGBR4,18.36
2024-04-24,GOAU4,10.52
2024-04-24,GOLL4,1.25
2024-04-24,HAPV3,3.6
2024-04-24,HYPE3,28.78
2024-04-24,IGTI11,21.41
2024-04-24,IRBR3,40.76
2024-04-24,ITSA4,9.57
2024-04-24,ITUB4,31.86
2024-04-24,JBSS3,22.01
2024-04-24,JHSF3,4.18
2024-04-24,KLBN11,23.58
2024-04-24,LOGG3,21.21
2024-04-24,LREN3,15.59
2024-04-24,LWSA3,4.74
2024-04-24,MGLU3,1.43
2024-04-24,MRFG3,9.59
2024-04-24,MRVE3,6.48
2024-04-24,MULT3,23.83
2024-04-24,NTCO3,16.44
2024-04-24,PCAR3,2.82
2024-04-24,PETR3,43.27
2024-04-24,PETR4,41.23
2024-04-24,PETZ3,4.66
2024-04-24,POMO4,7.09
2024-04-24,PRIO3,48.43
2024-04-24,PSSA3,29.64
2024-04-24,QUAL3,1.58
2024-04-24,RADL3,24.78
2024-04-24,RAIL3,20.65
2024-04-24,RAIZ4,3.05
2024-04-24,RDOR3,24.37
2024-04-24,RECV3,22.09
2024-04-24,RENT3,49.52
2024-04-24,RRRP3,33.59
2024-04-24,SANB11,27.2
2024-04-24,SBSP3,82.44
2024-04-24,SLCE3,18.88
2024-04-24,SMFT3,24.56
2024-04-24,SMTO3,28.4
2024-04-24,SOMA3,6.17
2024-04-24,STBP3,12.85
2024-04-24,SUZB3,60.56
2024-04-24,TAEE11,35.36
2024-04-24,TEND3,11.78
2024-04-24,TIMS3,17.28
2024-04-24,TOTS3,28.11
2024-04-24,TRPL4,24.74
2024-04-24,UGPA3,25.61
2024-04-24,USIM5,8.76
2024-04-24,VALE3,63.56
2024-04-24,VAMO3,7.0
2024-04-24,VBBR3,22.49
2024-04-24,VIVA3,22.7
2024-04-24,VIVT3,47.9
2024-04-24,WEGE3,38.23
2024-04-24,YDUQ3,14.3
2024-04-25,ABEV3,12.02
2024-04-25,ALOS3,20.54
2024-04-25,ALPA4,9.35
2024-04-25,AMER3,0.55
2024-04-25,ARZZ3,51.56
2024-04-25,ASAI3,13.31
2024-04-25,AURE3,11.32
2024-04-25,AZUL4,9.22
2024-04-25,B3SA3,10.83
2024-04-25,BBAS3,27.38
2024-04-25,BBDC3,12.01
2024-04-25,BBDC4,13.66
2024-04-25,BBSE3,31.99
2024-04-25,BEEF3,6.01
2024-04-25,BHIA3,5.52
2024-04-25,BPAC11,32.6
2024-04-25,BPAN4,9.0
2024-04-25,BRAP4,20.93
2024-04-25,BRFS3,17.27
2024-04-25,BRKM5,22.39
2024-04-25,CASH3,4.47
2024-04-25,CCRO3,12.27
2024-04-25,CEAB3,10.84
2024-04-25,CIEL3,5.59
2024-04-25,CMIG4,12.61
2024-04-25,CMIN3,4.95
2024-04-25,COGN3,2.15
2024-04-25,CPFE3,34.58
2024-04-25,CPLE3,8.2
2024-04-25,CPLE6,9.0
2024-04-25,CRFB3,11.19
2024-04-25,CSAN3,14.36
2024-04-25,CSMG3,21.25
2024-04-25,CSNA3,14.08
2024-04-25,CURY3,19.11
2024-04-25,CVCB3,2.01
2024-04-25,CXSE3,16.01
2024-04-25,CYRE3,20.98
2024-04-25,DIRR3,23.16
2024-04-25,DXCO3,7.07
2024-04-25,ECOR3,7.19
2024-04-25,EGIE3,39.26
2024-04-25,ELET3,37.1
2024-04-25,ELET6,42.03
2024-04-25,EMBR3,32.15
2024-04-25,ENEV3,12.66
2024-04-25,ENGI11,45.57
2024-04-25,EQTL3,30.87
2024-04-25,EZTC3,13.3
2024-04-25,FLRY3,14.66
2024-04-25,GGBR4,18.23
2024-04-25,GOAU4,10.41
2024-04-25,GOLL4,1.18
2024-04-25,HAPV3,3.62
2024-04-25,HYPE3,27.15
2024-04-25,IGTI11,20.33
2024-04-25,IRBR3,41.24
2024-04-25,ITSA4,9.52
2024-04-25,ITUB4,31.68
2024-04-25,JBSS3,22.09
2024-04-25,JHSF3,4.22
2024-04-25,KLBN11,23.25
2024-04-25,LOGG3,21.7
2024-04-25,LREN3,15.51
2024-04-25,LWSA3,4.58
2024-04-25,MGLU3,1.39
2024-04-25,MRFG3,9.68
2024-04-25,MRVE3,6.32
2024-04-25,MULT3,23.07
2024-04-25,NTCO3,16.52
2024-04-25,PCAR3,2.83
2024-04-25,PETR3,44.25
2024-04-25,PETR4,42.22
2024-04-25,PETZ3,4.8
2024-04-25,POMO4,6.96
2024-04-25,PRIO3,49.39
2024-04-25,PSSA3,29.94
2024-04-25,QUAL3,1.7
2024-04-25,RADL3,24.95
2024-04-25,RAIL3,20.6
2024-04-25,RAIZ4,3.06
2024-04-25,RDOR3,24.95
2024-04-25,RECV3,22.07
2024-04-25,RENT3,48.74
2024-04-25,RRRP3,34.14
2024-04-25,SANB11,26.54
2024-04-25,SBSP3,82.57
2024-04-25,SLCE3,18.8
2024-04-25,SMFT3,24.4
2024-04-25,SMTO3,27.4
2024-04-25,SOMA3,6.1
2024-04-25,STBP3,13.0
2024-04-25,SUZB3,59.9
2024-04-25,TAEE11,35.05
2024-04-25,TEND3,12.0
2024-04-25,TIMS3,17.42
2024-04-25,TOTS3,27.96
2024-04-25,TRPL4,25.21
2024-04-25,UGPA3,26.31
2024-04-25,USIM5,8.49
2024-04-25,VALE3,62.22
2024-04-25,VAMO3,6.9
2024-04-25,VBBR3,22.78
2024-04-25,VIVA3,22.39
2024-04-25,VIVT3,47.69
2024-04-25,WEGE3,38.67
2024-04-25,YDUQ3,15.12
2024-04-26,ABEV3,12.01
2024-04-26,ALOS3,21.45
2024-04-26,ALPA4,9.41
2024-04-26,AMER3,0.56
2024-04-26,ARZZ3,52.03
2024-04-26,ASAI3,13.32
2024-04-26,AURE3,11.48
2024-04-26,AZUL4,9.77
2024-04-26,B3SA3,11.22
2024-04-26,BBAS3,27.55
2024-04-26,BBDC3,12.2
2024-04-26,BBDC4,13.88
2024-04-26,BBSE3,32.09
2024-04-26,BEEF3,6.13
2024-04-26,BHIA3,5.44
2024-04-26,BPAC11,34.1
2024-04-26,BPAN4,9.16
2024-04-26,BRAP4,21.07
2024-04-26,BRFS3,17.45
2024-04-26,BRKM5,22.81
2024-04-26,CASH3,4.56
2024-04-26,CCRO3,12.49
2024-04-26,CEAB3,11.96
2024-04-26,CIEL3,5.59
2024-04-26,CMIG4,12.59
2024-04-26,CMIN3,4.98
2024-04-26,COGN3,2.17
2024-04-26,CPFE3,34.94
2024-04-26,CPLE3,8.34
2024-04-26,CPLE6,9.1
2024-04-26,CRFB3,11.55
2024-04-26,CSAN3,14.76
2024-04-26,CSMG3,21.57
2024-04-26,CSNA3,14.12
2024-04-26,CURY3,19.94
2024-04-26,CVCB3,2.1
2024-04-26,CXSE3,16.33
2024-04-26,CYRE3,20.91
2024-04-26,DIRR3,24.33
2024-04-26,DXCO3,7.31
2024-04-26,ECOR3,7.47
2024-04-26,EGIE3,39.79
2024-04-26,ELET3,37.7
2024-04-26,ELET6,42.45
2024-04-26,EMBR3,33.2
2024-04-26,ENEV3,12.83
2024-04-26,ENGI11,46.37
2024-04-26,EQTL3,31.25
2024-04-26,EZTC3,13.95
2024-04-26,FLRY3,14.61
2024-04-26,GGBR4,18.63
2024-04-26,GOAU4,10.64
2024-04-26,GOLL4,1.22
2024-04-26,HAPV3,3.78
2024-04-26,HYPE3,28.55
2024-04-26,IGTI11,21.26
2024-04-26,IRBR3,42.35
2024-04-26,ITSA4,9.69
2024-04-26,ITUB4,32.21
2024-04-26,JBSS3,22.91
2024-04-26,JHSF3,4.33
2024-04-26,KLBN11,23.09
2024-04-26,LOGG3,21.77
2024-04-26,LREN3,15.71
2024-04-26,LWSA3,4.7
2024-04-26,MGLU3,1.43
2024-04-26,MRFG3,9.77
2024-04-26,MRVE3,6.67
2024-04-26,MULT3,24.0
2024-04-26,NTCO3,16.88
2024-04-26,PCAR3,2.76
2024-04-26,PETR3,43.75
2024-04-26,PETR4,41.41
2024-04-26,PETZ3,5.03
2024-04-26,POMO4,6.96
2024-04-26,PRIO3,49.25
2024-04-26,PSSA3,30.3
2024-04-26,QUAL3,1.71
2024-04-26,RADL3,25.62
2024-04-26,RAIL3,20.84
2024-04-26,RAIZ4,3.07
2024-04-26,RDOR3,25.85
2024-04-26,RECV3,22.6
2024-04-26,RENT3,50.5
2024-04-26,RRRP3,35.35
2024-04-26,SANB11,27.45
2024-04-26,SBSP3,82.3
2024-04-26,SLCE3,18.73
2024-04-26,SMFT3,25.3
2024-04-26,SMTO3,28.13
2024-04-26,SOMA3,6.11
2024-04-26,STBP3,13.72
2024-04-26,SUZB3,59.58
2024-04-26,TAEE11,35.25
2024-04-26,TEND3,13.06
2024-04-26,TIMS3,17.49
2024-04-26,TOTS3,28.08
2024-04-26,TRPL4,25.33
2024-04-26,UGPA3,26.5
2024-04-26,USIM5,8.2
2024-04-26,VALE3,62.74
2024-04-26,VAMO3,7.25
2024-04-26,VBBR3,23.59
2024-04-26,VIVA3,23.01
2024-04-26,VIVT3,48.0
2024-04-26,WEGE3,39.22
2024-04-26,YDUQ3,15.57
2024-04-29,ABEV3,12.1
2024-04-29,ALOS3,21.5
2024-04-29,ALPA4,9.77
2024-04-29,AMER3,0.55
2024-04-29,ARZZ3,51.89
2024-04-29,ASAI3,13.59
2024-04-29,AURE3,11.6
2024-04-29,AZUL4,10.03
2024-04-29,B3SA3,11.14
2024-04-29,BBAS3,27.55
2024-04-29,BBDC3,12.39
2024-04-29,BBDC4,14.06
2024-04-29,BBSE3,32.29
2024-04-29,BEEF3,6.17
2024-04-29,BHIA3,7.3
2024-04-29,BPAC11,33.94
2024-04-29,BPAN4,9.16
2024-04-29,BRAP4,21.46
2024-04-29,BRFS3,17.24
2024-04-29,BRKM5,22.38
2024-04-29,CASH3,4.54
2024-04-29,CCRO3,12.48
2024-04-29,CEAB3,11.91
2024-04-29,CIEL3,5.59
2024-04-29,CMIG4,12.69
2024-04-29,CMIN3,5.0
2024-04-29,COGN3,2.25
2024-04-29,CPFE3,32.37
2024-04-29,CPLE3,8.36
2024-04-29,CPLE6,9.17
2024-04-29,CRFB3,11.62
2024-04-29,CSAN3,14.68
2024-04-29,CSMG3,20.76
2024-04-29,CSNA3,14.21
2024-04-29,CURY3,20.1
2024-04-29,CVCB3,2.08
2024-04-29,CXSE3,15.64
2024-04-29,CYRE3,21.07
2024-04-29,DIRR3,24.17
2024-04-29,DXCO3,7.35
2024-04-29,ECOR3,7.51
2024-04-29,EGIE3,40.67
2024-04-29,ELET3,37.63
2024-04-29,ELET6,41.22
2024-04-29,EMBR3,33.3
2024-04-29,ENEV3,12.62
2024-04-29,ENGI11,45.88
2024-04-29,EQTL3,31.0
2024-04-29,EZTC3,14.24
2024-04-29,FLRY3,14.62
2024-04-29,GGBR4,18.6
2024-04-29,GOAU4,10.66
2024-04-29,GOLL4,1.31
2024-04-29,HAPV3,3.82
2024-04-29,HYPE3,30.08
2024-04-29,IGTI11,21.43
2024-04-29,IRBR3,43.02
2024-04-29,ITSA4,9.66
2024-04-29,ITUB4,31.96
2024-04-29,JBSS3,23.4
2024-04-29,JHSF3,4.43
2024-04-29,KLBN11,23.14
2024-04-29,LOGG3,22.2
2024-04-29,LREN3,15.69
2024-04-29,LWSA3,4.75
2024-04-29,MGLU3,1.45
2024-04-29,MRFG3,9.68
2024-04-29,MRVE3,6.88
2024-04-29,MULT3,23.89
2024-04-29,NTCO3,16.88
2024-04-29,PCAR3,3.01
2024-04-29,PETR3,44.54
2024-04-29,PETR4,42.15
2024-04-29,PETZ3,4.83
2024-04-29,POMO4,6.97
2024-04-29,PRIO3,49.56
2024-04-29,PSSA3,30.06
2024-04-29,QUAL3,1.69
2024-04-29,RADL3,25.73
2024-04-29,RAIL3,20.83
2024-04-29,RAIZ4,3.07
2024-04-29,RDOR3,26.46
2024-04-29,RECV3,22.39
2024-04-29,RENT3,50.55
2024-04-29,RRRP3,34.49
2024-04-29,SANB11,28.13
2024-04-29,SBSP3,82.36
2024-04-29,SLCE3,19.19
2024-04-29,SMFT3,25.18
2024-04-29,SMTO3,28.85
2024-04-29,SOMA3,6.08
2024-04-29,STBP3,13.64
2024-04-29,SUZB3,58.9
2024-04-29,TAEE11,35.2
2024-04-29,TEND3,13.33
2024-04-29,TIMS3,17.6
2024-04-29,TOTS3,27.95
2024-04-29,TRPL4,25.28
2024-04-29,UGPA3,26.44
2024-04-29,USIM5,8.21
2024-04-29,VALE3,63.9
2024-04-29,VAMO3,7.45
2024-04-29,VBBR3,23.69
2024-04-29,VIVA3,22.98
2024-04-29,VIVT3,47.93
2024-04-29,WEGE3,39.36
2024-04-29,YDUQ3,15.35
2024-04-30,ABEV3,12.15
2024-04-30,ALOS3,20.88
2024-04-30,ALPA4,9.46
2024-04-30,AMER3,0.56
2024-04-30,ARZZ3,51.92
2024-04-30,ASAI3,13.12
2024-04-30,AURE3,11.59
2024-04-30,AZUL4,9.75
2024-04-30,B3SA3,10.79
2024-04-30,BBAS3,27.42
2024-04-30,BBDC3,12.36
2024-04-30,BBDC4,14.0
2024-04-30,BBSE3,32.2
2024-04-30,BEEF3,6.12
2024-04-30,BHIA3,6.85
2024-04-30,BPAC11,33.4
2024-04-30,BPAN4,9.14
2024-04-30,BRAP4,19.93
2024-04-30,BRFS3,16.88
2024-04-30,BRKM5,21.28
2024-04-30,CASH3,4.48
2024-04-30,CCRO3,12.33
2024-04-30,CEAB3,11.02
2024-04-30,CIEL3,5.57
2024-04-30,CMIG4,9.77
2024-04-30,CMIN3,4.94
2024-04-30,COGN3,2.17
2024-04-30,CPFE3,31.9
2024-04-30,CPLE3,8.2
2024-04-30,CPLE6,9.09
2024-04-30,CRFB3,11.17
2024-04-30,CSAN3,14.5
2024-04-30,CSMG3,19.58
2024-04-30,CSNA3,13.92
2024-04-30,CURY3,19.6
2024-04-30,CVCB3,2.01
2024-04-30,CXSE3,15.66
2024-04-30,CYRE3,20.3
2024-04-30,DIRR3,23.32
2024-04-30,DXCO3,7.23
2024-04-30,ECOR3,7.25
2024-04-30,EGIE3,40.9
2024-04-30,ELET3,37.86
2024-04-30,ELET6,41.56
2024-04-30,EMBR3,33.35
2024-04-30,ENEV3,12.38
2024-04-30,ENGI11,45.1
2024-04-30,EQTL3,30.59
2024-04-30,EZTC3,13.77
2024-04-30,FLRY3,14.48
2024-04-30,GGBR4,18.26
2024-04-30,GOAU4,10.58
2024-04-30,GOLL4,1.32
2024-04-30,HAPV3,3.69
2024-04-30,HYPE3,29.52
2024-04-30,IGTI11,20.92
2024-04-30,IRBR3,42.48
2024-04-30,ITSA4,9.56
2024-04-30,ITUB4,31.36
2024-04-30,JBSS3,23.44
2024-04-30,JHSF3,4.3
2024-04-30,KLBN11,23.04
2024-04-30,LOGG3,21.73
2024-04-30,LREN3,15.33
2024-04-30,LWSA3,4.6
2024-04-30,MGLU3,1.36
2024-04-30,MRFG3,9.45
2024-04-30,MRVE3,6.7
2024-04-30,MULT3,22.89
2024-04-30,NTCO3,16.59
2024-04-30,PCAR3,2.93
2024-04-30,PETR3,44.26
2024-04-30,PETR4,42.02
2024-04-30,PETZ3,4.71
2024-04-30,POMO4,6.59
2024-04-30,PRIO3,48.0
2024-04-30,PSSA3,29.96
2024-04-30,QUAL3,1.6
2024-04-30,RADL3,25.58
2024-04-30,RAIL3,20.16
2024-04-30,RAIZ4,3.06
2024-04-30,RDOR3,26.0
2024-04-30,RECV3,21.79
2024-04-30,RENT3,49.03
2024-04-30,RRRP3,33.17
2024-04-30,SANB11,28.9
2024-04-30,SBSP3,80.82
2024-04-30,SLCE3,19.09
2024-04-30,SMFT3,24.19
2024-04-30,SMTO3,28.59
2024-04-30,SOMA3,6.07
2024-04-30,STBP3,13.58
2024-04-30,SUZB3,58.46
2024-04-30,TAEE11,35.22
2024-04-30,TEND3,12.34
2024-04-30,TIMS3,17.61
2024-04-30,TOTS3,27.54
2024-04-30,TRPL4,24.97
2024-04-30,UGPA3,25.85
2024-04-30,USIM5,7.91
2024-04-30,VALE3,63.29
2024-04-30,VAMO3,7.11
2024-04-30,VBBR3,23.46
2024-04-30,VIVA3,22.16
2024-04-30,VIVT3,47.34
2024-04-30,WEGE3,39.55
2024-04-30,YDUQ3,14.59
2024-05-02,ABEV3,12.33
2024-05-02,ALOS3,20.27
2024-05-02,ALPA4,9.76
2024-05-02,AMER3,0.56
2024-05-02,ARZZ3,52.55
2024-05-02,ASAI3,13.12
2024-05-02,AURE3,11.48
2024-05-02,AZUL4,10.16
2024-05-02,B3SA3,11.06
2024-05-02,BBAS3,27.71
2024-05-02,BBDC3,12.39
2024-05-02,BBDC4,13.84
2024-05-02,BBSE3,32.42
2024-05-02,BEEF3,6.07
2024-05-02,BHIA3,7.89
2024-05-02,BPAC11,34.17
2024-05-02,BPAN4,9.42
2024-05-02,BRAP4,20.21
2024-05-02,BRFS3,16.71
2024-05-02,BRKM5,22.06
2024-05-02,CASH3,4.6
2024-05-02,CCRO3,12.53
2024-05-02,CEAB3,11.14
2024-05-02,CIEL3,5.59
2024-05-02,CMIG4,10.39
2024-05-02,CMIN3,5.12
2024-05-02,COGN3,2.23
2024-05-02,CPFE3,32.31
2024-05-02,CPLE3,8.46
2024-05-02,CPLE6,9.38
2024-05-02,CRFB3,11.15
2024-05-02,CSAN3,14.45
2024-05-02,CSMG3,19.59
2024-05-02,CSNA3,14.02
2024-05-02,CURY3,19.82
2024-05-02,CVCB3,2.26
2024-05-02,CXSE3,15.9
2024-05-02,CYRE3,20.59
2024-05-02,DIRR3,23.85
2024-05-02,DXCO3,7.51
2024-05-02,ECOR3,7.27
2024-05-02,EGIE3,41.49
2024-05-02,ELET3,38.38
2024-05-02,ELET6,42.4
2024-05-02,EMBR3,32.72
2024-05-02,ENEV3,12.5
2024-05-02,ENGI11,45.74
2024-05-02,EQTL3,30.2
2024-05-02,EZTC3,13.81
2024-05-02,FLRY3,14.56
2024-05-02,GGBR4,18.63
2024-05-02,GOAU4,10.84
2024-05-02,GOLL4,1.34
2024-05-02,HAPV3,3.72
2024-05-02,HYPE3,29.79
2024-05-02,IGTI11,21.62
2024-05-02,IRBR3,43.75
2024-05-02,ITSA4,9.71
2024-05-02,ITUB4,31.8
2024-05-02,JBSS3,23.87
2024-05-02,JHSF3,4.32
2024-05-02,KLBN11,23.17
2024-05-02,LOGG3,22.29
2024-05-02,LREN3,15.63
2024-05-02,LWSA3,4.93
2024-05-02,MGLU3,1.46
2024-05-02,MRFG3,9.51
2024-05-02,MRVE3,7.05
2024-05-02,MULT3,23.43
2024-05-02,NTCO3,16.72
2024-05-02,PCAR3,3.18
2024-05-02,PETR3,44.43
2024-05-02,PETR4,42.18
2024-05-02,PETZ3,4.86
2024-05-02,POMO4,6.64
2024-05-02,PRIO3,47.42
2024-05-02,PSSA3,29.87
2024-05-02,QUAL3,1.62
2024-05-02,RADL3,25.64
2024-05-02,RAIL3,20.53
2024-05-02,RAIZ4,3.14
2024-05-02,RDOR3,26.47
2024-05-02,RECV3,21.8
2024-05-02,RENT3,48.51
2024-05-02,RRRP3,32.97
2024-05-02,SANB11,29.62
2024-05-02,SBSP3,80.29
2024-05-02,SLCE3,18.12
2024-05-02,SMFT3,24.48
2024-05-02,SMTO3,28.39
2024-05-02,SOMA3,6.11
2024-05-02,STBP3,14.0
2024-05-02,SUZB3,59.01
2024-05-02,TAEE11,36.22
2024-05-02,TEND3,12.59
2024-05-02,TIMS3,18.14
2024-05-02,TOTS3,27.75
2024-05-02,TRPL4,25.7
2024-05-02,UGPA3,26.34
2024-05-02,USIM5,7.98
2024-05-02,VALE3,63.92
2024-05-02,VAMO3,7.21
2024-05-02,VBBR3,23.31
2024-05-02,VIVA3,22.59
2024-05-02,VIVT3,49.66
2024-05-02,WEGE3,38.85
2024-05-02,YDUQ3,15.14
2024-05-03,ABEV3,12.37
2024-05-03,ALOS3,20.99
2024-05-03,ALPA4,9.78
2024-05-03,AMER3,0.54
2024-05-03,ARZZ3,52.63
2024-05-03,ASAI3,13.53
2024-05-03,AURE3,11.68
2024-05-03,AZUL4,10.95
2024-05-03,B3SA3,11.39
2024-05-03,BBAS3,28.22
2024-05-03,BBDC3,12.49
2024-05-03,BBDC4,13.78
2024-05-03,BBSE3,32.84
2024-05-03,BEEF3,6.24
2024-05-03,BHIA3,7.95
2024-05-03,BPAC11,35.32
2024-05-03,BPAN4,9.4
2024-05-03,BRAP4,20.23
2024-05-03,BRFS3,16.72
2024-05-03,BRKM5,23.05
2024-05-03,CASH3,4.65
2024-05-03,CCRO3,12.75
2024-05-03,CEAB3,12.02
2024-05-03,CIEL3,5.59
2024-05-03,CMIG4,10.52
2024-05-03,CMIN3,5.18
2024-05-03,COGN3,2.3
2024-05-03,CPFE3,33.08
2024-05-03,CPLE3,8.9
2024-05-03,CPLE6,9.6
2024-05-03,CRFB3,11.34
2024-05-03,CSAN3,14.74
2024-05-03,CSMG3,19.38
2024-05-03,CSNA3,14.25
2024-05-03,CURY3,20.61
2024-05-03,CVCB3,2.39
2024-05-03,CXSE3,16.44
2024-05-03,CYRE3,21.81
2024-05-03,DIRR3,24.7
2024-05-03,DXCO3,7.83
2024-05-03,ECOR3,7.42
2024-05-03,EGIE3,42.64
2024-05-03,ELET3,38.95
2024-05-03,ELET6,43.03
2024-05-03,EMBR3,34.25
2024-05-03,ENEV3,12.76
2024-05-03,ENGI11,47.46
2024-05-03,EQTL3,31.61
2024-05-03,EZTC3,14.64
2024-05-03,FLRY3,14.83
2024-05-03,GGBR4,19.66
2024-05-03,GOAU4,11.42
2024-05-03,GOLL4,1.37
2024-05-03,HAPV3,3.85
2024-05-03,HYPE3,30.26
2024-05-03,IGTI11,22.2
2024-05-03,IRBR3,44.5
2024-05-03,ITSA4,9.82
2024-05-03,ITUB4,32.2
2024-05-03,JBSS3,23.86
2024-05-03,JHSF3,4.36
2024-05-03,KLBN11,23.33
2024-05-03,LOGG3,22.9
2024-05-03,LREN3,16.4
2024-05-03,LWSA3,5.0
2024-05-03,MGLU3,1.57
2024-05-03,MRFG3,9.56
2024-05-03,MRVE3,7.19
2024-05-03,MULT3,24.6
2024-05-03,NTCO3,17.08
2024-05-03,PCAR3,3.39
2024-05-03,PETR3,42.01
2024-05-03,PETR4,39.89
2024-05-03,PETZ3,4.87
2024-05-03,POMO4,7.03
2024-05-03,PRIO3,46.75
2024-05-03,PSSA3,29.94
2024-05-03,QUAL3,1.7
2024-05-03,RADL3,26.24
2024-05-03,RAIL3,21.0
2024-05-03,RAIZ4,3.23
2024-05-03,RDOR3,26.82
2024-05-03,RECV3,21.55
2024-05-03,RENT3,49.88
2024-05-03,RRRP3,33.25
2024-05-03,SANB11,29.6
2024-05-03,SBSP3,80.8
2024-05-03,SLCE3,18.31
2024-05-03,SMFT3,25.46
2024-05-03,SMTO3,28.59
2024-05-03,SOMA3,6.17
2024-05-03,STBP3,14.03
2024-05-03,SUZB3,59.17
2024-05-03,TAEE11,36.55
2024-05-03,TEND3,13.62
2024-05-03,TIMS3,18.61
2024-05-03,TOTS3,28.18
2024-05-03,TRPL4,26.09
2024-05-03,UGPA3,26.63
2024-05-03,USIM5,8.0
2024-05-03,VALE3,63.99
2024-05-03,VAMO3,7.48
2024-05-03,VBBR3,24.09
2024-05-03,VIVA3,22.87
2024-05-03,VIVT3,50.35
2024-05-03,WEGE3,38.77
2024-05-03,YDUQ3,16.18
2024-05-06,ABEV3,12.45
2024-05-06,ALOS3,20.93
2024-05-06,ALPA4,9.78
2024-05-06,AMER3,0.54
2024-05-06,ARZZ3,51.75
2024-05-06,ASAI3,13.34
2024-05-06,AURE3,11.65
2024-05-06,AZUL4,10.93
2024-05-06,B3SA3,11.51
2024-05-06,BBAS3,28.38
2024-05-06,BBDC3,12.32
2024-05-06,BBDC4,13.77
2024-05-06,BBSE3,33.26
2024-05-06,BEEF3,6.01
2024-05-06,BHIA3,6.97
2024-05-06,BPAC11,35.15
2024-05-06,BPAN4,9.54
2024-05-06,BRAP4,20.3
2024-05-06,BRFS3,16.18
2024-05-06,BRKM5,19.7
2024-05-06,CASH3,4.57
2024-05-06,CCRO3,12.5
2024-05-06,CEAB3,12.0
2024-05-06,CIEL3,5.59
2024-05-06,CMIG4,10.43
2024-05-06,CMIN3,5.11
2024-05-06,COGN3,2.3
2024-05-06,CPFE3,32.79
2024-05-06,CPLE3,8.73
2024-05-06,CPLE6,9.55
2024-05-06,CRFB3,11.22
2024-05-06,CSAN3,14.23
2024-05-06,CSMG3,19.86
2024-05-06,CSNA3,14.22
2024-05-06,CURY3,20.18
2024-05-06,CVCB3,2.37
2024-05-06,CXSE3,16.75
2024-05-06,CYRE3,21.59
2024-05-06,DIRR3,24.6
2024-05-06,DXCO3,7.55
2024-05-06,ECOR3,7.09
2024-05-06,EGIE3,43.29
2024-05-06,ELET3,39.18
2024-05-06,ELET6,43.18
2024-05-06,EMBR3,34.35
2024-05-06,ENEV3,12.7
2024-05-06,ENGI11,46.85
2024-05-06,EQTL3,31.21
2024-05-06,EZTC3,14.73
2024-05-06,FLRY3,14.89
2024-05-06,GGBR4,19.64
2024-05-06,GOAU4,11.41
2024-05-06,GOLL4,1.33
2024-05-06,HAPV3,3.88
2024-05-06,HYPE3,30.03
2024-05-06,IGTI11,21.9
2024-05-06,IRBR3,42.99
2024-05-06,ITSA4,9.83
2024-05-06,ITUB4,32.4
2024-05-06,JBSS3,23.88
2024-05-06,JHSF3,4.26
2024-05-06,KLBN11,22.9
2024-05-06,LOGG3,22.62
2024-05-06,LREN3,15.95
2024-05-06,LWSA3,4.95
2024-05-06,MGLU3,1.57
2024-05-06,MRFG3,9.09
2024-05-06,MRVE3,7.13
2024-05-06,MULT3,24.41
2024-05-06,NTCO3,17.27
2024-05-06,PCAR3,3.48
2024-05-06,PETR3,42.22
2024-05-06,PETR4,40.16
2024-05-06,PETZ3,5.07
2024-05-06,POMO4,6.6
2024-05-06,PRIO3,47.19
2024-05-06,PSSA3,29.8
2024-05-06,QUAL3,1.69
2024-05-06,RADL3,26.33
2024-05-06,RAIL3,20.8
2024-05-06,RAIZ4,3.16
2024-05-06,RDOR3,27.21
2024-05-06,RECV3,21.52
2024-05-06,RENT3,48.88
2024-05-06,RRRP3,33.64
2024-05-06,SANB11,29.6
2024-05-06,SBSP3,79.75
2024-05-06,SLCE3,18.59
2024-05-06,SMFT3,24.41
2024-05-06,SMTO3,28.56
2024-05-06,SOMA3,6.11
2024-05-06,STBP3,13.42
2024-05-06,SUZB3,59.48
2024-05-06,TAEE11,35.56
2024-05-06,TEND3,13.11
2024-05-06,TIMS3,18.55
2024-05-06,TOTS3,27.91
2024-05-06,TRPL4,26.45
2024-05-06,UGPA3,26.19
2024-05-06,USIM5,8.04
2024-05-06,VALE3,64.18
2024-05-06,VAMO3,7.28
2024-05-06,VBBR3,23.47
2024-05-06,VIVA3,23.07
2024-05-06,VIVT3,50.56
2024-05-06,WEGE3,38.63
2024-05-06,YDUQ3,16.35
2024-05-07,ABEV3,12.6
2024-05-07,ALOS3,21.08
2024-05-07,ALPA4,9.68
2024-05-07,AMER3,0.54
2024-05-07,ARZZ3,51.79
2024-05-07,ASAI3,13.55
2024-05-07,AURE3,11.71
2024-05-07,AZUL4,10.96
2024-05-07,B3SA3,11.58
2024-05-07,BBAS3,28.29
2024-05-07,BBDC3,12.36
2024-05-07,BBDC4,13.77
2024-05-07,BBSE3,32.8
2024-05-07,BEEF3,6.02
2024-05-07,BHIA3,7.03
2024-05-07,BPAC11,35.32
2024-05-07,BPAN4,9.57
2024-05-07,BRAP4,20.33
2024-05-07,BRFS3,16.65
2024-05-07,BRKM5,20.05
2024-05-07,CASH3,4.6
2024-05-07,CCRO3,12.85
2024-05-07,CEAB3,12.2
2024-05-07,CIEL3,5.57
2024-05-07,CMIG4,10.32
2024-05-07,CMIN3,5.13
2024-05-07,COGN3,2.29
2024-05-07,CPFE3,32.9
2024-05-07,CPLE3,8.61
2024-05-07,CPLE6,9.56
2024-05-07,CRFB3,11.65
2024-05-07,CSAN3,14.66
2024-05-07,CSMG3,19.47
2024-05-07,CSNA3,14.03
2024-05-07,CURY3,20.13
2024-05-07,CVCB3,2.32
2024-05-07,CXSE3,16.44
2024-05-07,CYRE3,21.73
2024-05-07,DIRR3,24.75
2024-05-07,DXCO3,7.49
2024-05-07,ECOR3,7.26
2024-05-07,EGIE3,41.73
2024-05-07,ELET3,39.4
2024-05-07,ELET6,43.47
2024-05-07,EMBR3,33.66
2024-05-07,ENEV3,12.72
2024-05-07,ENGI11,47.21
2024-05-07,EQTL3,31.51
2024-05-07,EZTC3,14.88
2024-05-07,FLRY3,14.92
2024-05-07,GGBR4,19.31
2024-05-07,GOAU4,11.31
2024-05-07,GOLL4,1.34
2024-05-07,HAPV3,4.04
2024-05-07,HYPE3,30.14
2024-05-07,IGTI11,21.77
2024-05-07,IRBR3,39.22
2024-05-07,ITSA4,9.98
2024-05-07,ITUB4,33.07
2024-05-07,JBSS3,24.31
2024-05-07,JHSF3,4.21
2024-05-07,KLBN11,21.16
2024-05-07,LOGG3,22.68
2024-05-07,LREN3,15.93
2024-05-07,LWSA3,4.93
2024-05-07,MGLU3,1.61
2024-05-07,MRFG3,9.39
2024-05-07,MRVE3,7.14
2024-05-07,MULT3,24.07
2024-05-07,NTCO3,17.34
2024-05-07,PCAR3,3.4
2024-05-07,PETR3,43.24
2024-05-07,PETR4,40.65
2024-05-07,PETZ3,5.15
2024-05-07,POMO4,6.87
2024-05-07,PRIO3,47.17
2024-05-07,PSSA3,29.47
2024-05-07,QUAL3,1.71
2024-05-07,RADL3,26.16
2024-05-07,RAIL3,20.74
2024-05-07,RAIZ4,3.2
2024-05-07,RDOR3,29.75
2024-05-07,RECV3,21.48
2024-05-07,RENT3,49.63
2024-05-07,RRRP3,33.46
2024-05-07,SANB11,29.5
2024-05-07,SBSP3,80.14
2024-05-07,SLCE3,18.7
2024-05-07,SMFT3,24.53
2024-05-07,SMTO3,29.64
2024-05-07,SOMA3,6.08
2024-05-07,STBP3,13.7
2024-05-07,SUZB3,52.18
2024-05-07,TAEE11,35.34
2024-05-07,TEND3,12.41
2024-05-07,TIMS3,17.4
2024-05-07,TOTS3,27.88
2024-05-07,TRPL4,26.08
2024-05-07,UGPA3,26.62
2024-05-07,USIM5,8.01
2024-05-07,VALE3,64.58
2024-05-07,VAMO3,8.23
2024-05-07,VBBR3,23.35
2024-05-07,VIVA3,23.97
2024-05-07,VIVT3,49.74
2024-05-07,WEGE3,38.9
2024-05-07,YDUQ3,16.29
2024-05-08,ABEV3,12.17
2024-05-08,ALOS3,21.12
2024-05-08,ALPA4,9.8
2024-05-08,AMER3,0.54
2024-05-08,ARZZ3,51.98
2024-05-08,ASAI3,13.52
2024-05-08,AURE3,11.64
2024-05-08,AZUL4,11.12
2024-05-08,B3SA3,11.67
2024-05-08,BBAS3,28.38
2024-05-08,BBDC3,12.28
2024-05-08,BBDC4,13.8
2024-05-08,BBSE3,32.62
2024-05-08,BEEF3,6.08
2024-05-08,BHIA3,6.96
2024-05-08,BPAC11,34.61
2024-05-08,BPAN4,9.49
2024-05-08,BRAP4,20.21
2024-05-08,BRFS3,18.51
2024-05-08,BRKM5,19.71
2024-05-08,CASH3,4.6
2024-05-08,CCRO3,12.73
2024-05-08,CEAB3,12.52
2024-05-08,CIEL3,5.58
2024-05-08,CMIG4,10.4
2024-05-08,CMIN3,5.12
2024-05-08,COGN3,2.3
2024-05-08,CPFE3,33.22
2024-05-08,CPLE3,8.56
2024-05-08,CPLE6,9.54
2024-05-08,CRFB3,11.9
2024-05-08,CSAN3,14.76
2024-05-08,CSMG3,19.72
2024-05-08,CSNA3,14.06
2024-05-08,CURY3,20.47
2024-05-08,CVCB3,2.37
2024-05-08,CXSE3,16.6
2024-05-08,CYRE3,21.69
2024-05-08,DIRR3,25.14
2024-05-08,DXCO3,7.67
2024-05-08,ECOR3,7.23
2024-05-08,EGIE3,43.6
2024-05-08,ELET3,39.59
2024-05-08,ELET6,43.89
2024-05-08,EMBR3,33.58
2024-05-08,ENEV3,12.54
2024-05-08,ENGI11,46.75
2024-05-08,EQTL3,31.43
2024-05-08,EZTC3,14.61
2024-05-08,FLRY3,14.93
2024-05-08,GGBR4,19.45
2024-05-08,GOAU4,11.34
2024-05-08,GOLL4,1.3
2024-05-08,HAPV3,4.13
2024-05-08,HYPE3,30.45
2024-05-08,IGTI11,21.4
2024-05-08,IRBR3,39.77
2024-05-08,ITSA4,10.09
2024-05-08,ITUB4,33.28
2024-05-08,JBSS3,24.47
2024-05-08,JHSF3,4.27
2024-05-08,KLBN11,21.47
2024-05-08,LOGG3,22.51
2024-05-08,LREN3,16.85
2024-05-08,LWSA3,4.93
2024-05-08,MGLU3,1.65
2024-05-08,MRFG3,10.44
2024-05-08,MRVE3,7.44
2024-05-08,MULT3,23.96
2024-05-08,NTCO3,17.59
2024-05-08,PCAR3,3.2
2024-05-08,PETR3,43.7
2024-05-08,PETR4,41.27
2024-05-08,PETZ3,4.84
2024-05-08,POMO4,6.74
2024-05-08,PRIO3,46.54
2024-05-08,PSSA3,29.49
2024-05-08,QUAL3,1.68
2024-05-08,RADL3,26.24
2024-05-08,RAIL3,20.67
2024-05-08,RAIZ4,3.12
2024-05-08,RDOR3,29.52
2024-05-08,RECV3,21.48
2024-05-08,RENT3,50.18
2024-05-08,RRRP3,33.3
2024-05-08,SANB11,29.26
2024-05-08,SBSP3,80.17
2024-05-08,SLCE3,18.66
2024-05-08,SMFT3,24.54
2024-05-08,SMTO3,29.3
2024-05-08,SOMA3,6.09
2024-05-08,STBP3,13.85
2024-05-08,SUZB3,52.32
2024-05-08,TAEE11,35.65
2024-05-08,TEND3,12.95
2024-05-08,TIMS3,17.19
2024-05-08,TOTS3,28.15
2024-05-08,TRPL4,25.71
2024-05-08,UGPA3,26.8
2024-05-08,USIM5,8.06
2024-05-08,VALE3,63.99
2024-05-08,VAMO3,8.23
2024-05-08,VBBR3,23.39
2024-05-08,VIVA3,24.32
2024-05-08,VIVT3,46.94
2024-05-08,WEGE3,39.09
2024-05-08,YDUQ3,16.07
2024-05-09,ABEV3,12.05
2024-05-09,ALOS3,20.59
2024-05-09,ALPA4,9.96
2024-05-09,AMER3,0.53
2024-05-09,ARZZ3,49.75
2024-05-09,ASAI3,13.45
2024-05-09,AURE3,11.81
2024-05-09,AZUL4,11.08
2024-05-09,B3SA3,11.21
2024-05-09,BBAS3,27.14
2024-05-09,BBDC3,11.96
2024-05-09,BBDC4,13.45
2024-05-09,BBSE3,32.62
2024-05-09,BEEF3,6.24
2024-05-09,BHIA3,7.12
2024-05-09,BPAC11,33.21
2024-05-09,BPAN4,9.44
2024-05-09,BRAP4,20.28
2024-05-09,BRFS3,18.91
2024-05-09,BRKM5,19.28
2024-05-09,CASH3,4.7
2024-05-09,CCRO3,12.73
2024-05-09,CEAB3,12.26
2024-05-09,CIEL3,5.59
2024-05-09,CMIG4,10.28
2024-05-09,CMIN3,5.08
2024-05-09,COGN3,2.17
2024-05-09,CPFE3,32.67
2024-05-09,CPLE3,8.26
2024-05-09,CPLE6,9.24
2024-05-09,CRFB3,11.53
2024-05-09,CSAN3,14.54
2024-05-09,CSMG3,19.33
2024-05-09,CSNA3,13.88
2024-05-09,CURY3,18.97
2024-05-09,CVCB3,2.27
2024-05-09,CXSE3,16.21
2024-05-09,CYRE3,21.32
2024-05-09,DIRR3,24.65
2024-05-09,DXCO3,7.67
2024-05-09,ECOR3,7.15
2024-05-09,EGIE3,43.77
2024-05-09,ELET3,38.11
2024-05-09,ELET6,42.27
2024-05-09,EMBR3,33.99
2024-05-09,ENEV3,12.58
2024-05-09,ENGI11,46.86
2024-05-09,EQTL3,30.93
2024-05-09,EZTC3,13.99
2024-05-09,FLRY3,14.75
2024-05-09,GGBR4,19.35
2024-05-09,GOAU4,11.27
2024-05-09,GOLL4,1.24
2024-05-09,HAPV3,4.1
2024-05-09,HYPE3,30.39
2024-05-09,IGTI11,21.0
2024-05-09,IRBR3,39.51
2024-05-09,ITSA4,9.93
2024-05-09,ITUB4,32.28
2024-05-09,JBSS3,24.61
2024-05-09,JHSF3,4.2
2024-05-09,KLBN11,21.68
2024-05-09,LOGG3,22.25
2024-05-09,LREN3,15.76
2024-05-09,LWSA3,5.13
2024-05-09,MGLU3,1.67
2024-05-09,MRFG3,10.4
2024-05-09,MRVE3,7.34
2024-05-09,MULT3,23.44
2024-05-09,NTCO3,17.21
2024-05-09,PCAR3,3.13
2024-05-09,PETR3,44.47
2024-05-09,PETR4,41.67
2024-05-09,PETZ3,4.77
2024-05-09,POMO4,6.7
2024-05-09,PRIO3,46.78
2024-05-09,PSSA3,28.77
2024-05-09,QUAL3,1.66
2024-05-09,RADL3,26.17
2024-05-09,RAIL3,20.46
2024-05-09,RAIZ4,3.07
2024-05-09,RDOR3,30.27
2024-05-09,RECV3,21.35
2024-05-09,RENT3,49.55
2024-05-09,RRRP3,31.08
2024-05-09,SANB11,28.67
2024-05-09,SBSP3,79.24
2024-05-09,SLCE3,18.5
2024-05-09,SMFT3,23.53
2024-05-09,SMTO3,29.18
2024-05-09,SOMA3,5.85
2024-05-09,STBP3,13.16
2024-05-09,SUZB3,52.7
2024-05-09,TAEE11,34.81
2024-05-09,TEND3,12.6
2024-05-09,TIMS3,16.88
2024-05-09,TOTS3,28.52
2024-05-09,TRPL4,25.3
2024-05-09,UGPA3,25.1
2024-05-09,USIM5,8.0
2024-05-09,VALE3,64.51
2024-05-09,VAMO3,8.1
2024-05-09,VBBR3,23.59
2024-05-09,VIVA3,23.92
2024-05-09,VIVT3,45.53
2024-05-09,WEGE3,38.9
2024-05-09,YDUQ3,16.12
2024-05-10,ABEV3,12.04
2024-05-10,ALOS3,21.2
2024-05-10,ALPA4,10.29
2024-05-10,AMER3,0.53
2024-05-10,ARZZ3,47.82
2024-05-10,ASAI3,13.41
2024-05-10,AURE3,11.83
2024-05-10,AZUL4,11.03
2024-05-10,B3SA3,10.94
2024-05-10,BBAS3,27.62
2024-05-10,BBDC3,11.95
2024-05-10,BBDC4,13.37
2024-05-10,BBSE3,33.13
2024-05-10,BEEF3,6.34
2024-05-10,BHIA3,6.81
2024-05-10,BPAC11,33.52
2024-05-10,BPAN4,9.59
2024-05-10,BRAP4,20.1
2024-05-10,BRFS3,18.32
2024-05-10,BRKM5,19.06
2024-05-10,CASH3,4.88
2024-05-10,CCRO3,12.65
2024-05-10,CEAB3,10.23
2024-05-10,CIEL3,5.58
2024-05-10,CMIG4,10.13
2024-05-10,CMIN3,5.07
2024-05-10,COGN3,2.07
2024-05-10,CPFE3,32.44
2024-05-10,CPLE3,8.17
2024-05-10,CPLE6,9.13
2024-05-10,CRFB3,11.13
2024-05-10,CSAN3,14.28
2024-05-10,CSMG3,19.6
2024-05-10,CSNA3,13.84
2024-05-10,CURY3,19.32
2024-05-10,CVCB3,2.25
2024-05-10,CXSE3,16.08
2024-05-10,CYRE3,20.91
2024-05-10,DIRR3,25.25
2024-05-10,DXCO3,7.45
2024-05-10,ECOR3,7.25
2024-05-10,EGIE3,43.0
2024-05-10,ELET3,37.87
2024-05-10,ELET6,41.97
2024-05-10,EMBR3,33.5
2024-05-10,ENEV3,12.47
2024-05-10,ENGI11,47.56
2024-05-10,EQTL3,30.6
2024-05-10,EZTC3,13.9
2024-05-10,FLRY3,14.45
2024-05-10,GGBR4,19.14
2024-05-10,GOAU4,11.1
2024-05-10,GOLL4,1.27
2024-05-10,HAPV3,4.05
2024-05-10,HYPE3,30.03
2024-05-10,IGTI11,21.19
2024-05-10,IRBR3,38.8
2024-05-10,ITSA4,10.04
2024-05-10,ITUB4,32.65
2024-05-10,JBSS3,24.62
2024-05-10,JHSF3,4.2
2024-05-10,KLBN11,21.53
2024-05-10,LOGG3,22.3
2024-05-10,LREN3,15.1
2024-05-10,LWSA3,4.92
2024-05-10,MGLU3,1.54
2024-05-10,MRFG3,9.95
2024-05-10,MRVE3,7.02
2024-05-10,MULT3,23.65
2024-05-10,NTCO3,17.25
2024-05-10,PCAR3,3.1
2024-05-10,PETR3,44.13
2024-05-10,PETR4,41.58
2024-05-10,PETZ3,4.52
2024-05-10,POMO4,6.72
2024-05-10,PRIO3,47.0
2024-05-10,PSSA3,28.53
2024-05-10,QUAL3,1.63
2024-05-10,RADL3,25.65
2024-05-10,RAIL3,20.98
2024-05-10,RAIZ4,3.02
2024-05-10,RDOR3,30.62
2024-05-10,RECV3,21.31
2024-05-10,RENT3,47.0
2024-05-10,RRRP3,30.21
2024-05-10,SANB11,28.5
2024-05-10,SBSP3,78.41
2024-05-10,SLCE3,18.48
2024-05-10,SMFT3,23.15
2024-05-10,SMTO3,28.29
2024-05-10,SOMA3,5.63
2024-05-10,STBP3,12.7
2024-05-10,SUZB3,51.7
2024-05-10,TAEE11,34.62
2024-05-10,TEND3,12.22
2024-05-10,TIMS3,16.68
2024-05-10,TOTS3,28.0
2024-05-10,TRPL4,25.24
2024-05-10,UGPA3,24.48
2024-05-10,USIM5,7.96
2024-05-10,VALE3,64.29
2024-05-10,VAMO3,8.05
2024-05-10,VBBR3,23.88
2024-05-10,VIVA3,23.06
2024-05-10,VIVT3,45.11
2024-05-10,WEGE3,38.97
2024-05-10,YDUQ3,15.61
2024-05-13,ABEV3,12.06
2024-05-13,ALOS3,21.37
2024-05-13,ALPA4,10.27
2024-05-13,AMER3,0.53
2024-05-13,ARZZ3,47.21
2024-05-13,ASAI3,13.34
2024-05-13,AURE3,11.89
2024-05-13,AZUL4,11.18
2024-05-13,B3SA3,11.23
2024-05-13,BBAS3,27.83
2024-05-13,BBDC3,11.92
2024-05-13,BBDC4,13.43
2024-05-13,BBSE3,33.6
2024-05-13,BEEF3,6.19
2024-05-13,BHIA3,7.26
2024-05-13,BPAC11,34.07
2024-05-13,BPAN4,9.86
2024-05-13,BRAP4,20.13
2024-05-13,BRFS3,18.13
2024-05-13,BRKM5,19.03
2024-05-13,CASH3,5.1
2024-05-13,CCRO3,12.71
2024-05-13,CEAB3,10.15
2024-05-13,CIEL3,5.58
2024-05-13,CMIG4,10.17
2024-05-13,CMIN3,5.5
2024-05-13,COGN3,2.03
2024-05-13,CPFE3,33.04
2024-05-13,CPLE3,8.26
2024-05-13,CPLE6,9.25
2024-05-13,CRFB3,10.94
2024-05-13,CSAN3,14.35
2024-05-13,CSMG3,20.0
2024-05-13,CSNA3,14.14
2024-05-13,CURY3,19.15
2024-05-13,CVCB3,2.21
2024-05-13,CXSE3,15.8
2024-05-13,CYRE3,20.6
2024-05-13,DIRR3,25.41
2024-05-13,DXCO3,7.52
2024-05-13,ECOR3,7.35
2024-05-13,EGIE3,43.91
2024-05-13,ELET3,37.94
2024-05-13,ELET6,42.02
2024-05-13,EMBR3,34.27
2024-05-13,ENEV3,12.4
2024-05-13,ENGI11,46.72
2024-05-13,EQTL3,30.55
2024-05-13,EZTC3,13.77
2024-05-13,FLRY3,14.47
2024-05-13,GGBR4,19.31
2024-05-13,GOAU4,11.23
2024-05-13,GOLL4,1.24
2024-05-13,HAPV3,4.03
2024-05-13,HYPE3,30.36
2024-05-13,IGTI11,21.09
2024-05-13,IRBR3,37.65
2024-05-13,ITSA4,10.12
2024-05-13,ITUB4,33.05
2024-05-13,JBSS3,25.12
2024-05-13,JHSF3,4.21
2024-05-13,KLBN11,21.67
2024-05-13,LOGG3,22.36
2024-05-13,LREN3,15.13
2024-05-13,LWSA3,4.77
2024-05-13,MGLU3,1.58
2024-05-13,MRFG3,10.07
2024-05-13,MRVE3,7.0
2024-05-13,MULT3,23.67
2024-05-13,NTCO3,17.4
2024-05-13,PCAR3,3.03
2024-05-13,PETR3,44.14
2024-05-13,PETR4,41.62
2024-05-13,PETZ3,4.5
2024-05-13,POMO4,6.79
2024-05-13,PRIO3,46.4
2024-05-13,PSSA3,28.1
2024-05-13,QUAL3,1.66
2024-05-13,RADL3,26.55
2024-05-13,RAIL3,20.84
2024-05-13,RAIZ4,2.98
2024-05-13,RDOR3,30.78
2024-05-13,RECV3,21.4
2024-05-13,RENT3,46.3
2024-05-13,RRRP3,30.36
2024-05-13,SANB11,28.56
2024-05-13,SBSP3,78.47
2024-05-13,SLCE3,18.43
2024-05-13,SMFT3,22.85
2024-05-13,SMTO3,28.0
2024-05-13,SOMA3,5.6
2024-05-13,STBP3,13.27
2024-05-13,SUZB3,50.7
2024-05-13,TAEE11,35.0
2024-05-13,TEND3,11.98
2024-05-13,TIMS3,16.77
2024-05-13,TOTS3,28.07
2024-05-13,TRPL4,25.35
2024-05-13,UGPA3,24.45
2024-05-13,USIM5,7.98
2024-05-13,VALE3,64.67
2024-05-13,VAMO3,8.03
2024-05-13,VBBR3,23.63
2024-05-13,VIVA3,23.0
2024-05-13,VIVT3,45.4
2024-05-13,WEGE3,39.08
2024-05-13,YDUQ3,13.76
2024-05-14,ABEV3,12.16
2024-05-14,ALOS3,21.37
2024-05-14,ALPA4,9.99
2024-05-14,AMER3,0.54
2024-05-14,ARZZ3,46.83
2024-05-14,ASAI3,13.16
2024-05-14,AURE3,11.99
2024-05-14,AZUL4,11.09
2024-05-14,B3SA3,11.47
2024-05-14,BBAS3,28.01
2024-05-14,BBDC3,11.99
2024-05-14,BBDC4,13.42
2024-05-14,BBSE3,34.0
2024-05-14,BEEF3,6.19
2024-05-14,BHIA3,7.1
2024-05-14,BPAC11,34.69
2024-05-14,BPAN4,10.02
2024-05-14,BRAP4,19.95
2024-05-14,BRFS3,18.29
2024-05-14,BRKM5,19.5
2024-05-14,CASH3,5.6
2024-05-14,CCRO3,12.78
2024-05-14,CEAB3,10.27
2024-05-14,CIEL3,5.58
2024-05-14,CMIG4,10.33
2024-05-14,CMIN3,5.36
2024-05-14,COGN3,2.05
2024-05-14,CPFE3,34.03
2024-05-14,CPLE3,8.46
2024-05-14,CPLE6,9.42
2024-05-14,CRFB3,10.75
2024-05-14,CSAN3,14.41
2024-05-14,CSMG3,20.63
2024-05-14,CSNA3,13.9
2024-05-14,CURY3,19.2
2024-05-14,CVCB3,2.23
2024-05-14,CXSE3,15.62
2024-05-14,CYRE3,20.63
2024-05-14,DIRR3,25.02
2024-05-14,DXCO3,7.52
2024-05-14,ECOR3,7.19
2024-05-14,EGIE3,44.23
2024-05-14,ELET3,38.24
2024-05-14,ELET6,42.03
2024-05-14,EMBR3,36.89
2024-05-14,ENEV3,12.5
2024-05-14,ENGI11,47.52
2024-05-14,EQTL3,31.12
2024-05-14,EZTC3,13.68
2024-05-14,FLRY3,14.66
2024-05-14,GGBR4,19.31
2024-05-14,GOAU4,11.21
2024-05-14,GOLL4,1.23
2024-05-14,HAPV3,4.45
2024-05-14,HYPE3,30.42
2024-05-14,IGTI11,20.82
2024-05-14,IRBR3,36.21
2024-05-14,ITSA4,10.28
2024-05-14,ITUB4,33.41
2024-05-14,JBSS3,25.15
2024-05-14,JHSF3,4.2
2024-05-14,KLBN11,21.45
2024-05-14,LOGG3,22.5
2024-05-14,LREN3,15.2
2024-05-14,LWSA3,4.75
2024-05-14,MGLU3,1.58
2024-05-14,MRFG3,10.16
2024-05-14,MRVE3,7.05
2024-05-14,MULT3,23.65
2024-05-14,NTCO3,15.76
2024-05-14,PCAR3,3.12
2024-05-14,PETR3,42.93
2024-05-14,PETR4,40.87
2024-05-14,PETZ3,4.4
2024-05-14,POMO4,6.95
2024-05-14,PRIO3,45.91
2024-05-14,PSSA3,28.57
2024-05-14,QUAL3,1.63
2024-05-14,RADL3,27.07
2024-05-14,RAIL3,20.64
2024-05-14,RAIZ4,3.0
2024-05-14,RDOR3,30.71
2024-05-14,RECV3,21.24
2024-05-14,RENT3,47.0
2024-05-14,RRRP3,29.59
2024-05-14,SANB11,28.65
2024-05-14,SBSP3,79.01
2024-05-14,SLCE3,18.37
2024-05-14,SMFT3,23.34
2024-05-14,SMTO3,27.72
2024-05-14,SOMA3,5.53
2024-05-14,STBP3,13.01
2024-05-14,SUZB3,49.86
2024-05-14,TAEE11,35.0
2024-05-14,TEND3,12.01
2024-05-14,TIMS3,16.88
2024-05-14,TOTS3,28.38
2024-05-14,TRPL4,25.89
2024-05-14,UGPA3,24.76
2024-05-14,USIM5,7.9
2024-05-14,VALE3,64.63
2024-05-14,VAMO3,7.93
2024-05-14,VBBR3,24.0
2024-05-14,VIVA3,22.67
2024-05-14,VIVT3,45.31
2024-05-14,WEGE3,39.61
2024-05-14,YDUQ3,13.89
2024-05-15,ABEV3,12.31
2024-05-15,ALOS3,22.13
2024-05-15,ALPA4,10.15
2024-05-15,AMER3,0.53
2024-05-15,ARZZ3,48.07
2024-05-15,ASAI3,13.42
2024-05-15,AURE3,12.03
2024-05-15,AZUL4,10.84
2024-05-15,B3SA3,11.51
2024-05-15,BBAS3,27.65
2024-05-15,BBDC3,11.93
2024-05-15,BBDC4,13.29
2024-05-15,BBSE3,34.24
2024-05-15,BEEF3,6.29
2024-05-15,BHIA3,7.28
2024-05-15,BPAC11,35.45
2024-05-15,BPAN4,10.04
2024-05-15,BRAP4,19.93
2024-05-15,BRFS3,18.54
2024-05-15,BRKM5,19.25
2024-05-15,CASH3,5.79
2024-05-15,CCRO3,12.77
2024-05-15,CEAB3,10.39
2024-05-15,CIEL3,5.58
2024-05-15,CMIG4,10.48
2024-05-15,CMIN3,5.16
2024-05-15,COGN3,2.08
2024-05-15,CPFE3,34.04
2024-05-15,CPLE3,8.68
2024-05-15,CPLE6,9.66
2024-05-15,CRFB3,10.63
2024-05-15,CSAN3,14.38
2024-05-15,CSMG3,20.87
2024-05-15,CSNA3,13.08
2024-05-15,CURY3,19.3
2024-05-15,CVCB3,2.15
2024-05-15,CXSE3,15.96
2024-05-15,CYRE3,20.75
2024-05-15,DIRR3,25.3
2024-05-15,DXCO3,7.57
2024-05-15,ECOR3,7.21
2024-05-15,EGIE3,43.96
2024-05-15,ELET3,38.18
2024-05-15,ELET6,42.25
2024-05-15,EMBR3,38.97
2024-05-15,ENEV3,12.62
2024-05-15,ENGI11,47.87
2024-05-15,EQTL3,31.55
2024-05-15,EZTC3,13.81
2024-05-15,FLRY3,14.35
2024-05-15,GGBR4,19.85
2024-05-15,GOAU4,11.45
2024-05-15,GOLL4,1.24
2024-05-15,HAPV3,4.4
2024-05-15,HYPE3,30.36
2024-05-15,IGTI11,21.13
2024-05-15,IRBR3,36.61
2024-05-15,ITSA4,10.27
2024-05-15,ITUB4,33.32
2024-05-15,JBSS3,27.19
2024-05-15,JHSF3,4.2
2024-05-15,KLBN11,21.62
2024-05-15,LOGG3,22.68
2024-05-15,LREN3,14.9
2024-05-15,LWSA3,4.71
2024-05-15,MGLU3,1.61
2024-05-15,MRFG3,10.8
2024-05-15,MRVE3,7.35
2024-05-15,MULT3,24.05
2024-05-15,NTCO3,16.48
2024-05-15,PCAR3,3.09
2024-05-15,PETR3,40.02
2024-05-15,PETR4,38.4
2024-05-15,PETZ3,4.43
2024-05-15,POMO4,7.0
2024-05-15,PRIO3,47.0
2024-05-15,PSSA3,31.25
2024-05-15,QUAL3,1.65
2024-05-15,RADL3,27.06
2024-05-15,RAIL3,20.49
2024-05-15,RAIZ4,3.03
2024-05-15,RDOR3,30.79
2024-05-15,RECV3,21.47
2024-05-15,RENT3,47.88
2024-05-15,RRRP3,29.43
2024-05-15,SANB11,28.06
2024-05-15,SBSP3,79.22
2024-05-15,SLCE3,18.39
2024-05-15,SMFT3,23.53
2024-05-15,SMTO3,27.39
2024-05-15,SOMA3,5.69
2024-05-15,STBP3,12.91
2024-05-15,SUZB3,50.54
2024-05-15,TAEE11,35.01
2024-05-15,TEND3,12.43
2024-05-15,TIMS3,17.12
2024-05-15,TOTS3,28.51
2024-05-15,TRPL4,26.68
2024-05-15,UGPA3,25.13
2024-05-15,USIM5,7.93
2024-05-15,VALE3,64.44
2024-05-15,VAMO3,8.08
2024-05-15,VBBR3,23.79
2024-05-15,VIVA3,23.04
2024-05-15,VIVT3,45.85
2024-05-15,WEGE3,39.62
2024-05-15,YDUQ3,13.77
2024-05-16,ABEV3,12.38
2024-05-16,ALOS3,22.05
2024-05-16,ALPA4,10.1
2024-05-16,AMER3,0.53
2024-05-16,ARZZ3,48.68
2024-05-16,ASAI3,13.47
2024-05-16,AURE3,11.83
2024-05-16,AZUL4,10.25
2024-05-16,B3SA3,11.6
2024-05-16,BBAS3,27.68
2024-05-16,BBDC3,11.93
2024-05-16,BBDC4,13.36
2024-05-16,BBSE3,34.45
2024-05-16,BEEF3,6.88
2024-05-16,BHIA3,7.65
2024-05-16,BPAC11,35.62
2024-05-16,BPAN4,10.08
2024-05-16,BRAP4,19.97
2024-05-16,BRFS3,19.15
2024-05-16,BRKM5,19.35
2024-05-16,CASH3,5.75
2024-05-16,CCRO3,12.71
2024-05-16,CEAB3,10.56
2024-05-16,CIEL3,5.59
2024-05-16,CMIG4,10.33
2024-05-16,CMIN3,5.19
2024-05-16,COGN3,2.07
2024-05-16,CPFE3,34.1
2024-05-16,CPLE3,8.71
2024-05-16,CPLE6,9.62
2024-05-16,CRFB3,10.7
2024-05-16,CSAN3,14.51
2024-05-16,CSMG3,20.61
2024-05-16,CSNA3,13.29
2024-05-16,CURY3,19.33
2024-05-16,CVCB3,1.99
2024-05-16,CXSE3,15.98
2024-05-16,CYRE3,20.92
2024-05-16,DIRR3,26.14
2024-05-16,DXCO3,7.59
2024-05-16,ECOR3,7.19
2024-05-16,EGIE3,44.25
2024-05-16,ELET3,38.43
2024-05-16,ELET6,42.72
2024-05-16,EMBR3,38.67
2024-05-16,ENEV3,12.7
2024-05-16,ENGI11,47.38
2024-05-16,EQTL3,31.29
2024-05-16,EZTC3,13.95
2024-05-16,FLRY3,14.67
2024-05-16,GGBR4,20.06
2024-05-16,GOAU4,11.43
2024-05-16,GOLL4,1.27
2024-05-16,HAPV3,4.49
2024-05-16,HYPE3,30.28
2024-05-16,IGTI11,20.87
2024-05-16,IRBR3,37.27
2024-05-16,ITSA4,10.32
2024-05-16,ITUB4,33.22
2024-05-16,JBSS3,28.45
2024-05-16,JHSF3,4.19
2024-05-16,KLBN11,21.82
2024-05-16,LOGG3,22.97
2024-05-16,LREN3,14.99
2024-05-16,LWSA3,4.64
2024-05-16,MGLU3,1.59
2024-05-16,MRFG3,11.28
2024-05-16,MRVE3,7.37
2024-05-16,MULT3,24.02
2024-05-16,NTCO3,16.63
2024-05-16,PCAR3,3.09
2024-05-16,PETR3,39.29
2024-05-16,PETR4,37.31
2024-05-16,PETZ3,4.4
2024-05-16,POMO4,7.06
2024-05-16,PRIO3,47.38
2024-05-16,PSSA3,30.91
2024-05-16,QUAL3,1.63
2024-05-16,RADL3,27.65
2024-05-16,RAIL3,21.04
2024-05-16,RAIZ4,3.02
2024-05-16,RDOR3,30.81
2024-05-16,RECV3,20.89
2024-05-16,RENT3,48.63
2024-05-16,RRRP3,29.4
2024-05-16,SANB11,28.05
2024-05-16,SBSP3,79.74
2024-05-16,SLCE3,18.46
2024-05-16,SMFT3,23.14
2024-05-16,SMTO3,27.2
2024-05-16,SOMA3,5.8
2024-05-16,STBP3,12.79
2024-05-16,SUZB3,51.37
2024-05-16,TAEE11,35.0
2024-05-16,TEND3,12.73
2024-05-16,TIMS3,17.38
2024-05-16,TOTS3,29.17
2024-05-16,TRPL4,25.88
2024-05-16,UGPA3,25.2
2024-05-16,USIM5,7.97
2024-05-16,VALE3,64.91
2024-05-16,VAMO3,8.42
2024-05-16,VBBR3,23.9
2024-05-16,VIVA3,23.37
2024-05-16,VIVT3,46.5
2024-05-16,WEGE3,39.6
2024-05-16,YDUQ3,13.1
2024-05-17,ABEV3,12.38
2024-05-17,ALOS3,21.89
2024-05-17,ALPA4,9.93
2024-05-17,AMER3,0.53
2024-05-17,ARZZ3,49.09
2024-05-17,ASAI3,13.63
2024-05-17,AURE3,11.75
2024-05-17,AZUL4,10.07
2024-05-17,B3SA3,11.42
2024-05-17,BBAS3,27.69
2024-05-17,BBDC3,12.02
2024-05-17,BBDC4,13.43
2024-05-17,BBSE3,34.17
2024-05-17,BEEF3,6.87
2024-05-17,BHIA3,7.78
2024-05-17,BPAC11,35.05
2024-05-17,BPAN4,9.99
2024-05-17,BRAP4,20.15
2024-05-17,BRFS3,19.36
2024-05-17,BRKM5,19.19
2024-05-17,CASH3,5.88
2024-05-17,CCRO3,12.69
2024-05-17,CEAB3,10.36
2024-05-17,CIEL3,5.58
2024-05-17,CMIG4,10.39
2024-05-17,CMIN3,5.25
2024-05-17,COGN3,2.04
2024-05-17,CPFE3,34.21
2024-05-17,CPLE3,8.67
2024-05-17,CPLE6,9.58
2024-05-17,CRFB3,10.68
2024-05-17,CSAN3,14.33
2024-05-17,CSMG3,20.48
2024-05-17,CSNA3,13.4
2024-05-17,CURY3,18.85
2024-05-17,CVCB3,2.01
2024-05-17,CXSE3,15.89
2024-05-17,CYRE3,20.62
2024-05-17,DIRR3,25.8
2024-05-17,DXCO3,7.7
2024-05-17,ECOR3,7.31
2024-05-17,EGIE3,43.58
2024-05-17,ELET3,38.2
2024-05-17,ELET6,42.27
2024-05-17,EMBR3,39.56
2024-05-17,ENEV3,12.75
2024-05-17,ENGI11,46.79
2024-05-17,EQTL3,30.74
2024-05-17,EZTC3,13.65
2024-05-17,FLRY3,14.56
2024-05-17,GGBR4,19.55
2024-05-17,GOAU4,11.3
2024-05-17,GOLL4,1.26
2024-05-17,HAPV3,4.51
2024-05-17,HYPE3,30.33
2024-05-17,IGTI11,20.82
2024-05-17,IRBR3,37.42
2024-05-17,ITSA4,10.26
2024-05-17,ITUB4,33.23
2024-05-17,JBSS3,29.19
2024-05-17,JHSF3,4.14
2024-05-17,KLBN11,21.33
2024-05-17,LOGG3,22.7
2024-05-17,LREN3,14.73
2024-05-17,LWSA3,4.63
2024-05-17,MGLU3,1.59
2024-05-17,MRFG3,11.52
2024-05-17,MRVE3,7.28
2024-05-17,MULT3,24.08
2024-05-17,NTCO3,16.48
2024-05-17,PCAR3,3.11
2024-05-17,PETR3,38.57
2024-05-17,PETR4,36.69
2024-05-17,PETZ3,4.45
2024-05-17,POMO4,6.9
2024-05-17,PRIO3,48.12
2024-05-17,PSSA3,31.33
2024-05-17,QUAL3,1.62
2024-05-17,RADL3,27.6
2024-05-17,RAIL3,20.74
2024-05-17,RAIZ4,2.97
2024-05-17,RDOR3,31.1
2024-05-17,RECV3,20.93
2024-05-17,RENT3,48.4
2024-05-17,RRRP3,31.5
2024-05-17,SANB11,27.7
2024-05-17,SBSP3,78.56
2024-05-17,SLCE3,18.41
2024-05-17,SMFT3,23.24
2024-05-17,SMTO3,27.03
2024-05-17,SOMA3,5.85
2024-05-17,STBP3,12.63
2024-05-17,SUZB3,51.45
2024-05-17,TAEE11,34.85
2024-05-17,TEND3,12.37
2024-05-17,TIMS3,17.28
2024-05-17,TOTS3,28.71
2024-05-17,TRPL4,26.19
2024-05-17,UGPA3,24.84
2024-05-17,USIM5,7.96
2024-05-17,VALE3,66.18
2024-05-17,VAMO3,8.52
2024-05-17,VBBR3,23.69
2024-05-17,VIVA3,23.06
2024-05-17,VIVT3,46.45
2024-05-17,WEGE3,39.64
2024-05-17,YDUQ3,12.9
2024-05-20,ABEV3,12.1
2024-05-20,ALOS3,21.61
2024-05-20,ALPA4,9.9
2024-05-20,AMER3,0.53
2024-05-20,ARZZ3,49.41
2024-05-20,ASAI3,13.44
2024-05-20,AURE3,11.87
2024-05-20,AZUL4,10.22
2024-05-20,B3SA3,11.43
2024-05-20,BBAS3,27.92
2024-05-20,BBDC3,11.99
2024-05-20,BBDC4,13.33
2024-05-20,BBSE3,33.7
2024-05-20,BEEF3,6.99
2024-05-20,BHIA3,7.48
2024-05-20,BPAC11,34.44
2024-05-20,BPAN4,9.96
2024-05-20,BRAP4,20.1
2024-05-20,BRFS3,19.65
2024-05-20,BRKM5,19.81
2024-05-20,CASH3,6.19
2024-05-20,CCRO3,12.54
2024-05-20,CEAB3,10.43
2024-05-20,CIEL3,5.6
2024-05-20,CMIG4,10.5
2024-05-20,CMIN3,5.38
2024-05-20,COGN3,2.05
2024-05-20,CPFE3,34.1
2024-05-20,CPLE3,8.57
2024-05-20,CPLE6,9.47
2024-05-20,CRFB3,10.76
2024-05-20,CSAN3,14.21
2024-05-20,CSMG3,20.77
2024-05-20,CSNA3,13.47
2024-05-20,CURY3,19.09
2024-05-20,CVCB3,2.04
2024-05-20,CXSE3,16.06
2024-05-20,CYRE3,20.49
2024-05-20,DIRR3,26.0
2024-05-20,DXCO3,7.86
2024-05-20,ECOR3,7.22
2024-05-20,EGIE3,44.19
2024-05-20,ELET3,36.85
2024-05-20,ELET6,41.47
2024-05-20,EMBR3,38.88
2024-05-20,ENEV3,12.7
2024-05-20,ENGI11,46.7
2024-05-20,EQTL3,30.57
2024-05-20,EZTC3,14.07
2024-05-20,FLRY3,14.84
2024-05-20,GGBR4,19.28
2024-05-20,GOAU4,11.15
2024-05-20,GOLL4,1.24
2024-05-20,HAPV3,4.55
2024-05-20,HYPE3,30.87
2024-05-20,IGTI11,20.64
2024-05-20,IRBR3,34.87
2024-05-20,ITSA4,10.21
2024-05-20,ITUB4,33.13
2024-05-20,JBSS3,29.4
2024-05-20,JHSF3,4.15
2024-05-20,KLBN11,21.62
2024-05-20,LOGG3,22.71
2024-05-20,LREN3,14.69
2024-05-20,LWSA3,4.58
2024-05-20,MGLU3,1.57
2024-05-20,MRFG3,11.93
2024-05-20,MRVE3,7.54
2024-05-20,MULT3,23.5
2024-05-20,NTCO3,16.41
2024-05-20,PCAR3,3.14
2024-05-20,PETR3,38.7
2024-05-20,PETR4,36.75
2024-05-20,PETZ3,4.47
2024-05-20,POMO4,7.03
2024-05-20,PRIO3,47.5
2024-05-20,PSSA3,31.2
2024-05-20,QUAL3,1.7
2024-05-20,RADL3,27.8
2024-05-20,RAIL3,20.31
2024-05-20,RAIZ4,2.94
2024-05-20,RDOR3,31.34
2024-05-20,RECV3,21.2
2024-05-20,RENT3,47.92
2024-05-20,RRRP3,30.83
2024-05-20,SANB11,27.85
2024-05-20,SBSP3,77.81
2024-05-20,SLCE3,18.66
2024-05-20,SMFT3,22.96
2024-05-20,SMTO3,27.54
2024-05-20,SOMA3,5.91
2024-05-20,STBP3,12.01
2024-05-20,SUZB3,51.05
2024-05-20,TAEE11,35.4
2024-05-20,TEND3,12.34
2024-05-20,TIMS3,16.78
2024-05-20,TOTS3,29.03
2024-05-20,TRPL4,27.55
2024-05-20,UGPA3,24.65
2024-05-20,USIM5,8.15
2024-05-20,VALE3,66.15
2024-05-20,VAMO3,8.72
2024-05-20,VBBR3,23.74
2024-05-20,VIVA3,23.45
2024-05-20,VIVT3,45.56
2024-05-20,WEGE3,39.85
2024-05-20,YDUQ3,12.53
2024-05-21,ABEV3,12.02
2024-05-21,ALOS3,21.43
2024-05-21,ALPA4,9.85
2024-05-21,AMER3,0.53
2024-05-21,ARZZ3,49.98
2024-05-21,ASAI3,13.46
2024-05-21,AURE3,12.03
2024-05-21,AZUL4,10.43
2024-05-21,B3SA3,11.41
2024-05-21,BBAS3,27.9
2024-05-21,BBDC3,11.99
2024-05-21,BBDC4,13.4
2024-05-21,BBSE3,33.93
2024-05-21,BEEF3,6.94
2024-05-21,BHIA3,7.56
2024-05-21,BPAC11,34.11
2024-05-21,BPAN4,9.72
2024-05-21,BRAP4,20.21
2024-05-21,BRFS3,19.61
2024-05-21,BRKM5,20.1
2024-05-21,CASH3,5.7
2024-05-21,CCRO3,12.51
2024-05-21,CEAB3,10.3
2024-05-21,CIEL3,5.59
2024-05-21,CMIG4,10.71
2024-05-21,CMIN3,5.51
2024-05-21,COGN3,2.05
2024-05-21,CPFE3,34.9
2024-05-21,CPLE3,8.78
2024-05-21,CPLE6,9.67
2024-05-21,CRFB3,10.75
2024-05-21,CSAN3,14.38
2024-05-21,CSMG3,20.97
2024-05-21,CSNA3,13.59
2024-05-21,CURY3,18.85
2024-05-21,CVCB3,2.05
2024-05-21,CXSE3,15.96
2024-05-21,CYRE3,20.65
2024-05-21,DIRR3,25.9
2024-05-21,DXCO3,7.81
2024-05-21,ECOR3,7.39
2024-05-21,EGIE3,44.63
2024-05-21,ELET3,37.55
2024-05-21,ELET6,41.79
2024-05-21,EMBR3,39.5
2024-05-21,ENEV3,12.75
2024-05-21,ENGI11,46.76
2024-05-21,EQTL3,30.59
2024-05-21,EZTC3,14.37
2024-05-21,FLRY3,14.89
2024-05-21,GGBR4,18.95
2024-05-21,GOAU4,11.01
2024-05-21,GOLL4,1.23
2024-05-21,HAPV3,4.48
2024-05-21,HYPE3,30.15
2024-05-21,IGTI11,20.74
2024-05-21,IRBR3,34.38
2024-05-21,ITSA4,10.2
2024-05-21,ITUB4,32.96
2024-05-21,JBSS3,29.49
2024-05-21,JHSF3,4.16
2024-05-21,KLBN11,21.41
2024-05-21,LOGG3,22.68
2024-05-21,LREN3,14.11
2024-05-21,LWSA3,4.45
2024-05-21,MGLU3,1.55
2024-05-21,MRFG3,12.09
2024-05-21,MRVE3,7.61
2024-05-21,MULT3,23.47
2024-05-21,NTCO3,16.29
2024-05-21,PCAR3,3.12
2024-05-21,PETR3,38.41
2024-05-21,PETR4,36.68
2024-05-21,PETZ3,4.34
2024-05-21,POMO4,7.17
2024-05-21,PRIO3,45.85
2024-05-21,PSSA3,31.26
2024-05-21,QUAL3,1.71
2024-05-21,RADL3,27.69
2024-05-21,RAIL3,20.68
2024-05-21,RAIZ4,2.93
2024-05-21,RDOR3,30.99
2024-05-21,RECV3,20.98
2024-05-21,RENT3,46.62
2024-05-21,RRRP3,30.09
2024-05-21,SANB11,28.08
2024-05-21,SBSP3,76.98
2024-05-21,SLCE3,18.51
2024-05-21,SMFT3,23.27
2024-05-21,SMTO3,27.8
2024-05-21,SOMA3,5.95
2024-05-21,STBP3,12.22
2024-05-21,SUZB3,49.15
2024-05-21,TAEE11,35.75
2024-05-21,TEND3,12.32
2024-05-21,TIMS3,16.54
2024-05-21,TOTS3,29.6
2024-05-21,TRPL4,27.75
2024-05-21,UGPA3,24.62
2024-05-21,USIM5,8.29
2024-05-21,VALE3,65.96
2024-05-21,VAMO3,8.35
2024-05-21,VBBR3,23.56
2024-05-21,VIVA3,23.48
2024-05-21,VIVT3,45.26
2024-05-21,WEGE3,39.76
2024-05-21,YDUQ3,13.81
2024-05-22,ABEV3,11.97
2024-05-22,ALOS3,21.14
2024-05-22,ALPA4,9.94
2024-05-22,AMER3,0.53
2024-05-22,ARZZ3,50.65
2024-05-22,ASAI3,13.27
2024-05-22,AURE3,12.03
2024-05-22,AZUL4,9.98
2024-05-22,B3SA3,11.06
2024-05-22,BBAS3,27.5
2024-05-22,BBDC3,11.75
2024-05-22,BBDC4,13.1
2024-05-22,BBSE3,33.36
2024-05-22,BEEF3,6.34
2024-05-22,BHIA3,7.64
2024-05-22,BPAC11,33.11
2024-05-22,BPAN4,9.55
2024-05-22,BRAP4,20.07
2024-05-22,BRFS3,19.21
2024-05-22,BRKM5,19.91
2024-05-22,CASH3,5.55
2024-05-22,CCRO3,12.32
2024-05-22,CEAB3,9.64
2024-05-22,CIEL3,5.59
2024-05-22,CMIG4,10.45
2024-05-22,CMIN3,5.42
2024-05-22,COGN3,2.01
2024-05-22,CPFE3,34.74
2024-05-22,CPLE3,8.58
2024-05-22,CPLE6,9.47
2024-05-22,CRFB3,10.88
2024-05-22,CSAN3,14.07
2024-05-22,CSMG3,20.65
2024-05-22,CSNA3,13.32
2024-05-22,CURY3,18.35
2024-05-22,CVCB3,2.0
2024-05-22,CXSE3,15.67
2024-05-22,CYRE3,19.81
2024-05-22,DIRR3,25.62
2024-05-22,DXCO3,7.48
2024-05-22,ECOR3,7.21
2024-05-22,EGIE3,44.42
2024-05-22,ELET3,36.24
2024-05-22,ELET6,40.62
2024-05-22,EMBR3,38.69
2024-05-22,ENEV3,12.6
2024-05-22,ENGI11,45.51
2024-05-22,EQTL3,29.95
2024-05-22,EZTC3,13.4
2024-05-22,FLRY3,14.46
2024-05-22,GGBR4,18.56
2024-05-22,GOAU4,10.79
2024-05-22,GOLL4,1.3
2024-05-22,HAPV3,4.4
2024-05-22,HYPE3,30.09
2024-05-22,IGTI11,20.28
2024-05-22,IRBR3,33.4
2024-05-22,ITSA4,10.12
2024-05-22,ITUB4,32.45
2024-05-22,JBSS3,29.35
2024-05-22,JHSF3,4.1
2024-05-22,KLBN11,21.0
2024-05-22,LOGG3,22.55
2024-05-22,LREN3,13.11
2024-05-22,LWSA3,4.13
2024-05-22,MGLU3,1.47
2024-05-22,MRFG3,11.71
2024-05-22,MRVE3,7.31
2024-05-22,MULT3,22.91
2024-05-22,NTCO3,16.04
2024-05-22,PCAR3,3.02
2024-05-22,PETR3,38.77
2024-05-22,PETR4,37.18
2024-05-22,PETZ3,4.07
2024-05-22,POMO4,7.1
2024-05-22,PRIO3,44.21
2024-05-22,PSSA3,30.0
2024-05-22,QUAL3,1.61
2024-05-22,RADL3,27.2
2024-05-22,RAIL3,20.49
2024-05-22,RAIZ4,2.81
2024-05-22,RDOR3,29.12
2024-05-22,RECV3,20.05
2024-05-22,RENT3,45.8
2024-05-22,RRRP3,28.7
2024-05-22,SANB11,28.12
2024-05-22,SBSP3,74.95
2024-05-22,SLCE3,18.36
2024-05-22,SMFT3,22.93
2024-05-22,SMTO3,27.22
2024-05-22,SOMA3,6.03
2024-05-22,STBP3,12.28
2024-05-22,SUZB3,48.32
2024-05-22,TAEE11,35.46
2024-05-22,TEND3,12.02
2024-05-22,TIMS3,16.8
2024-05-22,TOTS3,29.95
2024-05-22,TRPL4,26.74
2024-05-22,UGPA3,24.48
2024-05-22,USIM5,8.17
2024-05-22,VALE3,65.44
2024-05-22,VAMO3,8.28
2024-05-22,VBBR3,23.09
2024-05-22,VIVA3,22.45
2024-05-22,VIVT3,46.07
2024-05-22,WEGE3,39.28
2024-05-22,YDUQ3,13.96
2024-05-23,ABEV3,11.96
2024-05-23,ALOS3,21.06
2024-05-23,ALPA4,9.87
2024-05-23,AMER3,0.52
2024-05-23,ARZZ3,50.95
2024-05-23,ASAI3,13.18
2024-05-23,AURE3,12.09
2024-05-23,AZUL4,9.85
2024-05-23,B3SA3,11.11
2024-05-23,BBAS3,26.94
2024-05-23,BBDC3,11.64
2024-05-23,BBDC4,12.88
2024-05-23,BBSE3,33.22
2024-05-23,BEEF3,6.41
2024-05-23,BHIA3,7.65
2024-05-23,BPAC11,32.54
2024-05-23,BPAN4,9.33
2024-05-23,BRAP4,19.99
2024-05-23,BRFS3,19.23
2024-05-23,BRKM5,19.31
2024-05-23,CASH3,5.37
2024-05-23,CCRO3,12.29
2024-05-23,CEAB3,9.69
2024-05-23,CIEL3,5.58
2024-05-23,CMIG4,10.38
2024-05-23,CMIN3,5.29
2024-05-23,COGN3,2.0
2024-05-23,CPFE3,34.76
2024-05-23,CPLE3,8.41
2024-05-23,CPLE6,9.4
2024-05-23,CRFB3,10.39
2024-05-23,CSAN3,13.92
2024-05-23,CSMG3,20.57
2024-05-23,CSNA3,13.1
2024-05-23,CURY3,18.83
2024-05-23,CVCB3,2.05
2024-05-23,CXSE3,15.63
2024-05-23,CYRE3,19.36
2024-05-23,DIRR3,25.18
2024-05-23,DXCO3,7.5
2024-05-23,ECOR3,7.24
2024-05-23,EGIE3,43.96
2024-05-23,ELET3,36.14
2024-05-23,ELET6,40.56
2024-05-23,EMBR3,37.97
2024-05-23,ENEV3,12.6
2024-05-23,ENGI11,45.03
2024-05-23,EQTL3,29.65
2024-05-23,EZTC3,13.21
2024-05-23,FLRY3,14.28
2024-05-23,GGBR4,18.45
2024-05-23,GOAU4,10.71
2024-05-23,GOLL4,1.26
2024-05-23,HAPV3,4.26
2024-05-23,HYPE3,30.09
2024-05-23,IGTI11,20.29
2024-05-23,IRBR3,33.97
2024-05-23,ITSA4,10.03
2024-05-23,ITUB4,32.16
2024-05-23,JBSS3,29.48
2024-05-23,JHSF3,4.07
2024-05-23,KLBN11,20.74
2024-05-23,LOGG3,22.03
2024-05-23,LREN3,13.4
2024-05-23,LWSA3,4.1
2024-05-23,MGLU3,1.42
2024-05-23,MRFG3,11.87
2024-05-23,MRVE3,6.96
2024-05-23,MULT3,22.84
2024-05-23,NTCO3,15.59
2024-05-23,PCAR3,3.02
2024-05-23,PETR3,38.44
2024-05-23,PETR4,36.81
2024-05-23,PETZ3,3.96
2024-05-23,POMO4,7.13
2024-05-23,PRIO3,44.47
2024-05-23,PSSA3,30.2
2024-05-23,QUAL3,1.61
2024-05-23,RADL3,26.66
2024-05-23,RAIL3,20.49
2024-05-23,RAIZ4,2.83
2024-05-23,RDOR3,29.2
2024-05-23,RECV3,19.87
2024-05-23,RENT3,45.7
2024-05-23,RRRP3,27.93
2024-05-23,SANB11,28.15
2024-05-23,SBSP3,75.36
2024-05-23,SLCE3,18.42
2024-05-23,SMFT3,22.33
2024-05-23,SMTO3,27.34
2024-05-23,SOMA3,6.03
2024-05-23,STBP3,12.4
2024-05-23,SUZB3,50.1
2024-05-23,TAEE11,34.97
2024-05-23,TEND3,11.85
2024-05-23,TIMS3,16.51
2024-05-23,TOTS3,29.68
2024-05-23,TRPL4,26.85
2024-05-23,UGPA3,23.87
2024-05-23,USIM5,8.03
2024-05-23,VALE3,65.05
2024-05-23,VAMO3,8.3
2024-05-23,VBBR3,22.45
2024-05-23,VIVA3,22.15
2024-05-23,VIVT3,45.9
2024-05-23,WEGE3,39.03
2024-05-23,YDUQ3,13.76
2024-05-24,ABEV3,11.87
2024-05-24,ALOS3,21.3
2024-05-24,ALPA4,9.79
2024-05-24,AMER3,0.55
2024-05-24,ARZZ3,50.96
2024-05-24,ASAI3,13.0
2024-05-24,AURE3,12.15
2024-05-24,AZUL4,10.36
2024-05-24,B3SA3,11.14
2024-05-24,BBAS3,27.08
2024-05-24,BBDC3,11.65
2024-05-24,BBDC4,12.97
2024-05-24,BBSE3,32.69
2024-05-24,BEEF3,6.55
2024-05-24,BHIA3,7.28
2024-05-24,BPAC11,32.1
2024-05-24,BPAN4,9.29
2024-05-24,BRAP4,20.0
2024-05-24,BRFS3,19.08
2024-05-24,BRKM5,19.2
2024-05-24,CASH3,5.34
2024-05-24,CCRO3,12.16
2024-05-24,CEAB3,9.5
2024-05-24,CIEL3,5.56
2024-05-24,CMIG4,10.38
2024-05-24,CMIN3,5.29
2024-05-24,COGN3,1.96
2024-05-24,CPFE3,35.01
2024-05-24,CPLE3,8.36
2024-05-24,CPLE6,9.3
2024-05-24,CRFB3,10.25
2024-05-24,CSAN3,13.99
2024-05-24,CSMG3,20.46
2024-05-24,CSNA3,13.42
2024-05-24,CURY3,18.78
2024-05-24,CVCB3,2.04
2024-05-24,CXSE3,15.55
2024-05-24,CYRE3,19.58
2024-05-24,DIRR3,25.16
2024-05-24,DXCO3,7.54
2024-05-24,ECOR3,7.09
2024-05-24,EGIE3,43.78
2024-05-24,ELET3,36.2
2024-05-24,ELET6,40.47
2024-05-24,EMBR3,37.68
2024-05-24,ENEV3,12.79
2024-05-24,ENGI11,46.75
2024-05-24,EQTL3,30.15
2024-05-24,EZTC3,13.01
2024-05-24,FLRY3,14.22
2024-05-24,GGBR4,18.72
2024-05-24,GOAU4,10.95
2024-05-24,GOLL4,1.41
2024-05-24,HAPV3,4.26
2024-05-24,HYPE3,29.7
2024-05-24,IGTI11,20.4
2024-05-24,IRBR3,33.72
2024-05-24,ITSA4,9.96
2024-05-24,ITUB4,31.85
2024-05-24,JBSS3,29.36
2024-05-24,JHSF3,4.06
2024-05-24,KLBN11,21.03
2024-05-24,LOGG3,22.0
2024-05-24,LREN3,13.33
2024-05-24,LWSA3,4.14
2024-05-24,MGLU3,1.32
2024-05-24,MRFG3,11.72
2024-05-24,MRVE3,6.86
2024-05-24,MULT3,22.79
2024-05-24,NTCO3,15.44
2024-05-24,PCAR3,3.02
2024-05-24,PETR3,38.31
2024-05-24,PETR4,36.61
2024-05-24,PETZ3,3.83
2024-05-24,POMO4,7.01
2024-05-24,PRIO3,43.45
2024-05-24,PSSA3,30.45
2024-05-24,QUAL3,1.65
2024-05-24,RADL3,26.06
2024-05-24,RAIL3,20.32
2024-05-24,RAIZ4,2.83
2024-05-24,RDOR3,28.98
2024-05-24,RECV3,19.67
2024-05-24,RENT3,45.4
2024-05-24,RRRP3,27.41
2024-05-24,SANB11,28.05
2024-05-24,SBSP3,75.61
2024-05-24,SLCE3,18.29
2024-05-24,SMFT3,21.86
2024-05-24,SMTO3,26.91
2024-05-24,SOMA3,6.07
2024-05-24,STBP3,12.06
2024-05-24,SUZB3,48.94
2024-05-24,TAEE11,35.3
2024-05-24,TEND3,11.67
2024-05-24,TIMS3,16.42
2024-05-24,TOTS3,29.06
2024-05-24,TRPL4,26.99
2024-05-24,UGPA3,23.84
2024-05-24,USIM5,7.93
2024-05-24,VALE3,65.08
2024-05-24,VAMO3,8.16
2024-05-24,VBBR3,22.43
2024-05-24,VIVA3,22.21
2024-05-24,VIVT3,45.9
2024-05-24,WEGE3,38.34
2024-05-24,YDUQ3,13.63
2024-05-27,ABEV3,11.81
2024-05-27,ALOS3,21.36
2024-05-27,ALPA4,9.94
2024-05-27,AMER3,0.55
2024-05-27,ARZZ3,50.97
2024-05-27,ASAI3,12.96
2024-05-27,AURE3,12.26
2024-05-27,AZUL4,10.12
2024-05-27,B3SA3,11.1
2024-05-27,BBAS3,27.41
2024-05-27,BBDC3,11.65
2024-05-27,BBDC4,12.93
2024-05-27,BBSE3,32.86
2024-05-27,BEEF3,6.48
2024-05-27,BHIA3,7.02
2024-05-27,BPAC11,32.23
2024-05-27,BPAN4,9.32
2024-05-27,BRAP4,20.14
2024-05-27,BRFS3,19.33
2024-05-27,BRKM5,19.15
2024-05-27,CASH3,5.44
2024-05-27,CCRO3,12.23
2024-05-27,CEAB3,9.61
2024-05-27,CIEL3,5.56
2024-05-27,CMIG4,10.39
2024-05-27,CMIN3,5.34
2024-05-27,COGN3,1.94
2024-05-27,CPFE3,34.84
2024-05-27,CPLE3,8.33
2024-05-27,CPLE6,9.3
2024-05-27,CRFB3,10.33
2024-05-27,CSAN3,14.07
2024-05-27,CSMG3,20.61
2024-05-27,CSNA3,13.36
2024-05-27,CURY3,18.78
2024-05-27,CVCB3,2.11
2024-05-27,CXSE3,15.61
2024-05-27,CYRE3,19.63
2024-05-27,DIRR3,24.94
2024-05-27,DXCO3,7.49
2024-05-27,ECOR3,7.16
2024-05-27,EGIE3,43.98
2024-05-27,ELET3,36.2
2024-05-27,ELET6,40.35
2024-05-27,EMBR3,38.15
2024-05-27,ENEV3,12.77
2024-05-27,ENGI11,46.77
2024-05-27,EQTL3,30.43
2024-05-27,EZTC3,13.03
2024-05-27,FLRY3,14.31
2024-05-27,GGBR4,18.51
2024-05-27,GOAU4,10.88
2024-05-27,GOLL4,1.36
2024-05-27,HAPV3,4.27
2024-05-27,HYPE3,29.95
2024-05-27,IGTI11,20.46
2024-05-27,IRBR3,33.25
2024-05-27,ITSA4,9.97
2024-05-27,ITUB4,31.74
2024-05-27,JBSS3,28.96
2024-05-27,JHSF3,4.09
2024-05-27,KLBN11,21.03
2024-05-27,LOGG3,22.19
2024-05-27,LREN3,13.34
2024-05-27,LWSA3,4.2
2024-05-27,MGLU3,13.15
2024-05-27,MRFG3,11.62
2024-05-27,MRVE3,6.82
2024-05-27,MULT3,22.97
2024-05-27,NTCO3,15.28
2024-05-27,PCAR3,3.1
2024-05-27,PETR3,38.7
2024-05-27,PETR4,37.01
2024-05-27,PETZ3,3.8
2024-05-27,POMO4,7.11
2024-05-27,PRIO3,43.67
2024-05-27,PSSA3,30.3
2024-05-27,QUAL3,1.68
2024-05-27,RADL3,25.92
2024-05-27,RAIL3,20.31
2024-05-27,RAIZ4,2.9
2024-05-27,RDOR3,28.54
2024-05-27,RECV3,19.98
2024-05-27,RENT3,44.94
2024-05-27,RRRP3,27.8
2024-05-27,SANB11,27.63
2024-05-27,SBSP3,75.07
2024-05-27,SLCE3,18.31
2024-05-27,SMFT3,21.6
2024-05-27,SMTO3,27.05
2024-05-27,SOMA3,6.03
2024-05-27,STBP3,12.19
2024-05-27,SUZB3,49.0
2024-05-27,TAEE11,35.07
2024-05-27,TEND3,11.75
2024-05-27,TIMS3,16.5
2024-05-27,TOTS3,28.82
2024-05-27,TRPL4,26.57
2024-05-27,UGPA3,23.97
2024-05-27,USIM5,8.01
2024-05-27,VALE3,65.3
2024-05-27,VAMO3,8.16
2024-05-27,VBBR3,22.69
2024-05-27,VIVA3,22.49
2024-05-27,VIVT3,45.93
2024-05-27,WEGE3,38.35
2024-05-27,YDUQ3,13.09
2024-05-28,ABEV3,11.59
2024-05-28,ALOS3,21.1
2024-05-28,ALPA4,9.7
2024-05-28,AMER3,0.53
2024-05-28,ARZZ3,50.99
2024-05-28,ASAI3,12.7
2024-05-28,AURE3,12.16
2024-05-28,AZUL4,9.63
2024-05-28,B3SA3,11.07
2024-05-28,BBAS3,27.32
2024-05-28,BBDC3,11.62
2024-05-28,BBDC4,12.92
2024-05-28,BBSE3,32.41
2024-05-28,BEEF3,6.46
2024-05-28,BHIA3,6.96
2024-05-28,BPAC11,32.24
2024-05-28,BPAN4,9.19
2024-05-28,BRAP4,19.8
2024-05-28,BRFS3,19.14
2024-05-28,BRKM5,19.31
2024-05-28,CASH3,5.35
2024-05-28,CCRO3,12.26
2024-05-28,CEAB3,9.33
2024-05-28,CIEL3,5.59
2024-05-28,CMIG4,10.21
2024-05-28,CMIN3,5.13
2024-05-28,COGN3,1.9
2024-05-28,CPFE3,34.6
2024-05-28,CPLE3,8.35
2024-05-28,CPLE6,9.31
2024-05-28,CRFB3,10.23
2024-05-28,CSAN3,13.88
2024-05-28,CSMG3,20.29
2024-05-28,CSNA3,13.31
2024-05-28,CURY3,18.78
2024-05-28,CVCB3,2.04
2024-05-28,CXSE3,14.92
2024-05-28,CYRE3,19.37
2024-05-28,DIRR3,24.99
2024-05-28,DXCO3,7.34
2024-05-28,ECOR3,7.06
2024-05-28,EGIE3,43.79
2024-05-28,ELET3,35.86
2024-05-28,ELET6,39.85
2024-05-28,EMBR3,37.17
2024-05-28,ENEV3,12.78
2024-05-28,ENGI11,46.3
2024-05-28,EQTL3,29.93
2024-05-28,EZTC3,12.9
2024-05-28,FLRY3,14.5
2024-05-28,GGBR4,18.47
2024-05-28,GOAU4,10.75
2024-05-28,GOLL4,1.28
2024-05-28,HAPV3,4.15
2024-05-28,HYPE3,29.9
2024-05-28,IGTI11,20.3
2024-05-28,IRBR3,32.79
2024-05-28,ITSA4,9.97
2024-05-28,ITUB4,31.57
2024-05-28,JBSS3,28.95
2024-05-28,JHSF3,4.08
2024-05-28,KLBN11,20.89
2024-05-28,LOGG3,21.97
2024-05-28,LREN3,13.2
2024-05-28,LWSA3,4.13
2024-05-28,MGLU3,12.29
2024-05-28,MRFG3,11.63
2024-05-28,MRVE3,6.97
2024-05-28,MULT3,23.06
2024-05-28,NTCO3,14.83
2024-05-28,PCAR3,3.13
2024-05-28,PETR3,39.38
2024-05-28,PETR4,37.8
2024-05-28,PETZ3,3.8
2024-05-28,POMO4,6.84
2024-05-28,PRIO3,43.16
2024-05-28,PSSA3,30.09
2024-05-28,QUAL3,1.66
2024-05-28,RADL3,25.83
2024-05-28,RAIL3,20.14
2024-05-28,RAIZ4,2.85
2024-05-28,RDOR3,28.18
2024-05-28,RECV3,20.07
2024-05-28,RENT3,44.56
2024-05-28,RRRP3,28.02
2024-05-28,SANB11,27.94
2024-05-28,SBSP3,74.63
2024-05-28,SLCE3,18.37
2024-05-28,SMFT3,22.0
2024-05-28,SMTO3,27.5
2024-05-28,SOMA3,6.06
2024-05-28,STBP3,12.1
2024-05-28,SUZB3,49.08
2024-05-28,TAEE11,34.88
2024-05-28,TEND3,11.53
2024-05-28,TIMS3,16.41
2024-05-28,TOTS3,28.5
2024-05-28,TRPL4,26.86
2024-05-28,UGPA3,23.97
2024-05-28,USIM5,7.91
2024-05-28,VALE3,63.89
2024-05-28,VAMO3,8.25
2024-05-28,VBBR3,22.41
2024-05-28,VIVA3,22.48
2024-05-28,VIVT3,45.33
2024-05-28,WEGE3,38.23
2024-05-28,YDUQ3,13.07
2024-05-29,ABEV3,11.52
2024-05-29,ALOS3,21.2
2024-05-29,ALPA4,9.49
2024-05-29,AMER3,0.52
2024-05-29,ARZZ3,50.18
2024-05-29,ASAI3,12.46
2024-05-29,AURE3,12.04
2024-05-29,AZUL4,9.28
2024-05-29,B3SA3,10.88
2024-05-29,BBAS3,27.32
2024-05-29,BBDC3,11.5
2024-05-29,BBDC4,12.79
2024-05-29,BBSE3,32.6
2024-05-29,BEEF3,6.32
2024-05-29,BHIA3,7.11
2024-05-29,BPAC11,31.93
2024-05-29,BPAN4,9.08
2024-05-29,BRAP4,19.41
2024-05-29,BRFS3,19.04
2024-05-29,BRKM5,19.32
2024-05-29,CASH3,5.3
2024-05-29,CCRO3,12.11
2024-05-29,CEAB3,9.82
2024-05-29,CIEL3,5.59
2024-05-29,CMIG4,10.1
2024-05-29,CMIN3,5.07
2024-05-29,COGN3,1.9
2024-05-29,CPFE3,34.0
2024-05-29,CPLE3,8.28
2024-05-29,CPLE6,9.23
2024-05-29,CRFB3,9.97
2024-05-29,CSAN3,13.84
2024-05-29,CSMG3,20.2
2024-05-29,CSNA3,13.23
2024-05-29,CURY3,18.85
2024-05-29,CVCB3,1.98
2024-05-29,CXSE3,15.0
2024-05-29,CYRE3,19.27
2024-05-29,DIRR3,25.2
2024-05-29,DXCO3,7.09
2024-05-29,ECOR3,6.97
2024-05-29,EGIE3,43.64
2024-05-29,ELET3,35.3
2024-05-29,ELET6,39.54
2024-05-29,EMBR3,36.65
2024-05-29,ENEV3,12.43
2024-05-29,ENGI11,45.79
2024-05-29,EQTL3,29.41
2024-05-29,EZTC3,12.76
2024-05-29,FLRY3,14.14
2024-05-29,GGBR4,18.24
2024-05-29,GOAU4,10.71
2024-05-29,GOLL4,1.15
2024-05-29,HAPV3,4.15
2024-05-29,HYPE3,28.1
2024-05-29,IGTI11,20.48
2024-05-29,IRBR3,32.48
2024-05-29,ITSA4,9.87
2024-05-29,ITUB4,31.35
2024-05-29,JBSS3,28.91
2024-05-29,JHSF3,4.06
2024-05-29,KLBN11,20.7
2024-05-29,LOGG3,21.53
2024-05-29,LREN3,13.36
2024-05-29,LWSA3,4.27
2024-05-29,MGLU3,12.08
2024-05-29,MRFG3,11.47
2024-05-29,MRVE3,7.04
2024-05-29,MULT3,22.9
2024-05-29,NTCO3,14.75
2024-05-29,PCAR3,3.11
2024-05-29,PETR3,39.47
2024-05-29,PETR4,37.75
2024-05-29,PETZ3,3.69
2024-05-29,POMO4,6.63
2024-05-29,PRIO3,42.43
2024-05-29,PSSA3,30.29
2024-05-29,QUAL3,1.68
2024-05-29,RADL3,25.8
2024-05-29,RAIL3,19.75
2024-05-29,RAIZ4,2.87
2024-05-29,RDOR3,27.82
2024-05-29,RECV3,19.91
2024-05-29,RENT3,44.0
2024-05-29,RRRP3,27.76
2024-05-29,SANB11,27.71
2024-05-29,SBSP3,74.69
2024-05-29,SLCE3,17.95
2024-05-29,SMFT3,22.26
2024-05-29,SMTO3,27.15
2024-05-29,SOMA3,5.93
2024-05-29,STBP3,11.98
2024-05-29,SUZB3,49.28
2024-05-29,TAEE11,34.56
2024-05-29,TEND3,11.41
2024-05-29,TIMS3,16.28
2024-05-29,TOTS3,28.4
2024-05-29,TRPL4,26.5
2024-05-29,UGPA3,23.6
2024-05-29,USIM5,7.77
2024-05-29,VALE3,63.24
2024-05-29,VAMO3,8.24
2024-05-29,VBBR3,21.88
2024-05-29,VIVA3,22.5
2024-05-29,VIVT3,44.66
2024-05-29,WEGE3,37.73
2024-05-29,YDUQ3,12.58
2024-05-31,ABEV3,11.56
2024-05-31,ALOS3,20.97
2024-05-31,ALPA4,9.67
2024-05-31,AMER3,0.46
2024-05-31,ARZZ3,49.4
2024-05-31,ASAI3,12.18
2024-05-31,AURE3,11.94
2024-05-31,AZUL4,9.47
2024-05-31,B3SA3,10.7
2024-05-31,BBAS3,27.12
2024-05-31,BBDC3,11.45
2024-05-31,BBDC4,12.67
2024-05-31,BBSE3,32.3
2024-05-31,BEEF3,6.2
2024-05-31,BHIA3,7.09
2024-05-31,BPAC11,31.59
2024-05-31,BPAN4,9.13
2024-05-31,BRAP4,19.2
2024-05-31,BRFS3,18.58
2024-05-31,BRKM5,18.9
2024-05-31,CASH3,5.29
2024-05-31,CCRO3,12.04
2024-05-31,CEAB3,9.61
2024-05-31,CIEL3,5.6
2024-05-31,CMIG4,9.95
2024-05-31,CMIN3,4.94
2024-05-31,COGN3,1.86
2024-05-31,CPFE3,34.1
2024-05-31,CPLE3,8.14
2024-05-31,CPLE6,9.08
2024-05-31,CRFB3,9.92
2024-05-31,CSAN3,13.62
2024-05-31,CSMG3,20.15
2024-05-31,CSNA3,13.08
2024-05-31,CURY3,18.43
2024-05-31,CVCB3,1.93
2024-05-31,CXSE3,14.87
2024-05-31,CYRE3,19.11
2024-05-31,DIRR3,24.69
2024-05-31,DXCO3,7.2
2024-05-31,ECOR3,6.89
2024-05-31,EGIE3,43.34
2024-05-31,ELET3,34.79
2024-05-31,ELET6,39.13
2024-05-31,EMBR3,36.23
2024-05-31,ENEV3,12.43
2024-05-31,ENGI11,45.71
2024-05-31,EQTL3,29.23
2024-05-31,EZTC3,12.93
2024-05-31,FLRY3,14.05
2024-05-31,GGBR4,18.11
2024-05-31,GOAU4,10.71
2024-05-31,GOLL4,1.11
2024-05-31,HAPV3,3.99
2024-05-31,HYPE3,27.15
2024-05-31,IGTI11,20.25
2024-05-31,IRBR3,31.56
2024-05-31,ITSA4,9.73
2024-05-31,ITUB4,31.03
2024-05-31,JBSS3,28.84
2024-05-31,JHSF3,4.0
2024-05-31,KLBN11,20.32
2024-05-31,LOGG3,21.68
2024-05-31,LREN3,13.12
2024-05-31,LWSA3,4.33
2024-05-31,MGLU3,12.39
2024-05-31,MRFG3,11.28
2024-05-31,MRVE3,6.92
2024-05-31,MULT3,22.7
2024-05-31,NTCO3,14.85
2024-05-31,PCAR3,2.87
2024-05-31,PETR3,40.7
2024-05-31,PETR4,38.79
2024-05-31,PETZ3,3.75
2024-05-31,POMO4,6.52
2024-05-31,PRIO3,41.61
2024-05-31,PSSA3,30.35
2024-05-31,QUAL3,1.64
2024-05-31,RADL3,25.07
2024-05-31,RAIL3,19.71
2024-05-31,RAIZ4,2.85
2024-05-31,RDOR3,27.46
2024-05-31,RECV3,20.74
2024-05-31,RENT3,42.73
2024-05-31,RRRP3,28.2
2024-05-31,SANB11,27.75
2024-05-31,SBSP3,73.86
2024-05-31,SLCE3,17.82
2024-05-31,SMFT3,22.5
2024-05-31,SMTO3,27.14
2024-05-31,SOMA3,5.9
2024-05-31,STBP3,11.51
2024-05-31,SUZB3,48.7
2024-05-31,TAEE11,34.28
2024-05-31,TEND3,11.38
2024-05-31,TIMS3,15.86
2024-05-31,TOTS3,28.72
2024-05-31,TRPL4,25.13
2024-05-31,UGPA3,23.17
2024-05-31,USIM5,7.57
2024-05-31,VALE3,63.2
2024-05-31,VAMO3,8.11
2024-05-31,VBBR3,21.54
2024-05-31,VIVA3,21.8
2024-05-31,VIVT3,43.3
2024-05-31,WEGE3,37.55
2024-05-31,YDUQ3,12.11
2024-06-03,ABEV3,11.55
2024-06-03,ALOS3,21.16
2024-06-03,ALPA4,9.52
2024-06-03,AMER3,0.41
2024-06-03,ARZZ3,50.84
2024-06-03,ASAI3,12.29
2024-06-03,AURE3,12.12
2024-06-03,AZUL4,9.41
2024-06-03,B3SA3,10.69
2024-06-03,BBAS3,27.15
2024-06-03,BBDC3,11.47
2024-06-03,BBDC4,12.75
2024-06-03,BBSE3,32.18
2024-06-03,BEEF3,6.25
2024-06-03,BHIA3,6.98
2024-06-03,BPAC11,32.56
2024-06-03,BPAN4,9.14
2024-06-03,BRAP4,18.79
2024-06-03,BRFS3,18.71
2024-06-03,BRKM5,18.63
2024-06-03,CASH3,5.4
2024-06-03,CCRO3,11.96
2024-06-03,CEAB3,9.56
2024-06-03,CIEL3,5.63
2024-06-03,CMIG4,10.17
2024-06-03,CMIN3,4.83
2024-06-03,COGN3,1.88
2024-06-03,CPFE3,34.4
2024-06-03,CPLE3,8.37
2024-06-03,CPLE6,9.35
2024-06-03,CRFB3,9.97
2024-06-03,CSAN3,13.61
2024-06-03,CSMG3,20.19
2024-06-03,CSNA3,12.69
2024-06-03,CURY3,18.94
2024-06-03,CVCB3,1.95
2024-06-03,CXSE3,14.57
2024-06-03,CYRE3,19.22
2024-06-03,DIRR3,24.94
2024-06-03,DXCO3,6.97
2024-06-03,ECOR3,6.93
2024-06-03,EGIE3,44.01
2024-06-03,ELET3,35.45
2024-06-03,ELET6,39.66
2024-06-03,EMBR3,36.73
2024-06-03,ENEV3,12.78
2024-06-03,ENGI11,46.86
2024-06-03,EQTL3,29.64
2024-06-03,EZTC3,13.18
2024-06-03,FLRY3,14.54
2024-06-03,GGBR4,17.59
2024-06-03,GOAU4,10.44
2024-06-03,GOLL4,1.14
2024-06-03,HAPV3,4.07
2024-06-03,HYPE3,28.61
2024-06-03,IGTI11,20.57
2024-06-03,IRBR3,31.39
2024-06-03,ITSA4,9.78
2024-06-03,ITUB4,31.45
2024-06-03,JBSS3,28.78
2024-06-03,JHSF3,4.13
2024-06-03,KLBN11,20.27
2024-06-03,LOGG3,21.92
2024-06-03,LREN3,13.02
2024-06-03,LWSA3,4.5
2024-06-03,MGLU3,12.68
2024-06-03,MRFG3,11.47
2024-06-03,MRVE3,6.94
2024-06-03,MULT3,22.89
2024-06-03,NTCO3,14.99
2024-06-03,PCAR3,3.08
2024-06-03,PETR3,40.25
2024-06-03,PETR4,38.58
2024-06-03,PETZ3,3.74
2024-06-03,POMO4,6.46
2024-06-03,PRIO3,41.17
2024-06-03,PSSA3,30.14
2024-06-03,QUAL3,1.75
2024-06-03,RADL3,25.18
2024-06-03,RAIL3,19.83
2024-06-03,RAIZ4,2.8
2024-06-03,RDOR3,27.31
2024-06-03,RECV3,21.01
2024-06-03,RENT3,42.65
2024-06-03,RRRP3,28.19
2024-06-03,SANB11,27.86
2024-06-03,SBSP3,73.55
2024-06-03,SLCE3,17.43
2024-06-03,SMFT3,23.0
2024-06-03,SMTO3,27.1
2024-06-03,SOMA3,6.03
2024-06-03,STBP3,12.1
2024-06-03,SUZB3,47.11
2024-06-03,TAEE11,34.16
2024-06-03,TEND3,11.39
2024-06-03,TIMS3,15.83
2024-06-03,TOTS3,28.29
2024-06-03,TRPL4,25.61
2024-06-03,UGPA3,23.02
2024-06-03,USIM5,7.58
2024-06-03,VALE3,61.87
2024-06-03,VAMO3,8.1
2024-06-03,VBBR3,21.39
2024-06-03,VIVA3,21.75
2024-06-03,VIVT3,43.9
2024-06-03,WEGE3,37.34
2024-06-03,YDUQ3,11.99
2024-06-04,ABEV3,11.69
2024-06-04,ALOS3,21.37
2024-06-04,ALPA4,9.52
2024-06-04,AMER3,0.36
2024-06-04,ARZZ3,50.78
2024-06-04,ASAI3,12.14
2024-06-04,AURE3,12.13
2024-06-04,AZUL4,9.17
2024-06-04,B3SA3,10.71
2024-06-04,BBAS3,27.23
2024-06-04,BBDC3,11.48
2024-06-04,BBDC4,12.85
2024-06-04,BBSE3,32.59
2024-06-04,BEEF3,6.05
2024-06-04,BHIA3,6.35
2024-06-04,BPAC11,32.27
2024-06-04,BPAN4,9.02
2024-06-04,BRAP4,18.65
2024-06-04,BRFS3,18.05
2024-06-04,BRKM5,18.6
2024-06-04,CASH3,5.39
2024-06-04,CCRO3,12.01
2024-06-04,CEAB3,9.1
2024-06-04,CIEL3,5.64
2024-06-04,CMIG4,10.25
2024-06-04,CMIN3,4.7
2024-06-04,COGN3,1.88
2024-06-04,CPFE3,34.65
2024-06-04,CPLE3,8.45
2024-06-04,CPLE6,9.46
2024-06-04,CRFB3,9.81
2024-06-04,CSAN3,13.35
2024-06-04,CSMG3,20.39
2024-06-04,CSNA3,12.5
2024-06-04,CURY3,18.6
2024-06-04,CVCB3,1.94
2024-06-04,CXSE3,14.64
2024-06-04,CYRE3,19.34
2024-06-04,DIRR3,24.72
2024-06-04,DXCO3,6.9
2024-06-04,ECOR3,6.93
2024-06-04,EGIE3,44.08
2024-06-04,ELET3,35.76
2024-06-04,ELET6,40.0
2024-06-04,EMBR3,37.68
2024-06-04,ENEV3,12.85
2024-06-04,ENGI11,46.33
2024-06-04,EQTL3,29.78
2024-06-04,EZTC3,13.14
2024-06-04,FLRY3,14.5
2024-06-04,GGBR4,17.39
2024-06-04,GOAU4,10.36
2024-06-04,GOLL4,1.13
2024-06-04,HAPV3,4.06
2024-06-04,HYPE3,28.41
2024-06-04,IGTI11,20.57
2024-06-04,IRBR3,31.02
2024-06-04,ITSA4,9.83
2024-06-04,ITUB4,31.56
2024-06-04,JBSS3,28.45
2024-06-04,JHSF3,4.15
2024-06-04,KLBN11,20.21
2024-06-04,LOGG3,21.88
2024-06-04,LREN3,12.88
2024-06-04,LWSA3,4.49
2024-06-04,MGLU3,11.65
2024-06-04,MRFG3,11.12
2024-06-04,MRVE3,6.9
2024-06-04,MULT3,23.05
2024-06-04,NTCO3,15.05
2024-06-04,PCAR3,2.95
2024-06-04,PETR3,40.02
2024-06-04,PETR4,38.15
2024-06-04,PETZ3,3.7
2024-06-04,POMO4,6.2
2024-06-04,PRIO3,40.89
2024-06-04,PSSA3,30.16
2024-06-04,QUAL3,1.78
2024-06-04,RADL3,25.18
2024-06-04,RAIL3,19.86
2024-06-04,RAIZ4,2.71
2024-06-04,RDOR3,27.15
2024-06-04,RECV3,21.07
2024-06-04,RENT3,42.84
2024-06-04,RRRP3,27.31
2024-06-04,SANB11,27.2
2024-06-04,SBSP3,74.67
2024-06-04,SLCE3,17.96
2024-06-04,SMFT3,22.72
2024-06-04,SMTO3,26.63
2024-06-04,SOMA3,6.03
2024-06-04,STBP3,12.09
2024-06-04,SUZB3,46.9
2024-06-04,TAEE11,34.34
2024-06-04,TEND3,11.42
2024-06-04,TIMS3,16.24
2024-06-04,TOTS3,28.05
2024-06-04,TRPL4,25.58
2024-06-04,UGPA3,22.98
2024-06-04,USIM5,7.48
2024-06-04,VALE3,61.24
2024-06-04,VAMO3,7.81
2024-06-04,VBBR3,20.95
2024-06-04,VIVA3,21.62
2024-06-04,VIVT3,45.03
2024-06-04,WEGE3,37.8
2024-06-04,YDUQ3,11.82
2024-06-05,ABEV3,11.57
2024-06-05,ALOS3,21.43
2024-06-05,ALPA4,9.65
2024-06-05,AMER3,0.37
2024-06-05,ARZZ3,50.96
2024-06-05,ASAI3,12.08
2024-06-05,AURE3,12.32
2024-06-05,AZUL4,9.37
2024-06-05,B3SA3,10.74
2024-06-05,BBAS3,27.29
2024-06-05,BBDC3,11.4
2024-06-05,BBDC4,12.78
2024-06-05,BBSE3,32.78
2024-06-05,BEEF3,6.0
2024-06-05,BHIA3,6.27
2024-06-05,BPAC11,32.49
2024-06-05,BPAN4,8.79
2024-06-05,BRAP4,18.35
2024-06-05,BRFS3,18.32
2024-06-05,BRKM5,18.67
2024-06-05,CASH3,5.34
2024-06-05,CCRO3,11.98
2024-06-05,CEAB3,9.71
2024-06-05,CIEL3,5.64
2024-06-05,CMIG4,10.3
2024-06-05,CMIN3,4.67
2024-06-05,COGN3,1.81
2024-06-05,CPFE3,34.23
2024-06-05,CPLE3,8.43
2024-06-05,CPLE6,9.42
2024-06-05,CRFB3,9.8
2024-06-05,CSAN3,13.28
2024-06-05,CSMG3,20.28
2024-06-05,CSNA3,12.47
2024-06-05,CURY3,19.2
2024-06-05,CVCB3,1.91
2024-06-05,CXSE3,14.78
2024-06-05,CYRE3,19.71
2024-06-05,DIRR3,25.5
2024-06-05,DXCO3,6.8
2024-06-05,ECOR3,6.69
2024-06-05,EGIE3,43.8
2024-06-05,ELET3,36.1
2024-06-05,ELET6,40.23
2024-06-05,EMBR3,36.6
2024-06-05,ENEV3,12.55
2024-06-05,ENGI11,46.7
2024-06-05,EQTL3,30.06
2024-06-05,EZTC3,13.15
2024-06-05,FLRY3,14.41
2024-06-05,GGBR4,17.25
2024-06-05,GOAU4,10.19
2024-06-05,GOLL4,1.12
2024-06-05,HAPV3,3.95
2024-06-05,HYPE3,28.72
2024-06-05,IGTI11,20.6
2024-06-05,IRBR3,31.47
2024-06-05,ITSA4,9.88
2024-06-05,ITUB4,31.5
2024-06-05,JBSS3,28.57
2024-06-05,JHSF3,3.85
2024-06-05,KLBN11,19.8
2024-06-05,LOGG3,21.88
2024-06-05,LREN3,12.89
2024-06-05,LWSA3,4.34
2024-06-05,MGLU3,12.19
2024-06-05,MRFG3,10.95
2024-06-05,MRVE3,6.9
2024-06-05,MULT3,22.83
2024-06-05,NTCO3,15.17
2024-06-05,PCAR3,2.9
2024-06-05,PETR3,39.95
2024-06-05,PETR4,38.2
2024-06-05,PETZ3,3.54
2024-06-05,POMO4,6.18
2024-06-05,PRIO3,40.14
2024-06-05,PSSA3,30.02
2024-06-05,QUAL3,1.61
2024-06-05,RADL3,24.95
2024-06-05,RAIL3,19.8
2024-06-05,RAIZ4,2.72
2024-06-05,RDOR3,26.9
2024-06-05,RECV3,20.36
2024-06-05,RENT3,43.02
2024-06-05,RRRP3,26.4
2024-06-05,SANB11,26.82
2024-06-05,SBSP3,78.01
2024-06-05,SLCE3,17.53
2024-06-05,SMFT3,22.54
2024-06-05,SMTO3,26.92
2024-06-05,SOMA3,6.07
2024-06-05,STBP3,11.99
2024-06-05,SUZB3,46.64
2024-06-05,TAEE11,33.95
2024-06-05,TEND3,11.42
2024-06-05,TIMS3,16.39
2024-06-05,TOTS3,28.0
2024-06-05,TRPL4,24.94
2024-06-05,UGPA3,23.01
2024-06-05,USIM5,7.29
2024-06-05,VALE3,60.37
2024-06-05,VAMO3,7.61
2024-06-05,VBBR3,20.89
2024-06-05,VIVA3,21.5
2024-06-05,VIVT3,45.39
2024-06-05,WEGE3,37.54
2024-06-05,YDUQ3,11.7
2024-06-06,ABEV3,11.82
2024-06-06,ALOS3,21.77
2024-06-06,ALPA4,9.6
2024-06-06,AMER3,0.37
2024-06-06,ARZZ3,51.14
2024-06-06,ASAI3,12.28
2024-06-06,AURE3,12.46
2024-06-06,AZUL4,9.61
2024-06-06,B3SA3,11.08
2024-06-06,BBAS3,27.65
2024-06-06,BBDC3,11.57
2024-06-06,BBDC4,13.05
2024-06-06,BBSE3,32.95
2024-06-06,BEEF3,6.12
2024-06-06,BHIA3,6.68
2024-06-06,BPAC11,33.3
2024-06-06,BPAN4,9.13
2024-06-06,BRAP4,18.55
2024-06-06,BRFS3,18.44
2024-06-06,BRKM5,17.9
2024-06-06,CASH3,5.38
2024-06-06,CCRO3,12.05
2024-06-06,CEAB3,9.9
2024-06-06,CIEL3,5.65
2024-06-06,CMIG4,10.44
2024-06-06,CMIN3,4.9
2024-06-06,COGN3,1.9
2024-06-06,CPFE3,34.25
2024-06-06,CPLE3,8.46
2024-06-06,CPLE6,9.47
2024-06-06,CRFB3,9.85
2024-06-06,CSAN3,13.05
2024-06-06,CSMG3,19.82
2024-06-06,CSNA3,12.68
2024-06-06,CURY3,19.74
2024-06-06,CVCB3,1.94
2024-06-06,CXSE3,14.75
2024-06-06,CYRE3,20.17
2024-06-06,DIRR3,26.36
2024-06-06,DXCO3,7.13
2024-06-06,ECOR3,6.7
2024-06-06,EGIE3,44.01
2024-06-06,ELET3,36.54
2024-06-06,ELET6,40.68
2024-06-06,EMBR3,36.91
2024-06-06,ENEV3,12.81
2024-06-06,ENGI11,46.91
2024-06-06,EQTL3,29.91
2024-06-06,EZTC3,13.57
2024-06-06,FLRY3,14.5
2024-06-06,GGBR4,17.28
2024-06-06,GOAU4,10.18
2024-06-06,GOLL4,1.12
2024-06-06,HAPV3,4.01
2024-06-06,HYPE3,29.06
2024-06-06,IGTI11,20.84
2024-06-06,IRBR3,31.92
2024-06-06,ITSA4,9.94
2024-06-06,ITUB4,31.9
2024-06-06,JBSS3,29.17
2024-06-06,JHSF3,3.96
2024-06-06,KLBN11,20.07
2024-06-06,LOGG3,22.07
2024-06-06,LREN3,13.38
2024-06-06,LWSA3,4.61
2024-06-06,MGLU3,12.7
2024-06-06,MRFG3,11.0
2024-06-06,MRVE3,7.31
2024-06-06,MULT3,23.39
2024-06-06,NTCO3,15.33
2024-06-06,PCAR3,2.99
2024-06-06,PETR3,39.94
2024-06-06,PETR4,38.38
2024-06-06,PETZ3,3.67
2024-06-06,POMO4,6.36
2024-06-06,PRIO3,40.17
2024-06-06,PSSA3,30.12
2024-06-06,QUAL3,1.72
2024-06-06,RADL3,25.13
2024-06-06,RAIL3,20.5
2024-06-06,RAIZ4,2.73
2024-06-06,RDOR3,27.37
2024-06-06,RECV3,19.24
2024-06-06,RENT3,43.7
2024-06-06,RRRP3,26.67
2024-06-06,SANB11,27.61
2024-06-06,SBSP3,77.32
2024-06-06,SLCE3,17.56
2024-06-06,SMFT3,22.93
2024-06-06,SMTO3,27.49
2024-06-06,SOMA3,6.06
2024-06-06,STBP3,12.27
2024-06-06,SUZB3,48.35
2024-06-06,TAEE11,34.0
2024-06-06,TEND3,11.66
2024-06-06,TIMS3,16.43
2024-06-06,TOTS3,28.96
2024-06-06,TRPL4,25.17
2024-06-06,UGPA3,22.92
2024-06-06,USIM5,7.32
2024-06-06,VALE3,61.21
2024-06-06,VAMO3,7.74
2024-06-06,VBBR3,21.04
2024-06-06,VIVA3,21.86
2024-06-06,VIVT3,45.55
2024-06-06,WEGE3,37.81
2024-06-06,YDUQ3,11.75
2024-06-07,ABEV3,11.56
2024-06-07,ALOS3,21.35
2024-06-07,ALPA4,9.53
2024-06-07,AMER3,0.34
2024-06-07,ARZZ3,50.49
2024-06-07,ASAI3,12.0
2024-06-07,AURE3,12.1
2024-06-07,AZUL4,9.23
2024-06-07,B3SA3,10.75
2024-06-07,BBAS3,27.18
2024-06-07,BBDC3,11.48
2024-06-07,BBDC4,12.95
2024-06-07,BBSE3,32.69
2024-06-07,BEEF3,6.1
2024-06-07,BHIA3,6.58
2024-06-07,BPAC11,32.68
2024-06-07,BPAN4,9.01
2024-06-07,BRAP4,18.28
2024-06-07,BRFS3,18.33
2024-06-07,BRKM5,17.63
2024-06-07,CASH3,5.38
2024-06-07,CCRO3,11.91
2024-06-07,CEAB3,9.66
2024-06-07,CIEL3,5.64
2024-06-07,CMIG4,10.18
2024-06-07,CMIN3,4.87
2024-06-07,COGN3,1.8
2024-06-07,CPFE3,33.34
2024-06-07,CPLE3,8.26
2024-06-07,CPLE6,9.25
2024-06-07,CRFB3,9.73
2024-06-07,CSAN3,12.72
2024-06-07,CSMG3,19.72
2024-06-07,CSNA3,12.44
2024-06-07,CURY3,19.3
2024-06-07,CVCB3,1.9
2024-06-07,CXSE3,14.53
2024-06-07,CYRE3,19.57
2024-06-07,DIRR3,26.24
2024-06-07,DXCO3,7.01
2024-06-07,ECOR3,6.63
2024-06-07,EGIE3,43.48
2024-06-07,ELET3,35.73
2024-06-07,ELET6,39.89
2024-06-07,EMBR3,38.4
2024-06-07,ENEV3,12.7
2024-06-07,ENGI11,46.15
2024-06-07,EQTL3,29.48
2024-06-07,EZTC3,13.48
2024-06-07,FLRY3,14.42
2024-06-07,GGBR4,16.97
2024-06-07,GOAU4,10.0
2024-06-07,GOLL4,1.1
2024-06-07,HAPV3,3.89
2024-06-07,HYPE3,28.71
2024-06-07,IGTI11,20.39
2024-06-07,IRBR3,31.64
2024-06-07,ITSA4,9.7
2024-06-07,ITUB4,31.45
2024-06-07,JBSS3,29.24
2024-06-07,JHSF3,3.87
2024-06-07,KLBN11,20.0
2024-06-07,LOGG3,21.94
2024-06-07,LREN3,13.17
2024-06-07,LWSA3,4.22
2024-06-07,MGLU3,11.74
2024-06-07,MRFG3,11.12
2024-06-07,MRVE3,6.87
2024-06-07,MULT3,22.88
2024-06-07,NTCO3,15.1
2024-06-07,PCAR3,2.88
2024-06-07,PETR3,38.59
2024-06-07,PETR4,36.94
2024-06-07,PETZ3,3.55
2024-06-07,POMO4,6.3
2024-06-07,PRIO3,39.92
2024-06-07,PSSA3,29.92
2024-06-07,QUAL3,1.67
2024-06-07,RADL3,25.32
2024-06-07,RAIL3,19.8
2024-06-07,RAIZ4,2.7
2024-06-07,RDOR3,26.91
2024-06-07,RECV3,19.06
2024-06-07,RENT3,42.75
2024-06-07,RRRP3,26.26
2024-06-07,SANB11,27.28
2024-06-07,SBSP3,74.25
2024-06-07,SLCE3,17.25
2024-06-07,SMFT3,22.6
2024-06-07,SMTO3,28.25
2024-06-07,SOMA3,6.0
2024-06-07,STBP3,11.95
2024-06-07,SUZB3,48.65
2024-06-07,TAEE11,33.69
2024-06-07,TEND3,11.31
2024-06-07,TIMS3,16.07
2024-06-07,TOTS3,28.5
2024-06-07,TRPL4,25.01
2024-06-07,UGPA3,22.16
2024-06-07,USIM5,7.18
2024-06-07,VALE3,60.41
2024-06-07,VAMO3,7.68
2024-06-07,VBBR3,20.8
2024-06-07,VIVA3,21.73
2024-06-07,VIVT3,45.0
2024-06-07,WEGE3,37.85
2024-06-07,YDUQ3,11.38
2024-06-10,ABEV3,11.46
2024-06-10,ALOS3,21.13
2024-06-10,ALPA4,9.42
2024-06-10,AMER3,0.34
2024-06-10,ARZZ3,48.4
2024-06-10,ASAI3,11.93
2024-06-10,AURE3,12.21
2024-06-10,AZUL4,9.18
2024-06-10,B3SA3,10.49
2024-06-10,BBAS3,27.21
2024-06-10,BBDC3,11.49
2024-06-10,BBDC4,12.86
2024-06-10,BBSE3,32.62
2024-06-10,BEEF3,5.95
2024-06-10,BHIA3,6.1
2024-06-10,BPAC11,31.6
2024-06-10,BPAN4,8.77
2024-06-10,BRAP4,18.34
2024-06-10,BRFS3,18.39
2024-06-10,BRKM5,17.98
2024-06-10,CASH3,5.32
2024-06-10,CCRO3,11.73
2024-06-10,CEAB3,9.66
2024-06-10,CIEL3,5.64
2024-06-10,CMIG4,10.15
2024-06-10,CMIN3,4.89
2024-06-10,COGN3,1.79
2024-06-10,CPFE3,32.85
2024-06-10,CPLE3,8.21
2024-06-10,CPLE6,9.19
2024-06-10,CRFB3,9.46
2024-06-10,CSAN3,12.74
2024-06-10,CSMG3,19.7
2024-06-10,CSNA3,12.35
2024-06-10,CURY3,19.1
2024-06-10,CVCB3,1.87
2024-06-10,CXSE3,14.2
2024-06-10,CYRE3,19.34
2024-06-10,DIRR3,25.65
2024-06-10,DXCO3,6.96
2024-06-10,ECOR3,6.4
2024-06-10,EGIE3,43.48
2024-06-10,ELET3,35.98
2024-06-10,ELET6,40.05
2024-06-10,EMBR3,39.03
2024-06-10,ENEV3,12.46
2024-06-10,ENGI11,45.85
2024-06-10,EQTL3,29.18
2024-06-10,EZTC3,13.29
2024-06-10,FLRY3,14.39
2024-06-10,GGBR4,16.85
2024-06-10,GOAU4,9.97
2024-06-10,GOLL4,1.08
2024-06-10,HAPV3,3.85
2024-06-10,HYPE3,28.8
2024-06-10,IGTI11,19.98
2024-06-10,IRBR3,31.69
2024-06-10,ITSA4,9.62
2024-06-10,ITUB4,31.2
2024-06-10,JBSS3,29.25
2024-06-10,JHSF3,3.83
2024-06-10,KLBN11,19.96
2024-06-10,LOGG3,21.76
2024-06-10,LREN3,12.76
2024-06-10,LWSA3,4.19
2024-06-10,MGLU3,11.52
2024-06-10,MRFG3,11.08
2024-06-10,MRVE3,6.8
2024-06-10,MULT3,22.55
2024-06-10,NTCO3,14.85
2024-06-10,PCAR3,2.83
2024-06-10,PETR3,39.3
2024-06-10,PETR4,37.5
2024-06-10,PETZ3,3.54
2024-06-10,POMO4,6.17
2024-06-10,PRIO3,40.8
2024-06-10,PSSA3,29.8
2024-06-10,QUAL3,1.68
2024-06-10,RADL3,25.1
2024-06-10,RAIL3,19.6
2024-06-10,RAIZ4,2.72
2024-06-10,RDOR3,26.55
2024-06-10,RECV3,18.72
2024-06-10,RENT3,41.86
2024-06-10,RRRP3,26.32
2024-06-10,SANB11,27.0
2024-06-10,SBSP3,75.1
2024-06-10,SLCE3,17.23
2024-06-10,SMFT3,21.94
2024-06-10,SMTO3,30.0
2024-06-10,SOMA3,5.72
2024-06-10,STBP3,11.71
2024-06-10,SUZB3,49.69
2024-06-10,TAEE11,33.53
2024-06-10,TEND3,11.09
2024-06-10,TIMS3,15.9
2024-06-10,TOTS3,28.54
2024-06-10,TRPL4,24.92
2024-06-10,UGPA3,22.51
2024-06-10,USIM5,7.05
2024-06-10,VALE3,61.07
2024-06-10,VAMO3,7.58
2024-06-10,VBBR3,21.3
2024-06-10,VIVA3,20.95
2024-06-10,VIVT3,44.37
2024-06-10,WEGE3,37.81
2024-06-10,YDUQ3,11.18
2024-06-11,ABEV3,11.4
2024-06-11,ALOS3,21.24
2024-06-11,ALPA4,9.6
2024-06-11,AMER3,0.36
2024-06-11,ARZZ3,49.56
2024-06-11,ASAI3,12.0
2024-06-11,AURE3,12.25
2024-06-11,AZUL4,9.55
2024-06-11,B3SA3,10.55
2024-06-11,BBAS3,27.51
2024-06-11,BBDC3,11.54
2024-06-11,BBDC4,12.93
2024-06-11,BBSE3,32.78
2024-06-11,BEEF3,6.26
2024-06-11,BHIA3,6.33
2024-06-11,BPAC11,32.23
2024-06-11,BPAN4,8.9
2024-06-11,BRAP4,18.37
2024-06-11,BRFS3,19.0
2024-06-11,BRKM5,18.3
2024-06-11,CASH3,6.15
2024-06-11,CCRO3,11.77
2024-06-11,CEAB3,10.1
2024-06-11,CIEL3,5.64
2024-06-11,CMIG4,10.24
2024-06-11,CMIN3,4.95
2024-06-11,COGN3,1.82
2024-06-11,CPFE3,33.02
2024-06-11,CPLE3,8.32
2024-06-11,CPLE6,9.3
2024-06-11,CRFB3,9.63
2024-06-11,CSAN3,12.83
2024-06-11,CSMG3,19.45
2024-06-11,CSNA3,12.29
2024-06-11,CURY3,19.0
2024-06-11,CVCB3,1.93
2024-06-11,CXSE3,14.34
2024-06-11,CYRE3,19.53
2024-06-11,DIRR3,25.88
2024-06-11,DXCO3,6.92
2024-06-11,ECOR3,6.55
2024-06-11,EGIE3,43.59
2024-06-11,ELET3,36.22
2024-06-11,ELET6,40.43
2024-06-11,EMBR3,38.81
2024-06-11,ENEV3,12.79
2024-06-11,ENGI11,45.75
2024-06-11,EQTL3,29.25
2024-06-11,EZTC3,13.26
2024-06-11,FLRY3,14.48
2024-06-11,GGBR4,17.25
2024-06-11,GOAU4,10.12
2024-06-11,GOLL4,1.09
2024-06-11,HAPV3,3.91
2024-06-11,HYPE3,29.02
2024-06-11,IGTI11,20.19
2024-06-11,IRBR3,32.7
2024-06-11,ITSA4,9.76
2024-06-11,ITUB4,31.55
2024-06-11,JBSS3,29.51
2024-06-11,JHSF3,3.85
2024-06-11,KLBN11,20.34
2024-06-11,LOGG3,22.31
2024-06-11,LREN3,12.97
2024-06-11,LWSA3,4.3
2024-06-11,MGLU3,12.44
2024-06-11,MRFG3,11.33
2024-06-11,MRVE3,6.85
2024-06-11,MULT3,22.72
2024-06-11,NTCO3,14.87
2024-06-11,PCAR3,2.95
2024-06-11,PETR3,39.27
2024-06-11,PETR4,37.66
2024-06-11,PETZ3,3.6
2024-06-11,POMO4,6.25
2024-06-11,PRIO3,42.55
2024-06-11,PSSA3,30.09
2024-06-11,QUAL3,1.75
2024-06-11,RADL3,25.07
2024-06-11,RAIL3,20.0
2024-06-11,RAIZ4,2.8
2024-06-11,RDOR3,27.16
2024-06-11,RECV3,19.03
2024-06-11,RENT3,41.55
2024-06-11,RRRP3,27.23
2024-06-11,SANB11,27.09
2024-06-11,SBSP3,75.6
2024-06-11,SLCE3,17.56
2024-06-11,SMFT3,22.38
2024-06-11,SMTO3,31.02
2024-06-11,SOMA3,5.87
2024-06-11,STBP3,11.88
2024-06-11,SUZB3,48.92
2024-06-11,TAEE11,33.79
2024-06-11,TEND3,11.25
2024-06-11,TIMS3,16.07
2024-06-11,TOTS3,29.1
2024-06-11,TRPL4,24.95
2024-06-11,UGPA3,22.73
2024-06-11,USIM5,7.13
2024-06-11,VALE3,60.98
2024-06-11,VAMO3,7.54
2024-06-11,VBBR3,21.6
2024-06-11,VIVA3,21.07
2024-06-11,VIVT3,45.4
2024-06-11,WEGE3,37.8
2024-06-11,YDUQ3,11.49
2024-06-12,ABEV3,11.27
2024-06-12,ALOS3,20.96
2024-06-12,ALPA4,9.48
2024-06-12,AMER3,0.36
2024-06-12,ARZZ3,49.1
2024-06-12,ASAI3,11.8
2024-06-12,AURE3,12.08
2024-06-12,AZUL4,9.3
2024-06-12,B3SA3,10.4
2024-06-12,BBAS3,26.54
2024-06-12,BBDC3,11.31
2024-06-12,BBDC4,12.69
2024-06-12,BBSE3,32.47
2024-06-12,BEEF3,6.15
2024-06-12,BHIA3,6.1
2024-06-12,BPAC11,31.69
2024-06-12,BPAN4,8.73
2024-06-12,BRAP4,18.16
2024-06-12,BRFS3,18.78
2024-06-12,BRKM5,17.89
2024-06-12,CASH3,5.82
2024-06-12,CCRO3,11.66
2024-06-12,CEAB3,9.72
2024-06-12,CIEL3,5.64
2024-06-12,CMIG4,9.97
2024-06-12,CMIN3,4.83
2024-06-12,COGN3,1.69
2024-06-12,CPFE3,32.66
2024-06-12,CPLE3,8.26
2024-06-12,CPLE6,9.24
2024-06-12,CRFB3,9.4
2024-06-12,CSAN3,12.31
2024-06-12,CSMG3,19.31
2024-06-12,CSNA3,11.91
2024-06-12,CURY3,18.95
2024-06-12,CVCB3,1.9
2024-06-12,CXSE3,14.33
2024-06-12,CYRE3,18.95
2024-06-12,DIRR3,25.7
2024-06-12,DXCO3,6.58
2024-06-12,ECOR3,6.3
2024-06-12,EGIE3,43.47
2024-06-12,ELET3,35.59
2024-06-12,ELET6,39.72
2024-06-12,EMBR3,39.97
2024-06-12,ENEV3,12.38
2024-06-12,ENGI11,44.72
2024-06-12,EQTL3,29.03
2024-06-12,EZTC3,12.82
2024-06-12,FLRY3,14.29
2024-06-12,GGBR4,17.37
2024-06-12,GOAU4,10.13
2024-06-12,GOLL4,1.07
2024-06-12,HAPV3,3.79
2024-06-12,HYPE3,28.7
2024-06-12,IGTI11,19.78
2024-06-12,IRBR3,31.81
2024-06-12,ITSA4,9.67
2024-06-12,ITUB4,31.5
2024-06-12,JBSS3,29.19
2024-06-12,JHSF3,3.8
2024-06-12,KLBN11,20.51
2024-06-12,LOGG3,21.87
2024-06-12,LREN3,12.77
2024-06-12,LWSA3,4.13
2024-06-12,MGLU3,11.45
2024-06-12,MRFG3,10.88
2024-06-12,MRVE3,6.92
2024-06-12,MULT3,22.7
2024-06-12,NTCO3,14.89
2024-06-12,PCAR3,2.9
2024-06-12,PETR3,37.51
2024-06-12,PETR4,35.82
2024-06-12,PETZ3,3.5
2024-06-12,POMO4,6.24
2024-06-12,PRIO3,42.69
2024-06-12,PSSA3,29.59
2024-06-12,QUAL3,1.72
2024-06-12,RADL3,24.74
2024-06-12,RAIL3,19.6
2024-06-12,RAIZ4,2.67
2024-06-12,RDOR3,26.78
2024-06-12,RECV3,18.61
2024-06-12,RENT3,41.02
2024-06-12,RRRP3,26.34
2024-06-12,SANB11,27.04
2024-06-12,SBSP3,73.16
2024-06-12,SLCE3,17.5
2024-06-12,SMFT3,22.05
2024-06-12,SMTO3,31.04
2024-06-12,SOMA3,5.83
2024-06-12,STBP3,11.72
2024-06-12,SUZB3,49.0
2024-06-12,TAEE11,33.42
2024-06-12,TEND3,11.34
2024-06-12,TIMS3,15.81
2024-06-12,TOTS3,29.0
2024-06-12,TRPL4,24.65
2024-06-12,UGPA3,21.83
2024-06-12,USIM5,7.05
2024-06-12,VALE3,60.14
2024-06-12,VAMO3,7.22
2024-06-12,VBBR3,20.92
2024-06-12,VIVA3,20.32
2024-06-12,VIVT3,44.53
2024-06-12,WEGE3,38.07
2024-06-12,YDUQ3,11.35
2024-06-13,ABEV3,11.09
2024-06-13,ALOS3,20.72
2024-06-13,ALPA4,9.29
2024-06-13,AMER3,0.39
2024-06-13,ARZZ3,49.1
2024-06-13,ASAI3,11.57
2024-06-13,AURE3,12.11
2024-06-13,AZUL4,9.2
2024-06-13,B3SA3,10.08
2024-06-13,BBAS3,26.72
2024-06-13,BBDC3,11.28
2024-06-13,BBDC4,12.7
2024-06-13,BBSE3,32.51
2024-06-13,BEEF3,6.13
2024-06-13,BHIA3,6.0
2024-06-13,BPAC11,31.88
2024-06-13,BPAN4,8.6
2024-06-13,BRAP4,18.24
2024-06-13,BRFS3,18.6
2024-06-13,BRKM5,18.37
2024-06-13,CASH3,5.87
2024-06-13,CCRO3,11.53
2024-06-13,CEAB3,9.41
2024-06-13,CIEL3,5.64
2024-06-13,CMIG4,10.14
2024-06-13,CMIN3,4.99
2024-06-13,COGN3,1.66
2024-06-13,CPFE3,32.54
2024-06-13,CPLE3,8.3
2024-06-13,CPLE6,9.3
2024-06-13,CRFB3,9.41
2024-06-13,CSAN3,12.46
2024-06-13,CSMG3,19.57
2024-06-13,CSNA3,11.9
2024-06-13,CURY3,18.92
2024-06-13,CVCB3,1.93
2024-06-13,CXSE3,14.4
2024-06-13,CYRE3,18.98
2024-06-13,DIRR3,25.52
2024-06-13,DXCO3,6.66
2024-06-13,ECOR3,6.19
2024-06-13,EGIE3,43.61
2024-06-13,ELET3,35.58
2024-06-13,ELET6,39.8
2024-06-13,EMBR3,39.44
2024-06-13,ENEV3,12.43
2024-06-13,ENGI11,44.55
2024-06-13,EQTL3,29.05
2024-06-13,EZTC3,12.95
2024-06-13,FLRY3,14.25
2024-06-13,GGBR4,17.33
2024-06-13,GOAU4,10.1
2024-06-13,GOLL4,1.08
2024-06-13,HAPV3,3.74
2024-06-13,HYPE3,28.61
2024-06-13,IGTI11,19.55
2024-06-13,IRBR3,31.87
2024-06-13,ITSA4,9.57
2024-06-13,ITUB4,31.17
2024-06-13,JBSS3,29.06
2024-06-13,JHSF3,3.8
2024-06-13,KLBN11,20.45
2024-06-13,LOGG3,21.92
2024-06-13,LREN3,12.59
2024-06-13,LWSA3,4.12
2024-06-13,MGLU3,11.22
2024-06-13,MRFG3,10.68
2024-06-13,MRVE3,6.61
2024-06-13,MULT3,22.45
2024-06-13,NTCO3,14.89
2024-06-13,PCAR3,3.0
2024-06-13,PETR3,37.02
2024-06-13,PETR4,35.46
2024-06-13,PETZ3,3.38
2024-06-13,POMO4,6.1
2024-06-13,PRIO3,41.86
2024-06-13,PSSA3,29.66
2024-06-13,QUAL3,1.73
2024-06-13,RADL3,24.96
2024-06-13,RAIL3,19.39
2024-06-13,RAIZ4,2.8
2024-06-13,RDOR3,26.75
2024-06-13,RECV3,18.35
2024-06-13,RENT3,40.18
2024-06-13,RRRP3,25.88
2024-06-13,SANB11,27.0
2024-06-13,SBSP3,74.47
2024-06-13,SLCE3,17.56
2024-06-13,SMFT3,21.8
2024-06-13,SMTO3,30.98
2024-06-13,SOMA3,5.83
2024-06-13,STBP3,11.59
2024-06-13,SUZB3,48.77
2024-06-13,TAEE11,33.35
2024-06-13,TEND3,11.22
2024-06-13,TIMS3,15.58
2024-06-13,TOTS3,29.59
2024-06-13,TRPL4,24.91
2024-06-13,UGPA3,21.71
2024-06-13,USIM5,7.16
2024-06-13,VALE3,60.83
2024-06-13,VAMO3,6.9
2024-06-13,VBBR3,20.64
2024-06-13,VIVA3,19.98
2024-06-13,VIVT3,44.03
2024-06-13,WEGE3,38.42
2024-06-13,YDUQ3,11.3
2024-06-14,ABEV3,11.24
2024-06-14,ALOS3,20.82
2024-06-14,ALPA4,9.15
2024-06-14,AMER3,0.4
2024-06-14,ARZZ3,50.26
2024-06-14,ASAI3,11.66
2024-06-14,AURE3,12.18
2024-06-14,AZUL4,9.12
2024-06-14,B3SA3,10.37
2024-06-14,BBAS3,26.45
2024-06-14,BBDC3,11.38
2024-06-14,BBDC4,12.83
2024-06-14,BBSE3,32.46
2024-06-14,BEEF3,6.16
2024-06-14,BHIA3,6.08
2024-06-14,BPAC11,31.9
2024-06-14,BPAN4,8.57
2024-06-14,BRAP4,18.01
2024-06-14,BRFS3,18.63
2024-06-14,BRKM5,18.41
2024-06-14,CASH3,5.86
2024-06-14,CCRO3,11.59
2024-06-14,CEAB3,9.58
2024-06-14,CIEL3,5.64
2024-06-14,CMIG4,10.01
2024-06-14,CMIN3,4.88
2024-06-14,COGN3,1.67
2024-06-14,CPFE3,32.73
2024-06-14,CPLE3,8.33
2024-06-14,CPLE6,9.35
2024-06-14,CRFB3,9.52
2024-06-14,CSAN3,12.67
2024-06-14,CSMG3,19.61
2024-06-14,CSNA3,12.03
2024-06-14,CURY3,18.55
2024-06-14,CVCB3,2.01
2024-06-14,CXSE3,14.48
2024-06-14,CYRE3,19.04
2024-06-14,DIRR3,25.27
2024-06-14,DXCO3,6.7
2024-06-14,ECOR3,6.27
2024-06-14,EGIE3,44.16
2024-06-14,ELET3,35.69
2024-06-14,ELET6,39.8
2024-06-14,EMBR3,37.33
2024-06-14,ENEV3,12.5
2024-06-14,ENGI11,45.37
2024-06-14,EQTL3,29.78
2024-06-14,EZTC3,13.3
2024-06-14,FLRY3,14.2
2024-06-14,GGBR4,17.0
2024-06-14,GOAU4,9.99
2024-06-14,GOLL4,1.08
2024-06-14,HAPV3,3.75
2024-06-14,HYPE3,28.74
2024-06-14,IGTI11,19.56
2024-06-14,IRBR3,31.93
2024-06-14,ITSA4,9.57
2024-06-14,ITUB4,31.14
2024-06-14,JBSS3,28.61
2024-06-14,JHSF3,3.75
2024-06-14,KLBN11,20.36
2024-06-14,LOGG3,22.43
2024-06-14,LREN3,12.79
2024-06-14,LWSA3,4.2
2024-06-14,MGLU3,11.44
2024-06-14,MRFG3,10.52
2024-06-14,MRVE3,6.85
2024-06-14,MULT3,22.46
2024-06-14,NTCO3,14.8
2024-06-14,PCAR3,3.03
2024-06-14,PETR3,36.63
2024-06-14,PETR4,34.68
2024-06-14,PETZ3,3.5
2024-06-14,POMO4,6.13
2024-06-14,PRIO3,42.01
2024-06-14,PSSA3,29.63
2024-06-14,QUAL3,1.74
2024-06-14,RADL3,25.7
2024-06-14,RAIL3,19.77
2024-06-14,RAIZ4,2.8
2024-06-14,RDOR3,26.93
2024-06-14,RECV3,18.07
2024-06-14,RENT3,40.42
2024-06-14,RRRP3,25.9
2024-06-14,SANB11,27.08
2024-06-14,SBSP3,75.0
2024-06-14,SLCE3,17.63
2024-06-14,SMFT3,21.73
2024-06-14,SMTO3,30.74
2024-06-14,SOMA3,5.9
2024-06-14,STBP3,11.79
2024-06-14,SUZB3,48.97
2024-06-14,TAEE11,33.35
2024-06-14,TEND3,11.34
2024-06-14,TIMS3,15.87
2024-06-14,TOTS3,30.59
2024-06-14,TRPL4,25.25
2024-06-14,UGPA3,21.75
2024-06-14,USIM5,7.18
2024-06-14,VALE3,60.62
2024-06-14,VAMO3,7.31
2024-06-14,VBBR3,20.72
2024-06-14,VIVA3,20.35
2024-06-14,VIVT3,44.9
2024-06-14,WEGE3,38.77
2024-06-14,YDUQ3,11.22
2024-06-17,ABEV3,11.24
2024-06-17,ALOS3,20.65
2024-06-17,ALPA4,9.0
2024-06-17,AMER3,0.43
2024-06-17,ARZZ3,50.35
2024-06-17,ASAI3,11.26
2024-06-17,AURE3,12.13
2024-06-17,AZUL4,9.0
2024-06-17,B3SA3,10.56
2024-06-17,BBAS3,26.45
2024-06-17,BBDC3,11.42
2024-06-17,BBDC4,12.97
2024-06-17,BBSE3,32.39
2024-06-17,BEEF3,6.1
2024-06-17,BHIA3,5.65
2024-06-17,BPAC11,31.67
2024-06-17,BPAN4,8.42
2024-06-17,BRAP4,17.83
2024-06-17,BRFS3,18.19
2024-06-17,BRKM5,17.47
2024-06-17,CASH3,5.7
2024-06-17,CCRO3,11.44
2024-06-17,CEAB3,9.6
2024-06-17,CIEL3,5.65
2024-06-17,CMIG4,10.07
2024-06-17,CMIN3,4.86
2024-06-17,COGN3,1.62
2024-06-17,CPFE3,32.35
2024-06-17,CPLE3,8.21
2024-06-17,CPLE6,9.22
2024-06-17,CRFB3,9.15
2024-06-17,CSAN3,12.48
2024-06-17,CSMG3,19.83
2024-06-17,CSNA3,11.91
2024-06-17,CURY3,18.7
2024-06-17,CVCB3,2.02
2024-06-17,CXSE3,14.23
2024-06-17,CYRE3,18.7
2024-06-17,DIRR3,24.99
2024-06-17,DXCO3,6.58
2024-06-17,ECOR3,6.2
2024-06-17,EGIE3,43.84
2024-06-17,ELET3,35.14
2024-06-17,ELET6,39.4
2024-06-17,EMBR3,37.68
2024-06-17,ENEV3,12.32
2024-06-17,ENGI11,44.35
2024-06-17,EQTL3,29.25
2024-06-17,EZTC3,12.98
2024-06-17,FLRY3,13.98
2024-06-17,GGBR4,16.89
2024-06-17,GOAU4,9.9
2024-06-17,GOLL4,1.07
2024-06-17,HAPV3,3.66
2024-06-17,HYPE3,28.7
2024-06-17,IGTI11,19.31
2024-06-17,IRBR3,31.37
2024-06-17,ITSA4,9.64
2024-06-17,ITUB4,31.9
2024-06-17,JBSS3,27.83
2024-06-17,JHSF3,3.74
2024-06-17,KLBN11,20.34
2024-06-17,LOGG3,21.79
2024-06-17,LREN3,12.42
2024-06-17,LWSA3,4.02
2024-06-17,MGLU3,10.99
2024-06-17,MRFG3,10.25
2024-06-17,MRVE3,6.77
2024-06-17,MULT3,22.15
2024-06-17,NTCO3,14.54
2024-06-17,PCAR3,2.93
2024-06-17,PETR3,36.65
2024-06-17,PETR4,34.81
2024-06-17,PETZ3,3.41
2024-06-17,POMO4,5.84
2024-06-17,PRIO3,41.72
2024-06-17,PSSA3,29.38
2024-06-17,QUAL3,1.54
2024-06-17,RADL3,25.07
2024-06-17,RAIL3,19.27
2024-06-17,RAIZ4,2.78
2024-06-17,RDOR3,25.54
2024-06-17,RECV3,18.1
2024-06-17,RENT3,39.4
2024-06-17,RRRP3,25.53
2024-06-17,SANB11,27.47
2024-06-17,SBSP3,74.32
2024-06-17,SLCE3,17.6
2024-06-17,SMFT3,21.55
2024-06-17,SMTO3,31.15
2024-06-17,SOMA3,5.88
2024-06-17,STBP3,11.88
2024-06-17,SUZB3,48.51
2024-06-17,TAEE11,33.23
2024-06-17,TEND3,11.09
2024-06-17,TIMS3,15.53
2024-06-17,TOTS3,30.42
2024-06-17,TRPL4,25.27
2024-06-17,UGPA3,21.57
2024-06-17,USIM5,7.1
2024-06-17,VALE3,60.38
2024-06-17,VAMO3,7.06
2024-06-17,VBBR3,20.19
2024-06-17,VIVA3,19.95
2024-06-17,VIVT3,44.3
2024-06-17,WEGE3,38.77
2024-06-17,YDUQ3,10.78
2024-06-18,ABEV3,11.25
2024-06-18,ALOS3,20.59
2024-06-18,ALPA4,9.0
2024-06-18,AMER3,0.42
2024-06-18,ARZZ3,50.19
2024-06-18,ASAI3,11.17
2024-06-18,AURE3,12.28
2024-06-18,AZUL4,8.45
2024-06-18,B3SA3,10.61
2024-06-18,BBAS3,26.08
2024-06-18,BBDC3,10.98
2024-06-18,BBDC4,12.38
2024-06-18,BBSE3,32.45
2024-06-18,BEEF3,6.29
2024-06-18,BHIA3,5.5
2024-06-18,BPAC11,31.94
2024-06-18,BPAN4,8.49
2024-06-18,BRAP4,17.89
2024-06-18,BRFS3,19.19
2024-06-18,BRKM5,17.59
2024-06-18,CASH3,5.66
2024-06-18,CCRO3,11.43
2024-06-18,CEAB3,9.56
2024-06-18,CIEL3,5.64
2024-06-18,CMIG4,10.11
2024-06-18,CMIN3,5.05
2024-06-18,COGN3,1.64
2024-06-18,CPFE3,32.3
2024-06-18,CPLE3,8.18
2024-06-18,CPLE6,9.17
2024-06-18,CRFB3,9.11
2024-06-18,CSAN3,12.49
2024-06-18,CSMG3,19.62
2024-06-18,CSNA3,12.99
2024-06-18,CURY3,18.7
2024-06-18,CVCB3,1.91
2024-06-18,CXSE3,14.25
2024-06-18,CYRE3,18.8
2024-06-18,DIRR3,25.09
2024-06-18,DXCO3,6.66
2024-06-18,ECOR3,6.07
2024-06-18,EGIE3,43.86
2024-06-18,ELET3,35.03
2024-06-18,ELET6,39.29
2024-06-18,EMBR3,36.8
2024-06-18,ENEV3,12.32
2024-06-18,ENGI11,44.35
2024-06-18,EQTL3,29.22
2024-06-18,EZTC3,12.86
2024-06-18,FLRY3,14.02
2024-06-18,GGBR4,16.98
2024-06-18,GOAU4,9.98
2024-06-18,GOLL4,1.04
2024-06-18,HAPV3,3.65
2024-06-18,HYPE3,28.82
2024-06-18,IGTI11,19.36
2024-06-18,IRBR3,30.9
2024-06-18,ITSA4,9.71
2024-06-18,ITUB4,31.88
2024-06-18,JBSS3,28.9
2024-06-18,JHSF3,3.77
2024-06-18,KLBN11,20.44
2024-06-18,LOGG3,21.74
2024-06-18,LREN3,12.36
2024-06-18,LWSA3,3.98
2024-06-18,MGLU3,10.95
2024-06-18,MRFG3,10.56
2024-06-18,MRVE3,6.77
2024-06-18,MULT3,22.26
2024-06-18,NTCO3,14.78
2024-06-18,PCAR3,2.92
2024-06-18,PETR3,37.88
2024-06-18,PETR4,35.9
2024-06-18,PETZ3,3.32
2024-06-18,POMO4,5.94
2024-06-18,PRIO3,41.25
2024-06-18,PSSA3,29.25
2024-06-18,QUAL3,1.41
2024-06-18,RADL3,24.5
2024-06-18,RAIL3,19.5
2024-06-18,RAIZ4,2.82
2024-06-18,RDOR3,26.2
2024-06-18,RECV3,17.6
2024-06-18,RENT3,39.15
2024-06-18,RRRP3,25.4
2024-06-18,SANB11,27.59
2024-06-18,SBSP3,72.11
2024-06-18,SLCE3,17.52
2024-06-18,SMFT3,21.6
2024-06-18,SMTO3,30.86
2024-06-18,SOMA3,5.82
2024-06-18,STBP3,12.2
2024-06-18,SUZB3,48.3
2024-06-18,TAEE11,33.29
2024-06-18,TEND3,10.89
2024-06-18,TIMS3,15.69
2024-06-18,TOTS3,29.74
2024-06-18,TRPL4,24.94
2024-06-18,UGPA3,21.47
2024-06-18,USIM5,7.23
2024-06-18,VALE3,60.66
2024-06-18,VAMO3,7.11
2024-06-18,VBBR3,20.45
2024-06-18,VIVA3,19.83
2024-06-18,VIVT3,44.33
2024-06-18,WEGE3,38.86
2024-06-18,YDUQ3,10.63
2024-06-19,ABEV3,11.2
2024-06-19,ALOS3,20.61
2024-06-19,ALPA4,9.15
2024-06-19,AMER3,0.41
2024-06-19,ARZZ3,49.91
2024-06-19,ASAI3,11.05
2024-06-19,AURE3,12.19
2024-06-19,AZUL4,8.06
2024-06-19,B3SA3,10.46
2024-06-19,BBAS3,26.27
2024-06-19,BBDC3,11.04
2024-06-19,BBDC4,12.44
2024-06-19,BBSE3,32.57
2024-06-19,BEEF3,6.47
2024-06-19,BHIA3,5.7
2024-06-19,BPAC11,32.25
2024-06-19,BPAN4,8.3
2024-06-19,BRAP4,18.0
2024-06-19,BRFS3,20.02
2024-06-19,BRKM5,17.75
2024-06-19,CASH3,5.57
2024-06-19,CCRO3,11.63
2024-06-19,CEAB3,9.38
2024-06-19,CIEL3,5.64
2024-06-19,CMIG4,10.2
2024-06-19,CMIN3,5.07
2024-06-19,COGN3,1.64
2024-06-19,CPFE3,32.44
2024-06-19,CPLE3,8.18
2024-06-19,CPLE6,9.15
2024-06-19,CRFB3,9.03
2024-06-19,CSAN3,12.77
2024-06-19,CSMG3,19.72
2024-06-19,CSNA3,12.75
2024-06-19,CURY3,18.69
2024-06-19,CVCB3,1.89
2024-06-19,CXSE3,14.27
2024-06-19,CYRE3,18.85
2024-06-19,DIRR3,25.37
2024-06-19,DXCO3,6.7
2024-06-19,ECOR3,6.13
2024-06-19,EGIE3,44.0
2024-06-19,ELET3,35.05
2024-06-19,ELET6,39.32
2024-06-19,EMBR3,37.21
2024-06-19,ENEV3,12.38
2024-06-19,ENGI11,44.27
2024-06-19,EQTL3,28.95
2024-06-19,EZTC3,12.99
2024-06-19,FLRY3,14.14
2024-06-19,GGBR4,17.23
2024-06-19,GOAU4,10.13
2024-06-19,GOLL4,1.03
2024-06-19,HAPV3,3.7
2024-06-19,HYPE3,29.41
2024-06-19,IGTI11,19.59
2024-06-19,IRBR3,30.99
2024-06-19,ITSA4,9.81
2024-06-19,ITUB4,32.13
2024-06-19,JBSS3,29.41
2024-06-19,JHSF3,3.8
2024-06-19,KLBN11,20.51
2024-06-19,LOGG3,21.96
2024-06-19,LREN3,12.63
2024-06-19,LWSA3,4.05
2024-06-19,MGLU3,11.08
2024-06-19,MRFG3,10.88
2024-06-19,MRVE3,6.86
2024-06-19,MULT3,22.52
2024-06-19,NTCO3,15.12
2024-06-19,PCAR3,2.95
2024-06-19,PETR3,37.64
2024-06-19,PETR4,35.93
2024-06-19,PETZ3,3.39
2024-06-19,POMO4,6.0
2024-06-19,PRIO3,41.31
2024-06-19,PSSA3,29.31
2024-06-19,QUAL3,1.43
2024-06-19,RADL3,24.77
2024-06-19,RAIL3,19.54
2024-06-19,RAIZ4,2.8
2024-06-19,RDOR3,26.15
2024-06-19,RECV3,17.93
2024-06-19,RENT3,40.01
2024-06-19,RRRP3,25.79
2024-06-19,SANB11,27.62
2024-06-19,SBSP3,72.12
2024-06-19,SLCE3,17.67
2024-06-19,SMFT3,21.47
2024-06-19,SMTO3,31.76
2024-06-19,SOMA3,5.82
2024-06-19,STBP3,12.63
2024-06-19,SUZB3,48.73
2024-06-19,TAEE11,33.36
2024-06-19,TEND3,10.8
2024-06-19,TIMS3,15.68
2024-06-19,TOTS3,29.43
2024-06-19,TRPL4,25.39
2024-06-19,UGPA3,21.67
2024-06-19,USIM5,7.34
2024-06-19,VALE3,60.85
2024-06-19,VAMO3,7.28
2024-06-19,VBBR3,20.48
2024-06-19,VIVA3,20.28
2024-06-19,VIVT3,44.31
2024-06-19,WEGE3,39.81
2024-06-19,YDUQ3,11.09
2024-06-20,ABEV3,11.28
2024-06-20,ALOS3,20.64
2024-06-20,ALPA4,9.02
2024-06-20,AMER3,0.4
2024-06-20,ARZZ3,49.85
2024-06-20,ASAI3,10.86
2024-06-20,AURE3,12.21
2024-06-20,AZUL4,7.73
2024-06-20,B3SA3,10.32
2024-06-20,BBAS3,26.39
2024-06-20,BBDC3,11.07
2024-06-20,BBDC4,12.41
2024-06-20,BBSE3,32.71
2024-06-20,BEEF3,6.58
2024-06-20,BHIA3,5.78
2024-06-20,BPAC11,31.83
2024-06-20,BPAN4,8.18
2024-06-20,BRAP4,18.23
2024-06-20,BRFS3,20.31
2024-06-20,BRKM5,17.95
2024-06-20,CASH3,5.4
2024-06-20,CCRO3,11.92
2024-06-20,CEAB3,9.29
2024-06-20,CIEL3,5.65
2024-06-20,CMIG4,10.25
2024-06-20,CMIN3,5.15
2024-06-20,COGN3,1.62
2024-06-20,CPFE3,32.51
2024-06-20,CPLE3,8.04
2024-06-20,CPLE6,9.03
2024-06-20,CRFB3,8.92
2024-06-20,CSAN3,12.68
2024-06-20,CSMG3,19.89
2024-06-20,CSNA3,13.0
2024-06-20,CURY3,18.89
2024-06-20,CVCB3,1.91
2024-06-20,CXSE3,14.35
2024-06-20,CYRE3,18.59
2024-06-20,DIRR3,25.0
2024-06-20,DXCO3,6.66
2024-06-20,ECOR3,6.11
2024-06-20,EGIE3,43.96
2024-06-20,ELET3,34.49
2024-06-20,ELET6,38.73
2024-06-20,EMBR3,36.35
2024-06-20,ENEV3,12.3
2024-06-20,ENGI11,44.08
2024-06-20,EQTL3,28.8
2024-06-20,EZTC3,12.88
2024-06-20,FLRY3,14.16
2024-06-20,GGBR4,17.4
2024-06-20,GOAU4,10.24
2024-06-20,GOLL4,1.02
2024-06-20,HAPV3,3.65
2024-06-20,HYPE3,28.79
2024-06-20,IGTI11,19.5
2024-06-20,IRBR3,31.32
2024-06-20,ITSA4,9.8
2024-06-20,ITUB4,31.91
2024-06-20,JBSS3,29.53
2024-06-20,JHSF3,3.8
2024-06-20,KLBN11,20.56
2024-06-20,LOGG3,22.27
2024-06-20,LREN3,12.51
2024-06-20,LWSA3,4.02
2024-06-20,MGLU3,10.67
2024-06-20,MRFG3,11.13
2024-06-20,MRVE3,6.57
2024-06-20,MULT3,22.21
2024-06-20,NTCO3,14.9
2024-06-20,PCAR3,3.0
2024-06-20,PETR3,38.4
2024-06-20,PETR4,36.5
2024-06-20,PETZ3,3.43
2024-06-20,POMO4,6.37
2024-06-20,PRIO3,40.95
2024-06-20,PSSA3,29.5
2024-06-20,QUAL3,1.41
2024-06-20,RADL3,24.79
2024-06-20,RAIL3,19.6
2024-06-20,RAIZ4,2.78
2024-06-20,RDOR3,25.74
2024-06-20,RECV3,18.8
2024-06-20,RENT3,39.63
2024-06-20,RRRP3,25.5
2024-06-20,SANB11,27.59
2024-06-20,SBSP3,72.06
2024-06-20,SLCE3,17.7
2024-06-20,SMFT3,21.53
2024-06-20,SMTO3,32.88
2024-06-20,SOMA3,5.86
2024-06-20,STBP3,13.2
2024-06-20,SUZB3,48.15
2024-06-20,TAEE11,33.49
2024-06-20,TEND3,10.62
2024-06-20,TIMS3,15.7
2024-06-20,TOTS3,29.49
2024-06-20,TRPL4,25.48
2024-06-20,UGPA3,21.53
2024-06-20,USIM5,7.61
2024-06-20,VALE3,61.4
2024-06-20,VAMO3,7.4
2024-06-20,VBBR3,20.54
2024-06-20,VIVA3,20.07
2024-06-20,VIVT3,44.66
2024-06-20,WEGE3,40.78
2024-06-20,YDUQ3,10.97
2024-06-21,ABEV3,11.28
2024-06-21,ALOS3,20.83
2024-06-21,ALPA4,8.85
2024-06-21,AMER3,0.4
2024-06-21,ARZZ3,49.59
2024-06-21,ASAI3,10.79
2024-06-21,AURE3,12.27
2024-06-21,AZUL4,7.68
2024-06-21,B3SA3,10.39
2024-06-21,BBAS3,26.61
2024-06-21,BBDC3,11.14
2024-06-21,BBDC4,12.4
2024-06-21,BBSE3,32.9
2024-06-21,BEEF3,6.45
2024-06-21,BHIA3,5.71
2024-06-21,BPAC11,32.48
2024-06-21,BPAN4,8.18
2024-06-21,BRAP4,17.97
2024-06-21,BRFS3,20.55
2024-06-21,BRKM5,17.95
2024-06-21,CASH3,5.38
2024-06-21,CCRO3,12.03
2024-06-21,CEAB3,9.65
2024-06-21,CIEL3,5.64
2024-06-21,CMIG4,10.51
2024-06-21,CMIN3,5.19
2024-06-21,COGN3,1.74
2024-06-21,CPFE3,32.63
2024-06-21,CPLE3,8.2
2024-06-21,CPLE6,9.21
2024-06-21,CRFB3,8.91
2024-06-21,CSAN3,12.89
2024-06-21,CSMG3,20.65
2024-06-21,CSNA3,12.65
2024-06-21,CURY3,18.95
2024-06-21,CVCB3,1.9
2024-06-21,CXSE3,14.2
2024-06-21,CYRE3,18.98
2024-06-21,DIRR3,25.26
2024-06-21,DXCO3,6.6
2024-06-21,ECOR3,6.27
2024-06-21,EGIE3,44.12
2024-06-21,ELET3,34.69
2024-06-21,ELET6,38.91
2024-06-21,EMBR3,37.87
2024-06-21,ENEV3,12.43
2024-06-21,ENGI11,44.99
2024-06-21,EQTL3,29.27
2024-06-21,EZTC3,12.9
2024-06-21,FLRY3,14.21
2024-06-21,GGBR4,17.74
2024-06-21,GOAU4,10.34
2024-06-21,GOLL4,1.02
2024-06-21,HAPV3,3.67
2024-06-21,HYPE3,29.05
2024-06-21,IGTI11,19.72
2024-06-21,IRBR3,31.63
2024-06-21,ITSA4,9.68
2024-06-21,ITUB4,31.88
2024-06-21,JBSS3,30.67
2024-06-21,JHSF3,3.85
2024-06-21,KLBN11,20.59
2024-06-21,LOGG3,22.89
2024-06-21,LREN3,12.53
2024-06-21,LWSA3,3.99
2024-06-21,MGLU3,10.83
2024-06-21,MRFG3,11.25
2024-06-21,MRVE3,6.63
2024-06-21,MULT3,22.2
2024-06-21,NTCO3,15.11
2024-06-21,PCAR3,2.92
2024-06-21,PETR3,38.31
2024-06-21,PETR4,36.72
2024-06-21,PETZ3,3.45
2024-06-21,POMO4,6.26
2024-06-21,PRIO3,41.33
2024-06-21,PSSA3,29.75
2024-06-21,QUAL3,1.39
2024-06-21,RADL3,25.8
2024-06-21,RAIL3,20.05
2024-06-21,RAIZ4,2.89
2024-06-21,RDOR3,26.35
2024-06-21,RECV3,18.25
2024-06-21,RENT3,41.7
2024-06-21,RRRP3,25.61
2024-06-21,SANB11,27.54
2024-06-21,SBSP3,74.85
2024-06-21,SLCE3,17.46
2024-06-21,SMFT3,21.9
2024-06-21,SMTO3,32.37
2024-06-21,SOMA3,5.86
2024-06-21,STBP3,13.06
2024-06-21,SUZB3,48.85
2024-06-21,TAEE11,33.6
2024-06-21,TEND3,10.62
2024-06-21,TIMS3,15.78
2024-06-21,TOTS3,29.83
2024-06-21,TRPL4,26.47
2024-06-21,UGPA3,21.59
2024-06-21,USIM5,7.54
2024-06-21,VALE3,60.83
2024-06-21,VAMO3,7.5
2024-06-21,VBBR3,20.93
2024-06-21,VIVA3,20.45
2024-06-21,VIVT3,44.49
2024-06-21,WEGE3,41.08
2024-06-21,YDUQ3,10.84
2024-06-24,ABEV3,11.32
2024-06-24,ALOS3,21.3
2024-06-24,ALPA4,9.19
2024-06-24,AMER3,0.41
2024-06-24,ARZZ3,50.2
2024-06-24,ASAI3,11.07
2024-06-24,AURE3,12.34
2024-06-24,AZUL4,7.95
2024-06-24,B3SA3,10.51
2024-06-24,BBAS3,26.81
2024-06-24,BBDC3,11.23
2024-06-24,BBDC4,12.44
2024-06-24,BBSE3,33.63
2024-06-24,BEEF3,6.43
2024-06-24,BHIA3,5.85
2024-06-24,BPAC11,32.88
2024-06-24,BPAN4,8.14
2024-06-24,BRAP4,18.05
2024-06-24,BRFS3,20.73
2024-06-24,BRKM5,17.99
2024-06-24,CASH3,5.69
2024-06-24,CCRO3,11.95
2024-06-24,CEAB3,10.1
2024-06-24,CIEL3,5.62
2024-06-24,CMIG4,10.52
2024-06-24,CMIN3,5.18
2024-06-24,COGN3,1.78
2024-06-24,CPFE3,32.69
2024-06-24,CPLE3,8.26
2024-06-24,CPLE6,9.26
2024-06-24,CRFB3,9.0
2024-06-24,CSAN3,13.2
2024-06-24,CSMG3,21.45
2024-06-24,CSNA3,12.71
2024-06-24,CURY3,19.7
2024-06-24,CVCB3,1.97
2024-06-24,CXSE3,14.24
2024-06-24,CYRE3,19.51
2024-06-24,DIRR3,25.81
2024-06-24,DXCO3,6.69
2024-06-24,ECOR3,6.79
2024-06-24,EGIE3,44.47
2024-06-24,ELET3,34.99
2024-06-24,ELET6,39.26
2024-06-24,EMBR3,37.48
2024-06-24,ENEV3,12.5
2024-06-24,ENGI11,45.2
2024-06-24,EQTL3,29.75
2024-06-24,EZTC3,13.29
2024-06-24,FLRY3,14.36
2024-06-24,GGBR4,17.85
2024-06-24,GOAU4,10.4
2024-06-24,GOLL4,1.04
2024-06-24,HAPV3,3.89
2024-06-24,HYPE3,29.24
2024-06-24,IGTI11,20.34
2024-06-24,IRBR3,31.97
2024-06-24,ITSA4,9.88
2024-06-24,ITUB4,32.34
2024-06-24,JBSS3,31.0
2024-06-24,JHSF3,3.97
2024-06-24,KLBN11,20.56
2024-06-24,LOGG3,23.44
2024-06-24,LREN3,12.75
2024-06-24,LWSA3,4.11
2024-06-24,MGLU3,12.16
2024-06-24,MRFG3,11.24
2024-06-24,MRVE3,6.99
2024-06-24,MULT3,23.05
2024-06-24,NTCO3,15.41
2024-06-24,PCAR3,2.94
2024-06-24,PETR3,39.04
2024-06-24,PETR4,37.06
2024-06-24,PETZ3,3.47
2024-06-24,POMO4,6.51
2024-06-24,PRIO3,42.08
2024-06-24,PSSA3,30.38
2024-06-24,QUAL3,1.49
2024-06-24,RADL3,26.18
2024-06-24,RAIL3,20.26
2024-06-24,RAIZ4,2.88
2024-06-24,RDOR3,26.61
2024-06-24,RECV3,18.59
2024-06-24,RENT3,42.18
2024-06-24,RRRP3,25.92
2024-06-24,SANB11,28.0
2024-06-24,SBSP3,77.93
2024-06-24,SLCE3,17.44
2024-06-24,SMFT3,21.78
2024-06-24,SMTO3,33.15
2024-06-24,SOMA3,6.04
2024-06-24,STBP3,13.34
2024-06-24,SUZB3,49.63
2024-06-24,TAEE11,33.84
2024-06-24,TEND3,10.91
2024-06-24,TIMS3,15.8
2024-06-24,TOTS3,30.2
2024-06-24,TRPL4,26.45
2024-06-24,UGPA3,22.07
2024-06-24,USIM5,7.69
2024-06-24,VALE3,60.9
2024-06-24,VAMO3,7.83
2024-06-24,VBBR3,21.04
2024-06-24,VIVA3,21.25
2024-06-24,VIVT3,45.21
2024-06-24,WEGE3,40.87
2024-06-24,YDUQ3,11.11
2024-06-25,ABEV3,11.38
2024-06-25,ALOS3,21.28
2024-06-25,ALPA4,9.3
2024-06-25,AMER3,0.41
2024-06-25,ARZZ3,50.93
2024-06-25,ASAI3,10.89
2024-06-25,AURE3,12.26
2024-06-25,AZUL4,7.74
2024-06-25,B3SA3,10.32
2024-06-25,BBAS3,26.89
2024-06-25,BBDC3,11.17
2024-06-25,BBDC4,12.34
2024-06-25,BBSE3,33.43
2024-06-25,BEEF3,6.41
2024-06-25,BHIA3,5.77
2024-06-25,BPAC11,32.73
2024-06-25,BPAN4,8.16
2024-06-25,BRAP4,17.93
2024-06-25,BRFS3,20.8
2024-06-25,BRKM5,18.01
2024-06-25,CASH3,5.58
2024-06-25,CCRO3,11.91
2024-06-25,CEAB3,9.94
2024-06-25,CIEL3,5.63
2024-06-25,CMIG4,10.52
2024-06-25,CMIN3,5.09
2024-06-25,COGN3,1.77
2024-06-25,CPFE3,32.63
2024-06-25,CPLE3,8.18
2024-06-25,CPLE6,9.2
2024-06-25,CRFB3,8.95
2024-06-25,CSAN3,13.18
2024-06-25,CSMG3,21.57
2024-06-25,CSNA3,12.57
2024-06-25,CURY3,20.4
2024-06-25,CVCB3,1.92
2024-06-25,CXSE3,14.18
2024-06-25,CYRE3,19.56
2024-06-25,DIRR3,26.25
2024-06-25,DXCO3,6.58
2024-06-25,ECOR3,6.87
2024-06-25,EGIE3,44.13
2024-06-25,ELET3,34.83
2024-06-25,ELET6,39.06
2024-06-25,EMBR3,37.75
2024-06-25,ENEV3,12.61
2024-06-25,ENGI11,44.61
2024-06-25,EQTL3,29.21
2024-06-25,EZTC3,13.38
2024-06-25,FLRY3,14.43
2024-06-25,GGBR4,17.84
2024-06-25,GOAU4,10.4
2024-06-25,GOLL4,1.02
2024-06-25,HAPV3,3.83
2024-06-25,HYPE3,29.39
2024-06-25,IGTI11,20.26
2024-06-25,IRBR3,31.74
2024-06-25,ITSA4,9.9
2024-06-25,ITUB4,32.44
2024-06-25,JBSS3,31.54
2024-06-25,JHSF3,3.99
2024-06-25,KLBN11,20.63
2024-06-25,LOGG3,23.5
2024-06-25,LREN3,12.66
2024-06-25,LWSA3,4.0
2024-06-25,MGLU3,11.8
2024-06-25,MRFG3,11.25
2024-06-25,MRVE3,6.98
2024-06-25,MULT3,22.83
2024-06-25,NTCO3,15.08
2024-06-25,PCAR3,2.83
2024-06-25,PETR3,38.9
2024-06-25,PETR4,37.03
2024-06-25,PETZ3,3.43
2024-06-25,POMO4,6.29
2024-06-25,PRIO3,42.02
2024-06-25,PSSA3,30.45
2024-06-25,QUAL3,1.47
2024-06-25,RADL3,26.37
2024-06-25,RAIL3,20.34
2024-06-25,RAIZ4,2.87
2024-06-25,RDOR3,26.12
2024-06-25,RECV3,18.49
2024-06-25,RENT3,42.23
2024-06-25,RRRP3,25.75
2024-06-25,SANB11,27.86
2024-06-25,SBSP3,77.61
2024-06-25,SLCE3,17.39
2024-06-25,SMFT3,21.9
2024-06-25,SMTO3,32.95
2024-06-25,SOMA3,6.0
2024-06-25,STBP3,13.61
2024-06-25,SUZB3,49.7
2024-06-25,TAEE11,33.86
2024-06-25,TEND3,10.77
2024-06-25,TIMS3,15.83
2024-06-25,TOTS3,30.27
2024-06-25,TRPL4,26.25
2024-06-25,UGPA3,21.71
2024-06-25,USIM5,7.54
2024-06-25,VALE3,60.65
2024-06-25,VAMO3,7.57
2024-06-25,VBBR3,20.43
2024-06-25,VIVA3,20.95
2024-06-25,VIVT3,45.35
2024-06-25,WEGE3,41.57
2024-06-25,YDUQ3,10.79
2024-06-26,ABEV3,11.45
2024-06-26,ALOS3,21.0
2024-06-26,ALPA4,9.35
2024-06-26,AMER3,0.4
2024-06-26,ARZZ3,50.46
2024-06-26,ASAI3,10.68
2024-06-26,AURE3,12.24
2024-06-26,AZUL4,7.31
2024-06-26,B3SA3,10.22
2024-06-26,BBAS3,26.71
2024-06-26,BBDC3,11.15
2024-06-26,BBDC4,12.37
2024-06-26,BBSE3,32.95
2024-06-26,BEEF3,6.36
2024-06-26,BHIA3,5.49
2024-06-26,BPAC11,32.44
2024-06-26,BPAN4,8.19
2024-06-26,BRAP4,18.2
2024-06-26,BRFS3,21.1
2024-06-26,BRKM5,17.85
2024-06-26,CASH3,5.65
2024-06-26,CCRO3,11.69
2024-06-26,CEAB3,9.53
2024-06-26,CIEL3,5.64
2024-06-26,CMIG4,10.34
2024-06-26,CMIN3,5.17
2024-06-26,COGN3,1.77
2024-06-26,CPFE3,32.52
2024-06-26,CPLE3,8.22
2024-06-26,CPLE6,9.27
2024-06-26,CRFB3,8.79
2024-06-26,CSAN3,13.39
2024-06-26,CSMG3,20.74
2024-06-26,CSNA3,12.54
2024-06-26,CURY3,20.72
2024-06-26,CVCB3,1.9
2024-06-26,CXSE3,14.18
2024-06-26,CYRE3,19.08
2024-06-26,DIRR3,26.69
2024-06-26,DXCO3,6.59
2024-06-26,ECOR3,6.65
2024-06-26,EGIE3,44.3
2024-06-26,ELET3,34.65
2024-06-26,ELET6,39.0
2024-06-26,EMBR3,38.02
2024-06-26,ENEV3,12.78
2024-06-26,ENGI11,44.61
2024-06-26,EQTL3,29.1
2024-06-26,EZTC3,13.04
2024-06-26,FLRY3,14.4
2024-06-26,GGBR4,18.21
2024-06-26,GOAU4,10.52
2024-06-26,GOLL4,0.98
2024-06-26,HAPV3,3.81
2024-06-26,HYPE3,29.07
2024-06-26,IGTI11,20.54
2024-06-26,IRBR3,32.49
2024-06-26,ITSA4,9.85
2024-06-26,ITUB4,32.38
2024-06-26,JBSS3,31.89
2024-06-26,JHSF3,3.91
2024-06-26,KLBN11,20.84
2024-06-26,LOGG3,23.41
2024-06-26,LREN3,12.12
2024-06-26,LWSA3,3.94
2024-06-26,MGLU3,11.48
2024-06-26,MRFG3,11.44
2024-06-26,MRVE3,6.74
2024-06-26,MULT3,23.0
2024-06-26,NTCO3,15.38
2024-06-26,PCAR3,2.61
2024-06-26,PETR3,39.1
2024-06-26,PETR4,37.09
2024-06-26,PETZ3,3.29
2024-06-26,POMO4,6.24
2024-06-26,PRIO3,43.02
2024-06-26,PSSA3,30.57
2024-06-26,QUAL3,1.41
2024-06-26,RADL3,26.41
2024-06-26,RAIL3,20.6
2024-06-26,RAIZ4,2.87
2024-06-26,RDOR3,26.39
2024-06-26,RECV3,18.54
2024-06-26,RENT3,42.4
2024-06-26,RRRP3,26.1
2024-06-26,SANB11,27.5
2024-06-26,SBSP3,76.25
2024-06-26,SLCE3,17.38
2024-06-26,SMFT3,21.72
2024-06-26,SMTO3,33.26
2024-06-26,SOMA3,5.97
2024-06-26,STBP3,13.5
2024-06-26,SUZB3,50.81
2024-06-26,TAEE11,33.97
2024-06-26,TEND3,10.6
2024-06-26,TIMS3,15.83
2024-06-26,TOTS3,30.26
2024-06-26,TRPL4,25.99
2024-06-26,UGPA3,21.52
2024-06-26,USIM5,7.79
2024-06-26,VALE3,61.4
2024-06-26,VAMO3,7.71
2024-06-26,VBBR3,20.79
2024-06-26,VIVA3,20.47
2024-06-26,VIVT3,46.18
2024-06-26,WEGE3,41.95
2024-06-26,YDUQ3,10.65
2024-06-27,ABEV3,11.46
2024-06-27,ALOS3,21.24
2024-06-27,ALPA4,9.46
2024-06-27,AMER3,0.4
2024-06-27,ARZZ3,51.81
2024-06-27,ASAI3,10.83
2024-06-27,AURE3,12.27
2024-06-27,AZUL4,7.81
2024-06-27,B3SA3,10.4
2024-06-27,BBAS3,26.7
2024-06-27,BBDC3,11.17
2024-06-27,BBDC4,12.42
2024-06-27,BBSE3,32.78
2024-06-27,BEEF3,6.72
2024-06-27,BHIA3,5.48
2024-06-27,BPAC11,32.19
2024-06-27,BPAN4,8.25
2024-06-27,BRAP4,18.26
2024-06-27,BRFS3,22.05
2024-06-27,BRKM5,18.44
2024-06-27,CASH3,5.84
2024-06-27,CCRO3,11.91
2024-06-27,CEAB3,9.82
2024-06-27,CIEL3,5.64
2024-06-27,CMIG4,10.04
2024-06-27,CMIN3,5.15
2024-06-27,COGN3,1.88
2024-06-27,CPFE3,33.13
2024-06-27,CPLE3,8.4
2024-06-27,CPLE6,9.46
2024-06-27,CRFB3,9.16
2024-06-27,CSAN3,13.77
2024-06-27,CSMG3,20.77
2024-06-27,CSNA3,12.9
2024-06-27,CURY3,20.69
2024-06-27,CVCB3,2.01
2024-06-27,CXSE3,14.3
2024-06-27,CYRE3,19.5
2024-06-27,DIRR3,26.82
2024-06-27,DXCO3,6.8
2024-06-27,ECOR3,6.9
2024-06-27,EGIE3,44.4
2024-06-27,ELET3,35.66
2024-06-27,ELET6,40.05
2024-06-27,EMBR3,38.22
2024-06-27,ENEV3,13.16
2024-06-27,ENGI11,45.65
2024-06-27,EQTL3,30.93
2024-06-27,EZTC3,13.18
2024-06-27,FLRY3,14.92
2024-06-27,GGBR4,18.26
2024-06-27,GOAU4,10.63
2024-06-27,GOLL4,1.0
2024-06-27,HAPV3,3.91
2024-06-27,HYPE3,29.32
2024-06-27,IGTI11,20.99
2024-06-27,IRBR3,32.33
2024-06-27,ITSA4,9.84
2024-06-27,ITUB4,32.44
2024-06-27,JBSS3,32.66
2024-06-27,JHSF3,3.98
2024-06-27,KLBN11,21.35
2024-06-27,LOGG3,23.37
2024-06-27,LREN3,12.59
2024-06-27,LWSA3,4.15
2024-06-27,MGLU3,12.21
2024-06-27,MRFG3,12.17
2024-06-27,MRVE3,6.96
2024-06-27,MULT3,23.03
2024-06-27,NTCO3,15.86
2024-06-27,PCAR3,2.82
2024-06-27,PETR3,39.89
2024-06-27,PETR4,37.71
2024-06-27,PETZ3,3.61
2024-06-27,POMO4,6.57
2024-06-27,PRIO3,43.18
2024-06-27,PSSA3,30.93
2024-06-27,QUAL3,1.44
2024-06-27,RADL3,26.54
2024-06-27,RAIL3,21.09
2024-06-27,RAIZ4,2.98
2024-06-27,RDOR3,27.39
2024-06-27,RECV3,18.71
2024-06-27,RENT3,42.85
2024-06-27,RRRP3,27.47
2024-06-27,SANB11,27.85
2024-06-27,SBSP3,74.11
2024-06-27,SLCE3,17.55
2024-06-27,SMFT3,22.2
2024-06-27,SMTO3,32.92
2024-06-27,SOMA3,6.22
2024-06-27,STBP3,13.64
2024-06-27,SUZB3,57.0
2024-06-27,TAEE11,34.16
2024-06-27,TEND3,11.02
2024-06-27,TIMS3,15.98
2024-06-27,TOTS3,30.89
2024-06-27,TRPL4,26.34
2024-06-27,UGPA3,22.06
2024-06-27,USIM5,8.0
2024-06-27,VALE3,61.56
2024-06-27,VAMO3,7.74
2024-06-27,VBBR3,21.34
2024-06-27,VIVA3,21.2
2024-06-27,VIVT3,45.85
2024-06-27,WEGE3,41.7
2024-06-27,YDUQ3,11.04
2024-06-28,ABEV3,11.41
2024-06-28,ALOS3,21.12
2024-06-28,ALPA4,9.12
2024-06-28,AMER3,0.39
2024-06-28,ARZZ3,51.35
2024-06-28,ASAI3,10.34
2024-06-28,AURE3,12.34
2024-06-28,AZUL4,7.34
2024-06-28,B3SA3,10.24
2024-06-28,BBAS3,26.71
2024-06-28,BBDC3,11.19
2024-06-28,BBDC4,12.38
2024-06-28,BBSE3,32.93
2024-06-28,BEEF3,6.68
2024-06-28,BHIA3,5.45
2024-06-28,BPAC11,30.91
2024-06-28,BPAN4,8.09
2024-06-28,BRAP4,18.51
2024-06-28,BRFS3,22.67
2024-06-28,BRKM5,17.86
2024-06-28,CASH3,5.85
2024-06-28,CCRO3,11.64
2024-06-28,CEAB3,9.34
2024-06-28,CIEL3,5.63
2024-06-28,CMIG4,9.89
2024-06-28,CMIN3,5.19
2024-06-28,COGN3,1.77
2024-06-28,CPFE3,32.73
2024-06-28,CPLE3,8.29
2024-06-28,CPLE6,9.3
2024-06-28,CRFB3,9.02
2024-06-28,CSAN3,13.54
2024-06-28,CSMG3,20.89
2024-06-28,CSNA3,12.91
2024-06-28,CURY3,20.6
2024-06-28,CVCB3,1.96
2024-06-28,CXSE3,14.31
2024-06-28,CYRE3,18.85
2024-06-28,DIRR3,26.59
2024-06-28,DXCO3,6.56
2024-06-28,ECOR3,6.6
2024-06-28,EGIE3,44.29
2024-06-28,ELET3,35.85
2024-06-28,ELET6,40.1
2024-06-28,EMBR3,36.15
2024-06-28,ENEV3,12.7
2024-06-28,ENGI11,45.62
2024-06-28,EQTL3,30.69
2024-06-28,EZTC3,12.94
2024-06-28,FLRY3,15.03
2024-06-28,GGBR4,18.38
2024-06-28,GOAU4,10.65
2024-06-28,GOLL4,1.03
2024-06-28,HAPV3,3.83
2024-06-28,HYPE3,28.7
2024-06-28,IGTI11,20.58
2024-06-28,IRBR3,31.6
2024-06-28,ITSA4,9.82
2024-06-28,ITUB4,32.41
2024-06-28,JBSS3,32.27
2024-06-28,JHSF3,3.95
2024-06-28,KLBN11,21.44
2024-06-28,LOGG3,23.35
2024-06-28,LREN3,12.48
2024-06-28,LWSA3,4.05
2024-06-28,MGLU3,12.05
2024-06-28,MRFG3,12.36
2024-06-28,MRVE3,6.68
2024-06-28,MULT3,22.54
2024-06-28,NTCO3,15.54
2024-06-28,PCAR3,2.7
2024-06-28,PETR3,40.38
2024-06-28,PETR4,38.05
2024-06-28,PETZ3,3.63
2024-06-28,POMO4,6.35
2024-06-28,PRIO3,43.76
2024-06-28,PSSA3,30.95
2024-06-28,QUAL3,1.4
2024-06-28,RADL3,25.68
2024-06-28,RAIL3,20.72
2024-06-28,RAIZ4,2.95
2024-06-28,RDOR3,27.2
2024-06-28,RECV3,18.54
2024-06-28,RENT3,42.0
2024-06-28,RRRP3,27.48
2024-06-28,SANB11,27.46
2024-06-28,SBSP3,74.97
2024-06-28,SLCE3,17.45
2024-06-28,SMFT3,21.6
2024-06-28,SMTO3,32.73
2024-06-28,SOMA3,6.14
2024-06-28,STBP3,13.65
2024-06-28,SUZB3,57.01
2024-06-28,TAEE11,34.23
2024-06-28,TEND3,10.75
2024-06-28,TIMS3,15.88
2024-06-28,TOTS3,30.43
2024-06-28,TRPL4,26.26
2024-06-28,UGPA3,21.6
2024-06-28,USIM5,7.91
2024-06-28,VALE3,62.22
2024-06-28,VAMO3,7.57
2024-06-28,VBBR3,20.9
2024-06-28,VIVA3,20.94
2024-06-28,VIVT3,45.34
2024-06-28,WEGE3,42.19
2024-06-28,YDUQ3,10.41
2024-07-01,ABEV3,11.45
2024-07-01,ALOS3,21.08
2024-07-01,ALPA4,9.04
2024-07-01,AMER3,0.4
2024-07-01,ARZZ3,51.09
2024-07-01,ASAI3,10.0
2024-07-01,AURE3,12.34
2024-07-01,AZUL4,7.3
2024-07-01,B3SA3,10.47
2024-07-01,BBAS3,26.36
2024-07-01,BBDC3,11.11
2024-07-01,BBDC4,12.27
2024-07-01,BBSE3,32.82
2024-07-01,BEEF3,6.69
2024-07-01,BHIA3,5.15
2024-07-01,BPAC11,31.2
2024-07-01,BPAN4,8.01
2024-07-01,BRAP4,18.84
2024-07-01,BRFS3,23.02
2024-07-01,BRKM5,17.62
2024-07-01,CASH3,5.55
2024-07-01,CCRO3,11.47
2024-07-01,CEAB3,9.36
2024-07-01,CIEL3,5.65
2024-07-01,CMIG4,10.2
2024-07-01,CMIN3,5.45
2024-07-01,COGN3,1.79
2024-07-01,CPFE3,32.8
2024-07-01,CPLE3,8.31
2024-07-01,CPLE6,9.35
2024-07-01,CRFB3,9.03
2024-07-01,CSAN3,13.59
2024-07-01,CSMG3,19.91
2024-07-01,CSNA3,12.91
2024-07-01,CURY3,20.57
2024-07-01,CVCB3,1.95
2024-07-01,CXSE3,14.24
2024-07-01,CYRE3,18.61
2024-07-01,DIRR3,26.95
2024-07-01,DXCO3,6.51
2024-07-01,ECOR3,6.65
2024-07-01,EGIE3,44.45
2024-07-01,ELET3,36.51
2024-07-01,ELET6,40.71
2024-07-01,EMBR3,36.7
2024-07-01,ENEV3,12.71
2024-07-01,ENGI11,45.6
2024-07-01,EQTL3,32.03
2024-07-01,EZTC3,13.0
2024-07-01,FLRY3,15.37
2024-07-01,GGBR4,18.32
2024-07-01,GOAU4,10.69
2024-07-01,GOLL4,0.99
2024-07-01,HAPV3,3.76
2024-07-01,HYPE3,28.94
2024-07-01,IGTI11,20.8
2024-07-01,IRBR3,31.41
2024-07-01,ITSA4,9.75
2024-07-01,ITUB4,32.24
2024-07-01,JBSS3,32.67
2024-07-01,JHSF3,3.95
2024-07-01,KLBN11,21.8
2024-07-01,LOGG3,23.18
2024-07-01,LREN3,12.46
2024-07-01,LWSA3,3.99
2024-07-01,MGLU3,12.14
2024-07-01,MRFG3,12.57
2024-07-01,MRVE3,6.57
2024-07-01,MULT3,22.58
2024-07-01,NTCO3,15.55
2024-07-01,PCAR3,2.62
2024-07-01,PETR3,40.87
2024-07-01,PETR4,38.63
2024-07-01,PETZ3,3.7
2024-07-01,POMO4,6.11
2024-07-01,PRIO3,45.1
2024-07-01,PSSA3,30.57
2024-07-01,QUAL3,1.41
2024-07-01,RADL3,25.6
2024-07-01,RAIL3,20.6
2024-07-01,RAIZ4,2.98
2024-07-01,RDOR3,26.7
2024-07-01,RECV3,19.31
2024-07-01,RENT3,41.77
2024-07-01,RRRP3,27.8
2024-07-01,SANB11,27.36
2024-07-01,SBSP3,78.15
2024-07-01,SLCE3,18.71
2024-07-01,SMFT3,21.8
2024-07-01,SMTO3,34.06
2024-07-01,SOMA3,6.02
2024-07-01,STBP3,13.05
2024-07-01,SUZB3,57.65
2024-07-01,TAEE11,34.37
2024-07-01,TEND3,10.68
2024-07-01,TIMS3,16.05
2024-07-01,TOTS3,29.89
2024-07-01,TRPL4,26.5
2024-07-01,UGPA3,21.74
2024-07-01,USIM5,7.87
2024-07-01,VALE3,63.14
2024-07-01,VAMO3,7.62
2024-07-01,VBBR3,19.95
2024-07-01,VIVA3,21.01
2024-07-01,VIVT3,45.89
2024-07-01,WEGE3,41.97
2024-07-01,YDUQ3,10.59
2024-07-02,ABEV3,11.46
2024-07-02,ALOS3,20.77
2024-07-02,ALPA4,8.9
2024-07-02,AMER3,0.39
2024-07-02,ARZZ3,50.81
2024-07-02,ASAI3,9.9
2024-07-02,AURE3,12.19
2024-07-02,AZUL4,7.23
2024-07-02,B3SA3,10.45
2024-07-02,BBAS3,26.45
2024-07-02,BBDC3,11.13
2024-07-02,BBDC4,12.23
2024-07-02,BBSE3,32.83
2024-07-02,BEEF3,6.85
2024-07-02,BHIA3,5.15
2024-07-02,BPAC11,31.31
2024-07-02,BPAN4,8.04
2024-07-02,BRAP4,18.76
2024-07-02,BRFS3,23.61
2024-07-02,BRKM5,17.62
2024-07-02,CASH3,5.46
2024-07-02,CCRO3,11.41
2024-07-02,CEAB3,9.18
2024-07-02,CIEL3,5.66
2024-07-02,CMIG4,10.08
2024-07-02,CMIN3,5.42
2024-07-02,COGN3,1.66
2024-07-02,CPFE3,32.64
2024-07-02,CPLE3,8.35
2024-07-02,CPLE6,9.37
2024-07-02,CRFB3,9.05
2024-07-02,CSAN3,13.47
2024-07-02,CSMG3,20.05
2024-07-02,CSNA3,12.99
2024-07-02,CURY3,20.8
2024-07-02,CVCB3,1.8
2024-07-02,CXSE3,14.28
2024-07-02,CYRE3,18.85
2024-07-02,DIRR3,27.45
2024-07-02,DXCO3,6.49
2024-07-02,ECOR3,6.73
2024-07-02,EGIE3,44.34
2024-07-02,ELET3,37.18
2024-07-02,ELET6,41.11
2024-07-02,EMBR3,36.56
2024-07-02,ENEV3,12.67
2024-07-02,ENGI11,44.95
2024-07-02,EQTL3,31.5
2024-07-02,EZTC3,13.02
2024-07-02,FLRY3,15.07
2024-07-02,GGBR4,18.48
2024-07-02,GOAU4,10.82
2024-07-02,GOLL4,0.99
2024-07-02,HAPV3,3.72
2024-07-02,HYPE3,28.7
2024-07-02,IGTI11,20.74
2024-07-02,IRBR3,30.78
2024-07-02,ITSA4,9.83
2024-07-02,ITUB4,32.66
2024-07-02,JBSS3,32.8
2024-07-02,JHSF3,3.96
2024-07-02,KLBN11,21.7
2024-07-02,LOGG3,23.21
2024-07-02,LREN3,12.16
2024-07-02,LWSA3,3.9
2024-07-02,MGLU3,12.17
2024-07-02,MRFG3,12.85
2024-07-02,MRVE3,6.5
2024-07-02,MULT3,22.58
2024-07-02,NTCO3,15.55
2024-07-02,PCAR3,2.63
2024-07-02,PETR3,40.98
2024-07-02,PETR4,38.51
2024-07-02,PETZ3,3.68
2024-07-02,POMO4,6.23
2024-07-02,PRIO3,45.74
2024-07-02,PSSA3,30.38
2024-07-02,QUAL3,1.4
2024-07-02,RADL3,25.32
2024-07-02,RAIL3,20.69
2024-07-02,RAIZ4,2.99
2024-07-02,RDOR3,26.91
2024-07-02,RECV3,20.37
2024-07-02,RENT3,41.7
2024-07-02,RRRP3,28.03
2024-07-02,SANB11,27.42
2024-07-02,SBSP3,77.85
2024-07-02,SLCE3,19.15
2024-07-02,SMFT3,21.01
2024-07-02,SMTO3,32.43
2024-07-02,SOMA3,5.94
2024-07-02,STBP3,13.21
2024-07-02,SUZB3,57.6
2024-07-02,TAEE11,34.4
2024-07-02,TEND3,10.71
2024-07-02,TIMS3,15.79
2024-07-02,TOTS3,29.27
2024-07-02,TRPL4,26.8
2024-07-02,UGPA3,21.51
2024-07-02,USIM5,7.97
2024-07-02,VALE3,62.93
2024-07-02,VAMO3,7.54
2024-07-02,VBBR3,20.3
2024-07-02,VIVA3,20.8
2024-07-02,VIVT3,45.48
2024-07-02,WEGE3,42.03
2024-07-02,YDUQ3,10.4
2024-07-03,ABEV3,11.38
2024-07-03,ALOS3,21.24
2024-07-03,ALPA4,8.98
2024-07-03,AMER3,0.39
2024-07-03,ARZZ3,51.36
2024-07-03,ASAI3,10.5
2024-07-03,AURE3,12.21
2024-07-03,AZUL4,7.49
2024-07-03,B3SA3,10.43
2024-07-03,BBAS3,26.71
2024-07-03,BBDC3,11.21
2024-07-03,BBDC4,12.27
2024-07-03,BBSE3,32.97
2024-07-03,BEEF3,6.7
2024-07-03,BHIA3,5.21
2024-07-03,BPAC11,32.29
2024-07-03,BPAN4,8.08
2024-07-03,BRAP4,19.15
2024-07-03,BRFS3,22.75
2024-07-03,BRKM5,18.23
2024-07-03,CASH3,5.73
2024-07-03,CCRO3,11.96
2024-07-03,CEAB3,9.6
2024-07-03,CIEL3,5.66
2024-07-03,CMIG4,10.36
2024-07-03,CMIN3,5.54
2024-07-03,COGN3,1.76
2024-07-03,CPFE3,33.09
2024-07-03,CPLE3,8.44
2024-07-03,CPLE6,9.49
2024-07-03,CRFB3,9.63
2024-07-03,CSAN3,13.9
2024-07-03,CSMG3,20.25
2024-07-03,CSNA3,13.15
2024-07-03,CURY3,21.4
2024-07-03,CVCB3,1.87
2024-07-03,CXSE3,14.35
2024-07-03,CYRE3,19.11
2024-07-03,DIRR3,27.82
2024-07-03,DXCO3,6.6
2024-07-03,ECOR3,7.22
2024-07-03,EGIE3,45.12
2024-07-03,ELET3,37.35
2024-07-03,ELET6,41.48
2024-07-03,EMBR3,37.5
2024-07-03,ENEV3,12.81
2024-07-03,ENGI11,45.64
2024-07-03,EQTL3,32.02
2024-07-03,EZTC3,13.0
2024-07-03,FLRY3,15.03
2024-07-03,GGBR4,18.34
2024-07-03,GOAU4,10.72
2024-07-03,GOLL4,1.0
2024-07-03,HAPV3,3.89
2024-07-03,HYPE3,28.88
2024-07-03,IGTI11,20.93
2024-07-03,IRBR3,31.31
2024-07-03,ITSA4,9.97
2024-07-03,ITUB4,32.86
2024-07-03,JBSS3,31.21
2024-07-03,JHSF3,4.05
2024-07-03,KLBN11,21.46
2024-07-03,LOGG3,23.61
2024-07-03,LREN3,12.43
2024-07-03,LWSA3,4.06
2024-07-03,MGLU3,12.58
2024-07-03,MRFG3,12.02
2024-07-03,MRVE3,6.69
2024-07-03,MULT3,23.18
2024-07-03,NTCO3,15.65
2024-07-03,PCAR3,2.73
2024-07-03,PETR3,40.13
2024-07-03,PETR4,37.84
2024-07-03,PETZ3,3.76
2024-07-03,POMO4,6.27
2024-07-03,PRIO3,46.09
2024-07-03,PSSA3,30.06
2024-07-03,QUAL3,1.56
2024-07-03,RADL3,25.64
2024-07-03,RAIL3,21.15
2024-07-03,RAIZ4,3.01
2024-07-03,RDOR3,27.45
2024-07-03,RECV3,20.35
2024-07-03,RENT3,42.15
2024-07-03,RRRP3,28.04
2024-07-03,SANB11,27.58
2024-07-03,SBSP3,80.65
2024-07-03,SLCE3,18.88
2024-07-03,SMFT3,22.06
2024-07-03,SMTO3,32.72
2024-07-03,SOMA3,6.07
2024-07-03,STBP3,13.36
2024-07-03,SUZB3,57.34
2024-07-03,TAEE11,34.57
2024-07-03,TEND3,11.04
2024-07-03,TIMS3,15.65
2024-07-03,TOTS3,29.65
2024-07-03,TRPL4,26.7
2024-07-03,UGPA3,21.87
2024-07-03,USIM5,7.99
2024-07-03,VALE3,64.18
2024-07-03,VAMO3,8.07
2024-07-03,VBBR3,21.02
2024-07-03,VIVA3,21.63
2024-07-03,VIVT3,45.5
2024-07-03,WEGE3,42.11
2024-07-03,YDUQ3,11.15
2024-07-04,ABEV3,11.45
2024-07-04,ALOS3,21.85
2024-07-04,ALPA4,9.28
2024-07-04,AMER3,0.4
2024-07-04,ARZZ3,51.87
2024-07-04,ASAI3,11.03
2024-07-04,AURE3,12.35
2024-07-04,AZUL4,7.8
2024-07-04,B3SA3,10.58
2024-07-04,BBAS3,26.85
2024-07-04,BBDC3,11.24
2024-07-04,BBDC4,12.32
2024-07-04,BBSE3,33.16
2024-07-04,BEEF3,6.78
2024-07-04,BHIA3,5.42
2024-07-04,BPAC11,32.38
2024-07-04,BPAN4,8.26
2024-07-04,BRAP4,19.25
2024-07-04,BRFS3,22.9
2024-07-04,BRKM5,18.25
2024-07-04,CASH3,6.02
2024-07-04,CCRO3,12.14
2024-07-04,CEAB3,10.02
2024-07-04,CIEL3,5.66
2024-07-04,CMIG4,10.37
2024-07-04,CMIN3,5.43
2024-07-04,COGN3,1.84
2024-07-04,CPFE3,33.34
2024-07-04,CPLE3,8.61
2024-07-04,CPLE6,9.71
2024-07-04,CRFB3,10.12
2024-07-04,CSAN3,14.14
2024-07-04,CSMG3,20.37
2024-07-04,CSNA3,13.29
2024-07-04,CURY3,22.07
2024-07-04,CVCB3,1.87
2024-07-04,CXSE3,14.65
2024-07-04,CYRE3,19.82
2024-07-04,DIRR3,28.8
2024-07-04,DXCO3,6.77
2024-07-04,ECOR3,7.49
2024-07-04,EGIE3,45.37
2024-07-04,ELET3,38.2
2024-07-04,ELET6,42.13
2024-07-04,EMBR3,37.51
2024-07-04,ENEV3,12.92
2024-07-04,ENGI11,46.26
2024-07-04,EQTL3,32.5
2024-07-04,EZTC3,13.67
2024-07-04,FLRY3,15.04
2024-07-04,GGBR4,18.24
2024-07-04,GOAU4,10.68
2024-07-04,GOLL4,1.06
2024-07-04,HAPV3,3.97
2024-07-04,HYPE3,28.83
2024-07-04,IGTI11,21.61
2024-07-04,IRBR3,31.2
2024-07-04,ITSA4,10.0
2024-07-04,ITUB4,32.91
2024-07-04,JBSS3,31.36
2024-07-04,JHSF3,4.2
2024-07-04,KLBN11,21.45
2024-07-04,LOGG3,24.51
2024-07-04,LREN3,13.23
2024-07-04,LWSA3,4.19
2024-07-04,MGLU3,13.18
2024-07-04,MRFG3,12.05
2024-07-04,MRVE3,6.89
2024-07-04,MULT3,23.78
2024-07-04,NTCO3,15.25
2024-07-04,PCAR3,2.93
2024-07-04,PETR3,39.59
2024-07-04,PETR4,37.32
2024-07-04,PETZ3,3.8
2024-07-04,POMO4,6.57
2024-07-04,PRIO3,46.4
2024-07-04,PSSA3,30.14
2024-07-04,QUAL3,1.78
2024-07-04,RADL3,25.14
2024-07-04,RAIL3,21.35
2024-07-04,RAIZ4,2.99
2024-07-04,RDOR3,27.72
2024-07-04,RECV3,20.21
2024-07-04,RENT3,43.6
2024-07-04,RRRP3,27.93
2024-07-04,SANB11,27.58
2024-07-04,SBSP3,81.7
2024-07-04,SLCE3,19.05
2024-07-04,SMFT3,22.76
2024-07-04,SMTO3,32.65
2024-07-04,SOMA3,6.18
2024-07-04,STBP3,14.09
2024-07-04,SUZB3,57.0
2024-07-04,TAEE11,34.6
2024-07-04,TEND3,11.86
2024-07-04,TIMS3,15.89
2024-07-04,TOTS3,29.67
2024-07-04,TRPL4,26.91
2024-07-04,UGPA3,21.87
2024-07-04,USIM5,8.15
2024-07-04,VALE3,63.86
2024-07-04,VAMO3,8.75
2024-07-04,VBBR3,21.49
2024-07-04,VIVA3,22.42
2024-07-04,VIVT3,46.15
2024-07-04,WEGE3,41.89
2024-07-04,YDUQ3,11.7
2024-07-05,ABEV3,11.32
2024-07-05,ALOS3,22.2
2024-07-05,ALPA4,9.34
2024-07-05,AMER3,0.45
2024-07-05,ARZZ3,52.78
2024-07-05,ASAI3,11.45
2024-07-05,AURE3,12.35
2024-07-05,AZUL4,8.22
2024-07-05,B3SA3,10.52
2024-07-05,BBAS3,26.73
2024-07-05,BBDC3,11.32
2024-07-05,BBDC4,12.46
2024-07-05,BBSE3,33.17
2024-07-05,BEEF3,6.86
2024-07-05,BHIA3,5.91
2024-07-05,BPAC11,32.57
2024-07-05,BPAN4,8.31
2024-07-05,BRAP4,19.12
2024-07-05,BRFS3,22.83
2024-07-05,BRKM5,18.31
2024-07-05,CASH3,6.19
2024-07-05,CCRO3,12.14
2024-07-05,CEAB3,9.99
2024-07-05,CIEL3,5.68
2024-07-05,CMIG4,10.37
2024-07-05,CMIN3,5.43
2024-07-05,COGN3,1.87
2024-07-05,CPFE3,33.08
2024-07-05,CPLE3,8.65
2024-07-05,CPLE6,9.74
2024-07-05,CRFB3,10.14
2024-07-05,CSAN3,14.1
2024-07-05,CSMG3,20.69
2024-07-05,CSNA3,13.02
2024-07-05,CURY3,21.72
2024-07-05,CVCB3,2.06
2024-07-05,CXSE3,14.36
2024-07-05,CYRE3,19.99
2024-07-05,DIRR3,26.79
2024-07-05,DXCO3,6.85
2024-07-05,ECOR3,7.25
2024-07-05,EGIE3,45.25
2024-07-05,ELET3,37.94
2024-07-05,ELET6,42.4
2024-07-05,EMBR3,35.82
2024-07-05,ENEV3,13.14
2024-07-05,ENGI11,46.54
2024-07-05,EQTL3,32.58
2024-07-05,EZTC3,13.64
2024-07-05,FLRY3,15.07
2024-07-05,GGBR4,18.0
2024-07-05,GOAU4,10.59
2024-07-05,GOLL4,1.18
2024-07-05,HAPV3,3.95
2024-07-05,HYPE3,28.95
2024-07-05,IGTI11,21.87
2024-07-05,IRBR3,30.6
2024-07-05,ITSA4,9.95
2024-07-05,ITUB4,32.93
2024-07-05,JBSS3,31.2
2024-07-05,JHSF3,4.26
2024-07-05,KLBN11,20.9
2024-07-05,LOGG3,24.74
2024-07-05,LREN3,13.35
2024-07-05,LWSA3,4.47
2024-07-05,MGLU3,13.69
2024-07-05,MRFG3,12.33
2024-07-05,MRVE3,6.98
2024-07-05,MULT3,24.17
2024-07-05,NTCO3,15.7
2024-07-05,PCAR3,3.15
2024-07-05,PETR3,40.28
2024-07-05,PETR4,37.52
2024-07-05,PETZ3,3.75
2024-07-05,POMO4,6.52
2024-07-05,PRIO3,46.55
2024-07-05,PSSA3,29.9
2024-07-05,QUAL3,1.77
2024-07-05,RADL3,25.29
2024-07-05,RAIL3,21.5
2024-07-05,RAIZ4,3.08
2024-07-05,RDOR3,27.7
2024-07-05,RECV3,20.84
2024-07-05,RENT3,43.74
2024-07-05,RRRP3,28.6
2024-07-05,SANB11,27.11
2024-07-05,SBSP3,82.08
2024-07-05,SLCE3,18.8
2024-07-05,SMFT3,23.05
2024-07-05,SMTO3,32.63
2024-07-05,SOMA3,6.3
2024-07-05,STBP3,14.43
2024-07-05,SUZB3,54.75
2024-07-05,TAEE11,34.73
2024-07-05,TEND3,12.11
2024-07-05,TIMS3,15.72
2024-07-05,TOTS3,29.5
2024-07-05,TRPL4,26.98
2024-07-05,UGPA3,22.1
2024-07-05,USIM5,7.99
2024-07-05,VALE3,63.6
2024-07-05,VAMO3,9.0
2024-07-05,VBBR3,22.11
2024-07-05,VIVA3,22.78
2024-07-05,VIVT3,46.42
2024-07-05,WEGE3,42.19
2024-07-05,YDUQ3,11.71
2024-07-08,ABEV3,11.25
2024-07-08,ALOS3,22.0
2024-07-08,ALPA4,9.24
2024-07-08,AMER3,0.5
2024-07-08,ARZZ3,53.12
2024-07-08,ASAI3,11.63
2024-07-08,AURE3,12.34
2024-07-08,AZUL4,8.63
2024-07-08,B3SA3,10.69
2024-07-08,BBAS3,26.29
2024-07-08,BBDC3,11.34
2024-07-08,BBDC4,12.46
2024-07-08,BBSE3,33.19
2024-07-08,BEEF3,6.89
2024-07-08,BHIA3,5.68
2024-07-08,BPAC11,32.39
2024-07-08,BPAN4,8.3
2024-07-08,BRAP4,18.99
2024-07-08,BRFS3,22.78
2024-07-08,BRKM5,18.55
2024-07-08,CASH3,6.22
2024-07-08,CCRO3,12.45
2024-07-08,CEAB3,9.86
2024-07-08,CIEL3,5.71
2024-07-08,CMIG4,10.54
2024-07-08,CMIN3,5.28
2024-07-08,COGN3,1.84
2024-07-08,CPFE3,33.46
2024-07-08,CPLE3,8.73
2024-07-08,CPLE6,9.84
2024-07-08,CRFB3,10.35
2024-07-08,CSAN3,13.97
2024-07-08,CSMG3,20.9
2024-07-08,CSNA3,12.97
2024-07-08,CURY3,21.45
2024-07-08,CVCB3,2.0
2024-07-08,CXSE3,14.25
2024-07-08,CYRE3,19.73
2024-07-08,DIRR3,26.3
2024-07-08,DXCO3,6.85
2024-07-08,ECOR3,7.35
2024-07-08,EGIE3,45.61
2024-07-08,ELET3,37.88
2024-07-08,ELET6,42.13
2024-07-08,EMBR3,36.64
2024-07-08,ENEV3,12.76
2024-07-08,ENGI11,47.32
2024-07-08,EQTL3,32.75
2024-07-08,EZTC3,13.49
2024-07-08,FLRY3,15.05
2024-07-08,GGBR4,17.8
2024-07-08,GOAU4,10.53
2024-07-08,GOLL4,1.23
2024-07-08,HAPV3,3.93
2024-07-08,HYPE3,28.73
2024-07-08,IGTI11,21.7
2024-07-08,IRBR3,30.3
2024-07-08,ITSA4,9.91
2024-07-08,ITUB4,32.87
2024-07-08,JBSS3,31.19
2024-07-08,JHSF3,4.2
2024-07-08,KLBN11,20.87
2024-07-08,LOGG3,24.4
2024-07-08,LREN3,13.1
2024-07-08,LWSA3,4.48
2024-07-08,MGLU3,12.89
2024-07-08,MRFG3,12.14
2024-07-08,MRVE3,6.81
2024-07-08,MULT3,24.19
2024-07-08,NTCO3,15.9
2024-07-08,PCAR3,3.12
2024-07-08,PETR3,41.22
2024-07-08,PETR4,38.44
2024-07-08,PETZ3,3.74
2024-07-08,POMO4,6.55
2024-07-08,PRIO3,45.35
2024-07-08,PSSA3,29.59
2024-07-08,QUAL3,1.77
2024-07-08,RADL3,25.15
2024-07-08,RAIL3,21.4
2024-07-08,RAIZ4,3.05
2024-07-08,RDOR3,27.76
2024-07-08,RECV3,20.7
2024-07-08,RENT3,43.64
2024-07-08,RRRP3,28.2
2024-07-08,SANB11,26.54
2024-07-08,SBSP3,83.11
2024-07-08,SLCE3,19.02
2024-07-08,SMFT3,22.71
2024-07-08,SMTO3,33.0
2024-07-08,SOMA3,6.33
2024-07-08,STBP3,14.31
2024-07-08,SUZB3,53.22
2024-07-08,TAEE11,34.5
2024-07-08,TEND3,11.93
2024-07-08,TIMS3,15.91
2024-07-08,TOTS3,29.9
2024-07-08,TRPL4,26.96
2024-07-08,UGPA3,22.59
2024-07-08,USIM5,7.87
2024-07-08,VALE3,63.1
2024-07-08,VAMO3,8.91
2024-07-08,VBBR3,22.02
2024-07-08,VIVA3,22.29
2024-07-08,VIVT3,46.52
2024-07-08,WEGE3,44.47
2024-07-08,YDUQ3,11.83
2024-07-09,ABEV3,11.25
2024-07-09,ALOS3,22.13
2024-07-09,ALPA4,9.5
2024-07-09,AMER3,0.69
2024-07-09,ARZZ3,53.95
2024-07-09,ASAI3,11.48
2024-07-09,AURE3,12.4
2024-07-09,AZUL4,8.9
2024-07-09,B3SA3,10.62
2024-07-09,BBAS3,26.2
2024-07-09,BBDC3,11.35
2024-07-09,BBDC4,12.46
2024-07-09,BBSE3,33.25
2024-07-09,BEEF3,6.76
2024-07-09,BHIA3,5.75
2024-07-09,BPAC11,31.98
2024-07-09,BPAN4,8.41
2024-07-09,BRAP4,19.1
2024-07-09,BRFS3,22.15
2024-07-09,BRKM5,18.44
2024-07-09,CASH3,6.11
2024-07-09,CCRO3,12.63
2024-07-09,CEAB3,9.94
2024-07-09,CIEL3,5.72
2024-07-09,CMIG4,10.51
2024-07-09,CMIN3,5.27
2024-07-09,COGN3,1.88
2024-07-09,CPFE3,33.37
2024-07-09,CPLE3,8.9
2024-07-09,CPLE6,10.0
2024-07-09,CRFB3,10.34
2024-07-09,CSAN3,14.08
2024-07-09,CSMG3,20.69
2024-07-09,CSNA3,13.02
2024-07-09,CURY3,21.55
2024-07-09,CVCB3,2.15
2024-07-09,CXSE3,14.31
2024-07-09,CYRE3,20.04
2024-07-09,DIRR3,26.73
2024-07-09,DXCO3,7.03
2024-07-09,ECOR3,7.46
2024-07-09,EGIE3,45.77
2024-07-09,ELET3,38.55
2024-07-09,ELET6,42.73
2024-07-09,EMBR3,38.8
2024-07-09,ENEV3,13.23
2024-07-09,ENGI11,47.9
2024-07-09,EQTL3,33.46
2024-07-09,EZTC3,13.81
2024-07-09,FLRY3,15.47
2024-07-09,GGBR4,17.91
2024-07-09,GOAU4,10.55
2024-07-09,GOLL4,1.27
2024-07-09,HAPV3,4.06
2024-07-09,HYPE3,29.07
2024-07-09,IGTI11,21.97
2024-07-09,IRBR3,30.61
2024-07-09,ITSA4,9.97
2024-07-09,ITUB4,33.1
2024-07-09,JBSS3,30.92
2024-07-09,JHSF3,4.25
2024-07-09,KLBN11,20.86
2024-07-09,LOGG3,24.78
2024-07-09,LREN3,13.24
2024-07-09,LWSA3,4.49
2024-07-09,MGLU3,13.51
2024-07-09,MRFG3,11.91
2024-07-09,MRVE3,6.9
2024-07-09,MULT3,24.32
2024-07-09,NTCO3,15.89
2024-07-09,PCAR3,3.22
2024-07-09,PETR3,40.89
2024-07-09,PETR4,38.43
2024-07-09,PETZ3,3.93
2024-07-09,POMO4,6.52
2024-07-09,PRIO3,45.41
2024-07-09,PSSA3,29.4
2024-07-09,QUAL3,1.81
2024-07-09,RADL3,25.19
2024-07-09,RAIL3,21.77
2024-07-09,RAIZ4,3.03
2024-07-09,RDOR3,28.59
2024-07-09,RECV3,20.66
2024-07-09,RENT3,44.42
2024-07-09,RRRP3,28.15
2024-07-09,SANB11,26.74
2024-07-09,SBSP3,84.27
2024-07-09,SLCE3,19.09
2024-07-09,SMFT3,22.89
2024-07-09,SMTO3,32.63
2024-07-09,SOMA3,6.45
2024-07-09,STBP3,14.34
2024-07-09,SUZB3,52.83
2024-07-09,TAEE11,34.69
2024-07-09,TEND3,11.92
2024-07-09,TIMS3,15.84
2024-07-09,TOTS3,29.9
2024-07-09,TRPL4,27.34
2024-07-09,UGPA3,22.98
2024-07-09,USIM5,8.02
2024-07-09,VALE3,63.02
2024-07-09,VAMO3,9.06
2024-07-09,VBBR3,22.2
2024-07-09,VIVA3,22.75
2024-07-09,VIVT3,46.76
2024-07-09,WEGE3,44.55
2024-07-09,YDUQ3,12.05
2024-07-10,ABEV3,11.4
2024-07-10,ALOS3,21.9
2024-07-10,ALPA4,9.43
2024-07-10,AMER3,0.76
2024-07-10,ARZZ3,53.75
2024-07-10,ASAI3,11.3
2024-07-10,AURE3,12.41
2024-07-10,AZUL4,8.47
2024-07-10,B3SA3,10.73
2024-07-10,BBAS3,26.61
2024-07-10,BBDC3,11.55
2024-07-10,BBDC4,12.67
2024-07-10,BBSE3,33.32
2024-07-10,BEEF3,6.67
2024-07-10,BHIA3,5.62
2024-07-10,BPAC11,31.71
2024-07-10,BPAN4,8.31
2024-07-10,BRAP4,18.97
2024-07-10,BRFS3,21.93
2024-07-10,BRKM5,18.66
2024-07-10,CASH3,6.04
2024-07-10,CCRO3,12.78
2024-07-10,CEAB3,10.29
2024-07-10,CIEL3,5.72
2024-07-10,CMIG4,10.46
2024-07-10,CMIN3,5.28
2024-07-10,COGN3,1.85
2024-07-10,CPFE3,33.46
2024-07-10,CPLE3,8.91
2024-07-10,CPLE6,9.98
2024-07-10,CRFB3,10.4
2024-07-10,CSAN3,14.03
2024-07-10,CSMG3,20.75
2024-07-10,CSNA3,12.89
2024-07-10,CURY3,21.95
2024-07-10,CVCB3,2.11
2024-07-10,CXSE3,14.3
2024-07-10,CYRE3,20.55
2024-07-10,DIRR3,27.41
2024-07-10,DXCO3,7.01
2024-07-10,ECOR3,7.55
2024-07-10,EGIE3,45.78
2024-07-10,ELET3,38.23
2024-07-10,ELET6,42.64
2024-07-10,EMBR3,39.72
2024-07-10,ENEV3,13.41
2024-07-10,ENGI11,47.5
2024-07-10,EQTL3,33.63
2024-07-10,EZTC3,14.25
2024-07-10,FLRY3,15.43
2024-07-10,GGBR4,17.88
2024-07-10,GOAU4,10.52
2024-07-10,GOLL4,1.22
2024-07-10,HAPV3,4.07
2024-07-10,HYPE3,29.21
2024-07-10,IGTI11,21.75
2024-07-10,IRBR3,30.96
2024-07-10,ITSA4,10.11
2024-07-10,ITUB4,33.45
2024-07-10,JBSS3,30.82
2024-07-10,JHSF3,4.25
2024-07-10,KLBN11,20.82
2024-07-10,LOGG3,23.74
2024-07-10,LREN3,13.3
2024-07-10,LWSA3,4.65
2024-07-10,MGLU3,13.47
2024-07-10,MRFG3,11.91
2024-07-10,MRVE3,7.06
2024-07-10,MULT3,24.3
2024-07-10,NTCO3,15.6
2024-07-10,PCAR3,3.22
2024-07-10,PETR3,40.77
2024-07-10,PETR4,38.07
2024-07-10,PETZ3,3.97
2024-07-10,POMO4,6.43
2024-07-10,PRIO3,45.47
2024-07-10,PSSA3,29.44
2024-07-10,QUAL3,1.84
2024-07-10,RADL3,25.14
2024-07-10,RAIL3,22.35
2024-07-10,RAIZ4,3.02
2024-07-10,RDOR3,28.65
2024-07-10,RECV3,20.59
2024-07-10,RENT3,45.25
2024-07-10,RRRP3,27.8
2024-07-10,SANB11,27.71
2024-07-10,SBSP3,85.1
2024-07-10,SLCE3,19.12
2024-07-10,SMFT3,23.0
2024-07-10,SMTO3,32.37
2024-07-10,SOMA3,6.43
2024-07-10,STBP3,14.26
2024-07-10,SUZB3,52.45
2024-07-10,TAEE11,34.89
2024-07-10,TEND3,12.36
2024-07-10,TIMS3,16.1
2024-07-10,TOTS3,30.18
2024-07-10,TRPL4,27.52
2024-07-10,UGPA3,23.0
2024-07-10,USIM5,7.92
2024-07-10,VALE3,62.17
2024-07-10,VAMO3,9.24
2024-07-10,VBBR3,22.48
2024-07-10,VIVA3,22.35
2024-07-10,VIVT3,47.45
2024-07-10,WEGE3,44.05
2024-07-10,YDUQ3,11.9
2024-07-11,ABEV3,11.53
2024-07-11,ALOS3,21.9
2024-07-11,ALPA4,9.29
2024-07-11,AMER3,0.77
2024-07-11,ARZZ3,53.9
2024-07-11,ASAI3,11.25
2024-07-11,AURE3,12.45
2024-07-11,AZUL4,8.63
2024-07-11,B3SA3,11.05
2024-07-11,BBAS3,26.48
2024-07-11,BBDC3,11.59
2024-07-11,BBDC4,12.67
2024-07-11,BBSE3,33.55
2024-07-11,BEEF3,6.83
2024-07-11,BHIA3,5.79
2024-07-11,BPAC11,31.8
2024-07-11,BPAN4,8.58
2024-07-11,BRAP4,19.16
2024-07-11,BRFS3,21.96
2024-07-11,BRKM5,19.27
2024-07-11,CASH3,6.15
2024-07-11,CCRO3,12.95
2024-07-11,CEAB3,11.0
2024-07-11,CIEL3,5.73
2024-07-11,CMIG4,10.7
2024-07-11,CMIN3,5.34
2024-07-11,COGN3,1.9
2024-07-11,CPFE3,33.71
2024-07-11,CPLE3,9.07
2024-07-11,CPLE6,10.21
2024-07-11,CRFB3,10.73
2024-07-11,CSAN3,14.3
2024-07-11,CSMG3,20.6
2024-07-11,CSNA3,13.1
2024-07-11,CURY3,21.72
2024-07-11,CVCB3,2.15
2024-07-11,CXSE3,14.27
2024-07-11,CYRE3,21.17
2024-07-11,DIRR3,28.09
2024-07-11,DXCO3,7.03
2024-07-11,ECOR3,7.6
2024-07-11,EGIE3,45.96
2024-07-11,ELET3,38.61
2024-07-11,ELET6,42.88
2024-07-11,EMBR3,40.5
2024-07-11,ENEV3,13.31
2024-07-11,ENGI11,47.99
2024-07-11,EQTL3,33.93
2024-07-11,EZTC3,14.6
2024-07-11,FLRY3,15.62
2024-07-11,GGBR4,18.12
2024-07-11,GOAU4,10.66
2024-07-11,GOLL4,1.28
2024-07-11,HAPV3,4.09
2024-07-11,HYPE3,28.79
2024-07-11,IGTI11,21.9
2024-07-11,IRBR3,30.99
2024-07-11,ITSA4,10.16
2024-07-11,ITUB4,33.65
2024-07-11,JBSS3,31.8
2024-07-11,JHSF3,4.29
2024-07-11,KLBN11,20.89
2024-07-11,LOGG3,23.65
2024-07-11,LREN3,13.71
2024-07-11,LWSA3,4.71
2024-07-11,MGLU3,13.71
2024-07-11,MRFG3,12.03
2024-07-11,MRVE3,7.26
2024-07-11,MULT3,24.56
2024-07-11,NTCO3,16.07
2024-07-11,PCAR3,3.3
2024-07-11,PETR3,41.11
2024-07-11,PETR4,38.33
2024-07-11,PETZ3,4.03
2024-07-11,POMO4,6.55
2024-07-11,PRIO3,45.36
2024-07-11,PSSA3,29.57
2024-07-11,QUAL3,1.89
2024-07-11,RADL3,25.41
2024-07-11,RAIL3,23.11
2024-07-11,RAIZ4,3.1
2024-07-11,RDOR3,28.65
2024-07-11,RECV3,20.92
2024-07-11,RENT3,46.6
2024-07-11,RRRP3,27.85
2024-07-11,SANB11,28.61
2024-07-11,SBSP3,84.33
2024-07-11,SLCE3,19.16
2024-07-11,SMFT3,23.12
2024-07-11,SMTO3,32.15
2024-07-11,SOMA3,6.5
2024-07-11,STBP3,14.3
2024-07-11,SUZB3,53.01
2024-07-11,TAEE11,35.2
2024-07-11,TEND3,13.33
2024-07-11,TIMS3,16.76
2024-07-11,TOTS3,29.84
2024-07-11,TRPL4,27.1
2024-07-11,UGPA3,23.15
2024-07-11,USIM5,8.0
2024-07-11,VALE3,62.01
2024-07-11,VAMO3,9.39
2024-07-11,VBBR3,23.0
2024-07-11,VIVA3,22.9
2024-07-11,VIVT3,49.0
2024-07-11,WEGE3,44.96
2024-07-11,YDUQ3,11.8
2024-07-12,ABEV3,11.64
2024-07-12,ALOS3,22.1
2024-07-12,ALPA4,9.31
2024-07-12,AMER3,0.69
2024-07-12,ARZZ3,54.3
2024-07-12,ASAI3,11.24
2024-07-12,AURE3,12.48
2024-07-12,AZUL4,8.83
2024-07-12,B3SA3,11.51
2024-07-12,BBAS3,26.83
2024-07-12,BBDC3,11.56
2024-07-12,BBDC4,12.64
2024-07-12,BBSE3,33.96
2024-07-12,BEEF3,6.82
2024-07-12,BHIA3,5.73
2024-07-12,BPAC11,32.52
2024-07-12,BPAN4,8.55
2024-07-12,BRAP4,19.24
2024-07-12,BRFS3,22.46
2024-07-12,BRKM5,19.4
2024-07-12,CASH3,6.09
2024-07-12,CCRO3,12.99
2024-07-12,CEAB3,10.54
2024-07-12,CIEL3,5.73
2024-07-12,CMIG4,10.68
2024-07-12,CMIN3,5.48
2024-07-12,COGN3,1.89
2024-07-12,CPFE3,33.79
2024-07-12,CPLE3,9.1
2024-07-12,CPLE6,10.23
2024-07-12,CRFB3,10.67
2024-07-12,CSAN3,14.28
2024-07-12,CSMG3,20.66
2024-07-12,CSNA3,13.35
2024-07-12,CURY3,21.01
2024-07-12,CVCB3,2.09
2024-07-12,CXSE3,14.4
2024-07-12,CYRE3,20.28
2024-07-12,DIRR3,27.77
2024-07-12,DXCO3,7.18
2024-07-12,ECOR3,7.44
2024-07-12,EGIE3,46.61
2024-07-12,ELET3,39.1
2024-07-12,ELET6,43.32
2024-07-12,EMBR3,40.25
2024-07-12,ENEV3,13.39
2024-07-12,ENGI11,48.5
2024-07-12,EQTL3,34.16
2024-07-12,EZTC3,14.31
2024-07-12,FLRY3,15.58
2024-07-12,GGBR4,18.27
2024-07-12,GOAU4,10.73
2024-07-12,GOLL4,1.25
2024-07-12,HAPV3,4.08
2024-07-12,HYPE3,29.47
2024-07-12,IGTI11,21.97
2024-07-12,IRBR3,31.47
2024-07-12,ITSA4,10.21
2024-07-12,ITUB4,33.46
2024-07-12,JBSS3,32.1
2024-07-12,JHSF3,4.31
2024-07-12,KLBN11,20.95
2024-07-12,LOGG3,23.39
2024-07-12,LREN3,13.55
2024-07-12,LWSA3,4.59
2024-07-12,MGLU3,13.87
2024-07-12,MRFG3,12.26
2024-07-12,MRVE3,6.96
2024-07-12,MULT3,24.69
2024-07-12,NTCO3,15.95
2024-07-12,PCAR3,3.36
2024-07-12,PETR3,40.88
2024-07-12,PETR4,38.15
2024-07-12,PETZ3,4.1
2024-07-12,POMO4,6.54
2024-07-12,PRIO3,45.59
2024-07-12,PSSA3,30.7
2024-07-12,QUAL3,1.85
2024-07-12,RADL3,25.76
2024-07-12,RAIL3,22.78
2024-07-12,RAIZ4,3.08
2024-07-12,RDOR3,28.94
2024-07-12,RECV3,21.0
2024-07-12,RENT3,46.7
2024-07-12,RRRP3,27.6
2024-07-12,SANB11,28.41
2024-07-12,SBSP3,83.15
2024-07-12,SLCE3,19.11
2024-07-12,SMFT3,22.97
2024-07-12,SMTO3,32.46
2024-07-12,SOMA3,6.47
2024-07-12,STBP3,14.88
2024-07-12,SUZB3,52.3
2024-07-12,TAEE11,35.27
2024-07-12,TEND3,12.74
2024-07-12,TIMS3,16.95
2024-07-12,TOTS3,29.28
2024-07-12,TRPL4,25.95
2024-07-12,UGPA3,22.7
2024-07-12,USIM5,8.06
2024-07-12,VALE3,62.92
2024-07-12,VAMO3,9.15
2024-07-12,VBBR3,22.75
2024-07-12,VIVA3,23.14
2024-07-12,VIVT3,49.47
2024-07-12,WEGE3,45.88
2024-07-12,YDUQ3,11.96
2024-07-15,ABEV3,11.64
2024-07-15,ALOS3,22.37
2024-07-15,ALPA4,9.33
2024-07-15,AMER3,0.62
2024-07-15,ARZZ3,53.85
2024-07-15,ASAI3,11.13
2024-07-15,AURE3,12.48
2024-07-15,AZUL4,9.0
2024-07-15,B3SA3,11.46
2024-07-15,BBAS3,26.95
2024-07-15,BBDC3,11.5
2024-07-15,BBDC4,12.61
2024-07-15,BBSE3,34.04
2024-07-15,BEEF3,6.82
2024-07-15,BHIA3,5.73
2024-07-15,BPAC11,32.17
2024-07-15,BPAN4,8.52
2024-07-15,BRAP4,19.46
2024-07-15,BRFS3,22.5
2024-07-15,BRKM5,19.53
2024-07-15,CASH3,6.0
2024-07-15,CCRO3,12.84
2024-07-15,CEAB3,10.55
2024-07-15,CIEL3,5.74
2024-07-15,CMIG4,10.72
2024-07-15,CMIN3,5.54
2024-07-15,COGN3,1.93
2024-07-15,CPFE3,33.19
2024-07-15,CPLE3,9.01
2024-07-15,CPLE6,10.17
2024-07-15,CRFB3,10.9
2024-07-15,CSAN3,14.31
2024-07-15,CSMG3,20.36
2024-07-15,CSNA3,13.46
2024-07-15,CURY3,21.2
2024-07-15,CVCB3,2.1
2024-07-15,CXSE3,14.43
2024-07-15,CYRE3,20.57
2024-07-15,DIRR3,27.82
2024-07-15,DXCO3,7.05
2024-07-15,ECOR3,7.45
2024-07-15,EGIE3,46.35
2024-07-15,ELET3,38.75
2024-07-15,ELET6,43.05
2024-07-15,EMBR3,40.93
2024-07-15,ENEV3,13.25
2024-07-15,ENGI11,47.63
2024-07-15,EQTL3,33.74
2024-07-15,EZTC3,14.86
2024-07-15,FLRY3,15.6
2024-07-15,GGBR4,18.6
2024-07-15,GOAU4,11.03
2024-07-15,GOLL4,1.24
2024-07-15,HAPV3,4.15
2024-07-15,HYPE3,28.9
2024-07-15,IGTI11,21.95
2024-07-15,IRBR3,31.82
2024-07-15,ITSA4,10.22
2024-07-15,ITUB4,33.59
2024-07-15,JBSS3,32.02
2024-07-15,JHSF3,4.22
2024-07-15,KLBN11,21.27
2024-07-15,LOGG3,23.3
2024-07-15,LREN3,13.74
2024-07-15,LWSA3,4.65
2024-07-15,MGLU3,14.33
2024-07-15,MRFG3,12.34
2024-07-15,MRVE3,7.14
2024-07-15,MULT3,24.68
2024-07-15,NTCO3,15.98
2024-07-15,PCAR3,3.4
2024-07-15,PETR3,41.46
2024-07-15,PETR4,38.5
2024-07-15,PETZ3,4.24
2024-07-15,POMO4,6.63
2024-07-15,PRIO3,46.52
2024-07-15,PSSA3,30.75
2024-07-15,QUAL3,1.81
2024-07-15,RADL3,25.88
2024-07-15,RAIL3,23.16
2024-07-15,RAIZ4,3.09
2024-07-15,RDOR3,29.47
2024-07-15,RECV3,21.11
2024-07-15,RENT3,46.44
2024-07-15,RRRP3,28.0
2024-07-15,SANB11,28.34
2024-07-15,SBSP3,81.67
2024-07-15,SLCE3,18.96
2024-07-15,SMFT3,23.02
2024-07-15,SMTO3,33.31
2024-07-15,SOMA3,6.46
2024-07-15,STBP3,14.85
2024-07-15,SUZB3,54.2
2024-07-15,TAEE11,35.12
2024-07-15,TEND3,13.01
2024-07-15,TIMS3,16.75
2024-07-15,TOTS3,29.61
2024-07-15,TRPL4,25.85
2024-07-15,UGPA3,22.4
2024-07-15,USIM5,8.17
2024-07-15,VALE3,62.99
2024-07-15,VAMO3,9.28
2024-07-15,VBBR3,22.67
2024-07-15,VIVA3,23.57
2024-07-15,VIVT3,48.95
2024-07-15,WEGE3,46.51
2024-07-15,YDUQ3,12.35
2024-07-16,ABEV3,11.7
2024-07-16,ALOS3,22.28
2024-07-16,ALPA4,9.2
2024-07-16,AMER3,0.67
2024-07-16,ARZZ3,53.38
2024-07-16,ASAI3,11.11
2024-07-16,AURE3,12.5
2024-07-16,AZUL4,9.09
2024-07-16,B3SA3,11.48
2024-07-16,BBAS3,27.04
2024-07-16,BBDC3,11.58
2024-07-16,BBDC4,12.65
2024-07-16,BBSE3,34.21
2024-07-16,BEEF3,6.87
2024-07-16,BHIA3,5.35
2024-07-16,BPAC11,32.05
2024-07-16,BPAN4,8.6
2024-07-16,BRAP4,19.44
2024-07-16,BRFS3,22.52
2024-07-16,BRKM5,19.49
2024-07-16,CASH3,6.14
2024-07-16,CCRO3,12.94
2024-07-16,CEAB3,10.15
2024-07-16,CIEL3,5.73
2024-07-16,CMIG4,10.87
2024-07-16,CMIN3,5.42
2024-07-16,COGN3,1.85
2024-07-16,CPFE3,33.46
2024-07-16,CPLE3,9.14
2024-07-16,CPLE6,10.29
2024-07-16,CRFB3,10.98
2024-07-16,CSAN3,14.33
2024-07-16,CSMG3,20.56
2024-07-16,CSNA3,13.1
2024-07-16,CURY3,21.74
2024-07-16,CVCB3,2.08
2024-07-16,CXSE3,14.4
2024-07-16,CYRE3,20.87
2024-07-16,DIRR3,27.94
2024-07-16,DXCO3,7.09
2024-07-16,ECOR3,7.46
2024-07-16,EGIE3,46.45
2024-07-16,ELET3,39.0
2024-07-16,ELET6,43.16
2024-07-16,EMBR3,40.68
2024-07-16,ENEV3,13.28
2024-07-16,ENGI11,47.67
2024-07-16,EQTL3,33.68
2024-07-16,EZTC3,14.9
2024-07-16,FLRY3,15.7
2024-07-16,GGBR4,19.0
2024-07-16,GOAU4,11.15
2024-07-16,GOLL4,1.24
2024-07-16,HAPV3,4.16
2024-07-16,HYPE3,29.0
2024-07-16,IGTI11,21.87
2024-07-16,IRBR3,32.11
2024-07-16,ITSA4,10.25
2024-07-16,ITUB4,33.79
2024-07-16,JBSS3,31.72
2024-07-16,JHSF3,4.23
2024-07-16,KLBN11,21.36
2024-07-16,LOGG3,23.14
2024-07-16,LREN3,13.72
2024-07-16,LWSA3,4.66
2024-07-16,MGLU3,13.63
2024-07-16,MRFG3,12.2
2024-07-16,MRVE3,7.08
2024-07-16,MULT3,24.88
2024-07-16,NTCO3,15.66
2024-07-16,PCAR3,3.13
2024-07-16,PETR3,41.25
2024-07-16,PETR4,38.4
2024-07-16,PETZ3,4.07
2024-07-16,POMO4,6.64
2024-07-16,PRIO3,45.45
2024-07-16,PSSA3,30.63
2024-07-16,QUAL3,1.79
2024-07-16,RADL3,25.59
2024-07-16,RAIL3,22.81
2024-07-16,RAIZ4,3.1
2024-07-16,RDOR3,29.5
2024-07-16,RECV3,21.07
2024-07-16,RENT3,45.86
2024-07-16,RRRP3,27.72
2024-07-16,SANB11,28.78
2024-07-16,SBSP3,81.55
2024-07-16,SLCE3,19.35
2024-07-16,SMFT3,22.75
2024-07-16,SMTO3,32.5
2024-07-16,SOMA3,6.4
2024-07-16,STBP3,14.36
2024-07-16,SUZB3,54.16
2024-07-16,TAEE11,35.13
2024-07-16,TEND3,13.02
2024-07-16,TIMS3,16.78
2024-07-16,TOTS3,28.56
2024-07-16,TRPL4,26.39
2024-07-16,UGPA3,22.54
2024-07-16,USIM5,8.14
2024-07-16,VALE3,62.33
2024-07-16,VAMO3,9.28
2024-07-16,VBBR3,22.83
2024-07-16,VIVA3,23.65
2024-07-16,VIVT3,49.06
2024-07-16,WEGE3,46.68
2024-07-16,YDUQ3,12.05
2024-07-17,ABEV3,11.82
2024-07-17,ALOS3,22.39
2024-07-17,ALPA4,9.28
2024-07-17,AMER3,0.73
2024-07-17,ARZZ3,53.9
2024-07-17,ASAI3,10.75
2024-07-17,AURE3,12.44
2024-07-17,AZUL4,8.89
2024-07-17,B3SA3,11.49
2024-07-17,BBAS3,27.31
2024-07-17,BBDC3,11.72
2024-07-17,BBDC4,12.8
2024-07-17,BBSE3,34.47
2024-07-17,BEEF3,6.9
2024-07-17,BHIA3,5.18
2024-07-17,BPAC11,32.48
2024-07-17,BPAN4,8.83
2024-07-17,BRAP4,19.49
2024-07-17,BRFS3,22.59
2024-07-17,BRKM5,19.17
2024-07-17,CASH3,6.26
2024-07-17,CCRO3,12.94
2024-07-17,CEAB3,9.86
2024-07-17,CIEL3,5.74
2024-07-17,CMIG4,11.18
2024-07-17,CMIN3,5.39
2024-07-17,COGN3,1.81
2024-07-17,CPFE3,33.7
2024-07-17,CPLE3,9.14
2024-07-17,CPLE6,10.29
2024-07-17,CRFB3,10.74
2024-07-17,CSAN3,14.3
2024-07-17,CSMG3,20.61
2024-07-17,CSNA3,13.18
2024-07-17,CURY3,21.77
2024-07-17,CVCB3,1.96
2024-07-17,CXSE3,14.76
2024-07-17,CYRE3,20.69
2024-07-17,DIRR3,28.33
2024-07-17,DXCO3,6.93
2024-07-17,ECOR3,7.44
2024-07-17,EGIE3,46.53
2024-07-17,ELET3,38.58
2024-07-17,ELET6,43.2
2024-07-17,EMBR3,40.45
2024-07-17,ENEV3,13.08
2024-07-17,ENGI11,47.54
2024-07-17,EQTL3,33.37
2024-07-17,EZTC3,14.68
2024-07-17,FLRY3,15.6
2024-07-17,GGBR4,19.02
2024-07-17,GOAU4,11.17
2024-07-17,GOLL4,1.21
2024-07-17,HAPV3,4.06
2024-07-17,HYPE3,28.78
2024-07-17,IGTI11,21.68
2024-07-17,IRBR3,32.34
2024-07-17,ITSA4,10.36
2024-07-17,ITUB4,34.16
2024-07-17,JBSS3,32.24
2024-07-17,JHSF3,4.23
2024-07-17,KLBN11,21.55
2024-07-17,LOGG3,23.51
2024-07-17,LREN3,13.65
2024-07-17,LWSA3,4.6
2024-07-17,MGLU3,13.46
2024-07-17,MRFG3,12.34
2024-07-17,MRVE3,6.99
2024-07-17,MULT3,25.07
2024-07-17,NTCO3,15.87
2024-07-17,PCAR3,3.08
2024-07-17,PETR3,41.55
2024-07-17,PETR4,38.6
2024-07-17,PETZ3,4.08
2024-07-17,POMO4,6.87
2024-07-17,PRIO3,46.17
2024-07-17,PSSA3,30.85
2024-07-17,QUAL3,1.79
2024-07-17,RADL3,25.61
2024-07-17,RAIL3,22.74
2024-07-17,RAIZ4,3.18
2024-07-17,RDOR3,29.18
2024-07-17,RECV3,21.27
2024-07-17,RENT3,45.13
2024-07-17,RRRP3,27.61
2024-07-17,SANB11,29.07
2024-07-17,SBSP3,83.2
2024-07-17,SLCE3,19.38
2024-07-17,SMFT3,22.8
2024-07-17,SMTO3,32.28
2024-07-17,SOMA3,6.41
2024-07-17,STBP3,14.51
2024-07-17,SUZB3,54.17
2024-07-17,TAEE11,35.1
2024-07-17,TEND3,12.94
2024-07-17,TIMS3,17.04
2024-07-17,TOTS3,28.93
2024-07-17,TRPL4,26.06
2024-07-17,UGPA3,23.21
2024-07-17,USIM5,8.55
2024-07-17,VALE3,61.75
2024-07-17,VAMO3,9.28
2024-07-17,VBBR3,23.31
2024-07-17,VIVA3,23.48
2024-07-17,VIVT3,49.87
2024-07-17,WEGE3,47.05
2024-07-17,YDUQ3,11.9
2024-07-18,ABEV3,11.67
2024-07-18,ALOS3,21.68
2024-07-18,ALPA4,8.91
2024-07-18,AMER3,0.75
2024-07-18,ARZZ3,52.58
2024-07-18,ASAI3,10.41
2024-07-18,AURE3,12.42
2024-07-18,AZUL4,8.19
2024-07-18,B3SA3,11.17
2024-07-18,BBAS3,27.19
2024-07-18,BBDC3,11.5
2024-07-18,BBDC4,12.56
2024-07-18,BBSE3,34.38
2024-07-18,BEEF3,6.59
2024-07-18,BHIA3,5.05
2024-07-18,BPAC11,31.68
2024-07-18,BPAN4,8.62
2024-07-18,BRAP4,18.92
2024-07-18,BRFS3,20.81
2024-07-18,BRKM5,18.41
2024-07-18,CASH3,5.75
2024-07-18,CCRO3,12.56
2024-07-18,CEAB3,9.22
2024-07-18,CIEL3,5.74
2024-07-18,CMIG4,10.93
2024-07-18,CMIN3,5.21
2024-07-18,COGN3,1.72
2024-07-18,CPFE3,33.32
2024-07-18,CPLE3,8.96
2024-07-18,CPLE6,10.15
2024-07-18,CRFB3,10.24
2024-07-18,CSAN3,13.88
2024-07-18,CSMG3,20.34
2024-07-18,CSNA3,12.64
2024-07-18,CURY3,21.5
2024-07-18,CVCB3,1.87
2024-07-18,CXSE3,14.9
2024-07-18,CYRE3,19.85
2024-07-18,DIRR3,28.01
2024-07-18,DXCO3,6.8
2024-07-18,ECOR3,7.1
2024-07-18,EGIE3,46.07
2024-07-18,ELET3,37.61
2024-07-18,ELET6,42.26
2024-07-18,EMBR3,41.05
2024-07-18,ENEV3,12.83
2024-07-18,ENGI11,46.99
2024-07-18,EQTL3,32.8
2024-07-18,EZTC3,14.3
2024-07-18,FLRY3,15.39
2024-07-18,GGBR4,18.68
2024-07-18,GOAU4,10.99
2024-07-18,GOLL4,1.17
2024-07-18,HAPV3,3.94
2024-07-18,HYPE3,28.17
2024-07-18,IGTI11,21.4
2024-07-18,IRBR3,31.4
2024-07-18,ITSA4,10.26
2024-07-18,ITUB4,34.0
2024-07-18,JBSS3,31.45
2024-07-18,JHSF3,4.1
2024-07-18,KLBN11,21.41
2024-07-18,LOGG3,23.49
2024-07-18,LREN3,13.16
2024-07-18,LWSA3,4.45
2024-07-18,MGLU3,12.67
2024-07-18,MRFG3,11.22
2024-07-18,MRVE3,6.76
2024-07-18,MULT3,24.38
2024-07-18,NTCO3,15.14
2024-07-18,PCAR3,2.91
2024-07-18,PETR3,41.6
2024-07-18,PETR4,38.53
2024-07-18,PETZ3,3.92
2024-07-18,POMO4,6.61
2024-07-18,PRIO3,45.47
2024-07-18,PSSA3,30.93
2024-07-18,QUAL3,1.64
2024-07-18,RADL3,25.66
2024-07-18,RAIL3,22.65
2024-07-18,RAIZ4,3.12
2024-07-18,RDOR3,28.34
2024-07-18,RECV3,20.84
2024-07-18,RENT3,43.47
2024-07-18,RRRP3,27.29
2024-07-18,SANB11,28.93
2024-07-18,SBSP3,82.02
2024-07-18,SLCE3,19.31
2024-07-18,SMFT3,22.3
2024-07-18,SMTO3,32.2
2024-07-18,SOMA3,6.3
2024-07-18,STBP3,14.41
2024-07-18,SUZB3,53.88
2024-07-18,TAEE11,34.38
2024-07-18,TEND3,12.26
2024-07-18,TIMS3,16.75
2024-07-18,TOTS3,28.04
2024-07-18,TRPL4,25.34
2024-07-18,UGPA3,22.57
2024-07-18,USIM5,8.4
2024-07-18,VALE3,61.17
2024-07-18,VAMO3,8.77
2024-07-18,VBBR3,23.06
2024-07-18,VIVA3,22.85
2024-07-18,VIVT3,49.39
2024-07-18,WEGE3,47.4
2024-07-18,YDUQ3,11.51
2024-07-19,ABEV3,11.73
2024-07-19,ALOS3,21.69
2024-07-19,ALPA4,8.87
2024-07-19,AMER3,0.7
2024-07-19,ARZZ3,52.29
2024-07-19,ASAI3,10.54
2024-07-19,AURE3,12.35
2024-07-19,AZUL4,8.38
2024-07-19,B3SA3,11.17
2024-07-19,BBAS3,27.11
2024-07-19,BBDC3,11.46
2024-07-19,BBDC4,12.49
2024-07-19,BBSE3,34.1
2024-07-19,BEEF3,6.55
2024-07-19,BHIA3,4.95
2024-07-19,BPAC11,31.75
2024-07-19,BPAN4,8.7
2024-07-19,BRAP4,18.93
2024-07-19,BRFS3,20.99
2024-07-19,BRKM5,18.32
2024-07-19,CASH3,5.79
2024-07-19,CCRO3,12.41
2024-07-19,CEAB3,9.3
2024-07-19,CIEL3,5.75
2024-07-19,CMIG4,10.55
2024-07-19,CMIN3,5.12
2024-07-19,COGN3,1.67
2024-07-19,CPFE3,32.88
2024-07-19,CPLE3,8.94
2024-07-19,CPLE6,10.07
2024-07-19,CRFB3,10.25
2024-07-19,CSAN3,14.03
2024-07-19,CSMG3,20.32
2024-07-19,CSNA3,12.64
2024-07-19,CURY3,21.66
2024-07-19,CVCB3,1.87
2024-07-19,CXSE3,14.53
2024-07-19,CYRE3,19.99
2024-07-19,DIRR3,28.41
2024-07-19,DXCO3,7.08
2024-07-19,ECOR3,7.1
2024-07-19,EGIE3,45.6
2024-07-19,ELET3,37.09
2024-07-19,ELET6,41.44
2024-07-19,EMBR3,41.52
2024-07-19,ENEV3,12.56
2024-07-19,ENGI11,46.3
2024-07-19,EQTL3,32.49
2024-07-19,EZTC3,14.23
2024-07-19,FLRY3,15.61
2024-07-19,GGBR4,18.79
2024-07-19,GOAU4,11.06
2024-07-19,GOLL4,1.18
2024-07-19,HAPV3,3.89
2024-07-19,HYPE3,28.37
2024-07-19,IGTI11,21.44
2024-07-19,IRBR3,29.99
2024-07-19,ITSA4,10.36
2024-07-19,ITUB4,34.26
2024-07-19,JBSS3,31.22
2024-07-19,JHSF3,4.02
2024-07-19,KLBN11,21.51
2024-07-19,LOGG3,23.15
2024-07-19,LREN3,13.05
2024-07-19,LWSA3,4.33
2024-07-19,MGLU3,12.57
2024-07-19,MRFG3,11.2
2024-07-19,MRVE3,6.74
2024-07-19,MULT3,24.63
2024-07-19,NTCO3,15.07
2024-07-19,PCAR3,2.91
2024-07-19,PETR3,41.71
2024-07-19,PETR4,38.69
2024-07-19,PETZ3,3.92
2024-07-19,POMO4,6.59
2024-07-19,PRIO3,45.29
2024-07-19,PSSA3,30.31
2024-07-19,QUAL3,1.62
2024-07-19,RADL3,25.77
2024-07-19,RAIL3,22.56
2024-07-19,RAIZ4,3.06
2024-07-19,RDOR3,28.1
2024-07-19,RECV3,21.0
2024-07-19,RENT3,43.41
2024-07-19,RRRP3,27.14
2024-07-19,SANB11,29.12
2024-07-19,SBSP3,84.9
2024-07-19,SLCE3,19.35
2024-07-19,SMFT3,22.36
2024-07-19,SMTO3,31.82
2024-07-19,SOMA3,6.26
2024-07-19,STBP3,14.16
2024-07-19,SUZB3,53.6
2024-07-19,TAEE11,33.9
2024-07-19,TEND3,12.39
2024-07-19,TIMS3,16.77
2024-07-19,TOTS3,28.06
2024-07-19,TRPL4,24.55
2024-07-19,UGPA3,23.22
2024-07-19,USIM5,8.53
2024-07-19,VALE3,61.12
2024-07-19,VAMO3,8.98
2024-07-19,VBBR3,23.09
2024-07-19,VIVA3,22.54
2024-07-19,VIVT3,49.03
2024-07-19,WEGE3,47.29
2024-07-19,YDUQ3,11.3
2024-07-22,ABEV3,11.81
2024-07-22,ALOS3,22.23
2024-07-22,ALPA4,8.89
2024-07-22,AMER3,0.77
2024-07-22,ARZZ3,53.43
2024-07-22,ASAI3,10.7
2024-07-22,AURE3,12.47
2024-07-22,AZUL4,8.36
2024-07-22,B3SA3,11.29
2024-07-22,BBAS3,27.14
2024-07-22,BBDC3,11.54
2024-07-22,BBDC4,12.63
2024-07-22,BBSE3,34.45
2024-07-22,BEEF3,6.51
2024-07-22,BHIA3,4.83
2024-07-22,BPAC11,32.15
2024-07-22,BPAN4,8.82
2024-07-22,BRAP4,18.9
2024-07-22,BRFS3,21.1
2024-07-22,BRKM5,18.78
2024-07-22,CASH3,5.76
2024-07-22,CCRO3,12.63
2024-07-22,CEAB3,9.4
2024-07-22,CIEL3,5.75
2024-07-22,CMIG4,10.81
2024-07-22,CMIN3,5.21
2024-07-22,COGN3,1.69
2024-07-22,CPFE3,33.25
2024-07-22,CPLE3,9.13
2024-07-22,CPLE6,10.31
2024-07-22,CRFB3,10.7
2024-07-22,CSAN3,14.05
2024-07-22,CSMG3,21.3
2024-07-22,CSNA3,12.68
2024-07-22,CURY3,21.88
2024-07-22,CVCB3,1.87
2024-07-22,CXSE3,14.73
2024-07-22,CYRE3,20.68
2024-07-22,DIRR3,28.88
2024-07-22,DXCO3,7.24
2024-07-22,ECOR3,7.14
2024-07-22,EGIE3,45.9
2024-07-22,ELET3,37.84
2024-07-22,ELET6,42.09
2024-07-22,EMBR3,38.6
2024-07-22,ENEV3,12.85
2024-07-22,ENGI11,46.92
2024-07-22,EQTL3,33.15
2024-07-22,EZTC3,14.75
2024-07-22,FLRY3,15.62
2024-07-22,GGBR4,18.89
2024-07-22,GOAU4,11.13
2024-07-22,GOLL4,1.2
2024-07-22,HAPV3,3.92
2024-07-22,HYPE3,28.98
2024-07-22,IGTI11,21.98
2024-07-22,IRBR3,30.93
2024-07-22,ITSA4,10.39
2024-07-22,ITUB4,34.24
2024-07-22,JBSS3,31.35
2024-07-22,JHSF3,4.11
2024-07-22,KLBN11,21.99
2024-07-22,LOGG3,22.83
2024-07-22,LREN3,13.55
2024-07-22,LWSA3,4.52
2024-07-22,MGLU3,12.33
2024-07-22,MRFG3,11.27
2024-07-22,MRVE3,6.81
2024-07-22,MULT3,25.61
2024-07-22,NTCO3,15.03
2024-07-22,PCAR3,2.81
2024-07-22,PETR3,41.07
2024-07-22,PETR4,37.92
2024-07-22,PETZ3,3.89
2024-07-22,POMO4,6.54
2024-07-22,PRIO3,44.69
2024-07-22,PSSA3,30.4
2024-07-22,QUAL3,1.66
2024-07-22,RADL3,26.1
2024-07-22,RAIL3,22.67
2024-07-22,RAIZ4,3.1
2024-07-22,RDOR3,28.16
2024-07-22,RECV3,20.95
2024-07-22,RENT3,42.95
2024-07-22,RRRP3,27.2
2024-07-22,SANB11,28.7
2024-07-22,SBSP3,87.0
2024-07-22,SLCE3,19.0
2024-07-22,SMFT3,22.25
2024-07-22,SMTO3,31.41
2024-07-22,SOMA3,6.4
2024-07-22,STBP3,14.51
2024-07-22,SUZB3,53.28
2024-07-22,TAEE11,34.08
2024-07-22,TEND3,12.49
2024-07-22,TIMS3,16.92
2024-07-22,TOTS3,28.51
2024-07-22,TRPL4,24.66
2024-07-22,UGPA3,23.08
2024-07-22,USIM5,8.56
2024-07-22,VALE3,61.05
2024-07-22,VAMO3,9.01
2024-07-22,VBBR3,23.28
2024-07-22,VIVA3,22.93
2024-07-22,VIVT3,49.57
2024-07-22,WEGE3,47.17
2024-07-22,YDUQ3,11.45
2024-07-23,ABEV3,11.78
2024-07-23,ALOS3,21.91
2024-07-23,ALPA4,8.53
2024-07-23,AMER3,0.78
2024-07-23,ARZZ3,52.61
2024-07-23,ASAI3,10.48
2024-07-23,AURE3,12.3
2024-07-23,AZUL4,8.11
2024-07-23,B3SA3,11.18
2024-07-23,BBAS3,26.98
2024-07-23,BBDC3,11.39
2024-07-23,BBDC4,12.54
2024-07-23,BBSE3,34.16
2024-07-23,BEEF3,6.32
2024-07-23,BHIA3,4.77
2024-07-23,BPAC11,32.2
2024-07-23,BPAN4,8.94
2024-07-23,BRAP4,18.64
2024-07-23,BRFS3,20.94
2024-07-23,BRKM5,18.18
2024-07-23,CASH3,5.89
2024-07-23,CCRO3,12.3
2024-07-23,CEAB3,8.92
2024-07-23,CIEL3,5.75
2024-07-23,CMIG4,10.68
2024-07-23,CMIN3,4.95
2024-07-23,COGN3,1.64
2024-07-23,CPFE3,32.8
2024-07-23,CPLE3,9.03
2024-07-23,CPLE6,10.19
2024-07-23,CRFB3,10.34
2024-07-23,CSAN3,13.69
2024-07-23,CSMG3,22.08
2024-07-23,CSNA3,12.04
2024-07-23,CURY3,21.7
2024-07-23,CVCB3,1.84
2024-07-23,CXSE3,14.41
2024-07-23,CYRE3,20.15
2024-07-23,DIRR3,28.43
2024-07-23,DXCO3,7.08
2024-07-23,ECOR3,6.97
2024-07-23,EGIE3,45.51
2024-07-23,ELET3,37.25
2024-07-23,ELET6,41.63
2024-07-23,EMBR3,41.87
2024-07-23,ENEV3,12.65
2024-07-23,ENGI11,45.63
2024-07-23,EQTL3,32.74
2024-07-23,EZTC3,14.27
2024-07-23,FLRY3,15.47
2024-07-23,GGBR4,18.04
2024-07-23,GOAU4,10.57
2024-07-23,GOLL4,1.15
2024-07-23,HAPV3,3.92
2024-07-23,HYPE3,28.69
2024-07-23,IGTI11,21.43
2024-07-23,IRBR3,29.67
2024-07-23,ITSA4,10.27
2024-07-23,ITUB4,34.19
2024-07-23,JBSS3,30.58
2024-07-23,JHSF3,4.06
2024-07-23,KLBN11,21.72
2024-07-23,LOGG3,21.72
2024-07-23,LREN3,13.18
2024-07-23,LWSA3,4.38
2024-07-23,MGLU3,12.18
2024-07-23,MRFG3,11.04
2024-07-23,MRVE3,6.66
2024-07-23,MULT3,25.26
2024-07-23,NTCO3,14.99
2024-07-23,PCAR3,2.9
2024-07-23,PETR3,40.49
2024-07-23,PETR4,37.43
2024-07-23,PETZ3,3.75
2024-07-23,POMO4,6.45
2024-07-23,PRIO3,43.8
2024-07-23,PSSA3,30.2
2024-07-23,QUAL3,1.59
2024-07-23,RADL3,26.09
2024-07-23,RAIL3,22.37
2024-07-23,RAIZ4,3.04
2024-07-23,RDOR3,27.8
2024-07-23,RECV3,20.47
2024-07-23,RENT3,43.38
2024-07-23,RRRP3,26.68
2024-07-23,SANB11,28.31
2024-07-23,SBSP3,88.64
2024-07-23,SLCE3,18.7
2024-07-23,SMFT3,22.0
2024-07-23,SMTO3,30.78
2024-07-23,SOMA3,6.35
2024-07-23,STBP3,14.21
2024-07-23,SUZB3,53.11
2024-07-23,TAEE11,33.85
2024-07-23,TEND3,12.63
2024-07-23,TIMS3,16.6
2024-07-23,TOTS3,28.13
2024-07-23,TRPL4,24.59
2024-07-23,UGPA3,22.83
2024-07-23,USIM5,8.29
2024-07-23,VALE3,60.23
2024-07-23,VAMO3,8.9
2024-07-23,VBBR3,22.91
2024-07-23,VIVA3,22.82
2024-07-23,VIVT3,48.57
2024-07-23,WEGE3,47.05
2024-07-23,YDUQ3,11.02
2024-07-24,ABEV3,11.79
2024-07-24,ALOS3,21.66
2024-07-24,ALPA4,8.53
2024-07-24,AMER3,0.76
2024-07-24,ARZZ3,51.7
2024-07-24,ASAI3,10.0
2024-07-24,AURE3,12.16
2024-07-24,AZUL4,7.82
2024-07-24,B3SA3,11.03
2024-07-24,BBAS3,26.87
2024-07-24,BBDC3,11.37
2024-07-24,BBDC4,12.55
2024-07-24,BBSE3,34.2
2024-07-24,BEEF3,6.27
2024-07-24,BHIA3,4.8
2024-07-24,BPAC11,31.97
2024-07-24,BPAN4,8.8
2024-07-24,BRAP4,18.5
2024-07-24,BRFS3,20.8
2024-07-24,BRKM5,17.78
2024-07-24,CASH3,5.77
2024-07-24,CCRO3,12.31
2024-07-24,CEAB3,8.61
2024-07-24,CIEL3,5.75
2024-07-24,CMIG4,10.64
2024-07-24,CMIN3,5.02
2024-07-24,COGN3,1.58
2024-07-24,CPFE3,32.98
2024-07-24,CPLE3,8.94
2024-07-24,CPLE6,10.09
2024-07-24,CRFB3,9.59
2024-07-24,CSAN3,13.57
2024-07-24,CSMG3,21.74
2024-07-24,CSNA3,11.99
2024-07-24,CURY3,21.59
2024-07-24,CVCB3,1.8
2024-07-24,CXSE3,14.55
2024-07-24,CYRE3,19.79
2024-07-24,DIRR3,28.43
2024-07-24,DXCO3,7.02
2024-07-24,ECOR3,6.96
2024-07-24,EGIE3,44.34
2024-07-24,ELET3,37.3
2024-07-24,ELET6,41.7
2024-07-24,EMBR3,40.96
2024-07-24,ENEV3,12.61
2024-07-24,ENGI11,44.71
2024-07-24,EQTL3,32.16
2024-07-24,EZTC3,13.69
2024-07-24,FLRY3,15.43
2024-07-24,GGBR4,17.95
2024-07-24,GOAU4,10.47
2024-07-24,GOLL4,1.11
2024-07-24,HAPV3,3.95
2024-07-24,HYPE3,28.0
2024-07-24,IGTI11,21.11
2024-07-24,IRBR3,28.84
2024-07-24,ITSA4,10.25
2024-07-24,ITUB4,34.14
2024-07-24,JBSS3,30.87
2024-07-24,JHSF3,3.99
2024-07-24,KLBN11,21.71
2024-07-24,LOGG3,21.61
2024-07-24,LREN3,12.87
2024-07-24,LWSA3,4.32
2024-07-24,MGLU3,11.67
2024-07-24,MRFG3,11.02
2024-07-24,MRVE3,6.6
2024-07-24,MULT3,24.16
2024-07-24,NTCO3,14.86
2024-07-24,PCAR3,2.86
2024-07-24,PETR3,40.9
2024-07-24,PETR4,37.73
2024-07-24,PETZ3,3.54
2024-07-24,POMO4,6.32
2024-07-24,PRIO3,46.0
2024-07-24,PSSA3,30.0
2024-07-24,QUAL3,1.56
2024-07-24,RADL3,26.17
2024-07-24,RAIL3,22.1
2024-07-24,RAIZ4,3.03
2024-07-24,RDOR3,27.5
2024-07-24,RECV3,21.24
2024-07-24,RENT3,43.3
2024-07-24,RRRP3,26.33
2024-07-24,SANB11,28.41
2024-07-24,SBSP3,89.2
2024-07-24,SLCE3,18.45
2024-07-24,SMFT3,21.3
2024-07-24,SMTO3,29.98
2024-07-24,SOMA3,6.21
2024-07-24,STBP3,14.28
2024-07-24,SUZB3,53.03
2024-07-24,TAEE11,33.8
2024-07-24,TEND3,12.73
2024-07-24,TIMS3,16.6
2024-07-24,TOTS3,27.83
2024-07-24,TRPL4,24.55
2024-07-24,UGPA3,22.77
2024-07-24,USIM5,8.11
2024-07-24,VALE3,60.6
2024-07-24,VAMO3,9.01
2024-07-24,VBBR3,22.83
2024-07-24,VIVA3,22.55
2024-07-24,VIVT3,49.09
2024-07-24,WEGE3,46.65
2024-07-24,YDUQ3,10.64
2024-07-25,ABEV3,11.85
2024-07-25,ALOS3,21.44
2024-07-25,ALPA4,8.55
2024-07-25,AMER3,0.76
2024-07-25,ARZZ3,50.4
2024-07-25,ASAI3,9.9
2024-07-25,AURE3,12.04
2024-07-25,AZUL4,7.72
2024-07-25,B3SA3,10.9
2024-07-25,BBAS3,26.89
2024-07-25,BBDC3,11.23
2024-07-25,BBDC4,12.35
2024-07-25,BBSE3,34.1
2024-07-25,BEEF3,6.18
2024-07-25,BHIA3,4.86
2024-07-25,BPAC11,32.06
2024-07-25,BPAN4,8.65
2024-07-25,BRAP4,18.43
2024-07-25,BRFS3,21.05
2024-07-25,BRKM5,17.93
2024-07-25,CASH3,5.72
2024-07-25,CCRO3,12.33
2024-07-25,CEAB3,8.4
2024-07-25,CIEL3,5.75
2024-07-25,CMIG4,10.63
2024-07-25,CMIN3,5.02
2024-07-25,COGN3,1.57
2024-07-25,CPFE3,32.31
2024-07-25,CPLE3,8.9
2024-07-25,CPLE6,10.02
2024-07-25,CRFB3,9.31
2024-07-25,CSAN3,13.55
2024-07-25,CSMG3,21.82
2024-07-25,CSNA3,11.96
2024-07-25,CURY3,21.36
2024-07-25,CVCB3,1.82
2024-07-25,CXSE3,14.41
2024-07-25,CYRE3,19.57
2024-07-25,DIRR3,28.32
2024-07-25,DXCO3,7.05
2024-07-25,ECOR3,6.83
2024-07-25,EGIE3,44.17
2024-07-25,ELET3,37.62
2024-07-25,ELET6,41.98
2024-07-25,EMBR3,40.64
2024-07-25,ENEV3,12.74
2024-07-25,ENGI11,44.1
2024-07-25,EQTL3,32.3
2024-07-25,EZTC3,13.47
2024-07-25,FLRY3,15.18
2024-07-25,GGBR4,18.32
2024-07-25,GOAU4,10.66
2024-07-25,GOLL4,1.12
2024-07-25,HAPV3,4.03
2024-07-25,HYPE3,27.9
2024-07-25,IGTI11,20.81
2024-07-25,IRBR3,28.44
2024-07-25,ITSA4,10.16
2024-07-25,ITUB4,33.99
2024-07-25,JBSS3,30.94
2024-07-25,JHSF3,3.95
2024-07-25,KLBN11,21.41
2024-07-25,LOGG3,21.41
2024-07-25,LREN3,13.18
2024-07-25,LWSA3,4.45
2024-07-25,MGLU3,11.6
2024-07-25,MRFG3,11.0
2024-07-25,MRVE3,6.62
2024-07-25,MULT3,23.75
2024-07-25,NTCO3,14.82
2024-07-25,PCAR3,2.83
2024-07-25,PETR3,40.73
2024-07-25,PETR4,37.68
2024-07-25,PETZ3,3.57
2024-07-25,POMO4,6.16
2024-07-25,PRIO3,45.82
2024-07-25,PSSA3,30.1
2024-07-25,QUAL3,1.54
2024-07-25,RADL3,26.05
2024-07-25,RAIL3,22.25
2024-07-25,RAIZ4,3.07
2024-07-25,RDOR3,27.06
2024-07-25,RECV3,20.64
2024-07-25,RENT3,43.06
2024-07-25,RRRP3,25.92
2024-07-25,SANB11,27.72
2024-07-25,SBSP3,86.72
2024-07-25,SLCE3,18.24
2024-07-25,SMFT3,21.24
2024-07-25,SMTO3,30.38
2024-07-25,SOMA3,6.07
2024-07-25,STBP3,13.85
2024-07-25,SUZB3,52.47
2024-07-25,TAEE11,33.71
2024-07-25,TEND3,12.66
2024-07-25,TIMS3,16.39
2024-07-25,TOTS3,27.58
2024-07-25,TRPL4,24.4
2024-07-25,UGPA3,22.22
2024-07-25,USIM5,8.28
2024-07-25,VALE3,60.57
2024-07-25,VAMO3,8.69
2024-07-25,VBBR3,22.74
2024-07-25,VIVA3,22.6
2024-07-25,VIVT3,48.79
2024-07-25,WEGE3,45.95
2024-07-25,YDUQ3,10.54
2024-07-26,ABEV3,11.88
2024-07-26,ALOS3,21.67
2024-07-26,ALPA4,8.66
2024-07-26,AMER3,0.7
2024-07-26,ARZZ3,50.84
2024-07-26,ASAI3,9.84
2024-07-26,AURE3,12.05
2024-07-26,AZUL4,8.25
2024-07-26,B3SA3,10.95
2024-07-26,BBAS3,27.12
2024-07-26,BBDC3,11.33
2024-07-26,BBDC4,12.45
2024-07-26,BBSE3,34.6
2024-07-26,BEEF3,6.32
2024-07-26,BHIA3,4.75
2024-07-26,BPAC11,32.58
2024-07-26,BPAN4,8.54
2024-07-26,BRAP4,18.57
2024-07-26,BRFS3,21.59
2024-07-26,BRKM5,18.18
2024-07-26,CASH3,5.84
2024-07-26,CCRO3,12.48
2024-07-26,CEAB3,8.53
2024-07-26,CIEL3,5.76
2024-07-26,CMIG4,10.78
2024-07-26,CMIN3,5.0
2024-07-26,COGN3,1.58
2024-07-26,CPFE3,32.8
2024-07-26,CPLE3,9.05
2024-07-26,CPLE6,10.12
2024-07-26,CRFB3,9.17
2024-07-26,CSAN3,13.7
2024-07-26,CSMG3,21.81
2024-07-26,CSNA3,12.03
2024-07-26,CURY3,21.58
2024-07-26,CVCB3,1.86
2024-07-26,CXSE3,14.43
2024-07-26,CYRE3,19.66
2024-07-26,DIRR3,28.3
2024-07-26,DXCO3,7.19
2024-07-26,ECOR3,7.07
2024-07-26,EGIE3,44.55
2024-07-26,ELET3,38.37
2024-07-26,ELET6,42.7
2024-07-26,EMBR3,41.52
2024-07-26,ENEV3,12.86
2024-07-26,ENGI11,44.5
2024-07-26,EQTL3,32.67
2024-07-26,EZTC3,13.49
2024-07-26,FLRY3,15.32
2024-07-26,GGBR4,18.32
2024-07-26,GOAU4,10.62
2024-07-26,GOLL4,1.16
2024-07-26,HAPV3,4.18
2024-07-26,HYPE3,29.51
2024-07-26,IGTI11,21.02
2024-07-26,IRBR3,29.21
2024-07-26,ITSA4,10.29
2024-07-26,ITUB4,34.24
2024-07-26,JBSS3,33.02
2024-07-26,JHSF3,4.0
2024-07-26,KLBN11,21.2
2024-07-26,LOGG3,21.45
2024-07-26,LREN3,13.33
2024-07-26,LWSA3,4.45
2024-07-26,MGLU3,11.89
2024-07-26,MRFG3,11.35
2024-07-26,MRVE3,6.73
2024-07-26,MULT3,24.17
2024-07-26,NTCO3,15.3
2024-07-26,PCAR3,2.86
2024-07-26,PETR3,40.85
2024-07-26,PETR4,37.64
2024-07-26,PETZ3,3.71
2024-07-26,POMO4,6.32
2024-07-26,PRIO3,47.5
2024-07-26,PSSA3,30.21
2024-07-26,QUAL3,1.57
2024-07-26,RADL3,27.0
2024-07-26,RAIL3,22.58
2024-07-26,RAIZ4,3.06
2024-07-26,RDOR3,28.08
2024-07-26,RECV3,21.04
2024-07-26,RENT3,43.93
2024-07-26,RRRP3,25.68
2024-07-26,SANB11,28.22
2024-07-26,SBSP3,86.8
2024-07-26,SLCE3,18.32
2024-07-26,SMFT3,21.1
2024-07-26,SMTO3,30.48
2024-07-26,SOMA3,6.17
2024-07-26,STBP3,13.81
2024-07-26,SUZB3,51.79
2024-07-26,TAEE11,33.85
2024-07-26,TEND3,12.85
2024-07-26,TIMS3,16.28
2024-07-26,TOTS3,28.13
2024-07-26,TRPL4,24.68
2024-07-26,UGPA3,22.9
2024-07-26,USIM5,6.33
2024-07-26,VALE3,61.47
2024-07-26,VAMO3,8.94
2024-07-26,VBBR3,23.24
2024-07-26,VIVA3,23.16
2024-07-26,VIVT3,48.7
2024-07-26,WEGE3,46.92
2024-07-26,YDUQ3,11.0
2024-07-29,ABEV3,11.82
2024-07-29,ALOS3,21.61
2024-07-29,ALPA4,8.65
2024-07-29,AMER3,0.63
2024-07-29,ARZZ3,49.76
2024-07-29,ASAI3,9.55
2024-07-29,AURE3,11.94
2024-07-29,AZUL4,7.97
2024-07-29,B3SA3,10.85
2024-07-29,BBAS3,27.16
2024-07-29,BBDC3,11.33
2024-07-29,BBDC4,12.5
2024-07-29,BBSE3,34.68
2024-07-29,BEEF3,6.2
2024-07-29,BHIA3,4.61
2024-07-29,BPAC11,32.3
2024-07-29,BPAN4,8.44
2024-07-29,BRAP4,18.46
2024-07-29,BRFS3,21.32
2024-07-29,BRKM5,17.89
2024-07-29,CASH3,5.74
2024-07-29,CCRO3,12.41
2024-07-29,CEAB3,8.4
2024-07-29,CIEL3,5.76
2024-07-29,CMIG4,10.94
2024-07-29,CMIN3,5.02
2024-07-29,COGN3,1.56
2024-07-29,CPFE3,32.88
2024-07-29,CPLE3,9.04
2024-07-29,CPLE6,10.12
2024-07-29,CRFB3,8.95
2024-07-29,CSAN3,13.44
2024-07-29,CSMG3,22.09
2024-07-29,CSNA3,11.92
2024-07-29,CURY3,21.33
2024-07-29,CVCB3,1.83
2024-07-29,CXSE3,14.63
2024-07-29,CYRE3,19.55
2024-07-29,DIRR3,28.05
2024-07-29,DXCO3,7.15
2024-07-29,ECOR3,7.02
2024-07-29,EGIE3,44.74
2024-07-29,ELET3,38.19
2024-07-29,ELET6,42.53
2024-07-29,EMBR3,41.1
2024-07-29,ENEV3,12.8
2024-07-29,ENGI11,44.47
2024-07-29,EQTL3,32.37
2024-07-29,EZTC3,13.43
2024-07-29,FLRY3,15.31
2024-07-29,GGBR4,18.12
2024-07-29,GOAU4,10.57
2024-07-29,GOLL4,1.12
2024-07-29,HAPV3,4.16
2024-07-29,HYPE3,29.45
2024-07-29,IGTI11,21.0
2024-07-29,IRBR3,29.07
2024-07-29,ITSA4,10.33
2024-07-29,ITUB4,34.49
2024-07-29,JBSS3,33.58
2024-07-29,JHSF3,4.01
2024-07-29,KLBN11,21.88
2024-07-29,LOGG3,21.32
2024-07-29,LREN3,13.51
2024-07-29,LWSA3,4.26
2024-07-29,MGLU3,11.2
2024-07-29,MRFG3,11.2
2024-07-29,MRVE3,6.55
2024-07-29,MULT3,23.92
2024-07-29,NTCO3,15.31
2024-07-29,PCAR3,2.74
2024-07-29,PETR3,39.82
2024-07-29,PETR4,36.88
2024-07-29,PETZ3,3.55
2024-07-29,POMO4,6.19
2024-07-29,PRIO3,47.18
2024-07-29,PSSA3,30.27
2024-07-29,QUAL3,1.52
2024-07-29,RADL3,27.3
2024-07-29,RAIL3,22.44
2024-07-29,RAIZ4,3.01
2024-07-29,RDOR3,28.25
2024-07-29,RECV3,20.5
2024-07-29,RENT3,42.6
2024-07-29,RRRP3,26.4
2024-07-29,SANB11,28.54
2024-07-29,SBSP3,86.56
2024-07-29,SLCE3,18.2
2024-07-29,SMFT3,21.45
2024-07-29,SMTO3,29.73
2024-07-29,SOMA3,6.02
2024-07-29,STBP3,13.44
2024-07-29,SUZB3,52.78
2024-07-29,TAEE11,33.84
2024-07-29,TEND3,12.68
2024-07-29,TIMS3,16.11
2024-07-29,TOTS3,27.68
2024-07-29,TRPL4,24.8
2024-07-29,UGPA3,22.67
2024-07-29,USIM5,6.05
2024-07-29,VALE3,61.58
2024-07-29,VAMO3,8.55
2024-07-29,VBBR3,23.1
2024-07-29,VIVA3,23.11
2024-07-29,VIVT3,48.25
2024-07-29,WEGE3,46.48
2024-07-29,YDUQ3,10.91
2024-07-30,ABEV3,11.64
2024-07-30,ALOS3,21.66
2024-07-30,ALPA4,8.56
2024-07-30,AMER3,0.62
2024-07-30,ARZZ3,48.69
2024-07-30,ASAI3,9.44
2024-07-30,AURE3,11.84
2024-07-30,AZUL4,8.15
2024-07-30,B3SA3,10.76
2024-07-30,BBAS3,26.95
2024-07-30,BBDC3,11.24
2024-07-30,BBDC4,12.4
2024-07-30,BBSE3,34.97
2024-07-30,BEEF3,6.31
2024-07-30,BHIA3,4.57
2024-07-30,BPAC11,32.05
2024-07-30,BPAN4,8.5
2024-07-30,BRAP4,18.18
2024-07-30,BRFS3,21.32
2024-07-30,BRKM5,17.81
2024-07-30,CASH3,5.59
2024-07-30,CCRO3,12.17
2024-07-30,CEAB3,8.31
2024-07-30,CIEL3,5.76
2024-07-30,CMIG4,10.87
2024-07-30,CMIN3,4.97
2024-07-30,COGN3,1.51
2024-07-30,CPFE3,32.69
2024-07-30,CPLE3,9.01
2024-07-30,CPLE6,10.12
2024-07-30,CRFB3,9.06
2024-07-30,CSAN3,13.38
2024-07-30,CSMG3,22.12
2024-07-30,CSNA3,11.72
2024-07-30,CURY3,21.6
2024-07-30,CVCB3,1.79
2024-07-30,CXSE3,14.39
2024-07-30,CYRE3,19.21
2024-07-30,DIRR3,27.7
2024-07-30,DXCO3,7.14
2024-07-30,ECOR3,6.83
2024-07-30,EGIE3,44.26
2024-07-30,ELET3,37.99
2024-07-30,ELET6,42.41
2024-07-30,EMBR3,42.85
2024-07-30,ENEV3,12.7
2024-07-30,ENGI11,44.15
2024-07-30,EQTL3,32.33
2024-07-30,EZTC3,13.08
2024-07-30,FLRY3,15.17
2024-07-30,GGBR4,18.03
2024-07-30,GOAU4,10.51
2024-07-30,GOLL4,1.15
2024-07-30,HAPV3,4.12
2024-07-30,HYPE3,29.53
2024-07-30,IGTI11,20.9
2024-07-30,IRBR3,29.02
2024-07-30,ITSA4,10.25
2024-07-30,ITUB4,34.36
2024-07-30,JBSS3,34.56
2024-07-30,JHSF3,4.0
2024-07-30,KLBN11,22.05
2024-07-30,LOGG3,21.49
2024-07-30,LREN3,13.03
2024-07-30,LWSA3,4.24
2024-07-30,MGLU3,11.08
2024-07-30,MRFG3,11.53
2024-07-30,MRVE3,6.51
2024-07-30,MULT3,23.77
2024-07-30,NTCO3,14.86
2024-07-30,PCAR3,2.68
2024-07-30,PETR3,39.53
2024-07-30,PETR4,36.65
2024-07-30,PETZ3,3.46
2024-07-30,POMO4,6.21
2024-07-30,PRIO3,47.04
2024-07-30,PSSA3,30.23
2024-07-30,QUAL3,1.49
2024-07-30,RADL3,27.55
2024-07-30,RAIL3,22.19
2024-07-30,RAIZ4,2.99
2024-07-30,RDOR3,28.17
2024-07-30,RECV3,20.57
2024-07-30,RENT3,42.04
2024-07-30,RRRP3,26.8
2024-07-30,SANB11,28.77
2024-07-30,SBSP3,87.35
2024-07-30,SLCE3,18.0
2024-07-30,SMFT3,20.79
2024-07-30,SMTO3,28.42
2024-07-30,SOMA3,5.94
2024-07-30,STBP3,13.23
2024-07-30,SUZB3,53.42
2024-07-30,TAEE11,33.87
2024-07-30,TEND3,12.56
2024-07-30,TIMS3,16.37
2024-07-30,TOTS3,27.52
2024-07-30,TRPL4,24.72
2024-07-30,UGPA3,22.46
2024-07-30,USIM5,6.33
2024-07-30,VALE3,60.22
2024-07-30,VAMO3,8.36
2024-07-30,VBBR3,23.19
2024-07-30,VIVA3,23.11
2024-07-30,VIVT3,47.29
2024-07-30,WEGE3,45.86
2024-07-30,YDUQ3,10.79
2024-07-31,ABEV3,11.58
2024-07-31,ALOS3,21.84
2024-07-31,ALPA4,8.6
2024-07-31,AMER3,0.55
2024-07-31,ARZZ3,48.65
2024-07-31,ASAI3,9.82
2024-07-31,AURE3,11.88
2024-07-31,AZUL4,8.0
2024-07-31,B3SA3,10.85
2024-07-31,BBAS3,26.55
2024-07-31,BBDC3,11.23
2024-07-31,BBDC4,12.43
2024-07-31,BBSE3,35.17
2024-07-31,BEEF3,6.29
2024-07-31,BHIA3,4.47
2024-07-31,BPAC11,32.61
2024-07-31,BPAN4,8.68
2024-07-31,BRAP4,18.52
2024-07-31,BRFS3,21.06
2024-07-31,BRKM5,17.55
2024-07-31,CASH3,5.57
2024-07-31,CCRO3,12.38
2024-07-31,CEAB3,8.44
2024-07-31,CIEL3,5.77
2024-07-31,CMIG4,10.86
2024-07-31,CMIN3,5.12
2024-07-31,COGN3,1.52
2024-07-31,CPFE3,32.48
2024-07-31,CPLE3,8.98
2024-07-31,CPLE6,10.09
2024-07-31,CRFB3,9.26
2024-07-31,CSAN3,13.37
2024-07-31,CSMG3,21.97
2024-07-31,CSNA3,11.86
2024-07-31,CURY3,22.2
2024-07-31,CVCB3,1.82
2024-07-31,CXSE3,14.42
2024-07-31,CYRE3,19.49
2024-07-31,DIRR3,27.8
2024-07-31,DXCO3,7.31
2024-07-31,ECOR3,7.09
2024-07-31,EGIE3,44.23
2024-07-31,ELET3,39.57
2024-07-31,ELET6,43.61
2024-07-31,EMBR3,43.81
2024-07-31,ENEV3,12.63
2024-07-31,ENGI11,43.93
2024-07-31,EQTL3,32.64
2024-07-31,EZTC3,13.19
2024-07-31,FLRY3,15.16
2024-07-31,GGBR4,18.26
2024-07-31,GOAU4,10.63
2024-07-31,GOLL4,1.14
2024-07-31,HAPV3,4.07
2024-07-31,HYPE3,28.8
2024-07-31,IGTI11,21.08
2024-07-31,IRBR3,29.31
2024-07-31,ITSA4,10.17
2024-07-31,ITUB4,33.88
2024-07-31,JBSS3,33.72
2024-07-31,JHSF3,4.08
2024-07-31,KLBN11,22.09
2024-07-31,LOGG3,21.74
2024-07-31,LREN3,13.26
2024-07-31,LWSA3,4.4
2024-07-31,MGLU3,11.07
2024-07-31,MRFG3,11.31
2024-07-31,MRVE3,6.73
2024-07-31,MULT3,23.96
2024-07-31,NTCO3,14.93
2024-07-31,PCAR3,2.65
2024-07-31,PETR3,40.6
2024-07-31,PETR4,37.41
2024-07-31,PETZ3,3.5
2024-07-31,POMO4,6.07
2024-07-31,PRIO3,48.05
2024-07-31,PSSA3,30.6
2024-07-31,QUAL3,1.5
2024-07-31,RADL3,27.6
2024-07-31,RAIL3,22.15
2024-07-31,RAIZ4,2.99
2024-07-31,RDOR3,27.59
2024-07-31,RECV3,20.66
2024-07-31,RENT3,43.83
2024-07-31,RRRP3,27.06
2024-07-31,SANB11,28.65
2024-07-31,SBSP3,88.24
2024-07-31,SLCE3,17.96
2024-07-31,SMFT3,21.2
2024-07-31,SMTO3,29.06
2024-07-31,SOMA3,5.94
2024-07-31,STBP3,13.11
2024-07-31,SUZB3,53.86
2024-07-31,TAEE11,33.79
2024-07-31,TEND3,13.07
2024-07-31,TIMS3,17.49
2024-07-31,TOTS3,27.75
2024-07-31,TRPL4,24.56
2024-07-31,UGPA3,22.21
2024-07-31,USIM5,6.22
2024-07-31,VALE3,61.63
2024-07-31,VAMO3,8.63
2024-07-31,VBBR3,23.16
2024-07-31,VIVA3,24.05
2024-07-31,VIVT3,48.51
2024-07-31,WEGE3,50.66
2024-07-31,YDUQ3,10.94
2024-08-01,ABEV3,11.74
2024-08-01,ALOS3,22.01
2024-08-01,ALPA4,8.53
2024-08-01,AMER3,0.62
2024-08-01,ASAI3,9.91
2024-08-01,AURE3,12.35
2024-08-01,AZUL4,7.86
2024-08-01,AZZA3,50.39
2024-08-01,B3SA3,10.87
2024-08-01,BBAS3,26.37
2024-08-01,BBDC3,11.35
2024-08-01,BBDC4,12.59
2024-08-01,BBSE3,35.05
2024-08-01,BEEF3,6.46
2024-08-01,BHIA3,4.27
2024-08-01,BPAC11,32.77
2024-08-01,BPAN4,8.7
2024-08-01,BRAP4,18.18
2024-08-01,BRFS3,21.37
2024-08-01,BRKM5,17.19
2024-08-01,CASH3,5.45
2024-08-01,CCRO3,12.52
2024-08-01,CEAB3,8.43
2024-08-01,CIEL3,5.76
2024-08-01,CMIG4,10.85
2024-08-01,CMIN3,4.96
2024-08-01,COGN3,1.46
2024-08-01,CPFE3,32.85
2024-08-01,CPLE3,9.1
2024-08-01,CPLE6,10.22
2024-08-01,CRFB3,9.34
2024-08-01,CSAN3,13.07
2024-08-01,CSMG3,20.45
2024-08-01,CSNA3,11.44
2024-08-01,CURY3,21.99
2024-08-01,CVCB3,1.78
2024-08-01,CXSE3,14.63
2024-08-01,CYRE3,19.61
2024-08-01,DIRR3,27.59
2024-08-01,DXCO3,6.99
2024-08-01,ECOR3,7.46
2024-08-01,EGIE3,44.44
2024-08-01,ELET3,40.16
2024-08-01,ELET6,44.1
2024-08-01,EMBR3,42.02
2024-08-01,ENEV3,12.54
2024-08-01,ENGI11,45.13
2024-08-01,EQTL3,32.9
2024-08-01,EZTC3,13.05
2024-08-01,FLRY3,15.36
2024-08-01,GGBR4,18.17
2024-08-01,GOAU4,10.6
2024-08-01,GOLL4,1.1
2024-08-01,HAPV3,4.21
2024-08-01,HYPE3,28.16
2024-08-01,IGTI11,21.16
2024-08-01,IRBR3,28.93
2024-08-01,ITSA4,9.98
2024-08-01,ITUB4,33.37
2024-08-01,JBSS3,34.5
2024-08-01,JHSF3,4.0
2024-08-01,KLBN11,22.04
2024-08-01,LOGG3,22.09
2024-08-01,LREN3,13.29
2024-08-01,LWSA3,4.27
2024-08-01,MGLU3,10.8
2024-08-01,MRFG3,11.73
2024-08-01,MRVE3,6.58
2024-08-01,MULT3,24.28
2024-08-01,NTCO3,14.71
2024-08-01,PCAR3,2.63
2024-08-01,PETR3,39.85
2024-08-01,PETR4,36.84
2024-08-01,PETZ3,3.42
2024-08-01,POMO4,6.12
2024-08-01,PRIO3,47.99
2024-08-01,PSSA3,30.85
2024-08-01,QUAL3,1.49
2024-08-01,RADL3,27.67
2024-08-01,RAIL3,22.9
2024-08-01,RAIZ4,2.97
2024-08-01,RDOR3,28.05
2024-08-01,RECV3,20.3
2024-08-01,RENT3,43.76
2024-08-01,RRRP3,26.84
2024-08-01,SANB11,29.16
2024-08-01,SBSP3,89.63
2024-08-01,SLCE3,17.8
2024-08-01,SMFT3,20.67
2024-08-01,SMTO3,29.22
2024-08-01,STBP3,13.6
2024-08-01,SUZB3,53.8
2024-08-01,TAEE11,34.12
2024-08-01,TEND3,13.02
2024-08-01,TIMS3,17.62
2024-08-01,TOTS3,27.62
2024-08-01,TRPL4,24.34
2024-08-01,UGPA3,22.53
2024-08-01,USIM5,6.13
2024-08-01,VALE3,60.25
2024-08-01,VAMO3,8.47
2024-08-01,VBBR3,23.42
2024-08-01,VIVA3,23.89
2024-08-01,VIVT3,50.6
2024-08-01,WEGE3,52.84
2024-08-01,YDUQ3,10.7
2024-08-02,ABEV3,11.87
2024-08-02,ALOS3,22.03
2024-08-02,ALPA4,8.58
2024-08-02,AMER3,0.62
2024-08-02,ASAI3,10.2
2024-08-02,AURE3,11.79
2024-08-02,AZUL4,7.95
2024-08-02,AZZA3,50.35
2024-08-02,B3SA3,10.86
2024-08-02,BBAS3,26.16
2024-08-02,BBDC3,11.33
2024-08-02,BBDC4,12.65
2024-08-02,BBSE3,34.9
2024-08-02,BEEF3,6.47
2024-08-02,BHIA3,4.2
2024-08-02,BPAC11,32.74
2024-08-02,BPAN4,8.75
2024-08-02,BRAP4,17.99
2024-08-02,BRFS3,20.95
2024-08-02,BRKM5,16.56
2024-08-02,CASH3,5.63
2024-08-02,CCRO3,12.7
2024-08-02,CEAB3,8.96
2024-08-02,CIEL3,5.78
2024-08-02,CMIG4,10.68
2024-08-02,CMIN3,4.86
2024-08-02,COGN3,1.5
2024-08-02,CPFE3,33.18
2024-08-02,CPLE3,9.04
2024-08-02,CPLE6,10.12
2024-08-02,CRFB3,9.57
2024-08-02,CSAN3,13.0
2024-08-02,CSMG3,21.01
2024-08-02,CSNA3,11.35
2024-08-02,CURY3,21.93
2024-08-02,CVCB3,1.85
2024-08-02,CXSE3,14.02
2024-08-02,CYRE3,19.96
2024-08-02,DIRR3,27.24
2024-08-02,DXCO3,7.16
2024-08-02,ECOR3,7.68
2024-08-02,EGIE3,44.11
2024-08-02,ELET3,38.35
2024-08-02,ELET6,42.73
2024-08-02,EMBR3,39.25
2024-08-02,ENEV3,12.56
2024-08-02,ENGI11,45.68
2024-08-02,EQTL3,33.06
2024-08-02,EZTC3,13.9
2024-08-02,FLRY3,15.38
2024-08-02,GGBR4,17.33
2024-08-02,GOAU4,10.19
2024-08-02,GOLL4,1.09
2024-08-02,HAPV3,4.3
2024-08-02,HYPE3,28.25
2024-08-02,IGTI11,21.44
2024-08-02,IRBR3,28.65
2024-08-02,ITSA4,9.84
2024-08-02,ITUB4,32.95
2024-08-02,JBSS3,33.16
2024-08-02,JHSF3,4.01
2024-08-02,KLBN11,21.71
2024-08-02,LOGG3,22.49
2024-08-02,LREN3,13.76
2024-08-02,LWSA3,4.38
2024-08-02,MGLU3,11.57
2024-08-02,MRFG3,11.52
2024-08-02,MRVE3,6.72
2024-08-02,MULT3,24.8
2024-08-02,NTCO3,14.89
2024-08-02,PCAR3,2.67
2024-08-02,PETR3,38.64
2024-08-02,PETR4,35.73
2024-08-02,PETZ3,3.63
2024-08-02,POMO4,6.78
2024-08-02,PRIO3,46.01
2024-08-02,PSSA3,30.76
2024-08-02,QUAL3,1.53
2024-08-02,RADL3,28.4
2024-08-02,RAIL3,23.41
2024-08-02,RAIZ4,2.95
2024-08-02,RDOR3,27.98
2024-08-02,RECV3,19.87
2024-08-02,RENT3,45.08
2024-08-02,RRRP3,26.64
2024-08-02,SANB11,28.25
2024-08-02,SBSP3,89.31
2024-08-02,SLCE3,17.74
2024-08-02,SMFT3,20.68
2024-08-02,SMTO3,28.45
2024-08-02,STBP3,13.43
2024-08-02,SUZB3,53.0
2024-08-02,TAEE11,34.68
2024-08-02,TEND3,13.22
2024-08-02,TIMS3,17.68
2024-08-02,TOTS3,27.62
2024-08-02,TRPL4,24.56
2024-08-02,UGPA3,22.84
2024-08-02,USIM5,5.94
2024-08-02,VALE3,59.41
2024-08-02,VAMO3,9.01
2024-08-02,VBBR3,23.31
2024-08-02,VIVA3,24.36
2024-08-02,VIVT3,50.08
2024-08-02,WEGE3,49.82
2024-08-02,YDUQ3,10.75
2024-08-05,ABEV3,11.85
2024-08-05,ALOS3,21.78
2024-08-05,ALPA4,8.28
2024-08-05,AMER3,0.61
2024-08-05,ASAI3,10.21
2024-08-05,AURE3,11.66
2024-08-05,AZUL4,7.73
2024-08-05,AZZA3,49.19
2024-08-05,B3SA3,10.86
2024-08-05,BBAS3,26.2
2024-08-05,BBDC3,12.27
2024-08-05,BBDC4,13.61
2024-08-05,BBSE3,34.6
2024-08-05,BEEF3,6.62
2024-08-05,BHIA3,4.49
2024-08-05,BPAC11,31.79
2024-08-05,BPAN4,8.59
2024-08-05,BRAP4,17.85
2024-08-05,BRFS3,20.68
2024-08-05,BRKM5,16.11
2024-08-05,CASH3,5.41
2024-08-05,CCRO3,12.64
2024-08-05,CEAB3,8.71
2024-08-05,CIEL3,5.79
2024-08-05,CMIG4,10.74
2024-08-05,CMIN3,4.85
2024-08-05,COGN3,1.5
2024-08-05,CPFE3,32.28
2024-08-05,CPLE3,9.0
2024-08-05,CPLE6,10.01
2024-08-05,CRFB3,9.33
2024-08-05,CSAN3,12.8
2024-08-05,CSMG3,20.99
2024-08-05,CSNA3,11.35
2024-08-05,CURY3,21.38
2024-08-05,CVCB3,1.74
2024-08-05,CXSE3,14.07
2024-08-05,CYRE3,19.45
2024-08-05,DIRR3,26.66
2024-08-05,DXCO3,6.94
2024-08-05,ECOR3,7.34
2024-08-05,EGIE3,43.88
2024-08-05,ELET3,37.69
2024-08-05,ELET6,41.93
2024-08-05,EMBR3,38.73
2024-08-05,ENEV3,12.41
2024-08-05,ENGI11,44.04
2024-08-05,EQTL3,32.62
2024-08-05,EZTC3,13.31
2024-08-05,FLRY3,15.24
2024-08-05,GGBR4,17.22
2024-08-05,GOAU4,10.02
2024-08-05,GOLL4,1.08
2024-08-05,HAPV3,4.31
2024-08-05,HYPE3,29.05
2024-08-05,IGTI11,21.11
2024-08-05,IRBR3,28.67
2024-08-05,ITSA4,9.82
2024-08-05,ITUB4,32.95
2024-08-05,JBSS3,32.95
2024-08-05,JHSF3,4.0
2024-08-05,KLBN11,21.43
2024-08-05,LOGG3,22.36
2024-08-05,LREN3,13.97
2024-08-05,LWSA3,4.34
2024-08-05,MGLU3,11.54
2024-08-05,MRFG3,11.3
2024-08-05,MRVE3,6.62
2024-08-05,MULT3,24.79
2024-08-05,NTCO3,14.74
2024-08-05,PCAR3,3.07
2024-08-05,PETR3,38.32
2024-08-05,PETR4,35.7
2024-08-05,PETZ3,3.73
2024-08-05,POMO4,7.03
2024-08-05,PRIO3,44.67
2024-08-05,PSSA3,30.65
2024-08-05,QUAL3,1.44
2024-08-05,RADL3,30.07
2024-08-05,RAIL3,22.69
2024-08-05,RAIZ4,2.95
2024-08-05,RDOR3,27.36
2024-08-05,RECV3,19.56
2024-08-05,RENT3,43.94
2024-08-05,RRRP3,26.4
2024-08-05,SANB11,28.33
2024-08-05,SBSP3,88.62
2024-08-05,SLCE3,17.52
2024-08-05,SMFT3,20.53
2024-08-05,SMTO3,27.81
2024-08-05,STBP3,13.45
2024-08-05,SUZB3,53.03
2024-08-05,TAEE11,34.5
2024-08-05,TEND3,13.0
2024-08-05,TIMS3,17.15
2024-08-05,TOTS3,26.98
2024-08-05,TRPL4,24.39
2024-08-05,UGPA3,22.14
2024-08-05,USIM5,5.81
2024-08-05,VALE3,57.02
2024-08-05,VAMO3,8.97
2024-08-05,VBBR3,22.99
2024-08-05,VIVA3,24.15
2024-08-05,VIVT3,48.9
2024-08-05,WEGE3,48.86
2024-08-05,YDUQ3,10.74
2024-08-06,ABEV3,12.01
2024-08-06,ALOS3,22.24
2024-08-06,ALPA4,8.24
2024-08-06,AMER3,0.6
2024-08-06,ASAI3,9.95
2024-08-06,AURE3,11.61
2024-08-06,AZUL4,7.78
2024-08-06,AZZA3,49.38
2024-08-06,B3SA3,10.89
2024-08-06,BBAS3,26.65
2024-08-06,BBDC3,12.69
2024-08-06,BBDC4,14.06
2024-08-06,BBSE3,34.9
2024-08-06,BEEF3,6.62
2024-08-06,BHIA3,4.03
2024-08-06,BPAC11,32.28
2024-08-06,BPAN4,8.71
2024-08-06,BRAP4,17.97
2024-08-06,BRFS3,20.79
2024-08-06,BRKM5,16.0
2024-08-06,CASH3,5.41
2024-08-06,CCRO3,12.9
2024-08-06,CEAB3,8.68
2024-08-06,CIEL3,5.79
2024-08-06,CMIG4,10.75
2024-08-06,CMIN3,4.84
2024-08-06,COGN3,1.46
2024-08-06,CPFE3,32.84
2024-08-06,CPLE3,9.19
2024-08-06,CPLE6,10.13
2024-08-06,CRFB3,9.26
2024-08-06,CSAN3,13.0
2024-08-06,CSMG3,21.47
2024-08-06,CSNA3,11.27
2024-08-06,CURY3,21.57
2024-08-06,CVCB3,1.71
2024-08-06,CXSE3,14.04
2024-08-06,CYRE3,19.34
2024-08-06,DIRR3,27.11
2024-08-06,DXCO3,7.01
2024-08-06,ECOR3,7.7
2024-08-06,EGIE3,44.1
2024-08-06,ELET3,37.54
2024-08-06,ELET6,41.8
2024-08-06,EMBR3,38.4
2024-08-06,ENEV3,12.74
2024-08-06,ENGI11,44.44
2024-08-06,EQTL3,32.55
2024-08-06,EZTC3,13.01
2024-08-06,FLRY3,15.14
2024-08-06,GGBR4,17.2
2024-08-06,GOAU4,10.02
2024-08-06,GOLL4,1.06
2024-08-06,HAPV3,4.29
2024-08-06,HYPE3,29.4
2024-08-06,IGTI11,21.39
2024-08-06,IRBR3,28.66
2024-08-06,ITSA4,10.03
2024-08-06,ITUB4,33.68
2024-08-06,JBSS3,31.93
2024-08-06,JHSF3,4.03
2024-08-06,KLBN11,20.76
2024-08-06,LOGG3,22.11
2024-08-06,LREN3,14.25
2024-08-06,LWSA3,4.34
2024-08-06,MGLU3,11.3
2024-08-06,MRFG3,11.26
2024-08-06,MRVE3,6.37
2024-08-06,MULT3,25.55
2024-08-06,NTCO3,15.26
2024-08-06,PCAR3,2.85
2024-08-06,PETR3,39.12
2024-08-06,PETR4,36.32
2024-08-06,PETZ3,3.54
2024-08-06,POMO4,7.41
2024-08-06,PRIO3,43.25
2024-08-06,PSSA3,30.75
2024-08-06,QUAL3,1.46
2024-08-06,RADL3,29.37
2024-08-06,RAIL3,23.24
2024-08-06,RAIZ4,3.04
2024-08-06,RDOR3,28.0
2024-08-06,RECV3,19.85
2024-08-06,RENT3,44.54
2024-08-06,RRRP3,27.03
2024-08-06,SANB11,28.39
2024-08-06,SBSP3,89.65
2024-08-06,SLCE3,17.7
2024-08-06,SMFT3,20.59
2024-08-06,SMTO3,27.56
2024-08-06,STBP3,13.83
2024-08-06,SUZB3,51.89
2024-08-06,TAEE11,34.69
2024-08-06,TEND3,12.85
2024-08-06,TIMS3,17.14
2024-08-06,TOTS3,27.25
2024-08-06,TRPL4,24.21
2024-08-06,UGPA3,22.12
2024-08-06,USIM5,5.77
2024-08-06,VALE3,57.31
2024-08-06,VAMO3,8.07
2024-08-06,VBBR3,23.51
2024-08-06,VIVA3,23.85
2024-08-06,VIVT3,48.94
2024-08-06,WEGE3,48.97
2024-08-06,YDUQ3,10.27
2024-08-07,ABEV3,12.51
2024-08-07,ALOS3,22.57
2024-08-07,ALPA4,8.53
2024-08-07,AMER3,0.6
2024-08-07,ASAI3,10.3
2024-08-07,AURE3,11.46
2024-08-07,AZUL4,7.78
2024-08-07,AZZA3,50.32
2024-08-07,B3SA3,11.14
2024-08-07,BBAS3,26.3
2024-08-07,BBDC3,12.66
2024-08-07,BBDC4,14.09
2024-08-07,BBSE3,35.07
2024-08-07,BEEF3,6.94
2024-08-07,BHIA3,4.27
2024-08-07,BPAC11,33.55
2024-08-07,BPAN4,8.89
2024-08-07,BRAP4,17.89
2024-08-07,BRFS3,20.9
2024-08-07,BRKM5,16.69
2024-08-07,CASH3,5.56
2024-08-07,CCRO3,13.01
2024-08-07,CEAB3,9.28
2024-08-07,CIEL3,5.79
2024-08-07,CMIG4,10.8
2024-08-07,CMIN3,4.82
2024-08-07,COGN3,1.54
2024-08-07,CPFE3,32.9
2024-08-07,CPLE3,9.15
2024-08-07,CPLE6,10.13
2024-08-07,CRFB3,9.74
2024-08-07,CSAN3,13.19
2024-08-07,CSMG3,21.8
2024-08-07,CSNA3,11.31
2024-08-07,CURY3,22.71
2024-08-07,CVCB3,1.88
2024-08-07,CXSE3,13.97
2024-08-07,CYRE3,20.2
2024-08-07,DIRR3,28.28
2024-08-07,DXCO3,7.4
2024-08-07,ECOR3,7.8
2024-08-07,EGIE3,44.12
2024-08-07,ELET3,37.82
2024-08-07,ELET6,41.99
2024-08-07,EMBR3,38.13
2024-08-07,ENEV3,12.84
2024-08-07,ENGI11,44.75
2024-08-07,EQTL3,33.17
2024-08-07,EZTC3,13.74
2024-08-07,FLRY3,15.31
2024-08-07,GGBR4,17.13
2024-08-07,GOAU4,9.96
2024-08-07,GOLL4,1.08
2024-08-07,HAPV3,4.41
2024-08-07,HYPE3,29.7
2024-08-07,IGTI11,21.87
2024-08-07,IRBR3,29.06
2024-08-07,ITSA4,10.08
2024-08-07,ITUB4,33.77
2024-08-07,JBSS3,31.79
2024-08-07,JHSF3,4.06
2024-08-07,KLBN11,20.61
2024-08-07,LOGG3,22.67
2024-08-07,LREN3,14.6
2024-08-07,LWSA3,4.62
2024-08-07,MGLU3,12.19
2024-08-07,MRFG3,11.37
2024-08-07,MRVE3,6.75
2024-08-07,MULT3,25.68
2024-08-07,NTCO3,15.81
2024-08-07,PCAR3,3.09
2024-08-07,PETR3,39.06
2024-08-07,PETR4,36.27
2024-08-07,PETZ3,3.71
2024-08-07,POMO4,7.31
2024-08-07,PRIO3,45.07
2024-08-07,PSSA3,30.73
2024-08-07,QUAL3,1.52
2024-08-07,RADL3,29.5
2024-08-07,RAIL3,23.18
2024-08-07,RAIZ4,3.14
2024-08-07,RDOR3,29.04
2024-08-07,RECV3,19.89
2024-08-07,RENT3,48.55
2024-08-07,RRRP3,27.37
2024-08-07,SANB11,28.17
2024-08-07,SBSP3,91.89
2024-08-07,SLCE3,17.85
2024-08-07,SMFT3,21.65
2024-08-07,SMTO3,27.67
2024-08-07,STBP3,13.93
2024-08-07,SUZB3,52.2
2024-08-07,TAEE11,35.05
2024-08-07,TEND3,13.4
2024-08-07,TIMS3,17.38
2024-08-07,TOTS3,27.43
2024-08-07,TRPL4,24.22
2024-08-07,UGPA3,23.89
2024-08-07,USIM5,5.73
2024-08-07,VALE3,57.2
2024-08-07,VAMO3,8.32
2024-08-07,VBBR3,24.1
2024-08-07,VIVA3,24.55
2024-08-07,VIVT3,49.7
2024-08-07,WEGE3,48.32
2024-08-07,YDUQ3,10.8
2024-08-08,ABEV3,12.36
2024-08-08,ALOS3,22.63
2024-08-08,ALPA4,8.73
2024-08-08,AMER3,0.59
2024-08-08,ASAI3,10.45
2024-08-08,AURE3,11.45
2024-08-08,AZUL4,7.66
2024-08-08,AZZA3,51.32
2024-08-08,B3SA3,11.35
2024-08-08,BBAS3,26.19
2024-08-08,BBDC3,12.78
2024-08-08,BBDC4,14.25
2024-08-08,BBSE3,36.14
2024-08-08,BEEF3,7.29
2024-08-08,BHIA3,5.31
2024-08-08,BPAC11,34.4
2024-08-08,BPAN4,8.88
2024-08-08,BRAP4,18.02
2024-08-08,BRFS3,21.54
2024-08-08,BRKM5,17.15
2024-08-08,CASH3,5.65
2024-08-08,CCRO3,13.09
2024-08-08,CEAB3,8.65
2024-08-08,CIEL3,5.79
2024-08-08,CMIG4,10.7
2024-08-08,CMIN3,4.82
2024-08-08,COGN3,1.53
2024-08-08,CPFE3,32.91
2024-08-08,CPLE3,9.15
2024-08-08,CPLE6,10.08
2024-08-08,CRFB3,9.77
2024-08-08,CSAN3,13.3
2024-08-08,CSMG3,21.67
2024-08-08,CSNA3,11.4
2024-08-08,CURY3,22.46
2024-08-08,CVCB3,1.85
2024-08-08,CXSE3,13.9
2024-08-08,CYRE3,20.65
2024-08-08,DIRR3,28.23
2024-08-08,DXCO3,7.84
2024-08-08,ECOR3,7.74
2024-08-08,EGIE3,44.9
2024-08-08,ELET3,38.62
2024-08-08,ELET6,42.66
2024-08-08,EMBR3,41.94
2024-08-08,ENEV3,13.05
2024-08-08,ENGI11,45.85
2024-08-08,EQTL3,33.44
2024-08-08,EZTC3,13.69
2024-08-08,FLRY3,15.56
2024-08-08,GGBR4,17.38
2024-08-08,GOAU4,10.07
2024-08-08,GOLL4,1.08
2024-08-08,HAPV3,4.5
2024-08-08,HYPE3,29.65
2024-08-08,IGTI11,22.22
2024-08-08,IRBR3,29.01
2024-08-08,ITSA4,10.08
2024-08-08,ITUB4,33.65
2024-08-08,JBSS3,32.74
2024-08-08,JHSF3,4.08
2024-08-08,KLBN11,20.74
2024-08-08,LOGG3,23.0
2024-08-08,LREN3,14.5
2024-08-08,LWSA3,4.62
2024-08-08,MGLU3,12.54
2024-08-08,MRFG3,11.81
2024-08-08,MRVE3,6.87
2024-08-08,MULT3,25.64
2024-08-08,NTCO3,15.95
2024-08-08,PCAR3,3.15
2024-08-08,PETR3,39.7
2024-08-08,PETR4,36.85
2024-08-08,PETZ3,3.97
2024-08-08,POMO4,7.25
2024-08-08,PRIO3,46.36
2024-08-08,PSSA3,30.82
2024-08-08,QUAL3,1.59
2024-08-08,RADL3,28.9
2024-08-08,RAIL3,23.82
2024-08-08,RAIZ4,3.16
2024-08-08,RDOR3,29.26
2024-08-08,RECV3,20.57
2024-08-08,RENT3,48.47
2024-08-08,RRRP3,27.88
2024-08-08,SANB11,28.28
2024-08-08,SBSP3,92.65
2024-08-08,SLCE3,17.99
2024-08-08,SMFT3,22.59
2024-08-08,SMTO3,28.83
2024-08-08,STBP3,13.96
2024-08-08,SUZB3,53.6
2024-08-08,TAEE11,35.17
2024-08-08,TEND3,12.84
2024-08-08,TIMS3,17.31
2024-08-08,TOTS3,28.55
2024-08-08,TRPL4,24.18
2024-08-08,UGPA3,22.47
2024-08-08,USIM5,5.83
2024-08-08,VALE3,56.85
2024-08-08,VAMO3,8.32
2024-08-08,VBBR3,24.11
2024-08-08,VIVA3,24.65
2024-08-08,VIVT3,50.49
2024-08-08,WEGE3,49.69
2024-08-08,YDUQ3,10.7
2024-08-09,ABEV3,12.45
2024-08-09,ALOS3,23.07
2024-08-09,ALPA4,8.35
2024-08-09,AMER3,0.54
2024-08-09,ASAI3,10.27
2024-08-09,AURE3,11.54
2024-08-09,AZUL4,7.95
2024-08-09,AZZA3,53.91
2024-08-09,B3SA3,12.02
2024-08-09,BBAS3,26.55
2024-08-09,BBDC3,13.03
2024-08-09,BBDC4,14.6
2024-08-09,BBSE3,36.16
2024-08-09,BEEF3,7.51
2024-08-09,BHIA3,4.81
2024-08-09,BPAC11,34.52
2024-08-09,BPAN4,9.17
2024-08-09,BRAP4,18.07
2024-08-09,BRFS3,21.93
2024-08-09,BRKM5,17.22
2024-08-09,CASH3,6.37
2024-08-09,CCRO3,13.23
2024-08-09,CEAB3,8.56
2024-08-09,CIEL3,5.79
2024-08-09,CMIG4,10.86
2024-08-09,CMIN3,4.91
2024-08-09,COGN3,1.52
2024-08-09,CPFE3,33.1
2024-08-09,CPLE3,9.29
2024-08-09,CPLE6,10.27
2024-08-09,CRFB3,9.77
2024-08-09,CSAN3,13.61
2024-08-09,CSMG3,22.38
2024-08-09,CSNA3,11.69
2024-08-09,CURY3,23.31
2024-08-09,CVCB3,1.91
2024-08-09,CXSE3,13.9
2024-08-09,CYRE3,21.77
2024-08-09,DIRR3,28.87
2024-08-09,DXCO3,8.05
2024-08-09,ECOR3,7.85
2024-08-09,EGIE3,45.68
2024-08-09,ELET3,39.86
2024-08-09,ELET6,44.16
2024-08-09,EMBR3,43.25
2024-08-09,ENEV3,13.16
2024-08-09,ENGI11,46.58
2024-08-09,EQTL3,34.66
2024-08-09,EZTC3,14.18
2024-08-09,FLRY3,15.85
2024-08-09,GGBR4,17.51
2024-08-09,GOAU4,10.18
2024-08-09,GOLL4,1.1
2024-08-09,HAPV3,4.43
2024-08-09,HYPE3,29.41
2024-08-09,IGTI11,22.88
2024-08-09,IRBR3,29.44
2024-08-09,ITSA4,10.35
2024-08-09,ITUB4,34.56
2024-08-09,JBSS3,33.31
2024-08-09,JHSF3,4.17
2024-08-09,KLBN11,20.88
2024-08-09,LOGG3,23.55
2024-08-09,LREN3,15.45
2024-08-09,LWSA3,4.7
2024-08-09,MGLU3,12.96
2024-08-09,MRFG3,12.12
2024-08-09,MRVE3,7.18
2024-08-09,MULT3,26.3
2024-08-09,NTCO3,16.53
2024-08-09,PCAR3,3.13
2024-08-09,PETR3,39.36
2024-08-09,PETR4,36.51
2024-08-09,PETZ3,4.03
2024-08-09,POMO4,7.1
2024-08-09,PRIO3,47.83
2024-08-09,PSSA3,31.18
2024-08-09,QUAL3,1.64
2024-08-09,RADL3,29.34
2024-08-09,RAIL3,23.58
2024-08-09,RAIZ4,3.29
2024-08-09,RDOR3,29.68
2024-08-09,RECV3,21.31
2024-08-09,RENT3,48.85
2024-08-09,RRRP3,29.48
2024-08-09,SANB11,28.67
2024-08-09,SBSP3,97.33
2024-08-09,SLCE3,18.37
2024-08-09,SMFT3,22.79
2024-08-09,SMTO3,29.22
2024-08-09,STBP3,14.45
2024-08-09,SUZB3,54.5
2024-08-09,TAEE11,35.39
2024-08-09,TEND3,13.19
2024-08-09,TIMS3,17.62
2024-08-09,TOTS3,29.62
2024-08-09,TRPL4,24.43
2024-08-09,UGPA3,23.05
2024-08-09,USIM5,5.95
2024-08-09,VALE3,57.06
2024-08-09,VAMO3,8.48
2024-08-09,VBBR3,24.75
2024-08-09,VIVA3,26.47
2024-08-09,VIVT3,50.76
2024-08-09,WEGE3,49.7
2024-08-09,YDUQ3,10.33
2024-08-12,ABEV3,12.39
2024-08-12,ALOS3,23.05
2024-08-12,ALPA4,8.22
2024-08-12,AMER3,0.46
2024-08-12,ASAI3,10.25
2024-08-12,AURE3,11.56
2024-08-12,AZUL4,7.0
2024-08-12,AZZA3,53.48
2024-08-12,B3SA3,12.2
2024-08-12,BBAS3,27.12
2024-08-12,BBDC3,13.16
2024-08-12,BBDC4,14.7
2024-08-12,BBSE3,36.65
2024-08-12,BEEF3,7.52
2024-08-12,BHIA3,5.38
2024-08-12,BPAC11,35.06
2024-08-12,BPAN4,9.48
2024-08-12,BRAP4,18.17
2024-08-12,BRFS3,21.85
2024-08-12,BRKM5,16.54
2024-08-12,CASH3,6.92
2024-08-12,CCRO3,13.25
2024-08-12,CEAB3,9.3
2024-08-12,CIEL3,5.8
2024-08-12,CMIG4,11.0
2024-08-12,CMIN3,4.93
2024-08-12,COGN3,1.48
2024-08-12,CPFE3,33.05
2024-08-12,CPLE3,9.32
2024-08-12,CPLE6,10.29
2024-08-12,CRFB3,9.59
2024-08-12,CSAN3,13.48
2024-08-12,CSMG3,22.36
2024-08-12,CSNA3,11.68
2024-08-12,CURY3,23.33
2024-08-12,CVCB3,1.89
2024-08-12,CXSE3,14.18
2024-08-12,CYRE3,21.65
2024-08-12,DIRR3,28.8
2024-08-12,DXCO3,7.67
2024-08-12,ECOR3,7.77
2024-08-12,EGIE3,45.75
2024-08-12,ELET3,39.42
2024-08-12,ELET6,44.03
2024-08-12,EMBR3,43.5
2024-08-12,ENEV3,13.08
2024-08-12,ENGI11,46.68
2024-08-12,EQTL3,34.5
2024-08-12,EZTC3,14.14
2024-08-12,FLRY3,15.6
2024-08-12,GGBR4,17.6
2024-08-12,GOAU4,10.16
2024-08-12,GOLL4,1.17
2024-08-12,HAPV3,4.3
2024-08-12,HYPE3,30.08
2024-08-12,IGTI11,22.84
2024-08-12,IRBR3,30.12
2024-08-12,ITSA4,10.4
2024-08-12,ITUB4,34.61
2024-08-12,JBSS3,33.49
2024-08-12,JHSF3,4.17
2024-08-12,KLBN11,20.71
2024-08-12,LOGG3,23.67
2024-08-12,LREN3,15.72
2024-08-12,LWSA3,4.67
2024-08-12,MGLU3,12.95
2024-08-12,MRFG3,12.17
2024-08-12,MRVE3,7.18
2024-08-12,MULT3,26.52
2024-08-12,NTCO3,16.38
2024-08-12,PCAR3,3.17
2024-08-12,PETR3,40.46
2024-08-12,PETR4,37.34
2024-08-12,PETZ3,3.96
2024-08-12,POMO4,7.31
2024-08-12,PRIO3,48.6
2024-08-12,PSSA3,31.5
2024-08-12,QUAL3,1.62
2024-08-12,RADL3,28.9
2024-08-12,RAIL3,22.96
2024-08-12,RAIZ4,3.31
2024-08-12,RDOR3,29.35
2024-08-12,RECV3,21.74
2024-08-12,RENT3,49.22
2024-08-12,RRRP3,30.0
2024-08-12,SANB11,28.96
2024-08-12,SBSP3,97.16
2024-08-12,SLCE3,18.09
2024-08-12,SMFT3,22.7
2024-08-12,SMTO3,29.05
2024-08-12,STBP3,13.85
2024-08-12,SUZB3,54.39
2024-08-12,TAEE11,35.38
2024-08-12,TEND3,12.86
2024-08-12,TIMS3,17.68
2024-08-12,TOTS3,29.5
2024-08-12,TRPL4,24.44
2024-08-12,UGPA3,23.09
2024-08-12,USIM5,6.06
2024-08-12,VALE3,56.77
2024-08-12,VAMO3,8.35
2024-08-12,VBBR3,24.48
2024-08-12,VIVA3,26.18
2024-08-12,VIVT3,50.64
2024-08-12,WEGE3,50.58
2024-08-12,YDUQ3,10.57
2024-08-13,ABEV3,12.57
2024-08-13,ALOS3,23.33
2024-08-13,ALPA4,8.07
2024-08-13,AMER3,0.41
2024-08-13,ASAI3,10.48
2024-08-13,AURE3,11.62
2024-08-13,AZUL4,7.28
2024-08-13,AZZA3,54.35
2024-08-13,B3SA3,12.64
2024-08-13,BBAS3,27.47
2024-08-13,BBDC3,13.31
2024-08-13,BBDC4,14.88
2024-08-13,BBSE3,37.13
2024-08-13,BEEF3,7.47
2024-08-13,BHIA3,5.14
2024-08-13,BPAC11,35.6
2024-08-13,BPAN4,9.76
2024-08-13,BRAP4,18.19
2024-08-13,BRFS3,22.45
2024-08-13,BRKM5,16.56
2024-08-13,CASH3,6.2
2024-08-13,CCRO3,13.4
2024-08-13,CEAB3,8.92
2024-08-13,CIEL3,5.8
2024-08-13,CMIG4,11.1
2024-08-13,CMIN3,5.24
2024-08-13,COGN3,1.42
2024-08-13,CPFE3,33.45
2024-08-13,CPLE3,9.36
2024-08-13,CPLE6,10.4
2024-08-13,CRFB3,9.74
2024-08-13,CSAN3,13.71
2024-08-13,CSMG3,22.97
2024-08-13,CSNA3,12.19
2024-08-13,CURY3,23.76
2024-08-13,CVCB3,1.96
2024-08-13,CXSE3,14.23
2024-08-13,CYRE3,21.3
2024-08-13,DIRR3,28.84
2024-08-13,DXCO3,7.78
2024-08-13,ECOR3,7.91
2024-08-13,EGIE3,45.79
2024-08-13,ELET3,39.79
2024-08-13,ELET6,44.22
2024-08-13,EMBR3,43.9
2024-08-13,ENEV3,13.05
2024-08-13,ENGI11,46.3
2024-08-13,EQTL3,35.0
2024-08-13,EZTC3,13.85
2024-08-13,FLRY3,15.85
2024-08-13,GGBR4,17.51
2024-08-13,GOAU4,10.12
2024-08-13,GOLL4,1.15
2024-08-13,HAPV3,4.41
2024-08-13,HYPE3,31.15
2024-08-13,IGTI11,23.34
2024-08-13,IRBR3,31.89
2024-08-13,ITSA4,10.64
2024-08-13,ITUB4,35.59
2024-08-13,JBSS3,34.9
2024-08-13,JHSF3,4.17
2024-08-13,KLBN11,20.7
2024-08-13,LOGG3,23.88
2024-08-13,LREN3,15.7
2024-08-13,LWSA3,4.75
2024-08-13,MGLU3,13.29
2024-08-13,MRFG3,12.4
2024-08-13,MRVE3,7.05
2024-08-13,MULT3,26.81
2024-08-13,NTCO3,14.93
2024-08-13,PCAR3,3.13
2024-08-13,PETR3,40.25
2024-08-13,PETR4,37.11
2024-08-13,PETZ3,3.79
2024-08-13,POMO4,7.02
2024-08-13,PRIO3,49.13
2024-08-13,PSSA3,32.84
2024-08-13,QUAL3,1.63
2024-08-13,RADL3,30.0
2024-08-13,RAIL3,23.07
2024-08-13,RAIZ4,3.39
2024-08-13,RDOR3,29.85
2024-08-13,RECV3,21.86
2024-08-13,RENT3,48.1
2024-08-13,RRRP3,29.73
2024-08-13,SANB11,29.3
2024-08-13,SBSP3,98.11
2024-08-13,SLCE3,18.3
2024-08-13,SMFT3,23.05
2024-08-13,SMTO3,29.4
2024-08-13,STBP3,14.05
2024-08-13,SUZB3,54.54
2024-08-13,TAEE11,35.38
2024-08-13,TEND3,13.08
2024-08-13,TIMS3,17.85
2024-08-13,TOTS3,29.29
2024-08-13,TRPL4,24.57
2024-08-13,UGPA3,23.92
2024-08-13,USIM5,6.25
2024-08-13,VALE3,56.52
2024-08-13,VAMO3,8.43
2024-08-13,VBBR3,25.3
2024-08-13,VIVA3,26.86
2024-08-13,VIVT3,51.02
2024-08-13,WEGE3,51.13
2024-08-13,YDUQ3,10.14
2024-08-14,ABEV3,12.56
2024-08-14,ALOS3,23.65
2024-08-14,ALPA4,7.86
2024-08-14,AMER3,0.33
2024-08-14,ASAI3,10.67
2024-08-14,AURE3,11.64
2024-08-14,AZUL4,7.75
2024-08-14,AZZA3,55.16
2024-08-14,B3SA3,12.7
2024-08-14,BBAS3,27.93
2024-08-14,BBDC3,13.39
2024-08-14,BBDC4,15.01
2024-08-14,BBSE3,37.45
2024-08-14,BEEF3,7.59
2024-08-14,BHIA3,5.1
2024-08-14,BPAC11,35.0
2024-08-14,BPAN4,9.76
2024-08-14,BRAP4,18.06
2024-08-14,BRFS3,23.51
2024-08-14,BRKM5,16.55
2024-08-14,CASH3,6.4
2024-08-14,CCRO3,13.52
2024-08-14,CEAB3,8.84
2024-08-14,CIEL3,5.81
2024-08-14,CMIG4,11.97
2024-08-14,CMIN3,5.0
2024-08-14,COGN3,1.39
2024-08-14,CPFE3,33.77
2024-08-14,CPLE3,9.53
2024-08-14,CPLE6,10.53
2024-08-14,CRFB3,9.77
2024-08-14,CSAN3,13.51
2024-08-14,CSMG3,23.2
2024-08-14,CSNA3,11.7
2024-08-14,CURY3,23.63
2024-08-14,CVCB3,1.91
2024-08-14,CXSE3,14.41
2024-08-14,CYRE3,21.63
2024-08-14,DIRR3,28.99
2024-08-14,DXCO3,7.65
2024-08-14,ECOR3,7.82
2024-08-14,EGIE3,46.32
2024-08-14,ELET3,40.15
2024-08-14,ELET6,44.64
2024-08-14,EMBR3,43.94
2024-08-14,ENEV3,13.47
2024-08-14,ENGI11,48.32
2024-08-14,EQTL3,35.46
2024-08-14,EZTC3,13.97
2024-08-14,FLRY3,15.88
2024-08-14,GGBR4,17.4
2024-08-14,GOAU4,10.09
2024-08-14,GOLL4,1.15
2024-08-14,HAPV3,4.41
2024-08-14,HYPE3,31.65
2024-08-14,IGTI11,23.53
2024-08-14,IRBR3,32.52
2024-08-14,ITSA4,10.86
2024-08-14,ITUB4,36.47
2024-08-14,JBSS3,37.34
2024-08-14,JHSF3,4.22
2024-08-14,KLBN11,20.88
2024-08-14,LOGG3,24.12
2024-08-14,LREN3,16.19
2024-08-14,LWSA3,4.77
2024-08-14,MGLU3,12.74
2024-08-14,MRFG3,12.83
2024-08-14,MRVE3,7.28
2024-08-14,MULT3,27.31
2024-08-14,NTCO3,14.75
2024-08-14,PCAR3,3.2
2024-08-14,PETR3,40.98
2024-08-14,PETR4,37.76
2024-08-14,PETZ3,3.82
2024-08-14,POMO4,6.94
2024-08-14,PRIO3,49.6
2024-08-14,PSSA3,32.86
2024-08-14,QUAL3,1.58
2024-08-14,RADL3,30.0
2024-08-14,RAIL3,23.38
2024-08-14,RAIZ4,3.25
2024-08-14,RDOR3,30.73
2024-08-14,RECV3,21.8
2024-08-14,RENT3,40.0
2024-08-14,RRRP3,29.58
2024-08-14,SANB11,30.04
2024-08-14,SBSP3,99.46
2024-08-14,SLCE3,18.2
2024-08-14,SMFT3,23.35
2024-08-14,SMTO3,29.88
2024-08-14,STBP3,14.1
2024-08-14,SUZB3,54.7
2024-08-14,TAEE11,35.43
2024-08-14,TEND3,13.19
2024-08-14,TIMS3,18.1
2024-08-14,TOTS3,29.66
2024-08-14,TRPL4,24.71
2024-08-14,UGPA3,23.6
2024-08-14,USIM5,6.09
2024-08-14,VALE3,56.0
2024-08-14,VAMO3,8.32
2024-08-14,VBBR3,25.24
2024-08-14,VIVA3,27.1
2024-08-14,VIVT3,51.62
2024-08-14,WEGE3,51.54
2024-08-14,YDUQ3,10.02
2024-08-15,ABEV3,13.03
2024-08-15,ALOS3,23.29
2024-08-15,ALPA4,8.24
2024-08-15,AMER3,0.14
2024-08-15,ASAI3,10.4
2024-08-15,AURE3,11.58
2024-08-15,AZUL4,7.74
2024-08-15,AZZA3,53.94
2024-08-15,B3SA3,12.71
2024-08-15,BBAS3,28.15
2024-08-15,BBDC3,13.56
2024-08-15,BBDC4,15.16
2024-08-15,BBSE3,37.31
2024-08-15,BEEF3,7.54
2024-08-15,BHIA3,5.36
2024-08-15,BPAC11,36.19
2024-08-15,BPAN4,9.86
2024-08-15,BRAP4,18.38
2024-08-15,BRFS3,23.91
2024-08-15,BRKM5,16.91
2024-08-15,CASH3,6.28
2024-08-15,CCRO3,13.46
2024-08-15,CEAB3,9.1
2024-08-15,CIEL3,5.83
2024-08-15,CMIG4,11.51
2024-08-15,CMIN3,5.12
2024-08-15,COGN3,1.39
2024-08-15,CPFE3,33.33
2024-08-15,CPLE3,9.44
2024-08-15,CPLE6,10.42
2024-08-15,CRFB3,9.54
2024-08-15,CSAN3,13.69
2024-08-15,CSMG3,22.1
2024-08-15,CSNA3,11.52
2024-08-15,CURY3,23.7
2024-08-15,CVCB3,1.96
2024-08-15,CXSE3,14.15
2024-08-15,CYRE3,22.14
2024-08-15,DIRR3,29.05
2024-08-15,DXCO3,7.7
2024-08-15,ECOR3,7.99
2024-08-15,EGIE3,45.89
2024-08-15,ELET3,40.5
2024-08-15,ELET6,44.95
2024-08-15,EMBR3,44.81
2024-08-15,ENEV3,13.46
2024-08-15,ENGI11,48.65
2024-08-15,EQTL3,34.76
2024-08-15,EZTC3,14.29
2024-08-15,FLRY3,15.63
2024-08-15,GGBR4,17.4
2024-08-15,GOAU4,10.16
2024-08-15,GOLL4,1.07
2024-08-15,HAPV3,4.42
2024-08-15,HYPE3,31.31
2024-08-15,IGTI11,23.2
2024-08-15,IRBR3,42.49
2024-08-15,ITSA4,11.0
2024-08-15,ITUB4,37.05
2024-08-15,JBSS3,37.92
2024-08-15,JHSF3,4.3
2024-08-15,KLBN11,20.84
2024-08-15,LOGG3,23.98
2024-08-15,LREN3,16.74
2024-08-15,LWSA3,4.77
2024-08-15,MGLU3,13.29
2024-08-15,MRFG3,13.09
2024-08-15,MRVE3,7.55
2024-08-15,MULT3,26.57
2024-08-15,NTCO3,13.9
2024-08-15,PCAR3,3.16
2024-08-15,PETR3,41.4
2024-08-15,PETR4,38.34
2024-08-15,PETZ3,3.45
2024-08-15,POMO4,6.88
2024-08-15,PRIO3,48.92
2024-08-15,PSSA3,33.03
2024-08-15,QUAL3,1.62
2024-08-15,RADL3,29.3
2024-08-15,RAIL3,23.85
2024-08-15,RAIZ4,3.28
2024-08-15,RDOR3,31.48
2024-08-15,RECV3,22.1
2024-08-15,RENT3,39.2
2024-08-15,RRRP3,29.2
2024-08-15,SANB11,30.03
2024-08-15,SBSP3,98.64
2024-08-15,SLCE3,17.75
2024-08-15,SMFT3,23.7
2024-08-15,SMTO3,29.81
2024-08-15,STBP3,14.42
2024-08-15,SUZB3,53.58
2024-08-15,TAEE11,35.46
2024-08-15,TEND3,13.62
2024-08-15,TIMS3,17.98
2024-08-15,TOTS3,29.1
2024-08-15,TRPL4,24.5
2024-08-15,UGPA3,23.75
2024-08-15,USIM5,6.18
2024-08-15,VALE3,56.23
2024-08-15,VAMO3,8.25
2024-08-15,VBBR3,25.82
2024-08-15,VIVA3,27.0
2024-08-15,VIVT3,50.93
2024-08-15,WEGE3,52.7
2024-08-15,YDUQ3,10.1
2024-08-16,ABEV3,13.01
2024-08-16,ALOS3,23.26
2024-08-16,ALPA4,8.09
2024-08-16,AMER3,0.14
2024-08-16,ASAI3,10.25
2024-08-16,AURE3,11.53
2024-08-16,AZUL4,7.41
2024-08-16,AZZA3,51.1
2024-08-16,B3SA3,12.49
2024-08-16,BBAS3,28.37
2024-08-16,BBDC3,13.34
2024-08-16,BBDC4,14.97
2024-08-16,BBSE3,37.29
2024-08-16,BEEF3,7.45
2024-08-16,BHIA3,5.06
2024-08-16,BPAC11,36.07
2024-08-16,BPAN4,10.35
2024-08-16,BRAP4,18.27
2024-08-16,BRFS3,24.3
2024-08-16,BRKM5,17.15
2024-08-16,CASH3,6.22
2024-08-16,CCRO3,13.45
2024-08-16,CEAB3,9.28
2024-08-16,CIEL3,5.83
2024-08-16,CMIG4,11.62
2024-08-16,CMIN3,5.02
2024-08-16,COGN3,1.33
2024-08-16,CPFE3,33.42
2024-08-16,CPLE3,9.45
2024-08-16,CPLE6,10.42
2024-08-16,CRFB3,9.27
2024-08-16,CSAN3,13.43
2024-08-16,CSMG3,22.97
2024-08-16,CSNA3,11.31
2024-08-16,CURY3,23.31
2024-08-16,CVCB3,1.91
2024-08-16,CXSE3,14.25
2024-08-16,CYRE3,21.38
2024-08-16,DIRR3,29.1
2024-08-16,DXCO3,7.69
2024-08-16,ECOR3,7.8
2024-08-16,EGIE3,46.19
2024-08-16,ELET3,40.34
2024-08-16,ELET6,44.97
2024-08-16,EMBR3,44.44
2024-08-16,ENEV3,13.5
2024-08-16,ENGI11,48.8
2024-08-16,EQTL3,34.86
2024-08-16,EZTC3,13.98
2024-08-16,FLRY3,15.73
2024-08-16,GGBR4,17.22
2024-08-16,GOAU4,10.06
2024-08-16,GOLL4,1.08
2024-08-16,HAPV3,4.27
2024-08-16,HYPE3,30.99
2024-08-16,IGTI11,23.23
2024-08-16,IRBR3,44.86
2024-08-16,ITSA4,10.94
2024-08-16,ITUB4,36.74
2024-08-16,JBSS3,36.45
2024-08-16,JHSF3,4.27
2024-08-16,KLBN11,21.0
2024-08-16,LOGG3,23.81
2024-08-16,LREN3,16.13
2024-08-16,LWSA3,4.63
2024-08-16,MGLU3,12.58
2024-08-16,MRFG3,12.89
2024-08-16,MRVE3,7.29
2024-08-16,MULT3,26.38
2024-08-16,NTCO3,13.83
2024-08-16,PCAR3,3.22
2024-08-16,PETR3,41.56
2024-08-16,PETR4,38.5
2024-08-16,PETZ3,3.77
2024-08-16,POMO4,6.76
2024-08-16,PRIO3,49.2
2024-08-16,PSSA3,32.74
2024-08-16,QUAL3,1.59
2024-08-16,RADL3,29.35
2024-08-16,RAIL3,23.2
2024-08-16,RAIZ4,3.3
2024-08-16,RDOR3,31.6
2024-08-16,RECV3,21.63
2024-08-16,RENT3,42.6
2024-08-16,RRRP3,28.17
2024-08-16,SANB11,30.24
2024-08-16,SBSP3,98.7
2024-08-16,SLCE3,17.7
2024-08-16,SMFT3,22.96
2024-08-16,SMTO3,29.2
2024-08-16,STBP3,14.13
2024-08-16,SUZB3,54.41
2024-08-16,TAEE11,34.73
2024-08-16,TEND3,13.28
2024-08-16,TIMS3,18.29
2024-08-16,TOTS3,29.52
2024-08-16,TRPL4,24.67
2024-08-16,UGPA3,24.0
2024-08-16,USIM5,6.08
2024-08-16,VALE3,56.08
2024-08-16,VAMO3,8.26
2024-08-16,VBBR3,26.03
2024-08-16,VIVA3,26.3
2024-08-16,VIVT3,52.2
2024-08-16,WEGE3,53.25
2024-08-16,YDUQ3,9.8
2024-08-19,ABEV3,13.01
2024-08-19,ALOS3,23.42
2024-08-19,ALPA4,8.3
2024-08-19,AMER3,0.1
2024-08-19,ASAI3,10.71
2024-08-19,AURE3,11.63
2024-08-19,AZUL4,7.82
2024-08-19,AZZA3,52.4
2024-08-19,B3SA3,12.79
2024-08-19,BBAS3,29.13
2024-08-19,BBDC3,14.09
2024-08-19,BBDC4,15.64
2024-08-19,BBSE3,36.05
2024-08-19,BEEF3,7.71
2024-08-19,BHIA3,5.85
2024-08-19,BPAC11,36.31
2024-08-19,BPAN4,10.43
2024-08-19,BRAP4,18.68
2024-08-19,BRFS3,25.25
2024-08-19,BRKM5,17.17
2024-08-19,CASH3,6.44
2024-08-19,CCRO3,13.59
2024-08-19,CEAB3,9.54
2024-08-19,CIEL3,5.82
2024-08-19,CMIG4,11.85
2024-08-19,CMIN3,5.27
2024-08-19,COGN3,1.47
2024-08-19,CPFE3,33.2
2024-08-19,CPLE3,9.56
2024-08-19,CPLE6,10.54
2024-08-19,CRFB3,9.71
2024-08-19,CSAN3,13.94
2024-08-19,CSMG3,23.14
2024-08-19,CSNA3,12.01
2024-08-19,CURY3,23.62
2024-08-19,CVCB3,2.14
2024-08-19,CXSE3,14.65
2024-08-19,CYRE3,21.8
2024-08-19,DIRR3,29.31
2024-08-19,DXCO3,8.33
2024-08-19,ECOR3,8.07
2024-08-19,EGIE3,46.66
2024-08-19,ELET3,41.53
2024-08-19,ELET6,45.7
2024-08-19,EMBR3,43.98
2024-08-19,ENEV3,13.81
2024-08-19,ENGI11,50.15
2024-08-19,EQTL3,35.52
2024-08-19,EZTC3,14.7
2024-08-19,FLRY3,15.86
2024-08-19,GGBR4,17.65
2024-08-19,GOAU4,10.3
2024-08-19,GOLL4,1.1
2024-08-19,HAPV3,4.45
2024-08-19,HYPE3,32.27
2024-08-19,IGTI11,23.4
2024-08-19,IRBR3,46.2
2024-08-19,ITSA4,11.04
2024-08-19,ITUB4,36.96
2024-08-19,JBSS3,38.16
2024-08-19,JHSF3,4.32
2024-08-19,KLBN11,21.29
2024-08-19,LOGG3,23.97
2024-08-19,LREN3,17.0
2024-08-19,LWSA3,5.22
2024-08-19,MGLU3,13.92
2024-08-19,MRFG3,14.59
2024-08-19,MRVE3,7.46
2024-08-19,MULT3,26.89
2024-08-19,NTCO3,14.2
2024-08-19,PCAR3,3.33
2024-08-19,PETR3,41.24
2024-08-19,PETR4,38.44
2024-08-19,PETZ3,4.67
2024-08-19,POMO4,6.95
2024-08-19,PRIO3,47.89
2024-08-19,PSSA3,32.85
2024-08-19,QUAL3,1.79
2024-08-19,RADL3,29.07
2024-08-19,RAIL3,23.6
2024-08-19,RAIZ4,3.3
2024-08-19,RDOR3,32.05
2024-08-19,RECV3,21.85
2024-08-19,RENT3,44.25
2024-08-19,RRRP3,27.86
2024-08-19,SANB11,30.75
2024-08-19,SBSP3,97.5
2024-08-19,SLCE3,17.86
2024-08-19,SMFT3,23.39
2024-08-19,SMTO3,29.54
2024-08-19,STBP3,14.09
2024-08-19,SUZB3,55.04
2024-08-19,TAEE11,35.39
2024-08-19,TEND3,13.65
2024-08-19,TIMS3,18.27
2024-08-19,TOTS3,29.9
2024-08-19,TRPL4,25.14
2024-08-19,UGPA3,23.95
2024-08-19,USIM5,6.5
2024-08-19,VALE3,56.98
2024-08-19,VAMO3,8.78
2024-08-19,VBBR3,26.25
2024-08-19,VIVA3,26.5
2024-08-19,VIVT3,52.12
2024-08-19,WEGE3,51.79
2024-08-19,YDUQ3,10.61
2024-08-20,ABEV3,12.94
2024-08-20,ALOS3,23.37
2024-08-20,ALPA4,8.32
2024-08-20,AMER3,0.09
2024-08-20,ASAI3,10.22
2024-08-20,AURE3,11.54
2024-08-20,AZUL4,7.69
2024-08-20,AZZA3,52.26
2024-08-20,B3SA3,12.9
2024-08-20,BBAS3,29.26
2024-08-20,BBDC3,14.06
2024-08-20,BBDC4,15.7
2024-08-20,BBSE3,36.05
2024-08-20,BEEF3,7.84
2024-08-20,BHIA3,6.1
2024-08-20,BPAC11,36.45
2024-08-20,BPAN4,10.7
2024-08-20,BRAP4,18.82
2024-08-20,BRFS3,25.4
2024-08-20,BRKM5,17.71
2024-08-20,CASH3,6.39
2024-08-20,CCRO3,13.53
2024-08-20,CEAB3,9.64
2024-08-20,CIEL3,5.82
2024-08-20,CMIG4,11.9
2024-08-20,CMIN3,5.26
2024-08-20,COGN3,1.42
2024-08-20,CPFE3,33.25
2024-08-20,CPLE3,9.56
2024-08-20,CPLE6,10.58
2024-08-20,CRFB3,9.34
2024-08-20,CSAN3,13.87
2024-08-20,CSMG3,23.14
2024-08-20,CSNA3,11.89
2024-08-20,CURY3,23.81
2024-08-20,CVCB3,2.04
2024-08-20,CXSE3,14.75
2024-08-20,CYRE3,22.17
2024-08-20,DIRR3,29.3
2024-08-20,DXCO3,8.3
2024-08-20,ECOR3,7.84
2024-08-20,EGIE3,46.53
2024-08-20,ELET3,41.4
2024-08-20,ELET6,46.0
2024-08-20,EMBR3,44.56
2024-08-20,ENEV3,13.71
2024-08-20,ENGI11,49.27
2024-08-20,EQTL3,36.06
2024-08-20,EZTC3,14.84
2024-08-20,FLRY3,15.84
2024-08-20,GGBR4,17.75
2024-08-20,GOAU4,10.28
2024-08-20,GOLL4,1.08
2024-08-20,HAPV3,4.56
2024-08-20,HYPE3,31.8
2024-08-20,IGTI11,23.52
2024-08-20,IRBR3,45.89
2024-08-20,ITSA4,11.07
2024-08-20,ITUB4,37.23
2024-08-20,JBSS3,36.13
2024-08-20,JHSF3,4.46
2024-08-20,KLBN11,21.95
2024-08-20,LOGG3,24.17
2024-08-20,LREN3,16.96
2024-08-20,LWSA3,5.02
2024-08-20,MGLU3,13.8
2024-08-20,MRFG3,14.53
2024-08-20,MRVE3,7.52
2024-08-20,MULT3,27.04
2024-08-20,NTCO3,13.99
2024-08-20,PCAR3,3.27
2024-08-20,PETR3,41.09
2024-08-20,PETR4,38.29
2024-08-20,PETZ3,4.81
2024-08-20,POMO4,6.99
2024-08-20,PRIO3,47.83
2024-08-20,PSSA3,33.03
2024-08-20,QUAL3,1.86
2024-08-20,RADL3,28.28
2024-08-20,RAIL3,23.65
2024-08-20,RAIZ4,3.3
2024-08-20,RDOR3,32.96
2024-08-20,RECV3,21.72
2024-08-20,RENT3,42.97
2024-08-20,RRRP3,28.05
2024-08-20,SANB11,31.07
2024-08-20,SBSP3,99.58
2024-08-20,SLCE3,17.97
2024-08-20,SMFT3,23.46
2024-08-20,SMTO3,29.52
2024-08-20,STBP3,14.14
2024-08-20,SUZB3,55.87
2024-08-20,TAEE11,35.6
2024-08-20,TEND3,13.88
2024-08-20,TIMS3,18.32
2024-08-20,TOTS3,30.02
2024-08-20,TRPL4,25.24
2024-08-20,UGPA3,23.61
2024-08-20,USIM5,6.45
2024-08-20,VALE3,57.2
2024-08-20,VAMO3,8.48
2024-08-20,VBBR3,26.13
2024-08-20,VIVA3,26.75
2024-08-20,VIVT3,52.43
2024-08-20,WEGE3,53.11
2024-08-20,YDUQ3,10.3
2024-08-21,ABEV3,12.94
2024-08-21,ALOS3,23.34
2024-08-21,ALPA4,8.24
2024-08-21,AMER3,0.08
2024-08-21,ASAI3,9.87
2024-08-21,AURE3,11.53
2024-08-21,AZUL4,7.78
2024-08-21,AZZA3,51.77
2024-08-21,B3SA3,12.96
2024-08-21,BBAS3,29.13
2024-08-21,BBDC3,14.04
2024-08-21,BBDC4,15.63
2024-08-21,BBSE3,36.07
2024-08-21,BEEF3,7.9
2024-08-21,BHIA3,6.18
2024-08-21,BPAC11,36.75
2024-08-21,BPAN4,10.7
2024-08-21,BRAP4,19.08
2024-08-21,BRFS3,26.03
2024-08-21,BRKM5,17.62
2024-08-21,CASH3,6.41
2024-08-21,CCRO3,13.5
2024-08-21,CEAB3,9.89
2024-08-21,CIEL3,5.82
2024-08-21,CMIG4,11.98
2024-08-21,CMIN3,5.46
2024-08-21,COGN3,1.39
2024-08-21,CPFE3,33.6
2024-08-21,CPLE3,9.55
2024-08-21,CPLE6,10.65
2024-08-21,CRFB3,9.15
2024-08-21,CSAN3,13.93
2024-08-21,CSMG3,23.13
2024-08-21,CSNA3,12.33
2024-08-21,CURY3,23.9
2024-08-21,CVCB3,2.3
2024-08-21,CXSE3,14.84
2024-08-21,CYRE3,22.22
2024-08-21,DIRR3,29.12
2024-08-21,DXCO3,8.11
2024-08-21,ECOR3,7.66
2024-08-21,EGIE3,47.07
2024-08-21,ELET3,41.5
2024-08-21,ELET6,45.92
2024-08-21,EMBR3,45.03
2024-08-21,ENEV3,13.73
2024-08-21,ENGI11,48.72
2024-08-21,EQTL3,35.64
2024-08-21,EZTC3,14.53
2024-08-21,FLRY3,16.05
2024-08-21,GGBR4,18.43
2024-08-21,GOAU4,10.66
2024-08-21,GOLL4,1.09
2024-08-21,HAPV3,4.56
2024-08-21,HYPE3,31.86
2024-08-21,IGTI11,23.1
2024-08-21,IRBR3,47.05
2024-08-21,ITSA4,11.02
2024-08-21,ITUB4,37.08
2024-08-21,JBSS3,36.55
2024-08-21,JHSF3,4.49
2024-08-21,KLBN11,22.15
2024-08-21,LOGG3,24.2
2024-08-21,LREN3,16.9
2024-08-21,LWSA3,4.99
2024-08-21,MGLU3,13.85
2024-08-21,MRFG3,14.84
2024-08-21,MRVE3,7.57
2024-08-21,MULT3,26.7
2024-08-21,NTCO3,13.79
2024-08-21,PCAR3,3.3
2024-08-21,PETR3,40.73
2024-08-21,PETR4,38.06
2024-08-21,PETZ3,5.15
2024-08-21,POMO4,6.9
2024-08-21,PRIO3,46.85
2024-08-21,PSSA3,33.24
2024-08-21,QUAL3,1.88
2024-08-21,RADL3,28.3
2024-08-21,RAIL3,23.5
2024-08-21,RAIZ4,3.25
2024-08-21,RDOR3,33.48
2024-08-21,RECV3,21.61
2024-08-21,RENT3,43.7
2024-08-21,RRRP3,27.6
2024-08-21,SANB11,31.07
2024-08-21,SBSP3,99.45
2024-08-21,SLCE3,18.0
2024-08-21,SMFT3,23.23
2024-08-21,SMTO3,29.56
2024-08-21,STBP3,13.85
2024-08-21,SUZB3,56.46
2024-08-21,TAEE11,35.72
2024-08-21,TEND3,13.92
2024-08-21,TIMS3,18.25
2024-08-21,TOTS3,31.05
2024-08-21,TRPL4,25.0
2024-08-21,UGPA3,23.7
2024-08-21,USIM5,6.64
2024-08-21,VALE3,58.3
2024-08-21,VAMO3,8.33
2024-08-21,VBBR3,26.08
2024-08-21,VIVA3,26.71
2024-08-21,VIVT3,52.58
2024-08-21,WEGE3,53.43
2024-08-21,YDUQ3,10.15
2024-08-22,ABEV3,13.0
2024-08-22,ALOS3,23.08
2024-08-22,ALPA4,8.08
2024-08-22,AMER3,0.07
2024-08-22,ASAI3,9.75
2024-08-22,AURE3,11.54
2024-08-22,AZUL4,7.45
2024-08-22,AZZA3,50.25
2024-08-22,B3SA3,12.54
2024-08-22,BBAS3,28.01
2024-08-22,BBDC3,14.03
2024-08-22,BBDC4,15.52
2024-08-22,BBSE3,35.95
2024-08-22,BEEF3,7.75
2024-08-22,BHIA3,6.22
2024-08-22,BPAC11,36.11
2024-08-22,BPAN4,10.46
2024-08-22,BRAP4,19.08
2024-08-22,BRFS3,25.71
2024-08-22,BRKM5,17.14
2024-08-22,CASH3,6.32
2024-08-22,CCRO3,13.0
2024-08-22,CEAB3,9.44
2024-08-22,CIEL3,5.83
2024-08-22,CMIG4,12.0
2024-08-22,CMIN3,5.4
2024-08-22,COGN3,1.33
2024-08-22,CPFE3,33.66
2024-08-22,CPLE3,9.53
2024-08-22,CPLE6,10.61
2024-08-22,CRFB3,9.11
2024-08-22,CSAN3,13.69
2024-08-22,CSMG3,23.27
2024-08-22,CSNA3,12.13
2024-08-22,CURY3,23.2
2024-08-22,CVCB3,2.15
2024-08-22,CXSE3,14.74
2024-08-22,CYRE3,21.6
2024-08-22,DIRR3,28.08
2024-08-22,DXCO3,8.03
2024-08-22,ECOR3,7.37
2024-08-22,EGIE3,46.01
2024-08-22,ELET3,40.9
2024-08-22,ELET6,45.66
2024-08-22,EMBR3,46.0
2024-08-22,ENEV3,13.49
2024-08-22,ENGI11,47.5
2024-08-22,EQTL3,34.9
2024-08-22,EZTC3,13.85
2024-08-22,FLRY3,15.95
2024-08-22,GGBR4,18.28
2024-08-22,GOAU4,10.51
2024-08-22,GOLL4,1.09
2024-08-22,HAPV3,4.37
2024-08-22,HYPE3,30.85
2024-08-22,IGTI11,22.8
2024-08-22,IRBR3,46.83
2024-08-22,ITSA4,10.96
2024-08-22,ITUB4,36.74
2024-08-22,JBSS3,36.21
2024-08-22,JHSF3,4.35
2024-08-22,KLBN11,22.09
2024-08-22,LOGG3,24.05
2024-08-22,LREN3,16.54
2024-08-22,LWSA3,4.82
2024-08-22,MGLU3,13.18
2024-08-22,MRFG3,14.65
2024-08-22,MRVE3,7.17
2024-08-22,MULT3,26.18
2024-08-22,NTCO3,13.38
2024-08-22,PCAR3,3.19
2024-08-22,PETR3,39.78
2024-08-22,PETR4,37.12
2024-08-22,PETZ3,5.07
2024-08-22,POMO4,6.7
2024-08-22,PRIO3,46.86
2024-08-22,PSSA3,33.37
2024-08-22,QUAL3,1.82
2024-08-22,RADL3,27.9
2024-08-22,RAIL3,23.38
2024-08-22,RAIZ4,3.24
2024-08-22,RDOR3,32.31
2024-08-22,RECV3,21.06
2024-08-22,RENT3,41.94
2024-08-22,RRRP3,27.04
2024-08-22,SANB11,30.97
2024-08-22,SBSP3,97.46
2024-08-22,SLCE3,17.79
2024-08-22,SMFT3,22.69
2024-08-22,SMTO3,29.09
2024-08-22,STBP3,12.62
2024-08-22,SUZB3,56.41
2024-08-22,TAEE11,35.87
2024-08-22,TEND3,13.24
2024-08-22,TIMS3,17.89
2024-08-22,TOTS3,30.57
2024-08-22,TRPL4,25.02
2024-08-22,UGPA3,23.59
2024-08-22,USIM5,6.41
2024-08-22,VALE3,58.38
2024-08-22,VAMO3,7.97
2024-08-22,VBBR3,25.18
2024-08-22,VIVA3,26.7
2024-08-22,VIVT3,51.96
2024-08-22,WEGE3,54.2
2024-08-22,YDUQ3,9.68
2024-08-23,ABEV3,13.08
2024-08-23,ALOS3,23.86
2024-08-23,ALPA4,8.27
2024-08-23,AMER3,0.06
2024-08-23,ASAI3,9.73
2024-08-23,AURE3,11.59
2024-08-23,AZUL4,7.6
2024-08-23,AZZA3,52.47
2024-08-23,B3SA3,12.74
2024-08-23,BBAS3,28.22
2024-08-23,BBDC3,14.2
2024-08-23,BBDC4,15.66
2024-08-23,BBSE3,36.99
2024-08-23,BEEF3,7.95
2024-08-23,BHIA3,6.41
2024-08-23,BPAC11,36.35
2024-08-23,BPAN4,10.45
2024-08-23,BRAP4,18.89
2024-08-23,BRFS3,25.19
2024-08-23,BRKM5,17.49
2024-08-23,CASH3,6.35
2024-08-23,CCRO3,13.6
2024-08-23,CEAB3,10.34
2024-08-23,CIEL3,5.83
2024-08-23,CMIG4,12.01
2024-08-23,CMIN3,5.55
2024-08-23,COGN3,1.43
2024-08-23,CPFE3,33.77
2024-08-23,CPLE3,9.66
2024-08-23,CPLE6,10.73
2024-08-23,CRFB3,9.3
2024-08-23,CSAN3,13.97
2024-08-23,CSMG3,23.53
2024-08-23,CSNA3,12.25
2024-08-23,CURY3,24.0
2024-08-23,CVCB3,2.25
2024-08-23,CXSE3,15.13
2024-08-23,CYRE3,22.57
2024-08-23,DIRR3,29.0
2024-08-23,DXCO3,8.41
2024-08-23,ECOR3,7.7
2024-08-23,EGIE3,45.8
2024-08-23,ELET3,41.88
2024-08-23,ELET6,46.48
2024-08-23,EMBR3,46.03
2024-08-23,ENEV3,13.72
2024-08-23,ENGI11,48.65
2024-08-23,EQTL3,35.31
2024-08-23,EZTC3,14.81
2024-08-23,FLRY3,16.0
2024-08-23,GGBR4,18.28
2024-08-23,GOAU4,10.55
2024-08-23,GOLL4,1.11
2024-08-23,HAPV3,4.49
2024-08-23,HYPE3,31.03
2024-08-23,IGTI11,23.35
2024-08-23,IRBR3,47.93
2024-08-23,ITSA4,10.96
2024-08-23,ITUB4,36.46
2024-08-23,JBSS3,34.83
2024-08-23,JHSF3,4.46
2024-08-23,KLBN11,22.14
2024-08-23,LOGG3,24.57
2024-08-23,LREN3,17.75
2024-08-23,LWSA3,4.8
2024-08-23,MGLU3,13.62
2024-08-23,MRFG3,14.56
2024-08-23,MRVE3,7.55
2024-08-23,MULT3,26.69
2024-08-23,NTCO3,13.75
2024-08-23,PCAR3,3.21
2024-08-23,PETR3,39.39
2024-08-23,PETR4,36.89
2024-08-23,PETZ3,5.25
2024-08-23,POMO4,6.95
2024-08-23,PRIO3,47.05
2024-08-23,PSSA3,34.14
2024-08-23,QUAL3,1.98
2024-08-23,RADL3,27.86
2024-08-23,RAIL3,23.61
2024-08-23,RAIZ4,3.27
2024-08-23,RDOR3,33.57
2024-08-23,RECV3,21.51
2024-08-23,RENT3,42.3
2024-08-23,RRRP3,27.72
2024-08-23,SANB11,31.29
2024-08-23,SBSP3,96.8
2024-08-23,SLCE3,17.9
2024-08-23,SMFT3,23.3
2024-08-23,SMTO3,29.35
2024-08-23,STBP3,13.12
2024-08-23,SUZB3,56.08
2024-08-23,TAEE11,35.75
2024-08-23,TEND3,14.02
2024-08-23,TIMS3,18.14
2024-08-23,TOTS3,31.46
2024-08-23,TRPL4,25.17
2024-08-23,UGPA3,23.65
2024-08-23,USIM5,6.58
2024-08-23,VALE3,57.4
2024-08-23,VAMO3,8.23
2024-08-23,VBBR3,25.45
2024-08-23,VIVA3,27.02
2024-08-23,VIVT3,53.17
2024-08-23,WEGE3,53.81
2024-08-23,YDUQ3,10.31
2024-08-26,ABEV3,13.08
2024-08-26,ALOS3,23.93
2024-08-26,ALPA4,8.18
2024-08-26,AMER3,0.05
2024-08-26,ASAI3,9.66
2024-08-26,AURE3,11.55
2024-08-26,AZUL4,7.59
2024-08-26,AZZA3,52.59
2024-08-26,B3SA3,12.8
2024-08-26,BBAS3,28.33
2024-08-26,BBDC3,14.13
2024-08-26,BBDC4,15.61
2024-08-26,BBSE3,36.64
2024-08-26,BEEF3,7.78
2024-08-26,BHIA3,6.35
2024-08-26,BPAC11,36.29
2024-08-26,BPAN4,10.29
2024-08-26,BRAP4,19.04
2024-08-26,BRFS3,25.3
2024-08-26,BRKM5,17.74
2024-08-26,CASH3,6.44
2024-08-26,CCRO3,13.63
2024-08-26,CEAB3,10.1
2024-08-26,CIEL3,5.83
2024-08-26,CMIG4,11.5
2024-08-26,CMIN3,5.57
2024-08-26,COGN3,1.45
2024-08-26,CPFE3,33.83
2024-08-26,CPLE3,9.54
2024-08-26,CPLE6,10.58
2024-08-26,CRFB3,9.29
2024-08-26,CSAN3,14.04
2024-08-26,CSMG3,23.42
2024-08-26,CSNA3,12.22
2024-08-26,CURY3,23.63
2024-08-26,CVCB3,2.07
2024-08-26,CXSE3,15.36
2024-08-26,CYRE3,22.53
2024-08-26,DIRR3,28.65
2024-08-26,DXCO3,8.37
2024-08-26,ECOR3,7.73
2024-08-26,EGIE3,45.11
2024-08-26,ELET3,41.88
2024-08-26,ELET6,46.36
2024-08-26,EMBR3,46.27
2024-08-26,ENEV3,13.7
2024-08-26,ENGI11,48.14
2024-08-26,EQTL3,34.73
2024-08-26,EZTC3,14.83
2024-08-26,FLRY3,16.02
2024-08-26,GGBR4,18.42
2024-08-26,GOAU4,10.62
2024-08-26,GOLL4,1.09
2024-08-26,HAPV3,4.48
2024-08-26,HYPE3,30.75
2024-08-26,IGTI11,23.35
2024-08-26,IRBR3,48.6
2024-08-26,ITSA4,10.95
2024-08-26,ITUB4,36.54
2024-08-26,JBSS3,35.0
2024-08-26,JHSF3,4.43
2024-08-26,KLBN11,22.05
2024-08-26,LOGG3,24.34
2024-08-26,LREN3,17.7
2024-08-26,LWSA3,4.78
2024-08-26,MGLU3,13.35
2024-08-26,MRFG3,14.47
2024-08-26,MRVE3,7.5
2024-08-26,MULT3,26.74
2024-08-26,NTCO3,14.07
2024-08-26,PCAR3,3.23
2024-08-26,PETR3,42.92
2024-08-26,PETR4,39.57
2024-08-26,PETZ3,5.26
2024-08-26,POMO4,6.97
2024-08-26,PRIO3,47.25
2024-08-26,PSSA3,34.0
2024-08-26,QUAL3,2.02
2024-08-26,RADL3,27.73
2024-08-26,RAIL3,22.92
2024-08-26,RAIZ4,3.3
2024-08-26,RDOR3,33.53
2024-08-26,RECV3,21.63
2024-08-26,RENT3,42.28
2024-08-26,RRRP3,28.27
2024-08-26,SANB11,31.28
2024-08-26,SBSP3,96.4
2024-08-26,SLCE3,17.98
2024-08-26,SMFT3,23.12
2024-08-26,SMTO3,30.4
2024-08-26,STBP3,13.23
2024-08-26,SUZB3,55.18
2024-08-26,TAEE11,35.41
2024-08-26,TEND3,13.85
2024-08-26,TIMS3,17.97
2024-08-26,TOTS3,31.6
2024-08-26,TRPL4,24.81
2024-08-26,UGPA3,23.74
2024-08-26,USIM5,6.6
2024-08-26,VALE3,58.05
2024-08-26,VAMO3,8.3
2024-08-26,VBBR3,25.57
2024-08-26,VIVA3,26.88
2024-08-26,VIVT3,52.39
2024-08-26,WEGE3,54.08
2024-08-26,YDUQ3,10.25
2024-08-27,ABEV3,13.03
2024-08-27,ALOS3,23.7
2024-08-27,ALPA4,8.26
2024-08-27,AMER3,7.0
2024-08-27,ASAI3,9.71
2024-08-27,AURE3,11.44
2024-08-27,AZUL4,7.45
2024-08-27,AZZA3,53.8
2024-08-27,B3SA3,12.65
2024-08-27,BBAS3,28.01
2024-08-27,BBDC3,13.99
2024-08-27,BBDC4,15.42
2024-08-27,BBSE3,36.64
2024-08-27,BEEF3,7.79
2024-08-27,BHIA3,6.54
2024-08-27,BPAC11,36.03
2024-08-27,BPAN4,10.08
2024-08-27,BRAP4,19.55
2024-08-27,BRFS3,25.91
2024-08-27,BRKM5,17.79
2024-08-27,CASH3,6.67
2024-08-27,CCRO3,13.69
2024-08-27,CEAB3,10.6
2024-08-27,CMIG4,11.29
2024-08-27,CMIN3,5.69
2024-08-27,COGN3,1.43
2024-08-27,CPFE3,32.91
2024-08-27,CPLE3,9.44
2024-08-27,CPLE6,10.48
2024-08-27,CRFB3,9.4
2024-08-27,CSAN3,13.96
2024-08-27,CSMG3,23.19
2024-08-27,CSNA3,12.29
2024-08-27,CURY3,23.95
2024-08-27,CVCB3,2.09
2024-08-27,CXSE3,15.45
2024-08-27,CYRE3,22.63
2024-08-27,DIRR3,29.0
2024-08-27,DXCO3,8.2
2024-08-27,ECOR3,8.14
2024-08-27,EGIE3,44.72
2024-08-27,ELET3,41.4
2024-08-27,ELET6,45.91
2024-08-27,EMBR3,45.69
2024-08-27,ENEV3,13.77
2024-08-27,ENGI11,47.7
2024-08-27,EQTL3,34.88
2024-08-27,EZTC3,14.9
2024-08-27,FLRY3,16.05
2024-08-27,GGBR4,18.27
2024-08-27,GOAU4,10.47
2024-08-27,GOLL4,1.09
2024-08-27,HAPV3,4.46
2024-08-27,HYPE3,29.95
2024-08-27,IGTI11,23.13
2024-08-27,IRBR3,48.93
2024-08-27,ITSA4,10.95
2024-08-27,ITUB4,36.58
2024-08-27,JBSS3,34.98
2024-08-27,JHSF3,4.41
2024-08-27,KLBN11,21.99
2024-08-27,LOGG3,24.16
2024-08-27,LREN3,18.35
2024-08-27,LWSA3,4.75
2024-08-27,MGLU3,13.47
2024-08-27,MRFG3,14.61
2024-08-27,MRVE3,7.75
2024-08-27,MULT3,26.41
2024-08-27,NTCO3,13.92
2024-08-27,PCAR3,3.28
2024-08-27,PETR3,42.33
2024-08-27,PETR4,39.04
2024-08-27,PETZ3,5.28
2024-08-27,POMO4,6.87
2024-08-27,PRIO3,47.74
2024-08-27,PSSA3,33.89
2024-08-27,QUAL3,2.11
2024-08-27,RADL3,27.68
2024-08-27,RAIL3,22.85
2024-08-27,RAIZ4,3.28
2024-08-27,RDOR3,32.97
2024-08-27,RECV3,21.04
2024-08-27,RENT3,42.9
2024-08-27,RRRP3,27.7
2024-08-27,SANB11,31.18
2024-08-27,SBSP3,96.2
2024-08-27,SLCE3,18.07
2024-08-27,SMFT3,23.31
2024-08-27,SMTO3,29.34
2024-08-27,STBP3,13.03
2024-08-27,SUZB3,55.62
2024-08-27,TAEE11,34.74
2024-08-27,TEND3,13.96
2024-08-27,TIMS3,17.85
2024-08-27,TOTS3,31.37
2024-08-27,TRPL4,24.67
2024-08-27,UGPA3,23.56
2024-08-27,USIM5,6.46
2024-08-27,VALE3,59.8
2024-08-27,VAMO3,8.12
2024-08-27,VBBR3,25.58
2024-08-27,VIVA3,26.9
2024-08-27,VIVT3,51.94
2024-08-27,WEGE3,54.0
2024-08-27,YDUQ3,10.19
2024-08-28,ABEV3,12.95
2024-08-28,ALOS3,23.7
2024-08-28,ALPA4,8.19
2024-08-28,AMER3,7.1
2024-08-28,ASAI3,9.62
2024-08-28,AURE3,11.46
2024-08-28,AZUL4,7.25
2024-08-28,AZZA3,52.96
2024-08-28,B3SA3,12.7
2024-08-28,BBAS3,28.18
2024-08-28,BBDC3,14.17
2024-08-28,BBDC4,15.67
2024-08-28,BBSE3,36.41
2024-08-28,BEEF3,7.64
2024-08-28,BHIA3,6.74
2024-08-28,BPAC11,36.36
2024-08-28,BPAN4,10.0
2024-08-28,BRAP4,19.3
2024-08-28,BRFS3,26.03
2024-08-28,BRKM5,17.94
2024-08-28,CASH3,6.72
2024-08-28,CCRO3,13.6
2024-08-28,CEAB3,10.37
2024-08-28,CMIG4,11.55
2024-08-28,CMIN3,5.56
2024-08-28,COGN3,1.4
2024-08-28,CPFE3,33.04
2024-08-28,CPLE3,9.49
2024-08-28,CPLE6,10.54
2024-08-28,CRFB3,9.35
2024-08-28,CSAN3,13.66
2024-08-28,CSMG3,23.43
2024-08-28,CSNA3,11.91
2024-08-28,CURY3,23.89
2024-08-28,CVCB3,2.05
2024-08-28,CXSE3,15.69
2024-08-28,CYRE3,22.69
2024-08-28,DIRR3,29.85
2024-08-28,DXCO3,8.2
2024-08-28,ECOR3,7.8
2024-08-28,EGIE3,44.41
2024-08-28,ELET3,42.04
2024-08-28,ELET6,46.55
2024-08-28,EMBR3,46.57
2024-08-28,ENEV3,13.62
2024-08-28,ENGI11,47.89
2024-08-28,EQTL3,34.72
2024-08-28,EZTC3,14.84
2024-08-28,FLRY3,16.11
2024-08-28,GGBR4,18.06
2024-08-28,GOAU4,10.33
2024-08-28,GOLL4,1.09
2024-08-28,HAPV3,4.46
2024-08-28,HYPE3,30.22
2024-08-28,IGTI11,22.85
2024-08-28,IRBR3,49.0
2024-08-28,ITSA4,11.15
2024-08-28,ITUB4,37.37
2024-08-28,JBSS3,35.04
2024-08-28,JHSF3,4.44
2024-08-28,KLBN11,21.96
2024-08-28,LOGG3,24.05
2024-08-28,LREN3,17.66
2024-08-28,LWSA3,4.8
2024-08-28,MGLU3,13.18
2024-08-28,MRFG3,14.99
2024-08-28,MRVE3,7.75
2024-08-28,MULT3,26.14
2024-08-28,NTCO3,13.88
2024-08-28,PCAR3,3.29
2024-08-28,PETR3,43.29
2024-08-28,PETR4,39.6
2024-08-28,PETZ3,5.3
2024-08-28,POMO4,7.03
2024-08-28,PRIO3,47.36
2024-08-28,PSSA3,33.87
2024-08-28,QUAL3,2.08
2024-08-28,RADL3,28.0
2024-08-28,RAIL3,22.55
2024-08-28,RAIZ4,3.27
2024-08-28,RDOR3,32.85
2024-08-28,RECV3,20.78
2024-08-28,RENT3,42.5
2024-08-28,RRRP3,27.49
2024-08-28,SANB11,31.52
2024-08-28,SBSP3,96.35
2024-08-28,SLCE3,17.88
2024-08-28,SMFT3,23.05
2024-08-28,SMTO3,28.15
2024-08-28,STBP3,12.93
2024-08-28,SUZB3,56.08
2024-08-28,TAEE11,35.22
2024-08-28,TEND3,13.8
2024-08-28,TIMS3,18.11
2024-08-28,TOTS3,30.76
2024-08-28,TRPL4,24.78
2024-08-28,UGPA3,23.5
2024-08-28,USIM5,6.24
2024-08-28,VALE3,59.37
2024-08-28,VAMO3,7.94
2024-08-28,VBBR3,25.81
2024-08-28,VIVA3,26.75
2024-08-28,VIVT3,52.0
2024-08-28,WEGE3,54.0
2024-08-28,YDUQ3,10.08
2024-08-29,ABEV3,12.86
2024-08-29,ALOS3,23.08
2024-08-29,ALPA4,7.95
2024-08-29,AMER3,6.0
2024-08-29,ASAI3,9.36
2024-08-29,AURE3,11.36
2024-08-29,AZUL4,5.5
2024-08-29,AZZA3,50.72
2024-08-29,B3SA3,12.54
2024-08-29,BBAS3,28.3
2024-08-29,BBDC3,14.1
2024-08-29,BBDC4,15.63
2024-08-29,BBSE3,36.55
2024-08-29,BEEF3,7.52
2024-08-29,BHIA3,6.87
2024-08-29,BPAC11,35.56
2024-08-29,BPAN4,9.86
2024-08-29,BRAP4,19.28
2024-08-29,BRFS3,25.8
2024-08-29,BRKM5,17.74
2024-08-29,CASH3,6.74
2024-08-29,CCRO3,13.22
2024-08-29,CEAB3,10.17
2024-08-29,CMIG4,11.6
2024-08-29,CMIN3,5.65
2024-08-29,COGN3,1.4
2024-08-29,CPFE3,32.86
2024-08-29,CPLE3,9.45
2024-08-29,CPLE6,10.45
2024-08-29,CRFB3,8.98
2024-08-29,CSAN3,13.44
2024-08-29,CSMG3,23.55
2024-08-29,CSNA3,11.93
2024-08-29,CURY3,23.4
2024-08-29,CVCB3,1.98
2024-08-29,CXSE3,15.74
2024-08-29,CYRE3,22.21
2024-08-29,DIRR3,29.27
2024-08-29,DXCO3,7.97
2024-08-29,ECOR3,7.63
2024-08-29,EGIE3,44.14
2024-08-29,ELET3,41.3
2024-08-29,ELET6,45.97
2024-08-29,EMBR3,46.34
2024-08-29,ENEV3,13.33
2024-08-29,ENGI11,47.33
2024-08-29,EQTL3,34.27
2024-08-29,EZTC3,14.12
2024-08-29,FLRY3,15.94
2024-08-29,GGBR4,18.47
2024-08-29,GOAU4,10.52
2024-08-29,GOLL4,1.11
2024-08-29,HAPV3,4.29
2024-08-29,HYPE3,29.13
2024-08-29,IGTI11,22.31
2024-08-29,IRBR3,48.67
2024-08-29,ITSA4,11.01
2024-08-29,ITUB4,36.96
2024-08-29,JBSS3,34.94
2024-08-29,JHSF3,4.38
2024-08-29,KLBN11,21.65
2024-08-29,LOGG3,23.55
2024-08-29,LREN3,17.05
2024-08-29,LWSA3,4.63
2024-08-29,MGLU3,12.89
2024-08-29,MRFG3,14.66
2024-08-29,MRVE3,7.41
2024-08-29,MULT3,25.58
2024-08-29,NTCO3,14.02
2024-08-29,PCAR3,3.14
2024-08-29,PETR3,42.78
2024-08-29,PETR4,39.33
2024-08-29,PETZ3,5.16
2024-08-29,POMO4,6.93
2024-08-29,PRIO3,46.73
2024-08-29,PSSA3,33.77
2024-08-29,QUAL3,1.98
2024-08-29,RADL3,27.82
2024-08-29,RAIL3,22.04
2024-08-29,RAIZ4,3.21
2024-08-29,RDOR3,32.49
2024-08-29,RECV3,20.54
2024-08-29,RENT3,41.75
2024-08-29,RRRP3,27.0
2024-08-29,SANB11,31.45
2024-08-29,SBSP3,95.39
2024-08-29,SLCE3,17.73
2024-08-29,SMFT3,22.43
2024-08-29,SMTO3,27.89
2024-08-29,STBP3,12.84
2024-08-29,SUZB3,55.5
2024-08-29,TAEE11,35.13
2024-08-29,TEND3,13.27
2024-08-29,TIMS3,17.94
2024-08-29,TOTS3,30.5
2024-08-29,TRPL4,24.62
2024-08-29,UGPA3,23.15
2024-08-29,USIM5,6.23
2024-08-29,VALE3,59.3
2024-08-29,VAMO3,7.66
2024-08-29,VBBR3,25.59
2024-08-29,VIVA3,26.09
2024-08-29,VIVT3,51.82
2024-08-29,WEGE3,53.54
2024-08-29,YDUQ3,10.0
2024-08-30,ABEV3,12.86
2024-08-30,ALOS3,22.81
2024-08-30,ALPA4,7.7
2024-08-30,AMER3,5.77
2024-08-30,ASAI3,9.57
2024-08-30,AURE3,11.39
2024-08-30,AZUL4,5.39
2024-08-30,AZZA3,49.0
2024-08-30,B3SA3,12.68
2024-08-30,BBAS3,28.12
2024-08-30,BBDC3,14.14
2024-08-30,BBDC4,15.64
2024-08-30,BBSE3,36.73
2024-08-30,BEEF3,7.49
2024-08-30,BHIA3,7.44
2024-08-30,BPAC11,35.56
2024-08-30,BPAN4,9.9
2024-08-30,BRAP4,19.47
2024-08-30,BRFS3,26.23
2024-08-30,BRKM5,18.04
2024-08-30,CASH3,6.9
2024-08-30,CCRO3,13.25
2024-08-30,CEAB3,10.17
2024-08-30,CMIG4,11.63
2024-08-30,CMIN3,5.68
2024-08-30,COGN3,1.37
2024-08-30,CPFE3,34.09
2024-08-30,CPLE3,9.38
2024-08-30,CPLE6,10.43
2024-08-30,CRFB3,8.97
2024-08-30,CSAN3,13.36
2024-08-30,CSMG3,23.72
2024-08-30,CSNA3,11.86
2024-08-30,CURY3,23.82
2024-08-30,CVCB3,1.97
2024-08-30,CXSE3,16.35
2024-08-30,CYRE3,21.82
2024-08-30,DIRR3,28.93
2024-08-30,DXCO3,8.21
2024-08-30,ECOR3,7.83
2024-08-30,EGIE3,45.16
2024-08-30,ELET3,41.75
2024-08-30,ELET6,46.14
2024-08-30,EMBR3,46.83
2024-08-30,ENEV3,13.13
2024-08-30,ENGI11,47.31
2024-08-30,EQTL3,34.2
2024-08-30,EZTC3,14.09
2024-08-30,FLRY3,15.95
2024-08-30,GGBR4,18.3
2024-08-30,GOAU4,10.49
2024-08-30,GOLL4,1.08
2024-08-30,HAPV3,4.24
2024-08-30,HYPE3,28.54
2024-08-30,IGTI11,22.09
2024-08-30,IRBR3,48.38
2024-08-30,ITSA4,10.96
2024-08-30,ITUB4,36.7
2024-08-30,JBSS3,35.0
2024-08-30,JHSF3,4.37
2024-08-30,KLBN11,21.59
2024-08-30,LOGG3,23.4
2024-08-30,LREN3,17.01
2024-08-30,LWSA3,4.55
2024-08-30,MGLU3,12.16
2024-08-30,MRFG3,14.56
2024-08-30,MRVE3,7.47
2024-08-30,MULT3,25.64
2024-08-30,NTCO3,13.55
2024-08-30,PCAR3,3.13
2024-08-30,PETR3,42.94
2024-08-30,PETR4,39.37
2024-08-30,PETZ3,4.86
2024-08-30,POMO4,7.35
2024-08-30,PRIO3,46.84
2024-08-30,PSSA3,34.06
2024-08-30,QUAL3,2.27
2024-08-30,RADL3,27.56
2024-08-30,RAIL3,21.85
2024-08-30,RAIZ4,3.21
2024-08-30,RDOR3,31.93
2024-08-30,RECV3,20.4
2024-08-30,RENT3,41.37
2024-08-30,RRRP3,26.37
2024-08-30,SANB11,31.4
2024-08-30,SBSP3,94.73
2024-08-30,SLCE3,17.66
2024-08-30,SMFT3,22.05
2024-08-30,SMTO3,27.72
2024-08-30,STBP3,13.0
2024-08-30,SUZB3,55.0
2024-08-30,TAEE11,35.45
2024-08-30,TEND3,13.4
2024-08-30,TIMS3,17.86
2024-08-30,TOTS3,29.97
2024-08-30,TRPL4,24.71
2024-08-30,UGPA3,23.36
2024-08-30,USIM5,6.23
2024-08-30,VALE3,59.58
2024-08-30,VAMO3,7.6
2024-08-30,VBBR3,25.72
2024-08-30,VIVA3,26.42
2024-08-30,VIVT3,51.83
2024-08-30,WEGE3,54.15
2024-08-30,YDUQ3,9.85
2024-09-02,ABEV3,12.87
2024-09-02,ALOS3,22.63
2024-09-02,ALPA4,7.63
2024-09-02,AMER3,6.98
2024-09-02,ASAI3,9.8
2024-09-02,AURE3,11.4
2024-09-02,AZUL4,4.41
2024-09-02,AZZA3,48.0
2024-09-02,B3SA3,12.43
2024-09-02,BBAS3,28.42
2024-09-02,BBDC3,14.02
2024-09-02,BBDC4,15.6
2024-09-02,BBSE3,36.71
2024-09-02,BEEF3,7.24
2024-09-02,BHIA3,7.0
2024-09-02,BPAC11,35.3
2024-09-02,BPAN4,10.25
2024-09-02,BRAP4,19.16
2024-09-02,BRFS3,24.65
2024-09-02,BRKM5,18.09
2024-09-02,CASH3,6.58
2024-09-02,CCRO3,13.38
2024-09-02,CEAB3,9.75
2024-09-02,CMIG4,11.69
2024-09-02,CMIN3,5.71
2024-09-02,COGN3,1.36
2024-09-02,CPFE3,33.22
2024-09-02,CPLE3,9.49
2024-09-02,CPLE6,10.55
2024-09-02,CRFB3,8.91
2024-09-02,CSAN3,13.11
2024-09-02,CSMG3,23.71
2024-09-02,CSNA3,11.75
2024-09-02,CURY3,24.02
2024-09-02,CVCB3,1.92
2024-09-02,CXSE3,16.23
2024-09-02,CYRE3,21.6
2024-09-02,DIRR3,29.61
2024-09-02,DXCO3,8.05
2024-09-02,ECOR3,7.73
2024-09-02,EGIE3,44.4
2024-09-02,ELET3,41.9
2024-09-02,ELET6,46.47
2024-09-02,EMBR3,45.61
2024-09-02,ENEV3,13.35
2024-09-02,ENGI11,47.3
2024-09-02,EQTL3,34.11
2024-09-02,EZTC3,13.71
2024-09-02,FLRY3,15.77
2024-09-02,GGBR4,18.32
2024-09-02,GOAU4,10.43
2024-09-02,GOLL4,1.06
2024-09-02,HAPV3,4.28
2024-09-02,HYPE3,28.15
2024-09-02,IGTI11,21.85
2024-09-02,IRBR3,49.32
2024-09-02,ITSA4,10.87
2024-09-02,ITUB4,36.39
2024-09-02,JBSS3,34.28
2024-09-02,JHSF3,4.45
2024-09-02,KLBN11,21.42
2024-09-02,LOGG3,22.92
2024-09-02,LREN3,16.94
2024-09-02,LWSA3,4.6
2024-09-02,MGLU3,11.97
2024-09-02,MRFG3,13.94
2024-09-02,MRVE3,7.3
2024-09-02,MULT3,25.35
2024-09-02,NTCO3,13.11
2024-09-02,PCAR3,3.09
2024-09-02,PETR3,42.76
2024-09-02,PETR4,39.0
2024-09-02,PETZ3,4.92
2024-09-02,POMO4,7.67
2024-09-02,PRIO3,46.71
2024-09-02,PSSA3,34.79
2024-09-02,QUAL3,2.24
2024-09-02,RADL3,27.18
2024-09-02,RAIL3,21.48
2024-09-02,RAIZ4,3.18
2024-09-02,RDOR3,31.67
2024-09-02,RECV3,20.45
2024-09-02,RENT3,41.25
2024-09-02,RRRP3,26.89
2024-09-02,SANB11,31.4
2024-09-02,SBSP3,94.36
2024-09-02,SLCE3,17.42
2024-09-02,SMFT3,21.87
2024-09-02,SMTO3,27.33
2024-09-02,STBP3,13.06
2024-09-02,SUZB3,55.09
2024-09-02,TAEE11,35.43
2024-09-02,TEND3,13.28
2024-09-02,TIMS3,17.8
2024-09-02,TOTS3,29.26
2024-09-02,TRPL4,24.74
2024-09-02,UGPA3,22.62
2024-09-02,USIM5,6.16
2024-09-02,VALE3,58.74
2024-09-02,VAMO3,7.52
2024-09-02,VBBR3,25.4
2024-09-02,VIVA3,26.58
2024-09-02,VIVT3,52.22
2024-09-02,WEGE3,52.35
2024-09-02,YDUQ3,9.67
2024-09-03,ABEV3,12.8
2024-09-03,ALOS3,22.8
2024-09-03,ALPA4,7.6
2024-09-03,AMER3,6.44
2024-09-03,ASAI3,10.0
2024-09-03,AURE3,11.4
2024-09-03,AZUL4,4.86
2024-09-03,AZZA3,47.41
2024-09-03,B3SA3,12.15
2024-09-03,BBAS3,28.68
2024-09-03,BBDC3,14.21
2024-09-03,BBDC4,15.75
2024-09-03,BBSE3,36.88
2024-09-03,BEEF3,7.14
2024-09-03,BHIA3,6.22
2024-09-03,BPAC11,35.4
2024-09-03,BPAN4,10.2
2024-09-03,BRAP4,18.42
2024-09-03,BRFS3,24.47
2024-09-03,BRKM5,18.52
2024-09-03,CASH3,4.26
2024-09-03,CCRO3,13.39
2024-09-03,CEAB3,9.96
2024-09-03,CMIG4,11.62
2024-09-03,CMIN3,5.59
2024-09-03,COGN3,1.35
2024-09-03,CPFE3,33.54
2024-09-03,CPLE3,9.57
2024-09-03,CPLE6,10.63
2024-09-03,CRFB3,9.23
2024-09-03,CSAN3,13.12
2024-09-03,CSMG3,24.04
2024-09-03,CSNA3,11.33
2024-09-03,CURY3,24.07
2024-09-03,CVCB3,1.91
2024-09-03,CXSE3,16.38
2024-09-03,CYRE3,21.2
2024-09-03,DIRR3,30.14
2024-09-03,DXCO3,7.91
2024-09-03,ECOR3,7.71
2024-09-03,EGIE3,44.66
2024-09-03,ELET3,41.7
2024-09-03,ELET6,46.33
2024-09-03,EMBR3,46.42
2024-09-03,ENEV3,13.5
2024-09-03,ENGI11,47.71
2024-09-03,EQTL3,34.22
2024-09-03,EZTC3,13.73
2024-09-03,FLRY3,16.13
2024-09-03,GGBR4,17.7
2024-09-03,GOAU4,10.17
2024-09-03,GOLL4,1.04
2024-09-03,HAPV3,4.37
2024-09-03,HYPE3,28.05
2024-09-03,IGTI11,22.14
2024-09-03,IRBR3,51.96
2024-09-03,ITSA4,11.04
2024-09-03,ITUB4,36.98
2024-09-03,JBSS3,33.85
2024-09-03,JHSF3,4.44
2024-09-03,KLBN11,21.53
2024-09-03,LOGG3,22.75
2024-09-03,LREN3,17.23
2024-09-03,LWSA3,4.47
2024-09-03,MGLU3,11.68
2024-09-03,MRFG3,13.67
2024-09-03,MRVE3,7.23
2024-09-03,MULT3,25.59
2024-09-03,NTCO3,13.32
2024-09-03,PCAR3,2.96
2024-09-03,PETR3,42.31
2024-09-03,PETR4,38.53
2024-09-03,PETZ3,4.85
2024-09-03,POMO4,7.84
2024-09-03,PRIO3,44.3
2024-09-03,PSSA3,34.74
2024-09-03,QUAL3,2.2
2024-09-03,RADL3,27.08
2024-09-03,RAIL3,21.43
2024-09-03,RAIZ4,3.12
2024-09-03,RDOR3,32.39
2024-09-03,RECV3,20.02
2024-09-03,RENT3,40.7
2024-09-03,RRRP3,25.47
2024-09-03,SANB11,31.46
2024-09-03,SBSP3,94.7
2024-09-03,SLCE3,17.47
2024-09-03,SMFT3,21.4
2024-09-03,SMTO3,26.88
2024-09-03,STBP3,13.43
2024-09-03,SUZB3,54.59
2024-09-03,TAEE11,35.71
2024-09-03,TEND3,13.0
2024-09-03,TIMS3,18.04
2024-09-03,TOTS3,29.35
2024-09-03,TRPL4,24.76
2024-09-03,UGPA3,22.69
2024-09-03,USIM5,5.96
2024-09-03,VALE3,56.55
2024-09-03,VAMO3,7.57
2024-09-03,VBBR3,25.72
2024-09-03,VIVA3,26.47
2024-09-03,VIVT3,53.21
2024-09-03,WEGE3,52.8
2024-09-03,YDUQ3,9.85
2024-09-04,ABEV3,12.99
2024-09-04,ALOS3,23.31
2024-09-04,ALPA4,7.67
2024-09-04,AMER3,6.51
2024-09-04,ASAI3,9.98
2024-09-04,AURE3,11.43
2024-09-04,AZUL4,4.92
2024-09-04,AZZA3,47.92
2024-09-04,B3SA3,12.55
2024-09-04,BBAS3,28.99
2024-09-04,BBDC3,14.29
2024-09-04,BBDC4,15.87
2024-09-04,BBSE3,37.42
2024-09-04,BEEF3,7.41
2024-09-04,BHIA3,6.73
2024-09-04,BPAC11,35.48
2024-09-04,BPAN4,10.66
2024-09-04,BRAP4,18.82
2024-09-04,BRFS3,25.5
2024-09-04,BRKM5,18.78
2024-09-04,CASH3,4.24
2024-09-04,CCRO3,13.58
2024-09-04,CEAB3,10.14
2024-09-04,CMIG4,11.95
2024-09-04,CMIN3,5.74
2024-09-04,COGN3,1.39
2024-09-04,CPFE3,34.37
2024-09-04,CPLE3,9.76
2024-09-04,CPLE6,10.89
2024-09-04,CRFB3,9.49
2024-09-04,CSAN3,13.4
2024-09-04,CSMG3,24.4
2024-09-04,CSNA3,11.4
2024-09-04,CURY3,24.51
2024-09-04,CVCB3,1.94
2024-09-04,CXSE3,15.94
2024-09-04,CYRE3,21.59
2024-09-04,DIRR3,30.86
2024-09-04,DXCO3,8.12
2024-09-04,ECOR3,7.79
2024-09-04,EGIE3,45.19
2024-09-04,ELET3,42.69
2024-09-04,ELET6,47.08
2024-09-04,EMBR3,49.11
2024-09-04,ENEV3,13.85
2024-09-04,ENGI11,49.12
2024-09-04,EQTL3,35.68
2024-09-04,EZTC3,14.08
2024-09-04,FLRY3,16.71
2024-09-04,GGBR4,18.24
2024-09-04,GOAU4,10.54
2024-09-04,GOLL4,1.07
2024-09-04,HAPV3,4.44
2024-09-04,HYPE3,28.28
2024-09-04,IGTI11,22.58
2024-09-04,IRBR3,48.7
2024-09-04,ITSA4,11.13
2024-09-04,ITUB4,37.24
2024-09-04,JBSS3,34.37
2024-09-04,JHSF3,4.5
2024-09-04,KLBN11,21.93
2024-09-04,LOGG3,22.98
2024-09-04,LREN3,17.48
2024-09-04,LWSA3,4.46
2024-09-04,MGLU3,12.04
2024-09-04,MRFG3,14.69
2024-09-04,MRVE3,7.35
2024-09-04,MULT3,25.94
2024-09-04,NTCO3,13.51
2024-09-04,PCAR3,3.23
2024-09-04,PETR3,42.15
2024-09-04,PETR4,38.54
2024-09-04,PETZ3,4.97
2024-09-04,POMO4,7.89
2024-09-04,PRIO3,43.72
2024-09-04,PSSA3,34.84
2024-09-04,QUAL3,2.2
2024-09-04,RADL3,27.3
2024-09-04,RAIL3,21.67
2024-09-04,RAIZ4,3.14
2024-09-04,RDOR3,33.4
2024-09-04,RECV3,20.11
2024-09-04,RENT3,41.93
2024-09-04,RRRP3,24.65
2024-09-04,SANB11,31.77
2024-09-04,SBSP3,95.58
2024-09-04,SLCE3,17.6
2024-09-04,SMFT3,22.15
2024-09-04,SMTO3,26.86
2024-09-04,STBP3,13.95
2024-09-04,SUZB3,55.38
2024-09-04,TAEE11,36.27
2024-09-04,TEND3,13.38
2024-09-04,TIMS3,18.32
2024-09-04,TOTS3,29.97
2024-09-04,TRPL4,25.22
2024-09-04,UGPA3,22.9
2024-09-04,USIM5,6.08
2024-09-04,VALE3,56.99
2024-09-04,VAMO3,7.62
2024-09-04,VBBR3,26.09
2024-09-04,VIVA3,27.52
2024-09-04,VIVT3,54.51
2024-09-04,WEGE3,53.39
2024-09-04,YDUQ3,10.1
2024-09-05,ABEV3,12.97
2024-09-05,ALOS3,23.27
2024-09-05,ALPA4,7.59
2024-09-05,AMER3,6.59
2024-09-05,ASAI3,9.59
2024-09-05,AURE3,11.34
2024-09-05,AZUL4,4.74
2024-09-05,AZZA3,47.5
2024-09-05,B3SA3,12.59
2024-09-05,BBAS3,29.25
2024-09-05,BBDC3,14.38
2024-09-05,BBDC4,16.01
2024-09-05,BBSE3,36.95
2024-09-05,BEEF3,7.2
2024-09-05,BHIA3,6.41
2024-09-05,BPAC11,35.58
2024-09-05,BPAN4,10.64
2024-09-05,BRAP4,18.84
2024-09-05,BRFS3,25.41
2024-09-05,BRKM5,18.35
2024-09-05,CASH3,4.41
2024-09-05,CCRO3,13.61
2024-09-05,CEAB3,10.3
2024-09-05,CMIG4,11.91
2024-09-05,CMIN3,5.93
2024-09-05,COGN3,1.41
2024-09-05,CPFE3,34.74
2024-09-05,CPLE3,9.8
2024-09-05,CPLE6,10.92
2024-09-05,CRFB3,9.57
2024-09-05,CSAN3,13.42
2024-09-05,CSMG3,24.86
2024-09-05,CSNA3,11.53
2024-09-05,CURY3,24.6
2024-09-05,CVCB3,1.91
2024-09-05,CXSE3,15.85
2024-09-05,CYRE3,21.71
2024-09-05,DIRR3,30.85
2024-09-05,DXCO3,8.0
2024-09-05,ECOR3,7.97
2024-09-05,EGIE3,44.88
2024-09-05,ELET3,42.38
2024-09-05,ELET6,46.85
2024-09-05,EMBR3,49.79
2024-09-05,ENEV3,13.99
2024-09-05,ENGI11,48.3
2024-09-05,EQTL3,35.04
2024-09-05,EZTC3,14.09
2024-09-05,FLRY3,16.8
2024-09-05,GGBR4,18.4
2024-09-05,GOAU4,10.57
2024-09-05,GOLL4,1.07
2024-09-05,HAPV3,4.55
2024-09-05,HYPE3,28.6
2024-09-05,IGTI11,22.35
2024-09-05,IRBR3,51.69
2024-09-05,ITSA4,11.23
2024-09-05,ITUB4,37.48
2024-09-05,JBSS3,34.6
2024-09-05,JHSF3,4.51
2024-09-05,KLBN11,21.88
2024-09-05,LOGG3,23.01
2024-09-05,LREN3,18.03
2024-09-05,LWSA3,4.5
2024-09-05,MGLU3,12.3
2024-09-05,MRFG3,14.58
2024-09-05,MRVE3,7.79
2024-09-05,MULT3,25.94
2024-09-05,NTCO3,13.99
2024-09-05,PCAR3,3.2
2024-09-05,PETR3,41.9
2024-09-05,PETR4,38.3
2024-09-05,PETZ3,4.93
2024-09-05,POMO4,7.92
2024-09-05,PRIO3,43.52
2024-09-05,PSSA3,35.01
2024-09-05,QUAL3,2.22
2024-09-05,RADL3,27.91
2024-09-05,RAIL3,21.79
2024-09-05,RAIZ4,3.14
2024-09-05,RDOR3,33.17
2024-09-05,RECV3,20.12
2024-09-05,RENT3,42.49
2024-09-05,RRRP3,24.22
2024-09-05,SANB11,31.59
2024-09-05,SBSP3,95.38
2024-09-05,SLCE3,17.55
2024-09-05,SMFT3,22.41
2024-09-05,SMTO3,26.84
2024-09-05,STBP3,13.64
2024-09-05,SUZB3,55.28
2024-09-05,TAEE11,35.84
2024-09-05,TEND3,13.51
2024-09-05,TIMS3,18.63
2024-09-05,TOTS3,29.78
2024-09-05,TRPL4,25.1
2024-09-05,UGPA3,23.32
2024-09-05,USIM5,6.08
2024-09-05,VALE3,57.4
2024-09-05,VAMO3,7.68
2024-09-05,VBBR3,26.5
2024-09-05,VIVA3,27.84
2024-09-05,VIVT3,55.12
2024-09-05,WEGE3,53.99
2024-09-05,YDUQ3,10.01
2024-09-06,ABEV3,12.99
2024-09-06,ALOS3,23.06
2024-09-06,ALPA4,7.42
2024-09-06,AMER3,6.64
2024-09-06,ASAI3,9.45
2024-09-06,AURE3,11.35
2024-09-06,AZUL4,4.44
2024-09-06,AZZA3,47.34
2024-09-06,B3SA3,12.23
2024-09-06,BBAS3,28.77
2024-09-06,BBDC3,14.17
2024-09-06,BBDC4,15.7
2024-09-06,BBSE3,36.71
2024-09-06,BEEF3,7.0
2024-09-06,BHIA3,6.3
2024-09-06,BPAC11,34.99
2024-09-06,BPAN4,10.72
2024-09-06,BRAP4,18.56
2024-09-06,BRFS3,25.21
2024-09-06,BRKM5,18.9
2024-09-06,CASH3,4.19
2024-09-06,CCRO3,13.49
2024-09-06,CEAB3,10.22
2024-09-06,CMIG4,11.84
2024-09-06,CMIN3,6.18
2024-09-06,COGN3,1.39
2024-09-06,CPFE3,34.65
2024-09-06,CPLE3,9.65
2024-09-06,CPLE6,10.83
2024-09-06,CRFB3,9.27
2024-09-06,CSAN3,12.89
2024-09-06,CSMG3,24.8
2024-09-06,CSNA3,11.6
2024-09-06,CURY3,24.49
2024-09-06,CVCB3,1.9
2024-09-06,CXSE3,15.85
2024-09-06,CYRE3,21.55
2024-09-06,DIRR3,31.0
2024-09-06,DXCO3,7.84
2024-09-06,ECOR3,7.69
2024-09-06,EGIE3,44.98
2024-09-06,ELET3,41.75
2024-09-06,ELET6,46.43
2024-09-06,EMBR3,47.83
2024-09-06,ENEV3,13.86
2024-09-06,ENGI11,48.1
2024-09-06,EQTL3,34.8
2024-09-06,EZTC3,13.76
2024-09-06,FLRY3,16.73
2024-09-06,GGBR4,18.17
2024-09-06,GOAU4,10.48
2024-09-06,GOLL4,1.05
2024-09-06,HAPV3,4.48
2024-09-06,HYPE3,28.32
2024-09-06,IGTI11,22.03
2024-09-06,IRBR3,49.89
2024-09-06,ITSA4,11.12
2024-09-06,ITUB4,36.95
2024-09-06,JBSS3,34.34
2024-09-06,JHSF3,4.49
2024-09-06,KLBN11,21.72
2024-09-06,LOGG3,23.1
2024-09-06,LREN3,17.72
2024-09-06,LWSA3,4.45
2024-09-06,MGLU3,11.8
2024-09-06,MRFG3,14.48
2024-09-06,MRVE3,7.53
2024-09-06,MULT3,25.95
2024-09-06,NTCO3,13.6
2024-09-06,PCAR3,3.05
2024-09-06,PETR3,41.13
2024-09-06,PETR4,37.55
2024-09-06,PETZ3,4.85
2024-09-06,POMO4,7.9
2024-09-06,PRIO3,42.46
2024-09-06,PSSA3,34.54
2024-09-06,QUAL3,2.14
2024-09-06,RADL3,27.44
2024-09-06,RAIL3,21.6
2024-09-06,RAIZ4,3.04
2024-09-06,RDOR3,33.35
2024-09-06,RECV3,19.28
2024-09-06,RENT3,42.02
2024-09-06,RRRP3,22.87
2024-09-06,SANB11,31.26
2024-09-06,SBSP3,94.75
2024-09-06,SLCE3,17.36
2024-09-06,SMFT3,22.19
2024-09-06,SMTO3,26.53
2024-09-06,STBP3,13.68
2024-09-06,SUZB3,54.37
2024-09-06,TAEE11,35.82
2024-09-06,TEND3,13.19
2024-09-06,TIMS3,18.41
2024-09-06,TOTS3,29.36
2024-09-06,TRPL4,24.85
2024-09-06,UGPA3,23.02
2024-09-06,USIM5,5.99
2024-09-06,VALE3,56.68
2024-09-06,VAMO3,7.42
2024-09-06,VBBR3,25.91
2024-09-06,VIVA3,27.97
2024-09-06,VIVT3,54.96
2024-09-06,WEGE3,52.88
2024-09-06,YDUQ3,9.61
2024-09-09,ABEV3,13.11
2024-09-09,ALOS3,22.95
2024-09-09,ALPA4,7.28
2024-09-09,AMER3,6.89
2024-09-09,ASAI3,9.25
2024-09-09,AURE3,11.17
2024-09-09,AZUL4,4.07
2024-09-09,AZZA3,46.5
2024-09-09,B3SA3,12.3
2024-09-09,BBAS3,29.13
2024-09-09,BBDC3,14.21
2024-09-09,BBDC4,15.75
2024-09-09,BBSE3,36.64
2024-09-09,BEEF3,7.0
2024-09-09,BHIA3,6.03
2024-09-09,BPAC11,35.59
2024-09-09,BPAN4,10.8
2024-09-09,BRAP4,18.48
2024-09-09,BRAV3,21.95
2024-09-09,BRFS3,24.51
2024-09-09,BRKM5,18.11
2024-09-09,CASH3,4.29
2024-09-09,CCRO3,13.23
2024-09-09,CEAB3,9.94
2024-09-09,CMIG4,11.85
2024-09-09,CMIN3,5.91
2024-09-09,COGN3,1.37
2024-09-09,CPFE3,34.47
2024-09-09,CPLE3,9.66
2024-09-09,CPLE6,10.83
2024-09-09,CRFB3,9.24
2024-09-09,CSAN3,12.76
2024-09-09,CSMG3,24.95
2024-09-09,CSNA3,11.47
2024-09-09,CURY3,24.57
2024-09-09,CVCB3,1.81
2024-09-09,CXSE3,15.75
2024-09-09,CYRE3,21.5
2024-09-09,DIRR3,31.26
2024-09-09,DXCO3,7.72
2024-09-09,ECOR3,7.65
2024-09-09,EGIE3,44.53
2024-09-09,ELET3,41.74
2024-09-09,ELET6,46.31
2024-09-09,EMBR3,48.04
2024-09-09,ENEV3,13.65
2024-09-09,ENGI11,47.98
2024-09-09,EQTL3,34.64
2024-09-09,EZTC3,13.72
2024-09-09,FLRY3,16.63
2024-09-09,GGBR4,18.5
2024-09-09,GOAU4,10.71
2024-09-09,GOLL4,1.03
2024-09-09,HAPV3,4.5
2024-09-09,HYPE3,28.23
2024-09-09,IGTI11,21.8
2024-09-09,IRBR3,48.0
2024-09-09,ITSA4,11.24
2024-09-09,ITUB4,37.31
2024-09-09,JBSS3,33.9
2024-09-09,JHSF3,4.43
2024-09-09,KLBN11,21.64
2024-09-09,LOGG3,22.89
2024-09-09,LREN3,17.57
2024-09-09,LWSA3,4.4
2024-09-09,MGLU3,11.52
2024-09-09,MRFG3,14.35
2024-09-09,MRVE3,7.73
2024-09-09,MULT3,25.9
2024-09-09,NTCO3,13.6
2024-09-09,PCAR3,2.96
2024-09-09,PETR3,41.68
2024-09-09,PETR4,37.96
2024-09-09,PETZ3,4.85
2024-09-09,POMO4,7.78
2024-09-09,PRIO3,41.96
2024-09-09,PSSA3,34.32
2024-09-09,QUAL3,2.08
2024-09-09,RADL3,27.45
2024-09-09,RAIL3,21.3
2024-09-09,RAIZ4,3.0
2024-09-09,RDOR3,33.45
2024-09-09,RECV3,19.05
2024-09-09,RENT3,41.55
2024-09-09,SANB11,31.29
2024-09-09,SBSP3,94.79
2024-09-09,SLCE3,17.12
2024-09-09,SMFT3,22.4
2024-09-09,SMTO3,25.93
2024-09-09,STBP3,13.7
2024-09-09,SUZB3,54.12
2024-09-09,TAEE11,35.67
2024-09-09,TEND3,13.0
2024-09-09,TIMS3,18.13
2024-09-09,TOTS3,29.21
2024-09-09,TRPL4,24.85
2024-09-09,UGPA3,23.79
2024-09-09,USIM5,5.84
2024-09-09,VALE3,56.68
2024-09-09,VAMO3,7.43
2024-09-09,VBBR3,26.05
2024-09-09,VIVA3,27.49
2024-09-09,VIVT3,54.19
2024-09-09,WEGE3,52.45
2024-09-09,YDUQ3,9.61
2024-09-10,ABEV3,13.24
2024-09-10,ALOS3,22.95
2024-09-10,ALPA4,7.18
2024-09-10,AMER3,6.58
2024-09-10,ASAI3,8.9
2024-09-10,AURE3,11.15
2024-09-10,AZUL4,4.22
2024-09-10,AZZA3,47.59
2024-09-10,B3SA3,12.44
2024-09-10,BBAS3,28.7
2024-09-10,BBDC3,14.25
2024-09-10,BBDC4,15.8
2024-09-10,BBSE3,36.62
2024-09-10,BEEF3,7.05
2024-09-10,BHIA3,6.1
2024-09-10,BPAC11,35.3
2024-09-10,BPAN4,10.79
2024-09-10,BRAP4,18.36
2024-09-10,BRAV3,21.45
2024-09-10,BRFS3,24.63
2024-09-10,BRKM5,17.61
2024-09-10,CASH3,4.18
2024-09-10,CCRO3,13.05
2024-09-10,CEAB3,10.04
2024-09-10,CMIG4,11.79
2024-09-10,CMIN3,5.94
2024-09-10,COGN3,1.34
2024-09-10,CPFE3,34.25
2024-09-10,CPLE3,9.72
2024-09-10,CPLE6,10.83
2024-09-10,CRFB3,9.04
2024-09-10,CSAN3,12.49
2024-09-10,CSMG3,25.39
2024-09-10,CSNA3,11.25
2024-09-10,CURY3,25.0
2024-09-10,CVCB3,1.8
2024-09-10,CXSE3,15.52
2024-09-10,CYRE3,21.48
2024-09-10,DIRR3,31.5
2024-09-10,DXCO3,7.88
2024-09-10,ECOR3,7.6
2024-09-10,EGIE3,44.49
2024-09-10,ELET3,41.63
2024-09-10,ELET6,46.16
2024-09-10,EMBR3,48.6
2024-09-10,ENEV3,13.79
2024-09-10,ENGI11,47.85
2024-09-10,EQTL3,34.5
2024-09-10,EZTC3,13.65
2024-09-10,FLRY3,16.47
2024-09-10,GGBR4,18.49
2024-09-10,GOAU4,10.64
2024-09-10,GOLL4,1.05
2024-09-10,HAPV3,4.52
2024-09-10,HYPE3,28.31
2024-09-10,IGTI11,21.91
2024-09-10,IRBR3,48.2
2024-09-10,ITSA4,11.23
2024-09-10,ITUB4,37.31
2024-09-10,JBSS3,34.21
2024-09-10,JHSF3,4.52
2024-09-10,KLBN11,22.0
2024-09-10,LOGG3,23.2
2024-09-10,LREN3,17.68
2024-09-10,LWSA3,4.4
2024-09-10,MGLU3,11.33
2024-09-10,MRFG3,14.46
2024-09-10,MRVE3,7.73
2024-09-10,MULT3,26.52
2024-09-10,NTCO3,13.64
2024-09-10,PCAR3,2.95
2024-09-10,PETR3,40.79
2024-09-10,PETR4,37.33
2024-09-10,PETZ3,4.67
2024-09-10,POMO4,7.72
2024-09-10,PRIO3,42.2
2024-09-10,PSSA3,34.51
2024-09-10,QUAL3,2.09
2024-09-10,RADL3,27.14
2024-09-10,RAIL3,21.6
2024-09-10,RAIZ4,2.95
2024-09-10,RDOR3,33.53
2024-09-10,RECV3,18.93
2024-09-10,RENT3,42.0
2024-09-10,SANB11,31.23
2024-09-10,SBSP3,96.25
2024-09-10,SLCE3,17.22
2024-09-10,SMFT3,22.67
2024-09-10,SMTO3,25.79
2024-09-10,STBP3,13.44
2024-09-10,SUZB3,55.2
2024-09-10,TAEE11,35.46
2024-09-10,TEND3,12.96
2024-09-10,TIMS3,18.22
2024-09-10,TOTS3,29.34
2024-09-10,TRPL4,24.72
2024-09-10,UGPA3,22.86
2024-09-10,USIM5,5.77
2024-09-10,VALE3,56.0
2024-09-10,VAMO3,7.39
2024-09-10,VBBR3,25.85
2024-09-10,VIVA3,28.34
2024-09-10,VIVT3,54.37
2024-09-10,WEGE3,52.89
2024-09-10,YDUQ3,9.71
2024-09-11,ABEV3,13.04
2024-09-11,ALOS3,22.98
2024-09-11,ALPA4,7.35
2024-09-11,AMER3,6.59
2024-09-11,ASAI3,9.16
2024-09-11,AURE3,11.06
2024-09-11,AZUL4,4.15
2024-09-11,AZZA3,48.22
2024-09-11,B3SA3,12.13
2024-09-11,BBAS3,28.71
2024-09-11,BBDC3,14.03
2024-09-11,BBDC4,15.62
2024-09-11,BBSE3,36.4
2024-09-11,BEEF3,7.04
2024-09-11,BHIA3,5.97
2024-09-11,BPAC11,34.61
2024-09-11,BPAN4,10.5
2024-09-11,BRAP4,18.72
2024-09-11,BRAV3,22.53
2024-09-11,BRFS3,23.97
2024-09-11,BRKM5,18.07
2024-09-11,CASH3,4.29
2024-09-11,CCRO3,12.88
2024-09-11,CEAB3,10.01
2024-09-11,CMIG4,11.76
2024-09-11,CMIN3,6.11
2024-09-11,COGN3,1.43
2024-09-11,CPFE3,34.07
2024-09-11,CPLE3,9.65
2024-09-11,CPLE6,10.74
2024-09-11,CRFB3,9.6
2024-09-11,CSAN3,12.97
2024-09-11,CSMG3,24.88
2024-09-11,CSNA3,11.59
2024-09-11,CURY3,24.98
2024-09-11,CVCB3,1.87
2024-09-11,CXSE3,15.12
2024-09-11,CYRE3,21.53
2024-09-11,DIRR3,31.84
2024-09-11,DXCO3,7.88
2024-09-11,ECOR3,7.6
2024-09-11,EGIE3,44.23
2024-09-11,ELET3,41.8
2024-09-11,ELET6,46.07
2024-09-11,EMBR3,49.8
2024-09-11,ENEV3,13.9
2024-09-11,ENGI11,47.61
2024-09-11,EQTL3,34.3
2024-09-11,EZTC3,13.7
2024-09-11,FLRY3,16.59
2024-09-11,GGBR4,18.57
2024-09-11,GOAU4,10.73
2024-09-11,GOLL4,1.06
2024-09-11,HAPV3,4.5
2024-09-11,HYPE3,29.25
2024-09-11,IGTI11,21.95
2024-09-11,IRBR3,45.98
2024-09-11,ITSA4,11.23
2024-09-11,ITUB4,37.38
2024-09-11,JBSS3,33.59
2024-09-11,JHSF3,4.54
2024-09-11,KLBN11,21.94
2024-09-11,LOGG3,22.8
2024-09-11,LREN3,18.15
2024-09-11,LWSA3,4.42
2024-09-11,MGLU3,11.27
2024-09-11,MRFG3,14.34
2024-09-11,MRVE3,7.83
2024-09-11,MULT3,26.86
2024-09-11,NTCO3,13.96
2024-09-11,PCAR3,3.09
2024-09-11,PETR3,40.97
2024-09-11,PETR4,37.29
2024-09-11,PETZ3,4.72
2024-09-11,POMO4,7.78
2024-09-11,PRIO3,42.53
2024-09-11,PSSA3,34.38
2024-09-11,QUAL3,2.09
2024-09-11,RADL3,26.98
2024-09-11,RAIL3,21.6
2024-09-11,RAIZ4,2.99
2024-09-11,RDOR3,33.62
2024-09-11,RECV3,18.83
2024-09-11,RENT3,42.36
2024-09-11,SANB11,30.95
2024-09-11,SBSP3,94.73
2024-09-11,SLCE3,17.2
2024-09-11,SMFT3,22.8
2024-09-11,SMTO3,25.79
2024-09-11,STBP3,13.26
2024-09-11,SUZB3,55.12
2024-09-11,TAEE11,35.3
2024-09-11,TEND3,12.95
2024-09-11,TIMS3,18.38
2024-09-11,TOTS3,29.38
2024-09-11,TRPL4,24.75
2024-09-11,UGPA3,22.95
2024-09-11,USIM5,5.91
2024-09-11,VALE3,57.59
2024-09-11,VAMO3,7.32
2024-09-11,VBBR3,25.77
2024-09-11,VIVA3,28.22
2024-09-11,VIVT3,54.64
2024-09-11,WEGE3,53.5
2024-09-11,YDUQ3,10.49
2024-09-12,ABEV3,12.91
2024-09-12,ALOS3,22.79
2024-09-12,ALPA4,7.29
2024-09-12,AMER3,6.64
2024-09-12,ASAI3,9.07
2024-09-12,AURE3,11.06
2024-09-12,AZUL4,4.04
2024-09-12,AZZA3,47.55
2024-09-12,B3SA3,12.05
2024-09-12,BBAS3,28.23
2024-09-12,BBDC3,13.94
2024-09-12,BBDC4,15.55
2024-09-12,BBSE3,36.1
2024-09-12,BEEF3,6.98
2024-09-12,BHIA3,5.93
2024-09-12,BPAC11,34.06
2024-09-12,BPAN4,10.33
2024-09-12,BRAP4,18.72
2024-09-12,BRAV3,21.39
2024-09-12,BRFS3,24.34
2024-09-12,BRKM5,17.98
2024-09-12,CASH3,4.33
2024-09-12,CCRO3,12.79
2024-09-12,CEAB3,9.95
2024-09-12,CMIG4,11.7
2024-09-12,CMIN3,6.31
2024-09-12,COGN3,1.4
2024-09-12,CPFE3,33.81
2024-09-12,CPLE3,9.62
2024-09-12,CPLE6,10.68
2024-09-12,CRFB3,9.36
2024-09-12,CSAN3,12.84
2024-09-12,CSMG3,24.98
2024-09-12,CSNA3,11.53
2024-09-12,CURY3,24.96
2024-09-12,CVCB3,1.82
2024-09-12,CXSE3,15.02
2024-09-12,CYRE3,21.53
2024-09-12,DIRR3,32.37
2024-09-12,DXCO3,7.81
2024-09-12,ECOR3,7.52
2024-09-12,EGIE3,43.9
2024-09-12,ELET3,41.3
2024-09-12,ELET6,45.65
2024-09-12,EMBR3,50.95
2024-09-12,ENEV3,13.95
2024-09-12,ENGI11,47.62
2024-09-12,EQTL3,33.8
2024-09-12,EZTC3,13.79
2024-09-12,FLRY3,16.6
2024-09-12,GGBR4,18.6
2024-09-12,GOAU4,10.65
2024-09-12,GOLL4,1.06
2024-09-12,HAPV3,4.49
2024-09-12,HYPE3,28.37
2024-09-12,IGTI11,21.9
2024-09-12,IRBR3,46.85
2024-09-12,ITSA4,11.2
2024-09-12,ITUB4,36.97
2024-09-12,JBSS3,33.49
2024-09-12,JHSF3,4.5
2024-09-12,KLBN11,21.69
2024-09-12,LOGG3,23.06
2024-09-12,LREN3,18.38
2024-09-12,LWSA3,4.41
2024-09-12,MGLU3,11.17
2024-09-12,MRFG3,14.42
2024-09-12,MRVE3,7.82
2024-09-12,MULT3,26.9
2024-09-12,NTCO3,14.47
2024-09-12,PCAR3,3.05
2024-09-12,PETR3,40.49
2024-09-12,PETR4,36.87
2024-09-12,PETZ3,4.67
2024-09-12,POMO4,7.69
2024-09-12,PRIO3,42.28
2024-09-12,PSSA3,34.71
2024-09-12,QUAL3,2.11
2024-09-12,RADL3,26.95
2024-09-12,RAIL3,21.1
2024-09-12,RAIZ4,3.06
2024-09-12,RDOR3,33.77
2024-09-12,RECV3,18.61
2024-09-12,RENT3,42.25
2024-09-12,SANB11,30.65
2024-09-12,SBSP3,94.39
2024-09-12,SLCE3,17.19
2024-09-12,SMFT3,22.34
2024-09-12,SMTO3,25.82
2024-09-12,STBP3,13.09
2024-09-12,SUZB3,54.39
2024-09-12,TAEE11,35.0
2024-09-12,TEND3,12.85
2024-09-12,TIMS3,18.2
2024-09-12,TOTS3,29.36
2024-09-12,TRPL4,24.71
2024-09-12,UGPA3,22.82
2024-09-12,USIM5,5.91
2024-09-12,VALE3,58.11
2024-09-12,VAMO3,7.2
2024-09-12,VBBR3,25.69
2024-09-12,VIVA3,27.96
2024-09-12,VIVT3,54.6
2024-09-12,WEGE3,53.31
2024-09-12,YDUQ3,10.41
2024-09-13,ABEV3,12.73
2024-09-13,ALOS3,22.84
2024-09-13,ALPA4,7.4
2024-09-13,AMER3,6.58
2024-09-13,ASAI3,8.8
2024-09-13,AURE3,11.11
2024-09-13,AZUL4,4.95
2024-09-13,AZZA3,48.34
2024-09-13,B3SA3,12.13
2024-09-13,BBAS3,28.42
2024-09-13,BBDC3,13.95
2024-09-13,BBDC4,15.55
2024-09-13,BBSE3,36.19
2024-09-13,BEEF3,6.91
2024-09-13,BHIA3,6.15
2024-09-13,BPAC11,34.9
2024-09-13,BPAN4,10.61
2024-09-13,BRAP4,18.83
2024-09-13,BRAV3,22.07
2024-09-13,BRFS3,24.67
2024-09-13,BRKM5,19.38
2024-09-13,CASH3,4.37
2024-09-13,CCRO3,13.13
2024-09-13,CEAB3,10.54
2024-09-13,CMIG4,11.77
2024-09-13,CMIN3,6.64
2024-09-13,COGN3,1.47
2024-09-13,CPFE3,34.0
2024-09-13,CPLE3,9.79
2024-09-13,CPLE6,10.86
2024-09-13,CRFB3,9.11
2024-09-13,CSAN3,13.04
2024-09-13,CSMG3,25.44
2024-09-13,CSNA3,11.9
2024-09-13,CURY3,25.49
2024-09-13,CVCB3,2.08
2024-09-13,CXSE3,15.01
2024-09-13,CYRE3,22.28
2024-09-13,DIRR3,33.46
2024-09-13,DXCO3,8.09
2024-09-13,ECOR3,7.99
2024-09-13,EGIE3,44.12
2024-09-13,ELET3,41.52
2024-09-13,ELET6,45.99
2024-09-13,EMBR3,51.93
2024-09-13,ENEV3,14.07
2024-09-13,ENGI11,48.31
2024-09-13,EQTL3,34.0
2024-09-13,EZTC3,14.74
2024-09-13,FLRY3,16.67
2024-09-13,GGBR4,18.8
2024-09-13,GOAU4,10.77
2024-09-13,GOLL4,1.09
2024-09-13,HAPV3,4.6
2024-09-13,HYPE3,29.08
2024-09-13,IGTI11,22.33
2024-09-13,IRBR3,47.34
2024-09-13,ITSA4,11.2
2024-09-13,ITUB4,37.01
2024-09-13,JBSS3,33.06
2024-09-13,JHSF3,4.54
2024-09-13,KLBN11,21.81
2024-09-13,LOGG3,23.15
2024-09-13,LREN3,18.94
2024-09-13,LWSA3,4.54
2024-09-13,MGLU3,11.6
2024-09-13,MRFG3,14.42
2024-09-13,MRVE3,8.03
2024-09-13,MULT3,27.52
2024-09-13,NTCO3,14.25
2024-09-13,PCAR3,3.04
2024-09-13,PETR3,40.37
2024-09-13,PETR4,36.7
2024-09-13,PETZ3,4.75
2024-09-13,POMO4,8.0
2024-09-13,PRIO3,43.31
2024-09-13,PSSA3,34.91
2024-09-13,QUAL3,2.15
2024-09-13,RADL3,26.7
2024-09-13,RAIL3,21.16
2024-09-13,RAIZ4,3.09
2024-09-13,RDOR3,34.76
2024-09-13,RECV3,19.04
2024-09-13,RENT3,44.2
2024-09-13,SANB11,30.77
2024-09-13,SBSP3,94.53
2024-09-13,SLCE3,17.21
2024-09-13,SMFT3,23.12
2024-09-13,SMTO3,26.2
2024-09-13,STBP3,13.19
2024-09-13,SUZB3,54.29
2024-09-13,TAEE11,35.16
2024-09-13,TEND3,13.58
2024-09-13,TIMS3,18.4
2024-09-13,TOTS3,30.18
2024-09-13,TRPL4,24.7
2024-09-13,UGPA3,22.8
2024-09-13,USIM5,6.17
2024-09-13,VALE3,58.5
2024-09-13,VAMO3,7.32
2024-09-13,VBBR3,25.28
2024-09-13,VIVA3,28.57
2024-09-13,VIVT3,54.85
2024-09-13,WEGE3,53.62
2024-09-13,YDUQ3,10.91
2024-09-16,ABEV3,12.86
2024-09-16,ALOS3,23.21
2024-09-16,ALPA4,7.4
2024-09-16,AMER3,6.63
2024-09-16,ASAI3,8.75
2024-09-16,AURE3,11.1
2024-09-16,AZUL4,5.49
2024-09-16,AZZA3,47.72
2024-09-16,B3SA3,12.16
2024-09-16,BBAS3,28.57
2024-09-16,BBDC3,13.88
2024-09-16,BBDC4,15.43
2024-09-16,BBSE3,36.4
2024-09-16,BEEF3,6.8
2024-09-16,BHIA3,6.15
2024-09-16,BPAC11,35.29
2024-09-16,BPAN4,10.77
2024-09-16,BRAP4,18.84
2024-09-16,BRAV3,21.23
2024-09-16,BRFS3,25.0
2024-09-16,BRKM5,19.25
2024-09-16,CASH3,4.42
2024-09-16,CCRO3,13.14
2024-09-16,CEAB3,10.84
2024-09-16,CMIG4,11.74
2024-09-16,CMIN3,7.1
2024-09-16,COGN3,1.45
2024-09-16,CPFE3,34.26
2024-09-16,CPLE3,9.69
2024-09-16,CPLE6,10.82
2024-09-16,CRFB3,8.95
2024-09-16,CSAN3,13.13
2024-09-16,CSMG3,26.12
2024-09-16,CSNA3,11.91
2024-09-16,CURY3,25.67
2024-09-16,CVCB3,2.04
2024-09-16,CXSE3,15.21
2024-09-16,CYRE3,22.5
2024-09-16,DIRR3,33.35
2024-09-16,DXCO3,8.09
2024-09-16,ECOR3,7.86
2024-09-16,EGIE3,44.27
2024-09-16,ELET3,42.0
2024-09-16,ELET6,46.2
2024-09-16,EMBR3,49.18
2024-09-16,ENEV3,13.97
2024-09-16,ENGI11,48.32
2024-09-16,EQTL3,34.06
2024-09-16,EZTC3,14.71
2024-09-16,FLRY3,16.59
2024-09-16,GGBR4,18.48
2024-09-16,GOAU4,10.6
2024-09-16,GOLL4,1.09
2024-09-16,HAPV3,4.62
2024-09-16,HYPE3,29.06
2024-09-16,IGTI11,22.62
2024-09-16,IRBR3,47.11
2024-09-16,ITSA4,11.2
2024-09-16,ITUB4,37.0
2024-09-16,JBSS3,33.59
2024-09-16,JHSF3,4.51
2024-09-16,KLBN11,21.72
2024-09-16,LOGG3,23.0
2024-09-16,LREN3,19.36
2024-09-16,LWSA3,4.58
2024-09-16,MGLU3,11.69
2024-09-16,MRFG3,14.44
2024-09-16,MRVE3,8.13
2024-09-16,MULT3,27.6
2024-09-16,NTCO3,14.25
2024-09-16,PCAR3,3.08
2024-09-16,PETR3,40.77
2024-09-16,PETR4,37.21
2024-09-16,PETZ3,4.55
2024-09-16,POMO4,7.98
2024-09-16,PRIO3,42.74
2024-09-16,PSSA3,34.94
2024-09-16,QUAL3,2.21
2024-09-16,RADL3,27.0
2024-09-16,RAIL3,21.11
2024-09-16,RAIZ4,3.1
2024-09-16,RDOR3,34.44
2024-09-16,RECV3,18.73
2024-09-16,RENT3,43.79
2024-09-16,SANB11,30.63
2024-09-16,SBSP3,96.5
2024-09-16,SLCE3,17.19
2024-09-16,SMFT3,22.99
2024-09-16,SMTO3,26.44
2024-09-16,STBP3,13.71
2024-09-16,SUZB3,53.02
2024-09-16,TAEE11,35.15
2024-09-16,TEND3,14.49
2024-09-16,TIMS3,18.66
2024-09-16,TOTS3,30.26
2024-09-16,TRPL4,24.75
2024-09-16,UGPA3,23.07
2024-09-16,USIM5,6.05
2024-09-16,VALE3,58.5
2024-09-16,VAMO3,7.33
2024-09-16,VBBR3,24.74
2024-09-16,VIVA3,28.71
2024-09-16,VIVT3,55.8
2024-09-16,WEGE3,53.0
2024-09-16,YDUQ3,10.94
2024-09-17,ABEV3,12.96
2024-09-17,ALOS3,22.98
2024-09-17,ALPA4,7.43
2024-09-17,AMER3,6.58
2024-09-17,ASAI3,8.82
2024-09-17,AURE3,11.07
2024-09-17,AZUL4,6.25
2024-09-17,AZZA3,47.14
2024-09-17,B3SA3,12.26
2024-09-17,BBAS3,28.39
2024-09-17,BBDC3,13.78
2024-09-17,BBDC4,15.33
2024-09-17,BBSE3,35.96
2024-09-17,BEEF3,6.95
2024-09-17,BHIA3,6.21
2024-09-17,BPAC11,35.26
2024-09-17,BPAN4,10.77
2024-09-17,BRAP4,18.81
2024-09-17,BRAV3,21.55
2024-09-17,BRFS3,25.01
2024-09-17,BRKM5,18.89
2024-09-17,CASH3,4.39
2024-09-17,CCRO3,13.15
2024-09-17,CEAB3,10.69
2024-09-17,CMIG4,11.72
2024-09-17,CMIN3,6.9
2024-09-17,COGN3,1.49
2024-09-17,CPFE3,34.02
2024-09-17,CPLE3,9.69
2024-09-17,CPLE6,10.8
2024-09-17,CRFB3,9.07
2024-09-17,CSAN3,13.4
2024-09-17,CSMG3,25.94
2024-09-17,CSNA3,12.02
2024-09-17,CURY3,25.5
2024-09-17,CVCB3,2.09
2024-09-17,CXSE3,15.05
2024-09-17,CYRE3,22.43
2024-09-17,DIRR3,33.29
2024-09-17,DXCO3,8.08
2024-09-17,ECOR3,7.89
2024-09-17,EGIE3,44.15
2024-09-17,ELET3,42.18
2024-09-17,ELET6,46.43
2024-09-17,EMBR3,48.39
2024-09-17,ENEV3,14.13
2024-09-17,ENGI11,48.36
2024-09-17,EQTL3,33.75
2024-09-17,EZTC3,14.87
2024-09-17,FLRY3,16.56
2024-09-17,GGBR4,18.52
2024-09-17,GOAU4,10.72
2024-09-17,GOLL4,1.11
2024-09-17,HAPV3,4.61
2024-09-17,HYPE3,29.28
2024-09-17,IGTI11,22.27
2024-09-17,IRBR3,46.59
2024-09-17,ITSA4,11.15
2024-09-17,ITUB4,36.91
2024-09-17,JBSS3,34.13
2024-09-17,JHSF3,4.52
2024-09-17,KLBN11,21.56
2024-09-17,LOGG3,23.08
2024-09-17,LREN3,19.07
2024-09-17,LWSA3,4.56
2024-09-17,MGLU3,11.88
2024-09-17,MRFG3,14.7
2024-09-17,MRVE3,8.11
2024-09-17,MULT3,27.16
2024-09-17,NTCO3,14.4
2024-09-17,PCAR3,3.11
2024-09-17,PETR3,40.52
2024-09-17,PETR4,37.04
2024-09-17,PETZ3,4.72
2024-09-17,POMO4,7.93
2024-09-17,PRIO3,43.36
2024-09-17,PSSA3,34.72
2024-09-17,QUAL3,2.17
2024-09-17,RADL3,27.03
2024-09-17,RAIL3,20.95
2024-09-17,RAIZ4,3.15
2024-09-17,RDOR3,34.08
2024-09-17,RECV3,18.84
2024-09-17,RENT3,44.29
2024-09-17,SANB11,30.66
2024-09-17,SBSP3,96.19
2024-09-17,SLCE3,17.32
2024-09-17,SMFT3,22.91
2024-09-17,SMTO3,26.08
2024-09-17,STBP3,13.56
2024-09-17,SUZB3,53.29
2024-09-17,TAEE11,34.65
2024-09-17,TEND3,14.58
2024-09-17,TIMS3,18.64
2024-09-17,TOTS3,29.98
2024-09-17,TRPL4,24.65
2024-09-17,UGPA3,23.1
2024-09-17,USIM5,6.09
2024-09-17,VALE3,58.22
2024-09-17,VAMO3,7.37
2024-09-17,VBBR3,24.94
2024-09-17,VIVA3,28.44
2024-09-17,VIVT3,55.66
2024-09-17,WEGE3,53.32
2024-09-17,YDUQ3,11.12
2024-09-18,ABEV3,12.98
2024-09-18,ALOS3,23.14
2024-09-18,ALPA4,7.35
2024-09-18,AMER3,6.52
2024-09-18,ASAI3,8.74
2024-09-18,AURE3,10.99
2024-09-18,AZUL4,5.62
2024-09-18,AZZA3,47.77
2024-09-18,B3SA3,12.13
2024-09-18,BBAS3,28.25
2024-09-18,BBDC3,13.62
2024-09-18,BBDC4,15.24
2024-09-18,BBSE3,35.59
2024-09-18,BEEF3,6.69
2024-09-18,BHIA3,5.96
2024-09-18,BPAC11,35.21
2024-09-18,BPAN4,10.74
2024-09-18,BRAP4,18.55
2024-09-18,BRAV3,20.85
2024-09-18,BRFS3,24.04
2024-09-18,BRKM5,19.79
2024-09-18,CASH3,4.19
2024-09-18,CCRO3,13.04
2024-09-18,CEAB3,10.79
2024-09-18,CMIG4,11.71
2024-09-18,CMIN3,6.33
2024-09-18,COGN3,1.44
2024-09-18,CPFE3,33.75
2024-09-18,CPLE3,9.7
2024-09-18,CPLE6,10.78
2024-09-18,CRFB3,9.15
2024-09-18,CSAN3,13.1
2024-09-18,CSMG3,25.61
2024-09-18,CSNA3,11.89
2024-09-18,CURY3,25.52
2024-09-18,CVCB3,2.07
2024-09-18,CXSE3,14.87
2024-09-18,CYRE3,22.34
2024-09-18,DIRR3,32.8
2024-09-18,DXCO3,7.95
2024-09-18,ECOR3,7.8
2024-09-18,EGIE3,43.66
2024-09-18,ELET3,41.79
2024-09-18,ELET6,46.21
2024-09-18,EMBR3,47.45
2024-09-18,ENEV3,14.01
2024-09-18,ENGI11,48.19
2024-09-18,EQTL3,33.71
2024-09-18,EZTC3,14.86
2024-09-18,FLRY3,16.61
2024-09-18,GGBR4,18.42
2024-09-18,GOAU4,10.64
2024-09-18,GOLL4,1.14
2024-09-18,HAPV3,4.66
2024-09-18,HYPE3,28.96
2024-09-18,IGTI11,22.67
2024-09-18,IRBR3,46.12
2024-09-18,ITSA4,11.1
2024-09-18,ITUB4,36.7
2024-09-18,JBSS3,32.7
2024-09-18,JHSF3,4.56
2024-09-18,KLBN11,21.34
2024-09-18,LOGG3,22.85
2024-09-18,LREN3,19.0
2024-09-18,LWSA3,4.51
2024-09-18,MGLU3,11.52
2024-09-18,MRFG3,13.9
2024-09-18,MRVE3,7.95
2024-09-18,MULT3,27.04
2024-09-18,NTCO3,14.24
2024-09-18,PCAR3,3.05
2024-09-18,PETR3,39.82
2024-09-18,PETR4,36.15
2024-09-18,PETZ3,4.67
2024-09-18,POMO4,7.97
2024-09-18,PRIO3,43.19
2024-09-18,PSSA3,35.8
2024-09-18,QUAL3,2.12
2024-09-18,RADL3,27.37
2024-09-18,RAIL3,20.65
2024-09-18,RAIZ4,3.1
2024-09-18,RDOR3,34.41
2024-09-18,RECV3,18.77
2024-09-18,RENT3,44.82
2024-09-18,SANB11,30.4
2024-09-18,SBSP3,96.07
2024-09-18,SLCE3,17.23
2024-09-18,SMFT3,23.16
2024-09-18,SMTO3,26.75
2024-09-18,STBP3,13.32
2024-09-18,SUZB3,52.6
2024-09-18,TAEE11,34.43
2024-09-18,TEND3,14.57
2024-09-18,TIMS3,18.76
2024-09-18,TOTS3,29.63
2024-09-18,TRPL4,24.67
2024-09-18,UGPA3,22.38
2024-09-18,USIM5,6.26
2024-09-18,VALE3,57.54
2024-09-18,VAMO3,7.16
2024-09-18,VBBR3,24.66
2024-09-18,VIVA3,28.69
2024-09-18,VIVT3,55.81
2024-09-18,WEGE3,53.36
2024-09-18,YDUQ3,10.82
2024-09-19,ABEV3,12.95
2024-09-19,ALOS3,22.9
2024-09-19,ALPA4,7.25
2024-09-19,AMER3,6.23
2024-09-19,ASAI3,8.24
2024-09-19,AURE3,10.86
2024-09-19,AZUL4,5.61
2024-09-19,AZZA3,46.3
2024-09-19,B3SA3,12.0
2024-09-19,BBAS3,27.91
2024-09-19,BBDC3,13.48
2024-09-19,BBDC4,15.03
2024-09-19,BBSE3,35.36
2024-09-19,BEEF3,6.69
2024-09-19,BHIA3,5.77
2024-09-19,BPAC11,34.71
2024-09-19,BPAN4,10.36
2024-09-19,BRAP4,18.7
2024-09-19,BRAV3,18.89
2024-09-19,BRFS3,25.05
2024-09-19,BRKM5,19.1
2024-09-19,CASH3,4.11
2024-09-19,CCRO3,12.86
2024-09-19,CEAB3,10.75
2024-09-19,CMIG4,11.61
2024-09-19,CMIN3,6.41
2024-09-19,COGN3,1.41
2024-09-19,CPFE3,33.47
2024-09-19,CPLE3,9.56
2024-09-19,CPLE6,10.65
2024-09-19,CRFB3,8.92
2024-09-19,CSAN3,12.99
2024-09-19,CSMG3,25.12
2024-09-19,CSNA3,12.05
2024-09-19,CURY3,25.24
2024-09-19,CVCB3,2.01
2024-09-19,CXSE3,14.74
2024-09-19,CYRE3,21.83
2024-09-19,DIRR3,32.44
2024-09-19,DXCO3,8.08
2024-09-19,ECOR3,7.47
2024-09-19,EGIE3,43.46
2024-09-19,ELET3,41.2
2024-09-19,ELET6,45.74
2024-09-19,EMBR3,47.49
2024-09-19,ENEV3,14.03
2024-09-19,ENGI11,47.26
2024-09-19,EQTL3,33.37
2024-09-19,EZTC3,14.45
2024-09-19,FLRY3,16.54
2024-09-19,GGBR4,18.45
2024-09-19,GOAU4,10.67
2024-09-19,GOLL4,1.13
2024-09-19,HAPV3,4.47
2024-09-19,HYPE3,28.28
2024-09-19,IGTI11,21.95
2024-09-19,IRBR3,45.8
2024-09-19,ITSA4,11.14
2024-09-19,ITUB4,36.6
2024-09-19,JBSS3,32.84
2024-09-19,JHSF3,4.34
2024-09-19,KLBN11,21.29
2024-09-19,LOGG3,22.55
2024-09-19,LREN3,18.86
2024-09-19,LWSA3,4.36
2024-09-19,MGLU3,11.16
2024-09-19,MRFG3,14.5
2024-09-19,MRVE3,7.68
2024-09-19,MULT3,26.54
2024-09-19,NTCO3,14.23
2024-09-19,PCAR3,2.94
2024-09-19,PETR3,39.7
2024-09-19,PETR4,36.27
2024-09-19,PETZ3,4.64
2024-09-19,POMO4,7.89
2024-09-19,PRIO3,44.01
2024-09-19,PSSA3,35.6
2024-09-19,QUAL3,2.0
2024-09-19,RADL3,27.41
2024-09-19,RAIL3,20.48
2024-09-19,RAIZ4,3.07
2024-09-19,RDOR3,33.47
2024-09-19,RECV3,18.52
2024-09-19,RENT3,44.31
2024-09-19,SANB11,30.18
2024-09-19,SBSP3,94.97
2024-09-19,SLCE3,17.08
2024-09-19,SMFT3,22.95
2024-09-19,SMTO3,27.03
2024-09-19,STBP3,13.0
2024-09-19,SUZB3,52.57
2024-09-19,TAEE11,34.39
2024-09-19,TEND3,14.2
2024-09-19,TIMS3,18.49
2024-09-19,TOTS3,29.79
2024-09-19,TRPL4,24.56
2024-09-19,UGPA3,22.12
2024-09-19,USIM5,6.23
2024-09-19,VALE3,58.23
2024-09-19,VAMO3,6.89
2024-09-19,VBBR3,24.5
2024-09-19,VIVA3,28.67
2024-09-19,VIVT3,55.2
2024-09-19,WEGE3,53.26
2024-09-19,YDUQ3,10.54
2024-09-20,ABEV3,12.76
2024-09-20,ALOS3,22.35
2024-09-20,ALPA4,7.05
2024-09-20,AMER3,5.78
2024-09-20,ASAI3,7.7
2024-09-20,AURE3,10.6
2024-09-20,AZUL4,5.26
2024-09-20,AZZA3,44.65
2024-09-20,B3SA3,11.6
2024-09-20,BBAS3,27.5
2024-09-20,BBDC3,13.25
2024-09-20,BBDC4,14.75
2024-09-20,BBSE3,35.01
2024-09-20,BEEF3,6.53
2024-09-20,BHIA3,5.41
2024-09-20,BPAC11,33.33
2024-09-20,BPAN4,10.19
2024-09-20,BRAP4,18.26
2024-09-20,BRAV3,18.18
2024-09-20,BRFS3,25.12
2024-09-20,BRKM5,18.7
2024-09-20,CASH3,4.17
2024-09-20,CCRO3,12.48
2024-09-20,CEAB3,10.34
2024-09-20,CMIG4,11.57
2024-09-20,CMIN3,6.34
2024-09-20,COGN3,1.32
2024-09-20,CPFE3,33.38
2024-09-20,CPLE3,9.4
2024-09-20,CPLE6,10.52
2024-09-20,CRFB3,8.6
2024-09-20,CSAN3,12.56
2024-09-20,CSMG3,24.89
2024-09-20,CSNA3,11.13
2024-09-20,CURY3,24.39
2024-09-20,CVCB3,1.87
2024-09-20,CXSE3,14.5
2024-09-20,CYRE3,20.73
2024-09-20,DIRR3,31.87
2024-09-20,DXCO3,7.89
2024-09-20,ECOR3,7.35
2024-09-20,EGIE3,43.71
2024-09-20,ELET3,39.93
2024-09-20,ELET6,44.89
2024-09-20,EMBR3,48.25
2024-09-20,ENEV3,14.0
2024-09-20,ENGI11,45.5
2024-09-20,EQTL3,32.65
2024-09-20,EZTC3,13.46
2024-09-20,FLRY3,16.45
2024-09-20,GGBR4,18.05
2024-09-20,GOAU4,10.43
2024-09-20,GOLL4,1.09
2024-09-20,HAPV3,4.33
2024-09-20,HYPE3,27.31
2024-09-20,IGTI11,21.24
2024-09-20,IRBR3,45.22
2024-09-20,ITSA4,10.97
2024-09-20,ITUB4,35.93
2024-09-20,JBSS3,32.34
2024-09-20,JHSF3,4.18
2024-09-20,KLBN11,21.02
2024-09-20,LOGG3,22.63
2024-09-20,LREN3,18.04
2024-09-20,LWSA3,4.15
2024-09-20,MGLU3,10.35
2024-09-20,MRFG3,14.26
2024-09-20,MRVE3,7.4
2024-09-20,MULT3,26.34
2024-09-20,NTCO3,13.63
2024-09-20,PCAR3,2.88
2024-09-20,PETR3,39.7
2024-09-20,PETR4,36.26
2024-09-20,PETZ3,4.6
2024-09-20,POMO4,7.83
2024-09-20,PRIO3,44.2
2024-09-20,PSSA3,35.57
2024-09-20,QUAL3,1.87
2024-09-20,RADL3,26.97
2024-09-20,RAIL3,19.92
2024-09-20,RAIZ4,3.14
2024-09-20,RDOR3,32.58
2024-09-20,RECV3,18.34
2024-09-20,RENT3,43.0
2024-09-20,SANB11,29.53
2024-09-20,SBSP3,94.66
2024-09-20,SLCE3,17.0
2024-09-20,SMFT3,22.0
2024-09-20,SMTO3,27.11
2024-09-20,STBP3,12.71
2024-09-20,SUZB3,52.34
2024-09-20,TAEE11,34.29
2024-09-20,TEND3,13.3
2024-09-20,TIMS3,18.73
2024-09-20,TOTS3,28.95
2024-09-20,TRPL4,24.44
2024-09-20,UGPA3,21.35
2024-09-20,USIM5,5.88
2024-09-20,VALE3,57.35
2024-09-20,VAMO3,6.57
2024-09-20,VBBR3,24.78
2024-09-20,VIVA3,28.0
2024-09-20,VIVT3,55.28
2024-09-20,WEGE3,52.52
2024-09-20,YDUQ3,9.93
2024-09-23,ABEV3,12.75
2024-09-23,ALOS3,22.18
2024-09-23,ALPA4,7.13
2024-09-23,AMER3,5.43
2024-09-23,ASAI3,7.86
2024-09-23,AURE3,10.6
2024-09-23,AZUL4,5.36
2024-09-23,AZZA3,45.2
2024-09-23,B3SA3,11.2
2024-09-23,BBAS3,27.4
2024-09-23,BBDC3,12.93
2024-09-23,BBDC4,14.37
2024-09-23,BBSE3,35.13
2024-09-23,BEEF3,6.55
2024-09-23,BHIA3,5.28
2024-09-23,BPAC11,32.79
2024-09-23,BPAN4,10.31
2024-09-23,BRAP4,18.28
2024-09-23,BRAV3,17.9
2024-09-23,BRFS3,24.83
2024-09-23,BRKM5,18.75
2024-09-23,CASH3,4.22
2024-09-23,CCRO3,12.36
2024-09-23,CEAB3,10.16
2024-09-23,CMIG4,11.53
2024-09-23,CMIN3,6.33
2024-09-23,COGN3,1.29
2024-09-23,CPFE3,33.34
2024-09-23,CPLE3,9.25
2024-09-23,CPLE6,10.34
2024-09-23,CRFB3,8.7
2024-09-23,CSAN3,12.25
2024-09-23,CSMG3,24.55
2024-09-23,CSNA3,11.08
2024-09-23,CURY3,23.56
2024-09-23,CVCB3,1.87
2024-09-23,CXSE3,14.39
2024-09-23,CYRE3,20.19
2024-09-23,DIRR3,31.21
2024-09-23,DXCO3,7.79
2024-09-23,ECOR3,7.13
2024-09-23,EGIE3,43.46
2024-09-23,ELET3,39.55
2024-09-23,ELET6,44.25
2024-09-23,EMBR3,49.31
2024-09-23,ENEV3,13.85
2024-09-23,ENGI11,45.33
2024-09-23,EQTL3,32.5
2024-09-23,EZTC3,13.21
2024-09-23,FLRY3,16.1
2024-09-23,GGBR4,17.74
2024-09-23,GOAU4,10.36
2024-09-23,GOLL4,1.07
2024-09-23,HAPV3,4.23
2024-09-23,HYPE3,27.1
2024-09-23,IGTI11,21.13
2024-09-23,IRBR3,45.47
2024-09-23,ITSA4,10.9
2024-09-23,ITUB4,35.72
2024-09-23,JBSS3,31.81
2024-09-23,JHSF3,4.11
2024-09-23,KLBN11,20.82
2024-09-23,LOGG3,22.14
2024-09-23,LREN3,17.71
2024-09-23,LWSA3,4.21
2024-09-23,MGLU3,10.02
2024-09-23,MRFG3,14.07
2024-09-23,MRVE3,7.3
2024-09-23,MULT3,26.12
2024-09-23,NTCO3,13.64
2024-09-23,PCAR3,2.93
2024-09-23,PETR3,40.2
2024-09-23,PETR4,36.63
2024-09-23,PETZ3,4.65
2024-09-23,POMO4,7.87
2024-09-23,PRIO3,44.58
2024-09-23,PSSA3,35.82
2024-09-23,QUAL3,1.78
2024-09-23,RADL3,26.85
2024-09-23,RAIL3,19.8
2024-09-23,RAIZ4,3.04
2024-09-23,RDOR3,31.79
2024-09-23,RECV3,18.35
2024-09-23,RENT3,42.71
2024-09-23,SANB11,28.89
2024-09-23,SBSP3,93.62
2024-09-23,SLCE3,17.04
2024-09-23,SMFT3,21.36
2024-09-23,SMTO3,26.89
2024-09-23,STBP3,14.8
2024-09-23,SUZB3,51.65
2024-09-23,TAEE11,34.3
2024-09-23,TEND3,12.76
2024-09-23,TIMS3,18.73
2024-09-23,TOTS3,28.6
2024-09-23,TRPL4,24.38
2024-09-23,UGPA3,21.11
2024-09-23,USIM5,5.6
2024-09-23,VALE3,57.53
2024-09-23,VAMO3,6.6
2024-09-23,VBBR3,23.78
2024-09-23,VIVA3,27.27
2024-09-23,VIVT3,54.93
2024-09-23,WEGE3,54.32
2024-09-23,YDUQ3,9.4
2024-09-24,ABEV3,12.76
2024-09-24,ALOS3,22.25
2024-09-24,ALPA4,7.15
2024-09-24,AMER3,5.55
2024-09-24,ASAI3,8.15
2024-09-24,AURE3,10.47
2024-09-24,AZUL4,5.09
2024-09-24,AZZA3,44.81
2024-09-24,B3SA3,11.25
2024-09-24,BBAS3,27.38
2024-09-24,BBDC3,12.87
2024-09-24,BBDC4,14.35
2024-09-24,BBSE3,35.42
2024-09-24,BEEF3,6.67
2024-09-24,BHIA3,5.38
2024-09-24,BPAC11,32.7
2024-09-24,BPAN4,10.53
2024-09-24,BRAP4,19.07
2024-09-24,BRAV3,19.46
2024-09-24,BRFS3,24.68
2024-09-24,BRKM5,19.22
2024-09-24,CASH3,4.26
2024-09-24,CCRO3,12.27
2024-09-24,CEAB3,10.35
2024-09-24,CMIG4,11.33
2024-09-24,CMIN3,6.59
2024-09-24,COGN3,1.32
2024-09-24,CPFE3,33.24
2024-09-24,CPLE3,9.26
2024-09-24,CPLE6,10.28
2024-09-24,CRFB3,9.11
2024-09-24,CSAN3,12.72
2024-09-24,CSMG3,24.26
2024-09-24,CSNA3,12.12
2024-09-24,CURY3,23.45
2024-09-24,CVCB3,1.86
2024-09-24,CXSE3,14.45
2024-09-24,CYRE3,20.45
2024-09-24,DIRR3,31.39
2024-09-24,DXCO3,8.08
2024-09-24,ECOR3,7.28
2024-09-24,EGIE3,43.6
2024-09-24,ELET3,39.65
2024-09-24,ELET6,44.1
2024-09-24,EMBR3,50.01
2024-09-24,ENEV3,14.02
2024-09-24,ENGI11,45.54
2024-09-24,EQTL3,32.58
2024-09-24,EZTC3,13.33
2024-09-24,FLRY3,16.09
2024-09-24,GGBR4,18.48
2024-09-24,GOAU4,10.72
2024-09-24,GOLL4,1.07
2024-09-24,HAPV3,4.25
2024-09-24,HYPE3,26.81
2024-09-24,IGTI11,21.31
2024-09-24,IRBR3,46.04
2024-09-24,ITSA4,10.91
2024-09-24,ITUB4,35.71
2024-09-24,JBSS3,32.02
2024-09-24,JHSF3,4.1
2024-09-24,KLBN11,21.05
2024-09-24,LOGG3,22.18
2024-09-24,LREN3,18.66
2024-09-24,LWSA3,4.29
2024-09-24,MGLU3,10.19
2024-09-24,MRFG3,13.9
2024-09-24,MRVE3,7.37
2024-09-24,MULT3,26.28
2024-09-24,NTCO3,13.54
2024-09-24,PCAR3,2.88
2024-09-24,PETR3,40.5
2024-09-24,PETR4,36.78
2024-09-24,PETZ3,4.71
2024-09-24,POMO4,7.71
2024-09-24,PRIO3,46.54
2024-09-24,PSSA3,35.92
2024-09-24,QUAL3,1.92
2024-09-24,RADL3,26.55
2024-09-24,RAIL3,20.03
2024-09-24,RAIZ4,3.1
2024-09-24,RDOR3,32.16
2024-09-24,RECV3,18.55
2024-09-24,RENT3,43.08
2024-09-24,SANB11,29.05
2024-09-24,SBSP3,92.71
2024-09-24,SLCE3,17.26
2024-09-24,SMFT3,21.71
2024-09-24,SMTO3,27.14
2024-09-24,STBP3,14.86
2024-09-24,SUZB3,53.01
2024-09-24,TAEE11,34.16
2024-09-24,TEND3,12.86
2024-09-24,TIMS3,18.79
2024-09-24,TOTS3,29.01
2024-09-24,TRPL4,24.37
2024-09-24,UGPA3,21.51
2024-09-24,USIM5,6.03
2024-09-24,VALE3,60.34
2024-09-24,VAMO3,6.58
2024-09-24,VBBR3,24.2
2024-09-24,VIVA3,27.53
2024-09-24,VIVT3,55.28
2024-09-24,WEGE3,55.39
2024-09-24,YDUQ3,9.6
2024-09-25,ABEV3,12.68
2024-09-25,ALOS3,21.93
2024-09-25,ALPA4,7.17
2024-09-25,AMER3,5.32
2024-09-25,ASAI3,7.78
2024-09-25,AURE3,10.32
2024-09-25,AZUL4,5.1
2024-09-25,AZZA3,42.94
2024-09-25,B3SA3,10.79
2024-09-25,BBAS3,27.3
2024-09-25,BBDC3,12.89
2024-09-25,BBDC4,14.44
2024-09-25,BBSE3,35.35
2024-09-25,BEEF3,6.55
2024-09-25,BHIA3,5.32
2024-09-25,BPAC11,32.85
2024-09-25,BPAN4,10.43
2024-09-25,BRAP4,19.22
2024-09-25,BRAV3,18.2
2024-09-25,BRFS3,25.27
2024-09-25,BRKM5,20.07
2024-09-25,CASH3,4.24
2024-09-25,CCRO3,12.37
2024-09-25,CEAB3,10.27
2024-09-25,CMIG4,11.34
2024-09-25,CMIN3,6.75
2024-09-25,COGN3,1.25
2024-09-25,CPFE3,33.21
2024-09-25,CPLE3,9.12
2024-09-25,CPLE6,10.14
2024-09-25,CRFB3,8.8
2024-09-25,CSAN3,12.5
2024-09-25,CSMG3,24.01
2024-09-25,CSNA3,12.18
2024-09-25,CURY3,23.15
2024-09-25,CVCB3,1.84
2024-09-25,CXSE3,14.56
2024-09-25,CYRE3,20.45
2024-09-25,DIRR3,31.55
2024-09-25,DXCO3,8.05
2024-09-25,ECOR3,7.25
2024-09-25,EGIE3,43.0
2024-09-25,ELET3,39.16
2024-09-25,ELET6,43.53
2024-09-25,EMBR3,50.16
2024-09-25,ENEV3,13.91
2024-09-25,ENGI11,45.35
2024-09-25,EQTL3,32.43
2024-09-25,EZTC3,13.43
2024-09-25,FLRY3,15.87
2024-09-25,GGBR4,18.27
2024-09-25,GOAU4,10.57
2024-09-25,GOLL4,1.08
2024-09-25,HAPV3,4.12
2024-09-25,HYPE3,26.05
2024-09-25,IGTI11,21.07
2024-09-25,IRBR3,45.99
2024-09-25,ITSA4,11.0
2024-09-25,ITUB4,36.16
2024-09-25,JBSS3,31.23
2024-09-25,JHSF3,4.05
2024-09-25,KLBN11,20.75
2024-09-25,LOGG3,22.25
2024-09-25,LREN3,18.07
2024-09-25,LWSA3,4.17
2024-09-25,MGLU3,10.0
2024-09-25,MRFG3,14.19
2024-09-25,MRVE3,7.26
2024-09-25,MULT3,25.7
2024-09-25,NTCO3,13.27
2024-09-25,PCAR3,2.84
2024-09-25,PETR3,40.53
2024-09-25,PETR4,37.05
2024-09-25,PETZ3,4.77
2024-09-25,POMO4,7.85
2024-09-25,PRIO3,44.81
2024-09-25,PSSA3,35.89
2024-09-25,QUAL3,1.9
2024-09-25,RADL3,26.2
2024-09-25,RAIL3,19.83
2024-09-25,RAIZ4,3.04
2024-09-25,RDOR3,31.71
2024-09-25,RECV3,18.14
2024-09-25,RENT3,41.88
2024-09-25,SANB11,29.08
2024-09-25,SBSP3,91.6
2024-09-25,SLCE3,17.24
2024-09-25,SMFT3,21.21
2024-09-25,SMTO3,27.17
2024-09-25,STBP3,14.85
2024-09-25,SUZB3,52.16
2024-09-25,TAEE11,34.08
2024-09-25,TEND3,12.53
2024-09-25,TIMS3,18.74
2024-09-25,TOTS3,28.63
2024-09-25,TRPL4,24.35
2024-09-25,UGPA3,20.89
2024-09-25,USIM5,6.04
2024-09-25,VALE3,60.61
2024-09-25,VAMO3,6.48
2024-09-25,VBBR3,24.01
2024-09-25,VIVA3,27.5
2024-09-25,VIVT3,55.5
2024-09-25,WEGE3,55.68
2024-09-25,YDUQ3,9.06
2024-09-26,ABEV3,12.84
2024-09-26,ALOS3,22.0
2024-09-26,ALPA4,7.13
2024-09-26,AMER3,5.15
2024-09-26,ASAI3,8.05
2024-09-26,AURE3,10.4
2024-09-26,AZUL4,5.61
2024-09-26,AZZA3,42.42
2024-09-26,B3SA3,10.85
2024-09-26,BBAS3,27.48
2024-09-26,BBDC3,13.16
2024-09-26,BBDC4,14.81
2024-09-26,BBSE3,35.47
2024-09-26,BEEF3,6.58
2024-09-26,BHIA3,5.17
2024-09-26,BPAC11,33.17
2024-09-26,BPAN4,10.22
2024-09-26,BRAP4,20.46
2024-09-26,BRAV3,17.01
2024-09-26,BRFS3,24.64
2024-09-26,BRKM5,20.49
2024-09-26,CASH3,4.19
2024-09-26,CCRO3,12.53
2024-09-26,CEAB3,10.42
2024-09-26,CMIG4,11.46
2024-09-26,CMIN3,7.2
2024-09-26,COGN3,1.34
2024-09-26,CPFE3,33.42
2024-09-26,CPLE3,9.24
2024-09-26,CPLE6,10.3
2024-09-26,CRFB3,8.8
2024-09-26,CSAN3,12.96
2024-09-26,CSMG3,23.78
2024-09-26,CSNA3,13.27
2024-09-26,CURY3,22.93
2024-09-26,CVCB3,1.86
2024-09-26,CXSE3,14.66
2024-09-26,CYRE3,20.87
2024-09-26,DIRR3,31.13
2024-09-26,DXCO3,8.24
2024-09-26,ECOR3,7.27
2024-09-26,EGIE3,43.06
2024-09-26,ELET3,39.73
2024-09-26,ELET6,43.94
2024-09-26,EMBR3,50.13
2024-09-26,ENEV3,13.97
2024-09-26,ENGI11,45.59
2024-09-26,EQTL3,32.55
2024-09-26,EZTC3,13.5
2024-09-26,FLRY3,15.61
2024-09-26,GGBR4,18.98
2024-09-26,GOAU4,10.97
2024-09-26,GOLL4,1.09
2024-09-26,HAPV3,4.07
2024-09-26,HYPE3,26.26
2024-09-26,IGTI11,21.21
2024-09-26,IRBR3,45.5
2024-09-26,ITSA4,11.18
2024-09-26,ITUB4,36.62
2024-09-26,JBSS3,31.38
2024-09-26,JHSF3,4.12
2024-09-26,KLBN11,21.15
2024-09-26,LOGG3,22.29
2024-09-26,LREN3,18.0
2024-09-26,LWSA3,4.28
2024-09-26,MGLU3,9.8
2024-09-26,MRFG3,13.93
2024-09-26,MRVE3,7.26
2024-09-26,MULT3,25.68
2024-09-26,NTCO3,13.67
2024-09-26,PCAR3,2.81
2024-09-26,PETR3,39.68
2024-09-26,PETR4,36.25
2024-09-26,PETZ3,4.71
2024-09-26,POMO4,7.9
2024-09-26,PRIO3,42.64
2024-09-26,PSSA3,36.29
2024-09-26,QUAL3,1.98
2024-09-26,RADL3,26.27
2024-09-26,RAIL3,20.18
2024-09-26,RAIZ4,3.05
2024-09-26,RDOR3,31.56
2024-09-26,RECV3,17.81
2024-09-26,RENT3,41.8
2024-09-26,SANB11,28.91
2024-09-26,SBSP3,91.35
2024-09-26,SLCE3,17.63
2024-09-26,SMFT3,21.43
2024-09-26,SMTO3,26.63
2024-09-26,STBP3,14.85
2024-09-26,SUZB3,54.24
2024-09-26,TAEE11,34.22
2024-09-26,TEND3,12.51
2024-09-26,TIMS3,18.67
2024-09-26,TOTS3,28.08
2024-09-26,TRPL4,24.33
2024-09-26,UGPA3,21.24
2024-09-26,USIM5,6.38
2024-09-26,VALE3,64.25
2024-09-26,VAMO3,6.59
2024-09-26,VBBR3,24.1
2024-09-26,VIVA3,26.64
2024-09-26,VIVT3,55.06
2024-09-26,WEGE3,56.05
2024-09-26,YDUQ3,9.32
2024-09-27,ABEV3,12.92
2024-09-27,ALOS3,21.87
2024-09-27,ALPA4,7.11
2024-09-27,AMER3,5.15
2024-09-27,ASAI3,8.12
2024-09-27,AURE3,10.44
2024-09-27,AZUL4,5.95
2024-09-27,AZZA3,42.87
2024-09-27,B3SA3,10.73
2024-09-27,BBAS3,27.25
2024-09-27,BBDC3,13.24
2024-09-27,BBDC4,14.94
2024-09-27,BBSE3,35.37
2024-09-27,BEEF3,6.49
2024-09-27,BHIA3,5.15
2024-09-27,BPAC11,34.1
2024-09-27,BPAN4,10.15
2024-09-27,BRAP4,20.3
2024-09-27,BRAV3,17.78
2024-09-27,BRFS3,24.26
2024-09-27,BRKM5,20.31
2024-09-27,CASH3,4.12
2024-09-27,CCRO3,12.39
2024-09-27,CEAB3,10.46
2024-09-27,CMIG4,11.32
2024-09-27,CMIN3,6.91
2024-09-27,COGN3,1.33
2024-09-27,CPFE3,33.76
2024-09-27,CPLE3,9.09
2024-09-27,CPLE6,10.19
2024-09-27,CRFB3,9.28
2024-09-27,CSAN3,13.15
2024-09-27,CSMG3,22.67
2024-09-27,CSNA3,13.25
2024-09-27,CURY3,22.7
2024-09-27,CVCB3,1.9
2024-09-27,CXSE3,14.74
2024-09-27,CYRE3,20.7
2024-09-27,DIRR3,30.65
2024-09-27,DXCO3,8.25
2024-09-27,ECOR3,7.14
2024-09-27,EGIE3,42.92
2024-09-27,ELET3,39.49
2024-09-27,ELET6,43.85
2024-09-27,EMBR3,48.27
2024-09-27,ENEV3,14.01
2024-09-27,ENGI11,45.29
2024-09-27,EQTL3,32.44
2024-09-27,EZTC3,13.47
2024-09-27,FLRY3,15.59
2024-09-27,GGBR4,19.0
2024-09-27,GOAU4,10.87
2024-09-27,GOLL4,1.1
2024-09-27,HAPV3,4.0
2024-09-27,HYPE3,26.7
2024-09-27,IGTI11,21.13
2024-09-27,IRBR3,45.55
2024-09-27,ITSA4,11.15
2024-09-27,ITUB4,36.76
2024-09-27,JBSS3,31.11
2024-09-27,JHSF3,4.1
2024-09-27,KLBN11,21.07
2024-09-27,LOGG3,22.35
2024-09-27,LREN3,17.83
2024-09-27,LWSA3,4.3
2024-09-27,MGLU3,10.0
2024-09-27,MRFG3,13.84
2024-09-27,MRVE3,7.34
2024-09-27,MULT3,25.54
2024-09-27,NTCO3,14.0
2024-09-27,PCAR3,2.85
2024-09-27,PETR3,39.52
2024-09-27,PETR4,36.11
2024-09-27,PETZ3,4.91
2024-09-27,POMO4,8.05
2024-09-27,PRIO3,43.58
2024-09-27,PSSA3,36.45
2024-09-27,QUAL3,2.31
2024-09-27,RADL3,25.7
2024-09-27,RAIL3,20.07
2024-09-27,RAIZ4,3.16
2024-09-27,RDOR3,31.51
2024-09-27,RECV3,17.85
2024-09-27,RENT3,41.37
2024-09-27,SANB11,28.68
2024-09-27,SBSP3,90.08
2024-09-27,SLCE3,18.66
2024-09-27,SMFT3,21.53
2024-09-27,SMTO3,26.5
2024-09-27,STBP3,14.86
2024-09-27,SUZB3,54.38
2024-09-27,TAEE11,34.14
2024-09-27,TEND3,12.4
2024-09-27,TIMS3,18.71
2024-09-27,TOTS3,28.28
2024-09-27,TRPL4,24.22
2024-09-27,UGPA3,21.34
2024-09-27,USIM5,6.24
2024-09-27,VALE3,63.96
2024-09-27,VAMO3,6.5
2024-09-27,VBBR3,23.62
2024-09-27,VIVA3,27.11
2024-09-27,VIVT3,55.6
2024-09-27,WEGE3,56.03
2024-09-27,YDUQ3,9.27
2024-09-30,ABEV3,13.08
2024-09-30,ALOS3,21.85
2024-09-30,ALPA4,6.95
2024-09-30,AMER3,4.65
2024-09-30,ASAI3,7.47
2024-09-30,AURE3,10.46
2024-09-30,AZUL4,6.24
2024-09-30,AZZA3,42.17
2024-09-30,B3SA3,10.71
2024-09-30,BBAS3,27.18
2024-09-30,BBDC3,13.09
2024-09-30,BBDC4,14.7
2024-09-30,BBSE3,35.5
2024-09-30,BEEF3,6.34
2024-09-30,BHIA3,4.94
2024-09-30,BPAC11,33.27
2024-09-30,BPAN4,10.05
2024-09-30,BRAP4,20.22
2024-09-30,BRAV3,17.63
2024-09-30,BRFS3,23.65
2024-09-30,BRKM5,19.93
2024-09-30,CASH3,4.06
2024-09-30,CCRO3,12.1
2024-09-30,CEAB3,10.5
2024-09-30,CMIG4,11.4
2024-09-30,CMIN3,6.9
2024-09-30,COGN3,1.28
2024-09-30,CPFE3,33.93
2024-09-30,CPLE3,9.19
2024-09-30,CPLE6,10.19
2024-09-30,CRFB3,9.25
2024-09-30,CSAN3,13.08
2024-09-30,CSMG3,23.04
2024-09-30,CSNA3,12.89
2024-09-30,CURY3,22.36
2024-09-30,CVCB3,1.86
2024-09-30,CXSE3,14.55
2024-09-30,CYRE3,20.52
2024-09-30,DIRR3,30.25
2024-09-30,DXCO3,8.55
2024-09-30,ECOR3,6.92
2024-09-30,EGIE3,42.45
2024-09-30,ELET3,39.35
2024-09-30,ELET6,43.71
2024-09-30,EMBR3,47.97
2024-09-30,ENEV3,13.97
2024-09-30,ENGI11,44.79
2024-09-30,EQTL3,32.5
2024-09-30,EZTC3,13.53
2024-09-30,FLRY3,15.43
2024-09-30,GGBR4,19.1
2024-09-30,GOAU4,10.92
2024-09-30,GOLL4,1.1
2024-09-30,HAPV3,4.0
2024-09-30,HYPE3,26.23
2024-09-30,IGTI11,21.08
2024-09-30,IRBR3,44.76
2024-09-30,ITSA4,11.07
2024-09-30,ITUB4,36.11
2024-09-30,JBSS3,31.63
2024-09-30,JHSF3,4.11
2024-09-30,KLBN11,20.89
2024-09-30,LOGG3,22.6
2024-09-30,LREN3,18.06
2024-09-30,LWSA3,4.18
2024-09-30,MGLU3,9.7
2024-09-30,MRFG3,13.64
2024-09-30,MRVE3,7.24
2024-09-30,MULT3,25.65
2024-09-30,NTCO3,14.05
2024-09-30,PCAR3,2.82
2024-09-30,PETR3,39.27
2024-09-30,PETR4,36.01
2024-09-30,PETZ3,4.72
2024-09-30,POMO4,7.95
2024-09-30,PRIO3,43.33
2024-09-30,PSSA3,36.46
2024-09-30,QUAL3,2.24
2024-09-30,RADL3,25.49
2024-09-30,RAIL3,20.0
2024-09-30,RAIZ4,3.1
2024-09-30,RDOR3,30.93
2024-09-30,RECV3,17.72
2024-09-30,RENT3,41.0
2024-09-30,SANB11,28.39
2024-09-30,SBSP3,90.4
2024-09-30,SLCE3,18.2
2024-09-30,SMFT3,21.44
2024-09-30,SMTO3,26.21
2024-09-30,STBP3,14.76
2024-09-30,SUZB3,54.44
2024-09-30,TAEE11,34.24
2024-09-30,TEND3,12.43
2024-09-30,TIMS3,18.73
2024-09-30,TOTS3,28.56
2024-09-30,TRPL4,24.3
2024-09-30,UGPA3,21.21
2024-09-30,USIM5,6.24
2024-09-30,VALE3,63.51
2024-09-30,VAMO3,6.61
2024-09-30,VBBR3,23.4
2024-09-30,VIVA3,26.93
2024-09-30,VIVT3,55.82
2024-09-30,WEGE3,54.39
2024-09-30,YDUQ3,9.19
2024-10-01,ABEV3,13.6
2024-10-01,ALOS3,21.86
2024-10-01,ALPA4,6.92
2024-10-01,AMER3,4.56
2024-10-01,ASAI3,7.12
2024-10-01,AURE3,10.48
2024-10-01,AZUL4,5.95
2024-10-01,AZZA3,41.76
2024-10-01,B3SA3,10.71
2024-10-01,BBAS3,27.08
2024-10-01,BBDC3,12.98
2024-10-01,BBDC4,14.69
2024-10-01,BBSE3,35.75
2024-10-01,BEEF3,6.43
2024-10-01,BHIA3,4.6
2024-10-01,BPAC11,32.91
2024-10-01,BPAN4,9.5
2024-10-01,BRAP4,20.23
2024-10-01,BRAV3,17.96
2024-10-01,BRFS3,24.28
2024-10-01,BRKM5,20.04
2024-10-01,CASH3,3.89
2024-10-01,CCRO3,12.08
2024-10-01,CEAB3,10.3
2024-10-01,CMIG4,11.42
2024-10-01,CMIN3,7.12
2024-10-01,COGN3,1.28
2024-10-01,CPFE3,33.86
2024-10-01,CPLE3,9.06
2024-10-01,CPLE6,10.06
2024-10-01,CRFB3,9.25
2024-10-01,CSAN3,13.31
2024-10-01,CSMG3,23.15
2024-10-01,CSNA3,13.05
2024-10-01,CURY3,22.73
2024-10-01,CVCB3,1.85
2024-10-01,CXSE3,14.47
2024-10-01,CYRE3,20.61
2024-10-01,DIRR3,30.46
2024-10-01,DXCO3,8.72
2024-10-01,ECOR3,6.85
2024-10-01,EGIE3,42.66
2024-10-01,ELET3,39.28
2024-10-01,ELET6,43.58
2024-10-01,EMBR3,47.13
2024-10-01,ENEV3,13.93
2024-10-01,ENGI11,44.55
2024-10-01,EQTL3,32.54
2024-10-01,EZTC3,13.86
2024-10-01,FLRY3,15.14
2024-10-01,GGBR4,19.13
2024-10-01,GOAU4,10.87
2024-10-01,GOLL4,1.05
2024-10-01,HAPV3,4.04
2024-10-01,HYPE3,26.61
2024-10-01,IGTI11,21.05
2024-10-01,IRBR3,44.81
2024-10-01,ITSA4,10.89
2024-10-01,ITUB4,35.5
2024-10-01,JBSS3,32.42
2024-10-01,JHSF3,4.31
2024-10-01,KLBN11,20.9
2024-10-01,LOGG3,22.16
2024-10-01,LREN3,17.87
2024-10-01,LWSA3,4.16
2024-10-01,MGLU3,9.72
2024-10-01,MRFG3,13.75
2024-10-01,MRVE3,7.57
2024-10-01,MULT3,25.58
2024-10-01,NTCO3,14.04
2024-10-01,PCAR3,2.76
2024-10-01,PETR3,40.32
2024-10-01,PETR4,36.97
2024-10-01,PETZ3,4.88
2024-10-01,POMO4,8.01
2024-10-01,PRIO3,44.26
2024-10-01,PSSA3,36.33
2024-10-01,QUAL3,2.17
2024-10-01,RADL3,26.3
2024-10-01,RAIL3,19.86
2024-10-01,RAIZ4,3.11
2024-10-01,RDOR3,30.44
2024-10-01,RECV3,17.71
2024-10-01,RENT3,41.1
2024-10-01,SANB11,28.56
2024-10-01,SBSP3,90.03
2024-10-01,SLCE3,18.4
2024-10-01,SMFT3,21.39
2024-10-01,SMTO3,26.28
2024-10-01,STBP3,14.72
2024-10-01,SUZB3,54.89
2024-10-01,TAEE11,34.22
2024-10-01,TEND3,12.93
2024-10-01,TIMS3,18.6
2024-10-01,TOTS3,28.66
2024-10-01,TRPL4,24.26
2024-10-01,UGPA3,21.4
2024-10-01,USIM5,6.24
2024-10-01,VALE3,63.82
2024-10-01,VAMO3,6.46
2024-10-01,VBBR3,23.28
2024-10-01,VIVA3,27.58
2024-10-01,VIVT3,55.57
2024-10-01,WEGE3,55.88
2024-10-01,YDUQ3,9.04
2024-10-02,ABEV3,13.72
2024-10-02,ALOS3,22.21
2024-10-02,ALPA4,7.13
2024-10-02,AMER3,4.46
2024-10-02,ASAI3,7.15
2024-10-02,AURE3,10.43
2024-10-02,AZUL4,6.24
2024-10-02,AZZA3,42.33
2024-10-02,B3SA3,10.94
2024-10-02,BBAS3,27.15
2024-10-02,BBDC3,13.38
2024-10-02,BBDC4,15.2
2024-10-02,BBSE3,35.46
2024-10-02,BEEF3,6.46
2024-10-02,BHIA3,4.53
2024-10-02,BPAC11,32.45
2024-10-02,BPAN4,9.65
2024-10-02,BRAP4,20.28
2024-10-02,BRAV3,17.55
2024-10-02,BRFS3,23.86
2024-10-02,BRKM5,20.28
2024-10-02,CASH3,3.87
2024-10-02,CCRO3,12.37
2024-10-02,CEAB3,10.41
2024-10-02,CMIG4,11.4
2024-10-02,CMIN3,7.34
2024-10-02,COGN3,1.27
2024-10-02,CPFE3,33.95
2024-10-02,CPLE3,9.09
2024-10-02,CPLE6,10.15
2024-10-02,CRFB3,9.07
2024-10-02,CSAN3,13.53
2024-10-02,CSMG3,23.44
2024-10-02,CSNA3,13.3
2024-10-02,CURY3,23.3
2024-10-02,CVCB3,1.87
2024-10-02,CXSE3,14.47
2024-10-02,CYRE3,21.54
2024-10-02,DIRR3,30.81
2024-10-02,DXCO3,8.75
2024-10-02,ECOR3,7.08
2024-10-02,EGIE3,42.58
2024-10-02,ELET3,39.31
2024-10-02,ELET6,43.72
2024-10-02,EMBR3,46.33
2024-10-02,ENEV3,14.26
2024-10-02,ENGI11,44.75
2024-10-02,EQTL3,32.52
2024-10-02,EZTC3,14.41
2024-10-02,FLRY3,15.21
2024-10-02,GGBR4,19.37
2024-10-02,GOAU4,11.1
2024-10-02,GOLL4,1.02
2024-10-02,HAPV3,4.14
2024-10-02,HYPE3,26.72
2024-10-02,IGTI11,21.08
2024-10-02,IRBR3,45.13
2024-10-02,ITSA4,10.93
2024-10-02,ITUB4,35.72
2024-10-02,JBSS3,33.05
2024-10-02,JHSF3,4.36
2024-10-02,KLBN11,21.28
2024-10-02,LOGG3,22.87
2024-10-02,LREN3,18.35
2024-10-02,LWSA3,4.19
2024-10-02,MGLU3,9.85
2024-10-02,MRFG3,13.8
2024-10-02,MRVE3,7.89
2024-10-02,MULT3,25.64
2024-10-02,NTCO3,14.26
2024-10-02,PCAR3,2.96
2024-10-02,PETR3,40.79
2024-10-02,PETR4,37.48
2024-10-02,PETZ3,4.87
2024-10-02,POMO4,8.21
2024-10-02,PRIO3,44.12
2024-10-02,PSSA3,37.19
2024-10-02,QUAL3,2.44
2024-10-02,RADL3,26.3
2024-10-02,RAIL3,20.05
2024-10-02,RAIZ4,3.16
2024-10-02,RDOR3,30.43
2024-10-02,RECV3,18.05
2024-10-02,RENT3,41.79
2024-10-02,SANB11,29.1
2024-10-02,SBSP3,90.11
2024-10-02,SLCE3,18.53
2024-10-02,SMFT3,21.75
2024-10-02,SMTO3,27.46
2024-10-02,STBP3,14.7
2024-10-02,SUZB3,55.1
2024-10-02,TAEE11,34.47
2024-10-02,TEND3,13.76
2024-10-02,TIMS3,18.75
2024-10-02,TOTS3,29.45
2024-10-02,TRPL4,24.43
2024-10-02,UGPA3,21.49
2024-10-02,USIM5,6.31
2024-10-02,VALE3,64.17
2024-10-02,VAMO3,6.03
2024-10-02,VBBR3,23.39
2024-10-02,VIVA3,28.28
2024-10-02,VIVT3,56.09
2024-10-02,WEGE3,55.35
2024-10-02,YDUQ3,9.22
2024-10-03,ABEV3,13.4
2024-10-03,ALOS3,22.18
2024-10-03,ALPA4,6.89
2024-10-03,AMER3,4.31
2024-10-03,ASAI3,6.74
2024-10-03,AURE3,10.36
2024-10-03,AZUL4,5.94
2024-10-03,AZZA3,40.54
2024-10-03,B3SA3,10.72
2024-10-03,BBAS3,26.9
2024-10-03,BBDC3,13.25
2024-10-03,BBDC4,15.04
2024-10-03,BBSE3,35.12
2024-10-03,BEEF3,6.39
2024-10-03,BHIA3,4.7
2024-10-03,BPAC11,32.29
2024-10-03,BPAN4,9.65
2024-10-03,BRAP4,19.83
2024-10-03,BRAV3,17.75
2024-10-03,BRFS3,23.74
2024-10-03,BRKM5,19.82
2024-10-03,CASH3,3.8
2024-10-03,CCRO3,12.09
2024-10-03,CEAB3,10.04
2024-10-03,CMIG4,11.24
2024-10-03,CMIN3,7.2
2024-10-03,COGN3,1.23
2024-10-03,CPFE3,33.81
2024-10-03,CPLE3,8.92
2024-10-03,CPLE6,9.95
2024-10-03,CRFB3,8.64
2024-10-03,CSAN3,13.09
2024-10-03,CSMG3,23.21
2024-10-03,CSNA3,12.92
2024-10-03,CURY3,22.95
2024-10-03,CVCB3,1.86
2024-10-03,CXSE3,14.4
2024-10-03,CYRE3,21.19
2024-10-03,DIRR3,30.1
2024-10-03,DXCO3,8.64
2024-10-03,ECOR3,6.93
2024-10-03,EGIE3,41.92
2024-10-03,ELET3,38.38
2024-10-03,ELET6,42.5
2024-10-03,EMBR3,45.18
2024-10-03,ENEV3,14.11
2024-10-03,ENGI11,44.13
2024-10-03,EQTL3,32.32
2024-10-03,EZTC3,13.89
2024-10-03,FLRY3,15.15
2024-10-03,GGBR4,18.85
2024-10-03,GOAU4,10.75
2024-10-03,GOLL4,1.04
2024-10-03,HAPV3,4.01
2024-10-03,HYPE3,26.48
2024-10-03,IGTI11,21.18
2024-10-03,IRBR3,43.71
2024-10-03,ITSA4,10.6
2024-10-03,ITUB4,34.84
2024-10-03,JBSS3,32.4
2024-10-03,JHSF3,4.23
2024-10-03,KLBN11,21.16
2024-10-03,LOGG3,23.04
2024-10-03,LREN3,17.96
2024-10-03,LWSA3,4.07
2024-10-03,MGLU3,9.73
2024-10-03,MRFG3,13.63
2024-10-03,MRVE3,7.7
2024-10-03,MULT3,25.38
2024-10-03,NTCO3,14.63
2024-10-03,PCAR3,2.84
2024-10-03,PETR3,41.34
2024-10-03,PETR4,37.94
2024-10-03,PETZ3,4.8
2024-10-03,POMO4,7.9
2024-10-03,PRIO3,44.61
2024-10-03,PSSA3,36.99
2024-10-03,QUAL3,2.05
2024-10-03,RADL3,25.66
2024-10-03,RAIL3,19.77
2024-10-03,RAIZ4,3.06
2024-10-03,RDOR3,30.37
2024-10-03,RECV3,18.38
2024-10-03,RENT3,40.5
2024-10-03,SANB11,28.43
2024-10-03,SBSP3,88.72
2024-10-03,SLCE3,17.96
2024-10-03,SMFT3,21.63
2024-10-03,SMTO3,27.6
2024-10-03,STBP3,14.68
2024-10-03,SUZB3,54.85
2024-10-03,TAEE11,34.18
2024-10-03,TEND3,13.45
2024-10-03,TIMS3,18.07
2024-10-03,TOTS3,28.12
2024-10-03,TRPL4,24.08
2024-10-03,UGPA3,21.11
2024-10-03,USIM5,6.11
2024-10-03,VALE3,62.94
2024-10-03,VAMO3,5.77
2024-10-03,VBBR3,22.95
2024-10-03,VIVA3,27.35
2024-10-03,VIVT3,54.69
2024-10-03,WEGE3,54.6
2024-10-03,YDUQ3,9.37
2024-10-04,ABEV3,13.28
2024-10-04,ALOS3,22.5
2024-10-04,ALPA4,7.05
2024-10-04,AMER3,4.33
2024-10-04,ASAI3,6.97
2024-10-04,AURE3,10.34
2024-10-04,AZUL4,5.88
2024-10-04,AZZA3,41.53
2024-10-04,B3SA3,10.75
2024-10-04,BBAS3,26.86
2024-10-04,BBDC3,13.29
2024-10-04,BBDC4,15.06
2024-10-04,BBSE3,35.08
2024-10-04,BEEF3,6.38
2024-10-04,BHIA3,4.66
2024-10-04,BPAC11,32.5
2024-10-04,BPAN4,9.76
2024-10-04,BRAP4,19.72
2024-10-04,BRAV3,17.96
2024-10-04,BRFS3,23.35
2024-10-04,BRKM5,20.16
2024-10-04,CASH3,3.76
2024-10-04,CCRO3,12.2
2024-10-04,CEAB3,9.95
2024-10-04,CMIG4,11.16
2024-10-04,CMIN3,6.34
2024-10-04,COGN3,1.26
2024-10-04,CPFE3,34.01
2024-10-04,CPLE3,9.0
2024-10-04,CPLE6,10.01
2024-10-04,CRFB3,8.35
2024-10-04,CSAN3,13.25
2024-10-04,CSMG3,22.83
2024-10-04,CSNA3,12.64
2024-10-04,CURY3,22.64
2024-10-04,CVCB3,1.84
2024-10-04,CXSE3,14.41
2024-10-04,CYRE3,21.24
2024-10-04,DIRR3,30.05
2024-10-04,DXCO3,8.65
2024-10-04,ECOR3,6.81
2024-10-04,EGIE3,41.94
2024-10-04,ELET3,38.16
2024-10-04,ELET6,42.58
2024-10-04,EMBR3,45.94
2024-10-04,ENEV3,14.1
2024-10-04,ENGI11,44.25
2024-10-04,EQTL3,32.5
2024-10-04,EZTC3,13.92
2024-10-04,FLRY3,15.15
2024-10-04,GGBR4,19.18
2024-10-04,GOAU4,10.86
2024-10-04,GOLL4,1.05
2024-10-04,HAPV3,4.02
2024-10-04,HYPE3,26.8
2024-10-04,IGTI11,21.6
2024-10-04,IRBR3,44.59
2024-10-04,ITSA4,10.62
2024-10-04,ITUB4,34.91
2024-10-04,JBSS3,32.44
2024-10-04,JHSF3,4.31
2024-10-04,KLBN11,21.32
2024-10-04,LOGG3,23.22
2024-10-04,LREN3,18.11
2024-10-04,LWSA3,4.1
2024-10-04,MGLU3,9.67
2024-10-04,MRFG3,13.46
2024-10-04,MRVE3,7.68
2024-10-04,MULT3,25.79
2024-10-04,NTCO3,14.84
2024-10-04,PCAR3,2.83
2024-10-04,PETR3,41.36
2024-10-04,PETR4,37.84
2024-10-04,PETZ3,4.94
2024-10-04,POMO4,8.03
2024-10-04,PRIO3,44.81
2024-10-04,PSSA3,37.5
2024-10-04,QUAL3,2.05
2024-10-04,RADL3,25.38
2024-10-04,RAIL3,19.95
2024-10-04,RAIZ4,3.05
2024-10-04,RDOR3,30.56
2024-10-04,RECV3,18.37
2024-10-04,RENT3,41.9
2024-10-04,SANB11,28.65
2024-10-04,SBSP3,88.12
2024-10-04,SLCE3,17.93
2024-10-04,SMFT3,22.05
2024-10-04,SMTO3,27.84
2024-10-04,STBP3,14.69
2024-10-04,SUZB3,55.75
2024-10-04,TAEE11,34.26
2024-10-04,TEND3,13.34
2024-10-04,TIMS3,17.75
2024-10-04,TOTS3,27.99
2024-10-04,TRPL4,24.13
2024-10-04,UGPA3,21.18
2024-10-04,USIM5,6.21
2024-10-04,VALE3,62.48
2024-10-04,VAMO3,5.64
2024-10-04,VBBR3,23.09
2024-10-04,VIVA3,27.7
2024-10-04,VIVT3,54.62
2024-10-04,WEGE3,54.5
2024-10-04,YDUQ3,10.17
2024-10-07,ABEV3,13.17
2024-10-07,ALOS3,22.63
2024-10-07,ALPA4,7.01
2024-10-07,AMER3,4.15
2024-10-07,ASAI3,6.77
2024-10-07,AURE3,10.24
2024-10-07,AZUL4,5.75
2024-10-07,AZZA3,40.9
2024-10-07,B3SA3,10.55
2024-10-07,BBAS3,26.99
2024-10-07,BBDC3,13.3
2024-10-07,BBDC4,15.2
2024-10-07,BBSE3,34.43
2024-10-07,BEEF3,6.24
2024-10-07,BHIA3,4.53
2024-10-07,BPAC11,32.38
2024-10-07,BPAN4,9.77
2024-10-07,BRAP4,19.84
2024-10-07,BRAV3,18.39
2024-10-07,BRFS3,22.88
2024-10-07,BRKM5,20.05
2024-10-07,CASH3,3.68
2024-10-07,CCRO3,12.32
2024-10-07,CEAB3,9.62
2024-10-07,CMIG4,11.19
2024-10-07,CMIN3,6.28
2024-10-07,COGN3,1.26
2024-10-07,CPFE3,34.0
2024-10-07,CPLE3,9.05
2024-10-07,CPLE6,10.1
2024-10-07,CRFB3,7.91
2024-10-07,CSAN3,13.05
2024-10-07,CSMG3,22.84
2024-10-07,CSNA3,12.76
2024-10-07,CURY3,22.41
2024-10-07,CVCB3,1.82
2024-10-07,CXSE3,14.26
2024-10-07,CYRE3,21.34
2024-10-07,DIRR3,29.97
2024-10-07,DXCO3,8.33
2024-10-07,ECOR3,6.89
2024-10-07,EGIE3,42.05
2024-10-07,ELET3,38.15
2024-10-07,ELET6,42.57
2024-10-07,EMBR3,45.86
2024-10-07,ENEV3,13.97
2024-10-07,ENGI11,43.82
2024-10-07,EQTL3,32.21
2024-10-07,EZTC3,13.89
2024-10-07,FLRY3,15.06
2024-10-07,GGBR4,19.42
2024-10-07,GOAU4,10.91
2024-10-07,GOLL4,1.05
2024-10-07,HAPV3,3.97
2024-10-07,HYPE3,27.35
2024-10-07,IGTI11,21.74
2024-10-07,IRBR3,43.8
2024-10-07,ITSA4,10.66
2024-10-07,ITUB4,35.14
2024-10-07,JBSS3,32.24
2024-10-07,JHSF3,4.45
2024-10-07,KLBN11,21.38
2024-10-07,LOGG3,23.36
2024-10-07,LREN3,17.7
2024-10-07,LWSA3,4.17
2024-10-07,MGLU3,9.51
2024-10-07,MRFG3,13.45
2024-10-07,MRVE3,7.73
2024-10-07,MULT3,25.84
2024-10-07,NTCO3,15.23
2024-10-07,PCAR3,2.86
2024-10-07,PETR3,42.06
2024-10-07,PETR4,38.37
2024-10-07,PETZ3,4.81
2024-10-07,POMO4,8.05
2024-10-07,PRIO3,45.53
2024-10-07,PSSA3,37.2
2024-10-07,QUAL3,2.02
2024-10-07,RADL3,25.11
2024-10-07,RAIL3,19.93
2024-10-07,RAIZ4,3.04
2024-10-07,RDOR3,30.36
2024-10-07,RECV3,18.55
2024-10-07,RENT3,41.42
2024-10-07,SANB11,28.71
2024-10-07,SBSP3,89.49
2024-10-07,SLCE3,17.59
2024-10-07,SMFT3,21.8
2024-10-07,SMTO3,27.92
2024-10-07,STBP3,14.68
2024-10-07,SUZB3,55.79
2024-10-07,TAEE11,34.55
2024-10-07,TEND3,13.69
2024-10-07,TIMS3,17.49
2024-10-07,TOTS3,28.01
2024-10-07,TRPL4,24.18
2024-10-07,UGPA3,21.04
2024-10-07,USIM5,6.28
2024-10-07,VALE3,63.03
2024-10-07,VAMO3,5.66
2024-10-07,VBBR3,23.19
2024-10-07,VIVA3,27.7
2024-10-07,VIVT3,53.84
2024-10-07,WEGE3,53.4
2024-10-07,YDUQ3,10.15
2024-10-08,ABEV3,13.08
2024-10-08,ALOS3,22.59
2024-10-08,ALPA4,7.02
2024-10-08,AMER3,4.04
2024-10-08,ASAI3,6.82
2024-10-08,AURE3,10.22
2024-10-08,AZUL4,6.18
2024-10-08,AZZA3,41.83
2024-10-08,B3SA3,10.7
2024-10-08,BBAS3,26.98
2024-10-08,BBDC3,13.37
2024-10-08,BBDC4,15.22
2024-10-08,BBSE3,34.3
2024-10-08,BEEF3,6.15
2024-10-08,BHIA3,4.41
2024-10-08,BPAC11,32.61
2024-10-08,BPAN4,9.76
2024-10-08,BRAP4,19.36
2024-10-08,BRAV3,17.91
2024-10-08,BRFS3,23.19
2024-10-08,BRKM5,19.38
2024-10-08,CASH3,3.62
2024-10-08,CCRO3,12.13
2024-10-08,CEAB3,9.74
2024-10-08,CMIG4,11.16
2024-10-08,CMIN3,6.05
2024-10-08,COGN3,1.42
2024-10-08,CPFE3,34.04
2024-10-08,CPLE3,9.18
2024-10-08,CPLE6,10.2
2024-10-08,CRFB3,7.92
2024-10-08,CSAN3,12.8
2024-10-08,CSMG3,22.82
2024-10-08,CSNA3,12.16
2024-10-08,CURY3,22.48
2024-10-08,CVCB3,1.84
2024-10-08,CXSE3,14.32
2024-10-08,CYRE3,21.82
2024-10-08,DIRR3,30.4
2024-10-08,DXCO3,8.26
2024-10-08,ECOR3,6.9
2024-10-08,EGIE3,41.76
2024-10-08,ELET3,38.7
2024-10-08,ELET6,42.85
2024-10-08,EMBR3,45.93
2024-10-08,ENEV3,14.06
2024-10-08,ENGI11,44.0
2024-10-08,EQTL3,32.8
2024-10-08,EZTC3,14.28
2024-10-08,FLRY3,15.15
2024-10-08,GGBR4,19.08
2024-10-08,GOAU4,10.74
2024-10-08,GOLL4,1.06
2024-10-08,HAPV3,3.94
2024-10-08,HYPE3,27.55
2024-10-08,IGTI11,21.59
2024-10-08,IRBR3,44.0
2024-10-08,ITSA4,10.66
2024-10-08,ITUB4,35.35
2024-10-08,JBSS3,32.35
2024-10-08,JHSF3,4.51
2024-10-08,KLBN11,21.3
2024-10-08,LOGG3,23.13
2024-10-08,LREN3,18.0
2024-10-08,LWSA3,4.27
2024-10-08,MGLU3,9.57
2024-10-08,MRFG3,13.46
2024-10-08,MRVE3,7.89
2024-10-08,MULT3,25.74
2024-10-08,NTCO3,15.75
2024-10-08,PCAR3,3.0
2024-10-08,PETR3,41.15
2024-10-08,PETR4,37.6
2024-10-08,PETZ3,4.82
2024-10-08,POMO4,8.15
2024-10-08,PRIO3,44.11
2024-10-08,PSSA3,37.34
2024-10-08,QUAL3,2.06
2024-10-08,RADL3,24.94
2024-10-08,RAIL3,19.65
2024-10-08,RAIZ4,3.02
2024-10-08,RDOR3,30.61
2024-10-08,RECV3,18.17
2024-10-08,RENT3,42.86
2024-10-08,SANB11,28.68
2024-10-08,SBSP3,90.32
2024-10-08,SLCE3,17.67
2024-10-08,SMFT3,22.3
2024-10-08,SMTO3,28.28
2024-10-08,STBP3,14.65
2024-10-08,SUZB3,55.7
2024-10-08,TAEE11,34.45
2024-10-08,TEND3,13.85
2024-10-08,TIMS3,17.52
2024-10-08,TOTS3,28.3
2024-10-08,TRPL4,24.05
2024-10-08,UGPA3,20.98
2024-10-08,USIM5,6.02
2024-10-08,VALE3,61.12
2024-10-08,VAMO3,5.68
2024-10-08,VBBR3,23.28
2024-10-08,VIVA3,28.09
2024-10-08,VIVT3,54.13
2024-10-08,WEGE3,54.31
2024-10-08,YDUQ3,10.69
2024-10-09,ABEV3,13.08
2024-10-09,ALOS3,22.01
2024-10-09,ALPA4,6.83
2024-10-09,AMER3,3.84
2024-10-09,ASAI3,6.5
2024-10-09,AURE3,10.09
2024-10-09,AZUL4,6.18
2024-10-09,AZZA3,41.35
2024-10-09,B3SA3,10.68
2024-10-09,BBAS3,26.43
2024-10-09,BBDC3,13.06
2024-10-09,BBDC4,14.92
2024-10-09,BBSE3,33.85
2024-10-09,BEEF3,5.93
2024-10-09,BHIA3,4.24
2024-10-09,BPAC11,32.42
2024-10-09,BPAN4,9.46
2024-10-09,BRAP4,19.14
2024-10-09,BRAV3,17.75
2024-10-09,BRFS3,22.62
2024-10-09,BRKM5,18.67
2024-10-09,CASH3,3.49
2024-10-09,CCRO3,11.97
2024-10-09,CEAB3,9.85
2024-10-09,CMIG4,11.04
2024-10-09,CMIN3,5.9
2024-10-09,COGN3,1.33
2024-10-09,CPFE3,32.88
2024-10-09,CPLE3,9.11
2024-10-09,CPLE6,10.11
2024-10-09,CRFB3,7.74
2024-10-09,CSAN3,12.44
2024-10-09,CSMG3,22.3
2024-10-09,CSNA3,12.14
2024-10-09,CURY3,22.17
2024-10-09,CVCB3,1.81
2024-10-09,CXSE3,14.01
2024-10-09,CYRE3,21.71
2024-10-09,DIRR3,29.96
2024-10-09,DXCO3,8.04
2024-10-09,ECOR3,6.73
2024-10-09,EGIE3,41.0
2024-10-09,ELET3,38.19
2024-10-09,ELET6,42.37
2024-10-09,EMBR3,45.98
2024-10-09,ENEV3,13.88
2024-10-09,ENGI11,43.48
2024-10-09,EQTL3,32.45
2024-10-09,EZTC3,13.96
2024-10-09,FLRY3,14.95
2024-10-09,GGBR4,19.11
2024-10-09,GOAU4,10.8
2024-10-09,GOLL4,1.06
2024-10-09,HAPV3,3.89
2024-10-09,HYPE3,26.88
2024-10-09,IGTI11,21.1
2024-10-09,IRBR3,42.94
2024-10-09,ITSA4,10.47
2024-10-09,ITUB4,34.7
2024-10-09,JBSS3,32.59
2024-10-09,JHSF3,4.4
2024-10-09,KLBN11,20.98
2024-10-09,LOGG3,22.63
2024-10-09,LREN3,17.64
2024-10-09,LWSA3,4.15
2024-10-09,MGLU3,9.24
2024-10-09,MRFG3,13.0
2024-10-09,MRVE3,7.8
2024-10-09,MULT3,25.44
2024-10-09,NTCO3,15.46
2024-10-09,PCAR3,3.11
2024-10-09,PETR3,40.83
2024-10-09,PETR4,37.22
2024-10-09,PETZ3,4.72
2024-10-09,POMO4,8.02
2024-10-09,PRIO3,43.7
2024-10-09,PSSA3,36.9
2024-10-09,QUAL3,2.06
2024-10-09,RADL3,24.96
2024-10-09,RAIL3,19.24
2024-10-09,RAIZ4,2.98
2024-10-09,RDOR3,30.06
2024-10-09,RECV3,17.67
2024-10-09,RENT3,41.48
2024-10-09,SANB11,28.41
2024-10-09,SBSP3,88.95
2024-10-09,SLCE3,17.53
2024-10-09,SMFT3,22.2
2024-10-09,SMTO3,27.16
2024-10-09,STBP3,14.68
2024-10-09,SUZB3,54.38
2024-10-09,TAEE11,34.19
2024-10-09,TEND3,13.66
2024-10-09,TIMS3,17.3
2024-10-09,TOTS3,28.2
2024-10-09,TRPL4,23.78
2024-10-09,UGPA3,20.69
2024-10-09,USIM5,6.29
2024-10-09,VALE3,60.96
2024-10-09,VAMO3,5.55
2024-10-09,VBBR3,22.85
2024-10-09,VIVA3,27.1
2024-10-09,VIVT3,53.89
2024-10-09,WEGE3,54.0
2024-10-09,YDUQ3,10.0
2024-10-10,ABEV3,13.11
2024-10-10,ALOS3,22.17
2024-10-10,ALPA4,6.95
2024-10-10,AMER3,3.97
2024-10-10,ASAI3,6.65
2024-10-10,AURE3,10.12
2024-10-10,AZUL4,5.81
2024-10-10,AZZA3,41.35
2024-10-10,B3SA3,10.75
2024-10-10,BBAS3,26.2
2024-10-10,BBDC3,13.17
2024-10-10,BBDC4,15.0
2024-10-10,BBSE3,33.84
2024-10-10,BEEF3,5.8
2024-10-10,BHIA3,4.25
2024-10-10,BPAC11,31.99
2024-10-10,BPAN4,9.61
2024-10-10,BRAP4,19.22
2024-10-10,BRAV3,17.62
2024-10-10,BRFS3,23.08
2024-10-10,BRKM5,18.89
2024-10-10,CASH3,3.4
2024-10-10,CCRO3,12.07
2024-10-10,CEAB3,10.28
2024-10-10,CMIG4,11.12
2024-10-10,CMIN3,5.88
2024-10-10,COGN3,1.32
2024-10-10,CPFE3,32.65
2024-10-10,CPLE3,9.13
2024-10-10,CPLE6,10.11
2024-10-10,CRFB3,7.53
2024-10-10,CSAN3,12.48
2024-10-10,CSMG3,22.25
2024-10-10,CSNA3,11.84
2024-10-10,CURY3,22.3
2024-10-10,CVCB3,1.81
2024-10-10,CXSE3,14.06
2024-10-10,CYRE3,21.78
2024-10-10,DIRR3,29.75
2024-10-10,DXCO3,7.97
2024-10-10,ECOR3,7.08
2024-10-10,EGIE3,40.93
2024-10-10,ELET3,38.14
2024-10-10,ELET6,42.36
2024-10-10,EMBR3,46.75
2024-10-10,ENEV3,13.95
2024-10-10,ENGI11,43.51
2024-10-10,EQTL3,32.05
2024-10-10,EZTC3,14.1
2024-10-10,FLRY3,14.76
2024-10-10,GGBR4,19.15
2024-10-10,GOAU4,10.88
2024-10-10,GOLL4,1.08
2024-10-10,HAPV3,3.81
2024-10-10,HYPE3,26.68
2024-10-10,IGTI11,21.44
2024-10-10,IRBR3,43.22
2024-10-10,ITSA4,10.52
2024-10-10,ITUB4,34.89
2024-10-10,JBSS3,32.38
2024-10-10,JHSF3,4.3
2024-10-10,KLBN11,20.45
2024-10-10,LOGG3,22.21
2024-10-10,LREN3,18.1
2024-10-10,LWSA3,4.13
2024-10-10,MGLU3,9.21
2024-10-10,MRFG3,13.14
2024-10-10,MRVE3,7.78
2024-10-10,MULT3,25.94
2024-10-10,NTCO3,15.12
2024-10-10,PCAR3,3.15
2024-10-10,PETR3,41.51
2024-10-10,PETR4,37.65
2024-10-10,PETZ3,4.75
2024-10-10,POMO4,8.24
2024-10-10,PRIO3,44.88
2024-10-10,PSSA3,36.84
2024-10-10,QUAL3,2.07
2024-10-10,RADL3,24.59
2024-10-10,RAIL3,19.27
2024-10-10,RAIZ4,2.98
2024-10-10,RDOR3,30.24
2024-10-10,RECV3,18.1
2024-10-10,RENT3,41.12
2024-10-10,SANB11,28.6
2024-10-10,SBSP3,88.67
2024-10-10,SLCE3,17.22
2024-10-10,SMFT3,21.85
2024-10-10,SMTO3,26.53
2024-10-10,STBP3,14.67
2024-10-10,SUZB3,54.13
2024-10-10,TAEE11,34.43
2024-10-10,TEND3,13.46
2024-10-10,TIMS3,17.2
2024-10-10,TOTS3,28.04
2024-10-10,TRPL4,25.05
2024-10-10,UGPA3,20.91
2024-10-10,USIM5,6.23
2024-10-10,VALE3,61.25
2024-10-10,VAMO3,5.51
2024-10-10,VBBR3,22.76
2024-10-10,VIVA3,26.93
2024-10-10,VIVT3,53.8
2024-10-10,WEGE3,54.18
2024-10-10,YDUQ3,10.07
2024-10-11,ABEV3,12.88
2024-10-11,ALOS3,22.12
2024-10-11,ALPA4,6.89
2024-10-11,AMER3,4.16
2024-10-11,ASAI3,6.72
2024-10-11,AURE3,10.06
2024-10-11,AZUL4,5.93
2024-10-11,AZZA3,41.8
2024-10-11,B3SA3,10.69
2024-10-11,BBAS3,26.33
2024-10-11,BBDC3,12.99
2024-10-11,BBDC4,14.8
2024-10-11,BBSE3,33.86
2024-10-11,BEEF3,5.54
2024-10-11,BHIA3,4.29
2024-10-11,BPAC11,32.15
2024-10-11,BPAN4,9.41
2024-10-11,BRAP4,19.45
2024-10-11,BRAV3,17.44
2024-10-11,BRFS3,22.77
2024-10-11,BRKM5,18.9
2024-10-11,CASH3,3.5
2024-10-11,CCRO3,12.11
2024-10-11,CEAB3,11.02
2024-10-11,CMIG4,11.02
2024-10-11,CMIN3,5.94
2024-10-11,COGN3,1.33
2024-10-11,CPFE3,32.52
2024-10-11,CPLE3,9.0
2024-10-11,CPLE6,10.02
2024-10-11,CRFB3,7.35
2024-10-11,CSAN3,12.1
2024-10-11,CSMG3,21.91
2024-10-11,CSNA3,11.87
2024-10-11,CURY3,22.21
2024-10-11,CVCB3,1.82
2024-10-11,CXSE3,14.21
2024-10-11,CYRE3,21.4
2024-10-11,DIRR3,29.05
2024-10-11,DXCO3,8.03
2024-10-11,ECOR3,7.12
2024-10-11,EGIE3,40.59
2024-10-11,ELET3,38.13
2024-10-11,ELET6,42.2
2024-10-11,EMBR3,45.37
2024-10-11,ENEV3,13.93
2024-10-11,ENGI11,43.39
2024-10-11,EQTL3,31.84
2024-10-11,EZTC3,14.12
2024-10-11,FLRY3,14.81
2024-10-11,GGBR4,18.43
2024-10-11,GOAU4,10.47
2024-10-11,GOLL4,1.08
2024-10-11,HAPV3,3.87
2024-10-11,HYPE3,26.62
2024-10-11,IGTI11,21.2
2024-10-11,IRBR3,43.47
2024-10-11,ITSA4,10.47
2024-10-11,ITUB4,34.63
2024-10-11,JBSS3,31.87
2024-10-11,JHSF3,4.23
2024-10-11,KLBN11,20.15
2024-10-11,LOGG3,21.83
2024-10-11,LREN3,18.71
2024-10-11,LWSA3,4.06
2024-10-11,MGLU3,9.45
2024-10-11,MRFG3,12.7
2024-10-11,MRVE3,7.36
2024-10-11,MULT3,25.6
2024-10-11,NTCO3,14.9
2024-10-11,PCAR3,3.27
2024-10-11,PETR3,41.44
2024-10-11,PETR4,37.62
2024-10-11,PETZ3,4.88
2024-10-11,POMO4,8.11
2024-10-11,PRIO3,44.26
2024-10-11,PSSA3,36.26
2024-10-11,QUAL3,2.21
2024-10-11,RADL3,24.38
2024-10-11,RAIL3,19.13
2024-10-11,RAIZ4,2.95
2024-10-11,RDOR3,29.96
2024-10-11,RECV3,18.19
2024-10-11,RENT3,41.58
2024-10-11,SANB11,28.58
2024-10-11,SBSP3,88.1
2024-10-11,SLCE3,17.1
2024-10-11,SMFT3,21.9
2024-10-11,SMTO3,26.42
2024-10-11,STBP3,14.73
2024-10-11,SUZB3,54.2
2024-10-11,TAEE11,34.18
2024-10-11,TEND3,13.41
2024-10-11,TIMS3,16.98
2024-10-11,TOTS3,28.0
2024-10-11,TRPL4,24.71
2024-10-11,UGPA3,20.84
2024-10-11,USIM5,6.25
2024-10-11,VALE3,62.13
2024-10-11,VAMO3,5.6
2024-10-11,VBBR3,22.87
2024-10-11,VIVA3,26.92
2024-10-11,VIVT3,52.67
2024-10-11,WEGE3,54.17
2024-10-11,YDUQ3,10.32
2024-10-14,ABEV3,12.92
2024-10-14,ALOS3,22.32
2024-10-14,ALPA4,6.93
2024-10-14,AMER3,3.97
2024-10-14,ASAI3,7.14
2024-10-14,AURE3,10.15
2024-10-14,AZUL4,6.06
2024-10-14,AZZA3,42.04
2024-10-14,B3SA3,10.88
2024-10-14,BBAS3,26.52
2024-10-14,BBDC3,13.17
2024-10-14,BBDC4,15.02
2024-10-14,BBSE3,33.97
2024-10-14,BEEF3,5.55
2024-10-14,BHIA3,4.48
2024-10-14,BPAC11,32.62
2024-10-14,BPAN4,9.56
2024-10-14,BRAP4,19.45
2024-10-14,BRAV3,17.28
2024-10-14,BRFS3,22.96
2024-10-14,BRKM5,18.82
2024-10-14,CASH3,3.69
2024-10-14,CCRO3,12.32
2024-10-14,CEAB3,11.65
2024-10-14,CMIG4,11.11
2024-10-14,CMIN3,5.98
2024-10-14,COGN3,1.35
2024-10-14,CPFE3,32.67
2024-10-14,CPLE3,9.08
2024-10-14,CPLE6,10.12
2024-10-14,CRFB3,7.42
2024-10-14,CSAN3,12.24
2024-10-14,CSMG3,21.94
2024-10-14,CSNA3,11.84
2024-10-14,CURY3,22.36
2024-10-14,CVCB3,1.85
2024-10-14,CXSE3,14.4
2024-10-14,CYRE3,21.67
2024-10-14,DIRR3,29.74
2024-10-14,DXCO3,8.18
2024-10-14,ECOR3,7.17
2024-10-14,EGIE3,40.75
2024-10-14,ELET3,38.92
2024-10-14,ELET6,42.87
2024-10-14,EMBR3,46.23
2024-10-14,ENEV3,14.03
2024-10-14,ENGI11,44.01
2024-10-14,EQTL3,32.69
2024-10-14,EZTC3,14.22
2024-10-14,FLRY3,14.8
2024-10-14,GGBR4,18.46
2024-10-14,GOAU4,10.54
2024-10-14,GOLL4,1.08
2024-10-14,HAPV3,3.85
2024-10-14,HYPE3,27.13
2024-10-14,IGTI11,21.32
2024-10-14,IRBR3,44.0
2024-10-14,ITSA4,10.56
2024-10-14,ITUB4,34.85
2024-10-14,JBSS3,32.74
2024-10-14,JHSF3,4.36
2024-10-14,KLBN11,20.17
2024-10-14,LOGG3,22.29
2024-10-14,LREN3,18.91
2024-10-14,LWSA3,4.27
2024-10-14,MGLU3,9.8
2024-10-14,MRFG3,13.17
2024-10-14,MRVE3,7.46
2024-10-14,MULT3,25.86
2024-10-14,NTCO3,15.42
2024-10-14,PCAR3,3.27
2024-10-14,PETR3,41.37
2024-10-14,PETR4,37.71
2024-10-14,PETZ3,4.98
2024-10-14,POMO4,8.39
2024-10-14,PRIO3,43.43
2024-10-14,PSSA3,36.61
2024-10-14,QUAL3,2.24
2024-10-14,RADL3,24.69
2024-10-14,RAIL3,19.1
2024-10-14,RAIZ4,2.96
2024-10-14,RDOR3,29.97
2024-10-14,RECV3,17.9
2024-10-14,RENT3,42.46
2024-10-14,SANB11,28.91
2024-10-14,SBSP3,90.01
2024-10-14,SLCE3,17.16
2024-10-14,SMFT3,22.23
2024-10-14,SMTO3,26.46
2024-10-14,STBP3,14.78
2024-10-14,SUZB3,54.69
2024-10-14,TAEE11,34.45
2024-10-14,TEND3,13.58
2024-10-14,TIMS3,16.9
2024-10-14,TOTS3,28.27
2024-10-14,TRPL4,24.84
2024-10-14,UGPA3,20.97
2024-10-14,USIM5,6.27
2024-10-14,VALE3,61.93
2024-10-14,VAMO3,5.66
2024-10-14,VBBR3,22.9
2024-10-14,VIVA3,26.8
2024-10-14,VIVT3,53.19
2024-10-14,WEGE3,55.04
2024-10-14,YDUQ3,10.49
2024-10-15,ABEV3,12.88
2024-10-15,ALOS3,22.49
2024-10-15,ALPA4,6.92
2024-10-15,AMER3,3.88
2024-10-15,ASAI3,7.01
2024-10-15,AURE3,10.17
2024-10-15,AZUL4,5.88
2024-10-15,AZZA3,42.03
2024-10-15,B3SA3,10.84
2024-10-15,BBAS3,26.47
2024-10-15,BBDC3,13.2
2024-10-15,BBDC4,15.15
2024-10-15,BBSE3,33.93
2024-10-15,BEEF3,5.51
2024-10-15,BHIA3,4.46
2024-10-15,BPAC11,33.1
2024-10-15,BPAN4,9.42
2024-10-15,BRAP4,19.2
2024-10-15,BRAV3,17.2
2024-10-15,BRFS3,23.3
2024-10-15,BRKM5,18.62
2024-10-15,CASH3,3.62
2024-10-15,CCRO3,12.34
2024-10-15,CEAB3,11.65
2024-10-15,CMIG4,11.09
2024-10-15,CMIN3,5.95
2024-10-15,COGN3,1.35
2024-10-15,CPFE3,32.77
2024-10-15,CPLE3,9.02
2024-10-15,CPLE6,10.12
2024-10-15,CRFB3,7.29
2024-10-15,CSAN3,12.12
2024-10-15,CSMG3,22.09
2024-10-15,CSNA3,11.68
2024-10-15,CURY3,22.55
2024-10-15,CVCB3,1.84
2024-10-15,CXSE3,14.35
2024-10-15,CYRE3,22.0
2024-10-15,DIRR3,29.9
2024-10-15,DXCO3,8.27
2024-10-15,ECOR3,7.18
2024-10-15,EGIE3,41.16
2024-10-15,ELET3,38.7
2024-10-15,ELET6,42.68
2024-10-15,EMBR3,45.69
2024-10-15,ENEV3,14.28
2024-10-15,ENGI11,43.99
2024-10-15,EQTL3,32.68
2024-10-15,EZTC3,14.33
2024-10-15,FLRY3,15.06
2024-10-15,GGBR4,18.34
2024-10-15,GOAU4,10.45
2024-10-15,GOLL4,1.08
2024-10-15,HAPV3,3.85
2024-10-15,HYPE3,27.14
2024-10-15,IGTI11,21.35
2024-10-15,IRBR3,44.0
2024-10-15,ITSA4,10.61
2024-10-15,ITUB4,35.25
2024-10-15,JBSS3,33.57
2024-10-15,JHSF3,4.4
2024-10-15,KLBN11,20.36
2024-10-15,LOGG3,22.08
2024-10-15,LREN3,18.95
2024-10-15,LWSA3,4.45
2024-10-15,MGLU3,9.7
2024-10-15,MRFG3,13.39
2024-10-15,MRVE3,7.48
2024-10-15,MULT3,26.12
2024-10-15,NTCO3,15.17
2024-10-15,PCAR3,3.26
2024-10-15,PETR3,40.9
2024-10-15,PETR4,37.4
2024-10-15,PETZ3,5.02
2024-10-15,POMO4,8.52
2024-10-15,PRIO3,43.3
2024-10-15,PSSA3,36.95
2024-10-15,QUAL3,2.27
2024-10-15,RADL3,24.86
2024-10-15,RAIL3,19.1
2024-10-15,RAIZ4,3.01
2024-10-15,RDOR3,30.13
2024-10-15,RECV3,17.53
2024-10-15,RENT3,42.62
2024-10-15,SANB11,28.94
2024-10-15,SBSP3,91.1
2024-10-15,SLCE3,17.33
2024-10-15,SMFT3,22.76
2024-10-15,SMTO3,26.82
2024-10-15,STBP3,14.76
2024-10-15,SUZB3,54.72
2024-10-15,TAEE11,34.7
2024-10-15,TEND3,13.66
2024-10-15,TIMS3,17.28
2024-10-15,TOTS3,28.16
2024-10-15,TRPL4,24.61
2024-10-15,UGPA3,20.64
2024-10-15,USIM5,6.12
2024-10-15,VALE3,61.17
2024-10-15,VAMO3,5.67
2024-10-15,VBBR3,23.27
2024-10-15,VIVA3,26.75
2024-10-15,VIVT3,53.15
2024-10-15,WEGE3,56.53
2024-10-15,YDUQ3,10.25
2024-10-16,ABEV3,12.94
2024-10-16,ALOS3,22.53
2024-10-16,ALPA4,7.03
2024-10-16,AMER3,3.81
2024-10-16,ASAI3,7.12
2024-10-16,AURE3,10.28
2024-10-16,AZUL4,6.11
2024-10-16,AZZA3,41.36
2024-10-16,B3SA3,10.98
2024-10-16,BBAS3,26.76
2024-10-16,BBDC3,13.23
2024-10-16,BBDC4,15.1
2024-10-16,BBSE3,34.04
2024-10-16,BEEF3,5.49
2024-10-16,BHIA3,4.5
2024-10-16,BPAC11,33.22
2024-10-16,BPAN4,9.48
2024-10-16,BRAP4,19.47
2024-10-16,BRAV3,17.19
2024-10-16,BRFS3,23.27
2024-10-16,BRKM5,18.6
2024-10-16,CASH3,3.59
2024-10-16,CCRO3,12.41
2024-10-16,CEAB3,12.36
2024-10-16,CMIG4,11.15
2024-10-16,CMIN3,5.91
2024-10-16,COGN3,1.39
2024-10-16,CPFE3,32.87
2024-10-16,CPLE3,9.03
2024-10-16,CPLE6,10.08
2024-10-16,CRFB3,7.41
2024-10-16,CSAN3,12.06
2024-10-16,CSMG3,22.0
2024-10-16,CSNA3,11.94
2024-10-16,CURY3,23.12
2024-10-16,CVCB3,1.86
2024-10-16,CXSE3,14.29
2024-10-16,CYRE3,22.4
2024-10-16,DIRR3,30.44
2024-10-16,DXCO3,8.17
2024-10-16,ECOR3,7.28
2024-10-16,EGIE3,41.51
2024-10-16,ELET3,38.12
2024-10-16,ELET6,42.29
2024-10-16,EMBR3,48.77
2024-10-16,ENEV3,14.31
2024-10-16,ENGI11,44.31
2024-10-16,EQTL3,32.82
2024-10-16,EZTC3,14.33
2024-10-16,FLRY3,15.25
2024-10-16,GGBR4,18.26
2024-10-16,GOAU4,10.32
2024-10-16,GOLL4,1.14
2024-10-16,HAPV3,3.86
2024-10-16,HYPE3,26.76
2024-10-16,IGTI11,21.38
2024-10-16,IRBR3,43.27
2024-10-16,ITSA4,10.58
2024-10-16,ITUB4,35.04
2024-10-16,JBSS3,34.09
2024-10-16,JHSF3,4.61
2024-10-16,KLBN11,20.31
2024-10-16,LOGG3,22.2
2024-10-16,LREN3,18.79
2024-10-16,LWSA3,4.35
2024-10-16,MGLU3,9.8
2024-10-16,MRFG3,13.39
2024-10-16,MRVE3,7.5
2024-10-16,MULT3,26.04
2024-10-16,NTCO3,15.11
2024-10-16,PCAR3,3.3
2024-10-16,PETR3,40.78
2024-10-16,PETR4,37.21
2024-10-16,PETZ3,4.95
2024-10-16,POMO4,8.76
2024-10-16,PRIO3,42.77
2024-10-16,PSSA3,37.22
2024-10-16,QUAL3,2.27
2024-10-16,RADL3,25.59
2024-10-16,RAIL3,19.25
2024-10-16,RAIZ4,3.01
2024-10-16,RDOR3,30.54
2024-10-16,RECV3,17.65
2024-10-16,RENT3,43.15
2024-10-16,SANB11,29.04
2024-10-16,SBSP3,92.0
2024-10-16,SLCE3,17.44
2024-10-16,SMFT3,23.29
2024-10-16,SMTO3,26.47
2024-10-16,STBP3,14.73
2024-10-16,SUZB3,54.46
2024-10-16,TAEE11,35.01
2024-10-16,TEND3,13.91
2024-10-16,TIMS3,17.65
2024-10-16,TOTS3,28.6
2024-10-16,TRPL4,24.74
2024-10-16,UGPA3,21.14
2024-10-16,USIM5,6.17
2024-10-16,VALE3,62.34
2024-10-16,VAMO3,5.89
2024-10-16,VBBR3,23.1
2024-10-16,VIVA3,26.87
2024-10-16,VIVT3,54.3
2024-10-16,WEGE3,57.19
2024-10-16,YDUQ3,10.58
2024-10-17,ABEV3,12.86
2024-10-17,ALOS3,22.47
2024-10-17,ALPA4,6.92
2024-10-17,AMER3,3.95
2024-10-17,ASAI3,7.06
2024-10-17,AURE3,10.32
2024-10-17,AZUL4,6.08
2024-10-17,AZZA3,41.0
2024-10-17,B3SA3,10.72
2024-10-17,BBAS3,26.72
2024-10-17,BBDC3,13.29
2024-10-17,BBDC4,15.2
2024-10-17,BBSE3,33.99
2024-10-17,BEEF3,5.45
2024-10-17,BHIA3,4.32
2024-10-17,BPAC11,33.19
2024-10-17,BPAN4,9.45
2024-10-17,BRAP4,19.07
2024-10-17,BRAV3,17.57
2024-10-17,BRFS3,23.89
2024-10-17,BRKM5,18.27
2024-10-17,CASH3,3.53
2024-10-17,CCRO3,12.23
2024-10-17,CEAB3,12.25
2024-10-17,CMIG4,11.1
2024-10-17,CMIN3,5.94
2024-10-17,COGN3,1.37
2024-10-17,CPFE3,32.71
2024-10-17,CPLE3,8.9
2024-10-17,CPLE6,9.93
2024-10-17,CRFB3,7.29
2024-10-17,CSAN3,11.89
2024-10-17,CSMG3,22.09
2024-10-17,CSNA3,11.67
2024-10-17,CURY3,23.09
2024-10-17,CVCB3,1.84
2024-10-17,CXSE3,14.4
2024-10-17,CYRE3,21.9
2024-10-17,DIRR3,30.18
2024-10-17,DXCO3,8.09
2024-10-17,ECOR3,7.03
2024-10-17,EGIE3,41.28
2024-10-17,ELET3,38.13
2024-10-17,ELET6,42.18
2024-10-17,EMBR3,48.1
2024-10-17,ENEV3,14.13
2024-10-17,ENGI11,43.72
2024-10-17,EQTL3,32.69
2024-10-17,EZTC3,14.06
2024-10-17,FLRY3,14.91
2024-10-17,GGBR4,18.19
2024-10-17,GOAU4,10.3
2024-10-17,GOLL4,1.11
2024-10-17,HAPV3,3.72
2024-10-17,HYPE3,25.94
2024-10-17,IGTI11,21.22
2024-10-17,IRBR3,42.04
2024-10-17,ITSA4,10.58
2024-10-17,ITUB4,35.11
2024-10-17,JBSS3,34.61
2024-10-17,JHSF3,4.45
2024-10-17,KLBN11,20.53
2024-10-17,LOGG3,22.36
2024-10-17,LREN3,18.71
2024-10-17,LWSA3,4.35
2024-10-17,MGLU3,9.57
2024-10-17,MRFG3,13.73
2024-10-17,MRVE3,7.36
2024-10-17,MULT3,26.04
2024-10-17,NTCO3,14.8
2024-10-17,PCAR3,3.27
2024-10-17,PETR3,40.59
2024-10-17,PETR4,36.93
2024-10-17,PETZ3,4.98
2024-10-17,POMO4,8.83
2024-10-17,PRIO3,42.7
2024-10-17,PSSA3,37.0
2024-10-17,QUAL3,2.2
2024-10-17,RADL3,25.34
2024-10-17,RAIL3,19.45
2024-10-17,RAIZ4,2.96
2024-10-17,RDOR3,30.09
2024-10-17,RECV3,17.5
2024-10-17,RENT3,42.65
2024-10-17,SANB11,28.89
2024-10-17,SBSP3,92.59
2024-10-17,SLCE3,17.17
2024-10-17,SMFT3,23.31
2024-10-17,SMTO3,25.84
2024-10-17,STBP3,12.9
2024-10-17,SUZB3,55.01
2024-10-17,TAEE11,34.68
2024-10-17,TEND3,13.9
2024-10-17,TIMS3,17.55
2024-10-17,TOTS3,28.37
2024-10-17,TRPL4,24.44
2024-10-17,UGPA3,20.85
2024-10-17,USIM5,6.07
2024-10-17,VALE3,60.76
2024-10-17,VAMO3,5.78
2024-10-17,VBBR3,22.64
2024-10-17,VIVA3,27.01
2024-10-17,VIVT3,54.5
2024-10-17,WEGE3,56.22
2024-10-17,YDUQ3,10.2
2024-10-18,ABEV3,12.88
2024-10-18,ALOS3,22.38
2024-10-18,ALPA4,6.94
2024-10-18,AMER3,3.85
2024-10-18,ASAI3,7.09
2024-10-18,AURE3,10.4
2024-10-18,AZUL4,5.93
2024-10-18,AZZA3,40.39
2024-10-18,B3SA3,10.65
2024-10-18,BBAS3,26.69
2024-10-18,BBDC3,13.34
2024-10-18,BBDC4,15.32
2024-10-18,BBSE3,33.82
2024-10-18,BEEF3,5.62
2024-10-18,BHIA3,4.38
2024-10-18,BPAC11,33.13
2024-10-18,BPAN4,9.18
2024-10-18,BRAP4,18.98
2024-10-18,BRAV3,16.95
2024-10-18,BRFS3,24.35
2024-10-18,BRKM5,18.14
2024-10-18,CASH3,3.4
2024-10-18,CCRO3,12.2
2024-10-18,CEAB3,12.14
2024-10-18,CMIG4,11.04
2024-10-18,CMIN3,5.93
2024-10-18,COGN3,1.35
2024-10-18,CPFE3,32.6
2024-10-18,CPLE3,8.9
2024-10-18,CPLE6,9.9
2024-10-18,CRFB3,6.98
2024-10-18,CSAN3,11.81
2024-10-18,CSMG3,22.13
2024-10-18,CSNA3,11.67
2024-10-18,CURY3,23.4
2024-10-18,CVCB3,1.86
2024-10-18,CXSE3,14.43
2024-10-18,CYRE3,21.66
2024-10-18,DIRR3,29.95
2024-10-18,DXCO3,8.07
2024-10-18,ECOR3,6.98
2024-10-18,EGIE3,41.39
2024-10-18,ELET3,37.77
2024-10-18,ELET6,42.11
2024-10-18,EMBR3,47.98
2024-10-18,ENEV3,14.42
2024-10-18,ENGI11,43.55
2024-10-18,EQTL3,32.48
2024-10-18,EZTC3,13.93
2024-10-18,FLRY3,14.92
2024-10-18,GGBR4,18.4
2024-10-18,GOAU4,10.32
2024-10-18,GOLL4,1.08
2024-10-18,HAPV3,3.76
2024-10-18,HYPE3,25.67
2024-10-18,IGTI11,21.26
2024-10-18,IRBR3,41.65
2024-10-18,ITSA4,10.61
2024-10-18,ITUB4,35.28
2024-10-18,JBSS3,34.71
2024-10-18,JHSF3,4.41
2024-10-18,KLBN11,20.71
2024-10-18,LOGG3,21.99
2024-10-18,LREN3,18.4
2024-10-18,LWSA3,4.5
2024-10-18,MGLU3,9.4
2024-10-18,MRFG3,14.55
2024-10-18,MRVE3,7.22
2024-10-18,MULT3,25.93
2024-10-18,NTCO3,14.89
2024-10-18,PCAR3,3.17
2024-10-18,PETR3,40.37
2024-10-18,PETR4,36.83
2024-10-18,PETZ3,4.94
2024-10-18,POMO4,8.88
2024-10-18,PRIO3,42.18
2024-10-18,PSSA3,36.91
2024-10-18,QUAL3,2.13
2024-10-18,RADL3,25.16
2024-10-18,RAIL3,19.19
2024-10-18,RAIZ4,2.91
2024-10-18,RDOR3,29.94
2024-10-18,RECV3,17.1
2024-10-18,RENT3,42.25
2024-10-18,SANB11,28.64
2024-10-18,SBSP3,91.09
2024-10-18,SLCE3,17.05
2024-10-18,SMFT3,22.4
2024-10-18,SMTO3,25.78
2024-10-18,STBP3,12.89
2024-10-18,SUZB3,55.77
2024-10-18,TAEE11,34.9
2024-10-18,TEND3,14.15
2024-10-18,TIMS3,17.64
2024-10-18,TOTS3,28.54
2024-10-18,TRPL4,24.46
2024-10-18,UGPA3,20.8
2024-10-18,USIM5,6.12
2024-10-18,VALE3,60.55
2024-10-18,VAMO3,5.81
2024-10-18,VBBR3,22.61
2024-10-18,VIVA3,26.16
2024-10-18,VIVT3,54.81
2024-10-18,WEGE3,55.22
2024-10-18,YDUQ3,10.24
2024-10-21,ABEV3,12.83
2024-10-21,ALOS3,22.53
2024-10-21,ALPA4,7.02
2024-10-21,AMER3,3.87
2024-10-21,ASAI3,7.23
2024-10-21,AURE3,10.26
2024-10-21,AZUL4,5.97
2024-10-21,AZZA3,40.89
2024-10-21,B3SA3,10.85
2024-10-21,BBAS3,26.62
2024-10-21,BBDC3,13.31
2024-10-21,BBDC4,15.28
2024-10-21,BBSE3,33.95
2024-10-21,BEEF3,5.62
2024-10-21,BHIA3,4.39
2024-10-21,BPAC11,32.75
2024-10-21,BPAN4,9.13
2024-10-21,BRAP4,19.0
2024-10-21,BRAV3,17.17
2024-10-21,BRFS3,24.32
2024-10-21,BRKM5,18.11
2024-10-21,CASH3,3.46
2024-10-21,CCRO3,12.31
2024-10-21,CEAB3,11.95
2024-10-21,CMIG4,11.12
2024-10-21,CMIN3,6.0
2024-10-21,COGN3,1.38
2024-10-21,CPFE3,32.7
2024-10-21,CPLE3,8.97
2024-10-21,CPLE6,9.99
2024-10-21,CRFB3,6.92
2024-10-21,CSAN3,11.73
2024-10-21,CSMG3,22.39
2024-10-21,CSNA3,11.68
2024-10-21,CURY3,23.43
2024-10-21,CVCB3,1.9
2024-10-21,CXSE3,14.29
2024-10-21,CYRE3,21.52
2024-10-21,DIRR3,30.02
2024-10-21,DXCO3,8.11
2024-10-21,ECOR3,7.16
2024-10-21,EGIE3,41.45
2024-10-21,ELET3,38.18
2024-10-21,ELET6,42.27
2024-10-21,EMBR3,49.98
2024-10-21,ENEV3,14.25
2024-10-21,ENGI11,43.77
2024-10-21,EQTL3,32.59
2024-10-21,EZTC3,14.0
2024-10-21,FLRY3,14.96
2024-10-21,GGBR4,18.34
2024-10-21,GOAU4,10.33
2024-10-21,GOLL4,1.08
2024-10-21,HAPV3,3.65
2024-10-21,HYPE3,26.16
2024-10-21,IGTI11,21.49
2024-10-21,IRBR3,42.46
2024-10-21,ITSA4,10.62
2024-10-21,ITUB4,35.1
2024-10-21,JBSS3,34.84
2024-10-21,JHSF3,4.48
2024-10-21,KLBN11,20.73
2024-10-21,LOGG3,21.95
2024-10-21,LREN3,18.45
2024-10-21,LWSA3,4.54
2024-10-21,MGLU3,9.67
2024-10-21,MRFG3,14.72
2024-10-21,MRVE3,7.16
2024-10-21,MULT3,26.03
2024-10-21,NTCO3,14.64
2024-10-21,PCAR3,3.14
2024-10-21,PETR3,39.63
2024-10-21,PETR4,36.25
2024-10-21,PETZ3,4.89
2024-10-21,POMO4,8.84
2024-10-21,PRIO3,41.92
2024-10-21,PSSA3,36.78
2024-10-21,QUAL3,2.2
2024-10-21,RADL3,25.34
2024-10-21,RAIL3,19.15
2024-10-21,RAIZ4,2.88
2024-10-21,RDOR3,29.6
2024-10-21,RECV3,17.2
2024-10-21,RENT3,42.52
2024-10-21,SANB11,28.49
2024-10-21,SBSP3,92.14
2024-10-21,SLCE3,17.28
2024-10-21,SMFT3,21.5
2024-10-21,SMTO3,26.09
2024-10-21,STBP3,12.94
2024-10-21,SUZB3,56.27
2024-10-21,TAEE11,34.71
2024-10-21,TEND3,14.45
2024-10-21,TIMS3,17.41
2024-10-21,TOTS3,28.83
2024-10-21,TRPL4,24.55
2024-10-21,UGPA3,20.88
2024-10-21,USIM5,6.27
2024-10-21,VALE3,60.33
2024-10-21,VAMO3,6.05
2024-10-21,VBBR3,22.69
2024-10-21,VIVA3,25.86
2024-10-21,VIVT3,54.45
2024-10-21,WEGE3,55.04
2024-10-21,YDUQ3,10.5
2024-10-22,ABEV3,12.82
2024-10-22,ALOS3,21.98
2024-10-22,ALPA4,7.04
2024-10-22,AMER3,3.84
2024-10-22,ASAI3,7.29
2024-10-22,AURE3,10.2
2024-10-22,AZUL4,5.63
2024-10-22,AZZA3,40.23
2024-10-22,B3SA3,10.61
2024-10-22,BBAS3,26.3
2024-10-22,BBDC3,13.24
2024-10-22,BBDC4,15.18
2024-10-22,BBSE3,34.34
2024-10-22,BEEF3,5.54
2024-10-22,BHIA3,4.24
2024-10-22,BPAC11,32.33
2024-10-22,BPAN4,8.97
2024-10-22,BRAP4,19.08
2024-10-22,BRAV3,17.27
2024-10-22,BRFS3,24.26
2024-10-22,BRKM5,17.8
2024-10-22,CASH3,3.52
2024-10-22,CCRO3,12.1
2024-10-22,CEAB3,11.62
2024-10-22,CMIG4,11.06
2024-10-22,CMIN3,5.96
2024-10-22,COGN3,1.36
2024-10-22,CPFE3,32.73
2024-10-22,CPLE3,8.87
2024-10-22,CPLE6,9.89
2024-10-22,CRFB3,7.06
2024-10-22,CSAN3,11.69
2024-10-22,CSMG3,22.31
2024-10-22,CSNA3,11.49
2024-10-22,CURY3,23.38
2024-10-22,CVCB3,1.88
2024-10-22,CXSE3,14.3
2024-10-22,CYRE3,21.4
2024-10-22,DIRR3,30.04
2024-10-22,DXCO3,8.07
2024-10-22,ECOR3,6.9
2024-10-22,EGIE3,41.02
2024-10-22,ELET3,38.5
2024-10-22,ELET6,42.53
2024-10-22,EMBR3,49.63
2024-10-22,ENEV3,13.97
2024-10-22,ENGI11,43.42
2024-10-22,EQTL3,32.32
2024-10-22,EZTC3,13.41
2024-10-22,FLRY3,15.12
2024-10-22,GGBR4,18.17
2024-10-22,GOAU4,10.21
2024-10-22,GOLL4,1.1
2024-10-22,HAPV3,3.69
2024-10-22,HYPE3,28.11
2024-10-22,IGTI11,21.07
2024-10-22,IRBR3,42.49
2024-10-22,ITSA4,10.63
2024-10-22,ITUB4,35.16
2024-10-22,JBSS3,35.2
2024-10-22,JHSF3,4.36
2024-10-22,KLBN11,20.77
2024-10-22,LOGG3,21.75
2024-10-22,LREN3,18.16
2024-10-22,LWSA3,4.41
2024-10-22,MGLU3,9.3
2024-10-22,MRFG3,14.41
2024-10-22,MRVE3,6.88
2024-10-22,MULT3,25.38
2024-10-22,NTCO3,14.11
2024-10-22,PCAR3,3.22
2024-10-22,PETR3,39.44
2024-10-22,PETR4,36.11
2024-10-22,PETZ3,4.74
2024-10-22,POMO4,8.85
2024-10-22,PRIO3,41.61
2024-10-22,PSSA3,37.3
2024-10-22,QUAL3,2.13
2024-10-22,RADL3,25.26
2024-10-22,RAIL3,18.9
2024-10-22,RAIZ4,2.85
2024-10-22,RDOR3,29.83
2024-10-22,RECV3,17.0
2024-10-22,RENT3,42.55
2024-10-22,SANB11,28.19
2024-10-22,SBSP3,91.07
2024-10-22,SLCE3,17.35
2024-10-22,SMFT3,21.35
2024-10-22,SMTO3,25.94
2024-10-22,STBP3,12.87
2024-10-22,SUZB3,57.58
2024-10-22,TAEE11,34.35
2024-10-22,TEND3,14.26
2024-10-22,TIMS3,17.21
2024-10-22,TOTS3,28.85
2024-10-22,TRPL4,24.5
2024-10-22,UGPA3,20.32
2024-10-22,USIM5,6.15
2024-10-22,VALE3,60.41
2024-10-22,VAMO3,6.23
2024-10-22,VBBR3,22.23
2024-10-22,VIVA3,25.53
2024-10-22,VIVT3,53.61
2024-10-22,WEGE3,55.95
2024-10-22,YDUQ3,10.37
2024-10-23,ABEV3,12.75
2024-10-23,ALOS3,21.98
2024-10-23,ALPA4,7.09
2024-10-23,AMER3,3.77
2024-10-23,ASAI3,7.27
2024-10-23,AURE3,10.16
2024-10-23,AZUL4,5.48
2024-10-23,AZZA3,40.4
2024-10-23,B3SA3,10.62
2024-10-23,BBAS3,26.33
2024-10-23,BBDC3,13.2
2024-10-23,BBDC4,15.12
2024-10-23,BBSE3,34.32
2024-10-23,BEEF3,5.56
2024-10-23,BHIA3,4.23
2024-10-23,BPAC11,32.27
2024-10-23,BPAN4,9.01
2024-10-23,BRAP4,18.7
2024-10-23,BRAV3,17.04
2024-10-23,BRFS3,24.35
2024-10-23,BRKM5,17.7
2024-10-23,CASH3,3.49
2024-10-23,CCRO3,12.05
2024-10-23,CEAB3,11.38
2024-10-23,CMIG4,11.06
2024-10-23,CMIN3,5.85
2024-10-23,COGN3,1.42
2024-10-23,CPFE3,32.81
2024-10-23,CPLE3,8.81
2024-10-23,CPLE6,9.85
2024-10-23,CRFB3,7.43
2024-10-23,CSAN3,11.73
2024-10-23,CSMG3,22.28
2024-10-23,CSNA3,11.46
2024-10-23,CURY3,23.7
2024-10-23,CVCB3,1.89
2024-10-23,CXSE3,14.38
2024-10-23,CYRE3,21.3
2024-10-23,DIRR3,30.19
2024-10-23,DXCO3,7.97
2024-10-23,ECOR3,7.1
2024-10-23,EGIE3,40.92
2024-10-23,ELET3,38.04
2024-10-23,ELET6,42.11
2024-10-23,EMBR3,49.15
2024-10-23,ENEV3,13.83
2024-10-23,ENGI11,42.85
2024-10-23,EQTL3,31.96
2024-10-23,EZTC3,13.5
2024-10-23,FLRY3,15.1
2024-10-23,GGBR4,17.96
2024-10-23,GOAU4,10.07
2024-10-23,GOLL4,1.07
2024-10-23,HAPV3,3.81
2024-10-23,HYPE3,27.32
2024-10-23,IGTI11,21.14
2024-10-23,IRBR3,47.71
2024-10-23,ITSA4,10.67
2024-10-23,ITUB4,35.38
2024-10-23,JBSS3,35.15
2024-10-23,JHSF3,4.4
2024-10-23,KLBN11,20.63
2024-10-23,LOGG3,22.2
2024-10-23,LREN3,17.96
2024-10-23,LWSA3,4.28
2024-10-23,MGLU3,9.15
2024-10-23,MRFG3,14.5
2024-10-23,MRVE3,6.95
2024-10-23,MULT3,25.44
2024-10-23,NTCO3,14.06
2024-10-23,PCAR3,3.32
2024-10-23,PETR3,38.88
2024-10-23,PETR4,35.66
2024-10-23,PETZ3,4.69
2024-10-23,POMO4,8.59
2024-10-23,PRIO3,41.2
2024-10-23,PSSA3,37.83
2024-10-23,QUAL3,2.17
2024-10-23,RADL3,24.65
2024-10-23,RAIL3,19.0
2024-10-23,RAIZ4,2.87
2024-10-23,RDOR3,29.36
2024-10-23,RECV3,16.89
2024-10-23,RENT3,42.37
2024-10-23,SANB11,28.54
2024-10-23,SBSP3,90.14
2024-10-23,SLCE3,17.2
2024-10-23,SMFT3,21.36
2024-10-23,SMTO3,25.7
2024-10-23,STBP3,12.75
2024-10-23,SUZB3,57.55
2024-10-23,TAEE11,34.3
2024-10-23,TEND3,14.33
2024-10-23,TIMS3,17.23
2024-10-23,TOTS3,28.67
2024-10-23,TRPL4,24.4
2024-10-23,UGPA3,20.25
2024-10-23,USIM5,6.27
2024-10-23,VALE3,59.35
2024-10-23,VAMO3,6.28
2024-10-23,VBBR3,22.19
2024-10-23,VIVA3,24.88
2024-10-23,VIVT3,53.67
2024-10-23,WEGE3,56.2
2024-10-23,YDUQ3,10.79
2024-10-24,ABEV3,12.83
2024-10-24,ALOS3,22.1
2024-10-24,ALPA4,7.24
2024-10-24,AMER3,3.78
2024-10-24,ASAI3,7.47
2024-10-24,AURE3,10.26
2024-10-24,AZUL4,5.51
2024-10-24,AZZA3,41.49
2024-10-24,B3SA3,10.78
2024-10-24,BBAS3,26.36
2024-10-24,BBDC3,13.26
2024-10-24,BBDC4,15.15
2024-10-24,BBSE3,34.36
2024-10-24,BEEF3,5.55
2024-10-24,BHIA3,4.32
2024-10-24,BPAC11,32.61
2024-10-24,BPAN4,9.08
2024-10-24,BRAP4,18.81
2024-10-24,BRAV3,17.02
2024-10-24,BRFS3,24.43
2024-10-24,BRKM5,17.4
2024-10-24,CASH3,3.49
2024-10-24,CCRO3,12.15
2024-10-24,CEAB3,11.97
2024-10-24,CMIG4,11.22
2024-10-24,CMIN3,5.84
2024-10-24,COGN3,1.48
2024-10-24,CPFE3,33.04
2024-10-24,CPLE3,8.74
2024-10-24,CPLE6,9.8
2024-10-24,CRFB3,7.47
2024-10-24,CSAN3,11.82
2024-10-24,CSMG3,22.52
2024-10-24,CSNA3,11.69
2024-10-24,CURY3,24.41
2024-10-24,CVCB3,1.98
2024-10-24,CXSE3,14.34
2024-10-24,CYRE3,21.65
2024-10-24,DIRR3,30.71
2024-10-24,DXCO3,8.4
2024-10-24,ECOR3,7.24
2024-10-24,EGIE3,41.26
2024-10-24,ELET3,38.3
2024-10-24,ELET6,42.46
2024-10-24,EMBR3,49.52
2024-10-24,ENEV3,13.66
2024-10-24,ENGI11,43.37
2024-10-24,EQTL3,32.24
2024-10-24,EZTC3,13.62
2024-10-24,FLRY3,15.14
2024-10-24,GGBR4,17.92
2024-10-24,GOAU4,10.08
2024-10-24,GOLL4,1.1
2024-10-24,HAPV3,3.78
2024-10-24,HYPE3,27.74
2024-10-24,IGTI11,21.22
2024-10-24,IRBR3,44.22
2024-10-24,ITSA4,10.76
2024-10-24,ITUB4,35.7
2024-10-24,JBSS3,34.75
2024-10-24,JHSF3,4.49
2024-10-24,KLBN11,20.43
2024-10-24,LOGG3,22.73
2024-10-24,LREN3,18.83
2024-10-24,LWSA3,4.42
2024-10-24,MGLU3,9.48
2024-10-24,MRFG3,14.42
2024-10-24,MRVE3,7.07
2024-10-24,MULT3,25.11
2024-10-24,NTCO3,14.26
2024-10-24,PCAR3,3.23
2024-10-24,PETR3,39.01
2024-10-24,PETR4,35.9
2024-10-24,PETZ3,4.78
2024-10-24,POMO4,8.44
2024-10-24,PRIO3,41.96
2024-10-24,PSSA3,38.4
2024-10-24,QUAL3,2.17
2024-10-24,RADL3,25.0
2024-10-24,RAIL3,19.1
2024-10-24,RAIZ4,2.92
2024-10-24,RDOR3,29.96
2024-10-24,RECV3,17.07
2024-10-24,RENT3,43.5
2024-10-24,SANB11,28.63
2024-10-24,SBSP3,90.71
2024-10-24,SLCE3,17.38
2024-10-24,SMFT3,21.8
2024-10-24,SMTO3,25.75
2024-10-24,STBP3,12.8
2024-10-24,SUZB3,57.4
2024-10-24,TAEE11,34.45
2024-10-24,TEND3,14.5
2024-10-24,TIMS3,17.26
2024-10-24,TOTS3,28.63
2024-10-24,TRPL4,24.6
2024-10-24,UGPA3,20.43
2024-10-24,USIM5,6.37
2024-10-24,VALE3,59.7
2024-10-24,VAMO3,6.39
2024-10-24,VBBR3,22.17
2024-10-24,VIVA3,25.5
2024-10-24,VIVT3,53.77
2024-10-24,WEGE3,56.27
2024-10-24,YDUQ3,11.03
2024-10-25,ABEV3,12.75
2024-10-25,ALOS3,21.9
2024-10-25,ALPA4,7.13
2024-10-25,AMER3,3.86
2024-10-25,ASAI3,7.27
2024-10-25,AURE3,10.38
2024-10-25,AZUL4,5.36
2024-10-25,AZZA3,40.53
2024-10-25,B3SA3,10.71
2024-10-25,BBAS3,26.37
2024-10-25,BBDC3,13.11
2024-10-25,BBDC4,14.93
2024-10-25,BBSE3,34.3
2024-10-25,BEEF3,5.49
2024-10-25,BHIA3,4.21
2024-10-25,BPAC11,32.57
2024-10-25,BPAN4,9.0
2024-10-25,BRAP4,19.38
2024-10-25,BRAV3,17.03
2024-10-25,BRFS3,24.41
2024-10-25,BRKM5,17.33
2024-10-25,CASH3,3.51
2024-10-25,CCRO3,12.06
2024-10-25,CEAB3,12.91
2024-10-25,CMIG4,11.15
2024-10-25,CMIN3,5.95
2024-10-25,COGN3,1.43
2024-10-25,CPFE3,32.71
2024-10-25,CPLE3,8.7
2024-10-25,CPLE6,9.75
2024-10-25,CRFB3,7.01
2024-10-25,CSAN3,11.75
2024-10-25,CSMG3,22.55
2024-10-25,CSNA3,11.8
2024-10-25,CURY3,24.55
2024-10-25,CVCB3,2.08
2024-10-25,CXSE3,14.49
2024-10-25,CYRE3,21.15
2024-10-25,DIRR3,30.71
2024-10-25,DXCO3,8.45
2024-10-25,ECOR3,6.89
2024-10-25,EGIE3,40.8
2024-10-25,ELET3,37.95
2024-10-25,ELET6,42.19
2024-10-25,EMBR3,49.56
2024-10-25,ENEV3,13.38
2024-10-25,ENGI11,43.04
2024-10-25,EQTL3,31.79
2024-10-25,EZTC3,13.42
2024-10-25,FLRY3,15.03
2024-10-25,GGBR4,17.99
2024-10-25,GOAU4,10.08
2024-10-25,GOLL4,1.1
2024-10-25,HAPV3,3.64
2024-10-25,HYPE3,26.2
2024-10-25,IGTI11,21.06
2024-10-25,IRBR3,41.35
2024-10-25,ITSA4,10.65
2024-10-25,ITUB4,35.3
2024-10-25,JBSS3,34.62
2024-10-25,JHSF3,4.4
2024-10-25,KLBN11,20.84
2024-10-25,LOGG3,22.31
2024-10-25,LREN3,18.47
2024-10-25,LWSA3,4.33
2024-10-25,MGLU3,9.13
2024-10-25,MRFG3,14.45
2024-10-25,MRVE3,6.98
2024-10-25,MULT3,25.1
2024-10-25,NTCO3,14.06
2024-10-25,PCAR3,3.17
2024-10-25,PETR3,39.4
2024-10-25,PETR4,36.15
2024-10-25,PETZ3,4.86
2024-10-25,POMO4,8.55
2024-10-25,PRIO3,41.65
2024-10-25,PSSA3,38.34
2024-10-25,QUAL3,2.13
2024-10-25,RADL3,24.44
2024-10-25,RAIL3,19.22
2024-10-25,RAIZ4,2.83
2024-10-25,RDOR3,29.12
2024-10-25,RECV3,16.96
2024-10-25,RENT3,42.13
2024-10-25,SANB11,28.56
2024-10-25,SBSP3,91.3
2024-10-25,SLCE3,17.22
2024-10-25,SMFT3,21.4
2024-10-25,SMTO3,25.54
2024-10-25,STBP3,12.82
2024-10-25,SUZB3,59.0
2024-10-25,TAEE11,34.35
2024-10-25,TEND3,14.51
2024-10-25,TIMS3,16.95
2024-10-25,TOTS3,28.87
2024-10-25,TRPL4,24.43
2024-10-25,UGPA3,20.1
2024-10-25,USIM5,6.64
2024-10-25,VALE3,61.73
2024-10-25,VAMO3,6.32
2024-10-25,VBBR3,21.91
2024-10-25,VIVA3,24.71
2024-10-25,VIVT3,53.43
2024-10-25,WEGE3,55.47
2024-10-25,YDUQ3,10.68
2024-10-28,ABEV3,12.89
2024-10-28,ALOS3,22.14
2024-10-28,ALPA4,7.2
2024-10-28,AMER3,3.88
2024-10-28,ASAI3,7.42
2024-10-28,AURE3,10.34
2024-10-28,AZUL4,6.11
2024-10-28,AZZA3,40.83
2024-10-28,B3SA3,10.89
2024-10-28,BBAS3,26.32
2024-10-28,BBDC3,13.33
2024-10-28,BBDC4,15.2
2024-10-28,BBSE3,34.38
2024-10-28,BEEF3,5.62
2024-10-28,BHIA3,4.28
2024-10-28,BPAC11,33.28
2024-10-28,BPAN4,8.87
2024-10-28,BRAP4,19.72
2024-10-28,BRAV3,16.8
2024-10-28,BRFS3,25.56
2024-10-28,BRKM5,17.94
2024-10-28,CASH3,3.55
2024-10-28,CCRO3,12.25
2024-10-28,CEAB3,12.52
2024-10-28,CMIG4,11.29
2024-10-28,CMIN3,6.06
2024-10-28,COGN3,1.45
2024-10-28,CPFE3,32.93
2024-10-28,CPLE3,8.72
2024-10-28,CPLE6,9.77
2024-10-28,CRFB3,7.1
2024-10-28,CSAN3,12.07
2024-10-28,CSMG3,22.68
2024-10-28,CSNA3,12.06
2024-10-28,CURY3,24.73
2024-10-28,CVCB3,2.14
2024-10-28,CXSE3,14.51
2024-10-28,CYRE3,21.21
2024-10-28,DIRR3,30.54
2024-10-28,DXCO3,8.58
2024-10-28,ECOR3,7.15
2024-10-28,EGIE3,40.92
2024-10-28,ELET3,38.37
2024-10-28,ELET6,42.45
2024-10-28,EMBR3,48.94
2024-10-28,ENEV3,13.43
2024-10-28,ENGI11,42.89
2024-10-28,EQTL3,31.68
2024-10-28,EZTC3,13.51
2024-10-28,FLRY3,15.15
2024-10-28,GGBR4,18.28
2024-10-28,GOAU4,10.2
2024-10-28,GOLL4,1.15
2024-10-28,HAPV3,3.71
2024-10-28,HYPE3,23.92
2024-10-28,IGTI11,21.3
2024-10-28,IRBR3,44.16
2024-10-28,ITSA4,10.77
2024-10-28,ITUB4,35.73
2024-10-28,JBSS3,36.07
2024-10-28,JHSF3,4.49
2024-10-28,KLBN11,20.7
2024-10-28,LOGG3,22.4
2024-10-28,LREN3,18.51
2024-10-28,LWSA3,4.39
2024-10-28,MGLU3,9.47
2024-10-28,MRFG3,14.76
2024-10-28,MRVE3,7.08
2024-10-28,MULT3,25.06
2024-10-28,NTCO3,14.14
2024-10-28,PCAR3,3.14
2024-10-28,PETR3,39.32
2024-10-28,PETR4,36.09
2024-10-28,PETZ3,4.97
2024-10-28,POMO4,8.55
2024-10-28,PRIO3,40.95
2024-10-28,PSSA3,38.61
2024-10-28,QUAL3,2.23
2024-10-28,RADL3,24.42
2024-10-28,RAIL3,19.8
2024-10-28,RAIZ4,2.87
2024-10-28,RDOR3,29.96
2024-10-28,RECV3,16.85
2024-10-28,RENT3,42.38
2024-10-28,SANB11,28.87
2024-10-28,SBSP3,91.73
2024-10-28,SLCE3,17.2
2024-10-28,SMFT3,21.58
2024-10-28,SMTO3,25.37
2024-10-28,STBP3,12.79
2024-10-28,SUZB3,59.5
2024-10-28,TAEE11,34.52
2024-10-28,TEND3,14.47
2024-10-28,TIMS3,17.19
2024-10-28,TOTS3,29.27
2024-10-28,TRPL4,24.47
2024-10-28,UGPA3,20.93
2024-10-28,USIM5,6.63
2024-10-28,VALE3,62.88
2024-10-28,VAMO3,6.28
2024-10-28,VBBR3,22.33
2024-10-28,VIVA3,25.22
2024-10-28,VIVT3,53.86
2024-10-28,WEGE3,56.26
2024-10-28,YDUQ3,10.83
2024-10-29,ABEV3,12.98
2024-10-29,ALOS3,22.03
2024-10-29,ALPA4,7.13
2024-10-29,AMER3,3.86
2024-10-29,ASAI3,7.55
2024-10-29,AURE3,10.36
2024-10-29,AZUL4,5.83
2024-10-29,AZZA3,40.16
2024-10-29,B3SA3,10.83
2024-10-29,BBAS3,26.17
2024-10-29,BBDC3,13.15
2024-10-29,BBDC4,14.98
2024-10-29,BBSE3,34.5
2024-10-29,BEEF3,5.79
2024-10-29,BHIA3,4.08
2024-10-29,BPAC11,32.96
2024-10-29,BPAN4,8.6
2024-10-29,BRAP4,19.7
2024-10-29,BRAV3,17.04
2024-10-29,BRFS3,25.52
2024-10-29,BRKM5,17.88
2024-10-29,CASH3,3.44
2024-10-29,CCRO3,12.2
2024-10-29,CEAB3,12.46
2024-10-29,CMIG4,11.37
2024-10-29,CMIN3,6.01
2024-10-29,COGN3,1.42
2024-10-29,CPFE3,32.55
2024-10-29,CPLE3,8.77
2024-10-29,CPLE6,9.88
2024-10-29,CRFB3,7.23
2024-10-29,CSAN3,12.09
2024-10-29,CSMG3,22.89
2024-10-29,CSNA3,11.76
2024-10-29,CURY3,25.1
2024-10-29,CVCB3,2.07
2024-10-29,CXSE3,14.48
2024-10-29,CYRE3,21.23
2024-10-29,DIRR3,31.14
2024-10-29,DXCO3,8.49
2024-10-29,ECOR3,7.04
2024-10-29,EGIE3,40.95
2024-10-29,ELET3,38.05
2024-10-29,ELET6,42.3
2024-10-29,EMBR3,50.12
2024-10-29,ENEV3,13.2
2024-10-29,ENGI11,42.58
2024-10-29,EQTL3,32.04
2024-10-29,EZTC3,13.57
2024-10-29,FLRY3,14.79
2024-10-29,GGBR4,18.48
2024-10-29,GOAU4,10.24
2024-10-29,GOLL4,1.15
2024-10-29,HAPV3,3.6
2024-10-29,HYPE3,24.09
2024-10-29,IGTI11,21.05
2024-10-29,IRBR3,43.9
2024-10-29,ITSA4,10.7
2024-10-29,ITUB4,35.35
2024-10-29,JBSS3,36.4
2024-10-29,JHSF3,4.32
2024-10-29,KLBN11,20.56
2024-10-29,LOGG3,22.32
2024-10-29,LREN3,18.5
2024-10-29,LWSA3,4.26
2024-10-29,MGLU3,9.23
2024-10-29,MRFG3,15.2
2024-10-29,MRVE3,6.96
2024-10-29,MULT3,25.04
2024-10-29,NTCO3,14.08
2024-10-29,PCAR3,3.04
2024-10-29,PETR3,39.22
2024-10-29,PETR4,36.01
2024-10-29,PETZ3,4.93
2024-10-29,POMO4,8.55
2024-10-29,PRIO3,40.5
2024-10-29,PSSA3,38.49
2024-10-29,QUAL3,2.08
2024-10-29,RADL3,23.98
2024-10-29,RAIL3,19.9
2024-10-29,RAIZ4,2.83
2024-10-29,RDOR3,30.13
2024-10-29,RECV3,16.69
2024-10-29,RENT3,42.15
2024-10-29,SANB11,27.39
2024-10-29,SBSP3,92.08
2024-10-29,SLCE3,17.19
2024-10-29,SMFT3,21.47
2024-10-29,SMTO3,25.39
2024-10-29,STBP3,12.59
2024-10-29,SUZB3,59.56
2024-10-29,TAEE11,34.51
2024-10-29,TEND3,14.74
2024-10-29,TIMS3,16.34
2024-10-29,TOTS3,29.2
2024-10-29,TRPL4,24.29
2024-10-29,UGPA3,21.09
2024-10-29,USIM5,6.43
2024-10-29,VALE3,62.66
2024-10-29,VAMO3,6.25
2024-10-29,VBBR3,22.2
2024-10-29,VIVA3,25.01
2024-10-29,VIVT3,51.91
2024-10-29,WEGE3,56.94
2024-10-29,YDUQ3,10.6
2024-10-30,ABEV3,12.93
2024-10-30,ALOS3,22.13
2024-10-30,ALPA4,7.25
2024-10-30,AMER3,3.88
2024-10-30,ASAI3,7.68
2024-10-30,AURE3,10.44
2024-10-30,AZUL4,5.79
2024-10-30,AZZA3,40.7
2024-10-30,B3SA3,10.78
2024-10-30,BBAS3,26.37
2024-10-30,BBDC3,13.19
2024-10-30,BBDC4,15.03
2024-10-30,BBSE3,34.5
2024-10-30,BEEF3,5.96
2024-10-30,BHIA3,4.17
2024-10-30,BPAC11,32.65
2024-10-30,BPAN4,8.56
2024-10-30,BRAP4,19.71
2024-10-30,BRAV3,17.03
2024-10-30,BRFS3,25.5
2024-10-30,BRKM5,17.68
2024-10-30,CASH3,3.42
2024-10-30,CCRO3,12.17
2024-10-30,CEAB3,13.2
2024-10-30,CMIG4,11.38
2024-10-30,CMIN3,6.07
2024-10-30,COGN3,1.46
2024-10-30,CPFE3,32.74
2024-10-30,CPLE3,8.76
2024-10-30,CPLE6,9.85
2024-10-30,CRFB3,7.47
2024-10-30,CSAN3,12.03
2024-10-30,CSMG3,22.9
2024-10-30,CSNA3,11.78
2024-10-30,CURY3,25.17
2024-10-30,CVCB3,2.16
2024-10-30,CXSE3,14.45
2024-10-30,CYRE3,21.87
2024-10-30,DIRR3,31.35
2024-10-30,DXCO3,8.37
2024-10-30,ECOR3,7.0
2024-10-30,EGIE3,41.25
2024-10-30,ELET3,38.22
2024-10-30,ELET6,42.35
2024-10-30,EMBR3,49.08
2024-10-30,ENEV3,13.21
2024-10-30,ENGI11,42.99
2024-10-30,EQTL3,32.31
2024-10-30,EZTC3,13.82
2024-10-30,FLRY3,14.9
2024-10-30,GGBR4,18.42
2024-10-30,GOAU4,10.29
2024-10-30,GOLL4,1.15
2024-10-30,HAPV3,3.6
2024-10-30,HYPE3,24.1
2024-10-30,IGTI11,21.2
2024-10-30,IRBR3,43.14
2024-10-30,ITSA4,10.67
2024-10-30,ITUB4,35.25
2024-10-30,JBSS3,36.7
2024-10-30,JHSF3,4.41
2024-10-30,KLBN11,20.79
2024-10-30,LOGG3,22.8
2024-10-30,LREN3,18.62
2024-10-30,LWSA3,4.24
2024-10-30,MGLU3,9.6
2024-10-30,MRFG3,15.41
2024-10-30,MRVE3,7.17
2024-10-30,MULT3,25.46
2024-10-30,NTCO3,14.02
2024-10-30,PCAR3,3.12
2024-10-30,PETR3,38.88
2024-10-30,PETR4,35.85
2024-10-30,PETZ3,4.99
2024-10-30,POMO4,8.5
2024-10-30,PRIO3,41.21
2024-10-30,PSSA3,38.75
2024-10-30,QUAL3,2.27
2024-10-30,RADL3,24.6
2024-10-30,RAIL3,19.78
2024-10-30,RAIZ4,2.84
2024-10-30,RDOR3,29.62
2024-10-30,RECV3,16.99
2024-10-30,RENT3,42.63
2024-10-30,SANB11,27.95
2024-10-30,SBSP3,92.7
2024-10-30,SLCE3,17.35
2024-10-30,SMFT3,22.07
2024-10-30,SMTO3,25.87
2024-10-30,STBP3,12.59
2024-10-30,SUZB3,60.39
2024-10-30,TAEE11,34.78
2024-10-30,TEND3,15.06
2024-10-30,TIMS3,16.63
2024-10-30,TOTS3,29.5
2024-10-30,TRPL4,24.43
2024-10-30,UGPA3,20.82
2024-10-30,USIM5,6.57
2024-10-30,VALE3,62.47
2024-10-30,VAMO3,6.38
2024-10-30,VBBR3,22.31
2024-10-30,VIVA3,25.65
2024-10-30,VIVT3,52.68
2024-10-30,WEGE3,54.0
2024-10-30,YDUQ3,10.85
2024-10-31,ABEV3,12.64
2024-10-31,ALOS3,22.12
2024-10-31,ALPA4,7.17
2024-10-31,AMER3,3.7
2024-10-31,ASAI3,7.49
2024-10-31,AURE3,10.25
2024-10-31,AZUL4,5.68
2024-10-31,AZZA3,41.24
2024-10-31,B3SA3,10.62
2024-10-31,BBAS3,26.33
2024-10-31,BBDC3,12.74
2024-10-31,BBDC4,14.37
2024-10-31,BBSE3,34.27
2024-10-31,BEEF3,5.8
2024-10-31,BHIA3,4.12
2024-10-31,BPAC11,32.52
2024-10-31,BPAN4,8.5
2024-10-31,BRAP4,19.64
2024-10-31,BRAV3,16.98
2024-10-31,BRFS3,26.23
2024-10-31,BRKM5,17.56
2024-10-31,CASH3,3.42
2024-10-31,CCRO3,12.25
2024-10-31,CEAB3,13.03
2024-10-31,CMIG4,11.37
2024-10-31,CMIN3,6.21
2024-10-31,COGN3,1.41
2024-10-31,CPFE3,32.77
2024-10-31,CPLE3,8.71
2024-10-31,CPLE6,9.81
2024-10-31,CRFB3,7.49
2024-10-31,CSAN3,11.82
2024-10-31,CSMG3,23.05
2024-10-31,CSNA3,11.77
2024-10-31,CURY3,24.44
2024-10-31,CVCB3,2.05
2024-10-31,CXSE3,14.4
2024-10-31,CYRE3,21.74
2024-10-31,DIRR3,31.28
2024-10-31,DXCO3,8.28
2024-10-31,ECOR3,7.13
2024-10-31,EGIE3,41.47
2024-10-31,ELET3,37.97
2024-10-31,ELET6,42.21
2024-10-31,EMBR3,48.48
2024-10-31,ENEV3,13.08
2024-10-31,ENGI11,43.15
2024-10-31,EQTL3,32.12
2024-10-31,EZTC3,13.97
2024-10-31,FLRY3,14.82
2024-10-31,GGBR4,18.3
2024-10-31,GOAU4,10.27
2024-10-31,GOLL4,1.11
2024-10-31,HAPV3,3.52
2024-10-31,HYPE3,22.1
2024-10-31,IGTI11,21.14
2024-10-31,IRBR3,43.34
2024-10-31,ITSA4,10.61
2024-10-31,ITUB4,35.02
2024-10-31,JBSS3,36.01
2024-10-31,JHSF3,4.44
2024-10-31,KLBN11,20.86
2024-10-31,LOGG3,22.62
2024-10-31,LREN3,18.57
2024-10-31,LWSA3,4.15
2024-10-31,MGLU3,9.46
2024-10-31,MRFG3,15.69
2024-10-31,MRVE3,6.92
2024-10-31,MULT3,25.59
2024-10-31,NTCO3,13.71
2024-10-31,PCAR3,3.0
2024-10-31,PETR3,39.06
2024-10-31,PETR4,35.91
2024-10-31,PETZ3,4.94
2024-10-31,POMO4,8.46
2024-10-31,PRIO3,40.98
2024-10-31,PSSA3,38.15
2024-10-31,QUAL3,2.27
2024-10-31,RADL3,24.34
2024-10-31,RAIL3,19.9
2024-10-31,RAIZ4,2.8
2024-10-31,RDOR3,29.36
2024-10-31,RECV3,16.98
2024-10-31,RENT3,42.02
2024-10-31,SANB11,27.2
2024-10-31,SBSP3,92.08
2024-10-31,SLCE3,17.01
2024-10-31,SMFT3,21.85
2024-10-31,SMTO3,25.32
2024-10-31,STBP3,12.63
2024-10-31,SUZB3,59.77
2024-10-31,TAEE11,35.02
2024-10-31,TEND3,15.01
2024-10-31,TIMS3,16.58
2024-10-31,TOTS3,29.84
2024-10-31,TRPL4,24.29
2024-10-31,UGPA3,20.89
2024-10-31,USIM5,6.61
2024-10-31,VALE3,62.06
2024-10-31,VAMO3,6.29
2024-10-31,VBBR3,22.31
2024-10-31,VIVA3,25.57
2024-10-31,VIVT3,52.64
2024-10-31,WEGE3,54.11
2024-10-31,YDUQ3,10.61
2024-11-01,ABEV3,12.54
2024-11-01,ALOS3,21.56
2024-11-01,ALPA4,7.22
2024-11-01,AMER3,3.48
2024-11-01,ASAI3,7.33
2024-11-01,AURE3,10.22
2024-11-01,AZUL4,5.31
2024-11-01,AZZA3,40.0
2024-11-01,B3SA3,10.42
2024-11-01,BBAS3,26.09
2024-11-01,BBDC3,12.52
2024-11-01,BBDC4,14.11
2024-11-01,BBSE3,34.28
2024-11-01,BEEF3,5.76
2024-11-01,BHIA3,4.11
2024-11-01,BPAC11,31.69
2024-11-01,BPAN4,8.01
2024-11-01,BRAP4,19.77
2024-11-01,BRAV3,16.6
2024-11-01,BRFS3,25.82
2024-11-01,BRKM5,17.24
2024-11-01,CASH3,3.4
2024-11-01,CCRO3,11.85
2024-11-01,CEAB3,12.72
2024-11-01,CMIG4,11.36
2024-11-01,CMIN3,6.18
2024-11-01,COGN3,1.36
2024-11-01,CPFE3,32.42
2024-11-01,CPLE3,8.52
2024-11-01,CPLE6,9.56
2024-11-01,CRFB3,7.54
2024-11-01,CSAN3,11.5
2024-11-01,CSMG3,23.29
2024-11-01,CSNA3,11.65
2024-11-01,CURY3,23.96
2024-11-01,CVCB3,1.94
2024-11-01,CXSE3,14.54
2024-11-01,CYRE3,21.3
2024-11-01,DIRR3,30.65
2024-11-01,DXCO3,8.06
2024-11-01,ECOR3,6.71
2024-11-01,EGIE3,41.11
2024-11-01,ELET3,36.72
2024-11-01,ELET6,41.17
2024-11-01,EMBR3,48.47
2024-11-01,ENEV3,12.66
2024-11-01,ENGI11,41.9
2024-11-01,EQTL3,31.41
2024-11-01,EZTC3,14.88
2024-11-01,FLRY3,14.24
2024-11-01,GGBR4,18.2
2024-11-01,GOAU4,10.17
2024-11-01,GOLL4,1.11
2024-11-01,HAPV3,3.33
2024-11-01,HYPE3,22.72
2024-11-01,IGTI11,20.4
2024-11-01,IRBR3,41.69
2024-11-01,ITSA4,10.51
2024-11-01,ITUB4,34.81
2024-11-01,JBSS3,35.5
2024-11-01,JHSF3,4.31
2024-11-01,KLBN11,21.02
2024-11-01,LOGG3,22.4
2024-11-01,LREN3,18.11
2024-11-01,LWSA3,4.09
2024-11-01,MGLU3,8.86
2024-11-01,MRFG3,15.37
2024-11-01,MRVE3,6.75
2024-11-01,MULT3,25.04
2024-11-01,NTCO3,13.62
2024-11-01,PCAR3,2.93
2024-11-01,PETR3,38.3
2024-11-01,PETR4,35.42
2024-11-01,PETZ3,4.99
2024-11-01,POMO4,8.32
2024-11-01,PRIO3,39.85
2024-11-01,PSSA3,38.0
2024-11-01,QUAL3,2.31
2024-11-01,RADL3,24.3
2024-11-01,RAIL3,19.45
2024-11-01,RAIZ4,2.85
2024-11-01,RDOR3,28.77
2024-11-01,RECV3,16.5
2024-11-01,RENT3,40.76
2024-11-01,SANB11,26.8
2024-11-01,SBSP3,89.39
2024-11-01,SLCE3,17.3
2024-11-01,SMFT3,21.06
2024-11-01,SMTO3,26.64
2024-11-01,STBP3,12.68
2024-11-01,SUZB3,59.99
2024-11-01,TAEE11,34.62
2024-11-01,TEND3,14.87
2024-11-01,TIMS3,16.52
2024-11-01,TOTS3,30.95
2024-11-01,TRPL4,24.1
2024-11-01,UGPA3,20.5
2024-11-01,USIM5,6.32
2024-11-01,VALE3,62.03
2024-11-01,VAMO3,5.77
2024-11-01,VBBR3,22.12
2024-11-01,VIVA3,24.74
2024-11-01,VIVT3,52.39
2024-11-01,WEGE3,54.7
2024-11-01,YDUQ3,10.14
2024-11-04,ABEV3,12.67
2024-11-04,ALOS3,22.26
2024-11-04,ALPA4,7.33
2024-11-04,AMER3,3.58
2024-11-04,ASAI3,7.72
2024-11-04,AURE3,10.4
2024-11-04,AZUL4,5.15
2024-11-04,AZZA3,41.43
2024-11-04,B3SA3,10.86
2024-11-04,BBAS3,26.24
2024-11-04,BBDC3,12.48
2024-11-04,BBDC4,14.11
2024-11-04,BBSE3,34.64
2024-11-04,BEEF3,5.93
2024-11-04,BHIA3,4.26
2024-11-04,BPAC11,33.1
2024-11-04,BPAN4,8.21
2024-11-04,BRAP4,20.11
2024-11-04,BRAV3,16.99
2024-11-04,BRFS3,26.01
2024-11-04,BRKM5,17.06
2024-11-04,CASH3,3.5
2024-11-04,CCRO3,12.31
2024-11-04,CEAB3,13.43
2024-11-04,CMIG4,11.62
2024-11-04,CMIN3,6.3
2024-11-04,COGN3,1.51
2024-11-04,CPFE3,32.9
2024-11-04,CPLE3,8.65
2024-11-04,CPLE6,9.75
2024-11-04,CRFB3,8.14
2024-11-04,CSAN3,12.08
2024-11-04,CSMG3,23.18
2024-11-04,CSNA3,11.94
2024-11-04,CURY3,24.1
2024-11-04,CVCB3,2.12
2024-11-04,CXSE3,15.08
2024-11-04,CYRE3,21.95
2024-11-04,DIRR3,30.99
2024-11-04,DXCO3,8.37
2024-11-04,ECOR3,7.2
2024-11-04,EGIE3,41.74
2024-11-04,ELET3,37.82
2024-11-04,ELET6,42.24
2024-11-04,EMBR3,48.8
2024-11-04,ENEV3,12.89
2024-11-04,ENGI11,43.16
2024-11-04,EQTL3,32.15
2024-11-04,EZTC3,15.45
2024-11-04,FLRY3,14.55
2024-11-04,GGBR4,18.23
2024-11-04,GOAU4,10.26
2024-11-04,GOLL4,1.12
2024-11-04,HAPV3,3.46
2024-11-04,HYPE3,22.27
2024-11-04,IGTI11,21.06
2024-11-04,IRBR3,42.39
2024-11-04,ITSA4,10.67
2024-11-04,ITUB4,35.28
2024-11-04,JBSS3,36.09
2024-11-04,JHSF3,4.58
2024-11-04,KLBN11,22.04
2024-11-04,LOGG3,22.56
2024-11-04,LREN3,18.82
2024-11-04,LWSA3,4.42
2024-11-04,MGLU3,9.78
2024-11-04,MRFG3,15.9
2024-11-04,MRVE3,7.21
2024-11-04,MULT3,25.66
2024-11-04,NTCO3,14.61
2024-11-04,PCAR3,3.17
2024-11-04,PETR3,38.34
2024-11-04,PETR4,35.5
2024-11-04,PETZ3,5.23
2024-11-04,POMO4,8.84
2024-11-04,PRIO3,40.88
2024-11-04,PSSA3,37.6
2024-11-04,QUAL3,2.55
2024-11-04,RADL3,25.18
2024-11-04,RAIL3,20.46
2024-11-04,RAIZ4,2.9
2024-11-04,RDOR3,29.5
2024-11-04,RECV3,17.21
2024-11-04,RENT3,42.4
2024-11-04,SANB11,26.83
2024-11-04,SBSP3,91.48
2024-11-04,SLCE3,17.31
2024-11-04,SMFT3,21.64
2024-11-04,SMTO3,26.7
2024-11-04,STBP3,12.76
2024-11-04,SUZB3,59.97
2024-11-04,TAEE11,34.95
2024-11-04,TEND3,15.61
2024-11-04,TIMS3,16.79
2024-11-04,TOTS3,33.18
2024-11-04,TRPL4,24.6
2024-11-04,UGPA3,21.17
2024-11-04,USIM5,6.56
2024-11-04,VALE3,62.67
2024-11-04,VAMO3,6.17
2024-11-04,VBBR3,22.62
2024-11-04,VIVA3,26.07
2024-11-04,VIVT3,53.39
2024-11-04,WEGE3,56.19
2024-11-04,YDUQ3,10.81
2024-11-05,ABEV3,12.68
2024-11-05,ALOS3,22.38
2024-11-05,ALPA4,7.38
2024-11-05,AMER3,3.4
2024-11-05,ASAI3,7.68
2024-11-05,AURE3,10.4
2024-11-05,AZUL4,5.31
2024-11-05,AZZA3,41.33
2024-11-05,B3SA3,10.97
2024-11-05,BBAS3,26.25
2024-11-05,BBDC3,12.45
2024-11-05,BBDC4,13.93
2024-11-05,BBSE3,35.11
2024-11-05,BEEF3,5.8
2024-11-05,BHIA3,4.16
2024-11-05,BPAC11,33.17
2024-11-05,BPAN4,8.5
2024-11-05,BRAP4,19.9
2024-11-05,BRAV3,17.31
2024-11-05,BRFS3,25.8
2024-11-05,BRKM5,17.48
2024-11-05,CASH3,3.67
2024-11-05,CCRO3,12.21
2024-11-05,CEAB3,13.5
2024-11-05,CMIG4,11.59
2024-11-05,CMIN3,6.21
2024-11-05,COGN3,1.51
2024-11-05,CPFE3,32.87
2024-11-05,CPLE3,8.55
2024-11-05,CPLE6,9.63
2024-11-05,CRFB3,7.72
2024-11-05,CSAN3,12.07
2024-11-05,CSMG3,23.18
2024-11-05,CSNA3,12.29
2024-11-05,CURY3,23.56
2024-11-05,CVCB3,2.14
2024-11-05,CXSE3,14.58
2024-11-05,CYRE3,22.17
2024-11-05,DIRR3,30.84
2024-11-05,DXCO3,8.54
2024-11-05,ECOR3,7.2
2024-11-05,EGIE3,41.78
2024-11-05,ELET3,37.31
2024-11-05,ELET6,41.88
2024-11-05,EMBR3,49.07
2024-11-05,ENEV3,12.7
2024-11-05,ENGI11,43.03
2024-11-05,EQTL3,32.15
2024-11-05,EZTC3,15.49
2024-11-05,FLRY3,14.53
2024-11-05,GGBR4,18.21
2024-11-05,GOAU4,10.38
2024-11-05,GOLL4,1.12
2024-11-05,HAPV3,3.41
2024-11-05,HYPE3,22.3
2024-11-05,IGTI11,21.05
2024-11-05,IRBR3,42.95
2024-11-05,ITSA4,11.06
2024-11-05,ITUB4,36.34
2024-11-05,JBSS3,36.02
2024-11-05,JHSF3,4.61
2024-11-05,KLBN11,22.1
2024-11-05,LOGG3,22.47
2024-11-05,LREN3,18.7
2024-11-05,LWSA3,4.54
2024-11-05,MGLU3,9.98
2024-11-05,MRFG3,15.86
2024-11-05,MRVE3,7.25
2024-11-05,MULT3,25.52
2024-11-05,NTCO3,14.28
2024-11-05,PCAR3,3.2
2024-11-05,PETR3,38.15
2024-11-05,PETR4,35.39
2024-11-05,PETZ3,5.43
2024-11-05,POMO4,8.72
2024-11-05,PRIO3,40.33
2024-11-05,PSSA3,38.1
2024-11-05,QUAL3,2.6
2024-11-05,RADL3,25.95
2024-11-05,RAIL3,20.47
2024-11-05,RAIZ4,2.91
2024-11-05,RDOR3,29.52
2024-11-05,RECV3,17.22
2024-11-05,RENT3,42.33
2024-11-05,SANB11,26.87
2024-11-05,SBSP3,91.33
2024-11-05,SLCE3,17.34
2024-11-05,SMFT3,21.5
2024-11-05,SMTO3,26.95
2024-11-05,STBP3,12.77
2024-11-05,SUZB3,60.5
2024-11-05,TAEE11,34.68
2024-11-05,TEND3,15.6
2024-11-05,TIMS3,16.13
2024-11-05,TOTS3,34.42
2024-11-05,TRPL4,24.67
2024-11-05,UGPA3,21.18
2024-11-05,USIM5,6.66
2024-11-05,VALE3,62.12
2024-11-05,VAMO3,6.15
2024-11-05,VBBR3,22.81
2024-11-05,VIVA3,26.14
2024-11-05,VIVT3,53.02
2024-11-05,WEGE3,56.01
2024-11-05,YDUQ3,10.72
2024-11-06,ABEV3,12.5
2024-11-06,ALOS3,22.14
2024-11-06,ALPA4,7.28
2024-11-06,AMER3,3.27
2024-11-06,ASAI3,7.56
2024-11-06,AURE3,10.25
2024-11-06,AZUL4,5.34
2024-11-06,AZZA3,41.0
2024-11-06,B3SA3,10.65
2024-11-06,BBAS3,26.3
2024-11-06,BBDC3,12.28
2024-11-06,BBDC4,13.81
2024-11-06,BBSE3,34.61
2024-11-06,BEEF3,5.9
2024-11-06,BHIA3,4.3
2024-11-06,BPAC11,33.28
2024-11-06,BPAN4,7.95
2024-11-06,BRAP4,19.66
2024-11-06,BRAV3,17.3
2024-11-06,BRFS3,25.98
2024-11-06,BRKM5,17.38
2024-11-06,CASH3,3.65
2024-11-06,CCRO3,12.08
2024-11-06,CEAB3,13.81
2024-11-06,CMIG4,11.43
2024-11-06,CMIN3,6.17
2024-11-06,COGN3,1.53
2024-11-06,CPFE3,32.56
2024-11-06,CPLE3,8.49
2024-11-06,CPLE6,9.57
2024-11-06,CRFB3,7.44
2024-11-06,CSAN3,12.13
2024-11-06,CSMG3,23.3
2024-11-06,CSNA3,11.92
2024-11-06,CURY3,23.5
2024-11-06,CVCB3,2.22
2024-11-06,CXSE3,14.46
2024-11-06,CYRE3,21.89
2024-11-06,DIRR3,30.41
2024-11-06,DXCO3,8.55
2024-11-06,ECOR3,7.34
2024-11-06,EGIE3,40.56
2024-11-06,ELET3,36.79
2024-11-06,ELET6,41.38
2024-11-06,EMBR3,50.55
2024-11-06,ENEV3,12.66
2024-11-06,ENGI11,42.48
2024-11-06,EQTL3,31.86
2024-11-06,EZTC3,14.74
2024-11-06,FLRY3,14.42
2024-11-06,GGBR4,19.96
2024-11-06,GOAU4,11.33
2024-11-06,GOLL4,1.14
2024-11-06,HAPV3,3.39
2024-11-06,HYPE3,22.09
2024-11-06,IGTI11,20.71
2024-11-06,IRBR3,42.49
2024-11-06,ITSA4,11.04
2024-11-06,ITUB4,36.17
2024-11-06,JBSS3,36.96
2024-11-06,JHSF3,4.6
2024-11-06,KLBN11,21.99
2024-11-06,LOGG3,23.5
2024-11-06,LREN3,18.7
2024-11-06,LWSA3,4.54
2024-11-06,MGLU3,9.73
2024-11-06,MRFG3,16.07
2024-11-06,MRVE3,7.19
2024-11-06,MULT3,25.29
2024-11-06,NTCO3,14.37
2024-11-06,PCAR3,3.14
2024-11-06,PETR3,38.11
2024-11-06,PETR4,35.4
2024-11-06,PETZ3,5.85
2024-11-06,POMO4,8.55
2024-11-06,PRIO3,40.89
2024-11-06,PSSA3,38.46
2024-11-06,QUAL3,2.64
2024-11-06,RADL3,25.51
2024-11-06,RAIL3,20.7
2024-11-06,RAIZ4,2.91
2024-11-06,RDOR3,29.37
2024-11-06,RECV3,17.28
2024-11-06,RENT3,42.65
2024-11-06,SANB11,27.1
2024-11-06,SBSP3,91.44
2024-11-06,SLCE3,17.9
2024-11-06,SMFT3,21.87
2024-11-06,SMTO3,27.08
2024-11-06,STBP3,12.76
2024-11-06,SUZB3,59.5
2024-11-06,TAEE11,34.61
2024-11-06,TEND3,15.84
2024-11-06,TIMS3,16.12
2024-11-06,TOTS3,34.0
2024-11-06,TRPL4,24.52
2024-11-06,UGPA3,21.61
2024-11-06,USIM5,6.62
2024-11-06,VALE3,61.42
2024-11-06,VAMO3,6.11
2024-11-06,VBBR3,23.29
2024-11-06,VIVA3,25.92
2024-11-06,VIVT3,52.91
2024-11-06,WEGE3,56.09
2024-11-06,YDUQ3,10.9
2024-11-07,ABEV3,12.55
2024-11-07,ALOS3,22.02
2024-11-07,ALPA4,7.09
2024-11-07,AMER3,3.24
2024-11-07,ASAI3,7.22
2024-11-07,AURE3,10.15
2024-11-07,AZUL4,5.12
2024-11-07,AZZA3,40.37
2024-11-07,B3SA3,10.71
2024-11-07,BBAS3,26.19
2024-11-07,BBDC3,12.17
2024-11-07,BBDC4,13.66
2024-11-07,BBSE3,34.8
2024-11-07,BEEF3,5.57
2024-11-07,BHIA3,4.1
2024-11-07,BPAC11,33.07
2024-11-07,BPAN4,8.01
2024-11-07,BRAP4,20.22
2024-11-07,BRAV3,16.99
2024-11-07,BRFS3,24.64
2024-11-07,BRKM5,16.36
2024-11-07,CASH3,3.54
2024-11-07,CCRO3,12.07
2024-11-07,CEAB3,12.6
2024-11-07,CMIG4,11.37
2024-11-07,CMIN3,6.19
2024-11-07,COGN3,1.42
2024-11-07,CPFE3,32.35
2024-11-07,CPLE3,8.45
2024-11-07,CPLE6,9.53
2024-11-07,CRFB3,7.1
2024-11-07,CSAN3,12.05
2024-11-07,CSMG3,23.11
2024-11-07,CSNA3,12.29
2024-11-07,CURY3,22.83
2024-11-07,CVCB3,2.07
2024-11-07,CXSE3,14.19
2024-11-07,CYRE3,21.74
2024-11-07,DIRR3,30.1
2024-11-07,DXCO3,8.2
2024-11-07,ECOR3,6.97
2024-11-07,EGIE3,40.41
2024-11-07,ELET3,36.02
2024-11-07,ELET6,40.39
2024-11-07,EMBR3,50.05
2024-11-07,ENEV3,12.49
2024-11-07,ENGI11,42.07
2024-11-07,EQTL3,31.69
2024-11-07,EZTC3,14.35
2024-11-07,FLRY3,14.43
2024-11-07,GGBR4,20.5
2024-11-07,GOAU4,11.6
2024-11-07,GOLL4,1.11
2024-11-07,HAPV3,3.3
2024-11-07,HYPE3,21.52
2024-11-07,IGTI11,20.51
2024-11-07,IRBR3,40.89
2024-11-07,ITSA4,10.89
2024-11-07,ITUB4,35.64
2024-11-07,JBSS3,35.86
2024-11-07,JHSF3,4.53
2024-11-07,KLBN11,21.22
2024-11-07,LOGG3,23.34
2024-11-07,LREN3,18.08
2024-11-07,LWSA3,4.39
2024-11-07,MGLU3,9.38
2024-11-07,MRFG3,15.62
2024-11-07,MRVE3,7.07
2024-11-07,MULT3,24.89
2024-11-07,NTCO3,14.12
2024-11-07,PCAR3,3.05
2024-11-07,PETR3,38.38
2024-11-07,PETR4,35.51
2024-11-07,PETZ3,5.0
2024-11-07,POMO4,8.64
2024-11-07,PRIO3,39.91
2024-11-07,PSSA3,38.36
2024-11-07,QUAL3,2.26
2024-11-07,RADL3,25.62
2024-11-07,RAIL3,20.1
2024-11-07,RAIZ4,2.81
2024-11-07,RDOR3,29.06
2024-11-07,RECV3,17.18
2024-11-07,RENT3,42.05
2024-11-07,SANB11,27.01
2024-11-07,SBSP3,90.14
2024-11-07,SLCE3,17.47
2024-11-07,SMFT3,20.8
2024-11-07,SMTO3,25.53
2024-11-07,STBP3,12.74
2024-11-07,SUZB3,58.89
2024-11-07,TAEE11,34.83
2024-11-07,TEND3,16.49
2024-11-07,TIMS3,16.08
2024-11-07,TOTS3,31.13
2024-11-07,TRPL4,24.3
2024-11-07,UGPA3,20.82
2024-11-07,USIM5,6.65
2024-11-07,VALE3,63.56
2024-11-07,VAMO3,5.82
2024-11-07,VBBR3,22.41
2024-11-07,VIVA3,24.95
2024-11-07,VIVT3,53.34
2024-11-07,WEGE3,55.77
2024-11-07,YDUQ3,10.37
2024-11-08,ABEV3,12.33
2024-11-08,ALOS3,21.73
2024-11-08,ALPA4,6.53
2024-11-08,AMER3,3.13
2024-11-08,ASAI3,7.01
2024-11-08,AURE3,10.17
2024-11-08,AZUL4,5.11
2024-11-08,AZZA3,40.25
2024-11-08,B3SA3,10.31
2024-11-08,BBAS3,25.99
2024-11-08,BBDC3,12.04
2024-11-08,BBDC4,13.51
2024-11-08,BBSE3,34.29
2024-11-08,BEEF3,5.39
2024-11-08,BHIA3,4.05
2024-11-08,BPAC11,32.5
2024-11-08,BPAN4,8.0
2024-11-08,BRAP4,19.36
2024-11-08,BRAV3,16.26
2024-11-08,BRFS3,24.1
2024-11-08,BRKM5,15.75
2024-11-08,CASH3,3.42
2024-11-08,CCRO3,11.69
2024-11-08,CEAB3,12.76
2024-11-08,CMIG4,11.29
2024-11-08,CMIN3,5.85
2024-11-08,COGN3,1.36
2024-11-08,CPFE3,32.37
2024-11-08,CPLE3,8.38
2024-11-08,CPLE6,9.38
2024-11-08,CRFB3,6.95
2024-11-08,CSAN3,11.67
2024-11-08,CSMG3,23.26
2024-11-08,CSNA3,11.75
2024-11-08,CURY3,22.7
2024-11-08,CVCB3,2.04
2024-11-08,CXSE3,14.11
2024-11-08,CYRE3,21.5
2024-11-08,DIRR3,30.48
2024-11-08,DXCO3,7.94
2024-11-08,ECOR3,6.74
2024-11-08,EGIE3,40.27
2024-11-08,ELET3,35.64
2024-11-08,ELET6,40.16
2024-11-08,EMBR3,53.79
2024-11-08,ENEV3,12.3
2024-11-08,ENGI11,41.25
2024-11-08,EQTL3,31.42
2024-11-08,EZTC3,14.23
2024-11-08,FLRY3,13.6
2024-11-08,GGBR4,20.46
2024-11-08,GOAU4,11.49
2024-11-08,GOLL4,1.14
2024-11-08,HAPV3,3.19
2024-11-08,HYPE3,20.95
2024-11-08,IGTI11,20.1
2024-11-08,IRBR3,40.79
2024-11-08,ITSA4,10.69
2024-11-08,ITUB4,35.08
2024-11-08,JBSS3,34.97
2024-11-08,JHSF3,4.54
2024-11-08,KLBN11,20.7
2024-11-08,LOGG3,23.36
2024-11-08,LREN3,16.97
2024-11-08,LWSA3,4.3
2024-11-08,MGLU3,9.6
2024-11-08,MRFG3,15.1
2024-11-08,MRVE3,6.93
2024-11-08,MULT3,24.68
2024-11-08,NTCO3,14.53
2024-11-08,PCAR3,2.93
2024-11-08,PETR3,39.08
2024-11-08,PETR4,36.18
2024-11-08,PETZ3,4.89
2024-11-08,POMO4,8.88
2024-11-08,PRIO3,38.97
2024-11-08,PSSA3,38.58
2024-11-08,QUAL3,2.27
2024-11-08,RADL3,25.45
2024-11-08,RAIL3,19.45
2024-11-08,RAIZ4,2.69
2024-11-08,RDOR3,28.68
2024-11-08,RECV3,17.63
2024-11-08,RENT3,40.9
2024-11-08,SANB11,26.68
2024-11-08,SBSP3,89.37
2024-11-08,SLCE3,17.35
2024-11-08,SMFT3,20.45
2024-11-08,SMTO3,25.37
2024-11-08,STBP3,12.73
2024-11-08,SUZB3,58.4
2024-11-08,TAEE11,34.94
2024-11-08,TEND3,16.31
2024-11-08,TIMS3,15.91
2024-11-08,TOTS3,30.86
2024-11-08,TRPL4,24.37
2024-11-08,UGPA3,20.53
2024-11-08,USIM5,6.25
2024-11-08,VALE3,60.63
2024-11-08,VAMO3,5.71
2024-11-08,VBBR3,22.45
2024-11-08,VIVA3,25.58
2024-11-08,VIVT3,52.0
2024-11-08,WEGE3,55.09
2024-11-08,YDUQ3,10.23
2024-11-11,ABEV3,12.51
2024-11-11,ALOS3,21.75
2024-11-11,ALPA4,6.8
2024-11-11,AMER3,3.47
2024-11-11,ASAI3,7.08
2024-11-11,AURE3,10.03
2024-11-11,AZUL4,5.07
2024-11-11,AZZA3,40.43
2024-11-11,B3SA3,10.16
2024-11-11,BBAS3,26.01
2024-11-11,BBDC3,11.99
2024-11-11,BBDC4,13.46
2024-11-11,BBSE3,34.2
2024-11-11,BEEF3,5.42
2024-11-11,BHIA3,4.1
2024-11-11,BPAC11,33.6
2024-11-11,BPAN4,7.88
2024-11-11,BRAP4,19.0
2024-11-11,BRAV3,16.08
2024-11-11,BRFS3,24.21
2024-11-11,BRKM5,15.75
2024-11-11,CASH3,3.35
2024-11-11,CCRO3,11.8
2024-11-11,CEAB3,13.46
2024-11-11,CMIG4,11.51
2024-11-11,CMIN3,5.77
2024-11-11,COGN3,1.48
2024-11-11,CPFE3,32.31
2024-11-11,CPLE3,8.41
2024-11-11,CPLE6,9.47
2024-11-11,CRFB3,6.98
2024-11-11,CSAN3,11.63
2024-11-11,CSMG3,24.24
2024-11-11,CSNA3,11.29
2024-11-11,CURY3,22.71
2024-11-11,CVCB3,2.08
2024-11-11,CXSE3,14.27
2024-11-11,CYRE3,21.81
2024-11-11,DIRR3,30.68
2024-11-11,DXCO3,7.89
2024-11-11,ECOR3,6.76
2024-11-11,EGIE3,39.4
2024-11-11,ELET3,35.84
2024-11-11,ELET6,40.61
2024-11-11,EMBR3,55.65
2024-11-11,ENEV3,12.32
2024-11-11,ENGI11,41.22
2024-11-11,EQTL3,31.36
2024-11-11,EZTC3,14.3
2024-11-11,FLRY3,13.96
2024-11-11,GGBR4,20.45
2024-11-11,GOAU4,11.48
2024-11-11,GOLL4,1.13
2024-11-11,HAPV3,3.17
2024-11-11,HYPE3,20.97
2024-11-11,IGTI11,20.2
2024-11-11,IRBR3,42.3
2024-11-11,ITSA4,10.65
2024-11-11,ITUB4,35.12
2024-11-11,JBSS3,35.19
2024-11-11,JHSF3,4.44
2024-11-11,KLBN11,20.79
2024-11-11,LOGG3,22.92
2024-11-11,LREN3,16.74
2024-11-11,LWSA3,4.26
2024-11-11,MGLU3,9.4
2024-11-11,MRFG3,15.4
2024-11-11,MRVE3,7.1
2024-11-11,MULT3,24.52
2024-11-11,NTCO3,14.32
2024-11-11,PCAR3,2.93
2024-11-11,PETR3,39.14
2024-11-11,PETR4,36.25
2024-11-11,PETZ3,4.98
2024-11-11,POMO4,9.04
2024-11-11,PRIO3,39.31
2024-11-11,PSSA3,38.57
2024-11-11,QUAL3,2.25
2024-11-11,RADL3,25.46
2024-11-11,RAIL3,19.72
2024-11-11,RAIZ4,2.7
2024-11-11,RDOR3,28.63
2024-11-11,RECV3,18.46
2024-11-11,RENT3,42.57
2024-11-11,SANB11,26.37
2024-11-11,SBSP3,92.06
2024-11-11,SLCE3,17.47
2024-11-11,SMFT3,20.17
2024-11-11,SMTO3,25.31
2024-11-11,STBP3,12.76
2024-11-11,SUZB3,58.17
2024-11-11,TAEE11,35.33
2024-11-11,TEND3,17.61
2024-11-11,TIMS3,16.61
2024-11-11,TOTS3,30.0
2024-11-11,TRPL4,24.53
2024-11-11,UGPA3,20.5
2024-11-11,USIM5,6.09
2024-11-11,VALE3,58.65
2024-11-11,VAMO3,5.7
2024-11-11,VBBR3,22.54
2024-11-11,VIVA3,25.17
2024-11-11,VIVT3,53.0
2024-11-11,WEGE3,55.49
2024-11-11,YDUQ3,10.83
2024-11-12,ABEV3,12.58
2024-11-12,ALOS3,21.6
2024-11-12,ALPA4,6.79
2024-11-12,AMER3,3.34
2024-11-12,ASAI3,7.21
2024-11-12,AURE3,9.96
2024-11-12,AZUL4,5.18
2024-11-12,AZZA3,40.1
2024-11-12,B3SA3,10.31
2024-11-12,BBAS3,25.95
2024-11-12,BBDC3,11.91
2024-11-12,BBDC4,13.39
2024-11-12,BBSE3,33.74
2024-11-12,BEEF3,5.54
2024-11-12,BHIA3,4.0
2024-11-12,BPAC11,33.9
2024-11-12,BPAN4,7.7
2024-11-12,BRAP4,18.56
2024-11-12,BRAV3,15.75
2024-11-12,BRFS3,24.97
2024-11-12,BRKM5,15.3
2024-11-12,CASH3,3.29
2024-11-12,CCRO3,11.87
2024-11-12,CEAB3,12.94
2024-11-12,CMIG4,11.36
2024-11-12,CMIN3,5.55
2024-11-12,COGN3,1.4
2024-11-12,CPFE3,32.51
2024-11-12,CPLE3,8.33
2024-11-12,CPLE6,9.36
2024-11-12,CRFB3,6.86
2024-11-12,CSAN3,11.36
2024-11-12,CSMG3,23.91
2024-11-12,CSNA3,11.08
2024-11-12,CURY3,22.8
2024-11-12,CVCB3,2.12
2024-11-12,CXSE3,14.11
2024-11-12,CYRE3,21.69
2024-11-12,DIRR3,30.75
2024-11-12,DXCO3,7.71
2024-11-12,ECOR3,6.83
2024-11-12,EGIE3,39.33
2024-11-12,ELET3,35.27
2024-11-12,ELET6,39.9
2024-11-12,EMBR3,54.13
2024-11-12,ENEV3,12.28
2024-11-12,ENGI11,40.16
2024-11-12,EQTL3,31.42
2024-11-12,EZTC3,14.17
2024-11-12,FLRY3,13.89
2024-11-12,GGBR4,19.68
2024-11-12,GOAU4,10.9
2024-11-12,GOLL4,1.07
2024-11-12,HAPV3,3.31
2024-11-12,HYPE3,20.71
2024-11-12,IGTI11,20.08
2024-11-12,IRBR3,43.48
2024-11-12,ITSA4,10.58
2024-11-12,ITUB4,34.7
2024-11-12,JBSS3,35.7
2024-11-12,JHSF3,4.44
2024-11-12,KLBN11,20.45
2024-11-12,LOGG3,22.36
2024-11-12,LREN3,16.72
2024-11-12,LWSA3,4.2
2024-11-12,MGLU3,9.23
2024-11-12,MRFG3,15.71
2024-11-12,MRVE3,6.97
2024-11-12,MULT3,24.54
2024-11-12,NTCO3,14.28
2024-11-12,PCAR3,2.9
2024-11-12,PETR3,39.52
2024-11-12,PETR4,36.93
2024-11-12,PETZ3,4.92
2024-11-12,POMO4,9.45
2024-11-12,PRIO3,39.2
2024-11-12,PSSA3,39.21
2024-11-12,QUAL3,2.29
2024-11-12,RADL3,25.22
2024-11-12,RAIL3,19.96
2024-11-12,RAIZ4,2.65
2024-11-12,RDOR3,28.8
2024-11-12,RECV3,18.2
2024-11-12,RENT3,45.46
2024-11-12,SANB11,26.14
2024-11-12,SBSP3,95.55
2024-11-12,SLCE3,17.42
2024-11-12,SMFT3,20.19
2024-11-12,SMTO3,24.24
2024-11-12,STBP3,12.82
2024-11-12,SUZB3,59.38
2024-11-12,TAEE11,34.11
2024-11-12,TEND3,17.36
2024-11-12,TIMS3,16.54
2024-11-12,TOTS3,29.98
2024-11-12,TRPL4,24.1
2024-11-12,UGPA3,20.43
2024-11-12,USIM5,6.0
2024-11-12,VALE3,57.32
2024-11-12,VAMO3,5.67
2024-11-12,VBBR3,22.43
2024-11-12,VIVA3,24.75
2024-11-12,VIVT3,52.25
2024-11-12,WEGE3,55.42
2024-11-12,YDUQ3,10.46
2024-11-13,ABEV3,12.73
2024-11-13,ALOS3,21.84
2024-11-13,ALPA4,6.78
2024-11-13,AMER3,3.36
2024-11-13,ASAI3,7.08
2024-11-13,AURE3,9.97
2024-11-13,AZUL4,5.2
2024-11-13,AZZA3,41.18
2024-11-13,B3SA3,10.23
2024-11-13,BBAS3,25.95
2024-11-13,BBDC3,11.96
2024-11-13,BBDC4,13.48
2024-11-13,BBSE3,33.54
2024-11-13,BEEF3,5.55
2024-11-13,BHIA3,4.07
2024-11-13,BPAC11,33.96
2024-11-13,BPAN4,7.65
2024-11-13,BRAP4,17.62
2024-11-13,BRAV3,15.62
2024-11-13,BRFS3,24.94
2024-11-13,BRKM5,15.25
2024-11-13,CASH3,3.39
2024-11-13,CCRO3,11.88
2024-11-13,CEAB3,13.12
2024-11-13,CMIG4,11.49
2024-11-13,CMIN3,5.23
2024-11-13,COGN3,1.41
2024-11-13,CPFE3,32.43
2024-11-13,CPLE3,8.35
2024-11-13,CPLE6,9.4
2024-11-13,CRFB3,6.68
2024-11-13,CSAN3,11.43
2024-11-13,CSMG3,23.59
2024-11-13,CSNA3,10.64
2024-11-13,CURY3,23.11
2024-11-13,CVCB3,2.17
2024-11-13,CXSE3,14.2
2024-11-13,CYRE3,21.87
2024-11-13,DIRR3,30.65
2024-11-13,DXCO3,7.72
2024-11-13,ECOR3,6.71
2024-11-13,EGIE3,39.23
2024-11-13,ELET3,35.51
2024-11-13,ELET6,40.21
2024-11-13,EMBR3,56.69
2024-11-13,ENEV3,12.01
2024-11-13,ENGI11,41.14
2024-11-13,EQTL3,31.4
2024-11-13,EZTC3,14.3
2024-11-13,FLRY3,13.92
2024-11-13,GGBR4,19.79
2024-11-13,GOAU4,11.02
2024-11-13,GOLL4,1.13
2024-11-13,HAPV3,3.1
2024-11-13,HYPE3,20.67
2024-11-13,IGTI11,20.11
2024-11-13,IRBR3,40.5
2024-11-13,ITSA4,10.51
2024-11-13,ITUB4,34.52
2024-11-13,JBSS3,36.43
2024-11-13,JHSF3,4.45
2024-11-13,KLBN11,20.6
2024-11-13,LOGG3,21.6
2024-11-13,LREN3,16.58
2024-11-13,LWSA3,4.26
2024-11-13,MGLU3,9.26
2024-11-13,MRFG3,15.61
2024-11-13,MRVE3,6.93
2024-11-13,MULT3,24.85
2024-11-13,NTCO3,14.36
2024-11-13,PCAR3,2.88
2024-11-13,PETR3,39.93
2024-11-13,PETR4,36.88
2024-11-13,PETZ3,4.84
2024-11-13,POMO4,9.32
2024-11-13,PRIO3,39.35
2024-11-13,PSSA3,38.77
2024-11-13,QUAL3,2.28
2024-11-13,RADL3,25.71
2024-11-13,RAIL3,20.08
2024-11-13,RAIZ4,2.48
2024-11-13,RDOR3,29.37
2024-11-13,RECV3,16.76
2024-11-13,RENT3,45.18
2024-11-13,SANB11,26.0
2024-11-13,SBSP3,94.5
2024-11-13,SLCE3,17.2
2024-11-13,SMFT3,20.25
2024-11-13,SMTO3,24.54
2024-11-13,STBP3,12.74
2024-11-13,SUZB3,59.75
2024-11-13,TAEE11,34.1
2024-11-13,TEND3,16.98
2024-11-13,TIMS3,16.37
2024-11-13,TOTS3,29.68
2024-11-13,TRPL4,24.15
2024-11-13,UGPA3,20.57
2024-11-13,USIM5,6.09
2024-11-13,VALE3,57.16
2024-11-13,VAMO3,5.6
2024-11-13,VBBR3,22.32
2024-11-13,VIVA3,24.31
2024-11-13,VIVT3,52.06
2024-11-13,WEGE3,54.7
2024-11-13,YDUQ3,10.43
2024-11-14,ABEV3,12.64
2024-11-14,ALOS3,21.95
2024-11-14,ALPA4,6.77
2024-11-14,AMER3,9.41
2024-11-14,ASAI3,7.06
2024-11-14,AURE3,9.98
2024-11-14,AZUL4,5.33
2024-11-14,AZZA3,42.11
2024-11-14,B3SA3,10.27
2024-11-14,BBAS3,25.37
2024-11-14,BBDC3,12.02
2024-11-14,BBDC4,13.53
2024-11-14,BBSE3,33.41
2024-11-14,BEEF3,5.71
2024-11-14,BHIA3,3.81
2024-11-14,BPAC11,34.15
2024-11-14,BPAN4,7.64
2024-11-14,BRAP4,17.62
2024-11-14,BRAV3,16.65
2024-11-14,BRFS3,24.95
2024-11-14,BRKM5,15.0
2024-11-14,CASH3,3.34
2024-11-14,CCRO3,11.91
2024-11-14,CEAB3,11.55
2024-11-14,CMIG4,12.09
2024-11-14,CMIN3,5.28
2024-11-14,COGN3,1.35
2024-11-14,CPFE3,32.36
2024-11-14,CPLE3,8.54
2024-11-14,CPLE6,9.59
2024-11-14,CRFB3,6.61
2024-11-14,CSAN3,11.3
2024-11-14,CSMG3,24.64
2024-11-14,CSNA3,10.64
2024-11-14,CURY3,22.66
2024-11-14,CVCB3,2.3
2024-11-14,CXSE3,14.08
2024-11-14,CYRE3,21.2
2024-11-14,DIRR3,30.0
2024-11-14,DXCO3,7.66
2024-11-14,ECOR3,6.72
2024-11-14,EGIE3,39.42
2024-11-14,ELET3,35.68
2024-11-14,ELET6,40.58
2024-11-14,EMBR3,55.42
2024-11-14,ENEV3,12.0
2024-11-14,ENGI11,41.82
2024-11-14,EQTL3,32.67
2024-11-14,EZTC3,14.38
2024-11-14,FLRY3,13.77
2024-11-14,GGBR4,20.03
2024-11-14,GOAU4,11.06
2024-11-14,GOLL4,1.17
2024-11-14,HAPV3,3.17
2024-11-14,HYPE3,20.6
2024-11-14,IGTI11,20.15
2024-11-14,IRBR3,40.0
2024-11-14,ITSA4,10.42
2024-11-14,ITUB4,34.42
2024-11-14,JBSS3,35.2
2024-11-14,JHSF3,4.45
2024-11-14,KLBN11,20.51
2024-11-14,LOGG3,22.14
2024-11-14,LREN3,16.49
2024-11-14,LWSA3,4.2
2024-11-14,MGLU3,9.0
2024-11-14,MRFG3,16.9
2024-11-14,MRVE3,6.44
2024-11-14,MULT3,25.65
2024-11-14,NTCO3,14.38
2024-11-14,PCAR3,2.8
2024-11-14,PETR3,40.51
2024-11-14,PETR4,37.27
2024-11-14,PETZ3,4.3
2024-11-14,POMO4,9.42
2024-11-14,PRIO3,39.7
2024-11-14,PSSA3,38.58
2024-11-14,QUAL3,2.27
2024-11-14,RADL3,25.43
2024-11-14,RAIL3,20.11
2024-11-14,RAIZ4,2.42
2024-11-14,RDOR3,29.5
2024-11-14,RECV3,16.66
2024-11-14,RENT3,44.73
2024-11-14,SANB11,25.68
2024-11-14,SBSP3,96.31
2024-11-14,SLCE3,16.98
2024-11-14,SMFT3,19.79
2024-11-14,SMTO3,24.79
2024-11-14,STBP3,12.84
2024-11-14,SUZB3,60.55
2024-11-14,TAEE11,33.72
2024-11-14,TEND3,16.27
2024-11-14,TIMS3,16.48
2024-11-14,TOTS3,30.0
2024-11-14,TRPL4,24.2
2024-11-14,UGPA3,19.29
2024-11-14,USIM5,6.1
2024-11-14,VALE3,56.84
2024-11-14,VAMO3,5.53
2024-11-14,VBBR3,22.21
2024-11-14,VIVA3,24.0
2024-11-14,VIVT3,51.6
2024-11-14,WEGE3,54.35
2024-11-14,YDUQ3,10.24
2024-11-18,ABEV3,12.42
2024-11-18,ALOS3,21.66
2024-11-18,ALPA4,6.78
2024-11-18,AMER3,9.52
2024-11-18,ASAI3,7.19
2024-11-18,AURE3,9.8
2024-11-18,AZUL4,4.93
2024-11-18,AZZA3,41.8
2024-11-18,B3SA3,10.0
2024-11-18,BBAS3,25.71
2024-11-18,BBDC3,12.13
2024-11-18,BBDC4,13.72
2024-11-18,BBSE3,33.53
2024-11-18,BEEF3,5.57
2024-11-18,BHIA3,3.64
2024-11-18,BPAC11,34.16
2024-11-18,BPAN4,7.62
2024-11-18,BRAP4,17.78
2024-11-18,BRAV3,17.97
2024-11-18,BRFS3,23.53
2024-11-18,BRKM5,14.65
2024-11-18,CASH3,3.38
2024-11-18,CCRO3,11.86
2024-11-18,CEAB3,11.99
2024-11-18,CMIG4,11.59
2024-11-18,CMIN3,5.28
2024-11-18,COGN3,1.37
2024-11-18,CPFE3,32.26
2024-11-18,CPLE3,8.46
2024-11-18,CPLE6,9.49
2024-11-18,CRFB3,6.56
2024-11-18,CSAN3,11.05
2024-11-18,CSMG3,24.63
2024-11-18,CSNA3,11.62
2024-11-18,CURY3,22.34
2024-11-18,CVCB3,2.31
2024-11-18,CXSE3,14.1
2024-11-18,CYRE3,20.72
2024-11-18,DIRR3,29.22
2024-11-18,DXCO3,7.53
2024-11-18,ECOR3,6.61
2024-11-18,EGIE3,39.1
2024-11-18,ELET3,35.5
2024-11-18,ELET6,40.24
2024-11-18,EMBR3,55.66
2024-11-18,ENEV3,11.62
2024-11-18,ENGI11,40.95
2024-11-18,EQTL3,32.12
2024-11-18,EZTC3,14.08
2024-11-18,FLRY3,13.54
2024-11-18,GGBR4,19.94
2024-11-18,GOAU4,11.04
2024-11-18,GOLL4,1.22
2024-11-18,HAPV3,2.95
2024-11-18,HYPE3,20.71
2024-11-18,IGTI11,19.72
2024-11-18,IRBR3,40.05
2024-11-18,ISAE4,24.07
2024-11-18,ITSA4,10.3
2024-11-18,ITUB4,34.3
2024-11-18,JBSS3,34.9
2024-11-18,JHSF3,4.41
2024-11-18,KLBN11,20.55
2024-11-18,LOGG3,22.8
2024-11-18,LREN3,16.3
2024-11-18,LWSA3,4.15
2024-11-18,MGLU3,9.23
2024-11-18,MRFG3,16.76
2024-11-18,MRVE3,6.14
2024-11-18,MULT3,25.45
2024-11-18,NTCO3,13.84
2024-11-18,PCAR3,2.77
2024-11-18,PETR3,41.55
2024-11-18,PETR4,38.2
2024-11-18,PETZ3,4.3
2024-11-18,POMO4,9.57
2024-11-18,PRIO3,40.2
2024-11-18,PSSA3,38.77
2024-11-18,QUAL3,2.34
2024-11-18,RADL3,25.69
2024-11-18,RAIL3,20.17
2024-11-18,RAIZ4,2.5
2024-11-18,RDOR3,29.46
2024-11-18,RECV3,16.75
2024-11-18,RENT3,43.35
2024-11-18,SANB11,25.37
2024-11-18,SBSP3,95.96
2024-11-18,SLCE3,17.01
2024-11-18,SMFT3,19.53
2024-11-18,SMTO3,24.68
2024-11-18,STBP3,12.85
2024-11-18,SUZB3,60.72
2024-11-18,TAEE11,34.08
2024-11-18,TEND3,16.33
2024-11-18,TIMS3,16.48
2024-11-18,TOTS3,29.83
2024-11-18,UGPA3,18.46
2024-11-18,USIM5,6.2
2024-11-18,VALE3,57.55
2024-11-18,VAMO3,5.58
2024-11-18,VBBR3,21.8
2024-11-18,VIVA3,23.95
2024-11-18,VIVT3,51.59
2024-11-18,WEGE3,54.0
2024-11-18,YDUQ3,10.11
2024-11-19,ABEV3,12.43
2024-11-19,ALOS3,21.68
2024-11-19,ALPA4,6.86
2024-11-19,AMER3,9.1
2024-11-19,ASAI3,6.97
2024-11-19,AURE3,9.89
2024-11-19,AZUL4,4.9
2024-11-19,AZZA3,41.18
2024-11-19,B3SA3,10.02
2024-11-19,BBAS3,25.85
2024-11-19,BBDC3,12.17
2024-11-19,BBDC4,13.82
2024-11-19,BBSE3,34.2
2024-11-19,BEEF3,5.6
2024-11-19,BHIA3,3.57
2024-11-19,BPAC11,34.13
2024-11-19,BPAN4,7.66
2024-11-19,BRAP4,17.85
2024-11-19,BRAV3,18.35
2024-11-19,BRFS3,24.41
2024-11-19,BRKM5,14.57
2024-11-19,CASH3,3.31
2024-11-19,CCRO3,11.99
2024-11-19,CEAB3,12.39
2024-11-19,CMIG4,11.95
2024-11-19,CMIN3,5.23
2024-11-19,COGN3,1.37
2024-11-19,CPFE3,32.5
2024-11-19,CPLE3,8.64
2024-11-19,CPLE6,9.57
2024-11-19,CRFB3,6.45
2024-11-19,CSAN3,11.0
2024-11-19,CSMG3,25.04
2024-11-19,CSNA3,11.65
2024-11-19,CURY3,22.3
2024-11-19,CVCB3,2.37
2024-11-19,CXSE3,14.26
2024-11-19,CYRE3,20.88
2024-11-19,DIRR3,29.88
2024-11-19,DXCO3,7.48
2024-11-19,ECOR3,6.75
2024-11-19,EGIE3,39.23
2024-11-19,ELET3,35.63
2024-11-19,ELET6,40.5
2024-11-19,EMBR3,54.44
2024-11-19,ENEV3,11.76
2024-11-19,ENGI11,41.96
2024-11-19,EQTL3,33.12
2024-11-19,EZTC3,14.2
2024-11-19,FLRY3,13.85
2024-11-19,GGBR4,19.63
2024-11-19,GOAU4,10.93
2024-11-19,GOLL4,1.35
2024-11-19,HAPV3,3.02
2024-11-19,HYPE3,20.5
2024-11-19,IGTI11,20.18
2024-11-19,IRBR3,39.66
2024-11-19,ISAE4,24.02
2024-11-19,ITSA4,10.4
2024-11-19,ITUB4,34.61
2024-11-19,JBSS3,34.85
2024-11-19,JHSF3,4.41
2024-11-19,KLBN11,20.59
2024-11-19,LOGG3,22.43
2024-11-19,LREN3,16.56
2024-11-19,LWSA3,4.14
2024-11-19,MGLU3,9.38
2024-11-19,MRFG3,17.06
2024-11-19,MRVE3,6.25
2024-11-19,MULT3,25.88
2024-11-19,NTCO3,14.29
2024-11-19,PCAR3,2.72
2024-11-19,PETR3,41.02
2024-11-19,PETR4,37.8
2024-11-19,PETZ3,4.28
2024-11-19,POMO4,9.59
2024-11-19,PRIO3,39.77
2024-11-19,PSSA3,38.92
2024-11-19,QUAL3,2.43
2024-11-19,RADL3,25.78
2024-11-19,RAIL3,20.41
2024-11-19,RAIZ4,2.47
2024-11-19,RDOR3,28.82
2024-11-19,RECV3,16.9
2024-11-19,RENT3,43.89
2024-11-19,SANB11,25.36
2024-11-19,SBSP3,98.1
2024-11-19,SLCE3,17.03
2024-11-19,SMFT3,19.83
2024-11-19,SMTO3,25.28
2024-11-19,STBP3,12.85
2024-11-19,SUZB3,60.4
2024-11-19,TAEE11,34.38
2024-11-19,TEND3,16.55
2024-11-19,TIMS3,16.36
2024-11-19,TOTS3,30.44
2024-11-19,UGPA3,18.36
2024-11-19,USIM5,6.21
2024-11-19,VALE3,57.68
2024-11-19,VAMO3,5.84
2024-11-19,VBBR3,21.8
2024-11-19,VIVA3,23.94
2024-11-19,VIVT3,52.13
2024-11-19,WEGE3,54.13
2024-11-19,YDUQ3,10.15
2024-11-21,ABEV3,12.39
2024-11-21,ALOS3,21.08
2024-11-21,ALPA4,6.63
2024-11-21,AMER3,7.58
2024-11-21,ASAI3,6.94
2024-11-21,AURE3,9.73
2024-11-21,AZUL4,4.86
2024-11-21,AZZA3,39.81
2024-11-21,B3SA3,9.82
2024-11-21,BBAS3,25.26
2024-11-21,BBDC3,12.08
2024-11-21,BBDC4,13.77
2024-11-21,BBSE3,33.48
2024-11-21,BEEF3,5.59
2024-11-21,BHIA3,3.48
2024-11-21,BPAC11,33.19
2024-11-21,BPAN4,7.41
2024-11-21,BRAP4,17.78
2024-11-21,BRAV3,18.0
2024-11-21,BRFS3,25.21
2024-11-21,BRKM5,14.35
2024-11-21,CASH3,3.18
2024-11-21,CCRO3,11.84
2024-11-21,CEAB3,12.26
2024-11-21,CMIG4,11.59
2024-11-21,CMIN3,5.11
2024-11-21,COGN3,1.32
2024-11-21,CPFE3,32.47
2024-11-21,CPLE3,8.35
2024-11-21,CPLE6,9.34
2024-11-21,CRFB3,6.31
2024-11-21,CSAN3,10.49
2024-11-21,CSMG3,24.89
2024-11-21,CSNA3,11.46
2024-11-21,CURY3,22.34
2024-11-21,CVCB3,2.4
2024-11-21,CXSE3,14.26
2024-11-21,CYRE3,20.41
2024-11-21,DIRR3,30.36
2024-11-21,DXCO3,7.35
2024-11-21,ECOR3,6.56
2024-11-21,EGIE3,38.19
2024-11-21,ELET3,35.12
2024-11-21,ELET6,39.5
2024-11-21,EMBR3,56.25
2024-11-21,ENEV3,11.78
2024-11-21,ENGI11,41.0
2024-11-21,EQTL3,32.5
2024-11-21,EZTC3,13.87
2024-11-21,FLRY3,13.47
2024-11-21,GGBR4,19.71
2024-11-21,GOAU4,10.84
2024-11-21,GOLL4,1.53
2024-11-21,HAPV3,2.88
2024-11-21,HYPE3,20.05
2024-11-21,IGTI11,19.76
2024-11-21,IRBR3,38.6
2024-11-21,ISAE4,24.06
2024-11-21,ITSA4,10.21
2024-11-21,ITUB4,34.01
2024-11-21,JBSS3,34.66
2024-11-21,JHSF3,4.36
2024-11-21,KLBN11,20.85
2024-11-21,LOGG3,21.72
2024-11-21,LREN3,15.68
2024-11-21,LWSA3,4.03
2024-11-21,MGLU3,9.14
2024-11-21,MRFG3,17.54
2024-11-21,MRVE3,6.23
2024-11-21,MULT3,25.4
2024-11-21,NTCO3,13.83
2024-11-21,PCAR3,2.68
2024-11-21,PETR3,41.09
2024-11-21,PETR4,37.91
2024-11-21,PETZ3,4.14
2024-11-21,POMO4,9.56
2024-11-21,PRIO3,39.13
2024-11-21,PSSA3,38.45
2024-11-21,QUAL3,2.22
2024-11-21,RADL3,25.37
2024-11-21,RAIL3,19.91
2024-11-21,RAIZ4,2.43
2024-11-21,RDOR3,28.23
2024-11-21,RECV3,16.61
2024-11-21,RENT3,43.54
2024-11-21,SANB11,25.32
2024-11-21,SBSP3,96.8
2024-11-21,SLCE3,16.74
2024-11-21,SMFT3,19.6
2024-11-21,SMTO3,24.34
2024-11-21,STBP3,12.88
2024-11-21,SUZB3,60.79
2024-11-21,TAEE11,33.85
2024-11-21,TEND3,16.21
2024-11-21,TIMS3,15.87
2024-11-21,TOTS3,29.92
2024-11-21,UGPA3,18.02
2024-11-21,USIM5,6.05
2024-11-21,VALE3,57.62
2024-11-21,VAMO3,6.14
2024-11-21,VBBR3,21.5
2024-11-21,VIVA3,23.2
2024-11-21,VIVT3,50.55
2024-11-21,WEGE3,53.73
2024-11-21,YDUQ3,10.01
2024-11-22,ABEV3,12.68
2024-11-22,ALOS3,21.45
2024-11-22,ALPA4,6.86
2024-11-22,AMER3,8.7
2024-11-22,ASAI3,7.2
2024-11-22,AURE3,9.94
2024-11-22,AZUL4,4.97
2024-11-22,AZZA3,40.84
2024-11-22,B3SA3,10.02
2024-11-22,BBAS3,25.6
2024-11-22,BBDC3,12.14
2024-11-22,BBDC4,13.8
2024-11-22,BBSE3,33.95
2024-11-22,BEEF3,5.64
2024-11-22,BHIA3,3.62
2024-11-22,BPAC11,33.3
2024-11-22,BPAN4,7.49
2024-11-22,BRAP4,18.05
2024-11-22,BRAV3,19.34
2024-11-22,BRFS3,25.21
2024-11-22,BRKM5,15.21
2024-11-22,CASH3,3.2
2024-11-22,CCRO3,12.05
2024-11-22,CEAB3,12.45
2024-11-22,CMIG4,11.7
2024-11-22,CMIN3,5.19
2024-11-22,COGN3,1.39
2024-11-22,CPFE3,32.98
2024-11-22,CPLE3,8.36
2024-11-22,CPLE6,9.38
2024-11-22,CRFB3,6.64
2024-11-22,CSAN3,11.13
2024-11-22,CSMG3,25.22
2024-11-22,CSNA3,11.11
2024-11-22,CURY3,22.75
2024-11-22,CVCB3,2.53
2024-11-22,CXSE3,14.66
2024-11-22,CYRE3,21.09
2024-11-22,DIRR3,31.54
2024-11-22,DXCO3,7.56
2024-11-22,ECOR3,6.91
2024-11-22,EGIE3,38.59
2024-11-22,ELET3,35.26
2024-11-22,ELET6,39.81
2024-11-22,EMBR3,56.9
2024-11-22,ENEV3,11.97
2024-11-22,ENGI11,41.97
2024-11-22,EQTL3,32.74
2024-11-22,EZTC3,14.09
2024-11-22,FLRY3,13.58
2024-11-22,GGBR4,19.79
2024-11-22,GOAU4,10.99
2024-11-22,GOLL4,1.47
2024-11-22,HAPV3,2.98
2024-11-22,HYPE3,20.18
2024-11-22,IGTI11,20.32
2024-11-22,IRBR3,39.43
2024-11-22,ISAE4,24.37
2024-11-22,ITSA4,10.27
2024-11-22,ITUB4,34.11
2024-11-22,JBSS3,35.65
2024-11-22,JHSF3,4.49
2024-11-22,KLBN11,21.49
2024-11-22,LOGG3,21.7
2024-11-22,LREN3,16.15
2024-11-22,LWSA3,4.17
2024-11-22,MGLU3,9.42
2024-11-22,MRFG3,18.2
2024-11-22,MRVE3,6.38
2024-11-22,MULT3,25.72
2024-11-22,NTCO3,14.25
2024-11-22,PCAR3,2.71
2024-11-22,PETR3,43.24
2024-11-22,PETR4,39.42
2024-11-22,PETZ3,4.3
2024-11-22,POMO4,9.56
2024-11-22,PRIO3,40.4
2024-11-22,PSSA3,38.55
2024-11-22,QUAL3,2.3
2024-11-22,RADL3,26.02
2024-11-22,RAIL3,20.16
2024-11-22,RAIZ4,2.6
2024-11-22,RDOR3,29.11
2024-11-22,RECV3,16.91
2024-11-22,RENT3,44.2
2024-11-22,SANB11,26.24
2024-11-22,SBSP3,98.03
2024-11-22,SLCE3,16.84
2024-11-22,SMFT3,19.95
2024-11-22,SMTO3,25.39
2024-11-22,STBP3,12.9
2024-11-22,SUZB3,60.7
2024-11-22,TAEE11,34.29
2024-11-22,TEND3,16.41
2024-11-22,TIMS3,16.21
2024-11-22,TOTS3,29.82
2024-11-22,UGPA3,18.32
2024-11-22,USIM5,6.18
2024-11-22,VALE3,58.18
2024-11-22,VAMO3,6.1
2024-11-22,VBBR3,21.83
2024-11-22,VIVA3,23.77
2024-11-22,VIVT3,51.0
2024-11-22,WEGE3,54.01
2024-11-22,YDUQ3,10.15
2024-11-25,ABEV3,12.54
2024-11-25,ALOS3,21.47
2024-11-25,ALPA4,6.97
2024-11-25,AMER3,8.9
2024-11-25,ASAI3,7.52
2024-11-25,AURE3,10.38
2024-11-25,AZUL4,5.4
2024-11-25,AZZA3,41.68
2024-11-25,B3SA3,10.14
2024-11-25,BBAS3,25.75
2024-11-25,BBDC3,11.96
2024-11-25,BBDC4,13.6
2024-11-25,BBSE3,34.07
2024-11-25,BEEF3,5.74
2024-11-25,BHIA3,3.68
2024-11-25,BPAC11,33.11
2024-11-25,BPAN4,7.56
2024-11-25,BRAP4,18.06
2024-11-25,BRAV3,19.08
2024-11-25,BRFS3,25.45
2024-11-25,BRKM5,15.43
2024-11-25,CASH3,3.2
2024-11-25,CCRO3,12.08
2024-11-25,CEAB3,12.57
2024-11-25,CMIG4,11.77
2024-11-25,CMIN3,5.22
2024-11-25,COGN3,1.44
2024-11-25,CPFE3,33.15
2024-11-25,CPLE3,8.55
2024-11-25,CPLE6,9.67
2024-11-25,CRFB3,6.71
2024-11-25,CSAN3,11.24
2024-11-25,CSMG3,25.38
2024-11-25,CSNA3,11.25
2024-11-25,CURY3,22.7
2024-11-25,CVCB3,2.75
2024-11-25,CXSE3,14.87
2024-11-25,CYRE3,21.09
2024-11-25,DIRR3,31.16
2024-11-25,DXCO3,7.64
2024-11-25,ECOR3,6.96
2024-11-25,EGIE3,39.43
2024-11-25,ELET3,35.79
2024-11-25,ELET6,40.37
2024-11-25,EMBR3,57.11
2024-11-25,ENEV3,11.95
2024-11-25,ENGI11,41.78
2024-11-25,EQTL3,32.9
2024-11-25,EZTC3,14.04
2024-11-25,FLRY3,13.9
2024-11-25,GGBR4,20.31
2024-11-25,GOAU4,11.18
2024-11-25,GOLL4,1.6
2024-11-25,HAPV3,3.02
2024-11-25,HYPE3,20.27
2024-11-25,IGTI11,20.56
2024-11-25,IRBR3,39.75
2024-11-25,ISAE4,24.32
2024-11-25,ITSA4,10.2
2024-11-25,ITUB4,34.1
2024-11-25,JBSS3,34.9
2024-11-25,JHSF3,4.49
2024-11-25,KLBN11,21.27
2024-11-25,LOGG3,20.81
2024-11-25,LREN3,16.21
2024-11-25,LWSA3,4.3
2024-11-25,MGLU3,10.01
2024-11-25,MRFG3,18.36
2024-11-25,MRVE3,6.54
2024-11-25,MULT3,25.78
2024-11-25,NTCO3,14.45
2024-11-25,PCAR3,2.78
2024-11-25,PETR3,42.82
2024-11-25,PETR4,39.18
2024-11-25,PETZ3,4.48
2024-11-25,POMO4,9.59
2024-11-25,PRIO3,39.85
2024-11-25,PSSA3,38.6
2024-11-25,QUAL3,2.4
2024-11-25,RADL3,25.28
2024-11-25,RAIL3,20.34
2024-11-25,RAIZ4,2.66
2024-11-25,RDOR3,29.52
2024-11-25,RECV3,16.93
2024-11-25,RENT3,43.53
2024-11-25,SANB11,26.44
2024-11-25,SBSP3,97.67
2024-11-25,SLCE3,16.85
2024-11-25,SMFT3,20.13
2024-11-25,SMTO3,25.08
2024-11-25,STBP3,12.93
2024-11-25,SUZB3,59.9
2024-11-25,TAEE11,34.26
2024-11-25,TEND3,16.35
2024-11-25,TIMS3,16.31
2024-11-25,TOTS3,29.77
2024-11-25,UGPA3,18.61
2024-11-25,USIM5,6.25
2024-11-25,VALE3,58.17
2024-11-25,VAMO3,6.11
2024-11-25,VBBR3,21.8
2024-11-25,VIVA3,24.2
2024-11-25,VIVT3,51.04
2024-11-25,WEGE3,52.15
2024-11-25,YDUQ3,10.47
2024-11-26,ABEV3,12.61
2024-11-26,ALOS3,21.73
2024-11-26,ALPA4,7.18
2024-11-26,AMER3,9.07
2024-11-26,ASAI3,7.89
2024-11-26,AURE3,10.57
2024-11-26,AZUL4,5.36
2024-11-26,AZZA3,42.46
2024-11-26,B3SA3,10.18
2024-11-26,BBAS3,25.67
2024-11-26,BBDC3,12.05
2024-11-26,BBDC4,13.69
2024-11-26,BBSE3,34.13
2024-11-26,BEEF3,5.71
2024-11-26,BHIA3,4.09
2024-11-26,BPAC11,33.82
2024-11-26,BPAN4,7.68
2024-11-26,BRAP4,17.99
2024-11-26,BRAV3,20.86
2024-11-26,BRFS3,24.38
2024-11-26,BRKM5,15.1
2024-11-26,CASH3,3.42
2024-11-26,CCRO3,12.25
2024-11-26,CEAB3,12.63
2024-11-26,CMIG4,12.04
2024-11-26,CMIN3,5.17
2024-11-26,COGN3,1.47
2024-11-26,CPFE3,33.7
2024-11-26,CPLE3,9.0
2024-11-26,CPLE6,10.18
2024-11-26,CRFB3,6.93
2024-11-26,CSAN3,11.01
2024-11-26,CSMG3,25.42
2024-11-26,CSNA3,11.1
2024-11-26,CURY3,23.22
2024-11-26,CVCB3,2.84
2024-11-26,CXSE3,14.97
2024-11-26,CYRE3,21.58
2024-11-26,DIRR3,32.09
2024-11-26,DXCO3,7.83
2024-11-26,ECOR3,7.1
2024-11-26,EGIE3,38.75
2024-11-26,ELET3,36.45
2024-11-26,ELET6,40.98
2024-11-26,EMBR3,58.49
2024-11-26,ENEV3,12.06
2024-11-26,ENGI11,42.58
2024-11-26,EQTL3,33.22
2024-11-26,EZTC3,14.41
2024-11-26,FLRY3,14.04
2024-11-26,GGBR4,19.95
2024-11-26,GOAU4,11.14
2024-11-26,GOLL4,1.61
2024-11-26,HAPV3,3.05
2024-11-26,HYPE3,20.33
2024-11-26,IGTI11,21.09
2024-11-26,IRBR3,40.75
2024-11-26,ISAE4,24.77
2024-11-26,ITSA4,10.44
2024-11-26,ITUB4,34.75
2024-11-26,JBSS3,35.06
2024-11-26,JHSF3,4.63
2024-11-26,KLBN11,21.28
2024-11-26,LOGG3,21.0
2024-11-26,LREN3,17.02
2024-11-26,LWSA3,4.49
2024-11-26,MGLU3,10.64
2024-11-26,MRFG3,18.3
2024-11-26,MRVE3,6.62
2024-11-26,MULT3,26.12
2024-11-26,NTCO3,14.36
2024-11-26,PCAR3,2.78
2024-11-26,PETR3,42.6
2024-11-26,PETR4,39.13
2024-11-26,PETZ3,4.5
2024-11-26,POMO4,9.58
2024-11-26,PRIO3,39.85
2024-11-26,PSSA3,38.93
2024-11-26,QUAL3,2.43
2024-11-26,RADL3,25.72
2024-11-26,RAIL3,20.78
2024-11-26,RAIZ4,2.66
2024-11-26,RDOR3,29.43
2024-11-26,RECV3,17.21
2024-11-26,RENT3,44.08
2024-11-26,SANB11,26.57
2024-11-26,SBSP3,98.9
2024-11-26,SLCE3,16.92
2024-11-26,SMFT3,20.68
2024-11-26,SMTO3,25.36
2024-11-26,STBP3,12.9
2024-11-26,SUZB3,59.3
2024-11-26,TAEE11,34.44
2024-11-26,TEND3,16.5
2024-11-26,TIMS3,16.32
2024-11-26,TOTS3,30.34
2024-11-26,UGPA3,18.58
2024-11-26,USIM5,6.24
2024-11-26,VALE3,57.43
2024-11-26,VAMO3,6.35
2024-11-26,VBBR3,22.05
2024-11-26,VIVA3,24.82
2024-11-26,VIVT3,51.88
2024-11-26,WEGE3,52.78
2024-11-26,YDUQ3,10.57
2024-11-27,ABEV3,12.55
2024-11-27,ALOS3,21.04
2024-11-27,ALPA4,6.89
2024-11-27,AMER3,8.91
2024-11-27,ASAI3,7.41
2024-11-27,AURE3,10.14
2024-11-27,AZUL4,5.16
2024-11-27,AZZA3,39.4
2024-11-27,B3SA3,9.76
2024-11-27,BBAS3,25.22
2024-11-27,BBDC3,11.66
2024-11-27,BBDC4,13.32
2024-11-27,BBSE3,33.61
2024-11-27,BEEF3,5.65
2024-11-27,BHIA3,3.85
2024-11-27,BPAC11,32.05
2024-11-27,BPAN4,7.32
2024-11-27,BRAP4,18.24
2024-11-27,BRAV3,20.31
2024-11-27,BRFS3,24.59
2024-11-27,BRKM5,14.75
2024-11-27,CASH3,3.44
2024-11-27,CCRO3,11.62
2024-11-27,CEAB3,11.94
2024-11-27,CMIG4,11.87
2024-11-27,CMIN3,5.2
2024-11-27,COGN3,1.39
2024-11-27,CPFE3,32.9
2024-11-27,CPLE3,8.75
2024-11-27,CPLE6,9.85
2024-11-27,CRFB3,6.94
2024-11-27,CSAN3,10.75
2024-11-27,CSMG3,25.64
2024-11-27,CSNA3,11.19
2024-11-27,CURY3,21.71
2024-11-27,CVCB3,2.69
2024-11-27,CXSE3,14.58
2024-11-27,CYRE3,20.12
2024-11-27,DIRR3,30.1
2024-11-27,DXCO3,7.56
2024-11-27,ECOR3,6.67
2024-11-27,EGIE3,38.05
2024-11-27,ELET3,35.4
2024-11-27,ELET6,39.92
2024-11-27,EMBR3,56.69
2024-11-27,ENEV3,11.77
2024-11-27,ENGI11,41.72
2024-11-27,EQTL3,32.29
2024-11-27,EZTC3,13.89
2024-11-27,FLRY3,13.59
2024-11-27,GGBR4,20.13
2024-11-27,GOAU4,11.22
2024-11-27,GOLL4,1.57
2024-11-27,HAPV3,2.88
2024-11-27,HYPE3,19.99
2024-11-27,IGTI11,20.19
2024-11-27,IRBR3,40.8
2024-11-27,ISAE4,24.17
2024-11-27,ITSA4,10.08
2024-11-27,ITUB4,33.9
2024-11-27,JBSS3,35.2
2024-11-27,JHSF3,4.56
2024-11-27,KLBN11,21.29
2024-11-27,LOGG3,20.66
2024-11-27,LREN3,16.14
2024-11-27,LWSA3,4.08
2024-11-27,MGLU3,9.64
2024-11-27,MRFG3,18.75
2024-11-27,MRVE3,6.17
2024-11-27,MULT3,24.85
2024-11-27,NTCO3,14.8
2024-11-27,PCAR3,2.74
2024-11-27,PETR3,42.46
2024-11-27,PETR4,38.99
2024-11-27,PETZ3,4.29
2024-11-27,POMO4,9.3
2024-11-27,PRIO3,39.57
2024-11-27,PSSA3,38.15
2024-11-27,QUAL3,2.28
2024-11-27,RADL3,24.91
2024-11-27,RAIL3,20.24
2024-11-27,RAIZ4,2.66
2024-11-27,RDOR3,28.05
2024-11-27,RECV3,16.66
2024-11-27,RENT3,41.55
2024-11-27,SANB11,25.68
2024-11-27,SBSP3,97.06
2024-11-27,SLCE3,17.07
2024-11-27,SMFT3,19.24
2024-11-27,SMTO3,25.0
2024-11-27,STBP3,12.9
2024-11-27,SUZB3,59.74
2024-11-27,TAEE11,34.01
2024-11-27,TEND3,15.59
2024-11-27,TIMS3,16.19
2024-11-27,TOTS3,28.76
2024-11-27,UGPA3,18.04
2024-11-27,USIM5,6.36
2024-11-27,VALE3,58.13
2024-11-27,VAMO3,6.1
2024-11-27,VBBR3,21.41
2024-11-27,VIVA3,23.62
2024-11-27,VIVT3,50.87
2024-11-27,WEGE3,51.91
2024-11-27,YDUQ3,10.03
2024-11-28,ABEV3,12.4
2024-11-28,ALOS3,19.87
2024-11-28,ALPA4,6.23
2024-11-28,AMER3,7.9
2024-11-28,ASAI3,6.77
2024-11-28,AURE3,9.8
2024-11-28,AZUL4,4.86
2024-11-28,AZZA3,35.66
2024-11-28,B3SA3,9.15
2024-11-28,BBAS3,24.48
2024-11-28,BBDC3,11.23
2024-11-28,BBDC4,12.76
2024-11-28,BBSE3,33.43
2024-11-28,BEEF3,5.44
2024-11-28,BHIA3,3.65
2024-11-28,BPAC11,30.9
2024-11-28,BPAN4,7.1
2024-11-28,BRAP4,18.04
2024-11-28,BRAV3,19.19
2024-11-28,BRFS3,24.41
2024-11-28,BRKM5,14.36
2024-11-28,CASH3,3.32
2024-11-28,CCRO3,10.96
2024-11-28,CEAB3,10.38
2024-11-28,CMIG4,11.47
2024-11-28,CMIN3,5.13
2024-11-28,COGN3,1.29
2024-11-28,CPFE3,33.27
2024-11-28,CPLE3,8.61
2024-11-28,CPLE6,9.71
2024-11-28,CRFB3,6.73
2024-11-28,CSAN3,9.67
2024-11-28,CSMG3,25.1
2024-11-28,CSNA3,10.9
2024-11-28,CURY3,20.23
2024-11-28,CVCB3,2.33
2024-11-28,CXSE3,14.26
2024-11-28,CYRE3,18.49
2024-11-28,DIRR3,27.96
2024-11-28,DXCO3,7.05
2024-11-28,ECOR3,5.35
2024-11-28,EGIE3,37.55
2024-11-28,ELET3,34.05
2024-11-28,ELET6,38.82
2024-11-28,EMBR3,56.66
2024-11-28,ENEV3,11.49
2024-11-28,ENGI11,40.59
2024-11-28,EQTL3,31.02
2024-11-28,EZTC3,12.85
2024-11-28,FLRY3,13.28
2024-11-28,GGBR4,20.25
2024-11-28,GOAU4,11.31
2024-11-28,GOLL4,1.35
2024-11-28,HAPV3,2.71
2024-11-28,HYPE3,19.65
2024-11-28,IGTI11,19.32
2024-11-28,IRBR3,39.44
2024-11-28,ISAE4,23.77
2024-11-28,ITSA4,9.78
2024-11-28,ITUB4,32.68
2024-11-28,JBSS3,36.38
2024-11-28,JHSF3,4.37
2024-11-28,KLBN11,21.71
2024-11-28,LOGG3,20.06
2024-11-28,LREN3,14.5
2024-11-28,LWSA3,3.87
2024-11-28,MGLU3,8.99
2024-11-28,MRFG3,18.37
2024-11-28,MRVE3,5.3
2024-11-28,MULT3,23.78
2024-11-28,NTCO3,13.61
2024-11-28,PCAR3,2.66
2024-11-28,PETR3,41.75
2024-11-28,PETR4,38.59
2024-11-28,PETZ3,4.14
2024-11-28,POMO4,8.65
2024-11-28,PRIO3,39.47
2024-11-28,PSSA3,37.53
2024-11-28,QUAL3,2.17
2024-11-28,RADL3,24.53
2024-11-28,RAIL3,19.42
2024-11-28,RAIZ4,2.55
2024-11-28,RDOR3,27.4
2024-11-28,RECV3,16.2
2024-11-28,RENT3,39.0
2024-11-28,SANB11,24.9
2024-11-28,SBSP3,93.95
2024-11-28,SLCE3,17.52
2024-11-28,SMFT3,18.37
2024-11-28,SMTO3,24.94
2024-11-28,STBP3,12.83
2024-11-28,SUZB3,61.53
2024-11-28,TAEE11,33.59
2024-11-28,TEND3,13.94
2024-11-28,TIMS3,15.55
2024-11-28,TOTS3,27.53
2024-11-28,UGPA3,17.09
2024-11-28,USIM5,6.06
2024-11-28,VALE3,57.53
2024-11-28,VAMO3,5.77
2024-11-28,VBBR3,20.36
2024-11-28,VIVA3,22.2
2024-11-28,VIVT3,49.34
2024-11-28,WEGE3,52.91
2024-11-28,YDUQ3,9.39
2024-11-29,ABEV3,12.73
2024-11-29,ALOS3,19.69
2024-11-29,ALPA4,6.3
2024-11-29,AMER3,8.27
2024-11-29,ASAI3,6.6
2024-11-29,AURE3,9.86
2024-11-29,AZUL4,4.93
2024-11-29,AZZA3,36.69
2024-11-29,B3SA3,9.26
2024-11-29,BBAS3,24.77
2024-11-29,BBDC3,11.13
2024-11-29,BBDC4,12.63
2024-11-29,BBSE3,33.53
2024-11-29,BEEF3,5.85
2024-11-29,BHIA3,3.72
2024-11-29,BPAC11,30.28
2024-11-29,BPAN4,7.15
2024-11-29,BRAP4,18.45
2024-11-29,BRAV3,19.88
2024-11-29,BRFS3,24.81
2024-11-29,BRKM5,15.0
2024-11-29,CASH3,3.21
2024-11-29,CCRO3,11.03
2024-11-29,CEAB3,10.57
2024-11-29,CMIG4,11.9
2024-11-29,CMIN3,5.28
2024-11-29,COGN3,1.29
2024-11-29,CPFE3,32.62
2024-11-29,CPLE3,8.73
2024-11-29,CPLE6,9.71
2024-11-29,CRFB3,6.4
2024-11-29,CSAN3,10.19
2024-11-29,CSMG3,25.38
2024-11-29,CSNA3,11.16
2024-11-29,CURY3,20.56
2024-11-29,CVCB3,2.4
2024-11-29,CXSE3,14.53
2024-11-29,CYRE3,18.4
2024-11-29,DIRR3,28.95
2024-11-29,DXCO3,7.25
2024-11-29,ECOR3,5.5
2024-11-29,EGIE3,38.0
2024-11-29,ELET3,34.37
2024-11-29,ELET6,39.01
2024-11-29,EMBR3,58.13
2024-11-29,ENEV3,11.55
2024-11-29,ENGI11,40.21
2024-11-29,EQTL3,30.61
2024-11-29,EZTC3,12.66
2024-11-29,FLRY3,13.18
2024-11-29,GGBR4,20.3
2024-11-29,GOAU4,11.46
2024-11-29,GOLL4,1.34
2024-11-29,HAPV3,2.7
2024-11-29,HYPE3,19.52
2024-11-29,IGTI11,19.15
2024-11-29,IRBR3,40.99
2024-11-29,ISAE4,24.16
2024-11-29,ITSA4,9.75
2024-11-29,ITUB4,32.6
2024-11-29,JBSS3,37.32
2024-11-29,JHSF3,4.32
2024-11-29,KLBN11,22.21
2024-11-29,LOGG3,20.2
2024-11-29,LREN3,15.06
2024-11-29,LWSA3,3.74
2024-11-29,MGLU3,9.03
2024-11-29,MRFG3,18.77
2024-11-29,MRVE3,5.28
2024-11-29,MULT3,23.79
2024-11-29,NTCO3,13.88
2024-11-29,PCAR3,2.64
2024-11-29,PETR3,42.62
2024-11-29,PETR4,38.9
2024-11-29,PETZ3,4.3
2024-11-29,POMO4,8.59
2024-11-29,PRIO3,40.14
2024-11-29,PSSA3,37.84
2024-11-29,QUAL3,2.15
2024-11-29,RADL3,24.04
2024-11-29,RAIL3,19.45
2024-11-29,RAIZ4,2.64
2024-11-29,RDOR3,27.05
2024-11-29,RECV3,16.54
2024-11-29,RENT3,37.58
2024-11-29,SANB11,24.93
2024-11-29,SBSP3,92.98
2024-11-29,SLCE3,17.41
2024-11-29,SMFT3,18.22
2024-11-29,SMTO3,25.4
2024-11-29,STBP3,12.82
2024-11-29,SUZB3,62.4
2024-11-29,TAEE11,34.09
2024-11-29,TEND3,14.01
2024-11-29,TIMS3,15.84
2024-11-29,TOTS3,27.46
2024-11-29,UGPA3,17.94
2024-11-29,USIM5,6.14
2024-11-29,VALE3,58.78
2024-11-29,VAMO3,5.79
2024-11-29,VBBR3,20.63
2024-11-29,VIVA3,22.93
2024-11-29,VIVT3,49.52
2024-11-29,WEGE3,53.94
2024-11-29,YDUQ3,9.25
2024-12-02,ABEV3,13.25
2024-12-02,ALOS3,19.45
2024-12-02,ALPA4,6.13
2024-12-02,AMER3,8.0
2024-12-02,ASAI3,6.5
2024-12-02,AURE3,9.53
2024-12-02,AZUL4,4.54
2024-12-02,AZZA3,36.86
2024-12-02,B3SA3,9.37
2024-12-02,BBAS3,24.57
2024-12-02,BBDC3,10.98
2024-12-02,BBDC4,12.36
2024-12-02,BBSE3,33.63
2024-12-02,BEEF3,6.01
2024-12-02,BHIA3,3.7
2024-12-02,BPAC11,30.01
2024-12-02,BPAN4,7.0
2024-12-02,BRAP4,18.38
2024-12-02,BRAV3,19.33
2024-12-02,BRFS3,25.2
2024-12-02,BRKM5,15.32
2024-12-02,CASH3,3.34
2024-12-02,CCRO3,10.77
2024-12-02,CEAB3,10.33
2024-12-02,CMIG4,11.65
2024-12-02,CMIN3,5.25
2024-12-02,COGN3,1.25
2024-12-02,CPFE3,32.22
2024-12-02,CPLE3,8.62
2024-12-02,CPLE6,9.7
2024-12-02,CRFB3,6.43
2024-12-02,CSAN3,9.99
2024-12-02,CSMG3,25.19
2024-12-02,CSNA3,11.18
2024-12-02,CURY3,20.31
2024-12-02,CVCB3,2.42
2024-12-02,CXSE3,14.3
2024-12-02,CYRE3,18.28
2024-12-02,DIRR3,28.35
2024-12-02,DXCO3,7.19
2024-12-02,ECOR3,5.29
2024-12-02,EGIE3,37.36
2024-12-02,ELET3,34.52
2024-12-02,ELET6,38.98
2024-12-02,EMBR3,57.61
2024-12-02,ENEV3,11.48
2024-12-02,ENGI11,39.44
2024-12-02,EQTL3,30.12
2024-12-02,EZTC3,12.24
2024-12-02,FLRY3,13.24
2024-12-02,GGBR4,20.48
2024-12-02,GOAU4,11.52
2024-12-02,GOLL4,1.31
2024-12-02,HAPV3,2.67
2024-12-02,HYPE3,19.68
2024-12-02,IGTI11,18.74
2024-12-02,IRBR3,40.06
2024-12-02,ISAE4,23.95
2024-12-02,ITSA4,9.6
2024-12-02,ITUB4,32.12
2024-12-02,JBSS3,37.63
2024-12-02,JHSF3,4.27
2024-12-02,KLBN11,22.37
2024-12-02,LOGG3,19.67
2024-12-02,LREN3,14.99
2024-12-02,LWSA3,3.58
2024-12-02,MGLU3,9.2
2024-12-02,MRFG3,18.91
2024-12-02,MRVE3,5.19
2024-12-02,MULT3,23.47
2024-12-02,NTCO3,14.0
2024-12-02,PCAR3,2.64
2024-12-02,PETR3,42.73
2024-12-02,PETR4,39.15
2024-12-02,PETZ3,4.4
2024-12-02,POMO4,8.63
2024-12-02,PRIO3,40.0
2024-12-02,PSSA3,37.89
2024-12-02,QUAL3,2.36
2024-12-02,RADL3,24.06
2024-12-02,RAIL3,18.86
2024-12-02,RAIZ4,2.52
2024-12-02,RDOR3,27.0
2024-12-02,RECV3,16.41
2024-12-02,RENT3,36.62
2024-12-02,SANB11,24.7
2024-12-02,SBSP3,91.58
2024-12-02,SLCE3,17.97
2024-12-02,SMFT3,18.2
2024-12-02,SMTO3,25.21
2024-12-02,STBP3,12.82
2024-12-02,SUZB3,62.1
2024-12-02,TAEE11,34.28
2024-12-02,TEND3,13.53
2024-12-02,TIMS3,15.63
2024-12-02,TOTS3,26.87
2024-12-02,UGPA3,17.76
2024-12-02,USIM5,6.17
2024-12-02,VALE3,58.92
2024-12-02,VAMO3,5.4
2024-12-02,VBBR3,20.46
2024-12-02,VIVA3,22.5
2024-12-02,VIVT3,49.55
2024-12-02,WEGE3,53.85
2024-12-02,YDUQ3,8.99
2024-12-03,ABEV3,13.85
2024-12-03,ALOS3,19.31
2024-12-03,ALPA4,6.18
2024-12-03,AMER3,8.04
2024-12-03,ASAI3,6.43
2024-12-03,AURE3,9.62
2024-12-03,AZUL4,4.66
2024-12-03,AZZA3,36.74
2024-12-03,B3SA3,9.46
2024-12-03,BBAS3,24.87
2024-12-03,BBDC3,10.98
2024-12-03,BBDC4,12.3
2024-12-03,BBSE3,35.04
2024-12-03,BEEF3,6.06
2024-12-03,BHIA3,3.67
2024-12-03,BPAC11,30.07
2024-12-03,BPAN4,7.0
2024-12-03,BRAP4,18.15
2024-12-03,BRAV3,21.08
2024-12-03,BRFS3,26.33
2024-12-03,BRKM5,15.35
2024-12-03,CASH3,3.23
2024-12-03,CCRO3,10.79
2024-12-03,CEAB3,10.41
2024-12-03,CMIG4,11.57
2024-12-03,CMIN3,5.18
2024-12-03,COGN3,1.29
2024-12-03,CPFE3,32.37
2024-12-03,CPLE3,8.67
2024-12-03,CPLE6,9.78
2024-12-03,CRFB3,6.38
2024-12-03,CSAN3,9.94
2024-12-03,CSMG3,25.4
2024-12-03,CSNA3,11.42
2024-12-03,CURY3,20.51
2024-12-03,CVCB3,2.51
2024-12-03,CXSE3,14.95
2024-12-03,CYRE3,18.36
2024-12-03,DIRR3,28.22
2024-12-03,DXCO3,6.99
2024-12-03,ECOR3,5.37
2024-12-03,EGIE3,37.82
2024-12-03,ELET3,34.94
2024-12-03,ELET6,39.37
2024-12-03,EMBR3,56.08
2024-12-03,ENEV3,11.46
2024-12-03,ENGI11,39.79
2024-12-03,EQTL3,29.87
2024-12-03,EZTC3,11.93
2024-12-03,FLRY3,13.52
2024-12-03,GGBR4,20.87
2024-12-03,GOAU4,11.68
2024-12-03,GOLL4,1.34
2024-12-03,HAPV3,2.71
2024-12-03,HYPE3,19.9
2024-12-03,IGTI11,18.68
2024-12-03,IRBR3,39.4
2024-12-03,ISAE4,23.96
2024-12-03,ITSA4,9.2
2024-12-03,ITUB4,32.48
2024-12-03,JBSS3,38.42
2024-12-03,JHSF3,4.08
2024-12-03,KLBN11,22.65
2024-12-03,LOGG3,19.75
2024-12-03,LREN3,15.4
2024-12-03,LWSA3,3.49
2024-12-03,MGLU3,9.31
2024-12-03,MRFG3,19.2
2024-12-03,MRVE3,5.25
2024-12-03,MULT3,23.18
2024-12-03,NTCO3,14.01
2024-12-03,PCAR3,2.58
2024-12-03,PETR3,42.78
2024-12-03,PETR4,39.5
2024-12-03,PETZ3,4.22
2024-12-03,POMO4,8.62
2024-12-03,PRIO3,40.81
2024-12-03,PSSA3,39.04
2024-12-03,QUAL3,2.33
2024-12-03,RADL3,24.06
2024-12-03,RAIL3,18.76
2024-12-03,RAIZ4,2.52
2024-12-03,RDOR3,26.4
2024-12-03,RECV3,16.61
2024-12-03,RENT3,37.12
2024-12-03,SANB11,25.29
2024-12-03,SBSP3,93.14
2024-12-03,SLCE3,18.71
2024-12-03,SMFT3,18.45
2024-12-03,SMTO3,25.06
2024-12-03,STBP3,12.84
2024-12-03,SUZB3,63.4
2024-12-03,TAEE11,34.03
2024-12-03,TEND3,13.33
2024-12-03,TIMS3,15.9
2024-12-03,TOTS3,26.99
2024-12-03,UGPA3,17.67
2024-12-03,USIM5,6.08
2024-12-03,VALE3,58.47
2024-12-03,VAMO3,5.37
2024-12-03,VBBR3,20.4
2024-12-03,VIVA3,22.69
2024-12-03,VIVT3,51.29
2024-12-03,WEGE3,54.6
2024-12-03,YDUQ3,8.98
2024-12-04,ABEV3,13.93
2024-12-04,ALOS3,19.26
2024-12-04,ALPA4,6.06
2024-12-04,AMER3,7.96
2024-12-04,ASAI3,6.56
2024-12-04,AURE3,9.5
2024-12-04,AZUL4,4.56
2024-12-04,AZZA3,35.09
2024-12-04,B3SA3,9.57
2024-12-04,BBAS3,25.17
2024-12-04,BBDC3,11.12
2024-12-04,BBDC4,12.44
2024-12-04,BBSE3,35.0
2024-12-04,BEEF3,6.05
2024-12-04,BHIA3,3.56
2024-12-04,BPAC11,30.72
2024-12-04,BPAN4,6.9
2024-12-04,BRAP4,17.65
2024-12-04,BRAV3,20.92
2024-12-04,BRFS3,27.8
2024-12-04,BRKM5,15.38
2024-12-04,CASH3,3.2
2024-12-04,CCRO3,10.69
2024-12-04,CEAB3,10.22
2024-12-04,CMIG4,11.43
2024-12-04,CMIN3,5.21
2024-12-04,COGN3,1.26
2024-12-04,CPFE3,32.09
2024-12-04,CPLE3,8.6
2024-12-04,CPLE6,9.68
2024-12-04,CRFB3,6.27
2024-12-04,CSAN3,9.72
2024-12-04,CSMG3,24.55
2024-12-04,CSNA3,11.19
2024-12-04,CURY3,20.72
2024-12-04,CVCB3,2.56
2024-12-04,CXSE3,14.85
2024-12-04,CYRE3,18.4
2024-12-04,DIRR3,28.69
2024-12-04,DXCO3,7.04
2024-12-04,ECOR3,5.23
2024-12-04,EGIE3,37.89
2024-12-04,ELET3,35.05
2024-12-04,ELET6,39.25
2024-12-04,EMBR3,56.17
2024-12-04,ENEV3,11.39
2024-12-04,ENGI11,39.41
2024-12-04,EQTL3,29.82
2024-12-04,EZTC3,11.92
2024-12-04,FLRY3,13.23
2024-12-04,GGBR4,20.82
2024-12-04,GOAU4,11.55
2024-12-04,GOLL4,1.38
2024-12-04,HAPV3,2.62
2024-12-04,HYPE3,19.62
2024-12-04,IGTI11,18.38
2024-12-04,IRBR3,39.87
2024-12-04,ISAE4,24.27
2024-12-04,ITSA4,9.26
2024-12-04,ITUB4,32.68
2024-12-04,JBSS3,39.07
2024-12-04,JHSF3,4.07
2024-12-04,KLBN11,23.25
2024-12-04,LOGG3,19.69
2024-12-04,LREN3,15.66
2024-12-04,LWSA3,3.65
2024-12-04,MGLU3,9.24
2024-12-04,MRFG3,19.49
2024-12-04,MRVE3,5.03
2024-12-04,MULT3,22.87
2024-12-04,NTCO3,14.31
2024-12-04,PCAR3,2.54
2024-12-04,PETR3,42.37
2024-12-04,PETR4,39.25
2024-12-04,PETZ3,4.12
2024-12-04,POMO4,9.0
2024-12-04,PRIO3,39.71
2024-12-04,PSSA3,39.9
2024-12-04,QUAL3,2.35
2024-12-04,RADL3,24.55
2024-12-04,RAIL3,19.28
2024-12-04,RAIZ4,2.56
2024-12-04,RDOR3,26.88
2024-12-04,RECV3,16.17
2024-12-04,RENT3,36.26
2024-12-04,SANB11,25.3
2024-12-04,SBSP3,91.51
2024-12-04,SLCE3,18.77
2024-12-04,SMFT3,18.14
2024-12-04,SMTO3,25.48
2024-12-04,STBP3,12.87
2024-12-04,SUZB3,65.05
2024-12-04,TAEE11,34.05
2024-12-04,TEND3,13.42
2024-12-04,TIMS3,15.99
2024-12-04,TOTS3,27.11
2024-12-04,UGPA3,17.8
2024-12-04,USIM5,6.07
2024-12-04,VALE3,57.33
2024-12-04,VAMO3,5.3
2024-12-04,VBBR3,20.36
2024-12-04,VIVA3,22.76
2024-12-04,VIVT3,51.05
2024-12-04,WEGE3,55.0
2024-12-04,YDUQ3,9.0
2024-12-05,ABEV3,14.42
2024-12-05,ALOS3,19.6
2024-12-05,ALPA4,6.14
2024-12-05,AMER3,8.0
2024-12-05,ASAI3,6.59
2024-12-05,AURE3,9.59
2024-12-05,AZUL4,4.71
2024-12-05,AZZA3,35.4
2024-12-05,B3SA3,9.78
2024-12-05,BBAS3,25.48
2024-12-05,BBDC3,11.29
2024-12-05,BBDC4,12.61
2024-12-05,BBSE3,35.4
2024-12-05,BEEF3,6.07
2024-12-05,BHIA3,3.54
2024-12-05,BPAC11,31.0
2024-12-05,BPAN4,7.1
2024-12-05,BRAP4,17.8
2024-12-05,BRAV3,21.27
2024-12-05,BRFS3,28.29
2024-12-05,BRKM5,15.21
2024-12-05,CASH3,3.17
2024-12-05,CCRO3,10.86
2024-12-05,CEAB3,10.26
2024-12-05,CMIG4,11.68
2024-12-05,CMIN3,5.3
2024-12-05,COGN3,1.28
2024-12-05,CPFE3,32.28
2024-12-05,CPLE3,8.59
2024-12-05,CPLE6,9.67
2024-12-05,CRFB3,6.39
2024-12-05,CSAN3,9.82
2024-12-05,CSMG3,25.09
2024-12-05,CSNA3,11.35
2024-12-05,CURY3,21.05
2024-12-05,CVCB3,2.33
2024-12-05,CXSE3,15.14
2024-12-05,CYRE3,18.82
2024-12-05,DIRR3,29.52
2024-12-05,DXCO3,7.21
2024-12-05,ECOR3,5.42
2024-12-05,EGIE3,38.29
2024-12-05,ELET3,36.46
2024-12-05,ELET6,40.6
2024-12-05,EMBR3,56.36
2024-12-05,ENEV3,11.53
2024-12-05,ENGI11,39.84
2024-12-05,EQTL3,30.38
2024-12-05,EZTC3,12.29
2024-12-05,FLRY3,13.19
2024-12-05,GGBR4,20.85
2024-12-05,GOAU4,11.71
2024-12-05,GOLL4,1.36
2024-12-05,HAPV3,2.59
2024-12-05,HYPE3,19.8
2024-12-05,IGTI11,19.03
2024-12-05,IRBR3,40.18
2024-12-05,ISAE4,24.6
2024-12-05,ITSA4,9.47
2024-12-05,ITUB4,33.38
2024-12-05,JBSS3,39.0
2024-12-05,JHSF3,4.15
2024-12-05,KLBN11,23.23
2024-12-05,LOGG3,20.0
2024-12-05,LREN3,15.96
2024-12-05,LWSA3,3.67
2024-12-05,MGLU3,9.19
2024-12-05,MRFG3,19.87
2024-12-05,MRVE3,5.03
2024-12-05,MULT3,23.7
2024-12-05,NTCO3,14.21
2024-12-05,PCAR3,2.58
2024-12-05,PETR3,43.0
2024-12-05,PETR4,39.64
2024-12-05,PETZ3,4.2
2024-12-05,POMO4,8.97
2024-12-05,PRIO3,40.66
2024-12-05,PSSA3,39.7
2024-12-05,QUAL3,2.32
2024-12-05,RADL3,24.7
2024-12-05,RAIL3,19.72
2024-12-05,RAIZ4,2.56
2024-12-05,RDOR3,27.23
2024-12-05,RECV3,16.22
2024-12-05,RENT3,37.0
2024-12-05,SANB11,25.75
2024-12-05,SBSP3,93.55
2024-12-05,SLCE3,18.96
2024-12-05,SMFT3,18.69
2024-12-05,SMTO3,25.6
2024-12-05,STBP3,12.89
2024-12-05,SUZB3,65.1
2024-12-05,TAEE11,34.42
2024-12-05,TEND3,13.43
2024-12-05,TIMS3,16.13
2024-12-05,TOTS3,28.06
2024-12-05,UGPA3,18.26
2024-12-05,USIM5,6.16
2024-12-05,VALE3,57.8
2024-12-05,VAMO3,5.46
2024-12-05,VBBR3,20.67
2024-12-05,VIVA3,23.28
2024-12-05,VIVT3,51.92
2024-12-05,WEGE3,54.93
2024-12-05,YDUQ3,8.91
2024-12-06,ABEV3,14.22
2024-12-06,ALOS3,19.36
2024-12-06,ALPA4,6.0
2024-12-06,AMER3,7.82
2024-12-06,ASAI3,6.16
2024-12-06,AURE3,9.46
2024-12-06,AZUL4,4.37
2024-12-06,AZZA3,33.99
2024-12-06,B3SA3,9.93
2024-12-06,BBAS3,24.73
2024-12-06,BBDC3,11.12
2024-12-06,BBDC4,12.32
2024-12-06,BBSE3,35.42
2024-12-06,BEEF3,5.91
2024-12-06,BHIA3,3.35
2024-12-06,BPAC11,30.61
2024-12-06,BPAN4,7.01
2024-12-06,BRAP4,17.48
2024-12-06,BRAV3,21.25
2024-12-06,BRFS3,28.32
2024-12-06,BRKM5,14.44
2024-12-06,CASH3,3.17
2024-12-06,CCRO3,10.7
2024-12-06,CEAB3,10.06
2024-12-06,CMIG4,11.5
2024-12-06,CMIN3,5.24
2024-12-06,COGN3,1.2
2024-12-06,CPFE3,32.03
2024-12-06,CPLE3,8.6
2024-12-06,CPLE6,9.59
2024-12-06,CRFB3,5.94
2024-12-06,CSAN3,9.4
2024-12-06,CSMG3,24.75
2024-12-06,CSNA3,11.16
2024-12-06,CURY3,20.71
2024-12-06,CVCB3,2.06
2024-12-06,CXSE3,15.28
2024-12-06,CYRE3,18.54
2024-12-06,DIRR3,29.81
2024-12-06,DXCO3,7.0
2024-12-06,ECOR3,5.08
2024-12-06,EGIE3,38.0
2024-12-06,ELET3,36.47
2024-12-06,ELET6,40.45
2024-12-06,EMBR3,57.32
2024-12-06,ENEV3,11.54
2024-12-06,ENGI11,39.06
2024-12-06,EQTL3,29.75
2024-12-06,EZTC3,12.1
2024-12-06,FLRY3,13.09
2024-12-06,GGBR4,20.47
2024-12-06,GOAU4,11.57
2024-12-06,GOLL4,1.26
2024-12-06,HAPV3,2.47
2024-12-06,HYPE3,18.99
2024-12-06,IGTI11,18.84
2024-12-06,IRBR3,38.96
2024-12-06,ISAE4,24.53
2024-12-06,ITSA4,9.27
2024-12-06,ITUB4,32.7
2024-12-06,JBSS3,39.02
2024-12-06,JHSF3,4.04
2024-12-06,KLBN11,23.09
2024-12-06,LOGG3,21.59
2024-12-06,LREN3,15.63
2024-12-06,LWSA3,3.59
2024-12-06,MGLU3,8.54
2024-12-06,MRFG3,19.49
2024-12-06,MRVE3,5.02
2024-12-06,MULT3,23.22
2024-12-06,NTCO3,14.21
2024-12-06,PCAR3,2.37
2024-12-06,PETR3,42.11
2024-12-06,PETR4,39.03
2024-12-06,PETZ3,3.99
2024-12-06,POMO4,8.36
2024-12-06,PRIO3,39.7
2024-12-06,PSSA3,39.2
2024-12-06,QUAL3,2.3
2024-12-06,RADL3,24.14
2024-12-06,RAIL3,19.2
2024-12-06,RAIZ4,2.46
2024-12-06,RDOR3,27.4
2024-12-06,RECV3,15.88
2024-12-06,RENT3,34.82
2024-12-06,SANB11,25.48
2024-12-06,SBSP3,91.06
2024-12-06,SLCE3,18.57
2024-12-06,SMFT3,18.43
2024-12-06,SMTO3,25.23
2024-12-06,STBP3,12.91
2024-12-06,SUZB3,65.43
2024-12-06,TAEE11,34.13
2024-12-06,TEND3,13.23
2024-12-06,TIMS3,16.11
2024-12-06,TOTS3,27.35
2024-12-06,UGPA3,17.67
2024-12-06,USIM5,5.98
2024-12-06,VALE3,56.81
2024-12-06,VAMO3,5.3
2024-12-06,VBBR3,20.19
2024-12-06,VIVA3,22.72
2024-12-06,VIVT3,51.66
2024-12-06,WEGE3,55.6
2024-12-06,YDUQ3,8.29
2024-12-09,ABEV3,14.21
2024-12-09,ALOS3,19.35
2024-12-09,ALPA4,6.05
2024-12-09,AMER3,7.69
2024-12-09,ASAI3,6.06
2024-12-09,AURE3,9.42
2024-12-09,AZUL4,4.4
2024-12-09,AZZA3,32.66
2024-12-09,B3SA3,10.0
2024-12-09,BBAS3,24.67
2024-12-09,BBDC3,11.11
2024-12-09,BBDC4,12.24
2024-12-09,BBSE3,35.66
2024-12-09,BEEF3,6.11
2024-12-09,BHIA3,3.25
2024-12-09,BPAC11,30.37
2024-12-09,BPAN4,6.8
2024-12-09,BRAP4,18.35
2024-12-09,BRAV3,21.44
2024-12-09,BRFS3,28.69
2024-12-09,BRKM5,14.71
2024-12-09,CASH3,3.11
2024-12-09,CCRO3,10.66
2024-12-09,CEAB3,10.19
2024-12-09,CMIG4,11.63
2024-12-09,CMIN3,5.59
2024-12-09,COGN3,1.15
2024-12-09,CPFE3,31.94
2024-12-09,CPLE3,8.56
2024-12-09,CPLE6,9.57
2024-12-09,CRFB3,6.0
2024-12-09,CSAN3,9.36
2024-12-09,CSMG3,24.61
2024-12-09,CSNA3,11.65
2024-12-09,CURY3,20.51
2024-12-09,CVCB3,2.08
2024-12-09,CXSE3,15.76
2024-12-09,CYRE3,18.39
2024-12-09,DIRR3,29.6
2024-12-09,DXCO3,6.63
2024-12-09,ECOR3,5.01
2024-12-09,EGIE3,37.96
2024-12-09,ELET3,35.95
2024-12-09,ELET6,40.01
2024-12-09,EMBR3,56.44
2024-12-09,ENEV3,11.47
2024-12-09,ENGI11,38.46
2024-12-09,EQTL3,29.58
2024-12-09,EZTC3,11.94
2024-12-09,FLRY3,13.12
2024-12-09,GGBR4,21.15
2024-12-09,GOAU4,11.91
2024-12-09,GOLL4,1.25
2024-12-09,HAPV3,2.41
2024-12-09,HYPE3,18.95
2024-12-09,IGTI11,18.81
2024-12-09,IRBR3,38.98
2024-12-09,ISAE4,24.86
2024-12-09,ITSA4,9.3
2024-12-09,ITUB4,32.86
2024-12-09,JBSS3,39.93
2024-12-09,JHSF3,4.1
2024-12-09,KLBN11,23.38
2024-12-09,LOGG3,21.71
2024-12-09,LREN3,15.39
2024-12-09,LWSA3,3.53
2024-12-09,MGLU3,8.46
2024-12-09,MRFG3,20.37
2024-12-09,MRVE3,4.9
2024-12-09,MULT3,23.28
2024-12-09,NTCO3,14.13
2024-12-09,PCAR3,2.25
2024-12-09,PETR3,43.22
2024-12-09,PETR4,40.04
2024-12-09,PETZ3,3.81
2024-12-09,POMO4,8.54
2024-12-09,PRIO3,39.9
2024-12-09,PSSA3,39.0
2024-12-09,QUAL3,2.2
2024-12-09,RADL3,24.2
2024-12-09,RAIL3,19.13
2024-12-09,RAIZ4,2.45
2024-12-09,RDOR3,27.12
2024-12-09,RECV3,15.63
2024-12-09,RENT3,33.45
2024-12-09,SANB11,25.25
2024-12-09,SBSP3,91.07
2024-12-09,SLCE3,18.68
2024-12-09,SMFT3,18.25
2024-12-09,SMTO3,25.32
2024-12-09,STBP3,12.95
2024-12-09,SUZB3,66.65
2024-12-09,TAEE11,34.24
2024-12-09,TEND3,12.87
2024-12-09,TIMS3,15.6
2024-12-09,TOTS3,27.71
2024-12-09,UGPA3,17.56
2024-12-09,USIM5,6.12
2024-12-09,VALE3,59.83
2024-12-09,VAMO3,5.3
2024-12-09,VBBR3,20.29
2024-12-09,VIVA3,22.3
2024-12-09,VIVT3,51.07
2024-12-09,WEGE3,55.75
2024-12-09,YDUQ3,8.51
2024-12-10,ABEV3,14.27
2024-12-10,ALOS3,19.58
2024-12-10,ALPA4,6.25
2024-12-10,AMER3,9.51
2024-12-10,ASAI3,6.34
2024-12-10,AURE3,9.59
2024-12-10,AZUL4,4.51
2024-12-10,AZZA3,33.9
2024-12-10,B3SA3,10.16
2024-12-10,BBAS3,24.83
2024-12-10,BBDC3,11.29
2024-12-10,BBDC4,12.48
2024-12-10,BBSE3,36.07
2024-12-10,BEEF3,6.19
2024-12-10,BHIA3,3.25
2024-12-10,BPAC11,30.84
2024-12-10,BPAN4,6.74
2024-12-10,BRAP4,18.38
2024-12-10,BRAV3,21.8
2024-12-10,BRFS3,27.75
2024-12-10,BRKM5,15.21
2024-12-10,CASH3,3.15
2024-12-10,CCRO3,10.84
2024-12-10,CEAB3,10.76
2024-12-10,CMIG4,11.66
2024-12-10,CMIN3,5.72
2024-12-10,COGN3,1.2
2024-12-10,CPFE3,32.25
2024-12-10,CPLE3,8.66
2024-12-10,CPLE6,9.67
2024-12-10,CRFB3,6.46
2024-12-10,CSAN3,9.61
2024-12-10,CSMG3,24.32
2024-12-10,CSNA3,11.71
2024-12-10,CURY3,20.58
2024-12-10,CVCB3,2.19
2024-12-10,CXSE3,15.99
2024-12-10,CYRE3,18.63
2024-12-10,DIRR3,30.86
2024-12-10,DXCO3,6.77
2024-12-10,ECOR3,4.96
2024-12-10,EGIE3,37.99
2024-12-10,ELET3,36.44
2024-12-10,ELET6,40.65
2024-12-10,EMBR3,55.85
2024-12-10,ENEV3,11.55
2024-12-10,ENGI11,38.7
2024-12-10,EQTL3,30.06
2024-12-10,EZTC3,12.22
2024-12-10,FLRY3,13.33
2024-12-10,GGBR4,21.04
2024-12-10,GOAU4,11.9
2024-12-10,GOLL4,1.4
2024-12-10,HAPV3,2.52
2024-12-10,HYPE3,19.0
2024-12-10,IGTI11,19.06
2024-12-10,IRBR3,40.26
2024-12-10,ISAE4,24.96
2024-12-10,ITSA4,9.45
2024-12-10,ITUB4,32.99
2024-12-10,JBSS3,38.37
2024-12-10,JHSF3,4.14
2024-12-10,KLBN11,23.15
2024-12-10,LOGG3,21.86
2024-12-10,LREN3,15.49
2024-12-10,LWSA3,3.65
2024-12-10,MGLU3,8.72
2024-12-10,MRFG3,19.95
2024-12-10,MRVE3,5.14
2024-12-10,MULT3,23.15
2024-12-10,NTCO3,14.44
2024-12-10,PCAR3,2.42
2024-12-10,PETR3,43.59
2024-12-10,PETR4,40.19
2024-12-10,PETZ3,4.1
2024-12-10,POMO4,8.73
2024-12-10,PRIO3,40.05
2024-12-10,PSSA3,38.99
2024-12-10,QUAL3,2.32
2024-12-10,RADL3,24.49
2024-12-10,RAIL3,19.58
2024-12-10,RAIZ4,2.53
2024-12-10,RDOR3,27.65
2024-12-10,RECV3,15.81
2024-12-10,RENT3,34.43
2024-12-10,SANB11,25.51
2024-12-10,SBSP3,91.85
2024-12-10,SLCE3,18.95
2024-12-10,SMFT3,18.8
2024-12-10,SMTO3,25.46
2024-12-10,STBP3,12.99
2024-12-10,SUZB3,64.61
2024-12-10,TAEE11,34.15
2024-12-10,TEND3,13.27
2024-12-10,TIMS3,15.81
2024-12-10,TOTS3,28.91
2024-12-10,UGPA3,18.27
2024-12-10,USIM5,6.12
2024-12-10,VALE3,59.77
2024-12-10,VAMO3,5.94
2024-12-10,VBBR3,20.65
2024-12-10,VIVA3,22.7
2024-12-10,VIVT3,51.44
2024-12-10,WEGE3,56.88
2024-12-10,YDUQ3,8.87
2024-12-11,ABEV3,13.8
2024-12-11,ALOS3,19.99
2024-12-11,ALPA4,6.47
2024-12-11,AMER3,8.9
2024-12-11,ASAI3,6.47
2024-12-11,AURE3,9.57
2024-12-11,AZUL4,4.44
2024-12-11,AZZA3,33.98
2024-12-11,B3SA3,10.39
2024-12-11,BBAS3,25.36
2024-12-11,BBDC3,11.55
2024-12-11,BBDC4,12.7
2024-12-11,BBSE3,36.96
2024-12-11,BEEF3,6.24
2024-12-11,BHIA3,3.42
2024-12-11,BPAC11,31.43
2024-12-11,BPAN4,6.9
2024-12-11,BRAP4,18.3
2024-12-11,BRAV3,21.49
2024-12-11,BRFS3,28.38
2024-12-11,BRKM5,15.24
2024-12-11,CASH3,3.23
2024-12-11,CCRO3,11.09
2024-12-11,CEAB3,10.9
2024-12-11,CMIG4,11.82
2024-12-11,CMIN3,5.72
2024-12-11,COGN3,1.27
2024-12-11,CPFE3,32.65
2024-12-11,CPLE3,8.78
2024-12-11,CPLE6,9.8
2024-12-11,CRFB3,6.75
2024-12-11,CSAN3,9.74
2024-12-11,CSMG3,24.39
2024-12-11,CSNA3,11.58
2024-12-11,CURY3,20.82
2024-12-11,CVCB3,2.2
2024-12-11,CXSE3,16.45
2024-12-11,CYRE3,19.29
2024-12-11,DIRR3,31.24
2024-12-11,DXCO3,6.83
2024-12-11,ECOR3,5.12
2024-12-11,EGIE3,38.24
2024-12-11,ELET3,36.76
2024-12-11,ELET6,41.08
2024-12-11,EMBR3,56.94
2024-12-11,ENEV3,11.87
2024-12-11,ENGI11,39.95
2024-12-11,EQTL3,30.88
2024-12-11,EZTC3,12.51
2024-12-11,FLRY3,13.73
2024-12-11,GGBR4,21.0
2024-12-11,GOAU4,11.8
2024-12-11,GOLL4,1.35
2024-12-11,HAPV3,2.67
2024-12-11,HYPE3,19.18
2024-12-11,IGTI11,19.4
2024-12-11,IRBR3,40.98
2024-12-11,ISAE4,25.18
2024-12-11,ITSA4,9.56
2024-12-11,ITUB4,33.31
2024-12-11,JBSS3,38.73
2024-12-11,JHSF3,4.27
2024-12-11,KLBN11,23.37
2024-12-11,LOGG3,19.73
2024-12-11,LREN3,15.91
2024-12-11,LWSA3,3.78
2024-12-11,MGLU3,9.21
2024-12-11,MRFG3,20.9
2024-12-11,MRVE3,5.34
2024-12-11,MULT3,23.61
2024-12-11,NTCO3,14.34
2024-12-11,PCAR3,2.54
2024-12-11,PETR3,43.9
2024-12-11,PETR4,40.59
2024-12-11,PETZ3,4.36
2024-12-11,POMO4,8.83
2024-12-11,PRIO3,41.99
2024-12-11,PSSA3,40.22
2024-12-11,QUAL3,2.3
2024-12-11,RADL3,25.2
2024-12-11,RAIL3,19.86
2024-12-11,RAIZ4,2.61
2024-12-11,RDOR3,28.02
2024-12-11,RECV3,16.49
2024-12-11,RENT3,35.43
2024-12-11,SANB11,25.57
2024-12-11,SBSP3,92.53
2024-12-11,SLCE3,19.15
2024-12-11,SMFT3,19.4
2024-12-11,SMTO3,26.25
2024-12-11,STBP3,13.01
2024-12-11,SUZB3,64.1
2024-12-11,TAEE11,34.31
2024-12-11,TEND3,13.74
2024-12-11,TIMS3,15.96
2024-12-11,TOTS3,31.04
2024-12-11,UGPA3,18.5
2024-12-11,USIM5,6.13
2024-12-11,VALE3,58.84
2024-12-11,VAMO3,6.13
2024-12-11,VBBR3,21.0
2024-12-11,VIVA3,22.96
2024-12-11,VIVT3,52.25
2024-12-11,WEGE3,58.55
2024-12-11,YDUQ3,9.35
2024-12-12,ABEV3,13.1
2024-12-12,ALOS3,19.34
2024-12-12,ALPA4,6.27
2024-12-12,AMER3,8.22
2024-12-12,ASAI3,6.06
2024-12-12,AURE3,9.15
2024-12-12,AZUL4,4.24
2024-12-12,AZZA3,32.03
2024-12-12,B3SA3,10.28
2024-12-12,BBAS3,24.85
2024-12-12,BBDC3,11.19
2024-12-12,BBDC4,12.26
2024-12-12,BBSE3,36.56
2024-12-12,BEEF3,5.64
2024-12-12,BHIA3,3.3
2024-12-12,BPAC11,30.75
2024-12-12,BPAN4,6.7
2024-12-12,BRAP4,17.88
2024-12-12,BRAV3,20.99
2024-12-12,BRFS3,27.82
2024-12-12,BRKM5,14.41
2024-12-12,CASH3,3.03
2024-12-12,CCRO3,10.74
2024-12-12,CEAB3,10.25
2024-12-12,CMIG4,11.5
2024-12-12,CMIN3,5.6
2024-12-12,COGN3,1.17
2024-12-12,CPFE3,32.13
2024-12-12,CPLE3,8.33
2024-12-12,CPLE6,9.2
2024-12-12,CRFB3,6.17
2024-12-12,CSAN3,9.26
2024-12-12,CSMG3,23.16
2024-12-12,CSNA3,11.18
2024-12-12,CURY3,19.99
2024-12-12,CVCB3,2.06
2024-12-12,CXSE3,15.75
2024-12-12,CYRE3,18.25
2024-12-12,DIRR3,29.06
2024-12-12,DXCO3,6.66
2024-12-12,ECOR3,4.55
2024-12-12,EGIE3,37.25
2024-12-12,ELET3,35.69
2024-12-12,ELET6,39.71
2024-12-12,EMBR3,55.24
2024-12-12,ENEV3,11.52
2024-12-12,ENGI11,39.09
2024-12-12,EQTL3,29.67
2024-12-12,EZTC3,11.63
2024-12-12,FLRY3,13.31
2024-12-12,GGBR4,20.6
2024-12-12,GOAU4,11.62
2024-12-12,GOLL4,1.36
2024-12-12,HAPV3,2.7
2024-12-12,HYPE3,18.67
2024-12-12,IGTI11,18.79
2024-12-12,IRBR3,40.25
2024-12-12,ISAE4,24.76
2024-12-12,ITSA4,9.2
2024-12-12,ITUB4,32.48
2024-12-12,JBSS3,38.01
2024-12-12,JHSF3,3.99
2024-12-12,KLBN11,23.31
2024-12-12,LOGG3,19.04
2024-12-12,LREN3,13.68
2024-12-12,LWSA3,3.64
2024-12-12,MGLU3,8.38
2024-12-12,MRFG3,19.81
2024-12-12,MRVE3,5.22
2024-12-12,MULT3,22.71
2024-12-12,NTCO3,13.31
2024-12-12,PCAR3,2.26
2024-12-12,PETR3,41.27
2024-12-12,PETR4,38.34
2024-12-12,PETZ3,3.9
2024-12-12,POMO4,8.5
2024-12-12,PRIO3,41.05
2024-12-12,PSSA3,39.78
2024-12-12,QUAL3,2.17
2024-12-12,RADL3,24.66
2024-12-12,RAIL3,19.37
2024-12-12,RAIZ4,2.46
2024-12-12,RDOR3,27.51
2024-12-12,RECV3,15.99
2024-12-12,RENT3,33.75
2024-12-12,SANB11,24.66
2024-12-12,SBSP3,89.72
2024-12-12,SLCE3,19.01
2024-12-12,SMFT3,18.7
2024-12-12,SMTO3,24.91
2024-12-12,STBP3,12.92
2024-12-12,SUZB3,63.0
2024-12-12,TAEE11,34.01
2024-12-12,TEND3,12.85
2024-12-12,TIMS3,15.32
2024-12-12,TOTS3,30.3
2024-12-12,UGPA3,17.49
2024-12-12,USIM5,5.96
2024-12-12,VALE3,56.71
2024-12-12,VAMO3,5.9
2024-12-12,VBBR3,20.35
2024-12-12,VIVA3,21.87
2024-12-12,VIVT3,49.76
2024-12-12,WEGE3,57.8
2024-12-12,YDUQ3,8.64
2024-12-13,ABEV3,13.08
2024-12-13,ALOS3,19.06
2024-12-13,ALPA4,6.18
2024-12-13,AMER3,8.04
2024-12-13,ASAI3,5.75
2024-12-13,AURE3,9.11
2024-12-13,AZUL4,4.17
2024-12-13,AZZA3,30.97
2024-12-13,B3SA3,10.22
2024-12-13,BBAS3,24.51
2024-12-13,BBDC3,11.06
2024-12-13,BBDC4,12.1
2024-12-13,BBSE3,36.64
2024-12-13,BEEF3,5.73
2024-12-13,BHIA3,3.25
2024-12-13,BPAC11,30.18
2024-12-13,BPAN4,6.75
2024-12-13,BRAP4,17.51
2024-12-13,BRAV3,20.14
2024-12-13,BRFS3,27.79
2024-12-13,BRKM5,12.82
2024-12-13,CASH3,2.95
2024-12-13,CCRO3,10.63
2024-12-13,CEAB3,9.91
2024-12-13,CMIG4,11.42
2024-12-13,CMIN3,5.51
2024-12-13,COGN3,1.12
2024-12-13,CPFE3,32.0
2024-12-13,CPLE3,8.26
2024-12-13,CPLE6,9.2
2024-12-13,CRFB3,5.86
2024-12-13,CSAN3,8.91
2024-12-13,CSMG3,22.7
2024-12-13,CSNA3,10.69
2024-12-13,CURY3,19.52
2024-12-13,CVCB3,1.96
2024-12-13,CXSE3,15.66
2024-12-13,CYRE3,18.05
2024-12-13,DIRR3,28.21
2024-12-13,DXCO3,6.49
2024-12-13,ECOR3,4.52
2024-12-13,EGIE3,37.07
2024-12-13,ELET3,35.5
2024-12-13,ELET6,40.15
2024-12-13,EMBR3,55.44
2024-12-13,ENEV3,11.49
2024-12-13,ENGI11,38.3
2024-12-13,EQTL3,29.43
2024-12-13,EZTC3,11.34
2024-12-13,FLRY3,13.13
2024-12-13,GGBR4,20.0
2024-12-13,GOAU4,11.3
2024-12-13,GOLL4,1.29
2024-12-13,HAPV3,2.61
2024-12-13,HYPE3,18.42
2024-12-13,IGTI11,18.39
2024-12-13,IRBR3,39.5
2024-12-13,ISAE4,24.19
2024-12-13,ITSA4,9.17
2024-12-13,ITUB4,32.06
2024-12-13,JBSS3,38.44
2024-12-13,JHSF3,3.91
2024-12-13,KLBN11,23.08
2024-12-13,LOGG3,19.14
2024-12-13,LREN3,13.66
2024-12-13,LWSA3,3.53
2024-12-13,MGLU3,8.2
2024-12-13,MRFG3,16.64
2024-12-13,MRVE3,5.03
2024-12-13,MULT3,22.5
2024-12-13,NTCO3,12.78
2024-12-13,PCAR3,2.37
2024-12-13,PETR3,41.07
2024-12-13,PETR4,38.1
2024-12-13,PETZ3,3.9
2024-12-13,POMO4,8.41
2024-12-13,PRIO3,41.5
2024-12-13,PSSA3,38.65
2024-12-13,QUAL3,2.11
2024-12-13,RADL3,23.6
2024-12-13,RAIL3,19.01
2024-12-13,RAIZ4,2.45
2024-12-13,RDOR3,26.82
2024-12-13,RECV3,16.06
2024-12-13,RENT3,32.23
2024-12-13,SANB11,24.25
2024-12-13,SBSP3,89.41
2024-12-13,SLCE3,19.17
2024-12-13,SMFT3,18.55
2024-12-13,SMTO3,24.69
2024-12-13,STBP3,13.0
2024-12-13,SUZB3,62.42
2024-12-13,TAEE11,33.72
2024-12-13,TEND3,12.48
2024-12-13,TIMS3,15.27
2024-12-13,TOTS3,29.17
2024-12-13,UGPA3,16.86
2024-12-13,USIM5,5.86
2024-12-13,VALE3,55.86
2024-12-13,VAMO3,5.6
2024-12-13,VBBR3,20.09
2024-12-13,VIVA3,21.41
2024-12-13,VIVT3,49.42
2024-12-13,WEGE3,57.66
2024-12-13,YDUQ3,8.35
2024-12-16,ABEV3,12.84
2024-12-16,ALOS3,18.78
2024-12-16,ALPA4,6.18
2024-12-16,AMER3,7.61
2024-12-16,AMOB3,0.47
2024-12-16,ASAI3,5.4
2024-12-16,AURE3,9.03
2024-12-16,AZUL4,4.01
2024-12-16,AZZA3,30.5
2024-12-16,B3SA3,10.12
2024-12-16,BBAS3,24.16
2024-12-16,BBDC3,10.85
2024-12-16,BBDC4,11.9
2024-12-16,BBSE3,36.2
2024-12-16,BEEF3,6.05
2024-12-16,BHIA3,3.16
2024-12-16,BPAC11,28.88
2024-12-16,BPAN4,6.6
2024-12-16,BRAP4,17.36
2024-12-16,BRAV3,21.19
2024-12-16,BRFS3,28.35
2024-12-16,BRKM5,12.6
2024-12-16,CASH3,2.91
2024-12-16,CCRO3,10.47
2024-12-16,CEAB3,9.87
2024-12-16,CMIG4,11.39
2024-12-16,CMIN3,5.61
2024-12-16,COGN3,1.07
2024-12-16,CPFE3,31.61
2024-12-16,CPLE3,8.13
2024-12-16,CPLE6,9.09
2024-12-16,CRFB3,5.78
2024-12-16,CSAN3,8.69
2024-12-16,CSMG3,22.64
2024-12-16,CSNA3,10.61
2024-12-16,CURY3,19.03
2024-12-16,CVCB3,1.88
2024-12-16,CXSE3,15.43
2024-12-16,CYRE3,17.82
2024-12-16,DIRR3,27.44
2024-12-16,DXCO3,6.45
2024-12-16,ECOR3,4.37
2024-12-16,EGIE3,36.61
2024-12-16,ELET3,35.02
2024-12-16,ELET6,39.26
2024-12-16,EMBR3,55.65
2024-12-16,ENEV3,11.32
2024-12-16,ENGI11,37.5
2024-12-16,EQTL3,29.1
2024-12-16,EZTC3,11.25
2024-12-16,FLRY3,12.8
2024-12-16,GGBR4,20.13
2024-12-16,GOAU4,11.38
2024-12-16,GOLL4,1.29
2024-12-16,HAPV3,2.57
2024-12-16,HYPE3,17.99
2024-12-16,IGTI11,18.17
2024-12-16,IRBR3,39.15
2024-12-16,ISAE4,24.2
2024-12-16,ITSA4,9.03
2024-12-16,ITUB4,31.71
2024-12-16,JBSS3,39.49
2024-12-16,JHSF3,3.87
2024-12-16,KLBN11,23.37
2024-12-16,LOGG3,18.54
2024-12-16,LREN3,13.26
2024-12-16,LWSA3,3.47
2024-12-16,MGLU3,7.76
2024-12-16,MRFG3,17.46
2024-12-16,MRVE3,5.18
2024-12-16,MULT3,22.04
2024-12-16,NTCO3,13.25
2024-12-16,PCAR3,2.74
2024-12-16,PETR3,40.67
2024-12-16,PETR4,37.94
2024-12-16,PETZ3,3.89
2024-12-16,POMO4,8.27
2024-12-16,PRIO3,41.15
2024-12-16,PSSA3,38.25
2024-12-16,QUAL3,2.17
2024-12-16,RADL3,23.3
2024-12-16,RAIL3,18.5
2024-12-16,RAIZ4,2.42
2024-12-16,RDOR3,26.92
2024-12-16,RECV3,15.86
2024-12-16,RENT3,30.71
2024-12-16,SANB11,23.95
2024-12-16,SBSP3,89.0
2024-12-16,SLCE3,19.1
2024-12-16,SMFT3,17.9
2024-12-16,SMTO3,24.83
2024-12-16,STBP3,13.0
2024-12-16,SUZB3,63.87
2024-12-16,TAEE11,33.64
2024-12-16,TEND3,12.54
2024-12-16,TIMS3,15.2
2024-12-16,TOTS3,27.89
2024-12-16,UGPA3,16.4
2024-12-16,USIM5,5.83
2024-12-16,VALE3,55.83
2024-12-16,VAMO3,4.95
2024-12-16,VBBR3,19.15
2024-12-16,VIVA3,21.01
2024-12-16,VIVT3,49.2
2024-12-16,WEGE3,57.11
2024-12-16,YDUQ3,8.15
2024-12-17,ABEV3,13.1
2024-12-17,ALOS3,18.8
2024-12-17,ALPA4,6.42
2024-12-17,AMER3,7.1
2024-12-17,AMOB3,0.5
2024-12-17,ASAI3,5.51
2024-12-17,AURE3,9.11
2024-12-17,AZUL4,4.06
2024-12-17,AZZA3,30.91
2024-12-17,B3SA3,10.12
2024-12-17,BBAS3,24.42
2024-12-17,BBDC3,10.93
2024-12-17,BBDC4,11.99
2024-12-17,BBSE3,37.04
2024-12-17,BEEF3,5.81
2024-12-17,BHIA3,3.13
2024-12-17,BPAC11,29.22
2024-12-17,BPAN4,6.66
2024-12-17,BRAP4,17.48
2024-12-17,BRAV3,21.37
2024-12-17,BRFS3,28.33
2024-12-17,BRKM5,13.08
2024-12-17,CASH3,2.84
2024-12-17,CCRO3,10.71
2024-12-17,CEAB3,10.02
2024-12-17,CMIG4,11.48
2024-12-17,CMIN3,5.76
2024-12-17,COGN3,1.09
2024-12-17,CPFE3,32.17
2024-12-17,CPLE3,8.31
2024-12-17,CPLE6,9.3
2024-12-17,CRFB3,5.94
2024-12-17,CSAN3,8.82
2024-12-17,CSMG3,22.28
2024-12-17,CSNA3,10.56
2024-12-17,CURY3,18.9
2024-12-17,CVCB3,1.87
2024-12-17,CXSE3,15.9
2024-12-17,CYRE3,18.22
2024-12-17,DIRR3,27.51
2024-12-17,DXCO3,6.47
2024-12-17,ECOR3,4.33
2024-12-17,EGIE3,37.42
2024-12-17,ELET3,35.16
2024-12-17,ELET6,39.8
2024-12-17,EMBR3,56.75
2024-12-17,ENEV3,11.48
2024-12-17,ENGI11,38.51
2024-12-17,EQTL3,29.96
2024-12-17,EZTC3,11.45
2024-12-17,FLRY3,12.66
2024-12-17,GGBR4,20.38
2024-12-17,GOAU4,11.54
2024-12-17,GOLL4,1.31
2024-12-17,HAPV3,2.28
2024-12-17,HYPE3,17.77
2024-12-17,IGTI11,18.27
2024-12-17,IRBR3,39.55
2024-12-17,ISAE4,24.31
2024-12-17,ITSA4,9.04
2024-12-17,ITUB4,31.88
2024-12-17,JBSS3,40.47
2024-12-17,JHSF3,3.89
2024-12-17,KLBN11,23.69
2024-12-17,LOGG3,18.56
2024-12-17,LREN3,13.37
2024-12-17,LWSA3,3.53
2024-12-17,MGLU3,7.47
2024-12-17,MRFG3,16.0
2024-12-17,MRVE3,5.18
2024-12-17,MULT3,22.18
2024-12-17,NTCO3,13.16
2024-12-17,PCAR3,2.51
2024-12-17,PETR3,41.3
2024-12-17,PETR4,38.3
2024-12-17,PETZ3,3.92
2024-12-17,POMO4,8.21
2024-12-17,PRIO3,41.32
2024-12-17,PSSA3,38.24
2024-12-17,QUAL3,1.79
2024-12-17,RADL3,23.86
2024-12-17,RAIL3,18.91
2024-12-17,RAIZ4,2.33
2024-12-17,RDOR3,26.68
2024-12-17,RECV3,16.41
2024-12-17,RENT3,31.18
2024-12-17,SANB11,24.61
2024-12-17,SBSP3,90.59
2024-12-17,SLCE3,19.2
2024-12-17,SMFT3,17.85
2024-12-17,SMTO3,25.23
2024-12-17,STBP3,13.06
2024-12-17,SUZB3,62.16
2024-12-17,TAEE11,33.94
2024-12-17,TEND3,13.45
2024-12-17,TIMS3,15.09
2024-12-17,TOTS3,28.1
2024-12-17,UGPA3,16.77
2024-12-17,USIM5,5.78
2024-12-17,VALE3,56.11
2024-12-17,VAMO3,4.86
2024-12-17,VBBR3,19.25
2024-12-17,VIVA3,21.3
2024-12-17,VIVT3,49.25
2024-12-17,WEGE3,57.9
2024-12-17,YDUQ3,8.48
2024-12-18,ABEV3,12.76
2024-12-18,ALOS3,18.16
2024-12-18,ALPA4,6.06
2024-12-18,AMER3,6.4
2024-12-18,AMOB3,0.35
2024-12-18,ASAI3,5.14
2024-12-18,AURE3,8.78
2024-12-18,AZUL4,3.59
2024-12-18,AZZA3,29.0
2024-12-18,B3SA3,9.86
2024-12-18,BBAS3,23.74
2024-12-18,BBDC3,10.48
2024-12-18,BBDC4,11.49
2024-12-18,BBSE3,36.87
2024-12-18,BEEF3,5.31
2024-12-18,BHIA3,2.94
2024-12-18,BPAC11,27.62
2024-12-18,BPAN4,6.45
2024-12-18,BRAP4,17.2
2024-12-18,BRAV3,19.95
2024-12-18,BRFS3,26.54
2024-12-18,BRKM5,12.49
2024-12-18,CASH3,2.56
2024-12-18,CCRO3,10.14
2024-12-18,CEAB3,9.45
2024-12-18,CMIG4,11.15
2024-12-18,CMIN3,5.35
2024-12-18,COGN3,0.99
2024-12-18,CPFE3,31.69
2024-12-18,CPLE3,8.13
2024-12-18,CPLE6,9.04
2024-12-18,CRFB3,5.61
2024-12-18,CSAN3,8.35
2024-12-18,CSMG3,21.2
2024-12-18,CSNA3,9.49
2024-12-18,CURY3,17.99
2024-12-18,CVCB3,1.55
2024-12-18,CXSE3,15.49
2024-12-18,CYRE3,17.1
2024-12-18,DIRR3,26.43
2024-12-18,DXCO3,6.17
2024-12-18,ECOR3,4.03
2024-12-18,EGIE3,36.45
2024-12-18,ELET3,34.47
2024-12-18,ELET6,38.76
2024-12-18,EMBR3,55.18
2024-12-18,ENEV3,10.9
2024-12-18,ENGI11,37.11
2024-12-18,EQTL3,28.5
2024-12-18,EZTC3,11.22
2024-12-18,FLRY3,12.14
2024-12-18,GGBR4,19.62
2024-12-18,GOAU4,11.09
2024-12-18,GOLL4,1.29
2024-12-18,HAPV3,2.12
2024-12-18,HYPE3,16.8
2024-12-18,IGTI11,17.68
2024-12-18,IRBR3,37.83
2024-12-18,ISAE4,23.64
2024-12-18,ITSA4,8.7
2024-12-18,ITUB4,30.97
2024-12-18,JBSS3,38.93
2024-12-18,JHSF3,3.74
2024-12-18,KLBN11,23.36
2024-12-18,LOGG3,17.94
2024-12-18,LREN3,12.6
2024-12-18,LWSA3,3.39
2024-12-18,MGLU3,6.72
2024-12-18,MRFG3,16.29
2024-12-18,MRVE3,5.26
2024-12-18,MULT3,21.65
2024-12-18,NTCO3,12.51
2024-12-18,PCAR3,2.26
2024-12-18,PETR3,40.38
2024-12-18,PETR4,37.31
2024-12-18,PETZ3,3.75
2024-12-18,POMO4,7.82
2024-12-18,PRIO3,39.92
2024-12-18,PSSA3,37.99
2024-12-18,QUAL3,1.51
2024-12-18,RADL3,22.32
2024-12-18,RAIL3,18.15
2024-12-18,RAIZ4,2.19
2024-12-18,RDOR3,26.17
2024-12-18,RECV3,15.55
2024-12-18,RENT3,29.93
2024-12-18,SANB11,23.56
2024-12-18,SBSP3,87.9
2024-12-18,SLCE3,18.66
2024-12-18,SMFT3,16.97
2024-12-18,SMTO3,24.72
2024-12-18,STBP3,13.13
2024-12-18,SUZB3,61.61
2024-12-18,TAEE11,32.65
2024-12-18,TEND3,12.47
2024-12-18,TIMS3,14.9
2024-12-18,TOTS3,26.57
2024-12-18,UGPA3,16.04
2024-12-18,USIM5,5.55
2024-12-18,VALE3,54.81
2024-12-18,VAMO3,4.39
2024-12-18,VBBR3,18.1
2024-12-18,VIVA3,20.69
2024-12-18,VIVT3,48.66
2024-12-18,WEGE3,57.05
2024-12-18,YDUQ3,7.92
2024-12-19,ABEV3,12.78
2024-12-19,ALOS3,18.26
2024-12-19,ALPA4,6.34
2024-12-19,AMER3,6.6
2024-12-19,AMOB3,0.47
2024-12-19,ASAI3,5.44
2024-12-19,AURE3,8.95
2024-12-19,AZUL4,3.69
2024-12-19,AZZA3,29.65
2024-12-19,B3SA3,9.98
2024-12-19,BBAS3,23.89
2024-12-19,BBDC3,10.54
2024-12-19,BBDC4,11.5
2024-12-19,BBSE3,37.33
2024-12-19,BEEF3,5.53
2024-12-19,BHIA3,3.03
2024-12-19,BPAC11,28.53
2024-12-19,BPAN4,6.5
2024-12-19,BRAP4,17.07
2024-12-19,BRAV3,20.3
2024-12-19,BRFS3,26.27
2024-12-19,BRKM5,12.59
2024-12-19,CASH3,2.74
2024-12-19,CCRO3,10.25
2024-12-19,CEAB3,9.64
2024-12-19,CMIG4,11.3
2024-12-19,CMIN3,5.25
2024-12-19,COGN3,1.05
2024-12-19,CPFE3,32.0
2024-12-19,CPLE3,8.37
2024-12-19,CPLE6,9.24
2024-12-19,CRFB3,6.07
2024-12-19,CSAN3,8.29
2024-12-19,CSMG3,21.58
2024-12-19,CSNA3,9.25
2024-12-19,CURY3,18.43
2024-12-19,CVCB3,1.63
2024-12-19,CXSE3,15.73
2024-12-19,CYRE3,17.59
2024-12-19,DIRR3,26.81
2024-12-19,DXCO3,6.04
2024-12-19,ECOR3,4.29
2024-12-19,EGIE3,36.64
2024-12-19,ELET3,34.83
2024-12-19,ELET6,39.21
2024-12-19,EMBR3,55.97
2024-12-19,ENEV3,11.11
2024-12-19,ENGI11,38.0
2024-12-19,EQTL3,28.87
2024-12-19,EZTC3,11.5
2024-12-19,FLRY3,12.41
2024-12-19,GGBR4,19.37
2024-12-19,GOAU4,11.0
2024-12-19,GOLL4,1.36
2024-12-19,HAPV3,2.29
2024-12-19,HYPE3,17.25
2024-12-19,IGTI11,17.64
2024-12-19,IRBR3,37.49
2024-12-19,ISAE4,23.3
2024-12-19,ITSA4,8.78
2024-12-19,ITUB4,31.14
2024-12-19,JBSS3,38.35
2024-12-19,JHSF3,3.74
2024-12-19,KLBN11,23.26
2024-12-19,LOGG3,18.36
2024-12-19,LREN3,13.01
2024-12-19,LWSA3,3.41
2024-12-19,MGLU3,7.13
2024-12-19,MRFG3,16.37
2024-12-19,MRVE3,5.51
2024-12-19,MULT3,21.72
2024-12-19,NTCO3,13.12
2024-12-19,PCAR3,2.35
2024-12-19,PETR3,40.01
2024-12-19,PETR4,37.16
2024-12-19,PETZ3,3.77
2024-12-19,POMO4,7.76
2024-12-19,PRIO3,39.68
2024-12-19,PSSA3,37.97
2024-12-19,QUAL3,1.77
2024-12-19,RADL3,22.69
2024-12-19,RAIL3,18.5
2024-12-19,RAIZ4,2.16
2024-12-19,RDOR3,26.39
2024-12-19,RECV3,15.7
2024-12-19,RENT3,32.55
2024-12-19,SANB11,23.74
2024-12-19,SBSP3,87.19
2024-12-19,SLCE3,18.42
2024-12-19,SMFT3,17.67
2024-12-19,SMTO3,24.52
2024-12-19,STBP3,13.05
2024-12-19,SUZB3,60.7
2024-12-19,TAEE11,33.04
2024-12-19,TEND3,13.06
2024-12-19,TIMS3,14.87
2024-12-19,TOTS3,27.45
2024-12-19,UGPA3,16.2
2024-12-19,USIM5,5.52
2024-12-19,VALE3,53.77
2024-12-19,VAMO3,4.69
2024-12-19,VBBR3,18.35
2024-12-19,VIVA3,21.24
2024-12-19,VIVT3,49.16
2024-12-19,WEGE3,56.46
2024-12-19,YDUQ3,8.29
2024-12-20,ABEV3,12.23
2024-12-20,ALOS3,18.85
2024-12-20,ALPA4,6.61
2024-12-20,AMER3,6.63
2024-12-20,AMOB3,0.42
2024-12-20,ASAI3,5.77
2024-12-20,AURE3,8.99
2024-12-20,AZUL4,3.64
2024-12-20,AZZA3,31.0
2024-12-20,B3SA3,10.27
2024-12-20,BBAS3,24.08
2024-12-20,BBDC3,10.78
2024-12-20,BBDC4,11.76
2024-12-20,BBSE3,36.53
2024-12-20,BEEF3,5.54
2024-12-20,BHIA3,3.11
2024-12-20,BPAC11,28.73
2024-12-20,BPAN4,6.91
2024-12-20,BRAP4,16.86
2024-12-20,BRAV3,20.72
2024-12-20,BRFS3,26.35
2024-12-20,BRKM5,12.19
2024-12-20,CASH3,2.79
2024-12-20,CCRO3,10.43
2024-12-20,CEAB3,9.75
2024-12-20,CMIG4,11.54
2024-12-20,CMIN3,5.17
2024-12-20,COGN3,1.09
2024-12-20,CPFE3,32.51
2024-12-20,CPLE3,8.41
2024-12-20,CPLE6,9.33
2024-12-20,CRFB3,5.91
2024-12-20,CSAN3,8.52
2024-12-20,CSMG3,22.07
2024-12-20,CSNA3,9.3
2024-12-20,CURY3,18.61
2024-12-20,CVCB3,1.65
2024-12-20,CXSE3,15.13
2024-12-20,CYRE3,17.98
2024-12-20,DIRR3,27.96
2024-12-20,DXCO3,6.27
2024-12-20,ECOR3,4.31
2024-12-20,EGIE3,36.82
2024-12-20,ELET3,35.23
2024-12-20,ELET6,39.89
2024-12-20,EMBR3,54.96
2024-12-20,ENEV3,11.24
2024-12-20,ENGI11,38.82
2024-12-20,EQTL3,29.12
2024-12-20,EZTC3,11.65
2024-12-20,FLRY3,12.66
2024-12-20,GGBR4,19.25
2024-12-20,GOAU4,11.06
2024-12-20,GOLL4,1.31
2024-12-20,HAPV3,2.38
2024-12-20,HYPE3,18.05
2024-12-20,IGTI11,18.27
2024-12-20,IRBR3,37.59
2024-12-20,ISAE4,23.67
2024-12-20,ITSA4,8.92
2024-12-20,ITUB4,31.5
2024-12-20,JBSS3,37.51
2024-12-20,JHSF3,3.87
2024-12-20,KLBN11,23.37
2024-12-20,LOGG3,18.02
2024-12-20,LREN3,13.43
2024-12-20,LWSA3,3.52
2024-12-20,MGLU3,7.3
2024-12-20,MRFG3,16.8
2024-12-20,MRVE3,5.54
2024-12-20,MULT3,22.4
2024-12-20,NTCO3,13.54
2024-12-20,PCAR3,2.41
2024-12-20,PETR3,39.72
2024-12-20,PETR4,36.85
2024-12-20,PETZ3,3.93
2024-12-20,POMO4,7.57
2024-12-20,PRIO3,40.27
2024-12-20,PSSA3,37.53
2024-12-20,QUAL3,1.68
2024-12-20,RADL3,22.75
2024-12-20,RAIL3,18.65
2024-12-20,RAIZ4,2.29
2024-12-20,RDOR3,26.91
2024-12-20,RECV3,15.87
2024-12-20,RENT3,33.68
2024-12-20,SANB11,24.29
2024-12-20,SBSP3,86.62
2024-12-20,SLCE3,18.41
2024-12-20,SMFT3,18.16
2024-12-20,SMTO3,25.14
2024-12-20,STBP3,13.07
2024-12-20,SUZB3,59.62
2024-12-20,TAEE11,33.63
2024-12-20,TEND3,13.29
2024-12-20,TIMS3,15.0
2024-12-20,TOTS3,27.51
2024-12-20,UGPA3,16.46
2024-12-20,USIM5,5.43
2024-12-20,VALE3,54.62
2024-12-20,VAMO3,5.0
2024-12-20,VBBR3,18.76
2024-12-20,VIVA3,21.29
2024-12-20,VIVT3,49.65
2024-12-20,WEGE3,55.54
2024-12-20,YDUQ3,8.69
2024-12-23,ABEV3,12.22
2024-12-23,ALOS3,18.42
2024-12-23,ALPA4,6.18
2024-12-23,AMER3,5.96
2024-12-23,AMOB3,0.34
2024-12-23,ASAI3,5.79
2024-12-23,AURE3,8.77
2024-12-23,AZUL4,3.3
2024-12-23,AZZA3,29.34
2024-12-23,B3SA3,10.26
2024-12-23,BBAS3,23.92
2024-12-23,BBDC3,10.61
2024-12-23,BBDC4,11.55
2024-12-23,BBSE3,36.49
2024-12-23,BEEF3,5.44
2024-12-23,BHIA3,2.85
2024-12-23,BPAC11,27.92
2024-12-23,BPAN4,6.79
2024-12-23,BRAP4,16.74
2024-12-23,BRAV3,19.13
2024-12-23,BRFS3,26.03
2024-12-23,BRKM5,11.81
2024-12-23,CASH3,2.65
2024-12-23,CCRO3,10.16
2024-12-23,CEAB3,9.17
2024-12-23,CMIG4,11.1
2024-12-23,CMIN3,5.17
2024-12-23,COGN3,1.07
2024-12-23,CPFE3,31.3
2024-12-23,CPLE3,8.14
2024-12-23,CPLE6,9.06
2024-12-23,CRFB3,5.69
2024-12-23,CSAN3,8.54
2024-12-23,CSMG3,21.07
2024-12-23,CSNA3,8.86
2024-12-23,CURY3,18.3
2024-12-23,CVCB3,1.55
2024-12-23,CXSE3,14.95
2024-12-23,CYRE3,17.32
2024-12-23,DIRR3,27.24
2024-12-23,DXCO3,6.11
2024-12-23,ECOR3,4.28
2024-12-23,EGIE3,35.62
2024-12-23,ELET3,34.75
2024-12-23,ELET6,39.27
2024-12-23,EMBR3,55.55
2024-12-23,ENEV3,10.76
2024-12-23,ENGI11,37.24
2024-12-23,EQTL3,27.93
2024-12-23,EZTC3,11.19
2024-12-23,FLRY3,12.37
2024-12-23,GGBR4,18.76
2024-12-23,GOAU4,10.62
2024-12-23,GOLL4,1.3
2024-12-23,HAPV3,2.25
2024-12-23,HYPE3,18.65
2024-12-23,IGTI11,17.49
2024-12-23,IRBR3,38.5
2024-12-23,ISAE4,23.13
2024-12-23,ITSA4,8.8
2024-12-23,ITUB4,30.89
2024-12-23,JBSS3,37.21
2024-12-23,JHSF3,3.78
2024-12-23,KLBN11,23.29
2024-12-23,LOGG3,17.83
2024-12-23,LREN3,12.63
2024-12-23,LWSA3,3.41
2024-12-23,MGLU3,6.98
2024-12-23,MRFG3,16.66
2024-12-23,MRVE3,5.26
2024-12-23,MULT3,21.37
2024-12-23,NTCO3,13.12
2024-12-23,PCAR3,2.43
2024-12-23,PETR3,40.02
2024-12-23,PETR4,36.86
2024-12-23,PETZ3,3.92
2024-12-23,POMO4,7.3
2024-12-23,PRIO3,39.25
2024-12-23,PSSA3,37.14
2024-12-23,QUAL3,1.57
2024-12-23,RADL3,22.62
2024-12-23,RAIL3,18.19
2024-12-23,RAIZ4,2.18
2024-12-23,RDOR3,26.16
2024-12-23,RECV3,15.27
2024-12-23,RENT3,32.88
2024-12-23,SANB11,23.54
2024-12-23,SBSP3,88.4
2024-12-23,SLCE3,17.93
2024-12-23,SMFT3,17.19
2024-12-23,SMTO3,24.11
2024-12-23,STBP3,12.98
2024-12-23,SUZB3,61.24
2024-12-23,TAEE11,32.59
2024-12-23,TEND3,12.59
2024-12-23,TIMS3,14.9
2024-12-23,TOTS3,27.65
2024-12-23,UGPA3,16.25
2024-12-23,USIM5,5.24
2024-12-23,VALE3,54.85
2024-12-23,VAMO3,5.02
2024-12-23,VBBR3,18.51
2024-12-23,VIVA3,19.96
2024-12-23,VIVT3,48.04
2024-12-23,WEGE3,54.24
2024-12-23,YDUQ3,8.41
2024-12-26,ABEV3,12.14
2024-12-26,ALOS3,18.23
2024-12-26,ALPA4,6.38
2024-12-26,AMER3,5.2
2024-12-26,AMOB3,0.34
2024-12-26,ASAI3,5.91
2024-12-26,AURE3,8.68
2024-12-26,AZUL4,3.34
2024-12-26,AZZA3,28.83
2024-12-26,B3SA3,10.33
2024-12-26,BBAS3,24.2
2024-12-26,BBDC3,10.73
2024-12-26,BBDC4,11.64
2024-12-26,BBSE3,36.47
2024-12-26,BEEF3,5.22
2024-12-26,BHIA3,2.77
2024-12-26,BPAC11,27.82
2024-12-26,BPAN4,6.66
2024-12-26,BRAP4,16.72
2024-12-26,BRAV3,20.4
2024-12-26,BRFS3,25.47
2024-12-26,BRKM5,11.79
2024-12-26,CASH3,2.69
2024-12-26,CCRO3,10.2
2024-12-26,CEAB3,8.8
2024-12-26,CMIG4,11.05
2024-12-26,CMIN3,5.18
2024-12-26,COGN3,1.05
2024-12-26,CPFE3,31.49
2024-12-26,CPLE3,8.24
2024-12-26,CPLE6,9.09
2024-12-26,CRFB3,5.63
2024-12-26,CSAN3,8.36
2024-12-26,CSMG3,20.44
2024-12-26,CSNA3,8.9
2024-12-26,CURY3,18.26
2024-12-26,CVCB3,1.43
2024-12-26,CXSE3,14.46
2024-12-26,CYRE3,17.09
2024-12-26,DIRR3,27.04
2024-12-26,DXCO3,6.09
2024-12-26,ECOR3,4.22
2024-12-26,EGIE3,35.58
2024-12-26,ELET3,34.96
2024-12-26,ELET6,39.61
2024-12-26,EMBR3,56.24
2024-12-26,ENEV3,10.73
2024-12-26,ENGI11,37.19
2024-12-26,EQTL3,27.82
2024-12-26,EZTC3,10.99
2024-12-26,FLRY3,12.16
2024-12-26,GGBR4,18.71
2024-12-26,GOAU4,10.57
2024-12-26,GOLL4,1.28
2024-12-26,HAPV3,2.23
2024-12-26,HYPE3,18.17
2024-12-26,IGTI11,17.42
2024-12-26,IRBR3,42.85
2024-12-26,ISAE4,23.15
2024-12-26,ITSA4,8.9
2024-12-26,ITUB4,31.09
2024-12-26,JBSS3,37.19
2024-12-26,JHSF3,3.76
2024-12-26,KLBN11,23.36
2024-12-26,LOGG3,18.35
2024-12-26,LREN3,12.58
2024-12-26,LWSA3,3.33
2024-12-26,MGLU3,6.53
2024-12-26,MRFG3,16.83
2024-12-26,MRVE3,5.34
2024-12-26,MULT3,21.03
2024-12-26,NTCO3,13.15
2024-12-26,PCAR3,2.56
2024-12-26,PETR3,39.28
2024-12-26,PETR4,35.77
2024-12-26,PETZ3,4.0
2024-12-26,POMO4,7.29
2024-12-26,PRIO3,39.9
2024-12-26,PSSA3,36.7
2024-12-26,QUAL3,1.59
2024-12-26,RADL3,22.54
2024-12-26,RAIL3,17.96
2024-12-26,RAIZ4,2.15
2024-12-26,RDOR3,25.67
2024-12-26,RECV3,15.34
2024-12-26,RENT3,32.53
2024-12-26,SANB11,23.77
2024-12-26,SBSP3,88.56
2024-12-26,SLCE3,17.72
2024-12-26,SMFT3,17.06
2024-12-26,SMTO3,23.81
2024-12-26,STBP3,13.02
2024-12-26,SUZB3,61.94
2024-12-26,TAEE11,32.84
2024-12-26,TEND3,12.3
2024-12-26,TIMS3,14.36
2024-12-26,TOTS3,27.31
2024-12-26,UGPA3,15.89
2024-12-26,USIM5,5.29
2024-12-26,VALE3,55.01
2024-12-26,VAMO3,5.02
2024-12-26,VBBR3,18.13
2024-12-26,VIVA3,19.23
2024-12-26,VIVT3,48.42
2024-12-26,WEGE3,54.66
2024-12-26,YDUQ3,8.24
2024-12-27,ABEV3,12.07
2024-12-27,ALOS3,18.17
2024-12-27,ALPA4,6.32
2024-12-27,AMER3,5.15
2024-12-27,AMOB3,0.35
2024-12-27,ASAI3,5.73
2024-12-27,AURE3,8.7
2024-12-27,AZUL4,3.36
2024-12-27,AZZA3,29.14
2024-12-27,B3SA3,10.36
2024-12-27,BBAS3,24.11
2024-12-27,BBDC3,10.65
2024-12-27,BBDC4,11.55
2024-12-27,BBSE3,36.28
2024-12-27,BEEF3,5.18
2024-12-27,BHIA3,2.83
2024-12-27,BPAC11,27.58
2024-12-27,BPAN4,6.39
2024-12-27,BRAP4,16.61
2024-12-27,BRAV3,22.57
2024-12-27,BRFS3,24.8
2024-12-27,BRKM5,11.55
2024-12-27,CASH3,2.82
2024-12-27,CCRO3,10.23
2024-12-27,CEAB3,8.47
2024-12-27,CMIG4,11.04
2024-12-27,CMIN3,5.01
2024-12-27,COGN3,1.06
2024-12-27,CPFE3,31.55
2024-12-27,CPLE3,8.26
2024-12-27,CPLE6,9.17
2024-12-27,CRFB3,5.37
2024-12-27,CSAN3,8.16
2024-12-27,CSMG3,20.24
2024-12-27,CSNA3,8.68
2024-12-27,CURY3,17.99
2024-12-27,CVCB3,1.4
2024-12-27,CXSE3,14.55
2024-12-27,CYRE3,17.12
2024-12-27,DIRR3,26.88
2024-12-27,DXCO3,6.07
2024-12-27,ECOR3,4.29
2024-12-27,EGIE3,34.95
2024-12-27,ELET3,35.0
2024-12-27,ELET6,39.65
2024-12-27,EMBR3,56.33
2024-12-27,ENEV3,10.54
2024-12-27,ENGI11,36.84
2024-12-27,EQTL3,27.64
2024-12-27,EZTC3,10.91
2024-12-27,FLRY3,12.24
2024-12-27,GGBR4,18.34
2024-12-27,GOAU4,10.32
2024-12-27,GOLL4,1.28
2024-12-27,HAPV3,2.21
2024-12-27,HYPE3,18.03
2024-12-27,IGTI11,17.44
2024-12-27,IRBR3,43.35
2024-12-27,ISAE4,23.05
2024-12-27,ITSA4,8.83
2024-12-27,ITUB4,30.78
2024-12-27,JBSS3,36.21
2024-12-27,JHSF3,3.74
2024-12-27,KLBN11,23.21
2024-12-27,LOGG3,18.27
2024-12-27,LREN3,12.22
2024-12-27,LWSA3,3.22
2024-12-27,MGLU3,6.51
2024-12-27,MRFG3,16.6
2024-12-27,MRVE3,5.35
2024-12-27,MULT3,21.19
2024-12-27,NTCO3,12.88
2024-12-27,PCAR3,2.59
2024-12-27,PETR3,38.84
2024-12-27,PETR4,35.66
2024-12-27,PETZ3,4.15
2024-12-27,POMO4,7.38
2024-12-27,PRIO3,39.91
2024-12-27,PSSA3,36.57
2024-12-27,QUAL3,1.54
2024-12-27,RADL3,22.0
2024-12-27,RAIL3,17.85
2024-12-27,RAIZ4,2.12
2024-12-27,RDOR3,25.28
2024-12-27,RECV3,15.78
2024-12-27,RENT3,32.5
2024-12-27,SANB11,23.63
2024-12-27,SBSP3,88.29
2024-12-27,SLCE3,17.68
2024-12-27,SMFT3,16.98
2024-12-27,SMTO3,23.59
2024-12-27,STBP3,13.12
2024-12-27,SUZB3,61.59
2024-12-27,TAEE11,32.87
2024-12-27,TEND3,12.3
2024-12-27,TIMS3,14.4
2024-12-27,TOTS3,27.03
2024-12-27,UGPA3,15.85
2024-12-27,USIM5,5.29
2024-12-27,VALE3,54.74
2024-12-27,VAMO3,4.66
2024-12-27,VBBR3,17.9
2024-12-27,VIVA3,19.27
2024-12-27,VIVT3,47.16
2024-12-27,WEGE3,53.68
2024-12-27,YDUQ3,8.32
2024-12-30,ABEV3,11.74
2024-12-30,ALOS3,18.11
2024-12-30,ALPA4,6.36
2024-12-30,AMER3,6.2
2024-12-30,AMOB3,0.34
2024-12-30,ASAI3,5.63
2024-12-30,AURE3,8.77
2024-12-30,AZUL4,3.54
2024-12-30,AZZA3,29.58
2024-12-30,B3SA3,10.32
2024-12-30,BBAS3,24.17
2024-12-30,BBDC3,10.64
2024-12-30,BBDC4,11.56
2024-12-30,BBSE3,36.18
2024-12-30,BEEF3,5.09
2024-12-30,BHIA3,2.89
2024-12-30,BPAC11,27.2
2024-12-30,BPAN4,6.34
2024-12-30,BRAP4,16.58
2024-12-30,BRAV3,23.52
2024-12-30,BRFS3,25.36
2024-12-30,BRKM5,11.58
2024-12-30,CASH3,2.75
2024-12-30,CCRO3,10.17
2024-12-30,CEAB3,8.05
2024-12-30,CMIG4,11.11
2024-12-30,CMIN3,5.15
2024-12-30,COGN3,1.09
2024-12-30,CPFE3,31.59
2024-12-30,CPLE3,8.24
2024-12-30,CPLE6,9.15
2024-12-30,CRFB3,5.43
2024-12-30,CSAN3,8.16
2024-12-30,CSMG3,20.82
2024-12-30,CSNA3,8.86
2024-12-30,CURY3,17.46
2024-12-30,CVCB3,1.38
2024-12-30,CXSE3,14.25
2024-12-30,CYRE3,16.95
2024-12-30,DIRR3,26.6
2024-12-30,DXCO3,5.96
2024-12-30,ECOR3,4.24
2024-12-30,EGIE3,35.5
2024-12-30,ELET3,34.13
2024-12-30,ELET6,37.84
2024-12-30,EMBR3,56.19
2024-12-30,ENEV3,10.53
2024-12-30,ENGI11,36.48
2024-12-30,EQTL3,27.4
2024-12-30,EZTC3,10.83
2024-12-30,FLRY3,12.07
2024-12-30,GGBR4,18.14
2024-12-30,GOAU4,10.25
2024-12-30,GOLL4,1.3
2024-12-30,HAPV3,2.23
2024-12-30,HYPE3,18.09
2024-12-30,IGTI11,17.27
2024-12-30,IRBR3,42.45
2024-12-30,ISAE4,23.01
2024-12-30,ITSA4,8.83
2024-12-30,ITUB4,30.73
2024-12-30,JBSS3,36.3
2024-12-30,JHSF3,3.66
2024-12-30,KLBN11,23.2
2024-12-30,LOGG3,18.01
2024-12-30,LREN3,12.12
2024-12-30,LWSA3,3.32
2024-12-30,MGLU3,6.5
2024-12-30,MRFG3,17.03
2024-12-30,MRVE3,5.31
2024-12-30,MULT3,21.08
2024-12-30,NTCO3,12.76
2024-12-30,PCAR3,2.55
2024-12-30,PETR3,39.41
2024-12-30,PETR4,36.19
2024-12-30,PETZ3,4.07
2024-12-30,POMO4,7.38
2024-12-30,PRIO3,40.15
2024-12-30,PSSA3,36.55
2024-12-30,QUAL3,1.52
2024-12-30,RADL3,22.0
2024-12-30,RAIL3,17.84
2024-12-30,RAIZ4,2.16
2024-12-30,RDOR3,25.42
2024-12-30,RECV3,16.21
2024-12-30,RENT3,32.2
2024-12-30,SANB11,23.82
2024-12-30,SBSP3,88.5
2024-12-30,SLCE3,17.5
2024-12-30,SMFT3,16.96
2024-12-30,SMTO3,23.26
2024-12-30,STBP3,13.13
2024-12-30,SUZB3,61.78
2024-12-30,TAEE11,32.86
2024-12-30,TEND3,12.44
2024-12-30,TIMS3,14.48
2024-12-30,TOTS3,26.75
2024-12-30,UGPA3,15.88
2024-12-30,USIM5,5.32
2024-12-30,VALE3,54.55
2024-12-30,VAMO3,4.75
2024-12-30,VBBR3,17.84
2024-12-30,VIVA3,19.25
2024-12-30,VIVT3,46.77
2024-12-30,WEGE3,52.77
2024-12-30,YDUQ3,8.55
