data,ticker,fechamento
2025-01-02,ABEV3,11.6
2025-01-02,ALOS3,18.12
2025-01-02,ASAI3,5.45
2025-01-02,AURE3,8.6
2025-01-02,AZZA3,29.14
2025-01-02,B3SA3,10.2
2025-01-02,BBAS3,23.92
2025-01-02,BBDC3,10.48
2025-01-02,BBDC4,11.4
2025-01-02,BBSE3,36.42
2025-01-02,BEEF3,4.8
2025-01-02,BPAC11,27.1
2025-01-02,BRAP4,16.49
2025-01-02,BRAV3,23.41
2025-01-02,CCRO3,10.15
2025-01-02,CEAB3,7.47
2025-01-02,CMIG4,11.08
2025-01-02,CMIN3,5.04
2025-01-02,COGN3,1.08
2025-01-02,CPFE3,31.42
2025-01-02,CPLE3,8.24
2025-01-02,CSAN3,8.02
2025-01-02,CSMG3,20.53
2025-01-02,CSNA3,8.42
2025-01-02,CURY3,17.49
2025-01-02,CXSE3,14.42
2025-01-02,CYRE3,16.57
2025-01-02,DIRR3,26.62
2025-01-02,EGIE3,35.36
2025-01-02,ELET3,34.0
2025-01-02,EMBR3,57.8
2025-01-02,ENEV3,9.55
2025-01-02,ENGI11,36.05
2025-01-02,EQTL3,26.72
2025-01-02,FLRY3,12.03
2025-01-02,GGBR4,17.91
2025-01-02,GOAU4,10.11
2025-01-02,HAPV3,2.17
2025-01-02,HYPE3,17.83
2025-01-02,IGTI11,17.23
2025-01-02,ISAE4,22.9
2025-01-02,ITSA4,8.68
2025-01-02,ITUB4,30.57
2025-01-02,KLBN11,23.03
2025-01-02,LREN3,12.0
2025-01-02,MGLU3,6.43
2025-01-02,MRFG3,17.16
2025-01-02,MRVE3,5.22
2025-01-02,MULT3,20.53
2025-01-02,NTCO3,12.47
2025-01-02,PETR3,40.52
2025-01-02,PETR4,36.77
2025-01-02,POMO4,7.66
2025-01-02,PRIO3,40.77
2025-01-02,PSSA3,36.22
2025-01-02,RADL3,21.76
2025-01-02,RAIL3,17.79
2025-01-02,RDOR3,25.26
2025-01-02,RENT3,32.2
2025-01-02,SANB11,23.75
2025-01-02,SBSP3,88.47
2025-01-02,SMFT3,16.63
2025-01-02,SUZB3,62.4
2025-01-02,TAEE11,32.92
2025-01-02,TEND3,12.41
2025-01-02,TIMS3,14.52
2025-01-02,TOTS3,26.38
2025-01-02,UGPA3,15.86
2025-01-02,USIM5,5.16
2025-01-02,VALE3,54.25
2025-01-02,VAMO3,4.6
2025-01-02,VBBR3,17.72
2025-01-02,VIVA3,18.55
2025-01-02,VIVT3,47.06
2025-01-02,WEGE3,52.72
2025-01-02,YDUQ3,8.47
2025-01-03,ABEV3,11.33
2025-01-03,ALOS3,17.88
2025-01-03,ASAI3,5.42
2025-01-03,AURE3,8.42
2025-01-03,AZZA3,28.88
2025-01-03,B3SA3,10.1
2025-01-03,BBAS3,23.74
2025-01-03,BBDC3,10.32
2025-01-03,BBDC4,11.2
2025-01-03,BBSE3,35.99
2025-01-03,BEEF3,4.76
2025-01-03,BPAC11,26.72
2025-01-03,BRAP4,16.02
2025-01-03,BRAV3,23.2
2025-01-03,CCRO3,10.1
2025-01-03,CEAB3,7.44
2025-01-03,CMIG4,10.84
2025-01-03,CMIN3,4.88
2025-01-03,COGN3,1.08
2025-01-03,CPFE3,31.0
2025-01-03,CPLE3,8.1
2025-01-03,CSAN3,8.05
2025-01-03,CSMG3,20.8
2025-01-03,CSNA3,8.21
2025-01-03,CURY3,17.3
2025-01-03,CXSE3,14.31
2025-01-03,CYRE3,16.43
2025-01-03,DIRR3,26.56
2025-01-03,EGIE3,35.31
2025-01-03,ELET3,33.55
2025-01-03,EMBR3,57.03
2025-01-03,ENEV3,10.07
2025-01-03,ENGI11,35.6
2025-01-03,EQTL3,26.24
2025-01-03,FLRY3,11.95
2025-01-03,GGBR4,17.32
2025-01-03,GOAU4,9.75
2025-01-03,HAPV3,2.1
2025-01-03,HYPE3,17.92
2025-01-03,IGTI11,17.07
2025-01-03,ISAE4,22.55
2025-01-03,ITSA4,8.53
2025-01-03,ITUB4,29.82
2025-01-03,KLBN11,22.67
2025-01-03,LREN3,12.15
2025-01-03,MGLU3,6.26
2025-01-03,MRFG3,16.85
2025-01-03,MRVE3,5.12
2025-01-03,MULT3,20.28
2025-01-03,NTCO3,12.42
2025-01-03,PETR3,40.38
2025-01-03,PETR4,36.38
2025-01-03,POMO4,7.35
2025-01-03,PRIO3,40.62
2025-01-03,PSSA3,34.77
2025-01-03,RADL3,20.8
2025-01-03,RAIL3,17.59
2025-01-03,RDOR3,25.15
2025-01-03,RENT3,32.28
2025-01-03,SANB11,23.42
2025-01-03,SBSP3,86.91
2025-01-03,SMFT3,16.7
2025-01-03,SUZB3,62.68
2025-01-03,TAEE11,32.21
2025-01-03,TEND3,12.43
2025-01-03,TIMS3,14.42
2025-01-03,TOTS3,26.14
2025-01-03,UGPA3,15.55
2025-01-03,USIM5,4.85
2025-01-03,VALE3,53.24
2025-01-03,VAMO3,4.58
2025-01-03,VBBR3,17.6
2025-01-03,VIVA3,18.1
2025-01-03,VIVT3,46.86
2025-01-03,WEGE3,52.46
2025-01-03,YDUQ3,8.04
2025-01-06,ABEV3,11.29
2025-01-06,ALOS3,18.12
2025-01-06,ASAI3,5.69
2025-01-06,AURE3,8.43
2025-01-06,AZZA3,30.55
2025-01-06,B3SA3,10.38
2025-01-06,BBAS3,23.96
2025-01-06,BBDC3,10.48
2025-01-06,BBDC4,11.42
2025-01-06,BBSE3,36.41
2025-01-06,BEEF3,4.96
2025-01-06,BPAC11,27.55
2025-01-06,BRAP4,16.07
2025-01-06,BRAV3,23.15
2025-01-06,CCRO3,10.35
2025-01-06,CEAB3,7.79
2025-01-06,CMIG4,10.85
2025-01-06,CMIN3,5.01
2025-01-06,COGN3,1.14
2025-01-06,CPFE3,31.58
2025-01-06,CPLE3,8.17
2025-01-06,CSAN3,8.29
2025-01-06,CSMG3,20.8
2025-01-06,CSNA3,8.53
2025-01-06,CURY3,17.87
2025-01-06,CXSE3,14.16
2025-01-06,CYRE3,16.74
2025-01-06,DIRR3,25.6
2025-01-06,EGIE3,35.27
2025-01-06,ELET3,33.98
2025-01-06,EMBR3,56.87
2025-01-06,ENEV3,10.66
2025-01-06,ENGI11,36.94
2025-01-06,EQTL3,27.16
2025-01-06,FLRY3,12.28
2025-01-06,GGBR4,18.03
2025-01-06,GOAU4,10.07
2025-01-06,HAPV3,2.18
2025-01-06,HYPE3,18.03
2025-01-06,IGTI11,17.36
2025-01-06,ISAE4,23.1
2025-01-06,ITSA4,8.81
2025-01-06,ITUB4,31.16
2025-01-06,KLBN11,22.48
2025-01-06,LREN3,12.53
2025-01-06,MGLU3,6.65
2025-01-06,MRFG3,16.41
2025-01-06,MRVE3,5.34
2025-01-06,MULT3,20.93
2025-01-06,NTCO3,12.72
2025-01-06,PETR3,40.0
2025-01-06,PETR4,36.21
2025-01-06,POMO4,7.46
2025-01-06,PRIO3,40.98
2025-01-06,PSSA3,36.17
2025-01-06,RADL3,21.91
2025-01-06,RAIL3,17.97
2025-01-06,RDOR3,26.02
2025-01-06,RENT3,32.3
2025-01-06,SANB11,24.0
2025-01-06,SBSP3,88.07
2025-01-06,SMFT3,17.34
2025-01-06,SUZB3,62.45
2025-01-06,TAEE11,32.68
2025-01-06,TEND3,12.67
2025-01-06,TIMS3,14.59
2025-01-06,TOTS3,27.37
2025-01-06,UGPA3,15.84
2025-01-06,USIM5,5.09
2025-01-06,VALE3,52.56
2025-01-06,VAMO3,4.8
2025-01-06,VBBR3,17.65
2025-01-06,VIVA3,18.82
2025-01-06,VIVT3,47.74
2025-01-06,WEGE3,52.47
2025-01-06,YDUQ3,8.87
2025-01-07,ABEV3,11.54
2025-01-07,ALOS3,18.14
2025-01-07,ASAI3,5.8
2025-01-07,AURE3,8.36
2025-01-07,AZZA3,31.32
2025-01-07,B3SA3,10.31
2025-01-07,BBAS3,24.25
2025-01-07,BBDC3,10.6
2025-01-07,BBDC4,11.58
2025-01-07,BBSE3,36.53
2025-01-07,BEEF3,4.94
2025-01-07,BPAC11,28.04
2025-01-07,BRAP4,15.91
2025-01-07,BRAV3,23.94
2025-01-07,CCRO3,10.47
2025-01-07,CEAB3,8.06
2025-01-07,CMIG4,11.11
2025-01-07,CMIN3,4.78
2025-01-07,COGN3,1.16
2025-01-07,CPFE3,31.82
2025-01-07,CPLE3,8.28
2025-01-07,CSAN3,8.38
2025-01-07,CSMG3,20.84
2025-01-07,CSNA3,8.36
2025-01-07,CURY3,17.95
2025-01-07,CXSE3,14.18
2025-01-07,CYRE3,16.85
2025-01-07,DIRR3,25.58
2025-01-07,EGIE3,35.58
2025-01-07,ELET3,34.17
2025-01-07,EMBR3,58.05
2025-01-07,ENEV3,10.67
2025-01-07,ENGI11,37.64
2025-01-07,EQTL3,27.67
2025-01-07,FLRY3,12.24
2025-01-07,GGBR4,17.94
2025-01-07,GOAU4,9.99
2025-01-07,HAPV3,2.38
2025-01-07,HYPE3,18.01
2025-01-07,IGTI11,17.35
2025-01-07,ISAE4,23.38
2025-01-07,ITSA4,8.88
2025-01-07,ITUB4,31.5
2025-01-07,KLBN11,22.56
2025-01-07,LREN3,13.07
2025-01-07,MGLU3,6.6
2025-01-07,MRFG3,16.8
2025-01-07,MRVE3,5.6
2025-01-07,MULT3,20.85
2025-01-07,NTCO3,13.07
2025-01-07,PETR3,41.12
2025-01-07,PETR4,36.98
2025-01-07,POMO4,7.69
2025-01-07,PRIO3,41.63
2025-01-07,PSSA3,37.0
2025-01-07,RADL3,21.35
2025-01-07,RAIL3,18.3
2025-01-07,RDOR3,26.65
2025-01-07,RENT3,32.0
2025-01-07,SANB11,24.37
2025-01-07,SBSP3,89.24
2025-01-07,SMFT3,17.89
2025-01-07,SUZB3,62.02
2025-01-07,TAEE11,33.46
2025-01-07,TEND3,12.65
2025-01-07,TIMS3,14.81
2025-01-07,TOTS3,27.01
2025-01-07,UGPA3,16.42
2025-01-07,USIM5,5.08
2025-01-07,VALE3,52.05
2025-01-07,VAMO3,4.75
2025-01-07,VBBR3,18.02
2025-01-07,VIVA3,18.96
2025-01-07,VIVT3,48.72
2025-01-07,WEGE3,53.52
2025-01-07,YDUQ3,9.11
2025-01-08,ABEV3,11.42
2025-01-08,ALOS3,17.67
2025-01-08,ASAI3,5.64
2025-01-08,AURE3,8.14
2025-01-08,AZZA3,30.65
2025-01-08,B3SA3,10.3
2025-01-08,BBAS3,24.16
2025-01-08,BBDC3,10.4
2025-01-08,BBDC4,11.4
2025-01-08,BBSE3,36.31
2025-01-08,BEEF3,4.84
2025-01-08,BPAC11,27.92
2025-01-08,BRAP4,15.64
2025-01-08,BRAV3,23.98
2025-01-08,CCRO3,10.22
2025-01-08,CEAB3,7.7
2025-01-08,CMIG4,10.84
2025-01-08,CMIN3,4.64
2025-01-08,COGN3,1.17
2025-01-08,CPFE3,31.69
2025-01-08,CPLE3,8.13
2025-01-08,CSAN3,8.2
2025-01-08,CSMG3,21.57
2025-01-08,CSNA3,7.76
2025-01-08,CURY3,17.79
2025-01-08,CXSE3,14.09
2025-01-08,CYRE3,16.27
2025-01-08,DIRR3,24.31
2025-01-08,EGIE3,35.15
2025-01-08,ELET3,34.11
2025-01-08,EMBR3,57.24
2025-01-08,ENEV3,10.59
2025-01-08,ENGI11,36.8
2025-01-08,EQTL3,27.01
2025-01-08,FLRY3,12.11
2025-01-08,GGBR4,17.6
2025-01-08,GOAU4,9.79
2025-01-08,HAPV3,2.35
2025-01-08,HYPE3,18.03
2025-01-08,IGTI11,17.03
2025-01-08,ISAE4,23.26
2025-01-08,ITSA4,8.71
2025-01-08,ITUB4,30.99
2025-01-08,KLBN11,22.3
2025-01-08,LREN3,12.87
2025-01-08,MGLU3,6.17
2025-01-08,MRFG3,16.95
2025-01-08,MRVE3,5.3
2025-01-08,MULT3,20.45
2025-01-08,NTCO3,12.8
2025-01-08,PETR3,40.73
2025-01-08,PETR4,36.68
2025-01-08,POMO4,7.45
2025-01-08,PRIO3,41.4
2025-01-08,PSSA3,36.51
2025-01-08,RADL3,21.13
2025-01-08,RAIL3,18.0
2025-01-08,RDOR3,26.37
2025-01-08,RENT3,30.74
2025-01-08,SANB11,24.05
2025-01-08,SBSP3,87.1
2025-01-08,SMFT3,17.31
2025-01-08,SUZB3,61.8
2025-01-08,TAEE11,33.0
2025-01-08,TEND3,11.98
2025-01-08,TIMS3,14.57
2025-01-08,TOTS3,26.12
2025-01-08,UGPA3,16.15
2025-01-08,USIM5,4.88
2025-01-08,VALE3,51.55
2025-01-08,VAMO3,4.62
2025-01-08,VBBR3,17.66
2025-01-08,VIVA3,18.91
2025-01-08,VIVT3,47.25
2025-01-08,WEGE3,53.21
2025-01-08,YDUQ3,8.98
2025-01-09,ABEV3,11.4
2025-01-09,ALOS3,17.75
2025-01-09,ASAI3,5.66
2025-01-09,AURE3,8.0
2025-01-09,AZZA3,30.7
2025-01-09,B3SA3,10.2
2025-01-09,BBAS3,24.27
2025-01-09,BBDC3,10.42
2025-01-09,BBDC4,11.32
2025-01-09,BBSE3,36.28
2025-01-09,BEEF3,5.12
2025-01-09,BPAC11,28.6
2025-01-09,BRAP4,15.6
2025-01-09,BRAV3,24.49
2025-01-09,CCRO3,10.39
2025-01-09,CEAB3,7.7
2025-01-09,CMIG4,10.76
2025-01-09,CMIN3,4.71
2025-01-09,COGN3,1.16
2025-01-09,CPFE3,31.95
2025-01-09,CPLE3,8.07
2025-01-09,CSAN3,8.21
2025-01-09,CSMG3,21.75
2025-01-09,CSNA3,7.45
2025-01-09,CURY3,18.2
2025-01-09,CXSE3,14.25
2025-01-09,CYRE3,16.55
2025-01-09,DIRR3,24.32
2025-01-09,EGIE3,35.3
2025-01-09,ELET3,34.5
2025-01-09,EMBR3,57.35
2025-01-09,ENEV3,10.52
2025-01-09,ENGI11,36.9
2025-01-09,EQTL3,27.23
2025-01-09,FLRY3,12.07
2025-01-09,GGBR4,17.1
2025-01-09,GOAU4,9.58
2025-01-09,HAPV3,2.26
2025-01-09,HYPE3,17.93
2025-01-09,IGTI11,17.04
2025-01-09,ISAE4,23.46
2025-01-09,ITSA4,8.78
2025-01-09,ITUB4,31.07
2025-01-09,KLBN11,22.07
2025-01-09,LREN3,13.0
2025-01-09,MGLU3,6.01
2025-01-09,MRFG3,16.99
2025-01-09,MRVE3,5.2
2025-01-09,MULT3,20.5
2025-01-09,NTCO3,12.72
2025-01-09,PETR3,40.72
2025-01-09,PETR4,36.84
2025-01-09,POMO4,7.49
2025-01-09,PRIO3,41.96
2025-01-09,PSSA3,36.58
2025-01-09,RADL3,21.1
2025-01-09,RAIL3,17.85
2025-01-09,RDOR3,26.48
2025-01-09,RENT3,30.28
2025-01-09,SANB11,24.05
2025-01-09,SBSP3,87.93
2025-01-09,SMFT3,17.49
2025-01-09,SUZB3,61.47
2025-01-09,TAEE11,32.97
2025-01-09,TEND3,12.07
2025-01-09,TIMS3,14.55
2025-01-09,TOTS3,26.65
2025-01-09,UGPA3,15.82
2025-01-09,USIM5,4.79
2025-01-09,VALE3,51.23
2025-01-09,VAMO3,4.58
2025-01-09,VBBR3,17.61
2025-01-09,VIVA3,18.97
2025-01-09,VIVT3,47.93
2025-01-09,WEGE3,54.29
2025-01-09,YDUQ3,9.11
2025-01-10,ABEV3,11.16
2025-01-10,ALOS3,17.43
2025-01-10,ASAI3,5.62
2025-01-10,AURE3,7.88
2025-01-10,AZZA3,30.11
2025-01-10,B3SA3,9.8
2025-01-10,BBAS3,24.21
2025-01-10,BBDC3,10.31
2025-01-10,BBDC4,11.18
2025-01-10,BBSE3,36.14
2025-01-10,BEEF3,5.08
2025-01-10,BPAC11,27.73
2025-01-10,BRAP4,15.73
2025-01-10,BRAV3,24.92
2025-01-10,CCRO3,10.3
2025-01-10,CEAB3,7.72
2025-01-10,CMIG4,10.47
2025-01-10,CMIN3,4.85
2025-01-10,COGN3,1.18
2025-01-10,CPFE3,31.64
2025-01-10,CPLE3,7.93
2025-01-10,CSAN3,8.11
2025-01-10,CSMG3,21.51
2025-01-10,CSNA3,7.73
2025-01-10,CURY3,18.1
2025-01-10,CXSE3,14.16
2025-01-10,CYRE3,16.51
2025-01-10,DIRR3,24.15
2025-01-10,EGIE3,34.96
2025-01-10,ELET3,34.15
2025-01-10,EMBR3,57.3
2025-01-10,ENEV3,10.69
2025-01-10,ENGI11,36.54
2025-01-10,EQTL3,27.16
2025-01-10,FLRY3,11.84
2025-01-10,GGBR4,16.8
2025-01-10,GOAU4,9.41
2025-01-10,HAPV3,2.2
2025-01-10,HYPE3,17.82
2025-01-10,IGTI11,16.8
2025-01-10,ISAE4,22.61
2025-01-10,ITSA4,8.66
2025-01-10,ITUB4,30.64
2025-01-10,KLBN11,22.1
2025-01-10,LREN3,12.84
2025-01-10,MGLU3,6.03
2025-01-10,MRFG3,16.86
2025-01-10,MRVE3,5.09
2025-01-10,MULT3,20.24
2025-01-10,NTCO3,12.6
2025-01-10,PETR3,40.92
2025-01-10,PETR4,36.94
2025-01-10,POMO4,7.31
2025-01-10,PRIO3,42.63
2025-01-10,PSSA3,36.42
2025-01-10,RADL3,20.97
2025-01-10,RAIL3,17.21
2025-01-10,RDOR3,26.27
2025-01-10,RENT3,28.87
2025-01-10,SANB11,23.81
2025-01-10,SBSP3,87.59
2025-01-10,SMFT3,17.5
2025-01-10,SUZB3,61.44
2025-01-10,TAEE11,32.74
2025-01-10,TEND3,12.06
2025-01-10,TIMS3,13.82
2025-01-10,TOTS3,26.71
2025-01-10,UGPA3,15.57
2025-01-10,USIM5,4.76
2025-01-10,VALE3,51.52
2025-01-10,VAMO3,4.44
2025-01-10,VBBR3,17.4
2025-01-10,VIVA3,18.5
2025-01-10,VIVT3,46.87
2025-01-10,WEGE3,53.35
2025-01-10,YDUQ3,8.97
2025-01-13,ABEV3,11.24
2025-01-13,ALOS3,17.17
2025-01-13,ASAI3,5.52
2025-01-13,AURE3,7.77
2025-01-13,AZZA3,29.7
2025-01-13,B3SA3,9.79
2025-01-13,BBAS3,24.21
2025-01-13,BBDC3,10.33
2025-01-13,BBDC4,11.22
2025-01-13,BBSE3,36.18
2025-01-13,BEEF3,4.81
2025-01-13,BPAC11,28.32
2025-01-13,BRAP4,15.53
2025-01-13,BRAV3,25.4
2025-01-13,CCRO3,10.15
2025-01-13,CEAB3,7.78
2025-01-13,CMIG4,10.49
2025-01-13,CMIN3,4.95
2025-01-13,COGN3,1.14
2025-01-13,CPFE3,32.02
2025-01-13,CPLE3,7.92
2025-01-13,CSAN3,8.21
2025-01-13,CSMG3,21.75
2025-01-13,CSNA3,7.68
2025-01-13,CURY3,18.55
2025-01-13,CXSE3,14.11
2025-01-13,CYRE3,16.39
2025-01-13,DIRR3,24.25
2025-01-13,EGIE3,34.67
2025-01-13,ELET3,33.97
2025-01-13,EMBR3,56.55
2025-01-13,ENEV3,11.06
2025-01-13,ENGI11,36.44
2025-01-13,EQTL3,27.14
2025-01-13,FLRY3,11.55
2025-01-13,GGBR4,16.99
2025-01-13,GOAU4,9.48
2025-01-13,HAPV3,2.16
2025-01-13,HYPE3,17.98
2025-01-13,IGTI11,16.65
2025-01-13,ISAE4,22.68
2025-01-13,ITSA4,8.72
2025-01-13,ITUB4,30.86
2025-01-13,KLBN11,22.1
2025-01-13,LREN3,12.85
2025-01-13,MGLU3,5.81
2025-01-13,MRFG3,16.9
2025-01-13,MRVE3,5.19
2025-01-13,MULT3,20.0
2025-01-13,NTCO3,12.08
2025-01-13,PETR3,40.95
2025-01-13,PETR4,37.07
2025-01-13,POMO4,7.29
2025-01-13,PRIO3,42.53
2025-01-13,PSSA3,36.53
2025-01-13,RADL3,20.95
2025-01-13,RAIL3,17.11
2025-01-13,RDOR3,26.06
2025-01-13,RENT3,28.76
2025-01-13,SANB11,23.88
2025-01-13,SBSP3,88.16
2025-01-13,SMFT3,17.35
2025-01-13,SUZB3,62.08
2025-01-13,TAEE11,32.2
2025-01-13,TEND3,12.12
2025-01-13,TIMS3,13.84
2025-01-13,TOTS3,26.73
2025-01-13,UGPA3,15.51
2025-01-13,USIM5,4.75
2025-01-13,VALE3,51.51
2025-01-13,VAMO3,4.38
2025-01-13,VBBR3,17.5
2025-01-13,VIVA3,18.38
2025-01-13,VIVT3,46.84
2025-01-13,WEGE3,53.25
2025-01-13,YDUQ3,8.59
2025-01-14,ABEV3,11.21
2025-01-14,ALOS3,17.57
2025-01-14,ASAI3,5.4
2025-01-14,AURE3,7.8
2025-01-14,AZZA3,30.3
2025-01-14,B3SA3,9.84
2025-01-14,BBAS3,24.65
2025-01-14,BBDC3,10.55
2025-01-14,BBDC4,11.43
2025-01-14,BBSE3,36.9
2025-01-14,BEEF3,4.81
2025-01-14,BPAC11,28.52
2025-01-14,BRAP4,15.71
2025-01-14,BRAV3,25.09
2025-01-14,CCRO3,10.07
2025-01-14,CEAB3,7.99
2025-01-14,CMIG4,10.43
2025-01-14,CMIN3,4.84
2025-01-14,COGN3,1.15
2025-01-14,CPFE3,32.37
2025-01-14,CPLE3,8.0
2025-01-14,CSAN3,8.23
2025-01-14,CSMG3,21.26
2025-01-14,CSNA3,7.49
2025-01-14,CURY3,19.22
2025-01-14,CXSE3,14.18
2025-01-14,CYRE3,16.73
2025-01-14,DIRR3,24.51
2025-01-14,EGIE3,34.69
2025-01-14,ELET3,34.1
2025-01-14,EMBR3,56.9
2025-01-14,ENEV3,10.75
2025-01-14,ENGI11,36.4
2025-01-14,EQTL3,27.17
2025-01-14,FLRY3,11.63
2025-01-14,GGBR4,17.07
2025-01-14,GOAU4,9.48
2025-01-14,HAPV3,2.2
2025-01-14,HYPE3,18.07
2025-01-14,IGTI11,17.25
2025-01-14,ISAE4,22.52
2025-01-14,ITSA4,8.7
2025-01-14,ITUB4,30.88
2025-01-14,KLBN11,21.69
2025-01-14,LREN3,12.61
2025-01-14,MGLU3,5.91
2025-01-14,MRFG3,16.51
2025-01-14,MRVE3,5.2
2025-01-14,MULT3,20.48
2025-01-14,NTCO3,12.44
2025-01-14,PETR3,41.12
2025-01-14,PETR4,36.82
2025-01-14,POMO4,7.59
2025-01-14,PRIO3,42.2
2025-01-14,PSSA3,36.59
2025-01-14,RADL3,21.04
2025-01-14,RAIL3,17.26
2025-01-14,RDOR3,26.17
2025-01-14,RENT3,29.22
2025-01-14,SANB11,24.1
2025-01-14,SBSP3,88.29
2025-01-14,SMFT3,17.7
2025-01-14,SUZB3,60.93
2025-01-14,TAEE11,32.42
2025-01-14,TEND3,12.16
2025-01-14,TIMS3,14.04
2025-01-14,TOTS3,27.57
2025-01-14,UGPA3,15.66
2025-01-14,USIM5,4.68
2025-01-14,VALE3,51.85
2025-01-14,VAMO3,4.45
2025-01-14,VBBR3,17.39
2025-01-14,VIVA3,18.6
2025-01-14,VIVT3,47.18
2025-01-14,WEGE3,52.93
2025-01-14,YDUQ3,8.48
2025-01-15,ABEV3,11.39
2025-01-15,ALOS3,18.34
2025-01-15,ASAI3,5.74
2025-01-15,AURE3,7.93
2025-01-15,AZZA3,31.42
2025-01-15,B3SA3,10.5
2025-01-15,BBAS3,25.27
2025-01-15,BBDC3,10.92
2025-01-15,BBDC4,11.83
2025-01-15,BBSE3,37.35
2025-01-15,BEEF3,4.97
2025-01-15,BPAC11,30.16
2025-01-15,BRAP4,16.02
2025-01-15,BRAV3,25.58
2025-01-15,CCRO3,10.44
2025-01-15,CEAB3,8.36
2025-01-15,CMIG4,10.59
2025-01-15,CMIN3,5.07
2025-01-15,COGN3,1.24
2025-01-15,CPFE3,32.71
2025-01-15,CPLE3,8.25
2025-01-15,CSAN3,8.58
2025-01-15,CSMG3,21.47
2025-01-15,CSNA3,7.97
2025-01-15,CURY3,19.9
2025-01-15,CXSE3,14.38
2025-01-15,CYRE3,17.94
2025-01-15,DIRR3,26.02
2025-01-15,EGIE3,35.45
2025-01-15,ELET3,35.17
2025-01-15,EMBR3,58.06
2025-01-15,ENEV3,11.04
2025-01-15,ENGI11,37.09
2025-01-15,EQTL3,27.77
2025-01-15,FLRY3,11.76
2025-01-15,GGBR4,17.65
2025-01-15,GOAU4,9.81
2025-01-15,HAPV3,2.43
2025-01-15,HYPE3,18.4
2025-01-15,IGTI11,17.66
2025-01-15,ISAE4,22.95
2025-01-15,ITSA4,9.07
2025-01-15,ITUB4,32.22
2025-01-15,KLBN11,21.58
2025-01-15,LREN3,13.2
2025-01-15,MGLU3,6.37
2025-01-15,MRFG3,16.22
2025-01-15,MRVE3,5.52
2025-01-15,MULT3,20.91
2025-01-15,NTCO3,13.04
2025-01-15,PETR3,41.66
2025-01-15,PETR4,37.29
2025-01-15,POMO4,8.17
2025-01-15,PRIO3,43.0
2025-01-15,PSSA3,37.68
2025-01-15,RADL3,21.55
2025-01-15,RAIL3,17.35
2025-01-15,RDOR3,27.04
2025-01-15,RENT3,30.97
2025-01-15,SANB11,24.95
2025-01-15,SBSP3,92.7
2025-01-15,SMFT3,18.4
2025-01-15,SUZB3,61.09
2025-01-15,TAEE11,32.6
2025-01-15,TEND3,12.3
2025-01-15,TIMS3,14.55
2025-01-15,TOTS3,28.78
2025-01-15,UGPA3,16.53
2025-01-15,USIM5,4.95
2025-01-15,VALE3,52.6
2025-01-15,VAMO3,4.87
2025-01-15,VBBR3,17.87
2025-01-15,VIVA3,19.71
2025-01-15,VIVT3,48.84
2025-01-15,WEGE3,54.16
2025-01-15,YDUQ3,9.19
2025-01-16,ABEV3,11.08
2025-01-16,ALOS3,17.95
2025-01-16,ASAI3,5.65
2025-01-16,AURE3,7.76
2025-01-16,AZZA3,30.54
2025-01-16,B3SA3,10.27
2025-01-16,BBAS3,25.38
2025-01-16,BBDC3,10.79
2025-01-16,BBDC4,11.73
2025-01-16,BBSE3,37.4
2025-01-16,BEEF3,4.84
2025-01-16,BPAC11,30.13
2025-01-16,BRAP4,16.24
2025-01-16,BRAV3,25.32
2025-01-16,CCRO3,10.39
2025-01-16,CEAB3,7.8
2025-01-16,CMIG4,10.28
2025-01-16,CMIN3,4.87
2025-01-16,COGN3,1.23
2025-01-16,CPFE3,32.64
2025-01-16,CPLE3,8.11
2025-01-16,CSAN3,8.63
2025-01-16,CSMG3,21.61
2025-01-16,CSNA3,7.81
2025-01-16,CURY3,19.52
2025-01-16,CXSE3,14.22
2025-01-16,CYRE3,17.75
2025-01-16,DIRR3,25.55
2025-01-16,EGIE3,35.27
2025-01-16,ELET3,34.48
2025-01-16,EMBR3,60.13
2025-01-16,ENEV3,10.8
2025-01-16,ENGI11,36.0
2025-01-16,EQTL3,27.56
2025-01-16,FLRY3,11.35
2025-01-16,GGBR4,17.26
2025-01-16,GOAU4,9.55
2025-01-16,HAPV3,2.37
2025-01-16,HYPE3,18.09
2025-01-16,IGTI11,17.16
2025-01-16,ISAE4,22.65
2025-01-16,ITSA4,9.0
2025-01-16,ITUB4,32.12
2025-01-16,KLBN11,21.47
2025-01-16,LREN3,12.41
2025-01-16,MGLU3,5.94
2025-01-16,MRFG3,15.19
2025-01-16,MRVE3,5.35
2025-01-16,MULT3,20.39
2025-01-16,NTCO3,12.62
2025-01-16,PETR3,41.63
2025-01-16,PETR4,37.05
2025-01-16,POMO4,7.8
2025-01-16,PRIO3,41.97
2025-01-16,PSSA3,37.32
2025-01-16,RADL3,20.8
2025-01-16,RAIL3,16.91
2025-01-16,RDOR3,26.69
2025-01-16,RENT3,30.24
2025-01-16,SANB11,25.03
2025-01-16,SBSP3,91.04
2025-01-16,SMFT3,17.96
2025-01-16,SUZB3,60.36
2025-01-16,TAEE11,32.3
2025-01-16,TEND3,12.15
2025-01-16,TIMS3,14.55
2025-01-16,TOTS3,28.51
2025-01-16,UGPA3,15.9
2025-01-16,USIM5,4.84
2025-01-16,VALE3,52.67
2025-01-16,VAMO3,4.7
2025-01-16,VBBR3,17.12
2025-01-16,VIVA3,19.07
2025-01-16,VIVT3,48.5
2025-01-16,WEGE3,53.67
2025-01-16,YDUQ3,9.1
2025-01-17,ABEV3,11.09
2025-01-17,ALOS3,18.01
2025-01-17,ASAI3,5.82
2025-01-17,AURE3,7.78
2025-01-17,AZZA3,30.32
2025-01-17,B3SA3,10.35
2025-01-17,BBAS3,25.35
2025-01-17,BBDC3,10.65
2025-01-17,BBDC4,11.59
2025-01-17,BBSE3,37.83
2025-01-17,BEEF3,5.02
2025-01-17,BPAC11,30.05
2025-01-17,BRAP4,16.68
2025-01-17,BRAV3,25.34
2025-01-17,CCRO3,10.64
2025-01-17,CEAB3,7.99
2025-01-17,CMIG4,10.46
2025-01-17,CMIN3,5.12
2025-01-17,COGN3,1.25
2025-01-17,CPFE3,33.24
2025-01-17,CPLE3,8.32
2025-01-17,CSAN3,8.2
2025-01-17,CSMG3,21.72
2025-01-17,CSNA3,8.13
2025-01-17,CURY3,19.52
2025-01-17,CXSE3,14.48
2025-01-17,CYRE3,17.87
2025-01-17,DIRR3,25.31
2025-01-17,EGIE3,35.2
2025-01-17,ELET3,34.85
2025-01-17,EMBR3,59.88
2025-01-17,ENEV3,10.83
2025-01-17,ENGI11,36.71
2025-01-17,EQTL3,27.86
2025-01-17,FLRY3,11.54
2025-01-17,GGBR4,17.37
2025-01-17,GOAU4,9.69
2025-01-17,HAPV3,2.24
2025-01-17,HYPE3,18.29
2025-01-17,IGTI11,17.12
2025-01-17,ISAE4,22.95
2025-01-17,ITSA4,9.05
2025-01-17,ITUB4,32.35
2025-01-17,KLBN11,21.59
2025-01-17,LREN3,12.33
2025-01-17,MGLU3,6.06
2025-01-17,MRFG3,15.48
2025-01-17,MRVE3,5.27
2025-01-17,MULT3,20.53
2025-01-17,NTCO3,12.41
2025-01-17,PETR3,41.6
2025-01-17,PETR4,37.2
2025-01-17,POMO4,7.91
2025-01-17,PRIO3,42.71
2025-01-17,PSSA3,36.77
2025-01-17,RADL3,21.23
2025-01-17,RAIL3,17.07
2025-01-17,RDOR3,26.71
2025-01-17,RENT3,30.44
2025-01-17,SANB11,24.86
2025-01-17,SBSP3,93.0
2025-01-17,SMFT3,17.91
2025-01-17,SUZB3,62.28
2025-01-17,TAEE11,32.64
2025-01-17,TEND3,11.94
2025-01-17,TIMS3,14.81
2025-01-17,TOTS3,28.2
2025-01-17,UGPA3,15.9
2025-01-17,USIM5,5.01
2025-01-17,VALE3,54.49
2025-01-17,VAMO3,4.64
2025-01-17,VBBR3,17.02
2025-01-17,VIVA3,19.2
2025-01-17,VIVT3,49.1
2025-01-17,WEGE3,54.17
2025-01-17,YDUQ3,8.58
2025-01-20,ABEV3,11.05
2025-01-20,ALOS3,18.05
2025-01-20,ASAI3,6.1
2025-01-20,AURE3,7.77
2025-01-20,AZZA3,31.37
2025-01-20,B3SA3,10.32
2025-01-20,BBAS3,25.43
2025-01-20,BBDC3,10.73
2025-01-20,BBDC4,11.63
2025-01-20,BBSE3,37.9
2025-01-20,BEEF3,4.98
2025-01-20,BPAC11,30.22
2025-01-20,BRAP4,16.7
2025-01-20,BRAV3,23.71
2025-01-20,CCRO3,10.6
2025-01-20,CEAB3,8.14
2025-01-20,CMIG4,10.58
2025-01-20,CMIN3,5.17
2025-01-20,COGN3,1.27
2025-01-20,CPFE3,33.31
2025-01-20,CPLE3,8.31
2025-01-20,CSAN3,7.64
2025-01-20,CSMG3,21.73
2025-01-20,CSNA3,7.99
2025-01-20,CURY3,19.89
2025-01-20,CXSE3,14.44
2025-01-20,CYRE3,17.95
2025-01-20,DIRR3,25.33
2025-01-20,EGIE3,35.32
2025-01-20,ELET3,35.02
2025-01-20,EMBR3,60.72
2025-01-20,ENEV3,10.65
2025-01-20,ENGI11,37.21
2025-01-20,EQTL3,28.1
2025-01-20,FLRY3,11.77
2025-01-20,GGBR4,17.53
2025-01-20,GOAU4,9.82
2025-01-20,HAPV3,2.27
2025-01-20,HYPE3,18.38
2025-01-20,IGTI11,17.19
2025-01-20,ISAE4,23.24
2025-01-20,ITSA4,9.12
2025-01-20,ITUB4,32.66
2025-01-20,KLBN11,22.09
2025-01-20,LREN3,12.4
2025-01-20,MGLU3,6.11
2025-01-20,MRFG3,15.58
2025-01-20,MRVE3,5.36
2025-01-20,MULT3,20.7
2025-01-20,NTCO3,12.45
2025-01-20,PETR3,41.9
2025-01-20,PETR4,37.29
2025-01-20,POMO4,7.96
2025-01-20,PRIO3,42.69
2025-01-20,PSSA3,36.7
2025-01-20,RADL3,21.45
2025-01-20,RAIL3,16.97
2025-01-20,RDOR3,27.0
2025-01-20,RENT3,30.58
2025-01-20,SANB11,24.97
2025-01-20,SBSP3,93.55
2025-01-20,SMFT3,18.01
2025-01-20,SUZB3,61.8
2025-01-20,TAEE11,32.91
2025-01-20,TEND3,12.17
2025-01-20,TIMS3,14.85
2025-01-20,TOTS3,28.45
2025-01-20,UGPA3,16.1
2025-01-20,USIM5,5.04
2025-01-20,VALE3,54.29
2025-01-20,VAMO3,4.67
2025-01-20,VBBR3,17.23
2025-01-20,VIVA3,19.45
2025-01-20,VIVT3,49.04
2025-01-20,WEGE3,55.13
2025-01-20,YDUQ3,8.89
2025-01-21,ABEV3,11.25
2025-01-21,ALOS3,18.11
2025-01-21,ASAI3,6.12
2025-01-21,AURE3,7.79
2025-01-21,AZZA3,31.45
2025-01-21,B3SA3,10.37
2025-01-21,BBAS3,25.66
2025-01-21,BBDC3,10.75
2025-01-21,BBDC4,11.64
2025-01-21,BBSE3,37.93
2025-01-21,BEEF3,4.97
2025-01-21,BPAC11,30.4
2025-01-21,BRAP4,16.66
2025-01-21,BRAV3,24.72
2025-01-21,CCRO3,10.65
2025-01-21,CEAB3,8.26
2025-01-21,CMIG4,10.61
2025-01-21,CMIN3,5.26
2025-01-21,COGN3,1.28
2025-01-21,CPFE3,33.06
2025-01-21,CPLE3,8.36
2025-01-21,CSAN3,7.75
2025-01-21,CSMG3,22.0
2025-01-21,CSNA3,8.1
2025-01-21,CURY3,20.1
2025-01-21,CXSE3,14.54
2025-01-21,CYRE3,18.3
2025-01-21,DIRR3,25.51
2025-01-21,EGIE3,35.47
2025-01-21,ELET3,35.23
2025-01-21,EMBR3,62.46
2025-01-21,ENEV3,10.83
2025-01-21,ENGI11,36.91
2025-01-21,EQTL3,28.28
2025-01-21,FLRY3,11.6
2025-01-21,GGBR4,17.91
2025-01-21,GOAU4,9.98
2025-01-21,HAPV3,2.28
2025-01-21,HYPE3,18.44
2025-01-21,IGTI11,17.28
2025-01-21,ISAE4,23.07
2025-01-21,ITSA4,9.2
2025-01-21,ITUB4,32.73
2025-01-21,KLBN11,22.2
2025-01-21,LREN3,12.52
2025-01-21,MGLU3,6.16
2025-01-21,MRFG3,14.95
2025-01-21,MRVE3,5.34
2025-01-21,MULT3,20.98
2025-01-21,NTCO3,12.6
2025-01-21,PETR3,41.55
2025-01-21,PETR4,37.3
2025-01-21,POMO4,8.1
2025-01-21,PRIO3,42.72
2025-01-21,PSSA3,37.9
2025-01-21,RADL3,21.9
2025-01-21,RAIL3,16.87
2025-01-21,RDOR3,27.29
2025-01-21,RENT3,30.56
2025-01-21,SANB11,25.04
2025-01-21,SBSP3,94.51
2025-01-21,SMFT3,18.45
2025-01-21,SUZB3,62.4
2025-01-21,TAEE11,33.13
2025-01-21,TEND3,12.16
2025-01-21,TIMS3,15.11
2025-01-21,TOTS3,29.05
2025-01-21,UGPA3,16.32
2025-01-21,USIM5,5.31
2025-01-21,VALE3,54.02
2025-01-21,VAMO3,4.57
2025-01-21,VBBR3,17.63
2025-01-21,VIVA3,19.67
2025-01-21,VIVT3,49.82
2025-01-21,WEGE3,55.63
2025-01-21,YDUQ3,8.93
2025-01-22,ABEV3,11.02
2025-01-22,ALOS3,18.34
2025-01-22,ASAI3,6.33
2025-01-22,AURE3,7.87
2025-01-22,AZZA3,32.21
2025-01-22,B3SA3,10.43
2025-01-22,BBAS3,26.13
2025-01-22,BBDC3,10.63
2025-01-22,BBDC4,11.48
2025-01-22,BBSE3,38.21
2025-01-22,BEEF3,4.8
2025-01-22,BPAC11,30.89
2025-01-22,BRAP4,16.32
2025-01-22,BRAV3,23.7
2025-01-22,CCRO3,10.95
2025-01-22,CEAB3,8.64
2025-01-22,CMIG4,10.53
2025-01-22,CMIN3,5.19
2025-01-22,COGN3,1.29
2025-01-22,CPFE3,33.07
2025-01-22,CPLE3,8.49
2025-01-22,CSAN3,7.73
2025-01-22,CSMG3,21.86
2025-01-22,CSNA3,7.85
2025-01-22,CURY3,20.16
2025-01-22,CXSE3,14.45
2025-01-22,CYRE3,18.65
2025-01-22,DIRR3,26.4
2025-01-22,EGIE3,35.33
2025-01-22,ELET3,35.12
2025-01-22,EMBR3,61.15
2025-01-22,ENEV3,11.14
2025-01-22,ENGI11,37.35
2025-01-22,EQTL3,28.7
2025-01-22,FLRY3,11.74
2025-01-22,GGBR4,17.6
2025-01-22,GOAU4,9.77
2025-01-22,HAPV3,2.31
2025-01-22,HYPE3,18.33
2025-01-22,IGTI11,17.63
2025-01-22,ISAE4,23.03
2025-01-22,ITSA4,9.19
2025-01-22,ITUB4,32.61
2025-01-22,KLBN11,21.8
2025-01-22,LREN3,13.13
2025-01-22,MGLU3,6.37
2025-01-22,MRFG3,15.03
2025-01-22,MRVE3,5.44
2025-01-22,MULT3,21.01
2025-01-22,NTCO3,12.75
2025-01-22,PETR3,41.13
2025-01-22,PETR4,37.09
2025-01-22,POMO4,8.42
2025-01-22,PRIO3,42.45
2025-01-22,PSSA3,37.9
2025-01-22,RADL3,20.91
2025-01-22,RAIL3,16.99
2025-01-22,RDOR3,27.68
2025-01-22,RENT3,30.53
2025-01-22,SANB11,25.36
2025-01-22,SBSP3,94.0
2025-01-22,SMFT3,18.91
2025-01-22,SUZB3,61.4
2025-01-22,TAEE11,32.9
2025-01-22,TEND3,12.54
2025-01-22,TIMS3,15.37
2025-01-22,TOTS3,29.31
2025-01-22,UGPA3,16.44
2025-01-22,USIM5,5.22
2025-01-22,VALE3,52.66
2025-01-22,VAMO3,4.7
2025-01-22,VBBR3,17.97
2025-01-22,VIVA3,20.24
2025-01-22,VIVT3,50.6
2025-01-22,WEGE3,56.44
2025-01-22,YDUQ3,9.05
2025-01-23,ABEV3,11.05
2025-01-23,ALOS3,18.18
2025-01-23,ASAI3,6.2
2025-01-23,AURE3,7.68
2025-01-23,AZZA3,32.15
2025-01-23,B3SA3,10.35
2025-01-23,BBAS3,26.72
2025-01-23,BBDC3,10.48
2025-01-23,BBDC4,11.39
2025-01-23,BBSE3,38.02
2025-01-23,BEEF3,4.48
2025-01-23,BPAC11,30.92
2025-01-23,BRAP4,16.23
2025-01-23,BRAV3,22.88
2025-01-23,CCRO3,10.8
2025-01-23,CEAB3,8.62
2025-01-23,CMIG4,10.58
2025-01-23,CMIN3,5.22
2025-01-23,COGN3,1.32
2025-01-23,CPFE3,33.15
2025-01-23,CPLE3,8.28
2025-01-23,CSAN3,7.57
2025-01-23,CSMG3,21.65
2025-01-23,CSNA3,7.86
2025-01-23,CURY3,20.0
2025-01-23,CXSE3,14.45
2025-01-23,CYRE3,18.54
2025-01-23,DIRR3,26.02
2025-01-23,EGIE3,35.15
2025-01-23,ELET3,34.88
2025-01-23,EMBR3,61.73
2025-01-23,ENEV3,10.8
2025-01-23,ENGI11,37.19
2025-01-23,EQTL3,28.36
2025-01-23,FLRY3,11.44
2025-01-23,GGBR4,17.46
2025-01-23,GOAU4,9.78
2025-01-23,HAPV3,2.29
2025-01-23,HYPE3,18.34
2025-01-23,IGTI11,17.24
2025-01-23,ISAE4,23.11
2025-01-23,ITSA4,9.17
2025-01-23,ITUB4,32.54
2025-01-23,KLBN11,22.01
2025-01-23,LREN3,13.0
2025-01-23,MGLU3,6.29
2025-01-23,MRFG3,15.64
2025-01-23,MRVE3,5.13
2025-01-23,MULT3,20.92
2025-01-23,NTCO3,12.2
2025-01-23,PETR3,40.75
2025-01-23,PETR4,36.83
2025-01-23,POMO4,8.42
2025-01-23,PRIO3,41.48
2025-01-23,PSSA3,38.12
2025-01-23,RADL3,20.89
2025-01-23,RAIL3,16.78
2025-01-23,RDOR3,27.69
2025-01-23,RENT3,30.03
2025-01-23,SANB11,24.58
2025-01-23,SBSP3,93.0
2025-01-23,SMFT3,18.59
2025-01-23,SUZB3,62.75
2025-01-23,TAEE11,32.15
2025-01-23,TEND3,12.2
2025-01-23,TIMS3,15.4
2025-01-23,TOTS3,29.24
2025-01-23,UGPA3,16.16
2025-01-23,USIM5,5.15
2025-01-23,VALE3,52.32
2025-01-23,VAMO3,4.66
2025-01-23,VBBR3,17.68
2025-01-23,VIVA3,20.03
2025-01-23,VIVT3,50.85
2025-01-23,WEGE3,57.25
2025-01-23,YDUQ3,9.3
2025-01-24,ABEV3,10.87
2025-01-24,ALOS3,17.96
2025-01-24,ASAI3,6.15
2025-01-24,AURE3,7.6
2025-01-24,AZZA3,31.8
2025-01-24,B3SA3,10.37
2025-01-24,BBAS3,26.62
2025-01-24,BBDC3,10.42
2025-01-24,BBDC4,11.3
2025-01-24,BBSE3,37.83
2025-01-24,BEEF3,4.44
2025-01-24,BPAC11,30.99
2025-01-24,BRAP4,16.3
2025-01-24,BRAV3,22.66
2025-01-24,CCRO3,10.8
2025-01-24,CEAB3,8.79
2025-01-24,CMIG4,10.5
2025-01-24,CMIN3,5.15
2025-01-24,COGN3,1.37
2025-01-24,CPFE3,32.96
2025-01-24,CPLE3,8.32
2025-01-24,CSAN3,7.56
2025-01-24,CSMG3,21.48
2025-01-24,CSNA3,8.26
2025-01-24,CURY3,20.4
2025-01-24,CXSE3,14.76
2025-01-24,CYRE3,18.7
2025-01-24,DIRR3,26.76
2025-01-24,EGIE3,35.17
2025-01-24,ELET3,34.97
2025-01-24,EMBR3,60.97
2025-01-24,ENEV3,10.81
2025-01-24,ENGI11,37.58
2025-01-24,EQTL3,28.37
2025-01-24,FLRY3,11.58
2025-01-24,GGBR4,17.56
2025-01-24,GOAU4,9.81
2025-01-24,HAPV3,2.29
2025-01-24,HYPE3,18.4
2025-01-24,IGTI11,17.03
2025-01-24,ISAE4,22.94
2025-01-24,ITSA4,9.15
2025-01-24,ITUB4,32.46
2025-01-24,KLBN11,22.06
2025-01-24,LREN3,13.17
2025-01-24,MGLU3,6.37
2025-01-24,MRFG3,15.65
2025-01-24,MRVE3,5.18
2025-01-24,MULT3,20.81
2025-01-24,NTCO3,12.08
2025-01-24,PETR3,40.63
2025-01-24,PETR4,36.64
2025-01-24,POMO4,8.32
2025-01-24,PRIO3,41.15
2025-01-24,PSSA3,38.0
2025-01-24,RADL3,20.78
2025-01-24,RAIL3,16.7
2025-01-24,RDOR3,28.01
2025-01-24,RENT3,30.32
2025-01-24,SANB11,24.84
2025-01-24,SBSP3,92.8
2025-01-24,SMFT3,18.68
2025-01-24,SUZB3,62.76
2025-01-24,TAEE11,31.8
2025-01-24,TEND3,12.48
2025-01-24,TIMS3,15.08
2025-01-24,TOTS3,29.91
2025-01-24,UGPA3,16.08
2025-01-24,USIM5,5.23
2025-01-24,VALE3,53.03
2025-01-24,VAMO3,4.56
2025-01-24,VBBR3,17.59
2025-01-24,VIVA3,20.24
2025-01-24,VIVT3,50.56
2025-01-24,WEGE3,57.87
2025-01-24,YDUQ3,9.25
2025-01-27,ABEV3,11.12
2025-01-27,ALOS3,18.64
2025-01-27,ASAI3,6.62
2025-01-27,AURE3,7.97
2025-01-27,AZZA3,33.15
2025-01-27,B3SA3,10.56
2025-01-27,BBAS3,27.71
2025-01-27,BBDC3,10.7
2025-01-27,BBDC4,11.58
2025-01-27,BBSE3,38.57
2025-01-27,BEEF3,4.88
2025-01-27,BPAC11,31.66
2025-01-27,BRAP4,16.48
2025-01-27,BRAV3,22.74
2025-01-27,CCRO3,11.08
2025-01-27,CEAB3,9.31
2025-01-27,CMIG4,10.75
2025-01-27,CMIN3,5.36
2025-01-27,COGN3,1.4
2025-01-27,CPFE3,33.82
2025-01-27,CPLE3,8.52
2025-01-27,CSAN3,7.83
2025-01-27,CSMG3,21.96
2025-01-27,CSNA3,8.8
2025-01-27,CURY3,20.96
2025-01-27,CXSE3,14.9
2025-01-27,CYRE3,19.54
2025-01-27,DIRR3,27.5
2025-01-27,EGIE3,36.14
2025-01-27,ELET3,36.16
2025-01-27,EMBR3,59.16
2025-01-27,ENEV3,11.27
2025-01-27,ENGI11,38.64
2025-01-27,EQTL3,29.26
2025-01-27,FLRY3,11.97
2025-01-27,GGBR4,17.75
2025-01-27,GOAU4,9.94
2025-01-27,HAPV3,2.38
2025-01-27,HYPE3,18.8
2025-01-27,IGTI11,17.82
2025-01-27,ISAE4,23.58
2025-01-27,ITSA4,9.38
2025-01-27,ITUB4,33.24
2025-01-27,KLBN11,22.31
2025-01-27,LREN3,13.65
2025-01-27,MGLU3,7.01
2025-01-27,MRFG3,15.84
2025-01-27,MRVE3,5.47
2025-01-27,MULT3,21.54
2025-01-27,NTCO3,12.18
2025-01-27,PETR3,41.08
2025-01-27,PETR4,37.18
2025-01-27,POMO4,8.34
2025-01-27,PRIO3,42.1
2025-01-27,PSSA3,38.35
2025-01-27,RADL3,20.7
2025-01-27,RAIL3,17.38
2025-01-27,RDOR3,28.57
2025-01-27,RENT3,31.71
2025-01-27,SANB11,25.1
2025-01-27,SBSP3,95.55
2025-01-27,SMFT3,19.24
2025-01-27,SUZB3,63.09
2025-01-27,TAEE11,32.53
2025-01-27,TEND3,13.22
2025-01-27,TIMS3,15.85
2025-01-27,TOTS3,31.21
2025-01-27,UGPA3,16.84
2025-01-27,USIM5,5.41
2025-01-27,VALE3,53.96
2025-01-27,VAMO3,4.89
2025-01-27,VBBR3,18.39
2025-01-27,VIVA3,21.2
2025-01-27,VIVT3,52.73
2025-01-27,WEGE3,53.31
2025-01-27,YDUQ3,9.55
2025-01-28,ABEV3,11.11
2025-01-28,ALOS3,18.68
2025-01-28,ASAI3,6.52
2025-01-28,AURE3,7.8
2025-01-28,AZZA3,33.75
2025-01-28,B3SA3,10.55
2025-01-28,BBAS3,27.53
2025-01-28,BBDC3,10.64
2025-01-28,BBDC4,11.63
2025-01-28,BBSE3,39.03
2025-01-28,BEEF3,4.82
2025-01-28,BPAC11,31.41
2025-01-28,BRAP4,16.2
2025-01-28,BRAV3,22.44
2025-01-28,CCRO3,11.01
2025-01-28,CEAB3,9.5
2025-01-28,CMIG4,10.78
2025-01-28,CMIN3,5.26
2025-01-28,COGN3,1.33
2025-01-28,CPFE3,33.96
2025-01-28,CPLE3,8.62
2025-01-28,CSAN3,7.62
2025-01-28,CSMG3,22.04
2025-01-28,CSNA3,8.73
2025-01-28,CURY3,20.71
2025-01-28,CXSE3,14.86
2025-01-28,CYRE3,19.36
2025-01-28,DIRR3,27.41
2025-01-28,EGIE3,36.76
2025-01-28,ELET3,35.98
2025-01-28,EMBR3,59.37
2025-01-28,ENEV3,11.18
2025-01-28,ENGI11,38.84
2025-01-28,EQTL3,29.35
2025-01-28,FLRY3,11.64
2025-01-28,GGBR4,17.67
2025-01-28,GOAU4,9.93
2025-01-28,HAPV3,2.32
2025-01-28,HYPE3,18.17
2025-01-28,IGTI11,17.82
2025-01-28,ISAE4,23.59
2025-01-28,ITSA4,9.38
2025-01-28,ITUB4,33.3
2025-01-28,KLBN11,22.25
2025-01-28,LREN3,13.43
2025-01-28,MGLU3,6.76
2025-01-28,MRFG3,15.93
2025-01-28,MRVE3,5.42
2025-01-28,MULT3,21.56
2025-01-28,NTCO3,12.06
2025-01-28,PETR3,40.98
2025-01-28,PETR4,37.13
2025-01-28,POMO4,8.33
2025-01-28,PRIO3,41.38
2025-01-28,PSSA3,38.5
2025-01-28,RADL3,21.0
2025-01-28,RAIL3,17.58
2025-01-28,RDOR3,27.77
2025-01-28,RENT3,31.37
2025-01-28,SANB11,24.97
2025-01-28,SBSP3,94.57
2025-01-28,SMFT3,19.15
2025-01-28,SUZB3,62.76
2025-01-28,TAEE11,32.41
2025-01-28,TEND3,13.2
2025-01-28,TIMS3,15.46
2025-01-28,TOTS3,30.79
2025-01-28,UGPA3,16.36
2025-01-28,USIM5,5.33
2025-01-28,VALE3,52.65
2025-01-28,VAMO3,4.77
2025-01-28,VBBR3,17.64
2025-01-28,VIVA3,20.51
2025-01-28,VIVT3,51.4
2025-01-28,WEGE3,54.09
2025-01-28,YDUQ3,9.3
2025-01-29,ABEV3,10.97
2025-01-29,ALOS3,18.59
2025-01-29,ASAI3,6.5
2025-01-29,AURE3,7.78
2025-01-29,AZZA3,33.6
2025-01-29,B3SA3,10.55
2025-01-29,BBAS3,27.44
2025-01-29,BBDC3,10.58
2025-01-29,BBDC4,11.51
2025-01-29,BBSE3,38.76
2025-01-29,BEEF3,4.81
2025-01-29,BPAC11,31.23
2025-01-29,BRAP4,16.3
2025-01-29,BRAV3,21.89
2025-01-29,CCRO3,11.03
2025-01-29,CEAB3,9.25
2025-01-29,CMIG4,10.68
2025-01-29,CMIN3,5.22
2025-01-29,COGN3,1.34
2025-01-29,CPFE3,33.7
2025-01-29,CPLE3,8.58
2025-01-29,CSAN3,7.48
2025-01-29,CSMG3,22.1
2025-01-29,CSNA3,8.8
2025-01-29,CURY3,20.95
2025-01-29,CXSE3,14.55
2025-01-29,CYRE3,19.55
2025-01-29,DIRR3,27.8
2025-01-29,EGIE3,36.72
2025-01-29,ELET3,35.39
2025-01-29,EMBR3,59.19
2025-01-29,ENEV3,11.22
2025-01-29,ENGI11,38.25
2025-01-29,EQTL3,29.12
2025-01-29,FLRY3,11.5
2025-01-29,GGBR4,17.47
2025-01-29,GOAU4,9.8
2025-01-29,HAPV3,2.29
2025-01-29,HYPE3,18.1
2025-01-29,IGTI11,17.68
2025-01-29,ISAE4,23.41
2025-01-29,ITSA4,9.37
2025-01-29,ITUB4,33.22
2025-01-29,KLBN11,22.13
2025-01-29,LREN3,13.39
2025-01-29,MGLU3,6.59
2025-01-29,MRFG3,15.74
2025-01-29,MRVE3,5.45
2025-01-29,MULT3,21.55
2025-01-29,NTCO3,12.15
2025-01-29,PETR3,40.57
2025-01-29,PETR4,36.9
2025-01-29,POMO4,8.13
2025-01-29,PRIO3,40.42
2025-01-29,PSSA3,38.86
2025-01-29,RADL3,21.45
2025-01-29,RAIL3,17.91
2025-01-29,RDOR3,27.19
2025-01-29,RENT3,30.18
2025-01-29,SANB11,24.78
2025-01-29,SBSP3,92.87
2025-01-29,SMFT3,18.95
2025-01-29,SUZB3,62.2
2025-01-29,TAEE11,32.35
2025-01-29,TEND3,13.48
2025-01-29,TIMS3,15.47
2025-01-29,TOTS3,31.15
2025-01-29,UGPA3,16.5
2025-01-29,USIM5,5.4
2025-01-29,VALE3,52.8
2025-01-29,VAMO3,4.72
2025-01-29,VBBR3,17.31
2025-01-29,VIVA3,20.72
2025-01-29,VIVT3,51.04
2025-01-29,WEGE3,54.43
2025-01-29,YDUQ3,9.43
2025-01-30,ABEV3,11.11
2025-01-30,ALOS3,19.29
2025-01-30,ASAI3,6.84
2025-01-30,AURE3,8.12
2025-01-30,AZZA3,34.68
2025-01-30,B3SA3,11.09
2025-01-30,BBAS3,27.64
2025-01-30,BBDC3,11.05
2025-01-30,BBDC4,12.14
2025-01-30,BBSE3,38.59
2025-01-30,BEEF3,4.94
2025-01-30,BPAC11,32.05
2025-01-30,BRAP4,16.93
2025-01-30,BRAV3,22.26
2025-01-30,CCRO3,11.47
2025-01-30,CEAB3,9.85
2025-01-30,CMIG4,10.92
2025-01-30,CMIN3,5.56
2025-01-30,COGN3,1.39
2025-01-30,CPFE3,34.42
2025-01-30,CPLE3,8.85
2025-01-30,CSAN3,8.03
2025-01-30,CSMG3,22.45
2025-01-30,CSNA3,9.25
2025-01-30,CURY3,21.4
2025-01-30,CXSE3,14.65
2025-01-30,CYRE3,20.38
2025-01-30,DIRR3,28.7
2025-01-30,EGIE3,36.85
2025-01-30,ELET3,36.5
2025-01-30,EMBR3,60.04
2025-01-30,ENEV3,11.73
2025-01-30,ENGI11,40.4
2025-01-30,EQTL3,30.52
2025-01-30,FLRY3,11.93
2025-01-30,GGBR4,17.77
2025-01-30,GOAU4,10.03
2025-01-30,HAPV3,2.45
2025-01-30,HYPE3,18.4
2025-01-30,IGTI11,18.47
2025-01-30,ISAE4,23.97
2025-01-30,ITSA4,9.59
2025-01-30,ITUB4,34.03
2025-01-30,KLBN11,22.58
2025-01-30,LREN3,13.9
2025-01-30,MGLU3,7.42
2025-01-30,MRFG3,15.92
2025-01-30,MRVE3,5.72
2025-01-30,MULT3,22.31
2025-01-30,NTCO3,12.74
2025-01-30,PETR3,41.37
2025-01-30,PETR4,37.39
2025-01-30,POMO4,8.27
2025-01-30,PRIO3,41.46
2025-01-30,PSSA3,39.89
2025-01-30,RADL3,22.05
2025-01-30,RAIL3,18.32
2025-01-30,RDOR3,28.26
2025-01-30,RENT3,31.66
2025-01-30,SANB11,25.73
2025-01-30,SBSP3,95.63
2025-01-30,SMFT3,19.61
2025-01-30,SUZB3,62.36
2025-01-30,TAEE11,33.19
2025-01-30,TEND3,14.37
2025-01-30,TIMS3,15.64
2025-01-30,TOTS3,32.61
2025-01-30,UGPA3,17.08
2025-01-30,USIM5,5.64
2025-01-30,VALE3,55.03
2025-01-30,VAMO3,4.87
2025-01-30,VBBR3,17.76
2025-01-30,VIVA3,22.01
2025-01-30,VIVT3,51.56
2025-01-30,WEGE3,56.21
2025-01-30,YDUQ3,10.36
2025-01-31,ABEV3,11.1
2025-01-31,ALOS3,19.0
2025-01-31,ASAI3,6.74
2025-01-31,AURE3,8.11
2025-01-31,AZZA3,34.15
2025-01-31,B3SA3,11.19
2025-01-31,BBAS3,27.68
2025-01-31,BBDC3,11.02
2025-01-31,BBDC4,12.09
2025-01-31,BBSE3,38.54
2025-01-31,BEEF3,4.84
2025-01-31,BPAC11,32.57
2025-01-31,BRAP4,16.65
2025-01-31,BRAV3,22.43
2025-01-31,CCRO3,11.23
2025-01-31,CEAB3,9.79
2025-01-31,CMIG4,10.96
2025-01-31,CMIN3,5.46
2025-01-31,COGN3,1.41
2025-01-31,CPFE3,34.38
2025-01-31,CPLE3,8.67
2025-01-31,CSAN3,7.74
2025-01-31,CSMG3,22.38
2025-01-31,CSNA3,9.09
2025-01-31,CURY3,21.62
2025-01-31,CXSE3,14.68
2025-01-31,CYRE3,20.43
2025-01-31,DIRR3,28.78
2025-01-31,EGIE3,36.8
2025-01-31,ELET3,36.09
2025-01-31,EMBR3,59.7
2025-01-31,ENEV3,11.8
2025-01-31,ENGI11,39.66
2025-01-31,EQTL3,30.15
2025-01-31,FLRY3,11.84
2025-01-31,GGBR4,17.22
2025-01-31,GOAU4,9.62
2025-01-31,HAPV3,2.42
2025-01-31,HYPE3,18.28
2025-01-31,IGTI11,18.43
2025-01-31,ISAE4,23.8
2025-01-31,ITSA4,9.53
2025-01-31,ITUB4,33.81
2025-01-31,KLBN11,22.44
2025-01-31,LREN3,13.65
2025-01-31,MGLU3,7.46
2025-01-31,MRFG3,15.89
2025-01-31,MRVE3,5.64
2025-01-31,MULT3,22.4
2025-01-31,NTCO3,12.62
2025-01-31,PETR3,41.65
2025-01-31,PETR4,37.69
2025-01-31,POMO4,8.33
2025-01-31,PRIO3,40.99
2025-01-31,PSSA3,39.99
2025-01-31,RADL3,21.09
2025-01-31,RAIL3,18.4
2025-01-31,RDOR3,27.95
2025-01-31,RENT3,30.87
2025-01-31,SANB11,25.96
2025-01-31,SBSP3,94.57
2025-01-31,SMFT3,19.48
2025-01-31,SUZB3,62.37
2025-01-31,TAEE11,33.51
2025-01-31,TEND3,14.37
2025-01-31,TIMS3,15.61
2025-01-31,TOTS3,34.06
2025-01-31,UGPA3,16.54
2025-01-31,USIM5,5.51
2025-01-31,VALE3,54.17
2025-01-31,VAMO3,4.84
2025-01-31,VBBR3,16.86
2025-01-31,VIVA3,21.43
2025-01-31,VIVT3,51.87
2025-01-31,WEGE3,55.04
2025-01-31,YDUQ3,10.25
2025-02-03,ABEV3,11.03
2025-02-03,ALOS3,19.11
2025-02-03,ASAI3,6.86
2025-02-03,AURE3,8.11
2025-02-03,AZZA3,34.17
2025-02-03,B3SA3,11.16
2025-02-03,BBAS3,27.61
2025-02-03,BBDC3,11.01
2025-02-03,BBDC4,12.07
2025-02-03,BBSE3,39.03
2025-02-03,BEEF3,4.82
2025-02-03,BPAC11,32.0
2025-02-03,BRAP4,16.64
2025-02-03,BRAV3,21.95
2025-02-03,CCRO3,11.22
2025-02-03,CEAB3,9.75
2025-02-03,CMIG4,11.19
2025-02-03,CMIN3,5.34
2025-02-03,COGN3,1.4
2025-02-03,CPFE3,34.63
2025-02-03,CPLE3,8.72
2025-02-03,CSAN3,7.8
2025-02-03,CSMG3,22.67
2025-02-03,CSNA3,9.03
2025-02-03,CURY3,21.95
2025-02-03,CXSE3,14.93
2025-02-03,CYRE3,20.69
2025-02-03,DIRR3,29.27
2025-02-03,EGIE3,36.31
2025-02-03,ELET3,36.55
2025-02-03,EMBR3,59.42
2025-02-03,ENEV3,11.95
2025-02-03,ENGI11,40.33
2025-02-03,EQTL3,30.14
2025-02-03,FLRY3,11.88
2025-02-03,GGBR4,17.48
2025-02-03,GOAU4,9.83
2025-02-03,HAPV3,2.44
2025-02-03,HYPE3,18.75
2025-02-03,IGTI11,18.64
2025-02-03,ISAE4,23.98
2025-02-03,ITSA4,9.43
2025-02-03,ITUB4,33.48
2025-02-03,KLBN11,22.54
2025-02-03,LREN3,13.56
2025-02-03,MGLU3,7.22
2025-02-03,MRFG3,15.1
2025-02-03,MRVE3,5.59
2025-02-03,MULT3,22.61
2025-02-03,NTCO3,12.72
2025-02-03,PETR3,41.14
2025-02-03,PETR4,37.5
2025-02-03,POMO4,8.34
2025-02-03,PRIO3,41.23
2025-02-03,PSSA3,40.71
2025-02-03,RADL3,20.53
2025-02-03,RAIL3,18.65
2025-02-03,RDOR3,27.95
2025-02-03,RENT3,31.48
2025-02-03,SANB11,25.83
2025-02-03,SBSP3,96.19
2025-02-03,SMFT3,19.63
2025-02-03,SUZB3,62.45
2025-02-03,TAEE11,33.45
2025-02-03,TEND3,14.42
2025-02-03,TIMS3,15.8
2025-02-03,TOTS3,34.25
2025-02-03,UGPA3,16.75
2025-02-03,USIM5,5.53
2025-02-03,VALE3,54.21
2025-02-03,VAMO3,4.76
2025-02-03,VBBR3,16.65
2025-02-03,VIVA3,21.57
2025-02-03,VIVT3,51.55
2025-02-03,WEGE3,53.9
2025-02-03,YDUQ3,10.29
2025-02-04,ABEV3,10.9
2025-02-04,ALOS3,19.14
2025-02-04,ASAI3,6.76
2025-02-04,AURE3,8.12
2025-02-04,AZZA3,33.65
2025-02-04,B3SA3,11.07
2025-02-04,BBAS3,27.77
2025-02-04,BBDC3,10.95
2025-02-04,BBDC4,12.03
2025-02-04,BBSE3,38.99
2025-02-04,BEEF3,4.68
2025-02-04,BPAC11,31.62
2025-02-04,BRAP4,16.54
2025-02-04,BRAV3,21.69
2025-02-04,CCRO3,11.21
2025-02-04,CEAB3,9.58
2025-02-04,CMIG4,11.1
2025-02-04,CMIN3,5.27
2025-02-04,COGN3,1.38
2025-02-04,CPFE3,34.71
2025-02-04,CPLE3,8.86
2025-02-04,CSAN3,7.68
2025-02-04,CSMG3,22.7
2025-02-04,CSNA3,9.02
2025-02-04,CURY3,21.9
2025-02-04,CXSE3,14.6
2025-02-04,CYRE3,20.67
2025-02-04,DIRR3,29.77
2025-02-04,EGIE3,36.1
2025-02-04,ELET3,36.11
2025-02-04,EMBR3,57.46
2025-02-04,ENEV3,11.81
2025-02-04,ENGI11,40.58
2025-02-04,EQTL3,30.35
2025-02-04,FLRY3,11.85
2025-02-04,GGBR4,17.09
2025-02-04,GOAU4,9.6
2025-02-04,HAPV3,2.39
2025-02-04,HYPE3,18.98
2025-02-04,IGTI11,18.84
2025-02-04,ISAE4,23.79
2025-02-04,ITSA4,9.45
2025-02-04,ITUB4,33.6
2025-02-04,KLBN11,21.71
2025-02-04,LREN3,13.18
2025-02-04,MGLU3,7.24
2025-02-04,MRFG3,14.73
2025-02-04,MRVE3,5.52
2025-02-04,MULT3,22.62
2025-02-04,NTCO3,13.08
2025-02-04,PETR3,40.62
2025-02-04,PETR4,37.13
2025-02-04,POMO4,8.07
2025-02-04,PRIO3,41.23
2025-02-04,PSSA3,40.71
2025-02-04,RADL3,20.07
2025-02-04,RAIL3,18.73
2025-02-04,RDOR3,28.13
2025-02-04,RENT3,31.66
2025-02-04,SANB11,25.5
2025-02-04,SBSP3,97.59
2025-02-04,SMFT3,19.45
2025-02-04,SUZB3,59.92
2025-02-04,TAEE11,33.4
2025-02-04,TEND3,14.54
2025-02-04,TIMS3,15.82
2025-02-04,TOTS3,33.47
2025-02-04,UGPA3,16.63
2025-02-04,USIM5,5.48
2025-02-04,VALE3,54.02
2025-02-04,VAMO3,4.64
2025-02-04,VBBR3,16.52
2025-02-04,VIVA3,21.35
2025-02-04,VIVT3,51.83
2025-02-04,WEGE3,54.06
2025-02-04,YDUQ3,10.1
2025-02-05,ABEV3,10.82
2025-02-05,ALOS3,19.12
2025-02-05,ASAI3,6.84
2025-02-05,AURE3,8.36
2025-02-05,AZZA3,33.54
2025-02-05,B3SA3,10.99
2025-02-05,BBAS3,27.83
2025-02-05,BBDC3,11.11
2025-02-05,BBDC4,12.31
2025-02-05,BBSE3,39.27
2025-02-05,BEEF3,4.59
2025-02-05,BPAC11,31.7
2025-02-05,BRAP4,16.55
2025-02-05,BRAV3,21.0
2025-02-05,CCRO3,11.12
2025-02-05,CEAB3,9.47
2025-02-05,CMIG4,11.07
2025-02-05,CMIN3,5.25
2025-02-05,COGN3,1.4
2025-02-05,CPFE3,34.3
2025-02-05,CPLE3,8.86
2025-02-05,CSAN3,7.51
2025-02-05,CSMG3,23.0
2025-02-05,CSNA3,8.73
2025-02-05,CURY3,21.74
2025-02-05,CXSE3,14.83
2025-02-05,CYRE3,20.8
2025-02-05,DIRR3,29.23
2025-02-05,EGIE3,35.63
2025-02-05,ELET3,35.92
2025-02-05,EMBR3,66.37
2025-02-05,ENEV3,11.86
2025-02-05,ENGI11,40.85
2025-02-05,EQTL3,30.4
2025-02-05,FLRY3,11.54
2025-02-05,GGBR4,16.9
2025-02-05,GOAU4,9.47
2025-02-05,HAPV3,2.32
2025-02-05,HYPE3,18.97
2025-02-05,IGTI11,18.83
2025-02-05,ISAE4,23.77
2025-02-05,ITSA4,9.56
2025-02-05,ITUB4,34.11
2025-02-05,KLBN11,21.61
2025-02-05,LREN3,13.02
2025-02-05,MGLU3,6.88
2025-02-05,MRFG3,14.99
2025-02-05,MRVE3,5.49
2025-02-05,MULT3,22.52
2025-02-05,NTCO3,12.98
2025-02-05,PETR3,40.21
2025-02-05,PETR4,36.86
2025-02-05,POMO4,8.07
2025-02-05,PRIO3,40.34
2025-02-05,PSSA3,41.69
2025-02-05,RADL3,19.75
2025-02-05,RAIL3,18.47
2025-02-05,RDOR3,28.1
2025-02-05,RENT3,31.59
2025-02-05,SANB11,27.08
2025-02-05,SBSP3,97.84
2025-02-05,SMFT3,19.18
2025-02-05,SUZB3,59.69
2025-02-05,TAEE11,33.06
2025-02-05,TEND3,14.39
2025-02-05,TIMS3,15.55
2025-02-05,TOTS3,32.18
2025-02-05,UGPA3,16.03
2025-02-05,USIM5,5.5
2025-02-05,VALE3,54.31
2025-02-05,VAMO3,4.37
2025-02-05,VBBR3,16.22
2025-02-05,VIVA3,20.75
2025-02-05,VIVT3,51.87
2025-02-05,WEGE3,54.47
2025-02-05,YDUQ3,9.98
2025-02-06,ABEV3,10.86
2025-02-06,ALOS3,19.16
2025-02-06,ASAI3,6.98
2025-02-06,AURE3,8.31
2025-02-06,AZZA3,34.43
2025-02-06,B3SA3,11.22
2025-02-06,BBAS3,28.15
2025-02-06,BBDC3,11.23
2025-02-06,BBDC4,12.48
2025-02-06,BBSE3,39.73
2025-02-06,BEEF3,4.66
2025-02-06,BPAC11,32.1
2025-02-06,BRAP4,16.83
2025-02-06,BRAV3,20.97
2025-02-06,CCRO3,11.22
2025-02-06,CEAB3,9.7
2025-02-06,CMIG4,10.96
2025-02-06,CMIN3,5.46
2025-02-06,COGN3,1.5
2025-02-06,CPFE3,34.09
2025-02-06,CPLE3,8.9
2025-02-06,CSAN3,7.65
2025-02-06,CSMG3,23.03
2025-02-06,CSNA3,9.06
2025-02-06,CURY3,22.69
2025-02-06,CXSE3,14.57
2025-02-06,CYRE3,21.0
2025-02-06,DIRR3,30.04
2025-02-06,EGIE3,35.88
2025-02-06,ELET3,35.5
2025-02-06,EMBR3,64.5
2025-02-06,ENEV3,11.91
2025-02-06,ENGI11,40.86
2025-02-06,EQTL3,30.7
2025-02-06,FLRY3,11.48
2025-02-06,GGBR4,17.09
2025-02-06,GOAU4,9.56
2025-02-06,HAPV3,2.27
2025-02-06,HYPE3,19.0
2025-02-06,IGTI11,18.84
2025-02-06,ISAE4,23.81
2025-02-06,ITSA4,9.62
2025-02-06,ITUB4,34.17
2025-02-06,KLBN11,21.59
2025-02-06,LREN3,13.32
2025-02-06,MGLU3,7.39
2025-02-06,MRFG3,15.23
2025-02-06,MRVE3,5.62
2025-02-06,MULT3,22.26
2025-02-06,NTCO3,13.09
2025-02-06,PETR3,39.97
2025-02-06,PETR4,36.79
2025-02-06,POMO4,8.11
2025-02-06,PRIO3,40.57
2025-02-06,PSSA3,41.3
2025-02-06,RADL3,20.0
2025-02-06,RAIL3,18.87
2025-02-06,RDOR3,28.32
2025-02-06,RENT3,31.89
2025-02-06,SANB11,27.0
2025-02-06,SBSP3,97.77
2025-02-06,SMFT3,19.29
2025-02-06,SUZB3,60.09
2025-02-06,TAEE11,33.18
2025-02-06,TEND3,14.67
2025-02-06,TIMS3,15.5
2025-02-06,TOTS3,32.66
2025-02-06,UGPA3,16.4
2025-02-06,USIM5,5.6
2025-02-06,VALE3,55.13
2025-02-06,VAMO3,4.27
2025-02-06,VBBR3,16.37
2025-02-06,VIVA3,20.8
2025-02-06,VIVT3,51.02
2025-02-06,WEGE3,54.53
2025-02-06,YDUQ3,10.39
2025-02-07,ABEV3,10.85
2025-02-07,ALOS3,19.1
2025-02-07,ASAI3,7.06
2025-02-07,AURE3,8.14
2025-02-07,AZZA3,33.87
2025-02-07,B3SA3,10.96
2025-02-07,BBAS3,27.78
2025-02-07,BBDC3,10.88
2025-02-07,BBDC4,11.99
2025-02-07,BBSE3,39.3
2025-02-07,BEEF3,4.44
2025-02-07,BPAC11,32.12
2025-02-07,BRAP4,16.75
2025-02-07,BRAV3,20.76
2025-02-07,CCRO3,10.92
2025-02-07,CEAB3,9.65
2025-02-07,CMIG4,10.97
2025-02-07,CMIN3,5.34
2025-02-07,COGN3,1.52
2025-02-07,CPFE3,34.04
2025-02-07,CPLE3,8.77
2025-02-07,CSAN3,7.18
2025-02-07,CSMG3,23.26
2025-02-07,CSNA3,8.94
2025-02-07,CURY3,22.35
2025-02-07,CXSE3,14.35
2025-02-07,CYRE3,20.48
2025-02-07,DIRR3,29.73
2025-02-07,EGIE3,35.95
2025-02-07,ELET3,34.75
2025-02-07,EMBR3,62.3
2025-02-07,ENEV3,11.65
2025-02-07,ENGI11,40.49
2025-02-07,EQTL3,30.3
2025-02-07,FLRY3,11.69
2025-02-07,GGBR4,16.7
2025-02-07,GOAU4,9.35
2025-02-07,HAPV3,2.33
2025-02-07,HYPE3,18.55
2025-02-07,IGTI11,18.98
2025-02-07,ISAE4,23.9
2025-02-07,ITSA4,9.52
2025-02-07,ITUB4,33.92
2025-02-07,KLBN11,21.26
2025-02-07,LREN3,12.83
2025-02-07,MGLU3,7.07
2025-02-07,MRFG3,14.84
2025-02-07,MRVE3,5.45
2025-02-07,MULT3,22.07
2025-02-07,NTCO3,12.49
2025-02-07,PETR3,39.7
2025-02-07,PETR4,36.58
2025-02-07,POMO4,8.05
2025-02-07,PRIO3,39.62
2025-02-07,PSSA3,40.75
2025-02-07,RADL3,20.12
2025-02-07,RAIL3,18.45
2025-02-07,RDOR3,28.15
2025-02-07,RENT3,29.94
2025-02-07,SANB11,26.41
2025-02-07,SBSP3,96.51
2025-02-07,SMFT3,18.38
2025-02-07,SUZB3,59.52
2025-02-07,TAEE11,32.98
2025-02-07,TEND3,14.66
2025-02-07,TIMS3,15.64
2025-02-07,TOTS3,33.54
2025-02-07,UGPA3,16.09
2025-02-07,USIM5,5.6
2025-02-07,VALE3,54.83
2025-02-07,VAMO3,4.06
2025-02-07,VBBR3,16.48
2025-02-07,VIVA3,19.99
2025-02-07,VIVT3,50.9
2025-02-07,WEGE3,53.94
2025-02-07,YDUQ3,10.5
2025-02-10,ABEV3,10.97
2025-02-10,ALOS3,19.26
2025-02-10,ASAI3,7.0
2025-02-10,AURE3,8.07
2025-02-10,AZZA3,33.31
2025-02-10,B3SA3,11.1
2025-02-10,BBAS3,27.82
2025-02-10,BBDC3,10.97
2025-02-10,BBDC4,12.0
2025-02-10,BBSE3,39.65
2025-02-10,BEEF3,4.48
2025-02-10,BPAC11,31.55
2025-02-10,BRAP4,16.79
2025-02-10,BRAV3,20.75
2025-02-10,CCRO3,11.12
2025-02-10,CEAB3,9.78
2025-02-10,CMIG4,11.03
2025-02-10,CMIN3,5.4
2025-02-10,COGN3,1.61
2025-02-10,CPFE3,33.88
2025-02-10,CPLE3,8.82
2025-02-10,CSAN3,7.45
2025-02-10,CSMG3,23.86
2025-02-10,CSNA3,9.07
2025-02-10,CURY3,22.78
2025-02-10,CXSE3,14.52
2025-02-10,CYRE3,20.63
2025-02-10,DIRR3,29.85
2025-02-10,EGIE3,35.7
2025-02-10,ELET3,35.38
2025-02-10,EMBR3,60.97
2025-02-10,ENEV3,11.81
2025-02-10,ENGI11,39.99
2025-02-10,EQTL3,30.08
2025-02-10,FLRY3,11.89
2025-02-10,GGBR4,17.57
2025-02-10,GOAU4,9.8
2025-02-10,HAPV3,2.34
2025-02-10,HYPE3,18.76
2025-02-10,IGTI11,18.66
2025-02-10,ISAE4,24.13
2025-02-10,ITSA4,9.57
2025-02-10,ITUB4,34.29
2025-02-10,KLBN11,21.38
2025-02-10,LREN3,13.11
2025-02-10,MGLU3,7.26
2025-02-10,MRFG3,15.13
2025-02-10,MRVE3,5.61
2025-02-10,MULT3,22.3
2025-02-10,NTCO3,12.44
2025-02-10,PETR3,40.03
2025-02-10,PETR4,36.83
2025-02-10,POMO4,8.08
2025-02-10,PRIO3,40.0
2025-02-10,PSSA3,41.65
2025-02-10,RADL3,19.77
2025-02-10,RAIL3,18.43
2025-02-10,RDOR3,28.56
2025-02-10,RENT3,30.23
2025-02-10,SANB11,26.15
2025-02-10,SBSP3,97.16
2025-02-10,SMFT3,17.77
2025-02-10,SUZB3,59.35
2025-02-10,TAEE11,32.89
2025-02-10,TEND3,15.24
2025-02-10,TIMS3,15.83
2025-02-10,TOTS3,33.89
2025-02-10,UGPA3,16.68
2025-02-10,USIM5,5.72
2025-02-10,VALE3,55.4
2025-02-10,VAMO3,4.28
2025-02-10,VBBR3,16.98
2025-02-10,VIVA3,20.3
2025-02-10,VIVT3,50.35
2025-02-10,WEGE3,54.21
2025-02-10,YDUQ3,10.88
2025-02-11,ABEV3,10.96
2025-02-11,ALOS3,19.33
2025-02-11,ASAI3,7.13
2025-02-11,AURE3,8.36
2025-02-11,AZZA3,32.7
2025-02-11,B3SA3,11.18
2025-02-11,BBAS3,28.06
2025-02-11,BBDC3,11.05
2025-02-11,BBDC4,12.28
2025-02-11,BBSE3,39.05
2025-02-11,BEEF3,4.56
2025-02-11,BPAC11,32.32
2025-02-11,BRAP4,16.84
2025-02-11,BRAV3,21.33
2025-02-11,CCRO3,11.51
2025-02-11,CEAB3,9.87
2025-02-11,CMIG4,11.13
2025-02-11,CMIN3,5.32
2025-02-11,COGN3,1.65
2025-02-11,CPFE3,34.12
2025-02-11,CPLE3,9.01
2025-02-11,CSAN3,7.55
2025-02-11,CSMG3,24.23
2025-02-11,CSNA3,8.87
2025-02-11,CURY3,22.79
2025-02-11,CXSE3,14.42
2025-02-11,CYRE3,21.15
2025-02-11,DIRR3,30.27
2025-02-11,EGIE3,36.43
2025-02-11,ELET3,36.06
2025-02-11,EMBR3,60.12
2025-02-11,ENEV3,12.09
2025-02-11,ENGI11,41.08
2025-02-11,EQTL3,30.79
2025-02-11,FLRY3,12.49
2025-02-11,GGBR4,17.74
2025-02-11,GOAU4,9.85
2025-02-11,HAPV3,2.51
2025-02-11,HYPE3,19.18
2025-02-11,IGTI11,18.88
2025-02-11,ISAE4,24.41
2025-02-11,ITSA4,9.7
2025-02-11,ITUB4,34.65
2025-02-11,KLBN11,21.16
2025-02-11,LREN3,13.26
2025-02-11,MGLU3,7.27
2025-02-11,MRFG3,15.24
2025-02-11,MRVE3,5.7
2025-02-11,MULT3,22.43
2025-02-11,NTCO3,12.93
2025-02-11,PETR3,40.25
2025-02-11,PETR4,36.83
2025-02-11,POMO4,8.18
2025-02-11,PRIO3,40.3
2025-02-11,PSSA3,41.45
2025-02-11,RADL3,19.98
2025-02-11,RAIL3,18.77
2025-02-11,RDOR3,28.92
2025-02-11,RENT3,31.03
2025-02-11,SANB11,26.25
2025-02-11,SBSP3,98.05
2025-02-11,SMFT3,18.63
2025-02-11,SUZB3,58.93
2025-02-11,TAEE11,33.23
2025-02-11,TEND3,15.47
2025-02-11,TIMS3,16.93
2025-02-11,TOTS3,34.0
2025-02-11,UGPA3,16.84
2025-02-11,USIM5,5.92
2025-02-11,VALE3,55.16
2025-02-11,VAMO3,4.55
2025-02-11,VBBR3,17.38
2025-02-11,VIVA3,19.86
2025-02-11,VIVT3,52.31
2025-02-11,WEGE3,53.11
2025-02-11,YDUQ3,11.33
2025-02-12,ABEV3,10.92
2025-02-12,ALOS3,19.2
2025-02-12,ASAI3,7.13
2025-02-12,AURE3,8.2
2025-02-12,AZZA3,31.48
2025-02-12,B3SA3,11.04
2025-02-12,BBAS3,27.6
2025-02-12,BBDC3,10.64
2025-02-12,BBDC4,11.72
2025-02-12,BBSE3,39.12
2025-02-12,BEEF3,4.37
2025-02-12,BPAC11,31.71
2025-02-12,BRAP4,16.62
2025-02-12,BRAV3,20.88
2025-02-12,CCRO3,11.45
2025-02-12,CEAB3,9.37
2025-02-12,CMIG4,11.05
2025-02-12,CMIN3,5.01
2025-02-12,COGN3,1.62
2025-02-12,CPFE3,33.28
2025-02-12,CPLE3,8.96
2025-02-12,CSAN3,7.31
2025-02-12,CSMG3,23.75
2025-02-12,CSNA3,8.38
2025-02-12,CURY3,22.82
2025-02-12,CXSE3,14.39
2025-02-12,CYRE3,20.92
2025-02-12,DIRR3,30.35
2025-02-12,EGIE3,35.81
2025-02-12,ELET3,35.87
2025-02-12,EMBR3,59.5
2025-02-12,ENEV3,11.83
2025-02-12,ENGI11,40.36
2025-02-12,EQTL3,30.31
2025-02-12,FLRY3,11.98
2025-02-12,GGBR4,17.37
2025-02-12,GOAU4,9.58
2025-02-12,HAPV3,2.33
2025-02-12,HYPE3,19.39
2025-02-12,IGTI11,18.59
2025-02-12,ISAE4,23.29
2025-02-12,ITSA4,9.45
2025-02-12,ITUB4,33.69
2025-02-12,KLBN11,21.03
2025-02-12,LREN3,12.72
2025-02-12,MGLU3,7.09
2025-02-12,MRFG3,14.62
2025-02-12,MRVE3,5.52
2025-02-12,MULT3,22.3
2025-02-12,NTCO3,12.94
2025-02-12,PETR3,39.32
2025-02-12,PETR4,36.28
2025-02-12,POMO4,7.95
2025-02-12,PRIO3,39.51
2025-02-12,PSSA3,39.86
2025-02-12,RADL3,19.63
2025-02-12,RAIL3,18.57
2025-02-12,RDOR3,28.75
2025-02-12,RENT3,30.68
2025-02-12,SANB11,26.09
2025-02-12,SBSP3,97.06
2025-02-12,SMFT3,18.56
2025-02-12,SUZB3,57.97
2025-02-12,TAEE11,32.7
2025-02-12,TEND3,15.35
2025-02-12,TIMS3,17.3
2025-02-12,TOTS3,33.05
2025-02-12,UGPA3,16.32
2025-02-12,USIM5,5.68
2025-02-12,VALE3,54.79
2025-02-12,VAMO3,4.66
2025-02-12,VBBR3,17.28
2025-02-12,VIVA3,18.76
2025-02-12,VIVT3,52.43
2025-02-12,WEGE3,52.7
2025-02-12,YDUQ3,11.02
2025-02-13,ABEV3,10.98
2025-02-13,ALOS3,19.09
2025-02-13,ASAI3,7.3
2025-02-13,AURE3,8.3
2025-02-13,AZZA3,31.2
2025-02-13,B3SA3,11.17
2025-02-13,BBAS3,27.45
2025-02-13,BBDC3,10.83
2025-02-13,BBDC4,11.88
2025-02-13,BBSE3,38.49
2025-02-13,BEEF3,4.29
2025-02-13,BPAC11,31.61
2025-02-13,BRAP4,16.7
2025-02-13,BRAV3,20.26
2025-02-13,CCRO3,11.58
2025-02-13,CEAB3,9.43
2025-02-13,CMIG4,11.09
2025-02-13,CMIN3,5.17
2025-02-13,COGN3,1.61
2025-02-13,CPFE3,33.8
2025-02-13,CPLE3,9.0
2025-02-13,CSAN3,7.22
2025-02-13,CSMG3,23.94
2025-02-13,CSNA3,8.36
2025-02-13,CURY3,22.68
2025-02-13,CXSE3,14.74
2025-02-13,CYRE3,21.15
2025-02-13,DIRR3,30.66
2025-02-13,EGIE3,36.02
2025-02-13,ELET3,36.35
2025-02-13,EMBR3,60.48
2025-02-13,ENEV3,11.92
2025-02-13,ENGI11,40.63
2025-02-13,EQTL3,30.58
2025-02-13,FLRY3,11.77
2025-02-13,GGBR4,17.45
2025-02-13,GOAU4,9.57
2025-02-13,HAPV3,2.32
2025-02-13,HYPE3,19.35
2025-02-13,IGTI11,18.96
2025-02-13,ISAE4,23.38
2025-02-13,ITSA4,9.53
2025-02-13,ITUB4,33.87
2025-02-13,KLBN11,21.17
2025-02-13,LREN3,13.1
2025-02-13,MGLU3,7.01
2025-02-13,MRFG3,14.15
2025-02-13,MRVE3,5.52
2025-02-13,MULT3,22.29
2025-02-13,NTCO3,13.05
2025-02-13,PETR3,39.43
2025-02-13,PETR4,36.32
2025-02-13,POMO4,8.0
2025-02-13,PRIO3,38.89
2025-02-13,PSSA3,39.49
2025-02-13,RADL3,19.51
2025-02-13,RAIL3,18.79
2025-02-13,RDOR3,28.68
2025-02-13,RENT3,29.74
2025-02-13,SANB11,25.66
2025-02-13,SBSP3,98.82
2025-02-13,SMFT3,18.6
2025-02-13,SUZB3,59.23
2025-02-13,TAEE11,32.78
2025-02-13,TEND3,15.45
2025-02-13,TIMS3,17.37
2025-02-13,TOTS3,33.96
2025-02-13,UGPA3,16.56
2025-02-13,USIM5,5.87
2025-02-13,VALE3,54.86
2025-02-13,VAMO3,4.58
2025-02-13,VBBR3,17.53
2025-02-13,VIVA3,18.46
2025-02-13,VIVT3,53.54
2025-02-13,WEGE3,52.47
2025-02-13,YDUQ3,11.05
2025-02-14,ABEV3,11.13
2025-02-14,ALOS3,19.5
2025-02-14,ASAI3,7.48
2025-02-14,AURE3,8.47
2025-02-14,AZZA3,32.02
2025-02-14,B3SA3,11.59
2025-02-14,BBAS3,28.75
2025-02-14,BBDC3,11.11
2025-02-14,BBDC4,12.19
2025-02-14,BBSE3,38.88
2025-02-14,BEEF3,4.52
2025-02-14,BPAC11,33.04
2025-02-14,BRAP4,16.93
2025-02-14,BRAV3,20.4
2025-02-14,CCRO3,11.96
2025-02-14,CEAB3,10.3
2025-02-14,CMIG4,11.38
2025-02-14,CMIN3,5.48
2025-02-14,COGN3,1.7
2025-02-14,CPFE3,34.4
2025-02-14,CPLE3,9.29
2025-02-14,CSAN3,7.58
2025-02-14,CSMG3,24.52
2025-02-14,CSNA3,8.74
2025-02-14,CURY3,23.24
2025-02-14,CXSE3,14.67
2025-02-14,CYRE3,21.83
2025-02-14,DIRR3,31.16
2025-02-14,EGIE3,36.58
2025-02-14,ELET3,37.54
2025-02-14,EMBR3,60.35
2025-02-14,ENEV3,12.24
2025-02-14,ENGI11,42.13
2025-02-14,EQTL3,31.43
2025-02-14,FLRY3,12.45
2025-02-14,GGBR4,17.58
2025-02-14,GOAU4,9.73
2025-02-14,HAPV3,2.51
2025-02-14,HYPE3,19.72
2025-02-14,IGTI11,19.55
2025-02-14,ISAE4,23.78
2025-02-14,ITSA4,9.81
2025-02-14,ITUB4,34.77
2025-02-14,KLBN11,21.48
2025-02-14,LREN3,13.65
2025-02-14,MGLU3,7.38
2025-02-14,MRFG3,14.44
2025-02-14,MRVE3,5.8
2025-02-14,MULT3,22.85
2025-02-14,NTCO3,13.53
2025-02-14,PETR3,40.85
2025-02-14,PETR4,37.44
2025-02-14,POMO4,8.46
2025-02-14,PRIO3,39.43
2025-02-14,PSSA3,39.29
2025-02-14,RADL3,20.0
2025-02-14,RAIL3,19.73
2025-02-14,RDOR3,29.47
2025-02-14,RENT3,31.61
2025-02-14,SANB11,26.64
2025-02-14,SBSP3,101.6
2025-02-14,SMFT3,19.37
2025-02-14,SUZB3,58.85
2025-02-14,TAEE11,33.53
2025-02-14,TEND3,16.09
2025-02-14,TIMS3,17.53
2025-02-14,TOTS3,34.4
2025-02-14,UGPA3,17.35
2025-02-14,USIM5,5.98
2025-02-14,VALE3,55.67
2025-02-14,VAMO3,5.0
2025-02-14,VBBR3,18.17
2025-02-14,VIVA3,18.99
2025-02-14,VIVT3,53.85
2025-02-14,WEGE3,53.8
2025-02-14,YDUQ3,11.55
2025-02-17,ABEV3,11.1
2025-02-17,ALOS3,19.84
2025-02-17,ASAI3,7.78
2025-02-17,AURE3,8.82
2025-02-17,AZZA3,31.99
2025-02-17,B3SA3,11.58
2025-02-17,BBAS3,29.16
2025-02-17,BBDC3,11.14
2025-02-17,BBDC4,12.21
2025-02-17,BBSE3,38.0
2025-02-17,BEEF3,4.66
2025-02-17,BPAC11,33.42
2025-02-17,BRAP4,16.84
2025-02-17,BRAV3,20.37
2025-02-17,CCRO3,12.2
2025-02-17,CEAB3,10.64
2025-02-17,CMIG4,11.4
2025-02-17,CMIN3,5.52
2025-02-17,COGN3,1.75
2025-02-17,CPFE3,34.33
2025-02-17,CPLE3,9.24
2025-02-17,CSAN3,7.78
2025-02-17,CSMG3,24.47
2025-02-17,CSNA3,8.79
2025-02-17,CURY3,23.48
2025-02-17,CXSE3,14.9
2025-02-17,CYRE3,22.57
2025-02-17,DIRR3,31.43
2025-02-17,EGIE3,36.47
2025-02-17,ELET3,38.69
2025-02-17,EMBR3,60.47
2025-02-17,ENEV3,12.26
2025-02-17,ENGI11,42.5
2025-02-17,EQTL3,31.8
2025-02-17,FLRY3,12.44
2025-02-17,GGBR4,17.37
2025-02-17,GOAU4,9.63
2025-02-17,HAPV3,2.54
2025-02-17,HYPE3,20.12
2025-02-17,IGTI11,19.9
2025-02-17,ISAE4,23.77
2025-02-17,ITSA4,9.89
2025-02-17,ITUB4,34.84
2025-02-17,KLBN11,21.24
2025-02-17,LREN3,14.11
2025-02-17,MGLU3,7.96
2025-02-17,MRFG3,14.15
2025-02-17,MRVE3,5.96
2025-02-17,MULT3,23.18
2025-02-17,NTCO3,13.97
2025-02-17,PETR3,41.31
2025-02-17,PETR4,37.67
2025-02-17,POMO4,8.28
2025-02-17,PRIO3,39.12
2025-02-17,PSSA3,38.95
2025-02-17,RADL3,19.7
2025-02-17,RAIL3,19.37
2025-02-17,RDOR3,30.16
2025-02-17,RENT3,32.47
2025-02-17,SANB11,26.69
2025-02-17,SBSP3,100.69
2025-02-17,SMFT3,19.9
2025-02-17,SUZB3,57.81
2025-02-17,TAEE11,33.09
2025-02-17,TEND3,16.34
2025-02-17,TIMS3,17.55
2025-02-17,TOTS3,34.51
2025-02-17,UGPA3,17.51
2025-02-17,USIM5,5.95
2025-02-17,VALE3,55.37
2025-02-17,VAMO3,5.29
2025-02-17,VBBR3,18.53
2025-02-17,VIVA3,19.57
2025-02-17,VIVT3,53.42
2025-02-17,WEGE3,52.45
2025-02-17,YDUQ3,12.04
2025-02-18,ABEV3,11.09
2025-02-18,ALOS3,19.53
2025-02-18,ASAI3,7.33
2025-02-18,AURE3,8.73
2025-02-18,AZZA3,32.81
2025-02-18,B3SA3,11.52
2025-02-18,BBAS3,29.45
2025-02-18,BBDC3,11.11
2025-02-18,BBDC4,12.2
2025-02-18,BBSE3,39.7
2025-02-18,BEEF3,4.79
2025-02-18,BPAC11,33.52
2025-02-18,BRAP4,16.88
2025-02-18,BRAV3,20.25
2025-02-18,CCRO3,11.95
2025-02-18,CEAB3,10.34
2025-02-18,CMIG4,11.4
2025-02-18,CMIN3,5.4
2025-02-18,COGN3,1.75
2025-02-18,CPFE3,34.3
2025-02-18,CPLE3,9.17
2025-02-18,CSAN3,7.77
2025-02-18,CSMG3,23.94
2025-02-18,CSNA3,8.89
2025-02-18,CURY3,23.73
2025-02-18,CXSE3,15.12
2025-02-18,CYRE3,22.4
2025-02-18,DIRR3,31.66
2025-02-18,EGIE3,36.55
2025-02-18,ELET3,38.21
2025-02-18,EMBR3,60.48
2025-02-18,ENEV3,12.05
2025-02-18,ENGI11,42.03
2025-02-18,EQTL3,31.32
2025-02-18,FLRY3,12.13
2025-02-18,GGBR4,17.44
2025-02-18,GOAU4,9.62
2025-02-18,HAPV3,2.47
2025-02-18,HYPE3,20.5
2025-02-18,IGTI11,19.74
2025-02-18,ISAE4,23.57
2025-02-18,ITSA4,9.21
2025-02-18,ITUB4,33.2
2025-02-18,KLBN11,21.25
2025-02-18,LREN3,14.05
2025-02-18,MGLU3,7.68
2025-02-18,MRFG3,14.05
2025-02-18,MRVE3,5.9
2025-02-18,MULT3,22.97
2025-02-18,NTCO3,13.65
2025-02-18,PETR3,42.08
2025-02-18,PETR4,38.36
2025-02-18,POMO4,8.34
2025-02-18,PRIO3,39.0
2025-02-18,PSSA3,39.39
2025-02-18,RADL3,19.21
2025-02-18,RAIL3,19.02
2025-02-18,RDOR3,30.0
2025-02-18,RENT3,32.0
2025-02-18,SANB11,26.82
2025-02-18,SBSP3,100.05
2025-02-18,SMFT3,19.83
2025-02-18,SUZB3,57.7
2025-02-18,TAEE11,32.86
2025-02-18,TEND3,16.39
2025-02-18,TIMS3,17.43
2025-02-18,TOTS3,34.3
2025-02-18,UGPA3,17.22
2025-02-18,USIM5,6.04
2025-02-18,VALE3,55.74
2025-02-18,VAMO3,5.31
2025-02-18,VBBR3,18.31
2025-02-18,VIVA3,19.26
2025-02-18,VIVT3,53.61
2025-02-18,WEGE3,52.89
2025-02-18,YDUQ3,11.84
2025-02-19,ABEV3,10.97
2025-02-19,ALOS3,19.24
2025-02-19,ASAI3,7.1
2025-02-19,AURE3,8.66
2025-02-19,AZZA3,31.62
2025-02-19,B3SA3,11.37
2025-02-19,BBAS3,28.86
2025-02-19,BBDC3,10.9
2025-02-19,BBDC4,11.98
2025-02-19,BBSE3,39.74
2025-02-19,BEEF3,4.6
2025-02-19,BPAC11,32.88
2025-02-19,BRAP4,16.85
2025-02-19,BRAV3,19.83
2025-02-19,CCRO3,11.76
2025-02-19,CEAB3,10.05
2025-02-19,CMIG4,11.29
2025-02-19,CMIN3,5.37
2025-02-19,COGN3,1.69
2025-02-19,CPFE3,34.89
2025-02-19,CPLE3,9.17
2025-02-19,CSAN3,7.41
2025-02-19,CSMG3,22.7
2025-02-19,CSNA3,8.76
2025-02-19,CURY3,22.75
2025-02-19,CXSE3,15.28
2025-02-19,CYRE3,22.21
2025-02-19,DIRR3,31.16
2025-02-19,EGIE3,36.16
2025-02-19,ELET3,37.92
2025-02-19,EMBR3,60.88
2025-02-19,ENEV3,11.97
2025-02-19,ENGI11,41.28
2025-02-19,EQTL3,31.17
2025-02-19,FLRY3,11.9
2025-02-19,GGBR4,17.36
2025-02-19,GOAU4,9.56
2025-02-19,HAPV3,2.43
2025-02-19,HYPE3,19.98
2025-02-19,IGTI11,19.13
2025-02-19,ISAE4,23.5
2025-02-19,ITSA4,9.12
2025-02-19,ITUB4,32.89
2025-02-19,KLBN11,21.19
2025-02-19,LREN3,13.54
2025-02-19,MGLU3,7.45
2025-02-19,MRFG3,13.87
2025-02-19,MRVE3,5.64
2025-02-19,MULT3,22.56
2025-02-19,NTCO3,13.69
2025-02-19,PETR3,42.25
2025-02-19,PETR4,38.44
2025-02-19,POMO4,8.1
2025-02-19,PRIO3,39.01
2025-02-19,PSSA3,39.35
2025-02-19,RADL3,18.86
2025-02-19,RAIL3,18.65
2025-02-19,RDOR3,29.4
2025-02-19,RENT3,30.45
2025-02-19,SANB11,26.3
2025-02-19,SBSP3,99.02
2025-02-19,SMFT3,19.55
2025-02-19,SUZB3,58.07
2025-02-19,TAEE11,32.82
2025-02-19,TEND3,16.21
2025-02-19,TIMS3,17.19
2025-02-19,TOTS3,34.04
2025-02-19,UGPA3,16.77
2025-02-19,USIM5,6.07
2025-02-19,VALE3,55.69
2025-02-19,VAMO3,5.03
2025-02-19,VBBR3,17.81
2025-02-19,VIVA3,18.87
2025-02-19,VIVT3,52.73
2025-02-19,WEGE3,52.21
2025-02-19,YDUQ3,11.43
2025-02-20,ABEV3,11.04
2025-02-20,ALOS3,19.18
2025-02-20,ASAI3,6.98
2025-02-20,AURE3,8.85
2025-02-20,AZZA3,31.8
2025-02-20,B3SA3,11.29
2025-02-20,BBAS3,28.0
2025-02-20,BBDC3,10.91
2025-02-20,BBDC4,11.95
2025-02-20,BBSE3,39.86
2025-02-20,BEEF3,4.54
2025-02-20,BPAC11,33.3
2025-02-20,BRAP4,17.29
2025-02-20,BRAV3,19.48
2025-02-20,CCRO3,11.77
2025-02-20,CEAB3,10.0
2025-02-20,CMIG4,11.2
2025-02-20,CMIN3,5.36
2025-02-20,COGN3,1.7
2025-02-20,CPFE3,35.2
2025-02-20,CPLE3,9.18
2025-02-20,CSAN3,7.47
2025-02-20,CSMG3,23.04
2025-02-20,CSNA3,8.84
2025-02-20,CURY3,22.76
2025-02-20,CXSE3,15.43
2025-02-20,CYRE3,22.26
2025-02-20,DIRR3,31.17
2025-02-20,EGIE3,36.52
2025-02-20,ELET3,37.66
2025-02-20,EMBR3,61.23
2025-02-20,ENEV3,12.26
2025-02-20,ENGI11,41.05
2025-02-20,EQTL3,31.1
2025-02-20,FLRY3,11.88
2025-02-20,GGBR4,16.43
2025-02-20,GOAU4,9.09
2025-02-20,HAPV3,2.44
2025-02-20,HYPE3,20.01
2025-02-20,IGTI11,19.4
2025-02-20,ISAE4,23.45
2025-02-20,ITSA4,9.09
2025-02-20,ITUB4,32.8
2025-02-20,KLBN11,20.93
2025-02-20,LREN3,13.71
2025-02-20,MGLU3,7.37
2025-02-20,MRFG3,13.57
2025-02-20,MRVE3,5.69
2025-02-20,MULT3,22.48
2025-02-20,NTCO3,13.99
2025-02-20,PETR3,42.5
2025-02-20,PETR4,38.5
2025-02-20,POMO4,8.09
2025-02-20,PRIO3,38.53
2025-02-20,PSSA3,39.14
2025-02-20,RADL3,19.36
2025-02-20,RAIL3,18.49
2025-02-20,RDOR3,30.08
2025-02-20,RENT3,30.35
2025-02-20,SANB11,26.33
2025-02-20,SBSP3,98.64
2025-02-20,SMFT3,19.69
2025-02-20,SUZB3,57.67
2025-02-20,TAEE11,32.66
2025-02-20,TEND3,16.48
2025-02-20,TIMS3,17.09
2025-02-20,TOTS3,35.09
2025-02-20,UGPA3,16.4
2025-02-20,USIM5,6.13
2025-02-20,VALE3,57.74
2025-02-20,VAMO3,4.75
2025-02-20,VBBR3,17.66
2025-02-20,VIVA3,19.23
2025-02-20,VIVT3,52.25
2025-02-20,WEGE3,52.1
2025-02-20,YDUQ3,11.72
2025-02-21,ABEV3,11.12
2025-02-21,ALOS3,19.16
2025-02-21,ASAI3,6.94
2025-02-21,AURE3,8.82
2025-02-21,AZZA3,31.0
2025-02-21,B3SA3,11.22
2025-02-21,BBAS3,27.98
2025-02-21,BBDC3,10.88
2025-02-21,BBDC4,11.84
2025-02-21,BBSE3,37.03
2025-02-21,BEEF3,4.55
2025-02-21,BPAC11,33.31
2025-02-21,BRAP4,17.46
2025-02-21,BRAV3,19.17
2025-02-21,CCRO3,11.79
2025-02-21,CEAB3,9.79
2025-02-21,CMIG4,11.25
2025-02-21,CMIN3,5.38
2025-02-21,COGN3,1.7
2025-02-21,CPFE3,35.03
2025-02-21,CPLE3,9.18
2025-02-21,CSAN3,7.29
2025-02-21,CSMG3,23.2
2025-02-21,CSNA3,8.7
2025-02-21,CURY3,23.75
2025-02-21,CXSE3,15.64
2025-02-21,CYRE3,22.46
2025-02-21,DIRR3,32.4
2025-02-21,EGIE3,36.58
2025-02-21,ELET3,37.59
2025-02-21,EMBR3,58.98
2025-02-21,ENEV3,12.16
2025-02-21,ENGI11,41.69
2025-02-21,EQTL3,31.19
2025-02-21,FLRY3,11.74
2025-02-21,GGBR4,16.22
2025-02-21,GOAU4,8.95
2025-02-21,HAPV3,2.36
2025-02-21,HYPE3,19.52
2025-02-21,IGTI11,19.43
2025-02-21,ISAE4,23.66
2025-02-21,ITSA4,9.08
2025-02-21,ITUB4,32.7
2025-02-21,KLBN11,20.93
2025-02-21,LREN3,11.79
2025-02-21,MGLU3,7.28
2025-02-21,MRFG3,13.79
2025-02-21,MRVE3,5.74
2025-02-21,MULT3,22.19
2025-02-21,NTCO3,13.86
2025-02-21,PETR3,42.26
2025-02-21,PETR4,38.39
2025-02-21,POMO4,8.05
2025-02-21,PRIO3,37.7
2025-02-21,PSSA3,38.84
2025-02-21,RADL3,19.06
2025-02-21,RAIL3,18.07
2025-02-21,RDOR3,29.68
2025-02-21,RENT3,29.24
2025-02-21,SANB11,26.15
2025-02-21,SBSP3,98.55
2025-02-21,SMFT3,19.44
2025-02-21,SUZB3,57.5
2025-02-21,TAEE11,32.89
2025-02-21,TEND3,16.98
2025-02-21,TIMS3,17.19
2025-02-21,TOTS3,35.06
2025-02-21,UGPA3,16.4
2025-02-21,USIM5,5.98
2025-02-21,VALE3,58.16
2025-02-21,VAMO3,4.62
2025-02-21,VBBR3,17.58
2025-02-21,VIVA3,19.16
2025-02-21,VIVT3,52.74
2025-02-21,WEGE3,52.95
2025-02-21,YDUQ3,11.61
2025-02-24,ABEV3,11.03
2025-02-24,ALOS3,18.46
2025-02-24,ASAI3,6.8
2025-02-24,AURE3,8.68
2025-02-24,AZZA3,28.69
2025-02-24,B3SA3,10.84
2025-02-24,BBAS3,27.81
2025-02-24,BBDC3,10.69
2025-02-24,BBDC4,11.63
2025-02-24,BBSE3,37.49
2025-02-24,BEEF3,4.37
2025-02-24,BPAC11,32.64
2025-02-24,BRAP4,17.33
2025-02-24,BRAV3,18.96
2025-02-24,CCRO3,11.72
2025-02-24,CEAB3,9.19
2025-02-24,CMIG4,11.19
2025-02-24,CMIN3,5.28
2025-02-24,COGN3,1.66
2025-02-24,CPFE3,35.11
2025-02-24,CPLE3,9.09
2025-02-24,CSAN3,6.96
2025-02-24,CSMG3,22.51
2025-02-24,CSNA3,8.46
2025-02-24,CURY3,22.74
2025-02-24,CXSE3,15.53
2025-02-24,CYRE3,21.66
2025-02-24,DIRR3,30.87
2025-02-24,EGIE3,36.6
2025-02-24,ELET3,37.08
2025-02-24,EMBR3,59.89
2025-02-24,ENEV3,11.92
2025-02-24,ENGI11,40.51
2025-02-24,EQTL3,30.34
2025-02-24,FLRY3,11.68
2025-02-24,GGBR4,16.27
2025-02-24,GOAU4,8.93
2025-02-24,HAPV3,2.23
2025-02-24,HYPE3,19.2
2025-02-24,IGTI11,18.3
2025-02-24,ISAE4,23.42
2025-02-24,ITSA4,8.98
2025-02-24,ITUB4,32.52
2025-02-24,KLBN11,20.94
2025-02-24,LREN3,11.2
2025-02-24,MGLU3,6.87
2025-02-24,MRFG3,13.46
2025-02-24,MRVE3,5.35
2025-02-24,MULT3,21.75
2025-02-24,NTCO3,13.5
2025-02-24,PETR3,41.98
2025-02-24,PETR4,38.12
2025-02-24,POMO4,8.04
2025-02-24,PRIO3,36.73
2025-02-24,PSSA3,38.32
2025-02-24,RADL3,18.9
2025-02-24,RAIL3,18.0
2025-02-24,RDOR3,28.28
2025-02-24,RENT3,27.87
2025-02-24,SANB11,26.3
2025-02-24,SBSP3,97.03
2025-02-24,SMFT3,18.66
2025-02-24,SUZB3,57.03
2025-02-24,TAEE11,32.77
2025-02-24,TEND3,16.08
2025-02-24,TIMS3,17.08
2025-02-24,TOTS3,34.33
2025-02-24,UGPA3,16.28
2025-02-24,USIM5,5.82
2025-02-24,VALE3,57.63
2025-02-24,VAMO3,4.3
2025-02-24,VBBR3,17.22
2025-02-24,VIVA3,18.31
2025-02-24,VIVT3,52.9
2025-02-24,WEGE3,51.55
2025-02-24,YDUQ3,11.32
2025-02-25,ABEV3,11.09
2025-02-25,ALOS3,18.62
2025-02-25,ASAI3,7.12
2025-02-25,AURE3,8.44
2025-02-25,AZZA3,27.72
2025-02-25,B3SA3,10.8
2025-02-25,BBAS3,28.23
2025-02-25,BBDC3,10.78
2025-02-25,BBDC4,11.77
2025-02-25,BBSE3,37.44
2025-02-25,BEEF3,4.35
2025-02-25,BPAC11,32.43
2025-02-25,BRAP4,17.17
2025-02-25,BRAV3,18.65
2025-02-25,CCRO3,12.15
2025-02-25,CEAB3,9.17
2025-02-25,CMIG4,11.39
2025-02-25,CMIN3,5.35
2025-02-25,COGN3,1.59
2025-02-25,CPFE3,35.42
2025-02-25,CPLE3,9.23
2025-02-25,CSAN3,7.12
2025-02-25,CSMG3,22.76
2025-02-25,CSNA3,8.54
2025-02-25,CURY3,22.3
2025-02-25,CXSE3,15.46
2025-02-25,CYRE3,21.8
2025-02-25,DIRR3,30.52
2025-02-25,EGIE3,36.94
2025-02-25,ELET3,37.63
2025-02-25,EMBR3,60.62
2025-02-25,ENEV3,12.21
2025-02-25,ENGI11,41.78
2025-02-25,EQTL3,31.0
2025-02-25,FLRY3,11.43
2025-02-25,GGBR4,16.32
2025-02-25,GOAU4,8.93
2025-02-25,HAPV3,2.13
2025-02-25,HYPE3,19.2
2025-02-25,IGTI11,18.3
2025-02-25,ISAE4,23.86
2025-02-25,ITSA4,9.03
2025-02-25,ITUB4,32.85
2025-02-25,KLBN11,20.83
2025-02-25,LREN3,11.31
2025-02-25,MGLU3,7.38
2025-02-25,MRFG3,13.72
2025-02-25,MRVE3,5.1
2025-02-25,MULT3,21.86
2025-02-25,NTCO3,13.29
2025-02-25,PETR3,41.62
2025-02-25,PETR4,37.95
2025-02-25,POMO4,7.7
2025-02-25,PRIO3,36.66
2025-02-25,PSSA3,38.73
2025-02-25,RADL3,18.41
2025-02-25,RAIL3,17.98
2025-02-25,RDOR3,28.66
2025-02-25,RENT3,28.34
2025-02-25,SANB11,26.49
2025-02-25,SBSP3,97.9
2025-02-25,SMFT3,18.51
2025-02-25,SUZB3,56.84
2025-02-25,TAEE11,33.21
2025-02-25,TEND3,16.16
2025-02-25,TIMS3,17.1
2025-02-25,TOTS3,35.48
2025-02-25,UGPA3,16.6
2025-02-25,USIM5,5.91
2025-02-25,VALE3,57.07
2025-02-25,VAMO3,4.28
2025-02-25,VBBR3,18.2
2025-02-25,VIVA3,18.11
2025-02-25,VIVT3,53.49
2025-02-25,WEGE3,52.4
2025-02-25,YDUQ3,10.82
2025-02-26,ABEV3,11.7
2025-02-26,ALOS3,18.41
2025-02-26,ASAI3,7.04
2025-02-26,AURE3,8.07
2025-02-26,AZZA3,26.79
2025-02-26,B3SA3,10.64
2025-02-26,BBAS3,28.07
2025-02-26,BBDC3,10.65
2025-02-26,BBDC4,11.54
2025-02-26,BBSE3,37.53
2025-02-26,BEEF3,4.29
2025-02-26,BPAC11,32.39
2025-02-26,BRAP4,17.12
2025-02-26,BRAV3,18.28
2025-02-26,CCRO3,11.98
2025-02-26,CEAB3,8.95
2025-02-26,CMIG4,11.29
2025-02-26,CMIN3,5.36
2025-02-26,COGN3,1.56
2025-02-26,CPFE3,35.66
2025-02-26,CPLE3,9.13
2025-02-26,CSAN3,7.0
2025-02-26,CSMG3,22.76
2025-02-26,CSNA3,8.7
2025-02-26,CURY3,21.8
2025-02-26,CXSE3,15.16
2025-02-26,CYRE3,21.36
2025-02-26,DIRR3,29.45
2025-02-26,EGIE3,37.2
2025-02-26,ELET3,37.45
2025-02-26,EMBR3,61.45
2025-02-26,ENEV3,11.9
2025-02-26,ENGI11,39.07
2025-02-26,EQTL3,30.42
2025-02-26,FLRY3,11.18
2025-02-26,GGBR4,16.65
2025-02-26,GOAU4,9.12
2025-02-26,HAPV3,2.1
2025-02-26,HYPE3,19.25
2025-02-26,IGTI11,17.91
2025-02-26,ISAE4,23.38
2025-02-26,ITSA4,8.99
2025-02-26,ITUB4,32.77
2025-02-26,KLBN11,20.51
2025-02-26,LREN3,10.81
2025-02-26,MGLU3,7.36
2025-02-26,MRFG3,13.93
2025-02-26,MRVE3,4.7
2025-02-26,MULT3,21.45
2025-02-26,NTCO3,13.23
2025-02-26,PETR3,41.55
2025-02-26,PETR4,37.95
2025-02-26,POMO4,7.64
2025-02-26,PRIO3,36.17
2025-02-26,PSSA3,38.32
2025-02-26,RADL3,18.29
2025-02-26,RAIL3,17.4
2025-02-26,RDOR3,28.3
2025-02-26,RENT3,27.64
2025-02-26,SANB11,26.54
2025-02-26,SBSP3,96.3
2025-02-26,SMFT3,18.15
2025-02-26,SUZB3,57.04
2025-02-26,TAEE11,33.02
2025-02-26,TEND3,15.34
2025-02-26,TIMS3,16.4
2025-02-26,TOTS3,35.81
2025-02-26,UGPA3,16.23
2025-02-26,USIM5,5.97
2025-02-26,VALE3,56.72
2025-02-26,VAMO3,4.14
2025-02-26,VBBR3,17.24
2025-02-26,VIVA3,17.65
2025-02-26,VIVT3,49.72
2025-02-26,WEGE3,47.85
2025-02-26,YDUQ3,10.53
2025-02-27,ABEV3,12.32
2025-02-27,ALOS3,18.28
2025-02-27,ASAI3,6.87
2025-02-27,AURE3,7.96
2025-02-27,AZZA3,27.07
2025-02-27,B3SA3,10.7
2025-02-27,BBAS3,27.96
2025-02-27,BBDC3,10.58
2025-02-27,BBDC4,11.47
2025-02-27,BBSE3,38.45
2025-02-27,BEEF3,4.5
2025-02-27,BPAC11,32.04
2025-02-27,BRAP4,16.95
2025-02-27,BRAV3,18.7
2025-02-27,CCRO3,12.05
2025-02-27,CEAB3,9.86
2025-02-27,CMIG4,11.26
2025-02-27,CMIN3,5.32
2025-02-27,COGN3,1.55
2025-02-27,CPFE3,35.03
2025-02-27,CPLE3,9.14
2025-02-27,CSAN3,7.24
2025-02-27,CSMG3,22.72
2025-02-27,CSNA3,8.67
2025-02-27,CURY3,21.95
2025-02-27,CXSE3,15.25
2025-02-27,CYRE3,21.32
2025-02-27,DIRR3,29.93
2025-02-27,EGIE3,37.04
2025-02-27,ELET3,37.25
2025-02-27,EMBR3,68.9
2025-02-27,ENEV3,12.01
2025-02-27,ENGI11,38.77
2025-02-27,EQTL3,30.33
2025-02-27,FLRY3,11.12
2025-02-27,GGBR4,16.85
2025-02-27,GOAU4,9.21
2025-02-27,HAPV3,2.12
2025-02-27,HYPE3,19.26
2025-02-27,IGTI11,18.24
2025-02-27,ISAE4,23.44
2025-02-27,ITSA4,9.02
2025-02-27,ITUB4,32.74
2025-02-27,KLBN11,20.56
2025-02-27,LREN3,11.28
2025-02-27,MGLU3,7.31
2025-02-27,MRFG3,15.17
2025-02-27,MRVE3,4.71
2025-02-27,MULT3,21.54
2025-02-27,NTCO3,13.43
2025-02-27,PETR3,39.24
2025-02-27,PETR4,36.61
2025-02-27,POMO4,7.15
2025-02-27,PRIO3,38.2
2025-02-27,PSSA3,38.68
2025-02-27,RADL3,18.45
2025-02-27,RAIL3,17.45
2025-02-27,RDOR3,28.0
2025-02-27,RENT3,27.6
2025-02-27,SANB11,26.27
2025-02-27,SBSP3,95.82
2025-02-27,SMFT3,18.17
2025-02-27,SUZB3,57.17
2025-02-27,TAEE11,32.97
2025-02-27,TEND3,15.43
2025-02-27,TIMS3,16.66
2025-02-27,TOTS3,35.81
2025-02-27,UGPA3,17.1
2025-02-27,USIM5,5.96
2025-02-27,VALE3,56.3
2025-02-27,VAMO3,4.08
2025-02-27,VBBR3,17.59
2025-02-27,VIVA3,17.72
2025-02-27,VIVT3,50.23
2025-02-27,WEGE3,48.9
2025-02-27,YDUQ3,10.97
2025-02-28,ABEV3,12.22
2025-02-28,ALOS3,18.09
2025-02-28,ASAI3,6.67
2025-02-28,AURE3,7.79
2025-02-28,AZZA3,26.0
2025-02-28,B3SA3,10.4
2025-02-28,BBAS3,27.31
2025-02-28,BBDC3,10.36
2025-02-28,BBDC4,11.24
2025-02-28,BBSE3,37.84
2025-02-28,BEEF3,4.42
2025-02-28,BPAC11,31.58
2025-02-28,BRAP4,16.6
2025-02-28,BRAV3,18.01
2025-02-28,CCRO3,11.7
2025-02-28,CEAB3,9.87
2025-02-28,CMIG4,11.13
2025-02-28,CMIN3,5.1
2025-02-28,COGN3,1.52
2025-02-28,CPFE3,35.08
2025-02-28,CPLE3,8.91
2025-02-28,CSAN3,7.09
2025-02-28,CSMG3,23.27
2025-02-28,CSNA3,8.52
2025-02-28,CURY3,21.21
2025-02-28,CXSE3,15.2
2025-02-28,CYRE3,20.75
2025-02-28,DIRR3,29.35
2025-02-28,EGIE3,37.17
2025-02-28,ELET3,38.22
2025-02-28,EMBR3,69.72
2025-02-28,ENEV3,11.78
2025-02-28,ENGI11,38.06
2025-02-28,EQTL3,30.06
2025-02-28,FLRY3,11.09
2025-02-28,GGBR4,16.66
2025-02-28,GOAU4,9.17
2025-02-28,HAPV3,2.11
2025-02-28,HYPE3,19.05
2025-02-28,IGTI11,17.66
2025-02-28,ISAE4,23.2
2025-02-28,ITSA4,8.79
2025-02-28,ITUB4,31.94
2025-02-28,KLBN11,19.77
2025-02-28,LREN3,11.33
2025-02-28,MGLU3,7.15
2025-02-28,MRFG3,13.63
2025-02-28,MRVE3,4.51
2025-02-28,MULT3,20.95
2025-02-28,NTCO3,12.93
2025-02-28,PETR3,39.05
2025-02-28,PETR4,35.93
2025-02-28,POMO4,7.35
2025-02-28,PRIO3,38.17
2025-02-28,PSSA3,38.02
2025-02-28,RADL3,17.38
2025-02-28,RAIL3,16.93
2025-02-28,RDOR3,27.19
2025-02-28,RENT3,28.1
2025-02-28,SANB11,25.19
2025-02-28,SBSP3,94.98
2025-02-28,SMFT3,17.84
2025-02-28,SUZB3,56.31
2025-02-28,TAEE11,32.79
2025-02-28,TEND3,14.73
2025-02-28,TIMS3,16.17
2025-02-28,TOTS3,34.96
2025-02-28,UGPA3,16.63
2025-02-28,USIM5,5.71
2025-02-28,VALE3,55.15
2025-02-28,VAMO3,3.81
2025-02-28,VBBR3,17.02
2025-02-28,VIVA3,17.06
2025-02-28,VIVT3,48.34
2025-02-28,WEGE3,48.42
2025-02-28,YDUQ3,10.4
2025-03-05,ABEV3,12.78
2025-03-05,ALOS3,17.8
2025-03-05,ASAI3,6.57
2025-03-05,AURE3,7.87
2025-03-05,AZZA3,25.75
2025-03-05,B3SA3,10.53
2025-03-05,BBAS3,27.77
2025-03-05,BBDC3,10.55
2025-03-05,BBDC4,11.47
2025-03-05,BBSE3,38.7
2025-03-05,BEEF3,4.62
2025-03-05,BPAC11,31.94
2025-03-05,BRAP4,16.76
2025-03-05,BRAV3,16.52
2025-03-05,CCRO3,11.7
2025-03-05,CEAB3,9.66
2025-03-05,CMIG4,11.16
2025-03-05,CMIN3,5.29
2025-03-05,COGN3,1.56
2025-03-05,CPFE3,35.4
2025-03-05,CPLE3,8.84
2025-03-05,CSAN3,7.11
2025-03-05,CSMG3,23.08
2025-03-05,CSNA3,8.5
2025-03-05,CURY3,21.31
2025-03-05,CXSE3,15.83
2025-03-05,CYRE3,20.88
2025-03-05,DIRR3,29.6
2025-03-05,EGIE3,37.03
2025-03-05,ELET3,38.24
2025-03-05,EMBR3,75.85
2025-03-05,ENEV3,11.7
2025-03-05,ENGI11,37.83
2025-03-05,EQTL3,29.69
2025-03-05,FLRY3,11.39
2025-03-05,GGBR4,16.72
2025-03-05,GOAU4,9.19
2025-03-05,HAPV3,2.13
2025-03-05,HYPE3,19.6
2025-03-05,IGTI11,17.45
2025-03-05,ISAE4,23.41
2025-03-05,ITSA4,8.83
2025-03-05,ITUB4,32.4
2025-03-05,KLBN11,19.66
2025-03-05,LREN3,11.2
2025-03-05,MGLU3,7.28
2025-03-05,MRFG3,14.59
2025-03-05,MRVE3,4.48
2025-03-05,MULT3,20.75
2025-03-05,NTCO3,12.7
2025-03-05,PETR3,37.25
2025-03-05,PETR4,34.62
2025-03-05,POMO4,7.44
2025-03-05,PRIO3,37.37
2025-03-05,PSSA3,38.42
2025-03-05,RADL3,17.83
2025-03-05,RAIL3,17.47
2025-03-05,RDOR3,26.98
2025-03-05,RENT3,28.1
2025-03-05,SANB11,25.55
2025-03-05,SBSP3,94.11
2025-03-05,SMFT3,17.97
2025-03-05,SUZB3,55.37
2025-03-05,TAEE11,33.09
2025-03-05,TEND3,14.42
2025-03-05,TIMS3,16.32
2025-03-05,TOTS3,34.7
2025-03-05,UGPA3,16.0
2025-03-05,USIM5,5.85
2025-03-05,VALE3,55.59
2025-03-05,VAMO3,3.7
2025-03-05,VBBR3,16.4
2025-03-05,VIVA3,16.65
2025-03-05,VIVT3,48.73
2025-03-05,WEGE3,47.65
2025-03-05,YDUQ3,10.6
2025-03-06,ABEV3,12.85
2025-03-06,ALOS3,18.13
2025-03-06,ASAI3,6.44
2025-03-06,AURE3,7.89
2025-03-06,AZZA3,25.83
2025-03-06,B3SA3,10.64
2025-03-06,BBAS3,27.73
2025-03-06,BBDC3,10.62
2025-03-06,BBDC4,11.55
2025-03-06,BBSE3,39.05
2025-03-06,BEEF3,4.76
2025-03-06,BPAC11,31.45
2025-03-06,BRAP4,16.85
2025-03-06,BRAV3,16.08
2025-03-06,CCRO3,11.68
2025-03-06,CEAB3,9.64
2025-03-06,CMIG4,11.32
2025-03-06,CMIN3,5.48
2025-03-06,COGN3,1.57
2025-03-06,CPFE3,37.18
2025-03-06,CPLE3,8.75
2025-03-06,CSAN3,7.06
2025-03-06,CSMG3,22.51
2025-03-06,CSNA3,8.67
2025-03-06,CURY3,21.83
2025-03-06,CXSE3,15.95
2025-03-06,CYRE3,21.1
2025-03-06,DIRR3,30.09
2025-03-06,EGIE3,37.36
2025-03-06,ELET3,38.67
2025-03-06,EMBR3,74.72
2025-03-06,ENEV3,11.94
2025-03-06,ENGI11,38.21
2025-03-06,EQTL3,30.22
2025-03-06,FLRY3,11.6
2025-03-06,GGBR4,16.82
2025-03-06,GOAU4,9.19
2025-03-06,HAPV3,2.08
2025-03-06,HYPE3,19.67
2025-03-06,IGTI11,17.55
2025-03-06,ISAE4,23.41
2025-03-06,ITSA4,8.87
2025-03-06,ITUB4,32.46
2025-03-06,KLBN11,19.93
2025-03-06,LREN3,11.42
2025-03-06,MGLU3,7.11
2025-03-06,MRFG3,14.19
2025-03-06,MRVE3,4.53
2025-03-06,MULT3,21.2
2025-03-06,NTCO3,13.44
2025-03-06,PETR3,36.97
2025-03-06,PETR4,34.26
2025-03-06,POMO4,6.8
2025-03-06,PRIO3,37.48
2025-03-06,PSSA3,37.59
2025-03-06,RADL3,17.81
2025-03-06,RAIL3,17.96
2025-03-06,RDOR3,27.03
2025-03-06,RENT3,28.32
2025-03-06,SANB11,25.32
2025-03-06,SBSP3,94.16
2025-03-06,SMFT3,18.39
2025-03-06,SUZB3,55.16
2025-03-06,TAEE11,32.97
2025-03-06,TEND3,14.65
2025-03-06,TIMS3,16.41
2025-03-06,TOTS3,34.79
2025-03-06,UGPA3,16.0
2025-03-06,USIM5,5.92
2025-03-06,VALE3,56.2
2025-03-06,VAMO3,3.65
2025-03-06,VBBR3,16.32
2025-03-06,VIVA3,16.84
2025-03-06,VIVT3,49.0
2025-03-06,WEGE3,47.28
2025-03-06,YDUQ3,10.67
2025-03-07,ABEV3,13.1
2025-03-07,ALOS3,18.35
2025-03-07,ASAI3,6.8
2025-03-07,AURE3,8.05
2025-03-07,AZZA3,26.6
2025-03-07,B3SA3,10.7
2025-03-07,BBAS3,28.06
2025-03-07,BBDC3,10.74
2025-03-07,BBDC4,11.69
2025-03-07,BBSE3,39.02
2025-03-07,BEEF3,4.79
2025-03-07,BPAC11,32.08
2025-03-07,BRAP4,17.14
2025-03-07,BRAV3,17.82
2025-03-07,CCRO3,11.81
2025-03-07,CEAB3,10.52
2025-03-07,CMIG4,11.36
2025-03-07,CMIN3,5.49
2025-03-07,COGN3,1.65
2025-03-07,CPFE3,37.7
2025-03-07,CPLE3,8.9
2025-03-07,CSAN3,7.27
2025-03-07,CSMG3,22.84
2025-03-07,CSNA3,8.8
2025-03-07,CURY3,22.16
2025-03-07,CXSE3,15.99
2025-03-07,CYRE3,21.75
2025-03-07,DIRR3,30.42
2025-03-07,EGIE3,37.77
2025-03-07,ELET3,38.98
2025-03-07,EMBR3,73.68
2025-03-07,ENEV3,12.13
2025-03-07,ENGI11,39.22
2025-03-07,EQTL3,30.8
2025-03-07,FLRY3,11.06
2025-03-07,GGBR4,16.96
2025-03-07,GOAU4,9.22
2025-03-07,HAPV3,2.17
2025-03-07,HYPE3,19.54
2025-03-07,IGTI11,18.02
2025-03-07,ISAE4,23.55
2025-03-07,ITSA4,8.96
2025-03-07,ITUB4,32.6
2025-03-07,KLBN11,19.91
2025-03-07,LREN3,11.92
2025-03-07,MGLU3,7.86
2025-03-07,MRFG3,14.85
2025-03-07,MRVE3,4.77
2025-03-07,MULT3,21.59
2025-03-07,NTCO3,13.37
2025-03-07,PETR3,37.42
2025-03-07,PETR4,34.63
2025-03-07,POMO4,7.22
2025-03-07,PRIO3,38.32
2025-03-07,PSSA3,37.67
2025-03-07,RADL3,17.81
2025-03-07,RAIL3,17.87
2025-03-07,RDOR3,28.14
2025-03-07,RENT3,29.82
2025-03-07,SANB11,25.94
2025-03-07,SBSP3,96.19
2025-03-07,SMFT3,18.92
2025-03-07,SUZB3,55.34
2025-03-07,TAEE11,33.24
2025-03-07,TEND3,14.78
2025-03-07,TIMS3,16.8
2025-03-07,TOTS3,34.12
2025-03-07,UGPA3,15.98
2025-03-07,USIM5,6.02
2025-03-07,VALE3,57.02
2025-03-07,VAMO3,3.82
2025-03-07,VBBR3,16.67
2025-03-07,VIVA3,17.79
2025-03-07,VIVT3,49.47
2025-03-07,WEGE3,47.89
2025-03-07,YDUQ3,11.07
2025-03-10,ABEV3,13.12
2025-03-10,ALOS3,18.31
2025-03-10,ASAI3,7.07
2025-03-10,AURE3,7.76
2025-03-10,AZZA3,26.28
2025-03-10,B3SA3,10.47
2025-03-10,BBAS3,27.97
2025-03-10,BBDC3,10.62
2025-03-10,BBDC4,11.52
2025-03-10,BBSE3,38.94
2025-03-10,BEEF3,4.79
2025-03-10,BPAC11,31.88
2025-03-10,BRAP4,16.86
2025-03-10,BRAV3,16.8
2025-03-10,CCRO3,11.61
2025-03-10,CEAB3,10.42
2025-03-10,CMIG4,11.14
2025-03-10,CMIN3,5.44
2025-03-10,COGN3,1.65
2025-03-10,CPFE3,38.0
2025-03-10,CPLE3,8.9
2025-03-10,CSAN3,7.09
2025-03-10,CSMG3,22.75
2025-03-10,CSNA3,8.66
2025-03-10,CURY3,22.01
2025-03-10,CXSE3,15.34
2025-03-10,CYRE3,21.64
2025-03-10,DIRR3,30.13
2025-03-10,EGIE3,37.8
2025-03-10,ELET3,39.27
2025-03-10,EMBR3,74.25
2025-03-10,ENEV3,12.08
2025-03-10,ENGI11,39.07
2025-03-10,EQTL3,31.2
2025-03-10,FLRY3,11.01
2025-03-10,GGBR4,16.86
2025-03-10,GOAU4,9.2
2025-03-10,HAPV3,2.05
2025-03-10,HYPE3,19.03
2025-03-10,IGTI11,17.92
2025-03-10,ISAE4,23.82
2025-03-10,ITSA4,8.96
2025-03-10,ITUB4,32.89
2025-03-10,KLBN11,19.82
2025-03-10,LREN3,11.86
2025-03-10,MGLU3,8.25
2025-03-10,MRFG3,15.04
2025-03-10,MRVE3,4.71
2025-03-10,MULT3,21.47
2025-03-10,NTCO3,13.06
2025-03-10,PETR3,37.35
2025-03-10,PETR4,34.62
2025-03-10,POMO4,6.95
2025-03-10,PRIO3,37.53
2025-03-10,PSSA3,37.4
2025-03-10,RADL3,17.83
2025-03-10,RAIL3,17.34
2025-03-10,RDOR3,27.63
2025-03-10,RENT3,29.75
2025-03-10,SANB11,25.57
2025-03-10,SBSP3,96.84
2025-03-10,SMFT3,18.8
2025-03-10,SUZB3,55.59
2025-03-10,TAEE11,33.52
2025-03-10,TEND3,14.57
2025-03-10,TIMS3,16.99
2025-03-10,TOTS3,34.24
2025-03-10,UGPA3,15.8
2025-03-10,USIM5,5.96
2025-03-10,VALE3,53.99
2025-03-10,VAMO3,3.75
2025-03-10,VBBR3,16.5
2025-03-10,VIVA3,17.72
2025-03-10,VIVT3,49.89
2025-03-10,WEGE3,47.68
2025-03-10,YDUQ3,10.79
2025-03-11,ABEV3,12.86
2025-03-11,ALOS3,18.1
2025-03-11,ASAI3,7.1
2025-03-11,AURE3,7.5
2025-03-11,AZZA3,26.43
2025-03-11,B3SA3,10.4
2025-03-11,BBAS3,27.72
2025-03-11,BBDC3,10.51
2025-03-11,BBDC4,11.45
2025-03-11,BBSE3,38.58
2025-03-11,BEEF3,4.7
2025-03-11,BPAC11,31.93
2025-03-11,BRAP4,16.97
2025-03-11,BRAV3,16.66
2025-03-11,CCRO3,11.53
2025-03-11,CEAB3,10.36
2025-03-11,CMIG4,11.17
2025-03-11,CMIN3,5.27
2025-03-11,COGN3,1.65
2025-03-11,CPFE3,39.15
2025-03-11,CPLE3,8.96
2025-03-11,CSAN3,6.98
2025-03-11,CSMG3,22.61
2025-03-11,CSNA3,8.44
2025-03-11,CURY3,21.49
2025-03-11,CXSE3,15.19
2025-03-11,CYRE3,21.56
2025-03-11,DIRR3,29.08
2025-03-11,EGIE3,37.16
2025-03-11,ELET3,38.99
2025-03-11,EMBR3,73.22
2025-03-11,ENEV3,12.16
2025-03-11,ENGI11,38.98
2025-03-11,EQTL3,31.15
2025-03-11,FLRY3,10.71
2025-03-11,GGBR4,16.8
2025-03-11,GOAU4,9.16
2025-03-11,HAPV3,2.06
2025-03-11,HYPE3,19.2
2025-03-11,IGTI11,17.44
2025-03-11,ISAE4,23.39
2025-03-11,ITSA4,8.87
2025-03-11,ITUB4,32.6
2025-03-11,KLBN11,19.41
2025-03-11,LREN3,11.7
2025-03-11,MGLU3,8.3
2025-03-11,MRFG3,14.57
2025-03-11,MRVE3,4.62
2025-03-11,MULT3,21.4
2025-03-11,NTCO3,13.02
2025-03-11,PETR3,36.58
2025-03-11,PETR4,34.1
2025-03-11,POMO4,6.64
2025-03-11,PRIO3,37.16
2025-03-11,PSSA3,37.29
2025-03-11,RADL3,17.69
2025-03-11,RAIL3,17.39
2025-03-11,RDOR3,26.8
2025-03-11,RENT3,30.02
2025-03-11,SANB11,25.03
2025-03-11,SBSP3,95.94
2025-03-11,SMFT3,18.98
2025-03-11,SUZB3,55.13
2025-03-11,TAEE11,33.3
2025-03-11,TEND3,14.01
2025-03-11,TIMS3,16.57
2025-03-11,TOTS3,33.5
2025-03-11,UGPA3,15.39
2025-03-11,USIM5,5.88
2025-03-11,VALE3,54.44
2025-03-11,VAMO3,3.77
2025-03-11,VBBR3,16.43
2025-03-11,VIVA3,18.28
2025-03-11,VIVT3,48.94
2025-03-11,WEGE3,46.6
2025-03-11,YDUQ3,10.57
2025-03-12,ABEV3,13.03
2025-03-12,ALOS3,18.23
2025-03-12,ASAI3,7.14
2025-03-12,AURE3,7.44
2025-03-12,AZZA3,22.89
2025-03-12,B3SA3,10.5
2025-03-12,BBAS3,27.05
2025-03-12,BBDC3,10.56
2025-03-12,BBDC4,11.45
2025-03-12,BBSE3,38.57
2025-03-12,BEEF3,4.9
2025-03-12,BPAC11,32.33
2025-03-12,BRAP4,16.72
2025-03-12,BRAV3,16.82
2025-03-12,CCRO3,11.57
2025-03-12,CEAB3,10.43
2025-03-12,CMIG4,11.21
2025-03-12,CMIN3,5.28
2025-03-12,COGN3,1.72
2025-03-12,CPFE3,38.27
2025-03-12,CPLE3,9.01
2025-03-12,CSAN3,6.91
2025-03-12,CSMG3,22.83
2025-03-12,CSNA3,8.47
2025-03-12,CURY3,22.68
2025-03-12,CXSE3,15.13
2025-03-12,CYRE3,22.24
2025-03-12,DIRR3,30.06
2025-03-12,EGIE3,36.99
2025-03-12,ELET3,39.13
2025-03-12,EMBR3,72.96
2025-03-12,ENEV3,11.99
2025-03-12,ENGI11,39.6
2025-03-12,EQTL3,31.72
2025-03-12,FLRY3,10.72
2025-03-12,GGBR4,16.53
2025-03-12,GOAU4,9.06
2025-03-12,HAPV3,2.08
2025-03-12,HYPE3,19.74
2025-03-12,IGTI11,17.73
2025-03-12,ISAE4,22.42
2025-03-12,ITSA4,8.84
2025-03-12,ITUB4,32.7
2025-03-12,KLBN11,19.15
2025-03-12,LREN3,12.1
2025-03-12,MGLU3,8.58
2025-03-12,MRFG3,15.03
2025-03-12,MRVE3,4.66
2025-03-12,MULT3,21.49
2025-03-12,NTCO3,13.57
2025-03-12,PETR3,36.71
2025-03-12,PETR4,34.1
2025-03-12,POMO4,6.61
2025-03-12,PRIO3,36.88
2025-03-12,PSSA3,37.9
2025-03-12,RADL3,18.58
2025-03-12,RAIL3,17.51
2025-03-12,RDOR3,27.91
2025-03-12,RENT3,30.35
2025-03-12,SANB11,25.06
2025-03-12,SBSP3,95.77
2025-03-12,SMFT3,19.12
2025-03-12,SUZB3,54.75
2025-03-12,TAEE11,33.22
2025-03-12,TEND3,14.46
2025-03-12,TIMS3,16.88
2025-03-12,TOTS3,33.2
2025-03-12,UGPA3,15.69
2025-03-12,USIM5,5.86
2025-03-12,VALE3,53.76
2025-03-12,VAMO3,3.71
2025-03-12,VBBR3,16.39
2025-03-12,VIVA3,18.03
2025-03-12,VIVT3,49.29
2025-03-12,WEGE3,47.2
2025-03-12,YDUQ3,10.61
2025-03-13,ABEV3,13.33
2025-03-13,ALOS3,18.51
2025-03-13,ASAI3,7.16
2025-03-13,AURE3,7.52
2025-03-13,AZZA3,24.0
2025-03-13,B3SA3,11.6
2025-03-13,BBAS3,27.49
2025-03-13,BBDC3,10.68
2025-03-13,BBDC4,11.65
2025-03-13,BBSE3,39.16
2025-03-13,BEEF3,5.08
2025-03-13,BPAC11,33.38
2025-03-13,BRAP4,17.03
2025-03-13,BRAV3,16.93
2025-03-13,CCRO3,11.54
2025-03-13,CEAB3,10.16
2025-03-13,CMIG4,11.25
2025-03-13,CMIN3,5.76
2025-03-13,COGN3,1.61
2025-03-13,CPFE3,37.75
2025-03-13,CPLE3,9.15
2025-03-13,CSAN3,7.14
2025-03-13,CSMG3,23.2
2025-03-13,CSNA3,9.14
2025-03-13,CURY3,22.42
2025-03-13,CXSE3,15.28
2025-03-13,CYRE3,22.6
2025-03-13,DIRR3,29.38
2025-03-13,EGIE3,37.33
2025-03-13,ELET3,39.97
2025-03-13,EMBR3,73.85
2025-03-13,ENEV3,12.39
2025-03-13,ENGI11,40.2
2025-03-13,EQTL3,31.81
2025-03-13,FLRY3,11.25
2025-03-13,GGBR4,16.48
2025-03-13,GOAU4,9.12
2025-03-13,HAPV3,2.08
2025-03-13,HYPE3,20.13
2025-03-13,IGTI11,18.06
2025-03-13,ISAE4,22.64
2025-03-13,ITSA4,8.98
2025-03-13,ITUB4,33.23
2025-03-13,KLBN11,19.43
2025-03-13,LREN3,11.6
2025-03-13,MGLU3,8.46
2025-03-13,MRFG3,14.94
2025-03-13,MRVE3,4.66
2025-03-13,MULT3,21.81
2025-03-13,NTCO3,13.56
2025-03-13,PETR3,36.97
2025-03-13,PETR4,34.44
2025-03-13,POMO4,6.89
2025-03-13,PRIO3,36.5
2025-03-13,PSSA3,38.44
2025-03-13,RADL3,18.63
2025-03-13,RAIL3,17.8
2025-03-13,RDOR3,27.5
2025-03-13,RENT3,31.26
2025-03-13,SANB11,25.34
2025-03-13,SBSP3,97.79
2025-03-13,SMFT3,19.3
2025-03-13,SUZB3,54.31
2025-03-13,TAEE11,33.54
2025-03-13,TEND3,13.4
2025-03-13,TIMS3,16.94
2025-03-13,TOTS3,33.2
2025-03-13,UGPA3,16.18
2025-03-13,USIM5,5.65
2025-03-13,VALE3,54.5
2025-03-13,VAMO3,3.58
2025-03-13,VBBR3,16.86
2025-03-13,VIVA3,17.83
2025-03-13,VIVT3,49.73
2025-03-13,WEGE3,46.74
2025-03-13,YDUQ3,10.76
2025-03-14,ABEV3,13.64
2025-03-14,ALOS3,19.08
2025-03-14,ASAI3,7.55
2025-03-14,AURE3,7.59
2025-03-14,AZZA3,21.5
2025-03-14,B3SA3,12.87
2025-03-14,BBAS3,27.88
2025-03-14,BBDC3,11.09
2025-03-14,BBDC4,12.13
2025-03-14,BBSE3,39.81
2025-03-14,BEEF3,5.37
2025-03-14,BPAC11,33.94
2025-03-14,BRAP4,17.5
2025-03-14,BRAV3,17.71
2025-03-14,CCRO3,11.69
2025-03-14,CEAB3,10.79
2025-03-14,CMIG4,10.98
2025-03-14,CMIN3,6.15
2025-03-14,COGN3,1.75
2025-03-14,CPFE3,37.44
2025-03-14,CPLE3,9.42
2025-03-14,CSAN3,7.47
2025-03-14,CSMG3,24.0
2025-03-14,CSNA3,10.22
2025-03-14,CURY3,23.33
2025-03-14,CXSE3,15.85
2025-03-14,CYRE3,23.02
2025-03-14,DIRR3,30.0
2025-03-14,EGIE3,37.77
2025-03-14,ELET3,40.38
2025-03-14,EMBR3,74.88
2025-03-14,ENEV3,12.59
2025-03-14,ENGI11,40.93
2025-03-14,EQTL3,32.22
2025-03-14,FLRY3,11.55
2025-03-14,GGBR4,16.91
2025-03-14,GOAU4,9.36
2025-03-14,HAPV3,2.18
2025-03-14,HYPE3,20.34
2025-03-14,IGTI11,18.77
2025-03-14,ISAE4,22.85
2025-03-14,ITSA4,9.26
2025-03-14,ITUB4,34.31
2025-03-14,KLBN11,19.59
2025-03-14,LREN3,12.03
2025-03-14,MGLU3,9.6
2025-03-14,MRFG3,15.26
2025-03-14,MRVE3,5.02
2025-03-14,MULT3,22.91
2025-03-14,NTCO3,9.5
2025-03-14,PETR3,38.41
2025-03-14,PETR4,35.5
2025-03-14,POMO4,7.12
2025-03-14,PRIO3,39.35
2025-03-14,PSSA3,38.95
2025-03-14,RADL3,19.18
2025-03-14,RAIL3,18.0
2025-03-14,RDOR3,28.33
2025-03-14,RENT3,32.85
2025-03-14,SANB11,26.24
2025-03-14,SBSP3,99.3
2025-03-14,SMFT3,19.7
2025-03-14,SUZB3,54.14
2025-03-14,TAEE11,34.07
2025-03-14,TEND3,13.59
2025-03-14,TIMS3,17.31
2025-03-14,TOTS3,33.47
2025-03-14,UGPA3,17.12
2025-03-14,USIM5,5.88
2025-03-14,VALE3,56.29
2025-03-14,VAMO3,3.95
2025-03-14,VBBR3,17.53
2025-03-14,VIVA3,17.85
2025-03-14,VIVT3,51.16
2025-03-14,WEGE3,46.74
2025-03-14,YDUQ3,11.4
2025-03-17,ABEV3,13.57
2025-03-17,ALOS3,19.45
2025-03-17,ASAI3,7.73
2025-03-17,AURE3,7.81
2025-03-17,AZZA3,21.76
2025-03-17,B3SA3,12.42
2025-03-17,BBAS3,28.46
2025-03-17,BBDC3,11.28
2025-03-17,BBDC4,12.31
2025-03-17,BBSE3,40.0
2025-03-17,BEEF3,5.35
2025-03-17,BPAC11,34.9
2025-03-17,BRAP4,17.75
2025-03-17,BRAV3,18.19
2025-03-17,CCRO3,12.09
2025-03-17,CEAB3,10.85
2025-03-17,CMIG4,11.19
2025-03-17,CMIN3,6.29
2025-03-17,COGN3,1.76
2025-03-17,CPFE3,37.5
2025-03-17,CPLE3,9.44
2025-03-17,CSAN3,7.8
2025-03-17,CSMG3,23.75
2025-03-17,CSNA3,10.08
2025-03-17,CURY3,23.48
2025-03-17,CXSE3,16.02
2025-03-17,CYRE3,23.32
2025-03-17,DIRR3,30.2
2025-03-17,EGIE3,38.55
2025-03-17,ELET3,40.43
2025-03-17,EMBR3,77.41
2025-03-17,ENEV3,12.57
2025-03-17,ENGI11,41.56
2025-03-17,EQTL3,32.77
2025-03-17,FLRY3,11.68
2025-03-17,GGBR4,17.19
2025-03-17,GOAU4,9.44
2025-03-17,HAPV3,2.29
2025-03-17,HYPE3,20.53
2025-03-17,IGTI11,19.06
2025-03-17,ISAE4,23.1
2025-03-17,ITSA4,9.51
2025-03-17,ITUB4,35.34
2025-03-17,KLBN11,19.84
2025-03-17,LREN3,12.5
2025-03-17,MGLU3,10.14
2025-03-17,MRFG3,14.81
2025-03-17,MRVE3,5.06
2025-03-17,MULT3,23.39
2025-03-17,NTCO3,9.2
2025-03-17,PETR3,39.3
2025-03-17,PETR4,36.16
2025-03-17,POMO4,6.91
2025-03-17,PRIO3,39.7
2025-03-17,PSSA3,39.99
2025-03-17,RADL3,19.97
2025-03-17,RAIL3,18.16
2025-03-17,RDOR3,28.93
2025-03-17,RENT3,33.37
2025-03-17,SANB11,26.83
2025-03-17,SBSP3,100.6
2025-03-17,SMFT3,19.99
2025-03-17,SUZB3,54.6
2025-03-17,TAEE11,34.45
2025-03-17,TEND3,13.79
2025-03-17,TIMS3,17.34
2025-03-17,TOTS3,33.7
2025-03-17,UGPA3,17.45
2025-03-17,USIM5,5.87
2025-03-17,VALE3,57.1
2025-03-17,VAMO3,4.19
2025-03-17,VBBR3,17.71
2025-03-17,VIVA3,17.47
2025-03-17,VIVT3,51.5
2025-03-17,WEGE3,47.65
2025-03-17,YDUQ3,11.43
2025-03-18,ABEV3,13.55
2025-03-18,ALOS3,19.58
2025-03-18,ASAI3,7.55
2025-03-18,AURE3,7.82
2025-03-18,AZZA3,23.0
2025-03-18,B3SA3,12.04
2025-03-18,BBAS3,28.5
2025-03-18,BBDC3,11.22
2025-03-18,BBDC4,12.3
2025-03-18,BBSE3,40.38
2025-03-18,BEEF3,5.49
2025-03-18,BPAC11,35.57
2025-03-18,BRAP4,17.8
2025-03-18,BRAV3,18.4
2025-03-18,CCRO3,11.98
2025-03-18,CEAB3,10.81
2025-03-18,CMIG4,11.33
2025-03-18,CMIN3,6.25
2025-03-18,COGN3,1.83
2025-03-18,CPFE3,37.99
2025-03-18,CPLE3,9.44
2025-03-18,CSAN3,7.69
2025-03-18,CSMG3,23.95
2025-03-18,CSNA3,9.85
2025-03-18,CURY3,24.25
2025-03-18,CXSE3,15.68
2025-03-18,CYRE3,23.42
2025-03-18,DIRR3,31.55
2025-03-18,EGIE3,38.69
2025-03-18,ELET3,40.66
2025-03-18,EMBR3,78.03
2025-03-18,ENEV3,12.58
2025-03-18,ENGI11,41.54
2025-03-18,EQTL3,32.62
2025-03-18,FLRY3,11.63
2025-03-18,GGBR4,17.21
2025-03-18,GOAU4,9.45
2025-03-18,HAPV3,2.36
2025-03-18,HYPE3,20.21
2025-03-18,IGTI11,18.9
2025-03-18,ISAE4,22.99
2025-03-18,ITSA4,9.58
2025-03-18,ITUB4,32.3
2025-03-18,KLBN11,19.89
2025-03-18,LREN3,12.34
2025-03-18,MGLU3,10.03
2025-03-18,MRFG3,15.8
2025-03-18,MRVE3,5.15
2025-03-18,MULT3,23.28
2025-03-18,NTCO3,9.51
2025-03-18,PETR3,39.33
2025-03-18,PETR4,36.19
2025-03-18,POMO4,6.84
2025-03-18,PRIO3,39.65
2025-03-18,PSSA3,40.36
2025-03-18,RADL3,19.64
2025-03-18,RAIL3,18.05
2025-03-18,RDOR3,28.65
2025-03-18,RENT3,32.89
2025-03-18,SANB11,26.7
2025-03-18,SBSP3,100.27
2025-03-18,SMFT3,19.93
2025-03-18,SUZB3,55.01
2025-03-18,TAEE11,34.36
2025-03-18,TEND3,13.83
2025-03-18,TIMS3,17.26
2025-03-18,TOTS3,34.67
2025-03-18,UGPA3,17.23
2025-03-18,USIM5,5.84
2025-03-18,VALE3,57.52
2025-03-18,VAMO3,4.08
2025-03-18,VBBR3,17.47
2025-03-18,VIVA3,17.83
2025-03-18,VIVT3,51.31
2025-03-18,WEGE3,47.65
2025-03-18,YDUQ3,12.06
2025-03-19,ABEV3,13.68
2025-03-19,ALOS3,19.7
2025-03-19,ASAI3,7.74
2025-03-19,AURE3,7.73
2025-03-19,AZZA3,23.44
2025-03-19,B3SA3,12.35
2025-03-19,BBAS3,28.39
2025-03-19,BBDC3,11.35
2025-03-19,BBDC4,12.41
2025-03-19,BBSE3,40.23
2025-03-19,BEEF3,5.59
2025-03-19,BPAC11,35.82
2025-03-19,BRAP4,17.74
2025-03-19,BRAV3,18.3
2025-03-19,CCRO3,12.09
2025-03-19,CEAB3,11.1
2025-03-19,CMIG4,11.49
2025-03-19,CMIN3,6.4
2025-03-19,COGN3,1.9
2025-03-19,CPFE3,38.05
2025-03-19,CPLE3,9.58
2025-03-19,CSAN3,7.91
2025-03-19,CSMG3,23.88
2025-03-19,CSNA3,10.05
2025-03-19,CURY3,24.96
2025-03-19,CXSE3,15.62
2025-03-19,CYRE3,24.02
2025-03-19,DIRR3,32.33
2025-03-19,EGIE3,38.88
2025-03-19,ELET3,41.94
2025-03-19,EMBR3,79.29
2025-03-19,ENEV3,12.83
2025-03-19,ENGI11,42.52
2025-03-19,EQTL3,33.3
2025-03-19,FLRY3,11.9
2025-03-19,GGBR4,17.24
2025-03-19,GOAU4,9.54
2025-03-19,HAPV3,2.26
2025-03-19,HYPE3,20.08
2025-03-19,IGTI11,19.15
2025-03-19,ISAE4,23.22
2025-03-19,ITSA4,9.65
2025-03-19,ITUB4,32.38
2025-03-19,KLBN11,19.9
2025-03-19,LREN3,12.4
2025-03-19,MGLU3,10.43
2025-03-19,MRFG3,15.98
2025-03-19,MRVE3,5.13
2025-03-19,MULT3,23.37
2025-03-19,NTCO3,9.89
2025-03-19,PETR3,39.52
2025-03-19,PETR4,36.16
2025-03-19,POMO4,7.07
2025-03-19,PRIO3,39.27
2025-03-19,PSSA3,41.54
2025-03-19,RADL3,19.82
2025-03-19,RAIL3,18.2
2025-03-19,RDOR3,28.95
2025-03-19,RENT3,33.6
2025-03-19,SANB11,26.97
2025-03-19,SBSP3,102.65
2025-03-19,SMFT3,20.65
2025-03-19,SUZB3,54.85
2025-03-19,TAEE11,34.44
2025-03-19,TEND3,14.44
2025-03-19,TIMS3,17.22
2025-03-19,TOTS3,34.99
2025-03-19,UGPA3,17.37
2025-03-19,USIM5,5.94
2025-03-19,VALE3,57.42
2025-03-19,VAMO3,4.3
2025-03-19,VBBR3,17.71
2025-03-19,VIVA3,19.18
2025-03-19,VIVT3,50.59
2025-03-19,WEGE3,48.14
2025-03-19,YDUQ3,11.97
2025-03-20,ABEV3,13.6
2025-03-20,ALOS3,19.43
2025-03-20,ASAI3,7.65
2025-03-20,AURE3,7.8
2025-03-20,AZZA3,23.79
2025-03-20,B3SA3,12.4
2025-03-20,BBAS3,28.25
2025-03-20,BBDC3,11.18
2025-03-20,BBDC4,12.35
2025-03-20,BBSE3,40.51
2025-03-20,BEEF3,6.06
2025-03-20,BPAC11,35.57
2025-03-20,BRAP4,17.76
2025-03-20,BRAV3,18.31
2025-03-20,CCRO3,11.91
2025-03-20,CEAB3,10.33
2025-03-20,CMIG4,11.35
2025-03-20,CMIN3,6.41
2025-03-20,COGN3,1.89
2025-03-20,CPFE3,37.75
2025-03-20,CPLE3,9.46
2025-03-20,CSAN3,7.8
2025-03-20,CSMG3,24.27
2025-03-20,CSNA3,10.03
2025-03-20,CURY3,24.22
2025-03-20,CXSE3,15.23
2025-03-20,CYRE3,23.85
2025-03-20,DIRR3,31.69
2025-03-20,EGIE3,39.2
2025-03-20,ELET3,42.21
2025-03-20,EMBR3,73.96
2025-03-20,ENEV3,12.68
2025-03-20,ENGI11,42.03
2025-03-20,EQTL3,33.1
2025-03-20,FLRY3,11.86
2025-03-20,GGBR4,17.2
2025-03-20,GOAU4,9.49
2025-03-20,HAPV3,2.25
2025-03-20,HYPE3,19.61
2025-03-20,IGTI11,18.97
2025-03-20,ISAE4,23.13
2025-03-20,ITSA4,9.57
2025-03-20,ITUB4,32.08
2025-03-20,KLBN11,19.86
2025-03-20,LREN3,11.99
2025-03-20,MGLU3,10.37
2025-03-20,MRFG3,17.05
2025-03-20,MRVE3,5.25
2025-03-20,MULT3,23.11
2025-03-20,NTCO3,9.65
2025-03-20,PETR3,39.7
2025-03-20,PETR4,36.24
2025-03-20,POMO4,7.1
2025-03-20,PRIO3,39.28
2025-03-20,PSSA3,41.5
2025-03-20,RADL3,19.62
2025-03-20,RAIL3,18.19
2025-03-20,RDOR3,28.79
2025-03-20,RENT3,33.14
2025-03-20,SANB11,26.54
2025-03-20,SBSP3,101.93
2025-03-20,SMFT3,20.58
2025-03-20,SUZB3,55.84
2025-03-20,TAEE11,34.65
2025-03-20,TEND3,14.26
2025-03-20,TIMS3,17.07
2025-03-20,TOTS3,34.7
2025-03-20,UGPA3,17.71
2025-03-20,USIM5,5.89
2025-03-20,VALE3,57.24
2025-03-20,VAMO3,4.24
2025-03-20,VBBR3,17.88
2025-03-20,VIVA3,18.95
2025-03-20,VIVT3,49.11
2025-03-20,WEGE3,47.9
2025-03-20,YDUQ3,12.07
2025-03-21,ABEV3,13.73
2025-03-21,ALOS3,19.66
2025-03-21,ASAI3,7.58
2025-03-21,AURE3,7.92
2025-03-21,AZZA3,24.0
2025-03-21,B3SA3,12.56
2025-03-21,BBAS3,28.37
2025-03-21,BBDC3,11.36
2025-03-21,BBDC4,12.52
2025-03-21,BBSE3,40.31
2025-03-21,BEEF3,5.93
2025-03-21,BPAC11,35.8
2025-03-21,BRAP4,17.93
2025-03-21,BRAV3,19.33
2025-03-21,CCRO3,11.79
2025-03-21,CEAB3,10.37
2025-03-21,CMIG4,10.8
2025-03-21,CMIN3,6.38
2025-03-21,COGN3,1.88
2025-03-21,CPFE3,38.13
2025-03-21,CPLE3,9.41
2025-03-21,CSAN3,7.76
2025-03-21,CSMG3,23.89
2025-03-21,CSNA3,10.07
2025-03-21,CURY3,23.93
2025-03-21,CXSE3,15.1
2025-03-21,CYRE3,23.9
2025-03-21,DIRR3,31.62
2025-03-21,EGIE3,39.08
2025-03-21,ELET3,41.93
2025-03-21,EMBR3,74.76
2025-03-21,ENEV3,12.22
2025-03-21,ENGI11,41.65
2025-03-21,EQTL3,33.0
2025-03-21,FLRY3,11.81
2025-03-21,GGBR4,17.14
2025-03-21,GOAU4,9.43
2025-03-21,HAPV3,2.17
2025-03-21,HYPE3,20.38
2025-03-21,IGTI11,18.96
2025-03-21,ISAE4,23.08
2025-03-21,ITSA4,9.56
2025-03-21,ITUB4,32.15
2025-03-21,KLBN11,19.57
2025-03-21,LREN3,12.42
2025-03-21,MGLU3,10.1
2025-03-21,MRFG3,18.21
2025-03-21,MRVE3,5.04
2025-03-21,MULT3,23.15
2025-03-21,NTCO3,9.49
2025-03-21,PETR3,40.34
2025-03-21,PETR4,36.8
2025-03-21,POMO4,7.15
2025-03-21,PRIO3,39.06
2025-03-21,PSSA3,41.57
2025-03-21,RADL3,19.8
2025-03-21,RAIL3,17.78
2025-03-21,RDOR3,28.7
2025-03-21,RENT3,33.46
2025-03-21,SANB11,26.87
2025-03-21,SBSP3,101.35
2025-03-21,SMFT3,20.53
2025-03-21,SUZB3,54.35
2025-03-21,TAEE11,34.59
2025-03-21,TEND3,14.05
2025-03-21,TIMS3,17.36
2025-03-21,TOTS3,34.4
2025-03-21,UGPA3,17.65
2025-03-21,USIM5,5.79
2025-03-21,VALE3,57.45
2025-03-21,VAMO3,4.37
2025-03-21,VBBR3,17.75
2025-03-21,VIVA3,19.08
2025-03-21,VIVT3,49.92
2025-03-21,WEGE3,47.85
2025-03-21,YDUQ3,11.7
2025-03-24,ABEV3,13.54
2025-03-24,ALOS3,19.25
2025-03-24,ASAI3,7.51
2025-03-24,AURE3,7.72
2025-03-24,AZZA3,23.91
2025-03-24,B3SA3,12.4
2025-03-24,BBAS3,28.36
2025-03-24,BBDC3,11.5
2025-03-24,BBDC4,12.65
2025-03-24,BBSE3,40.02
2025-03-24,BEEF3,5.81
2025-03-24,BPAC11,35.22
2025-03-24,BRAP4,18.06
2025-03-24,BRAV3,21.3
2025-03-24,CCRO3,11.69
2025-03-24,CEAB3,10.33
2025-03-24,CMIG4,10.74
2025-03-24,CMIN3,6.38
2025-03-24,COGN3,1.84
2025-03-24,CPFE3,38.4
2025-03-24,CPLE3,9.39
2025-03-24,CSAN3,7.59
2025-03-24,CSMG3,23.42
2025-03-24,CSNA3,9.96
2025-03-24,CURY3,23.77
2025-03-24,CXSE3,14.99
2025-03-24,CYRE3,23.49
2025-03-24,DIRR3,31.17
2025-03-24,EGIE3,38.52
2025-03-24,ELET3,41.68
2025-03-24,EMBR3,71.25
2025-03-24,ENEV3,11.88
2025-03-24,ENGI11,41.02
2025-03-24,EQTL3,32.51
2025-03-24,FLRY3,11.54
2025-03-24,GGBR4,17.24
2025-03-24,GOAU4,9.52
2025-03-24,HAPV3,2.08
2025-03-24,HYPE3,20.06
2025-03-24,IGTI11,18.74
2025-03-24,ISAE4,22.86
2025-03-24,ITSA4,9.58
2025-03-24,ITUB4,32.18
2025-03-24,KLBN11,19.35
2025-03-24,LREN3,12.35
2025-03-24,MGLU3,10.21
2025-03-24,MRFG3,17.85
2025-03-24,MRVE3,5.0
2025-03-24,MULT3,23.02
2025-03-24,NTCO3,9.55
2025-03-24,PETR3,40.24
2025-03-24,PETR4,36.75
2025-03-24,POMO4,6.98
2025-03-24,PRIO3,39.5
2025-03-24,PSSA3,41.34
2025-03-24,RADL3,19.68
2025-03-24,RAIL3,17.08
2025-03-24,RDOR3,28.24
2025-03-24,RENT3,32.54
2025-03-24,SANB11,26.73
2025-03-24,SBSP3,98.8
2025-03-24,SMFT3,20.5
2025-03-24,SUZB3,54.13
2025-03-24,TAEE11,34.35
2025-03-24,TEND3,13.86
2025-03-24,TIMS3,17.32
2025-03-24,TOTS3,33.58
2025-03-24,UGPA3,17.44
2025-03-24,USIM5,5.87
2025-03-24,VALE3,57.15
2025-03-24,VAMO3,4.29
2025-03-24,VBBR3,17.18
2025-03-24,VIVA3,18.85
2025-03-24,VIVT3,49.73
2025-03-24,WEGE3,47.36
2025-03-24,YDUQ3,11.45
2025-03-25,ABEV3,13.6
2025-03-25,ALOS3,19.52
2025-03-25,ASAI3,7.6
2025-03-25,AURE3,7.77
2025-03-25,AZZA3,23.79
2025-03-25,B3SA3,12.39
2025-03-25,BBAS3,28.47
2025-03-25,BBDC3,11.59
2025-03-25,BBDC4,12.86
2025-03-25,BBSE3,39.87
2025-03-25,BEEF3,5.98
2025-03-25,BPAC11,35.46
2025-03-25,BRAP4,18.13
2025-03-25,BRAV3,21.88
2025-03-25,CCRO3,11.79
2025-03-25,CEAB3,10.75
2025-03-25,CMIG4,10.65
2025-03-25,CMIN3,6.33
2025-03-25,COGN3,1.93
2025-03-25,CPFE3,38.54
2025-03-25,CPLE3,9.45
2025-03-25,CSAN3,7.65
2025-03-25,CSMG3,21.49
2025-03-25,CSNA3,9.95
2025-03-25,CURY3,24.2
2025-03-25,CXSE3,14.79
2025-03-25,CYRE3,23.73
2025-03-25,DIRR3,31.86
2025-03-25,EGIE3,38.73
2025-03-25,ELET3,41.84
2025-03-25,EMBR3,69.74
2025-03-25,ENEV3,12.07
2025-03-25,ENGI11,41.2
2025-03-25,EQTL3,32.85
2025-03-25,FLRY3,11.76
2025-03-25,GGBR4,17.32
2025-03-25,GOAU4,9.59
2025-03-25,HAPV3,2.23
2025-03-25,HYPE3,20.21
2025-03-25,IGTI11,18.98
2025-03-25,ISAE4,22.84
2025-03-25,ITSA4,9.71
2025-03-25,ITUB4,32.44
2025-03-25,KLBN11,19.11
2025-03-25,LREN3,12.66
2025-03-25,MGLU3,10.46
2025-03-25,MRFG3,17.57
2025-03-25,MRVE3,5.04
2025-03-25,MULT3,23.03
2025-03-25,NTCO3,9.89
2025-03-25,PETR3,40.63
2025-03-25,PETR4,37.04
2025-03-25,POMO4,7.13
2025-03-25,PRIO3,39.09
2025-03-25,PSSA3,41.88
2025-03-25,RADL3,19.18
2025-03-25,RAIL3,17.05
2025-03-25,RDOR3,28.31
2025-03-25,RENT3,33.24
2025-03-25,SANB11,27.07
2025-03-25,SBSP3,102.1
2025-03-25,SMFT3,20.8
2025-03-25,SUZB3,53.41
2025-03-25,TAEE11,33.92
2025-03-25,TEND3,14.19
2025-03-25,TIMS3,17.32
2025-03-25,TOTS3,33.74
2025-03-25,UGPA3,17.69
2025-03-25,USIM5,5.9
2025-03-25,VALE3,57.34
2025-03-25,VAMO3,4.96
2025-03-25,VBBR3,17.62
2025-03-25,VIVA3,19.16
2025-03-25,VIVT3,49.07
2025-03-25,WEGE3,47.0
2025-03-25,YDUQ3,11.74
2025-03-26,ABEV3,13.38
2025-03-26,ALOS3,19.53
2025-03-26,ASAI3,8.0
2025-03-26,AURE3,7.81
2025-03-26,AZZA3,24.23
2025-03-26,B3SA3,12.38
2025-03-26,BBAS3,28.81
2025-03-26,BBDC3,11.79
2025-03-26,BBDC4,13.07
2025-03-26,BBSE3,40.13
2025-03-26,BEEF3,5.79
2025-03-26,BPAC11,35.32
2025-03-26,BRAP4,18.24
2025-03-26,BRAV3,23.33
2025-03-26,CCRO3,11.89
2025-03-26,CEAB3,11.12
2025-03-26,CMIG4,10.46
2025-03-26,CMIN3,6.4
2025-03-26,COGN3,1.94
2025-03-26,CPFE3,38.42
2025-03-26,CPLE3,9.48
2025-03-26,CSAN3,7.71
2025-03-26,CSMG3,20.3
2025-03-26,CSNA3,9.98
2025-03-26,CURY3,24.52
2025-03-26,CXSE3,15.12
2025-03-26,CYRE3,23.99
2025-03-26,DIRR3,32.31
2025-03-26,EGIE3,38.71
2025-03-26,ELET3,41.61
2025-03-26,EMBR3,69.33
2025-03-26,ENEV3,12.0
2025-03-26,ENGI11,40.91
2025-03-26,EQTL3,32.81
2025-03-26,FLRY3,11.81
2025-03-26,GGBR4,17.47
2025-03-26,GOAU4,9.66
2025-03-26,HAPV3,2.23
2025-03-26,HYPE3,19.9
2025-03-26,IGTI11,18.91
2025-03-26,ISAE4,22.8
2025-03-26,ITSA4,9.64
2025-03-26,ITUB4,32.09
2025-03-26,KLBN11,19.14
2025-03-26,LREN3,12.63
2025-03-26,MGLU3,10.49
2025-03-26,MRFG3,17.31
2025-03-26,MRVE3,5.25
2025-03-26,MULT3,23.11
2025-03-26,NTCO3,10.06
2025-03-26,PETR3,41.06
2025-03-26,PETR4,37.39
2025-03-26,POMO4,7.03
2025-03-26,PRIO3,40.62
2025-03-26,PSSA3,41.84
2025-03-26,RADL3,19.17
2025-03-26,RAIL3,17.08
2025-03-26,RDOR3,29.01
2025-03-26,RENT3,34.82
2025-03-26,SANB11,27.25
2025-03-26,SBSP3,101.58
2025-03-26,SMFT3,20.76
2025-03-26,SUZB3,53.52
2025-03-26,TAEE11,34.0
2025-03-26,TEND3,14.39
2025-03-26,TIMS3,17.66
2025-03-26,TOTS3,33.11
2025-03-26,UGPA3,17.72
2025-03-26,USIM5,5.93
2025-03-26,VALE3,57.69
2025-03-26,VAMO3,5.27
2025-03-26,VBBR3,17.72
2025-03-26,VIVA3,19.64
2025-03-26,VIVT3,50.11
2025-03-26,WEGE3,46.75
2025-03-26,YDUQ3,11.57
2025-03-27,ABEV3,13.46
2025-03-27,ALOS3,19.48
2025-03-27,ASAI3,8.03
2025-03-27,AURE3,7.79
2025-03-27,AZZA3,25.0
2025-03-27,B3SA3,12.39
2025-03-27,BBAS3,28.69
2025-03-27,BBDC3,11.69
2025-03-27,BBDC4,13.02
2025-03-27,BBSE3,40.38
2025-03-27,BEEF3,6.07
2025-03-27,BPAC11,34.92
2025-03-27,BRAP4,18.38
2025-03-27,BRAV3,23.14
2025-03-27,CCRO3,12.02
2025-03-27,CEAB3,11.27
2025-03-27,CMIG4,10.42
2025-03-27,CMIN3,6.31
2025-03-27,COGN3,2.04
2025-03-27,CPFE3,37.8
2025-03-27,CPLE3,9.48
2025-03-27,CSAN3,7.76
2025-03-27,CSMG3,20.36
2025-03-27,CSNA3,9.96
2025-03-27,CURY3,24.94
2025-03-27,CXSE3,15.18
2025-03-27,CYRE3,24.17
2025-03-27,DIRR3,32.16
2025-03-27,EGIE3,39.05
2025-03-27,ELET3,41.67
2025-03-27,EMBR3,68.32
2025-03-27,ENEV3,11.85
2025-03-27,ENGI11,40.94
2025-03-27,EQTL3,32.66
2025-03-27,FLRY3,11.97
2025-03-27,GGBR4,17.38
2025-03-27,GOAU4,9.65
2025-03-27,HAPV3,2.35
2025-03-27,HYPE3,19.73
2025-03-27,IGTI11,18.87
2025-03-27,ISAE4,22.61
2025-03-27,ITSA4,9.72
2025-03-27,ITUB4,32.13
2025-03-27,KLBN11,19.19
2025-03-27,LREN3,12.78
2025-03-27,MGLU3,10.87
2025-03-27,MRFG3,17.83
2025-03-27,MRVE3,5.28
2025-03-27,MULT3,22.93
2025-03-27,NTCO3,10.41
2025-03-27,PETR3,41.48
2025-03-27,PETR4,37.67
2025-03-27,POMO4,6.68
2025-03-27,PRIO3,40.66
2025-03-27,PSSA3,41.55
2025-03-27,RADL3,19.2
2025-03-27,RAIL3,17.32
2025-03-27,RDOR3,28.64
2025-03-27,RENT3,34.75
2025-03-27,SANB11,27.42
2025-03-27,SBSP3,104.01
2025-03-27,SMFT3,21.37
2025-03-27,SUZB3,53.9
2025-03-27,TAEE11,33.91
2025-03-27,TEND3,14.4
2025-03-27,TIMS3,17.91
2025-03-27,TOTS3,33.12
2025-03-27,UGPA3,17.63
2025-03-27,USIM5,5.95
2025-03-27,VALE3,58.15
2025-03-27,VAMO3,5.15
2025-03-27,VBBR3,18.12
2025-03-27,VIVA3,20.18
2025-03-27,VIVT3,50.39
2025-03-27,WEGE3,46.39
2025-03-27,YDUQ3,12.14
2025-03-28,ABEV3,13.43
2025-03-28,ALOS3,19.24
2025-03-28,ASAI3,7.88
2025-03-28,AURE3,7.78
2025-03-28,AZZA3,24.67
2025-03-28,B3SA3,12.24
2025-03-28,BBAS3,28.64
2025-03-28,BBDC3,11.62
2025-03-28,BBDC4,12.84
2025-03-28,BBSE3,40.26
2025-03-28,BEEF3,6.21
2025-03-28,BPAC11,34.9
2025-03-28,BRAP4,18.23
2025-03-28,BRAV3,23.1
2025-03-28,CCRO3,11.9
2025-03-28,CEAB3,11.04
2025-03-28,CMIG4,10.36
2025-03-28,CMIN3,6.3
2025-03-28,COGN3,2.12
2025-03-28,CPFE3,37.82
2025-03-28,CPLE3,9.44
2025-03-28,CSAN3,7.63
2025-03-28,CSMG3,20.4
2025-03-28,CSNA3,9.74
2025-03-28,CURY3,24.79
2025-03-28,CXSE3,15.2
2025-03-28,CYRE3,24.3
2025-03-28,DIRR3,31.8
2025-03-28,EGIE3,39.07
2025-03-28,ELET3,41.05
2025-03-28,EMBR3,66.36
2025-03-28,ENEV3,11.9
2025-03-28,ENGI11,40.35
2025-03-28,EQTL3,32.27
2025-03-28,FLRY3,11.75
2025-03-28,GGBR4,16.9
2025-03-28,GOAU4,9.34
2025-03-28,HAPV3,2.3
2025-03-28,HYPE3,19.76
2025-03-28,IGTI11,18.67
2025-03-28,ISAE4,22.44
2025-03-28,ITSA4,9.62
2025-03-28,ITUB4,31.69
2025-03-28,KLBN11,19.01
2025-03-28,LREN3,12.54
2025-03-28,MGLU3,10.56
2025-03-28,MRFG3,18.06
2025-03-28,MRVE3,5.2
2025-03-28,MULT3,22.76
2025-03-28,NTCO3,10.45
2025-03-28,PETR3,41.07
2025-03-28,PETR4,37.43
2025-03-28,POMO4,6.46
2025-03-28,PRIO3,40.14
2025-03-28,PSSA3,40.88
2025-03-28,RADL3,19.34
2025-03-28,RAIL3,16.98
2025-03-28,RDOR3,28.82
2025-03-28,RENT3,34.48
2025-03-28,SANB11,27.13
2025-03-28,SBSP3,102.98
2025-03-28,SMFT3,21.35
2025-03-28,SUZB3,53.2
2025-03-28,TAEE11,33.95
2025-03-28,TEND3,14.36
2025-03-28,TIMS3,17.77
2025-03-28,TOTS3,33.4
2025-03-28,UGPA3,17.57
2025-03-28,USIM5,5.72
2025-03-28,VALE3,57.56
2025-03-28,VAMO3,4.67
2025-03-28,VBBR3,18.19
2025-03-28,VIVA3,20.09
2025-03-28,VIVT3,50.15
2025-03-28,WEGE3,45.85
2025-03-28,YDUQ3,12.16
2025-03-31,ABEV3,13.5
2025-03-31,ALOS3,19.13
2025-03-31,ASAI3,7.54
2025-03-31,AURE3,7.44
2025-03-31,AZZA3,24.5
2025-03-31,B3SA3,12.14
2025-03-31,BBAS3,28.19
2025-03-31,BBDC3,11.35
2025-03-31,BBDC4,12.67
2025-03-31,BBSE3,40.3
2025-03-31,BEEF3,6.32
2025-03-31,BPAC11,33.7
2025-03-31,BRAP4,17.91
2025-03-31,BRAV3,23.1
2025-03-31,CCRO3,11.64
2025-03-31,CEAB3,10.62
2025-03-31,CMIG4,10.26
2025-03-31,CMIN3,6.19
2025-03-31,COGN3,2.09
2025-03-31,CPFE3,37.7
2025-03-31,CPLE3,9.37
2025-03-31,CSAN3,7.39
2025-03-31,CSMG3,19.75
2025-03-31,CSNA3,9.47
2025-03-31,CURY3,24.55
2025-03-31,CXSE3,14.91
2025-03-31,CYRE3,23.9
2025-03-31,DIRR3,31.43
2025-03-31,EGIE3,38.6
2025-03-31,ELET3,40.79
2025-03-31,EMBR3,65.75
2025-03-31,ENEV3,11.83
2025-03-31,ENGI11,40.0
2025-03-31,EQTL3,32.0
2025-03-31,FLRY3,11.7
2025-03-31,GGBR4,16.18
2025-03-31,GOAU4,8.95
2025-03-31,HAPV3,2.21
2025-03-31,HYPE3,19.37
2025-03-31,IGTI11,18.5
2025-03-31,ISAE4,22.34
2025-03-31,ITSA4,9.45
2025-03-31,ITUB4,31.41
2025-03-31,KLBN11,18.66
2025-03-31,LREN3,12.23
2025-03-31,MGLU3,10.15
2025-03-31,MRFG3,18.06
2025-03-31,MRVE3,5.11
2025-03-31,MULT3,22.6
2025-03-31,NTCO3,9.99
2025-03-31,PETR3,40.82
2025-03-31,PETR4,37.16
2025-03-31,POMO4,6.12
2025-03-31,PRIO3,39.8
2025-03-31,PSSA3,40.0
2025-03-31,RADL3,19.05
2025-03-31,RAIL3,16.22
2025-03-31,RDOR3,28.2
2025-03-31,RENT3,33.59
2025-03-31,SANB11,26.72
2025-03-31,SBSP3,102.0
2025-03-31,SMFT3,20.42
2025-03-31,SUZB3,52.94
2025-03-31,TAEE11,33.66
2025-03-31,TEND3,13.8
2025-03-31,TIMS3,18.0
2025-03-31,TOTS3,33.37
2025-03-31,UGPA3,17.11
2025-03-31,USIM5,5.68
2025-03-31,VALE3,56.7
2025-03-31,VAMO3,4.39
2025-03-31,VBBR3,17.78
2025-03-31,VIVA3,19.89
2025-03-31,VIVT3,49.83
2025-03-31,WEGE3,45.28
2025-03-31,YDUQ3,11.54
2025-04-01,ABEV3,13.61
2025-04-01,ALOS3,19.07
2025-04-01,ASAI3,7.96
2025-04-01,AURE3,7.42
2025-04-01,AZZA3,24.7
2025-04-01,B3SA3,12.26
2025-04-01,BBAS3,28.33
2025-04-01,BBDC3,11.23
2025-04-01,BBDC4,12.46
2025-04-01,BBSE3,41.2
2025-04-01,BEEF3,6.51
2025-04-01,BPAC11,34.13
2025-04-01,BRAP4,18.05
2025-04-01,BRAV3,23.34
2025-04-01,CCRO3,11.64
2025-04-01,CEAB3,11.08
2025-04-01,CMIG4,10.09
2025-04-01,CMIN3,6.11
2025-04-01,COGN3,2.16
2025-04-01,CPFE3,38.5
2025-04-01,CPLE3,9.51
2025-04-01,CSAN3,7.37
2025-04-01,CSMG3,19.48
2025-04-01,CSNA3,9.48
2025-04-01,CURY3,25.31
2025-04-01,CXSE3,15.03
2025-04-01,CYRE3,24.17
2025-04-01,DIRR3,31.89
2025-04-01,EGIE3,38.4
2025-04-01,ELET3,40.79
2025-04-01,EMBR3,65.74
2025-04-01,ENEV3,12.0
2025-04-01,ENGI11,40.06
2025-04-01,EQTL3,32.23
2025-04-01,FLRY3,11.7
2025-04-01,GGBR4,16.61
2025-04-01,GOAU4,9.24
2025-04-01,HAPV3,2.22
2025-04-01,HYPE3,19.55
2025-04-01,IGTI11,18.8
2025-04-01,ISAE4,22.22
2025-04-01,ITSA4,9.44
2025-04-01,ITUB4,31.4
2025-04-01,KLBN11,18.73
2025-04-01,LREN3,12.61
2025-04-01,MGLU3,10.45
2025-04-01,MRFG3,18.7
2025-04-01,MRVE3,5.11
2025-04-01,MULT3,22.63
2025-04-01,NTCO3,9.2
2025-04-01,PETR3,41.03
2025-04-01,PETR4,37.3
2025-04-01,POMO4,6.22
2025-04-01,PRIO3,40.06
2025-04-01,PSSA3,40.68
2025-04-01,RADL3,19.01
2025-04-01,RAIL3,16.29
2025-04-01,RDOR3,27.95
2025-04-01,RENT3,35.1
2025-04-01,SANB11,26.7
2025-04-01,SBSP3,102.35
2025-04-01,SMFT3,20.59
2025-04-01,SUZB3,53.4
2025-04-01,TAEE11,33.97
2025-04-01,TEND3,14.08
2025-04-01,TIMS3,17.92
2025-04-01,TOTS3,33.87
2025-04-01,UGPA3,17.37
2025-04-01,USIM5,5.9
2025-04-01,VALE3,57.19
2025-04-01,VAMO3,4.43
2025-04-01,VBBR3,18.26
2025-04-01,VIVA3,19.71
2025-04-01,VIVT3,52.3
2025-04-01,WEGE3,45.35
2025-04-01,YDUQ3,12.04
2025-04-02,ABEV3,13.67
2025-04-02,ALOS3,19.42
2025-04-02,ASAI3,8.07
2025-04-02,AURE3,7.39
2025-04-02,AZZA3,25.04
2025-04-02,B3SA3,12.42
2025-04-02,BBAS3,28.35
2025-04-02,BBDC3,11.18
2025-04-02,BBDC4,12.47
2025-04-02,BBSE3,40.47
2025-04-02,BEEF3,6.58
2025-04-02,BPAC11,34.36
2025-04-02,BRAP4,17.87
2025-04-02,BRAV3,22.69
2025-04-02,CCRO3,11.78
2025-04-02,CEAB3,11.66
2025-04-02,CMIG4,10.09
2025-04-02,CMIN3,5.96
2025-04-02,COGN3,2.09
2025-04-02,CPFE3,38.24
2025-04-02,CPLE3,9.53
2025-04-02,CSAN3,7.49
2025-04-02,CSMG3,19.49
2025-04-02,CSNA3,8.99
2025-04-02,CURY3,25.85
2025-04-02,CXSE3,15.23
2025-04-02,CYRE3,24.13
2025-04-02,DIRR3,32.19
2025-04-02,EGIE3,38.17
2025-04-02,ELET3,40.7
2025-04-02,EMBR3,64.87
2025-04-02,ENEV3,12.0
2025-04-02,ENGI11,40.46
2025-04-02,EQTL3,32.48
2025-04-02,FLRY3,11.86
2025-04-02,GGBR4,16.38
2025-04-02,GOAU4,9.07
2025-04-02,HAPV3,2.18
2025-04-02,HYPE3,20.17
2025-04-02,IGTI11,18.57
2025-04-02,ISAE4,22.21
2025-04-02,ITSA4,9.45
2025-04-02,ITUB4,31.41
2025-04-02,KLBN11,18.85
2025-04-02,LREN3,12.97
2025-04-02,MGLU3,11.19
2025-04-02,MRFG3,18.76
2025-04-02,MRVE3,5.18
2025-04-02,MULT3,22.75
2025-04-02,NTCO3,9.11
2025-04-02,PETR3,40.82
2025-04-02,PETR4,37.2
2025-04-02,POMO4,6.22
2025-04-02,PRIO3,39.58
2025-04-02,PSSA3,41.07
2025-04-02,RADL3,19.48
2025-04-02,RAIL3,16.87
2025-04-02,RDOR3,28.4
2025-04-02,RENT3,36.45
2025-04-02,SANB11,27.15
2025-04-02,SBSP3,102.21
2025-04-02,SMFT3,20.79
2025-04-02,SUZB3,53.44
2025-04-02,TAEE11,33.83
2025-04-02,TEND3,14.29
2025-04-02,TIMS3,18.11
2025-04-02,TOTS3,33.74
2025-04-02,UGPA3,17.42
2025-04-02,USIM5,5.82
2025-04-02,VALE3,56.93
2025-04-02,VAMO3,4.74
2025-04-02,VBBR3,18.27
2025-04-02,VIVA3,20.0
2025-04-02,VIVT3,51.45
2025-04-02,WEGE3,44.9
2025-04-02,YDUQ3,12.43
2025-04-03,ABEV3,13.85
2025-04-03,ALOS3,20.25
2025-04-03,ASAI3,8.44
2025-04-03,AURE3,7.95
2025-04-03,AZZA3,25.57
2025-04-03,B3SA3,12.73
2025-04-03,BBAS3,28.51
2025-04-03,BBDC3,11.39
2025-04-03,BBDC4,12.71
2025-04-03,BBSE3,41.19
2025-04-03,BEEF3,6.46
2025-04-03,BPAC11,34.81
2025-04-03,BRAP4,17.33
2025-04-03,BRAV3,21.06
2025-04-03,CCRO3,12.19
2025-04-03,CEAB3,12.05
2025-04-03,CMIG4,10.15
2025-04-03,CMIN3,5.84
2025-04-03,COGN3,2.18
2025-04-03,CPFE3,38.11
2025-04-03,CPLE3,9.73
2025-04-03,CSAN3,7.79
2025-04-03,CSMG3,19.93
2025-04-03,CSNA3,8.81
2025-04-03,CURY3,26.04
2025-04-03,CXSE3,15.16
2025-04-03,CYRE3,25.19
2025-04-03,DIRR3,32.89
2025-04-03,EGIE3,39.98
2025-04-03,ELET3,41.37
2025-04-03,EMBR3,63.36
2025-04-03,ENEV3,12.11
2025-04-03,ENGI11,42.17
2025-04-03,EQTL3,33.35
2025-04-03,FLRY3,11.95
2025-04-03,GGBR4,15.92
2025-04-03,GOAU4,8.81
2025-04-03,HAPV3,2.25
2025-04-03,HYPE3,20.55
2025-04-03,IGTI11,19.52
2025-04-03,ISAE4,22.44
2025-04-03,ITSA4,9.62
2025-04-03,ITUB4,31.97
2025-04-03,KLBN11,18.54
2025-04-03,LREN3,13.26
2025-04-03,MGLU3,11.8
2025-04-03,MRFG3,18.6
2025-04-03,MRVE3,5.28
2025-04-03,MULT3,23.55
2025-04-03,NTCO3,9.43
2025-04-03,PETR3,39.38
2025-04-03,PETR4,36.0
2025-04-03,POMO4,6.22
2025-04-03,PRIO3,36.83
2025-04-03,PSSA3,41.03
2025-04-03,RADL3,19.92
2025-04-03,RAIL3,17.65
2025-04-03,RDOR3,28.87
2025-04-03,RENT3,37.24
2025-04-03,SANB11,27.53
2025-04-03,SBSP3,105.55
2025-04-03,SMFT3,21.13
2025-04-03,SUZB3,51.07
2025-04-03,TAEE11,34.45
2025-04-03,TEND3,14.67
2025-04-03,TIMS3,18.38
2025-04-03,TOTS3,34.5
2025-04-03,UGPA3,17.78
2025-04-03,USIM5,5.76
2025-04-03,VALE3,54.87
2025-04-03,VAMO3,4.84
2025-04-03,VBBR3,18.61
2025-04-03,VIVA3,20.6
2025-04-03,VIVT3,52.41
2025-04-03,WEGE3,44.27
2025-04-03,YDUQ3,12.9
2025-04-04,ABEV3,13.71
2025-04-04,ALOS3,19.43
2025-04-04,ASAI3,7.98
2025-04-04,AURE3,7.65
2025-04-04,AZZA3,24.6
2025-04-04,B3SA3,12.05
2025-04-04,BBAS3,27.98
2025-04-04,BBDC3,11.17
2025-04-04,BBDC4,12.57
2025-04-04,BBSE3,40.25
2025-04-04,BEEF3,6.47
2025-04-04,BPAC11,33.02
2025-04-04,BRAP4,16.71
2025-04-04,BRAV3,18.34
2025-04-04,CCRO3,11.73
2025-04-04,CEAB3,11.32
2025-04-04,CMIG4,10.0
2025-04-04,CMIN3,5.65
2025-04-04,COGN3,2.06
2025-04-04,CPFE3,37.9
2025-04-04,CPLE3,9.56
2025-04-04,CSAN3,7.24
2025-04-04,CSMG3,19.63
2025-04-04,CSNA3,8.23
2025-04-04,CURY3,25.36
2025-04-04,CXSE3,15.12
2025-04-04,CYRE3,24.42
2025-04-04,DIRR3,32.4
2025-04-04,EGIE3,39.64
2025-04-04,ELET3,40.86
2025-04-04,EMBR3,60.01
2025-04-04,ENEV3,11.92
2025-04-04,ENGI11,41.05
2025-04-04,EQTL3,33.33
2025-04-04,FLRY3,11.7
2025-04-04,GGBR4,15.15
2025-04-04,GOAU4,8.35
2025-04-04,HAPV3,2.13
2025-04-04,HYPE3,20.33
2025-04-04,IGTI11,18.53
2025-04-04,ISAE4,22.1
2025-04-04,ITSA4,9.34
2025-04-04,ITUB4,31.14
2025-04-04,KLBN11,18.55
2025-04-04,LREN3,12.65
2025-04-04,MGLU3,10.83
2025-04-04,MRFG3,18.55
2025-04-04,MRVE3,4.99
2025-04-04,MULT3,22.78
2025-04-04,NTCO3,9.15
2025-04-04,PETR3,37.73
2025-04-04,PETR4,34.55
2025-04-04,POMO4,6.02
2025-04-04,PRIO3,33.9
2025-04-04,PSSA3,40.4
2025-04-04,RADL3,19.53
2025-04-04,RAIL3,17.07
2025-04-04,RDOR3,28.62
2025-04-04,RENT3,36.1
2025-04-04,SANB11,26.62
2025-04-04,SBSP3,103.4
2025-04-04,SMFT3,20.2
2025-04-04,SUZB3,50.9
2025-04-04,TAEE11,34.3
2025-04-04,TEND3,13.67
2025-04-04,TIMS3,16.9
2025-04-04,TOTS3,34.15
2025-04-04,UGPA3,17.0
2025-04-04,USIM5,5.35
2025-04-04,VALE3,52.68
2025-04-04,VAMO3,4.36
2025-04-04,VBBR3,17.69
2025-04-04,VIVA3,19.83
2025-04-04,VIVT3,51.05
2025-04-04,WEGE3,43.72
2025-04-04,YDUQ3,12.59
2025-04-07,ABEV3,13.18
2025-04-07,ALOS3,19.15
2025-04-07,ASAI3,8.01
2025-04-07,AURE3,7.5
2025-04-07,AZZA3,24.22
2025-04-07,B3SA3,11.95
2025-04-07,BBAS3,27.68
2025-04-07,BBDC3,11.03
2025-04-07,BBDC4,12.36
2025-04-07,BBSE3,40.07
2025-04-07,BEEF3,6.44
2025-04-07,BPAC11,33.65
2025-04-07,BRAP4,16.52
2025-04-07,BRAV3,18.35
2025-04-07,CCRO3,11.59
2025-04-07,CEAB3,10.92
2025-04-07,CMIG4,10.0
2025-04-07,CMIN3,5.67
2025-04-07,COGN3,2.03
2025-04-07,CPFE3,37.43
2025-04-07,CPLE3,9.43
2025-04-07,CSAN3,7.01
2025-04-07,CSMG3,19.55
2025-04-07,CSNA3,8.24
2025-04-07,CURY3,25.36
2025-04-07,CXSE3,14.75
2025-04-07,CYRE3,24.26
2025-04-07,DIRR3,32.6
2025-04-07,EGIE3,39.06
2025-04-07,ELET3,40.66
2025-04-07,EMBR3,60.11
2025-04-07,ENEV3,11.7
2025-04-07,ENGI11,40.41
2025-04-07,EQTL3,32.79
2025-04-07,FLRY3,11.5
2025-04-07,GGBR4,14.6
2025-04-07,GOAU4,8.01
2025-04-07,HAPV3,2.06
2025-04-07,HYPE3,20.07
2025-04-07,IGTI11,18.5
2025-04-07,ISAE4,22.04
2025-04-07,ITSA4,9.4
2025-04-07,ITUB4,31.2
2025-04-07,KLBN11,18.11
2025-04-07,LREN3,12.12
2025-04-07,MGLU3,10.14
2025-04-07,MRFG3,18.55
2025-04-07,MRVE3,4.8
2025-04-07,MULT3,22.69
2025-04-07,NTCO3,9.41
2025-04-07,PETR3,35.63
2025-04-07,PETR4,33.18
2025-04-07,POMO4,5.85
2025-04-07,PRIO3,34.51
2025-04-07,PSSA3,39.15
2025-04-07,RADL3,19.4
2025-04-07,RAIL3,17.04
2025-04-07,RDOR3,28.26
2025-04-07,RENT3,35.81
2025-04-07,SANB11,26.5
2025-04-07,SBSP3,101.85
2025-04-07,SMFT3,20.18
2025-04-07,SUZB3,50.5
2025-04-07,TAEE11,33.88
2025-04-07,TEND3,13.71
2025-04-07,TIMS3,16.48
2025-04-07,TOTS3,33.48
2025-04-07,UGPA3,16.73
2025-04-07,USIM5,5.36
2025-04-07,VALE3,52.05
2025-04-07,VAMO3,4.23
2025-04-07,VBBR3,17.23
2025-04-07,VIVA3,19.29
2025-04-07,VIVT3,49.52
2025-04-07,WEGE3,44.0
2025-04-07,YDUQ3,12.78
2025-04-08,ABEV3,13.24
2025-04-08,ALOS3,19.19
2025-04-08,ASAI3,7.67
2025-04-08,AURE3,7.52
2025-04-08,AZZA3,24.75
2025-04-08,B3SA3,11.74
2025-04-08,BBAS3,27.63
2025-04-08,BBDC3,10.75
2025-04-08,BBDC4,12.02
2025-04-08,BBSE3,40.45
2025-04-08,BEEF3,6.25
2025-04-08,BPAC11,33.6
2025-04-08,BRAP4,15.9
2025-04-08,BRAV3,17.58
2025-04-08,CCRO3,11.56
2025-04-08,CEAB3,10.83
2025-04-08,CMIG4,10.01
2025-04-08,CMIN3,5.43
2025-04-08,COGN3,2.01
2025-04-08,CPFE3,38.7
2025-04-08,CPLE3,9.4
2025-04-08,CSAN3,6.59
2025-04-08,CSMG3,19.57
2025-04-08,CSNA3,7.77
2025-04-08,CURY3,26.09
2025-04-08,CXSE3,15.13
2025-04-08,CYRE3,24.55
2025-04-08,DIRR3,32.8
2025-04-08,EGIE3,39.05
2025-04-08,ELET3,41.05
2025-04-08,EMBR3,60.6
2025-04-08,ENEV3,11.95
2025-04-08,ENGI11,40.61
2025-04-08,EQTL3,32.96
2025-04-08,FLRY3,11.49
2025-04-08,GGBR4,14.0
2025-04-08,GOAU4,7.82
2025-04-08,HAPV3,2.03
2025-04-08,HYPE3,19.37
2025-04-08,IGTI11,18.37
2025-04-08,ISAE4,22.21
2025-04-08,ITSA4,9.38
2025-04-08,ITUB4,31.21
2025-04-08,KLBN11,18.14
2025-04-08,LREN3,11.99
2025-04-08,MGLU3,8.78
2025-04-08,MRFG3,18.59
2025-04-08,MRVE3,4.66
2025-04-08,MULT3,23.04
2025-04-08,NTCO3,9.4
2025-04-08,PETR3,34.49
2025-04-08,PETR4,32.0
2025-04-08,POMO4,6.0
2025-04-08,PRIO3,33.82
2025-04-08,PSSA3,39.2
2025-04-08,RADL3,19.38
2025-04-08,RAIL3,16.84
2025-04-08,RDOR3,28.77
2025-04-08,RENT3,35.7
2025-04-08,SANB11,26.1
2025-04-08,SBSP3,101.59
2025-04-08,SMFT3,20.33
2025-04-08,SUZB3,50.71
2025-04-08,TAEE11,34.02
2025-04-08,TEND3,13.75
2025-04-08,TIMS3,16.64
2025-04-08,TOTS3,33.81
2025-04-08,UGPA3,16.51
2025-04-08,USIM5,5.11
2025-04-08,VALE3,49.2
2025-04-08,VAMO3,4.13
2025-04-08,VBBR3,17.14
2025-04-08,VIVA3,19.31
2025-04-08,VIVT3,50.04
2025-04-08,WEGE3,44.0
2025-04-08,YDUQ3,12.48
2025-04-09,ABEV3,13.67
2025-04-09,ALOS3,19.58
2025-04-09,ASAI3,8.2
2025-04-09,AURE3,7.71
2025-04-09,AZZA3,25.73
2025-04-09,B3SA3,12.17
2025-04-09,BBAS3,27.75
2025-04-09,BBDC3,11.1
2025-04-09,BBDC4,12.47
2025-04-09,BBSE3,40.79
2025-04-09,BEEF3,6.76
2025-04-09,BPAC11,34.03
2025-04-09,BRAP4,16.72
2025-04-09,BRAV3,17.6
2025-04-09,CCRO3,11.71
2025-04-09,CEAB3,11.61
2025-04-09,CMIG4,10.15
2025-04-09,CMIN3,5.74
2025-04-09,COGN3,2.25
2025-04-09,CPFE3,38.7
2025-04-09,CPLE3,9.53
2025-04-09,CSAN3,6.84
2025-04-09,CSMG3,19.98
2025-04-09,CSNA3,8.41
2025-04-09,CURY3,26.15
2025-04-09,CXSE3,15.52
2025-04-09,CYRE3,24.84
2025-04-09,DIRR3,32.85
2025-04-09,EGIE3,39.86
2025-04-09,ELET3,41.62
2025-04-09,EMBR3,62.45
2025-04-09,ENEV3,12.34
2025-04-09,ENGI11,40.69
2025-04-09,EQTL3,33.38
2025-04-09,FLRY3,11.94
2025-04-09,GGBR4,15.0
2025-04-09,GOAU4,8.26
2025-04-09,HAPV3,2.16
2025-04-09,HYPE3,19.76
2025-04-09,IGTI11,18.86
2025-04-09,ISAE4,22.36
2025-04-09,ITSA4,9.6
2025-04-09,ITUB4,31.78
2025-04-09,KLBN11,18.64
2025-04-09,LREN3,12.76
2025-04-09,MGLU3,9.77
2025-04-09,MRFG3,19.61
2025-04-09,MRVE3,4.81
2025-04-09,MULT3,23.63
2025-04-09,NTCO3,9.88
2025-04-09,PETR3,35.57
2025-04-09,PETR4,33.3
2025-04-09,POMO4,6.1
2025-04-09,PRIO3,35.8
2025-04-09,PSSA3,39.67
2025-04-09,RADL3,21.18
2025-04-09,RAIL3,17.17
2025-04-09,RDOR3,29.03
2025-04-09,RENT3,36.97
2025-04-09,SANB11,26.75
2025-04-09,SBSP3,103.02
2025-04-09,SMFT3,20.82
2025-04-09,SUZB3,52.24
2025-04-09,TAEE11,34.2
2025-04-09,TEND3,14.36
2025-04-09,TIMS3,17.05
2025-04-09,TOTS3,34.24
2025-04-09,UGPA3,16.87
2025-04-09,USIM5,5.47
2025-04-09,VALE3,51.85
2025-04-09,VAMO3,4.35
2025-04-09,VBBR3,17.75
2025-04-09,VIVA3,20.0
2025-04-09,VIVT3,50.73
2025-04-09,WEGE3,45.41
2025-04-09,YDUQ3,12.97
2025-04-10,ABEV3,13.6
2025-04-10,ALOS3,19.63
2025-04-10,ASAI3,8.22
2025-04-10,AURE3,7.67
2025-04-10,AZZA3,25.23
2025-04-10,B3SA3,11.86
2025-04-10,BBAS3,27.56
2025-04-10,BBDC3,11.09
2025-04-10,BBDC4,12.45
2025-04-10,BBSE3,39.66
2025-04-10,BEEF3,6.8
2025-04-10,BPAC11,33.58
2025-04-10,BRAP4,16.9
2025-04-10,BRAV3,16.4
2025-04-10,CCRO3,11.64
2025-04-10,CEAB3,11.7
2025-04-10,CMIG4,10.05
2025-04-10,CMIN3,5.7
2025-04-10,COGN3,2.24
2025-04-10,CPFE3,38.15
2025-04-10,CPLE3,9.49
2025-04-10,CSAN3,6.94
2025-04-10,CSMG3,19.62
2025-04-10,CSNA3,8.36
2025-04-10,CURY3,25.62
2025-04-10,CXSE3,15.16
2025-04-10,CYRE3,24.73
2025-04-10,DIRR3,32.54
2025-04-10,EGIE3,39.56
2025-04-10,ELET3,41.51
2025-04-10,EMBR3,60.92
2025-04-10,ENEV3,12.22
2025-04-10,ENGI11,40.44
2025-04-10,EQTL3,33.2
2025-04-10,FLRY3,11.93
2025-04-10,GGBR4,14.54
2025-04-10,GOAU4,8.05
2025-04-10,HAPV3,2.22
2025-04-10,HYPE3,19.34
2025-04-10,IGTI11,18.62
2025-04-10,ISAE4,22.17
2025-04-10,ITSA4,9.55
2025-04-10,ITUB4,31.65
2025-04-10,KLBN11,18.21
2025-04-10,LREN3,12.67
2025-04-10,MGLU3,10.21
2025-04-10,MRFG3,19.93
2025-04-10,MRVE3,4.78
2025-04-10,MULT3,23.48
2025-04-10,NTCO3,9.48
2025-04-10,PETR3,33.26
2025-04-10,PETR4,31.23
2025-04-10,POMO4,6.04
2025-04-10,PRIO3,32.89
2025-04-10,PSSA3,38.8
2025-04-10,RADL3,20.59
2025-04-10,RAIL3,17.18
2025-04-10,RDOR3,28.88
2025-04-10,RENT3,37.4
2025-04-10,SANB11,26.35
2025-04-10,SBSP3,105.0
2025-04-10,SMFT3,20.85
2025-04-10,SUZB3,52.24
2025-04-10,TAEE11,34.17
2025-04-10,TEND3,14.25
2025-04-10,TIMS3,17.04
2025-04-10,TOTS3,33.86
2025-04-10,UGPA3,16.79
2025-04-10,USIM5,5.33
2025-04-10,VALE3,52.78
2025-04-10,VAMO3,4.32
2025-04-10,VBBR3,17.62
2025-04-10,VIVA3,19.86
2025-04-10,VIVT3,50.64
2025-04-10,WEGE3,44.91
2025-04-10,YDUQ3,12.8
2025-04-11,ABEV3,13.48
2025-04-11,ALOS3,19.75
2025-04-11,ASAI3,8.3
2025-04-11,AURE3,7.87
2025-04-11,AZZA3,26.24
2025-04-11,B3SA3,11.94
2025-04-11,BBAS3,27.8
2025-04-11,BBDC3,11.18
2025-04-11,BBDC4,12.62
2025-04-11,BBSE3,39.98
2025-04-11,BEEF3,6.97
2025-04-11,BPAC11,33.57
2025-04-11,BRAP4,17.17
2025-04-11,BRAV3,17.26
2025-04-11,CCRO3,11.7
2025-04-11,CEAB3,12.05
2025-04-11,CMIG4,10.11
2025-04-11,CMIN3,5.81
2025-04-11,COGN3,2.25
2025-04-11,CPFE3,37.71
2025-04-11,CPLE3,9.63
2025-04-11,CSAN3,7.04
2025-04-11,CSMG3,19.75
2025-04-11,CSNA3,8.63
2025-04-11,CURY3,25.93
2025-04-11,CXSE3,15.28
2025-04-11,CYRE3,24.92
2025-04-11,DIRR3,32.3
2025-04-11,EGIE3,39.65
2025-04-11,ELET3,41.46
2025-04-11,EMBR3,60.71
2025-04-11,ENEV3,12.44
2025-04-11,ENGI11,41.2
2025-04-11,EQTL3,33.6
2025-04-11,FLRY3,12.02
2025-04-11,GGBR4,14.68
2025-04-11,GOAU4,8.16
2025-04-11,HAPV3,2.24
2025-04-11,HYPE3,19.37
2025-04-11,IGTI11,19.0
2025-04-11,ISAE4,22.17
2025-04-11,ITSA4,9.65
2025-04-11,ITUB4,31.81
2025-04-11,KLBN11,18.09
2025-04-11,LREN3,12.8
2025-04-11,MGLU3,10.47
2025-04-11,MRFG3,20.16
2025-04-11,MRVE3,4.93
2025-04-11,MULT3,23.8
2025-04-11,NTCO3,9.37
2025-04-11,PETR3,33.92
2025-04-11,PETR4,31.85
2025-04-11,POMO4,6.03
2025-04-11,PRIO3,34.33
2025-04-11,PSSA3,38.99
2025-04-11,RADL3,21.38
2025-04-11,RAIL3,17.77
2025-04-11,RDOR3,29.06
2025-04-11,RENT3,38.57
2025-04-11,SANB11,26.62
2025-04-11,SBSP3,107.02
2025-04-11,SMFT3,21.61
2025-04-11,SUZB3,51.64
2025-04-11,TAEE11,34.01
2025-04-11,TEND3,14.5
2025-04-11,TIMS3,17.27
2025-04-11,TOTS3,34.7
2025-04-11,UGPA3,16.78
2025-04-11,USIM5,5.42
2025-04-11,VALE3,53.66
2025-04-11,VAMO3,4.87
2025-04-11,VBBR3,17.9
2025-04-11,VIVA3,19.9
2025-04-11,VIVT3,50.45
2025-04-11,WEGE3,45.12
2025-04-11,YDUQ3,12.95
2025-04-14,ABEV3,13.68
2025-04-14,ALOS3,20.06
2025-04-14,ASAI3,8.42
2025-04-14,AURE3,7.89
2025-04-14,AZZA3,26.79
2025-04-14,B3SA3,12.17
2025-04-14,BBAS3,28.07
2025-04-14,BBDC3,11.36
2025-04-14,BBDC4,12.73
2025-04-14,BBSE3,40.29
2025-04-14,BEEF3,6.77
2025-04-14,BPAC11,34.38
2025-04-14,BRAP4,17.44
2025-04-14,BRAV3,17.23
2025-04-14,CCRO3,11.94
2025-04-14,CEAB3,12.42
2025-04-14,CMIG4,10.2
2025-04-14,CMIN3,6.08
2025-04-14,COGN3,2.29
2025-04-14,CPFE3,38.25
2025-04-14,CPLE3,9.86
2025-04-14,CSAN3,7.25
2025-04-14,CSMG3,20.03
2025-04-14,CSNA3,8.96
2025-04-14,CURY3,26.55
2025-04-14,CXSE3,15.52
2025-04-14,CYRE3,25.2
2025-04-14,DIRR3,33.22
2025-04-14,EGIE3,39.74
2025-04-14,ELET3,42.28
2025-04-14,EMBR3,62.73
2025-04-14,ENEV3,12.42
2025-04-14,ENGI11,42.16
2025-04-14,EQTL3,34.34
2025-04-14,FLRY3,12.13
2025-04-14,GGBR4,15.15
2025-04-14,GOAU4,8.42
2025-04-14,HAPV3,2.25
2025-04-14,HYPE3,19.72
2025-04-14,IGTI11,19.4
2025-04-14,ISAE4,22.3
2025-04-14,ITSA4,9.78
2025-04-14,ITUB4,32.33
2025-04-14,KLBN11,18.32
2025-04-14,LREN3,13.01
2025-04-14,MGLU3,10.49
2025-04-14,MRFG3,20.5
2025-04-14,MRVE3,5.01
2025-04-14,MULT3,24.2
2025-04-14,NTCO3,9.25
2025-04-14,PETR3,33.99
2025-04-14,PETR4,31.73
2025-04-14,POMO4,5.97
2025-04-14,PRIO3,33.82
2025-04-14,PSSA3,39.6
2025-04-14,RADL3,21.44
2025-04-14,RAIL3,18.47
2025-04-14,RDOR3,29.65
2025-04-14,RENT3,39.26
2025-04-14,SANB11,26.95
2025-04-14,SBSP3,108.4
2025-04-14,SMFT3,22.06
2025-04-14,SUZB3,52.41
2025-04-14,TAEE11,34.41
2025-04-14,TEND3,15.14
2025-04-14,TIMS3,17.45
2025-04-14,TOTS3,35.79
2025-04-14,UGPA3,16.88
2025-04-14,USIM5,5.6
2025-04-14,VALE3,54.36
2025-04-14,VAMO3,4.85
2025-04-14,VBBR3,18.28
2025-04-14,VIVA3,20.2
2025-04-14,VIVT3,51.0
2025-04-14,WEGE3,45.82
2025-04-14,YDUQ3,13.24
2025-04-15,ABEV3,13.66
2025-04-15,ALOS3,20.0
2025-04-15,ASAI3,8.29
2025-04-15,AURE3,7.88
2025-04-15,AZZA3,27.0
2025-04-15,B3SA3,12.26
2025-04-15,BBAS3,27.77
2025-04-15,BBDC3,11.38
2025-04-15,BBDC4,12.74
2025-04-15,BBSE3,40.61
2025-04-15,BEEF3,6.9
2025-04-15,BPAC11,34.3
2025-04-15,BRAP4,17.12
2025-04-15,BRAV3,17.23
2025-04-15,CCRO3,12.46
2025-04-15,CEAB3,12.45
2025-04-15,CMIG4,10.3
2025-04-15,CMIN3,5.95
2025-04-15,COGN3,2.35
2025-04-15,CPFE3,38.34
2025-04-15,CPLE3,9.88
2025-04-15,CSAN3,7.05
2025-04-15,CSMG3,20.06
2025-04-15,CSNA3,8.65
2025-04-15,CURY3,27.06
2025-04-15,CXSE3,15.69
2025-04-15,CYRE3,25.62
2025-04-15,DIRR3,33.55
2025-04-15,EGIE3,39.57
2025-04-15,ELET3,41.74
2025-04-15,EMBR3,64.65
2025-04-15,ENEV3,12.33
2025-04-15,ENGI11,42.52
2025-04-15,EQTL3,34.36
2025-04-15,FLRY3,12.13
2025-04-15,GGBR4,14.98
2025-04-15,GOAU4,8.27
2025-04-15,HAPV3,2.21
2025-04-15,HYPE3,19.78
2025-04-15,IGTI11,19.51
2025-04-15,ISAE4,22.39
2025-04-15,ITSA4,9.91
2025-04-15,ITUB4,32.74
2025-04-15,KLBN11,17.99
2025-04-15,LREN3,12.8
2025-04-15,MGLU3,10.45
2025-04-15,MRFG3,20.15
2025-04-15,MRVE3,4.97
2025-04-15,MULT3,24.07
2025-04-15,NTCO3,9.49
2025-04-15,PETR3,33.36
2025-04-15,PETR4,31.0
2025-04-15,POMO4,6.39
2025-04-15,PRIO3,33.03
2025-04-15,PSSA3,40.42
2025-04-15,RADL3,22.8
2025-04-15,RAIL3,18.5
2025-04-15,RDOR3,29.93
2025-04-15,RENT3,39.4
2025-04-15,SANB11,26.93
2025-04-15,SBSP3,108.43
2025-04-15,SMFT3,22.18
2025-04-15,SUZB3,51.95
2025-04-15,TAEE11,34.45
2025-04-15,TEND3,14.82
2025-04-15,TIMS3,17.52
2025-04-15,TOTS3,36.17
2025-04-15,UGPA3,16.8
2025-04-15,USIM5,5.46
2025-04-15,VALE3,53.81
2025-04-15,VAMO3,4.89
2025-04-15,VBBR3,18.27
2025-04-15,VIVA3,20.05
2025-04-15,VIVT3,25.46
2025-04-15,WEGE3,45.82
2025-04-15,YDUQ3,13.51
2025-04-16,ABEV3,13.89
2025-04-16,ALOS3,19.96
2025-04-16,ASAI3,8.3
2025-04-16,AURE3,7.81
2025-04-16,AZZA3,27.22
2025-04-16,B3SA3,12.06
2025-04-16,BBAS3,27.65
2025-04-16,BBDC3,11.41
2025-04-16,BBDC4,12.72
2025-04-16,BBSE3,40.45
2025-04-16,BEEF3,7.2
2025-04-16,BPAC11,34.03
2025-04-16,BRAP4,16.82
2025-04-16,BRAV3,18.13
2025-04-16,CCRO3,12.33
2025-04-16,CEAB3,12.35
2025-04-16,CMIG4,10.24
2025-04-16,CMIN3,5.72
2025-04-16,COGN3,2.32
2025-04-16,CPFE3,38.25
2025-04-16,CPLE3,9.83
2025-04-16,CSAN3,7.0
2025-04-16,CSMG3,19.92
2025-04-16,CSNA3,8.65
2025-04-16,CURY3,26.91
2025-04-16,CXSE3,15.6
2025-04-16,CYRE3,25.34
2025-04-16,DIRR3,33.63
2025-04-16,EGIE3,39.4
2025-04-16,ELET3,41.02
2025-04-16,EMBR3,62.41
2025-04-16,ENEV3,12.25
2025-04-16,ENGI11,42.18
2025-04-16,EQTL3,33.56
2025-04-16,FLRY3,12.36
2025-04-16,GGBR4,15.07
2025-04-16,GOAU4,8.34
2025-04-16,HAPV3,2.21
2025-04-16,HYPE3,19.86
2025-04-16,IGTI11,19.47
2025-04-16,ISAE4,22.35
2025-04-16,ITSA4,9.89
2025-04-16,ITUB4,32.69
2025-04-16,KLBN11,17.8
2025-04-16,LREN3,12.64
2025-04-16,MGLU3,10.35
2025-04-16,MRFG3,20.65
2025-04-16,MRVE3,5.12
2025-04-16,MULT3,24.12
2025-04-16,NTCO3,9.34
2025-04-16,PETR3,33.07
2025-04-16,PETR4,31.0
2025-04-16,POMO4,6.5
2025-04-16,PRIO3,33.4
2025-04-16,PSSA3,40.4
2025-04-16,RADL3,21.34
2025-04-16,RAIL3,18.51
2025-04-16,RDOR3,29.69
2025-04-16,RENT3,38.75
2025-04-16,SANB11,27.12
2025-04-16,SBSP3,107.3
2025-04-16,SMFT3,22.4
2025-04-16,SUZB3,51.86
2025-04-16,TAEE11,34.4
2025-04-16,TEND3,15.12
2025-04-16,TIMS3,17.53
2025-04-16,TOTS3,35.99
2025-04-16,UGPA3,16.78
2025-04-16,USIM5,5.58
2025-04-16,VALE3,52.56
2025-04-16,VAMO3,4.82
2025-04-16,VBBR3,18.44
2025-04-16,VIVA3,19.37
2025-04-16,VIVT3,25.74
2025-04-16,WEGE3,45.84
2025-04-16,YDUQ3,13.39
2025-04-17,ABEV3,14.0
2025-04-17,ALOS3,20.21
2025-04-17,ASAI3,8.26
2025-04-17,AURE3,7.9
2025-04-17,AZZA3,27.6
2025-04-17,B3SA3,12.18
2025-04-17,BBAS3,27.43
2025-04-17,BBDC3,11.42
2025-04-17,BBDC4,12.78
2025-04-17,BBSE3,40.74
2025-04-17,BEEF3,7.41
2025-04-17,BPAC11,34.73
2025-04-17,BRAP4,17.0
2025-04-17,BRAV3,18.31
2025-04-17,CCRO3,12.52
2025-04-17,CEAB3,12.72
2025-04-17,CMIG4,10.35
2025-04-17,CMIN3,5.65
2025-04-17,COGN3,2.45
2025-04-17,CPFE3,38.25
2025-04-17,CPLE3,9.96
2025-04-17,CSAN3,7.17
2025-04-17,CSMG3,20.01
2025-04-17,CSNA3,8.68
2025-04-17,CURY3,27.34
2025-04-17,CXSE3,15.8
2025-04-17,CYRE3,25.64
2025-04-17,DIRR3,34.32
2025-04-17,EGIE3,39.29
2025-04-17,ELET3,42.13
2025-04-17,EMBR3,63.15
2025-04-17,ENEV3,12.47
2025-04-17,ENGI11,42.54
2025-04-17,EQTL3,34.15
2025-04-17,FLRY3,12.29
2025-04-17,GGBR4,14.95
2025-04-17,GOAU4,8.3
2025-04-17,HAPV3,2.16
2025-04-17,HYPE3,19.97
2025-04-17,IGTI11,19.82
2025-04-17,ISAE4,22.39
2025-04-17,ITSA4,9.95
2025-04-17,ITUB4,32.75
2025-04-17,KLBN11,17.9
2025-04-17,LREN3,12.8
2025-04-17,MGLU3,10.2
2025-04-17,MRFG3,20.7
2025-04-17,MRVE3,5.57
2025-04-17,MULT3,24.14
2025-04-17,NTCO3,9.34
2025-04-17,PETR3,33.17
2025-04-17,PETR4,30.85
2025-04-17,POMO4,6.56
2025-04-17,PRIO3,34.56
2025-04-17,PSSA3,40.5
2025-04-17,RADL3,20.69
2025-04-17,RAIL3,18.88
2025-04-17,RDOR3,29.87
2025-04-17,RENT3,40.25
2025-04-17,SANB11,27.07
2025-04-17,SBSP3,109.01
2025-04-17,SMFT3,23.1
2025-04-17,SUZB3,51.84
2025-04-17,TAEE11,34.5
2025-04-17,TEND3,15.95
2025-04-17,TIMS3,17.84
2025-04-17,TOTS3,36.64
2025-04-17,UGPA3,17.25
2025-04-17,USIM5,5.67
2025-04-17,VALE3,52.88
2025-04-17,VAMO3,4.99
2025-04-17,VBBR3,18.1
2025-04-17,VIVA3,19.92
2025-04-17,VIVT3,26.41
2025-04-17,WEGE3,45.95
2025-04-17,YDUQ3,14.85
2025-04-22,ABEV3,14.02
2025-04-22,ALOS3,20.23
2025-04-22,ASAI3,8.38
2025-04-22,AURE3,8.06
2025-04-22,AZZA3,28.0
2025-04-22,B3SA3,12.42
2025-04-22,BBAS3,27.78
2025-04-22,BBDC3,11.36
2025-04-22,BBDC4,12.73
2025-04-22,BBSE3,40.9
2025-04-22,BEEF3,7.68
2025-04-22,BPAC11,34.95
2025-04-22,BRAP4,17.27
2025-04-22,BRAV3,18.64
2025-04-22,CCRO3,12.73
2025-04-22,CEAB3,12.66
2025-04-22,CMIG4,10.29
2025-04-22,CMIN3,5.74
2025-04-22,COGN3,2.6
2025-04-22,CPFE3,38.0
2025-04-22,CPLE3,10.13
2025-04-22,CSAN3,7.26
2025-04-22,CSMG3,20.21
2025-04-22,CSNA3,8.85
2025-04-22,CURY3,27.52
2025-04-22,CXSE3,15.87
2025-04-22,CYRE3,26.16
2025-04-22,DIRR3,34.77
2025-04-22,EGIE3,39.39
2025-04-22,ELET3,42.06
2025-04-22,EMBR3,60.97
2025-04-22,ENEV3,12.59
2025-04-22,ENGI11,42.84
2025-04-22,EQTL3,34.02
2025-04-22,FLRY3,12.38
2025-04-22,GGBR4,14.89
2025-04-22,GOAU4,8.31
2025-04-22,HAPV3,2.21
2025-04-22,HYPE3,20.56
2025-04-22,IGTI11,19.47
2025-04-22,ISAE4,22.41
2025-04-22,ITSA4,10.17
2025-04-22,ITUB4,33.39
2025-04-22,KLBN11,17.75
2025-04-22,LREN3,12.81
2025-04-22,MGLU3,10.14
2025-04-22,MRFG3,21.14
2025-04-22,MRVE3,6.03
2025-04-22,MULT3,24.29
2025-04-22,NTCO3,9.49
2025-04-22,PETR3,32.99
2025-04-22,PETR4,30.92
2025-04-22,POMO4,6.53
2025-04-22,PRIO3,34.37
2025-04-22,PSSA3,41.11
2025-04-22,RADL3,20.15
2025-04-22,RAIL3,19.04
2025-04-22,RDOR3,29.69
2025-04-22,RENT3,39.15
2025-04-22,SANB11,26.9
2025-04-22,SBSP3,109.99
2025-04-22,SMFT3,23.25
2025-04-22,SUZB3,51.83
2025-04-22,TAEE11,34.82
2025-04-22,TEND3,16.56
2025-04-22,TIMS3,17.9
2025-04-22,TOTS3,36.96
2025-04-22,UGPA3,16.92
2025-04-22,USIM5,5.71
2025-04-22,VALE3,53.82
2025-04-22,VAMO3,4.97
2025-04-22,VBBR3,18.13
2025-04-22,VIVA3,20.07
2025-04-22,VIVT3,26.36
2025-04-22,WEGE3,46.24
2025-04-22,YDUQ3,14.74
2025-04-23,ABEV3,14.05
2025-04-23,ALOS3,20.5
2025-04-23,ASAI3,8.7
2025-04-23,AURE3,8.34
2025-04-23,AZZA3,28.26
2025-04-23,B3SA3,12.65
2025-04-23,BBAS3,28.04
2025-04-23,BBDC3,11.69
2025-04-23,BBDC4,13.15
2025-04-23,BBSE3,41.18
2025-04-23,BEEF3,7.92
2025-04-23,BPAC11,35.72
2025-04-23,BRAP4,17.55
2025-04-23,BRAV3,18.52
2025-04-23,CCRO3,13.04
2025-04-23,CEAB3,12.92
2025-04-23,CMIG4,10.45
2025-04-23,CMIN3,6.07
2025-04-23,COGN3,2.39
2025-04-23,CPFE3,38.15
2025-04-23,CPLE3,10.18
2025-04-23,CSAN3,7.51
2025-04-23,CSMG3,20.65
2025-04-23,CSNA3,9.13
2025-04-23,CURY3,27.26
2025-04-23,CXSE3,16.11
2025-04-23,CYRE3,25.87
2025-04-23,DIRR3,35.1
2025-04-23,EGIE3,39.79
2025-04-23,ELET3,42.52
2025-04-23,EMBR3,63.12
2025-04-23,ENEV3,13.1
2025-04-23,ENGI11,43.62
2025-04-23,EQTL3,34.68
2025-04-23,FLRY3,12.59
2025-04-23,GGBR4,15.06
2025-04-23,GOAU4,8.4
2025-04-23,HAPV3,2.24
2025-04-23,HYPE3,21.02
2025-04-23,IGTI11,19.78
2025-04-23,ISAE4,22.7
2025-04-23,ITSA4,10.34
2025-04-23,ITUB4,34.09
2025-04-23,KLBN11,18.09
2025-04-23,LREN3,12.91
2025-04-23,MGLU3,9.54
2025-04-23,MRFG3,21.33
2025-04-23,MRVE3,6.01
2025-04-23,MULT3,24.49
2025-04-23,NTCO3,9.42
2025-04-23,PETR3,32.75
2025-04-23,PETR4,30.57
2025-04-23,POMO4,6.62
2025-04-23,PRIO3,33.25
2025-04-23,PSSA3,41.6
2025-04-23,RADL3,20.37
2025-04-23,RAIL3,19.39
2025-04-23,RDOR3,29.89
2025-04-23,RENT3,40.36
2025-04-23,SANB11,27.04
2025-04-23,SBSP3,112.61
2025-04-23,SMFT3,23.59
2025-04-23,SUZB3,52.44
2025-04-23,TAEE11,35.38
2025-04-23,TEND3,16.69
2025-04-23,TIMS3,18.17
2025-04-23,TOTS3,36.97
2025-04-23,UGPA3,17.4
2025-04-23,USIM5,6.07
2025-04-23,VALE3,54.46
2025-04-23,VAMO3,5.05
2025-04-23,VBBR3,18.37
2025-04-23,VIVA3,19.83
2025-04-23,VIVT3,26.9
2025-04-23,WEGE3,46.27
2025-04-23,YDUQ3,13.93
2025-04-24,ABEV3,14.15
2025-04-24,ALOS3,21.09
2025-04-24,ASAI3,9.12
2025-04-24,AURE3,8.58
2025-04-24,AZZA3,29.59
2025-04-24,B3SA3,13.27
2025-04-24,BBAS3,27.7
2025-04-24,BBDC3,11.91
2025-04-24,BBDC4,13.36
2025-04-24,BBSE3,41.62
2025-04-24,BEEF3,7.5
2025-04-24,BPAC11,36.1
2025-04-24,BRAP4,17.93
2025-04-24,BRAV3,18.74
2025-04-24,CCRO3,13.07
2025-04-24,CEAB3,13.43
2025-04-24,CMIG4,10.64
2025-04-24,CMIN3,6.34
2025-04-24,COGN3,2.52
2025-04-24,CPFE3,38.95
2025-04-24,CPLE3,10.55
2025-04-24,CSAN3,7.81
2025-04-24,CSMG3,20.95
2025-04-24,CSNA3,9.36
2025-04-24,CURY3,27.8
2025-04-24,CXSE3,16.46
2025-04-24,CYRE3,26.95
2025-04-24,DIRR3,36.52
2025-04-24,EGIE3,40.58
2025-04-24,ELET3,43.94
2025-04-24,EMBR3,63.21
2025-04-24,ENEV3,13.32
2025-04-24,ENGI11,45.05
2025-04-24,EQTL3,35.45
2025-04-24,FLRY3,12.99
2025-04-24,GGBR4,15.37
2025-04-24,GOAU4,8.62
2025-04-24,HAPV3,2.44
2025-04-24,HYPE3,23.6
2025-04-24,IGTI11,20.31
2025-04-24,ISAE4,22.93
2025-04-24,ITSA4,10.56
2025-04-24,ITUB4,34.75
2025-04-24,KLBN11,18.67
2025-04-24,LREN3,13.65
2025-04-24,MGLU3,10.57
2025-04-24,MRFG3,21.07
2025-04-24,MRVE3,6.2
2025-04-24,MULT3,25.15
2025-04-24,NTCO3,9.99
2025-04-24,PETR3,32.51
2025-04-24,PETR4,30.43
2025-04-24,POMO4,6.72
2025-04-24,PRIO3,34.51
2025-04-24,PSSA3,41.86
2025-04-24,RADL3,20.1
2025-04-24,RAIL3,19.93
2025-04-24,RDOR3,30.92
2025-04-24,RENT3,41.6
2025-04-24,SANB11,28.07
2025-04-24,SBSP3,114.94
2025-04-24,SMFT3,24.18
2025-04-24,SUZB3,52.25
2025-04-24,TAEE11,36.11
2025-04-24,TEND3,17.06
2025-04-24,TIMS3,18.54
2025-04-24,TOTS3,36.97
2025-04-24,UGPA3,17.82
2025-04-24,USIM5,5.81
2025-04-24,VALE3,55.31
2025-04-24,VAMO3,5.43
2025-04-24,VBBR3,18.94
2025-04-24,VIVA3,20.5
2025-04-24,VIVT3,27.32
2025-04-24,WEGE3,48.59
2025-04-24,YDUQ3,14.77
2025-04-25,ABEV3,14.09
2025-04-25,ALOS3,21.12
2025-04-25,ASAI3,9.24
2025-04-25,AURE3,8.87
2025-04-25,AZZA3,30.34
2025-04-25,B3SA3,13.39
2025-04-25,BBAS3,28.01
2025-04-25,BBDC3,11.97
2025-04-25,BBDC4,13.38
2025-04-25,BBSE3,42.05
2025-04-25,BEEF3,7.83
2025-04-25,BPAC11,36.6
2025-04-25,BRAP4,17.59
2025-04-25,BRAV3,18.51
2025-04-25,CCRO3,13.2
2025-04-25,CEAB3,13.42
2025-04-25,CMIG4,10.93
2025-04-25,CMIN3,6.18
2025-04-25,COGN3,2.5
2025-04-25,CPFE3,39.04
2025-04-25,CPLE3,10.25
2025-04-25,CSAN3,7.71
2025-04-25,CSMG3,21.24
2025-04-25,CSNA3,9.39
2025-04-25,CURY3,27.25
2025-04-25,CXSE3,16.63
2025-04-25,CYRE3,25.53
2025-04-25,DIRR3,35.87
2025-04-25,EGIE3,40.26
2025-04-25,ELET3,43.43
2025-04-25,EMBR3,63.52
2025-04-25,ENEV3,13.27
2025-04-25,ENGI11,45.5
2025-04-25,EQTL3,35.95
2025-04-25,FLRY3,12.98
2025-04-25,GGBR4,15.33
2025-04-25,GOAU4,8.59
2025-04-25,HAPV3,2.41
2025-04-25,HYPE3,24.03
2025-04-25,IGTI11,20.24
2025-04-25,ISAE4,23.28
2025-04-25,ITSA4,10.57
2025-04-25,ITUB4,34.62
2025-04-25,KLBN11,18.69
2025-04-25,LREN3,13.84
2025-04-25,MGLU3,10.45
2025-04-25,MRFG3,22.85
2025-04-25,MRVE3,6.11
2025-04-25,MULT3,25.5
2025-04-25,NTCO3,9.97
2025-04-25,PETR3,32.67
2025-04-25,PETR4,30.52
2025-04-25,POMO4,6.83
2025-04-25,PRIO3,34.88
2025-04-25,PSSA3,42.39
2025-04-25,RADL3,20.1
2025-04-25,RAIL3,19.68
2025-04-25,RDOR3,31.42
2025-04-25,RENT3,42.81
2025-04-25,SANB11,27.88
2025-04-25,SBSP3,115.38
2025-04-25,SMFT3,24.14
2025-04-25,SUZB3,51.28
2025-04-25,TAEE11,35.97
2025-04-25,TEND3,16.2
2025-04-25,TIMS3,18.61
2025-04-25,TOTS3,37.52
2025-04-25,UGPA3,18.01
2025-04-25,USIM5,5.73
2025-04-25,VALE3,53.85
2025-04-25,VAMO3,5.36
2025-04-25,VBBR3,19.1
2025-04-25,VIVA3,21.14
2025-04-25,VIVT3,27.15
2025-04-25,WEGE3,49.89
2025-04-25,YDUQ3,14.16
2025-04-28,ABEV3,14.3
2025-04-28,ALOS3,21.12
2025-04-28,ASAI3,9.21
2025-04-28,AURE3,8.85
2025-04-28,AZZA3,30.9
2025-04-28,B3SA3,13.42
2025-04-28,BBAS3,28.35
2025-04-28,BBDC3,11.94
2025-04-28,BBDC4,13.35
2025-04-28,BBSE3,42.42
2025-04-28,BEEF3,7.48
2025-04-28,BPAC11,37.12
2025-04-28,BRAP4,16.62
2025-04-28,BRAV3,17.98
2025-04-28,CCRO3,13.15
2025-04-28,CEAB3,13.42
2025-04-28,CMIG4,10.83
2025-04-28,CMIN3,6.16
2025-04-28,COGN3,2.53
2025-04-28,CPFE3,39.5
2025-04-28,CPLE3,10.33
2025-04-28,CSAN3,7.72
2025-04-28,CSMG3,21.23
2025-04-28,CSNA3,9.36
2025-04-28,CURY3,27.63
2025-04-28,CXSE3,16.73
2025-04-28,CYRE3,25.06
2025-04-28,DIRR3,36.41
2025-04-28,EGIE3,40.81
2025-04-28,ELET3,43.56
2025-04-28,EMBR3,64.05
2025-04-28,ENEV3,13.37
2025-04-28,ENGI11,45.5
2025-04-28,EQTL3,36.17
2025-04-28,FLRY3,12.92
2025-04-28,GGBR4,15.55
2025-04-28,GOAU4,8.66
2025-04-28,HAPV3,2.44
2025-04-28,HYPE3,23.08
2025-04-28,IGTI11,20.19
2025-04-28,ISAE4,23.4
2025-04-28,ITSA4,10.63
2025-04-28,ITUB4,34.99
2025-04-28,KLBN11,18.81
2025-04-28,LREN3,14.3
2025-04-28,MGLU3,10.0
2025-04-28,MRFG3,21.93
2025-04-28,MRVE3,6.06
2025-04-28,MULT3,25.15
2025-04-28,NTCO3,9.94
2025-04-28,PETR3,32.46
2025-04-28,PETR4,30.4
2025-04-28,POMO4,6.91
2025-04-28,PRIO3,33.81
2025-04-28,PSSA3,42.8
2025-04-28,RADL3,19.94
2025-04-28,RAIL3,19.57
2025-04-28,RDOR3,31.5
2025-04-28,RENT3,43.06
2025-04-28,SANB11,28.24
2025-04-28,SBSP3,115.4
2025-04-28,SMFT3,24.4
2025-04-28,SUZB3,50.85
2025-04-28,TAEE11,36.14
2025-04-28,TEND3,16.45
2025-04-28,TIMS3,18.55
2025-04-28,TOTS3,37.19
2025-04-28,UGPA3,17.98
2025-04-28,USIM5,5.75
2025-04-28,VALE3,54.04
2025-04-28,VAMO3,5.19
2025-04-28,VBBR3,18.94
2025-04-28,VIVA3,21.44
2025-04-28,VIVT3,27.23
2025-04-28,WEGE3,50.32
2025-04-28,YDUQ3,14.6
2025-04-29,ABEV3,14.51
2025-04-29,ALOS3,21.17
2025-04-29,ASAI3,9.1
2025-04-29,AURE3,8.79
2025-04-29,AZZA3,30.98
2025-04-29,B3SA3,13.23
2025-04-29,BBAS3,28.5
2025-04-29,BBDC3,12.1
2025-04-29,BBDC4,13.5
2025-04-29,BBSE3,41.83
2025-04-29,BEEF3,7.27
2025-04-29,BPAC11,37.4
2025-04-29,BRAP4,16.53
2025-04-29,BRAV3,18.09
2025-04-29,CCRO3,13.29
2025-04-29,CEAB3,13.09
2025-04-29,CMIG4,10.85
2025-04-29,CMIN3,6.17
2025-04-29,COGN3,2.56
2025-04-29,CPFE3,39.09
2025-04-29,CPLE3,10.28
2025-04-29,CSAN3,7.73
2025-04-29,CSMG3,21.08
2025-04-29,CSNA3,9.4
2025-04-29,CURY3,26.8
2025-04-29,CXSE3,16.02
2025-04-29,CYRE3,24.36
2025-04-29,DIRR3,34.92
2025-04-29,EGIE3,40.75
2025-04-29,ELET3,43.91
2025-04-29,EMBR3,64.07
2025-04-29,ENEV3,13.38
2025-04-29,ENGI11,45.6
2025-04-29,EQTL3,36.04
2025-04-29,FLRY3,12.92
2025-04-29,GGBR4,15.37
2025-04-29,GOAU4,8.62
2025-04-29,HAPV3,2.36
2025-04-29,HYPE3,23.32
2025-04-29,IGTI11,20.32
2025-04-29,ISAE4,23.42
2025-04-29,ITSA4,10.63
2025-04-29,ITUB4,35.27
2025-04-29,KLBN11,18.7
2025-04-29,LREN3,14.54
2025-04-29,MGLU3,9.98
2025-04-29,MRFG3,21.75
2025-04-29,MRVE3,5.83
2025-04-29,MULT3,25.46
2025-04-29,NTCO3,9.55
2025-04-29,PETR3,32.55
2025-04-29,PETR4,30.56
2025-04-29,POMO4,6.88
2025-04-29,PRIO3,34.66
2025-04-29,PSSA3,43.19
2025-04-29,RADL3,19.95
2025-04-29,RAIL3,19.46
2025-04-29,RDOR3,31.46
2025-04-29,RENT3,43.18
2025-04-29,SANB11,28.4
2025-04-29,SBSP3,114.92
2025-04-29,SMFT3,24.52
2025-04-29,SUZB3,50.36
2025-04-29,TAEE11,36.16
2025-04-29,TEND3,15.84
2025-04-29,TIMS3,18.75
2025-04-29,TOTS3,37.23
2025-04-29,UGPA3,17.83
2025-04-29,USIM5,5.73
2025-04-29,VALE3,53.84
2025-04-29,VAMO3,5.16
2025-04-29,VBBR3,18.74
2025-04-29,VIVA3,21.54
2025-04-29,VIVT3,27.43
2025-04-29,WEGE3,50.47
2025-04-29,YDUQ3,14.3
2025-04-30,ABEV3,14.57
2025-04-30,ALOS3,21.26
2025-04-30,ASAI3,9.19
2025-04-30,AURE3,8.93
2025-04-30,AZZA3,31.84
2025-04-30,B3SA3,13.49
2025-04-30,BBAS3,28.93
2025-04-30,BBDC3,12.23
2025-04-30,BBDC4,13.73
2025-04-30,BBSE3,42.77
2025-04-30,BEEF3,5.91
2025-04-30,BPAC11,38.11
2025-04-30,BRAP4,16.19
2025-04-30,BRAV3,17.36
2025-04-30,CCRO3,13.45
2025-04-30,CEAB3,13.31
2025-04-30,CMIG4,10.95
2025-04-30,CMIN3,6.14
2025-04-30,COGN3,2.58
2025-04-30,CPFE3,38.19
2025-04-30,CPLE3,10.44
2025-04-30,CSAN3,7.77
2025-04-30,CSMG3,21.44
2025-04-30,CSNA3,9.3
2025-04-30,CURY3,27.55
2025-04-30,CXSE3,16.36
2025-04-30,CYRE3,24.79
2025-04-30,DIRR3,36.35
2025-04-30,EGIE3,41.57
2025-04-30,ELET3,43.95
2025-04-30,EMBR3,64.92
2025-04-30,ENEV3,13.51
2025-04-30,ENGI11,45.94
2025-04-30,EQTL3,36.81
2025-04-30,FLRY3,12.99
2025-04-30,GGBR4,14.99
2025-04-30,GOAU4,8.41
2025-04-30,HAPV3,2.32
2025-04-30,HYPE3,24.12
2025-04-30,IGTI11,20.54
2025-04-30,ISAE4,23.99
2025-04-30,ITSA4,10.7
2025-04-30,ITUB4,35.58
2025-04-30,KLBN11,18.53
2025-04-30,LREN3,14.61
2025-04-30,MGLU3,9.32
2025-04-30,MRFG3,21.48
2025-04-30,MRVE3,5.92
2025-04-30,MULT3,25.74
2025-04-30,NTCO3,9.51
2025-04-30,PETR3,32.05
2025-04-30,PETR4,29.99
2025-04-30,POMO4,7.04
2025-04-30,PRIO3,33.71
2025-04-30,PSSA3,43.99
2025-04-30,RADL3,19.84
2025-04-30,RAIL3,19.4
2025-04-30,RDOR3,32.02
2025-04-30,RENT3,42.96
2025-04-30,SANB11,29.52
2025-04-30,SBSP3,113.89
2025-04-30,SMFT3,24.45
2025-04-30,SUZB3,50.08
2025-04-30,TAEE11,35.92
2025-04-30,TEND3,16.15
2025-04-30,TIMS3,18.95
2025-04-30,TOTS3,37.62
2025-04-30,UGPA3,17.83
2025-04-30,USIM5,5.53
2025-04-30,VALE3,52.86
2025-04-30,VAMO3,4.92
2025-04-30,VBBR3,18.8
2025-04-30,VIVA3,22.11
2025-04-30,VIVT3,27.79
2025-04-30,WEGE3,44.64
2025-04-30,YDUQ3,14.29
2025-05-02,ABEV3,14.12
2025-05-02,ALOS3,21.55
2025-05-02,ASAI3,9.17
2025-05-02,AURE3,8.99
2025-05-02,AZZA3,31.78
2025-05-02,B3SA3,13.31
2025-05-02,BBAS3,28.9
2025-05-02,BBDC3,12.04
2025-05-02,BBDC4,13.44
2025-05-02,BBSE3,42.15
2025-05-02,BEEF3,6.01
2025-05-02,BPAC11,37.75
2025-05-02,BRAP4,16.23
2025-05-02,BRAV3,17.98
2025-05-02,CEAB3,13.21
2025-05-02,CMIG4,10.33
2025-05-02,CMIN3,6.08
2025-05-02,COGN3,2.61
2025-05-02,CPFE3,38.05
2025-05-02,CPLE3,10.7
2025-05-02,CSAN3,8.01
2025-05-02,CSMG3,20.95
2025-05-02,CSNA3,9.35
2025-05-02,CURY3,28.01
2025-05-02,CXSE3,15.8
2025-05-02,CYRE3,24.51
2025-05-02,DIRR3,36.16
2025-05-02,EGIE3,41.06
2025-05-02,ELET3,44.49
2025-05-02,EMBR3,66.12
2025-05-02,ENEV3,13.35
2025-05-02,ENGI11,45.4
2025-05-02,EQTL3,35.9
2025-05-02,FLRY3,12.95
2025-05-02,GGBR4,14.94
2025-05-02,GOAU4,8.32
2025-05-02,HAPV3,2.33
2025-05-02,HYPE3,22.97
2025-05-02,IGTI11,20.91
2025-05-02,ISAE4,24.39
2025-05-02,ITSA4,10.53
2025-05-02,ITUB4,35.47
2025-05-02,KLBN11,18.76
2025-05-02,LREN3,14.88
2025-05-02,MGLU3,9.33
2025-05-02,MOTV3,13.98
2025-05-02,MRFG3,21.59
2025-05-02,MRVE3,5.88
2025-05-02,MULT3,25.98
2025-05-02,NTCO3,9.54
2025-05-02,PETR3,32.69
2025-05-02,PETR4,30.81
2025-05-02,POMO4,7.1
2025-05-02,PRIO3,36.43
2025-05-02,PSSA3,43.71
2025-05-02,RADL3,20.0
2025-05-02,RAIL3,19.27
2025-05-02,RDOR3,31.96
2025-05-02,RENT3,43.1
2025-05-02,SANB11,28.86
2025-05-02,SBSP3,114.0
2025-05-02,SMFT3,24.08
2025-05-02,SUZB3,50.65
2025-05-02,TAEE11,35.4
2025-05-02,TEND3,16.08
2025-05-02,TIMS3,18.74
2025-05-02,TOTS3,37.39
2025-05-02,UGPA3,17.73
2025-05-02,USIM5,5.52
2025-05-02,VALE3,52.8
2025-05-02,VAMO3,5.05
2025-05-02,VBBR3,18.82
2025-05-02,VIVA3,22.11
2025-05-02,VIVT3,27.35
2025-05-02,WEGE3,44.42
2025-05-02,YDUQ3,14.99
2025-05-05,ABEV3,14.06
2025-05-05,ALOS3,21.29
2025-05-05,ASAI3,9.27
2025-05-05,AURE3,8.93
2025-05-05,AZZA3,32.76
2025-05-05,B3SA3,13.21
2025-05-05,BBAS3,29.12
2025-05-05,BBDC3,11.96
2025-05-05,BBDC4,13.3
2025-05-05,BBSE3,41.94
2025-05-05,BEEF3,5.82
2025-05-05,BPAC11,37.47
2025-05-05,BRAP4,16.15
2025-05-05,BRAV3,17.21
2025-05-05,CEAB3,12.77
2025-05-05,CMIG4,10.13
2025-05-05,CMIN3,6.07
2025-05-05,COGN3,2.84
2025-05-05,CPFE3,38.0
2025-05-05,CPLE3,10.69
2025-05-05,CSAN3,7.75
2025-05-05,CSMG3,20.49
2025-05-05,CSNA3,9.2
2025-05-05,CURY3,28.5
2025-05-05,CXSE3,15.79
2025-05-05,CYRE3,24.49
2025-05-05,DIRR3,36.32
2025-05-05,EGIE3,41.02
2025-05-05,ELET3,43.2
2025-05-05,EMBR3,65.93
2025-05-05,ENEV3,13.24
2025-05-05,ENGI11,45.11
2025-05-05,EQTL3,35.8
2025-05-05,FLRY3,12.88
2025-05-05,GGBR4,14.82
2025-05-05,GOAU4,8.25
2025-05-05,HAPV3,2.26
2025-05-05,HYPE3,22.78
2025-05-05,IGTI11,20.59
2025-05-05,ISAE4,23.49
2025-05-05,ITSA4,10.48
2025-05-05,ITUB4,34.84
2025-05-05,KLBN11,18.57
2025-05-05,LREN3,14.65
2025-05-05,MGLU3,8.86
2025-05-05,MOTV3,13.44
2025-05-05,MRFG3,20.76
2025-05-05,MRVE3,5.84
2025-05-05,MULT3,25.72
2025-05-05,NTCO3,9.22
2025-05-05,PETR3,31.77
2025-05-05,PETR4,29.66
2025-05-05,POMO4,7.1
2025-05-05,PRIO3,35.47
2025-05-05,PSSA3,43.41
2025-05-05,RADL3,19.96
2025-05-05,RAIL3,18.9
2025-05-05,RDOR3,31.94
2025-05-05,RENT3,43.06
2025-05-05,SANB11,28.7
2025-05-05,SBSP3,113.41
2025-05-05,SMFT3,24.25
2025-05-05,SUZB3,50.5
2025-05-05,TAEE11,35.38
2025-05-05,TEND3,16.05
2025-05-05,TIMS3,18.61
2025-05-05,TOTS3,37.38
2025-05-05,UGPA3,17.27
2025-05-05,USIM5,5.42
2025-05-05,VALE3,52.96
2025-05-05,VAMO3,4.86
2025-05-05,VBBR3,18.76
2025-05-05,VIVA3,22.5
2025-05-05,VIVT3,27.54
2025-05-05,WEGE3,42.53
2025-05-05,YDUQ3,15.31
2025-05-06,ABEV3,14.21
2025-05-06,ALOS3,21.21
2025-05-06,ASAI3,9.03
2025-05-06,AURE3,8.8
2025-05-06,AZZA3,32.7
2025-05-06,B3SA3,13.16
2025-05-06,BBAS3,28.9
2025-05-06,BBDC3,11.85
2025-05-06,BBDC4,13.24
2025-05-06,BBSE3,38.82
2025-05-06,BEEF3,5.45
2025-05-06,BPAC11,37.36
2025-05-06,BRAP4,16.11
2025-05-06,BRAV3,18.37
2025-05-06,CEAB3,12.84
2025-05-06,CMIG4,10.14
2025-05-06,CMIN3,6.15
2025-05-06,COGN3,2.9
2025-05-06,CPFE3,37.98
2025-05-06,CPLE3,10.72
2025-05-06,CSAN3,7.73
2025-05-06,CSMG3,20.7
2025-05-06,CSNA3,9.34
2025-05-06,CURY3,29.0
2025-05-06,CXSE3,15.53
2025-05-06,CYRE3,24.9
2025-05-06,DIRR3,37.46
2025-05-06,EGIE3,40.75
2025-05-06,ELET3,43.12
2025-05-06,EMBR3,66.46
2025-05-06,ENEV3,13.25
2025-05-06,ENGI11,44.75
2025-05-06,EQTL3,35.81
2025-05-06,FLRY3,12.84
2025-05-06,GGBR4,14.78
2025-05-06,GOAU4,8.26
2025-05-06,HAPV3,2.27
2025-05-06,HYPE3,23.28
2025-05-06,IGTI11,20.45
2025-05-06,ISAE4,23.46
2025-05-06,ITSA4,10.45
2025-05-06,ITUB4,34.66
2025-05-06,KLBN11,18.68
2025-05-06,LREN3,14.31
2025-05-06,MGLU3,8.74
2025-05-06,MOTV3,13.37
2025-05-06,MRFG3,20.45
2025-05-06,MRVE3,5.81
2025-05-06,MULT3,25.68
2025-05-06,NTCO3,9.15
2025-05-06,PETR3,32.27
2025-05-06,PETR4,30.15
2025-05-06,POMO4,6.81
2025-05-06,PRIO3,36.97
2025-05-06,PSSA3,43.42
2025-05-06,RADL3,19.45
2025-05-06,RAIL3,19.05
2025-05-06,RDOR3,31.55
2025-05-06,RENT3,42.0
2025-05-06,SANB11,28.45
2025-05-06,SBSP3,114.72
2025-05-06,SMFT3,23.47
2025-05-06,SUZB3,50.44
2025-05-06,TAEE11,35.19
2025-05-06,TEND3,16.46
2025-05-06,TIMS3,19.87
2025-05-06,TOTS3,36.64
2025-05-06,UGPA3,17.52
2025-05-06,USIM5,5.42
2025-05-06,VALE3,53.0
2025-05-06,VAMO3,4.82
2025-05-06,VBBR3,18.7
2025-05-06,VIVA3,22.05
2025-05-06,VIVT3,28.2
2025-05-06,WEGE3,42.95
2025-05-06,YDUQ3,15.37
2025-05-07,ABEV3,14.27
2025-05-07,ALOS3,20.98
2025-05-07,ASAI3,9.13
2025-05-07,AURE3,8.7
2025-05-07,AZZA3,31.5
2025-05-07,B3SA3,13.15
2025-05-07,BBAS3,29.31
2025-05-07,BBDC3,11.75
2025-05-07,BBDC4,13.04
2025-05-07,BBSE3,39.21
2025-05-07,BEEF3,5.59
2025-05-07,BPAC11,37.8
2025-05-07,BRAP4,16.05
2025-05-07,BRAV3,18.3
2025-05-07,CEAB3,12.88
2025-05-07,CMIG4,10.22
2025-05-07,CMIN3,6.14
2025-05-07,COGN3,2.88
2025-05-07,CPFE3,38.06
2025-05-07,CPLE3,10.71
2025-05-07,CSAN3,7.65
2025-05-07,CSMG3,20.73
2025-05-07,CSNA3,9.4
2025-05-07,CURY3,28.95
2025-05-07,CXSE3,15.39
2025-05-07,CYRE3,24.97
2025-05-07,DIRR3,36.85
2025-05-07,EGIE3,40.2
2025-05-07,ELET3,42.88
2025-05-07,EMBR3,67.35
2025-05-07,ENEV3,13.8
2025-05-07,ENGI11,44.64
2025-05-07,EQTL3,35.83
2025-05-07,FLRY3,12.83
2025-05-07,GGBR4,14.61
2025-05-07,GOAU4,8.17
2025-05-07,HAPV3,2.25
2025-05-07,HYPE3,22.8
2025-05-07,IGTI11,20.31
2025-05-07,ISAE4,22.62
2025-05-07,ITSA4,10.54
2025-05-07,ITUB4,35.04
2025-05-07,KLBN11,19.18
2025-05-07,LREN3,14.37
2025-05-07,MGLU3,8.54
2025-05-07,MOTV3,13.32
2025-05-07,MRFG3,20.57
2025-05-07,MRVE3,5.76
2025-05-07,MULT3,25.3
2025-05-07,NTCO3,8.98
2025-05-07,PETR3,32.48
2025-05-07,PETR4,30.29
2025-05-07,POMO4,6.76
2025-05-07,PRIO3,35.73
2025-05-07,PSSA3,43.62
2025-05-07,RADL3,16.58
2025-05-07,RAIL3,18.75
2025-05-07,RDOR3,31.5
2025-05-07,RENT3,42.09
2025-05-07,SANB11,28.55
2025-05-07,SBSP3,115.55
2025-05-07,SMFT3,23.56
2025-05-07,SUZB3,51.24
2025-05-07,TAEE11,34.88
2025-05-07,TEND3,16.34
2025-05-07,TIMS3,20.15
2025-05-07,TOTS3,37.17
2025-05-07,UGPA3,16.82
2025-05-07,USIM5,5.46
2025-05-07,VALE3,52.9
2025-05-07,VAMO3,4.48
2025-05-07,VBBR3,17.97
2025-05-07,VIVA3,21.85
2025-05-07,VIVT3,28.39
2025-05-07,WEGE3,41.95
2025-05-07,YDUQ3,15.25
2025-05-08,ABEV3,14.37
2025-05-08,ALOS3,21.55
2025-05-08,ASAI3,9.4
2025-05-08,AURE3,9.31
2025-05-08,AZZA3,38.44
2025-05-08,B3SA3,14.25
2025-05-08,BBAS3,29.41
2025-05-08,BBDC3,13.4
2025-05-08,BBDC4,15.08
2025-05-08,BBSE3,38.19
2025-05-08,BEEF3,5.16
2025-05-08,BPAC11,40.09
2025-05-08,BRAP4,16.08
2025-05-08,BRAV3,19.66
2025-05-08,CEAB3,14.6
2025-05-08,CMIG4,10.41
2025-05-08,CMIN3,6.14
2025-05-08,COGN3,3.03
2025-05-08,CPFE3,38.6
2025-05-08,CPLE3,10.99
2025-05-08,CSAN3,7.99
2025-05-08,CSMG3,21.04
2025-05-08,CSNA3,9.63
2025-05-08,CURY3,29.65
2025-05-08,CXSE3,14.99
2025-05-08,CYRE3,26.0
2025-05-08,DIRR3,37.97
2025-05-08,EGIE3,39.82
2025-05-08,ELET3,43.42
2025-05-08,EMBR3,69.46
2025-05-08,ENEV3,14.08
2025-05-08,ENGI11,46.26
2025-05-08,EQTL3,36.81
2025-05-08,FLRY3,13.18
2025-05-08,GGBR4,14.9
2025-05-08,GOAU4,8.35
2025-05-08,HAPV3,2.46
2025-05-08,HYPE3,22.8
2025-05-08,IGTI11,21.26
2025-05-08,ISAE4,22.87
2025-05-08,ITSA4,10.6
2025-05-08,ITUB4,35.32
2025-05-08,KLBN11,19.77
2025-05-08,LREN3,15.44
2025-05-08,MGLU3,9.02
2025-05-08,MOTV3,13.4
2025-05-08,MRFG3,20.45
2025-05-08,MRVE3,6.15
2025-05-08,MULT3,26.02
2025-05-08,NTCO3,9.29
2025-05-08,PETR3,33.03
2025-05-08,PETR4,30.71
2025-05-08,POMO4,6.79
2025-05-08,PRIO3,36.66
2025-05-08,PSSA3,44.15
2025-05-08,RADL3,16.31
2025-05-08,RAIL3,19.21
2025-05-08,RDOR3,33.7
2025-05-08,RENT3,43.9
2025-05-08,SANB11,29.73
2025-05-08,SBSP3,116.21
2025-05-08,SMFT3,23.37
2025-05-08,SUZB3,51.47
2025-05-08,TAEE11,35.72
2025-05-08,TEND3,17.16
2025-05-08,TIMS3,19.57
2025-05-08,TOTS3,38.02
2025-05-08,UGPA3,16.2
2025-05-08,USIM5,5.6
2025-05-08,VALE3,52.74
2025-05-08,VAMO3,4.55
2025-05-08,VBBR3,17.88
2025-05-08,VIVA3,21.9
2025-05-08,VIVT3,27.91
2025-05-08,WEGE3,42.21
2025-05-08,YDUQ3,15.7
2025-05-09,ABEV3,14.28
2025-05-09,ALOS3,21.43
2025-05-09,ASAI3,9.73
2025-05-09,AURE3,9.23
2025-05-09,AZZA3,38.19
2025-05-09,B3SA3,14.53
2025-05-09,BBAS3,29.53
2025-05-09,BBDC3,13.26
2025-05-09,BBDC4,15.12
2025-05-09,BBSE3,38.33
2025-05-09,BEEF3,4.96
2025-05-09,BPAC11,40.81
2025-05-09,BRAP4,16.17
2025-05-09,BRAV3,19.81
2025-05-09,CEAB3,14.71
2025-05-09,CMIG4,10.3
2025-05-09,CMIN3,5.85
2025-05-09,COGN3,2.97
2025-05-09,CPFE3,38.1
2025-05-09,CPLE3,11.29
2025-05-09,CSAN3,7.81
2025-05-09,CSMG3,20.82
2025-05-09,CSNA3,8.68
2025-05-09,CURY3,30.13
2025-05-09,CXSE3,15.04
2025-05-09,CYRE3,26.27
2025-05-09,DIRR3,37.31
2025-05-09,EGIE3,39.35
2025-05-09,ELET3,43.48
2025-05-09,EMBR3,67.7
2025-05-09,ENEV3,13.72
2025-05-09,ENGI11,45.66
2025-05-09,EQTL3,36.69
2025-05-09,FLRY3,12.46
2025-05-09,GGBR4,14.75
2025-05-09,GOAU4,8.25
2025-05-09,HAPV3,2.35
2025-05-09,HYPE3,23.04
2025-05-09,IGTI11,20.76
2025-05-09,ISAE4,23.15
2025-05-09,ITSA4,11.05
2025-05-09,ITUB4,37.23
2025-05-09,KLBN11,19.3
2025-05-09,LREN3,16.2
2025-05-09,MGLU3,8.39
2025-05-09,MOTV3,13.18
2025-05-09,MRFG3,19.85
2025-05-09,MRVE3,5.46
2025-05-09,MULT3,25.67
2025-05-09,NTCO3,9.15
2025-05-09,PETR3,33.2
2025-05-09,PETR4,30.91
2025-05-09,POMO4,6.82
2025-05-09,PRIO3,36.67
2025-05-09,PSSA3,46.65
2025-05-09,RADL3,15.5
2025-05-09,RAIL3,17.85
2025-05-09,RDOR3,33.63
2025-05-09,RENT3,41.0
2025-05-09,SANB11,29.99
2025-05-09,SBSP3,116.93
2025-05-09,SMFT3,22.26
2025-05-09,SUZB3,50.09
2025-05-09,TAEE11,35.58
2025-05-09,TEND3,19.45
2025-05-09,TIMS3,19.52
2025-05-09,TOTS3,38.33
2025-05-09,UGPA3,16.29
2025-05-09,USIM5,5.38
2025-05-09,VALE3,52.95
2025-05-09,VAMO3,4.41
2025-05-09,VBBR3,18.22
2025-05-09,VIVA3,21.1
2025-05-09,VIVT3,28.04
2025-05-09,WEGE3,41.79
2025-05-09,YDUQ3,16.14
2025-05-12,ABEV3,14.29
2025-05-12,ALOS3,21.16
2025-05-12,ASAI3,9.59
2025-05-12,AURE3,9.14
2025-05-12,AZZA3,39.46
2025-05-12,B3SA3,14.36
2025-05-12,BBAS3,29.07
2025-05-12,BBDC3,13.13
2025-05-12,BBDC4,14.9
2025-05-12,BBSE3,37.93
2025-05-12,BEEF3,5.07
2025-05-12,BPAC11,39.75
2025-05-12,BRAP4,16.61
2025-05-12,BRAV3,20.01
2025-05-12,CEAB3,15.29
2025-05-12,CMIG4,10.18
2025-05-12,CMIN3,5.9
2025-05-12,COGN3,2.99
2025-05-12,CPFE3,37.59
2025-05-12,CPLE3,11.07
2025-05-12,CSAN3,7.78
2025-05-12,CSMG3,20.85
2025-05-12,CSNA3,8.89
2025-05-12,CURY3,29.57
2025-05-12,CXSE3,15.12
2025-05-12,CYRE3,25.56
2025-05-12,DIRR3,36.64
2025-05-12,EGIE3,39.14
2025-05-12,ELET3,42.9
2025-05-12,EMBR3,68.11
2025-05-12,ENEV3,13.8
2025-05-12,ENGI11,45.05
2025-05-12,EQTL3,36.33
2025-05-12,FLRY3,12.65
2025-05-12,GGBR4,15.15
2025-05-12,GOAU4,8.42
2025-05-12,HAPV3,2.39
2025-05-12,HYPE3,23.14
2025-05-12,IGTI11,20.45
2025-05-12,ISAE4,22.86
2025-05-12,ITSA4,10.8
2025-05-12,ITUB4,36.48
2025-05-12,KLBN11,19.42
2025-05-12,LREN3,16.45
2025-05-12,MGLU3,8.78
2025-05-12,MOTV3,12.99
2025-05-12,MRFG3,19.82
2025-05-12,MRVE3,5.31
2025-05-12,MULT3,25.32
2025-05-12,NTCO3,9.39
2025-05-12,PETR3,34.1
2025-05-12,PETR4,31.65
2025-05-12,POMO4,6.58
2025-05-12,PRIO3,38.56
2025-05-12,PSSA3,45.33
2025-05-12,RADL3,16.06
2025-05-12,RAIL3,17.31
2025-05-12,RDOR3,33.16
2025-05-12,RENT3,41.5
2025-05-12,SANB11,29.77
2025-05-12,SBSP3,113.51
2025-05-12,SMFT3,22.2
2025-05-12,SUZB3,52.25
2025-05-12,TAEE11,35.32
2025-05-12,TEND3,19.1
2025-05-12,TIMS3,19.15
2025-05-12,TOTS3,39.0
2025-05-12,UGPA3,16.25
2025-05-12,USIM5,5.44
2025-05-12,VALE3,54.28
2025-05-12,VAMO3,4.28
2025-05-12,VBBR3,18.15
2025-05-12,VIVA3,21.48
2025-05-12,VIVT3,27.2
2025-05-12,WEGE3,42.67
2025-05-12,YDUQ3,15.92
2025-05-13,ABEV3,14.25
2025-05-13,ALOS3,21.74
2025-05-13,ASAI3,9.54
2025-05-13,AURE3,9.38
2025-05-13,AZZA3,41.31
2025-05-13,B3SA3,14.95
2025-05-13,BBAS3,29.66
2025-05-13,BBDC3,13.39
2025-05-13,BBDC4,15.22
2025-05-13,BBSE3,38.3
2025-05-13,BEEF3,5.11
2025-05-13,BPAC11,40.55
2025-05-13,BRAP4,16.76
2025-05-13,BRAV3,19.54
2025-05-13,CEAB3,15.94
2025-05-13,CMIG4,10.23
2025-05-13,CMIN3,5.94
2025-05-13,COGN3,2.96
2025-05-13,CPFE3,38.37
2025-05-13,CPLE3,11.39
2025-05-13,CSAN3,7.97
2025-05-13,CSMG3,21.15
2025-05-13,CSNA3,9.03
2025-05-13,CURY3,30.02
2025-05-13,CXSE3,15.0
2025-05-13,CYRE3,25.17
2025-05-13,DIRR3,37.21
2025-05-13,EGIE3,39.99
2025-05-13,ELET3,43.33
2025-05-13,EMBR3,69.32
2025-05-13,ENEV3,14.13
2025-05-13,ENGI11,46.73
2025-05-13,EQTL3,37.33
2025-05-13,FLRY3,12.89
2025-05-13,GGBR4,15.5
2025-05-13,GOAU4,8.63
2025-05-13,HAPV3,2.66
2025-05-13,HYPE3,23.42
2025-05-13,IGTI11,21.5
2025-05-13,ISAE4,23.15
2025-05-13,ITSA4,10.97
2025-05-13,ITUB4,36.93
2025-05-13,KLBN11,19.68
2025-05-13,LREN3,16.85
2025-05-13,MGLU3,9.16
2025-05-13,MOTV3,13.37
2025-05-13,MRFG3,20.09
2025-05-13,MRVE3,5.51
2025-05-13,MULT3,25.92
2025-05-13,NTCO3,10.0
2025-05-13,PETR3,34.3
2025-05-13,PETR4,32.13
2025-05-13,POMO4,6.88
2025-05-13,PRIO3,39.27
2025-05-13,PSSA3,46.23
2025-05-13,RADL3,16.2
2025-05-13,RAIL3,18.14
2025-05-13,RDOR3,34.66
2025-05-13,RENT3,41.74
2025-05-13,SANB11,30.31
2025-05-13,SBSP3,114.12
2025-05-13,SMFT3,22.6
2025-05-13,SUZB3,53.05
2025-05-13,TAEE11,34.9
2025-05-13,TEND3,20.03
2025-05-13,TIMS3,19.56
2025-05-13,TOTS3,40.45
2025-05-13,UGPA3,17.15
2025-05-13,USIM5,5.54
2025-05-13,VALE3,55.17
2025-05-13,VAMO3,4.5
2025-05-13,VBBR3,18.52
2025-05-13,VIVA3,22.14
2025-05-13,VIVT3,28.35
2025-05-13,WEGE3,44.0
2025-05-13,YDUQ3,14.57
2025-05-14,ABEV3,14.23
2025-05-14,ALOS3,21.5
2025-05-14,ASAI3,9.42
2025-05-14,AURE3,9.52
2025-05-14,AZZA3,42.0
2025-05-14,B3SA3,14.65
2025-05-14,BBAS3,29.76
2025-05-14,BBDC3,13.31
2025-05-14,BBDC4,15.2
2025-05-14,BBSE3,38.51
2025-05-14,BEEF3,5.15
2025-05-14,BPAC11,40.4
2025-05-14,BRAP4,16.8
2025-05-14,BRAV3,19.58
2025-05-14,CEAB3,15.98
2025-05-14,CMIG4,10.21
2025-05-14,CMIN3,5.63
2025-05-14,COGN3,2.99
2025-05-14,CPFE3,38.05
2025-05-14,CPLE3,11.48
2025-05-14,CSAN3,7.8
2025-05-14,CSMG3,21.25
2025-05-14,CSNA3,9.29
2025-05-14,CURY3,30.04
2025-05-14,CXSE3,15.44
2025-05-14,CYRE3,24.94
2025-05-14,DIRR3,37.66
2025-05-14,EGIE3,39.91
2025-05-14,ELET3,43.18
2025-05-14,EMBR3,69.57
2025-05-14,ENEV3,14.14
2025-05-14,ENGI11,46.37
2025-05-14,EQTL3,37.18
2025-05-14,FLRY3,12.67
2025-05-14,GGBR4,15.57
2025-05-14,GOAU4,8.6
2025-05-14,HAPV3,2.66
2025-05-14,HYPE3,24.4
2025-05-14,IGTI11,21.33
2025-05-14,ISAE4,23.05
2025-05-14,ITSA4,11.0
2025-05-14,ITUB4,37.18
2025-05-14,KLBN11,19.6
2025-05-14,LREN3,16.83
2025-05-14,MGLU3,9.35
2025-05-14,MOTV3,13.42
2025-05-14,MRFG3,19.8
2025-05-14,MRVE3,5.46
2025-05-14,MULT3,25.67
2025-05-14,NTCO3,10.71
2025-05-14,PETR3,34.08
2025-05-14,PETR4,31.91
2025-05-14,POMO4,7.04
2025-05-14,PRIO3,39.2
2025-05-14,PSSA3,48.33
2025-05-14,RADL3,15.18
2025-05-14,RAIL3,17.65
2025-05-14,RDOR3,34.34
2025-05-14,RENT3,39.71
2025-05-14,SANB11,30.41
2025-05-14,SBSP3,114.11
2025-05-14,SMFT3,22.36
2025-05-14,SUZB3,53.01
2025-05-14,TAEE11,34.87
2025-05-14,TEND3,20.36
2025-05-14,TIMS3,19.85
2025-05-14,TOTS3,40.64
2025-05-14,UGPA3,17.17
2025-05-14,USIM5,5.5
2025-05-14,VALE3,54.9
2025-05-14,VAMO3,4.22
2025-05-14,VBBR3,18.33
2025-05-14,VIVA3,23.06
2025-05-14,VIVT3,28.4
2025-05-14,WEGE3,44.07
2025-05-14,YDUQ3,14.95
2025-05-15,ABEV3,14.41
2025-05-15,ALOS3,21.83
2025-05-15,ASAI3,9.64
2025-05-15,AURE3,9.45
2025-05-15,AZZA3,43.31
2025-05-15,B3SA3,14.77
2025-05-15,BBAS3,29.4
2025-05-15,BBDC3,13.4
2025-05-15,BBDC4,15.35
2025-05-15,BBSE3,38.51
2025-05-15,BEEF3,5.14
2025-05-15,BPAC11,40.51
2025-05-15,BRAP4,16.87
2025-05-15,BRAV3,19.27
2025-05-15,CEAB3,16.5
2025-05-15,CMIG4,10.53
2025-05-15,CMIN3,5.66
2025-05-15,COGN3,3.11
2025-05-15,CPFE3,39.8
2025-05-15,CPLE3,11.48
2025-05-15,CSAN3,7.72
2025-05-15,CSMG3,22.31
2025-05-15,CSNA3,9.27
2025-05-15,CURY3,29.73
2025-05-15,CXSE3,15.38
2025-05-15,CYRE3,25.46
2025-05-15,DIRR3,38.15
2025-05-15,EGIE3,40.74
2025-05-15,ELET3,41.79
2025-05-15,EMBR3,69.85
2025-05-15,ENEV3,14.5
2025-05-15,ENGI11,46.5
2025-05-15,EQTL3,36.99
2025-05-15,FLRY3,12.65
2025-05-15,GGBR4,15.71
2025-05-15,GOAU4,8.67
2025-05-15,HAPV3,2.7
2025-05-15,HYPE3,24.69
2025-05-15,IGTI11,21.77
2025-05-15,ISAE4,23.42
2025-05-15,ITSA4,11.14
2025-05-15,ITUB4,37.68
2025-05-15,KLBN11,19.64
2025-05-15,LREN3,17.42
2025-05-15,MGLU3,9.7
2025-05-15,MOTV3,13.24
2025-05-15,MRFG3,20.66
2025-05-15,MRVE3,5.49
2025-05-15,MULT3,25.84
2025-05-15,NTCO3,10.36
2025-05-15,PETR3,34.19
2025-05-15,PETR4,31.87
2025-05-15,POMO4,7.18
2025-05-15,PRIO3,39.0
2025-05-15,PSSA3,47.59
2025-05-15,RADL3,15.3
2025-05-15,RAIL3,17.89
2025-05-15,RDOR3,35.23
2025-05-15,RENT3,40.75
2025-05-15,SANB11,30.43
2025-05-15,SBSP3,116.0
2025-05-15,SMFT3,22.95
2025-05-15,SUZB3,53.82
2025-05-15,TAEE11,35.41
2025-05-15,TEND3,20.67
2025-05-15,TIMS3,19.82
2025-05-15,TOTS3,40.67
2025-05-15,UGPA3,17.36
2025-05-15,USIM5,5.55
2025-05-15,VALE3,55.45
2025-05-15,VAMO3,4.34
2025-05-15,VBBR3,18.95
2025-05-15,VIVA3,24.14
2025-05-15,VIVT3,28.15
2025-05-15,WEGE3,44.17
2025-05-15,YDUQ3,15.97
2025-05-16,ABEV3,14.39
2025-05-16,ALOS3,21.78
2025-05-16,ASAI3,9.93
2025-05-16,AURE3,9.46
2025-05-16,AZZA3,43.9
2025-05-16,B3SA3,14.77
2025-05-16,BBAS3,25.67
2025-05-16,BBDC3,13.5
2025-05-16,BBDC4,15.4
2025-05-16,BBSE3,37.79
2025-05-16,BEEF3,5.19
2025-05-16,BPAC11,39.94
2025-05-16,BRAP4,16.96
2025-05-16,BRAV3,19.18
2025-05-16,CEAB3,16.61
2025-05-16,CMIG4,10.48
2025-05-16,CMIN3,5.68
2025-05-16,COGN3,3.15
2025-05-16,CPFE3,39.76
2025-05-16,CPLE3,11.56
2025-05-16,CSAN3,7.57
2025-05-16,CSMG3,23.28
2025-05-16,CSNA3,9.07
2025-05-16,CURY3,30.13
2025-05-16,CXSE3,15.35
2025-05-16,CYRE3,26.25
2025-05-16,DIRR3,38.68
2025-05-16,EGIE3,40.77
2025-05-16,ELET3,41.84
2025-05-16,EMBR3,68.75
2025-05-16,ENEV3,14.55
2025-05-16,ENGI11,46.28
2025-05-16,EQTL3,36.48
2025-05-16,FLRY3,12.55
2025-05-16,GGBR4,15.77
2025-05-16,GOAU4,8.69
2025-05-16,HAPV3,2.82
2025-05-16,HYPE3,24.92
2025-05-16,IGTI11,21.9
2025-05-16,ISAE4,23.63
2025-05-16,ITSA4,11.22
2025-05-16,ITUB4,37.9
2025-05-16,KLBN11,19.59
2025-05-16,LREN3,17.53
2025-05-16,MGLU3,9.78
2025-05-16,MOTV3,13.51
2025-05-16,MRFG3,25.07
2025-05-16,MRVE3,5.6
2025-05-16,MULT3,26.1
2025-05-16,NTCO3,10.68
2025-05-16,PETR3,34.15
2025-05-16,PETR4,32.02
2025-05-16,POMO4,7.08
2025-05-16,PRIO3,39.43
2025-05-16,PSSA3,49.15
2025-05-16,RADL3,15.22
2025-05-16,RAIL3,18.22
2025-05-16,RDOR3,35.6
2025-05-16,RENT3,41.84
2025-05-16,SANB11,30.11
2025-05-16,SBSP3,116.3
2025-05-16,SMFT3,23.23
2025-05-16,SUZB3,53.67
2025-05-16,TAEE11,35.4
2025-05-16,TEND3,20.28
2025-05-16,TIMS3,19.8
2025-05-16,TOTS3,41.58
2025-05-16,UGPA3,17.41
2025-05-16,USIM5,5.51
2025-05-16,VALE3,55.49
2025-05-16,VAMO3,4.54
2025-05-16,VBBR3,19.56
2025-05-16,VIVA3,23.92
2025-05-16,VIVT3,27.81
2025-05-16,WEGE3,45.0
2025-05-16,YDUQ3,15.39
2025-05-19,ABEV3,14.32
2025-05-19,ALOS3,22.07
2025-05-19,ASAI3,10.17
2025-05-19,AURE3,9.52
2025-05-19,AZZA3,45.0
2025-05-19,B3SA3,14.82
2025-05-19,BBAS3,25.04
2025-05-19,BBDC3,13.48
2025-05-19,BBDC4,15.54
2025-05-19,BBSE3,38.23
2025-05-19,BEEF3,5.2
2025-05-19,BPAC11,40.5
2025-05-19,BRAP4,16.92
2025-05-19,BRAV3,18.95
2025-05-19,CEAB3,17.58
2025-05-19,CMIG4,10.56
2025-05-19,CMIN3,5.62
2025-05-19,COGN3,3.08
2025-05-19,CPFE3,40.0
2025-05-19,CPLE3,11.55
2025-05-19,CSAN3,7.57
2025-05-19,CSMG3,23.22
2025-05-19,CSNA3,9.08
2025-05-19,CURY3,30.09
2025-05-19,CXSE3,15.29
2025-05-19,CYRE3,26.3
2025-05-19,DIRR3,38.45
2025-05-19,EGIE3,41.29
2025-05-19,ELET3,42.2
2025-05-19,EMBR3,70.65
2025-05-19,ENEV3,14.72
2025-05-19,ENGI11,47.24
2025-05-19,EQTL3,36.95
2025-05-19,FLRY3,12.87
2025-05-19,GGBR4,15.69
2025-05-19,GOAU4,8.63
2025-05-19,HAPV3,2.82
2025-05-19,HYPE3,25.05
2025-05-19,IGTI11,22.06
2025-05-19,ISAE4,23.55
2025-05-19,ITSA4,11.34
2025-05-19,ITUB4,38.35
2025-05-19,KLBN11,19.34
2025-05-19,LREN3,17.99
2025-05-19,MGLU3,9.9
2025-05-19,MOTV3,13.61
2025-05-19,MRFG3,23.46
2025-05-19,MRVE3,5.5
2025-05-19,MULT3,26.33
2025-05-19,NTCO3,10.73
2025-05-19,PETR3,34.06
2025-05-19,PETR4,31.98
2025-05-19,POMO4,7.2
2025-05-19,PRIO3,39.39
2025-05-19,PSSA3,49.26
2025-05-19,RADL3,14.8
2025-05-19,RAIL3,18.17
2025-05-19,RDOR3,36.37
2025-05-19,RENT3,42.1
2025-05-19,SANB11,30.56
2025-05-19,SBSP3,116.62
2025-05-19,SMFT3,23.78
2025-05-19,SUZB3,53.19
2025-05-19,TAEE11,35.63
2025-05-19,TEND3,19.95
2025-05-19,TIMS3,19.53
2025-05-19,TOTS3,42.09
2025-05-19,UGPA3,17.63
2025-05-19,USIM5,5.49
2025-05-19,VALE3,55.34
2025-05-19,VAMO3,4.51
2025-05-19,VBBR3,19.6
2025-05-19,VIVA3,24.31
2025-05-19,VIVT3,27.66
2025-05-19,WEGE3,44.55
2025-05-19,YDUQ3,15.77
2025-05-20,ABEV3,14.29
2025-05-20,ALOS3,22.19
2025-05-20,ASAI3,9.86
2025-05-20,AURE3,9.57
2025-05-20,AZZA3,43.86
2025-05-20,B3SA3,14.95
2025-05-20,BBAS3,25.5
2025-05-20,BBDC3,13.71
2025-05-20,BBDC4,15.69
2025-05-20,BBSE3,38.39
2025-05-20,BEEF3,5.23
2025-05-20,BPAC11,40.02
2025-05-20,BRAP4,16.92
2025-05-20,BRAV3,18.6
2025-05-20,CEAB3,17.56
2025-05-20,CMIG4,10.7
2025-05-20,CMIN3,5.62
2025-05-20,COGN3,2.84
2025-05-20,CPFE3,40.88
2025-05-20,CPLE3,11.58
2025-05-20,CSAN3,7.58
2025-05-20,CSMG3,24.61
2025-05-20,CSNA3,9.1
2025-05-20,CURY3,29.9
2025-05-20,CXSE3,15.5
2025-05-20,CYRE3,26.75
2025-05-20,DIRR3,38.75
2025-05-20,EGIE3,41.32
2025-05-20,ELET3,41.8
2025-05-20,EMBR3,68.78
2025-05-20,ENEV3,14.65
2025-05-20,ENGI11,48.19
2025-05-20,EQTL3,37.31
2025-05-20,FLRY3,12.75
2025-05-20,GGBR4,15.61
2025-05-20,GOAU4,8.6
2025-05-20,HAPV3,2.86
2025-05-20,HYPE3,24.75
2025-05-20,IGTI11,22.45
2025-05-20,ISAE4,23.58
2025-05-20,ITSA4,11.36
2025-05-20,ITUB4,38.3
2025-05-20,KLBN11,19.34
2025-05-20,LREN3,18.3
2025-05-20,MGLU3,9.6
2025-05-20,MOTV3,13.8
2025-05-20,MRFG3,24.47
2025-05-20,MRVE3,5.4
2025-05-20,MULT3,26.49
2025-05-20,NTCO3,10.39
2025-05-20,PETR3,34.17
2025-05-20,PETR4,32.11
2025-05-20,POMO4,7.2
2025-05-20,PRIO3,39.74
2025-05-20,PSSA3,49.9
2025-05-20,RADL3,14.85
2025-05-20,RAIL3,18.61
2025-05-20,RDOR3,36.74
2025-05-20,RENT3,41.7
2025-05-20,SANB11,30.53
2025-05-20,SBSP3,119.32
2025-05-20,SMFT3,24.05
2025-05-20,SUZB3,53.02
2025-05-20,TAEE11,35.87
2025-05-20,TEND3,21.75
2025-05-20,TIMS3,19.84
2025-05-20,TOTS3,41.8
2025-05-20,UGPA3,17.7
2025-05-20,USIM5,5.45
2025-05-20,VALE3,55.35
2025-05-20,VAMO3,4.7
2025-05-20,VBBR3,19.56
2025-05-20,VIVA3,24.88
2025-05-20,VIVT3,27.72
2025-05-20,WEGE3,44.53
2025-05-20,YDUQ3,14.97
2025-05-21,ABEV3,14.16
2025-05-21,ALOS3,21.73
2025-05-21,ASAI3,9.71
2025-05-21,AURE3,9.45
2025-05-21,AZZA3,41.43
2025-05-21,B3SA3,14.5
2025-05-21,BBAS3,25.26
2025-05-21,BBDC3,13.4
2025-05-21,BBDC4,15.41
2025-05-21,BBSE3,38.11
2025-05-21,BEEF3,5.05
2025-05-21,BPAC11,39.54
2025-05-21,BRAP4,16.67
2025-05-21,BRAV3,18.6
2025-05-21,CEAB3,16.7
2025-05-21,CMIG4,10.56
2025-05-21,CMIN3,5.49
2025-05-21,COGN3,2.79
2025-05-21,CPFE3,40.07
2025-05-21,CPLE3,11.4
2025-05-21,CSAN3,7.68
2025-05-21,CSMG3,24.25
2025-05-21,CSNA3,8.91
2025-05-21,CURY3,29.0
2025-05-21,CXSE3,15.37
2025-05-21,CYRE3,25.25
2025-05-21,DIRR3,37.4
2025-05-21,EGIE3,41.04
2025-05-21,ELET3,41.31
2025-05-21,EMBR3,67.19
2025-05-21,ENEV3,14.34
2025-05-21,ENGI11,46.7
2025-05-21,EQTL3,36.3
2025-05-21,FLRY3,12.47
2025-05-21,GGBR4,15.46
2025-05-21,GOAU4,8.5
2025-05-21,HAPV3,2.84
2025-05-21,HYPE3,23.72
2025-05-21,IGTI11,21.74
2025-05-21,ISAE4,23.6
2025-05-21,ITSA4,11.19
2025-05-21,ITUB4,37.53
2025-05-21,KLBN11,19.2
2025-05-21,LREN3,17.61
2025-05-21,MGLU3,9.21
2025-05-21,MOTV3,13.42
2025-05-21,MRFG3,24.62
2025-05-21,MRVE3,5.1
2025-05-21,MULT3,25.94
2025-05-21,NTCO3,10.19
2025-05-21,PETR3,33.88
2025-05-21,PETR4,31.75
2025-05-21,POMO4,6.7
2025-05-21,PRIO3,39.75
2025-05-21,PSSA3,47.72
2025-05-21,RADL3,14.24
2025-05-21,RAIL3,17.98
2025-05-21,RDOR3,36.33
2025-05-21,RENT3,40.36
2025-05-21,SANB11,29.92
2025-05-21,SBSP3,118.18
2025-05-21,SMFT3,23.04
2025-05-21,SUZB3,53.21
2025-05-21,TAEE11,35.41
2025-05-21,TEND3,21.54
2025-05-21,TIMS3,19.87
2025-05-21,TOTS3,41.78
2025-05-21,UGPA3,16.58
2025-05-21,USIM5,5.33
2025-05-21,VALE3,54.64
2025-05-21,VAMO3,4.39
2025-05-21,VBBR3,19.08
2025-05-21,VIVA3,24.09
2025-05-21,VIVT3,27.51
2025-05-21,WEGE3,43.45
2025-05-21,YDUQ3,14.78
2025-05-22,ABEV3,14.1
2025-05-22,ALOS3,21.6
2025-05-22,ASAI3,10.24
2025-05-22,AURE3,9.39
2025-05-22,AZZA3,41.2
2025-05-22,B3SA3,14.34
2025-05-22,BBAS3,25.05
2025-05-22,BBDC3,13.42
2025-05-22,BBDC4,15.45
2025-05-22,BBSE3,37.76
2025-05-22,BEEF3,5.06
2025-05-22,BPAC11,39.62
2025-05-22,BRAP4,16.13
2025-05-22,BRAV3,18.14
2025-05-22,CEAB3,17.15
2025-05-22,CMIG4,10.39
2025-05-22,CMIN3,5.49
2025-05-22,COGN3,2.86
2025-05-22,CPFE3,40.09
2025-05-22,CPLE3,11.36
2025-05-22,CSAN3,7.74
2025-05-22,CSMG3,23.94
2025-05-22,CSNA3,8.8
2025-05-22,CURY3,28.31
2025-05-22,CXSE3,15.12
2025-05-22,CYRE3,24.66
2025-05-22,DIRR3,37.77
2025-05-22,EGIE3,40.16
2025-05-22,ELET3,41.44
2025-05-22,EMBR3,67.03
2025-05-22,ENEV3,14.05
2025-05-22,ENGI11,46.97
2025-05-22,EQTL3,36.14
2025-05-22,FLRY3,12.47
2025-05-22,GGBR4,15.47
2025-05-22,GOAU4,8.49
2025-05-22,HAPV3,2.84
2025-05-22,HYPE3,24.2
2025-05-22,IGTI11,21.7
2025-05-22,ISAE4,23.34
2025-05-22,ITSA4,11.05
2025-05-22,ITUB4,37.27
2025-05-22,KLBN11,19.3
2025-05-22,LREN3,17.67
2025-05-22,MGLU3,9.47
2025-05-22,MOTV3,13.34
2025-05-22,MRFG3,25.08
2025-05-22,MRVE3,5.05
2025-05-22,MULT3,25.85
2025-05-22,NTCO3,10.36
2025-05-22,PETR3,33.43
2025-05-22,PETR4,31.33
2025-05-22,POMO4,6.91
2025-05-22,PRIO3,38.98
2025-05-22,PSSA3,48.34
2025-05-22,RADL3,14.45
2025-05-22,RAIL3,18.15
2025-05-22,RDOR3,36.3
2025-05-22,RENT3,40.56
2025-05-22,SANB11,29.68
2025-05-22,SBSP3,115.97
2025-05-22,SMFT3,23.14
2025-05-22,SUZB3,53.19
2025-05-22,TAEE11,35.4
2025-05-22,TEND3,21.9
2025-05-22,TIMS3,19.28
2025-05-22,TOTS3,41.8
2025-05-22,UGPA3,16.55
2025-05-22,USIM5,5.24
2025-05-22,VALE3,54.23
2025-05-22,VAMO3,4.25
2025-05-22,VBBR3,19.11
2025-05-22,VIVA3,24.11
2025-05-22,VIVT3,27.74
2025-05-22,WEGE3,43.67
2025-05-22,YDUQ3,15.1
2025-05-23,ABEV3,14.24
2025-05-23,ALOS3,21.67
2025-05-23,ASAI3,10.05
2025-05-23,AURE3,9.48
2025-05-23,AZZA3,38.7
2025-05-23,B3SA3,14.39
2025-05-23,BBAS3,24.42
2025-05-23,BBDC3,13.53
2025-05-23,BBDC4,15.64
2025-05-23,BBSE3,38.1
2025-05-23,BEEF3,5.17
2025-05-23,BPAC11,39.69
2025-05-23,BRAP4,16.1
2025-05-23,BRAV3,18.2
2025-05-23,CEAB3,17.06
2025-05-23,CMIG4,10.7
2025-05-23,CMIN3,5.48
2025-05-23,COGN3,2.9
2025-05-23,CPFE3,40.59
2025-05-23,CPLE3,11.44
2025-05-23,CSAN3,8.02
2025-05-23,CSMG3,24.28
2025-05-23,CSNA3,8.84
2025-05-23,CURY3,29.81
2025-05-23,CXSE3,15.25
2025-05-23,CYRE3,24.97
2025-05-23,DIRR3,39.48
2025-05-23,EGIE3,40.45
2025-05-23,ELET3,41.7
2025-05-23,EMBR3,67.13
2025-05-23,ENEV3,14.17
2025-05-23,ENGI11,47.3
2025-05-23,EQTL3,36.29
2025-05-23,FLRY3,12.59
2025-05-23,GGBR4,15.45
2025-05-23,GOAU4,8.51
2025-05-23,HAPV3,2.84
2025-05-23,HYPE3,24.45
2025-05-23,IGTI11,21.62
2025-05-23,ISAE4,23.5
2025-05-23,ITSA4,11.14
2025-05-23,ITUB4,37.72
2025-05-23,KLBN11,19.23
2025-05-23,LREN3,17.6
2025-05-23,MGLU3,9.0
2025-05-23,MOTV3,13.47
2025-05-23,MRFG3,24.84
2025-05-23,MRVE3,5.07
2025-05-23,MULT3,25.9
2025-05-23,NTCO3,10.31
2025-05-23,PETR3,33.48
2025-05-23,PETR4,31.4
2025-05-23,POMO4,6.95
2025-05-23,PRIO3,38.8
2025-05-23,PSSA3,49.5
2025-05-23,RADL3,14.67
2025-05-23,RAIL3,18.06
2025-05-23,RDOR3,36.9
2025-05-23,RENT3,40.59
2025-05-23,SANB11,29.93
2025-05-23,SBSP3,117.06
2025-05-23,SMFT3,23.28
2025-05-23,SUZB3,52.96
2025-05-23,TAEE11,35.53
2025-05-23,TEND3,22.58
2025-05-23,TIMS3,19.3
2025-05-23,TOTS3,42.5
2025-05-23,UGPA3,16.63
2025-05-23,USIM5,5.33
2025-05-23,VALE3,54.32
2025-05-23,VAMO3,4.12
2025-05-23,VBBR3,19.18
2025-05-23,VIVA3,24.61
2025-05-23,VIVT3,27.66
2025-05-23,WEGE3,43.69
2025-05-23,YDUQ3,15.54
2025-05-26,ABEV3,14.26
2025-05-26,ALOS3,21.78
2025-05-26,ASAI3,10.65
2025-05-26,AURE3,9.63
2025-05-26,AZZA3,39.58
2025-05-26,B3SA3,14.33
2025-05-26,BBAS3,24.67
2025-05-26,BBDC3,13.61
2025-05-26,BBDC4,15.72
2025-05-26,BBSE3,37.96
2025-05-26,BEEF3,5.04
2025-05-26,BPAC11,39.95
2025-05-26,BRAP4,15.92
2025-05-26,BRAV3,18.35
2025-05-26,CEAB3,17.21
2025-05-26,CMIG4,10.78
2025-05-26,CMIN3,5.52
2025-05-26,COGN3,2.85
2025-05-26,CPFE3,40.73
2025-05-26,CPLE3,11.53
2025-05-26,CSAN3,8.05
2025-05-26,CSMG3,24.91
2025-05-26,CSNA3,8.81
2025-05-26,CURY3,29.38
2025-05-26,CXSE3,15.12
2025-05-26,CYRE3,25.15
2025-05-26,DIRR3,39.82
2025-05-26,EGIE3,40.86
2025-05-26,ELET3,41.73
2025-05-26,EMBR3,67.0
2025-05-26,ENEV3,14.09
2025-05-26,ENGI11,47.53
2025-05-26,EQTL3,36.47
2025-05-26,FLRY3,12.66
2025-05-26,GGBR4,15.64
2025-05-26,GOAU4,8.59
2025-05-26,HAPV3,2.83
2025-05-26,HYPE3,25.18
2025-05-26,IGTI11,21.67
2025-05-26,ISAE4,23.52
2025-05-26,ITSA4,11.19
2025-05-26,ITUB4,37.8
2025-05-26,KLBN11,19.43
2025-05-26,LREN3,17.74
2025-05-26,MGLU3,9.04
2025-05-26,MOTV3,13.56
2025-05-26,MRFG3,25.11
2025-05-26,MRVE3,5.15
2025-05-26,MULT3,26.08
2025-05-26,NTCO3,10.55
2025-05-26,PETR3,33.49
2025-05-26,PETR4,31.3
2025-05-26,POMO4,7.05
2025-05-26,PRIO3,39.05
2025-05-26,PSSA3,49.56
2025-05-26,RADL3,14.56
2025-05-26,RAIL3,18.56
2025-05-26,RDOR3,37.07
2025-05-26,RENT3,40.85
2025-05-26,SANB11,30.2
2025-05-26,SBSP3,118.47
2025-05-26,SMFT3,23.58
2025-05-26,SUZB3,52.76
2025-05-26,TAEE11,35.84
2025-05-26,TEND3,22.6
2025-05-26,TIMS3,19.47
2025-05-26,TOTS3,42.9
2025-05-26,UGPA3,16.79
2025-05-26,USIM5,5.35
2025-05-26,VALE3,54.01
2025-05-26,VAMO3,4.13
2025-05-26,VBBR3,19.59
2025-05-26,VIVA3,25.58
2025-05-26,VIVT3,27.91
2025-05-26,WEGE3,43.73
2025-05-26,YDUQ3,15.12
2025-05-27,ABEV3,14.2
2025-05-27,ALOS3,22.1
2025-05-27,ASAI3,11.46
2025-05-27,AURE3,9.82
2025-05-27,AZZA3,42.0
2025-05-27,B3SA3,14.38
2025-05-27,BBAS3,24.57
2025-05-27,BBDC3,13.8
2025-05-27,BBDC4,16.04
2025-05-27,BBSE3,38.33
2025-05-27,BEEF3,5.05
2025-05-27,BPAC11,41.05
2025-05-27,BRAP4,15.83
2025-05-27,BRAV3,18.93
2025-05-27,CEAB3,17.59
2025-05-27,CMIG4,10.95
2025-05-27,CMIN3,5.2
2025-05-27,COGN3,2.89
2025-05-27,CPFE3,41.23
2025-05-27,CPLE3,11.69
2025-05-27,CSAN3,8.15
2025-05-27,CSMG3,25.21
2025-05-27,CSNA3,9.0
2025-05-27,CURY3,29.93
2025-05-27,CXSE3,15.5
2025-05-27,CYRE3,25.72
2025-05-27,DIRR3,40.44
2025-05-27,EGIE3,41.83
2025-05-27,ELET3,42.29
2025-05-27,EMBR3,68.4
2025-05-27,ENEV3,14.29
2025-05-27,ENGI11,48.9
2025-05-27,EQTL3,37.11
2025-05-27,FLRY3,12.76
2025-05-27,GGBR4,16.08
2025-05-27,GOAU4,8.84
2025-05-27,HAPV3,2.92
2025-05-27,HYPE3,25.66
2025-05-27,IGTI11,22.23
2025-05-27,ISAE4,23.83
2025-05-27,ITSA4,11.29
2025-05-27,ITUB4,38.1
2025-05-27,KLBN11,19.43
2025-05-27,LREN3,17.95
2025-05-27,MGLU3,9.34
2025-05-27,MOTV3,13.91
2025-05-27,MRFG3,24.69
2025-05-27,MRVE3,5.36
2025-05-27,MULT3,26.84
2025-05-27,NTCO3,10.72
2025-05-27,PETR3,33.81
2025-05-27,PETR4,31.53
2025-05-27,POMO4,7.41
2025-05-27,PRIO3,39.41
2025-05-27,PSSA3,50.07
2025-05-27,RADL3,15.0
2025-05-27,RAIL3,19.1
2025-05-27,RDOR3,37.25
2025-05-27,RENT3,42.65
2025-05-27,SANB11,30.24
2025-05-27,SBSP3,118.94
2025-05-27,SMFT3,24.56
2025-05-27,SUZB3,51.31
2025-05-27,TAEE11,36.52
2025-05-27,TEND3,23.19
2025-05-27,TIMS3,19.55
2025-05-27,TOTS3,43.6
2025-05-27,UGPA3,16.88
2025-05-27,USIM5,5.57
2025-05-27,VALE3,53.84
2025-05-27,VAMO3,4.53
2025-05-27,VBBR3,20.18
2025-05-27,VIVA3,26.2
2025-05-27,VIVT3,28.07
2025-05-27,WEGE3,44.59
2025-05-27,YDUQ3,15.75
2025-05-28,ABEV3,14.1
2025-05-28,ALOS3,22.25
2025-05-28,ASAI3,11.49
2025-05-28,AURE3,9.85
2025-05-28,AZZA3,41.85
2025-05-28,B3SA3,14.3
2025-05-28,BBAS3,24.08
2025-05-28,BBDC3,14.04
2025-05-28,BBDC4,16.15
2025-05-28,BBSE3,38.16
2025-05-28,BEEF3,5.22
2025-05-28,BPAC11,41.29
2025-05-28,BRAP4,15.82
2025-05-28,BRAV3,19.74
2025-05-28,CEAB3,17.99
2025-05-28,CMIG4,10.8
2025-05-28,CMIN3,5.12
2025-05-28,COGN3,2.89
2025-05-28,CPFE3,40.95
2025-05-28,CPLE3,11.48
2025-05-28,CSAN3,8.23
2025-05-28,CSMG3,24.6
2025-05-28,CSNA3,8.67
2025-05-28,CURY3,29.54
2025-05-28,CXSE3,15.28
2025-05-28,CYRE3,25.52
2025-05-28,DIRR3,40.53
2025-05-28,EGIE3,41.99
2025-05-28,ELET3,41.64
2025-05-28,EMBR3,66.9
2025-05-28,ENEV3,14.35
2025-05-28,ENGI11,48.05
2025-05-28,EQTL3,36.81
2025-05-28,FLRY3,12.86
2025-05-28,GGBR4,15.9
2025-05-28,GOAU4,8.7
2025-05-28,HAPV3,2.91
2025-05-28,HYPE3,25.24
2025-05-28,IGTI11,22.27
2025-05-28,ISAE4,23.65
2025-05-28,ITSA4,11.17
2025-05-28,ITUB4,37.79
2025-05-28,KLBN11,19.15
2025-05-28,LREN3,18.17
2025-05-28,MGLU3,9.55
2025-05-28,MOTV3,13.97
2025-05-28,MRFG3,25.31
2025-05-28,MRVE3,5.3
2025-05-28,MULT3,26.9
2025-05-28,NTCO3,10.64
2025-05-28,PETR3,33.39
2025-05-28,PETR4,31.43
2025-05-28,POMO4,7.19
2025-05-28,PRIO3,39.2
2025-05-28,PSSA3,50.59
2025-05-28,RADL3,14.95
2025-05-28,RAIL3,18.97
2025-05-28,RDOR3,37.47
2025-05-28,RENT3,43.32
2025-05-28,SANB11,29.9
2025-05-28,SBSP3,117.27
2025-05-28,SMFT3,24.3
2025-05-28,SUZB3,51.06
2025-05-28,TAEE11,35.61
2025-05-28,TEND3,22.9
2025-05-28,TIMS3,19.61
2025-05-28,TOTS3,43.35
2025-05-28,UGPA3,16.6
2025-05-28,USIM5,5.31
2025-05-28,VALE3,53.41
2025-05-28,VAMO3,4.7
2025-05-28,VBBR3,20.42
2025-05-28,VIVA3,25.48
2025-05-28,VIVT3,28.25
2025-05-28,WEGE3,44.66
2025-05-28,YDUQ3,15.53
2025-05-29,ABEV3,14.06
2025-05-29,ALOS3,22.37
2025-05-29,ASAI3,11.26
2025-05-29,AURE3,9.9
2025-05-29,AZZA3,42.57
2025-05-29,B3SA3,14.1
2025-05-29,BBAS3,23.7
2025-05-29,BBDC3,13.9
2025-05-29,BBDC4,16.08
2025-05-29,BBSE3,37.93
2025-05-29,BEEF3,5.02
2025-05-29,BPAC11,40.61
2025-05-29,BRAP4,15.96
2025-05-29,BRAV3,19.44
2025-05-29,CEAB3,17.71
2025-05-29,CMIG4,10.91
2025-05-29,CMIN3,5.13
2025-05-29,COGN3,2.89
2025-05-29,CPFE3,41.21
2025-05-29,CPLE3,11.72
2025-05-29,CSAN3,8.4
2025-05-29,CSMG3,24.82
2025-05-29,CSNA3,8.58
2025-05-29,CURY3,29.19
2025-05-29,CXSE3,15.0
2025-05-29,CYRE3,24.93
2025-05-29,DIRR3,40.35
2025-05-29,EGIE3,41.85
2025-05-29,ELET3,42.03
2025-05-29,EMBR3,66.43
2025-05-29,ENEV3,14.25
2025-05-29,ENGI11,48.4
2025-05-29,EQTL3,37.05
2025-05-29,FLRY3,12.9
2025-05-29,GGBR4,15.75
2025-05-29,GOAU4,8.74
2025-05-29,HAPV3,2.85
2025-05-29,HYPE3,25.4
2025-05-29,IGTI11,22.72
2025-05-29,ISAE4,23.55
2025-05-29,ITSA4,11.09
2025-05-29,ITUB4,37.49
2025-05-29,KLBN11,19.13
2025-05-29,LREN3,17.96
2025-05-29,MGLU3,9.08
2025-05-29,MOTV3,13.68
2025-05-29,MRFG3,25.85
2025-05-29,MRVE3,5.29
2025-05-29,MULT3,27.17
2025-05-29,NTCO3,10.5
2025-05-29,PETR3,33.35
2025-05-29,PETR4,31.24
2025-05-29,POMO4,7.23
2025-05-29,PRIO3,40.0
2025-05-29,PSSA3,51.5
2025-05-29,RADL3,14.84
2025-05-29,RAIL3,19.18
2025-05-29,RDOR3,37.44
2025-05-29,RENT3,43.44
2025-05-29,SANB11,29.81
2025-05-29,SBSP3,119.0
2025-05-29,SMFT3,23.93
2025-05-29,SUZB3,50.58
2025-05-29,TAEE11,35.49
2025-05-29,TEND3,22.79
2025-05-29,TIMS3,19.53
2025-05-29,TOTS3,42.8
2025-05-29,UGPA3,16.78
2025-05-29,USIM5,5.23
2025-05-29,VALE3,53.45
2025-05-29,VAMO3,4.75
2025-05-29,VBBR3,20.69
2025-05-29,VIVA3,25.72
2025-05-29,VIVT3,28.06
2025-05-29,WEGE3,44.02
2025-05-29,YDUQ3,15.35
2025-05-30,ABEV3,14.03
2025-05-30,ALOS3,22.22
2025-05-30,ASAI3,11.22
2025-05-30,AURE3,9.88
2025-05-30,AZZA3,44.15
2025-05-30,B3SA3,13.95
2025-05-30,BBAS3,23.42
2025-05-30,BBDC3,13.98
2025-05-30,BBDC4,16.2
2025-05-30,BBSE3,37.51
2025-05-30,BEEF3,5.04
2025-05-30,BPAC11,39.55
2025-05-30,BRAP4,15.6
2025-05-30,BRAV3,18.9
2025-05-30,CEAB3,17.83
2025-05-30,CMIG4,10.84
2025-05-30,CMIN3,5.05
2025-05-30,COGN3,2.97
2025-05-30,CPFE3,40.49
2025-05-30,CPLE3,11.66
2025-05-30,CSAN3,8.23
2025-05-30,CSMG3,23.88
2025-05-30,CSNA3,8.25
2025-05-30,CURY3,28.66
2025-05-30,CXSE3,15.07
2025-05-30,CYRE3,24.97
2025-05-30,DIRR3,40.66
2025-05-30,EGIE3,41.06
2025-05-30,ELET3,41.96
2025-05-30,EMBR3,65.49
2025-05-30,ENEV3,13.97
2025-05-30,ENGI11,47.5
2025-05-30,EQTL3,36.65
2025-05-30,FLRY3,12.85
2025-05-30,GGBR4,15.25
2025-05-30,GOAU4,8.36
2025-05-30,HAPV3,2.86
2025-05-30,HYPE3,25.4
2025-05-30,IGTI11,22.65
2025-05-30,ISAE4,23.4
2025-05-30,ITSA4,11.07
2025-05-30,ITUB4,37.43
2025-05-30,KLBN11,18.31
2025-05-30,LREN3,18.16
2025-05-30,MGLU3,9.22
2025-05-30,MOTV3,13.48
2025-05-30,MRFG3,25.41
2025-05-30,MRVE3,5.29
2025-05-30,MULT3,26.88
2025-05-30,NTCO3,10.47
2025-05-30,PETR3,32.91
2025-05-30,PETR4,30.9
2025-05-30,POMO4,7.25
2025-05-30,PRIO3,38.95
2025-05-30,PSSA3,52.07
2025-05-30,RADL3,14.85
2025-05-30,RAIL3,18.82
2025-05-30,RDOR3,37.78
2025-05-30,RENT3,42.96
2025-05-30,SANB11,29.73
2025-05-30,SBSP3,117.38
2025-05-30,SMFT3,24.01
2025-05-30,SUZB3,49.65
2025-05-30,TAEE11,35.38
2025-05-30,TEND3,23.09
2025-05-30,TIMS3,19.49
2025-05-30,TOTS3,42.21
2025-05-30,UGPA3,16.29
2025-05-30,USIM5,5.2
2025-05-30,VALE3,52.1
2025-05-30,VAMO3,4.97
2025-05-30,VBBR3,20.18
2025-05-30,VIVA3,25.99
2025-05-30,VIVT3,28.66
2025-05-30,WEGE3,42.35
2025-05-30,YDUQ3,15.85
2025-06-02,ABEV3,13.91
2025-06-02,ALOS3,22.1
2025-06-02,ASAI3,11.37
2025-06-02,AURE3,9.86
2025-06-02,AZZA3,45.3
2025-06-02,B3SA3,13.71
2025-06-02,BBAS3,23.28
2025-06-02,BBDC3,14.02
2025-06-02,BBDC4,16.24
2025-06-02,BBSE3,36.99
2025-06-02,BEEF3,5.13
2025-06-02,BPAC11,39.74
2025-06-02,BRAP4,15.65
2025-06-02,BRAV3,18.66
2025-06-02,CEAB3,17.36
2025-06-02,CMIG4,10.65
2025-06-02,CMIN3,4.91
2025-06-02,COGN3,2.98
2025-06-02,CPFE3,40.83
2025-06-02,CPLE3,11.5
2025-06-02,CSAN3,8.05
2025-06-02,CSMG3,23.76
2025-06-02,CSNA3,8.24
2025-06-02,CURY3,28.93
2025-06-02,CXSE3,14.75
2025-06-02,CYRE3,25.07
2025-06-02,DIRR3,40.88
2025-06-02,EGIE3,40.52
2025-06-02,ELET3,41.56
2025-06-02,EMBR3,65.39
2025-06-02,ENEV3,13.89
2025-06-02,ENGI11,47.16
2025-06-02,EQTL3,36.51
2025-06-02,FLRY3,12.82
2025-06-02,GGBR4,16.02
2025-06-02,GOAU4,8.79
2025-06-02,HAPV3,2.81
2025-06-02,HYPE3,25.33
2025-06-02,IGTI11,22.54
2025-06-02,ISAE4,23.08
2025-06-02,ITSA4,11.0
2025-06-02,ITUB4,37.15
2025-06-02,KLBN11,18.24
2025-06-02,LREN3,18.35
2025-06-02,MGLU3,9.54
2025-06-02,MOTV3,13.4
2025-06-02,MRFG3,25.38
2025-06-02,MRVE3,5.37
2025-06-02,MULT3,26.65
2025-06-02,NTCO3,10.23
2025-06-02,PETR3,33.01
2025-06-02,PETR4,31.08
2025-06-02,POMO4,7.39
2025-06-02,PRIO3,39.74
2025-06-02,PSSA3,52.38
2025-06-02,RADL3,14.37
2025-06-02,RAIL3,19.18
2025-06-02,RDOR3,37.44
2025-06-02,RENT3,43.31
2025-06-02,SANB11,29.51
2025-06-02,SBSP3,115.55
2025-06-02,SMFT3,24.25
2025-06-02,SUZB3,49.58
2025-06-02,TAEE11,34.86
2025-06-02,TEND3,23.44
2025-06-02,TIMS3,19.51
2025-06-02,TOTS3,42.02
2025-06-02,UGPA3,16.07
2025-06-02,USIM5,5.18
2025-06-02,VALE3,52.56
2025-06-02,VAMO3,4.87
2025-06-02,VBBR3,20.13
2025-06-02,VIVA3,26.1
2025-06-02,VIVT3,28.96
2025-06-02,WEGE3,41.85
2025-06-02,YDUQ3,16.05
2025-06-03,ABEV3,14.01
2025-06-03,ALOS3,22.28
2025-06-03,ASAI3,11.86
2025-06-03,AURE3,10.01
2025-06-03,AZZA3,44.87
2025-06-03,B3SA3,14.18
2025-06-03,BBAS3,22.98
2025-06-03,BBDC3,14.18
2025-06-03,BBDC4,16.5
2025-06-03,BBSE3,36.65
2025-06-03,BEEF3,5.05
2025-06-03,BPAC11,40.55
2025-06-03,BRAP4,15.65
2025-06-03,BRAV3,19.38
2025-06-03,CEAB3,17.8
2025-06-03,CMIG4,10.68
2025-06-03,CMIN3,4.95
2025-06-03,COGN3,3.01
2025-06-03,CPFE3,41.13
2025-06-03,CPLE3,11.58
2025-06-03,CSAN3,8.54
2025-06-03,CSMG3,23.95
2025-06-03,CSNA3,8.38
2025-06-03,CURY3,29.5
2025-06-03,CXSE3,14.6
2025-06-03,CYRE3,25.72
2025-06-03,DIRR3,41.62
2025-06-03,EGIE3,41.3
2025-06-03,ELET3,41.71
2025-06-03,EMBR3,64.81
2025-06-03,ENEV3,14.1
2025-06-03,ENGI11,47.97
2025-06-03,EQTL3,36.98
2025-06-03,FLRY3,13.04
2025-06-03,GGBR4,16.24
2025-06-03,GOAU4,8.93
2025-06-03,HAPV3,2.87
2025-06-03,HYPE3,25.68
2025-06-03,IGTI11,22.75
2025-06-03,ISAE4,23.27
2025-06-03,ITSA4,10.98
2025-06-03,ITUB4,37.03
2025-06-03,KLBN11,18.5
2025-06-03,LREN3,18.81
2025-06-03,MGLU3,10.25
2025-06-03,MOTV3,13.48
2025-06-03,MRFG3,25.26
2025-06-03,MRVE3,5.54
2025-06-03,MULT3,26.8
2025-06-03,NTCO3,10.76
2025-06-03,PETR3,32.31
2025-06-03,PETR4,30.18
2025-06-03,POMO4,7.59
2025-06-03,PRIO3,40.95
2025-06-03,PSSA3,52.46
2025-06-03,RADL3,14.17
2025-06-03,RAIL3,19.59
2025-06-03,RDOR3,36.3
2025-06-03,RENT3,43.12
2025-06-03,SANB11,29.73
2025-06-03,SBSP3,116.08
2025-06-03,SMFT3,24.83
2025-06-03,SUZB3,50.4
2025-06-03,TAEE11,35.3
2025-06-03,TEND3,23.58
2025-06-03,TIMS3,19.83
2025-06-03,TOTS3,41.51
2025-06-03,UGPA3,16.55
2025-06-03,USIM5,5.28
2025-06-03,VALE3,52.53
2025-06-03,VAMO3,4.89
2025-06-03,VBBR3,20.45
2025-06-03,VIVA3,26.88
2025-06-03,VIVT3,29.18
2025-06-03,WEGE3,41.7
2025-06-03,YDUQ3,16.86
2025-06-04,ABEV3,14.08
2025-06-04,ALOS3,22.16
2025-06-04,ASAI3,11.5
2025-06-04,AURE3,10.08
2025-06-04,AZZA3,43.7
2025-06-04,B3SA3,13.95
2025-06-04,BBAS3,22.35
2025-06-04,BBDC3,14.18
2025-06-04,BBDC4,16.45
2025-06-04,BBSE3,36.0
2025-06-04,BEEF3,4.69
2025-06-04,BPAC11,40.41
2025-06-04,BRAP4,15.75
2025-06-04,BRAV3,19.61
2025-06-04,CEAB3,17.77
2025-06-04,CMIG4,10.54
2025-06-04,CMIN3,4.93
2025-06-04,COGN3,3.15
2025-06-04,CPFE3,40.86
2025-06-04,CPLE3,11.53
2025-06-04,CSAN3,8.31
2025-06-04,CSMG3,23.53
2025-06-04,CSNA3,8.33
2025-06-04,CURY3,29.75
2025-06-04,CXSE3,14.56
2025-06-04,CYRE3,25.43
2025-06-04,DIRR3,41.79
2025-06-04,EGIE3,41.01
2025-06-04,ELET3,41.52
2025-06-04,EMBR3,67.44
2025-06-04,ENEV3,14.23
2025-06-04,ENGI11,47.89
2025-06-04,EQTL3,36.77
2025-06-04,FLRY3,13.06
2025-06-04,GGBR4,16.14
2025-06-04,GOAU4,8.9
2025-06-04,HAPV3,2.87
2025-06-04,HYPE3,26.31
2025-06-04,IGTI11,22.76
2025-06-04,ISAE4,23.37
2025-06-04,ITSA4,10.95
2025-06-04,ITUB4,36.94
2025-06-04,KLBN11,18.52
2025-06-04,LREN3,18.42
2025-06-04,MGLU3,10.04
2025-06-04,MOTV3,13.53
2025-06-04,MRFG3,25.26
2025-06-04,MRVE3,5.92
2025-06-04,MULT3,26.53
2025-06-04,NTCO3,10.49
2025-06-04,PETR3,31.37
2025-06-04,PETR4,29.35
2025-06-04,POMO4,7.51
2025-06-04,PRIO3,40.9
2025-06-04,PSSA3,52.36
2025-06-04,RADL3,14.51
2025-06-04,RAIL3,19.65
2025-06-04,RDOR3,36.61
2025-06-04,RENT3,43.7
2025-06-04,SANB11,29.03
2025-06-04,SBSP3,114.57
2025-06-04,SMFT3,24.93
2025-06-04,SUZB3,49.76
2025-06-04,TAEE11,34.7
2025-06-04,TEND3,24.19
2025-06-04,TIMS3,20.43
2025-06-04,TOTS3,41.71
2025-06-04,UGPA3,16.3
2025-06-04,USIM5,5.22
2025-06-04,VALE3,52.77
2025-06-04,VAMO3,4.92
2025-06-04,VBBR3,20.49
2025-06-04,VIVA3,26.21
2025-06-04,VIVT3,29.5
2025-06-04,WEGE3,43.16
2025-06-04,YDUQ3,17.6
2025-06-05,ABEV3,13.87
2025-06-05,ALOS3,21.95
2025-06-05,ASAI3,11.55
2025-06-05,AURE3,9.9
2025-06-05,AZZA3,43.58
2025-06-05,B3SA3,13.58
2025-06-05,BBAS3,22.24
2025-06-05,BBDC3,13.79
2025-06-05,BBDC4,15.97
2025-06-05,BBSE3,36.3
2025-06-05,BEEF3,4.92
2025-06-05,BPAC11,40.2
2025-06-05,BRAP4,15.74
2025-06-05,BRAV3,19.33
2025-06-05,CEAB3,17.48
2025-06-05,CMIG4,10.38
2025-06-05,CMIN3,4.94
2025-06-05,COGN3,3.03
2025-06-05,CPFE3,40.51
2025-06-05,CPLE3,11.47
2025-06-05,CSAN3,8.04
2025-06-05,CSMG3,23.88
2025-06-05,CSNA3,8.27
2025-06-05,CURY3,29.81
2025-06-05,CXSE3,14.6
2025-06-05,CYRE3,25.5
2025-06-05,DIRR3,42.02
2025-06-05,EGIE3,40.94
2025-06-05,ELET3,41.39
2025-06-05,EMBR3,66.7
2025-06-05,ENEV3,13.92
2025-06-05,ENGI11,47.36
2025-06-05,EQTL3,36.68
2025-06-05,FLRY3,13.0
2025-06-05,GGBR4,16.7
2025-06-05,GOAU4,9.18
2025-06-05,HAPV3,2.7
2025-06-05,HYPE3,26.4
2025-06-05,IGTI11,22.58
2025-06-05,ISAE4,23.18
2025-06-05,ITSA4,10.83
2025-06-05,ITUB4,36.49
2025-06-05,KLBN11,18.64
2025-06-05,LREN3,18.42
2025-06-05,MGLU3,10.06
2025-06-05,MOTV3,13.5
2025-06-05,MRFG3,24.79
2025-06-05,MRVE3,5.9
2025-06-05,MULT3,26.25
2025-06-05,NTCO3,10.5
2025-06-05,PETR3,31.2
2025-06-05,PETR4,29.36
2025-06-05,POMO4,7.32
2025-06-05,PRIO3,41.05
2025-06-05,PSSA3,52.6
2025-06-05,RADL3,14.96
2025-06-05,RAIL3,19.26
2025-06-05,RDOR3,36.24
2025-06-05,RENT3,44.2
2025-06-05,SANB11,28.94
2025-06-05,SBSP3,115.06
2025-06-05,SMFT3,24.9
2025-06-05,SUZB3,52.9
2025-06-05,TAEE11,34.4
2025-06-05,TEND3,24.72
2025-06-05,TIMS3,20.05
2025-06-05,TOTS3,40.76
2025-06-05,UGPA3,16.1
2025-06-05,USIM5,5.17
2025-06-05,VALE3,52.91
2025-06-05,VAMO3,4.78
2025-06-05,VBBR3,20.25
2025-06-05,VIVA3,25.23
2025-06-05,VIVT3,28.89
2025-06-05,WEGE3,42.54
2025-06-05,YDUQ3,17.47
2025-06-06,ABEV3,14.08
2025-06-06,ALOS3,21.84
2025-06-06,ASAI3,11.21
2025-06-06,AURE3,9.9
2025-06-06,AZZA3,42.79
2025-06-06,B3SA3,13.57
2025-06-06,BBAS3,21.71
2025-06-06,BBDC3,13.78
2025-06-06,BBDC4,15.96
2025-06-06,BBSE3,36.44
2025-06-06,BEEF3,4.9
2025-06-06,BPAC11,40.0
2025-06-06,BRAP4,15.87
2025-06-06,BRAV3,19.65
2025-06-06,CEAB3,17.1
2025-06-06,CMIG4,10.48
2025-06-06,CMIN3,4.92
2025-06-06,COGN3,2.91
2025-06-06,CPFE3,40.52
2025-06-06,CPLE3,11.51
2025-06-06,CSAN3,8.06
2025-06-06,CSMG3,24.29
2025-06-06,CSNA3,8.23
2025-06-06,CURY3,29.61
2025-06-06,CXSE3,14.76
2025-06-06,CYRE3,25.2
2025-06-06,DIRR3,40.71
2025-06-06,EGIE3,40.6
2025-06-06,ELET3,41.31
2025-06-06,EMBR3,64.51
2025-06-06,ENEV3,13.85
2025-06-06,ENGI11,47.03
2025-06-06,EQTL3,36.25
2025-06-06,FLRY3,13.07
2025-06-06,GGBR4,16.69
2025-06-06,GOAU4,9.22
2025-06-06,HAPV3,39.91
2025-06-06,HYPE3,25.99
2025-06-06,IGTI11,22.26
2025-06-06,ISAE4,23.14
2025-06-06,ITSA4,10.81
2025-06-06,ITUB4,36.58
2025-06-06,KLBN11,18.43
2025-06-06,LREN3,17.56
2025-06-06,MGLU3,9.5
2025-06-06,MOTV3,13.35
2025-06-06,MRFG3,24.53
2025-06-06,MRVE3,5.92
2025-06-06,MULT3,26.26
2025-06-06,NTCO3,10.54
2025-06-06,PETR3,31.57
2025-06-06,PETR4,29.63
2025-06-06,POMO4,7.33
2025-06-06,PRIO3,42.51
2025-06-06,PSSA3,52.51
2025-06-06,RADL3,15.15
2025-06-06,RAIL3,19.08
2025-06-06,RDOR3,35.84
2025-06-06,RENT3,43.8
2025-06-06,SANB11,28.73
2025-06-06,SBSP3,114.96
2025-06-06,SMFT3,24.31
2025-06-06,SUZB3,53.42
2025-06-06,TAEE11,34.37
2025-06-06,TEND3,24.62
2025-06-06,TIMS3,20.15
2025-06-06,TOTS3,40.98
2025-06-06,UGPA3,16.19
2025-06-06,USIM5,5.18
2025-06-06,VALE3,52.98
2025-06-06,VAMO3,4.53
2025-06-06,VBBR3,20.13
2025-06-06,VIVA3,24.62
2025-06-06,VIVT3,28.78
2025-06-06,WEGE3,42.57
2025-06-06,YDUQ3,17.07
2025-06-09,ABEV3,13.96
2025-06-09,ALOS3,21.62
2025-06-09,ASAI3,11.12
2025-06-09,AURE3,9.89
2025-06-09,AZZA3,42.2
2025-06-09,B3SA3,13.16
2025-06-09,BBAS3,21.73
2025-06-09,BBDC3,13.69
2025-06-09,BBDC4,15.84
2025-06-09,BBSE3,36.28
2025-06-09,BEEF3,4.95
2025-06-09,BPAC11,39.8
2025-06-09,BRAP4,15.87
2025-06-09,BRAV3,19.15
2025-06-09,CEAB3,17.23
2025-06-09,CMIG4,10.44
2025-06-09,CMIN3,4.92
2025-06-09,COGN3,2.97
2025-06-09,CPFE3,40.32
2025-06-09,CPLE3,11.42
2025-06-09,CSAN3,8.01
2025-06-09,CSMG3,23.7
2025-06-09,CSNA3,8.3
2025-06-09,CURY3,30.18
2025-06-09,CXSE3,14.71
2025-06-09,CYRE3,24.84
2025-06-09,DIRR3,40.88
2025-06-09,EGIE3,40.37
2025-06-09,ELET3,41.02
2025-06-09,EMBR3,67.5
2025-06-09,ENEV3,13.68
2025-06-09,ENGI11,46.5
2025-06-09,EQTL3,35.83
2025-06-09,FLRY3,12.97
2025-06-09,GGBR4,17.76
2025-06-09,GOAU4,9.7
2025-06-09,HAPV3,39.89
2025-06-09,HYPE3,25.93
2025-06-09,IGTI11,22.13
2025-06-09,ISAE4,23.01
2025-06-09,ITSA4,10.78
2025-06-09,ITUB4,36.39
2025-06-09,KLBN11,18.71
2025-06-09,LREN3,17.89
2025-06-09,MGLU3,9.48
2025-06-09,MOTV3,13.3
2025-06-09,MRFG3,25.16
2025-06-09,MRVE3,6.03
2025-06-09,MULT3,25.79
2025-06-09,NTCO3,10.39
2025-06-09,PETR3,31.24
2025-06-09,PETR4,29.17
2025-06-09,POMO4,7.35
2025-06-09,PRIO3,42.15
2025-06-09,PSSA3,52.18
2025-06-09,RADL3,14.71
2025-06-09,RAIL3,18.85
2025-06-09,RDOR3,35.82
2025-06-09,RENT3,43.66
2025-06-09,SANB11,28.75
2025-06-09,SBSP3,113.12
2025-06-09,SMFT3,24.25
2025-06-09,SUZB3,53.57
2025-06-09,TAEE11,34.05
2025-06-09,TEND3,25.07
2025-06-09,TIMS3,19.95
2025-06-09,TOTS3,40.9
2025-06-09,UGPA3,16.48
2025-06-09,USIM5,5.25
2025-06-09,VALE3,53.29
2025-06-09,VAMO3,4.42
2025-06-09,VBBR3,20.51
2025-06-09,VIVA3,24.5
2025-06-09,VIVT3,28.86
2025-06-09,WEGE3,42.84
2025-06-09,YDUQ3,17.28
2025-06-10,ABEV3,13.8
2025-06-10,ALOS3,21.78
2025-06-10,ASAI3,11.01
2025-06-10,AURE3,9.98
2025-06-10,AZZA3,42.85
2025-06-10,B3SA3,13.14
2025-06-10,BBAS3,21.54
2025-06-10,BBDC3,13.71
2025-06-10,BBDC4,15.83
2025-06-10,BBSE3,35.5
2025-06-10,BEEF3,5.1
2025-06-10,BPAC11,39.71
2025-06-10,BRAP4,15.93
2025-06-10,BRAV3,19.78
2025-06-10,CEAB3,18.01
2025-06-10,CMIG4,10.35
2025-06-10,CMIN3,5.02
2025-06-10,COGN3,3.02
2025-06-10,CPFE3,40.29
2025-06-10,CPLE3,11.55
2025-06-10,CSAN3,8.26
2025-06-10,CSMG3,23.8
2025-06-10,CSNA3,8.64
2025-06-10,CURY3,30.54
2025-06-10,CXSE3,14.4
2025-06-10,CYRE3,25.28
2025-06-10,DIRR3,40.95
2025-06-10,EGIE3,40.6
2025-06-10,ELET3,41.24
2025-06-10,EMBR3,65.86
2025-06-10,ENEV3,13.73
2025-06-10,ENGI11,46.61
2025-06-10,EQTL3,36.41
2025-06-10,FLRY3,12.81
2025-06-10,GGBR4,17.65
2025-06-10,GOAU4,9.69
2025-06-10,HAPV3,40.63
2025-06-10,HYPE3,26.59
2025-06-10,IGTI11,22.15
2025-06-10,ISAE4,23.11
2025-06-10,ITSA4,10.7
2025-06-10,ITUB4,36.0
2025-06-10,KLBN11,18.58
2025-06-10,LREN3,18.31
2025-06-10,MGLU3,9.5
2025-06-10,MOTV3,13.4
2025-06-10,MRFG3,25.49
2025-06-10,MRVE3,6.04
2025-06-10,MULT3,26.08
2025-06-10,NTCO3,10.52
2025-06-10,PETR3,32.38
2025-06-10,PETR4,30.05
2025-06-10,POMO4,7.42
2025-06-10,PRIO3,42.57
2025-06-10,PSSA3,52.28
2025-06-10,RADL3,14.76
2025-06-10,RAIL3,19.15
2025-06-10,RDOR3,36.16
2025-06-10,RENT3,43.99
2025-06-10,SANB11,28.83
2025-06-10,SBSP3,115.05
2025-06-10,SMFT3,24.6
2025-06-10,SUZB3,53.29
2025-06-10,TAEE11,34.18
2025-06-10,TEND3,24.55
2025-06-10,TIMS3,20.24
2025-06-10,TOTS3,40.95
2025-06-10,UGPA3,16.57
2025-06-10,USIM5,5.17
2025-06-10,VALE3,53.65
2025-06-10,VAMO3,4.68
2025-06-10,VBBR3,20.5
2025-06-10,VIVA3,24.96
2025-06-10,VIVT3,29.0
2025-06-10,WEGE3,42.3
2025-06-10,YDUQ3,17.29
2025-06-11,ABEV3,13.91
2025-06-11,ALOS3,21.62
2025-06-11,ASAI3,11.22
2025-06-11,AURE3,9.83
2025-06-11,AZZA3,41.74
2025-06-11,B3SA3,13.24
2025-06-11,BBAS3,21.4
2025-06-11,BBDC3,14.08
2025-06-11,BBDC4,16.32
2025-06-11,BBSE3,35.13
2025-06-11,BEEF3,5.07
2025-06-11,BPAC11,40.18
2025-06-11,BRAP4,15.85
2025-06-11,BRAV3,20.38
2025-06-11,CEAB3,17.91
2025-06-11,CMIG4,10.38
2025-06-11,CMIN3,4.98
2025-06-11,COGN3,2.96
2025-06-11,CPFE3,40.26
2025-06-11,CPLE3,11.49
2025-06-11,CSAN3,8.25
2025-06-11,CSMG3,24.25
2025-06-11,CSNA3,8.48
2025-06-11,CURY3,30.0
2025-06-11,CXSE3,14.51
2025-06-11,CYRE3,24.74
2025-06-11,DIRR3,41.16
2025-06-11,EGIE3,40.25
2025-06-11,ELET3,41.19
2025-06-11,EMBR3,66.03
2025-06-11,ENEV3,13.66
2025-06-11,ENGI11,46.35
2025-06-11,EQTL3,36.4
2025-06-11,FLRY3,12.77
2025-06-11,GGBR4,17.0
2025-06-11,GOAU4,9.31
2025-06-11,HAPV3,39.53
2025-06-11,HYPE3,26.85
2025-06-11,IGTI11,22.1
2025-06-11,ISAE4,23.11
2025-06-11,ITSA4,10.8
2025-06-11,ITUB4,36.33
2025-06-11,KLBN11,18.2
2025-06-11,LREN3,18.47
2025-06-11,MGLU3,9.54
2025-06-11,MOTV3,13.48
2025-06-11,MRFG3,25.58
2025-06-11,MRVE3,6.19
2025-06-11,MULT3,25.93
2025-06-11,NTCO3,10.38
2025-06-11,PETR3,33.33
2025-06-11,PETR4,31.05
2025-06-11,POMO4,7.4
2025-06-11,PRIO3,43.31
2025-06-11,PSSA3,52.45
2025-06-11,RADL3,14.34
2025-06-11,RAIL3,19.23
2025-06-11,RDOR3,35.32
2025-06-11,RENT3,44.0
2025-06-11,SANB11,30.17
2025-06-11,SBSP3,115.4
2025-06-11,SMFT3,24.45
2025-06-11,SUZB3,52.98
2025-06-11,TAEE11,34.01
2025-06-11,TEND3,23.75
2025-06-11,TIMS3,20.95
2025-06-11,TOTS3,40.89
2025-06-11,UGPA3,16.98
2025-06-11,USIM5,5.17
2025-06-11,VALE3,53.18
2025-06-11,VAMO3,4.73
2025-06-11,VBBR3,21.01
2025-06-11,VIVA3,24.57
2025-06-11,VIVT3,29.7
2025-06-11,WEGE3,42.29
2025-06-11,YDUQ3,17.3
2025-06-12,ABEV3,13.8
2025-06-12,ALOS3,21.68
2025-06-12,ASAI3,11.2
2025-06-12,AURE3,9.92
2025-06-12,AZZA3,42.51
2025-06-12,B3SA3,12.98
2025-06-12,BBAS3,21.42
2025-06-12,BBDC3,14.28
2025-06-12,BBDC4,16.48
2025-06-12,BBSE3,35.29
2025-06-12,BEEF3,5.08
2025-06-12,BPAC11,41.21
2025-06-12,BRAP4,15.87
2025-06-12,BRAV3,20.47
2025-06-12,CEAB3,17.4
2025-06-12,CMIG4,10.53
2025-06-12,CMIN3,5.03
2025-06-12,COGN3,2.88
2025-06-12,CPFE3,40.38
2025-06-12,CPLE3,11.56
2025-06-12,CSAN3,8.24
2025-06-12,CSMG3,25.08
2025-06-12,CSNA3,8.29
2025-06-12,CURY3,29.8
2025-06-12,CXSE3,14.57
2025-06-12,CYRE3,24.8
2025-06-12,DIRR3,40.77
2025-06-12,EGIE3,40.35
2025-06-12,ELET3,41.42
2025-06-12,EMBR3,68.86
2025-06-12,ENEV3,13.69
2025-06-12,ENGI11,46.62
2025-06-12,EQTL3,36.53
2025-06-12,FLRY3,12.92
2025-06-12,GGBR4,16.92
2025-06-12,GOAU4,9.25
2025-06-12,HAPV3,39.52
2025-06-12,HYPE3,27.53
2025-06-12,IGTI11,22.22
2025-06-12,ISAE4,23.1
2025-06-12,ITSA4,10.82
2025-06-12,ITUB4,36.61
2025-06-12,KLBN11,18.37
2025-06-12,LREN3,18.44
2025-06-12,MGLU3,9.62
2025-06-12,MOTV3,13.4
2025-06-12,MRFG3,25.28
2025-06-12,MRVE3,5.9
2025-06-12,MULT3,26.17
2025-06-12,NTCO3,10.31
2025-06-12,PETR3,34.25
2025-06-12,PETR4,31.75
2025-06-12,POMO4,7.61
2025-06-12,PRIO3,43.22
2025-06-12,PSSA3,53.39
2025-06-12,RADL3,14.62
2025-06-12,RAIL3,19.04
2025-06-12,RDOR3,35.25
2025-06-12,RENT3,44.46
2025-06-12,SANB11,29.91
2025-06-12,SBSP3,115.84
2025-06-12,SMFT3,24.71
2025-06-12,SUZB3,52.95
2025-06-12,TAEE11,33.98
2025-06-12,TEND3,23.58
2025-06-12,TIMS3,20.92
2025-06-12,TOTS3,41.31
2025-06-12,UGPA3,17.11
2025-06-12,USIM5,5.07
2025-06-12,VALE3,52.83
2025-06-12,VAMO3,4.76
2025-06-12,VBBR3,21.11
2025-06-12,VIVA3,24.65
2025-06-12,VIVT3,29.75
2025-06-12,WEGE3,42.26
2025-06-12,YDUQ3,16.77
2025-06-13,ABEV3,13.64
2025-06-13,ALOS3,21.48
2025-06-13,ASAI3,10.91
2025-06-13,AURE3,10.02
2025-06-13,AZZA3,41.13
2025-06-13,B3SA3,13.05
2025-06-13,BBAS3,21.59
2025-06-13,BBDC3,14.11
2025-06-13,BBDC4,16.29
2025-06-13,BBSE3,35.51
2025-06-13,BEEF3,4.86
2025-06-13,BPAC11,40.51
2025-06-13,BRAP4,15.61
2025-06-13,BRAV3,20.78
2025-06-13,CEAB3,16.65
2025-06-13,CMIG4,10.57
2025-06-13,CMIN3,4.87
2025-06-13,COGN3,2.79
2025-06-13,CPFE3,40.5
2025-06-13,CPLE3,11.56
2025-06-13,CSAN3,8.12
2025-06-13,CSMG3,26.52
2025-06-13,CSNA3,7.94
2025-06-13,CURY3,29.09
2025-06-13,CXSE3,14.6
2025-06-13,CYRE3,24.4
2025-06-13,DIRR3,39.46
2025-06-13,EGIE3,40.46
2025-06-13,ELET3,41.3
2025-06-13,EMBR3,66.44
2025-06-13,ENEV3,13.57
2025-06-13,ENGI11,46.42
2025-06-13,EQTL3,36.4
2025-06-13,FLRY3,13.02
2025-06-13,GGBR4,16.76
2025-06-13,GOAU4,9.19
2025-06-13,HAPV3,38.49
2025-06-13,HYPE3,27.8
2025-06-13,IGTI11,21.88
2025-06-13,ISAE4,23.12
2025-06-13,ITSA4,10.71
2025-06-13,ITUB4,36.17
2025-06-13,KLBN11,18.39
2025-06-13,LREN3,18.36
2025-06-13,MGLU3,8.94
2025-06-13,MOTV3,13.37
2025-06-13,MRFG3,25.18
2025-06-13,MRVE3,5.76
2025-06-13,MULT3,25.7
2025-06-13,NTCO3,10.24
2025-06-13,PETR3,34.98
2025-06-13,PETR4,32.53
2025-06-13,POMO4,7.58
2025-06-13,PRIO3,43.98
2025-06-13,PSSA3,52.99
2025-06-13,RADL3,13.88
2025-06-13,RAIL3,19.13
2025-06-13,RDOR3,35.1
2025-06-13,RENT3,44.02
2025-06-13,SANB11,29.8
2025-06-13,SBSP3,115.11
2025-06-13,SMFT3,24.17
2025-06-13,SUZB3,54.11
2025-06-13,TAEE11,33.97
2025-06-13,TEND3,23.1
2025-06-13,TIMS3,20.56
2025-06-13,TOTS3,41.04
2025-06-13,UGPA3,16.99
2025-06-13,USIM5,4.77
2025-06-13,VALE3,52.13
2025-06-13,VAMO3,4.64
2025-06-13,VBBR3,21.07
2025-06-13,VIVA3,24.36
2025-06-13,VIVT3,29.79
2025-06-13,WEGE3,42.39
2025-06-13,YDUQ3,16.53
2025-06-16,ABEV3,13.68
2025-06-16,ALOS3,21.66
2025-06-16,ASAI3,11.33
2025-06-16,AURE3,10.21
2025-06-16,AZZA3,41.75
2025-06-16,B3SA3,13.47
2025-06-16,BBAS3,21.98
2025-06-16,BBDC3,14.37
2025-06-16,BBDC4,16.64
2025-06-16,BBSE3,35.82
2025-06-16,BEEF3,4.92
2025-06-16,BPAC11,41.4
2025-06-16,BRAP4,15.98
2025-06-16,BRAV3,20.68
2025-06-16,CEAB3,17.13
2025-06-16,CMIG4,10.69
2025-06-16,CMIN3,5.03
2025-06-16,COGN3,2.92
2025-06-16,CPFE3,40.75
2025-06-16,CPLE3,11.8
2025-06-16,CSAN3,8.44
2025-06-16,CSMG3,26.95
2025-06-16,CSNA3,8.42
2025-06-16,CURY3,29.5
2025-06-16,CXSE3,14.72
2025-06-16,CYRE3,25.11
2025-06-16,DIRR3,40.97
2025-06-16,EGIE3,40.65
2025-06-16,ELET3,41.78
2025-06-16,EMBR3,69.99
2025-06-16,ENEV3,13.83
2025-06-16,ENGI11,47.28
2025-06-16,EQTL3,36.92
2025-06-16,FLRY3,13.24
2025-06-16,GGBR4,16.84
2025-06-16,GOAU4,9.26
2025-06-16,HAPV3,39.16
2025-06-16,HYPE3,28.41
2025-06-16,IGTI11,22.2
2025-06-16,ISAE4,23.43
2025-06-16,ITSA4,10.85
2025-06-16,ITUB4,36.83
2025-06-16,KLBN11,18.52
2025-06-16,LREN3,18.82
2025-06-16,MGLU3,9.54
2025-06-16,MOTV3,13.62
2025-06-16,MRFG3,25.0
2025-06-16,MRVE3,5.91
2025-06-16,MULT3,25.95
2025-06-16,NTCO3,10.51
2025-06-16,PETR3,34.92
2025-06-16,PETR4,32.21
2025-06-16,POMO4,7.69
2025-06-16,PRIO3,43.18
2025-06-16,PSSA3,53.69
2025-06-16,RADL3,14.07
2025-06-16,RAIL3,19.48
2025-06-16,RDOR3,35.52
2025-06-16,RENT3,44.99
2025-06-16,SANB11,30.09
2025-06-16,SBSP3,115.63
2025-06-16,SMFT3,24.44
2025-06-16,SUZB3,54.25
2025-06-16,TAEE11,34.46
2025-06-16,TEND3,23.4
2025-06-16,TIMS3,21.0
2025-06-16,TOTS3,41.47
2025-06-16,UGPA3,17.11
2025-06-16,USIM5,4.93
2025-06-16,VALE3,53.83
2025-06-16,VAMO3,4.88
2025-06-16,VBBR3,21.46
2025-06-16,VIVA3,25.09
2025-06-16,VIVT3,30.19
2025-06-16,WEGE3,42.54
2025-06-16,YDUQ3,16.91
2025-06-17,ABEV3,13.47
2025-06-17,ALOS3,21.86
2025-06-17,ASAI3,11.1
2025-06-17,AURE3,10.07
2025-06-17,AZZA3,40.68
2025-06-17,B3SA3,13.53
2025-06-17,BBAS3,21.9
2025-06-17,BBDC3,14.5
2025-06-17,BBDC4,16.89
2025-06-17,BBSE3,35.52
2025-06-17,BEEF3,4.78
2025-06-17,BPAC11,41.71
2025-06-17,BRAP4,15.5
2025-06-17,BRAV3,20.59
2025-06-17,CEAB3,17.3
2025-06-17,CMIG4,10.77
2025-06-17,CMIN3,4.98
2025-06-17,COGN3,2.97
2025-06-17,CPFE3,41.0
2025-06-17,CPLE3,11.84
2025-06-17,CSAN3,8.12
2025-06-17,CSMG3,27.3
2025-06-17,CSNA3,8.2
2025-06-17,CURY3,29.83
2025-06-17,CXSE3,14.52
2025-06-17,CYRE3,25.36
2025-06-17,DIRR3,41.75
2025-06-17,EGIE3,40.43
2025-06-17,ELET3,41.44
2025-06-17,EMBR3,70.1
2025-06-17,ENEV3,13.82
2025-06-17,ENGI11,47.18
2025-06-17,EQTL3,36.64
2025-06-17,FLRY3,13.26
2025-06-17,GGBR4,16.58
2025-06-17,GOAU4,9.19
2025-06-17,HAPV3,39.38
2025-06-17,HYPE3,27.8
2025-06-17,IGTI11,22.22
2025-06-17,ISAE4,23.47
2025-06-17,ITSA4,10.9
2025-06-17,ITUB4,37.05
2025-06-17,KLBN11,18.0
2025-06-17,LREN3,18.65
2025-06-17,MGLU3,9.33
2025-06-17,MOTV3,13.7
2025-06-17,MRFG3,24.4
2025-06-17,MRVE3,5.97
2025-06-17,MULT3,26.23
2025-06-17,NTCO3,10.53
2025-06-17,PETR3,35.95
2025-06-17,PETR4,32.94
2025-06-17,POMO4,7.61
2025-06-17,PRIO3,44.03
2025-06-17,PSSA3,53.91
2025-06-17,RADL3,14.11
2025-06-17,RAIL3,18.5
2025-06-17,RDOR3,35.49
2025-06-17,RENT3,44.6
2025-06-17,SANB11,30.15
2025-06-17,SBSP3,116.79
2025-06-17,SMFT3,24.17
2025-06-17,SUZB3,52.64
2025-06-17,TAEE11,34.49
2025-06-17,TEND3,23.5
2025-06-17,TIMS3,21.13
2025-06-17,TOTS3,41.76
2025-06-17,UGPA3,17.24
2025-06-17,USIM5,4.59
2025-06-17,VALE3,51.41
2025-06-17,VAMO3,5.0
2025-06-17,VBBR3,21.5
2025-06-17,VIVA3,25.12
2025-06-17,VIVT3,30.09
2025-06-17,WEGE3,41.41
2025-06-17,YDUQ3,17.15
2025-06-18,ABEV3,13.49
2025-06-18,ALOS3,21.69
2025-06-18,ASAI3,11.04
2025-06-18,AURE3,10.06
2025-06-18,AZZA3,41.32
2025-06-18,B3SA3,13.79
2025-06-18,BBAS3,21.81
2025-06-18,BBDC3,14.45
2025-06-18,BBDC4,16.76
2025-06-18,BBSE3,35.53
2025-06-18,BEEF3,4.92
2025-06-18,BPAC11,41.8
2025-06-18,BRAP4,15.32
2025-06-18,BRAV3,20.43
2025-06-18,CEAB3,17.42
2025-06-18,CMIG4,10.86
2025-06-18,CMIN3,4.98
2025-06-18,COGN3,2.88
2025-06-18,CPFE3,40.45
2025-06-18,CPLE3,11.7
2025-06-18,CSAN3,8.0
2025-06-18,CSMG3,27.49
2025-06-18,CSNA3,8.15
2025-06-18,CURY3,29.41
2025-06-18,CXSE3,14.45
2025-06-18,CYRE3,25.54
2025-06-18,DIRR3,42.47
2025-06-18,EGIE3,40.59
2025-06-18,ELET3,40.55
2025-06-18,EMBR3,72.9
2025-06-18,ENEV3,13.87
2025-06-18,ENGI11,47.14
2025-06-18,EQTL3,36.56
2025-06-18,FLRY3,13.47
2025-06-18,GGBR4,16.53
2025-06-18,GOAU4,9.17
2025-06-18,HAPV3,39.49
2025-06-18,HYPE3,27.69
2025-06-18,IGTI11,22.18
2025-06-18,ISAE4,23.31
2025-06-18,ITSA4,10.88
2025-06-18,ITUB4,36.83
2025-06-18,KLBN11,18.04
2025-06-18,LREN3,18.72
2025-06-18,MGLU3,9.35
2025-06-18,MOTV3,13.72
2025-06-18,MRFG3,24.36
2025-06-18,MRVE3,5.9
2025-06-18,MULT3,26.34
2025-06-18,NTCO3,10.46
2025-06-18,PETR3,35.75
2025-06-18,PETR4,32.91
2025-06-18,POMO4,7.64
2025-06-18,PRIO3,43.7
2025-06-18,PSSA3,53.64
2025-06-18,RADL3,14.32
2025-06-18,RAIL3,18.48
2025-06-18,RDOR3,35.27
2025-06-18,RENT3,44.88
2025-06-18,SANB11,30.08
2025-06-18,SBSP3,115.95
2025-06-18,SMFT3,24.23
2025-06-18,SUZB3,52.81
2025-06-18,TAEE11,34.24
2025-06-18,TEND3,22.95
2025-06-18,TIMS3,21.2
2025-06-18,TOTS3,42.41
2025-06-18,UGPA3,17.34
2025-06-18,USIM5,4.54
2025-06-18,VALE3,51.24
2025-06-18,VAMO3,4.84
2025-06-18,VBBR3,21.63
2025-06-18,VIVA3,25.62
2025-06-18,VIVT3,29.84
2025-06-18,WEGE3,41.86
2025-06-18,YDUQ3,16.87
2025-06-20,ABEV3,13.53
2025-06-20,ALOS3,21.36
2025-06-20,ASAI3,10.78
2025-06-20,AURE3,9.8
2025-06-20,AZZA3,40.25
2025-06-20,B3SA3,13.62
2025-06-20,BBAS3,21.35
2025-06-20,BBDC3,14.29
2025-06-20,BBDC4,16.62
2025-06-20,BBSE3,35.19
2025-06-20,BEEF3,4.87
2025-06-20,BPAC11,41.82
2025-06-20,BRAP4,15.07
2025-06-20,BRAV3,20.32
2025-06-20,CEAB3,16.89
2025-06-20,CMIG4,10.75
2025-06-20,CMIN3,4.97
2025-06-20,COGN3,2.82
2025-06-20,CPFE3,40.28
2025-06-20,CPLE3,11.66
2025-06-20,CSAN3,7.28
2025-06-20,CSMG3,27.51
2025-06-20,CSNA3,7.87
2025-06-20,CURY3,29.15
2025-06-20,CXSE3,14.2
2025-06-20,CYRE3,25.26
2025-06-20,DIRR3,42.15
2025-06-20,EGIE3,40.05
2025-06-20,ELET3,40.05
2025-06-20,EMBR3,72.53
2025-06-20,ENEV3,13.75
2025-06-20,ENGI11,46.85
2025-06-20,EQTL3,35.93
2025-06-20,FLRY3,13.06
2025-06-20,GGBR4,16.01
2025-06-20,GOAU4,8.91
2025-06-20,HAPV3,37.42
2025-06-20,HYPE3,27.47
2025-06-20,IGTI11,21.91
2025-06-20,ISAE4,23.03
2025-06-20,ITSA4,10.81
2025-06-20,ITUB4,36.64
2025-06-20,KLBN11,17.6
2025-06-20,LREN3,18.56
2025-06-20,MGLU3,8.85
2025-06-20,MOTV3,13.51
2025-06-20,MRFG3,23.32
2025-06-20,MRVE3,5.86
2025-06-20,MULT3,25.85
2025-06-20,NTCO3,10.5
2025-06-20,PETR3,35.91
2025-06-20,PETR4,32.82
2025-06-20,POMO4,7.57
2025-06-20,PRIO3,43.56
2025-06-20,PSSA3,53.5
2025-06-20,RADL3,14.0
2025-06-20,RAIL3,17.97
2025-06-20,RDOR3,34.8
2025-06-20,RENT3,43.26
2025-06-20,SANB11,29.47
2025-06-20,SBSP3,115.65
2025-06-20,SMFT3,23.91
2025-06-20,SUZB3,51.87
2025-06-20,TAEE11,34.54
2025-06-20,TEND3,23.68
2025-06-20,TIMS3,21.52
2025-06-20,TOTS3,40.89
2025-06-20,UGPA3,17.09
2025-06-20,USIM5,4.4
2025-06-20,VALE3,49.92
2025-06-20,VAMO3,4.48
2025-06-20,VBBR3,21.43
2025-06-20,VIVA3,25.47
2025-06-20,VIVT3,30.28
2025-06-20,WEGE3,41.64
2025-06-20,YDUQ3,16.54
2025-06-23,ABEV3,13.56
2025-06-23,ALOS3,21.53
2025-06-23,ASAI3,10.81
2025-06-23,AURE3,9.89
2025-06-23,AZZA3,38.63
2025-06-23,B3SA3,13.4
2025-06-23,BBAS3,21.09
2025-06-23,BBDC3,14.19
2025-06-23,BBDC4,16.49
2025-06-23,BBSE3,35.51
2025-06-23,BEEF3,4.81
2025-06-23,BPAC11,41.55
2025-06-23,BRAP4,15.14
2025-06-23,BRAV3,19.85
2025-06-23,CEAB3,17.02
2025-06-23,CMIG4,10.73
2025-06-23,CMIN3,4.92
2025-06-23,COGN3,2.8
2025-06-23,CPFE3,40.3
2025-06-23,CPLE3,11.63
2025-06-23,CSAN3,6.94
2025-06-23,CSMG3,27.68
2025-06-23,CSNA3,7.74
2025-06-23,CURY3,28.6
2025-06-23,CXSE3,14.2
2025-06-23,CYRE3,25.38
2025-06-23,DIRR3,41.61
2025-06-23,EGIE3,41.4
2025-06-23,ELET3,40.14
2025-06-23,EMBR3,73.04
2025-06-23,ENEV3,13.83
2025-06-23,ENGI11,46.29
2025-06-23,EQTL3,35.6
2025-06-23,FLRY3,13.26
2025-06-23,GGBR4,16.09
2025-06-23,GOAU4,8.95
2025-06-23,HAPV3,36.75
2025-06-23,HYPE3,27.78
2025-06-23,IGTI11,21.94
2025-06-23,ISAE4,23.25
2025-06-23,ITSA4,10.66
2025-06-23,ITUB4,36.56
2025-06-23,KLBN11,17.66
2025-06-23,LREN3,19.01
2025-06-23,MGLU3,8.91
2025-06-23,MOTV3,13.43
2025-06-23,MRFG3,24.36
2025-06-23,MRVE3,5.83
2025-06-23,MULT3,26.1
2025-06-23,NTCO3,10.29
2025-06-23,PETR3,34.9
2025-06-23,PETR4,32.0
2025-06-23,POMO4,7.65
2025-06-23,PRIO3,43.25
2025-06-23,PSSA3,53.42
2025-06-23,RADL3,14.51
2025-06-23,RAIL3,17.48
2025-06-23,RDOR3,34.7
2025-06-23,RENT3,42.41
2025-06-23,SANB11,29.12
2025-06-23,SBSP3,114.03
2025-06-23,SMFT3,23.83
2025-06-23,SUZB3,51.75
2025-06-23,TAEE11,34.26
2025-06-23,TEND3,23.44
2025-06-23,TIMS3,21.27
2025-06-23,TOTS3,41.73
2025-06-23,UGPA3,16.96
2025-06-23,USIM5,4.35
2025-06-23,VALE3,50.55
2025-06-23,VAMO3,4.29
2025-06-23,VBBR3,21.53
2025-06-23,VIVA3,25.09
2025-06-23,VIVT3,30.45
2025-06-23,WEGE3,41.6
2025-06-23,YDUQ3,16.26
2025-06-24,ABEV3,13.51
2025-06-24,ALOS3,22.26
2025-06-24,ASAI3,10.99
2025-06-24,AURE3,10.17
2025-06-24,AZZA3,40.37
2025-06-24,B3SA3,13.52
2025-06-24,BBAS3,21.44
2025-06-24,BBDC3,14.26
2025-06-24,BBDC4,16.54
2025-06-24,BBSE3,35.41
2025-06-24,BEEF3,4.74
2025-06-24,BPAC11,42.45
2025-06-24,BRAP4,15.17
2025-06-24,BRAV3,18.48
2025-06-24,CEAB3,17.47
2025-06-24,CMIG4,10.47
2025-06-24,CMIN3,4.9
2025-06-24,COGN3,2.82
2025-06-24,CPFE3,40.46
2025-06-24,CPLE3,11.75
2025-06-24,CSAN3,7.11
2025-06-24,CSMG3,26.57
2025-06-24,CSNA3,7.63
2025-06-24,CURY3,29.11
2025-06-24,CXSE3,14.21
2025-06-24,CYRE3,25.78
2025-06-24,DIRR3,42.48
2025-06-24,EGIE3,43.55
2025-06-24,ELET3,40.24
2025-06-24,EMBR3,73.19
2025-06-24,ENEV3,14.06
2025-06-24,ENGI11,47.06
2025-06-24,EQTL3,36.0
2025-06-24,FLRY3,13.17
2025-06-24,GGBR4,16.09
2025-06-24,GOAU4,8.93
2025-06-24,HAPV3,37.86
2025-06-24,HYPE3,28.0
2025-06-24,IGTI11,22.74
2025-06-24,ISAE4,23.12
2025-06-24,ITSA4,10.89
2025-06-24,ITUB4,37.25
2025-06-24,KLBN11,17.71
2025-06-24,LREN3,19.29
2025-06-24,MGLU3,9.1
2025-06-24,MOTV3,13.73
2025-06-24,MRFG3,23.77
2025-06-24,MRVE3,5.95
2025-06-24,MULT3,27.1
2025-06-24,NTCO3,10.51
2025-06-24,PETR3,34.17
2025-06-24,PETR4,31.37
2025-06-24,POMO4,7.64
2025-06-24,PRIO3,41.56
2025-06-24,PSSA3,53.99
2025-06-24,RADL3,15.01
2025-06-24,RAIL3,17.84
2025-06-24,RDOR3,35.38
2025-06-24,RENT3,43.51
2025-06-24,SANB11,29.65
2025-06-24,SBSP3,114.91
2025-06-24,SMFT3,24.42
2025-06-24,SUZB3,51.85
2025-06-24,TAEE11,34.3
2025-06-24,TEND3,23.82
2025-06-24,TIMS3,21.21
2025-06-24,TOTS3,41.92
2025-06-24,UGPA3,17.4
2025-06-24,USIM5,4.2
2025-06-24,VALE3,50.54
2025-06-24,VAMO3,4.6
2025-06-24,VBBR3,21.8
2025-06-24,VIVA3,25.32
2025-06-24,VIVT3,30.54
2025-06-24,WEGE3,41.44
2025-06-24,YDUQ3,16.4
2025-06-25,ABEV3,13.15
2025-06-25,ALOS3,22.17
2025-06-25,ASAI3,10.9
2025-06-25,AURE3,9.94
2025-06-25,AZZA3,38.52
2025-06-25,B3SA3,13.61
2025-06-25,BBAS3,21.26
2025-06-25,BBDC3,14.19
2025-06-25,BBDC4,16.4
2025-06-25,BBSE3,35.05
2025-06-25,BEEF3,4.81
2025-06-25,BPAC11,42.15
2025-06-25,BRAP4,15.1
2025-06-25,BRAV3,17.6
2025-06-25,CEAB3,18.26
2025-06-25,CMIG4,10.32
2025-06-25,CMIN3,4.8
2025-06-25,COGN3,2.82
2025-06-25,CPFE3,39.92
2025-06-25,CPLE3,11.57
2025-06-25,CSAN3,6.87
2025-06-25,CSMG3,27.42
2025-06-25,CSNA3,7.25
2025-06-25,CURY3,29.67
2025-06-25,CXSE3,14.27
2025-06-25,CYRE3,25.15
2025-06-25,DIRR3,42.45
2025-06-25,EGIE3,42.75
2025-06-25,ELET3,39.75
2025-06-25,EMBR3,73.08
2025-06-25,ENEV3,13.8
2025-06-25,ENGI11,46.0
2025-06-25,EQTL3,35.19
2025-06-25,FLRY3,12.88
2025-06-25,GGBR4,15.86
2025-06-25,GOAU4,8.76
2025-06-25,HAPV3,35.77
2025-06-25,HYPE3,27.36
2025-06-25,IGTI11,22.71
2025-06-25,ISAE4,22.9
2025-06-25,ITSA4,10.74
2025-06-25,ITUB4,36.58
2025-06-25,KLBN11,17.6
2025-06-25,LREN3,18.99
2025-06-25,MGLU3,9.13
2025-06-25,MOTV3,13.48
2025-06-25,MRFG3,22.76
2025-06-25,MRVE3,5.79
2025-06-25,MULT3,26.57
2025-06-25,NTCO3,10.47
2025-06-25,PETR3,33.97
2025-06-25,PETR4,31.21
2025-06-25,POMO4,7.65
2025-06-25,PRIO3,41.03
2025-06-25,PSSA3,53.9
2025-06-25,RADL3,15.5
2025-06-25,RAIL3,17.75
2025-06-25,RDOR3,34.61
2025-06-25,RENT3,43.15
2025-06-25,SANB11,29.24
2025-06-25,SBSP3,113.68
2025-06-25,SMFT3,24.18
2025-06-25,SUZB3,51.49
2025-06-25,TAEE11,34.46
2025-06-25,TEND3,24.17
2025-06-25,TIMS3,20.83
2025-06-25,TOTS3,41.34
2025-06-25,UGPA3,16.95
2025-06-25,USIM5,4.02
2025-06-25,VALE3,50.48
2025-06-25,VAMO3,4.76
2025-06-25,VBBR3,21.7
2025-06-25,VIVA3,24.86
2025-06-25,VIVT3,29.84
2025-06-25,WEGE3,41.82
2025-06-25,YDUQ3,16.33
2025-06-26,ABEV3,13.32
2025-06-26,ALOS3,22.56
2025-06-26,ASAI3,11.01
2025-06-26,AURE3,9.92
2025-06-26,AZZA3,40.82
2025-06-26,B3SA3,14.1
2025-06-26,BBAS3,21.6
2025-06-26,BBDC3,14.31
2025-06-26,BBDC4,16.55
2025-06-26,BBSE3,35.19
2025-06-26,BEEF3,4.86
2025-06-26,BPAC11,42.16
2025-06-26,BRAP4,15.45
2025-06-26,BRAV3,17.84
2025-06-26,CEAB3,19.04
2025-06-26,CMIG4,10.59
2025-06-26,CMIN3,4.89
2025-06-26,COGN3,2.78
2025-06-26,CPFE3,40.4
2025-06-26,CPLE3,11.62
2025-06-26,CSAN3,6.91
2025-06-26,CSMG3,27.77
2025-06-26,CSNA3,7.42
2025-06-26,CURY3,29.46
2025-06-26,CXSE3,14.46
2025-06-26,CYRE3,25.84
2025-06-26,DIRR3,42.4
2025-06-26,EGIE3,43.2
2025-06-26,ELET3,39.87
2025-06-26,EMBR3,74.01
2025-06-26,ENEV3,13.58
2025-06-26,ENGI11,46.78
2025-06-26,EQTL3,35.48
2025-06-26,FLRY3,12.84
2025-06-26,GGBR4,16.06
2025-06-26,GOAU4,8.92
2025-06-26,HAPV3,36.59
2025-06-26,HYPE3,27.38
2025-06-26,IGTI11,23.18
2025-06-26,ISAE4,22.95
2025-06-26,ITSA4,10.74
2025-06-26,ITUB4,36.31
2025-06-26,KLBN11,17.89
2025-06-26,LREN3,19.53
2025-06-26,MGLU3,9.42
2025-06-26,MOTV3,13.6
2025-06-26,MRFG3,22.91
2025-06-26,MRVE3,6.0
2025-06-26,MULT3,27.14
2025-06-26,NTCO3,10.99
2025-06-26,PETR3,34.22
2025-06-26,PETR4,31.46
2025-06-26,POMO4,7.76
2025-06-26,PRIO3,41.85
2025-06-26,PSSA3,54.53
2025-06-26,RADL3,15.24
2025-06-26,RAIL3,17.87
2025-06-26,RDOR3,35.38
2025-06-26,RENT3,40.01
2025-06-26,SANB11,29.3
2025-06-26,SBSP3,115.16
2025-06-26,SMFT3,24.81
2025-06-26,SUZB3,51.61
2025-06-26,TAEE11,34.45
2025-06-26,TEND3,23.9
2025-06-26,TIMS3,21.67
2025-06-26,TOTS3,41.86
2025-06-26,UGPA3,16.8
2025-06-26,USIM5,4.14
2025-06-26,VALE3,52.0
2025-06-26,VAMO3,4.42
2025-06-26,VBBR3,21.21
2025-06-26,VIVA3,25.92
2025-06-26,VIVT3,30.48
2025-06-26,WEGE3,43.07
2025-06-26,YDUQ3,16.52
2025-06-27,ABEV3,13.15
2025-06-27,ALOS3,22.55
2025-06-27,ASAI3,11.04
2025-06-27,AURE3,9.98
2025-06-27,AZZA3,41.07
2025-06-27,B3SA3,14.12
2025-06-27,BBAS3,21.73
2025-06-27,BBDC3,14.28
2025-06-27,BBDC4,16.57
2025-06-27,BBSE3,35.23
2025-06-27,BEEF3,4.82
2025-06-27,BPAC11,41.69
2025-06-27,BRAP4,15.61
2025-06-27,BRAV3,17.2
2025-06-27,CEAB3,19.94
2025-06-27,CMIG4,10.48
2025-06-27,CMIN3,4.88
2025-06-27,COGN3,2.79
2025-06-27,CPFE3,40.33
2025-06-27,CPLE3,11.43
2025-06-27,CSAN3,6.74
2025-06-27,CSMG3,27.4
2025-06-27,CSNA3,7.5
2025-06-27,CURY3,29.2
2025-06-27,CXSE3,14.38
2025-06-27,CYRE3,25.62
2025-06-27,DIRR3,42.44
2025-06-27,EGIE3,45.03
2025-06-27,ELET3,39.7
2025-06-27,EMBR3,74.64
2025-06-27,ENEV3,13.51
2025-06-27,ENGI11,46.52
2025-06-27,EQTL3,35.28
2025-06-27,FLRY3,12.73
2025-06-27,GGBR4,15.9
2025-06-27,GOAU4,8.82
2025-06-27,HAPV3,36.27
2025-06-27,HYPE3,26.85
2025-06-27,IGTI11,23.01
2025-06-27,ISAE4,22.79
2025-06-27,ITSA4,10.71
2025-06-27,ITUB4,36.27
2025-06-27,KLBN11,17.89
2025-06-27,LREN3,19.56
2025-06-27,MGLU3,9.3
2025-06-27,MOTV3,13.51
2025-06-27,MRFG3,22.5
2025-06-27,MRVE3,5.92
2025-06-27,MULT3,27.04
2025-06-27,NTCO3,10.87
2025-06-27,PETR3,33.8
2025-06-27,PETR4,31.21
2025-06-27,POMO4,7.89
2025-06-27,PRIO3,41.87
2025-06-27,PSSA3,54.18
2025-06-27,RADL3,14.99
2025-06-27,RAIL3,17.96
2025-06-27,RDOR3,34.9
2025-06-27,RENT3,40.55
2025-06-27,SANB11,29.15
2025-06-27,SBSP3,115.05
2025-06-27,SMFT3,24.29
2025-06-27,SUZB3,51.15
2025-06-27,TAEE11,34.4
2025-06-27,TEND3,24.45
2025-06-27,TIMS3,21.33
2025-06-27,TOTS3,41.52
2025-06-27,UGPA3,16.86
2025-06-27,USIM5,4.15
2025-06-27,VALE3,53.0
2025-06-27,VAMO3,4.13
2025-06-27,VBBR3,21.21
2025-06-27,VIVA3,26.18
2025-06-27,VIVT3,30.4
2025-06-27,WEGE3,42.35
2025-06-27,YDUQ3,16.18
2025-06-30,ABEV3,13.32
2025-06-30,ALOS3,22.72
2025-06-30,ASAI3,11.26
2025-06-30,AURE3,10.17
2025-06-30,AZZA3,43.0
2025-06-30,B3SA3,14.58
2025-06-30,BBAS3,22.09
2025-06-30,BBDC3,14.51
2025-06-30,BBDC4,16.83
2025-06-30,BBSE3,35.8
2025-06-30,BEEF3,4.9
2025-06-30,BPAC11,42.25
2025-06-30,BRAP4,15.7
2025-06-30,BRAV3,17.4
2025-06-30,CEAB3,19.66
2025-06-30,CMIG4,10.8
2025-06-30,CMIN3,4.96
2025-06-30,COGN3,2.81
2025-06-30,CPFE3,40.86
2025-06-30,CPLE3,11.66
2025-06-30,CSAN3,6.86
2025-06-30,CSMG3,27.97
2025-06-30,CSNA3,7.44
2025-06-30,CURY3,29.52
2025-06-30,CXSE3,14.69
2025-06-30,CYRE3,26.14
2025-06-30,DIRR3,40.82
2025-06-30,EGIE3,45.41
2025-06-30,ELET3,40.22
2025-06-30,EMBR3,77.01
2025-06-30,ENEV3,13.65
2025-06-30,ENGI11,48.32
2025-06-30,EQTL3,35.96
2025-06-30,FLRY3,13.02
2025-06-30,GGBR4,16.0
2025-06-30,GOAU4,8.93
2025-06-30,HAPV3,36.85
2025-06-30,HYPE3,27.19
2025-06-30,IGTI11,23.19
2025-06-30,ISAE4,23.18
2025-06-30,ITSA4,10.95
2025-06-30,ITUB4,36.95
2025-06-30,KLBN11,18.45
2025-06-30,LREN3,19.68
2025-06-30,MGLU3,9.85
2025-06-30,MOTV3,13.79
2025-06-30,MRFG3,22.9
2025-06-30,MRVE3,6.37
2025-06-30,MULT3,27.21
2025-06-30,NTCO3,11.05
2025-06-30,PETR3,34.09
2025-06-30,PETR4,31.38
2025-06-30,POMO4,7.96
2025-06-30,PRIO3,42.4
2025-06-30,PSSA3,55.2
2025-06-30,RADL3,15.12
2025-06-30,RAIL3,18.53
2025-06-30,RDOR3,35.42
2025-06-30,RENT3,40.52
2025-06-30,SANB11,29.69
2025-06-30,SBSP3,119.13
2025-06-30,SMFT3,24.84
2025-06-30,SUZB3,51.21
2025-06-30,TAEE11,34.93
2025-06-30,TEND3,24.4
2025-06-30,TIMS3,22.05
2025-06-30,TOTS3,42.21
2025-06-30,UGPA3,17.54
2025-06-30,USIM5,4.12
2025-06-30,VALE3,52.65
2025-06-30,VAMO3,4.18
2025-06-30,VBBR3,21.66
2025-06-30,VIVA3,27.03
2025-06-30,VIVT3,30.89
2025-06-30,WEGE3,42.78
2025-06-30,YDUQ3,16.49
2025-07-01,ABEV3,13.38
2025-07-01,ALOS3,22.88
2025-07-01,ASAI3,10.9
2025-07-01,AURE3,10.07
2025-07-01,AZZA3,41.1
2025-07-01,B3SA3,14.5
2025-07-01,BBAS3,21.91
2025-07-01,BBDC3,14.35
2025-07-01,BBDC4,16.68
2025-07-01,BBSE3,36.43
2025-07-01,BEEF3,5.01
2025-07-01,BPAC11,42.87
2025-07-01,BRAP4,15.89
2025-07-01,BRAV3,17.45
2025-07-01,CEAB3,20.21
2025-07-01,CMIG4,10.98
2025-07-01,CMIN3,4.95
2025-07-01,COGN3,2.85
2025-07-01,CPFE3,40.68
2025-07-01,CPLE3,11.61
2025-07-01,CSAN3,7.07
2025-07-01,CSMG3,27.9
2025-07-01,CSNA3,7.51
2025-07-01,CURY3,30.11
2025-07-01,CXSE3,14.79
2025-07-01,CYRE3,26.57
2025-07-01,DIRR3,41.28
2025-07-01,EGIE3,46.0
2025-07-01,ELET3,40.43
2025-07-01,EMBR3,80.41
2025-07-01,ENEV3,13.7
2025-07-01,ENGI11,48.19
2025-07-01,EQTL3,36.13
2025-07-01,FLRY3,13.0
2025-07-01,GGBR4,16.0
2025-07-01,GOAU4,8.93
2025-07-01,HAPV3,36.4
2025-07-01,HYPE3,27.71
2025-07-01,IGTI11,23.22
2025-07-01,ISAE4,23.1
2025-07-01,ITSA4,11.0
2025-07-01,ITUB4,37.1
2025-07-01,KLBN11,18.46
2025-07-01,LREN3,19.65
2025-07-01,MGLU3,9.71
2025-07-01,MOTV3,13.83
2025-07-01,MRFG3,22.6
2025-07-01,MRVE3,6.41
2025-07-01,MULT3,27.17
2025-07-01,NTCO3,10.8
2025-07-01,PETR3,34.23
2025-07-01,PETR4,31.49
2025-07-01,POMO4,7.97
2025-07-01,PRIO3,41.8
2025-07-01,PSSA3,54.77
2025-07-01,RADL3,15.19
2025-07-01,RAIL3,18.68
2025-07-01,RDOR3,35.41
2025-07-01,RENT3,40.63
2025-07-01,SANB11,30.29
2025-07-01,SBSP3,120.54
2025-07-01,SMFT3,24.59
2025-07-01,SUZB3,50.84
2025-07-01,TAEE11,35.07
2025-07-01,TEND3,24.7
2025-07-01,TIMS3,22.12
2025-07-01,TOTS3,42.48
2025-07-01,UGPA3,17.8
2025-07-01,USIM5,4.1
2025-07-01,VALE3,53.36
2025-07-01,VAMO3,4.1
2025-07-01,VBBR3,21.82
2025-07-01,VIVA3,27.06
2025-07-01,VIVT3,31.26
2025-07-01,WEGE3,42.5
2025-07-01,YDUQ3,16.61
2025-07-02,ABEV3,13.65
2025-07-02,ALOS3,22.4
2025-07-02,ASAI3,10.08
2025-07-02,AURE3,9.7
2025-07-02,AZZA3,39.58
2025-07-02,B3SA3,14.45
2025-07-02,BBAS3,21.99
2025-07-02,BBDC3,14.12
2025-07-02,BBDC4,16.36
2025-07-02,BBSE3,36.25
2025-07-02,BEEF3,4.99
2025-07-02,BPAC11,41.54
2025-07-02,BRAP4,16.48
2025-07-02,BRAV3,17.61
2025-07-02,CEAB3,19.6
2025-07-02,CMIG4,10.84
2025-07-02,CMIN3,5.04
2025-07-02,COGN3,2.85
2025-07-02,CPFE3,40.28
2025-07-02,CPLE3,11.27
2025-07-02,CSAN3,6.93
2025-07-02,CSMG3,28.2
2025-07-02,CSNA3,7.97
2025-07-02,CURY3,28.66
2025-07-02,CXSE3,14.74
2025-07-02,CYRE3,25.79
2025-07-02,DIRR3,39.88
2025-07-02,EGIE3,46.72
2025-07-02,ELET3,40.1
2025-07-02,EMBR3,79.62
2025-07-02,ENEV3,13.56
2025-07-02,ENGI11,46.95
2025-07-02,EQTL3,35.39
2025-07-02,FLRY3,13.05
2025-07-02,GGBR4,16.5
2025-07-02,GOAU4,9.22
2025-07-02,HAPV3,34.53
2025-07-02,HYPE3,27.45
2025-07-02,IGTI11,22.53
2025-07-02,ISAE4,22.91
2025-07-02,ITSA4,10.88
2025-07-02,ITUB4,36.8
2025-07-02,KLBN11,18.99
2025-07-02,LREN3,19.0
2025-07-02,MGLU3,9.07
2025-07-02,MOTV3,13.59
2025-07-02,MRFG3,22.13
2025-07-02,MRVE3,6.25
2025-07-02,MULT3,26.69
2025-07-02,NATU3,10.19
2025-07-02,PETR3,34.95
2025-07-02,PETR4,32.05
2025-07-02,POMO4,7.98
2025-07-02,PRIO3,42.16
2025-07-02,PSSA3,54.6
2025-07-02,RADL3,15.12
2025-07-02,RAIL3,18.12
2025-07-02,RDOR3,34.79
2025-07-02,RENT3,38.29
2025-07-02,SANB11,29.38
2025-07-02,SBSP3,115.22
2025-07-02,SMFT3,23.1
2025-07-02,SUZB3,51.71
2025-07-02,TAEE11,34.5
2025-07-02,TEND3,23.57
2025-07-02,TIMS3,21.96
2025-07-02,TOTS3,41.8
2025-07-02,UGPA3,17.54
2025-07-02,USIM5,4.32
2025-07-02,VALE3,55.3
2025-07-02,VAMO3,3.95
2025-07-02,VBBR3,21.43
2025-07-02,VIVA3,26.59
2025-07-02,VIVT3,31.5
2025-07-02,WEGE3,42.43
2025-07-02,YDUQ3,16.22
2025-07-03,ABEV3,13.48
2025-07-03,ALOS3,22.65
2025-07-03,ASAI3,10.25
2025-07-03,AURE3,9.89
2025-07-03,AZZA3,41.06
2025-07-03,B3SA3,14.62
2025-07-03,BBAS3,22.3
2025-07-03,BBDC3,14.42
2025-07-03,BBDC4,16.75
2025-07-03,BBSE3,36.49
2025-07-03,BEEF3,5.11
2025-07-03,BPAC11,42.3
2025-07-03,BRAP4,16.47
2025-07-03,BRAV3,17.93
2025-07-03,CEAB3,20.65
2025-07-03,CMIG4,11.05
2025-07-03,CMIN3,5.19
2025-07-03,COGN3,2.92
2025-07-03,CPFE3,41.14
2025-07-03,CPLE3,11.52
2025-07-03,CSAN3,7.07
2025-07-03,CSMG3,28.75
2025-07-03,CSNA3,8.23
2025-07-03,CURY3,29.4
2025-07-03,CXSE3,14.7
2025-07-03,CYRE3,25.96
2025-07-03,DIRR3,40.8
2025-07-03,EGIE3,48.82
2025-07-03,ELET3,40.84
2025-07-03,EMBR3,83.14
2025-07-03,ENEV3,13.8
2025-07-03,ENGI11,48.33
2025-07-03,EQTL3,36.06
2025-07-03,FLRY3,12.86
2025-07-03,GGBR4,16.79
2025-07-03,GOAU4,9.36
2025-07-03,HAPV3,34.95
2025-07-03,HYPE3,27.5
2025-07-03,IGTI11,22.9
2025-07-03,ISAE4,23.23
2025-07-03,ITSA4,11.11
2025-07-03,ITUB4,37.71
2025-07-03,KLBN11,19.54
2025-07-03,LREN3,19.29
2025-07-03,MGLU3,9.19
2025-07-03,MOTV3,13.71
2025-07-03,MRFG3,21.94
2025-07-03,MRVE3,6.16
2025-07-03,MULT3,26.95
2025-07-03,NATU3,10.35
2025-07-03,PETR3,35.11
2025-07-03,PETR4,32.16
2025-07-03,POMO4,8.11
2025-07-03,PRIO3,42.58
2025-07-03,PSSA3,56.61
2025-07-03,RADL3,15.22
2025-07-03,RAIL3,18.64
2025-07-03,RDOR3,35.19
2025-07-03,RENT3,39.25
2025-07-03,SANB11,29.41
2025-07-03,SBSP3,117.35
2025-07-03,SMFT3,23.35
2025-07-03,SUZB3,52.06
2025-07-03,TAEE11,35.06
2025-07-03,TEND3,24.08
2025-07-03,TIMS3,22.6
2025-07-03,TOTS3,42.8
2025-07-03,UGPA3,17.81
2025-07-03,USIM5,4.41
2025-07-03,VALE3,55.04
2025-07-03,VAMO3,4.02
2025-07-03,VBBR3,22.0
2025-07-03,VIVA3,27.14
2025-07-03,VIVT3,32.14
2025-07-03,WEGE3,42.71
2025-07-03,YDUQ3,16.54
2025-07-04,ABEV3,13.52
2025-07-04,ALOS3,22.85
2025-07-04,ASAI3,10.3
2025-07-04,AURE3,9.8
2025-07-04,AZZA3,41.09
2025-07-04,B3SA3,14.71
2025-07-04,BBAS3,22.43
2025-07-04,BBDC3,14.41
2025-07-04,BBDC4,16.67
2025-07-04,BBSE3,36.51
2025-07-04,BEEF3,5.17
2025-07-04,BPAC11,42.44
2025-07-04,BRAP4,16.49
2025-07-04,BRAV3,17.99
2025-07-04,CEAB3,19.73
2025-07-04,CMIG4,11.18
2025-07-04,CMIN3,5.24
2025-07-04,COGN3,2.91
2025-07-04,CPFE3,40.98
2025-07-04,CPLE3,11.55
2025-07-04,CSAN3,7.14
2025-07-04,CSMG3,28.64
2025-07-04,CSNA3,8.21
2025-07-04,CURY3,29.95
2025-07-04,CXSE3,14.9
2025-07-04,CYRE3,26.01
2025-07-04,DIRR3,41.09
2025-07-04,EGIE3,46.3
2025-07-04,ELET3,40.96
2025-07-04,EMBR3,83.49
2025-07-04,ENEV3,13.9
2025-07-04,ENGI11,48.28
2025-07-04,EQTL3,36.07
2025-07-04,FLRY3,13.02
2025-07-04,GGBR4,16.78
2025-07-04,GOAU4,9.37
2025-07-04,HAPV3,35.61
2025-07-04,HYPE3,27.7
2025-07-04,IGTI11,22.88
2025-07-04,ISAE4,23.31
2025-07-04,ITSA4,11.12
2025-07-04,ITUB4,37.73
2025-07-04,KLBN11,19.45
2025-07-04,LREN3,19.34
2025-07-04,MGLU3,9.25
2025-07-04,MOTV3,13.79
2025-07-04,MRFG3,22.23
2025-07-04,MRVE3,6.29
2025-07-04,MULT3,27.17
2025-07-04,NATU3,10.51
2025-07-04,PETR3,35.15
2025-07-04,PETR4,32.12
2025-07-04,POMO4,8.15
2025-07-04,PRIO3,42.58
2025-07-04,PSSA3,56.66
2025-07-04,RADL3,15.3
2025-07-04,RAIL3,18.58
2025-07-04,RDOR3,34.93
2025-07-04,RENT3,39.18
2025-07-04,SANB11,29.32
2025-07-04,SBSP3,117.82
2025-07-04,SMFT3,23.36
2025-07-04,SUZB3,51.95
2025-07-04,TAEE11,35.03
2025-07-04,TEND3,24.28
2025-07-04,TIMS3,22.46
2025-07-04,TOTS3,43.11
2025-07-04,UGPA3,17.99
2025-07-04,USIM5,4.47
2025-07-04,VALE3,55.2
2025-07-04,VAMO3,3.97
2025-07-04,VBBR3,22.59
2025-07-04,VIVA3,27.23
2025-07-04,VIVT3,32.4
2025-07-04,WEGE3,43.0
2025-07-04,YDUQ3,16.33
2025-07-07,ABEV3,13.4
2025-07-07,ALOS3,22.36
2025-07-07,ASAI3,10.34
2025-07-07,AURE3,9.57
2025-07-07,AZZA3,40.28
2025-07-07,B3SA3,14.65
2025-07-07,BBAS3,22.06
2025-07-07,BBDC3,14.24
2025-07-07,BBDC4,16.51
2025-07-07,BBSE3,36.09
2025-07-07,BEEF3,5.23
2025-07-07,BPAC11,41.99
2025-07-07,BRAP4,16.33
2025-07-07,BRAV3,17.7
2025-07-07,CEAB3,20.22
2025-07-07,CMIG4,11.08
2025-07-07,CMIN3,5.15
2025-07-07,COGN3,2.86
2025-07-07,CPFE3,40.52
2025-07-07,CPLE3,11.44
2025-07-07,CSAN3,6.9
2025-07-07,CSMG3,28.44
2025-07-07,CSNA3,8.12
2025-07-07,CURY3,29.53
2025-07-07,CXSE3,14.65
2025-07-07,CYRE3,25.66
2025-07-07,DIRR3,40.4
2025-07-07,EGIE3,43.37
2025-07-07,ELET3,40.1
2025-07-07,EMBR3,81.73
2025-07-07,ENEV3,13.62
2025-07-07,ENGI11,47.6
2025-07-07,EQTL3,35.32
2025-07-07,FLRY3,13.0
2025-07-07,GGBR4,16.85
2025-07-07,GOAU4,9.43
2025-07-07,HAPV3,34.86
2025-07-07,HYPE3,27.8
2025-07-07,IGTI11,22.78
2025-07-07,ISAE4,23.12
2025-07-07,ITSA4,10.95
2025-07-07,ITUB4,37.23
2025-07-07,KLBN11,18.87
2025-07-07,LREN3,19.28
2025-07-07,MGLU3,9.11
2025-07-07,MOTV3,13.69
2025-07-07,MRFG3,23.14
2025-07-07,MRVE3,6.14
2025-07-07,MULT3,26.91
2025-07-07,NATU3,10.41
2025-07-07,PETR3,34.91
2025-07-07,PETR4,32.06
2025-07-07,POMO4,8.25
2025-07-07,PRIO3,41.76
2025-07-07,PSSA3,55.25
2025-07-07,RADL3,14.76
2025-07-07,RAIL3,18.3
2025-07-07,RDOR3,34.23
2025-07-07,RENT3,38.69
2025-07-07,SANB11,28.93
2025-07-07,SBSP3,115.7
2025-07-07,SMFT3,23.21
2025-07-07,SUZB3,51.01
2025-07-07,TAEE11,34.73
2025-07-07,TEND3,24.09
2025-07-07,TIMS3,22.34
2025-07-07,TOTS3,40.96
2025-07-07,UGPA3,17.76
2025-07-07,USIM5,4.39
2025-07-07,VALE3,54.39
2025-07-07,VAMO3,4.04
2025-07-07,VBBR3,22.05
2025-07-07,VIVA3,26.89
2025-07-07,VIVT3,32.11
2025-07-07,WEGE3,42.33
2025-07-07,YDUQ3,15.93
2025-07-08,ABEV3,13.38
2025-07-08,ALOS3,22.34
2025-07-08,ASAI3,10.48
2025-07-08,AURE3,9.59
2025-07-08,AZZA3,38.7
2025-07-08,B3SA3,14.59
2025-07-08,BBAS3,22.0
2025-07-08,BBDC3,14.21
2025-07-08,BBDC4,16.55
2025-07-08,BBSE3,35.79
2025-07-08,BEEF3,5.66
2025-07-08,BPAC11,41.0
2025-07-08,BRAP4,16.35
2025-07-08,BRAV3,18.27
2025-07-08,CEAB3,19.83
2025-07-08,CMIG4,11.0
2025-07-08,CMIN3,5.12
2025-07-08,COGN3,2.84
2025-07-08,CPFE3,39.87
2025-07-08,CPLE3,11.39
2025-07-08,CSAN3,6.89
2025-07-08,CSMG3,27.59
2025-07-08,CSNA3,8.14
2025-07-08,CURY3,30.16
2025-07-08,CXSE3,14.59
2025-07-08,CYRE3,25.67
2025-07-08,DIRR3,40.83
2025-07-08,EGIE3,43.11
2025-07-08,ELET3,39.81
2025-07-08,EMBR3,81.15
2025-07-08,ENEV3,13.51
2025-07-08,ENGI11,47.35
2025-07-08,EQTL3,35.23
2025-07-08,FLRY3,12.92
2025-07-08,GGBR4,16.88
2025-07-08,GOAU4,9.43
2025-07-08,HAPV3,34.32
2025-07-08,HYPE3,27.57
2025-07-08,IGTI11,23.02
2025-07-08,ISAE4,23.08
2025-07-08,ITSA4,10.92
2025-07-08,ITUB4,37.14
2025-07-08,KLBN11,18.64
2025-07-08,LREN3,19.3
2025-07-08,MGLU3,8.9
2025-07-08,MOTV3,13.59
2025-07-08,MRFG3,23.68
2025-07-08,MRVE3,6.11
2025-07-08,MULT3,26.98
2025-07-08,NATU3,10.42
2025-07-08,PETR3,35.79
2025-07-08,PETR4,32.52
2025-07-08,POMO4,8.19
2025-07-08,PRIO3,43.08
2025-07-08,PSSA3,54.34
2025-07-08,RADL3,14.2
2025-07-08,RAIL3,18.14
2025-07-08,RDOR3,34.76
2025-07-08,RENT3,38.28
2025-07-08,SANB11,29.05
2025-07-08,SBSP3,114.34
2025-07-08,SMFT3,22.96
2025-07-08,SUZB3,50.93
2025-07-08,TAEE11,34.6
2025-07-08,TEND3,24.39
2025-07-08,TIMS3,21.84
2025-07-08,TOTS3,41.73
2025-07-08,UGPA3,17.71
2025-07-08,USIM5,4.38
2025-07-08,VALE3,54.58
2025-07-08,VAMO3,3.9
2025-07-08,VBBR3,21.96
2025-07-08,VIVA3,26.46
2025-07-08,VIVT3,31.56
2025-07-08,WEGE3,40.61
2025-07-08,YDUQ3,15.56
2025-07-09,ABEV3,13.31
2025-07-09,ALOS3,21.96
2025-07-09,ASAI3,10.37
2025-07-09,AURE3,9.45
2025-07-09,AZZA3,37.0
2025-07-09,B3SA3,14.48
2025-07-09,BBAS3,21.45
2025-07-09,BBDC3,14.06
2025-07-09,BBDC4,16.36
2025-07-09,BBSE3,35.22
2025-07-09,BEEF3,5.48
2025-07-09,BPAC11,41.16
2025-07-09,BRAP4,16.16
2025-07-09,BRAV3,18.05
2025-07-09,CEAB3,19.28
2025-07-09,CMIG4,10.64
2025-07-09,CMIN3,5.01
2025-07-09,COGN3,2.76
2025-07-09,CPFE3,38.64
2025-07-09,CPLE3,11.27
2025-07-09,CSAN3,6.61
2025-07-09,CSMG3,26.89
2025-07-09,CSNA3,7.93
2025-07-09,CURY3,30.23
2025-07-09,CXSE3,14.46
2025-07-09,CYRE3,25.79
2025-07-09,DIRR3,40.43
2025-07-09,EGIE3,42.4
2025-07-09,ELET3,39.7
2025-07-09,EMBR3,78.21
2025-07-09,ENEV3,13.4
2025-07-09,ENGI11,46.64
2025-07-09,EQTL3,34.7
2025-07-09,FLRY3,12.85
2025-07-09,GGBR4,16.79
2025-07-09,GOAU4,9.41
2025-07-09,HAPV3,33.63
2025-07-09,HYPE3,27.13
2025-07-09,IGTI11,22.61
2025-07-09,ISAE4,22.84
2025-07-09,ITSA4,10.7
2025-07-09,ITUB4,36.37
2025-07-09,KLBN11,18.51
2025-07-09,LREN3,19.4
2025-07-09,MGLU3,8.55
2025-07-09,MOTV3,13.44
2025-07-09,MRFG3,22.56
2025-07-09,MRVE3,6.0
2025-07-09,MULT3,26.63
2025-07-09,NATU3,10.17
2025-07-09,PETR3,35.27
2025-07-09,PETR4,32.32
2025-07-09,POMO4,8.11
2025-07-09,PRIO3,42.57
2025-07-09,PSSA3,52.88
2025-07-09,RADL3,13.81
2025-07-09,RAIL3,17.46
2025-07-09,RDOR3,34.03
2025-07-09,RENT3,37.33
2025-07-09,SANB11,28.6
2025-07-09,SBSP3,113.5
2025-07-09,SMFT3,22.85
2025-07-09,SUZB3,50.0
2025-07-09,TAEE11,34.23
2025-07-09,TEND3,23.99
2025-07-09,TIMS3,21.53
2025-07-09,TOTS3,42.11
2025-07-09,UGPA3,17.64
2025-07-09,USIM5,4.24
2025-07-09,VALE3,54.04
2025-07-09,VAMO3,3.99
2025-07-09,VBBR3,21.79
2025-07-09,VIVA3,26.25
2025-07-09,VIVT3,31.68
2025-07-09,WEGE3,40.11
2025-07-09,YDUQ3,15.13
2025-07-10,ABEV3,13.23
2025-07-10,ALOS3,21.85
2025-07-10,ASAI3,10.21
2025-07-10,AURE3,9.34
2025-07-10,AZZA3,36.49
2025-07-10,B3SA3,14.07
2025-07-10,BBAS3,21.21
2025-07-10,BBDC3,13.88
2025-07-10,BBDC4,16.14
2025-07-10,BBSE3,35.3
2025-07-10,BEEF3,5.41
2025-07-10,BPAC11,40.8
2025-07-10,BRAP4,16.55
2025-07-10,BRAV3,17.75
2025-07-10,CEAB3,18.6
2025-07-10,CMIG4,10.79
2025-07-10,CMIN3,5.16
2025-07-10,COGN3,2.76
2025-07-10,CPFE3,38.2
2025-07-10,CPLE3,11.15
2025-07-10,CSAN3,6.41
2025-07-10,CSMG3,26.85
2025-07-10,CSNA3,8.33
2025-07-10,CURY3,29.65
2025-07-10,CXSE3,14.57
2025-07-10,CYRE3,25.39
2025-07-10,DIRR3,40.02
2025-07-10,EGIE3,42.29
2025-07-10,ELET3,39.42
2025-07-10,EMBR3,75.32
2025-07-10,ENEV3,13.27
2025-07-10,ENGI11,46.12
2025-07-10,EQTL3,34.44
2025-07-10,FLRY3,12.7
2025-07-10,GGBR4,16.88
2025-07-10,GOAU4,9.46
2025-07-10,HAPV3,33.11
2025-07-10,HYPE3,27.09
2025-07-10,IGTI11,22.45
2025-07-10,ISAE4,22.82
2025-07-10,ITSA4,10.55
2025-07-10,ITUB4,35.25
2025-07-10,KLBN11,18.73
2025-07-10,LREN3,19.16
2025-07-10,MGLU3,8.34
2025-07-10,MOTV3,13.2
2025-07-10,MRFG3,24.0
2025-07-10,MRVE3,5.91
2025-07-10,MULT3,26.25
2025-07-10,NATU3,10.1
2025-07-10,PETR3,35.33
2025-07-10,PETR4,32.24
2025-07-10,POMO4,8.08
2025-07-10,PRIO3,41.8
2025-07-10,PSSA3,53.06
2025-07-10,RADL3,13.94
2025-07-10,RAIL3,17.18
2025-07-10,RDOR3,33.81
2025-07-10,RENT3,38.25
2025-07-10,SANB11,27.96
2025-07-10,SBSP3,112.01
2025-07-10,SMFT3,22.73
2025-07-10,SUZB3,49.85
2025-07-10,TAEE11,34.16
2025-07-10,TEND3,23.4
2025-07-10,TIMS3,21.53
2025-07-10,TOTS3,41.6
2025-07-10,UGPA3,17.51
2025-07-10,USIM5,4.32
2025-07-10,VALE3,55.28
2025-07-10,VAMO3,4.0
2025-07-10,VBBR3,22.09
2025-07-10,VIVA3,26.2
2025-07-10,VIVT3,32.0
2025-07-10,WEGE3,39.9
2025-07-10,YDUQ3,14.99
2025-07-11,ABEV3,13.3
2025-07-11,ALOS3,21.64
2025-07-11,ASAI3,9.98
2025-07-11,AURE3,9.11
2025-07-11,AZZA3,35.68
2025-07-11,B3SA3,13.73
2025-07-11,BBAS3,21.14
2025-07-11,BBDC3,13.83
2025-07-11,BBDC4,16.05
2025-07-11,BBSE3,35.22
2025-07-11,BEEF3,5.38
2025-07-11,BPAC11,40.83
2025-07-11,BRAP4,16.66
2025-07-11,BRAV3,17.79
2025-07-11,CEAB3,17.65
2025-07-11,CMIG4,10.8
2025-07-11,CMIN3,5.15
2025-07-11,COGN3,2.65
2025-07-11,CPFE3,38.06
2025-07-11,CPLE3,11.11
2025-07-11,CSAN3,6.38
2025-07-11,CSMG3,27.28
2025-07-11,CSNA3,8.25
2025-07-11,CURY3,29.75
2025-07-11,CXSE3,14.4
2025-07-11,CYRE3,25.6
2025-07-11,DIRR3,39.59
2025-07-11,EGIE3,41.58
2025-07-11,ELET3,39.31
2025-07-11,EMBR3,74.3
2025-07-11,ENEV3,13.24
2025-07-11,ENGI11,45.76
2025-07-11,EQTL3,34.35
2025-07-11,FLRY3,12.62
2025-07-11,GGBR4,16.69
2025-07-11,GOAU4,9.32
2025-07-11,HAPV3,32.32
2025-07-11,HYPE3,27.01
2025-07-11,IGTI11,22.04
2025-07-11,ISAE4,22.8
2025-07-11,ITSA4,10.48
2025-07-11,ITUB4,34.96
2025-07-11,KLBN11,18.56
2025-07-11,LREN3,18.7
2025-07-11,MGLU3,8.04
2025-07-11,MOTV3,12.94
2025-07-11,MRFG3,23.0
2025-07-11,MRVE3,6.09
2025-07-11,MULT3,25.9
2025-07-11,NATU3,9.79
2025-07-11,PETR3,35.47
2025-07-11,PETR4,32.63
2025-07-11,POMO4,8.02
2025-07-11,PRIO3,42.72
2025-07-11,PSSA3,52.35
2025-07-11,RADL3,13.77
2025-07-11,RAIL3,17.12
2025-07-11,RDOR3,33.3
2025-07-11,RENT3,36.66
2025-07-11,SANB11,27.75
2025-07-11,SBSP3,111.63
2025-07-11,SMFT3,22.62
2025-07-11,SUZB3,49.9
2025-07-11,TAEE11,34.0
2025-07-11,TEND3,22.85
2025-07-11,TIMS3,21.16
2025-07-11,TOTS3,41.09
2025-07-11,UGPA3,17.1
2025-07-11,USIM5,4.29
2025-07-11,VALE3,56.0
2025-07-11,VAMO3,3.91
2025-07-11,VBBR3,21.74
2025-07-11,VIVA3,25.51
2025-07-11,VIVT3,32.1
2025-07-11,WEGE3,39.75
2025-07-11,YDUQ3,13.88
2025-07-14,ABEV3,13.29
2025-07-14,ALOS3,21.64
2025-07-14,ASAI3,9.9
2025-07-14,AURE3,9.12
2025-07-14,AZZA3,35.19
2025-07-14,B3SA3,13.61
2025-07-14,BBAS3,20.68
2025-07-14,BBDC3,13.82
2025-07-14,BBDC4,16.11
2025-07-14,BBSE3,35.31
2025-07-14,BEEF3,5.25
2025-07-14,BPAC11,40.6
2025-07-14,BRAP4,16.45
2025-07-14,BRAV3,18.15
2025-07-14,CEAB3,17.29
2025-07-14,CMIG4,10.66
2025-07-14,CMIN3,5.11
2025-07-14,COGN3,2.68
2025-07-14,CPFE3,37.63
2025-07-14,CPLE3,11.01
2025-07-14,CSAN3,6.28
2025-07-14,CSMG3,26.47
2025-07-14,CSNA3,8.2
2025-07-14,CURY3,29.37
2025-07-14,CXSE3,14.47
2025-07-14,CYRE3,25.52
2025-07-14,DIRR3,39.61
2025-07-14,EGIE3,42.5
2025-07-14,ELET3,38.72
2025-07-14,EMBR3,73.64
2025-07-14,ENEV3,13.16
2025-07-14,ENGI11,45.45
2025-07-14,EQTL3,34.15
2025-07-14,FLRY3,12.86
2025-07-14,GGBR4,16.65
2025-07-14,GOAU4,9.32
2025-07-14,HAPV3,33.3
2025-07-14,HYPE3,26.89
2025-07-14,IGTI11,21.85
2025-07-14,ISAE4,22.74
2025-07-14,ITSA4,10.42
2025-07-14,ITUB4,34.9
2025-07-14,KLBN11,19.0
2025-07-14,LREN3,18.17
2025-07-14,MGLU3,7.95
2025-07-14,MOTV3,12.89
2025-07-14,MRFG3,23.0
2025-07-14,MRVE3,6.27
2025-07-14,MULT3,25.87
2025-07-14,NATU3,9.86
2025-07-14,PETR3,35.09
2025-07-14,PETR4,32.2
2025-07-14,POMO4,8.07
2025-07-14,PRIO3,42.9
2025-07-14,PSSA3,52.81
2025-07-14,RADL3,13.63
2025-07-14,RAIL3,17.39
2025-07-14,RDOR3,33.44
2025-07-14,RENT3,36.46
2025-07-14,SANB11,27.18
2025-07-14,SBSP3,111.37
2025-07-14,SMFT3,22.54
2025-07-14,SUZB3,49.95
2025-07-14,TAEE11,33.88
2025-07-14,TEND3,22.57
2025-07-14,TIMS3,20.83
2025-07-14,TOTS3,41.47
2025-07-14,UGPA3,16.64
2025-07-14,USIM5,4.22
2025-07-14,VALE3,55.36
2025-07-14,VAMO3,3.96
2025-07-14,VBBR3,21.6
2025-07-14,VIVA3,25.42
2025-07-14,VIVT3,31.11
2025-07-14,WEGE3,39.53
2025-07-14,YDUQ3,13.85
2025-07-15,ABEV3,13.27
2025-07-15,ALOS3,21.89
2025-07-15,ASAI3,10.18
2025-07-15,AURE3,9.14
2025-07-15,AZZA3,36.2
2025-07-15,B3SA3,13.73
2025-07-15,BBAS3,20.9
2025-07-15,BBDC3,13.83
2025-07-15,BBDC4,16.1
2025-07-15,BBSE3,34.94
2025-07-15,BEEF3,5.32
2025-07-15,BPAC11,40.23
2025-07-15,BRAP4,16.06
2025-07-15,BRAV3,18.27
2025-07-15,CEAB3,17.54
2025-07-15,CMIG4,10.62
2025-07-15,CMIN3,5.08
2025-07-15,COGN3,2.71
2025-07-15,CPFE3,37.78
2025-07-15,CPLE3,11.14
2025-07-15,CSAN3,6.38
2025-07-15,CSMG3,26.14
2025-07-15,CSNA3,8.08
2025-07-15,CURY3,30.0
2025-07-15,CXSE3,14.45
2025-07-15,CYRE3,26.4
2025-07-15,DIRR3,40.77
2025-07-15,EGIE3,41.73
2025-07-15,ELET3,39.29
2025-07-15,EMBR3,74.06
2025-07-15,ENEV3,13.47
2025-07-15,ENGI11,45.8
2025-07-15,EQTL3,34.47
2025-07-15,FLRY3,12.77
2025-07-15,GGBR4,16.47
2025-07-15,GOAU4,9.21
2025-07-15,HAPV3,33.58
2025-07-15,HYPE3,27.2
2025-07-15,IGTI11,22.0
2025-07-15,ISAE4,22.69
2025-07-15,ITSA4,10.43
2025-07-15,ITUB4,35.02
2025-07-15,KLBN11,19.09
2025-07-15,LREN3,18.54
2025-07-15,MGLU3,8.05
2025-07-15,MOTV3,13.24
2025-07-15,MRFG3,23.6
2025-07-15,MRVE3,6.09
2025-07-15,MULT3,25.91
2025-07-15,NATU3,10.02
2025-07-15,PETR3,34.69
2025-07-15,PETR4,31.95
2025-07-15,POMO4,8.35
2025-07-15,PRIO3,42.12
2025-07-15,PSSA3,52.58
2025-07-15,RADL3,13.36
2025-07-15,RAIL3,17.45
2025-07-15,RDOR3,33.67
2025-07-15,RENT3,36.91
2025-07-15,SANB11,27.8
2025-07-15,SBSP3,111.66
2025-07-15,SMFT3,22.88
2025-07-15,SUZB3,50.5
2025-07-15,TAEE11,33.7
2025-07-15,TEND3,23.6
2025-07-15,TIMS3,20.79
2025-07-15,TOTS3,42.44
2025-07-15,UGPA3,16.67
2025-07-15,USIM5,4.2
2025-07-15,VALE3,53.91
2025-07-15,VAMO3,4.01
2025-07-15,VBBR3,21.73
2025-07-15,VIVA3,25.52
2025-07-15,VIVT3,31.28
2025-07-15,WEGE3,39.67
2025-07-15,YDUQ3,14.22
2025-07-16,ABEV3,13.68
2025-07-16,ALOS3,22.03
2025-07-16,ASAI3,10.21
2025-07-16,AURE3,9.0
2025-07-16,AZZA3,36.21
2025-07-16,B3SA3,13.68
2025-07-16,BBAS3,20.88
2025-07-16,BBDC3,13.77
2025-07-16,BBDC4,16.06
2025-07-16,BBSE3,34.84
2025-07-16,BEEF3,5.3
2025-07-16,BPAC11,41.05
2025-07-16,BRAP4,16.13
2025-07-16,BRAV3,18.51
2025-07-16,CEAB3,17.01
2025-07-16,CMIG4,10.52
2025-07-16,CMIN3,5.15
2025-07-16,COGN3,2.71
2025-07-16,CPFE3,38.35
2025-07-16,CPLE3,11.29
2025-07-16,CSAN3,6.26
2025-07-16,CSMG3,26.1
2025-07-16,CSNA3,8.0
2025-07-16,CURY3,29.64
2025-07-16,CXSE3,14.05
2025-07-16,CYRE3,26.64
2025-07-16,DIRR3,40.76
2025-07-16,EGIE3,41.7
2025-07-16,ELET3,39.16
2025-07-16,EMBR3,71.2
2025-07-16,ENEV3,13.9
2025-07-16,ENGI11,45.82
2025-07-16,EQTL3,34.36
2025-07-16,FLRY3,12.82
2025-07-16,GGBR4,16.53
2025-07-16,GOAU4,9.24
2025-07-16,HAPV3,33.5
2025-07-16,HYPE3,27.97
2025-07-16,IGTI11,22.14
2025-07-16,ISAE4,22.8
2025-07-16,ITSA4,10.49
2025-07-16,ITUB4,35.19
2025-07-16,KLBN11,19.06
2025-07-16,LREN3,18.56
2025-07-16,MGLU3,8.11
2025-07-16,MOTV3,13.0
2025-07-16,MRFG3,23.2
2025-07-16,MRVE3,5.94
2025-07-16,MULT3,25.94
2025-07-16,NATU3,9.75
2025-07-16,PETR3,34.39
2025-07-16,PETR4,31.79
2025-07-16,POMO4,8.34
2025-07-16,PRIO3,42.39
2025-07-16,PSSA3,51.52
2025-07-16,RADL3,13.8
2025-07-16,RAIL3,17.0
2025-07-16,RDOR3,33.61
2025-07-16,RENT3,37.0
2025-07-16,SANB11,27.7
2025-07-16,SBSP3,112.38
2025-07-16,SMFT3,22.58
2025-07-16,SUZB3,50.52
2025-07-16,TAEE11,33.79
2025-07-16,TEND3,23.33
2025-07-16,TIMS3,20.75
2025-07-16,TOTS3,42.42
2025-07-16,UGPA3,16.46
2025-07-16,USIM5,4.01
2025-07-16,VALE3,54.4
2025-07-16,VAMO3,3.98
2025-07-16,VBBR3,21.59
2025-07-16,VIVA3,25.32
2025-07-16,VIVT3,31.35
2025-07-16,WEGE3,41.12
2025-07-16,YDUQ3,14.27
2025-07-17,ABEV3,13.46
2025-07-17,ALOS3,22.22
2025-07-17,ASAI3,10.06
2025-07-17,AURE3,8.99
2025-07-17,AZZA3,36.39
2025-07-17,B3SA3,13.74
2025-07-17,BBAS3,20.74
2025-07-17,BBDC3,13.77
2025-07-17,BBDC4,16.03
2025-07-17,BBSE3,34.83
2025-07-17,BEEF3,5.4
2025-07-17,BPAC11,41.71
2025-07-17,BRAP4,16.13
2025-07-17,BRAV3,18.72
2025-07-17,CEAB3,16.93
2025-07-17,CMIG4,10.46
2025-07-17,CMIN3,5.11
2025-07-17,COGN3,2.73
2025-07-17,CPFE3,38.04
2025-07-17,CPLE3,11.18
2025-07-17,CSAN3,6.19
2025-07-17,CSMG3,26.02
2025-07-17,CSNA3,7.91
2025-07-17,CURY3,30.23
2025-07-17,CXSE3,14.05
2025-07-17,CYRE3,26.86
2025-07-17,DIRR3,41.43
2025-07-17,EGIE3,41.28
2025-07-17,ELET3,39.14
2025-07-17,EMBR3,71.11
2025-07-17,ENEV3,13.76
2025-07-17,ENGI11,45.75
2025-07-17,EQTL3,34.53
2025-07-17,FLRY3,12.78
2025-07-17,GGBR4,16.35
2025-07-17,GOAU4,9.07
2025-07-17,HAPV3,33.67
2025-07-17,HYPE3,26.73
2025-07-17,IGTI11,22.0
2025-07-17,ISAE4,22.53
2025-07-17,ITSA4,10.66
2025-07-17,ITUB4,35.72
2025-07-17,KLBN11,19.09
2025-07-17,LREN3,18.72
2025-07-17,MGLU3,8.2
2025-07-17,MOTV3,12.96
2025-07-17,MRFG3,23.26
2025-07-17,MRVE3,6.02
2025-07-17,MULT3,26.07
2025-07-17,NATU3,9.65
2025-07-17,PETR3,34.15
2025-07-17,PETR4,31.47
2025-07-17,POMO4,8.33
2025-07-17,PRIO3,43.3
2025-07-17,PSSA3,52.0
2025-07-17,RADL3,14.01
2025-07-17,RAIL3,16.72
2025-07-17,RDOR3,33.58
2025-07-17,RENT3,37.36
2025-07-17,SANB11,28.2
2025-07-17,SBSP3,112.49
2025-07-17,SMFT3,22.59
2025-07-17,SUZB3,50.5
2025-07-17,TAEE11,33.58
2025-07-17,TEND3,23.4
2025-07-17,TIMS3,20.68
2025-07-17,TOTS3,42.26
2025-07-17,UGPA3,16.09
2025-07-17,USIM5,4.03
2025-07-17,VALE3,54.3
2025-07-17,VAMO3,3.95
2025-07-17,VBBR3,21.11
2025-07-17,VIVA3,25.24
2025-07-17,VIVT3,31.29
2025-07-17,WEGE3,42.09
2025-07-17,YDUQ3,14.37
2025-07-18,ABEV3,13.32
2025-07-18,ALOS3,21.67
2025-07-18,ASAI3,9.72
2025-07-18,AURE3,8.94
2025-07-18,AZZA3,35.69
2025-07-18,B3SA3,12.97
2025-07-18,BBAS3,20.26
2025-07-18,BBDC3,13.45
2025-07-18,BBDC4,15.67
2025-07-18,BBSE3,34.32
2025-07-18,BEEF3,5.12
2025-07-18,BPAC11,40.33
2025-07-18,BRAP4,16.19
2025-07-18,BRAV3,18.74
2025-07-18,CEAB3,16.53
2025-07-18,CMIG4,10.38
2025-07-18,CMIN3,5.04
2025-07-18,COGN3,2.59
2025-07-18,CPFE3,38.18
2025-07-18,CPLE3,11.11
2025-07-18,CSAN3,5.96
2025-07-18,CSMG3,26.12
2025-07-18,CSNA3,7.82
2025-07-18,CURY3,29.81
2025-07-18,CXSE3,13.97
2025-07-18,CYRE3,26.58
2025-07-18,DIRR3,40.26
2025-07-18,EGIE3,41.71
2025-07-18,ELET3,38.96
2025-07-18,EMBR3,68.3
2025-07-18,ENEV3,13.69
2025-07-18,ENGI11,45.32
2025-07-18,EQTL3,34.22
2025-07-18,FLRY3,12.63
2025-07-18,GGBR4,16.11
2025-07-18,GOAU4,9.0
2025-07-18,HAPV3,32.19
2025-07-18,HYPE3,26.42
2025-07-18,IGTI11,21.34
2025-07-18,ISAE4,22.44
2025-07-18,ITSA4,10.45
2025-07-18,ITUB4,35.07
2025-07-18,KLBN11,18.77
2025-07-18,LREN3,17.73
2025-07-18,MGLU3,7.88
2025-07-18,MOTV3,12.55
2025-07-18,MRFG3,22.64
2025-07-18,MRVE3,5.95
2025-07-18,MULT3,25.24
2025-07-18,NATU3,9.51
2025-07-18,PETR3,33.64
2025-07-18,PETR4,30.99
2025-07-18,POMO4,8.15
2025-07-18,PRIO3,43.29
2025-07-18,PSSA3,51.81
2025-07-18,RADL3,13.53
2025-07-18,RAIL3,16.58
2025-07-18,RDOR3,32.89
2025-07-18,RENT3,35.8
2025-07-18,SANB11,26.3
2025-07-18,SBSP3,110.68
2025-07-18,SMFT3,21.95
2025-07-18,SUZB3,50.61
2025-07-18,TAEE11,33.81
2025-07-18,TEND3,22.48
2025-07-18,TIMS3,20.37
2025-07-18,TOTS3,41.7
2025-07-18,UGPA3,15.7
2025-07-18,USIM5,3.92
2025-07-18,VALE3,54.56
2025-07-18,VAMO3,3.84
2025-07-18,VBBR3,20.24
2025-07-18,VIVA3,25.58
2025-07-18,VIVT3,30.95
2025-07-18,WEGE3,42.37
2025-07-18,YDUQ3,13.3
2025-07-21,ABEV3,13.42
2025-07-21,ALOS3,21.59
2025-07-21,ASAI3,9.73
2025-07-21,AURE3,9.05
2025-07-21,AZZA3,35.53
2025-07-21,B3SA3,13.1
2025-07-21,BBAS3,19.86
2025-07-21,BBDC3,13.48
2025-07-21,BBDC4,15.68
2025-07-21,BBSE3,34.46
2025-07-21,BEEF3,5.13
2025-07-21,BPAC11,39.8
2025-07-21,BRAP4,16.58
2025-07-21,BRAV3,18.46
2025-07-21,CEAB3,16.78
2025-07-21,CMIG4,10.48
2025-07-21,CMIN3,5.28
2025-07-21,COGN3,2.59
2025-07-21,CPFE3,38.31
2025-07-21,CPLE3,11.1
2025-07-21,CSAN3,5.83
2025-07-21,CSMG3,25.84
2025-07-21,CSNA3,7.99
2025-07-21,CURY3,29.57
2025-07-21,CXSE3,13.96
2025-07-21,CYRE3,26.33
2025-07-21,DIRR3,40.25
2025-07-21,EGIE3,41.97
2025-07-21,ELET3,39.07
2025-07-21,EMBR3,68.12
2025-07-21,ENEV3,13.8
2025-07-21,ENGI11,45.47
2025-07-21,EQTL3,34.34
2025-07-21,FLRY3,14.51
2025-07-21,GGBR4,16.62
2025-07-21,GOAU4,9.31
2025-07-21,HAPV3,31.49
2025-07-21,HYPE3,26.02
2025-07-21,IGTI11,21.24
2025-07-21,ISAE4,22.58
2025-07-21,ITSA4,10.56
2025-07-21,ITUB4,35.48
2025-07-21,KLBN11,18.75
2025-07-21,LREN3,17.47
2025-07-21,MGLU3,7.6
2025-07-21,MOTV3,12.42
2025-07-21,MRFG3,22.83
2025-07-21,MRVE3,5.89
2025-07-21,MULT3,25.35
2025-07-21,NATU3,9.4
2025-07-21,PETR3,33.73
2025-07-21,PETR4,31.05
2025-07-21,POMO4,8.25
2025-07-21,PRIO3,42.76
2025-07-21,PSSA3,52.05
2025-07-21,RADL3,14.01
2025-07-21,RAIL3,16.61
2025-07-21,RDOR3,33.02
2025-07-21,RENT3,35.82
2025-07-21,SANB11,26.24
2025-07-21,SBSP3,111.21
2025-07-21,SMFT3,21.53
2025-07-21,SUZB3,51.0
2025-07-21,TAEE11,33.79
2025-07-21,TEND3,21.38
2025-07-21,TIMS3,20.25
2025-07-21,TOTS3,42.11
2025-07-21,UGPA3,15.74
2025-07-21,USIM5,4.01
2025-07-21,VALE3,56.05
2025-07-21,VAMO3,3.86
2025-07-21,VBBR3,20.25
2025-07-21,VIVA3,25.7
2025-07-21,VIVT3,31.0
2025-07-21,WEGE3,41.97
2025-07-21,YDUQ3,13.13
2025-07-22,ABEV3,13.4
2025-07-22,ALOS3,21.26
2025-07-22,ASAI3,9.63
2025-07-22,AURE3,9.42
2025-07-22,AZZA3,35.99
2025-07-22,B3SA3,13.07
2025-07-22,BBAS3,19.89
2025-07-22,BBDC3,13.41
2025-07-22,BBDC4,15.63
2025-07-22,BBSE3,33.67
2025-07-22,BEEF3,5.09
2025-07-22,BPAC11,39.68
2025-07-22,BRAP4,16.94
2025-07-22,BRAV3,18.65
2025-07-22,CEAB3,16.59
2025-07-22,CMIG4,10.35
2025-07-22,CMIN3,5.33
2025-07-22,COGN3,2.57
2025-07-22,CPFE3,37.22
2025-07-22,CPLE3,10.91
2025-07-22,CSAN3,5.74
2025-07-22,CSMG3,25.77
2025-07-22,CSNA3,8.56
2025-07-22,CURY3,28.8
2025-07-22,CXSE3,13.67
2025-07-22,CYRE3,25.71
2025-07-22,DIRR3,39.2
2025-07-22,EGIE3,41.6
2025-07-22,ELET3,38.64
2025-07-22,EMBR3,67.66
2025-07-22,ENEV3,13.8
2025-07-22,ENGI11,45.15
2025-07-22,EQTL3,33.93
2025-07-22,FLRY3,14.39
2025-07-22,GGBR4,16.91
2025-07-22,GOAU4,9.4
2025-07-22,HAPV3,31.12
2025-07-22,HYPE3,25.92
2025-07-22,IGTI11,20.99
2025-07-22,ISAE4,22.19
2025-07-22,ITSA4,10.4
2025-07-22,ITUB4,35.0
2025-07-22,KLBN11,18.62
2025-07-22,LREN3,17.42
2025-07-22,MGLU3,7.5
2025-07-22,MOTV3,12.34
2025-07-22,MRFG3,23.0
2025-07-22,MRVE3,5.96
2025-07-22,MULT3,25.09
2025-07-22,NATU3,9.14
2025-07-22,PETR3,34.08
2025-07-22,PETR4,31.35
2025-07-22,POMO4,8.29
2025-07-22,PRIO3,42.58
2025-07-22,PSSA3,51.6
2025-07-22,RADL3,14.04
2025-07-22,RAIL3,16.79
2025-07-22,RDOR3,32.72
2025-07-22,RENT3,35.8
2025-07-22,SANB11,26.4
2025-07-22,SBSP3,110.09
2025-07-22,SMFT3,21.22
2025-07-22,SUZB3,51.26
2025-07-22,TAEE11,33.37
2025-07-22,TEND3,21.33
2025-07-22,TIMS3,19.86
2025-07-22,TOTS3,41.66
2025-07-22,UGPA3,15.65
2025-07-22,USIM5,4.25
2025-07-22,VALE3,57.5
2025-07-22,VAMO3,3.95
2025-07-22,VBBR3,19.99
2025-07-22,VIVA3,24.79
2025-07-22,VIVT3,30.31
2025-07-22,WEGE3,41.32
2025-07-22,YDUQ3,12.96
2025-07-23,ABEV3,13.59
2025-07-23,ALOS3,21.52
2025-07-23,ASAI3,9.68
2025-07-23,AURE3,9.72
2025-07-23,AZZA3,37.12
2025-07-23,B3SA3,13.39
2025-07-23,BBAS3,20.21
2025-07-23,BBDC3,13.63
2025-07-23,BBDC4,15.88
2025-07-23,BBSE3,33.78
2025-07-23,BEEF3,5.24
2025-07-23,BPAC11,40.39
2025-07-23,BRAP4,16.98
2025-07-23,BRAV3,19.18
2025-07-23,CEAB3,17.27
2025-07-23,CMIG4,10.58
2025-07-23,CMIN3,5.37
2025-07-23,COGN3,2.64
2025-07-23,CPFE3,38.5
2025-07-23,CPLE3,11.1
2025-07-23,CSAN3,5.87
2025-07-23,CSMG3,25.82
2025-07-23,CSNA3,8.77
2025-07-23,CURY3,29.18
2025-07-23,CXSE3,13.73
2025-07-23,CYRE3,25.94
2025-07-23,DIRR3,39.5
2025-07-23,EGIE3,42.53
2025-07-23,ELET3,38.78
2025-07-23,EMBR3,68.46
2025-07-23,ENEV3,13.99
2025-07-23,ENGI11,46.0
2025-07-23,EQTL3,34.6
2025-07-23,FLRY3,14.51
2025-07-23,GGBR4,17.22
2025-07-23,GOAU4,9.63
2025-07-23,HAPV3,31.82
2025-07-23,HYPE3,26.48
2025-07-23,IGTI11,21.34
2025-07-23,ISAE4,22.44
2025-07-23,ITSA4,10.54
2025-07-23,ITUB4,35.39
2025-07-23,KLBN11,18.69
2025-07-23,LREN3,17.63
2025-07-23,MGLU3,7.8
2025-07-23,MOTV3,12.53
2025-07-23,MRFG3,23.22
2025-07-23,MRVE3,6.21
2025-07-23,MULT3,25.75
2025-07-23,NATU3,9.53
2025-07-23,PETR3,34.84
2025-07-23,PETR4,31.99
2025-07-23,POMO4,8.37
2025-07-23,PRIO3,42.47
2025-07-23,PSSA3,52.1
2025-07-23,RADL3,14.17
2025-07-23,RAIL3,17.09
2025-07-23,RDOR3,33.1
2025-07-23,RENT3,36.23
2025-07-23,SANB11,26.52
2025-07-23,SBSP3,110.94
2025-07-23,SMFT3,21.6
2025-07-23,SUZB3,51.75
2025-07-23,TAEE11,33.7
2025-07-23,TEND3,22.16
2025-07-23,TIMS3,20.0
2025-07-23,TOTS3,42.87
2025-07-23,UGPA3,16.26
2025-07-23,USIM5,4.36
2025-07-23,VALE3,57.42
2025-07-23,VAMO3,3.89
2025-07-23,VBBR3,20.21
2025-07-23,VIVA3,25.39
2025-07-23,VIVT3,30.7
2025-07-23,WEGE3,38.01
2025-07-23,YDUQ3,13.01
2025-07-24,ABEV3,13.5
2025-07-24,ALOS3,21.23
2025-07-24,ASAI3,9.56
2025-07-24,AURE3,9.76
2025-07-24,AZZA3,36.51
2025-07-24,B3SA3,13.12
2025-07-24,BBAS3,20.07
2025-07-24,BBDC3,13.49
2025-07-24,BBDC4,15.68
2025-07-24,BBSE3,33.59
2025-07-24,BEEF3,5.07
2025-07-24,BPAC11,39.46
2025-07-24,BRAP4,16.77
2025-07-24,BRAV3,19.09
2025-07-24,CEAB3,16.76
2025-07-24,CMIG4,10.53
2025-07-24,CMIN3,5.29
2025-07-24,COGN3,2.63
2025-07-24,CPFE3,38.15
2025-07-24,CPLE3,10.94
2025-07-24,CSAN3,5.9
2025-07-24,CSMG3,25.95
2025-07-24,CSNA3,8.55
2025-07-24,CURY3,28.92
2025-07-24,CXSE3,13.6
2025-07-24,CYRE3,24.94
2025-07-24,DIRR3,38.19
2025-07-24,EGIE3,42.57
2025-07-24,ELET3,38.45
2025-07-24,EMBR3,65.8
2025-07-24,ENEV3,13.86
2025-07-24,ENGI11,45.6
2025-07-24,EQTL3,34.15
2025-07-24,FLRY3,14.15
2025-07-24,GGBR4,17.28
2025-07-24,GOAU4,9.63
2025-07-24,HAPV3,31.96
2025-07-24,HYPE3,26.16
2025-07-24,IGTI11,20.92
2025-07-24,ISAE4,22.4
2025-07-24,ITSA4,10.4
2025-07-24,ITUB4,35.06
2025-07-24,KLBN11,18.68
2025-07-24,LREN3,17.08
2025-07-24,MGLU3,7.54
2025-07-24,MOTV3,12.46
2025-07-24,MRFG3,22.98
2025-07-24,MRVE3,6.08
2025-07-24,MULT3,25.35
2025-07-24,NATU3,9.4
2025-07-24,PETR3,34.88
2025-07-24,PETR4,31.94
2025-07-24,POMO4,8.29
2025-07-24,PRIO3,42.3
2025-07-24,PSSA3,51.63
2025-07-24,RADL3,14.23
2025-07-24,RAIL3,16.75
2025-07-24,RDOR3,32.6
2025-07-24,RENT3,35.97
2025-07-24,SANB11,26.4
2025-07-24,SBSP3,108.97
2025-07-24,SMFT3,21.08
2025-07-24,SUZB3,51.5
2025-07-24,TAEE11,33.57
2025-07-24,TEND3,21.0
2025-07-24,TIMS3,19.94
2025-07-24,TOTS3,43.02
2025-07-24,UGPA3,16.13
2025-07-24,USIM5,4.28
2025-07-24,VALE3,56.53
2025-07-24,VAMO3,3.91
2025-07-24,VBBR3,20.36
2025-07-24,VIVA3,25.05
2025-07-24,VIVT3,30.75
2025-07-24,WEGE3,36.23
2025-07-24,YDUQ3,13.0
2025-07-25,ABEV3,13.47
2025-07-25,ALOS3,21.26
2025-07-25,ASAI3,9.7
2025-07-25,AURE3,9.6
2025-07-25,AZZA3,36.37
2025-07-25,B3SA3,13.07
2025-07-25,BBAS3,20.24
2025-07-25,BBDC3,13.38
2025-07-25,BBDC4,15.56
2025-07-25,BBSE3,33.53
2025-07-25,BEEF3,5.09
2025-07-25,BPAC11,39.36
2025-07-25,BRAP4,16.52
2025-07-25,BRAV3,19.51
2025-07-25,CEAB3,15.96
2025-07-25,CMIG4,10.48
2025-07-25,CMIN3,5.17
2025-07-25,COGN3,2.66
2025-07-25,CPFE3,38.2
2025-07-25,CPLE3,10.89
2025-07-25,CSAN3,6.02
2025-07-25,CSMG3,25.46
2025-07-25,CSNA3,8.37
2025-07-25,CURY3,29.09
2025-07-25,CXSE3,13.61
2025-07-25,CYRE3,25.27
2025-07-25,DIRR3,38.3
2025-07-25,EGIE3,42.15
2025-07-25,ELET3,38.14
2025-07-25,EMBR3,66.21
2025-07-25,ENEV3,13.67
2025-07-25,ENGI11,45.41
2025-07-25,EQTL3,33.88
2025-07-25,FLRY3,14.48
2025-07-25,GGBR4,17.18
2025-07-25,GOAU4,9.54
2025-07-25,HAPV3,32.58
2025-07-25,HYPE3,26.26
2025-07-25,IGTI11,20.88
2025-07-25,ISAE4,22.37
2025-07-25,ITSA4,10.44
2025-07-25,ITUB4,35.21
2025-07-25,KLBN11,18.98
2025-07-25,LREN3,16.72
2025-07-25,MGLU3,7.5
2025-07-25,MOTV3,12.4
2025-07-25,MRFG3,23.26
2025-07-25,MRVE3,6.1
2025-07-25,MULT3,25.25
2025-07-25,NATU3,9.16
2025-07-25,PETR3,35.04
2025-07-25,PETR4,31.98
2025-07-25,POMO4,8.41
2025-07-25,PRIO3,41.9
2025-07-25,PSSA3,51.3
2025-07-25,RADL3,14.04
2025-07-25,RAIL3,16.68
2025-07-25,RDOR3,32.52
2025-07-25,RENT3,36.18
2025-07-25,SANB11,26.44
2025-07-25,SBSP3,107.45
2025-07-25,SMFT3,20.94
2025-07-25,SUZB3,52.57
2025-07-25,TAEE11,33.49
2025-07-25,TEND3,21.24
2025-07-25,TIMS3,19.99
2025-07-25,TOTS3,43.0
2025-07-25,UGPA3,16.54
2025-07-25,USIM5,4.2
2025-07-25,VALE3,55.7
2025-07-25,VAMO3,4.0
2025-07-25,VBBR3,21.05
2025-07-25,VIVA3,25.25
2025-07-25,VIVT3,30.7
2025-07-25,WEGE3,36.17
2025-07-25,YDUQ3,12.39
2025-07-28,ABEV3,13.06
2025-07-28,ALOS3,21.05
2025-07-28,ASAI3,9.53
2025-07-28,AURE3,9.32
2025-07-28,AZZA3,35.16
2025-07-28,B3SA3,12.7
2025-07-28,BBAS3,19.94
2025-07-28,BBDC3,13.27
2025-07-28,BBDC4,15.44
2025-07-28,BBSE3,33.55
2025-07-28,BEEF3,5.0
2025-07-28,BPAC11,38.49
2025-07-28,BRAP4,16.26
2025-07-28,BRAV3,19.35
2025-07-28,CEAB3,15.42
2025-07-28,CMIG4,10.37
2025-07-28,CMIN3,5.09
2025-07-28,COGN3,2.62
2025-07-28,CPFE3,37.43
2025-07-28,CPLE3,10.78
2025-07-28,CSAN3,5.86
2025-07-28,CSMG3,25.59
2025-07-28,CSNA3,8.0
2025-07-28,CURY3,28.26
2025-07-28,CXSE3,13.6
2025-07-28,CYRE3,24.44
2025-07-28,DIRR3,37.71
2025-07-28,EGIE3,42.0
2025-07-28,ELET3,37.61
2025-07-28,EMBR3,66.25
2025-07-28,ENEV3,13.39
2025-07-28,ENGI11,44.72
2025-07-28,EQTL3,33.5
2025-07-28,FLRY3,14.42
2025-07-28,GGBR4,16.8
2025-07-28,GOAU4,9.36
2025-07-28,HAPV3,31.99
2025-07-28,HYPE3,25.87
2025-07-28,IGTI11,20.62
2025-07-28,ISAE4,22.19
2025-07-28,ITSA4,10.25
2025-07-28,ITUB4,34.47
2025-07-28,KLBN11,18.67
2025-07-28,LREN3,16.37
2025-07-28,MGLU3,7.18
2025-07-28,MOTV3,12.3
2025-07-28,MRFG3,22.91
2025-07-28,MRVE3,5.95
2025-07-28,MULT3,24.84
2025-07-28,NATU3,9.03
2025-07-28,PETR3,35.02
2025-07-28,PETR4,32.02
2025-07-28,POMO4,8.22
2025-07-28,PRIO3,41.48
2025-07-28,PSSA3,51.0
2025-07-28,RADL3,13.79
2025-07-28,RAIL3,16.85
2025-07-28,RDOR3,32.44
2025-07-28,RENT3,35.17
2025-07-28,SANB11,26.34
2025-07-28,SBSP3,106.94
2025-07-28,SMFT3,20.89
2025-07-28,SUZB3,52.15
2025-07-28,TAEE11,33.3
2025-07-28,TEND3,20.4
2025-07-28,TIMS3,19.8
2025-07-28,TOTS3,42.75
2025-07-28,UGPA3,16.9
2025-07-28,USIM5,4.17
2025-07-28,VALE3,55.16
2025-07-28,VAMO3,3.91
2025-07-28,VBBR3,21.02
2025-07-28,VIVA3,23.93
2025-07-28,VIVT3,30.54
2025-07-28,WEGE3,36.73
2025-07-28,YDUQ3,12.67
2025-07-29,ABEV3,13.19
2025-07-29,ALOS3,21.21
2025-07-29,ASAI3,9.56
2025-07-29,AURE3,9.22
2025-07-29,AZZA3,35.65
2025-07-29,B3SA3,12.71
2025-07-29,BBAS3,19.95
2025-07-29,BBDC3,13.27
2025-07-29,BBDC4,15.41
2025-07-29,BBSE3,33.71
2025-07-29,BEEF3,5.01
2025-07-29,BPAC11,38.72
2025-07-29,BRAP4,16.2
2025-07-29,BRAV3,19.88
2025-07-29,CEAB3,16.1
2025-07-29,CMIG4,10.45
2025-07-29,CMIN3,5.1
2025-07-29,COGN3,2.66
2025-07-29,CPFE3,37.6
2025-07-29,CPLE3,10.95
2025-07-29,CSAN3,5.81
2025-07-29,CSMG3,25.85
2025-07-29,CSNA3,8.01
2025-07-29,CURY3,28.92
2025-07-29,CXSE3,13.7
2025-07-29,CYRE3,24.64
2025-07-29,DIRR3,38.88
2025-07-29,EGIE3,41.81
2025-07-29,ELET3,37.8
2025-07-29,EMBR3,68.74
2025-07-29,ENEV3,13.47
2025-07-29,ENGI11,45.59
2025-07-29,EQTL3,33.77
2025-07-29,FLRY3,14.43
2025-07-29,GGBR4,16.71
2025-07-29,GOAU4,9.31
2025-07-29,HAPV3,32.46
2025-07-29,HYPE3,25.8
2025-07-29,IGTI11,20.73
2025-07-29,ISAE4,22.25
2025-07-29,ITSA4,10.28
2025-07-29,ITUB4,34.67
2025-07-29,KLBN11,18.55
2025-07-29,LREN3,16.35
2025-07-29,MGLU3,6.98
2025-07-29,MOTV3,12.35
2025-07-29,MRFG3,23.05
2025-07-29,MRVE3,6.02
2025-07-29,MULT3,25.24
2025-07-29,NATU3,9.14
2025-07-29,PETR3,35.59
2025-07-29,PETR4,32.44
2025-07-29,POMO4,8.2
2025-07-29,PRIO3,41.97
2025-07-29,PSSA3,51.11
2025-07-29,RADL3,13.85
2025-07-29,RAIL3,16.85
2025-07-29,RDOR3,32.63
2025-07-29,RENT3,35.47
2025-07-29,SANB11,26.37
2025-07-29,SBSP3,106.91
2025-07-29,SMFT3,20.79
2025-07-29,SUZB3,51.85
2025-07-29,TAEE11,33.37
2025-07-29,TEND3,21.24
2025-07-29,TIMS3,19.8
2025-07-29,TOTS3,43.05
2025-07-29,UGPA3,17.09
2025-07-29,USIM5,4.2
2025-07-29,VALE3,54.82
2025-07-29,VAMO3,3.87
2025-07-29,VBBR3,21.11
2025-07-29,VIVA3,24.58
2025-07-29,VIVT3,30.55
2025-07-29,WEGE3,36.58
2025-07-29,YDUQ3,12.6
2025-07-30,ABEV3,13.15
2025-07-30,ALOS3,21.42
2025-07-30,ASAI3,9.76
2025-07-30,AURE3,9.44
2025-07-30,AZZA3,36.72
2025-07-30,B3SA3,12.75
2025-07-30,BBAS3,19.9
2025-07-30,BBDC3,13.46
2025-07-30,BBDC4,15.66
2025-07-30,BBSE3,33.63
2025-07-30,BEEF3,5.17
2025-07-30,BPAC11,39.12
2025-07-30,BRAP4,15.9
2025-07-30,BRAV3,20.09
2025-07-30,CEAB3,16.61
2025-07-30,CMIG4,10.5
2025-07-30,CMIN3,5.1
2025-07-30,COGN3,2.77
2025-07-30,CPFE3,38.2
2025-07-30,CPLE3,11.11
2025-07-30,CSAN3,5.97
2025-07-30,CSMG3,25.96
2025-07-30,CSNA3,7.94
2025-07-30,CURY3,29.45
2025-07-30,CXSE3,13.76
2025-07-30,CYRE3,24.78
2025-07-30,DIRR3,39.51
2025-07-30,EGIE3,40.81
2025-07-30,ELET3,38.17
2025-07-30,EMBR3,76.25
2025-07-30,ENEV3,13.62
2025-07-30,ENGI11,46.2
2025-07-30,EQTL3,34.53
2025-07-30,FLRY3,14.54
2025-07-30,GGBR4,16.98
2025-07-30,GOAU4,9.48
2025-07-30,HAPV3,33.49
2025-07-30,HYPE3,26.04
2025-07-30,IGTI11,21.06
2025-07-30,ISAE4,22.5
2025-07-30,ITSA4,10.4
2025-07-30,ITUB4,35.07
2025-07-30,KLBN11,18.68
2025-07-30,LREN3,16.76
2025-07-30,MGLU3,7.34
2025-07-30,MOTV3,12.35
2025-07-30,MRFG3,23.72
2025-07-30,MRVE3,6.05
2025-07-30,MULT3,25.45
2025-07-30,NATU3,9.15
2025-07-30,PETR3,35.99
2025-07-30,PETR4,32.77
2025-07-30,POMO4,8.34
2025-07-30,PRIO3,42.72
2025-07-30,PSSA3,51.71
2025-07-30,RADL3,13.55
2025-07-30,RAIL3,16.61
2025-07-30,RDOR3,32.75
2025-07-30,RENT3,35.59
2025-07-30,SANB11,26.6
2025-07-30,SBSP3,108.96
2025-07-30,SMFT3,21.1
2025-07-30,SUZB3,52.18
2025-07-30,TAEE11,33.65
2025-07-30,TEND3,21.51
2025-07-30,TIMS3,20.01
2025-07-30,TOTS3,43.78
2025-07-30,UGPA3,17.22
2025-07-30,USIM5,4.14
2025-07-30,VALE3,53.84
2025-07-30,VAMO3,3.93
2025-07-30,VBBR3,21.77
2025-07-30,VIVA3,25.3
2025-07-30,VIVT3,31.15
2025-07-30,WEGE3,36.85
2025-07-30,YDUQ3,13.18
2025-07-31,ABEV3,12.46
2025-07-31,ALOS3,21.31
2025-07-31,ASAI3,9.41
2025-07-31,AURE3,9.27
2025-07-31,AZZA3,35.68
2025-07-31,B3SA3,12.58
2025-07-31,BBAS3,19.7
2025-07-31,BBDC3,13.4
2025-07-31,BBDC4,15.53
2025-07-31,BBSE3,33.7
2025-07-31,BEEF3,4.94
2025-07-31,BPAC11,39.13
2025-07-31,BRAP4,15.74
2025-07-31,BRAV3,19.74
2025-07-31,CEAB3,16.47
2025-07-31,CMIG4,10.33
2025-07-31,CMIN3,5.04
2025-07-31,COGN3,2.76
2025-07-31,CPFE3,37.91
2025-07-31,CPLE3,11.04
2025-07-31,CSAN3,5.93
2025-07-31,CSMG3,25.86
2025-07-31,CSNA3,8.02
2025-07-31,CURY3,29.44
2025-07-31,CXSE3,13.78
2025-07-31,CYRE3,24.52
2025-07-31,DIRR3,38.99
2025-07-31,EGIE3,39.93
2025-07-31,ELET3,37.81
2025-07-31,EMBR3,80.66
2025-07-31,ENEV3,13.45
2025-07-31,ENGI11,45.66
2025-07-31,EQTL3,34.07
2025-07-31,FLRY3,14.35
2025-07-31,GGBR4,16.84
2025-07-31,GOAU4,9.37
2025-07-31,HAPV3,33.07
2025-07-31,HYPE3,25.71
2025-07-31,IGTI11,20.73
2025-07-31,ISAE4,21.67
2025-07-31,ITSA4,10.35
2025-07-31,ITUB4,35.16
2025-07-31,KLBN11,18.6
2025-07-31,LREN3,16.27
2025-07-31,MGLU3,7.06
2025-07-31,MOTV3,12.31
2025-07-31,MRFG3,21.3
2025-07-31,MRVE3,5.95
2025-07-31,MULT3,25.3
2025-07-31,NATU3,9.03
2025-07-31,PETR3,35.79
2025-07-31,PETR4,32.64
2025-07-31,POMO4,8.26
2025-07-31,PRIO3,42.19
2025-07-31,PSSA3,51.89
2025-07-31,RADL3,13.47
2025-07-31,RAIL3,16.54
2025-07-31,RDOR3,32.5
2025-07-31,RENT3,34.63
2025-07-31,SANB11,26.43
2025-07-31,SBSP3,108.31
2025-07-31,SMFT3,20.72
2025-07-31,SUZB3,52.15
2025-07-31,TAEE11,33.36
2025-07-31,TEND3,21.3
2025-07-31,TIMS3,20.71
2025-07-31,TOTS3,43.61
2025-07-31,UGPA3,17.17
2025-07-31,USIM5,4.38
2025-07-31,VALE3,53.46
2025-07-31,VAMO3,3.84
2025-07-31,VBBR3,21.21
2025-07-31,VIVA3,25.42
2025-07-31,VIVT3,31.48
2025-07-31,WEGE3,37.11
2025-07-31,YDUQ3,12.94
2025-08-01,ABEV3,12.29
2025-08-01,ALOS3,21.54
2025-08-01,ASAI3,9.7
2025-08-01,AURE3,9.65
2025-08-01,AZZA3,35.26
2025-08-01,B3SA3,12.59
2025-08-01,BBAS3,18.35
2025-08-01,BBDC3,13.38
2025-08-01,BBDC4,15.56
2025-08-01,BBSE3,33.44
2025-08-01,BEEF3,4.94
2025-08-01,BPAC11,39.07
2025-08-01,BRAP4,15.7
2025-08-01,BRAV3,19.39
2025-08-01,CEAB3,17.07
2025-08-01,CMIG4,10.34
2025-08-01,CMIN3,5.02
2025-08-01,COGN3,2.77
2025-08-01,CPFE3,37.93
2025-08-01,CPLE3,11.18
2025-08-01,CSAN3,5.82
2025-08-01,CSMG3,25.83
2025-08-01,CSNA3,7.62
2025-08-01,CURY3,30.1
2025-08-01,CXSE3,13.69
2025-08-01,CYRE3,24.51
2025-08-01,DIRR3,39.22
2025-08-01,EGIE3,40.2
2025-08-01,ELET3,37.88
2025-08-01,EMBR3,79.05
2025-08-01,ENEV3,13.53
2025-08-01,ENGI11,46.0
2025-08-01,EQTL3,34.33
2025-08-01,FLRY3,14.24
2025-08-01,GGBR4,16.05
2025-08-01,GOAU4,8.99
2025-08-01,HAPV3,32.66
2025-08-01,HYPE3,25.88
2025-08-01,IGTI11,21.06
2025-08-01,ISAE4,21.6
2025-08-01,ITSA4,10.34
2025-08-01,ITUB4,34.93
2025-08-01,KLBN11,18.41
2025-08-01,LREN3,16.49
2025-08-01,MGLU3,7.22
2025-08-01,MOTV3,12.5
2025-08-01,MRFG3,21.42
2025-08-01,MRVE3,5.99
2025-08-01,MULT3,25.65
2025-08-01,NATU3,8.91
2025-08-01,PETR3,35.28
2025-08-01,PETR4,32.21
2025-08-01,POMO4,8.89
2025-08-01,PRIO3,40.99
2025-08-01,PSSA3,52.27
2025-08-01,RADL3,13.7
2025-08-01,RAIL3,16.33
2025-08-01,RDOR3,32.4
2025-08-01,RENT3,34.37
2025-08-01,SANB11,25.82
2025-08-01,SBSP3,108.87
2025-08-01,SMFT3,20.95
2025-08-01,SUZB3,51.74
2025-08-01,TAEE11,33.44
2025-08-01,TEND3,22.09
2025-08-01,TIMS3,20.72
2025-08-01,TOTS3,43.8
2025-08-01,UGPA3,16.92
2025-08-01,USIM5,4.39
2025-08-01,VALE3,53.75
2025-08-01,VAMO3,3.89
2025-08-01,VBBR3,21.2
2025-08-01,VIVA3,25.72
2025-08-01,VIVT3,31.58
2025-08-01,WEGE3,37.18
2025-08-01,YDUQ3,13.01
2025-08-04,ABEV3,12.41
2025-08-04,ALOS3,21.54
2025-08-04,ASAI3,9.86
2025-08-04,AURE3,9.73
2025-08-04,AZZA3,35.25
2025-08-04,B3SA3,12.68
2025-08-04,BBAS3,18.72
2025-08-04,BBDC3,13.49
2025-08-04,BBDC4,15.66
2025-08-04,BBSE3,33.55
2025-08-04,BEEF3,4.89
2025-08-04,BPAC11,39.17
2025-08-04,BRAP4,15.86
2025-08-04,BRAV3,19.18
2025-08-04,CEAB3,17.43
2025-08-04,CMIG4,10.3
2025-08-04,CMIN3,4.94
2025-08-04,COGN3,2.73
2025-08-04,CPFE3,38.23
2025-08-04,CPLE3,11.1
2025-08-04,CSAN3,5.8
2025-08-04,CSMG3,25.25
2025-08-04,CSNA3,7.45
2025-08-04,CURY3,29.38
2025-08-04,CXSE3,13.35
2025-08-04,CYRE3,24.27
2025-08-04,DIRR3,39.02
2025-08-04,EGIE3,39.89
2025-08-04,ELET3,37.89
2025-08-04,EMBR3,80.0
2025-08-04,ENEV3,13.5
2025-08-04,ENGI11,45.77
2025-08-04,EQTL3,34.25
2025-08-04,FLRY3,14.3
2025-08-04,GGBR4,16.23
2025-08-04,GOAU4,9.05
2025-08-04,HAPV3,33.95
2025-08-04,HYPE3,25.25
2025-08-04,IGTI11,20.7
2025-08-04,ISAE4,21.17
2025-08-04,ITSA4,10.42
2025-08-04,ITUB4,35.3
2025-08-04,KLBN11,18.35
2025-08-04,LREN3,16.87
2025-08-04,MGLU3,7.18
2025-08-04,MOTV3,12.64
2025-08-04,MRFG3,21.33
2025-08-04,MRVE3,5.95
2025-08-04,MULT3,25.29
2025-08-04,NATU3,8.77
2025-08-04,PETR3,35.16
2025-08-04,PETR4,32.16
2025-08-04,POMO4,8.72
2025-08-04,PRIO3,40.48
2025-08-04,PSSA3,53.28
2025-08-04,RADL3,14.87
2025-08-04,RAIL3,16.44
2025-08-04,RDOR3,33.2
2025-08-04,RENT3,34.36
2025-08-04,SANB11,26.35
2025-08-04,SBSP3,108.58
2025-08-04,SMFT3,21.06
2025-08-04,SUZB3,50.77
2025-08-04,TAEE11,33.43
2025-08-04,TEND3,22.29
2025-08-04,TIMS3,21.35
2025-08-04,TOTS3,43.76
2025-08-04,UGPA3,16.7
2025-08-04,USIM5,4.39
2025-08-04,VALE3,54.18
2025-08-04,VAMO3,3.86
2025-08-04,VBBR3,21.05
2025-08-04,VIVA3,26.63
2025-08-04,VIVT3,31.93
2025-08-04,WEGE3,37.07
2025-08-04,YDUQ3,12.68
2025-08-05,ABEV3,12.36
2025-08-05,ALOS3,21.59
2025-08-05,ASAI3,9.61
2025-08-05,AURE3,9.56
2025-08-05,AZZA3,35.61
2025-08-05,B3SA3,12.58
2025-08-05,BBAS3,18.62
2025-08-05,BBDC3,13.52
2025-08-05,BBDC4,15.69
2025-08-05,BBSE3,33.93
2025-08-05,BEEF3,4.94
2025-08-05,BPAC11,39.21
2025-08-05,BRAP4,15.81
2025-08-05,BRAV3,20.28
2025-08-05,CEAB3,17.41
2025-08-05,CMIG4,10.24
2025-08-05,CMIN3,4.91
2025-08-05,COGN3,2.77
2025-08-05,CPFE3,37.43
2025-08-05,CPLE3,11.0
2025-08-05,CSAN3,5.94
2025-08-05,CSMG3,25.26
2025-08-05,CSNA3,7.24
2025-08-05,CURY3,30.1
2025-08-05,CXSE3,13.26
2025-08-05,CYRE3,24.2
2025-08-05,DIRR3,39.32
2025-08-05,EGIE3,39.92
2025-08-05,ELET3,37.75
2025-08-05,EMBR3,78.62
2025-08-05,ENEV3,13.5
2025-08-05,ENGI11,45.81
2025-08-05,EQTL3,34.22
2025-08-05,FLRY3,14.24
2025-08-05,GGBR4,16.17
2025-08-05,GOAU4,9.01
2025-08-05,HAPV3,35.53
2025-08-05,HYPE3,25.06
2025-08-05,IGTI11,21.06
2025-08-05,ISAE4,21.27
2025-08-05,ITSA4,10.53
2025-08-05,ITUB4,35.69
2025-08-05,KLBN11,17.88
2025-08-05,LREN3,16.89
2025-08-05,MGLU3,7.2
2025-08-05,MOTV3,12.76
2025-08-05,MRFG3,22.09
2025-08-05,MRVE3,5.94
2025-08-05,MULT3,25.49
2025-08-05,NATU3,8.73
2025-08-05,PETR3,35.44
2025-08-05,PETR4,32.31
2025-08-05,POMO4,8.95
2025-08-05,PRIO3,40.62
2025-08-05,PSSA3,52.96
2025-08-05,RADL3,15.0
2025-08-05,RAIL3,16.54
2025-08-05,RDOR3,33.42
2025-08-05,RENT3,34.59
2025-08-05,SANB11,26.09
2025-08-05,SBSP3,107.6
2025-08-05,SMFT3,21.2
2025-08-05,SUZB3,50.97
2025-08-05,TAEE11,33.32
2025-08-05,TEND3,22.23
2025-08-05,TIMS3,21.41
2025-08-05,TOTS3,43.9
2025-08-05,UGPA3,16.71
2025-08-05,USIM5,4.28
2025-08-05,VALE3,54.11
2025-08-05,VAMO3,3.91
2025-08-05,VBBR3,21.3
2025-08-05,VIVA3,27.01
2025-08-05,VIVT3,32.05
2025-08-05,WEGE3,37.13
2025-08-05,YDUQ3,13.14
2025-08-06,ABEV3,12.48
2025-08-06,ALOS3,21.95
2025-08-06,ASAI3,10.15
2025-08-06,AURE3,9.85
2025-08-06,AZZA3,37.03
2025-08-06,B3SA3,12.72
2025-08-06,BBAS3,18.7
2025-08-06,BBDC3,13.52
2025-08-06,BBDC4,15.67
2025-08-06,BBSE3,34.38
2025-08-06,BEEF3,5.25
2025-08-06,BPAC11,39.82
2025-08-06,BRAP4,15.68
2025-08-06,BRAV3,19.9
2025-08-06,CEAB3,18.63
2025-08-06,CMIG4,10.44
2025-08-06,CMIN3,4.87
2025-08-06,COGN3,2.82
2025-08-06,CPFE3,37.97
2025-08-06,CPLE3,11.28
2025-08-06,CSAN3,5.81
2025-08-06,CSMG3,25.27
2025-08-06,CSNA3,7.22
2025-08-06,CURY3,32.27
2025-08-06,CXSE3,13.35
2025-08-06,CYRE3,24.74
2025-08-06,DIRR3,41.24
2025-08-06,EGIE3,40.3
2025-08-06,ELET3,39.07
2025-08-06,EMBR3,77.88
2025-08-06,ENEV3,13.7
2025-08-06,ENGI11,46.5
2025-08-06,EQTL3,34.3
2025-08-06,FLRY3,14.58
2025-08-06,GGBR4,15.99
2025-08-06,GOAU4,8.9
2025-08-06,HAPV3,35.87
2025-08-06,HYPE3,25.16
2025-08-06,IGTI11,21.45
2025-08-06,ISAE4,21.54
2025-08-06,ITSA4,10.71
2025-08-06,ITUB4,36.14
2025-08-06,KLBN11,18.22
2025-08-06,LREN3,17.77
2025-08-06,MGLU3,7.34
2025-08-06,MOTV3,12.7
2025-08-06,MRFG3,22.16
2025-08-06,MRVE3,6.37
2025-08-06,MULT3,25.83
2025-08-06,NATU3,9.14
2025-08-06,PETR3,35.36
2025-08-06,PETR4,32.35
2025-08-06,POMO4,8.96
2025-08-06,PRIO3,39.79
2025-08-06,PSSA3,53.03
2025-08-06,RADL3,17.8
2025-08-06,RAIL3,16.7
2025-08-06,RDOR3,34.38
2025-08-06,RENT3,35.4
2025-08-06,SANB11,26.28
2025-08-06,SBSP3,109.38
2025-08-06,SMFT3,21.55
2025-08-06,SUZB3,51.62
2025-08-06,TAEE11,33.41
2025-08-06,TEND3,23.14
2025-08-06,TIMS3,21.67
2025-08-06,TOTS3,44.11
2025-08-06,UGPA3,17.07
2025-08-06,USIM5,4.38
2025-08-06,VALE3,53.77
2025-08-06,VAMO3,3.92
2025-08-06,VBBR3,21.3
2025-08-06,VIVA3,27.31
2025-08-06,VIVT3,32.7
2025-08-06,WEGE3,38.16
2025-08-06,YDUQ3,13.31
2025-08-07,ABEV3,12.54
2025-08-07,ALOS3,22.23
2025-08-07,ASAI3,10.06
2025-08-07,AURE3,9.92
2025-08-07,AZZA3,38.08
2025-08-07,B3SA3,12.91
2025-08-07,BBAS3,18.91
2025-08-07,BBDC3,13.59
2025-08-07,BBDC4,15.79
2025-08-07,BBSE3,34.46
2025-08-07,BEEF3,4.98
2025-08-07,BPAC11,40.29
2025-08-07,BRAP4,15.77
2025-08-07,BRAV3,19.96
2025-08-07,CEAB3,17.07
2025-08-07,CMIG4,10.58
2025-08-07,CMIN3,4.94
2025-08-07,COGN3,2.97
2025-08-07,CPFE3,39.31
2025-08-07,CPLE3,11.52
2025-08-07,CSAN3,5.97
2025-08-07,CSMG3,25.3
2025-08-07,CSNA3,7.31
2025-08-07,CURY3,32.8
2025-08-07,CXSE3,13.3
2025-08-07,CYRE3,24.85
2025-08-07,DIRR3,41.46
2025-08-07,EGIE3,40.13
2025-08-07,ELET3,42.77
2025-08-07,EMBR3,78.4
2025-08-07,ENEV3,13.89
2025-08-07,ENGI11,48.34
2025-08-07,EQTL3,35.14
2025-08-07,FLRY3,14.55
2025-08-07,GGBR4,16.2
2025-08-07,GOAU4,9.03
2025-08-07,HAPV3,36.17
2025-08-07,HYPE3,24.22
2025-08-07,IGTI11,21.68
2025-08-07,ISAE4,21.64
2025-08-07,ITSA4,10.87
2025-08-07,ITUB4,36.78
2025-08-07,KLBN11,18.58
2025-08-07,LREN3,18.04
2025-08-07,MGLU3,7.42
2025-08-07,MOTV3,12.85
2025-08-07,MRFG3,22.1
2025-08-07,MRVE3,6.54
2025-08-07,MULT3,26.1
2025-08-07,NATU3,9.17
2025-08-07,PETR3,35.61
2025-08-07,PETR4,32.53
2025-08-07,POMO4,9.11
2025-08-07,PRIO3,39.65
2025-08-07,PSSA3,52.84
2025-08-07,RADL3,17.6
2025-08-07,RAIL3,16.95
2025-08-07,RDOR3,35.9
2025-08-07,RENT3,35.65
2025-08-07,SANB11,26.6
2025-08-07,SBSP3,111.49
2025-08-07,SMFT3,23.23
2025-08-07,SUZB3,54.14
2025-08-07,TAEE11,33.63
2025-08-07,TEND3,23.64
2025-08-07,TIMS3,21.8
2025-08-07,TOTS3,42.85
2025-08-07,UGPA3,17.44
2025-08-07,USIM5,4.44
2025-08-07,VALE3,54.11
2025-08-07,VAMO3,4.11
2025-08-07,VBBR3,21.65
2025-08-07,VIVA3,27.58
2025-08-07,VIVT3,32.94
2025-08-07,WEGE3,39.0
2025-08-07,YDUQ3,13.6
2025-08-08,ABEV3,12.37
2025-08-08,ALOS3,22.33
2025-08-08,ASAI3,9.85
2025-08-08,AURE3,9.74
2025-08-08,AZZA3,35.4
2025-08-08,B3SA3,12.88
2025-08-08,BBAS3,18.93
2025-08-08,BBDC3,13.71
2025-08-08,BBDC4,15.96
2025-08-08,BBSE3,34.47
2025-08-08,BEEF3,5.04
2025-08-08,BPAC11,40.76
2025-08-08,BRAP4,16.01
2025-08-08,BRAV3,20.05
2025-08-08,CEAB3,16.49
2025-08-08,CMIG4,10.67
2025-08-08,CMIN3,4.97
2025-08-08,COGN3,3.07
2025-08-08,CPFE3,39.94
2025-08-08,CPLE3,11.49
2025-08-08,CSAN3,5.8
2025-08-08,CSMG3,25.2
2025-08-08,CSNA3,7.41
2025-08-08,CURY3,32.0
2025-08-08,CXSE3,13.4
2025-08-08,CYRE3,25.11
2025-08-08,DIRR3,40.99
2025-08-08,EGIE3,40.5
2025-08-08,ELET3,44.28
2025-08-08,EMBR3,79.12
2025-08-08,ENEV3,14.1
2025-08-08,ENGI11,48.04
2025-08-08,EQTL3,35.6
2025-08-08,FLRY3,14.35
2025-08-08,GGBR4,16.39
2025-08-08,GOAU4,9.13
2025-08-08,HAPV3,35.63
2025-08-08,HYPE3,23.19
2025-08-08,IGTI11,21.69
2025-08-08,ISAE4,21.82
2025-08-08,ITSA4,10.91
2025-08-08,ITUB4,37.03
2025-08-08,KLBN11,18.94
2025-08-08,LREN3,16.73
2025-08-08,MGLU3,7.04
2025-08-08,MOTV3,12.84
2025-08-08,MRFG3,22.24
2025-08-08,MRVE3,6.49
2025-08-08,MULT3,25.94
2025-08-08,NATU3,8.88
2025-08-08,PETR3,32.78
2025-08-08,PETR4,30.53
2025-08-08,POMO4,8.96
2025-08-08,PRIO3,39.54
2025-08-08,PSSA3,53.51
2025-08-08,RADL3,17.65
2025-08-08,RAIL3,15.34
2025-08-08,RDOR3,36.27
2025-08-08,RENT3,35.4
2025-08-08,SANB11,26.84
2025-08-08,SBSP3,111.59
2025-08-08,SMFT3,23.47
2025-08-08,SUZB3,54.58
2025-08-08,TAEE11,33.58
2025-08-08,TEND3,21.5
2025-08-08,TIMS3,22.37
2025-08-08,TOTS3,42.95
2025-08-08,UGPA3,16.33
2025-08-08,USIM5,4.42
2025-08-08,VALE3,55.39
2025-08-08,VAMO3,4.14
2025-08-08,VBBR3,21.4
2025-08-08,VIVA3,28.4
2025-08-08,VIVT3,32.92
2025-08-08,WEGE3,38.1
2025-08-08,YDUQ3,13.55
2025-08-11,ABEV3,12.31
2025-08-11,ALOS3,22.42
2025-08-11,ASAI3,9.75
2025-08-11,AURE3,9.6
2025-08-11,AZZA3,33.35
2025-08-11,B3SA3,12.76
2025-08-11,BBAS3,19.1
2025-08-11,BBDC3,13.68
2025-08-11,BBDC4,15.9
2025-08-11,BBSE3,34.83
2025-08-11,BEEF3,5.02
2025-08-11,BPAC11,40.02
2025-08-11,BRAP4,16.04
2025-08-11,BRAV3,20.08
2025-08-11,CEAB3,16.49
2025-08-11,CMIG4,10.71
2025-08-11,CMIN3,4.97
2025-08-11,COGN3,2.96
2025-08-11,CPFE3,39.36
2025-08-11,CPLE3,11.36
2025-08-11,CSAN3,5.64
2025-08-11,CSMG3,25.39
2025-08-11,CSNA3,7.26
2025-08-11,CURY3,31.83
2025-08-11,CXSE3,13.35
2025-08-11,CYRE3,24.75
2025-08-11,DIRR3,13.63
2025-08-11,EGIE3,39.5
2025-08-11,ELET3,45.13
2025-08-11,EMBR3,78.49
2025-08-11,ENEV3,13.91
2025-08-11,ENGI11,47.25
2025-08-11,EQTL3,35.05
2025-08-11,FLRY3,14.28
2025-08-11,GGBR4,16.35
2025-08-11,GOAU4,9.12
2025-08-11,HAPV3,35.14
2025-08-11,HYPE3,23.1
2025-08-11,IGTI11,21.4
2025-08-11,ISAE4,21.74
2025-08-11,ITSA4,10.91
2025-08-11,ITUB4,37.26
2025-08-11,KLBN11,18.44
2025-08-11,LREN3,16.42
2025-08-11,MGLU3,7.02
2025-08-11,MOTV3,12.85
2025-08-11,MRFG3,22.28
2025-08-11,MRVE3,6.48
2025-08-11,MULT3,26.1
2025-08-11,NATU3,9.4
2025-08-11,PETR3,32.93
2025-08-11,PETR4,30.72
2025-08-11,POMO4,8.91
2025-08-11,PRIO3,39.13
2025-08-11,PSSA3,53.4
2025-08-11,RADL3,17.38
2025-08-11,RAIL3,15.45
2025-08-11,RDOR3,36.6
2025-08-11,RENT3,34.58
2025-08-11,SANB11,26.71
2025-08-11,SBSP3,110.97
2025-08-11,SMFT3,23.44
2025-08-11,SUZB3,54.08
2025-08-11,TAEE11,33.44
2025-08-11,TEND3,21.74
2025-08-11,TIMS3,22.63
2025-08-11,TOTS3,42.82
2025-08-11,UGPA3,16.35
2025-08-11,USIM5,4.36
2025-08-11,VALE3,55.33
2025-08-11,VAMO3,3.96
2025-08-11,VBBR3,21.24
2025-08-11,VIVA3,27.37
2025-08-11,VIVT3,33.24
2025-08-11,WEGE3,37.22
2025-08-11,YDUQ3,13.32
2025-08-12,ABEV3,12.23
2025-08-12,ALOS3,22.83
2025-08-12,ASAI3,10.45
2025-08-12,AURE3,9.69
2025-08-12,AZZA3,34.34
2025-08-12,B3SA3,12.65
2025-08-12,BBAS3,19.24
2025-08-12,BBDC3,13.97
2025-08-12,BBDC4,16.27
2025-08-12,BBSE3,35.23
2025-08-12,BEEF3,4.93
2025-08-12,BPAC11,45.27
2025-08-12,BRAP4,16.34
2025-08-12,BRAV3,19.7
2025-08-12,CEAB3,16.03
2025-08-12,CMIG4,10.91
2025-08-12,CMIN3,5.03
2025-08-12,COGN3,2.99
2025-08-12,CPFE3,39.55
2025-08-12,CPLE3,11.61
2025-08-12,CSAN3,5.85
2025-08-12,CSMG3,26.62
2025-08-12,CSNA3,7.55
2025-08-12,CURY3,32.2
2025-08-12,CXSE3,13.78
2025-08-12,CYRE3,25.3
2025-08-12,DIRR3,14.2
2025-08-12,EGIE3,39.92
2025-08-12,ELET3,45.5
2025-08-12,EMBR3,79.25
2025-08-12,ENEV3,14.2
2025-08-12,ENGI11,48.87
2025-08-12,EQTL3,36.34
2025-08-12,FLRY3,14.38
2025-08-12,GGBR4,16.35
2025-08-12,GOAU4,9.15
2025-08-12,HAPV3,35.6
2025-08-12,HYPE3,22.81
2025-08-12,IGTI11,22.02
2025-08-12,ISAE4,22.12
2025-08-12,ITSA4,11.15
2025-08-12,ITUB4,38.03
2025-08-12,KLBN11,18.4
2025-08-12,LREN3,16.72
2025-08-12,MGLU3,7.03
2025-08-12,MOTV3,13.1
2025-08-12,MRFG3,22.13
2025-08-12,MRVE3,6.49
2025-08-12,MULT3,26.73
2025-08-12,NATU3,8.65
2025-08-12,PETR3,33.1
2025-08-12,PETR4,30.8
2025-08-12,POMO4,8.97
2025-08-12,PRIO3,39.27
2025-08-12,PSSA3,55.01
2025-08-12,RADL3,17.59
2025-08-12,RAIL3,15.9
2025-08-12,RDOR3,37.01
2025-08-12,RENT3,34.42
2025-08-12,SANB11,27.06
2025-08-12,SBSP3,122.74
2025-08-12,SMFT3,23.7
2025-08-12,SUZB3,54.09
2025-08-12,TAEE11,33.57
2025-08-12,TEND3,21.94
2025-08-12,TIMS3,22.08
2025-08-12,TOTS3,42.91
2025-08-12,UGPA3,17.11
2025-08-12,USIM5,4.39
2025-08-12,VALE3,55.91
2025-08-12,VAMO3,4.15
2025-08-12,VBBR3,21.75
2025-08-12,VIVA3,27.57
2025-08-12,VIVT3,32.95
2025-08-12,WEGE3,36.61
2025-08-12,YDUQ3,13.46
2025-08-13,ABEV3,12.12
2025-08-13,ALOS3,22.73
2025-08-13,ASAI3,9.93
2025-08-13,AURE3,9.64
2025-08-13,AZZA3,33.02
2025-08-13,B3SA3,12.7
2025-08-13,BBAS3,19.28
2025-08-13,BBDC3,13.82
2025-08-13,BBDC4,16.13
2025-08-13,BBSE3,34.99
2025-08-13,BEEF3,4.86
2025-08-13,BPAC11,44.3
2025-08-13,BRAP4,16.15
2025-08-13,BRAV3,19.94
2025-08-13,CEAB3,15.68
2025-08-13,CMIG4,10.89
2025-08-13,CMIN3,4.9
2025-08-13,COGN3,2.87
2025-08-13,CPFE3,39.17
2025-08-13,CPLE3,11.32
2025-08-13,CSAN3,5.78
2025-08-13,CSMG3,26.21
2025-08-13,CSNA3,7.42
2025-08-13,CURY3,31.76
2025-08-13,CXSE3,13.81
2025-08-13,CYRE3,24.71
2025-08-13,DIRR3,13.98
2025-08-13,EGIE3,39.21
2025-08-13,ELET3,44.96
2025-08-13,EMBR3,79.21
2025-08-13,ENEV3,13.87
2025-08-13,ENGI11,46.79
2025-08-13,EQTL3,35.68
2025-08-13,FLRY3,13.97
2025-08-13,GGBR4,16.47
2025-08-13,GOAU4,9.16
2025-08-13,HAPV3,34.88
2025-08-13,HYPE3,22.93
2025-08-13,IGTI11,21.78
2025-08-13,ISAE4,21.79
2025-08-13,ITSA4,11.02
2025-08-13,ITUB4,37.67
2025-08-13,KLBN11,18.1
2025-08-13,LREN3,16.09
2025-08-13,MGLU3,6.73
2025-08-13,MOTV3,13.09
2025-08-13,MRFG3,21.45
2025-08-13,MRVE3,6.92
2025-08-13,MULT3,26.52
2025-08-13,NATU3,8.75
2025-08-13,PETR3,32.94
2025-08-13,PETR4,30.57
2025-08-13,POMO4,8.94
2025-08-13,PRIO3,38.87
2025-08-13,PSSA3,55.01
2025-08-13,RADL3,17.52
2025-08-13,RAIL3,15.92
2025-08-13,RDOR3,36.83
2025-08-13,RENT3,34.8
2025-08-13,SANB11,27.0
2025-08-13,SBSP3,119.8
2025-08-13,SMFT3,22.92
2025-08-13,SUZB3,53.86
2025-08-13,TAEE11,33.18
2025-08-13,TEND3,21.16
2025-08-13,TIMS3,22.08
2025-08-13,TOTS3,42.34
2025-08-13,UGPA3,16.96
2025-08-13,USIM5,4.31
2025-08-13,VALE3,54.09
2025-08-13,VAMO3,4.0
2025-08-13,VBBR3,21.2
2025-08-13,VIVA3,27.08
2025-08-13,VIVT3,33.09
2025-08-13,WEGE3,36.62
2025-08-13,YDUQ3,13.0
2025-08-14,ABEV3,12.02
2025-08-14,ALOS3,22.86
2025-08-14,ASAI3,10.05
2025-08-14,AURE3,9.82
2025-08-14,AZZA3,32.09
2025-08-14,B3SA3,12.85
2025-08-14,BBAS3,19.85
2025-08-14,BBDC3,13.8
2025-08-14,BBDC4,16.01
2025-08-14,BBSE3,35.32
2025-08-14,BEEF3,4.79
2025-08-14,BPAC11,44.51
2025-08-14,BRAP4,15.81
2025-08-14,BRAV3,19.94
2025-08-14,CEAB3,15.1
2025-08-14,CMIG4,10.82
2025-08-14,CMIN3,4.82
2025-08-14,COGN3,2.87
2025-08-14,CPFE3,39.81
2025-08-14,CPLE3,11.34
2025-08-14,CSAN3,5.4
2025-08-14,CSMG3,27.05
2025-08-14,CSNA3,6.97
2025-08-14,CURY3,32.2
2025-08-14,CXSE3,13.77
2025-08-14,CYRE3,25.19
2025-08-14,DIRR3,14.15
2025-08-14,EGIE3,39.34
2025-08-14,ELET3,44.28
2025-08-14,EMBR3,80.69
2025-08-14,ENEV3,14.15
2025-08-14,ENGI11,46.84
2025-08-14,EQTL3,35.5
2025-08-14,FLRY3,13.94
2025-08-14,GGBR4,16.3
2025-08-14,GOAU4,9.07
2025-08-14,HAPV3,37.77
2025-08-14,HYPE3,23.0
2025-08-14,IGTI11,21.95
2025-08-14,ISAE4,22.02
2025-08-14,ITSA4,11.02
2025-08-14,ITUB4,37.62
2025-08-14,KLBN11,18.34
2025-08-14,LREN3,16.02
2025-08-14,MGLU3,6.68
2025-08-14,MOTV3,13.16
2025-08-14,MRFG3,21.48
2025-08-14,MRVE3,7.17
2025-08-14,MULT3,26.51
2025-08-14,NATU3,9.0
2025-08-14,PETR3,32.63
2025-08-14,PETR4,30.18
2025-08-14,POMO4,8.97
2025-08-14,PRIO3,38.8
2025-08-14,PSSA3,53.33
2025-08-14,RADL3,17.58
2025-08-14,RAIL3,16.04
2025-08-14,RDOR3,37.07
2025-08-14,RENT3,34.4
2025-08-14,SANB11,26.86
2025-08-14,SBSP3,117.74
2025-08-14,SMFT3,23.36
2025-08-14,SUZB3,53.91
2025-08-14,TAEE11,33.33
2025-08-14,TEND3,21.35
2025-08-14,TIMS3,22.24
2025-08-14,TOTS3,41.3
2025-08-14,UGPA3,17.64
2025-08-14,USIM5,4.0
2025-08-14,VALE3,53.42
2025-08-14,VAMO3,3.85
2025-08-14,VBBR3,21.28
2025-08-14,VIVA3,26.8
2025-08-14,VIVT3,33.17
2025-08-14,WEGE3,36.49
2025-08-14,YDUQ3,13.04
2025-08-15,ABEV3,12.04
2025-08-15,ALOS3,22.86
2025-08-15,ASAI3,10.04
2025-08-15,AURE3,9.95
2025-08-15,AZZA3,32.9
2025-08-15,B3SA3,13.15
2025-08-15,BBAS3,20.65
2025-08-15,BBDC3,13.79
2025-08-15,BBDC4,16.03
2025-08-15,BBSE3,32.79
2025-08-15,BEEF3,4.91
2025-08-15,BPAC11,44.45
2025-08-15,BRAP4,15.82
2025-08-15,BRAV3,19.54
2025-08-15,CEAB3,14.95
2025-08-15,CMIG4,10.72
2025-08-15,CMIN3,4.82
2025-08-15,COGN3,2.83
2025-08-15,CPFE3,39.48
2025-08-15,CPLE3,11.29
2025-08-15,CSAN3,5.48
2025-08-15,CSMG3,26.73
2025-08-15,CSNA3,6.77
2025-08-15,CURY3,32.0
2025-08-15,CXSE3,13.62
2025-08-15,CYRE3,25.8
2025-08-15,DIRR3,14.23
2025-08-15,EGIE3,39.35
2025-08-15,ELET3,44.25
2025-08-15,EMBR3,77.29
2025-08-15,ENEV3,14.08
2025-08-15,ENGI11,46.74
2025-08-15,EQTL3,35.9
2025-08-15,FLRY3,14.08
2025-08-15,GGBR4,16.23
2025-08-15,GOAU4,9.09
2025-08-15,HAPV3,38.2
2025-08-15,HYPE3,22.82
2025-08-15,IGTI11,22.01
2025-08-15,ISAE4,22.13
2025-08-15,ITSA4,11.03
2025-08-15,ITUB4,37.49
2025-08-15,KLBN11,18.02
2025-08-15,LREN3,16.13
2025-08-15,MGLU3,6.62
2025-08-15,MOTV3,13.3
2025-08-15,MRFG3,23.36
2025-08-15,MRVE3,7.16
2025-08-15,MULT3,26.61
2025-08-15,NATU3,9.14
2025-08-15,PETR3,32.6
2025-08-15,PETR4,30.17
2025-08-15,POMO4,9.02
2025-08-15,PRIO3,38.81
2025-08-15,PSSA3,52.36
2025-08-15,RADL3,17.47
2025-08-15,RAIL3,15.96
2025-08-15,RDOR3,37.53
2025-08-15,RENT3,34.22
2025-08-15,SANB11,26.93
2025-08-15,SBSP3,116.45
2025-08-15,SMFT3,23.57
2025-08-15,SUZB3,53.33
2025-08-15,TAEE11,33.83
2025-08-15,TEND3,21.4
2025-08-15,TIMS3,22.3
2025-08-15,TOTS3,42.16
2025-08-15,UGPA3,17.59
2025-08-15,USIM5,4.0
2025-08-15,VALE3,53.32
2025-08-15,VAMO3,3.83
2025-08-15,VBBR3,20.86
2025-08-15,VIVA3,27.23
2025-08-15,VIVT3,33.43
2025-08-15,WEGE3,35.97
2025-08-15,YDUQ3,13.05
2025-08-18,ABEV3,12.07
2025-08-18,ALOS3,23.16
2025-08-18,ASAI3,10.29
2025-08-18,AURE3,10.42
2025-08-18,AZZA3,34.0
2025-08-18,B3SA3,13.16
2025-08-18,BBAS3,21.07
2025-08-18,BBDC3,14.0
2025-08-18,BBDC4,16.35
2025-08-18,BBSE3,32.86
2025-08-18,BEEF3,5.12
2025-08-18,BPAC11,45.07
2025-08-18,BRAP4,15.88
2025-08-18,BRAV3,19.67
2025-08-18,CEAB3,15.91
2025-08-18,CMIG4,10.77
2025-08-18,CMIN3,4.88
2025-08-18,COGN3,2.93
2025-08-18,CPFE3,39.32
2025-08-18,CPLE3,11.25
2025-08-18,CSAN3,5.77
2025-08-18,CSMG3,26.75
2025-08-18,CSNA3,7.08
2025-08-18,CURY3,32.6
2025-08-18,CXSE3,13.83
2025-08-18,CYRE3,25.39
2025-08-18,DIRR3,14.09
2025-08-18,EGIE3,39.75
2025-08-18,ELET3,42.29
2025-08-18,EMBR3,78.41
2025-08-18,ENEV3,14.1
2025-08-18,ENGI11,46.9
2025-08-18,EQTL3,35.94
2025-08-18,FLRY3,14.17
2025-08-18,GGBR4,16.39
2025-08-18,GOAU4,9.18
2025-08-18,HAPV3,39.37
2025-08-18,HYPE3,23.05
2025-08-18,IGTI11,22.25
2025-08-18,ISAE4,22.14
2025-08-18,ITSA4,11.1
2025-08-18,ITUB4,37.76
2025-08-18,KLBN11,18.01
2025-08-18,LREN3,16.21
2025-08-18,MGLU3,6.91
2025-08-18,MOTV3,13.34
2025-08-18,MRFG3,23.36
2025-08-18,MRVE3,7.41
2025-08-18,MULT3,26.74
2025-08-18,NATU3,8.86
2025-08-18,PETR3,32.86
2025-08-18,PETR4,30.36
2025-08-18,POMO4,9.08
2025-08-18,PRIO3,37.59
2025-08-18,PSSA3,53.11
2025-08-18,RADL3,17.45
2025-08-18,RAIL3,15.86
2025-08-18,RDOR3,38.21
2025-08-18,RENT3,34.88
2025-08-18,SANB11,27.27
2025-08-18,SBSP3,119.43
2025-08-18,SMFT3,24.06
2025-08-18,SUZB3,52.6
2025-08-18,TAEE11,34.25
2025-08-18,TEND3,21.55
2025-08-18,TIMS3,22.49
2025-08-18,TOTS3,42.2
2025-08-18,UGPA3,17.86
2025-08-18,USIM5,4.11
2025-08-18,VALE3,53.2
2025-08-18,VAMO3,3.85
2025-08-18,VBBR3,20.88
2025-08-18,VIVA3,27.81
2025-08-18,VIVT3,33.94
2025-08-18,WEGE3,36.41
2025-08-18,YDUQ3,13.24
2025-08-19,ABEV3,12.07
2025-08-19,ALOS3,22.69
2025-08-19,ASAI3,9.88
2025-08-19,AURE3,10.36
2025-08-19,AZZA3,32.44
2025-08-19,B3SA3,12.53
2025-08-19,BBAS3,19.8
2025-08-19,BBDC3,13.54
2025-08-19,BBDC4,15.79
2025-08-19,BBSE3,32.22
2025-08-19,BEEF3,5.27
2025-08-19,BPAC11,43.5
2025-08-19,BRAP4,15.82
2025-08-19,BRAV3,18.64
2025-08-19,CEAB3,15.48
2025-08-19,CMIG4,10.57
2025-08-19,CMIN3,4.78
2025-08-19,COGN3,2.79
2025-08-19,CPFE3,38.87
2025-08-19,CPLE3,11.01
2025-08-19,CSAN3,5.4
2025-08-19,CSMG3,26.0
2025-08-19,CSNA3,6.84
2025-08-19,CURY3,32.2
2025-08-19,CXSE3,13.58
2025-08-19,CYRE3,24.87
2025-08-19,DIRR3,13.83
2025-08-19,EGIE3,39.5
2025-08-19,ELET3,41.57
2025-08-19,EMBR3,77.0
2025-08-19,ENEV3,13.71
2025-08-19,ENGI11,45.8
2025-08-19,EQTL3,35.03
2025-08-19,FLRY3,13.96
2025-08-19,GGBR4,16.28
2025-08-19,GOAU4,9.03
2025-08-19,HAPV3,37.82
2025-08-19,HYPE3,23.16
2025-08-19,IGTI11,21.74
2025-08-19,ISAE4,21.88
2025-08-19,ITSA4,10.58
2025-08-19,ITUB4,36.31
2025-08-19,KLBN11,17.98
2025-08-19,LREN3,15.87
2025-08-19,MGLU3,6.86
2025-08-19,MOTV3,12.9
2025-08-19,MRFG3,23.4
2025-08-19,MRVE3,7.24
2025-08-19,MULT3,26.11
2025-08-19,NATU3,8.4
2025-08-19,PETR3,32.41
2025-08-19,PETR4,30.04
2025-08-19,POMO4,8.96
2025-08-19,PRIO3,36.85
2025-08-19,PSSA3,51.81
2025-08-19,RADL3,17.35
2025-08-19,RAIL3,15.43
2025-08-19,RDOR3,37.32
2025-08-19,RENT3,33.8
2025-08-19,SANB11,25.94
2025-08-19,SBSP3,115.23
2025-08-19,SMFT3,23.3
2025-08-19,SUZB3,53.01
2025-08-19,TAEE11,33.11
2025-08-19,TEND3,20.85
2025-08-19,TIMS3,22.33
2025-08-19,TOTS3,41.49
2025-08-19,UGPA3,17.26
2025-08-19,USIM5,4.02
2025-08-19,VALE3,53.24
2025-08-19,VAMO3,3.7
2025-08-19,VBBR3,20.66
2025-08-19,VIVA3,27.27
2025-08-19,VIVT3,33.9
2025-08-19,WEGE3,35.6
2025-08-19,YDUQ3,13.06
2025-08-20,ABEV3,12.1
2025-08-20,ALOS3,22.66
2025-08-20,ASAI3,9.88
2025-08-20,AURE3,10.78
2025-08-20,AZZA3,31.33
2025-08-20,B3SA3,12.33
2025-08-20,BBAS3,19.86
2025-08-20,BBDC3,13.6
2025-08-20,BBDC4,15.84
2025-08-20,BBSE3,31.92
2025-08-20,BEEF3,5.36
2025-08-20,BPAC11,43.02
2025-08-20,BRAP4,15.7
2025-08-20,BRAV3,18.93
2025-08-20,CEAB3,15.55
2025-08-20,CMIG4,10.97
2025-08-20,CMIN3,4.79
2025-08-20,COGN3,2.77
2025-08-20,CPFE3,38.98
2025-08-20,CPLE3,11.19
2025-08-20,CSAN3,5.32
2025-08-20,CSMG3,26.4
2025-08-20,CSNA3,6.77
2025-08-20,CURY3,31.75
2025-08-20,CXSE3,13.59
2025-08-20,CYRE3,24.54
2025-08-20,DIRR3,13.97
2025-08-20,EGIE3,39.52
2025-08-20,ELET3,42.12
2025-08-20,EMBR3,76.1
2025-08-20,ENEV3,14.11
2025-08-20,ENGI11,46.58
2025-08-20,EQTL3,35.29
2025-08-20,FLRY3,13.95
2025-08-20,GGBR4,16.07
2025-08-20,GOAU4,8.99
2025-08-20,HAPV3,37.54
2025-08-20,HYPE3,23.25
2025-08-20,IGTI11,22.03
2025-08-20,ISAE4,22.03
2025-08-20,ITSA4,10.61
2025-08-20,ITUB4,36.33
2025-08-20,KLBN11,17.98
2025-08-20,LREN3,15.71
2025-08-20,MGLU3,6.68
2025-08-20,MOTV3,13.0
2025-08-20,MRFG3,22.66
2025-08-20,MRVE3,7.11
2025-08-20,MULT3,26.35
2025-08-20,NATU3,8.38
2025-08-20,PETR3,32.68
2025-08-20,PETR4,30.22
2025-08-20,POMO4,9.01
2025-08-20,PRIO3,37.3
2025-08-20,PSSA3,52.63
2025-08-20,RADL3,17.9
2025-08-20,RAIL3,14.95
2025-08-20,RDOR3,37.34
2025-08-20,RENT3,33.24
2025-08-20,SANB11,26.48
2025-08-20,SBSP3,115.58
2025-08-20,SMFT3,23.15
2025-08-20,SUZB3,52.49
2025-08-20,TAEE11,33.24
2025-08-20,TEND3,20.87
2025-08-20,TIMS3,22.32
2025-08-20,TOTS3,41.5
2025-08-20,UGPA3,18.01
2025-08-20,USIM5,3.97
2025-08-20,VALE3,53.0
2025-08-20,VAMO3,3.67
2025-08-20,VBBR3,20.67
2025-08-20,VIVA3,27.73
2025-08-20,VIVT3,33.94
2025-08-20,WEGE3,36.07
2025-08-20,YDUQ3,12.93
2025-08-21,ABEV3,12.06
2025-08-21,ALOS3,22.59
2025-08-21,ASAI3,9.82
2025-08-21,AURE3,10.5
2025-08-21,AZZA3,31.29
2025-08-21,B3SA3,12.25
2025-08-21,BBAS3,19.69
2025-08-21,BBDC3,13.56
2025-08-21,BBDC4,15.79
2025-08-21,BBSE3,31.63
2025-08-21,BEEF3,5.37
2025-08-21,BPAC11,42.61
2025-08-21,BRAP4,15.79
2025-08-21,BRAV3,18.76
2025-08-21,CEAB3,15.7
2025-08-21,CMIG4,10.62
2025-08-21,CMIN3,4.78
2025-08-21,COGN3,2.72
2025-08-21,CPFE3,38.86
2025-08-21,CPLE3,11.07
2025-08-21,CSAN3,5.22
2025-08-21,CSMG3,27.17
2025-08-21,CSNA3,6.83
2025-08-21,CURY3,32.1
2025-08-21,CXSE3,13.51
2025-08-21,CYRE3,24.48
2025-08-21,DIRR3,13.96
2025-08-21,EGIE3,40.1
2025-08-21,ELET3,42.39
2025-08-21,EMBR3,76.98
2025-08-21,ENEV3,14.0
2025-08-21,ENGI11,46.2
2025-08-21,EQTL3,34.71
2025-08-21,FLRY3,13.9
2025-08-21,GGBR4,15.98
2025-08-21,GOAU4,8.91
2025-08-21,HAPV3,36.85
2025-08-21,HYPE3,23.24
2025-08-21,IGTI11,22.16
2025-08-21,ISAE4,22.0
2025-08-21,ITSA4,10.6
2025-08-21,ITUB4,36.37
2025-08-21,KLBN11,17.93
2025-08-21,LREN3,15.44
2025-08-21,MGLU3,6.68
2025-08-21,MOTV3,13.25
2025-08-21,MRFG3,22.23
2025-08-21,MRVE3,7.03
2025-08-21,MULT3,26.22
2025-08-21,NATU3,8.44
2025-08-21,PETR3,32.65
2025-08-21,PETR4,30.29
2025-08-21,POMO4,9.08
2025-08-21,PRIO3,37.5
2025-08-21,PSSA3,50.8
2025-08-21,RADL3,18.26
2025-08-21,RAIL3,14.68
2025-08-21,RDOR3,37.24
2025-08-21,RENT3,32.7
2025-08-21,SANB11,26.5
2025-08-21,SBSP3,116.59
2025-08-21,SMFT3,22.79
2025-08-21,SUZB3,52.3
2025-08-21,TAEE11,33.21
2025-08-21,TEND3,20.61
2025-08-21,TIMS3,22.48
2025-08-21,TOTS3,41.03
2025-08-21,UGPA3,17.8
2025-08-21,USIM5,4.0
2025-08-21,VALE3,53.45
2025-08-21,VAMO3,3.71
2025-08-21,VBBR3,20.61
2025-08-21,VIVA3,27.43
2025-08-21,VIVT3,34.06
2025-08-21,WEGE3,35.91
2025-08-21,YDUQ3,12.15
2025-08-22,ABEV3,12.21
2025-08-22,ALOS3,23.04
2025-08-22,ASAI3,10.1
2025-08-22,AURE3,10.53
2025-08-22,AZZA3,33.1
2025-08-22,B3SA3,12.56
2025-08-22,BBAS3,20.5
2025-08-22,BBDC3,13.96
2025-08-22,BBDC4,16.31
2025-08-22,BBSE3,31.8
2025-08-22,BEEF3,5.75
2025-08-22,BPAC11,43.3
2025-08-22,BRAP4,16.13
2025-08-22,BRAV3,19.3
2025-08-22,CEAB3,16.34
2025-08-22,CMIG4,10.88
2025-08-22,CMIN3,4.96
2025-08-22,COGN3,2.93
2025-08-22,CPFE3,39.68
2025-08-22,CPLE3,11.33
2025-08-22,CSAN3,5.46
2025-08-22,CSMG3,27.97
2025-08-22,CSNA3,7.16
2025-08-22,CURY3,33.09
2025-08-22,CXSE3,13.72
2025-08-22,CYRE3,26.13
2025-08-22,DIRR3,14.43
2025-08-22,EGIE3,39.34
2025-08-22,ELET3,42.68
2025-08-22,EMBR3,77.6
2025-08-22,ENEV3,14.31
2025-08-22,ENGI11,47.47
2025-08-22,EQTL3,35.75
2025-08-22,FLRY3,14.21
2025-08-22,GGBR4,16.36
2025-08-22,GOAU4,9.21
2025-08-22,HAPV3,38.31
2025-08-22,HYPE3,23.75
2025-08-22,IGTI11,22.5
2025-08-22,ISAE4,22.4
2025-08-22,ITSA4,10.97
2025-08-22,ITUB4,37.39
2025-08-22,KLBN11,18.38
2025-08-22,LREN3,15.91
2025-08-22,MGLU3,6.9
2025-08-22,MOTV3,13.9
2025-08-22,MRFG3,22.7
2025-08-22,MRVE3,7.5
2025-08-22,MULT3,26.83
2025-08-22,NATU3,9.14
2025-08-22,PETR3,33.02
2025-08-22,PETR4,30.47
2025-08-22,POMO4,9.23
2025-08-22,PRIO3,38.05
2025-08-22,PSSA3,51.03
2025-08-22,RADL3,18.67
2025-08-22,RAIL3,15.07
2025-08-22,RDOR3,37.77
2025-08-22,RENT3,34.62
2025-08-22,SANB11,27.12
2025-08-22,SBSP3,118.93
2025-08-22,SMFT3,23.29
2025-08-22,SUZB3,53.76
2025-08-22,TAEE11,33.76
2025-08-22,TEND3,21.03
2025-08-22,TIMS3,22.64
2025-08-22,TOTS3,42.3
2025-08-22,UGPA3,17.99
2025-08-22,USIM5,4.16
2025-08-22,VALE3,54.79
2025-08-22,VAMO3,3.86
2025-08-22,VBBR3,21.6
2025-08-22,VIVA3,28.09
2025-08-22,VIVT3,34.4
2025-08-22,WEGE3,37.5
2025-08-22,YDUQ3,12.9
2025-08-25,ABEV3,12.12
2025-08-25,ALOS3,22.99
2025-08-25,ASAI3,10.03
2025-08-25,AURE3,10.72
2025-08-25,AZZA3,33.45
2025-08-25,B3SA3,12.55
2025-08-25,BBAS3,20.05
2025-08-25,BBDC3,14.01
2025-08-25,BBDC4,16.35
2025-08-25,BBSE3,32.17
2025-08-25,BEEF3,5.75
2025-08-25,BPAC11,43.25
2025-08-25,BRAP4,16.06
2025-08-25,BRAV3,19.54
2025-08-25,CEAB3,16.68
2025-08-25,CMIG4,10.87
2025-08-25,CMIN3,5.03
2025-08-25,COGN3,2.97
2025-08-25,CPFE3,39.28
2025-08-25,CPLE3,11.29
2025-08-25,CSAN3,5.45
2025-08-25,CSMG3,27.84
2025-08-25,CSNA3,7.24
2025-08-25,CURY3,33.39
2025-08-25,CXSE3,13.76
2025-08-25,CYRE3,26.52
2025-08-25,DIRR3,14.72
2025-08-25,EGIE3,39.15
2025-08-25,ELET3,43.32
2025-08-25,EMBR3,75.73
2025-08-25,ENEV3,14.97
2025-08-25,ENGI11,47.31
2025-08-25,EQTL3,35.65
2025-08-25,FLRY3,14.19
2025-08-25,GGBR4,16.68
2025-08-25,GOAU4,9.35
2025-08-25,HAPV3,39.1
2025-08-25,HYPE3,23.57
2025-08-25,IGTI11,22.23
2025-08-25,ISAE4,22.45
2025-08-25,ITSA4,10.93
2025-08-25,ITUB4,37.2
2025-08-25,KLBN11,18.35
2025-08-25,LREN3,15.85
2025-08-25,MGLU3,7.12
2025-08-25,MOTV3,13.78
2025-08-25,MRFG3,22.8
2025-08-25,MRVE3,7.59
2025-08-25,MULT3,26.77
2025-08-25,NATU3,8.89
2025-08-25,PETR3,33.06
2025-08-25,PETR4,30.65
2025-08-25,POMO4,9.25
2025-08-25,PRIO3,38.18
2025-08-25,PSSA3,51.55
2025-08-25,RADL3,18.11
2025-08-25,RAIL3,14.61
2025-08-25,RDOR3,37.55
2025-08-25,RENT3,34.62
2025-08-25,SANB11,27.31
2025-08-25,SBSP3,119.38
2025-08-25,SMFT3,23.72
2025-08-25,SUZB3,53.41
2025-08-25,TAEE11,33.9
2025-08-25,TEND3,21.29
2025-08-25,TIMS3,22.88
2025-08-25,TOTS3,42.32
2025-08-25,UGPA3,17.91
2025-08-25,USIM5,4.19
2025-08-25,VALE3,54.92
2025-08-25,VAMO3,3.87
2025-08-25,VBBR3,21.57
2025-08-25,VIVA3,27.78
2025-08-25,VIVT3,34.83
2025-08-25,WEGE3,37.73
2025-08-25,YDUQ3,13.05
2025-08-26,ABEV3,12.18
2025-08-26,ALOS3,22.82
2025-08-26,ASAI3,9.95
2025-08-26,AURE3,10.83
2025-08-26,AZZA3,33.8
2025-08-26,B3SA3,12.44
2025-08-26,BBAS3,20.38
2025-08-26,BBDC3,14.03
2025-08-26,BBDC4,16.31
2025-08-26,BBSE3,32.26
2025-08-26,BEEF3,5.93
2025-08-26,BPAC11,43.05
2025-08-26,BRAP4,16.17
2025-08-26,BRAV3,19.65
2025-08-26,CEAB3,16.61
2025-08-26,CMIG4,10.99
2025-08-26,CMIN3,5.04
2025-08-26,COGN3,2.91
2025-08-26,CPFE3,39.53
2025-08-26,CPLE3,11.18
2025-08-26,CSAN3,5.41
2025-08-26,CSMG3,27.99
2025-08-26,CSNA3,7.25
2025-08-26,CURY3,33.34
2025-08-26,CXSE3,13.9
2025-08-26,CYRE3,26.56
2025-08-26,DIRR3,14.85
2025-08-26,EGIE3,39.26
2025-08-26,ELET3,42.97
2025-08-26,EMBR3,76.48
2025-08-26,ENEV3,15.0
2025-08-26,ENGI11,47.31
2025-08-26,EQTL3,35.63
2025-08-26,FLRY3,14.15
2025-08-26,GGBR4,16.8
2025-08-26,GOAU4,9.38
2025-08-26,HAPV3,38.94
2025-08-26,HYPE3,23.49
2025-08-26,IGTI11,21.96
2025-08-26,ISAE4,22.58
2025-08-26,ITSA4,10.88
2025-08-26,ITUB4,36.95
2025-08-26,KLBN11,18.28
2025-08-26,LREN3,15.65
2025-08-26,MGLU3,7.0
2025-08-26,MOTV3,13.7
2025-08-26,MRFG3,22.8
2025-08-26,MRVE3,7.33
2025-08-26,MULT3,26.47
2025-08-26,NATU3,8.97
2025-08-26,PETR3,32.89
2025-08-26,PETR4,30.43
2025-08-26,POMO4,9.29
2025-08-26,PRIO3,37.73
2025-08-26,PSSA3,50.99
2025-08-26,RADL3,18.1
2025-08-26,RAIL3,14.6
2025-08-26,RDOR3,37.57
2025-08-26,RENT3,34.42
2025-08-26,SANB11,27.49
2025-08-26,SBSP3,117.04
2025-08-26,SMFT3,23.62
2025-08-26,SUZB3,52.61
2025-08-26,TAEE11,34.19
2025-08-26,TEND3,21.29
2025-08-26,TIMS3,22.86
2025-08-26,TOTS3,41.35
2025-08-26,UGPA3,18.14
2025-08-26,USIM5,4.18
2025-08-26,VALE3,55.41
2025-08-26,VAMO3,3.89
2025-08-26,VBBR3,22.24
2025-08-26,VIVA3,28.0
2025-08-26,VIVT3,34.45
2025-08-26,WEGE3,37.59
2025-08-26,YDUQ3,12.73
2025-08-27,ABEV3,12.15
2025-08-27,ALOS3,23.27
2025-08-27,ASAI3,10.04
2025-08-27,AURE3,10.65
2025-08-27,AZZA3,34.52
2025-08-27,B3SA3,12.67
2025-08-27,BBAS3,20.63
2025-08-27,BBDC3,14.05
2025-08-27,BBDC4,16.43
2025-08-27,BBSE3,32.5
2025-08-27,BEEF3,5.94
2025-08-27,BPAC11,44.03
2025-08-27,BRAP4,16.27
2025-08-27,BRAV3,20.16
2025-08-27,CEAB3,16.55
2025-08-27,CMIG4,11.07
2025-08-27,CMIN3,5.11
2025-08-27,COGN3,2.91
2025-08-27,CPFE3,39.31
2025-08-27,CPLE3,11.29
2025-08-27,CSAN3,5.58
2025-08-27,CSMG3,29.11
2025-08-27,CSNA3,7.38
2025-08-27,CURY3,33.79
2025-08-27,CXSE3,14.0
2025-08-27,CYRE3,27.0
2025-08-27,DIRR3,15.09
2025-08-27,EGIE3,39.64
2025-08-27,ELET3,43.5
2025-08-27,EMBR3,75.6
2025-08-27,ENEV3,15.07
2025-08-27,ENGI11,48.16
2025-08-27,EQTL3,36.25
2025-08-27,FLRY3,14.34
2025-08-27,GGBR4,16.78
2025-08-27,GOAU4,9.44
2025-08-27,HAPV3,39.8
2025-08-27,HYPE3,23.95
2025-08-27,IGTI11,22.36
2025-08-27,ISAE4,22.7
2025-08-27,ITSA4,11.04
2025-08-27,ITUB4,37.57
2025-08-27,KLBN11,18.37
2025-08-27,LREN3,15.99
2025-08-27,MGLU3,7.18
2025-08-27,MOTV3,14.05
2025-08-27,MRFG3,22.84
2025-08-27,MRVE3,7.45
2025-08-27,MULT3,26.92
2025-08-27,NATU3,9.08
2025-08-27,PETR3,33.08
2025-08-27,PETR4,30.66
2025-08-27,POMO4,9.24
2025-08-27,PRIO3,38.35
2025-08-27,PSSA3,51.48
2025-08-27,RADL3,18.62
2025-08-27,RAIL3,14.58
2025-08-27,RDOR3,38.25
2025-08-27,RENT3,35.0
2025-08-27,SANB11,27.76
2025-08-27,SBSP3,120.09
2025-08-27,SMFT3,24.1
2025-08-27,SUZB3,52.98
2025-08-27,TAEE11,34.44
2025-08-27,TEND3,22.48
2025-08-27,TIMS3,22.95
2025-08-27,TOTS3,42.11
2025-08-27,UGPA3,18.45
2025-08-27,USIM5,4.21
2025-08-27,VALE3,55.38
2025-08-27,VAMO3,4.04
2025-08-27,VBBR3,23.15
2025-08-27,VIVA3,28.5
2025-08-27,VIVT3,34.09
2025-08-27,WEGE3,37.74
2025-08-27,YDUQ3,12.93
2025-08-28,ABEV3,12.25
2025-08-28,ALOS3,23.91
2025-08-28,ASAI3,10.47
2025-08-28,AURE3,10.69
2025-08-28,AZZA3,34.98
2025-08-28,B3SA3,13.03
2025-08-28,BBAS3,21.05
2025-08-28,BBDC3,14.38
2025-08-28,BBDC4,16.79
2025-08-28,BBSE3,32.54
2025-08-28,BEEF3,6.02
2025-08-28,BPAC11,44.5
2025-08-28,BRAP4,16.35
2025-08-28,BRAV3,20.16
2025-08-28,CEAB3,16.85
2025-08-28,CMIG4,11.12
2025-08-28,CMIN3,5.18
2025-08-28,COGN3,2.92
2025-08-28,CPFE3,39.39
2025-08-28,CPLE3,11.32
2025-08-28,CSAN3,5.72
2025-08-28,CSMG3,29.85
2025-08-28,CSNA3,7.73
2025-08-28,CURY3,34.23
2025-08-28,CXSE3,14.18
2025-08-28,CYRE3,27.83
2025-08-28,DIRR3,15.37
2025-08-28,EGIE3,39.81
2025-08-28,ELET3,44.42
2025-08-28,EMBR3,76.21
2025-08-28,ENEV3,15.14
2025-08-28,ENGI11,48.71
2025-08-28,EQTL3,36.64
2025-08-28,FLRY3,14.6
2025-08-28,GGBR4,16.79
2025-08-28,GOAU4,9.45
2025-08-28,HAPV3,40.9
2025-08-28,HYPE3,24.3
2025-08-28,IGTI11,23.23
2025-08-28,ISAE4,23.16
2025-08-28,ITSA4,11.18
2025-08-28,ITUB4,38.35
2025-08-28,KLBN11,18.42
2025-08-28,LREN3,16.18
2025-08-28,MGLU3,7.84
2025-08-28,MOTV3,14.36
2025-08-28,MRFG3,23.66
2025-08-28,MRVE3,7.61
2025-08-28,MULT3,27.8
2025-08-28,NATU3,9.16
2025-08-28,PETR3,33.48
2025-08-28,PETR4,30.93
2025-08-28,POMO4,9.29
2025-08-28,PRIO3,38.58
2025-08-28,PSSA3,52.8
2025-08-28,RADL3,18.85
2025-08-28,RAIL3,14.62
2025-08-28,RDOR3,39.04
2025-08-28,RENT3,35.69
2025-08-28,SANB11,28.18
2025-08-28,SBSP3,121.13
2025-08-28,SMFT3,24.47
2025-08-28,SUZB3,52.83
2025-08-28,TAEE11,34.73
2025-08-28,TEND3,23.37
2025-08-28,TIMS3,23.08
2025-08-28,TOTS3,42.33
2025-08-28,UGPA3,19.94
2025-08-28,USIM5,4.43
2025-08-28,VALE3,55.4
2025-08-28,VAMO3,4.36
2025-08-28,VBBR3,24.3
2025-08-28,VIVA3,28.9
2025-08-28,VIVT3,33.94
2025-08-28,WEGE3,37.82
2025-08-28,YDUQ3,13.09
2025-08-29,ABEV3,12.35
2025-08-29,ALOS3,23.96
2025-08-29,ASAI3,10.52
2025-08-29,AURE3,10.86
2025-08-29,AZZA3,34.71
2025-08-29,B3SA3,12.98
2025-08-29,BBAS3,21.39
2025-08-29,BBDC3,14.44
2025-08-29,BBDC4,16.83
2025-08-29,BBSE3,32.82
2025-08-29,BEEF3,6.03
2025-08-29,BPAC11,44.86
2025-08-29,BRAP4,16.38
2025-08-29,BRAV3,20.05
2025-08-29,CEAB3,16.8
2025-08-29,CMIG4,11.11
2025-08-29,CMIN3,5.2
2025-08-29,COGN3,2.92
2025-08-29,CPFE3,39.37
2025-08-29,CPLE3,11.2
2025-08-29,CSAN3,5.85
2025-08-29,CSMG3,29.89
2025-08-29,CSNA3,7.61
2025-08-29,CURY3,34.16
2025-08-29,CXSE3,14.1
2025-08-29,CYRE3,28.12
2025-08-29,DIRR3,15.45
2025-08-29,EGIE3,39.94
2025-08-29,ELET3,45.02
2025-08-29,EMBR3,76.2
2025-08-29,ENEV3,15.11
2025-08-29,ENGI11,48.81
2025-08-29,EQTL3,36.57
2025-08-29,FLRY3,14.89
2025-08-29,GGBR4,16.66
2025-08-29,GOAU4,9.46
2025-08-29,HAPV3,41.71
2025-08-29,HYPE3,24.4
2025-08-29,IGTI11,23.49
2025-08-29,ISAE4,23.21
2025-08-29,ITSA4,11.22
2025-08-29,ITUB4,38.49
2025-08-29,KLBN11,18.51
2025-08-29,LREN3,16.26
2025-08-29,MGLU3,8.19
2025-08-29,MOTV3,14.4
2025-08-29,MRFG3,24.93
2025-08-29,MRVE3,7.59
2025-08-29,MULT3,27.85
2025-08-29,NATU3,9.01
2025-08-29,PETR3,33.75
2025-08-29,PETR4,31.1
2025-08-29,POMO4,9.27
2025-08-29,PRIO3,37.87
2025-08-29,PSSA3,51.75
2025-08-29,RADL3,17.55
2025-08-29,RAIL3,14.55
2025-08-29,RDOR3,39.36
2025-08-29,RENT3,35.84
2025-08-29,SANB11,28.22
2025-08-29,SBSP3,122.49
2025-08-29,SMFT3,24.41
2025-08-29,SUZB3,52.45
2025-08-29,TAEE11,34.87
2025-08-29,TEND3,23.87
2025-08-29,TIMS3,22.75
2025-08-29,TOTS3,43.1
2025-08-29,UGPA3,19.66
2025-08-29,USIM5,4.37
2025-08-29,VALE3,55.56
2025-08-29,VAMO3,4.33
2025-08-29,VBBR3,24.04
2025-08-29,VIVA3,29.0
2025-08-29,VIVT3,33.87
2025-08-29,WEGE3,37.66
2025-08-29,YDUQ3,13.15
2025-09-01,ABEV3,12.3
2025-09-01,ALOS3,23.97
2025-09-01,ASAI3,10.44
2025-09-01,AURE3,10.53
2025-09-01,AZZA3,34.74
2025-09-01,B3SA3,12.98
2025-09-01,BBAS3,21.09
2025-09-01,BBDC3,14.34
2025-09-01,BBDC4,16.72
2025-09-01,BBSE3,32.69
2025-09-01,BEEF3,6.02
2025-09-01,BPAC11,44.42
2025-09-01,BRAP4,16.44
2025-09-01,BRAV3,20.13
2025-09-01,CEAB3,17.3
2025-09-01,CMIG4,11.02
2025-09-01,CMIN3,5.17
2025-09-01,COGN3,2.92
2025-09-01,CPFE3,38.78
2025-09-01,CPLE3,11.16
2025-09-01,CSAN3,6.05
2025-09-01,CSMG3,29.4
2025-09-01,CSNA3,7.54
2025-09-01,CURY3,33.8
2025-09-01,CXSE3,14.25
2025-09-01,CYRE3,27.8
2025-09-01,DIRR3,15.16
2025-09-01,EGIE3,39.0
2025-09-01,ELET3,45.0
2025-09-01,EMBR3,76.54
2025-09-01,ENEV3,15.12
2025-09-01,ENGI11,48.59
2025-09-01,EQTL3,36.3
2025-09-01,FLRY3,15.37
2025-09-01,GGBR4,16.9
2025-09-01,GOAU4,9.5
2025-09-01,HAPV3,41.55
2025-09-01,HYPE3,24.0
2025-09-01,IGTI11,23.43
2025-09-01,ISAE4,23.04
2025-09-01,ITSA4,11.28
2025-09-01,ITUB4,38.78
2025-09-01,KLBN11,18.34
2025-09-01,LREN3,16.24
2025-09-01,MGLU3,8.28
2025-09-01,MOTV3,14.58
2025-09-01,MRFG3,24.25
2025-09-01,MRVE3,7.6
2025-09-01,MULT3,27.76
2025-09-01,NATU3,8.96
2025-09-01,PETR3,33.6
2025-09-01,PETR4,31.17
2025-09-01,POMO4,9.22
2025-09-01,PRIO3,37.97
2025-09-01,PSSA3,51.82
2025-09-01,RADL3,17.65
2025-09-01,RAIL3,14.32
2025-09-01,RDOR3,39.11
2025-09-01,RENT3,36.05
2025-09-01,SANB11,28.21
2025-09-01,SBSP3,121.61
2025-09-01,SMFT3,24.61
2025-09-01,SUZB3,52.55
2025-09-01,TAEE11,34.58
2025-09-01,TEND3,23.28
2025-09-01,TIMS3,22.76
2025-09-01,TOTS3,42.59
2025-09-01,UGPA3,19.76
2025-09-01,USIM5,4.36
2025-09-01,VALE3,55.6
2025-09-01,VAMO3,4.2
2025-09-01,VBBR3,24.11
2025-09-01,VIVA3,28.94
2025-09-01,VIVT3,33.76
2025-09-01,WEGE3,37.81
2025-09-01,YDUQ3,13.18
2025-09-02,ABEV3,12.16
2025-09-02,ALOS3,23.8
2025-09-02,ASAI3,10.21
2025-09-02,AURE3,10.12
2025-09-02,AZZA3,33.79
2025-09-02,B3SA3,12.75
2025-09-02,BBAS3,20.42
2025-09-02,BBDC3,14.07
2025-09-02,BBDC4,16.51
2025-09-02,BBSE3,32.16
2025-09-02,BEEF3,6.01
2025-09-02,BPAC11,44.5
2025-09-02,BRAP4,16.34
2025-09-02,BRAV3,19.89
2025-09-02,CEAB3,16.66
2025-09-02,CMIG4,10.85
2025-09-02,CMIN3,5.15
2025-09-02,COGN3,2.85
2025-09-02,CPFE3,38.42
2025-09-02,CPLE3,11.23
2025-09-02,CSAN3,6.25
2025-09-02,CSMG3,29.8
2025-09-02,CSNA3,7.44
2025-09-02,CURY3,34.1
2025-09-02,CXSE3,14.02
2025-09-02,CYRE3,27.76
2025-09-02,DIRR3,15.37
2025-09-02,EGIE3,39.12
2025-09-02,ELET3,44.96
2025-09-02,EMBR3,78.2
2025-09-02,ENEV3,14.89
2025-09-02,ENGI11,47.96
2025-09-02,EQTL3,35.89
2025-09-02,FLRY3,15.23
2025-09-02,GGBR4,16.92
2025-09-02,GOAU4,9.51
2025-09-02,HAPV3,41.36
2025-09-02,HYPE3,23.65
2025-09-02,IGTI11,23.23
2025-09-02,ISAE4,22.91
2025-09-02,ITSA4,11.1
2025-09-02,ITUB4,38.12
2025-09-02,KLBN11,18.26
2025-09-02,LREN3,16.09
2025-09-02,MGLU3,8.15
2025-09-02,MOTV3,14.31
2025-09-02,MRFG3,23.61
2025-09-02,MRVE3,7.76
2025-09-02,MULT3,27.44
2025-09-02,NATU3,8.73
2025-09-02,PETR3,33.86
2025-09-02,PETR4,31.33
2025-09-02,POMO4,9.25
2025-09-02,PRIO3,37.99
2025-09-02,PSSA3,51.46
2025-09-02,RADL3,17.39
2025-09-02,RAIL3,14.11
2025-09-02,RDOR3,38.95
2025-09-02,RENT3,36.0
2025-09-02,SANB11,28.1
2025-09-02,SBSP3,120.73
2025-09-02,SMFT3,24.4
2025-09-02,SUZB3,52.26
2025-09-02,TAEE11,34.29
2025-09-02,TEND3,23.53
2025-09-02,TIMS3,22.67
2025-09-02,TOTS3,42.15
2025-09-02,UGPA3,19.66
2025-09-02,USIM5,4.32
2025-09-02,VALE3,55.39
2025-09-02,VAMO3,4.09
2025-09-02,VBBR3,24.11
2025-09-02,VIVA3,28.67
2025-09-02,VIVT3,33.46
2025-09-02,WEGE3,37.68
2025-09-02,YDUQ3,12.96
2025-09-03,ABEV3,11.9
2025-09-03,ALOS3,23.83
2025-09-03,ASAI3,10.07
2025-09-03,AURE3,10.12
2025-09-03,AZZA3,33.6
2025-09-03,B3SA3,12.95
2025-09-03,BBAS3,20.28
2025-09-03,BBDC3,14.09
2025-09-03,BBDC4,16.5
2025-09-03,BBSE3,32.05
2025-09-03,BEEF3,5.99
2025-09-03,BPAC11,44.3
2025-09-03,BRAP4,16.34
2025-09-03,BRAV3,19.3
2025-09-03,CEAB3,17.0
2025-09-03,CMIG4,10.86
2025-09-03,CMIN3,5.09
2025-09-03,COGN3,2.85
2025-09-03,CPFE3,37.9
2025-09-03,CPLE3,11.15
2025-09-03,CSAN3,6.75
2025-09-03,CSMG3,30.2
2025-09-03,CSNA3,7.43
2025-09-03,CURY3,33.89
2025-09-03,CXSE3,13.95
2025-09-03,CYRE3,27.61
2025-09-03,DIRR3,15.28
2025-09-03,EGIE3,39.0
2025-09-03,ELET3,44.5
2025-09-03,EMBR3,77.52
2025-09-03,ENEV3,14.95
2025-09-03,ENGI11,47.42
2025-09-03,EQTL3,35.58
2025-09-03,FLRY3,15.4
2025-09-03,GGBR4,16.76
2025-09-03,GOAU4,9.38
2025-09-03,HAPV3,40.85
2025-09-03,HYPE3,23.15
2025-09-03,IGTI11,23.07
2025-09-03,ISAE4,22.89
2025-09-03,ITSA4,10.97
2025-09-03,ITUB4,37.79
2025-09-03,KLBN11,18.22
2025-09-03,LREN3,16.03
2025-09-03,MGLU3,8.22
2025-09-03,MOTV3,14.6
2025-09-03,MRFG3,23.44
2025-09-03,MRVE3,7.77
2025-09-03,MULT3,27.27
2025-09-03,NATU3,8.61
2025-09-03,PETR3,33.5
2025-09-03,PETR4,31.06
2025-09-03,POMO4,9.25
2025-09-03,PRIO3,37.51
2025-09-03,PSSA3,50.74
2025-09-03,RADL3,17.06
2025-09-03,RAIL3,14.21
2025-09-03,RDOR3,39.08
2025-09-03,RENT3,36.36
2025-09-03,SANB11,28.08
2025-09-03,SBSP3,120.76
2025-09-03,SMFT3,24.3
2025-09-03,SUZB3,51.97
2025-09-03,TAEE11,34.28
2025-09-03,TEND3,22.94
2025-09-03,TIMS3,22.71
2025-09-03,TOTS3,41.91
2025-09-03,UGPA3,19.67
2025-09-03,USIM5,4.3
2025-09-03,VALE3,55.6
2025-09-03,VAMO3,4.02
2025-09-03,VBBR3,24.29
2025-09-03,VIVA3,28.52
2025-09-03,VIVT3,33.48
2025-09-03,WEGE3,37.85
2025-09-03,YDUQ3,13.12
2025-09-04,ABEV3,12.16
2025-09-04,ALOS3,24.2
2025-09-04,ASAI3,10.18
2025-09-04,AURE3,10.42
2025-09-04,AZZA3,33.23
2025-09-04,B3SA3,13.09
2025-09-04,BBAS3,20.42
2025-09-04,BBDC3,14.39
2025-09-04,BBDC4,16.83
2025-09-04,BBSE3,32.21
2025-09-04,BEEF3,6.1
2025-09-04,BPAC11,45.4
2025-09-04,BRAP4,16.49
2025-09-04,BRAV3,18.98
2025-09-04,CEAB3,17.24
2025-09-04,CMIG4,11.08
2025-09-04,CMIN3,5.14
2025-09-04,COGN3,3.03
2025-09-04,CPFE3,37.86
2025-09-04,CPLE3,11.28
2025-09-04,CSAN3,7.15
2025-09-04,CSMG3,31.05
2025-09-04,CSNA3,7.65
2025-09-04,CURY3,34.14
2025-09-04,CXSE3,14.1
2025-09-04,CYRE3,28.07
2025-09-04,DIRR3,15.64
2025-09-04,EGIE3,38.96
2025-09-04,ELET3,44.9
2025-09-04,EMBR3,79.61
2025-09-04,ENEV3,15.1
2025-09-04,ENGI11,48.38
2025-09-04,EQTL3,35.84
2025-09-04,FLRY3,15.43
2025-09-04,GGBR4,17.0
2025-09-04,GOAU4,9.53
2025-09-04,HAPV3,41.29
2025-09-04,HYPE3,23.25
2025-09-04,IGTI11,23.41
2025-09-04,ISAE4,22.97
2025-09-04,ITSA4,11.03
2025-09-04,ITUB4,37.94
2025-09-04,KLBN11,18.45
2025-09-04,LREN3,16.11
2025-09-04,MGLU3,8.65
2025-09-04,MOTV3,14.78
2025-09-04,MRFG3,23.94
2025-09-04,MRVE3,7.89
2025-09-04,MULT3,27.69
2025-09-04,NATU3,8.69
2025-09-04,PETR3,33.66
2025-09-04,PETR4,31.06
2025-09-04,POMO4,9.2
2025-09-04,PRIO3,37.32
2025-09-04,PSSA3,51.44
2025-09-04,RADL3,17.43
2025-09-04,RAIL3,14.8
2025-09-04,RDOR3,39.04
2025-09-04,RENT3,37.0
2025-09-04,SANB11,28.19
2025-09-04,SBSP3,121.59
2025-09-04,SMFT3,24.4
2025-09-04,SUZB3,51.67
2025-09-04,TAEE11,34.62
2025-09-04,TEND3,23.64
2025-09-04,TIMS3,22.65
2025-09-04,TOTS3,42.22
2025-09-04,UGPA3,19.74
2025-09-04,USIM5,4.41
2025-09-04,VALE3,55.71
2025-09-04,VAMO3,4.12
2025-09-04,VBBR3,24.15
2025-09-04,VIVA3,28.95
2025-09-04,VIVT3,33.59
2025-09-04,WEGE3,37.25
2025-09-04,YDUQ3,13.95
2025-09-05,ABEV3,12.25
2025-09-05,ALOS3,24.49
2025-09-05,ASAI3,10.5
2025-09-05,AURE3,10.78
2025-09-05,AZZA3,32.87
2025-09-05,B3SA3,13.38
2025-09-05,BBAS3,21.15
2025-09-05,BBDC3,14.71
2025-09-05,BBDC4,17.24
2025-09-05,BBSE3,32.24
2025-09-05,BEEF3,6.11
2025-09-05,BPAC11,46.27
2025-09-05,BRAP4,16.6
2025-09-05,BRAV3,18.33
2025-09-05,CEAB3,17.25
2025-09-05,CMIG4,11.14
2025-09-05,CMIN3,5.19
2025-09-05,COGN3,3.07
2025-09-05,CPFE3,38.5
2025-09-05,CPLE3,11.4
2025-09-05,CSAN3,7.3
2025-09-05,CSMG3,31.37
2025-09-05,CSNA3,7.79
2025-09-05,CURY3,34.65
2025-09-05,CXSE3,14.18
2025-09-05,CYRE3,28.83
2025-09-05,DIRR3,15.94
2025-09-05,EGIE3,39.4
2025-09-05,ELET3,45.54
2025-09-05,EMBR3,82.04
2025-09-05,ENEV3,15.18
2025-09-05,ENGI11,50.03
2025-09-05,EQTL3,36.59
2025-09-05,FLRY3,15.77
2025-09-05,GGBR4,17.44
2025-09-05,GOAU4,9.75
2025-09-05,HAPV3,41.38
2025-09-05,HYPE3,23.45
2025-09-05,IGTI11,23.82
2025-09-05,ISAE4,23.17
2025-09-05,ITSA4,11.15
2025-09-05,ITUB4,38.36
2025-09-05,KLBN11,18.52
2025-09-05,LREN3,16.35
2025-09-05,MGLU3,9.27
2025-09-05,MOTV3,14.9
2025-09-05,MRFG3,23.55
2025-09-05,MRVE3,8.11
2025-09-05,MULT3,28.14
2025-09-05,NATU3,8.84
2025-09-05,PETR3,32.9
2025-09-05,PETR4,30.59
2025-09-05,POMO4,9.36
2025-09-05,PRIO3,36.55
2025-09-05,PSSA3,50.95
2025-09-05,RADL3,17.35
2025-09-05,RAIL3,14.7
2025-09-05,RDOR3,39.3
2025-09-05,RENT3,38.1
2025-09-05,SANB11,29.19
2025-09-05,SBSP3,124.87
2025-09-05,SMFT3,25.28
2025-09-05,SUZB3,51.99
2025-09-05,TAEE11,34.8
2025-09-05,TEND3,24.7
2025-09-05,TIMS3,22.95
2025-09-05,TOTS3,43.09
2025-09-05,UGPA3,21.04
2025-09-05,USIM5,4.52
2025-09-05,VALE3,56.22
2025-09-05,VAMO3,4.22
2025-09-05,VBBR3,24.95
2025-09-05,VIVA3,29.3
2025-09-05,VIVT3,34.0
2025-09-05,WEGE3,37.85
2025-09-05,YDUQ3,14.22
2025-09-08,ABEV3,12.14
2025-09-08,ALOS3,24.27
2025-09-08,ASAI3,10.11
2025-09-08,AURE3,10.8
2025-09-08,AZZA3,32.23
2025-09-08,B3SA3,13.14
2025-09-08,BBAS3,20.95
2025-09-08,BBDC3,14.64
2025-09-08,BBDC4,17.15
2025-09-08,BBSE3,32.25
2025-09-08,BEEF3,6.07
2025-09-08,BPAC11,45.47
2025-09-08,BRAP4,16.76
2025-09-08,BRAV3,18.26
2025-09-08,CEAB3,17.11
2025-09-08,CMIG4,11.09
2025-09-08,CMIN3,5.17
2025-09-08,COGN3,3.04
2025-09-08,CPFE3,37.9
2025-09-08,CPLE3,11.28
2025-09-08,CSAN3,7.47
2025-09-08,CSMG3,31.74
2025-09-08,CSNA3,7.84
2025-09-08,CURY3,34.54
2025-09-08,CXSE3,14.17
2025-09-08,CYRE3,28.43
2025-09-08,DIRR3,15.84
2025-09-08,EGIE3,39.5
2025-09-08,ELET3,45.13
2025-09-08,EMBR3,80.98
2025-09-08,ENEV3,15.16
2025-09-08,ENGI11,49.04
2025-09-08,EQTL3,36.42
2025-09-08,FLRY3,15.71
2025-09-08,GGBR4,17.37
2025-09-08,GOAU4,9.83
2025-09-08,HAPV3,40.45
2025-09-08,HYPE3,23.38
2025-09-08,IGTI11,23.39
2025-09-08,ISAE4,23.18
2025-09-08,ITSA4,11.1
2025-09-08,ITUB4,38.18
2025-09-08,KLBN11,18.64
2025-09-08,LREN3,15.87
2025-09-08,MGLU3,8.91
2025-09-08,MOTV3,14.8
2025-09-08,MRFG3,22.73
2025-09-08,MRVE3,8.13
2025-09-08,MULT3,27.74
2025-09-08,NATU3,8.61
2025-09-08,PETR3,33.19
2025-09-08,PETR4,30.71
2025-09-08,POMO4,9.24
2025-09-08,PRIO3,36.59
2025-09-08,PSSA3,50.05
2025-09-08,RADL3,17.03
2025-09-08,RAIL3,14.64
2025-09-08,RDOR3,39.01
2025-09-08,RENT3,37.41
2025-09-08,SANB11,28.69
2025-09-08,SBSP3,125.03
2025-09-08,SMFT3,24.61
2025-09-08,SUZB3,51.6
2025-09-08,TAEE11,34.96
2025-09-08,TEND3,24.29
2025-09-08,TIMS3,22.78
2025-09-08,TOTS3,43.02
2025-09-08,UGPA3,20.8
2025-09-08,USIM5,4.6
2025-09-08,VALE3,56.36
2025-09-08,VAMO3,4.07
2025-09-08,VBBR3,24.55
2025-09-08,VIVA3,28.42
2025-09-08,VIVT3,33.59
2025-09-08,WEGE3,37.44
2025-09-08,YDUQ3,13.8
2025-09-09,ABEV3,12.33
2025-09-09,ALOS3,24.16
2025-09-09,ASAI3,9.94
2025-09-09,AURE3,10.65
2025-09-09,AZZA3,31.44
2025-09-09,B3SA3,13.01
2025-09-09,BBAS3,21.4
2025-09-09,BBDC3,14.54
2025-09-09,BBDC4,16.99
2025-09-09,BBSE3,32.47
2025-09-09,BEEF3,6.18
2025-09-09,BPAC11,45.56
2025-09-09,BRAP4,16.68
2025-09-09,BRAV3,18.41
2025-09-09,CEAB3,16.67
2025-09-09,CMIG4,11.08
2025-09-09,CMIN3,5.13
2025-09-09,COGN3,2.96
2025-09-09,CPFE3,37.82
2025-09-09,CPLE3,11.43
2025-09-09,CSAN3,7.21
2025-09-09,CSMG3,31.7
2025-09-09,CSNA3,7.79
2025-09-09,CURY3,33.46
2025-09-09,CXSE3,14.35
2025-09-09,CYRE3,28.63
2025-09-09,DIRR3,15.37
2025-09-09,EGIE3,40.21
2025-09-09,ELET3,45.53
2025-09-09,EMBR3,81.49
2025-09-09,ENEV3,15.31
2025-09-09,ENGI11,48.8
2025-09-09,EQTL3,36.21
2025-09-09,FLRY3,15.79
2025-09-09,GGBR4,17.09
2025-09-09,GOAU4,9.69
2025-09-09,HAPV3,39.64
2025-09-09,HYPE3,23.63
2025-09-09,IGTI11,23.23
2025-09-09,ISAE4,23.1
2025-09-09,ITSA4,11.06
2025-09-09,ITUB4,37.85
2025-09-09,KLBN11,18.81
2025-09-09,LREN3,15.59
2025-09-09,MGLU3,8.92
2025-09-09,MOTV3,14.69
2025-09-09,MRFG3,23.75
2025-09-09,MRVE3,8.07
2025-09-09,MULT3,27.64
2025-09-09,NATU3,8.63
2025-09-09,PETR3,33.55
2025-09-09,PETR4,30.95
2025-09-09,POMO4,9.33
2025-09-09,PRIO3,37.09
2025-09-09,PSSA3,50.04
2025-09-09,RADL3,17.25
2025-09-09,RAIL3,14.53
2025-09-09,RDOR3,38.77
2025-09-09,RENT3,37.26
2025-09-09,SANB11,28.63
2025-09-09,SBSP3,123.79
2025-09-09,SMFT3,24.22
2025-09-09,SUZB3,51.91
2025-09-09,TAEE11,34.98
2025-09-09,TEND3,24.98
2025-09-09,TIMS3,22.66
2025-09-09,TOTS3,42.1
2025-09-09,UGPA3,20.32
2025-09-09,USIM5,4.51
2025-09-09,VALE3,56.19
2025-09-09,VAMO3,4.05
2025-09-09,VBBR3,24.19
2025-09-09,VIVA3,27.35
2025-09-09,VIVT3,33.43
2025-09-09,WEGE3,36.98
2025-09-09,YDUQ3,13.71
2025-09-10,ABEV3,12.36
2025-09-10,ALOS3,24.22
2025-09-10,ASAI3,9.94
2025-09-10,AURE3,10.52
2025-09-10,AZZA3,31.82
2025-09-10,B3SA3,12.97
2025-09-10,BBAS3,22.05
2025-09-10,BBDC3,14.42
2025-09-10,BBDC4,16.87
2025-09-10,BBSE3,32.44
2025-09-10,BEEF3,6.29
2025-09-10,BPAC11,45.61
2025-09-10,BRAP4,16.65
2025-09-10,BRAV3,18.4
2025-09-10,CEAB3,17.47
2025-09-10,CMIG4,11.07
2025-09-10,CMIN3,5.05
2025-09-10,COGN3,3.01
2025-09-10,CPFE3,37.82
2025-09-10,CPLE3,11.52
2025-09-10,CSAN3,7.33
2025-09-10,CSMG3,31.53
2025-09-10,CSNA3,7.75
2025-09-10,CURY3,33.26
2025-09-10,CXSE3,14.25
2025-09-10,CYRE3,29.11
2025-09-10,DIRR3,15.2
2025-09-10,EGIE3,40.57
2025-09-10,ELET3,45.63
2025-09-10,EMBR3,80.19
2025-09-10,ENEV3,15.64
2025-09-10,ENGI11,49.1
2025-09-10,EQTL3,36.45
2025-09-10,FLRY3,15.72
2025-09-10,GGBR4,16.92
2025-09-10,GOAU4,9.54
2025-09-10,HAPV3,40.0
2025-09-10,HYPE3,23.5
2025-09-10,IGTI11,23.47
2025-09-10,ISAE4,23.23
2025-09-10,ITSA4,11.08
2025-09-10,ITUB4,37.88
2025-09-10,KLBN11,18.47
2025-09-10,LREN3,15.96
2025-09-10,MGLU3,9.25
2025-09-10,MOTV3,14.59
2025-09-10,MRFG3,24.74
2025-09-10,MRVE3,7.68
2025-09-10,MULT3,28.05
2025-09-10,NATU3,8.64
2025-09-10,PETR3,34.41
2025-09-10,PETR4,31.51
2025-09-10,POMO4,9.39
2025-09-10,PRIO3,37.63
2025-09-10,PSSA3,50.57
2025-09-10,RADL3,17.44
2025-09-10,RAIL3,14.61
2025-09-10,RDOR3,39.1
2025-09-10,RENT3,37.34
2025-09-10,SANB11,28.67
2025-09-10,SBSP3,124.87
2025-09-10,SMFT3,24.44
2025-09-10,SUZB3,50.8
2025-09-10,TAEE11,34.9
2025-09-10,TEND3,25.87
2025-09-10,TIMS3,22.45
2025-09-10,TOTS3,42.81
2025-09-10,UGPA3,20.53
2025-09-10,USIM5,4.47
2025-09-10,VALE3,56.58
2025-09-10,VAMO3,4.03
2025-09-10,VBBR3,24.36
2025-09-10,VIVA3,27.65
2025-09-10,VIVT3,33.21
2025-09-10,WEGE3,37.28
2025-09-10,YDUQ3,13.8
2025-09-11,ABEV3,12.52
2025-09-11,ALOS3,24.56
2025-09-11,ASAI3,9.91
2025-09-11,AURE3,10.65
2025-09-11,AZZA3,32.95
2025-09-11,B3SA3,13.12
2025-09-11,BBAS3,22.22
2025-09-11,BBDC3,14.57
2025-09-11,BBDC4,17.03
2025-09-11,BBSE3,32.39
2025-09-11,BEEF3,6.48
2025-09-11,BPAC11,46.37
2025-09-11,BRAP4,16.78
2025-09-11,BRAV3,18.31
2025-09-11,CEAB3,17.91
2025-09-11,CMIG4,11.04
2025-09-11,CMIN3,5.07
2025-09-11,COGN3,3.01
2025-09-11,CPFE3,38.36
2025-09-11,CPLE3,11.56
2025-09-11,CSAN3,7.38
2025-09-11,CSMG3,31.93
2025-09-11,CSNA3,7.82
2025-09-11,CURY3,33.11
2025-09-11,CXSE3,13.9
2025-09-11,CYRE3,30.54
2025-09-11,DIRR3,15.2
2025-09-11,EGIE3,40.57
2025-09-11,ELET3,46.3
2025-09-11,EMBR3,79.3
2025-09-11,ENEV3,15.61
2025-09-11,ENGI11,49.67
2025-09-11,EQTL3,36.43
2025-09-11,FLRY3,15.6
2025-09-11,GGBR4,17.0
2025-09-11,GOAU4,9.6
2025-09-11,HAPV3,39.74
2025-09-11,HYPE3,23.85
2025-09-11,IGTI11,23.92
2025-09-11,ISAE4,23.26
2025-09-11,ITSA4,11.09
2025-09-11,ITUB4,37.95
2025-09-11,KLBN11,18.68
2025-09-11,LREN3,16.18
2025-09-11,MGLU3,10.0
2025-09-11,MOTV3,14.76
2025-09-11,MRFG3,25.05
2025-09-11,MRVE3,7.72
2025-09-11,MULT3,28.64
2025-09-11,NATU3,8.79
2025-09-11,PETR3,34.05
2025-09-11,PETR4,31.39
2025-09-11,POMO4,9.41
2025-09-11,PRIO3,37.91
2025-09-11,PSSA3,50.42
2025-09-11,RADL3,17.56
2025-09-11,RAIL3,15.0
2025-09-11,RDOR3,39.39
2025-09-11,RENT3,38.69
2025-09-11,SANB11,28.98
2025-09-11,SBSP3,126.4
2025-09-11,SMFT3,25.14
2025-09-11,SUZB3,51.55
2025-09-11,TAEE11,34.84
2025-09-11,TEND3,26.36
2025-09-11,TIMS3,22.56
2025-09-11,TOTS3,42.21
2025-09-11,UGPA3,20.54
2025-09-11,USIM5,4.54
2025-09-11,VALE3,57.02
2025-09-11,VAMO3,4.07
2025-09-11,VBBR3,24.46
2025-09-11,VIVA3,29.03
2025-09-11,VIVT3,33.47
2025-09-11,WEGE3,36.83
2025-09-11,YDUQ3,13.78
2025-09-12,ABEV3,12.58
2025-09-12,ALOS3,24.4
2025-09-12,ASAI3,9.88
2025-09-12,AURE3,10.71
2025-09-12,AZZA3,32.57
2025-09-12,B3SA3,12.95
2025-09-12,BBAS3,22.31
2025-09-12,BBDC3,14.41
2025-09-12,BBDC4,16.83
2025-09-12,BBSE3,32.11
2025-09-12,BEEF3,6.64
2025-09-12,BPAC11,45.55
2025-09-12,BRAP4,16.86
2025-09-12,BRAV3,18.15
2025-09-12,CEAB3,17.59
2025-09-12,CMIG4,10.95
2025-09-12,CMIN3,5.1
2025-09-12,COGN3,2.92
2025-09-12,CPFE3,38.22
2025-09-12,CPLE3,11.6
2025-09-12,CSAN3,7.43
2025-09-12,CSMG3,32.82
2025-09-12,CSNA3,7.83
2025-09-12,CURY3,33.56
2025-09-12,CXSE3,13.94
2025-09-12,CYRE3,30.34
2025-09-12,DIRR3,15.55
2025-09-12,EGIE3,40.39
2025-09-12,ELET3,46.3
2025-09-12,EMBR3,76.72
2025-09-12,ENEV3,15.92
2025-09-12,ENGI11,49.22
2025-09-12,EQTL3,36.17
2025-09-12,FLRY3,15.8
2025-09-12,GGBR4,16.3
2025-09-12,GOAU4,9.25
2025-09-12,HAPV3,39.33
2025-09-12,HYPE3,22.91
2025-09-12,IGTI11,23.75
2025-09-12,ISAE4,23.26
2025-09-12,ITSA4,11.0
2025-09-12,ITUB4,37.38
2025-09-12,KLBN11,18.55
2025-09-12,LREN3,15.85
2025-09-12,MGLU3,9.85
2025-09-12,MOTV3,14.62
2025-09-12,MRFG3,25.71
2025-09-12,MRVE3,7.56
2025-09-12,MULT3,28.4
2025-09-12,NATU3,8.75
2025-09-12,PETR3,33.75
2025-09-12,PETR4,31.18
2025-09-12,POMO4,9.49
2025-09-12,PRIO3,38.15
2025-09-12,PSSA3,50.08
2025-09-12,RADL3,18.06
2025-09-12,RAIL3,14.81
2025-09-12,RDOR3,39.22
2025-09-12,RENT3,37.87
2025-09-12,SANB11,28.66
2025-09-12,SBSP3,125.43
2025-09-12,SMFT3,25.45
2025-09-12,SUZB3,50.43
2025-09-12,TAEE11,34.84
2025-09-12,TEND3,26.47
2025-09-12,TIMS3,22.65
2025-09-12,TOTS3,42.89
2025-09-12,UGPA3,20.71
2025-09-12,USIM5,4.52
2025-09-12,VALE3,57.0
2025-09-12,VAMO3,3.9
2025-09-12,VBBR3,24.52
2025-09-12,VIVA3,28.66
2025-09-12,VIVT3,33.53
2025-09-12,WEGE3,36.95
2025-09-12,YDUQ3,13.1
2025-09-15,ABEV3,12.63
2025-09-15,ALOS3,24.46
2025-09-15,ASAI3,10.13
2025-09-15,AURE3,11.01
2025-09-15,AZZA3,33.45
2025-09-15,B3SA3,13.37
2025-09-15,BBAS3,21.82
2025-09-15,BBDC3,14.6
2025-09-15,BBDC4,17.03
2025-09-15,BBSE3,32.15
2025-09-15,BEEF3,6.47
2025-09-15,BPAC11,45.87
2025-09-15,BRAP4,16.89
2025-09-15,BRAV3,18.51
2025-09-15,CEAB3,17.77
2025-09-15,CMIG4,11.1
2025-09-15,CMIN3,5.09
2025-09-15,COGN3,3.05
2025-09-15,CPFE3,38.3
2025-09-15,CPLE3,11.75
2025-09-15,CSAN3,7.56
2025-09-15,CSMG3,32.75
2025-09-15,CSNA3,7.87
2025-09-15,CURY3,33.22
2025-09-15,CXSE3,13.93
2025-09-15,CYRE3,30.54
2025-09-15,DIRR3,15.23
2025-09-15,EGIE3,40.72
2025-09-15,ELET3,47.7
2025-09-15,EMBR3,75.88
2025-09-15,ENEV3,15.85
2025-09-15,ENGI11,49.55
2025-09-15,EQTL3,36.56
2025-09-15,FLRY3,15.57
2025-09-15,GGBR4,16.7
2025-09-15,GOAU4,9.49
2025-09-15,HAPV3,39.33
2025-09-15,HYPE3,22.99
2025-09-15,IGTI11,23.87
2025-09-15,ISAE4,23.26
2025-09-15,ITSA4,11.15
2025-09-15,ITUB4,38.0
2025-09-15,KLBN11,18.4
2025-09-15,LREN3,16.22
2025-09-15,MGLU3,10.58
2025-09-15,MOTV3,14.83
2025-09-15,MRFG3,26.06
2025-09-15,MRVE3,7.58
2025-09-15,MULT3,28.43
2025-09-15,NATU3,8.94
2025-09-15,PETR3,34.24
2025-09-15,PETR4,31.45
2025-09-15,POMO4,9.56
2025-09-15,PRIO3,37.97
2025-09-15,PSSA3,50.3
2025-09-15,RADL3,17.35
2025-09-15,RAIL3,14.86
2025-09-15,RDOR3,39.72
2025-09-15,RENT3,38.29
2025-09-15,SANB11,28.8
2025-09-15,SBSP3,127.06
2025-09-15,SMFT3,25.57
2025-09-15,SUZB3,50.5
2025-09-15,TAEE11,35.01
2025-09-15,TEND3,26.59
2025-09-15,TIMS3,22.7
2025-09-15,TOTS3,43.63
2025-09-15,UGPA3,20.83
2025-09-15,USIM5,4.53
2025-09-15,VALE3,57.5
2025-09-15,VAMO3,3.95
2025-09-15,VBBR3,24.67
2025-09-15,VIVA3,28.63
2025-09-15,VIVT3,33.82
2025-09-15,WEGE3,36.51
2025-09-15,YDUQ3,13.98
2025-09-16,ABEV3,12.71
2025-09-16,ALOS3,24.84
2025-09-16,ASAI3,10.11
2025-09-16,AURE3,10.96
2025-09-16,AZZA3,33.41
2025-09-16,B3SA3,13.48
2025-09-16,BBAS3,21.94
2025-09-16,BBDC3,14.6
2025-09-16,BBDC4,16.99
2025-09-16,BBSE3,32.32
2025-09-16,BEEF3,6.55
2025-09-16,BPAC11,46.04
2025-09-16,BRAP4,16.98
2025-09-16,BRAV3,18.79
2025-09-16,CEAB3,18.41
2025-09-16,CMIG4,11.19
2025-09-16,CMIN3,5.17
2025-09-16,COGN3,3.08
2025-09-16,CPFE3,38.5
2025-09-16,CPLE3,11.8
2025-09-16,CSAN3,7.73
2025-09-16,CSMG3,32.89
2025-09-16,CSNA3,8.07
2025-09-16,CURY3,33.27
2025-09-16,CXSE3,14.08
2025-09-16,CYRE3,30.62
2025-09-16,DIRR3,15.24
2025-09-16,EGIE3,40.46
2025-09-16,ELET3,47.96
2025-09-16,EMBR3,75.85
2025-09-16,ENEV3,15.92
2025-09-16,ENGI11,49.65
2025-09-16,EQTL3,36.25
2025-09-16,FLRY3,15.61
2025-09-16,GGBR4,16.78
2025-09-16,GOAU4,9.51
2025-09-16,HAPV3,38.14
2025-09-16,HYPE3,23.02
2025-09-16,IGTI11,24.05
2025-09-16,ISAE4,23.44
2025-09-16,ITSA4,11.14
2025-09-16,ITUB4,37.9
2025-09-16,KLBN11,18.32
2025-09-16,LREN3,16.9
2025-09-16,MGLU3,10.74
2025-09-16,MOTV3,14.74
2025-09-16,MRFG3,27.52
2025-09-16,MRVE3,7.6
2025-09-16,MULT3,28.72
2025-09-16,NATU3,8.75
2025-09-16,PETR3,34.18
2025-09-16,PETR4,31.53
2025-09-16,POMO4,9.65
2025-09-16,PRIO3,38.47
2025-09-16,PSSA3,50.56
2025-09-16,RADL3,17.49
2025-09-16,RAIL3,14.88
2025-09-16,RDOR3,40.3
2025-09-16,RENT3,39.1
2025-09-16,SANB11,28.87
2025-09-16,SBSP3,126.5
2025-09-16,SMFT3,25.86
2025-09-16,SUZB3,50.68
2025-09-16,TAEE11,35.29
2025-09-16,TEND3,26.68
2025-09-16,TIMS3,22.76
2025-09-16,TOTS3,44.44
2025-09-16,UGPA3,20.93
2025-09-16,USIM5,4.59
2025-09-16,VALE3,57.7
2025-09-16,VAMO3,4.01
2025-09-16,VBBR3,24.51
2025-09-16,VIVA3,28.72
2025-09-16,VIVT3,33.38
2025-09-16,WEGE3,36.77
2025-09-16,YDUQ3,13.97
2025-09-17,ABEV3,12.79
2025-09-17,ALOS3,25.23
2025-09-17,ASAI3,10.57
2025-09-17,AURE3,11.06
2025-09-17,AZZA3,33.79
2025-09-17,B3SA3,13.72
2025-09-17,BBAS3,21.87
2025-09-17,BBDC3,15.04
2025-09-17,BBDC4,17.58
2025-09-17,BBSE3,32.53
2025-09-17,BEEF3,6.47
2025-09-17,BPAC11,46.7
2025-09-17,BRAP4,17.07
2025-09-17,BRAV3,18.64
2025-09-17,CEAB3,17.96
2025-09-17,CMIG4,11.4
2025-09-17,CMIN3,5.21
2025-09-17,COGN3,3.14
2025-09-17,CPFE3,38.89
2025-09-17,CPLE3,12.0
2025-09-17,CSAN3,8.0
2025-09-17,CSMG3,33.35
2025-09-17,CSNA3,8.11
2025-09-17,CURY3,33.5
2025-09-17,CXSE3,14.16
2025-09-17,CYRE3,30.68
2025-09-17,DIRR3,15.33
2025-09-17,EGIE3,40.78
2025-09-17,ELET3,48.8
2025-09-17,EMBR3,75.39
2025-09-17,ENEV3,16.29
2025-09-17,ENGI11,49.98
2025-09-17,EQTL3,36.66
2025-09-17,FLRY3,15.58
2025-09-17,GGBR4,16.84
2025-09-17,GOAU4,9.57
2025-09-17,HAPV3,38.64
2025-09-17,HYPE3,23.58
2025-09-17,IGTI11,24.21
2025-09-17,ISAE4,23.78
2025-09-17,ITSA4,11.35
2025-09-17,ITUB4,38.44
2025-09-17,KLBN11,18.45
2025-09-17,LREN3,17.02
2025-09-17,MGLU3,11.31
2025-09-17,MOTV3,14.83
2025-09-17,MRFG3,26.92
2025-09-17,MRVE3,7.81
2025-09-17,MULT3,29.07
2025-09-17,NATU3,8.87
2025-09-17,PETR3,34.44
2025-09-17,PETR4,31.72
2025-09-17,POMO4,9.74
2025-09-17,PRIO3,38.24
2025-09-17,PSSA3,50.9
2025-09-17,RADL3,18.55
2025-09-17,RAIL3,15.28
2025-09-17,RDOR3,40.74
2025-09-17,RENT3,40.1
2025-09-17,SANB11,29.53
2025-09-17,SBSP3,127.18
2025-09-17,SMFT3,26.02
2025-09-17,SUZB3,50.9
2025-09-17,TAEE11,35.54
2025-09-17,TEND3,27.2
2025-09-17,TIMS3,23.09
2025-09-17,TOTS3,45.06
2025-09-17,UGPA3,20.98
2025-09-17,USIM5,4.63
2025-09-17,VALE3,57.8
2025-09-17,VAMO3,4.05
2025-09-17,VBBR3,24.29
2025-09-17,VIVA3,29.45
2025-09-17,VIVT3,33.93
2025-09-17,WEGE3,36.71
2025-09-17,YDUQ3,14.02
2025-09-18,ABEV3,12.52
2025-09-18,ALOS3,25.3
2025-09-18,ASAI3,10.28
2025-09-18,AURE3,10.77
2025-09-18,AZZA3,32.65
2025-09-18,B3SA3,13.73
2025-09-18,BBAS3,22.1
2025-09-18,BBDC3,14.88
2025-09-18,BBDC4,17.4
2025-09-18,BBSE3,32.78
2025-09-18,BEEF3,6.52
2025-09-18,BPAC11,46.75
2025-09-18,BRAP4,17.12
2025-09-18,BRAV3,19.0
2025-09-18,CEAB3,17.61
2025-09-18,CMIG4,11.3
2025-09-18,CMIN3,5.17
2025-09-18,COGN3,3.12
2025-09-18,CPFE3,38.75
2025-09-18,CPLE3,11.97
2025-09-18,CSAN3,7.85
2025-09-18,CSMG3,33.27
2025-09-18,CSNA3,7.91
2025-09-18,CURY3,33.4
2025-09-18,CXSE3,14.34
2025-09-18,CYRE3,30.62
2025-09-18,DIRR3,15.37
2025-09-18,EGIE3,40.99
2025-09-18,ELET3,49.0
2025-09-18,EMBR3,76.16
2025-09-18,ENEV3,16.34
2025-09-18,ENGI11,49.97
2025-09-18,EQTL3,36.61
2025-09-18,FLRY3,15.53
2025-09-18,GGBR4,16.81
2025-09-18,GOAU4,9.58
2025-09-18,HAPV3,38.8
2025-09-18,HYPE3,24.07
2025-09-18,IGTI11,24.3
2025-09-18,ISAE4,23.62
2025-09-18,ITSA4,11.36
2025-09-18,ITUB4,38.49
2025-09-18,KLBN11,18.28
2025-09-18,LREN3,17.05
2025-09-18,MGLU3,11.23
2025-09-18,MOTV3,15.17
2025-09-18,MRFG3,26.55
2025-09-18,MRVE3,7.73
2025-09-18,MULT3,28.99
2025-09-18,NATU3,10.33
2025-09-18,PETR3,34.18
2025-09-18,PETR4,31.41
2025-09-18,POMO4,9.88
2025-09-18,PRIO3,38.89
2025-09-18,PSSA3,51.18
2025-09-18,RADL3,18.14
2025-09-18,RAIL3,15.03
2025-09-18,RDOR3,41.33
2025-09-18,RENT3,39.9
2025-09-18,SANB11,29.28
2025-09-18,SBSP3,129.37
2025-09-18,SMFT3,25.99
2025-09-18,SUZB3,50.73
2025-09-18,TAEE11,35.45
2025-09-18,TEND3,27.01
2025-09-18,TIMS3,22.98
2025-09-18,TOTS3,45.3
2025-09-18,UGPA3,21.26
2025-09-18,USIM5,4.38
2025-09-18,VALE3,57.69
2025-09-18,VAMO3,3.93
2025-09-18,VBBR3,24.24
2025-09-18,VIVA3,29.69
2025-09-18,VIVT3,33.72
2025-09-18,WEGE3,36.73
2025-09-18,YDUQ3,13.77
2025-09-19,ABEV3,12.55
2025-09-19,ALOS3,25.32
2025-09-19,ASAI3,10.12
2025-09-19,AURE3,10.7
2025-09-19,AZZA3,32.2
2025-09-19,B3SA3,13.66
2025-09-19,BBAS3,21.62
2025-09-19,BBDC3,15.13
2025-09-19,BBDC4,17.71
2025-09-19,BBSE3,32.92
2025-09-19,BEEF3,6.5
2025-09-19,BPAC11,47.49
2025-09-19,BRAP4,17.08
2025-09-19,BRAV3,18.56
2025-09-19,CEAB3,17.76
2025-09-19,CMIG4,11.29
2025-09-19,CMIN3,5.21
2025-09-19,COGN3,3.16
2025-09-19,CPFE3,38.69
2025-09-19,CPLE3,12.18
2025-09-19,CSAN3,7.5
2025-09-19,CSMG3,33.39
2025-09-19,CSNA3,8.01
2025-09-19,CURY3,33.36
2025-09-19,CXSE3,14.42
2025-09-19,CYRE3,30.66
2025-09-19,DIRR3,15.54
2025-09-19,EGIE3,41.7
2025-09-19,ELET3,50.55
2025-09-19,EMBR3,76.75
2025-09-19,ENEV3,16.6
2025-09-19,ENGI11,50.36
2025-09-19,EQTL3,37.19
2025-09-19,FLRY3,15.97
2025-09-19,GGBR4,16.77
2025-09-19,GOAU4,9.52
2025-09-19,HAPV3,38.18
2025-09-19,HYPE3,24.01
2025-09-19,IGTI11,24.17
2025-09-19,ISAE4,23.95
2025-09-19,ITSA4,11.42
2025-09-19,ITUB4,39.0
2025-09-19,KLBN11,18.32
2025-09-19,LREN3,16.92
2025-09-19,MGLU3,11.11
2025-09-19,MOTV3,15.19
2025-09-19,MRFG3,22.14
2025-09-19,MRVE3,7.9
2025-09-19,MULT3,28.92
2025-09-19,NATU3,9.85
2025-09-19,PETR3,33.68
2025-09-19,PETR4,31.06
2025-09-19,POMO4,9.58
2025-09-19,PRIO3,38.06
2025-09-19,PSSA3,51.69
2025-09-19,RADL3,18.12
2025-09-19,RAIL3,14.61
2025-09-19,RDOR3,42.21
2025-09-19,RENT3,39.65
2025-09-19,SANB11,29.08
2025-09-19,SBSP3,131.47
2025-09-19,SMFT3,26.46
2025-09-19,SUZB3,50.5
2025-09-19,TAEE11,35.81
2025-09-19,TEND3,26.9
2025-09-19,TIMS3,23.04
2025-09-19,TOTS3,45.99
2025-09-19,UGPA3,20.87
2025-09-19,USIM5,4.5
2025-09-19,VALE3,57.92
2025-09-19,VAMO3,3.8
2025-09-19,VBBR3,23.76
2025-09-19,VIVA3,29.06
2025-09-19,VIVT3,33.54
2025-09-19,WEGE3,36.35
2025-09-19,YDUQ3,13.72
2025-09-22,ABEV3,12.36
2025-09-22,ALOS3,25.09
2025-09-22,ASAI3,9.8
2025-09-22,AURE3,10.57
2025-09-22,AZZA3,31.5
2025-09-22,B3SA3,13.5
2025-09-22,BBAS3,21.51
2025-09-22,BBDC3,15.17
2025-09-22,BBDC4,17.74
2025-09-22,BBSE3,33.24
2025-09-22,BEEF3,6.41
2025-09-22,BPAC11,47.15
2025-09-22,BRAP4,17.09
2025-09-22,BRAV3,18.77
2025-09-22,CEAB3,17.29
2025-09-22,CMIG4,11.28
2025-09-22,CMIN3,5.25
2025-09-22,COGN3,3.18
2025-09-22,CPFE3,38.87
2025-09-22,CPLE3,12.01
2025-09-22,CSAN3,6.14
2025-09-22,CSMG3,33.61
2025-09-22,CSNA3,7.95
2025-09-22,CURY3,33.08
2025-09-22,CXSE3,14.41
2025-09-22,CYRE3,30.01
2025-09-22,DIRR3,15.53
2025-09-22,EGIE3,41.29
2025-09-22,ELET3,49.74
2025-09-22,EMBR3,80.3
2025-09-22,ENEV3,16.38
2025-09-22,ENGI11,49.85
2025-09-22,EQTL3,36.58
2025-09-22,FLRY3,15.94
2025-09-22,GGBR4,16.74
2025-09-22,GOAU4,9.55
2025-09-22,HAPV3,37.56
2025-09-22,HYPE3,23.26
2025-09-22,IGTI11,24.08
2025-09-22,ISAE4,23.53
2025-09-22,ITSA4,11.3
2025-09-22,ITUB4,38.44
2025-09-22,KLBN11,18.2
2025-09-22,LREN3,16.27
2025-09-22,MGLU3,10.84
2025-09-22,MOTV3,15.04
2025-09-22,MRFG3,21.12
2025-09-22,MRVE3,7.81
2025-09-22,MULT3,28.76
2025-09-22,NATU3,9.36
2025-09-22,PETR3,34.04
2025-09-22,PETR4,31.37
2025-09-22,POMO4,9.39
2025-09-22,PRIO3,38.18
2025-09-22,PSSA3,51.22
2025-09-22,RADL3,17.61
2025-09-22,RAIL3,14.91
2025-09-22,RDOR3,41.71
2025-09-22,RENT3,39.13
2025-09-22,SANB11,28.82
2025-09-22,SBSP3,129.56
2025-09-22,SMFT3,26.12
2025-09-22,SUZB3,50.35
2025-09-22,TAEE11,35.7
2025-09-22,TEND3,26.66
2025-09-22,TIMS3,23.03
2025-09-22,TOTS3,45.72
2025-09-22,UGPA3,20.91
2025-09-22,USIM5,4.44
2025-09-22,VALE3,58.0
2025-09-22,VAMO3,3.68
2025-09-22,VBBR3,23.72
2025-09-22,VIVA3,28.86
2025-09-22,VIVT3,33.5
2025-09-22,WEGE3,37.11
2025-09-22,YDUQ3,13.53
2025-09-23,ABEV3,12.46
2025-09-23,ALOS3,25.8
2025-09-23,ASAI3,9.83
2025-09-23,AURE3,10.64
2025-09-23,AZZA3,31.93
2025-09-23,B3SA3,13.34
2025-09-23,BBAS3,22.13
2025-09-23,BBDC3,15.3
2025-09-23,BBDC4,17.85
2025-09-23,BBSE3,33.3
2025-09-23,BEEF3,6.37
2025-09-23,BPAC11,47.81
2025-09-23,BRAP4,17.15
2025-09-23,BRAV3,18.79
2025-09-23,CEAB3,17.55
2025-09-23,CMIG4,11.42
2025-09-23,CMIN3,5.36
2025-09-23,COGN3,3.25
2025-09-23,CPFE3,39.61
2025-09-23,CPLE3,12.17
2025-09-23,CSAN3,6.34
2025-09-23,CSMG3,33.55
2025-09-23,CSNA3,7.98
2025-09-23,CURY3,33.3
2025-09-23,CXSE3,14.69
2025-09-23,CYRE3,30.2
2025-09-23,DIRR3,15.65
2025-09-23,EGIE3,41.24
2025-09-23,ELET3,50.7
2025-09-23,EMBR3,79.65
2025-09-23,ENEV3,16.51
2025-09-23,ENGI11,50.94
2025-09-23,EQTL3,37.24
2025-09-23,FLRY3,16.08
2025-09-23,GGBR4,16.86
2025-09-23,GOAU4,9.68
2025-09-23,HAPV3,38.05
2025-09-23,HYPE3,23.47
2025-09-23,IGTI11,24.57
2025-09-23,ISAE4,23.86
2025-09-23,ITSA4,11.45
2025-09-23,ITUB4,39.05
2025-09-23,KLBN11,18.1
2025-09-23,LREN3,15.92
2025-09-23,MBRF3,19.7
2025-09-23,MGLU3,11.0
2025-09-23,MOTV3,15.03
2025-09-23,MRVE3,7.85
2025-09-23,MULT3,29.18
2025-09-23,NATU3,9.21
2025-09-23,PETR3,34.94
2025-09-23,PETR4,31.9
2025-09-23,POMO4,9.54
2025-09-23,PRIO3,38.58
2025-09-23,PSSA3,51.05
2025-09-23,RADL3,18.3
2025-09-23,RAIL3,15.15
2025-09-23,RDOR3,42.0
2025-09-23,RENT3,40.59
2025-09-23,SANB11,29.21
2025-09-23,SBSP3,132.18
2025-09-23,SMFT3,26.4
2025-09-23,SUZB3,50.13
2025-09-23,TAEE11,36.1
2025-09-23,TEND3,26.93
2025-09-23,TIMS3,23.21
2025-09-23,TOTS3,45.24
2025-09-23,UGPA3,21.35
2025-09-23,USIM5,4.44
2025-09-23,VALE3,57.67
2025-09-23,VAMO3,3.77
2025-09-23,VBBR3,24.07
2025-09-23,VIVA3,29.05
2025-09-23,VIVT3,33.43
2025-09-23,WEGE3,36.7
2025-09-23,YDUQ3,13.46
2025-09-24,ABEV3,12.38
2025-09-24,ALOS3,25.52
2025-09-24,ASAI3,9.69
2025-09-24,AURE3,10.63
2025-09-24,AZZA3,31.56
2025-09-24,B3SA3,13.17
2025-09-24,BBAS3,22.11
2025-09-24,BBDC3,15.17
2025-09-24,BBDC4,17.71
2025-09-24,BBSE3,32.94
2025-09-24,BEEF3,6.52
2025-09-24,BPAC11,47.83
2025-09-24,BRAP4,17.08
2025-09-24,BRAV3,18.72
2025-09-24,CEAB3,17.5
2025-09-24,CMIG4,11.45
2025-09-24,CMIN3,5.33
2025-09-24,COGN3,3.26
2025-09-24,CPFE3,39.8
2025-09-24,CPLE3,12.07
2025-09-24,CSAN3,6.7
2025-09-24,CSMG3,33.59
2025-09-24,CSNA3,8.04
2025-09-24,CURY3,33.3
2025-09-24,CXSE3,14.68
2025-09-24,CYRE3,30.4
2025-09-24,DIRR3,15.7
2025-09-24,EGIE3,40.6
2025-09-24,ELET3,50.7
2025-09-24,EMBR3,80.1
2025-09-24,ENEV3,16.52
2025-09-24,ENGI11,50.78
2025-09-24,EQTL3,36.92
2025-09-24,FLRY3,16.26
2025-09-24,GGBR4,16.7
2025-09-24,GOAU4,9.6
2025-09-24,HAPV3,37.3
2025-09-24,HYPE3,23.38
2025-09-24,IGTI11,24.27
2025-09-24,ISAE4,23.83
2025-09-24,ITSA4,11.39
2025-09-24,ITUB4,38.79
2025-09-24,KLBN11,18.17
2025-09-24,LREN3,15.94
2025-09-24,MBRF3,19.72
2025-09-24,MGLU3,10.88
2025-09-24,MOTV3,14.8
2025-09-24,MRVE3,7.88
2025-09-24,MULT3,28.79
2025-09-24,NATU3,8.97
2025-09-24,PETR3,35.83
2025-09-24,PETR4,32.62
2025-09-24,POMO4,9.5
2025-09-24,PRIO3,38.91
2025-09-24,PSSA3,51.19
2025-09-24,RADL3,18.28
2025-09-24,RAIL3,15.28
2025-09-24,RDOR3,41.34
2025-09-24,RENT3,40.55
2025-09-24,SANB11,28.89
2025-09-24,SBSP3,131.12
2025-09-24,SMFT3,25.89
2025-09-24,SUZB3,49.95
2025-09-24,TAEE11,36.04
2025-09-24,TEND3,26.86
2025-09-24,TIMS3,23.0
2025-09-24,TOTS3,46.02
2025-09-24,UGPA3,21.27
2025-09-24,USIM5,4.45
2025-09-24,VALE3,57.89
2025-09-24,VAMO3,3.72
2025-09-24,VBBR3,24.01
2025-09-24,VIVA3,28.69
2025-09-24,VIVT3,33.42
2025-09-24,WEGE3,36.89
2025-09-24,YDUQ3,13.54
2025-09-25,ABEV3,12.46
2025-09-25,ALOS3,25.47
2025-09-25,ASAI3,9.17
2025-09-25,AURE3,10.4
2025-09-25,AZZA3,30.91
2025-09-25,B3SA3,12.95
2025-09-25,BBAS3,21.79
2025-09-25,BBDC3,15.01
2025-09-25,BBDC4,17.57
2025-09-25,BBSE3,32.58
2025-09-25,BEEF3,6.4
2025-09-25,BPAC11,47.35
2025-09-25,BRAP4,17.17
2025-09-25,BRAV3,18.47
2025-09-25,CEAB3,17.0
2025-09-25,CMIG4,11.18
2025-09-25,CMIN3,5.33
2025-09-25,COGN3,3.14
2025-09-25,CPFE3,39.26
2025-09-25,CPLE3,11.86
2025-09-25,CSAN3,6.23
2025-09-25,CSMG3,33.58
2025-09-25,CSNA3,7.95
2025-09-25,CURY3,32.76
2025-09-25,CXSE3,14.33
2025-09-25,CYRE3,30.05
2025-09-25,DIRR3,15.46
2025-09-25,EGIE3,40.27
2025-09-25,ELET3,50.4
2025-09-25,EMBR3,80.0
2025-09-25,ENEV3,16.35
2025-09-25,ENGI11,50.55
2025-09-25,EQTL3,36.63
2025-09-25,FLRY3,16.05
2025-09-25,GGBR4,16.68
2025-09-25,GOAU4,9.52
2025-09-25,HAPV3,37.01
2025-09-25,HYPE3,23.05
2025-09-25,IGTI11,24.13
2025-09-25,ISAE4,23.77
2025-09-25,ITSA4,11.29
2025-09-25,ITUB4,38.48
2025-09-25,KLBN11,18.2
2025-09-25,LREN3,15.72
2025-09-25,MBRF3,19.67
2025-09-25,MGLU3,11.02
2025-09-25,MOTV3,14.67
2025-09-25,MRVE3,7.46
2025-09-25,MULT3,28.7
2025-09-25,NATU3,9.18
2025-09-25,PETR3,35.2
2025-09-25,PETR4,32.36
2025-09-25,POMO4,9.14
2025-09-25,PRIO3,39.15
2025-09-25,PSSA3,50.1
2025-09-25,RADL3,17.63
2025-09-25,RAIL3,15.13
2025-09-25,RDOR3,40.78
2025-09-25,RENT3,40.25
2025-09-25,SANB11,28.58
2025-09-25,SBSP3,129.26
2025-09-25,SMFT3,25.68
2025-09-25,SUZB3,50.24
2025-09-25,TAEE11,36.15
2025-09-25,TEND3,26.06
2025-09-25,TIMS3,22.9
2025-09-25,TOTS3,45.42
2025-09-25,UGPA3,21.4
2025-09-25,USIM5,4.42
2025-09-25,VALE3,58.21
2025-09-25,VAMO3,3.59
2025-09-25,VBBR3,24.05
2025-09-25,VIVA3,28.38
2025-09-25,VIVT3,33.05
2025-09-25,WEGE3,36.35
2025-09-25,YDUQ3,12.84
2025-09-26,ABEV3,12.46
2025-09-26,ALOS3,25.51
2025-09-26,ASAI3,9.35
2025-09-26,AURE3,10.37
2025-09-26,AZZA3,30.72
2025-09-26,B3SA3,13.22
2025-09-26,BBAS3,22.11
2025-09-26,BBDC3,15.09
2025-09-26,BBDC4,17.66
2025-09-26,BBSE3,32.45
2025-09-26,BEEF3,6.49
2025-09-26,BPAC11,48.04
2025-09-26,BRAP4,16.91
2025-09-26,BRAV3,18.34
2025-09-26,CEAB3,17.02
2025-09-26,CMIG4,11.26
2025-09-26,CMIN3,5.31
2025-09-26,COGN3,3.19
2025-09-26,CPFE3,38.9
2025-09-26,CPLE3,11.83
2025-09-26,CSAN3,6.2
2025-09-26,CSMG3,33.77
2025-09-26,CSNA3,7.99
2025-09-26,CURY3,33.3
2025-09-26,CXSE3,14.68
2025-09-26,CYRE3,30.39
2025-09-26,DIRR3,15.81
2025-09-26,EGIE3,40.15
2025-09-26,ELET3,50.69
2025-09-26,EMBR3,80.8
2025-09-26,ENEV3,16.66
2025-09-26,ENGI11,50.35
2025-09-26,EQTL3,36.73
2025-09-26,FLRY3,16.09
2025-09-26,GGBR4,16.62
2025-09-26,GOAU4,9.52
2025-09-26,HAPV3,36.59
2025-09-26,HYPE3,23.14
2025-09-26,IGTI11,24.24
2025-09-26,ISAE4,24.36
2025-09-26,ITSA4,11.38
2025-09-26,ITUB4,38.67
2025-09-26,KLBN11,18.2
2025-09-26,LREN3,15.82
2025-09-26,MBRF3,19.3
2025-09-26,MGLU3,11.19
2025-09-26,MOTV3,14.74
2025-09-26,MRVE3,7.31
2025-09-26,MULT3,28.9
2025-09-26,NATU3,9.4
2025-09-26,PETR3,34.98
2025-09-26,PETR4,32.25
2025-09-26,POMO4,9.09
2025-09-26,PRIO3,39.24
2025-09-26,PSSA3,48.86
2025-09-26,RADL3,17.79
2025-09-26,RAIL3,15.23
2025-09-26,RDOR3,41.22
2025-09-26,RENT3,40.08
2025-09-26,SANB11,29.24
2025-09-26,SBSP3,128.39
2025-09-26,SMFT3,26.28
2025-09-26,SUZB3,49.45
2025-09-26,TAEE11,36.35
2025-09-26,TEND3,26.4
2025-09-26,TIMS3,22.95
2025-09-26,TOTS3,44.99
2025-09-26,UGPA3,21.24
2025-09-26,USIM5,4.4
2025-09-26,VALE3,57.09
2025-09-26,VAMO3,3.68
2025-09-26,VBBR3,24.19
2025-09-26,VIVA3,28.5
2025-09-26,VIVT3,32.98
2025-09-26,WEGE3,36.32
2025-09-26,YDUQ3,12.88
2025-09-29,ABEV3,12.41
2025-09-29,ALOS3,25.86
2025-09-29,ASAI3,9.44
2025-09-29,AURE3,10.32
2025-09-29,AZZA3,31.05
2025-09-29,B3SA3,13.4
2025-09-29,BBAS3,22.12
2025-09-29,BBDC3,15.28
2025-09-29,BBDC4,17.84
2025-09-29,BBSE3,32.66
2025-09-29,BEEF3,6.54
2025-09-29,BPAC11,48.85
2025-09-29,BRAP4,16.97
2025-09-29,BRAV3,18.16
2025-09-29,CEAB3,16.83
2025-09-29,CMIG4,11.28
2025-09-29,CMIN3,5.52
2025-09-29,COGN3,3.28
2025-09-29,CPFE3,39.14
2025-09-29,CPLE3,12.04
2025-09-29,CSAN3,6.28
2025-09-29,CSMG3,34.22
2025-09-29,CSNA3,8.04
2025-09-29,CURY3,33.7
2025-09-29,CXSE3,14.77
2025-09-29,CYRE3,30.64
2025-09-29,DIRR3,16.05
2025-09-29,EGIE3,41.08
2025-09-29,ELET3,52.68
2025-09-29,EMBR3,79.03
2025-09-29,ENEV3,16.76
2025-09-29,ENGI11,50.83
2025-09-29,EQTL3,37.01
2025-09-29,FLRY3,16.14
2025-09-29,GGBR4,16.76
2025-09-29,GOAU4,9.62
2025-09-29,HAPV3,36.35
2025-09-29,HYPE3,22.98
2025-09-29,IGTI11,24.45
2025-09-29,ISAE4,24.95
2025-09-29,ITSA4,11.46
2025-09-29,ITUB4,38.89
2025-09-29,KLBN11,17.91
2025-09-29,LREN3,15.76
2025-09-29,MBRF3,19.41
2025-09-29,MGLU3,10.62
2025-09-29,MOTV3,15.01
2025-09-29,MRVE3,7.22
2025-09-29,MULT3,28.95
2025-09-29,NATU3,9.4
2025-09-29,PETR3,34.32
2025-09-29,PETR4,31.81
2025-09-29,POMO4,9.04
2025-09-29,PRIO3,38.91
2025-09-29,PSSA3,49.63
2025-09-29,RADL3,18.1
2025-09-29,RAIL3,15.65
2025-09-29,RDOR3,42.3
2025-09-29,RENT3,40.06
2025-09-29,SANB11,29.35
2025-09-29,SBSP3,130.47
2025-09-29,SMFT3,26.73
2025-09-29,SUZB3,49.17
2025-09-29,TAEE11,36.76
2025-09-29,TEND3,26.34
2025-09-29,TIMS3,23.11
2025-09-29,TOTS3,45.85
2025-09-29,UGPA3,21.75
2025-09-29,USIM5,4.39
2025-09-29,VALE3,57.28
2025-09-29,VAMO3,3.57
2025-09-29,VBBR3,24.65
2025-09-29,VIVA3,28.96
2025-09-29,VIVT3,33.52
2025-09-29,WEGE3,36.37
2025-09-29,YDUQ3,13.05
2025-09-30,ABEV3,12.09
2025-09-30,ALOS3,25.83
2025-09-30,ASAI3,9.51
2025-09-30,AURE3,10.27
2025-09-30,AZZA3,30.15
2025-09-30,B3SA3,13.4
2025-09-30,BBAS3,22.09
2025-09-30,BBDC3,15.23
2025-09-30,BBDC4,17.69
2025-09-30,BBSE3,33.26
2025-09-30,BEEF3,6.75
2025-09-30,BPAC11,48.26
2025-09-30,BRAP4,16.93
2025-09-30,BRAV3,17.98
2025-09-30,CEAB3,16.39
2025-09-30,CMIG4,11.15
2025-09-30,CMIN3,5.53
2025-09-30,COGN3,3.34
2025-09-30,CPFE3,39.4
2025-09-30,CPLE3,12.08
2025-09-30,CSAN3,6.17
2025-09-30,CSMG3,34.49
2025-09-30,CSNA3,7.9
2025-09-30,CURY3,34.57
2025-09-30,CXSE3,15.11
2025-09-30,CYRE3,30.7
2025-09-30,DIRR3,16.17
2025-09-30,EGIE3,40.7
2025-09-30,ELET3,52.52
2025-09-30,EMBR3,80.29
2025-09-30,ENEV3,16.55
2025-09-30,ENGI11,50.86
2025-09-30,EQTL3,36.95
2025-09-30,FLRY3,16.14
2025-09-30,GGBR4,16.61
2025-09-30,GOAU4,9.52
2025-09-30,HAPV3,35.85
2025-09-30,HYPE3,22.73
2025-09-30,IGTI11,24.48
2025-09-30,ISAE4,24.67
2025-09-30,ITSA4,11.47
2025-09-30,ITUB4,39.07
2025-09-30,KLBN11,18.04
2025-09-30,LREN3,15.13
2025-09-30,MBRF3,19.42
2025-09-30,MGLU3,9.6
2025-09-30,MOTV3,14.88
2025-09-30,MRVE3,7.45
2025-09-30,MULT3,29.08
2025-09-30,NATU3,9.35
2025-09-30,PETR3,33.78
2025-09-30,PETR4,31.46
2025-09-30,POMO4,8.91
2025-09-30,PRIO3,38.13
2025-09-30,PSSA3,49.86
2025-09-30,RADL3,18.42
2025-09-30,RAIL3,15.97
2025-09-30,RDOR3,42.08
2025-09-30,RENT3,39.45
2025-09-30,SANB11,29.4
2025-09-30,SBSP3,132.17
2025-09-30,SMFT3,26.68
2025-09-30,SUZB3,49.9
2025-09-30,TAEE11,36.66
2025-09-30,TEND3,26.09
2025-09-30,TIMS3,23.5
2025-09-30,TOTS3,45.93
2025-09-30,UGPA3,21.97
2025-09-30,USIM5,4.23
2025-09-30,VALE3,57.58
2025-09-30,VAMO3,3.45
2025-09-30,VBBR3,24.59
2025-09-30,VIVA3,28.56
2025-09-30,VIVT3,34.07
2025-09-30,WEGE3,36.59
2025-09-30,YDUQ3,12.92
2025-10-01,ABEV3,11.99
2025-10-01,ALOS3,25.61
2025-10-01,ASAI3,9.42
2025-10-01,AURE3,10.08
2025-10-01,AZZA3,29.55
2025-10-01,B3SA3,13.09
2025-10-01,BBAS3,21.93
2025-10-01,BBDC3,14.93
2025-10-01,BBDC4,17.39
2025-10-01,BBSE3,33.41
2025-10-01,BEEF3,6.78
2025-10-01,BPAC11,47.82
2025-10-01,BRAP4,17.02
2025-10-01,BRAV3,18.07
2025-10-01,CEAB3,16.3
2025-10-01,CMIG4,10.8
2025-10-01,CMIN3,5.61
2025-10-01,COGN3,3.31
2025-10-01,CPFE3,38.82
2025-10-01,CPLE3,12.1
2025-10-01,CSAN3,6.16
2025-10-01,CSMG3,34.3
2025-10-01,CSNA3,8.21
2025-10-01,CURY3,33.81
2025-10-01,CXSE3,15.17
2025-10-01,CYRE3,30.74
2025-10-01,DIRR3,16.17
2025-10-01,EGIE3,41.03
2025-10-01,ELET3,52.82
2025-10-01,EMBR3,80.39
2025-10-01,ENEV3,16.79
2025-10-01,ENGI11,50.55
2025-10-01,EQTL3,36.72
2025-10-01,FLRY3,15.96
2025-10-01,GGBR4,16.96
2025-10-01,GOAU4,9.75
2025-10-01,HAPV3,35.48
2025-10-01,HYPE3,23.05
2025-10-01,IGTI11,24.28
2025-10-01,ISAE4,24.92
2025-10-01,ITSA4,11.3
2025-10-01,ITUB4,38.35
2025-10-01,KLBN11,18.24
2025-10-01,LREN3,15.15
2025-10-01,MBRF3,19.42
2025-10-01,MGLU3,9.6
2025-10-01,MOTV3,14.78
2025-10-01,MRVE3,7.4
2025-10-01,MULT3,28.85
2025-10-01,NATU3,9.19
2025-10-01,PETR3,33.74
2025-10-01,PETR4,31.38
2025-10-01,POMO4,8.64
2025-10-01,PRIO3,38.39
2025-10-01,PSSA3,49.1
2025-10-01,RADL3,18.24
2025-10-01,RAIL3,15.74
2025-10-01,RDOR3,41.54
2025-10-01,RENT3,39.98
2025-10-01,SANB11,28.95
2025-10-01,SBSP3,131.15
2025-10-01,SMFT3,26.24
2025-10-01,SUZB3,49.89
2025-10-01,TAEE11,36.93
2025-10-01,TEND3,26.05
2025-10-01,TIMS3,23.35
2025-10-01,TOTS3,44.82
2025-10-01,UGPA3,21.21
2025-10-01,USIM5,4.39
2025-10-01,VALE3,58.31
2025-10-01,VAMO3,3.31
2025-10-01,VBBR3,24.16
2025-10-01,VIVA3,29.04
2025-10-01,VIVT3,33.88
2025-10-01,WEGE3,35.79
2025-10-01,YDUQ3,12.74
2025-10-02,ABEV3,11.93
2025-10-02,ALOS3,25.22
2025-10-02,ASAI3,9.26
2025-10-02,AURE3,10.09
2025-10-02,AZZA3,28.03
2025-10-02,B3SA3,12.84
2025-10-02,BBAS3,21.76
2025-10-02,BBDC3,14.71
2025-10-02,BBDC4,17.09
2025-10-02,BBSE3,33.08
2025-10-02,BEEF3,6.77
2025-10-02,BPAC11,47.24
2025-10-02,BRAP4,17.16
2025-10-02,BRAV3,17.72
2025-10-02,CEAB3,15.8
2025-10-02,CMIG4,10.81
2025-10-02,CMIN3,5.54
2025-10-02,COGN3,3.16
2025-10-02,CPFE3,38.28
2025-10-02,CPLE3,11.84
2025-10-02,CSAN3,5.97
2025-10-02,CSMG3,33.94
2025-10-02,CSNA3,8.16
2025-10-02,CURY3,33.0
2025-10-02,CXSE3,14.98
2025-10-02,CYRE3,30.41
2025-10-02,DIRR3,15.86
2025-10-02,EGIE3,40.58
2025-10-02,ELET3,52.4
2025-10-02,EMBR3,75.71
2025-10-02,ENEV3,16.53
2025-10-02,ENGI11,49.9
2025-10-02,EQTL3,36.25
2025-10-02,FLRY3,16.0
2025-10-02,GGBR4,17.17
2025-10-02,GOAU4,9.85
2025-10-02,HAPV3,35.55
2025-10-02,HYPE3,22.94
2025-10-02,IGTI11,23.89
2025-10-02,ISAE4,24.77
2025-10-02,ITSA4,11.16
2025-10-02,ITUB4,37.93
2025-10-02,KLBN11,18.11
2025-10-02,LREN3,14.8
2025-10-02,MBRF3,18.87
2025-10-02,MGLU3,9.16
2025-10-02,MOTV3,14.39
2025-10-02,MRVE3,7.21
2025-10-02,MULT3,28.3
2025-10-02,NATU3,9.02
2025-10-02,PETR3,33.32
2025-10-02,PETR4,31.08
2025-10-02,POMO4,8.78
2025-10-02,PRIO3,38.3
2025-10-02,PSSA3,48.86
2025-10-02,RADL3,18.02
2025-10-02,RAIL3,15.9
2025-10-02,RDOR3,41.54
2025-10-02,RENT3,38.78
2025-10-02,SANB11,28.89
2025-10-02,SBSP3,127.27
2025-10-02,SMFT3,25.34
2025-10-02,SUZB3,50.1
2025-10-02,TAEE11,36.5
2025-10-02,TEND3,25.55
2025-10-02,TIMS3,23.21
2025-10-02,TOTS3,43.87
2025-10-02,UGPA3,21.2
2025-10-02,USIM5,4.37
2025-10-02,VALE3,58.7
2025-10-02,VAMO3,3.27
2025-10-02,VBBR3,23.83
2025-10-02,VIVA3,28.34
2025-10-02,VIVT3,33.27
2025-10-02,WEGE3,36.13
2025-10-02,YDUQ3,12.35
2025-10-03,ABEV3,11.87
2025-10-03,ALOS3,25.2
2025-10-03,ASAI3,9.06
2025-10-03,AURE3,10.37
2025-10-03,AZZA3,27.29
2025-10-03,B3SA3,12.75
2025-10-03,BBAS3,21.58
2025-10-03,BBDC3,14.71
2025-10-03,BBDC4,17.1
2025-10-03,BBSE3,32.82
2025-10-03,BEEF3,6.75
2025-10-03,BPAC11,47.8
2025-10-03,BRAP4,17.16
2025-10-03,BRAV3,17.69
2025-10-03,CEAB3,15.84
2025-10-03,CMIG4,10.84
2025-10-03,CMIN3,5.58
2025-10-03,COGN3,3.21
2025-10-03,CPFE3,38.48
2025-10-03,CPLE3,11.85
2025-10-03,CSAN3,6.1
2025-10-03,CSMG3,34.0
2025-10-03,CSNA3,8.2
2025-10-03,CURY3,33.38
2025-10-03,CXSE3,15.07
2025-10-03,CYRE3,30.5
2025-10-03,DIRR3,15.98
2025-10-03,EGIE3,40.3
2025-10-03,ELET3,52.39
2025-10-03,EMBR3,76.7
2025-10-03,ENEV3,16.59
2025-10-03,ENGI11,50.0
2025-10-03,EQTL3,36.25
2025-10-03,FLRY3,16.0
2025-10-03,GGBR4,17.5
2025-10-03,GOAU4,10.01
2025-10-03,HAPV3,35.86
2025-10-03,HYPE3,22.67
2025-10-03,IGTI11,23.98
2025-10-03,ISAE4,24.53
2025-10-03,ITSA4,11.22
2025-10-03,ITUB4,38.21
2025-10-03,KLBN11,18.25
2025-10-03,LREN3,14.7
2025-10-03,MBRF3,18.2
2025-10-03,MGLU3,9.15
2025-10-03,MOTV3,14.5
2025-10-03,MRVE3,7.26
2025-10-03,MULT3,28.44
2025-10-03,NATU3,8.92
2025-10-03,PETR3,33.07
2025-10-03,PETR4,31.0
2025-10-03,POMO4,8.88
2025-10-03,PRIO3,38.24
2025-10-03,PSSA3,48.01
2025-10-03,RADL3,18.83
2025-10-03,RAIL3,15.9
2025-10-03,RDOR3,41.6
2025-10-03,RENT3,39.0
2025-10-03,SANB11,28.83
2025-10-03,SBSP3,127.58
2025-10-03,SMFT3,25.56
2025-10-03,SUZB3,50.7
2025-10-03,TAEE11,36.7
2025-10-03,TEND3,25.67
2025-10-03,TIMS3,23.47
2025-10-03,TOTS3,44.68
2025-10-03,UGPA3,20.97
2025-10-03,USIM5,4.43
2025-10-03,VALE3,58.59
2025-10-03,VAMO3,3.24
2025-10-03,VBBR3,23.95
2025-10-03,VIVA3,29.04
2025-10-03,VIVT3,33.31
2025-10-03,WEGE3,36.4
2025-10-03,YDUQ3,12.59
2025-10-06,ABEV3,11.85
2025-10-06,ALOS3,24.74
2025-10-06,ASAI3,8.98
2025-10-06,AURE3,10.42
2025-10-06,AZZA3,26.54
2025-10-06,B3SA3,12.64
2025-10-06,BBAS3,21.41
2025-10-06,BBDC3,14.59
2025-10-06,BBDC4,17.0
2025-10-06,BBSE3,32.8
2025-10-06,BEEF3,6.61
2025-10-06,BPAC11,47.63
2025-10-06,BRAP4,17.38
2025-10-06,BRAV3,17.59
2025-10-06,CEAB3,15.42
2025-10-06,CMIG4,10.84
2025-10-06,CMIN3,5.77
2025-10-06,COGN3,3.17
2025-10-06,CPFE3,38.54
2025-10-06,CPLE3,11.72
2025-10-06,CSAN3,6.04
2025-10-06,CSMG3,33.76
2025-10-06,CSNA3,8.73
2025-10-06,CURY3,32.79
2025-10-06,CXSE3,15.16
2025-10-06,CYRE3,30.0
2025-10-06,DIRR3,15.76
2025-10-06,EGIE3,39.95
2025-10-06,ELET3,52.44
2025-10-06,EMBR3,77.91
2025-10-06,ENEV3,16.43
2025-10-06,ENGI11,49.63
2025-10-06,EQTL3,36.11
2025-10-06,FLRY3,15.92
2025-10-06,GGBR4,17.45
2025-10-06,GOAU4,10.05
2025-10-06,HAPV3,36.0
2025-10-06,HYPE3,22.47
2025-10-06,IGTI11,23.45
2025-10-06,ISAE4,24.52
2025-10-06,ITSA4,11.17
2025-10-06,ITUB4,37.77
2025-10-06,KLBN11,17.78
2025-10-06,LREN3,14.39
2025-10-06,MBRF3,17.88
2025-10-06,MGLU3,8.96
2025-10-06,MOTV3,14.28
2025-10-06,MRVE3,7.18
2025-10-06,MULT3,27.92
2025-10-06,NATU3,8.59
2025-10-06,PETR3,32.88
2025-10-06,PETR4,30.72
2025-10-06,POMO4,8.74
2025-10-06,PRIO3,37.91
2025-10-06,PSSA3,47.01
2025-10-06,RADL3,18.72
2025-10-06,RAIL3,15.75
2025-10-06,RDOR3,41.63
2025-10-06,RENT3,38.22
2025-10-06,SANB11,28.59
2025-10-06,SBSP3,127.34
2025-10-06,SMFT3,25.26
2025-10-06,SUZB3,49.5
2025-10-06,TAEE11,36.37
2025-10-06,TEND3,24.96
2025-10-06,TIMS3,23.45
2025-10-06,TOTS3,44.13
2025-10-06,UGPA3,20.78
2025-10-06,USIM5,4.58
2025-10-06,VALE3,59.59
2025-10-06,VAMO3,3.21
2025-10-06,VBBR3,23.5
2025-10-06,VIVA3,28.45
2025-10-06,VIVT3,33.03
2025-10-06,WEGE3,35.68
2025-10-06,YDUQ3,12.61
2025-10-07,ABEV3,11.71
2025-10-07,ALOS3,24.32
2025-10-07,ASAI3,8.73
2025-10-07,AURE3,10.14
2025-10-07,AZZA3,25.03
2025-10-07,B3SA3,12.24
2025-10-07,BBAS3,21.21
2025-10-07,BBDC3,14.33
2025-10-07,BBDC4,16.72
2025-10-07,BBSE3,33.06
2025-10-07,BEEF3,6.69
2025-10-07,BPAC11,46.04
2025-10-07,BRAP4,17.15
2025-10-07,BRAV3,17.43
2025-10-07,CEAB3,15.12
2025-10-07,CMIG4,10.67
2025-10-07,CMIN3,5.69
2025-10-07,COGN3,3.05
2025-10-07,CPFE3,37.9
2025-10-07,CPLE3,11.53
2025-10-07,CSAN3,5.81
2025-10-07,CSMG3,33.57
2025-10-07,CSNA3,8.4
2025-10-07,CURY3,31.51
2025-10-07,CXSE3,15.15
2025-10-07,CYRE3,29.22
2025-10-07,DIRR3,15.17
2025-10-07,EGIE3,40.15
2025-10-07,ELET3,51.59
2025-10-07,EMBR3,77.03
2025-10-07,ENEV3,16.08
2025-10-07,ENGI11,48.45
2025-10-07,EQTL3,35.22
2025-10-07,FLRY3,15.75
2025-10-07,GGBR4,17.19
2025-10-07,GOAU4,9.85
2025-10-07,HAPV3,35.33
2025-10-07,HYPE3,22.09
2025-10-07,IGTI11,23.26
2025-10-07,ISAE4,23.96
2025-10-07,ITSA4,10.95
2025-10-07,ITUB4,37.17
2025-10-07,KLBN11,17.6
2025-10-07,LREN3,13.57
2025-10-07,MBRF3,17.51
2025-10-07,MGLU3,8.98
2025-10-07,MOTV3,13.78
2025-10-07,MRVE3,6.31
2025-10-07,MULT3,27.54
2025-10-07,NATU3,8.13
2025-10-07,PETR3,32.92
2025-10-07,PETR4,30.83
2025-10-07,POMO4,8.51
2025-10-07,PRIO3,37.73
2025-10-07,PSSA3,46.1
2025-10-07,RADL3,18.48
2025-10-07,RAIL3,15.7
2025-10-07,RDOR3,40.87
2025-10-07,RENT3,36.81
2025-10-07,SANB11,28.0
2025-10-07,SBSP3,124.81
2025-10-07,SMFT3,24.6
2025-10-07,SUZB3,48.89
2025-10-07,TAEE11,36.0
2025-10-07,TEND3,23.91
2025-10-07,TIMS3,22.85
2025-10-07,TOTS3,43.42
2025-10-07,UGPA3,20.56
2025-10-07,USIM5,4.42
2025-10-07,VALE3,58.75
2025-10-07,VAMO3,3.0
2025-10-07,VBBR3,23.05
2025-10-07,VIVA3,27.17
2025-10-07,VIVT3,32.29
2025-10-07,WEGE3,35.73
2025-10-07,YDUQ3,11.99
2025-10-08,ABEV3,11.88
2025-10-08,ALOS3,24.42
2025-10-08,ASAI3,8.65
2025-10-08,AURE3,10.37
2025-10-08,AZZA3,25.25
2025-10-08,B3SA3,12.66
2025-10-08,BBAS3,21.12
2025-10-08,BBDC3,14.54
2025-10-08,BBDC4,16.99
2025-10-08,BBSE3,32.76
2025-10-08,BEEF3,6.57
2025-10-08,BPAC11,47.44
2025-10-08,BRAP4,17.14
2025-10-08,BRAV3,16.89
2025-10-08,CEAB3,15.38
2025-10-08,CMIG4,10.68
2025-10-08,CMIN3,5.68
2025-10-08,COGN3,3.09
2025-10-08,CPFE3,37.88
2025-10-08,CPLE3,11.5
2025-10-08,CSAN3,5.93
2025-10-08,CSMG3,33.21
2025-10-08,CSNA3,8.46
2025-10-08,CURY3,31.31
2025-10-08,CXSE3,14.97
2025-10-08,CYRE3,29.87
2025-10-08,DIRR3,15.27
2025-10-08,EGIE3,39.82
2025-10-08,ELET3,52.17
2025-10-08,EMBR3,77.74
2025-10-08,ENEV3,16.47
2025-10-08,ENGI11,48.28
2025-10-08,EQTL3,35.29
2025-10-08,FLRY3,15.61
2025-10-08,GGBR4,17.53
2025-10-08,GOAU4,10.08
2025-10-08,HAPV3,36.13
2025-10-08,HYPE3,20.98
2025-10-08,IGTI11,23.35
2025-10-08,ISAE4,24.01
2025-10-08,ITSA4,11.03
2025-10-08,ITUB4,37.24
2025-10-08,KLBN11,17.51
2025-10-08,LREN3,13.81
2025-10-08,MBRF3,17.56
2025-10-08,MGLU3,9.09
2025-10-08,MOTV3,13.97
2025-10-08,MRVE3,6.35
2025-10-08,MULT3,27.53
2025-10-08,NATU3,8.29
2025-10-08,PETR3,32.59
2025-10-08,PETR4,30.65
2025-10-08,POMO4,8.58
2025-10-08,PRIO3,37.64
2025-10-08,PSSA3,45.58
2025-10-08,RADL3,19.01
2025-10-08,RAIL3,15.73
2025-10-08,RDOR3,40.99
2025-10-08,RENT3,36.77
2025-10-08,SANB11,27.94
2025-10-08,SBSP3,123.86
2025-10-08,SMFT3,24.82
2025-10-08,SUZB3,47.83
2025-10-08,TAEE11,36.21
2025-10-08,TEND3,24.41
2025-10-08,TIMS3,22.8
2025-10-08,TOTS3,43.54
2025-10-08,UGPA3,21.7
2025-10-08,USIM5,4.42
2025-10-08,VALE3,59.2
2025-10-08,VAMO3,2.97
2025-10-08,VBBR3,23.56
2025-10-08,VIVA3,27.4
2025-10-08,VIVT3,32.4
2025-10-08,WEGE3,35.5
2025-10-08,YDUQ3,11.91
2025-10-09,ABEV3,11.72
2025-10-09,ALOS3,24.23
2025-10-09,ASAI3,8.37
2025-10-09,AURE3,10.73
2025-10-09,AZZA3,25.11
2025-10-09,B3SA3,12.79
2025-10-09,BBAS3,21.19
2025-10-09,BBDC3,14.59
2025-10-09,BBDC4,17.08
2025-10-09,BBSE3,32.76
2025-10-09,BEEF3,6.46
2025-10-09,BPAC11,47.41
2025-10-09,BRAP4,17.06
2025-10-09,BRAV3,16.03
2025-10-09,CEAB3,15.2
2025-10-09,CMIG4,10.55
2025-10-09,CMIN3,5.72
2025-10-09,COGN3,3.05
2025-10-09,CPFE3,37.88
2025-10-09,CPLE3,11.58
2025-10-09,CSAN3,5.89
2025-10-09,CSMG3,33.37
2025-10-09,CSNA3,8.42
2025-10-09,CURY3,30.91
2025-10-09,CXSE3,14.93
2025-10-09,CYRE3,29.2
2025-10-09,DIRR3,14.93
2025-10-09,EGIE3,39.87
2025-10-09,ELET3,52.01
2025-10-09,EMBR3,77.37
2025-10-09,ENEV3,16.51
2025-10-09,ENGI11,48.31
2025-10-09,EQTL3,35.33
2025-10-09,FLRY3,15.48
2025-10-09,GGBR4,17.57
2025-10-09,GOAU4,10.1
2025-10-09,HAPV3,35.87
2025-10-09,HYPE3,20.87
2025-10-09,IGTI11,23.25
2025-10-09,ISAE4,23.92
2025-10-09,ITSA4,10.98
2025-10-09,ITUB4,37.18
2025-10-09,KLBN11,17.52
2025-10-09,LREN3,13.84
2025-10-09,MBRF3,16.81
2025-10-09,MGLU3,8.97
2025-10-09,MOTV3,14.0
2025-10-09,MRVE3,6.25
2025-10-09,MULT3,27.37
2025-10-09,NATU3,8.43
2025-10-09,PETR3,32.15
2025-10-09,PETR4,30.21
2025-10-09,POMO4,8.52
2025-10-09,PRIO3,37.28
2025-10-09,PSSA3,46.37
2025-10-09,RADL3,18.89
2025-10-09,RAIL3,15.49
2025-10-09,RDOR3,39.79
2025-10-09,RENT3,36.71
2025-10-09,SANB11,28.31
2025-10-09,SBSP3,123.32
2025-10-09,SMFT3,24.54
2025-10-09,SUZB3,47.69
2025-10-09,TAEE11,35.88
2025-10-09,TEND3,23.31
2025-10-09,TIMS3,22.78
2025-10-09,TOTS3,42.58
2025-10-09,UGPA3,21.69
2025-10-09,USIM5,4.39
2025-10-09,VALE3,59.11
2025-10-09,VAMO3,3.01
2025-10-09,VBBR3,23.64
2025-10-09,VIVA3,27.13
2025-10-09,VIVT3,32.34
2025-10-09,WEGE3,37.2
2025-10-09,YDUQ3,11.67
2025-10-10,ABEV3,11.81
2025-10-10,ALOS3,23.99
2025-10-10,ASAI3,8.22
2025-10-10,AURE3,10.65
2025-10-10,AZZA3,24.85
2025-10-10,B3SA3,12.6
2025-10-10,BBAS3,20.61
2025-10-10,BBDC3,14.38
2025-10-10,BBDC4,16.85
2025-10-10,BBSE3,32.6
2025-10-10,BEEF3,6.53
2025-10-10,BPAC11,47.14
2025-10-10,BRAP4,17.1
2025-10-10,BRAV3,15.63
2025-10-10,CEAB3,15.14
2025-10-10,CMIG4,10.57
2025-10-10,CMIN3,5.51
2025-10-10,COGN3,3.02
2025-10-10,CPFE3,37.89
2025-10-10,CPLE3,11.56
2025-10-10,CSAN3,5.87
2025-10-10,CSMG3,33.57
2025-10-10,CSNA3,7.91
2025-10-10,CURY3,30.65
2025-10-10,CXSE3,14.92
2025-10-10,CYRE3,29.02
2025-10-10,DIRR3,14.66
2025-10-10,EGIE3,40.45
2025-10-10,ELET3,51.95
2025-10-10,EMBR3,77.2
2025-10-10,ENEV3,16.42
2025-10-10,ENGI11,47.92
2025-10-10,EQTL3,35.25
2025-10-10,FLRY3,15.43
2025-10-10,GGBR4,17.35
2025-10-10,GOAU4,10.04
2025-10-10,HAPV3,33.71
2025-10-10,HYPE3,21.05
2025-10-10,IGTI11,23.04
2025-10-10,ISAE4,23.89
2025-10-10,ITSA4,10.95
2025-10-10,ITUB4,37.14
2025-10-10,KLBN11,17.37
2025-10-10,LREN3,13.98
2025-10-10,MBRF3,16.58
2025-10-10,MGLU3,8.81
2025-10-10,MOTV3,13.94
2025-10-10,MRVE3,6.26
2025-10-10,MULT3,27.1
2025-10-10,NATU3,8.4
2025-10-10,PETR3,31.91
2025-10-10,PETR4,29.94
2025-10-10,POMO4,8.44
2025-10-10,PRIO3,36.02
2025-10-10,PSSA3,46.34
2025-10-10,RADL3,18.67
2025-10-10,RAIL3,15.53
2025-10-10,RDOR3,39.79
2025-10-10,RENT3,35.8
2025-10-10,SANB11,27.7
2025-10-10,SBSP3,122.21
2025-10-10,SMFT3,24.35
2025-10-10,SUZB3,48.19
2025-10-10,TAEE11,35.83
2025-10-10,TEND3,23.72
2025-10-10,TIMS3,22.5
2025-10-10,TOTS3,42.92
2025-10-10,UGPA3,21.25
2025-10-10,USIM5,4.25
2025-10-10,VALE3,58.87
2025-10-10,VAMO3,2.95
2025-10-10,VBBR3,23.48
2025-10-10,VIVA3,27.08
2025-10-10,VIVT3,32.36
2025-10-10,WEGE3,36.69
2025-10-10,YDUQ3,11.55
2025-10-13,ABEV3,11.86
2025-10-13,ALOS3,24.06
2025-10-13,ASAI3,8.05
2025-10-13,AURE3,10.74
2025-10-13,AZZA3,24.66
2025-10-13,B3SA3,12.71
2025-10-13,BBAS3,20.88
2025-10-13,BBDC3,14.45
2025-10-13,BBDC4,16.92
2025-10-13,BBSE3,32.45
2025-10-13,BEEF3,6.46
2025-10-13,BPAC11,47.31
2025-10-13,BRAP4,17.31
2025-10-13,BRAV3,16.19
2025-10-13,CEAB3,15.53
2025-10-13,CMIG4,10.68
2025-10-13,CMIN3,5.64
2025-10-13,COGN3,3.02
2025-10-13,CPFE3,38.36
2025-10-13,CPLE3,11.69
2025-10-13,CSAN3,5.87
2025-10-13,CSMG3,33.71
2025-10-13,CSNA3,8.41
2025-10-13,CURY3,30.75
2025-10-13,CXSE3,14.91
2025-10-13,CYRE3,28.97
2025-10-13,DIRR3,14.7
2025-10-13,EGIE3,41.5
2025-10-13,ELET3,52.03
2025-10-13,EMBR3,78.8
2025-10-13,ENEV3,16.48
2025-10-13,ENGI11,48.2
2025-10-13,EQTL3,35.39
2025-10-13,FLRY3,15.45
2025-10-13,GGBR4,17.72
2025-10-13,GOAU4,10.25
2025-10-13,HAPV3,33.76
2025-10-13,HYPE3,21.42
2025-10-13,IGTI11,23.05
2025-10-13,ISAE4,23.99
2025-10-13,ITSA4,11.0
2025-10-13,ITUB4,37.29
2025-10-13,KLBN11,17.52
2025-10-13,LREN3,14.14
2025-10-13,MBRF3,15.89
2025-10-13,MGLU3,8.6
2025-10-13,MOTV3,14.0
2025-10-13,MRVE3,6.22
2025-10-13,MULT3,27.15
2025-10-13,NATU3,8.47
2025-10-13,PETR3,32.21
2025-10-13,PETR4,30.23
2025-10-13,POMO4,8.54
2025-10-13,PRIO3,36.3
2025-10-13,PSSA3,46.67
2025-10-13,RADL3,18.65
2025-10-13,RAIL3,15.47
2025-10-13,RDOR3,39.75
2025-10-13,RENT3,36.14
2025-10-13,SANB11,27.74
2025-10-13,SBSP3,123.53
2025-10-13,SMFT3,24.56
2025-10-13,SUZB3,48.21
2025-10-13,TAEE11,36.02
2025-10-13,TEND3,23.55
2025-10-13,TIMS3,22.57
2025-10-13,TOTS3,42.8
2025-10-13,UGPA3,21.41
2025-10-13,USIM5,4.52
2025-10-13,VALE3,59.75
2025-10-13,VAMO3,2.93
2025-10-13,VBBR3,23.64
2025-10-13,VIVA3,27.0
2025-10-13,VIVT3,32.27
2025-10-13,WEGE3,37.84
2025-10-13,YDUQ3,11.57
2025-10-14,ABEV3,12.05
2025-10-14,ALOS3,23.79
2025-10-14,ASAI3,8.19
2025-10-14,AURE3,10.46
2025-10-14,AZZA3,25.0
2025-10-14,B3SA3,12.55
2025-10-14,BBAS3,20.7
2025-10-14,BBDC3,14.6
2025-10-14,BBDC4,17.16
2025-10-14,BBSE3,32.48
2025-10-14,BEEF3,6.62
2025-10-14,BPAC11,46.4
2025-10-14,BRAP4,17.22
2025-10-14,BRAV3,15.64
2025-10-14,CEAB3,15.75
2025-10-14,CMIG4,10.72
2025-10-14,CMIN3,5.67
2025-10-14,COGN3,2.9
2025-10-14,CPFE3,38.81
2025-10-14,CPLE3,11.69
2025-10-14,CSAN3,5.88
2025-10-14,CSMG3,34.06
2025-10-14,CSNA3,8.45
2025-10-14,CURY3,30.85
2025-10-14,CXSE3,14.9
2025-10-14,CYRE3,28.82
2025-10-14,DIRR3,14.68
2025-10-14,EGIE3,40.05
2025-10-14,ELET3,51.84
2025-10-14,EMBR3,82.65
2025-10-14,ENEV3,16.31
2025-10-14,ENGI11,48.04
2025-10-14,EQTL3,35.26
2025-10-14,FLRY3,15.35
2025-10-14,GGBR4,17.71
2025-10-14,GOAU4,10.24
2025-10-14,HAPV3,32.96
2025-10-14,HYPE3,21.38
2025-10-14,IGTI11,22.88
2025-10-14,ISAE4,23.95
2025-10-14,ITSA4,11.01
2025-10-14,ITUB4,37.45
2025-10-14,KLBN11,17.45
2025-10-14,LREN3,14.32
2025-10-14,MBRF3,15.3
2025-10-14,MGLU3,8.78
2025-10-14,MOTV3,13.91
2025-10-14,MRVE3,6.24
2025-10-14,MULT3,27.04
2025-10-14,NATU3,8.24
2025-10-14,PETR3,32.19
2025-10-14,PETR4,30.02
2025-10-14,POMO4,8.47
2025-10-14,PRIO3,35.32
2025-10-14,PSSA3,46.61
2025-10-14,RADL3,18.74
2025-10-14,RAIL3,15.37
2025-10-14,RDOR3,40.21
2025-10-14,RENT3,35.87
2025-10-14,SANB11,27.45
2025-10-14,SBSP3,124.83
2025-10-14,SMFT3,24.66
2025-10-14,SUZB3,47.99
2025-10-14,TAEE11,35.85
2025-10-14,TEND3,23.16
2025-10-14,TIMS3,22.65
2025-10-14,TOTS3,42.63
2025-10-14,UGPA3,21.1
2025-10-14,USIM5,4.65
2025-10-14,VALE3,59.75
2025-10-14,VAMO3,2.9
2025-10-14,VBBR3,23.52
2025-10-14,VIVA3,27.01
2025-10-14,VIVT3,32.29
2025-10-14,WEGE3,37.33
2025-10-14,YDUQ3,11.52
2025-10-15,ABEV3,11.99
2025-10-15,ALOS3,24.19
2025-10-15,ASAI3,8.68
2025-10-15,AURE3,10.55
2025-10-15,AZZA3,25.07
2025-10-15,B3SA3,12.64
2025-10-15,BBAS3,20.32
2025-10-15,BBDC3,14.79
2025-10-15,BBDC4,17.36
2025-10-15,BBSE3,32.01
2025-10-15,BEEF3,6.74
2025-10-15,BPAC11,47.43
2025-10-15,BRAP4,17.31
2025-10-15,BRAV3,15.29
2025-10-15,CEAB3,16.33
2025-10-15,CMIG4,10.72
2025-10-15,CMIN3,5.65
2025-10-15,COGN3,3.01
2025-10-15,CPFE3,38.96
2025-10-15,CPLE3,11.72
2025-10-15,CSAN3,5.97
2025-10-15,CSMG3,35.97
2025-10-15,CSNA3,8.52
2025-10-15,CURY3,31.4
2025-10-15,CXSE3,14.64
2025-10-15,CYRE3,29.03
2025-10-15,DIRR3,14.91
2025-10-15,EGIE3,39.82
2025-10-15,ELET3,53.05
2025-10-15,EMBR3,80.63
2025-10-15,ENEV3,16.52
2025-10-15,ENGI11,48.9
2025-10-15,EQTL3,35.69
2025-10-15,FLRY3,15.48
2025-10-15,GGBR4,17.92
2025-10-15,GOAU4,10.4
2025-10-15,HAPV3,33.4
2025-10-15,HYPE3,21.49
2025-10-15,IGTI11,23.16
2025-10-15,ISAE4,24.06
2025-10-15,ITSA4,11.01
2025-10-15,ITUB4,37.45
2025-10-15,KLBN11,17.5
2025-10-15,LREN3,14.25
2025-10-15,MBRF3,15.33
2025-10-15,MGLU3,8.91
2025-10-15,MOTV3,14.12
2025-10-15,MRVE3,6.54
2025-10-15,MULT3,27.33
2025-10-15,NATU3,8.23
2025-10-15,PETR3,31.74
2025-10-15,PETR4,29.75
2025-10-15,POMO4,8.48
2025-10-15,PRIO3,34.6
2025-10-15,PSSA3,46.68
2025-10-15,RADL3,19.59
2025-10-15,RAIL3,15.58
2025-10-15,RDOR3,40.52
2025-10-15,RENT3,36.79
2025-10-15,SANB11,27.93
2025-10-15,SBSP3,126.61
2025-10-15,SMFT3,25.45
2025-10-15,SUZB3,47.63
2025-10-15,TAEE11,36.33
2025-10-15,TEND3,23.73
2025-10-15,TIMS3,23.11
2025-10-15,TOTS3,42.31
2025-10-15,UGPA3,21.35
2025-10-15,USIM5,4.75
2025-10-15,VALE3,60.86
2025-10-15,VAMO3,2.98
2025-10-15,VBBR3,23.85
2025-10-15,VIVA3,27.8
2025-10-15,VIVT3,32.54
2025-10-15,WEGE3,37.42
2025-10-15,YDUQ3,11.94
2025-10-16,ABEV3,12.15
2025-10-16,ALOS3,23.94
2025-10-16,ASAI3,8.37
2025-10-16,AURE3,10.76
2025-10-16,AZZA3,24.49
2025-10-16,B3SA3,12.6
2025-10-16,BBAS3,20.37
2025-10-16,BBDC3,14.9
2025-10-16,BBDC4,17.56
2025-10-16,BBSE3,31.81
2025-10-16,BEEF3,6.74
2025-10-16,BPAC11,45.77
2025-10-16,BRAP4,17.24
2025-10-16,BRAV3,14.83
2025-10-16,CEAB3,16.3
2025-10-16,CMIG4,10.73
2025-10-16,CMIN3,5.59
2025-10-16,COGN3,3.06
2025-10-16,CPFE3,39.12
2025-10-16,CPLE3,11.98
2025-10-16,CSAN3,5.7
2025-10-16,CSMG3,35.69
2025-10-16,CSNA3,8.3
2025-10-16,CURY3,31.2
2025-10-16,CXSE3,14.71
2025-10-16,CYRE3,28.83
2025-10-16,DIRR3,14.85
2025-10-16,EGIE3,40.26
2025-10-16,ELET3,53.29
2025-10-16,EMBR3,80.7
2025-10-16,ENEV3,16.67
2025-10-16,ENGI11,48.92
2025-10-16,EQTL3,35.88
2025-10-16,FLRY3,15.36
2025-10-16,GGBR4,17.67
2025-10-16,GOAU4,10.22
2025-10-16,HAPV3,32.62
2025-10-16,HYPE3,21.5
2025-10-16,IGTI11,23.11
2025-10-16,ISAE4,24.15
2025-10-16,ITSA4,10.98
2025-10-16,ITUB4,37.36
2025-10-16,KLBN11,17.66
2025-10-16,LREN3,14.31
2025-10-16,MBRF3,15.46
2025-10-16,MGLU3,8.2
2025-10-16,MOTV3,14.25
2025-10-16,MRVE3,6.41
2025-10-16,MULT3,27.1
2025-10-16,NATU3,8.26
2025-10-16,PETR3,31.49
2025-10-16,PETR4,29.45
2025-10-16,POMO4,8.42
2025-10-16,PRIO3,34.2
2025-10-16,PSSA3,46.36
2025-10-16,RADL3,19.53
2025-10-16,RAIL3,15.05
2025-10-16,RDOR3,40.6
2025-10-16,RENT3,36.1
2025-10-16,SANB11,28.01
2025-10-16,SBSP3,129.0
2025-10-16,SMFT3,24.81
2025-10-16,SUZB3,47.8
2025-10-16,TAEE11,36.27
2025-10-16,TEND3,23.5
2025-10-16,TIMS3,23.2
2025-10-16,TOTS3,42.05
2025-10-16,UGPA3,21.08
2025-10-16,USIM5,4.79
2025-10-16,VALE3,60.3
2025-10-16,VAMO3,2.94
2025-10-16,VBBR3,23.34
2025-10-16,VIVA3,27.85
2025-10-16,VIVT3,32.54
2025-10-16,WEGE3,38.43
2025-10-16,YDUQ3,11.83
2025-10-17,ABEV3,12.37
2025-10-17,ALOS3,24.07
2025-10-17,ASAI3,8.42
2025-10-17,AURE3,10.93
2025-10-17,AZZA3,24.83
2025-10-17,B3SA3,12.56
2025-10-17,BBAS3,20.9
2025-10-17,BBDC3,15.05
2025-10-17,BBDC4,17.68
2025-10-17,BBSE3,31.96
2025-10-17,BEEF3,6.79
2025-10-17,BPAC11,46.38
2025-10-17,BRAP4,17.23
2025-10-17,BRAV3,15.22
2025-10-17,CEAB3,16.59
2025-10-17,CMIG4,10.83
2025-10-17,CMIN3,5.58
2025-10-17,COGN3,3.14
2025-10-17,CPFE3,39.48
2025-10-17,CPLE3,12.22
2025-10-17,CSAN3,5.87
2025-10-17,CSMG3,35.75
2025-10-17,CSNA3,8.34
2025-10-17,CURY3,31.41
2025-10-17,CXSE3,14.77
2025-10-17,CYRE3,28.77
2025-10-17,DIRR3,14.97
2025-10-17,EGIE3,40.06
2025-10-17,ELET3,54.63
2025-10-17,EMBR3,80.61
2025-10-17,ENEV3,16.7
2025-10-17,ENGI11,50.24
2025-10-17,EQTL3,36.33
2025-10-17,FLRY3,15.58
2025-10-17,GGBR4,18.0
2025-10-17,GOAU4,10.35
2025-10-17,HAPV3,32.9
2025-10-17,HYPE3,21.94
2025-10-17,IGTI11,23.24
2025-10-17,ISAE4,24.23
2025-10-17,ITSA4,11.0
2025-10-17,ITUB4,37.49
2025-10-17,KLBN11,17.3
2025-10-17,LREN3,14.24
2025-10-17,MBRF3,15.67
2025-10-17,MGLU3,8.4
2025-10-17,MOTV3,14.43
2025-10-17,MRVE3,6.45
2025-10-17,MULT3,27.26
2025-10-17,NATU3,8.16
2025-10-17,PETR3,31.64
2025-10-17,PETR4,29.73
2025-10-17,POMO4,8.49
2025-10-17,PRIO3,36.12
2025-10-17,PSSA3,46.33
2025-10-17,RADL3,19.58
2025-10-17,RAIL3,15.47
2025-10-17,RDOR3,40.79
2025-10-17,RENT3,36.6
2025-10-17,SANB11,28.2
2025-10-17,SBSP3,128.89
2025-10-17,SMFT3,25.02
2025-10-17,SUZB3,47.63
2025-10-17,TAEE11,36.67
2025-10-17,TEND3,23.4
2025-10-17,TIMS3,23.64
2025-10-17,TOTS3,41.33
2025-10-17,UGPA3,21.07
2025-10-17,USIM5,4.86
2025-10-17,VALE3,60.13
2025-10-17,VAMO3,2.95
2025-10-17,VBBR3,23.49
2025-10-17,VIVA3,28.79
2025-10-17,VIVT3,33.0
2025-10-17,WEGE3,40.15
2025-10-17,YDUQ3,11.97
2025-10-20,ABEV3,12.36
2025-10-20,ALOS3,24.27
2025-10-20,ASAI3,8.42
2025-10-20,AURE3,10.8
2025-10-20,AZZA3,25.45
2025-10-20,B3SA3,12.66
2025-10-20,BBAS3,20.77
2025-10-20,BBDC3,15.32
2025-10-20,BBDC4,18.01
2025-10-20,BBSE3,32.11
2025-10-20,BEEF3,6.85
2025-10-20,BPAC11,46.68
2025-10-20,BRAP4,17.58
2025-10-20,BRAV3,15.08
2025-10-20,CEAB3,17.05
2025-10-20,CMIG4,10.89
2025-10-20,CMIN3,5.82
2025-10-20,COGN3,3.29
2025-10-20,CPFE3,40.09
2025-10-20,CPLE3,12.4
2025-10-20,CSAN3,5.85
2025-10-20,CSMG3,35.92
2025-10-20,CSNA3,8.72
2025-10-20,CURY3,32.3
2025-10-20,CXSE3,15.0
2025-10-20,CYRE3,29.65
2025-10-20,DIRR3,15.59
2025-10-20,EGIE3,39.9
2025-10-20,ELET3,54.93
2025-10-20,EMBR3,81.49
2025-10-20,ENEV3,16.74
2025-10-20,ENGI11,50.52
2025-10-20,EQTL3,36.5
2025-10-20,FLRY3,14.91
2025-10-20,GGBR4,18.26
2025-10-20,GOAU4,10.49
2025-10-20,HAPV3,33.04
2025-10-20,HYPE3,22.36
2025-10-20,IGTI11,23.65
2025-10-20,ISAE4,24.44
2025-10-20,ITSA4,11.23
2025-10-20,ITUB4,38.16
2025-10-20,KLBN11,17.46
2025-10-20,LREN3,14.3
2025-10-20,MBRF3,15.76
2025-10-20,MGLU3,8.34
2025-10-20,MOTV3,14.86
2025-10-20,MRVE3,6.55
2025-10-20,MULT3,27.49
2025-10-20,NATU3,8.53
2025-10-20,PETR3,31.56
2025-10-20,PETR4,29.75
2025-10-20,POMO4,8.77
2025-10-20,PRIO3,35.41
2025-10-20,PSSA3,47.19
2025-10-20,RADL3,19.47
2025-10-20,RAIL3,15.48
2025-10-20,RDOR3,41.07
2025-10-20,RENT3,36.97
2025-10-20,SANB11,28.9
2025-10-20,SBSP3,130.29
2025-10-20,SMFT3,25.33
2025-10-20,SUZB3,47.71
2025-10-20,TAEE11,36.47
2025-10-20,TEND3,23.57
2025-10-20,TIMS3,23.76
2025-10-20,TOTS3,41.34
2025-10-20,UGPA3,20.9
2025-10-20,USIM5,4.86
2025-10-20,VALE3,60.9
2025-10-20,VAMO3,2.9
2025-10-20,VBBR3,23.58
2025-10-20,VIVA3,29.1
2025-10-20,VIVT3,32.89
2025-10-20,WEGE3,39.54
2025-10-20,YDUQ3,12.49
2025-10-21,ABEV3,12.22
2025-10-21,ALOS3,24.3
2025-10-21,ASAI3,8.47
2025-10-21,AURE3,11.0
2025-10-21,AZZA3,25.63
2025-10-21,B3SA3,12.33
2025-10-21,BBAS3,20.54
2025-10-21,BBDC3,15.17
2025-10-21,BBDC4,17.77
2025-10-21,BBSE3,31.91
2025-10-21,BEEF3,6.85
2025-10-21,BPAC11,46.88
2025-10-21,BRAP4,17.5
2025-10-21,BRAV3,14.2
2025-10-21,CEAB3,17.12
2025-10-21,CMIG4,10.76
2025-10-21,CMIN3,5.69
2025-10-21,COGN3,3.28
2025-10-21,CPFE3,40.13
2025-10-21,CPLE3,12.48
2025-10-21,CSAN3,6.01
2025-10-21,CSMG3,35.93
2025-10-21,CSNA3,8.65
2025-10-21,CURY3,32.35
2025-10-21,CXSE3,14.96
2025-10-21,CYRE3,29.75
2025-10-21,DIRR3,15.65
2025-10-21,EGIE3,39.66
2025-10-21,ELET3,54.93
2025-10-21,EMBR3,85.66
2025-10-21,ENEV3,16.5
2025-10-21,ENGI11,50.48
2025-10-21,EQTL3,36.26
2025-10-21,FLRY3,14.85
2025-10-21,GGBR4,18.19
2025-10-21,GOAU4,10.52
2025-10-21,HAPV3,32.63
2025-10-21,HYPE3,22.91
2025-10-21,IGTI11,23.74
2025-10-21,ISAE4,24.25
2025-10-21,ITSA4,11.12
2025-10-21,ITUB4,37.8
2025-10-21,KLBN11,17.32
2025-10-21,LREN3,14.63
2025-10-21,MBRF3,15.65
2025-10-21,MGLU3,8.36
2025-10-21,MOTV3,15.01
2025-10-21,MRVE3,6.64
2025-10-21,MULT3,27.47
2025-10-21,NATU3,8.6
2025-10-21,PETR3,31.23
2025-10-21,PETR4,29.51
2025-10-21,POMO4,8.85
2025-10-21,PRIO3,35.15
2025-10-21,PSSA3,47.03
2025-10-21,RADL3,19.58
2025-10-21,RAIL3,15.57
2025-10-21,RDOR3,41.54
2025-10-21,RENT3,37.35
2025-10-21,SANB11,28.76
2025-10-21,SBSP3,130.23
2025-10-21,SMFT3,25.13
2025-10-21,SUZB3,47.48
2025-10-21,TAEE11,36.49
2025-10-21,TEND3,23.15
2025-10-21,TIMS3,23.52
2025-10-21,TOTS3,41.7
2025-10-21,UGPA3,20.63
2025-10-21,USIM5,4.96
2025-10-21,VALE3,60.8
2025-10-21,VAMO3,3.1
2025-10-21,VBBR3,23.23
2025-10-21,VIVA3,29.54
2025-10-21,VIVT3,33.05
2025-10-21,WEGE3,39.67
2025-10-21,YDUQ3,12.5
2025-10-22,ABEV3,12.07
2025-10-22,ALOS3,24.3
2025-10-22,ASAI3,7.87
2025-10-22,AURE3,11.42
2025-10-22,AZZA3,26.11
2025-10-22,B3SA3,12.45
2025-10-22,BBAS3,20.69
2025-10-22,BBDC3,15.23
2025-10-22,BBDC4,17.79
2025-10-22,BBSE3,32.1
2025-10-22,BEEF3,6.89
2025-10-22,BPAC11,47.3
2025-10-22,BRAP4,17.68
2025-10-22,BRAV3,14.51
2025-10-22,CEAB3,16.62
2025-10-22,CMIG4,10.74
2025-10-22,CMIN3,5.71
2025-10-22,COGN3,3.36
2025-10-22,CPFE3,40.65
2025-10-22,CPLE3,12.69
2025-10-22,CSAN3,5.95
2025-10-22,CSMG3,36.2
2025-10-22,CSNA3,8.61
2025-10-22,CURY3,32.82
2025-10-22,CXSE3,14.85
2025-10-22,CYRE3,29.77
2025-10-22,DIRR3,15.81
2025-10-22,EGIE3,39.33
2025-10-22,ELET3,54.11
2025-10-22,EMBR3,84.74
2025-10-22,ENEV3,16.6
2025-10-22,ENGI11,50.57
2025-10-22,EQTL3,36.57
2025-10-22,FLRY3,14.45
2025-10-22,GGBR4,18.0
2025-10-22,GOAU4,10.42
2025-10-22,HAPV3,32.36
2025-10-22,HYPE3,23.02
2025-10-22,IGTI11,23.76
2025-10-22,ISAE4,24.36
2025-10-22,ITSA4,11.24
2025-10-22,ITUB4,38.11
2025-10-22,KLBN11,17.61
2025-10-22,LREN3,14.47
2025-10-22,MBRF3,15.71
2025-10-22,MGLU3,8.34
2025-10-22,MOTV3,15.25
2025-10-22,MRVE3,6.87
2025-10-22,MULT3,27.54
2025-10-22,NATU3,8.51
2025-10-22,PETR3,31.75
2025-10-22,PETR4,29.85
2025-10-22,POMO4,8.73
2025-10-22,PRIO3,36.21
2025-10-22,PSSA3,47.22
2025-10-22,RADL3,19.45
2025-10-22,RAIL3,15.37
2025-10-22,RDOR3,42.11
2025-10-22,RENT3,37.79
2025-10-22,SANB11,28.45
2025-10-22,SBSP3,130.1
2025-10-22,SMFT3,25.52
2025-10-22,SUZB3,48.22
2025-10-22,TAEE11,36.54
2025-10-22,TEND3,23.28
2025-10-22,TIMS3,23.72
2025-10-22,TOTS3,41.5
2025-10-22,UGPA3,20.4
2025-10-22,USIM5,4.94
2025-10-22,VALE3,61.88
2025-10-22,VAMO3,3.27
2025-10-22,VBBR3,23.32
2025-10-22,VIVA3,29.85
2025-10-22,VIVT3,33.13
2025-10-22,WEGE3,40.02
2025-10-22,YDUQ3,12.68
2025-10-23,ABEV3,12.12
2025-10-23,ALOS3,24.4
2025-10-23,ASAI3,8.12
2025-10-23,AURE3,11.65
2025-10-23,AZZA3,27.56
2025-10-23,B3SA3,12.59
2025-10-23,BBAS3,20.65
2025-10-23,BBDC3,15.36
2025-10-23,BBDC4,17.98
2025-10-23,BBSE3,32.01
2025-10-23,BEEF3,7.08
2025-10-23,BPAC11,47.28
2025-10-23,BRAP4,17.58
2025-10-23,BRAV3,14.87
2025-10-23,CEAB3,16.74
2025-10-23,CMIG4,10.82
2025-10-23,CMIN3,5.79
2025-10-23,COGN3,3.4
2025-10-23,CPFE3,40.7
2025-10-23,CPLE3,12.79
2025-10-23,CSAN3,6.16
2025-10-23,CSMG3,36.33
2025-10-23,CSNA3,8.76
2025-10-23,CURY3,33.09
2025-10-23,CXSE3,14.69
2025-10-23,CYRE3,29.95
2025-10-23,DIRR3,16.02
2025-10-23,EGIE3,39.4
2025-10-23,ELET3,54.1
2025-10-23,EMBR3,85.99
2025-10-23,ENEV3,16.7
2025-10-23,ENGI11,51.09
2025-10-23,EQTL3,36.68
2025-10-23,FLRY3,14.2
2025-10-23,GGBR4,18.19
2025-10-23,GOAU4,10.47
2025-10-23,HAPV3,32.23
2025-10-23,HYPE3,22.94
2025-10-23,IGTI11,24.05
2025-10-23,ISAE4,24.52
2025-10-23,ITSA4,11.24
2025-10-23,ITUB4,38.08
2025-10-23,KLBN11,17.8
2025-10-23,LREN3,14.82
2025-10-23,MBRF3,15.26
2025-10-23,MGLU3,7.87
2025-10-23,MOTV3,15.07
2025-10-23,MRVE3,7.02
2025-10-23,MULT3,27.63
2025-10-23,NATU3,8.53
2025-10-23,PETR3,31.98
2025-10-23,PETR4,30.19
2025-10-23,POMO4,8.76
2025-10-23,PRIO3,36.86
2025-10-23,PSSA3,47.38
2025-10-23,RADL3,19.39
2025-10-23,RAIL3,15.55
2025-10-23,RDOR3,42.04
2025-10-23,RENT3,38.2
2025-10-23,SANB11,28.68
2025-10-23,SBSP3,130.65
2025-10-23,SMFT3,25.62
2025-10-23,SUZB3,48.67
2025-10-23,TAEE11,36.8
2025-10-23,TEND3,23.59
2025-10-23,TIMS3,24.09
2025-10-23,TOTS3,41.98
2025-10-23,UGPA3,20.74
2025-10-23,USIM5,4.97
2025-10-23,VALE3,61.76
2025-10-23,VAMO3,3.26
2025-10-23,VBBR3,23.89
2025-10-23,VIVA3,30.11
2025-10-23,VIVT3,33.56
2025-10-23,WEGE3,41.44
2025-10-23,YDUQ3,13.02
2025-10-24,ABEV3,12.11
2025-10-24,ALOS3,24.53
2025-10-24,ASAI3,8.23
2025-10-24,AURE3,11.45
2025-10-24,AZZA3,28.04
2025-10-24,B3SA3,12.5
2025-10-24,BBAS3,20.52
2025-10-24,BBDC3,15.48
2025-10-24,BBDC4,18.08
2025-10-24,BBSE3,32.08
2025-10-24,BEEF3,7.07
2025-10-24,BPAC11,47.65
2025-10-24,BRAP4,17.63
2025-10-24,BRAV3,14.46
2025-10-24,CEAB3,16.69
2025-10-24,CMIG4,10.71
2025-10-24,CMIN3,5.81
2025-10-24,COGN3,3.48
2025-10-24,CPFE3,40.8
2025-10-24,CPLE3,12.84
2025-10-24,CSAN3,6.0
2025-10-24,CSMG3,37.53
2025-10-24,CSNA3,8.63
2025-10-24,CURY3,33.6
2025-10-24,CXSE3,14.68
2025-10-24,CYRE3,30.13
2025-10-24,DIRR3,16.15
2025-10-24,EGIE3,39.27
2025-10-24,ELET3,54.15
2025-10-24,EMBR3,86.38
2025-10-24,ENEV3,17.41
2025-10-24,ENGI11,51.98
2025-10-24,EQTL3,37.1
2025-10-24,FLRY3,14.45
2025-10-24,GGBR4,18.21
2025-10-24,GOAU4,10.5
2025-10-24,HAPV3,32.43
2025-10-24,HYPE3,23.67
2025-10-24,IGTI11,24.41
2025-10-24,ISAE4,24.53
2025-10-24,ITSA4,11.28
2025-10-24,ITUB4,38.03
2025-10-24,KLBN11,17.96
2025-10-24,LREN3,14.8
2025-10-24,MBRF3,15.03
2025-10-24,MGLU3,8.08
2025-10-24,MOTV3,15.35
2025-10-24,MRVE3,7.12
2025-10-24,MULT3,27.69
2025-10-24,NATU3,8.74
2025-10-24,PETR3,31.75
2025-10-24,PETR4,29.84
2025-10-24,POMO4,8.69
2025-10-24,PRIO3,37.05
2025-10-24,PSSA3,47.08
2025-10-24,RADL3,19.58
2025-10-24,RAIL3,15.38
2025-10-24,RDOR3,42.26
2025-10-24,RENT3,38.75
2025-10-24,SANB11,29.11
2025-10-24,SBSP3,133.11
2025-10-24,SMFT3,25.85
2025-10-24,SUZB3,49.1
2025-10-24,TAEE11,36.97
2025-10-24,TEND3,23.15
2025-10-24,TIMS3,24.53
2025-10-24,TOTS3,42.34
2025-10-24,UGPA3,21.18
2025-10-24,USIM5,4.94
2025-10-24,VALE3,61.73
2025-10-24,VAMO3,3.34
2025-10-24,VBBR3,24.1
2025-10-24,VIVA3,30.67
2025-10-24,VIVT3,34.4
2025-10-24,WEGE3,41.37
2025-10-24,YDUQ3,13.25
2025-10-27,ABEV3,12.15
2025-10-27,ALOS3,24.7
2025-10-27,ASAI3,8.41
2025-10-27,AURE3,11.77
2025-10-27,AZZA3,28.69
2025-10-27,B3SA3,12.53
2025-10-27,BBAS3,20.85
2025-10-27,BBDC3,15.54
2025-10-27,BBDC4,18.23
2025-10-27,BBSE3,32.17
2025-10-27,BEEF3,7.04
2025-10-27,BPAC11,47.76
2025-10-27,BRAP4,17.75
2025-10-27,BRAV3,14.4
2025-10-27,CEAB3,16.88
2025-10-27,CMIG4,10.86
2025-10-27,CMIN3,5.8
2025-10-27,COGN3,3.45
2025-10-27,CPFE3,41.39
2025-10-27,CPLE3,12.91
2025-10-27,CSAN3,6.12
2025-10-27,CSMG3,37.1
2025-10-27,CSNA3,8.92
2025-10-27,CURY3,33.85
2025-10-27,CXSE3,14.94
2025-10-27,CYRE3,30.21
2025-10-27,DIRR3,16.18
2025-10-27,EGIE3,39.86
2025-10-27,ELET3,54.35
2025-10-27,EMBR3,86.68
2025-10-27,ENEV3,17.88
2025-10-27,ENGI11,52.25
2025-10-27,EQTL3,37.28
2025-10-27,FLRY3,14.64
2025-10-27,GGBR4,18.22
2025-10-27,GOAU4,10.46
2025-10-27,HAPV3,32.39
2025-10-27,HYPE3,23.44
2025-10-27,IGTI11,24.55
2025-10-27,ISAE4,24.84
2025-10-27,ITSA4,11.32
2025-10-27,ITUB4,38.35
2025-10-27,KLBN11,17.77
2025-10-27,LREN3,14.82
2025-10-27,MBRF3,16.0
2025-10-27,MGLU3,8.52
2025-10-27,MOTV3,15.53
2025-10-27,MRVE3,7.24
2025-10-27,MULT3,27.91
2025-10-27,NATU3,8.81
2025-10-27,PETR3,31.97
2025-10-27,PETR4,30.0
2025-10-27,POMO4,8.75
2025-10-27,PRIO3,37.0
2025-10-27,PSSA3,47.59
2025-10-27,RADL3,19.8
2025-10-27,RAIL3,15.56
2025-10-27,RDOR3,42.55
2025-10-27,RENT3,39.32
2025-10-27,SANB11,29.4
2025-10-27,SBSP3,132.04
2025-10-27,SMFT3,25.64
2025-10-27,SUZB3,49.11
2025-10-27,TAEE11,37.32
2025-10-27,TEND3,23.39
2025-10-27,TIMS3,24.97
2025-10-27,TOTS3,42.41
2025-10-27,UGPA3,21.14
2025-10-27,USIM5,5.46
2025-10-27,VALE3,61.66
2025-10-27,VAMO3,3.33
2025-10-27,VBBR3,24.12
2025-10-27,VIVA3,30.7
2025-10-27,VIVT3,34.6
2025-10-27,WEGE3,41.67
2025-10-27,YDUQ3,12.99
2025-10-28,ABEV3,12.03
2025-10-28,ALOS3,24.42
2025-10-28,ASAI3,8.43
2025-10-28,AURE3,11.05
2025-10-28,AZZA3,28.43
2025-10-28,B3SA3,12.63
2025-10-28,BBAS3,20.96
2025-10-28,BBDC3,15.61
2025-10-28,BBDC4,18.24
2025-10-28,BBSE3,32.68
2025-10-28,BEEF3,7.1
2025-10-28,BPAC11,47.95
2025-10-28,BRAP4,17.85
2025-10-28,BRAV3,14.55
2025-10-28,CEAB3,16.32
2025-10-28,CMIG4,11.07
2025-10-28,CMIN3,5.96
2025-10-28,COGN3,3.58
2025-10-28,CPFE3,41.5
2025-10-28,CPLE3,12.8
2025-10-28,CSAN3,6.06
2025-10-28,CSMG3,37.86
2025-10-28,CSNA3,9.12
2025-10-28,CURY3,33.8
2025-10-28,CXSE3,15.0
2025-10-28,CYRE3,30.13
2025-10-28,DIRR3,16.13
2025-10-28,EGIE3,39.75
2025-10-28,ELET3,54.27
2025-10-28,EMBR3,89.37
2025-10-28,ENEV3,17.8
2025-10-28,ENGI11,50.88
2025-10-28,EQTL3,36.09
2025-10-28,FLRY3,14.66
2025-10-28,GGBR4,18.46
2025-10-28,GOAU4,10.63
2025-10-28,HAPV3,32.12
2025-10-28,HYPE3,23.33
2025-10-28,IGTI11,24.34
2025-10-28,ISAE4,24.88
2025-10-28,ITSA4,11.36
2025-10-28,ITUB4,38.48
2025-10-28,KLBN11,18.11
2025-10-28,LREN3,14.58
2025-10-28,MBRF3,18.5
2025-10-28,MGLU3,8.66
2025-10-28,MOTV3,15.74
2025-10-28,MRVE3,7.03
2025-10-28,MULT3,27.64
2025-10-28,NATU3,8.73
2025-10-28,PETR3,32.0
2025-10-28,PETR4,29.99
2025-10-28,POMO4,8.78
2025-10-28,PRIO3,36.43
2025-10-28,PSSA3,48.0
2025-10-28,RADL3,19.43
2025-10-28,RAIL3,15.8
2025-10-28,RDOR3,42.6
2025-10-28,RENT3,39.17
2025-10-28,SANB11,29.36
2025-10-28,SBSP3,131.84
2025-10-28,SMFT3,25.12
2025-10-28,SUZB3,49.47
2025-10-28,TAEE11,37.66
2025-10-28,TEND3,21.96
2025-10-28,TIMS3,25.1
2025-10-28,TOTS3,43.5
2025-10-28,UGPA3,21.01
2025-10-28,USIM5,5.49
2025-10-28,VALE3,62.2
2025-10-28,VAMO3,3.27
2025-10-28,VBBR3,23.86
2025-10-28,VIVA3,30.55
2025-10-28,VIVT3,34.51
2025-10-28,WEGE3,42.32
2025-10-28,YDUQ3,13.16
2025-10-29,ABEV3,12.03
2025-10-29,ALOS3,24.53
2025-10-29,ASAI3,8.5
2025-10-29,AURE3,10.72
2025-10-29,AZZA3,28.11
2025-10-29,B3SA3,12.64
2025-10-29,BBAS3,21.22
2025-10-29,BBDC3,16.0
2025-10-29,BBDC4,18.83
2025-10-29,BBSE3,32.42
2025-10-29,BEEF3,6.89
2025-10-29,BPAC11,49.56
2025-10-29,BRAP4,18.15
2025-10-29,BRAV3,14.46
2025-10-29,CEAB3,16.65
2025-10-29,CMIG4,11.12
2025-10-29,CMIN3,6.0
2025-10-29,COGN3,3.59
2025-10-29,CPFE3,41.58
2025-10-29,CPLE3,12.96
2025-10-29,CSAN3,6.08
2025-10-29,CSMG3,37.47
2025-10-29,CSNA3,9.31
2025-10-29,CURY3,34.36
2025-10-29,CXSE3,14.95
2025-10-29,CYRE3,29.95
2025-10-29,DIRR3,16.49
2025-10-29,EGIE3,40.06
2025-10-29,ELET3,54.94
2025-10-29,EMBR3,88.01
2025-10-29,ENEV3,18.05
2025-10-29,ENGI11,51.8
2025-10-29,EQTL3,36.7
2025-10-29,FLRY3,14.49
2025-10-29,GGBR4,19.25
2025-10-29,GOAU4,11.06
2025-10-29,HAPV3,31.6
2025-10-29,HYPE3,24.46
2025-10-29,IGTI11,24.49
2025-10-29,ISAE4,24.88
2025-10-29,ITSA4,11.59
2025-10-29,ITUB4,39.34
2025-10-29,KLBN11,17.97
2025-10-29,LREN3,14.63
2025-10-29,MBRF3,17.05
2025-10-29,MGLU3,8.53
2025-10-29,MOTV3,15.56
2025-10-29,MRVE3,7.11
2025-10-29,MULT3,27.78
2025-10-29,NATU3,8.7
2025-10-29,PETR3,31.94
2025-10-29,PETR4,30.02
2025-10-29,POMO4,8.79
2025-10-29,PRIO3,36.0
2025-10-29,PSSA3,47.92
2025-10-29,RADL3,19.7
2025-10-29,RAIL3,15.64
2025-10-29,RDOR3,42.81
2025-10-29,RENT3,39.77
2025-10-29,SANB11,29.83
2025-10-29,SBSP3,131.25
2025-10-29,SMFT3,24.95
2025-10-29,SUZB3,49.1
2025-10-29,TAEE11,37.65
2025-10-29,TEND3,22.94
2025-10-29,TIMS3,24.95
2025-10-29,TOTS3,43.21
2025-10-29,UGPA3,20.75
2025-10-29,USIM5,5.45
2025-10-29,VALE3,63.33
2025-10-29,VAMO3,3.21
2025-10-29,VBBR3,23.48
2025-10-29,VIVA3,30.27
2025-10-29,VIVT3,34.27
2025-10-29,WEGE3,42.05
2025-10-29,YDUQ3,13.0
2025-10-30,ABEV3,12.59
2025-10-30,ALOS3,24.73
2025-10-30,ASAI3,8.56
2025-10-30,AURE3,10.63
2025-10-30,AZZA3,28.65
2025-10-30,B3SA3,12.6
2025-10-30,BBAS3,21.63
2025-10-30,BBDC3,15.43
2025-10-30,BBDC4,18.1
2025-10-30,BBSE3,32.82
2025-10-30,BEEF3,6.92
2025-10-30,BPAC11,49.12
2025-10-30,BRAP4,18.2
2025-10-30,BRAV3,14.56
2025-10-30,CEAB3,16.52
2025-10-30,CMIG4,11.25
2025-10-30,CMIN3,6.03
2025-10-30,COGN3,3.64
2025-10-30,CPFE3,41.68
2025-10-30,CPLE3,12.95
2025-10-30,CSAN3,6.07
2025-10-30,CSMG3,37.62
2025-10-30,CSNA3,9.36
2025-10-30,CURY3,34.68
2025-10-30,CXSE3,15.15
2025-10-30,CYRE3,30.13
2025-10-30,DIRR3,16.69
2025-10-30,EGIE3,39.82
2025-10-30,ELET3,55.55
2025-10-30,EMBR3,87.89
2025-10-30,ENEV3,18.12
2025-10-30,ENGI11,51.76
2025-10-30,EQTL3,36.81
2025-10-30,FLRY3,14.47
2025-10-30,GGBR4,18.72
2025-10-30,GOAU4,10.85
2025-10-30,HAPV3,31.57
2025-10-30,HYPE3,25.67
2025-10-30,IGTI11,24.4
2025-10-30,ISAE4,25.44
2025-10-30,ITSA4,11.54
2025-10-30,ITUB4,39.29
2025-10-30,KLBN11,17.98
2025-10-30,LREN3,14.59
2025-10-30,MBRF3,17.38
2025-10-30,MGLU3,8.5
2025-10-30,MOTV3,15.5
2025-10-30,MRVE3,7.41
2025-10-30,MULT3,27.86
2025-10-30,NATU3,8.73
2025-10-30,PETR3,31.66
2025-10-30,PETR4,29.89
2025-10-30,POMO4,8.82
2025-10-30,PRIO3,35.77
2025-10-30,PSSA3,48.56
2025-10-30,RADL3,19.86
2025-10-30,RAIL3,15.99
2025-10-30,RDOR3,42.8
2025-10-30,RENT3,39.24
2025-10-30,SANB11,30.61
2025-10-30,SBSP3,131.87
2025-10-30,SMFT3,25.18
2025-10-30,SUZB3,48.69
2025-10-30,TAEE11,38.12
2025-10-30,TEND3,23.0
2025-10-30,TIMS3,24.98
2025-10-30,TOTS3,43.73
2025-10-30,UGPA3,21.25
2025-10-30,USIM5,5.57
2025-10-30,VALE3,63.81
2025-10-30,VAMO3,3.23
2025-10-30,VBBR3,23.95
2025-10-30,VIVA3,30.87
2025-10-30,VIVT3,34.08
2025-10-30,WEGE3,41.45
2025-10-30,YDUQ3,13.11
2025-10-31,ABEV3,12.71
2025-10-31,ALOS3,24.95
2025-10-31,ASAI3,8.6
2025-10-31,AURE3,10.99
2025-10-31,AZZA3,28.71
2025-10-31,B3SA3,12.66
2025-10-31,BBAS3,21.9
2025-10-31,BBDC3,15.47
2025-10-31,BBDC4,18.16
2025-10-31,BBSE3,32.85
2025-10-31,BEEF3,7.18
2025-10-31,BPAC11,48.82
2025-10-31,BRAP4,18.54
2025-10-31,BRAV3,14.76
2025-10-31,CEAB3,16.25
2025-10-31,CMIG4,11.34
2025-10-31,CMIN3,6.07
2025-10-31,COGN3,3.74
2025-10-31,CPFE3,41.6
2025-10-31,CPLE3,13.11
2025-10-31,CSAN3,6.15
2025-10-31,CSMG3,37.79
2025-10-31,CSNA3,9.44
2025-10-31,CURY3,34.94
2025-10-31,CXSE3,14.97
2025-10-31,CYRE3,30.47
2025-10-31,DIRR3,16.98
2025-10-31,EGIE3,40.0
2025-10-31,ELET3,55.72
2025-10-31,EMBR3,86.99
2025-10-31,ENEV3,18.31
2025-10-31,ENGI11,51.83
2025-10-31,EQTL3,36.65
2025-10-31,FLRY3,14.55
2025-10-31,GGBR4,18.94
2025-10-31,GOAU4,11.09
2025-10-31,HAPV3,31.28
2025-10-31,HYPE3,25.84
2025-10-31,IGTI11,24.47
2025-10-31,ISAE4,25.11
2025-10-31,ITSA4,11.65
2025-10-31,ITUB4,39.44
2025-10-31,KLBN11,18.04
2025-10-31,LREN3,14.84
2025-10-31,MBRF3,17.87
2025-10-31,MGLU3,8.47
2025-10-31,MOTV3,15.88
2025-10-31,MRVE3,7.56
2025-10-31,MULT3,27.49
2025-10-31,NATU3,9.01
2025-10-31,PETR3,31.51
2025-10-31,PETR4,29.75
2025-10-31,POMO4,7.89
2025-10-31,PRIO3,36.03
2025-10-31,PSSA3,48.05
2025-10-31,RADL3,20.0
2025-10-31,RAIL3,15.92
2025-10-31,RDOR3,43.34
2025-10-31,RENT3,39.44
2025-10-31,SANB11,31.14
2025-10-31,SBSP3,131.83
2025-10-31,SMFT3,25.18
2025-10-31,SUZB3,48.89
2025-10-31,TAEE11,38.1
2025-10-31,TEND3,23.57
2025-10-31,TIMS3,24.29
2025-10-31,TOTS3,44.37
2025-10-31,UGPA3,21.41
2025-10-31,USIM5,5.67
2025-10-31,VALE3,65.26
2025-10-31,VAMO3,3.24
2025-10-31,VBBR3,23.8
2025-10-31,VIVA3,31.2
2025-10-31,VIVT3,32.04
2025-10-31,WEGE3,42.1
2025-10-31,YDUQ3,14.21
2025-11-03,ABEV3,12.91
2025-11-03,ALOS3,24.97
2025-11-03,ASAI3,8.53
2025-11-03,AURE3,10.83
2025-11-03,AZZA3,28.25
2025-11-03,B3SA3,12.84
2025-11-03,BBAS3,22.08
2025-11-03,BBDC3,15.68
2025-11-03,BBDC4,18.36
2025-11-03,BBSE3,33.24
2025-11-03,BEEF3,7.38
2025-11-03,BPAC11,48.5
2025-11-03,BRAP4,19.04
2025-11-03,BRAV3,14.85
2025-11-03,CEAB3,15.86
2025-11-03,CMIG4,11.46
2025-11-03,CMIN3,6.1
2025-11-03,COGN3,3.72
2025-11-03,CPFE3,42.7
2025-11-03,CPLE3,13.33
2025-11-03,CSAN3,6.09
2025-11-03,CSMG3,37.73
2025-11-03,CSNA3,9.3
2025-11-03,CURY3,34.91
2025-11-03,CXSE3,15.1
2025-11-03,CYRE3,30.61
2025-11-03,DIRR3,16.9
2025-11-03,EGIE3,40.3
2025-11-03,ELET3,56.21
2025-11-03,EMBJ3,87.27
2025-11-03,ENEV3,18.79
2025-11-03,ENGI11,52.33
2025-11-03,EQTL3,37.6
2025-11-03,FLRY3,14.53
2025-11-03,GGBR4,18.71
2025-11-03,GOAU4,10.93
2025-11-03,HAPV3,30.4
2025-11-03,HYPE3,25.7
2025-11-03,IGTI11,24.6
2025-11-03,ISAE4,25.63
2025-11-03,ITSA4,11.78
2025-11-03,ITUB4,40.08
2025-11-03,KLBN11,17.98
2025-11-03,LREN3,14.75
2025-11-03,MBRF3,17.55
2025-11-03,MGLU3,8.34
2025-11-03,MOTV3,16.12
2025-11-03,MRVE3,7.59
2025-11-03,MULT3,27.77
2025-11-03,NATU3,9.05
2025-11-03,PETR3,31.79
2025-11-03,PETR4,30.1
2025-11-03,POMO4,7.25
2025-11-03,PRIO3,36.44
2025-11-03,PSSA3,48.03
2025-11-03,RADL3,19.83
2025-11-03,RAIL3,15.61
2025-11-03,RDOR3,43.1
2025-11-03,RENT3,39.65
2025-11-03,SANB11,31.52
2025-11-03,SBSP3,133.3
2025-11-03,SMFT3,24.82
2025-11-03,SUZB3,48.55
2025-11-03,TAEE11,38.61
2025-11-03,TEND3,23.18
2025-11-03,TIMS3,24.25
2025-11-03,TOTS3,43.3
2025-11-03,UGPA3,21.39
2025-11-03,USIM5,5.54
2025-11-03,VALE3,65.35
2025-11-03,VAMO3,3.19
2025-11-03,VBBR3,23.68
2025-11-03,VIVA3,30.56
2025-11-03,VIVT3,32.25
2025-11-03,WEGE3,42.8
2025-11-03,YDUQ3,13.86
2025-11-04,ABEV3,13.16
2025-11-04,ALOS3,25.25
2025-11-04,ASAI3,8.48
2025-11-04,AURE3,11.11
2025-11-04,AZZA3,28.38
2025-11-04,B3SA3,12.84
2025-11-04,BBAS3,22.27
2025-11-04,BBDC3,15.71
2025-11-04,BBDC4,18.4
2025-11-04,BBSE3,33.64
2025-11-04,BEEF3,7.44
2025-11-04,BPAC11,49.04
2025-11-04,BRAP4,18.89
2025-11-04,BRAV3,15.06
2025-11-04,CEAB3,15.98
2025-11-04,CMIG4,11.55
2025-11-04,CMIN3,5.97
2025-11-04,COGN3,3.76
2025-11-04,CPFE3,43.08
2025-11-04,CPLE3,13.37
2025-11-04,CSAN3,5.9
2025-11-04,CSMG3,37.73
2025-11-04,CSNA3,9.13
2025-11-04,CURY3,34.98
2025-11-04,CXSE3,14.93
2025-11-04,CYRE3,30.95
2025-11-04,DIRR3,17.08
2025-11-04,EGIE3,41.36
2025-11-04,ELET3,56.67
2025-11-04,EMBJ3,84.13
2025-11-04,ENEV3,18.71
2025-11-04,ENGI11,52.37
2025-11-04,EQTL3,37.76
2025-11-04,FLRY3,14.55
2025-11-04,GGBR4,18.58
2025-11-04,GOAU4,10.87
2025-11-04,HAPV3,30.55
2025-11-04,HYPE3,25.3
2025-11-04,IGTI11,24.81
2025-11-04,ISAE4,26.0
2025-11-04,ITSA4,11.74
2025-11-04,ITUB4,39.96
2025-11-04,KLBN11,18.51
2025-11-04,LREN3,14.97
2025-11-04,MBRF3,17.56
2025-11-04,MGLU3,8.38
2025-11-04,MOTV3,16.25
2025-11-04,MRVE3,7.62
2025-11-04,MULT3,27.78
2025-11-04,NATU3,9.02
2025-11-04,PETR3,32.09
2025-11-04,PETR4,30.25
2025-11-04,POMO4,7.23
2025-11-04,PRIO3,36.75
2025-11-04,PSSA3,48.78
2025-11-04,RADL3,19.48
2025-11-04,RAIL3,15.65
2025-11-04,RDOR3,42.96
2025-11-04,RENT3,40.9
2025-11-04,SANB11,31.63
2025-11-04,SBSP3,133.61
2025-11-04,SMFT3,25.07
2025-11-04,SUZB3,49.41
2025-11-04,TAEE11,39.48
2025-11-04,TEND3,23.05
2025-11-04,TIMS3,24.54
2025-11-04,TOTS3,43.45
2025-11-04,UGPA3,21.4
2025-11-04,USIM5,5.51
2025-11-04,VALE3,64.62
2025-11-04,VAMO3,3.35
2025-11-04,VBBR3,23.59
2025-11-04,VIVA3,31.0
2025-11-04,VIVT3,33.02
2025-11-04,WEGE3,42.75
2025-11-04,YDUQ3,13.93
2025-11-05,ABEV3,13.18
2025-11-05,ALOS3,25.95
2025-11-05,ASAI3,8.95
2025-11-05,AURE3,11.6
2025-11-05,AZZA3,29.08
2025-11-05,B3SA3,13.2
2025-11-05,BBAS3,22.61
2025-11-05,BBDC3,16.0
2025-11-05,BBDC4,18.79
2025-11-05,BBSE3,33.75
2025-11-05,BEEF3,7.42
2025-11-05,BPAC11,50.39
2025-11-05,BRAP4,19.17
2025-11-05,BRAV3,15.35
2025-11-05,CEAB3,17.34
2025-11-05,CMIG4,11.82
2025-11-05,CMIN3,5.96
2025-11-05,COGN3,3.81
2025-11-05,CPFE3,42.84
2025-11-05,CPLE3,13.61
2025-11-05,CSAN3,6.12
2025-11-05,CSMG3,38.26
2025-11-05,CSNA3,8.71
2025-11-05,CURY3,35.17
2025-11-05,CXSE3,15.0
2025-11-05,CYRE3,31.67
2025-11-05,DIRR3,17.07
2025-11-05,EGIE3,42.21
2025-11-05,ELET3,57.76
2025-11-05,EMBJ3,87.21
2025-11-05,ENEV3,18.9
2025-11-05,ENGI11,53.91
2025-11-05,EQTL3,38.55
2025-11-05,FLRY3,14.81
2025-11-05,GGBR4,19.09
2025-11-05,GOAU4,11.16
2025-11-05,HAPV3,31.6
2025-11-05,HYPE3,25.05
2025-11-05,IGTI11,25.34
2025-11-05,ISAE4,26.16
2025-11-05,ITSA4,11.8
2025-11-05,ITUB4,40.13
2025-11-05,KLBN11,18.66
2025-11-05,LREN3,15.46
2025-11-05,MBRF3,17.83
2025-11-05,MGLU3,8.74
2025-11-05,MOTV3,16.03
2025-11-05,MRVE3,7.76
2025-11-05,MULT3,28.67
2025-11-05,NATU3,9.12
2025-11-05,PETR3,32.67
2025-11-05,PETR4,30.85
2025-11-05,POMO4,7.22
2025-11-05,PRIO3,37.81
2025-11-05,PSSA3,48.93
2025-11-05,RADL3,20.2
2025-11-05,RAIL3,15.78
2025-11-05,RDOR3,43.78
2025-11-05,RENT3,41.57
2025-11-05,SANB11,32.5
2025-11-05,SBSP3,136.26
2025-11-05,SMFT3,25.47
2025-11-05,SUZB3,48.9
2025-11-05,TAEE11,40.02
2025-11-05,TEND3,23.5
2025-11-05,TIMS3,25.01
2025-11-05,TOTS3,44.32
2025-11-05,UGPA3,22.1
2025-11-05,USIM5,5.55
2025-11-05,VALE3,65.73
2025-11-05,VAMO3,3.64
2025-11-05,VBBR3,24.32
2025-11-05,VIVA3,31.19
2025-11-05,VIVT3,33.85
2025-11-05,WEGE3,43.51
2025-11-05,YDUQ3,13.6
2025-11-06,ABEV3,13.08
2025-11-06,ALOS3,26.16
2025-11-06,ASAI3,8.77
2025-11-06,AURE3,11.67
2025-11-06,AZZA3,28.2
2025-11-06,B3SA3,13.1
2025-11-06,BBAS3,22.86
2025-11-06,BBDC3,15.95
2025-11-06,BBDC4,18.71
2025-11-06,BBSE3,34.23
2025-11-06,BEEF3,6.42
2025-11-06,BPAC11,50.22
2025-11-06,BRAP4,19.18
2025-11-06,BRAV3,14.34
2025-11-06,CEAB3,16.39
2025-11-06,CMIG4,11.73
2025-11-06,CMIN3,5.86
2025-11-06,COGN3,3.75
2025-11-06,CPFE3,42.57
2025-11-06,CPLE3,13.37
2025-11-06,CSAN3,6.08
2025-11-06,CSMG3,38.27
2025-11-06,CSNA3,8.5
2025-11-06,CURY3,35.55
2025-11-06,CXSE3,15.15
2025-11-06,CYRE3,32.09
2025-11-06,DIRR3,17.25
2025-11-06,EGIE3,42.89
2025-11-06,ELET3,58.2
2025-11-06,EMBJ3,85.24
2025-11-06,ENEV3,19.15
2025-11-06,ENGI11,53.33
2025-11-06,EQTL3,37.6
2025-11-06,FLRY3,15.1
2025-11-06,GGBR4,19.12
2025-11-06,GOAU4,11.09
2025-11-06,HAPV3,31.36
2025-11-06,HYPE3,24.7
2025-11-06,IGTI11,25.22
2025-11-06,ISAE4,26.32
2025-11-06,ITSA4,11.84
2025-11-06,ITUB4,40.13
2025-11-06,KLBN11,18.38
2025-11-06,LREN3,14.56
2025-11-06,MBRF3,17.24
2025-11-06,MGLU3,7.99
2025-11-06,MOTV3,16.18
2025-11-06,MRVE3,7.63
2025-11-06,MULT3,28.44
2025-11-06,NATU3,9.2
2025-11-06,PETR3,32.7
2025-11-06,PETR4,31.01
2025-11-06,POMO4,6.9
2025-11-06,PRIO3,38.46
2025-11-06,PSSA3,49.62
2025-11-06,RADL3,20.96
2025-11-06,RAIL3,15.62
2025-11-06,RDOR3,47.44
2025-11-06,RENT3,41.15
2025-11-06,SANB11,32.21
2025-11-06,SBSP3,136.42
2025-11-06,SMFT3,24.3
2025-11-06,SUZB3,48.65
2025-11-06,TAEE11,40.24
2025-11-06,TEND3,22.7
2025-11-06,TIMS3,24.48
2025-11-06,TOTS3,45.65
2025-11-06,UGPA3,22.12
2025-11-06,USIM5,5.42
2025-11-06,VALE3,65.5
2025-11-06,VAMO3,3.55
2025-11-06,VBBR3,24.7
2025-11-06,VIVA3,31.82
2025-11-06,VIVT3,33.57
2025-11-06,WEGE3,43.91
2025-11-06,YDUQ3,13.2
2025-11-07,ABEV3,13.12
2025-11-07,ALOS3,26.12
2025-11-07,ASAI3,9.07
2025-11-07,AURE3,11.33
2025-11-07,AZZA3,28.75
2025-11-07,B3SA3,12.98
2025-11-07,BBAS3,22.89
2025-11-07,BBDC3,15.99
2025-11-07,BBDC4,18.73
2025-11-07,BBSE3,33.82
2025-11-07,BEEF3,6.11
2025-11-07,BPAC11,50.59
2025-11-07,BRAP4,18.78
2025-11-07,BRAV3,14.62
2025-11-07,CEAB3,16.58
2025-11-07,CMIG4,11.57
2025-11-07,CMIN3,5.8
2025-11-07,COGN3,3.49
2025-11-07,CPFE3,42.84
2025-11-07,CPLE3,13.46
2025-11-07,CSAN3,6.13
2025-11-07,CSMG3,37.69
2025-11-07,CSNA3,8.35
2025-11-07,CURY3,36.34
2025-11-07,CXSE3,15.42
2025-11-07,CYRE3,33.33
2025-11-07,DIRR3,17.44
2025-11-07,EGIE3,42.51
2025-11-07,ELET3,58.68
2025-11-07,EMBJ3,86.3
2025-11-07,ENEV3,19.07
2025-11-07,ENGI11,52.7
2025-11-07,EQTL3,37.79
2025-11-07,FLRY3,15.7
2025-11-07,GGBR4,19.03
2025-11-07,GOAU4,11.1
2025-11-07,HAPV3,31.07
2025-11-07,HYPE3,24.85
2025-11-07,IGTI11,25.35
2025-11-07,ISAE4,26.57
2025-11-07,ITSA4,11.81
2025-11-07,ITUB4,40.17
2025-11-07,KLBN11,18.27
2025-11-07,LREN3,13.95
2025-11-07,MBRF3,18.25
2025-11-07,MGLU3,8.14
2025-11-07,MOTV3,15.9
2025-11-07,MRVE3,7.69
2025-11-07,MULT3,28.67
2025-11-07,NATU3,9.35
2025-11-07,PETR3,34.28
2025-11-07,PETR4,32.18
2025-11-07,POMO4,7.08
2025-11-07,PRIO3,38.85
2025-11-07,PSSA3,49.59
2025-11-07,RADL3,21.5
2025-11-07,RAIL3,15.64
2025-11-07,RDOR3,47.31
2025-11-07,RENT3,40.89
2025-11-07,SANB11,32.39
2025-11-07,SBSP3,137.11
2025-11-07,SMFT3,24.72
2025-11-07,SUZB3,47.62
2025-11-07,TAEE11,40.55
2025-11-07,TEND3,24.73
2025-11-07,TIMS3,24.54
2025-11-07,TOTS3,45.17
2025-11-07,UGPA3,22.41
2025-11-07,USIM5,5.49
2025-11-07,VALE3,64.78
2025-11-07,VAMO3,3.55
2025-11-07,VBBR3,24.81
2025-11-07,VIVA3,32.02
2025-11-07,VIVT3,33.63
2025-11-07,WEGE3,45.0
2025-11-07,YDUQ3,13.19
2025-11-10,ABEV3,13.18
2025-11-10,ALOS3,26.42
2025-11-10,ASAI3,9.14
2025-11-10,AURE3,11.55
2025-11-10,AXIA3,59.5
2025-11-10,AZZA3,28.16
2025-11-10,B3SA3,13.12
2025-11-10,BBAS3,22.78
2025-11-10,BBDC3,16.24
2025-11-10,BBDC4,19.08
2025-11-10,BBSE3,34.34
2025-11-10,BEEF3,6.2
2025-11-10,BPAC11,51.21
2025-11-10,BRAP4,18.9
2025-11-10,BRAV3,14.62
2025-11-10,CEAB3,16.82
2025-11-10,CMIG4,11.72
2025-11-10,CMIN3,5.58
2025-11-10,COGN3,3.57
2025-11-10,CPFE3,43.6
2025-11-10,CPLE3,13.7
2025-11-10,CSAN3,6.17
2025-11-10,CSMG3,37.67
2025-11-10,CSNA3,8.29
2025-11-10,CURY3,36.45
2025-11-10,CXSE3,15.44
2025-11-10,CYRE3,33.35
2025-11-10,DIRR3,17.55
2025-11-10,EGIE3,43.25
2025-11-10,EMBJ3,86.5
2025-11-10,ENEV3,19.35
2025-11-10,ENGI11,53.12
2025-11-10,EQTL3,38.09
2025-11-10,FLRY3,15.77
2025-11-10,GGBR4,19.1
2025-11-10,GOAU4,11.15
2025-11-10,HAPV3,31.36
2025-11-10,HYPE3,25.04
2025-11-10,IGTI11,25.65
2025-11-10,ISAE4,26.72
2025-11-10,ITSA4,11.83
2025-11-10,ITUB4,40.44
2025-11-10,KLBN11,17.91
2025-11-10,LREN3,14.5
2025-11-10,MBRF3,18.77
2025-11-10,MGLU3,8.42
2025-11-10,MOTV3,16.13
2025-11-10,MRVE3,7.66
2025-11-10,MULT3,29.06
2025-11-10,NATU3,9.2
2025-11-10,PETR3,34.58
2025-11-10,PETR4,32.36
2025-11-10,POMO4,7.17
2025-11-10,PRIO3,39.23
2025-11-10,PSSA3,49.89
2025-11-10,RADL3,22.12
2025-11-10,RAIL3,15.81
2025-11-10,RDOR3,46.68
2025-11-10,RENT3,42.07
2025-11-10,SANB11,32.65
2025-11-10,SBSP3,137.0
2025-11-10,SMFT3,24.47
2025-11-10,SUZB3,46.7
2025-11-10,TAEE11,40.95
2025-11-10,TEND3,25.58
2025-11-10,TIMS3,24.58
2025-11-10,TOTS3,46.1
2025-11-10,UGPA3,22.59
2025-11-10,USIM5,5.39
2025-11-10,VALE3,65.21
2025-11-10,VAMO3,3.56
2025-11-10,VBBR3,25.27
2025-11-10,VIVA3,32.35
2025-11-10,VIVT3,33.39
2025-11-10,WEGE3,45.37
2025-11-10,YDUQ3,13.55
2025-11-11,ABEV3,13.59
2025-11-11,ALOS3,26.82
2025-11-11,ASAI3,9.64
2025-11-11,AURE3,11.53
2025-11-11,AXIA3,61.0
2025-11-11,AZZA3,28.75
2025-11-11,B3SA3,13.53
2025-11-11,BBAS3,23.47
2025-11-11,BBDC3,16.55
2025-11-11,BBDC4,19.49
2025-11-11,BBSE3,33.56
2025-11-11,BEEF3,6.42
2025-11-11,BPAC11,52.4
2025-11-11,BRAP4,18.92
2025-11-11,BRAV3,14.81
2025-11-11,CEAB3,18.06
2025-11-11,CMIG4,12.14
2025-11-11,CMIN3,5.68
2025-11-11,COGN3,3.61
2025-11-11,CPFE3,44.65
2025-11-11,CPLE3,13.58
2025-11-11,CSAN3,6.68
2025-11-11,CSMG3,37.89
2025-11-11,CSNA3,8.31
2025-11-11,CURY3,36.83
2025-11-11,CXSE3,15.43
2025-11-11,CYRE3,34.64
2025-11-11,DIRR3,17.7
2025-11-11,EGIE3,43.77
2025-11-11,EMBJ3,86.86
2025-11-11,ENEV3,19.29
2025-11-11,ENGI11,54.31
2025-11-11,EQTL3,39.12
2025-11-11,FLRY3,15.82
2025-11-11,GGBR4,18.9
2025-11-11,GOAU4,10.94
2025-11-11,HAPV3,31.58
2025-11-11,HYPE3,25.77
2025-11-11,IGTI11,26.08
2025-11-11,ISAE4,27.19
2025-11-11,ITSA4,12.15
2025-11-11,ITUB4,41.22
2025-11-11,KLBN11,17.87
2025-11-11,LREN3,14.95
2025-11-11,MBRF3,20.3
2025-11-11,MGLU3,9.09
2025-11-11,MOTV3,16.25
2025-11-11,MRVE3,8.06
2025-11-11,MULT3,29.37
2025-11-11,NATU3,7.76
2025-11-11,PETR3,35.41
2025-11-11,PETR4,33.2
2025-11-11,POMO4,7.12
2025-11-11,PRIO3,40.3
2025-11-11,PSSA3,46.08
2025-11-11,RADL3,22.9
2025-11-11,RAIL3,16.32
2025-11-11,RDOR3,45.83
2025-11-11,RENT3,43.25
2025-11-11,SANB11,33.41
2025-11-11,SBSP3,137.66
2025-11-11,SMFT3,25.4
2025-11-11,SUZB3,46.55
2025-11-11,TAEE11,42.44
2025-11-11,TEND3,26.67
2025-11-11,TIMS3,25.03
2025-11-11,TOTS3,46.68
2025-11-11,UGPA3,23.05
2025-11-11,USIM5,5.29
2025-11-11,VALE3,65.04
2025-11-11,VAMO3,3.77
2025-11-11,VBBR3,25.59
2025-11-11,VIVA3,31.93
2025-11-11,VIVT3,34.67
2025-11-11,WEGE3,46.03
2025-11-11,YDUQ3,13.82
2025-11-12,ABEV3,13.62
2025-11-12,ALOS3,27.09
2025-11-12,ASAI3,9.67
2025-11-12,AURE3,11.45
2025-11-12,AXIA3,61.7
2025-11-12,AZZA3,29.56
2025-11-12,B3SA3,14.12
2025-11-12,BBAS3,22.8
2025-11-12,BBDC3,16.59
2025-11-12,BBDC4,19.44
2025-11-12,BBSE3,33.29
2025-11-12,BEEF3,6.42
2025-11-12,BPAC11,53.67
2025-11-12,BRAP4,19.17
2025-11-12,BRAV3,14.83
2025-11-12,CEAB3,17.47
2025-11-12,CMIG4,12.01
2025-11-12,CMIN3,5.92
2025-11-12,COGN3,3.54
2025-11-12,CPFE3,45.51
2025-11-12,CPLE3,13.57
2025-11-12,CSAN3,6.41
2025-11-12,CSMG3,38.28
2025-11-12,CSNA3,8.73
2025-11-12,CURY3,36.65
2025-11-12,CXSE3,15.1
2025-11-12,CYRE3,34.45
2025-11-12,DIRR3,17.96
2025-11-12,EGIE3,44.35
2025-11-12,EMBJ3,84.4
2025-11-12,ENEV3,19.25
2025-11-12,ENGI11,54.24
2025-11-12,EQTL3,39.5
2025-11-12,FLRY3,16.14
2025-11-12,GGBR4,19.05
2025-11-12,GOAU4,10.99
2025-11-12,HAPV3,32.69
2025-11-12,HYPE3,25.74
2025-11-12,IGTI11,26.0
2025-11-12,ISAE4,27.47
2025-11-12,ITSA4,11.87
2025-11-12,ITUB4,40.28
2025-11-12,KLBN11,18.35
2025-11-12,LREN3,14.94
2025-11-12,MBRF3,20.88
2025-11-12,MGLU3,9.15
2025-11-12,MOTV3,16.33
2025-11-12,MRVE3,8.14
2025-11-12,MULT3,29.26
2025-11-12,NATU3,7.85
2025-11-12,PETR3,34.35
2025-11-12,PETR4,32.35
2025-11-12,POMO4,6.98
2025-11-12,PRIO3,40.01
2025-11-12,PSSA3,45.8
2025-11-12,RADL3,22.85
2025-11-12,RAIL3,16.4
2025-11-12,RDOR3,46.99
2025-11-12,RENT3,43.06
2025-11-12,SANB11,33.4
2025-11-12,SBSP3,141.41
2025-11-12,SMFT3,24.85
2025-11-12,SUZB3,48.07
2025-11-12,TAEE11,44.89
2025-11-12,TEND3,25.88
2025-11-12,TIMS3,24.81
2025-11-12,TOTS3,47.5
2025-11-12,UGPA3,22.84
2025-11-12,USIM5,5.36
2025-11-12,VALE3,65.76
2025-11-12,VAMO3,3.67
2025-11-12,VBBR3,25.6
2025-11-12,VIVA3,33.16
2025-11-12,VIVT3,35.18
2025-11-12,WEGE3,44.89
2025-11-12,YDUQ3,13.68
2025-11-13,ABEV3,13.63
2025-11-13,ALOS3,28.33
2025-11-13,ASAI3,9.52
2025-11-13,AURE3,11.28
2025-11-13,AXIA3,61.6
2025-11-13,AZZA3,29.38
2025-11-13,B3SA3,14.47
2025-11-13,BBAS3,22.5
2025-11-13,BBDC3,16.65
2025-11-13,BBDC4,19.48
2025-11-13,BBSE3,33.33
2025-11-13,BEEF3,6.29
2025-11-13,BPAC11,54.0
2025-11-13,BRAP4,18.25
2025-11-13,BRAV3,14.66
2025-11-13,CEAB3,17.09
2025-11-13,CMIG4,11.87
2025-11-13,CMIN3,5.88
2025-11-13,COGN3,3.58
2025-11-13,CPFE3,45.0
2025-11-13,CPLE3,13.77
2025-11-13,CSAN3,6.1
2025-11-13,CSMG3,38.6
2025-11-13,CSNA3,8.61
2025-11-13,CURY3,37.15
2025-11-13,CXSE3,15.37
2025-11-13,CYRE3,33.94
2025-11-13,DIRR3,18.09
2025-11-13,EGIE3,43.71
2025-11-13,EMBJ3,83.48
2025-11-13,ENEV3,19.29
2025-11-13,ENGI11,53.7
2025-11-13,EQTL3,39.28
2025-11-13,FLRY3,15.85
2025-11-13,GGBR4,18.91
2025-11-13,GOAU4,10.84
2025-11-13,HAPV3,18.89
2025-11-13,HYPE3,25.85
2025-11-13,IGTI11,26.19
2025-11-13,ISAE4,27.36
2025-11-13,ITSA4,11.94
2025-11-13,ITUB4,40.44
2025-11-13,KLBN11,18.02
2025-11-13,LREN3,14.83
2025-11-13,MBRF3,21.79
2025-11-13,MGLU3,9.06
2025-11-13,MOTV3,16.0
2025-11-13,MRVE3,8.56
2025-11-13,MULT3,29.45
2025-11-13,NATU3,7.88
2025-11-13,PETR3,34.66
2025-11-13,PETR4,32.49
2025-11-13,POMO4,7.1
2025-11-13,PRIO3,39.83
2025-11-13,PSSA3,46.5
2025-11-13,RADL3,22.68
2025-11-13,RAIL3,16.42
2025-11-13,RDOR3,46.35
2025-11-13,RENT3,42.04
2025-11-13,SANB11,33.58
2025-11-13,SBSP3,140.75
2025-11-13,SMFT3,24.31
2025-11-13,SUZB3,47.66
2025-11-13,TAEE11,44.95
2025-11-13,TEND3,25.3
2025-11-13,TIMS3,24.61
2025-11-13,TOTS3,47.1
2025-11-13,UGPA3,21.75
2025-11-13,USIM5,5.27
2025-11-13,VALE3,65.67
2025-11-13,VAMO3,3.63
2025-11-13,VBBR3,25.45
2025-11-13,VIVA3,33.24
2025-11-13,VIVT3,35.2
2025-11-13,WEGE3,44.82
2025-11-13,YDUQ3,13.54
2025-11-14,ABEV3,13.69
2025-11-14,ALOS3,28.81
2025-11-14,ASAI3,9.49
2025-11-14,AURE3,11.17
2025-11-14,AXIA3,62.6
2025-11-14,AZZA3,29.74
2025-11-14,B3SA3,14.44
2025-11-14,BBAS3,22.44
2025-11-14,BBDC3,16.61
2025-11-14,BBDC4,19.47
2025-11-14,BBSE3,33.79
2025-11-14,BEEF3,6.53
2025-11-14,BPAC11,53.39
2025-11-14,BRAP4,18.25
2025-11-14,BRAV3,14.65
2025-11-14,CEAB3,17.47
2025-11-14,CMIG4,11.24
2025-11-14,CMIN3,5.85
2025-11-14,COGN3,3.46
2025-11-14,CPFE3,46.1
2025-11-14,CPLE3,13.77
2025-11-14,CSAN3,6.19
2025-11-14,CSMG3,39.35
2025-11-14,CSNA3,8.65
2025-11-14,CURY3,37.79
2025-11-14,CXSE3,15.49
2025-11-14,CYRE3,35.25
2025-11-14,DIRR3,18.65
2025-11-14,EGIE3,43.17
2025-11-14,EMBJ3,83.3
2025-11-14,ENEV3,19.49
2025-11-14,ENGI11,54.28
2025-11-14,EQTL3,39.46
2025-11-14,FLRY3,15.9
2025-11-14,GGBR4,18.77
2025-11-14,GOAU4,10.82
2025-11-14,HAPV3,17.79
2025-11-14,HYPE3,25.61
2025-11-14,IGTI11,26.56
2025-11-14,ISAE4,27.42
2025-11-14,ITSA4,11.96
2025-11-14,ITUB4,40.6
2025-11-14,KLBN11,17.92
2025-11-14,LREN3,15.16
2025-11-14,MBRF3,24.4
2025-11-14,MGLU3,9.59
2025-11-14,MOTV3,16.17
2025-11-14,MRVE3,8.42
2025-11-14,MULT3,29.75
2025-11-14,NATU3,7.82
2025-11-14,PETR3,34.93
2025-11-14,PETR4,32.7
2025-11-14,POMO4,7.12
2025-11-14,PRIO3,39.79
2025-11-14,PSSA3,46.52
2025-11-14,RADL3,22.86
2025-11-14,RAIL3,16.52
2025-11-14,RDOR3,46.06
2025-11-14,RENT3,44.05
2025-11-14,SANB11,33.78
2025-11-14,SBSP3,143.1
2025-11-14,SMFT3,24.5
2025-11-14,SUZB3,47.36
2025-11-14,TAEE11,45.0
2025-11-14,TEND3,25.05
2025-11-14,TIMS3,24.88
2025-11-14,TOTS3,48.14
2025-11-14,UGPA3,22.39
2025-11-14,USIM5,5.27
2025-11-14,VALE3,65.27
2025-11-14,VAMO3,3.75
2025-11-14,VBBR3,25.74
2025-11-14,VIVA3,33.22
2025-11-14,VIVT3,34.8
2025-11-14,WEGE3,44.44
2025-11-14,YDUQ3,12.6
2025-11-17,ABEV3,13.76
2025-11-17,ALOS3,27.99
2025-11-17,ASAI3,9.74
2025-11-17,AURE3,11.09
2025-11-17,AXIA3,61.05
2025-11-17,AZZA3,29.04
2025-11-17,B3SA3,14.16
2025-11-17,BBAS3,22.5
2025-11-17,BBDC3,16.47
2025-11-17,BBDC4,19.32
2025-11-17,BBSE3,33.85
2025-11-17,BEEF3,6.66
2025-11-17,BPAC11,52.98
2025-11-17,BRAP4,18.36
2025-11-17,BRAV3,14.52
2025-11-17,CEAB3,17.05
2025-11-17,CMIG4,11.53
2025-11-17,CMIN3,5.69
2025-11-17,COGN3,3.42
2025-11-17,CPFE3,46.59
2025-11-17,CPLE3,13.66
2025-11-17,CSAN3,6.0
2025-11-17,CSMG3,38.5
2025-11-17,CSNA3,8.35
2025-11-17,CURY3,37.13
2025-11-17,CXSE3,15.67
2025-11-17,CYRE3,34.3
2025-11-17,DIRR3,18.45
2025-11-17,EGIE3,43.15
2025-11-17,EMBJ3,84.09
2025-11-17,ENEV3,19.39
2025-11-17,ENGI11,53.62
2025-11-17,EQTL3,39.26
2025-11-17,FLRY3,15.78
2025-11-17,GGBR4,18.7
2025-11-17,GOAU4,10.74
2025-11-17,HAPV3,18.0
2025-11-17,HYPE3,25.58
2025-11-17,IGTI11,26.1
2025-11-17,ISAE4,27.44
2025-11-17,ITSA4,11.92
2025-11-17,ITUB4,40.3
2025-11-17,KLBN11,18.08
2025-11-17,LREN3,15.13
2025-11-17,MBRF3,25.6
2025-11-17,MGLU3,9.13
2025-11-17,MOTV3,15.91
2025-11-17,MRVE3,8.54
2025-11-17,MULT3,29.58
2025-11-17,NATU3,7.77
2025-11-17,PETR3,34.95
2025-11-17,PETR4,32.88
2025-11-17,POMO4,7.03
2025-11-17,PRIO3,39.85
2025-11-17,PSSA3,46.1
2025-11-17,RADL3,23.11
2025-11-17,RAIL3,15.02
2025-11-17,RDOR3,45.19
2025-11-17,RENT3,43.17
2025-11-17,SANB11,33.49
2025-11-17,SBSP3,139.1
2025-11-17,SMFT3,24.0
2025-11-17,SUZB3,48.5
2025-11-17,TAEE11,45.0
2025-11-17,TEND3,24.4
2025-11-17,TIMS3,24.72
2025-11-17,TOTS3,46.95
2025-11-17,UGPA3,21.97
2025-11-17,USIM5,5.23
2025-11-17,VALE3,65.22
2025-11-17,VAMO3,3.5
2025-11-17,VBBR3,25.9
2025-11-17,VIVA3,33.12
2025-11-17,VIVT3,34.23
2025-11-17,WEGE3,43.97
2025-11-17,YDUQ3,12.36
2025-11-18,ABEV3,13.74
2025-11-18,ALOS3,27.89
2025-11-18,ASAI3,9.52
2025-11-18,AURE3,11.6
2025-11-18,AXIA3,61.31
2025-11-18,AZZA3,30.32
2025-11-18,B3SA3,14.05
2025-11-18,BBAS3,21.88
2025-11-18,BBDC3,16.32
2025-11-18,BBDC4,19.09
2025-11-18,BBSE3,33.49
2025-11-18,BEEF3,6.8
2025-11-18,BPAC11,52.39
2025-11-18,BRAP4,18.38
2025-11-18,BRAV3,14.63
2025-11-18,CEAB3,17.15
2025-11-18,CMIG4,11.46
2025-11-18,CMIN3,5.67
2025-11-18,COGN3,3.76
2025-11-18,CPFE3,47.34
2025-11-18,CPLE3,13.62
2025-11-18,CSAN3,5.95
2025-11-18,CSMG3,38.08
2025-11-18,CSNA3,8.15
2025-11-18,CURY3,37.25
2025-11-18,CXSE3,15.78
2025-11-18,CYRE3,34.54
2025-11-18,DIRR3,18.61
2025-11-18,EGIE3,43.23
2025-11-18,EMBJ3,84.4
2025-11-18,ENEV3,19.29
2025-11-18,ENGI11,53.99
2025-11-18,EQTL3,39.18
2025-11-18,FLRY3,15.64
2025-11-18,GGBR4,18.65
2025-11-18,GOAU4,10.7
2025-11-18,HAPV3,17.0
2025-11-18,HYPE3,25.7
2025-11-18,IGTI11,26.23
2025-11-18,ISAE4,27.4
2025-11-18,ITSA4,11.84
2025-11-18,ITUB4,40.1
2025-11-18,KLBN11,17.84
2025-11-18,LREN3,15.08
2025-11-18,MBRF3,23.54
2025-11-18,MGLU3,9.47
2025-11-18,MOTV3,15.9
2025-11-18,MRVE3,8.37
2025-11-18,MULT3,29.83
2025-11-18,NATU3,7.75
2025-11-18,PETR3,34.95
2025-11-18,PETR4,32.99
2025-11-18,POMO4,7.28
2025-11-18,PRIO3,40.04
2025-11-18,PSSA3,45.91
2025-11-18,RADL3,23.65
2025-11-18,RAIL3,15.41
2025-11-18,RDOR3,45.07
2025-11-18,RENT3,43.0
2025-11-18,SANB11,33.42
2025-11-18,SBSP3,136.08
2025-11-18,SMFT3,23.86
2025-11-18,SUZB3,48.53
2025-11-18,TAEE11,44.41
2025-11-18,TEND3,24.67
2025-11-18,TIMS3,25.02
2025-11-18,TOTS3,47.07
2025-11-18,UGPA3,22.46
2025-11-18,USIM5,5.2
2025-11-18,VALE3,65.02
2025-11-18,VAMO3,3.53
2025-11-18,VBBR3,26.43
2025-11-18,VIVA3,33.01
2025-11-18,VIVT3,34.84
2025-11-18,WEGE3,43.44
2025-11-18,YDUQ3,12.65
2025-11-19,ABEV3,13.41
2025-11-19,ALOS3,27.33
2025-11-19,ASAI3,9.23
2025-11-19,AURE3,11.57
2025-11-19,AXIA3,60.82
2025-11-19,AZZA3,29.73
2025-11-19,B3SA3,13.85
2025-11-19,BBAS3,21.58
2025-11-19,BBDC3,16.2
2025-11-19,BBDC4,18.9
2025-11-19,BBSE3,33.32
2025-11-19,BEEF3,6.52
2025-11-19,BPAC11,52.12
2025-11-19,BRAP4,18.24
2025-11-19,BRAV3,14.47
2025-11-19,CEAB3,16.93
2025-11-19,CMIG4,11.11
2025-11-19,CMIN3,5.56
2025-11-19,COGN3,3.71
2025-11-19,CPFE3,47.77
2025-11-19,CPLE3,13.21
2025-11-19,CSAN3,5.84
2025-11-19,CSMG3,38.11
2025-11-19,CSNA3,8.11
2025-11-19,CURY3,37.35
2025-11-19,CXSE3,15.71
2025-11-19,CYRE3,34.16
2025-11-19,DIRR3,18.4
2025-11-19,EGIE3,42.86
2025-11-19,EMBJ3,86.4
2025-11-19,ENEV3,19.01
2025-11-19,ENGI11,53.09
2025-11-19,EQTL3,38.91
2025-11-19,FLRY3,15.63
2025-11-19,GGBR4,18.49
2025-11-19,GOAU4,10.59
2025-11-19,HAPV3,17.34
2025-11-19,HYPE3,25.43
2025-11-19,IGTI11,25.89
2025-11-19,ISAE4,27.13
2025-11-19,ITSA4,11.75
2025-11-19,ITUB4,39.85
2025-11-19,KLBN11,17.79
2025-11-19,LREN3,14.92
2025-11-19,MBRF3,21.51
2025-11-19,MGLU3,9.33
2025-11-19,MOTV3,15.88
2025-11-19,MRVE3,8.25
2025-11-19,MULT3,29.65
2025-11-19,NATU3,7.76
2025-11-19,PETR3,34.86
2025-11-19,PETR4,32.82
2025-11-19,POMO4,7.35
2025-11-19,PRIO3,39.41
2025-11-19,PSSA3,45.26
2025-11-19,RADL3,23.2
2025-11-19,RAIL3,15.69
2025-11-19,RDOR3,44.72
2025-11-19,RENT3,42.75
2025-11-19,SANB11,33.18
2025-11-19,SBSP3,136.67
2025-11-19,SMFT3,24.46
2025-11-19,SUZB3,48.33
2025-11-19,TAEE11,43.19
2025-11-19,TEND3,24.91
2025-11-19,TIMS3,24.27
2025-11-19,TOTS3,46.37
2025-11-19,UGPA3,22.25
2025-11-19,USIM5,5.13
2025-11-19,VALE3,64.95
2025-11-19,VAMO3,3.5
2025-11-19,VBBR3,25.88
2025-11-19,VIVA3,32.48
2025-11-19,VIVT3,34.38
2025-11-19,WEGE3,43.65
2025-11-19,YDUQ3,12.82
2025-11-21,ABEV3,13.62
2025-11-21,ALOS3,26.96
2025-11-21,ASAI3,9.01
2025-11-21,AURE3,11.8
2025-11-21,AXIA3,61.03
2025-11-21,AZZA3,30.4
2025-11-21,B3SA3,13.89
2025-11-21,BBAS3,22.0
2025-11-21,BBDC3,16.12
2025-11-21,BBDC4,18.79
2025-11-21,BBSE3,33.27
2025-11-21,BEEF3,6.35
2025-11-21,BPAC11,51.21
2025-11-21,BRAP4,18.29
2025-11-21,BRAV3,14.07
2025-11-21,CEAB3,17.1
2025-11-21,CMIG4,11.01
2025-11-21,CMIN3,5.59
2025-11-21,COGN3,3.78
2025-11-21,CPFE3,47.69
2025-11-21,CPLE3,13.02
2025-11-21,CSAN3,5.85
2025-11-21,CSMG3,37.89
2025-11-21,CSNA3,8.1
2025-11-21,CURY3,37.59
2025-11-21,CXSE3,15.73
2025-11-21,CYRE3,34.1
2025-11-21,DIRR3,18.25
2025-11-21,EGIE3,42.64
2025-11-21,EMBJ3,82.65
2025-11-21,ENEV3,19.05
2025-11-21,ENGI11,52.96
2025-11-21,EQTL3,38.84
2025-11-21,FLRY3,15.33
2025-11-21,GGBR4,18.47
2025-11-21,GOAU4,10.64
2025-11-21,HAPV3,17.42
2025-11-21,HYPE3,25.18
2025-11-21,IGTI11,25.44
2025-11-21,ISAE4,27.11
2025-11-21,ITSA4,11.78
2025-11-21,ITUB4,39.97
2025-11-21,KLBN11,17.57
2025-11-21,LREN3,15.19
2025-11-21,MBRF3,20.7
2025-11-21,MGLU3,9.63
2025-11-21,MOTV3,15.66
2025-11-21,MRVE3,8.38
2025-11-21,MULT3,29.2
2025-11-21,NATU3,7.61
2025-11-21,PETR3,34.56
2025-11-21,PETR4,32.57
2025-11-21,POMO4,7.35
2025-11-21,PRIO3,38.8
2025-11-21,PSSA3,45.7
2025-11-21,RADL3,22.88
2025-11-21,RAIL3,15.33
2025-11-21,RDOR3,44.61
2025-11-21,RENT3,42.04
2025-11-21,SANB11,33.08
2025-11-21,SBSP3,137.08
2025-11-21,SMFT3,23.98
2025-11-21,SUZB3,48.31
2025-11-21,TAEE11,42.43
2025-11-21,TEND3,24.85
2025-11-21,TIMS3,24.72
2025-11-21,TOTS3,43.28
2025-11-21,UGPA3,21.8
2025-11-21,USIM5,5.18
2025-11-21,VALE3,65.16
2025-11-21,VAMO3,3.39
2025-11-21,VBBR3,25.9
2025-11-21,VIVA3,32.19
2025-11-21,VIVT3,34.48
2025-11-21,WEGE3,43.22
2025-11-21,YDUQ3,12.58
2025-11-24,ABEV3,13.77
2025-11-24,ALOS3,27.76
2025-11-24,ASAI3,9.36
2025-11-24,AURE3,12.07
2025-11-24,AXIA3,61.58
2025-11-24,AZZA3,28.79
2025-11-24,B3SA3,13.98
2025-11-24,BBAS3,21.84
2025-11-24,BBDC3,16.08
2025-11-24,BBDC4,18.8
2025-11-24,BBSE3,33.56
2025-11-24,BEEF3,6.36
2025-11-24,BPAC11,51.19
2025-11-24,BRAP4,18.47
2025-11-24,BRAV3,13.89
2025-11-24,CEAB3,17.6
2025-11-24,CMIG4,11.2
2025-11-24,CMIN3,5.24
2025-11-24,COGN3,3.74
2025-11-24,CPFE3,48.11
2025-11-24,CPLE3,13.15
2025-11-24,CSAN3,5.91
2025-11-24,CSMG3,38.2
2025-11-24,CSNA3,8.11
2025-11-24,CURY3,38.27
2025-11-24,CXSE3,16.04
2025-11-24,CYRE3,34.51
2025-11-24,DIRR3,18.38
2025-11-24,EGIE3,43.43
2025-11-24,EMBJ3,82.52
2025-11-24,ENEV3,19.1
2025-11-24,ENGI11,53.67
2025-11-24,EQTL3,38.75
2025-11-24,FLRY3,15.23
2025-11-24,GGBR4,18.59
2025-11-24,GOAU4,10.77
2025-11-24,HAPV3,17.13
2025-11-24,HYPE3,25.31
2025-11-24,IGTI11,25.85
2025-11-24,ISAE4,27.43
2025-11-24,ITSA4,11.81
2025-11-24,ITUB4,39.82
2025-11-24,KLBN11,17.33
2025-11-24,LREN3,15.1
2025-11-24,MBRF3,20.8
2025-11-24,MGLU3,9.9
2025-11-24,MOTV3,15.94
2025-11-24,MRVE3,8.71
2025-11-24,MULT3,29.35
2025-11-24,NATU3,7.47
2025-11-24,PETR3,34.39
2025-11-24,PETR4,32.54
2025-11-24,POMO4,7.29
2025-11-24,PRIO3,38.54
2025-11-24,PSSA3,46.5
2025-11-24,RADL3,23.2
2025-11-24,RAIL3,15.25
2025-11-24,RDOR3,45.48
2025-11-24,RENT3,42.97
2025-11-24,SANB11,33.09
2025-11-24,SBSP3,140.62
2025-11-24,SMFT3,24.16
2025-11-24,SUZB3,47.98
2025-11-24,TAEE11,42.94
2025-11-24,TEND3,24.82
2025-11-24,TIMS3,24.8
2025-11-24,TOTS3,42.72
2025-11-24,UGPA3,22.01
2025-11-24,USIM5,5.13
2025-11-24,VALE3,65.09
2025-11-24,VAMO3,3.52
2025-11-24,VBBR3,26.2
2025-11-24,VIVA3,32.71
2025-11-24,VIVT3,34.71
2025-11-24,WEGE3,43.19
2025-11-24,YDUQ3,12.62
2025-11-25,ABEV3,13.74
2025-11-25,ALOS3,28.03
2025-11-25,ASAI3,9.4
2025-11-25,AURE3,11.89
2025-11-25,AXIA3,62.56
2025-11-25,AZZA3,28.49
2025-11-25,B3SA3,14.17
2025-11-25,BBAS3,21.97
2025-11-25,BBDC3,16.22
2025-11-25,BBDC4,18.95
2025-11-25,BBSE3,34.14
2025-11-25,BEEF3,6.32
2025-11-25,BPAC11,51.77
2025-11-25,BRAP4,18.66
2025-11-25,BRAV3,13.72
2025-11-25,CEAB3,18.24
2025-11-25,CMIG4,11.27
2025-11-25,CMIN3,5.36
2025-11-25,COGN3,3.83
2025-11-25,CPFE3,48.2
2025-11-25,CPLE3,13.37
2025-11-25,CSAN3,5.87
2025-11-25,CSMG3,39.24
2025-11-25,CSNA3,8.31
2025-11-25,CURY3,38.62
2025-11-25,CXSE3,16.0
2025-11-25,CYRE3,34.66
2025-11-25,DIRR3,18.32
2025-11-25,EGIE3,43.33
2025-11-25,EMBJ3,82.25
2025-11-25,ENEV3,19.41
2025-11-25,ENGI11,53.78
2025-11-25,EQTL3,39.15
2025-11-25,FLRY3,15.03
2025-11-25,GGBR4,18.76
2025-11-25,GOAU4,10.82
2025-11-25,HAPV3,17.06
2025-11-25,HYPE3,25.4
2025-11-25,IGTI11,26.11
2025-11-25,ISAE4,27.37
2025-11-25,ITSA4,11.81
2025-11-25,ITUB4,39.91
2025-11-25,KLBN11,17.57
2025-11-25,LREN3,15.23
2025-11-25,MBRF3,20.12
2025-11-25,MGLU3,10.26
2025-11-25,MOTV3,15.99
2025-11-25,MRVE3,8.9
2025-11-25,MULT3,29.52
2025-11-25,NATU3,7.67
2025-11-25,PETR3,34.06
2025-11-25,PETR4,32.28
2025-11-25,POMO4,6.4
2025-11-25,PRIO3,37.52
2025-11-25,PSSA3,46.59
2025-11-25,RADL3,22.93
2025-11-25,RAIL3,15.43
2025-11-25,RDOR3,45.51
2025-11-25,RENT3,43.51
2025-11-25,SANB11,33.59
2025-11-25,SBSP3,140.64
2025-11-25,SMFT3,24.65
2025-11-25,SUZB3,47.8
2025-11-25,TAEE11,42.89
2025-11-25,TEND3,24.84
2025-11-25,TIMS3,24.91
2025-11-25,TOTS3,43.3
2025-11-25,UGPA3,22.14
2025-11-25,USIM5,5.46
2025-11-25,VALE3,65.6
2025-11-25,VAMO3,3.62
2025-11-25,VBBR3,26.69
2025-11-25,VIVA3,33.79
2025-11-25,VIVT3,34.79
2025-11-25,WEGE3,42.96
2025-11-25,YDUQ3,12.88
2025-11-26,ABEV3,13.67
2025-11-26,ALOS3,27.96
2025-11-26,ASAI3,10.0
2025-11-26,AURE3,12.17
2025-11-26,AXIA3,64.1
2025-11-26,AZZA3,29.21
2025-11-26,B3SA3,14.71
2025-11-26,BBAS3,22.22
2025-11-26,BBDC3,16.64
2025-11-26,BBDC4,19.52
2025-11-26,BBSE3,34.6
2025-11-26,BEEF3,6.29
2025-11-26,BPAC11,52.67
2025-11-26,BRAP4,19.15
2025-11-26,BRAV3,13.67
2025-11-26,CEAB3,18.5
2025-11-26,CMIG4,11.45
2025-11-26,CMIN3,5.42
2025-11-26,COGN3,3.88
2025-11-26,CPFE3,49.04
2025-11-26,CPLE3,13.7
2025-11-26,CSAN3,6.08
2025-11-26,CSMG3,39.54
2025-11-26,CSNA3,8.64
2025-11-26,CURY3,38.86
2025-11-26,CXSE3,16.28
2025-11-26,CYRE3,34.98
2025-11-26,DIRR3,18.36
2025-11-26,EGIE3,44.37
2025-11-26,EMBJ3,83.21
2025-11-26,ENEV3,20.2
2025-11-26,ENGI11,55.54
2025-11-26,EQTL3,39.7
2025-11-26,FLRY3,15.52
2025-11-26,GGBR4,19.13
2025-11-26,GOAU4,11.07
2025-11-26,HAPV3,15.84
2025-11-26,HYPE3,26.03
2025-11-26,IGTI11,26.41
2025-11-26,ISAE4,27.53
2025-11-26,ITSA4,12.1
2025-11-26,ITUB4,40.85
2025-11-26,KLBN11,17.72
2025-11-26,LREN3,15.45
2025-11-26,MBRF3,20.05
2025-11-26,MGLU3,10.11
2025-11-26,MOTV3,16.15
2025-11-26,MRVE3,8.89
2025-11-26,MULT3,29.86
2025-11-26,NATU3,8.0
2025-11-26,PETR3,33.95
2025-11-26,PETR4,32.23
2025-11-26,POMO4,6.44
2025-11-26,PRIO3,37.99
2025-11-26,PSSA3,47.51
2025-11-26,RADL3,23.58
2025-11-26,RAIL3,16.84
2025-11-26,RDOR3,46.91
2025-11-26,RENT3,44.76
2025-11-26,SANB11,34.19
2025-11-26,SBSP3,141.48
2025-11-26,SMFT3,25.6
2025-11-26,SUZB3,47.86
2025-11-26,TAEE11,43.48
2025-11-26,TEND3,26.06
2025-11-26,TIMS3,25.07
2025-11-26,TOTS3,42.94
2025-11-26,UGPA3,22.05
2025-11-26,USIM5,5.47
2025-11-26,VALE3,66.58
2025-11-26,VAMO3,3.86
2025-11-26,VBBR3,24.07
2025-11-26,VIVA3,35.32
2025-11-26,VIVT3,35.11
2025-11-26,WEGE3,44.4
2025-11-26,YDUQ3,13.23
2025-11-27,ABEV3,13.72
2025-11-27,ALOS3,27.93
2025-11-27,ASAI3,10.06
2025-11-27,AURE3,12.36
2025-11-27,AXIA3,63.2
2025-11-27,AZZA3,28.53
2025-11-27,B3SA3,14.73
2025-11-27,BBAS3,22.16
2025-11-27,BBDC3,16.59
2025-11-27,BBDC4,19.48
2025-11-27,BBSE3,34.49
2025-11-27,BEEF3,6.24
2025-11-27,BPAC11,52.66
2025-11-27,BRAP4,19.06
2025-11-27,BRAV3,13.6
2025-11-27,CEAB3,18.7
2025-11-27,CMIG4,11.47
2025-11-27,CMIN3,5.4
2025-11-27,COGN3,3.9
2025-11-27,CPFE3,49.26
2025-11-27,CPLE3,13.67
2025-11-27,CSAN3,6.11
2025-11-27,CSMG3,41.4
2025-11-27,CSNA3,8.48
2025-11-27,CURY3,38.86
2025-11-27,CXSE3,16.39
2025-11-27,CYRE3,34.77
2025-11-27,DIRR3,18.33
2025-11-27,EGIE3,31.72
2025-11-27,EMBJ3,83.44
2025-11-27,ENEV3,20.04
2025-11-27,ENGI11,54.56
2025-11-27,EQTL3,39.66
2025-11-27,FLRY3,15.64
2025-11-27,GGBR4,19.11
2025-11-27,GOAU4,11.02
2025-11-27,HAPV3,15.0
2025-11-27,HYPE3,26.44
2025-11-27,IGTI11,26.29
2025-11-27,ISAE4,27.63
2025-11-27,ITSA4,12.03
2025-11-27,ITUB4,40.71
2025-11-27,KLBN11,17.75
2025-11-27,LREN3,15.88
2025-11-27,MBRF3,19.61
2025-11-27,MGLU3,10.12
2025-11-27,MOTV3,16.15
2025-11-27,MRVE3,9.0
2025-11-27,MULT3,29.93
2025-11-27,NATU3,7.93
2025-11-27,PETR3,34.22
2025-11-27,PETR4,32.4
2025-11-27,POMO4,6.37
2025-11-27,PRIO3,37.71
2025-11-27,PSSA3,47.5
2025-11-27,RADL3,23.66
2025-11-27,RAIL3,17.03
2025-11-27,RDOR3,46.05
2025-11-27,RENT3,44.7
2025-11-27,SANB11,34.22
2025-11-27,SBSP3,141.85
2025-11-27,SMFT3,25.81
2025-11-27,SUZB3,48.2
2025-11-27,TAEE11,43.49
2025-11-27,TEND3,26.63
2025-11-27,TIMS3,25.04
2025-11-27,TOTS3,42.52
2025-11-27,UGPA3,22.3
2025-11-27,USIM5,5.35
2025-11-27,VALE3,66.33
2025-11-27,VAMO3,3.84
2025-11-27,VBBR3,24.56
2025-11-27,VIVA3,35.2
2025-11-27,VIVT3,35.25
2025-11-27,WEGE3,44.05
2025-11-27,YDUQ3,13.24
2025-11-28,ABEV3,13.86
2025-11-28,ALOS3,28.35
2025-11-28,ASAI3,9.45
2025-11-28,AURE3,12.27
2025-11-28,AXIA3,62.5
2025-11-28,AZZA3,28.96
2025-11-28,B3SA3,14.96
2025-11-28,BBAS3,22.47
2025-11-28,BBDC3,16.74
2025-11-28,BBDC4,19.65
2025-11-28,BBSE3,34.11
2025-11-28,BEEF3,6.23
2025-11-28,BPAC11,54.0
2025-11-28,BRAP4,19.43
2025-11-28,BRAV3,13.64
2025-11-28,CEAB3,17.76
2025-11-28,CMIG4,11.5
2025-11-28,CMIN3,5.4
2025-11-28,COGN3,3.9
2025-11-28,CPFE3,48.77
2025-11-28,CPLE3,13.62
2025-11-28,CSAN3,6.16
2025-11-28,CSMG3,41.63
2025-11-28,CSNA3,8.44
2025-11-28,CURY3,38.37
2025-11-28,CXSE3,16.19
2025-11-28,CYRE3,35.73
2025-11-28,DIRR3,18.51
2025-11-28,EGIE3,30.64
2025-11-28,EMBJ3,84.04
2025-11-28,ENEV3,19.87
2025-11-28,ENGI11,49.32
2025-11-28,EQTL3,39.76
2025-11-28,FLRY3,16.05
2025-11-28,GGBR4,19.04
2025-11-28,GOAU4,11.0
2025-11-28,HAPV3,14.1
2025-11-28,HYPE3,26.8
2025-11-28,IGTI11,26.4
2025-11-28,ISAE4,27.85
2025-11-28,ITSA4,12.33
2025-11-28,ITUB4,41.64
2025-11-28,KLBN11,17.74
2025-11-28,LREN3,15.75
2025-11-28,MBRF3,19.33
2025-11-28,MGLU3,10.28
2025-11-28,MOTV3,15.97
2025-11-28,MRVE3,9.3
2025-11-28,MULT3,30.16
2025-11-28,NATU3,8.29
2025-11-28,PETR3,33.38
2025-11-28,PETR4,31.79
2025-11-28,POMO4,6.47
2025-11-28,PRIO3,37.21
2025-11-28,PSSA3,47.19
2025-11-28,RADL3,24.01
2025-11-28,RAIL3,16.85
2025-11-28,RDOR3,46.63
2025-11-28,RENT3,45.25
2025-11-28,SANB11,34.2
2025-11-28,SBSP3,140.99
2025-11-28,SMFT3,26.25
2025-11-28,SUZB3,47.58
2025-11-28,TAEE11,43.52
2025-11-28,TEND3,27.45
2025-11-28,TIMS3,25.33
2025-11-28,TOTS3,42.8
2025-11-28,UGPA3,21.99
2025-11-28,USIM5,5.41
2025-11-28,VALE3,67.4
2025-11-28,VAMO3,3.83
2025-11-28,VBBR3,24.88
2025-11-28,VIVA3,35.12
2025-11-28,VIVT3,35.43
2025-11-28,WEGE3,44.25
2025-11-28,YDUQ3,13.61
2025-12-01,ABEV3,14.01
2025-12-01,ALOS3,28.39
2025-12-01,ASAI3,9.25
2025-12-01,AURE3,12.22
2025-12-01,AXIA3,62.68
2025-12-01,AZZA3,28.16
2025-12-01,B3SA3,14.89
2025-12-01,BBAS3,22.26
2025-12-01,BBDC3,16.61
2025-12-01,BBDC4,19.35
2025-12-01,BBSE3,34.61
2025-12-01,BEEF3,6.05
2025-12-01,BPAC11,53.67
2025-12-01,BRAP4,19.63
2025-12-01,BRAV3,13.65
2025-12-01,CEAB3,17.0
2025-12-01,CMIG4,11.26
2025-12-01,CMIN3,5.34
2025-12-01,COGN3,3.86
2025-12-01,CPFE3,48.6
2025-12-01,CPLE3,13.6
2025-12-01,CSAN3,6.15
2025-12-01,CSMG3,42.77
2025-12-01,CSNA3,8.45
2025-12-01,CURY3,37.8
2025-12-01,CXSE3,15.89
2025-12-01,CYRE3,35.95
2025-12-01,DIRR3,18.4
2025-12-01,EGIE3,30.36
2025-12-01,EMBJ3,82.67
2025-12-01,ENEV3,20.55
2025-12-01,ENGI11,48.49
2025-12-01,EQTL3,39.3
2025-12-01,FLRY3,15.91
2025-12-01,GGBR4,19.15
2025-12-01,GOAU4,11.06
2025-12-01,HAPV3,14.06
2025-12-01,HYPE3,26.36
2025-12-01,IGTI11,26.44
2025-12-01,ISAE4,27.44
2025-12-01,ITSA4,12.24
2025-12-01,ITUB4,41.3
2025-12-01,KLBN11,17.75
2025-12-01,LREN3,15.76
2025-12-01,MBRF3,18.36
2025-12-01,MGLU3,10.34
2025-12-01,MOTV3,16.14
2025-12-01,MRVE3,9.27
2025-12-01,MULT3,29.78
2025-12-01,NATU3,8.19
2025-12-01,PETR3,33.59
2025-12-01,PETR4,31.85
2025-12-01,POMO4,6.41
2025-12-01,PRIO3,37.56
2025-12-01,PSSA3,47.74
2025-12-01,RADL3,23.46
2025-12-01,RAIL3,16.58
2025-12-01,RDOR3,45.7
2025-12-01,RENT3,45.4
2025-12-01,SANB11,33.91
2025-12-01,SBSP3,139.73
2025-12-01,SMFT3,25.91
2025-12-01,SUZB3,47.48
2025-12-01,TAEE11,42.5
2025-12-01,TEND3,28.25
2025-12-01,TIMS3,24.4
2025-12-01,TOTS3,43.32
2025-12-01,UGPA3,21.59
2025-12-01,USIM5,5.39
2025-12-01,VALE3,67.92
2025-12-01,VAMO3,3.87
2025-12-01,VBBR3,24.89
2025-12-01,VIVA3,34.78
2025-12-01,VIVT3,34.82
2025-12-01,WEGE3,45.18
2025-12-01,YDUQ3,13.63
2025-12-02,ABEV3,14.0
2025-12-02,ALOS3,28.98
2025-12-02,ASAI3,9.37
2025-12-02,AURE3,12.64
2025-12-02,AXIA3,63.84
2025-12-02,AZZA3,28.85
2025-12-02,B3SA3,15.1
2025-12-02,BBAS3,22.56
2025-12-02,BBDC3,16.76
2025-12-02,BBDC4,19.54
2025-12-02,BBSE3,34.8
2025-12-02,BEEF3,6.1
2025-12-02,BPAC11,55.18
2025-12-02,BRAP4,19.97
2025-12-02,BRAV3,13.74
2025-12-02,CEAB3,17.32
2025-12-02,CMIG4,11.32
2025-12-02,CMIN3,5.43
2025-12-02,COGN3,3.87
2025-12-02,CPFE3,49.73
2025-12-02,CPLE3,13.74
2025-12-02,CSAN3,6.4
2025-12-02,CSMG3,43.61
2025-12-02,CSNA3,8.58
2025-12-02,CURY3,37.96
2025-12-02,CXSE3,16.14
2025-12-02,CYRE3,36.82
2025-12-02,DIRR3,18.58
2025-12-02,EGIE3,31.07
2025-12-02,EMBJ3,84.73
2025-12-02,ENEV3,21.02
2025-12-02,ENGI11,49.63
2025-12-02,EQTL3,40.2
2025-12-02,FLRY3,16.1
2025-12-02,GGBR4,19.11
2025-12-02,GOAU4,11.06
2025-12-02,HAPV3,14.6
2025-12-02,HYPE3,26.39
2025-12-02,IGTI11,27.16
2025-12-02,ISAE4,27.75
2025-12-02,ITSA4,12.54
2025-12-02,ITUB4,42.22
2025-12-02,KLBN11,17.86
2025-12-02,LREN3,15.79
2025-12-02,MBRF3,18.43
2025-12-02,MGLU3,10.59
2025-12-02,MOTV3,16.36
2025-12-02,MRVE3,9.36
2025-12-02,MULT3,30.41
2025-12-02,NATU3,8.36
2025-12-02,PETR3,33.77
2025-12-02,PETR4,32.07
2025-12-02,POMO4,6.52
2025-12-02,PRIO3,37.58
2025-12-02,PSSA3,48.05
2025-12-02,RADL3,24.31
2025-12-02,RAIL3,16.83
2025-12-02,RDOR3,46.48
2025-12-02,RENT3,47.55
2025-12-02,SANB11,34.8
2025-12-02,SBSP3,143.88
2025-12-02,SMFT3,26.67
2025-12-02,SUZB3,48.2
2025-12-02,TAEE11,42.5
2025-12-02,TEND3,28.02
2025-12-02,TIMS3,24.22
2025-12-02,TOTS3,43.98
2025-12-02,UGPA3,22.31
2025-12-02,USIM5,5.4
2025-12-02,VALE3,68.48
2025-12-02,VAMO3,4.12
2025-12-02,VBBR3,25.38
2025-12-02,VIVA3,35.46
2025-12-02,VIVT3,35.09
2025-12-02,WEGE3,45.61
2025-12-02,YDUQ3,13.62
2025-12-03,ABEV3,14.15
2025-12-03,ALOS3,29.1
2025-12-03,ASAI3,9.13
2025-12-03,AURE3,12.86
2025-12-03,AXIA3,64.69
2025-12-03,AZZA3,28.49
2025-12-03,B3SA3,14.79
2025-12-03,BBAS3,22.38
2025-12-03,BBDC3,16.33
2025-12-03,BBDC4,19.0
2025-12-03,BBSE3,34.75
2025-12-03,BEEF3,6.16
2025-12-03,BPAC11,56.08
2025-12-03,BRAP4,20.34
2025-12-03,BRAV3,13.59
2025-12-03,CEAB3,17.02
2025-12-03,CMIG4,11.32
2025-12-03,CMIN3,5.57
2025-12-03,COGN3,3.88
2025-12-03,CPFE3,49.59
2025-12-03,CPLE3,13.78
2025-12-03,CSAN3,6.5
2025-12-03,CSMG3,42.95
2025-12-03,CSNA3,9.05
2025-12-03,CURY3,37.1
2025-12-03,CXSE3,16.15
2025-12-03,CYRE3,36.8
2025-12-03,DIRR3,18.06
2025-12-03,EGIE3,30.81
2025-12-03,EMBJ3,86.46
2025-12-03,ENEV3,20.53
2025-12-03,ENGI11,49.36
2025-12-03,EQTL3,40.16
2025-12-03,FLRY3,15.2
2025-12-03,GGBR4,19.63
2025-12-03,GOAU4,11.39
2025-12-03,HAPV3,14.64
2025-12-03,HYPE3,26.79
2025-12-03,IGTI11,27.05
2025-12-03,ISAE4,27.58
2025-12-03,ITSA4,12.56
2025-12-03,ITUB4,42.22
2025-12-03,KLBN11,18.1
2025-12-03,LREN3,15.46
2025-12-03,MBRF3,19.21
2025-12-03,MGLU3,11.24
2025-12-03,MOTV3,16.43
2025-12-03,MRVE3,9.31
2025-12-03,MULT3,30.29
2025-12-03,NATU3,8.39
2025-12-03,PETR3,34.19
2025-12-03,PETR4,32.31
2025-12-03,POMO4,6.39
2025-12-03,PRIO3,39.33
2025-12-03,PSSA3,48.07
2025-12-03,RADL3,24.06
2025-12-03,RAIL3,16.67
2025-12-03,RDOR3,45.81
2025-12-03,RENT3,47.22
2025-12-03,SANB11,34.35
2025-12-03,SBSP3,141.78
2025-12-03,SMFT3,26.54
2025-12-03,SUZB3,48.95
2025-12-03,TAEE11,41.99
2025-12-03,TEND3,26.55
2025-12-03,TIMS3,23.82
2025-12-03,TOTS3,44.32
2025-12-03,UGPA3,22.57
2025-12-03,USIM5,5.81
2025-12-03,VALE3,70.69
2025-12-03,VAMO3,4.16
2025-12-03,VBBR3,25.51
2025-12-03,VIVA3,36.1
2025-12-03,VIVT3,34.31
2025-12-03,WEGE3,45.05
2025-12-03,YDUQ3,14.02
2025-12-04,ABEV3,13.95
2025-12-04,ALOS3,29.7
2025-12-04,ASAI3,9.49
2025-12-04,AURE3,12.89
2025-12-04,AXIA3,66.65
2025-12-04,AZZA3,28.51
2025-12-04,B3SA3,15.02
2025-12-04,BBAS3,22.77
2025-12-04,BBDC3,16.51
2025-12-04,BBDC4,19.27
2025-12-04,BBSE3,35.3
2025-12-04,BEEF3,6.26
2025-12-04,BPAC11,56.92
2025-12-04,BRAP4,20.72
2025-12-04,BRAV3,13.73
2025-12-04,CEAB3,15.48
2025-12-04,CMIG4,11.48
2025-12-04,CMIN3,5.61
2025-12-04,COGN3,4.0
2025-12-04,CPFE3,50.25
2025-12-04,CPLE3,13.93
2025-12-04,CSAN3,6.6
2025-12-04,CSMG3,42.89
2025-12-04,CSNA3,9.29
2025-12-04,CURY3,38.65
2025-12-04,CXSE3,16.22
2025-12-04,CYRE3,38.29
2025-12-04,DIRR3,18.7
2025-12-04,EGIE3,31.24
2025-12-04,EMBJ3,84.79
2025-12-04,ENEV3,20.79
2025-12-04,ENGI11,51.06
2025-12-04,EQTL3,41.25
2025-12-04,FLRY3,15.39
2025-12-04,GGBR4,19.6
2025-12-04,GOAU4,11.45
2025-12-04,HAPV3,15.55
2025-12-04,HYPE3,27.57
2025-12-04,IGTI11,27.5
2025-12-04,ISAE4,28.0
2025-12-04,ITSA4,12.91
2025-12-04,ITUB4,43.26
2025-12-04,KLBN11,18.38
2025-12-04,LREN3,15.04
2025-12-04,MBRF3,20.06
2025-12-04,MGLU3,11.65
2025-12-04,MOTV3,16.57
2025-12-04,MRVE3,9.23
2025-12-04,MULT3,30.71
2025-12-04,NATU3,8.72
2025-12-04,PETR3,34.38
2025-12-04,PETR4,32.52
2025-12-04,POMO4,6.61
2025-12-04,PRIO3,39.59
2025-12-04,PSSA3,48.59
2025-12-04,RADL3,24.08
2025-12-04,RAIL3,16.89
2025-12-04,RDOR3,47.42
2025-12-04,RENT3,49.6
2025-12-04,SANB11,34.7
2025-12-04,SBSP3,143.45
2025-12-04,SMFT3,27.3
2025-12-04,SUZB3,49.54
2025-12-04,TAEE11,42.3
2025-12-04,TEND3,27.2
2025-12-04,TIMS3,23.89
2025-12-04,TOTS3,47.54
2025-12-04,UGPA3,23.47
2025-12-04,USIM5,5.86
2025-12-04,VALE3,71.92
2025-12-04,VAMO3,4.15
2025-12-04,VBBR3,25.89
2025-12-04,VIVA3,36.0
2025-12-04,VIVT3,35.01
2025-12-04,WEGE3,45.5
2025-12-04,YDUQ3,14.3
2025-12-05,ABEV3,13.61
2025-12-05,ALOS3,27.24
2025-12-05,ASAI3,8.57
2025-12-05,AURE3,12.2
2025-12-05,AXIA3,63.1
2025-12-05,AZZA3,25.67
2025-12-05,B3SA3,14.01
2025-12-05,BBAS3,21.16
2025-12-05,BBDC3,15.58
2025-12-05,BBDC4,18.12
2025-12-05,BBSE3,34.5
2025-12-05,BEEF3,6.14
2025-12-05,BPAC11,52.42
2025-12-05,BRAP4,20.13
2025-12-05,BRAV3,13.48
2025-12-05,CEAB3,14.26
2025-12-05,CMIG4,11.08
2025-12-05,CMIN3,5.44
2025-12-05,COGN3,3.69
2025-12-05,CPFE3,48.55
2025-12-05,CPLE3,13.28
2025-12-05,CSAN3,6.09
2025-12-05,CSMG3,41.75
2025-12-05,CSNA3,8.91
2025-12-05,CURY3,36.51
2025-12-05,CXSE3,15.89
2025-12-05,CYRE3,34.5
2025-12-05,DIRR3,17.11
2025-12-05,EGIE3,29.64
2025-12-05,EMBJ3,84.37
2025-12-05,ENEV3,19.85
2025-12-05,ENGI11,48.45
2025-12-05,EQTL3,39.24
2025-12-05,FLRY3,14.49
2025-12-05,GGBR4,19.1
2025-12-05,GOAU4,11.12
2025-12-05,HAPV3,14.47
2025-12-05,HYPE3,25.35
2025-12-05,IGTI11,25.26
2025-12-05,ISAE4,26.65
2025-12-05,ITSA4,12.36
2025-12-05,ITUB4,41.26
2025-12-05,KLBN11,18.65
2025-12-05,LREN3,13.88
2025-12-05,MBRF3,19.49
2025-12-05,MGLU3,10.51
2025-12-05,MOTV3,15.63
2025-12-05,MRVE3,8.47
2025-12-05,MULT3,27.98
2025-12-05,NATU3,8.08
2025-12-05,PETR3,32.84
2025-12-05,PETR4,31.37
2025-12-05,POMO4,6.24
2025-12-05,PRIO3,39.26
2025-12-05,PSSA3,47.29
2025-12-05,RADL3,22.88
2025-12-05,RAIL3,16.12
2025-12-05,RDOR3,44.1
2025-12-05,RENT3,45.93
2025-12-05,SANB11,33.17
2025-12-05,SBSP3,137.42
2025-12-05,SMFT3,25.05
2025-12-05,SUZB3,50.5
2025-12-05,TAEE11,41.21
2025-12-05,TEND3,24.76
2025-12-05,TIMS3,23.27
2025-12-05,TOTS3,45.91
2025-12-05,UGPA3,21.87
2025-12-05,USIM5,5.65
2025-12-05,VALE3,70.22
2025-12-05,VAMO3,3.92
2025-12-05,VBBR3,24.62
2025-12-05,VIVA3,32.9
2025-12-05,VIVT3,33.38
2025-12-05,WEGE3,46.7
2025-12-05,YDUQ3,12.75
2025-12-08,ABEV3,13.62
2025-12-08,ALOS3,27.56
2025-12-08,ASAI3,8.19
2025-12-08,AURE3,12.24
2025-12-08,AXIA3,63.82
2025-12-08,AZZA3,25.55
2025-12-08,B3SA3,14.35
2025-12-08,BBAS3,21.6
2025-12-08,BBDC3,15.66
2025-12-08,BBDC4,18.25
2025-12-08,BBSE3,35.42
2025-12-08,BEEF3,6.12
2025-12-08,BPAC11,52.94
2025-12-08,BRAP4,20.11
2025-12-08,BRAV3,13.56
2025-12-08,CEAB3,14.09
2025-12-08,CMIG4,11.12
2025-12-08,CMIN3,5.45
2025-12-08,COGN3,3.71
2025-12-08,CPFE3,48.7
2025-12-08,CPLE3,13.26
2025-12-08,CSAN3,6.03
2025-12-08,CSMG3,43.42
2025-12-08,CSNA3,8.76
2025-12-08,CURY3,36.15
2025-12-08,CXSE3,16.3
2025-12-08,CYRE3,35.94
2025-12-08,DIRR3,17.21
2025-12-08,EGIE3,30.09
2025-12-08,EMBJ3,86.14
2025-12-08,ENEV3,19.73
2025-12-08,ENGI11,47.73
2025-12-08,EQTL3,38.93
2025-12-08,FLRY3,14.5
2025-12-08,GGBR4,19.05
2025-12-08,GOAU4,11.07
2025-12-08,HAPV3,13.6
2025-12-08,HYPE3,24.73
2025-12-08,IGTI11,25.4
2025-12-08,ISAE4,26.89
2025-12-08,ITSA4,12.42
2025-12-08,ITUB4,41.46
2025-12-08,KLBN11,18.7
2025-12-08,LREN3,14.24
2025-12-08,MBRF3,19.53
2025-12-08,MGLU3,10.54
2025-12-08,MOTV3,15.56
2025-12-08,MRVE3,8.34
2025-12-08,MULT3,28.3
2025-12-08,NATU3,7.85
2025-12-08,PETR3,33.28
2025-12-08,PETR4,31.66
2025-12-08,POMO4,6.33
2025-12-08,PRIO3,39.35
2025-12-08,PSSA3,48.05
2025-12-08,RADL3,23.31
2025-12-08,RAIL3,15.8
2025-12-08,RDOR3,44.48
2025-12-08,RENT3,46.02
2025-12-08,SANB11,32.85
2025-12-08,SBSP3,137.19
2025-12-08,SMFT3,24.31
2025-12-08,SUZB3,50.39
2025-12-08,TAEE11,41.52
2025-12-08,TEND3,24.86
2025-12-08,TIMS3,23.5
2025-12-08,TOTS3,45.48
2025-12-08,UGPA3,20.75
2025-12-08,USIM5,5.7
2025-12-08,VALE3,69.74
2025-12-08,VAMO3,3.9
2025-12-08,VBBR3,25.0
2025-12-08,VIVA3,33.21
2025-12-08,VIVT3,33.7
2025-12-08,WEGE3,47.77
2025-12-08,YDUQ3,12.71
2025-12-09,ABEV3,13.64
2025-12-09,ALOS3,27.97
2025-12-09,ASAI3,8.14
2025-12-09,AURE3,12.29
2025-12-09,AXIA3,64.79
2025-12-09,AZZA3,25.6
2025-12-09,B3SA3,14.12
2025-12-09,BBAS3,21.49
2025-12-09,BBDC3,15.54
2025-12-09,BBDC4,18.01
2025-12-09,BBSE3,35.25
2025-12-09,BEEF3,6.06
2025-12-09,BPAC11,52.2
2025-12-09,BRAP4,20.21
2025-12-09,BRAV3,13.61
2025-12-09,CEAB3,14.07
2025-12-09,CMIG4,11.07
2025-12-09,CMIN3,5.5
2025-12-09,COGN3,3.68
2025-12-09,CPFE3,48.99
2025-12-09,CPLE3,13.29
2025-12-09,CSAN3,5.89
2025-12-09,CSMG3,42.91
2025-12-09,CSNA3,9.05
2025-12-09,CURY3,35.5
2025-12-09,CXSE3,16.34
2025-12-09,CYRE3,35.02
2025-12-09,DIRR3,17.2
2025-12-09,EGIE3,30.14
2025-12-09,EMBJ3,88.72
2025-12-09,ENEV3,19.93
2025-12-09,ENGI11,47.84
2025-12-09,EQTL3,38.55
2025-12-09,FLRY3,14.41
2025-12-09,GGBR4,19.08
2025-12-09,GOAU4,11.15
2025-12-09,HAPV3,13.51
2025-12-09,HYPE3,24.25
2025-12-09,IGTI11,25.48
2025-12-09,ISAE4,26.58
2025-12-09,ITSA4,12.36
2025-12-09,ITUB4,41.37
2025-12-09,KLBN11,18.84
2025-12-09,LREN3,13.98
2025-12-09,MBRF3,19.51
2025-12-09,MGLU3,10.02
2025-12-09,MOTV3,15.49
2025-12-09,MRVE3,8.3
2025-12-09,MULT3,28.48
2025-12-09,NATU3,7.85
2025-12-09,PETR3,33.49
2025-12-09,PETR4,31.86
2025-12-09,POMO4,6.28
2025-12-09,PRIO3,39.8
2025-12-09,PSSA3,48.59
2025-12-09,RADL3,23.63
2025-12-09,RAIL3,15.57
2025-12-09,RDOR3,44.18
2025-12-09,RENT3,45.0
2025-12-09,SANB11,32.15
2025-12-09,SBSP3,136.34
2025-12-09,SMFT3,23.97
2025-12-09,SUZB3,50.45
2025-12-09,TAEE11,41.33
2025-12-09,TEND3,24.61
2025-12-09,TIMS3,23.44
2025-12-09,TOTS3,45.2
2025-12-09,UGPA3,20.55
2025-12-09,USIM5,5.91
2025-12-09,VALE3,69.78
2025-12-09,VAMO3,3.77
2025-12-09,VBBR3,24.59
2025-12-09,VIVA3,32.68
2025-12-09,VIVT3,33.38
2025-12-09,WEGE3,47.66
2025-12-09,YDUQ3,12.61
2025-12-10,ABEV3,13.6
2025-12-10,ALOS3,28.36
2025-12-10,ASAI3,8.01
2025-12-10,AURE3,12.21
2025-12-10,AXIA3,63.56
2025-12-10,AZZA3,24.97
2025-12-10,B3SA3,14.21
2025-12-10,BBAS3,21.6
2025-12-10,BBDC3,15.74
2025-12-10,BBDC4,18.33
2025-12-10,BBSE3,35.43
2025-12-10,BEEF3,6.12
2025-12-10,BPAC11,53.43
2025-12-10,BRAP4,20.59
2025-12-10,BRAV3,13.66
2025-12-10,CEAB3,13.51
2025-12-10,CMIG4,11.02
2025-12-10,CMIN3,5.65
2025-12-10,COGN3,3.72
2025-12-10,CPFE3,48.8
2025-12-10,CPLE3,13.29
2025-12-10,CSAN3,6.01
2025-12-10,CSMG3,43.38
2025-12-10,CSNA3,9.63
2025-12-10,CURY3,35.52
2025-12-10,CXSE3,16.24
2025-12-10,CYRE3,32.54
2025-12-10,DIRR3,17.44
2025-12-10,EGIE3,30.29
2025-12-10,EMBJ3,89.35
2025-12-10,ENEV3,20.03
2025-12-10,ENGI11,47.94
2025-12-10,EQTL3,38.5
2025-12-10,FLRY3,14.82
2025-12-10,GGBR4,19.59
2025-12-10,GOAU4,11.4
2025-12-10,HAPV3,13.48
2025-12-10,HYPE3,23.68
2025-12-10,IGTI11,25.73
2025-12-10,ISAE4,26.79
2025-12-10,ITSA4,11.61
2025-12-10,ITUB4,39.44
2025-12-10,KLBN11,19.23
2025-12-10,LREN3,14.02
2025-12-10,MBRF3,19.62
2025-12-10,MGLU3,9.99
2025-12-10,MOTV3,15.5
2025-12-10,MRVE3,8.35
2025-12-10,MULT3,28.93
2025-12-10,NATU3,7.76
2025-12-10,PETR3,33.56
2025-12-10,PETR4,31.94
2025-12-10,POMO4,6.25
2025-12-10,PRIO3,39.6
2025-12-10,PSSA3,48.23
2025-12-10,RADL3,23.9
2025-12-10,RAIL3,15.67
2025-12-10,RDOR3,44.12
2025-12-10,RENT3,45.99
2025-12-10,SANB11,31.85
2025-12-10,SBSP3,135.01
2025-12-10,SMFT3,23.85
2025-12-10,SUZB3,51.67
2025-12-10,TAEE11,41.83
2025-12-10,TEND3,25.21
2025-12-10,TIMS3,23.76
2025-12-10,TOTS3,45.19
2025-12-10,UGPA3,20.76
2025-12-10,USIM5,6.15
2025-12-10,VALE3,71.06
2025-12-10,VAMO3,3.63
2025-12-10,VBBR3,24.88
2025-12-10,VIVA3,33.31
2025-12-10,VIVT3,34.07
2025-12-10,WEGE3,48.47
2025-12-10,YDUQ3,12.49
2025-12-11,ABEV3,13.78
2025-12-11,ALOS3,28.66
2025-12-11,ASAI3,7.87
2025-12-11,AURE3,12.33
2025-12-11,AXIA3,62.84
2025-12-11,AZZA3,24.86
2025-12-11,B3SA3,14.3
2025-12-11,BBAS3,21.57
2025-12-11,BBDC3,15.84
2025-12-11,BBDC4,18.54
2025-12-11,BBSE3,35.17
2025-12-11,BEEF3,6.14
2025-12-11,BPAC11,54.78
2025-12-11,BRAP4,20.77
2025-12-11,BRAV3,13.43
2025-12-11,CEAB3,13.5
2025-12-11,CMIG4,10.95
2025-12-11,CMIN3,5.7
2025-12-11,COGN3,3.72
2025-12-11,CPFE3,48.85
2025-12-11,CPLE3,13.36
2025-12-11,CSAN3,5.96
2025-12-11,CSMG3,43.15
2025-12-11,CSNA3,9.77
2025-12-11,CURY3,35.5
2025-12-11,CXSE3,16.16
2025-12-11,CYRE3,32.85
2025-12-11,DIRR3,17.45
2025-12-11,EGIE3,30.31
2025-12-11,EMBJ3,87.07
2025-12-11,ENEV3,20.22
2025-12-11,ENGI11,48.23
2025-12-11,EQTL3,38.88
2025-12-11,FLRY3,14.81
2025-12-11,GGBR4,19.86
2025-12-11,GOAU4,11.53
2025-12-11,HAPV3,13.94
2025-12-11,HYPE3,23.81
2025-12-11,IGTI11,25.92
2025-12-11,ISAE4,27.03
2025-12-11,ITSA4,11.7
2025-12-11,ITUB4,39.41
2025-12-11,KLBN11,18.76
2025-12-11,LREN3,14.08
2025-12-11,MBRF3,19.65
2025-12-11,MGLU3,9.58
2025-12-11,MOTV3,15.5
2025-12-11,MRVE3,8.22
2025-12-11,MULT3,28.79
2025-12-11,NATU3,7.91
2025-12-11,PETR3,32.88
2025-12-11,PETR4,31.26
2025-12-11,POMO4,6.35
2025-12-11,PRIO3,38.93
2025-12-11,PSSA3,48.8
2025-12-11,RADL3,24.67
2025-12-11,RAIL3,15.74
2025-12-11,RDOR3,44.27
2025-12-11,RENT3,46.75
2025-12-11,SANB11,31.98
2025-12-11,SBSP3,134.51
2025-12-11,SMFT3,24.13
2025-12-11,SUZB3,49.47
2025-12-11,TAEE11,41.54
2025-12-11,TEND3,24.73
2025-12-11,TIMS3,23.43
2025-12-11,TOTS3,45.46
2025-12-11,UGPA3,21.08
2025-12-11,USIM5,5.98
2025-12-11,VALE3,72.0
2025-12-11,VAMO3,3.6
2025-12-11,VBBR3,25.06
2025-12-11,VIVA3,34.2
2025-12-11,VIVT3,33.28
2025-12-11,WEGE3,48.55
2025-12-11,YDUQ3,12.41
2025-12-12,ABEV3,14.04
2025-12-12,ALOS3,29.15
2025-12-12,ASAI3,8.2
2025-12-12,AURE3,12.26
2025-12-12,AXIA3,63.89
2025-12-12,AZZA3,25.37
2025-12-12,B3SA3,14.33
2025-12-12,BBAS3,21.7
2025-12-12,BBDC3,16.03
2025-12-12,BBDC4,18.66
2025-12-12,BBSE3,35.61
2025-12-12,BEEF3,6.03
2025-12-12,BPAC11,55.29
2025-12-12,BRAP4,20.9
2025-12-12,BRAV3,13.45
2025-12-12,CEAB3,13.54
2025-12-12,CMIG4,11.12
2025-12-12,CMIN3,5.74
2025-12-12,COGN3,3.8
2025-12-12,CPFE3,50.13
2025-12-12,CPLE3,13.5
2025-12-12,CSAN3,5.83
2025-12-12,CSMG3,43.68
2025-12-12,CSNA3,9.7
2025-12-12,CURY3,36.3
2025-12-12,CXSE3,16.39
2025-12-12,CYRE3,33.14
2025-12-12,DIRR3,17.61
2025-12-12,EGIE3,30.45
2025-12-12,EMBJ3,87.56
2025-12-12,ENEV3,20.56
2025-12-12,ENGI11,49.17
2025-12-12,EQTL3,39.83
2025-12-12,FLRY3,15.08
2025-12-12,GGBR4,19.93
2025-12-12,GOAU4,11.53
2025-12-12,HAPV3,14.7
2025-12-12,HYPE3,23.66
2025-12-12,IGTI11,25.99
2025-12-12,ISAE4,27.17
2025-12-12,ITSA4,11.79
2025-12-12,ITUB4,39.76
2025-12-12,KLBN11,18.75
2025-12-12,LREN3,14.2
2025-12-12,MBRF3,19.86
2025-12-12,MGLU3,9.87
2025-12-12,MOTV3,16.02
2025-12-12,MRVE3,8.3
2025-12-12,MULT3,28.69
2025-12-12,NATU3,7.97
2025-12-12,PETR3,33.28
2025-12-12,PETR4,31.59
2025-12-12,POMO4,6.34
2025-12-12,PRIO3,39.41
2025-12-12,PSSA3,49.44
2025-12-12,RADL3,25.0
2025-12-12,RAIL3,15.79
2025-12-12,RDOR3,45.0
2025-12-12,RENT3,47.49
2025-12-12,SANB11,31.95
2025-12-12,SBSP3,136.85
2025-12-12,SMFT3,24.7
2025-12-12,SUZB3,49.06
2025-12-12,TAEE11,41.77
2025-12-12,TEND3,24.8
2025-12-12,TIMS3,23.42
2025-12-12,TOTS3,46.24
2025-12-12,UGPA3,21.5
2025-12-12,USIM5,5.94
2025-12-12,VALE3,68.61
2025-12-12,VAMO3,3.63
2025-12-12,VBBR3,25.51
2025-12-12,VIVA3,35.38
2025-12-12,VIVT3,33.45
2025-12-12,WEGE3,49.52
2025-12-12,YDUQ3,12.51
2025-12-15,ABEV3,14.28
2025-12-15,ALOS3,29.39
2025-12-15,ASAI3,7.99
2025-12-15,AURE3,12.41
2025-12-15,AXIA3,65.15
2025-12-15,AZZA3,24.76
2025-12-15,B3SA3,14.41
2025-12-15,BBAS3,22.01
2025-12-15,BBDC3,16.21
2025-12-15,BBDC4,18.92
2025-12-15,BBSE3,35.75
2025-12-15,BEEF3,6.02
2025-12-15,BPAC11,56.46
2025-12-15,BRAP4,21.4
2025-12-15,BRAV3,13.74
2025-12-15,CEAB3,13.85
2025-12-15,CMIG4,11.23
2025-12-15,CMIN3,5.65
2025-12-15,COGN3,3.82
2025-12-15,CPFE3,51.6
2025-12-15,CPLE3,13.71
2025-12-15,CSAN3,5.9
2025-12-15,CSMG3,43.8
2025-12-15,CSNA3,9.58
2025-12-15,CURY3,36.56
2025-12-15,CXSE3,16.5
2025-12-15,CYRE3,33.05
2025-12-15,DIRR3,17.51
2025-12-15,EGIE3,30.98
2025-12-15,EMBJ3,87.63
2025-12-15,ENEV3,20.85
2025-12-15,ENGI11,49.89
2025-12-15,EQTL3,40.45
2025-12-15,FLRY3,15.2
2025-12-15,GGBR4,20.37
2025-12-15,GOAU4,11.74
2025-12-15,HAPV3,15.29
2025-12-15,HYPE3,23.57
2025-12-15,IGTI11,26.19
2025-12-15,ISAE4,28.39
2025-12-15,ITSA4,12.0
2025-12-15,ITUB4,40.36
2025-12-15,KLBN11,19.19
2025-12-15,LREN3,14.47
2025-12-15,MBRF3,20.2
2025-12-15,MGLU3,9.84
2025-12-15,MOTV3,16.13
2025-12-15,MRVE3,8.34
2025-12-15,MULT3,28.75
2025-12-15,NATU3,8.07
2025-12-15,PETR3,33.22
2025-12-15,PETR4,31.7
2025-12-15,POMO4,6.36
2025-12-15,PRIO3,39.5
2025-12-15,PSSA3,49.61
2025-12-15,RADL3,24.7
2025-12-15,RAIL3,15.84
2025-12-15,RDOR3,47.12
2025-12-15,RENT3,47.76
2025-12-15,SANB11,32.94
2025-12-15,SBSP3,139.0
2025-12-15,SMFT3,25.14
2025-12-15,SUZB3,48.71
2025-12-15,TAEE11,42.5
2025-12-15,TEND3,25.6
2025-12-15,TIMS3,23.52
2025-12-15,TOTS3,46.69
2025-12-15,UGPA3,21.75
2025-12-15,USIM5,6.0
2025-12-15,VALE3,69.03
2025-12-15,VAMO3,3.58
2025-12-15,VBBR3,25.81
2025-12-15,VIVA3,35.68
2025-12-15,VIVT3,33.89
2025-12-15,WEGE3,49.68
2025-12-15,YDUQ3,12.77
2025-12-16,ABEV3,14.16
2025-12-16,ALOS3,28.32
2025-12-16,ASAI3,7.68
2025-12-16,AURE3,12.15
2025-12-16,AXIA3,63.12
2025-12-16,AZZA3,24.13
2025-12-16,B3SA3,13.72
2025-12-16,BBAS3,21.71
2025-12-16,BBDC3,15.76
2025-12-16,BBDC4,18.4
2025-12-16,BBSE3,35.24
2025-12-16,BEEF3,5.76
2025-12-16,BPAC11,53.51
2025-12-16,BRAP4,21.41
2025-12-16,BRAV3,14.08
2025-12-16,CEAB3,13.17
2025-12-16,CMIG4,10.99
2025-12-16,CMIN3,5.61
2025-12-16,COGN3,3.63
2025-12-16,CPFE3,50.97
2025-12-16,CPLE3,13.22
2025-12-16,CSAN3,5.5
2025-12-16,CSMG3,42.56
2025-12-16,CSNA3,9.68
2025-12-16,CURY3,34.6
2025-12-16,CXSE3,16.19
2025-12-16,CYRE3,31.47
2025-12-16,DIRR3,16.56
2025-12-16,EGIE3,30.31
2025-12-16,EMBJ3,87.98
2025-12-16,ENEV3,20.23
2025-12-16,ENGI11,47.69
2025-12-16,EQTL3,38.98
2025-12-16,FLRY3,14.77
2025-12-16,GGBR4,20.65
2025-12-16,GOAU4,11.92
2025-12-16,HAPV3,14.47
2025-12-16,HYPE3,22.79
2025-12-16,IGTI11,25.15
2025-12-16,ISAE4,27.94
2025-12-16,ITSA4,11.6
2025-12-16,ITUB4,39.32
2025-12-16,KLBN11,18.23
2025-12-16,LREN3,13.93
2025-12-16,MBRF3,19.63
2025-12-16,MGLU3,9.5
2025-12-16,MOTV3,15.12
2025-12-16,MRVE3,8.01
2025-12-16,MULT3,27.66
2025-12-16,NATU3,7.91
2025-12-16,PETR3,32.31
2025-12-16,PETR4,30.74
2025-12-16,POMO4,6.21
2025-12-16,PRIO3,38.55
2025-12-16,PSSA3,49.18
2025-12-16,RADL3,23.48
2025-12-16,RAIL3,14.74
2025-12-16,RDOR3,46.19
2025-12-16,RENT3,45.3
2025-12-16,SANB11,31.76
2025-12-16,SBSP3,133.76
2025-12-16,SMFT3,23.49
2025-12-16,SUZB3,48.92
2025-12-16,TAEE11,41.31
2025-12-16,TEND3,23.78
2025-12-16,TIMS3,22.76
2025-12-16,TOTS3,45.43
2025-12-16,UGPA3,20.56
2025-12-16,USIM5,5.98
2025-12-16,VALE3,69.29
2025-12-16,VAMO3,3.45
2025-12-16,VBBR3,25.16
2025-12-16,VIVA3,34.52
2025-12-16,VIVT3,32.66
2025-12-16,WEGE3,49.94
2025-12-16,YDUQ3,12.46
2025-12-17,ABEV3,14.02
2025-12-17,ALOS3,27.77
2025-12-17,ASAI3,7.39
2025-12-17,AURE3,12.01
2025-12-17,AXIA3,62.41
2025-12-17,AZZA3,24.0
2025-12-17,B3SA3,13.25
2025-12-17,BBAS3,21.55
2025-12-17,BBDC3,15.63
2025-12-17,BBDC4,18.25
2025-12-17,BBSE3,34.91
2025-12-17,BEEF3,5.65
2025-12-17,BPAC11,51.75
2025-12-17,BRAP4,21.7
2025-12-17,BRAV3,14.6
2025-12-17,CEAB3,12.89
2025-12-17,CMIG4,10.97
2025-12-17,CMIN3,5.52
2025-12-17,COGN3,3.58
2025-12-17,CPFE3,50.47
2025-12-17,CPLE3,12.96
2025-12-17,CSAN3,5.31
2025-12-17,CSMG3,42.88
2025-12-17,CSNA3,9.56
2025-12-17,CURY3,32.15
2025-12-17,CXSE3,15.99
2025-12-17,CYRE3,31.0
2025-12-17,DIRR3,14.37
2025-12-17,EGIE3,30.37
2025-12-17,EMBJ3,85.7
2025-12-17,ENEV3,19.78
2025-12-17,ENGI11,46.98
2025-12-17,EQTL3,38.09
2025-12-17,FLRY3,14.56
2025-12-17,GGBR4,20.31
2025-12-17,GOAU4,11.86
2025-12-17,HAPV3,14.51
2025-12-17,HYPE3,22.29
2025-12-17,IGTI11,24.81
2025-12-17,ISAE4,27.14
2025-12-17,ITSA4,11.53
2025-12-17,ITUB4,38.97
2025-12-17,KLBN11,18.35
2025-12-17,LREN3,13.43
2025-12-17,MBRF3,19.55
2025-12-17,MGLU3,9.2
2025-12-17,MOTV3,15.03
2025-12-17,MRVE3,8.04
2025-12-17,MULT3,27.23
2025-12-17,NATU3,7.73
2025-12-17,PETR3,32.53
2025-12-17,PETR4,31.08
2025-12-17,POMO4,6.1
2025-12-17,PRIO3,38.57
2025-12-17,PSSA3,47.01
2025-12-17,RADL3,23.35
2025-12-17,RAIL3,14.55
2025-12-17,RDOR3,44.96
2025-12-17,RENT3,43.61
2025-12-17,SANB11,31.57
2025-12-17,SBSP3,133.71
2025-12-17,SMFT3,23.05
2025-12-17,SUZB3,49.79
2025-12-17,TAEE11,40.6
2025-12-17,TEND3,23.84
2025-12-17,TIMS3,22.75
2025-12-17,TOTS3,44.92
2025-12-17,UGPA3,20.37
2025-12-17,USIM5,5.96
2025-12-17,VALE3,70.17
2025-12-17,VAMO3,3.34
2025-12-17,VBBR3,24.59
2025-12-17,VIVA3,32.76
2025-12-17,VIVT3,32.87
2025-12-17,WEGE3,49.8
2025-12-17,YDUQ3,12.31
2025-12-18,ABEV3,13.92
2025-12-18,ALOS3,27.9
2025-12-18,ASAI3,7.2
2025-12-18,AURE3,12.08
2025-12-18,AXIA3,62.34
2025-12-18,AZZA3,24.4
2025-12-18,B3SA3,13.3
2025-12-18,BBAS3,21.59
2025-12-18,BBDC3,15.72
2025-12-18,BBDC4,18.33
2025-12-18,BBSE3,35.29
2025-12-18,BEEF3,5.64
2025-12-18,BPAC11,52.76
2025-12-18,BRAP4,20.27
2025-12-18,BRAV3,15.5
2025-12-18,CEAB3,12.92
2025-12-18,CMIG4,10.97
2025-12-18,CMIN3,5.48
2025-12-18,COGN3,3.54
2025-12-18,CPFE3,50.61
2025-12-18,CPLE3,13.0
2025-12-18,CSAN3,5.28
2025-12-18,CSMG3,42.91
2025-12-18,CSNA3,9.59
2025-12-18,CURY3,31.88
2025-12-18,CXSE3,15.77
2025-12-18,CYRE3,30.5
2025-12-18,DIRR3,13.87
2025-12-18,EGIE3,30.66
2025-12-18,EMBJ3,86.8
2025-12-18,ENEV3,19.97
2025-12-18,ENGI11,47.24
2025-12-18,EQTL3,38.55
2025-12-18,FLRY3,14.7
2025-12-18,GGBR4,20.43
2025-12-18,GOAU4,11.99
2025-12-18,HAPV3,14.23
2025-12-18,HYPE3,22.38
2025-12-18,IGTI11,25.01
2025-12-18,ISAE4,27.03
2025-12-18,ITSA4,11.6
2025-12-18,ITUB4,39.17
2025-12-18,KLBN11,18.59
2025-12-18,LREN3,13.38
2025-12-18,MBRF3,19.56
2025-12-18,MGLU3,9.35
2025-12-18,MOTV3,15.0
2025-12-18,MRVE3,7.9
2025-12-18,MULT3,27.29
2025-12-18,NATU3,7.53
2025-12-18,PETR3,32.45
2025-12-18,PETR4,30.9
2025-12-18,POMO4,6.06
2025-12-18,PRIO3,38.55
2025-12-18,PSSA3,47.52
2025-12-18,RADL3,23.07
2025-12-18,RAIL3,14.65
2025-12-18,RDOR3,45.52
2025-12-18,RENT3,43.32
2025-12-18,SANB11,32.05
2025-12-18,SBSP3,135.31
2025-12-18,SMFT3,22.88
2025-12-18,SUZB3,52.65
2025-12-18,TAEE11,40.34
2025-12-18,TEND3,23.69
2025-12-18,TIMS3,22.71
2025-12-18,TOTS3,44.41
2025-12-18,UGPA3,20.34
2025-12-18,USIM5,5.92
2025-12-18,VALE3,70.35
2025-12-18,VAMO3,3.3
2025-12-18,VBBR3,24.62
2025-12-18,VIVA3,33.26
2025-12-18,VIVT3,32.91
2025-12-18,WEGE3,50.0
2025-12-18,YDUQ3,12.43
2025-12-19,ABEV3,13.28
2025-12-19,ALOS3,28.0
2025-12-19,ASAI3,7.23
2025-12-19,AURE3,11.98
2025-12-19,AXIA3,62.8
2025-12-19,AZZA3,24.8
2025-12-19,B3SA3,13.39
2025-12-19,BBAS3,21.44
2025-12-19,BBDC3,15.86
2025-12-19,BBDC4,18.5
2025-12-19,BBSE3,35.27
2025-12-19,BEEF3,5.67
2025-12-19,BPAC11,52.26
2025-12-19,BRAP4,20.22
2025-12-19,BRAV3,15.5
2025-12-19,CEAB3,12.74
2025-12-19,CMIG4,11.08
2025-12-19,CMIN3,5.26
2025-12-19,COGN3,3.6
2025-12-19,CPFE3,51.11
2025-12-19,CPLE3,12.87
2025-12-19,CSAN3,5.27
2025-12-19,CSMG3,43.26
2025-12-19,CSNA3,9.28
2025-12-19,CURY3,32.17
2025-12-19,CXSE3,15.92
2025-12-19,CYRE3,29.77
2025-12-19,DIRR3,13.83
2025-12-19,EGIE3,31.0
2025-12-19,EMBJ3,88.02
2025-12-19,ENEV3,19.92
2025-12-19,ENGI11,47.27
2025-12-19,EQTL3,38.71
2025-12-19,FLRY3,14.53
2025-12-19,GGBR4,20.37
2025-12-19,GOAU4,8.96
2025-12-19,HAPV3,14.26
2025-12-19,HYPE3,22.87
2025-12-19,IGTI11,24.84
2025-12-19,ISAE4,26.97
2025-12-19,ITSA4,11.47
2025-12-19,ITUB4,39.53
2025-12-19,KLBN11,18.29
2025-12-19,LREN3,13.55
2025-12-19,MBRF3,19.54
2025-12-19,MGLU3,9.25
2025-12-19,MOTV3,15.13
2025-12-19,MRVE3,7.81
2025-12-19,MULT3,27.44
2025-12-19,NATU3,7.36
2025-12-19,PETR3,32.68
2025-12-19,PETR4,31.01
2025-12-19,POMO4,6.09
2025-12-19,PRIO3,38.21
2025-12-19,PSSA3,46.48
2025-12-19,RADL3,23.1
2025-12-19,RAIL3,14.49
2025-12-19,RDOR3,41.44
2025-12-19,RENT3,43.78
2025-12-19,SANB11,32.32
2025-12-19,SBSP3,136.34
2025-12-19,SMFT3,23.19
2025-12-19,SUZB3,51.32
2025-12-19,TAEE11,40.88
2025-12-19,TEND3,23.89
2025-12-19,TIMS3,22.82
2025-12-19,TOTS3,43.45
2025-12-19,UGPA3,20.59
2025-12-19,USIM5,5.86
2025-12-19,VALE3,70.85
2025-12-19,VAMO3,3.24
2025-12-19,VBBR3,24.83
2025-12-19,VIVA3,33.71
2025-12-19,VIVT3,32.82
2025-12-19,WEGE3,49.72
2025-12-19,YDUQ3,12.36
2025-12-22,ABEV3,13.12
2025-12-22,ALOS3,27.38
2025-12-22,ASAI3,7.1
2025-12-22,AURE3,11.8
2025-12-22,AXIA3,48.65
2025-12-22,AZZA3,23.4
2025-12-22,B3SA3,13.24
2025-12-22,BBAS3,21.3
2025-12-22,BBDC3,15.7
2025-12-22,BBDC4,18.24
2025-12-22,BBSE3,35.07
2025-12-22,BEEF3,5.63
2025-12-22,BPAC11,51.56
2025-12-22,BRAP4,20.59
2025-12-22,BRAV3,15.7
2025-12-22,CEAB3,12.37
2025-12-22,CMIG4,11.04
2025-12-22,CMIN3,5.31
2025-12-22,COGN3,3.42
2025-12-22,CPFE3,50.19
2025-12-22,CPLE3,12.71
2025-12-22,CSAN3,5.14
2025-12-22,CSMG3,43.18
2025-12-22,CSNA3,9.2
2025-12-22,CURY3,31.29
2025-12-22,CXSE3,15.95
2025-12-22,CYRE3,29.04
2025-12-22,DIRR3,13.38
2025-12-22,EGIE3,30.31
2025-12-22,EMBJ3,89.5
2025-12-22,ENEV3,19.65
2025-12-22,ENGI11,46.1
2025-12-22,EQTL3,37.6
2025-12-22,FLRY3,14.64
2025-12-22,GGBR4,20.57
2025-12-22,GOAU4,9.05
2025-12-22,HAPV3,14.06
2025-12-22,HYPE3,22.78
2025-12-22,IGTI11,24.31
2025-12-22,ISAE4,27.32
2025-12-22,ITSA4,11.46
2025-12-22,ITUB4,39.61
2025-12-22,KLBN11,18.51
2025-12-22,LREN3,13.08
2025-12-22,MBRF3,19.27
2025-12-22,MGLU3,8.99
2025-12-22,MOTV3,14.87
2025-12-22,MRVE3,7.61
2025-12-22,MULT3,26.68
2025-12-22,NATU3,7.26
2025-12-22,PETR3,32.84
2025-12-22,PETR4,31.1
2025-12-22,POMO4,6.44
2025-12-22,PRIO3,39.41
2025-12-22,PSSA3,46.5
2025-12-22,RADL3,23.31
2025-12-22,RAIL3,14.42
2025-12-22,RDOR3,40.43
2025-12-22,RENT3,43.43
2025-12-22,SANB11,32.66
2025-12-22,SBSP3,136.5
2025-12-22,SMFT3,22.74
2025-12-22,SUZB3,51.2
2025-12-22,TAEE11,40.31
2025-12-22,TEND3,23.89
2025-12-22,TIMS3,21.58
2025-12-22,TOTS3,42.56
2025-12-22,UGPA3,20.44
2025-12-22,USIM5,5.88
2025-12-22,VALE3,72.92
2025-12-22,VAMO3,3.1
2025-12-22,VBBR3,24.84
2025-12-22,VIVA3,32.09
2025-12-22,VIVT3,32.46
2025-12-22,WEGE3,47.66
2025-12-22,YDUQ3,11.96
2025-12-23,ABEV3,13.47
2025-12-23,ALOS3,28.1
2025-12-23,ASAI3,7.22
2025-12-23,AURE3,11.93
2025-12-23,AXIA3,49.95
2025-12-23,AZZA3,23.82
2025-12-23,B3SA3,13.53
2025-12-23,BBAS3,21.75
2025-12-23,BBDC3,15.85
2025-12-23,BBDC4,18.41
2025-12-23,BBSE3,35.55
2025-12-23,BEEF3,5.7
2025-12-23,BPAC11,52.86
2025-12-23,BRAP4,20.3
2025-12-23,BRAV3,15.76
2025-12-23,CEAB3,13.16
2025-12-23,CMIG4,11.15
2025-12-23,CMIN3,5.41
2025-12-23,COGN3,3.62
2025-12-23,CPFE3,51.49
2025-12-23,CPLE3,12.93
2025-12-23,CSAN3,5.28
2025-12-23,CSMG3,43.97
2025-12-23,CSNA3,9.21
2025-12-23,CURY3,32.19
2025-12-23,CXSE3,16.26
2025-12-23,CYRE3,29.55
2025-12-23,DIRR3,14.01
2025-12-23,EGIE3,31.12
2025-12-23,EMBJ3,89.9
2025-12-23,ENEV3,20.26
2025-12-23,ENGI11,47.35
2025-12-23,EQTL3,38.43
2025-12-23,FLRY3,15.0
2025-12-23,GGBR4,20.75
2025-12-23,GOAU4,9.08
2025-12-23,HAPV3,14.15
2025-12-23,HYPE3,23.18
2025-12-23,IGTI11,25.2
2025-12-23,ISAE4,27.77
2025-12-23,ITSA4,11.59
2025-12-23,ITUB4,40.26
2025-12-23,KLBN11,18.61
2025-12-23,LREN3,13.55
2025-12-23,MBRF3,19.53
2025-12-23,MGLU3,9.29
2025-12-23,MOTV3,15.09
2025-12-23,MRVE3,7.74
2025-12-23,MULT3,27.5
2025-12-23,NATU3,7.23
2025-12-23,PETR3,32.02
2025-12-23,PETR4,30.31
2025-12-23,POMO4,6.51
2025-12-23,PRIO3,40.42
2025-12-23,PSSA3,47.78
2025-12-23,RADL3,22.93
2025-12-23,RAIL3,14.63
2025-12-23,RDOR3,41.67
2025-12-23,RENT3,44.9
2025-12-23,SANB11,34.1
2025-12-23,SBSP3,141.03
2025-12-23,SMFT3,23.51
2025-12-23,SUZB3,51.5
2025-12-23,TAEE11,40.77
2025-12-23,TEND3,24.95
2025-12-23,TIMS3,21.48
2025-12-23,TOTS3,42.77
2025-12-23,UGPA3,20.93
2025-12-23,USIM5,5.9
2025-12-23,VALE3,72.9
2025-12-23,VAMO3,3.19
2025-12-23,VBBR3,25.24
2025-12-23,VIVA3,33.33
2025-12-23,VIVT3,32.58
2025-12-23,WEGE3,48.28
2025-12-23,YDUQ3,12.54
2025-12-26,ABEV3,13.72
2025-12-26,ALOS3,28.28
2025-12-26,ASAI3,7.26
2025-12-26,AURE3,11.94
2025-12-26,AXIA3,49.88
2025-12-26,AZZA3,24.46
2025-12-26,B3SA3,13.72
2025-12-26,BBAS3,21.85
2025-12-26,BBDC3,15.86
2025-12-26,BBDC4,18.4
2025-12-26,BBSE3,35.77
2025-12-26,BEEF3,5.72
2025-12-26,BPAC11,52.45
2025-12-26,BRAP4,20.49
2025-12-26,BRAV3,15.98
2025-12-26,CEAB3,12.69
2025-12-26,CMIG4,11.12
2025-12-26,CMIN3,5.45
2025-12-26,COGN3,3.21
2025-12-26,CPFE3,53.23
2025-12-26,CPLE3,13.0
2025-12-26,CSAN3,5.4
2025-12-26,CSMG3,43.26
2025-12-26,CSNA3,9.16
2025-12-26,CURY3,31.88
2025-12-26,CXSE3,16.53
2025-12-26,CYRE3,29.63
2025-12-26,DIRR3,14.03
2025-12-26,EGIE3,31.28
2025-12-26,EMBJ3,89.2
2025-12-26,ENEV3,20.09
2025-12-26,ENGI11,47.32
2025-12-26,EQTL3,38.5
2025-12-26,FLRY3,14.89
2025-12-26,GGBR4,20.75
2025-12-26,GOAU4,9.11
2025-12-26,HAPV3,14.55
2025-12-26,HYPE3,23.36
2025-12-26,IGTI11,25.3
2025-12-26,ISAE4,27.96
2025-12-26,ITSA4,11.6
2025-12-26,ITUB4,39.1
2025-12-26,KLBN11,18.6
2025-12-26,LREN3,13.65
2025-12-26,MBRF3,20.01
2025-12-26,MGLU3,9.25
2025-12-26,MOTV3,15.13
2025-12-26,MRVE3,7.69
2025-12-26,MULT3,27.54
2025-12-26,NATU3,7.36
2025-12-26,PETR3,32.12
2025-12-26,PETR4,30.41
2025-12-26,POMO4,6.02
2025-12-26,PRIO3,40.6
2025-12-26,PSSA3,47.91
2025-12-26,RADL3,23.04
2025-12-26,RAIL3,14.73
2025-12-26,RDOR3,41.45
2025-12-26,RENT3,44.89
2025-12-26,SANB11,34.28
2025-12-26,SBSP3,134.05
2025-12-26,SMFT3,23.32
2025-12-26,SUZB3,51.68
2025-12-26,TAEE11,41.36
2025-12-26,TEND3,24.21
2025-12-26,TIMS3,21.46
2025-12-26,TOTS3,42.38
2025-12-26,UGPA3,20.86
2025-12-26,USIM5,5.92
2025-12-26,VALE3,73.12
2025-12-26,VAMO3,3.27
2025-12-26,VBBR3,25.25
2025-12-26,VIVA3,33.02
2025-12-26,VIVT3,33.02
2025-12-26,WEGE3,48.75
2025-12-26,YDUQ3,12.56
2025-12-29,ABEV3,13.87
2025-12-29,ALOS3,28.11
2025-12-29,ASAI3,7.24
2025-12-29,AURE3,11.8
2025-12-29,AXIA3,49.9
2025-12-29,AZZA3,24.82
2025-12-29,B3SA3,13.79
2025-12-29,BBAS3,21.72
2025-12-29,BBDC3,15.85
2025-12-29,BBDC4,18.49
2025-12-29,BBSE3,36.07
2025-12-29,BEEF3,5.78
2025-12-29,BPAC11,52.44
2025-12-29,BRAP4,20.0
2025-12-29,BRAV3,16.78
2025-12-29,CEAB3,12.44
2025-12-29,CMIG4,11.08
2025-12-29,CMIN3,5.4
2025-12-29,COGN3,3.11
2025-12-29,CPFE3,53.11
2025-12-29,CPLE3,12.87
2025-12-29,CSAN3,5.3
2025-12-29,CSMG3,43.2
2025-12-29,CSNA3,8.93
2025-12-29,CURY3,31.43
2025-12-29,CXSE3,16.58
2025-12-29,CYRE3,28.99
2025-12-29,DIRR3,13.83
2025-12-29,EGIE3,30.92
2025-12-29,EMBJ3,89.9
2025-12-29,ENEV3,19.92
2025-12-29,ENGI11,46.92
2025-12-29,EQTL3,38.5
2025-12-29,FLRY3,14.77
2025-12-29,GGBR4,20.53
2025-12-29,GOAU4,8.94
2025-12-29,HAPV3,14.75
2025-12-29,HYPE3,23.2
2025-12-29,IGTI11,25.13
2025-12-29,ISAE4,27.37
2025-12-29,ITSA4,11.59
2025-12-29,ITUB4,38.98
2025-12-29,KLBN11,18.72
2025-12-29,LREN3,13.5
2025-12-29,MBRF3,19.94
2025-12-29,MGLU3,9.35
2025-12-29,MOTV3,14.89
2025-12-29,MRVE3,7.69
2025-12-29,MULT3,27.3
2025-12-29,NATU3,7.23
2025-12-29,PETR3,32.33
2025-12-29,PETR4,30.73
2025-12-29,POMO4,6.01
2025-12-29,PRIO3,41.14
2025-12-29,PSSA3,47.54
2025-12-29,RADL3,23.34
2025-12-29,RAIL3,14.61
2025-12-29,RDOR3,40.75
2025-12-29,RENT3,44.98
2025-12-29,SANB11,33.36
2025-12-29,SBSP3,132.41
2025-12-29,SMFT3,23.08
2025-12-29,SUZB3,51.55
2025-12-29,TAEE11,41.49
2025-12-29,TEND3,24.0
2025-12-29,TIMS3,21.64
2025-12-29,TOTS3,41.8
2025-12-29,UGPA3,20.85
2025-12-29,USIM5,5.93
2025-12-29,VALE3,72.12
2025-12-29,VAMO3,3.24
2025-12-29,VBBR3,25.19
2025-12-29,VIVA3,32.89
2025-12-29,VIVT3,33.04
2025-12-29,WEGE3,48.71
2025-12-29,YDUQ3,12.06
2025-12-30,ABEV3,13.86
2025-12-30,ALOS3,28.37
2025-12-30,ASAI3,7.28
2025-12-30,AURE3,11.87
2025-12-30,AXIA3,50.61
2025-12-30,AZZA3,25.16
2025-12-30,B3SA3,13.89
2025-12-30,BBAS3,21.92
2025-12-30,BBDC3,15.6
2025-12-30,BBDC4,18.19
2025-12-30,BBSE3,36.15
2025-12-30,BEEF3,5.76
2025-12-30,BPAC11,52.58
2025-12-30,BRAP4,19.9
2025-12-30,BRAV3,16.84
2025-12-30,CEAB3,12.76
2025-12-30,CMIG4,11.2
2025-12-30,CMIN3,5.45
2025-12-30,COGN3,3.16
2025-12-30,CPFE3,53.29
2025-12-30,CPLE3,13.08
2025-12-30,CSAN3,5.32
2025-12-30,CSMG3,43.92
2025-12-30,CSNA3,8.94
2025-12-30,CURY3,32.23
2025-12-30,CXSE3,16.62
2025-12-30,CYRE3,29.62
2025-12-30,DIRR3,14.12
2025-12-30,EGIE3,31.37
2025-12-30,EMBJ3,88.6
2025-12-30,ENEV3,20.18
2025-12-30,ENGI11,47.16
2025-12-30,EQTL3,38.5
2025-12-30,FLRY3,15.0
2025-12-30,GGBR4,20.39
2025-12-30,GOAU4,9.0
2025-12-30,HAPV3,14.73
2025-12-30,HYPE3,23.56
2025-12-30,IGTI11,25.57
2025-12-30,ISAE4,27.54
2025-12-30,ITSA4,11.68
2025-12-30,ITUB4,39.23
2025-12-30,KLBN11,18.76
2025-12-30,LREN3,13.45
2025-12-30,MBRF3,19.98
2025-12-30,MGLU3,8.94
2025-12-30,MOTV3,15.06
2025-12-30,MRVE3,7.79
2025-12-30,MULT3,27.25
2025-12-30,NATU3,7.45
2025-12-30,PETR3,32.57
2025-12-30,PETR4,30.82
2025-12-30,POMO4,5.97
2025-12-30,PRIO3,41.42
2025-12-30,PSSA3,48.36
2025-12-30,RADL3,23.45
2025-12-30,RAIL3,14.76
2025-12-30,RDOR3,40.61
2025-12-30,RENT3,43.57
2025-12-30,SANB11,34.06
2025-12-30,SBSP3,133.39
2025-12-30,SMFT3,23.3
2025-12-30,SUZB3,51.45
2025-12-30,TAEE11,42.11
2025-12-30,TEND3,24.56
2025-12-30,TIMS3,21.34
2025-12-30,TOTS3,42.08
2025-12-30,UGPA3,20.9
2025-12-30,USIM5,5.95
2025-12-30,VALE3,71.96
2025-12-30,VAMO3,3.23
2025-12-30,VBBR3,25.33
2025-12-30,VIVA3,33.24
2025-12-30,VIVT3,33.1
2025-12-30,WEGE3,48.51
2025-12-30,YDUQ3,12.17
