data,ticker,fechamento
2026-01-02,ABEV3,13.65
2026-01-02,ALOS3,28.55
2026-01-02,AMOB3,12.93
2026-01-02,ASAI3,7.28
2026-01-02,AURE3,11.63
2026-01-02,AXIA3,50.0
2026-01-02,AZZA3,25.39
2026-01-02,B3SA3,13.43
2026-01-02,BBAS3,21.68
2026-01-02,BBDC3,15.64
2026-01-02,BBDC4,18.22
2026-01-02,BBSE3,35.74
2026-01-02,BEEF3,5.37
2026-01-02,BPAC11,52.19
2026-01-02,BRAP4,20.08
2026-01-02,BRAV3,16.67
2026-01-02,BRKM5,7.75
2026-01-02,CEAB3,12.41
2026-01-02,CMIG4,11.16
2026-01-02,CMIN3,5.3
2026-01-02,COGN3,3.13
2026-01-02,CPFE3,53.76
2026-01-02,CPLE3,12.14
2026-01-02,CSAN3,5.25
2026-01-02,CSMG3,43.47
2026-01-02,CSNA3,8.7
2026-01-02,CURY3,31.52
2026-01-02,CVCB3,2.2
2026-01-02,CXSE3,16.54
2026-01-02,CYRE3,23.96
2026-01-02,DIRR3,13.63
2026-01-02,EGIE3,31.13
2026-01-02,EMBJ3,88.59
2026-01-02,ENEV3,20.02
2026-01-02,ENGI11,47.09
2026-01-02,EQTL3,38.3
2026-01-02,FLRY3,14.83
2026-01-02,GGBR4,20.51
2026-01-02,GOAU4,8.91
2026-01-02,HAPV3,14.56
2026-01-02,HYPE3,23.33
2026-01-02,IGTI11,25.31
2026-01-02,IRBR3,52.36
2026-01-02,ISAE4,26.9
2026-01-02,ITSA4,11.63
2026-01-02,ITUB4,39.15
2026-01-02,KLBN11,19.09
2026-01-02,LREN3,13.38
2026-01-02,LWSA3,4.12
2026-01-02,MBRF3,19.64
2026-01-02,MGLU3,8.83
2026-01-02,MOTV3,14.95
2026-01-02,MRVE3,7.72
2026-01-02,MULT3,27.04
2026-01-02,NATU3,7.2
2026-01-02,PCAR3,3.96
2026-01-02,PETR3,32.3
2026-01-02,PETR4,30.71
2026-01-02,PETZ3,4.39
2026-01-02,POMO4,5.88
2026-01-02,PRIO3,41.76
2026-01-02,PSSA3,48.13
2026-01-02,RADL3,23.69
2026-01-02,RAIL3,14.75
2026-01-02,RAIZ4,0.8
2026-01-02,RDOR3,40.47
2026-01-02,RECV3,11.01
2026-01-02,RENT3,43.44
2026-01-02,SANB11,33.73
2026-01-02,SBSP3,133.07
2026-01-02,SLCE3,14.79
2026-01-02,SMFT3,22.98
2026-01-02,SMTO3,14.8
2026-01-02,SUZB3,51.87
2026-01-02,TAEE11,41.97
2026-01-02,TEND3,23.22
2026-01-02,TIMS3,21.64
2026-01-02,TOTS3,40.98
2026-01-02,UGPA3,20.97
2026-01-02,USIM5,5.98
2026-01-02,VALE3,72.38
2026-01-02,VAMO3,3.25
2026-01-02,VBBR3,25.76
2026-01-02,VIVA3,32.26
2026-01-02,VIVT3,32.74
2026-01-02,WEGE3,48.25
2026-01-02,YDUQ3,12.19
2026-01-05,ABEV3,13.71
2026-01-05,ALOS3,28.64
2026-01-05,AMOB3,13.2
2026-01-05,ASAI3,7.47
2026-01-05,AURE3,11.78
2026-01-05,AXIA3,50.25
2026-01-05,AZZA3,25.06
2026-01-05,B3SA3,13.95
2026-01-05,BBAS3,21.88
2026-01-05,BBDC3,16.16
2026-01-05,BBDC4,18.97
2026-01-05,BBSE3,35.86
2026-01-05,BEEF3,5.23
2026-01-05,BPAC11,53.6
2026-01-05,BRAP4,20.37
2026-01-05,BRAV3,15.71
2026-01-05,BRKM5,7.6
2026-01-05,CEAB3,10.46
2026-01-05,CMIG4,11.19
2026-01-05,CMIN3,5.4
2026-01-05,COGN3,3.23
2026-01-05,CPFE3,53.65
2026-01-05,CPLE3,12.25
2026-01-05,CSAN3,5.25
2026-01-05,CSMG3,42.54
2026-01-05,CSNA3,9.05
2026-01-05,CURY3,32.92
2026-01-05,CVCB3,2.28
2026-01-05,CXSE3,16.21
2026-01-05,CYRE3,25.27
2026-01-05,DIRR3,14.33
2026-01-05,EGIE3,31.12
2026-01-05,EMBJ3,92.89
2026-01-05,ENEV3,20.1
2026-01-05,ENGI11,47.34
2026-01-05,EQTL3,38.6
2026-01-05,FLRY3,15.0
2026-01-05,GGBR4,20.71
2026-01-05,GOAU4,9.06
2026-01-05,HAPV3,15.17
2026-01-05,HYPE3,23.46
2026-01-05,IGTI11,25.6
2026-01-05,IRBR3,53.11
2026-01-05,ISAE4,27.15
2026-01-05,ITSA4,11.91
2026-01-05,ITUB4,39.72
2026-01-05,KLBN11,18.52
2026-01-05,LREN3,12.98
2026-01-05,LWSA3,4.21
2026-01-05,MBRF3,19.1
2026-01-05,MGLU3,8.95
2026-01-05,MOTV3,15.11
2026-01-05,MRVE3,8.19
2026-01-05,MULT3,27.33
2026-01-05,NATU3,7.35
2026-01-05,PCAR3,3.94
2026-01-05,PETR3,31.76
2026-01-05,PETR4,30.2
2026-01-05,POMO4,6.02
2026-01-05,PRIO3,41.15
2026-01-05,PSSA3,48.33
2026-01-05,RADL3,24.25
2026-01-05,RAIL3,14.84
2026-01-05,RAIZ4,0.82
2026-01-05,RDOR3,40.95
2026-01-05,RECV3,11.08
2026-01-05,RENT3,43.74
2026-01-05,SANB11,33.94
2026-01-05,SBSP3,131.26
2026-01-05,SLCE3,14.64
2026-01-05,SMFT3,23.57
2026-01-05,SMTO3,14.49
2026-01-05,SUZB3,50.43
2026-01-05,TAEE11,42.24
2026-01-05,TEND3,24.96
2026-01-05,TIMS3,21.61
2026-01-05,TOTS3,41.4
2026-01-05,UGPA3,21.1
2026-01-05,USIM5,6.16
2026-01-05,VALE3,73.12
2026-01-05,VAMO3,3.23
2026-01-05,VBBR3,25.53
2026-01-05,VIVA3,31.3
2026-01-05,VIVT3,33.09
2026-01-05,WEGE3,48.08
2026-01-05,YDUQ3,12.5
2026-01-06,ABEV3,13.7
2026-01-06,ALOS3,29.07
2026-01-06,AMOB3,13.77
2026-01-06,ASAI3,7.89
2026-01-06,AURE3,11.9
2026-01-06,AXIA3,51.96
2026-01-06,AZZA3,25.16
2026-01-06,B3SA3,14.5
2026-01-06,BBAS3,22.12
2026-01-06,BBDC3,16.21
2026-01-06,BBDC4,19.08
2026-01-06,BBSE3,36.1
2026-01-06,BEEF3,5.2
2026-01-06,BPAC11,54.31
2026-01-06,BRAP4,21.15
2026-01-06,BRAV3,15.7
2026-01-06,BRKM5,7.99
2026-01-06,CEAB3,10.69
2026-01-06,CMIG4,11.12
2026-01-06,CMIN3,5.55
2026-01-06,COGN3,3.33
2026-01-06,CPFE3,53.3
2026-01-06,CPLE3,12.44
2026-01-06,CSAN3,5.21
2026-01-06,CSMG3,43.07
2026-01-06,CSNA3,9.32
2026-01-06,CURY3,32.52
2026-01-06,CVCB3,2.32
2026-01-06,CXSE3,16.31
2026-01-06,CYRE3,25.14
2026-01-06,DIRR3,14.07
2026-01-06,EGIE3,31.42
2026-01-06,EMBJ3,93.08
2026-01-06,ENEV3,20.37
2026-01-06,ENGI11,47.87
2026-01-06,EQTL3,38.99
2026-01-06,FLRY3,15.59
2026-01-06,GGBR4,21.05
2026-01-06,GOAU4,9.23
2026-01-06,HAPV3,16.49
2026-01-06,HYPE3,24.04
2026-01-06,IGTI11,25.76
2026-01-06,IRBR3,52.76
2026-01-06,ISAE4,27.0
2026-01-06,ITSA4,11.96
2026-01-06,ITUB4,39.96
2026-01-06,KLBN11,18.52
2026-01-06,LREN3,13.45
2026-01-06,LWSA3,4.29
2026-01-06,MBRF3,19.17
2026-01-06,MGLU3,9.15
2026-01-06,MOTV3,15.48
2026-01-06,MRVE3,8.41
2026-01-06,MULT3,27.71
2026-01-06,NATU3,7.42
2026-01-06,PCAR3,4.01
2026-01-06,PETR3,31.15
2026-01-06,PETR4,29.64
2026-01-06,POMO4,6.0
2026-01-06,PRIO3,40.82
2026-01-06,PSSA3,50.0
2026-01-06,RADL3,24.65
2026-01-06,RAIL3,14.84
2026-01-06,RAIZ4,0.81
2026-01-06,RDOR3,42.5
2026-01-06,RECV3,11.08
2026-01-06,RENT3,44.32
2026-01-06,SANB11,33.92
2026-01-06,SBSP3,130.48
2026-01-06,SLCE3,14.66
2026-01-06,SMFT3,23.33
2026-01-06,SMTO3,14.31
2026-01-06,SUZB3,50.23
2026-01-06,TAEE11,42.08
2026-01-06,TEND3,25.84
2026-01-06,TIMS3,21.69
2026-01-06,TOTS3,42.28
2026-01-06,UGPA3,21.08
2026-01-06,USIM5,6.41
2026-01-06,VALE3,75.87
2026-01-06,VAMO3,3.32
2026-01-06,VBBR3,25.58
2026-01-06,VIVA3,30.3
2026-01-06,VIVT3,33.09
2026-01-06,WEGE3,48.17
2026-01-06,YDUQ3,12.9
2026-01-07,ABEV3,13.7
2026-01-07,ALOS3,28.77
2026-01-07,AMOB3,13.8
2026-01-07,ASAI3,7.31
2026-01-07,AURE3,11.53
2026-01-07,AXIA3,49.51
2026-01-07,AZZA3,25.0
2026-01-07,B3SA3,14.28
2026-01-07,BBAS3,21.7
2026-01-07,BBDC3,16.03
2026-01-07,BBDC4,18.84
2026-01-07,BBSE3,35.4
2026-01-07,BEEF3,5.16
2026-01-07,BPAC11,53.25
2026-01-07,BRAP4,21.37
2026-01-07,BRAV3,16.13
2026-01-07,BRKM5,7.76
2026-01-07,CEAB3,10.46
2026-01-07,CMIG4,11.0
2026-01-07,CMIN3,5.58
2026-01-07,COGN3,3.58
2026-01-07,CPFE3,52.38
2026-01-07,CPLE3,12.12
2026-01-07,CSAN3,5.1
2026-01-07,CSMG3,42.7
2026-01-07,CSNA3,9.85
2026-01-07,CURY3,31.94
2026-01-07,CVCB3,2.29
2026-01-07,CXSE3,16.15
2026-01-07,CYRE3,24.22
2026-01-07,DIRR3,13.65
2026-01-07,EGIE3,30.9
2026-01-07,EMBJ3,93.91
2026-01-07,ENEV3,20.02
2026-01-07,ENGI11,46.72
2026-01-07,EQTL3,38.25
2026-01-07,FLRY3,15.35
2026-01-07,GGBR4,21.27
2026-01-07,GOAU4,9.27
2026-01-07,HAPV3,16.14
2026-01-07,HYPE3,23.66
2026-01-07,IGTI11,25.38
2026-01-07,IRBR3,51.26
2026-01-07,ISAE4,26.81
2026-01-07,ITSA4,11.77
2026-01-07,ITUB4,39.32
2026-01-07,KLBN11,18.35
2026-01-07,LREN3,13.13
2026-01-07,LWSA3,4.25
2026-01-07,MBRF3,18.62
2026-01-07,MGLU3,9.29
2026-01-07,MOTV3,15.35
2026-01-07,MRVE3,8.01
2026-01-07,MULT3,27.3
2026-01-07,NATU3,7.28
2026-01-07,PCAR3,4.01
2026-01-07,PETR3,31.18
2026-01-07,PETR4,29.83
2026-01-07,POMO4,5.93
2026-01-07,PRIO3,41.07
2026-01-07,PSSA3,49.65
2026-01-07,RADL3,24.18
2026-01-07,RAIL3,14.66
2026-01-07,RAIZ4,0.83
2026-01-07,RDOR3,40.99
2026-01-07,RECV3,11.0
2026-01-07,RENT3,43.96
2026-01-07,SANB11,33.15
2026-01-07,SBSP3,129.71
2026-01-07,SLCE3,14.36
2026-01-07,SMFT3,23.13
2026-01-07,SMTO3,14.21
2026-01-07,SUZB3,49.94
2026-01-07,TAEE11,41.35
2026-01-07,TEND3,24.57
2026-01-07,TIMS3,21.7
2026-01-07,TOTS3,42.57
2026-01-07,UGPA3,20.83
2026-01-07,USIM5,6.48
2026-01-07,VALE3,76.32
2026-01-07,VAMO3,3.26
2026-01-07,VBBR3,25.48
2026-01-07,VIVA3,29.93
2026-01-07,VIVT3,32.76
2026-01-07,WEGE3,47.7
2026-01-07,YDUQ3,12.6
2026-01-08,ABEV3,13.64
2026-01-08,ALOS3,28.91
2026-01-08,AMOB3,13.67
2026-01-08,ASAI3,7.35
2026-01-08,AURE3,11.52
2026-01-08,AXIA3,51.2
2026-01-08,AZZA3,24.71
2026-01-08,B3SA3,14.38
2026-01-08,BBAS3,21.82
2026-01-08,BBDC3,15.84
2026-01-08,BBDC4,18.52
2026-01-08,BBSE3,34.65
2026-01-08,BEEF3,5.17
2026-01-08,BPAC11,54.4
2026-01-08,BRAP4,21.16
2026-01-08,BRAV3,17.05
2026-01-08,BRKM5,8.07
2026-01-08,CEAB3,10.68
2026-01-08,CMIG4,10.95
2026-01-08,CMIN3,5.5
2026-01-08,COGN3,3.54
2026-01-08,CPFE3,54.03
2026-01-08,CPLE3,12.38
2026-01-08,CSAN3,5.11
2026-01-08,CSMG3,43.76
2026-01-08,CSNA3,9.86
2026-01-08,CURY3,32.51
2026-01-08,CVCB3,2.35
2026-01-08,CXSE3,15.99
2026-01-08,CYRE3,24.49
2026-01-08,DIRR3,13.78
2026-01-08,EGIE3,30.86
2026-01-08,EMBJ3,94.84
2026-01-08,ENEV3,20.53
2026-01-08,ENGI11,47.46
2026-01-08,EQTL3,38.8
2026-01-08,FLRY3,15.15
2026-01-08,GGBR4,21.2
2026-01-08,GOAU4,9.22
2026-01-08,HAPV3,15.37
2026-01-08,HYPE3,23.15
2026-01-08,IGTI11,25.62
2026-01-08,IRBR3,51.24
2026-01-08,ISAE4,26.8
2026-01-08,ITSA4,12.07
2026-01-08,ITUB4,39.93
2026-01-08,KLBN11,18.52
2026-01-08,LREN3,13.42
2026-01-08,LWSA3,4.31
2026-01-08,MBRF3,18.64
2026-01-08,MGLU3,9.22
2026-01-08,MOTV3,15.23
2026-01-08,MRVE3,8.09
2026-01-08,MULT3,27.52
2026-01-08,NATU3,7.34
2026-01-08,PCAR3,3.98
2026-01-08,PETR3,31.96
2026-01-08,PETR4,30.2
2026-01-08,POMO4,5.94
2026-01-08,PRIO3,41.83
2026-01-08,PSSA3,47.39
2026-01-08,RADL3,24.3
2026-01-08,RAIL3,14.84
2026-01-08,RAIZ4,0.82
2026-01-08,RDOR3,40.67
2026-01-08,RECV3,11.01
2026-01-08,RENT3,43.57
2026-01-08,SANB11,33.73
2026-01-08,SBSP3,131.46
2026-01-08,SLCE3,14.45
2026-01-08,SMFT3,23.32
2026-01-08,SMTO3,14.09
2026-01-08,SUZB3,49.57
2026-01-08,TAEE11,40.54
2026-01-08,TEND3,25.39
2026-01-08,TIMS3,21.95
2026-01-08,TOTS3,43.36
2026-01-08,UGPA3,21.03
2026-01-08,USIM5,6.59
2026-01-08,VALE3,75.58
2026-01-08,VAMO3,3.31
2026-01-08,VBBR3,25.6
2026-01-08,VIVA3,30.32
2026-01-08,VIVT3,33.17
2026-01-08,WEGE3,45.71
2026-01-08,YDUQ3,12.84
2026-01-09,ABEV3,13.9
2026-01-09,ALOS3,29.24
2026-01-09,AMOB3,13.6
2026-01-09,ASAI3,7.04
2026-01-09,AURE3,11.62
2026-01-09,AXIA3,51.35
2026-01-09,AZZA3,23.69
2026-01-09,B3SA3,14.46
2026-01-09,BBAS3,21.86
2026-01-09,BBDC3,15.88
2026-01-09,BBDC4,18.54
2026-01-09,BBSE3,34.99
2026-01-09,BEEF3,5.3
2026-01-09,BPAC11,54.72
2026-01-09,BRAP4,21.02
2026-01-09,BRAV3,16.66
2026-01-09,BRKM5,8.02
2026-01-09,CEAB3,10.79
2026-01-09,CMIG4,10.96
2026-01-09,CMIN3,5.5
2026-01-09,COGN3,3.68
2026-01-09,CPFE3,53.54
2026-01-09,CPLE3,12.82
2026-01-09,CSAN3,5.18
2026-01-09,CSMG3,44.31
2026-01-09,CSNA3,9.84
2026-01-09,CURY3,33.75
2026-01-09,CVCB3,2.52
2026-01-09,CXSE3,16.18
2026-01-09,CYRE3,24.77
2026-01-09,DIRR3,13.92
2026-01-09,EGIE3,30.95
2026-01-09,EMBJ3,95.85
2026-01-09,ENEV3,20.76
2026-01-09,ENGI11,47.61
2026-01-09,EQTL3,38.89
2026-01-09,FLRY3,15.5
2026-01-09,GGBR4,21.05
2026-01-09,GOAU4,9.19
2026-01-09,HAPV3,15.25
2026-01-09,HYPE3,23.56
2026-01-09,IGTI11,26.55
2026-01-09,IRBR3,51.15
2026-01-09,ISAE4,26.72
2026-01-09,ITSA4,12.11
2026-01-09,ITUB4,39.85
2026-01-09,KLBN11,18.72
2026-01-09,LREN3,13.3
2026-01-09,LWSA3,4.36
2026-01-09,MBRF3,19.0
2026-01-09,MGLU3,8.88
2026-01-09,MOTV3,15.54
2026-01-09,MRVE3,8.17
2026-01-09,MULT3,28.69
2026-01-09,NATU3,7.35
2026-01-09,PCAR3,3.85
2026-01-09,PETR3,31.9
2026-01-09,PETR4,30.3
2026-01-09,POMO4,5.94
2026-01-09,PRIO3,42.68
2026-01-09,PSSA3,47.45
2026-01-09,RADL3,23.96
2026-01-09,RAIL3,14.83
2026-01-09,RAIZ4,0.85
2026-01-09,RDOR3,41.19
2026-01-09,RECV3,10.22
2026-01-09,RENT3,43.21
2026-01-09,SANB11,34.12
2026-01-09,SBSP3,131.5
2026-01-09,SLCE3,14.58
2026-01-09,SMFT3,23.2
2026-01-09,SMTO3,14.91
2026-01-09,SUZB3,50.99
2026-01-09,TAEE11,40.07
2026-01-09,TEND3,25.19
2026-01-09,TIMS3,22.29
2026-01-09,TOTS3,44.04
2026-01-09,UGPA3,21.32
2026-01-09,USIM5,6.55
2026-01-09,VALE3,74.72
2026-01-09,VAMO3,3.3
2026-01-09,VBBR3,25.53
2026-01-09,VIVA3,30.95
2026-01-09,VIVT3,33.4
2026-01-09,WEGE3,46.1
2026-01-09,YDUQ3,12.75
2026-01-12,ABEV3,13.9
2026-01-12,ALOS3,29.43
2026-01-12,AMOB3,13.58
2026-01-12,ASAI3,7.36
2026-01-12,AURE3,11.62
2026-01-12,AXIA3,50.7
2026-01-12,AZZA3,23.66
2026-01-12,B3SA3,14.49
2026-01-12,BBAS3,21.87
2026-01-12,BBDC3,15.73
2026-01-12,BBDC4,18.4
2026-01-12,BBSE3,34.8
2026-01-12,BEEF3,5.37
2026-01-12,BPAC11,54.07
2026-01-12,BRAP4,21.14
2026-01-12,BRAV3,17.41
2026-01-12,BRKM5,8.25
2026-01-12,CEAB3,10.51
2026-01-12,CMIG4,10.9
2026-01-12,CMIN3,5.57
2026-01-12,COGN3,3.65
2026-01-12,CPFE3,54.0
2026-01-12,CPLE3,12.88
2026-01-12,CSAN3,5.25
2026-01-12,CSMG3,44.51
2026-01-12,CSNA3,9.92
2026-01-12,CURY3,32.41
2026-01-12,CVCB3,2.59
2026-01-12,CXSE3,16.37
2026-01-12,CYRE3,24.58
2026-01-12,DIRR3,13.58
2026-01-12,EGIE3,31.19
2026-01-12,EMBJ3,97.93
2026-01-12,ENEV3,20.73
2026-01-12,ENGI11,47.65
2026-01-12,EQTL3,38.3
2026-01-12,FLRY3,15.5
2026-01-12,GGBR4,21.25
2026-01-12,GOAU4,9.3
2026-01-12,HAPV3,15.26
2026-01-12,HYPE3,23.36
2026-01-12,IGTI11,26.62
2026-01-12,IRBR3,51.01
2026-01-12,ISAE4,26.49
2026-01-12,ITSA4,12.0
2026-01-12,ITUB4,39.49
2026-01-12,KLBN11,18.84
2026-01-12,LREN3,13.41
2026-01-12,LWSA3,4.4
2026-01-12,MBRF3,19.78
2026-01-12,MGLU3,8.58
2026-01-12,MOTV3,15.37
2026-01-12,MRVE3,7.98
2026-01-12,MULT3,28.82
2026-01-12,NATU3,7.51
2026-01-12,PCAR3,3.79
2026-01-12,PETR3,31.95
2026-01-12,PETR4,30.36
2026-01-12,POMO4,6.04
2026-01-12,PRIO3,43.24
2026-01-12,PSSA3,47.08
2026-01-12,RADL3,23.72
2026-01-12,RAIL3,14.89
2026-01-12,RAIZ4,0.85
2026-01-12,RDOR3,41.16
2026-01-12,RECV3,10.44
2026-01-12,RENT3,42.9
2026-01-12,SANB11,33.96
2026-01-12,SBSP3,127.26
2026-01-12,SLCE3,15.05
2026-01-12,SMFT3,23.0
2026-01-12,SMTO3,16.5
2026-01-12,SUZB3,52.11
2026-01-12,TAEE11,40.1
2026-01-12,TEND3,23.99
2026-01-12,TIMS3,22.49
2026-01-12,TOTS3,44.03
2026-01-12,UGPA3,21.47
2026-01-12,USIM5,6.67
2026-01-12,VALE3,74.74
2026-01-12,VAMO3,3.57
2026-01-12,VBBR3,25.52
2026-01-12,VIVA3,30.92
2026-01-12,VIVT3,33.45
2026-01-12,WEGE3,46.75
2026-01-12,YDUQ3,13.04
2026-01-13,ABEV3,13.91
2026-01-13,ALOS3,28.93
2026-01-13,AMOB3,13.13
2026-01-13,ASAI3,7.25
2026-01-13,AURE3,11.66
2026-01-13,AXIA3,49.47
2026-01-13,AZZA3,23.67
2026-01-13,B3SA3,14.31
2026-01-13,BBAS3,21.2
2026-01-13,BBDC3,15.6
2026-01-13,BBDC4,18.19
2026-01-13,BBSE3,34.69
2026-01-13,BEEF3,5.36
2026-01-13,BPAC11,53.39
2026-01-13,BRAP4,21.32
2026-01-13,BRAV3,17.6
2026-01-13,BRKM5,8.25
2026-01-13,CEAB3,10.27
2026-01-13,CMIG4,10.72
2026-01-13,CMIN3,5.59
2026-01-13,COGN3,3.58
2026-01-13,CPFE3,52.24
2026-01-13,CPLE3,12.46
2026-01-13,CSAN3,5.14
2026-01-13,CSMG3,43.99
2026-01-13,CSNA3,10.05
2026-01-13,CURY3,31.79
2026-01-13,CVCB3,2.6
2026-01-13,CXSE3,16.02
2026-01-13,CYRE3,24.78
2026-01-13,DIRR3,13.35
2026-01-13,EGIE3,30.27
2026-01-13,EMBJ3,97.09
2026-01-13,ENEV3,20.48
2026-01-13,ENGI11,46.91
2026-01-13,EQTL3,37.33
2026-01-13,FLRY3,15.13
2026-01-13,GGBR4,21.66
2026-01-13,GOAU4,9.47
2026-01-13,HAPV3,13.98
2026-01-13,HYPE3,23.09
2026-01-13,IGTI11,26.55
2026-01-13,IRBR3,50.58
2026-01-13,ISAE4,25.91
2026-01-13,ITSA4,11.96
2026-01-13,ITUB4,39.17
2026-01-13,KLBN11,18.64
2026-01-13,LREN3,13.24
2026-01-13,LWSA3,4.34
2026-01-13,MBRF3,19.29
2026-01-13,MGLU3,8.2
2026-01-13,MOTV3,14.99
2026-01-13,MRVE3,8.05
2026-01-13,MULT3,28.69
2026-01-13,NATU3,7.51
2026-01-13,PCAR3,3.78
2026-01-13,PETR3,33.04
2026-01-13,PETR4,31.14
2026-01-13,POMO4,5.88
2026-01-13,PRIO3,42.8
2026-01-13,PSSA3,46.5
2026-01-13,RADL3,23.66
2026-01-13,RAIL3,14.31
2026-01-13,RAIZ4,0.83
2026-01-13,RDOR3,40.22
2026-01-13,RECV3,10.34
2026-01-13,RENT3,41.87
2026-01-13,SANB11,33.49
2026-01-13,SBSP3,124.48
2026-01-13,SLCE3,15.06
2026-01-13,SMFT3,22.65
2026-01-13,SMTO3,16.04
2026-01-13,SUZB3,51.51
2026-01-13,TAEE11,39.65
2026-01-13,TEND3,23.63
2026-01-13,TIMS3,21.86
2026-01-13,TOTS3,42.74
2026-01-13,UGPA3,21.55
2026-01-13,USIM5,6.68
2026-01-13,VALE3,75.35
2026-01-13,VAMO3,3.57
2026-01-13,VBBR3,25.41
2026-01-13,VIVA3,29.5
2026-01-13,VIVT3,32.37
2026-01-13,WEGE3,46.4
2026-01-13,YDUQ3,12.42
2026-01-14,ABEV3,14.2
2026-01-14,ALOS3,28.97
2026-01-14,AMOB3,12.9
2026-01-14,ASAI3,7.35
2026-01-14,AURE3,11.55
2026-01-14,AXIA3,50.93
2026-01-14,AZZA3,24.16
2026-01-14,B3SA3,14.73
2026-01-14,BBAS3,21.5
2026-01-14,BBDC3,15.86
2026-01-14,BBDC4,18.52
2026-01-14,BBSE3,34.82
2026-01-14,BEEF3,5.37
2026-01-14,BPAC11,54.5
2026-01-14,BRAP4,22.24
2026-01-14,BRAV3,17.95
2026-01-14,BRKM5,8.54
2026-01-14,CEAB3,10.48
2026-01-14,CMIG4,10.74
2026-01-14,CMIN3,5.83
2026-01-14,COGN3,3.66
2026-01-14,CPFE3,51.96
2026-01-14,CPLE3,12.45
2026-01-14,CSAN3,5.14
2026-01-14,CSMG3,44.24
2026-01-14,CSNA3,10.27
2026-01-14,CURY3,31.64
2026-01-14,CVCB3,2.64
2026-01-14,CXSE3,16.09
2026-01-14,CYRE3,24.92
2026-01-14,DIRR3,13.39
2026-01-14,EGIE3,30.93
2026-01-14,EMBJ3,96.28
2026-01-14,ENEV3,21.29
2026-01-14,ENGI11,47.01
2026-01-14,EQTL3,37.59
2026-01-14,FLRY3,15.56
2026-01-14,GGBR4,22.21
2026-01-14,GOAU4,9.7
2026-01-14,HAPV3,13.89
2026-01-14,HYPE3,23.64
2026-01-14,IGTI11,26.72
2026-01-14,IRBR3,51.52
2026-01-14,ISAE4,26.21
2026-01-14,ITSA4,12.03
2026-01-14,ITUB4,39.6
2026-01-14,KLBN11,19.01
2026-01-14,LREN3,13.52
2026-01-14,LWSA3,4.37
2026-01-14,MBRF3,19.44
2026-01-14,MGLU3,8.4
2026-01-14,MOTV3,15.1
2026-01-14,MRVE3,7.62
2026-01-14,MULT3,28.64
2026-01-14,NATU3,7.55
2026-01-14,PCAR3,3.74
2026-01-14,PETR3,34.24
2026-01-14,PETR4,31.99
2026-01-14,POMO4,5.75
2026-01-14,PRIO3,44.07
2026-01-14,PSSA3,47.08
2026-01-14,RADL3,24.3
2026-01-14,RAIL3,13.7
2026-01-14,RAIZ4,0.86
2026-01-14,RDOR3,40.34
2026-01-14,RECV3,10.58
2026-01-14,RENT3,41.92
2026-01-14,SANB11,33.98
2026-01-14,SBSP3,124.95
2026-01-14,SLCE3,15.23
2026-01-14,SMFT3,22.76
2026-01-14,SMTO3,16.4
2026-01-14,SUZB3,52.17
2026-01-14,TAEE11,39.78
2026-01-14,TEND3,23.89
2026-01-14,TIMS3,22.8
2026-01-14,TOTS3,43.58
2026-01-14,UGPA3,21.94
2026-01-14,USIM5,6.81
2026-01-14,VALE3,78.92
2026-01-14,VAMO3,3.68
2026-01-14,VBBR3,25.91
2026-01-14,VIVA3,29.29
2026-01-14,VIVT3,33.06
2026-01-14,WEGE3,47.01
2026-01-14,YDUQ3,12.39
2026-01-15,ABEV3,14.04
2026-01-15,ALOS3,29.26
2026-01-15,AMOB3,13.14
2026-01-15,ASAI3,7.29
2026-01-15,AURE3,11.73
2026-01-15,AXIA3,51.39
2026-01-15,AZZA3,23.82
2026-01-15,B3SA3,15.12
2026-01-15,BBAS3,21.46
2026-01-15,BBDC3,16.11
2026-01-15,BBDC4,18.9
2026-01-15,BBSE3,34.91
2026-01-15,BEEF3,5.44
2026-01-15,BPAC11,55.08
2026-01-15,BRAP4,22.21
2026-01-15,BRAV3,18.01
2026-01-15,BRKM5,8.73
2026-01-15,CEAB3,9.94
2026-01-15,CMIG4,10.79
2026-01-15,CMIN3,5.69
2026-01-15,COGN3,3.65
2026-01-15,CPFE3,51.86
2026-01-15,CPLE3,12.6
2026-01-15,CSAN3,5.01
2026-01-15,CSMG3,44.14
2026-01-15,CSNA3,9.95
2026-01-15,CURY3,31.55
2026-01-15,CVCB3,2.7
2026-01-15,CXSE3,16.1
2026-01-15,CYRE3,24.95
2026-01-15,DIRR3,13.5
2026-01-15,EGIE3,30.57
2026-01-15,EMBJ3,98.97
2026-01-15,ENEV3,20.9
2026-01-15,ENGI11,46.84
2026-01-15,EQTL3,37.75
2026-01-15,FLRY3,15.73
2026-01-15,GGBR4,22.28
2026-01-15,GOAU4,9.73
2026-01-15,HAPV3,13.25
2026-01-15,HYPE3,23.62
2026-01-15,IGTI11,26.97
2026-01-15,IRBR3,51.45
2026-01-15,ISAE4,26.29
2026-01-15,ITSA4,12.18
2026-01-15,ITUB4,39.94
2026-01-15,KLBN11,18.73
2026-01-15,LREN3,13.51
2026-01-15,LWSA3,4.41
2026-01-15,MBRF3,19.62
2026-01-15,MGLU3,8.74
2026-01-15,MOTV3,15.11
2026-01-15,MRVE3,7.78
2026-01-15,MULT3,29.45
2026-01-15,NATU3,7.52
2026-01-15,PCAR3,3.63
2026-01-15,PETR3,33.89
2026-01-15,PETR4,31.79
2026-01-15,POMO4,5.89
2026-01-15,PRIO3,43.78
2026-01-15,PSSA3,46.0
2026-01-15,RADL3,24.75
2026-01-15,RAIL3,13.73
2026-01-15,RAIZ4,0.86
2026-01-15,RDOR3,40.32
2026-01-15,RECV3,10.57
2026-01-15,RENT3,41.98
2026-01-15,SANB11,33.14
2026-01-15,SBSP3,124.27
2026-01-15,SLCE3,15.44
2026-01-15,SMFT3,20.9
2026-01-15,SMTO3,16.0
2026-01-15,SUZB3,52.35
2026-01-15,TAEE11,39.88
2026-01-15,TEND3,23.76
2026-01-15,TIMS3,23.15
2026-01-15,TOTS3,44.0
2026-01-15,UGPA3,22.26
2026-01-15,USIM5,6.59
2026-01-15,VALE3,78.85
2026-01-15,VAMO3,3.96
2026-01-15,VBBR3,25.96
2026-01-15,VIVA3,27.37
2026-01-15,VIVT3,32.71
2026-01-15,WEGE3,46.44
2026-01-15,YDUQ3,12.38
2026-01-16,ABEV3,14.1
2026-01-16,ALOS3,28.76
2026-01-16,AMOB3,13.15
2026-01-16,ASAI3,7.45
2026-01-16,AURE3,11.54
2026-01-16,AXIA3,50.5
2026-01-16,AZZA3,23.59
2026-01-16,B3SA3,15.24
2026-01-16,BBAS3,21.37
2026-01-16,BBDC3,16.2
2026-01-16,BBDC4,18.91
2026-01-16,BBSE3,35.12
2026-01-16,BEEF3,5.52
2026-01-16,BPAC11,54.4
2026-01-16,BRAP4,22.19
2026-01-16,BRAV3,17.1
2026-01-16,BRKM5,8.22
2026-01-16,CEAB3,9.51
2026-01-16,CMIG4,10.77
2026-01-16,CMIN3,5.55
2026-01-16,COGN3,3.67
2026-01-16,CPFE3,51.22
2026-01-16,CPLE3,12.31
2026-01-16,CSAN3,5.13
2026-01-16,CSMG3,45.25
2026-01-16,CSNA3,9.51
2026-01-16,CURY3,31.67
2026-01-16,CVCB3,2.41
2026-01-16,CXSE3,16.16
2026-01-16,CYRE3,24.7
2026-01-16,DIRR3,12.73
2026-01-16,EGIE3,30.47
2026-01-16,EMBJ3,99.3
2026-01-16,ENEV3,20.6
2026-01-16,ENGI11,46.79
2026-01-16,EQTL3,37.44
2026-01-16,FLRY3,15.43
2026-01-16,GGBR4,22.04
2026-01-16,GOAU4,9.66
2026-01-16,HAPV3,12.99
2026-01-16,HYPE3,23.52
2026-01-16,IGTI11,26.79
2026-01-16,IRBR3,52.42
2026-01-16,ISAE4,25.94
2026-01-16,ITSA4,12.03
2026-01-16,ITUB4,39.61
2026-01-16,KLBN11,18.61
2026-01-16,LREN3,13.33
2026-01-16,LWSA3,4.33
2026-01-16,MBRF3,19.61
2026-01-16,MGLU3,8.46
2026-01-16,MOTV3,15.25
2026-01-16,MRVE3,7.48
2026-01-16,MULT3,29.1
2026-01-16,NATU3,7.63
2026-01-16,PCAR3,3.66
2026-01-16,PETR3,33.98
2026-01-16,PETR4,32.04
2026-01-16,POMO4,5.92
2026-01-16,PRIO3,44.17
2026-01-16,PSSA3,46.0
2026-01-16,RADL3,25.1
2026-01-16,RAIL3,13.6
2026-01-16,RAIZ4,0.82
2026-01-16,RDOR3,40.25
2026-01-16,RECV3,10.33
2026-01-16,RENT3,40.7
2026-01-16,SANB11,33.1
2026-01-16,SBSP3,123.66
2026-01-16,SLCE3,15.22
2026-01-16,SMFT3,20.73
2026-01-16,SMTO3,16.44
2026-01-16,SUZB3,51.6
2026-01-16,TAEE11,39.5
2026-01-16,TEND3,22.85
2026-01-16,TIMS3,22.88
2026-01-16,TOTS3,43.09
2026-01-16,UGPA3,22.12
2026-01-16,USIM5,6.42
2026-01-16,VALE3,78.88
2026-01-16,VAMO3,3.6
2026-01-16,VBBR3,25.63
2026-01-16,VIVA3,26.92
2026-01-16,VIVT3,32.47
2026-01-16,WEGE3,46.32
2026-01-16,YDUQ3,12.11
2026-01-19,ABEV3,14.09
2026-01-19,ALOS3,28.44
2026-01-19,AMOB3,13.0
2026-01-19,ASAI3,7.45
2026-01-19,AURE3,11.5
2026-01-19,AXIA3,50.8
2026-01-19,AZZA3,23.76
2026-01-19,B3SA3,15.1
2026-01-19,BBAS3,21.31
2026-01-19,BBDC3,16.24
2026-01-19,BBDC4,18.9
2026-01-19,BBSE3,35.28
2026-01-19,BEEF3,5.57
2026-01-19,BPAC11,54.82
2026-01-19,BRAP4,22.11
2026-01-19,BRAV3,17.22
2026-01-19,BRKM5,8.22
2026-01-19,CEAB3,9.67
2026-01-19,CMIG4,10.79
2026-01-19,CMIN3,5.54
2026-01-19,COGN3,3.6
2026-01-19,CPFE3,51.05
2026-01-19,CPLE3,12.27
2026-01-19,CSAN3,5.05
2026-01-19,CSMG3,45.01
2026-01-19,CSNA3,9.21
2026-01-19,CURY3,32.6
2026-01-19,CVCB3,2.51
2026-01-19,CXSE3,16.22
2026-01-19,CYRE3,24.62
2026-01-19,DIRR3,13.07
2026-01-19,EGIE3,30.75
2026-01-19,EMBJ3,99.33
2026-01-19,ENEV3,20.85
2026-01-19,ENGI11,46.65
2026-01-19,EQTL3,37.47
2026-01-19,FLRY3,15.6
2026-01-19,GGBR4,22.01
2026-01-19,GOAU4,9.65
2026-01-19,HAPV3,13.49
2026-01-19,HYPE3,23.33
2026-01-19,IGTI11,26.74
2026-01-19,IRBR3,54.3
2026-01-19,ISAE4,26.0
2026-01-19,ITSA4,11.98
2026-01-19,ITUB4,39.55
2026-01-19,KLBN11,18.59
2026-01-19,LREN3,13.39
2026-01-19,LWSA3,4.33
2026-01-19,MBRF3,19.28
2026-01-19,MGLU3,8.36
2026-01-19,MOTV3,15.24
2026-01-19,MRVE3,7.37
2026-01-19,MULT3,29.25
2026-01-19,NATU3,7.37
2026-01-19,PCAR3,3.67
2026-01-19,PETR3,34.16
2026-01-19,PETR4,32.17
2026-01-19,POMO4,5.9
2026-01-19,PRIO3,44.93
2026-01-19,PSSA3,46.22
2026-01-19,RADL3,24.6
2026-01-19,RAIL3,13.54
2026-01-19,RAIZ4,0.8
2026-01-19,RDOR3,40.45
2026-01-19,RECV3,10.46
2026-01-19,RENT3,40.81
2026-01-19,SANB11,33.33
2026-01-19,SBSP3,124.0
2026-01-19,SLCE3,15.05
2026-01-19,SMFT3,20.9
2026-01-19,SMTO3,16.17
2026-01-19,SUZB3,51.85
2026-01-19,TAEE11,39.85
2026-01-19,TEND3,22.77
2026-01-19,TIMS3,23.1
2026-01-19,TOTS3,43.59
2026-01-19,UGPA3,21.96
2026-01-19,USIM5,6.36
2026-01-19,VALE3,78.57
2026-01-19,VAMO3,3.52
2026-01-19,VBBR3,25.36
2026-01-19,VIVA3,26.84
2026-01-19,VIVT3,32.75
2026-01-19,WEGE3,46.22
2026-01-19,YDUQ3,11.88
2026-01-20,ABEV3,14.07
2026-01-20,ALOS3,28.5
2026-01-20,AMOB3,13.2
2026-01-20,ASAI3,7.48
2026-01-20,AURE3,11.43
2026-01-20,AXIA3,51.3
2026-01-20,AZZA3,23.95
2026-01-20,B3SA3,14.67
2026-01-20,BBAS3,21.54
2026-01-20,BBDC3,16.45
2026-01-20,BBDC4,19.17
2026-01-20,BBSE3,35.59
2026-01-20,BEEF3,5.67
2026-01-20,BPAC11,55.1
2026-01-20,BRAP4,22.4
2026-01-20,BRAV3,17.63
2026-01-20,BRKM5,8.2
2026-01-20,CEAB3,10.09
2026-01-20,CMIG4,10.86
2026-01-20,CMIN3,5.46
2026-01-20,COGN3,3.65
2026-01-20,CPFE3,51.83
2026-01-20,CPLE3,12.46
2026-01-20,CSAN3,5.04
2026-01-20,CSMG3,45.51
2026-01-20,CSNA3,8.93
2026-01-20,CURY3,32.39
2026-01-20,CVCB3,2.39
2026-01-20,CXSE3,16.39
2026-01-20,CYRE3,25.36
2026-01-20,DIRR3,13.05
2026-01-20,EGIE3,31.24
2026-01-20,EMBJ3,98.61
2026-01-20,ENEV3,20.94
2026-01-20,ENGI11,47.4
2026-01-20,EQTL3,37.96
2026-01-20,FLRY3,15.64
2026-01-20,GGBR4,22.2
2026-01-20,GOAU4,9.71
2026-01-20,HAPV3,13.23
2026-01-20,HYPE3,23.73
2026-01-20,IGTI11,26.65
2026-01-20,IRBR3,54.11
2026-01-20,ISAE4,26.05
2026-01-20,ITSA4,12.11
2026-01-20,ITUB4,39.92
2026-01-20,KLBN11,18.5
2026-01-20,LREN3,13.62
2026-01-20,LWSA3,4.28
2026-01-20,MBRF3,19.31
2026-01-20,MGLU3,8.4
2026-01-20,MOTV3,15.32
2026-01-20,MRVE3,7.38
2026-01-20,MULT3,29.6
2026-01-20,NATU3,7.47
2026-01-20,PCAR3,3.75
2026-01-20,PETR3,34.45
2026-01-20,PETR4,32.29
2026-01-20,POMO4,5.97
2026-01-20,PRIO3,45.41
2026-01-20,PSSA3,46.15
2026-01-20,RADL3,24.96
2026-01-20,RAIL3,13.4
2026-01-20,RAIZ4,0.79
2026-01-20,RDOR3,40.14
2026-01-20,RECV3,10.6
2026-01-20,RENT3,40.73
2026-01-20,SANB11,34.0
2026-01-20,SBSP3,127.84
2026-01-20,SLCE3,15.15
2026-01-20,SMFT3,20.92
2026-01-20,SMTO3,16.5
2026-01-20,SUZB3,51.35
2026-01-20,TAEE11,40.06
2026-01-20,TEND3,23.69
2026-01-20,TIMS3,24.25
2026-01-20,TOTS3,44.64
2026-01-20,UGPA3,22.57
2026-01-20,USIM5,6.17
2026-01-20,VALE3,80.08
2026-01-20,VAMO3,3.47
2026-01-20,VBBR3,25.8
2026-01-20,VIVA3,27.05
2026-01-20,VIVT3,34.05
2026-01-20,WEGE3,46.43
2026-01-20,YDUQ3,12.01
2026-01-21,ABEV3,14.31
2026-01-21,ALOS3,29.14
2026-01-21,AMOB3,13.2
2026-01-21,ASAI3,7.72
2026-01-21,AURE3,11.75
2026-01-21,AXIA3,52.83
2026-01-21,AZZA3,24.75
2026-01-21,B3SA3,15.5
2026-01-21,BBAS3,22.4
2026-01-21,BBDC3,16.99
2026-01-21,BBDC4,19.76
2026-01-21,BBSE3,36.19
2026-01-21,BEEF3,5.92
2026-01-21,BPAC11,57.73
2026-01-21,BRAP4,23.11
2026-01-21,BRAV3,17.74
2026-01-21,BRKM5,8.49
2026-01-21,CEAB3,10.89
2026-01-21,CMIG4,11.16
2026-01-21,CMIN3,5.74
2026-01-21,COGN3,4.05
2026-01-21,CPFE3,53.03
2026-01-21,CPLE3,12.88
2026-01-21,CSAN3,5.34
2026-01-21,CSMG3,46.89
2026-01-21,CSNA3,9.37
2026-01-21,CURY3,33.36
2026-01-21,CVCB3,2.4
2026-01-21,CXSE3,16.68
2026-01-21,CYRE3,26.49
2026-01-21,DIRR3,13.46
2026-01-21,EGIE3,32.31
2026-01-21,EMBJ3,99.69
2026-01-21,ENEV3,21.55
2026-01-21,ENGI11,48.92
2026-01-21,EQTL3,39.09
2026-01-21,FLRY3,16.02
2026-01-21,GGBR4,22.56
2026-01-21,GOAU4,9.93
2026-01-21,HAPV3,13.88
2026-01-21,HYPE3,24.66
2026-01-21,IGTI11,27.23
2026-01-21,IRBR3,54.63
2026-01-21,ISAE4,26.63
2026-01-21,ITSA4,12.72
2026-01-21,ITUB4,41.67
2026-01-21,KLBN11,18.97
2026-01-21,LREN3,14.49
2026-01-21,LWSA3,4.49
2026-01-21,MBRF3,19.64
2026-01-21,MGLU3,8.81
2026-01-21,MOTV3,15.87
2026-01-21,MRVE3,7.61
2026-01-21,MULT3,30.36
2026-01-21,NATU3,7.73
2026-01-21,PCAR3,3.82
2026-01-21,PETR3,36.03
2026-01-21,PETR4,33.43
2026-01-21,POMO4,6.15
2026-01-21,PRIO3,46.88
2026-01-21,PSSA3,47.17
2026-01-21,RADL3,25.64
2026-01-21,RAIL3,14.05
2026-01-21,RAIZ4,0.81
2026-01-21,RDOR3,41.05
2026-01-21,RECV3,10.98
2026-01-21,RENT3,42.62
2026-01-21,SANB11,34.57
2026-01-21,SBSP3,130.82
2026-01-21,SLCE3,15.48
2026-01-21,SMFT3,21.5
2026-01-21,SMTO3,16.5
2026-01-21,SUZB3,52.2
2026-01-21,TAEE11,40.71
2026-01-21,TEND3,24.37
2026-01-21,TIMS3,23.98
2026-01-21,TOTS3,45.5
2026-01-21,UGPA3,23.5
2026-01-21,USIM5,6.27
2026-01-21,VALE3,82.5
2026-01-21,VAMO3,3.73
2026-01-21,VBBR3,26.95
2026-01-21,VIVA3,28.08
2026-01-21,VIVT3,34.55
2026-01-21,WEGE3,47.59
2026-01-21,YDUQ3,13.08
2026-01-22,ABEV3,14.59
2026-01-22,ALOS3,29.4
2026-01-22,AMOB3,13.25
2026-01-22,ASAI3,8.0
2026-01-22,AURE3,11.93
2026-01-22,AXIA3,54.69
2026-01-22,AZZA3,24.92
2026-01-22,B3SA3,15.62
2026-01-22,BBAS3,23.45
2026-01-22,BBDC3,17.59
2026-01-22,BBDC4,20.3
2026-01-22,BBSE3,37.29
2026-01-22,BEEF3,5.89
2026-01-22,BPAC11,58.31
2026-01-22,BRAP4,23.38
2026-01-22,BRAV3,17.72
2026-01-22,BRKM5,8.63
2026-01-22,CEAB3,11.1
2026-01-22,CMIG4,11.47
2026-01-22,CMIN3,5.82
2026-01-22,COGN3,4.35
2026-01-22,CPFE3,54.99
2026-01-22,CPLE3,13.29
2026-01-22,CSAN3,5.48
2026-01-22,CSMG3,48.22
2026-01-22,CSNA3,9.54
2026-01-22,CURY3,33.41
2026-01-22,CVCB3,2.38
2026-01-22,CXSE3,17.37
2026-01-22,CYRE3,26.9
2026-01-22,DIRR3,13.73
2026-01-22,EGIE3,33.24
2026-01-22,EMBJ3,102.96
2026-01-22,ENEV3,22.38
2026-01-22,ENGI11,50.31
2026-01-22,EQTL3,40.25
2026-01-22,FLRY3,16.47
2026-01-22,GGBR4,23.08
2026-01-22,GOAU4,10.2
2026-01-22,HAPV3,13.79
2026-01-22,HYPE3,25.16
2026-01-22,IGTI11,27.4
2026-01-22,IRBR3,55.72
2026-01-22,ISAE4,27.45
2026-01-22,ITSA4,13.19
2026-01-22,ITUB4,43.08
2026-01-22,KLBN11,19.28
2026-01-22,LREN3,14.95
2026-01-22,LWSA3,4.65
2026-01-22,MBRF3,20.0
2026-01-22,MGLU3,8.96
2026-01-22,MOTV3,16.53
2026-01-22,MRVE3,7.77
2026-01-22,MULT3,30.72
2026-01-22,NATU3,8.03
2026-01-22,PCAR3,3.89
2026-01-22,PETR3,36.28
2026-01-22,PETR4,33.58
2026-01-22,POMO4,6.26
2026-01-22,PRIO3,46.25
2026-01-22,PSSA3,48.6
2026-01-22,RADL3,24.65
2026-01-22,RAIL3,14.22
2026-01-22,RAIZ4,0.81
2026-01-22,RDOR3,43.39
2026-01-22,RECV3,10.87
2026-01-22,RENT3,43.88
2026-01-22,SANB11,35.15
2026-01-22,SBSP3,135.07
2026-01-22,SLCE3,15.56
2026-01-22,SMFT3,21.9
2026-01-22,SMTO3,15.93
2026-01-22,SUZB3,52.19
2026-01-22,TAEE11,42.22
2026-01-22,TEND3,24.6
2026-01-22,TIMS3,24.16
2026-01-22,TOTS3,46.47
2026-01-22,UGPA3,24.14
2026-01-22,USIM5,6.33
2026-01-22,VALE3,82.98
2026-01-22,VAMO3,3.79
2026-01-22,VBBR3,27.89
2026-01-22,VIVA3,29.86
2026-01-22,VIVT3,36.11
2026-01-22,WEGE3,49.23
2026-01-22,YDUQ3,13.22
2026-01-23,ABEV3,14.9
2026-01-23,ALOS3,29.77
2026-01-23,AMOB3,13.75
2026-01-23,ASAI3,8.05
2026-01-23,AURE3,11.9
2026-01-23,AXIA3,54.37
2026-01-23,AZZA3,25.43
2026-01-23,B3SA3,15.82
2026-01-23,BBAS3,24.28
2026-01-23,BBDC3,17.87
2026-01-23,BBDC4,20.79
2026-01-23,BBSE3,36.99
2026-01-23,BEEF3,6.11
2026-01-23,BPAC11,59.09
2026-01-23,BRAP4,23.98
2026-01-23,BRAV3,18.01
2026-01-23,BRKM5,9.55
2026-01-23,CEAB3,11.37
2026-01-23,CMIG4,11.71
2026-01-23,CMIN3,5.97
2026-01-23,COGN3,4.41
2026-01-23,CPFE3,55.16
2026-01-23,CPLE3,13.52
2026-01-23,CSAN3,5.65
2026-01-23,CSMG3,49.04
2026-01-23,CSNA3,10.14
2026-01-23,CURY3,33.94
2026-01-23,CVCB3,2.42
2026-01-23,CXSE3,17.04
2026-01-23,CYRE3,28.02
2026-01-23,DIRR3,13.78
2026-01-23,EGIE3,33.23
2026-01-23,EMBJ3,103.96
2026-01-23,ENEV3,22.49
2026-01-23,ENGI11,51.8
2026-01-23,EQTL3,40.91
2026-01-23,FLRY3,16.77
2026-01-23,GGBR4,23.25
2026-01-23,GOAU4,10.29
2026-01-23,HAPV3,13.74
2026-01-23,HYPE3,25.35
2026-01-23,IGTI11,27.92
2026-01-23,IRBR3,55.22
2026-01-23,ISAE4,27.99
2026-01-23,ITSA4,13.36
2026-01-23,ITUB4,43.57
2026-01-23,KLBN11,19.42
2026-01-23,LREN3,14.85
2026-01-23,LWSA3,4.86
2026-01-23,MBRF3,20.47
2026-01-23,MGLU3,9.37
2026-01-23,MOTV3,17.02
2026-01-23,MRVE3,7.94
2026-01-23,MULT3,31.28
2026-01-23,NATU3,8.23
2026-01-23,PCAR3,3.8
2026-01-23,PETR3,37.72
2026-01-23,PETR4,35.04
2026-01-23,POMO4,6.43
2026-01-23,PRIO3,48.52
2026-01-23,PSSA3,48.32
2026-01-23,RADL3,24.75
2026-01-23,RAIL3,14.81
2026-01-23,RAIZ4,0.81
2026-01-23,RDOR3,43.95
2026-01-23,RECV3,11.11
2026-01-23,RENT3,44.75
2026-01-23,SANB11,35.74
2026-01-23,SBSP3,139.15
2026-01-23,SLCE3,15.9
2026-01-23,SMFT3,22.03
2026-01-23,SMTO3,16.05
2026-01-23,SUZB3,52.25
2026-01-23,TAEE11,43.03
2026-01-23,TEND3,24.68
2026-01-23,TIMS3,24.56
2026-01-23,TOTS3,46.71
2026-01-23,UGPA3,24.55
2026-01-23,USIM5,6.52
2026-01-23,VALE3,85.02
2026-01-23,VAMO3,3.86
2026-01-23,VBBR3,28.4
2026-01-23,VIVA3,28.35
2026-01-23,VIVT3,37.01
2026-01-23,WEGE3,49.87
2026-01-23,YDUQ3,13.58
2026-01-26,ABEV3,15.05
2026-01-26,ALOS3,29.82
2026-01-26,AMOB3,13.44
2026-01-26,ASAI3,8.23
2026-01-26,AURE3,11.79
2026-01-26,AXIA3,53.38
2026-01-26,AZZA3,25.75
2026-01-26,B3SA3,15.68
2026-01-26,BBAS3,24.4
2026-01-26,BBDC3,18.06
2026-01-26,BBDC4,20.88
2026-01-26,BBSE3,37.07
2026-01-26,BEEF3,6.19
2026-01-26,BPAC11,60.23
2026-01-26,BRAP4,23.56
2026-01-26,BRAV3,18.01
2026-01-26,BRKM5,9.61
2026-01-26,CEAB3,11.26
2026-01-26,CMIG4,11.42
2026-01-26,CMIN3,5.95
2026-01-26,COGN3,4.55
2026-01-26,CPFE3,54.86
2026-01-26,CPLE3,13.59
2026-01-26,CSAN3,5.65
2026-01-26,CSMG3,50.12
2026-01-26,CSNA3,9.96
2026-01-26,CURY3,34.17
2026-01-26,CVCB3,2.51
2026-01-26,CXSE3,17.2
2026-01-26,CYRE3,28.06
2026-01-26,DIRR3,13.66
2026-01-26,EGIE3,33.38
2026-01-26,EMBJ3,102.4
2026-01-26,ENEV3,22.06
2026-01-26,ENGI11,51.55
2026-01-26,EQTL3,40.72
2026-01-26,FLRY3,16.78
2026-01-26,GGBR4,22.73
2026-01-26,GOAU4,10.08
2026-01-26,HAPV3,13.59
2026-01-26,HYPE3,25.27
2026-01-26,IGTI11,27.93
2026-01-26,IRBR3,56.05
2026-01-26,ISAE4,28.07
2026-01-26,ITSA4,13.49
2026-01-26,ITUB4,44.15
2026-01-26,KLBN11,19.19
2026-01-26,LREN3,14.75
2026-01-26,LWSA3,4.84
2026-01-26,MBRF3,19.74
2026-01-26,MGLU3,9.47
2026-01-26,MOTV3,16.94
2026-01-26,MRVE3,8.1
2026-01-26,MULT3,31.52
2026-01-26,NATU3,8.44
2026-01-26,PCAR3,3.75
2026-01-26,PETR3,37.85
2026-01-26,PETR4,35.36
2026-01-26,POMO4,6.42
2026-01-26,PRIO3,48.5
2026-01-26,PSSA3,48.52
2026-01-26,RADL3,24.48
2026-01-26,RAIL3,14.85
2026-01-26,RAIZ4,0.83
2026-01-26,RDOR3,44.09
2026-01-26,RECV3,11.09
2026-01-26,RENT3,45.69
2026-01-26,SANB11,35.52
2026-01-26,SBSP3,138.9
2026-01-26,SLCE3,16.02
2026-01-26,SMFT3,21.89
2026-01-26,SMTO3,15.73
2026-01-26,SUZB3,51.67
2026-01-26,TAEE11,43.28
2026-01-26,TEND3,25.21
2026-01-26,TIMS3,24.64
2026-01-26,TOTS3,47.22
2026-01-26,UGPA3,24.65
2026-01-26,USIM5,6.4
2026-01-26,VALE3,83.07
2026-01-26,VAMO3,3.95
2026-01-26,VBBR3,28.53
2026-01-26,VIVA3,28.22
2026-01-26,VIVT3,37.0
2026-01-26,WEGE3,51.61
2026-01-26,YDUQ3,13.8
2026-01-27,ABEV3,14.87
2026-01-27,ALOS3,30.49
2026-01-27,AMOB3,13.4
2026-01-27,ASAI3,8.68
2026-01-27,AURE3,11.47
2026-01-27,AXIA3,53.91
2026-01-27,AZZA3,26.76
2026-01-27,B3SA3,16.16
2026-01-27,BBAS3,24.69
2026-01-27,BBDC3,18.48
2026-01-27,BBDC4,21.43
2026-01-27,BBSE3,36.97
2026-01-27,BEEF3,6.14
2026-01-27,BPAC11,61.7
2026-01-27,BRAP4,24.21
2026-01-27,BRAV3,18.27
2026-01-27,BRKM5,9.95
2026-01-27,CEAB3,11.51
2026-01-27,CMIG4,11.63
2026-01-27,CMIN3,6.18
2026-01-27,COGN3,4.55
2026-01-27,CPFE3,54.6
2026-01-27,CPLE3,13.71
2026-01-27,CSAN3,5.82
2026-01-27,CSMG3,51.02
2026-01-27,CSNA3,10.67
2026-01-27,CURY3,35.45
2026-01-27,CVCB3,2.65
2026-01-27,CXSE3,17.27
2026-01-27,CYRE3,29.79
2026-01-27,DIRR3,13.96
2026-01-27,EGIE3,33.47
2026-01-27,EMBJ3,103.42
2026-01-27,ENEV3,21.46
2026-01-27,ENGI11,53.05
2026-01-27,EQTL3,41.5
2026-01-27,FLRY3,17.01
2026-01-27,GGBR4,23.5
2026-01-27,GOAU4,10.41
2026-01-27,HAPV3,13.87
2026-01-27,HYPE3,25.66
2026-01-27,IGTI11,28.56
2026-01-27,IRBR3,57.63
2026-01-27,ISAE4,28.66
2026-01-27,ITSA4,13.85
2026-01-27,ITUB4,45.32
2026-01-27,KLBN11,19.41
2026-01-27,LREN3,15.23
2026-01-27,LWSA3,4.92
2026-01-27,MBRF3,19.52
2026-01-27,MGLU3,9.64
2026-01-27,MOTV3,17.0
2026-01-27,MRVE3,8.33
2026-01-27,MULT3,32.06
2026-01-27,NATU3,8.63
2026-01-27,PCAR3,3.78
2026-01-27,PETR3,38.91
2026-01-27,PETR4,36.13
2026-01-27,POMO4,6.55
2026-01-27,PRIO3,49.01
2026-01-27,PSSA3,49.32
2026-01-27,RADL3,24.92
2026-01-27,RAIL3,15.05
2026-01-27,RAIZ4,0.9
2026-01-27,RDOR3,43.6
2026-01-27,RECV3,11.2
2026-01-27,RENT3,47.7
2026-01-27,SANB11,36.65
2026-01-27,SBSP3,140.5
2026-01-27,SLCE3,16.2
2026-01-27,SMFT3,22.52
2026-01-27,SMTO3,15.5
2026-01-27,SUZB3,51.28
2026-01-27,TAEE11,44.16
2026-01-27,TEND3,25.36
2026-01-27,TIMS3,24.6
2026-01-27,TOTS3,46.5
2026-01-27,UGPA3,24.98
2026-01-27,USIM5,6.54
2026-01-27,VALE3,84.9
2026-01-27,VAMO3,4.12
2026-01-27,VBBR3,28.77
2026-01-27,VIVA3,27.69
2026-01-27,VIVT3,37.25
2026-01-27,WEGE3,52.7
2026-01-27,YDUQ3,14.76
2026-01-28,ABEV3,14.95
2026-01-28,ALOS3,31.17
2026-01-28,AMOB3,13.55
2026-01-28,ASAI3,8.95
2026-01-28,AURE3,11.69
2026-01-28,AXIA3,55.5
2026-01-28,AZZA3,27.4
2026-01-28,B3SA3,16.51
2026-01-28,BBAS3,25.4
2026-01-28,BBDC3,18.68
2026-01-28,BBDC4,21.72
2026-01-28,BBSE3,37.78
2026-01-28,BEEF3,6.15
2026-01-28,BPAC11,62.22
2026-01-28,BRAP4,24.81
2026-01-28,BRAV3,18.83
2026-01-28,BRKM5,9.71
2026-01-28,CEAB3,12.5
2026-01-28,CMIG4,11.59
2026-01-28,CMIN3,6.42
2026-01-28,COGN3,4.59
2026-01-28,CPFE3,53.05
2026-01-28,CPLE3,13.49
2026-01-28,CSAN3,6.03
2026-01-28,CSMG3,51.35
2026-01-28,CSNA3,10.89
2026-01-28,CURY3,35.02
2026-01-28,CVCB3,2.64
2026-01-28,CXSE3,17.6
2026-01-28,CYRE3,30.05
2026-01-28,DIRR3,14.21
2026-01-28,EGIE3,33.55
2026-01-28,EMBJ3,99.77
2026-01-28,ENEV3,21.53
2026-01-28,ENGI11,52.97
2026-01-28,EQTL3,41.4
2026-01-28,FLRY3,17.1
2026-01-28,GGBR4,23.73
2026-01-28,GOAU4,10.53
2026-01-28,HAPV3,13.75
2026-01-28,HYPE3,26.17
2026-01-28,IGTI11,28.75
2026-01-28,IRBR3,60.19
2026-01-28,ISAE4,28.36
2026-01-28,ITSA4,14.04
2026-01-28,ITUB4,46.34
2026-01-28,KLBN11,19.59
2026-01-28,LREN3,15.55
2026-01-28,LWSA3,5.0
2026-01-28,MBRF3,19.03
2026-01-28,MGLU3,10.08
2026-01-28,MOTV3,17.01
2026-01-28,MRVE3,8.27
2026-01-28,MULT3,32.6
2026-01-28,NATU3,8.86
2026-01-28,PCAR3,3.82
2026-01-28,PETR3,40.04
2026-01-28,PETR4,37.34
2026-01-28,POMO4,6.6
2026-01-28,PRIO3,50.5
2026-01-28,PSSA3,49.87
2026-01-28,RADL3,24.79
2026-01-28,RAIL3,15.15
2026-01-28,RAIZ4,1.08
2026-01-28,RDOR3,44.15
2026-01-28,RECV3,11.48
2026-01-28,RENT3,48.98
2026-01-28,SANB11,37.5
2026-01-28,SBSP3,141.76
2026-01-28,SLCE3,15.98
2026-01-28,SMFT3,22.96
2026-01-28,SMTO3,15.59
2026-01-28,SUZB3,51.76
2026-01-28,TAEE11,43.25
2026-01-28,TEND3,27.0
2026-01-28,TIMS3,25.24
2026-01-28,TOTS3,47.35
2026-01-28,UGPA3,25.41
2026-01-28,USIM5,6.97
2026-01-28,VALE3,86.97
2026-01-28,VAMO3,4.11
2026-01-28,VBBR3,29.09
2026-01-28,VIVA3,27.5
2026-01-28,VIVT3,37.86
2026-01-28,WEGE3,51.57
2026-01-28,YDUQ3,14.68
2026-01-29,ABEV3,14.76
2026-01-29,ALOS3,30.78
2026-01-29,AMOB3,13.4
2026-01-29,ASAI3,8.67
2026-01-29,AURE3,11.32
2026-01-29,AXIA3,54.76
2026-01-29,AZZA3,27.04
2026-01-29,B3SA3,16.68
2026-01-29,BBAS3,25.5
2026-01-29,BBDC3,18.42
2026-01-29,BBDC4,21.44
2026-01-29,BBSE3,37.54
2026-01-29,BEEF3,6.18
2026-01-29,BPAC11,60.97
2026-01-29,BRAP4,24.61
2026-01-29,BRAV3,18.99
2026-01-29,BRKM5,9.51
2026-01-29,CEAB3,12.02
2026-01-29,CMIG4,11.51
2026-01-29,CMIN3,6.13
2026-01-29,COGN3,4.52
2026-01-29,CPFE3,51.7
2026-01-29,CPLE3,13.09
2026-01-29,CSAN3,5.91
2026-01-29,CSMG3,50.45
2026-01-29,CSNA3,10.52
2026-01-29,CURY3,34.23
2026-01-29,CVCB3,2.23
2026-01-29,CXSE3,17.27
2026-01-29,CYRE3,29.7
2026-01-29,DIRR3,13.88
2026-01-29,EGIE3,33.53
2026-01-29,EMBJ3,97.36
2026-01-29,ENEV3,21.17
2026-01-29,ENGI11,51.42
2026-01-29,EQTL3,40.82
2026-01-29,FLRY3,16.8
2026-01-29,GGBR4,22.74
2026-01-29,GOAU4,9.99
2026-01-29,HAPV3,13.43
2026-01-29,HYPE3,25.22
2026-01-29,IGTI11,28.32
2026-01-29,IRBR3,59.07
2026-01-29,ISAE4,28.14
2026-01-29,ITSA4,13.88
2026-01-29,ITUB4,46.15
2026-01-29,KLBN11,19.0
2026-01-29,LREN3,15.3
2026-01-29,LWSA3,4.88
2026-01-29,MBRF3,18.72
2026-01-29,MGLU3,9.72
2026-01-29,MOTV3,16.71
2026-01-29,MRVE3,8.08
2026-01-29,MULT3,32.65
2026-01-29,NATU3,8.68
2026-01-29,PCAR3,3.77
2026-01-29,PETR3,40.3
2026-01-29,PETR4,37.7
2026-01-29,POMO4,6.5
2026-01-29,PRIO3,51.51
2026-01-29,PSSA3,49.56
2026-01-29,RADL3,24.48
2026-01-29,RAIL3,14.88
2026-01-29,RAIZ4,1.04
2026-01-29,RDOR3,42.73
2026-01-29,RECV3,11.3
2026-01-29,RENT3,48.13
2026-01-29,SANB11,36.95
2026-01-29,SBSP3,139.63
2026-01-29,SLCE3,15.82
2026-01-29,SMFT3,22.45
2026-01-29,SMTO3,15.6
2026-01-29,SUZB3,49.36
2026-01-29,TAEE11,42.63
2026-01-29,TEND3,27.2
2026-01-29,TIMS3,24.93
2026-01-29,TOTS3,45.85
2026-01-29,UGPA3,25.3
2026-01-29,USIM5,6.63
2026-01-29,VALE3,87.41
2026-01-29,VAMO3,4.1
2026-01-29,VBBR3,28.67
2026-01-29,VIVA3,27.33
2026-01-29,VIVT3,37.49
2026-01-29,WEGE3,52.07
2026-01-29,YDUQ3,14.32
2026-01-30,ABEV3,14.85
2026-01-30,ALOS3,30.9
2026-01-30,AMOB3,13.24
2026-01-30,ASAI3,8.57
2026-01-30,AURE3,11.26
2026-01-30,AXIA3,54.37
2026-01-30,AZZA3,26.74
2026-01-30,B3SA3,16.15
2026-01-30,BBAS3,25.22
2026-01-30,BBDC3,18.32
2026-01-30,BBDC4,21.31
2026-01-30,BBSE3,37.31
2026-01-30,BEEF3,6.19
2026-01-30,BPAC11,59.95
2026-01-30,BRAP4,23.81
2026-01-30,BRAV3,18.9
2026-01-30,BRKM5,9.22
2026-01-30,CEAB3,11.93
2026-01-30,CMIG4,11.48
2026-01-30,CMIN3,5.89
2026-01-30,COGN3,4.55
2026-01-30,CPFE3,51.46
2026-01-30,CPLE3,13.18
2026-01-30,CSAN3,5.9
2026-01-30,CSMG3,51.15
2026-01-30,CSNA3,10.07
2026-01-30,CURY3,34.55
2026-01-30,CVCB3,2.62
2026-01-30,CXSE3,17.31
2026-01-30,CYRE3,29.9
2026-01-30,DIRR3,13.95
2026-01-30,EGIE3,32.77
2026-01-30,EMBJ3,96.95
2026-01-30,ENEV3,21.12
2026-01-30,ENGI11,51.01
2026-01-30,EQTL3,40.92
2026-01-30,FLRY3,16.62
2026-01-30,GGBR4,22.42
2026-01-30,GOAU4,9.87
2026-01-30,HAPV3,13.0
2026-01-30,HYPE3,25.21
2026-01-30,IGTI11,28.5
2026-01-30,IRBR3,57.85
2026-01-30,ISAE4,27.86
2026-01-30,ITSA4,13.66
2026-01-30,ITUB4,45.5
2026-01-30,KLBN11,19.16
2026-01-30,LREN3,14.93
2026-01-30,LWSA3,4.89
2026-01-30,MBRF3,18.67
2026-01-30,MGLU3,9.79
2026-01-30,MOTV3,16.76
2026-01-30,MRVE3,8.07
2026-01-30,MULT3,32.94
2026-01-30,NATU3,8.77
2026-01-30,PCAR3,3.84
2026-01-30,PETR3,40.39
2026-01-30,PETR4,37.76
2026-01-30,POMO4,6.45
2026-01-30,PRIO3,50.99
2026-01-30,PSSA3,50.24
2026-01-30,RADL3,24.5
2026-01-30,RAIL3,14.76
2026-01-30,RAIZ4,1.03
2026-01-30,RDOR3,42.39
2026-01-30,RECV3,11.3
2026-01-30,RENT3,48.39
2026-01-30,SANB11,36.32
2026-01-30,SBSP3,141.22
2026-01-30,SLCE3,16.05
2026-01-30,SMFT3,22.14
2026-01-30,SMTO3,15.27
2026-01-30,SUZB3,49.33
2026-01-30,TAEE11,41.63
2026-01-30,TEND3,27.6
2026-01-30,TIMS3,24.52
2026-01-30,TOTS3,44.57
2026-01-30,UGPA3,25.38
2026-01-30,USIM5,6.3
2026-01-30,VALE3,84.32
2026-01-30,VAMO3,3.99
2026-01-30,VBBR3,28.76
2026-01-30,VIVA3,28.18
2026-01-30,VIVT3,37.38
2026-01-30,WEGE3,51.72
2026-01-30,YDUQ3,14.67
2026-02-02,ABEV3,15.06
2026-02-02,ALOS3,31.27
2026-02-02,AMOB3,13.4
2026-02-02,ASAI3,8.67
2026-02-02,AURE3,11.16
2026-02-02,AXIA3,55.6
2026-02-02,AZZA3,26.19
2026-02-02,B3SA3,16.35
2026-02-02,BBAS3,25.3
2026-02-02,BBDC3,18.52
2026-02-02,BBDC4,21.58
2026-02-02,BBSE3,38.1
2026-02-02,BEEF3,6.21
2026-02-02,BPAC11,61.12
2026-02-02,BRAP4,24.02
2026-02-02,BRAV3,18.41
2026-02-02,BRKM5,9.05
2026-02-02,CEAB3,12.45
2026-02-02,CMIG4,11.6
2026-02-02,CMIN3,5.99
2026-02-02,COGN3,4.5
2026-02-02,CPFE3,51.11
2026-02-02,CPLE3,13.19
2026-02-02,CSAN3,5.82
2026-02-02,CSMG3,52.38
2026-02-02,CSNA3,10.01
2026-02-02,CURY3,36.43
2026-02-02,CVCB3,2.49
2026-02-02,CXSE3,17.9
2026-02-02,CYRE3,30.63
2026-02-02,DIRR3,14.87
2026-02-02,EGIE3,33.51
2026-02-02,EMBJ3,97.24
2026-02-02,ENEV3,21.0
2026-02-02,ENGI11,50.64
2026-02-02,EQTL3,40.95
2026-02-02,FLRY3,16.87
2026-02-02,GGBR4,22.59
2026-02-02,GOAU4,10.0
2026-02-02,HAPV3,12.74
2026-02-02,HYPE3,25.41
2026-02-02,IGTI11,28.59
2026-02-02,IRBR3,59.39
2026-02-02,ISAE4,28.6
2026-02-02,ITSA4,13.86
2026-02-02,ITUB4,45.88
2026-02-02,KLBN11,19.21
2026-02-02,LREN3,15.05
2026-02-02,LWSA3,4.93
2026-02-02,MBRF3,18.87
2026-02-02,MGLU3,9.83
2026-02-02,MOTV3,17.0
2026-02-02,MRVE3,8.28
2026-02-02,MULT3,32.87
2026-02-02,NATU3,8.75
2026-02-02,PCAR3,3.83
2026-02-02,PETR3,39.59
2026-02-02,PETR4,37.24
2026-02-02,POMO4,6.57
2026-02-02,PRIO3,50.88
2026-02-02,PSSA3,51.76
2026-02-02,RADL3,25.2
2026-02-02,RAIL3,14.75
2026-02-02,RAIZ4,0.94
2026-02-02,RDOR3,43.88
2026-02-02,RECV3,10.94
2026-02-02,RENT3,49.57
2026-02-02,SANB11,36.82
2026-02-02,SBSP3,143.54
2026-02-02,SLCE3,15.94
2026-02-02,SMFT3,22.52
2026-02-02,SMTO3,15.21
2026-02-02,SUZB3,48.72
2026-02-02,TAEE11,42.27
2026-02-02,TEND3,28.08
2026-02-02,TIMS3,24.66
2026-02-02,TOTS3,45.07
2026-02-02,UGPA3,25.87
2026-02-02,USIM5,6.48
2026-02-02,VALE3,84.82
2026-02-02,VAMO3,4.07
2026-02-02,VBBR3,29.62
2026-02-02,VIVA3,28.57
2026-02-02,VIVT3,37.46
2026-02-02,WEGE3,51.95
2026-02-02,YDUQ3,14.49
2026-02-03,ABEV3,15.38
2026-02-03,ALOS3,31.65
2026-02-03,AMOB3,14.0
2026-02-03,ASAI3,8.85
2026-02-03,AURE3,11.17
2026-02-03,AXIA3,56.74
2026-02-03,AZZA3,26.41
2026-02-03,B3SA3,16.45
2026-02-03,BBAS3,25.69
2026-02-03,BBDC3,18.6
2026-02-03,BBDC4,21.68
2026-02-03,BBSE3,38.29
2026-02-03,BEEF3,6.3
2026-02-03,BPAC11,61.22
2026-02-03,BRAP4,25.18
2026-02-03,BRAV3,18.25
2026-02-03,BRKM5,9.25
2026-02-03,CEAB3,12.5
2026-02-03,CMIG4,11.84
2026-02-03,CMIN3,6.17
2026-02-03,COGN3,4.34
2026-02-03,CPFE3,51.15
2026-02-03,CPLE3,13.54
2026-02-03,CSAN3,5.99
2026-02-03,CSMG3,54.5
2026-02-03,CSNA3,10.37
2026-02-03,CURY3,36.4
2026-02-03,CVCB3,2.55
2026-02-03,CXSE3,18.27
2026-02-03,CYRE3,32.0
2026-02-03,DIRR3,14.79
2026-02-03,EGIE3,33.78
2026-02-03,EMBJ3,95.75
2026-02-03,ENEV3,21.17
2026-02-03,ENGI11,51.66
2026-02-03,EQTL3,41.21
2026-02-03,FLRY3,16.95
2026-02-03,GGBR4,23.04
2026-02-03,GOAU4,10.28
2026-02-03,HAPV3,12.8
2026-02-03,HYPE3,25.63
2026-02-03,IGTI11,28.67
2026-02-03,IRBR3,58.9
2026-02-03,ISAE4,29.1
2026-02-03,ITSA4,14.01
2026-02-03,ITUB4,46.14
2026-02-03,KLBN11,19.25
2026-02-03,LREN3,15.59
2026-02-03,LWSA3,4.81
2026-02-03,MBRF3,19.29
2026-02-03,MGLU3,10.12
2026-02-03,MOTV3,17.21
2026-02-03,MRVE3,8.41
2026-02-03,MULT3,33.02
2026-02-03,NATU3,8.95
2026-02-03,PCAR3,3.89
2026-02-03,PETR3,40.08
2026-02-03,PETR4,37.58
2026-02-03,POMO4,6.5
2026-02-03,PRIO3,51.5
2026-02-03,PSSA3,51.75
2026-02-03,RADL3,26.71
2026-02-03,RAIL3,15.07
2026-02-03,RAIZ4,0.98
2026-02-03,RDOR3,42.64
2026-02-03,RECV3,11.16
2026-02-03,RENT3,50.65
2026-02-03,SANB11,35.94
2026-02-03,SBSP3,145.53
2026-02-03,SLCE3,16.21
2026-02-03,SMFT3,22.54
2026-02-03,SMTO3,15.88
2026-02-03,SUZB3,49.09
2026-02-03,TAEE11,42.38
2026-02-03,TEND3,28.8
2026-02-03,TIMS3,25.1
2026-02-03,TOTS3,43.6
2026-02-03,UGPA3,26.11
2026-02-03,USIM5,6.64
2026-02-03,VALE3,88.99
2026-02-03,VAMO3,4.37
2026-02-03,VBBR3,30.15
2026-02-03,VIVA3,28.82
2026-02-03,VIVT3,38.53
2026-02-03,WEGE3,54.0
2026-02-03,YDUQ3,14.0
2026-02-04,ABEV3,15.3
2026-02-04,ALOS3,31.01
2026-02-04,AMOB3,13.39
2026-02-04,ASAI3,8.59
2026-02-04,AURE3,10.96
2026-02-04,AXIA3,54.98
2026-02-04,AZZA3,25.45
2026-02-04,B3SA3,15.77
2026-02-04,BBAS3,25.1
2026-02-04,BBDC3,18.05
2026-02-04,BBDC4,20.98
2026-02-04,BBSE3,37.15
2026-02-04,BEEF3,6.04
2026-02-04,BPAC11,58.2
2026-02-04,BRAP4,25.29
2026-02-04,BRAV3,18.05
2026-02-04,BRKM5,9.43
2026-02-04,CEAB3,12.47
2026-02-04,CMIG4,11.56
2026-02-04,CMIN3,6.07
2026-02-04,COGN3,4.04
2026-02-04,CPFE3,50.31
2026-02-04,CPLE3,13.17
2026-02-04,CSAN3,5.82
2026-02-04,CSMG3,53.47
2026-02-04,CSNA3,10.23
2026-02-04,CURY3,35.93
2026-02-04,CVCB3,2.58
2026-02-04,CXSE3,17.86
2026-02-04,CYRE3,30.51
2026-02-04,DIRR3,14.44
2026-02-04,EGIE3,33.25
2026-02-04,EMBJ3,92.17
2026-02-04,ENEV3,20.81
2026-02-04,ENGI11,50.08
2026-02-04,EQTL3,40.26
2026-02-04,FLRY3,16.48
2026-02-04,GGBR4,22.4
2026-02-04,GOAU4,10.04
2026-02-04,HAPV3,12.46
2026-02-04,HYPE3,22.99
2026-02-04,IGTI11,28.1
2026-02-04,IRBR3,57.35
2026-02-04,ISAE4,28.32
2026-02-04,ITSA4,13.58
2026-02-04,ITUB4,44.62
2026-02-04,KLBN11,19.32
2026-02-04,LREN3,15.2
2026-02-04,LWSA3,4.4
2026-02-04,MBRF3,18.92
2026-02-04,MGLU3,9.73
2026-02-04,MOTV3,16.73
2026-02-04,MRVE3,8.18
2026-02-04,MULT3,32.91
2026-02-04,NATU3,8.74
2026-02-04,PCAR3,3.81
2026-02-04,PETR3,39.85
2026-02-04,PETR4,37.52
2026-02-04,POMO4,6.22
2026-02-04,PRIO3,50.25
2026-02-04,PSSA3,52.53
2026-02-04,RADL3,25.59
2026-02-04,RAIL3,15.27
2026-02-04,RAIZ4,0.85
2026-02-04,RDOR3,41.66
2026-02-04,RECV3,10.82
2026-02-04,RENT3,50.06
2026-02-04,SANB11,34.97
2026-02-04,SBSP3,143.53
2026-02-04,SLCE3,15.79
2026-02-04,SMFT3,22.01
2026-02-04,SMTO3,14.99
2026-02-04,SUZB3,49.6
2026-02-04,TAEE11,41.48
2026-02-04,TEND3,28.22
2026-02-04,TIMS3,24.79
2026-02-04,TOTS3,37.98
2026-02-04,UGPA3,25.99
2026-02-04,USIM5,6.52
2026-02-04,VALE3,89.43
2026-02-04,VAMO3,4.14
2026-02-04,VBBR3,29.79
2026-02-04,VIVA3,28.6
2026-02-04,VIVT3,38.13
2026-02-04,WEGE3,51.4
2026-02-04,YDUQ3,13.37
2026-02-05,ABEV3,15.48
2026-02-05,ALOS3,31.47
2026-02-05,AMOB3,13.3
2026-02-05,ASAI3,8.7
2026-02-05,AURE3,10.95
2026-02-05,AXIA3,56.9
2026-02-05,AZZA3,24.71
2026-02-05,B3SA3,16.26
2026-02-05,BBAS3,24.44
2026-02-05,BBDC3,18.17
2026-02-05,BBDC4,21.15
2026-02-05,BBSE3,37.21
2026-02-05,BEEF3,6.09
2026-02-05,BPAC11,58.98
2026-02-05,BRAP4,24.46
2026-02-05,BRAV3,17.59
2026-02-05,BRKM5,9.0
2026-02-05,CEAB3,12.66
2026-02-05,CMIG4,11.53
2026-02-05,CMIN3,5.95
2026-02-05,COGN3,3.94
2026-02-05,CPFE3,50.22
2026-02-05,CPLE3,13.34
2026-02-05,CSAN3,5.64
2026-02-05,CSMG3,53.78
2026-02-05,CSNA3,9.9
2026-02-05,CURY3,36.79
2026-02-05,CVCB3,2.55
2026-02-05,CXSE3,18.02
2026-02-05,CYRE3,31.1
2026-02-05,DIRR3,14.79
2026-02-05,EGIE3,33.31
2026-02-05,EMBJ3,91.8
2026-02-05,ENEV3,21.58
2026-02-05,ENGI11,50.01
2026-02-05,EQTL3,40.43
2026-02-05,FLRY3,16.84
2026-02-05,GGBR4,22.01
2026-02-05,GOAU4,9.85
2026-02-05,HAPV3,12.05
2026-02-05,HYPE3,23.36
2026-02-05,IGTI11,28.59
2026-02-05,IRBR3,56.83
2026-02-05,ISAE4,29.11
2026-02-05,ITSA4,13.84
2026-02-05,ITUB4,45.52
2026-02-05,KLBN11,19.43
2026-02-05,LREN3,15.2
2026-02-05,LWSA3,4.37
2026-02-05,MBRF3,18.88
2026-02-05,MGLU3,9.65
2026-02-05,MOTV3,16.93
2026-02-05,MRVE3,8.74
2026-02-05,MULT3,33.03
2026-02-05,NATU3,8.94
2026-02-05,PCAR3,3.69
2026-02-05,PETR3,39.28
2026-02-05,PETR4,37.0
2026-02-05,POMO4,6.24
2026-02-05,PRIO3,49.15
2026-02-05,PSSA3,50.57
2026-02-05,RADL3,26.27
2026-02-05,RAIL3,15.19
2026-02-05,RAIZ4,0.85
2026-02-05,RDOR3,41.61
2026-02-05,RECV3,10.68
2026-02-05,RENT3,50.07
2026-02-05,SANB11,34.55
2026-02-05,SBSP3,145.0
2026-02-05,SLCE3,15.59
2026-02-05,SMFT3,21.97
2026-02-05,SMTO3,14.64
2026-02-05,SUZB3,50.43
2026-02-05,TAEE11,41.7
2026-02-05,TEND3,29.1
2026-02-05,TIMS3,25.54
2026-02-05,TOTS3,37.47
2026-02-05,UGPA3,26.12
2026-02-05,USIM5,6.37
2026-02-05,VALE3,86.45
2026-02-05,VAMO3,4.4
2026-02-05,VBBR3,30.89
2026-02-05,VIVA3,29.11
2026-02-05,VIVT3,38.81
2026-02-05,WEGE3,52.21
2026-02-05,YDUQ3,13.53
2026-02-06,ABEV3,15.42
2026-02-06,ALOS3,31.58
2026-02-06,AMOB3,13.4
2026-02-06,ASAI3,8.78
2026-02-06,AURE3,11.4
2026-02-06,AXIA3,57.63
2026-02-06,AZZA3,24.82
2026-02-06,B3SA3,17.04
2026-02-06,BBAS3,24.33
2026-02-06,BBDC3,17.81
2026-02-06,BBDC4,20.61
2026-02-06,BBSE3,37.23
2026-02-06,BEEF3,6.14
2026-02-06,BPAC11,60.27
2026-02-06,BRAP4,24.23
2026-02-06,BRAV3,17.48
2026-02-06,BRKM5,9.36
2026-02-06,CEAB3,13.04
2026-02-06,CMIG4,11.35
2026-02-06,CMIN3,5.89
2026-02-06,COGN3,3.81
2026-02-06,CPFE3,49.31
2026-02-06,CPLE3,13.4
2026-02-06,CSAN3,5.77
2026-02-06,CSMG3,53.85
2026-02-06,CSNA3,9.51
2026-02-06,CURY3,38.5
2026-02-06,CVCB3,2.51
2026-02-06,CXSE3,18.18
2026-02-06,CYRE3,31.13
2026-02-06,DIRR3,15.81
2026-02-06,EGIE3,33.35
2026-02-06,EMBJ3,91.75
2026-02-06,ENEV3,21.89
2026-02-06,ENGI11,50.56
2026-02-06,EQTL3,40.89
2026-02-06,FLRY3,16.93
2026-02-06,GGBR4,21.97
2026-02-06,GOAU4,9.88
2026-02-06,HAPV3,11.77
2026-02-06,HYPE3,23.65
2026-02-06,IGTI11,28.64
2026-02-06,IRBR3,56.89
2026-02-06,ISAE4,28.93
2026-02-06,ITSA4,14.18
2026-02-06,ITUB4,46.75
2026-02-06,KLBN11,19.3
2026-02-06,LREN3,15.5
2026-02-06,LWSA3,4.41
2026-02-06,MBRF3,18.82
2026-02-06,MGLU3,10.2
2026-02-06,MOTV3,17.03
2026-02-06,MRVE3,8.94
2026-02-06,MULT3,33.38
2026-02-06,NATU3,9.11
2026-02-06,PCAR3,3.72
2026-02-06,PETR3,38.87
2026-02-06,PETR4,36.65
2026-02-06,POMO4,6.35
2026-02-06,PRIO3,50.63
2026-02-06,PSSA3,52.17
2026-02-06,RADL3,26.65
2026-02-06,RAIL3,15.25
2026-02-06,RAIZ4,0.84
2026-02-06,RDOR3,41.53
2026-02-06,RECV3,10.76
2026-02-06,RENT3,51.0
2026-02-06,SANB11,33.95
2026-02-06,SBSP3,143.85
2026-02-06,SLCE3,15.47
2026-02-06,SMFT3,21.81
2026-02-06,SMTO3,15.1
2026-02-06,SUZB3,50.2
2026-02-06,TAEE11,41.51
2026-02-06,TEND3,29.7
2026-02-06,TIMS3,25.51
2026-02-06,TOTS3,37.87
2026-02-06,UGPA3,26.67
2026-02-06,USIM5,6.23
2026-02-06,VALE3,85.63
2026-02-06,VAMO3,4.46
2026-02-06,VBBR3,31.76
2026-02-06,VIVA3,29.15
2026-02-06,VIVT3,38.9
2026-02-06,WEGE3,51.85
2026-02-06,YDUQ3,13.5
2026-02-09,ABEV3,15.39
2026-02-09,ALOS3,31.51
2026-02-09,AMOB3,13.6
2026-02-09,ASAI3,8.78
2026-02-09,AURE3,11.46
2026-02-09,AXIA3,58.63
2026-02-09,AZZA3,25.68
2026-02-09,B3SA3,17.62
2026-02-09,BBAS3,24.82
2026-02-09,BBDC3,18.06
2026-02-09,BBDC4,20.91
2026-02-09,BBSE3,37.36
2026-02-09,BEEF3,6.12
2026-02-09,BPAC11,60.2
2026-02-09,BRAP4,24.58
2026-02-09,BRAV3,17.93
2026-02-09,BRKM5,9.55
2026-02-09,CEAB3,13.02
2026-02-09,CMIG4,11.42
2026-02-09,CMIN3,5.99
2026-02-09,COGN3,3.79
2026-02-09,CPFE3,50.2
2026-02-09,CPLE3,13.72
2026-02-09,CSAN3,6.04
2026-02-09,CSMG3,55.38
2026-02-09,CSNA3,9.85
2026-02-09,CURY3,38.14
2026-02-09,CVCB3,2.51
2026-02-09,CXSE3,18.29
2026-02-09,CYRE3,30.79
2026-02-09,DIRR3,15.81
2026-02-09,EGIE3,33.45
2026-02-09,EMBJ3,94.01
2026-02-09,ENEV3,21.94
2026-02-09,ENGI11,51.27
2026-02-09,EQTL3,41.41
2026-02-09,FLRY3,16.94
2026-02-09,GGBR4,22.25
2026-02-09,GOAU4,9.96
2026-02-09,HAPV3,11.45
2026-02-09,HYPE3,23.72
2026-02-09,IGTI11,29.04
2026-02-09,IRBR3,58.16
2026-02-09,ISAE4,29.46
2026-02-09,ITSA4,14.59
2026-02-09,ITUB4,48.31
2026-02-09,KLBN11,19.82
2026-02-09,LREN3,15.42
2026-02-09,LWSA3,4.53
2026-02-09,MBRF3,18.95
2026-02-09,MGLU3,10.97
2026-02-09,MOTV3,17.18
2026-02-09,MRVE3,9.1
2026-02-09,MULT3,33.72
2026-02-09,NATU3,9.26
2026-02-09,PCAR3,3.69
2026-02-09,PETR3,39.66
2026-02-09,PETR4,37.32
2026-02-09,POMO4,6.44
2026-02-09,PRIO3,51.05
2026-02-09,PSSA3,52.85
2026-02-09,RADL3,26.64
2026-02-09,RAIL3,15.47
2026-02-09,RAIZ4,0.84
2026-02-09,RDOR3,42.16
2026-02-09,RECV3,10.94
2026-02-09,RENT3,50.58
2026-02-09,SANB11,35.98
2026-02-09,SBSP3,148.23
2026-02-09,SLCE3,15.82
2026-02-09,SMFT3,21.83
2026-02-09,SMTO3,15.43
2026-02-09,SUZB3,51.34
2026-02-09,TAEE11,42.45
2026-02-09,TEND3,29.95
2026-02-09,TIMS3,26.16
2026-02-09,TOTS3,38.8
2026-02-09,UGPA3,26.94
2026-02-09,USIM5,6.25
2026-02-09,VALE3,87.31
2026-02-09,VAMO3,4.46
2026-02-09,VBBR3,31.73
2026-02-09,VIVA3,28.94
2026-02-09,VIVT3,39.72
2026-02-09,WEGE3,53.75
2026-02-09,YDUQ3,13.71
2026-02-10,ABEV3,15.66
2026-02-10,ALOS3,31.29
2026-02-10,AMOB3,13.42
2026-02-10,ASAI3,8.9
2026-02-10,AURE3,11.55
2026-02-10,AXIA3,58.85
2026-02-10,AZZA3,25.85
2026-02-10,B3SA3,17.45
2026-02-10,BBAS3,24.8
2026-02-10,BBDC3,18.13
2026-02-10,BBDC4,20.92
2026-02-10,BBSE3,38.22
2026-02-10,BEEF3,5.9
2026-02-10,BPAC11,58.94
2026-02-10,BRAP4,24.3
2026-02-10,BRAV3,18.33
2026-02-10,BRKM5,10.34
2026-02-10,CEAB3,12.6
2026-02-10,CMIG4,11.45
2026-02-10,CMIN3,5.75
2026-02-10,COGN3,3.69
2026-02-10,CPFE3,50.02
2026-02-10,CPLE3,13.99
2026-02-10,CSAN3,6.1
2026-02-10,CSMG3,55.77
2026-02-10,CSNA3,9.39
2026-02-10,CURY3,39.03
2026-02-10,CVCB3,2.5
2026-02-10,CXSE3,18.43
2026-02-10,CYRE3,31.13
2026-02-10,DIRR3,15.88
2026-02-10,EGIE3,33.78
2026-02-10,EMBJ3,93.93
2026-02-10,ENEV3,19.82
2026-02-10,ENGI11,51.49
2026-02-10,EQTL3,41.38
2026-02-10,FLRY3,16.9
2026-02-10,GGBR4,22.15
2026-02-10,GOAU4,9.92
2026-02-10,HAPV3,11.33
2026-02-10,HYPE3,23.88
2026-02-10,IGTI11,29.0
2026-02-10,IRBR3,58.13
2026-02-10,ISAE4,29.47
2026-02-10,ITSA4,14.62
2026-02-10,ITUB4,48.42
2026-02-10,KLBN11,19.83
2026-02-10,LREN3,15.07
2026-02-10,LWSA3,4.16
2026-02-10,MBRF3,18.68
2026-02-10,MGLU3,10.6
2026-02-10,MOTV3,16.99
2026-02-10,MRVE3,9.48
2026-02-10,MULT3,33.63
2026-02-10,NATU3,9.48
2026-02-10,PCAR3,3.62
2026-02-10,PETR3,39.86
2026-02-10,PETR4,37.35
2026-02-10,POMO4,6.47
2026-02-10,PRIO3,51.47
2026-02-10,PSSA3,52.83
2026-02-10,RADL3,26.7
2026-02-10,RAIL3,15.9
2026-02-10,RAIZ4,0.77
2026-02-10,RDOR3,41.3
2026-02-10,RECV3,11.02
2026-02-10,RENT3,50.49
2026-02-10,SANB11,36.53
2026-02-10,SBSP3,150.96
2026-02-10,SLCE3,15.79
2026-02-10,SMFT3,21.85
2026-02-10,SMTO3,15.1
2026-02-10,SUZB3,51.12
2026-02-10,TAEE11,42.58
2026-02-10,TEND3,30.64
2026-02-10,TIMS3,25.99
2026-02-10,TOTS3,39.34
2026-02-10,UGPA3,26.85
2026-02-10,USIM5,6.18
2026-02-10,VALE3,87.05
2026-02-10,VAMO3,4.38
2026-02-10,VBBR3,31.35
2026-02-10,VIVA3,29.1
2026-02-10,VIVT3,40.5
2026-02-10,WEGE3,52.4
2026-02-10,YDUQ3,13.45
2026-02-11,ABEV3,15.77
2026-02-11,ALOS3,31.54
2026-02-11,AMOB3,13.27
2026-02-11,ASAI3,9.23
2026-02-11,AURE3,11.71
2026-02-11,AXIA3,59.55
2026-02-11,AZZA3,25.74
2026-02-11,B3SA3,17.29
2026-02-11,BBAS3,24.91
2026-02-11,BBDC3,18.59
2026-02-11,BBDC4,21.54
2026-02-11,BBSE3,38.95
2026-02-11,BEEF3,5.85
2026-02-11,BPAC11,59.04
2026-02-11,BRAP4,24.98
2026-02-11,BRAV3,18.15
2026-02-11,BRKM5,10.83
2026-02-11,CEAB3,12.87
2026-02-11,CMIG4,11.92
2026-02-11,CMIN3,5.88
2026-02-11,COGN3,3.65
2026-02-11,CPFE3,50.1
2026-02-11,CPLE3,14.16
2026-02-11,CSAN3,6.38
2026-02-11,CSMG3,57.14
2026-02-11,CSNA3,9.62
2026-02-11,CURY3,39.13
2026-02-11,CVCB3,2.72
2026-02-11,CXSE3,18.5
2026-02-11,CYRE3,31.28
2026-02-11,DIRR3,15.82
2026-02-11,EGIE3,34.97
2026-02-11,EMBJ3,93.37
2026-02-11,ENEV3,20.21
2026-02-11,ENGI11,52.12
2026-02-11,EQTL3,42.05
2026-02-11,FLRY3,17.15
2026-02-11,GGBR4,22.65
2026-02-11,GOAU4,10.25
2026-02-11,HAPV3,11.19
2026-02-11,HYPE3,23.65
2026-02-11,IGTI11,29.23
2026-02-11,IRBR3,59.94
2026-02-11,ISAE4,30.1
2026-02-11,ITSA4,15.0
2026-02-11,ITUB4,49.37
2026-02-11,KLBN11,21.02
2026-02-11,LREN3,15.27
2026-02-11,LWSA3,4.1
2026-02-11,MBRF3,19.07
2026-02-11,MGLU3,11.1
2026-02-11,MOTV3,17.15
2026-02-11,MRVE3,9.85
2026-02-11,MULT3,33.79
2026-02-11,NATU3,9.54
2026-02-11,PCAR3,3.58
2026-02-11,PETR3,41.06
2026-02-11,PETR4,38.08
2026-02-11,POMO4,6.52
2026-02-11,PRIO3,53.6
2026-02-11,PSSA3,53.04
2026-02-11,RADL3,27.0
2026-02-11,RAIL3,16.45
2026-02-11,RAIZ4,0.77
2026-02-11,RDOR3,42.15
2026-02-11,RECV3,11.0
2026-02-11,RENT3,51.12
2026-02-11,SANB11,37.07
2026-02-11,SBSP3,153.06
2026-02-11,SLCE3,16.05
2026-02-11,SMFT3,21.77
2026-02-11,SMTO3,16.58
2026-02-11,SUZB3,57.93
2026-02-11,TAEE11,44.42
2026-02-11,TEND3,31.25
2026-02-11,TIMS3,28.03
2026-02-11,TOTS3,38.65
2026-02-11,UGPA3,27.26
2026-02-11,USIM5,6.31
2026-02-11,VALE3,90.09
2026-02-11,VAMO3,4.55
2026-02-11,VBBR3,31.96
2026-02-11,VIVA3,29.75
2026-02-11,VIVT3,40.81
2026-02-11,WEGE3,53.59
2026-02-11,YDUQ3,13.4
2026-02-12,ABEV3,16.52
2026-02-12,ALOS3,31.15
2026-02-12,AMOB3,13.41
2026-02-12,ASAI3,9.7
2026-02-12,AURE3,11.82
2026-02-12,AXIA3,58.89
2026-02-12,AZZA3,25.02
2026-02-12,B3SA3,17.36
2026-02-12,BBAS3,26.03
2026-02-12,BBDC3,18.34
2026-02-12,BBDC4,21.23
2026-02-12,BBSE3,37.76
2026-02-12,BEEF3,5.73
2026-02-12,BPAC11,58.5
2026-02-12,BRAP4,24.65
2026-02-12,BRAV3,17.59
2026-02-12,BRKM5,9.61
2026-02-12,CEAB3,12.72
2026-02-12,CMIG4,11.85
2026-02-12,CMIN3,5.56
2026-02-12,COGN3,3.56
2026-02-12,CPFE3,50.51
2026-02-12,CPLE3,13.96
2026-02-12,CSAN3,6.11
2026-02-12,CSMG3,56.46
2026-02-12,CSNA3,8.7
2026-02-12,CURY3,39.42
2026-02-12,CVCB3,2.56
2026-02-12,CXSE3,18.27
2026-02-12,CYRE3,30.83
2026-02-12,DIRR3,15.85
2026-02-12,EGIE3,34.13
2026-02-12,EMBJ3,93.4
2026-02-12,ENEV3,19.84
2026-02-12,ENGI11,51.99
2026-02-12,EQTL3,41.37
2026-02-12,FLRY3,17.34
2026-02-12,GGBR4,22.19
2026-02-12,GOAU4,10.05
2026-02-12,HAPV3,10.72
2026-02-12,HYPE3,23.47
2026-02-12,IGTI11,29.12
2026-02-12,IRBR3,60.14
2026-02-12,ISAE4,30.31
2026-02-12,ITSA4,14.67
2026-02-12,ITUB4,48.24
2026-02-12,KLBN11,20.53
2026-02-12,LREN3,15.09
2026-02-12,LWSA3,3.85
2026-02-12,MBRF3,18.92
2026-02-12,MGLU3,10.15
2026-02-12,MOTV3,16.65
2026-02-12,MRVE3,9.85
2026-02-12,MULT3,33.3
2026-02-12,NATU3,9.16
2026-02-12,PCAR3,3.53
2026-02-12,PETR3,39.79
2026-02-12,PETR4,37.11
2026-02-12,POMO4,6.36
2026-02-12,PRIO3,52.23
2026-02-12,PSSA3,51.81
2026-02-12,RADL3,26.45
2026-02-12,RAIL3,16.29
2026-02-12,RAIZ4,0.67
2026-02-12,RDOR3,42.4
2026-02-12,RECV3,10.63
2026-02-12,RENT3,51.6
2026-02-12,SANB11,35.26
2026-02-12,SBSP3,152.63
2026-02-12,SLCE3,15.88
2026-02-12,SMFT3,20.84
2026-02-12,SMTO3,15.61
2026-02-12,SUZB3,58.25
2026-02-12,TAEE11,43.87
2026-02-12,TEND3,32.25
2026-02-12,TIMS3,28.29
2026-02-12,TOTS3,37.47
2026-02-12,UGPA3,27.11
2026-02-12,USIM5,6.03
2026-02-12,VALE3,89.23
2026-02-12,VAMO3,4.46
2026-02-12,VBBR3,31.82
2026-02-12,VIVA3,29.9
2026-02-12,VIVT3,41.53
2026-02-12,WEGE3,54.03
2026-02-12,YDUQ3,12.92
2026-02-13,ABEV3,16.35
2026-02-13,ALOS3,30.67
2026-02-13,AMOB3,13.02
2026-02-13,ASAI3,9.9
2026-02-13,AURE3,11.64
2026-02-13,AXIA3,58.43
2026-02-13,AZZA3,24.48
2026-02-13,B3SA3,17.46
2026-02-13,BBAS3,25.43
2026-02-13,BBDC3,18.14
2026-02-13,BBDC4,20.97
2026-02-13,BBSE3,33.82
2026-02-13,BEEF3,5.72
2026-02-13,BPAC11,59.59
2026-02-13,BRAP4,23.89
2026-02-13,BRAV3,17.69
2026-02-13,BRKM5,9.79
2026-02-13,CEAB3,12.86
2026-02-13,CMIG4,11.76
2026-02-13,CMIN3,5.46
2026-02-13,COGN3,3.46
2026-02-13,CPFE3,50.74
2026-02-13,CPLE3,13.97
2026-02-13,CSAN3,6.12
2026-02-13,CSMG3,55.81
2026-02-13,CSNA3,8.73
2026-02-13,CURY3,40.8
2026-02-13,CVCB3,2.42
2026-02-13,CXSE3,18.03
2026-02-13,CYRE3,30.64
2026-02-13,DIRR3,16.19
2026-02-13,EGIE3,33.7
2026-02-13,EMBJ3,92.84
2026-02-13,ENEV3,21.44
2026-02-13,ENGI11,51.6
2026-02-13,EQTL3,41.0
2026-02-13,FLRY3,17.52
2026-02-13,GGBR4,21.65
2026-02-13,GOAU4,9.71
2026-02-13,HAPV3,10.4
2026-02-13,HYPE3,23.3
2026-02-13,IGTI11,28.43
2026-02-13,IRBR3,59.32
2026-02-13,ISAE4,29.6
2026-02-13,ITSA4,14.6
2026-02-13,ITUB4,47.77
2026-02-13,KLBN11,20.39
2026-02-13,LREN3,15.35
2026-02-13,LWSA3,3.66
2026-02-13,MBRF3,18.8
2026-02-13,MGLU3,10.23
2026-02-13,MOTV3,16.37
2026-02-13,MRVE3,9.79
2026-02-13,MULT3,32.78
2026-02-13,NATU3,9.19
2026-02-13,PCAR3,3.52
2026-02-13,PETR3,39.7
2026-02-13,PETR4,36.89
2026-02-13,POMO4,6.36
2026-02-13,PRIO3,52.56
2026-02-13,PSSA3,51.0
2026-02-13,RADL3,25.95
2026-02-13,RAIL3,16.24
2026-02-13,RAIZ4,0.63
2026-02-13,RDOR3,42.66
2026-02-13,RECV3,10.85
2026-02-13,RENT3,51.44
2026-02-13,SANB11,34.5
2026-02-13,SBSP3,152.5
2026-02-13,SLCE3,15.89
2026-02-13,SMFT3,20.68
2026-02-13,SMTO3,15.42
2026-02-13,SUZB3,58.34
2026-02-13,TAEE11,43.6
2026-02-13,TEND3,32.64
2026-02-13,TIMS3,27.29
2026-02-13,TOTS3,38.03
2026-02-13,UGPA3,26.98
2026-02-13,USIM5,6.32
2026-02-13,VALE3,87.03
2026-02-13,VAMO3,4.37
2026-02-13,VBBR3,31.73
2026-02-13,VIVA3,29.8
2026-02-13,VIVT3,40.99
2026-02-13,WEGE3,53.8
2026-02-13,YDUQ3,12.88
2026-02-18,ABEV3,16.13
2026-02-18,ALOS3,30.93
2026-02-18,AMOB3,13.3
2026-02-18,ASAI3,9.64
2026-02-18,AURE3,11.62
2026-02-18,AXIA3,58.58
2026-02-18,AZZA3,24.74
2026-02-18,B3SA3,17.61
2026-02-18,BBAS3,25.82
2026-02-18,BBDC3,18.03
2026-02-18,BBDC4,20.91
2026-02-18,BBSE3,33.49
2026-02-18,BEEF3,5.61
2026-02-18,BPAC11,60.32
2026-02-18,BRAP4,23.37
2026-02-18,BRAV3,18.14
2026-02-18,BRKM5,9.73
2026-02-18,CEAB3,12.97
2026-02-18,CMIG4,11.66
2026-02-18,CMIN3,5.33
2026-02-18,COGN3,3.54
2026-02-18,CPFE3,49.57
2026-02-18,CPLE3,14.08
2026-02-18,CSAN3,6.3
2026-02-18,CSMG3,56.96
2026-02-18,CSNA3,8.59
2026-02-18,CURY3,41.01
2026-02-18,CVCB3,2.33
2026-02-18,CXSE3,17.69
2026-02-18,CYRE3,31.52
2026-02-18,DIRR3,16.59
2026-02-18,EGIE3,33.27
2026-02-18,EMBJ3,94.33
2026-02-18,ENEV3,21.29
2026-02-18,ENGI11,51.34
2026-02-18,EQTL3,40.85
2026-02-18,FLRY3,17.75
2026-02-18,GGBR4,21.62
2026-02-18,GOAU4,9.7
2026-02-18,HAPV3,10.12
2026-02-18,HYPE3,23.27
2026-02-18,IGTI11,28.67
2026-02-18,IRBR3,57.52
2026-02-18,ISAE4,29.45
2026-02-18,ITSA4,14.59
2026-02-18,ITUB4,47.99
2026-02-18,KLBN11,20.21
2026-02-18,LREN3,15.5
2026-02-18,LWSA3,3.63
2026-02-18,MBRF3,18.53
2026-02-18,MGLU3,10.28
2026-02-18,MOTV3,16.2
2026-02-18,MRVE3,9.84
2026-02-18,MULT3,33.14
2026-02-18,NATU3,9.28
2026-02-18,PCAR3,3.36
2026-02-18,PETR3,40.14
2026-02-18,PETR4,37.19
2026-02-18,POMO4,6.51
2026-02-18,PRIO3,53.78
2026-02-18,PSSA3,51.23
2026-02-18,RADL3,25.92
2026-02-18,RAIL3,16.1
2026-02-18,RAIZ4,0.67
2026-02-18,RDOR3,42.83
2026-02-18,RECV3,11.24
2026-02-18,RENT3,51.3
2026-02-18,SANB11,35.14
2026-02-18,SBSP3,152.13
2026-02-18,SLCE3,15.84
2026-02-18,SMFT3,20.88
2026-02-18,SMTO3,15.59
2026-02-18,SUZB3,57.2
2026-02-18,TAEE11,43.68
2026-02-18,TEND3,32.42
2026-02-18,TIMS3,26.99
2026-02-18,TOTS3,38.4
2026-02-18,UGPA3,27.16
2026-02-18,USIM5,6.32
2026-02-18,VALE3,83.92
2026-02-18,VAMO3,4.39
2026-02-18,VBBR3,31.5
2026-02-18,VIVA3,30.4
2026-02-18,VIVT3,40.58
2026-02-18,WEGE3,53.39
2026-02-18,YDUQ3,12.98
2026-02-19,ABEV3,16.17
2026-02-19,ALOS3,31.64
2026-02-19,AMOB3,13.23
2026-02-19,ASAI3,9.46
2026-02-19,AURE3,11.77
2026-02-19,AXIA3,61.18
2026-02-19,AZZA3,25.42
2026-02-19,B3SA3,17.75
2026-02-19,BBAS3,26.46
2026-02-19,BBDC3,18.36
2026-02-19,BBDC4,21.33
2026-02-19,BBSE3,33.58
2026-02-19,BEEF3,5.66
2026-02-19,BPAC11,61.85
2026-02-19,BRAP4,23.29
2026-02-19,BRAV3,18.74
2026-02-19,BRKM5,9.96
2026-02-19,CEAB3,13.29
2026-02-19,CMIG4,11.87
2026-02-19,CMIN3,5.33
2026-02-19,COGN3,3.59
2026-02-19,CPFE3,50.02
2026-02-19,CPLE3,14.28
2026-02-19,CSAN3,6.4
2026-02-19,CSMG3,58.15
2026-02-19,CSNA3,8.53
2026-02-19,CURY3,41.32
2026-02-19,CVCB3,2.36
2026-02-19,CXSE3,17.8
2026-02-19,CYRE3,31.68
2026-02-19,DIRR3,16.77
2026-02-19,EGIE3,33.72
2026-02-19,EMBJ3,94.63
2026-02-19,ENEV3,21.9
2026-02-19,ENGI11,52.47
2026-02-19,EQTL3,41.27
2026-02-19,FLRY3,17.95
2026-02-19,GGBR4,21.52
2026-02-19,GOAU4,9.71
2026-02-19,HAPV3,10.79
2026-02-19,HYPE3,23.74
2026-02-19,IGTI11,29.08
2026-02-19,IRBR3,59.14
2026-02-19,ISAE4,29.71
2026-02-19,ITSA4,14.8
2026-02-19,ITUB4,48.55
2026-02-19,KLBN11,20.17
2026-02-19,LREN3,15.59
2026-02-19,LWSA3,3.61
2026-02-19,MBRF3,18.76
2026-02-19,MGLU3,10.58
2026-02-19,MOTV3,16.2
2026-02-19,MRVE3,10.03
2026-02-19,MULT3,33.95
2026-02-19,NATU3,9.35
2026-02-19,PCAR3,3.03
2026-02-19,PETR3,41.19
2026-02-19,PETR4,37.81
2026-02-19,POMO4,6.53
2026-02-19,PRIO3,54.93
2026-02-19,PSSA3,51.92
2026-02-19,RADL3,26.41
2026-02-19,RAIL3,16.45
2026-02-19,RAIZ4,0.62
2026-02-19,RDOR3,44.64
2026-02-19,RECV3,11.37
2026-02-19,RENT3,52.43
2026-02-19,SANB11,35.59
2026-02-19,SBSP3,153.53
2026-02-19,SLCE3,16.15
2026-02-19,SMFT3,21.3
2026-02-19,SMTO3,15.75
2026-02-19,SUZB3,57.13
2026-02-19,TAEE11,44.56
2026-02-19,TEND3,34.13
2026-02-19,TIMS3,27.02
2026-02-19,TOTS3,38.95
2026-02-19,UGPA3,27.5
2026-02-19,USIM5,6.22
2026-02-19,VALE3,84.09
2026-02-19,VAMO3,4.49
2026-02-19,VBBR3,31.57
2026-02-19,VIVA3,31.34
2026-02-19,VIVT3,40.89
2026-02-19,WEGE3,51.37
2026-02-19,YDUQ3,13.32
2026-02-20,ABEV3,16.03
2026-02-20,ALOS3,31.88
2026-02-20,AMOB3,13.3
2026-02-20,ASAI3,9.5
2026-02-20,AURE3,11.72
2026-02-20,AXIA3,61.2
2026-02-20,AZZA3,26.14
2026-02-20,B3SA3,18.08
2026-02-20,BBAS3,26.99
2026-02-20,BBDC3,18.74
2026-02-20,BBDC4,21.76
2026-02-20,BBSE3,34.05
2026-02-20,BEEF3,5.75
2026-02-20,BPAC11,62.18
2026-02-20,BRAP4,23.76
2026-02-20,BRAV3,18.85
2026-02-20,BRKM5,9.84
2026-02-20,CEAB3,13.08
2026-02-20,CMIG4,11.96
2026-02-20,CMIN3,5.33
2026-02-20,COGN3,3.63
2026-02-20,CPFE3,49.76
2026-02-20,CPLE3,14.5
2026-02-20,CSAN3,6.53
2026-02-20,CSMG3,58.7
2026-02-20,CSNA3,8.58
2026-02-20,CURY3,41.67
2026-02-20,CVCB3,2.44
2026-02-20,CXSE3,17.95
2026-02-20,CYRE3,31.95
2026-02-20,DIRR3,16.88
2026-02-20,EGIE3,33.64
2026-02-20,EMBJ3,95.71
2026-02-20,ENEV3,22.2
2026-02-20,ENGI11,53.29
2026-02-20,EQTL3,41.71
2026-02-20,FLRY3,17.87
2026-02-20,GGBR4,21.64
2026-02-20,GOAU4,9.71
2026-02-20,HAPV3,10.5
2026-02-20,HYPE3,23.83
2026-02-20,IGTI11,29.3
2026-02-20,IRBR3,59.4
2026-02-20,ISAE4,29.72
2026-02-20,ITSA4,15.07
2026-02-20,ITUB4,49.23
2026-02-20,KLBN11,20.1
2026-02-20,LREN3,15.6
2026-02-20,LWSA3,3.61
2026-02-20,MBRF3,18.8
2026-02-20,MGLU3,10.8
2026-02-20,MOTV3,16.41
2026-02-20,MRVE3,10.34
2026-02-20,MULT3,34.14
2026-02-20,NATU3,9.45
2026-02-20,PCAR3,3.1
2026-02-20,PETR3,40.94
2026-02-20,PETR4,37.97
2026-02-20,POMO4,6.54
2026-02-20,PRIO3,55.02
2026-02-20,PSSA3,51.85
2026-02-20,RADL3,26.49
2026-02-20,RAIL3,16.51
2026-02-20,RAIZ4,0.6
2026-02-20,RDOR3,45.09
2026-02-20,RECV3,11.69
2026-02-20,RENT3,52.83
2026-02-20,SANB11,36.7
2026-02-20,SBSP3,153.1
2026-02-20,SLCE3,16.27
2026-02-20,SMFT3,21.45
2026-02-20,SMTO3,16.09
2026-02-20,SUZB3,56.86
2026-02-20,TAEE11,45.01
2026-02-20,TEND3,33.05
2026-02-20,TIMS3,26.99
2026-02-20,TOTS3,39.5
2026-02-20,UGPA3,27.78
2026-02-20,USIM5,6.22
2026-02-20,VALE3,86.81
2026-02-20,VAMO3,4.67
2026-02-20,VBBR3,31.83
2026-02-20,VIVA3,30.75
2026-02-20,VIVT3,40.7
2026-02-20,WEGE3,51.99
2026-02-20,YDUQ3,13.46
2026-02-23,ABEV3,16.19
2026-02-23,ALOS3,31.77
2026-02-23,AMOB3,13.15
2026-02-23,ASAI3,9.27
2026-02-23,AURE3,11.83
2026-02-23,AXIA3,60.53
2026-02-23,AZZA3,26.18
2026-02-23,B3SA3,17.86
2026-02-23,BBAS3,26.83
2026-02-23,BBDC3,18.38
2026-02-23,BBDC4,21.23
2026-02-23,BBSE3,34.11
2026-02-23,BEEF3,5.64
2026-02-23,BPAC11,60.61
2026-02-23,BRAP4,24.27
2026-02-23,BRAV3,18.51
2026-02-23,BRKM5,9.5
2026-02-23,CEAB3,12.88
2026-02-23,CMIG4,11.88
2026-02-23,CMIN3,5.33
2026-02-23,COGN3,3.58
2026-02-23,CPFE3,50.09
2026-02-23,CPLE3,14.4
2026-02-23,CSAN3,6.6
2026-02-23,CSMG3,58.89
2026-02-23,CSNA3,8.53
2026-02-23,CURY3,40.35
2026-02-23,CVCB3,2.43
2026-02-23,CXSE3,18.05
2026-02-23,CYRE3,31.47
2026-02-23,DIRR3,16.58
2026-02-23,EGIE3,33.66
2026-02-23,EMBJ3,93.54
2026-02-23,ENEV3,21.82
2026-02-23,ENGI11,53.43
2026-02-23,EQTL3,41.51
2026-02-23,FLRY3,17.55
2026-02-23,GGBR4,21.61
2026-02-23,GOAU4,9.74
2026-02-23,HAPV3,9.97
2026-02-23,HYPE3,23.7
2026-02-23,IGTI11,29.18
2026-02-23,IRBR3,59.9
2026-02-23,ISAE4,29.46
2026-02-23,ITSA4,14.59
2026-02-23,ITUB4,47.45
2026-02-23,KLBN11,20.0
2026-02-23,LREN3,15.53
2026-02-23,LWSA3,3.45
2026-02-23,MBRF3,19.53
2026-02-23,MGLU3,10.37
2026-02-23,MOTV3,16.7
2026-02-23,MRVE3,10.2
2026-02-23,MULT3,34.05
2026-02-23,NATU3,9.38
2026-02-23,PCAR3,3.01
2026-02-23,PETR3,41.74
2026-02-23,PETR4,38.59
2026-02-23,POMO4,6.62
2026-02-23,PRIO3,53.73
2026-02-23,PSSA3,51.87
2026-02-23,RADL3,26.0
2026-02-23,RAIL3,16.69
2026-02-23,RAIZ4,0.63
2026-02-23,RDOR3,43.56
2026-02-23,RECV3,11.58
2026-02-23,RENT3,51.3
2026-02-23,SANB11,34.61
2026-02-23,SBSP3,152.2
2026-02-23,SLCE3,16.09
2026-02-23,SMFT3,20.75
2026-02-23,SMTO3,16.41
2026-02-23,SUZB3,57.0
2026-02-23,TAEE11,45.03
2026-02-23,TEND3,32.21
2026-02-23,TIMS3,27.48
2026-02-23,TOTS3,38.33
2026-02-23,UGPA3,27.36
2026-02-23,USIM5,6.33
2026-02-23,VALE3,87.39
2026-02-23,VAMO3,4.53
2026-02-23,VBBR3,30.28
2026-02-23,VIVA3,30.25
2026-02-23,VIVT3,42.03
2026-02-23,WEGE3,51.97
2026-02-23,YDUQ3,13.15
2026-02-24,ABEV3,16.58
2026-02-24,ALOS3,32.04
2026-02-24,AMOB3,13.34
2026-02-24,ASAI3,9.79
2026-02-24,AURE3,11.93
2026-02-24,AXIA3,61.38
2026-02-24,AZZA3,26.52
2026-02-24,B3SA3,18.22
2026-02-24,BBAS3,27.12
2026-02-24,BBDC3,18.58
2026-02-24,BBDC4,21.4
2026-02-24,BBSE3,34.84
2026-02-24,BEEF3,5.39
2026-02-24,BPAC11,61.15
2026-02-24,BRAP4,24.48
2026-02-24,BRAV3,18.73
2026-02-24,BRKM5,9.54
2026-02-24,CEAB3,12.65
2026-02-24,CMIG4,12.17
2026-02-24,CMIN3,5.41
2026-02-24,COGN3,3.67
2026-02-24,CPFE3,51.16
2026-02-24,CPLE3,14.87
2026-02-24,CSAN3,6.8
2026-02-24,CSMG3,57.22
2026-02-24,CSNA3,8.53
2026-02-24,CURY3,39.95
2026-02-24,CVCB3,2.37
2026-02-24,CXSE3,18.36
2026-02-24,CYRE3,31.73
2026-02-24,DIRR3,16.49
2026-02-24,EGIE3,34.18
2026-02-24,EMBJ3,94.3
2026-02-24,ENEV3,22.07
2026-02-24,ENGI11,54.43
2026-02-24,EQTL3,42.36
2026-02-24,FLRY3,17.6
2026-02-24,GGBR4,21.13
2026-02-24,GOAU4,9.5
2026-02-24,HAPV3,10.49
2026-02-24,HYPE3,24.1
2026-02-24,IGTI11,29.43
2026-02-24,IRBR3,64.25
2026-02-24,ISAE4,29.96
2026-02-24,ITSA4,14.84
2026-02-24,ITUB4,48.17
2026-02-24,KLBN11,20.32
2026-02-24,LREN3,15.88
2026-02-24,LWSA3,3.55
2026-02-24,MBRF3,20.44
2026-02-24,MGLU3,10.13
2026-02-24,MOTV3,17.0
2026-02-24,MRVE3,10.35
2026-02-24,MULT3,34.85
2026-02-24,NATU3,9.98
2026-02-24,PCAR3,3.13
2026-02-24,PETR3,42.69
2026-02-24,PETR4,39.57
2026-02-24,POMO4,6.79
2026-02-24,PRIO3,54.68
2026-02-24,PSSA3,52.57
2026-02-24,RADL3,25.95
2026-02-24,RAIL3,17.16
2026-02-24,RAIZ4,0.65
2026-02-24,RDOR3,43.47
2026-02-24,RECV3,11.99
2026-02-24,RENT3,52.05
2026-02-24,SANB11,35.79
2026-02-24,SBSP3,154.0
2026-02-24,SLCE3,16.34
2026-02-24,SMFT3,21.27
2026-02-24,SMTO3,17.45
2026-02-24,SUZB3,58.58
2026-02-24,TAEE11,45.0
2026-02-24,TEND3,31.2
2026-02-24,TIMS3,28.35
2026-02-24,TOTS3,38.36
2026-02-24,UGPA3,27.63
2026-02-24,USIM5,6.53
2026-02-24,VALE3,87.73
2026-02-24,VAMO3,4.82
2026-02-24,VBBR3,31.0
2026-02-24,VIVA3,31.9
2026-02-24,VIVT3,42.52
2026-02-24,WEGE3,51.41
2026-02-24,YDUQ3,13.96
2026-02-25,ABEV3,16.44
2026-02-25,ALOS3,32.13
2026-02-25,AMOB3,13.2
2026-02-25,ASAI3,9.36
2026-02-25,AURE3,11.73
2026-02-25,AXIA3,62.03
2026-02-25,AZZA3,26.23
2026-02-25,B3SA3,18.14
2026-02-25,BBAS3,27.58
2026-02-25,BBDC3,18.4
2026-02-25,BBDC4,21.17
2026-02-25,BBSE3,35.01
2026-02-25,BEEF3,5.27
2026-02-25,BPAC11,61.8
2026-02-25,BRAP4,25.28
2026-02-25,BRAV3,18.66
2026-02-25,BRKM5,9.53
2026-02-25,CEAB3,12.83
2026-02-25,CMIG4,12.34
2026-02-25,CMIN3,5.48
2026-02-25,COGN3,3.6
2026-02-25,CPFE3,50.87
2026-02-25,CPLE3,14.87
2026-02-25,CSAN3,6.5
2026-02-25,CSMG3,57.17
2026-02-25,CSNA3,8.62
2026-02-25,CURY3,39.2
2026-02-25,CVCB3,2.25
2026-02-25,CXSE3,18.18
2026-02-25,CYRE3,31.69
2026-02-25,DIRR3,16.15
2026-02-25,EGIE3,33.41
2026-02-25,EMBJ3,92.48
2026-02-25,ENEV3,21.55
2026-02-25,ENGI11,54.31
2026-02-25,EQTL3,42.24
2026-02-25,FLRY3,17.57
2026-02-25,GGBR4,21.41
2026-02-25,GOAU4,9.61
2026-02-25,HAPV3,10.26
2026-02-25,HYPE3,24.08
2026-02-25,IGTI11,29.44
2026-02-25,IRBR3,63.47
2026-02-25,ISAE4,28.63
2026-02-25,ITSA4,14.62
2026-02-25,ITUB4,47.79
2026-02-25,KLBN11,20.67
2026-02-25,LREN3,15.78
2026-02-25,LWSA3,3.53
2026-02-25,MBRF3,20.3
2026-02-25,MGLU3,9.49
2026-02-25,MOTV3,16.68
2026-02-25,MRVE3,10.34
2026-02-25,MULT3,34.87
2026-02-25,NATU3,9.88
2026-02-25,PCAR3,3.06
2026-02-25,PETR3,42.81
2026-02-25,PETR4,39.57
2026-02-25,POMO4,6.66
2026-02-25,PRIO3,53.63
2026-02-25,PSSA3,52.59
2026-02-25,RADL3,25.44
2026-02-25,RAIL3,16.67
2026-02-25,RAIZ4,0.64
2026-02-25,RDOR3,43.52
2026-02-25,RECV3,11.97
2026-02-25,RENT3,50.79
2026-02-25,SANB11,34.38
2026-02-25,SBSP3,156.88
2026-02-25,SLCE3,16.53
2026-02-25,SMFT3,20.69
2026-02-25,SMTO3,17.47
2026-02-25,SUZB3,58.9
2026-02-25,TAEE11,44.02
2026-02-25,TEND3,30.32
2026-02-25,TIMS3,28.05
2026-02-25,TOTS3,37.88
2026-02-25,UGPA3,26.75
2026-02-25,USIM5,6.79
2026-02-25,VALE3,89.97
2026-02-25,VAMO3,4.7
2026-02-25,VBBR3,30.74
2026-02-25,VIVA3,32.0
2026-02-25,VIVT3,42.07
2026-02-25,WEGE3,50.28
2026-02-25,YDUQ3,13.9
2026-02-26,ABEV3,16.41
2026-02-26,ALOS3,32.88
2026-02-26,AMOB3,13.2
2026-02-26,ASAI3,9.45
2026-02-26,AURE3,12.21
2026-02-26,AXIA3,62.92
2026-02-26,AZZA3,26.52
2026-02-26,B3SA3,17.95
2026-02-26,BBAS3,27.28
2026-02-26,BBDC3,18.25
2026-02-26,BBDC4,20.98
2026-02-26,BBSE3,35.11
2026-02-26,BEEF3,5.23
2026-02-26,BPAC11,62.04
2026-02-26,BRAP4,24.93
2026-02-26,BRAV3,18.57
2026-02-26,BRKM5,9.48
2026-02-26,CEAB3,13.27
2026-02-26,CMIG4,12.27
2026-02-26,CMIN3,5.51
2026-02-26,COGN3,3.55
2026-02-26,CPFE3,51.65
2026-02-26,CPLE3,14.95
2026-02-26,CSAN3,6.64
2026-02-26,CSMG3,55.64
2026-02-26,CSNA3,8.63
2026-02-26,CURY3,39.5
2026-02-26,CVCB3,2.3
2026-02-26,CXSE3,18.54
2026-02-26,CYRE3,31.6
2026-02-26,DIRR3,16.6
2026-02-26,EGIE3,33.81
2026-02-26,EMBJ3,94.36
2026-02-26,ENEV3,21.6
2026-02-26,ENGI11,55.3
2026-02-26,EQTL3,42.9
2026-02-26,FLRY3,17.24
2026-02-26,GGBR4,21.08
2026-02-26,GOAU4,9.45
2026-02-26,HAPV3,10.75
2026-02-26,HYPE3,23.75
2026-02-26,IGTI11,29.85
2026-02-26,IRBR3,63.22
2026-02-26,ISAE4,29.08
2026-02-26,ITSA4,14.65
2026-02-26,ITUB4,47.67
2026-02-26,KLBN11,20.81
2026-02-26,LREN3,16.05
2026-02-26,LWSA3,3.64
2026-02-26,MBRF3,20.24
2026-02-26,MGLU3,9.58
2026-02-26,MOTV3,16.83
2026-02-26,MRVE3,10.43
2026-02-26,MULT3,35.8
2026-02-26,NATU3,9.61
2026-02-26,PCAR3,3.19
2026-02-26,PETR3,42.75
2026-02-26,PETR4,39.61
2026-02-26,POMO4,7.03
2026-02-26,PRIO3,52.34
2026-02-26,PSSA3,52.75
2026-02-26,RADL3,25.65
2026-02-26,RAIL3,16.63
2026-02-26,RAIZ4,0.65
2026-02-26,RDOR3,41.55
2026-02-26,RECV3,12.26
2026-02-26,RENT3,50.45
2026-02-26,SANB11,34.43
2026-02-26,SBSP3,155.48
2026-02-26,SLCE3,16.62
2026-02-26,SMFT3,20.8
2026-02-26,SMTO3,17.84
2026-02-26,SUZB3,58.98
2026-02-26,TAEE11,44.65
2026-02-26,TEND3,30.67
2026-02-26,TIMS3,28.15
2026-02-26,TOTS3,38.16
2026-02-26,UGPA3,26.7
2026-02-26,USIM5,6.91
2026-02-26,VALE3,89.21
2026-02-26,VAMO3,4.56
2026-02-26,VBBR3,30.8
2026-02-26,VIVA3,32.35
2026-02-26,VIVT3,42.82
2026-02-26,WEGE3,49.38
2026-02-26,YDUQ3,13.56
2026-02-27,ABEV3,16.27
2026-02-27,ALOS3,32.69
2026-02-27,AMOB3,13.35
2026-02-27,ASAI3,9.34
2026-02-27,AURE3,11.86
2026-02-27,AXIA3,61.27
2026-02-27,AZZA3,26.17
2026-02-27,B3SA3,17.9
2026-02-27,BBAS3,26.95
2026-02-27,BBDC3,18.37
2026-02-27,BBDC4,21.15
2026-02-27,BBSE3,34.68
2026-02-27,BEEF3,5.22
2026-02-27,BPAC11,61.26
2026-02-27,BRAP4,24.83
2026-02-27,BRAV3,18.64
2026-02-27,BRKM5,9.59
2026-02-27,CEAB3,12.94
2026-02-27,CMIG4,12.07
2026-02-27,CMIN3,5.44
2026-02-27,COGN3,3.5
2026-02-27,CPFE3,50.35
2026-02-27,CPLE3,14.66
2026-02-27,CSAN3,6.29
2026-02-27,CSMG3,54.7
2026-02-27,CSNA3,8.62
2026-02-27,CURY3,38.86
2026-02-27,CVCB3,2.3
2026-02-27,CXSE3,17.79
2026-02-27,CYRE3,30.71
2026-02-27,DIRR3,16.32
2026-02-27,EGIE3,33.68
2026-02-27,EMBJ3,92.42
2026-02-27,ENEV3,21.4
2026-02-27,ENGI11,53.85
2026-02-27,EQTL3,42.11
2026-02-27,FLRY3,16.82
2026-02-27,GGBR4,20.99
2026-02-27,GOAU4,9.34
2026-02-27,HAPV3,10.49
2026-02-27,HYPE3,23.08
2026-02-27,IGTI11,29.22
2026-02-27,IRBR3,61.9
2026-02-27,ISAE4,28.46
2026-02-27,ITSA4,14.27
2026-02-27,ITUB4,46.78
2026-02-27,KLBN11,20.56
2026-02-27,LREN3,15.58
2026-02-27,LWSA3,3.59
2026-02-27,MBRF3,20.68
2026-02-27,MGLU3,9.35
2026-02-27,MOTV3,16.65
2026-02-27,MRVE3,10.24
2026-02-27,MULT3,35.2
2026-02-27,NATU3,9.11
2026-02-27,PCAR3,3.08
2026-02-27,PETR3,42.73
2026-02-27,PETR4,39.33
2026-02-27,POMO4,6.88
2026-02-27,PRIO3,54.49
2026-02-27,PSSA3,52.33
2026-02-27,RADL3,25.08
2026-02-27,RAIL3,15.97
2026-02-27,RAIZ4,0.63
2026-02-27,RDOR3,40.3
2026-02-27,RECV3,12.32
2026-02-27,RENT3,50.76
2026-02-27,SANB11,33.5
2026-02-27,SBSP3,153.89
2026-02-27,SLCE3,16.48
2026-02-27,SMFT3,20.2
2026-02-27,SMTO3,17.96
2026-02-27,SUZB3,58.0
2026-02-27,TAEE11,44.18
2026-02-27,TEND3,30.26
2026-02-27,TIMS3,27.9
2026-02-27,TOTS3,37.84
2026-02-27,UGPA3,25.8
2026-02-27,USIM5,7.07
2026-02-27,VALE3,88.47
2026-02-27,VAMO3,4.4
2026-02-27,VBBR3,29.92
2026-02-27,VIVA3,31.15
2026-02-27,VIVT3,43.18
2026-02-27,WEGE3,49.7
2026-02-27,YDUQ3,13.27
2026-03-02,ABEV3,15.91
2026-03-02,ALOS3,32.23
2026-03-02,AMOB3,13.35
2026-03-02,ASAI3,9.25
2026-03-02,AURE3,11.65
2026-03-02,AXIA3,62.36
2026-03-02,AZZA3,26.44
2026-03-02,B3SA3,18.49
2026-03-02,BBAS3,26.95
2026-03-02,BBDC3,18.29
2026-03-02,BBDC4,21.23
2026-03-02,BBSE3,34.75
2026-03-02,BEEF3,5.1
2026-03-02,BPAC11,61.09
2026-03-02,BRAP4,24.83
2026-03-02,BRAV3,19.17
2026-03-02,BRKM5,9.25
2026-03-02,CEAB3,12.77
2026-03-02,CMIG4,11.93
2026-03-02,CMIN3,5.46
2026-03-02,COGN3,3.46
2026-03-02,CPFE3,49.47
2026-03-02,CPLE3,14.73
2026-03-02,CSAN3,6.16
2026-03-02,CSMG3,55.34
2026-03-02,CSNA3,8.42
2026-03-02,CURY3,38.54
2026-03-02,CVCB3,2.23
2026-03-02,CXSE3,17.97
2026-03-02,CYRE3,30.65
2026-03-02,DIRR3,16.0
2026-03-02,EGIE3,33.31
2026-03-02,EMBJ3,92.9
2026-03-02,ENEV3,21.28
2026-03-02,ENGI11,53.54
2026-03-02,EQTL3,41.7
2026-03-02,FLRY3,16.9
2026-03-02,GGBR4,20.8
2026-03-02,GOAU4,9.27
2026-03-02,HAPV3,10.36
2026-03-02,HYPE3,22.75
2026-03-02,IGTI11,28.94
2026-03-02,IRBR3,61.28
2026-03-02,ISAE4,28.57
2026-03-02,ITSA4,14.14
2026-03-02,ITUB4,45.92
2026-03-02,KLBN11,20.61
2026-03-02,LREN3,15.52
2026-03-02,LWSA3,3.53
2026-03-02,MBRF3,20.52
2026-03-02,MGLU3,9.19
2026-03-02,MOTV3,16.51
2026-03-02,MRVE3,10.01
2026-03-02,MULT3,34.11
2026-03-02,NATU3,8.99
2026-03-02,PCAR3,3.15
2026-03-02,PETR3,44.71
2026-03-02,PETR4,41.13
2026-03-02,POMO4,6.68
2026-03-02,PRIO3,57.28
2026-03-02,PSSA3,51.81
2026-03-02,RADL3,24.48
2026-03-02,RAIL3,15.75
2026-03-02,RAIZ4,0.65
2026-03-02,RDOR3,39.7
2026-03-02,RECV3,12.73
2026-03-02,RENT3,51.73
2026-03-02,SANB11,33.52
2026-03-02,SBSP3,152.91
2026-03-02,SLCE3,16.64
2026-03-02,SMFT3,20.01
2026-03-02,SMTO3,18.36
2026-03-02,SUZB3,58.06
2026-03-02,TAEE11,43.59
2026-03-02,TEND3,29.85
2026-03-02,TIMS3,27.3
2026-03-02,TOTS3,37.33
2026-03-02,UGPA3,25.91
2026-03-02,USIM5,6.9
2026-03-02,VALE3,88.16
2026-03-02,VAMO3,4.39
2026-03-02,VBBR3,30.28
2026-03-02,VIVA3,30.83
2026-03-02,VIVT3,42.26
2026-03-02,WEGE3,48.69
2026-03-02,YDUQ3,13.01
2026-03-03,ABEV3,15.57
2026-03-03,ALOS3,31.37
2026-03-03,AMOB3,13.0
2026-03-03,ASAI3,8.65
2026-03-03,AURE3,11.56
2026-03-03,AXIA3,59.49
2026-03-03,AZZA3,25.12
2026-03-03,B3SA3,17.54
2026-03-03,BBAS3,25.77
2026-03-03,BBDC3,17.51
2026-03-03,BBDC4,20.2
2026-03-03,BBSE3,34.4
2026-03-03,BEEF3,4.86
2026-03-03,BPAC11,57.51
2026-03-03,BRAP4,23.38
2026-03-03,BRAV3,18.61
2026-03-03,BRKM5,9.55
2026-03-03,CEAB3,12.09
2026-03-03,CMIG4,11.54
2026-03-03,CMIN3,5.26
2026-03-03,COGN3,3.29
2026-03-03,CPFE3,47.59
2026-03-03,CPLE3,14.38
2026-03-03,CSAN3,5.97
2026-03-03,CSMG3,53.74
2026-03-03,CSNA3,7.91
2026-03-03,CURY3,36.65
2026-03-03,CVCB3,2.1
2026-03-03,CXSE3,17.58
2026-03-03,CYRE3,29.24
2026-03-03,DIRR3,15.23
2026-03-03,EGIE3,32.26
2026-03-03,EMBJ3,91.71
2026-03-03,ENEV3,20.49
2026-03-03,ENGI11,52.32
2026-03-03,EQTL3,40.49
2026-03-03,FLRY3,16.42
2026-03-03,GGBR4,19.75
2026-03-03,GOAU4,8.83
2026-03-03,HAPV3,10.01
2026-03-03,HYPE3,21.9
2026-03-03,IGTI11,28.22
2026-03-03,IRBR3,58.69
2026-03-03,ISAE4,27.91
2026-03-03,ITSA4,13.6
2026-03-03,ITUB4,44.38
2026-03-03,KLBN11,19.88
2026-03-03,LREN3,14.96
2026-03-03,LWSA3,3.42
2026-03-03,MBRF3,19.54
2026-03-03,MGLU3,9.0
2026-03-03,MOTV3,15.77
2026-03-03,MRVE3,9.53
2026-03-03,MULT3,33.05
2026-03-03,NATU3,8.57
2026-03-03,PCAR3,2.59
2026-03-03,PETR3,44.38
2026-03-03,PETR4,40.95
2026-03-03,POMO4,6.6
2026-03-03,PRIO3,55.12
2026-03-03,PSSA3,50.63
2026-03-03,RADL3,23.93
2026-03-03,RAIL3,15.47
2026-03-03,RAIZ4,0.69
2026-03-03,RDOR3,38.65
2026-03-03,RECV3,12.3
2026-03-03,RENT3,48.9
2026-03-03,SANB11,32.7
2026-03-03,SBSP3,148.19
2026-03-03,SLCE3,16.23
2026-03-03,SMFT3,19.31
2026-03-03,SMTO3,17.96
2026-03-03,SUZB3,57.27
2026-03-03,TAEE11,42.2
2026-03-03,TEND3,28.41
2026-03-03,TIMS3,26.75
2026-03-03,TOTS3,36.61
2026-03-03,UGPA3,25.36
2026-03-03,USIM5,6.65
2026-03-03,VALE3,84.48
2026-03-03,VAMO3,4.15
2026-03-03,VBBR3,29.69
2026-03-03,VIVA3,30.83
2026-03-03,VIVT3,41.57
2026-03-03,WEGE3,47.4
2026-03-03,YDUQ3,12.1
2026-03-04,ABEV3,15.6
2026-03-04,ALOS3,32.02
2026-03-04,AMOB3,13.01
2026-03-04,ASAI3,8.36
2026-03-04,AURE3,12.04
2026-03-04,AXIA3,61.34
2026-03-04,AZZA3,25.51
2026-03-04,B3SA3,18.16
2026-03-04,BBAS3,25.94
2026-03-04,BBDC3,17.7
2026-03-04,BBDC4,20.49
2026-03-04,BBSE3,34.37
2026-03-04,BEEF3,4.83
2026-03-04,BPAC11,59.89
2026-03-04,BRAP4,23.57
2026-03-04,BRAV3,18.81
2026-03-04,BRKM5,10.86
2026-03-04,CEAB3,12.14
2026-03-04,CMIG4,11.81
2026-03-04,CMIN3,5.35
2026-03-04,COGN3,3.3
2026-03-04,CPFE3,48.29
2026-03-04,CPLE3,14.95
2026-03-04,CSAN3,6.04
2026-03-04,CSMG3,54.51
2026-03-04,CSNA3,8.0
2026-03-04,CURY3,36.92
2026-03-04,CVCB3,2.15
2026-03-04,CXSE3,17.68
2026-03-04,CYRE3,29.71
2026-03-04,DIRR3,15.4
2026-03-04,EGIE3,33.01
2026-03-04,EMBJ3,92.44
2026-03-04,ENEV3,21.06
2026-03-04,ENGI11,54.04
2026-03-04,EQTL3,41.79
2026-03-04,FLRY3,16.58
2026-03-04,GGBR4,19.86
2026-03-04,GOAU4,8.9
2026-03-04,HAPV3,9.96
2026-03-04,HYPE3,22.09
2026-03-04,IGTI11,28.83
2026-03-04,IRBR3,58.66
2026-03-04,ISAE4,28.44
2026-03-04,ITSA4,13.87
2026-03-04,ITUB4,45.01
2026-03-04,KLBN11,20.0
2026-03-04,LREN3,15.16
2026-03-04,LWSA3,3.78
2026-03-04,MBRF3,19.48
2026-03-04,MGLU3,9.53
2026-03-04,MOTV3,16.36
2026-03-04,MRVE3,9.7
2026-03-04,MULT3,33.63
2026-03-04,NATU3,9.01
2026-03-04,PCAR3,2.97
2026-03-04,PETR3,44.06
2026-03-04,PETR4,40.5
2026-03-04,POMO4,6.69
2026-03-04,PRIO3,55.52
2026-03-04,PSSA3,50.97
2026-03-04,RADL3,24.53
2026-03-04,RAIL3,15.72
2026-03-04,RAIZ4,0.6
2026-03-04,RDOR3,39.32
2026-03-04,RECV3,12.5
2026-03-04,RENT3,50.36
2026-03-04,SANB11,33.42
2026-03-04,SBSP3,151.39
2026-03-04,SLCE3,16.31
2026-03-04,SMFT3,19.44
2026-03-04,SMTO3,17.79
2026-03-04,SUZB3,56.5
2026-03-04,TAEE11,43.19
2026-03-04,TEND3,28.6
2026-03-04,TIMS3,27.43
2026-03-04,TOTS3,37.1
2026-03-04,UGPA3,25.86
2026-03-04,USIM5,6.81
2026-03-04,VALE3,84.09
2026-03-04,VAMO3,4.36
2026-03-04,VBBR3,30.3
2026-03-04,VIVA3,31.35
2026-03-04,VIVT3,42.61
2026-03-04,WEGE3,47.34
2026-03-04,YDUQ3,12.3
2026-03-05,ABEV3,15.29
2026-03-05,ALOS3,31.15
2026-03-05,AMOB3,12.75
2026-03-05,ASAI3,8.17
2026-03-05,AURE3,11.55
2026-03-05,AXIA3,59.27
2026-03-05,AZZA3,25.04
2026-03-05,B3SA3,17.56
2026-03-05,BBAS3,25.0
2026-03-05,BBDC3,17.14
2026-03-05,BBDC4,19.83
2026-03-05,BBSE3,33.72
2026-03-05,BEEF3,4.52
2026-03-05,BPAC11,57.15
2026-03-05,BRAP4,23.03
2026-03-05,BRAV3,18.86
2026-03-05,BRKM5,12.7
2026-03-05,CEAB3,11.91
2026-03-05,CMIG4,11.56
2026-03-05,CMIN3,5.16
2026-03-05,COGN3,3.19
2026-03-05,CPFE3,46.95
2026-03-05,CPLE3,14.59
2026-03-05,CSAN3,5.71
2026-03-05,CSMG3,52.94
2026-03-05,CSNA3,7.51
2026-03-05,CURY3,35.59
2026-03-05,CVCB3,2.07
2026-03-05,CXSE3,17.51
2026-03-05,CYRE3,28.34
2026-03-05,DIRR3,14.78
2026-03-05,EGIE3,31.81
2026-03-05,EMBJ3,87.16
2026-03-05,ENEV3,20.31
2026-03-05,ENGI11,52.85
2026-03-05,EQTL3,40.5
2026-03-05,FLRY3,16.03
2026-03-05,GGBR4,19.32
2026-03-05,GOAU4,8.65
2026-03-05,HAPV3,9.6
2026-03-05,HYPE3,21.69
2026-03-05,IGTI11,27.83
2026-03-05,IRBR3,56.42
2026-03-05,ISAE4,27.83
2026-03-05,ITSA4,13.41
2026-03-05,ITUB4,43.51
2026-03-05,KLBN11,19.69
2026-03-05,LREN3,14.72
2026-03-05,LWSA3,3.66
2026-03-05,MBRF3,18.38
2026-03-05,MGLU3,9.16
2026-03-05,MOTV3,15.83
2026-03-05,MRVE3,9.34
2026-03-05,MULT3,32.4
2026-03-05,NATU3,8.69
2026-03-05,PCAR3,2.98
2026-03-05,PETR3,43.97
2026-03-05,PETR4,40.69
2026-03-05,POMO4,6.57
2026-03-05,PRIO3,56.96
2026-03-05,PSSA3,49.59
2026-03-05,RADL3,23.99
2026-03-05,RAIL3,15.62
2026-03-05,RAIZ4,0.59
2026-03-05,RDOR3,38.13
2026-03-05,RECV3,12.85
2026-03-05,RENT3,46.9
2026-03-05,SANB11,32.33
2026-03-05,SBSP3,146.16
2026-03-05,SLCE3,16.21
2026-03-05,SMFT3,18.89
2026-03-05,SMTO3,18.26
2026-03-05,SUZB3,55.8
2026-03-05,TAEE11,42.42
2026-03-05,TEND3,27.34
2026-03-05,TIMS3,26.77
2026-03-05,TOTS3,36.78
2026-03-05,UGPA3,25.99
2026-03-05,USIM5,6.66
2026-03-05,VALE3,81.29
2026-03-05,VAMO3,4.28
2026-03-05,VBBR3,29.87
2026-03-05,VIVA3,30.3
2026-03-05,VIVT3,41.75
2026-03-05,WEGE3,46.71
2026-03-05,YDUQ3,12.09
2026-03-06,ABEV3,15.23
2026-03-06,ALOS3,30.68
2026-03-06,AMOB3,12.84
2026-03-06,ASAI3,8.19
2026-03-06,AURE3,11.5
2026-03-06,AXIA3,58.99
2026-03-06,AZZA3,24.54
2026-03-06,B3SA3,17.24
2026-03-06,BBAS3,24.75
2026-03-06,BBDC3,16.83
2026-03-06,BBDC4,19.55
2026-03-06,BBSE3,34.2
2026-03-06,BEEF3,4.5
2026-03-06,BPAC11,56.0
2026-03-06,BRAP4,22.42
2026-03-06,BRAV3,19.73
2026-03-06,BRKM5,12.5
2026-03-06,CEAB3,11.8
2026-03-06,CMIG4,11.56
2026-03-06,CMIN3,5.14
2026-03-06,COGN3,3.14
2026-03-06,CPFE3,47.4
2026-03-06,CPLE3,14.45
2026-03-06,CSAN3,5.59
2026-03-06,CSMG3,52.17
2026-03-06,CSNA3,7.19
2026-03-06,CURY3,35.68
2026-03-06,CVCB3,2.04
2026-03-06,CXSE3,17.61
2026-03-06,CYRE3,28.01
2026-03-06,DIRR3,15.02
2026-03-06,EGIE3,32.13
2026-03-06,EMBJ3,80.14
2026-03-06,ENEV3,20.09
2026-03-06,ENGI11,52.9
2026-03-06,EQTL3,40.47
2026-03-06,FLRY3,16.02
2026-03-06,GGBR4,18.9
2026-03-06,GOAU4,8.54
2026-03-06,HAPV3,9.58
2026-03-06,HYPE3,22.0
2026-03-06,IGTI11,27.41
2026-03-06,IRBR3,55.87
2026-03-06,ISAE4,27.89
2026-03-06,ITSA4,13.32
2026-03-06,ITUB4,42.93
2026-03-06,KLBN11,19.53
2026-03-06,LREN3,14.77
2026-03-06,LWSA3,3.67
2026-03-06,MBRF3,18.07
2026-03-06,MGLU3,9.33
2026-03-06,MOTV3,15.59
2026-03-06,MRVE3,9.3
2026-03-06,MULT3,31.93
2026-03-06,NATU3,8.73
2026-03-06,PCAR3,2.88
2026-03-06,PETR3,45.78
2026-03-06,PETR4,42.11
2026-03-06,POMO4,6.34
2026-03-06,PRIO3,59.39
2026-03-06,PSSA3,49.23
2026-03-06,RADL3,23.73
2026-03-06,RAIL3,15.48
2026-03-06,RAIZ4,0.55
2026-03-06,RDOR3,38.41
2026-03-06,RECV3,12.87
2026-03-06,RENT3,45.83
2026-03-06,SANB11,31.52
2026-03-06,SBSP3,144.76
2026-03-06,SLCE3,16.39
2026-03-06,SMFT3,18.8
2026-03-06,SMTO3,18.88
2026-03-06,SUZB3,54.92
2026-03-06,TAEE11,42.67
2026-03-06,TEND3,30.06
2026-03-06,TIMS3,26.66
2026-03-06,TOTS3,36.07
2026-03-06,UGPA3,26.43
2026-03-06,USIM5,6.51
2026-03-06,VALE3,78.86
2026-03-06,VAMO3,3.97
2026-03-06,VBBR3,30.56
2026-03-06,VIVA3,29.99
2026-03-06,VIVT3,41.47
2026-03-06,WEGE3,46.62
2026-03-06,YDUQ3,11.87
2026-03-09,ABEV3,15.41
2026-03-09,ALOS3,30.86
2026-03-09,AMOB3,12.55
2026-03-09,ASAI3,8.25
2026-03-09,AURE3,11.69
2026-03-09,AXIA3,59.59
2026-03-09,AZZA3,25.86
2026-03-09,B3SA3,17.32
2026-03-09,BBAS3,24.7
2026-03-09,BBDC3,16.84
2026-03-09,BBDC4,19.55
2026-03-09,BBSE3,34.1
2026-03-09,BEEF3,4.41
2026-03-09,BPAC11,56.7
2026-03-09,BRAP4,22.7
2026-03-09,BRAV3,19.52
2026-03-09,BRKM5,12.31
2026-03-09,CEAB3,11.35
2026-03-09,CMIG4,11.68
2026-03-09,CMIN3,5.2
2026-03-09,COGN3,3.17
2026-03-09,CPFE3,49.17
2026-03-09,CPLE3,14.53
2026-03-09,CSAN3,5.74
2026-03-09,CSMG3,53.14
2026-03-09,CSNA3,7.19
2026-03-09,CURY3,35.59
2026-03-09,CVCB3,2.0
2026-03-09,CXSE3,17.66
2026-03-09,CYRE3,27.8
2026-03-09,DIRR3,15.1
2026-03-09,EGIE3,32.38
2026-03-09,EMBJ3,82.35
2026-03-09,ENEV3,21.09
2026-03-09,ENGI11,53.59
2026-03-09,EQTL3,40.9
2026-03-09,FLRY3,15.92
2026-03-09,GGBR4,18.75
2026-03-09,GOAU4,8.47
2026-03-09,HAPV3,9.42
2026-03-09,HYPE3,21.85
2026-03-09,IGTI11,27.5
2026-03-09,IRBR3,55.77
2026-03-09,ISAE4,28.23
2026-03-09,ITSA4,13.44
2026-03-09,ITUB4,43.16
2026-03-09,KLBN11,19.68
2026-03-09,LREN3,14.57
2026-03-09,LWSA3,3.84
2026-03-09,MBRF3,17.66
2026-03-09,MGLU3,9.52
2026-03-09,MOTV3,15.71
2026-03-09,MRVE3,8.57
2026-03-09,MULT3,32.43
2026-03-09,NATU3,8.74
2026-03-09,PCAR3,2.73
2026-03-09,PETR3,46.75
2026-03-09,PETR4,43.16
2026-03-09,POMO4,6.34
2026-03-09,PRIO3,59.7
2026-03-09,PSSA3,49.96
2026-03-09,RADL3,23.66
2026-03-09,RAIL3,15.94
2026-03-09,RAIZ4,0.55
2026-03-09,RDOR3,38.56
2026-03-09,RECV3,12.86
2026-03-09,RENT3,45.75
2026-03-09,SANB11,31.61
2026-03-09,SBSP3,146.0
2026-03-09,SLCE3,16.75
2026-03-09,SMFT3,18.7
2026-03-09,SMTO3,18.45
2026-03-09,SUZB3,54.8
2026-03-09,TAEE11,42.81
2026-03-09,TEND3,30.06
2026-03-09,TIMS3,26.77
2026-03-09,TOTS3,36.64
2026-03-09,UGPA3,26.71
2026-03-09,USIM5,6.6
2026-03-09,VALE3,79.26
2026-03-09,VAMO3,3.86
2026-03-09,VBBR3,31.08
2026-03-09,VIVA3,29.0
2026-03-09,VIVT3,41.49
2026-03-09,WEGE3,46.58
2026-03-09,YDUQ3,11.93
2026-03-10,ABEV3,15.45
2026-03-10,ALOS3,30.89
2026-03-10,AMOB3,12.51
2026-03-10,ASAI3,8.37
2026-03-10,AURE3,12.16
2026-03-10,AXIA3,60.7
2026-03-10,AZZA3,27.52
2026-03-10,B3SA3,18.11
2026-03-10,BBAS3,25.14
2026-03-10,BBDC3,17.18
2026-03-10,BBDC4,20.03
2026-03-10,BBSE3,34.51
2026-03-10,BEEF3,4.46
2026-03-10,BPAC11,57.92
2026-03-10,BRAP4,22.79
2026-03-10,BRAV3,19.51
2026-03-10,BRKM5,11.76
2026-03-10,CEAB3,12.02
2026-03-10,CMIG4,11.9
2026-03-10,CMIN3,5.21
2026-03-10,COGN3,3.21
2026-03-10,CPFE3,49.2
2026-03-10,CPLE3,14.86
2026-03-10,CSAN3,6.11
2026-03-10,CSMG3,53.67
2026-03-10,CSNA3,7.27
2026-03-10,CURY3,35.82
2026-03-10,CVCB3,2.07
2026-03-10,CXSE3,17.89
2026-03-10,CYRE3,28.52
2026-03-10,DIRR3,14.52
2026-03-10,EGIE3,32.6
2026-03-10,EMBJ3,84.61
2026-03-10,ENEV3,21.38
2026-03-10,ENGI11,54.4
2026-03-10,EQTL3,41.66
2026-03-10,FLRY3,16.27
2026-03-10,GGBR4,18.85
2026-03-10,GOAU4,8.57
2026-03-10,HAPV3,9.52
2026-03-10,HYPE3,22.02
2026-03-10,IGTI11,27.81
2026-03-10,IRBR3,57.11
2026-03-10,ISAE4,28.43
2026-03-10,ITSA4,13.61
2026-03-10,ITUB4,43.8
2026-03-10,KLBN11,19.72
2026-03-10,LREN3,15.22
2026-03-10,LWSA3,3.98
2026-03-10,MBRF3,17.2
2026-03-10,MGLU3,10.14
2026-03-10,MOTV3,16.02
2026-03-10,MRVE3,8.71
2026-03-10,MULT3,32.35
2026-03-10,NATU3,8.87
2026-03-10,PCAR3,2.65
2026-03-10,PETR3,46.66
2026-03-10,PETR4,42.93
2026-03-10,POMO4,6.31
2026-03-10,PRIO3,58.9
2026-03-10,PSSA3,50.0
2026-03-10,RADL3,23.74
2026-03-10,RAIL3,17.05
2026-03-10,RAIZ4,0.52
2026-03-10,RDOR3,38.76
2026-03-10,RECV3,12.89
2026-03-10,RENT3,47.24
2026-03-10,SANB11,32.25
2026-03-10,SBSP3,148.11
2026-03-10,SLCE3,16.96
2026-03-10,SMFT3,18.74
2026-03-10,SMTO3,18.98
2026-03-10,SUZB3,55.6
2026-03-10,TAEE11,42.76
2026-03-10,TEND3,29.59
2026-03-10,TIMS3,27.28
2026-03-10,TOTS3,37.13
2026-03-10,UGPA3,26.95
2026-03-10,USIM5,6.73
2026-03-10,VALE3,80.56
2026-03-10,VAMO3,3.98
2026-03-10,VBBR3,31.65
2026-03-10,VIVA3,28.76
2026-03-10,VIVT3,42.09
2026-03-10,WEGE3,47.19
2026-03-10,YDUQ3,12.24
2026-03-11,ABEV3,15.43
2026-03-11,ALOS3,30.23
2026-03-11,AMOB3,12.32
2026-03-11,ASAI3,8.28
2026-03-11,AURE3,11.91
2026-03-11,AXIA3,60.48
2026-03-11,AZZA3,27.93
2026-03-11,B3SA3,17.99
2026-03-11,BBAS3,25.34
2026-03-11,BBDC3,17.13
2026-03-11,BBDC4,19.94
2026-03-11,BBSE3,34.66
2026-03-11,BEEF3,4.48
2026-03-11,BPAC11,58.22
2026-03-11,BRAP4,22.65
2026-03-11,BRAV3,19.64
2026-03-11,BRKM5,12.04
2026-03-11,CEAB3,12.11
2026-03-11,CMIG4,11.85
2026-03-11,CMIN3,5.19
2026-03-11,COGN3,3.18
2026-03-11,CPFE3,48.75
2026-03-11,CPLE3,14.69
2026-03-11,CSAN3,5.97
2026-03-11,CSMG3,53.41
2026-03-11,CSNA3,7.13
2026-03-11,CURY3,37.3
2026-03-11,CVCB3,2.08
2026-03-11,CXSE3,18.05
2026-03-11,CYRE3,28.53
2026-03-11,DIRR3,14.75
2026-03-11,EGIE3,32.37
2026-03-11,EMBJ3,83.98
2026-03-11,ENEV3,21.29
2026-03-11,ENGI11,54.3
2026-03-11,EQTL3,41.4
2026-03-11,FLRY3,16.25
2026-03-11,GGBR4,18.67
2026-03-11,GOAU4,8.41
2026-03-11,HAPV3,9.58
2026-03-11,HYPE3,21.84
2026-03-11,IGTI11,27.5
2026-03-11,IRBR3,56.1
2026-03-11,ISAE4,28.32
2026-03-11,ITSA4,13.62
2026-03-11,ITUB4,43.89
2026-03-11,KLBN11,19.75
2026-03-11,LREN3,15.68
2026-03-11,LWSA3,4.06
2026-03-11,MBRF3,16.47
2026-03-11,MGLU3,10.04
2026-03-11,MOTV3,15.95
2026-03-11,MRVE3,8.62
2026-03-11,MULT3,31.97
2026-03-11,NATU3,8.87
2026-03-11,PCAR3,2.7
2026-03-11,PETR3,48.94
2026-03-11,PETR4,44.8
2026-03-11,POMO4,6.23
2026-03-11,PRIO3,59.35
2026-03-11,PSSA3,49.58
2026-03-11,RADL3,23.95
2026-03-11,RAIL3,17.1
2026-03-11,RAIZ4,0.49
2026-03-11,RDOR3,38.43
2026-03-11,RECV3,12.89
2026-03-11,RENT3,46.85
2026-03-11,SANB11,32.0
2026-03-11,SBSP3,147.81
2026-03-11,SLCE3,16.83
2026-03-11,SMFT3,19.16
2026-03-11,SMTO3,18.77
2026-03-11,SUZB3,54.9
2026-03-11,TAEE11,42.82
2026-03-11,TEND3,30.16
2026-03-11,TIMS3,26.9
2026-03-11,TOTS3,37.57
2026-03-11,UGPA3,27.09
2026-03-11,USIM5,6.7
2026-03-11,VALE3,79.85
2026-03-11,VAMO3,3.9
2026-03-11,VBBR3,31.54
2026-03-11,VIVA3,28.42
2026-03-11,VIVT3,41.3
2026-03-11,WEGE3,46.88
2026-03-11,YDUQ3,12.07
2026-03-12,ABEV3,14.95
2026-03-12,ALOS3,29.47
2026-03-12,AMOB3,12.19
2026-03-12,ASAI3,7.81
2026-03-12,AURE3,11.68
2026-03-12,AXIA3,58.18
2026-03-12,AZZA3,27.49
2026-03-12,B3SA3,17.14
2026-03-12,BBAS3,24.23
2026-03-12,BBDC3,16.68
2026-03-12,BBDC4,19.39
2026-03-12,BBSE3,34.37
2026-03-12,BEEF3,4.34
2026-03-12,BPAC11,56.1
2026-03-12,BRAP4,22.55
2026-03-12,BRAV3,18.32
2026-03-12,BRKM5,12.2
2026-03-12,CEAB3,11.33
2026-03-12,CMIG4,11.68
2026-03-12,CMIN3,4.99
2026-03-12,COGN3,2.96
2026-03-12,CPFE3,48.24
2026-03-12,CPLE3,14.17
2026-03-12,CSAN3,5.64
2026-03-12,CSMG3,52.01
2026-03-12,CSNA3,6.1
2026-03-12,CURY3,36.2
2026-03-12,CVCB3,1.92
2026-03-12,CXSE3,18.11
2026-03-12,CYRE3,27.52
2026-03-12,DIRR3,13.97
2026-03-12,EGIE3,31.6
2026-03-12,EMBJ3,74.73
2026-03-12,ENEV3,20.35
2026-03-12,ENGI11,53.25
2026-03-12,EQTL3,40.15
2026-03-12,FLRY3,15.66
2026-03-12,GGBR4,18.03
2026-03-12,GOAU4,8.16
2026-03-12,HAPV3,9.24
2026-03-12,HYPE3,21.34
2026-03-12,IGTI11,26.96
2026-03-12,IRBR3,54.93
2026-03-12,ISAE4,27.76
2026-03-12,ITSA4,13.33
2026-03-12,ITUB4,42.69
2026-03-12,KLBN11,19.29
2026-03-12,LREN3,15.02
2026-03-12,LWSA3,3.86
2026-03-12,MBRF3,16.99
2026-03-12,MGLU3,9.4
2026-03-12,MOTV3,15.08
2026-03-12,MRVE3,8.12
2026-03-12,MULT3,30.97
2026-03-12,NATU3,8.59
2026-03-12,PCAR3,2.48
2026-03-12,PETR3,49.65
2026-03-12,PETR4,45.0
2026-03-12,POMO4,6.07
2026-03-12,PRIO3,59.5
2026-03-12,PSSA3,48.94
2026-03-12,RADL3,23.65
2026-03-12,RAIL3,16.48
2026-03-12,RAIZ4,0.46
2026-03-12,RDOR3,37.26
2026-03-12,RECV3,12.86
2026-03-12,RENT3,45.17
2026-03-12,SANB11,30.58
2026-03-12,SBSP3,144.24
2026-03-12,SLCE3,17.56
2026-03-12,SMFT3,18.29
2026-03-12,SMTO3,17.5
2026-03-12,SUZB3,53.47
2026-03-12,TAEE11,42.11
2026-03-12,TEND3,29.09
2026-03-12,TIMS3,26.21
2026-03-12,TOTS3,36.11
2026-03-12,UGPA3,26.05
2026-03-12,USIM5,6.44
2026-03-12,VALE3,79.24
2026-03-12,VAMO3,3.72
2026-03-12,VBBR3,29.18
2026-03-12,VIVA3,26.37
2026-03-12,VIVT3,40.48
2026-03-12,WEGE3,45.82
2026-03-12,YDUQ3,10.28
2026-03-13,ABEV3,15.0
2026-03-13,ALOS3,28.92
2026-03-13,AMOB3,11.74
2026-03-13,ASAI3,7.72
2026-03-13,AURE3,11.66
2026-03-13,AXIA3,58.0
2026-03-13,AZZA3,27.52
2026-03-13,B3SA3,16.88
2026-03-13,BBAS3,23.81
2026-03-13,BBDC3,16.42
2026-03-13,BBDC4,18.99
2026-03-13,BBSE3,35.05
2026-03-13,BEEF3,4.32
2026-03-13,BPAC11,55.11
2026-03-13,BRAP4,22.1
2026-03-13,BRAV3,17.91
2026-03-13,BRKM5,11.35
2026-03-13,CEAB3,11.12
2026-03-13,CMIG4,11.72
2026-03-13,CMIN3,4.84
2026-03-13,COGN3,2.95
2026-03-13,CPFE3,48.15
2026-03-13,CPLE3,14.09
2026-03-13,CSAN3,5.42
2026-03-13,CSMG3,52.07
2026-03-13,CSNA3,5.72
2026-03-13,CURY3,35.94
2026-03-13,CVCB3,1.89
2026-03-13,CXSE3,18.14
2026-03-13,CYRE3,26.58
2026-03-13,DIRR3,13.51
2026-03-13,EGIE3,31.55
2026-03-13,EMBJ3,73.86
2026-03-13,ENEV3,20.04
2026-03-13,ENGI11,52.26
2026-03-13,EQTL3,40.0
2026-03-13,FLRY3,15.39
2026-03-13,GGBR4,17.73
2026-03-13,GOAU4,8.01
2026-03-13,HAPV3,8.67
2026-03-13,HYPE3,21.42
2026-03-13,IGTI11,26.36
2026-03-13,IRBR3,55.34
2026-03-13,ISAE4,27.68
2026-03-13,ITSA4,13.16
2026-03-13,ITUB4,42.4
2026-03-13,KLBN11,19.11
2026-03-13,LREN3,15.06
2026-03-13,LWSA3,3.71
2026-03-13,MBRF3,16.9
2026-03-13,MGLU3,9.34
2026-03-13,MOTV3,14.87
2026-03-13,MRVE3,7.68
2026-03-13,MULT3,29.92
2026-03-13,NATU3,8.66
2026-03-13,PCAR3,2.33
2026-03-13,PETR3,49.38
2026-03-13,PETR4,44.67
2026-03-13,POMO4,5.89
2026-03-13,PRIO3,57.8
2026-03-13,PSSA3,49.31
2026-03-13,RADL3,23.58
2026-03-13,RAIL3,16.26
2026-03-13,RAIZ4,0.45
2026-03-13,RDOR3,36.6
2026-03-13,RECV3,12.84
2026-03-13,RENT3,43.62
2026-03-13,SANB11,30.22
2026-03-13,SBSP3,145.14
2026-03-13,SLCE3,18.0
2026-03-13,SMFT3,18.18
2026-03-13,SMTO3,17.13
2026-03-13,SUZB3,53.4
2026-03-13,TAEE11,42.2
2026-03-13,TEND3,29.03
2026-03-13,TIMS3,26.6
2026-03-13,TOTS3,34.59
2026-03-13,UGPA3,26.12
2026-03-13,USIM5,6.38
2026-03-13,VALE3,78.3
2026-03-13,VAMO3,3.53
2026-03-13,VBBR3,29.39
2026-03-13,VIVA3,25.0
2026-03-13,VIVT3,40.64
2026-03-13,WEGE3,46.21
2026-03-13,YDUQ3,10.17
2026-03-16,ABEV3,15.1
2026-03-16,ALOS3,29.5
2026-03-16,AMOB3,11.66
2026-03-16,ASAI3,7.81
2026-03-16,AURE3,11.88
2026-03-16,AXIA3,58.91
2026-03-16,AZZA3,28.04
2026-03-16,B3SA3,17.35
2026-03-16,BBAS3,23.9
2026-03-16,BBDC3,16.42
2026-03-16,BBDC4,19.0
2026-03-16,BBSE3,34.88
2026-03-16,BEEF3,4.39
2026-03-16,BPAC11,55.9
2026-03-16,BRAP4,22.45
2026-03-16,BRAV3,18.64
2026-03-16,BRKM5,11.68
2026-03-16,CEAB3,11.51
2026-03-16,CMIG4,11.95
2026-03-16,CMIN3,4.9
2026-03-16,COGN3,2.98
2026-03-16,CPFE3,48.77
2026-03-16,CPLE3,14.4
2026-03-16,CSAN3,5.45
2026-03-16,CSMG3,53.32
2026-03-16,CSNA3,6.03
2026-03-16,CURY3,36.49
2026-03-16,CVCB3,1.95
2026-03-16,CXSE3,18.35
2026-03-16,CYRE3,26.99
2026-03-16,DIRR3,13.99
2026-03-16,EGIE3,31.98
2026-03-16,EMBJ3,76.96
2026-03-16,ENEV3,20.5
2026-03-16,ENGI11,52.85
2026-03-16,EQTL3,40.54
2026-03-16,FLRY3,15.55
2026-03-16,GGBR4,17.8
2026-03-16,GOAU4,8.05
2026-03-16,HAPV3,8.88
2026-03-16,HYPE3,21.86
2026-03-16,IGTI11,27.06
2026-03-16,IRBR3,55.68
2026-03-16,ISAE4,28.21
2026-03-16,ITSA4,13.38
2026-03-16,ITUB4,43.0
2026-03-16,KLBN11,19.19
2026-03-16,LREN3,15.2
2026-03-16,LWSA3,3.75
2026-03-16,MBRF3,16.83
2026-03-16,MGLU3,9.84
2026-03-16,MOTV3,15.25
2026-03-16,MRVE3,7.65
2026-03-16,MULT3,30.65
2026-03-16,NATU3,8.63
2026-03-16,PCAR3,2.36
2026-03-16,PETR3,50.12
2026-03-16,PETR4,45.58
2026-03-16,POMO4,5.93
2026-03-16,PRIO3,59.8
2026-03-16,PSSA3,47.34
2026-03-16,RADL3,23.36
2026-03-16,RAIL3,16.4
2026-03-16,RAIZ4,0.5
2026-03-16,RDOR3,37.04
2026-03-16,RECV3,13.13
2026-03-16,RENT3,44.79
2026-03-16,SANB11,30.46
2026-03-16,SBSP3,145.62
2026-03-16,SLCE3,18.09
2026-03-16,SMFT3,18.53
2026-03-16,SMTO3,17.64
2026-03-16,SUZB3,53.15
2026-03-16,TAEE11,42.63
2026-03-16,TEND3,29.3
2026-03-16,TIMS3,26.48
2026-03-16,TOTS3,35.12
2026-03-16,UGPA3,25.94
2026-03-16,USIM5,6.49
2026-03-16,VALE3,78.84
2026-03-16,VAMO3,3.61
2026-03-16,VBBR3,29.83
2026-03-16,VIVA3,25.3
2026-03-16,VIVT3,40.59
2026-03-16,WEGE3,45.97
2026-03-16,YDUQ3,10.4
2026-03-17,ABEV3,15.02
2026-03-17,ALOS3,29.55
2026-03-17,AMOB3,10.91
2026-03-17,ASAI3,7.95
2026-03-17,AURE3,11.78
2026-03-17,AXIA3,57.76
2026-03-17,AZZA3,28.0
2026-03-17,B3SA3,17.6
2026-03-17,BBAS3,23.67
2026-03-17,BBDC3,16.32
2026-03-17,BBDC4,18.85
2026-03-17,BBSE3,34.92
2026-03-17,BEEF3,4.36
2026-03-17,BPAC11,56.1
2026-03-17,BRAP4,22.46
2026-03-17,BRAV3,18.02
2026-03-17,BRKM5,12.19
2026-03-17,CEAB3,11.61
2026-03-17,CMIG4,11.92
2026-03-17,CMIN3,4.92
2026-03-17,COGN3,2.92
2026-03-17,CPFE3,48.71
2026-03-17,CPLE3,14.4
2026-03-17,CSAN3,5.22
2026-03-17,CSMG3,54.57
2026-03-17,CSNA3,6.34
2026-03-17,CURY3,36.3
2026-03-17,CVCB3,1.94
2026-03-17,CXSE3,18.34
2026-03-17,CYRE3,27.4
2026-03-17,DIRR3,13.93
2026-03-17,EGIE3,31.88
2026-03-17,EMBJ3,76.5
2026-03-17,ENEV3,21.16
2026-03-17,ENGI11,51.61
2026-03-17,EQTL3,40.56
2026-03-17,FLRY3,15.49
2026-03-17,GGBR4,17.66
2026-03-17,GOAU4,7.99
2026-03-17,HAPV3,8.62
2026-03-17,HYPE3,22.0
2026-03-17,IGTI11,26.93
2026-03-17,IRBR3,55.74
2026-03-17,ISAE4,28.22
2026-03-17,ITSA4,13.39
2026-03-17,ITUB4,42.71
2026-03-17,KLBN11,19.28
2026-03-17,LREN3,15.12
2026-03-17,LWSA3,3.71
2026-03-17,MBRF3,16.62
2026-03-17,MGLU3,9.04
2026-03-17,MOTV3,15.19
2026-03-17,MRVE3,7.67
2026-03-17,MULT3,30.85
2026-03-17,NATU3,9.36
2026-03-17,PCAR3,2.27
2026-03-17,PETR3,50.73
2026-03-17,PETR4,46.38
2026-03-17,POMO4,5.96
2026-03-17,PRIO3,62.69
2026-03-17,PSSA3,48.0
2026-03-17,RADL3,23.42
2026-03-17,RAIL3,16.31
2026-03-17,RAIZ4,0.61
2026-03-17,RDOR3,37.17
2026-03-17,RECV3,13.65
2026-03-17,RENT3,44.62
2026-03-17,SANB11,30.1
2026-03-17,SBSP3,149.5
2026-03-17,SLCE3,18.32
2026-03-17,SMFT3,18.74
2026-03-17,SMTO3,18.06
2026-03-17,SUZB3,53.11
2026-03-17,TAEE11,42.32
2026-03-17,TEND3,30.05
2026-03-17,TIMS3,26.68
2026-03-17,TOTS3,34.68
2026-03-17,UGPA3,26.43
2026-03-17,USIM5,6.62
2026-03-17,VALE3,78.96
2026-03-17,VAMO3,3.54
2026-03-17,VBBR3,30.55
2026-03-17,VIVA3,25.08
2026-03-17,VIVT3,40.99
2026-03-17,WEGE3,46.2
2026-03-17,YDUQ3,10.38
2026-03-18,ABEV3,14.74
2026-03-18,ALOS3,29.73
2026-03-18,AMOB3,11.25
2026-03-18,ASAI3,7.75
2026-03-18,AURE3,11.58
2026-03-18,AXIA3,57.6
2026-03-18,AZZA3,27.11
2026-03-18,B3SA3,17.12
2026-03-18,BBAS3,23.41
2026-03-18,BBDC3,16.08
2026-03-18,BBDC4,18.63
2026-03-18,BBSE3,34.52
2026-03-18,BEEF3,4.3
2026-03-18,BPAC11,55.42
2026-03-18,BRAP4,22.0
2026-03-18,BRAV3,18.26
2026-03-18,BRKM5,11.89
2026-03-18,CEAB3,11.29
2026-03-18,CMIG4,11.81
2026-03-18,CMIN3,4.81
2026-03-18,COGN3,2.85
2026-03-18,CPFE3,47.98
2026-03-18,CPLE3,15.2
2026-03-18,CSAN3,5.19
2026-03-18,CSMG3,54.2
2026-03-18,CSNA3,6.06
2026-03-18,CURY3,35.24
2026-03-18,CVCB3,1.93
2026-03-18,CXSE3,18.05
2026-03-18,CYRE3,27.3
2026-03-18,DIRR3,13.9
2026-03-18,EGIE3,31.6
2026-03-18,EMBJ3,76.27
2026-03-18,ENEV3,24.35
2026-03-18,ENGI11,50.51
2026-03-18,EQTL3,40.13
2026-03-18,FLRY3,15.34
2026-03-18,GGBR4,17.39
2026-03-18,GOAU4,7.89
2026-03-18,HAPV3,8.21
2026-03-18,HYPE3,22.1
2026-03-18,IGTI11,26.94
2026-03-18,IRBR3,55.31
2026-03-18,ISAE4,28.04
2026-03-18,ITSA4,13.37
2026-03-18,ITUB4,42.28
2026-03-18,KLBN11,19.0
2026-03-18,LREN3,15.09
2026-03-18,LWSA3,3.68
2026-03-18,MBRF3,17.03
2026-03-18,MGLU3,8.85
2026-03-18,MOTV3,15.15
2026-03-18,MRVE3,7.59
2026-03-18,MULT3,30.62
2026-03-18,NATU3,9.35
2026-03-18,PCAR3,2.06
2026-03-18,PETR3,51.63
2026-03-18,PETR4,47.0
2026-03-18,POMO4,5.86
2026-03-18,PRIO3,66.03
2026-03-18,PSSA3,47.65
2026-03-18,RADL3,23.18
2026-03-18,RAIL3,16.08
2026-03-18,RAIZ4,0.55
2026-03-18,RDOR3,37.02
2026-03-18,RECV3,13.74
2026-03-18,RENT3,44.11
2026-03-18,SANB11,29.65
2026-03-18,SBSP3,147.25
2026-03-18,SLCE3,18.01
2026-03-18,SMFT3,18.49
2026-03-18,SMTO3,18.18
2026-03-18,SUZB3,52.56
2026-03-18,TAEE11,41.85
2026-03-18,TEND3,30.45
2026-03-18,TIMS3,26.34
2026-03-18,TOTS3,33.78
2026-03-18,UGPA3,26.22
2026-03-18,USIM5,6.47
2026-03-18,VALE3,77.13
2026-03-18,VAMO3,3.48
2026-03-18,VBBR3,29.8
2026-03-18,VIVA3,24.69
2026-03-18,VIVT3,40.63
2026-03-18,WEGE3,46.16
2026-03-18,YDUQ3,9.9
2026-03-19,ABEV3,14.77
2026-03-19,ALOS3,29.75
2026-03-19,AMOB3,11.25
2026-03-19,ASAI3,7.73
2026-03-19,AURE3,11.84
2026-03-19,AXIA3,57.82
2026-03-19,AZZA3,27.5
2026-03-19,B3SA3,16.92
2026-03-19,BBAS3,23.51
2026-03-19,BBDC3,16.11
2026-03-19,BBDC4,18.64
2026-03-19,BBSE3,34.66
2026-03-19,BEEF3,3.84
2026-03-19,BPAC11,55.11
2026-03-19,BRAP4,21.79
2026-03-19,BRAV3,17.47
2026-03-19,BRKM5,11.89
2026-03-19,CEAB3,11.33
2026-03-19,CMIG4,12.19
2026-03-19,CMIN3,4.84
2026-03-19,COGN3,2.83
2026-03-19,CPFE3,47.62
2026-03-19,CPLE3,15.47
2026-03-19,CSAN3,5.24
2026-03-19,CSMG3,55.34
2026-03-19,CSNA3,6.09
2026-03-19,CURY3,34.24
2026-03-19,CVCB3,1.92
2026-03-19,CXSE3,18.1
2026-03-19,CYRE3,27.11
2026-03-19,DIRR3,13.89
2026-03-19,EGIE3,32.09
2026-03-19,EMBJ3,75.83
2026-03-19,ENEV3,25.3
2026-03-19,ENGI11,51.03
2026-03-19,EQTL3,41.3
2026-03-19,FLRY3,15.34
2026-03-19,GGBR4,17.49
2026-03-19,GOAU4,7.9
2026-03-19,HAPV3,9.44
2026-03-19,HYPE3,22.31
2026-03-19,IGTI11,27.18
2026-03-19,IRBR3,55.12
2026-03-19,ISAE4,28.07
2026-03-19,ITSA4,13.42
2026-03-19,ITUB4,42.58
2026-03-19,KLBN11,18.8
2026-03-19,LREN3,15.15
2026-03-19,LWSA3,3.74
2026-03-19,MBRF3,17.06
2026-03-19,MGLU3,8.77
2026-03-19,MOTV3,15.12
2026-03-19,MRVE3,7.57
2026-03-19,MULT3,30.77
2026-03-19,NATU3,9.75
2026-03-19,PCAR3,2.02
2026-03-19,PETR3,51.57
2026-03-19,PETR4,46.78
2026-03-19,POMO4,5.9
2026-03-19,PRIO3,65.82
2026-03-19,PSSA3,48.5
2026-03-19,RADL3,23.11
2026-03-19,RAIL3,16.19
2026-03-19,RAIZ4,0.56
2026-03-19,RDOR3,37.17
2026-03-19,RECV3,13.43
2026-03-19,RENT3,44.42
2026-03-19,SANB11,29.99
2026-03-19,SBSP3,152.82
2026-03-19,SLCE3,18.21
2026-03-19,SMFT3,18.65
2026-03-19,SMTO3,19.0
2026-03-19,SUZB3,51.12
2026-03-19,TAEE11,42.13
2026-03-19,TEND3,30.23
2026-03-19,TIMS3,26.67
2026-03-19,TOTS3,34.15
2026-03-19,UGPA3,26.78
2026-03-19,USIM5,6.37
2026-03-19,VALE3,76.63
2026-03-19,VAMO3,3.38
2026-03-19,VBBR3,30.13
2026-03-19,VIVA3,25.04
2026-03-19,VIVT3,40.83
2026-03-19,WEGE3,46.59
2026-03-19,YDUQ3,10.13
2026-03-20,ABEV3,14.47
2026-03-20,ALOS3,28.8
2026-03-20,AMOB3,11.28
2026-03-20,ASAI3,7.36
2026-03-20,AURE3,11.3
2026-03-20,AXIA3,55.65
2026-03-20,AZZA3,26.62
2026-03-20,B3SA3,16.19
2026-03-20,BBAS3,23.27
2026-03-20,BBDC3,15.81
2026-03-20,BBDC4,18.33
2026-03-20,BBSE3,34.09
2026-03-20,BEEF3,3.64
2026-03-20,BPAC11,52.74
2026-03-20,BRAP4,21.36
2026-03-20,BRAV3,16.89
2026-03-20,BRKM5,10.2
2026-03-20,CEAB3,11.23
2026-03-20,CMIG4,12.24
2026-03-20,CMIN3,4.75
2026-03-20,COGN3,2.81
2026-03-20,CPFE3,45.66
2026-03-20,CPLE3,14.83
2026-03-20,CSAN3,5.1
2026-03-20,CSMG3,53.45
2026-03-20,CSNA3,5.99
2026-03-20,CURY3,33.06
2026-03-20,CVCB3,1.98
2026-03-20,CXSE3,17.35
2026-03-20,CYRE3,25.05
2026-03-20,DIRR3,13.41
2026-03-20,EGIE3,31.31
2026-03-20,EMBJ3,72.33
2026-03-20,ENEV3,24.99
2026-03-20,ENGI11,48.84
2026-03-20,EQTL3,39.98
2026-03-20,FLRY3,14.91
2026-03-20,GGBR4,17.45
2026-03-20,GOAU4,7.82
2026-03-20,HAPV3,8.96
2026-03-20,HYPE3,22.14
2026-03-20,IGTI11,25.82
2026-03-20,IRBR3,53.7
2026-03-20,ISAE4,27.24
2026-03-20,ITSA4,13.1
2026-03-20,ITUB4,41.55
2026-03-20,KLBN11,18.4
2026-03-20,LREN3,14.84
2026-03-20,LWSA3,3.63
2026-03-20,MBRF3,16.6
2026-03-20,MGLU3,8.34
2026-03-20,MOTV3,14.77
2026-03-20,MRVE3,7.16
2026-03-20,MULT3,29.92
2026-03-20,NATU3,9.21
2026-03-20,PCAR3,1.97
2026-03-20,PETR3,50.34
2026-03-20,PETR4,45.67
2026-03-20,POMO4,5.77
2026-03-20,PRIO3,67.89
2026-03-20,PSSA3,47.45
2026-03-20,RADL3,22.48
2026-03-20,RAIL3,16.12
2026-03-20,RAIZ4,0.55
2026-03-20,RDOR3,37.23
2026-03-20,RECV3,12.72
2026-03-20,RENT3,43.21
2026-03-20,SANB11,29.25
2026-03-20,SBSP3,148.5
2026-03-20,SLCE3,18.21
2026-03-20,SMFT3,18.14
2026-03-20,SMTO3,18.78
2026-03-20,SUZB3,50.18
2026-03-20,TAEE11,40.83
2026-03-20,TEND3,29.13
2026-03-20,TIMS3,26.13
2026-03-20,TOTS3,33.96
2026-03-20,UGPA3,26.16
2026-03-20,USIM5,6.31
2026-03-20,VALE3,75.55
2026-03-20,VAMO3,3.19
2026-03-20,VBBR3,29.09
2026-03-20,VIVA3,25.59
2026-03-20,VIVT3,40.27
2026-03-20,WEGE3,45.96
2026-03-20,YDUQ3,10.27
2026-03-23,ABEV3,14.66
2026-03-23,ALOS3,29.89
2026-03-23,AMOB3,12.03
2026-03-23,ASAI3,8.02
2026-03-23,AURE3,11.83
2026-03-23,AXIA3,58.27
2026-03-23,AZZA3,27.58
2026-03-23,B3SA3,17.26
2026-03-23,BBAS3,23.96
2026-03-23,BBDC3,16.44
2026-03-23,BBDC4,19.0
2026-03-23,BBSE3,34.65
2026-03-23,BEEF3,3.96
2026-03-23,BPAC11,55.23
2026-03-23,BRAP4,22.02
2026-03-23,BRAV3,17.5
2026-03-23,BRKM5,10.63
2026-03-23,CEAB3,11.9
2026-03-23,CMIG4,12.46
2026-03-23,CMIN3,4.89
2026-03-23,COGN3,2.97
2026-03-23,CPFE3,47.15
2026-03-23,CPLE3,15.36
2026-03-23,CSAN3,5.35
2026-03-23,CSMG3,55.06
2026-03-23,CSNA3,6.54
2026-03-23,CURY3,35.15
2026-03-23,CVCB3,2.12
2026-03-23,CXSE3,17.73
2026-03-23,CYRE3,27.22
2026-03-23,DIRR3,14.09
2026-03-23,EGIE3,32.05
2026-03-23,EMBJ3,77.36
2026-03-23,ENEV3,25.1
2026-03-23,ENGI11,50.51
2026-03-23,EQTL3,41.36
2026-03-23,FLRY3,15.56
2026-03-23,GGBR4,18.0
2026-03-23,GOAU4,8.15
2026-03-23,HAPV3,9.44
2026-03-23,HYPE3,22.94
2026-03-23,IGTI11,27.39
2026-03-23,IRBR3,55.88
2026-03-23,ISAE4,28.37
2026-03-23,ITSA4,13.57
2026-03-23,ITUB4,42.78
2026-03-23,KLBN11,18.9
2026-03-23,LREN3,15.66
2026-03-23,LWSA3,3.84
2026-03-23,MBRF3,18.98
2026-03-23,MGLU3,8.76
2026-03-23,MOTV3,15.53
2026-03-23,MRVE3,7.65
2026-03-23,MULT3,31.49
2026-03-23,NATU3,9.9
2026-03-23,PCAR3,2.16
2026-03-23,PETR3,50.68
2026-03-23,PETR4,46.03
2026-03-23,POMO4,6.13
2026-03-23,PRIO3,65.96
2026-03-23,PSSA3,49.17
2026-03-23,RADL3,23.28
2026-03-23,RAIL3,16.85
2026-03-23,RAIZ4,0.56
2026-03-23,RDOR3,38.9
2026-03-23,RECV3,13.08
2026-03-23,RENT3,47.04
2026-03-23,SANB11,30.16
2026-03-23,SBSP3,152.54
2026-03-23,SLCE3,18.25
2026-03-23,SMFT3,19.04
2026-03-23,SMTO3,19.15
2026-03-23,SUZB3,51.62
2026-03-23,TAEE11,42.46
2026-03-23,TEND3,31.58
2026-03-23,TIMS3,26.92
2026-03-23,TOTS3,35.05
2026-03-23,UGPA3,27.42
2026-03-23,USIM5,6.6
2026-03-23,VALE3,77.49
2026-03-23,VAMO3,3.5
2026-03-23,VBBR3,30.57
2026-03-23,VIVA3,26.64
2026-03-23,VIVT3,40.47
2026-03-23,WEGE3,47.25
2026-03-23,YDUQ3,11.0
2026-03-24,ABEV3,14.7
2026-03-24,ALOS3,29.85
2026-03-24,AMOB3,12.25
2026-03-24,ASAI3,7.93
2026-03-24,AURE3,11.66
2026-03-24,AXIA3,57.65
2026-03-24,AZZA3,26.8
2026-03-24,B3SA3,17.38
2026-03-24,BBAS3,23.65
2026-03-24,BBDC3,16.3
2026-03-24,BBDC4,18.94
2026-03-24,BBSE3,34.46
2026-03-24,BEEF3,4.15
2026-03-24,BPAC11,55.63
2026-03-24,BRAP4,22.24
2026-03-24,BRAV3,17.84
2026-03-24,BRKM5,10.97
2026-03-24,CEAB3,11.94
2026-03-24,CMIG4,12.34
2026-03-24,CMIN3,5.03
2026-03-24,COGN3,3.0
2026-03-24,CPFE3,46.88
2026-03-24,CPLE3,15.27
2026-03-24,CSAN3,5.32
2026-03-24,CSMG3,54.72
2026-03-24,CSNA3,6.57
2026-03-24,CURY3,35.55
2026-03-24,CVCB3,2.12
2026-03-24,CXSE3,17.62
2026-03-24,CYRE3,27.21
2026-03-24,DIRR3,13.99
2026-03-24,EGIE3,31.71
2026-03-24,EMBJ3,75.94
2026-03-24,ENEV3,24.98
2026-03-24,ENGI11,50.3
2026-03-24,EQTL3,41.17
2026-03-24,FLRY3,15.4
2026-03-24,GGBR4,18.24
2026-03-24,GOAU4,8.24
2026-03-24,HAPV3,9.6
2026-03-24,HYPE3,22.9
2026-03-24,IGTI11,27.02
2026-03-24,IRBR3,56.17
2026-03-24,ISAE4,28.31
2026-03-24,ITSA4,13.5
2026-03-24,ITUB4,42.54
2026-03-24,KLBN11,19.14
2026-03-24,LREN3,15.68
2026-03-24,LWSA3,3.76
2026-03-24,MBRF3,19.62
2026-03-24,MGLU3,8.69
2026-03-24,MOTV3,15.36
2026-03-24,MRVE3,7.74
2026-03-24,MULT3,31.24
2026-03-24,NATU3,9.72
2026-03-24,PCAR3,2.23
2026-03-24,PETR3,51.95
2026-03-24,PETR4,47.27
2026-03-24,POMO4,6.12
2026-03-24,PRIO3,67.63
2026-03-24,PSSA3,49.0
2026-03-24,RADL3,23.55
2026-03-24,RAIL3,16.52
2026-03-24,RAIZ4,0.54
2026-03-24,RDOR3,38.82
2026-03-24,RECV3,13.09
2026-03-24,RENT3,46.44
2026-03-24,SANB11,29.97
2026-03-24,SBSP3,152.71
2026-03-24,SLCE3,18.48
2026-03-24,SMFT3,18.8
2026-03-24,SMTO3,19.95
2026-03-24,SUZB3,51.17
2026-03-24,TAEE11,41.99
2026-03-24,TEND3,30.9
2026-03-24,TIMS3,26.95
2026-03-24,TOTS3,34.99
2026-03-24,UGPA3,27.86
2026-03-24,USIM5,6.72
2026-03-24,VALE3,78.1
2026-03-24,VAMO3,3.57
2026-03-24,VBBR3,30.85
2026-03-24,VIVA3,26.42
2026-03-24,VIVT3,41.05
2026-03-24,WEGE3,47.45
2026-03-24,YDUQ3,11.11
2026-03-25,ABEV3,15.01
2026-03-25,ALOS3,30.28
2026-03-25,AMOB3,12.15
2026-03-25,ASAI3,8.21
2026-03-25,AURE3,11.91
2026-03-25,AXIA3,58.74
2026-03-25,AZZA3,26.26
2026-03-25,B3SA3,18.0
2026-03-25,BBAS3,23.86
2026-03-25,BBDC3,16.69
2026-03-25,BBDC4,19.28
2026-03-25,BBSE3,34.83
2026-03-25,BEEF3,4.16
2026-03-25,BPAC11,56.68
2026-03-25,BRAP4,22.48
2026-03-25,BRAV3,18.92
2026-03-25,BRKM5,10.94
2026-03-25,CEAB3,12.41
2026-03-25,CMIG4,12.46
2026-03-25,CMIN3,4.99
2026-03-25,COGN3,3.05
2026-03-25,CPFE3,47.12
2026-03-25,CPLE3,15.36
2026-03-25,CSAN3,5.43
2026-03-25,CSMG3,56.6
2026-03-25,CSNA3,6.6
2026-03-25,CURY3,36.54
2026-03-25,CVCB3,2.17
2026-03-25,CXSE3,17.77
2026-03-25,CYRE3,28.48
2026-03-25,DIRR3,14.12
2026-03-25,EGIE3,32.45
2026-03-25,EMBJ3,77.17
2026-03-25,ENEV3,25.22
2026-03-25,ENGI11,51.73
2026-03-25,EQTL3,42.21
2026-03-25,FLRY3,15.73
2026-03-25,GGBR4,18.46
2026-03-25,GOAU4,8.3
2026-03-25,HAPV3,10.05
2026-03-25,HYPE3,23.34
2026-03-25,IGTI11,27.88
2026-03-25,IRBR3,55.52
2026-03-25,ISAE4,28.78
2026-03-25,ITSA4,13.69
2026-03-25,ITUB4,43.1
2026-03-25,KLBN11,19.45
2026-03-25,LREN3,15.44
2026-03-25,LWSA3,3.85
2026-03-25,MBRF3,19.75
2026-03-25,MGLU3,8.89
2026-03-25,MOTV3,15.73
2026-03-25,MRVE3,8.32
2026-03-25,MULT3,31.77
2026-03-25,NATU3,9.9
2026-03-25,PCAR3,2.42
2026-03-25,PETR3,52.24
2026-03-25,PETR4,47.5
2026-03-25,POMO4,6.22
2026-03-25,PRIO3,67.28
2026-03-25,PSSA3,49.76
2026-03-25,RADL3,24.46
2026-03-25,RAIL3,16.61
2026-03-25,RAIZ4,0.56
2026-03-25,RDOR3,39.42
2026-03-25,RECV3,13.27
2026-03-25,RENT3,47.59
2026-03-25,SANB11,30.12
2026-03-25,SBSP3,156.33
2026-03-25,SLCE3,18.52
2026-03-25,SMFT3,19.39
2026-03-25,SMTO3,20.38
2026-03-25,SUZB3,51.4
2026-03-25,TAEE11,42.65
2026-03-25,TEND3,31.66
2026-03-25,TIMS3,27.28
2026-03-25,TOTS3,35.19
2026-03-25,UGPA3,28.46
2026-03-25,USIM5,6.82
2026-03-25,VALE3,79.55
2026-03-25,VAMO3,3.73
2026-03-25,VBBR3,31.72
2026-03-25,VIVA3,27.58
2026-03-25,VIVT3,41.32
2026-03-25,WEGE3,48.18
2026-03-25,YDUQ3,11.42
2026-03-26,ABEV3,14.83
2026-03-26,ALOS3,29.6
2026-03-26,AMOB3,12.16
2026-03-26,ASAI3,8.21
2026-03-26,AURE3,11.53
2026-03-26,AXIA3,56.93
2026-03-26,AZZA3,25.11
2026-03-26,B3SA3,17.77
2026-03-26,BBAS3,23.06
2026-03-26,BBDC3,16.47
2026-03-26,BBDC4,18.82
2026-03-26,BBSE3,34.64
2026-03-26,BEEF3,4.15
2026-03-26,BPAC11,55.2
2026-03-26,BRAP4,22.26
2026-03-26,BRAV3,19.87
2026-03-26,BRKM5,10.15
2026-03-26,CEAB3,12.18
2026-03-26,CMIG4,12.3
2026-03-26,CMIN3,4.91
2026-03-26,COGN3,3.04
2026-03-26,CPFE3,46.66
2026-03-26,CPLE3,15.18
2026-03-26,CSAN3,5.25
2026-03-26,CSMG3,55.81
2026-03-26,CSNA3,6.44
2026-03-26,CURY3,35.55
2026-03-26,CVCB3,2.08
2026-03-26,CXSE3,17.51
2026-03-26,CYRE3,27.45
2026-03-26,DIRR3,13.31
2026-03-26,EGIE3,31.69
2026-03-26,EMBJ3,74.99
2026-03-26,ENEV3,24.54
2026-03-26,ENGI11,50.3
2026-03-26,EQTL3,40.0
2026-03-26,FLRY3,15.45
2026-03-26,GGBR4,18.43
2026-03-26,GOAU4,8.26
2026-03-26,HAPV3,9.94
2026-03-26,HYPE3,23.13
2026-03-26,IGTI11,27.0
2026-03-26,IRBR3,54.0
2026-03-26,ISAE4,28.59
2026-03-26,ITSA4,13.43
2026-03-26,ITUB4,41.94
2026-03-26,KLBN11,19.26
2026-03-26,LREN3,15.19
2026-03-26,LWSA3,3.83
2026-03-26,MBRF3,20.58
2026-03-26,MGLU3,8.44
2026-03-26,MOTV3,15.27
2026-03-26,MRVE3,8.03
2026-03-26,MULT3,30.79
2026-03-26,NATU3,9.52
2026-03-26,PCAR3,2.42
2026-03-26,PETR3,53.37
2026-03-26,PETR4,48.02
2026-03-26,POMO4,6.12
2026-03-26,PRIO3,68.76
2026-03-26,PSSA3,49.13
2026-03-26,RADL3,23.76
2026-03-26,RAIL3,16.0
2026-03-26,RAIZ4,0.55
2026-03-26,RDOR3,38.38
2026-03-26,RECV3,13.3
2026-03-26,RENT3,46.26
2026-03-26,SANB11,29.61
2026-03-26,SBSP3,152.84
2026-03-26,SLCE3,18.37
2026-03-26,SMFT3,18.75
2026-03-26,SMTO3,20.7
2026-03-26,SUZB3,50.8
2026-03-26,TAEE11,41.81
2026-03-26,TEND3,29.99
2026-03-26,TIMS3,26.69
2026-03-26,TOTS3,34.63
2026-03-26,UGPA3,28.54
2026-03-26,USIM5,6.68
2026-03-26,VALE3,78.91
2026-03-26,VAMO3,3.75
2026-03-26,VBBR3,31.44
2026-03-26,VIVA3,26.79
2026-03-26,VIVT3,40.16
2026-03-26,WEGE3,47.52
2026-03-26,YDUQ3,11.16
2026-03-27,ABEV3,14.76
2026-03-27,ALOS3,29.2
2026-03-27,AMOB3,11.87
2026-03-27,ASAI3,8.69
2026-03-27,AURE3,11.46
2026-03-27,AXIA3,55.97
2026-03-27,AZZA3,24.37
2026-03-27,B3SA3,17.21
2026-03-27,BBAS3,22.66
2026-03-27,BBDC3,16.23
2026-03-27,BBDC4,18.52
2026-03-27,BBSE3,34.4
2026-03-27,BEEF3,4.07
2026-03-27,BPAC11,53.53
2026-03-27,BRAP4,22.15
2026-03-27,BRAV3,19.56
2026-03-27,BRKM5,9.05
2026-03-27,CEAB3,12.0
2026-03-27,CMIG4,12.32
2026-03-27,CMIN3,4.85
2026-03-27,COGN3,2.97
2026-03-27,CPFE3,46.85
2026-03-27,CPLE3,14.98
2026-03-27,CSAN3,5.11
2026-03-27,CSMG3,54.66
2026-03-27,CSNA3,6.18
2026-03-27,CURY3,33.93
2026-03-27,CVCB3,1.98
2026-03-27,CXSE3,17.42
2026-03-27,CYRE3,25.93
2026-03-27,DIRR3,12.97
2026-03-27,EGIE3,31.54
2026-03-27,EMBJ3,73.4
2026-03-27,ENEV3,23.91
2026-03-27,ENGI11,49.82
2026-03-27,EQTL3,39.08
2026-03-27,FLRY3,15.4
2026-03-27,GGBR4,18.13
2026-03-27,GOAU4,8.13
2026-03-27,HAPV3,9.69
2026-03-27,HYPE3,22.15
2026-03-27,IGTI11,26.56
2026-03-27,IRBR3,52.99
2026-03-27,ISAE4,27.97
2026-03-27,ITSA4,13.26
2026-03-27,ITUB4,41.45
2026-03-27,KLBN11,19.21
2026-03-27,LREN3,14.89
2026-03-27,LWSA3,3.65
2026-03-27,MBRF3,21.83
2026-03-27,MGLU3,8.09
2026-03-27,MOTV3,15.26
2026-03-27,MRVE3,7.66
2026-03-27,MULT3,30.4
2026-03-27,NATU3,9.24
2026-03-27,PCAR3,2.39
2026-03-27,PETR3,54.3
2026-03-27,PETR4,49.41
2026-03-27,POMO4,6.02
2026-03-27,PRIO3,70.82
2026-03-27,PSSA3,48.73
2026-03-27,RADL3,23.3
2026-03-27,RAIL3,15.73
2026-03-27,RAIZ4,0.51
2026-03-27,RDOR3,37.71
2026-03-27,RECV3,13.58
2026-03-27,RENT3,45.15
2026-03-27,SANB11,29.31
2026-03-27,SBSP3,151.12
2026-03-27,SLCE3,18.64
2026-03-27,SMFT3,18.43
2026-03-27,SMTO3,20.37
2026-03-27,SUZB3,50.44
2026-03-27,TAEE11,41.11
2026-03-27,TEND3,29.42
2026-03-27,TIMS3,26.51
2026-03-27,TOTS3,34.25
2026-03-27,UGPA3,28.32
2026-03-27,USIM5,6.59
2026-03-27,VALE3,79.0
2026-03-27,VAMO3,3.77
2026-03-27,VBBR3,30.84
2026-03-27,VIVA3,25.75
2026-03-27,VIVT3,40.01
2026-03-27,WEGE3,47.41
2026-03-27,YDUQ3,11.17
2026-03-30,ABEV3,14.84
2026-03-30,ALOS3,29.01
2026-03-30,AMOB3,12.32
2026-03-30,ASAI3,8.81
2026-03-30,AURE3,11.63
2026-03-30,AXIA3,56.28
2026-03-30,AZZA3,24.93
2026-03-30,B3SA3,17.04
2026-03-30,BBAS3,22.4
2026-03-30,BBDC3,16.24
2026-03-30,BBDC4,18.47
2026-03-30,BBSE3,34.3
2026-03-30,BEEF3,4.14
2026-03-30,BPAC11,53.4
2026-03-30,BRAP4,22.35
2026-03-30,BRAV3,20.14
2026-03-30,BRKM5,9.0
2026-03-30,CEAB3,11.48
2026-03-30,CMIG4,12.31
2026-03-30,CMIN3,4.86
2026-03-30,COGN3,2.99
2026-03-30,CPFE3,47.66
2026-03-30,CPLE3,15.02
2026-03-30,CSAN3,5.07
2026-03-30,CSMG3,55.96
2026-03-30,CSNA3,6.14
2026-03-30,CURY3,34.25
2026-03-30,CVCB3,1.95
2026-03-30,CXSE3,17.42
2026-03-30,CYRE3,26.56
2026-03-30,DIRR3,12.91
2026-03-30,EGIE3,31.9
2026-03-30,EMBJ3,73.24
2026-03-30,ENEV3,24.19
2026-03-30,ENGI11,50.28
2026-03-30,EQTL3,39.6
2026-03-30,FLRY3,15.68
2026-03-30,GGBR4,18.36
2026-03-30,GOAU4,8.21
2026-03-30,HAPV3,9.93
2026-03-30,HYPE3,22.06
2026-03-30,IGTI11,26.58
2026-03-30,IRBR3,52.6
2026-03-30,ISAE4,28.26
2026-03-30,ITSA4,13.36
2026-03-30,ITUB4,41.6
2026-03-30,KLBN11,19.16
2026-03-30,LREN3,14.19
2026-03-30,LWSA3,3.6
2026-03-30,MBRF3,22.33
2026-03-30,MGLU3,8.0
2026-03-30,MOTV3,15.24
2026-03-30,MRVE3,7.58
2026-03-30,MULT3,30.66
2026-03-30,NATU3,9.24
2026-03-30,PCAR3,2.28
2026-03-30,PETR3,54.65
2026-03-30,PETR4,49.67
2026-03-30,POMO4,6.02
2026-03-30,PRIO3,72.1
2026-03-30,PSSA3,49.44
2026-03-30,RADL3,23.29
2026-03-30,RAIL3,15.6
2026-03-30,RAIZ4,0.53
2026-03-30,RDOR3,37.85
2026-03-30,RECV3,13.95
2026-03-30,RENT3,45.02
2026-03-30,SANB11,29.52
2026-03-30,SBSP3,154.1
2026-03-30,SLCE3,18.58
2026-03-30,SMFT3,18.52
2026-03-30,SMTO3,21.42
2026-03-30,SUZB3,50.56
2026-03-30,TAEE11,41.61
2026-03-30,TEND3,29.52
2026-03-30,TIMS3,26.82
2026-03-30,TOTS3,34.02
2026-03-30,UGPA3,28.34
2026-03-30,USIM5,6.63
2026-03-30,VALE3,79.5
2026-03-30,VAMO3,3.63
2026-03-30,VBBR3,31.2
2026-03-30,VIVA3,25.2
2026-03-30,VIVT3,39.98
2026-03-30,WEGE3,49.05
2026-03-30,YDUQ3,11.59
2026-03-31,ABEV3,15.25
2026-03-31,ALOS3,30.34
2026-03-31,AMOB3,12.9
2026-03-31,ASAI3,9.48
2026-03-31,AURE3,11.94
2026-03-31,AXIA3,58.56
2026-03-31,AZZA3,25.7
2026-03-31,B3SA3,18.4
2026-03-31,BBAS3,23.0
2026-03-31,BBDC3,16.71
2026-03-31,BBDC4,19.17
2026-03-31,BBSE3,34.81
2026-03-31,BEEF3,4.25
2026-03-31,BPAC11,56.29
2026-03-31,BRAP4,23.06
2026-03-31,BRAV3,20.57
2026-03-31,BRKM5,9.4
2026-03-31,CEAB3,12.1
2026-03-31,CMIG4,12.61
2026-03-31,CMIN3,4.95
2026-03-31,COGN3,3.16
2026-03-31,CPFE3,48.76
2026-03-31,CPLE3,15.43
2026-03-31,CSAN3,5.38
2026-03-31,CSMG3,57.7
2026-03-31,CSNA3,6.33
2026-03-31,CURY3,35.38
2026-03-31,CVCB3,1.98
2026-03-31,CXSE3,18.35
2026-03-31,CYRE3,27.32
2026-03-31,DIRR3,13.3
2026-03-31,EGIE3,32.83
2026-03-31,EMBJ3,76.95
2026-03-31,ENEV3,24.54
2026-03-31,ENGI11,52.46
2026-03-31,EQTL3,40.77
2026-03-31,FLRY3,15.93
2026-03-31,GGBR4,19.0
2026-03-31,GOAU4,8.54
2026-03-31,HAPV3,10.1
2026-03-31,HYPE3,23.28
2026-03-31,IGTI11,27.94
2026-03-31,IRBR3,54.6
2026-03-31,ISAE4,29.09
2026-03-31,ITSA4,13.98
2026-03-31,ITUB4,43.48
2026-03-31,KLBN11,19.51
2026-03-31,LREN3,14.96
2026-03-31,LWSA3,3.8
2026-03-31,MBRF3,21.64
2026-03-31,MGLU3,8.77
2026-03-31,MOTV3,15.81
2026-03-31,MRVE3,7.87
2026-03-31,MULT3,31.81
2026-03-31,NATU3,10.44
2026-03-31,PCAR3,2.21
2026-03-31,PETR3,53.91
2026-03-31,PETR4,48.67
2026-03-31,POMO4,6.2
2026-03-31,PRIO3,66.21
2026-03-31,PSSA3,50.51
2026-03-31,RADL3,23.53
2026-03-31,RAIL3,16.25
2026-03-31,RAIZ4,0.51
2026-03-31,RDOR3,38.97
2026-03-31,RECV3,14.03
2026-03-31,RENT3,46.98
2026-03-31,SANB11,30.64
2026-03-31,SBSP3,158.24
2026-03-31,SLCE3,18.71
2026-03-31,SMFT3,19.16
2026-03-31,SMTO3,21.2
2026-03-31,SUZB3,51.9
2026-03-31,TAEE11,43.01
2026-03-31,TEND3,31.2
2026-03-31,TIMS3,27.46
2026-03-31,TOTS3,34.94
2026-03-31,UGPA3,28.72
2026-03-31,USIM5,6.74
2026-03-31,VALE3,82.48
2026-03-31,VAMO3,3.72
2026-03-31,VBBR3,31.62
2026-03-31,VIVA3,25.91
2026-03-31,VIVT3,41.23
2026-03-31,WEGE3,51.01
2026-03-31,YDUQ3,12.11
2026-04-01,ABEV3,15.36
2026-04-01,ALOS3,30.98
2026-04-01,AMOB3,13.8
2026-04-01,ASAI3,9.3
2026-04-01,AURE3,12.03
2026-04-01,AXIA3,59.48
2026-04-01,AZZA3,25.45
2026-04-01,B3SA3,18.52
2026-04-01,BBAS3,23.63
2026-04-01,BBDC3,16.97
2026-04-01,BBDC4,19.43
2026-04-01,BBSE3,35.1
2026-04-01,BEEF3,4.34
2026-04-01,BPAC11,57.6
2026-04-01,BRAP4,23.25
2026-04-01,BRAV3,19.82
2026-04-01,BRKM5,9.05
2026-04-01,CEAB3,12.21
2026-04-01,CMIG4,12.63
2026-04-01,CMIN3,4.95
2026-04-01,COGN3,3.21
2026-04-01,CPFE3,48.51
2026-04-01,CPLE3,15.83
2026-04-01,CSAN3,5.43
2026-04-01,CSMG3,57.59
2026-04-01,CSNA3,6.52
2026-04-01,CURY3,36.91
2026-04-01,CVCB3,2.01
2026-04-01,CXSE3,18.35
2026-04-01,CYRE3,28.52
2026-04-01,DIRR3,13.58
2026-04-01,EGIE3,32.88
2026-04-01,EMBJ3,80.6
2026-04-01,ENEV3,24.99
2026-04-01,ENGI11,53.0
2026-04-01,EQTL3,40.61
2026-04-01,FLRY3,16.03
2026-04-01,GGBR4,19.72
2026-04-01,GOAU4,8.83
2026-04-01,HAPV3,10.48
2026-04-01,HYPE3,23.2
2026-04-01,IGTI11,28.45
2026-04-01,IRBR3,54.08
2026-04-01,ISAE4,28.83
2026-04-01,ITSA4,14.18
2026-04-01,ITUB4,43.83
2026-04-01,KLBN11,19.55
2026-04-01,LREN3,14.96
2026-04-01,LWSA3,3.87
2026-04-01,MBRF3,20.79
2026-04-01,MGLU3,8.84
2026-04-01,MOTV3,16.06
2026-04-01,MRVE3,8.05
2026-04-01,MULT3,32.49
2026-04-01,NATU3,10.35
2026-04-01,PCAR3,2.07
2026-04-01,PETR3,51.93
2026-04-01,PETR4,47.37
2026-04-01,POMO4,6.23
2026-04-01,PRIO3,64.13
2026-04-01,PSSA3,49.85
2026-04-01,RADL3,22.76
2026-04-01,RAIL3,16.18
2026-04-01,RAIZ4,0.53
2026-04-01,RDOR3,39.44
2026-04-01,RECV3,13.6
2026-04-01,RENT3,47.75
2026-04-01,SANB11,31.2
2026-04-01,SBSP3,156.13
2026-04-01,SLCE3,18.17
2026-04-01,SMFT3,19.49
2026-04-01,SMTO3,19.71
2026-04-01,SUZB3,52.09
2026-04-01,TAEE11,42.79
2026-04-01,TEND3,31.3
2026-04-01,TIMS3,27.58
2026-04-01,TOTS3,34.91
2026-04-01,UGPA3,29.27
2026-04-01,USIM5,6.77
2026-04-01,VALE3,83.0
2026-04-01,VAMO3,3.77
2026-04-01,VBBR3,31.26
2026-04-01,VIVA3,26.54
2026-04-01,VIVT3,41.65
2026-04-01,WEGE3,51.01
2026-04-01,YDUQ3,12.03
2026-04-02,ABEV3,15.28
2026-04-02,ALOS3,30.3
2026-04-02,AMOB3,13.91
2026-04-02,ASAI3,9.13
2026-04-02,AURE3,12.57
2026-04-02,AXIA3,59.28
2026-04-02,AZZA3,25.16
2026-04-02,B3SA3,18.59
2026-04-02,BBAS3,23.39
2026-04-02,BBDC3,16.76
2026-04-02,BBDC4,19.12
2026-04-02,BBSE3,35.43
2026-04-02,BEEF3,4.28
2026-04-02,BPAC11,57.27
2026-04-02,BRAP4,23.38
2026-04-02,BRAV3,20.47
2026-04-02,BRKM5,9.09
2026-04-02,CEAB3,12.04
2026-04-02,CMIG4,12.76
2026-04-02,CMIN3,4.92
2026-04-02,COGN3,3.18
2026-04-02,CPFE3,49.25
2026-04-02,CPLE3,15.92
2026-04-02,CSAN3,5.37
2026-04-02,CSMG3,57.95
2026-04-02,CSNA3,6.47
2026-04-02,CURY3,36.1
2026-04-02,CVCB3,2.01
2026-04-02,CXSE3,18.46
2026-04-02,CYRE3,27.52
2026-04-02,DIRR3,13.37
2026-04-02,EGIE3,33.28
2026-04-02,EMBJ3,80.97
2026-04-02,ENEV3,24.88
2026-04-02,ENGI11,53.22
2026-04-02,EQTL3,40.5
2026-04-02,FLRY3,15.88
2026-04-02,GGBR4,19.81
2026-04-02,GOAU4,8.87
2026-04-02,HAPV3,10.62
2026-04-02,HYPE3,22.99
2026-04-02,IGTI11,27.77
2026-04-02,IRBR3,54.61
2026-04-02,ISAE4,28.83
2026-04-02,ITSA4,13.92
2026-04-02,ITUB4,43.3
2026-04-02,KLBN11,19.32
2026-04-02,LREN3,14.84
2026-04-02,LWSA3,3.86
2026-04-02,MBRF3,20.79
2026-04-02,MGLU3,8.75
2026-04-02,MOTV3,16.19
2026-04-02,MRVE3,7.93
2026-04-02,MULT3,32.0
2026-04-02,NATU3,10.35
2026-04-02,PCAR3,2.07
2026-04-02,PETR3,53.1
2026-04-02,PETR4,48.15
2026-04-02,POMO4,6.2
2026-04-02,PRIO3,67.77
2026-04-02,PSSA3,50.54
2026-04-02,RADL3,21.86
2026-04-02,RAIL3,16.1
2026-04-02,RAIZ4,0.54
2026-04-02,RDOR3,39.78
2026-04-02,RECV3,13.7
2026-04-02,RENT3,47.67
2026-04-02,SANB11,31.23
2026-04-02,SBSP3,157.6
2026-04-02,SLCE3,18.47
2026-04-02,SMFT3,19.09
2026-04-02,SMTO3,20.35
2026-04-02,SUZB3,50.85
2026-04-02,TAEE11,42.83
2026-04-02,TEND3,31.4
2026-04-02,TIMS3,27.14
2026-04-02,TOTS3,34.99
2026-04-02,UGPA3,29.22
2026-04-02,USIM5,6.77
2026-04-02,VALE3,83.55
2026-04-02,VAMO3,3.69
2026-04-02,VBBR3,31.49
2026-04-02,VIVA3,26.3
2026-04-02,VIVT3,41.31
2026-04-02,WEGE3,50.31
2026-04-02,YDUQ3,11.72
2026-04-06,ABEV3,15.45
2026-04-06,ALOS3,30.47
2026-04-06,AMOB3,13.69
2026-04-06,ASAI3,8.92
2026-04-06,AURE3,12.53
2026-04-06,AXIA3,58.95
2026-04-06,AZZA3,24.0
2026-04-06,B3SA3,18.43
2026-04-06,BBAS3,23.43
2026-04-06,BBDC3,16.81
2026-04-06,BBDC4,19.33
2026-04-06,BBSE3,35.44
2026-04-06,BEEF3,4.28
2026-04-06,BPAC11,57.71
2026-04-06,BRAP4,23.46
2026-04-06,BRAV3,21.1
2026-04-06,BRKM5,8.4
2026-04-06,CEAB3,11.96
2026-04-06,CMIG4,12.81
2026-04-06,CMIN3,4.88
2026-04-06,COGN3,3.23
2026-04-06,CPFE3,48.35
2026-04-06,CPLE3,15.82
2026-04-06,CSAN3,5.27
2026-04-06,CSMG3,57.5
2026-04-06,CSNA3,6.41
2026-04-06,CURY3,36.03
2026-04-06,CVCB3,1.97
2026-04-06,CXSE3,18.78
2026-04-06,CYRE3,26.89
2026-04-06,DIRR3,13.38
2026-04-06,EGIE3,33.3
2026-04-06,EMBJ3,81.67
2026-04-06,ENEV3,25.52
2026-04-06,ENGI11,53.01
2026-04-06,EQTL3,40.46
2026-04-06,FLRY3,15.92
2026-04-06,GGBR4,19.62
2026-04-06,GOAU4,8.75
2026-04-06,HAPV3,10.68
2026-04-06,HYPE3,22.87
2026-04-06,IGTI11,27.88
2026-04-06,IRBR3,55.24
2026-04-06,ISAE4,29.02
2026-04-06,ITSA4,13.88
2026-04-06,ITUB4,43.49
2026-04-06,KLBN11,19.05
2026-04-06,LREN3,14.65
2026-04-06,LWSA3,3.77
2026-04-06,MBRF3,20.51
2026-04-06,MGLU3,8.82
2026-04-06,MOTV3,16.08
2026-04-06,MRVE3,7.94
2026-04-06,MULT3,31.77
2026-04-06,NATU3,10.51
2026-04-06,PCAR3,2.12
2026-04-06,PETR3,53.71
2026-04-06,PETR4,48.94
2026-04-06,POMO4,6.23
2026-04-06,PRIO3,67.3
2026-04-06,PSSA3,50.24
2026-04-06,RADL3,21.86
2026-04-06,RAIL3,15.93
2026-04-06,RAIZ4,0.54
2026-04-06,RDOR3,39.73
2026-04-06,RECV3,13.89
2026-04-06,RENT3,47.14
2026-04-06,SANB11,31.06
2026-04-06,SBSP3,156.02
2026-04-06,SLCE3,18.38
2026-04-06,SMFT3,18.72
2026-04-06,SMTO3,19.69
2026-04-06,SUZB3,49.6
2026-04-06,TAEE11,42.94
2026-04-06,TEND3,31.46
2026-04-06,TIMS3,26.72
2026-04-06,TOTS3,35.1
2026-04-06,UGPA3,29.3
2026-04-06,USIM5,6.82
2026-04-06,VALE3,83.09
2026-04-06,VAMO3,3.58
2026-04-06,VBBR3,31.29
2026-04-06,VIVA3,26.03
2026-04-06,VIVT3,40.71
2026-04-06,WEGE3,50.62
2026-04-06,YDUQ3,11.77
2026-04-07,ABEV3,15.48
2026-04-07,ALOS3,30.53
2026-04-07,AMOB3,13.19
2026-04-07,ASAI3,8.86
2026-04-07,AURE3,12.55
2026-04-07,AXIA3,59.47
2026-04-07,AZZA3,23.15
2026-04-07,B3SA3,18.05
2026-04-07,BBAS3,23.44
2026-04-07,BBDC3,16.68
2026-04-07,BBDC4,19.21
2026-04-07,BBSE3,35.47
2026-04-07,BEEF3,4.07
2026-04-07,BPAC11,58.21
2026-04-07,BRAP4,23.64
2026-04-07,BRAV3,21.29
2026-04-07,BRKM5,9.01
2026-04-07,CEAB3,11.82
2026-04-07,CMIG4,12.92
2026-04-07,CMIN3,4.89
2026-04-07,COGN3,3.15
2026-04-07,CPFE3,48.85
2026-04-07,CPLE3,15.8
2026-04-07,CSAN3,5.26
2026-04-07,CSMG3,57.63
2026-04-07,CSNA3,6.36
2026-04-07,CURY3,34.18
2026-04-07,CVCB3,1.92
2026-04-07,CXSE3,18.83
2026-04-07,CYRE3,25.68
2026-04-07,DIRR3,12.81
2026-04-07,EGIE3,33.14
2026-04-07,EMBJ3,81.59
2026-04-07,ENEV3,25.24
2026-04-07,ENGI11,53.81
2026-04-07,EQTL3,41.09
2026-04-07,FLRY3,15.91
2026-04-07,GGBR4,19.7
2026-04-07,GOAU4,8.82
2026-04-07,HAPV3,10.26
2026-04-07,HYPE3,23.21
2026-04-07,IGTI11,27.92
2026-04-07,IRBR3,54.04
2026-04-07,ISAE4,29.08
2026-04-07,ITSA4,13.95
2026-04-07,ITUB4,43.46
2026-04-07,KLBN11,18.46
2026-04-07,LREN3,14.8
2026-04-07,LWSA3,3.82
2026-04-07,MBRF3,20.06
2026-04-07,MGLU3,8.78
2026-04-07,MOTV3,16.01
2026-04-07,MRVE3,7.19
2026-04-07,MULT3,31.96
2026-04-07,NATU3,10.23
2026-04-07,PCAR3,2.01
2026-04-07,PETR3,53.56
2026-04-07,PETR4,48.51
2026-04-07,POMO4,6.19
2026-04-07,PRIO3,67.82
2026-04-07,PSSA3,50.33
2026-04-07,RADL3,22.28
2026-04-07,RAIL3,16.4
2026-04-07,RAIZ4,0.52
2026-04-07,RDOR3,39.92
2026-04-07,RECV3,14.1
2026-04-07,RENT3,47.15
2026-04-07,SANB11,30.76
2026-04-07,SBSP3,156.75
2026-04-07,SLCE3,17.71
2026-04-07,SMFT3,18.69
2026-04-07,SMTO3,18.9
2026-04-07,SUZB3,46.43
2026-04-07,TAEE11,42.87
2026-04-07,TEND3,29.55
2026-04-07,TIMS3,27.1
2026-04-07,TOTS3,34.7
2026-04-07,UGPA3,29.93
2026-04-07,USIM5,6.93
2026-04-07,VALE3,83.69
2026-04-07,VAMO3,3.54
2026-04-07,VBBR3,31.71
2026-04-07,VIVA3,25.8
2026-04-07,VIVT3,40.98
2026-04-07,WEGE3,50.65
2026-04-07,YDUQ3,11.85
2026-04-08,ABEV3,15.86
2026-04-08,ALOS3,31.73
2026-04-08,AMOB3,13.08
2026-04-08,ASAI3,9.44
2026-04-08,AURE3,13.23
2026-04-08,AXIA3,61.99
2026-04-08,AZZA3,23.1
2026-04-08,B3SA3,18.71
2026-04-08,BBAS3,24.49
2026-04-08,BBDC3,17.35
2026-04-08,BBDC4,20.17
2026-04-08,BBSE3,35.85
2026-04-08,BEEF3,4.24
2026-04-08,BPAC11,62.12
2026-04-08,BRAP4,24.28
2026-04-08,BRAV3,20.57
2026-04-08,BRKM5,9.14
2026-04-08,CEAB3,12.65
2026-04-08,CMIG4,13.31
2026-04-08,CMIN3,5.09
2026-04-08,COGN3,3.22
2026-04-08,CPFE3,51.15
2026-04-08,CPLE3,16.23
2026-04-08,CSAN3,5.24
2026-04-08,CSMG3,58.09
2026-04-08,CSNA3,6.72
2026-04-08,CURY3,35.8
2026-04-08,CVCB3,1.91
2026-04-08,CXSE3,19.23
2026-04-08,CYRE3,27.35
2026-04-08,DIRR3,13.82
2026-04-08,EGIE3,34.2
2026-04-08,EMBJ3,85.19
2026-04-08,ENEV3,25.83
2026-04-08,ENGI11,55.34
2026-04-08,EQTL3,43.15
2026-04-08,FLRY3,16.13
2026-04-08,GGBR4,20.44
2026-04-08,GOAU4,9.11
2026-04-08,HAPV3,11.19
2026-04-08,HYPE3,23.77
2026-04-08,IGTI11,29.01
2026-04-08,IRBR3,55.76
2026-04-08,ISAE4,30.06
2026-04-08,ITSA4,14.48
2026-04-08,ITUB4,44.98
2026-04-08,KLBN11,18.77
2026-04-08,LREN3,15.5
2026-04-08,LWSA3,3.99
2026-04-08,MBRF3,19.81
2026-04-08,MGLU3,8.95
2026-04-08,MOTV3,16.44
2026-04-08,MRVE3,7.67
2026-04-08,MULT3,33.25
2026-04-08,NATU3,10.35
2026-04-08,PCAR3,1.99
2026-04-08,PETR3,51.19
2026-04-08,PETR4,46.61
2026-04-08,POMO4,6.4
2026-04-08,PRIO3,64.1
2026-04-08,PSSA3,51.75
2026-04-08,RADL3,23.42
2026-04-08,RAIL3,16.14
2026-04-08,RAIZ4,0.54
2026-04-08,RDOR3,40.61
2026-04-08,RECV3,13.77
2026-04-08,RENT3,49.36
2026-04-08,SANB11,31.41
2026-04-08,SBSP3,161.08
2026-04-08,SLCE3,18.21
2026-04-08,SMFT3,19.38
2026-04-08,SMTO3,18.5
2026-04-08,SUZB3,47.34
2026-04-08,TAEE11,44.11
2026-04-08,TEND3,32.87
2026-04-08,TIMS3,27.57
2026-04-08,TOTS3,35.58
2026-04-08,UGPA3,28.98
2026-04-08,USIM5,7.24
2026-04-08,VALE3,85.59
2026-04-08,VAMO3,3.82
2026-04-08,VBBR3,31.82
2026-04-08,VIVA3,27.44
2026-04-08,VIVT3,42.25
2026-04-08,WEGE3,52.77
2026-04-08,YDUQ3,11.89
2026-04-09,ABEV3,16.06
2026-04-09,ALOS3,32.29
2026-04-09,AMOB3,14.0
2026-04-09,ASAI3,9.75
2026-04-09,AURE3,13.9
2026-04-09,AXIA3,64.35
2026-04-09,AZZA3,23.34
2026-04-09,B3SA3,19.16
2026-04-09,BBAS3,24.72
2026-04-09,BBDC3,17.57
2026-04-09,BBDC4,20.29
2026-04-09,BBSE3,35.9
2026-04-09,BEEF3,4.2
2026-04-09,BPAC11,63.05
2026-04-09,BRAP4,24.33
2026-04-09,BRAV3,21.3
2026-04-09,BRKM5,9.15
2026-04-09,CEAB3,13.29
2026-04-09,CMIG4,13.52
2026-04-09,CMIN3,5.08
2026-04-09,COGN3,3.3
2026-04-09,CPFE3,52.86
2026-04-09,CPLE3,16.54
2026-04-09,CSAN3,5.48
2026-04-09,CSMG3,60.35
2026-04-09,CSNA3,6.79
2026-04-09,CURY3,37.01
2026-04-09,CVCB3,1.89
2026-04-09,CXSE3,19.41
2026-04-09,CYRE3,28.06
2026-04-09,DIRR3,14.22
2026-04-09,EGIE3,34.46
2026-04-09,EMBJ3,85.35
2026-04-09,ENEV3,26.0
2026-04-09,ENGI11,56.48
2026-04-09,EQTL3,43.8
2026-04-09,FLRY3,16.78
2026-04-09,GGBR4,21.33
2026-04-09,GOAU4,9.54
2026-04-09,HAPV3,11.72
2026-04-09,HYPE3,23.8
2026-04-09,IGTI11,29.46
2026-04-09,IRBR3,57.24
2026-04-09,ISAE4,30.65
2026-04-09,ITSA4,14.74
2026-04-09,ITUB4,45.75
2026-04-09,KLBN11,19.04
2026-04-09,LREN3,15.91
2026-04-09,LWSA3,3.79
2026-04-09,MBRF3,19.25
2026-04-09,MGLU3,9.23
2026-04-09,MOTV3,16.7
2026-04-09,MRVE3,7.91
2026-04-09,MULT3,33.65
2026-04-09,NATU3,10.2
2026-04-09,PCAR3,2.09
2026-04-09,PETR3,52.69
2026-04-09,PETR4,47.9
2026-04-09,POMO4,6.62
2026-04-09,PRIO3,65.45
2026-04-09,PSSA3,52.42
2026-04-09,RADL3,23.47
2026-04-09,RAIL3,16.12
2026-04-09,RAIZ4,0.54
2026-04-09,RDOR3,40.99
2026-04-09,RECV3,13.99
2026-04-09,RENT3,50.04
2026-04-09,SANB11,31.98
2026-04-09,SBSP3,166.4
2026-04-09,SLCE3,18.61
2026-04-09,SMFT3,19.4
2026-04-09,SMTO3,18.31
2026-04-09,SUZB3,47.6
2026-04-09,TAEE11,44.9
2026-04-09,TEND3,34.0
2026-04-09,TIMS3,27.73
2026-04-09,TOTS3,34.44
2026-04-09,UGPA3,29.74
2026-04-09,USIM5,7.68
2026-04-09,VALE3,84.69
2026-04-09,VAMO3,4.0
2026-04-09,VBBR3,33.0
2026-04-09,VIVA3,27.98
2026-04-09,VIVT3,42.75
2026-04-09,WEGE3,52.5
2026-04-09,YDUQ3,11.85
2026-04-10,ABEV3,16.12
2026-04-10,ALOS3,32.91
2026-04-10,AMOB3,14.0
2026-04-10,ASAI3,9.78
2026-04-10,AURE3,13.9
2026-04-10,AXIA3,65.33
2026-04-10,AZZA3,20.8
2026-04-10,B3SA3,19.51
2026-04-10,BBAS3,24.73
2026-04-10,BBDC3,17.67
2026-04-10,BBDC4,20.44
2026-04-10,BBSE3,36.41
2026-04-10,BEEF3,4.25
2026-04-10,BPAC11,62.78
2026-04-10,BRAP4,24.58
2026-04-10,BRAV3,21.77
2026-04-10,BRKM5,9.39
2026-04-10,CEAB3,13.6
2026-04-10,CMIG4,13.81
2026-04-10,CMIN3,5.02
2026-04-10,COGN3,3.2
2026-04-10,CPFE3,53.81
2026-04-10,CPLE3,16.66
2026-04-10,CSAN3,5.58
2026-04-10,CSMG3,58.99
2026-04-10,CSNA3,6.42
2026-04-10,CURY3,35.87
2026-04-10,CVCB3,1.89
2026-04-10,CXSE3,19.61
2026-04-10,CYRE3,27.81
2026-04-10,DIRR3,14.33
2026-04-10,EGIE3,36.06
2026-04-10,EMBJ3,86.62
2026-04-10,ENEV3,26.71
2026-04-10,ENGI11,57.35
2026-04-10,EQTL3,44.77
2026-04-10,FLRY3,16.92
2026-04-10,GGBR4,21.29
2026-04-10,GOAU4,9.51
2026-04-10,HAPV3,13.25
2026-04-10,HYPE3,23.39
2026-04-10,IGTI11,29.18
2026-04-10,IRBR3,56.26
2026-04-10,ISAE4,30.75
2026-04-10,ITSA4,14.81
2026-04-10,ITUB4,46.07
2026-04-10,KLBN11,19.06
2026-04-10,LREN3,15.72
2026-04-10,LWSA3,3.79
2026-04-10,MBRF3,19.83
2026-04-10,MGLU3,9.15
2026-04-10,MOTV3,16.95
2026-04-10,MRVE3,7.8
2026-04-10,MULT3,33.51
2026-04-10,NATU3,10.2
2026-04-10,PCAR3,2.19
2026-04-10,PETR3,54.0
2026-04-10,PETR4,49.03
2026-04-10,POMO4,6.76
2026-04-10,PRIO3,67.65
2026-04-10,PSSA3,53.23
2026-04-10,RADL3,23.82
2026-04-10,RAIL3,16.43
2026-04-10,RAIZ4,0.58
2026-04-10,RDOR3,41.4
2026-04-10,RECV3,14.3
2026-04-10,RENT3,49.0
2026-04-10,SANB11,32.12
2026-04-10,SBSP3,170.5
2026-04-10,SLCE3,18.81
2026-04-10,SMFT3,18.94
2026-04-10,SMTO3,18.44
2026-04-10,SUZB3,47.16
2026-04-10,TAEE11,45.22
2026-04-10,TEND3,33.77
2026-04-10,TIMS3,27.96
2026-04-10,TOTS3,33.84
2026-04-10,UGPA3,30.43
2026-04-10,USIM5,7.21
2026-04-10,VALE3,85.59
2026-04-10,VAMO3,3.97
2026-04-10,VBBR3,33.77
2026-04-10,VIVA3,27.26
2026-04-10,VIVT3,42.94
2026-04-10,WEGE3,52.88
2026-04-10,YDUQ3,11.51
2026-04-13,ABEV3,15.93
2026-04-13,ALOS3,33.14
2026-04-13,AMOB3,14.2
2026-04-13,ASAI3,9.88
2026-04-13,AURE3,13.76
2026-04-13,AXIA3,65.57
2026-04-13,AZZA3,21.53
2026-04-13,B3SA3,19.26
2026-04-13,BBAS3,24.75
2026-04-13,BBDC3,17.86
2026-04-13,BBDC4,20.59
2026-04-13,BBSE3,36.05
2026-04-13,BEEF3,4.23
2026-04-13,BPAC11,63.8
2026-04-13,BRAP4,24.88
2026-04-13,BRAV3,21.25
2026-04-13,BRKM5,10.08
2026-04-13,CEAB3,13.49
2026-04-13,CMIG4,13.75
2026-04-13,CMIN3,5.0
2026-04-13,COGN3,3.13
2026-04-13,CPFE3,54.62
2026-04-13,CPLE3,16.73
2026-04-13,CSAN3,5.53
2026-04-13,CSMG3,56.84
2026-04-13,CSNA3,6.52
2026-04-13,CURY3,36.19
2026-04-13,CVCB3,1.97
2026-04-13,CXSE3,19.79
2026-04-13,CYRE3,28.0
2026-04-13,DIRR3,14.27
2026-04-13,EGIE3,37.24
2026-04-13,EMBJ3,87.0
2026-04-13,ENEV3,26.85
2026-04-13,ENGI11,57.8
2026-04-13,EQTL3,44.65
2026-04-13,FLRY3,17.26
2026-04-13,GGBR4,21.12
2026-04-13,GOAU4,9.3
2026-04-13,HAPV3,13.07
2026-04-13,HYPE3,23.37
2026-04-13,IGTI11,29.29
2026-04-13,IRBR3,56.25
2026-04-13,ISAE4,31.06
2026-04-13,ITSA4,14.71
2026-04-13,ITUB4,45.83
2026-04-13,KLBN11,19.18
2026-04-13,LREN3,15.81
2026-04-13,LWSA3,3.96
2026-04-13,MBRF3,21.0
2026-04-13,MGLU3,9.21
2026-04-13,MOTV3,16.9
2026-04-13,MRVE3,7.92
2026-04-13,MULT3,33.75
2026-04-13,NATU3,10.32
2026-04-13,PCAR3,2.48
2026-04-13,PETR3,54.96
2026-04-13,PETR4,49.78
2026-04-13,POMO4,6.69
2026-04-13,PRIO3,66.8
2026-04-13,PSSA3,53.62
2026-04-13,RADL3,23.89
2026-04-13,RAIL3,16.24
2026-04-13,RAIZ4,0.58
2026-04-13,RDOR3,41.67
2026-04-13,RECV3,13.85
2026-04-13,RENT3,48.81
2026-04-13,SANB11,32.03
2026-04-13,SBSP3,168.48
2026-04-13,SLCE3,19.1
2026-04-13,SMFT3,18.85
2026-04-13,SMTO3,18.24
2026-04-13,SUZB3,47.8
2026-04-13,TAEE11,45.16
2026-04-13,TEND3,34.02
2026-04-13,TIMS3,27.18
2026-04-13,TOTS3,34.49
2026-04-13,UGPA3,30.53
2026-04-13,USIM5,7.03
2026-04-13,VALE3,87.36
2026-04-13,VAMO3,4.12
2026-04-13,VBBR3,33.65
2026-04-13,VIVA3,26.85
2026-04-13,VIVT3,41.85
2026-04-13,WEGE3,52.04
2026-04-13,YDUQ3,11.75
2026-04-14,ABEV3,15.89
2026-04-14,ALOS3,33.3
2026-04-14,AMOB3,14.03
2026-04-14,ASAI3,10.15
2026-04-14,AURE3,13.96
2026-04-14,AXIA3,67.15
2026-04-14,AZZA3,22.14
2026-04-14,B3SA3,19.68
2026-04-14,BBAS3,25.38
2026-04-14,BBDC3,18.02
2026-04-14,BBDC4,20.78
2026-04-14,BBSE3,35.73
2026-04-14,BEEF3,4.23
2026-04-14,BPAC11,63.25
2026-04-14,BRAP4,25.4
2026-04-14,BRAV3,21.15
2026-04-14,BRKM5,9.82
2026-04-14,CEAB3,13.21
2026-04-14,CMIG4,13.65
2026-04-14,CMIN3,5.07
2026-04-14,COGN3,3.28
2026-04-14,CPFE3,56.03
2026-04-14,CPLE3,16.93
2026-04-14,CSAN3,5.5
2026-04-14,CSMG3,57.71
2026-04-14,CSNA3,6.64
2026-04-14,CURY3,36.39
2026-04-14,CVCB3,1.97
2026-04-14,CXSE3,19.76
2026-04-14,CYRE3,28.0
2026-04-14,DIRR3,14.71
2026-04-14,EGIE3,37.95
2026-04-14,EMBJ3,87.02
2026-04-14,ENEV3,27.14
2026-04-14,ENGI11,58.15
2026-04-14,EQTL3,45.04
2026-04-14,FLRY3,17.68
2026-04-14,GGBR4,21.6
2026-04-14,GOAU4,9.53
2026-04-14,HAPV3,13.05
2026-04-14,HYPE3,23.58
2026-04-14,IGTI11,29.5
2026-04-14,IRBR3,57.51
2026-04-14,ISAE4,31.53
2026-04-14,ITSA4,14.83
2026-04-14,ITUB4,46.53
2026-04-14,KLBN11,19.53
2026-04-14,LREN3,15.67
2026-04-14,LWSA3,3.94
2026-04-14,MBRF3,21.87
2026-04-14,MGLU3,9.25
2026-04-14,MOTV3,17.53
2026-04-14,MRVE3,7.91
2026-04-14,MULT3,34.32
2026-04-14,NATU3,10.4
2026-04-14,PCAR3,2.49
2026-04-14,PETR3,52.52
2026-04-14,PETR4,47.88
2026-04-14,POMO4,6.94
2026-04-14,PRIO3,65.08
2026-04-14,PSSA3,52.36
2026-04-14,RADL3,24.19
2026-04-14,RAIL3,16.92
2026-04-14,RAIZ4,0.58
2026-04-14,RDOR3,42.41
2026-04-14,RECV3,13.67
2026-04-14,RENT3,50.99
2026-04-14,SANB11,32.07
2026-04-14,SBSP3,168.97
2026-04-14,SLCE3,19.32
2026-04-14,SMFT3,19.0
2026-04-14,SMTO3,18.35
2026-04-14,SUZB3,48.51
2026-04-14,TAEE11,45.4
2026-04-14,TEND3,34.75
2026-04-14,TIMS3,27.24
2026-04-14,TOTS3,34.8
2026-04-14,UGPA3,30.14
2026-04-14,USIM5,7.03
2026-04-14,VALE3,88.3
2026-04-14,VAMO3,4.21
2026-04-14,VBBR3,33.27
2026-04-14,VIVA3,27.1
2026-04-14,VIVT3,41.43
2026-04-14,WEGE3,51.9
2026-04-14,YDUQ3,11.9
2026-04-15,ABEV3,15.83
2026-04-15,ALOS3,33.57
2026-04-15,AMOB3,13.98
2026-04-15,ASAI3,10.16
2026-04-15,AURE3,14.25
2026-04-15,AXIA3,66.27
2026-04-15,AZZA3,22.71
2026-04-15,B3SA3,19.84
2026-04-15,BBAS3,24.4
2026-04-15,BBDC3,17.99
2026-04-15,BBDC4,20.8
2026-04-15,BBSE3,35.05
2026-04-15,BEEF3,4.18
2026-04-15,BPAC11,64.33
2026-04-15,BRAP4,25.3
2026-04-15,BRAV3,21.23
2026-04-15,BRKM5,9.25
2026-04-15,CEAB3,13.2
2026-04-15,CMIG4,13.64
2026-04-15,CMIN3,5.01
2026-04-15,COGN3,3.29
2026-04-15,CPFE3,56.48
2026-04-15,CPLE3,16.83
2026-04-15,CSAN3,5.49
2026-04-15,CSMG3,57.66
2026-04-15,CSNA3,6.64
2026-04-15,CURY3,35.06
2026-04-15,CVCB3,2.01
2026-04-15,CXSE3,18.86
2026-04-15,CYRE3,27.6
2026-04-15,DIRR3,14.37
2026-04-15,EGIE3,38.41
2026-04-15,EMBJ3,85.78
2026-04-15,ENEV3,27.27
2026-04-15,ENGI11,58.15
2026-04-15,EQTL3,45.35
2026-04-15,FLRY3,17.05
2026-04-15,GGBR4,21.8
2026-04-15,GOAU4,9.51
2026-04-15,HAPV3,12.65
2026-04-15,HYPE3,23.47
2026-04-15,IGTI11,30.24
2026-04-15,IRBR3,58.83
2026-04-15,ISAE4,31.77
2026-04-15,ITSA4,15.0
2026-04-15,ITUB4,47.04
2026-04-15,KLBN11,19.16
2026-04-15,LREN3,15.6
2026-04-15,LWSA3,4.15
2026-04-15,MBRF3,19.6
2026-04-15,MGLU3,9.39
2026-04-15,MOTV3,17.58
2026-04-15,MRVE3,7.82
2026-04-15,MULT3,34.61
2026-04-15,NATU3,10.25
2026-04-15,PCAR3,2.31
2026-04-15,PETR3,51.5
2026-04-15,PETR4,46.89
2026-04-15,POMO4,6.85
2026-04-15,PRIO3,63.19
2026-04-15,PSSA3,53.78
2026-04-15,RADL3,24.06
2026-04-15,RAIL3,16.96
2026-04-15,RAIZ4,0.57
2026-04-15,RDOR3,40.0
2026-04-15,RECV3,13.51
2026-04-15,RENT3,51.94
2026-04-15,SANB11,31.68
2026-04-15,SBSP3,170.49
2026-04-15,SLCE3,18.35
2026-04-15,SMFT3,18.58
2026-04-15,SMTO3,17.38
2026-04-15,SUZB3,47.83
2026-04-15,TAEE11,45.57
2026-04-15,TEND3,33.83
2026-04-15,TIMS3,27.33
2026-04-15,TOTS3,35.28
2026-04-15,UGPA3,30.69
2026-04-15,USIM5,6.98
2026-04-15,VALE3,88.44
2026-04-15,VAMO3,4.29
2026-04-15,VBBR3,34.2
2026-04-15,VIVA3,27.57
2026-04-15,VIVT3,41.79
2026-04-15,WEGE3,49.96
2026-04-15,YDUQ3,11.83
2026-04-16,ABEV3,15.43
2026-04-16,ALOS3,33.27
2026-04-16,AMOB3,13.38
2026-04-16,ASAI3,9.26
2026-04-16,AURE3,14.31
2026-04-16,AXIA3,65.56
2026-04-16,AZZA3,22.22
2026-04-16,B3SA3,19.78
2026-04-16,BBAS3,24.28
2026-04-16,BBDC3,18.12
2026-04-16,BBDC4,20.85
2026-04-16,BBSE3,35.01
2026-04-16,BEEF3,4.12
2026-04-16,BPAC11,64.34
2026-04-16,BRAP4,25.05
2026-04-16,BRAV3,20.86
2026-04-16,BRKM5,9.37
2026-04-16,CEAB3,13.05
2026-04-16,CMIG4,13.52
2026-04-16,CMIN3,4.96
2026-04-16,COGN3,3.24
2026-04-16,CPFE3,56.26
2026-04-16,CPLE3,16.8
2026-04-16,CSAN3,5.34
2026-04-16,CSMG3,57.4
2026-04-16,CSNA3,6.62
2026-04-16,CURY3,34.21
2026-04-16,CVCB3,1.96
2026-04-16,CXSE3,18.88
2026-04-16,CYRE3,27.25
2026-04-16,DIRR3,14.27
2026-04-16,EGIE3,38.19
2026-04-16,EMBJ3,83.03
2026-04-16,ENEV3,27.14
2026-04-16,ENGI11,57.7
2026-04-16,EQTL3,45.26
2026-04-16,FLRY3,17.09
2026-04-16,GGBR4,21.53
2026-04-16,GOAU4,9.36
2026-04-16,HAPV3,12.35
2026-04-16,HYPE3,23.03
2026-04-16,IGTI11,29.82
2026-04-16,IRBR3,57.69
2026-04-16,ISAE4,31.34
2026-04-16,ITSA4,14.81
2026-04-16,ITUB4,46.98
2026-04-16,KLBN11,18.95
2026-04-16,LREN3,15.05
2026-04-16,LWSA3,4.1
2026-04-16,MBRF3,19.65
2026-04-16,MGLU3,9.25
2026-04-16,MOTV3,17.28
2026-04-16,MRVE3,7.61
2026-04-16,MULT3,34.41
2026-04-16,NATU3,10.1
2026-04-16,PCAR3,2.35
2026-04-16,PETR3,53.66
2026-04-16,PETR4,48.58
2026-04-16,POMO4,6.86
2026-04-16,PRIO3,64.25
2026-04-16,PSSA3,53.69
2026-04-16,RADL3,23.25
2026-04-16,RAIL3,16.59
2026-04-16,RAIZ4,0.53
2026-04-16,RDOR3,39.25
2026-04-16,RECV3,13.58
2026-04-16,RENT3,50.78
2026-04-16,SANB11,31.45
2026-04-16,SBSP3,167.9
2026-04-16,SLCE3,18.1
2026-04-16,SMFT3,18.25
2026-04-16,SMTO3,17.2
2026-04-16,SUZB3,47.53
2026-04-16,TAEE11,44.3
2026-04-16,TEND3,32.62
2026-04-16,TIMS3,26.54
2026-04-16,TOTS3,34.77
2026-04-16,UGPA3,30.38
2026-04-16,USIM5,6.99
2026-04-16,VALE3,87.44
2026-04-16,VAMO3,4.15
2026-04-16,VBBR3,33.59
2026-04-16,VIVA3,27.5
2026-04-16,VIVT3,40.95
2026-04-16,WEGE3,48.4
2026-04-16,YDUQ3,11.69
2026-04-17,ABEV3,15.33
2026-04-17,ALOS3,33.8
2026-04-17,AMOB3,13.85
2026-04-17,ASAI3,9.45
2026-04-17,AURE3,14.45
2026-04-17,AXIA3,63.49
2026-04-17,AZZA3,22.12
2026-04-17,B3SA3,19.43
2026-04-17,BBAS3,24.4
2026-04-17,BBDC3,18.3
2026-04-17,BBDC4,21.26
2026-04-17,BBSE3,34.92
2026-04-17,BEEF3,4.15
2026-04-17,BPAC11,63.6
2026-04-17,BRAP4,25.49
2026-04-17,BRAV3,19.55
2026-04-17,BRKM5,8.85
2026-04-17,CEAB3,13.27
2026-04-17,CMIG4,13.64
2026-04-17,CMIN3,4.98
2026-04-17,COGN3,3.27
2026-04-17,CPFE3,55.01
2026-04-17,CPLE3,16.66
2026-04-17,CSAN3,5.25
2026-04-17,CSMG3,57.35
2026-04-17,CSNA3,6.79
2026-04-17,CURY3,35.11
2026-04-17,CVCB3,2.13
2026-04-17,CXSE3,18.92
2026-04-17,CYRE3,27.72
2026-04-17,DIRR3,14.91
2026-04-17,EGIE3,37.51
2026-04-17,EMBJ3,84.55
2026-04-17,ENEV3,26.92
2026-04-17,ENGI11,57.35
2026-04-17,EQTL3,45.19
2026-04-17,FLRY3,16.65
2026-04-17,GGBR4,21.54
2026-04-17,GOAU4,9.5
2026-04-17,HAPV3,12.23
2026-04-17,HYPE3,23.45
2026-04-17,IGTI11,30.38
2026-04-17,IRBR3,58.01
2026-04-17,ISAE4,31.03
2026-04-17,ITSA4,14.81
2026-04-17,ITUB4,46.8
2026-04-17,KLBN11,18.78
2026-04-17,LREN3,15.43
2026-04-17,LWSA3,4.19
2026-04-17,MBRF3,19.61
2026-04-17,MGLU3,9.29
2026-04-17,MOTV3,17.61
2026-04-17,MRVE3,7.69
2026-04-17,MULT3,34.79
2026-04-17,NATU3,10.15
2026-04-17,PCAR3,2.35
2026-04-17,PETR3,50.81
2026-04-17,PETR4,46.22
2026-04-17,POMO4,7.01
2026-04-17,PRIO3,61.66
2026-04-17,PSSA3,54.31
2026-04-17,RADL3,23.14
2026-04-17,RAIL3,16.55
2026-04-17,RAIZ4,0.52
2026-04-17,RDOR3,40.03
2026-04-17,RECV3,13.02
2026-04-17,RENT3,51.14
2026-04-17,SANB11,31.59
2026-04-17,SBSP3,168.68
2026-04-17,SLCE3,17.74
2026-04-17,SMFT3,18.73
2026-04-17,SMTO3,16.39
2026-04-17,SUZB3,47.93
2026-04-17,TAEE11,45.01
2026-04-17,TEND3,32.84
2026-04-17,TIMS3,26.8
2026-04-17,TOTS3,35.44
2026-04-17,UGPA3,29.76
2026-04-17,USIM5,7.21
2026-04-17,VALE3,89.75
2026-04-17,VAMO3,4.41
2026-04-17,VBBR3,33.21
2026-04-17,VIVA3,27.67
2026-04-17,VIVT3,40.69
2026-04-17,WEGE3,48.65
2026-04-17,YDUQ3,11.71
2026-04-20,ABEV3,15.31
2026-04-20,ALOS3,33.5
2026-04-20,AMOB3,13.69
2026-04-20,ASAI3,9.55
2026-04-20,AURE3,14.61
2026-04-20,AXIA3,63.93
2026-04-20,AZZA3,21.87
2026-04-20,B3SA3,19.25
2026-04-20,BBAS3,24.28
2026-04-20,BBDC3,18.06
2026-04-20,BBDC4,21.03
2026-04-20,BBSE3,35.28
2026-04-20,BEEF3,4.13
2026-04-20,BPAC11,64.13
2026-04-20,BRAP4,25.18
2026-04-20,BRAV3,20.4
2026-04-20,BRKM5,8.98
2026-04-20,CEAB3,12.98
2026-04-20,CMIG4,13.73
2026-04-20,CMIN3,5.04
2026-04-20,COGN3,3.3
2026-04-20,CPFE3,55.42
2026-04-20,CPLE3,16.9
2026-04-20,CSAN3,5.3
2026-04-20,CSMG3,58.03
2026-04-20,CSNA3,6.82
2026-04-20,CURY3,34.57
2026-04-20,CVCB3,2.13
2026-04-20,CXSE3,19.03
2026-04-20,CYRE3,27.77
2026-04-20,DIRR3,14.9
2026-04-20,EGIE3,37.42
2026-04-20,EMBJ3,84.79
2026-04-20,ENEV3,27.29
2026-04-20,ENGI11,57.47
2026-04-20,EQTL3,45.06
2026-04-20,FLRY3,16.68
2026-04-20,GGBR4,21.44
2026-04-20,GOAU4,9.45
2026-04-20,HAPV3,12.38
2026-04-20,HYPE3,23.49
2026-04-20,IGTI11,30.06
2026-04-20,IRBR3,58.3
2026-04-20,ISAE4,30.83
2026-04-20,ITSA4,14.74
2026-04-20,ITUB4,46.37
2026-04-20,KLBN11,18.76
2026-04-20,LREN3,15.15
2026-04-20,LWSA3,4.15
2026-04-20,MBRF3,19.57
2026-04-20,MGLU3,9.35
2026-04-20,MOTV3,17.45
2026-04-20,MRVE3,7.67
2026-04-20,MULT3,34.43
2026-04-20,NATU3,10.18
2026-04-20,PCAR3,2.59
2026-04-20,PETR3,51.74
2026-04-20,PETR4,47.02
2026-04-20,POMO4,7.1
2026-04-20,PRIO3,61.63
2026-04-20,PSSA3,55.41
2026-04-20,RADL3,23.36
2026-04-20,RAIL3,16.47
2026-04-20,RAIZ4,0.54
2026-04-20,RDOR3,39.44
2026-04-20,RECV3,13.1
2026-04-20,RENT3,51.98
2026-04-20,SANB11,31.6
2026-04-20,SBSP3,176.04
2026-04-20,SLCE3,17.85
2026-04-20,SMFT3,18.82
2026-04-20,SMTO3,16.49
2026-04-20,SUZB3,47.8
2026-04-20,TAEE11,45.86
2026-04-20,TEND3,32.73
2026-04-20,TIMS3,26.85
2026-04-20,TOTS3,34.87
2026-04-20,UGPA3,29.87
2026-04-20,USIM5,7.27
2026-04-20,VALE3,88.73
2026-04-20,VAMO3,4.57
2026-04-20,VBBR3,33.36
2026-04-20,VIVA3,27.51
2026-04-20,VIVT3,41.01
2026-04-20,WEGE3,48.48
2026-04-20,YDUQ3,11.79
2026-04-22,ABEV3,15.0
2026-04-22,ALOS3,32.86
2026-04-22,AMOB3,13.6
2026-04-22,ASAI3,9.57
2026-04-22,AURE3,14.14
2026-04-22,AXIA3,63.08
2026-04-22,AZZA3,21.43
2026-04-22,B3SA3,19.07
2026-04-22,BBAS3,23.4
2026-04-22,BBDC3,17.58
2026-04-22,BBDC4,20.41
2026-04-22,BBSE3,34.7
2026-04-22,BEEF3,4.04
2026-04-22,BPAC11,62.03
2026-04-22,BRAP4,24.58
2026-04-22,BRAV3,20.4
2026-04-22,BRKM5,8.58
2026-04-22,CEAB3,12.47
2026-04-22,CMIG4,13.42
2026-04-22,CMIN3,4.94
2026-04-22,COGN3,3.07
2026-04-22,CPFE3,53.61
2026-04-22,CPLE3,16.71
2026-04-22,CSAN3,5.17
2026-04-22,CSMG3,57.82
2026-04-22,CSNA3,6.64
2026-04-22,CURY3,34.13
2026-04-22,CVCB3,2.12
2026-04-22,CXSE3,18.73
2026-04-22,CYRE3,27.09
2026-04-22,DIRR3,14.43
2026-04-22,EGIE3,36.73
2026-04-22,EMBJ3,79.69
2026-04-22,ENEV3,27.03
2026-04-22,ENGI11,55.93
2026-04-22,EQTL3,43.75
2026-04-22,FLRY3,16.5
2026-04-22,GGBR4,21.72
2026-04-22,GOAU4,9.55
2026-04-22,HAPV3,12.65
2026-04-22,HYPE3,23.0
2026-04-22,IGTI11,29.55
2026-04-22,IRBR3,55.33
2026-04-22,ISAE4,30.47
2026-04-22,ITSA4,14.41
2026-04-22,ITUB4,45.03
2026-04-22,KLBN11,18.7
2026-04-22,LREN3,14.62
2026-04-22,LWSA3,4.17
2026-04-22,MBRF3,18.69
2026-04-22,MGLU3,8.95
2026-04-22,MOTV3,16.81
2026-04-22,MRVE3,7.59
2026-04-22,MULT3,33.67
2026-04-22,NATU3,10.16
2026-04-22,PCAR3,2.6
2026-04-22,PETR3,52.7
2026-04-22,PETR4,47.67
2026-04-22,POMO4,6.88
2026-04-22,PRIO3,62.7
2026-04-22,PSSA3,54.02
2026-04-22,RADL3,22.71
2026-04-22,RAIL3,16.23
2026-04-22,RAIZ4,0.53
2026-04-22,RDOR3,38.64
2026-04-22,RECV3,13.6
2026-04-22,RENT3,50.5
2026-04-22,SANB11,30.11
2026-04-22,SBSP3,172.88
2026-04-22,SLCE3,17.68
2026-04-22,SMFT3,18.69
2026-04-22,SMTO3,16.3
2026-04-22,SUZB3,47.35
2026-04-22,TAEE11,45.22
2026-04-22,TEND3,32.55
2026-04-22,TIMS3,25.65
2026-04-22,TOTS3,33.81
2026-04-22,UGPA3,29.26
2026-04-22,USIM5,7.25
2026-04-22,VALE3,87.22
2026-04-22,VAMO3,4.58
2026-04-22,VBBR3,33.21
2026-04-22,VIVA3,27.12
2026-04-22,VIVT3,39.45
2026-04-22,WEGE3,47.4
2026-04-22,YDUQ3,11.15
2026-04-23,ABEV3,14.74
2026-04-23,ALOS3,31.89
2026-04-23,AMOB3,13.7
2026-04-23,ASAI3,9.55
2026-04-23,AURE3,14.0
2026-04-23,AXIA3,63.28
2026-04-23,AZZA3,21.93
2026-04-23,B3SA3,19.03
2026-04-23,BBAS3,23.0
2026-04-23,BBDC3,17.21
2026-04-23,BBDC4,19.97
2026-04-23,BBSE3,34.27
2026-04-23,BEEF3,3.99
2026-04-23,BPAC11,60.96
2026-04-23,BRAP4,24.06
2026-04-23,BRAV3,20.17
2026-04-23,BRKM5,8.15
2026-04-23,CEAB3,11.74
2026-04-23,CMIG4,13.34
2026-04-23,CMIN3,4.8
2026-04-23,COGN3,2.95
2026-04-23,CPFE3,54.14
2026-04-23,CPLE3,16.81
2026-04-23,CSAN3,5.09
2026-04-23,CSMG3,56.55
2026-04-23,CSNA3,6.39
2026-04-23,CURY3,33.6
2026-04-23,CVCB3,2.03
2026-04-23,CXSE3,18.52
2026-04-23,CYRE3,27.05
2026-04-23,DIRR3,13.87
2026-04-23,EGIE3,36.94
2026-04-23,EMBJ3,78.76
2026-04-23,ENEV3,26.94
2026-04-23,ENGI11,55.5
2026-04-23,EQTL3,43.92
2026-04-23,FLRY3,16.32
2026-04-23,GGBR4,21.68
2026-04-23,GOAU4,9.52
2026-04-23,HAPV3,13.3
2026-04-23,HYPE3,22.66
2026-04-23,IGTI11,28.71
2026-04-23,IRBR3,54.33
2026-04-23,ISAE4,30.02
2026-04-23,ITSA4,14.16
2026-04-23,ITUB4,44.18
2026-04-23,KLBN11,18.11
2026-04-23,LREN3,14.34
2026-04-23,LWSA3,4.01
2026-04-23,MBRF3,18.28
2026-04-23,MGLU3,8.65
2026-04-23,MOTV3,16.48
2026-04-23,MRVE3,7.46
2026-04-23,MULT3,32.85
2026-04-23,NATU3,10.15
2026-04-23,PCAR3,2.42
2026-04-23,PETR3,52.75
2026-04-23,PETR4,47.77
2026-04-23,POMO4,6.75
2026-04-23,PRIO3,62.72
2026-04-23,PSSA3,51.4
2026-04-23,RADL3,22.05
2026-04-23,RAIL3,15.92
2026-04-23,RAIZ4,0.5
2026-04-23,RDOR3,37.86
2026-04-23,RECV3,13.64
2026-04-23,RENT3,49.39
2026-04-23,SANB11,29.86
2026-04-23,SBSP3,172.09
2026-04-23,SLCE3,17.53
2026-04-23,SMFT3,18.25
2026-04-23,SMTO3,16.16
2026-04-23,SUZB3,46.69
2026-04-23,TAEE11,44.66
2026-04-23,TEND3,31.7
2026-04-23,TIMS3,26.05
2026-04-23,TOTS3,32.62
2026-04-23,UGPA3,28.94
2026-04-23,USIM5,7.21
2026-04-23,VALE3,85.97
2026-04-23,VAMO3,4.32
2026-04-23,VBBR3,33.25
2026-04-23,VIVA3,26.3
2026-04-23,VIVT3,39.94
2026-04-23,WEGE3,48.28
2026-04-23,YDUQ3,10.75
2026-04-24,ABEV3,14.5
2026-04-24,ALOS3,31.61
2026-04-24,AMOB3,13.97
2026-04-24,ASAI3,9.42
2026-04-24,AURE3,14.07
2026-04-24,AXIA3,62.87
2026-04-24,AZZA3,22.15
2026-04-24,B3SA3,18.98
2026-04-24,BBAS3,22.7
2026-04-24,BBDC3,17.11
2026-04-24,BBDC4,19.92
2026-04-24,BBSE3,34.29
2026-04-24,BEEF3,4.0
2026-04-24,BPAC11,60.88
2026-04-24,BRAP4,23.95
2026-04-24,BRAV3,19.01
2026-04-24,BRKM5,8.58
2026-04-24,CEAB3,11.55
2026-04-24,CMIG4,13.05
2026-04-24,CMIN3,4.74
2026-04-24,COGN3,2.97
2026-04-24,CPFE3,53.32
2026-04-24,CPLE3,16.59
2026-04-24,CSAN3,5.11
2026-04-24,CSMG3,57.32
2026-04-24,CSNA3,6.43
2026-04-24,CURY3,32.74
2026-04-24,CVCB3,2.0
2026-04-24,CXSE3,18.36
2026-04-24,CYRE3,26.6
2026-04-24,DIRR3,13.7
2026-04-24,EGIE3,36.67
2026-04-24,EMBJ3,78.35
2026-04-24,ENEV3,27.33
2026-04-24,ENGI11,55.29
2026-04-24,EQTL3,44.11
2026-04-24,FLRY3,16.21
2026-04-24,GGBR4,21.77
2026-04-24,GOAU4,9.49
2026-04-24,HAPV3,14.09
2026-04-24,HYPE3,22.54
2026-04-24,IGTI11,28.65
2026-04-24,IRBR3,53.89
2026-04-24,ISAE4,29.49
2026-04-24,ITSA4,14.22
2026-04-24,ITUB4,44.37
2026-04-24,KLBN11,17.94
2026-04-24,LREN3,14.28
2026-04-24,LWSA3,3.99
2026-04-24,MBRF3,18.1
2026-04-24,MGLU3,8.73
2026-04-24,MOTV3,16.48
2026-04-24,MRVE3,7.3
2026-04-24,MULT3,32.73
2026-04-24,NATU3,10.15
2026-04-24,PCAR3,2.4
2026-04-24,PETR3,52.24
2026-04-24,PETR4,47.16
2026-04-24,POMO4,6.69
2026-04-24,PRIO3,62.63
2026-04-24,PSSA3,51.88
2026-04-24,RADL3,22.52
2026-04-24,RAIL3,15.82
2026-04-24,RAIZ4,0.52
2026-04-24,RDOR3,38.71
2026-04-24,RECV3,13.47
2026-04-24,RENT3,49.29
2026-04-24,SANB11,29.68
2026-04-24,SBSP3,172.31
2026-04-24,SLCE3,17.37
2026-04-24,SMFT3,18.0
2026-04-24,SMTO3,16.64
2026-04-24,SUZB3,45.64
2026-04-24,TAEE11,44.11
2026-04-24,TEND3,31.29
2026-04-24,TIMS3,26.1
2026-04-24,TOTS3,32.07
2026-04-24,UGPA3,29.08
2026-04-24,USIM5,7.61
2026-04-24,VALE3,85.87
2026-04-24,VAMO3,4.18
2026-04-24,VBBR3,33.3
2026-04-24,VIVA3,26.14
2026-04-24,VIVT3,40.18
2026-04-24,WEGE3,47.8
2026-04-24,YDUQ3,10.5
2026-04-27,ABEV3,14.54
2026-04-27,ALOS3,31.27
2026-04-27,AMOB3,14.0
2026-04-27,ASAI3,9.58
2026-04-27,AURE3,13.82
2026-04-27,AXIA3,62.45
2026-04-27,AZZA3,21.9
2026-04-27,B3SA3,18.72
2026-04-27,BBAS3,22.51
2026-04-27,BBDC3,16.97
2026-04-27,BBDC4,19.73
2026-04-27,BBSE3,33.95
2026-04-27,BEEF3,3.93
2026-04-27,BPAC11,60.51
2026-04-27,BRAP4,23.85
2026-04-27,BRAV3,18.99
2026-04-27,BRKM5,8.44
2026-04-27,CEAB3,11.2
2026-04-27,CMIG4,12.8
2026-04-27,CMIN3,4.76
2026-04-27,COGN3,2.92
2026-04-27,CPFE3,52.8
2026-04-27,CPLE3,16.3
2026-04-27,CSAN3,5.0
2026-04-27,CSMG3,56.01
2026-04-27,CSNA3,6.4
2026-04-27,CURY3,30.2
2026-04-27,CVCB3,1.98
2026-04-27,CXSE3,18.23
2026-04-27,CYRE3,25.06
2026-04-27,DIRR3,13.09
2026-04-27,EGIE3,36.2
2026-04-27,EMBJ3,78.31
2026-04-27,ENEV3,27.21
2026-04-27,ENGI11,54.3
2026-04-27,EQTL3,43.39
2026-04-27,FLRY3,15.99
2026-04-27,GGBR4,21.66
2026-04-27,GOAU4,9.45
2026-04-27,HAPV3,13.15
2026-04-27,HYPE3,22.71
2026-04-27,IGTI11,28.39
2026-04-27,IRBR3,52.74
2026-04-27,ISAE4,29.21
2026-04-27,ITSA4,14.1
2026-04-27,ITUB4,43.99
2026-04-27,KLBN11,17.87
2026-04-27,LREN3,13.97
2026-04-27,LWSA3,3.77
2026-04-27,MBRF3,18.16
2026-04-27,MGLU3,8.53
2026-04-27,MOTV3,16.08
2026-04-27,MRVE3,6.9
2026-04-27,MULT3,32.49
2026-04-27,NATU3,10.26
2026-04-27,PCAR3,2.34
2026-04-27,PETR3,52.42
2026-04-27,PETR4,47.37
2026-04-27,POMO4,6.63
2026-04-27,PRIO3,64.35
2026-04-27,PSSA3,51.54
2026-04-27,RADL3,22.43
2026-04-27,RAIL3,15.6
2026-04-27,RAIZ4,0.49
2026-04-27,RDOR3,38.43
2026-04-27,RECV3,13.1
2026-04-27,RENT3,48.32
2026-04-27,SANB11,29.67
2026-04-27,SBSP3,169.86
2026-04-27,SLCE3,17.24
2026-04-27,SMFT3,17.44
2026-04-27,SMTO3,16.0
2026-04-27,SUZB3,45.3
2026-04-27,TAEE11,43.61
2026-04-27,TEND3,28.58
2026-04-27,TIMS3,25.77
2026-04-27,TOTS3,31.33
2026-04-27,UGPA3,29.15
2026-04-27,USIM5,8.14
2026-04-27,VALE3,85.5
2026-04-27,VAMO3,4.08
2026-04-27,VBBR3,32.96
2026-04-27,VIVA3,25.46
2026-04-27,VIVT3,39.71
2026-04-27,WEGE3,48.19
2026-04-27,YDUQ3,10.14
2026-04-28,ABEV3,14.58
2026-04-28,ALOS3,30.99
2026-04-28,AMOB3,14.19
2026-04-28,ASAI3,9.03
2026-04-28,AURE3,13.92
2026-04-28,AXIA3,62.08
2026-04-28,AZZA3,21.5
2026-04-28,B3SA3,18.53
2026-04-28,BBAS3,22.54
2026-04-28,BBDC3,16.87
2026-04-28,BBDC4,19.57
2026-04-28,BBSE3,34.04
2026-04-28,BEEF3,3.96
2026-04-28,BPAC11,60.18
2026-04-28,BRAP4,23.71
2026-04-28,BRAV3,19.04
2026-04-28,BRKM5,8.47
2026-04-28,CEAB3,11.35
2026-04-28,CMIG4,12.79
2026-04-28,CMIN3,4.67
2026-04-28,COGN3,2.89
2026-04-28,CPFE3,51.55
2026-04-28,CPLE3,16.13
2026-04-28,CSAN3,5.18
2026-04-28,CSMG3,55.21
2026-04-28,CSNA3,6.42
2026-04-28,CURY3,29.75
2026-04-28,CVCB3,1.97
2026-04-28,CXSE3,18.16
2026-04-28,CYRE3,24.2
2026-04-28,DIRR3,13.01
2026-04-28,EGIE3,35.14
2026-04-28,EMBJ3,78.67
2026-04-28,ENEV3,27.08
2026-04-28,ENGI11,53.73
2026-04-28,EQTL3,42.64
2026-04-28,FLRY3,15.92
2026-04-28,GGBR4,22.56
2026-04-28,GOAU4,9.88
2026-04-28,HAPV3,12.04
2026-04-28,HYPE3,22.01
2026-04-28,IGTI11,28.03
2026-04-28,IRBR3,53.09
2026-04-28,ISAE4,29.17
2026-04-28,ITSA4,14.04
2026-04-28,ITUB4,44.1
2026-04-28,KLBN11,17.82
2026-04-28,LREN3,14.01
2026-04-28,LWSA3,3.82
2026-04-28,MBRF3,18.09
2026-04-28,MGLU3,8.54
2026-04-28,MOTV3,15.99
2026-04-28,MRVE3,6.95
2026-04-28,MULT3,32.24
2026-04-28,NATU3,10.21
2026-04-28,PCAR3,2.42
2026-04-28,PETR3,52.8
2026-04-28,PETR4,47.52
2026-04-28,POMO4,6.45
2026-04-28,PRIO3,64.4
2026-04-28,PSSA3,51.12
2026-04-28,RADL3,22.05
2026-04-28,RAIL3,15.59
2026-04-28,RAIZ4,0.47
2026-04-28,RDOR3,38.43
2026-04-28,RECV3,12.95
2026-04-28,RENT3,47.31
2026-04-28,SANB11,29.42
2026-04-28,SBSP3,167.0
2026-04-28,SLCE3,16.85
2026-04-28,SMFT3,17.1
2026-04-28,SMTO3,16.05
2026-04-28,SUZB3,45.45
2026-04-28,TAEE11,43.14
2026-04-28,TEND3,28.48
2026-04-28,TIMS3,25.22
2026-04-28,TOTS3,31.59
2026-04-28,UGPA3,29.45
2026-04-28,USIM5,8.17
2026-04-28,VALE3,84.39
2026-04-28,VAMO3,4.06
2026-04-28,VBBR3,32.96
2026-04-28,VIVA3,24.9
2026-04-28,VIVT3,38.92
2026-04-28,WEGE3,47.29
2026-04-28,YDUQ3,9.92
2026-04-29,ABEV3,14.33
2026-04-29,ALOS3,30.12
2026-04-29,AMOB3,13.46
2026-04-29,ASAI3,8.74
2026-04-29,AURE3,13.74
2026-04-29,AXIA3,60.5
2026-04-29,AZZA3,21.15
2026-04-29,B3SA3,17.88
2026-04-29,BBAS3,21.71
2026-04-29,BBDC3,16.52
2026-04-29,BBDC4,19.11
2026-04-29,BBSE3,33.75
2026-04-29,BEEF3,3.8
2026-04-29,BPAC11,58.57
2026-04-29,BRAP4,22.61
2026-04-29,BRAV3,18.9
2026-04-29,BRKM5,8.94
2026-04-29,CEAB3,10.96
2026-04-29,CMIG4,12.41
2026-04-29,CMIN3,4.59
2026-04-29,COGN3,2.74
2026-04-29,CPFE3,50.61
2026-04-29,CPLE3,15.77
2026-04-29,CSAN3,4.95
2026-04-29,CSMG3,53.8
2026-04-29,CSNA3,6.16
2026-04-29,CURY3,29.32
2026-04-29,CVCB3,1.93
2026-04-29,CXSE3,17.74
2026-04-29,CYRE3,23.4
2026-04-29,DIRR3,12.76
2026-04-29,EGIE3,34.65
2026-04-29,EMBJ3,76.29
2026-04-29,ENEV3,26.56
2026-04-29,ENGI11,51.98
2026-04-29,EQTL3,41.7
2026-04-29,FLRY3,16.03
2026-04-29,GGBR4,22.46
2026-04-29,GOAU4,9.79
2026-04-29,HAPV3,11.75
2026-04-29,HYPE3,22.73
2026-04-29,IGTI11,27.53
2026-04-29,IRBR3,52.43
2026-04-29,ISAE4,28.73
2026-04-29,ITSA4,13.66
2026-04-29,ITUB4,42.87
2026-04-29,KLBN11,17.61
2026-04-29,LREN3,13.42
2026-04-29,LWSA3,3.73
2026-04-29,MBRF3,17.39
2026-04-29,MGLU3,8.08
2026-04-29,MOTV3,15.54
2026-04-29,MRVE3,6.78
2026-04-29,MULT3,31.56
2026-04-29,NATU3,10.1
2026-04-29,PCAR3,2.28
2026-04-29,PETR3,54.47
2026-04-29,PETR4,48.96
2026-04-29,POMO4,6.4
2026-04-29,PRIO3,66.38
2026-04-29,PSSA3,49.5
2026-04-29,RADL3,21.45
2026-04-29,RAIL3,15.47
2026-04-29,RAIZ4,0.46
2026-04-29,RDOR3,37.74
2026-04-29,RECV3,12.8
2026-04-29,RENT3,45.2
2026-04-29,SANB11,28.64
2026-04-29,SBSP3,32.99
2026-04-29,SLCE3,16.98
2026-04-29,SMFT3,16.74
2026-04-29,SMTO3,16.15
2026-04-29,SUZB3,44.82
2026-04-29,TAEE11,42.57
2026-04-29,TEND3,27.35
2026-04-29,TIMS3,24.81
2026-04-29,TOTS3,31.2
2026-04-29,UGPA3,29.12
2026-04-29,USIM5,8.0
2026-04-29,VALE3,79.44
2026-04-29,VAMO3,3.91
2026-04-29,VBBR3,32.42
2026-04-29,VIVA3,24.95
2026-04-29,VIVT3,38.05
2026-04-29,WEGE3,44.1
2026-04-29,YDUQ3,9.66
2026-04-30,ABEV3,14.51
2026-04-30,ALOS3,30.65
2026-04-30,AMOB3,14.17
2026-04-30,ASAI3,8.85
2026-04-30,AURE3,13.89
2026-04-30,AXIA3,62.05
2026-04-30,AZZA3,21.62
2026-04-30,B3SA3,18.03
2026-04-30,BBAS3,22.21
2026-04-30,BBDC3,16.72
2026-04-30,BBDC4,19.32
2026-04-30,BBSE3,33.88
2026-04-30,BEEF3,3.8
2026-04-30,BPAC11,59.34
2026-04-30,BRAP4,22.94
2026-04-30,BRAV3,19.13
2026-04-30,BRKM5,9.15
2026-04-30,CEAB3,11.32
2026-04-30,CMIG4,12.54
2026-04-30,CMIN3,4.67
2026-04-30,COGN3,2.78
2026-04-30,CPFE3,48.93
2026-04-30,CPLE3,15.9
2026-04-30,CSAN3,5.04
2026-04-30,CSMG3,54.04
2026-04-30,CSNA3,6.23
2026-04-30,CURY3,30.06
2026-04-30,CVCB3,1.93
2026-04-30,CXSE3,18.09
2026-04-30,CYRE3,23.49
2026-04-30,DIRR3,12.85
2026-04-30,EGIE3,35.31
2026-04-30,EMBJ3,77.04
2026-04-30,ENEV3,27.08
2026-04-30,ENGI11,52.82
2026-04-30,EQTL3,42.32
2026-04-30,FLRY3,16.08
2026-04-30,GGBR4,22.61
2026-04-30,GOAU4,9.93
2026-04-30,HAPV3,12.39
2026-04-30,HYPE3,22.53
2026-04-30,IGTI11,27.5
2026-04-30,IRBR3,53.5
2026-04-30,ISAE4,29.51
2026-04-30,ITSA4,13.92
2026-04-30,ITUB4,43.19
2026-04-30,KLBN11,17.48
2026-04-30,LREN3,13.6
2026-04-30,LWSA3,3.79
2026-04-30,MBRF3,17.43
2026-04-30,MGLU3,8.23
2026-04-30,MOTV3,16.0
2026-04-30,MRVE3,6.92
2026-04-30,MULT3,31.72
2026-04-30,NATU3,10.19
2026-04-30,PCAR3,2.4
2026-04-30,PETR3,54.73
2026-04-30,PETR4,49.08
2026-04-30,POMO4,6.48
2026-04-30,PRIO3,66.41
2026-04-30,PSSA3,49.79
2026-04-30,RADL3,21.94
2026-04-30,RAIL3,15.73
2026-04-30,RAIZ4,0.47
2026-04-30,RDOR3,38.37
2026-04-30,RECV3,12.96
2026-04-30,RENT3,45.91
2026-04-30,SANB11,29.04
2026-04-30,SBSP3,33.15
2026-04-30,SLCE3,17.0
2026-04-30,SMFT3,17.27
2026-04-30,SMTO3,16.17
2026-04-30,SUZB3,43.84
2026-04-30,TAEE11,42.52
2026-04-30,TEND3,28.1
2026-04-30,TIMS3,25.75
2026-04-30,TOTS3,31.86
2026-04-30,UGPA3,29.94
2026-04-30,USIM5,8.29
2026-04-30,VALE3,81.18
2026-04-30,VAMO3,3.96
2026-04-30,VBBR3,33.3
2026-04-30,VIVA3,25.81
2026-04-30,VIVT3,39.25
2026-04-30,WEGE3,44.86
2026-04-30,YDUQ3,9.86
2026-05-04,ABEV3,14.44
2026-05-04,ALOS3,30.23
2026-05-04,AMOB3,14.0
2026-05-04,ASAI3,9.01
2026-05-04,AURE3,13.87
2026-05-04,AXIA3,61.89
2026-05-04,AZZA3,21.85
2026-05-04,B3SA3,17.87
2026-05-04,BBAS3,21.91
2026-05-04,BBDC3,16.37
2026-05-04,BBDC4,18.91
2026-05-04,BBSE3,33.85
2026-05-04,BEEF3,3.98
2026-05-04,BPAC11,58.11
2026-05-04,BRAP4,22.53
2026-05-04,BRAV3,18.74
2026-05-04,BRKM5,9.5
2026-05-04,CEAB3,11.15
2026-05-04,CMIG4,12.18
2026-05-04,CMIN3,4.59
2026-05-04,COGN3,2.73
2026-05-04,CPFE3,48.1
2026-05-04,CPLE3,15.87
2026-05-04,CSAN3,5.1
2026-05-04,CSMG3,54.43
2026-05-04,CSNA3,6.08
2026-05-04,CURY3,29.19
2026-05-04,CVCB3,2.38
2026-05-04,CXSE3,17.52
2026-05-04,CYRE3,22.32
2026-05-04,DIRR3,12.76
2026-05-04,EGIE3,35.15
2026-05-04,EMBJ3,79.0
2026-05-04,ENEV3,27.23
2026-05-04,ENGI11,52.48
2026-05-04,EQTL3,42.05
2026-05-04,FLRY3,16.29
2026-05-04,GGBR4,22.65
2026-05-04,GOAU4,9.85
2026-05-04,HAPV3,11.5
2026-05-04,HYPE3,22.78
2026-05-04,IGTI11,27.35
2026-05-04,IRBR3,51.54
2026-05-04,ISAE4,29.32
2026-05-04,ITSA4,13.6
2026-05-04,ITUB4,42.4
2026-05-04,KLBN11,17.28
2026-05-04,LREN3,13.52
2026-05-04,LWSA3,3.83
2026-05-04,MBRF3,18.0
2026-05-04,MGLU3,8.0
2026-05-04,MOTV3,15.64
2026-05-04,MRVE3,6.68
2026-05-04,MULT3,31.22
2026-05-04,NATU3,10.32
2026-05-04,PCAR3,2.5
2026-05-04,PETR3,54.29
2026-05-04,PETR4,49.34
2026-05-04,POMO4,6.35
2026-05-04,PRIO3,70.16
2026-05-04,PSSA3,49.4
2026-05-04,RADL3,21.5
2026-05-04,RAIL3,16.24
2026-05-04,RAIZ4,0.47
2026-05-04,RDOR3,37.9
2026-05-04,RECV3,12.79
2026-05-04,RENT3,44.98
2026-05-04,SANB11,28.56
2026-05-04,SBSP3,32.84
2026-05-04,SLCE3,17.33
2026-05-04,SMFT3,17.0
2026-05-04,SMTO3,16.82
2026-05-04,SUZB3,42.58
2026-05-04,TAEE11,41.5
2026-05-04,TEND3,27.94
2026-05-04,TIMS3,25.83
2026-05-04,TOTS3,32.54
2026-05-04,UGPA3,29.93
2026-05-04,USIM5,8.23
2026-05-04,VALE3,78.66
2026-05-04,VAMO3,3.85
2026-05-04,VBBR3,32.82
2026-05-04,VIVA3,25.86
2026-05-04,VIVT3,39.05
2026-05-04,WEGE3,44.36
2026-05-04,YDUQ3,9.91
2026-05-05,ABEV3,16.65
2026-05-05,ALOS3,30.34
2026-05-05,AMOB3,14.98
2026-05-05,ASAI3,9.16
2026-05-05,AURE3,13.94
2026-05-05,AXIA3,62.06
2026-05-05,AZZA3,22.73
2026-05-05,B3SA3,18.01
2026-05-05,BBAS3,21.92
2026-05-05,BBDC3,16.53
2026-05-05,BBDC4,19.19
2026-05-05,BBSE3,34.45
2026-05-05,BEEF3,4.06
2026-05-05,BPAC11,57.94
2026-05-05,BRAP4,22.34
2026-05-05,BRAV3,18.48
2026-05-05,BRKM5,9.31
2026-05-05,CEAB3,11.47
2026-05-05,CMIG4,12.06
2026-05-05,CMIN3,4.6
2026-05-05,COGN3,2.73
2026-05-05,CPFE3,49.41
2026-05-05,CPLE3,15.9
2026-05-05,CSAN3,5.29
2026-05-05,CSMG3,54.55
2026-05-05,CSNA3,6.27
2026-05-05,CURY3,29.45
2026-05-05,CVCB3,2.44
2026-05-05,CXSE3,17.39
2026-05-05,CYRE3,22.78
2026-05-05,DIRR3,12.93
2026-05-05,EGIE3,34.04
2026-05-05,EMBJ3,78.73
2026-05-05,ENEV3,27.32
2026-05-05,ENGI11,53.04
2026-05-05,EQTL3,42.93
2026-05-05,FLRY3,16.38
2026-05-05,GGBR4,23.75
2026-05-05,GOAU4,10.26
2026-05-05,HAPV3,11.71
2026-05-05,HYPE3,23.2
2026-05-05,IGTI11,27.56
2026-05-05,IRBR3,53.3
2026-05-05,ISAE4,29.27
2026-05-05,ITSA4,13.66
2026-05-05,ITUB4,42.46
2026-05-05,KLBN11,17.4
2026-05-05,LREN3,14.05
2026-05-05,LWSA3,3.92
2026-05-05,MBRF3,17.65
2026-05-05,MGLU3,8.0
2026-05-05,MOTV3,15.6
2026-05-05,MRVE3,6.73
2026-05-05,MULT3,31.38
2026-05-05,NATU3,10.39
2026-05-05,PCAR3,2.72
2026-05-05,PETR3,53.54
2026-05-05,PETR4,48.66
2026-05-05,POMO4,6.28
2026-05-05,PRIO3,69.5
2026-05-05,PSSA3,49.18
2026-05-05,RADL3,22.17
2026-05-05,RAIL3,16.29
2026-05-05,RAIZ4,0.48
2026-05-05,RDOR3,38.73
2026-05-05,RECV3,12.9
2026-05-05,RENT3,45.9
2026-05-05,SANB11,28.77
2026-05-05,SAUD3,15.93
2026-05-05,SBSP3,33.29
2026-05-05,SLCE3,17.37
2026-05-05,SMFT3,17.69
2026-05-05,SMTO3,16.67
2026-05-05,SUZB3,42.4
2026-05-05,TAEE11,41.39
2026-05-05,TEND3,28.72
2026-05-05,TIMS3,26.53
2026-05-05,TOTS3,32.93
2026-05-05,UGPA3,29.67
2026-05-05,USIM5,8.65
2026-05-05,VALE3,78.39
2026-05-05,VAMO3,3.96
2026-05-05,VBBR3,32.81
2026-05-05,VIVA3,26.65
2026-05-05,VIVT3,39.73
2026-05-05,WEGE3,43.54
2026-05-05,YDUQ3,10.06
2026-05-06,ABEV3,16.95
2026-05-06,ALOS3,31.21
2026-05-06,AMOB3,15.0
2026-05-06,ASAI3,9.35
2026-05-06,AURE3,14.02
2026-05-06,AXIA3,61.8
2026-05-06,AZZA3,22.35
2026-05-06,B3SA3,18.36
2026-05-06,BBAS3,22.07
2026-05-06,BBDC3,16.64
2026-05-06,BBDC4,19.27
2026-05-06,BBSE3,34.83
2026-05-06,BEEF3,3.97
2026-05-06,BPAC11,59.02
2026-05-06,BRAP4,22.88
2026-05-06,BRAV3,18.14
2026-05-06,BRKM5,9.45
2026-05-06,CEAB3,12.28
2026-05-06,CMIG4,11.97
2026-05-06,CMIN3,4.81
2026-05-06,COGN3,2.81
2026-05-06,CPFE3,49.74
2026-05-06,CPLE3,15.75
2026-05-06,CSAN3,5.3
2026-05-06,CSMG3,55.25
2026-05-06,CSNA3,6.7
2026-05-06,CURY3,31.48
2026-05-06,CVCB3,2.47
2026-05-06,CXSE3,17.6
2026-05-06,CYRE3,23.2
2026-05-06,DIRR3,13.55
2026-05-06,EGIE3,33.82
2026-05-06,EMBJ3,83.92
2026-05-06,ENEV3,27.59
2026-05-06,ENGI11,54.05
2026-05-06,EQTL3,43.68
2026-05-06,FLRY3,16.83
2026-05-06,GGBR4,24.36
2026-05-06,GOAU4,10.52
2026-05-06,HAPV3,11.91
2026-05-06,HYPE3,23.47
2026-05-06,IGTI11,28.43
2026-05-06,IRBR3,53.45
2026-05-06,ISAE4,30.51
2026-05-06,ITSA4,13.56
2026-05-06,ITUB4,41.78
2026-05-06,KLBN11,17.14
2026-05-06,LREN3,14.69
2026-05-06,LWSA3,4.0
2026-05-06,MBRF3,17.79
2026-05-06,MGLU3,8.03
2026-05-06,MOTV3,15.94
2026-05-06,MRVE3,7.04
2026-05-06,MULT3,32.39
2026-05-06,NATU3,10.52
2026-05-06,PCAR3,2.65
2026-05-06,PETR3,51.52
2026-05-06,PETR4,47.27
2026-05-06,POMO4,6.38
2026-05-06,PRIO3,66.54
2026-05-06,PSSA3,49.61
2026-05-06,RADL3,21.76
2026-05-06,RAIL3,16.69
2026-05-06,RAIZ4,0.48
2026-05-06,RDOR3,40.35
2026-05-06,RECV3,12.65
2026-05-06,RENT3,47.65
2026-05-06,SANB11,29.33
2026-05-06,SAUD3,15.64
2026-05-06,SBSP3,32.87
2026-05-06,SLCE3,17.55
2026-05-06,SMFT3,18.18
2026-05-06,SMTO3,16.9
2026-05-06,SUZB3,43.01
2026-05-06,TAEE11,42.22
2026-05-06,TEND3,31.55
2026-05-06,TIMS3,24.44
2026-05-06,TOTS3,33.1
2026-05-06,UGPA3,29.79
2026-05-06,USIM5,8.74
2026-05-06,VALE3,81.23
2026-05-06,VAMO3,4.01
2026-05-06,VBBR3,32.83
2026-05-06,VIVA3,28.27
2026-05-06,VIVT3,39.19
2026-05-06,WEGE3,44.94
2026-05-06,YDUQ3,10.21
2026-05-07,ABEV3,16.41
2026-05-07,ALOS3,30.29
2026-05-07,AMOB3,15.0
2026-05-07,ASAI3,9.2
2026-05-07,AURE3,13.83
2026-05-07,AXIA3,58.12
2026-05-07,AZZA3,22.32
2026-05-07,B3SA3,17.78
2026-05-07,BBAS3,21.69
2026-05-07,BBDC3,16.1
2026-05-07,BBDC4,18.52
2026-05-07,BBSE3,34.3
2026-05-07,BEEF3,4.12
2026-05-07,BPAC11,57.2
2026-05-07,BRAP4,22.71
2026-05-07,BRAV3,17.53
2026-05-07,BRKM5,9.05
2026-05-07,CEAB3,12.04
2026-05-07,CMIG4,11.67
2026-05-07,CMIN3,4.75
2026-05-07,COGN3,2.78
2026-05-07,CPFE3,48.23
2026-05-07,CPLE3,15.29
2026-05-07,CSAN3,5.25
2026-05-07,CSMG3,53.75
2026-05-07,CSNA3,6.58
2026-05-07,CURY3,31.24
2026-05-07,CVCB3,2.5
2026-05-07,CXSE3,17.52
2026-05-07,CYRE3,22.87
2026-05-07,DIRR3,13.16
2026-05-07,EGIE3,33.87
2026-05-07,EMBJ3,83.32
2026-05-07,ENEV3,26.98
2026-05-07,ENGI11,52.2
2026-05-07,EQTL3,42.2
2026-05-07,FLRY3,16.25
2026-05-07,GGBR4,23.77
2026-05-07,GOAU4,10.31
2026-05-07,HAPV3,11.85
2026-05-07,HYPE3,23.26
2026-05-07,IGTI11,27.85
2026-05-07,IRBR3,52.97
2026-05-07,ISAE4,29.82
2026-05-07,ITSA4,13.3
2026-05-07,ITUB4,40.79
2026-05-07,KLBN11,17.02
2026-05-07,LREN3,14.94
2026-05-07,LWSA3,4.09
2026-05-07,MBRF3,17.01
2026-05-07,MGLU3,7.94
2026-05-07,MOTV3,15.67
2026-05-07,MRVE3,6.92
2026-05-07,MULT3,31.41
2026-05-07,NATU3,10.7
2026-05-07,PCAR3,2.53
2026-05-07,PETR3,50.55
2026-05-07,PETR4,46.22
2026-05-07,POMO4,6.37
2026-05-07,PRIO3,64.4
2026-05-07,PSSA3,50.3
2026-05-07,RADL3,21.0
2026-05-07,RAIL3,16.29
2026-05-07,RAIZ4,0.48
2026-05-07,RDOR3,37.74
2026-05-07,RECV3,12.12
2026-05-07,RENT3,46.35
2026-05-07,SANB11,28.42
2026-05-07,SAUD3,14.76
2026-05-07,SBSP3,31.66
2026-05-07,SLCE3,17.41
2026-05-07,SMFT3,20.3
2026-05-07,SMTO3,16.45
2026-05-07,SUZB3,43.3
2026-05-07,TAEE11,40.84
2026-05-07,TEND3,30.22
2026-05-07,TIMS3,23.03
2026-05-07,TOTS3,36.23
2026-05-07,UGPA3,29.36
2026-05-07,USIM5,8.81
2026-05-07,VALE3,80.07
2026-05-07,VAMO3,3.71
2026-05-07,VBBR3,32.33
2026-05-07,VIVA3,27.76
2026-05-07,VIVT3,38.11
2026-05-07,WEGE3,44.31
2026-05-07,YDUQ3,10.16
2026-05-08,ABEV3,16.32
2026-05-08,ALOS3,30.35
2026-05-08,AMOB3,14.88
2026-05-08,ASAI3,9.28
2026-05-08,AURE3,13.78
2026-05-08,AXIA3,58.75
2026-05-08,AZZA3,20.4
2026-05-08,B3SA3,17.93
2026-05-08,BBAS3,21.8
2026-05-08,BBDC3,16.15
2026-05-08,BBDC4,18.59
2026-05-08,BBSE3,34.52
2026-05-08,BEEF3,4.1
2026-05-08,BPAC11,58.65
2026-05-08,BRAP4,23.01
2026-05-08,BRAV3,17.54
2026-05-08,BRKM5,8.99
2026-05-08,CEAB3,12.23
2026-05-08,CMIG4,11.77
2026-05-08,CMIN3,4.81
2026-05-08,COGN3,2.82
2026-05-08,CPFE3,48.94
2026-05-08,CPLE3,15.47
2026-05-08,CSAN3,5.14
2026-05-08,CSMG3,54.44
2026-05-08,CSNA3,6.68
2026-05-08,CURY3,31.27
2026-05-08,CVCB3,2.21
2026-05-08,CXSE3,17.71
2026-05-08,CYRE3,22.33
2026-05-08,DIRR3,13.21
2026-05-08,EGIE3,34.29
2026-05-08,EMBJ3,73.78
2026-05-08,ENEV3,27.27
2026-05-08,ENGI11,52.73
2026-05-08,EQTL3,42.31
2026-05-08,FLRY3,16.58
2026-05-08,GGBR4,23.88
2026-05-08,GOAU4,10.44
2026-05-08,HAPV3,11.81
2026-05-08,HYPE3,23.36
2026-05-08,IGTI11,28.13
2026-05-08,IRBR3,53.27
2026-05-08,ISAE4,30.37
2026-05-08,ITSA4,13.5
2026-05-08,ITUB4,41.26
2026-05-08,KLBN11,17.19
2026-05-08,LREN3,14.35
2026-05-08,LWSA3,3.91
2026-05-08,MBRF3,17.26
2026-05-08,MGLU3,7.15
2026-05-08,MOTV3,15.87
2026-05-08,MRVE3,6.69
2026-05-08,MULT3,31.8
2026-05-08,NATU3,10.69
2026-05-08,PCAR3,2.4
2026-05-08,PETR3,50.11
2026-05-08,PETR4,45.67
2026-05-08,POMO4,6.44
2026-05-08,PRIO3,63.27
2026-05-08,PSSA3,51.49
2026-05-08,RADL3,20.97
2026-05-08,RAIL3,16.93
2026-05-08,RAIZ4,0.47
2026-05-08,RDOR3,38.31
2026-05-08,RECV3,12.43
2026-05-08,RENT3,49.88
2026-05-08,SANB11,28.55
2026-05-08,SAUD3,15.17
2026-05-08,SBSP3,31.13
2026-05-08,SLCE3,17.33
2026-05-08,SMFT3,20.22
2026-05-08,SMTO3,16.8
2026-05-08,SUZB3,43.7
2026-05-08,TAEE11,40.96
2026-05-08,TEND3,30.2
2026-05-08,TIMS3,23.33
2026-05-08,TOTS3,35.21
2026-05-08,UGPA3,30.16
2026-05-08,USIM5,8.99
2026-05-08,VALE3,81.49
2026-05-08,VAMO3,3.76
2026-05-08,VBBR3,33.8
2026-05-08,VIVA3,24.77
2026-05-08,VIVT3,38.36
2026-05-08,WEGE3,45.52
2026-05-08,YDUQ3,10.96
2026-05-11,ABEV3,16.25
2026-05-11,ALOS3,29.8
2026-05-11,AMOB3,15.0
2026-05-11,ASAI3,8.96
2026-05-11,AURE3,13.33
2026-05-11,AXIA3,57.1
2026-05-11,AZZA3,20.06
2026-05-11,B3SA3,17.59
2026-05-11,BBAS3,21.54
2026-05-11,BBDC3,15.78
2026-05-11,BBDC4,18.09
2026-05-11,BBSE3,34.3
2026-05-11,BEEF3,4.3
2026-05-11,BPAC11,56.96
2026-05-11,BRAP4,23.45
2026-05-11,BRAV3,17.57
2026-05-11,BRKM5,9.2
2026-05-11,CEAB3,11.29
2026-05-11,CMIG4,11.8
2026-05-11,CMIN3,4.89
2026-05-11,COGN3,2.64
2026-05-11,CPFE3,47.45
2026-05-11,CPLE3,15.07
2026-05-11,CSAN3,4.97
2026-05-11,CSMG3,53.0
2026-05-11,CSNA3,6.68
2026-05-11,CURY3,30.54
2026-05-11,CVCB3,2.17
2026-05-11,CXSE3,17.41
2026-05-11,CYRE3,21.85
2026-05-11,DIRR3,12.85
2026-05-11,EGIE3,33.65
2026-05-11,EMBJ3,74.37
2026-05-11,ENEV3,26.76
2026-05-11,ENGI11,51.8
2026-05-11,EQTL3,41.52
2026-05-11,FLRY3,16.34
2026-05-11,GGBR4,23.7
2026-05-11,GOAU4,10.4
2026-05-11,HAPV3,11.44
2026-05-11,HYPE3,23.48
2026-05-11,IGTI11,27.46
2026-05-11,IRBR3,52.86
2026-05-11,ISAE4,30.08
2026-05-11,ITSA4,13.25
2026-05-11,ITUB4,40.33
2026-05-11,KLBN11,17.0
2026-05-11,LREN3,13.72
2026-05-11,LWSA3,3.87
2026-05-11,MBRF3,16.84
2026-05-11,MGLU3,6.93
2026-05-11,MOTV3,15.45
2026-05-11,MRVE3,6.42
2026-05-11,MULT3,31.01
2026-05-11,NATU3,10.5
2026-05-11,PCAR3,2.35
2026-05-11,PETR3,50.81
2026-05-11,PETR4,46.43
2026-05-11,POMO4,6.17
2026-05-11,PRIO3,63.63
2026-05-11,PSSA3,50.84
2026-05-11,RADL3,20.59
2026-05-11,RAIL3,16.18
2026-05-11,RAIZ4,0.46
2026-05-11,RDOR3,35.97
2026-05-11,RECV3,12.18
2026-05-11,RENT3,47.02
2026-05-11,SANB11,27.83
2026-05-11,SAUD3,14.42
2026-05-11,SBSP3,30.42
2026-05-11,SLCE3,17.39
2026-05-11,SMFT3,19.4
2026-05-11,SMTO3,16.87
2026-05-11,SUZB3,43.13
2026-05-11,TAEE11,41.4
2026-05-11,TEND3,29.3
2026-05-11,TIMS3,22.9
2026-05-11,TOTS3,33.5
2026-05-11,UGPA3,29.71
2026-05-11,USIM5,9.07
2026-05-11,VALE3,83.45
2026-05-11,VAMO3,3.65
2026-05-11,VBBR3,33.18
2026-05-11,VIVA3,24.0
2026-05-11,VIVT3,36.02
2026-05-11,WEGE3,44.16
2026-05-11,YDUQ3,10.68
2026-05-12,ABEV3,16.13
2026-05-12,ALOS3,29.4
2026-05-12,AMOB3,14.35
2026-05-12,ASAI3,8.94
2026-05-12,AURE3,13.06
2026-05-12,AXIA3,57.35
2026-05-12,AZZA3,19.4
2026-05-12,B3SA3,17.3
2026-05-12,BBAS3,21.32
2026-05-12,BBDC3,15.64
2026-05-12,BBDC4,17.96
2026-05-12,BBSE3,34.21
2026-05-12,BEEF3,4.25
2026-05-12,BPAC11,57.0
2026-05-12,BRAP4,23.32
2026-05-12,BRAV3,17.65
2026-05-12,BRKM5,11.87
2026-05-12,CEAB3,10.97
2026-05-12,CMIG4,11.47
2026-05-12,CMIN3,4.97
2026-05-12,COGN3,2.65
2026-05-12,CPFE3,46.59
2026-05-12,CPLE3,15.0
2026-05-12,CSAN3,4.81
2026-05-12,CSMG3,53.0
2026-05-12,CSNA3,6.55
2026-05-12,CURY3,30.41
2026-05-12,CVCB3,2.17
2026-05-12,CXSE3,17.28
2026-05-12,CYRE3,22.22
2026-05-12,DIRR3,13.3
2026-05-12,EGIE3,33.16
2026-05-12,EMBJ3,72.65
2026-05-12,ENEV3,26.35
2026-05-12,ENGI11,50.49
2026-05-12,EQTL3,40.9
2026-05-12,FLRY3,16.25
2026-05-12,GGBR4,23.62
2026-05-12,GOAU4,10.37
2026-05-12,HAPV3,12.5
2026-05-12,HYPE3,23.22
2026-05-12,IGTI11,27.06
2026-05-12,IRBR3,53.12
2026-05-12,ISAE4,29.74
2026-05-12,ITSA4,13.03
2026-05-12,ITUB4,39.87
2026-05-12,KLBN11,16.82
2026-05-12,LREN3,13.69
2026-05-12,LWSA3,3.87
2026-05-12,MBRF3,16.89
2026-05-12,MGLU3,7.16
2026-05-12,MOTV3,15.15
2026-05-12,MRVE3,6.31
2026-05-12,MULT3,30.67
2026-05-12,NATU3,9.91
2026-05-12,PCAR3,2.32
2026-05-12,PETR3,50.22
2026-05-12,PETR4,45.68
2026-05-12,POMO4,6.1
2026-05-12,PRIO3,64.63
2026-05-12,PSSA3,50.06
2026-05-12,RADL3,20.45
2026-05-12,RAIL3,15.75
2026-05-12,RAIZ4,0.47
2026-05-12,RDOR3,35.98
2026-05-12,RECV3,12.22
2026-05-12,RENT3,46.08
2026-05-12,SANB11,27.65
2026-05-12,SAUD3,14.38
2026-05-12,SBSP3,29.55
2026-05-12,SLCE3,17.45
2026-05-12,SMFT3,19.74
2026-05-12,SMTO3,17.44
2026-05-12,SUZB3,42.68
2026-05-12,TAEE11,39.77
2026-05-12,TEND3,29.61
2026-05-12,TIMS3,22.7
2026-05-12,TOTS3,33.04
2026-05-12,UGPA3,30.08
2026-05-12,USIM5,8.97
2026-05-12,VALE3,83.25
2026-05-12,VAMO3,3.63
2026-05-12,VBBR3,33.7
2026-05-12,VIVA3,23.68
2026-05-12,VIVT3,36.33
2026-05-12,WEGE3,43.39
2026-05-12,YDUQ3,10.25
2026-05-13,ABEV3,15.91
2026-05-13,ALOS3,28.45
2026-05-13,AMOB3,14.7
2026-05-13,ASAI3,8.43
2026-05-13,AURE3,12.66
2026-05-13,AXIA3,54.94
2026-05-13,AZZA3,18.5
2026-05-13,B3SA3,16.64
2026-05-13,BBAS3,20.76
2026-05-13,BBDC3,15.4
2026-05-13,BBDC4,17.65
2026-05-13,BBSE3,34.03
2026-05-13,BEEF3,4.05
2026-05-13,BPAC11,54.93
2026-05-13,BRAP4,23.25
2026-05-13,BRAV3,17.92
2026-05-13,BRKM5,12.21
2026-05-13,CEAB3,10.44
2026-05-13,CMIG4,11.25
2026-05-13,CMIN3,4.82
2026-05-13,COGN3,2.54
2026-05-13,CPFE3,45.47
2026-05-13,CPLE3,14.56
2026-05-13,CSAN3,4.6
2026-05-13,CSMG3,51.31
2026-05-13,CSNA3,6.37
2026-05-13,CURY3,30.57
2026-05-13,CVCB3,2.13
2026-05-13,CXSE3,17.38
2026-05-13,CYRE3,21.8
2026-05-13,DIRR3,13.09
2026-05-13,EGIE3,32.85
2026-05-13,EMBJ3,72.63
2026-05-13,ENEV3,25.8
2026-05-13,ENGI11,49.05
2026-05-13,EQTL3,39.25
2026-05-13,FLRY3,15.9
2026-05-13,GGBR4,23.49
2026-05-13,GOAU4,10.2
2026-05-13,HAPV3,12.74
2026-05-13,HYPE3,22.57
2026-05-13,IGTI11,25.97
2026-05-13,IRBR3,51.27
2026-05-13,ISAE4,28.81
2026-05-13,ITSA4,12.85
2026-05-13,ITUB4,39.63
2026-05-13,KLBN11,16.81
2026-05-13,LREN3,13.14
2026-05-13,LWSA3,3.65
2026-05-13,MBRF3,16.93
2026-05-13,MGLU3,6.96
2026-05-13,MOTV3,14.67
2026-05-13,MRVE3,6.13
2026-05-13,MULT3,29.31
2026-05-13,NATU3,9.51
2026-05-13,PCAR3,2.2
2026-05-13,PETR3,48.98
2026-05-13,PETR4,44.57
2026-05-13,POMO4,5.92
2026-05-13,PRIO3,65.45
2026-05-13,PSSA3,48.33
2026-05-13,RADL3,19.49
2026-05-13,RAIL3,15.29
2026-05-13,RAIZ4,0.46
2026-05-13,RDOR3,34.78
2026-05-13,RECV3,11.96
2026-05-13,RENT3,43.13
2026-05-13,SANB11,27.02
2026-05-13,SAUD3,13.9
2026-05-13,SBSP3,29.1
2026-05-13,SLCE3,17.62
2026-05-13,SMFT3,18.76
2026-05-13,SMTO3,17.54
2026-05-13,SUZB3,43.0
2026-05-13,TAEE11,38.66
2026-05-13,TEND3,29.09
2026-05-13,TIMS3,22.32
2026-05-13,TOTS3,31.67
2026-05-13,UGPA3,29.26
2026-05-13,USIM5,9.16
2026-05-13,VALE3,84.3
2026-05-13,VAMO3,3.46
2026-05-13,VBBR3,32.87
2026-05-13,VIVA3,22.6
2026-05-13,VIVT3,35.57
2026-05-13,WEGE3,43.31
2026-05-13,YDUQ3,9.87
2026-05-14,ABEV3,15.77
2026-05-14,ALOS3,28.87
2026-05-14,AMOB3,15.01
2026-05-14,ASAI3,8.59
2026-05-14,AURE3,12.71
2026-05-14,AXIA3,55.35
2026-05-14,AZZA3,18.85
2026-05-14,B3SA3,16.93
2026-05-14,BBAS3,20.76
2026-05-14,BBDC3,15.54
2026-05-14,BBDC4,17.84
2026-05-14,BBSE3,34.48
2026-05-14,BEEF3,4.09
2026-05-14,BPAC11,55.39
2026-05-14,BRAP4,22.85
2026-05-14,BRAV3,18.19
2026-05-14,BRKM5,12.15
2026-05-14,CEAB3,11.05
2026-05-14,CMIG4,11.28
2026-05-14,CMIN3,4.77
2026-05-14,COGN3,2.61
2026-05-14,CPFE3,45.21
2026-05-14,CPLE3,14.93
2026-05-14,CSAN3,4.65
2026-05-14,CSMG3,52.25
2026-05-14,CSNA3,6.67
2026-05-14,CURY3,30.6
2026-05-14,CVCB3,1.89
2026-05-14,CXSE3,17.54
2026-05-14,CYRE3,21.88
2026-05-14,DIRR3,13.46
2026-05-14,EGIE3,32.5
2026-05-14,EMBJ3,72.53
2026-05-14,ENEV3,25.95
2026-05-14,ENGI11,49.08
2026-05-14,EQTL3,38.8
2026-05-14,FLRY3,15.96
2026-05-14,GGBR4,23.58
2026-05-14,GOAU4,10.27
2026-05-14,HAPV3,13.26
2026-05-14,HYPE3,23.37
2026-05-14,IGTI11,26.52
2026-05-14,IRBR3,52.47
2026-05-14,ISAE4,28.89
2026-05-14,ITSA4,13.17
2026-05-14,ITUB4,40.4
2026-05-14,KLBN11,16.86
2026-05-14,LREN3,13.72
2026-05-14,LWSA3,3.69
2026-05-14,MBRF3,17.42
2026-05-14,MGLU3,6.91
2026-05-14,MOTV3,14.76
2026-05-14,MRVE3,6.43
2026-05-14,MULT3,29.89
2026-05-14,NATU3,9.79
2026-05-14,PCAR3,2.3
2026-05-14,PETR3,49.38
2026-05-14,PETR4,45.0
2026-05-14,POMO4,6.11
2026-05-14,PRIO3,67.29
2026-05-14,PSSA3,48.7
2026-05-14,RADL3,19.64
2026-05-14,RAIL3,15.27
2026-05-14,RAIZ4,0.44
2026-05-14,RDOR3,34.75
2026-05-14,RECV3,12.03
2026-05-14,RENT3,43.94
2026-05-14,SANB11,27.14
2026-05-14,SAUD3,13.88
2026-05-14,SBSP3,29.52
2026-05-14,SLCE3,17.34
2026-05-14,SMFT3,18.81
2026-05-14,SMTO3,18.4
2026-05-14,SUZB3,42.62
2026-05-14,TAEE11,38.61
2026-05-14,TEND3,29.82
2026-05-14,TIMS3,22.6
2026-05-14,TOTS3,31.6
2026-05-14,UGPA3,29.55
2026-05-14,USIM5,9.89
2026-05-14,VALE3,82.87
2026-05-14,VAMO3,3.49
2026-05-14,VBBR3,33.39
2026-05-14,VIVA3,23.0
2026-05-14,VIVT3,35.59
2026-05-14,WEGE3,43.72
2026-05-14,YDUQ3,9.74
2026-05-15,ABEV3,15.69
2026-05-15,ALOS3,28.74
2026-05-15,AMOB3,14.69
2026-05-15,ASAI3,8.5
2026-05-15,AURE3,12.65
2026-05-15,AXIA3,54.67
2026-05-15,AZZA3,19.05
2026-05-15,B3SA3,16.7
2026-05-15,BBAS3,20.7
2026-05-15,BBDC3,15.36
2026-05-15,BBDC4,17.69
2026-05-15,BBSE3,34.12
2026-05-15,BEEF3,4.4
2026-05-15,BPAC11,54.5
2026-05-15,BRAP4,22.99
2026-05-15,BRAV3,18.69
2026-05-15,BRKM5,12.21
2026-05-15,CEAB3,10.99
2026-05-15,CMIG4,11.27
2026-05-15,CMIN3,4.72
2026-05-15,COGN3,2.54
2026-05-15,CPFE3,44.52
2026-05-15,CPLE3,14.85
2026-05-15,CSAN3,4.41
2026-05-15,CSMG3,51.7
2026-05-15,CSNA3,6.42
2026-05-15,CURY3,30.37
2026-05-15,CVCB3,1.81
2026-05-15,CXSE3,17.39
2026-05-15,CYRE3,21.84
2026-05-15,DIRR3,12.98
2026-05-15,EGIE3,32.57
2026-05-15,EMBJ3,71.25
2026-05-15,ENEV3,25.06
2026-05-15,ENGI11,48.46
2026-05-15,EQTL3,38.59
2026-05-15,FLRY3,15.6
2026-05-15,GGBR4,23.34
2026-05-15,GOAU4,10.16
2026-05-15,HAPV3,12.45
2026-05-15,HYPE3,23.03
2026-05-15,IGTI11,26.4
2026-05-15,IRBR3,52.57
2026-05-15,ISAE4,28.54
2026-05-15,ITSA4,12.96
2026-05-15,ITUB4,39.7
2026-05-15,KLBN11,16.43
2026-05-15,LREN3,13.55
2026-05-15,LWSA3,3.74
2026-05-15,MBRF3,17.42
2026-05-15,MGLU3,6.79
2026-05-15,MOTV3,14.71
2026-05-15,MRVE3,6.22
2026-05-15,MULT3,29.47
2026-05-15,NATU3,9.94
2026-05-15,PCAR3,2.26
2026-05-15,PETR3,50.45
2026-05-15,PETR4,45.47
2026-05-15,POMO4,6.05
2026-05-15,PRIO3,68.8
2026-05-15,PSSA3,47.92
2026-05-15,RADL3,19.59
2026-05-15,RAIL3,14.97
2026-05-15,RAIZ4,0.45
2026-05-15,RDOR3,34.84
2026-05-15,RECV3,12.16
2026-05-15,RENT3,42.98
2026-05-15,SANB11,26.92
2026-05-15,SAUD3,13.75
2026-05-15,SBSP3,29.03
2026-05-15,SLCE3,17.19
2026-05-15,SMFT3,18.71
2026-05-15,SMTO3,18.25
2026-05-15,SUZB3,41.7
2026-05-15,TAEE11,38.29
2026-05-15,TEND3,29.12
2026-05-15,TIMS3,22.19
2026-05-15,TOTS3,31.14
2026-05-15,UGPA3,29.13
2026-05-15,USIM5,9.12
2026-05-15,VALE3,83.5
2026-05-15,VAMO3,3.41
2026-05-15,VBBR3,33.12
2026-05-15,VIVA3,22.94
2026-05-15,VIVT3,35.52
2026-05-15,WEGE3,43.13
2026-05-15,YDUQ3,9.56
2026-05-18,ABEV3,15.81
2026-05-18,ALOS3,28.64
2026-05-18,AMOB3,14.55
2026-05-18,ASAI3,8.29
2026-05-18,AURE3,12.42
2026-05-18,AXIA3,54.31
2026-05-18,AZZA3,19.34
2026-05-18,B3SA3,16.72
2026-05-18,BBAS3,20.42
2026-05-18,BBDC3,15.34
2026-05-18,BBDC4,17.66
2026-05-18,BBSE3,34.12
2026-05-18,BEEF3,4.35
2026-05-18,BPAC11,54.18
2026-05-18,BRAP4,22.66
2026-05-18,BRAV3,19.17
2026-05-18,BRKM5,12.41
2026-05-18,CEAB3,11.06
2026-05-18,CMIG4,11.5
2026-05-18,CMIN3,4.28
2026-05-18,COGN3,2.5
2026-05-18,CPFE3,44.72
2026-05-18,CPLE3,14.85
2026-05-18,CSAN3,4.41
2026-05-18,CSMG3,53.5
2026-05-18,CSNA3,6.15
2026-05-18,CURY3,29.49
2026-05-18,CVCB3,1.81
2026-05-18,CXSE3,17.62
2026-05-18,CYRE3,21.74
2026-05-18,DIRR3,12.64
2026-05-18,EGIE3,32.33
2026-05-18,EMBJ3,70.5
2026-05-18,ENEV3,24.99
2026-05-18,ENGI11,48.27
2026-05-18,EQTL3,38.61
2026-05-18,FLRY3,15.62
2026-05-18,GGBR4,23.26
2026-05-18,GOAU4,10.15
2026-05-18,HAPV3,12.83
2026-05-18,HYPE3,22.8
2026-05-18,IGTI11,26.3
2026-05-18,IRBR3,52.86
2026-05-18,ISAE4,28.34
2026-05-18,ITSA4,12.84
2026-05-18,ITUB4,39.62
2026-05-18,KLBN11,16.3
2026-05-18,LREN3,13.77
2026-05-18,LWSA3,3.7
2026-05-18,MBRF3,16.81
2026-05-18,MGLU3,6.61
2026-05-18,MOTV3,14.74
2026-05-18,MRVE3,6.14
2026-05-18,MULT3,29.75
2026-05-18,NATU3,9.75
2026-05-18,PCAR3,2.25
2026-05-18,PETR3,51.79
2026-05-18,PETR4,46.44
2026-05-18,POMO4,5.96
2026-05-18,PRIO3,68.82
2026-05-18,PSSA3,48.7
2026-05-18,RADL3,19.12
2026-05-18,RAIL3,14.9
2026-05-18,RAIZ4,0.43
2026-05-18,RDOR3,34.77
2026-05-18,RECV3,12.49
2026-05-18,RENT3,42.97
2026-05-18,SANB11,26.85
2026-05-18,SAUD3,13.61
2026-05-18,SBSP3,29.16
2026-05-18,SLCE3,17.28
2026-05-18,SMFT3,18.55
2026-05-18,SMTO3,18.39
2026-05-18,SUZB3,41.97
2026-05-18,TAEE11,38.55
2026-05-18,TEND3,29.2
2026-05-18,TIMS3,22.07
2026-05-18,TOTS3,31.46
2026-05-18,UGPA3,29.28
2026-05-18,USIM5,9.03
2026-05-18,VALE3,81.83
2026-05-18,VAMO3,3.34
2026-05-18,VBBR3,33.26
2026-05-18,VIVA3,22.8
2026-05-18,VIVT3,35.29
2026-05-18,WEGE3,42.34
2026-05-18,YDUQ3,9.56
2026-05-19,ABEV3,15.81
2026-05-19,ALOS3,28.06
2026-05-19,AMOB3,14.45
2026-05-19,ASAI3,8.16
2026-05-19,AURE3,12.28
2026-05-19,AXIA3,53.82
2026-05-19,AZZA3,18.78
2026-05-19,B3SA3,15.89
2026-05-19,BBAS3,20.23
2026-05-19,BBDC3,15.13
2026-05-19,BBDC4,17.39
2026-05-19,BBSE3,33.91
2026-05-19,BEEF3,4.22
2026-05-19,BPAC11,53.07
2026-05-19,BRAP4,22.4
2026-05-19,BRAV3,18.76
2026-05-19,BRKM5,12.12
2026-05-19,CEAB3,10.54
2026-05-19,CMIG4,11.31
2026-05-19,CMIN3,4.08
2026-05-19,COGN3,2.46
2026-05-19,CPFE3,43.72
2026-05-19,CPLE3,14.7
2026-05-19,CSAN3,4.13
2026-05-19,CSMG3,52.77
2026-05-19,CSNA3,5.9
2026-05-19,CURY3,28.84
2026-05-19,CVCB3,1.78
2026-05-19,CXSE3,17.53
2026-05-19,CYRE3,21.4
2026-05-19,DIRR3,12.48
2026-05-19,EGIE3,31.77
2026-05-19,EMBJ3,68.64
2026-05-19,ENEV3,24.21
2026-05-19,ENGI11,47.62
2026-05-19,EQTL3,37.82
2026-05-19,FLRY3,15.32
2026-05-19,GGBR4,23.02
2026-05-19,GOAU4,10.02
2026-05-19,HAPV3,12.71
2026-05-19,HYPE3,21.91
2026-05-19,IGTI11,25.81
2026-05-19,IRBR3,51.93
2026-05-19,ISAE4,27.94
2026-05-19,ITSA4,12.66
2026-05-19,ITUB4,38.78
2026-05-19,KLBN11,16.1
2026-05-19,LREN3,13.64
2026-05-19,LWSA3,3.63
2026-05-19,MBRF3,16.5
2026-05-19,MGLU3,6.49
2026-05-19,MOTV3,14.68
2026-05-19,MRVE3,6.11
2026-05-19,MULT3,29.12
2026-05-19,NATU3,9.74
2026-05-19,PCAR3,2.14
2026-05-19,PETR3,51.67
2026-05-19,PETR4,46.09
2026-05-19,POMO4,5.83
2026-05-19,PRIO3,69.32
2026-05-19,PSSA3,47.64
2026-05-19,RADL3,18.53
2026-05-19,RAIL3,14.61
2026-05-19,RAIZ4,0.4
2026-05-19,RDOR3,34.1
2026-05-19,RECV3,11.83
2026-05-19,RENT3,42.09
2026-05-19,SANB11,26.75
2026-05-19,SAUD3,13.39
2026-05-19,SBSP3,28.54
2026-05-19,SLCE3,16.79
2026-05-19,SMFT3,18.57
2026-05-19,SMTO3,18.35
2026-05-19,SUZB3,41.05
2026-05-19,TAEE11,38.05
2026-05-19,TEND3,29.02
2026-05-19,TIMS3,22.21
2026-05-19,TOTS3,30.64
2026-05-19,UGPA3,28.37
2026-05-19,USIM5,9.13
2026-05-19,VALE3,81.02
2026-05-19,VAMO3,3.24
2026-05-19,VBBR3,32.67
2026-05-19,VIVA3,22.29
2026-05-19,VIVT3,34.59
2026-05-19,WEGE3,41.82
2026-05-19,YDUQ3,9.32
2026-05-20,ABEV3,16.22
2026-05-20,ALOS3,28.66
2026-05-20,AMOB3,14.82
2026-05-20,ASAI3,8.61
2026-05-20,AURE3,12.6
2026-05-20,AXIA3,55.0
2026-05-20,AZZA3,19.6
2026-05-20,B3SA3,16.79
2026-05-20,BBAS3,20.7
2026-05-20,BBDC3,15.49
2026-05-20,BBDC4,17.86
2026-05-20,BBSE3,34.71
2026-05-20,BEEF3,4.26
2026-05-20,BPAC11,54.2
2026-05-20,BRAP4,23.03
2026-05-20,BRAV3,19.75
2026-05-20,BRKM5,12.18
2026-05-20,CEAB3,11.15
2026-05-20,CMIG4,11.53
2026-05-20,CMIN3,4.5
2026-05-20,COGN3,2.54
2026-05-20,CPFE3,44.37
2026-05-20,CPLE3,15.12
2026-05-20,CSAN3,4.32
2026-05-20,CSMG3,52.8
2026-05-20,CSNA3,6.13
2026-05-20,CURY3,31.3
2026-05-20,CVCB3,1.8
2026-05-20,CXSE3,17.94
2026-05-20,CYRE3,22.14
2026-05-20,DIRR3,13.34
2026-05-20,EGIE3,32.36
2026-05-20,EMBJ3,70.38
2026-05-20,ENEV3,25.21
2026-05-20,ENGI11,48.7
2026-05-20,EQTL3,38.55
2026-05-20,FLRY3,15.8
2026-05-20,GGBR4,23.47
2026-05-20,GOAU4,10.25
2026-05-20,HAPV3,13.27
2026-05-20,HYPE3,22.67
2026-05-20,IGTI11,26.64
2026-05-20,IRBR3,53.38
2026-05-20,ISAE4,28.64
2026-05-20,ITSA4,13.0
2026-05-20,ITUB4,39.67
2026-05-20,KLBN11,16.52
2026-05-20,LREN3,14.7
2026-05-20,LWSA3,3.75
2026-05-20,MBRF3,17.67
2026-05-20,MGLU3,6.73
2026-05-20,MOTV3,15.23
2026-05-20,MRVE3,6.44
2026-05-20,MULT3,30.11
2026-05-20,NATU3,10.0
2026-05-20,PCAR3,2.17
2026-05-20,PETR3,49.68
2026-05-20,PETR4,44.6
2026-05-20,POMO4,5.98
2026-05-20,PRIO3,68.63
2026-05-20,PSSA3,49.22
2026-05-20,RADL3,19.13
2026-05-20,RAIL3,15.02
2026-05-20,RAIZ4,0.42
2026-05-20,RDOR3,34.99
2026-05-20,RECV3,12.19
2026-05-20,RENT3,44.47
2026-05-20,SANB11,27.45
2026-05-20,SAUD3,13.35
2026-05-20,SBSP3,29.15
2026-05-20,SLCE3,16.52
2026-05-20,SMFT3,19.54
2026-05-20,SMTO3,18.07
2026-05-20,SUZB3,42.2
2026-05-20,TAEE11,38.56
2026-05-20,TEND3,31.14
2026-05-20,TIMS3,22.5
2026-05-20,TOTS3,32.1
2026-05-20,UGPA3,29.02
2026-05-20,USIM5,9.61
2026-05-20,VALE3,82.0
2026-05-20,VAMO3,3.41
2026-05-20,VBBR3,33.34
2026-05-20,VIVA3,22.66
2026-05-20,VIVT3,35.4
2026-05-20,WEGE3,42.58
2026-05-20,YDUQ3,9.78
2026-05-21,ABEV3,16.4
2026-05-21,ALOS3,28.72
2026-05-21,AMOB3,13.87
2026-05-21,ASAI3,8.48
2026-05-21,AURE3,12.64
2026-05-21,AXIA3,54.68
2026-05-21,AZZA3,19.95
2026-05-21,B3SA3,17.02
2026-05-21,BBAS3,20.82
2026-05-21,BBDC3,15.57
2026-05-21,BBDC4,17.9
2026-05-21,BBSE3,34.74
2026-05-21,BEEF3,4.03
2026-05-21,BPAC11,54.37
2026-05-21,BRAP4,23.08
2026-05-21,BRAV3,20.15
2026-05-21,BRKM5,12.03
2026-05-21,CEAB3,11.17
2026-05-21,CMIG4,11.36
2026-05-21,CMIN3,4.43
2026-05-21,COGN3,2.51
2026-05-21,CPFE3,43.7
2026-05-21,CPLE3,14.9
2026-05-21,CSAN3,4.4
2026-05-21,CSMG3,51.14
2026-05-21,CSNA3,6.34
2026-05-21,CURY3,31.2
2026-05-21,CVCB3,1.78
2026-05-21,CXSE3,17.77
2026-05-21,CYRE3,22.12
2026-05-21,DIRR3,13.12
2026-05-21,EGIE3,32.34
2026-05-21,EMBJ3,70.81
2026-05-21,ENEV3,25.52
2026-05-21,ENGI11,48.49
2026-05-21,EQTL3,38.14
2026-05-21,FLRY3,15.69
2026-05-21,GGBR4,23.5
2026-05-21,GOAU4,10.28
2026-05-21,HAPV3,12.34
2026-05-21,HYPE3,22.69
2026-05-21,IGTI11,26.51
2026-05-21,IRBR3,52.9
2026-05-21,ISAE4,28.41
2026-05-21,ITSA4,12.99
2026-05-21,ITUB4,40.12
2026-05-21,KLBN11,16.51
2026-05-21,LREN3,14.85
2026-05-21,LWSA3,3.67
2026-05-21,MBRF3,17.3
2026-05-21,MGLU3,6.77
2026-05-21,MOTV3,15.0
2026-05-21,MRVE3,6.23
2026-05-21,MULT3,30.13
2026-05-21,NATU3,10.2
2026-05-21,PCAR3,2.11
2026-05-21,PETR3,50.3
2026-05-21,PETR4,44.95
2026-05-21,POMO4,5.98
2026-05-21,PRIO3,68.0
2026-05-21,PSSA3,49.46
2026-05-21,RADL3,18.65
2026-05-21,RAIL3,14.67
2026-05-21,RAIZ4,0.39
2026-05-21,RDOR3,34.59
2026-05-21,RECV3,12.22
2026-05-21,RENT3,44.04
2026-05-21,SANB11,27.59
2026-05-21,SAUD3,13.3
2026-05-21,SBSP3,28.62
2026-05-21,SLCE3,16.5
2026-05-21,SMFT3,19.5
2026-05-21,SMTO3,17.64
2026-05-21,SUZB3,42.26
2026-05-21,TAEE11,38.42
2026-05-21,TEND3,32.39
2026-05-21,TIMS3,22.65
2026-05-21,TOTS3,32.27
2026-05-21,UGPA3,29.15
2026-05-21,USIM5,9.8
2026-05-21,VALE3,82.63
2026-05-21,VAMO3,3.37
2026-05-21,VBBR3,33.41
2026-05-21,VIVA3,22.32
2026-05-21,VIVT3,35.29
2026-05-21,WEGE3,42.47
2026-05-21,YDUQ3,9.73
2026-05-22,ABEV3,16.1
2026-05-22,ALOS3,28.12
2026-05-22,AMOB3,14.06
2026-05-22,ASAI3,8.44
2026-05-22,AURE3,12.45
2026-05-22,AXIA3,54.0
2026-05-22,AZZA3,20.72
2026-05-22,B3SA3,16.66
2026-05-22,BBAS3,20.94
2026-05-22,BBDC3,15.42
2026-05-22,BBDC4,17.62
2026-05-22,BBSE3,34.47
2026-05-22,BEEF3,3.78
2026-05-22,BPAC11,53.93
2026-05-22,BRAP4,23.17
2026-05-22,BRAV3,19.78
2026-05-22,BRKM5,11.97
2026-05-22,CEAB3,11.19
2026-05-22,CMIG4,11.22
2026-05-22,CMIN3,4.48
2026-05-22,COGN3,2.45
2026-05-22,CPFE3,43.31
2026-05-22,CPLE3,14.73
2026-05-22,CSAN3,4.29
2026-05-22,CSMG3,52.29
2026-05-22,CSNA3,6.73
2026-05-22,CURY3,30.53
2026-05-22,CVCB3,1.77
2026-05-22,CXSE3,17.48
2026-05-22,CYRE3,21.25
2026-05-22,DIRR3,12.82
2026-05-22,EGIE3,32.31
2026-05-22,EMBJ3,72.33
2026-05-22,ENEV3,24.96
2026-05-22,ENGI11,47.91
2026-05-22,EQTL3,37.67
2026-05-22,FLRY3,15.69
2026-05-22,GGBR4,24.01
2026-05-22,GOAU4,10.42
2026-05-22,HAPV3,12.05
2026-05-22,HYPE3,22.56
2026-05-22,IGTI11,25.9
2026-05-22,IRBR3,52.25
2026-05-22,ISAE4,28.2
2026-05-22,ITSA4,12.87
2026-05-22,ITUB4,39.43
2026-05-22,KLBN11,16.46
2026-05-22,LREN3,15.07
2026-05-22,LWSA3,3.66
2026-05-22,MBRF3,16.6
2026-05-22,MGLU3,6.63
2026-05-22,MOTV3,14.5
2026-05-22,MRVE3,6.03
2026-05-22,MULT3,29.6
2026-05-22,NATU3,10.1
2026-05-22,PCAR3,2.08
2026-05-22,PETR3,50.15
2026-05-22,PETR4,44.48
2026-05-22,POMO4,5.93
2026-05-22,PRIO3,68.4
2026-05-22,PSSA3,49.17
2026-05-22,RADL3,18.19
2026-05-22,RAIL3,14.21
2026-05-22,RAIZ4,0.39
2026-05-22,RDOR3,34.07
2026-05-22,RECV3,12.31
2026-05-22,RENT3,43.35
2026-05-22,SANB11,27.1
2026-05-22,SAUD3,12.89
2026-05-22,SBSP3,28.46
2026-05-22,SLCE3,16.07
2026-05-22,SMFT3,18.95
2026-05-22,SMTO3,17.6
2026-05-22,SUZB3,41.7
2026-05-22,TAEE11,38.73
2026-05-22,TEND3,30.92
2026-05-22,TIMS3,22.5
2026-05-22,TOTS3,31.49
2026-05-22,UGPA3,28.7
2026-05-22,USIM5,10.35
2026-05-22,VALE3,83.1
2026-05-22,VAMO3,3.25
2026-05-22,VBBR3,32.75
2026-05-22,VIVA3,22.19
2026-05-22,VIVT3,34.81
2026-05-22,WEGE3,42.73
2026-05-22,YDUQ3,9.57
2026-05-25,ABEV3,16.4
2026-05-25,ALOS3,28.79
2026-05-25,AMOB3,14.68
2026-05-25,ASAI3,9.12
2026-05-25,AURE3,12.55
2026-05-25,AXIA3,54.4
2026-05-25,AZZA3,20.89
2026-05-25,B3SA3,17.26
2026-05-25,BBAS3,21.65
2026-05-25,BBDC3,15.64
2026-05-25,BBDC4,18.07
2026-05-25,BBSE3,34.62
2026-05-25,BEEF3,3.83
2026-05-25,BPAC11,55.9
2026-05-25,BRAP4,23.19
2026-05-25,BRAV3,19.93
2026-05-25,BRKM5,12.4
2026-05-25,CEAB3,11.94
2026-05-25,CMIG4,11.27
2026-05-25,CMIN3,4.49
2026-05-25,COGN3,2.56
2026-05-25,CPFE3,43.3
2026-05-25,CPLE3,14.87
2026-05-25,CSAN3,4.39
2026-05-25,CSMG3,53.0
2026-05-25,CSNA3,6.72
2026-05-25,CURY3,31.88
2026-05-25,CVCB3,1.78
2026-05-25,CXSE3,17.62
2026-05-25,CYRE3,22.67
2026-05-25,DIRR3,13.56
2026-05-25,EGIE3,32.58
2026-05-25,EMBJ3,73.28
2026-05-25,ENEV3,25.22
2026-05-25,ENGI11,48.95
2026-05-25,EQTL3,38.5
2026-05-25,FLRY3,15.92
2026-05-25,GGBR4,24.18
2026-05-25,GOAU4,10.38
2026-05-25,HAPV3,12.4
2026-05-25,HYPE3,22.97
2026-05-25,IGTI11,26.68
2026-05-25,IRBR3,52.5
2026-05-25,ISAE4,28.1
2026-05-25,ITSA4,13.11
2026-05-25,ITUB4,40.32
2026-05-25,KLBN11,16.55
2026-05-25,LREN3,15.41
2026-05-25,LWSA3,3.78
2026-05-25,MBRF3,16.24
2026-05-25,MGLU3,6.77
2026-05-25,MOTV3,14.71
2026-05-25,MRVE3,6.27
2026-05-25,MULT3,30.39
2026-05-25,NATU3,10.53
2026-05-25,PCAR3,2.07
2026-05-25,PETR3,48.69
2026-05-25,PETR4,43.4
2026-05-25,POMO4,6.22
2026-05-25,PRIO3,64.31
2026-05-25,PSSA3,49.24
2026-05-25,RADL3,18.48
2026-05-25,RAIL3,14.36
2026-05-25,RAIZ4,0.41
2026-05-25,RDOR3,34.51
2026-05-25,RECV3,12.35
2026-05-25,RENT3,44.9
2026-05-25,SANB11,27.64
2026-05-25,SAUD3,13.44
2026-05-25,SBSP3,29.1
2026-05-25,SLCE3,16.22
2026-05-25,SMFT3,19.42
2026-05-25,SMTO3,17.31
2026-05-25,SUZB3,41.41
2026-05-25,TAEE11,39.51
2026-05-25,TEND3,32.44
2026-05-25,TIMS3,22.69
2026-05-25,TOTS3,31.9
2026-05-25,UGPA3,28.44
2026-05-25,USIM5,10.02
2026-05-25,VALE3,83.59
2026-05-25,VAMO3,3.37
2026-05-25,VBBR3,32.28
2026-05-25,VIVA3,22.73
2026-05-25,VIVT3,33.54
2026-05-25,WEGE3,43.31
2026-05-25,YDUQ3,9.7
2026-05-26,ABEV3,16.59
2026-05-26,ALOS3,28.68
2026-05-26,AMOB3,14.48
2026-05-26,ASAI3,9.11
2026-05-26,AURE3,12.5
2026-05-26,AXIA3,53.51
2026-05-26,AZZA3,20.5
2026-05-26,B3SA3,16.94
2026-05-26,BBAS3,21.11
2026-05-26,BBDC3,15.58
2026-05-26,BBDC4,17.84
2026-05-26,BBSE3,34.72
2026-05-26,BEEF3,3.93
2026-05-26,BPAC11,55.5
2026-05-26,BRAP4,23.08
2026-05-26,BRAV3,20.07
2026-05-26,BRKM5,11.68
2026-05-26,CEAB3,11.37
2026-05-26,CMIG4,11.2
2026-05-26,CMIN3,4.51
2026-05-26,COGN3,2.54
2026-05-26,CPFE3,43.59
2026-05-26,CPLE3,14.78
2026-05-26,CSAN3,4.28
2026-05-26,CSMG3,53.26
2026-05-26,CSNA3,6.69
2026-05-26,CURY3,32.08
2026-05-26,CVCB3,1.72
2026-05-26,CXSE3,17.62
2026-05-26,CYRE3,22.28
2026-05-26,DIRR3,13.4
2026-05-26,EGIE3,32.25
2026-05-26,EMBJ3,72.38
2026-05-26,ENEV3,25.06
2026-05-26,ENGI11,48.47
2026-05-26,EQTL3,38.6
2026-05-26,FLRY3,16.05
2026-05-26,GGBR4,23.61
2026-05-26,GOAU4,10.2
2026-05-26,HAPV3,12.6
2026-05-26,HYPE3,22.53
2026-05-26,IGTI11,26.31
2026-05-26,IRBR3,52.41
2026-05-26,ISAE4,27.78
2026-05-26,ITSA4,12.99
2026-05-26,ITUB4,40.06
2026-05-26,KLBN11,16.61
2026-05-26,LREN3,15.04
2026-05-26,LWSA3,3.59
2026-05-26,MBRF3,16.36
2026-05-26,MGLU3,6.65
2026-05-26,MOTV3,14.51
2026-05-26,MRVE3,6.15
2026-05-26,MULT3,30.0
2026-05-26,NATU3,10.4
2026-05-26,PCAR3,2.01
2026-05-26,PETR3,48.89
2026-05-26,PETR4,43.44
2026-05-26,POMO4,6.16
2026-05-26,PRIO3,64.75
2026-05-26,PSSA3,48.89
2026-05-26,RADL3,18.01
2026-05-26,RAIL3,14.25
2026-05-26,RAIZ4,0.4
2026-05-26,RDOR3,35.0
2026-05-26,RECV3,11.9
2026-05-26,RENT3,43.7
2026-05-26,SANB11,27.32
2026-05-26,SAUD3,13.79
2026-05-26,SBSP3,28.77
2026-05-26,SLCE3,16.13
2026-05-26,SMFT3,19.06
2026-05-26,SMTO3,17.15
2026-05-26,SUZB3,41.68
2026-05-26,TAEE11,39.0
2026-05-26,TEND3,32.65
2026-05-26,TIMS3,22.55
2026-05-26,TOTS3,31.48
2026-05-26,UGPA3,27.87
2026-05-26,USIM5,9.66
2026-05-26,VALE3,83.07
2026-05-26,VAMO3,3.24
2026-05-26,VBBR3,31.87
2026-05-26,VIVA3,22.27
2026-05-26,VIVT3,33.85
2026-05-26,WEGE3,43.44
2026-05-26,YDUQ3,9.6
2026-05-27,ABEV3,16.61
2026-05-27,ALOS3,28.55
2026-05-27,AMOB3,14.12
2026-05-27,ASAI3,9.25
2026-05-27,AURE3,12.4
2026-05-27,AXIA3,52.57
2026-05-27,AZZA3,20.65
2026-05-27,B3SA3,16.48
2026-05-27,BBAS3,21.07
2026-05-27,BBDC3,15.64
2026-05-27,BBDC4,18.0
2026-05-27,BBSE3,34.86
2026-05-27,BEEF3,3.89
2026-05-27,BPAC11,54.99
2026-05-27,BRAP4,23.29
2026-05-27,BRAV3,19.91
2026-05-27,BRKM5,11.32
2026-05-27,CEAB3,11.38
2026-05-27,CMIG4,11.16
2026-05-27,CMIN3,4.63
2026-05-27,COGN3,2.53
2026-05-27,CPFE3,44.18
2026-05-27,CPLE3,14.64
2026-05-27,CSAN3,4.01
2026-05-27,CSMG3,50.75
2026-05-27,CSNA3,6.55
2026-05-27,CURY3,31.48
2026-05-27,CVCB3,1.69
2026-05-27,CXSE3,17.46
2026-05-27,CYRE3,22.2
2026-05-27,DIRR3,13.32
2026-05-27,EGIE3,32.63
2026-05-27,EMBJ3,73.5
2026-05-27,ENEV3,25.14
2026-05-27,ENGI11,48.24
2026-05-27,EQTL3,37.99
2026-05-27,FLRY3,15.98
2026-05-27,GGBR4,23.74
2026-05-27,GOAU4,10.32
2026-05-27,HAPV3,12.4
2026-05-27,HYPE3,22.47
2026-05-27,IGTI11,26.14
2026-05-27,IRBR3,52.72
2026-05-27,ISAE4,27.38
2026-05-27,ITSA4,13.07
2026-05-27,ITUB4,40.32
2026-05-27,KLBN11,16.78
2026-05-27,LREN3,14.87
2026-05-27,LWSA3,3.57
2026-05-27,MBRF3,16.29
2026-05-27,MGLU3,6.6
2026-05-27,MOTV3,14.33
2026-05-27,MRVE3,5.97
2026-05-27,MULT3,29.78
2026-05-27,NATU3,9.97
2026-05-27,PCAR3,1.99
2026-05-27,PETR3,48.1
2026-05-27,PETR4,42.82
2026-05-27,POMO4,6.22
2026-05-27,PRIO3,62.98
2026-05-27,PSSA3,48.54
2026-05-27,RADL3,18.5
2026-05-27,RAIL3,14.05
2026-05-27,RAIZ4,0.42
2026-05-27,RDOR3,34.4
2026-05-27,RECV3,11.81
2026-05-27,RENT3,42.82
2026-05-27,SANB11,27.47
2026-05-27,SAUD3,13.8
2026-05-27,SBSP3,28.56
2026-05-27,SLCE3,15.89
2026-05-27,SMFT3,18.64
2026-05-27,SMTO3,17.14
2026-05-27,SUZB3,42.09
2026-05-27,TAEE11,39.37
2026-05-27,TEND3,32.9
2026-05-27,TIMS3,22.6
2026-05-27,TOTS3,31.08
2026-05-27,UGPA3,27.48
2026-05-27,USIM5,10.23
2026-05-27,VALE3,83.45
2026-05-27,VAMO3,3.23
2026-05-27,VBBR3,31.02
2026-05-27,VIVA3,22.18
2026-05-27,VIVT3,33.93
2026-05-27,WEGE3,43.45
2026-05-27,YDUQ3,9.62
2026-05-28,ABEV3,16.29
2026-05-28,ALOS3,28.63
2026-05-28,AMOB3,14.05
2026-05-28,ASAI3,8.98
2026-05-28,AURE3,12.4
2026-05-28,AXIA3,52.7
2026-05-28,AZZA3,19.85
2026-05-28,B3SA3,16.5
2026-05-28,BBAS3,20.61
2026-05-28,BBDC3,15.59
2026-05-28,BBDC4,17.9
2026-05-28,BBSE3,34.58
2026-05-28,BEEF3,3.97
2026-05-28,BPAC11,54.3
2026-05-28,BRAP4,23.35
2026-05-28,BRAV3,20.24
2026-05-28,BRKM5,11.13
2026-05-28,CEAB3,11.44
2026-05-28,CMIG4,11.05
2026-05-28,CMIN3,4.7
2026-05-28,COGN3,2.53
2026-05-28,CPFE3,43.03
2026-05-28,CPLE3,14.45
2026-05-28,CSAN3,3.94
2026-05-28,CSMG3,52.94
2026-05-28,CSNA3,6.8
2026-05-28,CURY3,32.18
2026-05-28,CVCB3,1.6
2026-05-28,CXSE3,17.44
2026-05-28,CYRE3,22.5
2026-05-28,DIRR3,13.37
2026-05-28,EGIE3,32.32
2026-05-28,EMBJ3,73.6
2026-05-28,ENEV3,25.0
2026-05-28,ENGI11,48.4
2026-05-28,EQTL3,38.2
2026-05-28,FLRY3,15.74
2026-05-28,GGBR4,23.5
2026-05-28,GOAU4,10.22
2026-05-28,HAPV3,12.48
2026-05-28,HYPE3,22.41
2026-05-28,IGTI11,26.19
2026-05-28,IRBR3,52.25
2026-05-28,ISAE4,27.09
2026-05-28,ITSA4,12.97
2026-05-28,ITUB4,40.0
2026-05-28,KLBN11,16.67
2026-05-28,LREN3,15.0
2026-05-28,LWSA3,3.65
2026-05-28,MBRF3,16.29
2026-05-28,MGLU3,6.35
2026-05-28,MOTV3,14.13
2026-05-28,MRVE3,5.97
2026-05-28,MULT3,29.92
2026-05-28,NATU3,10.1
2026-05-28,PCAR3,1.96
2026-05-28,PETR3,47.54
2026-05-28,PETR4,42.51
2026-05-28,POMO4,6.18
2026-05-28,PRIO3,62.97
2026-05-28,PSSA3,48.28
2026-05-28,RADL3,18.95
2026-05-28,RAIL3,13.85
2026-05-28,RAIZ4,0.34
2026-05-28,RDOR3,34.47
2026-05-28,RECV3,11.58
2026-05-28,RENT3,42.82
2026-05-28,SANB11,27.22
2026-05-28,SAUD3,13.69
2026-05-28,SBSP3,28.16
2026-05-28,SLCE3,15.9
2026-05-28,SMFT3,18.73
2026-05-28,SMTO3,17.16
2026-05-28,SUZB3,41.69
2026-05-28,TAEE11,39.22
2026-05-28,TEND3,32.7
2026-05-28,TIMS3,22.34
2026-05-28,TOTS3,31.75
2026-05-28,UGPA3,26.91
2026-05-28,USIM5,10.65
2026-05-28,VALE3,83.96
2026-05-28,VAMO3,3.19
2026-05-28,VBBR3,30.91
2026-05-28,VIVA3,22.15
2026-05-28,VIVT3,33.6
2026-05-28,WEGE3,43.72
2026-05-28,YDUQ3,9.58
2026-05-29,ABEV3,16.32
2026-05-29,ALOS3,28.21
2026-05-29,AMOB3,14.17
2026-05-29,ASAI3,8.75
2026-05-29,AURE3,12.37
2026-05-29,AXIA3,52.43
2026-05-29,AZZA3,19.31
2026-05-29,B3SA3,16.5
2026-05-29,BBAS3,20.3
2026-05-29,BBDC3,15.5
2026-05-29,BBDC4,17.7
2026-05-29,BBSE3,35.4
2026-05-29,BEEF3,3.69
2026-05-29,BPAC11,53.75
2026-05-29,BRAP4,23.25
2026-05-29,BRAV3,20.25
2026-05-29,BRKM5,10.46
2026-05-29,CEAB3,11.58
2026-05-29,CMIG4,10.76
2026-05-29,CMIN3,4.66
2026-05-29,COGN3,2.5
2026-05-29,CPFE3,43.39
2026-05-29,CPLE3,14.56
2026-05-29,CSAN3,3.8
2026-05-29,CSMG3,52.71
2026-05-29,CSNA3,6.71
2026-05-29,CURY3,31.73
2026-05-29,CVCB3,1.5
2026-05-29,CXSE3,17.71
2026-05-29,CYRE3,22.52
2026-05-29,DIRR3,13.4
2026-05-29,EGIE3,33.1
2026-05-29,EMBJ3,73.38
2026-05-29,ENEV3,25.63
2026-05-29,ENGI11,48.0
2026-05-29,EQTL3,38.55
2026-05-29,FLRY3,15.39
2026-05-29,GGBR4,22.77
2026-05-29,GOAU4,9.8
2026-05-29,HAPV3,12.15
2026-05-29,HYPE3,21.91
2026-05-29,IGTI11,25.94
2026-05-29,IRBR3,51.6
2026-05-29,ISAE4,27.03
2026-05-29,ITSA4,12.92
2026-05-29,ITUB4,40.04
2026-05-29,KLBN11,16.67
2026-05-29,LREN3,14.9
2026-05-29,LWSA3,3.73
2026-05-29,MBRF3,16.01
2026-05-29,MGLU3,5.98
2026-05-29,MOTV3,14.11
2026-05-29,MRVE3,5.85
2026-05-29,MULT3,29.79
2026-05-29,NATU3,9.95
2026-05-29,PCAR3,1.86
2026-05-29,PETR3,46.73
2026-05-29,PETR4,42.0
2026-05-29,POMO4,6.06
2026-05-29,PRIO3,62.25
2026-05-29,PSSA3,48.31
2026-05-29,RADL3,18.69
2026-05-29,RAIL3,13.72
2026-05-29,RAIZ4,0.36
2026-05-29,RDOR3,34.02
2026-05-29,RECV3,11.37
2026-05-29,RENT3,42.02
2026-05-29,SANB11,27.16
2026-05-29,SAUD3,13.56
2026-05-29,SBSP3,27.95
2026-05-29,SLCE3,15.5
2026-05-29,SMFT3,18.53
2026-05-29,SMTO3,16.98
2026-05-29,SUZB3,41.91
2026-05-29,TAEE11,39.16
2026-05-29,TEND3,32.69
2026-05-29,TIMS3,21.9
2026-05-29,TOTS3,33.07
2026-05-29,UGPA3,25.87
2026-05-29,USIM5,11.08
2026-05-29,VALE3,82.82
2026-05-29,VAMO3,3.06
2026-05-29,VBBR3,29.75
2026-05-29,VIVA3,21.84
2026-05-29,VIVT3,33.82
2026-05-29,WEGE3,44.1
2026-05-29,YDUQ3,9.54
2026-06-01,ABEV3,16.43
2026-06-01,ALOS3,27.78
2026-06-01,AMOB3,14.18
2026-06-01,ASAI3,8.6
2026-06-01,AURE3,12.06
2026-06-01,AXIA3,51.15
2026-06-01,AZZA3,18.78
2026-06-01,B3SA3,16.25
2026-06-01,BBAS3,20.08
2026-06-01,BBDC3,15.29
2026-06-01,BBDC4,17.5
2026-06-01,BBSE3,35.03
2026-06-01,BEEF3,3.5
2026-06-01,BPAC11,52.75
2026-06-01,BRAP4,22.87
2026-06-01,BRAV3,20.77
2026-06-01,BRKM5,10.23
2026-06-01,CEAB3,11.33
2026-06-01,CMIG4,10.81
2026-06-01,CMIN3,4.54
2026-06-01,COGN3,2.47
2026-06-01,CPFE3,42.85
2026-06-01,CPLE3,14.41
2026-06-01,CSAN3,3.88
2026-06-01,CSMG3,52.2
2026-06-01,CSNA3,6.55
2026-06-01,CURY3,31.32
2026-06-01,CVCB3,1.55
2026-06-01,CXSE3,17.45
2026-06-01,CYRE3,22.38
2026-06-01,DIRR3,13.37
2026-06-01,EGIE3,32.8
2026-06-01,EMBJ3,72.17
2026-06-01,ENEV3,24.88
2026-06-01,ENGI11,47.92
2026-06-01,EQTL3,38.43
2026-06-01,FLRY3,15.31
2026-06-01,GGBR4,23.14
2026-06-01,GOAU4,9.99
2026-06-01,HAPV3,12.2
2026-06-01,HYPE3,21.43
2026-06-01,IGTI11,25.67
2026-06-01,IRBR3,51.36
2026-06-01,ISAE4,26.86
2026-06-01,ITSA4,12.76
2026-06-01,ITUB4,39.36
2026-06-01,KLBN11,16.64
2026-06-01,LREN3,15.02
2026-06-01,LWSA3,3.85
2026-06-01,MBRF3,15.83
2026-06-01,MGLU3,5.82
2026-06-01,MOTV3,14.13
2026-06-01,MRVE3,5.72
2026-06-01,MULT3,29.3
2026-06-01,NATU3,9.84
2026-06-01,PCAR3,1.61
2026-06-01,PETR3,47.34
2026-06-01,PETR4,42.37
2026-06-01,POMO4,6.12
2026-06-01,PRIO3,62.82
2026-06-01,PSSA3,48.0
2026-06-01,RADL3,17.86
2026-06-01,RAIL3,13.92
2026-06-01,RAIZ4,0.4
2026-06-01,RDOR3,33.87
2026-06-01,RECV3,11.22
2026-06-01,RENT3,41.34
2026-06-01,SANB11,27.21
2026-06-01,SAUD3,13.4
2026-06-01,SBSP3,27.28
2026-06-01,SLCE3,15.21
2026-06-01,SMFT3,18.35
2026-06-01,SMTO3,17.22
2026-06-01,SUZB3,40.65
2026-06-01,TAEE11,38.9
2026-06-01,TEND3,32.59
2026-06-01,TIMS3,21.78
2026-06-01,TOTS3,34.5
2026-06-01,UGPA3,25.41
2026-06-01,USIM5,11.09
2026-06-01,VALE3,81.7
2026-06-01,VAMO3,3.0
2026-06-01,VBBR3,29.91
2026-06-01,VIVA3,21.55
2026-06-01,VIVT3,33.25
2026-06-01,WEGE3,43.0
2026-06-01,YDUQ3,9.46
2026-06-02,ABEV3,16.45
2026-06-02,ALOS3,27.63
2026-06-02,AMOB3,14.0
2026-06-02,ASAI3,9.05
2026-06-02,AURE3,12.27
2026-06-02,AXIA3,52.36
2026-06-02,AZZA3,18.99
2026-06-02,B3SA3,16.28
2026-06-02,BBAS3,19.89
2026-06-02,BBDC3,15.43
2026-06-02,BBDC4,17.75
2026-06-02,BBSE3,35.13
2026-06-02,BEEF3,3.5
2026-06-02,BPAC11,53.25
2026-06-02,BRAP4,23.61
2026-06-02,BRAV3,20.57
2026-06-02,BRKM5,10.01
2026-06-02,CEAB3,11.46
2026-06-02,CMIG4,11.0
2026-06-02,CMIN3,4.78
2026-06-02,COGN3,2.49
2026-06-02,CPFE3,43.5
2026-06-02,CPLE3,14.65
2026-06-02,CSAN3,3.88
2026-06-02,CSMG3,52.94
2026-06-02,CSNA3,7.13
2026-06-02,CURY3,31.33
2026-06-02,CVCB3,1.54
2026-06-02,CXSE3,17.76
2026-06-02,CYRE3,22.35
2026-06-02,DIRR3,13.35
2026-06-02,EGIE3,33.94
2026-06-02,EMBJ3,71.95
2026-06-02,ENEV3,25.35
2026-06-02,ENGI11,48.55
2026-06-02,EQTL3,39.07
2026-06-02,FLRY3,15.33
2026-06-02,GGBR4,24.65
2026-06-02,GOAU4,10.57
2026-06-02,HAPV3,12.23
2026-06-02,HYPE3,21.7
2026-06-02,IGTI11,25.71
2026-06-02,IRBR3,51.65
2026-06-02,ISAE4,27.5
2026-06-02,ITSA4,12.9
2026-06-02,ITUB4,39.56
2026-06-02,KLBN11,16.91
2026-06-02,LREN3,15.52
2026-06-02,LWSA3,3.75
2026-06-02,MBRF3,15.85
2026-06-02,MGLU3,5.68
2026-06-02,MOTV3,14.15
2026-06-02,MRVE3,5.93
2026-06-02,MULT3,29.42
2026-06-02,NATU3,9.86
2026-06-02,PCAR3,1.57
2026-06-02,PETR3,46.47
2026-06-02,PETR4,41.57
2026-06-02,POMO4,5.95
2026-06-02,PRIO3,61.98
2026-06-02,PSSA3,48.74
2026-06-02,RADL3,18.1
2026-06-02,RAIL3,14.19
2026-06-02,RAIZ4,0.38
2026-06-02,RDOR3,34.25
2026-06-02,RECV3,11.1
2026-06-02,RENT3,41.83
2026-06-02,SANB11,27.36
2026-06-02,SAUD3,13.28
2026-06-02,SBSP3,27.69
2026-06-02,SLCE3,15.29
2026-06-02,SMFT3,18.6
2026-06-02,SMTO3,17.5
2026-06-02,SUZB3,40.43
2026-06-02,TAEE11,39.25
2026-06-02,TEND3,33.39
2026-06-02,TIMS3,22.02
2026-06-02,TOTS3,34.41
2026-06-02,UGPA3,25.71
2026-06-02,USIM5,12.04
2026-06-02,VALE3,85.0
2026-06-02,VAMO3,2.97
2026-06-02,VBBR3,30.13
2026-06-02,VIVA3,21.4
2026-06-02,VIVT3,33.8
2026-06-02,WEGE3,42.0
2026-06-02,YDUQ3,9.39
2026-06-03,ABEV3,16.07
2026-06-03,ALOS3,27.28
2026-06-03,AMOB3,13.14
2026-06-03,ASAI3,8.79
2026-06-03,AURE3,11.97
2026-06-03,AXIA3,50.75
2026-06-03,AZZA3,17.38
2026-06-03,B3SA3,15.52
2026-06-03,BBAS3,19.53
2026-06-03,BBDC3,15.11
2026-06-03,BBDC4,17.37
2026-06-03,BBSE3,35.04
2026-06-03,BEEF3,3.58
2026-06-03,BPAC11,50.71
2026-06-03,BRAP4,22.78
2026-06-03,BRAV3,20.75
2026-06-03,BRKM5,9.43
2026-06-03,CEAB3,10.95
2026-06-03,CMIG4,10.86
2026-06-03,CMIN3,4.5
2026-06-03,COGN3,2.39
2026-06-03,CPFE3,43.3
2026-06-03,CPLE3,14.41
2026-06-03,CSAN3,3.58
2026-06-03,CSMG3,60.0
2026-06-03,CSNA3,6.68
2026-06-03,CURY3,29.45
2026-06-03,CVCB3,1.48
2026-06-03,CXSE3,17.45
2026-06-03,CYRE3,20.86
2026-06-03,DIRR3,12.43
2026-06-03,EGIE3,34.09
2026-06-03,EMBJ3,69.67
2026-06-03,ENEV3,24.23
2026-06-03,ENGI11,47.15
2026-06-03,EQTL3,39.81
2026-06-03,FLRY3,14.7
2026-06-03,GGBR4,24.13
2026-06-03,GOAU4,10.33
2026-06-03,HAPV3,11.22
2026-06-03,HYPE3,21.31
2026-06-03,IGTI11,24.71
2026-06-03,IRBR3,50.9
2026-06-03,ISAE4,27.18
2026-06-03,ITSA4,12.6
2026-06-03,ITUB4,38.72
2026-06-03,KLBN11,16.76
2026-06-03,LREN3,14.64
2026-06-03,LWSA3,3.62
2026-06-03,MBRF3,15.78
2026-06-03,MGLU3,5.34
2026-06-03,MOTV3,13.98
2026-06-03,MRVE3,5.72
2026-06-03,MULT3,28.65
2026-06-03,NATU3,9.8
2026-06-03,PCAR3,1.54
2026-06-03,PETR3,45.95
2026-06-03,PETR4,41.25
2026-06-03,POMO4,5.73
2026-06-03,PRIO3,62.59
2026-06-03,PSSA3,48.16
2026-06-03,RADL3,17.51
2026-06-03,RAIL3,13.89
2026-06-03,RAIZ4,0.39
2026-06-03,RDOR3,33.11
2026-06-03,RECV3,10.87
2026-06-03,RENT3,40.44
2026-06-03,SANB11,26.72
2026-06-03,SAUD3,12.78
2026-06-03,SBSP3,27.23
2026-06-03,SLCE3,14.98
2026-06-03,SMFT3,18.23
2026-06-03,SMTO3,17.3
2026-06-03,SUZB3,41.22
2026-06-03,TAEE11,38.79
2026-06-03,TEND3,31.4
2026-06-03,TIMS3,22.34
2026-06-03,TOTS3,33.62
2026-06-03,UGPA3,24.92
2026-06-03,USIM5,11.46
2026-06-03,VALE3,81.79
2026-06-03,VAMO3,2.94
2026-06-03,VBBR3,29.48
2026-06-03,VIVA3,20.5
2026-06-03,VIVT3,33.75
2026-06-03,WEGE3,41.78
2026-06-03,YDUQ3,8.86
2026-06-05,ABEV3,16.17
2026-06-05,ALOS3,26.95
2026-06-05,AMOB3,13.3
2026-06-05,ASAI3,8.62
2026-06-05,AURE3,11.77
2026-06-05,AXIA3,50.76
2026-06-05,AZZA3,17.13
2026-06-05,B3SA3,15.41
2026-06-05,BBAS3,19.17
2026-06-05,BBDC3,15.13
2026-06-05,BBDC4,17.47
2026-06-05,BBSE3,35.39
2026-06-05,BEEF3,3.68
2026-06-05,BPAC11,50.65
2026-06-05,BRAP4,21.88
2026-06-05,BRAV3,21.0
2026-06-05,BRKM5,8.78
2026-06-05,CEAB3,11.37
2026-06-05,CMIG4,10.88
2026-06-05,CMIN3,4.37
2026-06-05,COGN3,2.41
2026-06-05,CPFE3,42.69
2026-06-05,CPLE3,14.44
2026-06-05,CSAN3,3.59
2026-06-05,CSMG3,56.85
2026-06-05,CSNA3,6.0
2026-06-05,CURY3,28.7
2026-06-05,CVCB3,1.45
2026-06-05,CXSE3,17.57
2026-06-05,CYRE3,19.83
2026-06-05,DIRR3,12.35
2026-06-05,EGIE3,33.73
2026-06-05,EMBJ3,72.33
2026-06-05,ENEV3,23.89
2026-06-05,ENGI11,46.5
2026-06-05,EQTL3,38.91
2026-06-05,FLRY3,14.75
2026-06-05,GGBR4,23.48
2026-06-05,GOAU4,10.16
2026-06-05,HAPV3,10.94
2026-06-05,HYPE3,20.98
2026-06-05,IGTI11,24.82
2026-06-05,IRBR3,50.84
2026-06-05,ISAE4,26.95
2026-06-05,ITSA4,12.54
2026-06-05,ITUB4,38.83
2026-06-05,KLBN11,17.05
2026-06-05,LREN3,14.89
2026-06-05,LWSA3,3.65
2026-06-05,MBRF3,15.76
2026-06-05,MGLU3,5.44
2026-06-05,MOTV3,13.96
2026-06-05,MRVE3,5.6
2026-06-05,MULT3,28.35
2026-06-05,NATU3,9.72
2026-06-05,PCAR3,1.68
2026-06-05,PETR3,45.71
2026-06-05,PETR4,40.89
2026-06-05,POMO4,5.65
2026-06-05,PRIO3,61.12
2026-06-05,PSSA3,47.81
2026-06-05,RADL3,17.46
2026-06-05,RAIL3,13.94
2026-06-05,RAIZ4,0.4
2026-06-05,RDOR3,32.76
2026-06-05,RECV3,10.78
2026-06-05,RENT3,40.58
2026-06-05,SANB11,26.73
2026-06-05,SAUD3,12.59
2026-06-05,SBSP3,27.34
2026-06-05,SLCE3,14.81
2026-06-05,SMFT3,18.49
2026-06-05,SMTO3,16.88
2026-06-05,SUZB3,41.74
2026-06-05,TAEE11,38.6
2026-06-05,TEND3,30.17
2026-06-05,TIMS3,22.0
2026-06-05,TOTS3,33.1
2026-06-05,UGPA3,24.96
2026-06-05,USIM5,11.31
2026-06-05,VALE3,78.7
2026-06-05,VAMO3,2.95
2026-06-05,VBBR3,28.89
2026-06-05,VIVA3,20.42
2026-06-05,VIVT3,32.95
2026-06-05,WEGE3,42.46
2026-06-05,YDUQ3,8.89
2026-06-08,ABEV3,16.08
2026-06-08,ALOS3,26.86
2026-06-08,AMOB3,12.8
2026-06-08,ASAI3,8.45
2026-06-08,AURE3,11.64
2026-06-08,AXIA3,50.52
2026-06-08,AZZA3,17.1
2026-06-08,B3SA3,15.22
2026-06-08,BBAS3,19.1
2026-06-08,BBDC3,14.97
2026-06-08,BBDC4,17.2
2026-06-08,BBSE3,35.87
2026-06-08,BEEF3,3.64
2026-06-08,BPAC11,50.5
2026-06-08,BRAP4,21.59
2026-06-08,BRAV3,21.26
2026-06-08,BRKM5,8.9
2026-06-08,CEAB3,11.23
2026-06-08,CMIG4,10.76
2026-06-08,CMIN3,4.31
2026-06-08,COGN3,2.36
2026-06-08,CPFE3,42.69
2026-06-08,CPLE3,14.4
2026-06-08,CSAN3,3.43
2026-06-08,CSMG3,57.19
2026-06-08,CSNA3,5.9
2026-06-08,CURY3,28.99
2026-06-08,CVCB3,1.42
2026-06-08,CXSE3,17.69
2026-06-08,CYRE3,20.15
2026-06-08,DIRR3,12.3
2026-06-08,EGIE3,33.42
2026-06-08,EMBJ3,73.44
2026-06-08,ENEV3,23.95
2026-06-08,ENGI11,46.21
2026-06-08,EQTL3,38.6
2026-06-08,FLRY3,14.61
2026-06-08,GGBR4,23.68
2026-06-08,GOAU4,10.29
2026-06-08,HAPV3,10.89
2026-06-08,HYPE3,20.62
2026-06-08,IGTI11,24.58
2026-06-08,IRBR3,50.98
2026-06-08,ISAE4,26.79
2026-06-08,ITSA4,12.42
2026-06-08,ITUB4,38.52
2026-06-08,KLBN11,17.12
2026-06-08,LREN3,14.97
2026-06-08,LWSA3,3.67
2026-06-08,MBRF3,15.53
2026-06-08,MGLU3,5.34
2026-06-08,MOTV3,13.89
2026-06-08,MRVE3,5.34
2026-06-08,MULT3,28.18
2026-06-08,NATU3,9.46
2026-06-08,PCAR3,1.72
2026-06-08,PETR3,46.04
2026-06-08,PETR4,41.22
2026-06-08,POMO4,5.71
2026-06-08,PRIO3,62.54
2026-06-08,PSSA3,47.88
2026-06-08,RADL3,17.84
2026-06-08,RAIL3,13.52
2026-06-08,RAIZ4,0.44
2026-06-08,RDOR3,32.72
2026-06-08,RECV3,10.82
2026-06-08,RENT3,40.17
2026-06-08,SANB11,26.78
2026-06-08,SAUD3,12.57
2026-06-08,SBSP3,27.27
2026-06-08,SLCE3,14.45
2026-06-08,SMFT3,18.3
2026-06-08,SMTO3,17.21
2026-06-08,SUZB3,41.97
2026-06-08,TAEE11,38.82
2026-06-08,TEND3,30.0
2026-06-08,TIMS3,22.1
2026-06-08,TOTS3,32.36
2026-06-08,UGPA3,24.68
2026-06-08,USIM5,11.18
2026-06-08,VALE3,78.07
2026-06-08,VAMO3,2.92
2026-06-08,VBBR3,28.71
2026-06-08,VIVA3,20.5
2026-06-08,VIVT3,33.33
2026-06-08,WEGE3,44.0
2026-06-08,YDUQ3,8.8
2026-06-09,ABEV3,16.21
2026-06-09,ALOS3,27.0
2026-06-09,AMOB3,13.08
2026-06-09,ASAI3,8.39
2026-06-09,AURE3,11.81
2026-06-09,AXIA3,50.46
2026-06-09,AZZA3,17.24
2026-06-09,B3SA3,15.39
2026-06-09,BBAS3,19.11
2026-06-09,BBDC3,15.14
2026-06-09,BBDC4,17.43
2026-06-09,BBSE3,36.25
2026-06-09,BEEF3,3.64
2026-06-09,BPAC11,50.85
2026-06-09,BRAP4,21.84
2026-06-09,BRAV3,21.25
2026-06-09,BRKM5,9.24
2026-06-09,CEAB3,11.19
2026-06-09,CMIG4,10.81
2026-06-09,CMIN3,4.35
2026-06-09,COGN3,2.39
2026-06-09,CPFE3,43.6
2026-06-09,CPLE3,14.58
2026-06-09,CSAN3,3.4
2026-06-09,CSMG3,57.5
2026-06-09,CSNA3,6.07
2026-06-09,CURY3,30.2
2026-06-09,CVCB3,1.42
2026-06-09,CXSE3,17.96
2026-06-09,CYRE3,20.75
2026-06-09,DIRR3,12.85
2026-06-09,EGIE3,33.83
2026-06-09,EMBJ3,72.73
2026-06-09,ENEV3,24.7
2026-06-09,ENGI11,46.68
2026-06-09,EQTL3,38.76
2026-06-09,FLRY3,15.21
2026-06-09,GGBR4,23.47
2026-06-09,GOAU4,10.33
2026-06-09,HAPV3,11.38
2026-06-09,HYPE3,21.08
2026-06-09,IGTI11,24.85
2026-06-09,IRBR3,51.23
2026-06-09,ISAE4,27.36
2026-06-09,ITSA4,12.58
2026-06-09,ITUB4,39.22
2026-06-09,KLBN11,17.04
2026-06-09,LREN3,15.01
2026-06-09,LWSA3,3.83
2026-06-09,MBRF3,15.48
2026-06-09,MGLU3,5.49
2026-06-09,MOTV3,14.03
2026-06-09,MRVE3,5.37
2026-06-09,MULT3,28.52
2026-06-09,NATU3,9.2
2026-06-09,PCAR3,1.59
2026-06-09,PETR3,46.12
2026-06-09,PETR4,41.17
2026-06-09,POMO4,5.8
2026-06-09,PRIO3,61.8
2026-06-09,PSSA3,48.66
2026-06-09,RADL3,18.1
2026-06-09,RAIL3,13.49
2026-06-09,RAIZ4,0.46
2026-06-09,RDOR3,33.34
2026-06-09,RECV3,10.74
2026-06-09,RENT3,40.85
2026-06-09,SANB11,27.17
2026-06-09,SAUD3,13.07
2026-06-09,SBSP3,27.69
2026-06-09,SLCE3,14.56
2026-06-09,SMFT3,18.8
2026-06-09,SMTO3,17.2
2026-06-09,SUZB3,42.05
2026-06-09,TAEE11,39.24
2026-06-09,TEND3,31.7
2026-06-09,TIMS3,22.18
2026-06-09,TOTS3,30.79
2026-06-09,UGPA3,25.28
2026-06-09,USIM5,11.12
2026-06-09,VALE3,78.5
2026-06-09,VAMO3,2.89
2026-06-09,VBBR3,29.4
2026-06-09,VIVA3,21.0
2026-06-09,VIVT3,32.95
2026-06-09,WEGE3,43.33
2026-06-09,YDUQ3,8.86
2026-06-10,ABEV3,16.28
2026-06-10,ALOS3,26.68
2026-06-10,AMOB3,12.8
2026-06-10,ASAI3,8.2
2026-06-10,AURE3,11.58
2026-06-10,AXIA3,50.53
2026-06-10,AZZA3,16.85
2026-06-10,B3SA3,15.12
2026-06-10,BBAS3,19.0
2026-06-10,BBDC3,15.06
2026-06-10,BBDC4,17.26
2026-06-10,BBSE3,36.63
2026-06-10,BEEF3,3.65
2026-06-10,BPAC11,49.2
2026-06-10,BRAP4,21.69
2026-06-10,BRAV3,21.17
2026-06-10,BRKM5,9.28
2026-06-10,CEAB3,10.96
2026-06-10,CMIG4,10.73
2026-06-10,CMIN3,4.32
2026-06-10,COGN3,2.35
2026-06-10,CPFE3,43.28
2026-06-10,CPLE3,14.28
2026-06-10,CSAN3,3.37
2026-06-10,CSMG3,58.2
2026-06-10,CSNA3,6.04
2026-06-10,CURY3,30.3
2026-06-10,CVCB3,1.42
2026-06-10,CXSE3,18.35
2026-06-10,CYRE3,20.37
2026-06-10,DIRR3,12.81
2026-06-10,EGIE3,33.24
2026-06-10,EMBJ3,69.65
2026-06-10,ENEV3,23.87
2026-06-10,ENGI11,45.95
2026-06-10,EQTL3,38.41
2026-06-10,FLRY3,14.82
2026-06-10,GGBR4,23.43
2026-06-10,GOAU4,10.32
2026-06-10,HAPV3,11.41
2026-06-10,HYPE3,20.9
2026-06-10,IGTI11,24.45
2026-06-10,IRBR3,51.12
2026-06-10,ISAE4,26.87
2026-06-10,ITSA4,12.59
2026-06-10,ITUB4,39.36
2026-06-10,KLBN11,16.86
2026-06-10,LREN3,14.82
2026-06-10,LWSA3,3.72
2026-06-10,MBRF3,15.9
2026-06-10,MGLU3,5.12
2026-06-10,MOTV3,13.8
2026-06-10,MRVE3,5.19
2026-06-10,MULT3,28.05
2026-06-10,NATU3,8.68
2026-06-10,PCAR3,1.54
2026-06-10,PETR3,46.81
2026-06-10,PETR4,41.65
2026-06-10,POMO4,5.7
2026-06-10,PRIO3,62.88
2026-06-10,PSSA3,48.48
2026-06-10,RADL3,17.76
2026-06-10,RAIL3,13.3
2026-06-10,RAIZ4,0.45
2026-06-10,RDOR3,32.5
2026-06-10,RECV3,10.49
2026-06-10,RENT3,39.12
2026-06-10,SANB11,27.0
2026-06-10,SAUD3,12.84
2026-06-10,SBSP3,27.52
2026-06-10,SLCE3,14.89
2026-06-10,SMFT3,18.77
2026-06-10,SMTO3,16.9
2026-06-10,SUZB3,41.45
2026-06-10,TAEE11,38.99
2026-06-10,TEND3,32.18
2026-06-10,TIMS3,22.44
2026-06-10,TOTS3,28.63
2026-06-10,UGPA3,24.99
2026-06-10,USIM5,10.96
2026-06-10,VALE3,77.7
2026-06-10,VAMO3,2.76
2026-06-10,VBBR3,29.32
2026-06-10,VIVA3,20.73
2026-06-10,VIVT3,33.26
2026-06-10,WEGE3,42.39
2026-06-10,YDUQ3,8.83
2026-06-11,ABEV3,16.64
2026-06-11,ALOS3,27.2
2026-06-11,AMOB3,13.72
2026-06-11,ASAI3,8.24
2026-06-11,AURE3,11.75
2026-06-11,AXIA3,52.27
2026-06-11,AZZA3,17.51
2026-06-11,B3SA3,15.44
2026-06-11,BBAS3,19.41
2026-06-11,BBDC3,15.42
2026-06-11,BBDC4,17.68
2026-06-11,BBSE3,37.8
2026-06-11,BEEF3,3.78
2026-06-11,BPAC11,50.48
2026-06-11,BRAP4,22.02
2026-06-11,BRAV3,21.05
2026-06-11,BRKM5,9.75
2026-06-11,CEAB3,11.22
2026-06-11,CMIG4,10.81
2026-06-11,CMIN3,4.34
2026-06-11,COGN3,2.45
2026-06-11,CPFE3,44.37
2026-06-11,CPLE3,14.5
2026-06-11,CSAN3,3.37
2026-06-11,CSMG3,58.5
2026-06-11,CSNA3,6.01
2026-06-11,CURY3,31.88
2026-06-11,CVCB3,1.32
2026-06-11,CXSE3,18.64
2026-06-11,CYRE3,21.1
2026-06-11,DIRR3,13.55
2026-06-11,EGIE3,34.54
2026-06-11,EMBJ3,71.2
2026-06-11,ENEV3,24.4
2026-06-11,ENGI11,47.08
2026-06-11,EQTL3,38.89
2026-06-11,FLRY3,15.16
2026-06-11,GGBR4,23.82
2026-06-11,GOAU4,10.43
2026-06-11,HAPV3,11.59
2026-06-11,HYPE3,21.26
2026-06-11,IGTI11,24.95
2026-06-11,IRBR3,52.01
2026-06-11,ISAE4,27.41
2026-06-11,ITSA4,12.93
2026-06-11,ITUB4,40.5
2026-06-11,KLBN11,16.78
2026-06-11,LREN3,15.39
2026-06-11,LWSA3,3.79
2026-06-11,MBRF3,16.0
2026-06-11,MGLU3,5.33
2026-06-11,MOTV3,14.1
2026-06-11,MRVE3,5.21
2026-06-11,MULT3,28.5
2026-06-11,NATU3,8.51
2026-06-11,PCAR3,1.46
2026-06-11,PETR3,46.8
2026-06-11,PETR4,41.76
2026-06-11,POMO4,5.8
2026-06-11,PRIO3,62.05
2026-06-11,PSSA3,49.51
2026-06-11,RADL3,17.62
2026-06-11,RAIL3,13.49
2026-06-11,RAIZ4,0.43
2026-06-11,RDOR3,34.04
2026-06-11,RECV3,11.11
2026-06-11,RENT3,40.8
2026-06-11,SANB11,27.17
2026-06-11,SAUD3,13.0
2026-06-11,SBSP3,27.85
2026-06-11,SLCE3,14.68
2026-06-11,SMFT3,19.35
2026-06-11,SMTO3,16.17
2026-06-11,SUZB3,41.29
2026-06-11,TAEE11,39.7
2026-06-11,TEND3,33.27
2026-06-11,TIMS3,22.82
2026-06-11,TOTS3,30.04
2026-06-11,UGPA3,24.98
2026-06-11,USIM5,10.85
2026-06-11,VALE3,78.8
2026-06-11,VAMO3,2.94
2026-06-11,VBBR3,29.53
2026-06-11,VIVA3,21.21
2026-06-11,VIVT3,33.86
2026-06-11,WEGE3,42.35
2026-06-11,YDUQ3,8.8
2026-06-12,ABEV3,16.61
2026-06-12,ALOS3,27.07
2026-06-12,AMOB3,13.28
2026-06-12,ASAI3,8.1
2026-06-12,AURE3,11.79
2026-06-12,AXIA3,52.0
2026-06-12,AZZA3,17.19
2026-06-12,B3SA3,15.23
2026-06-12,BBAS3,19.46
2026-06-12,BBDC3,15.5
2026-06-12,BBDC4,17.8
2026-06-12,BBSE3,37.87
2026-06-12,BEEF3,3.78
2026-06-12,BPAC11,50.39
2026-06-12,BRAP4,22.42
2026-06-12,BRAV3,21.02
2026-06-12,BRKM5,9.1
2026-06-12,CEAB3,10.96
2026-06-12,CMIG4,10.73
2026-06-12,CMIN3,4.3
2026-06-12,COGN3,2.34
2026-06-12,CPFE3,44.42
2026-06-12,CPLE3,14.61
2026-06-12,CSAN3,3.34
2026-06-12,CSMG3,57.4
2026-06-12,CSNA3,6.05
2026-06-12,CURY3,32.11
2026-06-12,CVCB3,1.39
2026-06-12,CXSE3,18.6
2026-06-12,CYRE3,21.36
2026-06-12,DIRR3,13.44
2026-06-12,EGIE3,35.21
2026-06-12,EMBJ3,72.85
2026-06-12,ENEV3,24.54
2026-06-12,ENGI11,47.4
2026-06-12,EQTL3,38.77
2026-06-12,FLRY3,15.18
2026-06-12,GGBR4,23.88
2026-06-12,GOAU4,10.53
2026-06-12,HAPV3,11.4
2026-06-12,HYPE3,21.49
2026-06-12,IGTI11,24.55
2026-06-12,IRBR3,52.04
2026-06-12,ISAE4,27.33
2026-06-12,ITSA4,12.9
2026-06-12,ITUB4,40.6
2026-06-12,KLBN11,16.88
2026-06-12,LREN3,15.38
2026-06-12,LWSA3,3.8
2026-06-12,MBRF3,15.99
2026-06-12,MGLU3,5.22
2026-06-12,MOTV3,13.95
2026-06-12,MRVE3,5.18
2026-06-12,MULT3,28.44
2026-06-12,NATU3,8.56
2026-06-12,PCAR3,1.55
2026-06-12,PETR3,46.19
2026-06-12,PETR4,41.18
2026-06-12,POMO4,5.86
2026-06-12,PRIO3,61.34
2026-06-12,PSSA3,50.49
2026-06-12,RADL3,17.46
2026-06-12,RAIL3,13.36
2026-06-12,RAIZ4,0.43
2026-06-12,RDOR3,34.08
2026-06-12,RECV3,10.93
2026-06-12,RENT3,40.7
2026-06-12,SANB11,27.13
2026-06-12,SAUD3,13.15
2026-06-12,SBSP3,27.54
2026-06-12,SLCE3,14.25
2026-06-12,SMFT3,18.93
2026-06-12,SMTO3,15.8
2026-06-12,SUZB3,41.52
2026-06-12,TAEE11,39.69
2026-06-12,TEND3,34.16
2026-06-12,TIMS3,22.51
2026-06-12,TOTS3,29.8
2026-06-12,UGPA3,24.8
2026-06-12,USIM5,10.85
2026-06-12,VALE3,79.17
2026-06-12,VAMO3,3.03
2026-06-12,VBBR3,29.15
2026-06-12,VIVA3,21.33
2026-06-12,VIVT3,33.53
2026-06-12,WEGE3,42.61
2026-06-12,YDUQ3,8.73
2026-06-15,ABEV3,16.57
2026-06-15,ALOS3,26.6
2026-06-15,AMOB3,13.46
2026-06-15,ASAI3,7.97
2026-06-15,AURE3,11.78
2026-06-15,AXIA3,53.0
2026-06-15,AZZA3,17.44
2026-06-15,B3SA3,15.14
2026-06-15,BBAS3,19.39
2026-06-15,BBDC3,15.41
2026-06-15,BBDC4,17.65
2026-06-15,BBSE3,37.78
2026-06-15,BEEF3,3.82
2026-06-15,BPAC11,50.88
2026-06-15,BRAP4,23.03
2026-06-15,BRAV3,20.18
2026-06-15,BRKM5,9.32
2026-06-15,CEAB3,10.8
2026-06-15,CMIG4,10.73
2026-06-15,CMIN3,4.39
2026-06-15,COGN3,2.34
2026-06-15,CPFE3,44.07
2026-06-15,CPLE3,14.75
2026-06-15,CSAN3,3.27
2026-06-15,CSMG3,56.58
2026-06-15,CSNA3,6.09
2026-06-15,CURY3,33.08
2026-06-15,CVCB3,1.38
2026-06-15,CXSE3,18.7
2026-06-15,CYRE3,21.66
2026-06-15,DIRR3,13.54
2026-06-15,EGIE3,35.32
2026-06-15,EMBJ3,77.99
2026-06-15,ENEV3,25.06
2026-06-15,ENGI11,47.01
2026-06-15,EQTL3,38.42
2026-06-15,FLRY3,14.98
2026-06-15,GGBR4,23.36
2026-06-15,GOAU4,10.27
2026-06-15,HAPV3,11.42
2026-06-15,HYPE3,21.18
2026-06-15,IGTI11,23.91
2026-06-15,IRBR3,51.95
2026-06-15,ISAE4,27.62
2026-06-15,ITSA4,12.79
2026-06-15,ITUB4,40.4
2026-06-15,KLBN11,17.11
2026-06-15,LREN3,15.31
2026-06-15,LWSA3,3.81
2026-06-15,MBRF3,15.78
2026-06-15,MGLU3,5.35
2026-06-15,MOTV3,13.98
2026-06-15,MRVE3,5.18
2026-06-15,MULT3,28.25
2026-06-15,NATU3,8.48
2026-06-15,PCAR3,1.76
2026-06-15,PETR3,43.74
2026-06-15,PETR4,39.06
2026-06-15,POMO4,5.87
2026-06-15,PRIO3,57.1
2026-06-15,PSSA3,49.95
2026-06-15,RADL3,17.29
2026-06-15,RAIL3,13.27
2026-06-15,RAIZ4,0.42
2026-06-15,RDOR3,33.8
2026-06-15,RECV3,10.22
2026-06-15,RENT3,40.65
2026-06-15,SANB11,27.09
2026-06-15,SAUD3,12.94
2026-06-15,SBSP3,27.87
2026-06-15,SLCE3,14.12
2026-06-15,SMFT3,18.66
2026-06-15,SMTO3,16.12
2026-06-15,SUZB3,42.59
2026-06-15,TAEE11,39.51
2026-06-15,TEND3,33.96
2026-06-15,TIMS3,22.28
2026-06-15,TOTS3,29.44
2026-06-15,UGPA3,24.1
2026-06-15,USIM5,10.8
2026-06-15,VALE3,81.16
2026-06-15,VAMO3,2.98
2026-06-15,VBBR3,28.74
2026-06-15,VIVA3,21.59
2026-06-15,VIVT3,33.14
2026-06-15,WEGE3,42.78
2026-06-15,YDUQ3,8.9
2026-06-16,ABEV3,16.44
2026-06-16,ALOS3,26.76
2026-06-16,AMOB3,13.15
2026-06-16,ASAI3,7.89
2026-06-16,AURE3,11.46
2026-06-16,AXIA3,53.16
2026-06-16,AZZA3,17.45
2026-06-16,B3SA3,15.04
2026-06-16,BBAS3,19.4
2026-06-16,BBDC3,15.3
2026-06-16,BBDC4,17.66
2026-06-16,BBSE3,38.19
2026-06-16,BEEF3,3.74
2026-06-16,BPAC11,50.7
2026-06-16,BRAP4,22.98
2026-06-16,BRAV3,19.64
2026-06-16,BRKM5,8.46
2026-06-16,CEAB3,10.31
2026-06-16,CMIG4,10.72
2026-06-16,CMIN3,4.35
2026-06-16,COGN3,2.3
2026-06-16,CPFE3,43.77
2026-06-16,CPLE3,14.5
2026-06-16,CSAN3,3.27
2026-06-16,CSMG3,56.19
2026-06-16,CSNA3,6.02
2026-06-16,CURY3,32.7
2026-06-16,CVCB3,1.35
2026-06-16,CXSE3,18.73
2026-06-16,CYRE3,21.58
2026-06-16,DIRR3,13.44
2026-06-16,EGIE3,34.33
2026-06-16,EMBJ3,76.27
2026-06-16,ENEV3,24.44
2026-06-16,ENGI11,46.16
2026-06-16,EQTL3,37.6
2026-06-16,FLRY3,14.8
2026-06-16,GGBR4,23.29
2026-06-16,GOAU4,10.3
2026-06-16,HAPV3,11.21
2026-06-16,HYPE3,20.5
2026-06-16,IGTI11,23.73
2026-06-16,IRBR3,51.7
2026-06-16,ISAE4,27.7
2026-06-16,ITSA4,12.86
2026-06-16,ITUB4,40.45
2026-06-16,KLBN11,17.06
2026-06-16,LREN3,14.89
2026-06-16,LWSA3,3.79
2026-06-16,MBRF3,15.96
2026-06-16,MGLU3,5.0
2026-06-16,MOTV3,14.0
2026-06-16,MRVE3,5.3
2026-06-16,MULT3,28.08
2026-06-16,NATU3,8.58
2026-06-16,PCAR3,1.93
2026-06-16,PETR3,43.32
2026-06-16,PETR4,38.54
2026-06-16,POMO4,5.81
2026-06-16,PRIO3,56.85
2026-06-16,PSSA3,50.56
2026-06-16,RADL3,17.67
2026-06-16,RAIL3,13.03
2026-06-16,RAIZ4,0.43
2026-06-16,RDOR3,34.08
2026-06-16,RECV3,10.0
2026-06-16,RENT3,40.96
2026-06-16,SANB11,27.09
2026-06-16,SAUD3,12.85
2026-06-16,SBSP3,27.8
2026-06-16,SLCE3,14.04
2026-06-16,SMFT3,18.64
2026-06-16,SMTO3,15.97
2026-06-16,SUZB3,42.93
2026-06-16,TAEE11,39.4
2026-06-16,TEND3,33.79
2026-06-16,TIMS3,21.75
2026-06-16,TOTS3,28.62
2026-06-16,UGPA3,23.88
2026-06-16,USIM5,10.13
2026-06-16,VALE3,81.44
2026-06-16,VAMO3,2.86
2026-06-16,VBBR3,27.92
2026-06-16,VIVA3,21.0
2026-06-16,VIVT3,33.58
2026-06-16,WEGE3,42.83
2026-06-16,YDUQ3,8.74
2026-06-17,ABEV3,16.19
2026-06-17,ALOS3,26.47
2026-06-17,AMOB3,12.58
2026-06-17,ASAI3,7.8
2026-06-17,AURE3,11.18
2026-06-17,AXIA3,52.39
2026-06-17,AZZA3,16.6
2026-06-17,B3SA3,14.61
2026-06-17,BBAS3,19.41
2026-06-17,BBDC3,15.31
2026-06-17,BBDC4,17.55
2026-06-17,BBSE3,39.3
2026-06-17,BEEF3,3.72
2026-06-17,BPAC11,50.39
2026-06-17,BRAP4,22.56
2026-06-17,BRAV3,19.89
2026-06-17,BRKM5,8.37
2026-06-17,CEAB3,10.09
2026-06-17,CMIG4,10.64
2026-06-17,CMIN3,4.27
2026-06-17,COGN3,2.3
2026-06-17,CPFE3,43.43
2026-06-17,CPLE3,14.3
2026-06-17,CSAN3,3.47
2026-06-17,CSMG3,56.15
2026-06-17,CSNA3,5.63
2026-06-17,CURY3,31.88
2026-06-17,CVCB3,1.31
2026-06-17,CXSE3,19.01
2026-06-17,CYRE3,20.86
2026-06-17,DIRR3,13.18
2026-06-17,EGIE3,33.45
2026-06-17,EMBJ3,78.74
2026-06-17,ENEV3,24.08
2026-06-17,ENGI11,45.7
2026-06-17,EQTL3,37.09
2026-06-17,FLRY3,14.69
2026-06-17,GGBR4,22.81
2026-06-17,GOAU4,10.05
2026-06-17,HAPV3,10.58
2026-06-17,HYPE3,20.2
2026-06-17,IGTI11,23.45
2026-06-17,IRBR3,51.25
2026-06-17,ISAE4,27.11
2026-06-17,ITSA4,13.03
2026-06-17,ITUB4,40.8
2026-06-17,KLBN11,16.96
2026-06-17,LREN3,14.45
2026-06-17,LWSA3,3.67
2026-06-17,MBRF3,15.5
2026-06-17,MGLU3,4.74
2026-06-17,MOTV3,13.83
2026-06-17,MRVE3,5.08
2026-06-17,MULT3,27.93
2026-06-17,NATU3,7.83
2026-06-17,PCAR3,1.68
2026-06-17,PETR3,43.07
2026-06-17,PETR4,38.57
2026-06-17,POMO4,5.91
2026-06-17,PRIO3,56.74
2026-06-17,PSSA3,51.55
2026-06-17,RADL3,17.51
2026-06-17,RAIL3,12.45
2026-06-17,RAIZ4,0.42
2026-06-17,RDOR3,33.12
2026-06-17,RECV3,9.91
2026-06-17,RENT3,40.54
2026-06-17,SANB11,27.08
2026-06-17,SAUD3,12.76
2026-06-17,SBSP3,27.46
2026-06-17,SLCE3,13.75
2026-06-17,SMFT3,18.96
2026-06-17,SMTO3,15.53
2026-06-17,SUZB3,42.23
2026-06-17,TAEE11,38.88
2026-06-17,TEND3,32.94
2026-06-17,TIMS3,21.35
2026-06-17,TOTS3,27.93
2026-06-17,UGPA3,24.19
2026-06-17,USIM5,9.56
2026-06-17,VALE3,79.78
2026-06-17,VAMO3,2.71
2026-06-17,VBBR3,28.32
2026-06-17,VIVA3,20.72
2026-06-17,VIVT3,32.86
2026-06-17,WEGE3,43.8
2026-06-17,YDUQ3,8.36
2026-06-18,ABEV3,16.22
2026-06-18,ALOS3,26.64
2026-06-18,AMOB3,12.4
2026-06-18,ASAI3,7.68
2026-06-18,AURE3,11.21
2026-06-18,AXIA3,51.51
2026-06-18,AZZA3,16.21
2026-06-18,B3SA3,14.33
2026-06-18,BBAS3,19.53
2026-06-18,BBDC3,15.27
2026-06-18,BBDC4,17.47
2026-06-18,BBSE3,39.44
2026-06-18,BEEF3,3.71
2026-06-18,BPAC11,50.85
2026-06-18,BRAP4,22.65
2026-06-18,BRAV3,19.24
2026-06-18,BRKM5,7.51
2026-06-18,CEAB3,9.71
2026-06-18,CMIG4,10.72
2026-06-18,CMIN3,4.21
2026-06-18,COGN3,2.33
2026-06-18,CPFE3,44.01
2026-06-18,CPLE3,14.78
2026-06-18,CSAN3,3.4
2026-06-18,CSMG3,57.55
2026-06-18,CSNA3,5.18
2026-06-18,CURY3,32.72
2026-06-18,CVCB3,1.24
2026-06-18,CXSE3,19.33
2026-06-18,CYRE3,21.15
2026-06-18,DIRR3,13.45
2026-06-18,EGIE3,33.88
2026-06-18,EMBJ3,78.88
2026-06-18,ENEV3,24.1
2026-06-18,ENGI11,45.49
2026-06-18,EQTL3,36.86
2026-06-18,FLRY3,14.83
2026-06-18,GGBR4,21.65
2026-06-18,GOAU4,9.53
2026-06-18,HAPV3,10.58
2026-06-18,HYPE3,20.1
2026-06-18,IGTI11,23.77
2026-06-18,IRBR3,51.66
2026-06-18,ISAE4,27.9
2026-06-18,ITSA4,13.03
2026-06-18,ITUB4,40.49
2026-06-18,KLBN11,17.23
2026-06-18,LREN3,13.99
2026-06-18,LWSA3,3.62
2026-06-18,MBRF3,15.45
2026-06-18,MGLU3,4.5
2026-06-18,MOTV3,13.75
2026-06-18,MRVE3,4.86
2026-06-18,MULT3,28.2
2026-06-18,NATU3,7.43
2026-06-18,PCAR3,1.8
2026-06-18,PETR3,43.13
2026-06-18,PETR4,38.85
2026-06-18,POMO4,5.99
2026-06-18,PRIO3,56.97
2026-06-18,PSSA3,52.48
2026-06-18,RADL3,16.55
2026-06-18,RAIL3,12.33
2026-06-18,RAIZ4,0.4
2026-06-18,RDOR3,33.25
2026-06-18,RECV3,10.0
2026-06-18,RENT3,40.09
2026-06-18,SANB11,26.72
2026-06-18,SAUD3,12.94
2026-06-18,SBSP3,26.9
2026-06-18,SLCE3,13.54
2026-06-18,SMFT3,18.76
2026-06-18,SMTO3,14.97
2026-06-18,SUZB3,43.58
2026-06-18,TAEE11,39.45
2026-06-18,TEND3,33.55
2026-06-18,TIMS3,21.37
2026-06-18,TOTS3,27.14
2026-06-18,UGPA3,24.83
2026-06-18,USIM5,9.1
2026-06-18,VALE3,79.94
2026-06-18,VAMO3,2.71
2026-06-18,VBBR3,28.59
2026-06-18,VIVA3,21.06
2026-06-18,VIVT3,32.68
2026-06-18,WEGE3,45.81
2026-06-18,YDUQ3,7.94
2026-06-19,ABEV3,16.05
2026-06-19,ALOS3,26.55
2026-06-19,AMOB3,11.92
2026-06-19,ASAI3,7.65
2026-06-19,AURE3,11.29
2026-06-19,AXIA3,51.81
2026-06-19,AZZA3,17.56
2026-06-19,B3SA3,14.41
2026-06-19,BBAS3,19.42
2026-06-19,BBDC3,15.16
2026-06-19,BBDC4,17.47
2026-06-19,BBSE3,38.9
2026-06-19,BEEF3,3.52
2026-06-19,BPAC11,50.64
2026-06-19,BRAP4,22.68
2026-06-19,BRAV3,18.99
2026-06-19,BRKM5,7.5
2026-06-19,CEAB3,9.91
2026-06-19,CMIG4,10.68
2026-06-19,CMIN3,4.32
2026-06-19,COGN3,2.34
2026-06-19,CPFE3,43.88
2026-06-19,CPLE3,14.56
2026-06-19,CSAN3,3.49
2026-06-19,CSMG3,56.67
2026-06-19,CSNA3,5.26
2026-06-19,CURY3,33.27
2026-06-19,CVCB3,1.22
2026-06-19,CXSE3,19.64
2026-06-19,CYRE3,21.83
2026-06-19,DIRR3,13.59
2026-06-19,EGIE3,33.88
2026-06-19,EMBJ3,79.2
2026-06-19,ENEV3,24.49
2026-06-19,ENGI11,45.44
2026-06-19,EQTL3,37.05
2026-06-19,FLRY3,14.93
2026-06-19,GGBR4,21.66
2026-06-19,GOAU4,9.63
2026-06-19,HAPV3,10.31
2026-06-19,HYPE3,20.22
2026-06-19,IGTI11,23.78
2026-06-19,IRBR3,52.1
2026-06-19,ISAE4,27.65
2026-06-19,ITSA4,12.79
2026-06-19,ITUB4,39.87
2026-06-19,KLBN11,17.13
2026-06-19,LREN3,14.29
2026-06-19,LWSA3,3.75
2026-06-19,MBRF3,15.28
2026-06-19,MGLU3,4.62
2026-06-19,MOTV3,13.67
2026-06-19,MRVE3,4.92
2026-06-19,MULT3,28.02
2026-06-19,NATU3,7.5
2026-06-19,PCAR3,2.03
2026-06-19,PETR3,43.34
2026-06-19,PETR4,38.8
2026-06-19,POMO4,5.99
2026-06-19,PRIO3,57.2
2026-06-19,PSSA3,52.5
2026-06-19,RADL3,16.25
2026-06-19,RAIL3,12.45
2026-06-19,RAIZ4,0.42
2026-06-19,RDOR3,33.6
2026-06-19,RECV3,10.18
2026-06-19,RENT3,40.12
2026-06-19,SANB11,26.88
2026-06-19,SAUD3,13.4
2026-06-19,SBSP3,26.96
2026-06-19,SLCE3,13.6
2026-06-19,SMFT3,18.67
2026-06-19,SMTO3,14.93
2026-06-19,SUZB3,43.23
2026-06-19,TAEE11,39.3
2026-06-19,TEND3,33.98
2026-06-19,TIMS3,21.07
2026-06-19,TOTS3,27.1
2026-06-19,UGPA3,25.1
2026-06-19,USIM5,9.17
2026-06-19,VALE3,80.75
2026-06-19,VAMO3,2.68
2026-06-19,VBBR3,28.8
2026-06-19,VIVA3,20.85
2026-06-19,VIVT3,32.46
2026-06-19,WEGE3,45.16
2026-06-19,YDUQ3,8.03
2026-06-22,ABEV3,16.17
2026-06-22,ALOS3,27.13
2026-06-22,AMOB3,12.19
2026-06-22,ASAI3,7.7
2026-06-22,AURE3,11.3
2026-06-22,AXIA3,52.85
2026-06-22,AZZA3,19.4
2026-06-22,B3SA3,14.7
2026-06-22,BBAS3,19.58
2026-06-22,BBDC3,15.43
2026-06-22,BBDC4,17.68
2026-06-22,BBSE3,38.63
2026-06-22,BEEF3,3.5
2026-06-22,BPAC11,52.21
2026-06-22,BRAP4,22.74
2026-06-22,BRAV3,18.76
2026-06-22,BRKM5,7.43
2026-06-22,CEAB3,9.79
2026-06-22,CMIG4,10.94
2026-06-22,CMIN3,4.3
2026-06-22,COGN3,2.35
2026-06-22,CPFE3,44.37
2026-06-22,CPLE3,14.86
2026-06-22,CSAN3,3.65
2026-06-22,CSMG3,59.32
2026-06-22,CSNA3,5.34
2026-06-22,CURY3,33.87
2026-06-22,CVCB3,1.26
2026-06-22,CXSE3,19.44
2026-06-22,CYRE3,21.66
2026-06-22,DIRR3,13.73
2026-06-22,EGIE3,34.22
2026-06-22,EMBJ3,78.34
2026-06-22,ENEV3,24.63
2026-06-22,ENGI11,46.07
2026-06-22,EQTL3,37.65
2026-06-22,FLRY3,14.97
2026-06-22,GGBR4,21.9
2026-06-22,GOAU4,9.56
2026-06-22,HAPV3,10.61
2026-06-22,HYPE3,20.24
2026-06-22,IGTI11,24.1
2026-06-22,IRBR3,53.01
2026-06-22,ISAE4,27.99
2026-06-22,ITSA4,12.96
2026-06-22,ITUB4,40.94
2026-06-22,KLBN11,16.93
2026-06-22,LREN3,14.39
2026-06-22,LWSA3,3.78
2026-06-22,MBRF3,15.29
2026-06-22,MGLU3,4.66
2026-06-22,MOTV3,13.92
2026-06-22,MRVE3,4.95
2026-06-22,MULT3,28.64
2026-06-22,NATU3,7.67
2026-06-22,PCAR3,2.04
2026-06-22,PETR3,43.64
2026-06-22,PETR4,39.17
2026-06-22,POMO4,5.91
2026-06-22,PRIO3,56.68
2026-06-22,PSSA3,53.24
2026-06-22,RADL3,16.79
2026-06-22,RAIL3,12.47
2026-06-22,RAIZ4,0.42
2026-06-22,RDOR3,33.83
2026-06-22,RECV3,10.12
2026-06-22,RENT3,40.82
2026-06-22,SANB11,26.95
2026-06-22,SAUD3,13.64
2026-06-22,SBSP3,27.91
2026-06-22,SLCE3,13.42
2026-06-22,SMFT3,18.93
2026-06-22,SMTO3,14.6
2026-06-22,SUZB3,42.04
2026-06-22,TAEE11,39.92
2026-06-22,TEND3,34.4
2026-06-22,TIMS3,22.14
2026-06-22,TOTS3,27.25
2026-06-22,UGPA3,25.22
2026-06-22,USIM5,9.11
2026-06-22,VALE3,80.91
2026-06-22,VAMO3,2.75
2026-06-22,VBBR3,29.4
2026-06-22,VIVA3,20.91
2026-06-22,VIVT3,33.54
2026-06-22,WEGE3,45.25
2026-06-22,YDUQ3,8.45
2026-06-23,ABEV3,16.37
2026-06-23,ALOS3,26.94
2026-06-23,AMOB3,12.16
2026-06-23,ASAI3,7.94
2026-06-23,AURE3,11.36
2026-06-23,AXIA3,54.22
2026-06-23,AZZA3,20.1
2026-06-23,B3SA3,14.72
2026-06-23,BBAS3,19.86
2026-06-23,BBDC3,15.54
2026-06-23,BBDC4,17.84
2026-06-23,BBSE3,38.27
2026-06-23,BEEF3,3.57
2026-06-23,BPAC11,52.8
2026-06-23,BRAP4,22.62
2026-06-23,BRAV3,18.97
2026-06-23,BRKM5,7.6
2026-06-23,CEAB3,9.81
2026-06-23,CMIG4,10.99
2026-06-23,CMIN3,4.28
2026-06-23,COGN3,2.29
2026-06-23,CPFE3,44.12
2026-06-23,CPLE3,14.99
2026-06-23,CSAN3,3.75
2026-06-23,CSMG3,58.85
2026-06-23,CSNA3,5.27
2026-06-23,CURY3,34.33
2026-06-23,CVCB3,1.32
2026-06-23,CXSE3,19.43
2026-06-23,CYRE3,21.6
2026-06-23,DIRR3,13.8
2026-06-23,EGIE3,34.2
2026-06-23,EMBJ3,78.8
2026-06-23,ENEV3,25.2
2026-06-23,ENGI11,46.66
2026-06-23,EQTL3,38.2
2026-06-23,FLRY3,15.07
2026-06-23,GGBR4,21.7
2026-06-23,GOAU4,9.55
2026-06-23,HAPV3,10.28
2026-06-23,HYPE3,20.33
2026-06-23,IGTI11,24.18
2026-06-23,IRBR3,54.25
2026-06-23,ISAE4,27.85
2026-06-23,ITSA4,13.03
2026-06-23,ITUB4,41.05
2026-06-23,KLBN11,16.81
2026-06-23,LREN3,14.54
2026-06-23,LWSA3,3.76
2026-06-23,MBRF3,16.8
2026-06-23,MGLU3,4.42
2026-06-23,MOTV3,14.21
2026-06-23,MRVE3,4.9
2026-06-23,MULT3,28.75
2026-06-23,NATU3,7.72
2026-06-23,PCAR3,2.08
2026-06-23,PETR3,43.98
2026-06-23,PETR4,39.33
2026-06-23,POMO4,5.81
2026-06-23,PRIO3,56.1
2026-06-23,PSSA3,52.19
2026-06-23,RADL3,17.0
2026-06-23,RAIL3,12.9
2026-06-23,RAIZ4,0.42
2026-06-23,RDOR3,34.34
2026-06-23,RECV3,10.11
2026-06-23,RENT3,41.78
2026-06-23,SANB11,26.75
2026-06-23,SAUD3,13.81
2026-06-23,SBSP3,28.16
2026-06-23,SLCE3,13.46
2026-06-23,SMFT3,18.85
2026-06-23,SMTO3,14.77
2026-06-23,SUZB3,41.95
2026-06-23,TAEE11,39.79
2026-06-23,TEND3,35.0
2026-06-23,TIMS3,22.3
2026-06-23,TOTS3,27.55
2026-06-23,UGPA3,25.49
2026-06-23,USIM5,8.66
2026-06-23,VALE3,79.38
2026-06-23,VAMO3,2.81
2026-06-23,VBBR3,29.39
2026-06-23,VIVA3,21.88
2026-06-23,VIVT3,34.28
2026-06-23,WEGE3,45.71
2026-06-23,YDUQ3,8.53
2026-06-24,ABEV3,16.38
2026-06-24,ALOS3,27.05
2026-06-24,AMOB3,12.25
2026-06-24,ASAI3,8.27
2026-06-24,AURE3,11.18
2026-06-24,AXIA3,54.18
2026-06-24,AZZA3,19.31
2026-06-24,B3SA3,14.97
2026-06-24,BBAS3,19.73
2026-06-24,BBDC3,15.38
2026-06-24,BBDC4,17.65
2026-06-24,BBSE3,38.68
2026-06-24,BEEF3,3.57
2026-06-24,BPAC11,53.66
2026-06-24,BRAP4,22.11
2026-06-24,BRAV3,19.0
2026-06-24,BRKM5,7.62
2026-06-24,CEAB3,10.68
2026-06-24,CMIG4,10.72
2026-06-24,CMIN3,4.27
2026-06-24,COGN3,2.28
2026-06-24,CPFE3,44.37
2026-06-24,CPLE3,15.02
2026-06-24,CSAN3,3.7
2026-06-24,CSMG3,58.28
2026-06-24,CSNA3,5.06
2026-06-24,CURY3,34.96
2026-06-24,CVCB3,1.42
2026-06-24,CXSE3,19.41
2026-06-24,CYRE3,22.5
2026-06-24,DIRR3,13.87
2026-06-24,EGIE3,33.6
2026-06-24,EMBJ3,79.98
2026-06-24,ENEV3,25.94
2026-06-24,ENGI11,46.4
2026-06-24,EQTL3,38.0
2026-06-24,FLRY3,15.16
2026-06-24,GGBR4,21.38
2026-06-24,GOAU4,9.5
2026-06-24,HAPV3,10.17
2026-06-24,HYPE3,20.99
2026-06-24,IGTI11,24.56
2026-06-24,IRBR3,54.48
2026-06-24,ISAE4,27.83
2026-06-24,ITSA4,13.05
2026-06-24,ITUB4,40.97
2026-06-24,KLBN11,16.85
2026-06-24,LREN3,14.5
2026-06-24,LWSA3,3.85
2026-06-24,MBRF3,16.14
2026-06-24,MGLU3,4.36
2026-06-24,MOTV3,14.26
2026-06-24,MRVE3,5.01
2026-06-24,MULT3,28.85
2026-06-24,NATU3,7.81
2026-06-24,PCAR3,2.11
2026-06-24,PETR3,42.8
2026-06-24,PETR4,38.29
2026-06-24,POMO4,5.83
2026-06-24,PRIO3,54.1
2026-06-24,PSSA3,52.38
2026-06-24,RADL3,17.08
2026-06-24,RAIL3,12.98
2026-06-24,RAIZ4,0.42
2026-06-24,RDOR3,34.1
2026-06-24,RECV3,9.99
2026-06-24,RENT3,41.76
2026-06-24,SANB11,26.38
2026-06-24,SAUD3,13.9
2026-06-24,SBSP3,28.47
2026-06-24,SLCE3,13.37
2026-06-24,SMFT3,18.77
2026-06-24,SMTO3,14.72
2026-06-24,SUZB3,42.2
2026-06-24,TAEE11,39.72
2026-06-24,TEND3,36.16
2026-06-24,TIMS3,22.18
2026-06-24,TOTS3,27.41
2026-06-24,UGPA3,25.32
2026-06-24,USIM5,8.68
2026-06-24,VALE3,77.73
2026-06-24,VAMO3,2.77
2026-06-24,VBBR3,29.11
2026-06-24,VIVA3,22.65
2026-06-24,VIVT3,34.25
2026-06-24,WEGE3,46.61
2026-06-24,YDUQ3,8.78
2026-06-25,ABEV3,16.39
2026-06-25,ALOS3,27.69
2026-06-25,AMOB3,12.0
2026-06-25,ASAI3,8.61
2026-06-25,AURE3,11.41
2026-06-25,AXIA3,55.06
2026-06-25,AZZA3,19.8
2026-06-25,B3SA3,14.61
2026-06-25,BBAS3,20.05
2026-06-25,BBDC3,15.36
2026-06-25,BBDC4,17.62
2026-06-25,BBSE3,38.87
2026-06-25,BEEF3,3.52
2026-06-25,BPAC11,54.3
2026-06-25,BRAP4,22.31
2026-06-25,BRAV3,19.22
2026-06-25,BRKM5,6.82
2026-06-25,CEAB3,10.7
2026-06-25,CMIG4,10.79
2026-06-25,CMIN3,4.24
2026-06-25,COGN3,2.28
2026-06-25,CPFE3,45.12
2026-06-25,CPLE3,15.07
2026-06-25,CSAN3,3.71
2026-06-25,CSMG3,59.94
2026-06-25,CSNA3,4.82
2026-06-25,CURY3,34.71
2026-06-25,CVCB3,1.42
2026-06-25,CXSE3,19.38
2026-06-25,CYRE3,22.94
2026-06-25,DIRR3,13.83
2026-06-25,EGIE3,33.71
2026-06-25,EMBJ3,81.1
2026-06-25,ENEV3,26.12
2026-06-25,ENGI11,46.9
2026-06-25,EQTL3,39.05
2026-06-25,FLRY3,15.45
2026-06-25,GGBR4,21.44
2026-06-25,GOAU4,9.56
2026-06-25,HAPV3,10.12
2026-06-25,HYPE3,21.08
2026-06-25,IGTI11,25.11
2026-06-25,IRBR3,54.71
2026-06-25,ISAE4,28.05
2026-06-25,ITSA4,13.3
2026-06-25,ITUB4,41.7
2026-06-25,KLBN11,17.05
2026-06-25,LREN3,14.52
2026-06-25,LWSA3,3.94
2026-06-25,MBRF3,16.65
2026-06-25,MGLU3,4.42
2026-06-25,MOTV3,14.37
2026-06-25,MRVE3,5.18
2026-06-25,MULT3,29.49
2026-06-25,NATU3,7.82
2026-06-25,PCAR3,2.26
2026-06-25,PETR3,42.75
2026-06-25,PETR4,38.45
2026-06-25,POMO4,5.77
2026-06-25,PRIO3,53.94
2026-06-25,PSSA3,52.6
2026-06-25,RADL3,17.2
2026-06-25,RAIL3,13.45
2026-06-25,RAIZ4,0.42
2026-06-25,RDOR3,34.55
2026-06-25,RECV3,9.98
2026-06-25,RENT3,42.35
2026-06-25,SANB11,26.2
2026-06-25,SAUD3,14.0
2026-06-25,SBSP3,28.9
2026-06-25,SLCE3,13.3
2026-06-25,SMFT3,19.11
2026-06-25,SMTO3,14.71
2026-06-25,SUZB3,42.0
2026-06-25,TAEE11,39.88
2026-06-25,TEND3,36.09
2026-06-25,TIMS3,22.55
2026-06-25,TOTS3,27.16
2026-06-25,UGPA3,25.25
2026-06-25,USIM5,8.5
2026-06-25,VALE3,78.66
2026-06-25,VAMO3,2.82
2026-06-25,VBBR3,29.17
2026-06-25,VIVA3,23.08
2026-06-25,VIVT3,34.57
2026-06-25,WEGE3,46.5
2026-06-25,YDUQ3,8.75
2026-06-26,ABEV3,16.73
2026-06-26,ALOS3,28.04
2026-06-26,AMOB3,12.2
2026-06-26,ASAI3,8.83
2026-06-26,AURE3,11.55
2026-06-26,AXIA3,55.62
2026-06-26,AZZA3,18.99
2026-06-26,B3SA3,14.92
2026-06-26,BBAS3,20.34
2026-06-26,BBDC3,15.64
2026-06-26,BBDC4,17.92
2026-06-26,BBSE3,39.17
2026-06-26,BEEF3,3.59
2026-06-26,BPAC11,54.66
2026-06-26,BRAP4,22.21
2026-06-26,BRAV3,19.21
2026-06-26,BRKM5,6.25
2026-06-26,CEAB3,11.02
2026-06-26,CMIG4,10.96
2026-06-26,CMIN3,4.25
2026-06-26,COGN3,2.3
2026-06-26,CPFE3,45.5
2026-06-26,CPLE3,15.26
2026-06-26,CSAN3,3.76
2026-06-26,CSMG3,60.16
2026-06-26,CSNA3,4.73
2026-06-26,CURY3,35.11
2026-06-26,CVCB3,1.41
2026-06-26,CXSE3,19.62
2026-06-26,CYRE3,23.33
2026-06-26,DIRR3,14.2
2026-06-26,EGIE3,34.16
2026-06-26,EMBJ3,81.9
2026-06-26,ENEV3,26.81
2026-06-26,ENGI11,47.6
2026-06-26,EQTL3,39.75
2026-06-26,FLRY3,15.61
2026-06-26,GGBR4,21.42
2026-06-26,GOAU4,9.5
2026-06-26,HAPV3,10.24
2026-06-26,HYPE3,21.57
2026-06-26,IGTI11,25.6
2026-06-26,IRBR3,55.33
2026-06-26,ISAE4,28.2
2026-06-26,ITSA4,13.46
2026-06-26,ITUB4,42.24
2026-06-26,KLBN11,16.96
2026-06-26,LREN3,14.97
2026-06-26,LWSA3,4.15
2026-06-26,MBRF3,17.1
2026-06-26,MGLU3,4.44
2026-06-26,MOTV3,14.48
2026-06-26,MRVE3,5.24
2026-06-26,MULT3,29.91
2026-06-26,NATU3,7.98
2026-06-26,PCAR3,2.28
2026-06-26,PETR3,42.25
2026-06-26,PETR4,38.06
2026-06-26,POMO4,5.85
2026-06-26,PRIO3,53.29
2026-06-26,PSSA3,53.26
2026-06-26,RADL3,17.35
2026-06-26,RAIL3,13.69
2026-06-26,RAIZ4,0.41
2026-06-26,RDOR3,34.71
2026-06-26,RECV3,10.02
2026-06-26,RENT3,43.1
2026-06-26,SANB11,26.35
2026-06-26,SAUD3,14.28
2026-06-26,SBSP3,29.6
2026-06-26,SLCE3,13.17
2026-06-26,SMFT3,19.42
2026-06-26,SMTO3,15.04
2026-06-26,SUZB3,40.11
2026-06-26,TAEE11,39.72
2026-06-26,TEND3,36.85
2026-06-26,TIMS3,22.73
2026-06-26,TOTS3,28.69
2026-06-26,UGPA3,25.6
2026-06-26,USIM5,8.27
2026-06-26,VALE3,78.15
2026-06-26,VAMO3,2.88
2026-06-26,VBBR3,29.69
2026-06-26,VIVA3,23.54
2026-06-26,VIVT3,34.79
2026-06-26,WEGE3,46.9
2026-06-26,YDUQ3,8.9
2026-06-29,ABEV3,16.59
2026-06-29,ALOS3,28.06
2026-06-29,AMOB3,12.42
2026-06-29,ASAI3,9.0
2026-06-29,AURE3,11.63
2026-06-29,AXIA3,55.11
2026-06-29,AZZA3,18.38
2026-06-29,B3SA3,14.71
2026-06-29,BBAS3,20.26
2026-06-29,BBDC3,15.81
2026-06-29,BBDC4,18.17
2026-06-29,BBSE3,39.33
2026-06-29,BEEF3,3.7
2026-06-29,BPAC11,54.51
2026-06-29,BRAP4,22.25
2026-06-29,BRAV3,19.05
2026-06-29,BRKM5,6.61
2026-06-29,CEAB3,11.02
2026-06-29,CMIG4,10.95
2026-06-29,CMIN3,4.16
2026-06-29,COGN3,2.29
2026-06-29,CPFE3,45.15
2026-06-29,CPLE3,15.21
2026-06-29,CSAN3,3.71
2026-06-29,CSMG3,60.67
2026-06-29,CSNA3,4.64
2026-06-29,CURY3,35.36
2026-06-29,CVCB3,1.4
2026-06-29,CXSE3,19.71
2026-06-29,CYRE3,23.26
2026-06-29,DIRR3,14.17
2026-06-29,EGIE3,34.18
2026-06-29,EMBJ3,80.18
2026-06-29,ENEV3,26.71
2026-06-29,ENGI11,47.93
2026-06-29,EQTL3,39.74
2026-06-29,FLRY3,15.58
2026-06-29,GGBR4,21.29
2026-06-29,GOAU4,9.42
2026-06-29,HAPV3,10.35
2026-06-29,HYPE3,21.16
2026-06-29,IGTI11,25.29
2026-06-29,IRBR3,54.44
2026-06-29,ISAE4,28.25
2026-06-29,ITSA4,13.52
2026-06-29,ITUB4,42.41
2026-06-29,KLBN11,16.89
2026-06-29,LREN3,14.99
2026-06-29,LWSA3,4.11
2026-06-29,MBRF3,17.7
2026-06-29,MGLU3,4.64
2026-06-29,MOTV3,14.7
2026-06-29,MRVE3,5.24
2026-06-29,MULT3,29.59
2026-06-29,NATU3,8.3
2026-06-29,PCAR3,2.32
2026-06-29,PETR3,42.31
2026-06-29,PETR4,38.14
2026-06-29,POMO4,5.9
2026-06-29,PRIO3,53.15
2026-06-29,PSSA3,53.3
2026-06-29,RADL3,17.16
2026-06-29,RAIL3,13.61
2026-06-29,RAIZ4,0.4
2026-06-29,RDOR3,34.68
2026-06-29,RECV3,10.06
2026-06-29,RENT3,42.25
2026-06-29,SANB11,26.82
2026-06-29,SAUD3,14.46
2026-06-29,SBSP3,29.65
2026-06-29,SLCE3,13.01
2026-06-29,SMFT3,19.47
2026-06-29,SMTO3,15.35
2026-06-29,SUZB3,39.68
2026-06-29,TAEE11,40.12
2026-06-29,TEND3,36.9
2026-06-29,TIMS3,22.29
2026-06-29,TOTS3,28.5
2026-06-29,UGPA3,26.32
2026-06-29,USIM5,8.33
2026-06-29,VALE3,78.13
2026-06-29,VAMO3,2.88
2026-06-29,VBBR3,29.92
2026-06-29,VIVA3,23.0
2026-06-29,VIVT3,34.4
2026-06-29,WEGE3,46.79
2026-06-29,YDUQ3,8.86
2026-06-30,ABEV3,16.29
2026-06-30,ALOS3,28.06
2026-06-30,AMOB3,12.61
2026-06-30,ASAI3,8.74
2026-06-30,AURE3,11.6
2026-06-30,AXIA3,54.38
2026-06-30,AZZA3,17.88
2026-06-30,B3SA3,14.53
2026-06-30,BBAS3,19.91
2026-06-30,BBDC3,15.77
2026-06-30,BBDC4,18.1
2026-06-30,BBSE3,39.17
2026-06-30,BEEF3,3.71
2026-06-30,BPAC11,54.09
2026-06-30,BRAP4,22.08
2026-06-30,BRAV3,19.3
2026-06-30,BRKM5,6.36
2026-06-30,CEAB3,10.75
2026-06-30,CMIG4,10.87
2026-06-30,CMIN3,4.18
2026-06-30,COGN3,2.25
2026-06-30,CPFE3,44.78
2026-06-30,CPLE3,15.02
2026-06-30,CSAN3,3.7
2026-06-30,CSMG3,59.93
2026-06-30,CSNA3,4.62
2026-06-30,CURY3,35.06
2026-06-30,CVCB3,1.36
2026-06-30,CXSE3,19.71
2026-06-30,CYRE3,23.02
2026-06-30,DIRR3,13.92
2026-06-30,EGIE3,34.83
2026-06-30,EMBJ3,81.85
2026-06-30,ENEV3,26.72
2026-06-30,ENGI11,48.0
2026-06-30,EQTL3,38.94
2026-06-30,FLRY3,15.4
2026-06-30,GGBR4,20.78
2026-06-30,GOAU4,9.21
2026-06-30,HAPV3,10.21
2026-06-30,HYPE3,20.81
2026-06-30,IGTI11,25.17
2026-06-30,IRBR3,55.1
2026-06-30,ISAE4,28.11
2026-06-30,ITSA4,13.38
2026-06-30,ITUB4,42.18
2026-06-30,KLBN11,16.74
2026-06-30,LREN3,14.76
2026-06-30,LWSA3,3.97
2026-06-30,MBRF3,18.03
2026-06-30,MGLU3,4.68
2026-06-30,MOTV3,14.62
2026-06-30,MRVE3,5.28
2026-06-30,MULT3,29.27
2026-06-30,NATU3,8.73
2026-06-30,PCAR3,2.31
2026-06-30,PETR3,41.78
2026-06-30,PETR4,37.8
2026-06-30,POMO4,5.99
2026-06-30,PRIO3,52.15
2026-06-30,PSSA3,52.92
2026-06-30,RADL3,16.81
2026-06-30,RAIL3,13.43
2026-06-30,RAIZ4,0.38
2026-06-30,RDOR3,34.71
2026-06-30,RECV3,9.98
2026-06-30,RENT3,41.54
2026-06-30,SANB11,26.8
2026-06-30,SAUD3,14.38
2026-06-30,SBSP3,29.64
2026-06-30,SLCE3,12.9
2026-06-30,SMFT3,19.69
2026-06-30,SMTO3,15.7
2026-06-30,SUZB3,39.75
2026-06-30,TAEE11,39.78
2026-06-30,TEND3,36.55
2026-06-30,TIMS3,21.87
2026-06-30,TOTS3,28.7
2026-06-30,UGPA3,26.06
2026-06-30,USIM5,8.45
2026-06-30,VALE3,77.88
2026-06-30,VAMO3,2.81
2026-06-30,VBBR3,29.89
2026-06-30,VIVA3,22.88
2026-06-30,VIVT3,33.95
2026-06-30,WEGE3,46.91
2026-06-30,YDUQ3,8.88
2026-07-01,ABEV3,16.2
2026-07-01,ALOS3,28.0
2026-07-01,AMOB3,12.72
2026-07-01,ASAI3,8.66
2026-07-01,AURE3,11.54
2026-07-01,AXIA3,53.97
2026-07-01,AZZA3,17.05
2026-07-01,B3SA3,14.4
2026-07-01,BBAS3,19.73
2026-07-01,BBDC3,15.74
2026-07-01,BBDC4,18.12
2026-07-01,BBSE3,38.13
2026-07-01,BEEF3,3.54
2026-07-01,BPAC11,54.0
2026-07-01,BRAP4,22.29
2026-07-01,BRAV3,18.5
2026-07-01,BRKM5,6.2
2026-07-01,CEAB3,10.76
2026-07-01,CMIG4,10.81
2026-07-01,CMIN3,4.14
2026-07-01,COGN3,2.29
2026-07-01,CPFE3,44.26
2026-07-01,CPLE3,15.0
2026-07-01,CSAN3,3.7
2026-07-01,CSMG3,61.14
2026-07-01,CSNA3,4.59
2026-07-01,CURY3,34.79
2026-07-01,CVCB3,1.37
2026-07-01,CXSE3,19.86
2026-07-01,CYRE3,22.84
2026-07-01,DIRR3,13.87
2026-07-01,EGIE3,32.69
2026-07-01,EMBJ3,81.87
2026-07-01,ENEV3,26.25
2026-07-01,ENGI11,47.41
2026-07-01,EQTL3,38.74
2026-07-01,FLRY3,15.48
2026-07-01,GGBR4,20.89
2026-07-01,GOAU4,9.3
2026-07-01,HAPV3,10.55
2026-07-01,HYPE3,20.7
2026-07-01,IGTI11,25.28
2026-07-01,IRBR3,54.48
2026-07-01,ISAE4,28.42
2026-07-01,ITSA4,13.4
2026-07-01,ITUB4,42.44
2026-07-01,KLBN11,16.92
2026-07-01,LREN3,14.86
2026-07-01,LWSA3,4.12
2026-07-01,MBRF3,18.0
2026-07-01,MGLU3,4.43
2026-07-01,MOTV3,14.42
2026-07-01,MRVE3,5.17
2026-07-01,MULT3,28.88
2026-07-01,NATU3,8.58
2026-07-01,PCAR3,2.29
2026-07-01,PETR3,41.57
2026-07-01,PETR4,37.83
2026-07-01,POMO4,5.94
2026-07-01,PRIO3,52.4
2026-07-01,PSSA3,52.97
2026-07-01,RADL3,16.7
2026-07-01,RAIL3,13.17
2026-07-01,RAIZ4,0.4
2026-07-01,RDOR3,35.02
2026-07-01,RECV3,9.85
2026-07-01,RENT3,41.08
2026-07-01,SANB11,26.66
2026-07-01,SAUD3,14.25
2026-07-01,SBSP3,29.85
2026-07-01,SLCE3,12.65
2026-07-01,SMFT3,19.86
2026-07-01,SMTO3,15.93
2026-07-01,SUZB3,40.59
2026-07-01,TAEE11,39.85
2026-07-01,TEND3,37.41
2026-07-01,TIMS3,22.13
2026-07-01,TOTS3,28.98
2026-07-01,UGPA3,26.04
2026-07-01,USIM5,8.6
2026-07-01,VALE3,77.97
2026-07-01,VAMO3,2.75
2026-07-01,VBBR3,29.48
2026-07-01,VIVA3,22.52
2026-07-01,VIVT3,33.78
2026-07-01,WEGE3,46.26
2026-07-01,YDUQ3,8.9
2026-07-02,ABEV3,16.3
2026-07-02,ALOS3,28.1
2026-07-02,AMOB3,12.9
2026-07-02,ASAI3,8.69
2026-07-02,AURE3,11.66
2026-07-02,AXIA3,54.25
2026-07-02,AZZA3,17.34
2026-07-02,B3SA3,14.61
2026-07-02,BBAS3,20.0
2026-07-02,BBDC3,15.85
2026-07-02,BBDC4,18.16
2026-07-02,BBSE3,38.67
2026-07-02,BEEF3,3.51
2026-07-02,BPAC11,54.54
2026-07-02,BRAP4,22.37
2026-07-02,BRAV3,17.9
2026-07-02,BRKM5,6.29
2026-07-02,CEAB3,10.84
2026-07-02,CMIG4,10.97
2026-07-02,CMIN3,4.25
2026-07-02,COGN3,2.3
2026-07-02,CPFE3,45.1
2026-07-02,CPLE3,15.07
2026-07-02,CSAN3,3.72
2026-07-02,CSMG3,61.84
2026-07-02,CSNA3,4.62
2026-07-02,CURY3,34.72
2026-07-02,CVCB3,1.31
2026-07-02,CXSE3,20.16
2026-07-02,CYRE3,23.15
2026-07-02,DIRR3,13.94
2026-07-02,EGIE3,32.36
2026-07-02,EMBJ3,83.1
2026-07-02,ENEV3,26.22
2026-07-02,ENGI11,48.39
2026-07-02,EQTL3,39.3
2026-07-02,FLRY3,15.78
2026-07-02,GGBR4,21.15
2026-07-02,GOAU4,9.35
2026-07-02,HAPV3,10.41
2026-07-02,HYPE3,20.8
2026-07-02,IGTI11,25.43
2026-07-02,IRBR3,54.56
2026-07-02,ISAE4,28.89
2026-07-02,ITSA4,13.5
2026-07-02,ITUB4,42.47
2026-07-02,KLBN11,16.99
2026-07-02,LREN3,14.8
2026-07-02,LWSA3,4.15
2026-07-02,MBRF3,16.94
2026-07-02,MGLU3,4.27
2026-07-02,MOTV3,14.63
2026-07-02,MRVE3,5.3
2026-07-02,MULT3,29.19
2026-07-02,NATU3,8.22
2026-07-02,PCAR3,2.39
2026-07-02,PETR3,42.1
2026-07-02,PETR4,37.96
2026-07-02,POMO4,5.99
2026-07-02,PRIO3,52.57
2026-07-02,PSSA3,53.46
2026-07-02,RADL3,16.88
2026-07-02,RAIL3,13.45
2026-07-02,RAIZ4,0.38
2026-07-02,RDOR3,35.53
2026-07-02,RECV3,9.61
2026-07-02,RENT3,41.25
2026-07-02,SANB11,26.77
2026-07-02,SAUD3,14.41
2026-07-02,SBSP3,29.91
2026-07-02,SLCE3,12.62
2026-07-02,SMFT3,20.1
2026-07-02,SMTO3,15.61
2026-07-02,SUZB3,40.78
2026-07-02,TAEE11,40.89
2026-07-02,TEND3,37.32
2026-07-02,TIMS3,22.63
2026-07-02,TOTS3,29.54
2026-07-02,UGPA3,26.6
2026-07-02,USIM5,8.56
2026-07-02,VALE3,78.24
2026-07-02,VAMO3,2.8
2026-07-02,VBBR3,29.83
2026-07-02,VIVA3,22.75
2026-07-02,VIVT3,34.61
2026-07-02,WEGE3,46.26
2026-07-02,YDUQ3,8.92
2026-07-03,ABEV3,16.29
2026-07-03,ALOS3,28.2
2026-07-03,AMOB3,12.9
2026-07-03,ASAI3,8.79
2026-07-03,AURE3,12.01
2026-07-03,AXIA3,53.97
2026-07-03,AZZA3,17.14
2026-07-03,B3SA3,14.76
2026-07-03,BBAS3,19.98
2026-07-03,BBDC3,15.88
2026-07-03,BBDC4,18.26
2026-07-03,BBSE3,38.65
2026-07-03,BEEF3,3.54
2026-07-03,BPAC11,55.84
2026-07-03,BRAP4,22.43
2026-07-03,BRAV3,17.91
2026-07-03,BRKM5,6.24
2026-07-03,CEAB3,10.99
2026-07-03,CMIG4,11.03
2026-07-03,CMIN3,4.31
2026-07-03,COGN3,2.31
2026-07-03,CPFE3,45.69
2026-07-03,CPLE3,15.06
2026-07-03,CSAN3,3.78
2026-07-03,CSMG3,62.11
2026-07-03,CSNA3,4.82
2026-07-03,CURY3,34.93
2026-07-03,CVCB3,1.31
2026-07-03,CXSE3,20.53
2026-07-03,CYRE3,23.4
2026-07-03,DIRR3,14.28
2026-07-03,EGIE3,32.14
2026-07-03,EMBJ3,84.83
2026-07-03,ENEV3,26.63
2026-07-03,ENGI11,48.57
2026-07-03,EQTL3,39.44
2026-07-03,FLRY3,15.72
2026-07-03,GGBR4,21.44
2026-07-03,GOAU4,9.48
2026-07-03,HAPV3,10.63
2026-07-03,HYPE3,20.99
2026-07-03,IGTI11,25.8
2026-07-03,IRBR3,54.77
2026-07-03,ISAE4,27.65
2026-07-03,ITSA4,13.6
2026-07-03,ITUB4,42.74
2026-07-03,KLBN11,17.1
2026-07-03,LREN3,14.8
2026-07-03,LWSA3,4.16
2026-07-03,MBRF3,16.78
2026-07-03,MGLU3,4.45
2026-07-03,MOTV3,14.83
2026-07-03,MRVE3,5.43
2026-07-03,MULT3,29.35
2026-07-03,NATU3,8.38
2026-07-03,PCAR3,2.63
2026-07-03,PETR3,42.39
2026-07-03,PETR4,38.25
2026-07-03,POMO4,5.96
2026-07-03,PRIO3,52.96
2026-07-03,PSSA3,54.19
2026-07-03,RADL3,17.07
2026-07-03,RAIL3,13.63
2026-07-03,RAIZ4,0.39
2026-07-03,RDOR3,35.75
2026-07-03,RECV3,9.64
2026-07-03,RENT3,41.45
2026-07-03,SANB11,26.95
2026-07-03,SAUD3,14.62
2026-07-03,SBSP3,30.37
2026-07-03,SLCE3,12.81
2026-07-03,SMFT3,20.15
2026-07-03,SMTO3,15.52
2026-07-03,SUZB3,40.8
2026-07-03,TAEE11,41.07
2026-07-03,TEND3,37.0
2026-07-03,TIMS3,22.8
2026-07-03,TOTS3,30.0
2026-07-03,UGPA3,27.53
2026-07-03,USIM5,8.77
2026-07-03,VALE3,78.84
2026-07-03,VAMO3,2.87
2026-07-03,VBBR3,30.38
2026-07-03,VIVA3,22.77
2026-07-03,VIVT3,34.75
2026-07-03,WEGE3,46.48
2026-07-03,YDUQ3,9.07
2026-07-06,ABEV3,15.88
2026-07-06,ALOS3,27.62
2026-07-06,AMOB3,12.37
2026-07-06,ASAI3,8.67
2026-07-06,AURE3,12.24
2026-07-06,AXIA3,53.54
2026-07-06,AZZA3,17.45
2026-07-06,B3SA3,14.58
2026-07-06,BBAS3,19.77
2026-07-06,BBDC3,15.55
2026-07-06,BBDC4,17.92
2026-07-06,BBSE3,38.71
2026-07-06,BEEF3,3.51
2026-07-06,BPAC11,55.38
2026-07-06,BRAP4,22.24
2026-07-06,BRAV3,18.5
2026-07-06,BRKM5,6.0
2026-07-06,CEAB3,10.66
2026-07-06,CMIG4,10.88
2026-07-06,CMIN3,4.33
2026-07-06,COGN3,2.25
2026-07-06,CPFE3,44.88
2026-07-06,CPLE3,14.93
2026-07-06,CSAN3,3.84
2026-07-06,CSMG3,62.5
2026-07-06,CSNA3,4.76
2026-07-06,CURY3,33.8
2026-07-06,CVCB3,1.25
2026-07-06,CXSE3,20.58
2026-07-06,CYRE3,22.59
2026-07-06,DIRR3,13.88
2026-07-06,EGIE3,32.14
2026-07-06,EMBJ3,86.29
2026-07-06,ENEV3,26.1
2026-07-06,ENGI11,47.73
2026-07-06,EQTL3,39.06
2026-07-06,FLRY3,15.65
2026-07-06,GGBR4,21.84
2026-07-06,GOAU4,9.62
2026-07-06,HAPV3,10.38
2026-07-06,HYPE3,20.69
2026-07-06,IGTI11,25.21
2026-07-06,IRBR3,54.86
2026-07-06,ISAE4,27.58
2026-07-06,ITSA4,13.46
2026-07-06,ITUB4,42.56
2026-07-06,KLBN11,17.0
2026-07-06,LREN3,14.09
2026-07-06,LWSA3,4.04
2026-07-06,MBRF3,16.41
2026-07-06,MGLU3,4.35
2026-07-06,MOTV3,14.67
2026-07-06,MRVE3,5.31
2026-07-06,MULT3,28.87
2026-07-06,NATU3,8.31
2026-07-06,PCAR3,2.75
2026-07-06,PETR3,41.85
2026-07-06,PETR4,37.77
2026-07-06,POMO4,5.74
2026-07-06,PRIO3,53.57
2026-07-06,PSSA3,53.4
2026-07-06,RADL3,17.44
2026-07-06,RAIL3,13.5
2026-07-06,RAIZ4,0.38
2026-07-06,RDOR3,35.0
2026-07-06,RECV3,9.47
2026-07-06,RENT3,40.32
2026-07-06,SANB11,26.71
2026-07-06,SAUD3,14.77
2026-07-06,SBSP3,29.71
2026-07-06,SLCE3,12.8
2026-07-06,SMFT3,19.86
2026-07-06,SMTO3,14.96
2026-07-06,SUZB3,40.72
2026-07-06,TAEE11,40.27
2026-07-06,TEND3,36.61
2026-07-06,TIMS3,22.5
2026-07-06,TOTS3,28.51
2026-07-06,UGPA3,27.94
2026-07-06,USIM5,8.71
2026-07-06,VALE3,77.79
2026-07-06,VAMO3,2.87
2026-07-06,VBBR3,30.12
2026-07-06,VIVA3,22.53
2026-07-06,VIVT3,34.5
2026-07-06,WEGE3,46.26
2026-07-06,YDUQ3,8.69
2026-07-07,ABEV3,15.61
2026-07-07,ALOS3,27.17
2026-07-07,AMOB3,12.35
2026-07-07,ASAI3,8.53
2026-07-07,AURE3,12.07
2026-07-07,AXIA3,53.39
2026-07-07,AZZA3,18.08
2026-07-07,B3SA3,14.53
2026-07-07,BBAS3,19.73
2026-07-07,BBDC3,15.56
2026-07-07,BBDC4,17.82
2026-07-07,BBSE3,38.55
2026-07-07,BEEF3,3.47
2026-07-07,BPAC11,54.55
2026-07-07,BRAP4,21.79
2026-07-07,BRAV3,18.87
2026-07-07,BRKM5,6.01
2026-07-07,CEAB3,10.22
2026-07-07,CMIG4,10.93
2026-07-07,CMIN3,4.55
2026-07-07,COGN3,2.21
2026-07-07,CPFE3,45.44
2026-07-07,CPLE3,14.91
2026-07-07,CSAN3,3.84
2026-07-07,CSMG3,63.0
2026-07-07,CSNA3,4.74
2026-07-07,CURY3,34.0
2026-07-07,CVCB3,1.24
2026-07-07,CXSE3,20.89
2026-07-07,CYRE3,22.21
2026-07-07,DIRR3,13.41
2026-07-07,EGIE3,32.75
2026-07-07,EMBJ3,85.32
2026-07-07,ENEV3,25.67
2026-07-07,ENGI11,48.56
2026-07-07,EQTL3,39.14
2026-07-07,FLRY3,15.57
2026-07-07,GGBR4,21.85
2026-07-07,GOAU4,9.6
2026-07-07,HAPV3,10.19
2026-07-07,HYPE3,20.68
2026-07-07,IGTI11,24.93
2026-07-07,IRBR3,54.8
2026-07-07,ISAE4,28.26
2026-07-07,ITSA4,13.49
2026-07-07,ITUB4,42.43
2026-07-07,KLBN11,17.17
2026-07-07,LREN3,13.65
2026-07-07,LWSA3,3.92
2026-07-07,MBRF3,15.73
2026-07-07,MGLU3,4.42
2026-07-07,MOTV3,14.64
2026-07-07,MRVE3,5.14
2026-07-07,MULT3,28.62
2026-07-07,NATU3,8.05
2026-07-07,PCAR3,2.72
2026-07-07,PETR3,42.96
2026-07-07,PETR4,38.44
2026-07-07,POMO4,5.67
2026-07-07,PRIO3,56.23
2026-07-07,PSSA3,51.5
2026-07-07,RADL3,17.6
2026-07-07,RAIL3,13.5
2026-07-07,RAIZ4,0.39
2026-07-07,RDOR3,34.83
2026-07-07,RECV3,9.6
2026-07-07,RENT3,39.09
2026-07-07,SANB11,26.01
2026-07-07,SAUD3,14.83
2026-07-07,SBSP3,29.47
2026-07-07,SLCE3,13.16
2026-07-07,SMFT3,19.72
2026-07-07,SMTO3,15.32
2026-07-07,SUZB3,40.92
2026-07-07,TAEE11,40.4
2026-07-07,TEND3,35.0
2026-07-07,TIMS3,22.5
2026-07-07,TOTS3,28.67
2026-07-07,UGPA3,28.2
2026-07-07,USIM5,8.43
2026-07-07,VALE3,76.2
2026-07-07,VAMO3,2.89
2026-07-07,VBBR3,30.86
2026-07-07,VIVA3,22.67
2026-07-07,VIVT3,34.31
2026-07-07,WEGE3,45.87
2026-07-07,YDUQ3,8.36
2026-07-08,ABEV3,15.62
2026-07-08,ALOS3,26.94
2026-07-08,AMOB3,11.56
2026-07-08,ASAI3,8.49
2026-07-08,AURE3,11.69
2026-07-08,AXIA3,53.05
2026-07-08,AZZA3,17.9
2026-07-08,B3SA3,14.24
2026-07-08,BBAS3,19.53
2026-07-08,BBDC3,15.5
2026-07-08,BBDC4,17.69
2026-07-08,BBSE3,38.75
2026-07-08,BEEF3,3.45
2026-07-08,BPAC11,53.95
2026-07-08,BRAP4,20.93
2026-07-08,BRAV3,18.88
2026-07-08,BRKM5,6.14
2026-07-08,CEAB3,10.13
2026-07-08,CMIG4,10.8
2026-07-08,CMIN3,4.66
2026-07-08,COGN3,2.18
2026-07-08,CPFE3,45.46
2026-07-08,CPLE3,14.81
2026-07-08,CSAN3,3.75
2026-07-08,CSMG3,62.8
2026-07-08,CSNA3,4.67
2026-07-08,CURY3,31.33
2026-07-08,CVCB3,1.22
2026-07-08,CXSE3,21.11
2026-07-08,CYRE3,21.3
2026-07-08,DIRR3,12.58
2026-07-08,EGIE3,32.42
2026-07-08,EMBJ3,81.5
2026-07-08,ENEV3,25.5
2026-07-08,ENGI11,48.6
2026-07-08,EQTL3,38.65
2026-07-08,FLRY3,15.41
2026-07-08,GGBR4,22.14
2026-07-08,GOAU4,9.69
2026-07-08,HAPV3,9.96
2026-07-08,HYPE3,20.12
2026-07-08,IGTI11,24.64
2026-07-08,IRBR3,54.85
2026-07-08,ISAE4,28.79
2026-07-08,ITSA4,13.33
2026-07-08,ITUB4,41.89
2026-07-08,KLBN11,17.16
2026-07-08,LREN3,13.71
2026-07-08,LWSA3,3.84
2026-07-08,MBRF3,15.38
2026-07-08,MGLU3,4.51
2026-07-08,MOTV3,14.46
2026-07-08,MRVE3,4.84
2026-07-08,MULT3,28.51
2026-07-08,NATU3,8.5
2026-07-08,PCAR3,2.71
2026-07-08,PETR3,44.16
2026-07-08,PETR4,39.65
2026-07-08,POMO4,5.56
2026-07-08,PRIO3,56.42
2026-07-08,PSSA3,52.5
2026-07-08,RADL3,17.32
2026-07-08,RAIL3,13.25
2026-07-08,RAIZ4,0.38
2026-07-08,RDOR3,34.08
2026-07-08,RECV3,10.18
2026-07-08,RENT3,38.84
2026-07-08,SANB11,25.6
2026-07-08,SAUD3,15.0
2026-07-08,SBSP3,29.25
2026-07-08,SLCE3,13.21
2026-07-08,SMFT3,19.45
2026-07-08,SMTO3,15.25
2026-07-08,SUZB3,40.83
2026-07-08,TAEE11,39.79
2026-07-08,TEND3,33.22
2026-07-08,TIMS3,22.29
2026-07-08,TOTS3,28.94
2026-07-08,UGPA3,29.36
2026-07-08,USIM5,8.35
2026-07-08,VALE3,72.7
2026-07-08,VAMO3,2.81
2026-07-08,VBBR3,31.65
2026-07-08,VIVA3,22.17
2026-07-08,VIVT3,34.31
2026-07-08,WEGE3,45.35
2026-07-08,YDUQ3,8.27
2026-07-09,ABEV3,15.72
2026-07-09,ALOS3,27.7
2026-07-09,AMOB3,12.52
2026-07-09,ASAI3,8.46
2026-07-09,AURE3,12.04
2026-07-09,AXIA3,51.63
2026-07-09,AZZA3,18.46
2026-07-09,B3SA3,14.79
2026-07-09,BBAS3,20.0
2026-07-09,BBDC3,15.7
2026-07-09,BBDC4,18.0
2026-07-09,BBSE3,39.28
2026-07-09,BEEF3,3.59
2026-07-09,BPAC11,55.68
2026-07-09,BRAP4,21.22
2026-07-09,BRAV3,18.88
2026-07-09,BRKM5,6.36
2026-07-09,CEAB3,10.32
2026-07-09,CMIG4,11.08
2026-07-09,CMIN3,4.83
2026-07-09,COGN3,2.25
2026-07-09,CPFE3,46.29
2026-07-09,CPLE3,15.05
2026-07-09,CSAN3,3.86
2026-07-09,CSMG3,64.5
2026-07-09,CSNA3,4.8
2026-07-09,CURY3,32.7
2026-07-09,CVCB3,1.25
2026-07-09,CXSE3,21.59
2026-07-09,CYRE3,22.17
2026-07-09,DIRR3,12.69
2026-07-09,EGIE3,32.62
2026-07-09,EMBJ3,83.86
2026-07-09,ENEV3,26.2
2026-07-09,ENGI11,50.1
2026-07-09,EQTL3,39.51
2026-07-09,FLRY3,15.75
2026-07-09,GGBR4,22.48
2026-07-09,GOAU4,9.9
2026-07-09,HAPV3,10.07
2026-07-09,HYPE3,20.35
2026-07-09,IGTI11,25.45
2026-07-09,IRBR3,55.26
2026-07-09,ISAE4,29.33
2026-07-09,ITSA4,13.59
2026-07-09,ITUB4,42.59
2026-07-09,KLBN11,17.4
2026-07-09,LREN3,14.15
2026-07-09,LWSA3,3.95
2026-07-09,MBRF3,15.41
2026-07-09,MGLU3,4.86
2026-07-09,MOTV3,14.67
2026-07-09,MRVE3,4.96
2026-07-09,MULT3,28.98
2026-07-09,NATU3,8.46
2026-07-09,PCAR3,2.76
2026-07-09,PETR3,43.53
2026-07-09,PETR4,39.21
2026-07-09,POMO4,5.69
2026-07-09,PRIO3,55.61
2026-07-09,PSSA3,53.35
2026-07-09,RADL3,18.13
2026-07-09,RAIL3,13.75
2026-07-09,RAIZ4,0.37
2026-07-09,RDOR3,35.15
2026-07-09,RECV3,10.01
2026-07-09,RENT3,39.4
2026-07-09,SANB11,26.25
2026-07-09,SAUD3,15.18
2026-07-09,SBSP3,30.0
2026-07-09,SLCE3,13.79
2026-07-09,SMFT3,19.95
2026-07-09,SMTO3,16.05
2026-07-09,SUZB3,41.03
2026-07-09,TAEE11,40.31
2026-07-09,TEND3,34.49
2026-07-09,TIMS3,22.29
2026-07-09,TOTS3,29.59
2026-07-09,UGPA3,30.1
2026-07-09,USIM5,8.35
2026-07-09,VALE3,73.15
2026-07-09,VAMO3,2.96
2026-07-09,VBBR3,32.1
2026-07-09,VIVA3,22.58
2026-07-09,VIVT3,34.5
2026-07-09,WEGE3,45.74
2026-07-09,YDUQ3,8.68
2026-07-10,ABEV3,15.82
2026-07-10,ALOS3,28.7
2026-07-10,AMOB3,13.01
2026-07-10,ASAI3,8.87
2026-07-10,AURE3,13.03
2026-07-10,AXIA3,54.03
2026-07-10,AZZA3,19.1
2026-07-10,B3SA3,15.42
2026-07-10,BBAS3,20.58
2026-07-10,BBDC3,16.46
2026-07-10,BBDC4,18.86
2026-07-10,BBSE3,40.35
2026-07-10,BEEF3,3.66
2026-07-10,BPAC11,58.73
2026-07-10,BRAP4,21.7
2026-07-10,BRAV3,18.94
2026-07-10,BRKM5,6.63
2026-07-10,CEAB3,10.68
2026-07-10,CMIG4,11.38
2026-07-10,CMIN3,5.23
2026-07-10,COGN3,2.4
2026-07-10,CPFE3,47.87
2026-07-10,CPLE3,15.53
2026-07-10,CSAN3,4.07
2026-07-10,CSMG3,67.45
2026-07-10,CSNA3,5.18
2026-07-10,CURY3,34.21
2026-07-10,CVCB3,1.25
2026-07-10,CXSE3,22.05
2026-07-10,CYRE3,23.06
2026-07-10,DIRR3,13.28
2026-07-10,EGIE3,33.58
2026-07-10,EMBJ3,84.6
2026-07-10,ENEV3,27.55
2026-07-10,ENGI11,52.12
2026-07-10,EQTL3,40.91
2026-07-10,FLRY3,16.42
2026-07-10,GGBR4,23.01
2026-07-10,GOAU4,10.21
2026-07-10,HAPV3,10.6
2026-07-10,HYPE3,21.11
2026-07-10,IGTI11,26.58
2026-07-10,IRBR3,57.3
2026-07-10,ISAE4,30.0
2026-07-10,ITSA4,14.17
2026-07-10,ITUB4,44.3
2026-07-10,KLBN11,17.54
2026-07-10,LREN3,14.62
2026-07-10,LWSA3,4.04
2026-07-10,MBRF3,15.55
2026-07-10,MGLU3,5.22
2026-07-10,MOTV3,15.15
2026-07-10,MRVE3,5.01
2026-07-10,MULT3,30.29
2026-07-10,NATU3,8.68
2026-07-10,PCAR3,2.73
2026-07-10,PETR3,44.19
2026-07-10,PETR4,39.65
2026-07-10,POMO4,5.81
2026-07-10,PRIO3,55.45
2026-07-10,PSSA3,54.97
2026-07-10,RADL3,18.77
2026-07-10,RAIL3,14.36
2026-07-10,RAIZ4,0.35
2026-07-10,RDOR3,36.02
2026-07-10,RECV3,10.22
2026-07-10,RENT3,41.1
2026-07-10,SANB11,27.62
2026-07-10,SAUD3,15.45
2026-07-10,SBSP3,31.11
2026-07-10,SLCE3,14.02
2026-07-10,SMFT3,21.17
2026-07-10,SMTO3,16.37
2026-07-10,SUZB3,41.55
2026-07-10,TAEE11,41.77
2026-07-10,TEND3,35.36
2026-07-10,TIMS3,22.78
2026-07-10,TOTS3,29.91
2026-07-10,UGPA3,30.71
2026-07-10,USIM5,8.45
2026-07-10,VALE3,74.18
2026-07-10,VAMO3,3.06
2026-07-10,VBBR3,33.0
2026-07-10,VIVA3,23.53
2026-07-10,VIVT3,35.75
2026-07-10,WEGE3,46.51
2026-07-10,YDUQ3,8.95
2026-07-13,ABEV3,15.83
2026-07-13,ALOS3,28.11
2026-07-13,AMOB3,12.79
2026-07-13,ASAI3,8.71
2026-07-13,AURE3,12.32
2026-07-13,AXIA3,52.38
2026-07-13,AZZA3,19.22
2026-07-13,B3SA3,15.12
2026-07-13,BBAS3,20.24
2026-07-13,BBDC3,16.33
2026-07-13,BBDC4,18.77
2026-07-13,BBSE3,40.28
2026-07-13,BEEF3,3.7
2026-07-13,BPAC11,57.52
2026-07-13,BRAP4,21.29
2026-07-13,BRAV3,18.8
2026-07-13,BRKM5,6.94
2026-07-13,CEAB3,10.29
2026-07-13,CMIG4,11.07
2026-07-13,CMIN3,5.45
2026-07-13,COGN3,2.34
2026-07-13,CPFE3,46.84
2026-07-13,CPLE3,15.17
2026-07-13,CSAN3,3.9
2026-07-13,CSMG3,66.27
2026-07-13,CSNA3,5.24
2026-07-13,CURY3,33.12
2026-07-13,CVCB3,1.25
2026-07-13,CXSE3,21.77
2026-07-13,CYRE3,22.44
2026-07-13,DIRR3,12.83
2026-07-13,EGIE3,32.44
2026-07-13,EMBJ3,83.01
2026-07-13,ENEV3,26.88
2026-07-13,ENGI11,50.96
2026-07-13,EQTL3,40.21
2026-07-13,FLRY3,16.15
2026-07-13,GGBR4,22.82
2026-07-13,GOAU4,10.12
2026-07-13,HAPV3,10.46
2026-07-13,HYPE3,20.77
2026-07-13,IGTI11,26.04
2026-07-13,IRBR3,56.24
2026-07-13,ISAE4,29.2
2026-07-13,ITSA4,13.82
2026-07-13,ITUB4,43.52
2026-07-13,KLBN11,17.48
2026-07-13,LREN3,14.15
2026-07-13,LWSA3,4.07
2026-07-13,MBRF3,15.72
2026-07-13,MGLU3,5.06
2026-07-13,MOTV3,14.97
2026-07-13,MRVE3,4.74
2026-07-13,MULT3,29.75
2026-07-13,NATU3,8.6
2026-07-13,PCAR3,2.59
2026-07-13,PETR3,45.71
2026-07-13,PETR4,40.66
2026-07-13,POMO4,5.64
2026-07-13,PRIO3,57.2
2026-07-13,PSSA3,54.04
2026-07-13,RADL3,18.2
2026-07-13,RAIL3,14.11
2026-07-13,RAIZ4,0.33
2026-07-13,RDOR3,35.56
2026-07-13,RECV3,10.3
2026-07-13,RENT3,40.2
2026-07-13,SANB11,27.37
2026-07-13,SAUD3,15.25
2026-07-13,SBSP3,30.37
2026-07-13,SLCE3,13.87
2026-07-13,SMFT3,20.85
2026-07-13,SMTO3,16.37
2026-07-13,SUZB3,41.49
2026-07-13,TAEE11,41.35
2026-07-13,TEND3,34.55
2026-07-13,TIMS3,22.46
2026-07-13,TOTS3,29.22
2026-07-13,UGPA3,30.93
2026-07-13,USIM5,8.38
2026-07-13,VALE3,72.85
2026-07-13,VAMO3,3.02
2026-07-13,VBBR3,32.76
2026-07-13,VIVA3,23.11
2026-07-13,VIVT3,34.73
2026-07-13,WEGE3,44.39
2026-07-13,YDUQ3,8.88
2026-07-14,ABEV3,15.81
2026-07-14,ALOS3,28.24
2026-07-14,AMOB3,12.72
2026-07-14,ASAI3,8.66
2026-07-14,AURE3,12.31
2026-07-14,AXIA3,52.63
2026-07-14,AZZA3,18.85
2026-07-14,B3SA3,15.33
2026-07-14,BBAS3,20.59
2026-07-14,BBDC3,16.27
2026-07-14,BBDC4,18.63
2026-07-14,BBSE3,40.39
2026-07-14,BEEF3,3.72
2026-07-14,BPAC11,57.95
2026-07-14,BRAP4,21.56
2026-07-14,BRAV3,20.02
2026-07-14,BRKM5,6.83
2026-07-14,CEAB3,10.48
2026-07-14,CMIG4,11.2
2026-07-14,CMIN3,5.1
2026-07-14,COGN3,2.33
2026-07-14,CPFE3,47.2
2026-07-14,CPLE3,15.21
2026-07-14,CSAN3,3.89
2026-07-14,CSMG3,66.1
2026-07-14,CSNA3,5.2
2026-07-14,CURY3,33.59
2026-07-14,CVCB3,1.38
2026-07-14,CXSE3,22.11
2026-07-14,CYRE3,22.96
2026-07-14,DIRR3,12.99
2026-07-14,EGIE3,32.27
2026-07-14,EMBJ3,82.49
2026-07-14,ENEV3,27.17
2026-07-14,ENGI11,51.64
2026-07-14,EQTL3,40.95
2026-07-14,FLRY3,16.41
2026-07-14,GGBR4,23.32
2026-07-14,GOAU4,10.23
2026-07-14,HAPV3,11.19
2026-07-14,HYPE3,21.03
2026-07-14,IGTI11,26.2
2026-07-14,IRBR3,56.38
2026-07-14,ISAE4,29.25
2026-07-14,ITSA4,13.9
2026-07-14,ITUB4,43.63
2026-07-14,KLBN11,17.32
2026-07-14,LREN3,14.29
2026-07-14,LWSA3,3.99
2026-07-14,MBRF3,16.09
2026-07-14,MGLU3,5.05
2026-07-14,MOTV3,15.15
2026-07-14,MRVE3,4.84
2026-07-14,MULT3,29.62
2026-07-14,NATU3,8.55
2026-07-14,PCAR3,2.45
2026-07-14,PETR3,45.48
2026-07-14,PETR4,40.66
2026-07-14,POMO4,5.62
2026-07-14,PRIO3,57.57
2026-07-14,PSSA3,54.29
2026-07-14,RADL3,18.6
2026-07-14,RAIL3,14.13
2026-07-14,RAIZ4,0.31
2026-07-14,RDOR3,36.05
2026-07-14,RECV3,10.43
2026-07-14,RENT3,40.54
2026-07-14,SANB11,27.34
2026-07-14,SAUD3,15.35
2026-07-14,SBSP3,30.34
2026-07-14,SLCE3,13.81
2026-07-14,SMFT3,21.3
2026-07-14,SMTO3,16.12
2026-07-14,SUZB3,41.11
2026-07-14,TAEE11,41.26
2026-07-14,TEND3,34.6
2026-07-14,TIMS3,23.09
2026-07-14,TOTS3,28.72
2026-07-14,UGPA3,30.11
2026-07-14,USIM5,8.23
2026-07-14,VALE3,74.01
2026-07-14,VAMO3,3.15
2026-07-14,VBBR3,33.3
2026-07-14,VIVA3,23.43
2026-07-14,VIVT3,35.52
2026-07-14,WEGE3,44.2
2026-07-14,YDUQ3,8.96
2026-07-15,ABEV3,15.57
2026-07-15,ALOS3,28.23
2026-07-15,AMOB3,12.63
2026-07-15,ASAI3,8.66
2026-07-15,AURE3,11.99
2026-07-15,AXIA3,50.42
2026-07-15,AZZA3,18.66
2026-07-15,B3SA3,15.69
2026-07-15,BBAS3,20.55
2026-07-15,BBDC3,16.32
2026-07-15,BBDC4,18.6
2026-07-15,BBSE3,40.71
2026-07-15,BEEF3,3.72
2026-07-15,BPAC11,57.04
2026-07-15,BRAP4,21.77
2026-07-15,BRAV3,20.05
2026-07-15,BRKM5,6.41
2026-07-15,CEAB3,10.34
2026-07-15,CMIG4,11.15
2026-07-15,CMIN3,5.24
2026-07-15,COGN3,2.25
2026-07-15,CPFE3,46.83
2026-07-15,CPLE3,15.02
2026-07-15,CSAN3,3.93
2026-07-15,CSMG3,65.36
2026-07-15,CSNA3,5.24
2026-07-15,CURY3,32.73
2026-07-15,CVCB3,1.34
2026-07-15,CXSE3,22.16
2026-07-15,CYRE3,22.5
2026-07-15,DIRR3,12.67
2026-07-15,EGIE3,30.62
2026-07-15,EMBJ3,82.35
2026-07-15,ENEV3,26.95
2026-07-15,ENGI11,50.91
2026-07-15,EQTL3,40.33
2026-07-15,FLRY3,16.51
2026-07-15,GGBR4,24.2
2026-07-15,GOAU4,10.52
2026-07-15,HAPV3,10.99
2026-07-15,HYPE3,20.98
2026-07-15,IGTI11,26.71
2026-07-15,IRBR3,56.65
2026-07-15,ISAE4,27.78
2026-07-15,ITSA4,13.93
2026-07-15,ITUB4,43.14
2026-07-15,KLBN11,17.39
2026-07-15,LREN3,14.1
2026-07-15,LWSA3,3.96
2026-07-15,MBRF3,15.4
2026-07-15,MGLU3,5.03
2026-07-15,MOTV3,14.96
2026-07-15,MRVE3,4.87
2026-07-15,MULT3,29.74
2026-07-15,NATU3,8.67
2026-07-15,PCAR3,2.62
2026-07-15,PETR3,45.53
2026-07-15,PETR4,40.59
2026-07-15,POMO4,5.43
2026-07-15,PRIO3,57.5
2026-07-15,PSSA3,55.22
2026-07-15,RADL3,18.67
2026-07-15,RAIL3,14.07
2026-07-15,RAIZ4,0.29
2026-07-15,RDOR3,36.01
2026-07-15,RECV3,10.29
2026-07-15,RENT3,40.35
2026-07-15,SANB11,27.0
2026-07-15,SAUD3,15.35
2026-07-15,SBSP3,29.98
2026-07-15,SLCE3,13.5
2026-07-15,SMFT3,20.97
2026-07-15,SMTO3,15.53
2026-07-15,SUZB3,41.48
2026-07-15,TAEE11,40.92
2026-07-15,TEND3,33.04
2026-07-15,TIMS3,22.72
2026-07-15,TOTS3,29.92
2026-07-15,UGPA3,31.1
2026-07-15,USIM5,8.2
2026-07-15,VALE3,74.51
2026-07-15,VAMO3,3.12
2026-07-15,VBBR3,33.75
2026-07-15,VIVA3,23.52
2026-07-15,VIVT3,35.47
2026-07-15,WEGE3,44.26
2026-07-15,YDUQ3,8.76
2026-07-16,ABEV3,15.6
2026-07-16,ALOS3,27.8
2026-07-16,AMOB3,12.97
2026-07-16,ASAI3,8.56
2026-07-16,AURE3,11.76
2026-07-16,AXIA3,49.73
2026-07-16,AZZA3,18.53
2026-07-16,B3SA3,15.39
2026-07-16,BBAS3,20.76
2026-07-16,BBDC3,15.99
2026-07-16,BBDC4,18.41
2026-07-16,BBSE3,41.18
2026-07-16,BEEF3,3.67
2026-07-16,BPAC11,56.59
2026-07-16,BRAP4,21.31
2026-07-16,BRAV3,19.65
2026-07-16,BRKM5,6.1
2026-07-16,CEAB3,9.98
2026-07-16,CMIG4,11.09
2026-07-16,CMIN3,5.45
2026-07-16,COGN3,2.28
2026-07-16,CPFE3,47.19
2026-07-16,CPLE3,14.6
2026-07-16,CSAN3,3.88
2026-07-16,CSMG3,64.06
2026-07-16,CSNA3,5.1
2026-07-16,CURY3,31.29
2026-07-16,CVCB3,1.35
2026-07-16,CXSE3,22.3
2026-07-16,CYRE3,21.79
2026-07-16,DIRR3,12.38
2026-07-16,EGIE3,30.4
2026-07-16,EMBJ3,81.77
2026-07-16,ENEV3,25.95
2026-07-16,ENGI11,50.07
2026-07-16,EQTL3,39.85
2026-07-16,FLRY3,16.42
2026-07-16,GGBR4,23.91
2026-07-16,GOAU4,10.47
2026-07-16,HAPV3,10.95
2026-07-16,HYPE3,21.04
2026-07-16,IGTI11,25.73
2026-07-16,IRBR3,57.45
2026-07-16,ISAE4,28.0
2026-07-16,ITSA4,13.79
2026-07-16,ITUB4,42.55
2026-07-16,KLBN11,17.36
2026-07-16,LREN3,13.65
2026-07-16,LWSA3,3.94
2026-07-16,MBRF3,15.29
2026-07-16,MGLU3,4.92
2026-07-16,MOTV3,14.82
2026-07-16,MRVE3,4.84
2026-07-16,MULT3,29.22
2026-07-16,NATU3,8.56
2026-07-16,PCAR3,2.59
2026-07-16,PETR3,44.64
2026-07-16,PETR4,39.89
2026-07-16,POMO4,5.27
2026-07-16,PRIO3,56.79
2026-07-16,PSSA3,55.22
2026-07-16,RADL3,18.52
2026-07-16,RAIL3,13.93
2026-07-16,RAIZ4,0.29
2026-07-16,RDOR3,35.87
2026-07-16,RECV3,10.29
2026-07-16,RENT3,38.86
2026-07-16,SANB11,26.83
2026-07-16,SAUD3,15.5
2026-07-16,SBSP3,29.3
2026-07-16,SLCE3,13.61
2026-07-16,SMFT3,20.83
2026-07-16,SMTO3,15.72
2026-07-16,SUZB3,41.7
2026-07-16,TAEE11,41.03
2026-07-16,TEND3,32.49
2026-07-16,TIMS3,22.43
2026-07-16,TOTS3,29.9
2026-07-16,UGPA3,31.99
2026-07-16,USIM5,7.9
2026-07-16,VALE3,72.98
2026-07-16,VAMO3,3.16
2026-07-16,VBBR3,34.37
2026-07-16,VIVA3,23.35
2026-07-16,VIVT3,35.47
2026-07-16,WEGE3,43.49
2026-07-16,YDUQ3,8.84
2026-07-17,ABEV3,15.63
2026-07-17,ALOS3,27.32
2026-07-17,AMOB3,12.77
2026-07-17,ASAI3,8.5
2026-07-17,AURE3,11.59
2026-07-17,AXIA3,50.2
2026-07-17,AZZA3,18.59
2026-07-17,B3SA3,15.2
2026-07-17,BBAS3,20.49
2026-07-17,BBDC3,15.94
2026-07-17,BBDC4,18.29
2026-07-17,BBSE3,41.12
2026-07-17,BEEF3,3.6
2026-07-17,BPAC11,56.18
2026-07-17,BRAP4,21.19
2026-07-17,BRAV3,19.57
2026-07-17,BRKM5,6.19
2026-07-17,CEAB3,9.75
2026-07-17,CMIG4,11.12
2026-07-17,CMIN3,5.33
2026-07-17,COGN3,2.23
2026-07-17,CPFE3,46.87
2026-07-17,CPLE3,14.8
2026-07-17,CSAN3,3.84
2026-07-17,CSMG3,63.56
2026-07-17,CSNA3,5.05
2026-07-17,CURY3,30.67
2026-07-17,CVCB3,1.22
2026-07-17,CXSE3,22.06
2026-07-17,CYRE3,21.63
2026-07-17,DIRR3,12.04
2026-07-17,EGIE3,29.97
2026-07-17,EMBJ3,81.75
2026-07-17,ENEV3,25.68
2026-07-17,ENGI11,49.25
2026-07-17,EQTL3,39.5
2026-07-17,FLRY3,16.59
2026-07-17,GGBR4,24.04
2026-07-17,GOAU4,10.48
2026-07-17,HAPV3,11.38
2026-07-17,HYPE3,21.19
2026-07-17,IGTI11,25.22
2026-07-17,IRBR3,57.0
2026-07-17,ISAE4,28.01
2026-07-17,ITSA4,13.61
2026-07-17,ITUB4,41.96
2026-07-17,KLBN11,17.58
2026-07-17,LREN3,13.42
2026-07-17,LWSA3,3.92
2026-07-17,MBRF3,15.03
2026-07-17,MGLU3,4.92
2026-07-17,MOTV3,14.61
2026-07-17,MRVE3,4.68
2026-07-17,MULT3,28.53
2026-07-17,NATU3,8.55
2026-07-17,PCAR3,2.6
2026-07-17,PETR3,45.81
2026-07-17,PETR4,40.9
2026-07-17,POMO4,5.24
2026-07-17,PRIO3,57.85
2026-07-17,PSSA3,55.14
2026-07-17,RADL3,18.55
2026-07-17,RAIL3,13.7
2026-07-17,RAIZ4,0.29
2026-07-17,RDOR3,35.78
2026-07-17,RECV3,10.29
2026-07-17,RENT3,38.23
2026-07-17,SANB11,26.65
2026-07-17,SAUD3,15.2
2026-07-17,SBSP3,29.22
2026-07-17,SLCE3,13.53
2026-07-17,SMFT3,20.34
2026-07-17,SMTO3,15.45
2026-07-17,SUZB3,41.93
2026-07-17,TAEE11,40.89
2026-07-17,TEND3,31.67
2026-07-17,TIMS3,22.6
2026-07-17,TOTS3,29.19
2026-07-17,UGPA3,32.07
2026-07-17,USIM5,8.23
2026-07-17,VALE3,72.94
2026-07-17,VAMO3,3.17
2026-07-17,VBBR3,34.92
2026-07-17,VIVA3,22.44
2026-07-17,VIVT3,35.52
2026-07-17,WEGE3,43.63
2026-07-17,YDUQ3,8.61
2026-07-20,ABEV3,15.79
2026-07-20,ALOS3,27.3
2026-07-20,AMOB3,12.63
2026-07-20,ASAI3,8.14
2026-07-20,AURE3,11.31
2026-07-20,AXIA3,50.36
2026-07-20,AZZA3,18.17
2026-07-20,B3SA3,15.26
2026-07-20,BBAS3,20.17
2026-07-20,BBDC3,16.05
2026-07-20,BBDC4,18.41
2026-07-20,BBSE3,41.05
2026-07-20,BEEF3,3.58
2026-07-20,BPAC11,55.84
2026-07-20,BRAP4,20.81
2026-07-20,BRAV3,19.98
2026-07-20,BRKM5,5.94
2026-07-20,CEAB3,9.57
2026-07-20,CMIG4,11.02
2026-07-20,CMIN3,5.39
2026-07-20,COGN3,2.18
2026-07-20,CPFE3,46.32
2026-07-20,CPLE3,14.91
2026-07-20,CSAN3,3.82
2026-07-20,CSMG3,63.84
2026-07-20,CSNA3,5.07
2026-07-20,CURY3,30.19
2026-07-20,CVCB3,1.08
2026-07-20,CXSE3,22.28
2026-07-20,CYRE3,21.13
2026-07-20,DIRR3,11.82
2026-07-20,EGIE3,30.27
2026-07-20,EMBJ3,83.29
2026-07-20,ENEV3,25.65
2026-07-20,ENGI11,49.49
2026-07-20,EQTL3,39.29
2026-07-20,FLRY3,16.56
2026-07-20,GGBR4,23.62
2026-07-20,GOAU4,10.3
2026-07-20,HAPV3,11.55
2026-07-20,HYPE3,21.42
2026-07-20,IGTI11,24.85
2026-07-20,IRBR3,56.8
2026-07-20,ISAE4,28.11
2026-07-20,ITSA4,13.63
2026-07-20,ITUB4,42.3
2026-07-20,KLBN11,17.48
2026-07-20,LREN3,13.31
2026-07-20,LWSA3,3.89
2026-07-20,MBRF3,14.52
2026-07-20,MGLU3,4.86
2026-07-20,MOTV3,14.56
2026-07-20,MRVE3,4.59
2026-07-20,MULT3,28.32
2026-07-20,NATU3,8.63
2026-07-20,PCAR3,2.6
2026-07-20,PETR3,46.12
2026-07-20,PETR4,41.15
2026-07-20,POMO4,5.13
2026-07-20,PRIO3,57.69
2026-07-20,PSSA3,54.2
2026-07-20,RADL3,18.69
2026-07-20,RAIL3,13.57
2026-07-20,RAIZ4,0.27
2026-07-20,RDOR3,35.45
2026-07-20,RECV3,10.16
2026-07-20,RENT3,37.49
2026-07-20,SANB11,27.01
2026-07-20,SAUD3,15.09
2026-07-20,SBSP3,28.98
2026-07-20,SLCE3,13.57
2026-07-20,SMFT3,20.12
2026-07-20,SMTO3,15.41
2026-07-20,SUZB3,41.89
2026-07-20,TAEE11,41.15
2026-07-20,TEND3,30.62
2026-07-20,TIMS3,22.6
2026-07-20,TOTS3,28.83
2026-07-20,UGPA3,31.7
2026-07-20,USIM5,8.16
2026-07-20,VALE3,71.93
2026-07-20,VAMO3,3.09
2026-07-20,VBBR3,34.11
2026-07-20,VIVA3,21.96
2026-07-20,VIVT3,35.67
2026-07-20,WEGE3,43.13
2026-07-20,YDUQ3,8.17
2026-07-21,ABEV3,15.8
2026-07-21,ALOS3,27.1
2026-07-21,AMOB3,12.32
2026-07-21,ASAI3,8.25
2026-07-21,AURE3,11.21
2026-07-21,AXIA3,50.46
2026-07-21,AZZA3,17.48
2026-07-21,B3SA3,15.17
2026-07-21,BBAS3,20.88
2026-07-21,BBDC3,16.15
2026-07-21,BBDC4,18.55
2026-07-21,BBSE3,41.55
2026-07-21,BEEF3,3.52
2026-07-21,BPAC11,55.37
2026-07-21,BRAP4,20.8
2026-07-21,BRAV3,20.14
2026-07-21,BRKM5,5.71
2026-07-21,CEAB3,9.31
2026-07-21,CMIG4,11.02
2026-07-21,CMIN3,5.58
2026-07-21,COGN3,2.14
2026-07-21,CPFE3,46.4
2026-07-21,CPLE3,14.51
2026-07-21,CSAN3,3.78
2026-07-21,CSMG3,63.16
2026-07-21,CSNA3,5.06
2026-07-21,CURY3,29.95
2026-07-21,CVCB3,1.12
2026-07-21,CXSE3,22.33
2026-07-21,CYRE3,21.18
2026-07-21,DIRR3,11.53
2026-07-21,EGIE3,30.34
2026-07-21,EMBJ3,82.65
2026-07-21,ENEV3,25.42
2026-07-21,ENGI11,49.02
2026-07-21,EQTL3,38.83
2026-07-21,FLRY3,16.55
2026-07-21,GGBR4,23.49
2026-07-21,GOAU4,10.23
2026-07-21,HAPV3,11.24
2026-07-21,HYPE3,20.24
2026-07-21,IGTI11,24.59
2026-07-21,IRBR3,55.8
2026-07-21,ISAE4,28.43
2026-07-21,ITSA4,13.62
2026-07-21,ITUB4,42.53
2026-07-21,KLBN11,17.59
2026-07-21,LREN3,13.27
2026-07-21,LWSA3,3.74
2026-07-21,MBRF3,15.11
2026-07-21,MGLU3,4.82
2026-07-21,MOTV3,14.46
2026-07-21,MRVE3,4.51
2026-07-21,MULT3,28.35
2026-07-21,NATU3,8.71
2026-07-21,PCAR3,2.73
2026-07-21,PETR3,46.78
2026-07-21,PETR4,41.66
2026-07-21,POMO4,5.1
2026-07-21,PRIO3,58.18
2026-07-21,PSSA3,53.48
2026-07-21,RADL3,18.13
2026-07-21,RAIL3,13.24
2026-07-21,RAIZ4,0.27
2026-07-21,RDOR3,33.92
2026-07-21,RECV3,10.34
2026-07-21,RENT3,36.55
2026-07-21,SANB11,27.21
2026-07-21,SAUD3,14.77
2026-07-21,SBSP3,28.6
2026-07-21,SLCE3,13.75
2026-07-21,SMFT3,19.97
2026-07-21,SMTO3,15.58
2026-07-21,SUZB3,41.63
2026-07-21,TAEE11,41.13
2026-07-21,TEND3,29.64
2026-07-21,TIMS3,22.67
2026-07-21,TOTS3,28.57
2026-07-21,UGPA3,31.82
2026-07-21,USIM5,8.46
2026-07-21,VALE3,72.24
2026-07-21,VAMO3,3.09
2026-07-21,VBBR3,33.95
2026-07-21,VIVA3,21.41
2026-07-21,VIVT3,35.8
2026-07-21,WEGE3,42.47
2026-07-21,YDUQ3,7.83
2026-07-22,ABEV3,16.13
2026-07-22,ALOS3,27.47
2026-07-22,AMOB3,12.72
2026-07-22,ASAI3,8.4
2026-07-22,AURE3,11.55
2026-07-22,AXIA3,51.68
2026-07-22,AZZA3,17.81
2026-07-22,B3SA3,15.9
2026-07-22,BBAS3,21.09
2026-07-22,BBDC3,16.52
2026-07-22,BBDC4,18.97
2026-07-22,BBSE3,42.58
2026-07-22,BEEF3,3.61
2026-07-22,BPAC11,57.02
2026-07-22,BRAP4,21.64
2026-07-22,BRAV3,20.37
2026-07-22,BRKM5,6.07
2026-07-22,CEAB3,9.64
2026-07-22,CMIG4,11.21
2026-07-22,CMIN3,5.84
2026-07-22,COGN3,2.17
2026-07-22,CPFE3,46.71
2026-07-22,CPLE3,14.95
2026-07-22,CSAN3,3.92
2026-07-22,CSMG3,64.0
2026-07-22,CSNA3,5.38
2026-07-22,CURY3,30.2
2026-07-22,CVCB3,1.27
2026-07-22,CXSE3,22.42
2026-07-22,CYRE3,21.28
2026-07-22,DIRR3,11.7
2026-07-22,EGIE3,30.3
2026-07-22,EMBJ3,83.79
2026-07-22,ENEV3,25.97
2026-07-22,ENGI11,50.28
2026-07-22,EQTL3,39.35
2026-07-22,FLRY3,16.65
2026-07-22,GGBR4,24.06
2026-07-22,GOAU4,10.53
2026-07-22,HAPV3,11.39
2026-07-22,HYPE3,20.3
2026-07-22,IGTI11,25.2
2026-07-22,IRBR3,56.43
2026-07-22,ISAE4,28.53
2026-07-22,ITSA4,13.82
2026-07-22,ITUB4,42.9
2026-07-22,KLBN11,17.93
2026-07-22,LREN3,13.54
2026-07-22,LWSA3,3.8
2026-07-22,MBRF3,16.03
2026-07-22,MGLU3,4.91
2026-07-22,MOTV3,14.71
2026-07-22,MRVE3,4.59
2026-07-22,MULT3,28.97
2026-07-22,NATU3,8.68
2026-07-22,PCAR3,2.75
2026-07-22,PETR3,47.9
2026-07-22,PETR4,42.58
2026-07-22,POMO4,5.27
2026-07-22,PRIO3,59.77
2026-07-22,PSSA3,55.45
2026-07-22,RADL3,18.29
2026-07-22,RAIL3,13.64
2026-07-22,RAIZ4,0.27
2026-07-22,RDOR3,34.49
2026-07-22,RECV3,10.8
2026-07-22,RENT3,37.14
2026-07-22,SANB11,26.95
2026-07-22,SAUD3,15.02
2026-07-22,SBSP3,29.29
2026-07-22,SLCE3,13.96
2026-07-22,SMFT3,20.62
2026-07-22,SMTO3,16.05
2026-07-22,SUZB3,42.66
2026-07-22,TAEE11,41.59
2026-07-22,TEND3,29.38
2026-07-22,TIMS3,22.12
2026-07-22,TOTS3,28.89
2026-07-22,UGPA3,32.83
2026-07-22,USIM5,8.65
2026-07-22,VALE3,75.1
2026-07-22,VAMO3,3.23
2026-07-22,VBBR3,34.98
2026-07-22,VIVA3,21.55
2026-07-22,VIVT3,35.38
2026-07-22,WEGE3,46.74
2026-07-22,YDUQ3,7.77
2026-07-23,ABEV3,15.92
2026-07-23,ALOS3,26.93
2026-07-23,AMOB3,12.76
2026-07-23,ASAI3,8.02
2026-07-23,AURE3,11.39
2026-07-23,AXIA3,51.39
2026-07-23,AZZA3,17.05
2026-07-23,B3SA3,15.65
2026-07-23,BBAS3,20.93
2026-07-23,BBDC3,16.33
2026-07-23,BBDC4,18.72
2026-07-23,BBSE3,42.4
2026-07-23,BEEF3,3.56
2026-07-23,BPAC11,56.3
2026-07-23,BRAP4,21.85
2026-07-23,BRAV3,20.58
2026-07-23,BRKM5,6.17
2026-07-23,CEAB3,9.44
2026-07-23,CMIG4,11.19
2026-07-23,CMIN3,5.83
2026-07-23,COGN3,2.11
2026-07-23,CPFE3,46.22
2026-07-23,CPLE3,14.88
2026-07-23,CSAN3,3.9
2026-07-23,CSMG3,63.95
2026-07-23,CSNA3,5.3
2026-07-23,CURY3,29.62
2026-07-23,CVCB3,1.31
2026-07-23,CXSE3,22.44
2026-07-23,CYRE3,20.66
2026-07-23,DIRR3,11.63
2026-07-23,EGIE3,30.15
2026-07-23,EMBJ3,83.4
2026-07-23,ENEV3,25.7
2026-07-23,ENGI11,50.0
2026-07-23,EQTL3,39.02
2026-07-23,FLRY3,16.58
2026-07-23,GGBR4,24.06
2026-07-23,GOAU4,10.52
2026-07-23,HAPV3,10.47
2026-07-23,HYPE3,20.1
2026-07-23,IGTI11,24.73
2026-07-23,IRBR3,54.1
2026-07-23,ISAE4,28.5
2026-07-23,ITSA4,13.73
2026-07-23,ITUB4,42.56
2026-07-23,KLBN11,17.66
2026-07-23,LREN3,13.37
2026-07-23,LWSA3,3.69
2026-07-23,MBRF3,15.59
2026-07-23,MGLU3,4.71
2026-07-23,MOTV3,14.5
2026-07-23,MRVE3,4.39
2026-07-23,MULT3,28.43
2026-07-23,NATU3,8.56
2026-07-23,PCAR3,2.87
2026-07-23,PETR3,48.7
2026-07-23,PETR4,42.95
2026-07-23,POMO4,5.26
2026-07-23,PRIO3,60.54
2026-07-23,PSSA3,55.18
2026-07-23,RADL3,18.19
2026-07-23,RAIL3,13.96
2026-07-23,RAIZ4,0.27
2026-07-23,RDOR3,33.67
2026-07-23,RECV3,10.89
2026-07-23,RENT3,37.14
2026-07-23,SANB11,26.63
2026-07-23,SAUD3,14.9
2026-07-23,SBSP3,29.0
2026-07-23,SLCE3,13.77
2026-07-23,SMFT3,20.12
2026-07-23,SMTO3,15.71
2026-07-23,SUZB3,42.43
2026-07-23,TAEE11,41.42
2026-07-23,TEND3,29.46
2026-07-23,TIMS3,21.25
2026-07-23,TOTS3,27.05
2026-07-23,UGPA3,33.39
2026-07-23,USIM5,8.49
2026-07-23,VALE3,75.68
2026-07-23,VAMO3,3.21
2026-07-23,VBBR3,35.6
2026-07-23,VIVA3,21.45
2026-07-23,VIVT3,34.7
2026-07-23,WEGE3,45.67
2026-07-23,YDUQ3,7.55
2026-07-24,ABEV3,15.64
2026-07-24,ALOS3,26.19
2026-07-24,AMOB3,12.9
2026-07-24,ASAI3,7.85
2026-07-24,AURE3,11.19
2026-07-24,AXIA3,50.26
2026-07-24,AZZA3,16.65
2026-07-24,B3SA3,15.44
2026-07-24,BBAS3,20.35
2026-07-24,BBDC3,16.09
2026-07-24,BBDC4,18.48
2026-07-24,BBSE3,41.49
2026-07-24,BEEF3,3.42
2026-07-24,BPAC11,54.67
2026-07-24,BRAP4,21.6
2026-07-24,BRAV3,20.64
2026-07-24,BRKM5,6.1
2026-07-24,CEAB3,9.27
2026-07-24,CMIG4,10.98
2026-07-24,CMIN3,5.69
2026-07-24,COGN3,2.08
2026-07-24,CPFE3,45.09
2026-07-24,CPLE3,14.54
2026-07-24,CSAN3,3.8
2026-07-24,CSMG3,61.97
2026-07-24,CSNA3,5.36
2026-07-24,CURY3,29.35
2026-07-24,CVCB3,1.34
2026-07-24,CXSE3,21.27
2026-07-24,CYRE3,20.7
2026-07-24,DIRR3,11.45
2026-07-24,EGIE3,29.39
2026-07-24,EMBJ3,82.5
2026-07-24,ENEV3,24.9
2026-07-24,ENGI11,49.0
2026-07-24,EQTL3,38.34
2026-07-24,FLRY3,16.26
2026-07-24,GGBR4,24.26
2026-07-24,GOAU4,10.52
2026-07-24,HAPV3,9.92
2026-07-24,HYPE3,20.23
2026-07-24,IGTI11,24.29
2026-07-24,IRBR3,53.84
2026-07-24,ISAE4,26.46
2026-07-24,ITSA4,13.45
2026-07-24,ITUB4,42.1
2026-07-24,KLBN11,17.52
2026-07-24,LREN3,13.27
2026-07-24,LWSA3,3.6
2026-07-24,MBRF3,14.84
2026-07-24,MGLU3,4.65
2026-07-24,MOTV3,14.43
2026-07-24,MRVE3,4.46
2026-07-24,MULT3,28.04
2026-07-24,NATU3,8.38
2026-07-24,PCAR3,2.79
2026-07-24,PETR3,47.55
2026-07-24,PETR4,42.21
2026-07-24,POMO4,5.23
2026-07-24,PRIO3,58.82
2026-07-24,PSSA3,54.78
2026-07-24,RADL3,17.98
2026-07-24,RAIL3,13.57
2026-07-24,RAIZ4,0.26
2026-07-24,RDOR3,33.38
2026-07-24,RECV3,10.59
2026-07-24,RENT3,36.89
2026-07-24,SANB11,26.34
2026-07-24,SAUD3,14.63
2026-07-24,SBSP3,28.38
2026-07-24,SLCE3,13.64
2026-07-24,SMFT3,19.65
2026-07-24,SMTO3,15.05
2026-07-24,SUZB3,41.84
2026-07-24,TAEE11,40.3
2026-07-24,TEND3,29.75
2026-07-24,TIMS3,21.47
2026-07-24,TOTS3,27.47
2026-07-24,UGPA3,32.71
2026-07-24,USIM5,8.48
2026-07-24,VALE3,75.24
2026-07-24,VAMO3,3.15
2026-07-24,VBBR3,35.1
2026-07-24,VIVA3,21.42
2026-07-24,VIVT3,35.47
2026-07-24,WEGE3,45.99
2026-07-24,YDUQ3,7.78
2026-07-27,ABEV3,15.86
2026-07-27,ALOS3,26.79
2026-07-27,AMOB3,13.38
2026-07-27,ASAI3,8.11
2026-07-27,AURE3,11.32
2026-07-27,AXIA3,51.27
2026-07-27,AZZA3,17.11
2026-07-27,B3SA3,15.72
2026-07-27,BBAS3,20.5
2026-07-27,BBDC3,16.28
2026-07-27,BBDC4,18.71
2026-07-27,BBSE3,40.54
2026-07-27,BEEF3,3.46
2026-07-27,BPAC11,55.55
2026-07-27,BRAP4,21.75
2026-07-27,BRAV3,21.0
2026-07-27,BRKM5,6.08
2026-07-27,CEAB3,9.6
2026-07-27,CMIG4,11.17
2026-07-27,CMIN3,5.8
2026-07-27,COGN3,2.15
2026-07-27,CPFE3,44.75
2026-07-27,CPLE3,14.78
2026-07-27,CSAN3,3.95
2026-07-27,CSMG3,63.41
2026-07-27,CSNA3,5.71
2026-07-27,CURY3,30.39
2026-07-27,CVCB3,1.36
2026-07-27,CXSE3,20.72
2026-07-27,CYRE3,21.21
2026-07-27,DIRR3,11.84
2026-07-27,EGIE3,30.04
2026-07-27,EMBJ3,86.9
2026-07-27,ENEV3,25.47
2026-07-27,ENGI11,49.64
2026-07-27,EQTL3,38.8
2026-07-27,FLRY3,16.53
2026-07-27,GGBR4,24.48
2026-07-27,GOAU4,10.67
2026-07-27,HAPV3,10.19
2026-07-27,HYPE3,21.06
2026-07-27,IGTI11,24.89
2026-07-27,IRBR3,54.0
2026-07-27,ISAE4,26.68
2026-07-27,ITSA4,13.72
2026-07-27,ITUB4,42.69
2026-07-27,KLBN11,17.68
2026-07-27,LREN3,13.73
2026-07-27,LWSA3,3.68
2026-07-27,MBRF3,15.89
2026-07-27,MGLU3,4.83
2026-07-27,MOTV3,14.61
2026-07-27,MRVE3,4.67
2026-07-27,MULT3,28.56
2026-07-27,NATU3,8.49
2026-07-27,PCAR3,2.74
2026-07-27,PETR3,46.05
2026-07-27,PETR4,41.01
2026-07-27,POMO4,5.27
2026-07-27,PRIO3,55.71
2026-07-27,PSSA3,54.29
2026-07-27,RADL3,18.17
2026-07-27,RAIL3,13.8
2026-07-27,RAIZ4,0.26
2026-07-27,RDOR3,33.6
2026-07-27,RECV3,10.24
2026-07-27,RENT3,37.72
2026-07-27,SANB11,27.36
2026-07-27,SAUD3,14.97
2026-07-27,SBSP3,28.87
2026-07-27,SLCE3,13.38
2026-07-27,SMFT3,19.77
2026-07-27,SMTO3,14.67
2026-07-27,SUZB3,41.87
2026-07-27,TAEE11,39.95
2026-07-27,TEND3,30.79
2026-07-27,TIMS3,21.5
2026-07-27,TOTS3,29.38
2026-07-27,UGPA3,32.09
2026-07-27,USIM5,8.61
2026-07-27,VALE3,75.69
2026-07-27,VAMO3,3.17
2026-07-27,VBBR3,34.5
2026-07-27,VIVA3,22.01
2026-07-27,VIVT3,36.11
2026-07-27,WEGE3,46.4
2026-07-27,YDUQ3,7.94
2026-07-28,ABEV3,16.1
2026-07-28,ALOS3,27.14
2026-07-28,AMOB3,13.59
2026-07-28,ASAI3,8.24
2026-07-28,AURE3,11.45
2026-07-28,AXIA3,52.26
2026-07-28,AZZA3,17.15
2026-07-28,B3SA3,16.0
2026-07-28,BBAS3,20.83
2026-07-28,BBDC3,16.41
2026-07-28,BBDC4,18.77
2026-07-28,BBSE3,41.21
2026-07-28,BEEF3,3.41
2026-07-28,BPAC11,55.84
2026-07-28,BRAP4,21.76
2026-07-28,BRAV3,20.85
2026-07-28,BRKM5,5.96
2026-07-28,CEAB3,9.54
2026-07-28,CMIG4,11.19
2026-07-28,CMIN3,5.96
2026-07-28,COGN3,2.16
2026-07-28,CPFE3,45.96
2026-07-28,CPLE3,14.93
2026-07-28,CSAN3,4.0
2026-07-28,CSMG3,64.39
2026-07-28,CSNA3,5.64
2026-07-28,CURY3,30.1
2026-07-28,CVCB3,1.32
2026-07-28,CXSE3,20.5
2026-07-28,CYRE3,21.32
2026-07-28,DIRR3,11.64
2026-07-28,EGIE3,30.01
2026-07-28,EMBJ3,88.86
2026-07-28,ENEV3,25.85
2026-07-28,ENGI11,49.8
2026-07-28,EQTL3,38.83
2026-07-28,FLRY3,17.06
2026-07-28,GGBR4,25.14
2026-07-28,GOAU4,10.89
2026-07-28,HAPV3,10.6
2026-07-28,HYPE3,21.44
2026-07-28,IGTI11,25.28
2026-07-28,IRBR3,53.66
2026-07-28,ISAE4,26.84
2026-07-28,ITSA4,13.76
2026-07-28,ITUB4,42.86
2026-07-28,KLBN11,18.04
2026-07-28,LREN3,13.9
2026-07-28,LWSA3,3.74
2026-07-28,MBRF3,16.3
2026-07-28,MGLU3,4.83
2026-07-28,MOTV3,14.69
2026-07-28,MRVE3,4.66
2026-07-28,MULT3,28.79
2026-07-28,NATU3,8.34
2026-07-28,PCAR3,2.74
2026-07-28,PETR3,46.42
2026-07-28,PETR4,41.21
2026-07-28,POMO4,5.38
2026-07-28,PRIO3,56.77
2026-07-28,PSSA3,54.91
2026-07-28,RADL3,18.2
2026-07-28,RAIL3,14.08
2026-07-28,RAIZ4,0.27
2026-07-28,RDOR3,34.32
2026-07-28,RECV3,10.2
2026-07-28,RENT3,38.37
2026-07-28,SANB11,27.67
2026-07-28,SAUD3,14.94
2026-07-28,SBSP3,28.27
2026-07-28,SLCE3,13.16
2026-07-28,SMFT3,19.99
2026-07-28,SMTO3,14.3
2026-07-28,SUZB3,43.1
2026-07-28,TAEE11,39.8
2026-07-28,TEND3,30.06
2026-07-28,TIMS3,20.25
2026-07-28,TOTS3,29.69
2026-07-28,UGPA3,32.45
2026-07-28,USIM5,8.69
2026-07-28,VALE3,75.69
2026-07-28,VAMO3,3.33
2026-07-28,VBBR3,35.13
2026-07-28,VIVA3,22.61
2026-07-28,VIVT3,33.83
2026-07-28,WEGE3,46.7
2026-07-28,YDUQ3,8.16
2026-07-29,ABEV3,15.9
2026-07-29,ALOS3,26.58
2026-07-29,AMOB3,13.5
2026-07-29,ASAI3,8.3
2026-07-29,AURE3,11.11
2026-07-29,AXIA3,51.13
2026-07-29,AZZA3,16.15
2026-07-29,B3SA3,15.32
2026-07-29,BBAS3,20.78
2026-07-29,BBDC3,16.04
2026-07-29,BBDC4,18.35
2026-07-29,BBSE3,40.92
2026-07-29,BEEF3,3.47
2026-07-29,BPAC11,54.66
2026-07-29,BRAP4,21.66
2026-07-29,BRAV3,20.82
2026-07-29,BRKM5,5.72
2026-07-29,CEAB3,9.12
2026-07-29,CMIG4,11.0
2026-07-29,CMIN3,5.98
2026-07-29,COGN3,2.19
2026-07-29,CPFE3,44.79
2026-07-29,CPLE3,14.53
2026-07-29,CSAN3,3.89
2026-07-29,CSMG3,61.82
2026-07-29,CSNA3,5.2
2026-07-29,CURY3,28.85
2026-07-29,CVCB3,1.28
2026-07-29,CXSE3,20.33
2026-07-29,CYRE3,20.77
2026-07-29,DIRR3,11.09
2026-07-29,EGIE3,29.29
2026-07-29,EMBJ3,86.09
2026-07-29,ENEV3,25.87
2026-07-29,ENGI11,48.46
2026-07-29,EQTL3,37.82
2026-07-29,FLRY3,16.83
2026-07-29,GGBR4,24.79
2026-07-29,GOAU4,10.77
2026-07-29,HAPV3,10.55
2026-07-29,HYPE3,21.03
2026-07-29,IGTI11,24.45
2026-07-29,IRBR3,53.32
2026-07-29,ISAE4,26.29
2026-07-29,ITSA4,13.49
2026-07-29,ITUB4,41.82
2026-07-29,KLBN11,18.02
2026-07-29,LREN3,13.36
2026-07-29,LWSA3,3.72
2026-07-29,MBRF3,16.66
2026-07-29,MGLU3,4.76
2026-07-29,MOTV3,14.16
2026-07-29,MRVE3,4.59
2026-07-29,MULT3,27.54
2026-07-29,NATU3,8.27
2026-07-29,PCAR3,2.81
2026-07-29,PETR3,47.51
2026-07-29,PETR4,42.0
2026-07-29,POMO4,5.31
2026-07-29,PRIO3,58.41
2026-07-29,PSSA3,53.81
2026-07-29,RADL3,17.76
2026-07-29,RAIL3,13.95
2026-07-29,RAIZ4,0.26
2026-07-29,RDOR3,33.85
2026-07-29,RECV3,10.32
2026-07-29,RENT3,37.44
2026-07-29,SANB11,25.63
2026-07-29,SAUD3,15.01
2026-07-29,SBSP3,26.61
2026-07-29,SLCE3,13.09
2026-07-29,SMFT3,19.57
2026-07-29,SMTO3,14.27
2026-07-29,SUZB3,42.3
2026-07-29,TAEE11,39.05
2026-07-29,TEND3,29.09
2026-07-29,TIMS3,19.48
2026-07-29,TOTS3,29.44
2026-07-29,UGPA3,32.0
2026-07-29,USIM5,8.32
2026-07-29,VALE3,75.05
2026-07-29,VAMO3,3.31
2026-07-29,VBBR3,34.6
2026-07-29,VIVA3,22.35
2026-07-29,VIVT3,32.54
2026-07-29,WEGE3,45.64
2026-07-29,YDUQ3,8.14
2026-07-30,ABEV3,15.96
2026-07-30,ALOS3,27.22
2026-07-30,AMOB3,13.25
2026-07-30,ASAI3,8.41
2026-07-30,AURE3,11.2
2026-07-30,AXIA3,52.95
2026-07-30,AZZA3,15.86
2026-07-30,B3SA3,15.63
2026-07-30,BBAS3,21.19
2026-07-30,BBDC3,15.99
2026-07-30,BBDC4,18.39
2026-07-30,BBSE3,40.86
2026-07-30,BEEF3,3.59
2026-07-30,BPAC11,56.62
2026-07-30,BRAP4,21.73
2026-07-30,BRAV3,20.39
2026-07-30,BRKM5,5.93
2026-07-30,CEAB3,9.43
2026-07-30,CMIG4,11.23
2026-07-30,CMIN3,5.72
2026-07-30,COGN3,2.31
2026-07-30,CPFE3,46.09
2026-07-30,CPLE3,14.89
2026-07-30,CSAN3,3.99
2026-07-30,CSMG3,63.5
2026-07-30,CSNA3,4.95
2026-07-30,CURY3,30.4
2026-07-30,CVCB3,1.3
2026-07-30,CXSE3,20.11
2026-07-30,CYRE3,21.53
2026-07-30,DIRR3,11.46
2026-07-30,EGIE3,29.99
2026-07-30,EMBJ3,86.14
2026-07-30,ENEV3,26.15
2026-07-30,ENGI11,49.61
2026-07-30,EQTL3,38.66
2026-07-30,FLRY3,16.97
2026-07-30,GGBR4,24.98
2026-07-30,GOAU4,10.96
2026-07-30,HAPV3,11.01
2026-07-30,HYPE3,21.65
2026-07-30,IGTI11,25.11
2026-07-30,IRBR3,54.31
2026-07-30,ISAE4,26.76
2026-07-30,ITSA4,13.8
2026-07-30,ITUB4,42.74
2026-07-30,KLBN11,18.05
2026-07-30,LREN3,13.52
2026-07-30,LWSA3,3.77
2026-07-30,MBRF3,17.96
2026-07-30,MGLU3,5.02
2026-07-30,MOTV3,14.89
2026-07-30,MRVE3,4.73
2026-07-30,MULT3,28.23
2026-07-30,NATU3,8.33
2026-07-30,PCAR3,2.74
2026-07-30,PETR3,48.55
2026-07-30,PETR4,42.84
2026-07-30,POMO4,5.34
2026-07-30,PRIO3,59.96
2026-07-30,PSSA3,54.35
2026-07-30,RADL3,18.25
2026-07-30,RAIL3,14.28
2026-07-30,RAIZ4,0.26
2026-07-30,RDOR3,34.42
2026-07-30,RECV3,10.55
2026-07-30,RENT3,38.23
2026-07-30,SANB11,25.25
2026-07-30,SAUD3,15.77
2026-07-30,SBSP3,27.41
2026-07-30,SLCE3,13.26
2026-07-30,SMFT3,19.96
2026-07-30,SMTO3,14.4
2026-07-30,SUZB3,42.73
2026-07-30,TAEE11,39.87
2026-07-30,TEND3,30.05
2026-07-30,TIMS3,19.3
2026-07-30,TOTS3,31.13
2026-07-30,UGPA3,32.92
2026-07-30,USIM5,7.55
2026-07-30,VALE3,76.09
2026-07-30,VAMO3,3.42
2026-07-30,VBBR3,35.63
2026-07-30,VIVA3,22.16
2026-07-30,VIVT3,32.63
2026-07-30,WEGE3,46.82
2026-07-30,YDUQ3,8.34
2026-07-31,ABEV3,15.99
2026-07-31,ALOS3,27.09
2026-07-31,AMOB3,13.25
2026-07-31,ASAI3,8.5
2026-07-31,AURE3,10.98
2026-07-31,AXIA3,52.82
2026-07-31,AZZA3,16.42
2026-07-31,B3SA3,15.73
2026-07-31,BBAS3,21.35
2026-07-31,BBDC3,15.99
2026-07-31,BBDC4,18.43
2026-07-31,BBSE3,41.26
2026-07-31,BEEF3,3.66
2026-07-31,BPAC11,56.8
2026-07-31,BRAP4,22.0
2026-07-31,BRAV3,19.8
2026-07-31,BRKM5,5.97
2026-07-31,CEAB3,9.44
2026-07-31,CMIG4,11.34
2026-07-31,CMIN3,5.71
2026-07-31,COGN3,2.28
2026-07-31,CPFE3,46.14
2026-07-31,CPLE3,14.83
2026-07-31,CSAN3,4.07
2026-07-31,CSMG3,64.17
2026-07-31,CSNA3,4.84
2026-07-31,CURY3,30.09
2026-07-31,CVCB3,1.31
2026-07-31,CXSE3,20.25
2026-07-31,CYRE3,21.37
2026-07-31,DIRR3,11.35
2026-07-31,EGIE3,29.8
2026-07-31,EMBJ3,86.89
2026-07-31,ENEV3,26.31
2026-07-31,ENGI11,49.81
2026-07-31,EQTL3,38.66
2026-07-31,FLRY3,17.14
2026-07-31,GGBR4,24.98
2026-07-31,GOAU4,10.92
2026-07-31,HAPV3,11.28
2026-07-31,HYPE3,21.27
2026-07-31,IGTI11,24.83
2026-07-31,IRBR3,56.06
2026-07-31,ISAE4,26.89
2026-07-31,ITSA4,13.82
2026-07-31,ITUB4,42.89
2026-07-31,KLBN11,18.25
2026-07-31,LREN3,13.6
2026-07-31,LWSA3,3.72
2026-07-31,MBRF3,17.54
2026-07-31,MGLU3,5.03
2026-07-31,MOTV3,14.76
2026-07-31,MRVE3,4.74
2026-07-31,MULT3,28.13
2026-07-31,NATU3,8.38
2026-07-31,PCAR3,2.59
2026-07-31,PETR3,49.04
2026-07-31,PETR4,43.42
2026-07-31,POMO4,5.31
2026-07-31,PRIO3,60.85
2026-07-31,PSSA3,54.7
2026-07-31,RADL3,18.48
2026-07-31,RAIL3,14.44
2026-07-31,RAIZ4,0.26
2026-07-31,RDOR3,34.64
2026-07-31,RECV3,10.67
2026-07-31,RENT3,37.61
2026-07-31,SANB11,28.62
2026-07-31,SAUD3,15.92
2026-07-31,SBSP3,27.7
2026-07-31,SLCE3,13.38
2026-07-31,SMFT3,19.7
2026-07-31,SMTO3,14.52
2026-07-31,SUZB3,43.32
2026-07-31,TAEE11,39.66
2026-07-31,TEND3,30.33
2026-07-31,TIMS3,19.43
2026-07-31,TOTS3,31.06
2026-07-31,UGPA3,33.05
2026-07-31,USIM5,7.36
2026-07-31,VALE3,76.28
2026-07-31,VAMO3,3.34
2026-07-31,VBBR3,36.05
2026-07-31,VIVA3,22.18
2026-07-31,VIVT3,32.63
2026-07-31,WEGE3,47.2
2026-07-31,YDUQ3,8.26
2026-08-03,ABEV3,15.77
2026-08-03,ALOS3,27.39
2026-08-03,AMOB3,13.3
2026-08-03,ASAI3,8.55
2026-08-03,AURE3,11.2
2026-08-03,AXIA3,53.56
2026-08-03,AZZA3,16.23
2026-08-03,B3SA3,15.62
2026-08-03,BBAS3,21.27
2026-08-03,BBDC3,16.18
2026-08-03,BBDC4,18.55
2026-08-03,BBSE3,41.36
2026-08-03,BEEF3,3.64
2026-08-03,BPAC11,57.12
2026-08-03,BRAP4,21.5
2026-08-03,BRAV3,19.86
2026-08-03,BRKM5,5.96
2026-08-03,CEAB3,9.78
2026-08-03,CMIG4,11.28
2026-08-03,CMIN3,5.73
2026-08-03,COGN3,2.33
2026-08-03,CPFE3,46.11
2026-08-03,CPLE3,14.87
2026-08-03,CSAN3,4.1
2026-08-03,CSMG3,64.25
2026-08-03,CSNA3,4.51
2026-08-03,CURY3,31.45
2026-08-03,CVCB3,1.44
2026-08-03,CXSE3,19.85
2026-08-03,CYRE3,21.5
2026-08-03,DIRR3,11.75
2026-08-03,EGIE3,30.1
2026-08-03,EMBJ3,89.6
2026-08-03,ENEV3,26.75
2026-08-03,ENGI11,50.19
2026-08-03,EQTL3,38.89
2026-08-03,FLRY3,17.27
2026-08-03,GGBR4,25.63
2026-08-03,GOAU4,11.2
2026-08-03,HAPV3,11.91
2026-08-03,HYPE3,21.52
2026-08-03,IGTI11,25.3
2026-08-03,IRBR3,55.3
2026-08-03,ISAE4,26.84
2026-08-03,ITSA4,13.88
2026-08-03,ITUB4,43.17
2026-08-03,KLBN11,18.24
2026-08-03,LREN3,13.85
2026-08-03,LWSA3,3.85
2026-08-03,MBRF3,17.7
2026-08-03,MGLU3,5.16
2026-08-03,MOTV3,14.82
2026-08-03,MRVE3,4.68
2026-08-03,MULT3,28.72
2026-08-03,NATU3,8.5
2026-08-03,PCAR3,2.75
2026-08-03,PETR3,48.62
2026-08-03,PETR4,43.05
2026-08-03,POMO4,5.37
2026-08-03,PRIO3,58.5
2026-08-03,PSSA3,54.0
2026-08-03,RADL3,18.85
2026-08-03,RAIL3,14.16
2026-08-03,RAIZ4,0.26
2026-08-03,RDOR3,34.06
2026-08-03,RECV3,10.33
2026-08-03,RENT3,38.1
2026-08-03,SANB11,28.93
2026-08-03,SAUD3,16.09
2026-08-03,SBSP3,27.57
2026-08-03,SLCE3,13.35
2026-08-03,SMFT3,19.62
2026-08-03,SMTO3,14.38
2026-08-03,SUZB3,43.1
2026-08-03,TAEE11,40.0
2026-08-03,TEND3,31.69
2026-08-03,TIMS3,19.28
2026-08-03,TOTS3,31.74
2026-08-03,UGPA3,33.1
2026-08-03,USIM5,7.56
2026-08-03,VALE3,74.64
2026-08-03,VAMO3,3.26
2026-08-03,VBBR3,36.13
2026-08-03,VIVA3,22.84
2026-08-03,VIVT3,32.3
2026-08-03,WEGE3,48.2
2026-08-03,YDUQ3,8.38
2026-08-04,ABEV3,15.87
2026-08-04,ALOS3,27.57
2026-08-04,AMOB3,13.71
2026-08-04,ASAI3,8.66
2026-08-04,AURE3,11.28
2026-08-04,AXIA3,53.71
2026-08-04,AZZA3,16.04
2026-08-04,B3SA3,15.7
2026-08-04,BBAS3,20.99
2026-08-04,BBDC3,15.95
2026-08-04,BBDC4,18.22
2026-08-04,BBSE3,42.07
2026-08-04,BEEF3,3.62
2026-08-04,BPAC11,56.75
2026-08-04,BRAP4,21.87
2026-08-04,BRAV3,18.95
2026-08-04,BRKM5,5.83
2026-08-04,CEAB3,9.72
2026-08-04,CMIG4,11.28
2026-08-04,CMIN3,5.91
2026-08-04,COGN3,2.26
2026-08-04,CPFE3,46.35
2026-08-04,CPLE3,14.93
2026-08-04,CSAN3,4.05
2026-08-04,CSMG3,63.91
2026-08-04,CSNA3,4.79
2026-08-04,CURY3,31.75
2026-08-04,CVCB3,1.38
2026-08-04,CXSE3,19.75
2026-08-04,CYRE3,21.35
2026-08-04,DIRR3,11.69
2026-08-04,EGIE3,30.13
2026-08-04,EMBJ3,90.51
2026-08-04,ENEV3,27.16
2026-08-04,ENGI11,50.33
2026-08-04,EQTL3,39.21
2026-08-04,FLRY3,17.49
2026-08-04,GGBR4,25.87
2026-08-04,GOAU4,11.41
2026-08-04,HAPV3,11.78
2026-08-04,HYPE3,21.54
2026-08-04,IGTI11,25.57
2026-08-04,IRBR3,54.39
2026-08-04,ISAE4,26.61
2026-08-04,ITSA4,13.65
2026-08-04,ITUB4,42.1
2026-08-04,KLBN11,18.25
2026-08-04,LREN3,13.67
2026-08-04,LWSA3,3.89
2026-08-04,MBRF3,16.93
2026-08-04,MGLU3,4.92
2026-08-04,MOTV3,14.96
2026-08-04,MRVE3,4.62
2026-08-04,MULT3,29.07
2026-08-04,NATU3,8.42
2026-08-04,PCAR3,2.75
2026-08-04,PETR3,48.15
2026-08-04,PETR4,42.5
2026-08-04,POMO4,4.81
2026-08-04,PRIO3,58.45
2026-08-04,PSSA3,54.25
2026-08-04,RADL3,19.41
2026-08-04,RAIL3,14.12
2026-08-04,RAIZ4,0.28
2026-08-04,RDOR3,34.4
2026-08-04,RECV3,10.25
2026-08-04,RENT3,39.09
2026-08-04,SANB11,29.1
2026-08-04,SAUD3,14.23
2026-08-04,SBSP3,28.01
2026-08-04,SLCE3,13.57
2026-08-04,SMFT3,20.04
2026-08-04,SMTO3,13.94
2026-08-04,SUZB3,43.02
2026-08-04,TAEE11,39.89
2026-08-04,TEND3,31.86
2026-08-04,TIMS3,18.83
2026-08-04,TOTS3,31.79
2026-08-04,UGPA3,32.6
2026-08-04,USIM5,7.52
2026-08-04,VALE3,76.31
2026-08-04,VAMO3,3.33
2026-08-04,VBBR3,35.44
2026-08-04,VIVA3,22.6
2026-08-04,VIVT3,31.65
2026-08-04,WEGE3,49.17
2026-08-04,YDUQ3,8.29
2026-08-05,ABEV3,15.84
2026-08-05,ALOS3,27.49
2026-08-05,AMOB3,13.66
2026-08-05,ASAI3,8.83
2026-08-05,AURE3,11.16
2026-08-05,AXIA3,53.71
2026-08-05,AZZA3,15.96
2026-08-05,B3SA3,15.55
2026-08-05,BBAS3,21.05
2026-08-05,BBDC3,15.75
2026-08-05,BBDC4,18.05
2026-08-05,BBSE3,41.67
2026-08-05,BEEF3,3.61
2026-08-05,BPAC11,56.81
2026-08-05,BRAP4,22.0
2026-08-05,BRAV3,19.45
2026-08-05,BRKM5,5.87
2026-08-05,CEAB3,9.34
2026-08-05,CMIG4,11.25
2026-08-05,CMIN3,5.9
2026-08-05,COGN3,2.22
2026-08-05,CPFE3,46.09
2026-08-05,CPLE3,14.86
2026-08-05,CSAN3,3.91
2026-08-05,CSMG3,63.71
2026-08-05,CSNA3,4.89
2026-08-05,CURY3,32.03
2026-08-05,CVCB3,1.55
2026-08-05,CXSE3,19.45
2026-08-05,CYRE3,21.62
2026-08-05,DIRR3,11.81
2026-08-05,EGIE3,29.83
2026-08-05,EMBJ3,93.01
2026-08-05,ENEV3,26.98
2026-08-05,ENGI11,50.24
2026-08-05,EQTL3,39.18
2026-08-05,FLRY3,17.36
2026-08-05,GGBR4,26.31
2026-08-05,GOAU4,11.53
2026-08-05,HAPV3,11.11
2026-08-05,HYPE3,21.46
2026-08-05,IGTI11,24.99
2026-08-05,IRBR3,54.2
2026-08-05,ISAE4,26.71
2026-08-05,ITSA4,13.73
2026-08-05,ITUB4,42.38
2026-08-05,KLBN11,18.64
2026-08-05,LREN3,13.67
2026-08-05,LWSA3,3.92
2026-08-05,MBRF3,16.77
2026-08-05,MGLU3,4.79
2026-08-05,MOTV3,14.97
2026-08-05,MRVE3,4.71
2026-08-05,MULT3,28.7
2026-08-05,NATU3,8.3
2026-08-05,PCAR3,2.94
2026-08-05,PETR3,47.15
2026-08-05,PETR4,41.93
2026-08-05,POMO4,4.66
2026-08-05,PRIO3,59.2
2026-08-05,PSSA3,53.48
2026-08-05,RADL3,20.55
2026-08-05,RAIL3,13.99
2026-08-05,RAIZ4,0.26
2026-08-05,RDOR3,34.45
2026-08-05,RECV3,10.11
2026-08-05,RENT3,39.2
2026-08-05,SANB11,29.48
2026-08-05,SAUD3,14.47
2026-08-05,SBSP3,27.71
2026-08-05,SLCE3,13.51
2026-08-05,SMFT3,19.94
2026-08-05,SMTO3,14.3
2026-08-05,SUZB3,42.84
2026-08-05,TAEE11,40.06
2026-08-05,TEND3,33.45
2026-08-05,TIMS3,18.7
2026-08-05,TOTS3,32.51
2026-08-05,UGPA3,32.41
2026-08-05,USIM5,7.46
2026-08-05,VALE3,76.66
2026-08-05,VAMO3,3.32
2026-08-05,VBBR3,35.09
2026-08-05,VIVA3,22.29
2026-08-05,VIVT3,31.21
2026-08-05,WEGE3,48.8
2026-08-05,YDUQ3,8.29
2026-08-06,ABEV3,15.66
2026-08-06,ALOS3,27.0
2026-08-06,AMOB3,13.81
2026-08-06,ASAI3,8.49
2026-08-06,AURE3,10.98
2026-08-06,AXIA3,53.17
2026-08-06,AZZA3,16.19
2026-08-06,B3SA3,15.36
2026-08-06,BBAS3,20.28
2026-08-06,BBDC3,15.45
2026-08-06,BBDC4,17.7
2026-08-06,BBSE3,40.96
2026-08-06,BEEF3,3.5
2026-08-06,BPAC11,56.2
2026-08-06,BRAP4,21.66
2026-08-06,BRAV3,18.52
2026-08-06,BRKM5,6.05
2026-08-06,CEAB3,9.44
2026-08-06,CMIG4,11.11
2026-08-06,CMIN3,5.75
2026-08-06,COGN3,2.2
2026-08-06,CPFE3,45.85
2026-08-06,CPLE3,14.9
2026-08-06,CSAN3,3.79
2026-08-06,CSMG3,63.35
2026-08-06,CSNA3,4.74
2026-08-06,CURY3,31.53
2026-08-06,CVCB3,1.51
2026-08-06,CXSE3,19.62
2026-08-06,CYRE3,21.83
2026-08-06,DIRR3,11.75
2026-08-06,EGIE3,29.91
2026-08-06,EMBJ3,91.65
2026-08-06,ENEV3,26.6
2026-08-06,ENGI11,49.46
2026-08-06,EQTL3,38.43
2026-08-06,FLRY3,17.27
2026-08-06,GGBR4,25.65
2026-08-06,GOAU4,11.2
2026-08-06,HAPV3,11.13
2026-08-06,HYPE3,21.33
2026-08-06,IGTI11,24.27
2026-08-06,IRBR3,52.74
2026-08-06,ISAE4,26.65
2026-08-06,ITSA4,13.51
2026-08-06,ITUB4,41.83
2026-08-06,KLBN11,18.02
2026-08-06,LREN3,13.48
2026-08-06,LWSA3,3.9
2026-08-06,MBRF3,16.46
2026-08-06,MGLU3,4.57
2026-08-06,MOTV3,14.64
2026-08-06,MRVE3,4.57
2026-08-06,MULT3,27.88
2026-08-06,NATU3,8.18
2026-08-06,PCAR3,2.9
2026-08-06,PETR3,47.31
2026-08-06,PETR4,42.13
2026-08-06,POMO4,4.55
2026-08-06,PRIO3,58.61
2026-08-06,PSSA3,52.65
2026-08-06,RADL3,20.12
2026-08-06,RAIL3,13.71
2026-08-06,RAIZ4,0.26
2026-08-06,RDOR3,34.06
2026-08-06,RECV3,10.07
2026-08-06,RENT3,38.16
2026-08-06,SANB11,29.27
2026-08-06,SAUD3,14.18
2026-08-06,SBSP3,27.39
2026-08-06,SLCE3,13.21
2026-08-06,SMFT3,18.38
2026-08-06,SMTO3,14.69
2026-08-06,SUZB3,41.97
2026-08-06,TAEE11,39.54
2026-08-06,TEND3,33.1
2026-08-06,TIMS3,18.9
2026-08-06,TOTS3,32.21
2026-08-06,UGPA3,32.75
2026-08-06,USIM5,7.19
2026-08-06,VALE3,75.39
2026-08-06,VAMO3,3.11
2026-08-06,VBBR3,35.05
2026-08-06,VIVA3,21.81
2026-08-06,VIVT3,30.89
2026-08-06,WEGE3,48.4
2026-08-06,YDUQ3,8.24
2026-08-07,ABEV3,15.48
2026-08-07,ALOS3,26.94
2026-08-07,AMOB3,13.89
2026-08-07,ASAI3,8.24
2026-08-07,AURE3,10.81
2026-08-07,AXIA3,53.05
2026-08-07,AZZA3,17.01
2026-08-07,B3SA3,14.95
2026-08-07,BBAS3,20.06
2026-08-07,BBDC3,15.15
2026-08-07,BBDC4,17.31
2026-08-07,BBSE3,38.38
2026-08-07,BEEF3,3.44
2026-08-07,BPAC11,53.91
2026-08-07,BRAP4,21.35
2026-08-07,BRAV3,18.27
2026-08-07,BRKM5,5.94
2026-08-07,CEAB3,9.18
2026-08-07,CMIG4,10.92
2026-08-07,CMIN3,5.45
2026-08-07,COGN3,2.22
2026-08-07,CPFE3,44.8
2026-08-07,CPLE3,14.67
2026-08-07,CSAN3,3.67
2026-08-07,CSMG3,61.94
2026-08-07,CSNA3,4.57
2026-08-07,CURY3,31.36
2026-08-07,CVCB3,1.52
2026-08-07,CXSE3,19.32
2026-08-07,CYRE3,21.67
2026-08-07,DIRR3,11.58
2026-08-07,EGIE3,29.73
2026-08-07,EMBJ3,92.52
2026-08-07,ENEV3,26.18
2026-08-07,ENGI11,46.88
2026-08-07,EQTL3,37.28
2026-08-07,FLRY3,18.95
2026-08-07,GGBR4,25.05
2026-08-07,GOAU4,11.01
2026-08-07,HAPV3,10.77
2026-08-07,HYPE3,21.6
2026-08-07,IGTI11,24.33
2026-08-07,IRBR3,52.14
2026-08-07,ISAE4,26.27
2026-08-07,ITSA4,13.21
2026-08-07,ITUB4,40.75
2026-08-07,KLBN11,18.01
2026-08-07,LREN3,12.39
2026-08-07,LWSA3,3.88
2026-08-07,MBRF3,16.07
2026-08-07,MGLU3,4.4
2026-08-07,MOTV3,14.49
2026-08-07,MRVE3,4.46
2026-08-07,MULT3,27.79
2026-08-07,NATU3,8.28
2026-08-07,PCAR3,2.92
2026-08-07,PETR3,45.69
2026-08-07,PETR4,40.87
2026-08-07,POMO4,4.52
2026-08-07,PRIO3,57.45
2026-08-07,PSSA3,50.42
2026-08-07,RADL3,20.22
2026-08-07,RAIL3,13.59
2026-08-07,RAIZ4,0.26
2026-08-07,RDOR3,33.92
2026-08-07,RECV3,10.23
2026-08-07,RENT3,37.82
2026-08-07,SANB11,29.27
2026-08-07,SAUD3,14.19
2026-08-07,SBSP3,26.89
2026-08-07,SLCE3,13.22
2026-08-07,SMFT3,18.15
2026-08-07,SMTO3,14.77
2026-08-07,SUZB3,41.7
2026-08-07,TAEE11,39.25
2026-08-07,TEND3,33.63
2026-08-07,TIMS3,18.76
2026-08-07,TOTS3,32.21
2026-08-07,UGPA3,31.28
2026-08-07,USIM5,7.15
2026-08-07,VALE3,74.97
2026-08-07,VAMO3,3.08
2026-08-07,VBBR3,34.23
2026-08-07,VIVA3,21.63
2026-08-07,VIVT3,30.58
2026-08-07,WEGE3,48.12
2026-08-07,YDUQ3,7.96
2026-08-10,ABEV3,15.27
2026-08-10,ALOS3,27.06
2026-08-10,AMOB3,13.5
2026-08-10,ASAI3,8.06
2026-08-10,AURE3,10.7
2026-08-10,AXIA3,51.85
2026-08-10,AZZA3,16.75
2026-08-10,B3SA3,14.67
2026-08-10,BBAS3,20.03
2026-08-10,BBDC3,15.07
2026-08-10,BBDC4,17.18
2026-08-10,BBSE3,38.23
2026-08-10,BEEF3,3.3
2026-08-10,BPAC11,53.86
2026-08-10,BRAP4,21.65
2026-08-10,BRAV3,18.5
2026-08-10,BRKM5,5.75
2026-08-10,CEAB3,8.91
2026-08-10,CMIG4,10.68
2026-08-10,CMIN3,5.46
2026-08-10,COGN3,2.13
2026-08-10,CPFE3,44.4
2026-08-10,CPLE3,14.3
2026-08-10,CSAN3,3.45
2026-08-10,CSMG3,60.57
2026-08-10,CSNA3,4.46
2026-08-10,CURY3,31.69
2026-08-10,CVCB3,1.42
2026-08-10,CXSE3,18.93
2026-08-10,CYRE3,21.46
2026-08-10,DIRR3,11.32
2026-08-10,EGIE3,29.25
2026-08-10,EMBJ3,94.66
2026-08-10,ENEV3,25.32
2026-08-10,ENGI11,46.32
2026-08-10,EQTL3,36.77
2026-08-10,FLRY3,18.82
2026-08-10,GGBR4,25.25
2026-08-10,GOAU4,11.15
2026-08-10,HAPV3,10.3
2026-08-10,HYPE3,21.65
2026-08-10,IGTI11,24.65
2026-08-10,IRBR3,51.1
2026-08-10,ISAE4,25.87
2026-08-10,ITSA4,13.12
2026-08-10,ITUB4,40.42
2026-08-10,KLBN11,17.86
2026-08-10,LREN3,12.12
2026-08-10,LWSA3,3.88
2026-08-10,MBRF3,15.94
2026-08-10,MGLU3,4.32
2026-08-10,MOTV3,14.37
2026-08-10,MRVE3,4.38
2026-08-10,MULT3,28.03
2026-08-10,NATU3,8.08
2026-08-10,PCAR3,2.84
2026-08-10,PETR3,47.21
2026-08-10,PETR4,42.23
2026-08-10,POMO4,4.41
2026-08-10,PRIO3,61.24
2026-08-10,PSSA3,49.7
2026-08-10,RADL3,19.38
2026-08-10,RAIL3,13.22
2026-08-10,RAIZ4,0.25
2026-08-10,RDOR3,33.97
2026-08-10,RECV3,10.74
2026-08-10,RENT3,36.3
2026-08-10,SANB11,29.25
2026-08-10,SAUD3,13.95
2026-08-10,SBSP3,26.55
2026-08-10,SLCE3,13.37
2026-08-10,SMFT3,17.92
2026-08-10,SMTO3,14.95
2026-08-10,SUZB3,41.29
2026-08-10,TAEE11,38.5
2026-08-10,TEND3,32.84
2026-08-10,TIMS3,18.8
2026-08-10,TOTS3,31.84
2026-08-10,UGPA3,31.0
2026-08-10,USIM5,7.16
2026-08-10,VALE3,75.93
2026-08-10,VAMO3,2.91
2026-08-10,VBBR3,33.44
2026-08-10,VIVA3,21.64
2026-08-10,VIVT3,30.55
2026-08-10,WEGE3,47.63
2026-08-10,YDUQ3,7.54
2026-08-11,ABEV3,15.01
2026-08-11,ALOS3,26.05
2026-08-11,AMOB3,13.25
2026-08-11,ASAI3,8.08
2026-08-11,AURE3,10.54
2026-08-11,AXIA3,49.43
2026-08-11,AZZA3,16.32
2026-08-11,B3SA3,14.29
2026-08-11,BBAS3,19.28
2026-08-11,BBDC3,14.72
2026-08-11,BBDC4,16.79
2026-08-11,BBSE3,37.26
2026-08-11,BEEF3,3.27
2026-08-11,BPAC11,50.13
2026-08-11,BRAP4,21.05
2026-08-11,BRAV3,18.65
2026-08-11,BRKM5,5.64
2026-08-11,CEAB3,8.67
2026-08-11,CMIG4,10.4
2026-08-11,CMIN3,5.57
2026-08-11,COGN3,2.03
2026-08-11,CPFE3,43.65
2026-08-11,CPLE3,13.94
2026-08-11,CSAN3,3.28
2026-08-11,CSMG3,57.9
2026-08-11,CSNA3,4.28
2026-08-11,CURY3,31.5
2026-08-11,CVCB3,1.37
2026-08-11,CXSE3,18.45
2026-08-11,CYRE3,20.54
2026-08-11,DIRR3,11.01
2026-08-11,EGIE3,29.09
2026-08-11,EMBJ3,92.48
2026-08-11,ENEV3,24.55
2026-08-11,ENGI11,45.64
2026-08-11,EQTL3,35.81
2026-08-11,FLRY3,18.59
2026-08-11,GGBR4,24.16
2026-08-11,GOAU4,10.68
2026-08-11,HAPV3,9.79
2026-08-11,HYPE3,21.16
2026-08-11,IGTI11,23.6
2026-08-11,IRBR3,49.05
2026-08-11,ISAE4,25.37
2026-08-11,ITSA4,12.63
2026-08-11,ITUB4,39.0
2026-08-11,KLBN11,17.55
2026-08-11,LREN3,12.03
2026-08-11,LWSA3,3.6
2026-08-11,MBRF3,16.16
2026-08-11,MGLU3,4.26
2026-08-11,MOTV3,14.03
2026-08-11,MRVE3,4.28
2026-08-11,MULT3,27.13
2026-08-11,NATU3,8.2
2026-08-11,PCAR3,2.76
2026-08-11,PETR3,46.53
2026-08-11,PETR4,41.66
2026-08-11,POMO4,4.32
2026-08-11,PRIO3,59.25
2026-08-11,PSSA3,48.39
2026-08-11,RADL3,18.28
2026-08-11,RAIL3,12.96
2026-08-11,RAIZ4,0.25
2026-08-11,RDOR3,33.17
2026-08-11,RECV3,10.4
2026-08-11,RENT3,34.71
2026-08-11,SANB11,29.52
2026-08-11,SAUD3,13.7
2026-08-11,SBSP3,25.99
2026-08-11,SLCE3,13.3
2026-08-11,SMFT3,17.54
2026-08-11,SMTO3,15.01
2026-08-11,SUZB3,40.38
2026-08-11,TAEE11,38.3
2026-08-11,TEND3,32.4
2026-08-11,TIMS3,18.73
2026-08-11,TOTS3,30.59
2026-08-11,UGPA3,30.99
2026-08-11,USIM5,6.62
2026-08-11,VALE3,74.4
2026-08-11,VAMO3,2.8
2026-08-11,VBBR3,33.23
2026-08-11,VIVA3,20.89
2026-08-11,VIVT3,30.14
2026-08-11,WEGE3,47.36
2026-08-11,YDUQ3,7.52
2026-08-12,ABEV3,14.85
2026-08-12,ALOS3,26.22
2026-08-12,AMOB3,12.98
2026-08-12,ASAI3,8.0
2026-08-12,AURE3,10.38
2026-08-12,AXIA3,50.03
2026-08-12,AZZA3,15.88
2026-08-12,B3SA3,14.24
2026-08-12,BBAS3,19.0
2026-08-12,BBDC3,14.7
2026-08-12,BBDC4,16.74
2026-08-12,BBSE3,37.56
2026-08-12,BEEF3,3.29
2026-08-12,BPAC11,49.6
2026-08-12,BRAP4,21.1
2026-08-12,BRAV3,18.7
2026-08-12,BRKM5,5.2
2026-08-12,CEAB3,8.38
2026-08-12,CMIG4,10.33
2026-08-12,CMIN3,5.79
2026-08-12,COGN3,2.03
2026-08-12,CPFE3,43.11
2026-08-12,CPLE3,13.8
2026-08-12,CSAN3,3.21
2026-08-12,CSMG3,58.43
2026-08-12,CSNA3,4.32
2026-08-12,CURY3,30.87
2026-08-12,CVCB3,1.35
2026-08-12,CXSE3,18.48
2026-08-12,CYRE3,20.5
2026-08-12,DIRR3,10.49
2026-08-12,EGIE3,28.43
2026-08-12,EMBJ3,96.18
2026-08-12,ENEV3,24.11
2026-08-12,ENGI11,44.49
2026-08-12,EQTL3,35.5
2026-08-12,FLRY3,18.25
2026-08-12,GGBR4,24.88
2026-08-12,GOAU4,10.98
2026-08-12,HAPV3,9.58
2026-08-12,HYPE3,21.57
2026-08-12,IGTI11,24.18
2026-08-12,IRBR3,49.13
2026-08-12,ISAE4,25.56
2026-08-12,ITSA4,12.45
2026-08-12,ITUB4,38.43
2026-08-12,KLBN11,17.62
2026-08-12,LREN3,11.74
2026-08-12,LWSA3,3.55
2026-08-12,MBRF3,16.58
2026-08-12,MGLU3,4.24
2026-08-12,MOTV3,13.98
2026-08-12,MRVE3,4.2
2026-08-12,MULT3,27.26
2026-08-12,NATU3,8.16
2026-08-12,PCAR3,2.76
2026-08-12,PETR3,46.32
2026-08-12,PETR4,41.45
2026-08-12,POMO4,4.29
2026-08-12,PRIO3,59.14
2026-08-12,PSSA3,48.05
2026-08-12,RADL3,18.0
2026-08-12,RAIL3,12.96
2026-08-12,RAIZ4,0.25
2026-08-12,RDOR3,32.49
2026-08-12,RECV3,10.62
2026-08-12,RENT3,34.1
2026-08-12,SANB11,29.62
2026-08-12,SAUD3,13.88
2026-08-12,SBSP3,26.12
2026-08-12,SLCE3,13.23
2026-08-12,SMFT3,17.25
2026-08-12,SMTO3,14.78
2026-08-12,SUZB3,41.45
2026-08-12,TAEE11,37.7
2026-08-12,TEND3,33.43
2026-08-12,TIMS3,18.75
2026-08-12,TOTS3,29.32
2026-08-12,UGPA3,30.49
2026-08-12,USIM5,6.54
2026-08-12,VALE3,73.18
2026-08-12,VAMO3,2.78
2026-08-12,VBBR3,33.04
2026-08-12,VIVA3,20.94
2026-08-12,VIVT3,29.93
2026-08-12,WEGE3,47.64
2026-08-12,YDUQ3,7.44
2026-08-13,ABEV3,14.92
2026-08-13,ALOS3,26.07
2026-08-13,AMOB3,12.34
2026-08-13,ASAI3,7.96
2026-08-13,AURE3,10.29
2026-08-13,AXIA3,49.69
2026-08-13,AZZA3,15.26
2026-08-13,B3SA3,14.8
2026-08-13,BBAS3,18.21
2026-08-13,BBDC3,14.59
2026-08-13,BBDC4,16.66
2026-08-13,BBSE3,37.19
2026-08-13,BEEF3,3.04
2026-08-13,BPAC11,50.24
2026-08-13,BRAP4,20.42
2026-08-13,BRAV3,18.35
2026-08-13,BRKM5,5.34
2026-08-13,CEAB3,8.16
2026-08-13,CMIG4,10.3
2026-08-13,CMIN3,5.49
2026-08-13,COGN3,2.19
2026-08-13,CPFE3,43.23
2026-08-13,CPLE3,13.8
2026-08-13,CSAN3,3.32
2026-08-13,CSMG3,56.2
2026-08-13,CSNA3,4.56
2026-08-13,CURY3,32.4
2026-08-13,CVCB3,1.28
2026-08-13,CXSE3,18.11
2026-08-13,CYRE3,21.0
2026-08-13,DIRR3,10.59
2026-08-13,EGIE3,28.29
2026-08-13,EMBJ3,96.67
2026-08-13,ENEV3,24.34
2026-08-13,ENGI11,43.95
2026-08-13,EQTL3,34.82
2026-08-13,FLRY3,18.32
2026-08-13,GGBR4,24.79
2026-08-13,GOAU4,10.98
2026-08-13,HAPV3,6.41
2026-08-13,HYPE3,21.84
2026-08-13,IGTI11,23.92
2026-08-13,IRBR3,49.47
2026-08-13,ISAE4,25.83
2026-08-13,ITSA4,12.44
2026-08-13,ITUB4,38.31
2026-08-13,KLBN11,17.51
2026-08-13,LREN3,11.51
2026-08-13,LWSA3,3.74
2026-08-13,MBRF3,16.35
2026-08-13,MGLU3,3.98
2026-08-13,MOTV3,14.06
2026-08-13,MRVE3,4.8
2026-08-13,MULT3,27.37
2026-08-13,NATU3,7.96
2026-08-13,PCAR3,2.75
2026-08-13,PETR3,46.73
2026-08-13,PETR4,41.9
2026-08-13,POMO4,4.28
2026-08-13,PRIO3,59.07
2026-08-13,PSSA3,46.75
2026-08-13,RADL3,18.3
2026-08-13,RAIL3,13.55
2026-08-13,RAIZ4,0.25
2026-08-13,RDOR3,34.54
2026-08-13,RECV3,10.65
2026-08-13,RENT3,34.06
2026-08-13,SANB11,29.83
2026-08-13,SAUD3,13.72
2026-08-13,SBSP3,24.28
2026-08-13,SLCE3,13.33
2026-08-13,SMFT3,17.12
2026-08-13,SMTO3,14.8
2026-08-13,SUZB3,41.5
2026-08-13,TAEE11,38.21
2026-08-13,TEND3,34.1
2026-08-13,TIMS3,17.95
2026-08-13,TOTS3,29.53
2026-08-13,UGPA3,32.04
2026-08-13,USIM5,6.47
2026-08-13,VALE3,71.9
2026-08-13,VAMO3,2.81
2026-08-13,VBBR3,33.71
2026-08-13,VIVA3,21.22
2026-08-13,VIVT3,29.4
2026-08-13,WEGE3,47.5
2026-08-13,YDUQ3,7.72
2026-08-14,ABEV3,14.75
2026-08-14,ALOS3,25.69
2026-08-14,AMOB3,11.92
2026-08-14,ASAI3,8.1
2026-08-14,AURE3,10.05
2026-08-14,AXIA3,49.83
2026-08-14,AZZA3,14.87
2026-08-14,B3SA3,14.67
2026-08-14,BBAS3,18.38
2026-08-14,BBDC3,14.51
2026-08-14,BBDC4,16.54
2026-08-14,BBSE3,36.95
2026-08-14,BEEF3,3.2
2026-08-14,BPAC11,51.0
2026-08-14,BRAP4,20.26
2026-08-14,BRAV3,18.38
2026-08-14,BRKM5,4.93
2026-08-14,CEAB3,8.0
2026-08-14,CMIG4,10.23
2026-08-14,CMIN3,5.54
2026-08-14,COGN3,2.11
2026-08-14,CPFE3,41.29
2026-08-14,CPLE3,13.69
2026-08-14,CSAN3,3.31
2026-08-14,CSMG3,55.81
2026-08-14,CSNA3,4.49
2026-08-14,CURY3,31.75
2026-08-14,CVCB3,1.34
2026-08-14,CXSE3,17.91
2026-08-14,CYRE3,21.33
2026-08-14,DIRR3,10.45
2026-08-14,EGIE3,28.03
2026-08-14,EMBJ3,99.02
2026-08-14,ENEV3,24.45
2026-08-14,ENGI11,43.8
2026-08-14,EQTL3,34.9
2026-08-14,FLRY3,18.23
2026-08-14,GGBR4,24.65
2026-08-14,GOAU4,10.99
2026-08-14,HAPV3,6.73
2026-08-14,HYPE3,21.51
2026-08-14,IGTI11,23.73
2026-08-14,IRBR3,52.33
2026-08-14,ISAE4,25.55
2026-08-14,ITSA4,12.49
2026-08-14,ITUB4,39.0
2026-08-14,KLBN11,17.55
2026-08-14,LREN3,11.21
2026-08-14,LWSA3,4.03
2026-08-14,MBRF3,16.36
2026-08-14,MGLU3,3.91
2026-08-14,MOTV3,13.8
2026-08-14,MRVE3,4.76
2026-08-14,MULT3,26.73
2026-08-14,NATU3,7.69
2026-08-14,PCAR3,2.76
2026-08-14,PETR3,46.83
2026-08-14,PETR4,42.09
2026-08-14,POMO4,4.11
2026-08-14,PRIO3,58.63
2026-08-14,PSSA3,46.58
2026-08-14,RADL3,17.53
2026-08-14,RAIL3,13.67
2026-08-14,RAIZ4,0.24
2026-08-14,RDOR3,33.66
2026-08-14,RECV3,10.51
2026-08-14,RENT3,33.51
2026-08-14,SANB11,29.93
2026-08-14,SAUD3,13.77
2026-08-14,SBSP3,23.79
2026-08-14,SLCE3,13.36
2026-08-14,SMFT3,17.12
2026-08-14,SMTO3,14.61
2026-08-14,SUZB3,42.03
2026-08-14,TAEE11,37.94
2026-08-14,TEND3,33.67
2026-08-14,TIMS3,18.12
2026-08-14,TOTS3,30.2
2026-08-14,UGPA3,32.27
2026-08-14,USIM5,6.32
2026-08-14,VALE3,71.3
2026-08-14,VAMO3,2.8
2026-08-14,VBBR3,33.6
2026-08-14,VIVA3,20.87
2026-08-14,VIVT3,29.74
2026-08-14,WEGE3,47.5
2026-08-14,YDUQ3,7.32
2026-08-17,ABEV3,14.67
2026-08-17,ALOS3,25.44
2026-08-17,AMOB3,11.75
2026-08-17,ASAI3,8.14
2026-08-17,AURE3,10.1
2026-08-17,AXIA3,50.18
2026-08-17,AZZA3,14.97
2026-08-17,B3SA3,14.41
2026-08-17,BBAS3,17.95
2026-08-17,BBDC3,14.27
2026-08-17,BBDC4,16.22
2026-08-17,BBSE3,37.3
2026-08-17,BEEF3,3.39
2026-08-17,BPAC11,50.0
2026-08-17,BRAP4,20.19
2026-08-17,BRAV3,18.65
2026-08-17,BRKM5,5.2
2026-08-17,CEAB3,7.84
2026-08-17,CMIG4,10.21
2026-08-17,CMIN3,5.78
2026-08-17,COGN3,2.13
2026-08-17,CPFE3,40.99
2026-08-17,CPLE3,13.79
2026-08-17,CSAN3,3.22
2026-08-17,CSMG3,54.78
2026-08-17,CSNA3,4.57
2026-08-17,CURY3,32.32
2026-08-17,CVCB3,1.38
2026-08-17,CXSE3,17.93
2026-08-17,CYRE3,21.47
2026-08-17,DIRR3,10.68
2026-08-17,EGIE3,28.05
2026-08-17,EMBJ3,100.44
2026-08-17,ENEV3,24.53
2026-08-17,ENGI11,43.69
2026-08-17,EQTL3,34.23
2026-08-17,FLRY3,18.14
2026-08-17,GGBR4,24.78
2026-08-17,GOAU4,11.07
2026-08-17,HAPV3,6.58
2026-08-17,HYPE3,20.98
2026-08-17,IGTI11,23.42
2026-08-17,IRBR3,50.35
2026-08-17,ISAE4,25.6
2026-08-17,ITSA4,12.36
2026-08-17,ITUB4,38.38
2026-08-17,KLBN11,17.4
2026-08-17,LREN3,11.02
2026-08-17,LWSA3,3.86
2026-08-17,MBRF3,16.1
2026-08-17,MGLU3,4.23
2026-08-17,MOTV3,13.74
2026-08-17,MRVE3,4.86
2026-08-17,MULT3,26.73
2026-08-17,NATU3,7.66
2026-08-17,PCAR3,2.74
2026-08-17,PETR3,47.46
2026-08-17,PETR4,42.47
2026-08-17,POMO4,4.1
2026-08-17,PRIO3,61.58
2026-08-17,PSSA3,47.52
2026-08-17,RADL3,17.27
2026-08-17,RAIL3,13.63
2026-08-17,RAIZ4,0.23
2026-08-17,RDOR3,33.09
2026-08-17,RECV3,10.73
2026-08-17,RENT3,33.43
2026-08-17,SANB11,29.6
2026-08-17,SAUD3,13.73
2026-08-17,SBSP3,23.8
2026-08-17,SLCE3,13.74
2026-08-17,SMFT3,17.16
2026-08-17,SMTO3,15.11
2026-08-17,SUZB3,40.58
2026-08-17,TAEE11,37.25
2026-08-17,TEND3,33.54
2026-08-17,TIMS3,18.15
2026-08-17,TOTS3,30.57
2026-08-17,UGPA3,33.82
2026-08-17,USIM5,6.36
2026-08-17,VALE3,71.41
2026-08-17,VAMO3,2.8
2026-08-17,VBBR3,33.65
2026-08-17,VIVA3,20.69
2026-08-17,VIVT3,29.74
2026-08-17,WEGE3,47.99
2026-08-17,YDUQ3,7.32
2026-08-18,ABEV3,14.73
2026-08-18,ALOS3,25.37
2026-08-18,AMOB3,11.48
2026-08-18,ASAI3,7.9
2026-08-18,AURE3,10.05
2026-08-18,AXIA3,49.9
2026-08-18,AZZA3,15.34
2026-08-18,B3SA3,14.3
2026-08-18,BBAS3,17.8
2026-08-18,BBDC3,14.15
2026-08-18,BBDC4,16.12
2026-08-18,BBSE3,37.13
2026-08-18,BEEF3,3.35
2026-08-18,BPAC11,50.22
2026-08-18,BRAP4,20.25
2026-08-18,BRAV3,18.74
2026-08-18,BRKM5,5.04
2026-08-18,CEAB3,7.38
2026-08-18,CMIG4,10.17
2026-08-18,CMIN3,5.78
2026-08-18,COGN3,2.08
2026-08-18,CPFE3,41.18
2026-08-18,CPLE3,13.72
2026-08-18,CSAN3,3.13
2026-08-18,CSMG3,53.85
2026-08-18,CSNA3,4.54
2026-08-18,CURY3,31.05
2026-08-18,CVCB3,1.43
2026-08-18,CXSE3,17.95
2026-08-18,CYRE3,21.05
2026-08-18,DIRR3,10.3
2026-08-18,EGIE3,27.81
2026-08-18,EMBJ3,101.29
2026-08-18,ENEV3,24.65
2026-08-18,ENGI11,43.67
2026-08-18,EQTL3,34.5
2026-08-18,FLRY3,18.05
2026-08-18,GGBR4,24.2
2026-08-18,GOAU4,10.87
2026-08-18,HAPV3,6.78
2026-08-18,HYPE3,20.72
2026-08-18,IGTI11,23.26
2026-08-18,IRBR3,50.16
2026-08-18,ISAE4,25.33
2026-08-18,ITSA4,12.34
2026-08-18,ITUB4,38.19
2026-08-18,KLBN11,17.46
2026-08-18,LREN3,10.64
2026-08-18,LWSA3,3.87
2026-08-18,MBRF3,16.08
2026-08-18,MGLU3,4.28
2026-08-18,MOTV3,13.69
2026-08-18,MRVE3,4.76
2026-08-18,MULT3,26.38
2026-08-18,NATU3,7.49
2026-08-18,PCAR3,2.64
2026-08-18,PETR3,47.53
2026-08-18,PETR4,42.6
2026-08-18,POMO4,4.05
2026-08-18,PRIO3,61.5
2026-08-18,PSSA3,47.8
2026-08-18,RADL3,17.11
2026-08-18,RAIL3,13.26
2026-08-18,RAIZ4,0.22
2026-08-18,RDOR3,32.81
2026-08-18,RECV3,10.17
2026-08-18,RENT3,32.47
2026-08-18,SANB11,29.25
2026-08-18,SAUD3,13.82
2026-08-18,SBSP3,23.65
2026-08-18,SLCE3,13.74
2026-08-18,SMFT3,16.61
2026-08-18,SMTO3,15.9
2026-08-18,SUZB3,41.16
2026-08-18,TAEE11,36.91
2026-08-18,TEND3,32.28
2026-08-18,TIMS3,17.94
2026-08-18,TOTS3,31.18
2026-08-18,UGPA3,33.27
2026-08-18,USIM5,6.24
2026-08-18,VALE3,71.55
2026-08-18,VAMO3,2.73
2026-08-18,VBBR3,34.2
2026-08-18,VIVA3,20.59
2026-08-18,VIVT3,29.45
2026-08-18,WEGE3,48.47
2026-08-18,YDUQ3,7.33
2026-08-19,ABEV3,14.78
2026-08-19,ALOS3,25.67
2026-08-19,AMOB3,11.36
2026-08-19,ASAI3,8.08
2026-08-19,AURE3,10.1
2026-08-19,AXIA3,50.8
2026-08-19,AZZA3,15.38
2026-08-19,B3SA3,14.42
2026-08-19,BBAS3,18.08
2026-08-19,BBDC3,14.14
2026-08-19,BBDC4,16.02
2026-08-19,BBSE3,36.66
2026-08-19,BEEF3,3.57
2026-08-19,BPAC11,50.51
2026-08-19,BRAP4,20.21
2026-08-19,BRAV3,18.6
2026-08-19,BRKM5,5.11
2026-08-19,CEAB3,7.44
2026-08-19,CMIG4,10.17
2026-08-19,CMIN3,5.91
2026-08-19,COGN3,2.06
2026-08-19,CPFE3,42.29
2026-08-19,CPLE3,13.82
2026-08-19,CSAN3,3.39
2026-08-19,CSMG3,54.74
2026-08-19,CSNA3,4.43
2026-08-19,CURY3,31.45
2026-08-19,CVCB3,1.49
2026-08-19,CXSE3,18.05
2026-08-19,CYRE3,21.7
2026-08-19,DIRR3,10.51
2026-08-19,EGIE3,27.69
2026-08-19,EMBJ3,101.09
2026-08-19,ENEV3,25.1
2026-08-19,ENGI11,44.29
2026-08-19,EQTL3,34.83
2026-08-19,FLRY3,18.28
2026-08-19,GGBR4,22.94
2026-08-19,GOAU4,10.37
2026-08-19,HAPV3,6.56
2026-08-19,HYPE3,20.79
2026-08-19,IGTI11,23.05
2026-08-19,IRBR3,49.74
2026-08-19,ISAE4,25.53
2026-08-19,ITSA4,12.38
2026-08-19,ITUB4,38.37
2026-08-19,KLBN11,17.76
2026-08-19,LREN3,10.73
2026-08-19,LWSA3,3.85
2026-08-19,MBRF3,17.31
2026-08-19,MGLU3,4.05
2026-08-19,MOTV3,13.96
2026-08-19,MRVE3,4.88
2026-08-19,MULT3,26.49
2026-08-19,NATU3,7.61
2026-08-19,PCAR3,2.69
2026-08-19,PETR3,48.14
2026-08-19,PETR4,43.11
2026-08-19,POMO4,4.18
2026-08-19,PRIO3,61.53
2026-08-19,PSSA3,46.5
2026-08-19,RADL3,17.72
2026-08-19,RAIL3,13.75
2026-08-19,RAIZ4,0.22
2026-08-19,RDOR3,33.65
2026-08-19,RECV3,10.42
2026-08-19,RENT3,32.51
2026-08-19,SANB11,28.7
2026-08-19,SAUD3,13.92
2026-08-19,SBSP3,23.88
2026-08-19,SLCE3,14.33
2026-08-19,SMFT3,16.75
2026-08-19,SMTO3,16.61
2026-08-19,SUZB3,43.07
2026-08-19,TAEE11,37.17
2026-08-19,TEND3,32.05
2026-08-19,TIMS3,18.41
2026-08-19,TOTS3,32.05
2026-08-19,UGPA3,33.94
2026-08-19,USIM5,6.18
2026-08-19,VALE3,72.13
2026-08-19,VAMO3,2.71
2026-08-19,VBBR3,35.41
2026-08-19,VIVA3,20.77
2026-08-19,VIVT3,29.79
2026-08-19,WEGE3,48.51
2026-08-19,YDUQ3,7.41
2026-08-20,ABEV3,14.9
2026-08-20,ALOS3,25.44
2026-08-20,AMOB3,10.72
2026-08-20,ASAI3,7.96
2026-08-20,AURE3,10.1
2026-08-20,AXIA3,51.12
2026-08-20,AZZA3,15.01
2026-08-20,B3SA3,14.34
2026-08-20,BBAS3,18.04
2026-08-20,BBDC3,13.93
2026-08-20,BBDC4,15.75
2026-08-20,BBSE3,36.55
2026-08-20,BEEF3,3.82
2026-08-20,BPAC11,49.86
2026-08-20,BRAP4,20.42
2026-08-20,BRAV3,18.8
2026-08-20,BRKM5,5.1
2026-08-20,CEAB3,7.28
2026-08-20,CMIG4,9.95
2026-08-20,CMIN3,5.63
2026-08-20,COGN3,2.04
2026-08-20,CPFE3,42.25
2026-08-20,CPLE3,14.03
2026-08-20,CSAN3,3.37
2026-08-20,CSMG3,53.33
2026-08-20,CSNA3,4.45
2026-08-20,CURY3,29.95
2026-08-20,CVCB3,1.51
2026-08-20,CXSE3,18.18
2026-08-20,CYRE3,22.57
2026-08-20,DIRR3,10.41
2026-08-20,EGIE3,27.82
2026-08-20,EMBJ3,98.26
2026-08-20,ENEV3,24.92
2026-08-20,ENGI11,43.71
2026-08-20,EQTL3,34.97
2026-08-20,FLRY3,18.13
2026-08-20,GGBR4,22.15
2026-08-20,GOAU4,9.93
2026-08-20,HAPV3,6.09
2026-08-20,HYPE3,20.73
2026-08-20,IGTI11,22.57
2026-08-20,IRBR3,49.5
2026-08-20,ISAE4,25.5
2026-08-20,ITSA4,12.19
2026-08-20,ITUB4,37.51
2026-08-20,KLBN11,18.33
2026-08-20,LREN3,10.5
2026-08-20,LWSA3,3.91
2026-08-20,MBRF3,18.27
2026-08-20,MGLU3,3.88
2026-08-20,MOTV3,13.79
2026-08-20,MRVE3,4.91
2026-08-20,MULT3,26.35
2026-08-20,NATU3,7.62
2026-08-20,PCAR3,2.82
2026-08-20,PETR3,49.41
2026-08-20,PETR4,44.32
2026-08-20,POMO4,4.45
2026-08-20,PRIO3,62.04
2026-08-20,PSSA3,46.53
2026-08-20,RADL3,17.57
2026-08-20,RAIL3,13.89
2026-08-20,RAIZ4,0.23
2026-08-20,RDOR3,33.75
2026-08-20,RECV3,10.57
2026-08-20,RENT3,32.03
2026-08-20,SANB11,28.97
2026-08-20,SAUD3,13.8
2026-08-20,SBSP3,23.31
2026-08-20,SLCE3,15.15
2026-08-20,SMFT3,16.7
2026-08-20,SMTO3,17.8
2026-08-20,SUZB3,44.16
2026-08-20,TAEE11,37.45
2026-08-20,TEND3,30.89
2026-08-20,TIMS3,18.23
2026-08-20,TOTS3,31.29
2026-08-20,UGPA3,34.32
2026-08-20,USIM5,6.07
2026-08-20,VALE3,74.02
2026-08-20,VAMO3,2.48
2026-08-20,VBBR3,34.47
2026-08-20,VIVA3,21.29
2026-08-20,VIVT3,29.28
2026-08-20,WEGE3,48.4
2026-08-20,YDUQ3,7.44
2026-08-21,ABEV3,15.0
2026-08-21,ALOS3,26.08
2026-08-21,AMOB3,11.05
2026-08-21,ASAI3,8.4
2026-08-21,AURE3,10.23
2026-08-21,AXIA3,51.85
2026-08-21,AZZA3,15.14
2026-08-21,B3SA3,15.09
2026-08-21,BBAS3,18.43
2026-08-21,BBDC3,14.33
2026-08-21,BBDC4,16.24
2026-08-21,BBSE3,37.19
2026-08-21,BEEF3,3.99
2026-08-21,BPAC11,51.85
2026-08-21,BRAP4,21.03
2026-08-21,BRAV3,18.8
2026-08-21,BRKM5,5.07
2026-08-21,CEAB3,7.64
2026-08-21,CMIG4,10.04
2026-08-21,CMIN3,5.9
2026-08-21,COGN3,2.11
2026-08-21,CPFE3,42.32
2026-08-21,CPLE3,14.15
2026-08-21,CSAN3,3.64
2026-08-21,CSMG3,54.5
2026-08-21,CSNA3,4.79
2026-08-21,CURY3,29.9
2026-08-21,CVCB3,1.56
2026-08-21,CXSE3,18.25
2026-08-21,CYRE3,23.11
2026-08-21,DIRR3,10.48
2026-08-21,EGIE3,27.63
2026-08-21,EMBJ3,97.27
2026-08-21,ENEV3,25.36
2026-08-21,ENGI11,44.76
2026-08-21,EQTL3,35.77
2026-08-21,FLRY3,18.68
2026-08-21,GGBR4,22.15
2026-08-21,GOAU4,9.85
2026-08-21,HAPV3,6.54
2026-08-21,HYPE3,21.17
2026-08-21,IGTI11,23.58
2026-08-21,IRBR3,50.0
2026-08-21,ISAE4,26.02
2026-08-21,ITSA4,12.5
2026-08-21,ITUB4,38.6
2026-08-21,KLBN11,18.49
2026-08-21,LREN3,10.99
2026-08-21,LWSA3,4.06
2026-08-21,MBRF3,19.54
2026-08-21,MGLU3,4.16
2026-08-21,MOTV3,14.5
2026-08-21,MRVE3,5.09
2026-08-21,MULT3,26.86
2026-08-21,NATU3,8.23
2026-08-21,PCAR3,2.86
2026-08-21,PETR3,49.34
2026-08-21,PETR4,44.3
2026-08-21,POMO4,4.47
2026-08-21,PRIO3,62.85
2026-08-21,PSSA3,46.57
2026-08-21,RADL3,18.43
2026-08-21,RAIL3,14.25
2026-08-21,RAIZ4,0.24
2026-08-21,RDOR3,34.25
2026-08-21,RECV3,10.51
2026-08-21,RENT3,33.92
2026-08-21,SANB11,29.55
2026-08-21,SAUD3,13.92
2026-08-21,SBSP3,23.75
2026-08-21,SLCE3,15.89
2026-08-21,SMFT3,17.31
2026-08-21,SMTO3,18.41
2026-08-21,SUZB3,44.97
2026-08-21,TAEE11,37.57
2026-08-21,TEND3,31.14
2026-08-21,TIMS3,18.41
2026-08-21,TOTS3,32.18
2026-08-21,UGPA3,34.58
2026-08-21,USIM5,6.55
2026-08-21,VALE3,75.03
2026-08-21,VAMO3,2.74
2026-08-21,VBBR3,34.61
2026-08-21,VIVA3,21.52
2026-08-21,VIVT3,29.33
2026-08-21,WEGE3,49.27
2026-08-21,YDUQ3,7.87
2026-08-24,ABEV3,15.25
2026-08-24,ALOS3,26.01
2026-08-24,AMOB3,11.2
2026-08-24,ASAI3,8.31
2026-08-24,AURE3,10.25
2026-08-24,AXIA3,52.53
2026-08-24,AZZA3,14.54
2026-08-24,B3SA3,15.45
2026-08-24,BBAS3,18.6
2026-08-24,BBDC3,14.36
2026-08-24,BBDC4,16.27
2026-08-24,BBSE3,38.1
2026-08-24,BEEF3,3.93
2026-08-24,BPAC11,52.6
2026-08-24,BRAP4,21.49
2026-08-24,BRAV3,18.15
2026-08-24,BRKM5,4.73
2026-08-24,CEAB3,7.5
2026-08-24,CMIG4,10.21
2026-08-24,CMIN3,5.97
2026-08-24,COGN3,2.14
2026-08-24,CPFE3,42.85
2026-08-24,CPLE3,14.35
2026-08-24,CSAN3,3.5
2026-08-24,CSMG3,54.56
2026-08-24,CSNA3,5.16
2026-08-24,CURY3,30.31
2026-08-24,CVCB3,1.62
2026-08-24,CXSE3,18.7
2026-08-24,CYRE3,23.94
2026-08-24,DIRR3,10.64
2026-08-24,EGIE3,28.04
2026-08-24,EMBJ3,98.2
2026-08-24,ENEV3,26.1
2026-08-24,ENGI11,45.42
2026-08-24,EQTL3,36.33
2026-08-24,FLRY3,18.57
2026-08-24,GGBR4,22.14
2026-08-24,GOAU4,9.75
2026-08-24,HAPV3,6.36
2026-08-24,HYPE3,21.42
2026-08-24,IGTI11,23.65
2026-08-24,IRBR3,51.16
2026-08-24,ISAE4,26.08
2026-08-24,ITSA4,12.65
2026-08-24,ITUB4,38.73
2026-08-24,KLBN11,18.68
2026-08-24,LREN3,10.65
2026-08-24,LWSA3,4.14
2026-08-24,MBRF3,18.46
2026-08-24,MGLU3,4.16
2026-08-24,MOTV3,14.47
2026-08-24,MRVE3,5.16
2026-08-24,MULT3,26.94
2026-08-24,NATU3,8.25
2026-08-24,PCAR3,2.86
2026-08-24,PETR3,46.94
2026-08-24,PETR4,42.11
2026-08-24,POMO4,4.44
2026-08-24,PRIO3,61.62
2026-08-24,PSSA3,47.59
2026-08-24,RADL3,18.32
2026-08-24,RAIL3,14.24
2026-08-24,RAIZ4,0.24
2026-08-24,RDOR3,34.52
2026-08-24,RECV3,10.51
2026-08-24,RENT3,33.7
2026-08-24,SANB11,29.65
2026-08-24,SAUD3,13.93
2026-08-24,SBSP3,23.86
2026-08-24,SLCE3,15.74
2026-08-24,SMFT3,17.6
2026-08-24,SMTO3,19.27
2026-08-24,SUZB3,46.32
2026-08-24,TAEE11,37.78
2026-08-24,TEND3,31.02
2026-08-24,TIMS3,18.58
2026-08-24,TOTS3,31.92
2026-08-24,UGPA3,34.72
2026-08-24,USIM5,7.12
2026-08-24,VALE3,77.13
2026-08-24,VAMO3,2.82
2026-08-24,VBBR3,33.86
2026-08-24,VIVA3,21.6
2026-08-24,VIVT3,29.42
2026-08-24,WEGE3,49.07
2026-08-24,YDUQ3,8.88
2026-08-25,ABEV3,15.31
2026-08-25,ALOS3,26.56
2026-08-25,AMOB3,11.54
2026-08-25,ASAI3,8.96
2026-08-25,AURE3,10.71
2026-08-25,AXIA3,53.65
2026-08-25,AZZA3,14.64
2026-08-25,B3SA3,15.75
2026-08-25,BBAS3,19.57
2026-08-25,BBDC3,14.78
2026-08-25,BBDC4,16.78
2026-08-25,BBSE3,38.9
2026-08-25,BEEF3,4.05
2026-08-25,BPAC11,54.2
2026-08-25,BRAP4,21.89
2026-08-25,BRAV3,18.2
2026-08-25,BRKM5,4.11
2026-08-25,CEAB3,8.0
2026-08-25,CMIG4,10.51
2026-08-25,CMIN3,5.88
2026-08-25,COGN3,2.17
2026-08-25,CPFE3,44.24
2026-08-25,CPLE3,14.65
2026-08-25,CSAN3,3.75
2026-08-25,CSMG3,55.5
2026-08-25,CSNA3,5.08
2026-08-25,CURY3,32.58
2026-08-25,CVCB3,1.74
2026-08-25,CXSE3,19.14
2026-08-25,CYRE3,24.73
2026-08-25,DIRR3,11.29
2026-08-25,EGIE3,28.85
2026-08-25,EMBJ3,96.34
2026-08-25,ENEV3,26.69
2026-08-25,ENGI11,47.24
2026-08-25,EQTL3,37.15
2026-08-25,FLRY3,18.64
2026-08-25,GGBR4,22.45
2026-08-25,GOAU4,9.84
2026-08-25,HAPV3,6.42
2026-08-25,HYPE3,21.8
2026-08-25,IGTI11,24.33
2026-08-25,IRBR3,52.94
2026-08-25,ISAE4,26.46
2026-08-25,ITSA4,12.85
2026-08-25,ITUB4,39.44
2026-08-25,KLBN11,18.74
2026-08-25,LREN3,11.08
2026-08-25,LWSA3,4.22
2026-08-25,MBRF3,18.31
2026-08-25,MGLU3,4.54
2026-08-25,MOTV3,15.12
2026-08-25,MRVE3,5.46
2026-08-25,MULT3,27.52
2026-08-25,NATU3,8.76
2026-08-25,PCAR3,3.02
2026-08-25,PETR3,45.98
2026-08-25,PETR4,41.35
2026-08-25,POMO4,4.51
2026-08-25,PRIO3,60.88
2026-08-25,PSSA3,48.24
2026-08-25,RADL3,19.59
2026-08-25,RAIL3,14.53
2026-08-25,RAIZ4,0.24
2026-08-25,RDOR3,36.07
2026-08-25,RECV3,10.59
2026-08-25,RENT3,35.65
2026-08-25,SANB11,29.69
2026-08-25,SAUD3,13.9
2026-08-25,SBSP3,24.69
2026-08-25,SLCE3,15.91
2026-08-25,SMFT3,17.45
2026-08-25,SMTO3,18.46
2026-08-25,SUZB3,46.34
2026-08-25,TAEE11,38.86
2026-08-25,TEND3,33.43
2026-08-25,TIMS3,18.74
2026-08-25,TOTS3,32.75
2026-08-25,UGPA3,33.62
2026-08-25,USIM5,6.97
2026-08-25,VALE3,78.7
2026-08-25,VAMO3,3.01
2026-08-25,VBBR3,34.09
2026-08-25,VIVA3,22.07
2026-08-25,VIVT3,30.0
2026-08-25,WEGE3,49.58
2026-08-25,YDUQ3,8.74
2026-08-26,ABEV3,15.24
2026-08-26,ALOS3,26.43
2026-08-26,AMOB3,11.77
2026-08-26,ASAI3,8.37
2026-08-26,AURE3,10.85
2026-08-26,AXIA3,53.41
2026-08-26,AZZA3,14.89
2026-08-26,B3SA3,15.75
2026-08-26,BBAS3,19.52
2026-08-26,BBDC3,14.92
2026-08-26,BBDC4,16.99
2026-08-26,BBSE3,39.41
2026-08-26,BEEF3,4.1
2026-08-26,BPAC11,54.07
2026-08-26,BRAP4,21.95
2026-08-26,BRAV3,17.72
2026-08-26,BRKM5,3.52
2026-08-26,CEAB3,7.85
2026-08-26,CMIG4,10.5
2026-08-26,CMIN3,5.99
2026-08-26,COGN3,2.23
2026-08-26,CPFE3,44.55
2026-08-26,CPLE3,14.65
2026-08-26,CSAN3,3.71
2026-08-26,CSMG3,55.1
2026-08-26,CSNA3,5.27
2026-08-26,CURY3,31.99
2026-08-26,CVCB3,1.78
2026-08-26,CXSE3,19.21
2026-08-26,CYRE3,24.09
2026-08-26,DIRR3,11.01
2026-08-26,EGIE3,28.84
2026-08-26,EMBJ3,97.23
2026-08-26,ENEV3,26.38
2026-08-26,ENGI11,47.57
2026-08-26,EQTL3,36.83
2026-08-26,FLRY3,18.66
2026-08-26,GGBR4,22.88
2026-08-26,GOAU4,9.94
2026-08-26,HAPV3,6.38
2026-08-26,HYPE3,22.01
2026-08-26,IGTI11,24.5
2026-08-26,IRBR3,53.4
2026-08-26,ISAE4,26.75
2026-08-26,ITSA4,12.9
2026-08-26,ITUB4,39.45
2026-08-26,KLBN11,18.71
2026-08-26,LREN3,10.8
2026-08-26,LWSA3,4.17
2026-08-26,MBRF3,18.56
2026-08-26,MGLU3,4.71
2026-08-26,MOTV3,15.1
2026-08-26,MRVE3,5.51
2026-08-26,MULT3,27.42
2026-08-26,NATU3,8.94
2026-08-26,PCAR3,2.99
2026-08-26,PETR3,45.93
2026-08-26,PETR4,41.45
2026-08-26,POMO4,4.41
2026-08-26,PRIO3,60.76
2026-08-26,PSSA3,48.54
2026-08-26,RADL3,19.31
2026-08-26,RAIL3,14.59
2026-08-26,RAIZ4,0.23
2026-08-26,RDOR3,35.3
2026-08-26,RECV3,10.37
2026-08-26,RENT3,35.4
2026-08-26,SANB11,29.73
2026-08-26,SAUD3,14.0
2026-08-26,SBSP3,25.06
2026-08-26,SLCE3,16.29
2026-08-26,SMFT3,17.3
2026-08-26,SMTO3,18.63
2026-08-26,SUZB3,46.15
2026-08-26,TAEE11,38.94
2026-08-26,TEND3,32.06
2026-08-26,TIMS3,18.74
2026-08-26,TOTS3,32.6
2026-08-26,UGPA3,33.46
2026-08-26,USIM5,7.13
2026-08-26,VALE3,78.45
2026-08-26,VAMO3,3.05
2026-08-26,VBBR3,33.61
2026-08-26,VIVA3,22.7
2026-08-26,VIVT3,30.06
2026-08-26,WEGE3,50.42
2026-08-26,YDUQ3,8.62
2026-08-27,ABEV3,15.12
2026-08-27,ALOS3,26.21
2026-08-27,AMOB3,11.77
2026-08-27,ASAI3,8.2
2026-08-27,AURE3,10.86
2026-08-27,AXIA3,52.6
2026-08-27,AZZA3,14.79
2026-08-27,B3SA3,15.73
2026-08-27,BBAS3,19.97
2026-08-27,BBDC3,14.96
2026-08-27,BBDC4,16.93
2026-08-27,BBSE3,39.45
2026-08-27,BEEF3,3.97
2026-08-27,BPAC11,53.74
2026-08-27,BRAP4,22.35
2026-08-27,BRAV3,17.5
2026-08-27,BRKM5,4.22
2026-08-27,CEAB3,8.14
2026-08-27,CMIG4,10.4
2026-08-27,CMIN3,6.01
2026-08-27,COGN3,2.23
2026-08-27,CPFE3,44.06
2026-08-27,CPLE3,14.57
2026-08-27,CSAN3,3.71
2026-08-27,CSMG3,55.2
2026-08-27,CSNA3,5.37
2026-08-27,CURY3,32.85
2026-08-27,CVCB3,1.78
2026-08-27,CXSE3,19.31
2026-08-27,CYRE3,23.8
2026-08-27,DIRR3,10.97
2026-08-27,EGIE3,28.85
2026-08-27,EMBJ3,97.61
2026-08-27,ENEV3,26.15
2026-08-27,ENGI11,47.5
2026-08-27,EQTL3,36.71
2026-08-27,FLRY3,18.74
2026-08-27,GGBR4,23.97
2026-08-27,GOAU4,10.45
2026-08-27,HAPV3,6.55
2026-08-27,HYPE3,21.25
2026-08-27,IGTI11,24.18
2026-08-27,IRBR3,55.23
2026-08-27,ISAE4,26.65
2026-08-27,ITSA4,12.84
2026-08-27,ITUB4,39.1
2026-08-27,KLBN11,18.79
2026-08-27,LREN3,10.63
2026-08-27,LWSA3,4.33
2026-08-27,MBRF3,18.76
2026-08-27,MGLU3,4.84
2026-08-27,MOTV3,15.08
2026-08-27,MRVE3,5.47
2026-08-27,MULT3,27.42
2026-08-27,NATU3,8.91
2026-08-27,PCAR3,2.78
2026-08-27,PETR3,47.31
2026-08-27,PETR4,42.7
2026-08-27,POMO4,4.5
2026-08-27,PRIO3,61.09
2026-08-27,PSSA3,48.34
2026-08-27,RADL3,19.4
2026-08-27,RAIL3,14.81
2026-08-27,RAIZ4,0.23
2026-08-27,RDOR3,35.31
2026-08-27,RECV3,10.66
2026-08-27,RENT3,35.06
2026-08-27,SANB11,29.47
2026-08-27,SAUD3,14.04
2026-08-27,SBSP3,25.08
2026-08-27,SLCE3,16.01
2026-08-27,SMFT3,17.03
2026-08-27,SMTO3,18.87
2026-08-27,SUZB3,46.4
2026-08-27,TAEE11,38.7
2026-08-27,TEND3,33.39
2026-08-27,TIMS3,18.33
2026-08-27,TOTS3,34.69
2026-08-27,UGPA3,33.17
2026-08-27,USIM5,7.17
2026-08-27,VALE3,79.11
2026-08-27,VAMO3,3.03
2026-08-27,VBBR3,33.35
2026-08-27,VIVA3,22.6
2026-08-27,VIVT3,29.39
2026-08-27,WEGE3,50.25
2026-08-27,YDUQ3,8.86
2026-08-28,ABEV3,15.19
2026-08-28,ALOS3,26.41
2026-08-28,AMOB3,11.51
2026-08-28,ASAI3,8.16
2026-08-28,AURE3,10.8
2026-08-28,AXIA3,53.1
2026-08-28,AZZA3,14.66
2026-08-28,B3SA3,16.04
2026-08-28,BBAS3,20.17
2026-08-28,BBDC3,15.04
2026-08-28,BBDC4,17.08
2026-08-28,BBSE3,40.02
2026-08-28,BEEF3,3.88
2026-08-28,BPAC11,53.58
2026-08-28,BRAP4,22.22
2026-08-28,BRAV3,17.0
2026-08-28,BRKM5,4.35
2026-08-28,CEAB3,8.26
2026-08-28,CMIG4,10.51
2026-08-28,CMIN3,6.0
2026-08-28,COGN3,2.24
2026-08-28,CPFE3,44.8
2026-08-28,CPLE3,14.68
2026-08-28,CSAN3,3.77
2026-08-28,CSMG3,54.73
2026-08-28,CSNA3,5.21
2026-08-28,CURY3,32.72
2026-08-28,CVCB3,1.72
2026-08-28,CXSE3,19.3
2026-08-28,CYRE3,23.02
2026-08-28,DIRR3,10.87
2026-08-28,EGIE3,28.81
2026-08-28,EMBJ3,95.22
2026-08-28,ENEV3,26.3
2026-08-28,ENGI11,47.37
2026-08-28,EQTL3,36.75
2026-08-28,FLRY3,18.87
2026-08-28,GGBR4,23.8
2026-08-28,GOAU4,10.42
2026-08-28,HAPV3,6.49
2026-08-28,HYPE3,21.36
2026-08-28,IGTI11,24.13
2026-08-28,IRBR3,56.13
2026-08-28,ISAE4,26.7
2026-08-28,ITSA4,12.95
2026-08-28,ITUB4,39.19
2026-08-28,KLBN11,18.87
2026-08-28,LREN3,10.7
2026-08-28,LWSA3,4.31
2026-08-28,MBRF3,18.24
2026-08-28,MGLU3,4.62
2026-08-28,MOTV3,15.06
2026-08-28,MRVE3,5.19
2026-08-28,MULT3,27.38
2026-08-28,NATU3,8.74
2026-08-28,PCAR3,2.64
2026-08-28,PETR3,48.25
2026-08-28,PETR4,43.55
2026-08-28,POMO4,4.42
2026-08-28,PRIO3,60.54
2026-08-28,PSSA3,48.87
2026-08-28,RADL3,19.36
2026-08-28,RAIL3,14.88
2026-08-28,RAIZ4,0.23
2026-08-28,RDOR3,35.44
2026-08-28,RECV3,10.63
2026-08-28,RENT3,34.81
2026-08-28,SANB11,30.01
2026-08-28,SAUD3,14.03
2026-08-28,SBSP3,25.24
2026-08-28,SLCE3,15.77
2026-08-28,SMFT3,16.82
2026-08-28,SMTO3,18.58
2026-08-28,SUZB3,45.99
2026-08-28,TAEE11,38.68
2026-08-28,TEND3,32.75
2026-08-28,TIMS3,18.3
2026-08-28,TOTS3,34.41
2026-08-28,UGPA3,33.63
2026-08-28,USIM5,7.2
2026-08-28,VALE3,78.58
2026-08-28,VAMO3,2.99
2026-08-28,VBBR3,33.38
2026-08-28,VIVA3,21.97
2026-08-28,VIVT3,29.61
2026-08-28,WEGE3,49.98
2026-08-28,YDUQ3,8.84
2026-08-31,ABEV3,15.03
2026-08-31,ALOS3,26.69
2026-08-31,AMOB3,11.6
2026-08-31,ASAI3,8.44
2026-08-31,AURE3,11.19
2026-08-31,AXIA3,53.12
2026-08-31,AZZA3,14.86
2026-08-31,B3SA3,16.22
2026-08-31,BBAS3,20.74
2026-08-31,BBDC3,15.17
2026-08-31,BBDC4,17.19
2026-08-31,BBSE3,40.4
2026-08-31,BEEF3,3.82
2026-08-31,BPAC11,54.71
2026-08-31,BRAP4,22.0
2026-08-31,BRAV3,17.13
2026-08-31,BRKM5,4.33
2026-08-31,CEAB3,8.32
2026-08-31,CMIG4,10.7
2026-08-31,CMIN3,5.92
2026-08-31,COGN3,2.3
2026-08-31,CPFE3,44.54
2026-08-31,CPLE3,14.95
2026-08-31,CSAN3,3.9
2026-08-31,CSMG3,55.22
2026-08-31,CSNA3,5.32
2026-08-31,CURY3,32.6
2026-08-31,CVCB3,1.86
2026-08-31,CXSE3,19.34
2026-08-31,CYRE3,24.29
2026-08-31,DIRR3,11.12
2026-08-31,EGIE3,29.38
2026-08-31,EMBJ3,93.49
2026-08-31,ENEV3,26.21
2026-08-31,ENGI11,48.0
2026-08-31,EQTL3,36.67
2026-08-31,FLRY3,19.68
2026-08-31,GGBR4,23.74
2026-08-31,GOAU4,10.39
2026-08-31,HAPV3,6.61
2026-08-31,HYPE3,21.7
2026-08-31,IGTI11,24.53
2026-08-31,IRBR3,56.89
2026-08-31,ISAE4,26.63
2026-08-31,ITSA4,13.1
2026-08-31,ITUB4,39.52
2026-08-31,KLBN11,18.9
2026-08-31,LREN3,10.9
2026-08-31,LWSA3,4.3
2026-08-31,MBRF3,18.26
2026-08-31,MGLU3,4.81
2026-08-31,MOTV3,15.46
2026-08-31,MRVE3,5.51
2026-08-31,MULT3,27.92
2026-08-31,NATU3,8.74
2026-08-31,PCAR3,2.73
2026-08-31,PETR3,50.29
2026-08-31,PETR4,45.02
2026-08-31,POMO4,4.4
2026-08-31,PRIO3,62.68
2026-08-31,PSSA3,49.08
2026-08-31,RADL3,19.6
2026-08-31,RAIL3,15.08
2026-08-31,RAIZ4,0.23
2026-08-31,RDOR3,35.18
2026-08-31,RECV3,10.89
2026-08-31,RENT3,35.07
2026-08-31,SANB11,29.56
2026-08-31,SAUD3,13.87
2026-08-31,SBSP3,25.28
2026-08-31,SLCE3,16.07
2026-08-31,SMFT3,16.81
2026-08-31,SMTO3,19.75
2026-08-31,SUZB3,45.3
2026-08-31,TAEE11,39.1
2026-08-31,TEND3,33.1
2026-08-31,TIMS3,18.61
2026-08-31,TOTS3,35.45
2026-08-31,UGPA3,34.82
2026-08-31,USIM5,7.47
2026-08-31,VALE3,77.85
2026-08-31,VAMO3,2.99
2026-08-31,VBBR3,34.42
2026-08-31,VIVA3,22.28
2026-08-31,VIVT3,29.85
2026-08-31,WEGE3,50.15
2026-08-31,YDUQ3,8.73
2026-09-01,ABEV3,15.17
2026-09-01,ALOS3,27.32
2026-09-01,AMOB3,11.99
2026-09-01,ASAI3,8.5
2026-09-01,AURE3,11.25
2026-09-01,AXIA3,53.75
2026-09-01,AZZA3,15.07
2026-09-01,B3SA3,16.62
2026-09-01,BBAS3,21.21
2026-09-01,BBDC3,15.29
2026-09-01,BBDC4,17.4
2026-09-01,BBSE3,40.6
2026-09-01,BEEF3,3.83
2026-09-01,BPAC11,55.97
2026-09-01,BRAP4,22.31
2026-09-01,BRAV3,18.0
2026-09-01,BRKM5,4.24
2026-09-01,CEAB3,8.77
2026-09-01,CMIG4,10.79
2026-09-01,CMIN3,6.08
2026-09-01,COGN3,2.34
2026-09-01,CPFE3,45.01
2026-09-01,CPLE3,15.2
2026-09-01,CSAN3,3.97
2026-09-01,CSMG3,55.3
2026-09-01,CSNA3,5.74
2026-09-01,CURY3,32.3
2026-09-01,CVCB3,1.78
2026-09-01,CXSE3,19.3
2026-09-01,CYRE3,24.66
2026-09-01,DIRR3,11.1
2026-09-01,EGIE3,29.02
2026-09-01,EMBJ3,92.18
2026-09-01,ENEV3,26.52
2026-09-01,ENGI11,48.78
2026-09-01,EQTL3,37.09
2026-09-01,FLRY3,19.21
2026-09-01,GGBR4,24.15
2026-09-01,GOAU4,10.56
2026-09-01,HAPV3,6.6
2026-09-01,HYPE3,21.75
2026-09-01,IGTI11,25.07
2026-09-01,IRBR3,57.2
2026-09-01,ISAE4,26.96
2026-09-01,ITSA4,13.19
2026-09-01,ITUB4,39.88
2026-09-01,KLBN11,19.05
2026-09-01,LREN3,11.06
2026-09-01,LWSA3,4.22
2026-09-01,MBRF3,18.3
2026-09-01,MGLU3,4.62
2026-09-01,MOTV3,15.69
2026-09-01,MRVE3,5.54
2026-09-01,MULT3,28.35
2026-09-01,NATU3,8.79
2026-09-01,PCAR3,2.69
2026-09-01,PETR3,52.37
2026-09-01,PETR4,46.87
2026-09-01,POMO4,4.47
2026-09-01,PRIO3,63.99
2026-09-01,PSSA3,49.42
2026-09-01,RADL3,19.66
2026-09-01,RAIL3,15.3
2026-09-01,RAIZ4,0.26
2026-09-01,RDOR3,35.68
2026-09-01,RECV3,11.32
2026-09-01,RENT3,34.64
2026-09-01,SANB11,29.34
2026-09-01,SAUD3,13.95
2026-09-01,SBSP3,25.1
2026-09-01,SLCE3,16.31
2026-09-01,SMFT3,17.22
2026-09-01,SMTO3,21.21
2026-09-01,SUZB3,45.76
2026-09-01,TAEE11,39.73
2026-09-01,TEND3,33.1
2026-09-01,TIMS3,18.75
2026-09-01,TOTS3,34.99
2026-09-01,UGPA3,35.29
2026-09-01,USIM5,7.59
2026-09-01,VALE3,78.3
2026-09-01,VAMO3,2.98
2026-09-01,VBBR3,34.83
2026-09-01,VIVA3,22.5
2026-09-01,VIVT3,29.99
2026-09-01,WEGE3,49.7
2026-09-01,YDUQ3,8.82
2026-09-02,ABEV3,15.6
2026-09-02,ALOS3,28.53
2026-09-02,AMOB3,11.9
2026-09-02,ASAI3,9.13
2026-09-02,AURE3,11.66
2026-09-02,AXIA3,55.56
2026-09-02,AZZA3,16.77
2026-09-02,B3SA3,17.26
2026-09-02,BBAS3,22.26
2026-09-02,BBDC3,15.59
2026-09-02,BBDC4,17.75
2026-09-02,BBSE3,41.79
2026-09-02,BEEF3,3.86
2026-09-02,BPAC11,57.68
2026-09-02,BRAP4,22.98
2026-09-02,BRAV3,18.92
2026-09-02,BRKM5,4.88
2026-09-02,CEAB3,9.39
2026-09-02,CMIG4,10.97
2026-09-02,CMIN3,6.4
2026-09-02,COGN3,2.41
2026-09-02,CPFE3,46.08
2026-09-02,CPLE3,15.6
2026-09-02,CSAN3,3.79
2026-09-02,CSMG3,57.14
2026-09-02,CSNA3,5.98
2026-09-02,CURY3,33.66
2026-09-02,CVCB3,1.82
2026-09-02,CXSE3,19.79
2026-09-02,CYRE3,25.48
2026-09-02,DIRR3,11.46
2026-09-02,EGIE3,30.15
2026-09-02,EMBJ3,92.5
2026-09-02,ENEV3,27.43
2026-09-02,ENGI11,51.15
2026-09-02,EQTL3,38.38
2026-09-02,FLRY3,19.67
2026-09-02,GGBR4,25.42
2026-09-02,GOAU4,11.12
2026-09-02,HAPV3,6.87
2026-09-02,HYPE3,22.46
2026-09-02,IGTI11,26.01
2026-09-02,IRBR3,57.32
2026-09-02,ISAE4,27.64
2026-09-02,ITSA4,13.65
2026-09-02,ITUB4,41.41
2026-09-02,KLBN11,19.5
2026-09-02,LREN3,11.34
2026-09-02,LWSA3,4.2
2026-09-02,MBRF3,18.5
2026-09-02,MGLU3,5.4
2026-09-02,MOTV3,16.17
2026-09-02,MRVE3,5.68
2026-09-02,MULT3,29.43
2026-09-02,NATU3,9.28
2026-09-02,PCAR3,2.72
2026-09-02,PETR3,53.54
2026-09-02,PETR4,48.2
2026-09-02,POMO4,4.6
2026-09-02,PRIO3,64.41
2026-09-02,PSSA3,50.99
2026-09-02,RADL3,20.22
2026-09-02,RAIL3,14.66
2026-09-02,RAIZ4,0.26
2026-09-02,RDOR3,37.13
2026-09-02,RECV3,11.54
2026-09-02,RENT3,36.36
2026-09-02,SANB11,29.92
2026-09-02,SAUD3,14.58
2026-09-02,SBSP3,26.15
2026-09-02,SLCE3,16.38
2026-09-02,SMFT3,17.72
2026-09-02,SMTO3,21.19
2026-09-02,SUZB3,46.75
2026-09-02,TAEE11,40.89
2026-09-02,TEND3,34.25
2026-09-02,TIMS3,18.8
2026-09-02,TOTS3,34.74
2026-09-02,UGPA3,36.73
2026-09-02,USIM5,7.79
2026-09-02,VALE3,80.8
2026-09-02,VAMO3,3.46
2026-09-02,VBBR3,36.35
2026-09-02,VIVA3,23.76
2026-09-02,VIVT3,30.2
2026-09-02,WEGE3,50.84
2026-09-02,YDUQ3,9.31
2026-09-03,ABEV3,15.76
2026-09-03,ALOS3,29.02
2026-09-03,AMOB3,11.76
2026-09-03,ASAI3,9.11
2026-09-03,AURE3,11.63
2026-09-03,AXIA3,55.75
2026-09-03,AZZA3,17.08
2026-09-03,B3SA3,17.35
2026-09-03,BBAS3,22.45
2026-09-03,BBDC3,15.67
2026-09-03,BBDC4,17.79
2026-09-03,BBSE3,41.69
2026-09-03,BEEF3,3.79
2026-09-03,BPAC11,58.81
2026-09-03,BRAP4,22.54
2026-09-03,BRAV3,18.66
2026-09-03,BRKM5,4.94
2026-09-03,CEAB3,9.32
2026-09-03,CMIG4,11.18
2026-09-03,CMIN3,6.66
2026-09-03,COGN3,2.4
2026-09-03,CPFE3,46.73
2026-09-03,CPLE3,15.78
2026-09-03,CSAN3,3.82
2026-09-03,CSMG3,56.88
2026-09-03,CSNA3,6.38
2026-09-03,CURY3,32.8
2026-09-03,CVCB3,1.79
2026-09-03,CXSE3,19.77
2026-09-03,CYRE3,25.34
2026-09-03,DIRR3,11.47
2026-09-03,EGIE3,30.36
2026-09-03,EMBJ3,93.93
2026-09-03,ENEV3,27.64
2026-09-03,ENGI11,51.37
2026-09-03,EQTL3,38.92
2026-09-03,FLRY3,20.1
2026-09-03,GGBR4,25.14
2026-09-03,GOAU4,11.1
2026-09-03,HAPV3,7.33
2026-09-03,HYPE3,22.73
2026-09-03,IGTI11,26.57
2026-09-03,IRBR3,59.45
2026-09-03,ISAE4,27.64
2026-09-03,ITSA4,13.74
2026-09-03,ITUB4,41.92
2026-09-03,KLBN11,19.56
2026-09-03,LREN3,11.4
2026-09-03,LWSA3,4.18
2026-09-03,MBRF3,18.37
2026-09-03,MGLU3,5.56
2026-09-03,MOTV3,16.46
2026-09-03,MRVE3,5.61
2026-09-03,MULT3,30.35
2026-09-03,NATU3,9.2
2026-09-03,PCAR3,2.7
2026-09-03,PETR3,52.58
2026-09-03,PETR4,47.56
2026-09-03,POMO4,4.56
2026-09-03,PRIO3,61.5
2026-09-03,PSSA3,51.24
2026-09-03,RADL3,20.27
2026-09-03,RAIL3,14.81
2026-09-03,RAIZ4,0.27
2026-09-03,RDOR3,37.39
2026-09-03,RECV3,11.44
2026-09-03,RENT3,36.75
2026-09-03,SANB11,30.44
2026-09-03,SAUD3,14.82
2026-09-03,SBSP3,26.25
2026-09-03,SLCE3,16.49
2026-09-03,SMFT3,17.74
2026-09-03,SMTO3,20.24
2026-09-03,SUZB3,46.79
2026-09-03,TAEE11,41.55
2026-09-03,TEND3,33.62
2026-09-03,TIMS3,18.97
2026-09-03,TOTS3,34.82
2026-09-03,UGPA3,36.45
2026-09-03,USIM5,7.81
2026-09-03,VALE3,78.45
2026-09-03,VAMO3,3.38
2026-09-03,VBBR3,36.87
2026-09-03,VIVA3,23.27
2026-09-03,VIVT3,30.31
2026-09-03,WEGE3,52.06
2026-09-03,YDUQ3,9.49
2026-09-04,ABEV3,15.74
2026-09-04,ALOS3,28.81
2026-09-04,AMOB3,12.4
2026-09-04,ASAI3,9.08
2026-09-04,AURE3,12.0
2026-09-04,AXIA3,55.28
2026-09-04,AZZA3,17.69
2026-09-04,B3SA3,17.37
2026-09-04,BBAS3,22.52
2026-09-04,BBDC3,15.81
2026-09-04,BBDC4,17.9
2026-09-04,BBSE3,42.16
2026-09-04,BEEF3,3.95
2026-09-04,BPAC11,59.24
2026-09-04,BRAP4,22.48
2026-09-04,BRAV3,17.88
2026-09-04,BRKM5,4.8
2026-09-04,CEAB3,9.21
2026-09-04,CMIG4,11.26
2026-09-04,CMIN3,6.59
2026-09-04,COGN3,2.44
2026-09-04,CPFE3,46.83
2026-09-04,CPLE3,15.85
2026-09-04,CSAN3,3.8
2026-09-04,CSMG3,55.91
2026-09-04,CSNA3,6.36
2026-09-04,CURY3,33.21
2026-09-04,CVCB3,1.88
2026-09-04,CXSE3,19.98
2026-09-04,CYRE3,25.6
2026-09-04,DIRR3,11.46
2026-09-04,EGIE3,30.14
2026-09-04,EMBJ3,94.98
2026-09-04,ENEV3,27.59
2026-09-04,ENGI11,51.43
2026-09-04,EQTL3,39.16
2026-09-04,FLRY3,20.17
2026-09-04,GGBR4,25.34
2026-09-04,GOAU4,11.17
2026-09-04,HAPV3,7.26
2026-09-04,HYPE3,23.16
2026-09-04,IGTI11,26.43
2026-09-04,IRBR3,62.21
2026-09-04,ISAE4,27.7
2026-09-04,ITSA4,13.95
2026-09-04,ITUB4,41.92
2026-09-04,KLBN11,19.47
2026-09-04,LREN3,11.35
2026-09-04,LWSA3,4.22
2026-09-04,MBRF3,17.69
2026-09-04,MGLU3,5.79
2026-09-04,MOTV3,16.78
2026-09-04,MRVE3,5.55
2026-09-04,MULT3,30.18
2026-09-04,NATU3,8.85
2026-09-04,PCAR3,2.83
2026-09-04,PETR3,52.01
2026-09-04,PETR4,47.11
2026-09-04,POMO4,4.58
2026-09-04,PRIO3,60.19
2026-09-04,PSSA3,51.66
2026-09-04,RADL3,19.99
2026-09-04,RAIL3,14.55
2026-09-04,RAIZ4,0.28
2026-09-04,RDOR3,37.13
2026-09-04,RECV3,11.16
2026-09-04,RENT3,36.64
2026-09-04,SANB11,30.43
2026-09-04,SAUD3,14.69
2026-09-04,SBSP3,26.53
2026-09-04,SLCE3,16.41
2026-09-04,SMFT3,17.97
2026-09-04,SMTO3,20.6
2026-09-04,SUZB3,46.89
2026-09-04,TAEE11,41.53
2026-09-04,TEND3,34.63
2026-09-04,TIMS3,18.99
2026-09-04,TOTS3,34.5
2026-09-04,UGPA3,37.42
2026-09-04,USIM5,7.63
2026-09-04,VALE3,78.62
2026-09-04,VAMO3,3.5
2026-09-04,VBBR3,36.99
2026-09-04,VIVA3,23.13
2026-09-04,VIVT3,30.06
2026-09-04,WEGE3,51.74
2026-09-04,YDUQ3,9.64
2026-09-08,ABEV3,15.82
2026-09-08,ALOS3,29.22
2026-09-08,AMOB3,12.29
2026-09-08,ASAI3,9.13
2026-09-08,AURE3,12.14
2026-09-08,AXIA3,56.13
2026-09-08,AZZA3,17.05
2026-09-08,B3SA3,17.64
2026-09-08,BBAS3,22.6
2026-09-08,BBDC3,16.04
2026-09-08,BBDC4,18.22
2026-09-08,BBSE3,42.35
2026-09-08,BEEF3,3.96
2026-09-08,BPAC11,60.53
2026-09-08,BRAP4,22.9
2026-09-08,BRAV3,18.25
2026-09-08,BRKM5,4.95
2026-09-08,CEAB3,9.36
2026-09-08,CMIG4,11.7
2026-09-08,CMIN3,6.72
2026-09-08,COGN3,2.45
2026-09-08,CPFE3,47.32
2026-09-08,CPLE3,16.0
2026-09-08,CSAN3,3.91
2026-09-08,CSMG3,56.73
2026-09-08,CSNA3,6.62
2026-09-08,CURY3,33.49
2026-09-08,CVCB3,1.83
2026-09-08,CXSE3,20.32
2026-09-08,CYRE3,25.54
2026-09-08,DIRR3,11.43
2026-09-08,EGIE3,30.89
2026-09-08,EMBJ3,94.23
2026-09-08,ENEV3,27.69
2026-09-08,ENGI11,51.49
2026-09-08,EQTL3,39.25
2026-09-08,FLRY3,20.78
2026-09-08,GGBR4,25.7
2026-09-08,GOAU4,11.21
2026-09-08,HAPV3,7.19
2026-09-08,HYPE3,23.08
2026-09-08,IGTI11,26.44
2026-09-08,IRBR3,62.32
2026-09-08,ISAE4,27.9
2026-09-08,ITSA4,14.19
2026-09-08,ITUB4,42.43
2026-09-08,KLBN11,19.61
2026-09-08,LREN3,11.62
2026-09-08,LWSA3,4.06
2026-09-08,MBRF3,17.57
2026-09-08,MGLU3,5.83
2026-09-08,MOTV3,16.28
2026-09-08,MRVE3,5.81
2026-09-08,MULT3,30.34
2026-09-08,NATU3,8.9
2026-09-08,PCAR3,2.82
2026-09-08,PETR3,53.24
2026-09-08,PETR4,48.09
2026-09-08,POMO4,4.59
2026-09-08,PRIO3,62.0
2026-09-08,PSSA3,51.15
2026-09-08,RADL3,20.42
2026-09-08,RAIL3,14.55
2026-09-08,RAIZ4,0.28
2026-09-08,RDOR3,37.46
2026-09-08,RECV3,11.25
2026-09-08,RENT3,36.85
2026-09-08,SANB11,30.39
2026-09-08,SAUD3,14.91
2026-09-08,SBSP3,26.83
2026-09-08,SLCE3,16.85
2026-09-08,SMFT3,17.95
2026-09-08,SMTO3,20.58
2026-09-08,SUZB3,47.03
2026-09-08,TAEE11,41.83
2026-09-08,TEND3,35.16
2026-09-08,TIMS3,19.11
2026-09-08,TOTS3,34.29
2026-09-08,UGPA3,38.04
2026-09-08,USIM5,7.56
2026-09-08,VALE3,79.02
2026-09-08,VAMO3,3.53
2026-09-08,VBBR3,37.49
2026-09-08,VIVA3,22.8
2026-09-08,VIVT3,30.03
2026-09-08,WEGE3,52.65
2026-09-08,YDUQ3,9.95
2026-09-09,ABEV3,15.58
2026-09-09,ALOS3,28.52
2026-09-09,AMOB3,11.84
2026-09-09,ASAI3,9.2
2026-09-09,AURE3,11.94
2026-09-09,AXIA3,55.08
2026-09-09,AZZA3,16.64
2026-09-09,B3SA3,17.29
2026-09-09,BBAS3,22.18
2026-09-09,BBDC3,15.83
2026-09-09,BBDC4,17.79
2026-09-09,BBSE3,40.91
2026-09-09,BEEF3,3.95
2026-09-09,BPAC11,59.06
2026-09-09,BRAP4,22.57
2026-09-09,BRAV3,18.42
2026-09-09,BRKM5,5.01
2026-09-09,CEAB3,9.08
2026-09-09,CMIG4,11.33
2026-09-09,CMIN3,6.96
2026-09-09,COGN3,2.37
2026-09-09,CPFE3,46.0
2026-09-09,CPLE3,15.98
2026-09-09,CSAN3,3.79
2026-09-09,CSMG3,55.53
2026-09-09,CSNA3,7.11
2026-09-09,CURY3,32.27
2026-09-09,CVCB3,1.65
2026-09-09,CXSE3,19.77
2026-09-09,CYRE3,25.11
2026-09-09,DIRR3,10.93
2026-09-09,EGIE3,30.73
2026-09-09,EMBJ3,95.27
2026-09-09,ENEV3,27.33
2026-09-09,ENGI11,50.46
2026-09-09,EQTL3,38.81
2026-09-09,FLRY3,20.35
2026-09-09,GGBR4,25.41
2026-09-09,GOAU4,11.22
2026-09-09,HAPV3,7.0
2026-09-09,HYPE3,22.59
2026-09-09,IGTI11,25.98
2026-09-09,IRBR3,60.95
2026-09-09,ISAE4,27.69
2026-09-09,ITSA4,13.91
2026-09-09,ITUB4,41.59
2026-09-09,KLBN11,19.53
2026-09-09,LREN3,11.34
2026-09-09,LWSA3,3.99
2026-09-09,MBRF3,17.16
2026-09-09,MGLU3,5.57
2026-09-09,MOTV3,16.38
2026-09-09,MRVE3,5.64
2026-09-09,MULT3,29.87
2026-09-09,NATU3,8.8
2026-09-09,PCAR3,2.78
2026-09-09,PETR3,53.69
2026-09-09,PETR4,48.42
2026-09-09,POMO4,4.46
2026-09-09,PRIO3,62.52
2026-09-09,PSSA3,50.8
2026-09-09,RADL3,19.6
2026-09-09,RAIL3,14.5
2026-09-09,RAIZ4,0.26
2026-09-09,RDOR3,36.93
2026-09-09,RECV3,11.42
2026-09-09,RENT3,35.72
2026-09-09,SANB11,29.96
2026-09-09,SAUD3,14.6
2026-09-09,SBSP3,26.7
2026-09-09,SLCE3,17.88
2026-09-09,SMFT3,17.65
2026-09-09,SMTO3,20.25
2026-09-09,SUZB3,47.23
2026-09-09,TAEE11,40.87
2026-09-09,TEND3,33.04
2026-09-09,TIMS3,19.39
2026-09-09,TOTS3,33.17
2026-09-09,UGPA3,38.4
2026-09-09,USIM5,7.63
2026-09-09,VALE3,79.1
2026-09-09,VAMO3,3.37
2026-09-09,VBBR3,37.95
2026-09-09,VIVA3,22.38
2026-09-09,VIVT3,30.2
2026-09-09,WEGE3,51.69
2026-09-09,YDUQ3,10.2
2026-09-10,ABEV3,15.74
2026-09-10,ALOS3,29.07
2026-09-10,AMOB3,12.01
2026-09-10,ASAI3,9.86
2026-09-10,AURE3,12.1
2026-09-10,AXIA3,55.7
2026-09-10,AZZA3,17.0
2026-09-10,B3SA3,17.66
2026-09-10,BBAS3,22.8
2026-09-10,BBDC3,16.24
2026-09-10,BBDC4,18.48
2026-09-10,BBSE3,41.2
2026-09-10,BEEF3,3.98
2026-09-10,BPAC11,60.45
2026-09-10,BRAP4,22.38
2026-09-10,BRAV3,18.81
2026-09-10,BRKM5,5.32
2026-09-10,CEAB3,9.36
2026-09-10,CMIG4,11.46
2026-09-10,CMIN3,6.99
2026-09-10,COGN3,2.38
2026-09-10,CPFE3,46.44
2026-09-10,CPLE3,16.14
2026-09-10,CSAN3,3.85
2026-09-10,CSMG3,56.68
2026-09-10,CSNA3,7.19
2026-09-10,CURY3,32.38
2026-09-10,CVCB3,1.6
2026-09-10,CXSE3,20.31
2026-09-10,CYRE3,26.17
2026-09-10,DIRR3,10.94
2026-09-10,EGIE3,31.0
2026-09-10,EMBJ3,95.82
2026-09-10,ENEV3,27.68
2026-09-10,ENGI11,51.81
2026-09-10,EQTL3,40.1
2026-09-10,FLRY3,20.96
2026-09-10,GGBR4,26.01
2026-09-10,GOAU4,11.51
2026-09-10,HAPV3,7.32
2026-09-10,HYPE3,22.84
2026-09-10,IGTI11,26.53
2026-09-10,IRBR3,60.41
2026-09-10,ISAE4,28.08
2026-09-10,ITSA4,14.17
2026-09-10,ITUB4,42.35
2026-09-10,KLBN11,19.57
2026-09-10,LREN3,11.45
2026-09-10,LWSA3,4.05
2026-09-10,MBRF3,16.94
2026-09-10,MGLU3,5.94
2026-09-10,MOTV3,16.67
2026-09-10,MRVE3,5.72
2026-09-10,MULT3,30.39
2026-09-10,NATU3,8.51
2026-09-10,PCAR3,2.9
2026-09-10,PETR3,54.64
2026-09-10,PETR4,49.12
2026-09-10,POMO4,4.58
2026-09-10,PRIO3,64.19
2026-09-10,PSSA3,51.3
2026-09-10,RADL3,19.76
2026-09-10,RAIL3,14.95
2026-09-10,RAIZ4,0.28
2026-09-10,RDOR3,38.06
2026-09-10,RECV3,11.71
2026-09-10,RENT3,36.81
2026-09-10,SANB11,29.92
2026-09-10,SAUD3,15.5
2026-09-10,SBSP3,27.29
2026-09-10,SLCE3,18.43
2026-09-10,SMFT3,17.79
2026-09-10,SMTO3,21.0
2026-09-10,SUZB3,48.1
2026-09-10,TAEE11,41.29
2026-09-10,TEND3,33.1
2026-09-10,TIMS3,19.54
2026-09-10,TOTS3,33.0
2026-09-10,UGPA3,38.53
2026-09-10,USIM5,7.65
2026-09-10,VALE3,78.23
2026-09-10,VAMO3,3.44
2026-09-10,VBBR3,38.25
2026-09-10,VIVA3,22.75
2026-09-10,VIVT3,30.46
2026-09-10,WEGE3,52.17
2026-09-10,YDUQ3,10.09
2026-09-11,ABEV3,15.62
2026-09-11,ALOS3,28.63
2026-09-11,AMOB3,11.83
2026-09-11,ASAI3,9.82
2026-09-11,AURE3,11.84
2026-09-11,AXIA3,54.8
2026-09-11,AZZA3,16.43
2026-09-11,B3SA3,17.28
2026-09-11,BBAS3,22.49
2026-09-11,BBDC3,16.32
2026-09-11,BBDC4,18.59
2026-09-11,BBSE3,39.5
2026-09-11,BEEF3,4.13
2026-09-11,BPAC11,60.82
2026-09-11,BRAP4,22.54
2026-09-11,BRAV3,18.29
2026-09-11,BRKM5,5.27
2026-09-11,CEAB3,9.35
2026-09-11,CMIG4,11.45
2026-09-11,CMIN3,6.72
2026-09-11,COGN3,2.33
2026-09-11,CPFE3,45.54
2026-09-11,CPLE3,15.96
2026-09-11,CSAN3,3.7
2026-09-11,CSMG3,55.95
2026-09-11,CSNA3,6.66
2026-09-11,CURY3,31.82
2026-09-11,CVCB3,1.61
2026-09-11,CXSE3,19.82
2026-09-11,CYRE3,25.97
2026-09-11,DIRR3,10.47
2026-09-11,EGIE3,30.75
2026-09-11,EMBJ3,96.94
2026-09-11,ENEV3,27.36
2026-09-11,ENGI11,51.61
2026-09-11,EQTL3,39.65
2026-09-11,FLRY3,21.06
2026-09-11,GGBR4,26.1
2026-09-11,GOAU4,11.63
2026-09-11,HAPV3,6.73
2026-09-11,HYPE3,22.76
2026-09-11,IGTI11,26.07
2026-09-11,IRBR3,60.43
2026-09-11,ISAE4,27.72
2026-09-11,ITSA4,14.19
2026-09-11,ITUB4,42.73
2026-09-11,KLBN11,19.54
2026-09-11,LREN3,11.33
2026-09-11,LWSA3,4.04
2026-09-11,MBRF3,17.09
2026-09-11,MGLU3,5.76
2026-09-11,MOTV3,16.54
2026-09-11,MRVE3,5.74
2026-09-11,MULT3,30.07
2026-09-11,NATU3,8.33
2026-09-11,PCAR3,2.97
2026-09-11,PETR3,54.52
2026-09-11,PETR4,49.0
2026-09-11,POMO4,4.5
2026-09-11,PRIO3,64.19
2026-09-11,PSSA3,50.67
2026-09-11,RADL3,19.56
2026-09-11,RAIL3,14.83
2026-09-11,RAIZ4,0.28
2026-09-11,RDOR3,37.61
2026-09-11,RECV3,11.36
2026-09-11,RENT3,35.8
2026-09-11,SANB11,30.62
2026-09-11,SAUD3,15.38
2026-09-11,SBSP3,27.04
2026-09-11,SLCE3,17.94
2026-09-11,SMFT3,17.35
2026-09-11,SMTO3,20.44
2026-09-11,SUZB3,47.81
2026-09-11,TAEE11,40.73
2026-09-11,TEND3,32.11
2026-09-11,TIMS3,19.37
2026-09-11,TOTS3,32.94
2026-09-11,UGPA3,38.02
2026-09-11,USIM5,7.38
2026-09-11,VALE3,78.2
2026-09-11,VAMO3,3.27
2026-09-11,VBBR3,37.55
2026-09-11,VIVA3,22.33
2026-09-11,VIVT3,30.27
2026-09-11,WEGE3,51.49
2026-09-11,YDUQ3,9.91
2026-09-14,ABEV3,15.87
2026-09-14,ALOS3,28.44
2026-09-14,AMOB3,12.05
2026-09-14,ASAI3,9.63
2026-09-14,AURE3,11.53
2026-09-14,AXIA3,55.07
2026-09-14,AZZA3,15.77
2026-09-14,B3SA3,17.37
2026-09-14,BBAS3,22.12
2026-09-14,BBDC3,16.17
2026-09-14,BBDC4,18.33
2026-09-14,BBSE3,39.77
2026-09-14,BEEF3,4.08
2026-09-14,BPAC11,60.48
2026-09-14,BRAP4,21.64
2026-09-14,BRAV3,17.75
2026-09-14,BRKM5,5.09
2026-09-14,CEAB3,9.35
2026-09-14,CMIG4,11.22
2026-09-14,CMIN3,6.26
2026-09-14,COGN3,2.34
2026-09-14,CPFE3,44.73
2026-09-14,CPLE3,15.92
2026-09-14,CSAN3,3.61
2026-09-14,CSMG3,56.87
2026-09-14,CSNA3,6.35
2026-09-14,CURY3,30.8
2026-09-14,CVCB3,1.61
2026-09-14,CXSE3,20.06
2026-09-14,CYRE3,25.33
2026-09-14,DIRR3,10.13
2026-09-14,EGIE3,30.46
2026-09-14,EMBJ3,96.52
2026-09-14,ENEV3,26.94
2026-09-14,ENGI11,51.35
2026-09-14,EQTL3,39.48
2026-09-14,FLRY3,21.4
2026-09-14,GGBR4,25.06
2026-09-14,GOAU4,11.21
2026-09-14,HAPV3,6.72
2026-09-14,HYPE3,23.53
2026-09-14,IGTI11,25.76
2026-09-14,IRBR3,61.93
2026-09-14,ISAE4,27.28
2026-09-14,ITSA4,14.05
2026-09-14,ITUB4,42.35
2026-09-14,KLBN11,19.22
2026-09-14,LREN3,11.21
2026-09-14,LWSA3,4.03
2026-09-14,MBRF3,17.21
2026-09-14,MGLU3,5.57
2026-09-14,MOTV3,16.38
2026-09-14,MRVE3,5.55
2026-09-14,MULT3,29.83
2026-09-14,NATU3,8.03
2026-09-14,PCAR3,3.08
2026-09-14,PETR3,54.26
2026-09-14,PETR4,48.92
2026-09-14,POMO4,4.43
2026-09-14,PRIO3,63.91
2026-09-14,PSSA3,50.04
2026-09-14,RADL3,19.54
2026-09-14,RAIL3,14.54
2026-09-14,RAIZ4,0.27
2026-09-14,RDOR3,37.05
2026-09-14,RECV3,11.37
2026-09-14,RENT3,35.59
2026-09-14,SANB11,30.37
2026-09-14,SAUD3,15.02
2026-09-14,SBSP3,26.84
2026-09-14,SLCE3,17.35
2026-09-14,SMFT3,17.09
2026-09-14,SMTO3,19.74
2026-09-14,SUZB3,47.3
2026-09-14,TAEE11,40.51
2026-09-14,TEND3,31.48
2026-09-14,TIMS3,19.6
2026-09-14,TOTS3,34.37
2026-09-14,UGPA3,38.37
2026-09-14,USIM5,7.03
2026-09-14,VALE3,75.48
2026-09-14,VAMO3,3.24
2026-09-14,VBBR3,37.7
2026-09-14,VIVA3,22.4
2026-09-14,VIVT3,30.51
2026-09-14,WEGE3,50.74
2026-09-14,YDUQ3,9.92
2026-09-15,ABEV3,15.73
2026-09-15,ALOS3,28.53
2026-09-15,AMOB3,12.25
2026-09-15,ASAI3,9.65
2026-09-15,AURE3,11.58
2026-09-15,AXIA3,54.94
2026-09-15,AZZA3,15.3
2026-09-15,B3SA3,17.42
2026-09-15,BBAS3,22.04
2026-09-15,BBDC3,16.09
2026-09-15,BBDC4,18.2
2026-09-15,BBSE3,40.16
2026-09-15,BEEF3,4.04
2026-09-15,BPAC11,60.2
2026-09-15,BRAP4,21.48
2026-09-15,BRAV3,17.91
2026-09-15,BRKM5,5.34
2026-09-15,CEAB3,9.26
2026-09-15,CMIG4,11.1
2026-09-15,CMIN3,6.2
2026-09-15,COGN3,2.39
2026-09-15,CPFE3,44.72
2026-09-15,CPLE3,15.94
2026-09-15,CSAN3,3.54
2026-09-15,CSMG3,57.25
2026-09-15,CSNA3,6.21
2026-09-15,CURY3,31.25
2026-09-15,CVCB3,1.57
2026-09-15,CXSE3,20.17
2026-09-15,CYRE3,25.9
2026-09-15,DIRR3,10.27
2026-09-15,EGIE3,30.52
2026-09-15,EMBJ3,96.22
2026-09-15,ENEV3,26.98
2026-09-15,ENGI11,51.53
2026-09-15,EQTL3,39.54
2026-09-15,FLRY3,21.28
2026-09-15,GGBR4,25.85
2026-09-15,GOAU4,11.61
2026-09-15,HAPV3,6.63
2026-09-15,HYPE3,23.38
2026-09-15,IGTI11,25.85
2026-09-15,IRBR3,60.97
2026-09-15,ISAE4,27.39
2026-09-15,ITSA4,14.16
2026-09-15,ITUB4,42.67
2026-09-15,KLBN11,19.42
2026-09-15,LREN3,11.15
2026-09-15,LWSA3,4.0
2026-09-15,MBRF3,17.35
2026-09-15,MGLU3,5.57
2026-09-15,MOTV3,16.36
2026-09-15,MRVE3,5.69
2026-09-15,MULT3,30.19
2026-09-15,NATU3,7.93
2026-09-15,PCAR3,3.17
2026-09-15,PETR3,56.23
2026-09-15,PETR4,50.43
2026-09-15,POMO4,4.43
2026-09-15,PRIO3,65.68
2026-09-15,PSSA3,50.45
2026-09-15,RADL3,19.45
2026-09-15,RAIL3,14.7
2026-09-15,RAIZ4,0.27
2026-09-15,RDOR3,36.94
2026-09-15,RECV3,11.37
2026-09-15,RENT3,35.68
2026-09-15,SANB11,30.07
2026-09-15,SAUD3,14.44
2026-09-15,SBSP3,26.93
2026-09-15,SLCE3,17.97
2026-09-15,SMFT3,17.1
2026-09-15,SMTO3,20.0
2026-09-15,SUZB3,47.56
2026-09-15,TAEE11,40.8
2026-09-15,TEND3,31.15
2026-09-15,TIMS3,19.64
2026-09-15,TOTS3,33.83
2026-09-15,UGPA3,38.43
2026-09-15,USIM5,7.26
2026-09-15,VALE3,74.6
2026-09-15,VAMO3,3.31
2026-09-15,VBBR3,38.76
2026-09-15,VIVA3,22.44
2026-09-15,VIVT3,30.77
2026-09-15,WEGE3,50.88
2026-09-15,YDUQ3,10.15
2026-09-16,ABEV3,15.63
2026-09-16,ALOS3,28.46
2026-09-16,AMOB3,12.44
2026-09-16,ASAI3,10.1
2026-09-16,AURE3,11.67
2026-09-16,AXIA3,55.23
2026-09-16,AZZA3,15.03
2026-09-16,B3SA3,17.58
2026-09-16,BBAS3,22.71
2026-09-16,BBDC3,16.09
2026-09-16,BBDC4,18.21
2026-09-16,BBSE3,40.59
2026-09-16,BEEF3,4.0
2026-09-16,BPAC11,60.83
2026-09-16,BRAP4,20.85
2026-09-16,BRAV3,17.73
2026-09-16,BRKM5,4.53
2026-09-16,CEAB3,9.22
2026-09-16,CMIG4,11.34
2026-09-16,CMIN3,6.08
2026-09-16,COGN3,2.35
2026-09-16,CPFE3,45.14
2026-09-16,CPLE3,16.08
2026-09-16,CSAN3,3.65
2026-09-16,CSMG3,56.7
2026-09-16,CSNA3,6.46
2026-09-16,CURY3,30.47
2026-09-16,CVCB3,1.53
2026-09-16,CXSE3,20.56
2026-09-16,CYRE3,26.62
2026-09-16,DIRR3,10.08
2026-09-16,EGIE3,30.65
2026-09-16,EMBJ3,95.29
2026-09-16,ENEV3,27.0
2026-09-16,ENGI11,52.21
2026-09-16,EQTL3,39.56
2026-09-16,FLRY3,21.35
2026-09-16,GGBR4,25.6
2026-09-16,GOAU4,11.45
2026-09-16,HAPV3,6.49
2026-09-16,HYPE3,23.55
2026-09-16,IGTI11,25.86
2026-09-16,IRBR3,60.78
2026-09-16,ISAE4,27.35
2026-09-16,ITSA4,14.2
2026-09-16,ITUB4,42.62
2026-09-16,KLBN11,19.4
2026-09-16,LREN3,11.5
2026-09-16,LWSA3,4.01
2026-09-16,MBRF3,17.01
2026-09-16,MGLU3,5.94
2026-09-16,MOTV3,16.23
2026-09-16,MRVE3,5.71
2026-09-16,MULT3,30.06
2026-09-16,NATU3,7.92
2026-09-16,PCAR3,3.29
2026-09-16,PETR3,53.83
2026-09-16,PETR4,48.65
2026-09-16,POMO4,4.53
2026-09-16,PRIO3,62.58
2026-09-16,PSSA3,49.87
2026-09-16,RADL3,20.23
2026-09-16,RAIL3,14.85
2026-09-16,RAIZ4,0.28
2026-09-16,RDOR3,37.28
2026-09-16,RECV3,11.04
2026-09-16,RENT3,36.44
2026-09-16,SANB11,29.78
2026-09-16,SAUD3,14.64
2026-09-16,SBSP3,27.09
2026-09-16,SLCE3,17.75
2026-09-16,SMFT3,17.12
2026-09-16,SMTO3,19.23
2026-09-16,SUZB3,46.7
2026-09-16,TAEE11,41.05
2026-09-16,TEND3,30.78
2026-09-16,TIMS3,19.58
2026-09-16,TOTS3,34.24
2026-09-16,UGPA3,38.93
2026-09-16,USIM5,7.03
2026-09-16,VALE3,73.0
2026-09-16,VAMO3,3.33
2026-09-16,VBBR3,39.06
2026-09-16,VIVA3,22.72
2026-09-16,VIVT3,30.71
2026-09-16,WEGE3,51.28
2026-09-16,YDUQ3,10.1
2026-09-17,ABEV3,15.55
2026-09-17,ALOS3,28.29
2026-09-17,AMOB3,12.06
2026-09-17,ASAI3,10.21
2026-09-17,AURE3,11.94
2026-09-17,AXIA3,55.4
2026-09-17,AZZA3,14.81
2026-09-17,B3SA3,17.6
2026-09-17,BBAS3,22.78
2026-09-17,BBDC3,16.03
2026-09-17,BBDC4,18.15
2026-09-17,BBSE3,40.41
2026-09-17,BEEF3,3.81
2026-09-17,BPAC11,61.14
2026-09-17,BRAP4,21.36
2026-09-17,BRAV3,17.52
2026-09-17,BRKM5,4.52
2026-09-17,CEAB3,8.89
2026-09-17,CMIG4,11.28
2026-09-17,CMIN3,5.74
2026-09-17,COGN3,2.29
2026-09-17,CPFE3,45.17
2026-09-17,CPLE3,16.11
2026-09-17,CSAN3,3.67
2026-09-17,CSMG3,56.07
2026-09-17,CSNA3,6.25
2026-09-17,CURY3,28.9
2026-09-17,CVCB3,1.42
2026-09-17,CXSE3,20.54
2026-09-17,CYRE3,25.68
2026-09-17,DIRR3,10.07
2026-09-17,EGIE3,30.88
2026-09-17,EMBJ3,95.61
2026-09-17,ENEV3,27.56
2026-09-17,ENGI11,52.11
2026-09-17,EQTL3,39.17
2026-09-17,FLRY3,21.45
2026-09-17,GGBR4,25.98
2026-09-17,GOAU4,11.7
2026-09-17,HAPV3,6.39
2026-09-17,HYPE3,23.59
2026-09-17,IGTI11,25.57
2026-09-17,IRBR3,60.98
2026-09-17,ISAE4,27.28
2026-09-17,ITSA4,14.17
2026-09-17,ITUB4,42.58
2026-09-17,KLBN11,19.63
2026-09-17,LREN3,11.14
2026-09-17,LWSA3,3.93
2026-09-17,MBRF3,16.67
2026-09-17,MGLU3,5.79
2026-09-17,MOTV3,16.1
2026-09-17,MRVE3,5.43
2026-09-17,MULT3,29.62
2026-09-17,NATU3,7.97
2026-09-17,PCAR3,3.3
2026-09-17,PETR3,54.0
2026-09-17,PETR4,48.61
2026-09-17,POMO4,4.3
2026-09-17,PRIO3,63.29
2026-09-17,PSSA3,49.42
2026-09-17,RADL3,20.34
2026-09-17,RAIL3,14.94
2026-09-17,RAIZ4,0.27
2026-09-17,RDOR3,37.13
2026-09-17,RECV3,11.22
2026-09-17,RENT3,36.7
2026-09-17,SANB11,30.53
2026-09-17,SAUD3,14.74
2026-09-17,SBSP3,27.03
2026-09-17,SLCE3,17.96
2026-09-17,SMFT3,16.93
2026-09-17,SMTO3,19.6
2026-09-17,SUZB3,47.4
2026-09-17,TAEE11,41.5
2026-09-17,TEND3,29.25
2026-09-17,TIMS3,19.48
2026-09-17,TOTS3,34.65
2026-09-17,UGPA3,38.88
2026-09-17,USIM5,7.09
2026-09-17,VALE3,74.51
2026-09-17,VAMO3,3.35
2026-09-17,VBBR3,39.43
2026-09-17,VIVA3,22.39
2026-09-17,VIVT3,30.9
2026-09-17,WEGE3,51.08
2026-09-17,YDUQ3,10.41
2026-09-18,ABEV3,15.38
2026-09-18,ALOS3,28.87
2026-09-18,AMOB3,12.13
2026-09-18,ASAI3,10.26
2026-09-18,AURE3,12.35
2026-09-18,AXIA3,53.8
2026-09-18,AZZA3,14.3
2026-09-18,B3SA3,17.59
2026-09-18,BBAS3,23.2
2026-09-18,BBDC3,15.79
2026-09-18,BBDC4,17.99
2026-09-18,BBSE3,40.86
2026-09-18,BEEF3,3.98
2026-09-18,BPAC11,61.4
2026-09-18,BRAP4,21.2
2026-09-18,BRAV3,17.35
2026-09-18,BRKM5,4.41
2026-09-18,CEAB3,8.94
2026-09-18,CMIG4,11.21
2026-09-18,CMIN3,5.46
2026-09-18,COGN3,2.26
2026-09-18,CPFE3,45.45
2026-09-18,CPLE3,15.99
2026-09-18,CSAN3,3.65
2026-09-18,CSMG3,56.53
2026-09-18,CSNA3,5.85
2026-09-18,CURY3,29.05
2026-09-18,CVCB3,1.39
2026-09-18,CXSE3,20.64
2026-09-18,CYRE3,26.67
2026-09-18,DIRR3,10.05
2026-09-18,EGIE3,30.39
2026-09-18,EMBJ3,97.08
2026-09-18,ENEV3,27.13
2026-09-18,ENGI11,52.08
2026-09-18,EQTL3,39.57
2026-09-18,FLRY3,21.38
2026-09-18,GGBR4,25.34
2026-09-18,GOAU4,11.42
2026-09-18,HAPV3,6.21
2026-09-18,HYPE3,23.8
2026-09-18,IGTI11,26.22
2026-09-18,IRBR3,62.0
2026-09-18,ISAE4,27.39
2026-09-18,ITSA4,14.03
2026-09-18,ITUB4,42.33
2026-09-18,KLBN11,19.14
2026-09-18,LREN3,11.17
2026-09-18,LWSA3,3.93
2026-09-18,MBRF3,16.85
2026-09-18,MGLU3,5.85
2026-09-18,MOTV3,16.14
2026-09-18,MRVE3,5.23
2026-09-18,MULT3,30.65
2026-09-18,NATU3,7.94
2026-09-18,PCAR3,3.05
2026-09-18,PETR3,53.41
2026-09-18,PETR4,48.5
2026-09-18,POMO4,4.28
2026-09-18,PRIO3,63.24
2026-09-18,PSSA3,49.11
2026-09-18,RADL3,20.23
2026-09-18,RAIL3,14.97
2026-09-18,RAIZ4,0.26
2026-09-18,RDOR3,37.23
2026-09-18,RECV3,11.02
2026-09-18,RENT3,36.2
2026-09-18,SANB11,29.47
2026-09-18,SAUD3,14.53
2026-09-18,SBSP3,27.31
2026-09-18,SLCE3,17.68
2026-09-18,SMFT3,17.0
2026-09-18,SMTO3,18.98
2026-09-18,SUZB3,47.99
2026-09-18,TAEE11,41.91
2026-09-18,TEND3,30.12
2026-09-18,TIMS3,19.46
2026-09-18,TOTS3,34.3
2026-09-18,UGPA3,39.13
2026-09-18,USIM5,6.9
2026-09-18,VALE3,73.37
2026-09-18,VAMO3,3.45
2026-09-18,VBBR3,39.64
2026-09-18,VIVA3,22.58
2026-09-18,VIVT3,30.95
2026-09-18,WEGE3,51.78
2026-09-18,YDUQ3,10.6
2026-09-21,ABEV3,15.5
2026-09-21,ALOS3,29.7
2026-09-21,AMOB3,12.16
2026-09-21,ASAI3,10.22
2026-09-21,AURE3,12.61
2026-09-21,AXIA3,55.15
2026-09-21,AZZA3,14.98
2026-09-21,B3SA3,18.23
2026-09-21,BBAS3,22.99
2026-09-21,BBDC3,16.02
2026-09-21,BBDC4,18.16
2026-09-21,BBSE3,39.82
2026-09-21,BEEF3,3.92
2026-09-21,BPAC11,63.5
2026-09-21,BRAP4,20.91
2026-09-21,BRAV3,17.4
2026-09-21,BRKM5,4.45
2026-09-21,CEAB3,9.53
2026-09-21,CMIG4,11.29
2026-09-21,CMIN3,5.38
2026-09-21,COGN3,2.37
2026-09-21,CPFE3,45.23
2026-09-21,CPLE3,16.1
2026-09-21,CSAN3,3.75
2026-09-21,CSMG3,56.9
2026-09-21,CSNA3,6.23
2026-09-21,CURY3,29.04
2026-09-21,CVCB3,1.41
2026-09-21,CXSE3,20.59
2026-09-21,CYRE3,27.65
2026-09-21,DIRR3,10.18
2026-09-21,EGIE3,30.32
2026-09-21,EMBJ3,98.45
2026-09-21,ENEV3,27.97
2026-09-21,ENGI11,52.81
2026-09-21,EQTL3,40.2
2026-09-21,FLRY3,21.98
2026-09-21,GGBR4,25.52
2026-09-21,GOAU4,11.46
2026-09-21,HAPV3,6.71
2026-09-21,HYPE3,24.12
2026-09-21,IGTI11,26.95
2026-09-21,IRBR3,63.43
2026-09-21,ISAE4,27.37
2026-09-21,ITSA4,14.34
2026-09-21,ITUB4,43.08
2026-09-21,KLBN11,19.19
2026-09-21,LREN3,11.59
2026-09-21,LWSA3,3.99
2026-09-21,MBRF3,16.84
2026-09-21,MGLU3,5.98
2026-09-21,MOTV3,16.5
2026-09-21,MRVE3,5.26
2026-09-21,MULT3,31.52
2026-09-21,NATU3,7.95
2026-09-21,PCAR3,2.9
2026-09-21,PETR3,52.88
2026-09-21,PETR4,48.0
2026-09-21,POMO4,4.23
2026-09-21,PRIO3,61.05
2026-09-21,PSSA3,49.46
2026-09-21,RADL3,20.61
2026-09-21,RAIL3,15.41
2026-09-21,RAIZ4,0.27
2026-09-21,RDOR3,38.12
2026-09-21,RECV3,10.85
2026-09-21,RENT3,37.44
2026-09-21,SANB11,29.92
2026-09-21,SAUD3,14.38
2026-09-21,SBSP3,27.94
2026-09-21,SLCE3,17.56
2026-09-21,SMFT3,17.46
2026-09-21,SMTO3,18.53
2026-09-21,SUZB3,47.25
2026-09-21,TAEE11,41.64
2026-09-21,TEND3,29.24
2026-09-21,TIMS3,19.46
2026-09-21,TOTS3,34.94
2026-09-21,UGPA3,38.82
2026-09-21,USIM5,6.91
2026-09-21,VALE3,72.55
2026-09-21,VAMO3,3.66
2026-09-21,VBBR3,39.62
2026-09-21,VIVA3,23.82
2026-09-21,VIVT3,30.73
2026-09-21,WEGE3,51.08
2026-09-21,YDUQ3,11.14
2026-09-22,ABEV3,15.6
2026-09-22,ALOS3,29.72
2026-09-22,AMOB3,12.2
2026-09-22,ASAI3,10.34
2026-09-22,AURE3,12.77
2026-09-22,AXIA3,55.85
2026-09-22,AZZA3,14.87
2026-09-22,B3SA3,18.43
2026-09-22,BBAS3,22.67
2026-09-22,BBDC3,16.3
2026-09-22,BBDC4,18.43
2026-09-22,BBSE3,39.35
2026-09-22,BEEF3,4.02
2026-09-22,BPAC11,63.95
2026-09-22,BRAP4,21.32
2026-09-22,BRAV3,17.89
2026-09-22,BRKM5,4.32
2026-09-22,CEAB3,9.42
2026-09-22,CMIG4,11.36
2026-09-22,CMIN3,5.27
2026-09-22,COGN3,2.4
2026-09-22,CPFE3,45.79
2026-09-22,CPLE3,16.14
2026-09-22,CSAN3,3.74
2026-09-22,CSMG3,56.3
2026-09-22,CSNA3,6.28
2026-09-22,CURY3,28.38
2026-09-22,CVCB3,1.4
2026-09-22,CXSE3,20.43
2026-09-22,CYRE3,27.13
2026-09-22,DIRR3,10.23
2026-09-22,EGIE3,30.65
2026-09-22,EMBJ3,98.4
2026-09-22,ENEV3,27.7
2026-09-22,ENGI11,53.03
2026-09-22,EQTL3,40.54
2026-09-22,FLRY3,22.11
2026-09-22,GGBR4,25.64
2026-09-22,GOAU4,11.46
2026-09-22,HAPV3,6.8
2026-09-22,HYPE3,24.99
2026-09-22,IGTI11,26.81
2026-09-22,IRBR3,63.33
2026-09-22,ISAE4,27.4
2026-09-22,ITSA4,14.38
2026-09-22,ITUB4,43.18
2026-09-22,KLBN11,19.29
2026-09-22,LREN3,11.51
2026-09-22,LWSA3,4.17
2026-09-22,MBRF3,17.25
2026-09-22,MGLU3,5.9
2026-09-22,MOTV3,16.69
2026-09-22,MRVE3,5.31
2026-09-22,MULT3,31.44
2026-09-22,NATU3,7.78
2026-09-22,PCAR3,2.91
2026-09-22,PETR3,53.2
2026-09-22,PETR4,48.35
2026-09-22,POMO4,4.2
2026-09-22,PRIO3,60.46
2026-09-22,PSSA3,48.43
2026-09-22,RADL3,20.23
2026-09-22,RAIL3,15.66
2026-09-22,RAIZ4,0.28
2026-09-22,RDOR3,38.41
2026-09-22,RECV3,10.94
2026-09-22,RENT3,37.9
2026-09-22,SANB11,29.74
2026-09-22,SAUD3,14.23
2026-09-22,SBSP3,27.56
2026-09-22,SLCE3,17.99
2026-09-22,SMFT3,17.23
2026-09-22,SMTO3,18.24
2026-09-22,SUZB3,48.58
2026-09-22,TAEE11,41.73
2026-09-22,TEND3,29.06
2026-09-22,TIMS3,19.34
2026-09-22,TOTS3,35.91
2026-09-22,UGPA3,39.48
2026-09-22,USIM5,7.08
2026-09-22,VALE3,72.83
2026-09-22,VAMO3,3.68
2026-09-22,VBBR3,39.7
2026-09-22,VIVA3,22.78
2026-09-22,VIVT3,30.69
2026-09-22,WEGE3,51.8
2026-09-22,YDUQ3,11.21
2026-09-23,ABEV3,15.3
2026-09-23,ALOS3,29.34
2026-09-23,AMOB3,12.35
2026-09-23,ASAI3,10.29
2026-09-23,AURE3,12.57
2026-09-23,AXIA3,55.35
2026-09-23,AZZA3,14.9
2026-09-23,B3SA3,18.04
2026-09-23,BBAS3,22.17
2026-09-23,BBDC3,15.95
2026-09-23,BBDC4,18.03
2026-09-23,BBSE3,38.86
2026-09-23,BEEF3,4.02
2026-09-23,BPAC11,63.65
2026-09-23,BRAP4,20.57
2026-09-23,BRAV3,17.6
2026-09-23,BRKM5,4.0
2026-09-23,CEAB3,9.35
2026-09-23,CMIG4,11.03
2026-09-23,CMIN3,5.1
2026-09-23,COGN3,2.3
2026-09-23,CPFE3,45.06
2026-09-23,CPLE3,15.79
2026-09-23,CSAN3,3.89
2026-09-23,CSMG3,56.53
2026-09-23,CSNA3,6.05
2026-09-23,CURY3,27.3
2026-09-23,CVCB3,1.37
2026-09-23,CXSE3,20.11
2026-09-23,CYRE3,26.68
2026-09-23,DIRR3,9.88
2026-09-23,EGIE3,29.34
2026-09-23,EMBJ3,98.17
2026-09-23,ENEV3,27.78
2026-09-23,ENGI11,52.15
2026-09-23,EQTL3,40.0
2026-09-23,FLRY3,21.99
2026-09-23,GGBR4,25.25
2026-09-23,GOAU4,11.32
2026-09-23,HAPV3,6.65
2026-09-23,HYPE3,24.37
2026-09-23,IGTI11,26.8
2026-09-23,IRBR3,59.46
2026-09-23,ISAE4,27.08
2026-09-23,ITSA4,14.1
2026-09-23,ITUB4,42.37
2026-09-23,KLBN11,18.66
2026-09-23,LREN3,11.17
2026-09-23,LWSA3,4.05
2026-09-23,MBRF3,16.98
2026-09-23,MGLU3,6.12
2026-09-23,MOTV3,16.47
2026-09-23,MRVE3,5.24
2026-09-23,MULT3,31.44
2026-09-23,NATU3,7.65
2026-09-23,PCAR3,2.85
2026-09-23,PETR3,54.59
2026-09-23,PETR4,49.6
2026-09-23,POMO4,4.13
2026-09-23,PRIO3,60.86
2026-09-23,PSSA3,48.1
2026-09-23,RADL3,19.5
2026-09-23,RAIL3,15.88
2026-09-23,RAIZ4,0.28
2026-09-23,RDOR3,38.1
2026-09-23,RECV3,10.9
2026-09-23,RENT3,38.15
2026-09-23,SANB11,29.45
2026-09-23,SAUD3,14.1
2026-09-23,SBSP3,26.79
2026-09-23,SLCE3,17.62
2026-09-23,SMFT3,17.04
2026-09-23,SMTO3,18.33
2026-09-23,SUZB3,47.49
2026-09-23,TAEE11,41.27
2026-09-23,TEND3,27.31
2026-09-23,TIMS3,18.64
2026-09-23,TOTS3,35.55
2026-09-23,UGPA3,39.74
2026-09-23,USIM5,7.05
2026-09-23,VALE3,71.48
2026-09-23,VAMO3,3.79
2026-09-23,VBBR3,39.97
2026-09-23,VIVA3,22.31
2026-09-23,VIVT3,30.12
2026-09-23,WEGE3,51.16
2026-09-23,YDUQ3,10.86
2026-09-24,ABEV3,15.34
2026-09-24,ALOS3,29.12
2026-09-24,AMOB3,12.7
2026-09-24,ASAI3,10.24
2026-09-24,AURE3,12.42
2026-09-24,AXIA3,54.47
2026-09-24,AZZA3,14.5
2026-09-24,B3SA3,17.82
2026-09-24,BBAS3,21.54
2026-09-24,BBDC3,15.63
2026-09-24,BBDC4,17.78
2026-09-24,BBSE3,38.77
2026-09-24,BEEF3,4.05
2026-09-24,BPAC11,62.7
2026-09-24,BRAP4,20.35
2026-09-24,BRAV3,17.48
2026-09-24,BRKM5,3.96
2026-09-24,CEAB3,9.29
2026-09-24,CMIG4,10.91
2026-09-24,CMIN3,4.98
2026-09-24,COGN3,2.18
2026-09-24,CPFE3,44.48
2026-09-24,CPLE3,15.65
2026-09-24,CSAN3,3.81
2026-09-24,CSMG3,57.31
2026-09-24,CSNA3,5.91
2026-09-24,CURY3,27.44
2026-09-24,CVCB3,1.38
2026-09-24,CXSE3,20.4
2026-09-24,CYRE3,26.51
2026-09-24,DIRR3,9.86
2026-09-24,EGIE3,29.0
2026-09-24,EMBJ3,99.1
2026-09-24,ENEV3,27.2
2026-09-24,ENGI11,51.37
2026-09-24,EQTL3,39.63
2026-09-24,FLRY3,22.0
2026-09-24,GGBR4,24.73
2026-09-24,GOAU4,11.13
2026-09-24,HAPV3,6.46
2026-09-24,HYPE3,24.63
2026-09-24,IGTI11,26.4
2026-09-24,IRBR3,59.32
2026-09-24,ISAE4,26.98
2026-09-24,ITSA4,13.99
2026-09-24,ITUB4,41.87
2026-09-24,KLBN11,18.28
2026-09-24,LREN3,10.97
2026-09-24,LWSA3,4.07
2026-09-24,MBRF3,16.81
2026-09-24,MGLU3,6.3
2026-09-24,MOTV3,16.45
2026-09-24,MRVE3,5.22
2026-09-24,MULT3,31.16
2026-09-24,NATU3,7.2
2026-09-24,PCAR3,2.86
2026-09-24,PETR3,54.12
2026-09-24,PETR4,49.26
2026-09-24,POMO4,4.14
2026-09-24,PRIO3,60.71
2026-09-24,PSSA3,47.04
2026-09-24,RADL3,18.45
2026-09-24,RAIL3,15.87
2026-09-24,RAIZ4,0.29
2026-09-24,RDOR3,37.65
2026-09-24,RECV3,10.76
2026-09-24,RENT3,38.71
2026-09-24,SANB11,29.6
2026-09-24,SAUD3,13.94
2026-09-24,SBSP3,26.9
2026-09-24,SLCE3,17.18
2026-09-24,SMFT3,17.32
2026-09-24,SMTO3,17.61
2026-09-24,SUZB3,45.58
2026-09-24,TAEE11,40.94
2026-09-24,TEND3,27.92
2026-09-24,TIMS3,18.77
2026-09-24,TOTS3,35.13
2026-09-24,UGPA3,38.8
2026-09-24,USIM5,6.86
2026-09-24,VALE3,70.66
2026-09-24,VAMO3,3.86
2026-09-24,VBBR3,39.15
2026-09-24,VIVA3,21.77
2026-09-24,VIVT3,30.41
2026-09-24,WEGE3,50.74
2026-09-24,YDUQ3,11.18
